FUNCTION_ID,RVA,RECOVERED_NAME,CALLERS,CALLEES
FN_libARSPM_0012CB00,0x12CB00,ARSPMCreateSkottieHandle(),,0x12CB40;0x4ECCD4
FN_libARSPM_0012CB40,0x12CB40,sub_12CB40,0x12CB00,0x131380;0x4ECB70;0x1313DC;0x4ECCD4
FN_libARSPM_0012CC28,0x12CC28,ARSPMDestroySkottieHandle(void*&),,0x1313DC
FN_libARSPM_0012CC60,0x12CC60,"ARSPMSkottiAnimationDrawPixels(void*&, float, int, int, void*, unsigned long)",,0x16814C;0x1EA858;0x1E9970;0x145ED8;0x13FCA8;0x46B27C;0x12CE04;0x1E9BE0;0x12CF04;0x167CB0
FN_libARSPM_0012CE04,0x12CE04,sub_12CE04,0x12CC60;0x12D3AC,0x13A594;0x46AF0C
FN_libARSPM_0012CF04,0x12CF04,sub_12CF04,0x12CC60;0x12CC60;0x12D3AC;0x12D3AC;0x12F0E4;0x12F0E4;0x12F1C4;0x12F1C4;0x12F2BC;0x12F2BC,0x4ECB10;0x1300FC
FN_libARSPM_0012CF4C,0x12CF4C,"ARSPMSkottieLoadData(void*&, char const*, int, char const*)",,0x12D2A0;0x12D004;0x4ECCD4
FN_libARSPM_0012D004,0x12D004,sub_12D004,0x12CF4C,0x1D9228;0x466DCC;0x4672DC;0x12FF20;0x12FB60;0x12FBF0;0x12FB60;0x12FFDC;0x1D93F8;0x46A154
FN_libARSPM_0012D2A0,0x12D2A0,sub_12D2A0,0x12CF4C;0x131D74,0x1314B0
FN_libARSPM_0012D3AC,0x12D3AC,"ARSPMSkottiAnimationDraw(void*&, float, int)",,0x131A10;0x46B27C;0x1E9970;0x12CE04;0x1E9BE0;0x12CF04;0x12CF04;0x4ECCD4
FN_libARSPM_0012D4A4,0x12D4A4,"ARSPMGetBidiVisualIndexs(char const*, int)",,0x134B74;0x130DAC;0x130D98;0x4ECCD4
FN_libARSPM_0012D630,0x12D630,"ARSPMShapeText(char const*, int, std::__ndk1::vector<std::__ndk1::vector<unsigned int, std::__ndk1::allocator<unsigned int>>, std::__ndk1::allocator<std::__ndk1::vector<unsigned int, std::__ndk1::allocator<unsigned int>>>>&)",,0x134DE8;0x130904;0x134DE8;0x130978;0x1309F0;0x1314C4;0x12E7BC;0x134C20;0x130DAC;0x12E7BC
FN_libARSPM_0012E7BC,0x12E7BC,sub_12E7BC,0x12D630;0x12D630;0x12D630,0x130DAC;0x130D98
FN_libARSPM_0012E850,0x12E850,sub_12E850,0x12D630,0x131604;0x13155C;0x1315CC;0x131548;0x1315CC;0x4ECCD4
FN_libARSPM_0012E948,0x12E948,sub_12E948,0x12D630,0x131604;0x13155C;0x1315CC;0x131548;0x1315CC;0x4ECCD4
FN_libARSPM_0012EB1C,0x12EB1C,"ARSPMDecodeImage(unsigned char*, unsigned long, int&, int&, unsigned char**)",,0x148488;0x4ECA80;0x21350C;0x131338;0x131100;0x12ED20;0x167CB0;0x167F28;0x167F28;0x213EC0
FN_libARSPM_0012ED20,0x12ED20,sub_12ED20,0x12EB1C;0x12EDB4,0x167EC8;0x167D50;0x167CB0;0x167CB0;0x4ECCD4
FN_libARSPM_0012EDB4,0x12EDB4,"ARSPMDecodeImageInfo(unsigned char*, unsigned long, int&, int&)",,0x148488;0x4ECA80;0x21350C;0x131338;0x131100;0x12ED20;0x167CB0;0x167CB0;0x131338;0x167CB0
FN_libARSPM_0012EF30,0x12EF30,ARSPMCreateSkPaintHandle(),,0x12EF70;0x4ECCD4
FN_libARSPM_0012EF70,0x12EF70,sub_12EF70,0x12EF30,0x131878;0x1317CC;0x4ECB70;0x131828;0x4ECCD4
FN_libARSPM_0012F030,0x12F030,ARSPMDestroySkPaintHandle(void*&),,0x131828
FN_libARSPM_0012F0E4,0x12F0E4,"ARSPMSkPaintDrawRect(void*&, int, int, int, float, float, float, float)",,0x131A10;0x1E9970;0x13BEBC;0x12CF04;0x12CF04;0x4ECCD4
FN_libARSPM_0012F1C4,0x12F1C4,"ARSPMSkPaintDrawPath(void*&, int, int, int, char const*)",,0x131A10;0x1E9970;0x18D2E0;0x207C10;0x13C698;0x18D3DC;0x12CF04;0x18D3DC;0x12CF04;0x4ECCD4
FN_libARSPM_0012F2BC,0x12F2BC,"ARSPMSkPaintDrawOval(void*&, int, int, int, float, float, float, float)",,0x131A10;0x1E9970;0x13C13C;0x12CF04;0x12CF04;0x4ECCD4
FN_libARSPM_0012F3A0,0x12F3A0,"ARSPMSkCreateSvg(void const*, unsigned long, bool)",,0x131D68;0x131D74;0x4ECCD4
FN_libARSPM_0012F40C,0x12F40C,sub_12F40C,,0x131D70
FN_libARSPM_0012F454,0x12F454,"ARSPMSkSvgRender(void*, int, int, int)",,0x132108;0x131A10;0x1E9970;0x132218;0x12CF04;0x12CF04;0x4ECCD4
FN_libARSPM_0012F52C,0x12F52C,"ARSPMSkSvgRender(void*, SVG2RGBAData&, int, int)",,0x16814C;0x134F28;0x135828;0x142F84;0x145ED8;0x13FCA8;0x132108;0x132218;0x2CFAA0;0x140454
FN_libARSPM_0012F6E0,0x12F6E0,"ARSPMSkSvgToRGBA(char const*, int)",,0x1D4EC4;0x12FB18;0x4ECA80;0x4672DC;0x12FB60;0x4ECA80;0x4B18A4;0x12FB60;0x4B18FC;0x2CFAA0
FN_libARSPM_0012FB18,0x12FB18,sub_12FB18,0x12F6E0,0x4ECB10;0x1300FC
FN_libARSPM_0012FB60,0x12FB60,sub_12FB60,0x12D004;0x12D004;0x12D004;0x12D004;0x12D004;0x12D004;0x12F6E0;0x12F6E0;0x12F6E0;0x12F6E0,0x4ECB10;0x1300FC
FN_libARSPM_0012FBA8,0x12FBA8,sub_12FBA8,0x12F6E0;0x12F6E0;0x131D74;0x131D74;0x131D74;0x131D74,0x4ECB10;0x1300FC
FN_libARSPM_0012FBF0,0x12FBF0,sub_12FBF0,0x12D004;0x12D004;0x12F6E0;0x12F6E0;0x131D74;0x131D74,0x4ECB10;0x1300FC
FN_libARSPM_0012FC58,0x12FC58,sub_12FC58,,0x132108
FN_libARSPM_0012FCB4,0x12FCB4,"ARSPMSkSvgAlpha(void*, float)",,0x132108
FN_libARSPM_0012FD34,0x12FD34,sub_12FD34,,0x13330C
FN_libARSPM_0012FDD0,0x12FDD0,sub_12FDD0,,0x2CFAA0;0x2CFAA0;0x2CFAA0;0x2CFAA0;0x2CFAA0;0x2CFAA0;0x2CFAA0
FN_libARSPM_0012FF20,0x12FF20,sub_12FF20,0x12D004,0x46706C;0x12FB60;0x12FB60;0x4ECCD4
FN_libARSPM_0012FFDC,0x12FFDC,sub_12FFDC,0x12D004;0x12D004,0x4ECB10;0x1300FC
FN_libARSPM_00130024,0x130024,sub_130024,0x12D004;0x12D004;0x131478,0x4ECB10;0x1300FC
FN_libARSPM_0013006C,0x13006C,sub_13006C,0x12D004;0x12D004,0x4ECB10;0x1300FC
FN_libARSPM_001300B4,0x1300B4,sub_1300B4,0x12D004;0x12D004,0x4ECB10;0x1300FC
FN_libARSPM_001300FC,0x1300FC,sub_1300FC,0x12CF04;0x12FB18;0x12FB60;0x12FBA8;0x12FBF0;0x12FFDC;0x130024;0x13006C;0x1300B4;0x1307B4,
FN_libARSPM_0013010C,0x13010C,sub_13010C,,0x130300;0x130300
FN_libARSPM_00130170,0x130170,sub_130170,,0x130300;0x130300
FN_libARSPM_001301E8,0x1301E8,sub_1301E8,,0x1D8FB8;0x1D8FB8;0x1D8FA8;0x1304CC;0x130398;0x1D93F8;0x1D93F8;0x1D93F8;0x1D93F8;0x4ECCD4
FN_libARSPM_00130300,0x130300,sub_130300,0x13010C;0x13010C;0x130170;0x130170,0x130340
FN_libARSPM_00130340,0x130340,sub_130340,0x130300,0x1D93F8;0x1D93F8
FN_libARSPM_00130398,0x130398,sub_130398,0x1301E8,0x130654;0x1304CC;0x130518;0x130588;0x1305C0;0x130588;0x4ECCD4
FN_libARSPM_001304CC,0x1304CC,sub_1304CC,0x1301E8;0x130398,0x1D91C4;0x1D91C4;0x1D93F8;0x4ECCD4
FN_libARSPM_00130518,0x130518,sub_130518,0x130398,0x1306BC
FN_libARSPM_00130588,0x130588,sub_130588,0x130398;0x130398,0x130864
FN_libARSPM_001305C0,0x1305C0,sub_1305C0,0x130398,0x1305D4
FN_libARSPM_001305D4,0x1305D4,sub_1305D4,0x1305C0;0x130AD0;0x130B14;0x130D98;0x130FF0;0x1314B0;0x131548;0x1344C4;0x134594;0x1346AC,0x130624;0x4ECCD4
FN_libARSPM_00130624,0x130624,sub_130624,0x1305D4,
FN_libARSPM_00130654,0x130654,sub_130654,0x130398,0x130688
FN_libARSPM_00130688,0x130688,sub_130688,0x130654;0x130AE4;0x130C54;0x130DAC;0x131004;0x131604;0x1344D8;0x1345A8;0x1346C0,
FN_libARSPM_001306BC,0x1306BC,sub_1306BC,0x130518,0x1307D4;0x1307B4;0x1307B4;0x4ECCD4
FN_libARSPM_001307B4,0x1307B4,sub_1307B4,0x1306BC;0x1306BC,0x130820;0x1300FC
FN_libARSPM_001307D4,0x1307D4,sub_1307D4,0x1306BC,0x1D9180;0x1D9180;0x1D93F8;0x4ECCD4
FN_libARSPM_00130820,0x130820,sub_130820,0x1307B4,0x1D93F8;0x1D93F8
FN_libARSPM_00130864,0x130864,sub_130864,0x130588,
FN_libARSPM_00130870,0x130870,sub_130870,,0x1D93F8;0x1D93F8
FN_libARSPM_001308BC,0x1308BC,sub_1308BC,0x12D004;0x12D004,0x4ECB10;0x46AE48
FN_libARSPM_00130904,0x130904,sub_130904,0x12D630,0x130A94;0x4ECCD4
FN_libARSPM_00130978,0x130978,sub_130978,0x12D630,
FN_libARSPM_001309E4,0x1309E4,sub_1309E4,,0x130B14
FN_libARSPM_001309F0,0x1309F0,sub_1309F0,0x12D630,0x130C84
FN_libARSPM_00130A94,0x130A94,sub_130A94,0x130904,0x130AE4;0x130AD0
FN_libARSPM_00130AD0,0x130AD0,sub_130AD0,0x130A94,0x1305D4
FN_libARSPM_00130AE4,0x130AE4,sub_130AE4,0x130A94,0x130688
FN_libARSPM_00130B14,0x130B14,sub_130B14,0x1309E4;0x130C84;0x1314C4,0x1305D4
FN_libARSPM_00130B28,0x130B28,sub_130B28,,0x130C54;0x130C54
FN_libARSPM_00130C54,0x130C54,sub_130C54,0x130B28;0x130B28;0x130C84;0x1314C4,0x130688
FN_libARSPM_00130C84,0x130C84,sub_130C84,0x1309F0,0x130C54;0x130B14
FN_libARSPM_00130D98,0x130D98,sub_130D98,0x12D4A4;0x12D630;0x12D630;0x12D630;0x12D630;0x12D630;0x12E7BC;0x1310B4,0x1305D4
FN_libARSPM_00130DAC,0x130DAC,sub_130DAC,0x12D4A4;0x12D630;0x12D630;0x12D630;0x12D630;0x12D630;0x12E7BC;0x1310B4,0x130688
FN_libARSPM_00130DE0,0x130DE0,sub_130DE0,0x12D630;0x12D630;0x12D630;0x12D630;0x12D630;0x12D630,
FN_libARSPM_00130E44,0x130E44,sub_130E44,0x12D630,0x130FB0;0x4ECCD4
FN_libARSPM_00130EC0,0x130EC0,sub_130EC0,0x12D630,0x1310B4;0x4ECCD4
FN_libARSPM_00130F3C,0x130F3C,sub_130F3C,0x12D630,0x1310B4;0x4ECCD4
FN_libARSPM_00130FB0,0x130FB0,sub_130FB0,0x130E44;0x131038,0x131004;0x130FF0
FN_libARSPM_00130FF0,0x130FF0,sub_130FF0,0x130FB0,0x1305D4
FN_libARSPM_00131004,0x131004,sub_131004,0x130FB0,0x130688
FN_libARSPM_00131038,0x131038,sub_131038,0x12D630,0x130FB0;0x4ECCD4
FN_libARSPM_001310B4,0x1310B4,sub_1310B4,0x130EC0;0x130F3C,0x130DAC;0x130D98
FN_libARSPM_00131100,0x131100,sub_131100,0x12EB1C;0x12EDB4;0x265F48;0x3E2C4C;0x3E8494;0x467DAC,0x146E24;0x146800;0x4ECB10;0x4ECB10;0x168168;0x4ECB10;0x4ECB10;0x4ECB10;0x4ECB10;0x4ECCD4
FN_libARSPM_001312F0,0x1312F0,sub_1312F0,0x12F6E0;0x12F6E0;0x131D74;0x131D74;0x13206C;0x13206C,0x4ECB10;0x1300FC
FN_libARSPM_00131338,0x131338,sub_131338,0x12EB1C;0x12EB1C;0x12EB1C;0x12EB1C;0x12EDB4;0x12EDB4;0x12EDB4;0x12EDB4,0x4ECB10;0x14803C
FN_libARSPM_00131380,0x131380,sub_131380,0x12CB40,0x4ECB70
FN_libARSPM_001313DC,0x1313DC,sub_1313DC,0x12CB40;0x12CC28,0x4ECB70
FN_libARSPM_00131478,0x131478,sub_131478,,0x130024
FN_libARSPM_001314B0,0x1314B0,sub_1314B0,0x12D2A0,0x1305D4
FN_libARSPM_001314C4,0x1314C4,sub_1314C4,0x12D630,0x130C54;0x130B14
FN_libARSPM_00131548,0x131548,sub_131548,0x12E850;0x12E948,0x1305D4
FN_libARSPM_0013155C,0x13155C,sub_13155C,0x12E850;0x12E948,0x131648
FN_libARSPM_001315CC,0x1315CC,sub_1315CC,0x12E850;0x12E850;0x12E948;0x12E948,0x131774
FN_libARSPM_00131604,0x131604,sub_131604,0x12E850;0x12E948,0x130688
FN_libARSPM_00131648,0x131648,sub_131648,0x13155C,0x131710
FN_libARSPM_00131710,0x131710,sub_131710,0x131648,0x131730;0x1300FC
FN_libARSPM_00131730,0x131730,sub_131730,0x131710,
FN_libARSPM_00131774,0x131774,sub_131774,0x1315CC,
FN_libARSPM_001317CC,0x1317CC,sub_1317CC,0x12EF70,0x4ECB70
FN_libARSPM_00131828,0x131828,sub_131828,0x12EF70;0x12F030,0x4ECB70
FN_libARSPM_00131878,0x131878,sub_131878,0x12EF70,0x1318C0;0x4ECCD4
FN_libARSPM_001318C0,0x1318C0,sub_1318C0,0x131878,0x18B76C;0x4ECCD4
FN_libARSPM_00131980,0x131980,sub_131980,0x131A10,0x2D1D30;0x2D1D30;0x2D1D30
FN_libARSPM_00131A10,0x131A10,sub_131A10,0x12D3AC;0x12F0E4;0x12F1C4;0x12F2BC;0x12F454,0x131C4C;0x3B5444;0x2D5830;0x131CD8;0x131980;0x2D05BC;0x146800;0x1E98D0;0x4ECA80;0x3A77D0
FN_libARSPM_00131C4C,0x131C4C,sub_131C4C,0x131A10,
FN_libARSPM_00131CD8,0x131CD8,sub_131CD8,0x131A10;0x131A10,0x4ECB10;0x1300FC
FN_libARSPM_00131D20,0x131D20,sub_131D20,0x131A10;0x131A10,0x4ECB10;0x1300FC
FN_libARSPM_00131D68,0x131D68,sub_131D68,0x12F3A0,
FN_libARSPM_00131D70,0x131D70,sub_131D70,0x12F40C,
FN_libARSPM_00131D74,0x131D74,sub_131D74,0x12F3A0,0x12D2A0;0x1D4EC4;0x132024;0x4ECA80;0x4672DC;0x12FB60;0x4ECA80;0x4B18A4;0x4B18FC;0x4ECB10
FN_libARSPM_00132024,0x132024,sub_132024,0x131D74,0x4ECB10;0x1300FC
FN_libARSPM_0013206C,0x13206C,sub_13206C,0x131D74,0x4B18FC;0x12FB60;0x1312F0;0x12FB60;0x1312F0;0x4ECCD4
FN_libARSPM_00132108,0x132108,sub_132108,0x12F454;0x12F52C;0x12FC58;0x12FCB4,0x133DA8;0x4E3A88;0x133F9C;0x133F9C;0x4ECCD4
FN_libARSPM_00132218,0x132218,sub_132218,0x12F454;0x12F52C,0x4B22E8;0x4B2168;0x133DA8;0x4ECA80;0x1345A8;0x1324AC;0x133F9C;0x134594;0x1324AC;0x133F9C
FN_libARSPM_001324AC,0x1324AC,sub_1324AC,0x132218;0x132218;0x133380;0x133380;0x133DF4;0x133F9C,0x4ECB10;0x1300FC;0x172BE0;0x172DF0;0x172DF0;0x1731BC;0x13288C;0x133FF8;0x1328EC;0x133DA8
FN_libARSPM_0013288C,0x13288C,sub_13288C,0x1324AC;0x132DF0;0x133158,0x1D8FA8;0x133FF8;0x4ECCD4
FN_libARSPM_001328EC,0x1328EC,sub_1328EC,0x1324AC;0x132DF0;0x133158,0x1345DC;0x134274;0x4ECCD4
FN_libARSPM_00132934,0x132934,sub_132934,0x1324AC,
FN_libARSPM_00132968,0x132968,sub_132968,0x1324AC;0x132DF0;0x133158,0x1D93F8;0x133DA8;0x4E0BB8;0x4E0BB8;0x133F9C;0x133F9C;0x4ECCD4;0x1344D8;0x133DA8;0x132D9C
FN_libARSPM_00132D9C,0x132D9C,sub_132D9C,0x132968,0x134648;0x4ECCD4
FN_libARSPM_00132DF0,0x132DF0,sub_132DF0,0x132968,0x133DA8;0x133F9C;0x133DA8;0x133F9C;0x13288C;0x133FF8;0x1328EC;0x133DA8;0x133158;0x133F9C
FN_libARSPM_00133158,0x133158,sub_133158,0x132DF0,0x13288C;0x133FF8;0x1328EC;0x133DA8;0x133F9C;0x134274;0x1D93F8;0x133FF8;0x134274;0x132968
FN_libARSPM_0013330C,0x13330C,sub_13330C,0x12FD34,
FN_libARSPM_00133380,0x133380,sub_133380,0x133380;0x1335CC;0x1335CC;0x1335CC,0x133DA8;0x4ECA80;0x133380;0x1346F4;0x1346C0;0x1324AC;0x133F9C;0x1346AC;0x1324AC;0x133F9C
FN_libARSPM_001335CC,0x1335CC,sub_1335CC,0x1335CC;0x1335CC,0x19CED0;0x19CEE8;0x18D2E0;0x18EFE0;0x18E788;0x18EFE0;0x18F3F0;0x18D3DC;0x4ECCD4;0x133380
FN_libARSPM_00133DA8,0x133DA8,sub_133DA8,0x132108;0x132218;0x1324AC;0x132968;0x132968;0x132DF0;0x132DF0;0x132DF0;0x133158;0x133380,0x133DF4;0x133F9C;0x4ECCD4
FN_libARSPM_00133DF4,0x133DF4,sub_133DF4,0x133DA8,0x1324AC;0x133EAC;0x4ECA80
FN_libARSPM_00133EAC,0x133EAC,sub_133EAC,0x133DF4,0x1349B8;0x1348D0;0x2666F8
FN_libARSPM_00133F9C,0x133F9C,sub_133F9C,0x132108;0x132108;0x132218;0x132218;0x1324AC;0x1324AC;0x132968;0x132968;0x132968;0x132968,0x1324AC;0x2666F8;0x1300FC
FN_libARSPM_00133FF8,0x133FF8,sub_133FF8,0x1324AC;0x1324AC;0x1324AC;0x13288C;0x132DF0;0x132DF0;0x132DF0;0x133158;0x133158;0x133158,0x4ECB10;0x134068
FN_libARSPM_00134068,0x134068,sub_134068,0x133FF8,0x1D93F8
FN_libARSPM_001340D8,0x1340D8,sub_1340D8,,0x1341A0;0x1341F4
FN_libARSPM_0013416C,0x13416C,sub_13416C,,0x1D93F8;0x133FF8
FN_libARSPM_001341A0,0x1341A0,sub_1341A0,0x1340D8;0x1345DC,0x4ECA80;0x133FF8
FN_libARSPM_001341F4,0x1341F4,sub_1341F4,0x1340D8;0x1345DC,0x4ECA80;0x1D9180;0x133FF8;0x4ECCD4
FN_libARSPM_00134274,0x134274,sub_134274,0x1324AC;0x1324AC;0x1328EC;0x132DF0;0x132DF0;0x133158;0x133158,
FN_libARSPM_0013427C,0x13427C,sub_13427C,,0x1D93F8
FN_libARSPM_001342AC,0x1342AC,sub_1342AC,,0x13450C
FN_libARSPM_00134338,0x134338,sub_134338,0x134648,0x134380
FN_libARSPM_00134380,0x134380,sub_134380,0x134338,0x134484;0x1344C4
FN_libARSPM_00134484,0x134484,sub_134484,0x134380;0x13450C,0x1344D8;0x1344C4
FN_libARSPM_001344C4,0x1344C4,sub_1344C4,0x132968;0x134380;0x134484,0x1305D4
FN_libARSPM_001344D8,0x1344D8,sub_1344D8,0x132968;0x134484,0x130688
FN_libARSPM_0013450C,0x13450C,sub_13450C,0x1342AC;0x134648,0x134484;0x4ECCD4
FN_libARSPM_00134594,0x134594,sub_134594,0x132218,0x1305D4
FN_libARSPM_001345A8,0x1345A8,sub_1345A8,0x132218,0x130688
FN_libARSPM_001345DC,0x1345DC,sub_1345DC,0x1328EC,0x1341A0;0x1D9534;0x1341F4
FN_libARSPM_00134648,0x134648,sub_134648,0x132D9C,0x134338;0x13450C
FN_libARSPM_001346AC,0x1346AC,sub_1346AC,0x133380;0x1346F4,0x1305D4
FN_libARSPM_001346C0,0x1346C0,sub_1346C0,0x133380;0x1346F4,0x130688
FN_libARSPM_001346F4,0x1346F4,sub_1346F4,0x133380,0x1346C0;0x1346AC
FN_libARSPM_001348D0,0x1348D0,sub_1348D0,0x133EAC;0x14062C;0x15D0AC;0x15D0AC;0x15D0AC;0x15D0AC;0x15FA4C;0x167398;0x167398;0x168470,0x266704;0x13498C
FN_libARSPM_0013498C,0x13498C,sub_13498C,0x1348D0,0x2CFAA0;0x2666C0
FN_libARSPM_001349B8,0x1349B8,sub_1349B8,0x133EAC;0x14062C;0x15FA4C;0x167398;0x168470;0x168470;0x178354;0x178694;0x19A6C4;0x19AA0C,0x2CFAA0;0x2666C0
FN_libARSPM_001349DC,0x1349DC,sub_1349DC,0x49BF58;0x49BF58;0x49BF58;0x4B1414;0x4B1414,
FN_libARSPM_00134B74,0x134B74,sub_134B74,0x12D4A4;0x12D630;0x1DFDDC;0x49BF58;0x4A2744;0x4B1414;0x4B1414;0x4B1414;0x4D04D4;0x4D06B0,
FN_libARSPM_00134C20,0x134C20,sub_134C20,0x12D630;0x1DFDDC,
FN_libARSPM_00134CB4,0x134CB4,sub_134CB4,0x12D630;0x1D9D38;0x46D494;0x4E9578,
FN_libARSPM_00134DE8,0x134DE8,sub_134DE8,0x12D630;0x12D630,
FN_libARSPM_00134F28,0x134F28,sub_134F28,0x12F52C;0x12F6E0;0x1402B0;0x1430B0;0x144458;0x144458;0x144CF4;0x1595F0;0x1595F0;0x15D0AC,0x168238
FN_libARSPM_00134F60,0x134F60,sub_134F60,0x1430B0;0x143280;0x1D36E0;0x1D36E0;0x1E68F0;0x1E7F68;0x1E81B8;0x1E81B8;0x1E9E04;0x1EA4E8,0x4ECA80;0x167D08;0x136A58
FN_libARSPM_00134FD4,0x134FD4,sub_134FD4,0x1E807C,0x167D50
FN_libARSPM_0013502C,0x13502C,sub_13502C,0x12F52C;0x12F52C;0x12F6E0;0x12F6E0;0x1402B0;0x1430B0;0x144458;0x144458;0x144CF4;0x145824,0x136BB0;0x167CB0;0x4ECB10
FN_libARSPM_00135094,0x135094,sub_135094,0x1432F8;0x1E7FF0;0x315C84;0x346CFC,0x4ECA80;0x4ECB10;0x167D68;0x136A58;0x136BB0
FN_libARSPM_00135150,0x135150,sub_135150,0x13635C,0x167D50;0x1A9820;0x4ECB10;0x167DE0;0x136BB0;0x1A9820;0x4ECB10;0x167DE0;0x136BB0;0x1A9820
FN_libARSPM_001352F4,0x1352F4,sub_1352F4,0x1E6AA4,0x4ECB10;0x1A9820
FN_libARSPM_00135364,0x135364,sub_135364,0x1430B0;0x143280,
FN_libARSPM_0013536C,0x13536C,sub_13536C,0x2DA05C,
FN_libARSPM_00135374,0x135374,sub_135374,0x1358D0;0x135B2C;0x135D80;0x13635C;0x1430B0;0x1D4688;0x1E68F0;0x1E860C;0x1E8C80;0x1E9E04,0x16824C;0x167F28;0x135574;0x135504;0x4ECB10;0x1A9820;0x136BB0;0x4ECB10;0x167E80;0x167D50
FN_libARSPM_00135504,0x135504,sub_135504,0x135374,0x4ECB10;0x1A9820
FN_libARSPM_00135574,0x135574,sub_135574,0x135374;0x1E8C80,0x167F28;0x167F48
FN_libARSPM_001355DC,0x1355DC,sub_1355DC,0x1E860C;0x3155FC,
FN_libARSPM_001355F8,0x1355F8,sub_1355F8,,0x167F48
FN_libARSPM_00135634,0x135634,sub_135634,0x1D4688;0x1E860C;0x1EA94C,0x4ECB10;0x167F28
FN_libARSPM_001356F8,0x1356F8,sub_1356F8,0x3F1D5C,0x1A9874;0x1A0740;0x1A9874;0x4ECB10
FN_libARSPM_001357D8,0x1357D8,sub_1357D8,0x1EA4E8;0x1EA4E8,
FN_libARSPM_00135828,0x135828,sub_135828,0x12F52C;0x12F6E0;0x1EA3E0;0x346CFC;0x3E6860;0x3E6860,0x167F28;0x135B2C;0x135D54
FN_libARSPM_00135880,0x135880,sub_135880,0x1E68F0;0x1E9E04;0x2FDAB0,0x136030;0x2CFAA0;0x2666C0
FN_libARSPM_001358D0,0x1358D0,sub_1358D0,0x1430B0,0x135374;0x167F28;0x16A46C;0x4ECB10;0x167F28;0x1A9874;0x4ECB10;0x1A9820;0x136BB0;0x1A9874
FN_libARSPM_00135B10,0x135B10,sub_135B10,0x387C60,0x135B2C;0x135D54
FN_libARSPM_00135B2C,0x135B2C,sub_135B2C,0x135828;0x135B10;0x1430B0;0x1D36E0;0x1D36E0;0x1E5648;0x1E5ED0;0x1E6AA4;0x1E807C;0x1E86E4,0x135374;0x16A46C;0x4ECB10;0x167F28;0x1A9874;0x4ECB10;0x1A9820;0x136BB0;0x1A9874;0x4ECB10
FN_libARSPM_00135D54,0x135D54,sub_135D54,0x135828;0x135B10,0x2CFAA0;0x2666C0
FN_libARSPM_00135D80,0x135D80,sub_135D80,0x135F34;0x1402B0;0x1403BC;0x1595F0;0x1595F0;0x15D0AC;0x1A139C;0x1E7E48;0x1EA6D4;0x2E23CC,0x135374;0x1A0ABC;0x167F28;0x4ECB10;0x1A9820;0x136BB0;0x4ECB10;0x1A9874;0x4ECB10
FN_libARSPM_00135F24,0x135F24,sub_135F24,0x1E50BC;0x1E68F0;0x1E9E04;0x266334;0x2DA1AC,
FN_libARSPM_00135F34,0x135F34,sub_135F34,0x226FB0,0x168208;0x135D80;0x167CB0;0x4ECB10;0x1A9820;0x136BB0
FN_libARSPM_00136010,0x136010,sub_136010,0x1D36E0;0x1D36E0;0x1E81B8;0x1E81B8;0x2DA05C,
FN_libARSPM_00136020,0x136020,sub_136020,0x14341C;0x1434D8,
FN_libARSPM_00136030,0x136030,sub_136030,0x135880,0x16A46C;0x4ECB10;0x167F28;0x1A9874;0x1A9874;0x4ECB10;0x4ECB10
FN_libARSPM_0013618C,0x13618C,sub_13618C,0x1E81B8;0x1E860C;0x2FDAB0,
FN_libARSPM_001361AC,0x1361AC,sub_1361AC,0x1E50BC;0x1E5648;0x1E5ED0;0x1E6AA4;0x1E807C;0x1E86E4;0x1EA3E0;0x225508;0x256820;0x2E23CC,
FN_libARSPM_001361BC,0x1361BC,sub_1361BC,0x1E807C;0x3E6860,0x167F48
FN_libARSPM_00136218,0x136218,sub_136218,0x13631C,0x168238;0x167D68;0x1A9C5C;0x1A0904;0x167CB0
FN_libARSPM_001362C0,0x1362C0,sub_1362C0,0x14B958;0x14BE8C;0x1A96D4;0x1E49A4;0x1E81B8;0x1E86E4;0x1E8930;0x1E9B14;0x3155FC;0x34C860,0x167D68
FN_libARSPM_0013631C,0x13631C,sub_13631C,0x252C80,0x145ED8;0x136218
FN_libARSPM_0013635C,0x13635C,sub_13635C,0x144458;0x1D3C20;0x1E81B8;0x252C80;0x252C80;0x326330,0x1B5FF0;0x168238;0x167D08;0x135374;0x167CB0;0x167F48;0x4ECA80;0x4ECB10;0x167F28;0x1A9874
FN_libARSPM_001365B4,0x1365B4,sub_1365B4,0x1D36E0;0x1D36E0;0x1E58C8;0x1E7F68;0x25DB4C,0x168238;0x167D68;0x1A9AAC;0x167CB0
FN_libARSPM_00136678,0x136678,sub_136678,0x1EA3E0;0x2FDAB0;0x315C84,0x168238;0x167D68;0x1A9AAC;0x167CB0
FN_libARSPM_00136738,0x136738,sub_136738,0x1434D8;0x1E86E4,0x167D08;0x1E2CEC;0x167F48;0x167D08;0x147840;0x1A0904;0x167CB0;0x167CB0
FN_libARSPM_001368C8,0x1368C8,sub_1368C8,0x1D3ACC;0x1D3C20;0x1D3CA8;0x1E50BC;0x1E5ED0;0x1E8010;0x1E81B8;0x1E86E4;0x1E9114;0x1EA350,
FN_libARSPM_001368D0,0x1368D0,sub_1368D0,0x1A16BC;0x1BB308,
FN_libARSPM_00136904,0x136904,sub_136904,0x1A16BC;0x1BB308,
FN_libARSPM_00136978,0x136978,sub_136978,0x1A1664,0x2666F8
FN_libARSPM_001369E0,0x1369E0,sub_1369E0,,0x2666F8;0x136CD8;0x136CD8
FN_libARSPM_00136A58,0x136A58,sub_136A58,0x134F60;0x135094;0x1720A8;0x172124;0x172338;0x1723B8;0x1A1054;0x1A10C0;0x1B5BD0;0x1E7938,0x4ECAB0;0x136DB8;0x136AC4;0x4ECAE0
FN_libARSPM_00136AC4,0x136AC4,sub_136AC4,0x136A58,
FN_libARSPM_00136BB0,0x136BB0,sub_136BB0,0x13502C;0x135094;0x135150;0x135150;0x135150;0x135374;0x1358D0;0x1358D0;0x135B2C;0x135B2C,0x4ECAB0;0x136DB8;0x4ECAE0;0x136D10;0x4ECAE0
FN_libARSPM_00136CD8,0x136CD8,sub_136CD8,0x1369E0;0x1369E0;0x16166C;0x1A125C;0x1D6E5C;0x1D6F10;0x1D88C4;0x1E5470;0x1E5BFC;0x1E5BFC,
FN_libARSPM_00136D10,0x136D10,sub_136D10,0x136BB0;0x161824;0x1619F4;0x161EEC;0x1A12FC;0x1A139C;0x1BA898;0x1BB22C;0x1BB308;0x1BB474,0x4EC2E0
FN_libARSPM_00136DB8,0x136DB8,sub_136DB8,0x136A58;0x136BB0;0x161824;0x1619F4;0x161E78;0x161EEC;0x19A5A4;0x19A7A4;0x19A8A4;0x1A12FC,0x4EC2E0
FN_libARSPM_00136E54,0x136E54,sub_136E54,0x13D4A4;0x13E240,0x1726D8;0x174928;0x18C748
FN_libARSPM_00137014,0x137014,sub_137014,0x1D4688,
FN_libARSPM_00137020,0x137020,sub_137020,0x2060D8;0x47E388;0x47FBB8;0x482454;0x487650;0x487958;0x487958;0x489714;0x48B374;0x491408,
FN_libARSPM_0013705C,0x13705C,sub_13705C,0x1FAC94,
FN_libARSPM_00137064,0x137064,sub_137064,,0x1EA004
FN_libARSPM_00137090,0x137090,sub_137090,0x1377E8,0x4ECB10;0x18B9C0;0x4ECB10;0x4ECB10
FN_libARSPM_00137174,0x137174,sub_137174,0x2031CC,0x1377E8;0x167D08;0x167DE0;0x167CB0;0x148944;0x14062C;0x169B1C
FN_libARSPM_00137398,0x137398,sub_137398,0x149F6C;0x15AB40;0x15D0AC;0x15D0AC;0x1D4688;0x1F8878;0x1FEB28;0x1FEF24;0x1FFDD0;0x3FC31C,0x1377E8
FN_libARSPM_0013743C,0x13743C,sub_13743C,0x137610;0x137718;0x142DA8;0x142E84,0x1408A0;0x4ECB10;0x140750;0x169B1C;0x14A454;0x4ECB10
FN_libARSPM_00137610,0x137610,sub_137610,0x140378;0x1FAB04;0x1FABAC,0x140814;0x1E98C8;0x14A454;0x13743C;0x4ECB10
FN_libARSPM_00137718,0x137718,sub_137718,0x1D45AC;0x3A6090,0x140814;0x1E98D8;0x13743C;0x4ECB10
FN_libARSPM_001377E8,0x1377E8,sub_1377E8,0x137174;0x137398;0x137C08;0x140454;0x140454;0x142D70,0x137090;0x14099C;0x148A64;0x18B76C;0x18C3A0;0x172A20;0x18B9C0;0x1EA004;0x138DEC;0x169B1C
FN_libARSPM_00137AF4,0x137AF4,sub_137AF4,,0x140454
FN_libARSPM_00137B24,0x137B24,sub_137B24,,0x2D56A0;0x2D5720
FN_libARSPM_00137B94,0x137B94,sub_137B94,0x1E9B14,
FN_libARSPM_00137BAC,0x137BAC,sub_137BAC,0x1421D0;0x149F6C;0x15AA38;0x15AB40;0x15D0AC;0x15D0AC;0x1F8878;0x1FFDD0;0x3FC31C;0x3FC838,
FN_libARSPM_00137BB4,0x137BB4,sub_137BB4,0x1421D0;0x149F6C;0x15AA38;0x15AB40;0x15D0AC;0x16786C;0x1FB444;0x1FFDD0;0x3FC31C;0x46AF0C,
FN_libARSPM_00137BD8,0x137BD8,sub_137BD8,0x16786C,
FN_libARSPM_00137C08,0x137C08,sub_137C08,,0x1377E8
FN_libARSPM_00137C54,0x137C54,sub_137C54,0x1421D0;0x1421D0;0x15D0AC;0x3FC838;0x46AF0C;0x47E388;0x482454;0x487650;0x487958;0x48B374,0x137C80
FN_libARSPM_00137C80,0x137C80,sub_137C80,0x137C54;0x1F8AE0;0x200248;0x487958,0x207B3C;0x207B3C;0x18C670;0x1408A0;0x137E84;0x207B3C
FN_libARSPM_00137E84,0x137E84,sub_137E84,0x137C80;0x142BD4,0x207B3C;0x207B3C;0x1408A0;0x18B8BC;0x18C008;0x18B76C;0x18C008;0x4ECB10;0x18BFB0;0x4ECB10
FN_libARSPM_00138834,0x138834,sub_138834,0x1F8AE0,0x13895C;0x1408A0;0x138AF0
FN_libARSPM_0013895C,0x13895C,sub_13895C,0x138834;0x1FFDD0;0x2024A8;0x202C44,0x13B9C4;0x1726D8;0x173B3C;0x172690;0x174980
FN_libARSPM_00138AF0,0x138AF0,sub_138AF0,0x138834,0x174980;0x1B5FF0;0x1408A0;0x4ECA80;0x4ECB10;0x4ECB10;0x18B76C;0x18C3A0;0x13A0D4;0x18B9C0
FN_libARSPM_00138DEC,0x138DEC,sub_138DEC,0x1377E8;0x137E84,0x1680F4;0x1680F4;0x1680FC;0x167D08;0x167F28;0x167CB0;0x169990;0x148B74;0x148B74;0x1B5FF0
FN_libARSPM_00139708,0x139708,sub_139708,0x137E84;0x138DEC,0x1726D8;0x173B3C;0x172690;0x173840;0x163120;0x172D18;0x1633AC;0x160064;0x1756D8;0x1756D8
FN_libARSPM_00139BB4,0x139BB4,sub_139BB4,0x138DEC;0x138DEC,0x172A20;0x1633AC
FN_libARSPM_00139C18,0x139C18,sub_139C18,0x138DEC;0x1639E0;0x3833A8,0x1726D8;0x1726D8;0x173B3C;0x172690;0x174980;0x1726D8
FN_libARSPM_00139DD0,0x139DD0,sub_139DD0,0x138DEC;0x3703C4,0x174980
FN_libARSPM_00139E04,0x139E04,sub_139E04,0x138DEC;0x31C16C,
FN_libARSPM_00139E30,0x139E30,sub_139E30,0x137E84;0x137E84,0x15F2AC;0x212468;0x4ECA80;0x212AB4;0x4ECB10;0x4ECA80;0x4ECB10;0x4ECB10;0x4ECB10;0x18C2D8
FN_libARSPM_0013A0C8,0x13A0C8,sub_13A0C8,0x3A7288;0x487958;0x487958,
FN_libARSPM_0013A0D4,0x13A0D4,sub_13A0D4,0x138AF0,0x207B3C;0x207B3C;0x207B3C
FN_libARSPM_0013A1E0,0x13A1E0,sub_13A1E0,,0x167D08
FN_libARSPM_0013A230,0x13A230,sub_13A230,,0x1E98E4
FN_libARSPM_0013A250,0x13A250,sub_13A250,0x487958,
FN_libARSPM_0013A264,0x13A264,sub_13A264,0x487650,0x168238;0x167D68;0x148AE8;0x148B38;0x167CB0
FN_libARSPM_0013A344,0x13A344,sub_13A344,0x165640;0x207774;0x207774;0x226FB0;0x265134;0x4E0520;0x4EBF38,0x1408A0;0x169A4C;0x148A64
FN_libARSPM_0013A44C,0x13A44C,sub_13A44C,0x4E0520,0x1408A0;0x169AD0;0x148A64;0x173010;0x13A594
FN_libARSPM_0013A594,0x13A594,sub_13A594,0x12CE04;0x13A44C;0x13A594;0x1421D0;0x15AA38;0x15D0AC;0x165640;0x1657F4;0x1F8AE0;0x21CD70,0x1726D8;0x1408A0;0x169990;0x148A64;0x1732E0;0x13A594
FN_libARSPM_0013A72C,0x13A72C,sub_13A72C,0x149F6C;0x1F8AE0;0x4B0644,0x1408A0;0x169990;0x148A64
FN_libARSPM_0013A800,0x13A800,sub_13A800,0x200248,0x1408A0;0x148A64
FN_libARSPM_0013A92C,0x13A92C,sub_13A92C,0x1F8AE0;0x200248,0x1408A0;0x148A64
FN_libARSPM_0013AA08,0x13AA08,sub_13AA08,0x1657F4;0x1667A4;0x1D45AC;0x1F8AE0;0x46AF0C;0x4E6B6C,0x1408A0
FN_libARSPM_0013AB30,0x13AB30,sub_13AB30,0x20648C,0x169B1C
FN_libARSPM_0013AC10,0x13AC10,sub_13AC10,0x1F8AE0;0x1F8AE0;0x1F8AE0;0x1F8AE0,0x1408A0
FN_libARSPM_0013ACB8,0x13ACB8,sub_13ACB8,0x1FBCFC;0x206930,0x1B5FF0;0x169B1C
FN_libARSPM_0013ADD0,0x13ADD0,sub_13ADD0,0x1F8AE0,0x1408A0
FN_libARSPM_0013AEC0,0x13AEC0,sub_13AEC0,0x206568,0x169B1C
FN_libARSPM_0013AFA0,0x13AFA0,sub_13AFA0,0x1F8AE0;0x4A0C1C;0x4E69A4,0x1408A0;0x1726D8;0x18E08C;0x18E4F0;0x1AA7A8;0x18E55C
FN_libARSPM_0013B144,0x13B144,sub_13B144,0x206650,0x169B1C
FN_libARSPM_0013B224,0x13B224,sub_13B224,0x1F8AE0;0x200248,0x1408A0;0x1408A0;0x4ECB10
FN_libARSPM_0013B3F0,0x13B3F0,sub_13B3F0,0x1FBA0C;0x206738,0x4ECA80;0x13B514;0x4ECB10;0x169B1C
FN_libARSPM_0013B514,0x13B514,sub_13B514,0x13B3F0,0x1F4168;0x4ECB10;0x4ECB10;0x1F41F8;0x4ECB10;0x4ECB10;0x4ECB10
FN_libARSPM_0013B680,0x13B680,sub_13B680,0x1F8AE0,0x1408A0
FN_libARSPM_0013B740,0x13B740,sub_13B740,0x206860,0x169B1C
FN_libARSPM_0013B870,0x13B870,sub_13B870,0x13D374;0x13D4A4;0x13D568;0x13D884;0x13D920;0x13D9E0;0x13DA9C;0x13DB44;0x13DEB8;0x13E240,0x18C670;0x18C514;0x174980;0x18C570;0x169B1C
FN_libARSPM_0013B9C4,0x13B9C4,sub_13B9C4,0x13895C,0x169B1C
FN_libARSPM_0013BAA0,0x13BAA0,sub_13BAA0,0x1F8878;0x1FFDD0;0x1FFDD0;0x488C8C,
FN_libARSPM_0013BB10,0x13BB10,sub_13BB10,0x1F8AE0,0x207B3C;0x207B3C;0x13BCB4;0x207B3C
FN_libARSPM_0013BCB4,0x13BCB4,sub_13BCB4,0x13BB10;0x1F8AE0;0x4E5098,0x207B3C;0x207B3C;0x207B3C
FN_libARSPM_0013BDC0,0x13BDC0,sub_13BDC0,0x13FCA8;0x1644CC;0x1657F4;0x166A84;0x167650;0x1E50BC;0x226FB0;0x47E388;0x482454;0x48B374,0x207B3C;0x207B3C;0x207B3C
FN_libARSPM_0013BEBC,0x13BEBC,sub_13BEBC,0x12F0E4;0x13BFE4;0x1F8AE0;0x265134;0x47FBB8;0x488C8C;0x488C8C,0x207B3C;0x207B3C;0x207B3C
FN_libARSPM_0013BFE4,0x13BFE4,sub_13BFE4,0x1F8AE0,0x207B3C;0x207B3C;0x13BEBC;0x207B3C
FN_libARSPM_0013C13C,0x13C13C,sub_13C13C,0x12F2BC;0x13FD48;0x1F8AE0;0x4D7FA4,0x207B3C;0x207B3C;0x207B3C
FN_libARSPM_0013C264,0x13C264,sub_13C264,0x13FCA8,0x207B3C;0x207B3C;0x207B3C;0x207B3C;0x207B3C;0x207B3C
FN_libARSPM_0013C4C8,0x13C4C8,sub_13C4C8,0x200248,0x207B3C;0x207B3C;0x177FD4;0x141780;0x4ECB10;0x4ECB10;0x4ECB10;0x207B3C
FN_libARSPM_0013C698,0x13C698,sub_13C698,0x12F1C4;0x15D0AC;0x15D0AC;0x3FC31C;0x3FC31C;0x3FC31C;0x4E39B4,0x207B3C;0x207B3C;0x207B3C
FN_libARSPM_0013C7A4,0x13C7A4,sub_13C7A4,0x1F8AE0,0x13C7F4
FN_libARSPM_0013C7F4,0x13C7F4,sub_13C7F4,0x13C7A4;0x1F8AE0;0x200248,0x207B3C;0x207B3C;0x18B76C;0x18BAEC;0x18C008;0x4ECB10;0x1682B0;0x18B9C0;0x207B3C
FN_libARSPM_0013CAEC,0x13CAEC,sub_13CAEC,0x166CD4;0x1D3ACC;0x1D3E7C;0x1E9114;0x1F8AE0,
FN_libARSPM_0013CB90,0x13CB90,sub_13CB90,0x1F8AE0;0x200248,0x207B3C;0x207B3C;0x207B3C
FN_libARSPM_0013CD08,0x13CD08,sub_13CD08,0x1F8AE0,0x207B3C;0x207B3C;0x207B3C
FN_libARSPM_0013CE40,0x13CE40,sub_13CE40,0x1F8AE0,0x207B3C;0x207B3C;0x207B3C
FN_libARSPM_0013CF4C,0x13CF4C,sub_13CF4C,,0x1EA004
FN_libARSPM_0013CFB4,0x13CFB4,sub_13CFB4,0x1F8AE0,0x207B3C;0x207B3C;0x207B3C
FN_libARSPM_0013D0FC,0x13D0FC,sub_13D0FC,0x1F8AE0,0x207B3C;0x207B3C;0x207B3C
FN_libARSPM_0013D254,0x13D254,sub_13D254,,0x18C670;0x1E9FE0;0x18C748;0x1EA004;0x142BD4;0x142D68
FN_libARSPM_0013D374,0x13D374,sub_13D374,,0x18C670;0x1B6110;0x18B8BC;0x18C270;0x13B870;0x1EA004;0x142BD4;0x142D68;0x18B9C0
FN_libARSPM_0013D4A4,0x13D4A4,sub_13D4A4,,0x13B870;0x1E9FE0;0x136E54;0x1EA004;0x142BD4;0x142D68
FN_libARSPM_0013D568,0x13D568,sub_13D568,,0x13B870;0x1EA004;0x142BD4;0x142D68
FN_libARSPM_0013D614,0x13D614,sub_13D614,,0x140A44;0x140AEC;0x1756D8;0x1EA004;0x142BD4;0x148A64;0x142D68
FN_libARSPM_0013D884,0x13D884,sub_13D884,,0x13B870;0x1EA004;0x142BD4;0x142D68
FN_libARSPM_0013D920,0x13D920,sub_13D920,,0x13B870;0x1EA004;0x142BD4;0x142D68
FN_libARSPM_0013D9E0,0x13D9E0,sub_13D9E0,,0x13B870;0x1EA004;0x142BD4;0x142D68
FN_libARSPM_0013DA9C,0x13DA9C,sub_13DA9C,,0x13B870;0x1EA004;0x142BD4;0x142D68
FN_libARSPM_0013DB44,0x13DB44,sub_13DB44,,0x18DFDC;0x18E03C;0x13B870;0x1EA004;0x142BD4;0x142D68
FN_libARSPM_0013DC60,0x13DC60,sub_13DC60,0x13DEB8,0x1758A4;0x1738A8
FN_libARSPM_0013DEB8,0x13DEB8,sub_13DEB8,,0x18B76C;0x18BAEC;0x18C270;0x18C060;0x4ECB10;0x13B870;0x13DC60;0x142A64;0x18BEBC;0x18BFB0
FN_libARSPM_0013E220,0x13E220,sub_13E220,0x13DEB8;0x31AD1C,
FN_libARSPM_0013E240,0x13E240,sub_13E240,,0x18B76C;0x18BAEC;0x18C270;0x18C060;0x4ECB10;0x13B870;0x13B870;0x13B870;0x1E4AF8;0x1E9FE0
FN_libARSPM_0013E44C,0x13E44C,sub_13E44C,,0x18B76C;0x18BAEC;0x18C270;0x18C060;0x4ECB10;0x13B870;0x1EA004;0x142BD4;0x142D68;0x18B9C0
FN_libARSPM_0013E57C,0x13E57C,sub_13E57C,0x1E9114;0x1E9D74;0x1EA350;0x1F8AE0;0x266334;0x3A6D6C;0x468038;0x468038;0x4AAF00,0x207B3C;0x207B3C;0x207B3C
FN_libARSPM_0013E6CC,0x13E6CC,sub_13E6CC,0x1F8AE0;0x4DF190,
FN_libARSPM_0013E7A0,0x13E7A0,sub_13E7A0,,0x1F4F2C
FN_libARSPM_0013E800,0x13E800,sub_13E800,,0x13B870;0x1EA004;0x142BD4;0x149EE4;0x142D68
FN_libARSPM_0013E8B4,0x13E8B4,sub_13E8B4,,0x18C670;0x1EA004;0x142BD4;0x142D68;0x207B3C;0x207B3C;0x207B3C
FN_libARSPM_0013EAF8,0x13EAF8,sub_13EAF8,,0x13B870;0x1EA004;0x142BD4;0x142D68
FN_libARSPM_0013EBE0,0x13EBE0,sub_13EBE0,0x4A359C,0x1F47A0;0x1F4AB0;0x4ECB10
FN_libARSPM_0013ECB0,0x13ECB0,sub_13ECB0,0x4EB830,0x207B3C;0x207B3C;0x1DF3FC;0x1DF40C;0x207B3C
FN_libARSPM_0013EE68,0x13EE68,sub_13EE68,,0x18B8BC;0x18C270;0x18C008;0x4ECB10;0x18C060;0x4ECB10;0x18B984;0x18B9C0;0x13B870;0x1EA004
FN_libARSPM_0013F008,0x13F008,sub_13F008,,0x18B8BC;0x18C270;0x18C008;0x4ECB10;0x18C060;0x4ECB10;0x18B984;0x18B9C0;0x13B870;0x1EA004
FN_libARSPM_0013F2FC,0x13F2FC,sub_13F2FC,,0x18B8BC;0x18C270;0x18C008;0x4ECB10;0x18C060;0x4ECB10;0x18B984;0x18B9C0;0x1B6110;0x13B870
FN_libARSPM_0013F4C4,0x13F4C4,sub_13F4C4,0x1F8AE0;0x207774,0x207B3C;0x207B3C;0x1726D8;0x207B3C
FN_libARSPM_0013F61C,0x13F61C,sub_13F61C,,0x1EA004
FN_libARSPM_0013F688,0x13F688,sub_13F688,,0x18B76C;0x18BAEC;0x18C270;0x18C060;0x4ECB10;0x18C270;0x18C008;0x4ECB10;0x18C060;0x4ECB10
FN_libARSPM_0013F900,0x13F900,sub_13F900,,0x1EA004
FN_libARSPM_0013F970,0x13F970,sub_13F970,,0x18B794;0x18C3A0;0x13B870;0x1EA004;0x18B9C0
FN_libARSPM_0013FA30,0x13FA30,sub_13FA30,,0x18B76C;0x18BAEC;0x18C270;0x18C060;0x4ECB10;0x174980;0x174980;0x13B870;0x1EA004;0x142BD4
FN_libARSPM_0013FCA8,0x13FCA8,sub_13FCA8,0x12CC60;0x12F52C;0x12F6E0;0x16058C;0x165640;0x1FA4AC;0x207774;0x34712C;0x487650,0x18B76C;0x18B83C;0x18C3A0;0x13BDC0;0x18B9C0;0x13C264
FN_libARSPM_0013FD48,0x13FD48,sub_13FD48,0x48CA54,0x13C13C
FN_libARSPM_0013FD90,0x13FD90,sub_13FD90,0x1F8AE0,0x207B3C;0x207B3C;0x207B3C
FN_libARSPM_0013FF08,0x13FF08,sub_13FF08,0x1667A4;0x1F8AE0;0x21CD70;0x21CDF4;0x34712C,0x207B3C;0x207B3C;0x1726D8;0x1421D0;0x142298;0x207B3C
FN_libARSPM_001400D0,0x1400D0,sub_1400D0,,0x18B8BC;0x18B76C;0x13B870;0x18B9C0;0x1421D0;0x142298
FN_libARSPM_001401B4,0x1401B4,sub_1401B4,0x1FA570;0x205914,
FN_libARSPM_001401D4,0x1401D4,sub_1401D4,0x1FA570;0x1FA72C;0x1FF2C0,0x4ECB10
FN_libARSPM_00140220,0x140220,sub_140220,0x205914,0x4ECA80;0x4ECB10
FN_libARSPM_001402B0,0x1402B0,sub_1402B0,0x207774;0x468038;0x468038,0x1EA12C;0x134F28;0x135D80;0x142DA8;0x142F84;0x13502C
FN_libARSPM_00140378,0x140378,sub_140378,0x203108,0x137610
FN_libARSPM_001403BC,0x1403BC,sub_1403BC,0x1430B0,0x135D80
FN_libARSPM_00140454,0x140454,sub_140454,0x12F52C;0x12F52C;0x12F6E0;0x12F6E0;0x137AF4;0x1405AC;0x1FE800;0x1FE894;0x206A38;0x226FB0,0x140A44;0x140AA4;0x140AA4;0x1377E8;0x1377E8;0x140750;0x4ECB10;0x140858
FN_libARSPM_001405AC,0x1405AC,sub_1405AC,,0x140454
FN_libARSPM_0014062C,0x14062C,sub_14062C,0x137174;0x14A4A4;0x14A6B4;0x14AA78;0x14AB20;0x14ABEC;0x14AC98;0x14AD10,0x1349B8;0x1348D0;0x2666F8
FN_libARSPM_0014071C,0x14071C,sub_14071C,0x139708,
FN_libARSPM_00140750,0x140750,sub_140750,0x13743C;0x140454,
FN_libARSPM_00140754,0x140754,sub_140754,,0x4ECB10;0x2666F8;0x2666F8
FN_libARSPM_00140814,0x140814,sub_140814,0x137610;0x137718;0x142DA8;0x142E84,
FN_libARSPM_00140858,0x140858,sub_140858,0x140454,
FN_libARSPM_00140864,0x140864,sub_140864,,0x2666F8
FN_libARSPM_001408A0,0x1408A0,sub_1408A0,0x13743C;0x137C80;0x137E84;0x138834;0x138AF0;0x13A344;0x13A44C;0x13A594;0x13A72C;0x13A800,0x266704;0x266704
FN_libARSPM_0014099C,0x14099C,sub_14099C,0x1377E8,0x2666F8
FN_libARSPM_00140A44,0x140A44,sub_140A44,0x13D614;0x140454,
FN_libARSPM_00140AA4,0x140AA4,sub_140AA4,0x140454;0x140454,
FN_libARSPM_00140AEC,0x140AEC,sub_140AEC,0x13D614,
FN_libARSPM_00140B40,0x140B40,sub_140B40,0x1B1860;0x1B1BA8;0x1B1BA8;0x1B1BA8,
FN_libARSPM_00140B8C,0x140B8C,sub_140B8C,0x158204,
FN_libARSPM_00140BA4,0x140BA4,sub_140BA4,0x137E84;0x18C748;0x250FA8;0x25121C;0x251A84;0x3142D8,
FN_libARSPM_00140BE0,0x140BE0,sub_140BE0,0x142170;0x158FF4;0x1EB21C;0x2125B8,
FN_libARSPM_00140E28,0x140E28,sub_140E28,0x327B18,0x1AD838;0x14119C;0x1AD854;0x1AD854;0x1AD854;0x1AD854;0x1AD854;0x1B07A0;0x1416F0
FN_libARSPM_00140FB4,0x140FB4,sub_140FB4,0x14DACC,0x18C2F4
FN_libARSPM_0014119C,0x14119C,sub_14119C,0x140E28;0x147840;0x14B6A8;0x14B958;0x14BE8C;0x1574E8;0x15774C;0x157D4C;0x158008;0x158FF4,0x141728;0x141754
FN_libARSPM_00141288,0x141288,sub_141288,0x14DACC;0x14DACC;0x14DACC;0x14E0A0;0x14E1A0;0x14E220;0x14E2A0;0x14E320;0x14EF90;0x14F018,
FN_libARSPM_001412C4,0x1412C4,sub_1412C4,,0x2666F8
FN_libARSPM_0014130C,0x14130C,sub_14130C,0x141420;0x1570DC;0x158FF4;0x158FF4;0x1599F4;0x15A6D8;0x15A6D8;0x15BD50;0x16E64C;0x16E64C,0x266704
FN_libARSPM_00141420,0x141420,sub_141420,0x14DACC;0x14DACC;0x14DACC;0x14DACC;0x14DACC;0x14E0A0;0x14E1A0;0x14E220;0x14E2A0;0x14E320,0x14130C
FN_libARSPM_001414E4,0x1414E4,sub_1414E4,0x2EAD44;0x2FA4C4;0x35D320;0x4B43A0,0x141728;0x141754
FN_libARSPM_001415F4,0x1415F4,sub_1415F4,0x2FACC0;0x2FB31C;0x2FB388;0x2FB4D4;0x2FB53C;0x35D320;0x4B4430;0x4B4430,0x141728;0x141754
FN_libARSPM_001416F0,0x1416F0,sub_1416F0,0x140E28;0x147840;0x14B6A8;0x14B958;0x14B958;0x14BE8C;0x14BE8C;0x1574E8;0x15774C;0x157D4C,
FN_libARSPM_00141728,0x141728,sub_141728,0x14119C;0x1414E4;0x1415F4,0x2CFAA0;0x2666C0
FN_libARSPM_00141754,0x141754,sub_141754,0x14119C;0x1414E4;0x1415F4,0x2CFAA0;0x2666C0
FN_libARSPM_00141780,0x141780,sub_141780,0x13C4C8;0x13EE68;0x13F2FC;0x13F688;0x1420FC;0x18C3A0;0x1B0EA0;0x1B0EA0;0x209264;0x209264,0x4ECA80
FN_libARSPM_001420FC,0x1420FC,sub_1420FC,,0x1B2B40;0x1B295C;0x141780
FN_libARSPM_00142170,0x142170,sub_142170,,0x140BE0
FN_libARSPM_001421D0,0x1421D0,sub_1421D0,0x13FF08;0x1400D0,0x137BAC;0x174980;0x137C54;0x137BB4;0x13A594;0x137C54
FN_libARSPM_00142298,0x142298,sub_142298,0x13FF08;0x1400D0,
FN_libARSPM_001422A8,0x1422A8,sub_1422A8,0x1F8AE0;0x1F8AE0,0x1B2BF8;0x1B2A0C;0x1B2BF8;0x1B2A0C;0x1B2BF8;0x1B2A0C;0x1B2A0C;0x1B297C
FN_libARSPM_00142370,0x142370,sub_142370,0x1FCAD4;0x1FCAD4,0x1E3404;0x1E3404;0x1E3404;0x1E3404;0x1E3404;0x1E3404;0x1E3404;0x2666F8;0x1E3404
FN_libARSPM_0014260C,0x14260C,sub_14260C,0x1FE15C;0x205914,
FN_libARSPM_00142A64,0x142A64,sub_142A64,0x13DEB8;0x142BD4,0x15F594;0x4ECA80;0x212AB4;0x4ECB10;0x4ECB10;0x4ECB10;0x18BF58;0x4ECB10;0x18BFB0;0x4ECB10
FN_libARSPM_00142BD4,0x142BD4,sub_142BD4,0x13D254;0x13D374;0x13D4A4;0x13D568;0x13D614;0x13D884;0x13D920;0x13D9E0;0x13DA9C;0x13DB44,0x18B8BC;0x142A64;0x18B76C;0x18BEBC;0x18BFB0;0x4ECB10;0x18BE88;0x18C45C;0x4ECB10;0x18BFB0
FN_libARSPM_00142D68,0x142D68,sub_142D68,0x13D254;0x13D374;0x13D4A4;0x13D568;0x13D614;0x13D884;0x13D920;0x13D9E0;0x13DA9C;0x13DB44,
FN_libARSPM_00142D70,0x142D70,sub_142D70,,0x1377E8
FN_libARSPM_00142DA8,0x142DA8,sub_142DA8,0x1402B0;0x1EA228,0x140814;0x1E98D8;0x143280;0x13743C;0x4ECB10
FN_libARSPM_00142E84,0x142E84,sub_142E84,0x142F84,0x140814;0x1E98D8;0x1E98C8;0x143280;0x13743C;0x4ECB10
FN_libARSPM_00142F84,0x142F84,sub_142F84,0x12F52C;0x12F6E0;0x1402B0;0x226FB0,0x142E84
FN_libARSPM_00142FCC,0x142FCC,sub_142FCC,0x1430B0;0x143280,0x145A88;0x1D1AD8;0x1AC898;0x145CF0;0x1AC814;0x1AC9F8
FN_libARSPM_001430B0,0x1430B0,sub_1430B0,0x143354,0x167C88;0x167E80;0x167D50;0x167CB0;0x134F28;0x1403BC;0x135374;0x167C88;0x167F28;0x135B2C
FN_libARSPM_00143280,0x143280,sub_143280,0x142DA8;0x142E84;0x1D4688,0x14885C;0x134F60;0x142FCC;0x135364
FN_libARSPM_001432F8,0x1432F8,sub_1432F8,,0x135094;0x167D08;0x167DE0;0x167CB0
FN_libARSPM_00143354,0x143354,sub_143354,,0x1E98D0;0x167D08;0x167EC8;0x167D50;0x167CB0;0x167DE0;0x167CB0;0x1430B0;0x167CB0
FN_libARSPM_0014341C,0x14341C,sub_14341C,,0x136020
FN_libARSPM_00143458,0x143458,sub_143458,,0x167D08;0x1A9874;0x167CB0
FN_libARSPM_001434D8,0x1434D8,sub_1434D8,,0x136738;0x136020
FN_libARSPM_0014352C,0x14352C,sub_14352C,,0x14B0B8;0x149E04;0x1A9874;0x1574D8;0x167CB0
FN_libARSPM_001435D0,0x1435D0,sub_1435D0,,0x1437E8;0x1AC9F8;0x167CB0;0x167CB0;0x14B6A8;0x1A99D8;0x172BE0;0x1AD514;0x1ACADC;0x2CFAA0
FN_libARSPM_001437E8,0x1437E8,sub_1437E8,0x1435D0;0x1439F4;0x143CA0;0x143EE8;0x144184;0x144184;0x1448C0,0x168238;0x14B0B8;0x1AC8E4;0x149E04;0x1A9874;0x174980;0x1B5FF0;0x167D68
FN_libARSPM_001439F4,0x1439F4,sub_1439F4,,0x18C514;0x18C570;0x1437E8;0x1AC9F8;0x167CB0;0x167CB0;0x15773C;0x1A99D8;0x172BE0;0x1AD514
FN_libARSPM_00143C44,0x143C44,sub_143C44,,0x194820;0x18D3DC
FN_libARSPM_00143CA0,0x143CA0,sub_143CA0,,0x18C514;0x18C570;0x1437E8;0x1AC9F8;0x167CB0;0x167CB0;0x157D4C;0x1A99D8;0x172BE0;0x1AD514
FN_libARSPM_00143EE8,0x143EE8,sub_143EE8,,0x18E03C;0x18C514;0x18C570;0x1437E8;0x1AC9F8;0x167CB0;0x167CB0;0x158204;0x1A99D8;0x172BE0
FN_libARSPM_00144184,0x144184,sub_144184,0x144458,0x1437E8;0x1AC9F8;0x167CB0;0x167CB0;0x1437E8;0x1A99D8;0x172BE0;0x1AD514;0x1ACADC;0x174980
FN_libARSPM_00144458,0x144458,sub_144458,,0x134F28;0x134F28;0x173384;0x1B62D8;0x174980;0x13635C;0x172A64;0x1726D8;0x144184;0x1ECB78
FN_libARSPM_001448C0,0x1448C0,sub_1448C0,,0x1437E8;0x1AC9F8;0x167CB0;0x167CB0;0x1599D0;0x1A99D8;0x172BE0;0x1AD514;0x1ACADC;0x2CFAA0
FN_libARSPM_00144AD4,0x144AD4,sub_144AD4,,0x14B0B8;0x149E04;0x1A9874;0x15A6D8;0x4ECB10;0x167CB0
FN_libARSPM_00144BD8,0x144BD8,sub_144BD8,,0x14B0B8;0x149E04;0x1A9874;0x158FF4;0x4ECB10;0x167CB0
FN_libARSPM_00144CF4,0x144CF4,sub_144CF4,,0x134F28;0x14B0B8;0x149E04;0x1756D8;0x14B958;0x167CB0;0x13502C
FN_libARSPM_00144DD8,0x144DD8,sub_144DD8,,0x1D36E0
FN_libARSPM_00144E08,0x144E08,sub_144E08,,0x1E4D1C;0x1D3370;0x4ECB10
FN_libARSPM_00144EBC,0x144EBC,sub_144EBC,,0x1615A8;0x4ECA80
FN_libARSPM_00144F08,0x144F08,sub_144F08,,0x1AC9F8;0x145AF0
FN_libARSPM_00144FA0,0x144FA0,sub_144FA0,,0x145CF0;0x1AC814
FN_libARSPM_00145080,0x145080,sub_145080,,0x145CF0;0x1AC814
FN_libARSPM_00145160,0x145160,sub_145160,,0x145CF0;0x1AC814
FN_libARSPM_00145240,0x145240,sub_145240,,0x14529C;0x4ECB10
FN_libARSPM_0014529C,0x14529C,sub_14529C,0x145240,0x145CF0;0x1AC814;0x1AD394;0x4ECB10
FN_libARSPM_0014539C,0x14539C,sub_14539C,,0x148B38;0x1B67D4;0x1B7B5C;0x145CF0;0x1AC814;0x1ACBE8;0x1B6994
FN_libARSPM_001454AC,0x1454AC,sub_1454AC,,0x169B1C;0x145550
FN_libARSPM_00145550,0x145550,sub_145550,0x1454AC,0x1B5FF0;0x145CF0;0x1AC814;0x1ACA84;0x145CF0;0x1AC814;0x1ACA4C
FN_libARSPM_00145770,0x145770,sub_145770,,0x4ECA80;0x4ECB10
FN_libARSPM_00145824,0x145824,sub_145824,,0x1459A0;0x145C28;0x145AEC;0x13502C
FN_libARSPM_00145880,0x145880,sub_145880,,0x1459A0;0x145C28;0x145AEC;0x13502C;0x167CB0
FN_libARSPM_001458E4,0x1458E4,sub_1458E4,,0x1E98D8;0x14A420
FN_libARSPM_0014596C,0x14596C,sub_14596C,,0x167CB0
FN_libARSPM_001459A0,0x1459A0,sub_1459A0,0x145824;0x145880,0x1AC9F8
FN_libARSPM_00145A88,0x145A88,sub_145A88,0x142FCC;0x2DEF88;0x2DEF88;0x2DEF88;0x2FCED4;0x34233C;0x34233C;0x35E7D8;0x3DF49C;0x3DF49C,
FN_libARSPM_00145AEC,0x145AEC,sub_145AEC,0x145824;0x145880;0x2DF094;0x2DF094;0x33C6C8;0x33C6C8;0x35F1EC;0x35F23C;0x3DF3DC;0x3DF3DC,
FN_libARSPM_00145AF0,0x145AF0,sub_145AF0,0x144F08;0x2DE348;0x2DE994;0x2DEBD0;0x2DF23C;0x2DF23C;0x2E1414;0x2E16F4,
FN_libARSPM_00145C28,0x145C28,sub_145C28,0x145824;0x145880;0x2DF094;0x2DF094;0x2DF094;0x2FCF40;0x33C6C8;0x33C6C8;0x35F1EC;0x35F23C,
FN_libARSPM_00145CF0,0x145CF0,sub_145CF0,0x142FCC;0x144FA0;0x145080;0x145160;0x14529C;0x14539C;0x145550;0x145550;0x2DE994;0x2DEBD0,
FN_libARSPM_00145E20,0x145E20,sub_145E20,0x222D48;0x25E728;0x25E728;0x25F254;0x25F254,
FN_libARSPM_00145E74,0x145E74,sub_145E74,0x150954;0x1789CC;0x1789CC;0x369ADC,
FN_libARSPM_00145ED8,0x145ED8,sub_145ED8,0x12CC60;0x12F52C;0x12F6E0;0x13631C;0x14602C;0x158FF4;0x16058C;0x165640;0x18C2AC;0x1A9C10,
FN_libARSPM_00145F0C,0x145F0C,sub_145F0C,0x14602C;0x14DACC;0x14FB58;0x18C9B0;0x1C287C;0x1FFBC4;0x212310;0x21FA6C;0x220B9C;0x2DA944,
FN_libARSPM_00145F64,0x145F64,sub_145F64,0x2D44D0,
FN_libARSPM_00145FA8,0x145FA8,sub_145FA8,0x1F426C,
FN_libARSPM_00145FDC,0x145FDC,sub_145FDC,0x322268;0x322268;0x34F1DC;0x358284;0x35F848;0x369ADC;0x370A0C;0x375174;0x377274;0x378D20,
FN_libARSPM_00146020,0x146020,sub_146020,0x18C670;0x18C748;0x1B0EA0;0x1EB65C;0x21286C;0x2128A8,
FN_libARSPM_0014602C,0x14602C,sub_14602C,0x137E84;0x15F594;0x163DC0;0x163F4C;0x1644CC;0x1657F4;0x18C9B0;0x2009D8;0x257EDC;0x257FA8,0x145ED8;0x147468;0x147628;0x145F0C
FN_libARSPM_001460DC,0x1460DC,sub_1460DC,0x18CA34;0x316088,0x147468;0x147628
FN_libARSPM_0014619C,0x14619C,sub_14619C,0x146E24;0x14701C;0x14701C;0x14701C;0x21FB34;0x224828;0x2248D4;0x224C0C,0x3E9668;0x146620;0x146620;0x4ECA80;0x1472A8;0x1472A8;0x146978;0x146978
FN_libARSPM_00146620,0x146620,sub_146620,0x14619C;0x14619C,
FN_libARSPM_00146800,0x146800,sub_146800,0x131100;0x131A10;0x1599F4;0x176728;0x2089B4;0x2089B4;0x21CAB0;0x21E744;0x21FB34;0x2242DC,0x4ECA80;0x146978
FN_libARSPM_00146884,0x146884,sub_146884,0x21FB34;0x2242DC;0x2243D8,0x4ECA80;0x146978
FN_libARSPM_00146908,0x146908,sub_146908,0x147468;0x1570DC;0x158FF4;0x18B794;0x18B83C;0x18CA34;0x18CD84;0x1B0C0C;0x1B1464;0x1BC1D8,0x146978
FN_libARSPM_00146978,0x146978,sub_146978,0x14619C;0x14619C;0x146800;0x146884;0x146908;0x146A0C;0x146C70;0x146E24,0x1472A8;0x1472A8
FN_libARSPM_00146A0C,0x146A0C,sub_146A0C,0x1BCA4C;0x1BCB94;0x32FAAC;0x32FAAC,0x146978
FN_libARSPM_00146A7C,0x146A7C,sub_146A7C,0x224828;0x2248D4;0x224C0C,0x3E9668
FN_libARSPM_00146AAC,0x146AAC,sub_146AAC,0x147468,
FN_libARSPM_00146AC0,0x146AC0,sub_146AC0,0x147468,0x4EC2E0;0x3ECB2C;0x3EC34C;0x3ECB2C;0x3ECCF8;0x3EC364
FN_libARSPM_00146B74,0x146B74,sub_146B74,0x224828;0x2248D4;0x224C0C,
FN_libARSPM_00146B94,0x146B94,sub_146B94,0x147468,0x4EC2E0;0x3ECB2C;0x3EC34C;0x3ECB2C;0x3ECCF8;0x3EC364;0x3EC844
FN_libARSPM_00146C70,0x146C70,sub_146C70,0x14D9C8,0x146978
FN_libARSPM_00146CF8,0x146CF8,sub_146CF8,0x147468;0x147468;0x14A420;0x15D0AC;0x1E9114;0x31C16C,
FN_libARSPM_00146D24,0x146D24,sub_146D24,0x1E9114;0x31C16C,0x4ECA80
FN_libARSPM_00146D90,0x146D90,sub_146D90,0x213CB4;0x213CB4,
FN_libARSPM_00146E24,0x146E24,sub_146E24,0x131100,0x3EC34C;0x3EC370;0x4ECA80;0x3ECB2C;0x3EC364;0x3EC508;0x14619C;0x146978
FN_libARSPM_00146FB0,0x146FB0,sub_146FB0,0x1EBBBC;0x21E2BC;0x224134;0x224134,0x148298
FN_libARSPM_0014701C,0x14701C,sub_14701C,0x1EB9AC;0x21E3F8;0x2243D8;0x2243D8,0x14619C;0x14619C;0x14619C
FN_libARSPM_0014726C,0x14726C,sub_14726C,0x1E5BFC;0x1E763C;0x2D32B4;0x2E8B50;0x319F58;0x31AD1C;0x34D244;0x3A6FC4,
FN_libARSPM_001472A8,0x1472A8,sub_1472A8,0x14619C;0x14619C;0x146978;0x146978;0x1619F4;0x161EEC;0x162008;0x162184;0x162184;0x162674,0x1472C0
FN_libARSPM_001472C0,0x1472C0,sub_1472C0,0x1472A8,
FN_libARSPM_00147464,0x147464,sub_147464,0x1BDC74,
FN_libARSPM_00147468,0x147468,sub_147468,0x14602C;0x1460DC;0x147840;0x156A2C;0x1570DC;0x158FF4;0x18B794;0x18B83C;0x1B0C0C;0x1B1464,0x146908;0x146CF8;0x146CF8;0x146B94;0x146AAC;0x146AC0
FN_libARSPM_00147628,0x147628,sub_147628,0x14602C;0x1460DC;0x158FF4;0x18B794;0x18B83C;0x1B0C0C;0x1B1464;0x1BC2AC;0x1BC2AC;0x1EBCBC,0x3E9824;0x3E9824;0x3E9824;0x3E9824;0x3E9824;0x3E9824
FN_libARSPM_001477A8,0x1477A8,sub_1477A8,0x147840;0x1570DC;0x1BCA4C;0x1BCB94;0x1F3F74;0x2240C4;0x2240C4;0x2248D4;0x2248D4;0x2D32B4,0x1AD854;0x1AECBC;0x1AD854;0x1AECBC
FN_libARSPM_00147840,0x147840,sub_147840,0x136738;0x1599F4;0x1A9AAC;0x1A9C5C;0x2089B4;0x2089B4;0x21FB34,0x167F28;0x167F28;0x167F28;0x167F28;0x1680F4;0x1680F4;0x147468;0x147B1C;0x1AD838;0x14119C
FN_libARSPM_00147B1C,0x147B1C,sub_147B1C,0x147840,
FN_libARSPM_00147B28,0x147B28,sub_147B28,,0x147FE8;0x147FE8
FN_libARSPM_00147F88,0x147F88,sub_147F88,0x2AA038;0x2AA038;0x32A0E4,
FN_libARSPM_00147FE8,0x147FE8,sub_147FE8,0x147B28;0x147B28;0x2AA038;0x2AA038,
FN_libARSPM_0014803C,0x14803C,sub_14803C,0x131338;0x167B58;0x167B58;0x177E58;0x178490;0x1784DC;0x17859C;0x1785E8;0x1787D0;0x17881C,
FN_libARSPM_00148054,0x148054,sub_148054,0x167B58;0x167B58;0x177E58;0x1784DC;0x1785E8;0x17881C;0x178920;0x1B3DC4;0x1B3DC4;0x1B3DC4,
FN_libARSPM_00148058,0x148058,sub_148058,0x1BE3F4;0x1BE980;0x1BEC48;0x1D4E04;0x1D4F10;0x1D5120;0x1D54F4;0x1D5604;0x1F62D8;0x1F6898,0x4EC2E0;0x4ECA80
FN_libARSPM_00148110,0x148110,sub_148110,0x148194;0x148298;0x14838C;0x1486EC,0x2CFAA0;0x2666C0
FN_libARSPM_00148194,0x148194,sub_148194,0x167B58;0x1BC2AC;0x1D4D10;0x1D4F88;0x1E8AAC;0x2524A4;0x2CF47C;0x2E23CC;0x2E72B0;0x36BCF8,0x4EC2E0;0x148110;0x4ECA80
FN_libARSPM_00148298,0x148298,sub_148298,0x146FB0;0x15ADD8;0x1B551C;0x1D542C;0x1D5604;0x1DFD48;0x1E4D88;0x1F7464;0x2D39E8;0x318EE0,0x4EC2E0;0x148110;0x4ECA80
FN_libARSPM_0014838C,0x14838C,sub_14838C,0x1BEF70;0x36BCF8;0x36BCF8,0x4EC2E0;0x148110;0x4ECA80
FN_libARSPM_00148488,0x148488,sub_148488,0x12EB1C;0x12EDB4;0x1B3DC4;0x1B3DC4;0x1D4D10;0x1D4F88;0x1E8D68;0x31533C;0x3DE490;0x3DF8E8,
FN_libARSPM_001484E4,0x1484E4,sub_1484E4,0x466E74;0x466EE0,0x26674C;0x2CFA04;0x266798
FN_libARSPM_0014857C,0x14857C,sub_14857C,0x3E2C4C,0x4ECA80;0x4EC2E0;0x4ECA80
FN_libARSPM_001486A0,0x1486A0,sub_1486A0,,0x4ECB10
FN_libARSPM_001486EC,0x1486EC,sub_1486EC,,0x1D58A0;0x4EC2E0;0x148110;0x4ECA80;0x4ECB10
FN_libARSPM_0014885C,0x14885C,sub_14885C,0x1430B0;0x143280;0x2D6D54,0x167D08;0x1E98D8
FN_libARSPM_00148944,0x148944,sub_148944,0x137174;0x137E84;0x138DEC;0x14A4A4,0x169FF8;0x169FF8;0x169FF8;0x169A4C;0x169A74;0x169A74
FN_libARSPM_00148A64,0x148A64,sub_148A64,0x1377E8;0x13A344;0x13A44C;0x13A594;0x13A72C;0x13A800;0x13A92C;0x13D614,0x169FF8;0x169990
FN_libARSPM_00148AE8,0x148AE8,sub_148AE8,0x13A264,0x16993C
FN_libARSPM_00148B38,0x148B38,sub_148B38,0x13A264;0x14539C,
FN_libARSPM_00148B74,0x148B74,sub_148B74,0x138DEC;0x138DEC,0x169990
FN_libARSPM_00148BE0,0x148BE0,sub_148BE0,,0x1726D8;0x1B87DC;0x1B8838;0x18D2E0;0x1B9D70;0x18D3DC
FN_libARSPM_00148D94,0x148D94,sub_148D94,0x2D9D78,0x18D2E0;0x193BE4;0x18D3DC
FN_libARSPM_00148E34,0x148E34,sub_148E34,,0x18D2E0;0x18F844;0x18F844;0x18D3DC
FN_libARSPM_00148ECC,0x148ECC,sub_148ECC,,0x208720;0x1680F4;0x2089B4;0x4ECB10;0x4ECB10;0x1E1554
FN_libARSPM_00148FD8,0x148FD8,sub_148FD8,,0x168470;0x16814C;0x168E00;0x18B8BC;0x18C2AC;0x18B9C0;0x168E00;0x18C368;0x1E4998;0x167CB0
FN_libARSPM_00149274,0x149274,sub_149274,,0x1E0980;0x1E0DF0;0x1E0E08;0x1E0E20;0x1AC77C;0x1B60E0;0x1AC77C;0x1B60E0;0x1E0B54;0x4ECB10
FN_libARSPM_00149518,0x149518,sub_149518,,0x18B76C;0x18B83C;0x18C3A0;0x18D2E0;0x18F76C;0x18D3DC;0x18B9C0
FN_libARSPM_00149604,0x149604,sub_149604,,0x18B8BC;0x18C2D8;0x169990;0x18D2E0;0x18F76C;0x18D3DC;0x18B9C0
FN_libARSPM_001498C4,0x1498C4,sub_1498C4,0x2DBA68,
FN_libARSPM_001498F4,0x1498F4,sub_1498F4,0x138DEC,
FN_libARSPM_00149930,0x149930,sub_149930,0x2DA798,0x169990;0x4ECB10
FN_libARSPM_00149A2C,0x149A2C,sub_149A2C,0x137E84;0x138DEC;0x13DEB8,0x1634C4;0x4ECA80;0x172A20;0x1639B0;0x1680F4;0x1E98D8;0x4ECB10;0x4ECB10;0x15FD70;0x163C10
FN_libARSPM_00149E04,0x149E04,sub_149E04,0x14352C;0x1437E8;0x144AD4;0x144BD8;0x144CF4,0x168238;0x167CB0;0x168238;0x167CB0
FN_libARSPM_00149EE4,0x149EE4,sub_149EE4,0x13E800,
FN_libARSPM_00149F6C,0x149F6C,sub_149F6C,0x149F6C;0x149F6C,0x1F47A0;0x137398;0x18B9C0;0x172EF0;0x172BE0;0x18B8BC;0x1726D8;0x173B3C;0x18C0B8;0x172690
FN_libARSPM_0014A3F4,0x14A3F4,sub_14A3F4,,0x2CFAA0;0x2666C0
FN_libARSPM_0014A420,0x14A420,sub_14A420,0x1458E4;0x2DB6C4;0x2DB6C4;0x2DB918;0x2DBA28,0x1680F4;0x146CF8
FN_libARSPM_0014A454,0x14A454,sub_14A454,0x13743C;0x137610,0x14A4A4;0x4ECB10
FN_libARSPM_0014A4A4,0x14A4A4,sub_14A4A4,0x137E84;0x14A454,0x1681A0;0x167D08;0x1E98D8;0x167CB0;0x4ECB10;0x148944;0x14062C
FN_libARSPM_0014A6B4,0x14A6B4,sub_14A6B4,,0x14062C
FN_libARSPM_0014A754,0x14A754,sub_14A754,0x14ABEC,0x169B1C;0x1B5FF0;0x1B63E4
FN_libARSPM_0014AA78,0x14AA78,sub_14AA78,,0x14062C
FN_libARSPM_0014AB20,0x14AB20,sub_14AB20,,0x14062C;0x18E03C
FN_libARSPM_0014ABEC,0x14ABEC,sub_14ABEC,,0x14062C;0x14A754
FN_libARSPM_0014AC98,0x14AC98,sub_14AC98,,0x14062C
FN_libARSPM_0014AD10,0x14AD10,sub_14AD10,,0x169B1C;0x1B5FF0;0x14062C
FN_libARSPM_0014AEF0,0x14AEF0,sub_14AEF0,,0x2666F8
FN_libARSPM_0014AF28,0x14AF28,sub_14AF28,,0x2666F8;0x167CB0
FN_libARSPM_0014B024,0x14B024,sub_14B024,,0x1B6898
FN_libARSPM_0014B0B8,0x14B0B8,sub_14B0B8,0x14352C;0x1437E8;0x144AD4;0x144BD8;0x144CF4;0x38CD5C;0x38CD5C;0x3E8494,0x157374
FN_libARSPM_0014B0F0,0x14B0F0,sub_14B0F0,0x14B6A8,0x1726D8
FN_libARSPM_0014B2C8,0x14B2C8,sub_14B2C8,,0x1B62D8;0x1CCA00
FN_libARSPM_0014B3D8,0x14B3D8,sub_14B3D8,,0x1D0208
FN_libARSPM_0014B44C,0x14B44C,sub_14B44C,,0x1B70CC
FN_libARSPM_0014B52C,0x14B52C,sub_14B52C,,0x1D0068
FN_libARSPM_0014B58C,0x14B58C,sub_14B58C,,0x1B62D8;0x1C3F1C
FN_libARSPM_0014B6A8,0x14B6A8,sub_14B6A8,0x1435D0,0x1AD6DC;0x14B0F0;0x14119C;0x4ECA80;0x1E98D8;0x158928;0x154498;0x1B6994;0x1E98C8;0x4ECB10
FN_libARSPM_0014B958,0x14B958,sub_14B958,0x144CF4;0x3E8494,0x18B8BC;0x18C270;0x1734FC;0x174980;0x1B5FF0;0x1758A4;0x168238;0x1362C0;0x14BE14;0x14119C
FN_libARSPM_0014BE14,0x14BE14,sub_14BE14,0x14B958;0x14BE8C,
FN_libARSPM_0014BE64,0x14BE64,sub_14BE64,0x1595F0;0x1595F0,
FN_libARSPM_0014BE8C,0x14BE8C,sub_14BE8C,,0x1B5FF0;0x18B8BC;0x18C270;0x168238;0x1362C0;0x14BE14;0x14119C;0x4ECA80;0x156A2C;0x4ECB10
FN_libARSPM_0014C178,0x14C178,sub_14C178,,0x167CB0
FN_libARSPM_0014C1B8,0x14C1B8,sub_14C1B8,0x1C5588,
FN_libARSPM_0014C680,0x14C680,sub_14C680,,0x14C8F4;0x14E8AC;0x14C8F4;0x2666F8
FN_libARSPM_0014C8F4,0x14C8F4,sub_14C8F4,0x14C680;0x14C680,
FN_libARSPM_0014CDA0,0x14CDA0,sub_14CDA0,0x1D13E0;0x1D1438;0x1D163C;0x1D163C,0x1B88EC;0x1B8AB8
FN_libARSPM_0014CE10,0x14CE10,sub_14CE10,0x1C4124;0x1C4124;0x1D163C,0x1B8E08
FN_libARSPM_0014D084,0x14D084,sub_14D084,,0x1B5FF0
FN_libARSPM_0014D0EC,0x14D0EC,sub_14D0EC,,0x1B5FF0
FN_libARSPM_0014D23C,0x14D23C,sub_14D23C,,0x1B5FF0
FN_libARSPM_0014D298,0x14D298,sub_14D298,,0x1B8CB4;0x1B8D68;0x1B8D68
FN_libARSPM_0014D320,0x14D320,sub_14D320,,0x1B8CB4;0x1B8D68;0x1B8D68
FN_libARSPM_0014D4E4,0x14D4E4,sub_14D4E4,,0x1B88EC;0x1B8AB8
FN_libARSPM_0014D59C,0x14D59C,sub_14D59C,,0x1B88EC;0x1B8AB8
FN_libARSPM_0014D648,0x14D648,sub_14D648,,0x1B88EC;0x1B8AB8
FN_libARSPM_0014D7B0,0x14D7B0,sub_14D7B0,,0x1B88EC;0x1B8AB8
FN_libARSPM_0014D828,0x14D828,sub_14D828,0x1CCE44;0x1CDD08;0x1CE0E0,0x1B5FF0
FN_libARSPM_0014D9A0,0x14D9A0,sub_14D9A0,0x14DACC,
FN_libARSPM_0014D9C8,0x14D9C8,sub_14D9C8,,0x18C368;0x1A99D0;0x146C70
FN_libARSPM_0014DACC,0x14DACC,sub_14DACC,0x1595F0,0x18C2F4;0x167C88;0x140FB4;0x18B8BC;0x18C3A0;0x18B8BC;0x18C0B8;0x4ECB10;0x18BF58;0x4ECB10
FN_libARSPM_0014E0A0,0x14E0A0,sub_14E0A0,0x14DACC,0x4ECA80;0x1B0C0C;0x4ECB10;0x141420;0x141288
FN_libARSPM_0014E1A0,0x14E1A0,sub_14E1A0,0x14DACC,0x141420;0x141288;0x151500
FN_libARSPM_0014E220,0x14E220,sub_14E220,0x14DACC,0x141420;0x141288;0x14FB58
FN_libARSPM_0014E2A0,0x14E2A0,sub_14E2A0,0x14DACC,0x141420;0x141288;0x14FB58
FN_libARSPM_0014E320,0x14E320,sub_14E320,0x14DACC,0x141420;0x141288;0x14FB58
FN_libARSPM_0014E390,0x14E390,sub_14E390,0x151500,0x167D08;0x18BF24
FN_libARSPM_0014E404,0x14E404,sub_14E404,0x1515CC,0x4ECB10;0x167CB0
FN_libARSPM_0014E558,0x14E558,sub_14E558,,0x266704;0x2666F8
FN_libARSPM_0014E5C0,0x14E5C0,sub_14E5C0,,0x2666F8
FN_libARSPM_0014E5FC,0x14E5FC,sub_14E5FC,,0x2666F8
FN_libARSPM_0014E644,0x14E644,sub_14E644,0x14F14C;0x14F1B4;0x15213C;0x152174;0x1521AC;0x152D48;0x1544E0;0x155894;0x156D88;0x156E04,
FN_libARSPM_0014E678,0x14E678,sub_14E678,,0x2666F8
FN_libARSPM_0014E6C0,0x14E6C0,sub_14E6C0,,0x167CB0
FN_libARSPM_0014E8AC,0x14E8AC,sub_14E8AC,0x14C680;0x15EB6C;0x15F61C;0x16D994;0x16DE18;0x16DE18;0x16DE18;0x1997FC;0x1B07A8;0x1CA3B8,0x14E918
FN_libARSPM_0014E8C4,0x14E8C4,sub_14E8C4,0x4A3BD8;0x4A3BD8;0x4A3BD8,0x14E918
FN_libARSPM_0014E8F4,0x14E8F4,sub_14E8F4,0x1B93BC,0x14E918
FN_libARSPM_0014E90C,0x14E90C,sub_14E90C,0x285BF8;0x285BF8;0x285CA4;0x285CA4;0x2861E4;0x2B2AAC;0x2C1360,
FN_libARSPM_0014E918,0x14E918,sub_14E918,0x14E8AC;0x14E8C4;0x14E8F4;0x1B2A0C;0x1B2DC0;0x1B39EC;0x1B564C;0x1B564C;0x1B564C;0x1F8AE0,
FN_libARSPM_0014E984,0x14E984,sub_14E984,0x14DACC,0x167D08
FN_libARSPM_0014EEE4,0x14EEE4,sub_14EEE4,,0x18C2F4
FN_libARSPM_0014EF90,0x14EF90,sub_14EF90,,0x141420;0x141288;0x167D08
FN_libARSPM_0014F018,0x14F018,sub_14F018,,0x141420;0x141288;0x167D08;0x18C2F4
FN_libARSPM_0014F11C,0x14F11C,sub_14F11C,,0x167CB0
FN_libARSPM_0014F14C,0x14F14C,sub_14F14C,,0x167CB0;0x14E644
FN_libARSPM_0014F184,0x14F184,sub_14F184,,0x167CB0
FN_libARSPM_0014F1B4,0x14F1B4,sub_14F1B4,,0x167CB0;0x14E644
FN_libARSPM_0014FB58,0x14FB58,sub_14FB58,0x14E220;0x14E2A0;0x14E320,0x167D08;0x145F0C
FN_libARSPM_0014FC4C,0x14FC4C,sub_14FC4C,,0x152360
FN_libARSPM_0014FEDC,0x14FEDC,sub_14FEDC,,0x150954;0x1521E4;0x2CFAA0;0x2666C0
FN_libARSPM_00150954,0x150954,sub_150954,0x14FEDC;0x150AF8,0x16A810;0x16A810;0x145E74
FN_libARSPM_00150AF8,0x150AF8,sub_150AF8,,0x150954;0x1521E4;0x2CFAA0;0x2666C0
FN_libARSPM_001511BC,0x1511BC,sub_1511BC,,0x152360
FN_libARSPM_00151500,0x151500,sub_151500,0x14E1A0,0x14E390;0x266704;0x1521E4;0x1521E4
FN_libARSPM_00151598,0x151598,sub_151598,,0x2666F8
FN_libARSPM_001515CC,0x1515CC,sub_1515CC,,0x2666F8;0x14E404
FN_libARSPM_00151938,0x151938,sub_151938,,0x16A810
FN_libARSPM_0015213C,0x15213C,sub_15213C,,0x167CB0;0x14E644
FN_libARSPM_00152174,0x152174,sub_152174,,0x167CB0;0x14E644
FN_libARSPM_001521AC,0x1521AC,sub_1521AC,,0x167CB0;0x14E644
FN_libARSPM_001521E4,0x1521E4,sub_1521E4,0x14FEDC;0x150AF8;0x151500;0x151500;0x1D4A50,
FN_libARSPM_00152360,0x152360,sub_152360,0x14FC4C;0x1511BC,
FN_libARSPM_0015239C,0x15239C,sub_15239C,0x153C08,0x1529F4;0x1529F4;0x1529F4
FN_libARSPM_001529F4,0x1529F4,sub_1529F4,0x15239C;0x15239C;0x15239C;0x1558B8;0x15594C;0x15594C;0x155A48;0x155A48;0x155A48;0x155C00,0x155754;0x156738;0x156738
FN_libARSPM_00152B18,0x152B18,sub_152B18,0x152D48;0x153C08,0x155754;0x266704;0x4ECB10;0x2666F8;0x153198;0x4ECB10;0x2666F8
FN_libARSPM_00152D48,0x152D48,sub_152D48,0x153A4C,0x1B6830;0x1C4124;0x1D163C;0x152B18;0x1B6994;0x14E644
FN_libARSPM_00152E30,0x152E30,sub_152E30,,0x4ECB10;0x2666F8
FN_libARSPM_00153150,0x153150,sub_153150,0x1ACA4C;0x1ACA84;0x1ACADC;0x1ACBE8;0x1ACBE8;0x1ACFB8;0x1AD22C;0x1AD514;0x1AD514;0x1AD514,0x4ECB10;0x2666F8
FN_libARSPM_00153198,0x153198,sub_153198,0x152B18,0x4ECB10;0x2666F8
FN_libARSPM_001533E4,0x1533E4,sub_1533E4,0x1AC814;0x1AC898;0x1AC8E4;0x1AC91C;0x1ACBE8;0x1AD22C,
FN_libARSPM_001533F0,0x1533F0,sub_1533F0,0x1AD514,0x4ECB10;0x2666F8;0x4ECB10
FN_libARSPM_00153458,0x153458,sub_153458,0x1AC9F8;0x1ACBE8;0x1ACFB8;0x1AD22C,0x4ECB10
FN_libARSPM_0015349C,0x15349C,sub_15349C,0x153D84;0x153D84,0x4ECB10;0x2666F8;0x4ECB10;0x2666F8;0x266704
FN_libARSPM_00153600,0x153600,sub_153600,0x1AC91C;0x1ACADC;0x1ACADC;0x1ACBE8;0x1ACBE8;0x1ACBE8;0x1ACBE8;0x1ACBE8;0x1ACFB8;0x1ACFB8,
FN_libARSPM_0015366C,0x15366C,sub_15366C,0x1ACBE8;0x1ACBE8;0x1ACFB8;0x1AD22C;0x1AD22C,0x4ECB10;0x2666F8;0x1563CC;0x1563CC;0x1564BC;0x1564BC;0x1B87DC;0x156738;0x266704;0x4ECB10
FN_libARSPM_00153A4C,0x153A4C,sub_153A4C,0x153F24;0x153F24;0x1AC91C;0x1ACFB8,0x4ECB10;0x2666F8;0x18E03C;0x1B5FF0;0x1563CC;0x152D48;0x1563F8;0x1563F8
FN_libARSPM_00153C08,0x153C08,sub_153C08,0x153D84;0x153F24;0x1ACBE8;0x1AD22C,0x1B5FF0;0x1B5FF0;0x1563CC;0x15239C;0x152B18;0x1563F8;0x1563F8;0x4ECB10;0x2666F8
FN_libARSPM_00153D84,0x153D84,sub_153D84,0x153F24;0x1ACADC,0x1B5FF0;0x15434C;0x15349C;0x15349C;0x153C08;0x4ECB10;0x2666F8;0x4ECB10;0x2666F8
FN_libARSPM_00153F24,0x153F24,sub_153F24,0x1ACBE8,0x1B5FF0;0x15434C;0x1947BC;0x153A4C;0x18D3DC;0x153D84;0x1947BC;0x153A4C;0x18D3DC;0x153C08
FN_libARSPM_00154228,0x154228,sub_154228,0x1AD514,
FN_libARSPM_00154230,0x154230,sub_154230,,0x4ECB10;0x4ECB10;0x2666F8;0x4ECB10;0x2666F8
FN_libARSPM_0015434C,0x15434C,sub_15434C,0x153D84;0x153F24;0x1548E0;0x154A40;0x154AF8;0x1CCA00;0x1CE0E0;0x1CE3E8;0x1CEC98;0x1CF5EC,
FN_libARSPM_00154498,0x154498,sub_154498,0x14B6A8;0x1595F0;0x16A900;0x16B13C;0x1C3EC4;0x1C3F60;0x1C402C;0x1C4404;0x1C450C;0x1CCA00,0x2666F8;0x2666F8
FN_libARSPM_001544E0,0x1544E0,sub_1544E0,,0x2666F8;0x2666F8;0x14E644
FN_libARSPM_00154530,0x154530,sub_154530,,0x266704
FN_libARSPM_00154710,0x154710,sub_154710,,0x266704
FN_libARSPM_001548E0,0x1548E0,sub_1548E0,,0x15434C
FN_libARSPM_00154A40,0x154A40,sub_154A40,,0x15434C
FN_libARSPM_00154AF8,0x154AF8,sub_154AF8,,0x15434C;0x16A810;0x16A5E4;0x2666F8;0x266704;0x266704
FN_libARSPM_00155754,0x155754,sub_155754,0x1529F4;0x152B18,0x156738;0x1568A8;0x156714;0x1563CC;0x1563F8;0x15661C
FN_libARSPM_00155894,0x155894,sub_155894,,0x14E644
FN_libARSPM_001558B8,0x1558B8,sub_1558B8,,0x1529F4
FN_libARSPM_0015594C,0x15594C,sub_15594C,,0x1529F4;0x1529F4
FN_libARSPM_00155A48,0x155A48,sub_155A48,,0x1529F4;0x1529F4;0x1529F4;0x156738
FN_libARSPM_00155C00,0x155C00,sub_155C00,,0x1529F4;0x1529F4;0x156738
FN_libARSPM_00155D28,0x155D28,sub_155D28,,0x1529F4;0x155E1C
FN_libARSPM_00155DF8,0x155DF8,sub_155DF8,,0x2CFAA0;0x2666C0
FN_libARSPM_00155E1C,0x155E1C,sub_155E1C,0x155D28,0x1529F4;0x1529F4;0x156738;0x1529F4
FN_libARSPM_001563CC,0x1563CC,sub_1563CC,0x15366C;0x15366C;0x153A4C;0x153C08;0x155754;0x1929BC;0x19DB54;0x19DB54;0x1B9D70;0x1BA5EC,
FN_libARSPM_001563D8,0x1563D8,sub_1563D8,0x19D718;0x19D718,
FN_libARSPM_001563F8,0x1563F8,sub_1563F8,0x15366C;0x15366C;0x153A4C;0x153A4C;0x153C08;0x153C08;0x155754;0x1929BC;0x19DB54;0x19DB54,
FN_libARSPM_00156400,0x156400,sub_156400,0x19D718;0x19D718;0x202FEC;0x2031CC;0x203B94;0x206998;0x206A38;0x20EAD4;0x20EAD4;0x2104FC,0x2666F8
FN_libARSPM_00156430,0x156430,sub_156430,0x20D550;0x20D550;0x20D64C;0x20D64C;0x211DC8;0x358C50;0x3590B4;0x359BD0;0x35AFD0;0x35AFD0,0x2666C4
FN_libARSPM_001564BC,0x1564BC,sub_1564BC,0x15366C;0x15366C;0x20CA90;0x20CA90;0x20CA90;0x20D8B8;0x20D8B8;0x20D8B8;0x20DAE0;0x20DC8C,
FN_libARSPM_001564F8,0x1564F8,sub_1564F8,,0x2666C4
FN_libARSPM_00156544,0x156544,sub_156544,0x1929BC;0x1929BC;0x3F20CC;0x3F20CC,0x2666C4;0x1568F8;0x156924
FN_libARSPM_0015661C,0x15661C,sub_15661C,0x155754;0x1929BC;0x2D22F4;0x2D5D08;0x30615C;0x3062E8;0x359FF8;0x359FF8;0x359FF8;0x359FF8,0x2666C4;0x1568F8
FN_libARSPM_00156708,0x156708,sub_156708,0x1AA6BC,
FN_libARSPM_00156714,0x156714,sub_156714,0x15366C;0x15366C;0x155754;0x1929BC;0x1929BC;0x1929BC;0x1929BC;0x19D2C4;0x19D424;0x19D594,
FN_libARSPM_00156738,0x156738,sub_156738,0x1529F4;0x1529F4;0x15366C;0x15366C;0x15366C;0x15366C;0x15366C;0x155754;0x155A48;0x155C00,
FN_libARSPM_00156760,0x156760,sub_156760,0x3F20CC,0x2666C4;0x1568F8;0x156924
FN_libARSPM_00156898,0x156898,sub_156898,0x19D718;0x19D718;0x19D718;0x19D718;0x22BD08;0x372304;0x3A110C;0x3D13F0,
FN_libARSPM_001568A8,0x1568A8,sub_1568A8,0x155754,
FN_libARSPM_001568F8,0x1568F8,sub_1568F8,0x156544;0x15661C;0x156760,0x2CFAA0;0x2666C0
FN_libARSPM_00156924,0x156924,sub_156924,0x156544;0x156760,0x2CFAA0;0x2666C0
FN_libARSPM_00156950,0x156950,sub_156950,0x1D4A50,0x168238;0x167D08
FN_libARSPM_001569B0,0x1569B0,sub_1569B0,,0x167D68
FN_libARSPM_00156A2C,0x156A2C,sub_156A2C,0x14B958;0x14BE8C,0x1A99D0;0x1A99D0;0x147468;0x18C2F4;0x156CDC;0x167C88;0x1D4A38;0x141420;0x141288;0x4ECA80
FN_libARSPM_00156CDC,0x156CDC,sub_156CDC,0x156A2C,0x141420;0x141288;0x168238;0x167D08
FN_libARSPM_00156D88,0x156D88,sub_156D88,,0x167CB0;0x167CB0;0x14E644
FN_libARSPM_00156DCC,0x156DCC,sub_156DCC,,0x167CB0;0x167CB0
FN_libARSPM_00156E04,0x156E04,sub_156E04,,0x167CB0;0x167CB0;0x14E644
FN_libARSPM_00156E44,0x156E44,sub_156E44,,0x167F68;0x167F68;0x167F48
FN_libARSPM_00156F3C,0x156F3C,sub_156F3C,,0x4ECB10;0x167CB0;0x167CB0
FN_libARSPM_00156FB0,0x156FB0,sub_156FB0,,0x4ECB10;0x167CB0;0x167CB0;0x14E644
FN_libARSPM_0015702C,0x15702C,sub_15702C,,0x167F48;0x167F28;0x167F68
FN_libARSPM_001570DC,0x1570DC,sub_1570DC,,0x167D68;0x1AD838;0x1AE20C;0x1A99D0;0x1A99D0;0x146908;0x167C88;0x14130C;0x147468;0x1477A8
FN_libARSPM_00157374,0x157374,sub_157374,0x14B0B8;0x16BA58;0x16C158;0x1C0F28;0x2D7D60;0x2E085C;0x2E1E80;0x391C44;0x39290C,0x168238
FN_libARSPM_001573B8,0x1573B8,sub_1573B8,0x158204,0x1726D8;0x173B3C;0x172690;0x174980
FN_libARSPM_001574D8,0x1574D8,sub_1574D8,0x14352C;0x30CAFC,
FN_libARSPM_001574E8,0x1574E8,sub_1574E8,,0x14119C;0x4ECA80;0x1E98D8;0x1E98C8;0x4ECB10;0x1C3E84;0x1416F0
FN_libARSPM_001575F0,0x1575F0,sub_1575F0,0x15774C;0x15774C,0x1726D8;0x174708
FN_libARSPM_0015773C,0x15773C,sub_15773C,0x1439F4;0x14B958;0x14BE8C;0x158928;0x158928;0x30CAFC,
FN_libARSPM_0015774C,0x15774C,sub_15774C,,0x172B8C;0x1575F0;0x1575F0;0x173840;0x174708;0x167D08;0x18D2E0;0x18F468;0x158204;0x18D3DC
FN_libARSPM_00157C4C,0x157C4C,sub_157C4C,0x324698,0x1726AC;0x174708
FN_libARSPM_00157D4C,0x157D4C,sub_157D4C,0x143CA0;0x16BA58;0x30CAFC,0x1726AC;0x174708;0x1ABB3C;0x14119C;0x4ECA80;0x1E98D8;0x1E98C8;0x4ECB10;0x16A850;0x1416F0
FN_libARSPM_00158008,0x158008,sub_158008,0x158204,0x18E03C;0x14119C;0x4ECA80;0x1E98D8;0x1E98C8;0x4ECB10;0x16B13C;0x1416F0
FN_libARSPM_00158204,0x158204,sub_158204,0x143EE8;0x15774C;0x157D4C;0x158728;0x158928;0x158928;0x158928;0x158928;0x16C158;0x1C0F28,0x18D2E0;0x191920;0x18C2F4;0x18B8BC;0x18C4B4;0x1726AC;0x174708;0x18C2F4;0x140B8C;0x18B8BC
FN_libARSPM_00158594,0x158594,sub_158594,0x158728,0x1B5FF0
FN_libARSPM_00158728,0x158728,sub_158728,0x16B13C;0x2E23CC,0x18DFC8;0x168238;0x1A98A4;0x1AC8E4;0x18B76C;0x1ACA84;0x172A20;0x18C270;0x158204;0x18B9C0
FN_libARSPM_00158928,0x158928,sub_158928,0x14B6A8;0x158928;0x2D7D60,0x18B8BC;0x18C270;0x1DA630;0x158F38;0x1949C0;0x19C390;0x18B8BC;0x18C060;0x4ECB10;0x18C270
FN_libARSPM_00158F38,0x158F38,sub_158F38,0x158928,0x18D2E0;0x18D2E0;0x18D2E0
FN_libARSPM_00158F88,0x158F88,sub_158F88,0x158928;0x158928,0x18D3DC;0x18D3DC
FN_libARSPM_00158FC4,0x158FC4,sub_158FC4,,0x167CB0
FN_libARSPM_00158FF4,0x158FF4,sub_158FF4,0x144BD8,0x18BF24;0x14119C;0x18B8BC;0x18C270;0x18C0B8;0x4ECB10;0x18C008;0x4ECB10;0x1726AC;0x141420
FN_libARSPM_001595F0,0x1595F0,sub_1595F0,,0x14119C;0x4ECA80;0x1E98D8;0x1E98C8;0x14DACC;0x4ECB10;0x1AD724;0x134F28;0x1681F4;0x135D80
FN_libARSPM_001599D0,0x1599D0,sub_1599D0,0x1448C0,
FN_libARSPM_001599F4,0x1599F4,sub_1599F4,0x15A6D8,0x1726AC;0x1A99D0;0x14130C;0x4ECA80;0x146800;0x168168;0x4ECB10;0x4ECA80;0x168168;0x4ECB10
FN_libARSPM_0015A6D8,0x15A6D8,sub_15A6D8,0x144AD4,0x1726D8;0x173B3C;0x172690;0x14119C;0x1726AC;0x14130C;0x173840;0x1B6110;0x14130C;0x174370
FN_libARSPM_0015AA1C,0x15AA1C,sub_15AA1C,0x1FEF24;0x2078E0,
FN_libARSPM_0015AA38,0x15AA38,sub_15AA38,0x15D0AC;0x3FC838,0x137BAC;0x137BB4;0x13A594
FN_libARSPM_0015AAC8,0x15AAC8,sub_15AAC8,0x203068,
FN_libARSPM_0015AAD4,0x15AAD4,sub_15AAD4,0x15C114,0x4ECA80
FN_libARSPM_0015AB20,0x15AB20,sub_15AB20,0x15D0AC;0x203B94;0x207AB8;0x2DBA68;0x3FC838,
FN_libARSPM_0015AB2C,0x15AB2C,sub_15AB2C,0x1D67AC;0x1D6A0C;0x202878;0x207B0C,
FN_libARSPM_0015AB40,0x15AB40,sub_15AB40,,0x1FE800;0x1FEA80;0x137BAC;0x137BB4;0x137398;0x1FEB28;0x1FE894
FN_libARSPM_0015AC34,0x15AC34,sub_15AC34,0x15BA30,
FN_libARSPM_0015AC60,0x15AC60,sub_15AC60,0x19C7B8;0x1BEEB4;0x1BEEB4;0x1BEEB4;0x1EB358;0x212694;0x21BF20;0x21BF20;0x21BF20;0x21BF20,
FN_libARSPM_0015AC80,0x15AC80,sub_15AC80,0x1B4910,0x15BA30
FN_libARSPM_0015ADD8,0x15ADD8,sub_15ADD8,0x206FB8,0x1E1558;0x1E2740;0x148298;0x1E158C
FN_libARSPM_0015AE60,0x15AE60,sub_15AE60,0x15AE60,0x15B748;0x15B748;0x15B748;0x15B748;0x15B748;0x15B83C;0x15B83C;0x15AE60;0x15B748
FN_libARSPM_0015B620,0x15B620,sub_15B620,0x15B83C,0x15B748
FN_libARSPM_0015B748,0x15B748,sub_15B748,0x15AE60;0x15AE60;0x15AE60;0x15AE60;0x15AE60;0x15AE60;0x15B620;0x15B83C;0x15B83C;0x15B83C,
FN_libARSPM_0015B83C,0x15B83C,sub_15B83C,0x15AE60;0x15AE60,0x15B620;0x15B748;0x15B748;0x15B748
FN_libARSPM_0015BA30,0x15BA30,sub_15BA30,0x15AC80,0x4EC2E0;0x21BF20;0x21C084;0x15AC34
FN_libARSPM_0015BAA4,0x15BAA4,sub_15BAA4,0x1D6BB8,
FN_libARSPM_0015BAB8,0x15BAB8,sub_15BAB8,0x1C21A8,
FN_libARSPM_0015BACC,0x15BACC,sub_15BACC,0x1C21A8;0x1C21A8;0x1D6BB8;0x1D7060,
FN_libARSPM_0015BAD0,0x15BAD0,sub_15BAD0,0x15D0AC;0x1C0930;0x1C21A8;0x1C21A8;0x1C21A8;0x1C21A8;0x1C21A8,
FN_libARSPM_0015BB7C,0x15BB7C,sub_15BB7C,,0x2CFAA0;0x2666C0
FN_libARSPM_0015BBA0,0x15BBA0,sub_15BBA0,0x1C21A8;0x207774;0x3B4524,
FN_libARSPM_0015BC0C,0x15BC0C,sub_15BC0C,,0x2CFAA0;0x2666C0
FN_libARSPM_0015BC30,0x15BC30,sub_15BC30,0x1595F0;0x1595F0,
FN_libARSPM_0015BC8C,0x15BC8C,sub_15BC8C,,0x2CFAA0;0x2666C0
FN_libARSPM_0015BD44,0x15BD44,sub_15BD44,0x1C31C0;0x207630,
FN_libARSPM_0015BD50,0x15BD50,sub_15BD50,0x15BF3C,0x14130C;0x2CFAA0;0x2666C0
FN_libARSPM_0015BE8C,0x15BE8C,sub_15BE8C,0x1C21A8;0x1C21A8;0x1C21A8;0x1C21A8;0x1D65BC;0x1D6758,
FN_libARSPM_0015BEEC,0x15BEEC,sub_15BEEC,,0x2CFAA0;0x2666C0
FN_libARSPM_0015BF3C,0x15BF3C,sub_15BF3C,0x1D65BC;0x1D6758,0x15BD50;0x1C21A8
FN_libARSPM_0015BF9C,0x15BF9C,sub_15BF9C,0x15C0D4,0x141420;0x141288;0x18D2E0;0x18D428;0x18E03C;0x18DEFC
FN_libARSPM_0015C05C,0x15C05C,sub_15C05C,0x1D6410;0x1D6808;0x1D69B0,
FN_libARSPM_0015C06C,0x15C06C,sub_15C06C,,0x1C276C
FN_libARSPM_0015C0AC,0x15C0AC,sub_15C0AC,0x15D0AC;0x15D0AC;0x15EDD8;0x1C0930;0x1C21A8;0x1D6410;0x1D6410;0x1D6808;0x1D6808;0x1D6808,
FN_libARSPM_0015C0C4,0x15C0C4,sub_15C0C4,0x1C0C8C;0x1C0C8C;0x207630,
FN_libARSPM_0015C0D4,0x15C0D4,sub_15C0D4,,0x15BF9C
FN_libARSPM_0015C108,0x15C108,sub_15C108,0x1C0930;0x1C21A8,
FN_libARSPM_0015C114,0x15C114,sub_15C114,0x1D67AC;0x1D6A0C,0x1C2770;0x141420;0x141288;0x15AAD4;0x4ECB10
FN_libARSPM_0015C230,0x15C230,sub_15C230,0x15D0AC;0x1D67AC;0x1D67AC;0x1D6A0C;0x1D6A0C;0x1D6A0C,
FN_libARSPM_0015C24C,0x15C24C,sub_15C24C,0x1D60E4,
FN_libARSPM_0015C2BC,0x15C2BC,sub_15C2BC,0x1D6BB8,
FN_libARSPM_0015C418,0x15C418,sub_15C418,0x1D5EB4,
FN_libARSPM_0015C49C,0x15C49C,sub_15C49C,,0x18D3DC
FN_libARSPM_0015C4C4,0x15C4C4,sub_15C4C4,,0x4ECB10
FN_libARSPM_0015C510,0x15C510,sub_15C510,0x1971C8;0x19734C,
FN_libARSPM_0015C598,0x15C598,sub_15C598,0x1971C8;0x19734C,
FN_libARSPM_0015C5E4,0x15C5E4,sub_15C5E4,0x15C9D4,0x15CE60;0x15CE60;0x15CE60;0x15CE80;0x15CE60;0x15CE60;0x15CE80;0x15CDF4;0x15CE60;0x15CE60
FN_libARSPM_0015C990,0x15C990,sub_15C990,0x15C5E4;0x15C5E4,0x15CE60
FN_libARSPM_0015C9D4,0x15C9D4,sub_15C9D4,0x1971C8;0x19734C,0x15C5E4;0x15CDF4;0x15CDF4;0x15CE60;0x15CE60;0x15CE60
FN_libARSPM_0015CB20,0x15CB20,sub_15CB20,0x1971C8;0x19734C,0x15CE80
FN_libARSPM_0015CDF4,0x15CDF4,sub_15CDF4,0x15C5E4;0x15C5E4;0x15C5E4;0x15C5E4;0x15C9D4;0x15C9D4;0x15CE80,
FN_libARSPM_0015CE60,0x15CE60,sub_15CE60,0x15C5E4;0x15C5E4;0x15C5E4;0x15C5E4;0x15C5E4;0x15C5E4;0x15C5E4;0x15C5E4;0x15C5E4;0x15C5E4,
FN_libARSPM_0015CE80,0x15CE80,sub_15CE80,0x15C5E4;0x15C5E4;0x15CB20,0x15CE60;0x15CE60;0x15CE60;0x15CE60;0x15CDF4
FN_libARSPM_0015D0AC,0x15D0AC,sub_15D0AC,0x1430B0,0x1E98D8;0x1E98D0;0x146CF8;0x1348D0;0x2666F8;0x1348D0;0x2666F8;0x1348D0;0x2666F8;0x1348D0
FN_libARSPM_0015E3C4,0x15E3C4,sub_15E3C4,0x15D0AC;0x15D0AC,0x172BE0;0x1D5FB8;0x1738A8;0x1D6BB8;0x1D6BA8;0x1D6004;0x1D6004
FN_libARSPM_0015E624,0x15E624,sub_15E624,0x15D0AC;0x4A5388;0x4A568C;0x4D4D28,0x15E638
FN_libARSPM_0015E638,0x15E638,sub_15E638,0x15E624;0x162D74;0x17832C;0x178340;0x178468;0x17847C;0x1BF1D8;0x1BF404;0x1BF418;0x1D72A0,
FN_libARSPM_0015E650,0x15E650,sub_15E650,0x15D0AC;0x1619F4;0x177680;0x1BD33C;0x1D60E4;0x1DF4DC;0x1F54C0;0x207354;0x214E60;0x2725E0,
FN_libARSPM_0015E664,0x15E664,sub_15E664,0x4A2744;0x4E9578,
FN_libARSPM_0015E69C,0x15E69C,sub_15E69C,0x1DF0A0;0x1E0098;0x4B1138,
FN_libARSPM_0015E6C4,0x15E6C4,sub_15E6C4,0x1DE838,
FN_libARSPM_0015E740,0x15E740,sub_15E740,0x3F5360,
FN_libARSPM_0015E754,0x15E754,sub_15E754,0x1D7424;0x1D74EC;0x3F5360;0x4A2744;0x4E9578,
FN_libARSPM_0015E774,0x15E774,sub_15E774,0x1E0098;0x4A2744;0x4E9578,
FN_libARSPM_0015E794,0x15E794,sub_15E794,0x4A2744;0x4E9578,
FN_libARSPM_0015E7B4,0x15E7B4,sub_15E7B4,0x3F5360;0x4A2744;0x4E9578,
FN_libARSPM_0015E7BC,0x15E7BC,sub_15E7BC,0x3F5360;0x4A2744;0x4E9578,
FN_libARSPM_0015E7C4,0x15E7C4,sub_15E7C4,0x1E0098;0x3F5360,
FN_libARSPM_0015E7D4,0x15E7D4,sub_15E7D4,0x1D74EC;0x1D760C,0x18C270;0x18C060;0x4ECB10
FN_libARSPM_0015E888,0x15E888,sub_15E888,0x15D0AC,
FN_libARSPM_0015E89C,0x15E89C,sub_15E89C,0x1C287C;0x4B1138,
FN_libARSPM_0015E8AC,0x15E8AC,sub_15E8AC,0x4B1414;0x4B1414,
FN_libARSPM_0015E8B8,0x15E8B8,sub_15E8B8,,0x1DF954
FN_libARSPM_0015E90C,0x15E90C,sub_15E90C,0x1DE2D0;0x4B1414,0x15EB6C;0x1D760C;0x1D7AC8;0x1D7B68;0x1B6360;0x2666F8;0x1D7B00;0x1D7364
FN_libARSPM_0015EB6C,0x15EB6C,sub_15EB6C,0x15E90C,0x1DF954;0x1DFDDC;0x2666F8;0x14E8AC;0x1DF954;0x1DFDDC
FN_libARSPM_0015EC9C,0x15EC9C,sub_15EC9C,0x1DE2D0;0x4A3374;0x4A3EA0;0x4A41F8;0x4B1414;0x4E9E9C;0x4EB8FC,0x1D760C;0x1D7AC8;0x1D7B68;0x172D18;0x174928;0x1D7B00;0x1D7364
FN_libARSPM_0015EDD8,0x15EDD8,sub_15EDD8,0x4EBB18,0x4ECA80;0x172D18;0x1D788C;0x1D7BF8;0x1D7C98;0x15C0AC;0x1D7C30;0x1D7364;0x4ECB10
FN_libARSPM_0015EF40,0x15EF40,sub_15EF40,0x4A3B64;0x4A41F8,0x1D760C;0x1D7A9C;0x4ECB10;0x1D7364
FN_libARSPM_0015F0A0,0x15F0A0,sub_15F0A0,0x1D7908,0x4ECA80
FN_libARSPM_0015F0E4,0x15F0E4,sub_15F0E4,0x1DE554;0x1F4B38;0x4A3374,0x172D18;0x173310;0x1DF954;0x1E0004;0x174980
FN_libARSPM_0015F178,0x15F178,sub_15F178,0x3F5360;0x3F85B8;0x3FCEAC,0x1726AC;0x175418;0x175BA0
FN_libARSPM_0015F24C,0x15F24C,sub_15F24C,0x1DFDDC,
FN_libARSPM_0015F298,0x15F298,sub_15F298,0x260E8C;0x260EE4;0x2610B4;0x261184;0x263DE0;0x264394,
FN_libARSPM_0015F2A0,0x15F2A0,sub_15F2A0,0x139E30;0x169870;0x250FA8;0x250FA8;0x250FA8;0x250FA8;0x250FA8;0x250FA8;0x250FA8;0x25214C,
FN_libARSPM_0015F2AC,0x15F2AC,sub_15F2AC,0x139E30;0x25798C,
FN_libARSPM_0015F2B8,0x15F2B8,sub_15F2B8,0x160850;0x160850,0x1756D8;0x1756D8;0x163460;0x1630A8;0x1B5FF0
FN_libARSPM_0015F408,0x15F408,sub_15F408,,0x1B6360;0x1B6360
FN_libARSPM_0015F4FC,0x15F4FC,sub_15F4FC,0x18C514;0x25214C,0x15F518
FN_libARSPM_0015F518,0x15F518,sub_15F518,0x15F4FC;0x15F518;0x160064;0x2009D8,0x15F518
FN_libARSPM_0015F594,0x15F594,sub_15F594,0x142A64,0x14602C;0x4ECB10
FN_libARSPM_0015F61C,0x15F61C,sub_15F61C,0x16904C;0x25033C;0x251DA8;0x251E88;0x25280C;0x25798C;0x25813C;0x258A4C;0x25A02C;0x25A02C,0x4ECA80;0x14E8AC;0x4ECA80;0x4ECB10;0x4ECA80;0x4ECB10
FN_libARSPM_0015F858,0x15F858,sub_15F858,0x1698F8;0x250E2C;0x2520C8;0x252B74;0x257E3C;0x25831C;0x258E4C;0x25A460;0x25B418;0x25C7A4,0x1615A8;0x4ECB10;0x2666F8
FN_libARSPM_0015F910,0x15F910,sub_15F910,0x265B40,0x15FA4C;0x4ECA80;0x4ECB10;0x2666F8
FN_libARSPM_0015FA4C,0x15FA4C,sub_15FA4C,0x15F910;0x16921C;0x2507D4;0x2507D4;0x251E88;0x252990;0x257C1C;0x25813C;0x258BE4;0x25AE50,0x1B2BF8;0x1B295C;0x1B295C;0x1B2ACC;0x1B4CAC;0x1349B8;0x1348D0;0x2666F8;0x1B32D0;0x1B295C
FN_libARSPM_0015FCB0,0x15FCB0,sub_15FCB0,0x169378;0x250EA4;0x252104;0x252BB0;0x257EA8;0x258E88;0x25B454;0x25C7E0;0x25DA70;0x260744,
FN_libARSPM_0015FD70,0x15FD70,sub_15FD70,0x149A2C;0x160BD8;0x1E72D4,0x172A20;0x1639B0;0x1726D8;0x4ECB10;0x4ECB10;0x4ECB10;0x4ECB10
FN_libARSPM_00160064,0x160064,sub_160064,0x139708;0x139708,0x1634C4;0x163460;0x1630A8;0x1B5FF0;0x163460;0x1630A8;0x15F518;0x1B5FF0
FN_libARSPM_0016017C,0x16017C,sub_16017C,0x137E84,0x163460;0x1630A8;0x1634C4
FN_libARSPM_001601E0,0x1601E0,sub_1601E0,,0x172A20;0x1639B0;0x4ECB10
FN_libARSPM_001602DC,0x1602DC,sub_1602DC,0x1602DC;0x163120;0x16904C,0x1602DC
FN_libARSPM_00160364,0x160364,sub_160364,0x1604FC;0x16058C;0x160A50,0x174980
FN_libARSPM_001604FC,0x1604FC,sub_1604FC,0x252C80,0x160364
FN_libARSPM_0016058C,0x16058C,sub_16058C,0x25DB4C,0x160364;0x1B5FF0;0x162FD8;0x145ED8;0x13FCA8;0x1D4688;0x4ECB10;0x4ECA80
FN_libARSPM_00160850,0x160850,sub_160850,,0x15F2B8;0x1B6044;0x15F2B8
FN_libARSPM_00160964,0x160964,sub_160964,0x169778;0x2519C0;0x2519C0;0x2523AC;0x2583D4;0x258600;0x258600;0x259B6C;0x259B6C;0x25C0A4,
FN_libARSPM_001609A0,0x1609A0,sub_1609A0,0x1697FC;0x251A84;0x251A84;0x252434;0x2580D4;0x2583D4;0x258600;0x25867C;0x25867C;0x259CA4,
FN_libARSPM_00160A50,0x160A50,sub_160A50,,0x160364
FN_libARSPM_00160B34,0x160B34,sub_160B34,0x1693AC;0x25121C;0x25121C;0x25221C;0x257FCC;0x2583D4;0x2583D4;0x258F58;0x258F58;0x25B59C,0x4ECA80;0x4ECA80
FN_libARSPM_00160BD8,0x160BD8,sub_160BD8,0x252C80;0x25DB4C;0x265134,0x160DEC;0x15FD70;0x163C10;0x4ECB10;0x4ECB10;0x163C10;0x4ECB10;0x4ECB10
FN_libARSPM_00160D8C,0x160D8C,sub_160D8C,0x252C80;0x25DB4C,0x160DEC
FN_libARSPM_00160DEC,0x160DEC,sub_160DEC,0x160BD8;0x160D8C;0x25121C;0x25221C;0x2583D4;0x258F58;0x258F58;0x25B59C;0x25C8F8;0x25C8F8,0x4ECA80;0x4ECA80;0x1E98D8;0x4ECA80;0x4ECA80;0x1E98D8;0x4ECB10;0x4ECB10
FN_libARSPM_00161074,0x161074,sub_161074,0x25DB4C,0x4ECA80;0x2FA288;0x4ECB10;0x2FA348;0x30153C;0x2D09D8;0x173384;0x3259DC;0x4ECA80;0x1D3574
FN_libARSPM_001612E0,0x1612E0,sub_1612E0,0x252C80;0x25DB4C,0x167E44;0x2D0B08;0x162FD8;0x18B76C;0x18C3A0;0x1D4688;0x18B9C0;0x4ECB10;0x4ECA80;0x4ECA80
FN_libARSPM_00161454,0x161454,sub_161454,0x25DB4C;0x25DB4C;0x25E504,
FN_libARSPM_00161554,0x161554,sub_161554,0x1E6D70;0x34D424,
FN_libARSPM_001615A8,0x1615A8,sub_1615A8,0x144EBC;0x15F858,0x4EC2E0
FN_libARSPM_0016166C,0x16166C,sub_16166C,0x161800,0x4ECB10;0x4ECB10;0x136CD8
FN_libARSPM_00161800,0x161800,sub_161800,,0x16166C
FN_libARSPM_00161824,0x161824,sub_161824,,0x4ECAB0;0x136DB8;0x162008;0x4ECA80;0x4ECB10;0x4ECA80;0x4ECB10;0x4ECAE0;0x136D10
FN_libARSPM_001619F4,0x1619F4,sub_1619F4,,0x4ECAB0;0x136DB8;0x162008;0x162184;0x4ECA80;0x4ECA80;0x162BDC;0x162BDC;0x1472A8;0x162918
FN_libARSPM_00161E78,0x161E78,sub_161E78,,0x4ECAB0;0x136DB8;0x162184;0x4ECAE0
FN_libARSPM_00161EEC,0x161EEC,sub_161EEC,,0x4ECAB0;0x136DB8;0x1472A8;0x162184;0x162674;0x4ECAE0;0x136D10
FN_libARSPM_00162008,0x162008,sub_162008,0x161824;0x1619F4,0x1472A8;0x1727BC
FN_libARSPM_00162184,0x162184,sub_162184,0x1619F4;0x1619F4;0x161E78;0x161EEC,0x1472A8;0x162674;0x1472A8;0x1727BC;0x162BDC;0x4ECB10;0x4ECB10
FN_libARSPM_00162674,0x162674,sub_162674,0x161EEC;0x162184,0x1472A8
FN_libARSPM_00162918,0x162918,sub_162918,0x1619F4,0x162A80
FN_libARSPM_00162A80,0x162A80,sub_162A80,0x1619F4;0x162918,0x1472A8
FN_libARSPM_00162BDC,0x162BDC,sub_162BDC,0x1619F4;0x1619F4;0x162184,0x1472A8;0x1727BC
FN_libARSPM_00162D74,0x162D74,sub_162D74,0x1619F4,0x15E638
FN_libARSPM_00162D88,0x162D88,sub_162D88,0x1E6D70,0x4ECA80;0x4ECA80;0x1E98D8;0x4ECA80;0x4ECA80;0x1E98D8;0x4ECB10;0x4ECB10
FN_libARSPM_00162FD8,0x162FD8,sub_162FD8,0x16058C;0x1612E0;0x265134;0x265134,0x4ECA80;0x1681A0;0x4ECB10;0x167CB0;0x167C58
FN_libARSPM_001630A8,0x1630A8,sub_1630A8,0x138DEC;0x138DEC;0x139708;0x15F2B8;0x160064;0x160064;0x16017C;0x25221C;0x2523AC;0x252434,
FN_libARSPM_00163120,0x163120,sub_163120,0x139708,0x1602DC;0x1756D8;0x1726D8;0x1632B0;0x1756D8;0x1726D8;0x173B3C;0x172690
FN_libARSPM_001632B0,0x1632B0,sub_1632B0,0x163120;0x165B58,0x1756F0;0x175BA0;0x172D64;0x172D18
FN_libARSPM_001633AC,0x1633AC,sub_1633AC,0x138DEC;0x138DEC;0x139708;0x139708;0x139BB4,0x1726D8;0x173B3C;0x172690;0x172CC4;0x172CC4;0x172B8C
FN_libARSPM_00163460,0x163460,sub_163460,0x139708;0x15F2B8;0x160064;0x160064;0x16017C;0x25221C;0x2523AC;0x252434;0x25A608;0x25C8F8,0x174980
FN_libARSPM_001634C4,0x1634C4,sub_1634C4,0x139708;0x149A2C;0x160064;0x16017C;0x1639B0;0x163DC0;0x163F4C;0x163F4C;0x1644CC;0x1644CC,0x1726D8;0x174980
FN_libARSPM_00163680,0x163680,sub_163680,0x25B59C,0x173840
FN_libARSPM_001636B4,0x1636B4,sub_1636B4,0x258F58;0x25B59C;0x25B59C;0x25B59C;0x25B59C,0x174708
FN_libARSPM_001636F0,0x1636F0,sub_1636F0,0x165B58;0x258F58;0x258F58;0x259B6C;0x259CA4;0x25C8F8;0x261804;0x261804;0x261EE4;0x26202C,0x1726D8;0x174708;0x174708;0x1AA4E4;0x1AA4E4;0x174708
FN_libARSPM_001637E0,0x1637E0,sub_1637E0,0x260838;0x260A04;0x260A5C,0x1726D8;0x173B3C;0x172690;0x172CC4
FN_libARSPM_00163870,0x163870,sub_163870,0x261804;0x261804;0x261EE4;0x26202C,
FN_libARSPM_001638D8,0x1638D8,sub_1638D8,0x258F58;0x258F58;0x259B6C;0x259CA4;0x263DE0;0x264394,
FN_libARSPM_00163940,0x163940,sub_163940,0x25C8F8,0x174980
FN_libARSPM_001639B0,0x1639B0,sub_1639B0,0x149A2C;0x15FD70;0x1601E0;0x1E6D70;0x25121C;0x25121C;0x258F58;0x258F58;0x25B59C;0x25C8F8,0x1634C4
FN_libARSPM_001639E0,0x1639E0,sub_1639E0,0x164BCC;0x260A5C,0x1726D8;0x139C18
FN_libARSPM_00163C10,0x163C10,sub_163C10,0x149A2C;0x160BD8;0x160BD8;0x1E72D4,0x163CA0;0x4ECA80;0x4ECB10
FN_libARSPM_00163CA0,0x163CA0,sub_163CA0,0x163C10;0x1644CC;0x164BCC;0x1660D8,0x1B5FF0;0x164218;0x16437C;0x1E98C8;0x165640;0x1657F4;0x1D4688;0x4ECB10
FN_libARSPM_00163DC0,0x163DC0,sub_163DC0,0x1644CC;0x164BCC;0x1660D8,0x14602C;0x1B65E4;0x1634C4;0x1B65E4
FN_libARSPM_00163F4C,0x163F4C,sub_163F4C,0x25221C;0x25C8F8,0x1B5FF0;0x1B5FF0;0x14602C;0x1B65E4;0x164218;0x16437C;0x172A20;0x1634C4;0x4ECA80;0x4ECB10
FN_libARSPM_00164218,0x164218,sub_164218,0x163CA0;0x163F4C,
FN_libARSPM_0016437C,0x16437C,sub_16437C,0x163CA0;0x163F4C,0x1B5FF0
FN_libARSPM_001644CC,0x1644CC,sub_1644CC,0x1644CC;0x257FCC,0x14602C;0x1B5FF0;0x163DC0;0x163CA0;0x172A20;0x4ECA80;0x1681A0;0x4ECB10;0x167CB0;0x18B76C
FN_libARSPM_00164BCC,0x164BCC,sub_164BCC,0x166CD4;0x258F58;0x25C8F8;0x260838,0x172A20;0x1634C4;0x172A20;0x1634C4;0x163DC0;0x172A20;0x1634C4;0x1639E0;0x163CA0;0x172A20
FN_libARSPM_00165640,0x165640,sub_165640,0x163CA0;0x1667A4;0x166A84;0x166CD4;0x167650;0x16786C,0x4ECA80;0x1681A0;0x4ECB10;0x167CB0;0x4ECB10;0x4ECB10;0x145ED8;0x13FCA8;0x13A344;0x13A594
FN_libARSPM_001657F4,0x1657F4,sub_1657F4,0x163CA0;0x16786C,0x13AA08;0x18B76C;0x18C3A0;0x4ECA80;0x18BF58;0x4ECB10;0x14602C;0x1B65E4;0x13A594;0x18B9C0
FN_libARSPM_00165B58,0x165B58,sub_165B58,0x1657F4;0x1660D8,0x1636F0;0x1B65E4;0x1D3364;0x1726D8;0x1632B0;0x1756D8;0x4ECA80;0x1BEF18;0x4ECB10;0x1D3364
FN_libARSPM_001660D8,0x1660D8,sub_1660D8,0x167398,0x1756D8;0x163DC0;0x163CA0;0x172A20;0x1D3364;0x4ECA80;0x165B58;0x4ECB10;0x4ECA80;0x1F37A4
FN_libARSPM_001667A4,0x1667A4,sub_1667A4,0x263260,0x174980;0x1B5FF0;0x1E98D0;0x165640;0x13AA08;0x13FF08;0x1D4688;0x172A20;0x1634C4;0x172A20
FN_libARSPM_00166A84,0x166A84,sub_166A84,0x264C64,0x165640;0x18B76C;0x4ECA80;0x18C0B8;0x4ECB10;0x13BDC0;0x18B9C0;0x1D4688;0x172A20;0x1634C4
FN_libARSPM_00166CD4,0x166CD4,sub_166CD4,0x25A560,0x174980;0x1D3370;0x4ECB10;0x172A20;0x1B5FF0;0x165640;0x18B76C;0x13CAEC;0x18B9C0;0x1D4688
FN_libARSPM_0016724C,0x16724C,sub_16724C,0x25121C;0x258F58;0x25B59C;0x25B59C;0x25C8F8;0x260EE4;0x262140;0x263DE0,
FN_libARSPM_00167274,0x167274,sub_167274,0x25121C;0x258F58;0x25B59C;0x25C8F8;0x260EE4;0x262140;0x263DE0,0x4ECB10;0x2666F8;0x4ECB10;0x4ECB10
FN_libARSPM_00167398,0x167398,sub_167398,0x25121C;0x258F58;0x25B59C;0x25C8F8;0x262140;0x263DE0,0x1348D0;0x2666F8;0x1660D8;0x1349B8;0x1348D0;0x2666F8
FN_libARSPM_0016758C,0x16758C,sub_16758C,0x25121C;0x258F58;0x25B59C;0x25C8F8;0x262140;0x263DE0,0x1B5FF0;0x1B6044
FN_libARSPM_00167650,0x167650,sub_167650,0x25121C;0x258F58;0x25B59C;0x25C8F8;0x262140;0x263DE0,0x165640;0x18B76C;0x18C0B8;0x4ECB10;0x13BDC0;0x18B9C0;0x1D4688;0x172A20;0x1634C4;0x172A20
FN_libARSPM_0016786C,0x16786C,sub_16786C,0x260EE4,0x172A20;0x1634C4;0x4ECA80;0x4ECA80;0x1B6044;0x1B5FF0;0x165640;0x137BB4;0x1657F4;0x137BD8
FN_libARSPM_00167B58,0x167B58,sub_167B58,0x165B58;0x258F58;0x258F58;0x258F58;0x25B59C;0x25B59C;0x25B59C;0x25B59C;0x25B59C;0x25B59C,0x148194;0x4ECB10;0x14803C;0x148054;0x4ECB10;0x14803C;0x148054
FN_libARSPM_00167C58,0x167C58,sub_167C58,0x162FD8;0x1644CC;0x165640;0x1B156C;0x1B1860;0x1B1BA8;0x1B8E08;0x1F2E80;0x1F2EF0;0x1F30F4,
FN_libARSPM_00167C6C,0x167C6C,sub_167C6C,0x1A16BC;0x1A16BC;0x31CF78,
FN_libARSPM_00167C88,0x167C88,sub_167C88,0x1430B0;0x1430B0;0x14DACC;0x156A2C;0x1570DC;0x1570DC;0x1D4A50;0x1EE430;0x2DC2C4;0x468038,
FN_libARSPM_00167CA8,0x167CA8,sub_167CA8,0x1E5470;0x1E6074;0x1E6074;0x1E6074;0x1E6074;0x2135E4;0x21CAB0;0x3A6AE0;0x467DAC;0x487650,
FN_libARSPM_00167CB0,0x167CB0,sub_167CB0,0x12CC60;0x12CC60;0x12EB1C;0x12EB1C;0x12EB1C;0x12ED20;0x12ED20;0x12EDB4;0x12EDB4;0x12EDB4,0x4ECB10
FN_libARSPM_00167CF4,0x167CF4,sub_167CF4,0x1D3574;0x2248D4;0x2248D4;0x224C0C;0x224C0C;0x34B7D8,
FN_libARSPM_00167D08,0x167D08,sub_167D08,0x134F60;0x13635C;0x136738;0x136738;0x137174;0x137E84;0x137E84;0x137E84;0x138DEC;0x138DEC,0x4ECA80
FN_libARSPM_00167D50,0x167D50,sub_167D50,0x12ED20;0x134FD4;0x135150;0x135374;0x1430B0;0x143354;0x1D36E0;0x1D36E0;0x1E50BC;0x1E50BC,
FN_libARSPM_00167D68,0x167D68,sub_167D68,0x135094;0x136218;0x1362C0;0x1365B4;0x136678;0x13A264;0x1437E8;0x1569B0;0x1570DC;0x16BA58,0x4ECA80;0x4ECB10
FN_libARSPM_00167DE0,0x167DE0,sub_167DE0,0x135150;0x135150;0x137174;0x1432F8;0x143354;0x1A0D90;0x1A9820;0x1A98A4;0x1A9950;0x1B5EA4,0x4ECB10
FN_libARSPM_00167E44,0x167E44,sub_167E44,0x1612E0;0x2248D4;0x2248D4;0x2248D4;0x2248D4;0x224C0C;0x224C0C;0x224C0C;0x224C0C;0x224C0C,
FN_libARSPM_00167E4C,0x167E4C,sub_167E4C,0x2D07A8,0x4ECA80
FN_libARSPM_00167E80,0x167E80,sub_167E80,0x135374;0x1430B0;0x1E50BC;0x1E50BC;0x2163A8;0x2192A8;0x25E694;0x265F48;0x265F48;0x2E9734,0x4ECA80
FN_libARSPM_00167EC8,0x167EC8,sub_167EC8,0x12ED20;0x143354;0x1D36E0;0x1D36E0;0x1E5470;0x1E6AA4;0x1E86E4;0x2163A8;0x217F40;0x2192A8,0x4ECA80
FN_libARSPM_00167F10,0x167F10,sub_167F10,0x34BBC0,
FN_libARSPM_00167F28,0x167F28,sub_167F28,0x12EB1C;0x12EB1C;0x135374;0x135574;0x135634;0x135828;0x1358D0;0x1358D0;0x135B2C;0x135D80,
FN_libARSPM_00167F48,0x167F48,sub_167F48,0x135574;0x1355F8;0x1361BC;0x13635C;0x136738;0x156E44;0x15702C;0x16A46C;0x1B0EA0;0x1B0EA0,
FN_libARSPM_00167F68,0x167F68,sub_167F68,0x156E44;0x156E44;0x15702C;0x1A9AAC;0x1A9C5C;0x1A9C5C;0x1B25D4,
FN_libARSPM_00167FA8,0x167FA8,sub_167FA8,0x16A46C;0x1A0D90;0x1A12DC;0x1C0F28;0x1C37C4;0x1E4D88;0x1E8C80;0x1EA4E8;0x38CD5C;0x38CD5C,
FN_libARSPM_001680F4,0x1680F4,sub_1680F4,0x138DEC;0x138DEC;0x147840;0x147840;0x148ECC;0x149A2C;0x14A420;0x1A16BC;0x1A9C5C;0x1E6D70,
FN_libARSPM_001680FC,0x1680FC,sub_1680FC,0x137E84;0x137E84;0x138DEC;0x2D6B50;0x2DBEA0;0x3A7288,0x4ECA80
FN_libARSPM_00168130,0x168130,sub_168130,0x1A9950;0x1E4D88;0x1E5470;0x1E5ED0;0x1E6AA4;0x1E86E4;0x21FB34;0x21FB34,
FN_libARSPM_0016814C,0x16814C,sub_16814C,0x12CC60;0x12F52C;0x148FD8;0x1A16BC;0x218B94;0x21FB34;0x252C80;0x2E9734;0x2F75D4;0x346CFC,
FN_libARSPM_00168168,0x168168,sub_168168,0x131100;0x137E84;0x138DEC;0x1599F4;0x1599F4;0x1A9C5C;0x1A9C5C;0x1E9114;0x2089B4;0x2089B4,
FN_libARSPM_0016818C,0x16818C,sub_16818C,0x32A0E4,
FN_libARSPM_001681A0,0x1681A0,sub_1681A0,0x14A4A4;0x162FD8;0x1644CC;0x165640;0x21CAB0;0x31A4B4;0x31AD1C,
FN_libARSPM_001681BC,0x1681BC,sub_1681BC,0x25DB4C,
FN_libARSPM_001681D8,0x1681D8,sub_1681D8,0x12F6E0;0x1B3DC4;0x207774;0x466AA0,
FN_libARSPM_001681F4,0x1681F4,sub_1681F4,0x1595F0;0x1595F0;0x15D0AC,
FN_libARSPM_00168208,0x168208,sub_168208,0x135F34;0x16BA58;0x16C158;0x1A98A4;0x1C0F28;0x225508;0x256820;0x2E23CC;0x2E4B0C;0x2E563C,
FN_libARSPM_00168224,0x168224,sub_168224,0x31AD1C,
FN_libARSPM_00168238,0x168238,sub_168238,0x134F28;0x136218;0x13635C;0x1365B4;0x136678;0x13A264;0x1437E8;0x149E04;0x149E04;0x14B958,
FN_libARSPM_0016824C,0x16824C,sub_16824C,0x135374,
FN_libARSPM_001682B0,0x1682B0,sub_1682B0,0x13C7F4,
FN_libARSPM_00168470,0x168470,sub_168470,0x148FD8;0x2DAD40,0x1348D0;0x2666F8;0x1348D0;0x2666F8;0x1348D0;0x2666F8;0x1348D0;0x2666F8;0x1349B8;0x1348D0
FN_libARSPM_00168E00,0x168E00,sub_168E00,0x148FD8;0x148FD8;0x37E9E0;0x37E9E0;0x37E9E0,
FN_libARSPM_00168F44,0x168F44,sub_168F44,0x37E9E0,
FN_libARSPM_0016904C,0x16904C,sub_16904C,0x16921C,0x1726D8;0x1602DC;0x1726D8;0x1726D8;0x1726D8;0x173B3C;0x172690;0x4ECA80;0x15F61C;0x4ECB10
FN_libARSPM_0016921C,0x16921C,sub_16921C,,0x15FA4C;0x1B3158;0x4ECA80;0x16904C;0x4ECB10;0x4ECB10;0x2666F8
FN_libARSPM_00169378,0x169378,sub_169378,,0x15FCB0
FN_libARSPM_001693AC,0x1693AC,sub_1693AC,,0x172B8C;0x1694C8;0x160B34;0x4ECB10;0x4ECB10
FN_libARSPM_001694C8,0x1694C8,sub_1694C8,0x1693AC,0x4ECA80;0x4ECA80;0x1E98D8;0x4ECA80;0x4ECA80;0x1E98D8;0x4ECB10;0x4ECB10
FN_libARSPM_00169778,0x169778,sub_169778,,0x172B8C;0x160964
FN_libARSPM_001697FC,0x1697FC,sub_1697FC,,0x172B8C;0x1609A0
FN_libARSPM_00169870,0x169870,sub_169870,,0x174980;0x15F2A0;0x174980
FN_libARSPM_001698F8,0x1698F8,sub_1698F8,,0x15F858
FN_libARSPM_0016993C,0x16993C,sub_16993C,0x148AE8;0x47730C;0x4775B4;0x48D400;0x48D400;0x48D400;0x49FFB8,
FN_libARSPM_00169990,0x169990,sub_169990,0x137E84;0x137E84;0x138DEC;0x13A594;0x13A72C;0x148A64;0x148B74;0x149604;0x149930;0x1F8AE0,
FN_libARSPM_00169A4C,0x169A4C,sub_169A4C,0x13A344;0x148944,
FN_libARSPM_00169A74,0x169A74,sub_169A74,0x148944;0x148944,
FN_libARSPM_00169AD0,0x169AD0,sub_169AD0,0x13A44C,
FN_libARSPM_00169AE4,0x169AE4,sub_169AE4,0x4B06D4,
FN_libARSPM_00169B1C,0x169B1C,sub_169B1C,0x137174;0x13743C;0x1377E8;0x137E84;0x13AB30;0x13ACB8;0x13AEC0;0x13B144;0x13B3F0;0x13B740,
FN_libARSPM_00169FF8,0x169FF8,sub_169FF8,0x148944;0x148944;0x148944;0x148A64,
FN_libARSPM_0016A078,0x16A078,sub_16A078,0x4B0DB0,0x175EEC
FN_libARSPM_0016A0C4,0x16A0C4,sub_16A0C4,0x4729B8;0x4729B8;0x4729B8;0x4773BC;0x4773BC;0x4773BC;0x48D400;0x48D400;0x48D400;0x49FFB8,
FN_libARSPM_0016A1F4,0x16A1F4,sub_16A1F4,0x4729B8,0x175EEC
FN_libARSPM_0016A3D8,0x16A3D8,sub_16A3D8,0x4729B8,
FN_libARSPM_0016A46C,0x16A46C,sub_16A46C,0x1358D0;0x135B2C;0x136030;0x1D4688;0x1EA260;0x1EA868,0x167F28;0x167F28;0x167F48;0x167FA8;0x266704;0x1A0740
FN_libARSPM_0016A584,0x16A584,sub_16A584,,0x2666F8
FN_libARSPM_0016A5AC,0x16A5AC,sub_16A5AC,,0x2666F8;0x1A078C
FN_libARSPM_0016A5E4,0x16A5E4,sub_16A5E4,0x154AF8;0x158728;0x16BA58;0x16C158;0x16C6FC;0x16DE18;0x1B1BA8;0x1B1BA8;0x1B1BA8;0x1C0F28,
FN_libARSPM_0016A614,0x16A614,sub_16A614,0x16BCBC;0x16C41C,
FN_libARSPM_0016A668,0x16A668,sub_16A668,0x158728;0x16BA58;0x16C158;0x16C6FC;0x16DE18;0x16DE18;0x2268C4;0x226FB0,
FN_libARSPM_0016A680,0x16A680,sub_16A680,0x16A850;0x16B13C;0x16B13C;0x16B13C;0x16B668;0x16BCBC;0x16BD50;0x16C41C;0x16C6FC;0x16C6FC,
FN_libARSPM_0016A684,0x16A684,sub_16A684,0x16E64C;0x16E64C;0x3F4E68,
FN_libARSPM_0016A7D4,0x16A7D4,sub_16A7D4,,0x266704
FN_libARSPM_0016A810,0x16A810,sub_16A810,0x150954;0x150954;0x151938;0x154AF8,
FN_libARSPM_0016A850,0x16A850,sub_16A850,0x157D4C,0x16A900;0x136BB0;0x16A680
FN_libARSPM_0016A900,0x16A900,sub_16A900,0x16A850;0x16B13C,0x1AD724;0x1B88EC;0x154498;0x1B6994;0x1B8AB8;0x1B5FF0;0x1B5FF0;0x1B5FF0;0x1B5FF0;0x1B5FF0
FN_libARSPM_0016B13C,0x16B13C,sub_16B13C,0x158008,0x194A3C;0x18E08C;0x16A900;0x136BB0;0x16A680;0x158728;0x1AD724;0x1B88EC;0x1B8AB8;0x154498
FN_libARSPM_0016B3B0,0x16B3B0,sub_16B3B0,,0x1756D8
FN_libARSPM_0016B4AC,0x16B4AC,sub_16B4AC,0x21BF20,0x16C69C
FN_libARSPM_0016B4F8,0x16B4F8,sub_16B4F8,0x2E23CC;0x2E23CC;0x2E705C,
FN_libARSPM_0016B504,0x16B504,sub_16B504,,0x174B9C
FN_libARSPM_0016B528,0x16B528,sub_16B528,,0x174B9C
FN_libARSPM_0016B588,0x16B588,sub_16B588,0x16BD50,0x174B9C
FN_libARSPM_0016B5F8,0x16B5F8,sub_16B5F8,0x16B668,0x174B9C
FN_libARSPM_0016B668,0x16B668,sub_16B668,,0x174B9C;0x16E5F0;0x1AAAA8;0x174B9C;0x171FD8;0x16B5F8;0x16BCBC;0x16BA58;0x16A680
FN_libARSPM_0016BA58,0x16BA58,sub_16BA58,0x16B668,0x16A5E4;0x16A668;0x1AC898;0x1ACA84;0x168208;0x167D08;0x172A20;0x157374;0x167D68;0x18B76C
FN_libARSPM_0016BCBC,0x16BCBC,sub_16BCBC,0x16B668,0x16A614;0x1BB308;0x16A680;0x172124
FN_libARSPM_0016BD50,0x16BD50,sub_16BD50,,0x174B9C;0x16DE18;0x174B9C;0x172230;0x16C158;0x16A680;0x16B588;0x16C41C
FN_libARSPM_0016C158,0x16C158,sub_16C158,0x16BD50,0x16A5E4;0x16A668;0x1AC898;0x1ACA84;0x168208;0x167D08;0x172A20;0x157374;0x167D68;0x18B76C
FN_libARSPM_0016C41C,0x16C41C,sub_16C41C,0x16BD50,0x16A614;0x1BB308;0x16A680;0x1723B8
FN_libARSPM_0016C4B8,0x16C4B8,sub_16C4B8,,0x1B2C54;0x1B2B40;0x1B295C;0x1B2B40;0x1B295C
FN_libARSPM_0016C5B8,0x16C5B8,sub_16C5B8,0x209264;0x209264;0x3FC31C,
FN_libARSPM_0016C69C,0x16C69C,sub_16C69C,0x16B4AC,
FN_libARSPM_0016C6D4,0x16C6D4,sub_16C6D4,0x209264;0x209264,
FN_libARSPM_0016C6FC,0x16C6FC,sub_16C6FC,0x2268C4,0x16E5F8;0x16E620;0x16E64C;0x16CF04;0x16D4F8;0x16A5E4;0x16A668;0x16D620;0x16D240;0x16A680
FN_libARSPM_0016CE5C,0x16CE5C,sub_16CE5C,0x16C6FC,
FN_libARSPM_0016CF04,0x16CF04,sub_16CF04,0x16C6FC,
FN_libARSPM_0016D098,0x16D098,sub_16D098,0x16C6FC,
FN_libARSPM_0016D240,0x16D240,sub_16D240,0x16C6FC,
FN_libARSPM_0016D464,0x16D464,sub_16D464,0x16C6FC,
FN_libARSPM_0016D4F8,0x16D4F8,sub_16D4F8,0x16C6FC,
FN_libARSPM_0016D588,0x16D588,sub_16D588,0x16C6FC,
FN_libARSPM_0016D620,0x16D620,sub_16D620,0x16C6FC,
FN_libARSPM_0016D6E8,0x16D6E8,sub_16D6E8,0x16C6FC,
FN_libARSPM_0016D790,0x16D790,sub_16D790,0x16C6FC,
FN_libARSPM_0016D994,0x16D994,sub_16D994,0x16DE18;0x16DE18,0x14E8AC
FN_libARSPM_0016DE18,0x16DE18,sub_16DE18,0x16BD50,0x14E8AC;0x16A5E4;0x16A668;0x14E8AC;0x14E8AC;0x16D994;0x16D994;0x16A668;0x16A680;0x2666F8
FN_libARSPM_0016E5F0,0x16E5F0,sub_16E5F0,0x16B668,
FN_libARSPM_0016E5F8,0x16E5F8,sub_16E5F8,0x16C6FC,
FN_libARSPM_0016E620,0x16E620,sub_16E620,0x16C6FC,
FN_libARSPM_0016E64C,0x16E64C,sub_16E64C,0x16C6FC,0x171CD8;0x171CD8;0x14119C;0x16A684;0x14130C;0x14130C;0x16A684;0x1416F0;0x170EDC;0x2CFAA0
FN_libARSPM_00170EDC,0x170EDC,sub_170EDC,0x16E64C,0x1713B0;0x1713B0;0x1713B0;0x1713B0
FN_libARSPM_001713B0,0x1713B0,sub_1713B0,0x170EDC;0x170EDC;0x170EDC;0x170EDC,0x171754;0x171754
FN_libARSPM_00171754,0x171754,sub_171754,0x1713B0;0x1713B0,
FN_libARSPM_00171CD8,0x171CD8,sub_171CD8,0x16E64C;0x16E64C,
FN_libARSPM_00171FD8,0x171FD8,sub_171FD8,0x16B668,0x1BA598;0x1BA708;0x1BB474
FN_libARSPM_001720A8,0x1720A8,sub_1720A8,,0x136A58;0x136BB0
FN_libARSPM_00172124,0x172124,sub_172124,0x16BCBC,0x1BA598;0x136A58;0x1BAD28;0x1BB560
FN_libARSPM_00172230,0x172230,sub_172230,0x16BD50,0x1BA598;0x1BA708;0x1BB474
FN_libARSPM_00172338,0x172338,sub_172338,,0x136A58;0x136BB0
FN_libARSPM_001723B8,0x1723B8,sub_1723B8,0x16C41C,0x1BA598;0x136A58;0x1BAD28;0x1BB560
FN_libARSPM_001724FC,0x1724FC,sub_1724FC,,0x136BB0
FN_libARSPM_00172598,0x172598,sub_172598,,0x136BB0
FN_libARSPM_0017260C,0x17260C,sub_17260C,0x1ECDC8,
FN_libARSPM_00172690,0x172690,sub_172690,0x13895C;0x138DEC;0x139708;0x139C18;0x13DEB8;0x149F6C;0x1573B8;0x15A6D8;0x163120;0x1633AC,
FN_libARSPM_001726AC,0x1726AC,sub_1726AC,0x157C4C;0x157D4C;0x158204;0x158FF4;0x1599F4;0x15A6D8;0x15D0AC;0x15F178;0x19103C;0x191920,
FN_libARSPM_001726D8,0x1726D8,sub_1726D8,0x136E54;0x13895C;0x138DEC;0x138DEC;0x139708;0x139C18;0x139C18;0x139C18;0x13A594;0x13AFA0,
FN_libARSPM_001727BC,0x1727BC,sub_1727BC,0x162008;0x162184;0x162BDC;0x20ACE8;0x20ACE8;0x20ACE8;0x20ACE8;0x20B79C;0x2DCD84;0x2DD140,
FN_libARSPM_00172858,0x172858,sub_172858,0x2E23CC;0x31F8D8;0x322268;0x323078;0x357724;0x374944;0x38CA18;0x38CA18;0x38CD5C;0x3FB3CC,0x1726D8
FN_libARSPM_0017296C,0x17296C,sub_17296C,0x2E23CC;0x3351FC;0x33545C;0x364E70,0x1726D8
FN_libARSPM_00172A20,0x172A20,sub_172A20,0x1377E8;0x138DEC;0x138DEC;0x139BB4;0x149A2C;0x14BE8C;0x158728;0x158928;0x15D0AC;0x15FD70,
FN_libARSPM_00172A64,0x172A64,sub_172A64,0x1335CC;0x13DEB8;0x144458;0x149A2C;0x158FF4;0x15D0AC;0x2009D8;0x24F578;0x24F578;0x24FC68,0x1726D8;0x1734FC
FN_libARSPM_00172B8C,0x172B8C,sub_172B8C,0x15774C;0x158204;0x1633AC;0x1693AC;0x169778;0x1697FC;0x1EE800;0x2009D8;0x201AC8;0x201AC8,0x1726D8;0x1734FC
FN_libARSPM_00172BE0,0x172BE0,sub_172BE0,0x1324AC;0x1435D0;0x1439F4;0x143CA0;0x143EE8;0x144184;0x1448C0;0x149F6C;0x15E3C4;0x190410,0x1734FC
FN_libARSPM_00172CC4,0x172CC4,sub_172CC4,0x138DEC;0x158FF4;0x1633AC;0x1633AC;0x1637E0;0x198458;0x1C2790;0x1D43B0;0x1D776C;0x21D564,0x1726D8;0x1734FC
FN_libARSPM_00172D18,0x172D18,sub_172D18,0x139708;0x15D0AC;0x15EC9C;0x15EDD8;0x15F0E4;0x1632B0;0x190410;0x190A00;0x1A0500;0x1A0578,
FN_libARSPM_00172D64,0x172D64,sub_172D64,0x1335CC;0x15D0AC;0x1632B0;0x1756F0;0x190A00;0x198458;0x1F4B38;0x2009D8;0x31AD1C,
FN_libARSPM_00172DF0,0x172DF0,sub_172DF0,0x1324AC;0x1324AC;0x21D564;0x21D564;0x21D564;0x21D6E4;0x221534;0x2216B0;0x2F3F74;0x3F85B8,0x1734FC
FN_libARSPM_00172E5C,0x172E5C,sub_172E5C,0x1EE800,
FN_libARSPM_00172EB0,0x172EB0,sub_172EB0,0x19DFA0;0x2216B0;0x24F578;0x24F578;0x24FC68;0x364958,
FN_libARSPM_00172EF0,0x172EF0,sub_172EF0,0x149F6C;0x158FF4;0x1DE2D0;0x1DE554;0x1F4B38;0x1F4B38;0x4EB8FC;0x4EBB18,
FN_libARSPM_00172F38,0x172F38,sub_172F38,0x198458,
FN_libARSPM_00172F60,0x172F60,sub_172F60,0x4D3264,
FN_libARSPM_00173010,0x173010,sub_173010,0x13A44C;0x190A00;0x190A00;0x4769C0;0x4769C0;0x4769C0;0x480434;0x480434;0x4828F8;0x4828F8,
FN_libARSPM_00173098,0x173098,sub_173098,0x1335CC;0x190A00,0x1734FC
FN_libARSPM_001731BC,0x1731BC,sub_1731BC,0x1324AC,0x1734FC
FN_libARSPM_001732E0,0x1732E0,sub_1732E0,0x13A594;0x4769C0,
FN_libARSPM_00173310,0x173310,sub_173310,0x15F0E4;0x1C2790;0x1D776C,0x1734FC
FN_libARSPM_00173384,0x173384,sub_173384,0x139708;0x144458;0x161074;0x166CD4;0x1E50BC;0x2138A4;0x21CAB0;0x255AE8;0x25A02C;0x25C8F8,
FN_libARSPM_001734FC,0x1734FC,sub_1734FC,0x14B958;0x1599F4;0x164BCC;0x166CD4;0x172A64;0x172B8C;0x172BE0;0x172CC4;0x172DF0;0x173098,0x1726D8;0x1726D8
FN_libARSPM_00173840,0x173840,sub_173840,0x139708;0x14B6A8;0x15774C;0x158FF4;0x15A6D8;0x15D0AC;0x163680;0x190A00;0x190A00;0x190A00,
FN_libARSPM_00173848,0x173848,sub_173848,,0x1726D8
FN_libARSPM_001738A8,0x1738A8,sub_1738A8,0x13DC60;0x15E3C4;0x190410;0x2075DC;0x207988;0x359FF8;0x370A0C;0x3F798C;0x3F7C28;0x3F7F60,0x1726D8
FN_libARSPM_00173910,0x173910,sub_173910,0x173B3C,
FN_libARSPM_00173B3C,0x173B3C,sub_173B3C,0x13895C;0x138DEC;0x139708;0x139C18;0x13DEB8;0x149F6C;0x1573B8;0x15A6D8;0x163120;0x1633AC,0x1726D8;0x173910
FN_libARSPM_00174184,0x174184,sub_174184,0x198388;0x352FCC;0x352FCC;0x352FCC;0x352FCC;0x352FCC,0x1726D8
FN_libARSPM_00174370,0x174370,sub_174370,0x15A6D8;0x175BA0;0x38CD5C;0x3FFDC0;0x3FFDC0;0x3FFDC0;0x3FFDC0;0x3FFDC0;0x3FFDC0;0x3FFDC0,0x1726D8
FN_libARSPM_00174708,0x174708,sub_174708,0x1575F0;0x15774C;0x157C4C;0x157D4C;0x158204;0x1636B4;0x1636F0;0x1636F0;0x1636F0;0x174B9C,0x1726D8
FN_libARSPM_00174928,0x174928,sub_174928,0x136E54;0x15EC9C,
FN_libARSPM_00174980,0x174980,sub_174980,0x13895C;0x138AF0;0x139C18;0x139DD0;0x13B870;0x13FA30;0x13FA30;0x1421D0;0x1437E8;0x144184,0x1726D8;0x1726D8;0x1B60E0;0x1726D8;0x1B61F8;0x1726D8;0x18D2E0;0x18F468;0x191920;0x18E03C
FN_libARSPM_00174B9C,0x174B9C,sub_174B9C,0x16B504;0x16B528;0x16B588;0x16B5F8;0x16B668;0x16B668;0x16BD50;0x16BD50;0x2268C4;0x333DF8,0x174708;0x1AA4E4;0x1AA4E4
FN_libARSPM_00175040,0x175040,sub_175040,0x1599F4;0x21D564;0x21D6E4;0x47EDC4,0x2CFAA0;0x173B3C;0x1734FC
FN_libARSPM_001752EC,0x1752EC,sub_1752EC,0x201FF4;0x3F2B94,0x1726D8
FN_libARSPM_00175418,0x175418,sub_175418,0x15F178;0x2E23CC;0x321154;0x333DF8;0x357724;0x357AD4;0x359BD0;0x359BD0;0x38CD5C;0x394D28,0x1726D8
FN_libARSPM_00175544,0x175544,sub_175544,0x2D7D60;0x38C2D0,0x1726D8
FN_libARSPM_001756D8,0x1756D8,sub_1756D8,0x139708;0x139708;0x13D614;0x144CF4;0x14BE8C;0x158FF4;0x1599F4;0x15D0AC;0x15F2B8;0x15F2B8,
FN_libARSPM_001756E4,0x1756E4,sub_1756E4,0x351154;0x356168;0x356168;0x356638;0x356638;0x3570AC;0x3570AC;0x360F0C;0x361AA4;0x362400,
FN_libARSPM_001756F0,0x1756F0,sub_1756F0,0x1632B0;0x1EF854;0x21CAB0;0x222F70;0x2E23CC;0x2E435C,0x1AA4E4;0x1AA4E4;0x172D64
FN_libARSPM_00175834,0x175834,sub_175834,0x1E2E38;0x1FD094;0x1FD318,
FN_libARSPM_00175850,0x175850,sub_175850,0x1B3158,
FN_libARSPM_00175860,0x175860,sub_175860,,0x1726D8
FN_libARSPM_001758A4,0x1758A4,sub_1758A4,0x137E84;0x138DEC;0x138DEC;0x13DC60;0x14B958,0x1726D8;0x1726D8;0x174980
FN_libARSPM_00175BA0,0x175BA0,sub_175BA0,0x15F178;0x1632B0;0x21CAB0;0x3F85B8,0x174370
FN_libARSPM_00175C94,0x175C94,sub_175C94,0x1A05F0,0x1AA4E4;0x1AA4E4
FN_libARSPM_00175D0C,0x175D0C,sub_175D0C,0x2AA038;0x2AA038,
FN_libARSPM_00175D8C,0x175D8C,sub_175D8C,0x2AA038;0x2AA038,
FN_libARSPM_00175EEC,0x175EEC,sub_175EEC,0x16A078;0x16A1F4;0x2AA038;0x2AA038,
FN_libARSPM_0017629C,0x17629C,sub_17629C,0x176D00,
FN_libARSPM_001763AC,0x1763AC,sub_1763AC,0x1780D0;0x1BBC58;0x1BBC58;0x1BBC58;0x1BBC58;0x1BBC58;0x1BBC58;0x1BBC58;0x1BBC58;0x26B064,
FN_libARSPM_00176428,0x176428,sub_176428,0x176D00,0x1DA35C;0x1DA35C;0x1D91C4;0x1D93F8;0x1D8FA8
FN_libARSPM_001766C0,0x1766C0,sub_1766C0,0x176D00,0x267648
FN_libARSPM_00176728,0x176728,sub_176728,0x36F1C4,0x146800;0x1767DC;0x4ECB10
FN_libARSPM_001767DC,0x1767DC,sub_1767DC,0x176728,0x1D8FB8;0x1DA048;0x1D99C4;0x1D94A0;0x1D8FB8;0x1D8FB8;0x1D8FB8;0x178354;0x1D91C4;0x1D93F8
FN_libARSPM_00176D00,0x176D00,sub_176D00,0x1767DC,0x176428;0x1D93F8;0x1D9180;0x1D93F8;0x1DA35C;0x26852C;0x268CD8;0x177680;0x1D93F8;0x2676EC
FN_libARSPM_001775E4,0x1775E4,sub_1775E4,0x176D00;0x2A0590;0x2A2078;0x2A89EC;0x2A9CF8;0x2AF7B8;0x2B5BC8;0x40404C;0x404FA0;0x4060F0,0x178340
FN_libARSPM_00177680,0x177680,sub_177680,0x176D00;0x176D00,0x1BBC58;0x1BBC58;0x1D8FA8;0x1D9180;0x1D8FB8;0x1D91C4;0x1D93F8;0x1DA35C;0x1D91C4;0x17832C
FN_libARSPM_00177A2C,0x177A2C,sub_177A2C,0x176D00;0x176D00,0x2B93F8
FN_libARSPM_00177A68,0x177A68,sub_177A68,0x176D00,0x2B93F8
FN_libARSPM_00177AA4,0x177AA4,sub_177AA4,0x177E58;0x36BCF8;0x36C2CC;0x36D5D0;0x36D694;0x36ED80;0x36F1C4,0x4ECB10;0x2B93F8;0x2B93F8;0x1D93F8;0x1D93F8
FN_libARSPM_00177BB8,0x177BB8,sub_177BB8,0x176D00,0x1D9180;0x1D9180;0x1472A8;0x1472A8;0x1472A8;0x1472A8;0x1472A8;0x1472A8;0x1472A8;0x178468
FN_libARSPM_00177E58,0x177E58,sub_177E58,0x1FF2C0,0x4ECB10;0x14803C;0x148054;0x4ECB10;0x4ECB10;0x4ECB10;0x177AA4
FN_libARSPM_00177F2C,0x177F2C,sub_177F2C,0x204DD4,0x4ECA80;0x4ECA80;0x4ECA80;0x4ECA80
FN_libARSPM_00177FD4,0x177FD4,sub_177FD4,0x13C4C8,
FN_libARSPM_001780D0,0x1780D0,sub_1780D0,,0x1763AC
FN_libARSPM_001782C0,0x1782C0,sub_1782C0,,0x266E00
FN_libARSPM_0017832C,0x17832C,sub_17832C,0x177680;0x1BD33C,0x15E638
FN_libARSPM_00178340,0x178340,sub_178340,0x176D00;0x1775E4;0x1BF1EC;0x267B00;0x267D4C;0x2694C4;0x2698DC;0x269DD0;0x269DD0;0x270988,0x15E638
FN_libARSPM_00178354,0x178354,sub_178354,0x1767DC;0x1767DC;0x1767DC;0x1767DC;0x1767DC;0x1767DC,0x1349B8;0x1348D0;0x1D91C4;0x1D93F8;0x2666F8
FN_libARSPM_00178468,0x178468,sub_178468,0x177BB8;0x36F6A0,0x15E638
FN_libARSPM_0017847C,0x17847C,sub_17847C,0x177BB8;0x36F818,0x15E638
FN_libARSPM_00178490,0x178490,sub_178490,,0x4ECB10;0x14803C
FN_libARSPM_001784DC,0x1784DC,sub_1784DC,,0x4ECB10;0x14803C;0x148054
FN_libARSPM_0017859C,0x17859C,sub_17859C,,0x4ECB10;0x14803C
FN_libARSPM_001785E8,0x1785E8,sub_1785E8,,0x4ECB10;0x14803C;0x148054
FN_libARSPM_00178694,0x178694,sub_178694,0x3099B0,0x1349B8;0x1348D0;0x4ECB10;0x2FA038;0x2666F8
FN_libARSPM_001787D0,0x1787D0,sub_1787D0,,0x4ECB10;0x14803C
FN_libARSPM_0017881C,0x17881C,sub_17881C,,0x4ECB10;0x14803C;0x148054
FN_libARSPM_001788D4,0x1788D4,sub_1788D4,,0x4ECB10;0x14803C
FN_libARSPM_00178920,0x178920,sub_178920,,0x4ECB10;0x14803C;0x148054
FN_libARSPM_001789CC,0x1789CC,sub_1789CC,,0x145E74;0x145E74
FN_libARSPM_0018B76C,0x18B76C,sub_18B76C,0x1318C0;0x1377E8;0x137E84;0x137E84;0x137E84;0x138AF0;0x138DEC;0x138DEC;0x138DEC;0x13C7F4,
FN_libARSPM_0018B794,0x18B794,sub_18B794,0x13F970,0x146908;0x147468;0x147628
FN_libARSPM_0018B83C,0x18B83C,sub_18B83C,0x13FCA8;0x149518;0x1644CC;0x18CA34;0x18CD84,0x146908;0x147468;0x147628
FN_libARSPM_0018B8BC,0x18B8BC,sub_18B8BC,0x137E84;0x137E84;0x13D374;0x13EE68;0x13F008;0x13F2FC;0x1400D0;0x142BD4;0x144458;0x148FD8,0x4ECA80;0x4ECA80;0x4ECA80;0x4ECA80;0x4ECA80;0x4ECA80
FN_libARSPM_0018B984,0x18B984,sub_18B984,0x13EE68;0x13F008;0x13F2FC;0x13F688;0x1F7464;0x4E9578;0x4E9578,
FN_libARSPM_0018B9C0,0x18B9C0,sub_18B9C0,0x137090;0x1377E8;0x1377E8;0x137E84;0x137E84;0x137E84;0x137E84;0x138AF0;0x138DEC;0x138DEC,0x4ECB10;0x4ECB10;0x4ECB10;0x4ECB10;0x4ECB10;0x4ECB10
FN_libARSPM_0018BAEC,0x18BAEC,sub_18BAEC,0x13C7F4;0x13DEB8;0x13E240;0x13E44C;0x13F688;0x13FA30;0x1D760C;0x1D788C,0x4ECA80;0x4ECB10;0x4ECA80;0x4ECB10;0x4ECA80;0x4ECB10;0x4ECA80;0x4ECB10;0x4ECA80;0x4ECB10
FN_libARSPM_0018BCC8,0x18BCC8,sub_18BCC8,0x18C110;0x4E9578;0x4E9578,0x4ECB10;0x4ECB10;0x4ECB10;0x4ECB10;0x4ECB10;0x4ECB10
FN_libARSPM_0018BE54,0x18BE54,sub_18BE54,0x139E30;0x4AEDA4;0x4AEDA4;0x4DE48C,0x4ECA80
FN_libARSPM_0018BE88,0x18BE88,sub_18BE88,0x142BD4;0x1B0EA0,0x4ECA80
FN_libARSPM_0018BEBC,0x18BEBC,sub_18BEBC,0x13DEB8;0x142BD4,0x4ECA80
FN_libARSPM_0018BEF0,0x18BEF0,sub_18BEF0,0x2D7D60;0x2D83BC;0x2D8A58;0x2D8A58;0x2D946C;0x2D9564;0x2D975C;0x2D9ABC;0x2D9D78,0x4ECA80
FN_libARSPM_0018BF24,0x18BF24,sub_18BF24,0x14E390;0x158FF4;0x1ECB78;0x1F8AE0;0x264864;0x4AEDA4;0x4DE48C,0x4ECA80
FN_libARSPM_0018BF58,0x18BF58,sub_18BF58,0x139E30;0x142A64;0x14DACC;0x1644CC;0x1657F4;0x18CA34;0x18CA34;0x18CD84;0x18CD84;0x18CD84,0x4ECB10
FN_libARSPM_0018BFB0,0x18BFB0,sub_18BFB0,0x137E84;0x13DEB8;0x142A64;0x142BD4;0x142BD4;0x18CD84;0x18CD84;0x18CD84;0x1FAE74;0x4AFBB0,0x4ECB10
FN_libARSPM_0018C008,0x18C008,sub_18C008,0x137E84;0x137E84;0x13C7F4;0x13EE68;0x13F008;0x13F2FC;0x13F688;0x158FF4;0x18CD84;0x18CD84,0x4ECB10
FN_libARSPM_0018C060,0x18C060,sub_18C060,0x13DEB8;0x13E240;0x13E44C;0x13EE68;0x13F008;0x13F2FC;0x13F688;0x13F688;0x13FA30;0x158928,0x4ECB10
FN_libARSPM_0018C0B8,0x18C0B8,sub_18C0B8,0x138DEC;0x13F688;0x144458;0x149F6C;0x149F6C;0x14B958;0x14BE8C;0x14DACC;0x158FF4;0x1599F4,0x4ECB10
FN_libARSPM_0018C110,0x18C110,sub_18C110,0x18CD84;0x1D760C,0x18BCC8;0x4ECB10;0x4ECB10;0x4ECB10;0x4ECB10;0x4ECB10;0x4ECB10
FN_libARSPM_0018C270,0x18C270,sub_18C270,0x13D374;0x13DEB8;0x13E240;0x13E44C;0x13EE68;0x13F008;0x13F2FC;0x13F688;0x13F688;0x13FA30,
FN_libARSPM_0018C28C,0x18C28C,sub_18C28C,0x1C0F28,
FN_libARSPM_0018C2AC,0x18C2AC,sub_18C2AC,0x148FD8;0x14DACC;0x209264;0x209264;0x2DA944;0x30C980;0x30CAFC;0x4E6F78;0x4E6F78,0x145ED8
FN_libARSPM_0018C2D8,0x18C2D8,sub_18C2D8,0x139E30;0x149604;0x158204;0x18CA34;0x1FFBC4;0x2E8B50;0x2E8B50;0x487958;0x4AEDA4;0x4E68CC,
FN_libARSPM_0018C2F4,0x18C2F4,sub_18C2F4,0x137E84;0x140FB4;0x14DACC;0x14EEE4;0x14F018;0x156A2C;0x158204;0x158204;0x18C748;0x18C748,
FN_libARSPM_0018C314,0x18C314,sub_18C314,0x2E7548;0x2E7548;0x2E8B50,
FN_libARSPM_0018C368,0x18C368,sub_18C368,0x148FD8;0x14D9C8;0x15D0AC;0x1D4A50;0x1FF9CC;0x1FFBC4;0x1FFBC4,
FN_libARSPM_0018C3A0,0x18C3A0,sub_18C3A0,0x1377E8;0x138AF0;0x13F970;0x13FCA8;0x142BD4;0x149518;0x14DACC;0x14DACC;0x1612E0;0x1657F4,0x141780;0x4ECB10;0x4ECB10
FN_libARSPM_0018C45C,0x18C45C,sub_18C45C,0x142BD4;0x18CD84;0x4AEDA4,0x4ECB10
FN_libARSPM_0018C4B4,0x18C4B4,sub_18C4B4,0x158204;0x158204;0x18CD84;0x1DA8AC;0x209264;0x3F85B8;0x4A9BD8;0x4ACBA4;0x4E73F0,
FN_libARSPM_0018C4C4,0x18C4C4,sub_18C4C4,0x18CD84;0x1DA8AC;0x4A9BD8;0x4ACBA4;0x4E73F0,
FN_libARSPM_0018C4D4,0x18C4D4,sub_18C4D4,0x158928;0x18CD84;0x1DA8AC;0x4ACBA4;0x4E73F0,
FN_libARSPM_0018C4F0,0x18C4F0,sub_18C4F0,0x18CD84;0x4A9BD8;0x4ACBA4;0x4E73F0,
FN_libARSPM_0018C514,0x18C514,sub_18C514,0x13B870;0x142BD4;0x1439F4;0x143CA0;0x143EE8;0x144184;0x2011A0;0x201294,0x15F4FC
FN_libARSPM_0018C570,0x18C570,sub_18C570,0x13B870;0x142BD4;0x1439F4;0x143CA0;0x143EE8;0x144184;0x2011A0;0x201294;0x4A9174,0x1DA9CC
FN_libARSPM_0018C670,0x18C670,sub_18C670,0x137C80;0x13B870;0x13D254;0x13D374;0x13E8B4;0x4A8FC4,0x146020
FN_libARSPM_0018C748,0x18C748,sub_18C748,0x136E54;0x13D254,0x146020;0x18C2F4;0x18C2F4;0x140BA4;0x18C2F4;0x18C2F4;0x18C2F4
FN_libARSPM_0018C94C,0x18C94C,sub_18C94C,0x14DACC;0x316088,
FN_libARSPM_0018C9B0,0x18C9B0,sub_18C9B0,0x1C287C;0x3FB3CC;0x3FCEAC;0x3FCEAC;0x3FD520;0x3FD750,0x145F0C;0x1F3CB4;0x14602C
FN_libARSPM_0018CA34,0x18CA34,sub_18CA34,0x14DACC,0x4ECA80;0x4ECA80;0x1EB4EC;0x4ECB10;0x4ECB10;0x18C0B8;0x4ECB10;0x18C2D8;0x18BF58;0x146908
FN_libARSPM_0018CC00,0x18CC00,sub_18CC00,0x3F55E0,0x18C2F4;0x18C2F4
FN_libARSPM_0018CD84,0x18CD84,sub_18CD84,0x1F7464;0x264864;0x3F55E0,0x18B76C;0x1B2C54;0x18C4B4;0x1B2C54;0x18C4C4;0x1B2F78;0x146908;0x18B83C;0x1B2B40;0x18C3A0
FN_libARSPM_0018D2E0,0x18D2E0,sub_18D2E0,0x12F1C4;0x1335CC;0x1335CC;0x148BE0;0x148D94;0x148E34;0x149518;0x149604;0x15774C;0x157D4C,0x19EB5C
FN_libARSPM_0018D324,0x18D324,sub_18D324,0x19B5DC,
FN_libARSPM_0018D364,0x18D364,sub_18D364,0x1335CC;0x1335CC;0x1335CC;0x19CE08;0x19DB54;0x1D6808;0x1FB7B8;0x1FB7B8;0x1FE6E0;0x1FE6E0,0x4ECA80
FN_libARSPM_0018D3DC,0x18D3DC,sub_18D3DC,0x12F1C4;0x12F1C4;0x1335CC;0x1335CC;0x1335CC;0x1335CC;0x1335CC;0x1335CC;0x1335CC;0x1335CC,0x4ECB10;0x19EAF0
FN_libARSPM_0018D428,0x18D428,sub_18D428,0x1335CC;0x1335CC;0x1335CC;0x1335CC;0x15BF9C;0x191E70;0x19C234;0x19C2E4;0x19C8D4;0x19C8D4,0x4ECA80;0x4ECB10;0x19EAF0
FN_libARSPM_0018D4D8,0x18D4D8,sub_18D4D8,0x1FB7B8;0x1FE6E0;0x473238;0x4993B4,
FN_libARSPM_0018D510,0x18D510,sub_18D510,0x1A05F0;0x1C0C8C;0x1C0C8C;0x1C0C8C;0x1DAB8C;0x1DD274;0x1DD274;0x207C10,
FN_libARSPM_0018D5A8,0x18D5A8,sub_18D5A8,0x1A05F0;0x1A05F0;0x1B3894;0x1B564C;0x1B58FC;0x1C31F0;0x1DD274;0x1DD61C;0x228478;0x22A5BC,0x1A04BC;0x19EB5C;0x4ECB10;0x19EAF0
FN_libARSPM_0018D638,0x18D638,sub_18D638,0x3395D8;0x4A7C38,0x18E800;0x18DAF4;0x1B6110;0x197BE4;0x18DED0
FN_libARSPM_0018DAC4,0x18DAC4,sub_18DAC4,0x1C5588;0x1C59B4;0x1CAC28;0x1D0C44;0x1DD274;0x209264;0x209264;0x22B068;0x328500;0x339E78,
FN_libARSPM_0018DAD4,0x18DAD4,sub_18DAD4,,0x18E800
FN_libARSPM_0018DAF4,0x18DAF4,sub_18DAF4,0x18D638;0x1DD274;0x22A26C;0x22A26C;0x328500;0x34E678;0x34F1DC;0x4ABA64;0x4ABF44,
FN_libARSPM_0018DB08,0x18DB08,sub_18DB08,,0x1B6110
FN_libARSPM_0018DED0,0x18DED0,sub_18DED0,0x18D638,0x2CFAA0;0x2666C0
FN_libARSPM_0018DEFC,0x18DEFC,sub_18DEFC,0x15BF9C;0x1FB7B8;0x1FE6E0;0x24F8C4;0x2DD140;0x2DD140;0x339E78;0x35B76C,
FN_libARSPM_0018DF10,0x18DF10,sub_18DF10,0x158928;0x158928;0x158FF4;0x1DAB8C;0x1DAB8C,0x19F334
FN_libARSPM_0018DF54,0x18DF54,sub_18DF54,0x1DD274;0x228478;0x24FDA4;0x339AEC;0x49FE2C,
FN_libARSPM_0018DF80,0x18DF80,sub_18DF80,0x227768;0x228478;0x228478;0x228DF4;0x338BF4,
FN_libARSPM_0018DFC8,0x18DFC8,sub_18DFC8,0x158728;0x158928;0x158928;0x158928;0x19CFD8;0x1B9524;0x1CE3E8;0x1CEC98;0x1CF5EC;0x1DAB8C,
FN_libARSPM_0018DFDC,0x18DFDC,sub_18DFDC,0x13DB44;0x19D718;0x19DB54;0x19DB54;0x19DC98;0x1A05F0;0x1A05F0;0x1A05F0;0x1B9524;0x1C4404,0x1B6110
FN_libARSPM_0018E03C,0x18E03C,sub_18E03C,0x13DB44;0x143EE8;0x14AB20;0x153A4C;0x158008;0x158728;0x15BF9C;0x174980;0x18E800;0x1B9524,0x1B6110
FN_libARSPM_0018E080,0x18E080,sub_18E080,0x1CAC28;0x1DD274;0x328500;0x352A2C;0x352A2C,
FN_libARSPM_0018E08C,0x18E08C,sub_18E08C,0x13AFA0;0x16B13C;0x1C4124;0x1C5588;0x1DD274;0x228478;0x228478;0x22A5BC;0x22A5BC;0x322268,0x18E0D4
FN_libARSPM_0018E0D4,0x18E0D4,sub_18E0D4,0x18E08C;0x194A3C;0x194A3C,
FN_libARSPM_0018E4F0,0x18E4F0,sub_18E4F0,0x13AFA0;0x322268,0x1B6110
FN_libARSPM_0018E55C,0x18E55C,sub_18E55C,0x13AFA0;0x322268,0x1A0434
FN_libARSPM_0018E58C,0x18E58C,sub_18E58C,0x1C4124;0x1C59B4;0x1CA3B8;0x1DAB8C;0x1DAD94;0x1DAD94;0x20D8B8;0x20D8B8;0x20D8B8;0x20DAE0,
FN_libARSPM_0018E598,0x18E598,sub_18E598,0x2DD140,
FN_libARSPM_0018E5E4,0x18E5E4,sub_18E5E4,0x228478;0x228478;0x228478;0x228478;0x228478;0x242AB8,
FN_libARSPM_0018E60C,0x18E60C,sub_18E60C,0x3399B4;0x33A12C;0x33A244;0x33A244;0x33A46C;0x35EA3C;0x3833A8;0x39531C;0x395920;0x395AA0,
FN_libARSPM_0018E618,0x18E618,sub_18E618,0x4ABA64,
FN_libARSPM_0018E664,0x18E664,sub_18E664,0x1D6410;0x1D6808;0x1D69B0,
FN_libARSPM_0018E66C,0x18E66C,sub_18E66C,,0x19EAC4
FN_libARSPM_0018E68C,0x18E68C,sub_18E68C,0x19CFD8;0x1DAB8C;0x1DAB8C;0x207C10;0x228478;0x242AB8;0x242AB8;0x4ABA64;0x4ABF44,
FN_libARSPM_0018E6D0,0x18E6D0,sub_18E6D0,0x1DD92C;0x1DD9F8,0x19E3FC;0x19E3FC;0x19FE84
FN_libARSPM_0018E788,0x18E788,sub_18E788,0x1335CC;0x158928;0x19DFA0;0x1B9D70;0x1DAA38;0x1DAA38;0x1DAB8C;0x207C10;0x207C10;0x2273E4,0x19E3FC;0x19FE84
FN_libARSPM_0018E7F8,0x18E7F8,sub_18E7F8,0x228478,
FN_libARSPM_0018E800,0x18E800,sub_18E800,0x18D638;0x18DAD4,0x1B6110;0x1B6110;0x18E03C
FN_libARSPM_0018EFAC,0x18EFAC,sub_18EFAC,0x1B9D70;0x1DAD94;0x1DAD94;0x228DF4,0x19E3FC
FN_libARSPM_0018EFE0,0x18EFE0,sub_18EFE0,0x1335CC;0x1335CC;0x158928;0x18F1A8;0x18F1A8;0x18F468;0x18F468;0x18F468;0x18F854;0x18F854,0x19E3FC;0x19FE84;0x19E3FC;0x19FE84
FN_libARSPM_0018F0BC,0x18F0BC,sub_18F0BC,0x18F1A8;0x19103C;0x191530;0x191644;0x19CFD8;0x1DBB50;0x1DBEAC;0x1DCC30;0x207C10;0x2273E4,0x19E3FC;0x19FE84;0x19E3FC;0x19FE84
FN_libARSPM_0018F1A8,0x18F1A8,sub_18F1A8,0x18F854;0x18F854;0x18F854;0x18F854;0x18F854;0x18F854;0x18F854;0x18F854;0x18FED0;0x18FED0,0x18EFE0;0x18EFE0;0x18F0BC;0x19E3FC;0x19FE84;0x19E3FC;0x19FE84
FN_libARSPM_0018F2EC,0x18F2EC,sub_18F2EC,0x19103C;0x191530;0x191644;0x19CFD8;0x207C10;0x2273E4;0x24F578;0x3F32F4;0x498370,0x19E3FC;0x19FE84;0x19E3FC;0x19FE84
FN_libARSPM_0018F3F0,0x18F3F0,sub_18F3F0,0x1335CC;0x1B9D70;0x1DAB8C;0x1DAB8C;0x207C10;0x2273E4;0x229148;0x2424B0;0x242AB8;0x24F578,0x19E3FC;0x19FE84
FN_libARSPM_0018F468,0x18F468,sub_18F468,0x15774C;0x174980;0x18F854;0x1B9D70;0x1DD61C;0x1DD61C;0x227768;0x227768;0x22A5BC,0x19E3FC;0x19E3FC;0x19FE84;0x18EFE0;0x18EFE0;0x18EFE0;0x19E3FC;0x19FE84;0x19E3FC
FN_libARSPM_0018F76C,0x18F76C,sub_18F76C,0x149518;0x149604;0x158FF4;0x1D1BB4;0x1DD61C;0x228478;0x228478;0x2E7548,0x19E3FC;0x19FE84;0x19FB90;0x19FE84
FN_libARSPM_0018F844,0x18F844,sub_18F844,0x148E34;0x148E34;0x157D4C;0x2D8F20;0x2D8F20,
FN_libARSPM_0018F854,0x18F854,sub_18F854,0x190358;0x1B58FC,0x18F468;0x18FED0;0x19E3FC;0x19E3FC;0x19FE84;0x18F1A8;0x18EFE0;0x18F1A8;0x18EFE0;0x18F1A8
FN_libARSPM_0018FED0,0x18FED0,sub_18FED0,0x18F854;0x1903C8,0x19E3FC;0x19E3FC;0x19FE84;0x18F1A8;0x18F1A8;0x18F1A8;0x18F1A8;0x19E3FC;0x19FE84;0x19E3FC
FN_libARSPM_001902FC,0x1902FC,sub_1902FC,0x1DD274;0x1DD274,
FN_libARSPM_00190358,0x190358,sub_190358,0x1DD61C,0x1AA900;0x18F854
FN_libARSPM_001903C8,0x1903C8,sub_1903C8,0x158928;0x1DCFD0,0x18FED0
FN_libARSPM_00190410,0x190410,sub_190410,0x193BE4;0x193BE4;0x193BE4;0x193BE4;0x193BE4;0x193BE4;0x193BE4;0x193BE4;0x193BE4,0x19E3FC;0x19FE84;0x18EFE0;0x172D18;0x172BE0;0x198458;0x19E3FC;0x19E3FC;0x19FE84;0x19E3FC
FN_libARSPM_00190A00,0x190A00,sub_190A00,0x207C10,0x19E3FC;0x19FE84;0x18EFE0;0x173010;0x173840;0x172D18;0x173098;0x173840;0x1AA22C;0x173010
FN_libARSPM_00190FD4,0x190FD4,sub_190FD4,0x24F578,0x172A20;0x19103C
FN_libARSPM_0019103C,0x19103C,sub_19103C,0x190FD4;0x1DAB8C;0x1DD274;0x22A26C;0x2424B0;0x242AB8;0x242AB8;0x242AB8;0x24F578;0x49C52C,0x1955C4;0x1726AC;0x19E3FC;0x19F8EC;0x173840;0x1726D8;0x1B6110;0x18F0BC;0x19E3FC;0x19FE84
FN_libARSPM_00191530,0x191530,sub_191530,0x1DAB8C;0x1DAB8C;0x242AB8;0x4ABA64;0x4ABF44,0x18EFE0;0x18F0BC;0x18F2EC;0x18F1A8
FN_libARSPM_00191644,0x191644,sub_191644,0x1DD274;0x22A26C;0x242AB8;0x49FE2C,0x1955C4;0x18F1A8;0x19E3FC;0x19FE84;0x18F0BC;0x19E3FC;0x19FE84;0x18EFE0;0x18F2EC;0x4ECB10
FN_libARSPM_001918C4,0x1918C4,sub_1918C4,0x1C0C8C,0x172A20;0x191920
FN_libARSPM_00191920,0x191920,sub_191920,0x1335CC;0x158204;0x158204;0x15D0AC;0x174980;0x1918C4;0x191E70;0x191E70;0x1ACFB8;0x1B9524,0x1726D8;0x1726AC;0x19EC6C;0x1726D8;0x4ECA80;0x4ECB10;0x19EAF0;0x19EB5C;0x19EB5C;0x191E70
FN_libARSPM_00191E70,0x191E70,sub_191E70,0x191920,0x1726AC;0x1B6110;0x1726D8;0x173B3C;0x19EB5C;0x19EB5C;0x4ECA80;0x4ECB10;0x19EAF0;0x172690
FN_libARSPM_001923B0,0x1923B0,sub_1923B0,0x191920;0x191920;0x1929BC;0x1929BC;0x1B9524;0x1B9524;0x1DAEAC;0x1DD274;0x20DAE0;0x20DAE0,
FN_libARSPM_00192630,0x192630,sub_192630,0x191920;0x192630;0x192630,0x1964B8;0x192630;0x192630
FN_libARSPM_001926B8,0x1926B8,sub_1926B8,0x1B9524;0x1DD274;0x20DAE0;0x20DEB4;0x2273E4;0x228478;0x24F578;0x328500;0x34F1DC;0x352FCC,
FN_libARSPM_001926F4,0x1926F4,sub_1926F4,0x2273E4,
FN_libARSPM_0019275C,0x19275C,sub_19275C,0x19C134,0x1B6110
FN_libARSPM_001927E8,0x1927E8,sub_1927E8,0x19C134,
FN_libARSPM_001929BC,0x1929BC,sub_1929BC,0x38E964;0x4A0C94;0x4A9068,0x1B6110;0x1923B0;0x194C0C;0x194DF0;0x196528;0x19A380;0x1981A8;0x194DF0;0x194DF0;0x195BD8
FN_libARSPM_001935CC,0x1935CC,sub_1935CC,0x4A9528;0x4AB82C,0x19A4B0;0x19E870;0x4ECB10;0x19EAF0;0x193764;0x1348D0;0x2666F8;0x2666F8;0x193828
FN_libARSPM_00193764,0x193764,sub_193764,0x1935CC,0x1348D0;0x2666F8;0x2666F8
FN_libARSPM_00193828,0x193828,sub_193828,0x1935CC,0x1348D0;0x2666F8;0x2666F8
FN_libARSPM_001938EC,0x1938EC,sub_1938EC,0x338BF4,0x1B6110
FN_libARSPM_00193BE4,0x193BE4,sub_193BE4,0x148D94;0x33974C,0x1A04BC;0x19EB5C;0x4ECB10;0x19EAF0;0x19E3FC;0x19FE84;0x190410;0x190410;0x190410;0x190410
FN_libARSPM_00193FB8,0x193FB8,sub_193FB8,0x497D3C;0x4A9528;0x4AB82C,0x1B6110;0x1B6110;0x195B78;0x195B78;0x19593C;0x1960B0;0x1960B0;0x195F1C;0x1980DC;0x198144
FN_libARSPM_001943D4,0x1943D4,sub_1943D4,0x1B564C,
FN_libARSPM_001944BC,0x1944BC,sub_1944BC,0x1B564C,0x1348D0;0x1348D0;0x1348D0;0x195018;0x195164;0x1952A8;0x19A4B0;0x1B6110;0x2666F8;0x2666F8
FN_libARSPM_001947BC,0x1947BC,sub_1947BC,0x153F24;0x153F24;0x1ACBE8;0x49BF58,0x19A960;0x19BA8C;0x19B6CC;0x19A9A8
FN_libARSPM_00194820,0x194820,sub_194820,0x143C44;0x4D8094,0x19A960;0x19B8C8;0x19B6CC;0x19A9A8
FN_libARSPM_00194880,0x194880,sub_194880,0x4D026C,0x19A960;0x19BEB4;0x19B6CC;0x19A9A8
FN_libARSPM_001948F4,0x1948F4,sub_1948F4,0x1ACFB8;0x4E50DC,0x19A960;0x19BB50;0x19B6CC;0x19A9A8;0x19A960;0x19BB50;0x19B6CC;0x19A9A8
FN_libARSPM_001949C0,0x1949C0,sub_1949C0,0x158928;0x4DF58C;0x4E44DC,0x19A960;0x19BEFC;0x19B6CC;0x19A9A8
FN_libARSPM_00194A3C,0x194A3C,sub_194A3C,0x16B13C;0x33B688,0x18E0D4;0x18E0D4
FN_libARSPM_00194BD4,0x194BD4,sub_194BD4,0x1997FC;0x1CA3B8;0x1CA3B8;0x359FF8;0x38E964,
FN_libARSPM_00194C0C,0x194C0C,sub_194C0C,0x1929BC;0x1929BC;0x1929BC,0x1956E8
FN_libARSPM_00194DF0,0x194DF0,sub_194DF0,0x1929BC;0x1929BC;0x1929BC,0x1956E8
FN_libARSPM_00195018,0x195018,sub_195018,0x1944BC;0x19B6CC;0x19B6CC,0x1348D0;0x2666F8;0x2666F8
FN_libARSPM_00195164,0x195164,sub_195164,0x1944BC;0x19B6CC;0x19B6CC,0x1348D0;0x2666F8;0x2666F8
FN_libARSPM_001952A8,0x1952A8,sub_1952A8,0x1944BC;0x19B6CC;0x19B6CC,0x1348D0;0x2666F8;0x2666F8;0x199784;0x19AA0C;0x19AB9C;0x19B194;0x19AD4C;0x19AB9C;0x199784
FN_libARSPM_001955C4,0x1955C4,sub_1955C4,0x19103C;0x191644,0x4ECA80;0x4ECB10;0x19EAF0;0x4ECA80
FN_libARSPM_001956E8,0x1956E8,sub_1956E8,0x1929BC;0x1929BC;0x194C0C;0x194DF0;0x196528;0x1965D8;0x1966EC;0x1980DC;0x198144;0x1981A8,
FN_libARSPM_00195880,0x195880,sub_195880,0x19DE90;0x1DC9D4;0x1DC9D4;0x1DC9D4,
FN_libARSPM_0019593C,0x19593C,sub_19593C,0x193FB8;0x1DB7EC;0x1DC500;0x1DC500;0x3AF1C4,
FN_libARSPM_00195970,0x195970,sub_195970,0x1929BC,
FN_libARSPM_001959FC,0x1959FC,sub_1959FC,0x198730;0x198730;0x198730;0x198730;0x19CFD8;0x19CFD8;0x19CFD8;0x352FCC,
FN_libARSPM_00195A3C,0x195A3C,sub_195A3C,0x19D2C4;0x3F32F4,
FN_libARSPM_00195A80,0x195A80,sub_195A80,0x3AF1C4,
FN_libARSPM_00195B78,0x195B78,sub_195B78,0x193FB8;0x193FB8,
FN_libARSPM_00195BD8,0x195BD8,sub_195BD8,0x1929BC;0x198CFC;0x1CA3B8;0x1CA3B8,
FN_libARSPM_00195CE4,0x195CE4,sub_195CE4,0x198CFC,
FN_libARSPM_00195DF4,0x195DF4,sub_195DF4,0x1DB6D8;0x1DB7EC;0x22C254;0x352FCC;0x352FCC;0x352FCC,
FN_libARSPM_00195E40,0x195E40,sub_195E40,0x22C254;0x352FCC,
FN_libARSPM_00195EDC,0x195EDC,sub_195EDC,0x497D3C,
FN_libARSPM_00195F1C,0x195F1C,sub_195F1C,0x1929BC;0x193FB8;0x19DE90;0x1DB2A4;0x1DC1D8;0x1DCFD0,
FN_libARSPM_001960B0,0x1960B0,sub_1960B0,0x193FB8;0x193FB8,
FN_libARSPM_001960E4,0x1960E4,sub_1960E4,0x198E04;0x198E04;0x198E04;0x198E04;0x198E04;0x19CFD8;0x19CFD8;0x19CFD8;0x1DC1D8;0x3AF1C4,
FN_libARSPM_00196174,0x196174,sub_196174,0x1962D4;0x1962D4;0x3AF1C4,
FN_libARSPM_001962D4,0x1962D4,sub_1962D4,0x196528;0x1965D8;0x1966EC;0x196F14,0x196174;0x196174
FN_libARSPM_001964B8,0x1964B8,sub_1964B8,0x192630;0x19D594;0x334728;0x334B3C;0x3F32F4,
FN_libARSPM_00196528,0x196528,sub_196528,0x1929BC;0x1929BC;0x1995D4;0x1CA3B8,0x1956E8;0x1962D4
FN_libARSPM_001965D8,0x1965D8,sub_1965D8,0x1995D4,0x1956E8;0x1962D4
FN_libARSPM_00196688,0x196688,sub_196688,0x1DCFD0,
FN_libARSPM_001966EC,0x1966EC,sub_1966EC,0x334644;0x334A58,0x1956E8;0x1962D4
FN_libARSPM_001967D4,0x1967D4,sub_1967D4,0x22FC1C,
FN_libARSPM_00196BA0,0x196BA0,sub_196BA0,0x196F14;0x197004;0x1DB2A4,
FN_libARSPM_00196F14,0x196F14,sub_196F14,0x1D03A4,0x196BA0;0x1962D4
FN_libARSPM_00197004,0x197004,sub_197004,0x1DCFD0,0x196BA0
FN_libARSPM_001971C8,0x1971C8,sub_1971C8,0x198E04;0x198E04;0x198E04,0x15C598;0x15C9D4;0x15CB20;0x15C510
FN_libARSPM_0019734C,0x19734C,sub_19734C,0x198E04;0x198E04,0x15C598;0x15C9D4;0x15CB20;0x15C510
FN_libARSPM_001974D0,0x1974D0,sub_1974D0,0x19CFD8;0x19CFD8;0x22C254;0x352FCC;0x352FCC;0x352FCC;0x3F32F4,
FN_libARSPM_001975E4,0x1975E4,sub_1975E4,0x19CFD8,
FN_libARSPM_0019787C,0x19787C,sub_19787C,0x193FB8;0x193FB8;0x19D424;0x3AF1C4,
FN_libARSPM_001978E8,0x1978E8,sub_1978E8,0x1929BC,
FN_libARSPM_001979C0,0x1979C0,sub_1979C0,0x19DE90;0x1DB6D8;0x1DC048;0x1DC048;0x1DC8E8,
FN_libARSPM_00197AF8,0x197AF8,sub_197AF8,0x1997FC;0x1CA3B8;0x1CE3E8;0x1CEC98;0x1CF5EC;0x20D714;0x34F1DC;0x352FCC;0x35B0CC;0x3687D0,
FN_libARSPM_00197BE4,0x197BE4,sub_197BE4,0x18D638;0x1997FC;0x1CA3B8;0x1CE3E8;0x1CEC98;0x1CF5EC;0x20D714;0x34F1DC;0x352FCC;0x35B0CC,0x197DB8
FN_libARSPM_00197DB8,0x197DB8,sub_197DB8,0x197BE4;0x197DB8;0x197DB8,0x197DB8;0x197DB8
FN_libARSPM_00197F5C,0x197F5C,sub_197F5C,0x3AF1C4,
FN_libARSPM_001980DC,0x1980DC,sub_1980DC,0x193FB8,0x1956E8
FN_libARSPM_00198144,0x198144,sub_198144,0x193FB8,0x1956E8
FN_libARSPM_001981A8,0x1981A8,sub_1981A8,0x1929BC,0x1956E8
FN_libARSPM_00198388,0x198388,sub_198388,0x191920;0x20D714,0x1726AC;0x174184
FN_libARSPM_00198458,0x198458,sub_198458,0x190410;0x1DDC34,0x1AA3D0;0x172F38;0x172D64;0x172CC4;0x173840;0x173840;0x173840;0x173840
FN_libARSPM_00198730,0x198730,sub_198730,0x198CFC,0x1956E8;0x1959FC;0x1956E8;0x1959FC;0x1956E8;0x1959FC;0x1956E8;0x1959FC
FN_libARSPM_00198CFC,0x198CFC,sub_198CFC,0x1997FC;0x1997FC,0x1B6110;0x195BD8;0x195CE4;0x198730
FN_libARSPM_00198E04,0x198E04,sub_198E04,0x1995D4,0x1971C8;0x1960E4;0x1971C8;0x1960E4;0x1971C8;0x1960E4;0x19734C;0x1960E4;0x19734C;0x1960E4
FN_libARSPM_001995D4,0x1995D4,sub_1995D4,0x1997FC,0x1B6110;0x199EEC;0x196528;0x1965D8;0x198E04
FN_libARSPM_00199784,0x199784,sub_199784,0x1952A8;0x1952A8;0x1952A8;0x1CACDC,
FN_libARSPM_001997FC,0x1997FC,sub_1997FC,0x191E70;0x1CA3B8,0x194BD4;0x198CFC;0x199EEC;0x1995D4;0x197AF8;0x2666F8;0x14E8AC;0x197BE4;0x198CFC;0x2666F8
FN_libARSPM_00199BBC,0x199BBC,sub_199BBC,0x1CC028;0x1CC028;0x1CC028;0x1CDD08;0x1CDD08,0x199DF0;0x199DF0;0x199E7C;0x199E7C
FN_libARSPM_00199DF0,0x199DF0,sub_199DF0,0x199BBC;0x199BBC,
FN_libARSPM_00199E7C,0x199E7C,sub_199E7C,0x199BBC;0x199BBC,
FN_libARSPM_00199EEC,0x199EEC,sub_199EEC,0x1995D4;0x1997FC;0x1CA3B8;0x1CA3B8,
FN_libARSPM_0019A380,0x19A380,sub_19A380,0x1929BC;0x1929BC,
FN_libARSPM_0019A48C,0x19A48C,sub_19A48C,0x209264;0x209264;0x31533C;0x3A1CA4;0x3A234C,
FN_libARSPM_0019A4A8,0x19A4A8,sub_19A4A8,0x20B4D0;0x316CDC;0x3A2EB4,
FN_libARSPM_0019A4B0,0x19A4B0,sub_19A4B0,0x1935CC;0x1944BC;0x19B6CC;0x19E3FC;0x19E6CC;0x19EB5C;0x19EC6C;0x19F334;0x1A0740;0x1A0ABC,
FN_libARSPM_0019A4D8,0x19A4D8,sub_19A4D8,0x19E3FC;0x19EAF0;0x19EC6C;0x19EC6C;0x19EC6C;0x19F334;0x1A084C;0x1A0C70;0x1A0C70;0x1E65B0,0x4ECB10;0x2666F8
FN_libARSPM_0019A5A4,0x19A5A4,sub_19A5A4,0x1A01A4;0x1A0A20;0x1E63B4,0x4ECAB0;0x136DB8;0x4ECB10;0x19A6C4;0x4ECAE0
FN_libARSPM_0019A6C4,0x19A6C4,sub_19A6C4,0x19A5A4,0x1349B8;0x1348D0;0x2666F8
FN_libARSPM_0019A7A4,0x19A7A4,sub_19A7A4,0x19E3FC;0x19EC6C;0x19EC6C;0x19F334;0x19F4B4;0x1A04BC;0x1A078C;0x1A084C;0x1A0904;0x1A0B9C,0x4ECAB0;0x136DB8;0x4ECB10;0x4ECAE0
FN_libARSPM_0019A8A4,0x19A8A4,sub_19A8A4,0x1A078C;0x1A084C;0x1A0904;0x1A0B9C;0x1A0C70,0x4ECAB0;0x136DB8;0x4ECB10;0x4ECAE0
FN_libARSPM_0019A960,0x19A960,sub_19A960,0x16C158;0x191E70;0x1947BC;0x194820;0x194880;0x1948F4;0x1948F4;0x1949C0;0x47934C;0x479FEC,
FN_libARSPM_0019A9A8,0x19A9A8,sub_19A9A8,0x16C158;0x191E70;0x1947BC;0x194820;0x194880;0x1948F4;0x1948F4;0x1949C0;0x47934C;0x479FEC,0x2666F8;0x2666F8
FN_libARSPM_0019AA0C,0x19AA0C,sub_19AA0C,0x1952A8;0x19AB9C;0x19AD4C;0x19AF18;0x19B194;0x19B374;0x19B8C8;0x19BA8C;0x19BB50;0x19BEFC,0x1349B8;0x1348D0;0x2666F8;0x1349B8;0x1348D0;0x2666F8
FN_libARSPM_0019AB9C,0x19AB9C,sub_19AB9C,0x1952A8;0x1952A8;0x1952A8;0x1952A8;0x19BA8C;0x19BA8C;0x19BA8C;0x19BB50;0x19BB50;0x19BB50,0x19AA0C;0x1349B8;0x1348D0;0x2666F8;0x1349B8;0x1348D0;0x2666F8
FN_libARSPM_0019AD4C,0x19AD4C,sub_19AD4C,0x1952A8;0x1952A8;0x19C134,0x19AA0C;0x1349B8;0x1348D0;0x2666F8;0x1349B8;0x1348D0;0x2666F8
FN_libARSPM_0019AF18,0x19AF18,sub_19AF18,0x19B8C8;0x19B8C8;0x19B8C8;0x19B8C8;0x19BB50;0x19BB50;0x19BB50;0x19BB50;0x19BB50;0x19BB50,0x19AA0C;0x1349B8;0x1348D0;0x2666F8;0x1349B8;0x1348D0;0x2666F8;0x1349B8;0x1348D0;0x2666F8
FN_libARSPM_0019B194,0x19B194,sub_19B194,0x1952A8;0x1952A8;0x19C134;0x47934C;0x47934C;0x479FEC,0x19AA0C;0x1349B8;0x1348D0;0x2666F8;0x1349B8;0x1348D0;0x2666F8
FN_libARSPM_0019B374,0x19B374,sub_19B374,0x19B8C8;0x19BB50;0x19BEFC;0x19C134;0x47934C;0x4993B4,0x19AA0C;0x1349B8;0x1348D0;0x2666F8
FN_libARSPM_0019B474,0x19B474,sub_19B474,0x19B8C8;0x19BA8C;0x19BB50;0x19BF48;0x47934C;0x4993B4,0x1348D0;0x2666F8;0x1348D0;0x2666F8
FN_libARSPM_0019B5DC,0x19B5DC,sub_19B5DC,0x19B6CC,0x18D324;0x4ECB10;0x19EAF0
FN_libARSPM_0019B6CC,0x19B6CC,sub_19B6CC,0x16C158;0x191E70;0x1947BC;0x194820;0x194880;0x1948F4;0x1948F4;0x1949C0;0x47934C;0x479FEC,0x195018;0x195164;0x1952A8;0x195018;0x195164;0x1952A8;0x19A4B0;0x1B6110;0x19B5DC;0x4ECB10
FN_libARSPM_0019B8C8,0x19B8C8,sub_19B8C8,0x194820;0x19BB50;0x19BEB4,0x19B474;0x19AA0C;0x19AF18;0x19AF18;0x19AF18;0x19AF18;0x19B374
FN_libARSPM_0019BA8C,0x19BA8C,sub_19BA8C,0x16C158;0x16C158;0x1947BC;0x19BB50,0x19B474;0x19AA0C;0x19AB9C;0x19AB9C;0x19AB9C
FN_libARSPM_0019BB50,0x19BB50,sub_19BB50,0x1948F4;0x1948F4,0x19BA8C;0x19B8C8;0x19B474;0x19AA0C;0x19AF18;0x19AB9C;0x19AF18;0x19AB9C;0x19AB9C;0x19AF18
FN_libARSPM_0019BEB4,0x19BEB4,sub_19BEB4,0x194880,0x19B8C8
FN_libARSPM_0019BEFC,0x19BEFC,sub_19BEFC,0x1949C0,0x19AA0C;0x19BF48;0x19B374
FN_libARSPM_0019BF48,0x19BF48,sub_19BF48,0x19BEFC,0x19AA0C;0x19B474;0x1349B8;0x1348D0;0x2666F8;0x1349B8;0x1348D0;0x2666F8
FN_libARSPM_0019C134,0x19C134,sub_19C134,0x4EBB18,0x19275C;0x19AF18;0x1927E8;0x19B194;0x19AD4C;0x19B374;0x19AA0C;0x19AB9C
FN_libARSPM_0019C234,0x19C234,sub_19C234,0x30D5D0;0x4A9594;0x4A9908;0x4A9B44,0x1756D8;0x18D2E0;0x18D428;0x18D3DC
FN_libARSPM_0019C2E4,0x19C2E4,sub_19C2E4,0x1A05F0;0x1C0C8C;0x229B24;0x229B24,0x18D2E0;0x18D428;0x18D3DC
FN_libARSPM_0019C390,0x19C390,sub_19C390,0x158928,
FN_libARSPM_0019C39C,0x19C39C,sub_19C39C,0x30D4C4;0x30D4C4;0x3F85B8;0x3F85B8,
FN_libARSPM_0019C3A8,0x19C3A8,sub_19C3A8,,0x1B4CAC;0x1B4CAC;0x4ECA80;0x4ECA80;0x4ECA80;0x4ECA80;0x4ECB10;0x4ECB10;0x4ECB10;0x4ECB10
FN_libARSPM_0019C550,0x19C550,sub_19C550,,0x1B4CAC;0x1B4CAC;0x4ECA80;0x4ECA80;0x4ECA80;0x4ECA80;0x4ECA80;0x4ECA80;0x4ECB10;0x4ECB10
FN_libARSPM_0019C7B8,0x19C7B8,sub_19C7B8,0x21BF20,0x15AC60
FN_libARSPM_0019C7EC,0x19C7EC,sub_19C7EC,,0x4ECB10;0x4ECB10
FN_libARSPM_0019C8D4,0x19C8D4,sub_19C8D4,,0x18D2E0;0x18D2E0;0x18D428;0x18D3DC;0x18D2E0;0x18D428;0x18D3DC;0x18D3DC
FN_libARSPM_0019CA74,0x19CA74,sub_19CA74,,0x4ECB10;0x4ECB10
FN_libARSPM_0019CAFC,0x19CAFC,sub_19CAFC,,0x4ECB10;0x4ECB10
FN_libARSPM_0019CB98,0x19CB98,sub_19CB98,,0x18D2E0;0x18D428;0x18D3DC;0x18D2E0;0x18D428;0x18D3DC
FN_libARSPM_0019CCFC,0x19CCFC,sub_19CCFC,0x1335CC;0x1335CC;0x1335CC,0x19DB44
FN_libARSPM_0019CD20,0x19CD20,sub_19CD20,0x228478;0x228478;0x229148;0x24FB7C;0x24FDA4;0x24FDA4;0x24FDA4;0x24FDA4,0x19DB4C;0x19DC98;0x4ECB10;0x4ECB10
FN_libARSPM_0019CDBC,0x19CDBC,sub_19CDBC,0x1335CC;0x1335CC;0x1335CC;0x1335CC;0x1335CC;0x1335CC;0x228478;0x228478;0x229148;0x24FB7C,0x4ECB10
FN_libARSPM_0019CE08,0x19CE08,sub_19CE08,0x1335CC;0x1335CC;0x1335CC,0x18D364;0x18D2E0;0x19DB54;0x18D3DC;0x19DC98;0x4ECB10;0x4ECB10
FN_libARSPM_0019CED0,0x19CED0,sub_19CED0,0x1335CC;0x1335CC;0x228478;0x228478;0x229148;0x229148;0x24FB7C;0x24FDA4;0x24FDA4;0x24FDA4,
FN_libARSPM_0019CEE8,0x19CEE8,sub_19CEE8,0x1335CC;0x229148;0x229148;0x24F578;0x24F578;0x24F578;0x24FC68;0x24FC68,
FN_libARSPM_0019CEF8,0x19CEF8,sub_19CEF8,0x24F578,
FN_libARSPM_0019CF08,0x19CF08,sub_19CF08,0x1335CC;0x228478;0x228478;0x228478;0x229148;0x24FDA4;0x24FDA4;0x24FDA4,
FN_libARSPM_0019CF1C,0x19CF1C,sub_19CF1C,0x228478;0x228478;0x229148;0x229148,
FN_libARSPM_0019CF3C,0x19CF3C,sub_19CF3C,0x228478;0x229148;0x24FB7C;0x24FDA4;0x24FDA4;0x24FDA4;0x24FDA4,0x19DC98;0x4ECB10;0x4ECB10
FN_libARSPM_0019CFD8,0x19CFD8,sub_19CFD8,0x19DFA0;0x19DFA0,0x18DFC8;0x18E68C;0x18EFE0;0x1960E4;0x1959FC;0x1974D0;0x1960E4;0x1959FC;0x1974D0;0x1960E4
FN_libARSPM_0019D2C4,0x19D2C4,sub_19D2C4,0x19D2C4;0x19D2C4;0x19D718,0x1AA4E4;0x195A3C;0x19D2C4;0x19D2C4;0x1AA4E4;0x156714
FN_libARSPM_0019D424,0x19D424,sub_19D424,0x19D424;0x19D424;0x19D718,0x19787C;0x19D424;0x19D424;0x1AA4E4;0x156714
FN_libARSPM_0019D594,0x19D594,sub_19D594,0x19D594;0x19D594;0x19D718,0x1AA4E4;0x156714;0x1964B8;0x19D594;0x19D594
FN_libARSPM_0019D718,0x19D718,sub_19D718,0x19DC98,0x156400;0x156400;0x18DFDC;0x19D2C4;0x156898;0x1AA4E4;0x156714;0x156898;0x19D594;0x156898
FN_libARSPM_0019DB44,0x19DB44,sub_19DB44,0x19CCFC,
FN_libARSPM_0019DB4C,0x19DB4C,sub_19DB4C,0x19CD20;0x479FEC;0x49FE2C;0x4E9C54,
FN_libARSPM_0019DB54,0x19DB54,sub_19DB54,0x19CE08,0x18DFDC;0x18D364;0x18DFDC;0x1563CC;0x1563CC;0x1563F8;0x1563F8;0x18D3DC
FN_libARSPM_0019DC4C,0x19DC4C,sub_19DC4C,0x479FEC;0x49FE2C;0x4E9C54,0x1563F8;0x1563F8;0x18D3DC
FN_libARSPM_0019DC98,0x19DC98,sub_19DC98,0x19CD20;0x19CE08;0x19CF3C;0x479FEC;0x49FE2C;0x4E9C54,0x18DFDC;0x19D718
FN_libARSPM_0019DD18,0x19DD18,sub_19DD18,0x19DFA0;0x47A5E8;0x4A04C4,
FN_libARSPM_0019DD20,0x19DD20,sub_19DD20,,0x19DE90
FN_libARSPM_0019DE90,0x19DE90,sub_19DE90,0x19DD20;0x19DFA0,0x195F1C;0x195880;0x1979C0;0x1AA23C
FN_libARSPM_0019DFA0,0x19DFA0,sub_19DFA0,0x4E9DC4,0x19DD18;0x172690;0x172EB0;0x172BE0;0x19DE90;0x18E788;0x19CFD8;0x19CFD8
FN_libARSPM_0019E388,0x19E388,sub_19E388,,0x1563F8
FN_libARSPM_0019E3BC,0x19E3BC,sub_19E3BC,,0x1563F8;0x1563F8
FN_libARSPM_0019E3FC,0x19E3FC,sub_19E3FC,0x18E6D0;0x18E6D0;0x18E788;0x18EFAC;0x18EFE0;0x18EFE0;0x18F0BC;0x18F0BC;0x18F1A8;0x18F1A8,0x19E59C;0x19E6CC;0x19A4B0;0x19E870;0x4ECB10;0x19A4D8;0x2666F8;0x19A7A4;0x2666F8;0x2666F8
FN_libARSPM_0019E59C,0x19E59C,sub_19E59C,0x19E3FC,0x1348D0;0x2666F8;0x1348D0;0x2666F8
FN_libARSPM_0019E6CC,0x19E6CC,sub_19E6CC,0x19E3FC,0x19A4B0;0x1348D0;0x2666F8;0x1348D0;0x2666F8
FN_libARSPM_0019E870,0x19E870,sub_19E870,0x1935CC;0x19E3FC,0x19F4B4;0x1348D0;0x2666F8;0x1348D0;0x2666F8;0x1348D0;0x2666F8
FN_libARSPM_0019EAC4,0x19EAC4,sub_19EAC4,0x18E66C,
FN_libARSPM_0019EAF0,0x19EAF0,sub_19EAF0,0x18D3DC;0x18D428;0x18D5A8;0x19103C;0x191644;0x191920;0x191920;0x191920;0x191E70;0x191E70,0x19A4D8;0x2666F8;0x2666F8
FN_libARSPM_0019EB5C,0x19EB5C,sub_19EB5C,0x18D2E0;0x18D5A8;0x191920;0x191920;0x191E70;0x191E70;0x191E70;0x191E70;0x191E70;0x191E70,0x4EC2E0;0x19A4B0;0x1B6110;0x4ECA80
FN_libARSPM_0019EC6C,0x19EC6C,sub_19EC6C,0x191920,0x1726D8;0x4ECA80;0x4ECB10;0x19A4D8;0x2666F8;0x4ECA80;0x19A4B0;0x4ECB10;0x19A4D8;0x2666F8
FN_libARSPM_0019F334,0x19F334,sub_19F334,0x18DF10,0x19A7A4;0x19A4B0;0x4ECB10;0x19A4D8;0x2666F8;0x2666F8;0x2666F8
FN_libARSPM_0019F4B4,0x19F4B4,sub_19F4B4,0x19E870,0x19A7A4;0x1348D0;0x2666F8;0x1348D0;0x2666F8;0x1348D0;0x2666F8;0x1348D0;0x2666F8;0x1348D0
FN_libARSPM_0019F8EC,0x19F8EC,sub_19F8EC,0x19103C,0x1349B8;0x1348D0;0x2666F8;0x1349B8;0x1348D0;0x2666F8;0x1349B8;0x1348D0;0x2666F8
FN_libARSPM_0019FB90,0x19FB90,sub_19FB90,0x18F76C,0x1349B8;0x1348D0;0x2666F8;0x1349B8;0x1348D0;0x2666F8;0x1349B8;0x1348D0;0x2666F8
FN_libARSPM_0019FE84,0x19FE84,sub_19FE84,0x18E6D0;0x18E788;0x18EFE0;0x18EFE0;0x18F0BC;0x18F0BC;0x18F1A8;0x18F1A8;0x18F2EC;0x18F2EC,0x1349B8;0x1348D0;0x2666F8;0x1349B8;0x1348D0;0x2666F8;0x1349B8;0x1348D0;0x2666F8
FN_libARSPM_001A0154,0x1A0154,sub_1A0154,,0x4ECA80
FN_libARSPM_001A0194,0x1A0194,sub_1A0194,0x209264;0x209264;0x33A6CC,
FN_libARSPM_001A01A4,0x1A01A4,sub_1A01A4,,0x19A5A4;0x4ECB10
FN_libARSPM_001A0200,0x1A0200,sub_1A0200,0x1A0434,0x1B6110;0x1AAAA8
FN_libARSPM_001A0434,0x1A0434,sub_1A0434,0x18E55C;0x1B5230;0x338BF4,0x1A0200
FN_libARSPM_001A04BC,0x1A04BC,sub_1A04BC,0x18D5A8;0x193BE4,0x19A7A4
FN_libARSPM_001A0500,0x1A0500,sub_1A0500,0x4A9068,0x172D18;0x1A05F0
FN_libARSPM_001A0578,0x1A0578,sub_1A0578,0x4A9BD8,0x172D18;0x1A05F0
FN_libARSPM_001A05F0,0x1A05F0,sub_1A05F0,0x158204;0x1A0500;0x1A0578,0x18DFDC;0x175C94;0x1DA630;0x18D2E0;0x19C2E4;0x1DA7E8;0x18D428;0x18DFDC;0x1DA744;0x18D5A8
FN_libARSPM_001A0710,0x1A0710,sub_1A0710,0x1A0D90;0x1B5C30;0x1D3574;0x1D36E0;0x1D36E0;0x1E48BC;0x1E5470,0x4ECA80
FN_libARSPM_001A0740,0x1A0740,sub_1A0740,0x1356F8;0x16A46C,0x19A4B0
FN_libARSPM_001A078C,0x1A078C,sub_1A078C,0x16A5AC,0x19A8A4;0x19A7A4;0x4ECA50;0x4ECA80;0x4EC9E0;0x1A0D50
FN_libARSPM_001A084C,0x1A084C,sub_1A084C,,0x19A8A4;0x19A7A4;0x4ECA50;0x4ECA80;0x4EC9E0;0x1A0D50;0x19A4D8
FN_libARSPM_001A0904,0x1A0904,sub_1A0904,0x136218;0x136738,0x19A8A4;0x19A7A4;0x4ECA50;0x4ECA80;0x4EC9E0;0x1A0D50
FN_libARSPM_001A09B0,0x1A09B0,sub_1A09B0,0x3155FC,
FN_libARSPM_001A09C4,0x1A09C4,sub_1A09C4,,0x4ECA80;0x4EC9E0
FN_libARSPM_001A0A18,0x1A0A18,sub_1A0A18,0x3155FC;0x3155FC,
FN_libARSPM_001A0A20,0x1A0A20,sub_1A0A20,,0x19A5A4;0x4ECB10
FN_libARSPM_001A0A94,0x1A0A94,sub_1A0A94,0x1A139C,
FN_libARSPM_001A0AA8,0x1A0AA8,sub_1A0AA8,0x1EA3E0,
FN_libARSPM_001A0ABC,0x1A0ABC,sub_1A0ABC,0x135D80,0x19A4B0;0x19A4B0
FN_libARSPM_001A0B9C,0x1A0B9C,sub_1A0B9C,,0x19A8A4;0x19A7A4;0x4ECA50;0x1A0D50;0x4ECA80;0x4EC9E0;0x1A0D50
FN_libARSPM_001A0C70,0x1A0C70,sub_1A0C70,,0x19A8A4;0x19A4D8;0x19A7A4;0x4ECA50;0x4ECA80;0x4EC9E0;0x1A0D50;0x19A4D8
FN_libARSPM_001A0D3C,0x1A0D3C,sub_1A0D3C,0x1E77C8;0x1E79B4,
FN_libARSPM_001A0D50,0x1A0D50,sub_1A0D50,0x1A078C;0x1A084C;0x1A0904;0x1A0B9C;0x1A0B9C;0x1A0C70;0x1E68B4,
FN_libARSPM_001A0D64,0x1A0D64,sub_1A0D64,0x1E5648;0x1EF854;0x34C860,
FN_libARSPM_001A0D7C,0x1A0D7C,sub_1A0D7C,0x1E5648;0x1E5648;0x1E5648;0x34C860;0x34C860,
FN_libARSPM_001A0D90,0x1A0D90,sub_1A0D90,0x1E5648;0x34C860,0x167F28;0x167FA8;0x1BB22C;0x167D08;0x167DE0;0x167CB0;0x1BA598;0x167D08;0x1A0710;0x266704
FN_libARSPM_001A0F34,0x1A0F34,sub_1A0F34,0x1E5648;0x34C860,
FN_libARSPM_001A0F44,0x1A0F44,sub_1A0F44,0x1E5648;0x34C860,0x1BA598;0x1BB474
FN_libARSPM_001A0FB8,0x1A0FB8,sub_1A0FB8,0x1EF854,0x1BA598;0x1BA708;0x1BB474
FN_libARSPM_001A1054,0x1A1054,sub_1A1054,,0x136A58;0x136BB0
FN_libARSPM_001A10C0,0x1A10C0,sub_1A10C0,0x1EF854,0x134F28;0x1A96D4;0x1BB22C;0x1A96D4;0x1BA598;0x136A58;0x1BAD28;0x1BB560;0x13502C
FN_libARSPM_001A11EC,0x1A11EC,sub_1A11EC,,0x2666F8;0x167CB0
FN_libARSPM_001A125C,0x1A125C,sub_1A125C,,0x2666F8;0x167CB0;0x136CD8
FN_libARSPM_001A12DC,0x1A12DC,sub_1A12DC,,0x167FA8
FN_libARSPM_001A12FC,0x1A12FC,sub_1A12FC,,0x4ECAB0;0x4ECAE0;0x136DB8;0x4ECAE0;0x136D10
FN_libARSPM_001A139C,0x1A139C,sub_1A139C,,0x4ECAB0;0x136DB8;0x4ECAE0;0x135D80;0x1A0A94;0x4ECAE0;0x136D10;0x4ECAE0
FN_libARSPM_001A1500,0x1A1500,sub_1A1500,,0x4ECAB0;0x136DB8;0x4ECAE0
FN_libARSPM_001A15A0,0x1A15A0,sub_1A15A0,,0x136BB0
FN_libARSPM_001A1614,0x1A1614,sub_1A1614,,0x4ECB10
FN_libARSPM_001A1664,0x1A1664,sub_1A1664,,0x4ECB10;0x136978
FN_libARSPM_001A16BC,0x1A16BC,sub_1A16BC,0x1A96D4;0x1B5A98;0x1E81B8;0x1E8930;0x2FDAB0;0x2FDEA4,0x167C6C;0x136904;0x266704;0x1368D0;0x1680F4;0x4ECA80;0x4ECB10;0x167D08;0x167D68;0x167C6C
FN_libARSPM_001A9568,0x1A9568,sub_1A9568,0x1E8E74;0x1E9058;0x2FDAB0;0x2FE1D0;0x309EE8;0x30F098;0x3BF924;0x3BFDE4;0x3C1BCC;0x3C7C7C,
FN_libARSPM_001A959C,0x1A959C,sub_1A959C,0x1EF854,
FN_libARSPM_001A9624,0x1A9624,sub_1A9624,0x1E5004,
FN_libARSPM_001A96CC,0x1A96CC,sub_1A96CC,0x1E211C;0x1E81B8;0x1E81B8;0x2FDAB0;0x2FDAB0;0x2FF360,
FN_libARSPM_001A96D4,0x1A96D4,sub_1A96D4,0x1A10C0;0x1A10C0,0x168238;0x1362C0;0x1A16BC;0x167CB0
FN_libARSPM_001A9750,0x1A9750,sub_1A9750,0x1B5B38;0x1E211C;0x1E81B8;0x1E81B8;0x1EF854;0x1EF854;0x2FDAB0;0x2FDAB0;0x2FF360,0x167D68;0x4ECA80;0x1A9950;0x4ECB10
FN_libARSPM_001A9820,0x1A9820,sub_1A9820,0x135150;0x135150;0x135150;0x1352F4;0x135374;0x135504;0x1358D0;0x1358D0;0x135B2C;0x135B2C,0x168238;0x167DE0;0x167CB0
FN_libARSPM_001A9874,0x1A9874,sub_1A9874,0x135374;0x1356F8;0x1356F8;0x1358D0;0x1358D0;0x135B2C;0x135B2C;0x135D80;0x136030;0x136030,0x167D68
FN_libARSPM_001A98A4,0x1A98A4,sub_1A98A4,0x158728,0x168208;0x167D68;0x168238;0x167DE0;0x167CB0
FN_libARSPM_001A9950,0x1A9950,sub_1A9950,0x1A9750;0x1E5ED0;0x1E8848,0x168130;0x167DE0;0x167CB0;0x4ECB10
FN_libARSPM_001A99D0,0x1A99D0,sub_1A99D0,0x14D9C8;0x14DACC;0x14DACC;0x156A2C;0x156A2C;0x1570DC;0x1570DC;0x1570DC;0x158FF4;0x1599F4,
FN_libARSPM_001A99D8,0x1A99D8,sub_1A99D8,0x1435D0;0x1439F4;0x143CA0;0x143EE8;0x144184;0x1448C0,0x1B5FF0;0x167F28;0x167D08;0x167D68;0x167CB0
FN_libARSPM_001A9AAC,0x1A9AAC,sub_1A9AAC,0x1365B4;0x136678;0x1E50BC;0x1E81B8;0x2FDAB0,0x167D08;0x1B5EA4;0x167F68;0x167D08;0x147840;0x167CB0;0x167CB0
FN_libARSPM_001A9C10,0x1A9C10,sub_1A9C10,0x2E1918;0x30CCA8,0x145ED8;0x1A9C5C
FN_libARSPM_001A9C5C,0x1A9C5C,sub_1A9C5C,0x136218;0x1A9C10,0x1B5FF0;0x1680F4;0x4ECA80;0x168168;0x4ECB10;0x168168;0x4ECB10;0x147840;0x167F68;0x167CB0
FN_libARSPM_001AA22C,0x1AA22C,sub_1AA22C,0x190A00;0x1DAA38;0x1DB970;0x1DBCEC;0x1DD9F8;0x1DD9F8;0x1DD9F8;0x1DDC34;0x1DDDC0;0x2216B0,
FN_libARSPM_001AA23C,0x1AA23C,sub_1AA23C,0x19DE90;0x1D07A4;0x1D07A4;0x1D09EC;0x1D09EC;0x20BD00;0x20BD00;0x223228;0x223228;0x223228,
FN_libARSPM_001AA2D0,0x1AA2D0,sub_1AA2D0,0x2268C4,
FN_libARSPM_001AA350,0x1AA350,sub_1AA350,0x1DAA38;0x1DB0F4;0x1DB970;0x1DBCEC,
FN_libARSPM_001AA3D0,0x1AA3D0,sub_1AA3D0,0x198458;0x1DC048;0x1DC048;0x1DC1D8;0x1DC500;0x1DC500;0x1DC500;0x1DC8E8;0x1DC9D4;0x1DC9D4,
FN_libARSPM_001AA464,0x1AA464,sub_1AA464,0x324384;0x358DCC;0x358DCC;0x359BD0;0x359BD0,
FN_libARSPM_001AA4E4,0x1AA4E4,sub_1AA4E4,0x15D0AC;0x15D0AC;0x15D0AC;0x15D0AC;0x1636F0;0x1636F0;0x174B9C;0x174B9C;0x1756F0;0x1756F0,
FN_libARSPM_001AA528,0x1AA528,sub_1AA528,0x390070,
FN_libARSPM_001AA5BC,0x1AA5BC,sub_1AA5BC,0x34F1DC;0x352FCC;0x352FCC;0x3552E8;0x3552E8,
FN_libARSPM_001AA630,0x1AA630,sub_1AA630,0x20BD00;0x20BD00;0x333FFC;0x3341C0;0x3341C0;0x3515CC;0x398E00;0x39903C;0x39903C;0x39922C,
FN_libARSPM_001AA6B8,0x1AA6B8,sub_1AA6B8,0x1E25A4;0x1E2740,
FN_libARSPM_001AA6BC,0x1AA6BC,sub_1AA6BC,,0x156708
FN_libARSPM_001AA7A8,0x1AA7A8,sub_1AA7A8,0x13AFA0;0x1B5230;0x2D9ABC;0x322268;0x322268;0x322268;0x323078;0x323078;0x338BF4;0x339214,
FN_libARSPM_001AA874,0x1AA874,sub_1AA874,0x2DD980;0x2DD980;0x2DF4A0;0x2EF6D0;0x31EE7C;0x31F15C;0x322268;0x324384;0x33B4C0;0x3703C4,
FN_libARSPM_001AA900,0x1AA900,sub_1AA900,0x190358;0x322268;0x322268;0x33B77C;0x33B77C;0x49888C;0x4E4F74,
FN_libARSPM_001AAAA8,0x1AAAA8,sub_1AAAA8,0x16B668;0x1A0200;0x1AC03C;0x1AC08C;0x2565D0;0x32D6D0,0x1AADF0;0x1AB224
FN_libARSPM_001AADF0,0x1AADF0,sub_1AADF0,0x1AAAA8;0x1ABB3C;0x1AC240,0x1AB55C
FN_libARSPM_001AB224,0x1AB224,sub_1AB224,0x1AAAA8;0x1AB55C;0x1AB55C,0x1ABE48
FN_libARSPM_001AB55C,0x1AB55C,sub_1AB55C,0x1AADF0;0x1AC240,0x1AB224;0x1AB224
FN_libARSPM_001AB7C4,0x1AB7C4,sub_1AB7C4,0x1ABA0C;0x1ABA0C;0x1ABA0C;0x1AC240;0x1AC240,
FN_libARSPM_001AB90C,0x1AB90C,sub_1AB90C,0x322268,
FN_libARSPM_001AB9B0,0x1AB9B0,sub_1AB9B0,0x2E23CC,
FN_libARSPM_001ABA0C,0x1ABA0C,sub_1ABA0C,0x4AD2A8,0x1AB7C4;0x1AB7C4;0x1AB7C4
FN_libARSPM_001ABB3C,0x1ABB3C,sub_1ABB3C,0x157D4C;0x2D931C;0x2DD3FC;0x2E23CC;0x322268;0x3703C4,0x1726D8;0x1726D8;0x174980;0x1726D8;0x1ABE48;0x1AADF0
FN_libARSPM_001ABE48,0x1ABE48,sub_1ABE48,0x1AB224;0x1ABB3C;0x1AC240,
FN_libARSPM_001AC00C,0x1AC00C,sub_1AC00C,0x1FB630;0x1FC3F8;0x1FC4C0;0x1FC4C0,
FN_libARSPM_001AC028,0x1AC028,sub_1AC028,0x1B5230,
FN_libARSPM_001AC03C,0x1AC03C,sub_1AC03C,0x1B3654,0x1AAAA8
FN_libARSPM_001AC08C,0x1AC08C,sub_1AC08C,0x1B58FC,0x1AC620;0x1AAAA8
FN_libARSPM_001AC128,0x1AC128,sub_1AC128,0x2DD3FC,
FN_libARSPM_001AC240,0x1AC240,sub_1AC240,0x2DD140;0x2DD980;0x3703C4,0x1B631C;0x1AB7C4;0x1AB7C4;0x1ABE48;0x1AADF0;0x1AB55C
FN_libARSPM_001AC5EC,0x1AC5EC,sub_1AC5EC,0x1B564C;0x1B564C;0x1B564C,
FN_libARSPM_001AC620,0x1AC620,sub_1AC620,0x1AC08C;0x1B55B8;0x1B564C;0x1B564C;0x1B564C;0x1B564C;0x1B58FC;0x1B58FC;0x1B832C;0x1B832C,
FN_libARSPM_001AC680,0x1AC680,sub_1AC680,0x1B564C;0x1B58FC,
FN_libARSPM_001AC6C0,0x1AC6C0,sub_1AC6C0,0x1B5230;0x1B5230;0x1B53A8;0x1B53A8;0x1B53A8;0x1B53A8;0x1B53A8;0x1B53A8;0x1B53A8;0x1B81D8,
FN_libARSPM_001AC708,0x1AC708,sub_1AC708,0x1B5230;0x1B53A8,
FN_libARSPM_001AC77C,0x1AC77C,sub_1AC77C,0x149274;0x149274,
FN_libARSPM_001AC7C8,0x1AC7C8,sub_1AC7C8,0x369ADC,
FN_libARSPM_001AC814,0x1AC814,sub_1AC814,0x142FCC;0x144FA0;0x145080;0x145160;0x14529C;0x14539C;0x145550;0x145550,0x1B67D4;0x1533E4;0x4ECA80
FN_libARSPM_001AC898,0x1AC898,sub_1AC898,0x142FCC;0x16BA58;0x16C158;0x2D7D60;0x3E8494,0x1B6830;0x1533E4
FN_libARSPM_001AC8E4,0x1AC8E4,sub_1AC8E4,0x1437E8;0x158728;0x1C0F28;0x2E085C;0x2E1E80;0x38CD5C;0x38CD5C;0x391C44;0x39290C,0x1B67D4;0x1533E4
FN_libARSPM_001AC91C,0x1AC91C,sub_1AC91C,0x1ACFB8,0x1B67D4;0x1533E4;0x153A4C;0x1B6830;0x1B9524;0x1B6994;0x153600
FN_libARSPM_001AC9F8,0x1AC9F8,sub_1AC9F8,0x142FCC;0x1435D0;0x1439F4;0x143CA0;0x143EE8;0x144184;0x1448C0;0x144F08;0x1459A0;0x158728,0x4ECB10;0x153458
FN_libARSPM_001ACA4C,0x1ACA4C,sub_1ACA4C,0x145550,0x1B6B64;0x153150
FN_libARSPM_001ACA84,0x1ACA84,sub_1ACA84,0x145550;0x158728;0x16BA58;0x16C158;0x1C0F28;0x30CCA8;0x38CD5C;0x38CD5C,0x153150;0x1B6898
FN_libARSPM_001ACADC,0x1ACADC,sub_1ACADC,0x1435D0;0x1439F4;0x143CA0;0x143EE8;0x144184;0x1448C0,0x1B5FF0;0x1B6B64;0x153D84;0x1B6BD4;0x153600;0x1B6898;0x153150;0x153600
FN_libARSPM_001ACBE8,0x1ACBE8,sub_1ACBE8,0x14539C,0x1B6BBC;0x1533E4;0x15366C;0x153C08;0x153458;0x153600;0x1B6898;0x153150;0x153600;0x1726D8
FN_libARSPM_001ACFB8,0x1ACFB8,sub_1ACFB8,0x1ACBE8;0x1ACFB8,0x18D2E0;0x191920;0x15366C;0x153600;0x1B6830;0x1B9524;0x1B6994;0x1AC91C;0x1AD22C;0x4ECB10
FN_libARSPM_001AD22C,0x1AD22C,sub_1AD22C,0x1ACFB8,0x1B6BBC;0x1533E4;0x15366C;0x153600;0x15366C;0x153C08;0x153458;0x153600;0x1B6898;0x153150
FN_libARSPM_001AD394,0x1AD394,sub_1AD394,0x14529C,0x4ECA80;0x4ECA80;0x4ECA80;0x1EB0D0;0x4ECB10;0x4ECB10;0x4ECB10;0x4ECB10
FN_libARSPM_001AD514,0x1AD514,sub_1AD514,0x1435D0;0x1439F4;0x143CA0;0x143EE8;0x144184;0x1448C0,0x1B6B64;0x153150;0x1B7B5C;0x153150;0x1B6A78;0x154228;0x1B6B64;0x153600;0x1B6898;0x153150
FN_libARSPM_001AD6DC,0x1AD6DC,sub_1AD6DC,0x14B6A8;0x1CE0E0;0x1CE3E8;0x1CEC98;0x1CF5EC;0x1D0068;0x1D0208;0x1D1BB4,0x1B67D4
FN_libARSPM_001AD724,0x1AD724,sub_1AD724,0x1595F0;0x16A900;0x16B13C;0x1C3EC4;0x1C3F60;0x1C402C;0x1CCA00;0x1CCDEC;0x1CD47C,0x1B67D4;0x1B6898
FN_libARSPM_001AD7C4,0x1AD7C4,sub_1AD7C4,0x14B6A8;0x1CE0E0;0x1CE3E8;0x1CEC98;0x1CF5EC;0x1D0068;0x1D0208;0x1D1BB4,0x1B6898
FN_libARSPM_001AD838,0x1AD838,sub_1AD838,0x140E28;0x147840;0x1570DC;0x158FF4;0x1B0C0C;0x1B0EA0;0x1B156C;0x1B1860;0x1B1BA8;0x1B1BA8,
FN_libARSPM_001AD848,0x1AD848,sub_1AD848,0x1B0EA0,
FN_libARSPM_001AD854,0x1AD854,sub_1AD854,0x140E28;0x140E28;0x140E28;0x140E28;0x140E28;0x1477A8;0x1477A8;0x1570DC;0x1570DC;0x158FF4,0x14130C
FN_libARSPM_001AD8F0,0x1AD8F0,sub_1AD8F0,0x3F24A4,0x14130C
FN_libARSPM_001AD98C,0x1AD98C,sub_1AD98C,0x1B0EA0;0x1B0EA0;0x1B156C;0x1B156C;0x1B1860;0x1B1860;0x1B1860;0x1B1BA8;0x1B1BA8;0x1B1BA8,0x14130C;0x14130C
FN_libARSPM_001ADB30,0x1ADB30,sub_1ADB30,0x1570DC;0x1ED6CC,0x14130C;0x14130C
FN_libARSPM_001ADC70,0x1ADC70,sub_1ADC70,0x1B0C0C;0x1B0EA0;0x1BC784;0x1EBCBC;0x1EBD58;0x2125B8;0x212714;0x2D44D0;0x330074,0x14130C;0x14130C;0x14130C;0x14130C;0x14130C
FN_libARSPM_001ADF2C,0x1ADF2C,sub_1ADF2C,0x1F38B4;0x21DE70;0x2221E0;0x346BC0,0x1726D8;0x14130C;0x14130C;0x14130C;0x14130C;0x14130C;0x1726AC;0x14130C;0x14130C
FN_libARSPM_001AE20C,0x1AE20C,sub_1AE20C,0x147840;0x1570DC;0x3E7020;0x3E7020,0x14130C;0x14130C;0x14130C;0x14130C;0x14130C;0x14130C;0x14130C;0x14130C;0x14130C;0x14130C
FN_libARSPM_001AECBC,0x1AECBC,sub_1AECBC,0x1477A8;0x1477A8;0x1AEF00;0x1AFA7C;0x1EE054;0x2D32B4;0x2D32B4;0x2D44D0,0x3E9668;0x14130C;0x14130C;0x14130C;0x14130C;0x14130C
FN_libARSPM_001AEEF4,0x1AEEF4,sub_1AEEF4,0x1B156C;0x1B156C;0x1B1860;0x1B1860;0x1B1BA8;0x1B1BA8;0x1B1BA8;0x1B1BA8;0x1B1BA8;0x1B1BA8,
FN_libARSPM_001AEF00,0x1AEF00,sub_1AEF00,,0x14130C;0x14130C;0x14130C;0x14130C;0x14130C;0x14130C;0x14130C;0x14130C;0x14130C;0x14130C
FN_libARSPM_001AFA70,0x1AFA70,sub_1AFA70,0x147840;0x1B0EA0;0x1B156C;0x1B1860;0x1B1BA8;0x1B1BA8;0x1B1BA8;0x346BC0;0x3E7020,
FN_libARSPM_001AFA7C,0x1AFA7C,sub_1AFA7C,,0x14130C;0x14130C;0x14130C;0x14130C;0x14130C;0x14130C;0x14130C;0x14130C;0x14130C;0x14130C
FN_libARSPM_001B05F8,0x1B05F8,sub_1B05F8,0x1B0EA0;0x1B156C;0x1B1860;0x1B1BA8;0x1B1BA8;0x1B1BA8,
FN_libARSPM_001B061C,0x1B061C,sub_1B061C,,0x14130C
FN_libARSPM_001B06B0,0x1B06B0,sub_1B06B0,0x28CB44,0x14130C;0x14130C
FN_libARSPM_001B07A0,0x1B07A0,sub_1B07A0,0x140E28;0x147840;0x1B0EA0;0x1B0EA0;0x212714;0x2D44D0;0x330074;0x344568;0x346BC0;0x3E7020,
FN_libARSPM_001B07A8,0x1B07A8,sub_1B07A8,,0x14E8AC;0x2666F8
FN_libARSPM_001B0968,0x1B0968,sub_1B0968,0x1B156C;0x1B1860;0x1B1BA8;0x1B1BA8;0x1B1BA8;0x2D32B4,0x14130C
FN_libARSPM_001B0C0C,0x1B0C0C,sub_1B0C0C,0x14DACC;0x14E0A0;0x1599F4,0x1A99D0;0x146908;0x1A99D0;0x147468;0x147628;0x1AD838;0x14119C;0x1F3F0C;0x14130C;0x1AD854
FN_libARSPM_001B0EA0,0x1B0EA0,sub_1B0EA0,0x1B0C0C;0x1B0C0C;0x1B1464,0x1B26DC;0x1E98C8;0x1756D8;0x1F3F0C;0x14130C;0x1AD854;0x1AD98C;0x1E98C8;0x1A99D0;0x146020
FN_libARSPM_001B1464,0x1B1464,sub_1B1464,0x1570DC;0x158FF4,0x146908;0x1A99D0;0x147468;0x147628;0x1B0EA0;0x4ECB10
FN_libARSPM_001B156C,0x1B156C,sub_1B156C,0x1B1860,0x1AD838;0x1AD98C;0x1B05F8;0x1A99D0;0x1AD854;0x1AD854;0x1AD854;0x1AEEF4;0x1AD854;0x1AEEF4
FN_libARSPM_001B1860,0x1B1860,sub_1B1860,,0x1B156C;0x1AD838;0x1AD98C;0x1B05F8;0x140B40;0x1AD854;0x1AD854;0x1AEEF4;0x1AD854;0x1AD98C
FN_libARSPM_001B1B4C,0x1B1B4C,sub_1B1B4C,,0x1B1BA8
FN_libARSPM_001B1BA8,0x1B1BA8,sub_1B1BA8,0x1B1B4C;0x1B22F0;0x1B2348,0x16A5E4;0x16A5E4;0x16A5E4;0x1AD838;0x1AD98C;0x1B05F8;0x140B40;0x1AD854;0x1AD854;0x1AEEF4
FN_libARSPM_001B22F0,0x1B22F0,sub_1B22F0,,0x1B1BA8
FN_libARSPM_001B2348,0x1B2348,sub_1B2348,,0x1B1BA8
FN_libARSPM_001B239C,0x1B239C,sub_1B239C,,0x167CB0
FN_libARSPM_001B24B4,0x1B24B4,sub_1B24B4,,0x167CB0;0x14E644
FN_libARSPM_001B25D4,0x1B25D4,sub_1B25D4,,0x167F68
FN_libARSPM_001B26DC,0x1B26DC,sub_1B26DC,0x1B0EA0,0x141420;0x141288;0x167D08;0x167D08;0x1AD838;0x1AD838;0x167CB0
FN_libARSPM_001B27EC,0x1B27EC,sub_1B27EC,,0x167CB0;0x14E644
FN_libARSPM_001B2910,0x1B2910,sub_1B2910,0x1F8878;0x3DE6B8;0x3E0070,
FN_libARSPM_001B295C,0x1B295C,sub_1B295C,0x1420FC;0x15FA4C;0x15FA4C;0x15FA4C;0x15FA4C;0x16C4B8;0x16C4B8;0x18CD84;0x1BCCFC;0x1BCCFC,
FN_libARSPM_001B297C,0x1B297C,sub_1B297C,0x1422A8;0x1F5D30;0x1F8AE0;0x1F8AE0;0x1F8AE0;0x1F8AE0;0x1F8AE0;0x3DE6B8;0x3E23C4;0x3E23C4,
FN_libARSPM_001B2A0C,0x1B2A0C,sub_1B2A0C,0x1422A8;0x1422A8;0x1422A8;0x1422A8;0x1F8AE0;0x1F8AE0;0x1F8AE0;0x1F8AE0;0x1F8AE0;0x1F8AE0,0x14E918
FN_libARSPM_001B2ACC,0x1B2ACC,sub_1B2ACC,0x15FA4C;0x1EB9AC;0x1EBF9C;0x1EBF9C;0x1F8AE0;0x21C76C;0x223B04;0x224E84;0x224E84;0x224E84,
FN_libARSPM_001B2B40,0x1B2B40,sub_1B2B40,0x1420FC;0x15FA4C;0x16C4B8;0x16C4B8;0x18CD84;0x1E12F8;0x1EBF9C;0x1EBF9C;0x1F5D30;0x1F84B0,
FN_libARSPM_001B2B9C,0x1B2B9C,sub_1B2B9C,0x1EB95C;0x212370;0x25AE50;0x265B40,
FN_libARSPM_001B2BF8,0x1B2BF8,sub_1B2BF8,0x1422A8;0x1422A8;0x1422A8;0x15FA4C;0x1E12F8;0x1E12F8;0x1E12F8;0x1F7464;0x1F85E0;0x1F8670,
FN_libARSPM_001B2C54,0x1B2C54,sub_1B2C54,0x16C4B8;0x18CD84;0x18CD84;0x1DF7CC;0x1DF7CC;0x1DF7CC;0x1F8AE0;0x1F8AE0;0x1F8AE0;0x1F8AE0,
FN_libARSPM_001B2CA8,0x1B2CA8,sub_1B2CA8,0x18CD84;0x1BCCFC;0x1DF0A0;0x1DF0A0;0x1DF0A0;0x1DF7CC;0x1EAAB8;0x1F3218;0x1F5D30;0x1F8AE0,
FN_libARSPM_001B2D04,0x1B2D04,sub_1B2D04,0x1C3520;0x1C3520;0x3DE6B8;0x3E23C4;0x3E23C4,
FN_libARSPM_001B2DC0,0x1B2DC0,sub_1B2DC0,0x1B2F34;0x1B4910,0x14E918
FN_libARSPM_001B2F34,0x1B2F34,sub_1B2F34,0x1BFB74;0x1F3218;0x1F8AE0;0x263630;0x263630;0x2CF260,0x1B2DC0
FN_libARSPM_001B2F78,0x1B2F78,sub_1B2F78,0x18CD84;0x1EB9AC;0x1F8AE0;0x212370,
FN_libARSPM_001B2FD0,0x1B2FD0,sub_1B2FD0,0x1DF0A0;0x1F8AE0;0x1F8AE0;0x21D964;0x21D964;0x2211CC;0x2217A0;0x2217A0;0x221D10;0x260294,
FN_libARSPM_001B308C,0x1B308C,sub_1B308C,0x1F8AE0;0x1F8AE0;0x25AE50;0x25AE50,
FN_libARSPM_001B30E4,0x1B30E4,sub_1B30E4,0x1F8AE0,
FN_libARSPM_001B3158,0x1B3158,sub_1B3158,0x16921C;0x1EBF9C;0x1F28B4;0x1F3218;0x1F8AE0;0x1F8AE0;0x1F8AE0;0x1F8AE0;0x1F8AE0;0x1F8AE0,0x175850;0x172690
FN_libARSPM_001B3278,0x1B3278,sub_1B3278,0x1F8AE0,
FN_libARSPM_001B32D0,0x1B32D0,sub_1B32D0,0x15FA4C;0x1DF0A0;0x1F5D30;0x1F8AE0;0x1F8AE0;0x1F8AE0;0x1F8AE0;0x1F8AE0;0x1F8AE0;0x1F8AE0,
FN_libARSPM_001B3328,0x1B3328,sub_1B3328,0x1F8AE0;0x1F8AE0;0x21C084;0x21C76C;0x251E88;0x3F55E0;0x3FF9F4,
FN_libARSPM_001B3388,0x1B3388,sub_1B3388,0x1EBF9C;0x1F8AE0;0x1F8AE0;0x1F8AE0;0x1F8AE0;0x25A250;0x25C5D0;0x260294,
FN_libARSPM_001B3654,0x1B3654,sub_1B3654,0x1F8AE0;0x1F8AE0;0x1F8AE0;0x1F8AE0,0x1AC03C
FN_libARSPM_001B3770,0x1B3770,sub_1B3770,0x1F8AE0;0x1F8AE0,0x1B832C;0x1B6B64
FN_libARSPM_001B3894,0x1B3894,sub_1B3894,0x1F7464;0x22961C;0x24F9F0,0x1B55B8;0x18D5A8
FN_libARSPM_001B39B8,0x1B39B8,sub_1B39B8,0x1B3C48;0x1B3C48,
FN_libARSPM_001B39EC,0x1B39EC,sub_1B39EC,,0x14E918
FN_libARSPM_001B3B44,0x1B3B44,sub_1B3B44,0x1DF0A0;0x1DF0A0;0x1DF0A0;0x1DF0A0;0x1E12F8;0x1E12F8;0x1E12F8;0x1E12F8;0x1F5D30;0x1F7464,
FN_libARSPM_001B3B4C,0x1B3B4C,sub_1B3B4C,0x21E3F8,
FN_libARSPM_001B3B54,0x1B3B54,sub_1B3B54,0x3FA2B0,
FN_libARSPM_001B3B5C,0x1B3B5C,sub_1B3B5C,0x21E3F8;0x223B04;0x224E84;0x224E84;0x227F88;0x227F88;0x227F88;0x25D6C0;0x25D6C0;0x25D6C0,
FN_libARSPM_001B3B64,0x1B3B64,sub_1B3B64,0x1E12F8;0x3E23C4;0x3E23C4;0x3E23C4;0x3E23C4,
FN_libARSPM_001B3C48,0x1B3C48,sub_1B3C48,0x1B3DC4;0x1B3DC4;0x1B3DC4;0x1B3DC4;0x1BFB74;0x1EB9AC;0x1F3218;0x1F8AE0;0x21E3F8;0x2243D8,0x266704;0x1B39B8;0x1B39B8
FN_libARSPM_001B3D70,0x1B3D70,sub_1B3D70,0x21E3F8;0x227F88;0x25D6C0;0x3FA2B0,
FN_libARSPM_001B3DC4,0x1B3DC4,sub_1B3DC4,0x1EBF9C;0x25A250,0x1B3C48;0x1B3C48;0x4ECA80;0x4ECB10;0x14803C;0x148054;0x1E7BD0;0x4ECB10;0x14803C;0x148054
FN_libARSPM_001B47C8,0x1B47C8,sub_1B47C8,0x1DF7CC,
FN_libARSPM_001B4830,0x1B4830,sub_1B4830,,0x4ECA80
FN_libARSPM_001B4910,0x1B4910,sub_1B4910,0x1B4CAC;0x1BCCFC,0x1B2DC0;0x15AC80;0x1B4EE4;0x4ECB10
FN_libARSPM_001B4CAC,0x1B4CAC,sub_1B4CAC,0x15FA4C;0x18CD84;0x18CD84;0x18CD84;0x18CD84;0x18CD84;0x18CD84;0x18CD84;0x18CD84;0x18CD84,0x1B4910;0x4ECB10
FN_libARSPM_001B4D3C,0x1B4D3C,sub_1B4D3C,0x1F8AE0;0x1F8AE0;0x1F8AE0;0x1F8AE0,
FN_libARSPM_001B4DE0,0x1B4DE0,sub_1B4DE0,0x25A250,
FN_libARSPM_001B4E44,0x1B4E44,sub_1B4E44,,0x167CB0
FN_libARSPM_001B4EB4,0x1B4EB4,sub_1B4EB4,,0x167CB0
FN_libARSPM_001B4EE4,0x1B4EE4,sub_1B4EE4,0x1B4910,0x1B5010
FN_libARSPM_001B5010,0x1B5010,sub_1B5010,0x1B4EE4,
FN_libARSPM_001B5230,0x1B5230,sub_1B5230,0x1B53A8;0x1B551C,0x1B6110;0x1A0434;0x1AA7A8;0x1AC6C0;0x1AC028;0x1AC6C0;0x1AC708
FN_libARSPM_001B53A8,0x1B53A8,sub_1B53A8,0x1E1FAC,0x1B5230;0x1AC6C0;0x1AC6C0;0x1AC6C0;0x1AC6C0;0x1AC6C0;0x1AC6C0;0x1AC6C0;0x1AC708
FN_libARSPM_001B551C,0x1B551C,sub_1B551C,0x206FB8,0x1B5230;0x148298
FN_libARSPM_001B55B8,0x1B55B8,sub_1B55B8,0x1B3894,0x1AC620;0x1B564C
FN_libARSPM_001B564C,0x1B564C,sub_1B564C,0x1B55B8,0x1AC620;0x1B58FC;0x1AC620;0x1AC620;0x1AC620;0x14E918;0x1AC5EC;0x14E918;0x1AC5EC;0x14E918
FN_libARSPM_001B58FC,0x1B58FC,sub_1B58FC,0x1B564C,0x1AC620;0x1AC08C;0x1AC620;0x18D5A8;0x18F854;0x1AC680
FN_libARSPM_001B5A00,0x1B5A00,sub_1B5A00,0x1B564C,
FN_libARSPM_001B5A24,0x1B5A24,sub_1B5A24,,0x266704;0x2666F8
FN_libARSPM_001B5A98,0x1B5A98,sub_1B5A98,0x1B3DC4,0x167D08;0x1A16BC;0x136BB0;0x167CB0
FN_libARSPM_001B5B14,0x1B5B14,sub_1B5B14,0x1B3DC4,
FN_libARSPM_001B5B28,0x1B5B28,sub_1B5B28,0x1B3DC4;0x1B3DC4;0x1B3DC4,
FN_libARSPM_001B5B38,0x1B5B38,sub_1B5B38,0x1B3DC4;0x1B3DC4,0x168238;0x168238;0x1A9750;0x167D68;0x167CB0
FN_libARSPM_001B5BD0,0x1B5BD0,sub_1B5BD0,0x1B3DC4,0x136A58;0x1E5004;0x136BB0
FN_libARSPM_001B5C30,0x1B5C30,sub_1B5C30,0x1B3DC4;0x265F48,0x167D08;0x1A0710
FN_libARSPM_001B5C94,0x1B5C94,sub_1B5C94,0x1E5648;0x1E5648;0x1E5ED0,
FN_libARSPM_001B5CA8,0x1B5CA8,sub_1B5CA8,,0x167F28
FN_libARSPM_001B5D2C,0x1B5D2C,sub_1B5D2C,0x1E6074,
FN_libARSPM_001B5D74,0x1B5D74,sub_1B5D74,0x1E6074,
FN_libARSPM_001B5D80,0x1B5D80,sub_1B5D80,0x1E7BD0,0x4ECA80;0x4ECB10;0x14803C;0x148054;0x265CEC;0x4ECB10;0x14803C;0x148054
FN_libARSPM_001B5EA4,0x1B5EA4,sub_1B5EA4,0x1A9AAC,0x167F28;0x1B5FF0;0x167F28;0x167D08;0x167DE0;0x167CB0
FN_libARSPM_001B5FF0,0x1B5FF0,sub_1B5FF0,0x13635C;0x137E84;0x138AF0;0x138DEC;0x139708;0x13ACB8;0x1437E8;0x145550;0x14A754;0x14AD10,
FN_libARSPM_001B6044,0x1B6044,sub_1B6044,0x160850;0x16758C;0x16786C;0x1B851C;0x1B851C;0x2519C0;0x251A84;0x257040;0x257040;0x257040,
FN_libARSPM_001B60E0,0x1B60E0,sub_1B60E0,0x149274;0x149274;0x158FF4;0x15D0AC;0x174980;0x201AC8;0x37E9E0;0x38CD5C;0x39922C,
FN_libARSPM_001B6110,0x1B6110,sub_1B6110,0x13D374;0x13F2FC;0x15A6D8;0x18D638;0x18DB08;0x18DFDC;0x18E03C;0x18E4F0;0x18E800;0x18E800,
FN_libARSPM_001B61F8,0x1B61F8,sub_1B61F8,0x174980,
FN_libARSPM_001B62D8,0x1B62D8,sub_1B62D8,0x138DEC;0x144458;0x14B2C8;0x14B58C;0x1C5588;0x1CCAF8;0x1CCAF8;0x1D163C;0x2011A0;0x2013DC,
FN_libARSPM_001B631C,0x1B631C,sub_1B631C,0x1AC240;0x3703C4,
FN_libARSPM_001B6360,0x1B6360,sub_1B6360,0x15E90C;0x15F408;0x15F408;0x1DE0B8;0x1DE1DC;0x1DE2D0;0x1DE2D0;0x1DE554;0x1DEA20;0x1DEA20,
FN_libARSPM_001B63E4,0x1B63E4,sub_1B63E4,0x14A754;0x2DE5E4;0x2DEB70;0x2DF3E4;0x2DF888,
FN_libARSPM_001B65E4,0x1B65E4,sub_1B65E4,0x163DC0;0x163DC0;0x163F4C;0x1657F4;0x165B58,
FN_libARSPM_001B67D4,0x1B67D4,sub_1B67D4,0x14539C;0x1AC814;0x1AC8E4;0x1AC91C;0x1AD6DC;0x1AD724;0x1B9524;0x1B9524;0x1C4124;0x1C4404,
FN_libARSPM_001B67E4,0x1B67E4,sub_1B67E4,0x206860;0x387380;0x3876F0,
FN_libARSPM_001B6818,0x1B6818,sub_1B6818,,0x4ECB10
FN_libARSPM_001B6830,0x1B6830,sub_1B6830,0x152D48;0x1AC898;0x1AC91C;0x1ACFB8;0x1B9524;0x1B9524;0x1D1AD8;0x229804;0x2D7674,
FN_libARSPM_001B6898,0x1B6898,sub_1B6898,0x14B024;0x1ACA84;0x1ACADC;0x1ACBE8;0x1ACBE8;0x1ACFB8;0x1AD22C;0x1AD514;0x1AD724;0x1AD7C4,0x4ECB10;0x2666F8;0x4ECB10;0x2666F8
FN_libARSPM_001B6994,0x1B6994,sub_1B6994,0x14539C;0x14B6A8;0x152D48;0x1595F0;0x16A900;0x16B13C;0x1AC91C;0x1ACFB8;0x1ACFB8;0x1B9524,0x4ECB10
FN_libARSPM_001B69E0,0x1B69E0,sub_1B69E0,0x1B832C,0x266704;0x2CFAA0;0x2666C0
FN_libARSPM_001B6A78,0x1B6A78,sub_1B6A78,0x1AD514;0x1B9524;0x1B9B94;0x387474,
FN_libARSPM_001B6A80,0x1B6A80,sub_1B6A80,,0x4ECB10;0x4ECB10;0x2666F8
FN_libARSPM_001B6B10,0x1B6B10,sub_1B6B10,0x1B9524,
FN_libARSPM_001B6B3C,0x1B6B3C,sub_1B6B3C,0x387A48,
FN_libARSPM_001B6B64,0x1B6B64,sub_1B6B64,0x1ACA4C;0x1ACADC;0x1ACBE8;0x1AD514;0x1AD514;0x1B3770;0x1B9524;0x1B9524,0x4ECB10;0x2666F8
FN_libARSPM_001B6BBC,0x1B6BBC,sub_1B6BBC,0x1ACBE8;0x1AD22C;0x1B9524;0x1B9524;0x2D7674,
FN_libARSPM_001B6BD4,0x1B6BD4,sub_1B6BD4,0x1ACADC;0x1ACBE8;0x1C4124;0x1D163C;0x1D1AD8,0x1B72DC;0x4ECB10;0x2666F8
FN_libARSPM_001B6CB4,0x1B6CB4,sub_1B6CB4,0x1B9524,
FN_libARSPM_001B6CF8,0x1B6CF8,sub_1B6CF8,0x1B72DC,0x4ECB10;0x2666F8;0x266704;0x266704;0x4ECB10;0x2666F8;0x4ECB10;0x2666F8;0x4ECB10;0x2666F8
FN_libARSPM_001B70CC,0x1B70CC,sub_1B70CC,0x14B44C,
FN_libARSPM_001B7158,0x1B7158,sub_1B7158,0x1CCE44,
FN_libARSPM_001B7270,0x1B7270,sub_1B7270,0x1B72DC;0x1B72DC;0x1B72DC;0x1B72DC;0x265134;0x2DF888,
FN_libARSPM_001B72DC,0x1B72DC,sub_1B72DC,0x1B6BD4,0x1B5FF0;0x1B5FF0;0x1B80D0;0x4ECB10;0x1B7270;0x4ECB10;0x2666F8;0x4ECB10;0x4ECB10;0x2666F8
FN_libARSPM_001B7B5C,0x1B7B5C,sub_1B7B5C,0x14539C;0x1AD514;0x1B9524,0x266704;0x4ECB10;0x2666F8;0x266704;0x4ECB10;0x2666F8;0x4ECB10;0x2666F8;0x4ECB10;0x2666F8
FN_libARSPM_001B7F9C,0x1B7F9C,sub_1B7F9C,0x1B72DC,0x4ECB10;0x2666F8;0x4ECB10
FN_libARSPM_001B8070,0x1B8070,sub_1B8070,0x1B72DC,
FN_libARSPM_001B8084,0x1B8084,sub_1B8084,,0x4ECB10;0x2666F8
FN_libARSPM_001B80D0,0x1B80D0,sub_1B80D0,0x1B72DC,0x4ECB10;0x2666F8;0x4ECB10;0x2666F8
FN_libARSPM_001B81D8,0x1B81D8,sub_1B81D8,0x1E1F44;0x1FBBBC;0x1FBBBC;0x1FBBBC;0x1FC31C;0x1FC31C;0x1FC31C,0x1AC6C0;0x1AC6C0;0x1AC6C0;0x1AC6C0;0x1AC6C0;0x1AC6C0
FN_libARSPM_001B832C,0x1B832C,sub_1B832C,0x1B3770,0x1AC620;0x1AC620;0x1AC620;0x1AC620;0x1B851C;0x1B69E0;0x1AC620;0x4ECB10;0x2666F8
FN_libARSPM_001B851C,0x1B851C,sub_1B851C,0x1B832C,0x1B6044;0x1B6044
FN_libARSPM_001B87DC,0x1B87DC,sub_1B87DC,0x148BE0;0x15366C;0x1B9D70;0x229804;0x387A48;0x387A48,
FN_libARSPM_001B8838,0x1B8838,sub_1B8838,0x148BE0;0x15366C;0x1B9D70;0x229804;0x387A48;0x387A48,
FN_libARSPM_001B88EC,0x1B88EC,sub_1B88EC,0x14CDA0;0x14D4E4;0x14D59C;0x14D648;0x14D7B0;0x1595F0;0x16A900;0x16B13C;0x1C3D04;0x1CC028,0x1B5FF0
FN_libARSPM_001B8AB8,0x1B8AB8,sub_1B8AB8,0x14CDA0;0x14D4E4;0x14D59C;0x14D648;0x14D7B0;0x1595F0;0x16A900;0x16B13C;0x1C3D04;0x1CC028,
FN_libARSPM_001B8ADC,0x1B8ADC,sub_1B8ADC,,0x1B5FF0
FN_libARSPM_001B8CB4,0x1B8CB4,sub_1B8CB4,0x14D298;0x14D320,
FN_libARSPM_001B8D68,0x1B8D68,sub_1B8D68,0x14D298;0x14D298;0x14D320;0x14D320,
FN_libARSPM_001B8E08,0x1B8E08,sub_1B8E08,0x14CE10,0x167C58
FN_libARSPM_001B8F54,0x1B8F54,sub_1B8F54,0x1B72DC;0x1B72DC,0x2666C4;0x2666F8
FN_libARSPM_001B9258,0x1B9258,sub_1B9258,0x1B9524,0x2666F8
FN_libARSPM_001B928C,0x1B928C,sub_1B928C,,0x2666F8;0x14E644
FN_libARSPM_001B92C8,0x1B92C8,sub_1B92C8,0x1B9524,
FN_libARSPM_001B93BC,0x1B93BC,sub_1B93BC,,0x14E8F4
FN_libARSPM_001B9524,0x1B9524,sub_1B9524,0x1AC91C;0x1ACFB8;0x1B9524;0x1B9524;0x229804;0x2D7674,0x18DFDC;0x18DFC8;0x1B6A78;0x1D1AD8;0x18E03C;0x1B6B64;0x1B5FF0;0x1B67D4;0x172A20;0x18D2E0
FN_libARSPM_001B9B8C,0x1B9B8C,sub_1B9B8C,0x1B9524,
FN_libARSPM_001B9B94,0x1B9B94,sub_1B9B94,,0x1B6A78
FN_libARSPM_001B9BC4,0x1B9BC4,sub_1B9BC4,0x1B9524,
FN_libARSPM_001B9C70,0x1B9C70,sub_1B9C70,0x1B9524,0x266704;0x2CFAA0;0x2666C0
FN_libARSPM_001B9CF0,0x1B9CF0,sub_1B9CF0,0x1B9524,
FN_libARSPM_001B9D70,0x1B9D70,sub_1B9D70,0x148BE0;0x2D74AC;0x2D9564;0x322AD8,0x1B87DC;0x1563CC;0x156738;0x1B8838;0x18EFAC;0x18EFE0;0x18F3F0;0x18E788;0x18EFE0;0x18EFE0
FN_libARSPM_001BA028,0x1BA028,sub_1BA028,0x1B9D70;0x1BA028,0x1BA028
FN_libARSPM_001BA598,0x1BA598,sub_1BA598,0x171FD8;0x172124;0x172230;0x1723B8;0x1A0D90;0x1A0F44;0x1A0FB8;0x1A10C0;0x1E77C8;0x1E79B4,0x1472A8
FN_libARSPM_001BA5EC,0x1BA5EC,sub_1BA5EC,0x1BB15C,0x4EC2E0;0x1563CC;0x4ECAB0;0x136DB8;0x156714;0x4ECAE0
FN_libARSPM_001BA708,0x1BA708,sub_1BA708,0x171FD8;0x172230;0x1A0FB8;0x1BB474;0x1E77C8,0x1BA898;0x1BA9BC
FN_libARSPM_001BA898,0x1BA898,sub_1BA898,0x1BA708;0x1BAD28;0x1BB308;0x1BB308,0x4ECAB0;0x136DB8;0x1BB8A4;0x4ECAE0;0x136D10;0x1BA9BC;0x2666F8
FN_libARSPM_001BA9BC,0x1BA9BC,sub_1BA9BC,0x1BA708;0x1BA898;0x1BAD28;0x1BAD28,0x1BB750
FN_libARSPM_001BAD28,0x1BAD28,sub_1BAD28,0x172124;0x1723B8;0x1A10C0;0x1BB560;0x1E79B4,0x1BA898;0x1BA9BC;0x1BB750;0x1BA9BC
FN_libARSPM_001BB15C,0x1BB15C,sub_1BB15C,0x1BB22C;0x1BB22C;0x1BB308;0x1BB308;0x1BB474;0x1BB560,0x1BA5EC
FN_libARSPM_001BB22C,0x1BB22C,sub_1BB22C,0x1A0D90;0x1A10C0,0x4ECAB0;0x1BB15C;0x4ECAE0;0x136DB8;0x1BB15C;0x4ECAE0;0x136D10
FN_libARSPM_001BB308,0x1BB308,sub_1BB308,0x16BCBC;0x16C41C;0x1E6074,0x4ECAB0;0x1BB15C;0x1BA898;0x136904;0x4ECAE0;0x136DB8;0x1BB15C;0x1BA898;0x266704;0x1368D0
FN_libARSPM_001BB474,0x1BB474,sub_1BB474,0x171FD8;0x172230;0x1A0F44;0x1A0FB8;0x1E77C8;0x209264;0x209264;0x21CDF4,0x4ECAB0;0x136DB8;0x1BB15C;0x1BA708;0x4ECAE0;0x136D10
FN_libARSPM_001BB560,0x1BB560,sub_1BB560,0x172124;0x1723B8;0x1A10C0;0x1E79B4;0x209264;0x209264;0x21CDF4,0x4ECAB0;0x136DB8;0x1BB15C;0x1BAD28;0x4ECAE0
FN_libARSPM_001BB640,0x1BB640,sub_1BB640,,0x4EC2E0;0x1563CC;0x4ECAB0;0x136DB8;0x1BBB2C;0x4ECAE0
FN_libARSPM_001BB750,0x1BB750,sub_1BB750,0x1BA9BC;0x1BAD28,
FN_libARSPM_001BB8A4,0x1BB8A4,sub_1BB8A4,0x1BA898,0x1348D0;0x1BB9E0;0x1BB9E0;0x2666F8
FN_libARSPM_001BB9E0,0x1BB9E0,sub_1BB9E0,0x1BB8A4;0x1BB8A4,0x1348D0;0x2666F8;0x2666F8
FN_libARSPM_001BBB2C,0x1BBB2C,sub_1BBB2C,0x1BB640,0x4ECAB0;0x136DB8;0x1349B8;0x1348D0;0x2666F8;0x4ECAE0;0x136D10
FN_libARSPM_001BBC58,0x1BBC58,sub_1BBC58,0x177680;0x177680;0x1BD33C,0x1763AC;0x1763AC;0x1763AC;0x1763AC;0x1763AC;0x1763AC;0x1763AC;0x1763AC
FN_libARSPM_001BC1B0,0x1BC1B0,sub_1BC1B0,0x165B58;0x258F58;0x258F58;0x258F58;0x25B59C;0x25B59C;0x25B59C;0x25B59C;0x25B59C;0x25B59C,
FN_libARSPM_001BC1D8,0x1BC1D8,sub_1BC1D8,0x2F3F74;0x2F5F00;0x2F6BB0,0x146908;0x147468;0x1BC2AC;0x4ECB10;0x14803C;0x148054
FN_libARSPM_001BC2AC,0x1BC2AC,sub_1BC2AC,0x1BC1D8;0x1BC5D8;0x36BCF8,0x147628;0x148194;0x147628;0x4ECA80;0x4ECB10;0x14803C;0x148054;0x4ECA80
FN_libARSPM_001BC48C,0x1BC48C,sub_1BC48C,0x1BFD90;0x1F2EF0;0x2CEFF8;0x330074;0x330074,0x4EC2E0;0x29AFAC;0x29AFAC;0x28C254;0x28C254;0x1BF26C
FN_libARSPM_001BC5D8,0x1BC5D8,sub_1BC5D8,0x1BFD90;0x1F2EF0;0x2CEFF8,0x4ECA80;0x146908;0x147468;0x1BC2AC;0x4ECB10;0x14803C;0x148054;0x14130C;0x4ECB10;0x14803C
FN_libARSPM_001BC784,0x1BC784,sub_1BC784,,0x1ADC70
FN_libARSPM_001BC884,0x1BC884,sub_1BC884,0x2F398C,
FN_libARSPM_001BC94C,0x1BC94C,sub_1BC94C,0x2F398C,
FN_libARSPM_001BC988,0x1BC988,sub_1BC988,,0x1AD854
FN_libARSPM_001BCA10,0x1BCA10,sub_1BCA10,0x2F398C,
FN_libARSPM_001BCA4C,0x1BCA4C,sub_1BCA4C,,0x146A0C;0x147468;0x14130C;0x1AD854;0x1477A8;0x1AD854
FN_libARSPM_001BCB94,0x1BCB94,sub_1BCB94,,0x146A0C;0x147468;0x14130C;0x1AD854;0x1477A8;0x1AD854
FN_libARSPM_001BCCE0,0x1BCCE0,sub_1BCCE0,0x1BFD90;0x1F2EF0;0x2CEFF8;0x2F3F74;0x2F6BB0;0x2F6BB0,
FN_libARSPM_001BCCFC,0x1BCCFC,sub_1BCCFC,0x1BFB74;0x1F3218;0x2CF260,0x1B2CA8;0x1B295C;0x4ECB10;0x1348D0;0x2666F8;0x1B4910;0x1349B8;0x1348D0;0x2666F8;0x1B295C
FN_libARSPM_001BD060,0x1BD060,sub_1BD060,0x2F398C,
FN_libARSPM_001BD0C8,0x1BD0C8,sub_1BD0C8,0x1F30F4,
FN_libARSPM_001BD128,0x1BD128,sub_1BD128,0x1BDB54;0x1BDBB4;0x1BDC14,0x26852C;0x268CD8;0x1BD33C;0x2B93F8;0x268A2C;0x1DA35C;0x2B93F8;0x268600;0x284D28
FN_libARSPM_001BD33C,0x1BD33C,sub_1BD33C,0x1BD128,0x26852C;0x2B96F4;0x1BFAB4;0x4ECB10;0x2B96F4;0x288220;0x26759C;0x288C20;0x2676EC;0x2677A0
FN_libARSPM_001BDB54,0x1BDB54,sub_1BDB54,0x2EA488;0x2EA69C;0x2F0340;0x2F0620;0x2F0944;0x2F0BC8;0x2F0EA4;0x2F13E0;0x2F5F00;0x2F5F00,0x1D91C4;0x1BD128;0x1D93F8
FN_libARSPM_001BDBB4,0x1BDBB4,sub_1BDBB4,0x165B58;0x1EAD9C;0x258F58;0x25B59C;0x25B59C;0x25C8F8;0x262140;0x262140;0x2E435C;0x2E4B0C,0x1D91C4;0x1BD128;0x1D93F8
FN_libARSPM_001BDC14,0x1BDC14,sub_1BDC14,0x252720;0x2F1030;0x4735FC,0x1D91C4;0x1BD128;0x1D93F8
FN_libARSPM_001BDC74,0x1BDC74,sub_1BDC74,0x1BFB74;0x1F3218;0x263630;0x2CF260;0x2CF6C4,0x147464;0x4ECAB0;0x136DB8;0x1472A8;0x4ECA80;0x4ECAE0;0x4ECAE0;0x136D10;0x1D91C4;0x1D93F8
FN_libARSPM_001BE010,0x1BE010,sub_1BE010,0x1BDC74,0x1472A8;0x4ECB10;0x1BF42C;0x1BF534
FN_libARSPM_001BE1D8,0x1BE1D8,sub_1BE1D8,0x1BE270,0x28C254;0x2B93F8
FN_libARSPM_001BE270,0x1BE270,sub_1BE270,,0x1BE1D8
FN_libARSPM_001BE294,0x1BE294,sub_1BE294,0x1BFF3C;0x1F30F4;0x263C64;0x2CF1B4,
FN_libARSPM_001BE2A0,0x1BE2A0,sub_1BE2A0,0x263630;0x2E6C40;0x2E6DB4;0x2E6EF8;0x2EA864;0x2F04A4;0x2F0778;0x2F0D60;0x2F1614;0x2F1AD0,
FN_libARSPM_001BE2EC,0x1BE2EC,sub_1BE2EC,0x165B58;0x258F58;0x258F58;0x258F58;0x25B59C;0x25B59C;0x25B59C;0x25B59C;0x25B59C;0x25B59C,
FN_libARSPM_001BE370,0x1BE370,sub_1BE370,0x165B58;0x258F58;0x258F58;0x25B59C;0x25B59C;0x25C8F8;0x262140;0x262140;0x26332C;0x263630,
FN_libARSPM_001BE3F4,0x1BE3F4,sub_1BE3F4,0x1BF138;0x1EAD9C;0x1F3218;0x48B9E4,0x4ECA80;0x1BE61C;0x4ECB10;0x148058;0x4ECB10;0x14803C;0x148054;0x4ECB10;0x14803C;0x148054
FN_libARSPM_001BE61C,0x1BE61C,sub_1BE61C,0x1BE3F4,0x1BF9B4;0x1726D8;0x1F3C90;0x4ECB10
FN_libARSPM_001BE714,0x1BE714,sub_1BE714,0x2CF47C,0x1348D0;0x2666F8;0x1349B8;0x1348D0;0x2666F8;0x4ECA80;0x1BE980;0x4ECB10;0x14803C;0x148054
FN_libARSPM_001BE980,0x1BE980,sub_1BE980,0x1BE714;0x1BEBE0;0x2CF260,0x4ECA80;0x2CEF40;0x4ECB10;0x14803C;0x148054;0x4ECB10;0x148058;0x4ECB10;0x14803C;0x148054
FN_libARSPM_001BEBE0,0x1BEBE0,sub_1BEBE0,0x2CF70C;0x47CB74;0x47D3C8;0x47D3C8;0x485134;0x48C00C;0x48DD60,0x1BE980;0x4ECB10;0x14803C
FN_libARSPM_001BEC48,0x1BEC48,sub_1BEC48,0x1BFB74;0x2524A4;0x4733AC,0x4ECA80;0x4ECA80;0x148058;0x4ECB10;0x14803C;0x148054;0x4ECB10;0x14803C;0x148054;0x1BF1D8
FN_libARSPM_001BEEB4,0x1BEEB4,sub_1BEEB4,0x21BF20,0x15AC60;0x15AC60;0x15AC60
FN_libARSPM_001BEF18,0x1BEF18,sub_1BEF18,0x165B58;0x258F58;0x25B59C;0x25B59C;0x25C8F8;0x262140;0x262140;0x47DDE4;0x47F4C0;0x482130,0x1BEF70;0x4ECB10
FN_libARSPM_001BEF70,0x1BEF70,sub_1BEF70,0x1BEF18,0x14838C;0x1BF1D8
FN_libARSPM_001BF050,0x1BF050,sub_1BF050,0x165B58;0x258F58;0x25B59C;0x25B59C;0x25C8F8;0x262140;0x263630;0x264534;0x264598;0x47DDE4,0x4ECB10;0x4ECB10;0x14803C;0x148054;0x4ECB10
FN_libARSPM_001BF138,0x1BF138,sub_1BF138,0x165B58;0x258F58;0x25B59C;0x25B59C;0x25C8F8;0x262140;0x263DE0;0x263DE0;0x47DDE4;0x47F4C0,0x4ECA80;0x1BE3F4;0x4ECB10;0x14803C;0x148054
FN_libARSPM_001BF1D8,0x1BF1D8,sub_1BF1D8,0x1BEC48;0x1BEF70;0x1F2DA8;0x263458;0x263630;0x2CEF40,0x15E638
FN_libARSPM_001BF1EC,0x1BF1EC,sub_1BF1EC,0x213164;0x268768;0x268A2C;0x290D7C;0x29AC60;0x30DDF0;0x3D3830;0x3D3830;0x3D4280;0x3D4280,0x178340
FN_libARSPM_001BF26C,0x1BF26C,sub_1BF26C,0x1BC48C;0x2C8038,
FN_libARSPM_001BF404,0x1BF404,sub_1BF404,0x1BD33C,0x15E638
FN_libARSPM_001BF418,0x1BF418,sub_1BF418,0x1BD33C,0x15E638
FN_libARSPM_001BF42C,0x1BF42C,sub_1BF42C,0x1BE010,0x1BF6BC;0x1472A8
FN_libARSPM_001BF534,0x1BF534,sub_1BF534,0x1BE010,0x1472A8;0x1472A8;0x1BF8A8;0x1BF6BC;0x4ECB10
FN_libARSPM_001BF6BC,0x1BF6BC,sub_1BF6BC,0x1BF42C;0x1BF534,0x1472A8
FN_libARSPM_001BF8A8,0x1BF8A8,sub_1BF8A8,0x1BF534,
FN_libARSPM_001BF9B4,0x1BF9B4,sub_1BF9B4,0x1BE61C,0x1F2DA8;0x4ECB10;0x14803C;0x148054;0x4ECB10;0x4ECB10
FN_libARSPM_001BFAB4,0x1BFAB4,sub_1BFAB4,0x1BD33C;0x1BFD90;0x1F2EF0;0x2CEFF8,0x4ECA80
FN_libARSPM_001BFB74,0x1BFB74,sub_1BFB74,,0x1B295C;0x1D8FA8;0x1B2F34;0x1B3C48;0x1D91C4;0x1BDC74;0x1D93F8;0x1B295C;0x1BCCFC;0x1BEC48
FN_libARSPM_001BFD90,0x1BFD90,sub_1BFD90,,0x1BFAB4;0x1BCCE0;0x4ECB10;0x1BC48C;0x4ECA80;0x1BC5D8;0x4ECB10;0x14803C;0x148054;0x1756D8
FN_libARSPM_001BFF3C,0x1BFF3C,sub_1BFF3C,,0x1BE294
FN_libARSPM_001BFFE0,0x1BFFE0,sub_1BFFE0,,0x4ECB10;0x4ECB10;0x14803C;0x148054;0x4ECB10
FN_libARSPM_001C00D4,0x1C00D4,sub_1C00D4,,0x4ECB10;0x4ECB10;0x14803C;0x148054;0x4ECB10
FN_libARSPM_001C01F0,0x1C01F0,sub_1C01F0,0x1C032C;0x1C2DB0,0x1C32D0
FN_libARSPM_001C032C,0x1C032C,sub_1C032C,0x206EE0,0x1C01F0;0x4ECA80;0x4ECA80;0x1C03F4
FN_libARSPM_001C03F4,0x1C03F4,sub_1C03F4,0x1C032C;0x1C2DB0,0x4ECAB0;0x136DB8;0x1C053C;0x4ECAE0;0x4ECA80;0x4ECAE0
FN_libARSPM_001C053C,0x1C053C,sub_1C053C,0x1C03F4;0x1C06F8;0x1C07F4;0x1C07F4,0x4ECB10;0x1C2E94
FN_libARSPM_001C06F8,0x1C06F8,sub_1C06F8,0x3F44D4,0x4ECAB0;0x136DB8;0x1C053C;0x4ECAE0;0x136D10
FN_libARSPM_001C07F4,0x1C07F4,sub_1C07F4,0x3F44D4,0x4ECAB0;0x1C053C;0x4ECAE0;0x136DB8;0x1C053C;0x4ECAE0;0x136D10
FN_libARSPM_001C0920,0x1C0920,sub_1C0920,0x1D6BB8,
FN_libARSPM_001C0930,0x1C0930,sub_1C0930,0x1C21A8,0x1C0C8C;0x15C0AC;0x15C108;0x1C0B00;0x15BAD0
FN_libARSPM_001C0B00,0x1C0B00,sub_1C0B00,0x1C0930,0x18E03C
FN_libARSPM_001C0C8C,0x1C0C8C,sub_1C0C8C,0x1C0930,0x18D2E0;0x18D2E0;0x1918C4;0x18D510;0x18D2E0;0x1726D8;0x173B3C;0x15C0C4;0x172690;0x191920
FN_libARSPM_001C0F28,0x1C0F28,sub_1C0F28,0x1C21A8,0x18B76C;0x18D2E0;0x172A20;0x18C28C;0x1DA608;0x1DA7A4;0x1DA744;0x1DA7E8;0x18C270;0x1AC8E4
FN_libARSPM_001C1D14,0x1C1D14,sub_1C1D14,0x1C0F28,
FN_libARSPM_001C21A8,0x1C21A8,sub_1C21A8,0x15BF3C,0x14119C;0x1C0930;0x15BAB8;0x15BACC;0x4ECB10;0x15BE8C;0x15BE8C;0x15BE8C;0x266704;0x15C0AC
FN_libARSPM_001C2740,0x1C2740,sub_1C2740,0x1C21A8,0x2CFAA0;0x2666C0
FN_libARSPM_001C276C,0x1C276C,sub_1C276C,0x15C06C,
FN_libARSPM_001C2770,0x1C2770,sub_1C2770,0x15C114,
FN_libARSPM_001C2784,0x1C2784,sub_1C2784,0x1D5EB4;0x1E0098,
FN_libARSPM_001C2790,0x1C2790,sub_1C2790,0x206EE0,0x172D18;0x173310;0x172CC4
FN_libARSPM_001C2844,0x1C2844,sub_1C2844,0x1D5EB4,
FN_libARSPM_001C287C,0x1C287C,sub_1C287C,0x1C2C78;0x1E0098,0x15E89C;0x1726D8;0x1C38A0;0x1DFD3C;0x145F0C;0x18C9B0
FN_libARSPM_001C2C78,0x1C2C78,sub_1C2C78,0x1D7908,0x1C287C;0x1C2CC4
FN_libARSPM_001C2CC4,0x1C2CC4,sub_1C2CC4,0x1C2C78;0x1E0098,0x1E1558;0x1C3360;0x1C323C;0x1C323C;0x1C32A0;0x1E158C
FN_libARSPM_001C2DB0,0x1C2DB0,sub_1C2DB0,0x1E0308,0x1C01F0;0x4ECA80;0x4ECA80;0x1C03F4
FN_libARSPM_001C2E94,0x1C2E94,sub_1C2E94,0x1C053C,0x1C3924;0x1C3924;0x1C3A18;0x1C3A18;0x1C3A18;0x1C3A18;0x1C3A18;0x1C3A18;0x1C3A18
FN_libARSPM_001C3004,0x1C3004,sub_1C3004,0x2075B8,0x4ECB10;0x4ECB10;0x4ECB10;0x4ECB10
FN_libARSPM_001C30E4,0x1C30E4,sub_1C30E4,,0x4ECB10;0x4ECB10;0x4ECB10;0x4ECB10
FN_libARSPM_001C31C0,0x1C31C0,sub_1C31C0,,0x15BD44
FN_libARSPM_001C31F0,0x1C31F0,sub_1C31F0,,0x18D5A8
FN_libARSPM_001C323C,0x1C323C,sub_1C323C,0x1C2CC4;0x1C2CC4,
FN_libARSPM_001C32A0,0x1C32A0,sub_1C32A0,0x1C2CC4;0x1F5B3C,0x1472A8
FN_libARSPM_001C32D0,0x1C32D0,sub_1C32D0,0x1C01F0;0x1F5B3C,
FN_libARSPM_001C3324,0x1C3324,sub_1C3324,0x1D8148;0x1D8148;0x1D8518;0x1D86DC;0x1D8ADC;0x3F5CF8;0x3F6348,
FN_libARSPM_001C3358,0x1C3358,sub_1C3358,0x1D7908;0x1E0098,
FN_libARSPM_001C3360,0x1C3360,sub_1C3360,0x1C2CC4,
FN_libARSPM_001C33F0,0x1C33F0,sub_1C33F0,0x1D72B4,
FN_libARSPM_001C3468,0x1C3468,sub_1C3468,0x1D7328;0x1D74EC;0x1D760C,
FN_libARSPM_001C3504,0x1C3504,sub_1C3504,0x1D74EC;0x1D760C;0x1E0098;0x1F5944,
FN_libARSPM_001C3520,0x1C3520,sub_1C3520,0x1F5944,0x1B2D04;0x1B2D04;0x1472A8;0x1C36E0
FN_libARSPM_001C36E0,0x1C36E0,sub_1C36E0,0x1C3520,
FN_libARSPM_001C3764,0x1C3764,sub_1C3764,0x1C0F28;0x26608C;0x2E085C;0x2E085C;0x2E1E80;0x38CD5C;0x38CD5C;0x391C44;0x391C44;0x39290C,0x168238
FN_libARSPM_001C3798,0x1C3798,sub_1C3798,0x1C0F28;0x26608C;0x2E085C;0x2E1CAC;0x2E1E80;0x38CD5C;0x38CD5C;0x38CD5C;0x38CD5C;0x391C44,0x2666F8
FN_libARSPM_001C37C4,0x1C37C4,sub_1C37C4,0x1C0F28;0x26608C;0x30CCA8;0x38CD5C;0x38CD5C,0x2666F8;0x167F28;0x167FA8;0x266704;0x2666F8;0x1A9874
FN_libARSPM_001C3874,0x1C3874,sub_1C3874,0x30CD7C,0x1A9820
FN_libARSPM_001C38A0,0x1C38A0,sub_1C38A0,0x1C287C,
FN_libARSPM_001C3924,0x1C3924,sub_1C3924,0x1C2E94;0x1C2E94;0x360018,
FN_libARSPM_001C3A18,0x1C3A18,sub_1C3A18,0x1C2E94;0x1C2E94;0x1C2E94;0x1C2E94;0x1C2E94;0x1C2E94;0x1C2E94,
FN_libARSPM_001C3D04,0x1C3D04,sub_1C3D04,0x1C3EC4;0x1C3F60;0x1C3F60;0x1C402C;0x1C402C,0x1B88EC;0x1B8AB8;0x1B5FF0
FN_libARSPM_001C3E84,0x1C3E84,sub_1C3E84,0x14B958;0x14BE8C;0x1574E8,
FN_libARSPM_001C3EC4,0x1C3EC4,sub_1C3EC4,,0x1AD724;0x1C3D04;0x154498;0x1B6994
FN_libARSPM_001C3F1C,0x1C3F1C,sub_1C3F1C,0x14B58C,
FN_libARSPM_001C3F60,0x1C3F60,sub_1C3F60,,0x1C3D04;0x1AD724;0x1C3D04;0x154498;0x1B6994
FN_libARSPM_001C4000,0x1C4000,sub_1C4000,0x15774C;0x158FF4;0x1CFF40;0x1CFF40;0x1CFF40;0x1CFF40,
FN_libARSPM_001C402C,0x1C402C,sub_1C402C,,0x1C3D04;0x1AD724;0x1C3D04;0x154498;0x1B6994
FN_libARSPM_001C4124,0x1C4124,sub_1C4124,0x152D48;0x1C450C,0x18E03C;0x1B5FF0;0x1B5FF0;0x14CE10;0x1B67D4;0x1B6BD4;0x1D1490;0x1D13E0;0x1D2EFC;0x1D163C
FN_libARSPM_001C4404,0x1C4404,sub_1C4404,0x158FF4;0x1D1BB4,0x18DFDC;0x1B67D4;0x1B6898;0x1D163C;0x154498;0x1B6994
FN_libARSPM_001C450C,0x1C450C,sub_1C450C,,0x18DFDC;0x1B67D4;0x1B6898;0x1C4124;0x154498;0x1B6994
FN_libARSPM_001C461C,0x1C461C,sub_1C461C,,0x2CFAA0;0x2666C0
FN_libARSPM_001C499C,0x1C499C,sub_1C499C,,0x1C7BA4
FN_libARSPM_001C4BFC,0x1C4BFC,sub_1C4BFC,,0x1C7BA4
FN_libARSPM_001C4DA4,0x1C4DA4,sub_1C4DA4,,0x1C7BA4
FN_libARSPM_001C4F70,0x1C4F70,sub_1C4F70,,0x1C7BA4
FN_libARSPM_001C51D8,0x1C51D8,sub_1C51D8,,0x1C7BA4
FN_libARSPM_001C538C,0x1C538C,sub_1C538C,,0x1C7BA4
FN_libARSPM_001C5588,0x1C5588,sub_1C5588,0x1C4124,0x18E08C;0x1B62D8;0x14C1B8;0x1C9860;0x18DAC4;0x1B5FF0;0x1B5FF0;0x1B5FF0;0x1C59B4;0x1C9860
FN_libARSPM_001C59B4,0x1C59B4,sub_1C59B4,0x1C5588;0x1C5588,0x1563CC;0x14119C;0x1CAC28;0x1C7CEC;0x18E03C;0x18DAC4;0x18E58C;0x1C80B8;0x1C80B8;0x1C80B8
FN_libARSPM_001C7A5C,0x1C7A5C,sub_1C7A5C,,0x1C7BA4
FN_libARSPM_001C7A8C,0x1C7A8C,sub_1C7A8C,,0x14E644
FN_libARSPM_001C7B04,0x1C7B04,sub_1C7B04,,0x1C7BA4;0x14E644
FN_libARSPM_001C7B6C,0x1C7B6C,sub_1C7B6C,,0x1C7BA4;0x14E644
FN_libARSPM_001C7BA4,0x1C7BA4,sub_1C7BA4,0x1C499C;0x1C4BFC;0x1C4DA4;0x1C4F70;0x1C51D8;0x1C538C;0x1C5588;0x1C7A5C;0x1C7B04;0x1C7B6C,
FN_libARSPM_001C7BB4,0x1C7BB4,sub_1C7BB4,,0x1C9860
FN_libARSPM_001C7CB4,0x1C7CB4,sub_1C7CB4,,0x1416F0
FN_libARSPM_001C7CEC,0x1C7CEC,sub_1C7CEC,0x1C59B4;0x1C7CEC,0x1C7CEC
FN_libARSPM_001C80B8,0x1C80B8,sub_1C80B8,0x1C59B4;0x1C59B4;0x1C59B4;0x1C59B4;0x1C59B4;0x1C59B4;0x1C59B4;0x1C59B4;0x1C59B4;0x1C59B4,0x1C89AC
FN_libARSPM_001C89AC,0x1C89AC,sub_1C89AC,0x1C80B8,
FN_libARSPM_001C9710,0x1C9710,sub_1C9710,0x1C59B4;0x1C59B4,0x1C80B8
FN_libARSPM_001C9860,0x1C9860,sub_1C9860,0x1C5588;0x1C5588;0x1C7BB4;0x1D2480;0x1D2588;0x1D29C0;0x1D29C0;0x1D3190,
FN_libARSPM_001C9874,0x1C9874,sub_1C9874,,0x14130C;0x156714
FN_libARSPM_001C9AE4,0x1C9AE4,sub_1C9AE4,,0x14130C;0x1CADE8;0x156714
FN_libARSPM_001C9CB4,0x1C9CB4,sub_1C9CB4,,0x14130C;0x1CBB5C;0x156714
FN_libARSPM_001C9D58,0x1C9D58,sub_1C9D58,,0x14130C;0x1CB7AC;0x156714
FN_libARSPM_001C9E04,0x1C9E04,sub_1C9E04,,0x14130C;0x1CBEB0;0x156714
FN_libARSPM_001C9EA8,0x1C9EA8,sub_1C9EA8,,0x14130C;0x1CB848;0x156714
FN_libARSPM_001CA124,0x1CA124,sub_1CA124,,0x1CADE8
FN_libARSPM_001CA324,0x1CA324,sub_1CA324,,0x14130C
FN_libARSPM_001CA3B8,0x1CA3B8,sub_1CA3B8,,0x14130C;0x18E58C;0x14130C;0x194BD4;0x199EEC;0x199EEC;0x194BD4;0x1997FC;0x195BD8;0x196528
FN_libARSPM_001CAC28,0x1CAC28,sub_1CAC28,0x1C59B4;0x1D0C44,0x18DAC4;0x18E080
FN_libARSPM_001CAC9C,0x1CAC9C,sub_1CAC9C,,0x1416F0;0x1563F8
FN_libARSPM_001CACDC,0x1CACDC,sub_1CACDC,,0x1416F0;0x1563F8;0x199784
FN_libARSPM_001CADE8,0x1CADE8,sub_1CADE8,0x1C9AE4;0x1CA124,
FN_libARSPM_001CB00C,0x1CB00C,sub_1CB00C,0x1C59B4;0x1C59B4,
FN_libARSPM_001CB02C,0x1CB02C,sub_1CB02C,0x1C59B4,
FN_libARSPM_001CB2D0,0x1CB2D0,sub_1CB2D0,0x1C59B4,
FN_libARSPM_001CB7AC,0x1CB7AC,sub_1CB7AC,0x1C9D58,0x1CBA20
FN_libARSPM_001CB848,0x1CB848,sub_1CB848,0x1C9EA8,0x1CBCBC
FN_libARSPM_001CB8FC,0x1CB8FC,sub_1CB8FC,0x1D1BB4;0x1D1BB4;0x1D1BB4,
FN_libARSPM_001CBA20,0x1CBA20,sub_1CBA20,0x1CB7AC;0x1CBB5C,
FN_libARSPM_001CBB5C,0x1CBB5C,sub_1CBB5C,0x1C9CB4,0x1CBA20
FN_libARSPM_001CBB94,0x1CBB94,sub_1CBB94,0x1D0C44;0x1D118C;0x1D118C,
FN_libARSPM_001CBCBC,0x1CBCBC,sub_1CBCBC,0x1CB848;0x1CBEB0,
FN_libARSPM_001CBEB0,0x1CBEB0,sub_1CBEB0,0x1C9E04,0x1CBCBC
FN_libARSPM_001CBEEC,0x1CBEEC,sub_1CBEEC,0x1D0C44;0x1D118C;0x1D118C,
FN_libARSPM_001CC028,0x1CC028,sub_1CC028,0x1D0208,0x199BBC;0x1CC2B4;0x1B88EC;0x199BBC;0x199BBC;0x1B5FF0;0x1CC2B4;0x1CC2B4;0x1B8AB8
FN_libARSPM_001CC2B4,0x1CC2B4,sub_1CC2B4,0x1CC028;0x1CC028;0x1CC028;0x1CC2B4,0x1CC2B4;0x14E644
FN_libARSPM_001CC778,0x1CC778,sub_1CC778,0x15774C,0x1D0208
FN_libARSPM_001CC7CC,0x1CC7CC,sub_1CC7CC,0x1CCA00,0x1B88EC;0x1B8AB8;0x1B5FF0;0x1CD270;0x1B5FF0;0x1CD270
FN_libARSPM_001CCA00,0x1CCA00,sub_1CCA00,0x14B2C8,0x15434C;0x1AD724;0x1CC7CC;0x154498;0x1B6994
FN_libARSPM_001CCAF8,0x1CCAF8,sub_1CCAF8,0x1CCDEC,0x1B62D8;0x1B88EC;0x1CD270;0x1B8AB8;0x1B62D8;0x1CD270
FN_libARSPM_001CCDE0,0x1CCDE0,sub_1CCDE0,0x15774C,
FN_libARSPM_001CCDEC,0x1CCDEC,sub_1CCDEC,,0x1AD724;0x1CCAF8;0x154498;0x1B6994
FN_libARSPM_001CCE44,0x1CCE44,sub_1CCE44,0x1CD47C,0x1B5FF0;0x1B7158;0x14D828;0x1CD270;0x1CDB80;0x1CDB80;0x14E644;0x14E644;0x14E644
FN_libARSPM_001CD270,0x1CD270,sub_1CD270,0x1CC7CC;0x1CC7CC;0x1CCAF8;0x1CCAF8;0x1CCE44,0x1CDA20
FN_libARSPM_001CD470,0x1CD470,sub_1CD470,0x15774C,
FN_libARSPM_001CD47C,0x1CD47C,sub_1CD47C,,0x1AD724;0x1CCE44;0x154498;0x1B6994
FN_libARSPM_001CDA20,0x1CDA20,sub_1CDA20,0x1CD270,
FN_libARSPM_001CDB80,0x1CDB80,sub_1CDB80,0x1CCE44;0x1CCE44,
FN_libARSPM_001CDD08,0x1CDD08,sub_1CDD08,0x1D0068,0x199BBC;0x199BBC;0x1B5FF0;0x14D828;0x14E644;0x14E644;0x14E644
FN_libARSPM_001CE0E0,0x1CE0E0,sub_1CE0E0,0x15774C,0x1AD6DC;0x1B5FF0;0x1B5FF0;0x15434C;0x1AD7C4;0x14D828;0x14E644;0x14E644;0x14E644;0x154498
FN_libARSPM_001CE3E8,0x1CE3E8,sub_1CE3E8,,0x18DFC8;0x1AD6DC;0x18E03C;0x1B5FF0;0x15434C;0x18DFDC;0x18DFDC;0x1D03A4;0x197AF8;0x2666F8
FN_libARSPM_001CEC98,0x1CEC98,sub_1CEC98,,0x18DFC8;0x1AD6DC;0x18E03C;0x1B5FF0;0x15434C;0x18DFDC;0x18DFDC;0x1D07A4;0x1D07A4;0x1D07A4
FN_libARSPM_001CF5EC,0x1CF5EC,sub_1CF5EC,,0x18DFC8;0x1AD6DC;0x18E03C;0x1B5FF0;0x15434C;0x18DFDC;0x18DFDC;0x1D09EC;0x1D09EC;0x1D09EC
FN_libARSPM_001CFF40,0x1CFF40,sub_1CFF40,0x15774C,0x1C4000;0x1C4000;0x1C4000;0x1C4000
FN_libARSPM_001D0068,0x1D0068,sub_1D0068,0x14B52C,0x1B6110;0x1AD6DC;0x15434C;0x1AD7C4;0x1CDD08;0x154498;0x1B6994
FN_libARSPM_001D0208,0x1D0208,sub_1D0208,0x14B3D8;0x1CC778,0x1B6110;0x1AD6DC;0x15434C;0x1AD7C4;0x1CC028;0x154498;0x1B6994
FN_libARSPM_001D03A4,0x1D03A4,sub_1D03A4,0x1CE3E8;0x1CEC98;0x1CF5EC,0x196F14;0x1D0558
FN_libARSPM_001D0558,0x1D0558,sub_1D0558,0x1D03A4,
FN_libARSPM_001D07A4,0x1D07A4,sub_1D07A4,0x1CEC98;0x1CEC98;0x1CEC98;0x1CEC98;0x1CEC98,0x1AA23C;0x1AA23C
FN_libARSPM_001D09EC,0x1D09EC,sub_1D09EC,0x1CF5EC;0x1CF5EC;0x1CF5EC;0x1CF5EC;0x1CF5EC,0x1AA23C;0x1AA23C
FN_libARSPM_001D0C44,0x1D0C44,sub_1D0C44,0x1D163C;0x1D2EFC;0x1D2EFC,0x1563CC;0x14119C;0x1CAC28;0x1D207C;0x18DAC4;0x1D118C;0x14E644;0x1416F0;0x1563F8;0x1CBB94
FN_libARSPM_001D118C,0x1D118C,sub_1D118C,0x1D0C44;0x1D1BB4,0x1CBEEC;0x1CBB94;0x1CBEEC;0x1CBB94
FN_libARSPM_001D13E0,0x1D13E0,sub_1D13E0,0x1C4124,0x14CDA0
FN_libARSPM_001D1438,0x1D1438,sub_1D1438,0x1C4124,0x14CDA0
FN_libARSPM_001D1490,0x1D1490,sub_1D1490,0x1C4124,0x1B5FF0
FN_libARSPM_001D163C,0x1D163C,sub_1D163C,0x152D48;0x1B9524;0x1C4124;0x1C4404,0x1B67D4;0x1B6BD4;0x18E03C;0x1B62D8;0x1B5FF0;0x14CE10;0x14CDA0;0x1D0C44;0x14CDA0;0x14E644
FN_libARSPM_001D1AD8,0x1D1AD8,sub_1D1AD8,0x142FCC;0x1B9524,0x1B67D4;0x1B6830;0x1B6BD4;0x1B6994;0x1B6994
FN_libARSPM_001D1BA8,0x1D1BA8,sub_1D1BA8,0x1599F4;0x1599F4;0x1599F4,
FN_libARSPM_001D1BB4,0x1D1BB4,sub_1D1BB4,,0x1B6110;0x1B5FF0;0x1AD6DC;0x18D2E0;0x18F76C;0x1C4404;0x18D3DC;0x1AD7C4;0x1B5FF0;0x1CB8FC
FN_libARSPM_001D207C,0x1D207C,sub_1D207C,0x1D0C44;0x1D1BB4;0x1D207C,0x1D207C
FN_libARSPM_001D23F4,0x1D23F4,sub_1D23F4,,0x14E644
FN_libARSPM_001D2480,0x1D2480,sub_1D2480,0x1D2EFC,0x1B5FF0;0x1C9860
FN_libARSPM_001D2588,0x1D2588,sub_1D2588,,0x1C9860
FN_libARSPM_001D29C0,0x1D29C0,sub_1D29C0,,0x1C9860;0x1C9860
FN_libARSPM_001D2EFC,0x1D2EFC,sub_1D2EFC,0x1C4124,0x1B5FF0;0x1B5FF0;0x1D0C44;0x14E644;0x1D2480;0x1D0C44;0x1D3174
FN_libARSPM_001D3174,0x1D3174,sub_1D3174,0x1D2EFC;0x1D3248,
FN_libARSPM_001D3190,0x1D3190,sub_1D3190,,0x1C9860
FN_libARSPM_001D3248,0x1D3248,sub_1D3248,,0x1D3174
FN_libARSPM_001D3274,0x1D3274,sub_1D3274,,0x14E644
FN_libARSPM_001D32C4,0x1D32C4,sub_1D32C4,0x1E72D4,
FN_libARSPM_001D3364,0x1D3364,sub_1D3364,0x138DEC;0x165B58;0x165B58;0x1660D8;0x265134,
FN_libARSPM_001D3370,0x1D3370,sub_1D3370,0x144E08;0x166CD4;0x1E6D70;0x34D424,0x4ECA80;0x348234;0x4ECB10;0x134F28;0x1D36E0;0x348234;0x1E4AF8;0x1E4B08;0x2D06F8;0x1D3574
FN_libARSPM_001D3574,0x1D3574,sub_1D3574,0x161074;0x1D3370;0x1D4078;0x252C80;0x2DA05C;0x2DA1AC;0x2DA378;0x2DA5FC,0x30EBAC;0x2D0ABC;0x167CF4;0x1A0710;0x167D08;0x1E98D8;0x167CB0;0x4ECB10
FN_libARSPM_001D36E0,0x1D36E0,sub_1D36E0,0x144DD8;0x1D3370;0x252C80;0x252C80;0x25DB4C,0x134F28;0x136010;0x1A0710;0x167D08;0x1E98D8;0x134F60;0x167EC8;0x167D50;0x167CB0;0x167F28
FN_libARSPM_001D3A50,0x1D3A50,sub_1D3A50,,0x13502C
FN_libARSPM_001D3A84,0x1D3A84,sub_1D3A84,,0x13502C;0x167CB0
FN_libARSPM_001D3ACC,0x1D3ACC,sub_1D3ACC,,0x1368C8;0x13CAEC;0x4ECB10
FN_libARSPM_001D3B98,0x1D3B98,sub_1D3B98,,0x3155FC
FN_libARSPM_001D3C20,0x1D3C20,sub_1D3C20,,0x134F28;0x13635C;0x1368C8;0x13502C
FN_libARSPM_001D3CA8,0x1D3CA8,sub_1D3CA8,,0x134F28;0x1368C8;0x1E4BA4;0x4ECB10;0x13502C
FN_libARSPM_001D3D70,0x1D3D70,sub_1D3D70,,0x4ECB10
FN_libARSPM_001D3DC8,0x1D3DC8,sub_1D3DC8,,0x4ECB10;0x167CB0
FN_libARSPM_001D3E7C,0x1D3E7C,sub_1D3E7C,,0x4ECA80;0x4ECA80;0x167D08;0x34AF98;0x167CB0;0x4ECB10;0x4ECB10;0x13CAEC;0x4ECB10
FN_libARSPM_001D4028,0x1D4028,sub_1D4028,,0x4ECA80
FN_libARSPM_001D4078,0x1D4078,sub_1D4078,,0x4ECA80;0x2D07A8;0x1D3574;0x2D09D8;0x4ECB10
FN_libARSPM_001D4140,0x1D4140,sub_1D4140,,0x30E330;0x30E8FC;0x4ECA80;0x1D44A8;0x4ECA80;0x30EDAC;0x4ECB10;0x1D44A8;0x4ECB10;0x30E8FC
FN_libARSPM_001D43B0,0x1D43B0,sub_1D43B0,,0x172A20;0x172CC4;0x1EC7D8;0x4ECB10
FN_libARSPM_001D44A8,0x1D44A8,sub_1D44A8,0x1D4140;0x1D4140;0x1D4140,0x4ECA80;0x167D08;0x34AF98;0x167CB0;0x4ECB10;0x4ECB10
FN_libARSPM_001D45AC,0x1D45AC,sub_1D45AC,0x1D4688;0x1D4688,0x137718;0x4ECB10;0x13AA08
FN_libARSPM_001D4688,0x1D4688,sub_1D4688,0x16058C;0x1612E0;0x163CA0;0x1644CC;0x1667A4;0x166A84;0x166CD4;0x167650;0x16786C;0x265134,0x137398;0x137014;0x1EA12C;0x16A46C;0x134F28;0x167F28;0x135374;0x135634;0x4ECB10;0x1E98D0
FN_libARSPM_001D4A38,0x1D4A38,sub_1D4A38,0x156A2C,
FN_libARSPM_001D4A50,0x1D4A50,sub_1D4A50,,0x18C368;0x141420;0x141288;0x156950;0x167C88;0x1521E4
FN_libARSPM_001D4BAC,0x1D4BAC,sub_1D4BAC,,0x167CB0;0x167CB0;0x14E644
FN_libARSPM_001D4C8C,0x1D4C8C,sub_1D4C8C,,0x1D8ED4
FN_libARSPM_001D4CDC,0x1D4CDC,sub_1D4CDC,0x206FB8,
FN_libARSPM_001D4D10,0x1D4D10,sub_1D4D10,0x1D4EC4;0x219550;0x21BDA0,0x148194;0x148488;0x4ECB10;0x14803C;0x148054;0x4ECB10;0x14803C;0x148054
FN_libARSPM_001D4E04,0x1D4E04,sub_1D4E04,0x3E8E50,0x148058;0x4ECB10;0x14803C;0x148054;0x4ECB10;0x14803C;0x148054
FN_libARSPM_001D4EC4,0x1D4EC4,sub_1D4EC4,0x12F6E0;0x131D74,0x1D4D10
FN_libARSPM_001D4F10,0x1D4F10,sub_1D4F10,0x21350C;0x3E2C4C,0x148058
FN_libARSPM_001D4F88,0x1D4F88,sub_1D4F88,,0x148194;0x148488;0x4ECB10;0x14803C;0x148054;0x4ECB10;0x14803C;0x148054
FN_libARSPM_001D5120,0x1D5120,sub_1D5120,,0x4ECA80;0x148058
FN_libARSPM_001D523C,0x1D523C,sub_1D523C,0x206FB8;0x269CC0;0x269CC0;0x269CC0;0x269CC0;0x269CC0;0x269DD0;0x26A80C;0x408898;0x40C048,0x2666F8
FN_libARSPM_001D5284,0x1D5284,sub_1D5284,,0x2666F8
FN_libARSPM_001D52F0,0x1D52F0,sub_1D52F0,0x206FB8;0x206FB8;0x206FB8;0x206FB8;0x206FB8;0x206FB8;0x404FA0;0x4095EC;0x4095EC;0x40BC0C,
FN_libARSPM_001D52F4,0x1D52F4,sub_1D52F4,,0x266704
FN_libARSPM_001D542C,0x1D542C,sub_1D542C,0x2698DC;0x46BEB0,0x148298;0x2666F8;0x2666F8
FN_libARSPM_001D54F4,0x1D54F4,sub_1D54F4,0x206FB8,0x2666C4;0x148058
FN_libARSPM_001D5604,0x1D5604,sub_1D5604,0x3E2C4C;0x3E5EE4;0x3E8E50,0x266704;0x148298;0x2666F8;0x148058;0x2666F8;0x2666F8
FN_libARSPM_001D58A0,0x1D58A0,sub_1D58A0,0x1486EC,
FN_libARSPM_001D5940,0x1D5940,sub_1D5940,,0x4ECB10;0x14803C
FN_libARSPM_001D5998,0x1D5998,sub_1D5998,,0x4ECB10;0x14803C;0x148054
FN_libARSPM_001D5A08,0x1D5A08,sub_1D5A08,,0x2666F8
FN_libARSPM_001D5A30,0x1D5A30,sub_1D5A30,,0x2666F8
FN_libARSPM_001D5A74,0x1D5A74,sub_1D5A74,,0x4ECB10
FN_libARSPM_001D5ACC,0x1D5ACC,sub_1D5ACC,,0x4ECB10
FN_libARSPM_001D5E18,0x1D5E18,sub_1D5E18,,0x4ECA80
FN_libARSPM_001D5EB4,0x1D5EB4,sub_1D5EB4,0x1D827C,0x1C2784;0x1C2844;0x15C418;0x1D72B4;0x14119C
FN_libARSPM_001D5FB8,0x1D5FB8,sub_1D5FB8,0x15D0AC;0x15D0AC;0x15E3C4,0x4ECAB0;0x136DB8
FN_libARSPM_001D6004,0x1D6004,sub_1D6004,0x15D0AC;0x15D0AC;0x15D0AC;0x15E3C4;0x15E3C4,0x4ECAE0;0x136D10;0x4ECAB0;0x4ECAE0;0x136DB8;0x4ECAE0
FN_libARSPM_001D60E4,0x1D60E4,sub_1D60E4,0x1D6BB8,0x15C24C;0x1D6D38;0x1D72A0;0x15E650
FN_libARSPM_001D62AC,0x1D62AC,sub_1D62AC,,0x4ECAB0;0x1D6BB8;0x4ECAE0;0x136D10;0x4ECAB0;0x4ECAE0;0x136DB8;0x4ECAE0;0x136DB8;0x4ECAE0
FN_libARSPM_001D6410,0x1D6410,sub_1D6410,,0x4ECAB0;0x15C0AC;0x1D6BB8;0x15C05C;0x15C0AC;0x18E664;0x4ECAE0;0x136D10;0x4ECAB0;0x4ECAE0
FN_libARSPM_001D65BC,0x1D65BC,sub_1D65BC,0x1D7DC8,0x4ECAB0;0x1D6BB8;0x15BF3C;0x15BE8C;0x4ECAE0;0x136D10;0x4ECAB0;0x4ECAE0;0x136DB8;0x4ECAE0
FN_libARSPM_001D6758,0x1D6758,sub_1D6758,,0x15BF3C;0x15BE8C
FN_libARSPM_001D67AC,0x1D67AC,sub_1D67AC,,0x15C114;0x15C230;0x15AB2C;0x15C230
FN_libARSPM_001D6808,0x1D6808,sub_1D6808,0x3FC31C,0x4ECAB0;0x15C0AC;0x15C0AC;0x18D364;0x1D6BB8;0x15C05C;0x15C0AC;0x18E664;0x4ECAE0;0x136DB8
FN_libARSPM_001D69B0,0x1D69B0,sub_1D69B0,,0x15C05C;0x15C0AC;0x18E664;0x15C0AC
FN_libARSPM_001D6A0C,0x1D6A0C,sub_1D6A0C,0x3FC838,0x4ECAB0;0x15C230;0x15C230;0x1D6BB8;0x15C114;0x15C230;0x15AB2C;0x4ECAE0;0x136DB8;0x4ECAE0
FN_libARSPM_001D6BA8,0x1D6BA8,sub_1D6BA8,0x15D0AC;0x15D0AC;0x15E3C4,
FN_libARSPM_001D6BB8,0x1D6BB8,sub_1D6BB8,0x15D0AC;0x15D0AC;0x15E3C4;0x1D62AC;0x1D6410;0x1D65BC;0x1D6808;0x1D6A0C,0x1C0920;0x141420;0x141288;0x15BAA4;0x15BACC;0x1D60E4;0x15C2BC
FN_libARSPM_001D6D38,0x1D6D38,sub_1D6D38,0x1D60E4,0x1D7088
FN_libARSPM_001D6E5C,0x1D6E5C,sub_1D6E5C,,0x1416F0;0x136CD8
FN_libARSPM_001D6F10,0x1D6F10,sub_1D6F10,,0x1416F0;0x136CD8;0x1D7364
FN_libARSPM_001D6FDC,0x1D6FDC,sub_1D6FDC,,0x4ECA80;0x1F5760;0x4ECB10
FN_libARSPM_001D704C,0x1D704C,sub_1D704C,0x1F5944;0x3F4884;0x3F6BF8;0x3F6ECC;0x3F7268;0x4E0B28;0x4E3A1C;0x4E4628;0x4E68CC;0x4E73F0,
FN_libARSPM_001D7060,0x1D7060,sub_1D7060,,0x15BACC
FN_libARSPM_001D7088,0x1D7088,sub_1D7088,0x1D6D38,
FN_libARSPM_001D72A0,0x1D72A0,sub_1D72A0,0x1D60E4,0x15E638
FN_libARSPM_001D72B4,0x1D72B4,sub_1D72B4,0x1D5EB4;0x3F5CF8,0x1C33F0;0x4ECA80;0x4ECA80;0x4ECA80
FN_libARSPM_001D7328,0x1D7328,sub_1D7328,0x3F85B8,0x1C3468
FN_libARSPM_001D7364,0x1D7364,sub_1D7364,0x15D0AC;0x15D0AC;0x15D0AC;0x15D0AC;0x15D0AC;0x15E90C;0x15EC9C;0x15EDD8;0x15EF40;0x1D6F10,0x4ECB10;0x4ECB10;0x4ECB10
FN_libARSPM_001D7408,0x1D7408,sub_1D7408,0x15D0AC;0x15D0AC;0x15D0AC;0x3F85B8;0x3F85B8,
FN_libARSPM_001D7424,0x1D7424,sub_1D7424,0x3F85B8;0x3F85B8;0x3F9FD0,0x4ECA80;0x15E754;0x1D7908;0x4ECB10
FN_libARSPM_001D74EC,0x1D74EC,sub_1D74EC,0x15D0AC;0x3F85B8;0x3F85B8,0x18B8BC;0x4ECA80;0x15E754;0x15E7D4;0x1756D8;0x1D7908;0x1C3468;0x1C3504;0x4ECB10;0x18B9C0
FN_libARSPM_001D760C,0x1D760C,sub_1D760C,0x15E90C;0x15EC9C;0x15EF40;0x1F4B38,0x18B76C;0x18BAEC;0x1756D8;0x1D776C;0x4ECA80;0x15E7D4;0x18C110;0x1E98C8;0x1756D8;0x1D7908
FN_libARSPM_001D776C,0x1D776C,sub_1D776C,0x15D0AC;0x1D760C,0x1726AC;0x172D18;0x173310;0x172CC4
FN_libARSPM_001D788C,0x1D788C,sub_1D788C,0x15EDD8;0x1F4F2C,0x18B76C;0x18BAEC;0x1E98C8;0x1756D8;0x1D7908;0x18B9C0
FN_libARSPM_001D7908,0x1D7908,sub_1D7908,0x1D7424;0x1D74EC;0x1D760C;0x1D788C,0x1C3358;0x1C2C78;0x4ECA80;0x4ECB10;0x4ECA80;0x4ECB10;0x15F0A0;0x4ECB10;0x4ECB10
FN_libARSPM_001D7A84,0x1D7A84,sub_1D7A84,0x3F85B8;0x3F85B8;0x3F85B8;0x3F85B8;0x3F85B8;0x3F85B8;0x3F9FD0,
FN_libARSPM_001D7A9C,0x1D7A9C,sub_1D7A9C,0x15D0AC;0x15D0AC;0x15D0AC;0x15EF40,0x1D7E30
FN_libARSPM_001D7AC8,0x1D7AC8,sub_1D7AC8,0x15D0AC;0x15E90C;0x15EC9C;0x1F4B38;0x1F4F2C,0x1D7E30;0x1D7F9C
FN_libARSPM_001D7B00,0x1D7B00,sub_1D7B00,0x15D0AC;0x15D0AC;0x15E90C;0x15EC9C;0x1F4B38;0x1F4F2C,0x4ECB10;0x2666F8
FN_libARSPM_001D7B68,0x1D7B68,sub_1D7B68,0x15D0AC;0x15E90C;0x15EC9C;0x1F4B38;0x1F4F2C,0x2666F8;0x14E8AC
FN_libARSPM_001D7BF8,0x1D7BF8,sub_1D7BF8,0x15EDD8,0x1D7E30;0x1D7F9C
FN_libARSPM_001D7C30,0x1D7C30,sub_1D7C30,0x15EDD8,0x4ECB10;0x2666F8
FN_libARSPM_001D7C98,0x1D7C98,sub_1D7C98,0x15EDD8,0x2666F8;0x14E8AC
FN_libARSPM_001D7D28,0x1D7D28,sub_1D7D28,0x3B4E64,0x1D7E30;0x1D7F9C
FN_libARSPM_001D7D60,0x1D7D60,sub_1D7D60,0x3B4E64,0x4ECB10;0x2666F8
FN_libARSPM_001D7DC8,0x1D7DC8,sub_1D7DC8,0x3B4E64,0x2666F8;0x1D65BC
FN_libARSPM_001D7E30,0x1D7E30,sub_1D7E30,0x1D7A9C;0x1D7AC8;0x1D7BF8;0x1D7D28;0x1F5774;0x2DB6C4;0x2DB918;0x3F4884;0x3F6ECC;0x3F7268,
FN_libARSPM_001D7F9C,0x1D7F9C,sub_1D7F9C,0x1D7AC8;0x1D7BF8;0x1D7D28;0x1D83AC;0x1F5774,0x4ECAB0;0x1D8148;0x136DB8;0x1D8148;0x1D827C;0x1D86DC;0x4ECAE0
FN_libARSPM_001D8148,0x1D8148,sub_1D8148,0x1D7F9C;0x1D7F9C;0x1D83D8,0x1C3324;0x1C3324;0x4ECA80
FN_libARSPM_001D827C,0x1D827C,sub_1D827C,0x1D7F9C,0x1DFDD0;0x1D5EB4;0x4ECA80;0x1D8518;0x4ECB10
FN_libARSPM_001D83AC,0x1D83AC,sub_1D83AC,,0x1D7F9C
FN_libARSPM_001D83D8,0x1D83D8,sub_1D83D8,0x1F5944,0x4ECAB0;0x136DB8;0x1D8148;0x1D86DC;0x4ECAE0
FN_libARSPM_001D8518,0x1D8518,sub_1D8518,0x1D827C,0x1D896C;0x1C3324;0x4ECB10;0x4ECB10
FN_libARSPM_001D86DC,0x1D86DC,sub_1D86DC,0x1D7F9C;0x1D83D8,0x1C3324;0x1D8C14
FN_libARSPM_001D8824,0x1D8824,sub_1D8824,,0x4ECB10
FN_libARSPM_001D88C4,0x1D88C4,sub_1D88C4,,0x4ECB10;0x136CD8
FN_libARSPM_001D896C,0x1D896C,sub_1D896C,0x1D8518,0x1D8ADC;0x4ECB10
FN_libARSPM_001D8ADC,0x1D8ADC,sub_1D8ADC,0x1D896C,0x1C3324;0x4ECB10
FN_libARSPM_001D8C14,0x1D8C14,sub_1D8C14,0x1D86DC,0x4ECB10;0x4ECB10;0x4ECB10
FN_libARSPM_001D8E10,0x1D8E10,sub_1D8E10,0x33E050;0x468D38,
FN_libARSPM_001D8E48,0x1D8E48,sub_1D8E48,0x273FB0,
FN_libARSPM_001D8ED4,0x1D8ED4,sub_1D8ED4,0x1D4C8C,
FN_libARSPM_001D8F7C,0x1D8F7C,sub_1D8F7C,0x1D8FB8;0x1D90A0;0x1D9228;0x1D9318;0x1D95E8;0x1D9A10;0x1DA198,0x2CFAA0;0x2666C0
FN_libARSPM_001D8FA8,0x1D8FA8,sub_1D8FA8,0x1301E8;0x13288C;0x176428;0x1767DC;0x1767DC;0x176D00;0x177680;0x1BD33C;0x1BFB74;0x1DA52C,
FN_libARSPM_001D8FB8,0x1D8FB8,sub_1D8FB8,0x1301E8;0x1301E8;0x165B58;0x1767DC;0x1767DC;0x1767DC;0x1767DC;0x1767DC;0x176D00;0x177680,0x4ECB10;0x1D8F7C
FN_libARSPM_001D90A0,0x1D90A0,sub_1D90A0,0x46BEB0;0x48B4E0;0x48B66C;0x491B14;0x491B14;0x491B14;0x491B14;0x491B14;0x491B14;0x4A70BC,0x4ECB10;0x1D8F7C
FN_libARSPM_001D9180,0x1D9180,sub_1D9180,0x1307D4;0x1307D4;0x1341F4;0x1767DC;0x1767DC;0x1767DC;0x1767DC;0x1767DC;0x176D00;0x177680,0x4ECA80
FN_libARSPM_001D91C4,0x1D91C4,sub_1D91C4,0x1304CC;0x1304CC;0x176428;0x1767DC;0x176D00;0x176D00;0x177680;0x177680;0x178354;0x1BDB54,0x4ECB10
FN_libARSPM_001D9228,0x1D9228,sub_1D9228,0x12D004,0x4ECB10;0x1D8F7C
FN_libARSPM_001D9318,0x1D9318,sub_1D9318,0x263458;0x3309B0;0x36EA50,0x4ECB10;0x1D8F7C
FN_libARSPM_001D93F8,0x1D93F8,sub_1D93F8,0x12D004;0x12D004;0x1301E8;0x1301E8;0x1301E8;0x1301E8;0x130340;0x130340;0x1304CC;0x1307D4,0x4ECB10
FN_libARSPM_001D944C,0x1D944C,sub_1D944C,0x3435C0;0x3436B4;0x343B68;0x343B68;0x4670A0;0x467C24;0x46B8F8;0x46EA64;0x473FD0;0x4741EC,
FN_libARSPM_001D94A0,0x1D94A0,sub_1D94A0,0x1767DC,
FN_libARSPM_001D9534,0x1D9534,sub_1D9534,0x1345DC;0x3304B4;0x33FDAC;0x33FDAC;0x33FDAC;0x340214;0x3BC9DC;0x3BC9DC;0x3BCB1C;0x3BCB1C,0x4ECA80;0x4ECB10
FN_libARSPM_001D95B8,0x1D95B8,sub_1D95B8,0x2F2EC0;0x3304B4;0x3304B4;0x3323AC;0x3323AC;0x33C924;0x33C924;0x33C924;0x33C924;0x33C924,
FN_libARSPM_001D95D4,0x1D95D4,sub_1D95D4,0x3BC83C;0x3BC83C;0x3BC83C;0x3BC9DC,
FN_libARSPM_001D95E8,0x1D95E8,sub_1D95E8,0x2FFE18;0x3323AC;0x3323AC;0x3323AC;0x3323AC;0x3323AC;0x3323AC;0x3323AC;0x3323AC;0x3323AC,0x4ECB10;0x1D8F7C
FN_libARSPM_001D96EC,0x1D96EC,sub_1D96EC,,0x4ECB10
FN_libARSPM_001D9744,0x1D9744,sub_1D9744,0x4B4B48,0x4ECB10
FN_libARSPM_001D97C8,0x1D97C8,sub_1D97C8,0x1D9E20;0x1D9EDC;0x1DA0B0;0x1DA35C;0x1DA420;0x1DA420;0x1DA420;0x3BC23C;0x3BC23C;0x3DC850,0x4ECB10;0x4ECB10;0x4ECB10
FN_libARSPM_001D99C4,0x1D99C4,sub_1D99C4,0x1767DC;0x1767DC;0x1767DC;0x1767DC;0x1767DC;0x1767DC;0x1767DC;0x2F2620;0x326950;0x326950,
FN_libARSPM_001D9A10,0x1D9A10,sub_1D9A10,0x1D9D38;0x1D9D84;0x1DA0B0;0x4B4B48;0x4B4B48,0x4ECB10;0x4ECB10;0x4ECB10;0x1D8F7C
FN_libARSPM_001D9D38,0x1D9D38,sub_1D9D38,0x468D38;0x4D06B0;0x4D06B0;0x4D06B0,0x134CB4;0x1D9A10
FN_libARSPM_001D9D84,0x1D9D84,sub_1D9D84,0x2F9D00;0x3D37BC;0x3D43F4;0x3DA4A8;0x3DB49C,0x1D9A10
FN_libARSPM_001D9E20,0x1D9E20,sub_1D9E20,0x32E1E4;0x32E1E4;0x3323AC;0x3323AC;0x3323AC;0x3323AC;0x3323AC;0x3323AC;0x3323AC;0x3323AC,0x1D9EDC;0x1D97C8
FN_libARSPM_001D9EDC,0x1D9EDC,sub_1D9EDC,0x1D9E20;0x1DA0B0;0x1DA0B0;0x1DA35C,0x1D97C8;0x2CFAA0;0x4ECB10
FN_libARSPM_001DA048,0x1DA048,sub_1DA048,0x1767DC;0x1767DC;0x2F24F0;0x2F24F0;0x2F24F0;0x2F2620;0x2F2620;0x32BB48;0x32BB48;0x32BB48,0x1DA0B0
FN_libARSPM_001DA0B0,0x1DA0B0,sub_1DA0B0,0x1DA048;0x2D1B70,0x1D9EDC;0x1D9A10;0x4ECB10;0x1D9EDC;0x1D97C8
FN_libARSPM_001DA198,0x1DA198,sub_1DA198,0x4D12EC,0x4ECB10;0x4ECB10;0x1D8F7C
FN_libARSPM_001DA35C,0x1DA35C,sub_1DA35C,0x176428;0x176428;0x1767DC;0x176D00;0x176D00;0x176D00;0x176D00;0x176D00;0x177680;0x1BD128,0x1D9EDC;0x1D97C8
FN_libARSPM_001DA420,0x1DA420,sub_1DA420,0x3DC850;0x3E1B68,0x1DA52C;0x1D97C8;0x1DA52C;0x1D97C8;0x1DA52C;0x1D97C8
FN_libARSPM_001DA52C,0x1DA52C,sub_1DA52C,0x1DA420;0x1DA420;0x1DA420;0x33C924;0x33D390;0x33D738;0x33D998;0x34233C;0x34233C;0x34233C,0x1349B8;0x1348D0;0x2666F8;0x1D8FA8
FN_libARSPM_001DA608,0x1DA608,sub_1DA608,0x1C0C8C;0x1C0F28;0x209264;0x229FC0;0x22A048;0x2D8F20;0x2DC4C0;0x2E563C;0x2E7548;0x2E7548,
FN_libARSPM_001DA630,0x1DA630,sub_1DA630,0x158928;0x1A05F0;0x2D83BC;0x2D8A58;0x2D8A58;0x2D8F20;0x2D946C;0x2D9564;0x2D975C;0x2D9ABC,
FN_libARSPM_001DA6BC,0x1DA6BC,sub_1DA6BC,0x2D7D60;0x2D7D60,
FN_libARSPM_001DA744,0x1DA744,sub_1DA744,0x1A05F0;0x1C0C8C;0x1C0C8C;0x1C0F28;0x228478;0x228DF4;0x229148;0x22A26C;0x22A26C;0x2D8F20,
FN_libARSPM_001DA778,0x1DA778,sub_1DA778,0x228DF4;0x22A26C;0x24FB7C;0x33AA94;0x33AA94,
FN_libARSPM_001DA790,0x1DA790,sub_1DA790,0x33AA94;0x33AA94,
FN_libARSPM_001DA7A4,0x1DA7A4,sub_1DA7A4,0x1C0C8C;0x1C0F28;0x22970C;0x229FC0;0x22A048;0x33B77C,
FN_libARSPM_001DA7E8,0x1DA7E8,sub_1DA7E8,0x1A05F0;0x1C0C8C;0x1C0F28;0x229FC0;0x22A26C;0x30D718,0x1DD234;0x1DD264;0x1DD26C;0x1DD25C;0x1DD254;0x1DD274
FN_libARSPM_001DA894,0x1DA894,sub_1DA894,0x30C980,
FN_libARSPM_001DA8AC,0x1DA8AC,sub_1DA8AC,,0x18C270;0x18C4B4;0x18C4C4;0x18C4D4
FN_libARSPM_001DA914,0x1DA914,sub_1DA914,0x22A048;0x22A048;0x33A040;0x394E98;0x395C54,
FN_libARSPM_001DA974,0x1DA974,sub_1DA974,0x394E98;0x395C54,
FN_libARSPM_001DA9CC,0x1DA9CC,sub_1DA9CC,0x18C570,
FN_libARSPM_001DAA38,0x1DAA38,sub_1DAA38,0x1DAEAC;0x1DB970;0x1DBCEC;0x1DCFD0,0x1AA350;0x1AA22C;0x1DD88C;0x18E788;0x18E788
FN_libARSPM_001DAB8C,0x1DAB8C,sub_1DAB8C,0x1DD274;0x1DD274;0x1DD274,0x18F3F0;0x18E03C;0x18E03C;0x18D510;0x18E68C;0x191530;0x18E68C;0x18E788;0x191530;0x18F3F0
FN_libARSPM_001DAD94,0x1DAD94,sub_1DAD94,0x1DD274,0x18D2E0;0x18D2E0;0x18D2E0;0x1DD88C;0x1DD9E4;0x18E58C;0x18EFAC;0x18E58C;0x18EFAC
FN_libARSPM_001DAEAC,0x1DAEAC,sub_1DAEAC,0x1DB970;0x1DB970;0x1DB970;0x1DBCEC;0x1DBCEC;0x1DBCEC;0x1DCFD0;0x1DCFD0;0x1DCFD0;0x1DCFD0,0x1DD88C;0x1DD88C;0x1923B0;0x1DAA38;0x18EFE0;0x18EFE0
FN_libARSPM_001DB0F4,0x1DB0F4,sub_1DB0F4,0x1DCFD0,0x1AA350
FN_libARSPM_001DB2A4,0x1DB2A4,sub_1DB2A4,0x1DCFD0,0x196BA0;0x195F1C
FN_libARSPM_001DB63C,0x1DB63C,sub_1DB63C,0x1DB970,
FN_libARSPM_001DB6D8,0x1DB6D8,sub_1DB6D8,,0x1DB85C;0x195DF4;0x1979C0
FN_libARSPM_001DB750,0x1DB750,sub_1DB750,0x1DBCEC,
FN_libARSPM_001DB7EC,0x1DB7EC,sub_1DB7EC,,0x1DB85C;0x195DF4;0x19593C
FN_libARSPM_001DB85C,0x1DB85C,sub_1DB85C,0x1DB6D8;0x1DB7EC,
FN_libARSPM_001DB970,0x1DB970,sub_1DB970,0x1DD274,0x1DB63C;0x1DAA38;0x1DBB50;0x1DBB50;0x1AA350;0x1AA22C;0x1DAEAC;0x1DAEAC;0x1DD9E4;0x1DAEAC
FN_libARSPM_001DBB50,0x1DBB50,sub_1DBB50,0x1DB970;0x1DB970;0x1DBB50;0x1DBB50,0x1DC8E8;0x18F0BC;0x18EFE0;0x1DBB50;0x1DBB50
FN_libARSPM_001DBCEC,0x1DBCEC,sub_1DBCEC,0x1DD274,0x1DB750;0x1DAA38;0x1DBEAC;0x1DBEAC;0x1AA350;0x1AA22C;0x1DAEAC;0x1DAEAC;0x1DD9E4;0x1DAEAC
FN_libARSPM_001DBEAC,0x1DBEAC,sub_1DBEAC,0x1DBCEC;0x1DBCEC;0x1DBEAC;0x1DBEAC,0x1DC9D4;0x18F0BC;0x18EFE0;0x1DBEAC;0x1DBEAC
FN_libARSPM_001DC048,0x1DC048,sub_1DC048,0x1DC8E8,0x1979C0;0x1AA3D0;0x1979C0;0x1AA3D0
FN_libARSPM_001DC1D8,0x1DC1D8,sub_1DC1D8,0x1DC7DC;0x1DC7DC;0x1DC7DC;0x1DCC30;0x1DCC30;0x1DCC30,0x195F1C;0x1960E4;0x1AA3D0
FN_libARSPM_001DC360,0x1DC360,sub_1DC360,0x1DC7DC;0x1DC7DC;0x1DC8E8;0x1DC9D4;0x1DC9D4;0x1DCC30;0x1DCC30,
FN_libARSPM_001DC500,0x1DC500,sub_1DC500,0x1DC7DC;0x1DC8E8;0x1DC9D4,0x19593C;0x1956E8;0x19593C;0x1AA3D0;0x1AA3D0;0x1AA3D0
FN_libARSPM_001DC7DC,0x1DC7DC,sub_1DC7DC,0x1DCC30,0x1DC360;0x1DC1D8;0x1DC1D8;0x1DC360;0x1DC1D8;0x1DC500
FN_libARSPM_001DC8E8,0x1DC8E8,sub_1DC8E8,0x1DBB50,0x1DC048;0x1DC360;0x1979C0;0x1AA3D0;0x1DC500
FN_libARSPM_001DC9D4,0x1DC9D4,sub_1DC9D4,0x1DBEAC,0x1DC360;0x195880;0x1AA3D0;0x195880;0x1AA3D0;0x1DC360;0x195880;0x1AA3D0;0x1DC500
FN_libARSPM_001DCC30,0x1DCC30,sub_1DCC30,0x1DCC30;0x1DCC30;0x1DCFD0;0x1DCFD0,0x1DC7DC;0x18F0BC;0x1DC360;0x1DC1D8;0x1DC1D8;0x1DC360;0x1DC1D8;0x1DCC30;0x1DCC30;0x18EFE0
FN_libARSPM_001DCFD0,0x1DCFD0,sub_1DCFD0,0x1DD274,0x1DB2A4;0x1DAEAC;0x1DAEAC;0x1DD9E4;0x1DAEAC;0x1DAEAC;0x1DAEAC;0x1DAA38;0x196688;0x1DCC30
FN_libARSPM_001DD234,0x1DD234,sub_1DD234,0x1DA7E8,
FN_libARSPM_001DD254,0x1DD254,sub_1DD254,0x1DA7E8,
FN_libARSPM_001DD25C,0x1DD25C,sub_1DD25C,0x1DA7E8,
FN_libARSPM_001DD264,0x1DD264,sub_1DD264,0x1DA7E8,
FN_libARSPM_001DD26C,0x1DD26C,sub_1DD26C,0x1DA7E8,
FN_libARSPM_001DD274,0x1DD274,sub_1DD274,0x1DA7E8,0x18D2E0;0x18D5A8;0x18E08C;0x1DD61C;0x18E080;0x18DF54;0x18DAC4;0x1DAD94;0x1926B8;0x1DB970
FN_libARSPM_001DD61C,0x1DD61C,sub_1DD61C,0x1DD274,0x18D5A8;0x18F468;0x190358;0x18F468;0x18F76C
FN_libARSPM_001DD88C,0x1DD88C,sub_1DD88C,0x1DAA38;0x1DAD94;0x1DAEAC;0x1DAEAC,
FN_libARSPM_001DD8A4,0x1DD8A4,sub_1DD8A4,,0x18F1A8
FN_libARSPM_001DD92C,0x1DD92C,sub_1DD92C,,0x18E6D0;0x18EFE0;0x18EFE0
FN_libARSPM_001DD9E4,0x1DD9E4,sub_1DD9E4,0x1DAD94;0x1DB970;0x1DBCEC;0x1DCFD0,
FN_libARSPM_001DD9F8,0x1DD9F8,sub_1DD9F8,,0x1AA22C;0x1AA3D0;0x18E6D0;0x1AA22C;0x18EFE0;0x1AA22C;0x18EFE0;0x18EFE0;0x18EFE0
FN_libARSPM_001DDC34,0x1DDC34,sub_1DDC34,,0x172D18;0x172BE0;0x198458;0x18F1A8;0x1AA22C;0x18EFE0;0x18EFE0
FN_libARSPM_001DDDC0,0x1DDDC0,sub_1DDDC0,,0x1AA22C;0x18EFE0;0x18EFE0;0x18EFE0
FN_libARSPM_001DDE84,0x1DDE84,sub_1DDE84,0x1F4F2C;0x1F4F2C;0x1F4F2C,
FN_libARSPM_001DDEBC,0x1DDEBC,sub_1DDEBC,0x1DE0B8;0x1F5FB8;0x1F64D8;0x1F7B0C;0x1F7B0C;0x1FF2C0;0x204974;0x204974;0x204974;0x4E939C,0x3FE8B8;0x4ECB10
FN_libARSPM_001DDFD4,0x1DDFD4,sub_1DDFD4,0x1F5FB8;0x1F64D8;0x1F7B0C;0x1F7B0C;0x1FF2C0;0x204974;0x204974;0x204974;0x4E939C,
FN_libARSPM_001DDFD8,0x1DDFD8,sub_1DDFD8,0x1F4F2C;0x1F4F2C;0x4EB8FC;0x4EBB18,
FN_libARSPM_001DDFE8,0x1DDFE8,sub_1DDFE8,0x1F4F2C;0x1F4F2C;0x4EB8FC;0x4EBB18,
FN_libARSPM_001DE094,0x1DE094,sub_1DE094,0x1F4F2C;0x1F4F2C;0x1F4F2C;0x1F4F2C,
FN_libARSPM_001DE0A4,0x1DE0A4,sub_1DE0A4,0x1F4878;0x4E939C,
FN_libARSPM_001DE0B8,0x1DE0B8,sub_1DE0B8,0x1DF0A0;0x1F4878;0x4E939C,0x1DE554;0x1DE2D0;0x1B6360;0x4ECA80;0x4ECB10;0x1DDEBC;0x2666F8;0x2666F8
FN_libARSPM_001DE1DC,0x1DE1DC,sub_1DE1DC,0x1F4878;0x4E939C,0x1DE554;0x1DE2D0;0x1B6360;0x4ECA80
FN_libARSPM_001DE2D0,0x1DE2D0,sub_1DE2D0,0x1DE0B8;0x1DE1DC;0x1DEA20;0x1DEA20;0x1DF0A0,0x14E8AC;0x15E90C;0x15EC9C;0x172EF0;0x174980;0x1B6360;0x1B6360;0x2666F8
FN_libARSPM_001DE554,0x1DE554,sub_1DE554,0x1DE0B8;0x1DE1DC;0x1DEA20;0x1DEA20;0x1DF0A0,0x15F0E4;0x1B6110;0x172EF0;0x174980;0x1B6360;0x2CFAA0;0x2666C0
FN_libARSPM_001DE784,0x1DE784,sub_1DE784,0x1DE838,
FN_libARSPM_001DE798,0x1DE798,sub_1DE798,,0x2666C4
FN_libARSPM_001DE838,0x1DE838,sub_1DE838,0x1DEA20,0x15E6C4;0x1DE784
FN_libARSPM_001DEA20,0x1DEA20,sub_1DEA20,0x1DED68;0x1DEDA4;0x1DEDE0;0x1DF0A0;0x1DF0A0;0x1DF0A0;0x1DF0A0,0x1DE554;0x1DE838;0x1DE554;0x1DE2D0;0x1B6360;0x1DE2D0;0x1B6360;0x2666C4;0x2666F8;0x4ECA80
FN_libARSPM_001DED68,0x1DED68,sub_1DED68,0x1F4878,0x1DEA20
FN_libARSPM_001DEDA4,0x1DEDA4,sub_1DEDA4,0x1F4878;0x4E939C,0x1DEA20
FN_libARSPM_001DEDE0,0x1DEDE0,sub_1DEDE0,0x1F4878,0x1DEA20
FN_libARSPM_001DEE1C,0x1DEE1C,sub_1DEE1C,0x1F7020,0x1DF6AC
FN_libARSPM_001DF0A0,0x1DF0A0,sub_1DF0A0,,0x1B32D0;0x1B2CA8;0x1B2CA8;0x1B2CA8;0x1B2FD0;0x15E69C;0x1DF7CC;0x4ECB10;0x1DEA20;0x1DEA20
FN_libARSPM_001DF3FC,0x1DF3FC,sub_1DF3FC,0x13ECB0,
FN_libARSPM_001DF40C,0x1DF40C,sub_1DF40C,0x13ECB0,
FN_libARSPM_001DF4DC,0x1DF4DC,sub_1DF4DC,0x473B7C;0x47AAA0;0x47AAA0;0x47AAA0;0x47AE78,0x1DF698;0x15E650
FN_libARSPM_001DF698,0x1DF698,sub_1DF698,0x1DF4DC;0x2E563C;0x49A6DC;0x49A920;0x4A9908;0x4AA1F8;0x4D7150;0x4E8A2C,0x15E638
FN_libARSPM_001DF6AC,0x1DF6AC,sub_1DF6AC,0x1DEE1C,
FN_libARSPM_001DF7CC,0x1DF7CC,sub_1DF7CC,0x1DF0A0,0x1B2CA8;0x1B2C54;0x1B2C54;0x1B2C54;0x1B47C8;0x4ECB10;0x4ECB10
FN_libARSPM_001DF8F4,0x1DF8F4,sub_1DF8F4,0x206C3C,0x1E0758
FN_libARSPM_001DF954,0x1DF954,sub_1DF954,0x15E8B8;0x15EB6C;0x15EB6C;0x15F0E4;0x1DFC2C,0x4EC2E0;0x1E04DC;0x1E04CC;0x4ECA80;0x1E0758;0x4ECB10;0x4ECB10;0x4ECB10
FN_libARSPM_001DFB4C,0x1DFB4C,sub_1DFB4C,,0x4ECB10;0x4ECB10;0x4ECB10;0x4ECB10
FN_libARSPM_001DFC2C,0x1DFC2C,sub_1DFC2C,,0x1DF954;0x4ECA80
FN_libARSPM_001DFC68,0x1DFC68,sub_1DFC68,0x467594,0x1E04DC;0x1E0460;0x4ECB10;0x14803C;0x148054;0x4ECB10
FN_libARSPM_001DFD3C,0x1DFD3C,sub_1DFD3C,0x1C287C,
FN_libARSPM_001DFD48,0x1DFD48,sub_1DFD48,,0x148298
FN_libARSPM_001DFDD0,0x1DFDD0,sub_1DFDD0,0x1D827C,
FN_libARSPM_001DFDDC,0x1DFDDC,sub_1DFDDC,0x15EB6C;0x15EB6C,0x15F24C;0x14E8AC;0x14E8AC;0x134C20;0x134B74;0x2666F8;0x2CFAA0;0x2666C0
FN_libARSPM_001E0004,0x1E0004,sub_1E0004,0x15F0E4,0x4EC2E0
FN_libARSPM_001E0098,0x1E0098,sub_1E0098,,0x15E69C;0x4ECA80;0x4ECA80;0x4ECB10;0x4ECB10;0x15E7C4;0x15E774;0x18B76C;0x1E98C8;0x1756D8
FN_libARSPM_001E026C,0x1E026C,sub_1E026C,,0x4ECB10
FN_libARSPM_001E02D0,0x1E02D0,sub_1E02D0,0x20720C,
FN_libARSPM_001E02D8,0x1E02D8,sub_1E02D8,,0x4ECA80
FN_libARSPM_001E0308,0x1E0308,sub_1E0308,,0x4ECA80;0x1C2DB0;0x4ECB10
FN_libARSPM_001E0454,0x1E0454,sub_1E0454,0x49245C,
FN_libARSPM_001E0460,0x1E0460,sub_1E0460,0x1DFC68;0x49245C,
FN_libARSPM_001E0468,0x1E0468,sub_1E0468,,0x4ECB10;0x14803C;0x148054
FN_libARSPM_001E04CC,0x1E04CC,sub_1E04CC,0x1DF954;0x49245C;0x4E9578,
FN_libARSPM_001E04DC,0x1E04DC,sub_1E04DC,0x1DF954;0x1DFC68;0x49245C;0x4E9004;0x4E9578,0x4EC2E0;0x4103F0;0x4ECA80;0x4ECB10;0x4ECB10;0x4ECA80
FN_libARSPM_001E0758,0x1E0758,sub_1E0758,0x1DF8F4;0x1DF954,0x4ECA80
FN_libARSPM_001E0904,0x1E0904,sub_1E0904,0x1599F4,
FN_libARSPM_001E0980,0x1E0980,sub_1E0980,0x149274;0x2089B4,0x1E09BC
FN_libARSPM_001E09BC,0x1E09BC,sub_1E09BC,0x1E0980;0x1E0E38;0x1E12F8,0x4ECB10
FN_libARSPM_001E0B54,0x1E0B54,sub_1E0B54,0x149274;0x1E0E38;0x1E12F8;0x2089B4,0x1B6110;0x4ECA80
FN_libARSPM_001E0DCC,0x1E0DCC,sub_1E0DCC,0x2089B4,
FN_libARSPM_001E0DF0,0x1E0DF0,sub_1E0DF0,0x149274;0x2089B4,
FN_libARSPM_001E0E08,0x1E0E08,sub_1E0E08,0x149274;0x2089B4,
FN_libARSPM_001E0E20,0x1E0E20,sub_1E0E20,0x149274;0x2089B4,
FN_libARSPM_001E0E38,0x1E0E38,sub_1E0E38,0x20E420;0x20E570;0x2D7D60,0x1E09BC;0x1E0B54;0x4ECB10
FN_libARSPM_001E10A8,0x1E10A8,sub_1E10A8,0x209264;0x209264;0x209264;0x209264,
FN_libARSPM_001E1148,0x1E1148,sub_1E1148,0x1F7020,
FN_libARSPM_001E12F8,0x1E12F8,sub_1E12F8,,0x1B2B40;0x1B2BF8;0x1B2BF8;0x1B2BF8;0x1E09BC;0x1B3B44;0x1B3B64;0x1B3B44;0x1B3B44;0x1B3B44
FN_libARSPM_001E1554,0x1E1554,sub_1E1554,0x148ECC;0x149274;0x149274;0x1F5FB8;0x1F64D8;0x1F7B0C;0x1F7B0C;0x1FF2C0;0x2089B4;0x209264,
FN_libARSPM_001E1558,0x1E1558,sub_1E1558,0x15ADD8;0x1C2CC4;0x3DF8E8;0x3E2128,
FN_libARSPM_001E158C,0x1E158C,sub_1E158C,0x15ADD8;0x1C2CC4;0x3DF8E8;0x3E2128,0x2666F8;0x4ECB10;0x4ECB10
FN_libARSPM_001E1668,0x1E1668,sub_1E1668,,0x2666F8;0x4ECB10;0x4ECB10
FN_libARSPM_001E1740,0x1E1740,sub_1E1740,0x3E2128;0x3E2128;0x3E2128;0x3E2128,0x1E3404;0x1E3404
FN_libARSPM_001E1820,0x1E1820,sub_1E1820,0x3E2128;0x3E2128;0x3E2128;0x3E2128;0x3E2128;0x3E2128;0x3E2128,0x1E3404
FN_libARSPM_001E1874,0x1E1874,sub_1E1874,,0x1E3404
FN_libARSPM_001E18CC,0x1E18CC,sub_1E18CC,,0x1E3404;0x1E3404
FN_libARSPM_001E1980,0x1E1980,sub_1E1980,0x3DF8E8;0x3DF8E8;0x3E2128;0x3E2128,0x1E3404
FN_libARSPM_001E19D0,0x1E19D0,sub_1E19D0,,0x1E3404;0x1E3404
FN_libARSPM_001E1A84,0x1E1A84,sub_1E1A84,0x3DF8E8;0x3DF8E8;0x3E2128,0x1E3404
FN_libARSPM_001E1ADC,0x1E1ADC,sub_1E1ADC,,0x1E3404
FN_libARSPM_001E1B2C,0x1E1B2C,sub_1E1B2C,,0x1E3404;0x1E3404
FN_libARSPM_001E1BE0,0x1E1BE0,sub_1E1BE0,,0x1E3404
FN_libARSPM_001E1C34,0x1E1C34,sub_1E1C34,,0x1E3404;0x1E3404
FN_libARSPM_001E1CE8,0x1E1CE8,sub_1E1CE8,,0x1E3404;0x1E3404
FN_libARSPM_001E1D80,0x1E1D80,sub_1E1D80,,0x1E3404;0x1E3404
FN_libARSPM_001E1E34,0x1E1E34,sub_1E1E34,,0x1E3404
FN_libARSPM_001E1E9C,0x1E1E9C,sub_1E1E9C,,0x1E3404
FN_libARSPM_001E1EF0,0x1E1EF0,sub_1E1EF0,,0x1E3404
FN_libARSPM_001E1F44,0x1E1F44,sub_1E1F44,,0x1B81D8;0x1E3404
FN_libARSPM_001E1FAC,0x1E1FAC,sub_1E1FAC,,0x1B53A8;0x1E3404
FN_libARSPM_001E200C,0x1E200C,sub_1E200C,,0x1E3404;0x1E3404;0x1E3404
FN_libARSPM_001E211C,0x1E211C,sub_1E211C,,0x1E4AF8;0x1E4CEC;0x134F28;0x13502C;0x1A96CC;0x1E3404;0x167CB0;0x168238;0x1A9750;0x1E8D68
FN_libARSPM_001E25A4,0x1E25A4,sub_1E25A4,,0x1E3404;0x4ECB10;0x14803C;0x148054;0x1E3404;0x1AA6B8;0x1E3404
FN_libARSPM_001E2740,0x1E2740,sub_1E2740,0x15ADD8,0x1AA6B8;0x1472A8;0x1E29B8;0x1E3404
FN_libARSPM_001E28FC,0x1E28FC,sub_1E28FC,,0x1E3404
FN_libARSPM_001E29B8,0x1E29B8,sub_1E29B8,0x1E2740,0x1E2AE0;0x1472A8
FN_libARSPM_001E2AE0,0x1E2AE0,sub_1E2AE0,0x1E29B8,0x1472A8
FN_libARSPM_001E2CEC,0x1E2CEC,sub_1E2CEC,0x136738,0x167F28;0x1B5FF0;0x167F28;0x167D08;0x167DE0;0x167CB0
FN_libARSPM_001E2E38,0x1E2E38,sub_1E2E38,0x1FD094;0x1FD318;0x1FE15C,0x175834;0x2666C4;0x2666F8
FN_libARSPM_001E2F08,0x1E2F08,sub_1E2F08,0x1FC690;0x1FC948;0x1FD95C;0x1FE15C,0x2666C4;0x2666F8;0x2666C4;0x2666F8;0x2666C4;0x2666F8;0x2666C4;0x2666F8;0x2666C4;0x2666F8
FN_libARSPM_001E32B0,0x1E32B0,sub_1E32B0,0x1FDE38,0x2666C4;0x2666F8
FN_libARSPM_001E33D8,0x1E33D8,sub_1E33D8,0x1FDE38,
FN_libARSPM_001E3404,0x1E3404,sub_1E3404,0x142370;0x142370;0x142370;0x142370;0x142370;0x142370;0x142370;0x142370;0x1E1740;0x1E1740,0x2666C4;0x2666F8
FN_libARSPM_001E349C,0x1E349C,sub_1E349C,0x1E211C;0x1F6898;0x3DF8E8;0x3E2128,
FN_libARSPM_001E34AC,0x1E34AC,sub_1E34AC,0x34917C;0x34917C;0x34917C;0x34917C;0x34917C;0x34917C;0x34917C;0x34917C;0x34917C;0x34917C,
FN_libARSPM_001E34DC,0x1E34DC,sub_1E34DC,0x1E6074,
FN_libARSPM_001E3504,0x1E3504,sub_1E3504,0x1E3948,0x1A9874;0x1A9874;0x1A9874;0x1A9874;0x1A9874;0x1A9874;0x168238;0x167DE0;0x167CB0
FN_libARSPM_001E3948,0x1E3948,sub_1E3948,0x1E6074,0x168238;0x168238;0x168238;0x168238;0x1E3504;0x1E3AB8;0x167CB0;0x167CB0;0x167CB0;0x167CB0
FN_libARSPM_001E3AB8,0x1E3AB8,sub_1E3AB8,0x1E3948,0x168238;0x168238;0x168238;0x168238;0x167D68;0x167D68;0x167D68;0x167D68
FN_libARSPM_001E3CA4,0x1E3CA4,sub_1E3CA4,0x349BB4,
FN_libARSPM_001E3DBC,0x1E3DBC,sub_1E3DBC,0x1E3DBC,0x1E3DBC
FN_libARSPM_001E48B4,0x1E48B4,sub_1E48B4,0x34964C,
FN_libARSPM_001E48BC,0x1E48BC,sub_1E48BC,0x1E686C,0x167D08;0x1A0710
FN_libARSPM_001E4928,0x1E4928,sub_1E4928,0x1E68F0;0x2DA1AC,0x168238;0x167CB0
FN_libARSPM_001E4998,0x1E4998,sub_1E4998,0x148FD8;0x1E6AA4,
FN_libARSPM_001E49A4,0x1E49A4,sub_1E49A4,0x466AA0,0x134F28;0x168238;0x1362C0;0x1E50BC;0x167CB0;0x13502C
FN_libARSPM_001E4AD4,0x1E4AD4,sub_1E4AD4,0x1B3DC4;0x1B3DC4;0x1E68F0;0x1E9114,
FN_libARSPM_001E4AF0,0x1E4AF0,sub_1E4AF0,0x1E5BFC;0x1E751C;0x1E75A8;0x1E763C;0x1EC490;0x2E8B50;0x34712C;0x34712C;0x348234;0x34C340,
FN_libARSPM_001E4AF8,0x1E4AF8,sub_1E4AF8,0x13E240;0x1D3370;0x1E211C;0x1EC448;0x1EC490;0x2DAD40;0x2E8B50;0x2E8B50;0x2E8B50;0x2F3F74,
FN_libARSPM_001E4B00,0x1E4B00,sub_1E4B00,0x1E5BFC;0x1E763C;0x1EC490;0x2E8B50;0x2E8B50;0x2F3F74;0x34712C;0x34D244,
FN_libARSPM_001E4B08,0x1E4B08,sub_1E4B08,0x1D3370;0x1E5ED0;0x2DA1AC;0x2DAD40;0x34C860;0x34CEF0,
FN_libARSPM_001E4B10,0x1E4B10,sub_1E4B10,0x13F688,0x4ECA80;0x1EC328;0x4ECB10
FN_libARSPM_001E4BA4,0x1E4BA4,sub_1E4BA4,0x1D3CA8,0x4ECA80;0x1EC328;0x4ECB10
FN_libARSPM_001E4C48,0x1E4C48,sub_1E4C48,0x21CDF4,0x4ECA80;0x1EC328;0x4ECB10
FN_libARSPM_001E4CEC,0x1E4CEC,sub_1E4CEC,0x1E211C;0x1E211C,
FN_libARSPM_001E4CF8,0x1E4CF8,sub_1E4CF8,0x1E763C;0x2E7548;0x2E7548;0x2E8B50;0x2F3F74;0x34D244,
FN_libARSPM_001E4D1C,0x1E4D1C,sub_1E4D1C,0x144E08,0x4ECA80
FN_libARSPM_001E4D88,0x1E4D88,sub_1E4D88,0x1B3DC4;0x1E5AC4;0x1E5B5C;0x466AA0,0x168238;0x168238;0x167CB0;0x4ECA80;0x167F28;0x167FA8;0x148298;0x168130;0x167F28;0x167D08
FN_libARSPM_001E4FF8,0x1E4FF8,sub_1E4FF8,0x1EC490;0x1ECDC8;0x346FF8;0x34B7D8,
FN_libARSPM_001E5004,0x1E5004,sub_1E5004,0x1B5BD0;0x1E81B8,0x1A9624;0x136BB0;0x4ECA80
FN_libARSPM_001E50BC,0x1E50BC,sub_1E50BC,0x1E49A4,0x167D08;0x167D08;0x1A9AAC;0x167E80;0x167D50;0x167CB0;0x1A9874;0x167CB0;0x167E80;0x167D50
FN_libARSPM_001E5454,0x1E5454,sub_1E5454,0x34712C,
FN_libARSPM_001E5460,0x1E5460,sub_1E5460,0x34712C;0x34712C,
FN_libARSPM_001E5470,0x1E5470,sub_1E5470,0x1E5BFC;0x1E5BFC;0x1E6410,0x167CA8;0x167D68;0x4ECB10;0x136CD8;0x167EC8;0x167D50;0x167CB0;0x167DE0;0x167CB0;0x4ECA80
FN_libARSPM_001E5648,0x1E5648,sub_1E5648,,0x1A0D64;0x1A0F44;0x167F28;0x135B2C;0x4ECAB0;0x136DB8;0x1B5C94;0x4ECAE0;0x168238;0x1A0D90
FN_libARSPM_001E5894,0x1E5894,sub_1E5894,0x1E7C7C;0x1E7CEC;0x1E7D5C;0x1E7DD8;0x34712C;0x34712C;0x34712C;0x34712C;0x34712C;0x34712C,0x4ECA80
FN_libARSPM_001E58C8,0x1E58C8,sub_1E58C8,,0x134F28;0x1365B4;0x13502C
FN_libARSPM_001E597C,0x1E597C,sub_1E597C,,0x4ECAB0;0x136DB8;0x4ECAE0
FN_libARSPM_001E5A2C,0x1E5A2C,sub_1E5A2C,,0x4ECAB0;0x136DB8;0x4ECAE0;0x136D10
FN_libARSPM_001E5AC4,0x1E5AC4,sub_1E5AC4,,0x1E4D88;0x4ECB10
FN_libARSPM_001E5B5C,0x1E5B5C,sub_1E5B5C,,0x1E4D88;0x4ECB10
FN_libARSPM_001E5BFC,0x1E5BFC,sub_1E5BFC,,0x4ECAB0;0x136DB8;0x1E4AF0;0x1E4B00;0x14726C;0x4ECA80;0x4ECA80;0x4ECA80;0x1E5470;0x4ECB10
FN_libARSPM_001E5ED0,0x1E5ED0,sub_1E5ED0,,0x134F28;0x168130;0x167F28;0x135B2C;0x167CB0;0x4ECB10;0x167D08;0x1E4B08;0x1A9950;0x4ECB10
FN_libARSPM_001E6074,0x1E6074,sub_1E6074,0x34712C,0x4ECAB0;0x136DB8;0x1E77C8;0x167CA8;0x167CA8;0x167CA8;0x167CA8;0x1B5D2C;0x1E34DC;0x1BB308
FN_libARSPM_001E62BC,0x1E62BC,sub_1E62BC,0x1E6074;0x1E77C8;0x1E7938;0x1E79B4,0x167D68;0x167D68;0x167D68;0x167D68;0x4ECA80;0x4ECB10;0x14803C;0x148054
FN_libARSPM_001E63B4,0x1E63B4,sub_1E63B4,0x348140,0x19A5A4;0x4ECB10
FN_libARSPM_001E6410,0x1E6410,sub_1E6410,0x1B3DC4;0x1E7BD0;0x467DAC,0x1E5470;0x4ECB10;0x136CD8;0x1E686C;0x19A4B0;0x4ECB10;0x167CB0;0x4ECB10;0x136CD8
FN_libARSPM_001E65B0,0x1E65B0,sub_1E65B0,,0x19A4D8;0x4ECB10;0x136CD8;0x4ECB10;0x136CD8
FN_libARSPM_001E6658,0x1E6658,sub_1E6658,,0x19A4D8;0x4ECB10;0x136CD8;0x4ECB10;0x136CD8;0x1E689C
FN_libARSPM_001E686C,0x1E686C,sub_1E686C,0x1E5BFC;0x1E6410;0x1E7E48;0x1E81B8;0x1E81B8;0x34C81C,0x1E48BC
FN_libARSPM_001E689C,0x1E689C,sub_1E689C,0x1E6658;0x1E7F30,
FN_libARSPM_001E68B4,0x1E68B4,sub_1E68B4,,0x1A0D50
FN_libARSPM_001E68F0,0x1E68F0,sub_1E68F0,,0x134F28;0x168238;0x1E4928;0x135F24;0x167D08;0x135374;0x167CB0;0x135880;0x1E4AD4;0x134F60
FN_libARSPM_001E6AA4,0x1E6AA4,sub_1E6AA4,,0x167EC8;0x167D50;0x167CB0;0x168130;0x4ECB10;0x167CB0;0x167F28;0x135B2C;0x1E4998;0x1361AC
FN_libARSPM_001E6C38,0x1E6C38,sub_1E6C38,,0x4ECA80
FN_libARSPM_001E6D70,0x1E6D70,sub_1E6D70,,0x4ECA80;0x1E98C8;0x1D3370;0x4ECB10;0x161554;0x172A20;0x1756D8;0x1756D8;0x4ECA80;0x172A20
FN_libARSPM_001E72D4,0x1E72D4,sub_1E72D4,0x1E6D70;0x34D424,0x15FD70;0x163C10;0x4ECB10;0x4ECB10;0x1B5FF0;0x1D32C4;0x4ECB10
FN_libARSPM_001E751C,0x1E751C,sub_1E751C,,0x1E4AF0;0x4ECB10
FN_libARSPM_001E75A8,0x1E75A8,sub_1E75A8,,0x1E4AF0;0x4ECB10
FN_libARSPM_001E763C,0x1E763C,sub_1E763C,,0x1E4AF0;0x1E4B00;0x146908;0x14726C;0x1E4CF8;0x4ECA80;0x4ECB10
FN_libARSPM_001E7764,0x1E7764,sub_1E7764,,0x4ECB10
FN_libARSPM_001E77C8,0x1E77C8,sub_1E77C8,0x1E6074,0x168238;0x168238;0x168238;0x168238;0x1A0D3C;0x1BA598;0x1BA708;0x1E62BC;0x1BB474;0x4ECB10
FN_libARSPM_001E7938,0x1E7938,sub_1E7938,,0x136A58;0x1E62BC;0x136BB0
FN_libARSPM_001E79B4,0x1E79B4,sub_1E79B4,0x1E6074,0x1A0D3C;0x1BA598;0x168238;0x168238;0x168238;0x168238;0x1E62BC;0x136A58;0x1BAD28;0x1BB560
FN_libARSPM_001E7AF4,0x1E7AF4,sub_1E7AF4,0x1E7B70,0x136BB0;0x4ECB10;0x14803C;0x148054;0x167CB0;0x167CB0;0x167CB0
FN_libARSPM_001E7B70,0x1E7B70,sub_1E7B70,,0x1E7AF4
FN_libARSPM_001E7BD0,0x1E7BD0,sub_1E7BD0,0x1B3DC4;0x1B3DC4;0x1B3DC4,0x1B5D80;0x1E6410;0x4ECB10;0x14803C;0x148054
FN_libARSPM_001E7C7C,0x1E7C7C,sub_1E7C7C,0x34712C,0x1E5894;0x4ECB10;0x136CD8
FN_libARSPM_001E7CEC,0x1E7CEC,sub_1E7CEC,0x34712C,0x1E5894;0x4ECB10;0x136CD8
FN_libARSPM_001E7D5C,0x1E7D5C,sub_1E7D5C,0x34712C,0x1E5894;0x4ECB10;0x136CD8
FN_libARSPM_001E7DD8,0x1E7DD8,sub_1E7DD8,0x34712C,0x1E5894;0x4ECB10;0x136CD8
FN_libARSPM_001E7E48,0x1E7E48,sub_1E7E48,0x1E8AAC;0x1E8BB8;0x1E8D68,0x1E686C;0x134F28;0x135D80
FN_libARSPM_001E7EBC,0x1E7EBC,sub_1E7EBC,,0x4ECB10;0x14803C
FN_libARSPM_001E7F00,0x1E7F00,sub_1E7F00,,0x13502C
FN_libARSPM_001E7F30,0x1E7F30,sub_1E7F30,,0x13502C;0x1E689C
FN_libARSPM_001E7F68,0x1E7F68,sub_1E7F68,,0x134F60;0x1365B4;0x13502C
FN_libARSPM_001E7FF0,0x1E7FF0,sub_1E7FF0,,0x135094
FN_libARSPM_001E8010,0x1E8010,sub_1E8010,,0x1E807C;0x1368C8;0x13502C;0x13502C
FN_libARSPM_001E807C,0x1E807C,sub_1E807C,0x1E8010;0x1E81B8,0x167D08;0x134F28;0x167F28;0x135B2C;0x1361BC;0x134F28;0x1361AC;0x134FD4;0x13502C;0x167CB0
FN_libARSPM_001E81B8,0x1E81B8,sub_1E81B8,,0x1E807C;0x1368C8;0x134F28;0x13635C;0x136010;0x1E686C;0x134F60;0x1E5004;0x136BB0;0x4ECB10
FN_libARSPM_001E8544,0x1E8544,sub_1E8544,0x1ECB78;0x326330,0x167F28
FN_libARSPM_001E8604,0x1E8604,sub_1E8604,0x1EA4E8,
FN_libARSPM_001E860C,0x1E860C,sub_1E860C,,0x13618C;0x1355DC;0x135374;0x4ECA80;0x135634;0x4ECB10
FN_libARSPM_001E86E4,0x1E86E4,sub_1E86E4,,0x168238;0x1362C0;0x134F28;0x167EC8;0x167D50;0x167CB0;0x4ECA80;0x168130;0x167F28;0x135B2C
FN_libARSPM_001E8848,0x1E8848,sub_1E8848,,0x167D08;0x1A9950;0x4ECB10;0x1E8AA4;0x167CB0
FN_libARSPM_001E8930,0x1E8930,sub_1E8930,,0x167F28;0x136BB0;0x168238;0x1362C0;0x1E8AAC;0x167CB0;0x1A16BC
FN_libARSPM_001E8A8C,0x1E8A8C,sub_1E8A8C,0x266334,
FN_libARSPM_001E8AA4,0x1E8AA4,sub_1E8AA4,0x1E8848,
FN_libARSPM_001E8AAC,0x1E8AAC,sub_1E8AAC,0x1E81B8;0x1E8930,0x1E8C80;0x148194;0x1E7E48;0x4ECB10;0x14803C;0x148054;0x4ECB10;0x14803C;0x148054
FN_libARSPM_001E8BB8,0x1E8BB8,sub_1E8BB8,0x1E4D88;0x468038;0x468038,0x1E8C80;0x1E7E48;0x4ECB10;0x14803C;0x148054
FN_libARSPM_001E8C80,0x1E8C80,sub_1E8C80,0x1E8AAC;0x1E8BB8;0x1E8D68,0x134F28;0x135374;0x135574;0x167FA8;0x13502C
FN_libARSPM_001E8D68,0x1E8D68,sub_1E8D68,0x1E211C;0x1E9114,0x1E8C80;0x148488;0x1E7E48;0x4ECB10;0x14803C;0x148054;0x4ECB10;0x14803C;0x148054
FN_libARSPM_001E8E74,0x1E8E74,sub_1E8E74,0x3BFDE4;0x3BFDE4,0x1A9568;0x1349B8;0x1348D0;0x2666F8
FN_libARSPM_001E9058,0x1E9058,sub_1E9058,0x30D80C,0x1A9568
FN_libARSPM_001E9114,0x1E9114,sub_1E9114,0x1E68F0;0x1E9E04,0x18B76C;0x18C3A0;0x1680F4;0x1680F4;0x146CF8;0x1E8D68;0x167CB0;0x167D08;0x167D68;0x1EA868
FN_libARSPM_001E98C8,0x1E98C8,sub_1E98C8,0x137610;0x142E84;0x14B6A8;0x1574E8;0x15774C;0x157D4C;0x158008;0x158FF4;0x1595F0;0x1599F4,
FN_libARSPM_001E98D0,0x1E98D0,sub_1E98D0,0x131A10;0x143354;0x15D0AC;0x1667A4;0x1D4688;0x1D4688;0x21CAB0;0x2DC2C4;0x3A6AE0,
FN_libARSPM_001E98D8,0x1E98D8,sub_1E98D8,0x137718;0x142DA8;0x142E84;0x1458E4;0x14885C;0x149A2C;0x14A4A4;0x14B6A8;0x14DACC;0x14DACC,
FN_libARSPM_001E98E4,0x1E98E4,sub_1E98E4,0x13A230;0x262140;0x3A6AE0,
FN_libARSPM_001E98F0,0x1E98F0,sub_1E98F0,0x1E9C80,
FN_libARSPM_001E992C,0x1E992C,sub_1E992C,0x1E9CB0,
FN_libARSPM_001E9970,0x1E9970,sub_1E9970,0x12CC60;0x12D3AC;0x12F0E4;0x12F1C4;0x12F2BC;0x12F454;0x1E50BC;0x1E9114;0x1E9114;0x21CD70,
FN_libARSPM_001E99DC,0x1E99DC,sub_1E99DC,0x1E9114;0x1E9114;0x1E9D74;0x21CDF4;0x34712C,0x4ECB10;0x4ECB10;0x4ECA80
FN_libARSPM_001E9AA4,0x1E9AA4,sub_1E9AA4,0x1E9E04,
FN_libARSPM_001E9B14,0x1E9B14,sub_1E9B14,0x1E9E04,0x168238;0x1362C0;0x137B94;0x167CB0
FN_libARSPM_001E9BE0,0x1E9BE0,sub_1E9BE0,0x12CC60;0x12D3AC,0x2D576C;0x2D5720
FN_libARSPM_001E9C80,0x1E9C80,sub_1E9C80,0x1EA94C;0x3A61B0;0x3A77D0,0x1E98F0
FN_libARSPM_001E9CB0,0x1E9CB0,sub_1E9CB0,0x1EA6D4,0x1E992C
FN_libARSPM_001E9CE0,0x1E9CE0,sub_1E9CE0,0x1EAA4C;0x3A5FA0,0x4ECB10
FN_libARSPM_001E9D74,0x1E9D74,sub_1E9D74,0x3A6D6C,0x1E99DC;0x13E57C;0x4ECB10
FN_libARSPM_001E9E04,0x1E9E04,sub_1E9E04,,0x134F28;0x168238;0x1E9AA4;0x135F24;0x167D08;0x135374;0x167CB0;0x167CB0;0x135880;0x1E9B14
FN_libARSPM_001E9FE0,0x1E9FE0,sub_1E9FE0,0x13D254;0x13D4A4;0x13E240,
FN_libARSPM_001EA004,0x1EA004,sub_1EA004,0x137064;0x1377E8;0x13CF4C;0x13D254;0x13D374;0x13D4A4;0x13D568;0x13D614;0x13D884;0x13D920,0x4ECB10;0x4ECB10
FN_libARSPM_001EA12C,0x1EA12C,sub_1EA12C,0x1402B0;0x1D4688,0x167F28;0x167F48
FN_libARSPM_001EA228,0x1EA228,sub_1EA228,,0x142DA8
FN_libARSPM_001EA260,0x1EA260,sub_1EA260,,0x16A46C;0x1EA94C;0x4ECB10
FN_libARSPM_001EA350,0x1EA350,sub_1EA350,,0x1368C8;0x13E57C;0x4ECB10
FN_libARSPM_001EA3E0,0x1EA3E0,sub_1EA3E0,,0x134F28;0x167D08;0x135828;0x167CB0;0x136678;0x1361AC;0x1368C8;0x13502C;0x1A0AA8
FN_libARSPM_001EA4E8,0x1EA4E8,sub_1EA4E8,,0x4ECB10;0x4ECB10;0x4ECA80;0x1E8604;0x134F60;0x1357D8;0x167FA8;0x13502C;0x1357D8;0x13502C
FN_libARSPM_001EA6D4,0x1EA6D4,sub_1EA6D4,,0x167F28;0x167F48;0x1E9CB0;0x134F28;0x135D80
FN_libARSPM_001EA858,0x1EA858,sub_1EA858,0x12CC60;0x1E50BC;0x266334,
FN_libARSPM_001EA868,0x1EA868,sub_1EA868,0x1E9114;0x1E9114;0x21CDF4,0x16A46C;0x1EA94C;0x4ECB10
FN_libARSPM_001EA94C,0x1EA94C,sub_1EA94C,0x1EA260;0x1EA868,0x1E9C80;0x134F28;0x135374;0x135634;0x4ECB10
FN_libARSPM_001EAA1C,0x1EAA1C,sub_1EAA1C,,0x13502C
FN_libARSPM_001EAA4C,0x1EAA4C,sub_1EAA4C,,0x13502C;0x1E9CE0
FN_libARSPM_001EAA84,0x1EAA84,sub_1EAA84,,0x167D08
FN_libARSPM_001EAAB8,0x1EAAB8,sub_1EAAB8,,0x1B4CAC;0x1B4CAC;0x1B295C;0x1B2CA8;0x1B4CAC;0x4ECB10;0x1B295C;0x1EBE10;0x1B295C;0x4ECB10
FN_libARSPM_001EAD9C,0x1EAD9C,sub_1EAD9C,0x1599F4;0x1EAAB8;0x25121C,0x1F3C90;0x1F3C90;0x1BE3F4;0x4ECB10;0x14803C;0x148054;0x4ECB10;0x4ECB10;0x4ECB10;0x4ECB10
FN_libARSPM_001EB0D0,0x1EB0D0,sub_1EB0D0,0x1AD394;0x1ECB78;0x2DE47C;0x48869C;0x48869C;0x48C828;0x4AEDA4;0x4AF704,0x1F3C90
FN_libARSPM_001EB21C,0x1EB21C,sub_1EB21C,,0x14130C;0x1AD854;0x1AD854;0x1AD854;0x1AD854;0x140BE0
FN_libARSPM_001EB358,0x1EB358,sub_1EB358,0x21BF20,0x15AC60
FN_libARSPM_001EB394,0x1EB394,sub_1EB394,,0x4ECB10;0x4ECB10
FN_libARSPM_001EB40C,0x1EB40C,sub_1EB40C,,0x4ECB10;0x4ECB10;0x1F3CA8
FN_libARSPM_001EB4EC,0x1EB4EC,sub_1EB4EC,0x18CA34;0x1F37A4,0x1F3C90
FN_libARSPM_001EB54C,0x1EB54C,sub_1EB54C,,0x1B4CAC;0x1B4CAC;0x4ECA80;0x4ECA80;0x1F3C90;0x4ECB10;0x4ECB10;0x4ECB10
FN_libARSPM_001EB65C,0x1EB65C,sub_1EB65C,,0x4ECA80;0x146020;0x4ECB10
FN_libARSPM_001EB73C,0x1EB73C,sub_1EB73C,,0x14130C;0x1AD854
FN_libARSPM_001EB81C,0x1EB81C,sub_1EB81C,,0x4ECB10;0x4ECB10
FN_libARSPM_001EB8A0,0x1EB8A0,sub_1EB8A0,,0x4ECB10;0x4ECB10;0x1F3CA8
FN_libARSPM_001EB95C,0x1EB95C,sub_1EB95C,,0x1B2B9C;0x1F3C90
FN_libARSPM_001EB9AC,0x1EB9AC,sub_1EB9AC,,0x1B2F78;0x1B2ACC;0x1B3C48;0x14701C;0x4ECB10;0x14803C;0x148054;0x1F3C90;0x4ECB10
FN_libARSPM_001EBB08,0x1EBB08,sub_1EBB08,0x1599F4;0x220D90;0x220D90;0x2212F8;0x2218DC;0x221ED8;0x222630;0x222764;0x264864;0x4DE48C,0x1F3C90
FN_libARSPM_001EBBBC,0x1EBBBC,sub_1EBBBC,,0x146FB0;0x4ECB10;0x14803C;0x148054
FN_libARSPM_001EBCBC,0x1EBCBC,sub_1EBCBC,,0x145ED8;0x146908;0x147468;0x147628;0x1ADC70
FN_libARSPM_001EBD58,0x1EBD58,sub_1EBD58,,0x147468;0x147628;0x1ADC70
FN_libARSPM_001EBDE8,0x1EBDE8,sub_1EBDE8,0x21BF20,
FN_libARSPM_001EBDFC,0x1EBDFC,sub_1EBDFC,0x21BF20,
FN_libARSPM_001EBE10,0x1EBE10,sub_1EBE10,0x1EAAB8;0x25121C;0x25121C;0x258F58;0x487184;0x48F534;0x4DA9B4,0x1F3C90
FN_libARSPM_001EBE5C,0x1EBE5C,sub_1EBE5C,,0x1F3CA8
FN_libARSPM_001EBEB8,0x1EBEB8,sub_1EBEB8,,0x4ECB10
FN_libARSPM_001EBF08,0x1EBF08,sub_1EBF08,,0x4ECB10;0x1F3CA8
FN_libARSPM_001EBF9C,0x1EBF9C,sub_1EBF9C,0x326FAC,0x1B2B40;0x1B295C;0x1B2B40;0x1B295C;0x1B2ACC;0x1B3388;0x1B3158;0x1B3DC4;0x1B2ACC;0x1EC7D8
FN_libARSPM_001EC328,0x1EC328,sub_1EC328,0x1E4B10;0x1E4BA4;0x1E4C48;0x1E50BC,0x1EC7D8;0x4ECB10
FN_libARSPM_001EC448,0x1EC448,sub_1EC448,,0x1E4AF8
FN_libARSPM_001EC490,0x1EC490,sub_1EC490,,0x1E4AF8;0x1E4AF0;0x1E4FF8;0x1EC618;0x1EC6B8;0x1E4B00;0x1F3E98;0x1EE430
FN_libARSPM_001EC618,0x1EC618,sub_1EC618,0x1EC490,0x1734FC;0x1726D8;0x173B3C;0x172690
FN_libARSPM_001EC6B8,0x1EC6B8,sub_1EC6B8,0x1EC490,0x1726D8;0x174980
FN_libARSPM_001EC77C,0x1EC77C,sub_1EC77C,,0x1756D8
FN_libARSPM_001EC7D8,0x1EC7D8,sub_1EC7D8,0x1D43B0;0x1EBF9C;0x1EC328;0x1ECB78,0x1ECA30
FN_libARSPM_001EC8E4,0x1EC8E4,sub_1EC8E4,0x1EBF9C,0x4ECA80;0x1F3C90;0x1726D8;0x1F3C90
FN_libARSPM_001ECA30,0x1ECA30,sub_1ECA30,0x1EC7D8,0x1F3C90;0x1726D8;0x1F3C90
FN_libARSPM_001ECB78,0x1ECB78,sub_1ECB78,0x144458;0x14B958;0x14BE8C,0x1E8544;0x1EC7D8;0x4ECB10;0x4ECB10;0x18BF24;0x1EB0D0;0x4ECB10;0x4ECB10;0x4ECB10;0x4ECB10
FN_libARSPM_001ECDB4,0x1ECDB4,sub_1ECDB4,0x21BF20,
FN_libARSPM_001ECDC8,0x1ECDC8,sub_1ECDC8,,0x1E4FF8;0x1734FC;0x1726D8;0x173B3C;0x17260C;0x1EFC94;0x168238;0x167D08;0x167DE0;0x167CB0
FN_libARSPM_001ED3A0,0x1ED3A0,sub_1ED3A0,0x1ECDC8;0x1ECDC8,0x14130C;0x167F48;0x14130C;0x14130C;0x14130C
FN_libARSPM_001ED6CC,0x1ED6CC,sub_1ED6CC,0x1ECDC8,0x1A99D0;0x1AD854;0x1ADB30;0x14130C;0x147468
FN_libARSPM_001ED844,0x1ED844,sub_1ED844,0x1ECDC8;0x1ECDC8,0x1AD854;0x1AD854;0x1AD854;0x1EE054;0x1AD854;0x1AD854;0x1AD854;0x1EE054;0x1AD854;0x1AD854
FN_libARSPM_001EDF7C,0x1EDF7C,sub_1EDF7C,,0x4ECB10
FN_libARSPM_001EDFD4,0x1EDFD4,sub_1EDFD4,,0x4ECB10;0x1F3CA8
FN_libARSPM_001EE054,0x1EE054,sub_1EE054,0x1ED844;0x1ED844;0x1ED844;0x1ED844;0x1ED844;0x1ED844;0x1ED844;0x1ED844;0x1ED844;0x1ED844,0x1AD854;0x1AD854;0x1AD854;0x1AD854;0x1AD854;0x1AD854;0x1AD854;0x1AD854;0x3EC358;0x1AECBC
FN_libARSPM_001EE354,0x1EE354,sub_1EE354,,0x1F3C90
FN_libARSPM_001EE390,0x1EE390,sub_1EE390,0x1EBF9C;0x21C448;0x21C76C,0x1F3C90
FN_libARSPM_001EE3CC,0x1EE3CC,sub_1EE3CC,0x21BF20,
FN_libARSPM_001EE3E0,0x1EE3E0,sub_1EE3E0,,0x1F3CA8
FN_libARSPM_001EE430,0x1EE430,sub_1EE430,0x1EC490,0x1734FC;0x1726D8;0x173B3C;0x172690;0x141420;0x141288;0x1EE790;0x1EE800;0x1EEB1C;0x141420
FN_libARSPM_001EE614,0x1EE614,sub_1EE614,,0x1416F0;0x167CB0
FN_libARSPM_001EE678,0x1EE678,sub_1EE678,,0x1F3E90
FN_libARSPM_001EE6A4,0x1EE6A4,sub_1EE6A4,,0x1EF7F0
FN_libARSPM_001EE790,0x1EE790,sub_1EE790,0x1EE430,0x168238
FN_libARSPM_001EE800,0x1EE800,sub_1EE800,0x1EE430,0x1A9820;0x1EFC94;0x167D08;0x167DE0;0x167CB0;0x172B8C;0x1726D8;0x1726D8;0x173B3C;0x172E5C
FN_libARSPM_001EEB1C,0x1EEB1C,sub_1EEB1C,0x1EE430,0x1726D8;0x1726D8;0x1EFD68;0x1726D8;0x1EEF68
FN_libARSPM_001EEF68,0x1EEF68,sub_1EEF68,0x1EEB1C,
FN_libARSPM_001EEF74,0x1EEF74,sub_1EEF74,,0x1726D8;0x1726D8;0x1726D8
FN_libARSPM_001EF2F4,0x1EF2F4,sub_1EF2F4,,0x1726D8
FN_libARSPM_001EF7F0,0x1EF7F0,sub_1EF7F0,0x1EE6A4,0x1726D8
FN_libARSPM_001EF854,0x1EF854,sub_1EF854,0x1EFC94,0x168238;0x168238;0x134F28;0x1756F0;0x1A959C;0x1A9874;0x136A58;0x1A0D64;0x1A0FB8;0x1A10C0
FN_libARSPM_001EFC94,0x1EFC94,sub_1EFC94,0x1ECDC8;0x1EE800,0x141420;0x141288;0x1EF854
FN_libARSPM_001EFD1C,0x1EFD1C,sub_1EFD1C,,0x136BB0;0x13502C;0x167CB0;0x167CB0
FN_libARSPM_001EFD68,0x1EFD68,sub_1EFD68,0x1EEB1C,
FN_libARSPM_001EFD74,0x1EFD74,sub_1EFD74,,0x1726D8
FN_libARSPM_001F282C,0x1F282C,sub_1F282C,,0x1734FC
FN_libARSPM_001F28B4,0x1F28B4,sub_1F28B4,,0x1B3158;0x1B4CAC;0x1F3648;0x4ECB10
FN_libARSPM_001F29A0,0x1F29A0,sub_1F29A0,,0x1F3BD8;0x1E98D8;0x1E98D8;0x1F3CFC
FN_libARSPM_001F2A64,0x1F2A64,sub_1F2A64,,0x1F363C;0x1734FC
FN_libARSPM_001F2B00,0x1F2B00,sub_1F2B00,,0x1F3BD8
FN_libARSPM_001F2B54,0x1F2B54,sub_1F2B54,0x1F4168,0x1F3C90
FN_libARSPM_001F2BD8,0x1F2BD8,sub_1F2BD8,,0x4ECB10
FN_libARSPM_001F2C24,0x1F2C24,sub_1F2C24,,0x4ECB10;0x1F3CA8
FN_libARSPM_001F2C98,0x1F2C98,sub_1F2C98,,0x4ECA80
FN_libARSPM_001F2CE4,0x1F2CE4,sub_1F2CE4,,0x4ECB10
FN_libARSPM_001F2D30,0x1F2D30,sub_1F2D30,,0x4ECB10;0x1F3CA8
FN_libARSPM_001F2DA8,0x1F2DA8,sub_1F2DA8,0x1BF9B4,0x1F3C90;0x4ECA80;0x1BF1D8
FN_libARSPM_001F2E80,0x1F2E80,sub_1F2E80,0x2F3F74,0x4ECA80;0x167C58
FN_libARSPM_001F2EF0,0x1F2EF0,sub_1F2EF0,,0x1BFAB4;0x1BCCE0;0x4ECB10;0x1BC48C;0x1F38B4;0x4ECA80;0x1BC5D8;0x4ECB10;0x14803C;0x148054
FN_libARSPM_001F30F4,0x1F30F4,sub_1F30F4,,0x1BE294;0x4ECA80;0x4ECB10;0x14803C;0x148054;0x1BD0C8;0x167C58
FN_libARSPM_001F3218,0x1F3218,sub_1F3218,,0x1B295C;0x1D8FA8;0x1B2F34;0x1B3C48;0x1B2CA8;0x1B3158;0x1D91C4;0x1BDC74;0x1D93F8;0x1B295C
FN_libARSPM_001F3498,0x1F3498,sub_1F3498,0x1F35E0,0x4ECB10;0x4ECB10;0x14803C;0x148054;0x4ECB10;0x4ECB10
FN_libARSPM_001F35E0,0x1F35E0,sub_1F35E0,,0x1F3498
FN_libARSPM_001F363C,0x1F363C,sub_1F363C,0x1F2A64,
FN_libARSPM_001F3648,0x1F3648,sub_1F3648,0x149F6C;0x165B58;0x1660D8;0x1F28B4;0x48869C;0x4AF184;0x4AF704,0x1726D8;0x1734FC;0x4ECA80;0x1F3C90;0x4ECB10;0x4ECA80
FN_libARSPM_001F37A4,0x1F37A4,sub_1F37A4,0x1660D8;0x1F41F8;0x4DE48C;0x4DE48C,0x4ECA80;0x1EB4EC;0x4ECB10;0x4ECB10
FN_libARSPM_001F3874,0x1F3874,sub_1F3874,0x14DACC;0x1BFD90;0x2CEFF8;0x2F381C;0x2F381C;0x2F398C;0x2F3F74;0x2F3F74;0x2F6F34,
FN_libARSPM_001F38B4,0x1F38B4,sub_1F38B4,0x1ECDC8;0x1F2EF0;0x1F4498;0x21C258;0x21F844,0x173B3C;0x1734FC;0x1726D8;0x172690;0x1734FC;0x1AD854;0x1ADF2C;0x1756D8
FN_libARSPM_001F3A80,0x1F3A80,sub_1F3A80,0x2F3F74;0x2F3F74;0x2F3F74;0x2F3F74;0x344568,0x1726D8;0x173B3C;0x1756D8;0x172690;0x1734FC
FN_libARSPM_001F3B70,0x1F3B70,sub_1F3B70,0x2F3F74;0x2F3F74,0x1756D8
FN_libARSPM_001F3BD8,0x1F3BD8,sub_1F3BD8,0x1F29A0;0x1F2B00;0x2F3F74;0x2F3F74,0x1734FC;0x1734FC
FN_libARSPM_001F3C90,0x1F3C90,sub_1F3C90,0x1599F4;0x1BE61C;0x1EAAB8;0x1EAD9C;0x1EAD9C;0x1EB0D0;0x1EB4EC;0x1EB54C;0x1EB95C;0x1EB9AC,
FN_libARSPM_001F3CA8,0x1F3CA8,sub_1F3CA8,0x1EB40C;0x1EB8A0;0x1EBE5C;0x1EBF08;0x1EDFD4;0x1EE3E0;0x1F2C24;0x1F2D30;0x1F453C;0x1F475C,
FN_libARSPM_001F3CB4,0x1F3CB4,sub_1F3CB4,0x18C9B0,
FN_libARSPM_001F3CFC,0x1F3CFC,sub_1F3CFC,0x14DACC;0x1F29A0;0x1F3F74;0x21D2A0,0x1734FC;0x1726AC;0x1726D8;0x173B3C
FN_libARSPM_001F3DDC,0x1F3DDC,sub_1F3DDC,0x1EE430;0x222E88,0x1734FC;0x1726D8;0x173B3C;0x172690
FN_libARSPM_001F3E90,0x1F3E90,sub_1F3E90,0x1EE678;0x2231DC,
FN_libARSPM_001F3E98,0x1F3E98,sub_1F3E98,0x1EC490,0x147468
FN_libARSPM_001F3F0C,0x1F3F0C,sub_1F3F0C,0x158FF4;0x1B0C0C;0x1B0EA0,
FN_libARSPM_001F3F74,0x1F3F74,sub_1F3F74,,0x146908;0x1E98D8;0x1E98D8;0x141420;0x141288;0x4ECA80;0x4ECB10;0x1F3CFC;0x1AD854;0x1AD854
FN_libARSPM_001F4168,0x1F4168,sub_1F4168,0x13B514,0x4ECA80;0x1F2B54;0x4ECB10
FN_libARSPM_001F41F8,0x1F41F8,sub_1F41F8,0x13B514,0x212648;0x1F37A4;0x4ECB10
FN_libARSPM_001F426C,0x1F426C,sub_1F426C,,0x145FA8
FN_libARSPM_001F4304,0x1F4304,sub_1F4304,,0x4ECB10
FN_libARSPM_001F4350,0x1F4350,sub_1F4350,0x158FF4;0x1599F4,0x1F3C90;0x1756D8
FN_libARSPM_001F43AC,0x1F43AC,sub_1F43AC,0x158FF4;0x1599F4,0x1726D8;0x173B3C;0x172690;0x1726AC
FN_libARSPM_001F4498,0x1F4498,sub_1F4498,,0x1F38B4;0x1AD854
FN_libARSPM_001F453C,0x1F453C,sub_1F453C,,0x1F3CA8
FN_libARSPM_001F4588,0x1F4588,sub_1F4588,,0x1AD854;0x1AD854;0x1AD854
FN_libARSPM_001F45E8,0x1F45E8,sub_1F45E8,0x1599F4,0x172690;0x1726D8;0x173B3C;0x172690;0x1734FC
FN_libARSPM_001F475C,0x1F475C,sub_1F475C,,0x1F3CA8
FN_libARSPM_001F47A0,0x1F47A0,sub_1F47A0,0x13EBE0;0x149F6C,0x4ECA80
FN_libARSPM_001F480C,0x1F480C,sub_1F480C,0x3FCEAC,
FN_libARSPM_001F4824,0x1F4824,sub_1F4824,0x3FCEAC,
FN_libARSPM_001F4868,0x1F4868,sub_1F4868,0x3FE058,
FN_libARSPM_001F4878,0x1F4878,sub_1F4878,0x204974;0x204974,0x1DE0A4;0x1DEDE0;0x1DEDA4;0x1DED68;0x1DE1DC;0x1DE0B8
FN_libARSPM_001F4AB0,0x1F4AB0,sub_1F4AB0,0x13EBE0;0x149F6C;0x149F6C,0x1F4B38
FN_libARSPM_001F4B38,0x1F4B38,sub_1F4B38,0x1F4AB0,0x15F0E4;0x172EF0;0x174980;0x1B6360;0x1D760C;0x1D7AC8;0x1D7B68;0x172EF0;0x172D64;0x174980
FN_libARSPM_001F4E2C,0x1F4E2C,sub_1F4E2C,0x1F4F2C,0x14E8AC;0x2666F8;0x14E8AC;0x2666F8;0x4ECB10
FN_libARSPM_001F4F2C,0x1F4F2C,sub_1F4F2C,0x13E7A0,0x1DDFD8;0x1DDFE8;0x1DE094;0x1DE094;0x1DE094;0x1F4E2C;0x1DDFD8;0x1F54C0;0x1DDFE8;0x1DE094
FN_libARSPM_001F54AC,0x1F54AC,sub_1F54AC,0x4A5098;0x4A568C,0x15E638
FN_libARSPM_001F54C0,0x1F54C0,sub_1F54C0,0x1F4F2C,0x4ECA80;0x4ECB10;0x1F56E8;0x15E650
FN_libARSPM_001F56E8,0x1F56E8,sub_1F56E8,0x1F54C0,0x15E638
FN_libARSPM_001F56FC,0x1F56FC,sub_1F56FC,0x3F4720;0x3F4884;0x3F4D24;0x3F6ECC;0x3F6ECC;0x3F6ECC;0x3F7268;0x3F7268;0x3F7268;0x3F85B8,
FN_libARSPM_001F5760,0x1F5760,sub_1F5760,0x1D6FDC,
FN_libARSPM_001F5774,0x1F5774,sub_1F5774,0x3F4B98;0x3FC31C;0x3FC838;0x3FC838,0x1D7E30;0x1D7F9C;0x4ECB10;0x4ECB10;0x1D7364;0x1F5B3C
FN_libARSPM_001F5880,0x1F5880,sub_1F5880,0x3F4B98;0x3FC31C,0x4ECB10
FN_libARSPM_001F5910,0x1F5910,sub_1F5910,0x3F4B20;0x3FC680;0x3FCA1C,
FN_libARSPM_001F5938,0x1F5938,sub_1F5938,,0x1F5B3C
FN_libARSPM_001F5944,0x1F5944,sub_1F5944,0x3F4884;0x3F6ECC;0x3F7268,0x1C3520;0x1B295C;0x1F5C88;0x1D83D8;0x4ECB10;0x1C3504;0x1B295C;0x1D704C
FN_libARSPM_001F5A70,0x1F5A70,sub_1F5A70,0x3F798C;0x3F7C28;0x3F7F60;0x3F8220;0x3F83EC;0x3F85B8;0x3F9FD0,
FN_libARSPM_001F5A84,0x1F5A84,sub_1F5A84,0x3F798C;0x3F7C28;0x3F7F60;0x3F8220;0x3F83EC;0x3F85B8;0x3F9FD0,
FN_libARSPM_001F5A94,0x1F5A94,sub_1F5A94,,0x4ECB10
FN_libARSPM_001F5AE0,0x1F5AE0,sub_1F5AE0,,0x1D7364
FN_libARSPM_001F5B3C,0x1F5B3C,sub_1F5B3C,0x1F5774;0x1F5938,0x1C32D0;0x1C32A0
FN_libARSPM_001F5C88,0x1F5C88,sub_1F5C88,0x1F5944,
FN_libARSPM_001F5C90,0x1F5C90,sub_1F5C90,0x1FEB28;0x202430,0x4ECA80
FN_libARSPM_001F5CE4,0x1F5CE4,sub_1F5CE4,0x1F8AE0;0x2E23CC;0x318EE0;0x31AD1C;0x31AD1C;0x31AD1C;0x3E5EE4,0x4ECB10;0x14803C
FN_libARSPM_001F5D30,0x1F5D30,sub_1F5D30,0x1F7464;0x21C76C;0x21C76C;0x21C76C;0x262FF4,0x1B3B44;0x1B2B40;0x1B32D0;0x1B2CA8;0x1F84B0;0x1FE800;0x1FEA80;0x1F8878;0x1FEB28;0x1FE894
FN_libARSPM_001F5EC0,0x1F5EC0,sub_1F5EC0,0x1F62D8,0x1FAB04;0x1FB444;0x1FB468;0x1F6898;0x1F5FB8
FN_libARSPM_001F5FB8,0x1F5FB8,sub_1F5FB8,0x1F5EC0;0x1FE53C;0x202C44,0x4ECB10;0x2666F8;0x4ECB10;0x1E1554;0x2666F8;0x4ECB10;0x1DDEBC;0x1DDFD4;0x2666F8;0x4ECB10
FN_libARSPM_001F62D8,0x1F62D8,sub_1F62D8,0x1F72B8;0x21C9E8;0x263194,0x1F5EC0;0x148058;0x4ECB10;0x14803C;0x148054;0x4ECB10;0x14803C;0x148054;0x1F72B8;0x1F64D8
FN_libARSPM_001F64D8,0x1F64D8,sub_1F64D8,0x1F5D30;0x1F62D8;0x1F84B0;0x202C44;0x202DB0,0x4ECB10;0x4ECB10;0x2666F8;0x4ECB10;0x2666F8;0x4ECB10;0x1E1554;0x2666F8;0x4ECB10;0x1DDEBC
FN_libARSPM_001F6868,0x1F6868,sub_1F6868,0x1FF058;0x202774,
FN_libARSPM_001F6898,0x1F6898,sub_1F6898,0x1F5EC0;0x202C44,0x18D2E0;0x134F28;0x1348D0;0x4ECA80;0x1348D0;0x4ECA80;0x1348D0;0x4ECA80;0x1348D0;0x4ECA80
FN_libARSPM_001F6D90,0x1F6D90,sub_1F6D90,0x1F7464,0x4ECB10;0x14803C;0x148054
FN_libARSPM_001F6DE8,0x1F6DE8,sub_1F6DE8,0x1F6898,0x18B9C0;0x1348D0;0x2666F8;0x18B8BC
FN_libARSPM_001F6F1C,0x1F6F1C,sub_1F6F1C,0x1F6898,0x18D3DC;0x1348D0;0x2666F8;0x18D2E0
FN_libARSPM_001F7020,0x1F7020,sub_1F7020,0x1F72B8,0x1DEE1C;0x1E1148
FN_libARSPM_001F72B8,0x1F72B8,sub_1F72B8,0x1F62D8;0x202C44,0x4ECA80;0x1F62D8;0x4ECB10;0x1F7020
FN_libARSPM_001F7464,0x1F7464,sub_1F7464,0x1F84B0,0x1B295C;0x1F5D30;0x4ECB10;0x1B295C;0x1349B8;0x1348D0;0x2666F8;0x4ECB10;0x1B2BF8;0x1B295C
FN_libARSPM_001F7B0C,0x1F7B0C,sub_1F7B0C,0x1F7464;0x4ABE9C;0x4ABE9C,0x1349B8;0x1348D0;0x2666F8;0x18D2E0;0x1B295C;0x4ECB10;0x1DDEBC;0x1DDFD4;0x1B295C;0x1349B8
FN_libARSPM_001F8488,0x1F8488,sub_1F8488,,0x1B4CAC
FN_libARSPM_001F84B0,0x1F84B0,sub_1F84B0,0x1F5D30;0x202DB0,0x18D2E0;0x134F28;0x1B2B40;0x1B2B40;0x1F7464;0x1B295C;0x1F64D8
FN_libARSPM_001F85E0,0x1F85E0,sub_1F85E0,0x1F8AE0;0x1F8AE0;0x1F8AE0;0x1F8AE0;0x1F8AE0;0x1F8AE0;0x1F8AE0;0x1F8AE0;0x1F8AE0;0x1F8AE0,0x1B2BF8;0x1B295C
FN_libARSPM_001F8670,0x1F8670,sub_1F8670,0x1F8AE0;0x1F8AE0;0x1F8AE0;0x1F8AE0;0x1F8AE0;0x1F8AE0;0x1F8AE0;0x1F8AE0;0x1F8AE0;0x1F8AE0,0x1B2BF8;0x1B295C;0x1B295C;0x18B76C
FN_libARSPM_001F8788,0x1F8788,sub_1F8788,0x1F7464;0x1FAE74;0x1FAE74;0x1FBA0C;0x1FBD6C;0x1FBDF4;0x1FBE7C;0x1FC004;0x1FC0C8;0x1FC258,0x1349B8;0x1348D0;0x2666F8
FN_libARSPM_001F8878,0x1F8878,sub_1F8878,0x1F5D30;0x202DB0,0x1B2910;0x13BAA0;0x137BAC;0x1B2BF8;0x1B2BF8;0x1B295C;0x1F8AE0;0x1B2BF8;0x1B2BF8;0x1B295C
FN_libARSPM_001F8AE0,0x1F8AE0,sub_1F8AE0,0x1F8878;0x1F8878,0x1B2BF8;0x1B295C;0x1F85E0;0x1B3388;0x1F85E0;0x1FA3E8;0x1B2FD0;0x1B3388;0x1B30E4;0x169990
FN_libARSPM_001FA300,0x1FA300,sub_1FA300,0x1F8AE0;0x1F8AE0;0x1F8AE0,0x1B2BF8;0x1B295C
FN_libARSPM_001FA36C,0x1FA36C,sub_1FA36C,0x1F8AE0;0x1F8AE0;0x1F8AE0;0x1F8AE0,0x1B295C
FN_libARSPM_001FA3C0,0x1FA3C0,sub_1FA3C0,0x1F8AE0;0x1F8AE0;0x1F8AE0;0x1F8AE0,
FN_libARSPM_001FA3E8,0x1FA3E8,sub_1FA3E8,0x1F8AE0;0x1F8AE0;0x1F8AE0;0x1F8AE0;0x1F8AE0;0x1F8AE0;0x1F8AE0;0x1F8AE0;0x1F8AE0,0x1B2BF8;0x1B295C
FN_libARSPM_001FA460,0x1FA460,sub_1FA460,0x1F8AE0;0x1F8AE0;0x1F8AE0,0x1B2B40;0x1B295C
FN_libARSPM_001FA4AC,0x1FA4AC,sub_1FA4AC,0x265134,0x145ED8;0x13FCA8
FN_libARSPM_001FA4F0,0x1FA4F0,sub_1FA4F0,0x1F8AE0;0x1F8AE0,0x1B2BF8;0x1B295C
FN_libARSPM_001FA570,0x1FA570,sub_1FA570,0x1F8AE0,0x1401B4;0x1401D4
FN_libARSPM_001FA634,0x1FA634,sub_1FA634,0x1F8AE0,0x1348D0;0x2666F8
FN_libARSPM_001FA6F0,0x1FA6F0,sub_1FA6F0,0x1F8AE0,0x1FAA14
FN_libARSPM_001FA720,0x1FA720,sub_1FA720,0x1F8AE0,
FN_libARSPM_001FA72C,0x1FA72C,sub_1FA72C,,0x1401D4
FN_libARSPM_001FA77C,0x1FA77C,sub_1FA77C,0x1F8AE0,0x1B2B40;0x1B295C
FN_libARSPM_001FA7C8,0x1FA7C8,sub_1FA7C8,0x1F8AE0,0x1B2B40;0x1B295C
FN_libARSPM_001FA814,0x1FA814,sub_1FA814,0x1F8AE0;0x1F8AE0,0x1B2BF8;0x1B295C
FN_libARSPM_001FA894,0x1FA894,sub_1FA894,0x1F8AE0,0x1B2BF8;0x1B295C
FN_libARSPM_001FA914,0x1FA914,sub_1FA914,0x1F8AE0,0x1B2BF8;0x1B295C
FN_libARSPM_001FA994,0x1FA994,sub_1FA994,0x1F8AE0,0x1B2BF8;0x1B295C
FN_libARSPM_001FAA14,0x1FAA14,sub_1FAA14,0x1FA6F0,0x1349B8;0x1348D0;0x2666F8
FN_libARSPM_001FAB04,0x1FAB04,sub_1FAB04,0x1F5EC0,0x137610;0x1563CC;0x1563CC
FN_libARSPM_001FABAC,0x1FABAC,sub_1FABAC,0x202C44,0x137610;0x1563CC;0x1563CC
FN_libARSPM_001FAC68,0x1FAC68,sub_1FAC68,,0x1FAC94
FN_libARSPM_001FAC94,0x1FAC94,sub_1FAC94,0x1FAC68;0x1FADC0;0x1FAE74;0x1FB140;0x1FB22C;0x1FB298;0x1FB318;0x1FB4BC;0x1FB630;0x1FB8E4,0x13705C;0x1E3404;0x1E3404;0x1FE568;0x1E3404
FN_libARSPM_001FADC0,0x1FADC0,sub_1FADC0,,0x156714;0x1FAC94
FN_libARSPM_001FAE1C,0x1FAE1C,sub_1FAE1C,,0x156714;0x1FAE74
FN_libARSPM_001FAE74,0x1FAE74,sub_1FAE74,0x1FAE1C,0x1FAC94;0x1E3404;0x1E3404;0x1F8788;0x18B8BC;0x1E3404;0x18B76C;0x4ECA80;0x18BFB0;0x4ECB10
FN_libARSPM_001FB140,0x1FB140,sub_1FB140,,0x156714;0x1FAC94;0x1E3404;0x1E3404
FN_libARSPM_001FB22C,0x1FB22C,sub_1FB22C,,0x1FAC94
FN_libARSPM_001FB298,0x1FB298,sub_1FB298,,0x1FAC94;0x1E3404
FN_libARSPM_001FB318,0x1FB318,sub_1FB318,,0x1FAC94;0x1E3404
FN_libARSPM_001FB444,0x1FB444,sub_1FB444,0x1F5EC0;0x202C44,0x137BB4
FN_libARSPM_001FB468,0x1FB468,sub_1FB468,0x1F5EC0;0x202C44,
FN_libARSPM_001FB470,0x1FB470,sub_1FB470,,0x1FB4BC
FN_libARSPM_001FB4BC,0x1FB4BC,sub_1FB4BC,0x1FB470,0x1FAC94;0x1E3404;0x1E3404;0x1E3404
FN_libARSPM_001FB5E4,0x1FB5E4,sub_1FB5E4,,0x1FB630
FN_libARSPM_001FB630,0x1FB630,sub_1FB630,0x1FB5E4,0x1FAC94;0x1E3404;0x1AC00C;0x1E3404;0x1E3404
FN_libARSPM_001FB75C,0x1FB75C,sub_1FB75C,,0x1FB7B8;0x1FB8E4
FN_libARSPM_001FB7B8,0x1FB7B8,sub_1FB7B8,0x1FB75C;0x1FC5C8;0x1FDC3C,0x18DEFC;0x18D4D8;0x18D364;0x18D364;0x1FE594;0x1FE6E0;0x18D3DC;0x18D3DC
FN_libARSPM_001FB8E4,0x1FB8E4,sub_1FB8E4,0x1FB75C,0x1FAC94;0x1E3404;0x1E3404;0x1E3404
FN_libARSPM_001FBA0C,0x1FBA0C,sub_1FBA0C,,0x18B76C;0x4ECA80;0x18C0B8;0x4ECB10;0x1FAC94;0x1F8788;0x18B8BC;0x1E3404;0x1E3404;0x13B3F0
FN_libARSPM_001FBB80,0x1FBB80,sub_1FBB80,,0x1FBBBC
FN_libARSPM_001FBBBC,0x1FBBBC,sub_1FBBBC,0x1FBB80,0x1B81D8;0x1FAC94;0x1B81D8;0x1E3404;0x1B81D8;0x1E3404;0x1E3404
FN_libARSPM_001FBCFC,0x1FBCFC,sub_1FBCFC,,0x1FAC94;0x13ACB8
FN_libARSPM_001FBD6C,0x1FBD6C,sub_1FBD6C,,0x1FAC94;0x1F8788;0x18B8BC;0x1E3404
FN_libARSPM_001FBDF4,0x1FBDF4,sub_1FBDF4,,0x1FAC94;0x1F8788;0x18B8BC;0x1E3404
FN_libARSPM_001FBE7C,0x1FBE7C,sub_1FBE7C,,0x1FAC94;0x1F8788;0x18B8BC;0x1E3404;0x1E3404;0x1E3404;0x1E3404
FN_libARSPM_001FC004,0x1FC004,sub_1FC004,,0x1FAC94;0x1F8788;0x18B8BC;0x1E3404;0x1E3404
FN_libARSPM_001FC0C8,0x1FC0C8,sub_1FC0C8,,0x1FAC94;0x1F8788;0x18B8BC;0x1E3404;0x1E3404;0x1E3404;0x1E3404;0x1E3404
FN_libARSPM_001FC258,0x1FC258,sub_1FC258,,0x1FAC94;0x1F8788;0x18B8BC;0x1E3404;0x1E3404
FN_libARSPM_001FC31C,0x1FC31C,sub_1FC31C,,0x1B81D8;0x1FAC94;0x1F8788;0x18B8BC;0x1E3404;0x1B81D8;0x1E3404;0x1B81D8
FN_libARSPM_001FC3F8,0x1FC3F8,sub_1FC3F8,,0x1FAC94;0x1F8788;0x18B8BC;0x1E3404;0x1E3404;0x1AC00C
FN_libARSPM_001FC4C0,0x1FC4C0,sub_1FC4C0,,0x1FAC94;0x1F8788;0x18B8BC;0x1E3404;0x1E3404;0x1AC00C;0x1E3404;0x1AC00C
FN_libARSPM_001FC5C8,0x1FC5C8,sub_1FC5C8,,0x1FAC94;0x1F8788;0x18B8BC;0x1E3404;0x1FB7B8;0x1E3404
FN_libARSPM_001FC690,0x1FC690,sub_1FC690,,0x1FAC94;0x1F8788;0x18B8BC;0x1E3404;0x1E3404;0x1FC7E4;0x1E3404;0x1E3404;0x1E2F08
FN_libARSPM_001FC7E4,0x1FC7E4,sub_1FC7E4,0x1FC690;0x1FC948;0x1FCAD4;0x1FD95C;0x1FE15C,0x4ECA80;0x1349B8;0x1348D0;0x2666F8;0x1E3404
FN_libARSPM_001FC948,0x1FC948,sub_1FC948,,0x1FAC94;0x1F8788;0x18B8BC;0x1E3404;0x1E3404;0x1FC7E4;0x1E3404;0x1E3404;0x1E2F08;0x1E3404
FN_libARSPM_001FCAD4,0x1FCAD4,sub_1FCAD4,,0x142370;0x1FAC94;0x1F8788;0x18B8BC;0x1E3404;0x1E3404;0x1FC7E4;0x1E3404;0x142370;0x1E3404
FN_libARSPM_001FCC74,0x1FCC74,sub_1FCC74,,0x1FAC94;0x1F8788;0x18B8BC;0x1E3404;0x1FCD7C;0x1E3404;0x1E3404
FN_libARSPM_001FCD7C,0x1FCD7C,sub_1FCD7C,0x1FCC74,0x4ECA80;0x1349B8;0x1348D0;0x2666F8;0x1E3404
FN_libARSPM_001FCEE4,0x1FCEE4,sub_1FCEE4,,0x1FAC94;0x1FCF2C
FN_libARSPM_001FCF2C,0x1FCF2C,sub_1FCF2C,0x1FCEE4,0x4ECA80;0x1349B8;0x1348D0;0x2666F8;0x1E3404
FN_libARSPM_001FD094,0x1FD094,sub_1FD094,,0x1FAC94;0x1756D8;0x175834;0x1FAC94;0x1F8788;0x18B8BC;0x1E3404;0x1E3404;0x1E2E38;0x1FD1B0
FN_libARSPM_001FD1B0,0x1FD1B0,sub_1FD1B0,0x1FD094,0x4ECA80;0x1349B8;0x1348D0;0x2666F8;0x1E3404
FN_libARSPM_001FD318,0x1FD318,sub_1FD318,,0x175834;0x1FAC94;0x1E2E38;0x1FAC94;0x1FD3A0
FN_libARSPM_001FD3A0,0x1FD3A0,sub_1FD3A0,0x1FD318,0x4ECA80;0x1349B8;0x1348D0;0x2666F8;0x1E3404
FN_libARSPM_001FD500,0x1FD500,sub_1FD500,,0x1FAC94;0x1F8788;0x18B8BC;0x1E3404;0x1FD5FC;0x1E3404;0x1E3404
FN_libARSPM_001FD5FC,0x1FD5FC,sub_1FD5FC,0x1FD500,0x4ECA80;0x1349B8;0x1348D0;0x2666F8;0x1E3404
FN_libARSPM_001FD764,0x1FD764,sub_1FD764,,0x1FAC94;0x1F8788;0x18B8BC;0x1E3404;0x1E3404;0x1E3404;0x1E3404;0x1E3404;0x1E3404
FN_libARSPM_001FD95C,0x1FD95C,sub_1FD95C,,0x1FAC94;0x1F8788;0x18B8BC;0x1E3404;0x1E3404;0x1FC7E4;0x1E3404;0x1E3404;0x1E3404;0x1E3404
FN_libARSPM_001FDC3C,0x1FDC3C,sub_1FDC3C,,0x1FAC94;0x1FB7B8;0x1E3404;0x1E3404;0x1E3404;0x1E3404;0x1E3404;0x1E3404;0x1E3404
FN_libARSPM_001FDE38,0x1FDE38,sub_1FDE38,,0x1E33D8;0x1FAC94;0x1E3404;0x1E32B0;0x1E3404;0x1E3404
FN_libARSPM_001FDFD0,0x1FDFD0,sub_1FDFD0,,0x1FAC94;0x1E3404;0x1E3404;0x1E3404;0x1E3404;0x1E3404;0x1E3404
FN_libARSPM_001FE15C,0x1FE15C,sub_1FE15C,,0x14260C;0x1FAC94;0x1E3404;0x1F8788;0x18B8BC;0x1E3404;0x1E2F08;0x1E3404;0x1FC7E4;0x1E3404
FN_libARSPM_001FE53C,0x1FE53C,sub_1FE53C,,0x1F5FB8
FN_libARSPM_001FE568,0x1FE568,sub_1FE568,0x1FAC94,0x2CFAA0;0x2666C0
FN_libARSPM_001FE594,0x1FE594,sub_1FE594,0x1FB7B8,0x1FE6E0;0x18D3DC
FN_libARSPM_001FE6E0,0x1FE6E0,sub_1FE6E0,0x1FB7B8;0x1FE594,0x18DEFC;0x18D4D8;0x18D364;0x18D3DC;0x18D364
FN_libARSPM_001FE800,0x1FE800,sub_1FE800,0x15AB40;0x1F5D30;0x202DB0;0x47DDE4;0x47F4C0;0x47F4C0;0x48869C;0x48CB18;0x4E414C,0x203108;0x202FEC;0x140454
FN_libARSPM_001FE894,0x1FE894,sub_1FE894,0x15AB40;0x1F5D30;0x202DB0;0x47DDE4;0x47F4C0;0x47F4C0;0x48869C;0x48CB18;0x4E414C,0x4ECB10;0x202FEC;0x140454;0x4ECB10
FN_libARSPM_001FE954,0x1FE954,sub_1FE954,0x1FEA80;0x1FEA80,0x4ECB10;0x2031CC;0x14119C;0x4ECB10
FN_libARSPM_001FEA80,0x1FEA80,sub_1FEA80,0x15AB40;0x1F5D30;0x202DB0;0x47DDE4;0x47F4C0;0x47F4C0;0x48869C;0x48CB18;0x4E414C,0x1FE954;0x1FE954;0x4ECB10
FN_libARSPM_001FEB28,0x1FEB28,sub_1FEB28,0x15AB40;0x1F5D30;0x47DDE4;0x47F4C0;0x47F4C0;0x48869C;0x48CB18;0x4E414C,0x137398;0x1FF9A0;0x203068;0x1F5C90;0x14E8AC;0x1FFFDC;0x1B6360;0x2666F8;0x1FEDBC;0x4ECB10
FN_libARSPM_001FEDBC,0x1FEDBC,sub_1FEDBC,0x1FEB28,0x202430;0x4ECB10;0x4ECB10;0x2666F8;0x4ECB10
FN_libARSPM_001FEF24,0x1FEF24,sub_1FEF24,0x202DB0,0x137398;0x1FF9A0;0x14E8AC;0x1FFFDC;0x2666F8;0x15AA1C
FN_libARSPM_001FF058,0x1FF058,sub_1FF058,,0x1F6868
FN_libARSPM_001FF0A4,0x1FF0A4,sub_1FF0A4,,0x1FF2C0;0x1416F0;0x2666F8
FN_libARSPM_001FF124,0x1FF124,sub_1FF124,,0x1FF2C0;0x1416F0;0x2666F8
FN_libARSPM_001FF1AC,0x1FF1AC,sub_1FF1AC,0x20330C;0x2033BC;0x20346C;0x20364C;0x203728;0x2037F4;0x2038C0;0x2039B4;0x203A90;0x203B94,0x2666C4
FN_libARSPM_001FF220,0x1FF220,sub_1FF220,0x20262C;0x202878,
FN_libARSPM_001FF2C0,0x1FF2C0,sub_1FF2C0,0x1FF0A4;0x1FF124;0x1FF9CC;0x1FF9CC;0x1FF9CC;0x1FF9CC;0x1FFCE8;0x1FFCE8;0x1FFCE8,0x4ECB10;0x18D3DC;0x4ECB10;0x1DDEBC;0x1DDFD4;0x4ECB10;0x14803C;0x148054;0x4ECB10;0x1E1554
FN_libARSPM_001FF6D8,0x1FF6D8,sub_1FF6D8,0x1FF9A0,0x1FF9CC
FN_libARSPM_001FF808,0x1FF808,sub_1FF808,0x1FF9A0,0x1FFCE8
FN_libARSPM_001FF9A0,0x1FF9A0,sub_1FF9A0,0x1FEB28;0x1FEF24,0x1FF6D8;0x1FF808
FN_libARSPM_001FF9CC,0x1FF9CC,sub_1FF9CC,0x1FF6D8,0x1FFBC4;0x1FF2C0;0x1FF2C0;0x18C368;0x1FF2C0;0x1FF2C0;0x18C2F4
FN_libARSPM_001FFBC4,0x1FFBC4,sub_1FFBC4,0x1FF9CC;0x1FFCE8,0x18C368;0x145F0C;0x18C368;0x18C2D8
FN_libARSPM_001FFCE8,0x1FFCE8,sub_1FFCE8,0x1FF808,0x1FFBC4;0x1FF2C0;0x1FF2C0;0x1FF2C0
FN_libARSPM_001FFDD0,0x1FFDD0,sub_1FFDD0,0x202C44,0x137BAC;0x137BB4;0x13895C;0x13BAA0;0x200248;0x200248;0x13BAA0;0x200248;0x200248;0x137398
FN_libARSPM_001FFFDC,0x1FFFDC,sub_1FFFDC,0x1FEB28;0x1FEF24,0x1563CC;0x1563CC;0x1756D8;0x156714;0x2009D8;0x2000F4
FN_libARSPM_002000F4,0x2000F4,sub_2000F4,0x1FFFDC,0x1B6360;0x1563F8;0x1563F8
FN_libARSPM_00200248,0x200248,sub_200248,0x1FFDD0;0x1FFDD0;0x1FFDD0;0x1FFDD0,0x4ECA80;0x13C4C8;0x13CB90;0x4ECA80;0x13B224;0x4ECB10;0x137C80;0x13C7F4;0x1734FC;0x13A800
FN_libARSPM_002009D8,0x2009D8,sub_2009D8,0x1FFFDC,0x156714;0x172A64;0x201744;0x2013DC;0x201820;0x172D64;0x1B6110;0x2011A0;0x1B6360;0x20164C
FN_libARSPM_002011A0,0x2011A0,sub_2011A0,0x2009D8;0x2009D8;0x2009D8;0x2013DC;0x2013DC,0x18C514;0x18C570;0x201294;0x201294;0x174980;0x1B62D8
FN_libARSPM_00201294,0x201294,sub_201294,0x2011A0;0x2011A0;0x2013DC;0x2013DC;0x20164C;0x20164C;0x201744;0x201744;0x201820;0x201820,0x174980;0x1726D8;0x173B3C;0x172690;0x174980;0x18C514;0x18C570
FN_libARSPM_002013DC,0x2013DC,sub_2013DC,0x2009D8,0x201294;0x174980;0x1B62D8;0x201294;0x174980;0x2011A0;0x1B6360;0x1B6110;0x2011A0;0x1B6360
FN_libARSPM_0020164C,0x20164C,sub_20164C,0x2009D8,0x201FF4;0x201294;0x174980;0x1B62D8;0x201294
FN_libARSPM_00201744,0x201744,sub_201744,0x2009D8,0x201294;0x174980;0x1B62D8;0x201294
FN_libARSPM_00201820,0x201820,sub_201820,0x2009D8,0x1B6110;0x201294;0x174980;0x1B62D8;0x201294
FN_libARSPM_00201918,0x201918,sub_201918,0x2009D8,0x174980;0x1B62D8;0x1B6360;0x1B6110;0x174980;0x201294;0x201294
FN_libARSPM_00201AC8,0x201AC8,sub_201AC8,0x209264;0x20DC8C,0x1726AC;0x1B60E0;0x173840;0x172B8C;0x172B8C
FN_libARSPM_00201FF4,0x201FF4,sub_201FF4,0x20164C,0x18E03C;0x1726AC;0x1752EC;0x174980;0x173840;0x1726D8;0x173B3C;0x172690;0x174708;0x1B6360
FN_libARSPM_00202430,0x202430,sub_202430,0x1FEDBC;0x202ABC,0x1F5C90
FN_libARSPM_002024A8,0x2024A8,sub_2024A8,,0x13895C
FN_libARSPM_0020262C,0x20262C,sub_20262C,,0x1FF220
FN_libARSPM_0020267C,0x20267C,sub_20267C,,0x4ECB10;0x4ECB10;0x2666F8;0x4ECB10
FN_libARSPM_00202774,0x202774,sub_202774,,0x4ECB10;0x4ECB10;0x2666F8;0x4ECB10;0x1F6868
FN_libARSPM_00202878,0x202878,sub_202878,,0x15AB2C;0x1FF220
FN_libARSPM_0020295C,0x20295C,sub_20295C,,0x203068;0x202ABC;0x4ECB10;0x2666F8
FN_libARSPM_00202ABC,0x202ABC,sub_202ABC,0x20295C,0x4ECA80;0x4ECA80;0x202430;0x4ECB10;0x4ECB10;0x2666F8;0x4ECB10
FN_libARSPM_00202C44,0x202C44,sub_202C44,,0x1FABAC;0x13895C;0x1FB444;0x1FFDD0;0x1FB468;0x1F6898;0x1F72B8;0x1F64D8;0x1F5FB8
FN_libARSPM_00202DB0,0x202DB0,sub_202DB0,,0x1B32D0;0x1F84B0;0x1FE800;0x1FEA80;0x1F8878;0x1FEF24;0x1FE894;0x1F64D8
FN_libARSPM_00202E84,0x202E84,sub_202E84,,0x202FEC;0x4ECB10;0x4ECB10
FN_libARSPM_00202F28,0x202F28,sub_202F28,,0x202FEC;0x4ECB10;0x4ECB10
FN_libARSPM_00202FEC,0x202FEC,sub_202FEC,0x1FE800;0x1FE894;0x202E84;0x202F28,0x4ECB10;0x156400
FN_libARSPM_00203068,0x203068,sub_203068,0x1FEB28;0x20295C,0x14E8AC;0x15AAC8
FN_libARSPM_00203108,0x203108,sub_203108,0x1FE800,0x1B5FF0;0x140378
FN_libARSPM_002031CC,0x2031CC,sub_2031CC,0x1FE954,0x4ECB10;0x156400;0x1563F8;0x1B5FF0;0x137174
FN_libARSPM_0020330C,0x20330C,sub_20330C,,0x1FF1AC;0x14130C
FN_libARSPM_002033BC,0x2033BC,sub_2033BC,,0x1FF1AC;0x14130C
FN_libARSPM_0020346C,0x20346C,sub_20346C,,0x14130C;0x1FF1AC;0x14130C;0x18B8BC
FN_libARSPM_0020364C,0x20364C,sub_20364C,,0x1FF1AC;0x14130C;0x18B8BC
FN_libARSPM_00203728,0x203728,sub_203728,,0x1FF1AC;0x14130C;0x18B8BC
FN_libARSPM_002037F4,0x2037F4,sub_2037F4,,0x1FF1AC;0x14130C;0x18B8BC
FN_libARSPM_002038C0,0x2038C0,sub_2038C0,,0x1FF1AC;0x14130C;0x18B8BC
FN_libARSPM_002039B4,0x2039B4,sub_2039B4,,0x1FF1AC;0x14130C;0x18B8BC
FN_libARSPM_00203A90,0x203A90,sub_203A90,,0x1FF1AC;0x14130C;0x18B8BC
FN_libARSPM_00203B94,0x203B94,sub_203B94,,0x1563CC;0x4ECB10;0x156400;0x1563F8;0x4ECA80;0x156714;0x14130C;0x15AB20;0x1FF1AC;0x14130C
FN_libARSPM_00203DD0,0x203DD0,sub_203DD0,,0x1FF1AC;0x14130C;0x18B8BC
FN_libARSPM_00203E9C,0x203E9C,sub_203E9C,,0x14130C;0x18B8BC;0x4ECA80;0x1FF1AC;0x14130C
FN_libARSPM_00204008,0x204008,sub_204008,,0x14130C;0x18B8BC;0x4ECA80;0x1FF1AC;0x14130C
FN_libARSPM_00204190,0x204190,sub_204190,,0x14130C;0x18B8BC;0x4ECA80;0x14130C;0x14130C;0x14130C;0x14130C;0x1FF1AC;0x14130C
FN_libARSPM_002047C4,0x2047C4,sub_2047C4,,0x4ECA80;0x1FF1AC;0x14130C;0x18B8BC
FN_libARSPM_002048B4,0x2048B4,sub_2048B4,,0x4ECA80;0x1FF1AC;0x14130C
FN_libARSPM_00204974,0x204974,sub_204974,,0x4ECA80;0x1F4878;0x4ECA80;0x1FF1AC;0x14130C;0x18B8BC;0x4ECB10;0x1DDEBC;0x1DDFD4;0x1F4878
FN_libARSPM_00204B58,0x204B58,sub_204B58,,0x14130C;0x18B8BC;0x4ECA80;0x1756D8;0x1FF1AC;0x14130C;0x4ECA80
FN_libARSPM_00204CD4,0x204CD4,sub_204CD4,,0x4ECA80;0x1FF1AC;0x14130C;0x18B8BC
FN_libARSPM_00204DD4,0x204DD4,sub_204DD4,,0x1FF1AC;0x14130C;0x18B8BC;0x177F2C
FN_libARSPM_00204EBC,0x204EBC,sub_204EBC,,0x14130C;0x14130C;0x14130C;0x1FF1AC;0x14130C;0x18B8BC
FN_libARSPM_00205180,0x205180,sub_205180,,0x14130C;0x18B8BC;0x4ECA80;0x14130C;0x14130C;0x14130C;0x14130C;0x1FF1AC;0x14130C
FN_libARSPM_002055BC,0x2055BC,sub_2055BC,,0x1FF1AC;0x14130C;0x206AE4
FN_libARSPM_00205690,0x205690,sub_205690,,0x1D8FB8;0x4ECA80;0x1FF1AC;0x14130C;0x1D91C4;0x1D93F8
FN_libARSPM_00205790,0x205790,sub_205790,,0x14130C;0x1FF1AC;0x14130C
FN_libARSPM_00205914,0x205914,sub_205914,,0x14260C;0x1401B4;0x140220;0x14130C;0x18B8BC;0x14130C;0x14130C;0x1FF1AC;0x14130C
FN_libARSPM_00205D14,0x205D14,sub_205D14,,0x1FF1AC
FN_libARSPM_00205D6C,0x205D6C,sub_205D6C,,0x1FF1AC
FN_libARSPM_00205DC4,0x205DC4,sub_205DC4,,0x14130C;0x14130C;0x18B8BC;0x4ECA80;0x1FF1AC;0x14130C
FN_libARSPM_00205FA4,0x205FA4,sub_205FA4,,0x14130C;0x1FF1AC;0x14130C
FN_libARSPM_002060D8,0x2060D8,sub_2060D8,,0x137020;0x1FF1AC;0x14130C;0x206B10
FN_libARSPM_0020619C,0x20619C,sub_20619C,,0x1FF1AC;0x14130C
FN_libARSPM_00206258,0x206258,sub_206258,,0x1FF1AC;0x14130C
FN_libARSPM_00206314,0x206314,sub_206314,,0x1FF1AC;0x14130C
FN_libARSPM_002063D0,0x2063D0,sub_2063D0,,0x1FF1AC;0x14130C
FN_libARSPM_0020648C,0x20648C,sub_20648C,,0x13AB30;0x1FF1AC;0x14130C
FN_libARSPM_00206568,0x206568,sub_206568,,0x13AEC0;0x1FF1AC;0x14130C
FN_libARSPM_00206650,0x206650,sub_206650,,0x13B144;0x1FF1AC;0x14130C;0x206AE4
FN_libARSPM_00206738,0x206738,sub_206738,,0x4ECA80;0x13B3F0;0x4ECB10;0x1FF1AC;0x14130C
FN_libARSPM_00206860,0x206860,sub_206860,,0x13B740;0x1FF1AC;0x14130C;0x1B67E4
FN_libARSPM_00206930,0x206930,sub_206930,,0x13ACB8;0x1FF1AC
FN_libARSPM_00206998,0x206998,sub_206998,,0x4ECB10;0x156400;0x1563F8
FN_libARSPM_00206A38,0x206A38,sub_206A38,,0x4ECB10;0x156400;0x1563F8;0x140454
FN_libARSPM_00206AE4,0x206AE4,sub_206AE4,0x2055BC;0x206650,0x18D364;0x18E03C
FN_libARSPM_00206B10,0x206B10,sub_206B10,0x2060D8,
FN_libARSPM_00206B28,0x206B28,sub_206B28,,0x1726D8
FN_libARSPM_00206B50,0x206B50,sub_206B50,0x491B14,
FN_libARSPM_00206B7C,0x206B7C,sub_206B7C,0x49BF58;0x49BF58,0x207354;0x18D428;0x4ECB10
FN_libARSPM_00206C3C,0x206C3C,sub_206C3C,0x49C7C8,0x1B6360;0x18E03C;0x1DF8F4
FN_libARSPM_00206EE0,0x206EE0,sub_206EE0,,0x4ECA80;0x1C032C;0x4ECB10;0x1C2790
FN_libARSPM_00206FB8,0x206FB8,sub_206FB8,,0x1D52F0;0x1D52F0;0x1D52F0;0x1D4CDC;0x1D52F0;0x15ADD8;0x1B551C;0x1D52F0;0x1D52F0;0x4ECB10
FN_libARSPM_00207178,0x207178,sub_207178,,0x18D3DC;0x4ECB10
FN_libARSPM_0020720C,0x20720C,sub_20720C,,0x18D3DC;0x4ECB10;0x1E02D0
FN_libARSPM_002072A8,0x2072A8,sub_2072A8,,0x4ECA80
FN_libARSPM_00207354,0x207354,sub_207354,0x206B7C,0x18D2E0;0x18D2E0;0x18D364;0x18D3DC;0x4ECB10;0x2075A4;0x15E650
FN_libARSPM_002075A4,0x2075A4,sub_2075A4,0x207354,0x15E638
FN_libARSPM_002075B8,0x2075B8,sub_2075B8,,0x1C3004
FN_libARSPM_002075DC,0x2075DC,sub_2075DC,,0x1738A8
FN_libARSPM_00207630,0x207630,sub_207630,,0x15BD44;0x174980;0x15C0C4
FN_libARSPM_00207774,0x207774,sub_207774,,0x15BBA0;0x1681D8;0x1402B0;0x167CB0;0x145ED8;0x13FCA8;0x13A344;0x13A344;0x13F4C4
FN_libARSPM_002078A0,0x2078A0,sub_2078A0,,0x191920
FN_libARSPM_002078E0,0x2078E0,sub_2078E0,,0x4ECA80;0x15AA1C
FN_libARSPM_00207988,0x207988,sub_207988,,0x1738A8
FN_libARSPM_00207A20,0x207A20,sub_207A20,,0x4ECB10
FN_libARSPM_00207A6C,0x207A6C,sub_207A6C,,0x4ECB10
FN_libARSPM_00207AB8,0x207AB8,sub_207AB8,,0x15AB20;0x174980
FN_libARSPM_00207B0C,0x207B0C,sub_207B0C,,0x15AB2C
FN_libARSPM_00207B3C,0x207B3C,sub_207B3C,0x137C80;0x137C80;0x137C80;0x137E84;0x137E84;0x137E84;0x13A0D4;0x13A0D4;0x13A0D4;0x13BB10,
FN_libARSPM_00207B50,0x207B50,sub_207B50,,0x4EC2E0
FN_libARSPM_00207C10,0x207C10,sub_207C10,0x12F1C4;0x4E38B8,0x18D2E0;0x18F2EC;0x20866C;0x18E788;0x20866C;0x20866C;0x18E788;0x18EFE0;0x20866C;0x20866C
FN_libARSPM_002082B4,0x2082B4,sub_2082B4,0x207C10,0x20866C
FN_libARSPM_00208398,0x208398,sub_208398,0x46D494;0x491894;0x4D04D4;0x4D0BE4,
FN_libARSPM_00208580,0x208580,sub_208580,0x4D0D54;0x4D21BC,
FN_libARSPM_002085FC,0x2085FC,sub_2085FC,0x207C10;0x207C10;0x207C10;0x4D0D54;0x4D20F0;0x4D22DC;0x4D2404;0x4D2404;0x4D2404;0x4D2404,
FN_libARSPM_0020866C,0x20866C,sub_20866C,0x207C10;0x207C10;0x207C10;0x207C10;0x207C10;0x207C10;0x207C10;0x207C10;0x2082B4,
FN_libARSPM_00208720,0x208720,sub_208720,0x148ECC,0x173840;0x1AA4E4;0x1AA4E4;0x1AA4E4;0x173840;0x1AA4E4;0x1AA4E4;0x1AA4E4;0x173840;0x1AA4E4
FN_libARSPM_002089B4,0x2089B4,sub_2089B4,0x148ECC,0x146908;0x14119C;0x14130C;0x14130C;0x1E0980;0x1E0DF0;0x1E0E08;0x1E0DCC;0x146800;0x168168
FN_libARSPM_00209264,0x209264,sub_209264,0x2DB368,0x1756D8;0x20AB60;0x18DAC4;0x173840;0x20E420;0x18B76C;0x212648;0x212CD8;0x212AB4;0x18BF58
FN_libARSPM_0020AB60,0x20AB60,sub_20AB60,0x209264;0x2D946C;0x2E7548;0x317448,0x18D364;0x4ECA80;0x14E8AC
FN_libARSPM_0020AC70,0x20AC70,sub_20AC70,0x2D8F20;0x3740E0,0x2666F8;0x4ECB10
FN_libARSPM_0020ACE8,0x20ACE8,sub_20ACE8,,0x1726AC;0x1726AC;0x1726AC;0x1726AC;0x1726AC;0x1726AC;0x1726AC;0x1726AC;0x1727BC;0x1727BC
FN_libARSPM_0020B138,0x20B138,sub_20B138,0x209264;0x209264,
FN_libARSPM_0020B218,0x20B218,sub_20B218,0x20B368,0x4ECB10;0x1E1554;0x4ECB10;0x1E1554;0x4ECB10;0x1E1554;0x4ECB10;0x1E1554;0x4ECB10;0x1E1554
FN_libARSPM_0020B368,0x20B368,sub_20B368,,0x20B218
FN_libARSPM_0020B38C,0x20B38C,sub_20B38C,,0x4ECB10
FN_libARSPM_0020B3F8,0x20B3F8,sub_20B3F8,,0x4ECB10
FN_libARSPM_0020B4D0,0x20B4D0,sub_20B4D0,,0x19A4A8
FN_libARSPM_0020B588,0x20B588,sub_20B588,,0x1756D8;0x172A20;0x1734FC;0x141780;0x4ECB10
FN_libARSPM_0020B79C,0x20B79C,sub_20B79C,,0x1727BC;0x1726AC;0x1726AC;0x4ECB10;0x1E1554;0x4ECA80;0x4ECB10;0x4ECA80;0x2CFAA0;0x2666C0
FN_libARSPM_0020BA38,0x20BA38,sub_20BA38,0x209264;0x209264,0x1726AC;0x173840;0x20E570
FN_libARSPM_0020BBA4,0x20BBA4,sub_20BBA4,0x20DAE0;0x20DEB4,
FN_libARSPM_0020BD00,0x20BD00,sub_20BD00,0x20D8B8;0x20DC8C,0x20C25C;0x1AA630;0x1B6110;0x1AA630;0x1563CC;0x20EAD4;0x20EAD4;0x156714;0x156714;0x1AA23C
FN_libARSPM_0020C25C,0x20C25C,sub_20C25C,0x20BD00,0x156714;0x156714
FN_libARSPM_0020C38C,0x20C38C,sub_20C38C,0x20BD00;0x20C570,0x156714;0x156714
FN_libARSPM_0020C570,0x20C570,sub_20C570,0x20BD00;0x20BD00,0x20C38C;0x156738;0x156738;0x156738;0x156714;0x156714;0x156738;0x156714;0x156714;0x156738
FN_libARSPM_0020C8E0,0x20C8E0,sub_20C8E0,0x20BD00;0x20BD00,0x20F4A0;0x156714;0x156714;0x156738;0x156714;0x156714;0x156738
FN_libARSPM_0020CA90,0x20CA90,sub_20CA90,0x20D8B8;0x20DC8C,0x20F5F0;0x1563CC;0x1563CC;0x1564BC;0x2104FC;0x1563CC;0x1563CC;0x1564BC;0x1564BC;0x2104FC
FN_libARSPM_0020CC2C,0x20CC2C,sub_20CC2C,0x20CA90,0x14E8AC;0x156714;0x156714;0x156714;0x156714;0x156714;0x156714;0x156714;0x156714;0x156738
FN_libARSPM_0020D3C8,0x20D3C8,sub_20D3C8,0x20D550;0x20D64C;0x20DAE0;0x20DEB4,0x156714
FN_libARSPM_0020D550,0x20D550,sub_20D550,0x20D714;0x20DAE0;0x20DEB4,0x333F70;0x156430;0x333FFC;0x156430;0x20D3C8
FN_libARSPM_0020D64C,0x20D64C,sub_20D64C,0x20DAE0;0x20DEB4,0x173840;0x33410C;0x156430;0x3341C0;0x156430;0x20D3C8
FN_libARSPM_0020D714,0x20D714,sub_20D714,0x20DAE0;0x20DEB4,0x1726AC;0x198388;0x173840;0x197AF8;0x2666F8;0x14E8AC;0x197BE4;0x20D550;0x2666F8
FN_libARSPM_0020D8B8,0x20D8B8,sub_20D8B8,0x20E420,0x18E03C;0x1563CC;0x1563CC;0x1563CC;0x1563CC;0x1563CC;0x1563CC;0x1563CC;0x20DAE0;0x18E58C
FN_libARSPM_0020DAE0,0x20DAE0,sub_20DAE0,0x20D8B8,0x18E58C;0x1564BC;0x1926B8;0x1923B0;0x20BBA4;0x173840;0x20D550;0x173840;0x20D3C8;0x1923B0
FN_libARSPM_0020DC8C,0x20DC8C,sub_20DC8C,0x20E570,0x18E03C;0x1563CC;0x1563CC;0x1563CC;0x1563CC;0x1563CC;0x1563CC;0x1563CC;0x18E03C;0x201AC8
FN_libARSPM_0020DEB4,0x20DEB4,sub_20DEB4,0x20DC8C,0x18E58C;0x1564BC;0x18E58C;0x1564BC;0x1926B8;0x1923B0;0x20BBA4;0x1923B0;0x173840;0x156714
FN_libARSPM_0020E420,0x20E420,sub_20E420,0x209264;0x209264;0x209264,0x18E03C;0x174980;0x20D8B8;0x1E0E38;0x1563F8;0x1563F8;0x1563F8;0x1563F8;0x1563F8;0x1563F8
FN_libARSPM_0020E570,0x20E570,sub_20E570,0x209264;0x20BA38,0x18E03C;0x174980;0x20DC8C;0x1E0E38;0x1563F8;0x1563F8;0x1563F8;0x1563F8;0x1563F8;0x1563F8
FN_libARSPM_0020E71C,0x20E71C,sub_20E71C,,0x1563F8;0x1563F8;0x1563F8;0x1563F8;0x1563F8;0x1563F8
FN_libARSPM_0020E77C,0x20E77C,sub_20E77C,,0x1563F8;0x1563F8;0x1563F8;0x1563F8;0x1563F8;0x1563F8;0x1563F8
FN_libARSPM_0020E7E4,0x20E7E4,sub_20E7E4,,0x1563F8;0x1563F8;0x1563F8;0x1563F8;0x1563F8;0x1563F8;0x1563F8
FN_libARSPM_0020E84C,0x20E84C,sub_20E84C,,0x1563F8;0x1563F8;0x1563F8;0x1563F8;0x1563F8;0x1563F8;0x1563F8
FN_libARSPM_0020E8B4,0x20E8B4,sub_20E8B4,0x2104FC,
FN_libARSPM_0020E9FC,0x20E9FC,sub_20E9FC,0x20EAD4,
FN_libARSPM_0020EAD4,0x20EAD4,sub_20EAD4,0x20BD00;0x20BD00,0x156714;0x14E8AC;0x1AA3D0;0x20F1DC;0x156400;0x156400;0x1564BC;0x156714;0x156714;0x2666F8
FN_libARSPM_0020F1DC,0x20F1DC,sub_20F1DC,0x20EAD4,
FN_libARSPM_0020F4A0,0x20F4A0,sub_20F4A0,0x20C8E0;0x2104FC,
FN_libARSPM_0020F5F0,0x20F5F0,sub_20F5F0,0x20CA90;0x2104FC,0x1563CC;0x1564BC;0x156714;0x266704;0x20FB68;0x20FB68;0x20FF9C;0x20FF9C;0x21033C;0x2666F8
FN_libARSPM_0020FB68,0x20FB68,sub_20FB68,0x20F5F0;0x20F5F0,0x211FF4;0x211FF4;0x2121C4
FN_libARSPM_0020FF9C,0x20FF9C,sub_20FF9C,0x20F5F0;0x20F5F0,0x211FF4;0x211FF4
FN_libARSPM_0021033C,0x21033C,sub_21033C,0x20F5F0,0x211FF4;0x211FF4;0x211FF4;0x211FF4
FN_libARSPM_002104FC,0x2104FC,sub_2104FC,0x20CA90;0x20CA90,0x156714;0x156714;0x14E8AC;0x156714;0x1AA3D0;0x2112FC;0x20F4A0;0x211364;0x212220;0x1349B8
FN_libARSPM_002112FC,0x2112FC,sub_2112FC,0x2104FC,
FN_libARSPM_00211364,0x211364,sub_211364,0x2104FC,0x1348D0;0x2666F8
FN_libARSPM_00211420,0x211420,sub_211420,0x2104FC,
FN_libARSPM_0021149C,0x21149C,sub_21149C,0x2104FC;0x2104FC,
FN_libARSPM_0021151C,0x21151C,sub_21151C,0x20CC2C,0x1B6110;0x14E8AC;0x1563CC;0x211CD8;0x1564BC;0x156714;0x211E2C;0x156738;0x1563F8;0x2666F8
FN_libARSPM_00211CD8,0x211CD8,sub_211CD8,0x21151C,
FN_libARSPM_00211DC8,0x211DC8,sub_211DC8,,0x156430
FN_libARSPM_00211E2C,0x211E2C,sub_211E2C,0x21151C,
FN_libARSPM_00211FF4,0x211FF4,sub_211FF4,0x20FB68;0x20FB68;0x20FF9C;0x20FF9C;0x21033C;0x21033C;0x21033C;0x21033C,
FN_libARSPM_002121C4,0x2121C4,sub_2121C4,0x20FB68,
FN_libARSPM_00212220,0x212220,sub_212220,0x2104FC,0x1349B8;0x1348D0;0x2666F8
FN_libARSPM_00212310,0x212310,sub_212310,,0x145F0C
FN_libARSPM_00212370,0x212370,sub_212370,,0x1B2B9C;0x1B2B40;0x145ED8;0x1B2F78;0x1B2B40;0x212468
FN_libARSPM_00212468,0x212468,sub_212468,0x139E30;0x212370;0x212648;0x4DE48C,0x146908;0x147468;0x147628
FN_libARSPM_002125B8,0x2125B8,sub_2125B8,,0x1AD854;0x146908;0x147468;0x147628;0x1ADC70;0x140BE0
FN_libARSPM_00212648,0x212648,sub_212648,0x1F41F8;0x209264;0x209264;0x209264;0x209264;0x265738,0x145ED8;0x212468
FN_libARSPM_00212694,0x212694,sub_212694,0x21BF20,0x15AC60
FN_libARSPM_00212714,0x212714,sub_212714,,0x14119C;0x1AD838;0x1ADC70;0x1E98C8;0x1AD854;0x1B07A0;0x1416F0
FN_libARSPM_0021286C,0x21286C,sub_21286C,,0x146020
FN_libARSPM_002128A8,0x2128A8,sub_2128A8,,0x146020
FN_libARSPM_00212970,0x212970,sub_212970,,0x1B4CAC;0x1B4CAC;0x4ECA80;0x4ECB10;0x4ECA80;0x4ECB10;0x4ECA80;0x4ECB10
FN_libARSPM_00212AB4,0x212AB4,sub_212AB4,0x139E30;0x139E30;0x142A64;0x1644CC;0x209264;0x209264;0x209264;0x209264;0x25798C;0x47D3C8,0x4ECA80;0x4ECA80
FN_libARSPM_00212B50,0x212B50,sub_212B50,0x21BF20,
FN_libARSPM_00212B64,0x212B64,sub_212B64,,0x4ECB10;0x4ECB10
FN_libARSPM_00212BE0,0x212BE0,sub_212BE0,,0x4ECB10;0x4ECB10
FN_libARSPM_00212C78,0x212C78,sub_212C78,,0x1AD854
FN_libARSPM_00212CD8,0x212CD8,sub_212CD8,0x209264;0x209264;0x209264;0x209264,
FN_libARSPM_00212D3C,0x212D3C,sub_212D3C,0x213164,0x4EC2E0;0x214E60;0x214E60;0x214E60;0x214E60;0x214E60;0x214E60
FN_libARSPM_00213164,0x213164,sub_213164,0x21350C,0x212D3C;0x1BF1EC;0x214FD8
FN_libARSPM_0021350C,0x21350C,sub_21350C,0x12EB1C;0x12EDB4;0x265D44;0x46696C,0x1D4F10;0x213164;0x4ECB10;0x14803C;0x148054
FN_libARSPM_002135E4,0x2135E4,sub_2135E4,0x215B3C;0x21BADC;0x3E2C4C;0x3E3CD8;0x3E3CD8;0x3E7174;0x3E8E50,0x167CA8
FN_libARSPM_00213674,0x213674,sub_213674,0x218CE0;0x21BEC0;0x3E37C0;0x3E7468;0x3E92EC,0x167CB0;0x4ECB10;0x14803C;0x148054
FN_libARSPM_00213750,0x213750,sub_213750,0x266214,
FN_libARSPM_002138A4,0x2138A4,sub_2138A4,0x213A54,0x1B5FF0;0x167D08;0x167F28;0x214FEC;0x167CB0;0x173384;0x174980;0x1B5FF0
FN_libARSPM_00213A54,0x213A54,sub_213A54,0x213EC0;0x214224;0x214474,0x213CB4;0x213E78;0x213EC0;0x2138A4
FN_libARSPM_00213CB4,0x213CB4,sub_213CB4,0x213A54,0x1680F4;0x1680F4;0x146D90;0x1680F4;0x1680F4;0x146D90;0x3EC34C;0x3EC370;0x3EC34C
FN_libARSPM_00213E78,0x213E78,sub_213E78,0x213A54,0x167C58
FN_libARSPM_00213EC0,0x213EC0,sub_213EC0,0x12EB1C;0x213A54;0x26608C;0x3E3360;0x468038,0x167F28;0x213A54;0x167D68;0x214138
FN_libARSPM_00214138,0x214138,sub_214138,0x213EC0,0x167D08;0x214FEC;0x167CB0
FN_libARSPM_00214224,0x214224,sub_214224,0x3E3534,0x213A54;0x167D68
FN_libARSPM_00214474,0x214474,sub_214474,0x3E3458;0x3E3534,0x213A54;0x167D68;0x167D08;0x214FEC;0x167CB0
FN_libARSPM_00214890,0x214890,sub_214890,0x216508;0x217F40;0x219008;0x219550;0x3E43D4;0x3E5624;0x3E56E8;0x3E586C;0x3E5AC0;0x3E6860,0x3EC4E0
FN_libARSPM_002148DC,0x2148DC,sub_2148DC,0x467DAC,
FN_libARSPM_002149F4,0x2149F4,sub_2149F4,0x3E6830;0x3E8C50,
FN_libARSPM_00214A64,0x214A64,sub_214A64,0x3E64F4;0x3E8A34,0x1B5FF0;0x1B5FF0;0x1B5FF0
FN_libARSPM_00214E60,0x214E60,sub_214E60,0x212D3C;0x212D3C;0x212D3C;0x212D3C;0x212D3C;0x212D3C,0x214FD8;0x15E650
FN_libARSPM_00214FD8,0x214FD8,sub_214FD8,0x213164;0x214E60,0x15E638
FN_libARSPM_00214FEC,0x214FEC,sub_214FEC,0x2138A4;0x214138;0x214474;0x217F40;0x3E6860;0x3E8194;0x3E8494,
FN_libARSPM_0021511C,0x21511C,sub_21511C,0x3E2C4C,0x2151E0
FN_libARSPM_002151E0,0x2151E0,sub_2151E0,0x21511C;0x215BF8;0x215D58,0x215A90;0x21599C;0x215F90;0x2159FC;0x2158CC;0x21599C
FN_libARSPM_002158CC,0x2158CC,sub_2158CC,0x2151E0,0x218E6C
FN_libARSPM_0021599C,0x21599C,sub_21599C,0x2151E0;0x2151E0;0x3E5EE4,0x4ECB10;0x14803C;0x148054
FN_libARSPM_002159FC,0x2159FC,sub_2159FC,0x2151E0,0x216268
FN_libARSPM_00215A90,0x215A90,sub_215A90,0x2151E0,0x217B34
FN_libARSPM_00215B3C,0x215B3C,sub_215B3C,0x21671C;0x217B34,0x2135E4
FN_libARSPM_00215BF8,0x215BF8,sub_215BF8,,0x2151E0
FN_libARSPM_00215C38,0x215C38,sub_215C38,0x216508;0x2181B8;0x2181B8;0x2181B8;0x2181B8;0x2181B8;0x2181B8;0x219550;0x219750;0x219750,
FN_libARSPM_00215C50,0x215C50,sub_215C50,0x2162F4;0x217BDC;0x218F54,
FN_libARSPM_00215C68,0x215C68,sub_215C68,,0x167D08;0x167CB0
FN_libARSPM_00215D58,0x215D58,sub_215D58,,0x2151E0
FN_libARSPM_00215E80,0x215E80,sub_215E80,0x216A64;0x216B00;0x216BB4;0x216CBC;0x216D58;0x216E10;0x216F18;0x216FB8;0x217064;0x217128,
FN_libARSPM_00215EC4,0x215EC4,sub_215EC4,0x216A64;0x216B00;0x216BB4;0x216CBC;0x216D58;0x216E10;0x216F18;0x216FB8;0x217064;0x217128,
FN_libARSPM_00215F08,0x215F08,sub_215F08,0x216A64;0x216B00;0x216BB4;0x216CBC;0x216D58;0x216E10;0x216F18;0x216FB8;0x217064;0x217128,
FN_libARSPM_00215F4C,0x215F4C,sub_215F4C,0x216B00;0x216BB4;0x216D58;0x216E10;0x217064;0x217128;0x2172EC;0x2173B4;0x217618;0x2176CC,
FN_libARSPM_00215F90,0x215F90,sub_215F90,0x2151E0,
FN_libARSPM_00216268,0x216268,sub_216268,0x2159FC,0x21671C
FN_libARSPM_002162F4,0x2162F4,sub_2162F4,,0x215C50
FN_libARSPM_002163A8,0x2163A8,sub_2163A8,,0x167D08;0x167EC8;0x167D50;0x167CB0;0x167DE0;0x167CB0;0x167E80;0x167D50;0x167CB0;0x167DE0
FN_libARSPM_00216508,0x216508,sub_216508,,0x217B08;0x215C38;0x217B08;0x214890
FN_libARSPM_00216658,0x216658,sub_216658,,0x2166BC
FN_libARSPM_002166BC,0x2166BC,sub_2166BC,0x216658;0x219A04,0x2666F8
FN_libARSPM_0021671C,0x21671C,sub_21671C,0x216268;0x218E6C,0x215B3C;0x266704
FN_libARSPM_00216780,0x216780,sub_216780,0x2163A8,
FN_libARSPM_00216A64,0x216A64,sub_216A64,,0x215E80;0x215EC4;0x215F08
FN_libARSPM_00216B00,0x216B00,sub_216B00,,0x215E80;0x215EC4;0x215F08;0x215F4C
FN_libARSPM_00216BB4,0x216BB4,sub_216BB4,,0x215E80;0x215EC4;0x215F08;0x215F4C
FN_libARSPM_00216CBC,0x216CBC,sub_216CBC,,0x215E80;0x215EC4;0x215F08
FN_libARSPM_00216D58,0x216D58,sub_216D58,,0x215E80;0x215EC4;0x215F08;0x215F4C
FN_libARSPM_00216E10,0x216E10,sub_216E10,,0x215E80;0x215EC4;0x215F08;0x215F4C
FN_libARSPM_00216F18,0x216F18,sub_216F18,,0x215E80;0x215EC4;0x215F08
FN_libARSPM_00216FB8,0x216FB8,sub_216FB8,,0x215E80;0x215EC4;0x215F08
FN_libARSPM_00217064,0x217064,sub_217064,,0x215E80;0x215EC4;0x215F08;0x215F4C
FN_libARSPM_00217128,0x217128,sub_217128,,0x215E80;0x215EC4;0x215F08;0x215F4C
FN_libARSPM_00217240,0x217240,sub_217240,,0x215E80;0x215EC4;0x215F08
FN_libARSPM_002172EC,0x2172EC,sub_2172EC,,0x215E80;0x215EC4;0x215F08;0x215F4C
FN_libARSPM_002173B4,0x2173B4,sub_2173B4,,0x215E80;0x215EC4;0x215F08;0x215F4C
FN_libARSPM_002174CC,0x2174CC,sub_2174CC,,0x215E80;0x215EC4;0x215F08
FN_libARSPM_0021757C,0x21757C,sub_21757C,,0x215E80;0x215EC4;0x215F08
FN_libARSPM_00217618,0x217618,sub_217618,,0x215E80;0x215EC4;0x215F08;0x215F4C
FN_libARSPM_002176CC,0x2176CC,sub_2176CC,,0x215E80;0x215EC4;0x215F08;0x215F4C
FN_libARSPM_002177D4,0x2177D4,sub_2177D4,,0x215E80;0x215EC4;0x215F08
FN_libARSPM_00217870,0x217870,sub_217870,,0x215E80;0x215EC4;0x215F08;0x215F4C
FN_libARSPM_00217928,0x217928,sub_217928,,0x215E80;0x215EC4;0x215F08;0x215F4C
FN_libARSPM_00217A30,0x217A30,sub_217A30,,0x215E80;0x215EC4;0x215F08
FN_libARSPM_00217B08,0x217B08,sub_217B08,0x216508;0x216508,
FN_libARSPM_00217B34,0x217B34,sub_217B34,0x215A90,0x215B3C
FN_libARSPM_00217BDC,0x217BDC,sub_217BDC,,0x215C50
FN_libARSPM_00217C88,0x217C88,sub_217C88,0x217EB4,0x218DC4;0x4ECB10
FN_libARSPM_00217EB4,0x217EB4,sub_217EB4,,0x217C88
FN_libARSPM_00217F40,0x217F40,sub_217F40,,0x167D08;0x214FEC;0x167D08;0x167D08;0x167DE0;0x167CB0;0x167D08;0x167EC8;0x167D50;0x167CB0
FN_libARSPM_002181B8,0x2181B8,sub_2181B8,0x217F40,0x215C38;0x215C38;0x215C38;0x215C38;0x215C38;0x215C38
FN_libARSPM_00218B94,0x218B94,sub_218B94,,0x16814C;0x167CB0
FN_libARSPM_00218C50,0x218C50,sub_218C50,,0x4ECB10
FN_libARSPM_00218CE0,0x218CE0,sub_218CE0,,0x4ECB10;0x213674
FN_libARSPM_00218DC4,0x218DC4,sub_218DC4,0x217C88;0x219008;0x3E43D4,0x266704
FN_libARSPM_00218E38,0x218E38,sub_218E38,,0x2666F8
FN_libARSPM_00218E6C,0x218E6C,sub_218E6C,0x2158CC,0x21671C
FN_libARSPM_00218F54,0x218F54,sub_218F54,,0x215C50
FN_libARSPM_00219008,0x219008,sub_219008,0x2194B8,0x214890;0x218DC4;0x4ECB10
FN_libARSPM_002192A8,0x2192A8,sub_2192A8,0x2194B8,0x167D08;0x167EC8;0x167D50;0x167CB0;0x167DE0;0x167CB0;0x167E80;0x167D50;0x167CB0;0x167DE0
FN_libARSPM_002194B8,0x2194B8,sub_2194B8,,0x219008;0x2192A8
FN_libARSPM_00219550,0x219550,sub_219550,,0x21B764;0x215C38;0x21B764;0x214890;0x1D4D10;0x219750;0x4ECB10;0x14803C;0x148054;0x219750
FN_libARSPM_00219750,0x219750,sub_219750,0x219550;0x219550,0x167CB0;0x167D08;0x215C38;0x167D08;0x215C38;0x167CB0
FN_libARSPM_00219994,0x219994,sub_219994,,0x4ECB10
FN_libARSPM_00219A04,0x219A04,sub_219A04,,0x4ECB10;0x2166BC
FN_libARSPM_00219B58,0x219B58,sub_219B58,0x3E4B3C,
FN_libARSPM_00219B78,0x219B78,sub_219B78,,0x167F28
FN_libARSPM_00219D28,0x219D28,sub_219D28,0x2192A8;0x21B974;0x21BD0C;0x3E4B3C,0x167F28
FN_libARSPM_0021B764,0x21B764,sub_21B764,0x219550;0x219550;0x21B974;0x21BC18;0x3E5624;0x3E5624;0x3E56E8;0x3E56E8;0x3E586C;0x3E586C,
FN_libARSPM_0021B7A4,0x21B7A4,sub_21B7A4,0x21BADC;0x21BDA0,
FN_libARSPM_0021B93C,0x21B93C,sub_21B93C,,0x1680F4
FN_libARSPM_0021B974,0x21B974,sub_21B974,,0x219D28;0x14E8AC;0x21B764;0x2666F8
FN_libARSPM_0021BADC,0x21BADC,sub_21BADC,0x21BE24,0x21B7A4;0x2135E4;0x4ECB10;0x14803C;0x148054
FN_libARSPM_0021BC18,0x21BC18,sub_21BC18,,0x21B764
FN_libARSPM_0021BD0C,0x21BD0C,sub_21BD0C,,0x219D28;0x14E8AC;0x2666F8
FN_libARSPM_0021BDA0,0x21BDA0,sub_21BDA0,,0x1D4D10;0x21B7A4;0x4ECB10;0x14803C;0x148054
FN_libARSPM_0021BE24,0x21BE24,sub_21BE24,,0x21BADC
FN_libARSPM_0021BE78,0x21BE78,sub_21BE78,,0x2666F8
FN_libARSPM_0021BEC0,0x21BEC0,sub_21BEC0,,0x2666F8;0x213674
FN_libARSPM_0021BF20,0x21BF20,sub_21BF20,0x15BA30,0x1EB358;0x1EBDE8;0x15AC60;0x1EBDFC;0x21C34C;0x1EE3CC;0x15AC60;0x15AC60;0x21E1E8;0x221CC0
FN_libARSPM_0021C084,0x21C084,sub_21C084,0x15BA30,0x2507D4;0x252990;0x257C1C;0x25813C;0x251E88;0x258BE4;0x25A250;0x25AE50;0x25C5D0;0x25D6C0
FN_libARSPM_0021C258,0x21C258,sub_21C258,,0x1F38B4;0x14130C;0x1AD854
FN_libARSPM_0021C34C,0x21C34C,sub_21C34C,0x21BF20,0x15AC60
FN_libARSPM_0021C388,0x21C388,sub_21C388,,0x4ECB10
FN_libARSPM_0021C3D4,0x21C3D4,sub_21C3D4,,0x4ECB10;0x1F3CA8
FN_libARSPM_0021C448,0x21C448,sub_21C448,0x47DDE4;0x47F4C0;0x47F4C0;0x48869C;0x48CB18;0x4E414C,0x1726D8;0x173B3C;0x4ECA80;0x21C648;0x4ECB10;0x4ECA80;0x1EE390;0x4ECB10;0x1F3C90
FN_libARSPM_0021C648,0x21C648,sub_21C648,0x21C448;0x21C76C,0x1F3C90;0x1726D8;0x1F3C90
FN_libARSPM_0021C76C,0x21C76C,sub_21C76C,,0x1B3158;0x1B2B40;0x1B295C;0x1B2B40;0x1B295C;0x1B3328;0x1B2ACC;0x1F5D30;0x1B2B40;0x1B295C
FN_libARSPM_0021C9E8,0x21C9E8,sub_21C9E8,,0x4ECA80;0x1F62D8;0x4ECB10
FN_libARSPM_0021CAB0,0x21CAB0,sub_21CAB0,0x21CDF4;0x2F3F74,0x1E98D0;0x1756F0;0x175BA0;0x167CA8;0x1E98C8;0x4ECA80;0x173384;0x4ECA80;0x1681A0;0x1E98D8
FN_libARSPM_0021CD70,0x21CD70,sub_21CD70,0x2F3F74;0x2F3F74,0x1E9970;0x13A594;0x13FF08
FN_libARSPM_0021CDF4,0x21CDF4,sub_21CDF4,0x21D160;0x21D2A0,0x21CAB0;0x1680F4;0x1E98D8;0x1BA598;0x1BB474;0x1EA868;0x1E9970;0x13A594;0x13FF08;0x1E99DC
FN_libARSPM_0021D0F4,0x21D0F4,sub_21D0F4,,0x4ECA80;0x4ECB10
FN_libARSPM_0021D160,0x21D160,sub_21D160,,0x141420;0x141288;0x1734FC;0x21CDF4;0x4ECB10;0x4ECB10
FN_libARSPM_0021D2A0,0x21D2A0,sub_21D2A0,,0x1734FC;0x21CDF4;0x1F3CFC;0x4ECB10
FN_libARSPM_0021D35C,0x21D35C,sub_21D35C,,0x4ECB10
FN_libARSPM_0021D3B4,0x21D3B4,sub_21D3B4,,0x4ECB10;0x1F3CA8
FN_libARSPM_0021D434,0x21D434,sub_21D434,,0x4ECB10
FN_libARSPM_0021D48C,0x21D48C,sub_21D48C,,0x4ECB10
FN_libARSPM_0021D518,0x21D518,sub_21D518,,0x4ECB10
FN_libARSPM_0021D564,0x21D564,sub_21D564,0x21D6E4,0x172BE0;0x172DF0;0x175040;0x172CC4;0x172DF0;0x172DF0
FN_libARSPM_0021D6E4,0x21D6E4,sub_21D6E4,0x21DB40,0x1AA4E4;0x175040;0x1AA4E4;0x21D564;0x172A20;0x172DF0;0x21E744;0x1726D8;0x1F3C90
FN_libARSPM_0021D964,0x21D964,sub_21D964,,0x220B98;0x1756D8;0x21E268;0x21E3F8;0x1B2FD0;0x1B2FD0;0x1B2C54;0x1B2C54;0x2666F8;0x2666F8
FN_libARSPM_0021DB40,0x21DB40,sub_21DB40,0x21D964;0x4AA644;0x4E49E0,0x220D30;0x1AA4E4;0x1726D8;0x173B3C;0x221020;0x220D68;0x4ECB10;0x21D6E4;0x21E278;0x2212F8
FN_libARSPM_0021DE00,0x21DE00,sub_21DE00,,0x21E2BC
FN_libARSPM_0021DE70,0x21DE70,sub_21DE70,,0x1AD854;0x172A20;0x172D18;0x1734FC;0x1ADF2C;0x14130C;0x1AA4E4;0x1AD854;0x1AD854;0x14130C
FN_libARSPM_0021E1E8,0x21E1E8,sub_21E1E8,0x21BF20,0x15AC60
FN_libARSPM_0021E224,0x21E224,sub_21E224,,0x21EA18
FN_libARSPM_0021E268,0x21E268,sub_21E268,0x21D964;0x2211CC;0x2217A0;0x221D10,
FN_libARSPM_0021E278,0x21E278,sub_21E278,0x21D964;0x21DB40;0x2211CC;0x2212F8;0x2217A0;0x2218DC;0x221D10;0x221ED8,0x4ECB10
FN_libARSPM_0021E2BC,0x21E2BC,sub_21E2BC,0x21DE00;0x2214DC;0x221B48;0x222184,0x146FB0;0x4ECB10;0x14803C;0x148054
FN_libARSPM_0021E3F8,0x21E3F8,sub_21E3F8,0x21D964;0x2211CC;0x2217A0;0x221D10,0x1B2B40;0x1B3D70;0x1B295C;0x1348D0;0x2666F8;0x1B3B4C;0x4ECB10;0x1B3C48;0x14701C;0x4ECB10
FN_libARSPM_0021E744,0x21E744,sub_21E744,0x21D6E4;0x221534;0x2216B0;0x222298,0x1F3C90;0x4ECA80;0x146800;0x1726D8;0x2666F8;0x14E8AC
FN_libARSPM_0021EA18,0x21EA18,sub_21EA18,0x21E224;0x221674;0x221CD4;0x2224CC,0x2666F8;0x4ECB10
FN_libARSPM_0021EA80,0x21EA80,sub_21EA80,0x21F844;0x346BC0,0x14130C;0x14130C;0x14130C;0x14130C;0x14130C;0x14130C;0x14130C;0x14130C;0x14130C;0x14130C
FN_libARSPM_0021F67C,0x21F67C,sub_21F67C,0x21F844;0x344568;0x346BC0,0x1AD854;0x1AD854;0x1AD854;0x1AD854;0x146908;0x14130C;0x147468
FN_libARSPM_0021F844,0x21F844,sub_21F844,,0x1F38B4;0x1AD838;0x14119C;0x14130C;0x1AD854;0x1AD854;0x21FB34;0x21EA80;0x21F67C;0x1AD854
FN_libARSPM_0021FA6C,0x21FA6C,sub_21FA6C,,0x145F0C
FN_libARSPM_0021FB34,0x21FB34,sub_21FB34,0x21F844;0x344568,0x4ECA80;0x146800;0x146884;0x14619C;0x4ECB10;0x4ECB10;0x16814C;0x4ECA80;0x168130;0x4ECB10
FN_libARSPM_00220A38,0x220A38,sub_220A38,0x221BF4;0x2223CC,0x1349B8;0x1348D0;0x2666F8
FN_libARSPM_00220B98,0x220B98,sub_220B98,0x21D964;0x22116C;0x221B94;0x221D10,
FN_libARSPM_00220B9C,0x220B9C,sub_220B9C,,0x145F0C
FN_libARSPM_00220D30,0x220D30,sub_220D30,0x21DB40;0x2212F8;0x2218DC;0x221ED8,
FN_libARSPM_00220D68,0x220D68,sub_220D68,0x21DB40;0x2212F8;0x2218DC;0x221ED8,
FN_libARSPM_00220D90,0x220D90,sub_220D90,0x21DB40;0x2212F8;0x2218DC;0x221ED8,0x1EBB08;0x1EBB08;0x4ECB10
FN_libARSPM_00221020,0x221020,sub_221020,0x21DB40;0x2212F8;0x2218DC;0x221ED8,
FN_libARSPM_0022116C,0x22116C,sub_22116C,,0x220B98;0x1756D8
FN_libARSPM_002211CC,0x2211CC,sub_2211CC,,0x21E268;0x21E3F8;0x1B2FD0;0x1B2C54;0x2212F8;0x4ECB10;0x2666F8;0x2666F8;0x21E278
FN_libARSPM_002212F8,0x2212F8,sub_2212F8,0x21DB40;0x21DB40;0x2211CC;0x4AA644;0x4E49E0,0x220D30;0x1EBB08;0x1726D8;0x173B3C;0x221020;0x220D68;0x4ECB10;0x221534;0x21E278;0x220D90
FN_libARSPM_002214DC,0x2214DC,sub_2214DC,,0x21E2BC
FN_libARSPM_00221534,0x221534,sub_221534,0x2212F8,0x172A20;0x172DF0;0x21E744;0x1726D8;0x1F3C90
FN_libARSPM_00221660,0x221660,sub_221660,0x21BF20,
FN_libARSPM_00221674,0x221674,sub_221674,,0x21EA18
FN_libARSPM_002216B0,0x2216B0,sub_2216B0,0x2218DC,0x1AA4E4;0x1AA22C;0x172EB0;0x172BE0;0x172DF0;0x21E744
FN_libARSPM_002217A0,0x2217A0,sub_2217A0,,0x21E268;0x21E3F8;0x1B2FD0;0x1B2FD0;0x2218DC;0x4ECB10;0x2666F8;0x2666F8;0x21E278
FN_libARSPM_002218DC,0x2218DC,sub_2218DC,0x2217A0;0x221BF4;0x4AA5C0;0x4DF8A4,0x1AA4E4;0x220D30;0x1EBB08;0x1726D8;0x173B3C;0x1AA4E4;0x221020;0x220D68;0x4ECB10;0x2216B0
FN_libARSPM_00221B48,0x221B48,sub_221B48,,0x21E2BC
FN_libARSPM_00221B94,0x221B94,sub_221B94,,0x220B98;0x1756D8
FN_libARSPM_00221BF4,0x221BF4,sub_221BF4,0x487184;0x48869C;0x48F534,0x220A38;0x2218DC;0x4ECB10;0x2666F8
FN_libARSPM_00221CC0,0x221CC0,sub_221CC0,0x21BF20,
FN_libARSPM_00221CD4,0x221CD4,sub_221CD4,,0x21EA18
FN_libARSPM_00221D10,0x221D10,sub_221D10,,0x220B98;0x1756D8;0x21E268;0x21E3F8;0x1B2FD0;0x1B2C54;0x1B2C54;0x221ED8;0x4ECB10;0x2666F8
FN_libARSPM_00221ED8,0x221ED8,sub_221ED8,0x221D10;0x221ED8;0x2223CC,0x220D30;0x1EBB08;0x4ECB10;0x1726D8;0x173B3C;0x221020;0x220D68;0x4ECB10;0x222298;0x21E278
FN_libARSPM_00222184,0x222184,sub_222184,,0x21E2BC
FN_libARSPM_002221E0,0x2221E0,sub_2221E0,,0x1AD854;0x172D18;0x172A20;0x1734FC;0x1ADF2C
FN_libARSPM_00222298,0x222298,sub_222298,0x221ED8,0x172A20;0x21E744;0x1726D8;0x1F3C90
FN_libARSPM_002223CC,0x2223CC,sub_2223CC,0x4894C0,0x220A38;0x221ED8;0x4ECB10;0x2666F8
FN_libARSPM_002224B8,0x2224B8,sub_2224B8,0x21BF20,
FN_libARSPM_002224CC,0x2224CC,sub_2224CC,,0x21EA18
FN_libARSPM_002224FC,0x2224FC,sub_2224FC,,0x1B2B40;0x1B295C;0x1B2C54;0x1B2C54;0x1B2B40;0x1B295C;0x1B2C54;0x1B2BF8;0x1B2BF8;0x222630
FN_libARSPM_00222630,0x222630,sub_222630,0x2224FC;0x4DD43C,0x1F3C90;0x1EBB08;0x4ECB10
FN_libARSPM_00222764,0x222764,sub_222764,0x2224FC;0x4DD43C,0x1F3C90;0x1EBB08;0x4ECB10
FN_libARSPM_00222944,0x222944,sub_222944,0x222ADC;0x222ADC;0x222ADC,
FN_libARSPM_00222ADC,0x222ADC,sub_222ADC,0x222D48;0x222D48;0x222D48;0x222D48,0x222944;0x222944;0x222944
FN_libARSPM_00222D48,0x222D48,sub_222D48,0x223098,0x173840;0x222ADC;0x222ADC;0x222ADC;0x222ADC;0x145E20
FN_libARSPM_00222E88,0x222E88,sub_222E88,,0x141420;0x141288;0x1F3DDC;0x1734FC;0x222F70;0x172A20
FN_libARSPM_00222F70,0x222F70,sub_222F70,0x222E88;0x2F3F74,0x134F28;0x134F28;0x174708;0x1756F0;0x223228;0x2239CC
FN_libARSPM_00223098,0x223098,sub_223098,,0x222D48
FN_libARSPM_00223118,0x223118,sub_223118,0x21BF20,0x15AC60
FN_libARSPM_00223154,0x223154,sub_223154,,0x1F3CA8
FN_libARSPM_00223198,0x223198,sub_223198,,0x13502C;0x13502C
FN_libARSPM_002231DC,0x2231DC,sub_2231DC,,0x13502C;0x13502C;0x1F3E90
FN_libARSPM_00223228,0x223228,sub_223228,0x222F70,0x1AA23C;0x1AA23C;0x1AA23C;0x1AA23C
FN_libARSPM_002239CC,0x2239CC,sub_2239CC,0x222F70,
FN_libARSPM_00223B04,0x223B04,sub_223B04,,0x1B3B5C;0x1B2ACC
FN_libARSPM_00223D84,0x223D84,sub_223D84,0x47D3C8;0x485134;0x48AD24;0x4A8988;0x4A8988,
FN_libARSPM_00223D94,0x223D94,sub_223D94,0x485134,
FN_libARSPM_00223DD0,0x223DD0,sub_223DD0,,0x1AD854;0x1AD854;0x1AD854;0x1AD854;0x1AD854;0x1AD854;0x1AD854;0x1AD854
FN_libARSPM_0022403C,0x22403C,sub_22403C,0x483998;0x483998;0x483998;0x485970;0x489DC0;0x4D9500;0x4DE0F8,
FN_libARSPM_0022404C,0x22404C,sub_22404C,0x485970,
FN_libARSPM_0022405C,0x22405C,sub_22405C,0x21BF20,0x15AC60
FN_libARSPM_002240C4,0x2240C4,sub_2240C4,,0x1477A8;0x1AD854;0x1477A8;0x1AD854
FN_libARSPM_00224134,0x224134,sub_224134,,0x146FB0;0x4ECB10;0x14803C;0x148054;0x146FB0;0x4ECB10;0x14803C;0x148054
FN_libARSPM_00224250,0x224250,sub_224250,,0x1B2CA8;0x1B295C;0x2243D8;0x2242DC
FN_libARSPM_002242DC,0x2242DC,sub_2242DC,0x224250;0x4DD920;0x4DE794,0x4ECA80;0x146884;0x146800;0x147468;0x4ECB10;0x4ECB10
FN_libARSPM_002243D8,0x2243D8,sub_2243D8,0x224250;0x4DE794;0x4E0520,0x4ECA80;0x146800;0x146884;0x147468;0x4ECB10;0x4ECB10;0x1B3C48;0x1B295C;0x14701C;0x1B295C
FN_libARSPM_002246E4,0x2246E4,sub_2246E4,0x21BF20,0x15AC60;0x15AC60
FN_libARSPM_00224734,0x224734,sub_224734,,0x4ECB10;0x4ECB10
FN_libARSPM_002247A0,0x2247A0,sub_2247A0,,0x4ECB10;0x4ECB10
FN_libARSPM_00224828,0x224828,sub_224828,0x2F5F00,0x146A7C;0x146B74;0x14619C
FN_libARSPM_002248D4,0x2248D4,sub_2248D4,,0x4ECA80;0x146800;0x146A7C;0x146B74;0x14619C;0x4ECA80;0x167CF4;0x4ECB10;0x4ECA80;0x167CF4
FN_libARSPM_00224C0C,0x224C0C,sub_224C0C,,0x4ECA80;0x146800;0x146A7C;0x146B74;0x14619C;0x4ECA80;0x167CF4;0x4ECB10;0x4ECA80;0x167CF4
FN_libARSPM_00224E84,0x224E84,sub_224E84,,0x1B4CAC;0x1B2ACC;0x1B2ACC;0x1B2ACC;0x1B3B5C;0x1B3B5C;0x1B2B40;0x1B295C
FN_libARSPM_002250BC,0x2250BC,sub_2250BC,0x21BF20,
FN_libARSPM_002250D0,0x2250D0,sub_2250D0,,0x4ECB10
FN_libARSPM_0022511C,0x22511C,sub_22511C,,0x4ECB10
FN_libARSPM_00225188,0x225188,sub_225188,,0x1AD854;0x14130C;0x1AD854;0x1AD854
FN_libARSPM_00225274,0x225274,sub_225274,,0x22680C;0x4ECA80;0x4ECB10;0x4ECB10
FN_libARSPM_00225344,0x225344,sub_225344,0x4866BC;0x4866BC;0x486C3C;0x486C3C;0x4A8988,0x225508;0x4ECA80;0x4ECB10;0x4ECB10
FN_libARSPM_00225414,0x225414,sub_225414,0x21BF20,0x15AC60
FN_libARSPM_00225450,0x225450,sub_225450,,0x4ECB10
FN_libARSPM_0022549C,0x22549C,sub_22549C,,0x4ECB10
FN_libARSPM_00225508,0x225508,sub_225508,0x225344;0x22680C,0x134F28;0x168208;0x167F28;0x135B2C;0x167CB0;0x1361AC;0x134F60;0x13502C
FN_libARSPM_0022680C,0x22680C,sub_22680C,0x225274,0x1B3B44;0x225508
FN_libARSPM_0022688C,0x22688C,sub_22688C,,0x13502C
FN_libARSPM_002268C4,0x2268C4,sub_2268C4,,0x174B9C;0x16C6FC;0x16A5E4;0x16A668;0x16A680;0x174708;0x1AA4E4;0x1AA2D0;0x226C78;0x16A5E4
FN_libARSPM_00226A3C,0x226A3C,sub_226A3C,,0x1B3B44;0x1B2C54;0x226BA0
FN_libARSPM_00226BA0,0x226BA0,sub_226BA0,0x226A3C,
FN_libARSPM_00226C78,0x226C78,sub_226C78,0x2268C4,0x16A5E4;0x226F04
FN_libARSPM_00226F04,0x226F04,sub_226F04,0x226C78,
FN_libARSPM_00226F48,0x226F48,sub_226F48,,0x1B4CAC
FN_libARSPM_00226FB0,0x226FB0,sub_226FB0,,0x16A5E4;0x16A668;0x134F28;0x135F34;0x18B76C;0x4ECA80;0x18C0B8;0x4ECB10;0x18C3A0;0x142F84
FN_libARSPM_0022719C,0x22719C,sub_22719C,0x21BF20,0x15AC60
FN_libARSPM_002271D8,0x2271D8,sub_2271D8,,0x4ECB10
FN_libARSPM_00227230,0x227230,sub_227230,,0x4ECB10
FN_libARSPM_002272C4,0x2272C4,sub_2272C4,0x4A9B44,
FN_libARSPM_00227330,0x227330,sub_227330,0x21BF20,0x1B2C54
FN_libARSPM_002273E4,0x2273E4,sub_2273E4,,0x1926B8;0x18F0BC;0x18F3F0;0x1923B0;0x18E788;0x18F2EC;0x18E788;0x18F0BC;0x18EFE0;0x1926F4
FN_libARSPM_00227704,0x227704,sub_227704,,0x2666F8
FN_libARSPM_00227768,0x227768,sub_227768,,0x18DF80;0x1726D8;0x227CA4;0x1AA4E4;0x1AA22C;0x18F468;0x18F468
FN_libARSPM_00227CA4,0x227CA4,sub_227CA4,0x227768,0x1726D8;0x173B3C;0x172690;0x174980
FN_libARSPM_00227F88,0x227F88,sub_227F88,,0x1B2C54;0x1B3D70;0x1B295C;0x14E8AC;0x1B3B5C;0x1B3B5C;0x1B3B5C;0x228F94;0x266704;0x228300
FN_libARSPM_002281B0,0x2281B0,sub_2281B0,0x3F85B8;0x4A9908;0x4E73F0,0x228F94;0x266704;0x228300
FN_libARSPM_00228300,0x228300,sub_228300,0x227F88;0x2281B0;0x30D5D0,
FN_libARSPM_00228478,0x228478,sub_228478,0x30D5D0,0x1DA744;0x18D2E0;0x18DF80;0x18DF80;0x18E788;0x18EFE0;0x18E08C;0x1926B8;0x1923B0;0x1923B0
FN_libARSPM_00228DF4,0x228DF4,sub_228DF4,0x228478,0x1DA744;0x18DF80;0x1AA4E4;0x1AA22C;0x1AA22C;0x18EFAC;0x1DA778
FN_libARSPM_00228F94,0x228F94,sub_228F94,0x227F88;0x2281B0,
FN_libARSPM_00228FFC,0x228FFC,sub_228FFC,0x21BF20,0x1B2C54;0x1B2C54;0x1B2B40
FN_libARSPM_00229148,0x229148,sub_229148,,0x1DA744;0x19CD20;0x19CED0;0x19CF08;0x19CF3C;0x19CED0;0x19CF1C;0x19CEE8;0x1AA3D0;0x18E788
FN_libARSPM_00229410,0x229410,sub_229410,0x22961C,0x1726D8;0x173B3C;0x172690;0x18D364
FN_libARSPM_002294F0,0x2294F0,sub_2294F0,0x21BF20,0x1B3158;0x1B2C54;0x1726D8;0x173B3C;0x172690
FN_libARSPM_0022961C,0x22961C,sub_22961C,0x21BF20,0x1B3158;0x18D2E0;0x1B3894;0x229410;0x18D3DC
FN_libARSPM_0022970C,0x22970C,sub_22970C,,0x229804;0x1DA7A4
FN_libARSPM_00229768,0x229768,sub_229768,,0x173840;0x18E788;0x18EFE0
FN_libARSPM_00229804,0x229804,sub_229804,0x22970C,0x18D2E0;0x191920;0x18E03C;0x1B67D4;0x1B6830;0x1B9524;0x1B6994;0x1B87DC;0x1B8838;0x1B6994
FN_libARSPM_002299B0,0x2299B0,sub_2299B0,,0x173840
FN_libARSPM_00229A84,0x229A84,sub_229A84,,0x18D3DC
FN_libARSPM_00229B24,0x229B24,sub_229B24,,0x18D2E0;0x18D2E0;0x19C2E4;0x19C2E4;0x18D428;0x18D428;0x22B064;0x18D3DC;0x18D3DC
FN_libARSPM_00229C18,0x229C18,sub_229C18,,0x1B62D8;0x1B6360
FN_libARSPM_00229DA4,0x229DA4,sub_229DA4,,0x1B4CAC;0x1B4CAC;0x1B2B40;0x1B295C;0x4ECB10;0x4ECB10
FN_libARSPM_00229EA0,0x229EA0,sub_229EA0,,0x191920
FN_libARSPM_00229EE4,0x229EE4,sub_229EE4,,0x1B3158
FN_libARSPM_00229FC0,0x229FC0,sub_229FC0,,0x1DA608;0x1DA7A4;0x1DA7E8
FN_libARSPM_0022A048,0x22A048,sub_22A048,,0x1DA608;0x1DA7A4;0x1DA914;0x1DA914
FN_libARSPM_0022A158,0x22A158,sub_22A158,,0x1B2C54;0x1B2C54;0x1B2B40;0x1B295C;0x1B2B40;0x1B295C
FN_libARSPM_0022A26C,0x22A26C,sub_22A26C,,0x1DA744;0x18D428;0x1DA744;0x1DA7E8;0x18DAF4;0x18DAF4;0x191644;0x18D428;0x1DA778;0x172690
FN_libARSPM_0022A39C,0x22A39C,sub_22A39C,,0x4ECA80
FN_libARSPM_0022A438,0x22A438,sub_22A438,,0x4ECB10;0x4ECB10
FN_libARSPM_0022A4C0,0x22A4C0,sub_22A4C0,,0x4ECB10;0x4ECB10
FN_libARSPM_0022A57C,0x22A57C,sub_22A57C,,0x174980
FN_libARSPM_0022A5BC,0x22A5BC,sub_22A5BC,,0x18E08C;0x18E08C;0x18D5A8;0x1B62D8;0x18F468;0x18DFC8;0x18DFC8;0x18D2E0;0x18DFC8;0x18DFC8
FN_libARSPM_0022A9B4,0x22A9B4,sub_22A9B4,0x22A5BC,0x241BD8;0x1563CC;0x238D30;0x23A86C;0x2390A8;0x24296C;0x23A86C;0x2390A8;0x24296C;0x23AD48
FN_libARSPM_0022B000,0x22B000,sub_22B000,0x22A5BC,0x1563F8;0x18D3DC;0x2666F8
FN_libARSPM_0022B064,0x22B064,sub_22B064,0x229B24;0x4A9BD8;0x4ABF44;0x4CFE60;0x4E0A80,
FN_libARSPM_0022B068,0x22B068,sub_22B068,,0x18DAC4;0x18D428;0x14119C;0x22BCAC;0x1563CC;0x1563CC;0x1563CC;0x22BCC4;0x22C118;0x246BAC
FN_libARSPM_0022B680,0x22B680,sub_22B680,0x22A5BC;0x4ABF44;0x4ABF44,
FN_libARSPM_0022B684,0x22B684,sub_22B684,0x22EC84;0x22EC84;0x22EC84;0x22EC84;0x22EC84;0x22EC84;0x230C6C;0x230C6C;0x230C6C;0x230C6C,
FN_libARSPM_0022B6E0,0x22B6E0,sub_22B6E0,0x231BBC;0x231EE4;0x2321F0;0x234F90;0x2352E8;0x235620;0x23708C;0x2373CC;0x2376EC;0x24B63C,
FN_libARSPM_0022B73C,0x22B73C,sub_22B73C,0x22E55C;0x22E55C;0x22E718;0x22E718;0x230558;0x230558;0x230558;0x230558;0x230558;0x230558,
FN_libARSPM_0022B7C4,0x22B7C4,sub_22B7C4,0x22D570;0x22D570;0x22D570;0x22D570;0x22D570;0x22D570;0x2333DC;0x233530;0x233BE4;0x234174,
FN_libARSPM_0022B824,0x22B824,sub_22B824,0x244728,
FN_libARSPM_0022B85C,0x22B85C,sub_22B85C,0x22D748;0x22D748;0x2330C8;0x233DA4,
FN_libARSPM_0022B8E4,0x22B8E4,sub_22B8E4,0x244B84;0x244B84,
FN_libARSPM_0022B940,0x22B940,sub_22B940,0x23641C,
FN_libARSPM_0022B9C8,0x22B9C8,sub_22B9C8,0x23641C,
FN_libARSPM_0022BA00,0x22BA00,sub_22BA00,0x22D1B8;0x22D1B8;0x22DF08;0x22DF08;0x22FB20;0x22FB20;0x231BBC;0x231BBC;0x231EE4;0x231EE4,
FN_libARSPM_0022BA60,0x22BA60,sub_22BA60,0x2330C8;0x2330C8;0x2333DC;0x233530;0x233DA4;0x233DA4;0x233DA4,
FN_libARSPM_0022BBE4,0x22BBE4,sub_22BBE4,0x247358,
FN_libARSPM_0022BC48,0x22BC48,sub_22BC48,0x247358;0x247358;0x247358;0x247358;0x247358;0x247358;0x247358;0x247358,
FN_libARSPM_0022BCAC,0x22BCAC,sub_22BCAC,0x22A5BC;0x22B068;0x4ABA64,
FN_libARSPM_0022BCC4,0x22BCC4,sub_22BCC4,0x22A5BC;0x22B068;0x4ABA64,0x22BD08
FN_libARSPM_0022BD08,0x22BD08,sub_22BD08,0x22BCC4,0x18DFDC;0x18DFDC;0x22DCB8;0x22D0E0;0x22D1B8;0x22DDC8;0x22D0E0;0x156714;0x156714;0x22DCB8
FN_libARSPM_0022C0F0,0x22C0F0,sub_22C0F0,0x22A5BC,
FN_libARSPM_0022C118,0x22C118,sub_22C118,0x22A5BC;0x22B068;0x4ABA64,0x22C254;0x2382FC;0x2382FC
FN_libARSPM_0022C254,0x22C254,sub_22C254,0x22C118,0x2382FC;0x2382FC;0x238930;0x195E40;0x22DCB8;0x22DCB8;0x22FC1C;0x195DF4;0x1974D0;0x22DD2C
FN_libARSPM_0022D0E0,0x22D0E0,sub_22D0E0,0x22BD08;0x22BD08;0x22BD08,0x22D1B8;0x156714;0x156714;0x156714
FN_libARSPM_0022D1B8,0x22D1B8,sub_22D1B8,0x22BD08;0x22C254;0x22C254;0x22C254;0x22C254;0x22C254;0x22C254;0x22D0E0;0x22DDC8;0x22DDC8,0x22BA00;0x22BA00
FN_libARSPM_0022D2D0,0x22D2D0,sub_22D2D0,0x22C254;0x22D2D0,0x22D2D0
FN_libARSPM_0022D570,0x22D570,sub_22D570,0x22DCB8;0x22DD2C,0x22B7C4;0x22B7C4;0x22B7C4;0x22B7C4;0x22B7C4;0x22B7C4;0x22E890;0x22DF08
FN_libARSPM_0022D748,0x22D748,sub_22D748,0x22DDC8,0x22DF08;0x22F970;0x22B85C;0x22B85C
FN_libARSPM_0022DCB8,0x22DCB8,sub_22DCB8,0x22BD08;0x22BD08;0x22C254;0x22C254,0x22D570
FN_libARSPM_0022DD2C,0x22DD2C,sub_22DD2C,0x22C254;0x22C254,0x22D570
FN_libARSPM_0022DDC8,0x22DDC8,sub_22DDC8,0x22BD08;0x22C254;0x22C254,0x22D1B8;0x22D1B8;0x22D1B8;0x22D748
FN_libARSPM_0022DF08,0x22DF08,sub_22DF08,0x22D570;0x22D748;0x22EF90;0x230F10;0x230F10;0x234C1C;0x23E130;0x248828;0x249A50;0x249A50,0x22BA00;0x22BA00
FN_libARSPM_0022E49C,0x22E49C,sub_22E49C,0x230400,
FN_libARSPM_0022E55C,0x22E55C,sub_22E55C,0x22FC1C;0x2302B0;0x234818;0x234F90;0x2352E8;0x235620;0x235968;0x23708C;0x2373CC;0x2376EC,0x22B73C;0x22B73C
FN_libARSPM_0022E718,0x22E718,sub_22E718,0x230558;0x230558,0x22B73C;0x22B73C
FN_libARSPM_0022E890,0x22E890,sub_22E890,0x22D570,
FN_libARSPM_0022E990,0x22E990,sub_22E990,0x23CC5C;0x240F10;0x2420B0;0x2466C0,0x2CFAA0
FN_libARSPM_0022EA2C,0x22EA2C,sub_22EA2C,0x234444;0x23708C;0x23708C;0x2373CC;0x2373CC;0x2376EC;0x2376EC;0x237A18;0x237C70;0x237E78,
FN_libARSPM_0022EA90,0x22EA90,sub_22EA90,0x234444;0x234580,
FN_libARSPM_0022EAB4,0x22EAB4,sub_22EAB4,0x234444;0x234444;0x234580;0x234580,
FN_libARSPM_0022EAD8,0x22EAD8,sub_22EAD8,0x22EC84;0x22F214,
FN_libARSPM_0022EC84,0x22EC84,sub_22EC84,0x239224,0x22EAD8;0x2362F0;0x22B684;0x22B684;0x22B684;0x22B684;0x22B684;0x22B684
FN_libARSPM_0022EEC0,0x22EEC0,sub_22EEC0,0x234444;0x234444,
FN_libARSPM_0022EF90,0x22EF90,sub_22EF90,,0x22DF08
FN_libARSPM_0022F038,0x22F038,sub_22F038,,0x2CFAA0
FN_libARSPM_0022F108,0x22F108,sub_22F108,,0x141420;0x141288
FN_libARSPM_0022F214,0x22F214,sub_22F214,,0x22EAD8
FN_libARSPM_0022F28C,0x22F28C,sub_22F28C,0x2302B0,
FN_libARSPM_0022F5E8,0x22F5E8,sub_22F5E8,0x231BBC;0x231BBC;0x231EE4;0x231EE4;0x2321F0;0x2321F0;0x2324B0;0x232564;0x232750;0x232840,
FN_libARSPM_0022F668,0x22F668,sub_22F668,0x230A70,
FN_libARSPM_0022F754,0x22F754,sub_22F754,0x232564;0x232750;0x232840,
FN_libARSPM_0022F7D4,0x22F7D4,sub_22F7D4,,0x231498
FN_libARSPM_0022F970,0x22F970,sub_22F970,0x22D748,0x22FB20
FN_libARSPM_0022FB20,0x22FB20,sub_22FB20,0x22F970;0x23BF64,0x22BA00;0x22BA00
FN_libARSPM_0022FC1C,0x22FC1C,sub_22FC1C,0x22C254,0x1967D4;0x22E55C;0x230400
FN_libARSPM_002300F4,0x2300F4,sub_2300F4,0x2346C4,
FN_libARSPM_002301A0,0x2301A0,sub_2301A0,0x2346C4;0x2346C4,
FN_libARSPM_0023024C,0x23024C,sub_23024C,0x244B84,
FN_libARSPM_002302B0,0x2302B0,sub_2302B0,0x232564;0x232750;0x232840,0x22E55C;0x2311F8;0x22F28C
FN_libARSPM_00230400,0x230400,sub_230400,0x22FC1C;0x232564;0x232750;0x232840,0x230558;0x22E49C
FN_libARSPM_00230558,0x230558,sub_230558,0x230400,0x22E718;0x22B73C;0x22B73C;0x22B73C;0x22B73C;0x22B73C;0x22B73C;0x22E718
FN_libARSPM_00230900,0x230900,sub_230900,0x23CCE0;0x240F94;0x242134;0x246744,0x2CFAA0
FN_libARSPM_00230A30,0x230A30,sub_230A30,0x232564;0x232750;0x232840;0x2346C4;0x2346C4,
FN_libARSPM_00230A70,0x230A70,sub_230A70,0x22C254;0x230C6C;0x231180,0x22F668
FN_libARSPM_00230C6C,0x230C6C,sub_230C6C,0x239224,0x230A70;0x22B684;0x22B684;0x22B684;0x22B684;0x22B684;0x22B684;0x22B684
FN_libARSPM_00230E40,0x230E40,sub_230E40,0x22C254,
FN_libARSPM_00230F10,0x230F10,sub_230F10,,0x22DF08;0x22DF08
FN_libARSPM_00231050,0x231050,sub_231050,,0x141420;0x141288
FN_libARSPM_00231180,0x231180,sub_231180,,0x230A70
FN_libARSPM_002311F8,0x2311F8,sub_2311F8,0x2302B0;0x2311F8;0x244B84,0x2311F8
FN_libARSPM_00231498,0x231498,sub_231498,0x22F7D4,0x2319D8;0x2319D8;0x2319D8
FN_libARSPM_002319D8,0x2319D8,sub_2319D8,0x231498;0x231498;0x231498,
FN_libARSPM_00231B64,0x231B64,sub_231B64,0x247358;0x247358,0x231BBC
FN_libARSPM_00231BBC,0x231BBC,sub_231BBC,0x231B64,0x2333A4;0x233748;0x2333A4;0x233748;0x232928;0x232750;0x233748;0x22F5E8;0x232A20;0x22F5E8
FN_libARSPM_00231E8C,0x231E8C,sub_231E8C,0x247358;0x247358,0x231EE4
FN_libARSPM_00231EE4,0x231EE4,sub_231EE4,0x231E8C,0x2334F8;0x233748;0x2334F8;0x233748;0x232E90;0x232840;0x233748;0x22F5E8;0x232A20;0x22F5E8
FN_libARSPM_002321B8,0x2321B8,sub_2321B8,0x247358;0x247358,0x2321F0
FN_libARSPM_002321F0,0x2321F0,sub_2321F0,0x2321B8,0x233094;0x233094;0x232F88;0x232564;0x233748;0x22F5E8;0x232A20;0x22F5E8;0x22BA00;0x22BA00
FN_libARSPM_002324B0,0x2324B0,sub_2324B0,0x23CDF4;0x2410A8;0x24665C,0x232564;0x22F5E8
FN_libARSPM_00232564,0x232564,sub_232564,0x2321F0;0x2324B0,0x22F754;0x230400;0x22F5E8;0x230A30;0x2302B0
FN_libARSPM_0023274C,0x23274C,sub_23274C,0x241EF4,
FN_libARSPM_00232750,0x232750,sub_232750,0x231BBC,0x22F754;0x230400;0x22F5E8;0x230A30;0x2302B0
FN_libARSPM_0023283C,0x23283C,sub_23283C,0x241F38,
FN_libARSPM_00232840,0x232840,sub_232840,0x231EE4,0x22F754;0x230400;0x22F5E8;0x230A30;0x2302B0
FN_libARSPM_00232928,0x232928,sub_232928,0x231BBC,0x2333DC;0x233748;0x2333DC;0x233748
FN_libARSPM_00232A20,0x232A20,sub_232A20,0x231BBC;0x231EE4;0x2321F0,0x23304C;0x22F5E8;0x22BA00
FN_libARSPM_00232CD0,0x232CD0,sub_232CD0,0x231BBC;0x231EE4;0x2321F0,0x233CD0;0x233B80;0x22F5E8;0x2330C8;0x233B80
FN_libARSPM_00232DC0,0x232DC0,sub_232DC0,,0x233DA4;0x233748;0x233DA4
FN_libARSPM_00232E90,0x232E90,sub_232E90,0x231EE4,0x233530;0x233748;0x233530;0x233748
FN_libARSPM_00232F88,0x232F88,sub_232F88,0x2321F0,0x2330C8;0x233748;0x2330C8;0x233748
FN_libARSPM_0023304C,0x23304C,sub_23304C,0x232A20;0x235C0C;0x2362F0;0x2362F0;0x2362F0;0x23641C;0x237C70;0x23CA2C;0x23CB48;0x241F7C,
FN_libARSPM_00233094,0x233094,sub_233094,0x2321F0;0x2321F0;0x2321F0;0x235620;0x235620;0x235620;0x23641C;0x23641C;0x23641C;0x23641C,
FN_libARSPM_002330C8,0x2330C8,sub_2330C8,0x232CD0;0x232F88;0x232F88;0x235E14;0x2360CC;0x2360CC;0x23641C;0x23641C;0x23641C;0x23641C,0x22BA60;0x22BA60;0x22B85C
FN_libARSPM_002332C8,0x2332C8,sub_2332C8,0x244B84,
FN_libARSPM_002333A4,0x2333A4,sub_2333A4,0x231BBC;0x231BBC;0x234F90;0x234F90;0x2368BC;0x2368BC;0x2368BC;0x23708C;0x23708C,
FN_libARSPM_002333DC,0x2333DC,sub_2333DC,0x232928;0x232928;0x235B14;0x235B14;0x2368BC;0x2368BC;0x2368BC;0x237B78;0x237B78,0x22B684;0x22BA60;0x22B7C4
FN_libARSPM_002334F8,0x2334F8,sub_2334F8,0x231EE4;0x231EE4;0x2352E8;0x2352E8;0x236C84;0x236C84;0x236C84;0x2373CC;0x2373CC,
FN_libARSPM_00233530,0x233530,sub_233530,0x232E90;0x232E90;0x235FD4;0x235FD4;0x236C84;0x236C84;0x236C84;0x238038;0x238038,0x22B684;0x22BA60;0x22B7C4
FN_libARSPM_0023364C,0x23364C,sub_23364C,0x244728,
FN_libARSPM_002336D8,0x2336D8,sub_2336D8,0x231BBC;0x231EE4;0x234F90;0x2352E8;0x23708C;0x2373CC,
FN_libARSPM_00233748,0x233748,sub_233748,0x231BBC;0x231BBC;0x231BBC;0x231EE4;0x231EE4;0x231EE4;0x2321F0;0x2321F0;0x2321F0;0x232928,
FN_libARSPM_00233ACC,0x233ACC,sub_233ACC,0x23641C;0x23641C;0x24D190;0x24D190;0x24D190;0x24D190,0x233748
FN_libARSPM_00233B18,0x233B18,sub_233B18,0x24D72C;0x24D72C,0x233748;0x233748
FN_libARSPM_00233B80,0x233B80,sub_233B80,0x232CD0;0x232CD0;0x235E14;0x235E14;0x237E78;0x237E78;0x24D72C;0x24D72C,
FN_libARSPM_00233BA4,0x233BA4,sub_233BA4,0x24B63C,
FN_libARSPM_00233BE4,0x233BE4,sub_233BE4,0x244954;0x244954,0x22B7C4
FN_libARSPM_00233CD0,0x233CD0,sub_233CD0,0x232CD0;0x235E14;0x236190;0x236190;0x237E78;0x24D72C,
FN_libARSPM_00233DA4,0x233DA4,sub_233DA4,0x232DC0;0x232DC0;0x235F04;0x235F04;0x237F68;0x237F68,0x22BA60;0x22BA60;0x22BA60;0x22B85C
FN_libARSPM_00234034,0x234034,sub_234034,0x238304,0x234580
FN_libARSPM_002340A0,0x2340A0,sub_2340A0,0x2385A4,0x2346C4
FN_libARSPM_0023410C,0x23410C,sub_23410C,0x2389C0,0x234444
FN_libARSPM_00234174,0x234174,sub_234174,0x2390A8;0x244B84,0x22B7C4;0x22B7C4;0x22B7C4;0x22B7C4
FN_libARSPM_00234444,0x234444,sub_234444,0x23410C,0x22EA90;0x22EAB4;0x22EEC0;0x22EAB4;0x22EEC0;0x22EA2C
FN_libARSPM_00234580,0x234580,sub_234580,0x234034,0x22EA90;0x22EAB4;0x234818;0x22EAB4;0x234818;0x234948
FN_libARSPM_002346C4,0x2346C4,sub_2346C4,0x2340A0,0x2300F4;0x2301A0;0x230A30;0x2301A0;0x230A30;0x22F5E8
FN_libARSPM_00234800,0x234800,sub_234800,0x2489AC;0x2498B8;0x249A50;0x24A0B4;0x24A0B4;0x24A904;0x24A904;0x24B184;0x24B184;0x24CC54,
FN_libARSPM_00234818,0x234818,sub_234818,0x234580;0x234580,0x22E55C
FN_libARSPM_00234894,0x234894,sub_234894,0x23CC9C;0x240F50;0x2420F0;0x246700,0x2CFAA0
FN_libARSPM_00234948,0x234948,sub_234948,0x234580;0x234F90;0x234F90;0x2352E8;0x2352E8;0x235620;0x235620;0x235968;0x235C0C;0x235E14,
FN_libARSPM_002349DC,0x2349DC,sub_2349DC,0x234B7C;0x234EB8,
FN_libARSPM_00234B7C,0x234B7C,sub_234B7C,0x239224,0x2349DC
FN_libARSPM_00234C1C,0x234C1C,sub_234C1C,,0x22DF08
FN_libARSPM_00234CC8,0x234CC8,sub_234CC8,,0x2CFAA0
FN_libARSPM_00234DA0,0x234DA0,sub_234DA0,,0x141420;0x141288
FN_libARSPM_00234EB8,0x234EB8,sub_234EB8,,0x2349DC
FN_libARSPM_00234F38,0x234F38,sub_234F38,0x247358;0x247358,0x234F90
FN_libARSPM_00234F90,0x234F90,sub_234F90,0x234F38,0x2333A4;0x233748;0x2333A4;0x233748;0x235B14;0x22E55C;0x233748;0x234948;0x235C0C;0x234948
FN_libARSPM_00235290,0x235290,sub_235290,0x247358;0x247358,0x2352E8
FN_libARSPM_002352E8,0x2352E8,sub_2352E8,0x235290,0x2334F8;0x233748;0x2334F8;0x233748;0x235FD4;0x22E55C;0x233748;0x234948;0x235C0C;0x234948
FN_libARSPM_002355E8,0x2355E8,sub_2355E8,0x247358;0x247358,0x235620
FN_libARSPM_00235620,0x235620,sub_235620,0x2355E8,0x233094;0x233094;0x2360CC;0x22E55C;0x233748;0x234948;0x235C0C;0x234948;0x22BA00;0x22BA00
FN_libARSPM_00235968,0x235968,sub_235968,0x23CDA8;0x24105C;0x246610,0x22E55C;0x234948
FN_libARSPM_00235A84,0x235A84,sub_235A84,0x241E6C,
FN_libARSPM_00235ACC,0x235ACC,sub_235ACC,0x241EB0,
FN_libARSPM_00235B14,0x235B14,sub_235B14,0x234F90,0x2333DC;0x233748;0x2333DC;0x233748
FN_libARSPM_00235C0C,0x235C0C,sub_235C0C,0x234F90;0x2352E8;0x235620,0x23304C;0x22D1B8;0x22D1B8;0x234948
FN_libARSPM_00235E14,0x235E14,sub_235E14,0x234F90;0x2352E8;0x235620,0x233CD0;0x233B80;0x234948;0x2330C8;0x233B80
FN_libARSPM_00235F04,0x235F04,sub_235F04,,0x233DA4;0x233748;0x233DA4
FN_libARSPM_00235FD4,0x235FD4,sub_235FD4,0x2352E8,0x233530;0x233748;0x233530;0x233748
FN_libARSPM_002360CC,0x2360CC,sub_2360CC,0x235620,0x2330C8;0x233748;0x2330C8;0x233748
FN_libARSPM_00236190,0x236190,sub_236190,0x23641C;0x2368BC;0x236C84,0x233CD0;0x233CD0
FN_libARSPM_002362F0,0x2362F0,sub_2362F0,0x22EC84;0x23CD24;0x240FD8;0x24658C,0x22B7C4;0x23304C;0x23304C;0x23304C
FN_libARSPM_0023641C,0x23641C,sub_23641C,0x247358,0x233094;0x233094;0x233094;0x233094;0x233748;0x22B940;0x233748;0x233094;0x233748;0x233094
FN_libARSPM_00236878,0x236878,sub_236878,0x241CDC,
FN_libARSPM_002368BC,0x2368BC,sub_2368BC,0x247358;0x247358,0x233094;0x233748;0x233094;0x233748;0x2333A4;0x233748;0x2333A4;0x233748;0x2333A4;0x233748
FN_libARSPM_00236C40,0x236C40,sub_236C40,0x241D64,
FN_libARSPM_00236C84,0x236C84,sub_236C84,0x247358;0x247358,0x233094;0x233748;0x233094;0x233748;0x2334F8;0x233748;0x2334F8;0x233748;0x2334F8;0x233748
FN_libARSPM_00237034,0x237034,sub_237034,0x247358;0x247358,0x23708C
FN_libARSPM_0023708C,0x23708C,sub_23708C,0x237034,0x2333A4;0x233748;0x2333A4;0x233748;0x237B78;0x22E55C;0x233748;0x22EA2C;0x237C70;0x22EA2C
FN_libARSPM_00237374,0x237374,sub_237374,0x247358;0x247358,0x2373CC
FN_libARSPM_002373CC,0x2373CC,sub_2373CC,0x237374,0x2334F8;0x233748;0x2334F8;0x233748;0x238038;0x22E55C;0x233748;0x22EA2C;0x237C70;0x22EA2C
FN_libARSPM_002376B4,0x2376B4,sub_2376B4,0x247358;0x247358,0x2376EC
FN_libARSPM_002376EC,0x2376EC,sub_2376EC,0x2376B4,0x233094;0x233094;0x238130;0x22E55C;0x233748;0x22EA2C;0x237C70;0x22EA2C;0x22BA00;0x22BA00
FN_libARSPM_00237A18,0x237A18,sub_237A18,0x23CD60;0x241014;0x2465C8,0x22E55C;0x22EA2C
FN_libARSPM_00237B18,0x237B18,sub_237B18,0x241DEC,
FN_libARSPM_00237B48,0x237B48,sub_237B48,0x241E2C,
FN_libARSPM_00237B78,0x237B78,sub_237B78,0x23708C,0x2333DC;0x233748;0x2333DC;0x233748
FN_libARSPM_00237C70,0x237C70,sub_237C70,0x23708C;0x2373CC;0x2376EC,0x23304C;0x22D1B8;0x22D1B8;0x22EA2C
FN_libARSPM_00237E78,0x237E78,sub_237E78,0x23708C;0x2373CC;0x2376EC,0x233CD0;0x233B80;0x22EA2C;0x2330C8;0x233B80
FN_libARSPM_00237F68,0x237F68,sub_237F68,,0x233DA4;0x233748;0x233DA4
FN_libARSPM_00238038,0x238038,sub_238038,0x2373CC,0x233530;0x233748;0x233530;0x233748
FN_libARSPM_00238130,0x238130,sub_238130,0x2376EC,0x2330C8;0x233748;0x2330C8;0x233748
FN_libARSPM_002381F4,0x2381F4,sub_2381F4,0x4ABA64,
FN_libARSPM_002381FC,0x2381FC,sub_2381FC,,0x2390A8;0x242864
FN_libARSPM_00238248,0x238248,sub_238248,0x4ABA64,0x2390A8;0x242864
FN_libARSPM_00238290,0x238290,sub_238290,0x2468B8,
FN_libARSPM_002382C0,0x2382C0,sub_2382C0,0x22C254,0x2382FC
FN_libARSPM_002382FC,0x2382FC,sub_2382FC,0x22C118;0x22C118;0x22C254;0x22C254;0x22C254;0x22C254;0x22C254;0x22C254;0x22C254;0x22C254,
FN_libARSPM_00238304,0x238304,sub_238304,,0x14130C;0x14130C;0x23B470;0x1B6110;0x14130C;0x23B470;0x234034
FN_libARSPM_002385A4,0x2385A4,sub_2385A4,0x22C254,0x2382FC;0x14130C;0x23B470;0x2340A0
FN_libARSPM_00238704,0x238704,sub_238704,0x22C254;0x22C254;0x22C254;0x22C254,0x14130C;0x2382FC;0x2382FC;0x14130C;0x2382FC;0x14130C;0x2382FC
FN_libARSPM_00238930,0x238930,sub_238930,0x22C254,0x2382FC
FN_libARSPM_002389C0,0x2389C0,sub_2389C0,0x22C254,0x2382FC;0x14130C;0x23B470;0x23410C
FN_libARSPM_00238B1C,0x238B1C,sub_238B1C,0x22A9B4;0x246904,0x23D044
FN_libARSPM_00238D30,0x238D30,sub_238D30,0x22A9B4,0x23D708
FN_libARSPM_00238EFC,0x238EFC,sub_238EFC,0x22A9B4;0x2400E8;0x2400E8;0x2415B0,
FN_libARSPM_00238F08,0x238F08,sub_238F08,0x22A9B4,
FN_libARSPM_00238FA8,0x238FA8,sub_238FA8,0x22A9B4;0x22B068;0x22B068,0x23D708
FN_libARSPM_002390A8,0x2390A8,sub_2390A8,0x22A9B4;0x22A9B4;0x22A9B4;0x22A9B4;0x22A9B4;0x22B068;0x22B068;0x22B068;0x22B068;0x2381FC,0x239224;0x234174;0x242810;0x242A78;0x2426CC;0x242714;0x242588
FN_libARSPM_00239224,0x239224,sub_239224,0x2390A8;0x23BF64;0x23BF64;0x244B84,0x22EC84;0x234B7C;0x230C6C
FN_libARSPM_00239464,0x239464,sub_239464,0x23E4BC;0x23E4BC;0x23E4BC;0x23E4BC;0x23E4BC;0x23E4BC;0x23E4BC;0x23E4BC,0x22D1B8;0x23CF2C;0x23D48C
FN_libARSPM_00239628,0x239628,sub_239628,0x23C3A0,0x22D1B8
FN_libARSPM_00239770,0x239770,sub_239770,0x23EE74,0x23CF38;0x23CF38;0x239948;0x23D120;0x23D340
FN_libARSPM_002398E0,0x2398E0,sub_2398E0,0x23E130;0x23E4BC;0x23E4BC;0x23E4BC;0x23E4BC;0x247358;0x247358,0x239948
FN_libARSPM_00239948,0x239948,sub_239948,0x239770;0x2398E0;0x247358;0x247358,0x241100;0x22D1B8;0x14130C;0x23D788;0x241100
FN_libARSPM_00239B80,0x239B80,sub_239B80,0x246CBC,0x241108;0x14130C;0x246444;0x246444;0x14130C;0x246444;0x14130C;0x241108;0x14130C;0x246444
FN_libARSPM_00239E80,0x239E80,sub_239E80,0x22A9B4;0x22B068;0x2400E8;0x2400E8,
FN_libARSPM_00239EA4,0x239EA4,sub_239EA4,0x23F3CC;0x23F3CC;0x23F3CC;0x23F3CC;0x23F3CC;0x23F3CC,0x23D3C0
FN_libARSPM_00239F04,0x239F04,sub_239F04,0x23A668,0x24437C;0x23D708;0x24437C;0x24437C;0x23B96C;0x23BA88
FN_libARSPM_0023A1B0,0x23A1B0,sub_23A1B0,0x22A9B4;0x246904,0x23D708
FN_libARSPM_0023A27C,0x23A27C,sub_23A27C,0x22A9B4,
FN_libARSPM_0023A2F0,0x23A2F0,sub_23A2F0,0x22A9B4,
FN_libARSPM_0023A35C,0x23A35C,sub_23A35C,0x246904,
FN_libARSPM_0023A394,0x23A394,sub_23A394,0x23A668,0x24437C;0x23D708;0x24437C;0x24437C;0x23B96C;0x23BA88
FN_libARSPM_0023A640,0x23A640,sub_23A640,0x23A86C;0x23AE98,
FN_libARSPM_0023A668,0x23A668,sub_23A668,,0x246428;0x2464BC;0x239F04;0x2464BC;0x2464BC;0x246428;0x2464BC;0x23A394;0x2464BC
FN_libARSPM_0023A848,0x23A848,sub_23A848,0x23D120;0x23D120;0x23D534;0x23D678,
FN_libARSPM_0023A86C,0x23A86C,sub_23A86C,0x22A9B4;0x22A9B4,0x23B790;0x241100;0x23A640;0x241100;0x23D708;0x24437C;0x24639C;0x23AD48;0x24639C;0x156714
FN_libARSPM_0023AD48,0x23AD48,sub_23AD48,0x22A9B4;0x22B068;0x23A86C;0x23AE98,0x241100;0x23B790;0x23B790;0x241100
FN_libARSPM_0023AE98,0x23AE98,sub_23AE98,0x22B068;0x22B068,0x23B790;0x241100;0x23A640;0x241100;0x23D708;0x24437C;0x24639C;0x23AD48;0x24639C;0x156714
FN_libARSPM_0023B260,0x23B260,sub_23B260,0x22B068,0x23B790;0x241100;0x241100;0x24437C;0x241100
FN_libARSPM_0023B470,0x23B470,sub_23B470,0x238304;0x238304;0x2385A4;0x2389C0,0x23D788
FN_libARSPM_0023B4E8,0x23B4E8,sub_23B4E8,0x23D988;0x23D988;0x23D988;0x23D988,0x22BA00
FN_libARSPM_0023B714,0x23B714,sub_23B714,0x2400E8;0x2400E8,
FN_libARSPM_0023B720,0x23B720,sub_23B720,0x23D120;0x240C98;0x240C98;0x4ABA64,0x241100
FN_libARSPM_0023B790,0x23B790,sub_23B790,0x23A86C;0x23AD48;0x23AD48;0x23AE98;0x23B260;0x23B96C;0x23B96C;0x23BA88;0x23BA88;0x242AB8,0x246378;0x23D044;0x24437C
FN_libARSPM_0023B96C,0x23B96C,sub_23B96C,0x239F04;0x23A394,0x23D950;0x241100;0x23B790;0x23B790;0x23D950;0x241100
FN_libARSPM_0023BA88,0x23BA88,sub_23BA88,0x239F04;0x23A394;0x2415B0;0x2415B0,0x23D950;0x23D918;0x241100;0x23B790;0x23D950;0x23D918;0x241100;0x23B790
FN_libARSPM_0023BC64,0x23BC64,sub_23BC64,0x2415B0;0x2415B0,
FN_libARSPM_0023BC88,0x23BC88,sub_23BC88,0x246CBC,0x23D044;0x23D760;0x23D4C8;0x23FDCC;0x23BF64;0x23DCE0;0x23DF6C;0x23D044
FN_libARSPM_0023BF64,0x23BF64,sub_23BF64,0x23BC88,0x22D1B8;0x22D1B8;0x239224;0x239224;0x22FB20
FN_libARSPM_0023C1A0,0x23C1A0,sub_23C1A0,0x246CBC;0x246CBC,0x241100;0x23D044;0x23D044;0x241100;0x23D120;0x23D050;0x241100;0x241100
FN_libARSPM_0023C3A0,0x23C3A0,sub_23C3A0,0x23C650,0x23CFE4;0x23CF2C;0x23CFE4;0x23CF2C;0x23CF2C;0x23CF2C;0x239628
FN_libARSPM_0023C650,0x23C650,sub_23C650,0x246CBC;0x246CBC;0x246CBC;0x246CBC,0x241100;0x23D678;0x23D044;0x23D534;0x23C3A0;0x241100;0x241100;0x240E48;0x241100;0x240E48
FN_libARSPM_0023C884,0x23C884,sub_23C884,0x2400E8;0x2400E8,
FN_libARSPM_0023C890,0x23C890,sub_23C890,0x246CBC,0x246180;0x2463C0;0x246180;0x2463C0;0x246180;0x246378
FN_libARSPM_0023CA10,0x23CA10,sub_23CA10,0x246788,
FN_libARSPM_0023CA2C,0x23CA2C,sub_23CA2C,,0x23304C
FN_libARSPM_0023CA68,0x23CA68,sub_23CA68,,0x22EA2C
FN_libARSPM_0023CAB0,0x23CAB0,sub_23CAB0,,0x234948
FN_libARSPM_0023CAFC,0x23CAFC,sub_23CAFC,,0x22F5E8
FN_libARSPM_0023CB48,0x23CB48,sub_23CB48,,0x23304C
FN_libARSPM_0023CB7C,0x23CB7C,sub_23CB7C,,0x22EA2C
FN_libARSPM_0023CBBC,0x23CBBC,sub_23CBBC,,0x234948
FN_libARSPM_0023CC00,0x23CC00,sub_23CC00,,0x22F5E8
FN_libARSPM_0023CC5C,0x23CC5C,sub_23CC5C,,0x22E990
FN_libARSPM_0023CC9C,0x23CC9C,sub_23CC9C,,0x234894
FN_libARSPM_0023CCE0,0x23CCE0,sub_23CCE0,,0x230900
FN_libARSPM_0023CD24,0x23CD24,sub_23CD24,,0x2362F0
FN_libARSPM_0023CD60,0x23CD60,sub_23CD60,,0x237A18
FN_libARSPM_0023CDA8,0x23CDA8,sub_23CDA8,,0x235968
FN_libARSPM_0023CDF4,0x23CDF4,sub_23CDF4,,0x2324B0
FN_libARSPM_0023CEBC,0x23CEBC,sub_23CEBC,0x23E4BC,
FN_libARSPM_0023CF08,0x23CF08,sub_23CF08,0x23E4BC;0x23E4BC;0x23E4BC;0x23E4BC;0x23E4BC;0x23EE74;0x240C98;0x240C98;0x240C98;0x240C98,
FN_libARSPM_0023CF2C,0x23CF2C,sub_23CF2C,0x239464;0x23C3A0;0x23C3A0;0x23C3A0;0x23C3A0;0x23D988;0x23D988;0x23DCE0;0x23DCE0;0x23DCE0,
FN_libARSPM_0023CF38,0x23CF38,sub_23CF38,0x239770;0x239770,
FN_libARSPM_0023CF78,0x23CF78,sub_23CF78,0x23EE74;0x23EE74;0x23EE74,
FN_libARSPM_0023CFAC,0x23CFAC,sub_23CFAC,0x23FB10;0x23FB10;0x23FB10;0x23FB10;0x23FB10;0x23FB10;0x23FB10;0x23FB10,
FN_libARSPM_0023CFE4,0x23CFE4,sub_23CFE4,0x23C3A0;0x23C3A0,
FN_libARSPM_0023D028,0x23D028,sub_23D028,0x22A9B4,
FN_libARSPM_0023D044,0x23D044,sub_23D044,0x238B1C;0x23B790;0x23BC88;0x23BC88;0x23C1A0;0x23C1A0;0x23C650;0x23E130;0x240C98;0x240C98,
FN_libARSPM_0023D050,0x23D050,sub_23D050,0x23C1A0;0x23E130;0x23E4BC;0x23E4BC;0x23E4BC,0x23D120;0x240E0C;0x2403C8
FN_libARSPM_0023D120,0x23D120,sub_23D120,0x239770;0x23C1A0;0x23D050;0x247358,0x23B720;0x23A848;0x240820;0x23A848;0x240820;0x240E0C;0x2403C8
FN_libARSPM_0023D340,0x23D340,sub_23D340,0x239770,0x240E0C
FN_libARSPM_0023D3C0,0x23D3C0,sub_23D3C0,0x239EA4,
FN_libARSPM_0023D468,0x23D468,sub_23D468,0x244388;0x245800,
FN_libARSPM_0023D48C,0x23D48C,sub_23D48C,0x239464;0x23D988;0x23D988;0x23D988;0x23D988;0x23F3CC;0x23F3CC;0x23F3CC;0x23F3CC;0x240A2C,
FN_libARSPM_0023D4C8,0x23D4C8,sub_23D4C8,0x23BC88,
FN_libARSPM_0023D4F0,0x23D4F0,sub_23D4F0,0x2415B0;0x2415B0,
FN_libARSPM_0023D534,0x23D534,sub_23D534,0x23C650,0x23A848;0x240820
FN_libARSPM_0023D678,0x23D678,sub_23D678,0x23C650,0x23A848;0x240820
FN_libARSPM_0023D708,0x23D708,sub_23D708,0x238D30;0x238FA8;0x239F04;0x23A1B0;0x23A394;0x23A86C;0x23AE98;0x246788,0x2415B0
FN_libARSPM_0023D760,0x23D760,sub_23D760,0x23BC88,
FN_libARSPM_0023D788,0x23D788,sub_23D788,0x239948;0x23B470,
FN_libARSPM_0023D7E8,0x23D7E8,sub_23D7E8,0x240A2C;0x240A2C,0x241104;0x241104
FN_libARSPM_0023D918,0x23D918,sub_23D918,0x23BA88;0x23BA88;0x2415B0,
FN_libARSPM_0023D950,0x23D950,sub_23D950,0x23B96C;0x23B96C;0x23BA88;0x23BA88;0x2415B0,
FN_libARSPM_0023D988,0x23D988,sub_23D988,0x24047C,0x23CF2C;0x23CF2C;0x23D48C;0x23B4E8;0x23D48C;0x23B4E8;0x23D48C;0x23B4E8;0x23D48C;0x23B4E8
FN_libARSPM_0023DC10,0x23DC10,sub_23DC10,0x23E4BC;0x23E4BC,
FN_libARSPM_0023DCE0,0x23DCE0,sub_23DCE0,0x23BC88,0x23CF2C;0x23CF2C;0x23CF2C;0x23CF2C;0x23CF2C;0x23CF2C
FN_libARSPM_0023DF6C,0x23DF6C,sub_23DF6C,0x23BC88;0x23E4BC;0x23FB10;0x247358,0x23CF2C;0x23CF2C;0x14130C;0x23CF2C;0x23CF2C
FN_libARSPM_0023E130,0x23E130,sub_23E130,0x23EC40;0x23EC40;0x23EC40;0x23EC40,0x23CF2C;0x23FCE0;0x23FCE0;0x23E4BC;0x22DF08;0x2398E0;0x23D050;0x23D044;0x23E4BC
FN_libARSPM_0023E4BC,0x23E4BC,sub_23E4BC,0x23E130;0x23E130;0x23F3CC,0x1563CC;0x23F150;0x23F150;0x239464;0x239464;0x23CF2C;0x23CF2C;0x239464;0x239464;0x23CF2C
FN_libARSPM_0023EC40,0x23EC40,sub_23EC40,0x246CBC,0x23E130;0x23E130;0x23E130;0x23E130;0x23CF2C;0x23CF2C
FN_libARSPM_0023EE74,0x23EE74,sub_23EE74,0x246CBC;0x246CBC;0x246CBC;0x246CBC,0x23CF08;0x23CF78;0x23CF78;0x23CF78;0x239770
FN_libARSPM_0023F150,0x23F150,sub_23F150,0x23E4BC;0x23E4BC,0x156714;0x23CF2C;0x23CF2C;0x156714;0x23CF2C;0x23CF2C
FN_libARSPM_0023F3CC,0x23F3CC,sub_23F3CC,0x23F730;0x23F730;0x23F730;0x23F730,0x23D48C;0x23D48C;0x239EA4;0x239EA4;0x23D48C;0x239EA4;0x23D48C;0x239EA4;0x23E4BC;0x239EA4
FN_libARSPM_0023F730,0x23F730,sub_23F730,0x246CBC;0x246CBC;0x246CBC;0x246CBC,0x23CF2C;0x23CF2C;0x2410FC;0x2410FC;0x23CF2C;0x23CF2C;0x23F3CC;0x23F3CC;0x23F3CC;0x23F3CC
FN_libARSPM_0023FB10,0x23FB10,sub_23FB10,0x24053C,0x23CFAC;0x23CFAC;0x23CFAC;0x23CFAC;0x23CF2C;0x23CF2C;0x23CFAC;0x23CFAC;0x23CFAC;0x23CFAC
FN_libARSPM_0023FCE0,0x23FCE0,sub_23FCE0,0x23E130;0x23E130,0x23CF2C;0x23CF2C;0x23CF2C;0x23CF2C
FN_libARSPM_0023FDCC,0x23FDCC,sub_23FDCC,0x23BC88,0x23CF2C;0x23CF2C;0x23CF2C;0x23CF2C;0x23CF2C;0x23CF2C
FN_libARSPM_0023FFC8,0x23FFC8,sub_23FFC8,0x246CBC,
FN_libARSPM_002400E8,0x2400E8,sub_2400E8,0x246CBC;0x246CBC;0x246CBC,0x238EFC;0x238EFC;0x23B714;0x23C884;0x23B714;0x23C884;0x239E80;0x239E80
FN_libARSPM_002403C8,0x2403C8,sub_2403C8,0x23D050;0x23D120,
FN_libARSPM_0024047C,0x24047C,sub_24047C,0x246CBC;0x246CBC;0x246CBC,0x23D988
FN_libARSPM_0024053C,0x24053C,sub_24053C,0x246CBC;0x246CBC;0x246CBC,0x23CF2C;0x23CF2C;0x23FB10;0x23CF2C;0x23CF2C
FN_libARSPM_00240820,0x240820,sub_240820,0x23D120;0x23D120;0x23D534;0x23D678,0x24088C
FN_libARSPM_0024088C,0x24088C,sub_24088C,0x240820,
FN_libARSPM_00240A2C,0x240A2C,sub_240A2C,0x246CBC;0x246CBC,0x241104;0x241104;0x241104;0x241104;0x23CF2C;0x23D48C;0x23D48C;0x23D7E8;0x23D7E8
FN_libARSPM_00240C98,0x240C98,sub_240C98,0x240E0C,0x23CF08;0x23CF08;0x23CF08;0x23CF08;0x23D044;0x23B720;0x23D044;0x23B720
FN_libARSPM_00240E0C,0x240E0C,sub_240E0C,0x23D050;0x23D120;0x23D340,0x240C98
FN_libARSPM_00240E48,0x240E48,sub_240E48,0x23C650;0x23C650,0x23CF2C;0x23CF2C;0x23CF2C;0x23CF2C
FN_libARSPM_00240F10,0x240F10,sub_240F10,,0x22E990
FN_libARSPM_00240F50,0x240F50,sub_240F50,,0x234894
FN_libARSPM_00240F94,0x240F94,sub_240F94,,0x230900
FN_libARSPM_00240FD8,0x240FD8,sub_240FD8,,0x2362F0
FN_libARSPM_00241014,0x241014,sub_241014,,0x237A18
FN_libARSPM_0024105C,0x24105C,sub_24105C,,0x235968
FN_libARSPM_002410A8,0x2410A8,sub_2410A8,,0x2324B0
FN_libARSPM_002410F4,0x2410F4,sub_2410F4,0x22A9B4;0x22A9B4;0x22A9B4;0x22A9B4;0x22B068;0x22B068;0x246CBC,
FN_libARSPM_002410F8,0x2410F8,sub_2410F8,0x246180,
FN_libARSPM_002410FC,0x2410FC,sub_2410FC,0x23E4BC;0x23E4BC;0x23E4BC;0x23E4BC;0x23E4BC;0x23F730;0x23F730,
FN_libARSPM_00241100,0x241100,sub_241100,0x239948;0x239948;0x23A86C;0x23A86C;0x23A86C;0x23AD48;0x23AD48;0x23AE98;0x23AE98;0x23AE98,
FN_libARSPM_00241104,0x241104,sub_241104,0x23D7E8;0x23D7E8;0x240A2C;0x240A2C;0x240A2C;0x240A2C,
FN_libARSPM_00241108,0x241108,sub_241108,0x239B80;0x239B80,
FN_libARSPM_0024110C,0x24110C,sub_24110C,0x2415B0,0x22D1B8;0x2414E0;0x14130C
FN_libARSPM_002414E0,0x2414E0,sub_2414E0,0x24110C,0x22BA00;0x22BA00
FN_libARSPM_002415B0,0x2415B0,sub_2415B0,0x23D708;0x241BD8,0x14119C;0x24110C;0x1349B8;0x1348D0;0x2666F8;0x242178;0x22D1B8;0x22D1B8;0x238EFC;0x23BC64
FN_libARSPM_00241BD8,0x241BD8,sub_241BD8,0x22A9B4;0x22A9B4;0x22B068;0x22B068;0x4ABA64;0x4ABA64,0x2415B0
FN_libARSPM_00241CDC,0x241CDC,sub_241CDC,,0x236878
FN_libARSPM_00241D64,0x241D64,sub_241D64,,0x236C40
FN_libARSPM_00241DEC,0x241DEC,sub_241DEC,,0x237B18
FN_libARSPM_00241E2C,0x241E2C,sub_241E2C,,0x237B48
FN_libARSPM_00241E6C,0x241E6C,sub_241E6C,,0x235A84
FN_libARSPM_00241EB0,0x241EB0,sub_241EB0,,0x235ACC
FN_libARSPM_00241EF4,0x241EF4,sub_241EF4,,0x23274C
FN_libARSPM_00241F38,0x241F38,sub_241F38,,0x23283C
FN_libARSPM_00241F7C,0x241F7C,sub_241F7C,,0x23304C
FN_libARSPM_00241FB8,0x241FB8,sub_241FB8,,0x22EA2C
FN_libARSPM_00242000,0x242000,sub_242000,,0x234948
FN_libARSPM_0024204C,0x24204C,sub_24204C,,0x22F5E8
FN_libARSPM_002420B0,0x2420B0,sub_2420B0,,0x22E990
FN_libARSPM_002420F0,0x2420F0,sub_2420F0,,0x234894
FN_libARSPM_00242134,0x242134,sub_242134,,0x230900
FN_libARSPM_00242178,0x242178,sub_242178,0x2415B0;0x242178,0x242178
FN_libARSPM_002424B0,0x2424B0,sub_2424B0,0x22A5BC;0x22B068;0x4ABA64,0x18D2E0;0x1563CC;0x18D5A8;0x18DFC8;0x18F3F0;0x172690;0x19103C;0x18D5A8;0x18D5A8
FN_libARSPM_00242588,0x242588,sub_242588,0x2390A8,0x2425D8
FN_libARSPM_002425D8,0x2425D8,sub_2425D8,0x242588;0x2426CC;0x242A78,0x23CF08;0x18DFC8;0x18E788;0x18EFE0;0x18E788;0x23CF08
FN_libARSPM_002426CC,0x2426CC,sub_2426CC,0x2390A8,0x2425D8
FN_libARSPM_00242714,0x242714,sub_242714,0x2390A8,
FN_libARSPM_00242720,0x242720,sub_242720,,0x23CF08;0x23CF08;0x23CF08;0x18DFC8;0x18E788;0x18EFE0
FN_libARSPM_00242810,0x242810,sub_242810,0x2390A8,0x23CF08;0x242864
FN_libARSPM_00242864,0x242864,sub_242864,0x22A9B4;0x22B068;0x22B068;0x2381FC;0x238248;0x242810;0x242AB8;0x242AB8,0x23CF08;0x18DFC8;0x18E788;0x18EFE0;0x18DFC8;0x23CF08;0x156714;0x156714;0x242994;0x18D5A8
FN_libARSPM_0024296C,0x24296C,sub_24296C,0x22A9B4;0x22A9B4;0x22A9B4;0x22A9B4;0x22A9B4;0x22B068;0x22B068;0x22B068;0x22B068;0x22B068,
FN_libARSPM_00242994,0x242994,sub_242994,0x242864,0x1349B8;0x1348D0;0x2666F8;0x18D364
FN_libARSPM_00242A78,0x242A78,sub_242A78,0x2390A8,0x2425D8
FN_libARSPM_00242AB8,0x242AB8,sub_242AB8,0x22A5BC;0x22B068,0x242864;0x18D3DC;0x18D3DC;0x18D2E0;0x18D2E0;0x1563CC;0x18D5A8;0x23B790;0x2390A8;0x242864
FN_libARSPM_00243564,0x243564,sub_243564,0x242AB8;0x243564,0x243564
FN_libARSPM_00243878,0x243878,sub_243878,0x246180;0x246180,0x243C80;0x243C80;0x243C80;0x243E28;0x243E28;0x243E28;0x243FB0;0x243FB0;0x24410C;0x24410C
FN_libARSPM_00243C80,0x243C80,sub_243C80,0x243878;0x243878;0x243878,
FN_libARSPM_00243C98,0x243C98,sub_243C98,,0x244B84;0x245210
FN_libARSPM_00243E28,0x243E28,sub_243E28,0x243878;0x243878;0x243878,0x245494;0x24423C;0x24423C;0x245800
FN_libARSPM_00243FB0,0x243FB0,sub_243FB0,0x243878;0x243878,0x22B7C4;0x22B7C4
FN_libARSPM_0024410C,0x24410C,sub_24410C,0x243878;0x243878;0x243878;0x243878;0x243878;0x243878,0x22B684;0x22B684
FN_libARSPM_0024423C,0x24423C,sub_24423C,0x243E28;0x243E28;0x245800;0x245800;0x245800;0x245800,0x22B684
FN_libARSPM_0024437C,0x24437C,sub_24437C,0x22A9B4;0x22A9B4;0x22A9B4;0x239F04;0x239F04;0x239F04;0x23A394;0x23A394;0x23A394;0x23A86C,
FN_libARSPM_00244388,0x244388,sub_244388,0x245800,0x22B7C4;0x244594;0x23D468;0x244954;0x244954;0x22B7C4;0x244728;0x244728
FN_libARSPM_00244594,0x244594,sub_244594,0x244388;0x245494,
FN_libARSPM_00244728,0x244728,sub_244728,0x244388;0x244388,0x23364C;0x22B824
FN_libARSPM_00244954,0x244954,sub_244954,0x244388;0x244388,0x233BE4;0x233BE4;0x22B7C4
FN_libARSPM_00244B84,0x244B84,sub_244B84,0x243C98;0x246444,0x239224;0x234174;0x2332C8;0x23024C;0x22B8E4;0x2311F8;0x22F5E8;0x22B8E4
FN_libARSPM_00245210,0x245210,sub_245210,0x243C98,0x22B7C4;0x22B7C4
FN_libARSPM_00245494,0x245494,sub_245494,0x243E28,0x22B7C4;0x22B7C4;0x22B7C4;0x22B7C4;0x22B7C4;0x22B7C4;0x22B7C4;0x244594
FN_libARSPM_00245800,0x245800,sub_245800,0x243E28,0x23D468;0x24423C;0x24423C;0x24423C;0x24423C;0x22B7C4;0x244388
FN_libARSPM_00246180,0x246180,sub_246180,0x23C890;0x23C890;0x23C890;0x246180;0x246180,0x246180;0x243878;0x246180;0x2410F8;0x243878
FN_libARSPM_00246378,0x246378,sub_246378,0x23B790;0x23C890,
FN_libARSPM_0024639C,0x24639C,sub_24639C,0x23A86C;0x23A86C;0x23AE98;0x23AE98,
FN_libARSPM_002463C0,0x2463C0,sub_2463C0,0x23C890;0x23C890,
FN_libARSPM_00246428,0x246428,sub_246428,0x23A668;0x23A668,
FN_libARSPM_00246444,0x246444,sub_246444,0x239B80;0x239B80;0x239B80;0x239B80,0x244B84
FN_libARSPM_00246478,0x246478,sub_246478,,0x22F5E8
FN_libARSPM_002464BC,0x2464BC,sub_2464BC,0x23A668;0x23A668;0x23A668;0x23A668;0x23A668,
FN_libARSPM_002464D4,0x2464D4,sub_2464D4,,0x23304C
FN_libARSPM_00246508,0x246508,sub_246508,,0x22EA2C
FN_libARSPM_00246548,0x246548,sub_246548,,0x234948
FN_libARSPM_0024658C,0x24658C,sub_24658C,,0x2362F0
FN_libARSPM_002465C8,0x2465C8,sub_2465C8,,0x237A18
FN_libARSPM_00246610,0x246610,sub_246610,,0x235968
FN_libARSPM_0024665C,0x24665C,sub_24665C,,0x2324B0
FN_libARSPM_002466C0,0x2466C0,sub_2466C0,,0x22E990
FN_libARSPM_00246700,0x246700,sub_246700,,0x234894
FN_libARSPM_00246744,0x246744,sub_246744,,0x230900
FN_libARSPM_00246788,0x246788,sub_246788,0x22A9B4;0x246904,0x24437C;0x23CA10;0x24437C;0x23D708
FN_libARSPM_002468B8,0x2468B8,sub_2468B8,0x22B068;0x22B068,0x238290
FN_libARSPM_00246904,0x246904,sub_246904,0x22B068,0x238B1C;0x246788;0x24437C;0x23A1B0;0x23A35C;0x24437C;0x24437C;0x156714;0x156714;0x24437C
FN_libARSPM_00246BAC,0x246BAC,sub_246BAC,0x22A5BC;0x22B068,0x1563CC;0x156714;0x246FBC;0x1563F8
FN_libARSPM_00246CBC,0x246CBC,sub_246CBC,0x22A5BC;0x22B068,0x23EE74;0x23C1A0;0x23C650;0x23FFC8;0x23EC40;0x23F730;0x23C650;0x23F730;0x23C650;0x23F730
FN_libARSPM_00246FBC,0x246FBC,sub_246FBC,0x246BAC;0x246FBC,0x246FBC
FN_libARSPM_00247358,0x247358,sub_247358,0x22A5BC;0x22B068,0x22BBE4;0x22BC48;0x22BC48;0x22BC48;0x22BC48;0x22BC48;0x22BC48;0x22BC48;0x22BC48;0x23641C
FN_libARSPM_00248828,0x248828,sub_248828,0x249A50;0x249EC4;0x249EC4;0x24A0B4;0x24A0B4;0x24A904;0x24A904;0x24B63C;0x24B63C;0x24B63C,0x22DF08
FN_libARSPM_002489AC,0x2489AC,sub_2489AC,0x248B78,0x14130C;0x234800
FN_libARSPM_00248B78,0x248B78,sub_248B78,0x249EC4;0x249EC4,0x2489AC;0x14130C;0x14130C
FN_libARSPM_00248CD8,0x248CD8,sub_248CD8,0x24D72C;0x24D72C;0x24D72C;0x24D72C,
FN_libARSPM_00248DB8,0x248DB8,sub_248DB8,0x249138;0x249138,
FN_libARSPM_00249138,0x249138,sub_249138,0x24B3AC,0x248DB8;0x248DB8
FN_libARSPM_00249350,0x249350,sub_249350,0x24B3AC;0x24B3AC,
FN_libARSPM_0024973C,0x24973C,sub_24973C,0x24B184;0x24D72C;0x24D72C,0x14130C;0x14130C
FN_libARSPM_002498B8,0x2498B8,sub_2498B8,0x24ED2C;0x24ED2C;0x24EDDC;0x24EDDC;0x24EEA0;0x24EEA0;0x24EF60;0x24EF60;0x24F020;0x24F020,0x14119C;0x14130C;0x234800
FN_libARSPM_00249A50,0x249A50,sub_249A50,0x24A0B4,0x234800;0x22DF08;0x248828;0x22DF08;0x22DF08;0x22DF08;0x22DF08
FN_libARSPM_00249DB0,0x249DB0,sub_249DB0,0x24D72C,0x249EC4;0x24A0B4
FN_libARSPM_00249EC4,0x249EC4,sub_249EC4,0x249DB0;0x24D72C;0x24D72C,0x248828;0x248B78;0x248828;0x248B78
FN_libARSPM_0024A0B4,0x24A0B4,sub_24A0B4,0x249DB0,0x249A50;0x24AEF4;0x24AEF4;0x234800;0x248828;0x248828;0x234800;0x24B0AC;0x24B0AC;0x24B184
FN_libARSPM_0024A904,0x24A904,sub_24A904,0x24D72C,0x24AEF4;0x24AEF4;0x234800;0x248828;0x248828;0x234800
FN_libARSPM_0024AEF4,0x24AEF4,sub_24AEF4,0x24A0B4;0x24A0B4;0x24A904;0x24A904,0x14130C
FN_libARSPM_0024B0AC,0x24B0AC,sub_24B0AC,0x24A0B4;0x24A0B4,
FN_libARSPM_0024B184,0x24B184,sub_24B184,0x24A0B4;0x24A0B4,0x14130C;0x24973C;0x234800;0x234800
FN_libARSPM_0024B3AC,0x24B3AC,sub_24B3AC,0x24CC54;0x24D72C,0x249138;0x24B63C;0x249350;0x249350
FN_libARSPM_0024B63C,0x24B63C,sub_24B63C,0x24B3AC,0x22BA00;0x22BA00;0x22B6E0;0x22BA00;0x22BA00;0x22B6E0;0x24C3F4;0x22BA00;0x22BA00;0x22B6E0
FN_libARSPM_0024C3F4,0x24C3F4,sub_24C3F4,0x24B63C;0x24B63C,0x22DF08;0x22DF08
FN_libARSPM_0024C5AC,0x24C5AC,sub_24C5AC,0x24D72C,0x248828
FN_libARSPM_0024C730,0x24C730,sub_24C730,0x24CC54;0x24CC54,
FN_libARSPM_0024C96C,0x24C96C,sub_24C96C,0x24D72C,
FN_libARSPM_0024CC54,0x24CC54,sub_24CC54,0x24D72C;0x24D72C;0x24D72C;0x24D72C,0x234800;0x24C730;0x24B3AC;0x234800;0x234800;0x24C730
FN_libARSPM_0024D190,0x24D190,sub_24D190,0x24D72C,0x233748;0x233748;0x233748;0x233748;0x22DF08;0x233ACC;0x22DF08;0x233ACC;0x22DF08;0x233ACC
FN_libARSPM_0024D72C,0x24D72C,sub_24D72C,0x24ED2C;0x24EDDC;0x24EEA0;0x24EF60;0x24F020;0x24F0E8,0x24B3AC;0x14130C;0x14130C;0x14130C;0x24973C;0x24CC54;0x24CC54;0x14130C;0x24973C;0x24CC54
FN_libARSPM_0024E684,0x24E684,sub_24E684,0x24D72C,0x22DF08;0x22DF08;0x22DF08;0x22DF08;0x24F19C
FN_libARSPM_0024EB40,0x24EB40,sub_24EB40,0x24D72C,0x1349B8;0x1348D0;0x2666F8;0x24F27C;0x233748;0x2666F8
FN_libARSPM_0024ED2C,0x24ED2C,sub_24ED2C,0x247358,0x2498B8;0x2498B8;0x24D72C;0x1416F0;0x1416F0
FN_libARSPM_0024EDDC,0x24EDDC,sub_24EDDC,0x247358;0x247358,0x2498B8;0x2498B8;0x24D72C;0x1416F0;0x1416F0
FN_libARSPM_0024EEA0,0x24EEA0,sub_24EEA0,0x247358,0x2498B8;0x2498B8;0x24D72C;0x1416F0;0x1416F0
FN_libARSPM_0024EF60,0x24EF60,sub_24EF60,0x247358;0x247358,0x2498B8;0x2498B8;0x24D72C;0x1416F0;0x1416F0
FN_libARSPM_0024F020,0x24F020,sub_24F020,0x247358;0x247358,0x2498B8;0x2498B8;0x24D72C;0x1416F0;0x1416F0
FN_libARSPM_0024F0E8,0x24F0E8,sub_24F0E8,0x247358,0x2498B8;0x2498B8;0x24D72C;0x1416F0;0x1416F0
FN_libARSPM_0024F19C,0x24F19C,sub_24F19C,0x24D72C;0x24E684,0x1349B8;0x1348D0;0x2666F8
FN_libARSPM_0024F27C,0x24F27C,sub_24F27C,0x24EB40;0x24F27C,0x24F27C
FN_libARSPM_0024F578,0x24F578,sub_24F578,,0x19CEE8;0x190FD4;0x19CEF8;0x19103C;0x1926B8;0x18F3F0;0x1923B0;0x24FC68;0x18F2EC;0x24FC68
FN_libARSPM_0024F8C4,0x24F8C4,sub_24F8C4,0x24F9F0,0x18DFC8;0x18D364;0x18E03C;0x18DEFC
FN_libARSPM_0024F9F0,0x24F9F0,sub_24F9F0,0x21BF20,0x1B2C54;0x18D2E0;0x1B3894;0x1B2C54;0x1B2B40;0x1B295C;0x24F8C4;0x18D3DC
FN_libARSPM_0024FAC8,0x24FAC8,sub_24FAC8,,0x18D3DC
FN_libARSPM_0024FB7C,0x24FB7C,sub_24FB7C,,0x1DA778;0x19CD20;0x19CED0;0x19CF3C;0x19CDBC
FN_libARSPM_0024FC68,0x24FC68,sub_24FC68,0x24F578;0x24F578;0x24F578,0x19CEE8;0x172EB0;0x172A64;0x172BE0;0x173840;0x19CEE8
FN_libARSPM_0024FDA4,0x24FDA4,sub_24FDA4,,0x19CD20;0x19CED0;0x19CF3C;0x19CD20;0x19CF3C;0x19CED0;0x19CF08;0x19CDBC;0x18DF54;0x19CD20
FN_libARSPM_00250020,0x250020,sub_250020,,0x1B2C54;0x1B2C54;0x1B2B40
FN_libARSPM_00250138,0x250138,sub_250138,0x4A9594,
FN_libARSPM_00250238,0x250238,sub_250238,0x265738;0x483998;0x489DC0;0x4D8B98;0x4D9B14,0x141780;0x25033C;0x4ECB10;0x4ECB10;0x4ECB10
FN_libARSPM_0025033C,0x25033C,sub_25033C,0x250238;0x25065C;0x2507D4,0x141780;0x4ECB10;0x4ECB10;0x4ECA80;0x15F61C;0x251DA8;0x4ECB10;0x4ECB10;0x4ECB10;0x251DA8
FN_libARSPM_0025065C,0x25065C,sub_25065C,0x2507D4;0x4D9B14,0x2524A4;0x25033C;0x4ECB10;0x4ECB10;0x4ECB10;0x4ECB10
FN_libARSPM_002507D4,0x2507D4,sub_2507D4,0x21C084,0x15AC60;0x15AC60;0x15AC60;0x15AC60;0x15FA4C;0x1B2CA8;0x1B295C;0x1B4CAC;0x1B295C;0x4ECB10
FN_libARSPM_00250DD4,0x250DD4,sub_250DD4,,0x4ECB10
FN_libARSPM_00250E2C,0x250E2C,sub_250E2C,,0x4ECB10;0x15F858
FN_libARSPM_00250EA4,0x250EA4,sub_250EA4,,0x15FCB0
FN_libARSPM_00250FA8,0x250FA8,sub_250FA8,,0x140BA4;0x15F2A0;0x15F2A0;0x15F2A0;0x15F2A0;0x1B62D8;0x15F2A0;0x15F2A0;0x15F2A0;0x1B6360
FN_libARSPM_0025121C,0x25121C,sub_25121C,,0x1B5FF0;0x160DEC;0x16724C;0x160B34;0x4ECA80;0x4ECA80;0x251BDC;0x4ECB10;0x4ECB10;0x160B34
FN_libARSPM_002519C0,0x2519C0,sub_2519C0,,0x1B5FF0;0x160964;0x160964;0x1B6044
FN_libARSPM_00251A84,0x251A84,sub_251A84,,0x140BA4;0x1609A0;0x1609A0;0x1B5FF0;0x1B6044
FN_libARSPM_00251BDC,0x251BDC,sub_251BDC,0x25121C;0x25121C;0x258F58;0x258F58;0x25B59C;0x25C8F8;0x260EE4;0x262140;0x263DE0,0x1349B8;0x1348D0;0x4ECB10;0x4ECB10;0x2666F8
FN_libARSPM_00251DA8,0x251DA8,sub_251DA8,0x25033C;0x25033C;0x25798C;0x258A4C;0x25A6DC;0x25A6DC;0x25C33C;0x2600F4;0x260B28;0x260C48,0x15F61C;0x4ECB10
FN_libARSPM_00251E88,0x251E88,sub_251E88,0x21C084,0x15FA4C;0x1B3328;0x1B295C;0x4ECB10;0x2666F8;0x4ECA80;0x4ECB10;0x15F61C;0x4ECB10
FN_libARSPM_002520C8,0x2520C8,sub_2520C8,,0x15F858
FN_libARSPM_00252104,0x252104,sub_252104,,0x15FCB0
FN_libARSPM_0025214C,0x25214C,sub_25214C,,0x15F2A0;0x15F2A0;0x15F4FC;0x15F2A0;0x15F2A0;0x1B62D8
FN_libARSPM_0025221C,0x25221C,sub_25221C,,0x163460;0x1630A8;0x1B5FF0;0x160DEC;0x160B34;0x4ECB10;0x4ECB10;0x163F4C;0x4ECB10;0x4ECB10
FN_libARSPM_002523AC,0x2523AC,sub_2523AC,,0x163460;0x1630A8;0x1B5FF0;0x160964
FN_libARSPM_00252434,0x252434,sub_252434,,0x1609A0;0x163460;0x1630A8;0x1B5FF0
FN_libARSPM_002524A4,0x2524A4,sub_2524A4,0x25065C;0x2507D4,0x148194;0x1BEC48;0x4ECB10;0x14803C;0x148054;0x4ECB10;0x14803C;0x148054;0x141780;0x252720
FN_libARSPM_00252720,0x252720,sub_252720,0x2524A4,0x1D8FB8;0x1D91C4;0x1BDC14;0x1D93F8;0x1D93F8;0x1D93F8;0x4ECB10
FN_libARSPM_0025280C,0x25280C,sub_25280C,0x252990;0x265738;0x480434;0x483998;0x489DC0;0x4AE638;0x4DAC3C,0x4ECA80;0x15F61C;0x4ECB10
FN_libARSPM_00252990,0x252990,sub_252990,0x21C084,0x15AC60;0x15FA4C;0x1B2C54;0x1B2C54;0x1B2B40;0x1B295C;0x4ECA80;0x25280C;0x4ECB10;0x4ECB10
FN_libARSPM_00252B74,0x252B74,sub_252B74,,0x15F858
FN_libARSPM_00252BB0,0x252BB0,sub_252BB0,,0x15FCB0
FN_libARSPM_00252C0C,0x252C0C,sub_252C0C,,0x15F2A0;0x15F2A0
FN_libARSPM_00252C80,0x252C80,sub_252C80,,0x160BD8;0x160D8C;0x1604FC;0x4ECB10;0x4ECB10;0x1B5FF0;0x174708;0x1612E0;0x4ECB10;0x4ECB10
FN_libARSPM_00253C34,0x253C34,sub_253C34,,0x174708
FN_libARSPM_00253D10,0x253D10,sub_253D10,0x252C80;0x252C80,0x141420;0x141288;0x141420;0x141288;0x2CFAA0;0x2666C0
FN_libARSPM_00253E54,0x253E54,sub_253E54,0x252C80;0x252C80,
FN_libARSPM_00254020,0x254020,sub_254020,,0x141420;0x141288
FN_libARSPM_0025445C,0x25445C,sub_25445C,,0x141420;0x141288
FN_libARSPM_00254778,0x254778,sub_254778,0x252C80;0x254778;0x2E23CC;0x2E563C,0x207B3C;0x207B3C;0x30EBAC;0x2D1CE4;0x207B3C;0x1B5FF0;0x2D1CE4;0x1E98C8;0x31E55C;0x4ECB10
FN_libARSPM_00255AE8,0x255AE8,sub_255AE8,0x254778;0x2576BC;0x317D2C;0x318EE0;0x31C16C,0x173384;0x3259DC
FN_libARSPM_00255B90,0x255B90,sub_255B90,0x254778,0x31E99C
FN_libARSPM_00255BCC,0x255BCC,sub_255BCC,0x254778,0x1E98C8;0x31E55C;0x4ECB10;0x317D1C;0x32B328;0x4ECB10;0x2FC54C;0x1756D8;0x31EE7C;0x31E99C
FN_libARSPM_00256004,0x256004,sub_256004,0x254778;0x31F15C,
FN_libARSPM_00256074,0x256074,sub_256074,0x254778;0x254778;0x254778;0x254778;0x254778;0x254778;0x254778;0x254778,0x4ECA80;0x1756D8;0x3205FC;0x4ECB10;0x4ECB10
FN_libARSPM_002561F8,0x2561F8,sub_2561F8,0x254778,
FN_libARSPM_00256268,0x256268,sub_256268,0x254778,
FN_libARSPM_002562C0,0x2562C0,sub_2562C0,0x254778,0x4ECA80;0x30EBAC;0x1E98C8;0x31E55C;0x4ECB10;0x1756D8;0x2D1CE4;0x331F04;0x4ECB10;0x2FC54C
FN_libARSPM_002565D0,0x2565D0,sub_2565D0,0x2E563C,0x1AAAA8
FN_libARSPM_00256820,0x256820,sub_256820,0x2E435C;0x2E435C;0x2E563C,0x168208;0x167F28;0x135B2C;0x167CB0;0x1361AC
FN_libARSPM_002569C4,0x2569C4,sub_2569C4,0x2E563C,
FN_libARSPM_00256C78,0x256C78,sub_256C78,0x329C90,
FN_libARSPM_00257040,0x257040,sub_257040,0x254778;0x254778,0x1E98C8;0x31E55C;0x4ECB10;0x30E308;0x2D1CE4;0x2576BC;0x4ECB10;0x2D1CE4;0x1B6044;0x1B6044
FN_libARSPM_002576BC,0x2576BC,sub_2576BC,0x257040;0x257850,0x317D1C;0x329A40;0x4ECB10;0x255AE8
FN_libARSPM_00257850,0x257850,sub_257850,0x257040;0x257040;0x257040;0x257040;0x257040,0x4ECA80;0x2576BC;0x4ECB10
FN_libARSPM_0025798C,0x25798C,sub_25798C,0x257C1C;0x265738;0x483998;0x483998;0x483998;0x489DC0;0x4D9500;0x4DD920;0x4DE0F8;0x4DE794,0x15F2AC;0x212AB4;0x4ECB10;0x4ECB10;0x4ECB10;0x15F2A0;0x4ECA80;0x4ECB10;0x15F61C;0x4ECB10
FN_libARSPM_00257C1C,0x257C1C,sub_257C1C,0x21C084,0x15AC60;0x15FA4C;0x1B4CAC;0x4ECA80;0x25798C;0x4ECB10;0x4ECB10;0x4ECB10;0x2666F8
FN_libARSPM_00257DF0,0x257DF0,sub_257DF0,,0x4ECB10
FN_libARSPM_00257E3C,0x257E3C,sub_257E3C,,0x4ECB10;0x15F858
FN_libARSPM_00257EA8,0x257EA8,sub_257EA8,,0x15FCB0
FN_libARSPM_00257EDC,0x257EDC,sub_257EDC,,0x14602C;0x15F2A0;0x15F2A0
FN_libARSPM_00257F6C,0x257F6C,sub_257F6C,,0x4ECA80
FN_libARSPM_00257FA8,0x257FA8,sub_257FA8,,0x14602C
FN_libARSPM_00257FCC,0x257FCC,sub_257FCC,,0x160B34;0x4ECA80;0x1644CC;0x4ECB10;0x4ECB10;0x4ECB10
FN_libARSPM_002580D4,0x2580D4,sub_2580D4,,0x14602C;0x1609A0
FN_libARSPM_0025813C,0x25813C,sub_25813C,0x21C084,0x15AC60;0x15FA4C;0x4ECA80;0x4ECA80;0x15F61C;0x4ECB10;0x4ECB10;0x4ECA80;0x4ECB10;0x2666F8
FN_libARSPM_0025831C,0x25831C,sub_25831C,,0x15F858
FN_libARSPM_00258358,0x258358,sub_258358,,0x15F2A0;0x15F2A0
FN_libARSPM_002583D4,0x2583D4,sub_2583D4,,0x1609A0;0x160964;0x160DEC;0x160B34;0x4ECB10;0x4ECB10;0x2586CC;0x160B34;0x4ECB10;0x4ECB10
FN_libARSPM_00258600,0x258600,sub_258600,,0x1609A0;0x160964;0x160964
FN_libARSPM_0025867C,0x25867C,sub_25867C,,0x1609A0;0x1609A0
FN_libARSPM_002586CC,0x2586CC,sub_2586CC,0x2583D4,0x4ECA80;0x4ECA80;0x1E98D8;0x4ECA80;0x4ECB10;0x4ECA80;0x4ECB10;0x4ECA80;0x4ECA80;0x1E98D8
FN_libARSPM_00258A4C,0x258A4C,sub_258A4C,0x258BE4;0x4DA3E0,0x15F61C;0x251DA8;0x4ECB10;0x4ECB10;0x4ECB10
FN_libARSPM_00258BE4,0x258BE4,sub_258BE4,0x21C084,0x15AC60;0x15AC60;0x15FA4C;0x1B2B40;0x1B295C;0x1B2B40;0x1B295C;0x1B2C54;0x4ECA80;0x4ECA80
FN_libARSPM_00258E4C,0x258E4C,sub_258E4C,,0x15F858
FN_libARSPM_00258E88,0x258E88,sub_258E88,,0x15FCB0
FN_libARSPM_00258EE4,0x258EE4,sub_258EE4,,0x15F2A0;0x15F2A0
FN_libARSPM_00258F58,0x258F58,sub_258F58,,0x1636F0;0x1638D8;0x160DEC;0x160B34;0x4ECB10;0x4ECB10;0x1636F0;0x1638D8;0x1B5FF0;0x160DEC
FN_libARSPM_00259B6C,0x259B6C,sub_259B6C,,0x1636F0;0x1638D8;0x160964;0x160964;0x1B6044
FN_libARSPM_00259CA4,0x259CA4,sub_259CA4,,0x1609A0;0x1636F0;0x1638D8
FN_libARSPM_00259DA0,0x259DA0,sub_259DA0,0x258F58,0x4ECA80;0x4ECA80;0x1E98D8;0x4ECA80;0x4ECA80;0x1E98D8;0x4ECB10;0x4ECB10
FN_libARSPM_0025A02C,0x25A02C,sub_25A02C,0x25A250;0x4DB014,0x15F61C;0x15F61C;0x173384;0x1B62D8;0x174980;0x15F61C
FN_libARSPM_0025A250,0x25A250,sub_25A250,0x21C084,0x15AC60;0x1B4DE0;0x1B3388;0x1B32D0;0x1B32D0;0x1B3DC4;0x25A02C;0x4ECB10;0x4ECB10
FN_libARSPM_0025A414,0x25A414,sub_25A414,,0x4ECB10
FN_libARSPM_0025A460,0x25A460,sub_25A460,,0x4ECB10;0x15F858
FN_libARSPM_0025A560,0x25A560,sub_25A560,,0x4ECA80;0x166CD4;0x4ECB10
FN_libARSPM_0025A608,0x25A608,sub_25A608,,0x163460
FN_libARSPM_0025A630,0x25A630,sub_25A630,0x4DC468,0x25A6DC;0x4ECB10
FN_libARSPM_0025A6DC,0x25A6DC,sub_25A6DC,0x25A630;0x25A9B8;0x25AA68;0x25AB9C;0x25AC58;0x25AD14;0x25AE50;0x25AE50;0x25AE50,0x251DA8;0x4ECB10;0x15F61C;0x4ECB10;0x251DA8;0x4ECB10
FN_libARSPM_0025A9B8,0x25A9B8,sub_25A9B8,0x4DC5C8,0x25A6DC;0x4ECB10
FN_libARSPM_0025AA68,0x25AA68,sub_25AA68,0x4DC718,0x25A6DC;0x4ECB10
FN_libARSPM_0025AB9C,0x25AB9C,sub_25AB9C,0x4DBF08,0x25A6DC;0x4ECB10
FN_libARSPM_0025AC58,0x25AC58,sub_25AC58,0x4DC070,0x25A6DC;0x4ECB10
FN_libARSPM_0025AD14,0x25AD14,sub_25AD14,0x4DC1D0,0x25A6DC;0x4ECB10
FN_libARSPM_0025AE50,0x25AE50,sub_25AE50,0x21C084,0x15AC60;0x15AC60;0x15FA4C;0x1B2B40;0x1B295C;0x1B2B9C;0x1B308C;0x1B308C;0x1B2C54;0x1B2C54
FN_libARSPM_0025B418,0x25B418,sub_25B418,,0x15F858
FN_libARSPM_0025B454,0x25B454,sub_25B454,,0x15FCB0
FN_libARSPM_0025B59C,0x25B59C,sub_25B59C,,0x1636B4;0x163680;0x1636B4;0x1636B4;0x1636B4;0x160DEC;0x160B34;0x4ECB10;0x4ECB10;0x16724C
FN_libARSPM_0025C0A4,0x25C0A4,sub_25C0A4,,0x160964
FN_libARSPM_0025C144,0x25C144,sub_25C144,0x25AE50;0x25AE50,0x1B2B40;0x1B295C;0x1B2C54;0x1B2C54;0x1B2C54;0x1B2C54;0x1B2C54;0x1B2C54;0x1B2C54;0x1B2C54
FN_libARSPM_0025C33C,0x25C33C,sub_25C33C,0x25C5D0,0x251DA8;0x4ECB10;0x4ECB10;0x4ECB10;0x15F61C;0x4ECB10
FN_libARSPM_0025C5D0,0x25C5D0,sub_25C5D0,0x21C084,0x15FA4C;0x1B32D0;0x1B2C54;0x1B2C54;0x1B3388;0x4ECA80;0x25C33C;0x4ECB10;0x4ECB10;0x2666F8
FN_libARSPM_0025C7A4,0x25C7A4,sub_25C7A4,,0x15F858
FN_libARSPM_0025C7E0,0x25C7E0,sub_25C7E0,,0x15FCB0
FN_libARSPM_0025C864,0x25C864,sub_25C864,,0x15F2A0;0x15F2A0;0x1B62D8
FN_libARSPM_0025C8F8,0x25C8F8,sub_25C8F8,,0x163460;0x1B62D8;0x1609A0;0x173384;0x163940;0x173384;0x1636F0;0x16724C;0x1630A8;0x160DEC
FN_libARSPM_0025D448,0x25D448,sub_25D448,,0x163460;0x1630A8;0x160964
FN_libARSPM_0025D4A8,0x25D4A8,sub_25D4A8,,0x1609A0;0x163460;0x1630A8;0x1B5FF0
FN_libARSPM_0025D518,0x25D518,sub_25D518,0x25D6C0;0x48A814,0x15F61C;0x4ECB10
FN_libARSPM_0025D6C0,0x25D6C0,sub_25D6C0,0x21C084,0x15AC60;0x15FA4C;0x1B2BF8;0x1B2BF8;0x1B3D70;0x1B295C;0x4ECB10;0x2666F8;0x1B295C;0x14E8AC
FN_libARSPM_0025DA24,0x25DA24,sub_25DA24,,0x15F858
FN_libARSPM_0025DA70,0x25DA70,sub_25DA70,,0x15FCB0
FN_libARSPM_0025DB4C,0x25DB4C,sub_25DB4C,,0x160BD8;0x160D8C;0x16058C;0x4ECB10;0x4ECB10;0x4ECB10;0x4ECB10;0x161454;0x161454;0x1B5FF0
FN_libARSPM_0025E504,0x25E504,sub_25E504,,0x161454
FN_libARSPM_0025E694,0x25E694,sub_25E694,0x25DB4C,0x167E80;0x167D50;0x167CB0
FN_libARSPM_0025E6DC,0x25E6DC,sub_25E6DC,0x25DB4C,0x167F28
FN_libARSPM_0025E728,0x25E728,sub_25E728,0x25DB4C;0x25DB4C;0x25DB4C;0x25DB4C,0x1B5FF0;0x1B5FF0;0x1B5FF0;0x145E20;0x1B5FF0;0x145E20
FN_libARSPM_0025F254,0x25F254,sub_25F254,0x25DB4C,0x1B5FF0;0x1B5FF0;0x145E20;0x1B5FF0;0x1B5FF0;0x145E20
FN_libARSPM_00260018,0x260018,sub_260018,0x265738;0x480434;0x480434,0x15F61C;0x1726D8;0x4ECB10
FN_libARSPM_002600F4,0x2600F4,sub_2600F4,0x260294;0x264D1C;0x489DC0;0x4DD02C,0x172A20;0x15F61C;0x1726D8;0x4ECB10;0x251DA8;0x4ECB10
FN_libARSPM_00260294,0x260294,sub_260294,0x21C084,0x15AC60;0x15AC60;0x15AC60;0x15FA4C;0x1B3158;0x1B2B40;0x1B295C;0x1B3388;0x4ECA80;0x15F61C
FN_libARSPM_00260708,0x260708,sub_260708,,0x15F858
FN_libARSPM_00260744,0x260744,sub_260744,,0x15FCB0
FN_libARSPM_002607AC,0x2607AC,sub_2607AC,,0x15F2A0;0x15F2A0;0x174980
FN_libARSPM_00260838,0x260838,sub_260838,,0x260A5C;0x160DEC;0x160B34;0x4ECB10;0x4ECB10;0x1637E0;0x164BCC;0x4ECB10;0x4ECB10
FN_libARSPM_002609B0,0x2609B0,sub_2609B0,,0x260A5C;0x160964
FN_libARSPM_00260A04,0x260A04,sub_260A04,,0x1609A0;0x1637E0;0x1639B0
FN_libARSPM_00260A5C,0x260A5C,sub_260A5C,0x260838;0x2609B0,0x1637E0;0x1639E0
FN_libARSPM_00260B28,0x260B28,sub_260B28,0x483998;0x489DC0;0x4DB014,0x15F61C;0x251DA8;0x4ECB10
FN_libARSPM_00260C48,0x260C48,sub_260C48,0x21C084,0x15AC60;0x15FA4C;0x15F61C;0x251DA8;0x4ECB10;0x4ECB10;0x2666F8
FN_libARSPM_00260E50,0x260E50,sub_260E50,,0x15F858
FN_libARSPM_00260E8C,0x260E8C,sub_260E8C,,0x15F298
FN_libARSPM_00260EE4,0x260EE4,sub_260EE4,,0x15F298;0x16724C;0x160B34;0x4ECA80;0x4ECA80;0x251BDC;0x4ECB10;0x4ECB10;0x16786C;0x167274
FN_libARSPM_002610B4,0x2610B4,sub_2610B4,,0x15F298;0x160964;0x160964;0x1B6044
FN_libARSPM_00261184,0x261184,sub_261184,,0x15F298;0x1609A0;0x1609A0;0x1B6044
FN_libARSPM_00261248,0x261248,sub_261248,0x4DCC5C,0x2612B4;0x4ECB10
FN_libARSPM_002612B4,0x2612B4,sub_2612B4,0x261248;0x261430;0x26149C,0x15F61C;0x4ECB10;0x251DA8;0x4ECB10
FN_libARSPM_00261430,0x261430,sub_261430,0x4DCC5C,0x2612B4;0x4ECB10
FN_libARSPM_0026149C,0x26149C,sub_26149C,0x21C084,0x15AC60;0x15FA4C;0x1B2C54;0x1B2C54;0x1B2B40;0x1B295C;0x4ECA80;0x4ECA80;0x2612B4;0x4ECB10
FN_libARSPM_002616DC,0x2616DC,sub_2616DC,,0x15F858
FN_libARSPM_00261718,0x261718,sub_261718,,0x15FCB0
FN_libARSPM_00261774,0x261774,sub_261774,,0x15F2A0;0x15F2A0
FN_libARSPM_00261804,0x261804,sub_261804,,0x1636F0;0x163870;0x160DEC;0x160B34;0x4ECB10;0x4ECB10;0x26202C;0x1B5FF0;0x1636F0;0x163870
FN_libARSPM_00261EE4,0x261EE4,sub_261EE4,,0x1636F0;0x163870;0x160964
FN_libARSPM_00261FEC,0x261FEC,sub_261FEC,,0x1609A0
FN_libARSPM_0026202C,0x26202C,sub_26202C,0x261804,0x1636F0;0x163870
FN_libARSPM_00262140,0x262140,sub_262140,0x261804;0x261804,0x4ECA80;0x4ECA80;0x4ECA80;0x4ECA80;0x1E98D8;0x160DEC;0x4ECB10;0x4ECB10;0x1E98E4;0x4ECB10
FN_libARSPM_00262F04,0x262F04,sub_262F04,0x262FF4,0x1B62D8;0x15F61C;0x15F61C
FN_libARSPM_00262FF4,0x262FF4,sub_262FF4,0x21C084,0x15AC60;0x1B2ACC;0x1F5D30;0x1B32D0;0x262F04;0x4ECB10
FN_libARSPM_002630DC,0x2630DC,sub_2630DC,,0x4ECB10
FN_libARSPM_00263128,0x263128,sub_263128,,0x4ECB10;0x15F858
FN_libARSPM_00263194,0x263194,sub_263194,,0x4ECA80;0x1F62D8;0x4ECB10
FN_libARSPM_00263260,0x263260,sub_263260,,0x4ECA80;0x1667A4;0x4ECB10
FN_libARSPM_00263304,0x263304,sub_263304,,0x163460
FN_libARSPM_0026332C,0x26332C,sub_26332C,0x263630,0x1BE370;0x263458
FN_libARSPM_00263458,0x263458,sub_263458,0x26332C,0x15F61C;0x4ECA80;0x4ECA80;0x4ECA80;0x1348D0;0x2666F8;0x1D9318;0x26462C;0x1D93F8;0x1BF1D8
FN_libARSPM_00263630,0x263630,sub_263630,0x21C084,0x15FA4C;0x4ECB10;0x1D8FA8;0x1B2F34;0x1D91C4;0x1BDC74;0x1D93F8;0x4ECB10;0x1D93F8;0x2666F8
FN_libARSPM_00263C64,0x263C64,sub_263C64,,0x15FCB0;0x4ECA20;0x264710;0x1BE294;0x4ECA80;0x4ECB10;0x14803C;0x148054
FN_libARSPM_00263DE0,0x263DE0,sub_263DE0,,0x15F298;0x1636F0;0x1638D8;0x160DEC;0x16724C;0x160B34;0x4ECA80;0x4ECA80;0x251BDC;0x4ECB10
FN_libARSPM_00264394,0x264394,sub_264394,,0x15F298;0x1636F0;0x1638D8;0x160964;0x160964;0x1B6044
FN_libARSPM_00264534,0x264534,sub_264534,,0x1D93F8;0x2666F8;0x1BF050
FN_libARSPM_00264598,0x264598,sub_264598,,0x1D93F8;0x2666F8;0x1BF050;0x15F858
FN_libARSPM_0026462C,0x26462C,sub_26462C,0x263458;0x2D6E70;0x2D7BB4;0x2D7D60;0x2D83BC;0x2D87D0;0x2D8A58;0x2D8F20;0x2D975C;0x2D9ABC,0x1349B8;0x1348D0;0x2666F8;0x1D91C4
FN_libARSPM_00264710,0x264710,sub_264710,0x263C64;0x263DE0;0x2FCC88;0x2FCD34;0x2FCDEC;0x311490;0x31156C;0x31189C;0x311970;0x311FA8,0x4ECA20
FN_libARSPM_0026473C,0x26473C,sub_26473C,0x4DA9B4;0x4DD43C;0x4DE0F8;0x4DE0F8,0x15F61C;0x251DA8;0x4ECB10
FN_libARSPM_00264864,0x264864,sub_264864,0x21C084,0x15AC60;0x15AC60;0x15FA4C;0x18CD84;0x18BF24;0x18B9C0;0x1B4CAC;0x1B2ACC;0x15F61C;0x251DA8
FN_libARSPM_00264B2C,0x264B2C,sub_264B2C,,0x4ECB10
FN_libARSPM_00264B78,0x264B78,sub_264B78,,0x4ECB10;0x15F858
FN_libARSPM_00264BE4,0x264BE4,sub_264BE4,,0x15FCB0
FN_libARSPM_00264C64,0x264C64,sub_264C64,,0x4ECA80;0x166A84;0x4ECB10
FN_libARSPM_00264D1C,0x264D1C,sub_264D1C,0x264F0C,0x1B62D8;0x2600F4;0x4ECB10;0x15F61C;0x4ECB10
FN_libARSPM_00264F0C,0x264F0C,sub_264F0C,0x21C084,0x15AC60;0x15FA4C;0x1B32D0;0x1B32D0;0x4ECA80;0x264D1C;0x4ECB10;0x4ECB10;0x2666F8
FN_libARSPM_002650A4,0x2650A4,sub_2650A4,,0x15F858
FN_libARSPM_002650E0,0x2650E0,sub_2650E0,,0x15FCB0
FN_libARSPM_00265134,0x265134,sub_265134,,0x160BD8;0x174980;0x1B62D8;0x1630A8;0x174980;0x1630A8;0x1B5FF0;0x1B7270;0x2655F4;0x162FD8
FN_libARSPM_00265558,0x265558,sub_265558,,0x174980
FN_libARSPM_002655F4,0x2655F4,sub_2655F4,0x265134,
FN_libARSPM_00265688,0x265688,sub_265688,0x4AE3F4,0x265738;0x4ECB10
FN_libARSPM_00265738,0x265738,sub_265738,0x265688;0x265A90;0x265B40,0x4ECA80;0x25280C;0x4ECB10;0x4ECB10;0x4ECB10;0x212648;0x25798C;0x4ECB10;0x4ECB10;0x172A20
FN_libARSPM_00265A90,0x265A90,sub_265A90,0x4AE3F4,0x265738;0x4ECB10
FN_libARSPM_00265B40,0x265B40,sub_265B40,,0x15AC60;0x15F910;0x1B2C54;0x1B2C54;0x1B2C54;0x1B2C54;0x1B2B9C;0x1B2B40;0x1B295C;0x265738
FN_libARSPM_00265CEC,0x265CEC,sub_265CEC,0x1B5D80,0x265D44;0x4ECB10;0x14803C;0x148054
FN_libARSPM_00265D44,0x265D44,sub_265D44,0x265CEC,0x4ECA80;0x21350C;0x4ECB10;0x14803C;0x148054;0x4ECA80;0x265F48;0x4ECB10;0x14803C;0x148054
FN_libARSPM_00265E94,0x265E94,sub_265E94,0x467DAC,0x265F48;0x4ECB10;0x14803C;0x148054
FN_libARSPM_00265F48,0x265F48,sub_265F48,0x265D44;0x265E94,0x131100;0x167E80;0x167D50;0x167E80;0x167D50;0x167CB0;0x167DE0;0x167CB0;0x26668C;0x167DE0
FN_libARSPM_0026608C,0x26608C,sub_26608C,,0x4ECA80;0x167D08;0x1C3764;0x167D08;0x26668C;0x167DE0;0x167CB0;0x1C37C4;0x167CB0;0x213EC0
FN_libARSPM_00266214,0x266214,sub_266214,,0x213750
FN_libARSPM_00266234,0x266234,sub_266234,,0x4ECB10;0x14803C;0x148054
FN_libARSPM_002662B0,0x2662B0,sub_2662B0,,0x4ECB10;0x14803C;0x148054;0x167CB0
FN_libARSPM_00266334,0x266334,sub_266334,0x26608C,0x1EA858;0x134F28;0x135F24;0x1756D8;0x18B76C;0x18C3A0;0x1E9970;0x13A594;0x1E9970;0x1E8A8C
FN_libARSPM_0026668C,0x26668C,sub_26668C,0x265F48;0x26608C,0x167D08
FN_libARSPM_002666C0,0x2666C0,sub_2666C0,0x13498C;0x1349B8;0x135880;0x135D54;0x141728;0x141754;0x1435D0;0x1439F4;0x143CA0;0x143EE8,
FN_libARSPM_002666C4,0x2666C4,sub_2666C4,0x156430;0x1564F8;0x156544;0x15661C;0x156760;0x1B8F54;0x1D54F4;0x1DE798;0x1DEA20;0x1E2E38,
FN_libARSPM_002666F8,0x2666F8,sub_2666F8,0x133EAC;0x133F9C;0x136978;0x1369E0;0x14062C;0x140754;0x140754;0x140864;0x14099C;0x1412C4,
FN_libARSPM_00266704,0x266704,sub_266704,0x1348D0;0x1408A0;0x1408A0;0x14130C;0x14E558;0x151500;0x152B18;0x15349C;0x15366C;0x154530,
FN_libARSPM_0026674C,0x26674C,sub_26674C,0x1484E4,
FN_libARSPM_00266798,0x266798,sub_266798,0x1484E4,
FN_libARSPM_002667A4,0x2667A4,sub_2667A4,0x466DCC,
FN_libARSPM_002667D4,0x2667D4,sub_2667D4,0x2678B4;0x2679B0;0x267A3C;0x2681F8;0x2869FC;0x2870E4;0x2871A0;0x2875D0;0x2884D0;0x29D534,0x2A2074
FN_libARSPM_00266A7C,0x266A7C,sub_266A7C,0x2677A0;0x267CC8;0x267D14;0x287000;0x288720;0x29D464;0x2BC6BC;0x2BC6BC;0x2BC6BC,
FN_libARSPM_00266E00,0x266E00,sub_266E00,0x1782C0;0x2854CC;0x2861E4;0x286EBC;0x286EBC;0x2873E0;0x288068;0x288C20,
FN_libARSPM_00266E54,0x266E54,sub_266E54,,0x2A2070
FN_libARSPM_00267480,0x267480,sub_267480,0x2C8A7C,
FN_libARSPM_002674D4,0x2674D4,sub_2674D4,0x1BD33C,
FN_libARSPM_0026759C,0x26759C,sub_26759C,0x1BD33C,
FN_libARSPM_00267648,0x267648,sub_267648,0x1766C0;0x287F7C,
FN_libARSPM_002676EC,0x2676EC,sub_2676EC,0x176D00;0x176D00;0x1BD33C,
FN_libARSPM_002677A0,0x2677A0,sub_2677A0,0x1BD33C,0x26AE1C;0x266A7C
FN_libARSPM_002678B4,0x2678B4,sub_2678B4,0x407468,0x2667D4
FN_libARSPM_002679B0,0x2679B0,sub_2679B0,0x2B2510,0x2667D4
FN_libARSPM_00267A3C,0x267A3C,sub_267A3C,0x26AD18;0x26AE1C;0x26AE98;0x26AF5C;0x26AFCC;0x26B064;0x26B064;0x26B064;0x26B064;0x2A2BE0,0x2667D4
FN_libARSPM_00267B00,0x267B00,sub_267B00,0x2A5848;0x2A76D8;0x2A76D8;0x2B38A8;0x2B38A8,0x26DF74;0x178340
FN_libARSPM_00267CC8,0x267CC8,sub_267CC8,0x271774,0x266A7C
FN_libARSPM_00267D14,0x267D14,sub_267D14,0x2A8140,0x266A7C
FN_libARSPM_00267D4C,0x267D4C,sub_267D4C,0x2680AC;0x29F604,0x26DF74;0x2A6E68;0x26DF74;0x2A6E68;0x26DF74;0x178340
FN_libARSPM_002680AC,0x2680AC,sub_2680AC,0x26E04C;0x26F4DC;0x29DFF4;0x2A94E4;0x2A94E4;0x2B2CE8;0x2B75D4;0x2B7D08,0x267D4C;0x2C7FC4;0x2A5CA4;0x26DF74
FN_libARSPM_002681F8,0x2681F8,sub_2681F8,,0x283C60;0x2667D4;0x283C60
FN_libARSPM_0026839C,0x26839C,sub_26839C,,0x26AE1C
FN_libARSPM_0026852C,0x26852C,sub_26852C,0x176D00;0x1BD128;0x1BD33C;0x2F7A1C,0x274158;0x274548;0x26DF10;0x4ECB70;0x27423C
FN_libARSPM_00268600,0x268600,sub_268600,0x176D00;0x1BD128;0x1BD33C;0x2F7944;0x2F7A1C,0x4ECB70
FN_libARSPM_00268664,0x268664,sub_268664,0x284AA8,0x274158;0x274734;0x27423C;0x27557C;0x274D30;0x275134;0x275360;0x275808;0x27580C
FN_libARSPM_00268768,0x268768,sub_268768,0x274B5C,0x277808;0x278454;0x26A518;0x268AC0;0x1BF1EC;0x2CFAA0;0x4ECB70
FN_libARSPM_00268A2C,0x268A2C,sub_268A2C,0x176D00;0x176D00;0x1BD128;0x3E26A8,0x26A518;0x1BF1EC
FN_libARSPM_00268AC0,0x268AC0,sub_268AC0,0x268768,0x287FD8;0x4ECB40;0x2697A0;0x4ECB70;0x2697A0
FN_libARSPM_00268CD8,0x268CD8,sub_268CD8,0x176D00;0x176D00;0x1BD128;0x3E26A8,0x207B3C;0x207B3C;0x277808;0x2781E8;0x207B3C
FN_libARSPM_00268F28,0x268F28,sub_268F28,0x2781E8,0x284C4C;0x269010;0x269288;0x269398;0x283998;0x2B93F8
FN_libARSPM_00269010,0x269010,sub_269010,0x268F28,0x4ECB40;0x2B91BC;0x283870;0x4ECB70;0x4ECB70
FN_libARSPM_00269288,0x269288,sub_269288,0x268F28,0x2C9BC8;0x2CBB64;0x28613C;0x2873E0;0x285380
FN_libARSPM_00269398,0x269398,sub_269398,0x268F28,0x4ECB40;0x2697A0;0x4ECB70;0x2697A0;0x2C93D8;0x2C877C;0x2C8F04;0x2C8A7C
FN_libARSPM_002694C4,0x2694C4,sub_2694C4,0x280B78,0x1472A8;0x2BF0D8;0x2839B8;0x2839B8;0x2C7F08;0x26DF74;0x2839B8;0x2C7F08;0x2A6CA8;0x29D9B0
FN_libARSPM_002697A0,0x2697A0,sub_2697A0,0x268AC0;0x268AC0;0x269398;0x269398,0x4ECB40;0x4ECB70;0x4ECB40;0x2720F0;0x4ECB70;0x4ECB70
FN_libARSPM_002698DC,0x2698DC,sub_2698DC,0x269DD0;0x284DA4;0x284DA4;0x408898;0x40C7E0;0x40C7E0;0x40C7E0;0x40C7E0;0x40C7E0;0x40CBE0,0x1D542C;0x4ECB10;0x14803C;0x148054;0x178340
FN_libARSPM_00269A40,0x269A40,sub_269A40,0x269DD0,0x207B3C;0x207B3C;0x269BA8;0x40C048;0x269CC0;0x207B3C
FN_libARSPM_00269BA8,0x269BA8,sub_269BA8,0x269A40,0x26DF10;0x4ECB40;0x4ECB70
FN_libARSPM_00269CC0,0x269CC0,sub_269CC0,0x269A40;0x40C7E0,0x1D523C;0x1D523C;0x1D523C;0x1D523C;0x1D523C
FN_libARSPM_00269DD0,0x269DD0,sub_269DD0,0x3E26A8,0x269A40;0x2698DC;0x1D523C;0x283A8C;0x178340;0x178340
FN_libARSPM_0026A518,0x26A518,sub_26A518,0x268768;0x268A2C,
FN_libARSPM_0026A66C,0x26A66C,sub_26A66C,,0x4ECB70
FN_libARSPM_0026A80C,0x26A80C,sub_26A80C,,0x1D523C
FN_libARSPM_0026A850,0x26A850,sub_26A850,0x26A9B4,0x26AAF8
FN_libARSPM_0026A9B4,0x26A9B4,sub_26A9B4,0x2C1360,0x26A850;0x1472A8
FN_libARSPM_0026AAF8,0x26AAF8,sub_26AAF8,0x26A850,0x1472A8
FN_libARSPM_0026AC98,0x26AC98,sub_26AC98,,0x2839B8
FN_libARSPM_0026AD18,0x26AD18,sub_26AD18,0x27B6E4;0x27C4F4;0x291AA8;0x2BB6E8;0x2BBF18;0x2C47E8,0x2C7500;0x267A3C
FN_libARSPM_0026AE1C,0x26AE1C,sub_26AE1C,0x2677A0;0x26839C;0x294C94;0x2A6CA8;0x2AA038;0x2AA038;0x2B3A44;0x2B3FF8;0x2B4678;0x2B4678,0x2C7500;0x267A3C
FN_libARSPM_0026AE98,0x26AE98,sub_26AE98,0x296CE4;0x296CE4;0x2A8140;0x2A8140;0x2A8140,0x2C7500;0x267A3C
FN_libARSPM_0026AF5C,0x26AF5C,sub_26AF5C,0x295F20,0x2C7500;0x267A3C
FN_libARSPM_0026AFCC,0x26AFCC,sub_26AFCC,0x2A2BE0;0x2A3218;0x2A3DD0;0x2A4180;0x2A4C68;0x2A4F28,0x2C7500;0x267A3C
FN_libARSPM_0026B064,0x26B064,sub_26B064,0x29E9B4,0x2C7500;0x267A3C;0x2C7500;0x267A3C;0x287B70;0x2870E4;0x287B70;0x2839B8;0x287B70;0x2839B8
FN_libARSPM_0026C190,0x26C190,sub_26C190,0x26B064,0x2839B8;0x2A397C
FN_libARSPM_0026C374,0x26C374,sub_26C374,0x26B064;0x26B064,0x2A4F28;0x1348D0;0x2666F8;0x1349B8;0x1348D0;0x2666F8;0x26D688;0x2A3218;0x2666F8;0x2666F8
FN_libARSPM_0026C6A4,0x26C6A4,sub_26C6A4,,0x2839B8
FN_libARSPM_0026C768,0x26C768,sub_26C768,0x26B064,0x26D7F0;0x26D7F0;0x2B84D8;0x26D7F0;0x26DDB0;0x29ED1C;0x26D7F0;0x26DDB0;0x29ED1C;0x26D7F0
FN_libARSPM_0026D168,0x26D168,sub_26D168,0x26B064,0x276EB0;0x2839B8;0x29ED1C;0x29ED1C
FN_libARSPM_0026D35C,0x26D35C,sub_26D35C,0x26B064;0x26B064;0x26B064,0x2C303C;0x2A397C
FN_libARSPM_0026D688,0x26D688,sub_26D688,0x26C374;0x27E86C;0x281180;0x282478;0x2A043C;0x2A043C;0x2A07FC;0x2A07FC;0x2A09EC;0x2A09EC,0x1348D0;0x2666F8;0x2666F8
FN_libARSPM_0026D7F0,0x26D7F0,sub_26D7F0,0x26C768;0x26C768;0x26C768;0x26C768;0x26C768;0x26C768;0x26C768;0x26C768;0x26C768;0x26C768,0x2A4180;0x2A4F28
FN_libARSPM_0026D9B8,0x26D9B8,sub_26D9B8,0x26C768;0x26C768;0x26C768;0x26C768;0x26C768;0x26C768;0x26C768,0x2839B8;0x2A4F28;0x2A4180
FN_libARSPM_0026DD00,0x26DD00,sub_26DD00,0x26C768;0x26C768,0x26D7F0;0x2B84D8
FN_libARSPM_0026DDB0,0x26DDB0,sub_26DDB0,0x26C768;0x26C768,0x2A397C
FN_libARSPM_0026DF10,0x26DF10,sub_26DF10,0x26852C;0x269BA8;0x29AFAC,
FN_libARSPM_0026DF24,0x26DF24,sub_26DF24,,0x4ECB70
FN_libARSPM_0026DF74,0x26DF74,sub_26DF74,0x267B00;0x267D4C;0x267D4C;0x267D4C;0x2680AC;0x2694C4;0x26B064;0x26B064;0x26B064;0x270988,
FN_libARSPM_0026E04C,0x26E04C,sub_26E04C,0x26E04C;0x26E04C;0x26E04C;0x26E04C;0x26E04C;0x26E04C;0x26E04C;0x26E04C;0x26E04C;0x26E04C,0x26E04C;0x26E04C;0x26E04C;0x26E04C;0x1472A8;0x2680AC;0x2C392C;0x1348D0;0x2666F8;0x26E04C
FN_libARSPM_0026F4DC,0x26F4DC,sub_26F4DC,0x26F4DC;0x26F4DC;0x26F4DC;0x26F4DC;0x26F4DC;0x26F4DC;0x26F4DC;0x26F4DC;0x270988,0x1348D0;0x2666F8;0x26E04C;0x26E04C;0x26F4DC;0x1472A8;0x2680AC;0x26E04C;0x26E04C;0x26F4DC
FN_libARSPM_002708A8,0x2708A8,sub_2708A8,0x2720F0;0x29FA64,0x1349B8;0x1348D0;0x2666F8
FN_libARSPM_00270988,0x270988,sub_270988,0x2720F0;0x2720F0,0x286EBC;0x1348D0;0x2666F8;0x2C79E4;0x1349B8;0x1348D0;0x2666F8;0x2839B8;0x2C7F08;0x288220
FN_libARSPM_002715C4,0x2715C4,sub_2715C4,0x271864;0x271864,0x1472A8;0x288220;0x286EBC;0x273614
FN_libARSPM_00271774,0x271774,sub_271774,0x271864,0x1472A8;0x267CC8;0x273948
FN_libARSPM_00271864,0x271864,sub_271864,0x2720F0;0x2720F0,0x4ECB40;0x271FF0;0x4ECB70;0x2715C4;0x2715C4;0x4ECB70;0x4ECB70;0x4ECB70;0x273948;0x271774
FN_libARSPM_00271FF0,0x271FF0,sub_271FF0,0x271864,0x4ECB40;0x2725E0;0x272748;0x4ECB70
FN_libARSPM_002720F0,0x2720F0,sub_2720F0,0x2697A0,0x4ECB40;0x271864;0x4ECB70;0x271864;0x4ECB40;0x270988;0x4ECB70;0x270988;0x2886EC;0x1472A8
FN_libARSPM_002725A0,0x2725A0,sub_2725A0,,0x2839B8
FN_libARSPM_002725E0,0x2725E0,sub_2725E0,0x271FF0,0x4ECB40;0x4ECB70;0x272734;0x15E650
FN_libARSPM_00272734,0x272734,sub_272734,0x2725E0;0x289074,0x15E638
FN_libARSPM_00272748,0x272748,sub_272748,0x271FF0;0x272748;0x272748;0x272748;0x272748;0x272748,0x288F2C;0x272748;0x272A6C;0x272748;0x272A6C;0x272748;0x272748;0x272E70;0x289010;0x272A6C
FN_libARSPM_00272A6C,0x272A6C,sub_272A6C,0x272748;0x272748;0x272748;0x272A6C;0x272A6C;0x272A6C;0x272A6C;0x272A6C,0x272A6C;0x272A6C;0x2A2070;0x272A6C;0x272A6C;0x272A6C
FN_libARSPM_00272BB4,0x272BB4,sub_272BB4,0x272748;0x272E70,0x15E638;0x4ECB40;0x272CEC;0x4ECB70
FN_libARSPM_00272CEC,0x272CEC,sub_272CEC,0x272BB4,0x4ECB70;0x272E5C;0x15E650
FN_libARSPM_00272E5C,0x272E5C,sub_272E5C,0x272CEC,0x15E638
FN_libARSPM_00272E70,0x272E70,sub_272E70,0x272748,0x272BB4;0x15E650
FN_libARSPM_00273024,0x273024,sub_273024,0x26F4DC;0x270988;0x27B14C;0x27E86C;0x27F08C;0x29F710;0x29F710;0x29F8E4;0x29F8E4;0x29FA64,0x1348D0;0x2666F8;0x2666F8
FN_libARSPM_0027318C,0x27318C,sub_27318C,0x26F4DC;0x270988;0x270988,0x27330C
FN_libARSPM_0027330C,0x27330C,sub_27330C,0x26F4DC;0x27318C,0x1472A8
FN_libARSPM_00273454,0x273454,sub_273454,0x26F4DC;0x27423C;0x274554;0x27557C;0x2ADB1C;0x2AF314;0x2B4CB8;0x2B4CB8;0x2B50CC;0x2BA3EC,0x273600;0x15E650
FN_libARSPM_00273600,0x273600,sub_273600,0x273454,0x15E638
FN_libARSPM_00273614,0x273614,sub_273614,0x2715C4,0x27373C;0x1472A8
FN_libARSPM_0027373C,0x27373C,sub_27373C,0x273614,0x1472A8
FN_libARSPM_00273948,0x273948,sub_273948,0x271774;0x271864;0x271864;0x271864;0x2884D0,0x273A70;0x1472A8
FN_libARSPM_00273A70,0x273A70,sub_273A70,0x273948,0x1472A8
FN_libARSPM_00273C7C,0x273C7C,sub_273C7C,0x2720F0,0x273DA4;0x1472A8
FN_libARSPM_00273DA4,0x273DA4,sub_273DA4,0x273C7C,0x1472A8
FN_libARSPM_00273FB0,0x273FB0,sub_273FB0,0x26F4DC;0x2C7598;0x2C79E4,0x1D8E48;0x1472A8;0x2BF0D8;0x178340
FN_libARSPM_00274158,0x274158,sub_274158,0x26852C;0x268664,0x4ECAB0;0x2741E4
FN_libARSPM_002741E4,0x2741E4,sub_2741E4,0x274158,0x275EB4
FN_libARSPM_0027423C,0x27423C,sub_27423C,0x26852C;0x268664,0x4ECAE0;0x2BF1B0;0x2BF1B0;0x2BF1B0;0x2BF1B0;0x2BF1B0;0x2BF1B0;0x2BF1B0;0x2BF1B0;0x2BF1B0
FN_libARSPM_00274548,0x274548,sub_274548,0x26852C,
FN_libARSPM_00274554,0x274554,sub_274554,0x274734,0x2BF1B0;0x2BF1B0;0x2BF1B0;0x2BF1B0;0x2BF1B0;0x2BF1B0;0x2BF1B0;0x2BF1B0;0x2BF1B0;0x2BF1B0
FN_libARSPM_00274734,0x274734,sub_274734,0x268664;0x274D30,0x274960;0x274B5C;0x4ECB70;0x4ECB70;0x274554
FN_libARSPM_00274960,0x274960,sub_274960,0x274734;0x274F2C,0x274B5C;0x4ECB70;0x4ECB70
FN_libARSPM_00274B5C,0x274B5C,sub_274B5C,0x274734;0x274960;0x274D30;0x274F2C;0x275134;0x275360;0x27557C,0x268768;0x275810;0x2CFAA0;0x2666C0
FN_libARSPM_00274D30,0x274D30,sub_274D30,0x268664,0x274734;0x274B5C;0x4ECB70;0x4ECB70
FN_libARSPM_00274F2C,0x274F2C,sub_274F2C,0x275134;0x275360;0x27557C,0x274960;0x274B5C;0x4ECB70;0x4ECB70
FN_libARSPM_00275134,0x275134,sub_275134,0x268664,0x274F2C;0x274B5C;0x4ECB70;0x4ECB70
FN_libARSPM_00275360,0x275360,sub_275360,0x268664,0x274F2C;0x274B5C;0x4ECB70;0x4ECB70
FN_libARSPM_0027557C,0x27557C,sub_27557C,0x268664,0x274F2C;0x274B5C;0x4ECB70;0x4ECB70;0x2C0E4C;0x273454;0x2BF680
FN_libARSPM_00275808,0x275808,sub_275808,0x268664,
FN_libARSPM_0027580C,0x27580C,sub_27580C,0x268664,
FN_libARSPM_00275810,0x275810,sub_275810,0x274B5C,0x15E650
FN_libARSPM_00275980,0x275980,sub_275980,0x27423C;0x2ADB1C;0x2ADB1C;0x2ADB1C;0x2B7480;0x2C7598;0x2C7598;0x2C79E4;0x2C86E4,0x2B6E24;0x2B6E24;0x275CDC
FN_libARSPM_00275CDC,0x275CDC,sub_275CDC,0x275980,0x15E650
FN_libARSPM_00275EB4,0x275EB4,sub_275EB4,0x2741E4,0x2C1230;0x2C25E4;0x2C25E4;0x2C25E4;0x2C1230;0x2C25E4;0x2C25E4;0x2C25E4;0x2C1230;0x2C25E4
FN_libARSPM_00276DB8,0x276DB8,sub_276DB8,0x29F380;0x407468;0x40EE88,
FN_libARSPM_00276DE8,0x276DE8,sub_276DE8,,0x2CFAA0;0x2666C0
FN_libARSPM_00276E0C,0x276E0C,sub_276E0C,0x29F380;0x406B34;0x407468;0x407468;0x40EE88;0x40EE88,
FN_libARSPM_00276E2C,0x276E2C,sub_276E2C,0x29DFF4;0x29DFF4;0x29DFF4;0x2B75D4;0x2B798C;0x2B7D08;0x2B7D08;0x2B87A0;0x401F98;0x401F98,
FN_libARSPM_00276EB0,0x276EB0,sub_276EB0,0x26D168;0x2870E4;0x2871A0;0x296CE4;0x29DFF4;0x29F604;0x407468,
FN_libARSPM_00276ED0,0x276ED0,sub_276ED0,0x296CE4,
FN_libARSPM_00276EF4,0x276EF4,sub_276EF4,0x29DFF4,
FN_libARSPM_00276F14,0x276F14,sub_276F14,0x276F14;0x276F14;0x276F14;0x29DFF4;0x29DFF4;0x29ED1C;0x29EE08;0x29EE08;0x2BFDDC,0x2C2684;0x2C2684;0x2C2684;0x2C2684;0x2C2684;0x276F14;0x2C303C;0x2C303C;0x276F14;0x2C303C
FN_libARSPM_00277808,0x277808,sub_277808,0x268768;0x268CD8,
FN_libARSPM_00277894,0x277894,sub_277894,0x277C08;0x277CBC;0x2782C8;0x2782C8;0x2782C8;0x2782C8;0x2788A4;0x2788A4;0x2788A4;0x2788A4,0x28372C;0x284CA4;0x284CA4;0x284CA4;0x284CA4;0x178340
FN_libARSPM_00277C08,0x277C08,sub_277C08,0x27E86C,0x277894
FN_libARSPM_00277CBC,0x277CBC,sub_277CBC,0x277FC8;0x27861C;0x278B80;0x278B80;0x278EBC;0x2793AC;0x2793AC;0x2793AC;0x2793AC;0x279E00,0x277894;0x284CA4;0x284CA4;0x178340;0x178340
FN_libARSPM_00277FC8,0x277FC8,sub_277FC8,0x2788A4;0x278B80;0x2793AC;0x2793AC;0x27A79C;0x27BC50;0x27C050;0x27C050;0x27C4F4;0x27C4F4,0x277CBC;0x2BEED4;0x284CA4;0x284CA4;0x178340
FN_libARSPM_002781E8,0x2781E8,sub_2781E8,0x268CD8,0x284AA8;0x284C6C;0x2782C8;0x284C00;0x268F28;0x284BBC
FN_libARSPM_002782C8,0x2782C8,sub_2782C8,0x2781E8;0x278454,0x284CA4;0x277894;0x27861C;0x277894;0x2788A4;0x277894;0x284CA4;0x277894
FN_libARSPM_00278454,0x278454,sub_278454,0x268768,0x284B34;0x284C6C;0x2782C8;0x2BF624;0x4ECB40;0x4ECB70;0x284C4C;0x284BBC
FN_libARSPM_0027861C,0x27861C,sub_27861C,0x2782C8,0x277CBC;0x278B80;0x284CA4;0x284CA4;0x278D88;0x178340
FN_libARSPM_002788A4,0x2788A4,sub_2788A4,0x2782C8,0x277894;0x277894;0x279110;0x277894;0x277894;0x279064;0x279CAC;0x284CA4;0x2BEDDC;0x279E00
FN_libARSPM_00278B80,0x278B80,sub_278B80,0x27861C,0x277FC8;0x277CBC;0x277CBC;0x277894;0x2A6234;0x284C4C;0x284CA4;0x283024;0x283A4C
FN_libARSPM_00278D88,0x278D88,sub_278D88,0x27861C,0x278EBC;0x277894;0x284CA4
FN_libARSPM_00278EBC,0x278EBC,sub_278EBC,0x278D88;0x280B78,0x277CBC;0x284254;0x284CA4;0x284CA4;0x178340
FN_libARSPM_00279064,0x279064,sub_279064,0x2788A4,0x2B7480;0x284C4C;0x283024;0x283A4C
FN_libARSPM_00279110,0x279110,sub_279110,0x2788A4;0x2793AC;0x27AC78;0x27C050;0x27C050;0x27C4F4,0x277894;0x27CEB8;0x277894;0x277894;0x277894;0x27D894;0x284CA4;0x284CA4
FN_libARSPM_002793AC,0x2793AC,sub_2793AC,0x2788A4,0x277FC8;0x277894;0x277894;0x277894;0x277894;0x279110;0x279E00;0x277FC8;0x277894;0x277894
FN_libARSPM_00279CAC,0x279CAC,sub_279CAC,0x2788A4,0x27C4F4;0x277894;0x2BEED4
FN_libARSPM_00279E00,0x279E00,sub_279E00,0x2788A4;0x2793AC;0x27AC78;0x27C050;0x27C050;0x27C4F4,0x277CBC;0x2BEDDC;0x29DB2C;0x29DEBC;0x284CA4;0x277894;0x277894;0x29DF78;0x27B6E4;0x277CBC
FN_libARSPM_0027A298,0x27A298,sub_27A298,0x2788A4,0x277894;0x27AC78;0x1349B8;0x1348D0;0x2666F8;0x277894;0x27AC78;0x277894;0x277CBC;0x284C00
FN_libARSPM_0027A79C,0x27A79C,sub_27A79C,0x2788A4,0x27B980;0x277894;0x27BB3C;0x2C6DDC;0x284C4C;0x2839B8;0x2C7560;0x283024;0x283A4C;0x277894
FN_libARSPM_0027AC78,0x27AC78,sub_27AC78,0x27A298;0x27A298,0x277894;0x279110;0x279E00;0x277894;0x2BEED4;0x27B980;0x2C7598;0x27B980
FN_libARSPM_0027AEF0,0x27AEF0,sub_27AEF0,0x27A298,0x282930;0x2AF510;0x277894;0x27B14C;0x27B14C;0x2B1818;0x284C4C;0x283024;0x283A4C;0x4ECB40
FN_libARSPM_0027B14C,0x27B14C,sub_27B14C,0x27AEF0;0x27AEF0;0x27DAE8,0x277CBC;0x282930;0x277894;0x27DAE8;0x1349B8;0x1348D0;0x2666F8;0x277894;0x273024;0x4ECB40
FN_libARSPM_0027B6E4,0x27B6E4,sub_27B6E4,0x2793AC;0x2793AC;0x279E00;0x27B980,0x277894;0x27B868;0x29D77C;0x26AD18;0x284CA4;0x284CA4
FN_libARSPM_0027B868,0x27B868,sub_27B868,0x27B6E4;0x27C050;0x27C4F4;0x27DAE8;0x27DD74;0x27DFF0;0x27DFF0;0x27E474;0x27E698;0x27E86C,0x277894;0x27BB3C;0x277894;0x27F734
FN_libARSPM_0027B980,0x27B980,sub_27B980,0x27A79C;0x27A79C;0x27AC78;0x27AC78;0x27BC50;0x27BC50,0x284CA4;0x277894;0x277894;0x29DF78;0x27B6E4;0x277CBC;0x29DECC
FN_libARSPM_0027BB3C,0x27BB3C,sub_27BB3C,0x27A79C;0x27A79C;0x27B868;0x27BC50;0x27BC50;0x27F990;0x281180;0x281180,0x27F990;0x277894;0x27F734
FN_libARSPM_0027BC50,0x27BC50,sub_27BC50,0x27C050;0x27C050,0x27B980;0x277894;0x27BB3C;0x2C6DDC;0x277894;0x277FC8;0x27B980;0x277894;0x27BB3C;0x2C6DDC
FN_libARSPM_0027C050,0x27C050,sub_27C050,0x27DAE8;0x27DFF0,0x277894;0x2BEDDC;0x284C00;0x284C6C;0x29DE68;0x277894;0x279110;0x279E00;0x277FC8;0x284C6C
FN_libARSPM_0027C4F4,0x27C4F4,sub_27C4F4,0x279CAC,0x277894;0x277CBC;0x277FC8;0x277CBC;0x277894;0x277894;0x279110;0x279E00;0x277FC8;0x277894
FN_libARSPM_0027CCF4,0x27CCF4,sub_27CCF4,0x27CEB8;0x27CEB8;0x27CEB8;0x27CEB8;0x27CEB8;0x27CEB8;0x27CEB8;0x27CEB8;0x27CEB8,0x277CBC;0x277CBC;0x284254;0x284CA4;0x284CA4;0x178340
FN_libARSPM_0027CEB8,0x27CEB8,sub_27CEB8,0x279110,0x277894;0x277CBC;0x277CBC;0x277894;0x1472A8;0x284CA4;0x277894;0x284CA4;0x27CCF4;0x284CA4
FN_libARSPM_0027D654,0x27D654,sub_27D654,0x27CEB8,0x283384;0x283384;0x1472A8
FN_libARSPM_0027D7D4,0x27D7D4,sub_27D7D4,0x27CEB8,
FN_libARSPM_0027D850,0x27D850,sub_27D850,0x27CEB8,
FN_libARSPM_0027D894,0x27D894,sub_27D894,0x279110;0x2AF7B8;0x2AF7B8;0x2AF7B8;0x2B58DC;0x2C2A3C,
FN_libARSPM_0027DAE8,0x27DAE8,sub_27DAE8,0x27B14C;0x27DD74;0x27DD74;0x27DFF0;0x27E474;0x27E698;0x27F08C,0x277894;0x27C050;0x277894;0x2839B8;0x29D914;0x277894;0x284CA4;0x27E698;0x27ED78;0x27DD74
FN_libARSPM_0027DD74,0x27DD74,sub_27DD74,0x27DAE8,0x277CBC;0x277CBC;0x27B868;0x277CBC;0x27DAE8;0x277894;0x27DAE8;0x2B38A8;0x29D924
FN_libARSPM_0027DFF0,0x27DFF0,sub_27DFF0,0x27DAE8,0x277CBC;0x277CBC;0x282930;0x277894;0x277894;0x27C050;0x277894;0x27B868;0x277CBC;0x277894
FN_libARSPM_0027E474,0x27E474,sub_27E474,0x27DAE8,0x277CBC;0x27DAE8;0x277CBC;0x277CBC;0x27B868;0x277CBC;0x277CBC;0x2A5848;0x29D924
FN_libARSPM_0027E698,0x27E698,sub_27E698,0x27DAE8,0x277CBC;0x277CBC;0x27B868;0x277CBC;0x27DAE8;0x2A7EA8;0x29D924
FN_libARSPM_0027E86C,0x27E86C,sub_27E86C,0x27DAE8,0x277CBC;0x277CBC;0x27B868;0x277CBC;0x277CBC;0x277894;0x27F5F4;0x277C08;0x27F08C;0x277CBC
FN_libARSPM_0027EBD8,0x27EBD8,sub_27EBD8,0x27DAE8,0x277CBC;0x277894;0x27B868;0x277CBC;0x2839B8;0x29D914
FN_libARSPM_0027ED78,0x27ED78,sub_27ED78,0x27DAE8,0x277CBC;0x277CBC;0x2839B8;0x29D914
FN_libARSPM_0027EE7C,0x27EE7C,sub_27EE7C,0x27DAE8,0x277CBC;0x277CBC;0x2839B8;0x29D914
FN_libARSPM_0027EF80,0x27EF80,sub_27EF80,0x27DAE8,0x277CBC;0x277CBC;0x2A5760;0x29D924
FN_libARSPM_0027F08C,0x27F08C,sub_27F08C,0x27E86C;0x27F5F4,0x277CBC;0x277894;0x277894;0x277894;0x27DAE8;0x1349B8;0x1348D0;0x2666F8;0x27F498;0x273024
FN_libARSPM_0027F498,0x27F498,sub_27F498,0x27F08C;0x2A8E64;0x2BC8FC,0x1349B8;0x1348D0;0x2666F8
FN_libARSPM_0027F578,0x27F578,sub_27F578,0x27E86C,
FN_libARSPM_0027F5F4,0x27F5F4,sub_27F5F4,0x27E86C,0x277CBC;0x27B868;0x27F08C
FN_libARSPM_0027F6B8,0x27F6B8,sub_27F6B8,0x27E86C;0x2A09EC;0x2BC8FC;0x2BC8FC,
FN_libARSPM_0027F734,0x27F734,sub_27F734,0x27B868;0x27BB3C;0x27FC4C;0x27FD38;0x27FE24;0x27FF10;0x27FFFC;0x2800E8;0x2801D4;0x2801D4,0x277894;0x29D7E0;0x29D7E0;0x29DFF4;0x29D6AC;0x277894;0x284CA4
FN_libARSPM_0027F990,0x27F990,sub_27F990,0x27BB3C,0x27FC4C;0x277894;0x27B868;0x277CBC;0x27BB3C;0x29D7E0;0x29D7E0;0x2BFDDC;0x29D6AC;0x277894
FN_libARSPM_0027FC4C,0x27FC4C,sub_27FC4C,0x27F990,0x27FD38;0x277894;0x27F734
FN_libARSPM_0027FD38,0x27FD38,sub_27FD38,0x27FC4C,0x27FE24;0x277894;0x27F734
FN_libARSPM_0027FE24,0x27FE24,sub_27FE24,0x27FD38,0x27FF10;0x277894;0x27F734
FN_libARSPM_0027FF10,0x27FF10,sub_27FF10,0x27FE24,0x27FFFC;0x277894;0x27F734
FN_libARSPM_0027FFFC,0x27FFFC,sub_27FFFC,0x27FF10,0x2800E8;0x277894;0x27F734
FN_libARSPM_002800E8,0x2800E8,sub_2800E8,0x27FFFC,0x2801D4;0x277894;0x27F734
FN_libARSPM_002801D4,0x2801D4,sub_2801D4,0x2800E8,0x2802EC;0x27F734;0x277894;0x27F734
FN_libARSPM_002802EC,0x2802EC,sub_2802EC,0x2801D4,0x2803EC;0x277894;0x27F734
FN_libARSPM_002803EC,0x2803EC,sub_2803EC,0x2802EC,0x280504;0x27F734;0x277894;0x27F734
FN_libARSPM_00280504,0x280504,sub_280504,0x2803EC,0x28061C;0x27F734;0x277894;0x27F734
FN_libARSPM_0028061C,0x28061C,sub_28061C,0x280504,0x280710;0x277894;0x27F734
FN_libARSPM_00280710,0x280710,sub_280710,0x28061C;0x280710,0x277894;0x280974;0x277894;0x280710;0x29D7E0;0x2B7D08;0x29D6AC;0x277894;0x284CA4
FN_libARSPM_00280974,0x280974,sub_280974,0x280710,0x280B78;0x277894;0x281180;0x277894;0x284CA4
FN_libARSPM_00280B78,0x280B78,sub_280B78,0x280974,0x277894;0x277894;0x27B868;0x277CBC;0x29D7EC;0x278EBC;0x277894;0x282728;0x282580;0x277CBC
FN_libARSPM_00281180,0x281180,sub_281180,0x280974,0x277894;0x277894;0x284CA4;0x29D7E0;0x29D724;0x277894;0x29D7E0;0x2B75D4;0x29D6AC;0x284CA4
FN_libARSPM_00281D64,0x281D64,sub_281D64,0x281180;0x281180;0x281180,0x29D79C;0x29DEAC;0x29D79C;0x29DE9C;0x2A6500;0x29D6AC;0x2843C4;0x284CA4;0x1348D0;0x2666F8
FN_libARSPM_00282478,0x282478,sub_282478,0x281180,0x26D688;0x2A8E64;0x29D6AC;0x2666F8
FN_libARSPM_00282580,0x282580,sub_282580,0x280B78,0x277CBC;0x283FB0;0x284CA4;0x284CA4;0x178340
FN_libARSPM_00282728,0x282728,sub_282728,0x280B78,0x277894;0x284CA4;0x284CA4;0x178340
FN_libARSPM_00282930,0x282930,sub_282930,0x27AEF0;0x27B14C;0x27DFF0;0x284688,0x4ECB40;0x4ECB40;0x4ECB70;0x4ECB70
FN_libARSPM_00282AD4,0x282AD4,sub_282AD4,,0x2666F8
FN_libARSPM_00282B4C,0x282B4C,sub_282B4C,,0x282C24;0x178340
FN_libARSPM_00282C24,0x282C24,sub_282C24,0x282B4C,0x1349B8;0x1348D0;0x2666F8
FN_libARSPM_00282DC0,0x282DC0,sub_282DC0,,0x2A5CA4
FN_libARSPM_00282EB4,0x282EB4,sub_282EB4,,0x2839B8
FN_libARSPM_00282F54,0x282F54,sub_282F54,,0x2839B8
FN_libARSPM_00282FC0,0x282FC0,sub_282FC0,,0x2839B8
FN_libARSPM_00283024,0x283024,sub_283024,0x278B80;0x279064;0x2793AC;0x27A298;0x27A79C;0x27A79C;0x27AEF0;0x27C4F4,0x2831D0;0x15E650
FN_libARSPM_002831D0,0x2831D0,sub_2831D0,0x283024,0x15E638
FN_libARSPM_002831E8,0x2831E8,sub_2831E8,,0x2AF7B8
FN_libARSPM_00283250,0x283250,sub_283250,,0x2839B8
FN_libARSPM_002832F4,0x2832F4,sub_2832F4,,0x2839B8;0x2C7560
FN_libARSPM_00283384,0x283384,sub_283384,0x27D654;0x27D654,0x2834C4
FN_libARSPM_002834C4,0x2834C4,sub_2834C4,0x283384,0x1472A8
FN_libARSPM_002835E8,0x2835E8,sub_2835E8,0x281D64;0x2B1818;0x2B1818;0x2B1818;0x2B1818;0x2B1818;0x2BD800;0x2BEB28;0x2BEB28,0x1348D0;0x2666F8;0x2666F8
FN_libARSPM_0028372C,0x28372C,sub_28372C,0x277894,
FN_libARSPM_00283870,0x283870,sub_283870,0x269010;0x284688;0x284688;0x28491C;0x2B93F8,0x1416F0
FN_libARSPM_002838D8,0x2838D8,sub_2838D8,0x284688,0x14119C;0x1416F0
FN_libARSPM_0028396C,0x28396C,sub_28396C,0x284688;0x2B93F8,
FN_libARSPM_00283998,0x283998,sub_283998,0x268F28;0x28491C;0x2B93F8,
FN_libARSPM_002839B8,0x2839B8,sub_2839B8,0x2694C4;0x2694C4;0x2694C4;0x26AC98;0x26B064;0x26B064;0x26B064;0x26B064;0x26B064;0x26C190,0x14130C
FN_libARSPM_00283A4C,0x283A4C,sub_283A4C,0x26F4DC;0x26F4DC;0x270988;0x278B80;0x279064;0x2793AC;0x27A79C;0x27A79C;0x27AEF0;0x27B14C,
FN_libARSPM_00283A8C,0x283A8C,sub_283A8C,0x269DD0,
FN_libARSPM_00283C60,0x283C60,sub_283C60,0x2681F8;0x2681F8,
FN_libARSPM_00283C7C,0x283C7C,sub_283C7C,0x3309B0,0x284580
FN_libARSPM_00283FB0,0x283FB0,sub_283FB0,0x282580,0x284580;0x178340
FN_libARSPM_00284254,0x284254,sub_284254,0x278EBC;0x27CCF4,0x178340
FN_libARSPM_002843C4,0x2843C4,sub_2843C4,0x281D64;0x29D9F8;0x29D9F8;0x2A22F8;0x2A22F8;0x2A5104;0x2A5104;0x2B1818;0x2B1818;0x2BAF00,0x28444C
FN_libARSPM_0028444C,0x28444C,sub_28444C,0x2843C4;0x284518,
FN_libARSPM_00284518,0x284518,sub_284518,0x2B5444;0x2C58C0;0x3E15C8;0x3E15C8;0x3E15C8;0x3E15C8;0x3E1C44;0x3E1D98;0x3E2024;0x3E2A88,0x28444C
FN_libARSPM_00284580,0x284580,sub_284580,0x283C7C;0x283FB0,
FN_libARSPM_00284688,0x284688,sub_284688,0x284AA8;0x284B34,0x2838D8;0x283870;0x283870;0x28396C;0x4ECB40;0x4ECB70;0x282930
FN_libARSPM_0028491C,0x28491C,sub_28491C,0x284AA8;0x284B34;0x284BBC,0x4ECB70;0x283998;0x283870
FN_libARSPM_00284AA8,0x284AA8,sub_284AA8,0x2781E8,0x268664;0x284688;0x28491C
FN_libARSPM_00284B34,0x284B34,sub_284B34,0x278454,0x284688;0x28491C
FN_libARSPM_00284BBC,0x284BBC,sub_284BBC,0x2781E8;0x278454,0x28491C
FN_libARSPM_00284C00,0x284C00,sub_284C00,0x2781E8;0x27A298;0x27C050;0x29D6AC;0x29D724;0x29D87C;0x29D9B0;0x29DB2C;0x29DBA0;0x29DE34,
FN_libARSPM_00284C28,0x284C28,sub_284C28,0x2B1818;0x2B50CC;0x2C6EA8;0x2C6EA8;0x2C6EA8,
FN_libARSPM_00284C4C,0x284C4C,sub_284C4C,0x268F28;0x278454;0x278B80;0x279064;0x2793AC;0x27A298;0x27A79C;0x27A79C;0x27AEF0;0x27C4F4,
FN_libARSPM_00284C6C,0x284C6C,sub_284C6C,0x2781E8;0x278454;0x27C050;0x27C050;0x27C050,
FN_libARSPM_00284CA4,0x284CA4,sub_284CA4,0x277894;0x277894;0x277894;0x277894;0x277CBC;0x277CBC;0x277FC8;0x277FC8;0x2782C8;0x2782C8,
FN_libARSPM_00284CF8,0x284CF8,sub_284CF8,,0x2CFAA0;0x2666C0
FN_libARSPM_00284D28,0x284D28,sub_284D28,0x176D00;0x1BD128;0x1BD33C,
FN_libARSPM_00284DA4,0x284DA4,sub_284DA4,0x40C048;0x40C048;0x40C048;0x40C048,0x2698DC;0x2698DC
FN_libARSPM_00284E0C,0x284E0C,sub_284E0C,0x3309B0;0x36EA50,0x1763AC;0x1763AC;0x1763AC;0x1763AC;0x1763AC;0x1763AC;0x1763AC;0x1763AC;0x1763AC;0x1763AC
FN_libARSPM_00285380,0x285380,sub_285380,0x269288,0x2854CC;0x2854CC;0x26DF74
FN_libARSPM_002854CC,0x2854CC,sub_2854CC,0x285380;0x285380,0x1472A8;0x2AF7B8;0x285DF4;0x2AF7B8;0x26DF74;0x285DF4;0x266E00;0x285DF4;0x2AF7B8;0x2AF7B8
FN_libARSPM_00285BF8,0x285BF8,sub_285BF8,,0x14E90C;0x14E90C
FN_libARSPM_00285CA4,0x285CA4,sub_285CA4,,0x14E918;0x14E90C;0x14E90C
FN_libARSPM_00285DF4,0x285DF4,sub_285DF4,0x2854CC;0x2854CC;0x2854CC,0x285F1C;0x1472A8
FN_libARSPM_00285F1C,0x285F1C,sub_285F1C,0x285DF4,0x1472A8
FN_libARSPM_00286128,0x286128,sub_286128,0x2854CC,0x15E638
FN_libARSPM_0028613C,0x28613C,sub_28613C,0x269288,0x2861E4
FN_libARSPM_002861E4,0x2861E4,sub_2861E4,0x28613C,0x14E90C;0x1472A8;0x26DF74;0x288220;0x26DF74;0x286BDC;0x26DF74;0x266E00;0x178340;0x178340
FN_libARSPM_002869FC,0x2869FC,sub_2869FC,,0x2AF7B8;0x26DF74;0x26DF74;0x2667D4
FN_libARSPM_00286BDC,0x286BDC,sub_286BDC,0x2861E4,0x286CE0;0x1472A8
FN_libARSPM_00286CE0,0x286CE0,sub_286CE0,0x286BDC,0x1472A8
FN_libARSPM_00286EBC,0x286EBC,sub_286EBC,0x270988;0x2715C4;0x2922EC;0x2922EC;0x294270;0x294BA0,0x266E00;0x266E00
FN_libARSPM_00287000,0x287000,sub_287000,,0x266A7C
FN_libARSPM_002870E4,0x2870E4,sub_2870E4,0x26B064;0x26C768;0x26C768;0x270988;0x296CE4;0x296CE4;0x296CE4;0x297788;0x297788;0x2A5F38,0x276EB0;0x2667D4
FN_libARSPM_002871A0,0x2871A0,sub_2871A0,,0x276EB0;0x2667D4
FN_libARSPM_0028725C,0x28725C,sub_28725C,0x2C691C;0x2C691C,0x287294
FN_libARSPM_00287294,0x287294,sub_287294,0x28725C;0x2875D0,0x2874B8
FN_libARSPM_002873E0,0x2873E0,sub_2873E0,0x269288,0x266E00
FN_libARSPM_002874B8,0x2874B8,sub_2874B8,0x287294,0x1472A8
FN_libARSPM_002875D0,0x2875D0,sub_2875D0,,0x287294;0x26DF74;0x2667D4
FN_libARSPM_0028766C,0x28766C,sub_28766C,,0x287784;0x1472A8;0x287A64;0x287888
FN_libARSPM_00287784,0x287784,sub_287784,0x28766C;0x294C94;0x2C9128,0x287888;0x1472A8
FN_libARSPM_00287888,0x287888,sub_287888,0x28766C;0x287784,0x1472A8
FN_libARSPM_00287A64,0x287A64,sub_287A64,0x28766C,
FN_libARSPM_00287B70,0x287B70,sub_287B70,0x26B064;0x26B064;0x26B064;0x287B70;0x287B70;0x2A3218;0x2C0564,0x287B70;0x2A2074;0x2A2074;0x287B70
FN_libARSPM_00287E14,0x287E14,sub_287E14,0x270988;0x297788;0x29E9B4;0x29E9B4;0x2BDF2C;0x401F98,0x2A2074
FN_libARSPM_00287F7C,0x287F7C,sub_287F7C,0x2B91BC,0x267648
FN_libARSPM_00287FD8,0x287FD8,sub_287FD8,0x268AC0,0x288068
FN_libARSPM_00288068,0x288068,sub_288068,0x287FD8;0x288834;0x2888D0,0x288908;0x1472A8;0x1472A8;0x288908;0x266E00
FN_libARSPM_00288220,0x288220,sub_288220,0x1BD33C;0x270988;0x2715C4;0x2861E4;0x288C20;0x288CF4;0x294C94;0x2C86E4,0x1472A8
FN_libARSPM_002882D4,0x2882D4,sub_2882D4,0x2C8A7C;0x2C8A7C;0x2C8A7C;0x2C8A7C,0x1472A8;0x2C7500
FN_libARSPM_002883EC,0x2883EC,sub_2883EC,0x271864;0x271864;0x2C877C;0x2C877C;0x2C877C;0x2C877C,0x1472A8
FN_libARSPM_0028849C,0x28849C,sub_28849C,0x2720F0,0x2884D0
FN_libARSPM_002884D0,0x2884D0,sub_2884D0,0x28849C;0x288868,0x1472A8;0x1472A8;0x273948;0x288908;0x2667D4
FN_libARSPM_002886EC,0x2886EC,sub_2886EC,0x2720F0;0x2C9128,0x288720
FN_libARSPM_00288720,0x288720,sub_288720,0x2886EC;0x28889C,0x1472A8;0x288908;0x266A7C
FN_libARSPM_00288834,0x288834,sub_288834,0x2C9BC8;0x2CBB64,0x288068
FN_libARSPM_00288868,0x288868,sub_288868,0x2720F0;0x2C8FF0,0x2884D0
FN_libARSPM_0028889C,0x28889C,sub_28889C,0x2C8A7C;0x2C8A7C;0x2C8A7C;0x2C8A7C;0x2C9128;0x2C9128;0x2C94B8,0x288720
FN_libARSPM_002888D0,0x2888D0,sub_2888D0,0x2C877C;0x2C877C;0x2C877C;0x2C877C,0x288068
FN_libARSPM_00288908,0x288908,sub_288908,0x288068;0x288068;0x2884D0;0x288720,0x288A28;0x1472A8
FN_libARSPM_00288A28,0x288A28,sub_288A28,0x288908,0x1472A8
FN_libARSPM_00288C20,0x288C20,sub_288C20,0x1BD33C,0x288220;0x266E00
FN_libARSPM_00288CF4,0x288CF4,sub_288CF4,,0x288220
FN_libARSPM_00288DBC,0x288DBC,sub_288DBC,,0x288DE0
FN_libARSPM_00288DE0,0x288DE0,sub_288DE0,0x288DBC;0x288DE0,0x2A2074;0x288DE0
FN_libARSPM_00288F2C,0x288F2C,sub_288F2C,0x272748,0x4ECB40;0x289074;0x4ECB70
FN_libARSPM_00289010,0x289010,sub_289010,0x272748,0x4ECB70
FN_libARSPM_00289074,0x289074,sub_289074,0x288F2C,0x4ECB70;0x272734;0x15E650
FN_libARSPM_002891B0,0x2891B0,sub_2891B0,0x2922EC;0x2922EC;0x2922EC;0x2922EC;0x2922EC;0x292DB0;0x292DB0;0x2932A4;0x2934C4;0x2935C0,0x290E40
FN_libARSPM_00289218,0x289218,sub_289218,0x295688;0x295688;0x295688;0x295688;0x2961CC;0x297E58;0x297E58;0x297E58;0x297E58;0x297E58,
FN_libARSPM_00289240,0x289240,sub_289240,,0x290E40
FN_libARSPM_0028928C,0x28928C,sub_28928C,0x291EBC;0x291EBC;0x295688;0x295B50;0x2962AC;0x29646C;0x29646C;0x29646C;0x29646C;0x2966D4,0x289728;0x290E40;0x290E40
FN_libARSPM_002893D4,0x2893D4,sub_2893D4,0x29638C;0x297788;0x299BF4,0x290E40
FN_libARSPM_00289438,0x289438,sub_289438,0x297E58;0x297E58;0x297E58;0x297E58;0x299BF4;0x29A330,0x290E40;0x290E40;0x290E40;0x290E40
FN_libARSPM_002894E0,0x2894E0,sub_2894E0,0x299BF4,0x290E40
FN_libARSPM_00289524,0x289524,sub_289524,0x297E58,0x290E40;0x290E40;0x290E40
FN_libARSPM_002895BC,0x2895BC,sub_2895BC,0x2954D0;0x29655C;0x29A77C;0x29A7CC,
FN_libARSPM_002895C4,0x2895C4,sub_2895C4,,0x290E40
FN_libARSPM_00289608,0x289608,sub_289608,0x289728,
FN_libARSPM_00289728,0x289728,sub_289728,0x28928C;0x28A62C;0x28B048;0x2922EC;0x292DB0;0x2935C0;0x2935C0;0x2935C0;0x2935C0;0x2935C0,0x289608;0x289954;0x290E40;0x290E40
FN_libARSPM_00289954,0x289954,sub_289954,0x289728;0x289968;0x289968;0x289968,
FN_libARSPM_00289968,0x289968,sub_289968,,0x289954;0x289954;0x289954;0x290E40;0x290E40;0x290E40;0x290E40
FN_libARSPM_00289CF4,0x289CF4,sub_289CF4,0x2935C0;0x2935C0;0x2935C0;0x2935C0;0x2935C0;0x294530;0x294530;0x294530;0x294764;0x294764,0x290E40
FN_libARSPM_00289D98,0x289D98,sub_289D98,0x2935C0;0x294AD0;0x29A81C,0x290E40
FN_libARSPM_00289E00,0x289E00,sub_289E00,0x2935C0;0x2935C0,0x290E40;0x290E40
FN_libARSPM_00289EAC,0x289EAC,sub_289EAC,0x292DB0,0x290E40;0x290E40
FN_libARSPM_00289F54,0x289F54,sub_289F54,0x294530;0x294530;0x294764;0x295A08;0x297788,
FN_libARSPM_00289F60,0x289F60,sub_289F60,,0x290E40
FN_libARSPM_00289FCC,0x289FCC,sub_289FCC,0x294764;0x294AD0;0x29A81C,0x290E40
FN_libARSPM_0028A05C,0x28A05C,sub_28A05C,0x2922EC;0x295A08;0x297E58;0x29A81C;0x29BCFC;0x29BE4C,0x290E40
FN_libARSPM_0028A1C4,0x28A1C4,sub_28A1C4,0x29BCFC;0x29BE4C,0x290E40
FN_libARSPM_0028A220,0x28A220,sub_28A220,0x2932A4;0x29A81C;0x29BE4C,0x290E40
FN_libARSPM_0028A2D4,0x28A2D4,sub_28A2D4,0x29BE4C,0x290E40
FN_libARSPM_0028A330,0x28A330,sub_28A330,0x29BF38,0x290E40
FN_libARSPM_0028A390,0x28A390,sub_28A390,0x291EBC;0x2929AC;0x2935C0;0x2935C0;0x2935C0;0x2935C0;0x294764;0x295688;0x295688;0x295B50,
FN_libARSPM_0028A398,0x28A398,sub_28A398,,0x290E40
FN_libARSPM_0028A448,0x28A448,sub_28A448,0x2929AC;0x295688;0x295B50;0x296CE4;0x296CE4;0x297788;0x297E58;0x297E58;0x297E58;0x297E58,0x28A62C;0x290E40;0x28A62C;0x290E40
FN_libARSPM_0028A62C,0x28A62C,sub_28A62C,0x28A448;0x28A448;0x28B2A8;0x28B424;0x28B590;0x295F20;0x297E58;0x297E58;0x297E58;0x297E58,0x290E40;0x289728;0x290E40
FN_libARSPM_0028A92C,0x28A92C,sub_28A92C,0x295B50;0x297E58;0x297E58;0x297E58;0x297E58;0x297E58;0x29A330,0x290E40
FN_libARSPM_0028A9D8,0x28A9D8,sub_28A9D8,0x291EBC;0x2935C0;0x2935C0;0x294764;0x297E58;0x297E58;0x297E58;0x29C70C,0x290E40
FN_libARSPM_0028AAA8,0x28AAA8,sub_28AAA8,0x29C70C,0x290E40
FN_libARSPM_0028AB08,0x28AB08,sub_28AB08,0x294270,0x28AE20;0x290E40
FN_libARSPM_0028AC10,0x28AC10,sub_28AC10,0x2922EC;0x2922EC;0x2932A4;0x2934C4,0x290E40
FN_libARSPM_0028ACF8,0x28ACF8,sub_28ACF8,0x2954D0;0x2954D0;0x2954D0;0x2954D0,0x290E40
FN_libARSPM_0028AD88,0x28AD88,sub_28AD88,0x29AC60,0x290E40
FN_libARSPM_0028AE20,0x28AE20,sub_28AE20,0x28AB08;0x29BF38,0x290E40;0x290E40
FN_libARSPM_0028AF80,0x28AF80,sub_28AF80,0x29BF38,0x290E40
FN_libARSPM_0028AFDC,0x28AFDC,sub_28AFDC,0x2922EC,
FN_libARSPM_0028B004,0x28B004,sub_28B004,,0x290E40
FN_libARSPM_0028B048,0x28B048,sub_28B048,0x294270;0x297788;0x297788;0x297788;0x297788,0x289728;0x290E40
FN_libARSPM_0028B0D0,0x28B0D0,sub_28B0D0,0x2934C4,0x290E40
FN_libARSPM_0028B1A8,0x28B1A8,sub_28B1A8,0x29BF38,0x290E40
FN_libARSPM_0028B220,0x28B220,sub_28B220,0x29BF38,0x290E40
FN_libARSPM_0028B2A8,0x28B2A8,sub_28B2A8,0x297E58,0x28A62C
FN_libARSPM_0028B424,0x28B424,sub_28B424,0x2929AC,0x28A62C
FN_libARSPM_0028B590,0x28B590,sub_28B590,0x2929AC,0x1349B8;0x1348D0;0x2666F8;0x1349B8;0x1348D0;0x2666F8;0x28A62C
FN_libARSPM_0028B944,0x28B944,sub_28B944,0x29655C,
FN_libARSPM_0028B950,0x28B950,sub_28B950,,0x290E40
FN_libARSPM_0028B9B0,0x28B9B0,sub_28B9B0,0x29AFAC,0x1348D0;0x28BEDC;0x2666F8
FN_libARSPM_0028BAC8,0x28BAC8,sub_28BAC8,0x28BEDC,0x28BC8C;0x1348D0;0x2666F8;0x28BDF0;0x2666F8
FN_libARSPM_0028BC8C,0x28BC8C,sub_28BC8C,0x28BAC8,0x1349B8;0x1348D0;0x2666F8
FN_libARSPM_0028BDF0,0x28BDF0,sub_28BDF0,0x28BAC8;0x28D14C,
FN_libARSPM_0028BEDC,0x28BEDC,sub_28BEDC,0x28B9B0,0x1348D0;0x28BAC8;0x28C108;0x2666F8;0x2C805C
FN_libARSPM_0028C108,0x28C108,sub_28C108,0x28BEDC,0x1348D0;0x2666F8;0x2666F8
FN_libARSPM_0028C254,0x28C254,sub_28C254,0x1BC48C;0x1BC48C;0x1BE1D8,0x2666F8
FN_libARSPM_0028C2B0,0x28C2B0,sub_28C2B0,0x28C2B0;0x28D14C;0x28D14C;0x28D14C;0x28D14C,0x28C2B0;0x1349B8;0x1348D0;0x2666F8
FN_libARSPM_0028C43C,0x28C43C,sub_28C43C,0x28D14C,0x1349B8;0x1348D0;0x2666F8
FN_libARSPM_0028C55C,0x28C55C,sub_28C55C,0x28D14C,0x1349B8;0x1348D0;0x2666F8
FN_libARSPM_0028C690,0x28C690,sub_28C690,0x28D14C,0x1349B8;0x1348D0;0x2666F8
FN_libARSPM_0028C7D4,0x28C7D4,sub_28C7D4,0x28D14C,0x1349B8;0x1348D0;0x2666F8;0x1349B8;0x1348D0;0x2666F8
FN_libARSPM_0028C988,0x28C988,sub_28C988,0x28D14C,0x1349B8;0x1348D0;0x2666F8;0x1349B8;0x1348D0;0x2666F8
FN_libARSPM_0028CB44,0x28CB44,sub_28CB44,0x1BFD90;0x1F2EF0;0x2CEFF8;0x330074,0x14130C;0x28D14C;0x1348D0;0x2666F8;0x1348D0;0x2666F8;0x1348D0;0x2666F8;0x1AD854;0x1AD854
FN_libARSPM_0028D14C,0x28D14C,sub_28D14C,0x28CB44,0x1348D0;0x2666F8;0x266704;0x1348D0;0x2666F8;0x28C7D4;0x28C43C;0x28C55C;0x28C690;0x14130C
FN_libARSPM_00290C40,0x290C40,sub_290C40,0x3DF8E8;0x3DF8E8;0x3E23C4,0x1349B8;0x1348D0;0x2666F8
FN_libARSPM_00290D7C,0x290D7C,sub_290D7C,0x2A0590;0x2A2078;0x2A89EC;0x2A9CF8;0x2AF7B8;0x2B5BC8;0x40404C;0x404FA0;0x4060F0;0x4080A8,0x1BF1EC
FN_libARSPM_00290DFC,0x290DFC,sub_290DFC,0x2A0590;0x2A2078;0x2A89EC;0x2A9CF8;0x2AF7B8;0x2B5BC8;0x40404C;0x404FA0;0x4060F0;0x4080A8,
FN_libARSPM_00290E40,0x290E40,sub_290E40,0x2891B0;0x289240;0x28928C;0x28928C;0x2893D4;0x289438;0x289438;0x289438;0x289438;0x2894E0,0x1349B8;0x1348D0;0x2666F8
FN_libARSPM_00290F20,0x290F20,sub_290F20,0x291EBC;0x29AC60;0x29B118;0x29B118;0x29C2C0;0x29C384;0x29C4D0;0x29C594;0x29C644,0x1349B8;0x1348D0;0x2666F8
FN_libARSPM_00290FF8,0x290FF8,sub_290FF8,0x290FF8;0x290FF8;0x2916B4;0x291864;0x297E58,0x290FF8;0x290FF8;0x29B7CC;0x178340;0x178340
FN_libARSPM_00291594,0x291594,sub_291594,0x2916B4;0x291864;0x297E58,0x29B950
FN_libARSPM_002916B4,0x2916B4,sub_2916B4,0x2922EC;0x2922EC;0x2922EC;0x2922EC;0x2932A4;0x2932A4;0x2932A4;0x2934C4;0x2934C4;0x294C94,0x1472A8;0x291594;0x290FF8;0x29B964;0x178340
FN_libARSPM_00291864,0x291864,sub_291864,0x2922EC,0x1472A8;0x291594;0x290FF8;0x29B964;0x178340
FN_libARSPM_00291AA8,0x291AA8,sub_291AA8,0x291AA8;0x291AA8;0x291AA8;0x291AA8;0x2922EC;0x2929AC;0x295B50;0x296CE4;0x296CE4;0x296CE4,0x2CEB38;0x291AA8;0x1472A8;0x291AA8;0x2A6DDC;0x291AA8;0x291AA8;0x26AD18;0x291EBC;0x29C4CC
FN_libARSPM_00291EBC,0x291EBC,sub_291EBC,0x291AA8,0x290F20;0x2929AC;0x28A390;0x28928C;0x28A9D8;0x28928C
FN_libARSPM_00292060,0x292060,sub_292060,0x2922EC,0x2AF7B8;0x29C860;0x178340
FN_libARSPM_002922EC,0x2922EC,sub_2922EC,0x295A08;0x29AC60,0x292060;0x2891B0;0x2916B4;0x2891B0;0x1348D0;0x2666F8;0x291AA8;0x2916B4;0x28AC10;0x2929AC
FN_libARSPM_002929AC,0x2929AC,sub_2929AC,0x291EBC;0x2922EC;0x2929AC;0x2929AC;0x2929AC;0x2929AC;0x292DB0;0x2934C4;0x2935C0;0x2935C0,0x2A2074;0x297E58;0x2929AC;0x291AA8;0x2A2074;0x2929AC;0x28A448;0x295B50;0x2929AC;0x28B590
FN_libARSPM_00292DB0,0x292DB0,sub_292DB0,0x2922EC;0x2922EC;0x2935C0;0x2935C0;0x2935C0;0x2935C0;0x294270;0x294270;0x294530;0x294530,0x2929AC;0x289728;0x289EAC;0x2891B0;0x2891B0
FN_libARSPM_0029300C,0x29300C,sub_29300C,0x29AC60,0x1349B8;0x1348D0;0x2666F8;0x1349B8;0x1348D0;0x2666F8;0x1349B8;0x1348D0;0x2666F8
FN_libARSPM_002932A4,0x2932A4,sub_2932A4,0x29AC60,0x1472A8;0x2916B4;0x2891B0;0x29C9DC;0x2934C4;0x2916B4;0x2916B4;0x28A220;0x28AC10
FN_libARSPM_002934C4,0x2934C4,sub_2934C4,0x2932A4,0x294C94;0x2929AC;0x2916B4;0x28AC10;0x2916B4;0x28B0D0;0x2891B0
FN_libARSPM_002935C0,0x2935C0,sub_2935C0,,0x28A390;0x28A9D8;0x2891B0;0x2891B0;0x2891B0;0x292DB0;0x2891B0;0x289728;0x2891B0;0x29D3DC
FN_libARSPM_00294270,0x294270,sub_294270,,0x29D534;0x2891B0;0x2929AC;0x28B048;0x292DB0;0x2891B0;0x292DB0;0x289728;0x2891B0;0x2929AC
FN_libARSPM_00294530,0x294530,sub_294530,,0x2891B0;0x2929AC;0x2891B0;0x2891B0;0x2891B0;0x289F54;0x292DB0;0x289CF4;0x2891B0;0x289F54
FN_libARSPM_00294764,0x294764,sub_294764,,0x28A390;0x28A9D8;0x2891B0;0x2891B0;0x289F54;0x292DB0;0x289CF4;0x292DB0;0x2891B0;0x2929AC
FN_libARSPM_00294AD0,0x294AD0,sub_294AD0,,0x2929AC;0x289FCC;0x292DB0;0x289D98;0x289CF4;0x292DB0;0x289CF4;0x289728
FN_libARSPM_00294BA0,0x294BA0,sub_294BA0,0x294270;0x295A08;0x29AC60,0x1472A8;0x286EBC;0x29B3CC
FN_libARSPM_00294C94,0x294C94,sub_294C94,0x2934C4,0x26AE1C;0x288220;0x294DE8;0x287784;0x295098;0x29B964;0x2916B4;0x2891B0;0x297D1C;0x29D0DC
FN_libARSPM_00294DE8,0x294DE8,sub_294DE8,0x294C94;0x297E58,0x1348D0;0x2666F8;0x1349B8;0x1348D0;0x2666F8
FN_libARSPM_00295098,0x295098,sub_295098,0x294C94;0x297E58,0x1348D0;0x2666F8;0x1349B8;0x1348D0;0x2666F8;0x2666F8
FN_libARSPM_002954D0,0x2954D0,sub_2954D0,,0x1472A8;0x2929AC;0x2895BC;0x28ACF8;0x2929AC;0x2891B0;0x28ACF8;0x28ACF8;0x2891B0;0x28ACF8
FN_libARSPM_00295688,0x295688,sub_295688,,0x2929AC;0x289218;0x289218;0x289218;0x28A390;0x28A390;0x28A448;0x28928C;0x289218
FN_libARSPM_00295A08,0x295A08,sub_295A08,,0x289F54;0x2922EC;0x294BA0;0x28A05C;0x289CF4
FN_libARSPM_00295B50,0x295B50,sub_295B50,0x2929AC,0x28A390;0x28A390;0x291AA8;0x28A92C;0x2929AC;0x28A448;0x28928C;0x289728
FN_libARSPM_00295F20,0x295F20,sub_295F20,,0x29A81C;0x2929AC;0x2929AC;0x28A62C;0x289728;0x26AF5C;0x1472A8;0x2C7500;0x2929AC;0x29A81C
FN_libARSPM_002961CC,0x2961CC,sub_2961CC,,0x289218
FN_libARSPM_002962AC,0x2962AC,sub_2962AC,0x296CE4;0x296CE4;0x297E58;0x297E58;0x297E58;0x297E58,0x28928C
FN_libARSPM_0029638C,0x29638C,sub_29638C,,0x2893D4
FN_libARSPM_0029646C,0x29646C,sub_29646C,0x297E58;0x297E58,0x28928C;0x28928C;0x28928C;0x28928C
FN_libARSPM_0029655C,0x29655C,sub_29655C,0x296CE4,0x2895BC;0x2929AC;0x2929AC;0x28B944
FN_libARSPM_002966D4,0x2966D4,sub_2966D4,0x29689C;0x296CE4,0x28928C;0x28928C;0x28928C;0x28928C;0x28928C;0x28928C;0x28928C;0x28928C
FN_libARSPM_0029689C,0x29689C,sub_29689C,0x29689C;0x29689C;0x296CE4,0x29689C;0x29689C;0x2966D4;0x28928C
FN_libARSPM_00296CE4,0x296CE4,sub_296CE4,0x296CE4;0x297E58;0x297E58;0x29A4B0,0x26AE98;0x26AE98;0x296CE4;0x291AA8;0x291AA8;0x29689C;0x2870E4;0x2929AC;0x289728;0x276EB0
FN_libARSPM_00297788,0x297788,sub_297788,0x296CE4,0x29D534;0x2870E4;0x2870E4;0x287E14;0x2929AC;0x28A448;0x2929AC;0x2929AC;0x2893D4;0x2891B0
FN_libARSPM_00297D1C,0x297D1C,sub_297D1C,0x294C94;0x297E58,0x29CD10;0x29CE8C
FN_libARSPM_00297E58,0x297E58,sub_297E58,0x2929AC,0x294DE8;0x295098;0x2A5CA4;0x291594;0x290FF8;0x2891B0;0x297D1C;0x29D0DC;0x28A05C;0x2666F8
FN_libARSPM_00299BF4,0x299BF4,sub_299BF4,0x297E58,0x2929AC;0x28A448;0x2929AC;0x28A448;0x2929AC;0x2929AC;0x28A390;0x2929AC;0x2929AC;0x289438
FN_libARSPM_0029A330,0x29A330,sub_29A330,0x297E58,0x28A390;0x28928C;0x28A92C;0x289438;0x289218
FN_libARSPM_0029A3B0,0x29A3B0,sub_29A3B0,0x297E58;0x297E58,0x28A390;0x28928C
FN_libARSPM_0029A3F4,0x29A3F4,sub_29A3F4,0x297E58;0x297E58;0x297E58;0x297E58,0x2929AC;0x28A448
FN_libARSPM_0029A4B0,0x29A4B0,sub_29A4B0,,0x2929AC;0x289218;0x2929AC;0x28A390;0x296CE4;0x2929AC;0x28A390;0x28928C
FN_libARSPM_0029A77C,0x29A77C,sub_29A77C,0x297E58,0x2895BC;0x2891B0
FN_libARSPM_0029A7CC,0x29A7CC,sub_29A7CC,0x297E58,0x2895BC;0x2891B0
FN_libARSPM_0029A81C,0x29A81C,sub_29A81C,0x295F20;0x295F20,0x1472A8;0x2C7500;0x2916B4;0x28A220;0x2916B4;0x28A05C;0x2916B4;0x28A390;0x2929AC;0x289FCC
FN_libARSPM_0029AC60,0x29AC60,sub_29AC60,0x29AFAC,0x2C802C;0x1BF1EC;0x2C802C;0x290F20;0x2891B0;0x289728;0x28A390;0x28A390;0x28928C;0x28928C
FN_libARSPM_0029AFAC,0x29AFAC,sub_29AFAC,0x1BC48C;0x1BC48C,0x26DF10;0x29AC60;0x28B9B0;0x29B118
FN_libARSPM_0029B118,0x29B118,sub_29B118,0x29AFAC,0x290F20;0x2666F8;0x2666F8;0x290F20;0x2666F8
FN_libARSPM_0029B3CC,0x29B3CC,sub_29B3CC,0x2922EC;0x2922EC;0x294270;0x294BA0,0x29B4F4;0x1472A8
FN_libARSPM_0029B4F4,0x29B4F4,sub_29B4F4,0x29B3CC,0x1472A8
FN_libARSPM_0029B7CC,0x29B7CC,sub_29B7CC,0x290FF8,0x29B950;0x15E650
FN_libARSPM_0029B950,0x29B950,sub_29B950,0x291594;0x29B7CC,0x15E638
FN_libARSPM_0029B964,0x29B964,sub_29B964,0x2916B4;0x291864;0x294C94,0x29BA8C;0x1472A8
FN_libARSPM_0029BA8C,0x29BA8C,sub_29BA8C,0x29B964,0x1472A8
FN_libARSPM_0029BCFC,0x29BCFC,sub_29BCFC,,0x2916B4;0x28A1C4;0x28A62C;0x28A05C
FN_libARSPM_0029BE4C,0x29BE4C,sub_29BE4C,,0x2916B4;0x28A1C4;0x2916B4;0x28A2D4;0x28A05C;0x28A220;0x28A62C
FN_libARSPM_0029BF38,0x29BF38,sub_29BF38,,0x2916B4;0x28B220;0x2916B4;0x28AF80;0x28B1A8;0x28AE20;0x2916B4;0x28A330;0x2891B0
FN_libARSPM_0029C2C0,0x29C2C0,sub_29C2C0,,0x289728;0x290F20
FN_libARSPM_0029C384,0x29C384,sub_29C384,,0x289728;0x290F20
FN_libARSPM_0029C4CC,0x29C4CC,sub_29C4CC,0x291AA8,
FN_libARSPM_0029C4D0,0x29C4D0,sub_29C4D0,,0x289728;0x290F20
FN_libARSPM_0029C594,0x29C594,sub_29C594,,0x289728;0x290F20
FN_libARSPM_0029C644,0x29C644,sub_29C644,,0x289728;0x290F20
FN_libARSPM_0029C70C,0x29C70C,sub_29C70C,,0x28AAA8;0x28A62C;0x28A9D8;0x2929AC
FN_libARSPM_0029C860,0x29C860,sub_29C860,0x292060,0x29C9C8;0x15E650
FN_libARSPM_0029C9C8,0x29C9C8,sub_29C9C8,0x29C860,0x15E638
FN_libARSPM_0029C9DC,0x29C9DC,sub_29C9DC,0x2932A4,0x29CB04;0x1472A8
FN_libARSPM_0029CB04,0x29CB04,sub_29CB04,0x29C9DC,0x1472A8
FN_libARSPM_0029CD10,0x29CD10,sub_29CD10,0x297D1C,0x29CE8C
FN_libARSPM_0029CE8C,0x29CE8C,sub_29CE8C,0x297D1C;0x29CD10,
FN_libARSPM_0029D0DC,0x29D0DC,sub_29D0DC,0x294C94;0x297E58,0x29D1F0
FN_libARSPM_0029D1F0,0x29D1F0,sub_29D1F0,0x29D0DC,
FN_libARSPM_0029D3DC,0x29D3DC,sub_29D3DC,0x2935C0;0x2935C0,0x29D424
FN_libARSPM_0029D424,0x29D424,sub_29D424,0x29D3DC,
FN_libARSPM_0029D464,0x29D464,sub_29D464,,0x266A7C
FN_libARSPM_0029D534,0x29D534,sub_29D534,0x294270;0x297788,0x2667D4
FN_libARSPM_0029D6AC,0x29D6AC,sub_29D6AC,0x27F734;0x27F990;0x280710;0x280B78;0x280B78;0x280B78;0x280B78;0x281180;0x281180;0x281D64,0x284C00;0x2839B8
FN_libARSPM_0029D724,0x29D724,sub_29D724,0x281180;0x281180;0x281D64,0x284C00;0x2839B8
FN_libARSPM_0029D77C,0x29D77C,sub_29D77C,0x27B6E4;0x27C4F4,
FN_libARSPM_0029D79C,0x29D79C,sub_29D79C,0x281D64;0x281D64,0x29DBA0
FN_libARSPM_0029D7E0,0x29D7E0,sub_29D7E0,0x27F734;0x27F734;0x27F990;0x27F990;0x280710;0x281180;0x281180;0x281180;0x281180;0x281180,
FN_libARSPM_0029D7EC,0x29D7EC,sub_29D7EC,0x280B78,
FN_libARSPM_0029D7FC,0x29D7FC,sub_29D7FC,,0x2839B8
FN_libARSPM_0029D87C,0x29D87C,sub_29D87C,0x27C050;0x27DAE8,0x284C00;0x2A5F38
FN_libARSPM_0029D914,0x29D914,sub_29D914,0x27DAE8;0x27EBD8;0x27ED78;0x27EE7C,
FN_libARSPM_0029D924,0x29D924,sub_29D924,0x27B14C;0x27BC50;0x27DD74;0x27DFF0;0x27E474;0x27E698;0x27E86C;0x27EF80,0x2839B8
FN_libARSPM_0029D9B0,0x29D9B0,sub_29D9B0,0x2694C4,0x284C00;0x29D9F8
FN_libARSPM_0029D9F8,0x29D9F8,sub_29D9F8,0x29D9B0;0x29DB2C,0x1472A8;0x2BF0D8;0x29DBE4;0x2843C4;0x2843C4;0x26DF74
FN_libARSPM_0029DB2C,0x29DB2C,sub_29DB2C,0x279E00,0x284C00;0x29D9F8;0x2C29FC
FN_libARSPM_0029DBA0,0x29DBA0,sub_29DBA0,0x279E00;0x27C4F4;0x27C4F4;0x27C4F4;0x27C4F4;0x27C4F4;0x29D79C,0x284C00;0x29DBE4
FN_libARSPM_0029DBE4,0x29DBE4,sub_29DBE4,0x29D9F8;0x29DBA0;0x29DECC;0x29DECC,0x2C4338;0x26DF74;0x178340
FN_libARSPM_0029DE34,0x29DE34,sub_29DE34,0x279E00,0x284C00;0x284C00
FN_libARSPM_0029DE68,0x29DE68,sub_29DE68,0x27C050;0x27C050,0x284C00;0x284C00
FN_libARSPM_0029DE9C,0x29DE9C,sub_29DE9C,0x281D64,
FN_libARSPM_0029DEAC,0x29DEAC,sub_29DEAC,0x281D64,
FN_libARSPM_0029DEBC,0x29DEBC,sub_29DEBC,0x279E00,
FN_libARSPM_0029DECC,0x29DECC,sub_29DECC,0x2793AC;0x279E00;0x27B980;0x27C4F4,0x284C00;0x2C4958;0x2BF794;0x284C00;0x29DBE4;0x284C00;0x284C00;0x29DBE4
FN_libARSPM_0029DF78,0x29DF78,sub_29DF78,0x2793AC;0x279E00;0x27B980,0x284C00;0x2C460C;0x2BF794;0x284C00;0x284C00
FN_libARSPM_0029DFF4,0x29DFF4,sub_29DFF4,0x27F734,0x276EB0;0x2680AC;0x276F14;0x276F14;0x276EF4;0x276E2C;0x29E920;0x276E2C;0x26DF74;0x26DF74
FN_libARSPM_0029E920,0x29E920,sub_29E920,0x29DFF4;0x29DFF4,0x178340
FN_libARSPM_0029E9B4,0x29E9B4,sub_29E9B4,0x29DFF4;0x29ED1C;0x29EE08;0x29EE08;0x2B84D8,0x2C4370;0x26B064;0x2839B8;0x287E14;0x287E14;0x2B9C58;0x29EE08;0x29EE08;0x2839B8;0x2C0564
FN_libARSPM_0029ED1C,0x29ED1C,sub_29ED1C,0x26C768;0x26C768;0x26D168;0x26D168;0x26E04C;0x26F4DC;0x2A8140;0x2B1818;0x2B1818;0x2B1818,0x276F14;0x29E9B4
FN_libARSPM_0029EE08,0x29EE08,sub_29EE08,0x29E9B4;0x29E9B4,0x2839B8;0x2B4678;0x2839B8;0x2B4678;0x276F14;0x29E9B4;0x276F14;0x29E9B4
FN_libARSPM_0029F27C,0x29F27C,sub_29F27C,0x29E9B4,
FN_libARSPM_0029F2E0,0x29F2E0,sub_29F2E0,,0x2839B8
FN_libARSPM_0029F380,0x29F380,sub_29F380,,0x276DB8;0x276E0C
FN_libARSPM_0029F604,0x29F604,sub_29F604,0x2A5F38;0x2A6040;0x2C8FF0,0x276EB0;0x267D4C
FN_libARSPM_0029F710,0x29F710,sub_29F710,0x26F4DC;0x27F08C;0x29FA64;0x2A76D8;0x2BB048;0x2BB3D0,0x29F8E4;0x2839B8;0x273024;0x273024;0x2839B8;0x2666F8
FN_libARSPM_0029F8E4,0x29F8E4,sub_29F8E4,0x29F710;0x29FA38,0x2839B8;0x273024;0x273024;0x4ECB40;0x4ECB70;0x2666F8
FN_libARSPM_0029FA38,0x29FA38,sub_29FA38,0x270988;0x27B14C;0x2CE4BC,0x29F8E4
FN_libARSPM_0029FA64,0x29FA64,sub_29FA64,0x27BC50,0x2708A8;0x273024;0x29F710;0x4ECB70;0x2666F8;0x2666F8
FN_libARSPM_0029FCA4,0x29FCA4,sub_29FCA4,,0x1348D0;0x2666F8;0x1349B8;0x1348D0;0x2666F8;0x4ECB40;0x4ECB40;0x4ECB70;0x2A0010;0x4ECB70
FN_libARSPM_002A0010,0x2A0010,sub_2A0010,0x29FCA4,0x2839B8;0x273024;0x273024;0x4ECB40;0x4ECB70;0x2666F8
FN_libARSPM_002A02EC,0x2A02EC,sub_2A02EC,,0x4ECB70
FN_libARSPM_002A0398,0x2A0398,sub_2A0398,,0x4ECB70;0x2666F8
FN_libARSPM_002A043C,0x2A043C,sub_2A043C,,0x2A5D48;0x2839B8;0x26D688;0x26D688;0x2666F8;0x2666F8
FN_libARSPM_002A0590,0x2A0590,sub_2A0590,,0x178340;0x1775E4;0x290D7C;0x290DFC
FN_libARSPM_002A07FC,0x2A07FC,sub_2A07FC,0x26E04C;0x2A94E4,0x2839B8;0x26D688;0x26D688;0x2666F8
FN_libARSPM_002A0978,0x2A0978,sub_2A0978,,0x2666F8
FN_libARSPM_002A09EC,0x2A09EC,sub_2A09EC,0x2A09EC;0x2A8E64,0x26D688;0x2A4614;0x26D688;0x2A1E24;0x2A1E24;0x2A22A8;0x26DF74;0x26D688;0x2A4614;0x26D688
FN_libARSPM_002A1E24,0x2A1E24,sub_2A1E24,0x2A09EC;0x2A09EC;0x2C3BD0;0x2C691C,0x178340
FN_libARSPM_002A2070,0x2A2070,sub_2A2070,0x266E54;0x272A6C,
FN_libARSPM_002A2074,0x2A2074,sub_2A2074,0x2667D4;0x287B70;0x287B70;0x287E14;0x288DE0;0x2929AC;0x2929AC;0x401F98;0x401F98;0x40CBE0,
FN_libARSPM_002A2078,0x2A2078,sub_2A2078,,0x1775E4;0x290D7C;0x290DFC
FN_libARSPM_002A22A8,0x2A22A8,sub_2A22A8,0x2A09EC,
FN_libARSPM_002A22F8,0x2A22F8,sub_2A22F8,0x2A09EC,0x2C4264;0x2C2684;0x2C3BD0;0x26D688;0x2A28A8;0x2843C4;0x26DF74;0x2666F8;0x2843C4;0x26DF74
FN_libARSPM_002A2864,0x2A2864,sub_2A2864,0x26E04C;0x2A2BE0;0x2B8B28,0x2A28A8
FN_libARSPM_002A28A8,0x2A28A8,sub_2A28A8,0x2A22F8;0x2A2864;0x2A2B18,0x2839B8;0x26D688;0x26D688;0x26D688;0x2666F8;0x2666F8
FN_libARSPM_002A2A98,0x2A2A98,sub_2A2A98,,0x2666F8
FN_libARSPM_002A2B18,0x2A2B18,sub_2A2B18,,0x2A5D48;0x2A28A8;0x2666F8
FN_libARSPM_002A2BE0,0x2A2BE0,sub_2A2BE0,0x26E04C;0x2A22F8;0x2C3BD0,0x26AFCC;0x267A3C;0x1348D0;0x2666F8;0x2839B8;0x2A4C68;0x2A3DD0;0x1349B8;0x1348D0;0x2666F8
FN_libARSPM_002A3190,0x2A3190,sub_2A3190,,0x2839B8
FN_libARSPM_002A3218,0x2A3218,sub_2A3218,0x26C374;0x26E04C;0x2A09EC;0x2A09EC;0x2A397C;0x2B2E0C;0x2B8B28;0x2BC8FC;0x2BDF2C,0x1348D0;0x2666F8;0x26D688;0x2666F8;0x26AFCC;0x287B70;0x2A4F28;0x2A3814;0x1349B8;0x1348D0
FN_libARSPM_002A3814,0x2A3814,sub_2A3814,0x2A3218;0x2A3D2C,0x2839B8;0x26D688;0x26D688;0x26D688;0x2666F8;0x2666F8
FN_libARSPM_002A397C,0x2A397C,sub_2A397C,0x26C190;0x26D35C;0x26DDB0;0x2A3DD0;0x2AA038;0x2AA038;0x2AA038;0x2AB2F4;0x2AB6D4;0x2AC130,0x1348D0;0x2666F8;0x2839B8;0x2839B8;0x1349B8;0x1348D0;0x2666F8;0x26D688;0x2A3218;0x2666F8
FN_libARSPM_002A3CAC,0x2A3CAC,sub_2A3CAC,,0x2666F8
FN_libARSPM_002A3D2C,0x2A3D2C,sub_2A3D2C,,0x2A5D48;0x2A3814;0x2666F8
FN_libARSPM_002A3DD0,0x2A3DD0,sub_2A3DD0,0x26E04C;0x2A09EC;0x2A09EC;0x2A09EC;0x2A2BE0;0x2BD800;0x2C3BD0,0x26AFCC;0x267A3C;0x2A4C68;0x2A4F28;0x2839B8;0x2A4C68;0x2A4180;0x2C447C;0x2A397C
FN_libARSPM_002A4114,0x2A4114,sub_2A4114,,0x2839B8
FN_libARSPM_002A4180,0x2A4180,sub_2A4180,0x26D7F0;0x26D9B8;0x26E04C;0x2A09EC;0x2A3DD0;0x2B8B28,0x26AFCC;0x2839B8
FN_libARSPM_002A4308,0x2A4308,sub_2A4308,,0x2839B8
FN_libARSPM_002A4374,0x2A4374,sub_2A4374,0x26E04C;0x2A09EC,0x2839B8
FN_libARSPM_002A45A0,0x2A45A0,sub_2A45A0,,0x2839B8
FN_libARSPM_002A4614,0x2A4614,sub_2A4614,0x2A09EC;0x2A09EC,0x2C4370;0x2A4C68;0x26DF74;0x26DF74;0x178340;0x178340;0x178340
FN_libARSPM_002A4C68,0x2A4C68,sub_2A4C68,0x26E04C;0x2A2BE0;0x2A3DD0;0x2A3DD0;0x2A4614;0x2BD800;0x2C3BD0,0x26AFCC;0x2C447C;0x2839B8;0x2839B8;0x2839B8
FN_libARSPM_002A4EBC,0x2A4EBC,sub_2A4EBC,,0x2839B8
FN_libARSPM_002A4F28,0x2A4F28,sub_2A4F28,0x26C374;0x26D7F0;0x26D9B8;0x26E04C;0x2A09EC;0x2A3218;0x2A3DD0;0x2B8B28;0x2BD800;0x2BD800,0x26AFCC;0x2839B8
FN_libARSPM_002A5098,0x2A5098,sub_2A5098,,0x2839B8
FN_libARSPM_002A5104,0x2A5104,sub_2A5104,0x2A09EC,0x2C4264;0x2C3BD0;0x26D688;0x2A54D4;0x2843C4;0x2666F8;0x2843C4;0x26DF74;0x178340
FN_libARSPM_002A5490,0x2A5490,sub_2A5490,0x26E04C,0x2A54D4
FN_libARSPM_002A54D4,0x2A54D4,sub_2A54D4,0x2A5104;0x2A5490;0x2A56BC,0x2839B8;0x26D688;0x26D688;0x26D688;0x2666F8;0x2666F8
FN_libARSPM_002A563C,0x2A563C,sub_2A563C,,0x2666F8
FN_libARSPM_002A56BC,0x2A56BC,sub_2A56BC,,0x2A5D48;0x2A54D4;0x2666F8
FN_libARSPM_002A5760,0x2A5760,sub_2A5760,0x27EF80,0x2839B8;0x26DF74
FN_libARSPM_002A57DC,0x2A57DC,sub_2A57DC,,0x2839B8
FN_libARSPM_002A5848,0x2A5848,sub_2A5848,0x27E474,0x26DF74;0x2C3BD0;0x267B00;0x2839B8
FN_libARSPM_002A5998,0x2A5998,sub_2A5998,0x26F4DC,0x2839B8
FN_libARSPM_002A59FC,0x2A59FC,sub_2A59FC,,0x2839B8
FN_libARSPM_002A5A7C,0x2A5A7C,sub_2A5A7C,,0x2A5CA4
FN_libARSPM_002A5CA4,0x2A5CA4,sub_2A5CA4,0x2680AC;0x282DC0;0x297E58;0x2A5A7C;0x2A74BC;0x2A74BC;0x2B367C;0x2BAF00;0x2C58C0;0x40CBE0,
FN_libARSPM_002A5CB4,0x2A5CB4,sub_2A5CB4,0x2A5F38;0x2A76D8;0x2C3BD0,0x26DF74
FN_libARSPM_002A5D48,0x2A5D48,sub_2A5D48,0x2A043C;0x2A2B18;0x2A3D2C;0x2A56BC;0x2A8898,0x1348D0;0x2666F8;0x1349B8;0x1348D0;0x2666F8
FN_libARSPM_002A5F38,0x2A5F38,sub_2A5F38,0x29D87C,0x2A5CB4;0x2870E4;0x29F604;0x2C7FC4;0x2839B8;0x2839B8
FN_libARSPM_002A6040,0x2A6040,sub_2A6040,0x26F4DC;0x26F4DC;0x2B2CE8;0x2B3A44;0x2C9128,0x2870E4;0x29F604;0x2C7FC4;0x2839B8;0x2839B8
FN_libARSPM_002A61D4,0x2A61D4,sub_2A61D4,,0x2839B8
FN_libARSPM_002A6234,0x2A6234,sub_2A6234,0x278B80,0x2839B8;0x26DF74
FN_libARSPM_002A6388,0x2A6388,sub_2A6388,,0x178340
FN_libARSPM_002A64B8,0x2A64B8,sub_2A64B8,,0x2839B8
FN_libARSPM_002A6500,0x2A6500,sub_2A6500,0x281D64,0x2A6CA8;0x1472A8;0x2BF0D8;0x2839B8;0x26DF74;0x26DF74;0x2B9978;0x178340;0x178340;0x178340
FN_libARSPM_002A6CA8,0x2A6CA8,sub_2A6CA8,0x2694C4;0x26E04C;0x2A6500;0x2B1818;0x2B1818;0x2B1818;0x2B1818;0x2B2FD0,0x26AE1C;0x2870E4;0x2839B8
FN_libARSPM_002A6DDC,0x2A6DDC,sub_2A6DDC,0x291AA8,
FN_libARSPM_002A6E68,0x2A6E68,sub_2A6E68,0x267D4C;0x267D4C,0x178340
FN_libARSPM_002A704C,0x2A704C,sub_2A704C,,0x2839B8
FN_libARSPM_002A7180,0x2A7180,sub_2A7180,,0x2839B8
FN_libARSPM_002A722C,0x2A722C,sub_2A722C,,0x4ECB40;0x4ECB40;0x4ECB70;0x2839B8;0x4ECB70
FN_libARSPM_002A74BC,0x2A74BC,sub_2A74BC,,0x2A5CA4;0x2A5CA4
FN_libARSPM_002A76D8,0x2A76D8,sub_2A76D8,0x27DFF0;0x2A7EA8,0x2C3BD0;0x2A5CB4;0x2A8140;0x267B00;0x26DF74;0x2A8140;0x267B00;0x2839B8;0x1349B8;0x1348D0
FN_libARSPM_002A7D94,0x2A7D94,sub_2A7D94,0x26F4DC,0x2839B8;0x2839B8
FN_libARSPM_002A7EA8,0x2A7EA8,sub_2A7EA8,0x27E698,0x26DF74;0x2A76D8
FN_libARSPM_002A7FAC,0x2A7FAC,sub_2A7FAC,,0x4ECB70
FN_libARSPM_002A8070,0x2A8070,sub_2A8070,,0x4ECB70
FN_libARSPM_002A8140,0x2A8140,sub_2A8140,0x2A76D8;0x2A76D8,0x26DF74;0x26AE98;0x26AE98;0x26AE98;0x267D14;0x29ED1C;0x2A8804
FN_libARSPM_002A8804,0x2A8804,sub_2A8804,0x2A8140,
FN_libARSPM_002A8898,0x2A8898,sub_2A8898,,0x2A5D48;0x2839B8;0x26D688;0x26D688;0x2666F8;0x2666F8
FN_libARSPM_002A89EC,0x2A89EC,sub_2A89EC,,0x178340;0x1775E4;0x290D7C;0x290DFC
FN_libARSPM_002A8C58,0x2A8C58,sub_2A8C58,0x2A8E64;0x2A8E64,0x2AFE54;0x2C2684;0x2666F8
FN_libARSPM_002A8E64,0x2A8E64,sub_2A8E64,0x282478,0x27F498;0x2A8C58;0x26D688;0x2A94E4;0x26D688;0x2A09EC;0x26DF74;0x2666F8;0x2A8C58;0x26D688
FN_libARSPM_002A94E4,0x2A94E4,sub_2A94E4,0x2A8E64;0x2A8E64,0x2AFE54;0x2680AC;0x2C3BD0;0x2680AC;0x26DF74;0x2AF7B8;0x26DF74;0x2A9CF8;0x26DF74;0x26DF74
FN_libARSPM_002A9CF8,0x2A9CF8,sub_2A9CF8,0x2A8E64;0x2A8E64;0x2A94E4,0x178340;0x1775E4;0x290D7C;0x290DFC;0x178340
FN_libARSPM_002AA038,0x2AA038,sub_2AA038,0x26E04C;0x2A94E4,0x26AE1C;0x267A3C;0x26AE1C;0x2A397C;0x2ABBA8;0x2AB2F4;0x2ACDE0;0x2AC350;0x2ACBB8;0x175D0C
FN_libARSPM_002AB054,0x2AB054,sub_2AB054,,0x2666F8
FN_libARSPM_002AB0C8,0x2AB0C8,sub_2AB0C8,0x2A8E64;0x4815A0,
FN_libARSPM_002AB124,0x2AB124,sub_2AB124,0x2AA038,
FN_libARSPM_002AB224,0x2AB224,sub_2AB224,0x2AA038,
FN_libARSPM_002AB2F4,0x2AB2F4,sub_2AB2F4,0x2AA038,0x2A397C
FN_libARSPM_002AB5D4,0x2AB5D4,sub_2AB5D4,0x2AA038,
FN_libARSPM_002AB6D4,0x2AB6D4,sub_2AB6D4,0x2AA038,0x2A397C
FN_libARSPM_002ABBA8,0x2ABBA8,sub_2ABBA8,0x2AA038;0x2AC130,0x2839B8;0x2839B8
FN_libARSPM_002ABDB8,0x2ABDB8,sub_2ABDB8,0x2AA038,0x2839B8;0x2839B8
FN_libARSPM_002AC0D4,0x2AC0D4,sub_2AC0D4,0x2AA038,
FN_libARSPM_002AC130,0x2AC130,sub_2AC130,0x2AA038,0x2ABBA8;0x2A397C
FN_libARSPM_002AC350,0x2AC350,sub_2AC350,0x2AA038,0x2ACF30;0x2A397C;0x2AD28C
FN_libARSPM_002AC688,0x2AC688,sub_2AC688,0x2AA038,0x2ACF30;0x2AD28C;0x2AD4F8;0x2AD764
FN_libARSPM_002AC7E0,0x2AC7E0,sub_2AC7E0,0x2AA038,0x2ACF30;0x2AD28C;0x2AD764;0x2AD28C;0x2AD28C;0x2AD764;0x2A397C;0x2AD28C;0x2AD4F8;0x2AD28C
FN_libARSPM_002ACBB8,0x2ACBB8,sub_2ACBB8,0x2AA038;0x2AA038,
FN_libARSPM_002ACC30,0x2ACC30,sub_2ACC30,0x2AA038,0x2C303C;0x2A397C
FN_libARSPM_002ACDE0,0x2ACDE0,sub_2ACDE0,0x2AA038,0x2A397C
FN_libARSPM_002ACF30,0x2ACF30,sub_2ACF30,0x2AA038;0x2AC350;0x2AC688;0x2AC7E0,0x2839B8;0x2839B8
FN_libARSPM_002AD28C,0x2AD28C,sub_2AD28C,0x2AC350;0x2AC688;0x2AC7E0;0x2AC7E0;0x2AC7E0;0x2AC7E0;0x2AC7E0;0x2AC7E0,0x2A397C
FN_libARSPM_002AD4F8,0x2AD4F8,sub_2AD4F8,0x2AC688;0x2AC7E0,0x2A397C
FN_libARSPM_002AD764,0x2AD764,sub_2AD764,0x2AC688;0x2AC7E0;0x2AC7E0;0x2AC7E0,0x2A397C
FN_libARSPM_002AD9CC,0x2AD9CC,sub_2AD9CC,0x2AF398,0x1348D0;0x2B14B4
FN_libARSPM_002ADB1C,0x2ADB1C,sub_2ADB1C,0x27A298,0x2B7058;0x26DF74;0x2C4114;0x275980;0x2B7058;0x2B7058;0x275980;0x1472A8;0x2BF0D8;0x2C2684
FN_libARSPM_002AF314,0x2AF314,sub_2AF314,0x2ADB1C,0x273454;0x2BF1B0
FN_libARSPM_002AF398,0x2AF398,sub_2AF398,0x2ADB1C,0x2839B8;0x1348D0;0x2AD9CC;0x2666F8
FN_libARSPM_002AF4CC,0x2AF4CC,sub_2AF4CC,0x2ADB1C,0x2666F8
FN_libARSPM_002AF510,0x2AF510,sub_2AF510,0x27AEF0,
FN_libARSPM_002AF518,0x2AF518,sub_2AF518,,0x2BF1B0
FN_libARSPM_002AF558,0x2AF558,sub_2AF558,0x404FA0;0x4080A8,0x178340;0x178340
FN_libARSPM_002AF7B8,0x2AF7B8,sub_2AF7B8,0x2831E8;0x2854CC;0x2854CC;0x2854CC;0x2854CC;0x2869FC;0x292060;0x2A94E4;0x2ADB1C;0x2B0508,0x27D894;0x27D894;0x27D894;0x178340;0x178340;0x178340;0x1775E4;0x290D7C;0x290DFC
FN_libARSPM_002AFE54,0x2AFE54,sub_2AFE54,0x2A8C58;0x2A94E4,0x1348D0;0x2666F8;0x2C2684;0x1349B8;0x1348D0;0x2666F8;0x1349B8;0x1348D0;0x2666F8
FN_libARSPM_002B01BC,0x2B01BC,sub_2B01BC,,0x2666F8
FN_libARSPM_002B01E8,0x2B01E8,sub_2B01E8,0x2ADB1C,
FN_libARSPM_002B02F0,0x2B02F0,sub_2B02F0,0x2ADB1C,
FN_libARSPM_002B0384,0x2B0384,sub_2B0384,0x2ADB1C;0x2ADB1C,
FN_libARSPM_002B040C,0x2B040C,sub_2B040C,0x2ADB1C,
FN_libARSPM_002B0508,0x2B0508,sub_2B0508,0x2ADB1C;0x2ADB1C,0x1348D0;0x2666F8;0x1348D0;0x2666F8;0x1349B8;0x1348D0;0x2666F8;0x1348D0;0x2B14B4;0x2AF7B8
FN_libARSPM_002B0864,0x2B0864,sub_2B0864,0x2B14B4,0x2B1274;0x2B13F4;0x2B1470
FN_libARSPM_002B1274,0x2B1274,sub_2B1274,0x2B0864,0x2B15B4;0x2B15B4;0x1472A8
FN_libARSPM_002B13F4,0x2B13F4,sub_2B13F4,0x2B0864,
FN_libARSPM_002B1470,0x2B1470,sub_2B1470,0x2B0864,
FN_libARSPM_002B14B4,0x2B14B4,sub_2B14B4,0x2AD9CC;0x2B0508;0x2C7598,0x2B0864;0x1472A8
FN_libARSPM_002B15B4,0x2B15B4,sub_2B15B4,0x2B1274;0x2B1274,0x2B16F4
FN_libARSPM_002B16F4,0x2B16F4,sub_2B16F4,0x2B15B4,0x1472A8
FN_libARSPM_002B1818,0x2B1818,sub_2B1818,0x27AEF0,0x2843C4;0x26DF74;0x2AF7B8;0x2843C4;0x26DF74;0x2B2AAC;0x2B2510;0x284C28;0x1472A8;0x2BF0D8
FN_libARSPM_002B2510,0x2B2510,sub_2B2510,0x2B1818,0x2679B0;0x2839B8;0x26DF74;0x26DF74;0x2B2AAC;0x2C3BD0;0x26DF74;0x26DF74;0x178340
FN_libARSPM_002B2AAC,0x2B2AAC,sub_2B2AAC,0x2B1818;0x2B2510,0x2C2488;0x14E90C;0x26DF74;0x178340
FN_libARSPM_002B2CE8,0x2B2CE8,sub_2B2CE8,0x2B1818;0x2CE4BC,0x2680AC;0x29ED1C;0x2A6040
FN_libARSPM_002B2E0C,0x2B2E0C,sub_2B2E0C,0x2B1818,0x1348D0;0x2666F8;0x26D688;0x2A3218;0x2666F8;0x2666F8
FN_libARSPM_002B2FD0,0x2B2FD0,sub_2B2FD0,0x2B1818;0x2B1818,0x2839B8;0x2C7F08;0x2A6CA8;0x2839B8;0x2C7F08
FN_libARSPM_002B30F4,0x2B30F4,sub_2B30F4,,0x2AF7B8
FN_libARSPM_002B31F4,0x2B31F4,sub_2B31F4,,0x2839B8
FN_libARSPM_002B3268,0x2B3268,sub_2B3268,0x2B1818,0x2B32C0
FN_libARSPM_002B32C0,0x2B32C0,sub_2B32C0,0x2B3268;0x2B32C0;0x2B32C0;0x2B32C0;0x2B32C0,0x2B32C0;0x2B32C0;0x2B32C0;0x2B32C0
FN_libARSPM_002B35D0,0x2B35D0,sub_2B35D0,,0x2839B8
FN_libARSPM_002B367C,0x2B367C,sub_2B367C,,0x2A5CA4
FN_libARSPM_002B38A8,0x2B38A8,sub_2B38A8,0x27DD74,0x2C3BD0;0x267B00;0x267B00;0x2B3A44
FN_libARSPM_002B3A44,0x2B3A44,sub_2B3A44,0x26F4DC;0x2B38A8,0x2A6040;0x26AE1C;0x2839B8;0x2839B8;0x2839B8;0x2839B8;0x2839B8
FN_libARSPM_002B3E00,0x2B3E00,sub_2B3E00,0x2B4678,
FN_libARSPM_002B3FF8,0x2B3FF8,sub_2B3FF8,0x281180,0x2C47E8;0x2BF794;0x2C5544;0x2C3BD0;0x26AE1C;0x2B43C0;0x2B4678;0x26DF74;0x178340
FN_libARSPM_002B43C0,0x2B43C0,sub_2B43C0,0x2B3FF8;0x2B4678,0x26DF74;0x178340
FN_libARSPM_002B4678,0x2B4678,sub_2B4678,0x26E04C;0x29EE08;0x29EE08;0x2B3FF8;0x2CEB38;0x2CEB38,0x26AE1C;0x2B43C0;0x2839B8;0x2B3E00;0x2BD800;0x2666F8;0x2870E4;0x26AE1C;0x2870E4;0x26AE1C
FN_libARSPM_002B4B40,0x2B4B40,sub_2B4B40,,0x2839B8
FN_libARSPM_002B4BDC,0x2B4BDC,sub_2B4BDC,0x2793AC,0x4ECB70
FN_libARSPM_002B4C44,0x2B4C44,sub_2B4C44,,0x4ECB70
FN_libARSPM_002B4CB8,0x2B4CB8,sub_2B4CB8,0x2793AC,0x26DF74;0x26DF74;0x1348D0;0x2C1360;0x273454;0x2BF1B0;0x2666F8;0x2C4958;0x2BF794;0x2C5B60
FN_libARSPM_002B50CC,0x2B50CC,sub_2B50CC,0x2B4CB8,0x284C28;0x2BF1B0;0x2839B8;0x4ECB40;0x2BF1B0;0x2839B8;0x273454
FN_libARSPM_002B52C0,0x2B52C0,sub_2B52C0,,0x4ECB40;0x4ECB40;0x4ECB70;0x2839B8;0x4ECB70
FN_libARSPM_002B5444,0x2B5444,sub_2B5444,,0x2B58DC;0x2C4A04;0x284518;0x178340;0x178340;0x178340
FN_libARSPM_002B58DC,0x2B58DC,sub_2B58DC,0x2B5444;0x2B7520;0x2BA5A4;0x2C1360;0x2C4A04;0x2C58C0;0x2C7C80,0x2B5BC8;0x27D894
FN_libARSPM_002B59D4,0x2B59D4,sub_2B59D4,,0x178340;0x178340
FN_libARSPM_002B5BC8,0x2B5BC8,sub_2B5BC8,0x2B58DC;0x401834,0x178340;0x178340;0x1775E4;0x290D7C;0x290DFC
FN_libARSPM_002B6E24,0x2B6E24,sub_2B6E24,0x275980;0x275980;0x2ADB1C;0x2ADB1C,
FN_libARSPM_002B6FEC,0x2B6FEC,sub_2B6FEC,,0x2839B8
FN_libARSPM_002B7058,0x2B7058,sub_2B7058,0x2ADB1C;0x2ADB1C;0x2ADB1C;0x2C5B60,0x26DF74;0x26DF74;0x26DF74;0x26DF74;0x178340
FN_libARSPM_002B7480,0x2B7480,sub_2B7480,0x279064,0x275980;0x2839B8;0x26DF74
FN_libARSPM_002B7520,0x2B7520,sub_2B7520,,0x2B58DC
FN_libARSPM_002B7588,0x2B7588,sub_2B7588,,0x2839B8
FN_libARSPM_002B75D4,0x2B75D4,sub_2B75D4,0x281180,0x2680AC;0x2839B8;0x276E2C;0x26DF74;0x178340;0x178340
FN_libARSPM_002B7910,0x2B7910,sub_2B7910,0x26E04C,0x2839B8
FN_libARSPM_002B798C,0x2B798C,sub_2B798C,,0x276E2C;0x178340
FN_libARSPM_002B7C5C,0x2B7C5C,sub_2B7C5C,,0x2839B8
FN_libARSPM_002B7D08,0x2B7D08,sub_2B7D08,0x280710,0x2680AC;0x276E2C;0x2C3BD0;0x276E2C;0x26DF74;0x26DF74;0x2B84D8;0x178340;0x178340;0x178340
FN_libARSPM_002B84D8,0x2B84D8,sub_2B84D8,0x26C768;0x26DD00;0x26E04C;0x2B7D08;0x2C0564,0x2B8B28;0x26AE1C;0x2839B8;0x2839B8;0x2839B8;0x29E9B4;0x2839B8
FN_libARSPM_002B87A0,0x2B87A0,sub_2B87A0,,0x276E2C;0x178340
FN_libARSPM_002B8A78,0x2B8A78,sub_2B8A78,,0x2839B8
FN_libARSPM_002B8B28,0x2B8B28,sub_2B8B28,0x2B84D8;0x2B8B28;0x2B8B28;0x2B8EA8,0x26AE1C;0x267A3C;0x2B8B28;0x2A4180;0x2C447C;0x2839B8;0x267A3C;0x2B8EA8;0x2A2864;0x267A3C
FN_libARSPM_002B8EA8,0x2B8EA8,sub_2B8EA8,0x2B8B28;0x2B8B28,0x1348D0;0x2666F8;0x2B8B28;0x2839B8;0x1349B8;0x1348D0;0x2666F8;0x1349B8;0x1348D0;0x2666F8
FN_libARSPM_002B91BC,0x2B91BC,sub_2B91BC,0x269010,0x4ECB40;0x4ECB40;0x287F7C
FN_libARSPM_002B93F8,0x2B93F8,sub_2B93F8,0x176D00;0x177A2C;0x177A68;0x177AA4;0x177AA4;0x1BD128;0x1BD128;0x1BE1D8;0x268F28;0x3C65C8,0x28396C;0x4ECB70;0x4ECB70;0x283998;0x283870;0x4ECB70;0x4ECB70
FN_libARSPM_002B96F4,0x2B96F4,sub_2B96F4,0x1BD33C;0x1BD33C;0x1BD33C,0x1472A8;0x2BF0D8
FN_libARSPM_002B9778,0x2B9778,sub_2B9778,0x26E04C,0x2B9828
FN_libARSPM_002B9828,0x2B9828,sub_2B9828,0x2B9778;0x2B9978;0x2BA280,0x2B9D80;0x2B9F00;0x2B9F7C
FN_libARSPM_002B9978,0x2B9978,sub_2B9978,0x26E04C;0x2A6500,0x26DF74;0x2B9828;0x1472A8;0x2839B8;0x26DF74;0x178340;0x2839B8
FN_libARSPM_002B9C58,0x2B9C58,sub_2B9C58,0x29E9B4,0x2839B8;0x2839B8
FN_libARSPM_002B9D10,0x2B9D10,sub_2B9D10,0x401F98,0x2839B8
FN_libARSPM_002B9D80,0x2B9D80,sub_2B9D80,0x2B9828,0x2B9FC0;0x2B9FC0;0x1472A8
FN_libARSPM_002B9F00,0x2B9F00,sub_2B9F00,0x2B9828,
FN_libARSPM_002B9F7C,0x2B9F7C,sub_2B9F7C,0x2B9828,
FN_libARSPM_002B9FC0,0x2B9FC0,sub_2B9FC0,0x2B9D80;0x2B9D80,0x2BA100
FN_libARSPM_002BA100,0x2BA100,sub_2BA100,0x2B9FC0,0x1472A8
FN_libARSPM_002BA228,0x2BA228,sub_2BA228,,0x2839B8
FN_libARSPM_002BA280,0x2BA280,sub_2BA280,,0x2B9828;0x178340
FN_libARSPM_002BA3EC,0x2BA3EC,sub_2BA3EC,0x27C4F4,0x1348D0;0x2C1360;0x2666F8;0x273454;0x2BF1B0;0x2839B8
FN_libARSPM_002BA5A4,0x2BA5A4,sub_2BA5A4,,0x2B58DC
FN_libARSPM_002BA724,0x2BA724,sub_2BA724,,0x2839B8
FN_libARSPM_002BA778,0x2BA778,sub_2BA778,0x26F4DC;0x2BB6E8,0x2839B8
FN_libARSPM_002BA7D8,0x2BA7D8,sub_2BA7D8,0x26F4DC;0x2BB6E8,0x2839B8
FN_libARSPM_002BA83C,0x2BA83C,sub_2BA83C,,0x2839B8
FN_libARSPM_002BAAF8,0x2BAAF8,sub_2BAAF8,,0x1348D0;0x2666F8;0x1349B8;0x1348D0;0x2666F8;0x4ECB40;0x4ECB40;0x4ECB70;0x2839B8;0x273024
FN_libARSPM_002BAF00,0x2BAF00,sub_2BAF00,,0x2A5CA4;0x2843C4
FN_libARSPM_002BB048,0x2BB048,sub_2BB048,0x2BBF18,0x2BC844;0x2BC67C;0x1348D0;0x2666F8;0x1349B8;0x1348D0;0x2666F8;0x2BB3D0;0x273024;0x29F710
FN_libARSPM_002BB3D0,0x2BB3D0,sub_2BB3D0,0x2BB048;0x2BB3D0,0x1348D0;0x2666F8;0x2BB3D0;0x273024;0x4ECB40;0x29F710;0x1349B8;0x1348D0;0x2666F8;0x4ECB70
FN_libARSPM_002BB6E8,0x2BB6E8,sub_2BB6E8,0x27E86C,0x2C3BD0;0x2C3BD0;0x26AD18;0x2BA778;0x2BA7D8;0x26DF74;0x1349B8;0x1348D0;0x2666F8;0x283A4C
FN_libARSPM_002BBF18,0x2BBF18,sub_2BBF18,0x26F4DC;0x2BB6E8,0x26AD18;0x4ECB40;0x2BB048;0x4ECB70;0x2839B8;0x273024;0x273024;0x2666F8;0x2CE4BC;0x2BC5B8
FN_libARSPM_002BC158,0x2BC158,sub_2BC158,,0x4ECB70;0x2666F8
FN_libARSPM_002BC21C,0x2BC21C,sub_2BC21C,,0x4ECB70;0x2666F8
FN_libARSPM_002BC2D8,0x2BC2D8,sub_2BC2D8,0x2BB6E8,0x2BC3DC;0x1472A8
FN_libARSPM_002BC3DC,0x2BC3DC,sub_2BC3DC,0x2BC2D8,0x1472A8
FN_libARSPM_002BC5B8,0x2BC5B8,sub_2BC5B8,0x2BBF18,
FN_libARSPM_002BC5BC,0x2BC5BC,sub_2BC5BC,,0x4ECB70;0x2666F8
FN_libARSPM_002BC67C,0x2BC67C,sub_2BC67C,0x2BB048,0x2BC6BC
FN_libARSPM_002BC6BC,0x2BC6BC,sub_2BC6BC,0x2BC67C;0x2BC844,0x266A7C;0x266A7C;0x266A7C
FN_libARSPM_002BC844,0x2BC844,sub_2BC844,0x2BB048,0x2BC6BC
FN_libARSPM_002BC894,0x2BC894,sub_2BC894,0x4069E8;0x40CBE0,
FN_libARSPM_002BC8FC,0x2BC8FC,sub_2BC8FC,0x281D64,0x1349B8;0x1348D0;0x2666F8;0x1349B8;0x1348D0;0x2666F8;0x1349B8;0x1348D0;0x2666F8;0x1349B8
FN_libARSPM_002BD800,0x2BD800,sub_2BD800,0x26E04C;0x2B1818;0x2B1818;0x2B1818;0x2B1818;0x2B1818;0x2B4678;0x2BC8FC;0x2BC8FC;0x2BD800,0x2C303C;0x2A4F28;0x1349B8;0x1348D0;0x2666F8;0x26AE1C;0x2C303C;0x2A4F28;0x1348D0;0x2666F8
FN_libARSPM_002BDD80,0x2BDD80,sub_2BDD80,0x2BC8FC;0x2BD800,0x1348D0;0x2666F8
FN_libARSPM_002BDE80,0x2BDE80,sub_2BDE80,0x2BC8FC,0x1348D0;0x2666F8
FN_libARSPM_002BDF2C,0x2BDF2C,sub_2BDF2C,0x2BD800,0x287E14;0x2870E4;0x2BEB28;0x2BEB28;0x2666F8;0x1349B8;0x1348D0;0x2666F8;0x1348D0;0x2666F8
FN_libARSPM_002BE948,0x2BE948,sub_2BE948,,0x2666F8
FN_libARSPM_002BE994,0x2BE994,sub_2BE994,,0x2666F8
FN_libARSPM_002BE9DC,0x2BE9DC,sub_2BE9DC,,0x2839B8;0x1348D0;0x2666F8
FN_libARSPM_002BEB28,0x2BEB28,sub_2BEB28,0x2BDF2C;0x2BDF2C,0x1349B8;0x1348D0;0x2835E8;0x2666F8;0x2666F8;0x2835E8
FN_libARSPM_002BEC98,0x2BEC98,sub_2BEC98,0x2BD800,0x2C303C;0x1348D0;0x2666F8
FN_libARSPM_002BEDDC,0x2BEDDC,sub_2BEDDC,0x2788A4;0x279E00;0x27C050,0x1472A8
FN_libARSPM_002BEED4,0x2BEED4,sub_2BEED4,0x277FC8;0x2793AC;0x279CAC;0x27AC78,0x1472A8
FN_libARSPM_002BEFE0,0x2BEFE0,sub_2BEFE0,0x2CBB64;0x2CBB64,0x1472A8
FN_libARSPM_002BF0D8,0x2BF0D8,sub_2BF0D8,0x2694C4;0x273FB0;0x29D9F8;0x2A6500;0x2ADB1C;0x2B1818;0x2B96F4;0x2C392C;0x2C6EA8,
FN_libARSPM_002BF1B0,0x2BF1B0,sub_2BF1B0,0x27423C;0x27423C;0x27423C;0x27423C;0x27423C;0x27423C;0x27423C;0x27423C;0x27423C;0x27423C,0x1472A8;0x2BFA08;0x284CA4;0x2BFA08;0x178340
FN_libARSPM_002BF624,0x2BF624,sub_2BF624,0x26F4DC;0x278454;0x2C392C;0x2C79E4,
FN_libARSPM_002BF680,0x2BF680,sub_2BF680,0x274554;0x27557C,0x1472A8;0x2BFA08
FN_libARSPM_002BF794,0x2BF794,sub_2BF794,0x29DECC;0x29DF78;0x2B3FF8;0x2B4CB8;0x2C392C,0x2C0E20;0x1472A8;0x2C0ED8;0x273454;0x2BF1B0
FN_libARSPM_002BFA08,0x2BFA08,sub_2BFA08,0x2BF1B0;0x2BF1B0;0x2BF680,0x2BFB54
FN_libARSPM_002BFB54,0x2BFB54,sub_2BFB54,0x2BFA08,
FN_libARSPM_002BFDDC,0x2BFDDC,sub_2BFDDC,0x27F990,0x2C3BD0;0x26DF74;0x276F14;0x26DF74;0x2C4114;0x26DF74;0x2C3BD0;0x2C3BD0;0x2C0564;0x178340
FN_libARSPM_002C0564,0x2C0564,sub_2C0564,0x26E04C;0x29E9B4;0x2BFDDC,0x26AE1C;0x26AE1C;0x26AE1C;0x287B70;0x2870E4;0x29ED1C;0x29ED1C;0x2839B8;0x29ED1C;0x2B84D8
FN_libARSPM_002C0D08,0x2C0D08,sub_2C0D08,,0x2839B8
FN_libARSPM_002C0E20,0x2C0E20,sub_2C0E20,0x2BF794,
FN_libARSPM_002C0E4C,0x2C0E4C,sub_2C0E4C,0x274554;0x27557C;0x275EB4;0x275EB4;0x275EB4;0x275EB4;0x275EB4;0x275EB4;0x275EB4;0x275EB4,0x2839B8
FN_libARSPM_002C0ED8,0x2C0ED8,sub_2C0ED8,0x2BF794,0x2839B8
FN_libARSPM_002C0F68,0x2C0F68,sub_2C0F68,0x275EB4;0x275EB4;0x275EB4;0x275EB4;0x275EB4;0x275EB4;0x275EB4;0x275EB4;0x275EB4;0x275EB4,0x2839B8
FN_libARSPM_002C1004,0x2C1004,sub_2C1004,0x275EB4;0x275EB4,0x2839B8
FN_libARSPM_002C108C,0x2C108C,sub_2C108C,0x275EB4;0x275EB4;0x275EB4;0x275EB4;0x275EB4;0x275EB4;0x275EB4;0x275EB4;0x275EB4;0x275EB4,0x2839B8
FN_libARSPM_002C1134,0x2C1134,sub_2C1134,0x275EB4;0x275EB4;0x275EB4,0x2839B8
FN_libARSPM_002C11AC,0x2C11AC,sub_2C11AC,0x275EB4;0x275EB4;0x275EB4;0x275EB4;0x275EB4;0x275EB4;0x275EB4;0x275EB4,0x2839B8
FN_libARSPM_002C1230,0x2C1230,sub_2C1230,0x275EB4;0x275EB4;0x275EB4;0x275EB4;0x275EB4;0x275EB4;0x275EB4,0x2839B8
FN_libARSPM_002C12D8,0x2C12D8,sub_2C12D8,0x275EB4,0x2839B8
FN_libARSPM_002C1360,0x2C1360,sub_2C1360,0x2B4CB8;0x2BA3EC,0x26DF74;0x26A9B4;0x26DF74;0x2B58DC;0x26DF74;0x26DF74;0x26DF74;0x26DF74;0x26DF74;0x2C411C
FN_libARSPM_002C2488,0x2C2488,sub_2C2488,0x2B2AAC,
FN_libARSPM_002C2490,0x2C2490,sub_2C2490,0x2C1360;0x2C2490,0x2C2490
FN_libARSPM_002C253C,0x2C253C,sub_2C253C,0x275EB4;0x275EB4;0x275EB4;0x275EB4;0x275EB4;0x275EB4;0x275EB4;0x275EB4,0x2839B8
FN_libARSPM_002C25E4,0x2C25E4,sub_2C25E4,0x275EB4;0x275EB4;0x275EB4;0x275EB4;0x275EB4;0x275EB4;0x275EB4;0x275EB4;0x275EB4;0x275EB4,0x2839B8
FN_libARSPM_002C2684,0x2C2684,sub_2C2684,0x276F14;0x276F14;0x276F14;0x276F14;0x276F14;0x276F14;0x276F14;0x2A22F8;0x2A8C58;0x2ADB1C,0x2C2684
FN_libARSPM_002C29FC,0x2C29FC,sub_2C29FC,0x29DB2C,0x2C2A3C
FN_libARSPM_002C2A3C,0x2C2A3C,sub_2C2A3C,0x2C29FC,0x26DF74;0x26DF74;0x178340;0x27D894;0x26DF74;0x26DF74;0x178340
FN_libARSPM_002C303C,0x2C303C,sub_2C303C,0x26D35C;0x276F14;0x276F14;0x276F14;0x276F14;0x276F14;0x276F14;0x2A09EC;0x2A09EC;0x2A09EC,0x1763AC;0x1763AC;0x1763AC;0x1763AC;0x2CFAA0;0x2666C0;0x2CFAA0;0x2666C0;0x2CFAA0;0x2666C0
FN_libARSPM_002C392C,0x2C392C,sub_2C392C,0x26E04C;0x26E04C;0x26E04C;0x26E04C;0x26E04C;0x26E04C;0x26E04C;0x26E04C;0x26E04C;0x26E04C,0x1472A8;0x2BF0D8;0x2BF794;0x2BF624;0x1348D0;0x2839B8;0x2666F8;0x273454;0x2BF1B0;0x2666F8
FN_libARSPM_002C3BD0,0x2C3BD0,sub_2C3BD0,0x29DFF4;0x29DFF4;0x2A22F8;0x2A5104;0x2A5848;0x2A76D8;0x2A94E4;0x2B2510;0x2B38A8;0x2B3FF8,0x2A5CB4;0x2C2684;0x26DF74;0x2A4C68;0x2A3DD0;0x2A2BE0;0x2A1E24;0x26DF74;0x178340;0x178340
FN_libARSPM_002C4114,0x2C4114,sub_2C4114,0x29DFF4;0x2ADB1C;0x2BFDDC;0x2C691C,
FN_libARSPM_002C411C,0x2C411C,sub_2C411C,0x2C1360;0x2C411C;0x2C47E8;0x2C4958,0x2C411C
FN_libARSPM_002C4264,0x2C4264,sub_2C4264,0x29DFF4;0x2A22F8;0x2A5104;0x2C427C;0x2C427C;0x2C5B60,
FN_libARSPM_002C427C,0x2C427C,sub_2C427C,,0x2C4264;0x2C4264
FN_libARSPM_002C4338,0x2C4338,sub_2C4338,0x29DBE4;0x2C5544,
FN_libARSPM_002C4370,0x2C4370,sub_2C4370,0x29E9B4;0x2A4614,0x26AE1C;0x2C447C
FN_libARSPM_002C447C,0x2C447C,sub_2C447C,0x2A3DD0;0x2A4C68;0x2B8B28;0x2C4370,0x2843C4;0x26DF74;0x178340
FN_libARSPM_002C460C,0x2C460C,sub_2C460C,0x29DF78;0x2C47E8;0x2C4958,0x26DF74;0x26DF74;0x178340
FN_libARSPM_002C47E8,0x2C47E8,sub_2C47E8,0x2B3FF8,0x2C3BD0;0x26AD18;0x2C460C;0x2C411C;0x14E918;0x26DF74
FN_libARSPM_002C4958,0x2C4958,sub_2C4958,0x29DECC;0x2B4CB8,0x2C460C;0x2C411C;0x14E918;0x26DF74
FN_libARSPM_002C4A04,0x2C4A04,sub_2C4A04,0x2B5444,0x2B58DC;0x178340;0x178340
FN_libARSPM_002C4C9C,0x2C4C9C,sub_2C4C9C,,0x178340
FN_libARSPM_002C4D94,0x2C4D94,sub_2C4D94,,0x2CFAA0;0x2666C0
FN_libARSPM_002C5338,0x2C5338,sub_2C5338,,0x2666F8
FN_libARSPM_002C5544,0x2C5544,sub_2C5544,0x2694C4;0x2B3FF8,0x2C4338;0x2839B8;0x26DF74;0x178340
FN_libARSPM_002C5714,0x2C5714,sub_2C5714,,0x2839B8
FN_libARSPM_002C5768,0x2C5768,sub_2C5768,,0x178340
FN_libARSPM_002C5800,0x2C5800,sub_2C5800,,0x284C00;0x2839B8
FN_libARSPM_002C58C0,0x2C58C0,sub_2C58C0,,0x2B58DC;0x284518;0x2A5CA4;0x178340
FN_libARSPM_002C5B60,0x2C5B60,sub_2C5B60,0x2B4CB8;0x2C691C,0x26DF74;0x26DF74;0x26DF74;0x26DF74;0x26DF74;0x26DF74;0x26DF74;0x26DF74;0x2C657C;0x26DF74
FN_libARSPM_002C657C,0x2C657C,sub_2C657C,0x2C5B60;0x2C657C;0x2C657C,0x2C657C;0x2C657C;0x26DF74;0x26DF74;0x178340
FN_libARSPM_002C691C,0x2C691C,sub_2C691C,0x2C6EA8;0x2C6EA8,0x2C5B60;0x2A1E24;0x26DF74;0x26DF74;0x28725C;0x2C4114;0x2C3BD0;0x28725C;0x178340
FN_libARSPM_002C6DDC,0x2C6DDC,sub_2C6DDC,0x27A79C;0x27A79C;0x27BC50;0x27BC50,0x2C7598;0x2C6EA8
FN_libARSPM_002C6EA8,0x2C6EA8,sub_2C6EA8,0x2C6DDC,0x2C691C;0x2C691C;0x2839B8;0x2C754C;0x1472A8;0x2BF0D8;0x26DF74;0x283A4C;0x284C28;0x284C28
FN_libARSPM_002C72CC,0x2C72CC,sub_2C72CC,0x26F4DC;0x2C79E4,0x2839B8
FN_libARSPM_002C7500,0x2C7500,sub_2C7500,0x26AD18;0x26AE1C;0x26AE98;0x26AF5C;0x26AFCC;0x26B064;0x26B064;0x2882D4;0x295F20;0x29A81C,
FN_libARSPM_002C752C,0x2C752C,sub_2C752C,0x2CBB64;0x2CBB64;0x2CBB64,
FN_libARSPM_002C754C,0x2C754C,sub_2C754C,0x2C6EA8,
FN_libARSPM_002C7560,0x2C7560,sub_2C7560,0x27A79C;0x27A79C;0x2832F4,
FN_libARSPM_002C7598,0x2C7598,sub_2C7598,0x27AC78;0x2B4CB8;0x2C6DDC,0x26DF74;0x26DF74;0x284C00;0x26DF74;0x2B14B4;0x273FB0;0x275980;0x2839B8;0x275980;0x2839B8
FN_libARSPM_002C79E4,0x2C79E4,sub_2C79E4,0x270988;0x270988,0x273FB0;0x2BF624;0x275980;0x2839B8;0x2C72CC;0x283A4C;0x273454;0x2BF1B0
FN_libARSPM_002C7C80,0x2C7C80,sub_2C7C80,,0x2B58DC;0x178340;0x178340
FN_libARSPM_002C7F08,0x2C7F08,sub_2C7F08,0x2694C4;0x2694C4;0x26F4DC;0x270988;0x270988;0x2B1818;0x2B1818;0x2B1818;0x2B1818;0x2B2FD0,
FN_libARSPM_002C7F2C,0x2C7F2C,sub_2C7F2C,,0x178340
FN_libARSPM_002C7FC4,0x2C7FC4,sub_2C7FC4,0x2680AC;0x2A5F38;0x2A6040,
FN_libARSPM_002C7FD0,0x2C7FD0,sub_2C7FD0,,0x2839B8
FN_libARSPM_002C802C,0x2C802C,sub_2C802C,0x29AC60;0x29AC60,
FN_libARSPM_002C8038,0x2C8038,sub_2C8038,,0x1BF26C
FN_libARSPM_002C805C,0x2C805C,sub_2C805C,0x28BEDC,
FN_libARSPM_002C8094,0x2C8094,sub_2C8094,,0x2C86D0;0x15E650
FN_libARSPM_002C81CC,0x2C81CC,sub_2C81CC,,0x2C86D0;0x15E650
FN_libARSPM_002C8308,0x2C8308,sub_2C8308,,0x2C86D0;0x15E650
FN_libARSPM_002C8448,0x2C8448,sub_2C8448,,0x2C86D0;0x15E650
FN_libARSPM_002C8588,0x2C8588,sub_2C8588,,0x2C86D0;0x15E650
FN_libARSPM_002C86D0,0x2C86D0,sub_2C86D0,0x2C8094;0x2C81CC;0x2C8308;0x2C8448;0x2C8588,0x15E638
FN_libARSPM_002C86E4,0x2C86E4,sub_2C86E4,0x26F4DC,0x267A3C;0x288220;0x275980
FN_libARSPM_002C877C,0x2C877C,sub_2C877C,0x269398,0x2883EC;0x2888D0;0x2883EC;0x2888D0;0x2883EC;0x2888D0;0x2883EC;0x2888D0
FN_libARSPM_002C8A7C,0x2C8A7C,sub_2C8A7C,0x269398,0x2882D4;0x28889C;0x2882D4;0x28889C;0x2882D4;0x28889C;0x2882D4;0x28889C;0x267480
FN_libARSPM_002C8F04,0x2C8F04,sub_2C8F04,0x269398,
FN_libARSPM_002C8FF0,0x2C8FF0,sub_2C8FF0,,0x29F604;0x1472A8;0x288868
FN_libARSPM_002C9128,0x2C9128,sub_2C9128,,0x1472A8;0x287784;0x2C7500;0x28889C;0x2A6040;0x2886EC;0x2870E4;0x28889C;0x2839B8;0x2839B8
FN_libARSPM_002C93D8,0x2C93D8,sub_2C93D8,0x269398,0x2C94B8;0x2666F8;0x2666F8
FN_libARSPM_002C94B8,0x2C94B8,sub_2C94B8,0x2C93D8,0x28889C;0x2839B8;0x1349B8;0x1348D0;0x2666F8;0x1349B8;0x1348D0;0x2666F8;0x2C9A88;0x2C9A88
FN_libARSPM_002C9A38,0x2C9A38,sub_2C9A38,,0x2666F8
FN_libARSPM_002C9A88,0x2C9A88,sub_2C9A88,0x2C94B8;0x2C94B8;0x2C94B8;0x2C94B8;0x2C94B8;0x2C94B8;0x2C94B8,0x1349B8;0x1348D0;0x2666F8
FN_libARSPM_002C9B5C,0x2C9B5C,sub_2C9B5C,,0x2666F8;0x2666F8
FN_libARSPM_002C9BC8,0x2C9BC8,sub_2C9BC8,0x269288,0x2C9FC4;0x288834;0x2CB698;0x2C9FB0;0x15E650
FN_libARSPM_002C9FB0,0x2C9FB0,sub_2C9FB0,0x2C9BC8,0x15E638
FN_libARSPM_002C9FC4,0x2C9FC4,sub_2C9FC4,0x2C9BC8;0x2C9FC4,0x2CB328;0x2CB328;0x2CB328;0x2CB328;0x2CB328;0x2CB0F4;0x2AF7B8;0x2AF7B8;0x2CB0F4;0x2CB0F4
FN_libARSPM_002CB0F4,0x2CB0F4,sub_2CB0F4,0x2C9FC4;0x2C9FC4;0x2C9FC4;0x2C9FC4;0x2C9FC4;0x2C9FC4;0x2C9FC4;0x2C9FC4;0x2C9FC4;0x2C9FC4,0x2AF7B8;0x2AF7B8
FN_libARSPM_002CB248,0x2CB248,sub_2CB248,0x2C9FC4;0x2CB428,0x2CB5EC;0x2CB0F4;0x2CB0F4;0x2CB0F4;0x2CB0F4
FN_libARSPM_002CB328,0x2CB328,sub_2CB328,0x2C9FC4;0x2C9FC4;0x2C9FC4;0x2C9FC4;0x2C9FC4;0x2C9FC4;0x2CB428;0x2CB428;0x2CB5EC,0x2CB0F4;0x2CB0F4;0x2CB0F4;0x2CB0F4
FN_libARSPM_002CB428,0x2CB428,sub_2CB428,0x2C9FC4;0x2C9FC4,0x2CB0F4;0x2CB248;0x2CB328;0x2CB328;0x2CB0F4;0x2CB0F4;0x2CB5EC
FN_libARSPM_002CB5EC,0x2CB5EC,sub_2CB5EC,0x2C9FC4;0x2CB248;0x2CB428,0x2CB328;0x2CB0F4;0x2CB0F4;0x2CB0F4
FN_libARSPM_002CB698,0x2CB698,sub_2CB698,0x2C9BC8,0x2CBB50;0x15E650
FN_libARSPM_002CBB50,0x2CBB50,sub_2CBB50,0x2CB698;0x2CBECC;0x2CE144,0x15E638
FN_libARSPM_002CBB64,0x2CBB64,sub_2CBB64,0x269288,0x2BEFE0;0x2C752C;0x2CBECC;0x2C752C;0x2CBECC;0x2CC098;0x2CE144;0x288834;0x2BEFE0;0x2C752C
FN_libARSPM_002CBECC,0x2CBECC,sub_2CBECC,0x2CBB64;0x2CBB64;0x2CBB64,0x2CBB50;0x15E650
FN_libARSPM_002CC098,0x2CC098,sub_2CC098,0x2CBB64;0x2CC098,0x2CD85C;0x2CD85C;0x2CD85C;0x2CD85C;0x2CD85C;0x2CDB58;0x2CDB58;0x2CC098
FN_libARSPM_002CD5C8,0x2CD5C8,sub_2CD5C8,0x2CDB58,0x2CDF38
FN_libARSPM_002CD85C,0x2CD85C,sub_2CD85C,0x2CC098;0x2CC098;0x2CC098;0x2CC098;0x2CC098;0x2CDB58;0x2CDB58;0x2CDF38,
FN_libARSPM_002CDB58,0x2CDB58,sub_2CDB58,0x2CC098;0x2CC098,0x2CD5C8;0x2CD85C;0x2CD85C;0x2CDF38
FN_libARSPM_002CDF38,0x2CDF38,sub_2CDF38,0x2CD5C8;0x2CDB58,0x2CD85C
FN_libARSPM_002CE144,0x2CE144,sub_2CE144,0x2CBB64,0x2CBB50;0x15E650
FN_libARSPM_002CE4BC,0x2CE4BC,sub_2CE4BC,0x2BBF18,0x2CE9A4;0x1348D0;0x2666F8;0x2839B8;0x1349B8;0x1348D0;0x2666F8;0x2839B8;0x2C7F08;0x2B2CE8
FN_libARSPM_002CE9A4,0x2CE9A4,sub_2CE9A4,0x2CE4BC,0x1349B8;0x1348D0;0x2666F8
FN_libARSPM_002CEB04,0x2CEB04,sub_2CEB04,,0x2666F8
FN_libARSPM_002CEB38,0x2CEB38,sub_2CEB38,0x291AA8,0x2C303C;0x2A397C;0x2B4678;0x2B4678
FN_libARSPM_002CEF40,0x2CEF40,sub_2CEF40,0x1BE980,0x4ECA80;0x1BF1D8
FN_libARSPM_002CEFF8,0x2CEFF8,sub_2CEFF8,,0x1BFAB4;0x1BCCE0;0x4ECB10;0x1BC48C;0x4ECA80;0x1BC5D8;0x4ECB10;0x14803C;0x148054;0x1756D8
FN_libARSPM_002CF1B4,0x2CF1B4,sub_2CF1B4,,0x1BE294
FN_libARSPM_002CF260,0x2CF260,sub_2CF260,,0x1B295C;0x1D8FA8;0x1B2F34;0x1B3C48;0x1D91C4;0x1BDC74;0x1D93F8;0x1B295C;0x1BCCFC;0x1BE980
FN_libARSPM_002CF47C,0x2CF47C,sub_2CF47C,0x4A8988,0x4ECA80;0x4ECA80;0x148194;0x1BE714;0x4ECB10;0x14803C;0x148054;0x4ECB10;0x14803C;0x148054
FN_libARSPM_002CF6C4,0x2CF6C4,sub_2CF6C4,0x2CF47C;0x2CF70C,0x1D8FB8;0x1BDC74;0x1D93F8
FN_libARSPM_002CF70C,0x2CF70C,sub_2CF70C,0x4AB2F4;0x4E0520,0x148058;0x1BEBE0;0x4ECB10;0x14803C;0x148054;0x4ECB10;0x14803C;0x148054;0x2CF6C4
FN_libARSPM_002CF800,0x2CF800,sub_2CF800,,0x4ECB10;0x4ECB10;0x14803C;0x148054;0x4ECB10
FN_libARSPM_002CF8F4,0x2CF8F4,sub_2CF8F4,,0x4ECB10;0x4ECB10;0x14803C;0x148054;0x4ECB10
FN_libARSPM_002CFA04,0x2CFA04,sub_2CFA04,0x1484E4,
FN_libARSPM_002CFAA0,0x2CFAA0,sub_2CFAA0,0x12F52C;0x12F6E0;0x12F6E0;0x12F6E0;0x12F6E0;0x12FDD0;0x12FDD0;0x12FDD0;0x12FDD0;0x12FDD0,
FN_libARSPM_002CFB5C,0x2CFB5C,sub_2CFB5C,0x2D1E80;0x2D2954;0x2D2C98;0x2FD1B8;0x30DB84;0x30DC84;0x319F58;0x319F58;0x38AAF8;0x3A68E0,
FN_libARSPM_002CFBA4,0x2CFBA4,sub_2CFBA4,,0x2CFAA0;0x2666C0
FN_libARSPM_002CFBC8,0x2CFBC8,sub_2CFBC8,0x2FD998;0x318EE0;0x318EE0;0x319F58;0x319F58;0x33F9E4;0x33FA9C;0x3A6AE0;0x3A6AE0,
FN_libARSPM_002CFC18,0x2CFC18,sub_2CFC18,,0x2CFAA0;0x2666C0
FN_libARSPM_002CFCA4,0x2CFCA4,sub_2CFCA4,0x2D30A0;0x2D30D8;0x2D318C;0x2D31EC;0x3BE8C4;0x3BF3AC;0x3BF3AC;0x3C05C0;0x3C05C0;0x3C15BC,
FN_libARSPM_002CFF60,0x2CFF60,sub_2CFF60,0x2D30D8,
FN_libARSPM_002CFF7C,0x2CFF7C,sub_2CFF7C,0x2D30D8;0x2D318C,
FN_libARSPM_002CFF98,0x2CFF98,sub_2CFF98,0x2D30D8;0x2D31EC,
FN_libARSPM_002CFFC4,0x2CFFC4,sub_2CFFC4,0x30E380;0x318EE0,
FN_libARSPM_002D0010,0x2D0010,sub_2D0010,,0x2CFAA0;0x2666C0
FN_libARSPM_002D0054,0x2D0054,sub_2D0054,0x2D2608;0x3A6FC4;0x3A7288,
FN_libARSPM_002D00B8,0x2D00B8,sub_2D00B8,,0x2CFAA0;0x2666C0
FN_libARSPM_002D00DC,0x2D00DC,sub_2D00DC,0x3C19A0;0x3C8438,
FN_libARSPM_002D00F0,0x2D00F0,sub_2D00F0,0x3C19A0;0x3C8438;0x3DAFF0,0x178340
FN_libARSPM_002D0220,0x2D0220,sub_2D0220,0x3BDF8C;0x3BE13C;0x3BE280;0x3C1BCC;0x3C8720,0x4ECA80
FN_libARSPM_002D0270,0x2D0270,sub_2D0270,0x3A7288;0x3DB25C;0x3DB8C4,0x3DC5CC;0x4ECB10
FN_libARSPM_002D02E8,0x2D02E8,sub_2D02E8,0x3DB8C4,
FN_libARSPM_002D02FC,0x2D02FC,sub_2D02FC,0x3DB25C,0x3DC5CC;0x3DC5CC;0x3DC550;0x4ECA80;0x4ECB10;0x2CFAA0;0x2666C0
FN_libARSPM_002D045C,0x2D045C,sub_2D045C,0x3BDF8C;0x3BE13C;0x3BE280;0x3C1BCC;0x3C8720;0x3C8CFC,
FN_libARSPM_002D04BC,0x2D04BC,sub_2D04BC,0x3A7288,
FN_libARSPM_002D0518,0x2D0518,sub_2D0518,0x2F81C0;0x2F81C0;0x2FE404;0x3A7288;0x3A769C;0x3BDF8C;0x3C1BCC,
FN_libARSPM_002D05BC,0x2D05BC,sub_2D05BC,0x131A10;0x3D9BA8,
FN_libARSPM_002D05FC,0x2D05FC,sub_2D05FC,0x131A10;0x131A10,0x4ECB10
FN_libARSPM_002D0648,0x2D0648,sub_2D0648,0x3BE8C4;0x3D252C,
FN_libARSPM_002D0678,0x2D0678,sub_2D0678,0x2F81C0;0x3A77D0;0x3A77D0;0x3BE8C4,
FN_libARSPM_002D06C8,0x2D06C8,sub_2D06C8,0x3BE8C4;0x3BE8C4,
FN_libARSPM_002D06F8,0x2D06F8,sub_2D06F8,0x1D3370;0x254778;0x2DA05C;0x2DA1AC;0x2DAD40;0x2DF888;0x2F5F00;0x2F5F00;0x2FA218;0x2FA288,0x146908;0x2D0B08;0x4ECB10;0x4ECB10
FN_libARSPM_002D07A8,0x2D07A8,sub_2D07A8,0x1D4078;0x2DA378;0x2DA5FC;0x2E7548;0x2E7548;0x2E941C;0x2FA1EC;0x34B7D8;0x34B7D8;0x34B7D8,0x167E4C;0x146908;0x2D0B08;0x4ECB10;0x4ECB10;0x4ECB10
FN_libARSPM_002D08B0,0x2D08B0,sub_2D08B0,0x318EE0,
FN_libARSPM_002D08BC,0x2D08BC,sub_2D08BC,0x2FA2F0;0x2FA31C;0x2FA348;0x2FA374;0x2FA3D0;0x318EE0,0x4ECA80;0x4ECA80
FN_libARSPM_002D091C,0x2D091C,sub_2D091C,0x2E7548;0x2FA3A0;0x318EE0;0x318EE0,0x4ECA80;0x4ECB10;0x4ECA80;0x4ECB10
FN_libARSPM_002D09D8,0x2D09D8,sub_2D09D8,0x161074;0x161074;0x1D3370;0x1D4078;0x254778;0x2D32B4;0x2D32B4;0x2D39E8;0x2D3B20;0x2D3B20,0x4ECB10;0x4ECB10
FN_libARSPM_002D0A4C,0x2D0A4C,sub_2D0A4C,0x2E7548;0x2FA3D0,0x4ECA80;0x146908;0x2D0B08
FN_libARSPM_002D0ABC,0x2D0ABC,sub_2D0ABC,0x1D3574;0x254778;0x2D6B50;0x2DC2C4;0x2F398C;0x2F5F00;0x2FA420;0x30103C;0x317D2C;0x317D2C,0x4ECA80
FN_libARSPM_002D0AF0,0x2D0AF0,sub_2D0AF0,0x321154;0x3FB3CC,
FN_libARSPM_002D0B00,0x2D0B00,sub_2D0B00,0x2D0BEC;0x2D0BEC;0x2D141C;0x2D141C;0x2D32B4;0x2D32B4;0x2D32B4;0x2D32B4;0x2F3F74;0x2F3F74,
FN_libARSPM_002D0B08,0x2D0B08,sub_2D0B08,0x1612E0;0x2D06F8;0x2D07A8;0x2D0A4C;0x321DD8,0x147468
FN_libARSPM_002D0BEC,0x2D0BEC,sub_2D0BEC,0x2DA944;0x2E7548;0x2E7548;0x2E941C;0x31C16C,0x2D0B00;0x2D0B00;0x147468
FN_libARSPM_002D0CF8,0x2D0CF8,sub_2D0CF8,0x36D760;0x37F054;0x3868EC,0x3E9668;0x3E9668
FN_libARSPM_002D0DBC,0x2D0DBC,sub_2D0DBC,0x37E444;0x3A051C,
FN_libARSPM_002D0EF4,0x2D0EF4,sub_2D0EF4,0x315FAC;0x315FF8;0x316088,0x147628
FN_libARSPM_002D0F28,0x2D0F28,sub_2D0F28,,0x2FCC88;0x2F0280;0x4ECA80
FN_libARSPM_002D0FD0,0x2D0FD0,sub_2D0FD0,,0x3E9668;0x3E9668
FN_libARSPM_002D109C,0x2D109C,sub_2D109C,,0x1D8FA8
FN_libARSPM_002D110C,0x2D110C,sub_2D110C,,0x147628
FN_libARSPM_002D11B4,0x2D11B4,sub_2D11B4,0x2F3F74;0x2F5F00;0x2F5F00;0x32FAAC;0x32FAAC;0x344568;0x34712C,0x147468;0x2FCC88;0x2F0064
FN_libARSPM_002D1328,0x2D1328,sub_2D1328,0x31C16C;0x3205FC;0x39E3B4,0x2FCC88;0x2F0064
FN_libARSPM_002D141C,0x2D141C,sub_2D141C,0x2E7548;0x2F5F00;0x2F5F00;0x31C16C;0x34B7D8,0x2D0B00;0x2D0B00;0x147468;0x2FCC88;0x2F0064
FN_libARSPM_002D15B4,0x2D15B4,sub_2D15B4,,0x4ECB10
FN_libARSPM_002D1674,0x2D1674,sub_2D1674,,0x4ECB10;0x2666F8
FN_libARSPM_002D17C4,0x2D17C4,sub_2D17C4,,0x2CFAA0;0x2666C0
FN_libARSPM_002D17EC,0x2D17EC,sub_2D17EC,,0x2666F8
FN_libARSPM_002D186C,0x2D186C,sub_2D186C,,0x2666F8;0x1D93F8
FN_libARSPM_002D18F4,0x2D18F4,sub_2D18F4,,0x2D1A60;0x2F24F0;0x1D8FA8;0x342A38;0x2D1B70;0x1D93F8;0x1D93F8
FN_libARSPM_002D1A60,0x2D1A60,sub_2D1A60,0x2D18F4;0x36DB98;0x37F218;0x386C58,
FN_libARSPM_002D1A64,0x2D1A64,sub_2D1A64,,0x3E9668;0x3E9668
FN_libARSPM_002D1B70,0x2D1B70,sub_2D1B70,0x2D18F4;0x2F2ADC;0x2F2EC0;0x2F33F8;0x2F36F8;0x314318;0x314318;0x314318;0x314318;0x3144A8,0x1DA0B0
FN_libARSPM_002D1BE4,0x2D1BE4,sub_2D1BE4,0x2FA140,
FN_libARSPM_002D1C08,0x2D1C08,sub_2D1C08,0x2FA1B4,0x4ECB10;0x2D1DD8
FN_libARSPM_002D1C60,0x2D1C60,sub_2D1C60,,0x4ECB10;0x2D1DD8
FN_libARSPM_002D1CB8,0x2D1CB8,sub_2D1CB8,0x2FF980,
FN_libARSPM_002D1CC0,0x2D1CC0,sub_2D1CC0,0x2D506C;0x317D2C;0x317D2C;0x348140;0x34B578;0x34B578;0x34B7D8;0x34B7D8;0x34C340;0x34C340,
FN_libARSPM_002D1CCC,0x2D1CCC,sub_2D1CCC,0x2DBA68;0x2FE06C,
FN_libARSPM_002D1CD8,0x2D1CD8,sub_2D1CD8,0x2D506C;0x2D506C;0x2D506C;0x2D506C;0x2D506C;0x2D506C;0x2FF980;0x2FF980;0x2FF980;0x2FF980,
FN_libARSPM_002D1CE4,0x2D1CE4,sub_2D1CE4,0x254778;0x254778;0x254778;0x2562C0;0x257040;0x257040;0x25DB4C;0x2D4ED4;0x2D506C;0x2D506C,
FN_libARSPM_002D1CF0,0x2D1CF0,sub_2D1CF0,0x2FFBD4,0x4ECA80
FN_libARSPM_002D1D28,0x2D1D28,sub_2D1D28,0x32A0E4;0x34917C;0x34917C;0x34917C;0x34917C;0x34917C;0x34917C;0x34917C;0x34917C;0x34917C,
FN_libARSPM_002D1D30,0x2D1D30,sub_2D1D30,0x131980;0x131980;0x131980;0x2D69D8;0x2F3F74,
FN_libARSPM_002D1D38,0x2D1D38,sub_2D1D38,0x3A6FC4,0x4ECA80
FN_libARSPM_002D1D6C,0x2D1D6C,sub_2D1D6C,0x2FEC90,0x4ECA80
FN_libARSPM_002D1DA8,0x2D1DA8,sub_2D1DA8,0x3C65C8;0x3C6FB8;0x3DE6B8;0x3E0070,
FN_libARSPM_002D1DD8,0x2D1DD8,sub_2D1DD8,0x2D1C08;0x2D1C60;0x2D5830;0x2FA140;0x2FF7A0;0x3A68E0;0x3A6AE0;0x3A6AE0;0x3A6AE0;0x3A6FC4,0x4ECB10;0x31141C;0x2D2200;0x4ECB10
FN_libARSPM_002D1E80,0x2D1E80,sub_2D1E80,0x2D2154,0x4ECB10;0x3FD9B4;0x2D2200;0x3113D4;0x31141C;0x4ECB10;0x2D2954;0x2CFB5C;0x2D2954
FN_libARSPM_002D2058,0x2D2058,sub_2D2058,,0x4ECA50
FN_libARSPM_002D20A4,0x2D20A4,sub_2D20A4,0x2D5830,0x4ECA80
FN_libARSPM_002D2154,0x2D2154,sub_2D2154,0x2D506C,0x2D1E80;0x4ECB10;0x4ECB10
FN_libARSPM_002D2200,0x2D2200,sub_2D2200,0x2D1DD8;0x2D1E80,
FN_libARSPM_002D2204,0x2D2204,sub_2D2204,,0x2D22F4;0x4ECB10;0x2666F8
FN_libARSPM_002D22F4,0x2D22F4,sub_2D22F4,0x2D2204,0x3FD908;0x4ECAB0;0x136DB8;0x4ECAE0;0x136CD8;0x15661C;0x4ECAE0;0x136D10;0x136CD8
FN_libARSPM_002D23C4,0x2D23C4,sub_2D23C4,0x3CA290,0x2EF690
FN_libARSPM_002D2498,0x2D2498,sub_2D2498,0x3CA290,0x2D24F0
FN_libARSPM_002D24F0,0x2D24F0,sub_2D24F0,0x2D2498,0x30CE54;0x2CFAA0;0x2EF69C
FN_libARSPM_002D25EC,0x2D25EC,sub_2D25EC,0x2FB738;0x318EE0,
FN_libARSPM_002D2608,0x2D2608,sub_2D2608,0x31BE7C,0x2D0054
FN_libARSPM_002D2780,0x2D2780,sub_2D2780,0x2F7AC0;0x2FE1D0;0x309EE8;0x30A990;0x30AB44;0x30ACCC;0x30BAC4;0x30BCD8,
FN_libARSPM_002D289C,0x2D289C,sub_2D289C,0x317D2C;0x319F58;0x31A918;0x31AD1C,
FN_libARSPM_002D2954,0x2D2954,sub_2D2954,0x2D1E80;0x2D1E80;0x2D2C98;0x2DBEA0;0x2E085C;0x2FDD54;0x2FDEA4;0x30153C;0x3155FC;0x315DE0,0x2D3090;0x2CFB5C
FN_libARSPM_002D2A90,0x2D2A90,sub_2D2A90,0x3A769C;0x3A77D0,0x2D3090
FN_libARSPM_002D2B44,0x2D2B44,sub_2D2B44,0x2E085C;0x2FD998;0x30137C;0x30153C;0x312A04;0x3155FC;0x315DE0;0x31E190;0x34712C;0x35D828,0x2D3090
FN_libARSPM_002D2BD8,0x2D2BD8,sub_2D2BD8,0x2F7AC0;0x2FE1D0;0x30137C;0x30F120;0x317D2C,0x2D3090
FN_libARSPM_002D2BF8,0x2D2BF8,sub_2D2BF8,0x324954;0x324954,
FN_libARSPM_002D2C1C,0x2D2C1C,sub_2D2C1C,0x31E820,
FN_libARSPM_002D2C98,0x2D2C98,sub_2D2C98,0x2FD998;0x301BB8;0x312A04;0x319F58;0x31E704,0x2D2954;0x2CFB5C
FN_libARSPM_002D2D60,0x2D2D60,sub_2D2D60,,0x2EF6C0
FN_libARSPM_002D2DE4,0x2D2DE4,sub_2D2DE4,0x2D3D90;0x2D3D90;0x2D3D90;0x2D40A0;0x2D40A0;0x2D40A0;0x2D40A0;0x2D40A0;0x2D40A0;0x2D40A0,
FN_libARSPM_002D3090,0x2D3090,sub_2D3090,0x2D2954;0x2D2A90;0x2D2B44;0x2D2BD8;0x30BFA4;0x30D80C;0x3C15BC;0x3C19A0;0x3C1BCC;0x3D2178,
FN_libARSPM_002D30A0,0x2D30A0,sub_2D30A0,,0x2CFCA4
FN_libARSPM_002D30D8,0x2D30D8,sub_2D30D8,0x30BFA4,0x2CFCA4;0x2CFF7C;0x2CFF98;0x2CFF60
FN_libARSPM_002D318C,0x2D318C,sub_2D318C,0x30D80C,0x2CFCA4;0x2CFF7C
FN_libARSPM_002D31EC,0x2D31EC,sub_2D31EC,0x30C798;0x3C3D94;0x3D9BA8,0x2CFCA4;0x2CFF98
FN_libARSPM_002D3248,0x2D3248,sub_2D3248,0x30BFA4,
FN_libARSPM_002D32B4,0x2D32B4,sub_2D32B4,0x2D32B4;0x2D32B4;0x2FB738;0x30A44C;0x317D2C;0x318EE0;0x31DD68,0x207B3C;0x207B3C;0x2FA3D0;0x2D39E8;0x2D09D8;0x2D32B4;0x2FA3D0;0x2D39E8;0x2D09D8;0x2D3D70
FN_libARSPM_002D39E8,0x2D39E8,sub_2D39E8,0x2D32B4;0x2D32B4;0x31A4B4;0x31AD1C;0x31AD1C;0x31AD1C,0x2FA348;0x148298;0x2D483C;0x4ECB10;0x14803C;0x148054;0x2D09D8;0x2FA1E8
FN_libARSPM_002D3AD4,0x2D3AD4,sub_2D3AD4,0x2D32B4;0x317D2C;0x317D2C;0x317D2C;0x317D2C;0x31AD1C;0x31AD1C;0x31AD1C;0x31AD1C;0x31AD1C,0x4ECB10;0x14803C;0x148054
FN_libARSPM_002D3B20,0x2D3B20,sub_2D3B20,0x2D32B4;0x317D2C,0x2FA1E8;0x4ECA80;0x2FA348;0x2D4A04;0x2FA3A0;0x4ECB10;0x14803C;0x148054;0x4ECB10;0x14803C
FN_libARSPM_002D3D24,0x2D3D24,sub_2D3D24,0x2D32B4;0x317D2C;0x318EE0;0x318EE0;0x318EE0;0x318EE0,0x4ECB10;0x14803C;0x148054
FN_libARSPM_002D3D70,0x2D3D70,sub_2D3D70,0x2D32B4;0x2D32B4,
FN_libARSPM_002D3D90,0x2D3D90,sub_2D3D90,0x2D32B4,0x2D2DE4;0x2D2DE4;0x2D2DE4;0x2CFAA0;0x2666C0
FN_libARSPM_002D40A0,0x2D40A0,sub_2D40A0,0x2D32B4;0x2D44D0,0x2D2DE4;0x2D2DE4;0x2D2DE4;0x2D2DE4;0x2D2DE4;0x2D2DE4;0x2D2DE4;0x2D2DE4;0x2D2DE4;0x2CFAA0
FN_libARSPM_002D4388,0x2D4388,sub_2D4388,0x2D32B4,
FN_libARSPM_002D449C,0x2D449C,sub_2D449C,0x2D32B4,0x1AD838
FN_libARSPM_002D44D0,0x2D44D0,sub_2D44D0,0x3BF924,0x207B3C;0x207B3C;0x145F64;0x2D40A0;0x14119C;0x1AD838;0x14119C;0x1ADC70;0x1AD854;0x3EC364
FN_libARSPM_002D483C,0x2D483C,sub_2D483C,0x2D39E8,0x2FA374;0x2FA374;0x2D48E0;0x2D09D8;0x4ECB10;0x14803C;0x148054;0x2D09D8
FN_libARSPM_002D48E0,0x2D48E0,sub_2D48E0,0x2D483C;0x2D70B8;0x2E9734;0x2E9734;0x2FB738;0x30A44C;0x3188C8;0x318AE0;0x318EE0;0x31DD68,0x2FA374;0x2FA1E8;0x2FA3A0;0x4ECB10;0x14803C;0x148054;0x4ECB10;0x14803C;0x148054;0x2D09D8
FN_libARSPM_002D4A04,0x2D4A04,sub_2D4A04,0x2D3B20,0x2FA348;0x2FA374;0x2D4AA8;0x2D09D8;0x4ECB10;0x14803C;0x148054;0x2D09D8
FN_libARSPM_002D4AA8,0x2D4AA8,sub_2D4AA8,0x2D3B20;0x2D4A04;0x2D7220;0x2FB738;0x30A44C;0x318D20;0x319C98;0x31DD68,0x2FA374;0x2FA1E8;0x2FA3A0;0x4ECB10;0x14803C;0x148054;0x4ECB10;0x14803C;0x148054;0x2D09D8
FN_libARSPM_002D4BCC,0x2D4BCC,sub_2D4BCC,0x2D4EAC,0x2FA1E0;0x2FFAEC;0x2EBBB8;0x2F94C4;0x2FFAB0;0x3060A0;0x2D5C74;0x38982C;0x2D5C74;0x4ECB10
FN_libARSPM_002D4EAC,0x2D4EAC,sub_2D4EAC,,0x2D4BCC
FN_libARSPM_002D4ED0,0x2D4ED0,sub_2D4ED0,0x3A68E0,
FN_libARSPM_002D4ED4,0x2D4ED4,sub_2D4ED4,,0x2FA1E0;0x2FFA6C;0x2D1CE4;0x3F5C90;0x306FF0;0x3898B0;0x4ECB10;0x2FA038
FN_libARSPM_002D500C,0x2D500C,sub_2D500C,,0x2FA1E0
FN_libARSPM_002D506C,0x2D506C,sub_2D506C,,0x4ECA80;0x2D2154;0x4ECB10;0x4ECB10;0x2FF980;0x3F5C14;0x2D1CC0;0x305D50;0x30601C;0x2FFBC0
FN_libARSPM_002D5468,0x2D5468,sub_2D5468,0x326330;0x3A68E0;0x3A6FC4,
FN_libARSPM_002D5474,0x2D5474,sub_2D5474,0x2D5C74;0x2EAD44,0x4ECAB0;0x136DB8;0x2D5E24;0x4ECAE0;0x136D10;0x2F969C;0x4ECB10;0x2FA038;0x4ECB10;0x2FA038
FN_libARSPM_002D5608,0x2D5608,sub_2D5608,,0x389800;0x38982C;0x300EE4;0x2D1CE4;0x389B18
FN_libARSPM_002D56A0,0x2D56A0,sub_2D56A0,0x137B24,0x2FFAEC
FN_libARSPM_002D5720,0x2D5720,sub_2D5720,0x137B24;0x1E9BE0;0x317D2C,
FN_libARSPM_002D576C,0x2D576C,sub_2D576C,0x1E9BE0,0x3A6054;0x2DBC34;0x2E9578
FN_libARSPM_002D5830,0x2D5830,sub_2D5830,0x131A10,0x2D20A4;0x2FF7A0;0x4ECB10;0x2D1DD8;0x4ECA80;0x3BCC2C;0x4ECB10;0x4ECB10;0x4ECB10;0x4ECB10
FN_libARSPM_002D5A30,0x2D5A30,sub_2D5A30,0x325E38;0x325E38;0x3C2E5C,
FN_libARSPM_002D5BB0,0x2D5BB0,sub_2D5BB0,0x318EE0,0x2D09D8;0x4ECB10
FN_libARSPM_002D5C10,0x2D5C10,sub_2D5C10,,0x2D09D8;0x4ECB10
FN_libARSPM_002D5C74,0x2D5C74,sub_2D5C74,0x2D4BCC;0x2D4BCC;0x2D506C,0x2D5474;0x2F969C;0x4ECB10;0x2FA038
FN_libARSPM_002D5D08,0x2D5D08,sub_2D5D08,,0x2D6820;0x4ECAB0;0x136DB8;0x4ECAE0;0x136D10;0x136CD8;0x4ECB10;0x2FA038;0x15661C;0x4ECAE0
FN_libARSPM_002D5E24,0x2D5E24,sub_2D5E24,0x2D5474,0x2D5F28;0x2D6098;0x2D6098;0x4ECB10;0x2FA038;0x2666F8
FN_libARSPM_002D5F28,0x2D5F28,sub_2D5F28,0x2D5E24,0x1348D0;0x4ECB10;0x2FA038;0x4ECB10;0x2FA038
FN_libARSPM_002D6098,0x2D6098,sub_2D6098,0x2D5E24;0x2D5E24,0x4ECB10;0x2FA038;0x2D6248;0x4ECB10;0x2FA038;0x4ECB10;0x2FA038;0x2666F8
FN_libARSPM_002D6248,0x2D6248,sub_2D6248,0x2D6098;0x31DBA4,0x1349B8;0x1348D0;0x4ECB10;0x2FA038;0x4ECB10;0x2FA038;0x2666F8
FN_libARSPM_002D63C4,0x2D63C4,sub_2D63C4,0x2D506C,
FN_libARSPM_002D63D0,0x2D63D0,sub_2D63D0,0x2E085C;0x391C44,0x4ECA80
FN_libARSPM_002D6538,0x2D6538,sub_2D6538,0x2D4BCC;0x2D506C,
FN_libARSPM_002D67DC,0x2D67DC,sub_2D67DC,,0x4ECAE0;0x167C58
FN_libARSPM_002D6820,0x2D6820,sub_2D6820,0x2D506C;0x2D5D08;0x31DBA4,0x4EC2E0;0x1563CC
FN_libARSPM_002D68CC,0x2D68CC,sub_2D68CC,0x31DBA4,
FN_libARSPM_002D68DC,0x2D68DC,sub_2D68DC,0x300EEC,0x31E190;0x4ECB10;0x4ECB10;0x2D69D8;0x31E99C;0x31E99C
FN_libARSPM_002D69D8,0x2D69D8,sub_2D69D8,0x2D68DC;0x2D6B50;0x2DC2C4,0x2D1D30;0x2D6D54;0x31E99C
FN_libARSPM_002D6B44,0x2D6B44,sub_2D6B44,0x2D6D54,
FN_libARSPM_002D6B50,0x2D6B50,sub_2D6B50,,0x2D0ABC;0x168168;0x4ECB10;0x1680FC;0x31E55C;0x4ECB10;0x2D69D8;0x31E99C;0x31E99C
FN_libARSPM_002D6D54,0x2D6D54,sub_2D6D54,0x2D69D8,0x2D6B44;0x14885C;0x167CB0;0x4ECA80;0x300F9C;0x30EC28;0x2DEF88;0x2DEF88;0x2D6E70
FN_libARSPM_002D6E70,0x2D6E70,sub_2D6E70,0x2D6D54,0x1D8FB8;0x26462C;0x1D93F8;0x207B3C;0x207B3C;0x325E38;0x207B3C
FN_libARSPM_002D6FB0,0x2D6FB0,sub_2D6FB0,,0x2DF094;0x31E99C;0x4ECB10
FN_libARSPM_002D7030,0x2D7030,sub_2D7030,,0x2DF094;0x31E99C;0x4ECB10;0x167CB0
FN_libARSPM_002D70B8,0x2D70B8,sub_2D70B8,,0x2FA1EC;0x2D48E0;0x2D09D8;0x317D2C;0x4ECB10;0x14803C;0x148054;0x2D09D8
FN_libARSPM_002D7220,0x2D7220,sub_2D7220,,0x2FA1EC;0x2D4AA8;0x2D09D8;0x318BA0;0x4ECB10;0x14803C;0x148054;0x2D09D8
FN_libARSPM_002D73A8,0x2D73A8,sub_2D73A8,0x2D74AC,0x18D364;0x2DCB30;0x2E16F4;0x18D3DC;0x18D3DC
FN_libARSPM_002D74AC,0x2D74AC,sub_2D74AC,,0x1756D8;0x2DCB30;0x2E16F4;0x18D3DC;0x18D2E0;0x1B9D70;0x2D73A8;0x18D3DC
FN_libARSPM_002D7674,0x2D7674,sub_2D7674,0x2DC4C0,0x2DF3E4;0x1B6898;0x1B6830;0x2DE210;0x2DE210;0x1B67D4;0x1726D8;0x18D2E0;0x33974C;0x191920
FN_libARSPM_002D7984,0x2D7984,sub_2D7984,,0x2DE210;0x2DE210
FN_libARSPM_002D7B7C,0x2D7B7C,sub_2D7B7C,,0x2DE210
FN_libARSPM_002D7BB4,0x2D7BB4,sub_2D7BB4,,0x1D8FB8;0x26462C;0x1D93F8;0x207B3C;0x207B3C;0x316028;0x31ED34;0x207B3C
FN_libARSPM_002D7D60,0x2D7D60,sub_2D7D60,,0x1D8FB8;0x26462C;0x1D93F8;0x207B3C;0x207B3C;0x316028;0x18D2E0;0x18E788;0x18EFE0;0x1DA6BC
FN_libARSPM_002D8388,0x2D8388,sub_2D8388,0x2D7D60,
FN_libARSPM_002D8398,0x2D8398,sub_2D8398,,0x2CFAA0;0x2666C0
FN_libARSPM_002D83BC,0x2D83BC,sub_2D83BC,,0x1D8FB8;0x26462C;0x1D93F8;0x207B3C;0x207B3C;0x1DA630;0x18BEF0;0x30D4C4;0x4ECB10;0x316028
FN_libARSPM_002D87D0,0x2D87D0,sub_2D87D0,,0x1D8FB8;0x26462C;0x1D93F8;0x207B3C;0x207B3C;0x315FF8;0x3142D8;0x33545C;0x1756D8;0x33545C
FN_libARSPM_002D8A58,0x2D8A58,sub_2D8A58,0x2D8F20;0x2D9ABC,0x1D8FB8;0x26462C;0x1D93F8;0x207B3C;0x207B3C;0x2F3958;0x1DA630;0x18BEF0;0x30D4C4;0x4ECB10
FN_libARSPM_002D8F20,0x2D8F20,sub_2D8F20,,0x1D8FB8;0x26462C;0x1D93F8;0x207B3C;0x207B3C;0x1DA630;0x1DA744;0x317D1C;0x2D931C;0x316028
FN_libARSPM_002D931C,0x2D931C,sub_2D931C,0x2D8F20,0x1726D8;0x1ABB3C;0x32D6D0
FN_libARSPM_002D946C,0x2D946C,sub_2D946C,0x2D8F20;0x2D975C,0x1DA630;0x18BEF0;0x30D4C4;0x4ECB10;0x20AB60;0x2666F8;0x4ECB10
FN_libARSPM_002D9564,0x2D9564,sub_2D9564,,0x18D2E0;0x1B9D70;0x2D975C;0x18D3DC;0x316028;0x1DA630;0x18BEF0;0x30D4C4;0x4ECB10;0x322AD8
FN_libARSPM_002D975C,0x2D975C,sub_2D975C,0x2D9564,0x1D8FB8;0x26462C;0x1D93F8;0x207B3C;0x207B3C;0x2D946C;0x2E3E90;0x2666F8;0x18D3DC;0x2666F8
FN_libARSPM_002D9ABC,0x2D9ABC,sub_2D9ABC,,0x1D8FB8;0x26462C;0x1D93F8;0x207B3C;0x207B3C;0x1AA7A8;0x2D8A58;0x316028;0x1DA630;0x18BEF0
FN_libARSPM_002D9D78,0x2D9D78,sub_2D9D78,,0x1D8FB8;0x26462C;0x1D93F8;0x207B3C;0x207B3C;0x148D94;0x316028;0x1DA630;0x18BEF0;0x30D4C4
FN_libARSPM_002DA05C,0x2DA05C,sub_2DA05C,0x2DA1AC,0x3155FC;0x136010;0x13536C;0x2D06F8;0x1D3574;0x2D09D8;0x4ECB10;0x4ECB10
FN_libARSPM_002DA1AC,0x2DA1AC,sub_2DA1AC,,0x168238;0x348234;0x1E4B08;0x2D06F8;0x1D3574;0x2D09D8;0x4ECB10;0x4ECB10;0x4ECB10;0x1E4928
FN_libARSPM_002DA378,0x2DA378,sub_2DA378,,0x30EC28;0x4ECA80;0x30EBAC;0x30EDAC;0x4ECB10;0x4ECB10;0x4ECB10;0x2D07A8;0x1D3574;0x2D09D8
FN_libARSPM_002DA5FC,0x2DA5FC,sub_2DA5FC,,0x30EC28;0x2FA2F0;0x2FA420;0x31A3BC;0x2D09D8;0x2D09D8;0x4ECA80;0x2D07A8;0x1D3574;0x2D09D8
FN_libARSPM_002DA798,0x2DA798,sub_2DA798,,0x1D8FB8;0x26462C;0x1D93F8;0x207B3C;0x207B3C;0x149930;0x207B3C
FN_libARSPM_002DA8D8,0x2DA8D8,sub_2DA8D8,,0x326330
FN_libARSPM_002DA944,0x2DA944,sub_2DA944,0x2DAD40,0x1D8FB8;0x26462C;0x1D93F8;0x207B3C;0x207B3C;0x145F0C;0x18B8BC;0x18C2AC;0x3169C8;0x2D0BEC
FN_libARSPM_002DAD40,0x2DAD40,sub_2DAD40,,0x168470;0x348234;0x1E4AF8;0x1E4B08;0x2D06F8;0x4ECB10;0x2DA944;0x2DC91C;0x4ECB10;0x2D09D8
FN_libARSPM_002DAEE8,0x2DAEE8,sub_2DAEE8,,0x1D8FB8;0x26462C;0x1D93F8;0x207B3C;0x207B3C;0x316A34;0x316028;0x4ECB10;0x4ECA80;0x321B50
FN_libARSPM_002DB14C,0x2DB14C,sub_2DB14C,,0x1D8FB8;0x26462C;0x1D93F8;0x207B3C;0x207B3C;0x316A34;0x316028;0x4ECB10;0x321DD8;0x207B3C
FN_libARSPM_002DB368,0x2DB368,sub_2DB368,,0x1D8FB8;0x26462C;0x1D93F8;0x207B3C;0x207B3C;0x322268;0x209264;0x207B3C
FN_libARSPM_002DB4BC,0x2DB4BC,sub_2DB4BC,,0x1D8FB8;0x26462C;0x1D93F8;0x207B3C;0x207B3C;0x316A34;0x322064;0x207B3C;0x316028
FN_libARSPM_002DB6C4,0x2DB6C4,sub_2DB6C4,,0x1D8FB8;0x26462C;0x1D93F8;0x207B3C;0x207B3C;0x1E98D8;0x14A420;0x31EB48;0x207B3C;0x1E98D8
FN_libARSPM_002DB918,0x2DB918,sub_2DB918,,0x1E98D8;0x14A420;0x1D7E30;0x3F58E0
FN_libARSPM_002DB9A8,0x2DB9A8,sub_2DB9A8,,0x3FA0F0
FN_libARSPM_002DBA28,0x2DBA28,sub_2DBA28,,0x1E98D8;0x14A420
FN_libARSPM_002DBA68,0x2DBA68,sub_2DBA68,,0x2D1CCC;0x1734FC;0x15AB20;0x174980;0x323BB4;0x1498C4
FN_libARSPM_002DBBE4,0x2DBBE4,sub_2DBBE4,0x3A6114;0x3A62E0;0x3A6760;0x3A68E0;0x3A6D6C;0x3A6FC4,0x4ECA80
FN_libARSPM_002DBC34,0x2DBC34,sub_2DBC34,0x2D576C;0x3A62E0;0x3A7288,0x4ECA80;0x30EC28;0x4ECB10
FN_libARSPM_002DBCC4,0x2DBCC4,sub_2DBCC4,0x3A6760,
FN_libARSPM_002DBCCC,0x2DBCCC,sub_2DBCCC,0x2DBEA0;0x3A7288,0x31E190;0x4ECB10;0x4ECB10;0x4ECA80;0x325AAC;0x4ECB10;0x31E99C;0x31E99C
FN_libARSPM_002DBEA0,0x2DBEA0,sub_2DBEA0,0x3A6760,0x4ECA80;0x30EC28;0x4ECB10;0x4ECA80;0x2D1CE4;0x2D2954;0x30EB7C;0x2FE1D0;0x4ECA80;0x1680FC
FN_libARSPM_002DC164,0x2DC164,sub_2DC164,0x3A66AC,
FN_libARSPM_002DC1FC,0x2DC1FC,sub_2DC1FC,0x3A66E4,0x31AD1C;0x4ECB10
FN_libARSPM_002DC2C4,0x2DC2C4,sub_2DC2C4,,0x1E98D0;0x2D0ABC;0x30EC28;0x31E704;0x4ECB10;0x167C88;0x2D69D8;0x31E99C;0x31E99C
FN_libARSPM_002DC44C,0x2DC44C,sub_2DC44C,,0x30EC28
FN_libARSPM_002DC4C0,0x2DC4C0,sub_2DC4C0,,0x1B67D4;0x2D7674;0x1756D8;0x322AD8;0x1B6994;0x1DA608
FN_libARSPM_002DC63C,0x2DC63C,sub_2DC63C,,0x2DCB30;0x2E16F4;0x18D3DC;0x18D3DC
FN_libARSPM_002DC700,0x2DC700,sub_2DC700,,0x2DCB30;0x2E16F4;0x18D3DC;0x18D3DC
FN_libARSPM_002DC7D4,0x2DC7D4,sub_2DC7D4,,0x2E12B0;0x4ECB10
FN_libARSPM_002DC830,0x2DC830,sub_2DC830,,0x169B1C;0x2E1414
FN_libARSPM_002DC8D4,0x2DC8D4,sub_2DC8D4,,0x2DE210
FN_libARSPM_002DC91C,0x2DC91C,sub_2DC91C,0x2DA944;0x2DAD40;0x2DAD40;0x323910;0x37DE8C;0x37E040;0x37E284,0x2666F8;0x2666F8;0x2666F8;0x2666F8;0x2666F8
FN_libARSPM_002DCA20,0x2DCA20,sub_2DCA20,,0x3200B4;0x4ECB10
FN_libARSPM_002DCB30,0x2DCB30,sub_2DCB30,0x2D73A8;0x2D74AC;0x2DC63C;0x2DC700;0x2E1414,0x3389B8;0x1726D8;0x173B3C;0x18D3DC
FN_libARSPM_002DCC30,0x2DCC30,sub_2DCC30,0x2DD980;0x33B77C,0x18D3DC
FN_libARSPM_002DCC74,0x2DCC74,sub_2DCC74,0x2DF888;0x2DF888,0x1756D8;0x2DCD84
FN_libARSPM_002DCD84,0x2DCD84,sub_2DCD84,0x2DCC74;0x2DD040;0x2DD140,0x339AA4;0x1727BC;0x1726D8;0x1726D8;0x3351FC;0x336CC0;0x33831C;0x174980;0x3395D8;0x173840
FN_libARSPM_002DD040,0x2DD040,sub_2DD040,0x2DE5E4;0x2DE5E4;0x2DE5E4,0x1756D8;0x2DCD84
FN_libARSPM_002DD140,0x2DD140,sub_2DD140,0x2DDEC4;0x2DDEC4;0x2DDEC4;0x2DDEC4;0x2DDEC4;0x2DDEC4,0x1727BC;0x1AC240;0x18DEFC;0x18DEFC;0x339B34;0x2DCD84;0x18E598
FN_libARSPM_002DD3FC,0x2DD3FC,sub_2DD3FC,0x2E16F4,0x339494;0x339B34;0x174980;0x1B62D8;0x1726D8;0x2DD6D0;0x1726D8;0x172690;0x172690;0x2DD6D0
FN_libARSPM_002DD6D0,0x2DD6D0,sub_2DD6D0,0x2DD3FC;0x2DD3FC;0x2DD3FC;0x2DF4A0;0x2DF888;0x2DF888;0x2EF6D0;0x2EFB68;0x317BEC,
FN_libARSPM_002DD90C,0x2DD90C,sub_2DD90C,0x2DD3FC,
FN_libARSPM_002DD980,0x2DD980,sub_2DD980,0x2DDEC4,0x1726D8;0x1726D8;0x1727BC;0x1B62D8;0x1727BC;0x1AA874;0x1AA874;0x1AC240;0x2DDE0C;0x2DDD50
FN_libARSPM_002DDD50,0x2DDD50,sub_2DDD50,0x2DD980;0x31F15C,
FN_libARSPM_002DDE0C,0x2DDE0C,sub_2DDE0C,0x2DD980;0x33B77C,0x18D3DC
FN_libARSPM_002DDE60,0x2DDE60,sub_2DDE60,0x2DD980;0x33B77C,0x18D3DC
FN_libARSPM_002DDEC4,0x2DDEC4,sub_2DDEC4,0x2DEBD0,0x1B5FF0;0x2DD140;0x2DD140;0x1B5FF0;0x2DD140;0x1B5FF0;0x2DD140;0x2DD140;0x2DD140;0x2DD980
FN_libARSPM_002DE018,0x2DE018,sub_2DE018,0x2DE994;0x2DEBD0,0x1726D8;0x1726D8
FN_libARSPM_002DE0FC,0x2DE0FC,sub_2DE0FC,0x2E085C,0x2666F8;0x3F2364;0x3F2320
FN_libARSPM_002DE210,0x2DE210,sub_2DE210,0x2D7674;0x2D7674;0x2D7984;0x2D7984;0x2D7B7C;0x2DC8D4,
FN_libARSPM_002DE338,0x2DE338,sub_2DE338,0x2DF23C;0x2E1414,
FN_libARSPM_002DE348,0x2DE348,sub_2DE348,,0x2FD4F8;0x2666F8;0x4ECB10;0x14803C;0x148054;0x2666F8;0x145AF0
FN_libARSPM_002DE47C,0x2DE47C,sub_2DE47C,0x2E12B0,0x4ECA80;0x1EB0D0;0x4ECB10;0x4ECB10;0x4ECB10;0x4ECB10;0x4ECB10
FN_libARSPM_002DE5E4,0x2DE5E4,sub_2DE5E4,0x2E16F4;0x2E16F4,0x1B5FF0;0x2DD040;0x1B5FF0;0x1B5FF0;0x2DD040;0x2DD040;0x2DE994;0x1B5FF0;0x1B5FF0;0x2DEB70
FN_libARSPM_002DE994,0x2DE994,sub_2DE994,0x2DE5E4,0x2DE018;0x18D3DC;0x145AF0;0x145CF0;0x3389B8;0x4ECA80
FN_libARSPM_002DEB70,0x2DEB70,sub_2DEB70,0x2DE5E4;0x2DE5E4,0x1B63E4
FN_libARSPM_002DEBD0,0x2DEBD0,sub_2DEBD0,0x2DE5E4,0x2DE018;0x145CF0;0x18D3DC;0x145AF0;0x2DDEC4;0x3389B8;0x4ECA80
FN_libARSPM_002DEF88,0x2DEF88,sub_2DEF88,0x2D6D54;0x2D6D54,0x145A88;0x145A88;0x145A88;0x145CF0
FN_libARSPM_002DF094,0x2DF094,sub_2DF094,0x2D6FB0;0x2D7030;0x2DF1FC,0x2FD4F8;0x2666F8;0x2E2284;0x145C28;0x145AEC;0x2E2170;0x145C28;0x145AEC;0x2E2050;0x145C28
FN_libARSPM_002DF1FC,0x2DF1FC,sub_2DF1FC,,0x2DF094
FN_libARSPM_002DF23C,0x2DF23C,sub_2DF23C,,0x2DE338;0x4ECB10;0x145AF0;0x18D3DC;0x145AF0
FN_libARSPM_002DF3E4,0x2DF3E4,sub_2DF3E4,0x2D7674,0x1B63E4
FN_libARSPM_002DF4A0,0x2DF4A0,sub_2DF4A0,,0x2DD6D0;0x1B5FF0;0x2DF6F4;0x1AA874
FN_libARSPM_002DF6F4,0x2DF6F4,sub_2DF6F4,0x2DF4A0;0x2DF888;0x2DF888;0x2DF888,0x1B5FF0;0x1B5FF0
FN_libARSPM_002DF888,0x2DF888,sub_2DF888,,0x2D1CE4;0x2DD6D0;0x1B5FF0;0x1B62D8;0x2F6F34;0x2F05AC;0x2DF6F4;0x2DF6F4;0x2E0548;0x2DF6F4
FN_libARSPM_002E0548,0x2E0548,sub_2E0548,0x2DF888;0x2DF888,0x2F1170
FN_libARSPM_002E0624,0x2E0624,sub_2E0624,0x2DF888,
FN_libARSPM_002E072C,0x2E072C,sub_2E072C,0x2DF888,0x1B5FF0;0x1B62D8
FN_libARSPM_002E07AC,0x2E07AC,sub_2E07AC,0x2DF888,
FN_libARSPM_002E085C,0x2E085C,sub_2E085C,0x2DF888,0x2FD998;0x4ECB10;0x4ECB10;0x2D1CE4;0x2D2954;0x2D1CE4;0x2D2B44;0x2FE1D0;0x1C3764;0x1348D0
FN_libARSPM_002E1174,0x2E1174,sub_2E1174,0x2DF888,0x316FA0;0x316FDC;0x317A3C;0x31798C;0x31798C;0x317B50
FN_libARSPM_002E12B0,0x2E12B0,sub_2E12B0,0x2DC7D4,0x145CF0;0x4ECA80;0x2DE47C;0x4ECB10
FN_libARSPM_002E1414,0x2E1414,sub_2E1414,0x2DC830,0x145CF0;0x4ECA80;0x145AF0;0x18D3DC;0x2DE338;0x4ECB10;0x1756D8;0x2DCB30;0x2E16F4;0x18D3DC
FN_libARSPM_002E16F4,0x2E16F4,sub_2E16F4,0x2D73A8;0x2D74AC;0x2DC63C;0x2DC700;0x2E1414,0x2DD3FC;0x145CF0;0x4ECA80;0x2DE5E4;0x4ECB10;0x145AF0;0x2DE5E4
FN_libARSPM_002E1918,0x2E1918,sub_2E1918,0x2E085C;0x2E1E80,0x1A9C10;0x3389B8;0x30CAFC;0x30CAFC;0x18D3DC
FN_libARSPM_002E1A18,0x2E1A18,sub_2E1A18,0x2E1B68,0x18D3DC;0x2666F8;0x4ECAB0;0x136DB8;0x4ECAB0;0x136CD8;0x136DB8
FN_libARSPM_002E1B68,0x2E1B68,sub_2E1B68,,0x2E1A18
FN_libARSPM_002E1B8C,0x2E1B8C,sub_2E1B8C,,0x18D3DC;0x2666F8
FN_libARSPM_002E1C34,0x2E1C34,sub_2E1C34,,0x136CD8;0x4ECAB0;0x136DB8;0x136CD8
FN_libARSPM_002E1CAC,0x2E1CAC,sub_2E1CAC,,0x4ECAB0;0x136DB8;0x136CD8;0x1C3798
FN_libARSPM_002E1D18,0x2E1D18,sub_2E1D18,0x2E085C,0x1349B8;0x1348D0;0x2666F8
FN_libARSPM_002E1E80,0x2E1E80,sub_2E1E80,,0x207B3C;0x207B3C;0x1C3764;0x157374;0x1AC8E4;0x30CCA8;0x2E1918;0x4ECAE0;0x136D10;0x1AC9F8
FN_libARSPM_002E2050,0x2E2050,sub_2E2050,0x2DF094,0x18D3DC
FN_libARSPM_002E2170,0x2E2170,sub_2E2170,0x2DF094,0x4ECB10
FN_libARSPM_002E2284,0x2E2284,sub_2E2284,0x2DF094,0x4ECB10;0x14803C;0x148054;0x2666F8
FN_libARSPM_002E23B4,0x2E23B4,sub_2E23B4,0x2E7548,
FN_libARSPM_002E23CC,0x2E23CC,sub_2E23CC,0x2E3E90,0x175418;0x33AA94;0x2E4290;0x33A920;0x2666F8;0x18D3DC;0x2666F8;0x4ECB10;0x18D3DC;0x1DA744
FN_libARSPM_002E3E90,0x2E3E90,sub_2E3E90,0x2D83BC;0x2D8A58;0x2D8F20;0x2D975C,0x316028;0x2F3958;0x33A920;0x3241D8;0x2666F8;0x18D3DC;0x2666F8;0x4ECB10;0x18D3DC;0x2E23CC
FN_libARSPM_002E4084,0x2E4084,sub_2E4084,0x2E23CC;0x2E23CC,0x1726D8;0x173B3C;0x172690;0x2D2DE4;0x30EC40;0x172A20;0x172B8C;0x331AF0;0x4ECB10;0x1756D8
FN_libARSPM_002E4290,0x2E4290,sub_2E4290,0x2E23CC;0x33AA94;0x33AA94,
FN_libARSPM_002E4298,0x2E4298,sub_2E4298,,0x2666F8;0x18D3DC;0x2666F8;0x4ECB10;0x18D3DC
FN_libARSPM_002E435C,0x2E435C,sub_2E435C,0x2E23CC,0x1726D8;0x1756F0;0x1726D8;0x173B3C;0x1756D8;0x174980;0x172690;0x2FFBC0;0x256820;0x3F2364
FN_libARSPM_002E4B0C,0x2E4B0C,sub_2E4B0C,0x2E23CC,0x2FFBC0;0x172D18;0x3F2364;0x31189C;0x331AF0;0x4ECB10;0x134F28;0x168208;0x167F28;0x135B2C
FN_libARSPM_002E563C,0x2E563C,sub_2E563C,0x2E23CC,0x2565D0;0x2666F8;0x14E8AC;0x3F2364;0x2FFBC0;0x172D18;0x312A04;0x3120E4;0x4ECB10;0x4ECB10
FN_libARSPM_002E6B20,0x2E6B20,sub_2E6B20,0x2E23CC;0x31EE7C;0x322268,0x1726D8;0x172690
FN_libARSPM_002E6B84,0x2E6B84,sub_2E6B84,0x2E23CC,
FN_libARSPM_002E6BB0,0x2E6BB0,sub_2E6BB0,0x2E23CC,0x1756D8;0x3351FC;0x3351FC;0x31FE90
FN_libARSPM_002E6C40,0x2E6C40,sub_2E6C40,0x2E435C,0x1BE2A0;0x2FCD34;0x4ECA80;0x32FC00;0x4ECB10;0x32F9B4;0x32FA3C
FN_libARSPM_002E6DB4,0x2E6DB4,sub_2E6DB4,0x2E4B0C,0x1BE2A0;0x2FCD34;0x4ECA80;0x32FC00;0x4ECB10;0x32F9B4;0x32FA3C
FN_libARSPM_002E6EF8,0x2E6EF8,sub_2E6EF8,0x2E563C,0x1BE2A0;0x2FCD34;0x4ECA80;0x32FC00;0x4ECB10;0x32F9B4;0x32FA3C
FN_libARSPM_002E705C,0x2E705C,sub_2E705C,0x2E23CC;0x2E23CC;0x2E23CC,0x16B4F8;0x1B5FF0
FN_libARSPM_002E7258,0x2E7258,sub_2E7258,0x2E23CC,0x4ECB10;0x14803C
FN_libARSPM_002E72B0,0x2E72B0,sub_2E72B0,0x2E23CC,0x148194
FN_libARSPM_002E72FC,0x2E72FC,sub_2E72FC,0x2E23CC,
FN_libARSPM_002E734C,0x2E734C,sub_2E734C,0x2E23CC,0x4ECB10;0x14803C;0x148054;0x4ECB10
FN_libARSPM_002E73C8,0x2E73C8,sub_2E73C8,0x2E23CC,0x4ECB10;0x4ECB10;0x14803C;0x148054
FN_libARSPM_002E7480,0x2E7480,sub_2E7480,0x2E23CC;0x33AA94,
FN_libARSPM_002E7488,0x2E7488,sub_2E7488,,0x2666F8;0x18D3DC;0x2666F8;0x4ECB10;0x18D3DC
FN_libARSPM_002E7548,0x2E7548,sub_2E7548,0x2E8734;0x2E8974;0x326330;0x326330,0x1E4CF8;0x2F3958;0x1734FC;0x30EC28;0x1726D8;0x174980;0x348234;0x2D07A8;0x2D0A4C;0x2D091C
FN_libARSPM_002E85A8,0x2E85A8,sub_2E85A8,0x2E7548,0x4ECA80;0x14E8AC;0x1DA608
FN_libARSPM_002E8734,0x2E8734,sub_2E8734,,0x173384;0x4ECA80;0x167D08;0x34AF98;0x167CB0;0x4ECB10;0x4ECB10;0x2E7548;0x34B390;0x4ECB10
FN_libARSPM_002E8974,0x2E8974,sub_2E8974,0x2E8B50;0x2E8B50,0x3F2954;0x172B8C;0x3F2B94;0x2E7548
FN_libARSPM_002E8B50,0x2E8B50,sub_2E8B50,,0x18C314;0x2E941C;0x348234;0x1E4CF8;0x2D2DE4;0x4ECB10;0x1E4AF8;0x1E4AF0;0x30FD20;0x1E4AF8
FN_libARSPM_002E941C,0x2E941C,sub_2E941C,0x2E8B50;0x2E8B50;0x2E8B50;0x2E8B50,0x2D07A8;0x2D0BEC;0x2D09D8;0x321928;0x4ECB10;0x4ECB10
FN_libARSPM_002E9578,0x2E9578,sub_2E9578,0x2D576C;0x317D2C;0x318EE0;0x31A4B4;0x31AD1C;0x34B578,0x1D8FB8;0x26462C;0x1D93F8;0x207B3C;0x207B3C;0x2FFAEC;0x2EBBB8;0x207B3C
FN_libARSPM_002E9734,0x2E9734,sub_2E9734,0x317D2C;0x318EE0,0x14E8AC;0x16814C;0x167E80;0x167D50;0x167CB0;0x2FA1EC;0x30153C;0x2D09D8;0x2FA1EC;0x30153C
FN_libARSPM_002EA43C,0x2EA43C,sub_2EA43C,0x317D2C,0x2EA488
FN_libARSPM_002EA488,0x2EA488,sub_2EA488,0x2E9734;0x2E9734;0x2EA43C,0x2EA864;0x2F2434;0x1D8FB8;0x1BDB54;0x1D93F8;0x1D93F8;0x4ECB10;0x2CFAA0;0x2666C0
FN_libARSPM_002EA650,0x2EA650,sub_2EA650,0x318EE0,0x2EA69C
FN_libARSPM_002EA69C,0x2EA69C,sub_2EA69C,0x2E9734;0x2EA650,0x2EA864;0x2F2434;0x1D8FB8;0x1BDB54;0x1D93F8;0x1D93F8;0x4ECB10;0x2CFAA0;0x2666C0
FN_libARSPM_002EA864,0x2EA864,sub_2EA864,0x2EA488;0x2EA69C;0x2F0944;0x2F0EA4;0x2F1030;0x2F3F74;0x2F5F00;0x2F5F00;0x2F5F00;0x345B0C,0x1BE2A0;0x2FCD34;0x4ECA80;0x32FC00;0x4ECB10;0x32FA3C
FN_libARSPM_002EA958,0x2EA958,sub_2EA958,0x2FF980,
FN_libARSPM_002EA9A4,0x2EA9A4,sub_2EA9A4,0x2FF8A0;0x2FF980;0x2FFA6C;0x2FFAB0,0x3026F0;0x2EABF4;0x2666F8;0x4ECB10;0x4ECB10;0x2666F8;0x4ECB10;0x2666F8
FN_libARSPM_002EABF4,0x2EABF4,sub_2EABF4,0x2EA9A4;0x2EAD44;0x2EAD44,0x4ECB10
FN_libARSPM_002EAD44,0x2EAD44,sub_2EAD44,0x2EBBB8;0x2ED440,0x1D8FB8;0x26462C;0x1D93F8;0x207B3C;0x207B3C;0x207B3C;0x2D5474;0x3026F0;0x2EB3FC;0x2D1CE4
FN_libARSPM_002EB3FC,0x2EB3FC,sub_2EB3FC,0x2EAD44,0x2ED4FC
FN_libARSPM_002EB520,0x2EB520,sub_2EB520,0x2EAD44,0x303258;0x304AE0;0x304CC4;0x381900;0x4ECB10;0x2ED5D4;0x4ECB10
FN_libARSPM_002EB808,0x2EB808,sub_2EB808,0x2EAD44,0x303000;0x302954;0x2FAB5C;0x2F94C4;0x303000;0x2FACC0
FN_libARSPM_002EB8FC,0x2EB8FC,sub_2EB8FC,0x2EB9DC,0x1349B8;0x1348D0;0x2666F8
FN_libARSPM_002EB9DC,0x2EB9DC,sub_2EB9DC,0x2EC328;0x2EC890;0x2ECC54;0x2ECD88;0x2ECF5C,0x2EB8FC;0x2ED6DC;0x15E650
FN_libARSPM_002EBBB8,0x2EBBB8,sub_2EBBB8,0x2D4BCC;0x2E9578;0x2ECF5C,0x2EAD44;0x2F8ED0;0x2F9038;0x2F94C4;0x2D1CE4;0x1349B8;0x1348D0;0x2666F8
FN_libARSPM_002EBEA0,0x2EBEA0,sub_2EBEA0,0x2EC890;0x302658;0x303040,0x2ED900
FN_libARSPM_002EC044,0x2EC044,sub_2EC044,,0x2ED6F0
FN_libARSPM_002EC168,0x2EC168,sub_2EC168,0x302658;0x302AB8,
FN_libARSPM_002EC240,0x2EC240,sub_2EC240,0x3251A4,
FN_libARSPM_002EC328,0x2EC328,sub_2EC328,0x3252E4,0x3026F0;0x37FD88;0x4ECB10;0x3F6804;0x1416F0;0x4ECB10;0x4ECA80;0x2EB9DC;0x4ECB10
FN_libARSPM_002EC484,0x2EC484,sub_2EC484,0x35B76C,0x3026F0;0x3027C8;0x3026F0;0x1348D0;0x2666F8;0x1349B8;0x1348D0;0x2666F8
FN_libARSPM_002EC6B0,0x2EC6B0,sub_2EC6B0,0x302AB8,0x3025B8;0x1348D0;0x2666F8;0x1349B8;0x1348D0;0x2666F8
FN_libARSPM_002EC890,0x2EC890,sub_2EC890,0x323DB0,0x4ECA80;0x3025B8;0x3027C8;0x2EBEA0;0x3026F0;0x4ECA80;0x2EB9DC;0x4ECB10;0x4ECA80;0x1348D0
FN_libARSPM_002ECC54,0x2ECC54,sub_2ECC54,0x31A918,0x3026F0;0x4ECA80;0x3025B8;0x2EB9DC;0x4ECB10;0x2D1CE4;0x302AB8;0x3026F0
FN_libARSPM_002ECD88,0x2ECD88,sub_2ECD88,0x31BE7C,0x3026F0;0x4ECA80;0x2EF1F8;0x4ECB10;0x4ECB10;0x4ECA80;0x2EB9DC;0x4ECB10;0x2D1CE4;0x302AB8
FN_libARSPM_002ECF5C,0x2ECF5C,sub_2ECF5C,0x318EE0,0x3026F0;0x2D1CE4;0x2EBBB8;0x313B3C;0x2EB9DC;0x4ECB10;0x4ECB10;0x3026F0
FN_libARSPM_002ED0B4,0x2ED0B4,sub_2ED0B4,0x317448;0x321154;0x321154;0x321154,0x3146C0;0x4ECB10;0x2666F8;0x314F2C
FN_libARSPM_002ED218,0x2ED218,sub_2ED218,0x321154,
FN_libARSPM_002ED280,0x2ED280,sub_2ED280,0x2DF888,0x3146C0;0x4ECB10;0x2666F8
FN_libARSPM_002ED360,0x2ED360,sub_2ED360,0x321154,0x3146C0;0x4ECB10;0x2666F8
FN_libARSPM_002ED440,0x2ED440,sub_2ED440,0x31F8D8;0x31FE90;0x3209CC;0x320CA0;0x321928;0x321B50;0x321DD8;0x322064;0x322268;0x323078,0x308210;0x2EAD44;0x2F94C4;0x3065A4
FN_libARSPM_002ED4FC,0x2ED4FC,sub_2ED4FC,0x2EB3FC;0x2ED4FC,0x2ED4FC
FN_libARSPM_002ED5D4,0x2ED5D4,sub_2ED5D4,0x2EB520,0x1349B8;0x1348D0;0x2666F8
FN_libARSPM_002ED6DC,0x2ED6DC,sub_2ED6DC,0x2EB9DC,0x15E638
FN_libARSPM_002ED6F0,0x2ED6F0,sub_2ED6F0,0x2EC044,
FN_libARSPM_002ED900,0x2ED900,sub_2ED900,0x2EBEA0,
FN_libARSPM_002EDA1C,0x2EDA1C,sub_2EDA1C,0x2EAD44,
FN_libARSPM_002EDAA8,0x2EDAA8,sub_2EDAA8,0x2EDF60;0x2EEB70,0x2CFAA0;0x2666C0
FN_libARSPM_002EDC94,0x2EDC94,sub_2EDC94,0x2FA71C,0x1348D0;0x2666F8
FN_libARSPM_002EDD6C,0x2EDD6C,sub_2EDD6C,0x2EDF14;0x2EF058,0x2F96DC;0x207B3C;0x207B3C;0x2F969C
FN_libARSPM_002EDEF0,0x2EDEF0,sub_2EDEF0,,0x2EF058
FN_libARSPM_002EDF14,0x2EDF14,sub_2EDF14,0x2FACC0;0x2FACC0;0x2FACC0;0x2FB31C;0x2FB31C;0x2FB31C;0x2FB388;0x2FB388;0x2FB388;0x2FB4D4,0x2EDD6C
FN_libARSPM_002EDF60,0x2EDF60,sub_2EDF60,0x2EE4D8,0x2EDAA8;0x2CFAA0;0x2666C0
FN_libARSPM_002EE074,0x2EE074,sub_2EE074,0x2FAB5C;0x2FAB5C;0x2FAB5C,0x2F96DC;0x207B3C;0x207B3C;0x2F969C;0x2EE1D8
FN_libARSPM_002EE1D8,0x2EE1D8,sub_2EE1D8,0x2EE074;0x2EE4D8,0x2F9648;0x207B3C;0x207B3C;0x2F969C
FN_libARSPM_002EE350,0x2EE350,sub_2EE350,0x2EEC70;0x2EEF30;0x2FB40C;0x2FB444;0x2FB5B0;0x2FB5E8,0x2EE4D8
FN_libARSPM_002EE4D8,0x2EE4D8,sub_2EE4D8,0x2EE350;0x2EE754,0x2EEA9C;0x2EEB70;0x2F96DC;0x207B3C;0x207B3C;0x2F969C;0x2EE1D8;0x2F9648;0x2EDF60
FN_libARSPM_002EE754,0x2EE754,sub_2EE754,0x2EEC70;0x2EEF30,0x2EE4D8;0x2F96DC;0x207B3C;0x2F969C;0x207B3C
FN_libARSPM_002EEA9C,0x2EEA9C,sub_2EEA9C,0x2EE4D8,0x1349B8;0x1348D0;0x2666F8
FN_libARSPM_002EEB70,0x2EEB70,sub_2EEB70,0x2EE4D8,0x2EDAA8;0x30B2E4;0x2CFAA0;0x2666C0
FN_libARSPM_002EEC70,0x2EEC70,sub_2EEC70,0x2FA4C4,0x1348D0;0x2666F8;0x14E918;0x2EE350;0x14E918;0x14E918;0x2EE754
FN_libARSPM_002EEE54,0x2EEE54,sub_2EEE54,0x2FA4C4,0x1348D0;0x2666F8
FN_libARSPM_002EEF30,0x2EEF30,sub_2EEF30,,0x14E918;0x2EE350;0x14E918;0x14E918;0x2EE754
FN_libARSPM_002EF034,0x2EF034,sub_2EF034,,0x2EF058
FN_libARSPM_002EF058,0x2EF058,sub_2EF058,0x2EAD44;0x2EAD44;0x2EAD44;0x2EDEF0;0x2EF034;0x2EF17C;0x2FB31C;0x2FB31C;0x2FB31C;0x2FB388,0x2EDD6C
FN_libARSPM_002EF17C,0x2EF17C,sub_2EF17C,,0x2EF058
FN_libARSPM_002EF1F8,0x2EF1F8,sub_2EF1F8,0x2ECD88,0x3025B8;0x303040;0x4ECB10
FN_libARSPM_002EF2E4,0x2EF2E4,sub_2EF2E4,,0x303DDC;0x303DDC
FN_libARSPM_002EF3C4,0x2EF3C4,sub_2EF3C4,,0x2F8844
FN_libARSPM_002EF4F4,0x2EF4F4,sub_2EF4F4,0x2EF60C,0x4ECB10;0x2666F8;0x2666F8;0x2666F8;0x4ECB10
FN_libARSPM_002EF60C,0x2EF60C,sub_2EF60C,,0x2EF4F4
FN_libARSPM_002EF640,0x2EF640,sub_2EF640,,0x4ECB10
FN_libARSPM_002EF690,0x2EF690,sub_2EF690,0x2D23C4,
FN_libARSPM_002EF69C,0x2EF69C,sub_2EF69C,0x2D24F0,
FN_libARSPM_002EF6C0,0x2EF6C0,sub_2EF6C0,0x131A10;0x131A10;0x2D2D60;0x3D2E8C,
FN_libARSPM_002EF6D0,0x2EF6D0,sub_2EF6D0,,0x2DD6D0;0x1B5FF0;0x1AA874
FN_libARSPM_002EF8BC,0x2EF8BC,sub_2EF8BC,0x317CA4,0x1B5FF0;0x1B5FF0;0x1B5FF0
FN_libARSPM_002EFB68,0x2EFB68,sub_2EFB68,,0x2DD6D0;0x1B62D8
FN_libARSPM_002EFBEC,0x2EFBEC,sub_2EFBEC,0x2EFBFC;0x3519C8;0x3519C8;0x37FA70,
FN_libARSPM_002EFBFC,0x2EFBFC,sub_2EFBFC,,0x2EFBEC
FN_libARSPM_002EFD04,0x2EFD04,sub_2EFD04,0x2FCB1C;0x351DE8;0x35D0FC;0x38067C;0x382358,0x2EFD6C
FN_libARSPM_002EFD6C,0x2EFD6C,sub_2EFD6C,0x2EFD04;0x2EFD6C;0x2FCADC,0x2EFD6C;0x167C58
FN_libARSPM_002EFDF0,0x2EFDF0,sub_2EFDF0,0x32BABC;0x33E6A0;0x34E360,
FN_libARSPM_002EFE00,0x2EFE00,sub_2EFE00,0x2EFE00;0x33D738;0x3D8BC8,0x2EFE00;0x167C58
FN_libARSPM_002EFE90,0x2EFE90,sub_2EFE90,0x2EFE90;0x33D1EC,0x2EFF5C;0x2EFE90
FN_libARSPM_002EFF5C,0x2EFF5C,sub_2EFF5C,0x2EFE90,0x1349B8;0x1348D0;0x2666F8
FN_libARSPM_002F0064,0x2F0064,sub_2F0064,0x2D11B4;0x2D1328;0x2D141C;0x2F0280;0x2F0280;0x2F0AA4;0x2F12F4;0x2F12F4;0x2F17FC;0x2F2434,0x1349B8;0x1348D0;0x2666F8;0x1349B8;0x1348D0;0x2666F8
FN_libARSPM_002F0280,0x2F0280,sub_2F0280,0x2D0F28;0x327770;0x327804;0x328290;0x328B08;0x32A020;0x32B08C;0x32B828;0x32C6B4;0x32DF28,0x2F0064;0x2F0064
FN_libARSPM_002F0340,0x2F0340,sub_2F0340,0x2F08B0;0x2F1170;0x2F1170;0x2F3F74;0x2F5F00;0x316088,0x2F04A4;0x1D8FB8;0x1BDB54;0x1D93F8;0x1D93F8;0x4ECB10;0x2CFAA0;0x2666C0
FN_libARSPM_002F04A4,0x2F04A4,sub_2F04A4,0x2F0340,0x1BE2A0;0x2FCD34;0x4ECA80;0x32FC00;0x4ECB10;0x32FA3C
FN_libARSPM_002F05AC,0x2F05AC,sub_2F05AC,0x2DF888;0x2E7548;0x2F381C,0x327904
FN_libARSPM_002F0620,0x2F0620,sub_2F0620,0x316088,0x2F0778;0x1D8FB8;0x1BDB54;0x1D93F8;0x1D93F8;0x4ECB10;0x2CFAA0;0x2666C0
FN_libARSPM_002F0778,0x2F0778,sub_2F0778,0x2F0620,0x1BE2A0;0x2FCD34;0x4ECA80;0x32FC00;0x4ECB10;0x32F9B4;0x32FA3C
FN_libARSPM_002F08B0,0x2F08B0,sub_2F08B0,0x316088;0x316088;0x328500;0x328500,0x2F0340;0x327904
FN_libARSPM_002F0944,0x2F0944,sub_2F0944,0x316088;0x39E3B4,0x2EA864;0x1D8FB8;0x1BDB54;0x1D93F8;0x1D93F8;0x4ECB10;0x2CFAA0;0x2666C0
FN_libARSPM_002F0AA4,0x2F0AA4,sub_2F0AA4,0x317D2C;0x318EE0,0x2D2DE4;0x2FCC88;0x2F0064
FN_libARSPM_002F0BC8,0x2F0BC8,sub_2F0BC8,0x316088,0x2F0D60;0x1D8FB8;0x1BDB54;0x1D93F8;0x1D93F8;0x4ECB10;0x2CFAA0;0x2666C0
FN_libARSPM_002F0D60,0x2F0D60,sub_2F0D60,0x2F0BC8,0x1BE2A0;0x2FCD34;0x4ECA80;0x32FC00;0x4ECB10;0x32F9B4;0x32FA3C
FN_libARSPM_002F0EA4,0x2F0EA4,sub_2F0EA4,0x316088,0x2EA864;0x1D8FB8;0x1BDB54;0x1D93F8;0x1D93F8;0x4ECB10;0x2CFAA0;0x2666C0
FN_libARSPM_002F1030,0x2F1030,sub_2F1030,0x2F398C,0x2EA864;0x1D8FB8;0x1BDC14;0x1D93F8;0x1D93F8;0x4ECB10;0x2CFAA0;0x2666C0
FN_libARSPM_002F1170,0x2F1170,sub_2F1170,0x2E0548,0x2FD050;0x2F0340;0x2F0340;0x2F12F4;0x2F12F4
FN_libARSPM_002F12F4,0x2F12F4,sub_2F12F4,0x2F1170;0x2F1170,0x2FCC88;0x2F0064;0x2F0064
FN_libARSPM_002F13E0,0x2F13E0,sub_2F13E0,0x2F5F00;0x2F5F00;0x31AD1C;0x31AD1C;0x31AD1C,0x2F1614;0x1D8FB8;0x1BDB54;0x1D93F8;0x1D93F8;0x4ECB10;0x2CFAA0;0x2666C0
FN_libARSPM_002F1614,0x2F1614,sub_2F1614,0x2F13E0,0x1BE2A0;0x2FCD34;0x4ECA80;0x32FC00;0x4ECB10;0x32FA3C
FN_libARSPM_002F17A0,0x2F17A0,sub_2F17A0,0x316088,0x2FCC88
FN_libARSPM_002F17FC,0x2F17FC,sub_2F17FC,0x2E085C;0x2E435C;0x2F3F74;0x2F3F74,0x2FCC88;0x2F0064
FN_libARSPM_002F18B4,0x2F18B4,sub_2F18B4,0x2DF888;0x32D6D0;0x32D6D0;0x32D6D0,0x2F1AD0;0x327904;0x1D8FB8;0x1BDBB4;0x1D93F8;0x1D93F8;0x4ECB10;0x2CFAA0;0x2666C0
FN_libARSPM_002F1AD0,0x2F1AD0,sub_2F1AD0,0x2F18B4,0x1BE2A0;0x2FCD34;0x4ECA80;0x32FC00;0x4ECB10;0x32FA3C
FN_libARSPM_002F1BFC,0x2F1BFC,sub_2F1BFC,0x32F5EC,0x2F1E80;0x327904;0x1D8FB8;0x1BDBB4;0x1D93F8;0x1D93F8;0x4ECB10;0x2CFAA0;0x2666C0
FN_libARSPM_002F1E80,0x2F1E80,sub_2F1E80,0x2F1BFC,0x1BE2A0;0x2FCD34;0x4ECA80;0x32FC00;0x4ECB10;0x32FA3C
FN_libARSPM_002F1FAC,0x2F1FAC,sub_2F1FAC,0x32F5EC,0x2F22DC;0x327904;0x1D8FB8;0x1BDBB4;0x1D93F8;0x1D93F8;0x4ECB10;0x2CFAA0;0x2666C0
FN_libARSPM_002F22DC,0x2F22DC,sub_2F22DC,0x2F1FAC,0x1BE2A0;0x2FCD34;0x4ECA80;0x32FC00;0x4ECB10;0x32FA3C
FN_libARSPM_002F2434,0x2F2434,sub_2F2434,0x2EA488;0x2EA69C,0x2FCC88;0x2F0064
FN_libARSPM_002F24F0,0x2F24F0,sub_2F24F0,0x2D18F4;0x2F2ADC;0x2F2EC0;0x2F2EC0;0x2F33F8;0x2F36F8;0x326950;0x326950;0x326950;0x326950,0x1DA35C;0x1DA048;0x33DEA8;0x1DA048;0x1DA048
FN_libARSPM_002F2620,0x2F2620,sub_2F2620,0x32BA0C,0x1D8FB8;0x3435C0;0x1D93F8;0x1DA35C;0x1DA048;0x33DEA8;0x1DA048;0x1D99C4;0x1D93F8;0x1D93F8
FN_libARSPM_002F27E8,0x2F27E8,sub_2F27E8,,0x2666F8
FN_libARSPM_002F2874,0x2F2874,sub_2F2874,,0x2FCC88;0x2F0064
FN_libARSPM_002F29B8,0x2F29B8,sub_2F29B8,,0x1D8FA8
FN_libARSPM_002F2A54,0x2F2A54,sub_2F2A54,,0x2666F8;0x1D93F8
FN_libARSPM_002F2ADC,0x2F2ADC,sub_2F2ADC,,0x2F24F0;0x3F2580;0x2D1B70;0x1D93F8;0x1D93F8
FN_libARSPM_002F2B74,0x2F2B74,sub_2F2B74,,0x2666F8
FN_libARSPM_002F2C00,0x2F2C00,sub_2F2C00,,0x2FCC88;0x2F2D40
FN_libARSPM_002F2CD4,0x2F2CD4,sub_2F2CD4,,0x1D8FA8
FN_libARSPM_002F2D40,0x2F2D40,sub_2F2D40,0x2F2C00,0x2F0064;0x2F0064
FN_libARSPM_002F2E38,0x2F2E38,sub_2F2E38,,0x2666F8;0x1D93F8
FN_libARSPM_002F2EC0,0x2F2EC0,sub_2F2EC0,,0x2F24F0;0x2F24F0;0x1D95B8;0x1D93F8;0x2D1B70;0x1D93F8
FN_libARSPM_002F2F70,0x2F2F70,sub_2F2F70,,0x2666F8
FN_libARSPM_002F2FFC,0x2F2FFC,sub_2F2FFC,,0x2FCC88
FN_libARSPM_002F3058,0x2F3058,sub_2F3058,,0x1D8FA8
FN_libARSPM_002F30C4,0x2F30C4,sub_2F30C4,,0x2666F8;0x1D93F8
FN_libARSPM_002F3194,0x2F3194,sub_2F3194,,0x2666F8
FN_libARSPM_002F3220,0x2F3220,sub_2F3220,,0x2FCC88;0x2F0064
FN_libARSPM_002F3304,0x2F3304,sub_2F3304,,0x1D8FA8
FN_libARSPM_002F3370,0x2F3370,sub_2F3370,,0x2666F8;0x1D93F8
FN_libARSPM_002F33F8,0x2F33F8,sub_2F33F8,,0x2F24F0;0x2D1B70;0x1D93F8
FN_libARSPM_002F3464,0x2F3464,sub_2F3464,,0x2666F8
FN_libARSPM_002F34F0,0x2F34F0,sub_2F34F0,,0x2FCC88;0x2F0064
FN_libARSPM_002F3604,0x2F3604,sub_2F3604,,0x1D8FA8
FN_libARSPM_002F3670,0x2F3670,sub_2F3670,,0x2666F8;0x1D93F8
FN_libARSPM_002F36F8,0x2F36F8,sub_2F36F8,,0x2F24F0;0x2D1B70;0x1D93F8
FN_libARSPM_002F37C8,0x2F37C8,sub_2F37C8,,0x167C58
FN_libARSPM_002F381C,0x2F381C,sub_2F381C,0x316088,0x4ECA80;0x1F3874;0x2F3F74;0x4ECB10;0x1F3874;0x2F3F74;0x2F05AC
FN_libARSPM_002F3958,0x2F3958,sub_2F3958,0x2D8A58;0x2E3E90;0x2E7548,
FN_libARSPM_002F398C,0x2F398C,sub_2F398C,0x2F3F74;0x2F5F00;0x2F6BB0,0x1BD060;0x1756D8;0x1F3874;0x1BC884;0x2F3F74;0x1BC94C;0x2F5F00;0x1BCA10;0x2F1030;0x2F6BB0
FN_libARSPM_002F3F74,0x2F3F74,sub_2F3F74,0x2F381C;0x2F381C;0x2F398C;0x2F3F74;0x2F3F74;0x2F3F74;0x2F3F74;0x2F3F74;0x2F3F74;0x2F3F74,0x146800;0x2D0B00;0x2D0B00;0x4ECA80;0x4ECB10;0x1734FC;0x2D1CE4;0x21CAB0;0x167EC8;0x167D50
FN_libARSPM_002F5F00,0x2F5F00,sub_2F5F00,0x2F398C;0x2F3F74;0x2F5F00;0x2F5F00;0x2F5F00;0x316088,0x2D0ABC;0x224828;0x4ECA80;0x2D06F8;0x4ECB10;0x4ECA80;0x2D06F8;0x4ECB10;0x4ECA80;0x2D141C
FN_libARSPM_002F6BB0,0x2F6BB0,sub_2F6BB0,0x2F398C;0x316088;0x316088;0x316088,0x327904;0x2D1CE4;0x4ECA80;0x1BCCE0;0x4ECB10;0x4ECA80;0x4ECA80;0x2D0B00;0x1BC1D8;0x4ECB10
FN_libARSPM_002F6F34,0x2F6F34,sub_2F6F34,0x2DF888;0x2E7548;0x316088,0x1F3874;0x2F3F74
FN_libARSPM_002F6F88,0x2F6F88,sub_2F6F88,0x2F3F74,0x1BE2A0;0x2FCD34;0x4ECA80;0x32FC00;0x4ECB10;0x32F9B4;0x32FA3C
FN_libARSPM_002F70CC,0x2F70CC,sub_2F70CC,0x2F3F74,0x1BE2A0;0x2FCD34;0x4ECA80;0x32FC00;0x4ECB10;0x32FA3C
FN_libARSPM_002F71D4,0x2F71D4,sub_2F71D4,0x2F3F74,0x1BE2A0;0x2FCD34;0x4ECA80;0x32FC00;0x4ECB10;0x32FA3C
FN_libARSPM_002F72E8,0x2F72E8,sub_2F72E8,0x2F3F74,0x1BE2A0;0x2FCD34;0x4ECA80;0x32FC00;0x4ECB10;0x32FA3C
FN_libARSPM_002F7490,0x2F7490,sub_2F7490,0x2F3F74,0x1BE2A0;0x2FCD34;0x4ECA80;0x32FC00;0x4ECB10;0x32FA3C
FN_libARSPM_002F75D4,0x2F75D4,sub_2F75D4,0x2F3F74,0x168208;0x167F28;0x135D80;0x1361AC;0x16814C;0x167DE0;0x167CB0;0x167F28;0x135D80;0x1361AC
FN_libARSPM_002F76CC,0x2F76CC,sub_2F76CC,0x2F3F74,0x1756D8;0x331BEC;0x4ECB10;0x1756D8;0x331BEC;0x4ECB10;0x2FCC88;0x2F0064;0x2F0064
FN_libARSPM_002F7904,0x2F7904,sub_2F7904,0x3BCDA0,
FN_libARSPM_002F7944,0x2F7944,sub_2F7944,,0x2666F8;0x268600;0x4ECB10
FN_libARSPM_002F7A1C,0x2F7A1C,sub_2F7A1C,0x3BCDA0,0x4ECB10;0x26852C;0x268600
FN_libARSPM_002F7ABC,0x2F7ABC,sub_2F7ABC,0x3BD68C,
FN_libARSPM_002F7AC0,0x2F7AC0,sub_2F7AC0,0x2F7C74;0x2F7D24;0x2F7D24,0x2D2BD8;0x2D2780;0x2FA080
FN_libARSPM_002F7C74,0x2F7C74,sub_2F7C74,0x30AB44;0x30ACCC,0x2F7AC0
FN_libARSPM_002F7D24,0x2F7D24,sub_2F7D24,0x309EE8,0x207B3C;0x207B3C;0x2F808C;0x2F7AC0;0x2F81C0;0x2F7AC0;0x30EFAC;0x207B3C;0x4ECB10;0x2FA038
FN_libARSPM_002F808C,0x2F808C,sub_2F808C,0x2F7D24;0x2F81C0;0x2F81C0,
FN_libARSPM_002F81C0,0x2F81C0,sub_2F81C0,0x2F7D24;0x2FB738;0x30A284;0x313F38,0x207B3C;0x207B3C;0x2F808C;0x2F808C;0x30EF94;0x207B3C;0x30EFAC;0x2D0518;0x2D0518;0x2D0678
FN_libARSPM_002F86D4,0x2F86D4,sub_2F86D4,0x30B000;0x30B19C;0x30B2E4;0x30B2E4;0x30B4AC,0x207B3C;0x207B3C;0x2FA080;0x207B3C
FN_libARSPM_002F8844,0x2F8844,sub_2F8844,0x2EF3C4,0x207B3C;0x207B3C;0x207B3C
FN_libARSPM_002F89C8,0x2F89C8,sub_2F89C8,0x317D2C,0x207B3C;0x207B3C;0x207B3C
FN_libARSPM_002F8C3C,0x2F8C3C,sub_2F8C3C,0x3C5ADC;0x3C610C;0x3C6358,
FN_libARSPM_002F8CB8,0x2F8CB8,sub_2F8CB8,0x313628,0x207B3C;0x207B3C;0x4ECB10;0x2FA038;0x207B3C
FN_libARSPM_002F8ED0,0x2F8ED0,sub_2F8ED0,0x2EBBB8;0x31100C,0x207B3C;0x207B3C;0x30EFAC;0x207B3C
FN_libARSPM_002F9038,0x2F9038,sub_2F9038,0x2EBBB8;0x31100C;0x35F12C,
FN_libARSPM_002F9094,0x2F9094,sub_2F9094,0x2EAD44;0x2EAD44,0x207B3C;0x207B3C;0x2F93BC;0x207B3C;0x30BE30;0x30BE0C
FN_libARSPM_002F93BC,0x2F93BC,sub_2F93BC,0x2F9094,0x1349B8;0x1348D0;0x2666F8
FN_libARSPM_002F94A8,0x2F94A8,sub_2F94A8,0x381274,
FN_libARSPM_002F94C4,0x2F94C4,sub_2F94C4,0x2D4BCC;0x2EB808;0x2EBBB8;0x2ED440,0x30CE68;0x30C818
FN_libARSPM_002F9588,0x2F9588,sub_2F9588,0x3BCDA0,
FN_libARSPM_002F95F0,0x2F95F0,sub_2F95F0,0x3D3AE4,0x2F9A28
FN_libARSPM_002F9648,0x2F9648,sub_2F9648,0x2EE1D8;0x2EE4D8;0x30B19C;0x30B4AC;0x31D0B4;0x3A3144,
FN_libARSPM_002F969C,0x2F969C,sub_2F969C,0x2D5474;0x2D5C74;0x2EDD6C;0x2EE074;0x2EE1D8;0x2EE4D8;0x2EE754;0x30B19C;0x30B4AC;0x30C818,
FN_libARSPM_002F96DC,0x2F96DC,sub_2F96DC,0x2EDD6C;0x2EE074;0x2EE4D8;0x2EE754;0x30B19C,
FN_libARSPM_002F96EC,0x2F96EC,sub_2F96EC,0x30B2E4;0x30B2E4,
FN_libARSPM_002F9714,0x2F9714,sub_2F9714,0x30B000;0x30B0DC;0x30B19C;0x30B4AC;0x3A3234;0x3C65C8;0x3C7C7C;0x3D4098,
FN_libARSPM_002F9780,0x2F9780,sub_2F9780,0x30B2E4,0x2666F8;0x3F2364;0x3F22DC
FN_libARSPM_002F983C,0x2F983C,sub_2F983C,,0x2666F8;0x3F2364;0x3F22DC
FN_libARSPM_002F9944,0x2F9944,sub_2F9944,,0x4ECA80
FN_libARSPM_002F9960,0x2F9960,sub_2F9960,,0x4ECB10
FN_libARSPM_002F99B8,0x2F99B8,sub_2F99B8,,0x4ECA80
FN_libARSPM_002F99D4,0x2F99D4,sub_2F99D4,,0x4ECB10
FN_libARSPM_002F9A28,0x2F9A28,sub_2F9A28,0x2F95F0;0x3D32DC;0x3D35FC;0x3D97A4;0x3D9A10;0x3DA9C0;0x3DAB64;0x3DBA54;0x3DBB90,0x4ECA80;0x178340
FN_libARSPM_002F9B30,0x2F9B30,sub_2F9B30,0x30DB84;0x30DC84,0x4ECA80
FN_libARSPM_002F9B60,0x2F9B60,sub_2F9B60,0x3D32DC;0x3D35FC;0x3D3AE4;0x3D3AE4;0x3D9A10;0x3DA9C0;0x3DBA54,
FN_libARSPM_002F9BA4,0x2F9BA4,sub_2F9BA4,0x3D97A4;0x3DAB64;0x3DBB90,
FN_libARSPM_002F9BD0,0x2F9BD0,sub_2F9BD0,0x3D39A4;0x3D4480;0x3D44D4;0x3DA6D8;0x3DA850;0x3DB680;0x3DB7D0;0x3DC0A4,0x4ECB10;0x14803C;0x148054;0x2666F8
FN_libARSPM_002F9C68,0x2F9C68,sub_2F9C68,0x3060A0;0x3060A0;0x3065A4;0x3065A4;0x307460;0x3078A8;0x307D9C,0x306C5C
FN_libARSPM_002F9CA8,0x2F9CA8,sub_2F9CA8,0x306FF0;0x306FF0,0x306C5C
FN_libARSPM_002F9D00,0x2F9D00,sub_2F9D00,,0x1D8FB8;0x1D9D84;0x2F9DB8;0x1D93F8
FN_libARSPM_002F9DB8,0x2F9DB8,sub_2F9DB8,0x2F9D00;0x3DA4A8;0x3DB49C,
FN_libARSPM_002F9F2C,0x2F9F2C,sub_2F9F2C,0x3DA4A8;0x3DB49C,0x1D8FB8
FN_libARSPM_002F9F68,0x2F9F68,sub_2F9F68,0x306C5C;0x306C5C;0x307180;0x307460;0x3078A8;0x3078A8;0x3078A8;0x3078A8;0x3078A8,
FN_libARSPM_002F9FAC,0x2F9FAC,sub_2F9FAC,0x3060A0;0x3060A0;0x3065A4;0x3065A4;0x306FF0;0x306FF0;0x307180;0x307460;0x3078A8;0x3078A8,
FN_libARSPM_002F9FBC,0x2F9FBC,sub_2F9FBC,0x3060A0;0x3060A0;0x3065A4;0x3065A4;0x306FF0;0x306FF0;0x307180;0x307460;0x3078A8;0x3078A8,
FN_libARSPM_002F9FD0,0x2F9FD0,sub_2F9FD0,0x30D8AC;0x30F604;0x30F728;0x3D9DD0,
FN_libARSPM_002F9FE8,0x2F9FE8,sub_2F9FE8,0x2FE9C0,
FN_libARSPM_002FA004,0x2FA004,sub_2FA004,0x30B000;0x30B19C;0x30B4AC;0x30B740;0x30BAC4;0x30FD44,
FN_libARSPM_002FA038,0x2FA038,sub_2FA038,0x178694;0x2D4BCC;0x2D4BCC;0x2D4ED4;0x2D506C;0x2D506C;0x2D5474;0x2D5474;0x2D5C74;0x2D5D08,
FN_libARSPM_002FA080,0x2FA080,sub_2FA080,0x2F7AC0;0x2F86D4,
FN_libARSPM_002FA088,0x2FA088,sub_2FA088,,0x307390;0x2666F8
FN_libARSPM_002FA0D8,0x2FA0D8,sub_2FA0D8,0x304280,
FN_libARSPM_002FA104,0x2FA104,sub_2FA104,0x309EE8;0x30ACCC,
FN_libARSPM_002FA140,0x2FA140,sub_2FA140,0x2FF7A0,0x2D1BE4;0x4ECB10;0x2D1DD8
FN_libARSPM_002FA1B4,0x2FA1B4,sub_2FA1B4,,0x2D1C08
FN_libARSPM_002FA1D8,0x2FA1D8,sub_2FA1D8,0x2FFA6C,
FN_libARSPM_002FA1E0,0x2FA1E0,sub_2FA1E0,0x2D4BCC;0x2D4ED4;0x2D500C,
FN_libARSPM_002FA1E8,0x2FA1E8,sub_2FA1E8,0x2D39E8;0x2D3B20;0x2D48E0;0x2D4AA8;0x317D2C;0x317D2C;0x3188C8;0x318D20,
FN_libARSPM_002FA1EC,0x2FA1EC,sub_2FA1EC,0x2D70B8;0x2D7220;0x2E9734;0x2E9734;0x2E9734;0x2E9734;0x319F58;0x31A4B4;0x31AD1C;0x31AD1C,0x2D07A8
FN_libARSPM_002FA218,0x2FA218,sub_2FA218,0x31DD68;0x31DD68,0x2D06F8;0x4ECB10
FN_libARSPM_002FA288,0x2FA288,sub_2FA288,0x161074;0x2FB738;0x2FB738;0x301860;0x30A44C;0x30A44C;0x30E380;0x317D2C;0x317D2C;0x318EE0,0x2D06F8;0x4ECB10
FN_libARSPM_002FA2F0,0x2FA2F0,sub_2FA2F0,0x2DA5FC;0x31C16C,0x2D08BC
FN_libARSPM_002FA31C,0x2FA31C,sub_2FA31C,0x34B7D8,0x2D08BC
FN_libARSPM_002FA348,0x2FA348,sub_2FA348,0x161074;0x2D39E8;0x2D3B20;0x2D3B20;0x2D3B20;0x2D4A04;0x2E9734;0x2E9734;0x2E9734;0x2E9734,0x2D08BC
FN_libARSPM_002FA374,0x2FA374,sub_2FA374,0x2D483C;0x2D483C;0x2D48E0;0x2D4A04;0x2D4AA8;0x31C16C,0x2D08BC
FN_libARSPM_002FA3A0,0x2FA3A0,sub_2FA3A0,0x2D3B20;0x2D3B20;0x2D48E0;0x2D4AA8;0x301BB8;0x317D2C;0x318A20;0x318BA0;0x318E78,0x2D091C
FN_libARSPM_002FA3D0,0x2FA3D0,sub_2FA3D0,0x2D32B4;0x2D32B4;0x301BB8;0x317D2C;0x318EE0;0x318EE0,0x2D0A4C;0x2D08BC;0x2D09D8
FN_libARSPM_002FA41C,0x2FA41C,sub_2FA41C,0x30153C;0x301BB8,
FN_libARSPM_002FA420,0x2FA420,sub_2FA420,0x2DA5FC;0x3188C8;0x318D20,0x2D0ABC;0x2D06F8;0x4ECB10;0x4ECB10
FN_libARSPM_002FA4C4,0x2FA4C4,sub_2FA4C4,0x2EAD44,0x1414E4;0x2EEC70;0x2EEE54;0x2FA71C
FN_libARSPM_002FA71C,0x2FA71C,sub_2FA71C,0x2FA4C4,0x2EDC94
FN_libARSPM_002FA7E0,0x2FA7E0,sub_2FA7E0,0x36AB64;0x36AB64;0x372510;0x37D69C;0x37D778;0x3833A8;0x3833A8;0x39653C;0x397408;0x39E17C,
FN_libARSPM_002FA804,0x2FA804,sub_2FA804,,0x2FD1B8;0x2FBF3C;0x2FC034;0x2FC04C;0x2FA9C8
FN_libARSPM_002FA9C8,0x2FA9C8,sub_2FA9C8,0x2FA804;0x34EE68;0x352898;0x352898;0x358090;0x368584;0x37E61C;0x3887A4,0x2FC08C;0x2FC370;0x2FC08C;0x2FC128;0x2FC1A4
FN_libARSPM_002FAB5C,0x2FAB5C,sub_2FAB5C,0x2EB808,0x2EE074;0x2EE074;0x2EE074;0x167C58;0x167C58
FN_libARSPM_002FACC0,0x2FACC0,sub_2FACC0,0x2EAD44;0x2EB808,0x2EDF14;0x2EDF14;0x2EDF14;0x1415F4
FN_libARSPM_002FAD10,0x2FAD10,sub_2FAD10,,0x2FBA94
FN_libARSPM_002FAE00,0x2FAE00,sub_2FAE00,0x30FBBC,0x2FBC24
FN_libARSPM_002FAEDC,0x2FAEDC,sub_2FAEDC,,0x141420;0x141288;0x4ECA80
FN_libARSPM_002FAFEC,0x2FAFEC,sub_2FAFEC,,0x141420;0x141288;0x4ECA80
FN_libARSPM_002FB174,0x2FB174,sub_2FB174,0x36AB64;0x37D69C;0x37D778;0x3833A8;0x39653C;0x397408;0x39E17C,
FN_libARSPM_002FB31C,0x2FB31C,sub_2FB31C,,0x2EDF14;0x2EDF14;0x2EDF14;0x1415F4;0x2EF058;0x2EF058;0x2EF058
FN_libARSPM_002FB388,0x2FB388,sub_2FB388,,0x2EDF14;0x2EDF14;0x2EDF14;0x1415F4;0x2EF058;0x2EF058;0x2EF058;0x1416F0
FN_libARSPM_002FB40C,0x2FB40C,sub_2FB40C,,0x2EE350
FN_libARSPM_002FB444,0x2FB444,sub_2FB444,,0x2EE350
FN_libARSPM_002FB4D4,0x2FB4D4,sub_2FB4D4,,0x2EDF14;0x2EDF14;0x2EDF14;0x1415F4;0x2EF058;0x2EF058;0x2EF058
FN_libARSPM_002FB53C,0x2FB53C,sub_2FB53C,,0x2EDF14;0x2EDF14;0x2EDF14;0x1415F4;0x2EF058;0x2EF058;0x2EF058;0x1416F0
FN_libARSPM_002FB5B0,0x2FB5B0,sub_2FB5B0,,0x2EE350
FN_libARSPM_002FB5E8,0x2FB5E8,sub_2FB5E8,,0x2EE350
FN_libARSPM_002FB6B4,0x2FB6B4,sub_2FB6B4,,0x2EF058
FN_libARSPM_002FB738,0x2FB738,sub_2FB738,,0x2D25EC;0x2FA288;0x4ECB10;0x2FA288;0x4ECB10;0x2FA348;0x2FA348;0x2D48E0;0x2D09D8;0x2FA348
FN_libARSPM_002FBA94,0x2FBA94,sub_2FBA94,0x2FAD10,0x141420;0x141288
FN_libARSPM_002FBC24,0x2FBC24,sub_2FBC24,0x2FAE00,0x141420;0x141288
FN_libARSPM_002FBDAC,0x2FBDAC,sub_2FBDAC,,0x4ECB10
FN_libARSPM_002FBE34,0x2FBE34,sub_2FBE34,0x381274,
FN_libARSPM_002FBE48,0x2FBE48,sub_2FBE48,0x381274,
FN_libARSPM_002FBEC0,0x2FBEC0,sub_2FBEC0,0x36465C,
FN_libARSPM_002FBEE8,0x2FBEE8,sub_2FBEE8,0x36FA10,
FN_libARSPM_002FBF3C,0x2FBF3C,sub_2FBF3C,0x2FA804;0x34EE68;0x352898;0x352898;0x352898;0x358090;0x36526C;0x368584;0x36A338;0x36AE80,0x2FCA7C
FN_libARSPM_002FC034,0x2FC034,sub_2FC034,0x2FA804;0x34EE68;0x352898;0x352898;0x352898;0x358090;0x36526C;0x368584;0x36A338;0x36AE80,
FN_libARSPM_002FC04C,0x2FC04C,sub_2FC04C,0x2FA804;0x34EE68;0x352898;0x352898;0x352898;0x358090;0x36526C;0x368584;0x36A338;0x36AE80,
FN_libARSPM_002FC08C,0x2FC08C,sub_2FC08C,0x2FA9C8;0x2FA9C8;0x36AE80;0x3702A8;0x372510;0x383B8C;0x383B8C;0x397770;0x3A07F0;0x3AA5EC,
FN_libARSPM_002FC128,0x2FC128,sub_2FC128,0x2FA9C8;0x383B8C;0x397770,
FN_libARSPM_002FC1A4,0x2FC1A4,sub_2FC1A4,0x2FA9C8,
FN_libARSPM_002FC240,0x2FC240,sub_2FC240,0x36AE80;0x383B8C;0x3AA72C;0x3B1F68,
FN_libARSPM_002FC2D4,0x2FC2D4,sub_2FC2D4,0x3702A8;0x3AA5EC;0x3ABB60,
FN_libARSPM_002FC370,0x2FC370,sub_2FC370,0x2FA9C8,
FN_libARSPM_002FC460,0x2FC460,sub_2FC460,0x3916EC;0x3916EC;0x3916EC;0x391C44,
FN_libARSPM_002FC54C,0x2FC54C,sub_2FC54C,0x255BCC;0x2562C0;0x3255B0;0x325E38,0x32CBCC
FN_libARSPM_002FC588,0x2FC588,sub_2FC588,0x2E23CC;0x2E23CC,0x328F94
FN_libARSPM_002FC5C8,0x2FC5C8,sub_2FC5C8,0x31F15C,0x32CBCC;0x32CBCC
FN_libARSPM_002FC708,0x2FC708,sub_2FC708,0x2FC87C;0x3A7E44,0x4ECA80;0x4ECB10
FN_libARSPM_002FC87C,0x2FC87C,sub_2FC87C,0x36A72C;0x37D534;0x3A9520,0x2FC708;0x2666F8
FN_libARSPM_002FCA7C,0x2FCA7C,sub_2FCA7C,0x2FBF3C,
FN_libARSPM_002FCA84,0x2FCA84,sub_2FCA84,,0x32CEF4
FN_libARSPM_002FCAD4,0x2FCAD4,sub_2FCAD4,0x3D8DC0,
FN_libARSPM_002FCADC,0x2FCADC,sub_2FCADC,,0x2EFD6C
FN_libARSPM_002FCB1C,0x2FCB1C,sub_2FCB1C,0x3524F0;0x3524F0;0x37E3BC;0x3885E8;0x3A046C,0x2EFD04;0x167C58
FN_libARSPM_002FCBA8,0x2FCBA8,sub_2FCBA8,0x3D8BC8,0x30EBAC
FN_libARSPM_002FCC88,0x2FCC88,sub_2FCC88,0x2D0F28;0x2D11B4;0x2D1328;0x2D141C;0x2F0AA4;0x2F12F4;0x2F17A0;0x2F17FC;0x2F2434;0x2F2874,0x4ECA20;0x264710;0x2FCF64;0x2FCED4;0x2FCE98
FN_libARSPM_002FCD34,0x2FCD34,sub_2FCD34,0x2E6C40;0x2E6DB4;0x2E6EF8;0x2EA864;0x2F04A4;0x2F0778;0x2F0D60;0x2F1614;0x2F1AD0;0x2F1E80,0x4ECA20;0x264710;0x2FCF64;0x2FCED4;0x2FCE98
FN_libARSPM_002FCDEC,0x2FCDEC,sub_2FCDEC,,0x4ECA20;0x264710;0x2FD014;0x2FCED4;0x2FCE98
FN_libARSPM_002FCE98,0x2FCE98,sub_2FCE98,0x2FCC88;0x2FCD34;0x2FCDEC,0x2FCF40
FN_libARSPM_002FCED4,0x2FCED4,sub_2FCED4,0x2FCC88;0x2FCD34;0x2FCDEC,0x145A88
FN_libARSPM_002FCF40,0x2FCF40,sub_2FCF40,0x2FCE98,0x145C28
FN_libARSPM_002FCF64,0x2FCF64,sub_2FCF64,0x2FCC88;0x2FCD34,0x145CF0;0x2CFAA0;0x2666C0
FN_libARSPM_002FD014,0x2FD014,sub_2FD014,0x2FCDEC,
FN_libARSPM_002FD050,0x2FD050,sub_2FD050,0x2F1170;0x351B14,
FN_libARSPM_002FD194,0x2FD194,sub_2FD194,0x351B14,
FN_libARSPM_002FD1B8,0x2FD1B8,sub_2FD1B8,0x2FA804;0x36A72C;0x37D910;0x37DA0C;0x37DAF0;0x382DF4;0x382DF4;0x396158;0x396158;0x39694C,0x30EC28;0x2CFB5C;0x30EC28;0x30EC28;0x30EBAC;0x30EC28;0x30EC28
FN_libARSPM_002FD300,0x2FD300,sub_2FD300,0x2FF7A0,
FN_libARSPM_002FD30C,0x2FD30C,sub_2FD30C,0x2FF7A0;0x2FF8A0,
FN_libARSPM_002FD380,0x2FD380,sub_2FD380,0x2E085C;0x2F3F74;0x3155FC;0x3155FC;0x3155FC;0x3155FC;0x348140;0x348E40;0x391C44,0x30FD44;0x2FED8C;0x2FEECC
FN_libARSPM_002FD424,0x2FD424,sub_2FD424,0x30F604;0x30F728,0x30FD44;0x2FED8C;0x2FEECC
FN_libARSPM_002FD494,0x2FD494,sub_2FD494,0x3155FC;0x34712C,
FN_libARSPM_002FD4F8,0x2FD4F8,sub_2FD4F8,0x2DE348;0x2DF094;0x3065A4;0x30F89C,
FN_libARSPM_002FD500,0x2FD500,sub_2FD500,0x2FD778,0x4ECA80
FN_libARSPM_002FD624,0x2FD624,sub_2FD624,0x2FD778,0x310434;0x30F728;0x4ECB10;0x2FA038
FN_libARSPM_002FD778,0x2FD778,sub_2FD778,0x2F3F74;0x2FD998;0x3155FC;0x34712C;0x348E40;0x391C44,0x2FD500;0x2FD8B0;0x2FD624;0x4ECB10;0x2FA038
FN_libARSPM_002FD8B0,0x2FD8B0,sub_2FD8B0,0x2FD778;0x30AFD4;0x30B000;0x30B19C,0x307180
FN_libARSPM_002FD998,0x2FD998,sub_2FD998,0x2E085C,0x2FD778;0x2D1CE4;0x2D2C98;0x2CFBC8;0x2D2B44
FN_libARSPM_002FDAB0,0x2FDAB0,sub_2FDAB0,0x315C84,0x134F60;0x13618C;0x135880;0x136678;0x1A16BC;0x136BB0;0x1A96CC;0x168238;0x168238;0x1A9750
FN_libARSPM_002FDD54,0x2FDD54,sub_2FDD54,0x2FDAB0,0x2D1CE4;0x2D2954;0x134F60;0x134F60;0x2FE06C;0x13502C
FN_libARSPM_002FDEA4,0x2FDEA4,sub_2FDEA4,0x2FDAB0,0x2D1CE4;0x2D2954;0x136A58;0x1A16BC;0x134F60;0x136A58;0x134F60;0x2FE06C;0x136BB0;0x13502C
FN_libARSPM_002FE064,0x2FE064,sub_2FE064,0x35FED4;0x35FED4;0x35FED4;0x38AAF8;0x3B4524;0x3B4524;0x3B4BCC;0x3B4E64;0x3B4E64;0x3B4E64,
FN_libARSPM_002FE06C,0x2FE06C,sub_2FE06C,0x2FDD54;0x2FDEA4,0x2D1CCC;0x2D1CE4;0x2D1CE4;0x30F544
FN_libARSPM_002FE1D0,0x2FE1D0,sub_2FE1D0,0x2DBEA0;0x2E085C;0x30137C;0x30153C;0x301860;0x318EE0;0x31E330;0x31E55C;0x38AAF8;0x391C44,0x2D1CE4;0x2D2BD8;0x1A9568;0x2D2780;0x310100;0x30F41C
FN_libARSPM_002FE404,0x2FE404,sub_2FE404,0x3A7288,0x2D1CE4;0x2D0518;0x30AF88;0x30D8AC;0x4ECB10;0x310434;0x4ECB10;0x2FA038;0x4ECB10;0x2FA038
FN_libARSPM_002FE624,0x2FE624,sub_2FE624,0x3A77D0,0x30AFA4;0x30D8AC;0x4ECB10;0x301EA8;0x4ECB10;0x2FA038;0x4ECB10;0x2FA038
FN_libARSPM_002FE7F8,0x2FE7F8,sub_2FE7F8,0x312A04,0x2D1CE4;0x2D1CE4;0x2D1CE4;0x310258;0x301DB0
FN_libARSPM_002FE9C0,0x2FE9C0,sub_2FE9C0,0x35D320,0x310258;0x30F544;0x30AFD4;0x2FF584;0x30FDB4;0x2F9FE8;0x4ECB10;0x2FA038
FN_libARSPM_002FEC88,0x2FEC88,sub_2FEC88,0x3155FC;0x3155FC,
FN_libARSPM_002FEC90,0x2FEC90,sub_2FEC90,0x3B4378,0x2D1D6C
FN_libARSPM_002FECB8,0x2FECB8,sub_2FECB8,0x3060A0,0x30FDB4
FN_libARSPM_002FED8C,0x2FED8C,sub_2FED8C,0x2FD380;0x2FD424,0x2FEECC
FN_libARSPM_002FEECC,0x2FEECC,sub_2FEECC,0x2FD380;0x2FD424;0x2FED8C,
FN_libARSPM_002FF014,0x2FF014,sub_2FF014,,0x13502C
FN_libARSPM_002FF044,0x2FF044,sub_2FF044,,0x134F60
FN_libARSPM_002FF0A8,0x2FF0A8,sub_2FF0A8,,0x13502C
FN_libARSPM_002FF0D0,0x2FF0D0,sub_2FF0D0,,0x30A990;0x30DB58;0x4ECB10;0x2FA038;0x4ECB10;0x14803C;0x148054
FN_libARSPM_002FF1D0,0x2FF1D0,sub_2FF1D0,,0x136BB0
FN_libARSPM_002FF20C,0x2FF20C,sub_2FF20C,,0x136BB0;0x13502C
FN_libARSPM_002FF250,0x2FF250,sub_2FF250,,0x134F60;0x136A58
FN_libARSPM_002FF2A8,0x2FF2A8,sub_2FF2A8,,0x134F60;0x136A58
FN_libARSPM_002FF2F8,0x2FF2F8,sub_2FF2F8,,0x136BB0
FN_libARSPM_002FF328,0x2FF328,sub_2FF328,,0x136BB0;0x13502C
FN_libARSPM_002FF360,0x2FF360,sub_2FF360,,0x1A96CC;0x168238;0x1A9750;0x167CB0;0x309EE8;0x30DB58;0x4ECB10;0x2FA038;0x4ECB10;0x14803C
FN_libARSPM_002FF584,0x2FF584,sub_2FF584,0x2FE9C0,0x2FF694
FN_libARSPM_002FF694,0x2FF694,sub_2FF694,0x2FF584,
FN_libARSPM_002FF7A0,0x2FF7A0,sub_2FF7A0,0x2D5830,0x2FA140;0x4ECB10;0x2D1DD8;0x2FD300;0x2FD30C
FN_libARSPM_002FF8A0,0x2FF8A0,sub_2FF8A0,0x2D4BCC;0x2FF95C,0x35F3C0;0x2FD30C;0x2EA9A4;0x3F6804;0x1416F0;0x2FFC1C
FN_libARSPM_002FF95C,0x2FF95C,sub_2FF95C,,0x2FF8A0
FN_libARSPM_002FF980,0x2FF980,sub_2FF980,0x2D506C,0x2D1CB8;0x2D1CD8;0x2D1CD8;0x2D1CE4;0x2D1CD8;0x2D1CD8;0x2EA958;0x2EA9A4
FN_libARSPM_002FFA6C,0x2FFA6C,sub_2FFA6C,0x2D4ED4,0x2FA1D8;0x2EA9A4
FN_libARSPM_002FFAB0,0x2FFAB0,sub_2FFAB0,0x2D4BCC,0x2EA9A4
FN_libARSPM_002FFAEC,0x2FFAEC,sub_2FFAEC,0x2D4BCC;0x2D56A0;0x2DF888;0x2E9578;0x317448;0x318EE0;0x31A918;0x31BE7C;0x3251A4;0x3257D4,
FN_libARSPM_002FFAF4,0x2FFAF4,sub_2FFAF4,0x352A2C;0x36AAA8;0x3729FC;0x3732F8;0x3831F8;0x3963A4;0x397244;0x39E000;0x3A0AE8,0x14119C;0x1416F0;0x3F69CC;0x3F6804
FN_libARSPM_002FFBB4,0x2FFBB4,sub_2FFBB4,0x31EB48,
FN_libARSPM_002FFBC0,0x2FFBC0,sub_2FFBC0,0x2D506C;0x2E23CC;0x2E23CC;0x2E435C;0x2E4B0C;0x2E563C;0x32A0E4;0x387C60;0x3A1CA4,
FN_libARSPM_002FFBD4,0x2FFBD4,sub_2FFBD4,,0x2D1CF0
FN_libARSPM_002FFC00,0x2FFC00,sub_2FFC00,0x326330,0x2D1CE4
FN_libARSPM_002FFC1C,0x2FFC1C,sub_2FFC1C,0x2FF8A0,0x1D93F8;0x2666F8;0x2666F8;0x2666F8
FN_libARSPM_002FFD58,0x2FFD58,sub_2FFD58,,0x1D93F8;0x1D93F8;0x2666F8
FN_libARSPM_002FFE18,0x2FFE18,sub_2FFE18,0x3802A8,0x1D8FA8;0x1349B8;0x1348D0;0x2666F8;0x1D95E8;0x300270;0x1D93F8;0x1349B8;0x1348D0;0x2666F8
FN_libARSPM_00300270,0x300270,sub_300270,0x2FFE18,0x1D93F8;0x1348D0;0x2666F8;0x1D9180
FN_libARSPM_0030038C,0x30038C,sub_30038C,0x2FFE18,0x300BB0
FN_libARSPM_003004CC,0x3004CC,sub_3004CC,0x37F584;0x37FA70,0x4ECA80;0x4ECA80;0x1349B8;0x1348D0;0x2666F8;0x2666F8;0x4ECA80;0x300DD0;0x300BB0;0x2CFAA0
FN_libARSPM_00300864,0x300864,sub_300864,0x2FFE18,0x300990
FN_libARSPM_00300990,0x300990,sub_300990,0x300864,
FN_libARSPM_00300BB0,0x300BB0,sub_300BB0,0x30038C;0x3004CC,
FN_libARSPM_00300DD0,0x300DD0,sub_300DD0,0x3004CC,
FN_libARSPM_00300EE4,0x300EE4,sub_300EE4,0x2D506C;0x2D5608;0x3146C0,
FN_libARSPM_00300EEC,0x300EEC,sub_300EEC,0x3A77D0,0x2D68DC;0x4ECB10;0x4ECB10
FN_libARSPM_00300F84,0x300F84,sub_300F84,0x1D4688;0x3A61B0,
FN_libARSPM_00300F9C,0x300F9C,sub_300F9C,0x2D6D54,0x2D1CE4;0x2D1CE4;0x2D1CD8;0x2D1CD8;0x3F5070
FN_libARSPM_0030103C,0x30103C,sub_30103C,0x254778;0x30137C;0x317D2C;0x34BDA4;0x34BFD4;0x34C860;0x34CEF0,0x2D1CE4;0x4ECA80;0x2D0ABC;0x1E98C8;0x31E820;0x4ECB10;0x4ECB10;0x4ECB10;0x4ECB10;0x317CE4
FN_libARSPM_0030137C,0x30137C,sub_30137C,0x30E380,0x2FE1D0;0x2D1CE4;0x2D2BD8;0x30103C;0x4ECB10;0x4ECB10;0x2D1CE4;0x2D2B44
FN_libARSPM_0030153C,0x30153C,sub_30153C,0x161074;0x2E9734;0x2E9734;0x301BB8;0x317D2C;0x34712C,0x2FA41C;0x1E98C8;0x31E55C;0x4ECB10;0x2D1CE4;0x2D2954;0x2FE1D0;0x2D1CE4;0x2D2B44;0x2D1CE4
FN_libARSPM_00301860,0x301860,sub_301860,0x30E380,0x1E98C8;0x31E330;0x4ECB10;0x2FE1D0;0x2FA288;0x4ECB10;0x4ECA80;0x3251A4;0x4ECB10;0x4ECB10
FN_libARSPM_00301BB8,0x301BB8,sub_301BB8,0x31A3BC;0x31AD1C;0x31AD1C;0x31AD1C;0x31C16C;0x31C16C;0x34B7D8,0x2FA41C;0x1E98C8;0x31E704;0x4ECB10;0x2D1CE4;0x2D2C98;0x2FA3D0;0x2FA3A0;0x2D09D8;0x2FA348
FN_libARSPM_00301D50,0x301D50,sub_301D50,0x310100,
FN_libARSPM_00301D7C,0x301D7C,sub_301D7C,0x310258,
FN_libARSPM_00301DB0,0x301DB0,sub_301DB0,0x2FE7F8,0x30DC84
FN_libARSPM_00301E3C,0x301E3C,sub_301E3C,0x310434,
FN_libARSPM_00301EA8,0x301EA8,sub_301EA8,0x2FE624,0x30DDF0;0x4ECB10;0x2FA038
FN_libARSPM_00302004,0x302004,sub_302004,0x2DF888;0x367D40;0x394D28,
FN_libARSPM_003020B4,0x3020B4,sub_3020B4,,0x30DF78
FN_libARSPM_003020F8,0x3020F8,sub_3020F8,,0x30DF78
FN_libARSPM_003021BC,0x3021BC,sub_3021BC,0x3A62E0,
FN_libARSPM_003022CC,0x3022CC,sub_3022CC,,0x4ECB10;0x3F6804;0x1416F0
FN_libARSPM_00302334,0x302334,sub_302334,,0x4ECB10;0x3F6804;0x1416F0;0x30DEDC
FN_libARSPM_003023B0,0x3023B0,sub_3023B0,,0x4ECB10;0x3F6804;0x1416F0
FN_libARSPM_00302420,0x302420,sub_302420,,0x4ECB10;0x3F6804;0x1416F0;0x30DEDC
FN_libARSPM_00302558,0x302558,sub_302558,0x30B740,0x4ECB10;0x14803C;0x148054
FN_libARSPM_003025B8,0x3025B8,sub_3025B8,0x2EC6B0;0x2EC890;0x2ECC54;0x2EF1F8;0x313C28;0x37FD88,0x4ECA80
FN_libARSPM_00302658,0x302658,sub_302658,,0x2EC168;0x2EBEA0
FN_libARSPM_003026D0,0x3026D0,sub_3026D0,0x34B390;0x34C244,
FN_libARSPM_003026F0,0x3026F0,sub_3026F0,0x2EA9A4;0x2EAD44;0x2EC328;0x2EC484;0x2EC484;0x2EC890;0x2EC890;0x2ECC54;0x2ECC54;0x2ECD88,0x1B6044;0x30FC6C;0x3027C8;0x3026F0
FN_libARSPM_003027C8,0x3027C8,sub_3027C8,0x2EC484;0x2EC890;0x2EC890;0x3026F0;0x3029D0;0x302AB8,0x1349B8;0x1348D0;0x2666F8;0x1349B8;0x1348D0;0x2666F8
FN_libARSPM_00302954,0x302954,sub_302954,0x2EB808,0x30FBBC
FN_libARSPM_003029C8,0x3029C8,sub_3029C8,0x2EC890,
FN_libARSPM_003029D0,0x3029D0,sub_3029D0,,0x3027C8
FN_libARSPM_00302A60,0x302A60,sub_302A60,0x303258,
FN_libARSPM_00302AB8,0x302AB8,sub_302AB8,0x2ECC54;0x2ECD88;0x310DCC;0x38067C;0x38067C,0x2EC168;0x3026F0;0x30FC6C;0x2EC6B0;0x4ECA80;0x310DCC;0x4ECB10;0x1349B8;0x1348D0;0x2666F8
FN_libARSPM_00302DF0,0x302DF0,sub_302DF0,0x381900,0x1349B8;0x1348D0;0x2666F8
FN_libARSPM_00302EF8,0x302EF8,sub_302EF8,0x381900,0x1349B8;0x1348D0;0x2666F8
FN_libARSPM_00303000,0x303000,sub_303000,0x2EB808;0x2EB808,
FN_libARSPM_00303040,0x303040,sub_303040,0x2EF1F8;0x310DCC;0x313C28;0x37FD88,0x2EBEA0;0x1349B8;0x1348D0;0x2666F8
FN_libARSPM_0030316C,0x30316C,sub_30316C,,0x2666F8;0x2666F8;0x2666F8;0x4ECB10
FN_libARSPM_00303258,0x303258,sub_303258,0x2EB520,0x1472A8;0x1472A8;0x303A90;0x1472A8;0x1472A8;0x303784;0x303884;0x303A90;0x302A60
FN_libARSPM_00303784,0x303784,sub_303784,0x303258,
FN_libARSPM_00303884,0x303884,sub_303884,0x303258;0x303A90,0x1472A8
FN_libARSPM_00303A90,0x303A90,sub_303A90,0x303258;0x303258,0x303884;0x1472A8
FN_libARSPM_00303BB8,0x303BB8,sub_303BB8,0x2EAD44;0x2EAD44,0x1416F0;0x4ECB10;0x14803C;0x148054;0x2666F8
FN_libARSPM_00303DDC,0x303DDC,sub_303DDC,0x2EF2E4;0x2EF2E4;0x310F9C;0x3135E8;0x3138F0;0x313EE0;0x382358;0x382358;0x382358,0x30E06C;0x30E934;0x14130C;0x305174
FN_libARSPM_003040C4,0x3040C4,sub_3040C4,0x305384,0x14E8AC;0x30AF18;0x4ECB10;0x2FA038;0x4ECB10;0x30AFD4;0x4ECB10;0x2FA038
FN_libARSPM_00304280,0x304280,sub_304280,0x304F7C,0x4ECA80;0x2FA0D8;0x4ECA80;0x30E0A0;0x30AFBC;0x30E0A0;0x4ECB10;0x2FA038;0x4ECB10;0x2FA038
FN_libARSPM_00304440,0x304440,sub_304440,0x304AE0,0x305384;0x2666F8;0x305078;0x304758;0x4ECB10;0x14803C;0x148054;0x2666F8;0x2D1CE4;0x30E234
FN_libARSPM_00304758,0x304758,sub_304758,0x304440,0x305078;0x3054D4;0x305688;0x4ECB10;0x14803C;0x148054;0x2666F8
FN_libARSPM_0030481C,0x30481C,sub_30481C,0x304AE0;0x304AE0;0x304AE0,0x2D1CE4;0x304990
FN_libARSPM_00304990,0x304990,sub_304990,0x30481C,0x305A54;0x305B94
FN_libARSPM_00304AE0,0x304AE0,sub_304AE0,0x2EAD44;0x2EB520,0x304440;0x30481C;0x30481C;0x30E934;0x30481C
FN_libARSPM_00304CC4,0x304CC4,sub_304CC4,0x2EB520,
FN_libARSPM_00304DB8,0x304DB8,sub_304DB8,0x2EAD44,0x4ECB10;0x14803C;0x148054;0x2666F8
FN_libARSPM_00304F7C,0x304F7C,sub_304F7C,0x2EAD44,0x30E934;0x304280
FN_libARSPM_00305078,0x305078,sub_305078,0x304440;0x304758;0x305688;0x305688;0x307460;0x308F50;0x3090C0;0x309288;0x30FD44;0x3119C8,0x2666F8;0x14E8AC;0x2666F8;0x4ECA80;0x4ECB10;0x14803C;0x148054
FN_libARSPM_00305174,0x305174,sub_305174,0x303DDC,
FN_libARSPM_00305384,0x305384,sub_305384,0x304440;0x304440,0x141420;0x141288;0x14E8AC;0x3040C4;0x2666F8
FN_libARSPM_00305478,0x305478,sub_305478,,0x4ECB10;0x2FA038;0x2666F8
FN_libARSPM_003054D4,0x3054D4,sub_3054D4,0x304758,0x305688;0x4ECB10;0x14803C;0x148054;0x2666F8
FN_libARSPM_00305688,0x305688,sub_305688,0x304758;0x3054D4,0x4ECB10;0x14803C;0x148054;0x2666F8;0x305078;0x305078
FN_libARSPM_00305844,0x305844,sub_305844,0x304440,0x305948
FN_libARSPM_00305948,0x305948,sub_305948,0x305844,
FN_libARSPM_00305A54,0x305A54,sub_305A54,0x304990,0x305B94
FN_libARSPM_00305B94,0x305B94,sub_305B94,0x304990;0x305A54,
FN_libARSPM_00305CA4,0x305CA4,sub_305CA4,0x316DE4,0x4EC2E0;0x1563CC
FN_libARSPM_00305D50,0x305D50,sub_305D50,0x2D506C,0x1563CC;0x1563CC;0x305DE4;0x305F00
FN_libARSPM_00305DE4,0x305DE4,sub_305DE4,0x305D50,0x4EC2E0;0x1563CC;0x4ECAB0;0x136DB8;0x156714;0x4ECAE0
FN_libARSPM_00305F00,0x305F00,sub_305F00,0x305D50,0x4EC2E0;0x1563CC;0x4ECAB0;0x136DB8;0x156714;0x4ECAE0
FN_libARSPM_0030601C,0x30601C,sub_30601C,0x2D4BCC;0x2D506C,0x3060A0;0x30615C;0x3062E8;0x30648C;0x1563F8
FN_libARSPM_003060A0,0x3060A0,sub_3060A0,0x2D4BCC;0x30601C,0x311490;0x3070A4;0x2FECB8;0x2F9C68;0x2F9FAC;0x2F9FBC;0x2F9C68;0x2F9FAC;0x2F9FBC
FN_libARSPM_0030615C,0x30615C,sub_30615C,0x30601C,0x4EC2E0;0x1563CC;0x4ECAB0;0x136DB8;0x4ECAE0;0x136D10;0x136CD8;0x4ECB10;0x2FA038;0x15661C
FN_libARSPM_003062E8,0x3062E8,sub_3062E8,0x30601C,0x4EC2E0;0x1563CC;0x4ECAB0;0x136DB8;0x4ECAE0;0x136D10;0x136CD8;0x4ECB10;0x14803C;0x148054
FN_libARSPM_0030648C,0x30648C,sub_30648C,0x30601C,
FN_libARSPM_003065A4,0x3065A4,sub_3065A4,0x2EAD44;0x2EAD44;0x2ED440;0x3065A4;0x3078A8,0x307D9C;0x2FD4F8;0x3128C4;0x3070A4;0x2F9C68;0x2F9FAC;0x2F9FBC;0x31156C;0x2F9C68;0x2F9FAC
FN_libARSPM_003068F4,0x3068F4,sub_3068F4,0x3065A4;0x307180;0x3078A8,0x1563CC;0x1564BC;0x156714;0x308240;0x309B20;0x156714;0x1563F8
FN_libARSPM_00306C5C,0x306C5C,sub_306C5C,0x2F9C68;0x2F9CA8,0x2F9F68;0x2F9F68;0x30839C;0x207B3C;0x207B3C;0x3089E0;0x306E94
FN_libARSPM_00306E94,0x306E94,sub_306E94,0x306C5C;0x307290;0x307460;0x3078A8,0x308580
FN_libARSPM_00306FF0,0x306FF0,sub_306FF0,0x2D4ED4,0x2F9CA8;0x2F9FAC;0x2F9FBC;0x2F9CA8;0x2F9FAC;0x2F9FBC
FN_libARSPM_003070A4,0x3070A4,sub_3070A4,0x3060A0;0x3065A4,0x4ECAB0;0x136DB8;0x30977C;0x4ECAE0;0x136D10;0x4ECB10;0x2FA038;0x2666F8
FN_libARSPM_00307180,0x307180,sub_307180,0x2FD8B0;0x307290;0x30B740;0x30BAC4,0x2F9F68;0x2F9FAC;0x2F9FBC;0x30839C;0x156714;0x4ECA80;0x3068F4
FN_libARSPM_00307290,0x307290,sub_307290,0x309EE8;0x30A8A0;0x30ACCC;0x30AF18;0x30B2E4;0x30BCD8,0x306E94;0x307180
FN_libARSPM_00307390,0x307390,sub_307390,0x2FA088,
FN_libARSPM_003073C8,0x3073C8,sub_3073C8,,0x3089E0;0x2666F8
FN_libARSPM_00307460,0x307460,sub_307460,0x307460;0x3078A8;0x3078A8,0x308790;0x3088D0;0x2F9F68;0x2F9C68;0x2F9FAC;0x2F9FBC;0x3089E0;0x2666F8;0x4ECA80;0x3089E0
FN_libARSPM_003078A8,0x3078A8,sub_3078A8,,0x2F9FAC;0x2F9FBC;0x3068F4;0x2F9F68;0x2F9F68;0x156714;0x307460;0x2F9F68;0x2F9C68;0x2F9FAC
FN_libARSPM_00307D9C,0x307D9C,sub_307D9C,0x3065A4,0x4ECB10;0x14803C;0x148054;0x2666F8;0x4ECAB0;0x136DB8;0x308E34;0x4ECAE0;0x309404;0x2F9C68
FN_libARSPM_00308210,0x308210,sub_308210,0x2ED440,
FN_libARSPM_00308240,0x308240,sub_308240,0x3068F4,
FN_libARSPM_0030839C,0x30839C,sub_30839C,0x306C5C;0x307180,
FN_libARSPM_00308580,0x308580,sub_308580,0x306E94,0x308684
FN_libARSPM_00308684,0x308684,sub_308684,0x308580,
FN_libARSPM_00308790,0x308790,sub_308790,0x307460,0x3088D0
FN_libARSPM_003088D0,0x3088D0,sub_3088D0,0x307460;0x308790,
FN_libARSPM_003089E0,0x3089E0,sub_3089E0,0x306C5C;0x3073C8;0x307460;0x307460;0x307460,0x308AE0
FN_libARSPM_00308AE0,0x308AE0,sub_308AE0,0x3089E0,
FN_libARSPM_00308BEC,0x308BEC,sub_308BEC,0x307460,0x308D2C
FN_libARSPM_00308D2C,0x308D2C,sub_308D2C,0x307460;0x308BEC,
FN_libARSPM_00308E34,0x308E34,sub_308E34,0x307D9C,0x308F50;0x3090C0;0x3090C0;0x4ECB10;0x14803C;0x148054;0x2666F8;0x2666F8
FN_libARSPM_00308F50,0x308F50,sub_308F50,0x308E34,0x1348D0;0x305078;0x4ECB10;0x14803C;0x148054;0x2666F8
FN_libARSPM_003090C0,0x3090C0,sub_3090C0,0x308E34;0x308E34,0x4ECB10;0x14803C;0x148054;0x2666F8;0x309288;0x305078;0x4ECB10;0x14803C;0x148054;0x2666F8
FN_libARSPM_00309288,0x309288,sub_309288,0x3090C0;0x316DE4,0x1349B8;0x1348D0;0x305078;0x4ECB10;0x14803C;0x148054;0x2666F8;0x2666F8
FN_libARSPM_00309404,0x309404,sub_309404,0x307D9C;0x309404,0x309404;0x309590
FN_libARSPM_00309590,0x309590,sub_309590,0x309404,
FN_libARSPM_00309768,0x309768,sub_309768,0x307D9C,0x15E638
FN_libARSPM_0030977C,0x30977C,sub_30977C,0x3070A4,0x309880;0x3099B0;0x3099B0;0x4ECB10;0x2FA038;0x2666F8
FN_libARSPM_00309880,0x309880,sub_309880,0x30977C,0x1348D0;0x4ECB10;0x2FA038
FN_libARSPM_003099B0,0x3099B0,sub_3099B0,0x30977C;0x30977C,0x4ECB10;0x2FA038;0x178694;0x4ECB10;0x2FA038;0x2666F8
FN_libARSPM_00309B20,0x309B20,sub_309B20,0x3068F4;0x309B20,0x309B20;0x309CA0
FN_libARSPM_00309CA0,0x309CA0,sub_309CA0,0x309B20,
FN_libARSPM_00309E64,0x309E64,sub_309E64,0x2D506C,0x4ECA80;0x4ECB10
FN_libARSPM_00309EE8,0x309EE8,sub_309EE8,0x2FF360,0x1A9568;0x2D2780;0x30A44C;0x30F220;0x307290;0x2666F8;0x2FA104;0x30A284;0x4ECB10;0x2FA038
FN_libARSPM_0030A284,0x30A284,sub_30A284,0x309EE8;0x30A990,0x30A44C;0x2F81C0;0x2666F8;0x4ECB10;0x14803C;0x148054;0x2666F8
FN_libARSPM_0030A44C,0x30A44C,sub_30A44C,0x309EE8;0x30A284,0x30BE50;0x2666F8;0x14E8AC;0x2FA288;0x4ECB10;0x2FA288;0x4ECB10;0x2FA348;0x2FA348;0x2D48E0
FN_libARSPM_0030A8A0,0x30A8A0,sub_30A8A0,0x30AB44,0x30F220;0x307290;0x2666F8
FN_libARSPM_0030A990,0x30A990,sub_30A990,0x2FF0D0,0x2D2780;0x30AB44;0x30A284;0x4ECB10;0x2FA038;0x4ECB10;0x2FA038
FN_libARSPM_0030AB44,0x30AB44,sub_30AB44,0x30A990;0x30DF78,0x2D2780;0x30A8A0;0x2F7C74
FN_libARSPM_0030ACCC,0x30ACCC,sub_30ACCC,0x30DF78;0x35DD14,0x2D2780;0x2F7C74;0x30F220;0x307290;0x2666F8;0x2FA104
FN_libARSPM_0030AE84,0x30AE84,sub_30AE84,0x2E23CC;0x30D80C;0x30E234;0x30E344,
FN_libARSPM_0030AF18,0x30AF18,sub_30AF18,0x3040C4,0x307290
FN_libARSPM_0030AF88,0x30AF88,sub_30AF88,0x2FE404,
FN_libARSPM_0030AFA4,0x30AFA4,sub_30AFA4,0x2FE624,
FN_libARSPM_0030AFBC,0x30AFBC,sub_30AFBC,0x304280;0x30E0F4;0x30E934,
FN_libARSPM_0030AFD4,0x30AFD4,sub_30AFD4,0x2FE9C0;0x3040C4;0x30E934;0x352FCC;0x352FCC;0x377274;0x377274;0x3936F8;0x3936F8,0x2FD8B0
FN_libARSPM_0030B000,0x30B000,sub_30B000,0x36AB64;0x370A0C;0x370A0C;0x3833A8;0x397408,0x2FD8B0;0x2F86D4;0x2F9714;0x2FA004;0x4ECB10;0x2FA038
FN_libARSPM_0030B0DC,0x30B0DC,sub_30B0DC,0x3A234C,0x30B2E4;0x2F9714;0x4ECB10
FN_libARSPM_0030B19C,0x30B19C,sub_30B19C,0x3A9690;0x3A9690;0x3AA830;0x3AA830;0x3AF1C4,0x2FD8B0;0x2F86D4;0x2FA004;0x2F9648;0x14E8AC;0x2F96DC;0x2F969C;0x2F9714;0x2666F8
FN_libARSPM_0030B2E4,0x30B2E4,sub_30B2E4,0x2EEB70;0x30B0DC;0x31A918;0x3A3144,0x2F86D4;0x2F96EC;0x4ECB10;0x2FA038;0x2F9780;0x307290;0x2F86D4;0x2F96EC;0x2666F8;0x4ECB10
FN_libARSPM_0030B4AC,0x30B4AC,sub_30B4AC,0x352FCC;0x352FCC;0x377274;0x377274;0x3936F8;0x3936F8,0x2F86D4;0x2F9648;0x2F9714;0x4ECB10;0x2FA038;0x2F969C;0x2FA004
FN_libARSPM_0030B6D8,0x30B6D8,sub_30B6D8,0x35F848;0x37365C;0x3860B8;0x38CD5C,
FN_libARSPM_0030B6F4,0x30B6F4,sub_30B6F4,0x3732AC;0x37365C;0x386228;0x38E250;0x39ED38;0x39ED38;0x39ED38;0x39ED38,
FN_libARSPM_0030B6FC,0x30B6FC,sub_30B6FC,0x37365C;0x386228;0x386228;0x38CD5C;0x38CD5C;0x38E250;0x38E250,
FN_libARSPM_0030B704,0x30B704,sub_30B704,0x37365C;0x386228;0x38E250,
FN_libARSPM_0030B70C,0x30B70C,sub_30B70C,0x3860B8,
FN_libARSPM_0030B728,0x30B728,sub_30B728,0x3732AC;0x386228;0x39ED38;0x39ED38;0x39ED38,
FN_libARSPM_0030B730,0x30B730,sub_30B730,0x386228,
FN_libARSPM_0030B738,0x30B738,sub_30B738,0x386228,
FN_libARSPM_0030B740,0x30B740,sub_30B740,0x381274,0x30C02C;0x307180;0x2FA004;0x30C6F8;0x4ECB10;0x2FA038;0x4ECB10;0x14803C;0x148054;0x2666F8
FN_libARSPM_0030BAC4,0x30BAC4,sub_30BAC4,0x3D9DD0,0x2D2780;0x30C02C;0x307180;0x30BCD8;0x2FA004;0x4ECB10;0x14803C;0x148054;0x2666F8
FN_libARSPM_0030BCD8,0x30BCD8,sub_30BCD8,0x30BAC4,0x2D2780;0x30C164;0x307290;0x2666F8
FN_libARSPM_0030BE0C,0x30BE0C,sub_30BE0C,0x2F9094,
FN_libARSPM_0030BE30,0x30BE30,sub_30BE30,0x2F9094;0x323DB0,
FN_libARSPM_0030BE50,0x30BE50,sub_30BE50,0x30A44C,0x4ECB10;0x14803C;0x148054;0x2666F8;0x14E8AC
FN_libARSPM_0030BFA4,0x30BFA4,sub_30BFA4,,0x2D3090;0x2D3248;0x2D30D8
FN_libARSPM_0030C02C,0x30C02C,sub_30C02C,0x30B740;0x30BAC4,0x2666F8;0x3F2364;0x3F2320
FN_libARSPM_0030C164,0x30C164,sub_30C164,0x30BCD8;0x30C298,0x2666F8;0x3F2364;0x3F22DC
FN_libARSPM_0030C298,0x30C298,sub_30C298,,0x30C164
FN_libARSPM_0030C340,0x30C340,sub_30C340,,0x4ECB10;0x30D9A0
FN_libARSPM_0030C3C0,0x30C3C0,sub_30C3C0,0x3D97A4;0x3D9904,0x4ECB10
FN_libARSPM_0030C450,0x30C450,sub_30C450,0x3DA624;0x3DA6D8;0x3DA794;0x3DA850;0x3DBFB4;0x3DC0A4;0x3DC1F0;0x3DC334,0x4ECB10;0x2FA038;0x4ECB10
FN_libARSPM_0030C4E8,0x30C4E8,sub_30C4E8,,0x4ECB10;0x2FA038;0x4ECB10;0x2FA038
FN_libARSPM_0030C568,0x30C568,sub_30C568,,0x4ECB10;0x2FA038;0x4ECB10;0x2FA038
FN_libARSPM_0030C5F0,0x30C5F0,sub_30C5F0,,0x4ECB10;0x2FA038;0x4ECB10;0x2FA038
FN_libARSPM_0030C670,0x30C670,sub_30C670,,0x4ECB10;0x2FA038;0x4ECB10;0x2FA038
FN_libARSPM_0030C6F8,0x30C6F8,sub_30C6F8,0x30B740,0x4ECB10
FN_libARSPM_0030C798,0x30C798,sub_30C798,0x3C2658,0x2D31EC
FN_libARSPM_0030C818,0x30C818,sub_30C818,0x2F94C4,0x2F969C;0x4ECB10;0x2FA038;0x4ECB10;0x2FA038
FN_libARSPM_0030C980,0x30C980,sub_30C980,0x391C44;0x39290C,0x18B76C;0x18C3A0;0x18C2AC;0x4ECA80;0x18C060;0x4ECB10;0x1DA894;0x172BE0;0x18D2E0;0x1DA744
FN_libARSPM_0030CAFC,0x30CAFC,sub_30CAFC,0x2E1918;0x2E1918,0x18B76C;0x18C3A0;0x18C2AC;0x172BE0;0x1574D8;0x15773C;0x18D2E0;0x33974C;0x158204;0x18D3DC
FN_libARSPM_0030CCA8,0x30CCA8,sub_30CCA8,0x2E085C;0x2E1E80;0x391C44;0x39290C,0x168208;0x1C37C4;0x1A9C10;0x167D68;0x1ACA84;0x167CB0
FN_libARSPM_0030CD7C,0x30CD7C,sub_30CD7C,0x2E085C;0x391C44,0x168208;0x134F28;0x1C3874;0x135D80;0x1361AC;0x315DE0;0x13502C;0x167CB0
FN_libARSPM_0030CE54,0x30CE54,sub_30CE54,0x2D24F0,
FN_libARSPM_0030CE68,0x30CE68,sub_30CE68,0x2F94C4,0x2F969C;0x4ECB10;0x2FA038;0x4ECB10;0x2FA038
FN_libARSPM_0030CF6C,0x30CF6C,sub_30CF6C,0x3C2658,
FN_libARSPM_0030D22C,0x30D22C,sub_30D22C,0x3C3230,
FN_libARSPM_0030D270,0x30D270,sub_30D270,0x3C3230,
FN_libARSPM_0030D2F8,0x30D2F8,sub_30D2F8,0x317A3C;0x321718,
FN_libARSPM_0030D314,0x30D314,sub_30D314,0x33A46C,0x1DA744;0x1DA744;0x1DA744
FN_libARSPM_0030D4C4,0x30D4C4,sub_30D4C4,0x2D7D60;0x2D83BC;0x2D8A58;0x2D8A58;0x2D946C;0x2D9564;0x2D975C;0x2D9ABC;0x2D9D78;0x33AA94,0x19C39C;0x1DA744;0x2666F8;0x14E8AC;0x19C39C;0x4ECB10
FN_libARSPM_0030D5D0,0x30D5D0,sub_30D5D0,0x30D6D0;0x30D718,0x228300;0x228478;0x19C234
FN_libARSPM_0030D6D0,0x30D6D0,sub_30D6D0,0x33AA94,0x30D5D0
FN_libARSPM_0030D718,0x30D718,sub_30D718,0x33AA94;0x33AA94,0x30D5D0;0x1DA744;0x1DA7E8;0x1DA744
FN_libARSPM_0030D7F8,0x30D7F8,sub_30D7F8,0x30EFB8;0x30F024;0x3D9CD8;0x3D9D30;0x3DA4A8;0x3DB49C;0x3DBE68;0x3DBEC8;0x3DBF2C,
FN_libARSPM_0030D80C,0x30D80C,sub_30D80C,,0x30AE84;0x2D3090;0x1E9058;0x2D318C
FN_libARSPM_0030D8AC,0x30D8AC,sub_30D8AC,0x2FE404;0x2FE624,0x2F9FD0;0x4ECA80;0x4ECB10;0x30D9A0;0x4ECA80;0x4ECB10;0x30D9A0
FN_libARSPM_0030D9A0,0x30D9A0,sub_30D9A0,0x30C340;0x30D8AC;0x30D8AC;0x30DA9C;0x30DAEC;0x3D39A4;0x3DA624;0x3DA6D8;0x3DA794;0x3DA850,0x4ECB10;0x4ECB10;0x4ECB10
FN_libARSPM_0030DA9C,0x30DA9C,sub_30DA9C,0x3DAE74,0x4ECB10;0x30D9A0
FN_libARSPM_0030DAEC,0x30DAEC,sub_30DAEC,0x3DB25C,0x4ECB10;0x30D9A0
FN_libARSPM_0030DB40,0x30DB40,sub_30DB40,0x313508,
FN_libARSPM_0030DB58,0x30DB58,sub_30DB58,0x2FF0D0;0x2FF360;0x313508;0x35DD14,
FN_libARSPM_0030DB84,0x30DB84,sub_30DB84,0x30F41C;0x310100,0x2CFB5C;0x2F9B30;0x178340
FN_libARSPM_0030DC84,0x30DC84,sub_30DC84,0x301DB0;0x30F544;0x310258,0x2CFB5C;0x2F9B30;0x178340
FN_libARSPM_0030DDF0,0x30DDF0,sub_30DDF0,0x301EA8;0x30F728;0x310434,0x1BF1EC
FN_libARSPM_0030DEDC,0x30DEDC,sub_30DEDC,0x302334;0x302420;0x30F9EC;0x30FA20;0x310B30;0x310C30;0x310D38,0x4ECB10
FN_libARSPM_0030DF78,0x30DF78,sub_30DF78,0x3020B4;0x3020F8;0x30E0F4;0x30FB00;0x30FB44;0x31086C;0x3108DC;0x310948,0x30ACCC;0x30AB44
FN_libARSPM_0030E06C,0x30E06C,sub_30E06C,0x303DDC,
FN_libARSPM_0030E0A0,0x30E0A0,sub_30E0A0,0x304280;0x304280,0x4ECB10
FN_libARSPM_0030E0F4,0x30E0F4,sub_30E0F4,,0x30DF78;0x30AFBC;0x4ECB10;0x2FA038;0x4ECB10;0x2FA038
FN_libARSPM_0030E1E8,0x30E1E8,sub_30E1E8,0x38B90C,0x4ECB10
FN_libARSPM_0030E234,0x30E234,sub_30E234,0x304440,0x30FC6C;0x30AE84
FN_libARSPM_0030E308,0x30E308,sub_30E308,0x257040;0x31BE7C;0x31BE7C;0x3200B4;0x321718;0x321718;0x324954;0x325E38;0x3313C0;0x3313C0,
FN_libARSPM_0030E330,0x30E330,sub_30E330,0x1D4140;0x2E7548;0x30FDEC;0x30FEA8;0x3109C0;0x31BE7C,
FN_libARSPM_0030E344,0x30E344,sub_30E344,,0x30AE84
FN_libARSPM_0030E380,0x30E380,sub_30E380,0x30E868;0x30EDAC;0x317D2C;0x324954,0x1B5FF0;0x2CFFC4;0x2FA288;0x4ECB10;0x30137C;0x4ECA80;0x319CF0;0x4ECB10;0x4ECB10;0x4ECA80
FN_libARSPM_0030E868,0x30E868,sub_30E868,0x30EEB0;0x31546C;0x3155FC;0x317D2C;0x34B07C,0x30E380;0x4ECB10
FN_libARSPM_0030E8FC,0x30E8FC,sub_30E8FC,0x1D4140;0x1D4140,
FN_libARSPM_0030E934,0x30E934,sub_30E934,0x2FDAB0;0x303DDC;0x304AE0;0x304F7C;0x35DEA8,0x30AFD4;0x30AFBC;0x4ECB10;0x2FA038;0x167C58
FN_libARSPM_0030EB38,0x30EB38,sub_30EB38,0x2E23CC;0x2E563C;0x3339C0;0x37E444;0x37FCF4,
FN_libARSPM_0030EB7C,0x30EB7C,sub_30EB7C,0x2DBEA0;0x348444;0x348444;0x348AA8;0x348AA8;0x348AA8;0x3A62E0,
FN_libARSPM_0030EBAC,0x30EBAC,sub_30EBAC,0x1D3574;0x254778;0x2562C0;0x2DA378;0x2E085C;0x2E23CC;0x2F3F74;0x2FCBA8;0x2FD1B8;0x317D2C,
FN_libARSPM_0030EBC4,0x30EBC4,sub_30EBC4,0x2E23CC;0x2E563C;0x3A6D6C,0x4ECA80
FN_libARSPM_0030EC28,0x30EC28,sub_30EC28,0x2D6D54;0x2D7D60;0x2DA378;0x2DA5FC;0x2DBC34;0x2DBEA0;0x2DC2C4;0x2DC44C;0x2DF888;0x2DF888,
FN_libARSPM_0030EC40,0x30EC40,sub_30EC40,0x2DA944;0x2E4084;0x2E7548;0x391A30,
FN_libARSPM_0030ED54,0x30ED54,sub_30ED54,0x311D78,0x4ECB10
FN_libARSPM_0030EDAC,0x30EDAC,sub_30EDAC,0x1D4140;0x2DA378;0x31AD1C;0x31CDDC;0x34CCAC;0x3A62E0,0x4ECA80;0x30E380;0x4ECB10
FN_libARSPM_0030EEB0,0x30EEB0,sub_30EEB0,0x346FF8,0x4ECA80;0x30E868;0x4ECB10
FN_libARSPM_0030EF94,0x30EF94,sub_30EF94,0x2F81C0,
FN_libARSPM_0030EFAC,0x30EFAC,sub_30EFAC,0x2F7D24;0x2F81C0;0x2F8ED0,
FN_libARSPM_0030EFB8,0x30EFB8,sub_30EFB8,,0x30D7F8
FN_libARSPM_0030F024,0x30F024,sub_30F024,,0x30D7F8
FN_libARSPM_0030F098,0x30F098,sub_30F098,0x3DA9C0;0x3DAB64;0x3DACD8,0x1A9568
FN_libARSPM_0030F120,0x30F120,sub_30F120,,0x2D2BD8;0x30F220
FN_libARSPM_0030F220,0x30F220,sub_30F220,0x309EE8;0x30A8A0;0x30ACCC;0x30F120,0x2666F8;0x3F2364;0x3F22DC
FN_libARSPM_0030F39C,0x30F39C,sub_30F39C,0x310100,
FN_libARSPM_0030F408,0x30F408,sub_30F408,0x3109C0;0x3313C0;0x33220C;0x3323AC;0x3323AC;0x33CE18;0x3D1B28;0x3D1B28;0x3D1E3C,
FN_libARSPM_0030F41C,0x30F41C,sub_30F41C,0x2FE1D0,0x30DB84
FN_libARSPM_0030F4D8,0x30F4D8,sub_30F4D8,0x310258,
FN_libARSPM_0030F544,0x30F544,sub_30F544,0x2FE06C;0x2FE9C0,0x30DC84
FN_libARSPM_0030F604,0x30F604,sub_30F604,0x310434,0x2F9FD0;0x2FD424
FN_libARSPM_0030F728,0x30F728,sub_30F728,0x2FD624,0x30DDF0;0x4ECB10;0x2FA038;0x2F9FD0;0x2FD424
FN_libARSPM_0030F89C,0x30F89C,sub_30F89C,0x30F988;0x30F9B4;0x30F9EC;0x30FA20;0x310AB8;0x310B30;0x310BBC;0x310C30;0x310CB8;0x310D38,0x4ECB10;0x2FA038;0x2FD4F8;0x4ECB10;0x14803C;0x148054
FN_libARSPM_0030F988,0x30F988,sub_30F988,,0x30F89C
FN_libARSPM_0030F9B4,0x30F9B4,sub_30F9B4,,0x30F89C
FN_libARSPM_0030F9EC,0x30F9EC,sub_30F9EC,,0x30F89C;0x30DEDC
FN_libARSPM_0030FA20,0x30FA20,sub_30FA20,,0x30F89C;0x30DEDC
FN_libARSPM_0030FB00,0x30FB00,sub_30FB00,,0x30DF78
FN_libARSPM_0030FB44,0x30FB44,sub_30FB44,,0x30DF78
FN_libARSPM_0030FB94,0x30FB94,sub_30FB94,0x2E085C;0x391C44,
FN_libARSPM_0030FBBC,0x30FBBC,sub_30FBBC,0x302954,0x2FAE00
FN_libARSPM_0030FC6C,0x30FC6C,sub_30FC6C,0x3026F0;0x302AB8;0x30E234;0x310664;0x3106F0;0x3107A8;0x31086C;0x3108DC;0x310948;0x3109C0,
FN_libARSPM_0030FD20,0x30FD20,sub_30FD20,0x2E8B50;0x3A051C,
FN_libARSPM_0030FD44,0x30FD44,sub_30FD44,0x2FD380;0x2FD424,0x2FA004;0x305078
FN_libARSPM_0030FDB4,0x30FDB4,sub_30FDB4,0x2FE9C0;0x2FECB8,0x2666F8
FN_libARSPM_0030FDEC,0x30FDEC,sub_30FDEC,,0x30E330
FN_libARSPM_0030FEA8,0x30FEA8,sub_30FEA8,,0x30E330
FN_libARSPM_00310010,0x310010,sub_310010,,0x4ECAB0;0x136DB8;0x167C58
FN_libARSPM_00310100,0x310100,sub_310100,0x2FE1D0,0x30DB84;0x301D50;0x30F39C
FN_libARSPM_00310258,0x310258,sub_310258,0x2FE7F8;0x2FE9C0,0x30DC84;0x301D7C;0x30F4D8
FN_libARSPM_00310434,0x310434,sub_310434,0x2FD624;0x2FE404,0x4ECA80;0x30DDF0;0x4ECB10;0x2FA038;0x4ECA80;0x301E3C;0x4ECB10;0x2FA038;0x4ECA80;0x30F604
FN_libARSPM_00310664,0x310664,sub_310664,,0x30FC6C
FN_libARSPM_003106F0,0x3106F0,sub_3106F0,,0x30FC6C
FN_libARSPM_003107A8,0x3107A8,sub_3107A8,,0x30FC6C
FN_libARSPM_0031086C,0x31086C,sub_31086C,,0x30FC6C;0x30DF78
FN_libARSPM_003108DC,0x3108DC,sub_3108DC,,0x30FC6C;0x30DF78
FN_libARSPM_00310948,0x310948,sub_310948,,0x30FC6C;0x30DF78
FN_libARSPM_003109C0,0x3109C0,sub_3109C0,,0x30E330;0x30FC6C;0x30F408
FN_libARSPM_00310AB8,0x310AB8,sub_310AB8,,0x30F89C;0x4ECB10;0x3F6804;0x1416F0
FN_libARSPM_00310B30,0x310B30,sub_310B30,,0x30F89C;0x4ECB10;0x3F6804;0x1416F0;0x30DEDC
FN_libARSPM_00310BBC,0x310BBC,sub_310BBC,,0x30F89C;0x4ECB10;0x3F6804;0x1416F0
FN_libARSPM_00310C30,0x310C30,sub_310C30,,0x30F89C;0x4ECB10;0x3F6804;0x1416F0;0x30DEDC
FN_libARSPM_00310CB8,0x310CB8,sub_310CB8,,0x30F89C;0x4ECB10;0x3F6804;0x1416F0
FN_libARSPM_00310D38,0x310D38,sub_310D38,,0x30F89C;0x4ECB10;0x3F6804;0x1416F0;0x30DEDC
FN_libARSPM_00310DCC,0x310DCC,sub_310DCC,0x302AB8,0x302AB8;0x4ECA80;0x303040;0x4ECB10;0x4ECB10;0x31125C
FN_libARSPM_00310F9C,0x310F9C,sub_310F9C,,0x303DDC
FN_libARSPM_0031100C,0x31100C,sub_31100C,,0x2F9038;0x2F8ED0
FN_libARSPM_00311114,0x311114,sub_311114,0x311228,0x2666F8;0x2666F8;0x2666F8;0x2666F8;0x4ECB10
FN_libARSPM_00311228,0x311228,sub_311228,,0x311114
FN_libARSPM_0031125C,0x31125C,sub_31125C,0x310DCC,0x1349B8;0x1348D0;0x2666F8
FN_libARSPM_0031134C,0x31134C,sub_31134C,0x38453C;0x38453C;0x384608;0x384660;0x3A1A60;0x3A1CA4;0x3A1CA4;0x3A1CA4;0x3A1CA4;0x3A1CA4,0x2666F8;0x4ECB10;0x2FA038;0x4ECB10
FN_libARSPM_003113D4,0x3113D4,sub_3113D4,0x2D1E80,0x14119C
FN_libARSPM_0031141C,0x31141C,sub_31141C,0x2D1DD8;0x2D1E80,0x311490;0x1416F0
FN_libARSPM_00311490,0x311490,sub_311490,0x3060A0;0x31141C,0x4ECA20;0x264710;0x311D78
FN_libARSPM_0031156C,0x31156C,sub_31156C,0x3065A4,0x4ECA20;0x264710;0x312DF4;0x311D78;0x312DF4;0x311D78
FN_libARSPM_0031171C,0x31171C,sub_31171C,0x31189C;0x311970;0x3120E4;0x312258,0x4ECA80;0x4ECA80
FN_libARSPM_0031189C,0x31189C,sub_31189C,0x2E435C;0x2E4B0C;0x2E563C;0x32A0E4;0x387C60,0x4ECA20;0x264710;0x31171C;0x4ECB10;0x14803C;0x148054;0x4ECB10
FN_libARSPM_00311970,0x311970,sub_311970,0x2E23CC,0x4ECA20;0x264710;0x31171C
FN_libARSPM_003119C8,0x3119C8,sub_3119C8,0x311E74,0x305078;0x4ECA80;0x4ECB10;0x141420;0x141288;0x305078;0x4ECA80;0x313000;0x313140
FN_libARSPM_00311B84,0x311B84,sub_311B84,0x3125B8,0x305078;0x312C5C;0x4ECB10;0x2666F8;0x4ECB10;0x2FA038;0x4ECB10;0x2FA038;0x141420;0x141288
FN_libARSPM_00311D78,0x311D78,sub_311D78,0x311490;0x31156C;0x31156C;0x3128C4;0x313248;0x3132BC,0x2666F8;0x30ED54;0x4ECB10;0x2666F8;0x4ECB10;0x2FA038;0x4ECB10;0x2FA038
FN_libARSPM_00311E74,0x311E74,sub_311E74,0x311FA8;0x312084;0x3120E4;0x312258,0x3119C8;0x4ECA80;0x4ECA80
FN_libARSPM_00311FA8,0x311FA8,sub_311FA8,0x2E435C;0x2E4B0C;0x2E563C;0x32A0E4;0x387C60,0x4ECA20;0x264710;0x311E74;0x4ECB10;0x14803C;0x148054;0x4ECB10
FN_libARSPM_00312084,0x312084,sub_312084,0x2E23CC,0x4ECA20;0x264710;0x311E74
FN_libARSPM_003120E4,0x3120E4,sub_3120E4,0x2E563C,0x4ECA20;0x264710;0x31171C;0x4ECB10;0x14803C;0x148054;0x4ECB10;0x311E74;0x4ECB10;0x14803C
FN_libARSPM_00312258,0x312258,sub_312258,0x2E23CC,0x4ECA20;0x264710;0x31171C;0x4ECB10;0x311E74;0x4ECB10;0x14803C;0x148054
FN_libARSPM_00312358,0x312358,sub_312358,0x38453C,
FN_libARSPM_003123A8,0x3123A8,sub_3123A8,0x3A3234,
FN_libARSPM_00312400,0x312400,sub_312400,0x312560,0x4ECA80;0x4ECA80
FN_libARSPM_00312560,0x312560,sub_312560,0x3A1CA4;0x3A234C,0x4ECA20;0x264710;0x312400
FN_libARSPM_003125B8,0x3125B8,sub_3125B8,0x3127C0,0x305078;0x312C5C;0x311B84;0x4ECB10;0x2666F8;0x4ECB10;0x2FA038;0x4ECB10;0x2FA038;0x4ECA80
FN_libARSPM_003127C0,0x3127C0,sub_3127C0,0x3A1CA4;0x3A234C,0x4ECA20;0x264710;0x3125B8;0x4ECB10;0x2666F8;0x4ECB10;0x2FA038;0x4ECB10;0x2FA038
FN_libARSPM_003128C4,0x3128C4,sub_3128C4,0x2E23CC;0x2E23CC;0x2E563C;0x3065A4,0x4ECA20;0x264710;0x312DF4;0x311D78
FN_libARSPM_00312A04,0x312A04,sub_312A04,0x2E23CC;0x2E563C,0x2D1CE4;0x2D2C98;0x4ECA80;0x2FE7F8;0x2D1CE4;0x2D2B44;0x4ECA80;0x4ECA80;0x4ECB10;0x4ECA80
FN_libARSPM_00312C5C,0x312C5C,sub_312C5C,0x311B84;0x3125B8,0x4ECA80;0x4ECB10;0x2666F8;0x4ECB10;0x2FA038;0x4ECB10;0x2FA038
FN_libARSPM_00312D2C,0x312D2C,sub_312D2C,,0x4ECB10
FN_libARSPM_00312D90,0x312D90,sub_312D90,,0x4ECB10
FN_libARSPM_00312DF4,0x312DF4,sub_312DF4,0x31156C;0x31156C;0x3128C4,0x312EF4
FN_libARSPM_00312EF4,0x312EF4,sub_312EF4,0x312DF4,
FN_libARSPM_00313000,0x313000,sub_313000,0x3119C8;0x311B84,0x313140
FN_libARSPM_00313140,0x313140,sub_313140,0x3119C8;0x311B84;0x313000,
FN_libARSPM_00313248,0x313248,sub_313248,,0x311D78;0x4ECB10;0x14803C;0x148054;0x2666F8
FN_libARSPM_003132BC,0x3132BC,sub_3132BC,,0x311D78;0x4ECB10;0x14803C;0x148054;0x2666F8
FN_libARSPM_00313330,0x313330,sub_313330,,0x4ECB10
FN_libARSPM_00313388,0x313388,sub_313388,,0x4ECB10
FN_libARSPM_003133E0,0x3133E0,sub_3133E0,,0x4ECA80
FN_libARSPM_00313430,0x313430,sub_313430,,0x4ECA80
FN_libARSPM_00313470,0x313470,sub_313470,,0x4ECB10
FN_libARSPM_003134BC,0x3134BC,sub_3134BC,,0x4ECB10
FN_libARSPM_00313508,0x313508,sub_313508,,0x4ECA80;0x30DB58;0x30DB40;0x4ECB10;0x2FA038
FN_libARSPM_003135E8,0x3135E8,sub_3135E8,,0x303DDC
FN_libARSPM_00313628,0x313628,sub_313628,,0x4ECA80;0x2F8CB8;0x4ECB10;0x2FA038
FN_libARSPM_003136E8,0x3136E8,sub_3136E8,0x313828,0x4ECB10;0x2FA038;0x4ECB10;0x2666F8;0x2666F8;0x2666F8;0x4ECB10
FN_libARSPM_00313828,0x313828,sub_313828,,0x3136E8
FN_libARSPM_00313864,0x313864,sub_313864,0x2E23CC;0x351EB8;0x351F38;0x367570;0x367D40;0x391C44,0x1DA744;0x1DA744
FN_libARSPM_003138F0,0x3138F0,sub_3138F0,,0x303DDC
FN_libARSPM_003139A0,0x3139A0,sub_3139A0,0x313B00,0x4ECB10;0x2666F8;0x2666F8;0x2666F8;0x4ECB10
FN_libARSPM_00313B00,0x313B00,sub_313B00,,0x3139A0
FN_libARSPM_00313B3C,0x313B3C,sub_313B3C,0x2ECF5C,0x313C28;0x4ECB10
FN_libARSPM_00313C28,0x313C28,sub_313C28,0x313B3C,0x3025B8;0x303040;0x4ECB10;0x313D8C;0x4ECA80;0x4ECB10;0x14803C;0x148054
FN_libARSPM_00313D8C,0x313D8C,sub_313D8C,0x313C28,0x4ECB10;0x14803C;0x148054;0x2666F8;0x14E8AC
FN_libARSPM_00313EE0,0x313EE0,sub_313EE0,,0x303DDC
FN_libARSPM_00313F38,0x313F38,sub_313F38,,0x2F81C0
FN_libARSPM_00313F98,0x313F98,sub_313F98,0x314100,0x4ECB10;0x14803C;0x148054;0x2666F8;0x2666F8;0x2666F8;0x2666F8;0x4ECB10
FN_libARSPM_00314100,0x314100,sub_314100,,0x313F98
FN_libARSPM_0031412C,0x31412C,sub_31412C,0x329094;0x3292A8;0x329550,
FN_libARSPM_00314148,0x314148,sub_314148,0x3292A8;0x32CA8C;0x32CC0C;0x32CC0C;0x32CEF4;0x32CEF4;0x32CEF4;0x32CEF4;0x32CEF4,
FN_libARSPM_00314170,0x314170,sub_314170,0x33D390,
FN_libARSPM_0031418C,0x31418C,sub_31418C,0x34DD00,
FN_libARSPM_0031422C,0x31422C,sub_31422C,0x351B14,0x32D17C
FN_libARSPM_003142B8,0x3142B8,sub_3142B8,0x351B14,
FN_libARSPM_003142D8,0x3142D8,sub_3142D8,0x2D87D0;0x316088;0x3205FC;0x35EF98;0x39E3B4,0x140BA4
FN_libARSPM_00314318,0x314318,sub_314318,0x33D390,0x2D1B70;0x2D1B70;0x2D1B70;0x2D1B70
FN_libARSPM_003144A8,0x3144A8,sub_3144A8,,0x2D2DE4;0x3F2580;0x2D1B70;0x1D93F8;0x3F2580;0x2D1B70;0x1D93F8
FN_libARSPM_0031457C,0x31457C,sub_31457C,0x3D8BC8,
FN_libARSPM_00314588,0x314588,sub_314588,0x32942C;0x32D504,0x2D1B70;0x2D1B70
FN_libARSPM_00314658,0x314658,sub_314658,,0x2CFAA0;0x2666C0
FN_libARSPM_0031467C,0x31467C,sub_31467C,,0x2CFAA0;0x2666C0
FN_libARSPM_003146C0,0x3146C0,sub_3146C0,0x2ED0B4;0x2ED280;0x2ED360,0x2D1CE4;0x1349B8;0x1348D0;0x2666F8;0x1349B8;0x1348D0;0x2666F8;0x1349B8;0x1348D0;0x2666F8
FN_libARSPM_00314F2C,0x314F2C,sub_314F2C,0x2ED0B4,0x1DA744;0x315124;0x315124
FN_libARSPM_00315124,0x315124,sub_315124,0x314F2C;0x314F2C,
FN_libARSPM_00315130,0x315130,sub_315130,0x317448;0x317448;0x321154,
FN_libARSPM_0031513C,0x31513C,sub_31513C,0x367570,0x18E03C
FN_libARSPM_00315260,0x315260,sub_315260,0x34712C;0x348E40,0x2666F8;0x3F2364;0x3F2320
FN_libARSPM_0031533C,0x31533C,sub_31533C,0x3155FC;0x3155FC;0x348140;0x391C44,0x19A48C;0x305078;0x4ECA80;0x148488;0x4ECB10;0x14803C;0x148054;0x4ECB10;0x14803C;0x148054
FN_libARSPM_0031546C,0x31546C,sub_31546C,0x34712C;0x348E40,0x4ECA80;0x4ECA80;0x2D1CE4;0x30E868;0x4ECB10;0x4ECB10;0x4ECB10;0x4ECB10;0x4ECB10
FN_libARSPM_003155FC,0x3155FC,sub_3155FC,0x1D3B98;0x2DA05C;0x2F3F74;0x2F3F74;0x316088;0x328108;0x344568;0x346FF8,0x1362C0;0x2D1CE4;0x1355DC;0x1A09B0;0x2666F8;0x3F2364;0x2D2954;0x2FD778;0x315C84;0x4ECB10
FN_libARSPM_00315C84,0x315C84,sub_315C84,0x3155FC;0x315DE0,0x134F28;0x135094;0x2FDAB0;0x167EC8;0x167D50;0x167CB0;0x167F28;0x135B2C;0x136678;0x167CB0
FN_libARSPM_00315DE0,0x315DE0,sub_315DE0,0x2E23CC;0x2E435C;0x2E4B0C;0x2E563C;0x2E9734;0x30CD7C;0x32A0E4;0x346FF8;0x34712C;0x34712C,0x2D1CE4;0x2D2954;0x315C84;0x2D2B44;0x4ECA80;0x4ECB10;0x4ECB10
FN_libARSPM_00315FAC,0x315FAC,sub_315FAC,0x2F3F74;0x322268;0x322268,0x145ED8;0x2D0EF4
FN_libARSPM_00315FF8,0x315FF8,sub_315FF8,0x2D87D0;0x2E7548;0x2E8B50,0x2D0EF4
FN_libARSPM_00316028,0x316028,sub_316028,0x2D7BB4;0x2D7D60;0x2D7D60;0x2D7D60;0x2D83BC;0x2D8A58;0x2D8F20;0x2D9564;0x2D975C;0x2D9ABC,0x316088
FN_libARSPM_00316088,0x316088,sub_316088,0x316028;0x3169C8;0x316A34,0x2D0EF4;0x2F6F34;0x2F0BC8;0x2F6BB0;0x2F08B0;0x2F0340;0x2F6BB0;0x2F08B0;0x2F0620;0x2F0EA4
FN_libARSPM_003169C8,0x3169C8,sub_3169C8,0x2DA944;0x2E7548;0x3FA89C;0x3FBCDC,0x316088
FN_libARSPM_00316A34,0x316A34,sub_316A34,0x2DAEE8;0x2DB14C;0x2DB4BC,0x316088
FN_libARSPM_00316A94,0x316A94,sub_316A94,,0x4ECB10
FN_libARSPM_00316AEC,0x316AEC,sub_316AEC,0x316088,0x1BE2A0;0x2FCD34;0x4ECA80;0x32FC00;0x4ECB10;0x32F9B4;0x32F9B4;0x32FA3C
FN_libARSPM_00316C70,0x316C70,sub_316C70,,0x4ECB10;0x14803C;0x148054;0x2666F8
FN_libARSPM_00316CDC,0x316CDC,sub_316CDC,,0x4ECB10;0x14803C;0x148054;0x2666F8;0x19A4A8
FN_libARSPM_00316D50,0x316D50,sub_316D50,,0x305078;0x316DE4;0x4ECB10;0x14803C;0x148054;0x2666F8
FN_libARSPM_00316DE4,0x316DE4,sub_316DE4,0x316D50;0x3A2F28,0x305CA4;0x4ECAB0;0x136DB8;0x305078;0x4ECAB0;0x136DB8;0x309288;0x305078;0x4ECAE0;0x136D10
FN_libARSPM_00316FA0,0x316FA0,sub_316FA0,0x2E1174,
FN_libARSPM_00316FDC,0x316FDC,sub_316FDC,0x2E1174,0x323DB0;0x1B5FF0
FN_libARSPM_003170E4,0x3170E4,sub_3170E4,0x31798C,0x30EC28;0x3351FC;0x31FE90;0x3351FC;0x31FE90;0x1756D8;0x3351FC;0x31FE90
FN_libARSPM_00317448,0x317448,sub_317448,0x31798C,0x18DFC8;0x30EC28;0x18D364;0x20AB60;0x2D1CE4;0x30EC28;0x2FFAEC;0x2ED0B4;0x315130;0x315130
FN_libARSPM_0031798C,0x31798C,sub_31798C,0x2E1174;0x2E1174,0x3170E4;0x18D2E0;0x33974C;0x317448;0x18D3DC
FN_libARSPM_00317A3C,0x317A3C,sub_317A3C,0x2E1174,0x30D2F8;0x1756D8;0x3351FC;0x31FE90
FN_libARSPM_00317B50,0x317B50,sub_317B50,0x2E1174,
FN_libARSPM_00317BEC,0x317BEC,sub_317BEC,,0x2DD6D0;0x1B5FF0
FN_libARSPM_00317CA4,0x317CA4,sub_317CA4,,0x2EF8BC
FN_libARSPM_00317CE4,0x317CE4,sub_317CE4,0x30103C;0x3251A4,
FN_libARSPM_00317D1C,0x317D1C,sub_317D1C,0x255BCC;0x2576BC;0x2D8F20;0x2E23CC;0x31EE7C;0x31F8D8;0x31F8D8;0x31F8D8;0x3200B4;0x3200B4,
FN_libARSPM_00317D24,0x317D24,sub_317D24,0x31F8D8;0x31FE90;0x3200B4;0x3200B4;0x3209CC;0x320CA0;0x321154;0x321154;0x321154;0x321154,
FN_libARSPM_00317D2C,0x317D2C,sub_317D2C,0x2D70B8;0x2E9734;0x2E9734;0x317D2C;0x31A4B4;0x31AD1C;0x31AD1C;0x31AD1C;0x34C860;0x34CEF0,0x1D8FB8;0x26462C;0x1D93F8;0x207B3C;0x207B3C;0x2D1CC0;0x2D1CC0;0x207B3C;0x3188C8;0x2FA3A0
FN_libARSPM_003188C8,0x3188C8,sub_3188C8,0x317D2C,0x1B5FF0;0x2FA420;0x2FA348;0x2D48E0;0x2D09D8;0x2D09D8;0x2FA1E8
FN_libARSPM_00318A20,0x318A20,sub_318A20,0x317D2C;0x317D2C,0x2FA3A0;0x4ECB10;0x14803C;0x148054
FN_libARSPM_00318A88,0x318A88,sub_318A88,0x317D2C,0x2D0B00;0x2D0B00
FN_libARSPM_00318AE0,0x318AE0,sub_318AE0,0x317D2C;0x317D2C,0x2FA348;0x2D48E0;0x2D09D8
FN_libARSPM_00318B38,0x318B38,sub_318B38,0x317D2C;0x317D2C;0x317D2C;0x318EE0;0x318EE0,
FN_libARSPM_00318B78,0x318B78,sub_318B78,0x317D2C;0x317D2C,
FN_libARSPM_00318BA0,0x318BA0,sub_318BA0,0x2D7220;0x318EE0,0x318D20;0x2FA3A0;0x4ECB10;0x14803C;0x148054;0x4ECB10;0x14803C;0x148054;0x2D09D8;0x318EE0
FN_libARSPM_00318D20,0x318D20,sub_318D20,0x318BA0,0x1B5FF0;0x2FA420;0x2FA348;0x2D4AA8;0x2D09D8;0x2D09D8;0x2FA1E8
FN_libARSPM_00318E78,0x318E78,sub_318E78,0x318EE0,0x2FA3A0;0x4ECB10;0x14803C;0x148054
FN_libARSPM_00318EE0,0x318EE0,sub_318EE0,0x318BA0,0x1D8FB8;0x26462C;0x1D93F8;0x207B3C;0x207B3C;0x2D0B00;0x2D0B00;0x147468;0x2D1CE4;0x2D2954
FN_libARSPM_00319C98,0x319C98,sub_319C98,0x318EE0,0x2FA348;0x2D4AA8;0x2D09D8
FN_libARSPM_00319CF0,0x319CF0,sub_319CF0,0x30E380;0x318EE0,0x4ECA80;0x31BE7C;0x4ECB10
FN_libARSPM_00319EB8,0x319EB8,sub_319EB8,0x318EE0,0x4ECB10;0x14803C;0x148054;0x2666F8
FN_libARSPM_00319F58,0x319F58,sub_319F58,0x34BDA4,0x30EC28;0x2D0B00;0x1680F4;0x14726C;0x2CFB5C;0x2CFB5C;0x2D1CE4;0x2D2954;0x2CFBC8;0x2D1CE4
FN_libARSPM_0031A3BC,0x31A3BC,sub_31A3BC,0x2DA5FC;0x319F58;0x31AD1C,0x2FA348;0x301BB8;0x2D09D8;0x31C16C
FN_libARSPM_0031A4B4,0x31A4B4,sub_31A4B4,0x319F58,0x31A918;0x2D1CE4;0x2D0ABC;0x1681A0;0x4ECB10;0x2FA1EC;0x2D39E8;0x2D09D8;0x4ECA80;0x31D268
FN_libARSPM_0031A918,0x31A918,sub_31A918,0x31A4B4;0x31AD1C;0x31AD1C;0x31AD1C,0x30EC28;0x2D1CE4;0x2D289C;0x2D1CE4;0x2D1CE4;0x30B2E4;0x2FFAEC;0x4ECA80;0x4ECA80;0x2ECC54
FN_libARSPM_0031AC38,0x31AC38,sub_31AC38,0x31AD1C;0x31AD1C;0x31AD1C,0x31D268
FN_libARSPM_0031ACA0,0x31ACA0,sub_31ACA0,0x31AD1C;0x31AD1C;0x31AD1C;0x31AD1C;0x31AD1C;0x31AD1C,0x4ECB10
FN_libARSPM_0031AD1C,0x31AD1C,sub_31AD1C,0x2DC1FC;0x34BFD4,0x30EC28;0x2D0B00;0x14726C;0x4ECA80;0x30EBAC;0x4ECA80;0x4ECA80;0x1681A0;0x4ECB10;0x2FA1EC
FN_libARSPM_0031BD34,0x31BD34,sub_31BD34,0x31AD1C;0x31AD1C;0x31AD1C;0x31C16C,0x3255B0
FN_libARSPM_0031BD88,0x31BD88,sub_31BD88,0x31AD1C;0x31AD1C;0x31AD1C,0x4ECB10;0x2FA038
FN_libARSPM_0031BE7C,0x31BE7C,sub_31BE7C,0x319CF0;0x31C16C,0x1D8FB8;0x26462C;0x1D93F8;0x207B3C;0x207B3C;0x2D1CE4;0x2D2608;0x30E330;0x30E308;0x30E308
FN_libARSPM_0031C16C,0x31C16C,sub_31C16C,0x254778;0x31A3BC,0x30EC28;0x4ECA80;0x2D0B00;0x2D0B00;0x146CF8;0x4ECA80;0x31CDDC;0x4ECB10;0x4ECB10;0x4ECB10
FN_libARSPM_0031CDDC,0x31CDDC,sub_31CDDC,0x31C16C;0x31C16C;0x31C16C,0x30EBAC;0x30EDAC;0x4ECB10;0x4ECB10;0x4ECB10
FN_libARSPM_0031CF78,0x31CF78,sub_31CF78,,0x167C6C;0x31D0B4;0x4ECB10;0x2FA038
FN_libARSPM_0031D0B4,0x31D0B4,sub_31D0B4,0x31CF78;0x31D268;0x31D268;0x31D268,0x2F9648;0x148298;0x31D268;0x2F969C;0x4ECB10;0x14803C;0x148054;0x4ECA80;0x4ECA80;0x31D268
FN_libARSPM_0031D268,0x31D268,sub_31D268,0x31A4B4;0x31AC38;0x31D0B4;0x31D0B4,0x1349B8;0x1348D0;0x4ECB10;0x2FA038;0x4ECB10;0x14803C;0x148054;0x2666F8;0x31D0B4;0x31D0B4
FN_libARSPM_0031D898,0x31D898,sub_31D898,0x318EE0,0x4ECB10;0x14803C;0x148054;0x2666F8;0x14E8AC
FN_libARSPM_0031D9EC,0x31D9EC,sub_31D9EC,0x31DB2C,0x31DBA4;0x4ECB10;0x2FA038;0x4ECB10;0x2FA038;0x4ECB10;0x14803C;0x148054;0x2666F8
FN_libARSPM_0031DB2C,0x31DB2C,sub_31DB2C,,0x31D9EC
FN_libARSPM_0031DBA4,0x31DBA4,sub_31DBA4,0x31D9EC,0x2D6820;0x4ECAB0;0x136DB8;0x2D68CC;0x4ECAB0;0x136DB8;0x2D6248;0x4ECAE0;0x4ECAE0;0x136D10
FN_libARSPM_0031DD68,0x31DD68,sub_31DD68,,0x2FA218;0x4ECB10;0x2FA218;0x4ECB10;0x2FA348;0x2FA348;0x2D48E0;0x2D09D8;0x2FA348;0x2FA348
FN_libARSPM_0031DF68,0x31DF68,sub_31DF68,0x31A918,
FN_libARSPM_0031E0D0,0x31E0D0,sub_31E0D0,0x31AD1C;0x349BB4,
FN_libARSPM_0031E130,0x31E130,sub_31E130,0x34AE00,
FN_libARSPM_0031E190,0x31E190,sub_31E190,0x2D68DC;0x2DBCCC;0x31E55C,0x2D1CE4;0x2D2B44;0x2D1CE4;0x4ECA80;0x31E820;0x4ECB10;0x4ECB10;0x4ECB10
FN_libARSPM_0031E330,0x31E330,sub_31E330,0x301860,0x2FE1D0;0x4ECA80;0x31E820;0x4ECB10;0x4ECB10;0x4ECB10;0x32544C;0x4ECB10
FN_libARSPM_0031E55C,0x31E55C,sub_31E55C,0x254778;0x254778;0x255BCC;0x2562C0;0x257040;0x2D6B50;0x30153C;0x31E704,0x2D1CE4;0x2D2954;0x2FE1D0;0x31E190;0x4ECB10;0x4ECB10;0x4ECB10
FN_libARSPM_0031E704,0x31E704,sub_31E704,0x2DC2C4;0x2E23CC;0x2E563C;0x301BB8,0x2D1CE4;0x2D2C98;0x4ECA80;0x31E55C;0x4ECB10
FN_libARSPM_0031E820,0x31E820,sub_31E820,0x30103C;0x31E190;0x31E330,0x2D06F8;0x3251A4;0x2D09D8;0x4ECB10;0x4ECB10;0x4ECB10;0x1E98D8;0x2D1CE4;0x30EC28;0x2D2C1C
FN_libARSPM_0031E99C,0x31E99C,sub_31E99C,0x252C80;0x254778;0x254778;0x254778;0x254778;0x255B90;0x255BCC;0x2562C0;0x2D68DC;0x2D68DC,0x4ECB10;0x4ECB10;0x2D09D8;0x4ECB10
FN_libARSPM_0031EA64,0x31EA64,sub_31EA64,,0x4ECB10;0x4ECB10;0x2D09D8;0x4ECB10
FN_libARSPM_0031EB48,0x31EB48,sub_31EB48,0x2DB6C4,0x1D8FB8;0x26462C;0x1D93F8;0x207B3C;0x207B3C;0x30EC28;0x2FFBB4;0x1E98D8;0x3FDAFC;0x207B3C
FN_libARSPM_0031ED34,0x31ED34,sub_31ED34,0x2D7BB4;0x3241D8;0x35BDC4;0x394E98,0x1756D8;0x31EE7C;0x1726D8;0x173B3C;0x172690;0x1756D8;0x3351FC;0x3351FC;0x31FE90
FN_libARSPM_0031EE7C,0x31EE7C,sub_31EE7C,0x255BCC;0x2562C0;0x2D87D0;0x2E7548;0x31ED34;0x3205FC;0x320CA0,0x3351FC;0x2D1CE4;0x317D1C;0x31F15C;0x1726D8;0x3356FC;0x3356FC;0x2E6B20;0x174980;0x324F98
FN_libARSPM_0031F15C,0x31F15C,sub_31F15C,0x31EE7C;0x31FE90;0x3209CC,0x2FC5C8;0x3357A0;0x1B5FF0;0x336B00;0x1AA874;0x1B62D8;0x1B62D8;0x33602C;0x31F798;0x256004
FN_libARSPM_0031F798,0x31F798,sub_31F798,0x31F15C;0x31F15C,
FN_libARSPM_0031F7A4,0x31F7A4,sub_31F7A4,,0x3357A0
FN_libARSPM_0031F82C,0x31F82C,sub_31F82C,0x31F15C,
FN_libARSPM_0031F870,0x31F870,sub_31F870,0x31F15C,
FN_libARSPM_0031F8D8,0x31F8D8,sub_31F8D8,0x2D8A58;0x2D8F20;0x2E563C;0x31F15C;0x324698,0x1D8FB8;0x26462C;0x1D93F8;0x207B3C;0x207B3C;0x1DA744;0x317D24;0x30EC28;0x317D1C;0x1726D8
FN_libARSPM_0031FDF8,0x31FDF8,sub_31FDF8,0x31F15C,0x1DA608
FN_libARSPM_0031FE90,0x31FE90,sub_31FE90,0x2D87D0;0x2E23CC;0x2E4084;0x2E6BB0;0x2E7548;0x3170E4;0x3170E4;0x3170E4;0x317448;0x317A3C,0x1D8FB8;0x26462C;0x1D93F8;0x207B3C;0x207B3C;0x317D24;0x31F15C;0x30EC28;0x371AFC;0x3200B4
FN_libARSPM_003200B4,0x3200B4,sub_3200B4,0x2DCA20;0x31EE7C;0x31F8D8;0x31FE90;0x3209CC;0x320CA0;0x321718;0x321B50;0x321DD8;0x322064,0x1D8FB8;0x26462C;0x1D93F8;0x207B3C;0x207B3C;0x30E308;0x1B5FF0;0x1B62D8;0x317D1C;0x317D1C
FN_libARSPM_003205FC,0x3205FC,sub_3205FC,0x256074;0x2E7548,0x317D1C;0x3351FC;0x3209CC;0x4ECB10;0x4ECB10;0x4ECA80;0x1756D8;0x331AF0;0x4ECA80;0x1756D8
FN_libARSPM_003209CC,0x3209CC,sub_3209CC,0x2E7548;0x3205FC,0x1D8FB8;0x26462C;0x1D93F8;0x207B3C;0x207B3C;0x317D24;0x31F15C;0x30EC28;0x39E3B4;0x3200B4
FN_libARSPM_00320CA0,0x320CA0,sub_320CA0,0x2D83BC;0x2E23CC;0x323078;0x324698,0x1D8FB8;0x26462C;0x1D93F8;0x207B3C;0x207B3C;0x317D24;0x1DA744;0x31EE7C;0x1DA744;0x1DA744
FN_libARSPM_00321154,0x321154,sub_321154,0x31F8D8;0x320CA0;0x323078;0x323600;0x3241D8,0x1D8FB8;0x26462C;0x1D93F8;0x207B3C;0x207B3C;0x339B34;0x30EC28;0x317D1C;0x30EC28;0x1DA744
FN_libARSPM_00321594,0x321594,sub_321594,0x321154;0x321154,0x2666F8;0x18D3DC;0x2666F8;0x4ECB10;0x18D3DC
FN_libARSPM_00321654,0x321654,sub_321654,0x2DF888,0x30EC28;0x317D1C
FN_libARSPM_0032169C,0x32169C,sub_32169C,0x3200B4,0x30EC28;0x317D1C;0x3252AC
FN_libARSPM_00321718,0x321718,sub_321718,0x321718,0x30EC28;0x317D1C;0x3252AC;0x30E308;0x1B5FF0;0x317D1C;0x317D1C;0x30D2F8;0x1756D8;0x371BE4
FN_libARSPM_00321928,0x321928,sub_321928,0x2E941C,0x1D8FB8;0x26462C;0x1D93F8;0x207B3C;0x207B3C;0x317D24;0x30EC28;0x39ED38;0x4ECB10;0x2ED440
FN_libARSPM_00321B50,0x321B50,sub_321B50,0x2D7D60;0x2DAEE8,0x1D8FB8;0x26462C;0x1D93F8;0x207B3C;0x207B3C;0x317D24;0x4ECA80;0x30EC28;0x36BB98;0x4ECB10
FN_libARSPM_00321DD8,0x321DD8,sub_321DD8,0x2DB14C,0x1D8FB8;0x26462C;0x1D93F8;0x207B3C;0x207B3C;0x317D24;0x2D0B00;0x2D0B08;0x30EC28;0x36BA80
FN_libARSPM_00322064,0x322064,sub_322064,0x2DB4BC,0x1D8FB8;0x26462C;0x1D93F8;0x207B3C;0x207B3C;0x317D24;0x30EC28;0x369A10;0x3200B4;0x2ED440
FN_libARSPM_00322268,0x322268,sub_322268,0x2DB368,0x1D8FB8;0x26462C;0x1D93F8;0x207B3C;0x207B3C;0x207B3C;0x1726D8;0x172858;0x18E55C;0x1AB90C
FN_libARSPM_00322AD8,0x322AD8,sub_322AD8,0x2D9564;0x2DC4C0,0x1D8FB8;0x26462C;0x1D93F8;0x207B3C;0x207B3C;0x1726D8;0x1DA744;0x1DA744;0x30EC28;0x387380
FN_libARSPM_00322D8C,0x322D8C,sub_322D8C,0x2D7D60;0x2D975C;0x322AD8,0x1D8FB8;0x26462C;0x1D93F8;0x207B3C;0x207B3C;0x18D364;0x4ECA80;0x14E8AC;0x3241D8;0x2666F8
FN_libARSPM_00323078,0x323078,sub_323078,0x2D9ABC;0x324698,0x1D8FB8;0x26462C;0x1D93F8;0x207B3C;0x207B3C;0x1DA744;0x320CA0;0x317D24;0x30EC28;0x317D1C
FN_libARSPM_00323600,0x323600,sub_323600,0x2D9D78,0x1D8FB8;0x26462C;0x1D93F8;0x207B3C;0x207B3C;0x317D24;0x30EC28;0x317D1C;0x374944;0x3200B4
FN_libARSPM_00323910,0x323910,sub_323910,0x2DA944,0x1D8FB8;0x26462C;0x1D93F8;0x207B3C;0x207B3C;0x317D24;0x37DE8C;0x2DC91C;0x4ECB10;0x4ECB10
FN_libARSPM_00323BB4,0x323BB4,sub_323BB4,0x2DBA68,0x1D8FB8;0x26462C;0x1D93F8;0x207B3C;0x207B3C;0x36F960;0x325DA0;0x207B3C
FN_libARSPM_00323D70,0x323D70,sub_323D70,,0x3252AC
FN_libARSPM_00323DB0,0x323DB0,sub_323DB0,0x316FDC,0x3252AC;0x1D8FB8;0x26462C;0x1D93F8;0x207B3C;0x207B3C;0x317D24;0x317D1C;0x30BE30;0x2ED440
FN_libARSPM_003241D8,0x3241D8,sub_3241D8,0x2E23CC;0x2E23CC;0x2E3E90;0x322D8C,0x1D8FB8;0x26462C;0x1D93F8;0x207B3C;0x207B3C;0x317D24;0x321154;0x2ED440;0x31ED34;0x207B3C
FN_libARSPM_00324384,0x324384,sub_324384,0x2D7D60;0x324698,0x1AA464;0x317D1C;0x2D1CE4;0x324F98;0x4ECB10;0x3F6804;0x1416F0;0x1734FC;0x1AA874;0x36FED4
FN_libARSPM_00324698,0x324698,sub_324698,0x321154,0x30EC28;0x33A66C;0x1DA744;0x33B4C0;0x320CA0;0x1DA744;0x1726D8;0x317D1C;0x33B688;0x392E70
FN_libARSPM_003248FC,0x3248FC,sub_3248FC,0x321154,
FN_libARSPM_0032490C,0x32490C,sub_32490C,,0x1DA744;0x1DA744
FN_libARSPM_00324954,0x324954,sub_324954,0x3200B4,0x30EC28;0x317D1C;0x30EC28;0x3252AC;0x2D2BF8;0x3252AC;0x317D1C;0x30EC28;0x2D2BF8;0x3252E4
FN_libARSPM_00324D34,0x324D34,sub_324D34,0x324954,0x4ECB10
FN_libARSPM_00324DC0,0x324DC0,sub_324DC0,0x324954,0x3252AC;0x3252E4
FN_libARSPM_00324E00,0x324E00,sub_324E00,,0x4ECB10;0x4ECB10;0x2D09D8;0x4ECB10
FN_libARSPM_00324EC8,0x324EC8,sub_324EC8,,0x4ECB10;0x4ECB10;0x2D09D8;0x4ECB10
FN_libARSPM_00324F98,0x324F98,sub_324F98,0x31EE7C;0x31F8D8;0x323078;0x324384;0x3252E4;0x35BDC4;0x394E98;0x394E98;0x395458;0x395458,0x4ECA80;0x14119C;0x3F69CC;0x4ECB10;0x3F6804;0x1416F0
FN_libARSPM_003250C8,0x3250C8,sub_3250C8,,0x3200B4;0x4ECB10
FN_libARSPM_003251A4,0x3251A4,sub_3251A4,0x30103C;0x30153C;0x301860;0x31E820,0x317CE4;0x4ECB10;0x2FFAEC;0x2EC240;0x4ECA80;0x4ECB10
FN_libARSPM_003252AC,0x3252AC,sub_3252AC,0x3200B4;0x3200B4;0x3200B4;0x32169C;0x321718;0x323D70;0x323DB0;0x324954;0x324954;0x324DC0,0x3252E4
FN_libARSPM_003252E4,0x3252E4,sub_3252E4,0x3200B4;0x324954;0x324DC0;0x3252AC;0x32544C;0x3257D4;0x325D54;0x325DA0;0x325E38;0x325E38,0x317D24;0x4ECA80;0x324F98;0x2EC328;0x4ECB10;0x3F6804;0x1416F0;0x4ECB10;0x4ECB10;0x4ECB10
FN_libARSPM_0032544C,0x32544C,sub_32544C,0x30153C;0x301860;0x31E330,0x1D8FB8;0x26462C;0x1D93F8;0x207B3C;0x207B3C;0x317D24;0x3252E4;0x3822CC;0x2ED440;0x207B3C
FN_libARSPM_003255B0,0x3255B0,sub_3255B0,0x2E9734;0x2E9734;0x2E9734;0x31BD34;0x3259DC;0x325C84;0x34712C;0x34B7D8,0x1D8FB8;0x26462C;0x1D93F8;0x207B3C;0x207B3C;0x317D24;0x2FC54C;0x1756D8;0x371BE4;0x3257D4
FN_libARSPM_003257D4,0x3257D4,sub_3257D4,0x3255B0;0x325E38,0x317D1C;0x1B62D8;0x3252E4;0x2FFAEC;0x317D24;0x38067C;0x4ECB10
FN_libARSPM_003259DC,0x3259DC,sub_3259DC,0x161074;0x255AE8,0x32B614;0x3255B0
FN_libARSPM_00325AAC,0x325AAC,sub_325AAC,0x2DBCCC;0x30E380,0x1756D8;0x331AF0;0x4ECB10;0x325C84
FN_libARSPM_00325C84,0x325C84,sub_325C84,0x325AAC,0x173384;0x32B614;0x3255B0
FN_libARSPM_00325D54,0x325D54,sub_325D54,0x30E380,0x3252E4;0x4ECA80
FN_libARSPM_00325DA0,0x325DA0,sub_325DA0,0x321718;0x323BB4,0x317D24;0x3252E4;0x317D1C;0x3801C0
FN_libARSPM_00325E38,0x325E38,sub_325E38,0x257040;0x257040;0x2D6E70;0x2E23CC;0x2E563C,0x1D8FB8;0x26462C;0x1D93F8;0x207B3C;0x207B3C;0x30E308;0x1B5FF0;0x317D1C;0x317D1C;0x317D1C
FN_libARSPM_00326330,0x326330,sub_326330,0x2DA8D8,0x3F2954;0x3F2B94;0x2FFC00;0x2D5468;0x3F2620;0x134F28;0x13502C;0x1B62D8;0x174980;0x3F2BF0
FN_libARSPM_00326950,0x326950,sub_326950,,0x2D1B70;0x1D99C4;0x1D99C4;0x2D1B70;0x2D1B70;0x1D99C4;0x2D1B70;0x2843C4;0x2F24F0;0x2D1B70
FN_libARSPM_00326FAC,0x326FAC,sub_326FAC,,0x1EBF9C;0x342268
FN_libARSPM_00327020,0x327020,sub_327020,0x348444;0x348AA8,0x1756D8;0x331BEC;0x4ECB10;0x2FCC88;0x2F0064;0x32B614
FN_libARSPM_003271B8,0x3271B8,sub_3271B8,0x31C16C;0x348444;0x348AA8,0x1756D8;0x331D80;0x4ECB10;0x2FCC88;0x2F0064;0x32B614
FN_libARSPM_00327364,0x327364,sub_327364,0x348444;0x348AA8,0x1756D8;0x331F04;0x4ECB10;0x2FCC88;0x2F0064;0x32B614
FN_libARSPM_0032756C,0x32756C,sub_32756C,,0x1D8FA8
FN_libARSPM_0032765C,0x32765C,sub_32765C,,0x2666F8;0x1D93F8
FN_libARSPM_003276E4,0x3276E4,sub_3276E4,,0x2666F8
FN_libARSPM_00327770,0x327770,sub_327770,,0x2FCC88;0x2F0280
FN_libARSPM_00327804,0x327804,sub_327804,,0x2FCC88;0x2F0280
FN_libARSPM_00327898,0x327898,sub_327898,,0x1D8FA8
FN_libARSPM_00327904,0x327904,sub_327904,0x2E085C;0x2E435C;0x2E4B0C;0x2E563C;0x2E7548;0x2F05AC;0x2F08B0;0x2F18B4;0x2F1BFC;0x2F1FAC,0x327978
FN_libARSPM_00327978,0x327978,sub_327978,0x327904,0x2FCC88;0x327C24;0x2F0064;0x2F0064
FN_libARSPM_00327A8C,0x327A8C,sub_327A8C,,0x2666F8
FN_libARSPM_00327B18,0x327B18,sub_327B18,,0x140E28
FN_libARSPM_00327BBC,0x327BBC,sub_327BBC,,0x33C39C
FN_libARSPM_00327C24,0x327C24,sub_327C24,0x327978,
FN_libARSPM_00327D9C,0x327D9C,sub_327D9C,,0x2666F8;0x1D93F8
FN_libARSPM_00327E24,0x327E24,sub_327E24,,0x2F24F0;0x2F24F0;0x33C2BC;0x2D1B70;0x3F1AB4;0x2D1B70;0x1D93F8;0x1D93F8
FN_libARSPM_00327F84,0x327F84,sub_327F84,0x328108,0x1756D8;0x331AF0;0x2F0064;0x4ECB10;0x2F0064
FN_libARSPM_003280A8,0x3280A8,sub_3280A8,,0x1D8FA8
FN_libARSPM_00328108,0x328108,sub_328108,0x2F5F00,0x3155FC;0x2FCC88;0x327F84;0x4ECB10
FN_libARSPM_00328204,0x328204,sub_328204,,0x2666F8
FN_libARSPM_00328290,0x328290,sub_328290,,0x2FCC88;0x2F0280
FN_libARSPM_00328320,0x328320,sub_328320,,0x2666F8;0x1D93F8
FN_libARSPM_003283A8,0x3283A8,sub_3283A8,,0x2F24F0;0x2F24F0;0x2F24F0;0x2F24F0;0x2F24F0;0x2D1B70;0x1D93F8;0x1D93F8;0x1D93F8;0x1D93F8
FN_libARSPM_00328500,0x328500,sub_328500,0x2DF888,0x18E080;0x18DAC4;0x18DAF4;0x2F08B0;0x1926B8;0x1923B0;0x1AA23C;0x2F08B0;0x1923B0;0x1AA23C
FN_libARSPM_003289C4,0x3289C4,sub_3289C4,,0x2666F8
FN_libARSPM_00328A70,0x328A70,sub_328A70,,0x1D8FA8
FN_libARSPM_00328B08,0x328B08,sub_328B08,,0x2FCC88;0x2F0280
FN_libARSPM_00328C24,0x328C24,sub_328C24,,0x2666F8;0x1D93F8
FN_libARSPM_00328CAC,0x328CAC,sub_328CAC,,0x1D99C4;0x2D1B70;0x1D99C4;0x1D99C4;0x2F24F0;0x2D1B70;0x1D93F8
FN_libARSPM_00328F94,0x328F94,sub_328F94,0x2FC588,
FN_libARSPM_00329070,0x329070,sub_329070,,0x2CFAA0;0x2666C0
FN_libARSPM_00329094,0x329094,sub_329094,,0x2FCC88;0x31412C
FN_libARSPM_00329174,0x329174,sub_329174,,0x33C39C
FN_libARSPM_003292A8,0x3292A8,sub_3292A8,,0x2FCC88;0x314148;0x2FCC88;0x31412C
FN_libARSPM_0032942C,0x32942C,sub_32942C,,0x33C2BC;0x2D1B70;0x314588
FN_libARSPM_00329550,0x329550,sub_329550,0x3A7E44,0x2FCC88;0x31412C
FN_libARSPM_003295EC,0x3295EC,sub_3295EC,,0x342558;0x1D8FB8;0x1D91C4;0x1D8FA8;0x1D8FA8;0x1D93F8;0x1D8FB8;0x1D91C4;0x1D8FA8;0x1D8FA8
FN_libARSPM_00329A40,0x329A40,sub_329A40,0x2576BC,0x1756D8;0x331D80;0x1756D8;0x331F04;0x4ECB10;0x2FCC88;0x329C90
FN_libARSPM_00329C90,0x329C90,sub_329C90,0x329A40,0x2F0064;0x256C78
FN_libARSPM_00329E24,0x329E24,sub_329E24,,0x1D8FA8
FN_libARSPM_00329F0C,0x329F0C,sub_329F0C,,0x2666F8;0x1D93F8
FN_libARSPM_00329F94,0x329F94,sub_329F94,,0x2666F8
FN_libARSPM_0032A020,0x32A020,sub_32A020,,0x2FCC88;0x2F0280
FN_libARSPM_0032A0E4,0x32A0E4,sub_32A0E4,0x32B328,0x2D1D28;0x2666F8;0x14E8AC;0x3F2364;0x2FFBC0;0x31189C;0x1756D8;0x331AF0;0x4ECB10;0x134F28
FN_libARSPM_0032A7A8,0x32A7A8,sub_32A7A8,0x32AAB4;0x32AAB4,0x2D1B70;0x1D99C4;0x1D99C4;0x1D99C4;0x2F24F0;0x2D1B70;0x2D1B70;0x2D1B70;0x1D93F8;0x2D1B70
FN_libARSPM_0032AAB4,0x32AAB4,sub_32AAB4,,0x1D99C4;0x2D1B70;0x32A7A8;0x32A7A8;0x2D1B70;0x2D1B70;0x2D1B70;0x2D1B70;0x2F24F0;0x2D1B70
FN_libARSPM_0032AF34,0x32AF34,sub_32AF34,0x32B328,0x2F0064;0x2F0064
FN_libARSPM_0032B08C,0x32B08C,sub_32B08C,,0x2FCC88;0x2F0280
FN_libARSPM_0032B1C0,0x32B1C0,sub_32B1C0,,0x1D8FA8
FN_libARSPM_0032B328,0x32B328,sub_32B328,0x255BCC;0x25DB4C,0x32A0E4;0x1756D8;0x331D80;0x4ECB10;0x2FCC88;0x32AF34
FN_libARSPM_0032B500,0x32B500,sub_32B500,,0x2666F8;0x1D93F8
FN_libARSPM_0032B588,0x32B588,sub_32B588,,0x2666F8
FN_libARSPM_0032B614,0x32B614,sub_32B614,0x2E435C;0x2F3F74;0x2F3F74;0x2F3F74;0x2F3F74;0x2F3F74;0x2F3F74;0x3259DC;0x325C84;0x327020,0x1726AC;0x1726AC;0x172B8C;0x2FCC88;0x1726AC;0x2F0064
FN_libARSPM_0032B7AC,0x32B7AC,sub_32B7AC,,0x1D8FA8
FN_libARSPM_0032B828,0x32B828,sub_32B828,,0x2FCC88;0x2F0280
FN_libARSPM_0032B8C4,0x32B8C4,sub_32B8C4,,0x2666F8
FN_libARSPM_0032B984,0x32B984,sub_32B984,,0x2666F8;0x1D93F8
FN_libARSPM_0032BA0C,0x32BA0C,sub_32BA0C,,0x2F2620;0x2D1B70;0x1D93F8
FN_libARSPM_0032BABC,0x32BABC,sub_32BABC,,0x2EFDF0;0x33220C;0x172B8C;0x342214
FN_libARSPM_0032BB48,0x32BB48,sub_32BB48,0x32C0FC,0x1D8FB8;0x1D91C4;0x1D8FA8;0x1D8FA8;0x1D93F8;0x1D8FB8;0x1D91C4;0x1D8FA8;0x1D8FA8;0x1D93F8
FN_libARSPM_0032C0FC,0x32C0FC,sub_32C0FC,,0x32BB48;0x2D1B70;0x2D1B70;0x2D1B70;0x2D1B70;0x2D1B70;0x2D1B70;0x1D99C4;0x2D1B70;0x1D99C4
FN_libARSPM_0032C530,0x32C530,sub_32C530,,0x13502C;0x13502C
FN_libARSPM_0032C5F0,0x32C5F0,sub_32C5F0,,0x13502C;0x13502C;0x2666F8
FN_libARSPM_0032C6B4,0x32C6B4,sub_32C6B4,,0x2FCC88;0x2F0280;0x134F60;0x134F60
FN_libARSPM_0032C850,0x32C850,sub_32C850,,0x1D8FA8
FN_libARSPM_0032C954,0x32C954,sub_32C954,,0x2666F8;0x1D93F8
FN_libARSPM_0032CA48,0x32CA48,sub_32CA48,,0x33C39C
FN_libARSPM_0032CA8C,0x32CA8C,sub_32CA8C,,0x2FCC88;0x314148
FN_libARSPM_0032CBCC,0x32CBCC,sub_32CBCC,0x2FC54C;0x2FC5C8;0x2FC5C8,
FN_libARSPM_0032CBE8,0x32CBE8,sub_32CBE8,,0x2CFAA0;0x2666C0
FN_libARSPM_0032CC0C,0x32CC0C,sub_32CC0C,,0x3F1D08;0x3F1D30;0x3F1D08;0x3F1D08;0x2FCC88;0x314148;0x2FCC88;0x314148;0x3F1D08
FN_libARSPM_0032CDBC,0x32CDBC,sub_32CDBC,,0x3F1D30;0x3F1D08
FN_libARSPM_0032CEF4,0x32CEF4,sub_32CEF4,0x2FCA84;0x33D390;0x34DD00;0x3519C8;0x3519C8;0x3C2658;0x3D8BC8,0x3F1D08;0x314148;0x3F1D30;0x2FCC88;0x314148;0x3F1D08;0x2FCC88;0x314148;0x2FCC88;0x314148
FN_libARSPM_0032D17C,0x32D17C,sub_32D17C,0x31422C,0x3F1D30;0x3F1D08
FN_libARSPM_0032D3B4,0x32D3B4,sub_32D3B4,,0x32D414
FN_libARSPM_0032D414,0x32D414,sub_32D414,0x32D3B4,
FN_libARSPM_0032D4DC,0x32D4DC,sub_32D4DC,,0x2CFAA0;0x2666C0
FN_libARSPM_0032D504,0x32D504,sub_32D504,,0x33C2BC;0x2D1B70;0x314588
FN_libARSPM_0032D5F8,0x32D5F8,sub_32D5F8,,0x2D1B70
FN_libARSPM_0032D6D0,0x32D6D0,sub_32D6D0,0x2D931C;0x2DF888,0x32DD98;0x2F18B4;0x32F5EC;0x2F18B4;0x32DC84;0x1AAAA8;0x2FCC88;0x2F0064;0x2F18B4;0x32DD98
FN_libARSPM_0032DC84,0x32DC84,sub_32DC84,0x32D6D0,0x2FCC88;0x2F0064
FN_libARSPM_0032DD98,0x32DD98,sub_32DD98,0x32D6D0;0x32D6D0,0x2FCC88;0x2F0064
FN_libARSPM_0032DE9C,0x32DE9C,sub_32DE9C,,0x2666F8
FN_libARSPM_0032DF28,0x32DF28,sub_32DF28,,0x2FCC88;0x2F0280
FN_libARSPM_0032DFD4,0x32DFD4,sub_32DFD4,,0x1D8FA8
FN_libARSPM_0032E15C,0x32E15C,sub_32E15C,,0x2666F8;0x1D93F8
FN_libARSPM_0032E1E4,0x32E1E4,sub_32E1E4,,0x1D8FA8;0x1D9E20;0x2D1B70;0x2D1B70;0x1D99C4;0x1D9E20;0x2D1B70;0x2D1B70;0x2D1B70;0x2D1B70
FN_libARSPM_0032E828,0x32E828,sub_32E828,,0x2CFAA0;0x2666C0
FN_libARSPM_0032EAC8,0x32EAC8,sub_32EAC8,,0x2666F8
FN_libARSPM_0032EB54,0x32EB54,sub_32EB54,,0x2FCC88;0x2F0280
FN_libARSPM_0032EC00,0x32EC00,sub_32EC00,,0x1D8FA8
FN_libARSPM_0032EE44,0x32EE44,sub_32EE44,,0x2666F8;0x1D93F8
FN_libARSPM_0032EECC,0x32EECC,sub_32EECC,,0x2D1B70;0x2D1B70;0x1D99C4;0x2D1B70;0x2D1B70;0x2D1B70;0x2D1B70;0x1D99C4;0x2D1B70;0x1D99C4
FN_libARSPM_0032F2CC,0x32F2CC,sub_32F2CC,,0x2CFAA0;0x2666C0
FN_libARSPM_0032F5EC,0x32F5EC,sub_32F5EC,0x32D6D0,0x2F1FAC;0x2F1BFC
FN_libARSPM_0032F698,0x32F698,sub_32F698,0x2F398C,0x1BE2A0;0x2FCD34;0x1BE2A0;0x2F0064;0x2F0064;0x2F0064;0x32FAAC;0x4ECB10
FN_libARSPM_0032F9B4,0x32F9B4,sub_32F9B4,0x2E6C40;0x2E6DB4;0x2E6EF8;0x2F0778;0x2F0D60;0x2F6F88;0x316AEC;0x316AEC;0x3466E4;0x3466E4,0x2F0064
FN_libARSPM_0032FA3C,0x32FA3C,sub_32FA3C,0x2E6C40;0x2E6DB4;0x2E6EF8;0x2EA864;0x2F04A4;0x2F0778;0x2F0D60;0x2F1614;0x2F1AD0;0x2F1E80,0x2F0064
FN_libARSPM_0032FAAC,0x32FAAC,sub_32FAAC,0x32F698,0x146A0C;0x2D11B4;0x146A0C;0x2D11B4;0x2F0064;0x2F0064
FN_libARSPM_0032FC00,0x32FC00,sub_32FC00,0x2E6C40;0x2E6DB4;0x2E6EF8;0x2EA864;0x2F04A4;0x2F0778;0x2F0D60;0x2F1614;0x2F1AD0;0x2F1E80,0x1BE2A0
FN_libARSPM_0032FCF0,0x32FCF0,sub_32FCF0,,0x1D8FA8
FN_libARSPM_0032FD60,0x32FD60,sub_32FD60,,0x1BC1B0
FN_libARSPM_0032FF54,0x32FF54,sub_32FF54,,0x1BE2A0;0x2FCD34;0x2F0280;0x4ECA80
FN_libARSPM_00330074,0x330074,sub_330074,,0x1BC48C;0x1BC48C;0x14119C;0x1AD838;0x1ADC70;0x28CB44;0x1AD854;0x1B07A0;0x1416F0;0x1416F0
FN_libARSPM_003301D0,0x3301D0,sub_3301D0,,0x4ECB10
FN_libARSPM_00330290,0x330290,sub_330290,,0x4ECB10;0x2666F8
FN_libARSPM_00330374,0x330374,sub_330374,,0x2666F8
FN_libARSPM_00330410,0x330410,sub_330410,,0x2666F8;0x1D93F8
FN_libARSPM_003304B4,0x3304B4,sub_3304B4,,0x2F24F0;0x2D1B70;0x1D93F8;0x2F24F0;0x2D1B70;0x1D93F8;0x1D8FA8;0x1DA35C;0x1D95B8;0x1D93F8
FN_libARSPM_00330860,0x330860,sub_330860,,0x342558;0x1D93F8;0x178340
FN_libARSPM_003309B0,0x3309B0,sub_3309B0,,0x284E0C;0x331398;0x1D9318;0x283C7C;0x1D93F8;0x178340;0x331384;0x15E650
FN_libARSPM_00330E58,0x330E58,sub_330E58,,0x2F24F0;0x1D93F8;0x178340
FN_libARSPM_00330F64,0x330F64,sub_330F64,,0x2F24F0;0x1D93F8;0x178340
FN_libARSPM_00331048,0x331048,sub_331048,,0x2F24F0;0x1D93F8;0x178340
FN_libARSPM_0033116C,0x33116C,sub_33116C,,0x2843C4;0x2F24F0;0x2843C4;0x1D93F8
FN_libARSPM_00331278,0x331278,sub_331278,,0x2843C4;0x2F24F0;0x2843C4;0x1D93F8
FN_libARSPM_00331384,0x331384,sub_331384,0x3309B0;0x36E7B4,0x15E638
FN_libARSPM_00331398,0x331398,sub_331398,0x3309B0;0x34256C;0x343484,
FN_libARSPM_003313C0,0x3313C0,sub_3313C0,0x331BEC;0x331D80;0x331F04;0x332088,0x30F408;0x30E308;0x30E308;0x30FC6C;0x331894;0x331894;0x30FC6C
FN_libARSPM_00331894,0x331894,sub_331894,0x3313C0;0x3313C0,
FN_libARSPM_00331AF0,0x331AF0,sub_331AF0,0x2E23CC;0x2E4084;0x2E435C;0x2E435C;0x2E4B0C;0x2E4B0C;0x2E563C;0x2E563C;0x2E9734;0x2E9734,0x2FCC88;0x32B614
FN_libARSPM_00331BEC,0x331BEC,sub_331BEC,0x2F3F74;0x2F76CC;0x2F76CC;0x316088;0x327020;0x348444;0x348AA8;0x349BB4;0x39E3B4,0x3313C0;0x2FCC88;0x32B614
FN_libARSPM_00331D80,0x331D80,sub_331D80,0x3205FC;0x3271B8;0x329A40;0x32B328;0x348444;0x348AA8;0x349BB4;0x39E3B4,0x3313C0;0x2FCC88;0x32B614
FN_libARSPM_00331F04,0x331F04,sub_331F04,0x254778;0x2562C0;0x2E085C;0x31C16C;0x327364;0x329A40;0x348444;0x348AA8;0x349BB4;0x39E3B4,0x3313C0;0x2FCC88;0x32B614
FN_libARSPM_00332088,0x332088,sub_332088,0x349BB4,0x3313C0;0x2FCC88;0x32B614
FN_libARSPM_0033220C,0x33220C,sub_33220C,0x32BABC,0x30EBAC;0x30EBAC;0x30F408
FN_libARSPM_003323AC,0x3323AC,sub_3323AC,,0x2D1B70;0x3427A8;0x2D1B70;0x30EBAC;0x30F408;0x30EBAC;0x30F408;0x1D99C4;0x1D99C4;0x1D99C4
FN_libARSPM_0033328C,0x33328C,sub_33328C,0x3323AC;0x3323AC,0x1D99C4;0x2D1B70;0x2D1B70;0x2D1B70;0x2D1B70;0x2D1B70;0x1D99C4;0x2D1B70;0x2D1B70;0x2D1B70
FN_libARSPM_003336BC,0x3336BC,sub_3336BC,,0x30EBAC;0x30EBAC;0x30EBAC
FN_libARSPM_003338E8,0x3338E8,sub_3338E8,,0x1D8FA8
FN_libARSPM_003339C0,0x3339C0,sub_3339C0,,0x30EB38
FN_libARSPM_00333B14,0x333B14,sub_333B14,,0x2FCC88;0x4ECA80
FN_libARSPM_00333BEC,0x333BEC,sub_333BEC,,0x2666F8;0x1D93F8
FN_libARSPM_00333C74,0x333C74,sub_333C74,,0x4ECB10
FN_libARSPM_00333D34,0x333D34,sub_333D34,,0x4ECB10;0x2666F8
FN_libARSPM_00333DF8,0x333DF8,sub_333DF8,0x352FCC;0x367570;0x3A1CA4;0x3A234C,0x175418;0x172A20;0x172CC4;0x174B9C;0x172A20;0x172CC4;0x174B9C;0x172A20;0x172CC4;0x174B9C
FN_libARSPM_00333F70,0x333F70,sub_333F70,0x20D550;0x35B530;0x3687D0;0x3687D0,
FN_libARSPM_00333FFC,0x333FFC,sub_333FFC,0x20D550;0x333FFC;0x333FFC;0x35B530;0x3687D0;0x3687D0,0x1AA630;0x333FFC;0x333FFC
FN_libARSPM_0033410C,0x33410C,sub_33410C,0x20D64C;0x35AFD0;0x3687D0;0x39922C,
FN_libARSPM_003341C0,0x3341C0,sub_3341C0,0x20D64C;0x3341C0;0x3341C0;0x35AFD0;0x3687D0,0x1AA630;0x1AA630;0x3341C0;0x3341C0
FN_libARSPM_00334318,0x334318,sub_334318,0x34F1DC;0x3557E8,
FN_libARSPM_003344D4,0x3344D4,sub_3344D4,0x352FCC,
FN_libARSPM_00334644,0x334644,sub_334644,0x352FCC;0x352FCC;0x38E964,0x1966EC;0x334728
FN_libARSPM_00334728,0x334728,sub_334728,0x334644;0x334728;0x334728,0x1349B8;0x1348D0;0x2666F8;0x1AA22C;0x1AA22C;0x1964B8;0x334728;0x334728;0x1349B8;0x1348D0
FN_libARSPM_00334A58,0x334A58,sub_334A58,0x34F1DC,0x1966EC;0x334B3C
FN_libARSPM_00334B3C,0x334B3C,sub_334B3C,0x334A58;0x334B3C;0x334B3C,0x1349B8;0x1348D0;0x2666F8;0x1AA22C;0x1349B8;0x1348D0;0x2666F8;0x1AA22C;0x1AA22C;0x1349B8
FN_libARSPM_003351FC,0x3351FC,sub_3351FC,0x2D87D0;0x2DCD84;0x2E23CC;0x2E23CC;0x2E4084;0x2E4084;0x2E6BB0;0x2E6BB0;0x2E7548;0x3170E4,0x1726D8;0x1726AC;0x1726D8;0x1726D8;0x17296C;0x1726AC
FN_libARSPM_0033545C,0x33545C,sub_33545C,0x2D87D0;0x2D87D0;0x2E7548;0x2E7548;0x2E7548;0x2E7548;0x324384;0x324384;0x39ED38;0x39ED38,0x1726AC;0x1726D8;0x17296C;0x1726D8;0x1726AC;0x1726AC
FN_libARSPM_00335688,0x335688,sub_335688,0x335A14,
FN_libARSPM_003356FC,0x3356FC,sub_3356FC,0x31EE7C;0x31EE7C;0x39E3B4;0x39EB64;0x39EB64,
FN_libARSPM_003357A0,0x3357A0,sub_3357A0,0x31F15C;0x31F7A4;0x371C6C;0x385DE8;0x39E3B4;0x39F37C;0x39FD3C,
FN_libARSPM_003359CC,0x3359CC,sub_3359CC,0x371B04;0x39E3B4;0x39F37C,
FN_libARSPM_00335A14,0x335A14,sub_335A14,,0x335688
FN_libARSPM_00335A50,0x335A50,sub_335A50,0x371C6C;0x39FEF4,
FN_libARSPM_0033602C,0x33602C,sub_33602C,0x31F15C;0x31F15C;0x31F15C;0x31F15C,0x336990;0x3385CC;0x3385CC;0x3385CC;0x3385CC
FN_libARSPM_00336990,0x336990,sub_336990,0x33602C,
FN_libARSPM_00336B00,0x336B00,sub_336B00,0x31F15C;0x371C6C;0x39E3B4;0x39F37C,
FN_libARSPM_00336CC0,0x336CC0,sub_336CC0,0x2DCD84;0x385DE8,0x336D84
FN_libARSPM_00336D84,0x336D84,sub_336D84,0x336CC0,
FN_libARSPM_00336E50,0x336E50,sub_336E50,0x337EE0,
FN_libARSPM_003374F4,0x3374F4,sub_3374F4,0x337EE0;0x338154,
FN_libARSPM_003379E8,0x3379E8,sub_3379E8,0x385DE8,0x338154;0x337EE0
FN_libARSPM_00337EE0,0x337EE0,sub_337EE0,0x3379E8;0x33831C,0x336E50;0x3374F4
FN_libARSPM_00338154,0x338154,sub_338154,0x3379E8;0x33831C,0x3374F4
FN_libARSPM_0033831C,0x33831C,sub_33831C,0x2DCD84;0x385DE8,0x338154;0x337EE0
FN_libARSPM_003385B0,0x3385B0,sub_3385B0,0x385DE8,
FN_libARSPM_003385CC,0x3385CC,sub_3385CC,0x33602C;0x33602C;0x33602C;0x33602C,
FN_libARSPM_003389B8,0x3389B8,sub_3389B8,0x2DCB30;0x2DE994;0x2DEBD0;0x2E085C;0x2E1918;0x339CA8;0x33A920,0x18D428;0x18D3DC;0x18D3DC;0x18D3DC;0x18D3DC;0x18D3DC;0x18D3DC;0x18D364
FN_libARSPM_00338BC0,0x338BC0,sub_338BC0,0x33A244,
FN_libARSPM_00338BF4,0x338BF4,sub_338BF4,0x339494,0x18DFC8;0x18D3DC;0x18DF80;0x338EF8;0x1A0434;0x1B6110;0x1938EC;0x18D3DC;0x18E08C;0x1AA7A8
FN_libARSPM_00338EF8,0x338EF8,sub_338EF8,0x338BF4;0x33904C;0x339214;0x339494,0x18D3DC;0x18D3DC;0x18D3DC
FN_libARSPM_0033904C,0x33904C,sub_33904C,0x338BF4;0x339214;0x339494,0x18D3DC;0x338EF8;0x18D3DC;0x18D3DC
FN_libARSPM_00339214,0x339214,sub_339214,0x339494,0x18D3DC;0x338EF8;0x1AA7A8;0x33904C;0x18D3DC;0x18D3DC
FN_libARSPM_00339494,0x339494,sub_339494,0x2DD3FC;0x339E78,0x338BF4;0x338EF8;0x33904C;0x339214
FN_libARSPM_003395D8,0x3395D8,sub_3395D8,0x2DCD84,0x18D2E0;0x33974C;0x18D638;0x18D3DC
FN_libARSPM_0033974C,0x33974C,sub_33974C,0x2D7674;0x2DF888;0x2DF888;0x2E23CC;0x30C980;0x30CAFC;0x31798C;0x3395D8;0x33AA94;0x33AA94,0x193BE4;0x18D5A8;0x18E788;0x18E788
FN_libARSPM_003398DC,0x3398DC,sub_3398DC,0x2DCD84;0x2DCD84;0x2DCD84;0x2DCD84,
FN_libARSPM_003399B4,0x3399B4,sub_3399B4,0x33A46C;0x357724,0x18E60C
FN_libARSPM_00339AA4,0x339AA4,sub_339AA4,0x2DCD84;0x2DF888;0x34E678;0x357724;0x35BC6C;0x367570;0x367CD4;0x367D40;0x394C5C;0x3A1578,
FN_libARSPM_00339AEC,0x339AEC,sub_339AEC,,0x18DF54
FN_libARSPM_00339B34,0x339B34,sub_339B34,0x2DD140;0x2DD3FC;0x321154;0x33A040;0x357724;0x357724;0x35BC6C;0x35BDC4;0x38C680;0x38CD5C,
FN_libARSPM_00339B58,0x339B58,sub_339B58,,0x18E03C
FN_libARSPM_00339C2C,0x339C2C,sub_339C2C,0x2DF888;0x351EB8,
FN_libARSPM_00339CA8,0x339CA8,sub_339CA8,0x2E7548;0x2E7548;0x321154;0x321154;0x33AA94,0x3389B8;0x4ECA80;0x4ECB10;0x2666F8;0x14E8AC;0x2666F8;0x14E8AC;0x18D428;0x18D3DC;0x18D364
FN_libARSPM_00339E78,0x339E78,sub_339E78,0x2D83BC;0x2D8A58;0x321154;0x33AA94;0x33AA94;0x33AA94,0x1DA744;0x339494;0x18DEFC;0x2666F8;0x18D3DC;0x33B77C;0x1DA744;0x1DA744;0x18DAC4
FN_libARSPM_0033A040,0x33A040,sub_33A040,0x2E23CC;0x38C2D0;0x391534,0x339B34;0x1DA914
FN_libARSPM_0033A12C,0x33A12C,sub_33A12C,0x209264;0x209264;0x2E23CC;0x2E23CC;0x38C2D0;0x3912F0;0x391398;0x391C44;0x391C44;0x3A1578,0x18E60C;0x18E58C
FN_libARSPM_0033A244,0x33A244,sub_33A244,0x209264;0x209264;0x2E23CC;0x33A46C;0x391C44;0x3A2ACC,0x338BC0;0x18E60C;0x18E58C;0x18E60C;0x18E58C
FN_libARSPM_0033A46C,0x33A46C,sub_33A46C,0x33AA94;0x33AA94,0x3399B4;0x30D314;0x2666F8;0x14E8AC;0x33A244;0x18E60C;0x18E58C
FN_libARSPM_0033A66C,0x33A66C,sub_33A66C,0x324698;0x364710;0x364784,
FN_libARSPM_0033A6C0,0x33A6C0,sub_33A6C0,0x391C44;0x3A1CA4;0x3A234C,
FN_libARSPM_0033A6CC,0x33A6CC,sub_33A6CC,,0x1A0194;0x4ECB10
FN_libARSPM_0033A740,0x33A740,sub_33A740,0x323600,0x1DA608;0x18D3DC;0x4ECA80;0x4ECB10;0x2666F8;0x14E8AC
FN_libARSPM_0033A920,0x33A920,sub_33A920,0x2E23CC;0x2E23CC;0x2E23CC;0x2E3E90;0x38C450;0x38C680;0x38C680;0x38CA18;0x38E064;0x391C44,0x3389B8;0x4ECA80;0x14E8AC;0x14E8AC;0x18D364
FN_libARSPM_0033AA94,0x33AA94,sub_33AA94,0x2E23CC;0x321154;0x321154;0x33AA94,0x1DA608;0x18D2E0;0x18D428;0x1DA744;0x1DA744;0x18D364;0x18D3DC;0x18D3DC;0x18D2E0;0x1DA744
FN_libARSPM_0033B47C,0x33B47C,sub_33B47C,0x33AA94,0x18D3DC;0x18D2E0
FN_libARSPM_0033B4C0,0x33B4C0,sub_33B4C0,0x2E23CC;0x324698,0x1AA874
FN_libARSPM_0033B688,0x33B688,sub_33B688,0x324698,0x194A3C
FN_libARSPM_0033B77C,0x33B77C,sub_33B77C,0x339E78,0x1DA744;0x1AA900;0x18D3DC;0x4ECA80;0x4ECB10;0x2666F8;0x14E8AC;0x1DA744;0x30D4C4;0x4ECB10
FN_libARSPM_0033C2BC,0x33C2BC,sub_33C2BC,0x327E24;0x32942C;0x32D504,0x3F1AD4;0x2843C4;0x2843C4
FN_libARSPM_0033C39C,0x33C39C,sub_33C39C,0x327BBC;0x329174;0x32CA48,0x3F1AD4
FN_libARSPM_0033C4D0,0x33C4D0,sub_33C4D0,0x3DF49C,0x34233C;0x33F08C;0x1D8FA8;0x1D8FA8;0x1D8FA8
FN_libARSPM_0033C5A4,0x33C5A4,sub_33C5A4,,0x2666F8;0x1D93F8;0x1D93F8;0x1D93F8;0x1D93F8;0x1D93F8;0x1D93F8;0x33C6C8
FN_libARSPM_0033C6C8,0x33C6C8,sub_33C6C8,0x33C5A4;0x33F688;0x33F6C8;0x33F704;0x344544,0x1D93F8;0x2666F8;0x1D93F8;0x2666F8;0x33E254;0x145C28;0x145AEC;0x33E254;0x145C28;0x145AEC
FN_libARSPM_0033C848,0x33C848,sub_33C848,0x3DE490,0x1D8FA8;0x1D8FA8;0x33C924;0x33CE18;0x33D1EC;0x33D390;0x340214;0x1D93F8;0x1D93F8
FN_libARSPM_0033C924,0x33C924,sub_33C924,0x33C848,0x1DA52C;0x2D1B70;0x2D1B70;0x14E8AC;0x33E050;0x1D95B8;0x1D93F8;0x33E050;0x1D95B8;0x1D93F8
FN_libARSPM_0033CE18,0x33CE18,sub_33CE18,0x33C848,0x1D99C4;0x33F0D8;0x1DA35C;0x1D99C4;0x2D1B70;0x342934;0x1D99C4;0x30EBAC;0x1D99C4;0x30F408
FN_libARSPM_0033D1EC,0x33D1EC,sub_33D1EC,0x33C848,0x33D5D4;0x1D8FA8;0x2EFE90;0x33E484;0x1D9180;0x33D738;0x1D95B8;0x1D93F8;0x1D93F8;0x1D95B8
FN_libARSPM_0033D390,0x33D390,sub_33D390,0x33C848,0x1DA52C;0x32CEF4;0x314170;0x33F394;0x1D8FA8;0x1D9E20;0x1D99C4;0x1D9180;0x1D8FB8;0x33F540
FN_libARSPM_0033D5D4,0x33D5D4,sub_33D5D4,0x33D1EC,0x33E470
FN_libARSPM_0033D738,0x33D738,sub_33D738,0x33D1EC,0x1DA52C;0x33E050;0x1D95B8;0x1D93F8;0x2D1B70;0x2EFE00;0x33D998;0x33ED04;0x1D8FA8;0x33ED04
FN_libARSPM_0033D998,0x33D998,sub_33D998,0x33D738;0x33DEEC,0x1DA52C;0x1D8FA8;0x1D8FA8;0x1D8FA8;0x1D8FA8;0x1D8FA8;0x1D8FA8;0x1D8FA8;0x1D8FA8;0x1D8FA8
FN_libARSPM_0033DEA8,0x33DEA8,sub_33DEA8,0x2F24F0;0x2F2620,0x33ED04
FN_libARSPM_0033DEEC,0x33DEEC,sub_33DEEC,0x33D998,0x1349B8;0x1348D0;0x2666F8;0x33D998
FN_libARSPM_0033E050,0x33E050,sub_33E050,0x33C924;0x33C924;0x33D738;0x342A38;0x342A38;0x342EA0;0x343850;0x3E0944;0x3E0BF0,0x1D8FA8;0x1D9E20;0x1D95E8;0x1D8FA8;0x1D9E20;0x1DA048;0x1D8E10;0x1DA048;0x1D93F8
FN_libARSPM_0033E16C,0x33E16C,sub_33E16C,0x343298,
FN_libARSPM_0033E1A8,0x33E1A8,sub_33E1A8,0x3DE6B8;0x3DE6B8;0x3DE6B8,
FN_libARSPM_0033E200,0x33E200,sub_33E200,0x3DE6B8,0x343D48;0x343298
FN_libARSPM_0033E254,0x33E254,sub_33E254,0x33C6C8;0x33C6C8;0x3E0798;0x3E0798;0x3E0798;0x3E0798,0x1D93F8;0x1D93F8;0x1D93F8
FN_libARSPM_0033E358,0x33E358,sub_33E358,0x33C924,0x1D93F8;0x1D93F8;0x1D93F8
FN_libARSPM_0033E470,0x33E470,sub_33E470,0x33D5D4;0x33E484,0x15E638
FN_libARSPM_0033E484,0x33E484,sub_33E484,0x33D1EC,0x33E470;0x15E650
FN_libARSPM_0033E6A0,0x33E6A0,sub_33E6A0,,0x2EFDF0;0x1D8FA8;0x1D9E20;0x1D93F8
FN_libARSPM_0033E7A4,0x33E7A4,sub_33E7A4,0x33D998;0x33FDAC,0x1D8FA8;0x1D8FA8;0x1D8FA8;0x33EB2C
FN_libARSPM_0033EB2C,0x33EB2C,sub_33EB2C,0x33E7A4;0x33ED04;0x341430;0x341558,0x15E650
FN_libARSPM_0033ED04,0x33ED04,sub_33ED04,0x33D738;0x33D738;0x33D998;0x33DEA8;0x33FDAC,0x1D8FA8;0x1D8FA8;0x1D8FA8;0x33EB2C
FN_libARSPM_0033F08C,0x33F08C,sub_33F08C,0x33C4D0,0x34233C
FN_libARSPM_0033F0D8,0x33F0D8,sub_33F0D8,0x33CE18;0x33CE18,0x3430B4;0x2D1B70
FN_libARSPM_0033F1A4,0x33F1A4,sub_33F1A4,,0x3430B4;0x2D1B70
FN_libARSPM_0033F284,0x33F284,sub_33F284,,0x3430B4
FN_libARSPM_0033F30C,0x33F30C,sub_33F30C,,0x3430B4
FN_libARSPM_0033F394,0x33F394,sub_33F394,0x33D390,0x3430B4;0x33F46C
FN_libARSPM_0033F46C,0x33F46C,sub_33F46C,0x33F394,0x145CF0;0x1D8FB8;0x1D91C4;0x1D8FA8;0x1D8FA8;0x1D93F8
FN_libARSPM_0033F540,0x33F540,sub_33F540,0x33D390,
FN_libARSPM_0033F54C,0x33F54C,sub_33F54C,0x3DE6B8,
FN_libARSPM_0033F554,0x33F554,sub_33F554,0x33D390,
FN_libARSPM_0033F688,0x33F688,sub_33F688,,0x33C6C8
FN_libARSPM_0033F6C8,0x33F6C8,sub_33F6C8,,0x33C6C8
FN_libARSPM_0033F704,0x33F704,sub_33F704,,0x33C6C8
FN_libARSPM_0033F734,0x33F734,sub_33F734,0x34EFE0;0x356214;0x3566E4;0x356E70;0x360A7C;0x361688;0x361B28;0x361FD0;0x3653A8;0x3653A8,
FN_libARSPM_0033F758,0x33F758,sub_33F758,0x33C924;0x33C924;0x34DD00;0x3D8DC0;0x3D8DC0,
FN_libARSPM_0033F764,0x33F764,sub_33F764,0x34E360,
FN_libARSPM_0033F774,0x33F774,sub_33F774,0x34DD00,0x33F7D8
FN_libARSPM_0033F7D8,0x33F7D8,sub_33F7D8,0x33F774,0x2CFAA0;0x2666C0
FN_libARSPM_0033F9E4,0x33F9E4,sub_33F9E4,0x36A72C;0x3864DC,0x2CFBC8;0x2CFAA0;0x2666C0
FN_libARSPM_0033FA9C,0x33FA9C,sub_33FA9C,0x360A7C;0x360CA0;0x360CA0;0x360CA0;0x360CA0;0x361688;0x361878;0x361878;0x361878;0x361878,0x2CFBC8;0x2CFAA0;0x2666C0
FN_libARSPM_0033FB3C,0x33FB3C,sub_33FB3C,0x33C924,0x1D8FA8;0x1D8FA8;0x1D8FA8;0x1D8FA8;0x1D8FA8;0x1D8FA8;0x33FDAC;0x34441C;0x343CC8;0x341430
FN_libARSPM_0033FDAC,0x33FDAC,sub_33FDAC,0x33FB3C;0x33FDAC,0x33E7A4;0x1D9180;0x1D9180;0x1D9180;0x3418E8;0x1DA35C;0x343850;0x1D9534;0x1D9534;0x1D9534
FN_libARSPM_00340214,0x340214,sub_340214,0x33C848,0x341E54;0x342068;0x1D93F8;0x1D93F8;0x1D93F8;0x1D93F8;0x1D93F8;0x1D93F8;0x1D9180;0x1D9180
FN_libARSPM_00340BB4,0x340BB4,sub_340BB4,0x355948;0x3562AC;0x357308;0x361154;0x366670;0x366C28,0x2D1B70;0x2D1B70
FN_libARSPM_00340C7C,0x340C7C,sub_340C7C,0x3567F8;0x3567F8;0x356998;0x356998;0x3571D0;0x3571D0;0x362F34;0x36DA70,0x1726D8
FN_libARSPM_00340D90,0x340D90,sub_340D90,0x3512D4;0x366670;0x366C28;0x375ED0;0x3780E4;0x379B94;0x37F218;0x38958C,0x1D8FB8;0x1D91C4;0x1D8FA8;0x1D8FA8;0x1D93F8;0x340E28;0x1D93F8;0x1D93F8;0x1D93F8
FN_libARSPM_00340E28,0x340E28,sub_340E28,0x340D90;0x340FA4,0x1DA35C;0x1D95E8;0x2D1B70;0x1D93F8
FN_libARSPM_00340ED4,0x340ED4,sub_340ED4,0x355948;0x3562AC;0x357308;0x36DB98;0x37CC38,0x1D8FB8;0x1D91C4;0x1D8FA8;0x1D8FA8;0x1D93F8;0x340FA4;0x1D93F8;0x1D93F8;0x1D93F8
FN_libARSPM_00340FA4,0x340FA4,sub_340FA4,0x340ED4,0x1DA35C;0x1726D8;0x340E28;0x1726D8;0x2D1B70;0x1726AC;0x2D1B70;0x2D1B70;0x2D1B70;0x1D95E8
FN_libARSPM_00341208,0x341208,sub_341208,0x3512D4;0x355948;0x3562AC;0x357308;0x361154;0x362618;0x362FE0;0x3637F4;0x366670;0x366C28,
FN_libARSPM_00341228,0x341228,sub_341228,0x3439BC;0x3439BC;0x36DB98;0x3DF5D0;0x3DF5D0;0x3DF5D0;0x3DF5D0;0x3DF8E8;0x3DF8E8,
FN_libARSPM_00341270,0x341270,sub_341270,0x3439BC;0x3439BC;0x36DB98;0x3DF5D0;0x3DF5D0;0x3DF5D0;0x3DF5D0;0x3DF8E8;0x3DF8E8,0x2CFAA0;0x2666C0
FN_libARSPM_00341310,0x341310,sub_341310,0x34EFE0;0x360A7C;0x361688;0x361B28;0x361FD0;0x3653A8;0x36A72C;0x36A72C;0x3707C0;0x3707C0,0x2CFAA0;0x2666C0
FN_libARSPM_003413A8,0x3413A8,sub_3413A8,0x36C81C,
FN_libARSPM_003413B8,0x3413B8,sub_3413B8,0x3439BC;0x3439BC;0x36DB98;0x3DF5D0;0x3DF5D0;0x3DF8E8;0x3DF8E8,
FN_libARSPM_003413FC,0x3413FC,sub_3413FC,0x3439BC;0x3439BC;0x36DB98;0x3DF5D0;0x3DF5D0;0x3DF8E8;0x3DF8E8,
FN_libARSPM_0034140C,0x34140C,sub_34140C,,0x2CFAA0;0x2666C0
FN_libARSPM_00341430,0x341430,sub_341430,0x33FB3C,0x33EB2C;0x341558
FN_libARSPM_00341558,0x341558,sub_341558,0x341430,0x1D9180;0x1D9180;0x1D9180;0x33EB2C
FN_libARSPM_003418E8,0x3418E8,sub_3418E8,0x33FDAC,0x1D8FA8;0x1D8FA8;0x1D8FA8;0x341C7C
FN_libARSPM_00341C7C,0x341C7C,sub_341C7C,0x3418E8,0x15E650
FN_libARSPM_00341E54,0x341E54,sub_341E54,0x340214,0x1D91C4;0x1D91C4;0x1D91C4;0x1D91C4;0x1D91C4;0x1D91C4;0x1D93F8;0x1D93F8;0x1D93F8;0x342054
FN_libARSPM_00342054,0x342054,sub_342054,0x341E54,0x15E638
FN_libARSPM_00342068,0x342068,sub_342068,0x340214;0x340214,0x1D91C4;0x1D91C4;0x1D91C4;0x1D95B8;0x1D95B8;0x1D95B8;0x1D95B8;0x1D95B8;0x1D95B8;0x1D93F8
FN_libARSPM_00342214,0x342214,sub_342214,0x32BABC,
FN_libARSPM_00342268,0x342268,sub_342268,0x326FAC,
FN_libARSPM_0034233C,0x34233C,sub_34233C,0x33C4D0;0x33F08C,0x1D8FA8;0x1D8FA8;0x1D8FA8;0x145A88;0x145A88;0x1DA52C;0x1DA52C;0x1DA52C;0x1DA52C;0x1DA52C
FN_libARSPM_00342490,0x342490,sub_342490,0x355948;0x355948;0x355948;0x355948;0x355948;0x355948;0x355948;0x355948,0x1D8FA8;0x343484;0x2D1B70;0x1D93F8
FN_libARSPM_00342500,0x342500,sub_342500,0x3304B4,0x343484
FN_libARSPM_00342558,0x342558,sub_342558,0x3295EC;0x32BB48;0x3304B4;0x330860;0x33D998;0x36DB98;0x36DB98;0x36DB98;0x36DB98;0x36DB98,
FN_libARSPM_0034256C,0x34256C,sub_34256C,0x34265C;0x342A38;0x342A38;0x342EA0,0x331398;0x1DA048;0x343484;0x1D99C4;0x343484
FN_libARSPM_0034265C,0x34265C,sub_34265C,0x3295EC;0x32BB48;0x33D998;0x379B94,0x34256C
FN_libARSPM_003426C8,0x3426C8,sub_3426C8,0x3323AC;0x3323AC;0x3323AC;0x3323AC;0x3323AC;0x3323AC;0x3323AC;0x3323AC;0x3323AC;0x3323AC,0x1DA048;0x2D2DE4;0x3F2580;0x1DA048;0x1D93F8
FN_libARSPM_003427A8,0x3427A8,sub_3427A8,0x3323AC;0x33CE18;0x361154;0x361154;0x362D2C;0x362D2C;0x36B840;0x36B840;0x38958C,0x1D8FA8;0x3426C8;0x1D8FA8;0x342A38;0x1D99C4;0x1D93F8;0x1D93F8
FN_libARSPM_00342848,0x342848,sub_342848,0x37F218;0x386C58,0x1D8FA8;0x3F1AB4;0x2D1B70;0x3426C8;0x1D8FA8;0x342A38;0x1D99C4;0x1D93F8;0x2D1B70;0x1D93F8
FN_libARSPM_00342934,0x342934,sub_342934,0x33CE18,0x1D8FA8;0x1DA048;0x2D2DE4;0x3F2580;0x1DA048;0x1D93F8;0x1D99C4;0x1D93F8
FN_libARSPM_00342A38,0x342A38,sub_342A38,0x2D18F4;0x3427A8;0x342848;0x36DB98,0x1D8FA8;0x342EA0;0x1D95B8;0x1D93F8;0x1D8FA8;0x342EA0;0x1D95B8;0x1D93F8;0x1D8FA8;0x1D8FB8
FN_libARSPM_00342EA0,0x342EA0,sub_342EA0,0x342A38;0x342A38,0x1D8FB8;0x1D91C4;0x1D8FA8;0x1D8FA8;0x1D93F8;0x1D8FA8;0x1DA048;0x1DA048;0x1DA048;0x1DA048
FN_libARSPM_003430B4,0x3430B4,sub_3430B4,0x33F0D8;0x33F1A4;0x33F284;0x33F30C;0x33F394;0x343CC8;0x343CC8,0x1DA048
FN_libARSPM_00343128,0x343128,sub_343128,,0x1DA52C
FN_libARSPM_00343158,0x343158,sub_343158,0x343298,0x1DA048;0x1DA048;0x1DA048;0x1DA048;0x1DA048
FN_libARSPM_00343298,0x343298,sub_343298,0x33E200,0x343158;0x33E16C;0x343484;0x1D99C4;0x343484;0x1D99C4;0x1D99C4
FN_libARSPM_00343484,0x343484,sub_343484,0x342490;0x342500;0x34256C;0x34256C;0x343298;0x343298;0x344134;0x344134;0x3442A8;0x3442A8,0x1DA048;0x1DA048;0x1DA048;0x331398;0x2CFAA0;0x2666C0
FN_libARSPM_003435C0,0x3435C0,sub_3435C0,0x2F2620,0x1D944C;0x1D9180;0x1D9180;0x1D8FA8;0x1D8FA8
FN_libARSPM_003436B4,0x3436B4,sub_3436B4,0x340214;0x340214,0x1D944C;0x1D9180;0x1D9180;0x1D8FA8;0x1D8FA8
FN_libARSPM_003437B4,0x3437B4,sub_3437B4,0x3512D4;0x357308;0x361154;0x362618;0x362FE0;0x3637F4;0x36B54C;0x371154;0x375ED0;0x375ED0,0x343850;0x2D1B70
FN_libARSPM_00343850,0x343850,sub_343850,0x33FDAC;0x33FDAC;0x3437B4;0x3512D4;0x355948;0x3562AC;0x357308;0x361154;0x361154;0x362618,0x145CF0;0x1D8FA8;0x33E050;0x1D95B8;0x1D93F8;0x2CFAA0;0x2666C0
FN_libARSPM_003439BC,0x3439BC,sub_3439BC,0x3512D4;0x355948;0x3562AC;0x357308;0x361154;0x362618;0x362FE0;0x3637F4;0x366670;0x366C28,0x3413B8;0x3413FC;0x341228;0x1D8FB8;0x1D91C4;0x1D8FA8;0x1D8FA8;0x1D93F8;0x343B68;0x1D93F8
FN_libARSPM_00343B68,0x343B68,sub_343B68,0x3439BC;0x3439BC,0x1D944C;0x1D944C;0x145CF0;0x1D9180;0x1D9180
FN_libARSPM_00343CC8,0x343CC8,sub_343CC8,0x33FB3C,0x3430B4;0x3430B4
FN_libARSPM_00343D48,0x343D48,sub_343D48,0x33E200,0x1D8FA8;0x1D8FB8;0x343EEC;0x1D93F8;0x1D93F8;0x1D8FB8;0x1D8FA8;0x1D8FB8;0x344010;0x1D93F8
FN_libARSPM_00343EEC,0x343EEC,sub_343EEC,0x343D48,0x145CF0;0x1D9180;0x1D91C4;0x1D91C4;0x1D91C4;0x1D91C4;0x1D91C4;0x1D93F8;0x1D93F8;0x1D93F8
FN_libARSPM_00344010,0x344010,sub_344010,0x343D48,0x145CF0;0x1D91C4;0x1D91C4;0x1D91C4;0x1D91C4;0x1D91C4;0x1D91C4;0x1D93F8;0x1D93F8;0x1D93F8
FN_libARSPM_00344134,0x344134,sub_344134,,0x343484;0x1D99C4;0x343484;0x1D99C4
FN_libARSPM_003442A8,0x3442A8,sub_3442A8,,0x343484;0x1D99C4;0x343484;0x1D99C4
FN_libARSPM_0034441C,0x34441C,sub_34441C,0x33FB3C,0x1DA048;0x1DA048
FN_libARSPM_003444DC,0x3444DC,sub_3444DC,,0x1D99C4
FN_libARSPM_00344544,0x344544,sub_344544,,0x33C6C8
FN_libARSPM_00344568,0x344568,sub_344568,0x2F3F74;0x2F3F74;0x345B0C,0x1F3A80;0x32B614;0x2D0B00;0x21FB34;0x345EC4;0x2D1CE4;0x2D0B00;0x345FD8;0x1348D0;0x2666F8
FN_libARSPM_003458C4,0x3458C4,sub_3458C4,0x344568;0x344568,0x2D1CE4;0x3466E4;0x1D8FB8;0x1BDBB4;0x1D93F8;0x1D93F8;0x4ECB10;0x2CFAA0;0x2666C0
FN_libARSPM_00345B0C,0x345B0C,sub_345B0C,0x344568;0x344568,0x3468B0;0x1D8FB8;0x1BDBB4;0x1D93F8;0x1D93F8;0x4ECB10;0x2CFAA0;0x2666C0;0x2EA864;0x344568
FN_libARSPM_00345EC4,0x345EC4,sub_345EC4,0x344568,0x1BE2A0;0x2FCD34;0x4ECA80;0x32FC00;0x4ECB10;0x32FA3C
FN_libARSPM_00345FD8,0x345FD8,sub_345FD8,0x344568;0x344568,0x3461B4;0x1D8FB8;0x1BDBB4;0x1D93F8;0x1D93F8;0x4ECB10;0x2CFAA0;0x2666C0
FN_libARSPM_003461B4,0x3461B4,sub_3461B4,0x345FD8,0x1BE2A0;0x2FCD34;0x4ECA80;0x32FC00;0x4ECB10;0x32FA3C
FN_libARSPM_00346300,0x346300,sub_346300,0x344568,0x1BE2A0;0x2FCD34;0x4ECA80;0x32FC00;0x4ECB10;0x32FA3C
FN_libARSPM_00346454,0x346454,sub_346454,0x344568,0x1BE2A0;0x2FCD34;0x4ECA80;0x32FC00;0x4ECB10;0x32FA3C
FN_libARSPM_003465A4,0x3465A4,sub_3465A4,0x344568,0x1BE2A0;0x2FCD34;0x4ECA80;0x32FC00;0x4ECB10;0x32FA3C
FN_libARSPM_003466E4,0x3466E4,sub_3466E4,0x3458C4,0x1BE2A0;0x2FCD34;0x4ECA80;0x32FC00;0x4ECB10;0x32F9B4;0x32F9B4;0x32FA3C
FN_libARSPM_003468B0,0x3468B0,sub_3468B0,0x345B0C,0x1BE2A0;0x2FCD34;0x4ECA80;0x32FC00;0x4ECB10;0x32F9B4;0x32F9B4;0x32FA3C
FN_libARSPM_00346A60,0x346A60,sub_346A60,0x344568,
FN_libARSPM_00346A80,0x346A80,sub_346A80,,0x2666F8;0x13502C
FN_libARSPM_00346AD0,0x346AD0,sub_346AD0,0x346CFC,0x2666F8;0x13502C;0x134F60;0x266704
FN_libARSPM_00346BC0,0x346BC0,sub_346BC0,0x346CFC,0x14119C;0x1AD838;0x1AD854;0x172D18;0x1ADF2C;0x21EA80;0x21F67C;0x1AFA70;0x1B07A0;0x1416F0
FN_libARSPM_00346CFC,0x346CFC,sub_346CFC,0x344568,0x14E8AC;0x4ECAB0;0x136DB8;0x135094;0x4ECAE0;0x16814C;0x135828;0x346BC0;0x1361AC;0x346AD0
FN_libARSPM_00346FF8,0x346FF8,sub_346FF8,0x34C340;0x34DA80,0x30EEB0;0x4ECB10;0x134F60;0x315DE0;0x1E4FF8;0x134F60;0x3155FC;0x13502C
FN_libARSPM_0034712C,0x34712C,sub_34712C,0x348234,0x315260;0x2D1CE4;0x1E4AF0;0x2D2954;0x2FD778;0x2D2B44;0x1E5894;0x1E5460;0x4ECB10;0x136CD8
FN_libARSPM_00348140,0x348140,sub_348140,0x34712C;0x34712C;0x34712C;0x34712C,0x2D1CC0;0x31533C;0x1E63B4;0x4ECB10;0x30EBAC;0x2FD380;0x4ECB10
FN_libARSPM_00348234,0x348234,sub_348234,0x1D3370;0x1D3370;0x2DA1AC;0x2DAD40;0x2E7548;0x2E8B50;0x2F3F74;0x34712C;0x348444;0x348820,0x2D1CE4;0x2D1CE4;0x1E4AF0;0x2D2954;0x34712C
FN_libARSPM_00348444,0x348444,sub_348444,0x348820,0x348234;0x1E4AF8;0x2D1CE4;0x2D1CE4;0x327364;0x2D1CE4;0x30EB7C;0x2D1CE4;0x327020;0x2D1CE4
FN_libARSPM_00348820,0x348820,sub_348820,0x2E7548;0x2F3F74;0x2F3F74,0x2D1CE4;0x348444;0x348234;0x1E4AF8;0x348AA8;0x4ECB10;0x4ECB10
FN_libARSPM_00348AA8,0x348AA8,sub_348AA8,0x348820;0x34C694,0x2D1CE4;0x2D1CE4;0x327364;0x2D1CE4;0x30EB7C;0x2D1CE4;0x327020;0x2D1CE4;0x3271B8;0x30EB7C
FN_libARSPM_00348E40,0x348E40,sub_348E40,0x34C340,0x30FC6C;0x315260;0x2666F8;0x14E8AC;0x3F2364;0x2FD778;0x4ECA80;0x31546C;0x4ECB10;0x30EBAC
FN_libARSPM_0034917C,0x34917C,sub_34917C,0x34712C,0x2D1D28;0x1E34AC;0x2D1D28;0x1E34AC;0x2D1D28;0x1E34AC;0x2D1D28;0x1E34AC;0x2D1D28;0x1E34AC
FN_libARSPM_00349464,0x349464,sub_349464,0x34D424,0x4ECA80;0x4ECA80;0x1E98D8
FN_libARSPM_0034964C,0x34964C,sub_34964C,0x34712C,0x30FC6C;0x1E48B4;0x4ECB10;0x4ECB10;0x4ECB10;0x4ECB10;0x30FC6C;0x30FC6C;0x30FC6C;0x4ECB10
FN_libARSPM_00349BB4,0x349BB4,sub_349BB4,0x34712C,0x31E0D0;0x4ECA80;0x2D2DE4;0x34A358;0x1726D8;0x173B3C;0x172690;0x1E3CA4;0x172D18;0x172CC4
FN_libARSPM_0034A358,0x34A358,sub_34A358,0x349BB4,0x1756D8;0x2CFAA0;0x2666C0
FN_libARSPM_0034A550,0x34A550,sub_34A550,0x349BB4,0x2F0064;0x2F0064
FN_libARSPM_0034A69C,0x34A69C,sub_34A69C,,0x1D8FA8
FN_libARSPM_0034A878,0x34A878,sub_34A878,,0x2FCC88;0x2F0280
FN_libARSPM_0034A91C,0x34A91C,sub_34A91C,,0x2666F8
FN_libARSPM_0034A9A8,0x34A9A8,sub_34A9A8,,0x2666F8;0x1D93F8
FN_libARSPM_0034AA30,0x34AA30,sub_34AA30,,0x2D1B70;0x1D99C4;0x1D99C4;0x2D1B70;0x2F24F0;0x2D1B70;0x1D93F8;0x2D1B70;0x2D1B70;0x2D1B70
FN_libARSPM_0034AE00,0x34AE00,sub_34AE00,,0x31E130
FN_libARSPM_0034AEC0,0x34AEC0,sub_34AEC0,0x34712C,0x34AF6C
FN_libARSPM_0034AF6C,0x34AF6C,sub_34AF6C,0x34AEC0,0x2CFAA0;0x2666C0
FN_libARSPM_0034AF98,0x34AF98,sub_34AF98,0x1D3E7C;0x1D44A8;0x2E8734;0x34CCAC;0x3A62E0;0x3A6D6C,0x30E308;0x167D50;0x34C81C;0x167CB0;0x4ECB10
FN_libARSPM_0034B07C,0x34B07C,sub_34B07C,0x3A62E0,0x30FC6C;0x4ECA80;0x30E868;0x4ECB10;0x4ECA80;0x167D50;0x30E308;0x167D50;0x34C81C;0x167CB0
FN_libARSPM_0034B390,0x34B390,sub_34B390,0x2E8734;0x34B47C,0x3026D0;0x4ECB10;0x4ECB10;0x4ECB10;0x4ECB10
FN_libARSPM_0034B47C,0x34B47C,sub_34B47C,,0x34B390
FN_libARSPM_0034B4A0,0x34B4A0,sub_34B4A0,0x3A6760,0x4ECA20;0x264710
FN_libARSPM_0034B524,0x34B524,sub_34B524,,0x4ECA20;0x264710;0x30FC6C
FN_libARSPM_0034B578,0x34B578,sub_34B578,,0x2D1CC0;0x2D1CC0;0x4ECA20;0x264710;0x4ECB10;0x4ECB10;0x4ECA80;0x2E9578;0x4ECB10
FN_libARSPM_0034B73C,0x34B73C,sub_34B73C,,0x4ECA20;0x264710
FN_libARSPM_0034B7D8,0x34B7D8,sub_34B7D8,,0x1E4AF8;0x167CF4;0x4ECB10;0x2D1CC0;0x2D1CC0;0x2D07A8;0x2FA31C;0x301BB8;0x2D09D8;0x2D09D8
FN_libARSPM_0034BBC0,0x34BBC0,sub_34BBC0,,0x4ECA20;0x264710;0x4ECB10;0x4ECB10;0x4ECA80;0x167F10;0x4ECA80;0x167D50;0x30E308;0x167D50
FN_libARSPM_0034BDA4,0x34BDA4,sub_34BDA4,,0x4ECA20;0x264710;0x4ECB10;0x4ECB10;0x4ECA80;0x2D07A8;0x30103C;0x2D09D8;0x4ECB10;0x319F58
FN_libARSPM_0034BFD4,0x34BFD4,sub_34BFD4,,0x4ECA20;0x264710;0x4ECB10;0x4ECB10;0x4ECA80;0x2D07A8;0x30103C;0x2D09D8;0x4ECB10;0x31AD1C
FN_libARSPM_0034C244,0x34C244,sub_34C244,,0x4ECA20;0x264710;0x4ECB10;0x3026D0;0x4ECB10;0x4ECA80;0x4ECB10
FN_libARSPM_0034C340,0x34C340,sub_34C340,,0x2D1CC0;0x2D1CC0;0x4ECA20;0x264710;0x4ECA20;0x264710;0x4ECB10;0x4ECB10;0x4ECA80;0x346FF8
FN_libARSPM_0034C694,0x34C694,sub_34C694,,0x2D1CC0;0x2D1CC0;0x348234;0x1E4AF8;0x348AA8;0x4ECB10;0x4ECB10
FN_libARSPM_0034C81C,0x34C81C,sub_34C81C,0x34AF98;0x34B07C;0x34B07C;0x34B7D8;0x34BBC0,0x1E686C
FN_libARSPM_0034C860,0x34C860,sub_34C860,,0x2D1CC0;0x2D1CC0;0x1A0D64;0x1A0F44;0x168238;0x167F28;0x135B2C;0x1362C0;0x1A0D90;0x348234
FN_libARSPM_0034CB84,0x34CB84,sub_34CB84,,0x2D1CC0;0x2D1CC0;0x4ECA80
FN_libARSPM_0034CCAC,0x34CCAC,sub_34CCAC,,0x2D1CC0;0x2D1CC0;0x348234;0x30EDAC;0x4ECB10;0x4ECA80;0x167D08;0x34AF98;0x167CB0;0x4ECB10
FN_libARSPM_0034CEF0,0x34CEF0,sub_34CEF0,,0x2D1CC0;0x2D1CC0;0x348234;0x1E4AF8;0x1E4B08;0x2D06F8;0x4ECB10;0x30103C;0x4ECB10;0x2FA1EC
FN_libARSPM_0034D1B4,0x34D1B4,sub_34D1B4,,0x2D1CC0;0x2D1CC0
FN_libARSPM_0034D244,0x34D244,sub_34D244,,0x2D1CC0;0x2D1CC0;0x1E4AF0;0x1E4B00;0x146908;0x14726C;0x1E4CF8;0x4ECA80;0x4ECB10
FN_libARSPM_0034D424,0x34D424,sub_34D424,,0x2D1CC0;0x2D1CC0;0x4ECA80;0x1E98C8;0x1D3370;0x4ECB10;0x161554;0x172A20;0x1756D8;0x1756D8
FN_libARSPM_0034DA28,0x34DA28,sub_34DA28,,0x4ECB10
FN_libARSPM_0034DA80,0x34DA80,sub_34DA80,,0x4ECA80;0x346FF8;0x4ECB10;0x4ECA80
FN_libARSPM_0034DC5C,0x34DC5C,sub_34DC5C,,0x2CFAA0;0x2666C0
FN_libARSPM_0034DC80,0x34DC80,sub_34DC80,,0x2CFAA0;0x2666C0;0x34DD00
FN_libARSPM_0034DD00,0x34DD00,sub_34DD00,0x34DC80;0x34E05C,0x33F774;0x33F758;0x34E360;0x32CEF4;0x31418C;0x34E110;0x2CFAA0;0x2666C0
FN_libARSPM_0034E05C,0x34E05C,sub_34E05C,0x3DF8E8,0x1D8FA8;0x34DD00;0x34E110;0x1D9180;0x1D93F8;0x2666F8
FN_libARSPM_0034E110,0x34E110,sub_34E110,0x34DD00;0x34E05C,0x1349B8;0x1348D0;0x2666F8
FN_libARSPM_0034E1F8,0x34E1F8,sub_34E1F8,,0x1D93F8
FN_libARSPM_0034E234,0x34E234,sub_34E234,0x34E5F8,0x1349B8;0x1348D0;0x2666F8
FN_libARSPM_0034E360,0x34E360,sub_34E360,0x34DD00;0x34E360,0x33F764;0x2EFDF0;0x34E558;0x34E360;0x2CFAA0;0x2666C0
FN_libARSPM_0034E558,0x34E558,sub_34E558,0x34E360;0x34E558,0x34E558
FN_libARSPM_0034E5C8,0x34E5C8,sub_34E5C8,,0x1D93F8
FN_libARSPM_0034E5F8,0x34E5F8,sub_34E5F8,,0x34E234
FN_libARSPM_0034E678,0x34E678,sub_34E678,,0x1DA744;0x1DA744;0x339AA4;0x18DAF4
FN_libARSPM_0034E744,0x34E744,sub_34E744,,0x1D8FB8;0x26462C;0x1D93F8;0x18D2E0;0x1DA744;0x33974C;0x18D364;0x3518A0;0x34E8E0;0x18D3DC
FN_libARSPM_0034E8E0,0x34E8E0,sub_34E8E0,0x34E744,0x373118;0x37DC34;0x1563CC;0x18D364;0x1349B8;0x1348D0;0x2666F8;0x18D364;0x18D3DC;0x18E03C
FN_libARSPM_0034EAF8,0x34EAF8,sub_34EAF8,,0x1563F8;0x18D3DC;0x2666F8;0x37D23C
FN_libARSPM_0034EB94,0x34EB94,sub_34EB94,,0x1563F8;0x18D3DC;0x2666F8;0x37D23C
FN_libARSPM_0034EC54,0x34EC54,sub_34EC54,,0x37DD78;0x1349B8;0x1348D0;0x2666F8;0x18D364
FN_libARSPM_0034EE68,0x34EE68,sub_34EE68,,0x2FBF3C;0x2FC034;0x2FC04C;0x2FA9C8
FN_libARSPM_0034EFE0,0x34EFE0,sub_34EFE0,,0x1726D8;0x173B3C;0x172690;0x141420;0x141288;0x33F734;0x341310;0x37DDB0
FN_libARSPM_0034F1DC,0x34F1DC,sub_34F1DC,,0x37315C;0x1564BC;0x1726AC;0x18D3DC;0x18D364;0x191920;0x1756D8;0x1926B8;0x18DAF4;0x1923B0
FN_libARSPM_00350FB4,0x350FB4,sub_350FB4,0x34E8E0;0x352178;0x357AD4;0x35CEE4;0x35EB20;0x35EB20;0x35F3F4;0x35F538;0x364148;0x36426C,0x4ECA80;0x2CFAA0;0x2666C0
FN_libARSPM_0035106C,0x35106C,sub_35106C,,0x1726AC;0x1726D8;0x1726D8
FN_libARSPM_00351154,0x351154,sub_351154,,0x1756E4
FN_libARSPM_003511C0,0x3511C0,sub_3511C0,,0x1D93F8;0x1D93F8;0x1D93F8
FN_libARSPM_00351240,0x351240,sub_351240,,0x1D93F8;0x1D93F8;0x1D93F8
FN_libARSPM_003512D4,0x3512D4,sub_3512D4,,0x3439BC;0x343850;0x2D1B70;0x2D1B70;0x1D8FB8;0x1D91C4;0x1D8FA8;0x1D8FA8;0x1D93F8;0x3437B4
FN_libARSPM_003515CC,0x3515CC,sub_3515CC,0x34F1DC;0x34F1DC;0x34F1DC,0x1AA630;0x1349B8;0x1348D0;0x2666F8;0x1349B8;0x1348D0;0x2666F8
FN_libARSPM_0035188C,0x35188C,sub_35188C,0x37D778;0x37D878;0x37DAF0;0x37DDB0;0x37E78C;0x388870;0x3A0D10,
FN_libARSPM_003518A0,0x3518A0,sub_3518A0,0x34E744;0x351F38;0x3578D0;0x35CEE4;0x35EB20;0x35EB20;0x35F3F4;0x35F538;0x364958;0x367B9C,
FN_libARSPM_00351918,0x351918,sub_351918,0x37D778;0x37D878;0x37DAF0;0x37DDB0;0x37E78C,
FN_libARSPM_00351948,0x351948,sub_351948,0x360808;0x3608A0;0x364F64;0x364FC0;0x36AFB8;0x36B06C;0x37D778;0x37D878;0x37DAF0;0x37DDB0,
FN_libARSPM_003519C8,0x3519C8,sub_3519C8,0x3606C8;0x36503C;0x36A6CC;0x37D294;0x395F10;0x39DD94,0x2EFBEC;0x2EFBEC;0x32CEF4;0x32CEF4
FN_libARSPM_00351B14,0x351B14,sub_351B14,0x35F790;0x365300;0x36A628;0x37D318;0x37D478;0x382D98;0x395E64;0x3968F0;0x39DCC0,0x2FD050;0x31422C;0x2FD194;0x3142B8
FN_libARSPM_00351DE8,0x351DE8,sub_351DE8,0x36B128;0x37E3BC,0x2EFD04
FN_libARSPM_00351E30,0x351E30,sub_351E30,0x3A234C,
FN_libARSPM_00351E54,0x351E54,sub_351E54,0x34F1DC;0x36AB64;0x36CC08;0x370A0C;0x375174;0x378D20;0x37AB38;0x3833A8;0x38CD5C,
FN_libARSPM_00351E80,0x351E80,sub_351E80,0x3AEFE4,
FN_libARSPM_00351EB8,0x351EB8,sub_351EB8,,0x313864;0x339C2C
FN_libARSPM_00351F38,0x351F38,sub_351F38,,0x1D8FB8;0x26462C;0x1D93F8;0x18D2E0;0x1DA744;0x33974C;0x313864;0x18D364;0x3518A0;0x352178
FN_libARSPM_00352178,0x352178,sub_352178,0x351F38,0x373118;0x37DC34;0x18D364;0x1349B8;0x1348D0;0x2666F8;0x18D364;0x18D3DC;0x18E03C;0x174980
FN_libARSPM_003523C4,0x3523C4,sub_3523C4,,0x37D23C;0x18D3DC;0x2666F8
FN_libARSPM_00352458,0x352458,sub_352458,,0x37D23C;0x18D3DC;0x2666F8
FN_libARSPM_003524F0,0x3524F0,sub_3524F0,,0x2FCB1C;0x2FCB1C
FN_libARSPM_0035258C,0x35258C,sub_35258C,,0x37DD78;0x1726AC;0x1726AC;0x1726AC;0x1349B8;0x1348D0;0x2666F8;0x18D364
FN_libARSPM_00352898,0x352898,sub_352898,,0x37315C;0x2FBF3C;0x2FC034;0x2FC04C;0x2FA9C8;0x2FBF3C;0x2FC034;0x2FC04C;0x2FA9C8;0x2FBF3C
FN_libARSPM_00352A2C,0x352A2C,sub_352A2C,,0x2FFAF4;0x2D1CE4;0x30EC28;0x18E080;0x18E080
FN_libARSPM_00352C98,0x352C98,sub_352C98,,0x1726D8;0x173B3C;0x1726AC;0x1756D8;0x172690;0x1756D8;0x37D878;0x141420;0x141288;0x3566E4
FN_libARSPM_00352FCC,0x352FCC,sub_352FCC,,0x1726D8;0x173B3C;0x1726AC;0x1926B8;0x1726AC;0x1923B0;0x173840;0x1B6110;0x1B5FF0;0x18E03C
FN_libARSPM_00354E90,0x354E90,sub_354E90,0x352FCC;0x352FCC,0x141420;0x141288
FN_libARSPM_00354EF8,0x354EF8,sub_354EF8,0x352FCC;0x352FCC;0x352FCC;0x352FCC,0x1B6110;0x1B5FF0;0x3552E8;0x1349B8;0x1348D0;0x2666F8;0x1349B8;0x1348D0;0x2666F8;0x1349B8
FN_libARSPM_003552E8,0x3552E8,sub_3552E8,0x354EF8,0x1AA5BC;0x1AA5BC
FN_libARSPM_00355478,0x355478,sub_355478,0x352FCC;0x352FCC;0x352FCC,0x173840;0x173840;0x173840;0x1AA23C;0x1AA23C;0x1726D8;0x1726D8
FN_libARSPM_003557E8,0x3557E8,sub_3557E8,0x352FCC;0x352FCC,0x334318
FN_libARSPM_00355948,0x355948,sub_355948,,0x3439BC;0x343850;0x2D1B70;0x2D1B70;0x340BB4;0x340ED4;0x1D8FB8;0x1D91C4;0x1D8FA8;0x1D8FA8
FN_libARSPM_003560E0,0x3560E0,sub_3560E0,,0x1756D8;0x356AC0
FN_libARSPM_00356168,0x356168,sub_356168,,0x1756E4;0x1756E4
FN_libARSPM_00356214,0x356214,sub_356214,0x352C98,0x33F734
FN_libARSPM_003562AC,0x3562AC,sub_3562AC,,0x3439BC;0x343850;0x2D1B70;0x2D1B70;0x340BB4;0x340ED4;0x1D8FB8;0x1D91C4;0x1D8FA8;0x1D8FA8
FN_libARSPM_003565B0,0x3565B0,sub_3565B0,,0x1756D8;0x356AC0
FN_libARSPM_00356638,0x356638,sub_356638,,0x1756E4;0x1756E4
FN_libARSPM_003566E4,0x3566E4,sub_3566E4,0x352C98,0x33F734
FN_libARSPM_00356780,0x356780,sub_356780,,0x1D93F8;0x1D93F8;0x1D93F8
FN_libARSPM_003567F8,0x3567F8,sub_3567F8,,0x340C7C;0x340C7C
FN_libARSPM_00356920,0x356920,sub_356920,,0x1D93F8;0x1D93F8;0x1D93F8
FN_libARSPM_00356998,0x356998,sub_356998,,0x340C7C;0x340C7C
FN_libARSPM_00356AC0,0x356AC0,sub_356AC0,0x3560E0;0x3565B0;0x357008,0x1726AC;0x1726AC;0x1726D8;0x1726D8;0x1726D8;0x1726D8
FN_libARSPM_00356C08,0x356C08,sub_356C08,0x352C98;0x356D34;0x358174;0x368684;0x36A46C;0x387954;0x3947C4;0x3A222C,0x1756D8;0x141420;0x141288;0x356E70
FN_libARSPM_00356D34,0x356D34,sub_356D34,0x3653A8;0x3935D8;0x3A222C,0x1756D8;0x1726D8;0x1726D8;0x173B3C;0x172690;0x172CC4;0x1756D8;0x356C08
FN_libARSPM_00356E70,0x356E70,sub_356E70,0x356C08,0x33F734
FN_libARSPM_00357008,0x357008,sub_357008,,0x1756D8;0x356AC0
FN_libARSPM_003570AC,0x3570AC,sub_3570AC,,0x1756E4;0x1756E4
FN_libARSPM_00357158,0x357158,sub_357158,,0x1D93F8;0x1D93F8;0x1D93F8
FN_libARSPM_003571D0,0x3571D0,sub_3571D0,,0x340C7C;0x340C7C
FN_libARSPM_00357308,0x357308,sub_357308,,0x3439BC;0x2D1B70;0x340BB4;0x343850;0x2D1B70;0x2D1B70;0x2D1B70;0x2D1B70;0x340ED4;0x1D8FB8
FN_libARSPM_00357724,0x357724,sub_357724,,0x1DA744;0x339AA4;0x339B34;0x339B34;0x1DA744;0x1DA744;0x172858;0x175418;0x1DA744;0x3399B4
FN_libARSPM_003578D0,0x3578D0,sub_3578D0,,0x1D8FB8;0x26462C;0x1D93F8;0x18D2E0;0x1DA744;0x33974C;0x1DA744;0x1DA744;0x18D364;0x3518A0
FN_libARSPM_00357AD4,0x357AD4,sub_357AD4,0x3578D0,0x373118;0x37DC34;0x1563CC;0x18D364;0x1349B8;0x1348D0;0x2666F8;0x18D364;0x18D3DC;0x18E03C
FN_libARSPM_00357D74,0x357D74,sub_357D74,,0x1563F8;0x37D23C;0x18D3DC;0x2666F8
FN_libARSPM_00357E10,0x357E10,sub_357E10,,0x1563F8;0x37D23C;0x18D3DC;0x2666F8
FN_libARSPM_00357ED0,0x357ED0,sub_357ED0,,0x37DD78;0x1349B8;0x1348D0;0x2666F8;0x18D364
FN_libARSPM_00358090,0x358090,sub_358090,,0x2FBF3C;0x2FC034;0x2FC04C;0x2FA9C8
FN_libARSPM_00358174,0x358174,sub_358174,,0x1756D8;0x356C08;0x37DDB0;0x2CFAA0
FN_libARSPM_00358284,0x358284,sub_358284,,0x37315C;0x266704;0x266704;0x35880C;0x359BD0;0x3588E4;0x2666C4;0x2666F8;0x2666F8;0x2666C4
FN_libARSPM_0035880C,0x35880C,sub_35880C,0x358284,0x1563CC;0x1563CC;0x1563CC;0x1563CC;0x1563CC;0x1563CC;0x1563CC;0x1563CC;0x1563CC;0x1563CC
FN_libARSPM_003588E4,0x3588E4,sub_3588E4,0x358284;0x358284,0x141420;0x141288;0x156714;0x2CFAA0;0x2CFAA0
FN_libARSPM_00358AC0,0x358AC0,sub_358AC0,0x359FF8,0x156738;0x1AA23C;0x1AA23C;0x1AA23C
FN_libARSPM_00358C50,0x358C50,sub_358C50,0x359FF8,0x156430;0x1AA23C;0x1AA23C
FN_libARSPM_00358DCC,0x358DCC,sub_358DCC,0x359BD0;0x359BD0;0x359BD0,0x35B22C;0x1564BC;0x3590B4;0x1AA464;0x1AA464;0x35B22C;0x156714;0x156714;0x156714
FN_libARSPM_003590B4,0x3590B4,sub_3590B4,0x358DCC,0x1AA22C;0x1563CC;0x156430;0x35AE74;0x156714;0x35AE74;0x156714;0x156714;0x156714;0x156714
FN_libARSPM_00359BD0,0x359BD0,sub_359BD0,0x358284,0x359FF8;0x175418;0x1563CC;0x35A72C;0x1AA464;0x35B22C;0x175418;0x1563CC;0x35A72C;0x1AA464
FN_libARSPM_00359FF8,0x359FF8,sub_359FF8,0x359BD0,0x18E03C;0x174980;0x18E58C;0x1564BC;0x1564BC;0x1564BC;0x18E58C;0x1564BC;0x194BD4;0x1738A8
FN_libARSPM_0035A72C,0x35A72C,sub_35A72C,0x359BD0;0x359BD0;0x359BD0;0x359BD0,0x1AA22C;0x1AA22C;0x156714;0x156714;0x156714;0x156714;0x156714;0x156714;0x156714;0x156714
FN_libARSPM_0035AE74,0x35AE74,sub_35AE74,0x3590B4;0x3590B4;0x3590B4,0x1AA22C;0x1AA22C
FN_libARSPM_0035AFD0,0x35AFD0,sub_35AFD0,0x359FF8,0x173840;0x33410C;0x156430;0x3341C0;0x156430;0x35B338;0x35B338
FN_libARSPM_0035B0CC,0x35B0CC,sub_35B0CC,0x359FF8,0x173840;0x197AF8;0x2666F8;0x14E8AC;0x197BE4;0x35B530;0x2666F8
FN_libARSPM_0035B22C,0x35B22C,sub_35B22C,0x358DCC;0x358DCC;0x359BD0;0x359BD0,0x1AA23C;0x1AA23C
FN_libARSPM_0035B338,0x35B338,sub_35B338,0x359FF8;0x35AFD0;0x35AFD0;0x35B530;0x35B530,0x1AA23C;0x156714;0x156714;0x156714;0x156714
FN_libARSPM_0035B530,0x35B530,sub_35B530,0x359FF8;0x35B0CC,0x333F70;0x156430;0x333FFC;0x156430;0x35B338;0x35B338
FN_libARSPM_0035B60C,0x35B60C,sub_35B60C,0x3146C0,0x2D1CE4;0x2D2954;0x394C44;0x2D1CE4
FN_libARSPM_0035B76C,0x35B76C,sub_35B76C,0x35BDC4;0x35C12C,0x18DEFC;0x1472A8;0x35E8FC;0x2D1CE4;0x35D320;0x14119C;0x3F69CC;0x35E7D8;0x4ECB10;0x3F6804
FN_libARSPM_0035BC6C,0x35BC6C,sub_35BC6C,,0x1DA744;0x1DA744;0x339AA4;0x1726AC;0x339B34;0x174980
FN_libARSPM_0035BDC4,0x35BDC4,sub_35BDC4,,0x18D2E0;0x1DA744;0x33974C;0x339B34;0x174980;0x31ED34;0x35B76C;0x30E308;0x317D1C;0x324F98
FN_libARSPM_0035C12C,0x35C12C,sub_35C12C,0x2DF888,0x1726AC;0x18E03C;0x174980;0x30EC28;0x35B76C;0x172A20;0x317D1C;0x35D828;0x2FCC88;0x35DF18
FN_libARSPM_0035C590,0x35C590,sub_35C590,,0x35DC00;0x4ECB10;0x2FA038;0x30E308;0x4ECA80;0x35DC00;0x35DC00;0x4ECB10;0x2FA038;0x4ECB10
FN_libARSPM_0035C7F8,0x35C7F8,sub_35C7F8,,0x4ECB10
FN_libARSPM_0035C8CC,0x35C8CC,sub_35C8CC,,0x4ECB10;0x2666F8
FN_libARSPM_0035C9AC,0x35C9AC,sub_35C9AC,,0x4ECB10
FN_libARSPM_0035CA80,0x35CA80,sub_35CA80,,0x4ECB10;0x2666F8
FN_libARSPM_0035CB58,0x35CB58,sub_35CB58,0x35B76C,0x35CC9C;0x1472A8
FN_libARSPM_0035CC9C,0x35CC9C,sub_35CC9C,0x35CB58,0x1472A8
FN_libARSPM_0035CEE4,0x35CEE4,sub_35CEE4,0x35BDC4,0x3737D0;0x14130C;0x3518A0;0x350FB4
FN_libARSPM_0035D0FC,0x35D0FC,sub_35D0FC,,0x2EFD04
FN_libARSPM_0035D320,0x35D320,sub_35D320,0x35B76C,0x1414E4;0x1415F4;0x2D2954;0x2FE9C0;0x4ECB10;0x4ECB10;0x4ECB10;0x2FA038
FN_libARSPM_0035D568,0x35D568,sub_35D568,,0x4ECB10;0x2FA038;0x4ECB10
FN_libARSPM_0035D600,0x35D600,sub_35D600,,0x4ECB10;0x2FA038;0x4ECB10;0x1416F0
FN_libARSPM_0035D6A0,0x35D6A0,sub_35D6A0,0x35D9E8;0x35D9E8,0x141420;0x141288;0x141420;0x141288;0x1563CC;0x156714;0x14130C
FN_libARSPM_0035D828,0x35D828,sub_35D828,0x35BDC4;0x35C12C,0x4ECA80;0x2D2B44
FN_libARSPM_0035D8C4,0x35D8C4,sub_35D8C4,0x35E7D8,0x4ECA80
FN_libARSPM_0035D968,0x35D968,sub_35D968,0x35E8FC,0x35D9CC
FN_libARSPM_0035D9CC,0x35D9CC,sub_35D9CC,0x35D968,
FN_libARSPM_0035D9E8,0x35D9E8,sub_35D9E8,,0x35D6A0;0x35D6A0
FN_libARSPM_0035DC00,0x35DC00,sub_35DC00,0x35C590;0x35C590;0x35C590,0x4ECB10;0x2FA038
FN_libARSPM_0035DD14,0x35DD14,sub_35DD14,,0x30E308;0x30ACCC;0x4ECB10;0x2FA038;0x4ECB10;0x2FA038;0x4ECA80;0x30DB58;0x4ECB10;0x2FA038
FN_libARSPM_0035DE78,0x35DE78,sub_35DE78,,0x1563F8
FN_libARSPM_0035DEA8,0x35DEA8,sub_35DEA8,,0x30E934
FN_libARSPM_0035DF18,0x35DF18,sub_35DF18,0x35C12C,0x2F0064;0x331AF0;0x2F0064;0x4ECB10
FN_libARSPM_0035E08C,0x35E08C,sub_35E08C,,0x1D8FA8
FN_libARSPM_0035E0F0,0x35E0F0,sub_35E0F0,,0x2666F8
FN_libARSPM_0035E17C,0x35E17C,sub_35E17C,,0x2FCC88;0x2F0280
FN_libARSPM_0035E210,0x35E210,sub_35E210,,0x2F0280;0x2666F8
FN_libARSPM_0035E360,0x35E360,sub_35E360,,0x2666F8;0x1D93F8
FN_libARSPM_0035E3E8,0x35E3E8,sub_35E3E8,,0x2F0280;0x2F24F0;0x1D99C4;0x2D1B70;0x2D1B70;0x2F24F0;0x2D1B70;0x2D1B70;0x2D1B70;0x2D1B70
FN_libARSPM_0035E680,0x35E680,sub_35E680,,0x2F0280;0x2666F8
FN_libARSPM_0035E7D8,0x35E7D8,sub_35E7D8,0x35B76C,0x2FFAEC;0x2D1CE4;0x35D8C4;0x37FD88;0x4ECB10;0x3F6804;0x1416F0;0x4ECB10;0x145A88
FN_libARSPM_0035E8FC,0x35E8FC,sub_35E8FC,0x35B76C;0x35B76C,0x35D968;0x172BE0;0x35EA3C
FN_libARSPM_0035EA3C,0x35EA3C,sub_35EA3C,0x35E8FC,0x145CF0;0x18D364;0x18E60C
FN_libARSPM_0035EB20,0x35EB20,sub_35EB20,,0x2D1CE4;0x3818A4;0x35EF98;0x3818A4;0x3737D0;0x3518A0;0x3802A8;0x3737D0;0x3518A0;0x3802A8
FN_libARSPM_0035EF98,0x35EF98,sub_35EF98,0x35EB20;0x35EB20,0x3142D8;0x371AFC;0x2D1CE4;0x3802A8
FN_libARSPM_0035F12C,0x35F12C,sub_35F12C,,0x381274;0x30E308;0x2F9038
FN_libARSPM_0035F1EC,0x35F1EC,sub_35F1EC,,0x35F298;0x145C28;0x145AEC
FN_libARSPM_0035F23C,0x35F23C,sub_35F23C,,0x35F298;0x145C28;0x145AEC;0x37FFC4
FN_libARSPM_0035F298,0x35F298,sub_35F298,0x35F1EC;0x35F23C,0x18D3DC
FN_libARSPM_0035F378,0x35F378,sub_35F378,0x3FA89C;0x3FB3CC;0x3FBCDC,
FN_libARSPM_0035F3C0,0x35F3C0,sub_35F3C0,0x2FF8A0,
FN_libARSPM_0035F3F4,0x35F3F4,sub_35F3F4,0x3FA89C;0x3FBCDC,0x373118;0x3518A0;0x1726AC;0x350FB4
FN_libARSPM_0035F538,0x35F538,sub_35F538,0x3FB3CC,0x373118;0x3518A0;0x1726AC;0x350FB4
FN_libARSPM_0035F6AC,0x35F6AC,sub_35F6AC,0x3FA89C;0x3FB3CC;0x3FBCDC,0x14130C
FN_libARSPM_0035F790,0x35F790,sub_35F790,,0x351B14
FN_libARSPM_0035F848,0x35F848,sub_35F848,,0x1756D8;0x1726D8;0x173B3C;0x172690;0x35FED4;0x14130C;0x1349B8;0x1348D0;0x2666F8;0x30B6D8
FN_libARSPM_0035FED4,0x35FED4,sub_35FED4,0x35F848;0x35F848;0x3602C4;0x3602C4,0x2FE064;0x2D2954;0x3B4D08;0x3B4D08;0x2FE064;0x2D2954;0x2FE064;0x2D2954
FN_libARSPM_00360018,0x360018,sub_360018,0x35F848,0x3F4674;0x141420;0x141288;0x361FD0;0x1C3924;0x141420;0x141288;0x361688
FN_libARSPM_003602C4,0x3602C4,sub_3602C4,0x35F848,0x35FED4;0x35FED4;0x1349B8;0x1348D0;0x2666F8;0x4ECA80;0x3621D8;0x360CA0;0x361878;0x141420
FN_libARSPM_00360654,0x360654,sub_360654,,0x37D69C
FN_libARSPM_003606C8,0x3606C8,sub_3606C8,,0x3519C8
FN_libARSPM_00360808,0x360808,sub_360808,,0x351948;0x4ECB10
FN_libARSPM_003608A0,0x3608A0,sub_3608A0,,0x351948;0x4ECB10
FN_libARSPM_00360A7C,0x360A7C,sub_360A7C,0x35F848;0x38CD5C,0x33F734;0x341310;0x33FA9C
FN_libARSPM_00360CA0,0x360CA0,sub_360CA0,0x3602C4;0x38E250,0x33FA9C;0x33FA9C;0x33FA9C;0x33FA9C
FN_libARSPM_00360DDC,0x360DDC,sub_360DDC,,0x1726AC;0x1726D8;0x1726D8
FN_libARSPM_00360F0C,0x360F0C,sub_360F0C,,0x1756E4
FN_libARSPM_00360FBC,0x360FBC,sub_360FBC,,0x1D93F8;0x1D93F8;0x1D93F8
FN_libARSPM_00361154,0x361154,sub_361154,,0x3439BC;0x2D1B70;0x343850;0x2D1B70;0x343850;0x2D1B70;0x2D1B70;0x1D8FB8;0x1D91C4;0x1D8FA8
FN_libARSPM_00361688,0x361688,sub_361688,0x360018,0x33F734;0x341310;0x33FA9C
FN_libARSPM_00361878,0x361878,sub_361878,0x3602C4,0x33FA9C;0x33FA9C;0x33FA9C;0x33FA9C
FN_libARSPM_003619B4,0x3619B4,sub_3619B4,,0x1726AC;0x1726D8;0x1726D8
FN_libARSPM_00361AA4,0x361AA4,sub_361AA4,,0x1756E4
FN_libARSPM_00361B28,0x361B28,sub_361B28,0x38CD5C,0x33F734;0x341310;0x33FA9C
FN_libARSPM_00361D08,0x361D08,sub_361D08,0x38E250,0x33FA9C;0x33FA9C;0x33FA9C;0x33FA9C
FN_libARSPM_00361E48,0x361E48,sub_361E48,,0x1726AC;0x1726AC;0x1726D8;0x1726D8
FN_libARSPM_00361FD0,0x361FD0,sub_361FD0,0x360018,0x33F734;0x341310;0x33FA9C
FN_libARSPM_003621D8,0x3621D8,sub_3621D8,0x3602C4,0x33FA9C;0x33FA9C;0x33FA9C;0x33FA9C
FN_libARSPM_00362314,0x362314,sub_362314,,0x1726AC;0x1726D8;0x1726D8
FN_libARSPM_00362400,0x362400,sub_362400,,0x1756E4
FN_libARSPM_003624E8,0x3624E8,sub_3624E8,,0x1D93F8;0x1D93F8;0x1D93F8
FN_libARSPM_00362618,0x362618,sub_362618,,0x3439BC;0x2D1B70;0x1D8FB8;0x1D91C4;0x1D8FA8;0x1D8FA8;0x1D93F8;0x3437B4;0x1D93F8;0x1D93F8
FN_libARSPM_00362D2C,0x362D2C,sub_362D2C,0x362618;0x362FE0;0x3637F4;0x3637F4;0x3637F4,0x2D1B70;0x3427A8;0x1D99C4;0x2D1B70;0x3427A8
FN_libARSPM_00362EBC,0x362EBC,sub_362EBC,,0x1D93F8;0x1D93F8;0x1D93F8
FN_libARSPM_00362F34,0x362F34,sub_362F34,,0x340C7C
FN_libARSPM_00362FE0,0x362FE0,sub_362FE0,,0x3439BC;0x2D1B70;0x343850;0x2D1B70;0x343850;0x2D1B70;0x343850;0x2D1B70;0x2D1B70;0x1D8FB8
FN_libARSPM_00363690,0x363690,sub_363690,,0x1D93F8;0x1D93F8;0x1D93F8
FN_libARSPM_003637F4,0x3637F4,sub_3637F4,,0x3439BC;0x2D1B70;0x1D8FB8;0x1D91C4;0x1D8FA8;0x1D8FA8;0x1D93F8;0x3437B4;0x1D93F8;0x1D93F8
FN_libARSPM_00364108,0x364108,sub_364108,0x325E38,0x364148
FN_libARSPM_00364148,0x364148,sub_364148,0x364108,0x3737D0;0x350FB4
FN_libARSPM_0036422C,0x36422C,sub_36422C,0x321718,0x36426C
FN_libARSPM_0036426C,0x36426C,sub_36426C,0x36422C,0x3737D0;0x350FB4
FN_libARSPM_0036465C,0x36465C,sub_36465C,,0x2FBEC0
FN_libARSPM_00364710,0x364710,sub_364710,,0x33A66C;0x364E70
FN_libARSPM_00364784,0x364784,sub_364784,,0x1D8FB8;0x26462C;0x1D93F8;0x33A66C;0x364958;0x3200B4
FN_libARSPM_003648AC,0x3648AC,sub_3648AC,,0x4ECB10
FN_libARSPM_003648F8,0x3648F8,sub_3648F8,,0x4ECB10
FN_libARSPM_00364958,0x364958,sub_364958,0x364784,0x1AA4E4;0x1AA22C;0x172EB0;0x173840;0x1726D8;0x173B3C;0x2CFAA0;0x172690;0x172690;0x1AA4E4
FN_libARSPM_00364E70,0x364E70,sub_364E70,0x364710,0x17296C
FN_libARSPM_00364F64,0x364F64,sub_364F64,,0x351948;0x2666F8
FN_libARSPM_00364FC0,0x364FC0,sub_364FC0,,0x351948;0x2666F8
FN_libARSPM_0036503C,0x36503C,sub_36503C,,0x3519C8;0x1349B8;0x1348D0;0x2666F8
FN_libARSPM_0036526C,0x36526C,sub_36526C,,0x2FBF3C;0x2FC034;0x2FC04C
FN_libARSPM_00365300,0x365300,sub_365300,,0x351B14
FN_libARSPM_003653A8,0x3653A8,sub_3653A8,,0x356D34;0x1726D8;0x173B3C;0x2CFAA0;0x172690;0x141420;0x141288;0x33F734;0x141288;0x33F734
FN_libARSPM_003656C4,0x3656C4,sub_3656C4,,0x37315C;0x1348D0;0x2666F8;0x1349B8;0x1348D0;0x2666F8;0x1B6110;0x1B6110;0x1B6110;0x173840
FN_libARSPM_003663E8,0x3663E8,sub_3663E8,,0x1726AC;0x1726D8;0x1726D8
FN_libARSPM_003664B4,0x3664B4,sub_3664B4,,0x1756E4
FN_libARSPM_00366540,0x366540,sub_366540,,0x1D93F8;0x1D93F8;0x1D93F8
FN_libARSPM_00366670,0x366670,sub_366670,,0x3439BC;0x343850;0x2D1B70;0x343850;0x2D1B70;0x2D1B70;0x340BB4;0x340D90;0x1D8FB8;0x1D91C4
FN_libARSPM_003669B8,0x3669B8,sub_3669B8,,0x1726AC;0x1726D8;0x1726D8
FN_libARSPM_00366A84,0x366A84,sub_366A84,,0x1756E4
FN_libARSPM_00366AF8,0x366AF8,sub_366AF8,,0x1D93F8;0x1D93F8;0x1D93F8
FN_libARSPM_00366C28,0x366C28,sub_366C28,,0x3439BC;0x343850;0x2D1B70;0x343850;0x2D1B70;0x2D1B70;0x340BB4;0x340D90;0x1D8FB8;0x1D91C4
FN_libARSPM_00366FB8,0x366FB8,sub_366FB8,0x3656C4;0x3656C4;0x3656C4,0x3351FC;0x367348;0x3351FC;0x3670D0
FN_libARSPM_003670D0,0x3670D0,sub_3670D0,0x366FB8,
FN_libARSPM_00367348,0x367348,sub_367348,0x366FB8,
FN_libARSPM_00367570,0x367570,sub_367570,0x367E58;0x367ED8,0x18D2E0;0x1DA744;0x33974C;0x313864;0x1DA744;0x1DA744;0x339AA4;0x18E03C;0x333DF8;0x30EC28
FN_libARSPM_00367B9C,0x367B9C,sub_367B9C,0x367570;0x367570,0x18D364;0x3518A0;0x367FC0;0x18D3DC
FN_libARSPM_00367CD4,0x367CD4,sub_367CD4,,0x1DA744;0x1DA744;0x339AA4
FN_libARSPM_00367D40,0x367D40,sub_367D40,,0x313864;0x1DA744;0x1DA744;0x339AA4;0x302004;0x1DA744
FN_libARSPM_00367E58,0x367E58,sub_367E58,,0x1D8FB8;0x26462C;0x1D93F8;0x367570
FN_libARSPM_00367ED8,0x367ED8,sub_367ED8,,0x1D8FB8;0x26462C;0x1D93F8;0x367570
FN_libARSPM_00367FC0,0x367FC0,sub_367FC0,0x367B9C,0x373118;0x37DC34;0x1563CC;0x18D364;0x1349B8;0x1348D0;0x2666F8;0x18D364;0x18D3DC;0x350FB4
FN_libARSPM_003681FC,0x3681FC,sub_3681FC,,0x1563F8;0x37D23C;0x18D3DC;0x2666F8
FN_libARSPM_00368298,0x368298,sub_368298,,0x1563F8;0x37D23C;0x18D3DC;0x2666F8
FN_libARSPM_00368358,0x368358,sub_368358,,0x37DD78;0x1349B8;0x1348D0;0x2666F8;0x18D364
FN_libARSPM_00368584,0x368584,sub_368584,,0x37315C;0x2FBF3C;0x2FC034;0x2FC04C;0x2FA9C8
FN_libARSPM_00368684,0x368684,sub_368684,,0x356C08;0x1926B8;0x1923B0;0x1923B0;0x37DDB0
FN_libARSPM_003687D0,0x3687D0,sub_3687D0,,0x1926B8;0x1923B0;0x1923B0;0x36974C;0x1926B8;0x2CFAA0;0x1923B0;0x369844;0x369844;0x369844
FN_libARSPM_0036974C,0x36974C,sub_36974C,0x3687D0,0x2CFAA0;0x2CFAA0
FN_libARSPM_00369844,0x369844,sub_369844,0x3687D0;0x3687D0;0x3687D0;0x3687D0;0x3687D0;0x3687D0,
FN_libARSPM_0036984C,0x36984C,sub_36984C,,0x141420;0x141288;0x156714
FN_libARSPM_00369A10,0x369A10,sub_369A10,0x322064,0x3518A0;0x369ADC
FN_libARSPM_00369ADC,0x369ADC,sub_369ADC,0x369A10,0x373118;0x37D220;0x1349B8;0x1348D0;0x2666F8;0x1348D0;0x2666F8;0x145FDC;0x145E74;0x1AC7C8
FN_libARSPM_00369F64,0x369F64,sub_369F64,,0x37D23C;0x2666F8;0x2666F8
FN_libARSPM_0036A000,0x36A000,sub_36A000,,0x37D23C;0x2666F8;0x2666F8
FN_libARSPM_0036A0C0,0x36A0C0,sub_36A0C0,,0x37D270;0x1349B8;0x1348D0;0x2666F8;0x1348D0
FN_libARSPM_0036A338,0x36A338,sub_36A338,,0x2FBF3C;0x2FC034;0x2FC04C
FN_libARSPM_0036A3CC,0x36A3CC,sub_36A3CC,,0x37D478
FN_libARSPM_0036A46C,0x36A46C,sub_36A46C,,0x356C08;0x37DAF0
FN_libARSPM_0036A550,0x36A550,sub_36A550,,0x37315C;0x37365C;0x2CFAA0
FN_libARSPM_0036A628,0x36A628,sub_36A628,,0x351B14
FN_libARSPM_0036A6CC,0x36A6CC,sub_36A6CC,,0x3519C8
FN_libARSPM_0036A72C,0x36A72C,sub_36A72C,0x36AAA8;0x36AB64,0x4ECA80;0x4ECB10;0x141420;0x141288;0x2FC87C;0x141420;0x141288;0x33F734;0x33F9E4;0x341310
FN_libARSPM_0036AAA8,0x36AAA8,sub_36AAA8,,0x30EC28;0x2D1CE4;0x2FFAF4;0x36A72C
FN_libARSPM_0036AB64,0x36AB64,sub_36AB64,,0x2FA7E0;0x2FB174;0x36A72C;0x351E54;0x2FA7E0;0x36B7A0;0x4EC2E0;0x3F2320;0x2666F8;0x3F2364
FN_libARSPM_0036AE80,0x36AE80,sub_36AE80,,0x2FBF3C;0x2FC034;0x2FC04C;0x4ECA80;0x2FC08C;0x2FC240
FN_libARSPM_0036AFB8,0x36AFB8,sub_36AFB8,,0x351948;0x4ECB10;0x2FA038;0x4ECB10
FN_libARSPM_0036B06C,0x36B06C,sub_36B06C,,0x351948;0x4ECB10;0x2FA038;0x4ECB10
FN_libARSPM_0036B128,0x36B128,sub_36B128,,0x351DE8;0x167C58
FN_libARSPM_0036B190,0x36B190,sub_36B190,,0x2666F8;0x4ECB10
FN_libARSPM_0036B2F4,0x36B2F4,sub_36B2F4,,0x2666F8
FN_libARSPM_0036B3D4,0x36B3D4,sub_36B3D4,0x36A72C;0x36A72C;0x36A72C;0x36A72C;0x36B718;0x36B718;0x3707C0;0x3707C0;0x3707C0;0x3707C0,0x1349B8;0x1348D0;0x2666F8
FN_libARSPM_0036B4C4,0x36B4C4,sub_36B4C4,,0x1D93F8;0x1D93F8;0x1D93F8
FN_libARSPM_0036B54C,0x36B54C,sub_36B54C,,0x3439BC;0x2D1B70;0x2D1B70;0x1D95E8;0x2D1B70;0x1D95E8;0x2D1B70;0x36B840;0x2D1B70;0x1D8FB8
FN_libARSPM_0036B718,0x36B718,sub_36B718,0x36A72C,0x36B3D4;0x36B3D4
FN_libARSPM_0036B7A0,0x36B7A0,sub_36B7A0,0x36AB64,
FN_libARSPM_0036B840,0x36B840,sub_36B840,0x36B54C,0x343850;0x2D1B70;0x2D1B70;0x3427A8;0x343850;0x2D1B70;0x2D1B70;0x3427A8;0x2D1B70;0x2D1B70
FN_libARSPM_0036BA30,0x36BA30,sub_36BA30,,0x30E308
FN_libARSPM_0036BA80,0x36BA80,sub_36BA80,0x321DD8,0x36BCF8;0x3518A0;0x36BCF8;0x4ECB10
FN_libARSPM_0036BB98,0x36BB98,sub_36BB98,0x321B50,0x36ED80;0x3518A0;0x36ED80;0x4ECB10;0x4ECB10;0x1E1554
FN_libARSPM_0036BCF8,0x36BCF8,sub_36BCF8,0x36BA80;0x36BA80,0x373118;0x37D220;0x1348D0;0x2666F8;0x4ECA80;0x4ECB10;0x4ECA80;0x4ECB10;0x148194;0x14838C
FN_libARSPM_0036C2CC,0x36C2CC,sub_36C2CC,0x36C468,0x4ECB10;0x14803C;0x148054;0x4ECB10;0x4ECB10;0x4ECB10;0x4ECB10;0x1E1554;0x2666F8;0x4ECB10
FN_libARSPM_0036C468,0x36C468,sub_36C468,,0x36C2CC
FN_libARSPM_0036C4B8,0x36C4B8,sub_36C4B8,,0x37D270;0x1727BC;0x36D32C;0x1726AC;0x36D32C;0x1726AC;0x1756E4;0x36D374
FN_libARSPM_0036C6F0,0x36C6F0,sub_36C6F0,,0x37315C;0x2FBF3C;0x2FC034;0x2FC04C
FN_libARSPM_0036C7A8,0x36C7A8,sub_36C7A8,,0x37D478
FN_libARSPM_0036C81C,0x36C81C,sub_36C81C,,0x1756E4;0x1727BC;0x1756D8;0x4ECA80;0x4ECA80;0x4ECA80;0x141420;0x141288;0x33F734;0x1756E4
FN_libARSPM_0036CC08,0x36CC08,sub_36CC08,,0x351E54;0x1756E4;0x1727BC;0x173840;0x2CFAA0;0x141420;0x141288;0x2CFAA0
FN_libARSPM_0036D32C,0x36D32C,sub_36D32C,0x36C4B8;0x36C4B8,
FN_libARSPM_0036D374,0x36D374,sub_36D374,0x36C4B8,0x1349B8;0x1348D0;0x2666F8;0x4ECB10;0x1E1554;0x4ECB10;0x4ECB10
FN_libARSPM_0036D5D0,0x36D5D0,sub_36D5D0,,0x4ECB10;0x4ECB10;0x14803C;0x148054;0x4ECB10;0x177AA4
FN_libARSPM_0036D694,0x36D694,sub_36D694,,0x4ECB10;0x4ECB10;0x14803C;0x148054;0x4ECB10;0x177AA4
FN_libARSPM_0036D760,0x36D760,sub_36D760,,0x1726AC;0x2D0CF8;0x1726D8;0x1726D8
FN_libARSPM_0036D894,0x36D894,sub_36D894,,0x1756E4
FN_libARSPM_0036D92C,0x36D92C,sub_36D92C,0x36C81C,0x15E638
FN_libARSPM_0036D940,0x36D940,sub_36D940,,0x1D93F8;0x1D93F8;0x1D93F8
FN_libARSPM_0036D9DC,0x36D9DC,sub_36D9DC,,0x1D93F8;0x1D93F8;0x1D93F8
FN_libARSPM_0036DA70,0x36DA70,sub_36DA70,,0x340C7C
FN_libARSPM_0036DB98,0x36DB98,sub_36DB98,,0x36E7B4;0x3439BC;0x342558;0x40F910;0x342558;0x1D93F8;0x2D1B70;0x3413B8;0x3413FC;0x341228
FN_libARSPM_0036E70C,0x36E70C,sub_36E70C,,0x342558;0x1D93F8;0x178340
FN_libARSPM_0036E7B4,0x36E7B4,sub_36E7B4,0x36DB98,0x331384;0x15E650
FN_libARSPM_0036E974,0x36E974,sub_36E974,,0x178340
FN_libARSPM_0036EA50,0x36EA50,sub_36EA50,,0x284E0C;0x1D9318;0x1D93F8;0x178340
FN_libARSPM_0036ECCC,0x36ECCC,sub_36ECCC,,0x2CFAA0;0x2666C0
FN_libARSPM_0036ECF0,0x36ECF0,sub_36ECF0,,0x2CFAA0;0x2666C0
FN_libARSPM_0036ED14,0x36ED14,sub_36ED14,,0x2CFAA0;0x2666C0
FN_libARSPM_0036ED38,0x36ED38,sub_36ED38,,0x2CFAA0;0x2666C0
FN_libARSPM_0036ED5C,0x36ED5C,sub_36ED5C,,0x2CFAA0;0x2666C0
FN_libARSPM_0036ED80,0x36ED80,sub_36ED80,0x36BB98;0x36BB98,0x373118;0x37D220;0x4ECA80;0x4ECB10;0x177AA4;0x174980;0x1349B8;0x1348D0;0x2666F8;0x350FB4
FN_libARSPM_0036F1C4,0x36F1C4,sub_36F1C4,0x36ED80;0x36ED80;0x36ED80;0x36ED80,0x1D8FB8;0x1D91C4;0x36F6A0;0x1D93F8;0x1D91C4;0x1D93F8;0x1D8FB8;0x1D8FB8;0x1D8FB8;0x1D91C4
FN_libARSPM_0036F6A0,0x36F6A0,sub_36F6A0,0x36F1C4;0x36F1C4;0x36F1C4,0x1D91C4;0x1D91C4;0x1D93F8;0x178468;0x15E650
FN_libARSPM_0036F818,0x36F818,sub_36F818,0x36F1C4;0x36F1C4,0x1D91C4;0x1D91C4;0x1D93F8;0x17847C;0x15E650
FN_libARSPM_0036F960,0x36F960,sub_36F960,0x323BB4,0x3737D0;0x350FB4
FN_libARSPM_0036FA10,0x36FA10,sub_36FA10,,0x2FBEE8
FN_libARSPM_0036FB2C,0x36FB2C,sub_36FB2C,0x31EE7C;0x31F8D8;0x323078,0x36FB78
FN_libARSPM_0036FB78,0x36FB78,sub_36FB78,0x36FB2C;0x36FED4,0x2D1CE4;0x1726AC;0x3518A0;0x36FF30;0x2CFAA0;0x2666C0
FN_libARSPM_0036FED4,0x36FED4,sub_36FED4,0x324384,0x36FB78
FN_libARSPM_0036FF30,0x36FF30,sub_36FF30,0x36FB78,0x373118;0x37D220;0x14130C;0x174980;0x350FB4
FN_libARSPM_003700E8,0x3700E8,sub_3700E8,,0x37D23C
FN_libARSPM_00370170,0x370170,sub_370170,,0x37D23C
FN_libARSPM_00370220,0x370220,sub_370220,,0x37D270
FN_libARSPM_003702A8,0x3702A8,sub_3702A8,,0x2FBF3C;0x2FC034;0x2FC04C;0x2FC08C;0x2FC2D4
FN_libARSPM_003703C4,0x3703C4,sub_3703C4,,0x1727BC;0x1AA874;0x1726AC;0x1726D8;0x173B3C;0x1B631C;0x1AA874;0x1AC240;0x174980;0x172690
FN_libARSPM_00370758,0x370758,sub_370758,,0x37D318
FN_libARSPM_003707C0,0x3707C0,sub_3707C0,,0x141420;0x141288;0x33F734;0x341310;0x36B3D4;0x36B3D4;0x36B3D4;0x36B3D4;0x36B3D4;0x36B3D4
FN_libARSPM_00370A0C,0x370A0C,sub_370A0C,,0x37315C;0x351E54;0x172CC4;0x174708;0x174708;0x1738A8;0x145FDC;0x4EC2E0;0x3F2320;0x2666F8
FN_libARSPM_00370FE4,0x370FE4,sub_370FE4,,0x2666F8
FN_libARSPM_00371030,0x371030,sub_371030,,0x2666F8
FN_libARSPM_003710D8,0x3710D8,sub_3710D8,,0x1D93F8;0x1D93F8;0x1D93F8
FN_libARSPM_00371154,0x371154,sub_371154,,0x3439BC;0x2D1B70;0x1D8FB8;0x1D91C4;0x1D8FA8;0x1D8FA8;0x1D93F8;0x3437B4;0x1D93F8;0x1D93F8
FN_libARSPM_00371AFC,0x371AFC,sub_371AFC,0x31FE90;0x35EF98;0x392E70;0x39E3B4,
FN_libARSPM_00371B04,0x371B04,sub_371B04,0x371BE4,0x3359CC;0x3518A0;0x371C6C
FN_libARSPM_00371BE4,0x371BE4,sub_371BE4,0x321718;0x3255B0;0x325E38,0x3351FC;0x371B04
FN_libARSPM_00371C6C,0x371C6C,sub_371C6C,0x371B04,0x373118;0x37DC34;0x1563CC;0x1564BC;0x336B00;0x3357A0;0x335A50;0x37202C;0x156738;0x350FB4
FN_libARSPM_0037202C,0x37202C,sub_37202C,0x371C6C,0x156738
FN_libARSPM_003721E4,0x3721E4,sub_3721E4,,0x1563F8;0x37D23C
FN_libARSPM_00372260,0x372260,sub_372260,,0x1563F8;0x37D23C
FN_libARSPM_00372304,0x372304,sub_372304,,0x207B3C;0x207B3C;0x3732AC;0x37DD78;0x156898;0x207B3C
FN_libARSPM_00372510,0x372510,sub_372510,,0x3846B8;0x37315C;0x2FBF3C;0x2FC034;0x2FC08C;0x2FC04C;0x2FA7E0;0x386228
FN_libARSPM_003726E0,0x3726E0,sub_3726E0,,0x37D478;0x3846D0;0x3846D0
FN_libARSPM_003729FC,0x3729FC,sub_3729FC,,0x207B3C;0x207B3C;0x3732F8;0x2FFAF4;0x3846B8;0x386334;0x14130C;0x372F98;0x207B3C
FN_libARSPM_00372C18,0x372C18,sub_372C18,,0x3846B8;0x3863C8;0x37DDB0
FN_libARSPM_00372D48,0x372D48,sub_372D48,,0x207B3C;0x207B3C;0x3846B8;0x386334;0x386334;0x372F98;0x3860B8;0x2CFAA0;0x207B3C
FN_libARSPM_00372F98,0x372F98,sub_372F98,0x3729FC;0x372D48,0x385CEC;0x385DE8
FN_libARSPM_00373118,0x373118,sub_373118,0x34E8E0;0x352178;0x357AD4;0x35F3F4;0x35F538;0x364958;0x367FC0;0x369ADC;0x36BCF8;0x36ED80,0x3737D0
FN_libARSPM_0037315C,0x37315C,sub_37315C,0x34F1DC;0x352898;0x358284;0x3656C4;0x368584;0x36A550;0x36C6F0;0x370A0C;0x372510;0x375174,
FN_libARSPM_003732AC,0x3732AC,sub_3732AC,0x372304;0x3A051C,0x30B6F4;0x30B728
FN_libARSPM_003732F8,0x3732F8,sub_3732F8,0x3729FC;0x3A0AE8;0x3A1CA4,0x2FFAF4;0x30EC28;0x2D1CE4
FN_libARSPM_00373494,0x373494,sub_373494,0x352FCC;0x377274;0x3936F8,0x3734E8
FN_libARSPM_003734E8,0x3734E8,sub_3734E8,0x373494;0x37365C,0x141420;0x141288;0x2CFAA0
FN_libARSPM_0037365C,0x37365C,sub_37365C,0x3656C4;0x36A550;0x37BA40;0x37C500;0x37E9E0;0x387A48,0x30B6D8;0x4ECB10;0x2FA038;0x4ECB10;0x2FA038;0x4ECA80;0x30B6FC;0x30B704;0x30B6F4;0x3734E8
FN_libARSPM_003737AC,0x3737AC,sub_3737AC,,0x2CFAA0;0x2666C0
FN_libARSPM_003737D0,0x3737D0,sub_3737D0,0x35CEE4;0x35EB20;0x35EB20;0x364148;0x36426C;0x36F960;0x373118;0x3957E8;0x395920;0x395AA0,
FN_libARSPM_003737F4,0x3737F4,sub_3737F4,0x37F584;0x37FA70,
FN_libARSPM_003738A0,0x3738A0,sub_3738A0,0x37F584;0x37F584;0x37F584,
FN_libARSPM_003738E4,0x3738E4,sub_3738E4,0x37F584;0x37F584;0x37F584;0x37F584;0x37F584;0x37F584;0x37FA70;0x37FEA4;0x3802A8,
FN_libARSPM_00373900,0x373900,sub_373900,0x31F8D8,0x174980;0x1DA744;0x3518A0;0x374A6C;0x174980;0x1DA744;0x373BC4
FN_libARSPM_00373BC4,0x373BC4,sub_373BC4,0x373900,0x1AA4E4;0x1AA22C;0x1AA4E4;0x1AA4E4;0x3518A0;0x376BEC
FN_libARSPM_00373D78,0x373D78,sub_373D78,0x31F8D8,0x30D4C4;0x4ECB10;0x2666F8;0x4ECB10;0x1726D8;0x1726D8;0x374724;0x37449C
FN_libARSPM_00373F8C,0x373F8C,sub_373F8C,0x323078;0x3740E0,
FN_libARSPM_00373FA4,0x373FA4,sub_373FA4,,0x1726D8
FN_libARSPM_00374074,0x374074,sub_374074,0x3740E0,0x30D4C4;0x4ECB10
FN_libARSPM_003740E0,0x3740E0,sub_3740E0,0x323078,0x374074;0x4ECB10;0x373F8C;0x20AC70;0x3518A0;0x378608
FN_libARSPM_00374374,0x374374,sub_374374,0x374944,0x1DA744;0x3518A0;0x37A0FC
FN_libARSPM_0037449C,0x37449C,sub_37449C,0x373D78,0x173840;0x1DA744;0x1AA4E4;0x1AA22C;0x1AA4E4;0x1AA4E4;0x2D1CE4;0x3518A0;0x37B3F4
FN_libARSPM_00374724,0x374724,sub_374724,0x373D78,0x1DA744;0x2D1CE4;0x2D1CE4;0x3518A0;0x37BEF4
FN_libARSPM_00374944,0x374944,sub_374944,0x323600,0x172858;0x374374
FN_libARSPM_00374A6C,0x374A6C,sub_374A6C,0x373900,0x373118;0x37D220;0x3757DC;0x350FB4
FN_libARSPM_00374CA0,0x374CA0,sub_374CA0,,0x2666F8;0x37D23C
FN_libARSPM_00374CFC,0x374CFC,sub_374CFC,,0x2666F8;0x37D23C
FN_libARSPM_00374D9C,0x374D9C,sub_374D9C,,0x37D270;0x3758D4
FN_libARSPM_00374E98,0x374E98,sub_374E98,,0x2FBF3C;0x2FC034;0x2FC04C
FN_libARSPM_00374F54,0x374F54,sub_374F54,,0x1726D8;0x173B3C;0x172690;0x141420;0x141288;0x33F734;0x341310;0x37DAF0
FN_libARSPM_00375174,0x375174,sub_375174,,0x37315C;0x351E54;0x145FDC;0x3765A4;0x141420;0x141288;0x2CFAA0;0x2CFAA0;0x2CFAA0;0x2666C0
FN_libARSPM_003757DC,0x3757DC,sub_3757DC,0x374A6C,0x1349B8;0x1348D0;0x2666F8
FN_libARSPM_003758D4,0x3758D4,sub_3758D4,0x374D9C,0x1349B8;0x1348D0;0x2666F8
FN_libARSPM_00375A4C,0x375A4C,sub_375A4C,0x37A9C0,0x33F734
FN_libARSPM_00375C38,0x375C38,sub_375C38,,0x1726AC;0x1726D8;0x1726D8
FN_libARSPM_00375DD0,0x375DD0,sub_375DD0,,0x1756E4
FN_libARSPM_00375E3C,0x375E3C,sub_375E3C,,0x1D93F8;0x1D93F8;0x1D93F8
FN_libARSPM_00375ED0,0x375ED0,sub_375ED0,,0x3439BC;0x1D99C4;0x1D8FB8;0x1D91C4;0x1D8FA8;0x1D8FA8;0x1D93F8;0x3437B4;0x1D93F8;0x1D93F8
FN_libARSPM_003765A4,0x3765A4,sub_3765A4,0x375174,
FN_libARSPM_00376BEC,0x376BEC,sub_376BEC,0x373BC4,0x373118;0x37D220;0x377C94;0x350FB4
FN_libARSPM_00376DD8,0x376DD8,sub_376DD8,,0x2666F8;0x37D23C
FN_libARSPM_00376E34,0x376E34,sub_376E34,,0x2666F8;0x37D23C
FN_libARSPM_00376EB8,0x376EB8,sub_376EB8,,0x37D270;0x377D84
FN_libARSPM_00376F9C,0x376F9C,sub_376F9C,,0x2FBF3C;0x2FC034;0x2FC04C
FN_libARSPM_00377068,0x377068,sub_377068,,0x1726D8;0x173B3C;0x172690;0x141420;0x141288;0x33F734;0x341310;0x37DAF0
FN_libARSPM_00377274,0x377274,sub_377274,,0x37315C;0x4EC2E0;0x3F2320;0x2666F8;0x3F2364;0x4EC2E0;0x3F2320;0x2666F8;0x3F2364;0x30AFD4
FN_libARSPM_00377C94,0x377C94,sub_377C94,0x376BEC,0x1349B8;0x1348D0;0x2666F8
FN_libARSPM_00377D84,0x377D84,sub_377D84,0x376EB8,0x1349B8;0x1348D0;0x2666F8
FN_libARSPM_00377EFC,0x377EFC,sub_377EFC,,0x1726AC;0x1726D8;0x1726D8
FN_libARSPM_00377FE4,0x377FE4,sub_377FE4,,0x1756E4
FN_libARSPM_00378050,0x378050,sub_378050,,0x1D93F8;0x1D93F8;0x1D93F8
FN_libARSPM_003780E4,0x3780E4,sub_3780E4,,0x3439BC;0x343850;0x2D1B70;0x343850;0x2D1B70;0x2D1B70;0x1D8FB8;0x1D91C4;0x1D8FA8;0x1D8FA8
FN_libARSPM_00378608,0x378608,sub_378608,0x3740E0,0x373118;0x37D220;0x173840;0x174B9C;0x174B9C;0x174708;0x37975C;0x350FB4
FN_libARSPM_003788B8,0x3788B8,sub_3788B8,,0x2666F8;0x37D23C
FN_libARSPM_00378914,0x378914,sub_378914,,0x2666F8;0x37D23C
FN_libARSPM_003789B4,0x3789B4,sub_3789B4,,0x37D270;0x379854
FN_libARSPM_00378A78,0x378A78,sub_378A78,,0x2FBF3C;0x2FC034;0x2FC04C
FN_libARSPM_00378B34,0x378B34,sub_378B34,,0x1726D8;0x173B3C;0x172690;0x141420;0x141288;0x33F734;0x341310;0x37DAF0
FN_libARSPM_00378D20,0x378D20,sub_378D20,,0x37315C;0x351E54;0x145FDC;0x141420;0x141288;0x2CFAA0;0x2CFAA0
FN_libARSPM_0037975C,0x37975C,sub_37975C,0x378608,0x1349B8;0x1348D0;0x2666F8
FN_libARSPM_00379854,0x379854,sub_379854,0x3789B4,0x1349B8;0x1348D0;0x2666F8
FN_libARSPM_003799DC,0x3799DC,sub_3799DC,,0x1726AC;0x1726D8;0x1726D8
FN_libARSPM_00379A94,0x379A94,sub_379A94,,0x1756E4
FN_libARSPM_00379B00,0x379B00,sub_379B00,,0x1D93F8;0x1D93F8;0x1D93F8
FN_libARSPM_00379B94,0x379B94,sub_379B94,,0x3439BC;0x1D99C4;0x1D8FB8;0x1D91C4;0x1D8FA8;0x1D8FA8;0x1D93F8;0x3437B4;0x1D93F8;0x1D93F8
FN_libARSPM_0037A0FC,0x37A0FC,sub_37A0FC,0x374374,0x373118;0x37D220;0x1DA744;0x173840;0x174B9C;0x174B9C;0x174708;0x174708;0x1AA23C;0x1AA23C
FN_libARSPM_0037A710,0x37A710,sub_37A710,,0x2666F8;0x37D23C
FN_libARSPM_0037A76C,0x37A76C,sub_37A76C,,0x2666F8;0x37D23C
FN_libARSPM_0037A80C,0x37A80C,sub_37A80C,,0x37D270;0x37B2AC
FN_libARSPM_0037A904,0x37A904,sub_37A904,,0x2FBF3C;0x2FC034;0x2FC04C
FN_libARSPM_0037A9C0,0x37A9C0,sub_37A9C0,,0x1726D8;0x173B3C;0x172690;0x141420;0x141288;0x375A4C;0x37DAF0
FN_libARSPM_0037AB38,0x37AB38,sub_37AB38,,0x37315C;0x351E54;0x145FDC;0x1AA23C;0x141420;0x141288;0x2CFAA0;0x2CFAA0
FN_libARSPM_0037B1BC,0x37B1BC,sub_37B1BC,0x37A0FC;0x37A0FC;0x37A0FC;0x37A0FC,0x1349B8;0x1348D0;0x2666F8
FN_libARSPM_0037B2AC,0x37B2AC,sub_37B2AC,0x37A80C,0x1349B8;0x1348D0;0x2666F8
FN_libARSPM_0037B3F4,0x37B3F4,sub_37B3F4,0x37449C,0x373118;0x37D220;0x1DA744;0x37BCCC;0x350FB4
FN_libARSPM_0037B5A0,0x37B5A0,sub_37B5A0,,0x2666F8;0x37D23C
FN_libARSPM_0037B5FC,0x37B5FC,sub_37B5FC,,0x2666F8;0x37D23C
FN_libARSPM_0037B680,0x37B680,sub_37B680,,0x37D270;0x37BDBC
FN_libARSPM_0037B744,0x37B744,sub_37B744,,0x2FBF3C;0x2FC034;0x2FC04C
FN_libARSPM_0037B834,0x37B834,sub_37B834,,0x1726D8;0x173B3C;0x172690;0x141420;0x141288;0x33F734;0x341310;0x37DAF0
FN_libARSPM_0037BA40,0x37BA40,sub_37BA40,,0x37315C;0x37365C;0x145FDC;0x2CFAA0
FN_libARSPM_0037BCCC,0x37BCCC,sub_37BCCC,0x37B3F4,0x1349B8;0x1348D0;0x2666F8
FN_libARSPM_0037BDBC,0x37BDBC,sub_37BDBC,0x37B680,0x1349B8;0x1348D0;0x2666F8
FN_libARSPM_0037BEF4,0x37BEF4,sub_37BEF4,0x374724,0x373118;0x37D220;0x37C7B0;0x174980;0x350FB4
FN_libARSPM_0037C098,0x37C098,sub_37C098,,0x2666F8;0x37D23C
FN_libARSPM_0037C0F4,0x37C0F4,sub_37C0F4,,0x2666F8;0x37D23C
FN_libARSPM_0037C178,0x37C178,sub_37C178,,0x37D270;0x37C8AC
FN_libARSPM_0037C238,0x37C238,sub_37C238,,0x2FBF3C;0x2FC034;0x2FC04C
FN_libARSPM_0037C31C,0x37C31C,sub_37C31C,,0x141420;0x141288;0x33F734;0x341310;0x37DAF0
FN_libARSPM_0037C500,0x37C500,sub_37C500,,0x37315C;0x37365C;0x145FDC
FN_libARSPM_0037C7B0,0x37C7B0,sub_37C7B0,0x37BEF4,0x1349B8;0x1348D0;0x2666F8
FN_libARSPM_0037C8AC,0x37C8AC,sub_37C8AC,0x37C178,0x1349B8;0x1348D0;0x2666F8
FN_libARSPM_0037CA50,0x37CA50,sub_37CA50,,0x1726AC;0x1726D8;0x1726D8
FN_libARSPM_0037CB38,0x37CB38,sub_37CB38,,0x1756E4
FN_libARSPM_0037CBA4,0x37CBA4,sub_37CBA4,,0x1D93F8;0x1D93F8;0x1D93F8
FN_libARSPM_0037CC38,0x37CC38,sub_37CC38,,0x3439BC;0x343850;0x2D1B70;0x343850;0x2D1B70;0x2D1B70;0x1D8FB8;0x1D91C4;0x1D8FA8;0x1D8FA8
FN_libARSPM_0037D220,0x37D220,sub_37D220,0x369ADC;0x36BCF8;0x36ED80;0x36FF30;0x374A6C;0x376BEC;0x378608;0x37A0FC;0x37B3F4;0x37BEF4,
FN_libARSPM_0037D23C,0x37D23C,sub_37D23C,0x34EAF8;0x34EB94;0x3523C4;0x352458;0x357D74;0x357E10;0x3681FC;0x368298;0x369F64;0x36A000,
FN_libARSPM_0037D24C,0x37D24C,sub_37D24C,0x37DC74,
FN_libARSPM_0037D270,0x37D270,sub_37D270,0x36A0C0;0x36C4B8;0x370220;0x374D9C;0x376EB8;0x3789B4;0x37A80C;0x37B680;0x37C178;0x37DD78,
FN_libARSPM_0037D294,0x37D294,sub_37D294,,0x3519C8
FN_libARSPM_0037D318,0x37D318,sub_37D318,0x370758,0x351B14
FN_libARSPM_0037D478,0x37D478,sub_37D478,0x36A3CC;0x36C7A8;0x3726E0;0x37DC74;0x37E6AC,0x351B14
FN_libARSPM_0037D534,0x37D534,sub_37D534,0x37D69C;0x37D778;0x37D878;0x37D910;0x37DAF0,0x4ECA80;0x4ECB10;0x141420;0x141288;0x2FC87C;0x4ECB10
FN_libARSPM_0037D69C,0x37D69C,sub_37D69C,0x360654,0x2FA7E0;0x2FB174;0x37D534
FN_libARSPM_0037D778,0x37D778,sub_37D778,0x38CCE4,0x2FA7E0;0x2FB174;0x351918;0x35188C;0x37D534;0x351948
FN_libARSPM_0037D878,0x37D878,sub_37D878,0x352C98,0x351918;0x35188C;0x37D534;0x351948
FN_libARSPM_0037D910,0x37D910,sub_37D910,0x3653A8;0x37DDB0;0x37E78C;0x388870;0x3A0D10,0x37D534;0x14130C;0x2FD1B8
FN_libARSPM_0037DA0C,0x37DA0C,sub_37DA0C,0x352C98;0x352C98;0x352C98;0x382DF4,0x14130C;0x2FD1B8
FN_libARSPM_0037DAF0,0x37DAF0,sub_37DAF0,0x36A46C;0x36C81C;0x3707C0;0x374F54;0x377068;0x378B34;0x37A9C0;0x37B834;0x37C31C;0x3935D8,0x351918;0x35188C;0x37D534;0x14130C;0x2FD1B8;0x351948
FN_libARSPM_0037DC34,0x37DC34,sub_37DC34,0x34E8E0;0x352178;0x357AD4;0x367FC0;0x371C6C;0x387474;0x38C680;0x3A18E4,0x37D220
FN_libARSPM_0037DC74,0x37DC74,sub_37DC74,,0x37D24C;0x37D478
FN_libARSPM_0037DD78,0x37DD78,sub_37DD78,0x34EC54;0x35258C;0x357ED0;0x368358;0x372304;0x3876F0;0x38CA18,0x37D270
FN_libARSPM_0037DDB0,0x37DDB0,sub_37DDB0,0x34EFE0;0x358174;0x368684;0x372C18;0x387954;0x3A222C,0x351918;0x35188C;0x37D910;0x351948
FN_libARSPM_0037DE8C,0x37DE8C,sub_37DE8C,0x323910,0x37E040;0x2DC91C;0x4ECB10;0x4ECB10;0x3518A0;0x37E040
FN_libARSPM_0037E040,0x37E040,sub_37E040,0x37DE8C;0x37DE8C,0x373118;0x37D220;0x1348D0;0x2666F8;0x2DC91C;0x174980;0x350FB4
FN_libARSPM_0037E284,0x37E284,sub_37E284,0x37E38C,0x4ECB10;0x4ECB10;0x2DC91C;0x2666F8;0x37D23C
FN_libARSPM_0037E38C,0x37E38C,sub_37E38C,,0x37E284
FN_libARSPM_0037E3BC,0x37E3BC,sub_37E3BC,,0x2FCB1C;0x351DE8;0x167C58
FN_libARSPM_0037E444,0x37E444,sub_37E444,,0x30EB38;0x2D0DBC;0x37D270;0x1349B8;0x1348D0;0x2666F8
FN_libARSPM_0037E61C,0x37E61C,sub_37E61C,,0x2FBF3C;0x2FC034;0x2FC04C;0x2FA9C8
FN_libARSPM_0037E6AC,0x37E6AC,sub_37E6AC,,0x37D478
FN_libARSPM_0037E78C,0x37E78C,sub_37E78C,,0x4ECA80;0x141420;0x141288;0x33F734;0x33FA9C;0x341310;0x351918;0x35188C;0x37D910;0x351948
FN_libARSPM_0037E9E0,0x37E9E0,sub_37E9E0,,0x37315C;0x37365C;0x1726D8;0x168F44;0x168E00;0x168E00;0x1B60E0;0x173840;0x168E00;0x145FDC
FN_libARSPM_0037EF98,0x37EF98,sub_37EF98,,0x4ECB10
FN_libARSPM_0037EFF0,0x37EFF0,sub_37EFF0,,0x4ECB10
FN_libARSPM_0037F054,0x37F054,sub_37F054,,0x2D0CF8
FN_libARSPM_0037F100,0x37F100,sub_37F100,,0x1D93F8;0x1D93F8;0x1D93F8
FN_libARSPM_0037F218,0x37F218,sub_37F218,,0x2D1A60;0x3439BC;0x340D90;0x1D8FB8;0x1D91C4;0x1D8FA8;0x1D8FA8;0x1D93F8;0x1D95B8;0x1D95B8
FN_libARSPM_0037F584,0x37F584,sub_37F584,0x37FA70,0x3737F4;0x3738E4;0x3738A0;0x3004CC;0x3738E4;0x3738E4;0x3738E4;0x3738A0;0x3738E4;0x3738E4
FN_libARSPM_0037FA70,0x37FA70,sub_37FA70,0x3802A8;0x38252C,0x3828A8;0x2EFBEC;0x37FCF4;0x3737F4;0x37F584;0x3004CC;0x3738E4;0x37FD60
FN_libARSPM_0037FCF4,0x37FCF4,sub_37FCF4,0x37FA70,0x30EB38
FN_libARSPM_0037FD60,0x37FD60,sub_37FD60,0x37FA70,
FN_libARSPM_0037FD88,0x37FD88,sub_37FD88,0x2EC328;0x35E7D8,0x3025B8;0x30EC28;0x303040;0x4ECB10
FN_libARSPM_0037FEA4,0x37FEA4,sub_37FEA4,0x37FFC4;0x380B24;0x382284;0x3822F4,0x3738E4;0x4ECB10
FN_libARSPM_0037FFC4,0x37FFC4,sub_37FFC4,0x35F23C;0x38019C,0x37FEA4;0x2666F8;0x4ECB10;0x3F6804;0x1416F0;0x4ECB10;0x2666F8;0x2666F8;0x2666F8;0x2666F8
FN_libARSPM_0038019C,0x38019C,sub_38019C,,0x37FFC4
FN_libARSPM_003801C0,0x3801C0,sub_3801C0,0x325DA0;0x325E38,0x3802A8
FN_libARSPM_003802A8,0x3802A8,sub_3802A8,0x35EB20;0x35EB20;0x35EF98;0x3801C0;0x38067C,0x1B6360;0x2FFE18;0x37FA70;0x3738E4;0x4ECB10;0x141420;0x141288;0x382C7C;0x4ECA80;0x4ECB10
FN_libARSPM_0038067C,0x38067C,sub_38067C,0x3200B4;0x3257D4,0x2EFD04;0x1349B8;0x1348D0;0x2666F8;0x1349B8;0x1348D0;0x2666F8;0x302AB8;0x3802A8;0x1349B8
FN_libARSPM_00380B24,0x380B24,sub_380B24,,0x37FEA4
FN_libARSPM_00380B54,0x380B54,sub_380B54,,0x207B3C;0x207B3C;0x4ECA80;0x380D20;0x4ECB10;0x207B3C
FN_libARSPM_00380D20,0x380D20,sub_380D20,0x380B54,0x207B3C;0x207B3C;0x207B3C
FN_libARSPM_00380E7C,0x380E7C,sub_380E7C,,0x207B3C;0x207B3C;0x4ECA80;0x30EC28;0x4ECA80;0x4ECB10;0x381158;0x4ECB10;0x4ECB10;0x207B3C
FN_libARSPM_00381158,0x381158,sub_381158,0x380E7C,0x207B3C;0x207B3C;0x207B3C
FN_libARSPM_00381274,0x381274,sub_381274,0x35F12C,0x207B3C;0x207B3C;0x30B740;0x2CFAA0;0x2F94A8;0x2FBE34;0x4ECA80;0x30EC28;0x4ECA80;0x4ECB10
FN_libARSPM_00381778,0x381778,sub_381778,0x381274,0x207B3C;0x207B3C;0x207B3C
FN_libARSPM_003818A4,0x3818A4,sub_3818A4,0x325E38;0x325E38;0x35EB20;0x35EB20,
FN_libARSPM_003818B8,0x3818B8,sub_3818B8,,0x30E308
FN_libARSPM_00381900,0x381900,sub_381900,0x2EB520,0x1B6044;0x1B6360;0x1348D0;0x2666F8;0x1348D0;0x2666F8;0x1348D0;0x2666F8;0x302DF0;0x302EF8
FN_libARSPM_00381D48,0x381D48,sub_381D48,0x381900,0x1349B8;0x1348D0;0x2666F8
FN_libARSPM_00381EC8,0x381EC8,sub_381EC8,0x381900,0x1349B8;0x1348D0;0x2666F8
FN_libARSPM_00382048,0x382048,sub_382048,0x381900,0x1349B8;0x1348D0;0x2666F8;0x4ECA80;0x4ECB10
FN_libARSPM_00382270,0x382270,sub_382270,0x325E38,
FN_libARSPM_00382284,0x382284,sub_382284,,0x37FEA4
FN_libARSPM_003822CC,0x3822CC,sub_3822CC,0x32544C,
FN_libARSPM_003822F4,0x3822F4,sub_3822F4,,0x37FEA4
FN_libARSPM_00382358,0x382358,sub_382358,,0x303DDC;0x303DDC;0x303DDC;0x2EFD04;0x167C58
FN_libARSPM_0038252C,0x38252C,sub_38252C,0x382760,0x37FA70;0x4ECB10
FN_libARSPM_00382760,0x382760,sub_382760,0x35EB20,0x2D1CE4;0x38252C;0x30E308;0x1B62D8;0x30E308
FN_libARSPM_003828A8,0x3828A8,sub_3828A8,0x37FA70,
FN_libARSPM_00382B40,0x382B40,sub_382B40,,0x4ECB10;0x3F6804;0x1416F0
FN_libARSPM_00382C7C,0x382C7C,sub_382C7C,0x3802A8,0x1349B8;0x1348D0;0x2666F8
FN_libARSPM_00382D98,0x382D98,sub_382D98,,0x351B14
FN_libARSPM_00382DF4,0x382DF4,sub_382DF4,0x3831F8;0x3833A8,0x1756D8;0x3A7E44;0x3A7D78;0x14130C;0x2FD1B8;0x141420;0x141288;0x141420;0x141288;0x3A7B80
FN_libARSPM_003831F8,0x3831F8,sub_3831F8,,0x30EC28;0x2FFAF4;0x2D1CE4;0x382DF4
FN_libARSPM_003833A8,0x3833A8,sub_3833A8,,0x2FA7E0;0x2FB174;0x382DF4;0x18E60C;0x14E8AC;0x18DFDC;0x2666F8;0x38448C;0x351E54;0x18E03C
FN_libARSPM_00383B8C,0x383B8C,sub_383B8C,,0x2FBF3C;0x2FC034;0x2FC08C;0x2FC128;0x2FBF3C;0x2FC034;0x2FBF3C;0x2FC034;0x2FC04C;0x4ECA80
FN_libARSPM_00383DE4,0x383DE4,sub_383DE4,,0x4ECB10;0x2FA038;0x351948
FN_libARSPM_00383E80,0x383E80,sub_383E80,,0x4ECB10;0x2FA038;0x351948
FN_libARSPM_00383F24,0x383F24,sub_383F24,,0x4ECB10;0x2FA038;0x4ECB10;0x2FA038;0x2666F8
FN_libARSPM_00383FF8,0x383FF8,sub_383FF8,,0x4ECB10;0x2FA038;0x4ECB10;0x2FA038;0x2666F8
FN_libARSPM_003840C8,0x3840C8,sub_3840C8,,0x4ECB10;0x2FA038;0x4ECB10;0x2FA038
FN_libARSPM_00384234,0x384234,sub_384234,,0x1D93F8;0x1D93F8;0x1D93F8
FN_libARSPM_003842CC,0x3842CC,sub_3842CC,,0x3439BC;0x1D99C4;0x1D99C4;0x1D95E8;0x1D95E8;0x2D1B70;0x2D1B70
FN_libARSPM_0038448C,0x38448C,sub_38448C,0x3833A8,
FN_libARSPM_00384504,0x384504,sub_384504,,0x266704
FN_libARSPM_0038453C,0x38453C,sub_38453C,,0x2666C4;0x312358;0x4ECB10;0x31134C;0x4ECB10;0x31134C
FN_libARSPM_003845F0,0x3845F0,sub_3845F0,0x3A1CA4,
FN_libARSPM_00384608,0x384608,sub_384608,,0x4ECB10;0x31134C
FN_libARSPM_00384660,0x384660,sub_384660,,0x4ECB10;0x31134C
FN_libARSPM_003846B8,0x3846B8,sub_3846B8,0x372510;0x3729FC;0x372C18;0x372D48;0x3A11D8,
FN_libARSPM_003846D0,0x3846D0,sub_3846D0,0x3726E0;0x3726E0;0x3A09CC,0x145FDC;0x145FDC;0x145FDC;0x145FDC;0x145FDC;0x145FDC;0x145FDC;0x145FDC;0x145FDC;0x145FDC
FN_libARSPM_00385CEC,0x385CEC,sub_385CEC,0x372F98;0x3A1364,
FN_libARSPM_00385DE8,0x385DE8,sub_385DE8,0x372F98;0x3A1364,0x3357A0;0x336CC0;0x3379E8;0x3385B0;0x33831C
FN_libARSPM_003860B8,0x3860B8,sub_3860B8,0x372D48;0x3A0E64,0x30B70C;0x4ECB10;0x2FA038;0x4ECB10;0x2FA038;0x30B6D8;0x4ECB10;0x2FA038;0x4ECB10;0x2FA038
FN_libARSPM_00386228,0x386228,sub_386228,0x372510;0x3A07F0,0x30B6FC;0x30B728;0x30B738;0x30B730;0x30B6F4;0x30B704;0x30B6FC
FN_libARSPM_00386334,0x386334,sub_386334,0x3729FC;0x372D48;0x372D48;0x3A0AE8;0x3A0E64;0x3A0E64,
FN_libARSPM_003863C8,0x3863C8,sub_3863C8,0x372C18,0x141420;0x141288;0x33F734;0x386648
FN_libARSPM_003864DC,0x3864DC,sub_3864DC,0x3A0D10,0x141420;0x141288;0x33F734;0x33F9E4;0x386648
FN_libARSPM_00386648,0x386648,sub_386648,0x3863C8;0x3864DC,
FN_libARSPM_00386830,0x386830,sub_386830,,0x4ECB10
FN_libARSPM_00386888,0x386888,sub_386888,,0x4ECB10
FN_libARSPM_003868EC,0x3868EC,sub_3868EC,,0x2D0CF8
FN_libARSPM_00386B40,0x386B40,sub_386B40,,0x1D93F8;0x1D93F8;0x1D93F8
FN_libARSPM_00386C58,0x386C58,sub_386C58,,0x2D1A60;0x3439BC;0x2D1B70;0x1D8FB8;0x1D8FB8;0x1D91C4;0x1D8FA8;0x1D8FA8;0x1D93F8;0x1D95B8
FN_libARSPM_00387380,0x387380,sub_387380,0x322AD8,0x1B67E4;0x3518A0;0x387474;0x1B6994
FN_libARSPM_00387474,0x387474,sub_387474,0x387380,0x373118;0x37DC34;0x1B67D4;0x1B6A78;0x174980;0x350FB4
FN_libARSPM_003875A4,0x3875A4,sub_3875A4,,0x1B6994;0x2666F8;0x37D23C
FN_libARSPM_00387638,0x387638,sub_387638,,0x1B6994;0x2666F8;0x37D23C
FN_libARSPM_003876F0,0x3876F0,sub_3876F0,,0x37DD78;0x1727BC;0x1349B8;0x1348D0;0x2666F8;0x1B67E4
FN_libARSPM_00387898,0x387898,sub_387898,,0x2FBF3C;0x2FC034;0x2FC04C
FN_libARSPM_00387954,0x387954,sub_387954,,0x356C08;0x37DDB0;0x2CFAA0
FN_libARSPM_00387A48,0x387A48,sub_387A48,,0x37315C;0x1B6B3C;0x37365C;0x1B87DC;0x145FDC;0x1B87DC;0x1B8838;0x1B8838;0x2CFAA0
FN_libARSPM_00387C60,0x387C60,sub_387C60,0x322268;0x322268,0x3F2364;0x2FFBC0;0x31189C;0x4ECB10;0x14803C;0x148054;0x2666F8;0x174980;0x4ECB10;0x168208
FN_libARSPM_003884E0,0x3884E0,sub_3884E0,,0x4ECB10;0x2666F8
FN_libARSPM_00388560,0x388560,sub_388560,,0x4ECB10;0x2666F8
FN_libARSPM_003885E8,0x3885E8,sub_3885E8,,0x2FCB1C;0x167C58
FN_libARSPM_00388650,0x388650,sub_388650,,0x1349B8;0x1348D0;0x2666F8
FN_libARSPM_003887A4,0x3887A4,sub_3887A4,,0x37315C;0x2FBF3C;0x2FC034;0x2FC04C;0x2FA9C8
FN_libARSPM_00388870,0x388870,sub_388870,,0x141420;0x141288;0x3893A8;0x35188C;0x37D910;0x351948
FN_libARSPM_0038896C,0x38896C,sub_38896C,,0x1AA23C;0x141420;0x141288;0x2CFAA0;0x2CFAA0;0x2CFAA0;0x2666C0;0x2CFAA0;0x2666C0
FN_libARSPM_003893A8,0x3893A8,sub_3893A8,0x388870,0x33F734;0x341310;0x33FA9C
FN_libARSPM_00389510,0x389510,sub_389510,,0x1D93F8;0x1D93F8;0x1D93F8
FN_libARSPM_0038958C,0x38958C,sub_38958C,,0x3439BC;0x1D99C4;0x1D8FB8;0x1D91C4;0x1D8FA8;0x1D8FA8;0x1D93F8;0x3437B4;0x1D93F8;0x1D93F8
FN_libARSPM_00389800,0x389800,sub_389800,0x2D5608,
FN_libARSPM_0038982C,0x38982C,sub_38982C,0x2D4BCC;0x2D5608,0x3898B0;0x38A1A8
FN_libARSPM_003898B0,0x3898B0,sub_3898B0,0x2D4ED4;0x38982C;0x389980;0x389A08;0x389A88,0x2666F8;0x38A1A8
FN_libARSPM_00389980,0x389980,sub_389980,,0x3898B0;0x38A1A8
FN_libARSPM_00389A08,0x389A08,sub_389A08,,0x3898B0;0x38A1A8
FN_libARSPM_00389A88,0x389A88,sub_389A88,,0x3898B0;0x38A1A8
FN_libARSPM_00389B18,0x389B18,sub_389B18,0x2D5608,0x2D2954;0x38BDCC;0x38BE24;0x38A8A4;0x38A1A8;0x38A1A8
FN_libARSPM_00389C3C,0x389C3C,sub_389C3C,0x38CD5C,0x38A418;0x2666F8
FN_libARSPM_00389CAC,0x389CAC,sub_389CAC,0x389EC4;0x389F1C,0x1472A8;0x14E8AC;0x38A644;0x38A784
FN_libARSPM_00389EC4,0x389EC4,sub_389EC4,0x38CD5C,0x3912F0;0x389CAC;0x2666F8
FN_libARSPM_00389F1C,0x389F1C,sub_389F1C,0x38CD5C,0x391398;0x389CAC;0x2666F8
FN_libARSPM_00389F74,0x389F74,sub_389F74,0x38CD5C;0x38CD5C;0x38CD5C;0x38CD5C,
FN_libARSPM_00389F7C,0x389F7C,sub_389F7C,0x38CD5C,
FN_libARSPM_0038A010,0x38A010,sub_38A010,,0x38A418;0x2666F8
FN_libARSPM_0038A0C0,0x38A0C0,sub_38A0C0,,0x38A418;0x2666F8
FN_libARSPM_0038A178,0x38A178,sub_38A178,,0x38A8A0
FN_libARSPM_0038A1A8,0x38A1A8,sub_38A1A8,0x38982C;0x3898B0;0x389980;0x389A08;0x389A88;0x389B18;0x389B18;0x38A8A4;0x3B43D8;0x3B43D8,0x4ECB10;0x4ECB10;0x4ECB10;0x4ECB10;0x4ECB10;0x4ECB10;0x4ECB10;0x4ECB10
FN_libARSPM_0038A418,0x38A418,sub_38A418,0x389C3C;0x38A010;0x38A0C0,0x1472A8;0x38A538
FN_libARSPM_0038A538,0x38A538,sub_38A538,0x38A418,
FN_libARSPM_0038A644,0x38A644,sub_38A644,0x389CAC,0x38A784
FN_libARSPM_0038A784,0x38A784,sub_38A784,0x389CAC;0x38A644,0x1472A8
FN_libARSPM_0038A8A0,0x38A8A0,sub_38A8A0,0x38A178;0x3B5290;0x3B5290;0x3B5290,
FN_libARSPM_0038A8A4,0x38A8A4,sub_38A8A4,0x389B18;0x3B4D08,0x38AAF8;0x38A1A8;0x38C0B8;0x15E650
FN_libARSPM_0038AAF8,0x38AAF8,sub_38AAF8,0x38A8A4,0x2CFB5C;0x178340;0x2FE064;0x2D2B44;0x2FE1D0;0x4ECB10;0x4ECB10;0x3F1550;0x4ECB10;0x2D2DE4
FN_libARSPM_0038B250,0x38B250,sub_38B250,0x38B408;0x38B408;0x38B408,0x4ECA80;0x30EBAC;0x4ECA80;0x4ECB10
FN_libARSPM_0038B408,0x38B408,sub_38B408,0x3B4524,0x38B250;0x3F16C4;0x3F1550;0x4ECB10;0x3F16C4;0x4ECA80;0x30EBAC;0x4ECA80;0x3F16C4;0x3F1A08
FN_libARSPM_0038B90C,0x38B90C,sub_38B90C,0x3B52E4;0x3B52E4,0x1349B8;0x1348D0;0x2666F8;0x3F1A08;0x3F1A08;0x3F1A08;0x3F1A08;0x30E1E8;0x2666F8
FN_libARSPM_0038BDCC,0x38BDCC,sub_38BDCC,0x389B18,
FN_libARSPM_0038BE24,0x38BE24,sub_38BE24,0x389B18;0x3B4D08,
FN_libARSPM_0038BE64,0x38BE64,sub_38BE64,0x3B4D08,
FN_libARSPM_0038BEB4,0x38BEB4,sub_38BEB4,,0x4ECB10
FN_libARSPM_0038BF0C,0x38BF0C,sub_38BF0C,,0x4ECB10
FN_libARSPM_0038BF64,0x38BF64,sub_38BF64,,0x4ECA80
FN_libARSPM_0038BFC0,0x38BFC0,sub_38BFC0,,0x4ECA80
FN_libARSPM_0038C010,0x38C010,sub_38C010,,0x4ECB10
FN_libARSPM_0038C05C,0x38C05C,sub_38C05C,,0x4ECB10
FN_libARSPM_0038C0B8,0x38C0B8,sub_38C0B8,0x38A8A4,0x15E638
FN_libARSPM_0038C0CC,0x38C0CC,sub_38C0CC,,0x4ECB10
FN_libARSPM_0038C124,0x38C124,sub_38C124,,0x4ECB10
FN_libARSPM_0038C17C,0x38C17C,sub_38C17C,,0x4ECA80
FN_libARSPM_0038C1D8,0x38C1D8,sub_38C1D8,,0x4ECA80
FN_libARSPM_0038C228,0x38C228,sub_38C228,,0x4ECB10
FN_libARSPM_0038C274,0x38C274,sub_38C274,,0x4ECB10
FN_libARSPM_0038C2D0,0x38C2D0,sub_38C2D0,,0x33A12C;0x1DA744;0x1726AC;0x175544;0x33A040
FN_libARSPM_0038C450,0x38C450,sub_38C450,,0x1D8FB8;0x26462C;0x1D93F8;0x33A920;0x38C680;0x3518A0;0x38C680;0x2666F8;0x18D3DC;0x2666F8
FN_libARSPM_0038C680,0x38C680,sub_38C680,0x38C450;0x38C450,0x373118;0x37DC34;0x339B34;0x174980;0x33A920;0x38E064;0x33A920;0x2666F8;0x18D3DC;0x2666F8
FN_libARSPM_0038C8A0,0x38C8A0,sub_38C8A0,0x38C9D8,0x37D23C;0x2666F8;0x18D3DC;0x2666F8;0x4ECB10;0x18D3DC;0x2666F8
FN_libARSPM_0038C9D8,0x38C9D8,sub_38C9D8,,0x38C8A0
FN_libARSPM_0038CA18,0x38CA18,sub_38CA18,,0x37DD78;0x1726AC;0x1726AC;0x1726AC;0x1726D8;0x1726D8;0x172858;0x172858;0x38E064;0x33A920
FN_libARSPM_0038CCE4,0x38CCE4,sub_38CCE4,,0x37D778
FN_libARSPM_0038CD5C,0x38CD5C,sub_38CD5C,,0x14130C;0x1349B8;0x1348D0;0x2666F8;0x1726D8;0x173B3C;0x1726D8;0x172858;0x141420;0x141288
FN_libARSPM_0038E064,0x38E064,sub_38E064,0x38C680;0x38CA18,0x1349B8;0x1348D0;0x33A920;0x2666F8;0x18D3DC;0x2666F8;0x4ECB10;0x18D3DC;0x2666F8
FN_libARSPM_0038E250,0x38E250,sub_38E250,0x38CD5C;0x38CD5C;0x38CD5C,0x1349B8;0x1348D0;0x2666F8;0x361D08;0x141420;0x141288;0x30B704;0x30B6F4;0x30B6FC;0x30B6FC
FN_libARSPM_0038E568,0x38E568,sub_38E568,0x38E964,
FN_libARSPM_0038E964,0x38E964,sub_38E964,0x38CD5C,0x172BE0;0x18D2E0;0x18D428;0x191920;0x266704;0x194BD4;0x38E568;0x38FCA0;0x1349B8;0x1348D0
FN_libARSPM_0038FCA0,0x38FCA0,sub_38FCA0,0x38E964;0x38E964;0x38E964,0x38FE28;0x38FE28
FN_libARSPM_0038FE28,0x38FE28,sub_38FE28,0x38FCA0;0x38FCA0,0x1349B8;0x1348D0;0x2666F8
FN_libARSPM_0038FF18,0x38FF18,sub_38FF18,0x38CD5C;0x3F4E68,0x266704;0x390070;0x2666F8
FN_libARSPM_00390070,0x390070,sub_390070,0x38FF18;0x390D7C;0x391068,0x266704;0x1AA528;0x1AA22C;0x2666F8
FN_libARSPM_00390D7C,0x390D7C,sub_390D7C,0x3F4E68,0x266704;0x390070;0x2666F8
FN_libARSPM_00391068,0x391068,sub_391068,0x3F4E68,0x266704;0x390070;0x2666F8
FN_libARSPM_003912F0,0x3912F0,sub_3912F0,0x389EC4,0x33A12C;0x2666F8;0x14E8AC
FN_libARSPM_00391398,0x391398,sub_391398,0x389F1C,0x33A12C;0x2666F8;0x14E8AC
FN_libARSPM_003914B8,0x3914B8,sub_3914B8,,0x1DA744;0x1DA744
FN_libARSPM_00391534,0x391534,sub_391534,0x391C44,0x33A040;0x174980;0x1B62D8;0x1B5FF0
FN_libARSPM_003916EC,0x3916EC,sub_3916EC,0x391C44;0x391C44,0x1726D8;0x173B3C;0x172690;0x2FC460;0x1756D8;0x3351FC;0x3351FC;0x31FE90;0x2FC460;0x1756D8
FN_libARSPM_00391A30,0x391A30,sub_391A30,0x391C44,0x1726D8;0x173B3C;0x172690;0x2D2DE4;0x30EC40;0x172A20;0x172B8C;0x331AF0;0x4ECB10;0x1756D8
FN_libARSPM_00391C44,0x391C44,sub_391C44,,0x1D8FB8;0x26462C;0x1D93F8;0x313864;0x1726D8;0x33A12C;0x391534;0x317D1C;0x33A12C;0x2666F8
FN_libARSPM_00392680,0x392680,sub_392680,,0x4ECAB0;0x136DB8;0x3927E8;0x136CD8;0x4ECAB0;0x136DB8;0x136CD8
FN_libARSPM_00392738,0x392738,sub_392738,,0x4ECAB0;0x136DB8;0x3927E8;0x4ECAB0;0x136DB8;0x136CD8;0x1C3798
FN_libARSPM_003927E8,0x3927E8,sub_3927E8,0x392680;0x392738,0x2666F8;0x18D3DC;0x2666F8;0x4ECB10;0x18D3DC
FN_libARSPM_0039290C,0x39290C,sub_39290C,,0x207B3C;0x207B3C;0x1C3764;0x157374;0x1AC8E4;0x30CCA8;0x30C980;0x4ECAE0;0x136D10;0x1AC9F8
FN_libARSPM_00392AA8,0x392AA8,sub_392AA8,0x320CA0,0x1726D8;0x2D1CE4;0x1DA744;0x2D1CE4;0x1DA744;0x1DA744;0x3518A0;0x39448C;0x2D1CE4;0x174708
FN_libARSPM_00392E70,0x392E70,sub_392E70,0x324698,0x174980;0x174980;0x2D1CE4;0x1B62D8;0x1B62D8;0x1726D8;0x3351FC;0x371AFC;0x3518A0;0x394B24
FN_libARSPM_003930D8,0x3930D8,sub_3930D8,0x392AA8;0x392AA8,0x373118;0x37D220;0x350FB4
FN_libARSPM_0039322C,0x39322C,sub_39322C,,0x2666F8;0x37D23C
FN_libARSPM_00393288,0x393288,sub_393288,,0x2666F8;0x37D23C
FN_libARSPM_0039330C,0x39330C,sub_39330C,,0x37D270;0x1349B8;0x1348D0;0x2666F8
FN_libARSPM_0039350C,0x39350C,sub_39350C,,0x2FBF3C;0x2FC034;0x2FC04C
FN_libARSPM_003935D8,0x3935D8,sub_3935D8,,0x356D34;0x37DAF0;0x2CFAA0
FN_libARSPM_003936F8,0x3936F8,sub_3936F8,,0x37315C;0x4EC2E0;0x3F2320;0x2666F8;0x3F2364;0x4EC2E0;0x3F2320;0x2666F8;0x3F2364;0x30AFD4
FN_libARSPM_0039448C,0x39448C,sub_39448C,0x392AA8,0x373118;0x37D220;0x174980;0x174980;0x350FB4
FN_libARSPM_00394658,0x394658,sub_394658,,0x37D23C
FN_libARSPM_003946A4,0x3946A4,sub_3946A4,,0x37D23C
FN_libARSPM_00394720,0x394720,sub_394720,,0x2FBF3C;0x2FC034;0x2FC04C
FN_libARSPM_003947C4,0x3947C4,sub_3947C4,,0x356C08;0x37DAF0
FN_libARSPM_003948AC,0x3948AC,sub_3948AC,,0x37315C;0x2CFAA0;0x141420;0x141288
FN_libARSPM_00394B24,0x394B24,sub_394B24,0x392E70,0x373118;0x37D220;0x350FB4
FN_libARSPM_00394C44,0x394C44,sub_394C44,0x3146C0;0x35B60C,
FN_libARSPM_00394C5C,0x394C5C,sub_394C5C,,0x1DA744;0x1DA744;0x339AA4
FN_libARSPM_00394CF0,0x394CF0,sub_394CF0,0x394D28,0x1DA744
FN_libARSPM_00394D28,0x394D28,sub_394D28,,0x1726AC;0x1DA744;0x302004;0x1DA744;0x1DA744;0x394CF0;0x175418
FN_libARSPM_00394E98,0x394E98,sub_394E98,,0x18D2E0;0x1DA744;0x33974C;0x339B34;0x174980;0x1DA744;0x1DA744;0x1DA914;0x175418;0x1DA974
FN_libARSPM_0039531C,0x39531C,sub_39531C,0x394E98;0x395458,0x18E60C;0x1B62D8;0x395920;0x3957E8
FN_libARSPM_00395458,0x395458,sub_395458,,0x339B34;0x174980;0x18D2E0;0x1DA744;0x33974C;0x3F32F4;0x18D428;0x18D3DC;0x18DAC4;0x324F98
FN_libARSPM_003957E8,0x3957E8,sub_3957E8,0x39531C,0x3737D0;0x18D364;0x3518A0;0x350FB4
FN_libARSPM_00395920,0x395920,sub_395920,0x39531C,0x3737D0;0x141420;0x141288;0x18D364;0x18E60C;0x3518A0;0x350FB4
FN_libARSPM_00395A78,0x395A78,sub_395A78,,0x18D3DC
FN_libARSPM_00395AA0,0x395AA0,sub_395AA0,0x394E98;0x395458,0x3737D0;0x18E60C;0x1756D8;0x141420;0x141288;0x18D364;0x3518A0;0x350FB4
FN_libARSPM_00395C54,0x395C54,sub_395C54,0x394E98,0x3737D0;0x18D364;0x18E60C;0x3518A0;0x18E03C;0x1DA744;0x1DA914;0x174980;0x1DA744;0x1DA974
FN_libARSPM_00395E64,0x395E64,sub_395E64,,0x351B14
FN_libARSPM_00395F10,0x395F10,sub_395F10,,0x1727BC;0x3519C8;0x1DA744;0x1DA744;0x1DA744;0x3960E0
FN_libARSPM_003960E0,0x3960E0,sub_3960E0,0x395F10,0x141420;0x141288;0x18D364
FN_libARSPM_00396158,0x396158,sub_396158,0x3963A4;0x39653C,0x3A9520;0x141420;0x141288;0x141420;0x141288;0x3A885C;0x14130C;0x2FD1B8;0x14130C;0x2FD1B8
FN_libARSPM_003963A4,0x3963A4,sub_3963A4,,0x30EC28;0x2FFAF4;0x2D1CE4;0x396158
FN_libARSPM_0039653C,0x39653C,sub_39653C,,0x2FA7E0;0x2FB174;0x396158;0x3AF1C4
FN_libARSPM_0039661C,0x39661C,sub_39661C,,0x2FBF3C;0x2FC034;0x2FC04C;0x3B1F68;0x2FBF3C;0x2FC034;0x2FC04C
FN_libARSPM_0039670C,0x39670C,sub_39670C,,0x351948;0x18D3DC
FN_libARSPM_00396760,0x396760,sub_396760,,0x351948;0x18D3DC
FN_libARSPM_003967D4,0x3967D4,sub_3967D4,,0x18D3DC
FN_libARSPM_003967FC,0x3967FC,sub_3967FC,,0x4ECB10;0x2FA038;0x2666F8
FN_libARSPM_003968F0,0x3968F0,sub_3968F0,,0x351B14
FN_libARSPM_0039694C,0x39694C,sub_39694C,0x396C68;0x396C68,0x3A7D78;0x14130C;0x2FD1B8;0x1349B8;0x1348D0;0x2666F8
FN_libARSPM_00396ADC,0x396ADC,sub_396ADC,0x396C68;0x396C68,0x3A7D78;0x14130C;0x2FD1B8;0x1349B8;0x1348D0;0x2666F8
FN_libARSPM_00396C68,0x396C68,sub_396C68,0x397244;0x397408,0x18E60C;0x141420;0x141288;0x18D364;0x39D87C;0x3A7E44;0x3A9520;0x141420;0x141288;0x3A7B80
FN_libARSPM_00397244,0x397244,sub_397244,,0x30EC28;0x2FFAF4;0x2D1CE4;0x396C68
FN_libARSPM_00397408,0x397408,sub_397408,,0x2FA7E0;0x2FB174;0x396C68;0x39DA2C;0x1756D8;0x18D364;0x18E60C;0x3A9690;0x18D3DC;0x4EC2E0
FN_libARSPM_00397770,0x397770,sub_397770,,0x2FBF3C;0x2FC034;0x3AA5EC;0x2FC128;0x2FBF3C;0x2FC034;0x2FC04C;0x2FC08C;0x2FBF3C;0x2FC034
FN_libARSPM_003979AC,0x3979AC,sub_3979AC,,0x4ECB10;0x2FA038;0x2666F8;0x351948;0x18D3DC
FN_libARSPM_00397A4C,0x397A4C,sub_397A4C,,0x4ECB10;0x2FA038;0x2666F8;0x351948;0x18D3DC
FN_libARSPM_00397B38,0x397B38,sub_397B38,,0x18D3DC
FN_libARSPM_00397BD0,0x397BD0,sub_397BD0,,0x2666F8
FN_libARSPM_00397C0C,0x397C0C,sub_397C0C,,0x1D8FA8
FN_libARSPM_00397C84,0x397C84,sub_397C84,,0x1D93F8;0x1D93F8;0x1D93F8;0x1D93F8
FN_libARSPM_00397D18,0x397D18,sub_397D18,,0x1D93F8;0x1D93F8;0x1D93F8;0x1D93F8
FN_libARSPM_00397DA4,0x397DA4,sub_397DA4,,0x1D99C4;0x1DA35C;0x1D99C4;0x1D93F8;0x1DA35C;0x1D99C4;0x1D93F8;0x1D99C4;0x1D99C4;0x1D99C4
FN_libARSPM_00398020,0x398020,sub_398020,0x3A3748;0x3A3748;0x3A4904;0x3A4904;0x3A4904;0x3A4904;0x3A4904;0x3A4904,
FN_libARSPM_0039807C,0x39807C,sub_39807C,0x3A4904;0x3A4904;0x3A4904;0x3A4904;0x3A4904,
FN_libARSPM_003980A0,0x3980A0,sub_3980A0,0x3A3748;0x3A4904;0x3A4904;0x3A4904;0x3A4904;0x3A4904;0x3A4904;0x3A4904;0x3A4904;0x3A4904,
FN_libARSPM_00398174,0x398174,sub_398174,0x39BC64;0x3A33C0;0x3A3F7C,0x3982B4
FN_libARSPM_003982B4,0x3982B4,sub_3982B4,0x398174;0x3982B4,0x39DBB4;0x39DBB4;0x3982B4
FN_libARSPM_0039865C,0x39865C,sub_39865C,0x3A53CC,
FN_libARSPM_00398688,0x398688,sub_398688,0x3A38DC;0x3A3A00;0x3A3A00;0x3A3A00;0x3A3A00;0x3A3F7C,
FN_libARSPM_003986BC,0x3986BC,sub_3986BC,0x39D4BC;0x3A57D0;0x3A57D0,0x14130C
FN_libARSPM_003988C0,0x3988C0,sub_3988C0,0x39CC70;0x39CC70;0x39CC70;0x39CC70;0x39CC70;0x39CC70,0x14130C;0x14130C;0x14130C;0x14130C
FN_libARSPM_00398E00,0x398E00,sub_398E00,0x39922C,0x1AA630;0x14130C
FN_libARSPM_0039903C,0x39903C,sub_39903C,0x39903C;0x39903C;0x39922C,0x1AA630;0x1AA630;0x14130C;0x39903C;0x39903C
FN_libARSPM_0039922C,0x39922C,sub_39922C,0x39D87C,0x1926B8;0x1B60E0;0x14130C;0x14130C;0x14130C;0x14130C;0x1923B0;0x398E00;0x14130C;0x14130C
FN_libARSPM_00399A48,0x399A48,sub_399A48,0x3A38DC;0x3A38DC;0x3A53CC,
FN_libARSPM_00399A84,0x399A84,sub_399A84,0x39B72C;0x3A3A00,0x14130C
FN_libARSPM_00399BB4,0x399BB4,sub_399BB4,0x3A38DC;0x3A3A00;0x3A3F7C,
FN_libARSPM_00399BE4,0x399BE4,sub_399BE4,0x3A38DC;0x3A3F7C,
FN_libARSPM_00399CB0,0x399CB0,sub_399CB0,0x39ABF8;0x39B21C;0x39B72C,
FN_libARSPM_00399DCC,0x399DCC,sub_399DCC,0x399F6C;0x39B21C;0x39B72C,
FN_libARSPM_00399EE8,0x399EE8,sub_399EE8,0x3A38DC;0x3A3F7C;0x3A53CC;0x3A53CC;0x3A53CC,
FN_libARSPM_00399F6C,0x399F6C,sub_399F6C,0x39B21C;0x39C21C,0x14130C;0x399DCC;0x39A198
FN_libARSPM_0039A198,0x39A198,sub_39A198,0x399F6C;0x39ABF8,0x39AE24
FN_libARSPM_0039A744,0x39A744,sub_39A744,0x39B21C;0x39B72C;0x39C388,0x39B02C;0x39AE24;0x39AE24;0x39AE24;0x39ABF8
FN_libARSPM_0039ABF8,0x39ABF8,sub_39ABF8,0x39A744;0x39B21C;0x39B21C;0x39C21C,0x14130C;0x399CB0;0x39A198
FN_libARSPM_0039AE24,0x39AE24,sub_39AE24,0x39A198;0x39A744;0x39A744;0x39A744;0x39B02C;0x39B02C;0x39B02C;0x39B458;0x39BC64,
FN_libARSPM_0039B02C,0x39B02C,sub_39B02C,0x39A744,0x39AE24;0x39AE24;0x39AE24
FN_libARSPM_0039B21C,0x39B21C,sub_39B21C,0x39BC64;0x39BC64,0x399F6C;0x14130C;0x399DCC;0x399CB0;0x39A744;0x39ABF8;0x39ABF8
FN_libARSPM_0039B458,0x39B458,sub_39B458,0x39BC64,0x39AE24
FN_libARSPM_0039B72C,0x39B72C,sub_39B72C,0x3A3CCC;0x3A3CCC;0x3A3F7C;0x3A4904;0x3A4904;0x3A4904;0x3A4904;0x3A559C;0x3A559C,0x399A84;0x399DCC;0x399CB0;0x39A744
FN_libARSPM_0039B7E8,0x39B7E8,sub_39B7E8,0x39BC64;0x3A3CCC,0x14130C
FN_libARSPM_0039BA54,0x39BA54,sub_39BA54,0x39BC64;0x3A3CCC,0x14130C
FN_libARSPM_0039BC64,0x39BC64,sub_39BC64,0x39C9D8;0x39C9D8;0x39C9D8,0x398174;0x39B458;0x39B7E8;0x39BA54;0x39AE24;0x39B21C;0x39B21C
FN_libARSPM_0039C058,0x39C058,sub_39C058,0x39D3C4,
FN_libARSPM_0039C214,0x39C214,sub_39C214,0x39D3C4;0x3A559C;0x3A559C;0x3A559C,
FN_libARSPM_0039C21C,0x39C21C,sub_39C21C,,0x39ABF8;0x399F6C
FN_libARSPM_0039C388,0x39C388,sub_39C388,0x39D3C4,0x39A744;0x14130C
FN_libARSPM_0039C774,0x39C774,sub_39C774,0x3A559C,
FN_libARSPM_0039C788,0x39C788,sub_39C788,0x39D2B4,
FN_libARSPM_0039C8B0,0x39C8B0,sub_39C8B0,0x39D33C,
FN_libARSPM_0039C9D8,0x39C9D8,sub_39C9D8,0x39D3C4;0x3A559C;0x3A559C;0x3A559C,0x39BC64;0x39BC64;0x39BC64
FN_libARSPM_0039CC70,0x39CC70,sub_39CC70,0x3A559C,0x3988C0;0x3988C0;0x3988C0;0x3988C0;0x14130C;0x14130C;0x3988C0;0x3988C0;0x14130C;0x14130C
FN_libARSPM_0039D290,0x39D290,sub_39D290,0x3A559C;0x3A559C,
FN_libARSPM_0039D2B4,0x39D2B4,sub_39D2B4,0x39D2B4;0x39D2B4;0x39D3C4,0x39D2B4;0x39D2B4;0x39C788
FN_libARSPM_0039D33C,0x39D33C,sub_39D33C,0x39D33C;0x39D33C;0x39D3C4,0x39D33C;0x39D33C;0x39C8B0
FN_libARSPM_0039D3C4,0x39D3C4,sub_39D3C4,0x39D87C,0x18E03C;0x39C058;0x39C388;0x39D2B4;0x39D33C;0x39C214;0x39C9D8
FN_libARSPM_0039D4BC,0x39D4BC,sub_39D4BC,0x39DA2C;0x3A57D0,0x3986BC;0x14130C
FN_libARSPM_0039D87C,0x39D87C,sub_39D87C,0x396C68;0x3A2D48;0x3A2FBC,0x1926B8;0x1923B0;0x1923B0;0x39922C;0x39D3C4
FN_libARSPM_0039D9B4,0x39D9B4,sub_39D9B4,0x3A57D0,
FN_libARSPM_0039DA2C,0x39DA2C,sub_39DA2C,0x397408;0x3A2D48,0x39D4BC;0x2CFAA0
FN_libARSPM_0039DB84,0x39DB84,sub_39DB84,,0x18D3DC
FN_libARSPM_0039DBB4,0x39DBB4,sub_39DBB4,0x3982B4;0x3982B4,
FN_libARSPM_0039DCC0,0x39DCC0,sub_39DCC0,,0x351B14;0x1756D8
FN_libARSPM_0039DD94,0x39DD94,sub_39DD94,,0x3519C8;0x1727BC
FN_libARSPM_0039DE70,0x39DE70,sub_39DE70,0x39E000;0x39E17C,0x3A9520;0x141420;0x141288;0x3A7B80;0x14130C;0x2FD1B8
FN_libARSPM_0039E000,0x39E000,sub_39E000,,0x30EC28;0x2FFAF4;0x2D1CE4;0x39DE70
FN_libARSPM_0039E17C,0x39E17C,sub_39E17C,,0x2FA7E0;0x2FB174;0x39DE70
FN_libARSPM_0039E264,0x39E264,sub_39E264,,0x2FBF3C;0x2FC034;0x2FC04C
FN_libARSPM_0039E2E8,0x39E2E8,sub_39E2E8,,0x351948
FN_libARSPM_0039E334,0x39E334,sub_39E334,,0x351948
FN_libARSPM_0039E3B4,0x39E3B4,sub_39E3B4,0x3209CC;0x39ED38,0x30E308;0x39EB64;0x373118;0x1563CC;0x1564BC;0x3359CC;0x39FD3C;0x30E308;0x3142D8;0x2D1CE4
FN_libARSPM_0039EB64,0x39EB64,sub_39EB64,0x39E3B4;0x39F37C,0x3356FC;0x3356FC
FN_libARSPM_0039ED38,0x39ED38,sub_39ED38,0x321928,0x2D1CE4;0x172B8C;0x33545C;0x173384;0x173840;0x1756D8;0x33545C;0x3351FC;0x4ECA80;0x4ECA80
FN_libARSPM_0039F37C,0x39F37C,sub_39F37C,0x39ED38;0x39FB38,0x373118;0x1563CC;0x1564BC;0x39FEF4;0x4ECB10;0x172B8C;0x33545C;0x173384;0x173840;0x1756D8
FN_libARSPM_0039FB38,0x39FB38,sub_39FB38,0x39ED38;0x39ED38,0x4ECA80;0x39F37C;0x4ECB10;0x3200B4
FN_libARSPM_0039FD3C,0x39FD3C,sub_39FD3C,0x39E3B4;0x39F37C,0x3357A0
FN_libARSPM_0039FEF4,0x39FEF4,sub_39FEF4,0x39E3B4;0x39F37C,0x335A50;0x156738;0x156738
FN_libARSPM_003A0250,0x3A0250,sub_3A0250,,0x4ECB10;0x4ECB10;0x4ECB10;0x1563F8
FN_libARSPM_003A035C,0x3A035C,sub_3A035C,,0x4ECB10;0x4ECB10;0x4ECB10;0x1563F8
FN_libARSPM_003A046C,0x3A046C,sub_3A046C,,0x2FCB1C;0x167C58
FN_libARSPM_003A051C,0x3A051C,sub_3A051C,,0x207B3C;0x207B3C;0x2D0DBC;0x3732AC;0x30FD20;0x207B3C;0x3A110C;0x3A1184;0x3A1184
FN_libARSPM_003A07F0,0x3A07F0,sub_3A07F0,,0x2FBF3C;0x2FC034;0x2FC08C;0x2FC04C;0x2FA7E0;0x386228;0x37315C;0x2FBF3C
FN_libARSPM_003A09CC,0x3A09CC,sub_3A09CC,,0x3846D0
FN_libARSPM_003A0AE8,0x3A0AE8,sub_3A0AE8,,0x207B3C;0x207B3C;0x2FFAF4;0x141420;0x141288;0x3A11D8;0x386334;0x14130C;0x2D1CE4;0x3A1364
FN_libARSPM_003A0D10,0x3A0D10,sub_3A0D10,,0x3864DC;0x4ECB10;0x35188C;0x37D910;0x351948
FN_libARSPM_003A0E64,0x3A0E64,sub_3A0E64,,0x207B3C;0x207B3C;0x141420;0x141288;0x3A11D8;0x386334;0x3860B8;0x386334;0x2CFAA0;0x3A1364
FN_libARSPM_003A110C,0x3A110C,sub_3A110C,0x3A051C,0x156898
FN_libARSPM_003A1184,0x3A1184,sub_3A1184,0x3A051C;0x3A051C,
FN_libARSPM_003A11D8,0x3A11D8,sub_3A11D8,0x3A0AE8;0x3A0E64,0x3846B8
FN_libARSPM_003A1364,0x3A1364,sub_3A1364,0x3A0AE8;0x3A0E64,0x385CEC;0x385DE8
FN_libARSPM_003A155C,0x3A155C,sub_3A155C,0x3146C0,
FN_libARSPM_003A1578,0x3A1578,sub_3A1578,,0x1DA744;0x1DA744;0x339AA4;0x33A12C;0x18D2E0;0x1DA744;0x33974C;0x18E60C;0x18D3DC
FN_libARSPM_003A16A4,0x3A16A4,sub_3A16A4,,0x1D8FB8;0x26462C;0x1D93F8;0x33A920;0x3A18E4;0x3518A0;0x3A18E4;0x2666F8;0x18D3DC;0x2666F8
FN_libARSPM_003A18E4,0x3A18E4,sub_3A18E4,0x3A16A4;0x3A16A4,0x373118;0x37DC34;0x33A920;0x339B34;0x174980;0x1B6360;0x350FB4
FN_libARSPM_003A1A60,0x3A1A60,sub_3A1A60,0x3A1B7C,0x4ECB10;0x31134C;0x2666F8;0x18D3DC;0x2666F8;0x4ECB10;0x18D3DC;0x37D23C
FN_libARSPM_003A1B7C,0x3A1B7C,sub_3A1B7C,,0x3A1A60
FN_libARSPM_003A1BCC,0x3A1BCC,sub_3A1BCC,,0x37315C;0x2FBF3C;0x2FC034;0x2FC04C
FN_libARSPM_003A1CA4,0x3A1CA4,sub_3A1CA4,,0x207B3C;0x207B3C;0x3732F8;0x2FFBC0;0x3A2ACC;0x339B34;0x333DF8;0x312560;0x4ECB10;0x31134C
FN_libARSPM_003A222C,0x3A222C,sub_3A222C,,0x356D34;0x37DDB0;0x356C08
FN_libARSPM_003A234C,0x3A234C,sub_3A234C,,0x18D2E0;0x1DA744;0x33974C;0x18DFC8;0x191920;0x3A2FBC;0x141420;0x141288;0x18D3DC;0x3A2ACC
FN_libARSPM_003A2ACC,0x3A2ACC,sub_3A2ACC,0x3A1CA4;0x3A234C,0x33A12C;0x2666F8;0x14E8AC;0x33A244;0x3F2364;0x3F2320
FN_libARSPM_003A2C08,0x3A2C08,sub_3A2C08,0x3A1CA4;0x3A234C,0x1726D8;0x173B3C;0x172690;0x174980;0x18D2E0;0x1DA744;0x33974C;0x3A2D48;0x18D3DC
FN_libARSPM_003A2D48,0x3A2D48,sub_3A2D48,0x3A2C08,0x18DFDC;0x14119C;0x18D364;0x39D87C;0x39DA2C;0x18D3DC;0x1416F0
FN_libARSPM_003A2E48,0x3A2E48,sub_3A2E48,,0x4ECB10;0x14803C;0x148054;0x2666F8
FN_libARSPM_003A2EB4,0x3A2EB4,sub_3A2EB4,,0x4ECB10;0x14803C;0x148054;0x2666F8;0x19A4A8
FN_libARSPM_003A2F28,0x3A2F28,sub_3A2F28,,0x305078;0x316DE4;0x4ECB10;0x14803C;0x148054;0x2666F8
FN_libARSPM_003A2FBC,0x3A2FBC,sub_3A2FBC,0x3A234C,0x14119C;0x18D364;0x39D87C;0x3A57D0;0x18D3DC;0x1416F0
FN_libARSPM_003A30C0,0x3A30C0,sub_3A30C0,,0x4ECB10;0x2FA038;0x4ECB10;0x31134C
FN_libARSPM_003A3144,0x3A3144,sub_3A3144,,0x30B2E4;0x4ECB10;0x2FA038;0x4ECB10;0x2FA038;0x2F9648;0x266704
FN_libARSPM_003A3234,0x3A3234,sub_3A3234,,0x2F969C;0x2F9714;0x2666F8;0x3123A8;0x4ECB10;0x31134C;0x4ECB10;0x31134C;0x4ECB10;0x2FA038
FN_libARSPM_003A3340,0x3A3340,sub_3A3340,,0x4ECB10;0x2FA038;0x4ECB10;0x31134C
FN_libARSPM_003A33C0,0x3A33C0,sub_3A33C0,0x3A3CCC,0x398174;0x14130C;0x3A354C
FN_libARSPM_003A354C,0x3A354C,sub_3A354C,0x3A33C0;0x3A3748;0x3A3F7C,0x3A5988;0x15E650
FN_libARSPM_003A3748,0x3A3748,sub_3A3748,0x3A3CCC,0x3980A0;0x398020;0x398020;0x14130C;0x3A354C
FN_libARSPM_003A38DC,0x3A38DC,sub_3A38DC,0x3A53CC,0x399BE4;0x399A48;0x398688;0x399A48;0x399EE8;0x399BB4
FN_libARSPM_003A3A00,0x3A3A00,sub_3A3A00,0x3A53CC,0x399A84;0x398688;0x398688;0x399BB4;0x398688;0x398688
FN_libARSPM_003A3C98,0x3A3C98,sub_3A3C98,0x3A3CCC,
FN_libARSPM_003A3CCC,0x3A3CCC,sub_3A3CCC,0x3A3F7C,0x39B7E8;0x14130C;0x39B72C;0x39B72C;0x39BA54;0x3A33C0;0x3A3C98;0x3A3748
FN_libARSPM_003A3F7C,0x3A3F7C,sub_3A3F7C,0x3A559C;0x3A559C,0x399BE4;0x398688;0x3A599C;0x14130C;0x3A599C;0x3A599C;0x14130C;0x3A599C;0x14130C;0x398174
FN_libARSPM_003A4904,0x3A4904,sub_3A4904,0x3A53CC,0x3980A0;0x3980A0;0x3980A0;0x3980A0;0x3980A0;0x3980A0;0x14130C;0x14130C;0x398020;0x398020
FN_libARSPM_003A5330,0x3A5330,sub_3A5330,0x3A4904;0x3A4904;0x3A4904;0x3A4904,0x14130C
FN_libARSPM_003A53CC,0x3A53CC,sub_3A53CC,0x3A559C,0x3A38DC;0x3A3A00;0x3A4904;0x399A48;0x399EE8;0x39865C;0x399EE8;0x399EE8
FN_libARSPM_003A559C,0x3A559C,sub_3A559C,,0x3A53CC;0x39D290;0x39D290;0x39C214;0x39C214;0x39C9D8;0x39C9D8;0x3A3F7C;0x3A3F7C;0x39C774
FN_libARSPM_003A57D0,0x3A57D0,sub_3A57D0,0x3A2FBC,0x39D9B4;0x39D4BC;0x3986BC;0x3986BC;0x2CFAA0
FN_libARSPM_003A5954,0x3A5954,sub_3A5954,,0x18D3DC
FN_libARSPM_003A5988,0x3A5988,sub_3A5988,0x3A354C,0x15E638
FN_libARSPM_003A599C,0x3A599C,sub_3A599C,0x3A3F7C;0x3A3F7C;0x3A3F7C;0x3A3F7C,0x3A5D14
FN_libARSPM_003A5D14,0x3A5D14,sub_3A5D14,0x3A599C,0x15E650
FN_libARSPM_003A5EEC,0x3A5EEC,sub_3A5EEC,0x3A3F7C,0x15E638
FN_libARSPM_003A5F00,0x3A5F00,sub_3A5F00,,0x4ECA80;0x4ECB10;0x4ECB10
FN_libARSPM_003A5FA0,0x3A5FA0,sub_3A5FA0,,0x4ECA80;0x4ECB10;0x4ECB10;0x1E9CE0
FN_libARSPM_003A6054,0x3A6054,sub_3A6054,0x2D576C,
FN_libARSPM_003A605C,0x3A605C,sub_3A605C,,0x167D08
FN_libARSPM_003A6090,0x3A6090,sub_3A6090,,0x4ECA80;0x137718;0x4ECB10
FN_libARSPM_003A6114,0x3A6114,sub_3A6114,,0x2DBBE4;0x30EC28;0x3A61B0;0x4ECB10
FN_libARSPM_003A61B0,0x3A61B0,sub_3A61B0,0x2F3F74;0x34712C;0x3A6114,0x2D1CE4;0x1E98D8;0x1E98C8;0x300F84;0x1E9C80;0x4ECB10
FN_libARSPM_003A62E0,0x3A62E0,sub_3A62E0,,0x2DBC34;0x2DBBE4;0x30EB7C;0x30EDAC;0x4ECB10;0x4ECB10;0x30EBAC;0x3021BC;0x30EBAC;0x4ECA80
FN_libARSPM_003A66AC,0x3A66AC,sub_3A66AC,,0x2DC164
FN_libARSPM_003A66E4,0x3A66E4,sub_3A66E4,,0x2DC1FC;0x4ECB10
FN_libARSPM_003A6760,0x3A6760,sub_3A6760,,0x2DBBE4;0x4ECB10;0x4ECB10;0x4ECA80;0x34B4A0;0x2DBEA0;0x4ECB10;0x2DBCC4;0x4ECB10;0x4ECB10
FN_libARSPM_003A68E0,0x3A68E0,sub_3A68E0,,0x167D08;0x2DBBE4;0x2D5468;0x30EBAC;0x30EBAC;0x30FC6C;0x30EC28;0x30EC28;0x2CFB5C;0x30EC28
FN_libARSPM_003A6AE0,0x3A6AE0,sub_3A6AE0,0x3A68E0,0x4ECA80;0x4ECB10;0x2D1DD8;0x167D68;0x2CFBC8;0x167CA8;0x1E98D0;0x4ECB10;0x2D1DD8;0x167DE0
FN_libARSPM_003A6D6C,0x3A6D6C,sub_3A6D6C,,0x2D1CC0;0x2D1CC0;0x2DBBE4;0x30EBC4;0x4ECB10;0x167D08;0x4ECA80;0x167D08;0x34AF98;0x167CB0
FN_libARSPM_003A6FC4,0x3A6FC4,sub_3A6FC4,,0x167D08;0x2DBBE4;0x2D5468;0x30EBAC;0x30EBAC;0x30FC6C;0x30EC28;0x30EC28;0x2CFB5C;0x30EC28
FN_libARSPM_003A7288,0x3A7288,sub_3A7288,,0x2DBC34;0x4ECA80;0x2D0518;0x2D0054;0x2D04BC;0x2D0270;0x1E9970;0x13A0C8;0x3A7680;0x167CB0
FN_libARSPM_003A7680,0x3A7680,sub_3A7680,0x3A7288,
FN_libARSPM_003A769C,0x3A769C,sub_3A769C,0x3A7288,0x2D0518;0x2D2A90
FN_libARSPM_003A7760,0x3A7760,sub_3A7760,0x3A7288,0x4ECB10
FN_libARSPM_003A77D0,0x3A77D0,sub_3A77D0,0x131A10,0x2D1CE4;0x2D0678;0x2D2A90;0x2D0678;0x2FE624;0x4ECB10;0x4ECB10;0x1E98D8;0x1E98C8;0x300EEC
FN_libARSPM_003A7B80,0x3A7B80,sub_3A7B80,0x382DF4;0x396C68;0x39DE70,0x141420;0x141288;0x33F734;0x36B3D4;0x36B3D4;0x36B3D4;0x341310;0x341310;0x36B3D4;0x36B3D4
FN_libARSPM_003A7D78,0x3A7D78,sub_3A7D78,0x382DF4;0x39694C;0x396ADC,0x141420;0x141288;0x33F734;0x341310
FN_libARSPM_003A7E44,0x3A7E44,sub_3A7E44,0x382DF4;0x396C68,0x329550;0x141420;0x141288;0x2FC708;0x4ECB10
FN_libARSPM_003A7F6C,0x3A7F6C,sub_3A7F6C,,0x3439BC;0x2D1B70;0x2D1B70;0x2D1B70;0x2D1B70
FN_libARSPM_003A8208,0x3A8208,sub_3A8208,,0x2666F8
FN_libARSPM_003A826C,0x3A826C,sub_3A826C,,0x1D8FA8
FN_libARSPM_003A82DC,0x3A82DC,sub_3A82DC,,0x1D93F8;0x1D93F8;0x1D93F8;0x1D93F8
FN_libARSPM_003A8364,0x3A8364,sub_3A8364,,0x1DA048;0x1DA048;0x1DA048;0x3A9684;0x1D99C4;0x1D99C4;0x1DA35C;0x1D99C4;0x1D93F8;0x1DA35C
FN_libARSPM_003A8604,0x3A8604,sub_3A8604,,0x1D8FA8
FN_libARSPM_003A8674,0x3A8674,sub_3A8674,,0x1D93F8;0x1D93F8;0x1D93F8;0x1D93F8
FN_libARSPM_003A86FC,0x3A86FC,sub_3A86FC,,0x1D99C4;0x1D95E8
FN_libARSPM_003A875C,0x3A875C,sub_3A875C,,0x2666F8;0x4ECB10
FN_libARSPM_003A885C,0x3A885C,sub_3A885C,0x396158,0x33F734;0x36B3D4;0x36B3D4;0x36B3D4;0x341310;0x36B3D4;0x36B3D4;0x36B3D4;0x341310
FN_libARSPM_003A8AA0,0x3A8AA0,sub_3A8AA0,,0x3439BC;0x1DA048;0x1DA048;0x1DA048;0x1D99C4;0x1D99C4;0x1D99C4;0x1D99C4;0x1D99C4;0x3A9684
FN_libARSPM_003A9088,0x3A9088,sub_3A9088,0x3A8AA0,0x2D1B70;0x2D1B70
FN_libARSPM_003A9150,0x3A9150,sub_3A9150,,0x175418;0x1DA744;0x1DA744
FN_libARSPM_003A92C8,0x3A92C8,sub_3A92C8,,0x1DA744
FN_libARSPM_003A9340,0x3A9340,sub_3A9340,,0x1D8FA8
FN_libARSPM_003A93D0,0x3A93D0,sub_3A93D0,,0x2666F8
FN_libARSPM_003A9408,0x3A9408,sub_3A9408,,0x1D93F8;0x1D93F8;0x1D93F8;0x1D93F8
FN_libARSPM_003A9498,0x3A9498,sub_3A9498,,0x1D93F8;0x1D93F8;0x1D93F8;0x1D93F8
FN_libARSPM_003A9520,0x3A9520,sub_3A9520,0x382DF4;0x396158;0x396C68;0x39DE70,0x4ECA80;0x4ECB10;0x141420;0x141288;0x2FC87C;0x4ECB10
FN_libARSPM_003A9684,0x3A9684,sub_3A9684,0x3A8364;0x3A8AA0,
FN_libARSPM_003A9690,0x3A9690,sub_3A9690,0x397408,0x3AEFE4;0x145FDC;0x18DFDC;0x3ABE48;0x3AD178;0x3ACBCC;0x3AEFE4;0x3AEFE4;0x3AEFE4;0x3AEF84
FN_libARSPM_003AA5EC,0x3AA5EC,sub_3AA5EC,0x397770,0x2FC2D4;0x4ECA80;0x4ECA80;0x2FC08C
FN_libARSPM_003AA72C,0x3AA72C,sub_3AA72C,0x397770,0x2FC240;0x4ECA80;0x2FC08C
FN_libARSPM_003AA830,0x3AA830,sub_3AA830,,0x145FDC;0x18E60C;0x3ADD04;0x3AE858;0x3AEFE4;0x3AE4A0;0x3AEFE4;0x3AEFE4;0x3AEFE4;0x3AEFE4
FN_libARSPM_003ABB60,0x3ABB60,sub_3ABB60,,0x2FC2D4;0x4ECA80;0x4ECA80;0x2FC08C
FN_libARSPM_003ABCA0,0x3ABCA0,sub_3ABCA0,,0x4ECB10;0x2FA038;0x4ECB10;0x2FA038;0x2666F8
FN_libARSPM_003ABD7C,0x3ABD7C,sub_3ABD7C,,0x4ECB10;0x2FA038;0x4ECB10;0x2FA038;0x2666F8
FN_libARSPM_003ABE48,0x3ABE48,sub_3ABE48,0x3A9690,0x3AEFE4;0x3AEFE4;0x3AEFE4;0x3ACA0C;0x14E8AC;0x3AEFE4;0x3AEFE4;0x3AEFE4;0x3AEFE4;0x3ACA0C
FN_libARSPM_003ACA0C,0x3ACA0C,sub_3ACA0C,0x3ABE48;0x3ABE48;0x3ABE48;0x3ACBCC;0x3ACBCC;0x3ACBCC;0x3AD178;0x3AD178;0x3AD178,0x3AEFE4
FN_libARSPM_003ACBCC,0x3ACBCC,sub_3ACBCC,0x3A9690,0x14E8AC;0x3AEFE4;0x3ACA0C;0x3AEFE4;0x3ACA0C;0x3ACA0C;0x2666F8
FN_libARSPM_003AD178,0x3AD178,sub_3AD178,0x3A9690,0x3AEFE4;0x3AEFE4;0x3AEFE4;0x3ACA0C;0x14E8AC;0x3AEFE4;0x3AEFE4;0x3AEFE4;0x3AEFE4;0x3ACA0C
FN_libARSPM_003ADD04,0x3ADD04,sub_3ADD04,0x3AA830,0x3AEFE4;0x3AEFE4;0x3AEFE4;0x3AEFE4;0x3AEFE4
FN_libARSPM_003AE4A0,0x3AE4A0,sub_3AE4A0,0x3AA830,0x3AEFE4;0x3AEFE4
FN_libARSPM_003AE858,0x3AE858,sub_3AE858,0x3AA830,0x3AEFE4;0x3AEFE4;0x3AEFE4;0x3AEFE4;0x3AEFE4
FN_libARSPM_003AEF84,0x3AEF84,sub_3AEF84,0x3A9690;0x3AA830;0x3AF1C4,
FN_libARSPM_003AEFE4,0x3AEFE4,sub_3AEFE4,0x3A9690;0x3A9690;0x3A9690;0x3A9690;0x3AA830;0x3AA830;0x3AA830;0x3AA830;0x3AA830;0x3ABE48,0x3AF0EC;0x351E80;0x2CFAA0
FN_libARSPM_003AF0EC,0x3AF0EC,sub_3AF0EC,0x3AEFE4,0x1349B8;0x1348D0;0x2666F8
FN_libARSPM_003AF1C4,0x3AF1C4,sub_3AF1C4,0x39653C,0x175418;0x3B2410;0x3AEF84;0x4EC2E0;0x3F2320;0x2666F8;0x3F2364;0x145FDC;0x18DFDC;0x3B209C
FN_libARSPM_003B1F68,0x3B1F68,sub_3B1F68,0x39661C,0x2FA7E0;0x2FC240;0x4ECA80;0x2FC08C
FN_libARSPM_003B209C,0x3B209C,sub_3B209C,0x3AF1C4,0x3B256C
FN_libARSPM_003B2410,0x3B2410,sub_3B2410,0x3AF1C4,0x3AEFE4
FN_libARSPM_003B256C,0x3B256C,sub_3B256C,0x3B209C,0x3B2890;0x1DA744
FN_libARSPM_003B2890,0x3B2890,sub_3B2890,0x3B256C,0x1DA744;0x1AA4E4;0x174708;0x1AA4E4;0x1DA744;0x1AA4E4;0x174708;0x1AA4E4
FN_libARSPM_003B2AA0,0x3B2AA0,sub_3B2AA0,0x3AF1C4,0x3AEFE4;0x3AEFE4;0x3AEFE4;0x3AEFE4;0x3AEFE4
FN_libARSPM_003B3504,0x3B3504,sub_3B3504,0x3AF1C4,0x3AEFE4;0x3AEFE4
FN_libARSPM_003B398C,0x3B398C,sub_3B398C,0x3AF1C4;0x3AF1C4;0x3AF1C4;0x3AF1C4,0x3AEFE4;0x3AEFE4;0x3AEFE4;0x3AEFE4;0x3AEFE4
FN_libARSPM_003B4378,0x3B4378,sub_3B4378,0x2D506C,0x2FEC90
FN_libARSPM_003B43D8,0x3B43D8,sub_3B43D8,0x3B4488,0x4ECB10;0x38A1A8;0x38A1A8;0x38A1A8
FN_libARSPM_003B4488,0x3B4488,sub_3B4488,,0x3B43D8
FN_libARSPM_003B44AC,0x3B44AC,sub_3B44AC,,0x38A1A8;0x38A1A8;0x38A1A8
FN_libARSPM_003B4524,0x3B4524,sub_3B4524,0x3B4E64,0x2FE064;0x2D2954;0x266704;0x15BBA0;0x215E80;0x215EC4;0x215F08;0x2FE064;0x2D2954;0x38B408
FN_libARSPM_003B4BCC,0x3B4BCC,sub_3B4BCC,0x3B4E64,0x3B5344;0x2FE064;0x2D2954
FN_libARSPM_003B4D08,0x3B4D08,sub_3B4D08,0x35FED4;0x35FED4,0x38BE24;0x38BE64;0x2D2954;0x38A8A4;0x38A1A8;0x38A1A8
FN_libARSPM_003B4E64,0x3B4E64,sub_3B4E64,,0x2FE064;0x2D2954;0x3F4B98;0x3B5160;0x1D7D28;0x1D7DC8;0x3B4524;0x3B4BCC;0x2FE064;0x2D2954
FN_libARSPM_003B5160,0x3B5160,sub_3B5160,0x3B4E64,0x2FE064;0x2D2954
FN_libARSPM_003B5290,0x3B5290,sub_3B5290,,0x38A8A0;0x38A8A0;0x38A8A0
FN_libARSPM_003B52E4,0x3B52E4,sub_3B52E4,,0x38B90C;0x38B90C
FN_libARSPM_003B5344,0x3B5344,sub_3B5344,0x3B4BCC,0x1349B8;0x1348D0;0x2666F8
FN_libARSPM_003B5444,0x3B5444,sub_3B5444,0x131A10;0x3BCC2C,
FN_libARSPM_003B652C,0x3B652C,sub_3B652C,,0x3DC610;0x3DC728;0x3B9944;0x3BC23C;0x3D55DC;0x3BC5F8;0x3BC5F8;0x3BC5F8;0x3BC5F8;0x3BC5F8
FN_libARSPM_003B8CF0,0x3B8CF0,sub_3B8CF0,0x3B652C;0x3B9944,0x1348D0;0x3B8E50;0x3B8E50;0x1D93F8;0x2666F8
FN_libARSPM_003B8E50,0x3B8E50,sub_3B8E50,0x3B8CF0;0x3B8CF0,0x1D93F8;0x1348D0;0x2666F8;0x2666F8
FN_libARSPM_003B9944,0x3B9944,sub_3B9944,0x3B652C;0x3B9944,0x3DC728;0x3B9944;0x3BC23C;0x3D55DC;0x3BC5F8;0x3BC5F8;0x3BC5F8;0x3BC5F8;0x3BC5F8;0x3BC5F8
FN_libARSPM_003BC23C,0x3BC23C,sub_3BC23C,0x3B652C;0x3B9944,0x1D93F8;0x3DC728;0x3BC4BC;0x1D95E8;0x1DA52C;0x1D97C8;0x1DA52C;0x1D97C8;0x3BC83C
FN_libARSPM_003BC4BC,0x3BC4BC,sub_3BC4BC,0x3BC23C,0x1349B8;0x1348D0;0x2666F8;0x1D8FA8
FN_libARSPM_003BC5F8,0x3BC5F8,sub_3BC5F8,0x3B652C;0x3B652C;0x3B652C;0x3B652C;0x3B652C;0x3B652C;0x3B652C;0x3B652C;0x3B652C;0x3B652C,0x3BC618
FN_libARSPM_003BC618,0x3BC618,sub_3BC618,0x3BC5F8;0x3BC70C,0x1D8FB8;0x1D93F8
FN_libARSPM_003BC70C,0x3BC70C,sub_3BC70C,0x3B652C,0x3BC618;0x1D93F8;0x1D95B8;0x1D93F8;0x1D91C4;0x1D95B8
FN_libARSPM_003BC83C,0x3BC83C,sub_3BC83C,0x3BC23C;0x3BC83C,0x1D95B8;0x1D93F8;0x1D91C4;0x1D95B8;0x1D95D4;0x1D93F8;0x3BC83C;0x1D9180;0x1D95D4;0x1D95D4
FN_libARSPM_003BC9DC,0x3BC9DC,sub_3BC9DC,0x3BC83C,0x1D95D4;0x3BCB1C;0x1D9534;0x1D93F8;0x1D9180;0x1D9534
FN_libARSPM_003BCB1C,0x3BCB1C,sub_3BCB1C,0x3BC9DC,0x1D9180;0x1D9534;0x1D9534;0x1D93F8;0x1D9534
FN_libARSPM_003BCC2C,0x3BCC2C,sub_3BCC2C,0x2D5830,0x3B5444;0x4ECB10;0x4ECB10;0x3C9C0C;0x4ECB10;0x3BCDA0
FN_libARSPM_003BCDA0,0x3BCDA0,sub_3BCDA0,0x3BCC2C,0x2F7904;0x2D1CD8;0x3D4510;0x3D30B0;0x2F9588;0x4ECA80;0x2F7A1C;0x4ECB10;0x3C9A38
FN_libARSPM_003BD128,0x3BD128,sub_3BD128,0x3D32DC;0x3D34A4;0x3D34A4;0x3D34A4;0x3D3AE4;0x3D3E0C;0x3D4130,
FN_libARSPM_003BD170,0x3BD170,sub_3BD170,0x3BD668,0x4ECB10;0x2FA038;0x4ECB10;0x2FA038;0x3D46D8;0x4ECB10;0x3BD548;0x3BD548;0x3BD548;0x3C9A38
FN_libARSPM_003BD548,0x3BD548,sub_3BD548,0x3BD170;0x3BD170;0x3BD170;0x3BD68C;0x3BD68C;0x3BD68C;0x3C1EE8;0x3C9B84;0x3DA300;0x3DA300,
FN_libARSPM_003BD668,0x3BD668,sub_3BD668,,0x3BD170
FN_libARSPM_003BD68C,0x3BD68C,sub_3BD68C,,0x2F7ABC;0x3BD548;0x3BD548;0x3BD548;0x3BD918;0x3D4694;0x4ECB10;0x3D46D8;0x4ECB10;0x4ECB10
FN_libARSPM_003BD918,0x3BD918,sub_3BD918,0x3BD68C,
FN_libARSPM_003BDA24,0x3BDA24,sub_3BDA24,0x3DE6B8;0x3DE6B8;0x3E0550,
FN_libARSPM_003BDA2C,0x3BDA2C,sub_3BDA2C,,0x4ECA80
FN_libARSPM_003BDA60,0x3BDA60,sub_3BDA60,,0x3DE400;0x4ECB10
FN_libARSPM_003BDF8C,0x3BDF8C,sub_3BDF8C,,0x2D045C;0x3C8A60;0x2D0220;0x3DB17C;0x4ECB10;0x2D0518
FN_libARSPM_003BE13C,0x3BE13C,sub_3BE13C,,0x2D045C;0x3C8A60;0x2D0220;0x3DB17C;0x4ECB10
FN_libARSPM_003BE280,0x3BE280,sub_3BE280,,0x2D045C;0x3C8A60;0x3D2790;0x3BE43C;0x2D0220;0x3DBD80;0x4ECB10
FN_libARSPM_003BE43C,0x3BE43C,sub_3BE43C,0x3BE280;0x3C05C0,0x3C02B0
FN_libARSPM_003BE8C4,0x3BE8C4,sub_3BE8C4,,0x2D0648;0x2D06C8;0x2D0678;0x2CFCA4;0x3D2800;0x3D2790;0x2D06C8;0x3D9A10
FN_libARSPM_003BEA10,0x3BEA10,sub_3BEA10,,0x3DAE30;0x3DAE30;0x3DAE30;0x3DAE30;0x3DC524;0x3DAE30;0x3BEC94;0x2CFAA0;0x2666C0
FN_libARSPM_003BEC94,0x3BEC94,sub_3BEC94,0x3BEA10,0x3D1138;0x3BF734
FN_libARSPM_003BEF00,0x3BEF00,sub_3BEF00,0x3C7A30;0x3D3AE4;0x3D3E0C;0x3D3E0C;0x3D3E0C;0x3D3FD4;0x3D3FD4;0x3D4130;0x3D8030;0x3D8510,
FN_libARSPM_003BF07C,0x3BF07C,sub_3BF07C,,0x3DAE30;0x3DAE30;0x3D1138;0x3DAE30;0x2CFAA0;0x2666C0
FN_libARSPM_003BF3AC,0x3BF3AC,sub_3BF3AC,,0x2CFCA4;0x3D2800;0x2CFCA4;0x3D13C4;0x3C34AC;0x3DAE30;0x3C1414
FN_libARSPM_003BF734,0x3BF734,sub_3BF734,0x3BEC94;0x3BF924,
FN_libARSPM_003BF924,0x3BF924,sub_3BF924,0x3C05C0;0x3C8720,0x3D1118;0x1A9568;0x4ECB10;0x14803C;0x148054;0x1348D0;0x2666F8;0x2FA288;0x4ECB10;0x2D44D0
FN_libARSPM_003BFDE4,0x3BFDE4,sub_3BFDE4,0x3C15BC;0x3C1BCC,0x3D2874;0x1A9568;0x1E8E74;0x1E8E74
FN_libARSPM_003C02B0,0x3C02B0,sub_3C02B0,0x3BE43C,
FN_libARSPM_003C0540,0x3C0540,sub_3C0540,0x3D9DD0;0x3DA014,
FN_libARSPM_003C05C0,0x3C05C0,sub_3C05C0,,0x3DC4AC;0x2CFCA4;0x3C0B50;0x3BE43C;0x3DBA54;0x3DA9C0;0x3DC4D4;0x3DC524;0x2CFCA4;0x3D18F4
FN_libARSPM_003C0B50,0x3C0B50,sub_3C0B50,0x3C05C0;0x3C1EE8;0x3C8438,0x3C2370;0x3DC4AC;0x3DC4AC;0x3D2874;0x3D10FC;0x2CFAA0;0x2666C0
FN_libARSPM_003C113C,0x3C113C,sub_3C113C,0x3C05C0,
FN_libARSPM_003C11F4,0x3C11F4,sub_3C11F4,0x3C05C0;0x3C3758;0x3C3AE0,
FN_libARSPM_003C1414,0x3C1414,sub_3C1414,0x3BF3AC;0x3C05C0;0x3C05C0;0x3C5ADC;0x3C610C;0x3C6358;0x3C6358,0x3DAE30
FN_libARSPM_003C15BC,0x3C15BC,sub_3C15BC,,0x2D3090;0x3DC4AC;0x2CFCA4;0x3C17B0;0x3BFDE4;0x3DA9C0;0x3DC4D4;0x3DC524
FN_libARSPM_003C17B0,0x3C17B0,sub_3C17B0,0x3C15BC;0x3C19A0,0x3C2370;0x3DC4AC
FN_libARSPM_003C19A0,0x3C19A0,sub_3C19A0,,0x2CFCA4;0x2D3090;0x3DC4AC;0x3C17B0;0x3DC4AC;0x3DC4D4;0x3DC4D4;0x3DC524;0x2D00F0;0x4ECB10
FN_libARSPM_003C1BCC,0x3C1BCC,sub_3C1BCC,,0x2D045C;0x2D0518;0x2CFCA4;0x2D3090;0x2D0220;0x1A9568;0x3DC524;0x4ECB10;0x3BFDE4;0x2CFAA0
FN_libARSPM_003C1EE8,0x3C1EE8,sub_3C1EE8,0x3C24B0;0x3C9344,0x3C0B50;0x3BD548;0x3D13D4
FN_libARSPM_003C2370,0x3C2370,sub_3C2370,0x3C0B50;0x3C17B0,0x178340
FN_libARSPM_003C24B0,0x3C24B0,sub_3C24B0,,0x2CFCA4;0x3C1EE8;0x3D32DC
FN_libARSPM_003C2544,0x3C2544,sub_3C2544,,0x2CFCA4;0x3D35FC
FN_libARSPM_003C25A4,0x3C25A4,sub_3C25A4,,0x3D3A08
FN_libARSPM_003C2658,0x3C2658,sub_3C2658,0x3C2658,0x3D47F4;0x4ECB10;0x4ECB10;0x32CEF4;0x3C2E5C;0x3D8BC8;0x30C798;0x30CF6C;0x3C3230;0x3C2658
FN_libARSPM_003C2D98,0x3C2D98,sub_3C2D98,0x3D8910,0x4ECB10;0x4ECB10
FN_libARSPM_003C2E5C,0x3C2E5C,sub_3C2E5C,0x3C2658;0x3C2E5C;0x3C5ADC;0x3C7C7C,0x3C2E5C;0x2D5A30
FN_libARSPM_003C3230,0x3C3230,sub_3C3230,0x3C2658,0x30D270;0x3DDD20;0x3DDD20;0x3DDD20;0x30D22C
FN_libARSPM_003C34AC,0x3C34AC,sub_3C34AC,0x3BF3AC;0x3C2658;0x3C3758;0x3C3AE0;0x3C3D94;0x3C5ADC,0x3DA014;0x3D2888;0x3D2888;0x3D2928
FN_libARSPM_003C3758,0x3C3758,sub_3C3758,0x3D8268;0x3D8688,0x3C34AC;0x3C3974;0x3C11F4
FN_libARSPM_003C3974,0x3C3974,sub_3C3974,0x3C3758;0x3C3D94;0x3C443C,
FN_libARSPM_003C3AE0,0x3C3AE0,sub_3C3AE0,0x3D710C,0x3C34AC;0x3C11F4
FN_libARSPM_003C3D94,0x3C3D94,sub_3C3D94,0x3D7340,0x2666F8;0x2D31EC;0x3C34AC;0x3C3974
FN_libARSPM_003C4214,0x3C4214,sub_3C4214,,0x3D9DD0;0x3D70DC;0x2CFAA0
FN_libARSPM_003C4328,0x3C4328,sub_3C4328,0x3D77B0;0x3D78E0;0x3D7AE4;0x3D7D6C;0x3D8030;0x3D8030;0x3D8268;0x3D8510;0x3D8510;0x3D8688,0x2CFAA0;0x2666C0
FN_libARSPM_003C43D4,0x3C43D4,sub_3C43D4,,0x3C443C
FN_libARSPM_003C443C,0x3C443C,sub_3C443C,0x3C43D4;0x3D710C;0x3D7340,0x3DA2C4;0x1B5FF0;0x3C3974;0x3DA014
FN_libARSPM_003C4744,0x3C4744,sub_3C4744,0x3C5ADC;0x3C7C7C;0x3D8DC0;0x3D8DC0;0x3D9020,0x3DAE30;0x3DC4AC;0x3C50E4;0x3DC4D4;0x3DC524;0x2CFAA0;0x2666C0
FN_libARSPM_003C50E4,0x3C50E4,sub_3C50E4,0x3C4744,0x3C93C8;0x3C94E4
FN_libARSPM_003C55F8,0x3C55F8,sub_3C55F8,,0x2CFCA4;0x3D1ABC;0x3C5ADC;0x2CFCA4;0x2CFCA4;0x3D1700;0x3C610C;0x2CFCA4;0x2CFCA4;0x3D1908
FN_libARSPM_003C5ADC,0x3C5ADC,sub_3C5ADC,0x3C55F8;0x3C55F8;0x3D710C,0x2D2DE4;0x3C4744;0x3C34AC;0x3C65C8;0x4ECB10;0x3C7A30;0x3DDFBC;0x3DDD50;0x2D2DE4;0x3C2E5C
FN_libARSPM_003C610C,0x3C610C,sub_3C610C,0x3C55F8,0x3C1414;0x3DAE30;0x3DAE30;0x3DAE30;0x2F8C3C;0x2CFAA0;0x2666C0
FN_libARSPM_003C6358,0x3C6358,sub_3C6358,0x3C55F8,0x1B5FF0;0x3C1414;0x3C1414;0x2F8C3C;0x3DAE30;0x3DAE30
FN_libARSPM_003C65C8,0x3C65C8,sub_3C65C8,0x3C5ADC,0x207B3C;0x207B3C;0x1D8FB8;0x1D91C4;0x1D8FA8;0x1D8FA8;0x1D93F8;0x1D8FB8;0x1D91C4;0x1D8FA8
FN_libARSPM_003C6FB8,0x3C6FB8,sub_3C6FB8,0x3C7C7C,0x1D8FB8;0x1D91C4;0x1D8FA8;0x1D8FA8;0x1D93F8;0x1D8FB8;0x1D91C4;0x1D8FA8;0x1D8FA8;0x1D93F8
FN_libARSPM_003C7A30,0x3C7A30,sub_3C7A30,0x3C5ADC;0x3C7C7C;0x3D7514,0x3BEF00;0x3DE2D8;0x3C9948;0x3DE0E8;0x3DE248
FN_libARSPM_003C7C7C,0x3C7C7C,sub_3C7C7C,,0x3DAE30;0x3D2800;0x1A9568;0x2D2DE4;0x3C4744;0x3D3A08;0x4ECB10;0x2FA038;0x4ECB10;0x2FA038
FN_libARSPM_003C8438,0x3C8438,sub_3C8438,,0x2CFCA4;0x1A9568;0x3DC4AC;0x3DC4AC;0x3C0B50;0x2D00DC;0x3DC4AC;0x3DC4D4;0x3DC4D4;0x3DC524
FN_libARSPM_003C8720,0x3C8720,sub_3C8720,,0x2D045C;0x1A9568;0x3C8A60;0x2D0220;0x3DC524;0x4ECB10;0x3BF924;0x2CFAA0;0x2666C0
FN_libARSPM_003C8A60,0x3C8A60,sub_3C8A60,0x3BDF8C;0x3BE13C;0x3BE280;0x3C8720,
FN_libARSPM_003C8CFC,0x3C8CFC,sub_3C8CFC,,0x2D045C
FN_libARSPM_003C8D5C,0x3C8D5C,sub_3C8D5C,,0x3D4AF8;0x4ECB10
FN_libARSPM_003C8DE4,0x3C8DE4,sub_3C8DE4,,0x3D3134;0x3D324C
FN_libARSPM_003C90CC,0x3C90CC,sub_3C90CC,0x3DA970,
FN_libARSPM_003C9128,0x3C9128,sub_3C9128,,0x3DA914
FN_libARSPM_003C9170,0x3C9170,sub_3C9170,,0x3DA914
FN_libARSPM_003C9258,0x3C9258,sub_3C9258,0x3D32DC;0x3D34A4;0x3D3AE4;0x3D3E0C;0x3D4130,
FN_libARSPM_003C9298,0x3C9298,sub_3C9298,,0x3DA914
FN_libARSPM_003C9344,0x3C9344,sub_3C9344,,0x2CFCA4;0x3C1EE8
FN_libARSPM_003C93C8,0x3C93C8,sub_3C93C8,0x3C50E4,0x3C9644
FN_libARSPM_003C94E4,0x3C94E4,sub_3C94E4,0x3C50E4,0x3C983C;0x3C9644
FN_libARSPM_003C9644,0x3C9644,sub_3C9644,0x3C93C8;0x3C94E4,
FN_libARSPM_003C983C,0x3C983C,sub_3C983C,0x3C94E4,
FN_libARSPM_003C9948,0x3C9948,sub_3C9948,0x3C7A30;0x3DE0E8,0x1349B8;0x1348D0;0x2666F8
FN_libARSPM_003C9A38,0x3C9A38,sub_3C9A38,0x3BCDA0;0x3BD170;0x3BD170,
FN_libARSPM_003C9B84,0x3C9B84,sub_3C9B84,,0x3BD548
FN_libARSPM_003C9C0C,0x3C9C0C,sub_3C9C0C,0x3BCC2C,0x3D5968;0x3DC850;0x3CA164;0x3BC5F8;0x3BC5F8;0x3BC5F8;0x4ECB10;0x3C9F20;0x4ECB10
FN_libARSPM_003C9E14,0x3C9E14,sub_3C9E14,,0x4ECB10;0x4ECB10
FN_libARSPM_003C9E9C,0x3C9E9C,sub_3C9E9C,,0x4ECB10;0x4ECB10
FN_libARSPM_003C9F20,0x3C9F20,sub_3C9F20,0x3C9C0C,0x4ECB10;0x3CA290;0x4ECB10
FN_libARSPM_003CA058,0x3CA058,sub_3CA058,,0x4ECB10;0x4ECB10
FN_libARSPM_003CA0E0,0x3CA0E0,sub_3CA0E0,,0x4ECB10;0x4ECB10
FN_libARSPM_003CA164,0x3CA164,sub_3CA164,0x3C9C0C,
FN_libARSPM_003CA26C,0x3CA26C,sub_3CA26C,,0x2CFAA0;0x2666C0
FN_libARSPM_003CA290,0x3CA290,sub_3CA290,0x3C9F20,0x2D23C4;0x1563CC;0x1563CC;0x1563CC;0x1563CC;0x1563CC;0x1563CC;0x1563CC;0x1563CC;0x1563CC
FN_libARSPM_003CC3C4,0x3CC3C4,sub_3CC3C4,0x3CA290,0x3BC5F8;0x3BC5F8;0x3BC5F8;0x3BC5F8;0x3BC5F8;0x3BC5F8;0x3BC5F8;0x3BC5F8;0x3BC5F8;0x3BC5F8
FN_libARSPM_003CCB38,0x3CCB38,sub_3CCB38,0x3CA290,0x3BC5F8;0x3BC5F8;0x3BC5F8;0x3BC5F8;0x3BC5F8;0x3BC5F8;0x3BC5F8;0x3BC5F8
FN_libARSPM_003CCCC4,0x3CCCC4,sub_3CCCC4,0x3CA290,0x3BC5F8;0x1349B8;0x1348D0;0x2666F8;0x3BC5F8;0x1349B8;0x1348D0;0x2666F8;0x1349B8;0x3BC5F8
FN_libARSPM_003CD130,0x3CD130,sub_3CD130,0x3CA290;0x3CA290;0x3CA290;0x3CA290,
FN_libARSPM_003CD13C,0x3CD13C,sub_3CD13C,,0x3BC5F8;0x3BC5F8;0x3BC5F8;0x3BC5F8;0x3BC5F8
FN_libARSPM_003CD24C,0x3CD24C,sub_3CD24C,0x3CA290,0x3BC5F8
FN_libARSPM_003CE1C4,0x3CE1C4,sub_3CE1C4,0x3CA290,0x3BC5F8;0x3BC5F8;0x3BC5F8;0x3BC5F8;0x3BC5F8;0x2D2DE4;0x2D2DE4;0x3BC5F8;0x3BC5F8;0x2D2DE4
FN_libARSPM_003D10FC,0x3D10FC,sub_3D10FC,0x3C0B50,
FN_libARSPM_003D1118,0x3D1118,sub_3D1118,0x3BF924;0x3C05C0,
FN_libARSPM_003D1138,0x3D1138,sub_3D1138,0x3BEC94;0x3BF07C,
FN_libARSPM_003D13C4,0x3D13C4,sub_3D13C4,0x3BF3AC,
FN_libARSPM_003D13D4,0x3D13D4,sub_3D13D4,0x3C1EE8,
FN_libARSPM_003D13F0,0x3D13F0,sub_3D13F0,0x3CE1C4,0x156430;0x3BC5F8;0x1564BC;0x156714;0x156714;0x156714;0x156898
FN_libARSPM_003D1700,0x3D1700,sub_3D1700,0x3C55F8;0x3D1B28,
FN_libARSPM_003D18F4,0x3D18F4,sub_3D18F4,0x3C05C0,
FN_libARSPM_003D1908,0x3D1908,sub_3D1908,0x3C55F8;0x3D1B28,
FN_libARSPM_003D1ABC,0x3D1ABC,sub_3D1ABC,0x3C55F8;0x3C55F8,
FN_libARSPM_003D1B28,0x3D1B28,sub_3D1B28,,0x30F408;0x30F408;0x2CFCA4;0x2CFCA4;0x3D1700;0x3D1908
FN_libARSPM_003D1E3C,0x3D1E3C,sub_3D1E3C,,0x30F408;0x2CFCA4
FN_libARSPM_003D20C4,0x3D20C4,sub_3D20C4,,0x3DAE30;0x3DDD34
FN_libARSPM_003D2178,0x3D2178,sub_3D2178,,0x2D3090;0x2CFCA4
FN_libARSPM_003D23DC,0x3D23DC,sub_3D23DC,,0x2CFCA4
FN_libARSPM_003D24E4,0x3D24E4,sub_3D24E4,0x3DE6B8,
FN_libARSPM_003D252C,0x3D252C,sub_3D252C,,0x2D0648
FN_libARSPM_003D2564,0x3D2564,sub_3D2564,,0x2CFCA4
FN_libARSPM_003D2584,0x3D2584,sub_3D2584,,0x2CFCA4
FN_libARSPM_003D25E4,0x3D25E4,sub_3D25E4,,0x2CFCA4
FN_libARSPM_003D26F0,0x3D26F0,sub_3D26F0,,0x2CFCA4
FN_libARSPM_003D2790,0x3D2790,sub_3D2790,0x3BE280;0x3BE8C4,
FN_libARSPM_003D2800,0x3D2800,sub_3D2800,0x3BE8C4;0x3BF3AC;0x3C5ADC;0x3C7C7C,
FN_libARSPM_003D2840,0x3D2840,sub_3D2840,,0x2CFCA4
FN_libARSPM_003D2874,0x3D2874,sub_3D2874,0x3BFDE4;0x3C0B50,
FN_libARSPM_003D2888,0x3D2888,sub_3D2888,0x3C34AC;0x3C34AC,
FN_libARSPM_003D2928,0x3D2928,sub_3D2928,0x3C34AC,
FN_libARSPM_003D29C4,0x3D29C4,sub_3D29C4,,0x2CFCA4
FN_libARSPM_003D2CE8,0x3D2CE8,sub_3D2CE8,,0x2CFCA4
FN_libARSPM_003D2D7C,0x3D2D7C,sub_3D2D7C,,0x2CFCA4
FN_libARSPM_003D2E4C,0x3D2E4C,sub_3D2E4C,,0x2CFCA4
FN_libARSPM_003D2E8C,0x3D2E8C,sub_3D2E8C,0x3D2F80,0x1563F8;0x2666F8;0x2666F8;0x2EF6C0
FN_libARSPM_003D2F80,0x3D2F80,sub_3D2F80,,0x3D2E8C
FN_libARSPM_003D2FA4,0x3D2FA4,sub_3D2FA4,,0x2CFCA4
FN_libARSPM_003D300C,0x3D300C,sub_3D300C,,0x2CFCA4
FN_libARSPM_003D30B0,0x3D30B0,sub_3D30B0,0x3BCDA0,
FN_libARSPM_003D30C0,0x3D30C0,sub_3D30C0,0x3BD170,
FN_libARSPM_003D3134,0x3D3134,sub_3D3134,0x3BD170;0x3C8DE4,
FN_libARSPM_003D324C,0x3D324C,sub_3D324C,0x3C8DE4,
FN_libARSPM_003D32DC,0x3D32DC,sub_3D32DC,0x3C24B0,0x3D34A4;0x3BD128;0x3C9258;0x2F9A28;0x2F9B60
FN_libARSPM_003D34A4,0x3D34A4,sub_3D34A4,0x3D32DC;0x3D35FC,0x3BD128;0x3BD128;0x3BD128;0x3C9258
FN_libARSPM_003D35FC,0x3D35FC,sub_3D35FC,0x3C2544,0x3D34A4;0x2F9A28;0x2F9B60
FN_libARSPM_003D37BC,0x3D37BC,sub_3D37BC,,0x1D8FA8;0x1D9D84;0x1D93F8
FN_libARSPM_003D3830,0x3D3830,sub_3D3830,,0x1BF1EC;0x1BF1EC
FN_libARSPM_003D39A4,0x3D39A4,sub_3D39A4,,0x4ECB10;0x30D9A0;0x2F9BD0
FN_libARSPM_003D3A08,0x3D3A08,sub_3D3A08,0x3C25A4;0x3C65C8;0x3C7C7C,0x3D3AE4;0x4ECB10
FN_libARSPM_003D3AE4,0x3D3AE4,sub_3D3AE4,0x3D3A08,0x2F95F0;0x3BEF00;0x3BD128;0x3C9258;0x2F9B60;0x2F9B60
FN_libARSPM_003D3CC0,0x3D3CC0,sub_3D3CC0,,0x207B3C;0x207B3C;0x207B3C
FN_libARSPM_003D3E0C,0x3D3E0C,sub_3D3E0C,,0x3BEF00;0x3BD128;0x3C9258;0x3BEF00;0x3BEF00
FN_libARSPM_003D3FD4,0x3D3FD4,sub_3D3FD4,,0x3BEF00;0x3BEF00
FN_libARSPM_003D4098,0x3D4098,sub_3D4098,,0x266704;0x2F9714;0x2666F8
FN_libARSPM_003D4130,0x3D4130,sub_3D4130,,0x3BEF00;0x3BD128;0x3C9258
FN_libARSPM_003D4280,0x3D4280,sub_3D4280,,0x1BF1EC;0x1BF1EC
FN_libARSPM_003D43F4,0x3D43F4,sub_3D43F4,,0x1D8FA8;0x1D9D84;0x1D93F8
FN_libARSPM_003D4480,0x3D4480,sub_3D4480,,0x2F9BD0
FN_libARSPM_003D44D4,0x3D44D4,sub_3D44D4,,0x2F9BD0
FN_libARSPM_003D4510,0x3D4510,sub_3D4510,0x3BCDA0,
FN_libARSPM_003D4548,0x3D4548,sub_3D4548,0x3D4664,0x4ECB10;0x2666F8
FN_libARSPM_003D4664,0x3D4664,sub_3D4664,,0x3D4548
FN_libARSPM_003D4694,0x3D4694,sub_3D4694,0x3BD68C,0x3D8BC0
FN_libARSPM_003D46D8,0x3D46D8,sub_3D46D8,0x3BD170;0x3BD68C,
FN_libARSPM_003D46E0,0x3D46E0,sub_3D46E0,,0x4ECB10;0x2666F8
FN_libARSPM_003D47F4,0x3D47F4,sub_3D47F4,0x3C2658,0x2D1CE4;0x3D4894;0x2666F8
FN_libARSPM_003D4894,0x3D4894,sub_3D4894,0x3D47F4,0x3D4DF0;0x3DE490;0x4ECB10;0x4ECB10;0x3DE490;0x3D4AFC;0x4ECB10;0x4ECB10;0x4ECA80
FN_libARSPM_003D4AF8,0x3D4AF8,sub_3D4AF8,0x3C8D5C,
FN_libARSPM_003D4AFC,0x3D4AFC,sub_3D4AFC,0x3D4894;0x3D4AFC,0x3D4F28;0x3D5100;0x3D5240;0x3D503C;0x1348D0;0x2666F8;0x3D4DF0;0x3E0070;0x3D4AFC;0x4ECB10
FN_libARSPM_003D4DF0,0x3D4DF0,sub_3D4DF0,0x3D4894;0x3D4AFC;0x3D503C,0x1472A8
FN_libARSPM_003D4F28,0x3D4F28,sub_3D4F28,0x3D4AFC,0x1348D0;0x2666F8
FN_libARSPM_003D503C,0x3D503C,sub_3D503C,0x3D4AFC,0x3D4DF0;0x3D5370;0x4ECB10;0x2666F8
FN_libARSPM_003D5100,0x3D5100,sub_3D5100,0x3D4AFC,0x3D5240
FN_libARSPM_003D5240,0x3D5240,sub_3D5240,0x3D4AFC;0x3D5100,0x1472A8
FN_libARSPM_003D5370,0x3D5370,sub_3D5370,0x3D503C,0x1472A8;0x3D54D0;0x3D54D0
FN_libARSPM_003D54D0,0x3D54D0,sub_3D54D0,0x3D5370;0x3D5370,
FN_libARSPM_003D55DC,0x3D55DC,sub_3D55DC,0x3B652C;0x3B9944,0x3D562C
FN_libARSPM_003D562C,0x3D562C,sub_3D562C,0x3D55DC,
FN_libARSPM_003D5968,0x3D5968,sub_3D5968,0x3C9C0C,
FN_libARSPM_003D5970,0x3D5970,sub_3D5970,,0x3DC830;0x3BC5F8;0x3BC5F8;0x3BC5F8;0x3BC5F8;0x3BC5F8;0x3BC5F8;0x3BC5F8;0x3BC5F8;0x3BC5F8
FN_libARSPM_003D7004,0x3D7004,sub_3D7004,,0x1D93F8
FN_libARSPM_003D7074,0x3D7074,sub_3D7074,,0x1D93F8;0x2666F8
FN_libARSPM_003D70DC,0x3D70DC,sub_3D70DC,0x3C4214,
FN_libARSPM_003D710C,0x3D710C,sub_3D710C,,0x3C5ADC;0x3C443C;0x3C3AE0
FN_libARSPM_003D7340,0x3D7340,sub_3D7340,,0x3C3D94;0x3C443C
FN_libARSPM_003D74AC,0x3D74AC,sub_3D74AC,,0x3D8DC0
FN_libARSPM_003D7514,0x3D7514,sub_3D7514,,0x3C7A30;0x3DDFBC;0x3DDD50;0x3DDD50
FN_libARSPM_003D77B0,0x3D77B0,sub_3D77B0,,0x3C4328;0x3DDD50
FN_libARSPM_003D78E0,0x3D78E0,sub_3D78E0,,0x3C4328;0x3DDD50
FN_libARSPM_003D7AE4,0x3D7AE4,sub_3D7AE4,,0x3DDD50;0x3C4328;0x3DDD50
FN_libARSPM_003D7D6C,0x3D7D6C,sub_3D7D6C,,0x3C4328;0x3DDD50;0x3DDD50
FN_libARSPM_003D8030,0x3D8030,sub_3D8030,,0x3DDD50;0x3BEF00;0x3C4328;0x3C4328
FN_libARSPM_003D8268,0x3D8268,sub_3D8268,,0x3C4328;0x3C3758
FN_libARSPM_003D8510,0x3D8510,sub_3D8510,,0x3BEF00;0x3C4328;0x3C4328
FN_libARSPM_003D8688,0x3D8688,sub_3D8688,,0x3C4328;0x3C3758
FN_libARSPM_003D8910,0x3D8910,sub_3D8910,0x3DFF3C,0x3D90B4;0x4ECA80;0x3C2D98;0x4ECB10;0x3D9218
FN_libARSPM_003D8A94,0x3D8A94,sub_3D8A94,0x3D8B9C,0x2666F8
FN_libARSPM_003D8B9C,0x3D8B9C,sub_3D8B9C,,0x3D8A94
FN_libARSPM_003D8BC0,0x3D8BC0,sub_3D8BC0,0x3D4694,
FN_libARSPM_003D8BC8,0x3D8BC8,sub_3D8BC8,0x3C2658,0x3D95B8;0x3D9438;0x2EFE00;0x2FCBA8;0x32CEF4;0x31457C
FN_libARSPM_003D8DC0,0x3D8DC0,sub_3D8DC0,0x3D74AC,0x33F758;0x33F758;0x3C4744;0x30EBAC;0x3C4744;0x2FCAD4
FN_libARSPM_003D9020,0x3D9020,sub_3D9020,,0x30EBAC;0x3C4744
FN_libARSPM_003D90B4,0x3D90B4,sub_3D90B4,0x3D8910,0x1348D0;0x2666F8
FN_libARSPM_003D9218,0x3D9218,sub_3D9218,0x3D8910,
FN_libARSPM_003D9438,0x3D9438,sub_3D9438,0x3D8BC8,
FN_libARSPM_003D95B8,0x3D95B8,sub_3D95B8,0x3D8BC8,
FN_libARSPM_003D9778,0x3D9778,sub_3D9778,,0x2666F8
FN_libARSPM_003D97A4,0x3D97A4,sub_3D97A4,0x3D9A10,0x2F9A28;0x30C3C0;0x4ECB10;0x2FA038;0x2F9BA4
FN_libARSPM_003D9904,0x3D9904,sub_3D9904,0x3DBA54;0x3DBB90,0x30C3C0;0x4ECB10;0x2FA038
FN_libARSPM_003D9A10,0x3D9A10,sub_3D9A10,0x3BE8C4,0x2F9A28;0x2F9B60;0x3D97A4;0x4ECB10
FN_libARSPM_003D9BA8,0x3D9BA8,sub_3D9BA8,,0x2D31EC;0x2D05BC
FN_libARSPM_003D9CD8,0x3D9CD8,sub_3D9CD8,,0x30D7F8
FN_libARSPM_003D9D30,0x3D9D30,sub_3D9D30,,0x30D7F8
FN_libARSPM_003D9DD0,0x3D9DD0,sub_3D9DD0,0x3C4214,0x2F9FD0;0x3C0540;0x30BAC4;0x4ECB10;0x2FA038;0x4ECB10;0x2FA038
FN_libARSPM_003DA014,0x3DA014,sub_3DA014,0x3C34AC;0x3C443C;0x3DA2C4,0x3C0540;0x3DAE30;0x3DAE30
FN_libARSPM_003DA2C4,0x3DA2C4,sub_3DA2C4,0x3C443C,0x3DA014
FN_libARSPM_003DA300,0x3DA300,sub_3DA300,0x3DC1C8;0x3DC308;0x3DC43C,0x3BD548;0x3BD548
FN_libARSPM_003DA3AC,0x3DA3AC,sub_3DA3AC,,0x3BD548;0x3BD548
FN_libARSPM_003DA460,0x3DA460,sub_3DA460,0x3DC1A0;0x3DC2E4;0x3DC46C,
FN_libARSPM_003DA4A8,0x3DA4A8,sub_3DA4A8,0x3DBCDC;0x3DBD0C;0x3DBD38,0x30D7F8;0x2F9F2C;0x1D99C4;0x2F9DB8;0x1D8FA8;0x1D9D84;0x1D93F8;0x1D93F8
FN_libARSPM_003DA624,0x3DA624,sub_3DA624,,0x4ECB10;0x2FA038;0x30C450;0x4ECB10;0x30D9A0
FN_libARSPM_003DA6D8,0x3DA6D8,sub_3DA6D8,,0x4ECB10;0x2FA038;0x30C450;0x4ECB10;0x30D9A0;0x2F9BD0
FN_libARSPM_003DA794,0x3DA794,sub_3DA794,,0x4ECB10;0x2FA038;0x30C450;0x4ECB10;0x30D9A0
FN_libARSPM_003DA850,0x3DA850,sub_3DA850,,0x4ECB10;0x2FA038;0x30C450;0x4ECB10;0x30D9A0;0x2F9BD0
FN_libARSPM_003DA914,0x3DA914,sub_3DA914,0x3C9128;0x3C9170;0x3C9298,
FN_libARSPM_003DA970,0x3DA970,sub_3DA970,,0x3C90CC
FN_libARSPM_003DA9C0,0x3DA9C0,sub_3DA9C0,0x3C05C0;0x3C15BC,0x2F9A28;0x30F098;0x3DC4AC;0x3DC4D4;0x2F9B60;0x3DDD34;0x2CFAA0;0x2666C0
FN_libARSPM_003DAB64,0x3DAB64,sub_3DAB64,0x3DB17C,0x2F9A28;0x30F098;0x2F9BA4;0x2CFAA0;0x2666C0
FN_libARSPM_003DACD8,0x3DACD8,sub_3DACD8,0x3DBA54;0x3DBB90,0x30F098;0x3DC4AC;0x3DC4D4;0x4ECB10;0x2CFAA0;0x2666C0
FN_libARSPM_003DAE30,0x3DAE30,sub_3DAE30,0x3BEA10;0x3BEA10;0x3BEA10;0x3BEA10;0x3BEA10;0x3BF07C;0x3BF07C;0x3BF07C;0x3BF3AC;0x3C05C0,
FN_libARSPM_003DAE50,0x3DAE50,sub_3DAE50,,0x2CFAA0;0x2666C0
FN_libARSPM_003DAE74,0x3DAE74,sub_3DAE74,,0x207B3C;0x207B3C;0x30DA9C;0x207B3C
FN_libARSPM_003DAFF0,0x3DAFF0,sub_3DAFF0,,0x4ECA80;0x2D00F0;0x4ECB10;0x2CFAA0;0x2666C0
FN_libARSPM_003DB148,0x3DB148,sub_3DB148,,0x2CFAA0;0x2666C0
FN_libARSPM_003DB17C,0x3DB17C,sub_3DB17C,0x3BDF8C;0x3BE13C,0x3DAB64;0x4ECB10
FN_libARSPM_003DB25C,0x3DB25C,sub_3DB25C,,0x2D02FC;0x2D0270;0x3DB8EC;0x30DAEC
FN_libARSPM_003DB318,0x3DB318,sub_3DB318,,0x1BF1EC;0x1BF1EC
FN_libARSPM_003DB49C,0x3DB49C,sub_3DB49C,,0x30D7F8;0x2F9F2C;0x1D99C4;0x2F9DB8;0x1D8FA8;0x1D9D84;0x1D93F8;0x1D93F8
FN_libARSPM_003DB5E0,0x3DB5E0,sub_3DB5E0,,0x4ECB10;0x4ECB10;0x30D9A0
FN_libARSPM_003DB680,0x3DB680,sub_3DB680,,0x4ECB10;0x4ECB10;0x30D9A0;0x2F9BD0
FN_libARSPM_003DB728,0x3DB728,sub_3DB728,,0x4ECB10;0x4ECB10;0x30D9A0
FN_libARSPM_003DB7D0,0x3DB7D0,sub_3DB7D0,,0x4ECB10;0x4ECB10;0x30D9A0;0x2F9BD0
FN_libARSPM_003DB8C4,0x3DB8C4,sub_3DB8C4,,0x2D02E8;0x2D0270
FN_libARSPM_003DB8EC,0x3DB8EC,sub_3DB8EC,0x3DB25C,
FN_libARSPM_003DBA54,0x3DBA54,sub_3DBA54,0x3C05C0,0x2F9A28;0x3DACD8;0x4ECB10;0x3D9904;0x2F9B60
FN_libARSPM_003DBB90,0x3DBB90,sub_3DBB90,0x3DBD80,0x2F9A28;0x3DACD8;0x4ECB10;0x3D9904;0x2F9BA4
FN_libARSPM_003DBCDC,0x3DBCDC,sub_3DBCDC,,0x3DA4A8
FN_libARSPM_003DBD0C,0x3DBD0C,sub_3DBD0C,,0x3DA4A8
FN_libARSPM_003DBD38,0x3DBD38,sub_3DBD38,,0x3DA4A8
FN_libARSPM_003DBD80,0x3DBD80,sub_3DBD80,0x3BE280,0x3DBB90;0x4ECB10
FN_libARSPM_003DBE68,0x3DBE68,sub_3DBE68,,0x30D7F8
FN_libARSPM_003DBEC8,0x3DBEC8,sub_3DBEC8,,0x30D7F8
FN_libARSPM_003DBF2C,0x3DBF2C,sub_3DBF2C,,0x30D7F8
FN_libARSPM_003DBFB4,0x3DBFB4,sub_3DBFB4,,0x4ECB10;0x2FA038;0x30C450;0x4ECB10;0x4ECB10;0x30D9A0
FN_libARSPM_003DC0A4,0x3DC0A4,sub_3DC0A4,,0x4ECB10;0x2FA038;0x30C450;0x4ECB10;0x4ECB10;0x30D9A0;0x2F9BD0
FN_libARSPM_003DC1A0,0x3DC1A0,sub_3DC1A0,,0x3DA460
FN_libARSPM_003DC1C8,0x3DC1C8,sub_3DC1C8,,0x3DA300
FN_libARSPM_003DC1F0,0x3DC1F0,sub_3DC1F0,,0x4ECB10;0x2FA038;0x30C450;0x4ECB10;0x4ECB10;0x30D9A0
FN_libARSPM_003DC2E4,0x3DC2E4,sub_3DC2E4,,0x3DA460
FN_libARSPM_003DC308,0x3DC308,sub_3DC308,,0x3DA300
FN_libARSPM_003DC334,0x3DC334,sub_3DC334,,0x4ECB10;0x2FA038;0x30C450;0x4ECB10;0x4ECB10;0x30D9A0
FN_libARSPM_003DC43C,0x3DC43C,sub_3DC43C,,0x3DA300
FN_libARSPM_003DC46C,0x3DC46C,sub_3DC46C,,0x3DA460
FN_libARSPM_003DC4AC,0x3DC4AC,sub_3DC4AC,0x3C05C0;0x3C0B50;0x3C0B50;0x3C15BC;0x3C17B0;0x3C19A0;0x3C19A0;0x3C4744;0x3C8438;0x3C8438,
FN_libARSPM_003DC4D4,0x3DC4D4,sub_3DC4D4,0x3C05C0;0x3C15BC;0x3C19A0;0x3C19A0;0x3C4744;0x3C8438;0x3C8438;0x3DA9C0;0x3DACD8,
FN_libARSPM_003DC524,0x3DC524,sub_3DC524,0x3BEA10;0x3C05C0;0x3C15BC;0x3C19A0;0x3C1BCC;0x3C4744;0x3C7C7C;0x3C8438;0x3C8720,
FN_libARSPM_003DC550,0x3DC550,sub_3DC550,0x2D02FC,0x4ECA80;0x4ECB10
FN_libARSPM_003DC5CC,0x3DC5CC,sub_3DC5CC,0x2D0270;0x2D02FC;0x2D02FC,0x4ECB10
FN_libARSPM_003DC610,0x3DC610,sub_3DC610,0x3B652C,0x2CFAA0
FN_libARSPM_003DC728,0x3DC728,sub_3DC728,0x3B652C;0x3B9944;0x3BC23C;0x3DC850,0x2CFAA0
FN_libARSPM_003DC830,0x3DC830,sub_3DC830,0x3D5970,
FN_libARSPM_003DC850,0x3DC850,sub_3DC850,0x3C9C0C,0x3DC728;0x3DCF4C;0x3DD074;0x3DD9B4;0x1D8FA8;0x1D8FA8;0x1D97C8;0x1D91C4;0x1D93F8;0x1D8FA8
FN_libARSPM_003DCF4C,0x3DCF4C,sub_3DCF4C,0x3DC850;0x3DC850;0x3DC850,
FN_libARSPM_003DD074,0x3DD074,sub_3DD074,0x3DC850;0x3DC850;0x3DC850,0x3BC5F8
FN_libARSPM_003DD9B4,0x3DD9B4,sub_3DD9B4,0x3DC850;0x3DC850,
FN_libARSPM_003DDD20,0x3DDD20,sub_3DDD20,0x3C3230;0x3C3230;0x3C3230,
FN_libARSPM_003DDD34,0x3DDD34,sub_3DDD34,0x3D20C4;0x3DA9C0,
FN_libARSPM_003DDD50,0x3DDD50,sub_3DDD50,0x3C5ADC;0x3C7C7C;0x3D7514;0x3D7514;0x3D77B0;0x3D78E0;0x3D7AE4;0x3D7AE4;0x3D7D6C;0x3D7D6C,0x3BEF00;0x2CFAA0;0x2666C0
FN_libARSPM_003DDFBC,0x3DDFBC,sub_3DDFBC,0x3C5ADC;0x3C7C7C;0x3D7514,
FN_libARSPM_003DE0E8,0x3DE0E8,sub_3DE0E8,0x3C7A30,0x3C9948
FN_libARSPM_003DE248,0x3DE248,sub_3DE248,0x3C7A30,
FN_libARSPM_003DE2D8,0x3DE2D8,sub_3DE2D8,0x3C7A30,
FN_libARSPM_003DE400,0x3DE400,sub_3DE400,0x3BDA60,
FN_libARSPM_003DE490,0x3DE490,sub_3DE490,0x3D4894;0x3D4894,0x207B3C;0x207B3C;0x3DF49C;0x148488;0x4ECB10;0x14803C;0x148054;0x4ECB10;0x14803C;0x148054
FN_libARSPM_003DE6B8,0x3DE6B8,sub_3DE6B8,0x3DE490,0x207B3C;0x207B3C;0x33E200;0x2D1DA8;0x33F54C;0x1563CC;0x33E1A8;0x3DF5D0;0x3E116C;0x2D1CD8
FN_libARSPM_003DF3DC,0x3DF3DC,sub_3DF3DC,0x3DE490;0x3DE490;0x3E0650,0x4ECB10;0x14803C;0x148054;0x2666F8;0x3E068C;0x145C28;0x145AEC;0x3E068C;0x145C28;0x145AEC
FN_libARSPM_003DF49C,0x3DF49C,sub_3DF49C,0x3DE490,0x33C4D0;0x145A88;0x145A88;0x145A88;0x145A88;0x145A88;0x145A88;0x145A88
FN_libARSPM_003DF5D0,0x3DF5D0,sub_3DF5D0,0x3DE6B8;0x3DE6B8;0x3DE6B8,0x3413B8;0x3413FC;0x341228;0x341270;0x341228;0x341270;0x3413B8;0x3413FC;0x341228;0x341270
FN_libARSPM_003DF8E8,0x3DF8E8,sub_3DF8E8,0x3DE6B8,0x148488;0x34E05C;0x3413B8;0x3413FC;0x341270;0x341228;0x290C40;0x1E1558;0x3E2120;0x1E1980
FN_libARSPM_003DFEC4,0x3DFEC4,sub_3DFEC4,0x3E0070,
FN_libARSPM_003DFF3C,0x3DFF3C,sub_3DFF3C,0x3DE6B8,0x3D8910
FN_libARSPM_003E0070,0x3E0070,sub_3E0070,0x3D4AFC,0x1B2910;0x3E2378;0x2D1DA8;0x3E23C4;0x1563CC;0x3E0550;0x3E0550;0x1563F8;0x1563F8;0x4ECB10
FN_libARSPM_003E0550,0x3E0550,sub_3E0550,0x3E0070;0x3E0070,0x3E26A8;0x3BDA24;0x3E27FC;0x156714;0x2B93F8
FN_libARSPM_003E0650,0x3E0650,sub_3E0650,,0x3DF3DC
FN_libARSPM_003E068C,0x3E068C,sub_3E068C,0x3DF3DC;0x3DF3DC;0x3E12B8;0x3E12B8;0x3E131C;0x3E131C,0x1D93F8;0x1D93F8;0x1D93F8;0x1D93F8
FN_libARSPM_003E0798,0x3E0798,sub_3E0798,0x3DF3DC;0x3E091C,0x33E254;0x145C28;0x145AEC;0x33E254;0x145C28;0x145AEC;0x33E254;0x145C28;0x145AEC;0x33E254
FN_libARSPM_003E083C,0x3E083C,sub_3E083C,0x3E0798,0x1D93F8
FN_libARSPM_003E091C,0x3E091C,sub_3E091C,,0x3E0798
FN_libARSPM_003E0944,0x3E0944,sub_3E0944,,0x33E050;0x1D8FA8;0x1D8FA8;0x1D8FA8;0x1D8FA8;0x1D91C4;0x1D91C4;0x1D8FA8;0x1D8FA8;0x1D95B8
FN_libARSPM_003E0B24,0x3E0B24,sub_3E0B24,0x3E0944;0x3E0BF0,0x145CF0;0x1D9180;0x1D9180;0x1D9180;0x1D9180
FN_libARSPM_003E0BF0,0x3E0BF0,sub_3E0BF0,,0x33E050;0x1D8FA8;0x1D8FA8;0x1D8FA8;0x1D8FA8;0x1D91C4;0x1D91C4;0x1D8FA8;0x1D8FA8;0x1D95B8
FN_libARSPM_003E0E60,0x3E0E60,sub_3E0E60,,0x343484;0x1D99C4;0x343484;0x1D99C4
FN_libARSPM_003E0FF4,0x3E0FF4,sub_3E0FF4,0x3DE6B8,
FN_libARSPM_003E116C,0x3E116C,sub_3E116C,0x3DE6B8,
FN_libARSPM_003E12B8,0x3E12B8,sub_3E12B8,,0x2666F8;0x3E068C;0x145C28;0x145AEC;0x3E068C;0x145C28
FN_libARSPM_003E131C,0x3E131C,sub_3E131C,,0x2666F8;0x3E068C;0x145C28;0x145AEC;0x3E068C;0x145C28;0x145AEC
FN_libARSPM_003E158C,0x3E158C,sub_3E158C,0x3DE6B8;0x3DE6B8,0x3E15C8
FN_libARSPM_003E15C8,0x3E15C8,sub_3E15C8,0x3E158C,0x284518;0x3E1D98;0x284518;0x3E1D98;0x3E1F48;0x284518;0x284518;0x3E2024
FN_libARSPM_003E1B68,0x3E1B68,sub_3E1B68,0x3E1C44;0x3F23C8,0x1DA420;0x1D93F8;0x2666F8;0x167C58
FN_libARSPM_003E1C44,0x3E1C44,sub_3E1C44,0x3F23C8,0x3E1B68;0x284518;0x178340
FN_libARSPM_003E1D98,0x3E1D98,sub_3E1D98,0x3E15C8;0x3E15C8,0x284518
FN_libARSPM_003E1F48,0x3E1F48,sub_3E1F48,0x3E15C8,
FN_libARSPM_003E2024,0x3E2024,sub_3E2024,0x3E15C8,0x284518
FN_libARSPM_003E2120,0x3E2120,sub_3E2120,0x3DF8E8,
FN_libARSPM_003E2128,0x3E2128,sub_3E2128,0x3DF8E8,0x1E1558;0x1E1980;0x1E1A84;0x1E1740;0x1E3404;0x1E1740;0x1E3404;0x1E1820;0x1E1820;0x1E1820
FN_libARSPM_003E2378,0x3E2378,sub_3E2378,0x3DE6B8;0x3E0070,0x1B2BF8;0x1B2B40;0x1B295C
FN_libARSPM_003E23C4,0x3E23C4,sub_3E23C4,0x3DE6B8;0x3DE6B8;0x3E0070,0x1B3B64;0x1B2D04;0x1B3B64;0x1B2D04;0x1B2ACC;0x1B297C;0x1B2ACC;0x1B2ACC;0x1B2ACC;0x1B2ACC
FN_libARSPM_003E26A8,0x3E26A8,sub_3E26A8,0x3C65C8;0x3C65C8;0x3C6FB8;0x3C6FB8;0x3DE6B8;0x3DE6B8;0x3E0550,0x1BF1EC;0x268CD8;0x269DD0;0x268A2C;0x2B93F8
FN_libARSPM_003E27FC,0x3E27FC,sub_3E27FC,0x3C65C8;0x3C65C8;0x3C6FB8;0x3C6FB8;0x3DE6B8;0x3DE6B8;0x3E0550,0x207B3C;0x207B3C;0x207B3C;0x266704;0x2666F8
FN_libARSPM_003E2A88,0x3E2A88,sub_3E2A88,0x3C65C8;0x3C6FB8;0x3DE6B8;0x3DE6B8,0x284518;0x284518;0x266704;0x2666F8
FN_libARSPM_003E2C4C,0x3E2C4C,sub_3E2C4C,0x3E36D8,0x148488;0x1D5604;0x266704;0x3E3874;0x1348D0;0x2666F8;0x14857C;0x4ECA80;0x1D4F10;0x4ECB10
FN_libARSPM_003E3360,0x3E3360,sub_3E3360,,0x213EC0
FN_libARSPM_003E3458,0x3E3458,sub_3E3458,,0x214474
FN_libARSPM_003E3534,0x3E3534,sub_3E3534,,0x214224;0x214474
FN_libARSPM_003E36D8,0x3E36D8,sub_3E36D8,,0x3E2C4C
FN_libARSPM_003E372C,0x3E372C,sub_3E372C,,0x2666F8
FN_libARSPM_003E37C0,0x3E37C0,sub_3E37C0,,0x2666F8;0x213674
FN_libARSPM_003E3874,0x3E3874,sub_3E3874,0x3E2C4C;0x3E3874,0x3E3874
FN_libARSPM_003E3B0C,0x3E3B0C,sub_3E3B0C,0x3E4E0C,0x414E54;0x417238;0x415688;0x415688;0x415688;0x3E3CD8
FN_libARSPM_003E3CD8,0x3E3CD8,sub_3E3CD8,0x3E3B0C,0x415130;0x421A34;0x414FEC;0x417510;0x414FEC;0x417570;0x421A5C;0x3E4648;0x415200;0x417540
FN_libARSPM_003E421C,0x3E421C,sub_3E421C,0x3E542C;0x3E5560;0x3E586C;0x3E5AC0,0x414E54;0x415688;0x4224A8;0x415688;0x415688
FN_libARSPM_003E43D4,0x3E43D4,sub_3E43D4,0x3E4A08,0x4151C8;0x415230;0x214890;0x218DC4;0x4ECB10
FN_libARSPM_003E4624,0x3E4624,sub_3E4624,0x3E2C4C,0x4103F8
FN_libARSPM_003E4648,0x3E4648,sub_3E4648,0x3E3CD8,0x4150E0;0x148194;0x3E5DF8;0x4ECB10;0x14803C;0x148054;0x4ECB10;0x14803C;0x148054;0x414FEC
FN_libARSPM_003E4914,0x3E4914,sub_3E4914,0x3E4F78;0x3E5048,
FN_libARSPM_003E4924,0x3E4924,sub_3E4924,,0x14E8AC;0x2666F8
FN_libARSPM_003E4A08,0x3E4A08,sub_3E4A08,0x3E4F78;0x3E5048,0x414E54;0x4172C0;0x3E43D4;0x3E4B3C
FN_libARSPM_003E4B3C,0x3E4B3C,sub_3E4B3C,0x3E4A08;0x3E4D3C,0x167D08;0x167EC8;0x167D50;0x167CB0;0x167DE0;0x167CB0;0x167E80;0x167D50;0x167CB0;0x167DE0
FN_libARSPM_003E4D3C,0x3E4D3C,sub_3E4D3C,,0x3E4B3C
FN_libARSPM_003E4D7C,0x3E4D7C,sub_3E4D7C,,0x417308;0x3E4E0C
FN_libARSPM_003E4E0C,0x3E4E0C,sub_3E4E0C,0x3E4D7C;0x3E512C;0x3E51D0,0x417264;0x4142D8;0x41076C;0x414E54;0x42178C;0x421A24;0x3E3B0C;0x417308
FN_libARSPM_003E4F78,0x3E4F78,sub_3E4F78,,0x3E4A08;0x3E4914
FN_libARSPM_003E5048,0x3E5048,sub_3E5048,,0x3E4A08;0x3E4914
FN_libARSPM_003E512C,0x3E512C,sub_3E512C,0x3E2C4C,0x3E4E0C
FN_libARSPM_003E51AC,0x3E51AC,sub_3E51AC,,0x4103F8
FN_libARSPM_003E51D0,0x3E51D0,sub_3E51D0,,0x3E4E0C
FN_libARSPM_003E533C,0x3E533C,sub_3E533C,0x3E5408;0x3E5828,0x417308;0x2666F8;0x4ECB10;0x4ECB10
FN_libARSPM_003E5408,0x3E5408,sub_3E5408,,0x3E533C
FN_libARSPM_003E542C,0x3E542C,sub_3E542C,,0x417238;0x3E421C
FN_libARSPM_003E54E8,0x3E54E8,sub_3E54E8,,0x417238
FN_libARSPM_003E5560,0x3E5560,sub_3E5560,,0x3E421C
FN_libARSPM_003E55F8,0x3E55F8,sub_3E55F8,,0x417258
FN_libARSPM_003E5624,0x3E5624,sub_3E5624,,0x21B764;0x21B764;0x214890
FN_libARSPM_003E56BC,0x3E56BC,sub_3E56BC,,0x417258
FN_libARSPM_003E56E8,0x3E56E8,sub_3E56E8,,0x21B764;0x21B764;0x214890;0x414E54
FN_libARSPM_003E5800,0x3E5800,sub_3E5800,,0x2666F8
FN_libARSPM_003E5828,0x3E5828,sub_3E5828,,0x2666F8;0x3E533C
FN_libARSPM_003E586C,0x3E586C,sub_3E586C,,0x415008;0x14E8AC;0x2666F8;0x417238;0x3E421C;0x214890;0x21B764;0x21B764
FN_libARSPM_003E5A0C,0x3E5A0C,sub_3E5A0C,,0x415008;0x14E8AC;0x2666F8;0x417238
FN_libARSPM_003E5AC0,0x3E5AC0,sub_3E5AC0,,0x3E421C;0x21B764;0x21B764;0x214890
FN_libARSPM_003E5C64,0x3E5C64,sub_3E5C64,,0x417258
FN_libARSPM_003E5CA0,0x3E5CA0,sub_3E5CA0,,0x417224;0x414E54
FN_libARSPM_003E5D98,0x3E5D98,sub_3E5D98,,0x414E54
FN_libARSPM_003E5DB8,0x3E5DB8,sub_3E5DB8,,0x4152C0
FN_libARSPM_003E5DF8,0x3E5DF8,sub_3E5DF8,0x3E4648;0x3E5EE4,0x3EA2AC
FN_libARSPM_003E5E9C,0x3E5E9C,sub_3E5E9C,0x3E4648,
FN_libARSPM_003E5EE4,0x3E5EE4,sub_3E5EE4,0x3E725C,0x148488;0x1D5604;0x42F560;0x42F8D4;0x42F8D4;0x42FA1C;0x148194;0x3E5DF8;0x4ECB10;0x14803C
FN_libARSPM_003E634C,0x3E634C,sub_3E634C,0x3E5EE4,0x4ECB10;0x14803C;0x148054
FN_libARSPM_003E63AC,0x3E63AC,sub_3E63AC,0x3E5EE4,0x4ECB10;0x14803C;0x148054
FN_libARSPM_003E64B0,0x3E64B0,sub_3E64B0,,0x42F8D4;0x42F8D4
FN_libARSPM_003E64F4,0x3E64F4,sub_3E64F4,,0x42F8D4;0x42F8D4;0x214A64;0x42FA18;0x42F944;0x3E7604;0x42FA18;0x3E75E0
FN_libARSPM_003E6830,0x3E6830,sub_3E6830,,0x2149F4
FN_libARSPM_003E6860,0x3E6860,sub_3E6860,,0x42F028;0x42F944;0x214FEC;0x1B5FF0;0x1B5FF0;0x167D08;0x167E80;0x167D50;0x167CB0;0x167DE0
FN_libARSPM_003E7020,0x3E7020,sub_3E7020,0x3E6860;0x3E6860,0x1AD838;0x14119C;0x1AEEF4;0x1AE20C;0x1AD854;0x1AD854;0x1AFA70;0x1B07A0;0x1416F0;0x1AD854
FN_libARSPM_003E7174,0x3E7174,sub_3E7174,0x3E5EE4,0x2135E4
FN_libARSPM_003E725C,0x3E725C,sub_3E725C,,0x3E5EE4
FN_libARSPM_003E73B0,0x3E73B0,sub_3E73B0,,0x4ECB10;0x14803C;0x148054;0x42F87C
FN_libARSPM_003E7468,0x3E7468,sub_3E7468,,0x4ECB10;0x14803C;0x148054;0x42F87C;0x213674
FN_libARSPM_003E75E0,0x3E75E0,sub_3E75E0,0x3E64F4;0x3E7604,0x15E638
FN_libARSPM_003E7604,0x3E7604,sub_3E7604,0x3E64F4,0x3E75E0;0x15E650
FN_libARSPM_003E77C0,0x3E77C0,sub_3E77C0,0x3E5EE4,
FN_libARSPM_003E7834,0x3E7834,sub_3E7834,0x3E7848;0x3E7848,
FN_libARSPM_003E7848,0x3E7848,sub_3E7848,,0x3E7834;0x3E7834
FN_libARSPM_003E7B44,0x3E7B44,sub_3E7B44,,0x3E7BE8;0x3E8890;0x3E8494
FN_libARSPM_003E7BE8,0x3E7BE8,sub_3E7BE8,0x3E7B44,
FN_libARSPM_003E7C04,0x3E7C04,sub_3E7C04,,0x3E7DEC;0x3E7F44;0x3E81DC;0x3E807C
FN_libARSPM_003E7D60,0x3E7D60,sub_3E7D60,,0x3E8890;0x3E8494
FN_libARSPM_003E7DEC,0x3E7DEC,sub_3E7DEC,0x3E7C04;0x3E8A34,0x3E8CBC;0x457CF8
FN_libARSPM_003E7F44,0x3E7F44,sub_3E7F44,0x3E7C04;0x3E8A34,0x456B24;0x457CC0;0x457CC0
FN_libARSPM_003E807C,0x3E807C,sub_3E807C,0x3E7C04,
FN_libARSPM_003E8194,0x3E8194,sub_3E8194,,0x214FEC
FN_libARSPM_003E81DC,0x3E81DC,sub_3E81DC,0x3E7C04,0x266704
FN_libARSPM_003E8494,0x3E8494,sub_3E8494,0x3E7B44;0x3E7D60,0x3E8890;0x214FEC;0x457BC0;0x131100;0x167D08;0x167E80;0x167D50;0x167CB0;0x167CB0;0x167CB0
FN_libARSPM_003E8890,0x3E8890,sub_3E8890,0x3E7B44;0x3E7D60;0x3E8494,0x455A34;0x457CC0;0x457CC0
FN_libARSPM_003E89D8,0x3E89D8,sub_3E89D8,,0x3E8A34;0x457CC0
FN_libARSPM_003E8A34,0x3E8A34,sub_3E8A34,0x3E89D8,0x3E7DEC;0x3E9378;0x214A64;0x3E7F44
FN_libARSPM_003E8C50,0x3E8C50,sub_3E8C50,,0x2149F4
FN_libARSPM_003E8C8C,0x3E8C8C,sub_3E8C8C,,0x457C38
FN_libARSPM_003E8CBC,0x3E8CBC,sub_3E8CBC,0x3E7DEC;0x3E8E50,0x458240;0x4580DC;0x457D90;0x457144
FN_libARSPM_003E8E50,0x3E8E50,sub_3E8E50,0x3E9208,0x1D5604;0x1D4E04;0x4ECB10;0x14803C;0x148054;0x4ECB10;0x14803C;0x148054;0x458240;0x266704
FN_libARSPM_003E9208,0x3E9208,sub_3E9208,,0x3E8E50
FN_libARSPM_003E92EC,0x3E92EC,sub_3E92EC,,0x213674
FN_libARSPM_003E9378,0x3E9378,sub_3E9378,0x3E8A34,0x3E9548;0x15E650
FN_libARSPM_003E9548,0x3E9548,sub_3E9548,0x3E9378,0x15E638
FN_libARSPM_003E955C,0x3E955C,sub_3E955C,0x3ECCF8,
FN_libARSPM_003E9668,0x3E9668,sub_3E9668,0x14619C;0x146A7C;0x1AECBC;0x2D0CF8;0x2D0CF8;0x2D0FD0;0x2D0FD0;0x2D1A64;0x2D1A64,
FN_libARSPM_003E970C,0x3E970C,sub_3E970C,0x3ECCF8,
FN_libARSPM_003E9824,0x3E9824,sub_3E9824,0x147628;0x147628;0x147628;0x147628;0x147628;0x147628;0x3EA000;0x3EA000;0x3EA000;0x3EA000,
FN_libARSPM_003EA000,0x3EA000,sub_3EA000,0x3EC50C;0x3EC50C;0x3EC50C,0x3E9824;0x3E9824;0x3E9824;0x3E9824
FN_libARSPM_003EA230,0x3EA230,sub_3EA230,0x3EA2AC;0x3EA2AC;0x3EA2AC;0x3EA2AC;0x3EA2AC;0x3EA2AC;0x3EA2AC;0x3EA2AC;0x3EA2AC,
FN_libARSPM_003EA2AC,0x3EA2AC,sub_3EA2AC,0x3E5DF8,0x3EA230;0x3EA7EC;0x3EA230;0x3EA230;0x3EA230;0x3EA7EC;0x3EA7EC;0x3EA7EC;0x3EA230;0x3EA230
FN_libARSPM_003EA7EC,0x3EA7EC,sub_3EA7EC,0x3EA2AC;0x3EA2AC;0x3EA2AC;0x3EA2AC;0x3EAC18;0x3EAC18;0x3EAC18;0x3EB804;0x3EB804;0x3EB804,
FN_libARSPM_003EAB1C,0x3EAB1C,sub_3EAB1C,0x3EA2AC,
FN_libARSPM_003EAC18,0x3EAC18,sub_3EAC18,0x3EA2AC,0x3EA7EC;0x3EA7EC;0x3EA7EC;0x3EE04C;0x3ED210;0x3ED210;0x3ED210;0x3ED210;0x3ED210;0x3ED210
FN_libARSPM_003EB804,0x3EB804,sub_3EB804,0x3EA2AC,0x3EA7EC;0x3EA7EC;0x3EA7EC;0x3EE04C;0x3ED210;0x3ED210;0x3ED210;0x3ED210;0x3ED210;0x3ED210
FN_libARSPM_003EC34C,0x3EC34C,sub_3EC34C,0x146AC0;0x146B94;0x146E24;0x213CB4;0x213CB4;0x3E4648,
FN_libARSPM_003EC358,0x3EC358,sub_3EC358,0x1AE20C;0x1AEF00;0x1EE054;0x2D32B4;0x3E4648,
FN_libARSPM_003EC364,0x3EC364,sub_3EC364,0x146AC0;0x146B94;0x146E24;0x1AFA7C;0x2D32B4;0x2D44D0,
FN_libARSPM_003EC370,0x3EC370,sub_3EC370,0x146E24;0x213CB4,
FN_libARSPM_003EC378,0x3EC378,sub_3EC378,,0x3ED49C;0x3ED49C
FN_libARSPM_003EC4E0,0x3EC4E0,sub_3EC4E0,0x214890,0x3ED49C
FN_libARSPM_003EC508,0x3EC508,sub_3EC508,0x146E24,
FN_libARSPM_003EC50C,0x3EC50C,sub_3EC50C,,0x3EA000;0x3EA000;0x3EA000
FN_libARSPM_003EC580,0x3EC580,sub_3EC580,0x3EC948,
FN_libARSPM_003EC7E4,0x3EC7E4,sub_3EC7E4,0x3EC948,
FN_libARSPM_003EC844,0x3EC844,sub_3EC844,0x146B94;0x3EC948;0x3EC948;0x3ED49C,
FN_libARSPM_003EC948,0x3EC948,sub_3EC948,0x3E4648,0x3ECB2C;0x3EC7E4;0x3EC844;0x3EC580;0x3EC844
FN_libARSPM_003ECB2C,0x3ECB2C,sub_3ECB2C,0x146AC0;0x146AC0;0x146B94;0x146B94;0x146E24;0x3EC948;0x3ED49C,
FN_libARSPM_003ECCF8,0x3ECCF8,sub_3ECCF8,0x146AC0;0x146B94;0x3ED49C;0x3ED49C;0x3ED49C,0x3E9824;0x3E955C;0x3E970C
FN_libARSPM_003ED210,0x3ED210,sub_3ED210,0x3EAC18;0x3EAC18;0x3EAC18;0x3EAC18;0x3EAC18;0x3EAC18;0x3EAC18;0x3EAC18;0x3EAC18;0x3EAC18,0x3E9824;0x3E9824
FN_libARSPM_003ED49C,0x3ED49C,sub_3ED49C,0x3EC378;0x3EC378;0x3EC4E0,0x3EDEAC;0x3ECCF8;0x3ECCF8;0x3ECCF8;0x3ECB2C;0x3EDEAC;0x3EDEAC;0x3EDEAC;0x3EDEAC;0x3EDEAC
FN_libARSPM_003EDEAC,0x3EDEAC,sub_3EDEAC,0x3ED49C;0x3ED49C;0x3ED49C;0x3ED49C;0x3ED49C;0x3ED49C;0x3ED49C;0x3ED49C;0x3ED49C;0x3ED49C,
FN_libARSPM_003EE04C,0x3EE04C,sub_3EE04C,0x3EAC18;0x3EAC18;0x3EB804;0x3EB804,0x3EA7EC
FN_libARSPM_003EE10C,0x3EE10C,sub_3EE10C,0x3ED49C;0x3ED49C,0x3F0E6C;0x3F0E6C
FN_libARSPM_003F0E6C,0x3F0E6C,sub_3F0E6C,0x3EE10C;0x3EE10C,
FN_libARSPM_003F1550,0x3F1550,sub_3F1550,0x38AAF8;0x38B408,0x1563CC;0x156714
FN_libARSPM_003F1654,0x3F1654,sub_3F1654,,0x2666F8
FN_libARSPM_003F1688,0x3F1688,sub_3F1688,,0x2666F8;0x1563F8
FN_libARSPM_003F16C4,0x3F16C4,sub_3F16C4,0x38B408;0x38B408;0x38B408;0x38B408,0x3F1EF0;0x266704;0x1B6044
FN_libARSPM_003F1814,0x3F1814,sub_3F1814,0x38AAF8,
FN_libARSPM_003F181C,0x3F181C,sub_3F181C,,0x1B6044
FN_libARSPM_003F1A08,0x3F1A08,sub_3F1A08,0x38B408;0x38B90C;0x38B90C;0x38B90C;0x38B90C,0x156714
FN_libARSPM_003F1AB4,0x3F1AB4,sub_3F1AB4,0x327E24;0x342848,
FN_libARSPM_003F1AD4,0x3F1AD4,sub_3F1AD4,0x33C2BC;0x33C39C,
FN_libARSPM_003F1D08,0x3F1D08,sub_3F1D08,0x32CC0C;0x32CC0C;0x32CC0C;0x32CC0C;0x32CDBC;0x32CEF4;0x32CEF4;0x32D17C,
FN_libARSPM_003F1D30,0x3F1D30,sub_3F1D30,0x32CC0C;0x32CDBC;0x32CEF4;0x32D17C,
FN_libARSPM_003F1D40,0x3F1D40,sub_3F1D40,0x316088,
FN_libARSPM_003F1D5C,0x3F1D5C,sub_3F1D5C,0x316088,0x134F28;0x168208;0x135374;0x167CB0;0x1356F8;0x1361AC
FN_libARSPM_003F1EF0,0x3F1EF0,sub_3F1EF0,0x3F16C4,
FN_libARSPM_003F1F10,0x3F1F10,sub_3F1F10,,0x3F20CC
FN_libARSPM_003F20CC,0x3F20CC,sub_3F20CC,0x3F1F10,0x156760;0x156544;0x156544
FN_libARSPM_003F2244,0x3F2244,sub_3F2244,,0x1563F8
FN_libARSPM_003F226C,0x3F226C,sub_3F226C,,0x156714
FN_libARSPM_003F22DC,0x3F22DC,sub_3F22DC,0x2F9780;0x2F983C;0x30C164;0x30F220,0x4ECA80;0x2CFAA0;0x2666C0
FN_libARSPM_003F2320,0x3F2320,sub_3F2320,0x2DE0FC;0x2E23CC;0x2E435C;0x2E4B0C;0x2E563C;0x2F3F74;0x30C02C;0x315260;0x3155FC;0x32A0E4,0x4ECA80;0x2CFAA0;0x2666C0
FN_libARSPM_003F2364,0x3F2364,sub_3F2364,0x2DE0FC;0x2E23CC;0x2E435C;0x2E4B0C;0x2E563C;0x2F3F74;0x2F9780;0x2F983C;0x30C02C;0x30C164,
FN_libARSPM_003F23C8,0x3F23C8,sub_3F23C8,,0x3E1C44;0x3E1B68
FN_libARSPM_003F24A4,0x3F24A4,sub_3F24A4,0x2D32B4;0x2D32B4;0x2D32B4;0x2D44D0,0x3F2580;0x1D93F8;0x1AD8F0
FN_libARSPM_003F2580,0x3F2580,sub_3F2580,0x2F2ADC;0x3144A8;0x3144A8;0x3426C8;0x342934;0x3F24A4,0x1D8FB8
FN_libARSPM_003F2620,0x3F2620,sub_3F2620,0x326330,0x3F2804;0x14E918;0x14E918;0x3F2804;0x14E918
FN_libARSPM_003F2804,0x3F2804,sub_3F2804,0x3F2620;0x3F2620,0x1734FC;0x1726D8;0x173B3C;0x172690;0x174980;0x1B62D8;0x1B5FF0
FN_libARSPM_003F2954,0x3F2954,sub_3F2954,0x2E8974;0x326330,0x173384;0x1B62D8;0x174980
FN_libARSPM_003F2B94,0x3F2B94,sub_3F2B94,0x2E8974;0x326330,0x1734FC;0x1752EC
FN_libARSPM_003F2BF0,0x3F2BF0,sub_3F2BF0,0x326330,
FN_libARSPM_003F2DCC,0x3F2DCC,sub_3F2DCC,,0x3F2DFC
FN_libARSPM_003F2DFC,0x3F2DFC,sub_3F2DFC,0x3F2DCC;0x3F3238,0x1348D0;0x2666F8;0x1348D0;0x2666F8;0x1349B8;0x1348D0;0x2666F8;0x1349B8;0x1348D0;0x2666F8
FN_libARSPM_003F3238,0x3F3238,sub_3F3238,,0x3F2DFC
FN_libARSPM_003F32F4,0x3F32F4,sub_3F32F4,0x394E98;0x395458,0x18D2E0;0x18DFDC;0x1349B8;0x1348D0;0x2666F8;0x18F3F0;0x18EFE0;0x1349B8;0x1348D0;0x2666F8
FN_libARSPM_003F42F8,0x3F42F8,sub_3F42F8,0x3AF1C4,
FN_libARSPM_003F44D4,0x3F44D4,sub_3F44D4,0x3F46DC;0x3F46DC,0x1C06F8;0x1C07F4
FN_libARSPM_003F4674,0x3F4674,sub_3F4674,0x360018,0x3F46DC
FN_libARSPM_003F46DC,0x3F46DC,sub_3F46DC,0x3F4674,0x3F44D4;0x3F44D4
FN_libARSPM_003F4720,0x3F4720,sub_3F4720,0x3F85B8;0x3FCAA4;0x3FCC70,0x3F6838;0x1F56FC;0x3F4E34
FN_libARSPM_003F4884,0x3F4884,sub_3F4884,0x3F6AEC;0x3F6BF8;0x3F6D8C,0x1D7E30;0x1F5944;0x1B295C;0x1B2CA8;0x1B295C;0x1B295C;0x1B295C;0x3F6838;0x1B2B40;0x1F56FC
FN_libARSPM_003F4B20,0x3F4B20,sub_3F4B20,0x3FBC4C,0x1F5910
FN_libARSPM_003F4B8C,0x3F4B8C,sub_3F4B8C,0x3F6AEC;0x3F6BF8;0x3F6D8C;0x3FA850;0x3FA89C;0x3FAD44;0x3FAE8C;0x3FAED0;0x3FB69C;0x3FB814,
FN_libARSPM_003F4B98,0x3F4B98,sub_3F4B98,0x3B4E64,0x1F5774;0x3F5CF8;0x4ECB10;0x1416F0;0x1D7364;0x4ECB10;0x1416F0;0x1D7364;0x3F5F14;0x1F5880
FN_libARSPM_003F4D24,0x3F4D24,sub_3F4D24,0x3F4884,0x1F56FC;0x1348D0;0x2666F8
FN_libARSPM_003F4E34,0x3F4E34,sub_3F4E34,0x3F4720;0x3F4884,0x2CFAA0;0x2666C0
FN_libARSPM_003F4E68,0x3F4E68,sub_3F4E68,,0x16A684;0x38FF18;0x390D7C;0x391068
FN_libARSPM_003F4FFC,0x3F4FFC,sub_3F4FFC,0x3F85B8,
FN_libARSPM_003F5070,0x3F5070,sub_3F5070,0x300F9C,
FN_libARSPM_003F50A0,0x3F50A0,sub_3F50A0,,0x3F50AC
FN_libARSPM_003F50AC,0x3F50AC,sub_3F50AC,0x3F50A0,0x2CFAA0;0x2666C0
FN_libARSPM_003F50D8,0x3F50D8,sub_3F50D8,0x3FCEAC,0x1726AC;0x1726AC;0x1726AC
FN_libARSPM_003F5230,0x3F5230,sub_3F5230,0x3F85B8,0x1726AC;0x1726AC
FN_libARSPM_003F5360,0x3F5360,sub_3F5360,0x3F85B8,0x15F178;0x4ECA80;0x15E7C4;0x15E7B4;0x15E740;0x15E7BC;0x15E754;0x4ECA80;0x4ECB10
FN_libARSPM_003F5504,0x3F5504,sub_3F5504,,0x175418
FN_libARSPM_003F5538,0x3F5538,sub_3F5538,0x3FB32C,
FN_libARSPM_003F557C,0x3F557C,sub_3F557C,0x3F6BF8,0x1B2C54;0x1B2C54
FN_libARSPM_003F55B8,0x3F55B8,sub_3F55B8,0x1F7464,
FN_libARSPM_003F55C0,0x3F55C0,sub_3F55C0,0x3F55E0;0x3F58E0,0x4ECB10
FN_libARSPM_003F55E0,0x3F55E0,sub_3F55E0,,0x18CC00;0x3F7570;0x1B3328;0x1B295C;0x18CD84;0x1B2FD0;0x3F75CC;0x3F57EC;0x3F76B0;0x3F55C0
FN_libARSPM_003F57EC,0x3F57EC,sub_3F57EC,0x3F55E0;0x3F58E0,0x3F6938;0x3F6804;0x3F5B90;0x3F5BE8;0x3F5BBC
FN_libARSPM_003F58E0,0x3F58E0,sub_3F58E0,0x2DB6C4;0x2DB918,0x3F78CC;0x3F57EC;0x172A64;0x1E98D8;0x3F85B8;0x3F55C0;0x18B8BC;0x4ECB10;0x3F6804
FN_libARSPM_003F5AB8,0x3F5AB8,sub_3F5AB8,,0x18B9C0
FN_libARSPM_003F5B04,0x3F5B04,sub_3F5B04,,0x18B9C0;0x3F6804
FN_libARSPM_003F5B90,0x3F5B90,sub_3F5B90,0x3F57EC,0x2CFAA0;0x2666C0
FN_libARSPM_003F5BBC,0x3F5BBC,sub_3F5BBC,0x3F57EC,0x2CFAA0;0x2666C0
FN_libARSPM_003F5BE8,0x3F5BE8,sub_3F5BE8,0x3F57EC;0x3F6838;0x3FD638,0x2CFAA0;0x2666C0
FN_libARSPM_003F5C14,0x3F5C14,sub_3F5C14,0x2D4BCC;0x2D506C,0x3F6134;0x3F6134;0x3F6134
FN_libARSPM_003F5C90,0x3F5C90,sub_3F5C90,0x2D4ED4,0x3F6134;0x3F6134
FN_libARSPM_003F5CF8,0x3F5CF8,sub_3F5CF8,0x3F4B98,0x1C3324;0x4ECA80;0x1D72B4;0x14119C;0x4ECA80;0x3F6208;0x3F6348;0x4ECB10;0x1416F0;0x1D7364
FN_libARSPM_003F5F14,0x3F5F14,sub_3F5F14,0x3F4B98,0x14130C;0x3F6028
FN_libARSPM_003F6028,0x3F6028,sub_3F6028,0x3F5F14,0x3F64C8
FN_libARSPM_003F6134,0x3F6134,sub_3F6134,0x3F5C14;0x3F5C14;0x3F5C14;0x3F5C90;0x3F5C90;0x3F6208;0x3F6208,
FN_libARSPM_003F6138,0x3F6138,sub_3F6138,,0x1D7364;0x4ECB10;0x1416F0
FN_libARSPM_003F6208,0x3F6208,sub_3F6208,0x3F5CF8,0x3F6134;0x3F6348;0x3F6134
FN_libARSPM_003F6348,0x3F6348,sub_3F6348,0x3F5CF8;0x3F6208,0x1C3324;0x4ECB10;0x1416F0;0x1D7364
FN_libARSPM_003F64C8,0x3F64C8,sub_3F64C8,0x3F6028,
FN_libARSPM_003F66B0,0x3F66B0,sub_3F66B0,0x3F6938,0x3F6A68;0x3F6A94;0x3F67AC;0x3F67D8
FN_libARSPM_003F67AC,0x3F67AC,sub_3F67AC,0x3F66B0,0x2CFAA0;0x2666C0
FN_libARSPM_003F67D8,0x3F67D8,sub_3F67D8,0x3F66B0;0x3F69CC,0x2CFAA0;0x2666C0
FN_libARSPM_003F6804,0x3F6804,sub_3F6804,0x2EC328;0x2FF8A0;0x2FFAF4;0x3022CC;0x302334;0x3023B0;0x302420;0x310AB8;0x310B30;0x310BBC,
FN_libARSPM_003F6838,0x3F6838,sub_3F6838,0x3F4720;0x3F4884;0x3F6BF8;0x3F6D8C;0x3F6ECC;0x3F6ECC;0x3F7268;0x3F7268;0x3F76B0;0x3F85B8,0x3F5BE8
FN_libARSPM_003F6938,0x3F6938,sub_3F6938,0x3F57EC;0x3FD638,0x3F66B0;0x3F6974;0x3F69A0
FN_libARSPM_003F6974,0x3F6974,sub_3F6974,0x3F6938,0x2CFAA0;0x2666C0
FN_libARSPM_003F69A0,0x3F69A0,sub_3F69A0,0x3F6938,0x2CFAA0;0x2666C0
FN_libARSPM_003F69CC,0x3F69CC,sub_3F69CC,0x2FFAF4;0x324F98;0x35B76C,0x3F6A68;0x3F6A94;0x3F67D8
FN_libARSPM_003F6A68,0x3F6A68,sub_3F6A68,0x3F66B0;0x3F69CC,0x2CFAA0;0x2666C0
FN_libARSPM_003F6A94,0x3F6A94,sub_3F6A94,0x3F66B0;0x3F69CC,0x2CFAA0;0x2666C0
FN_libARSPM_003F6AEC,0x3F6AEC,sub_3F6AEC,,0x3FF9F4;0x1B295C;0x3F4884;0x1B295C;0x3F4B8C;0x1B295C;0x3FA540;0x3FA3B0
FN_libARSPM_003F6BF8,0x3F6BF8,sub_3F6BF8,,0x1B2BF8;0x1B2BF8;0x3F557C;0x3FF9F4;0x1B295C;0x1B295C;0x3F4884;0x1B295C;0x3F4B8C;0x1B295C
FN_libARSPM_003F6D8C,0x3F6D8C,sub_3F6D8C,,0x3FF9F4;0x1B295C;0x3F4884;0x1B295C;0x3F4B8C;0x1B295C;0x3FA540;0x1B2ACC;0x3F6838;0x3FB92C
FN_libARSPM_003F6ECC,0x3F6ECC,sub_3F6ECC,,0x1D7E30;0x1F5944;0x1B295C;0x1B2BF8;0x1B2C54;0x1B295C;0x1B295C;0x3F6838;0x1F56FC;0x18D3DC
FN_libARSPM_003F7268,0x3F7268,sub_3F7268,,0x1D7E30;0x1F5944;0x1B295C;0x1B2C54;0x1B295C;0x1B295C;0x3F6838;0x1F56FC;0x3FA2B0;0x1B295C
FN_libARSPM_003F7570,0x3F7570,sub_3F7570,0x3F55E0,
FN_libARSPM_003F75CC,0x3F75CC,sub_3F75CC,0x3F55E0,0x1B2BF8
FN_libARSPM_003F76B0,0x3F76B0,sub_3F76B0,0x3F55E0,0x1B3158;0x3F6838;0x1B2BF8;0x1B2BF8;0x1B295C;0x1B295C;0x1B295C;0x1B295C
FN_libARSPM_003F78CC,0x3F78CC,sub_3F78CC,0x3F58E0;0x3FD520,
FN_libARSPM_003F798C,0x3F798C,sub_3F798C,0x3F85B8,0x1F5A70;0x1738A8;0x1F5A84
FN_libARSPM_003F7C28,0x3F7C28,sub_3F7C28,0x3F85B8,0x172BE0;0x1F5A70;0x1738A8;0x1F5A84
FN_libARSPM_003F7F60,0x3F7F60,sub_3F7F60,0x3F85B8,0x1F5A70;0x1738A8;0x1F5A84
FN_libARSPM_003F8220,0x3F8220,sub_3F8220,0x3F85B8,0x1F5A70;0x1F5A84
FN_libARSPM_003F83EC,0x3F83EC,sub_3F83EC,0x3F85B8,0x1F5A70;0x1F5A84
FN_libARSPM_003F85B8,0x3F85B8,sub_3F85B8,0x3F58E0;0x3FD520,0x3F6838;0x1E98D8;0x1348D0;0x2666F8;0x1348D0;0x2666F8;0x1348D0;0x2666F8;0x1348D0;0x2666F8
FN_libARSPM_003F9FD0,0x3F9FD0,sub_3F9FD0,0x3F85B8,0x1D7424;0x1D7A84;0x1F5A70;0x1F5A84;0x4ECB10;0x1D7364
FN_libARSPM_003FA0F0,0x3FA0F0,sub_3FA0F0,0x2DB6C4;0x2DB9A8;0x3FD7D0,0x4ECA80;0x4ECB10
FN_libARSPM_003FA2B0,0x3FA2B0,sub_3FA2B0,0x3F6ECC;0x3F7268;0x3FF9F4,0x1B3D70;0x1B295C;0x3FCE80;0x1B295C;0x3F6838;0x1B3B54
FN_libARSPM_003FA3B0,0x3FA3B0,sub_3FA3B0,0x3F6AEC;0x3FCAA4,0x3F6838;0x1F56FC;0x1348D0;0x2666F8
FN_libARSPM_003FA540,0x3FA540,sub_3FA540,0x3F6AEC;0x3F6BF8;0x3F6D8C,0x2666F8;0x4ECB10;0x1416F0;0x1D7364
FN_libARSPM_003FA61C,0x3FA61C,sub_3FA61C,0x3FA710;0x3FAE5C,0x2666F8;0x4ECB10;0x1416F0;0x1D7364
FN_libARSPM_003FA710,0x3FA710,sub_3FA710,,0x3FA61C
FN_libARSPM_003FA734,0x3FA734,sub_3FA734,,0x4ECB10;0x167C58
FN_libARSPM_003FA7E4,0x3FA7E4,sub_3FA7E4,,0x400930
FN_libARSPM_003FA820,0x3FA820,sub_3FA820,,0x3FFB1C
FN_libARSPM_003FA850,0x3FA850,sub_3FA850,,0x3F4B8C
FN_libARSPM_003FA89C,0x3FA89C,sub_3FA89C,,0x172A64;0x400930;0x3169C8;0x316028;0x324F98;0x4ECB10;0x3F6804;0x1416F0;0x35F6AC;0x40091C
FN_libARSPM_003FAD44,0x3FAD44,sub_3FAD44,,0x172A64;0x3F4B8C;0x3FFDC0
FN_libARSPM_003FADF0,0x3FADF0,sub_3FADF0,,0x167C58
FN_libARSPM_003FAE5C,0x3FAE5C,sub_3FAE5C,,0x3FA61C
FN_libARSPM_003FAE8C,0x3FAE8C,sub_3FAE8C,,0x3F4B8C
FN_libARSPM_003FAED0,0x3FAED0,sub_3FAED0,,0x172A64;0x3F4B8C;0x3FFDC0
FN_libARSPM_003FAF7C,0x3FAF7C,sub_3FAF7C,,0x167C58
FN_libARSPM_003FAFE8,0x3FAFE8,sub_3FAFE8,0x3F6BF8;0x3F85B8,0x1F56FC;0x1348D0;0x2666F8
FN_libARSPM_003FB13C,0x3FB13C,sub_3FB13C,0x3FB230;0x3FB7B4,0x2666F8;0x4ECB10;0x1416F0;0x1D7364
FN_libARSPM_003FB230,0x3FB230,sub_3FB230,,0x3FB13C
FN_libARSPM_003FB254,0x3FB254,sub_3FB254,,0x4ECB10;0x167C58
FN_libARSPM_003FB32C,0x3FB32C,sub_3FB32C,,0x3F5538;0x3FFB1C
FN_libARSPM_003FB3CC,0x3FB3CC,sub_3FB3CC,,0x316028;0x2D0AF0;0x172858;0x1726D8;0x1726AC;0x324F98;0x4ECB10;0x3F6804;0x1416F0;0x35F6AC
FN_libARSPM_003FB69C,0x3FB69C,sub_3FB69C,,0x172A64;0x3F4B8C;0x3FFDC0
FN_libARSPM_003FB748,0x3FB748,sub_3FB748,,0x167C58
FN_libARSPM_003FB7B4,0x3FB7B4,sub_3FB7B4,,0x3FB13C
FN_libARSPM_003FB814,0x3FB814,sub_3FB814,,0x172A64;0x3F4B8C;0x3FFDC0
FN_libARSPM_003FB8C0,0x3FB8C0,sub_3FB8C0,,0x167C58
FN_libARSPM_003FB92C,0x3FB92C,sub_3FB92C,0x3F6D8C;0x3FCC70,0x1F56FC;0x1348D0;0x2666F8
FN_libARSPM_003FBA6C,0x3FBA6C,sub_3FBA6C,0x3FBB60;0x3FC020,0x2666F8;0x4ECB10;0x1416F0;0x1D7364
FN_libARSPM_003FBB60,0x3FBB60,sub_3FBB60,,0x3FBA6C
FN_libARSPM_003FBB84,0x3FBB84,sub_3FBB84,,0x4ECB10;0x167C58
FN_libARSPM_003FBC4C,0x3FBC4C,sub_3FBC4C,,0x3FFB1C;0x3F4B20
FN_libARSPM_003FBC98,0x3FBC98,sub_3FBC98,,0x3F4B8C
FN_libARSPM_003FBCDC,0x3FBCDC,sub_3FBCDC,,0x3169C8;0x316028;0x324F98;0x4ECB10;0x3F6804;0x1416F0;0x35F6AC;0x172A64;0x400930;0x40091C
FN_libARSPM_003FBF04,0x3FBF04,sub_3FBF04,,0x172A64;0x3F4B8C;0x3FFDC0
FN_libARSPM_003FBFB0,0x3FBFB0,sub_3FBFB0,,0x167C58
FN_libARSPM_003FC020,0x3FC020,sub_3FC020,,0x3FBA6C
FN_libARSPM_003FC050,0x3FC050,sub_3FC050,,0x3F4B8C
FN_libARSPM_003FC094,0x3FC094,sub_3FC094,,0x172A64;0x3F4B8C;0x3FFDC0
FN_libARSPM_003FC140,0x3FC140,sub_3FC140,,0x167C58
FN_libARSPM_003FC1B0,0x3FC1B0,sub_3FC1B0,0x3F6ECC;0x3F85B8,0x2CFAA0;0x2666C0
FN_libARSPM_003FC1DC,0x3FC1DC,sub_3FC1DC,,0x18D3DC
FN_libARSPM_003FC278,0x3FC278,sub_3FC278,,0x18D3DC
FN_libARSPM_003FC31C,0x3FC31C,sub_3FC31C,,0x4EC2E0;0x1F5774;0x1D6808;0x1F5880;0x18B8BC;0x172D18;0x172BE0;0x1DA630;0x1DA744;0x1DA744
FN_libARSPM_003FC680,0x3FC680,sub_3FC680,,0x1F5910
FN_libARSPM_003FC71C,0x3FC71C,sub_3FC71C,0x3F7268;0x3F85B8,0x2CFAA0;0x2666C0
FN_libARSPM_003FC838,0x3FC838,sub_3FC838,,0x4EC2E0;0x1F5774;0x1D6A0C;0x172D18;0x172BE0;0x137BAC;0x15AB20;0x174980;0x137C54;0x15AA38
FN_libARSPM_003FCA1C,0x3FCA1C,sub_3FCA1C,,0x1F5910
FN_libARSPM_003FCAA4,0x3FCAA4,sub_3FCAA4,0x3F85B8;0x3F85B8,0x3FF8B8;0x3F4720;0x3FA3B0;0x2666F8;0x4ECB10;0x1416F0;0x1D7364
FN_libARSPM_003FCC70,0x3FCC70,sub_3FCC70,0x3F85B8;0x3F85B8,0x3FF8B8;0x3F4720;0x175418;0x3F6838;0x3FB92C;0x2666F8;0x4ECB10;0x1416F0;0x1D7364
FN_libARSPM_003FCE80,0x3FCE80,sub_3FCE80,0x3F85B8;0x3F85B8;0x3FA2B0;0x3FF8B8,0x2CFAA0;0x2666C0
FN_libARSPM_003FCEAC,0x3FCEAC,sub_3FCEAC,0x3FDC48,0x1F4824;0x18C9B0;0x18C9B0;0x1F480C;0x15F178;0x3F50D8;0x1726AC;0x1756D8
FN_libARSPM_003FD1D8,0x3FD1D8,sub_3FD1D8,0x3FDE90;0x3FE178;0x3FE4A8;0x3FE4A8,
FN_libARSPM_003FD290,0x3FD290,sub_3FD290,,0x1726AC;0x3FD324
FN_libARSPM_003FD324,0x3FD324,sub_3FD324,0x3FD290,0x1726AC;0x1726AC
FN_libARSPM_003FD4D4,0x3FD4D4,sub_3FD4D4,,0x3F6804
FN_libARSPM_003FD520,0x3FD520,sub_3FD520,0x3FDC48,0x3F78CC;0x3FD638;0x1E98D8;0x3F85B8;0x18C9B0;0x3F6804
FN_libARSPM_003FD638,0x3FD638,sub_3FD638,0x3FD520,0x3F6938;0x3F6804;0x3FD8B0;0x3F5BE8;0x3FD8DC
FN_libARSPM_003FD72C,0x3FD72C,sub_3FD72C,0x3FDC48,
FN_libARSPM_003FD750,0x3FD750,sub_3FD750,0x3FDC48,0x1727BC;0x18C9B0
FN_libARSPM_003FD7D0,0x3FD7D0,sub_3FD7D0,0x3FDAFC,0x3FA0F0
FN_libARSPM_003FD8B0,0x3FD8B0,sub_3FD8B0,0x3FD638,0x2CFAA0;0x2666C0
FN_libARSPM_003FD8DC,0x3FD8DC,sub_3FD8DC,0x3FD638,0x2CFAA0;0x2666C0
FN_libARSPM_003FD908,0x3FD908,sub_3FD908,0x2D22F4,0x4EC2E0;0x1563CC
FN_libARSPM_003FD9B4,0x3FD9B4,sub_3FD9B4,0x2D1E80,
FN_libARSPM_003FD9E0,0x3FD9E0,sub_3FD9E0,,0x4EC2E0;0x1563CC;0x4ECAB0;0x136DB8;0x156714;0x4ECAE0
FN_libARSPM_003FDAFC,0x3FDAFC,sub_3FDAFC,0x31EB48,0x1E98D8;0x3FDC48;0x3FD7D0;0x4ECB10
FN_libARSPM_003FDC48,0x3FDC48,sub_3FDC48,0x3FDAFC,0x172A64;0x3FCEAC;0x3FDE90;0x3FD750;0x4ECA20;0x264710;0x3FE4A8;0x1E98D8;0x1D7E30;0x3FD520
FN_libARSPM_003FDE90,0x3FDE90,sub_3FDE90,0x3FDC48,0x4ECA20;0x264710;0x3FD1D8;0x4ECA80
FN_libARSPM_003FE058,0x3FE058,sub_3FE058,0x3FDC48,0x4ECA20;0x264710;0x3FE178;0x4ECB10;0x4ECB10;0x4ECB10;0x1F4868
FN_libARSPM_003FE178,0x3FE178,sub_3FE178,0x3FE058,0x3FEC40;0x4ECB10;0x2666F8;0x3FD1D8;0x4ECA80;0x4ECB10;0x4ECA80;0x1349B8;0x1348D0;0x2666F8
FN_libARSPM_003FE4A8,0x3FE4A8,sub_3FE4A8,0x3FDC48;0x3FE178,0x3FD1D8;0x4ECA80;0x3FD1D8;0x4ECB10;0x4ECB10;0x3FED38;0x3FEEB8
FN_libARSPM_003FE7AC,0x3FE7AC,sub_3FE7AC,,0x4ECA20;0x264710;0x4ECB10;0x2666F8
FN_libARSPM_003FE8B8,0x3FE8B8,sub_3FE8B8,0x1DDEBC,
FN_libARSPM_003FE8C4,0x3FE8C4,sub_3FE8C4,,0x4EC2E0;0x1563CC;0x4ECAB0;0x136DB8;0x3FF504;0x4ECAE0
FN_libARSPM_003FE9EC,0x3FE9EC,sub_3FE9EC,0x3FE178,0x4ECAB0;0x136DB8;0x3FF630;0x4ECAE0;0x136D10;0x3FED38;0x3FEEB8;0x2666F8
FN_libARSPM_003FEC40,0x3FEC40,sub_3FEC40,0x3FE178,0x3FF190;0x3FEEB8;0x3FF314;0x4ECB10;0x2666F8
FN_libARSPM_003FED38,0x3FED38,sub_3FED38,0x3FE4A8;0x3FE9EC,0x3FF088;0x4ECB10;0x2666F8
FN_libARSPM_003FEEB8,0x3FEEB8,sub_3FEEB8,0x3FE4A8;0x3FE9EC;0x3FEC40,0x3FF314;0x4ECB10;0x2666F8
FN_libARSPM_003FF088,0x3FF088,sub_3FF088,0x3FED38,0x3FF190;0x4ECB10;0x2666F8
FN_libARSPM_003FF190,0x3FF190,sub_3FF190,0x3FEC40;0x3FF088;0x3FF314;0x3FF314,0x4ECB10;0x1348D0;0x2666F8;0x2666F8
FN_libARSPM_003FF314,0x3FF314,sub_3FF314,0x3FEC40;0x3FEEB8,0x4ECB10;0x3FF190;0x2666F8;0x3FF190
FN_libARSPM_003FF504,0x3FF504,sub_3FF504,0x3FE8C4,0x4ECAB0;0x136DB8;0x1349B8;0x1348D0;0x2666F8;0x4ECAE0;0x136D10
FN_libARSPM_003FF630,0x3FF630,sub_3FF630,0x3FE9EC,0x1348D0;0x3FF76C;0x3FF76C;0x2666F8
FN_libARSPM_003FF76C,0x3FF76C,sub_3FF76C,0x3FF630;0x3FF630,0x1348D0;0x2666F8;0x2666F8
FN_libARSPM_003FF8B8,0x3FF8B8,sub_3FF8B8,0x3F85B8;0x3FCAA4;0x3FCC70,0x3F6838;0x3FCE80
FN_libARSPM_003FF9F4,0x3FF9F4,sub_3FF9F4,0x3F6AEC;0x3F6BF8;0x3F6D8C,0x1B2BF8;0x1B295C;0x1B2ACC;0x1B3158;0x1B3328;0x3FA2B0
FN_libARSPM_003FFB1C,0x3FFB1C,sub_3FFB1C,0x3FA820;0x3FB32C;0x3FBC4C,
FN_libARSPM_003FFBA0,0x3FFBA0,sub_3FFBA0,0x3FFDC0,0x1726D8;0x173B3C;0x1756D8;0x172690;0x1734FC
FN_libARSPM_003FFC74,0x3FFC74,sub_3FFC74,,0x1726AC;0x1726AC
FN_libARSPM_003FFD04,0x3FFD04,sub_3FFD04,0x3FFDC0,
FN_libARSPM_003FFDC0,0x3FFDC0,sub_3FFDC0,0x3FAD44;0x3FAED0;0x3FB69C;0x3FB814;0x3FBF04;0x3FC094,0x400760;0x1B5FF0;0x3FFBA0;0x1726AC;0x1738A8;0x1738A8;0x1738A8;0x1738A8;0x174370;0x174370
FN_libARSPM_00400760,0x400760,sub_400760,0x3FFDC0;0x400930,0x1726AC;0x1726AC;0x1726AC;0x1726AC
FN_libARSPM_0040091C,0x40091C,sub_40091C,0x3FA89C;0x3FBCDC,
FN_libARSPM_00400930,0x400930,sub_400930,0x3FA7E4;0x3FA89C;0x3FB3CC;0x3FBCDC,0x400760;0x1726D8;0x173B3C;0x172690;0x1734FC;0x174980
FN_libARSPM_00400A74,0x400A74,sub_400A74,0x403C08;0x40404C;0x404FA0;0x404FA0;0x404FA0;0x404FA0;0x404FA0;0x404FA0;0x404FA0;0x404FA0,
FN_libARSPM_00400B0C,0x400B0C,sub_400B0C,0x400D4C;0x400D4C;0x400D4C;0x401F98;0x401F98;0x401F98;0x404FA0;0x4060F0;0x4080A8;0x4080A8,
FN_libARSPM_00400D4C,0x400D4C,sub_400D4C,,0x2843C4;0x2843C4;0x1763AC;0x2CFAA0;0x2666C0;0x178340;0x2CFAA0;0x2666C0;0x400B0C;0x401834
FN_libARSPM_00401834,0x401834,sub_401834,0x400D4C;0x4080A8;0x408BE4;0x408BE4;0x4095EC;0x40BC0C;0x40C048;0x40C048,0x2B5BC8;0x178340
FN_libARSPM_00401F98,0x401F98,sub_401F98,0x401F98;0x401F98;0x401F98;0x401F98;0x401F98;0x401F98;0x401F98;0x402DA0;0x402DA0;0x402DA0,0x2A2074;0x2A2074;0x2B9D10;0x401F98;0x400B0C;0x401F98;0x287E14;0x400B0C;0x401F98;0x401F98
FN_libARSPM_00402DA0,0x402DA0,sub_402DA0,,0x401F98;0x276E2C;0x401F98;0x276E2C;0x403858;0x403858;0x401F98;0x401F98
FN_libARSPM_00403858,0x403858,sub_403858,0x400D4C;0x401F98;0x402DA0;0x402DA0;0x406B34;0x406B34;0x4080A8;0x4080A8;0x4080A8;0x408BE4,0x1763AC;0x1763AC;0x1763AC
FN_libARSPM_00403B08,0x403B08,sub_403B08,,0x401F98
FN_libARSPM_00403C08,0x403C08,sub_403C08,,0x400A74;0x401F98
FN_libARSPM_0040404C,0x40404C,sub_40404C,,0x400A74;0x401F98;0x2C303C;0x401F98;0x178340;0x178340;0x1775E4;0x290D7C;0x290DFC
FN_libARSPM_00404FA0,0x404FA0,sub_404FA0,,0x400A74;0x401F98;0x400A74;0x401F98;0x400A74;0x401F98;0x400A74;0x401F98;0x401F98;0x401F98
FN_libARSPM_00405EDC,0x405EDC,sub_405EDC,,0x401F98
FN_libARSPM_004060F0,0x4060F0,sub_4060F0,,0x400B0C;0x401F98;0x1775E4;0x290D7C;0x290DFC
FN_libARSPM_00406798,0x406798,sub_406798,,0x401F98;0x401F98
FN_libARSPM_004068A4,0x4068A4,sub_4068A4,,0x401F98
FN_libARSPM_004069E8,0x4069E8,sub_4069E8,,0x401F98;0x2BC894
FN_libARSPM_00406B34,0x406B34,sub_406B34,,0x403858;0x403858;0x401F98;0x401F98;0x276E0C;0x178340
FN_libARSPM_00407468,0x407468,sub_407468,,0x276DB8;0x276EB0;0x2678B4;0x401F98;0x276E0C;0x401F98;0x400A74;0x401F98;0x276E0C;0x400A74
FN_libARSPM_00407AA4,0x407AA4,sub_407AA4,,0x401F98;0x401F98;0x401F98
FN_libARSPM_004080A8,0x4080A8,sub_4080A8,0x408898;0x40BC0C;0x40C048,0x403858;0x400B0C;0x2AF558;0x400B0C;0x401834;0x403858;0x403858;0x400B0C;0x400B0C;0x1775E4
FN_libARSPM_00408898,0x408898,sub_408898,,0x4080A8;0x408BE4;0x2698DC;0x1D523C
FN_libARSPM_00408BE4,0x408BE4,sub_408BE4,0x408898;0x409B7C;0x409B7C;0x409B7C;0x409B7C;0x409B7C;0x40A9B0;0x40AB40;0x40AB40;0x40AB40,0x2870E4;0x401F98;0x401834;0x400B0C;0x401834;0x403858;0x400B0C;0x400B0C;0x400B0C
FN_libARSPM_004095EC,0x4095EC,sub_4095EC,0x40BC0C,0x401834;0x403858;0x400B0C;0x400B0C;0x1D52F0;0x1D52F0
FN_libARSPM_00409B7C,0x409B7C,sub_409B7C,,0x408BE4;0x401F98;0x408BE4;0x2839B8;0x2839B8;0x401F98;0x401F98;0x408BE4;0x401F98;0x401F98
FN_libARSPM_0040A9B0,0x40A9B0,sub_40A9B0,,0x401F98;0x408BE4
FN_libARSPM_0040AB40,0x40AB40,sub_40AB40,,0x401F98;0x408BE4;0x408BE4;0x401F98;0x408BE4
FN_libARSPM_0040BA04,0x40BA04,sub_40BA04,,0x401F98
FN_libARSPM_0040BC0C,0x40BC0C,sub_40BC0C,,0x4080A8;0x1D52F0;0x4095EC;0x401834;0x400A74;0x400A74
FN_libARSPM_0040C048,0x40C048,sub_40C048,0x269A40,0x4080A8;0x284DA4;0x284DA4;0x401834;0x401834;0x2843C4;0x2843C4;0x2843C4;0x2843C4;0x284DA4
FN_libARSPM_0040C7E0,0x40C7E0,sub_40C7E0,,0x269CC0;0x40CBE0;0x2698DC;0x40CBE0;0x2698DC;0x2698DC;0x1BF1EC;0x2698DC;0x1BF1EC;0x2698DC
FN_libARSPM_0040CBE0,0x40CBE0,sub_40CBE0,0x40C7E0;0x40C7E0;0x40CBE0;0x40CBE0;0x40CBE0;0x40CBE0;0x40CBE0;0x40CBE0;0x40CBE0;0x40D68C,0x2A2074;0x2A5CA4;0x40CBE0;0x40CBE0;0x40CBE0;0x40CBE0;0x2BC894;0x40CBE0;0x2698DC;0x1D523C
FN_libARSPM_0040D2BC,0x40D2BC,sub_40D2BC,0x40CBE0;0x40DD1C,0x1472A8;0x1BF1EC;0x40FCD8;0x40FB5C;0x40FCD8;0x1BF1EC;0x178340;0x1472A8
FN_libARSPM_0040D68C,0x40D68C,sub_40D68C,,0x40CBE0;0x40D738
FN_libARSPM_0040D738,0x40D738,sub_40D738,0x40D68C;0x40D738;0x40DB7C;0x40F600;0x40F758;0x40F7E4,0x40CBE0;0x40CBE0;0x40CBE0;0x40D738
FN_libARSPM_0040DB7C,0x40DB7C,sub_40DB7C,0x40F910,0x40D738;0x40DD1C;0x2698DC;0x1D523C
FN_libARSPM_0040DD1C,0x40DD1C,sub_40DD1C,0x40DB7C;0x40EDD4,0x40E184;0x40D2BC;0x2843C4;0x40E3B8;0x40E3B8;0x1775E4;0x290D7C;0x290DFC;0x178340
FN_libARSPM_0040E184,0x40E184,sub_40E184,0x40DD1C;0x40E184;0x40E3B8;0x40EE88,0x40E184;0x1472A8;0x1BF1EC;0x178340
FN_libARSPM_0040E3B8,0x40E3B8,sub_40E3B8,0x40DD1C;0x40DD1C;0x40E3B8;0x40E3B8;0x40F3A0,0x40E184;0x178340;0x40FE38;0x40FFB4;0x40E3B8;0x40CBE0;0x2698DC;0x1D523C;0x40FFB4;0x40FE38
FN_libARSPM_0040EDD4,0x40EDD4,sub_40EDD4,0x40F910,0x40DD1C
FN_libARSPM_0040EE88,0x40EE88,sub_40EE88,,0x276DB8;0x40CBE0;0x276E0C;0x40CBE0;0x40CBE0;0x276E0C;0x40CBE0;0x40E184;0x40CBE0;0x40CBE0
FN_libARSPM_0040F3A0,0x40F3A0,sub_40F3A0,,0x40CBE0;0x40CBE0;0x40CBE0;0x40E3B8;0x40CBE0
FN_libARSPM_0040F600,0x40F600,sub_40F600,,0x40D738
FN_libARSPM_0040F758,0x40F758,sub_40F758,,0x40D738;0x40CBE0
FN_libARSPM_0040F7E4,0x40F7E4,sub_40F7E4,,0x40CBE0;0x40CBE0;0x40D738
FN_libARSPM_0040F910,0x40F910,sub_40F910,0x3304B4;0x36DB98;0x36DB98,0x40EDD4;0x40DB7C;0x40FA0C
FN_libARSPM_0040FA0C,0x40FA0C,sub_40FA0C,0x40F910,
FN_libARSPM_0040FB5C,0x40FB5C,sub_40FB5C,0x40D2BC,0x40FCD8
FN_libARSPM_0040FCD8,0x40FCD8,sub_40FCD8,0x40D2BC;0x40D2BC;0x40FB5C,0x1472A8
FN_libARSPM_0040FE38,0x40FE38,sub_40FE38,0x40E3B8;0x40E3B8,0x40FFB4
FN_libARSPM_0040FFB4,0x40FFB4,sub_40FFB4,0x40E3B8;0x40E3B8;0x40E3B8;0x40FE38,0x1472A8
FN_libARSPM_00410114,0x410114,sub_410114,0x40E3B8,0x410290
FN_libARSPM_00410290,0x410290,sub_410290,0x40E3B8;0x410114,0x1472A8
FN_libARSPM_004103F0,0x4103F0,sub_4103F0,0x1E04DC,
FN_libARSPM_004103F8,0x4103F8,sub_4103F8,0x3E4624;0x3E51AC;0x4158F4;0x4158F4,
FN_libARSPM_00410454,0x410454,sub_410454,0x417308,
FN_libARSPM_00410458,0x410458,sub_410458,0x415A4C;0x416108,
FN_libARSPM_00410488,0x410488,sub_410488,0x416108;0x416108;0x41B8D8;0x41BA78;0x41BBC4;0x41BF38;0x41C03C;0x41C298;0x41C4A4;0x41C5E4,
FN_libARSPM_00410508,0x410508,sub_410508,0x410614,0x4146D0;0x4146D0;0x4146D0;0x4146D0;0x414844
FN_libARSPM_00410614,0x410614,sub_410614,0x417264,0x415674;0x414FDC;0x410508;0x4155F4
FN_libARSPM_0041076C,0x41076C,sub_41076C,0x3E4E0C,
FN_libARSPM_00410770,0x410770,sub_410770,,0x415448
FN_libARSPM_004107C0,0x4107C0,sub_4107C0,0x417308;0x417308,0x410848
FN_libARSPM_00410848,0x410848,sub_410848,0x4107C0;0x41C5E4;0x4207F8;0x420DF8;0x4212FC,
FN_libARSPM_0041084C,0x41084C,sub_41084C,,0x41533C;0x41533C;0x41533C;0x41533C;0x41533C;0x41533C;0x41533C;0x41533C;0x41533C;0x41533C
FN_libARSPM_00410C98,0x410C98,sub_410C98,0x415A4C;0x415A4C,
FN_libARSPM_00410CF4,0x410CF4,sub_410CF4,0x41CAC0;0x41E6FC;0x41E6FC;0x41E6FC;0x41FD60,
FN_libARSPM_00410D34,0x410D34,sub_410D34,0x41BF38,0x414DAC
FN_libARSPM_00410E68,0x410E68,sub_410E68,0x41BF38;0x41C298;0x41C298;0x41C4A4;0x41C4A4;0x41C5E4;0x41C5E4;0x41C5E4,
FN_libARSPM_00410EC8,0x410EC8,sub_410EC8,,0x41533C;0x41533C
FN_libARSPM_00410F3C,0x410F3C,sub_410F3C,0x41C298,0x41109C;0x411E20;0x411E20;0x4149DC;0x414650
FN_libARSPM_0041109C,0x41109C,sub_41109C,0x410F3C,0x414324
FN_libARSPM_004119DC,0x4119DC,sub_4119DC,0x41C4A4,
FN_libARSPM_004119E4,0x4119E4,sub_4119E4,,0x411BE4;0x4149DC;0x411BE4;0x411E20;0x414DAC;0x414DAC
FN_libARSPM_00411BE4,0x411BE4,sub_411BE4,0x4119E4;0x4119E4;0x411F40;0x411F40;0x411FA4;0x411FA4;0x411FA4;0x411FA4;0x4122E4;0x4122E4,0x4146D0;0x4146D0;0x4146D0;0x41471C;0x4146D0;0x4146D0;0x4146D0;0x414DAC
FN_libARSPM_00411E20,0x411E20,sub_411E20,0x410F3C;0x410F3C;0x4119E4,
FN_libARSPM_00411F40,0x411F40,sub_411F40,0x41C5E4,0x411BE4;0x411BE4
FN_libARSPM_00411FA4,0x411FA4,sub_411FA4,0x41C5E4,0x411BE4;0x411BE4;0x411BE4;0x411BE4
FN_libARSPM_004122E4,0x4122E4,sub_4122E4,0x41C5E4,0x411BE4;0x411BE4
FN_libARSPM_004123E4,0x4123E4,sub_4123E4,0x41C5E4,0x414DAC
FN_libARSPM_004125D0,0x4125D0,sub_4125D0,0x4175A8,0x414650;0x414650
FN_libARSPM_0041280C,0x41280C,sub_41280C,0x4175A8,
FN_libARSPM_00412874,0x412874,sub_412874,0x415160;0x4208CC,0x414844;0x414844;0x414844;0x414844;0x414844;0x414844;0x414844;0x414844;0x414844;0x414844
FN_libARSPM_00412AE4,0x412AE4,sub_412AE4,0x412C68;0x41DEB0;0x41DEB0,
FN_libARSPM_00412C68,0x412C68,sub_412C68,0x4209B0;0x420C3C;0x420C3C,0x412AE4
FN_libARSPM_00412CD4,0x412CD4,sub_412CD4,0x4175A8;0x4175A8;0x4175A8;0x4175A8;0x4175A8,
FN_libARSPM_00412D18,0x412D18,sub_412D18,0x4175A8;0x4175A8;0x4175A8;0x4175A8;0x4175A8;0x4175A8;0x4175A8;0x4175A8;0x4175A8;0x4175A8,
FN_libARSPM_00412D30,0x412D30,sub_412D30,0x4175A8;0x4175A8,
FN_libARSPM_00412D8C,0x412D8C,sub_412D8C,0x4175A8;0x4175A8;0x4175A8;0x4175A8;0x4175A8;0x4175A8,
FN_libARSPM_00412DE8,0x412DE8,sub_412DE8,0x4175A8;0x4175A8;0x4175A8;0x4175A8;0x4175A8;0x4175A8;0x4175A8;0x4175A8,
FN_libARSPM_00412EAC,0x412EAC,sub_412EAC,0x41301C;0x417308,0x41533C;0x41533C;0x41533C;0x41533C;0x41533C;0x41533C;0x41533C;0x41533C;0x41533C
FN_libARSPM_0041301C,0x41301C,sub_41301C,0x4175A8,0x414844;0x412EAC;0x41535C;0x4153F4;0x4153F4;0x4153F4;0x4153F4;0x413990;0x413990
FN_libARSPM_00413990,0x413990,sub_413990,0x41301C;0x41301C,0x41535C;0x4153F4;0x4153F4;0x4153F4
FN_libARSPM_004142D8,0x4142D8,sub_4142D8,0x3E4E0C,
FN_libARSPM_00414324,0x414324,sub_414324,0x41109C,
FN_libARSPM_00414650,0x414650,sub_414650,0x410F3C;0x4125D0;0x4125D0;0x412874;0x4149DC;0x414ADC;0x414ADC;0x414B28;0x414B40;0x414DAC,0x414680
FN_libARSPM_00414680,0x414680,sub_414680,0x414650,0x414FB8
FN_libARSPM_004146D0,0x4146D0,sub_4146D0,0x410508;0x410508;0x410508;0x410508;0x411BE4;0x411BE4;0x411BE4;0x411BE4;0x411BE4;0x411BE4,
FN_libARSPM_0041471C,0x41471C,sub_41471C,0x411BE4,
FN_libARSPM_00414844,0x414844,sub_414844,0x410508;0x412874;0x412874;0x412874;0x412874;0x412874;0x412874;0x412874;0x412874;0x412874,
FN_libARSPM_004149DC,0x4149DC,sub_4149DC,0x410F3C;0x4119E4;0x415A4C,0x414B4C;0x414844;0x414650;0x414ADC
FN_libARSPM_00414A64,0x414A64,sub_414A64,0x41B8D8;0x41BBC4;0x41C5E4;0x41CD60;0x41E28C;0x41E8F0;0x41EC3C,0x414B4C;0x414844
FN_libARSPM_00414ADC,0x414ADC,sub_414ADC,0x4149DC;0x414D58;0x414DAC;0x41B7B4;0x41B87C;0x41B8D8;0x41BA78;0x41BA78;0x41BBC4;0x41BBC4,0x414650;0x414B4C;0x414650
FN_libARSPM_00414B1C,0x414B1C,sub_414B1C,0x41EC3C;0x4215DC,
FN_libARSPM_00414B28,0x414B28,sub_414B28,,0x414650
FN_libARSPM_00414B34,0x414B34,sub_414B34,0x42143C,
FN_libARSPM_00414B40,0x414B40,sub_414B40,,0x414650
FN_libARSPM_00414B4C,0x414B4C,sub_414B4C,0x4149DC;0x414A64;0x414ADC;0x414D58;0x414DAC,
FN_libARSPM_00414D58,0x414D58,sub_414D58,0x41BBC4;0x41BBC4;0x41BBC4;0x41C03C;0x41C03C;0x41C298;0x41C4A4;0x41C5E4;0x41D148;0x41D3BC,0x414B4C;0x414844;0x414ADC
FN_libARSPM_00414DAC,0x414DAC,sub_414DAC,0x410D34;0x4119E4;0x4119E4;0x411BE4;0x4123E4;0x420F44;0x420F44;0x4215DC,0x414B4C;0x414844;0x414650;0x414ADC
FN_libARSPM_00414E54,0x414E54,sub_414E54,0x3E3B0C;0x3E421C;0x3E4A08;0x3E4E0C;0x3E56E8;0x3E5CA0;0x3E5D98,0x414844;0x4155F4;0x414650
FN_libARSPM_00414F34,0x414F34,sub_414F34,0x4152D0,0x41533C
FN_libARSPM_00414FB8,0x414FB8,sub_414FB8,0x414680,
FN_libARSPM_00414FDC,0x414FDC,sub_414FDC,0x410614,
FN_libARSPM_00414FEC,0x414FEC,sub_414FEC,0x3E3CD8;0x3E3CD8;0x3E3CD8;0x3E4648,
FN_libARSPM_00415008,0x415008,sub_415008,0x3E586C;0x3E5A0C,
FN_libARSPM_00415020,0x415020,sub_415020,0x3E4648,
FN_libARSPM_004150B0,0x4150B0,sub_4150B0,0x3E4648,
FN_libARSPM_004150E0,0x4150E0,sub_4150E0,0x3E4648,
FN_libARSPM_00415130,0x415130,sub_415130,0x3E3CD8,
FN_libARSPM_00415160,0x415160,sub_415160,,0x412874
FN_libARSPM_004151C8,0x4151C8,sub_4151C8,0x3E43D4,
FN_libARSPM_00415200,0x415200,sub_415200,0x3E3CD8;0x3E3CD8,
FN_libARSPM_00415230,0x415230,sub_415230,0x3E43D4,
FN_libARSPM_004152C0,0x4152C0,sub_4152C0,0x3E5DB8,
FN_libARSPM_004152D0,0x4152D0,sub_4152D0,,0x414F34
FN_libARSPM_0041533C,0x41533C,sub_41533C,0x41084C;0x41084C;0x41084C;0x41084C;0x41084C;0x41084C;0x41084C;0x41084C;0x41084C;0x41084C,
FN_libARSPM_0041535C,0x41535C,sub_41535C,0x41301C;0x413990;0x41FA28;0x420DF8,0x414650
FN_libARSPM_004153F4,0x4153F4,sub_4153F4,0x41301C;0x41301C;0x41301C;0x41301C;0x413990;0x413990;0x413990;0x4184B8;0x41FA28;0x41FA28,0x414650
FN_libARSPM_00415448,0x415448,sub_415448,0x410770;0x41C5E4;0x41CD60;0x41CE18;0x41DB08;0x41DEB0;0x41E28C;0x41E480;0x41E6FC;0x41E8F0,
FN_libARSPM_0041546C,0x41546C,sub_41546C,0x42143C,
FN_libARSPM_004154B0,0x4154B0,sub_4154B0,,0x414650
FN_libARSPM_004154C4,0x4154C4,sub_4154C4,0x420F44;0x42143C;0x4215DC,0x414650
FN_libARSPM_004155F4,0x4155F4,sub_4155F4,0x410614;0x414E54;0x41571C;0x41CE18;0x41DB08;0x41EDDC;0x4207F8;0x4209B0;0x4209B0;0x4209B0,
FN_libARSPM_004155F8,0x4155F8,sub_4155F8,,0x414844
FN_libARSPM_00415674,0x415674,sub_415674,0x410614,
FN_libARSPM_00415688,0x415688,sub_415688,0x3E3B0C;0x3E3B0C;0x3E3B0C;0x3E421C;0x3E421C;0x3E421C,
FN_libARSPM_0041568C,0x41568C,sub_41568C,,0x415A4C;0x4158F4;0x416108
FN_libARSPM_0041571C,0x41571C,sub_41571C,0x415A4C;0x416108,0x4155F4;0x41533C;0x414650;0x41533C;0x414650;0x414650
FN_libARSPM_004158F4,0x4158F4,sub_4158F4,0x41568C,0x4103F8;0x4103F8;0x414650;0x414650
FN_libARSPM_00415A4C,0x415A4C,sub_415A4C,0x41568C,0x41B718;0x410458;0x41B890;0x41B740;0x41B7C8;0x4149DC;0x410C98;0x41BEC8;0x41BA78;0x410C98
FN_libARSPM_00416108,0x416108,sub_416108,0x41568C,0x410488;0x41646C;0x410488;0x41646C;0x41B718;0x410458;0x41B890;0x41571C;0x41B8D8;0x414650
FN_libARSPM_0041646C,0x41646C,sub_41646C,0x416108;0x416108,0x41BA38;0x416630;0x414844;0x414650;0x414650
FN_libARSPM_00416630,0x416630,sub_416630,0x41646C,0x41F950;0x4184B8;0x414650;0x4170D8;0x41F5B0;0x4170D8;0x4170D8;0x4170D8;0x4170D8;0x4170D8
FN_libARSPM_004170D8,0x4170D8,sub_4170D8,0x416630;0x416630;0x416630;0x416630;0x416630;0x416630;0x416630;0x416630;0x416630;0x416630,
FN_libARSPM_00417224,0x417224,sub_417224,0x3E5CA0,
FN_libARSPM_00417238,0x417238,sub_417238,0x3E3B0C;0x3E542C;0x3E54E8;0x3E586C;0x3E5A0C,
FN_libARSPM_00417258,0x417258,sub_417258,0x3E55F8;0x3E56BC;0x3E5C64,
FN_libARSPM_00417264,0x417264,sub_417264,0x3E4E0C,0x410614;0x4174BC
FN_libARSPM_004172C0,0x4172C0,sub_4172C0,0x3E4A08,
FN_libARSPM_004172CC,0x4172CC,sub_4172CC,,0x41FA28
FN_libARSPM_00417308,0x417308,sub_417308,0x3E4D7C;0x3E4E0C;0x3E533C,0x4107C0;0x4107C0;0x412EAC;0x41533C;0x41533C;0x41533C;0x41533C;0x41533C;0x410454;0x41533C
FN_libARSPM_00417450,0x417450,sub_417450,0x41B894;0x41B8D8;0x41B8D8;0x41BA78;0x41BBC4;0x41BBC4;0x41BF38;0x41C03C;0x41C298;0x41C4A4,
FN_libARSPM_0041745C,0x41745C,sub_41745C,,0x414650
FN_libARSPM_00417470,0x417470,sub_417470,,0x414650
FN_libARSPM_004174BC,0x4174BC,sub_4174BC,0x417264,
FN_libARSPM_004174C0,0x4174C0,sub_4174C0,,0x414844
FN_libARSPM_00417510,0x417510,sub_417510,0x3E3CD8,
FN_libARSPM_00417540,0x417540,sub_417540,0x3E3CD8,
FN_libARSPM_00417570,0x417570,sub_417570,0x3E3CD8;0x3E3CD8,
FN_libARSPM_004175A8,0x4175A8,sub_4175A8,0x41FA28,0x41280C;0x412D18;0x412CD4;0x412CD4;0x412D18;0x4125D0;0x412D18;0x412D18;0x412D18;0x412D18
FN_libARSPM_004184A4,0x4184A4,sub_4184A4,,0x414650
FN_libARSPM_004184B8,0x4184B8,sub_4184B8,0x416630,0x4153F4;0x422960;0x41B100;0x422A88;0x422B38;0x421D74;0x414844;0x41B550;0x421D74;0x414844
FN_libARSPM_0041B100,0x41B100,sub_41B100,0x4184B8,
FN_libARSPM_0041B550,0x41B550,sub_41B550,0x4184B8;0x4184B8,
FN_libARSPM_0041B718,0x41B718,sub_41B718,0x415A4C;0x416108,
FN_libARSPM_0041B72C,0x41B72C,sub_41B72C,,0x414650
FN_libARSPM_0041B740,0x41B740,sub_41B740,0x415A4C,
FN_libARSPM_0041B7B4,0x41B7B4,sub_41B7B4,,0x414ADC
FN_libARSPM_0041B7C8,0x41B7C8,sub_41B7C8,0x415A4C,
FN_libARSPM_0041B87C,0x41B87C,sub_41B87C,,0x414ADC
FN_libARSPM_0041B890,0x41B890,sub_41B890,0x415A4C;0x416108,
FN_libARSPM_0041B894,0x41B894,sub_41B894,,0x417450
FN_libARSPM_0041B8D8,0x41B8D8,sub_41B8D8,0x416108;0x41BA78;0x41BBC4;0x41BBC4;0x41BBC4;0x41BBC4;0x41BEC8;0x41BF38;0x41BF38;0x41BF38,0x417450;0x410488;0x417450;0x414A64;0x414ADC
FN_libARSPM_0041BA38,0x41BA38,sub_41BA38,0x41646C,
FN_libARSPM_0041BA78,0x41BA78,sub_41BA78,0x415A4C,0x417450;0x410488;0x41B8D8;0x4208C8;0x414650;0x414ADC;0x414ADC
FN_libARSPM_0041BBC4,0x41BBC4,sub_41BBC4,0x415A4C,0x41B8D8;0x41B8D8;0x417450;0x410488;0x41B8D8;0x420DF8;0x41B8D8;0x414ADC;0x417450;0x414ADC
FN_libARSPM_0041BEC8,0x41BEC8,sub_41BEC8,0x415A4C,0x41B8D8;0x414ADC
FN_libARSPM_0041BF38,0x41BF38,sub_41BF38,0x415A4C,0x41B8D8;0x417450;0x410488;0x41B8D8;0x41B8D8;0x410D34;0x410E68;0x414ADC
FN_libARSPM_0041C03C,0x41C03C,sub_41C03C,0x415A4C,0x41B8D8;0x417450;0x410488;0x41B8D8;0x414D58;0x41B8D8;0x420F18;0x414D58;0x414ADC
FN_libARSPM_0041C298,0x41C298,sub_41C298,0x415A4C,0x41B8D8;0x417450;0x410488;0x41B8D8;0x41B8D8;0x410F3C;0x410E68;0x410E68;0x414D58;0x414ADC
FN_libARSPM_0041C4A4,0x41C4A4,sub_41C4A4,0x415A4C,0x41B8D8;0x417450;0x410488;0x41B8D8;0x41B8D8;0x4119DC;0x410E68;0x410E68;0x414D58;0x414ADC
FN_libARSPM_0041C5E4,0x41C5E4,sub_41C5E4,0x415A4C,0x41B8D8;0x41B8D8;0x417450;0x410488;0x41B8D8;0x41B8D8;0x410E68;0x414D58;0x41CAC0;0x41CBC4
FN_libARSPM_0041CAC0,0x41CAC0,sub_41CAC0,0x41C5E4;0x41E6FC;0x41FA28,0x410CF4;0x4146D0;0x414ADC
FN_libARSPM_0041CBC4,0x41CBC4,sub_41CBC4,0x41C5E4;0x41C5E4;0x41C5E4,0x417450;0x410488
FN_libARSPM_0041CD60,0x41CD60,sub_41CD60,0x41C5E4,0x41533C;0x415448;0x414A64;0x414ADC
FN_libARSPM_0041CE18,0x41CE18,sub_41CE18,0x415A4C,0x414844;0x41533C;0x415448;0x417450;0x410488;0x41B8D8;0x41B8D8;0x41B8D8;0x4155F4;0x42143C
FN_libARSPM_0041D148,0x41D148,sub_41D148,0x415A4C,0x417450;0x410488;0x41B8D8;0x41B8D8;0x417450;0x410488;0x41B8D8;0x41B8D8;0x414D58;0x41B8D8
FN_libARSPM_0041D3BC,0x41D3BC,sub_41D3BC,0x415A4C,0x41B8D8;0x417450;0x410488;0x41B8D8;0x41B8D8;0x41B8D8;0x414D58;0x4207CC;0x414D58;0x414D58
FN_libARSPM_0041D67C,0x41D67C,sub_41D67C,0x415A4C,0x417450;0x410488;0x41B8D8;0x41B8D8;0x41B8D8;0x41B8D8;0x4207F8;0x414ADC
FN_libARSPM_0041D7D8,0x41D7D8,sub_41D7D8,0x415A4C,0x417450;0x410488;0x41B8D8;0x41B8D8;0x41B8D8;0x41B8D8;0x420DD8;0x414ADC
FN_libARSPM_0041D918,0x41D918,sub_41D918,0x415A4C,0x417450;0x410488;0x41B8D8;0x41B8D8;0x41B8D8;0x41B8D8;0x420990;0x414ADC
FN_libARSPM_0041DB08,0x41DB08,sub_41DB08,0x415A4C,0x41533C;0x415448;0x417450;0x410488;0x41B8D8;0x41B8D8;0x41B8D8;0x41B8D8;0x414D58;0x4155F4
FN_libARSPM_0041DEB0,0x41DEB0,sub_41DEB0,0x415A4C,0x41B8D8;0x41B8D8;0x41533C;0x415448;0x417450;0x410488;0x41B8D8;0x41B8D8;0x412AE4;0x414D58
FN_libARSPM_0041E16C,0x41E16C,sub_41E16C,0x415A4C,0x417450;0x410488;0x41B8D8;0x41B8D8;0x41B8D8;0x42127C;0x414ADC
FN_libARSPM_0041E28C,0x41E28C,sub_41E28C,0x415A4C,0x41B8D8;0x41533C;0x415448;0x417450;0x410488;0x41B8D8;0x420F44;0x414844;0x414A64;0x414ADC
FN_libARSPM_0041E480,0x41E480,sub_41E480,0x415A4C,0x41B8D8;0x41533C;0x415448;0x417450;0x410488;0x41B8D8;0x414D58;0x41B8D8;0x41E6FC;0x420F44
FN_libARSPM_0041E6FC,0x41E6FC,sub_41E6FC,0x41E480;0x41E8F0,0x41CAC0;0x410CF4;0x41FD60;0x410CF4;0x415448;0x41FD60;0x41533C;0x410CF4;0x41533C;0x414D58
FN_libARSPM_0041E8F0,0x41E8F0,sub_41E8F0,0x415A4C,0x41B8D8;0x41533C;0x415448;0x417450;0x410488;0x41B8D8;0x414D58;0x414A64;0x41B8D8;0x420F44
FN_libARSPM_0041EC3C,0x41EC3C,sub_41EC3C,0x415A4C;0x415A4C,0x41EDDC;0x414A64;0x414B1C;0x41B8D8;0x41EDDC;0x414D58;0x41533C;0x4215DC;0x414ADC;0x414ADC
FN_libARSPM_0041EDDC,0x41EDDC,sub_41EDDC,0x41EC3C;0x41EC3C,0x41533C;0x4155F4;0x41B8D8;0x414D58;0x417450;0x410488;0x41B8D8
FN_libARSPM_0041EF04,0x41EF04,sub_41EF04,,0x414650;0x414650;0x414650;0x414650
FN_libARSPM_0041F5B0,0x41F5B0,sub_41F5B0,0x416630,
FN_libARSPM_0041F950,0x41F950,sub_41F950,0x416630,0x4224B4
FN_libARSPM_0041FA28,0x41FA28,sub_41FA28,0x4172CC,0x4175A8;0x41533C;0x41533C;0x41535C;0x4153F4;0x4153F4;0x41533C;0x41CAC0;0x414650;0x414650
FN_libARSPM_0041FD60,0x41FD60,sub_41FD60,0x41E6FC;0x41E6FC,0x410CF4
FN_libARSPM_004207CC,0x4207CC,sub_4207CC,0x41D3BC,
FN_libARSPM_004207F8,0x4207F8,sub_4207F8,0x41D67C,0x410848;0x4155F4
FN_libARSPM_004208C8,0x4208C8,sub_4208C8,0x41BA78,
FN_libARSPM_004208CC,0x4208CC,sub_4208CC,,0x412874
FN_libARSPM_00420990,0x420990,sub_420990,0x41D918,
FN_libARSPM_004209B0,0x4209B0,sub_4209B0,0x41DB08,0x412C68;0x4155F4;0x4155F4;0x4155F4;0x4155F4
FN_libARSPM_00420C3C,0x420C3C,sub_420C3C,0x41DEB0,0x412C68;0x412C68;0x4155F4;0x4155F4;0x41533C;0x414650;0x414650;0x414650
FN_libARSPM_00420DD8,0x420DD8,sub_420DD8,0x41D7D8,
FN_libARSPM_00420DF8,0x420DF8,sub_420DF8,0x41BBC4,0x414650;0x410848;0x41535C;0x414650
FN_libARSPM_00420F18,0x420F18,sub_420F18,0x41C03C,
FN_libARSPM_00420F44,0x420F44,sub_420F44,0x41E28C;0x41E480;0x41E8F0,0x4154C4;0x41533C;0x414DAC;0x415448;0x414DAC
FN_libARSPM_0042127C,0x42127C,sub_42127C,0x41E16C,
FN_libARSPM_004212F8,0x4212F8,sub_4212F8,0x41D148,
FN_libARSPM_004212FC,0x4212FC,sub_4212FC,,0x410848;0x4153F4;0x414844
FN_libARSPM_0042143C,0x42143C,sub_42143C,0x41CE18,0x4154C4;0x41533C;0x414B34;0x415448;0x41546C;0x41533C
FN_libARSPM_004215DC,0x4215DC,sub_4215DC,0x41EC3C,0x4154C4;0x41533C;0x414B1C;0x415448;0x414DAC;0x414650
FN_libARSPM_0042178C,0x42178C,sub_42178C,0x3E4E0C,0x4153F4;0x41533C;0x41533C
FN_libARSPM_00421A24,0x421A24,sub_421A24,0x3E4E0C,
FN_libARSPM_00421A34,0x421A34,sub_421A34,0x3E3CD8,
FN_libARSPM_00421A5C,0x421A5C,sub_421A5C,0x3E3CD8,
FN_libARSPM_00421A84,0x421A84,sub_421A84,0x4184B8,
FN_libARSPM_00421C18,0x421C18,sub_421C18,0x4184B8,
FN_libARSPM_00421CF8,0x421CF8,sub_421CF8,0x4184B8,
FN_libARSPM_00421D74,0x421D74,sub_421D74,0x4184B8;0x4184B8,
FN_libARSPM_00421F68,0x421F68,sub_421F68,0x4184B8,
FN_libARSPM_004220F4,0x4220F4,sub_4220F4,0x4184B8,
FN_libARSPM_004224A8,0x4224A8,sub_4224A8,0x3E421C,
FN_libARSPM_004224B4,0x4224B4,sub_4224B4,0x41F950,
FN_libARSPM_00422960,0x422960,sub_422960,0x4184B8,
FN_libARSPM_00422A88,0x422A88,sub_422A88,0x4184B8,
FN_libARSPM_00422B38,0x422B38,sub_422B38,0x4184B8,
FN_libARSPM_00422C34,0x422C34,sub_422C34,0x4234BC;0x4234BC,
FN_libARSPM_00422CE8,0x422CE8,sub_422CE8,0x4234BC;0x4234BC,0x42F0C4;0x451C10;0x42315C;0x451F28
FN_libARSPM_00422F90,0x422F90,sub_422F90,0x4232F8;0x4233BC;0x42F03C,
FN_libARSPM_00422FC8,0x422FC8,sub_422FC8,0x3E6860;0x4234BC;0x4234BC;0x4234BC,
FN_libARSPM_00422FD8,0x422FD8,sub_422FD8,,0x451F6C
FN_libARSPM_00423008,0x423008,sub_423008,0x4234BC;0x4234BC,0x42315C;0x451F70;0x451F70;0x451F70;0x451F70
FN_libARSPM_0042315C,0x42315C,sub_42315C,0x422CE8;0x423008,
FN_libARSPM_004232B8,0x4232B8,sub_4232B8,0x4232F8,
FN_libARSPM_004232F8,0x4232F8,sub_4232F8,0x4233BC,0x451F4C;0x422F90;0x428C1C;0x42F00C;0x4232B8;0x426470
FN_libARSPM_004233BC,0x4233BC,sub_4233BC,0x3E6860,0x42F080;0x4232F8;0x451F4C;0x422F90;0x428C1C;0x42F00C;0x426470
FN_libARSPM_004234B8,0x4234B8,sub_4234B8,0x3E6860,
FN_libARSPM_004234BC,0x4234BC,sub_4234BC,,0x42B544;0x451F6C;0x451F6C;0x422FC8;0x425D14;0x428D04;0x42EBE0;0x428D84;0x427888;0x429628
FN_libARSPM_00423D10,0x423D10,sub_423D10,0x3E6860,
FN_libARSPM_00423D80,0x423D80,sub_423D80,,0x423E2C
FN_libARSPM_00423DB8,0x423DB8,sub_423DB8,0x3E6860,
FN_libARSPM_00423E2C,0x423E2C,sub_423E2C,0x423D80,0x4502BC;0x4502BC;0x450228
FN_libARSPM_00423F84,0x423F84,sub_423F84,0x4234BC,
FN_libARSPM_004240B0,0x4240B0,sub_4240B0,,0x451A88
FN_libARSPM_00424114,0x424114,sub_424114,0x4234BC,0x451E48;0x424274;0x424274;0x451E48
FN_libARSPM_00424274,0x424274,sub_424274,0x424114;0x424114;0x424274,0x424274;0x4260EC;0x428D64
FN_libARSPM_0042528C,0x42528C,sub_42528C,0x4234BC,0x428D64
FN_libARSPM_00425D14,0x425D14,sub_425D14,0x4234BC;0x4234BC;0x4234BC;0x4234BC;0x4234BC;0x4234BC;0x4234BC;0x4234BC,0x451E48
FN_libARSPM_00425D78,0x425D78,sub_425D78,0x4234BC,
FN_libARSPM_00425D80,0x425D80,sub_425D80,0x4234BC,0x451E48;0x428D64;0x451F6C;0x451F28;0x429E8C;0x431FC8;0x428D64
FN_libARSPM_004260A0,0x4260A0,sub_4260A0,0x428D08,0x451F6C;0x42B544;0x451F6C
FN_libARSPM_004260EC,0x4260EC,sub_4260EC,0x424274,0x42CA14;0x451F4C;0x451F28;0x43547C;0x428C1C;0x426470;0x42B570;0x42B544;0x451F6C;0x451144
FN_libARSPM_00426470,0x426470,sub_426470,0x4232F8;0x4233BC;0x4260EC,
FN_libARSPM_004264B0,0x4264B0,sub_4264B0,,0x42F0FC;0x43AC10;0x4485E8;0x451F28;0x43AC10;0x430AF0;0x451F28;0x451B2C;0x451B2C;0x451B2C
FN_libARSPM_00426A28,0x426A28,sub_426A28,,0x451F6C;0x44852C
FN_libARSPM_00426CCC,0x426CCC,sub_426CCC,,0x451F70;0x451F70;0x451F70
FN_libARSPM_00426FB8,0x426FB8,sub_426FB8,,0x451CB0;0x451C90;0x451CB0;0x451CB0;0x439BF0;0x439BF0;0x439BF0
FN_libARSPM_00427248,0x427248,sub_427248,,0x451CB0
FN_libARSPM_004272DC,0x4272DC,sub_4272DC,,0x439BF0;0x439BF0;0x439BF0
FN_libARSPM_004275D0,0x4275D0,sub_4275D0,,0x430A70;0x451CB0;0x451DD8;0x451CB0;0x451DD8;0x451CB0;0x451DD8;0x451CB0;0x451DD8;0x430A70
FN_libARSPM_00427878,0x427878,sub_427878,0x428E38,
FN_libARSPM_00427888,0x427888,sub_427888,0x4234BC,0x4502E0;0x4502E0;0x4502E0;0x4502E0;0x4502E0;0x4502E0;0x4502E0;0x4502E0;0x4502E0;0x4502E0
FN_libARSPM_0042880C,0x42880C,sub_42880C,0x428E38,0x4502E0;0x450348;0x450348;0x4502E0;0x450348;0x4502E0;0x450348;0x450348
FN_libARSPM_00428C1C,0x428C1C,sub_428C1C,0x4232F8;0x4233BC;0x4260EC,
FN_libARSPM_00428C54,0x428C54,sub_428C54,0x4234BC,0x451F4C;0x451E48
FN_libARSPM_00428D04,0x428D04,sub_428D04,0x4234BC,
FN_libARSPM_00428D08,0x428D08,sub_428D08,,0x451E48;0x4260A0;0x451F6C
FN_libARSPM_00428D64,0x428D64,sub_428D64,0x424274;0x42528C;0x425D80;0x425D80,
FN_libARSPM_00428D84,0x428D84,sub_428D84,0x4234BC;0x42EC4C,
FN_libARSPM_00428E38,0x428E38,sub_428E38,0x4234BC,0x427878;0x450244;0x450348;0x450348;0x450348;0x450348;0x450348;0x450348;0x450348;0x450490
FN_libARSPM_004293A4,0x4293A4,sub_4293A4,0x428E38,0x450348;0x450348;0x450348;0x450348;0x450348;0x450348;0x450490;0x450348;0x450490;0x450348
FN_libARSPM_0042953C,0x42953C,sub_42953C,0x428E38,0x450348;0x450244;0x450244
FN_libARSPM_00429628,0x429628,sub_429628,0x4234BC,
FN_libARSPM_00429E8C,0x429E8C,sub_429E8C,0x4234BC;0x425D80,0x4502E0;0x4502E0;0x4502E0;0x42A674;0x4502E0;0x4502E0;0x4502E0;0x4502E0;0x42A674;0x4502E0
FN_libARSPM_0042A674,0x42A674,sub_42A674,0x429E8C;0x429E8C,0x4502E0;0x4502E0;0x4502E0;0x4502E0;0x4502E0;0x4502E0;0x4502E0;0x4502E0;0x4502E0;0x4502E0
FN_libARSPM_0042AEAC,0x42AEAC,sub_42AEAC,0x428E38,0x450348;0x450348;0x450490;0x450348;0x450490;0x450348;0x450490;0x450348;0x450490;0x450348
FN_libARSPM_0042B310,0x42B310,sub_42B310,0x42F4C0,
FN_libARSPM_0042B33C,0x42B33C,sub_42B33C,0x42EC4C,0x4506EC;0x4508DC;0x4508DC;0x4508DC;0x4508DC;0x4508DC
FN_libARSPM_0042B444,0x42B444,sub_42B444,0x4234BC,0x451F4C;0x437F98
FN_libARSPM_0042B484,0x42B484,sub_42B484,0x42B548;0x42B570;0x42DF8C;0x42E080,
FN_libARSPM_0042B488,0x42B488,sub_42B488,,0x451F6C;0x451F6C;0x450A58;0x450A00;0x450A00;0x451F6C;0x451F6C;0x451F6C
FN_libARSPM_0042B544,0x42B544,sub_42B544,0x4234BC;0x4260A0;0x4260EC;0x4260EC,
FN_libARSPM_0042B548,0x42B548,sub_42B548,,0x42B484
FN_libARSPM_0042B570,0x42B570,sub_42B570,0x4260EC,0x451F4C;0x437F98;0x4506EC;0x42B718;0x451F28;0x42B484;0x451F6C;0x451F28
FN_libARSPM_0042B718,0x42B718,sub_42B718,0x42B570;0x42B718;0x42B718;0x42B718;0x42DF8C,0x4508DC;0x42B718;0x4508DC;0x4508DC;0x4508DC;0x42B718;0x451F28;0x451F6C;0x4508DC;0x4508DC
FN_libARSPM_0042CA14,0x42CA14,sub_42CA14,0x4260EC,0x430AF0;0x436C4C;0x4507F8;0x4508DC;0x4507F8;0x4508DC;0x436C4C;0x436C4C
FN_libARSPM_0042D4EC,0x42D4EC,sub_42D4EC,0x42B718;0x42E080,0x450A30;0x4507F8;0x4508DC;0x4507F8;0x4508DC;0x42EAA0;0x4507F8;0x450A30;0x436D00;0x436D00
FN_libARSPM_0042DF88,0x42DF88,sub_42DF88,0x4234BC,
FN_libARSPM_0042DF8C,0x42DF8C,sub_42DF8C,,0x4506EC;0x4508DC;0x4508DC;0x4508DC;0x4508DC;0x4508DC;0x42B484;0x42B718
FN_libARSPM_0042E080,0x42E080,sub_42E080,0x4234BC,0x42F0FC;0x451F28;0x451F28;0x451B2C;0x430AF0;0x449568;0x430AF0;0x4509B0;0x42D4EC;0x42B484
FN_libARSPM_0042E7C4,0x42E7C4,sub_42E7C4,0x42B718;0x42B718;0x42B718;0x42B718;0x42B718;0x42B718;0x42B718;0x42B718;0x42B718;0x42B718,0x4508DC;0x4508DC;0x4508DC;0x4508DC;0x4508DC;0x450A64;0x4508DC;0x4508DC;0x450A64;0x4508DC
FN_libARSPM_0042EAA0,0x42EAA0,sub_42EAA0,0x42D4EC,
FN_libARSPM_0042EBE0,0x42EBE0,sub_42EBE0,0x4234BC,0x42EC4C
FN_libARSPM_0042EC4C,0x42EC4C,sub_42EC4C,0x42EBE0,0x42F340;0x42F478;0x42B33C;0x428D84
FN_libARSPM_0042F00C,0x42F00C,sub_42F00C,0x4232F8;0x4233BC,
FN_libARSPM_0042F028,0x42F028,sub_42F028,0x3E6860,
FN_libARSPM_0042F03C,0x42F03C,sub_42F03C,,0x422F90
FN_libARSPM_0042F080,0x42F080,sub_42F080,0x3E5EE4;0x4233BC;0x42F560;0x42FF10,
FN_libARSPM_0042F0C4,0x42F0C4,sub_42F0C4,0x422CE8,
FN_libARSPM_0042F0FC,0x42F0FC,sub_42F0FC,0x4264B0;0x42E080,0x451C10
FN_libARSPM_0042F340,0x42F340,sub_42F340,0x42EC4C,
FN_libARSPM_0042F478,0x42F478,sub_42F478,0x42EC4C,
FN_libARSPM_0042F4C0,0x42F4C0,sub_42F4C0,,0x42B310
FN_libARSPM_0042F560,0x42F560,sub_42F560,0x3E5EE4,0x42F080;0x451F4C;0x451F4C;0x451F6C;0x451F6C;0x451F4C;0x42F87C
FN_libARSPM_0042F87C,0x42F87C,sub_42F87C,0x3E5EE4;0x3E73B0;0x3E7468;0x42F560,
FN_libARSPM_0042F880,0x42F880,sub_42F880,,0x451F6C;0x451F6C
FN_libARSPM_0042F8D4,0x42F8D4,sub_42F8D4,0x3E5EE4;0x3E5EE4;0x3E64B0;0x3E64B0;0x3E64F4;0x3E64F4,
FN_libARSPM_0042F944,0x42F944,sub_42F944,0x3E5EE4;0x3E64F4;0x3E6860,
FN_libARSPM_0042FA18,0x42FA18,sub_42FA18,0x3E5EE4;0x3E5EE4;0x3E5EE4;0x3E64F4;0x3E64F4;0x3E6860,
FN_libARSPM_0042FA1C,0x42FA1C,sub_42FA1C,0x3E5EE4;0x3E5EE4,
FN_libARSPM_0042FB0C,0x42FB0C,sub_42FB0C,0x3E5EE4;0x3E5EE4,
FN_libARSPM_0042FB10,0x42FB10,sub_42FB10,0x430104,
FN_libARSPM_0042FB4C,0x42FB4C,sub_42FB4C,,0x451F4C;0x42FF10;0x451F6C
FN_libARSPM_0042FF10,0x42FF10,sub_42FF10,0x42FB4C;0x430104,0x42F080
FN_libARSPM_00430104,0x430104,sub_430104,,0x42FB10;0x451F4C;0x451F4C;0x451F6C;0x42FF10;0x451F6C
FN_libARSPM_00430A08,0x430A08,sub_430A08,0x42E080;0x42E080,
FN_libARSPM_00430A70,0x430A70,sub_430A70,0x4275D0;0x4275D0,
FN_libARSPM_00430AF0,0x430AF0,sub_430AF0,0x4264B0;0x42CA14;0x42E080;0x42E080,0x43120C
FN_libARSPM_0043120C,0x43120C,sub_43120C,0x430AF0,
FN_libARSPM_00431FC8,0x431FC8,sub_431FC8,0x425D80,0x432774;0x432778
FN_libARSPM_00432774,0x432774,sub_432774,0x431FC8,
FN_libARSPM_00432778,0x432778,sub_432778,0x431FC8,
FN_libARSPM_0043547C,0x43547C,sub_43547C,0x4260EC,0x435550
FN_libARSPM_00435550,0x435550,sub_435550,0x43547C,
FN_libARSPM_00436C4C,0x436C4C,sub_436C4C,0x42CA14;0x42CA14;0x42CA14,
FN_libARSPM_00436D00,0x436D00,sub_436D00,0x42D4EC;0x42D4EC;0x42E080;0x42E080,
FN_libARSPM_00437C4C,0x437C4C,sub_437C4C,0x42E080;0x42E080,
FN_libARSPM_00437F98,0x437F98,sub_437F98,0x42B444;0x42B570,0x438DC8
FN_libARSPM_00438DC8,0x438DC8,sub_438DC8,0x437F98,
FN_libARSPM_00439BCC,0x439BCC,sub_439BCC,0x451CB0,
FN_libARSPM_00439BF0,0x439BF0,sub_439BF0,0x426FB8;0x426FB8;0x426FB8;0x4272DC;0x4272DC;0x4272DC;0x42E080;0x42E080;0x451DD8,
FN_libARSPM_00439CC4,0x439CC4,sub_439CC4,0x451B2C,0x439D24
FN_libARSPM_00439D24,0x439D24,sub_439D24,0x439CC4,
FN_libARSPM_0043AC10,0x43AC10,sub_43AC10,0x4264B0;0x4264B0,0x43E35C
FN_libARSPM_0043E2E0,0x43E2E0,sub_43E2E0,0x4264B0,
FN_libARSPM_0043E35C,0x43E35C,sub_43E35C,0x43AC10,
FN_libARSPM_0044852C,0x44852C,sub_44852C,0x426A28,
FN_libARSPM_004485E8,0x4485E8,sub_4485E8,0x4264B0,
FN_libARSPM_00449568,0x449568,sub_449568,0x42E080,0x44F3B0
FN_libARSPM_0044F3B0,0x44F3B0,sub_44F3B0,0x449568,
FN_libARSPM_00450228,0x450228,sub_450228,0x4234BC;0x423E2C,
FN_libARSPM_00450244,0x450244,sub_450244,0x428E38;0x42953C;0x42953C,
FN_libARSPM_004502BC,0x4502BC,sub_4502BC,0x423E2C;0x423E2C,
FN_libARSPM_004502E0,0x4502E0,sub_4502E0,0x427888;0x427888;0x427888;0x427888;0x427888;0x427888;0x427888;0x427888;0x427888;0x427888,
FN_libARSPM_00450348,0x450348,sub_450348,0x42880C;0x42880C;0x42880C;0x42880C;0x42880C;0x428E38;0x428E38;0x428E38;0x428E38;0x428E38,
FN_libARSPM_00450490,0x450490,sub_450490,0x428E38;0x428E38;0x428E38;0x428E38;0x428E38;0x428E38;0x428E38;0x428E38;0x4293A4;0x4293A4,
FN_libARSPM_004506EC,0x4506EC,sub_4506EC,0x42B33C;0x42B570;0x42DF8C,
FN_libARSPM_004507F8,0x4507F8,sub_4507F8,0x42CA14;0x42CA14;0x42D4EC;0x42D4EC;0x42D4EC;0x42E7C4,
FN_libARSPM_004508DC,0x4508DC,sub_4508DC,0x42B33C;0x42B33C;0x42B33C;0x42B33C;0x42B33C;0x42B718;0x42B718;0x42B718;0x42B718;0x42B718,
FN_libARSPM_004509B0,0x4509B0,sub_4509B0,0x42B718;0x42E080,0x451F4C
FN_libARSPM_00450A00,0x450A00,sub_450A00,0x42B488;0x42B488;0x42B718;0x42B718,
FN_libARSPM_00450A04,0x450A04,sub_450A04,,0x451F6C
FN_libARSPM_00450A30,0x450A30,sub_450A30,0x42D4EC;0x42D4EC,
FN_libARSPM_00450A4C,0x450A4C,sub_450A4C,0x42B718,
FN_libARSPM_00450A58,0x450A58,sub_450A58,0x42B488;0x42B718;0x42B718,
FN_libARSPM_00450A64,0x450A64,sub_450A64,0x42E7C4;0x42E7C4,0x450B28;0x451F28;0x450B28;0x451F6C
FN_libARSPM_00450B28,0x450B28,sub_450B28,0x450A64;0x450A64,
FN_libARSPM_00451144,0x451144,sub_451144,0x4260EC,
FN_libARSPM_00451160,0x451160,sub_451160,,0x451F28;0x451F6C
FN_libARSPM_00451A88,0x451A88,sub_451A88,0x4240B0,
FN_libARSPM_00451B2C,0x451B2C,sub_451B2C,0x4264B0;0x4264B0;0x4264B0;0x4264B0;0x4264B0;0x4264B0;0x4264B0;0x4264B0;0x42E080,0x439CC4
FN_libARSPM_00451C10,0x451C10,sub_451C10,0x422CE8;0x42F0FC,
FN_libARSPM_00451C90,0x451C90,sub_451C90,0x426FB8;0x42E080;0x42E080,
FN_libARSPM_00451CB0,0x451CB0,sub_451CB0,0x426FB8;0x426FB8;0x426FB8;0x427248;0x4275D0;0x4275D0;0x4275D0;0x4275D0;0x42E080;0x42E080,0x439BCC
FN_libARSPM_00451DD8,0x451DD8,sub_451DD8,0x4275D0;0x4275D0;0x4275D0;0x4275D0,0x439BF0
FN_libARSPM_00451E48,0x451E48,sub_451E48,0x4234BC;0x424114;0x424114;0x425D14;0x425D80;0x428C54;0x428D08,
FN_libARSPM_00451F28,0x451F28,sub_451F28,0x422CE8;0x4234BC;0x425D80;0x4260EC;0x4264B0;0x4264B0;0x4264B0;0x42B570;0x42B570;0x42B718,
FN_libARSPM_00451F4C,0x451F4C,sub_451F4C,0x4232F8;0x4233BC;0x4260EC;0x428C54;0x42B444;0x42B570;0x42B718;0x42F560;0x42F560;0x42F560,
FN_libARSPM_00451F6C,0x451F6C,sub_451F6C,0x422FD8;0x4234BC;0x4234BC;0x425D80;0x4260A0;0x4260A0;0x4260EC;0x4260EC;0x4260EC;0x426A28,
FN_libARSPM_00451F70,0x451F70,sub_451F70,0x423008;0x423008;0x423008;0x423008;0x426CCC;0x426CCC;0x426CCC,
FN_libARSPM_00451FDC,0x451FDC,sub_451FDC,0x455A34,
FN_libARSPM_00452008,0x452008,sub_452008,,0x4551F4;0x454918;0x454F14;0x454C48;0x452374;0x45505C;0x452520;0x453E90;0x454DE0;0x45467C
FN_libARSPM_00452374,0x452374,sub_452374,0x452008,
FN_libARSPM_00452520,0x452520,sub_452520,0x452008,
FN_libARSPM_004526FC,0x4526FC,sub_4526FC,0x452008,
FN_libARSPM_00453E90,0x453E90,sub_453E90,0x452008,
FN_libARSPM_0045467C,0x45467C,sub_45467C,0x452008,
FN_libARSPM_004547B8,0x4547B8,sub_4547B8,0x452008,
FN_libARSPM_00454918,0x454918,sub_454918,0x452008,
FN_libARSPM_00454AB0,0x454AB0,sub_454AB0,0x452008,
FN_libARSPM_00454C48,0x454C48,sub_454C48,0x452008,
FN_libARSPM_00454DE0,0x454DE0,sub_454DE0,0x452008,
FN_libARSPM_00454F14,0x454F14,sub_454F14,0x452008,
FN_libARSPM_0045505C,0x45505C,sub_45505C,0x452008,
FN_libARSPM_004551F4,0x4551F4,sub_4551F4,0x452008,
FN_libARSPM_00455394,0x455394,sub_455394,0x455A34,
FN_libARSPM_00455A34,0x455A34,sub_455A34,0x3E8890,0x456B24;0x451FDC;0x455394
FN_libARSPM_00456B24,0x456B24,sub_456B24,0x3E7F44;0x455A34,0x457144;0x458248
FN_libARSPM_00457144,0x457144,sub_457144,0x3E8CBC;0x456B24,0x458248
FN_libARSPM_00457BC0,0x457BC0,sub_457BC0,0x3E8494,
FN_libARSPM_00457C38,0x457C38,sub_457C38,0x3E8C8C,
FN_libARSPM_00457CC0,0x457CC0,sub_457CC0,0x3E7F44;0x3E7F44;0x3E8890;0x3E8890;0x3E89D8,
FN_libARSPM_00457CF8,0x457CF8,sub_457CF8,0x3E7DEC,
FN_libARSPM_00457D90,0x457D90,sub_457D90,0x3E8CBC,
FN_libARSPM_004580D0,0x4580D0,sub_4580D0,0x3E8E50,
FN_libARSPM_004580DC,0x4580DC,sub_4580DC,0x3E8CBC,
FN_libARSPM_00458240,0x458240,sub_458240,0x3E8CBC;0x3E8E50,
FN_libARSPM_00458248,0x458248,sub_458248,0x456B24;0x457144,
FN_libARSPM_00466914,0x466914,sub_466914,,0x1756D8
FN_libARSPM_0046696C,0x46696C,sub_46696C,0x466EE0;0x467338,0x21350C;0x4ECB10;0x14803C;0x148054;0x467DAC
FN_libARSPM_00466AA0,0x466AA0,sub_466AA0,0x466D00,0x468894;0x468848;0x1681D8;0x134F28;0x167F28;0x135B2C;0x1E49A4;0x1368C8;0x4ECB10;0x4ECB10
FN_libARSPM_00466D00,0x466D00,sub_466D00,,0x466AA0;0x4ECB10;0x4ECB10;0x4ECA80
FN_libARSPM_00466DCC,0x466DCC,sub_466DCC,0x12D004,0x2667A4;0x1D91C4;0x1D91C4;0x1D93F8
FN_libARSPM_00466E74,0x466E74,sub_466E74,,0x468D38;0x468D38;0x1484E4;0x1D93F8;0x1D93F8
FN_libARSPM_00466EE0,0x466EE0,sub_466EE0,,0x468D38;0x468D38;0x1484E4;0x1D93F8;0x1D93F8;0x4ECA80;0x46696C;0x4ECB10;0x14803C;0x148054
FN_libARSPM_0046706C,0x46706C,sub_46706C,0x12FF20,
FN_libARSPM_004670A0,0x4670A0,sub_4670A0,,0x4ECAB0;0x136DB8;0x1D8FB8;0x1472A8;0x1D944C;0x1D9180;0x4ECA80;0x1D91C4;0x467A88;0x467C24
FN_libARSPM_004672DC,0x4672DC,sub_4672DC,0x12D004;0x12F6E0;0x131D74,
FN_libARSPM_00467338,0x467338,sub_467338,,0x467460;0x46696C;0x4ECB10;0x14803C;0x148054;0x4ECB10;0x14803C;0x148054
FN_libARSPM_00467460,0x467460,sub_467460,0x467338;0x467594,0x468E40;0x148298;0x468E40;0x4ECB10;0x14803C;0x148054
FN_libARSPM_00467594,0x467594,sub_467594,,0x467460;0x1DFC68;0x4ECB10;0x14803C;0x148054;0x4ECB10;0x14803C;0x148054
FN_libARSPM_00467698,0x467698,sub_467698,,0x4ECB10;0x468038
FN_libARSPM_00467704,0x467704,sub_467704,,0x4ECB10;0x468038
FN_libARSPM_00467774,0x467774,sub_467774,,0x1D93F8
FN_libARSPM_0046779C,0x46779C,sub_46779C,,0x4ECB10
FN_libARSPM_004677F4,0x4677F4,sub_4677F4,,0x1D93F8;0x4ECB10;0x136CD8;0x4ECB10
FN_libARSPM_004678EC,0x4678EC,sub_4678EC,,0x1D93F8;0x4ECB10;0x136CD8;0x4ECB10
FN_libARSPM_004679D8,0x4679D8,sub_4679D8,,0x4ECB10
FN_libARSPM_00467A30,0x467A30,sub_467A30,,0x4ECB10
FN_libARSPM_00467A88,0x467A88,sub_467A88,0x4670A0,0x467C24;0x1D93F8;0x4ECB10
FN_libARSPM_00467C24,0x467C24,sub_467C24,0x4670A0;0x467A88,0x1472A8;0x1D944C;0x1D91C4;0x4ECB10;0x1D93F8;0x1D91C4
FN_libARSPM_00467DAC,0x467DAC,sub_467DAC,0x46696C,0x167CA8;0x131100;0x167DE0;0x167CB0;0x2148DC;0x468930;0x4ECB10;0x265E94;0x1E6410;0x4ECB10
FN_libARSPM_00468038,0x468038,sub_468038,0x467698;0x467704,0x4ECB10;0x167CB0;0x4ECA80;0x167F28;0x167FA8;0x148298;0x1756D8;0x18B76C;0x18C3A0;0x167D08
FN_libARSPM_00468848,0x468848,sub_468848,0x466AA0,
FN_libARSPM_00468858,0x468858,sub_468858,,0x4ECA80
FN_libARSPM_00468894,0x468894,sub_468894,0x466AA0,
FN_libARSPM_00468930,0x468930,sub_468930,0x467DAC,0x4ECB10;0x468B50;0x15E650
FN_libARSPM_00468B50,0x468B50,sub_468B50,0x468930;0x468B64,0x15E638
FN_libARSPM_00468B64,0x468B64,sub_468B64,0x467DAC,0x4ECB10;0x468B50;0x15E650
FN_libARSPM_00468D38,0x468D38,sub_468D38,0x466E74;0x466E74;0x466EE0;0x466EE0,0x1D8FB8;0x1D8E10;0x1D9D38
FN_libARSPM_00468DA0,0x468DA0,sub_468DA0,0x4DEFD4,
FN_libARSPM_00468DEC,0x468DEC,sub_468DEC,0x4DEFD4,
FN_libARSPM_00468E40,0x468E40,sub_468E40,0x467460;0x467460,
FN_libARSPM_00469084,0x469084,sub_469084,0x469A9C;0x46EA64;0x46EA64;0x46EBE8;0x470784;0x470784;0x470784;0x470784;0x4733AC;0x477C90,0x46BEB0;0x2CFAA0;0x1D8FA8;0x1D93F8
FN_libARSPM_00469198,0x469198,sub_469198,0x470784;0x493E28,0x4693B4;0x46BDBC;0x4ECA80;0x469504;0x4ECB10;0x4ECA80;0x469504;0x46B5C4;0x4ECB10;0x4ECA80
FN_libARSPM_004693B4,0x4693B4,sub_4693B4,0x469198,0x4ECA80;0x4ECA80;0x4AC9E4;0x4ECB10;0x46BDBC;0x4780DC;0x4ECB10;0x477B04
FN_libARSPM_00469504,0x469504,sub_469504,0x469198;0x469198,0x46BDBC;0x1D8FB8;0x4ECA80;0x4745EC;0x4ECB10;0x1D93F8
FN_libARSPM_0046966C,0x46966C,sub_46966C,0x46A380,0x4ECA80;0x473C88;0x4ECB10;0x4ECB10
FN_libARSPM_004697D0,0x4697D0,sub_4697D0,0x46A380,0x46BDBC;0x469A9C;0x46BDBC;0x46BDBC;0x469C30;0x46BDBC;0x46BDBC;0x491B14;0x46BDBC;0x46EBE8
FN_libARSPM_00469A9C,0x469A9C,sub_469A9C,0x4697D0,0x469084;0x46BDBC;0x46BDBC;0x4736D8;0x46BDBC;0x4736D8
FN_libARSPM_00469C30,0x469C30,sub_469C30,0x4697D0,0x46B8F8;0x1D93F8;0x1D93F8;0x1D93F8;0x46BDBC;0x1D8FA8;0x1D8FA8;0x473890;0x1D9534;0x1D91C4
FN_libARSPM_00469D54,0x469D54,sub_469D54,0x4815B4;0x491894;0x499A18;0x499B44,0x46BDBC;0x1D8FB8;0x4ECA80;0x473F64;0x4ECB10;0x1D93F8
FN_libARSPM_00469EB8,0x469EB8,sub_469EB8,0x49CD2C,0x46BDBC;0x1D8FB8;0x4ECA80;0x4746A8;0x4ECB10;0x1D93F8
FN_libARSPM_0046A018,0x46A018,sub_46A018,0x476C64,
FN_libARSPM_0046A0B0,0x46A0B0,sub_46A0B0,0x477C90;0x477C90,0x4ECA80
FN_libARSPM_0046A0E4,0x46A0E4,sub_46A0E4,0x4702C4;0x470784;0x47B7C8;0x490ED0;0x493E28;0x493E28,0x46BDBC
FN_libARSPM_0046A154,0x46A154,sub_46A154,0x12D004,
FN_libARSPM_0046A178,0x46A178,sub_46A178,0x12D004;0x12D004,0x4ECB10;0x4ECB10;0x4ECB10;0x4ECB10;0x4ECB10;0x4ECB10;0x4ECB10
FN_libARSPM_0046A2D0,0x46A2D0,sub_46A2D0,0x12D004,0x4ECB10
FN_libARSPM_0046A328,0x46A328,sub_46A328,0x12D004,0x4ECB10
FN_libARSPM_0046A380,0x46A380,sub_46A380,0x12D004,0x207B3C;0x207B3C;0x4ECA80;0x46C260;0x46BDBC;0x1D8FA8;0x1D8FA8;0x473890;0x1D9534;0x1D93F8
FN_libARSPM_0046AA54,0x46AA54,sub_46AA54,0x46A380,0x4ECB10;0x4ECB10
FN_libARSPM_0046AB10,0x46AB10,sub_46AB10,0x46A380,0x1D93F8;0x4ECB10;0x4ECB10;0x46B288;0x1D93F8;0x1D93F8;0x4ECB10;0x4ECB10;0x4ECB10;0x4ECB10
FN_libARSPM_0046AE48,0x46AE48,sub_46AE48,0x1308BC,0x1D93F8;0x4ECB10;0x4ECB10
FN_libARSPM_0046AF0C,0x46AF0C,sub_46AF0C,0x12CE04,0x207B3C;0x207B3C;0x137BAC;0x137BB4;0x173384;0x13A594;0x13AA08;0x137C54;0x4AED24;0x137398
FN_libARSPM_0046B27C,0x46B27C,sub_46B27C,0x12CC60;0x12D3AC,
FN_libARSPM_0046B288,0x46B288,sub_46B288,0x46AB10;0x491B14;0x491B14;0x492D38;0x492EC4,0x18D3DC;0x4ECB10;0x4ECB10;0x4ECB10;0x1D93F8;0x1D93F8
FN_libARSPM_0046B3D4,0x46B3D4,sub_46B3D4,,0x4ECB10;0x4ECB10
FN_libARSPM_0046B4BC,0x46B4BC,sub_46B4BC,,0x4ECB10;0x4ECB10
FN_libARSPM_0046B5C4,0x46B5C4,sub_46B5C4,0x469198;0x470784;0x470784;0x472CA4;0x472E8C;0x476C64;0x4775B4;0x477A3C;0x477C90;0x47BF70,0x4ECB10;0x46B798;0x15E650
FN_libARSPM_0046B798,0x46B798,sub_46B798,0x46B5C4;0x46F74C;0x495700;0x495CD0,0x15E638
FN_libARSPM_0046B7AC,0x46B7AC,sub_46B7AC,0x469C30,0x46B8F8;0x1D93F8
FN_libARSPM_0046B8F8,0x46B8F8,sub_46B8F8,0x469C30;0x46B7AC,0x1472A8;0x1D944C;0x1D91C4;0x1D93F8;0x1D91C4
FN_libARSPM_0046BA94,0x46BA94,sub_46BA94,,0x4ECA80;0x4ECA80
FN_libARSPM_0046BB74,0x46BB74,sub_46BB74,,0x4ECA80;0x4ECA80
FN_libARSPM_0046BC54,0x46BC54,sub_46BC54,,0x4ECA80;0x4ECA80
FN_libARSPM_0046BD34,0x46BD34,sub_46BD34,,0x4ECA80;0x4ECA80
FN_libARSPM_0046BDB0,0x46BDB0,sub_46BDB0,0x47BC04,
FN_libARSPM_0046BDBC,0x46BDBC,sub_46BDBC,0x469198;0x4693B4;0x469504;0x4697D0;0x4697D0;0x4697D0;0x4697D0;0x4697D0;0x4697D0;0x469A9C,
FN_libARSPM_0046BEB0,0x46BEB0,sub_46BEB0,0x469084,0x46BF44;0x1D542C;0x1D90A0;0x4ECB10;0x14803C;0x148054;0x1D523C
FN_libARSPM_0046BF44,0x46BF44,sub_46BF44,0x46BEB0;0x46BF44;0x46BF44;0x46BF44;0x46BF44;0x46BF44;0x46BF44,0x46BF44;0x46BF44;0x46BF44;0x46BF44;0x46BF44;0x46BF44
FN_libARSPM_0046C260,0x46C260,sub_46C260,0x46A380,0x14119C;0x1D8FA8;0x1D93F8;0x46D494;0x46E1B4;0x46D494;0x46E1B4;0x46E730;0x46E730;0x46D46C
FN_libARSPM_0046D46C,0x46D46C,sub_46D46C,0x46C260;0x46E1B4;0x46E730;0x46E8B0,0x15E638
FN_libARSPM_0046D480,0x46D480,sub_46D480,0x46D494;0x46E490;0x4B4E6C,0x15E638
FN_libARSPM_0046D494,0x46D494,sub_46D494,0x46C260;0x46C260,0x208398;0x134CB4;0x46E490;0x46D480
FN_libARSPM_0046E1B4,0x46E1B4,sub_46E1B4,0x46C260;0x46C260,0x14130C;0x46D46C;0x15E650
FN_libARSPM_0046E490,0x46E490,sub_46E490,0x46D494,0x46D480
FN_libARSPM_0046E730,0x46E730,sub_46E730,0x46C260;0x46C260,0x46D46C;0x15E650
FN_libARSPM_0046E8B0,0x46E8B0,sub_46E8B0,0x46C260,0x46D46C;0x15E650
FN_libARSPM_0046EA64,0x46EA64,sub_46EA64,0x48F77C;0x490578;0x490ED0,0x46BDBC;0x1D8FA8;0x1D8FA8;0x473890;0x1D9534;0x1D93F8;0x1472A8;0x1D944C;0x469084;0x469084
FN_libARSPM_0046EBE8,0x46EBE8,sub_46EBE8,0x4697D0;0x490ED0,0x46BDBC;0x46BDBC;0x47382C;0x46BDBC;0x4736D8;0x46BDBC;0x4736D8;0x46BDBC;0x46EF30;0x469084
FN_libARSPM_0046EF30,0x46EF30,sub_46EF30,0x46EBE8,0x46F74C;0x4700C8;0x46F738
FN_libARSPM_0046F02C,0x46F02C,sub_46F02C,0x4697D0;0x490ED0,0x4ECB10;0x4700C8
FN_libARSPM_0046F104,0x46F104,sub_46F104,0x470564;0x47EE80,
FN_libARSPM_0046F1B4,0x46F1B4,sub_46F1B4,0x4697D0;0x490ED0,0x470208;0x4ECB10;0x46F5C0;0x470784;0x46FD48;0x4ECB10;0x4ECB10;0x4AA86C;0x4ECB10;0x4ECB10
FN_libARSPM_0046F5C0,0x46F5C0,sub_46F5C0,0x46F1B4;0x470784;0x49DE5C,0x4ECB10;0x46FD34
FN_libARSPM_0046F738,0x46F738,sub_46F738,0x46EF30;0x46F8A0,0x15E638
FN_libARSPM_0046F74C,0x46F74C,sub_46F74C,0x46EF30;0x46F8A0,0x4ECA80;0x4ECA80;0x4ECA80;0x4ECA80;0x4ECA80;0x46B798
FN_libARSPM_0046F8A0,0x46F8A0,sub_46F8A0,0x46EBE8,0x46FF1C;0x46F74C;0x4700C8;0x46F738;0x15E650
FN_libARSPM_0046F9E8,0x46F9E8,sub_46F9E8,0x46EBE8,0x46FB14
FN_libARSPM_0046FB14,0x46FB14,sub_46FB14,0x46F9E8,
FN_libARSPM_0046FD34,0x46FD34,sub_46FD34,0x46F5C0;0x46FD48;0x49D98C,0x15E638
FN_libARSPM_0046FD48,0x46FD48,sub_46FD48,0x46F1B4;0x470784;0x493E28;0x493E28;0x495EF0;0x49E614;0x49E88C;0x4AAB54,0x4ECB10;0x46FD34;0x15E650
FN_libARSPM_0046FF1C,0x46FF1C,sub_46FF1C,0x46EBE8;0x46F8A0,0x46BDBC;0x4737B0;0x46BDBC;0x4737B0;0x46BDBC;0x4737B0;0x46BDBC;0x4737B0;0x46BDBC;0x4736D8
FN_libARSPM_004700B8,0x4700B8,sub_4700B8,0x46EBE8,
FN_libARSPM_004700C8,0x4700C8,sub_4700C8,0x46EF30;0x46F02C;0x46F8A0,0x4ECB10;0x4ECB10;0x4ECB10;0x4ECB10;0x4ECB10
FN_libARSPM_00470208,0x470208,sub_470208,0x46EBE8;0x46F1B4,0x4702C4;0x4ECB10;0x4ECB10;0x4ECA80
FN_libARSPM_004702C4,0x4702C4,sub_4702C4,0x470208;0x470564,0x46A0E4;0x470564;0x4ECB10;0x4ECB10;0x4ECB10;0x4ECB10;0x4ECA80
FN_libARSPM_00470564,0x470564,sub_470564,0x4702C4,0x46BDBC;0x46F104;0x4702C4;0x4ECA80;0x476C64;0x4775B4;0x4B02C4;0x472CA4;0x4ECB10;0x4ECB10
FN_libARSPM_00470784,0x470784,sub_470784,0x46F1B4,0x46A0E4;0x46BDBC;0x4736D8;0x46BDBC;0x4736D8;0x4AD168;0x4A78F0;0x4ECB10;0x4ECB10;0x4ECB10
FN_libARSPM_00471DFC,0x471DFC,sub_471DFC,0x470784;0x496B3C,0x4ECB10;0x4723B8
FN_libARSPM_00471F08,0x471F08,sub_471F08,0x470784;0x470784,0x4ECA80;0x4A8D74;0x4ECB10;0x4ECB10;0x4ECB10;0x4ECB10;0x4ECA80;0x4ADB70;0x4ECB10;0x4ECB10
FN_libARSPM_00472120,0x472120,sub_472120,,0x4ECB10;0x4ECB10;0x4ECB10
FN_libARSPM_00472228,0x472228,sub_472228,,0x4ECB10;0x4ECB10;0x4ECB10
FN_libARSPM_00472318,0x472318,sub_472318,,0x4AC658
FN_libARSPM_004723B8,0x4723B8,sub_4723B8,0x471DFC;0x4723CC,0x15E638
FN_libARSPM_004723CC,0x4723CC,sub_4723CC,0x470784;0x496B3C,0x4ECB10;0x4723B8;0x15E650
FN_libARSPM_0047251C,0x47251C,sub_47251C,,0x4ECB10;0x4ECB10
FN_libARSPM_004725E8,0x4725E8,sub_4725E8,,0x4ECB10;0x4ECB10
FN_libARSPM_0047269C,0x47269C,sub_47269C,,0x4AECB4;0x4AECC4
FN_libARSPM_00472780,0x472780,sub_472780,,0x4ECB10
FN_libARSPM_004727CC,0x4727CC,sub_4727CC,,0x4ECB10
FN_libARSPM_00472830,0x472830,sub_472830,,0x4AC658
FN_libARSPM_00472850,0x472850,sub_472850,0x472CA4,0x476F78;0x46BDBC;0x46BDBC
FN_libARSPM_0047290C,0x47290C,sub_47290C,,0x4771B4
FN_libARSPM_00472930,0x472930,sub_472930,,0x47737C;0x477374;0x477384;0x4729B8
FN_libARSPM_004729B8,0x4729B8,sub_4729B8,0x472930;0x472BF0,0x16A0C4;0x16A0C4;0x169990;0x16A0C4;0x169990;0x16A1F4;0x169990;0x169990;0x16A3D8;0x169990
FN_libARSPM_00472BF0,0x472BF0,sub_472BF0,0x46EBE8,0x4729B8;0x4B00B4
FN_libARSPM_00472CA4,0x472CA4,sub_472CA4,0x470564,0x472850;0x4ECA80;0x46B5C4;0x4ECB10;0x4ECA80;0x4B00E4;0x4ECB10;0x4ECB10;0x4ECB10
FN_libARSPM_00472E4C,0x472E4C,sub_472E4C,,0x4AC324
FN_libARSPM_00472E8C,0x472E8C,sub_472E8C,0x470784;0x493DDC;0x49C52C,0x18D2E0;0x4AD064;0x18D3DC;0x4794F0;0x477B04;0x4ECA80;0x4ECB10;0x46B5C4;0x4ECB10;0x4ECB10
FN_libARSPM_00473060,0x473060,sub_473060,,0x4ECB10;0x4ECB10
FN_libARSPM_00473158,0x473158,sub_473158,,0x4ECB10;0x4ECB10
FN_libARSPM_00473238,0x473238,sub_473238,,0x47934C;0x18D4D8;0x18D428;0x4AC658;0x18D3DC
FN_libARSPM_004732C0,0x4732C0,sub_4732C0,,0x4ECB10;0x4ECB10
FN_libARSPM_004733AC,0x4733AC,sub_4733AC,0x470784;0x493E28;0x493E28,0x46BDBC;0x47382C;0x141780;0x4AE710;0x4ECB10;0x4ECB10;0x4ECB10;0x4ECB10;0x4ECB10;0x1BEC48
FN_libARSPM_004735FC,0x4735FC,sub_4735FC,0x4733AC,0x1D8FB8;0x1D91C4;0x1BDC14;0x1D93F8;0x1D93F8;0x1D93F8;0x4ECB10
FN_libARSPM_004736D8,0x4736D8,sub_4736D8,0x469A9C;0x469A9C;0x46A380;0x46A380;0x46A380;0x46A380;0x46A380;0x46EBE8;0x46EBE8;0x46FF1C,
FN_libARSPM_00473750,0x473750,sub_473750,0x470784;0x470784;0x470784;0x470784;0x477C90;0x478B54;0x47957C;0x47957C;0x47AFB0;0x493E28,
FN_libARSPM_004737B0,0x4737B0,sub_4737B0,0x46EBE8;0x46FF1C;0x46FF1C;0x46FF1C;0x46FF1C;0x46FF1C;0x47B5E0;0x47EE80;0x48FAAC;0x48FAAC,
FN_libARSPM_0047382C,0x47382C,sub_47382C,0x46EBE8;0x470784;0x4733AC;0x47BA28;0x496CA8;0x498F00;0x4995F4;0x4995F4;0x49B7F8;0x49CD2C,
FN_libARSPM_00473890,0x473890,sub_473890,0x469C30;0x46A380;0x46EA64,
FN_libARSPM_004738A4,0x4738A4,sub_4738A4,,0x1D97C8
FN_libARSPM_00473918,0x473918,sub_473918,0x479FEC;0x479FEC;0x479FEC,
FN_libARSPM_00473A24,0x473A24,sub_473A24,0x478B54;0x478B54,
FN_libARSPM_00473A34,0x473A34,sub_473A34,,0x46BDBC;0x46BDBC
FN_libARSPM_00473B6C,0x473B6C,sub_473B6C,0x4A70BC;0x4A70BC,
FN_libARSPM_00473B7C,0x473B7C,sub_473B7C,,0x1DF4DC
FN_libARSPM_00473C88,0x473C88,sub_473C88,0x46966C,0x4ECA80
FN_libARSPM_00473CEC,0x473CEC,sub_473CEC,0x473F40,0x4ECB10;0x4ECB10;0x1D93F8;0x4ECB10;0x2666F8;0x1D93F8;0x4ECB10;0x2666F8;0x474918;0x474A28
FN_libARSPM_00473F40,0x473F40,sub_473F40,,0x473CEC
FN_libARSPM_00473F64,0x473F64,sub_473F64,0x469D54,0x473FD0;0x475114
FN_libARSPM_00473FD0,0x473FD0,sub_473FD0,0x473F64,0x1472A8;0x1D944C;0x1D9180;0x474B38;0x4ECB10;0x4ECB10;0x2666F8;0x1D93F8
FN_libARSPM_0047416C,0x47416C,sub_47416C,0x48FAAC,0x4741EC;0x474354
FN_libARSPM_004741EC,0x4741EC,sub_4741EC,0x47416C,0x1472A8;0x1D944C;0x1D9180;0x47539C;0x4ECB10;0x2666F8;0x1D93F8
FN_libARSPM_00474354,0x474354,sub_474354,0x47416C,0x1349B8;0x1348D0;0x2666F8;0x4ECA80
FN_libARSPM_00474450,0x474450,sub_474450,0x4745EC,0x1472A8;0x1D944C;0x1D9180;0x475938;0x4ECB10;0x4ECB10;0x2666F8;0x1D93F8
FN_libARSPM_004745EC,0x4745EC,sub_4745EC,0x469504,0x474450;0x4ECA80;0x4ECA80;0x475F14;0x4ECB10
FN_libARSPM_004746A8,0x4746A8,sub_4746A8,0x469EB8,0x4746D0
FN_libARSPM_004746D0,0x4746D0,sub_4746D0,0x4746A8,0x1472A8;0x1D944C;0x1D9180;0x476098;0x4ECB10;0x2666F8;0x1D93F8;0x1349B8;0x1348D0;0x2666F8
FN_libARSPM_00474918,0x474918,sub_474918,0x473CEC;0x475A58;0x475A58,
FN_libARSPM_0047491C,0x47491C,sub_47491C,,0x1D93F8;0x4ECB10;0x4ECB10;0x2666F8
FN_libARSPM_00474A28,0x474A28,sub_474A28,0x473CEC;0x474C58;0x474C58,
FN_libARSPM_00474A2C,0x474A2C,sub_474A2C,,0x1D93F8;0x4ECB10;0x4ECB10;0x2666F8
FN_libARSPM_00474B38,0x474B38,sub_474B38,0x473FD0,0x1D91C4;0x474F9C;0x474C58;0x474D98;0x4ECB10;0x4ECB10;0x2666F8;0x1D93F8
FN_libARSPM_00474C58,0x474C58,sub_474C58,0x474B38,0x474A28;0x474D98;0x474A28
FN_libARSPM_00474D98,0x474D98,sub_474D98,0x474B38;0x474C58,0x1472A8;0x1D944C;0x474EA0;0x474EA0
FN_libARSPM_00474EA0,0x474EA0,sub_474EA0,0x474D98;0x474D98,0x4ECB10;0x4ECB10;0x2666F8;0x1D93F8;0x1D91C4;0x474F9C
FN_libARSPM_00474F9C,0x474F9C,sub_474F9C,0x474B38;0x474EA0,0x1348D0;0x4ECB10;0x4ECB10
FN_libARSPM_00475114,0x475114,sub_475114,0x473F64,0x1349B8;0x1348D0;0x4ECB10;0x4ECB10;0x2666F8
FN_libARSPM_00475298,0x475298,sub_475298,,0x4ECB10
FN_libARSPM_004752E4,0x4752E4,sub_4752E4,,0x4ECB10
FN_libARSPM_0047534C,0x47534C,sub_47534C,,0x1756D8
FN_libARSPM_0047539C,0x47539C,sub_47539C,0x4741EC,0x1D91C4;0x1348D0;0x47551C;0x4756D8;0x4ECB10;0x2666F8;0x1D93F8
FN_libARSPM_0047551C,0x47551C,sub_47551C,0x47539C,0x4756D8;0x1D93F8;0x4ECB10;0x2666F8
FN_libARSPM_004756D8,0x4756D8,sub_4756D8,0x47539C;0x47551C,0x1472A8;0x1D944C;0x4757E0;0x4757E0
FN_libARSPM_004757E0,0x4757E0,sub_4757E0,0x4756D8;0x4756D8,0x4ECB10;0x2666F8;0x1D93F8;0x1D91C4;0x1348D0
FN_libARSPM_00475938,0x475938,sub_475938,0x474450,0x1D91C4;0x475D9C;0x475A58;0x475B98;0x4ECB10;0x4ECB10;0x2666F8;0x1D93F8
FN_libARSPM_00475A58,0x475A58,sub_475A58,0x475938,0x474918;0x475B98;0x474918
FN_libARSPM_00475B98,0x475B98,sub_475B98,0x475938;0x475A58,0x1472A8;0x1D944C;0x475CA0;0x475CA0
FN_libARSPM_00475CA0,0x475CA0,sub_475CA0,0x475B98;0x475B98,0x4ECB10;0x4ECB10;0x2666F8;0x1D93F8;0x1D91C4;0x475D9C
FN_libARSPM_00475D9C,0x475D9C,sub_475D9C,0x475938;0x475CA0,0x1348D0;0x4ECB10;0x4ECB10
FN_libARSPM_00475F14,0x475F14,sub_475F14,0x4745EC,0x1349B8;0x1348D0;0x4ECB10;0x4ECB10;0x2666F8
FN_libARSPM_00476098,0x476098,sub_476098,0x4746D0,0x1D91C4;0x1348D0;0x476218;0x4763D4;0x4ECB10;0x2666F8;0x1D93F8
FN_libARSPM_00476218,0x476218,sub_476218,0x476098,0x4763D4;0x1D93F8;0x4ECB10;0x2666F8
FN_libARSPM_004763D4,0x4763D4,sub_4763D4,0x476098;0x476218,0x1472A8;0x1D944C;0x4764DC;0x4764DC
FN_libARSPM_004764DC,0x4764DC,sub_4764DC,0x4763D4;0x4763D4,0x4ECB10;0x2666F8;0x1D93F8;0x1D91C4;0x1348D0
FN_libARSPM_00476634,0x476634,sub_476634,0x476C64;0x48E3F8,0x1756D8;0x4B00B4;0x479AEC;0x479AEC;0x4780DC;0x4780DC;0x4780DC
FN_libARSPM_004767A8,0x4767A8,sub_4767A8,,0x4ECB10;0x4ECB10
FN_libARSPM_00476890,0x476890,sub_476890,,0x4ECB10;0x4ECB10
FN_libARSPM_00476960,0x476960,sub_476960,,0x4769C0;0x1727BC;0x4AC658
FN_libARSPM_004769C0,0x4769C0,sub_4769C0,0x476960;0x476BFC;0x476C64,0x172A20;0x173010;0x1734FC;0x173010;0x1732E0;0x1734FC;0x173010;0x1734FC;0x1756D8;0x1734FC
FN_libARSPM_00476BFC,0x476BFC,sub_476BFC,0x48EA58,0x4769C0;0x1727BC;0x4AC658
FN_libARSPM_00476C64,0x476C64,sub_476C64,0x470564;0x493E28;0x49C250,0x46BDBC;0x46BDBC;0x46BDBC;0x46BDBC;0x46BDBC;0x46BDBC;0x476634;0x477B04;0x46A018;0x4ECA80
FN_libARSPM_00476F78,0x476F78,sub_476F78,0x472850;0x4775B4,0x4B00B4;0x46BDBC;0x47AFB0;0x46BDBC;0x47AFB0;0x46BDBC;0x47AFB0;0x46BDBC;0x4780DC;0x46BDBC
FN_libARSPM_004771B4,0x4771B4,sub_4771B4,0x47290C;0x4772E8,0x4ECB10;0x4ECB10
FN_libARSPM_004772E8,0x4772E8,sub_4772E8,,0x4771B4
FN_libARSPM_0047730C,0x47730C,sub_47730C,,0x16993C;0x4AC658
FN_libARSPM_00477374,0x477374,sub_477374,0x472930,
FN_libARSPM_0047737C,0x47737C,sub_47737C,0x472930,
FN_libARSPM_00477384,0x477384,sub_477384,0x472930,0x47A898
FN_libARSPM_004773BC,0x4773BC,sub_4773BC,,0x47A898;0x47A898;0x47A898;0x47A898;0x16A0C4;0x169990;0x16A0C4;0x169990;0x16A0C4;0x169990
FN_libARSPM_004775B4,0x4775B4,sub_4775B4,0x470564,0x476F78;0x477B04;0x4ECA80;0x16993C;0x46B5C4;0x4ECB10;0x4ECA80;0x4B00E4;0x4ECB10;0x4ECB10
FN_libARSPM_0047779C,0x47779C,sub_47779C,,0x4ECB10;0x4ECB10
FN_libARSPM_00477888,0x477888,sub_477888,,0x4ECB10;0x4ECB10
FN_libARSPM_00477974,0x477974,sub_477974,,0x4AC324
FN_libARSPM_00477A3C,0x477A3C,sub_477A3C,0x48E3F8;0x4995F4,0x4ECA80;0x46B5C4;0x4ECB10
FN_libARSPM_00477B04,0x477B04,sub_477B04,0x4693B4;0x472E8C;0x476C64;0x4775B4;0x47C670;0x47CE40;0x47DA1C;0x47EE80;0x480068;0x480684,
FN_libARSPM_00477B0C,0x477B0C,sub_477B0C,,0x4ECB10;0x15E650
FN_libARSPM_00477C90,0x477C90,sub_477C90,0x4780DC;0x4794F0;0x47957C;0x47AFB0;0x4A1568,0x46BDBC;0x46BDBC;0x46BDBC;0x469084;0x46BDBC;0x46BDBC;0x46BDBC;0x46A0B0;0x4ECB10;0x46A0B0
FN_libARSPM_0047802C,0x47802C,sub_47802C,,0x4ECB10
FN_libARSPM_004780DC,0x4780DC,sub_4780DC,0x4693B4;0x470784;0x476634;0x476634;0x476634;0x476F78;0x476F78;0x476F78;0x47957C;0x47957C,0x477C90;0x4785E8
FN_libARSPM_00478140,0x478140,sub_478140,,0x4785E8
FN_libARSPM_00478164,0x478164,sub_478164,,0x47863C
FN_libARSPM_004781F0,0x4781F0,sub_4781F0,,0x4ECA80;0x4ECB10
FN_libARSPM_004782E8,0x4782E8,sub_4782E8,,0x478440
FN_libARSPM_0047830C,0x47830C,sub_47830C,,0x478494
FN_libARSPM_0047835C,0x47835C,sub_47835C,,0x4ECB10
FN_libARSPM_004783A8,0x4783A8,sub_4783A8,,0x4ECB10
FN_libARSPM_00478440,0x478440,sub_478440,0x4782E8;0x47A554;0x47B218;0x4A1FD0,
FN_libARSPM_00478494,0x478494,sub_478494,0x47830C;0x47A5E8;0x47B250;0x4A2098,0x478FC8
FN_libARSPM_004785E8,0x4785E8,sub_4785E8,0x4780DC;0x478140;0x4794F0;0x47957C;0x479AF4;0x47AFB0;0x47B1AC;0x4A1568;0x4A172C,
FN_libARSPM_0047863C,0x47863C,sub_47863C,0x478164;0x479B88;0x47AAA0;0x4A17F4,0x46BDBC;0x4736D8;0x46BDBC;0x46BDBC;0x478B54;0x478CD4;0x478CC0;0x15E650
FN_libARSPM_00478B54,0x478B54,sub_478B54,0x47863C,0x46BDBC;0x473750;0x46BDBC;0x473A24;0x46BDBC;0x473A24;0x47928C;0x478E78
FN_libARSPM_00478CC0,0x478CC0,sub_478CC0,0x47863C;0x478CD4,0x15E638
FN_libARSPM_00478CD4,0x478CD4,sub_478CD4,0x47863C,0x478CC0;0x15E650
FN_libARSPM_00478E78,0x478E78,sub_478E78,0x478B54,0x47928C;0x478FB4;0x15E650
FN_libARSPM_00478FB4,0x478FB4,sub_478FB4,0x478E78,0x15E638
FN_libARSPM_00478FC8,0x478FC8,sub_478FC8,0x478494;0x4A6C74;0x4A6C74,
FN_libARSPM_0047928C,0x47928C,sub_47928C,0x478B54;0x478E78;0x4A6C74;0x4A6C74,
FN_libARSPM_0047934C,0x47934C,sub_47934C,0x473238;0x49FE2C,0x19A960;0x19B474;0x19AA0C;0x19B194;0x19AB9C;0x19B194;0x19AB9C;0x19B374;0x19B6CC;0x19A9A8
FN_libARSPM_004794F0,0x4794F0,sub_4794F0,0x472E8C;0x49CD2C,0x47AA68;0x477C90;0x4785E8
FN_libARSPM_0047957C,0x47957C,sub_47957C,,0x46BDBC;0x46BDBC;0x46BDBC;0x46BDBC;0x4736D8;0x4736D8;0x4736D8;0x4736D8;0x4736D8;0x4736D8
FN_libARSPM_00479A60,0x479A60,sub_479A60,,0x4ECB10
FN_libARSPM_00479AEC,0x479AEC,sub_479AEC,0x470784;0x476634;0x476634;0x47DA1C;0x47E940;0x47E940;0x47E940;0x47E940;0x481A78;0x481A78,
FN_libARSPM_00479AF4,0x479AF4,sub_479AF4,,0x4ECB10;0x4785E8
FN_libARSPM_00479B88,0x479B88,sub_479B88,,0x47863C;0x4ECB10;0x4ECB10;0x47A4B4;0x15E650
FN_libARSPM_00479F00,0x479F00,sub_479F00,,0x4ECA80;0x4ECB10
FN_libARSPM_00479FEC,0x479FEC,sub_479FEC,,0x473918;0x19A960;0x19AA0C;0x19B194;0x19B6CC;0x19DB4C;0x19DC98;0x4ECB10;0x4ECB10;0x19DC4C
FN_libARSPM_0047A4B4,0x47A4B4,sub_47A4B4,0x479B88;0x479FEC,0x15E638
FN_libARSPM_0047A4C8,0x47A4C8,sub_47A4C8,,0x4ECB10
FN_libARSPM_0047A554,0x47A554,sub_47A554,,0x4ECB10;0x478440
FN_libARSPM_0047A5E8,0x47A5E8,sub_47A5E8,,0x478494;0x19DD18
FN_libARSPM_0047A750,0x47A750,sub_47A750,,0x4ECB10
FN_libARSPM_0047A79C,0x47A79C,sub_47A79C,,0x4ECB10
FN_libARSPM_0047A898,0x47A898,sub_47A898,0x477384;0x4773BC;0x4773BC;0x4773BC;0x4773BC;0x4A5E80;0x4A5E80,
FN_libARSPM_0047A8DC,0x47A8DC,sub_47A8DC,0x47C4E4;0x480DB4;0x480DB4;0x480DB4;0x480DB4;0x480DB4;0x480DB4;0x480DB4;0x480DB4;0x480DB4,0x145F0C
FN_libARSPM_0047A9B0,0x47A9B0,sub_47A9B0,0x481A04;0x483998;0x484988;0x484988;0x489DC0;0x48D400;0x48D400,
FN_libARSPM_0047AA68,0x47AA68,sub_47AA68,0x4794F0,
FN_libARSPM_0047AAA0,0x47AAA0,sub_47AAA0,,0x46BDBC;0x1DF4DC;0x47863C;0x1DF4DC;0x1DF4DC;0x15E650
FN_libARSPM_0047AD98,0x47AD98,sub_47AD98,,0x4ECA80;0x4ECB10
FN_libARSPM_0047AE78,0x47AE78,sub_47AE78,,0x1DF4DC
FN_libARSPM_0047AFB0,0x47AFB0,sub_47AFB0,0x476F78;0x476F78;0x476F78;0x47BF70;0x480684;0x480684;0x480684;0x480684;0x480684;0x4815B4,0x46BDBC;0x473750;0x46BDBC;0x4780DC;0x46BDBC;0x4780DC;0x46BDBC;0x4780DC;0x477C90;0x4785E8
FN_libARSPM_0047B1AC,0x47B1AC,sub_47B1AC,,0x4785E8
FN_libARSPM_0047B218,0x47B218,sub_47B218,,0x478440
FN_libARSPM_0047B250,0x47B250,sub_47B250,,0x478494
FN_libARSPM_0047B3C8,0x47B3C8,sub_47B3C8,,0x4736D8
FN_libARSPM_0047B474,0x47B474,sub_47B474,,0x4ECB10
FN_libARSPM_0047B4C0,0x47B4C0,sub_47B4C0,,0x4ECB10
FN_libARSPM_0047B5D0,0x47B5D0,sub_47B5D0,0x470784;0x470784,
FN_libARSPM_0047B5E0,0x47B5E0,sub_47B5E0,0x47B7C8,0x46BDBC;0x46BDBC;0x4737B0;0x469084
FN_libARSPM_0047B7C8,0x47B7C8,sub_47B7C8,0x470784,0x47B5E0;0x46BDBC;0x46A0E4;0x4ECB10;0x4ECB10;0x4ECB10;0x469084
FN_libARSPM_0047BA28,0x47BA28,sub_47BA28,0x470784,0x469084;0x46BDBC;0x47382C;0x4ECB10;0x4ECB10;0x4ECB10
FN_libARSPM_0047BC04,0x47BC04,sub_47BC04,0x47BF70;0x47BF70;0x47BF70;0x47BF70;0x47BF70;0x47BF70;0x47C670;0x47C670;0x47C670;0x47C670,0x46BDB0
FN_libARSPM_0047BCC8,0x47BCC8,sub_47BCC8,0x486EC4;0x48F254,0x4AD39C;0x4ECB10;0x4ECB10
FN_libARSPM_0047BD98,0x47BD98,sub_47BD98,,0x4AECC4;0x4ECA80;0x4ECB10;0x4AC658;0x4ECB10
FN_libARSPM_0047BE84,0x47BE84,sub_47BE84,,0x4ECB10;0x4ECB10
FN_libARSPM_0047BF70,0x47BF70,sub_47BF70,,0x4AE33C;0x4ECB10;0x4ECA80;0x4ADB70;0x4ECB10;0x4ECB10;0x47BC04;0x47AFB0;0x47BC04;0x4780DC
FN_libARSPM_0047C2CC,0x47C2CC,sub_47C2CC,,0x4ECB10;0x4ECB10;0x4ECB10
FN_libARSPM_0047C3E4,0x47C3E4,sub_47C3E4,,0x4ECB10;0x4ECB10;0x4ECB10
FN_libARSPM_0047C4E4,0x47C4E4,sub_47C4E4,,0x47A8DC;0x4AC658;0x4AC658;0x4AC658
FN_libARSPM_0047C670,0x47C670,sub_47C670,,0x4A7EB8;0x4ECB10;0x4ECA80;0x47BC04;0x4780DC;0x47BC04;0x4780DC;0x47BC04;0x4780DC;0x47BC04
FN_libARSPM_0047C964,0x47C964,sub_47C964,,0x4ECB10;0x4ECB10;0x4ECB10
FN_libARSPM_0047CA78,0x47CA78,sub_47CA78,,0x4ECB10;0x4ECB10;0x4ECB10
FN_libARSPM_0047CB74,0x47CB74,sub_47CB74,,0x148194;0x1BEBE0;0x4ECB10;0x4AC658;0x4ECB10;0x4ECB10;0x14803C;0x148054;0x4ECB10;0x14803C
FN_libARSPM_0047CCB0,0x47CCB0,sub_47CCB0,,0x4ECB10;0x4ECB10
FN_libARSPM_0047CD9C,0x47CD9C,sub_47CD9C,0x47C670,0x1D91C4;0x1BDB54;0x1D93F8
FN_libARSPM_0047CDE8,0x47CDE8,sub_47CDE8,0x47C670;0x47DDE4;0x47F4C0;0x485134;0x48CB18;0x48CB18;0x48DD60,0x1D93F8;0x4ECB10
FN_libARSPM_0047CE40,0x47CE40,sub_47CE40,,0x4A7EB8;0x4ECB10;0x1D8FB8;0x1D91C4;0x1BDB54;0x1D93F8;0x1D93F8;0x4ECB10;0x1D93F8;0x1D8FB8
FN_libARSPM_0047D160,0x47D160,sub_47D160,,0x4ECB10;0x4ECB10;0x4ECB10;0x4ECB10
FN_libARSPM_0047D2A0,0x47D2A0,sub_47D2A0,,0x4ECB10;0x4ECB10;0x4ECB10;0x4ECB10
FN_libARSPM_0047D3C8,0x47D3C8,sub_47D3C8,,0x148194;0x1BEBE0;0x4ECB10;0x14803C;0x148054;0x4ECB10;0x14803C;0x148054;0x4ECA80;0x4ECB10
FN_libARSPM_0047D930,0x47D930,sub_47D930,,0x4ECB10;0x4ECB10
FN_libARSPM_0047DA1C,0x47DA1C,sub_47DA1C,,0x4ECA80;0x4AFD80;0x4ECB10;0x4ECB10;0x47BC04;0x4780DC;0x47BC04;0x4780DC;0x47BC04;0x479AEC
FN_libARSPM_0047DCEC,0x47DCEC,sub_47DCEC,,0x4ECB10;0x4ECB10
FN_libARSPM_0047DD64,0x47DD64,sub_47DD64,,0x4ECB10;0x4ECB10;0x4AFE4C
FN_libARSPM_0047DDE4,0x47DDE4,sub_47DDE4,,0x4ECA80;0x1BEF18;0x4ECB10;0x1BE2EC;0x1BC1B0;0x167B58;0x1BE2EC;0x1BC1B0;0x167B58;0x1BE2EC
FN_libARSPM_0047E388,0x47E388,sub_47E388,,0x4AF250;0x137020;0x4AF984;0x1756D8;0x1756D8;0x47E510;0x4AF378;0x137C54;0x18B76C;0x4ECA80
FN_libARSPM_0047E510,0x47E510,sub_47E510,0x47E388;0x47FBB8;0x482454;0x487958;0x489714;0x48B374;0x491408;0x496800;0x4A1260;0x4A7CF4,0x4ECB10;0x4ECB10;0x4ECB10;0x4ECB10;0x4ECB10
FN_libARSPM_0047E694,0x47E694,sub_47E694,,0x4ECB10;0x4ECB10
FN_libARSPM_0047E77C,0x47E77C,sub_47E77C,,0x4ECB10;0x4ECB10
FN_libARSPM_0047E84C,0x47E84C,sub_47E84C,,0x4ECA80;0x4AC658;0x4ECB10;0x4AC658;0x4AC658;0x4ECB10
FN_libARSPM_0047E940,0x47E940,sub_47E940,,0x1756D8;0x4B00B4;0x47BC04;0x479AEC;0x47BC04;0x479AEC;0x47BC04;0x479AEC;0x47BC04;0x479AEC
FN_libARSPM_0047EC24,0x47EC24,sub_47EC24,,0x4ECB10;0x4ECB10
FN_libARSPM_0047ED00,0x47ED00,sub_47ED00,,0x4ECB10;0x4ECB10
FN_libARSPM_0047EDC4,0x47EDC4,sub_47EDC4,,0x175040;0x1727BC;0x4AC658
FN_libARSPM_0047EE80,0x47EE80,sub_47EE80,,0x47BC04;0x46BDBC;0x4737B0;0x46F104;0x4ECA80;0x4ECB10;0x4ECA80;0x4ECA80;0x4AFD80;0x4ECB10
FN_libARSPM_0047F310,0x47F310,sub_47F310,,0x4ECA80;0x4AC568;0x4ECB10;0x4ECB10;0x4ECB10;0x4AFE4C
FN_libARSPM_0047F3E4,0x47F3E4,sub_47F3E4,,0x4ECA80;0x4AC568;0x4ECB10;0x4ECB10;0x4ECB10;0x4AFE4C
FN_libARSPM_0047F4C0,0x47F4C0,sub_47F4C0,,0x4AC70C;0x1FE800;0x1FEA80;0x4AED24;0x1FEB28;0x1FE894;0x4AC70C;0x1FE800;0x1FEA80;0x4AED24
FN_libARSPM_0047FBB8,0x47FBB8,sub_47FBB8,,0x4AF250;0x137020;0x4AF984;0x1756D8;0x1756D8;0x47E510;0x4AF378;0x18B76C;0x4ECA80;0x18C0B8
FN_libARSPM_0047FD28,0x47FD28,sub_47FD28,0x47F4C0,0x1D91C4;0x1BDBB4;0x1D93F8
FN_libARSPM_0047FD74,0x47FD74,sub_47FD74,,0x4ECB10;0x4ECB10
FN_libARSPM_0047FE5C,0x47FE5C,sub_47FE5C,,0x4ECB10;0x4ECB10
FN_libARSPM_0047FF2C,0x47FF2C,sub_47FF2C,,0x4AC658;0x4AC658;0x4AC658;0x4AC658;0x4AC658
FN_libARSPM_00480068,0x480068,sub_480068,,0x4AE264;0x47BC04;0x4780DC;0x47BC04;0x4780DC;0x477B04;0x4ECA80;0x4ECB10;0x46B5C4;0x4ECB10
FN_libARSPM_0048027C,0x48027C,sub_48027C,,0x4ECB10;0x4ECB10
FN_libARSPM_00480364,0x480364,sub_480364,,0x4ECB10;0x4ECB10
FN_libARSPM_00480434,0x480434,sub_480434,,0x173010;0x173010;0x260018;0x25280C;0x4ECB10;0x260018;0x4ECB10;0x4ECB10;0x4ECB10;0x4ECB10
FN_libARSPM_00480684,0x480684,sub_480684,,0x4ACCD4;0x4ACCD4;0x4ACCD4;0x4ACCD4;0x4ACCD4;0x4ECA80;0x4ECA80;0x4ECA80;0x4ECA80;0x4ECA80
FN_libARSPM_00480BF8,0x480BF8,sub_480BF8,0x480D90,0x4ECB10;0x4ECB10;0x4ECB10
FN_libARSPM_00480D90,0x480D90,sub_480D90,,0x480BF8
FN_libARSPM_00480DB4,0x480DB4,sub_480DB4,,0x47A8DC;0x4AC658;0x47A8DC;0x47A8DC;0x4AC658;0x47A8DC;0x47A8DC;0x4AC658;0x47A8DC;0x47A8DC
FN_libARSPM_004814B4,0x4814B4,sub_4814B4,,0x4ECB10;0x4ECB10
FN_libARSPM_004815A0,0x4815A0,sub_4815A0,0x480DB4,0x2AB0C8
FN_libARSPM_004815B4,0x4815B4,sub_4815B4,,0x4ACCD4;0x4ECA80;0x4A8110;0x4ECB10;0x4ECB10;0x47BC04;0x47AFB0;0x47BC04;0x4780DC;0x469D54
FN_libARSPM_004817EC,0x4817EC,sub_4817EC,,0x4ECB10;0x4ECB10;0x4ECB10
FN_libARSPM_00481904,0x481904,sub_481904,,0x4ECB10;0x4ECB10;0x4ECB10
FN_libARSPM_00481A04,0x481A04,sub_481A04,,0x47A9B0;0x145F0C;0x4AC658
FN_libARSPM_00481A78,0x481A78,sub_481A78,,0x4ECA80;0x4AFD80;0x4ECB10;0x4ECB10;0x47BC04;0x4780DC;0x47BC04;0x4780DC;0x47BC04;0x4780DC
FN_libARSPM_00482090,0x482090,sub_482090,,0x4ECB10
FN_libARSPM_004820DC,0x4820DC,sub_4820DC,,0x4ECB10;0x4AFE4C
FN_libARSPM_00482130,0x482130,sub_482130,,0x4AC70C;0x4825C0;0x1BEF18;0x4825C0;0x1BEF18;0x4825C0;0x1BEF18;0x4ECB10;0x1BE2EC;0x1BC1B0
FN_libARSPM_00482454,0x482454,sub_482454,,0x4AF250;0x137020;0x4AF984;0x1756D8;0x1756D8;0x47E510;0x4AF378;0x137C54;0x4AED24;0x18B76C
FN_libARSPM_004825C0,0x4825C0,sub_4825C0,0x482130;0x482130;0x482130,0x1DA35C;0x1BDBB4;0x1D93F8;0x1D93F8;0x4ECB10;0x4ECA80
FN_libARSPM_00482740,0x482740,sub_482740,,0x4ECB10;0x4ECB10
FN_libARSPM_00482828,0x482828,sub_482828,,0x4ECB10;0x4ECB10
FN_libARSPM_004828F8,0x4828F8,sub_4828F8,,0x4AC658;0x4AC658;0x4AC658;0x4AC658;0x4AC658;0x4AC658;0x172A20;0x172D18;0x1734FC;0x173010
FN_libARSPM_00482EAC,0x482EAC,sub_482EAC,,0x4AE584;0x4ECB10;0x4ECA80;0x4ADB70;0x4ECB10;0x4ECB10;0x47BC04;0x4780DC;0x47BC04;0x4780DC
FN_libARSPM_00483170,0x483170,sub_483170,,0x4ECB10;0x4ECB10;0x4ECB10
FN_libARSPM_00483278,0x483278,sub_483278,,0x4ECB10;0x4ECB10;0x4ECB10
FN_libARSPM_00483368,0x483368,sub_483368,,0x4AC658
FN_libARSPM_0048342C,0x48342C,sub_48342C,,0x48349C;0x4ECB10
FN_libARSPM_0048349C,0x48349C,sub_48349C,0x48342C;0x483750,0x4AE264;0x46BDBC;0x47AFB0;0x46BDBC;0x4780DC;0x46BDBC;0x4780DC;0x46BDBC;0x4780DC;0x46BDBC
FN_libARSPM_00483750,0x483750,sub_483750,,0x48349C;0x4ECB10
FN_libARSPM_004837C0,0x4837C0,sub_4837C0,,0x4ECB10;0x4ECB10
FN_libARSPM_004838B8,0x4838B8,sub_4838B8,,0x4ECB10;0x4ECB10
FN_libARSPM_00483998,0x483998,sub_483998,,0x47A9B0;0x484240;0x484240;0x22403C;0x25798C;0x4ECB10;0x4ECB10;0x25280C;0x4ECB10;0x4ECB10
FN_libARSPM_00484128,0x484128,sub_484128,,0x4ECB10;0x4ECB10
FN_libARSPM_00484214,0x484214,sub_484214,0x4DE0F8,
FN_libARSPM_00484240,0x484240,sub_484240,0x483998;0x483998;0x485970;0x485970;0x489DC0,
FN_libARSPM_00484444,0x484444,sub_484444,,0x4AD570;0x4ECB10;0x4ECB10;0x47BC04;0x479AEC;0x47BC04;0x47AFB0;0x47BC04;0x479AEC;0x47BC04
FN_libARSPM_00484750,0x484750,sub_484750,,0x4ECB10;0x4ECB10;0x4ECB10
FN_libARSPM_00484878,0x484878,sub_484878,,0x4ECB10;0x4ECB10;0x4ECB10
FN_libARSPM_00484988,0x484988,sub_484988,,0x4ADA38;0x4ECB10;0x4AD7C8;0x4ADA38;0x4ECA80;0x4AD7C8;0x4ECB10;0x47A9B0;0x47A9B0;0x4AC658
FN_libARSPM_00484D78,0x484D78,sub_484D78,,0x4A7EB8;0x4ECB10;0x47BC04;0x4780DC;0x47BC04;0x4780DC;0x47BC04;0x4780DC;0x47BC04;0x4780DC
FN_libARSPM_00484F94,0x484F94,sub_484F94,,0x4ECB10;0x4ECB10
FN_libARSPM_00485070,0x485070,sub_485070,,0x4ECB10;0x4ECB10
FN_libARSPM_00485134,0x485134,sub_485134,,0x223D94;0x148194;0x1BEBE0;0x4ECB10;0x14803C;0x148054;0x4ECB10;0x14803C;0x148054;0x4ECA80
FN_libARSPM_0048563C,0x48563C,sub_48563C,,0x4A7EB8;0x4ECB10;0x47BC04;0x4780DC;0x4ECA80;0x4ECB10;0x46B5C4;0x4ECB10
FN_libARSPM_004857D0,0x4857D0,sub_4857D0,,0x4ECB10;0x4ECB10
FN_libARSPM_004858AC,0x4858AC,sub_4858AC,,0x4ECB10;0x4ECB10
FN_libARSPM_00485970,0x485970,sub_485970,,0x484240;0x484240;0x22404C;0x22403C;0x4ECB10;0x4AC658;0x4ECB10
FN_libARSPM_00485C1C,0x485C1C,sub_485C1C,,0x4A7EB8;0x4ECB10;0x47BC04;0x4780DC;0x47BC04;0x4780DC;0x47BC04;0x4780DC;0x47BC04;0x4780DC
FN_libARSPM_00485F08,0x485F08,sub_485F08,,0x4A7EB8;0x4ECB10;0x47BC04;0x4780DC;0x47BC04;0x4780DC;0x47BC04;0x4780DC;0x47BC04;0x4780DC
FN_libARSPM_00486504,0x486504,sub_486504,,0x4ECB10;0x4ECB10
FN_libARSPM_004865EC,0x4865EC,sub_4865EC,,0x4ECB10;0x4ECB10
FN_libARSPM_004866BC,0x4866BC,sub_4866BC,,0x486894;0x225344;0x4ECB10;0x4AC658;0x225344;0x4ECB10;0x4AC658;0x4ECB10
FN_libARSPM_00486894,0x486894,sub_486894,0x4866BC;0x486C3C;0x486C3C;0x486C3C;0x486C3C;0x486C3C,
FN_libARSPM_00486A84,0x486A84,sub_486A84,,0x4ECB10;0x4ECB10
FN_libARSPM_00486B6C,0x486B6C,sub_486B6C,,0x4ECB10;0x4ECB10
FN_libARSPM_00486C3C,0x486C3C,sub_486C3C,,0x486894;0x486894;0x486894;0x486894;0x225344;0x486894;0x225344;0x4ECA80;0x212AB4;0x4ECB10
FN_libARSPM_00486EC4,0x486EC4,sub_486EC4,,0x47BCC8;0x4ECB10;0x47BC04;0x4780DC;0x47BC04;0x4780DC;0x47BC04;0x4780DC;0x4ECA80;0x4ECB10
FN_libARSPM_004870B0,0x4870B0,sub_4870B0,,0x4ECB10;0x4ECB10
FN_libARSPM_00487184,0x487184,sub_487184,,0x221BF4;0x1EBE10
FN_libARSPM_004872F4,0x4872F4,sub_4872F4,0x470784,0x487418;0x4ECB10;0x4ECB10
FN_libARSPM_00487418,0x487418,sub_487418,0x4872F4,0x4ECA80;0x4AFD80;0x4ECB10;0x4ECB10
FN_libARSPM_00487564,0x487564,sub_487564,,0x4AC70C;0x1B6360;0x4AECB4
FN_libARSPM_00487650,0x487650,sub_487650,0x487958,0x137BAC;0x137C54;0x167CA8;0x13A264;0x137020;0x4AC70C;0x4AECB4;0x145ED8;0x13FCA8;0x4AED24
FN_libARSPM_00487958,0x487958,sub_487958,,0x4ECA80;0x4AC568;0x4ECB10;0x168238;0x13A250;0x13A0C8;0x167CB0;0x13A0C8;0x167CB0;0x167CB0
FN_libARSPM_00487D78,0x487D78,sub_487D78,,0x4ECB10
FN_libARSPM_00487DC4,0x487DC4,sub_487DC4,,0x4ECB10;0x4AFE4C
FN_libARSPM_00487E18,0x487E18,sub_487E18,0x487650;0x4A41F8;0x4A568C,0x15E638
FN_libARSPM_00487E2C,0x487E2C,sub_487E2C,,0x4ECA80;0x4AFD80;0x4ECB10;0x4ECB10;0x47BC04;0x479AEC;0x47BC04;0x4780DC;0x47BC04;0x4780DC
FN_libARSPM_004881DC,0x4881DC,sub_4881DC,,0x4ECB10;0x4ECB10
FN_libARSPM_004882C4,0x4882C4,sub_4882C4,,0x4ECB10;0x4ECB10
FN_libARSPM_00488394,0x488394,sub_488394,,0x4AC658;0x4AC658;0x4AC658;0x4AC658;0x4AC658;0x4AC658;0x4AC658
FN_libARSPM_0048854C,0x48854C,sub_48854C,,0x4ECB10;0x4ECB10;0x4ECB10
FN_libARSPM_004885F0,0x4885F0,sub_4885F0,,0x4ECB10;0x4ECB10;0x4ECB10;0x4AFE4C
FN_libARSPM_0048869C,0x48869C,sub_48869C,,0x4AFF64;0x4AC70C;0x1FE800;0x1FEA80;0x4AED24;0x1FEB28;0x4ECB10;0x4ECB10;0x1FE894;0x173384
FN_libARSPM_00488C8C,0x488C8C,sub_488C8C,,0x18B76C;0x13BAA0;0x4AEDA4;0x4ECA80;0x18C0B8;0x4ECB10;0x13BEBC;0x4ECA80;0x18C0B8;0x4ECB10
FN_libARSPM_00488E48,0x488E48,sub_488E48,,0x4ECA80;0x4AFD80;0x4ECB10;0x4ECB10;0x47BC04;0x4780DC;0x47BC04;0x4780DC;0x47BC04;0x479AEC
FN_libARSPM_00489154,0x489154,sub_489154,,0x4ECB10;0x4ECB10
FN_libARSPM_0048923C,0x48923C,sub_48923C,,0x4ECB10;0x4ECB10
FN_libARSPM_0048930C,0x48930C,sub_48930C,,0x4AC658;0x4AC658;0x4AC658;0x4AC658
FN_libARSPM_00489420,0x489420,sub_489420,,0x4ECB10
FN_libARSPM_0048946C,0x48946C,sub_48946C,,0x4ECB10;0x4AFE4C
FN_libARSPM_004894C0,0x4894C0,sub_4894C0,,0x4AC70C;0x2223CC;0x4ECB10;0x4ECB10;0x4ECB10
FN_libARSPM_00489714,0x489714,sub_489714,,0x4AF250;0x4ECA80;0x137020;0x4AF704;0x1756D8;0x1756D8;0x47E510;0x4ECB10;0x4AF378;0x4AED24
FN_libARSPM_00489854,0x489854,sub_489854,,0x4898C4;0x4ECB10
FN_libARSPM_004898C4,0x4898C4,sub_4898C4,0x489854;0x489B78,0x4AE264;0x46BDBC;0x47AFB0;0x46BDBC;0x4780DC;0x46BDBC;0x4780DC;0x46BDBC;0x4780DC;0x46BDBC
FN_libARSPM_00489B78,0x489B78,sub_489B78,,0x4898C4;0x4ECB10
FN_libARSPM_00489BE8,0x489BE8,sub_489BE8,,0x4ECB10;0x4ECB10
FN_libARSPM_00489CE0,0x489CE0,sub_489CE0,,0x4ECB10;0x4ECB10
FN_libARSPM_00489DC0,0x489DC0,sub_489DC0,,0x47A9B0;0x484240;0x22403C;0x25798C;0x4ECB10;0x4ECB10;0x25280C;0x4ECB10;0x4ECB10;0x4ECB10
FN_libARSPM_0048A394,0x48A394,sub_48A394,,0x4ECB10;0x4ECB10
FN_libARSPM_0048A480,0x48A480,sub_48A480,,0x4AE264;0x47BC04;0x4780DC;0x477B04;0x4ECA80;0x4ECB10;0x46B5C4;0x4ECB10;0x4ADB70;0x4ECB10
FN_libARSPM_0048A65C,0x48A65C,sub_48A65C,,0x4ECB10;0x4ECB10
FN_libARSPM_0048A744,0x48A744,sub_48A744,,0x4ECB10;0x4ECB10
FN_libARSPM_0048A814,0x48A814,sub_48A814,,0x25D518;0x4ECB10;0x4ECB10;0x4AC658;0x4ECB10
FN_libARSPM_0048A970,0x48A970,sub_48A970,,0x4A7EB8;0x4ECB10;0x47BC04;0x4780DC;0x47BC04;0x4780DC;0x47BC04;0x4780DC;0x47BC04;0x4780DC
FN_libARSPM_0048AB84,0x48AB84,sub_48AB84,,0x4ECB10;0x4ECB10
FN_libARSPM_0048AC60,0x48AC60,sub_48AC60,,0x4ECB10;0x4ECB10
FN_libARSPM_0048AD24,0x48AD24,sub_48AD24,,0x223D84;0x4ECB10;0x4AC658;0x4ECB10
FN_libARSPM_0048AE84,0x48AE84,sub_48AE84,,0x4ECA80;0x4AFD80;0x4ECB10;0x4ECB10;0x48B4E0;0x48B66C;0x477B04;0x4ECA80;0x4ECB10;0x46B5C4
FN_libARSPM_0048B0DC,0x48B0DC,sub_48B0DC,,0x4A7EB8;0x4ECB10;0x48B4E0;0x48B66C;0x477B04;0x4ECA80;0x4ECB10;0x46B5C4;0x4ECB10;0x4ECB10
FN_libARSPM_0048B2B0,0x48B2B0,sub_48B2B0,,0x4ECB10
FN_libARSPM_0048B2FC,0x48B2FC,sub_48B2FC,,0x4ECB10;0x4AFE4C
FN_libARSPM_0048B350,0x48B350,sub_48B350,,0x4AC70C
FN_libARSPM_0048B374,0x48B374,sub_48B374,,0x4AF250;0x137020;0x4AF984;0x1756D8;0x1756D8;0x47E510;0x4AF378;0x137C54;0x4AED24;0x18B76C
FN_libARSPM_0048B4E0,0x48B4E0,sub_48B4E0,0x48AE84;0x48B0DC,0x46BDBC;0x1D90A0;0x1D9180;0x1BDBB4;0x1D93F8;0x4ECB10;0x469084;0x1D93F8;0x4ECB10;0x1D93F8
FN_libARSPM_0048B66C,0x48B66C,sub_48B66C,0x48AE84;0x48B0DC,0x1D93F8;0x46BDBC;0x1D90A0;0x1D91C4;0x1D93F8;0x1D91C4;0x48BC00;0x46BDBC;0x47AFB0
FN_libARSPM_0048B848,0x48B848,sub_48B848,0x48B9C0,0x1D93F8;0x4ECB10;0x4ECB10;0x4ECB10
FN_libARSPM_0048B9C0,0x48B9C0,sub_48B9C0,,0x48B848
FN_libARSPM_0048B9E4,0x48B9E4,sub_48B9E4,,0x48BD7C;0x1BE3F4;0x4ECB10;0x14803C;0x148054;0x4ECB10;0x14803C;0x148054;0x4ECB10;0x4AC658
FN_libARSPM_0048BB14,0x48BB14,sub_48BB14,,0x4ECB10;0x4ECB10
FN_libARSPM_0048BC00,0x48BC00,sub_48BC00,0x48B66C,0x1D91C4;0x1D91C4;0x1D93F8;0x48BD68;0x15E650
FN_libARSPM_0048BD68,0x48BD68,sub_48BD68,0x48BC00,0x15E638
FN_libARSPM_0048BD7C,0x48BD7C,sub_48BD7C,0x48B9E4;0x48C00C,0x1BE2A0;0x148298;0x2CFAA0;0x1BE2EC
FN_libARSPM_0048BE70,0x48BE70,sub_48BE70,0x48BFE8,0x1D93F8;0x4ECB10;0x4ECB10;0x4ECB10
FN_libARSPM_0048BFE8,0x48BFE8,sub_48BFE8,,0x48BE70
FN_libARSPM_0048C00C,0x48C00C,sub_48C00C,,0x48BD7C;0x1BEBE0;0x4ECB10;0x14803C;0x148054;0x4ECB10;0x14803C;0x148054;0x4ECB10;0x4AC658
FN_libARSPM_0048C130,0x48C130,sub_48C130,,0x4ECB10;0x4ECB10
FN_libARSPM_0048C21C,0x48C21C,sub_48C21C,,0x4ECA80;0x4AFD80;0x4ECB10;0x4ECB10;0x47BC04;0x479AEC;0x47BC04;0x4780DC;0x47BC04;0x4780DC
FN_libARSPM_0048C730,0x48C730,sub_48C730,,0x4ECB10;0x4ECB10
FN_libARSPM_0048C7A8,0x48C7A8,sub_48C7A8,,0x4ECB10;0x4ECB10;0x4AFE4C
FN_libARSPM_0048C828,0x48C828,sub_48C828,,0x4ECB10;0x48CB18;0x4ECB10;0x4ECB10;0x48CB18;0x1EB0D0;0x4ECB10;0x4ECB10;0x4ECB10;0x4ECB10
FN_libARSPM_0048CA54,0x48CA54,sub_48CA54,,0x18B76C;0x4ECA80;0x18C0B8;0x4ECB10;0x13FD48;0x18B9C0
FN_libARSPM_0048CB18,0x48CB18,sub_48CB18,0x48C828;0x48C828,0x4ECA80;0x1BEF18;0x4ECB10;0x4ECA80;0x1BEF18;0x4ECB10;0x4AFF64;0x1756D8;0x4AC70C;0x1FE800
FN_libARSPM_0048D228,0x48D228,sub_48D228,,0x4ECB10;0x4ECB10
FN_libARSPM_0048D320,0x48D320,sub_48D320,,0x4ECB10;0x4ECB10
FN_libARSPM_0048D400,0x48D400,sub_48D400,,0x4AC658;0x4AC658;0x4AC658;0x16A0C4;0x16A0C4;0x16A0C4;0x169990;0x169990;0x16993C;0x169990
FN_libARSPM_0048D908,0x48D908,sub_48D908,,0x4ECB10;0x4ECB10
FN_libARSPM_0048D9F4,0x48D9F4,sub_48D9F4,,0x4A7EB8;0x4ECB10;0x47BC04;0x4780DC;0x477B04;0x4ECA80;0x4ECB10;0x46B5C4;0x4ECB10
FN_libARSPM_0048DBA8,0x48DBA8,sub_48DBA8,,0x4ECB10;0x4ECB10
FN_libARSPM_0048DC90,0x48DC90,sub_48DC90,,0x4ECB10;0x4ECB10
FN_libARSPM_0048DD60,0x48DD60,sub_48DD60,,0x4ECA80;0x148194;0x1BEBE0;0x4ECB10;0x14803C;0x148054;0x4ECB10;0x14803C;0x148054;0x4ECB10
FN_libARSPM_0048DF3C,0x48DF3C,sub_48DF3C,,0x4ACCD4;0x4ACCD4;0x4ECA80;0x4ECA80;0x4A8430;0x4ECB10;0x4ECB10;0x4ECB10;0x47BC04;0x47AFB0
FN_libARSPM_0048E1E0,0x48E1E0,sub_48E1E0,0x48E334,0x4ECB10;0x4ECB10;0x4ECB10;0x4ECB10
FN_libARSPM_0048E334,0x48E334,sub_48E334,,0x48E1E0
FN_libARSPM_0048E358,0x48E358,sub_48E358,,0x47A8DC;0x4AC658;0x47A8DC;0x4AC658
FN_libARSPM_0048E3F8,0x48E3F8,sub_48E3F8,,0x47BC04;0x47BC04;0x47BC04;0x47BC04;0x47BC04;0x476634;0x477B04;0x4ECA80;0x4B0414;0x4ECB10
FN_libARSPM_0048E848,0x48E848,sub_48E848,,0x4ECB10;0x4ECB10;0x4ECB10
FN_libARSPM_0048E95C,0x48E95C,sub_48E95C,,0x4ECB10;0x4ECB10;0x4ECB10
FN_libARSPM_0048EA58,0x48EA58,sub_48EA58,,0x4AC658;0x476BFC
FN_libARSPM_0048EAF4,0x48EAF4,sub_48EAF4,,0x4ECB10;0x4ECB10
FN_libARSPM_0048EBE0,0x48EBE0,sub_48EBE0,,0x4ACCD4;0x4ACCD4;0x4ACCD4;0x4ECA80;0x4ECA80;0x4ECA80;0x4ECA80;0x4ECA80;0x4ECA80;0x4A85C4
FN_libARSPM_0048EFA0,0x48EFA0,sub_48EFA0,0x48F130,0x4ECB10;0x4ECB10;0x4ECB10;0x4ECB10;0x4ECB10
FN_libARSPM_0048F130,0x48F130,sub_48F130,,0x48EFA0
FN_libARSPM_0048F154,0x48F154,sub_48F154,,0x47A8DC;0x47A8DC;0x47A8DC;0x4AC658;0x4AC658;0x47A8DC;0x4AC658;0x47A8DC
FN_libARSPM_0048F254,0x48F254,sub_48F254,,0x47BCC8;0x4ECB10;0x47BC04;0x4780DC;0x47BC04;0x4780DC;0x47BC04;0x4780DC;0x47BC04;0x4780DC
FN_libARSPM_0048F460,0x48F460,sub_48F460,,0x4ECB10;0x4ECB10
FN_libARSPM_0048F534,0x48F534,sub_48F534,,0x221BF4;0x1EBE10
FN_libARSPM_0048F77C,0x48F77C,sub_48F77C,,0x46EA64;0x46BDBC;0x46BDBC;0x46BDBC;0x469084;0x46B5C4;0x4ECB10;0x4ECB10
FN_libARSPM_0048F9CC,0x48F9CC,sub_48F9CC,,0x4ECB10
FN_libARSPM_0048FA18,0x48FA18,sub_48FA18,,0x4ECB10
FN_libARSPM_0048FAAC,0x48FAAC,sub_48FAAC,0x48FFDC,0x46BDBC;0x46BDBC;0x46BDBC;0x469084;0x46BDBC;0x46BDBC;0x46BDBC;0x1D8FB8;0x1472A8;0x1D944C
FN_libARSPM_0048FFDC,0x48FFDC,sub_48FFDC,0x490578,0x48FAAC;0x4AAEA8;0x4ECB10;0x1756D8;0x4B00B4;0x4ECA80;0x4ECA80;0x4ECA80;0x46B5C4;0x4ECB10
FN_libARSPM_0049047C,0x49047C,sub_49047C,0x48FFDC;0x490A24,0x1756D8;0x1756D8;0x173384;0x1734FC
FN_libARSPM_00490578,0x490578,sub_490578,,0x46EA64;0x48FFDC
FN_libARSPM_004905F0,0x4905F0,sub_4905F0,0x48FAAC,0x490768;0x1D93F8;0x4ECB10
FN_libARSPM_00490768,0x490768,sub_490768,0x48FAAC;0x4905F0,0x1472A8;0x1D944C;0x1D91C4;0x4ECB10;0x1D93F8;0x1D91C4
FN_libARSPM_004908D8,0x4908D8,sub_4908D8,,0x4ECB10;0x4ECB10;0x4ECB10
FN_libARSPM_00490980,0x490980,sub_490980,,0x4ECB10;0x4ECB10;0x4ECB10
FN_libARSPM_00490A24,0x490A24,sub_490A24,,0x49047C;0x4ECB10;0x4AC658;0x1727BC;0x4AC658;0x1727BC;0x4AC658;0x4ECB10
FN_libARSPM_00490CB8,0x490CB8,sub_490CB8,0x490ED0,0x46BDBC;0x46BDBC;0x4AEC88;0x4ECA80;0x46B5C4;0x4ECB10;0x4ECB10
FN_libARSPM_00490ED0,0x490ED0,sub_490ED0,0x49C250;0x49C250,0x46BDBC;0x4780DC;0x46BDBC;0x4736D8;0x46BDBC;0x4736D8;0x46BDBC;0x4736D8;0x46BDBC;0x4736D8
FN_libARSPM_00491358,0x491358,sub_491358,,0x4ECB10
FN_libARSPM_004913A4,0x4913A4,sub_4913A4,,0x4ECB10;0x4AC324
FN_libARSPM_00491408,0x491408,sub_491408,,0x4AF250;0x137020;0x4AF984;0x1756D8;0x1756D8;0x47E510;0x4AF378;0x4AF378
FN_libARSPM_004914F0,0x4914F0,sub_4914F0,,0x4ECB10
FN_libARSPM_0049153C,0x49153C,sub_49153C,,0x4ECB10
FN_libARSPM_004915A8,0x4915A8,sub_4915A8,,0x4AC658
FN_libARSPM_004915C8,0x4915C8,sub_4915C8,,0x4ECB10
FN_libARSPM_00491664,0x491664,sub_491664,,0x4ECB10;0x4ECB10
FN_libARSPM_00491730,0x491730,sub_491730,,0x4ECB10;0x4ECB10
FN_libARSPM_00491894,0x491894,sub_491894,,0x46BDBC;0x4736D8;0x46BDBC;0x4736D8;0x46BDBC;0x208398;0x4ACCD4;0x4AC658;0x469D54;0x4AD168
FN_libARSPM_00491B14,0x491B14,sub_491B14,0x4697D0,0x46BDBC;0x469084;0x46BDBC;0x46BDBC;0x46BDBC;0x46BDBC;0x1D90A0;0x1D90A0;0x1D90A0;0x1D90A0
FN_libARSPM_0049203C,0x49203C,sub_49203C,0x491B14;0x491B14,0x469084;0x46BDBC;0x46BDBC;0x469084;0x49BF58;0x49C834;0x49C7C8;0x4ECA80;0x4ECB10;0x493798
FN_libARSPM_0049245C,0x49245C,sub_49245C,0x491B14;0x491B14,0x4ECB10;0x4ECB10;0x1E0460;0x4ECB10;0x4ECB10;0x4ECB10;0x14803C;0x148054;0x1E04DC;0x4ECB10
FN_libARSPM_00492844,0x492844,sub_492844,0x49203C,0x49C834;0x15E650
FN_libARSPM_004929B8,0x4929B8,sub_4929B8,,0x492A00
FN_libARSPM_00492A00,0x492A00,sub_492A00,0x4929B8,0x4ECA80;0x4ECA80;0x4ECA80;0x49CD2C;0x4ECB10;0x4ECB10;0x4ECB10;0x4ECA80;0x4ECB10;0x4ECB10
FN_libARSPM_00492C60,0x492C60,sub_492C60,0x4A70BC,0x1472A8;0x1D944C
FN_libARSPM_00492D38,0x492D38,sub_492D38,0x491B14,0x492EC4;0x46B288;0x1D93F8
FN_libARSPM_00492EC4,0x492EC4,sub_492EC4,0x491B14;0x492D38,0x1472A8;0x1D944C;0x1D91C4;0x493024;0x46B288;0x1D93F8;0x1D91C4;0x493024
FN_libARSPM_00493024,0x493024,sub_493024,0x491B14;0x492EC4;0x492EC4,0x1D91C4;0x1D91C4;0x1D91C4;0x4ECB10
FN_libARSPM_00493160,0x493160,sub_493160,0x49245C;0x49245C,0x493BA4;0x469084;0x493DC4
FN_libARSPM_00493798,0x493798,sub_493798,0x49203C,0x49C834;0x493948;0x15E650
FN_libARSPM_00493948,0x493948,sub_493948,0x493798,0x15E638
FN_libARSPM_0049395C,0x49395C,sub_49395C,,0x49C834
FN_libARSPM_004939EC,0x4939EC,sub_4939EC,,0x49C834
FN_libARSPM_00493B58,0x493B58,sub_493B58,0x4B1C2C;0x4B1C2C;0x4B3E04,
FN_libARSPM_00493BA4,0x493BA4,sub_493BA4,0x493160,0x266704
FN_libARSPM_00493DC4,0x493DC4,sub_493DC4,0x493160,
FN_libARSPM_00493DDC,0x493DDC,sub_493DDC,,0x46BDBC;0x472E8C
FN_libARSPM_00493E28,0x493E28,sub_493E28,0x493E28;0x495374,0x46BDBC;0x469084;0x46BDBC;0x46BDBC;0x473750;0x46A0E4;0x495EF0;0x4ECB10;0x4ECB10;0x4ECA80
FN_libARSPM_00495374,0x495374,sub_495374,,0x46BDBC;0x493E28;0x495CD0;0x4ECB10;0x4ECB10
FN_libARSPM_004954F0,0x4954F0,sub_4954F0,0x493E28,0x15E638
FN_libARSPM_00495504,0x495504,sub_495504,0x493E28,0x15E638
FN_libARSPM_00495518,0x495518,sub_495518,0x493E28;0x493E28;0x496CA8;0x496D90;0x497368;0x4978C4;0x49B7F8;0x49B7F8,0x4ECB10;0x4956EC;0x15E650
FN_libARSPM_004956EC,0x4956EC,sub_4956EC,0x493E28;0x495518;0x49700C,0x15E638
FN_libARSPM_00495700,0x495700,sub_495700,0x493E28,0x4ECB10;0x4ECB10;0x4ECB10;0x46B798;0x15E650
FN_libARSPM_00495CD0,0x495CD0,sub_495CD0,0x495374,0x4ECB10;0x46B798;0x15E650
FN_libARSPM_00495EF0,0x495EF0,sub_495EF0,0x493E28,0x46BDBC;0x46BDBC;0x4737B0;0x4AFD80;0x46BDBC;0x4780DC;0x46BDBC;0x4780DC;0x46BDBC;0x479AEC
FN_libARSPM_00496310,0x496310,sub_496310,,0x4ECB10;0x4ECB10
FN_libARSPM_004963F8,0x4963F8,sub_4963F8,,0x4ECB10;0x4ECB10
FN_libARSPM_004964C8,0x4964C8,sub_4964C8,,0x4AC658;0x4AC658;0x4AC658;0x4AC658;0x4AC658;0x4AC658;0x4AC658
FN_libARSPM_004966D4,0x4966D4,sub_4966D4,,0x4AFE4C
FN_libARSPM_004966F8,0x4966F8,sub_4966F8,,0x4AC70C;0x1B6360;0x4969EC;0x174980;0x1B6360
FN_libARSPM_00496800,0x496800,sub_496800,,0x4AF378;0x137398;0x137BAC;0x137BB4;0x4969EC;0x13A594;0x4AF250;0x4AF500;0x137020;0x4AF984
FN_libARSPM_004969EC,0x4969EC,sub_4969EC,0x4966F8;0x496800,0x172A20;0x173010;0x1734FC;0x172D18;0x1734FC;0x172A20;0x1734FC
FN_libARSPM_00496B3C,0x496B3C,sub_496B3C,0x493E28;0x496CA8;0x49B7F8,0x471DFC;0x4723CC;0x4ECB10;0x4AB5F4;0x4ECB10
FN_libARSPM_00496CA8,0x496CA8,sub_496CA8,,0x46BDBC;0x47382C;0x496B3C;0x495518;0x4ECB10;0x4ECB10
FN_libARSPM_00496D90,0x496D90,sub_496D90,,0x49700C;0x4A9448;0x4ECB10;0x46BDBC;0x4780DC;0x477B04;0x4ECA80;0x4ECB10;0x46B5C4;0x4ECB10
FN_libARSPM_0049700C,0x49700C,sub_49700C,0x496D90;0x497368;0x4978C4;0x49B7F8,0x4ECB10;0x4956EC
FN_libARSPM_00497184,0x497184,sub_497184,,0x4ECB10;0x4ECB10
FN_libARSPM_0049726C,0x49726C,sub_49726C,,0x4ECB10;0x4ECB10
FN_libARSPM_00497368,0x497368,sub_497368,,0x49700C;0x4A9448;0x4ECB10;0x46BDBC;0x4737B0;0x4AC658;0x46BDBC;0x4780DC;0x46BDBC;0x4780DC
FN_libARSPM_00497694,0x497694,sub_497694,,0x4ECB10;0x4ECB10
FN_libARSPM_0049777C,0x49777C,sub_49777C,,0x4ECB10;0x4ECB10
FN_libARSPM_0049784C,0x49784C,sub_49784C,,0x4AC658
FN_libARSPM_004978C4,0x4978C4,sub_4978C4,,0x49700C;0x4A9448;0x4ECB10;0x46BDBC;0x4780DC;0x477B04;0x4ECA80;0x4ECB10;0x46B5C4;0x4ECB10
FN_libARSPM_00497B30,0x497B30,sub_497B30,,0x4ECB10;0x4ECB10
FN_libARSPM_00497C18,0x497C18,sub_497C18,,0x4ECB10;0x4ECB10
FN_libARSPM_00497D18,0x497D18,sub_497D18,,0x4A9FD8
FN_libARSPM_00497D3C,0x497D3C,sub_497D3C,,0x4AA1E8;0x193FB8;0x18D2E0;0x1926B8;0x498370;0x1923B0;0x195EDC;0x498370;0x18D364;0x18D3DC
FN_libARSPM_00498370,0x498370,sub_498370,0x497D3C;0x497D3C,0x18E788;0x18F2EC;0x18F3F0
FN_libARSPM_00498460,0x498460,sub_498460,0x497D3C,0x15E638
FN_libARSPM_00498478,0x498478,sub_498478,,0x4AD228;0x46BDBC;0x4737B0;0x4AC658;0x4AC658;0x46BDBC;0x479AEC;0x46BDBC;0x479AEC;0x46BDBC
FN_libARSPM_004986D4,0x4986D4,sub_4986D4,,0x4ECB10;0x4ECB10
FN_libARSPM_004987BC,0x4987BC,sub_4987BC,,0x4ECB10;0x4ECB10
FN_libARSPM_0049888C,0x49888C,sub_49888C,,0x1AA900;0x4AC658
FN_libARSPM_004989D8,0x4989D8,sub_4989D8,,0x4AD228;0x46BDBC;0x4737B0;0x4AC658;0x4AC658;0x46BDBC;0x479AEC;0x46BDBC;0x479AEC;0x477B04
FN_libARSPM_00498C04,0x498C04,sub_498C04,,0x4ECB10;0x4ECB10
FN_libARSPM_00498CEC,0x498CEC,sub_498CEC,,0x4ECB10;0x4ECB10
FN_libARSPM_00498DBC,0x498DBC,sub_498DBC,,0x1AA7A8;0x4AC658
FN_libARSPM_00498F00,0x498F00,sub_498F00,,0x46BDBC;0x47382C;0x469084;0x18D2E0;0x4AD064;0x18D3DC;0x46BDBC;0x4780DC;0x46BDBC;0x479AEC
FN_libARSPM_004991FC,0x4991FC,sub_4991FC,,0x4ECB10;0x4ECB10
FN_libARSPM_004992E4,0x4992E4,sub_4992E4,,0x4ECB10;0x4ECB10
FN_libARSPM_004993B4,0x4993B4,sub_4993B4,,0x19A960;0x19AA0C;0x19B474;0x19AB9C;0x19AB9C;0x19B374;0x19B6CC;0x18D4D8;0x18D428;0x4AC658
FN_libARSPM_004995BC,0x4995BC,sub_4995BC,0x49AA50,0x4995F4
FN_libARSPM_004995F4,0x4995F4,sub_4995F4,0x4995BC;0x4999DC;0x499A18;0x499B44,0x477A3C;0x4ECB10;0x46BDBC;0x4780DC;0x4AC658;0x46BDBC;0x4780DC;0x4AC658;0x46BDBC;0x4736D8
FN_libARSPM_004999DC,0x4999DC,sub_4999DC,0x49AE2C,0x4995F4
FN_libARSPM_00499A18,0x499A18,sub_499A18,,0x4ACCD4;0x4ECA80;0x4995F4;0x4ECB10;0x4ECB10;0x46BDBC;0x469D54;0x4ECB10
FN_libARSPM_00499B44,0x499B44,sub_499B44,,0x4ACCD4;0x4ECA80;0x4995F4;0x4ECB10;0x4ECB10;0x46BDBC;0x469D54;0x4ECB10
FN_libARSPM_00499C74,0x499C74,sub_499C74,,0x46BDBC;0x4A9448;0x4ECB10;0x49A6DC;0x4780DC;0x46BDBC;0x477B04;0x4ECA80;0x4ECB10;0x46B5C4
FN_libARSPM_00499FE0,0x499FE0,sub_499FE0,,0x4ECB10;0x4ECB10
FN_libARSPM_0049A0D8,0x49A0D8,sub_49A0D8,,0x4ECB10;0x4ECB10
FN_libARSPM_0049A1B8,0x49A1B8,sub_49A1B8,,0x4AC658;0x4AC658;0x47A8DC
FN_libARSPM_0049A27C,0x49A27C,sub_49A27C,,0x4ECB10;0x4ECB10
FN_libARSPM_0049A368,0x49A368,sub_49A368,,0x4ECB10;0x4ECB10
FN_libARSPM_0049A460,0x49A460,sub_49A460,,0x4ECB10;0x4ECB10
FN_libARSPM_0049A540,0x49A540,sub_49A540,,0x4AC658;0x49A920
FN_libARSPM_0049A5F0,0x49A5F0,sub_49A5F0,,0x4ECB10;0x4ECB10
FN_libARSPM_0049A6DC,0x49A6DC,sub_49A6DC,0x499C74,0x1DF698;0x15E650
FN_libARSPM_0049A920,0x49A920,sub_49A920,0x49A540;0x49FE2C,0x1DF698
FN_libARSPM_0049AA50,0x49AA50,sub_49AA50,,0x49ABF4;0x4ECA80;0x4ACD68;0x4ECA80;0x4995BC;0x4ECB10;0x4ECB10;0x4ECB10;0x4ECB10;0x4ECB10
FN_libARSPM_0049ABF4,0x49ABF4,sub_49ABF4,0x49AA50;0x49AE2C,0x46BDBC;0x46BDBC;0x4737B0;0x46BDBC;0x4737B0;0x4ADA38;0x4ADA38;0x46BDBC;0x479AEC;0x46BDBC
FN_libARSPM_0049AE2C,0x49AE2C,sub_49AE2C,,0x49ABF4;0x4ECA80;0x4ACD68;0x4ECA80;0x4999DC;0x4ECB10;0x4ECB10;0x4ECB10;0x4ECB10;0x4ECB10
FN_libARSPM_0049AFD0,0x49AFD0,sub_49AFD0,,0x4ECB10;0x4ECB10
FN_libARSPM_0049B0BC,0x49B0BC,sub_49B0BC,,0x4ECB10;0x4ECB10
FN_libARSPM_0049B190,0x49B190,sub_49B190,,0x4AC658;0x4AC658;0x1AA4E4;0x4AC658;0x4AC658;0x1AA4E4;0x4AC658;0x4AC658;0x49B7E4;0x15E650
FN_libARSPM_0049B7E4,0x49B7E4,sub_49B7E4,0x49B190,0x15E638
FN_libARSPM_0049B7F8,0x49B7F8,sub_49B7F8,,0x46BDBC;0x47382C;0x496B3C;0x495518;0x4ECB10;0x4ECB10;0x49700C;0x4ECA80;0x4A9448;0x4ECB10
FN_libARSPM_0049BC64,0x49BC64,sub_49BC64,,0x4ECB10;0x4ECB10
FN_libARSPM_0049BD4C,0x49BD4C,sub_49BD4C,,0x4ECB10;0x4ECB10
FN_libARSPM_0049BE1C,0x49BE1C,sub_49BE1C,,0x4AC658;0x4AC658
FN_libARSPM_0049BF58,0x49BF58,sub_49BF58,0x49203C,0x46BDBC;0x46BDBC;0x1349DC;0x1349DC;0x1349DC;0x134B74;0x46BDBC;0x4736D8;0x49C250;0x1947BC
FN_libARSPM_0049C250,0x49C250,sub_49C250,0x49BF58,0x46BDBC;0x4736D8;0x46BDBC;0x4736D8;0x490ED0;0x172D18;0x4B00B4;0x46BDBC;0x476C64;0x4ECB10
FN_libARSPM_0049C52C,0x49C52C,sub_49C52C,0x49BF58,0x46BDBC;0x46BDBC;0x46BDBC;0x472E8C;0x172690;0x19103C;0x4ECB10;0x4ECB10;0x4ECB10
FN_libARSPM_0049C7C8,0x49C7C8,sub_49C7C8,0x49203C,0x206C3C
FN_libARSPM_0049C834,0x49C834,sub_49C834,0x49203C;0x49203C;0x492844;0x493798;0x49395C;0x4939EC,0x4ECB10;0x4ECB10
FN_libARSPM_0049C910,0x49C910,sub_49C910,0x49D98C,0x1472A8;0x4ECA80
FN_libARSPM_0049CA38,0x49CA38,sub_49CA38,0x49BF58,0x49CBCC;0x4ECB10
FN_libARSPM_0049CBCC,0x49CBCC,sub_49CBCC,0x49BF58;0x49CA38,0x1472A8;0x4ECB10
FN_libARSPM_0049CD2C,0x49CD2C,sub_49CD2C,0x492A00,0x46BDBC;0x46BDBC;0x46BDBC;0x46BDBC;0x4737B0;0x469084;0x49D484;0x4ECB10;0x4ECB10;0x4ECB10
FN_libARSPM_0049D30C,0x49D30C,sub_49D30C,0x49CD2C,0x4ECB10;0x4A0748;0x4A0734
FN_libARSPM_0049D484,0x49D484,sub_49D484,0x49CD2C,0x4AA86C;0x4ECB10;0x1D8FA8;0x1D8FA8
FN_libARSPM_0049D65C,0x49D65C,sub_49D65C,0x49D968,0x4ECB10;0x4ECB10;0x1D93F8;0x4ECB10;0x4ECB10;0x1D93F8;0x4ECB10;0x4A09F4;0x4ECB10;0x4A0748
FN_libARSPM_0049D968,0x49D968,sub_49D968,,0x49D65C
FN_libARSPM_0049D98C,0x49D98C,sub_49D98C,0x49DE5C,0x49C910;0x172A20;0x172D18;0x1734FC;0x4B00B4;0x4B0414;0x4ECB10;0x4ECB10;0x4ECB10;0x4ECB10
FN_libARSPM_0049DE5C,0x49DE5C,sub_49DE5C,0x49F720,0x4B00B4;0x49D98C;0x4AA158;0x46F5C0;0x49E88C;0x49E614;0x49E614;0x49E88C;0x4AA86C;0x4ECB10
FN_libARSPM_0049E614,0x49E614,sub_49E614,0x49DE5C;0x49DE5C,0x4ACCD4;0x4ECB10;0x4ECB10;0x4ECA80;0x4ECA80;0x4A8D74;0x4ECB10;0x4ECB10;0x4AC658;0x4ECA80
FN_libARSPM_0049E88C,0x49E88C,sub_49E88C,0x49DE5C;0x49DE5C,0x4ACCD4;0x4ECB10;0x4ECB10;0x4ECA80;0x4ECA80;0x4A8D74;0x4ECB10;0x4ECB10;0x4AC658;0x4AC658
FN_libARSPM_0049EBAC,0x49EBAC,sub_49EBAC,0x49F720,0x15E650;0x4A0F30;0x4A0F30;0x4A0F30
FN_libARSPM_0049F2F8,0x49F2F8,sub_49F2F8,,0x4A2728;0x4ECA80;0x4ECB10;0x1D9534;0x4ECA80;0x4ECB10;0x49F720;0x49FE2C;0x4A1360;0x4A5D48
FN_libARSPM_0049F720,0x49F720,sub_49F720,0x49F2F8,0x4A2E88;0x1DA35C;0x4ECB10;0x1D93F8;0x1DA35C;0x4ECB10;0x1D93F8;0x4AAA7C;0x4ECB10;0x4ECB10
FN_libARSPM_0049FB88,0x49FB88,sub_49FB88,0x49F720,0x4ECB10;0x4ECA80;0x4ECB10
FN_libARSPM_0049FE2C,0x49FE2C,sub_49FE2C,0x49F2F8,0x47934C;0x18D2E0;0x191644;0x18D428;0x18D3DC;0x19DB4C;0x19DC98;0x4ECB10;0x4ECB10;0x18DF54
FN_libARSPM_0049FFB8,0x49FFB8,sub_49FFB8,0x49F2F8,0x4A02D0;0x4A0394;0x16A0C4;0x169990;0x16A0C4;0x169990;0x16A0C4;0x169990;0x169990;0x169990
FN_libARSPM_004A02D0,0x4A02D0,sub_4A02D0,0x49FFB8,
FN_libARSPM_004A0394,0x4A0394,sub_4A0394,0x49FFB8,0x4A04C4;0x169990
FN_libARSPM_004A04C4,0x4A04C4,sub_4A04C4,0x4A0394,0x19DD18;0x16A0C4;0x169990
FN_libARSPM_004A0664,0x4A0664,sub_4A0664,0x49F720;0x4A2E88;0x4A30C4;0x4A30C4;0x4A390C;0x4A4CDC,0x4ECB10
FN_libARSPM_004A0734,0x4A0734,sub_4A0734,0x49D30C;0x4A0820,0x15E638
FN_libARSPM_004A0748,0x4A0748,sub_4A0748,0x49CD2C;0x49D30C;0x49D65C;0x4A0820,0x4ECB10
FN_libARSPM_004A0820,0x4A0820,sub_4A0820,0x49CD2C,0x4ECB10;0x4A0748;0x4A0734;0x15E650
FN_libARSPM_004A09F4,0x4A09F4,sub_4A09F4,0x49D65C,0x4ECB10;0x4ECB10;0x4ECB10;0x4ECB10
FN_libARSPM_004A0B34,0x4A0B34,sub_4A0B34,0x4A0BEC,0x4ECB10
FN_libARSPM_004A0BEC,0x4A0BEC,sub_4A0BEC,,0x4A0B34
FN_libARSPM_004A0C1C,0x4A0C1C,sub_4A0C1C,,0x4AA1E8;0x13AFA0;0x18D3DC
FN_libARSPM_004A0C68,0x4A0C68,sub_4A0C68,,0x4A359C
FN_libARSPM_004A0C94,0x4A0C94,sub_4A0C94,,0x4AA1E8;0x1929BC;0x18D3DC
FN_libARSPM_004A0CE4,0x4A0CE4,sub_4A0CE4,0x49DE5C,0x4ECB10;0x4ECB10;0x4ECB10;0x4ECB10;0x4A0F1C;0x15E650
FN_libARSPM_004A0F1C,0x4A0F1C,sub_4A0F1C,0x4A0CE4,0x15E638
FN_libARSPM_004A0F30,0x4A0F30,sub_4A0F30,0x49EBAC;0x49EBAC;0x49EBAC,0x15E638
FN_libARSPM_004A0F44,0x4A0F44,sub_4A0F44,,0x4ECB10;0x4ECB10
FN_libARSPM_004A1018,0x4A1018,sub_4A1018,,0x4ECB10;0x4ECB10;0x4AA944
FN_libARSPM_004A10F4,0x4A10F4,sub_4A10F4,,0x4AAD7C;0x4A3374;0x4ECA80;0x4ECB10
FN_libARSPM_004A1260,0x4A1260,sub_4A1260,,0x4AF250;0x137020;0x4AF984;0x1756D8;0x1756D8;0x47E510;0x4AF378;0x4AAC34;0x4AF378
FN_libARSPM_004A1360,0x4A1360,sub_4A1360,0x49F2F8,0x4A1554;0x15E650
FN_libARSPM_004A1554,0x4A1554,sub_4A1554,0x4A1360,0x15E638
FN_libARSPM_004A1568,0x4A1568,sub_4A1568,0x49CD2C,0x477C90;0x4ECB10;0x1D93F8;0x4ECB10;0x4785E8
FN_libARSPM_004A166C,0x4A166C,sub_4A166C,,0x4ECB10;0x1D93F8;0x4ECB10
FN_libARSPM_004A172C,0x4A172C,sub_4A172C,,0x4ECB10;0x1D93F8;0x4ECB10;0x4785E8
FN_libARSPM_004A17F4,0x4A17F4,sub_4A17F4,,0x4A1B68;0x47863C;0x4A1D28
FN_libARSPM_004A18D0,0x4A18D0,sub_4A18D0,,0x4ECA80;0x4ECB10
FN_libARSPM_004A19C0,0x4A19C0,sub_4A19C0,,0x1D8FA8;0x4A70BC;0x4A2728;0x1D91C4;0x4A2318;0x4ECB10;0x1D93F8;0x4ECB10
FN_libARSPM_004A1B68,0x4A1B68,sub_4A1B68,0x4A17F4,0x1D91C4;0x4ECB10;0x1D93F8;0x4ECB10;0x4A1EFC
FN_libARSPM_004A1D28,0x4A1D28,sub_4A1D28,0x4A17F4,0x1D91C4;0x4ECB10;0x1D93F8;0x4ECB10;0x15E650
FN_libARSPM_004A1EFC,0x4A1EFC,sub_4A1EFC,0x4A1B68;0x4A2318,0x15E638
FN_libARSPM_004A1F10,0x4A1F10,sub_4A1F10,,0x4ECB10;0x1D93F8;0x4ECB10
FN_libARSPM_004A1FD0,0x4A1FD0,sub_4A1FD0,,0x4ECB10;0x1D93F8;0x4ECB10;0x478440
FN_libARSPM_004A2098,0x4A2098,sub_4A2098,,0x478494;0x4A2728;0x4ECA80;0x4ECB10;0x1D9534;0x4ECA80;0x4ECB10;0x1D9534
FN_libARSPM_004A21EC,0x4A21EC,sub_4A21EC,,0x4ECB10
FN_libARSPM_004A2238,0x4A2238,sub_4A2238,,0x4ECB10
FN_libARSPM_004A2284,0x4A2284,sub_4A2284,,0x1D9180;0x1D95B8;0x1D93F8;0x1D944C;0x1D93F8
FN_libARSPM_004A2318,0x4A2318,sub_4A2318,0x4A19C0,0x1D91C4;0x1D91C4;0x4ECB10;0x1D93F8;0x4ECB10;0x4A1EFC;0x15E650
FN_libARSPM_004A2558,0x4A2558,sub_4A2558,0x4A2728,
FN_libARSPM_004A2570,0x4A2570,sub_4A2570,,0x1D944C
FN_libARSPM_004A2728,0x4A2728,sub_4A2728,0x49F2F8;0x4A19C0;0x4A2098,0x4A2558
FN_libARSPM_004A2744,0x4A2744,sub_4A2744,0x4A2E88;0x4A30C4,0x4ECA80;0x15E664;0x4ECB10;0x4ECA80;0x4B10E0;0x4ECB10;0x15E7BC;0x15E754;0x15E774;0x15E794
FN_libARSPM_004A2E88,0x4A2E88,sub_4A2E88,0x49F720,0x4A2744;0x4A30C4;0x4A0664;0x1D93F8;0x4A568C;0x4A4EEC
FN_libARSPM_004A30C4,0x4A30C4,sub_4A30C4,0x4A2E88,0x4A2744;0x4A0664;0x4A0664
FN_libARSPM_004A3374,0x4A3374,sub_4A3374,0x4A10F4;0x4A2744;0x4A2744;0x4A2744;0x4A2744,0x15F0E4;0x1B6110;0x1B6360;0x2666F8;0x14E8AC;0x15EC9C;0x1B6360;0x2666F8
FN_libARSPM_004A359C,0x4A359C,sub_4A359C,0x4A0C68,0x13EBE0
FN_libARSPM_004A3628,0x4A3628,sub_4A3628,0x4A2744;0x4A2744,0x2666F8;0x2666F8;0x2666F8;0x4ECB10;0x4A3EA0;0x4A4CDC;0x4ECB10
FN_libARSPM_004A390C,0x4A390C,sub_4A390C,0x4A2744;0x4A3A68,0x4A0664;0x2666F8;0x4ECB10;0x2666F8;0x2666F8;0x2666F8;0x2666F8;0x4ECB10
FN_libARSPM_004A3A68,0x4A3A68,sub_4A3A68,,0x4A390C
FN_libARSPM_004A3A8C,0x4A3A8C,sub_4A3A8C,,0x2666F8;0x2666F8;0x2666F8;0x4ECB10
FN_libARSPM_004A3B64,0x4A3B64,sub_4A3B64,,0x15EF40
FN_libARSPM_004A3BD8,0x4A3BD8,sub_4A3BD8,,0x14E8AC;0x14E8C4;0x14E8AC;0x2666F8;0x14E8C4;0x14E8AC;0x2666F8;0x14E8C4;0x4ECA80;0x4A41F8
FN_libARSPM_004A3EA0,0x4A3EA0,sub_4A3EA0,0x4A3628,0x1348D0;0x2666F8;0x15EC9C
FN_libARSPM_004A41F8,0x4A41F8,sub_4A41F8,0x4A3BD8,0x1349B8;0x1348D0;0x2666F8;0x15EF40;0x1348D0;0x2666F8;0x15EC9C;0x4ECA80;0x4ECA80;0x4A4CDC
FN_libARSPM_004A4CDC,0x4A4CDC,sub_4A4CDC,0x4A3628;0x4A41F8;0x4A41F8,0x4A0664;0x4A4EEC;0x15E650
FN_libARSPM_004A4EEC,0x4A4EEC,sub_4A4EEC,0x4A2E88;0x4A4CDC,0x15E638
FN_libARSPM_004A4F00,0x4A4F00,sub_4A4F00,0x4A4F14;0x4A568C,0x15E638
FN_libARSPM_004A4F14,0x4A4F14,sub_4A4F14,0x4A41F8,0x4ECA80;0x4ECB10;0x4A4F00;0x15E650
FN_libARSPM_004A5098,0x4A5098,sub_4A5098,0x4A41F8,0x1F54AC;0x15E650
FN_libARSPM_004A5388,0x4A5388,sub_4A5388,0x4A41F8,0x15E624;0x15E650
FN_libARSPM_004A568C,0x4A568C,sub_4A568C,0x4A2E88,0x4ECA80;0x4A4F00;0x1F54AC;0x15E624;0x487E18
FN_libARSPM_004A580C,0x4A580C,sub_4A580C,0x49CD2C,0x46BDBC;0x46BDBC;0x4A5BD8;0x4A6850;0x4A6850;0x4A6684;0x4ECB10;0x46BDBC;0x4A6850;0x4ECB10
FN_libARSPM_004A5BD8,0x4A5BD8,sub_4A5BD8,0x4A580C,0x4ECB10;0x4A6670
FN_libARSPM_004A5D48,0x4A5D48,sub_4A5D48,0x49F2F8,0x4A6C74;0x4A5E80
FN_libARSPM_004A5E80,0x4A5E80,sub_4A5E80,0x4A5D48,0x47A898;0x47A898;0x47A8DC;0x47A8DC
FN_libARSPM_004A61CC,0x4A61CC,sub_4A61CC,0x4A580C,0x46BDBC;0x47AFB0;0x46BDBC;0x4780DC;0x46BDBC;0x479AEC;0x46BDBC;0x47AFB0;0x46BDBC;0x4780DC
FN_libARSPM_004A6670,0x4A6670,sub_4A6670,0x4A5BD8;0x4A6684,0x15E638
FN_libARSPM_004A6684,0x4A6684,sub_4A6684,0x4A580C;0x4A580C,0x4ECB10;0x4A6670;0x15E650
FN_libARSPM_004A6850,0x4A6850,sub_4A6850,0x4A580C;0x4A580C;0x4A580C,0x46BDBC;0x4737B0;0x469084;0x46BDBC;0x4737B0;0x469084;0x46BDBC;0x4737B0;0x469084;0x46BDBC
FN_libARSPM_004A6C74,0x4A6C74,sub_4A6C74,0x4A5D48,0x47928C;0x47928C;0x478FC8;0x478FC8
FN_libARSPM_004A70BC,0x4A70BC,sub_4A70BC,0x4A19C0,0x46BDBC;0x46BDBC;0x46BDBC;0x46BDBC;0x1D90A0;0x492C60;0x1D93F8;0x469084;0x1D97C8;0x4ECA80
FN_libARSPM_004A78F0,0x4A78F0,sub_4A78F0,0x470784;0x470784,0x4A9214;0x4ECB10;0x4ECA80;0x4AC37C;0x4ECB10
FN_libARSPM_004A79E4,0x4A79E4,sub_4A79E4,,0x4ECA80;0x4AC568;0x4ECB10;0x4ECB10;0x4A92A8
FN_libARSPM_004A7A8C,0x4A7A8C,sub_4A7A8C,,0x4ECA80;0x4AC568;0x4ECB10;0x4ECB10;0x4A92A8
FN_libARSPM_004A7B3C,0x4A7B3C,sub_4A7B3C,,0x137BAC;0x137BB4;0x4A9418;0x4AA188;0x4A9418
FN_libARSPM_004A7BF4,0x4A7BF4,sub_4A7BF4,,0x4AA1A0
FN_libARSPM_004A7C38,0x4A7C38,sub_4A7C38,,0x4AC70C;0x4A9428;0x4AA1E8;0x18D638;0x18D3DC;0x1B62D8
FN_libARSPM_004A7CF4,0x4A7CF4,sub_4A7CF4,,0x4AF250;0x4ECA80;0x4AF510;0x1756D8;0x1756D8;0x47E510;0x4ECB10;0x4AF378;0x4A9418;0x4AF378
FN_libARSPM_004A7E00,0x4A7E00,sub_4A7E00,,0x4ECB10;0x4ECB10;0x4A9428
FN_libARSPM_004A7EB8,0x4A7EB8,sub_4A7EB8,0x47C670;0x47CE40;0x484D78;0x48563C;0x485C1C;0x485F08;0x48A970;0x48B0DC;0x48D9F4,0x4A9214;0x4ECB10
FN_libARSPM_004A7F68,0x4A7F68,sub_4A7F68,,0x4ECB10
FN_libARSPM_004A7FB4,0x4A7FB4,sub_4A7FB4,,0x4ECB10;0x4A92A8
FN_libARSPM_004A8008,0x4A8008,sub_4A8008,,0x4AF250;0x4ECA80;0x4AF510;0x1756D8;0x1756D8;0x47E510;0x4ECB10;0x4AF378;0x4A9418;0x4AF378
FN_libARSPM_004A8110,0x4A8110,sub_4A8110,0x4815B4,0x4A9214;0x4ECB10;0x4ECA80;0x4AC37C;0x4ECB10
FN_libARSPM_004A8218,0x4A8218,sub_4A8218,,0x4ECA80;0x4AC568;0x4ECB10;0x4ECB10;0x4ECB10;0x4A92A8
FN_libARSPM_004A82F8,0x4A82F8,sub_4A82F8,,0x4ECA80;0x4AC568;0x4ECB10;0x4ECB10;0x4ECB10;0x4A92A8
FN_libARSPM_004A83E0,0x4A83E0,sub_4A83E0,,0x1756D8;0x4AC70C
FN_libARSPM_004A8430,0x4A8430,sub_4A8430,0x48DF3C,0x4ECA80;0x4ECA80;0x4A85C4;0x4ECB10;0x4ECB10;0x4ECB10;0x4ECB10
FN_libARSPM_004A85C4,0x4A85C4,sub_4A85C4,0x480684;0x48EBE0;0x4A8430,0x4A8700;0x4ECB10;0x4ECB10
FN_libARSPM_004A8700,0x4A8700,sub_4A8700,0x4A85C4,0x4A9214;0x4ECB10;0x4ECA80;0x4AC37C;0x4ECB10
FN_libARSPM_004A8810,0x4A8810,sub_4A8810,0x4A8964,0x4ECA80;0x4AC568;0x4ECB10;0x4ECB10;0x4ECB10;0x4A92A8
FN_libARSPM_004A8964,0x4A8964,sub_4A8964,,0x4A8810
FN_libARSPM_004A8988,0x4A8988,sub_4A8988,,0x1756D8;0x4AC70C;0x145ED8;0x145ED8;0x223D84;0x225344;0x223D84;0x212AB4;0x4ECB10;0x4ECB10
FN_libARSPM_004A8D18,0x4A8D18,sub_4A8D18,,0x4ECB10
FN_libARSPM_004A8D74,0x4A8D74,sub_4A8D74,0x471F08;0x491894;0x493E28;0x49E614;0x49E88C,0x4AEC88;0x4ECA80;0x4AC37C;0x4ECB10;0x4ECA80;0x4AC37C;0x4ECB10
FN_libARSPM_004A8E70,0x4A8E70,sub_4A8E70,0x4A8FA0,0x4ECA80;0x4AC568;0x4ECB10;0x4ECA80;0x4AC568;0x4ECB10;0x4ECB10;0x4ECB10;0x4AC324
FN_libARSPM_004A8FA0,0x4A8FA0,sub_4A8FA0,,0x4A8E70
FN_libARSPM_004A8FC4,0x4A8FC4,sub_4A8FC4,,0x4ACBA4;0x137020;0x4AEDA4;0x18C670;0x4AA194;0x18B9C0
FN_libARSPM_004A9068,0x4A9068,sub_4A9068,,0x4ACBA4;0x4AA1A0;0x18D2E0;0x4AA1E8;0x1A0500;0x18D3DC;0x1929BC;0x18D3DC;0x18B9C0
FN_libARSPM_004A9174,0x4A9174,sub_4A9174,,0x4AC70C;0x4AC70C;0x4ACBA4;0x18C570;0x18B9C0
FN_libARSPM_004A9214,0x4A9214,sub_4A9214,0x4A78F0;0x4A7EB8;0x4A8110;0x4A8700;0x4AB0BC;0x4AC9E4;0x4AD39C;0x4AD570;0x4ADB70;0x4AE710,0x4AEC88;0x4ECA80;0x4AC37C;0x4ECB10
FN_libARSPM_004A92A8,0x4A92A8,sub_4A92A8,0x4A79E4;0x4A7A8C;0x4A7FB4;0x4A8218;0x4A82F8;0x4A8810;0x4AB19C;0x4AB244;0x4ACB80;0x4AD670,0x4ECA80;0x4AC568;0x4ECB10;0x4ECB10;0x4AC324
FN_libARSPM_004A935C,0x4A935C,sub_4A935C,,0x4ECA80;0x4AC568;0x4ECB10;0x4ECB10;0x4AC324
FN_libARSPM_004A9418,0x4A9418,sub_4A9418,0x4A7B3C;0x4A7B3C;0x4A7CF4;0x4A8008;0x4AB2F4;0x4ACA60;0x4AD458;0x4AD910;0x4ADE48;0x4AE86C,
FN_libARSPM_004A9420,0x4A9420,sub_4A9420,0x4B06D4,
FN_libARSPM_004A9428,0x4A9428,sub_4A9428,0x4A7C38;0x4A7E00;0x4AB568;0x4ADDD4;0x4B0734,0x4AC70C
FN_libARSPM_004A9448,0x4A9448,sub_4A9448,0x496D90;0x497368;0x4978C4;0x499C74;0x49B7F8,0x4AA158;0x18D2E0;0x4ECA80;0x4AC37C;0x4ECB10
FN_libARSPM_004A9528,0x4A9528,sub_4A9528,,0x4AC70C;0x18D428;0x18D3DC;0x1935CC;0x193FB8
FN_libARSPM_004A9594,0x4A9594,sub_4A9594,,0x4AA1E8;0x250138;0x1DA608;0x19C234;0x4ECB10
FN_libARSPM_004A962C,0x4A962C,sub_4A962C,0x493E28,0x4AA158;0x18D2E0;0x4ECA80;0x4AC37C;0x4ECB10;0x4ECA80;0x4AC37C;0x4ECB10
FN_libARSPM_004A972C,0x4A972C,sub_4A972C,0x4A9864,0x4ECA80;0x4AC568;0x4ECB10;0x4ECB10;0x4ECA80;0x4AC568;0x4ECB10;0x18D3DC;0x4ECB10;0x4AC324
FN_libARSPM_004A9864,0x4A9864,sub_4A9864,,0x4A972C
FN_libARSPM_004A9888,0x4A9888,sub_4A9888,,0x1756D8;0x4AC70C;0x4AA1E8;0x191920
FN_libARSPM_004A9908,0x4A9908,sub_4A9908,,0x4AA1E8;0x1DA608;0x19C234;0x4ECB10;0x1348D0;0x2666F8;0x2281B0;0x2666F8;0x1DF698
FN_libARSPM_004A9B44,0x4A9B44,sub_4A9B44,,0x4AA1E8;0x2272C4;0x1DA608;0x19C234;0x4ECB10
FN_libARSPM_004A9BD8,0x4A9BD8,sub_4A9BD8,,0x4AA1E8;0x18B76C;0x18C270;0x18C4B4;0x18C4C4;0x18C4F0;0x18D2E0;0x1A0578;0x22B064;0x18D3DC
FN_libARSPM_004A9CB0,0x4A9CB0,sub_4A9CB0,,0x4ECA80;0x4AC568;0x4ECB10;0x18D3DC;0x4ECB10;0x4AC324
FN_libARSPM_004A9D74,0x4A9D74,sub_4A9D74,,0x4ECA80;0x4AC568;0x4ECB10;0x18D3DC;0x4ECB10;0x4AC324
FN_libARSPM_004A9E40,0x4A9E40,sub_4A9E40,,0x4ECA80;0x4AC568;0x4ECB10;0x18D3DC;0x4ECB10;0x4AC324
FN_libARSPM_004A9F14,0x4A9F14,sub_4A9F14,,0x4ECA80;0x4AC568;0x4ECB10;0x18D3DC;0x4ECB10;0x4AC324
FN_libARSPM_004A9FD8,0x4A9FD8,sub_4A9FD8,0x497D18,0x4ECA80;0x4AC568;0x4ECB10;0x18D3DC;0x4ECB10;0x4AC324
FN_libARSPM_004AA094,0x4AA094,sub_4AA094,,0x4ECA80;0x4AC568;0x4ECB10;0x18D3DC;0x4ECB10;0x4AC324
FN_libARSPM_004AA158,0x4AA158,sub_4AA158,0x49DE5C;0x4A9448;0x4A962C;0x4AB5F4;0x4AD064;0x4AD168;0x4AD228,0x4AC2E8
FN_libARSPM_004AA188,0x4AA188,sub_4AA188,0x4A7B3C,
FN_libARSPM_004AA194,0x4AA194,sub_4AA194,0x4A8FC4,
FN_libARSPM_004AA1A0,0x4AA1A0,sub_4AA1A0,0x4A7BF4;0x4A9068,
FN_libARSPM_004AA1E8,0x4AA1E8,sub_4AA1E8,0x497D3C;0x4A0C1C;0x4A0C94;0x4A7C38;0x4A9068;0x4A9594;0x4A9888;0x4A9908;0x4A9B44;0x4A9BD8,
FN_libARSPM_004AA1F8,0x4AA1F8,sub_4AA1F8,,0x15E650;0x1DF698;0x4AA818;0x4AA818
FN_libARSPM_004AA5C0,0x4AA5C0,sub_4AA5C0,,0x2218DC;0x4ECB10
FN_libARSPM_004AA644,0x4AA644,sub_4AA644,,0x21DB40;0x2212F8;0x4ECB10
FN_libARSPM_004AA74C,0x4AA74C,sub_4AA74C,,0x4ADA6C
FN_libARSPM_004AA7D4,0x4AA7D4,sub_4AA7D4,,0x4ADA6C
FN_libARSPM_004AA818,0x4AA818,sub_4AA818,0x4AA1F8;0x4AA1F8,0x15E638
FN_libARSPM_004AA82C,0x4AA82C,sub_4AA82C,0x49F720,0x4AEC88
FN_libARSPM_004AA86C,0x4AA86C,sub_4AA86C,0x46F1B4;0x470784;0x493E28;0x49D484;0x49DE5C,0x4AEC88;0x4ECA80;0x4AC37C;0x4ECB10
FN_libARSPM_004AA944,0x4AA944,sub_4AA944,0x4A1018;0x4AAA58,0x4ECA80;0x4AC568;0x4ECB10;0x4ECB10;0x4AC324
FN_libARSPM_004AAA58,0x4AAA58,sub_4AAA58,,0x4AA944
FN_libARSPM_004AAA7C,0x4AAA7C,sub_4AAA7C,0x49F720,0x4ECA80;0x4AC568;0x4ECB10;0x4ECB10
FN_libARSPM_004AAB54,0x4AAB54,sub_4AAB54,0x49DE5C;0x49DE5C;0x49F720,0x4ECA80;0x4AC37C;0x4ECB10;0x46FD48;0x4AC658
FN_libARSPM_004AAC34,0x4AAC34,sub_4AAC34,0x4A1260,0x4AF250;0x137020;0x4AF984;0x1756D8;0x1756D8;0x47E510;0x4AF378;0x4AED24;0x4AF378
FN_libARSPM_004AAD20,0x4AAD20,sub_4AAD20,,0x4AED5C
FN_libARSPM_004AAD7C,0x4AAD7C,sub_4AAD7C,0x4A10F4,0x4AC70C;0x1B6360;0x1B6360;0x4AC70C
FN_libARSPM_004AAEA8,0x4AAEA8,sub_4AAEA8,0x48FFDC,0x4AEC88
FN_libARSPM_004AAF00,0x4AAF00,sub_4AAF00,,0x18B76C;0x4AF250;0x137020;0x4AF984;0x137020;0x4AEDA4;0x13E57C;0x4AF378;0x18B9C0
FN_libARSPM_004AB01C,0x4AB01C,sub_4AB01C,,0x4ECB10
FN_libARSPM_004AB068,0x4AB068,sub_4AB068,,0x4ECB10;0x4AC324
FN_libARSPM_004AB0BC,0x4AB0BC,sub_4AB0BC,0x470784;0x470784,0x4A9214;0x4ECB10;0x4ECA80;0x4AC37C;0x4ECB10
FN_libARSPM_004AB19C,0x4AB19C,sub_4AB19C,,0x4ECA80;0x4AC568;0x4ECB10;0x4ECB10;0x4A92A8
FN_libARSPM_004AB244,0x4AB244,sub_4AB244,,0x4ECA80;0x4AC568;0x4ECB10;0x4ECB10;0x4A92A8
FN_libARSPM_004AB2F4,0x4AB2F4,sub_4AB2F4,,0x137BAC;0x18B76C;0x137020;0x4AEDA4;0x1756D8;0x1756D8;0x2CF70C;0x137C54;0x4AED24;0x18B76C
FN_libARSPM_004AB50C,0x4AB50C,sub_4AB50C,,0x4AED5C
FN_libARSPM_004AB568,0x4AB568,sub_4AB568,,0x4AC70C;0x4A9428;0x1B62D8
FN_libARSPM_004AB5F4,0x4AB5F4,sub_4AB5F4,0x470784;0x496B3C,0x4AA158;0x18D2E0;0x4ECA80;0x4AC37C;0x4ECB10
FN_libARSPM_004AB6C4,0x4AB6C4,sub_4AB6C4,0x4AB7C8,0x4ECA80;0x4AC568;0x4ECB10;0x18D3DC;0x4ECB10;0x4AC324
FN_libARSPM_004AB7C8,0x4AB7C8,sub_4AB7C8,,0x4AB6C4
FN_libARSPM_004AB82C,0x4AB82C,sub_4AB82C,,0x1563CC;0x18D5A8;0x4ABE9C;0x18D3DC;0x4AC70C;0x4ABE9C;0x4AA1E8;0x4AA1E8;0x4ABF44;0x18DFC8
FN_libARSPM_004ABA64,0x4ABA64,sub_4ABA64,0x4ABF44,0x14119C;0x18E60C;0x14130C;0x18E618;0x1416F0;0x1416F0;0x18DAF4;0x18D2E0;0x18E68C;0x18E788
FN_libARSPM_004ABE9C,0x4ABE9C,sub_4ABE9C,0x4AB82C;0x4AB82C,0x18D2E0;0x1F7B0C;0x18D428;0x18D3DC;0x156714;0x1F7B0C;0x18D428;0x156714
FN_libARSPM_004ABF44,0x4ABF44,sub_4ABF44,0x4AB82C;0x4AB82C,0x18D364;0x18DAC4;0x18DAF4;0x18D2E0;0x18E68C;0x18E788;0x191530;0x18F3F0;0x18D428;0x18D3DC
FN_libARSPM_004AC2E8,0x4AC2E8,sub_4AC2E8,0x4AA158;0x4ACCD4;0x4ACD68;0x4ADA38;0x4ADF6C;0x4AEC88;0x4AFD80;0x4B00B4;0x4B00E4;0x4B00E4,
FN_libARSPM_004AC324,0x4AC324,sub_4AC324,0x472E4C;0x477974;0x4913A4;0x4A8E70;0x4A92A8;0x4A935C;0x4A972C;0x4A9CB0;0x4A9D74;0x4A9E40,
FN_libARSPM_004AC37C,0x4AC37C,sub_4AC37C,0x47EE80;0x487958;0x4A78F0;0x4A8110;0x4A8700;0x4A8D74;0x4A8D74;0x4A9214;0x4A9448;0x4A962C,0x4AC830;0x15E650
FN_libARSPM_004AC568,0x4AC568,sub_4AC568,0x47F310;0x47F3E4;0x487958;0x4A79E4;0x4A7A8C;0x4A8218;0x4A82F8;0x4A8810;0x4A8E70;0x4A8E70,
FN_libARSPM_004AC658,0x4AC658,sub_4AC658,0x470784;0x470784;0x470784;0x470784;0x472318;0x472830;0x473238;0x476960;0x476BFC;0x47730C,
FN_libARSPM_004AC668,0x4AC668,sub_4AC668,,0x4AC658;0x4AC658
FN_libARSPM_004AC70C,0x4AC70C,sub_4AC70C,0x4697D0;0x46AF0C;0x47DDE4;0x47DDE4;0x47F4C0;0x47F4C0;0x47F4C0;0x482130;0x487564;0x487650,0x4AC844;0x4AC844
FN_libARSPM_004AC830,0x4AC830,sub_4AC830,0x4AC37C,0x15E638
FN_libARSPM_004AC844,0x4AC844,sub_4AC844,0x4AC70C;0x4AC70C,0x1726D8;0x174980;0x1B6360;0x4AC9D0;0x15E650
FN_libARSPM_004AC9D0,0x4AC9D0,sub_4AC9D0,0x4AC844,0x15E638
FN_libARSPM_004AC9E4,0x4AC9E4,sub_4AC9E4,0x4693B4;0x48E3F8,0x4A9214;0x4ECB10
FN_libARSPM_004ACA60,0x4ACA60,sub_4ACA60,,0x4AF250;0x4AF500;0x1756D8;0x1756D8;0x47E510;0x4AF378;0x4A9418;0x4AF378
FN_libARSPM_004ACB80,0x4ACB80,sub_4ACB80,,0x4A92A8
FN_libARSPM_004ACBA4,0x4ACBA4,sub_4ACBA4,0x4A8FC4;0x4A9068;0x4A9174,0x18B76C;0x18C3A0;0x18C270;0x18C4B4;0x18C4C4;0x18C4F0;0x18C4D4
FN_libARSPM_004ACCD4,0x4ACCD4,sub_4ACCD4,0x470784;0x480684;0x480684;0x480684;0x480684;0x480684;0x4815B4;0x48DF3C;0x48DF3C;0x48EBE0,0x4AC2E8
FN_libARSPM_004ACD68,0x4ACD68,sub_4ACD68,0x49AA50;0x49AE2C,0x4AC2E8;0x4ECA80;0x4AC37C;0x4ECB10
FN_libARSPM_004ACE50,0x4ACE50,sub_4ACE50,,0x4ECA80;0x4AC568;0x4ECB10;0x4ECB10;0x4AC324
FN_libARSPM_004ACEF8,0x4ACEF8,sub_4ACEF8,,0x4ECA80;0x4AC568;0x4ECB10;0x4ECB10;0x4AC324
FN_libARSPM_004ACFA8,0x4ACFA8,sub_4ACFA8,,0x4AC70C
FN_libARSPM_004ACFC8,0x4ACFC8,sub_4ACFC8,,0x4ECA80;0x18C0B8;0x4ECB10
FN_libARSPM_004AD040,0x4AD040,sub_4AD040,,0x4AC324
FN_libARSPM_004AD064,0x4AD064,sub_4AD064,0x472E8C;0x498F00,0x4AA158
FN_libARSPM_004AD100,0x4AD100,sub_4AD100,,0x18D3DC
FN_libARSPM_004AD130,0x4AD130,sub_4AD130,,0x18D3DC;0x4AC324
FN_libARSPM_004AD168,0x4AD168,sub_4AD168,0x470784;0x491894,0x4AA158
FN_libARSPM_004AD228,0x4AD228,sub_4AD228,0x498478;0x4989D8,0x4AA158
FN_libARSPM_004AD2A8,0x4AD2A8,sub_4AD2A8,,0x1ABA0C
FN_libARSPM_004AD354,0x4AD354,sub_4AD354,,0x4AC324
FN_libARSPM_004AD378,0x4AD378,sub_4AD378,,0x4AC324
FN_libARSPM_004AD39C,0x4AD39C,sub_4AD39C,0x47BCC8,0x4A9214;0x4ECB10
FN_libARSPM_004AD458,0x4AD458,sub_4AD458,,0x4AF250;0x4ECA80;0x137020;0x4AF704;0x1756D8;0x1756D8;0x47E510;0x4ECB10;0x4AF378;0x4A9418
FN_libARSPM_004AD570,0x4AD570,sub_4AD570,0x484444,0x4A9214;0x4ECB10;0x4ECA80;0x4AC37C;0x4ECB10
FN_libARSPM_004AD670,0x4AD670,sub_4AD670,,0x4ECA80;0x4AC568;0x4ECB10;0x4ECB10;0x4A92A8
FN_libARSPM_004AD718,0x4AD718,sub_4AD718,,0x4ECA80;0x4AC568;0x4ECB10;0x4ECB10;0x4A92A8
FN_libARSPM_004AD7C8,0x4AD7C8,sub_4AD7C8,0x484988;0x484988,0x4ECA80;0x4AC568;0x4ECB10;0x4ECB10;0x4ECA80;0x4AC37C;0x4ECB10
FN_libARSPM_004AD8D0,0x4AD8D0,sub_4AD8D0,,0x4AC70C
FN_libARSPM_004AD910,0x4AD910,sub_4AD910,,0x4AF250;0x4ECA80;0x137020;0x4AF670;0x1756D8;0x1756D8;0x47E510;0x4ECB10;0x4AF378;0x4A9418
FN_libARSPM_004ADA38,0x4ADA38,sub_4ADA38,0x484988;0x484988;0x49ABF4;0x49ABF4,0x4AC2E8
FN_libARSPM_004ADA6C,0x4ADA6C,sub_4ADA6C,0x4AA74C;0x4AA7D4,0x4ECB10
FN_libARSPM_004ADAC8,0x4ADAC8,sub_4ADAC8,,0x4ECB10;0x4ECB10
FN_libARSPM_004ADB70,0x4ADB70,sub_4ADB70,0x471F08;0x47BF70;0x480068;0x482EAC;0x48349C;0x4898C4;0x48A480;0x49DE5C,0x4A9214;0x4ECB10;0x4ECA80;0x4AC37C;0x4ECB10;0x4ECA80
FN_libARSPM_004ADC7C,0x4ADC7C,sub_4ADC7C,,0x4ECA80;0x4AC568;0x4ECB10;0x4ECB10;0x4A92A8
FN_libARSPM_004ADD24,0x4ADD24,sub_4ADD24,,0x4ECA80;0x4AC568;0x4ECB10;0x4ECB10;0x4A92A8
FN_libARSPM_004ADDD4,0x4ADDD4,sub_4ADDD4,,0x4AC70C;0x4A9428
FN_libARSPM_004ADE48,0x4ADE48,sub_4ADE48,,0x4AF250;0x137020;0x4ECA80;0x4AFBB0;0x1756D8;0x1756D8;0x47E510;0x4ECB10;0x4AF378;0x4A9418
FN_libARSPM_004ADF6C,0x4ADF6C,sub_4ADF6C,0x4AE264;0x4AE33C;0x4AE584,0x4ECA80;0x4AC2E8;0x4ECA80;0x4AC37C;0x4ECB10
FN_libARSPM_004AE068,0x4AE068,sub_4AE068,0x4AE2E8;0x4AE3D0;0x4AE614,0x4ECA80;0x4AC568;0x4ECB10;0x4ECB10;0x4ECB10;0x4AC324
FN_libARSPM_004AE1BC,0x4AE1BC,sub_4AE1BC,,0x4ECB10;0x4ECB10
FN_libARSPM_004AE264,0x4AE264,sub_4AE264,0x480068;0x48349C;0x4898C4;0x48A480,0x4ADF6C
FN_libARSPM_004AE29C,0x4AE29C,sub_4AE29C,,0x4ECB10
FN_libARSPM_004AE2E8,0x4AE2E8,sub_4AE2E8,,0x4ECB10;0x4AE068
FN_libARSPM_004AE33C,0x4AE33C,sub_4AE33C,0x47BF70,0x4ADF6C;0x4ECB10
FN_libARSPM_004AE3D0,0x4AE3D0,sub_4AE3D0,,0x4AE068
FN_libARSPM_004AE3F4,0x4AE3F4,sub_4AE3F4,,0x4ECA80;0x4ECA80;0x265A90;0x265688;0x4ECB10
FN_libARSPM_004AE584,0x4AE584,sub_4AE584,0x470784;0x482EAC;0x49DE5C,0x4ADF6C;0x4ECB10
FN_libARSPM_004AE614,0x4AE614,sub_4AE614,,0x4AE068
FN_libARSPM_004AE638,0x4AE638,sub_4AE638,,0x4ECA80;0x25280C;0x4ECB10
FN_libARSPM_004AE710,0x4AE710,sub_4AE710,0x4733AC,0x4A9214;0x4ECB10
FN_libARSPM_004AE7CC,0x4AE7CC,sub_4AE7CC,,0x4ECB10
FN_libARSPM_004AE818,0x4AE818,sub_4AE818,,0x4ECB10;0x4A92A8
FN_libARSPM_004AE86C,0x4AE86C,sub_4AE86C,,0x4AF250;0x4ECA80;0x4AF92C;0x1756D8;0x1756D8;0x47E510;0x4ECB10;0x4AF378;0x4A9418;0x4AF378
FN_libARSPM_004AE978,0x4AE978,sub_4AE978,0x471F08,0x4A9214;0x4ECB10
FN_libARSPM_004AEA30,0x4AEA30,sub_4AEA30,,0x4A92A8
FN_libARSPM_004AEA54,0x4AEA54,sub_4AEA54,,0x137BAC;0x4AF250;0x137020;0x4AF984;0x1756D8;0x1756D8;0x47E510;0x4AF378;0x18B76C;0x137020
FN_libARSPM_004AEBB4,0x4AEBB4,sub_4AEBB4,,0x4ECB10
FN_libARSPM_004AEC00,0x4AEC00,sub_4AEC00,,0x4ECB10;0x4A92A8
FN_libARSPM_004AEC54,0x4AEC54,sub_4AEC54,,0x4ECA80
FN_libARSPM_004AEC88,0x4AEC88,sub_4AEC88,0x490CB8;0x4A8D74;0x4A9214;0x4AA82C;0x4AA86C;0x4AAEA8,0x4AC2E8
FN_libARSPM_004AECB4,0x4AECB4,sub_4AECB4,0x47269C;0x487564;0x487650;0x487958;0x487958,
FN_libARSPM_004AECC4,0x4AECC4,sub_4AECC4,0x47269C;0x47BD98,
FN_libARSPM_004AECDC,0x4AECDC,sub_4AECDC,,0x4AC658
FN_libARSPM_004AED24,0x4AED24,sub_4AED24,0x46AF0C;0x47DDE4;0x47F4C0;0x47F4C0;0x482454;0x487650;0x487958;0x487958;0x48869C;0x489714,
FN_libARSPM_004AED5C,0x4AED5C,sub_4AED5C,0x4AAD20;0x4AB50C,
FN_libARSPM_004AEDA4,0x4AEDA4,sub_4AEDA4,0x488C8C;0x4A8FC4;0x4AAF00;0x4AB2F4;0x4AEA54;0x4AF984;0x4AFBB0,0x18C2D8;0x4ECA80;0x18BE54;0x4ECA80;0x212AB4;0x4ECB10;0x18BE54;0x4ECA80;0x18BF58;0x4ECB10
FN_libARSPM_004AF184,0x4AF184,sub_4AF184,0x4AEDA4;0x4AEDA4;0x4AF984,0x1727BC;0x1726D8;0x173B3C;0x1756D8;0x172690;0x172B8C;0x1F3648
FN_libARSPM_004AF250,0x4AF250,sub_4AF250,0x47E388;0x47FBB8;0x482454;0x487958;0x489714;0x48B374;0x491408;0x496800;0x4A1260;0x4A7CF4,0x4ECA80;0x4ECA80;0x4ECA80;0x4ECA80;0x1756D8;0x1756D8;0x137BAC
FN_libARSPM_004AF378,0x4AF378,sub_4AF378,0x47E388;0x47E388;0x47FBB8;0x47FBB8;0x482454;0x482454;0x487958;0x489714;0x489714;0x48B374,0x18B76C;0x18C3A0;0x18C0B8;0x4ECB10;0x13BDC0;0x18B9C0;0x137398;0x4ECB10;0x4ECB10;0x4ECB10
FN_libARSPM_004AF500,0x4AF500,sub_4AF500,0x487958;0x496800;0x4ACA60,
FN_libARSPM_004AF510,0x4AF510,sub_4AF510,0x4A7CF4;0x4A8008,0x4ECA80;0x212AB4;0x4ECB10;0x4ECA80;0x4ECB10;0x4ECB10;0x4ECB10;0x4ECB10
FN_libARSPM_004AF670,0x4AF670,sub_4AF670,0x4AD910,
FN_libARSPM_004AF67C,0x4AF67C,sub_4AF67C,,0x4ECB10
FN_libARSPM_004AF704,0x4AF704,sub_4AF704,0x489714;0x4AD458,0x1726D8;0x173B3C;0x4ECB10;0x172690;0x1734FC;0x1F3648;0x1EB0D0;0x4ECB10;0x4ECB10;0x4ECB10
FN_libARSPM_004AF92C,0x4AF92C,sub_4AF92C,0x487958;0x4AE86C,0x4ECB10
FN_libARSPM_004AF984,0x4AF984,sub_4AF984,0x47E388;0x47FBB8;0x482454;0x48B374;0x491408;0x496800;0x4A1260;0x4AAC34;0x4AAF00;0x4AEA54,0x18B76C;0x4AEDA4;0x137C54;0x4ECA80;0x4AF184;0x4ECB10;0x4ECB10;0x4ECB10;0x4ECB10;0x4ECB10
FN_libARSPM_004AFBB0,0x4AFBB0,sub_4AFBB0,0x4ADE48,0x18B76C;0x4AEDA4;0x18BFB0;0x4ECB10;0x137C54;0x1756D8;0x1756D8;0x4ECB10;0x4ECB10;0x4ECB10
FN_libARSPM_004AFD80,0x4AFD80,sub_4AFD80,0x47DA1C;0x47EE80;0x481A78;0x487418;0x487E2C;0x488E48;0x48AE84;0x48C21C;0x495EF0,0x4AC2E8;0x4ECA80;0x4AC37C;0x4ECB10
FN_libARSPM_004AFE4C,0x4AFE4C,sub_4AFE4C,0x47DD64;0x47F310;0x47F3E4;0x4820DC;0x487DC4;0x4885F0;0x48946C;0x48B2FC;0x48C7A8;0x4966D4,0x4ECA80;0x4AC568;0x4ECB10;0x4ECB10;0x4AC324
FN_libARSPM_004AFF64,0x4AFF64,sub_4AFF64,0x47DDE4;0x48869C;0x48CB18,0x4ECA80;0x4ECB10
FN_libARSPM_004B00B4,0x4B00B4,sub_4B00B4,0x472BF0;0x476634;0x476F78;0x47E940;0x48FFDC;0x48FFDC;0x49C250;0x49D98C;0x49DE5C,0x4AC2E8
FN_libARSPM_004B00E4,0x4B00E4,sub_4B00E4,0x472CA4;0x476C64;0x4775B4,0x4AC2E8;0x4ECA80;0x4AC37C;0x4ECB10;0x4ECA80;0x4AC37C;0x4ECB10;0x4AC2E8
FN_libARSPM_004B02C4,0x4B02C4,sub_4B02C4,0x470564,0x4AC2E8;0x4AC2E8;0x4ECA80;0x4AC37C;0x4ECB10
FN_libARSPM_004B0414,0x4B0414,sub_4B0414,0x470784;0x470784;0x47E940;0x48E3F8;0x48FFDC;0x493E28;0x49C250;0x49D98C;0x49DE5C,0x4A9214;0x4ECB10;0x4ECA80;0x4AC37C;0x4ECB10
FN_libARSPM_004B04EC,0x4B04EC,sub_4B04EC,,0x4ECA80;0x4AC568;0x4ECB10;0x4ECB10;0x4A92A8
FN_libARSPM_004B0594,0x4B0594,sub_4B0594,,0x4ECA80;0x4AC568;0x4ECB10;0x4ECB10;0x4A92A8
FN_libARSPM_004B0644,0x4B0644,sub_4B0644,,0x137BAC;0x137BB4;0x13A72C;0x4A9418;0x137398
FN_libARSPM_004B06D4,0x4B06D4,sub_4B06D4,,0x169AE4;0x4A9420
FN_libARSPM_004B0734,0x4B0734,sub_4B0734,,0x4AC70C;0x1734FC;0x4A9428;0x174980
FN_libARSPM_004B07E4,0x4B07E4,sub_4B07E4,0x4B0908,0x4ECA80;0x4AC568;0x4ECB10;0x4ECA80;0x4AC568;0x4ECB10;0x4ECB10;0x4ECB10;0x4AC324
FN_libARSPM_004B0908,0x4B0908,sub_4B0908,,0x4B07E4
FN_libARSPM_004B092C,0x4B092C,sub_4B092C,,0x4AC70C;0x4AC70C;0x169990
FN_libARSPM_004B0A14,0x4B0A14,sub_4B0A14,0x4B0B38,0x4ECA80;0x4AC568;0x4ECB10;0x4ECA80;0x4AC568;0x4ECB10;0x4ECB10;0x4ECB10;0x4AC324
FN_libARSPM_004B0B38,0x4B0B38,sub_4B0B38,,0x4B0A14
FN_libARSPM_004B0B5C,0x4B0B5C,sub_4B0B5C,,0x4AC70C;0x4AC70C;0x1734FC
FN_libARSPM_004B0C58,0x4B0C58,sub_4B0C58,,0x4ECA80;0x4AC568;0x4ECB10;0x4ECB10;0x4AC324
FN_libARSPM_004B0D00,0x4B0D00,sub_4B0D00,,0x4ECA80;0x4AC568;0x4ECB10;0x4ECB10;0x4AC324
FN_libARSPM_004B0DB0,0x4B0DB0,sub_4B0DB0,,0x4AC70C;0x16A078
FN_libARSPM_004B0E94,0x4B0E94,sub_4B0E94,,0x4ECA80;0x4AC568;0x4ECB10;0x4ECB10;0x4AC324
FN_libARSPM_004B0F3C,0x4B0F3C,sub_4B0F3C,,0x4ECA80;0x4AC568;0x4ECB10;0x4ECB10;0x4AC324
FN_libARSPM_004B0FEC,0x4B0FEC,sub_4B0FEC,,0x4AC70C;0x1726D8;0x173B3C;0x172690
FN_libARSPM_004B10E0,0x4B10E0,sub_4B10E0,0x4A2744;0x4E9004;0x4E9004,
FN_libARSPM_004B10E4,0x4B10E4,sub_4B10E4,0x4B10FC,
FN_libARSPM_004B10F4,0x4B10F4,sub_4B10F4,0x4B1880,
FN_libARSPM_004B10FC,0x4B10FC,sub_4B10FC,,0x4B10E4
FN_libARSPM_004B1138,0x4B1138,sub_4B1138,,0x15E69C;0x15E89C;0x4ECA80;0x4ECA80;0x4ECB10;0x4ECB10;0x4ECA80;0x4ECB10;0x4ECB10
FN_libARSPM_004B1414,0x4B1414,sub_4B1414,,0x15E8AC;0x15E8AC;0x15EC9C;0x1349DC;0x134B74;0x1349DC;0x15E90C;0x134B74;0x134B74
FN_libARSPM_004B1880,0x4B1880,sub_4B1880,,0x4B10F4
FN_libARSPM_004B18A4,0x4B18A4,sub_4B18A4,0x12F6E0;0x131D74,0x4ECB10
FN_libARSPM_004B18FC,0x4B18FC,sub_4B18FC,0x12F6E0;0x131D74;0x13206C,0x207B3C;0x207B3C;0x4B43A0;0x4B4430;0x4B440C;0x4B1C2C;0x4ECA80;0x4ECB10;0x1D93F8;0x4ECB10
FN_libARSPM_004B1C2C,0x4B1C2C,sub_4B1C2C,0x4B18FC;0x4B1C2C,0x4B42D8;0x4B4414;0x4EBC3C;0x1D8FA8;0x4B42D8;0x1D8FB8;0x1D95B8;0x1D93F8;0x4ECB10;0x493B58
FN_libARSPM_004B2034,0x4B2034,sub_4B2034,0x4B18FC,0x1D93F8;0x4ECB10;0x4E8684
FN_libARSPM_004B2168,0x4B2168,sub_4B2168,0x12F6E0;0x132218,0x207B3C;0x4E58F0;0x4E590C;0x4E099C;0x4E5AA8;0x4B39E4;0x207B3C;0x207B3C
FN_libARSPM_004B22E8,0x4B22E8,sub_4B22E8,0x132218,
FN_libARSPM_004B22F4,0x4B22F4,sub_4B22F4,,0x1D93F8;0x4ECB10;0x4ECB10;0x4ECB10;0x4ECB10
FN_libARSPM_004B243C,0x4B243C,sub_4B243C,,0x1D93F8;0x4ECB10;0x4ECB10;0x4ECB10;0x4ECB10
FN_libARSPM_004B2578,0x4B2578,sub_4B2578,,0x4CFCD0
FN_libARSPM_004B25B8,0x4B25B8,sub_4B25B8,,0x4D0038
FN_libARSPM_004B25E8,0x4B25E8,sub_4B25E8,,0x4D7B74
FN_libARSPM_004B2618,0x4B2618,sub_4B2618,,0x4CFCD0
FN_libARSPM_004B2658,0x4B2658,sub_4B2658,,0x4D7DB8
FN_libARSPM_004B2688,0x4B2688,sub_4B2688,,0x4CFCD0;0x1D8FA8;0x1D8FA8;0x1D8FA8
FN_libARSPM_004B272C,0x4B272C,sub_4B272C,,0x4CFCD0;0x1D8FA8;0x1D8FA8
FN_libARSPM_004B27C8,0x4B27C8,sub_4B27C8,,0x4CFCD0;0x1D8FA8;0x1D8FA8;0x1D8FA8
FN_libARSPM_004B2874,0x4B2874,sub_4B2874,,0x4CFCD0;0x1D8FA8;0x1D8FA8
FN_libARSPM_004B291C,0x4B291C,sub_4B291C,,0x4CFCD0;0x1D8FA8;0x1D8FA8;0x1D8FA8
FN_libARSPM_004B29C8,0x4B29C8,sub_4B29C8,,0x4CFCD0
FN_libARSPM_004B2A14,0x4B2A14,sub_4B2A14,,0x4CFCD0;0x1D8FA8;0x1D8FA8
FN_libARSPM_004B2AA0,0x4B2AA0,sub_4B2AA0,,0x4CFCD0;0x1D8FA8;0x1D8FA8
FN_libARSPM_004B2B34,0x4B2B34,sub_4B2B34,,0x4CFCD0;0x1D8FA8;0x1D8FA8;0x1D8FA8
FN_libARSPM_004B2BD4,0x4B2BD4,sub_4B2BD4,,0x4CFCD0;0x1D8FA8;0x1D8FA8
FN_libARSPM_004B2C6C,0x4B2C6C,sub_4B2C6C,,0x4CFCD0;0x1D8FA8;0x1D8FA8
FN_libARSPM_004B2D00,0x4B2D00,sub_4B2D00,,0x4CFCD0
FN_libARSPM_004B2D50,0x4B2D50,sub_4B2D50,,0x4CFCD0;0x1D8FA8;0x1D8FA8
FN_libARSPM_004B2DF4,0x4B2DF4,sub_4B2DF4,,0x4CFCD0
FN_libARSPM_004B2E54,0x4B2E54,sub_4B2E54,,0x4CFCD0;0x1D8FA8;0x1D8FA8
FN_libARSPM_004B2EF4,0x4B2EF4,sub_4B2EF4,,0x4CFCD0
FN_libARSPM_004B2F64,0x4B2F64,sub_4B2F64,,0x4CFCD0
FN_libARSPM_004B2FA4,0x4B2FA4,sub_4B2FA4,,0x4EBC3C;0x1D8FA8
FN_libARSPM_004B3010,0x4B3010,sub_4B3010,,0x4DF2FC
FN_libARSPM_004B3040,0x4B3040,sub_4B3040,,0x4DF670
FN_libARSPM_004B3070,0x4B3070,sub_4B3070,,0x4CFCD0
FN_libARSPM_004B30E0,0x4B30E0,sub_4B30E0,,0x4E3884
FN_libARSPM_004B3110,0x4B3110,sub_4B3110,,0x4E3B40
FN_libARSPM_004B3140,0x4B3140,sub_4B3140,,0x4E44A0
FN_libARSPM_004B3174,0x4B3174,sub_4B3174,,0x4E44A0
FN_libARSPM_004B31A8,0x4B31A8,sub_4B31A8,,0x4E472C
FN_libARSPM_004B31D8,0x4B31D8,sub_4B31D8,,0x4E4CC0
FN_libARSPM_004B3208,0x4B3208,sub_4B3208,,0x4E88A8
FN_libARSPM_004B3238,0x4B3238,sub_4B3238,,0x4EBC3C
FN_libARSPM_004B32A0,0x4B32A0,sub_4B32A0,,0x4EBC3C;0x1D8FA8
FN_libARSPM_004B331C,0x4B331C,sub_4B331C,,0x4EBC3C
FN_libARSPM_004B3380,0x4B3380,sub_4B3380,,0x4EBD24
FN_libARSPM_004B33B0,0x4B33B0,sub_4B33B0,,0x4ECB10;0x2666F8;0x4E0988
FN_libARSPM_004B3458,0x4B3458,sub_4B3458,,0x4ECB10;0x2666F8;0x4E0988
FN_libARSPM_004B34FC,0x4B34FC,sub_4B34FC,,0x4ECB10;0x2666F8
FN_libARSPM_004B3594,0x4B3594,sub_4B3594,0x4B367C;0x4EAE7C;0x4EAEA0;0x4EAF48,0x4ECB10
FN_libARSPM_004B367C,0x4B367C,sub_4B367C,,0x4B3594
FN_libARSPM_004B36C0,0x4B36C0,sub_4B36C0,0x4B1C2C,0x4B385C;0x1D93F8;0x4ECB10
FN_libARSPM_004B385C,0x4B385C,sub_4B385C,0x4B1C2C;0x4B36C0,0x1472A8;0x1D944C;0x1D91C4;0x4ECB10;0x1D93F8;0x1D91C4
FN_libARSPM_004B39E4,0x4B39E4,sub_4B39E4,0x4B2168;0x4E6F78;0x4E6F78,0x4ECB10;0x1D93F8;0x4ECB10;0x1D93F8;0x4ECB10;0x1D93F8;0x1D93F8;0x1D93F8;0x1D93F8;0x1D93F8
FN_libARSPM_004B3C70,0x4B3C70,sub_4B3C70,,0x4D0394;0x4D22DC;0x4E0BB8
FN_libARSPM_004B3CF8,0x4B3CF8,sub_4B3CF8,,0x4D0394;0x4D4980;0x4E0BB8
FN_libARSPM_004B3D80,0x4B3D80,sub_4B3D80,,0x4D0394;0x4D6844;0x4E0BB8
FN_libARSPM_004B3E04,0x4B3E04,sub_4B3E04,,0x1D8FA8;0x1D8FA8;0x1D8FA8;0x1D8FA8;0x1D90A0;0x1D95B8;0x1D93F8;0x1D90A0;0x1D95B8;0x1D93F8
FN_libARSPM_004B4050,0x4B4050,sub_4B4050,,0x1D90A0;0x1D9180;0x4E0BB8;0x1D93F8;0x1D93F8
FN_libARSPM_004B40DC,0x4B40DC,sub_4B40DC,,0x4D0394;0x4D3BA4;0x4E0BB8
FN_libARSPM_004B4180,0x4B4180,sub_4B4180,,0x4D0394;0x4D2404;0x4E0BB8
FN_libARSPM_004B41F8,0x4B41F8,sub_4B41F8,,0x1D8FA8;0x4D0394;0x4D1B9C;0x1D91C4;0x1D93F8;0x4E0BB8;0x1D93F8
FN_libARSPM_004B42D8,0x4B42D8,sub_4B42D8,0x4B1C2C;0x4B1C2C,
FN_libARSPM_004B42E0,0x4B42E0,sub_4B42E0,0x4B1C2C;0x4B1C2C,
FN_libARSPM_004B4318,0x4B4318,sub_4B4318,0x4B1C2C,
FN_libARSPM_004B435C,0x4B435C,sub_4B435C,0x4B1C2C,
FN_libARSPM_004B43A0,0x4B43A0,sub_4B43A0,0x4B18FC,0x1414E4
FN_libARSPM_004B43D0,0x4B43D0,sub_4B43D0,0x4B18FC;0x4B18FC,
FN_libARSPM_004B440C,0x4B440C,sub_4B440C,0x4B18FC,
FN_libARSPM_004B4414,0x4B4414,sub_4B4414,0x4B1C2C,
FN_libARSPM_004B441C,0x4B441C,sub_4B441C,0x4B1C2C,
FN_libARSPM_004B4430,0x4B4430,sub_4B4430,0x4B18FC,0x4B4BD4;0x4B4AB8;0x1563CC;0x1563CC;0x1415F4;0x4B4BF0;0x1415F4;0x1563F8;0x1563F8;0x4B4B08
FN_libARSPM_004B4510,0x4B4510,sub_4B4510,,0x1563F8;0x1563F8;0x4B4B08
FN_libARSPM_004B4558,0x4B4558,sub_4B4558,,0x1563F8;0x1563F8;0x4B4B08;0x4B4BE8
FN_libARSPM_004B45A8,0x4B45A8,sub_4B45A8,,0x4B494C;0x14130C
FN_libARSPM_004B4670,0x4B4670,sub_4B4670,,0x156714;0x14130C;0x14130C
FN_libARSPM_004B4794,0x4B4794,sub_4B4794,,0x4B494C
FN_libARSPM_004B4824,0x4B4824,sub_4B4824,,0x4B494C;0x14130C;0x4B494C
FN_libARSPM_004B494C,0x4B494C,sub_4B494C,0x4B45A8;0x4B4794;0x4B4824;0x4B4824,0x14130C;0x14130C;0x156714
FN_libARSPM_004B4AB8,0x4B4AB8,sub_4B4AB8,0x4B4430,0x1D8FA8
FN_libARSPM_004B4B08,0x4B4B08,sub_4B4B08,0x4B4430;0x4B4510;0x4B4558,
FN_libARSPM_004B4B18,0x4B4B18,sub_4B4B18,,0x1D93F8
FN_libARSPM_004B4B48,0x4B4B48,sub_4B4B48,,0x1D8FA8;0x1D9744;0x1D9A10;0x1D9A10;0x1D93F8
FN_libARSPM_004B4BD4,0x4B4BD4,sub_4B4BD4,0x4B4430,
FN_libARSPM_004B4BE8,0x4B4BE8,sub_4B4BE8,0x4B4430;0x4B4558,
FN_libARSPM_004B4BF0,0x4B4BF0,sub_4B4BF0,0x4B4430,0x4B510C;0x4B5D60;0x4B5D80;0x4B5D8C;0x4B5D98;0x4B5FA4;0x4B6274;0x4B5900
FN_libARSPM_004B4E6C,0x4B4E6C,sub_4B4E6C,,0x46D480
FN_libARSPM_004B510C,0x4B510C,sub_4B510C,0x4B4BF0,
FN_libARSPM_004B5114,0x4B5114,sub_4B5114,,0x4B5378;0x4C1120;0x4C08E0;0x4B5900
FN_libARSPM_004B5378,0x4B5378,sub_4B5378,0x4B5114,0x4CDB28;0x4C08EC
FN_libARSPM_004B5574,0x4B5574,sub_4B5574,,0x4BA050;0x4BA050;0x4B96E8;0x4BA050;0x4BA050;0x4BB9EC;0x4BA050;0x4BA050;0x4BF0C0
FN_libARSPM_004B5900,0x4B5900,sub_4B5900,0x4B4BF0;0x4B5114,
FN_libARSPM_004B5D60,0x4B5D60,sub_4B5D60,0x4B4BF0,
FN_libARSPM_004B5D80,0x4B5D80,sub_4B5D80,0x4B4BF0,
FN_libARSPM_004B5D8C,0x4B5D8C,sub_4B5D8C,0x4B4BF0,
FN_libARSPM_004B5D98,0x4B5D98,sub_4B5D98,0x4B4BF0,
FN_libARSPM_004B5DA4,0x4B5DA4,sub_4B5DA4,0x4B6278,
FN_libARSPM_004B5FA4,0x4B5FA4,sub_4B5FA4,0x4B4BF0,
FN_libARSPM_004B6274,0x4B6274,sub_4B6274,0x4B4BF0,
FN_libARSPM_004B6278,0x4B6278,sub_4B6278,,0x4B5DA4
FN_libARSPM_004B64D0,0x4B64D0,sub_4B64D0,0x4BBE5C,
FN_libARSPM_004B65B8,0x4B65B8,sub_4B65B8,0x4B8D1C;0x4B8D1C;0x4B8D1C;0x4B8D1C;0x4B8D1C;0x4B8D1C;0x4B8D1C;0x4B8D1C;0x4B8D1C;0x4B8D1C,0x4B6688;0x4B6870
FN_libARSPM_004B6688,0x4B6688,sub_4B6688,0x4B65B8,0x4C0210;0x4B6870
FN_libARSPM_004B6870,0x4B6870,sub_4B6870,0x4B65B8;0x4B6688;0x4BAAD0;0x4BAF7C;0x4BF6DC;0x4BF6DC,0x4B8D1C;0x4BA050;0x4BF6DC;0x4BA050;0x4BA050;0x4BA050;0x4B9BB4;0x4BAE2C;0x4B903C;0x4BAE2C
FN_libARSPM_004B8D1C,0x4B8D1C,sub_4B8D1C,0x4B6870;0x4B903C;0x4BA274;0x4BAAD0;0x4BBE5C;0x4BBE5C;0x4BE670;0x4BEA0C;0x4BF6DC;0x4BF6DC,0x4B65B8;0x4B65B8;0x4B65B8;0x4B65B8;0x4B65B8;0x4B65B8;0x4B65B8;0x4B65B8;0x4B65B8;0x4B65B8
FN_libARSPM_004B903C,0x4B903C,sub_4B903C,0x4B6870;0x4B6870,0x4B8D1C;0x4BA050;0x4BA050;0x4BA050;0x4BA050;0x4BA050;0x4BA050;0x4B9620;0x4C0210
FN_libARSPM_004B9620,0x4B9620,sub_4B9620,0x4B903C,0x4BA050;0x4BA050
FN_libARSPM_004B96E8,0x4B96E8,sub_4B96E8,0x4B5574;0x4B6870;0x4B6870;0x4B6870;0x4B6870;0x4B6870;0x4B6870;0x4B9BB4;0x4B9CEC;0x4B9CEC,0x4BB9EC;0x4BB9EC;0x4BB9EC
FN_libARSPM_004B9A74,0x4B9A74,sub_4B9A74,,0x4BBE5C
FN_libARSPM_004B9BB4,0x4B9BB4,sub_4B9BB4,0x4B6870;0x4B6870;0x4B6870,0x4BA050;0x4BA050;0x4B96E8;0x4BEF88
FN_libARSPM_004B9CEC,0x4B9CEC,sub_4B9CEC,0x4B6870;0x4BD8B4,0x4BA050;0x4BA050;0x4BA050;0x4B96E8;0x4BA050;0x4BA050;0x4B96E8;0x4B96E8
FN_libARSPM_004BA050,0x4BA050,sub_4BA050,0x4B5574;0x4B5574;0x4B5574;0x4B5574;0x4B5574;0x4B5574;0x4B6870;0x4B6870;0x4B6870;0x4B6870,
FN_libARSPM_004BA274,0x4BA274,sub_4BA274,0x4B6870;0x4BA274,0x4BA050;0x4B8D1C;0x4BA050;0x4BA050;0x4BA050;0x4C0154;0x4BA050;0x4BA050;0x4BB9EC;0x4BA274
FN_libARSPM_004BAAD0,0x4BAAD0,sub_4BAAD0,0x4B6870;0x4BAAD0,0x4B8D1C;0x4BAAD0;0x4B6870
FN_libARSPM_004BAE2C,0x4BAE2C,sub_4BAE2C,0x4B6870;0x4B6870;0x4B6870,
FN_libARSPM_004BAF7C,0x4BAF7C,sub_4BAF7C,0x4B6870;0x4BBE5C,0x4B6870;0x4BBE5C
FN_libARSPM_004BB280,0x4BB280,sub_4BB280,0x4B6870,
FN_libARSPM_004BB350,0x4BB350,sub_4BB350,0x4B6870;0x4B6870;0x4BA274,
FN_libARSPM_004BB408,0x4BB408,sub_4BB408,0x4B6870;0x4BBE5C;0x4BE670,0x4BA050;0x4BA050;0x4BA050;0x4BA050;0x4BA050;0x4BA050
FN_libARSPM_004BB748,0x4BB748,sub_4BB748,0x4B6870;0x4BBE5C;0x4BE670,0x4BA050;0x4BA050;0x4BA050
FN_libARSPM_004BB9EC,0x4BB9EC,sub_4BB9EC,0x4B5574;0x4B6870;0x4B96E8;0x4B96E8;0x4B96E8;0x4BA274;0x4BBE5C;0x4BD8B4;0x4BD8B4;0x4BF6DC,0x4BBC98
FN_libARSPM_004BBB80,0x4BBB80,sub_4BBB80,0x4BD8B4;0x4BD8B4,
FN_libARSPM_004BBC98,0x4BBC98,sub_4BBC98,0x4BB9EC;0x4BD8B4,
FN_libARSPM_004BBE5C,0x4BBE5C,sub_4BBE5C,0x4B6870;0x4B9A74;0x4BAF7C;0x4BF59C;0x4BF6DC;0x4BF6DC,0x4B8D1C;0x4BA050;0x4BA050;0x4BA050;0x4BD8B4;0x4BB408;0x4BB748;0x4C0154;0x4B8D1C;0x4BD8B4
FN_libARSPM_004BD2B0,0x4BD2B0,sub_4BD2B0,0x4BF6DC,
FN_libARSPM_004BD3BC,0x4BD3BC,sub_4BD3BC,0x4BBE5C,0x4BA050;0x4BA050;0x4BA050;0x4BA050;0x4BA050;0x4BA050;0x4BA050;0x4BA050
FN_libARSPM_004BD8B4,0x4BD8B4,sub_4BD8B4,0x4BBE5C;0x4BBE5C,0x4BB9EC;0x4BA050;0x4B96E8;0x4BEF88;0x4B9CEC;0x4BF6DC;0x4BA050;0x4BA050;0x4BA050;0x4BF0C0
FN_libARSPM_004BE670,0x4BE670,sub_4BE670,0x4BBE5C,0x4B8D1C;0x4BB408;0x4BB748
FN_libARSPM_004BEA0C,0x4BEA0C,sub_4BEA0C,0x4BBE5C;0x4BEEBC,0x4B8D1C
FN_libARSPM_004BEEBC,0x4BEEBC,sub_4BEEBC,,0x4BEA0C
FN_libARSPM_004BEF88,0x4BEF88,sub_4BEF88,0x4B9BB4;0x4BD8B4,0x4BA050;0x4B96E8;0x4BA050
FN_libARSPM_004BF0C0,0x4BF0C0,sub_4BF0C0,0x4B5574;0x4BD8B4;0x4BD8B4,
FN_libARSPM_004BF59C,0x4BF59C,sub_4BF59C,,0x4BBE5C
FN_libARSPM_004BF6DC,0x4BF6DC,sub_4BF6DC,0x4B6870;0x4BD8B4;0x4BF6DC,0x4B8D1C;0x4BA050;0x4B8D1C;0x4BA050;0x4C0154;0x4BA050;0x4BA050;0x4BA050;0x4BA050;0x4BB9EC
FN_libARSPM_004C0154,0x4C0154,sub_4C0154,0x4BA274;0x4BBE5C;0x4BF6DC,
FN_libARSPM_004C0210,0x4C0210,sub_4C0210,0x4B6688;0x4B903C,
FN_libARSPM_004C0218,0x4C0218,sub_4C0218,0x4C1358,
FN_libARSPM_004C08E0,0x4C08E0,sub_4C08E0,0x4B5114,
FN_libARSPM_004C08EC,0x4C08EC,sub_4C08EC,0x4B5378,0x4C095C
FN_libARSPM_004C095C,0x4C095C,sub_4C095C,0x4C08EC;0x4C0D0C;0x4C112C;0x4C11DC,
FN_libARSPM_004C0CBC,0x4C0CBC,sub_4C0CBC,,0x4C0D0C
FN_libARSPM_004C0D0C,0x4C0D0C,sub_4C0D0C,0x4C0CBC;0x4C11DC,0x4CD758;0x4CD758;0x4CD758;0x4C095C
FN_libARSPM_004C1120,0x4C1120,sub_4C1120,0x4B5114,
FN_libARSPM_004C112C,0x4C112C,sub_4C112C,,0x4C095C
FN_libARSPM_004C11DC,0x4C11DC,sub_4C11DC,,0x4C0D0C;0x4C095C
FN_libARSPM_004C1358,0x4C1358,sub_4C1358,,0x4C0218
FN_libARSPM_004C302C,0x4C302C,sub_4C302C,,0x4C418C
FN_libARSPM_004C39B8,0x4C39B8,sub_4C39B8,,0x4C48AC
FN_libARSPM_004C418C,0x4C418C,sub_4C418C,0x4C302C,
FN_libARSPM_004C48AC,0x4C48AC,sub_4C48AC,0x4C39B8,
FN_libARSPM_004C493C,0x4C493C,sub_4C493C,0x4C4948,
FN_libARSPM_004C4948,0x4C4948,sub_4C4948,,0x4C493C
FN_libARSPM_004C721C,0x4C721C,sub_4C721C,,0x4C8658
FN_libARSPM_004C81C4,0x4C81C4,sub_4C81C4,,0x4C8C18
FN_libARSPM_004C8658,0x4C8658,sub_4C8658,0x4C721C,
FN_libARSPM_004C8C18,0x4C8C18,sub_4C8C18,0x4C81C4,
FN_libARSPM_004C8CC4,0x4C8CC4,sub_4C8CC4,0x4C8CC4,0x4C8CC4
FN_libARSPM_004CB1D4,0x4CB1D4,sub_4CB1D4,,0x4CC604
FN_libARSPM_004CC16C,0x4CC16C,sub_4CC16C,,0x4CCBCC
FN_libARSPM_004CC604,0x4CC604,sub_4CC604,0x4CB1D4,
FN_libARSPM_004CCBCC,0x4CCBCC,sub_4CCBCC,0x4CC16C,
FN_libARSPM_004CCC78,0x4CCC78,sub_4CCC78,0x4CCC78,0x4CCC78
FN_libARSPM_004CD758,0x4CD758,sub_4CD758,0x4C0D0C;0x4C0D0C;0x4C0D0C,
FN_libARSPM_004CDB28,0x4CDB28,sub_4CDB28,0x4B5378,
FN_libARSPM_004CFCD0,0x4CFCD0,sub_4CFCD0,0x4B1C2C;0x4B2578;0x4B2618;0x4B2688;0x4B272C;0x4B27C8;0x4B2874;0x4B291C;0x4B29C8;0x4B2A14,0x4EBC3C
FN_libARSPM_004CFD10,0x4CFD10,sub_4CFD10,,0x1349B8;0x1348D0;0x2666F8
FN_libARSPM_004CFDF8,0x4CFDF8,sub_4CFDF8,0x4E3F54;0x4E3F54,
FN_libARSPM_004CFE08,0x4CFE08,sub_4CFE08,0x4E414C,
FN_libARSPM_004CFE14,0x4CFE14,sub_4CFE14,,0x4E099C
FN_libARSPM_004CFE60,0x4CFE60,sub_4CFE60,,0x18D2E0;0x4E0A80;0x22B064;0x18D3DC;0x4EBD0C
FN_libARSPM_004CFEF8,0x4CFEF8,sub_4CFEF8,,0x4E0B1C;0x1B6360
FN_libARSPM_004CFF9C,0x4CFF9C,sub_4CFF9C,,0x4ECB10;0x2666F8;0x4E0988
FN_libARSPM_004D0038,0x4D0038,sub_4D0038,0x4B25B8,0x4E8798
FN_libARSPM_004D0078,0x4D0078,sub_4D0078,,0x4E0BC4;0x4D0394;0x4D22DC;0x4D0394;0x4D22DC;0x4D0394;0x4D22DC
FN_libARSPM_004D01CC,0x4D01CC,sub_4D01CC,,0x4E516C;0x4E516C;0x4E516C
FN_libARSPM_004D026C,0x4D026C,sub_4D026C,,0x4E516C;0x4E516C;0x4E516C;0x194880
FN_libARSPM_004D02F8,0x4D02F8,sub_4D02F8,,0x4E516C;0x4E516C;0x4E516C
FN_libARSPM_004D0370,0x4D0370,sub_4D0370,,0x4E0988
FN_libARSPM_004D0394,0x4D0394,sub_4D0394,0x4B3C70;0x4B3CF8;0x4B3D80;0x4B40DC;0x4B4180;0x4B41F8;0x4D0078;0x4D0078;0x4D0078;0x4D7BA8,
FN_libARSPM_004D03C8,0x4D03C8,sub_4D03C8,0x4D87D4;0x4D8FB0;0x4D9098;0x4D9A7C;0x4DA100;0x4DA100;0x4DCAF8;0x4DD280;0x4DD280;0x4DD280,
FN_libARSPM_004D03D8,0x4D03D8,sub_4D03D8,0x4DD280,
FN_libARSPM_004D0478,0x4D0478,sub_4D0478,0x4D88A0;0x4D88A0;0x4D88A0;0x4D88A0;0x4D88A0;0x4D88A0;0x4D8FB0;0x4D8FB0;0x4D8FB0;0x4D8FB0,
FN_libARSPM_004D04D4,0x4D04D4,sub_4D04D4,0x4D06B0;0x4D06B0;0x4D06B0,0x208398;0x134B74
FN_libARSPM_004D06B0,0x4D06B0,sub_4D06B0,0x4D1174;0x4D12EC,0x1D99C4;0x4D04D4;0x1D99C4;0x4D04D4;0x134B74;0x1D9D38;0x1D9D38;0x4D04D4;0x134B74;0x1D9D38
FN_libARSPM_004D0924,0x4D0924,sub_4D0924,0x4D22DC,
FN_libARSPM_004D0BE4,0x4D0BE4,sub_4D0BE4,0x4D1174,0x1D90A0;0x208398;0x1D93F8;0x1D93F8
FN_libARSPM_004D0D54,0x4D0D54,sub_4D0D54,0x4D0E54;0x4D0E54;0x4D0E54,0x208580;0x2085FC
FN_libARSPM_004D0E54,0x4D0E54,sub_4D0E54,0x4D1174,0x4D0D54;0x4D0D54;0x4D0D54
FN_libARSPM_004D1174,0x4D1174,sub_4D1174,0x4D1228;0x4D12EC,0x4D0BE4;0x1D8FA8;0x4D06B0;0x4D7A6C;0x1D93F8;0x1D93F8;0x4D0E54
FN_libARSPM_004D1228,0x4D1228,sub_4D1228,0x4E0BC4,0x4D1174
FN_libARSPM_004D12EC,0x4D12EC,sub_4D12EC,0x4D12EC;0x4D1A94;0x4D3D70;0x4D3D70,0x4D1174;0x4ECB10;0x1D93F8;0x1D8FA8;0x4D06B0;0x1D93F8;0x4ECB10;0x1D93F8;0x1DA198;0x1D91C4
FN_libARSPM_004D1A94,0x4D1A94,sub_4D1A94,0x4E36E4,0x4D12EC;0x1D93F8
FN_libARSPM_004D1B9C,0x4D1B9C,sub_4D1B9C,0x4B41F8;0x4D1DE4;0x4DAE94;0x4DEC78;0x4DFB4C;0x4E3E9C;0x4EAD04;0x4EBD74,0x1D90A0;0x1D9180;0x1D95B8;0x1D93F8;0x1D93F8
FN_libARSPM_004D1DE4,0x4D1DE4,sub_4D1DE4,0x4D3D70;0x4D4380,0x1D8FA8;0x4D1B9C;0x1D91C4;0x1D95B8;0x1D93F8;0x1D93F8;0x1D93F8
FN_libARSPM_004D2078,0x4D2078,sub_4D2078,0x4D842C;0x4D87D4,0x1D8FB8;0x1D95B8;0x1D93F8
FN_libARSPM_004D20F0,0x4D20F0,sub_4D20F0,0x4D9808;0x4D9808;0x4D9808;0x4D9808;0x4DA100;0x4DB3B0;0x4DB3B0;0x4DB4A8;0x4DB52C;0x4DB52C,0x2085FC
FN_libARSPM_004D21BC,0x4D21BC,sub_4D21BC,0x4DD280,0x208580
FN_libARSPM_004D22DC,0x4D22DC,sub_4D22DC,0x4B3C70;0x4D0078;0x4D0078;0x4D0078;0x4D5738;0x4D5738;0x4D5738;0x4D5CE8;0x4D6EF0;0x4D6EF0,0x2085FC;0x4D0924
FN_libARSPM_004D2404,0x4D2404,sub_4D2404,0x4B4180,0x2085FC;0x2085FC;0x2085FC;0x2085FC
FN_libARSPM_004D2644,0x4D2644,sub_4D2644,0x4D3BA4,0x2085FC;0x2085FC;0x2085FC;0x2085FC;0x2085FC;0x2085FC;0x2085FC
FN_libARSPM_004D2B3C,0x4D2B3C,sub_4D2B3C,0x4D3BA4,0x2085FC;0x2085FC;0x172A20
FN_libARSPM_004D2F80,0x4D2F80,sub_4D2F80,0x4D3BA4,0x2085FC;0x2085FC;0x172D18
FN_libARSPM_004D3264,0x4D3264,sub_4D3264,0x4D3BA4,0x2085FC;0x2085FC;0x2085FC;0x172F60
FN_libARSPM_004D3684,0x4D3684,sub_4D3684,0x4D3BA4,0x2085FC;0x2085FC
FN_libARSPM_004D3914,0x4D3914,sub_4D3914,0x4D3BA4,0x2085FC;0x2085FC
FN_libARSPM_004D3BA4,0x4D3BA4,sub_4D3BA4,0x4B40DC;0x4DFB4C;0x4E3BA4,0x1756D8;0x4D2644;0x4D2B3C;0x4D2F80;0x4D3264;0x4D3684;0x4D3914;0x172B8C
FN_libARSPM_004D3D70,0x4D3D70,sub_4D3D70,0x4E34FC,0x1D8FA8;0x4D12EC;0x1D93F8;0x1D8FA8;0x4ECB10;0x1D93F8;0x1D95B8;0x1D93F8;0x4ECB10;0x1D93F8
FN_libARSPM_004D4380,0x4D4380,sub_4D4380,0x4E1998,0x1D8FA8;0x4D1DE4;0x1D8FA8;0x1D95B8;0x1D93F8;0x1D93F8
FN_libARSPM_004D44B8,0x4D44B8,sub_4D44B8,0x4E2B04,
FN_libARSPM_004D46BC,0x4D46BC,sub_4D46BC,0x4E2BC0,
FN_libARSPM_004D4980,0x4D4980,sub_4D4980,0x4B3CF8;0x4D7BA8;0x4DD65C;0x4DD898;0x4DFB4C;0x4E02C4,
FN_libARSPM_004D4D28,0x4D4D28,sub_4D4D28,0x4E44DC,0x2085FC;0x2085FC;0x2085FC;0x2085FC;0x2085FC;0x2085FC;0x2085FC;0x15E624;0x15E650
FN_libARSPM_004D50F4,0x4D50F4,sub_4D50F4,0x4E0BC4;0x4E1B34,
FN_libARSPM_004D5380,0x4D5380,sub_4D5380,0x4E2D48,
FN_libARSPM_004D5738,0x4D5738,sub_4D5738,0x4E37C4,0x4D22DC;0x4D22DC;0x4D22DC;0x4D77F8;0x4D77F8;0x4D7928;0x15E650
FN_libARSPM_004D5B14,0x4D5B14,sub_4D5B14,0x4E2340,0x1D90A0;0x1D8FB8;0x1D8FB8;0x1D95B8;0x1D93F8;0x1D8FA8;0x1D95B8;0x1D93F8
FN_libARSPM_004D5CE8,0x4D5CE8,sub_4D5CE8,0x4E24C0,0x4D22DC
FN_libARSPM_004D5E40,0x4D5E40,sub_4D5E40,0x4E25E0,0x4D5EA4
FN_libARSPM_004D5EA4,0x4D5EA4,sub_4D5EA4,0x4D5E40,
FN_libARSPM_004D6064,0x4D6064,sub_4D6064,0x4E26A4,0x4D60C8
FN_libARSPM_004D60C8,0x4D60C8,sub_4D60C8,0x4D6064,
FN_libARSPM_004D6620,0x4D6620,sub_4D6620,0x4E2C84,0x4D6684
FN_libARSPM_004D6684,0x4D6684,sub_4D6684,0x4D6620,
FN_libARSPM_004D6844,0x4D6844,sub_4D6844,0x4B3D80,0x4D6B04
FN_libARSPM_004D6B04,0x4D6B04,sub_4D6B04,0x4D6844,
FN_libARSPM_004D6EEC,0x4D6EEC,sub_4D6EEC,0x4DAE94;0x4DEF10,
FN_libARSPM_004D6EF0,0x4D6EF0,sub_4D6EF0,0x4EA660;0x4EA660;0x4EA660;0x4EA660,0x4D22DC;0x4D22DC;0x4D7928;0x15E650
FN_libARSPM_004D7150,0x4D7150,sub_4D7150,0x4D9098;0x4DAB54;0x4DBB0C;0x4DCAF8;0x4EA660,0x2085FC;0x1DF698;0x15E650
FN_libARSPM_004D7434,0x4D7434,sub_4D7434,0x4E0BC4;0x4E0BC4,
FN_libARSPM_004D7664,0x4D7664,sub_4D7664,0x4E0BC4,
FN_libARSPM_004D77F8,0x4D77F8,sub_4D77F8,0x4D5738;0x4D5738;0x4E5C00;0x4E7D54,0x4D7928
FN_libARSPM_004D7928,0x4D7928,sub_4D7928,0x4D5738;0x4D6EF0;0x4D77F8;0x4E28A8;0x4E3400;0x4E37C4;0x4E5C00;0x4E79B0,0x15E638
FN_libARSPM_004D793C,0x4D793C,sub_4D793C,0x4D12EC,0x1D91C4;0x1D91C4;0x1D93F8;0x4D7A58;0x15E650
FN_libARSPM_004D7A58,0x4D7A58,sub_4D7A58,0x4D793C,0x15E638
FN_libARSPM_004D7A6C,0x4D7A6C,sub_4D7A6C,0x4D1174,
FN_libARSPM_004D7B74,0x4D7B74,sub_4D7B74,0x4B25E8,0x4CFCD0
FN_libARSPM_004D7BA8,0x4D7BA8,sub_4D7BA8,,0x4E0BC4;0x4D0394;0x4D4980
FN_libARSPM_004D7C54,0x4D7C54,sub_4D7C54,0x4E69A4,0x4E0A80;0x4E77A0;0x172A20;0x172D18;0x1734FC;0x191920
FN_libARSPM_004D7D18,0x4D7D18,sub_4D7D18,,0x4ECB10;0x2666F8;0x4E0988
FN_libARSPM_004D7DB8,0x4D7DB8,sub_4D7DB8,0x4B2658,0x4E8798
FN_libARSPM_004D7DFC,0x4D7DFC,sub_4D7DFC,,0x4E0BC4;0x4D0394;0x4D22DC;0x4D0394;0x4D22DC;0x4D0394;0x4D22DC;0x4D0394;0x4D22DC
FN_libARSPM_004D7FA4,0x4D7FA4,sub_4D7FA4,,0x4E516C;0x4E516C;0x4E516C;0x4E516C;0x13C13C
FN_libARSPM_004D8094,0x4D8094,sub_4D8094,,0x4E516C;0x4E516C;0x4E516C;0x4E516C;0x194820;0x4EBD0C
FN_libARSPM_004D818C,0x4D818C,sub_4D818C,,0x4E0988
FN_libARSPM_004D81B0,0x4D81B0,sub_4D81B0,0x4DD920,
FN_libARSPM_004D81BC,0x4D81BC,sub_4D81BC,0x4D8B98;0x4D9500;0x4D9B14;0x4DA3E0;0x4DA9B4;0x4DAC3C;0x4DB014;0x4DBF08;0x4DC070;0x4DC1D0,0x4DE0E8;0x4E77E4;0x1D93F8;0x4DDD4C;0x4DDD4C;0x1B6360
FN_libARSPM_004D840C,0x4D840C,sub_4D840C,0x4D9500;0x4D9B14;0x4DBF08;0x4DC070;0x4DC1D0;0x4DC468;0x4DC5C8;0x4DC718,
FN_libARSPM_004D8420,0x4D8420,sub_4D8420,0x4DD920,
FN_libARSPM_004D842C,0x4D842C,sub_4D842C,0x4D8A30;0x4D9098;0x4D9808;0x4DA100;0x4DAB54;0x4DAE94;0x4DBB0C;0x4DCAF8;0x4DCF34;0x4DD280,0x4E0BC4;0x4D0394;0x4D22DC;0x4D0394;0x4D22DC;0x4D0394;0x4D22DC;0x4D8748;0x1D8FA8;0x4D0394
FN_libARSPM_004D8748,0x4D8748,sub_4D8748,0x4D842C;0x4E4D14,0x4D0394;0x4D22DC
FN_libARSPM_004D87D4,0x4D87D4,sub_4D87D4,0x4D842C;0x4D8A30;0x4D9808;0x4DA100,0x1D8FA8;0x4D88A0;0x1D8FA8;0x4D2078;0x1D9180;0x1D95B8;0x1D93F8;0x4D03C8;0x1D93F8
FN_libARSPM_004D88A0,0x4D88A0,sub_4D88A0,0x4D87D4,0x4D0478;0x4D0478;0x4D0478;0x4D0478;0x4D0478;0x4D0478
FN_libARSPM_004D8978,0x4D8978,sub_4D8978,,0x1D93F8;0x1D93F8;0x4ECB10;0x2666F8
FN_libARSPM_004D8A30,0x4D8A30,sub_4D8A30,,0x4D842C;0x1D8FA8;0x4D0394;0x4D87D4;0x1D91C4;0x1D93F8;0x1D95B8;0x4D8FB0;0x1D93F8
FN_libARSPM_004D8B98,0x4D8B98,sub_4D8B98,,0x4D81BC;0x4DE794;0x4DE794;0x4ECA80;0x4ECA80;0x250238;0x4ECB10;0x4ECB10;0x4ECB10;0x4ECB10
FN_libARSPM_004D8D64,0x4D8D64,sub_4D8D64,,0x1D93F8;0x1D93F8;0x1D93F8;0x4ECB10;0x2666F8
FN_libARSPM_004D8E30,0x4D8E30,sub_4D8E30,,0x1D93F8;0x1D93F8;0x1D93F8;0x4ECB10;0x2666F8;0x4E0988
FN_libARSPM_004D8F04,0x4D8F04,sub_4D8F04,,0x1D9180;0x1D9180;0x1D9180;0x1D9180;0x1D93F8;0x1D93F8
FN_libARSPM_004D8FB0,0x4D8FB0,sub_4D8FB0,0x4D8A30,0x4D0394;0x4D0478;0x4D0478;0x4D0478;0x4D0478;0x4D0478;0x4D03C8
FN_libARSPM_004D9098,0x4D9098,sub_4D9098,,0x4D842C;0x4D0394;0x4D0478;0x4D0478;0x4D0478;0x4D0478;0x4D03C8;0x4D0394;0x4D7150
FN_libARSPM_004D9254,0x4D9254,sub_4D9254,0x4D9500,
FN_libARSPM_004D9500,0x4D9500,sub_4D9500,,0x4D9254;0x22403C;0x4D840C;0x4DE794;0x4D81BC;0x25798C;0x4ECB10;0x4ECB10
FN_libARSPM_004D95F8,0x4D95F8,sub_4D95F8,,0x1D93F8;0x1D93F8;0x4ECB10;0x2666F8
FN_libARSPM_004D96C0,0x4D96C0,sub_4D96C0,,0x1D93F8;0x1D93F8;0x4ECB10;0x2666F8;0x4E0988
FN_libARSPM_004D9790,0x4D9790,sub_4D9790,,0x1D9180;0x1D9180;0x1D93F8
FN_libARSPM_004D9808,0x4D9808,sub_4D9808,,0x4D842C;0x4D0394;0x4D20F0;0x4D0394;0x4D20F0;0x4D0394;0x4D20F0;0x4D0394;0x4D20F0;0x1D8FA8
FN_libARSPM_004D9A7C,0x4D9A7C,sub_4D9A7C,0x4D9808,0x4D0394;0x4D9DF4;0x4D03C8
FN_libARSPM_004D9B14,0x4D9B14,sub_4D9B14,,0x4D81BC;0x4D840C;0x4DE794;0x4DE794;0x4ECA80;0x4ECA80;0x25065C;0x4ECB10;0x4ECA80;0x4ECA80
FN_libARSPM_004D9DF4,0x4D9DF4,sub_4D9DF4,0x4D9A7C,0x4D0478;0x4D0478;0x4D0478;0x4D0478;0x4D0478;0x4D0478
FN_libARSPM_004D9ECC,0x4D9ECC,sub_4D9ECC,,0x1D93F8;0x1D93F8;0x1D93F8;0x4ECB10;0x2666F8
FN_libARSPM_004D9F8C,0x4D9F8C,sub_4D9F8C,,0x1D93F8;0x1D93F8;0x1D93F8;0x4ECB10;0x2666F8;0x4E0988
FN_libARSPM_004DA054,0x4DA054,sub_4DA054,,0x1D9180;0x1D9180;0x1D9180;0x1D9180;0x1D93F8;0x1D93F8
FN_libARSPM_004DA100,0x4DA100,sub_4DA100,,0x4D842C;0x4D0394;0x4D0478;0x1D8FA8;0x4D0394;0x4D87D4;0x1D91C4;0x1D93F8;0x1D95B8;0x4D0478
FN_libARSPM_004DA3E0,0x4DA3E0,sub_4DA3E0,,0x4D81BC;0x4DE704;0x4DE760;0x4DE794;0x4E77A0;0x4E516C;0x4ECA80;0x4ECA80;0x258A4C;0x4ECB10
FN_libARSPM_004DA5F4,0x4DA5F4,sub_4DA5F4,,0x1D93F8;0x1D93F8;0x1D93F8;0x4ECB10;0x2666F8
FN_libARSPM_004DA6C0,0x4DA6C0,sub_4DA6C0,,0x1D93F8;0x1D93F8;0x1D93F8;0x4ECB10;0x2666F8;0x4E0988
FN_libARSPM_004DA794,0x4DA794,sub_4DA794,,0x1D9180;0x1D9180;0x1D9180;0x1D9180;0x1D93F8;0x1D93F8
FN_libARSPM_004DA840,0x4DA840,sub_4DA840,0x4DA9B4,0x4ECA80;0x4E7260;0x2CFAA0;0x4ECB10;0x1D93F8
FN_libARSPM_004DA9B4,0x4DA9B4,sub_4DA9B4,,0x4DA840;0x1EBE10;0x4D81BC;0x26473C;0x4ECB10;0x4ECB10
FN_libARSPM_004DAA88,0x4DAA88,sub_4DAA88,,0x1D93F8;0x1D93F8;0x4ECB10;0x2666F8;0x4E0988
FN_libARSPM_004DAB54,0x4DAB54,sub_4DAB54,,0x4D842C;0x4D0394;0x4D7150
FN_libARSPM_004DAC3C,0x4DAC3C,sub_4DAC3C,,0x4E77A0;0x4DE794;0x4D81BC;0x25280C;0x4ECB10;0x4ECB10
FN_libARSPM_004DAD5C,0x4DAD5C,sub_4DAD5C,,0x1D93F8;0x1D93F8;0x4ECB10;0x2666F8;0x4E0988
FN_libARSPM_004DAE1C,0x4DAE1C,sub_4DAE1C,,0x1D9180;0x1D9180;0x1D93F8
FN_libARSPM_004DAE94,0x4DAE94,sub_4DAE94,,0x4D842C;0x4D0394;0x4D6EEC;0x1D8FA8;0x4D0394;0x4D1B9C;0x1D91C4;0x1D93F8;0x1D95B8;0x1D93F8
FN_libARSPM_004DB014,0x4DB014,sub_4DB014,,0x4D81BC;0x4DEFD4;0x4ECA80;0x25A02C;0x4ECB10;0x260B28;0x4ECB10;0x4ECB10
FN_libARSPM_004DB190,0x4DB190,sub_4DB190,,0x1D93F8;0x1D93F8;0x1D93F8;0x4ECB10;0x2666F8
FN_libARSPM_004DB25C,0x4DB25C,sub_4DB25C,,0x1D93F8;0x1D93F8;0x1D93F8;0x4ECB10;0x2666F8;0x4E0988
FN_libARSPM_004DB33C,0x4DB33C,sub_4DB33C,0x4DBF08;0x4DC468,
FN_libARSPM_004DB3B0,0x4DB3B0,sub_4DB3B0,,0x4E0BC4;0x4D0394;0x4D20F0;0x4D0394;0x4D20F0
FN_libARSPM_004DB4A8,0x4DB4A8,sub_4DB4A8,0x4DB674;0x4DB674;0x4DB674,0x4D0394;0x4D20F0
FN_libARSPM_004DB52C,0x4DB52C,sub_4DB52C,,0x4E0BC4;0x4D0394;0x4D20F0;0x4D0394;0x4D20F0;0x4D0394;0x4D20F0
FN_libARSPM_004DB674,0x4DB674,sub_4DB674,,0x4E0BC4;0x4D0394;0x4D20F0;0x4D0394;0x4D20F0;0x4D0394;0x4D20F0;0x4D0394;0x4D20F0;0x4D0394
FN_libARSPM_004DB920,0x4DB920,sub_4DB920,,0x4ECB10;0x2666F8;0x4E0988
FN_libARSPM_004DB9CC,0x4DB9CC,sub_4DB9CC,,0x4ECB10;0x2666F8;0x4E0988
FN_libARSPM_004DBA6C,0x4DBA6C,sub_4DBA6C,,0x4ECB10;0x2666F8;0x4E0988
FN_libARSPM_004DBB0C,0x4DBB0C,sub_4DBB0C,0x4DBE10;0x4DC3C0,0x4D842C;0x4D0394;0x4D20F0;0x4D0394;0x4D7150
FN_libARSPM_004DBC44,0x4DBC44,sub_4DBC44,,0x2CFAA0
FN_libARSPM_004DBCE8,0x4DBCE8,sub_4DBCE8,0x4DBF08;0x4DC070;0x4DC1D0;0x4DC468;0x4DC5C8;0x4DC718,0x4ECA80;0x4E7260;0x2CFAA0;0x4ECB10;0x1D93F8
FN_libARSPM_004DBE10,0x4DBE10,sub_4DBE10,,0x4DBB0C;0x4D0394;0x4D20F0;0x4D0394;0x4D20F0
FN_libARSPM_004DBF08,0x4DBF08,sub_4DBF08,,0x4DB33C;0x4E77A0;0x4E516C;0x4DBCE8;0x4D840C;0x4DE794;0x4D81BC;0x25AB9C;0x4ECB10
FN_libARSPM_004DC070,0x4DC070,sub_4DC070,,0x4E77A0;0x4E516C;0x4DBCE8;0x4D840C;0x4DE794;0x4D81BC;0x25AC58;0x4ECB10
FN_libARSPM_004DC1D0,0x4DC1D0,sub_4DC1D0,,0x4E77A0;0x4E516C;0x4E77A0;0x4E516C;0x4DBCE8;0x4D840C;0x4DE794;0x4D81BC;0x25AD14;0x4ECB10
FN_libARSPM_004DC3C0,0x4DC3C0,sub_4DC3C0,,0x4DBB0C;0x4D0394;0x4D20F0
FN_libARSPM_004DC468,0x4DC468,sub_4DC468,,0x4DB33C;0x4E77A0;0x4E516C;0x4DBCE8;0x4D840C;0x4DE794;0x4D81BC;0x25A630;0x4ECB10
FN_libARSPM_004DC5C8,0x4DC5C8,sub_4DC5C8,,0x4E77A0;0x4E516C;0x4DBCE8;0x4D840C;0x4DE794;0x4D81BC;0x25A9B8;0x4ECB10
FN_libARSPM_004DC718,0x4DC718,sub_4DC718,,0x4E77A0;0x4E516C;0x4E77A0;0x4E516C;0x4DBCE8;0x4D840C;0x4DE794;0x4D81BC;0x25AA68;0x4ECB10
FN_libARSPM_004DC900,0x4DC900,sub_4DC900,,0x1D9180;0x1D9180;0x1D93F8
FN_libARSPM_004DC978,0x4DC978,sub_4DC978,,0x1D93F8;0x1D93F8;0x4ECB10;0x2666F8;0x4E0988
FN_libARSPM_004DCA38,0x4DCA38,sub_4DCA38,,0x1D93F8;0x1D93F8;0x4ECB10;0x2666F8;0x4E0988
FN_libARSPM_004DCAF8,0x4DCAF8,sub_4DCAF8,,0x4D842C;0x4D0394;0x4D0478;0x4D0394;0x4D7150;0x4D0478;0x4D03C8
FN_libARSPM_004DCC5C,0x4DCC5C,sub_4DCC5C,,0x4D81BC;0x4DE794;0x4E77A0;0x4ECA80;0x261430;0x4ECA80;0x261248;0x4ECB10;0x4ECB10
FN_libARSPM_004DCDFC,0x4DCDFC,sub_4DCDFC,,0x1D93F8;0x1D93F8;0x4ECB10;0x2666F8;0x4E0988
FN_libARSPM_004DCEBC,0x4DCEBC,sub_4DCEBC,,0x1D9180;0x1D9180;0x1D93F8
FN_libARSPM_004DCF34,0x4DCF34,sub_4DCF34,,0x4D842C;0x4D0394;0x4D20F0;0x4D0394;0x4D20F0
FN_libARSPM_004DD02C,0x4DD02C,sub_4DD02C,,0x4E77A0;0x4DE794;0x4D81BC;0x2600F4;0x4ECB10;0x4ECB10
FN_libARSPM_004DD148,0x4DD148,sub_4DD148,,0x1D93F8;0x1D93F8;0x4ECB10;0x2666F8;0x4E0988
FN_libARSPM_004DD208,0x4DD208,sub_4DD208,,0x1D9180;0x1D9180;0x1D93F8
FN_libARSPM_004DD280,0x4DD280,sub_4DD280,,0x4D842C;0x4D0394;0x4D21BC;0x4D0394;0x4D20F0;0x4D0394;0x4D20F0;0x4D03D8;0x4D20F0;0x4D03C8
FN_libARSPM_004DD43C,0x4DD43C,sub_4DD43C,,0x222764;0x4ECA80;0x222630;0x4D81BC;0x26473C;0x4ECB10;0x4ECB10
FN_libARSPM_004DD590,0x4DD590,sub_4DD590,,0x1D93F8;0x1D93F8;0x4ECB10;0x2666F8;0x4E0988
FN_libARSPM_004DD65C,0x4DD65C,sub_4DD65C,,0x4E0BC4;0x4D0394;0x4D22DC;0x4D0394;0x4D22DC;0x4D0394;0x4D22DC;0x4D0394;0x4D22DC;0x4D0394
FN_libARSPM_004DD898,0x4DD898,sub_4DD898,0x4DD65C;0x4E02C4,0x4D0394;0x4D4980
FN_libARSPM_004DD920,0x4DD920,sub_4DD920,0x4E6B6C,0x4E77E4;0x4E5970;0x4D8420;0x4D81BC;0x4D81B0;0x4ECB10;0x4ECB10;0x4DDE48;0x4DE05C;0x4E5AA8
FN_libARSPM_004DDCAC,0x4DDCAC,sub_4DDCAC,,0x4ECB10;0x2666F8;0x4E0988
FN_libARSPM_004DDD4C,0x4DDD4C,sub_4DDD4C,0x4D81BC;0x4D81BC,0x1472A8;0x1D944C
FN_libARSPM_004DDE48,0x4DDE48,sub_4DDE48,0x4DD920,0x4ECA80;0x4DDEF0;0x4ECB10
FN_libARSPM_004DDEF0,0x4DDEF0,sub_4DDEF0,0x4DDE48,0x1472A8;0x1D944C;0x1D9180;0x1D91C4;0x4DE93C;0x4DEAD0;0x4ECB10;0x1D93F8;0x1D93F8
FN_libARSPM_004DE05C,0x4DE05C,sub_4DE05C,0x4DD920,0x4ECA80;0x4ECB10
FN_libARSPM_004DE0E8,0x4DE0E8,sub_4DE0E8,0x4D81BC,
FN_libARSPM_004DE0F8,0x4DE0F8,sub_4DE0F8,0x4DE704;0x4DE760;0x4DE794,0x4E73A8;0x4DE48C;0x26473C;0x4ECA80;0x4E73F0;0x4DE48C;0x26473C;0x4ECB10;0x18B9C0;0x2CFAA0
FN_libARSPM_004DE48C,0x4DE48C,sub_4DE48C,0x4DE0F8;0x4DE0F8,0x18BF24;0x212468;0x1F37A4;0x4ECB10;0x4ECB10;0x4ECB10;0x1EBB08;0x4ECB10;0x4ECB10;0x4ECB10
FN_libARSPM_004DE704,0x4DE704,sub_4DE704,0x4DA3E0,0x4DE0F8;0x4ECB10
FN_libARSPM_004DE760,0x4DE760,sub_4DE760,0x4DA3E0,0x4DE0F8
FN_libARSPM_004DE794,0x4DE794,sub_4DE794,0x4D8B98;0x4D8B98;0x4D9500;0x4D9B14;0x4D9B14;0x4DA3E0;0x4DAC3C;0x4DBF08;0x4DC070;0x4DC1D0,0x4DE0F8;0x2243D8;0x4ECA80;0x25798C;0x4ECB10;0x2242DC;0x4ECA80;0x25798C;0x4ECB10;0x4ECB10
FN_libARSPM_004DE93C,0x4DE93C,sub_4DE93C,0x4DDEF0,0x4DEAD0;0x1D93F8;0x4ECB10
FN_libARSPM_004DEAD0,0x4DEAD0,sub_4DEAD0,0x4DDEF0;0x4DE93C,0x1472A8;0x1D944C;0x1D91C4;0x4ECB10;0x1D93F8;0x1D91C4
FN_libARSPM_004DEC78,0x4DEC78,sub_4DEC78,,0x4E0BC4;0x4D0394;0x4D22DC;0x4D0394;0x4D22DC;0x4D0394;0x4D22DC;0x4D0394;0x4D22DC;0x4DEF10
FN_libARSPM_004DEF10,0x4DEF10,sub_4DEF10,0x4DEC78,0x4D0394;0x4D6EEC
FN_libARSPM_004DEFD4,0x4DEFD4,sub_4DEFD4,0x4DB014;0x4DF190,0x468DEC;0x468DA0;0x1D93F8;0x1D93F8;0x4ECB10;0x4E2E08;0x174980;0x2CFAA0
FN_libARSPM_004DF190,0x4DF190,sub_4DF190,,0x4E52F0;0x4DEFD4;0x13E6CC;0x4ECB10;0x2CFAA0
FN_libARSPM_004DF298,0x4DF298,sub_4DF298,,0x1D93F8
FN_libARSPM_004DF2C0,0x4DF2C0,sub_4DF2C0,,0x1D93F8;0x4E0988
FN_libARSPM_004DF2FC,0x4DF2FC,sub_4DF2FC,0x4B3010,0x4E8798
FN_libARSPM_004DF340,0x4DF340,sub_4DF340,,0x4E0BC4;0x4D0394;0x4D22DC;0x4D0394;0x4D22DC;0x4D0394;0x4D22DC;0x4D0394;0x4D22DC
FN_libARSPM_004DF4E8,0x4DF4E8,sub_4DF4E8,,0x4E516C;0x4E516C;0x4E516C;0x4E516C
FN_libARSPM_004DF58C,0x4DF58C,sub_4DF58C,,0x4E516C;0x4E516C;0x4E516C;0x4E516C;0x1949C0;0x4EBD0C
FN_libARSPM_004DF64C,0x4DF64C,sub_4DF64C,,0x4E0988
FN_libARSPM_004DF670,0x4DF670,sub_4DF670,0x4B3040,0x4CFCD0;0x1D8FA8;0x1756D8
FN_libARSPM_004DF6FC,0x4DF6FC,sub_4DF6FC,,0x4DFB4C;0x4D0394;0x4D22DC;0x4D0394;0x4D22DC;0x4D0394;0x4D22DC;0x4D0394;0x4D22DC
FN_libARSPM_004DF8A4,0x4DF8A4,sub_4DF8A4,,0x4E516C;0x4E516C;0x4E516C;0x4E516C;0x2218DC;0x4ECB10
FN_libARSPM_004DF9E4,0x4DF9E4,sub_4DF9E4,,0x1D93F8;0x4ECB10;0x2666F8
FN_libARSPM_004DFA94,0x4DFA94,sub_4DFA94,,0x1D93F8;0x4ECB10;0x2666F8;0x4E0988
FN_libARSPM_004DFB4C,0x4DFB4C,sub_4DFB4C,0x4DF6FC;0x4E47C0,0x4E0BC4;0x4D0394;0x4D3BA4;0x4D0394;0x4D0478;0x1D8FA8;0x4D0394;0x4D1B9C;0x1D91C4;0x1D93F8
FN_libARSPM_004DFDE4,0x4DFDE4,sub_4DFDE4,0x4DFDE4;0x4E012C,0x4E7260;0x145ED8;0x1349B8;0x1348D0;0x2666F8;0x2CFAA0;0x4E516C;0x1349B8;0x1348D0;0x2666F8
FN_libARSPM_004E012C,0x4E012C,sub_4E012C,,0x4DFDE4;0x4E77A0;0x172A20;0x172D18;0x1734FC;0x1734FC;0x18C0B8;0x4ECB10;0x2666F8;0x2666F8
FN_libARSPM_004E02C4,0x4E02C4,sub_4E02C4,,0x4E0BC4;0x4D0394;0x4D22DC;0x4D0394;0x4D22DC;0x4D0394;0x4D22DC;0x4D0394;0x4D22DC;0x4D0394
FN_libARSPM_004E0500,0x4E0500,sub_4E0500,0x4E6B6C,
FN_libARSPM_004E0520,0x4E0520,sub_4E0520,0x4E6B6C,0x4E5970;0x4EBC80;0x2243D8;0x18B76C;0x2CF70C;0x4ECA80;0x212AB4;0x4ECB10;0x4ECA80;0x18BF58
FN_libARSPM_004E0744,0x4E0744,sub_4E0744,,0x4ECB10;0x2666F8;0x4E0988
FN_libARSPM_004E07E4,0x4E07E4,sub_4E07E4,0x4EBC3C,
FN_libARSPM_004E0988,0x4E0988,sub_4E0988,0x4B33B0;0x4B3458;0x4CFF9C;0x4D0370;0x4D7D18;0x4D818C;0x4D8E30;0x4D96C0;0x4D9F8C;0x4DA6C0,
FN_libARSPM_004E099C,0x4E099C,sub_4E099C,0x4B2168;0x4CFE14;0x4E0520;0x4EBFC0,0x4E5A40;0x4E5AA8
FN_libARSPM_004E0A00,0x4E0A00,sub_4E0A00,0x4E6F78,0x4E5970;0x4E5AA8
FN_libARSPM_004E0A80,0x4E0A80,sub_4E0A80,0x4CFE60;0x4D7C54;0x4E9C54;0x4EC070,0x4E5970;0x22B064;0x18D2E0;0x4E5AA8
FN_libARSPM_004E0B1C,0x4E0B1C,sub_4E0B1C,0x4CFEF8;0x4E77C0;0x4E77E4;0x4EC13C,
FN_libARSPM_004E0B28,0x4E0B28,sub_4E0B28,,0x4E5C00;0x1D704C
FN_libARSPM_004E0BB8,0x4E0BB8,sub_4E0BB8,0x132968;0x132968;0x4B3C70;0x4B3CF8;0x4B3D80;0x4B4050;0x4B40DC;0x4B4180;0x4B41F8,
FN_libARSPM_004E0BC4,0x4E0BC4,sub_4E0BC4,0x4D0078;0x4D7BA8;0x4D7DFC;0x4D842C;0x4DB3B0;0x4DB52C;0x4DB674;0x4DD65C;0x4DEC78;0x4DF340,0x4E1998;0x1D95B8;0x1D93F8;0x1D93F8;0x1D91C4;0x4E1C04;0x4E2F88;0x4E1E54;0x4D0394;0x4D50F4
FN_libARSPM_004E1998,0x4E1998,sub_4E1998,0x4E0BC4;0x4E0BC4;0x4E0BC4,0x1D8FA8;0x4D0394;0x4D4380;0x1D91C4;0x1D93F8;0x1D9180;0x1D9180;0x1D93F8;0x1D93F8
FN_libARSPM_004E1B34,0x4E1B34,sub_4E1B34,0x4E0BC4,0x4D0394;0x4D50F4
FN_libARSPM_004E1C04,0x4E1C04,sub_4E1C04,0x4E0BC4;0x4E0BC4,0x4E34FC;0x4ECA80;0x1D9180;0x4ECA80;0x1D9180;0x1D93F8;0x4ECB10;0x1D93F8;0x1D93F8;0x4ECB10
FN_libARSPM_004E1E54,0x4E1E54,sub_4E1E54,0x4E0BC4;0x4E0BC4;0x4E0BC4,0x4D0394;0x4D20F0
FN_libARSPM_004E1F14,0x4E1F14,sub_4E1F14,0x4E0BC4,0x1D95B8;0x1D93F8;0x1D91C4
FN_libARSPM_004E1FD0,0x4E1FD0,sub_4E1FD0,0x4E0BC4;0x4E0BC4;0x4E0BC4,0x4E36E4;0x4ECA80;0x4ECA80;0x4ECB10;0x1D93F8;0x4ECB10;0x1D93F8
FN_libARSPM_004E21B4,0x4E21B4,sub_4E21B4,0x4E0BC4;0x4E0BC4;0x4E0BC4,0x4D0394;0x4D20F0
FN_libARSPM_004E2274,0x4E2274,sub_4E2274,0x4E0BC4,0x1D95B8;0x1D93F8;0x1D91C4
FN_libARSPM_004E2340,0x4E2340,sub_4E2340,0x4E0BC4,0x1D8FA8;0x4D0394;0x4D5B14;0x1D91C4;0x1D93F8;0x1D9180;0x1D9180;0x1D93F8;0x1D93F8
FN_libARSPM_004E24C0,0x4E24C0,sub_4E24C0,0x4E0BC4,0x4D0394;0x4D5CE8
FN_libARSPM_004E25E0,0x4E25E0,sub_4E25E0,0x4E0BC4,0x4D0394;0x4D5E40
FN_libARSPM_004E26A4,0x4E26A4,sub_4E26A4,0x4E0BC4,0x4D0394;0x4D6064
FN_libARSPM_004E2768,0x4E2768,sub_4E2768,0x4E0BC4,0x1D95B8;0x1D93F8;0x1D91C4
FN_libARSPM_004E2824,0x4E2824,sub_4E2824,0x4E0BC4,0x4E3400
FN_libARSPM_004E28A8,0x4E28A8,sub_4E28A8,0x4E0BC4,0x4E37C4;0x4D7928
FN_libARSPM_004E2A3C,0x4E2A3C,sub_4E2A3C,0x4E0BC4;0x4E0BC4,0x4D0394;0x4D22DC
FN_libARSPM_004E2B04,0x4E2B04,sub_4E2B04,0x4E0BC4,0x4D0394;0x4D44B8
FN_libARSPM_004E2BC0,0x4E2BC0,sub_4E2BC0,0x4E0BC4,0x4D0394;0x4D46BC
FN_libARSPM_004E2C84,0x4E2C84,sub_4E2C84,0x4E0BC4,0x4D0394;0x4D6620
FN_libARSPM_004E2D48,0x4E2D48,sub_4E2D48,0x4E0BC4,0x4D0394;0x4D5380
FN_libARSPM_004E2E08,0x4E2E08,sub_4E2E08,0x4DEFD4;0x4E83EC,0x172A20;0x172D18;0x1734FC
FN_libARSPM_004E2F88,0x4E2F88,sub_4E2F88,0x4E0BC4,0x1D93F8;0x4ECB10;0x1D93F8
FN_libARSPM_004E304C,0x4E304C,sub_4E304C,,0x4ECB10;0x1D93F8;0x1D93F8;0x4ECB10;0x1D93F8;0x1D91C4
FN_libARSPM_004E31EC,0x4E31EC,sub_4E31EC,0x4E0BC4;0x4E0BC4;0x4E0BC4,0x4ECB10;0x1D93F8;0x4ECB10;0x1D93F8
FN_libARSPM_004E333C,0x4E333C,sub_4E333C,0x4E0BC4,0x1D93F8;0x4ECB10;0x1D93F8
FN_libARSPM_004E3400,0x4E3400,sub_4E3400,0x4E2824,0x4D7928
FN_libARSPM_004E34FC,0x4E34FC,sub_4E34FC,0x4E1C04,0x1D8FA8;0x4D0394;0x4D3D70;0x4E35E4;0x1D93F8;0x4ECB10;0x1D93F8
FN_libARSPM_004E35E4,0x4E35E4,sub_4E35E4,0x4E34FC;0x4E7D54;0x4E7D54,0x4ECB10;0x1D93F8;0x1D95B8;0x1D91C4
FN_libARSPM_004E36E4,0x4E36E4,sub_4E36E4,0x4E1FD0,0x4D0394;0x4D1A94;0x4ECB10;0x1D93F8
FN_libARSPM_004E37C4,0x4E37C4,sub_4E37C4,0x4E28A8,0x4D0394;0x4D5738;0x4D7928
FN_libARSPM_004E3884,0x4E3884,sub_4E3884,0x4B30E0,0x4E8798
FN_libARSPM_004E38B8,0x4E38B8,sub_4E38B8,,0x4E0BC4;0x18D2E0;0x4D0394;0x207C10;0x18D364;0x18D3DC;0x18D428;0x18D3DC
FN_libARSPM_004E39B4,0x4E39B4,sub_4E39B4,,0x18D364;0x13C698;0x18D3DC
FN_libARSPM_004E3A1C,0x4E3A1C,sub_4E3A1C,,0x18D364;0x1D704C
FN_libARSPM_004E3A88,0x4E3A88,sub_4E3A88,0x132108,0x172D18;0x191920
FN_libARSPM_004E3AE8,0x4E3AE8,sub_4E3AE8,,0x18D3DC
FN_libARSPM_004E3B10,0x4E3B10,sub_4E3B10,,0x18D3DC;0x4E0988
FN_libARSPM_004E3B40,0x4E3B40,sub_4E3B40,0x4B3110,0x4CFCD0;0x1D8FA8
FN_libARSPM_004E3BA4,0x4E3BA4,sub_4E3BA4,,0x4E0BC4;0x4D0394;0x4D22DC;0x4D0394;0x4D22DC;0x4D0394;0x4D22DC;0x4D0394;0x4D22DC;0x4D0394
FN_libARSPM_004E3E9C,0x4E3E9C,sub_4E3E9C,0x4E3BA4,0x1D8FA8;0x4D0394;0x4D1B9C;0x1D91C4;0x1D93F8
FN_libARSPM_004E3F54,0x4E3F54,sub_4E3F54,0x4E414C,0x4CFDF8;0x4CFDF8;0x4E5AF8;0x4ECB10;0x4ECB10
FN_libARSPM_004E414C,0x4E414C,sub_4E414C,,0x4E3F54;0x4E52F0;0x1FE800;0x1FEA80;0x4E59D8;0x4CFE08;0x1FEB28;0x21C448;0x18C0B8;0x4ECB10
FN_libARSPM_004E4358,0x4E4358,sub_4E4358,,0x1D93F8;0x4ECB10;0x2666F8
FN_libARSPM_004E43F8,0x4E43F8,sub_4E43F8,,0x1D93F8;0x4ECB10;0x2666F8;0x4E0988
FN_libARSPM_004E44A0,0x4E44A0,sub_4E44A0,0x4B3140;0x4B3174,0x4E8798
FN_libARSPM_004E44DC,0x4E44DC,sub_4E44DC,,0x4E0BC4;0x4D0394;0x4D4D28;0x1949C0;0x18D428;0x18D3DC
FN_libARSPM_004E4628,0x4E4628,sub_4E4628,,0x18D364;0x1D704C
FN_libARSPM_004E4694,0x4E4694,sub_4E4694,,0x18E03C
FN_libARSPM_004E46B4,0x4E46B4,sub_4E46B4,,0x18D3DC
FN_libARSPM_004E46EC,0x4E46EC,sub_4E46EC,,0x18D3DC;0x4E0988
FN_libARSPM_004E472C,0x4E472C,sub_4E472C,0x4B31A8,0x4CFCD0;0x1D8FA8;0x1756D8
FN_libARSPM_004E47C0,0x4E47C0,sub_4E47C0,,0x4DFB4C;0x4D0394;0x4D22DC;0x4D0394;0x4D22DC;0x4D0394;0x4D22DC;0x4D0394;0x4D22DC;0x4D0394
FN_libARSPM_004E49E0,0x4E49E0,sub_4E49E0,,0x4E516C;0x4E516C;0x4E516C;0x4E516C;0x4E516C;0x1EBB08;0x2212F8;0x21DB40;0x4ECB10
FN_libARSPM_004E4C08,0x4E4C08,sub_4E4C08,,0x1D93F8;0x4ECB10;0x2666F8;0x4E0988
FN_libARSPM_004E4CC0,0x4E4CC0,sub_4E4CC0,0x4B31D8,0x4E8798
FN_libARSPM_004E4D14,0x4E4D14,sub_4E4D14,,0x4E0BC4;0x4D0394;0x4D22DC;0x4D0394;0x4D22DC;0x4D0394;0x4D22DC;0x4D0394;0x4D22DC;0x4D0394
FN_libARSPM_004E4F74,0x4E4F74,sub_4E4F74,0x4E5098;0x4E50DC,0x4E52F0;0x4E516C;0x4E516C;0x1AA900
FN_libARSPM_004E5098,0x4E5098,sub_4E5098,,0x4E4F74;0x13BCB4
FN_libARSPM_004E50DC,0x4E50DC,sub_4E50DC,,0x4E4F74;0x1948F4;0x4EBD0C
FN_libARSPM_004E5148,0x4E5148,sub_4E5148,,0x4E0988
FN_libARSPM_004E516C,0x4E516C,sub_4E516C,0x4D01CC;0x4D01CC;0x4D01CC;0x4D026C;0x4D026C;0x4D026C;0x4D02F8;0x4D02F8;0x4D02F8;0x4D7FA4,
FN_libARSPM_004E5298,0x4E5298,sub_4E5298,,0x2CFAA0
FN_libARSPM_004E52F0,0x4E52F0,sub_4E52F0,0x4DF190;0x4E414C;0x4E4F74;0x4E77E4;0x4E83EC,0x2CFAA0;0x2CFAA0;0x2CFAA0;0x2CFAA0
FN_libARSPM_004E58F0,0x4E58F0,sub_4E58F0,0x4B2168,0x4E7D54
FN_libARSPM_004E590C,0x4E590C,sub_4E590C,0x4B2168,0x137BAC
FN_libARSPM_004E5970,0x4E5970,sub_4E5970,0x4DD920;0x4E0520;0x4E0A00;0x4E0A80;0x4EA4D4,0x137BAC
FN_libARSPM_004E59D8,0x4E59D8,sub_4E59D8,0x4E414C,0x137BAC
FN_libARSPM_004E5A40,0x4E5A40,sub_4E5A40,0x4E099C,0x137BAC
FN_libARSPM_004E5AA8,0x4E5AA8,sub_4E5AA8,0x4B2168;0x4DD920;0x4E0520;0x4E099C;0x4E0A00;0x4E0A80;0x4E414C;0x4EA4D4,0x137398;0x18D3DC
FN_libARSPM_004E5AF8,0x4E5AF8,sub_4E5AF8,0x4DFDE4;0x4E3F54;0x4E9C54;0x4EBFC0;0x4EC070;0x4EC13C,0x2CFAA0;0x1472A8;0x1D944C
FN_libARSPM_004E5C00,0x4E5C00,sub_4E5C00,0x4E0B28,0x1D944C;0x4E78DC;0x4E79B0;0x4E79B0;0x4ECA80;0x1D9180;0x1D944C;0x4E79B0;0x1D9534;0x4E79B0
FN_libARSPM_004E68CC,0x4E68CC,sub_4E68CC,0x4E5C00,0x18B76C;0x18C2D8;0x137C54;0x18B9C0;0x1D704C
FN_libARSPM_004E69A4,0x4E69A4,sub_4E69A4,0x4E5C00,0x1472A8;0x1D944C;0x4D7C54;0x137BAC;0x137BB4;0x13AFA0;0x18D428;0x18D364;0x18D3DC;0x4ECB10
FN_libARSPM_004E6B6C,0x4E6B6C,sub_4E6B6C,0x4E5C00,0x1472A8;0x1D944C;0x4E0500;0x137C54;0x4E0520;0x18B76C;0x18C3A0;0x137C54;0x13AA08;0x18B9C0
FN_libARSPM_004E6F38,0x4E6F38,sub_4E6F38,0x4E83EC;0x4EBC80;0x4EBF38,0x137BAC
FN_libARSPM_004E6F78,0x4E6F78,sub_4E6F78,0x4E73A8;0x4E73F0,0x18B76C;0x4E7260;0x18C2AC;0x4E7D54;0x137BAC;0x2CFAA0;0x1472A8;0x1D944C;0x4E0A00;0x4E7260
FN_libARSPM_004E7260,0x4E7260,sub_4E7260,0x4DA840;0x4DBCE8;0x4DFDE4;0x4E6F78;0x4E6F78,0x1472A8;0x1D944C;0x2CFAA0
FN_libARSPM_004E73A8,0x4E73A8,sub_4E73A8,0x4DE0F8;0x4E87C4;0x4E9578,0x4E6F78
FN_libARSPM_004E73F0,0x4E73F0,sub_4E73F0,0x4DE0F8;0x4E87C4;0x4E9578,0x4E6F78;0x18C270;0x4E516C;0x18C4B4;0x18C4D4;0x18C4F0;0x18C4C4;0x1348D0;0x2666F8;0x4E516C
FN_libARSPM_004E77A0,0x4E77A0,sub_4E77A0,0x4D7C54;0x4DA3E0;0x4DAC3C;0x4DBF08;0x4DC070;0x4DC1D0;0x4DC1D0;0x4DC468;0x4DC5C8;0x4DC718,
FN_libARSPM_004E77C0,0x4E77C0,sub_4E77C0,,0x4E0B1C
FN_libARSPM_004E77E4,0x4E77E4,sub_4E77E4,0x4D81BC;0x4DD920,0x4E52F0;0x4E0B1C
FN_libARSPM_004E78DC,0x4E78DC,sub_4E78DC,0x4E5C00;0x4E5C00,0x4ECA80;0x4ECB10;0x1D93F8;0x1D9534
FN_libARSPM_004E79B0,0x4E79B0,sub_4E79B0,0x4E5C00;0x4E5C00;0x4E5C00;0x4E5C00;0x4E5C00;0x4E5C00;0x4E5C00;0x4E5C00;0x4E5C00;0x4E5C00,0x4ECA80;0x1D9180;0x4ECA80;0x1D9180;0x1D9180;0x1D9180;0x1D9180;0x1D9180;0x4ECA80;0x4ECA80
FN_libARSPM_004E7D54,0x4E7D54,sub_4E7D54,0x4E58F0;0x4E6F78,0x1D8FA8;0x4E35E4;0x1D93F8;0x4ECB10;0x1D93F8;0x1D8FA8;0x4E35E4;0x1D93F8;0x4ECB10;0x1D93F8
FN_libARSPM_004E83EC,0x4E83EC,sub_4E83EC,,0x4E52F0;0x172A20;0x4E2E08;0x172B8C;0x1726D8;0x4E6F38;0x13A594;0x4EBC80
FN_libARSPM_004E8684,0x4E8684,sub_4E8684,0x4B2034,0x4E516C;0x4E516C
FN_libARSPM_004E86F8,0x4E86F8,sub_4E86F8,,0x4ECB10;0x2666F8;0x4E0988
FN_libARSPM_004E8798,0x4E8798,sub_4E8798,0x4D0038;0x4D7DB8;0x4DF2FC;0x4E3884;0x4E44A0;0x4E4CC0,0x4EBC3C
FN_libARSPM_004E87C4,0x4E87C4,sub_4E87C4,,0x4E73A8;0x4E73F0;0x18B9C0;0x18B9C0;0x1D704C
FN_libARSPM_004E88A8,0x4E88A8,sub_4E88A8,0x4B3208,0x4CFCD0
FN_libARSPM_004E88E0,0x4E88E0,sub_4E88E0,,0x4E0BC4;0x4D0394;0x4D22DC
FN_libARSPM_004E898C,0x4E898C,sub_4E898C,,0x4ECB10;0x2666F8;0x4E0988
FN_libARSPM_004E8A2C,0x4E8A2C,sub_4E8A2C,0x4EA4D4;0x4EA4D4;0x4EA4D4;0x4EA4D4,0x4E516C;0x1DF698;0x15E650
FN_libARSPM_004E8C24,0x4E8C24,sub_4E8C24,0x4E8C24;0x4E9578,0x4E8C24
FN_libARSPM_004E8E48,0x4E8E48,sub_4E8E48,0x4E9578,0x1349B8;0x1348D0;0x2666F8
FN_libARSPM_004E9004,0x4E9004,sub_4E9004,0x4EAA98;0x4EAB30;0x4EABD8;0x4EACAC,0x4ECA80;0x4B10E0;0x1E04DC;0x4B10E0;0x4ECB10;0x4E9C54;0x4ECB10;0x4E516C;0x1D704C
FN_libARSPM_004E921C,0x4E921C,sub_4E921C,0x4E9578;0x4EAA98;0x4EAB30;0x4EABD8;0x4EACAC,0x4E939C;0x18B9C0;0x18B9C0;0x2666F8;0x2666F8;0x4ECB10;0x4EA2F8
FN_libARSPM_004E939C,0x4E939C,sub_4E939C,0x4E921C;0x4E9578,0x1DE0A4;0x1DEDA4;0x4E9E9C;0x1DE1DC;0x4ECB10;0x1DDEBC;0x1DDFD4;0x4EA2F8;0x1DE0B8;0x167C58
FN_libARSPM_004E9578,0x4E9578,sub_4E9578,,0x4E921C;0x4E73A8;0x18BCC8;0x18B9C0;0x18B9C0;0x4E73F0;0x18BCC8;0x18B9C0;0x18B9C0;0x4E516C
FN_libARSPM_004E9B18,0x4E9B18,sub_4E9B18,0x4E9578,0x1348D0;0x2666F8;0x1348D0;0x2666F8
FN_libARSPM_004E9C54,0x4E9C54,sub_4E9C54,0x4E9004,0x4E5AF8;0x4E0A80;0x19DB4C;0x18D3DC;0x19DC98;0x4EB078;0x4ECB10;0x19DC4C;0x4ECB10;0x4ECB10
FN_libARSPM_004E9DC4,0x4E9DC4,sub_4E9DC4,0x4E9E9C,0x19DFA0;0x1756D8
FN_libARSPM_004E9E9C,0x4E9E9C,sub_4E9E9C,0x4E939C,0x15EC9C;0x4E9DC4;0x172A20;0x1734FC;0x173010;0x1734FC
FN_libARSPM_004EA044,0x4EA044,sub_4EA044,,0x4ECA80;0x18B8BC;0x18B8BC;0x4EB260;0x18B9C0;0x18B9C0;0x4ECB10;0x4EB438
FN_libARSPM_004EA2F8,0x4EA2F8,sub_4EA2F8,0x4E921C;0x4E939C;0x4EB260,0x18B9C0;0x18B9C0;0x4ECB10
FN_libARSPM_004EA43C,0x4EA43C,sub_4EA43C,,0x4EB608;0x4ECB10
FN_libARSPM_004EA4D4,0x4EA4D4,sub_4EA4D4,0x4EAA98;0x4EAB30;0x4EABD8;0x4EACAC,0x4E8A2C;0x4E8A2C;0x4E8A2C;0x4E8A2C;0x4E5AA8;0x4E5970
FN_libARSPM_004EA660,0x4EA660,sub_4EA660,0x4EAD04,0x4E0BC4;0x4EA9C4;0x4D0394;0x4D6EF0;0x4D0394;0x4D6EF0;0x4D0394;0x4D6EF0;0x4D0394;0x4D6EF0
FN_libARSPM_004EA9C4,0x4EA9C4,sub_4EA9C4,0x4EA660,0x4D0394;0x4D0478;0x4D0478;0x4D03C8
FN_libARSPM_004EAA98,0x4EAA98,sub_4EAA98,,0x4E9004;0x4EA4D4;0x4E921C
FN_libARSPM_004EAB30,0x4EAB30,sub_4EAB30,,0x4E9004;0x4EA4D4;0x4E921C
FN_libARSPM_004EABD8,0x4EABD8,sub_4EABD8,,0x19A960;0x4E9004;0x4EA4D4;0x4E921C;0x19B6CC;0x4EBD0C;0x19A9A8
FN_libARSPM_004EACAC,0x4EACAC,sub_4EACAC,,0x4E9004;0x4EA4D4;0x4E921C
FN_libARSPM_004EAD04,0x4EAD04,sub_4EAD04,,0x4EA660;0x4D0394;0x4D22DC;0x1D8FA8;0x4D0394;0x4D1B9C;0x1D91C4;0x1D93F8;0x1D95B8;0x1D93F8
FN_libARSPM_004EAE7C,0x4EAE7C,sub_4EAE7C,,0x4B3594
FN_libARSPM_004EAEA0,0x4EAEA0,sub_4EAEA0,,0x4B3594
FN_libARSPM_004EAEC4,0x4EAEC4,sub_4EAEC4,,0x1D93F8
FN_libARSPM_004EAEEC,0x4EAEEC,sub_4EAEEC,,0x1D93F8;0x4E0988
FN_libARSPM_004EAF20,0x4EAF20,sub_4EAF20,,0x1D93F8
FN_libARSPM_004EAF48,0x4EAF48,sub_4EAF48,,0x1D93F8;0x4B3594
FN_libARSPM_004EAF88,0x4EAF88,sub_4EAF88,0x4E9578,0x1349B8;0x1348D0;0x2666F8
FN_libARSPM_004EB078,0x4EB078,sub_4EB078,0x4E9C54,0x4ECB10;0x4EB24C;0x15E650
FN_libARSPM_004EB24C,0x4EB24C,sub_4EB24C,0x4EB078,0x15E638
FN_libARSPM_004EB260,0x4EB260,sub_4EB260,0x4EA044,0x4EA2F8;0x4EB424;0x15E650
FN_libARSPM_004EB424,0x4EB424,sub_4EB424,0x4EB260,0x15E638
FN_libARSPM_004EB438,0x4EB438,sub_4EB438,0x4EA044,0x4EB5F4;0x15E650
FN_libARSPM_004EB5F4,0x4EB5F4,sub_4EB5F4,0x4EB438,0x15E638
FN_libARSPM_004EB608,0x4EB608,sub_4EB608,0x4EA43C,0x4ECB10;0x4EB7DC;0x15E650
FN_libARSPM_004EB7DC,0x4EB7DC,sub_4EB7DC,0x4EB608,0x15E638
FN_libARSPM_004EB830,0x4EB830,sub_4EB830,,0x13ECB0
FN_libARSPM_004EB8FC,0x4EB8FC,sub_4EB8FC,,0x1DDFD8;0x1DDFE8;0x2666F8;0x14E8AC;0x15EC9C;0x172EF0;0x174980;0x1B6360;0x2666F8
FN_libARSPM_004EBB18,0x4EBB18,sub_4EBB18,,0x1DDFD8;0x15EDD8;0x1DDFE8;0x172EF0;0x172B8C;0x18D2E0;0x191920;0x19C134;0x18D3DC
FN_libARSPM_004EBC3C,0x4EBC3C,sub_4EBC3C,0x4B1C2C;0x4B2FA4;0x4B3238;0x4B32A0;0x4B331C;0x4CFCD0;0x4E8798;0x4EBD24,0x4E07E4;0x1756D8
FN_libARSPM_004EBC80,0x4EBC80,sub_4EBC80,0x4E0520;0x4E83EC;0x4EBF38,0x1726D8;0x4E6F38;0x13A594
FN_libARSPM_004EBD0C,0x4EBD0C,sub_4EBD0C,0x4CFE60;0x4D8094;0x4DF58C;0x4E50DC;0x4EABD8,
FN_libARSPM_004EBD24,0x4EBD24,sub_4EBD24,0x4B3380,0x4EBC3C
FN_libARSPM_004EBD74,0x4EBD74,sub_4EBD74,,0x4E0BC4;0x4D0394;0x4D22DC;0x4D0394;0x4D22DC;0x1D8FA8;0x4D0394;0x4D1B9C;0x1D91C4;0x1D93F8
FN_libARSPM_004EBF38,0x4EBF38,sub_4EBF38,,0x4EBC80;0x4E6F38;0x13A344
FN_libARSPM_004EBFC0,0x4EBFC0,sub_4EBFC0,,0x4E5AF8;0x4E099C;0x4ECB10;0x4ECB10
FN_libARSPM_004EC070,0x4EC070,sub_4EC070,,0x4E5AF8;0x4E0A80;0x18D2E0;0x4ECB10;0x4ECB10
FN_libARSPM_004EC13C,0x4EC13C,sub_4EC13C,,0x4E5AF8;0x4E516C;0x4E516C;0x4E0B1C;0x4ECB10;0x4ECB10
FN_libARSPM_004EC27C,0x4EC27C,sub_4EC27C,,0x1D93F8
FN_libARSPM_004EC2A4,0x4EC2A4,sub_4EC2A4,,0x1D93F8;0x4E0988
FN_libARSPM_004EC2E0,0x4EC2E0,sub_4EC2E0,0x136D10;0x136DB8;0x146AC0;0x146B94;0x148058;0x148194;0x148298;0x14838C;0x14857C;0x1486EC,
FN_libARSPM_004EC3AC,0x4EC3AC,sub_4EC3AC,0x4EC95C,
FN_libARSPM_004EC95C,0x4EC95C,sub_4EC95C,,0x4EC3AC
FN_libARSPM_004EC9E0,0x4EC9E0,sub_4EC9E0,0x1A078C;0x1A084C;0x1A0904;0x1A09C4;0x1A0B9C;0x1A0C70,
FN_libARSPM_004ECA20,0x4ECA20,sub_4ECA20,0x263C64;0x263DE0;0x264710;0x2FCC88;0x2FCD34;0x2FCDEC;0x311490;0x31156C;0x31189C;0x311970,
FN_libARSPM_004ECA50,0x4ECA50,sub_4ECA50,0x1A078C;0x1A084C;0x1A0904;0x1A0B9C;0x1A0C70;0x2D2058,
FN_libARSPM_004ECA80,0x4ECA80,sub_4ECA80,0x12D004;0x12D004;0x12EB1C;0x12EDB4;0x12F6E0;0x12F6E0;0x131A10;0x131D74;0x131D74;0x132218,
FN_libARSPM_004ECAB0,0x4ECAB0,sub_4ECAB0,0x136A58;0x136BB0;0x161824;0x1619F4;0x161E78;0x161EEC;0x19A5A4;0x19A7A4;0x19A8A4;0x1A12FC,
FN_libARSPM_004ECAE0,0x4ECAE0,sub_4ECAE0,0x136A58;0x136BB0;0x136BB0;0x161824;0x1619F4;0x161E78;0x161EEC;0x19A5A4;0x19A7A4;0x19A8A4,
FN_libARSPM_004ECB10,0x4ECB10,sub_4ECB10,0x12CF04;0x12D004;0x12FB18;0x12FB60;0x12FBA8;0x12FBF0;0x12FFDC;0x130024;0x13006C;0x1300B4,
FN_libARSPM_004ECB40,0x4ECB40,sub_4ECB40,0x268AC0;0x269010;0x269398;0x2697A0;0x2697A0;0x269BA8;0x26F4DC;0x26F4DC;0x26F4DC;0x26F4DC,
FN_libARSPM_004ECB70,0x4ECB70,sub_4ECB70,0x12CB40;0x12EF70;0x131380;0x1313DC;0x1317CC;0x131828;0x26852C;0x268600;0x268768;0x268AC0,
FN_libARSPM_004ECBA0,0x4ECBA0,sub_4ECBA0,0x4ECCD8,0x4ECE4C;0x4ECF70;0x4ECF70;0x4ECEF4;0x4ECF84;0x4ECFC4
FN_libARSPM_004ECCD4,0x4ECCD4,sub_4ECCD4,0x12CB00;0x12CB40;0x12CC60;0x12CF4C;0x12D004;0x12D3AC;0x12D4A4;0x12D630;0x12E850;0x12E948,
FN_libARSPM_004ECCD8,0x4ECCD8,sub_4ECCD8,,0x4F08F8;0x4ECBA0;0x4ECD58
FN_libARSPM_004ECD58,0x4ECD58,sub_4ECD58,0x4ECCD8,0x4ECE4C;0x4ECF70;0x4ECF70;0x4ECF84;0x4ECFC4
FN_libARSPM_004ECE4C,0x4ECE4C,sub_4ECE4C,0x4ECBA0;0x4ECD58,
FN_libARSPM_004ECE50,0x4ECE50,sub_4ECE50,,0x4ED814
FN_libARSPM_004ECEF4,0x4ECEF4,sub_4ECEF4,0x4ECBA0,
FN_libARSPM_004ECF70,0x4ECF70,sub_4ECF70,0x4ECBA0;0x4ECBA0;0x4ECD58;0x4ECD58,
FN_libARSPM_004ECF84,0x4ECF84,sub_4ECF84,0x4ECBA0;0x4ECD58,
FN_libARSPM_004ECFC4,0x4ECFC4,sub_4ECFC4,0x4ECBA0;0x4ECD58,
FN_libARSPM_004ECFEC,0x4ECFEC,sub_4ECFEC,0x4ED818;0x4EDBC4;0x4F05D4,
FN_libARSPM_004ECFF0,0x4ECFF0,sub_4ECFF0,,0x4ED17C;0x4EEFD4;0x4EEFD4;0x4EF360;0x4EEFD4;0x4EEFD4
FN_libARSPM_004ED17C,0x4ED17C,sub_4ED17C,0x4ECFF0;0x4F040C,0x4EF360;0x4EF360;0x4EF360;0x4EEFD4
FN_libARSPM_004ED6B4,0x4ED6B4,sub_4ED6B4,,0x4EDAA0;0x4EDBC0
FN_libARSPM_004ED814,0x4ED814,sub_4ED814,0x4ECE50,
FN_libARSPM_004ED818,0x4ED818,sub_4ED818,,0x4EFEE4;0x4ECFEC;0x4EE048
FN_libARSPM_004EDAA0,0x4EDAA0,sub_4EDAA0,0x4ED6B4,
FN_libARSPM_004EDBC0,0x4EDBC0,sub_4EDBC0,0x4ED6B4,
FN_libARSPM_004EDBC4,0x4EDBC4,sub_4EDBC4,,0x4ECFEC;0x4EE048;0x4EEC90;0x4EEDC4;0x4EF528;0x4EEDC4;0x4EEDC4;0x4EEDC4
FN_libARSPM_004EE048,0x4EE048,sub_4EE048,0x4ED818;0x4EDBC4;0x4EFEE8,
FN_libARSPM_004EE04C,0x4EE04C,sub_4EE04C,,0x4EEFD4;0x4EF360;0x4EF360;0x4EF360;0x4EF360;0x4EF360;0x4EF360;0x4EF360;0x4EF360;0x4EF360
FN_libARSPM_004EEC90,0x4EEC90,sub_4EEC90,0x4EDBC4,
FN_libARSPM_004EEDC4,0x4EEDC4,sub_4EEDC4,0x4EDBC4;0x4EDBC4;0x4EDBC4;0x4EDBC4,
FN_libARSPM_004EEDC8,0x4EEDC8,sub_4EEDC8,,0x4EF528
FN_libARSPM_004EEFD4,0x4EEFD4,sub_4EEFD4,0x4ECFF0;0x4ECFF0;0x4ECFF0;0x4ECFF0;0x4ED17C;0x4EE04C;0x4F02F0;0x4F02F0;0x4F040C;0x4F040C,
FN_libARSPM_004EEFD8,0x4EEFD8,sub_4EEFD8,,0x4EF360
FN_libARSPM_004EF360,0x4EF360,sub_4EF360,0x4ECFF0;0x4ED17C;0x4ED17C;0x4ED17C;0x4EE04C;0x4EE04C;0x4EE04C;0x4EE04C;0x4EE04C;0x4EE04C,
FN_libARSPM_004EF528,0x4EF528,sub_4EF528,0x4EDBC4;0x4EEDC8,
FN_libARSPM_004EF52C,0x4EF52C,sub_4EF52C,,0x4EF360;0x4EF360;0x4EF360;0x4EF360;0x4EF360
FN_libARSPM_004EFEE4,0x4EFEE4,sub_4EFEE4,0x4ED818,
FN_libARSPM_004EFEE8,0x4EFEE8,sub_4EFEE8,,0x4F040C;0x4F05D4;0x4F040C;0x4F040C;0x4EE048
FN_libARSPM_004F01B8,0x4F01B8,sub_4F01B8,,0x4F02EC
FN_libARSPM_004F02EC,0x4F02EC,sub_4F02EC,0x4F01B8;0x4F05D4,
FN_libARSPM_004F02F0,0x4F02F0,sub_4F02F0,,0x4EEFD4;0x4EEFD4
FN_libARSPM_004F040C,0x4F040C,sub_4F040C,0x4EFEE8;0x4EFEE8;0x4EFEE8,0x4ED17C;0x4EEFD4;0x4EEFD4;0x4EF360;0x4EEFD4;0x4EEFD4
FN_libARSPM_004F05D4,0x4F05D4,sub_4F05D4,0x4EFEE8,0x4F02EC;0x4F073C;0x4EEFD4;0x4EEFD4;0x4EEFD4;0x4ECFEC
FN_libARSPM_004F073C,0x4F073C,sub_4F073C,0x4F05D4,
FN_libARSPM_004F08F8,0x4F08F8,sub_4F08F8,0x4ECCD8,
