LIBRARY,CALLER_FUNC_ID,CALLER_RVA,CALLEE_FUNC_ID,CALLEE_RVA,CALL_TYPE
libkoom-strip-dump.so,libkoom-strip-dump::0x37c10,0x37c10,libkoom-strip-dump::0x8130c,0x8130c,DIRECT_BL
libkoom-strip-dump.so,libkoom-strip-dump::0x37c9c,0x37c9c,libkoom-strip-dump::0x37d9c,0x37d9c,DIRECT_BL
libkoom-strip-dump.so,libkoom-strip-dump::0x37cc8,0x37cc8,libkoom-strip-dump::0x37d9c,0x37d9c,DIRECT_BL
libkoom-strip-dump.so,libkoom-strip-dump::0x37cc8,0x37cc8,libkoom-strip-dump::0x37d9c,0x37d9c,DIRECT_BL
libkoom-strip-dump.so,libkoom-strip-dump::0x37cc8,0x37cc8,libkoom-strip-dump::0x8130c,0x8130c,DIRECT_BL
libkoom-strip-dump.so,libkoom-strip-dump::0x37da8,0x37da8,libkoom-strip-dump::0x38370,0x38370,DIRECT_BL
libkoom-strip-dump.so,libkoom-strip-dump::0x37da8,0x37da8,libkoom-strip-dump::0x38320,0x38320,DIRECT_BL
libkoom-strip-dump.so,libkoom-strip-dump::0x37da8,0x37da8,libkoom-strip-dump::0x38320,0x38320,DIRECT_BL
libkoom-strip-dump.so,libkoom-strip-dump::0x37da8,0x37da8,libkoom-strip-dump::0x38318,0x38318,DIRECT_BL
libkoom-strip-dump.so,libkoom-strip-dump::0x37da8,0x37da8,libkoom-strip-dump::0x382f0,0x382f0,DIRECT_BL
libkoom-strip-dump.so,libkoom-strip-dump::0x37da8,0x37da8,libkoom-strip-dump::0x38318,0x38318,DIRECT_BL
libkoom-strip-dump.so,libkoom-strip-dump::0x37da8,0x37da8,libkoom-strip-dump::0x38348,0x38348,DIRECT_BL
libkoom-strip-dump.so,libkoom-strip-dump::0x37da8,0x37da8,libkoom-strip-dump::0x38358,0x38358,DIRECT_BL
libkoom-strip-dump.so,libkoom-strip-dump::0x37da8,0x37da8,libkoom-strip-dump::0x37d9c,0x37d9c,DIRECT_BL
libkoom-strip-dump.so,libkoom-strip-dump::0x37da8,0x37da8,libkoom-strip-dump::0x38358,0x38358,DIRECT_BL
libkoom-strip-dump.so,libkoom-strip-dump::0x37da8,0x37da8,libkoom-strip-dump::0x37d9c,0x37d9c,DIRECT_BL
libkoom-strip-dump.so,libkoom-strip-dump::0x37da8,0x37da8,libkoom-strip-dump::0x38320,0x38320,DIRECT_BL
libkoom-strip-dump.so,libkoom-strip-dump::0x37da8,0x37da8,libkoom-strip-dump::0x38320,0x38320,DIRECT_BL
libkoom-strip-dump.so,libkoom-strip-dump::0x37da8,0x37da8,libkoom-strip-dump::0x38320,0x38320,DIRECT_BL
libkoom-strip-dump.so,libkoom-strip-dump::0x37da8,0x37da8,libkoom-strip-dump::0x38320,0x38320,DIRECT_BL
libkoom-strip-dump.so,libkoom-strip-dump::0x37da8,0x37da8,libkoom-strip-dump::0x38320,0x38320,DIRECT_BL
libkoom-strip-dump.so,libkoom-strip-dump::0x37da8,0x37da8,libkoom-strip-dump::0x38320,0x38320,DIRECT_BL
libkoom-strip-dump.so,libkoom-strip-dump::0x37da8,0x37da8,libkoom-strip-dump::0x38320,0x38320,DIRECT_BL
libkoom-strip-dump.so,libkoom-strip-dump::0x37da8,0x37da8,libkoom-strip-dump::0x38318,0x38318,DIRECT_BL
libkoom-strip-dump.so,libkoom-strip-dump::0x37da8,0x37da8,libkoom-strip-dump::0x382f0,0x382f0,DIRECT_BL
libkoom-strip-dump.so,libkoom-strip-dump::0x37da8,0x37da8,libkoom-strip-dump::0x38348,0x38348,DIRECT_BL
libkoom-strip-dump.so,libkoom-strip-dump::0x37da8,0x37da8,libkoom-strip-dump::0x38318,0x38318,DIRECT_BL
libkoom-strip-dump.so,libkoom-strip-dump::0x37da8,0x37da8,libkoom-strip-dump::0x382f0,0x382f0,DIRECT_BL
libkoom-strip-dump.so,libkoom-strip-dump::0x37da8,0x37da8,libkoom-strip-dump::0x38318,0x38318,DIRECT_BL
libkoom-strip-dump.so,libkoom-strip-dump::0x37da8,0x37da8,libkoom-strip-dump::0x382f0,0x382f0,DIRECT_BL
libkoom-strip-dump.so,libkoom-strip-dump::0x37da8,0x37da8,libkoom-strip-dump::0x38318,0x38318,DIRECT_BL
libkoom-strip-dump.so,libkoom-strip-dump::0x37da8,0x37da8,libkoom-strip-dump::0x382f0,0x382f0,DIRECT_BL
libkoom-strip-dump.so,libkoom-strip-dump::0x37da8,0x37da8,libkoom-strip-dump::0x38318,0x38318,DIRECT_BL
libkoom-strip-dump.so,libkoom-strip-dump::0x37da8,0x37da8,libkoom-strip-dump::0x382f0,0x382f0,DIRECT_BL
libkoom-strip-dump.so,libkoom-strip-dump::0x37da8,0x37da8,libkoom-strip-dump::0x38318,0x38318,DIRECT_BL
libkoom-strip-dump.so,libkoom-strip-dump::0x37da8,0x37da8,libkoom-strip-dump::0x382f0,0x382f0,DIRECT_BL
libkoom-strip-dump.so,libkoom-strip-dump::0x37da8,0x37da8,libkoom-strip-dump::0x38318,0x38318,DIRECT_BL
libkoom-strip-dump.so,libkoom-strip-dump::0x37da8,0x37da8,libkoom-strip-dump::0x382f0,0x382f0,DIRECT_BL
libkoom-strip-dump.so,libkoom-strip-dump::0x37da8,0x37da8,libkoom-strip-dump::0x38318,0x38318,DIRECT_BL
libkoom-strip-dump.so,libkoom-strip-dump::0x37da8,0x37da8,libkoom-strip-dump::0x382f0,0x382f0,DIRECT_BL
libkoom-strip-dump.so,libkoom-strip-dump::0x37da8,0x37da8,libkoom-strip-dump::0x38348,0x38348,DIRECT_BL
libkoom-strip-dump.so,libkoom-strip-dump::0x380bc,0x380bc,libkoom-strip-dump::0x38318,0x38318,DIRECT_BL
libkoom-strip-dump.so,libkoom-strip-dump::0x380bc,0x380bc,libkoom-strip-dump::0x38328,0x38328,DIRECT_BL
libkoom-strip-dump.so,libkoom-strip-dump::0x381b0,0x381b0,libkoom-strip-dump::0x38370,0x38370,DIRECT_BL
libkoom-strip-dump.so,libkoom-strip-dump::0x381b0,0x381b0,libkoom-strip-dump::0x38318,0x38318,DIRECT_BL
libkoom-strip-dump.so,libkoom-strip-dump::0x381b0,0x381b0,libkoom-strip-dump::0x38328,0x38328,DIRECT_BL
libkoom-strip-dump.so,libkoom-strip-dump::0x381b0,0x381b0,libkoom-strip-dump::0x38348,0x38348,DIRECT_BL
libkoom-strip-dump.so,libkoom-strip-dump::0x383b8,0x383b8,libkoom-strip-dump::0x38ba0,0x38ba0,DIRECT_BL
libkoom-strip-dump.so,libkoom-strip-dump::0x383b8,0x383b8,libkoom-strip-dump::0x38ba0,0x38ba0,DIRECT_BL
libkoom-strip-dump.so,libkoom-strip-dump::0x383b8,0x383b8,libkoom-strip-dump::0x38ba0,0x38ba0,DIRECT_BL
libkoom-strip-dump.so,libkoom-strip-dump::0x383b8,0x383b8,libkoom-strip-dump::0x38ba0,0x38ba0,DIRECT_BL
libkoom-strip-dump.so,libkoom-strip-dump::0x383b8,0x383b8,libkoom-strip-dump::0x38ba0,0x38ba0,DIRECT_BL
libkoom-strip-dump.so,libkoom-strip-dump::0x383b8,0x383b8,libkoom-strip-dump::0x38ba0,0x38ba0,DIRECT_BL
libkoom-strip-dump.so,libkoom-strip-dump::0x38548,0x38548,libkoom-strip-dump::0x38b0c,0x38b0c,DIRECT_BL
libkoom-strip-dump.so,libkoom-strip-dump::0x38548,0x38548,libkoom-strip-dump::0x38b0c,0x38b0c,DIRECT_BL
libkoom-strip-dump.so,libkoom-strip-dump::0x38548,0x38548,libkoom-strip-dump::0x38b0c,0x38b0c,DIRECT_BL
libkoom-strip-dump.so,libkoom-strip-dump::0x38548,0x38548,libkoom-strip-dump::0x38a94,0x38a94,DIRECT_BL
libkoom-strip-dump.so,libkoom-strip-dump::0x38548,0x38548,libkoom-strip-dump::0x38a94,0x38a94,DIRECT_BL
libkoom-strip-dump.so,libkoom-strip-dump::0x389b0,0x389b0,libkoom-strip-dump::0x8130c,0x8130c,DIRECT_BL
libkoom-strip-dump.so,libkoom-strip-dump::0x38a28,0x38a28,libkoom-strip-dump::0x38a80,0x38a80,DIRECT_BL
libkoom-strip-dump.so,libkoom-strip-dump::0x38ce0,0x38ce0,libkoom-strip-dump::0x38dd4,0x38dd4,DIRECT_BL
libkoom-strip-dump.so,libkoom-strip-dump::0x38ce0,0x38ce0,libkoom-strip-dump::0x8130c,0x8130c,DIRECT_BL
libkoom-strip-dump.so,libkoom-strip-dump::0x38d60,0x38d60,libkoom-strip-dump::0x81080,0x81080,DIRECT_BL
libkoom-strip-dump.so,libkoom-strip-dump::0x38d60,0x38d60,libkoom-strip-dump::0x38dd4,0x38dd4,DIRECT_BL
libkoom-strip-dump.so,libkoom-strip-dump::0x38e10,0x38e10,libkoom-strip-dump::0x39a10,0x39a10,DIRECT_BL
libkoom-strip-dump.so,libkoom-strip-dump::0x38e10,0x38e10,libkoom-strip-dump::0x399ec,0x399ec,DIRECT_BL
libkoom-strip-dump.so,libkoom-strip-dump::0x38e10,0x38e10,libkoom-strip-dump::0x399ec,0x399ec,DIRECT_BL
libkoom-strip-dump.so,libkoom-strip-dump::0x38e10,0x38e10,libkoom-strip-dump::0x39a10,0x39a10,DIRECT_BL
libkoom-strip-dump.so,libkoom-strip-dump::0x390b4,0x390b4,libkoom-strip-dump::0x39a30,0x39a30,DIRECT_BL
libkoom-strip-dump.so,libkoom-strip-dump::0x390b4,0x390b4,libkoom-strip-dump::0x395e4,0x395e4,DIRECT_BL
libkoom-strip-dump.so,libkoom-strip-dump::0x390b4,0x390b4,libkoom-strip-dump::0x38dd4,0x38dd4,DIRECT_BL
libkoom-strip-dump.so,libkoom-strip-dump::0x390b4,0x390b4,libkoom-strip-dump::0x39630,0x39630,DIRECT_BL
libkoom-strip-dump.so,libkoom-strip-dump::0x390b4,0x390b4,libkoom-strip-dump::0x38dd4,0x38dd4,DIRECT_BL
libkoom-strip-dump.so,libkoom-strip-dump::0x390b4,0x390b4,libkoom-strip-dump::0x39a28,0x39a28,DIRECT_BL
libkoom-strip-dump.so,libkoom-strip-dump::0x390b4,0x390b4,libkoom-strip-dump::0x38dd4,0x38dd4,DIRECT_BL
libkoom-strip-dump.so,libkoom-strip-dump::0x390b4,0x390b4,libkoom-strip-dump::0x38dd4,0x38dd4,DIRECT_BL
libkoom-strip-dump.so,libkoom-strip-dump::0x390b4,0x390b4,libkoom-strip-dump::0x39630,0x39630,DIRECT_BL
libkoom-strip-dump.so,libkoom-strip-dump::0x390b4,0x390b4,libkoom-strip-dump::0x39a28,0x39a28,DIRECT_BL
libkoom-strip-dump.so,libkoom-strip-dump::0x390b4,0x390b4,libkoom-strip-dump::0x39a30,0x39a30,DIRECT_BL
libkoom-strip-dump.so,libkoom-strip-dump::0x390b4,0x390b4,libkoom-strip-dump::0x8130c,0x8130c,DIRECT_BL
libkoom-strip-dump.so,libkoom-strip-dump::0x3941c,0x3941c,libkoom-strip-dump::0x39688,0x39688,DIRECT_BL
libkoom-strip-dump.so,libkoom-strip-dump::0x3941c,0x3941c,libkoom-strip-dump::0x39688,0x39688,DIRECT_BL
libkoom-strip-dump.so,libkoom-strip-dump::0x3941c,0x3941c,libkoom-strip-dump::0x39690,0x39690,DIRECT_BL
libkoom-strip-dump.so,libkoom-strip-dump::0x3941c,0x3941c,libkoom-strip-dump::0x39a28,0x39a28,DIRECT_BL
libkoom-strip-dump.so,libkoom-strip-dump::0x3941c,0x3941c,libkoom-strip-dump::0x39a30,0x39a30,DIRECT_BL
libkoom-strip-dump.so,libkoom-strip-dump::0x3941c,0x3941c,libkoom-strip-dump::0x39a28,0x39a28,DIRECT_BL
libkoom-strip-dump.so,libkoom-strip-dump::0x3941c,0x3941c,libkoom-strip-dump::0x39a30,0x39a30,DIRECT_BL
libkoom-strip-dump.so,libkoom-strip-dump::0x3941c,0x3941c,libkoom-strip-dump::0x8130c,0x8130c,DIRECT_BL
libkoom-strip-dump.so,libkoom-strip-dump::0x395e8,0x395e8,libkoom-strip-dump::0x39754,0x39754,DIRECT_BL
libkoom-strip-dump.so,libkoom-strip-dump::0x39690,0x39690,libkoom-strip-dump::0x396c4,0x396c4,DIRECT_BL
libkoom-strip-dump.so,libkoom-strip-dump::0x39708,0x39708,libkoom-strip-dump::0x810b0,0x810b0,DIRECT_BL
libkoom-strip-dump.so,libkoom-strip-dump::0x39758,0x39758,libkoom-strip-dump::0x399dc,0x399dc,DIRECT_BL
libkoom-strip-dump.so,libkoom-strip-dump::0x39758,0x39758,libkoom-strip-dump::0x399dc,0x399dc,DIRECT_BL
libkoom-strip-dump.so,libkoom-strip-dump::0x39758,0x39758,libkoom-strip-dump::0x8130c,0x8130c,DIRECT_BL
libkoom-strip-dump.so,libkoom-strip-dump::0x397f8,0x397f8,libkoom-strip-dump::0x39870,0x39870,DIRECT_BL
libkoom-strip-dump.so,libkoom-strip-dump::0x39824,0x39824,libkoom-strip-dump::0x8130c,0x8130c,DIRECT_BL
libkoom-strip-dump.so,libkoom-strip-dump::0x39894,0x39894,libkoom-strip-dump::0x398a0,0x398a0,DIRECT_BL
libkoom-strip-dump.so,libkoom-strip-dump::0x3991c,0x3991c,libkoom-strip-dump::0x39690,0x39690,DIRECT_BL
libkoom-strip-dump.so,libkoom-strip-dump::0x39a44,0x39a44,libkoom-strip-dump::0x3af44,0x3af44,DIRECT_BL
libkoom-strip-dump.so,libkoom-strip-dump::0x39ad0,0x39ad0,libkoom-strip-dump::0x3af50,0x3af50,DIRECT_BL
libkoom-strip-dump.so,libkoom-strip-dump::0x39ad0,0x39ad0,libkoom-strip-dump::0x3af44,0x3af44,DIRECT_BL
libkoom-strip-dump.so,libkoom-strip-dump::0x39ad0,0x39ad0,libkoom-strip-dump::0x3af64,0x3af64,DIRECT_BL
libkoom-strip-dump.so,libkoom-strip-dump::0x39ad0,0x39ad0,libkoom-strip-dump::0x3af64,0x3af64,DIRECT_BL
libkoom-strip-dump.so,libkoom-strip-dump::0x39ad0,0x39ad0,libkoom-strip-dump::0x3af44,0x3af44,DIRECT_BL
libkoom-strip-dump.so,libkoom-strip-dump::0x39c74,0x39c74,libkoom-strip-dump::0x39dc4,0x39dc4,DIRECT_BL
libkoom-strip-dump.so,libkoom-strip-dump::0x39c74,0x39c74,libkoom-strip-dump::0x38dd4,0x38dd4,DIRECT_BL
libkoom-strip-dump.so,libkoom-strip-dump::0x39c74,0x39c74,libkoom-strip-dump::0x39e10,0x39e10,DIRECT_BL
libkoom-strip-dump.so,libkoom-strip-dump::0x39c74,0x39c74,libkoom-strip-dump::0x3af44,0x3af44,DIRECT_BL
libkoom-strip-dump.so,libkoom-strip-dump::0x39c74,0x39c74,libkoom-strip-dump::0x38dd4,0x38dd4,DIRECT_BL
libkoom-strip-dump.so,libkoom-strip-dump::0x39c74,0x39c74,libkoom-strip-dump::0x3af44,0x3af44,DIRECT_BL
libkoom-strip-dump.so,libkoom-strip-dump::0x39c74,0x39c74,libkoom-strip-dump::0x38dd4,0x38dd4,DIRECT_BL
libkoom-strip-dump.so,libkoom-strip-dump::0x39c74,0x39c74,libkoom-strip-dump::0x39e10,0x39e10,DIRECT_BL
libkoom-strip-dump.so,libkoom-strip-dump::0x39c74,0x39c74,libkoom-strip-dump::0x38dd4,0x38dd4,DIRECT_BL
libkoom-strip-dump.so,libkoom-strip-dump::0x39c74,0x39c74,libkoom-strip-dump::0x3af44,0x3af44,DIRECT_BL
libkoom-strip-dump.so,libkoom-strip-dump::0x39c74,0x39c74,libkoom-strip-dump::0x3af70,0x3af70,DIRECT_BL
libkoom-strip-dump.so,libkoom-strip-dump::0x39dc8,0x39dc8,libkoom-strip-dump::0x3ab04,0x3ab04,DIRECT_BL
libkoom-strip-dump.so,libkoom-strip-dump::0x39e58,0x39e58,libkoom-strip-dump::0x3af50,0x3af50,DIRECT_BL
libkoom-strip-dump.so,libkoom-strip-dump::0x39e58,0x39e58,libkoom-strip-dump::0x3af44,0x3af44,DIRECT_BL
libkoom-strip-dump.so,libkoom-strip-dump::0x39e58,0x39e58,libkoom-strip-dump::0x3af44,0x3af44,DIRECT_BL
libkoom-strip-dump.so,libkoom-strip-dump::0x39e58,0x39e58,libkoom-strip-dump::0x3af70,0x3af70,DIRECT_BL
libkoom-strip-dump.so,libkoom-strip-dump::0x39fa0,0x39fa0,libkoom-strip-dump::0x3a09c,0x3a09c,DIRECT_BL
libkoom-strip-dump.so,libkoom-strip-dump::0x39fa0,0x39fa0,libkoom-strip-dump::0x38dd4,0x38dd4,DIRECT_BL
libkoom-strip-dump.so,libkoom-strip-dump::0x39fa0,0x39fa0,libkoom-strip-dump::0x39e10,0x39e10,DIRECT_BL
libkoom-strip-dump.so,libkoom-strip-dump::0x39fa0,0x39fa0,libkoom-strip-dump::0x38dd4,0x38dd4,DIRECT_BL
libkoom-strip-dump.so,libkoom-strip-dump::0x39fa0,0x39fa0,libkoom-strip-dump::0x3af44,0x3af44,DIRECT_BL
libkoom-strip-dump.so,libkoom-strip-dump::0x39fa0,0x39fa0,libkoom-strip-dump::0x38dd4,0x38dd4,DIRECT_BL
libkoom-strip-dump.so,libkoom-strip-dump::0x39fa0,0x39fa0,libkoom-strip-dump::0x39e10,0x39e10,DIRECT_BL
libkoom-strip-dump.so,libkoom-strip-dump::0x39fa0,0x39fa0,libkoom-strip-dump::0x38dd4,0x38dd4,DIRECT_BL
libkoom-strip-dump.so,libkoom-strip-dump::0x39fa0,0x39fa0,libkoom-strip-dump::0x3af44,0x3af44,DIRECT_BL
libkoom-strip-dump.so,libkoom-strip-dump::0x39fa0,0x39fa0,libkoom-strip-dump::0x3af70,0x3af70,DIRECT_BL
libkoom-strip-dump.so,libkoom-strip-dump::0x3a0a0,0x3a0a0,libkoom-strip-dump::0x3ae54,0x3ae54,DIRECT_BL
libkoom-strip-dump.so,libkoom-strip-dump::0x3a120,0x3a120,libkoom-strip-dump::0x8130c,0x8130c,DIRECT_BL
libkoom-strip-dump.so,libkoom-strip-dump::0x3a204,0x3a204,libkoom-strip-dump::0x3a578,0x3a578,DIRECT_BL
libkoom-strip-dump.so,libkoom-strip-dump::0x3a204,0x3a204,libkoom-strip-dump::0x39690,0x39690,DIRECT_BL
libkoom-strip-dump.so,libkoom-strip-dump::0x3a204,0x3a204,libkoom-strip-dump::0x3a894,0x3a894,DIRECT_BL
libkoom-strip-dump.so,libkoom-strip-dump::0x3a204,0x3a204,libkoom-strip-dump::0x3a894,0x3a894,DIRECT_BL
libkoom-strip-dump.so,libkoom-strip-dump::0x3a204,0x3a204,libkoom-strip-dump::0x8130c,0x8130c,DIRECT_BL
libkoom-strip-dump.so,libkoom-strip-dump::0x3a57c,0x3a57c,libkoom-strip-dump::0x3a8e0,0x3a8e0,DIRECT_BL
libkoom-strip-dump.so,libkoom-strip-dump::0x3a57c,0x3a57c,libkoom-strip-dump::0x3a91c,0x3a91c,DIRECT_BL
libkoom-strip-dump.so,libkoom-strip-dump::0x3a57c,0x3a57c,libkoom-strip-dump::0x3a93c,0x3a93c,DIRECT_BL
libkoom-strip-dump.so,libkoom-strip-dump::0x3a57c,0x3a57c,libkoom-strip-dump::0x3a93c,0x3a93c,DIRECT_BL
libkoom-strip-dump.so,libkoom-strip-dump::0x3a57c,0x3a57c,libkoom-strip-dump::0x8130c,0x8130c,DIRECT_BL
libkoom-strip-dump.so,libkoom-strip-dump::0x3a898,0x3a898,libkoom-strip-dump::0x3aa18,0x3aa18,DIRECT_BL
libkoom-strip-dump.so,libkoom-strip-dump::0x3a8e0,0x3a8e0,libkoom-strip-dump::0x3a960,0x3a960,DIRECT_BL
libkoom-strip-dump.so,libkoom-strip-dump::0x3a8e0,0x3a8e0,libkoom-strip-dump::0x3a94c,0x3a94c,DIRECT_BL
libkoom-strip-dump.so,libkoom-strip-dump::0x3a94c,0x3a94c,libkoom-strip-dump::0x3a998,0x3a998,DIRECT_BL
libkoom-strip-dump.so,libkoom-strip-dump::0x3a998,0x3a998,libkoom-strip-dump::0x3a9e8,0x3a9e8,DIRECT_BL
libkoom-strip-dump.so,libkoom-strip-dump::0x3a998,0x3a998,libkoom-strip-dump::0x8130c,0x8130c,DIRECT_BL
libkoom-strip-dump.so,libkoom-strip-dump::0x3ab08,0x3ab08,libkoom-strip-dump::0x3ae44,0x3ae44,DIRECT_BL
libkoom-strip-dump.so,libkoom-strip-dump::0x3ab08,0x3ab08,libkoom-strip-dump::0x3ae44,0x3ae44,DIRECT_BL
libkoom-strip-dump.so,libkoom-strip-dump::0x3ab08,0x3ab08,libkoom-strip-dump::0x8130c,0x8130c,DIRECT_BL
libkoom-strip-dump.so,libkoom-strip-dump::0x3aba8,0x3aba8,libkoom-strip-dump::0x3ac20,0x3ac20,DIRECT_BL
libkoom-strip-dump.so,libkoom-strip-dump::0x3abd4,0x3abd4,libkoom-strip-dump::0x8130c,0x8130c,DIRECT_BL
libkoom-strip-dump.so,libkoom-strip-dump::0x3ac44,0x3ac44,libkoom-strip-dump::0x398a0,0x398a0,DIRECT_BL
libkoom-strip-dump.so,libkoom-strip-dump::0x3ada0,0x3ada0,libkoom-strip-dump::0x3a988,0x3a988,DIRECT_BL
libkoom-strip-dump.so,libkoom-strip-dump::0x3ae58,0x3ae58,libkoom-strip-dump::0x3ae44,0x3ae44,DIRECT_BL
libkoom-strip-dump.so,libkoom-strip-dump::0x3ae58,0x3ae58,libkoom-strip-dump::0x3ae44,0x3ae44,DIRECT_BL
libkoom-strip-dump.so,libkoom-strip-dump::0x3ae58,0x3ae58,libkoom-strip-dump::0x8130c,0x8130c,DIRECT_BL
libkoom-strip-dump.so,libkoom-strip-dump::0x3aef8,0x3aef8,libkoom-strip-dump::0x8130c,0x8130c,DIRECT_BL
libkoom-strip-dump.so,libkoom-strip-dump::0x3afb0,0x3afb0,libkoom-strip-dump::0x3d4e4,0x3d4e4,DIRECT_BL
libkoom-strip-dump.so,libkoom-strip-dump::0x3afb0,0x3afb0,libkoom-strip-dump::0x3d508,0x3d508,DIRECT_BL
libkoom-strip-dump.so,libkoom-strip-dump::0x3afd4,0x3afd4,libkoom-strip-dump::0x3d4e4,0x3d4e4,DIRECT_BL
libkoom-strip-dump.so,libkoom-strip-dump::0x3afd4,0x3afd4,libkoom-strip-dump::0x3d508,0x3d508,DIRECT_BL
libkoom-strip-dump.so,libkoom-strip-dump::0x3b030,0x3b030,libkoom-strip-dump::0x3d49c,0x3d49c,DIRECT_BL
libkoom-strip-dump.so,libkoom-strip-dump::0x3b030,0x3b030,libkoom-strip-dump::0x3d49c,0x3d49c,DIRECT_BL
libkoom-strip-dump.so,libkoom-strip-dump::0x3b030,0x3b030,libkoom-strip-dump::0x3d49c,0x3d49c,DIRECT_BL
libkoom-strip-dump.so,libkoom-strip-dump::0x3b030,0x3b030,libkoom-strip-dump::0x3d49c,0x3d49c,DIRECT_BL
libkoom-strip-dump.so,libkoom-strip-dump::0x3b030,0x3b030,libkoom-strip-dump::0x3d49c,0x3d49c,DIRECT_BL
libkoom-strip-dump.so,libkoom-strip-dump::0x3b030,0x3b030,libkoom-strip-dump::0x3d49c,0x3d49c,DIRECT_BL
libkoom-strip-dump.so,libkoom-strip-dump::0x3b030,0x3b030,libkoom-strip-dump::0x3d5a0,0x3d5a0,DIRECT_BL
libkoom-strip-dump.so,libkoom-strip-dump::0x3b030,0x3b030,libkoom-strip-dump::0x3d5a0,0x3d5a0,DIRECT_BL
libkoom-strip-dump.so,libkoom-strip-dump::0x3b030,0x3b030,libkoom-strip-dump::0x3b100,0x3b100,DIRECT_BL
libkoom-strip-dump.so,libkoom-strip-dump::0x3b100,0x3b100,libkoom-strip-dump::0x3d49c,0x3d49c,DIRECT_BL
libkoom-strip-dump.so,libkoom-strip-dump::0x3b100,0x3b100,libkoom-strip-dump::0x3d5a0,0x3d5a0,DIRECT_BL
libkoom-strip-dump.so,libkoom-strip-dump::0x3b100,0x3b100,libkoom-strip-dump::0x3d49c,0x3d49c,DIRECT_BL
libkoom-strip-dump.so,libkoom-strip-dump::0x3b100,0x3b100,libkoom-strip-dump::0x3d49c,0x3d49c,DIRECT_BL
libkoom-strip-dump.so,libkoom-strip-dump::0x3b100,0x3b100,libkoom-strip-dump::0x3d49c,0x3d49c,DIRECT_BL
libkoom-strip-dump.so,libkoom-strip-dump::0x3b100,0x3b100,libkoom-strip-dump::0x3d49c,0x3d49c,DIRECT_BL
libkoom-strip-dump.so,libkoom-strip-dump::0x3b100,0x3b100,libkoom-strip-dump::0x3d49c,0x3d49c,DIRECT_BL
libkoom-strip-dump.so,libkoom-strip-dump::0x3b100,0x3b100,libkoom-strip-dump::0x3d49c,0x3d49c,DIRECT_BL
libkoom-strip-dump.so,libkoom-strip-dump::0x3b190,0x3b190,libkoom-strip-dump::0x3d4dc,0x3d4dc,DIRECT_BL
libkoom-strip-dump.so,libkoom-strip-dump::0x3b190,0x3b190,libkoom-strip-dump::0x3d4dc,0x3d4dc,DIRECT_BL
libkoom-strip-dump.so,libkoom-strip-dump::0x3b190,0x3b190,libkoom-strip-dump::0x3b4fc,0x3b4fc,DIRECT_BL
libkoom-strip-dump.so,libkoom-strip-dump::0x3b190,0x3b190,libkoom-strip-dump::0x3b4fc,0x3b4fc,DIRECT_BL
libkoom-strip-dump.so,libkoom-strip-dump::0x3b190,0x3b190,libkoom-strip-dump::0x3b4fc,0x3b4fc,DIRECT_BL
libkoom-strip-dump.so,libkoom-strip-dump::0x3b190,0x3b190,libkoom-strip-dump::0x3b4fc,0x3b4fc,DIRECT_BL
libkoom-strip-dump.so,libkoom-strip-dump::0x3b190,0x3b190,libkoom-strip-dump::0x3d4c8,0x3d4c8,DIRECT_BL
libkoom-strip-dump.so,libkoom-strip-dump::0x3b190,0x3b190,libkoom-strip-dump::0x3d4dc,0x3d4dc,DIRECT_BL
libkoom-strip-dump.so,libkoom-strip-dump::0x3b500,0x3b500,libkoom-strip-dump::0x3c46c,0x3c46c,DIRECT_BL
libkoom-strip-dump.so,libkoom-strip-dump::0x3b500,0x3b500,libkoom-strip-dump::0x3d54c,0x3d54c,DIRECT_BL
libkoom-strip-dump.so,libkoom-strip-dump::0x3b5c0,0x3b5c0,libkoom-strip-dump::0x3d5d4,0x3d5d4,DIRECT_BL
libkoom-strip-dump.so,libkoom-strip-dump::0x3b5c0,0x3b5c0,libkoom-strip-dump::0x3c550,0x3c550,DIRECT_BL
libkoom-strip-dump.so,libkoom-strip-dump::0x3b5c0,0x3b5c0,libkoom-strip-dump::0x3b100,0x3b100,DIRECT_BL
libkoom-strip-dump.so,libkoom-strip-dump::0x3b5c0,0x3b5c0,libkoom-strip-dump::0x3d534,0x3d534,DIRECT_BL
libkoom-strip-dump.so,libkoom-strip-dump::0x3b5c0,0x3b5c0,libkoom-strip-dump::0x3d534,0x3d534,DIRECT_BL
libkoom-strip-dump.so,libkoom-strip-dump::0x3b5c0,0x3b5c0,libkoom-strip-dump::0x3d5d4,0x3d5d4,DIRECT_BL
libkoom-strip-dump.so,libkoom-strip-dump::0x3b5c0,0x3b5c0,libkoom-strip-dump::0x3d5d4,0x3d5d4,DIRECT_BL
libkoom-strip-dump.so,libkoom-strip-dump::0x3b8c8,0x3b8c8,libkoom-strip-dump::0x3d534,0x3d534,DIRECT_BL
libkoom-strip-dump.so,libkoom-strip-dump::0x3b8c8,0x3b8c8,libkoom-strip-dump::0x3d534,0x3d534,DIRECT_BL
libkoom-strip-dump.so,libkoom-strip-dump::0x3b8c8,0x3b8c8,libkoom-strip-dump::0x3d56c,0x3d56c,DIRECT_BL
libkoom-strip-dump.so,libkoom-strip-dump::0x3b8c8,0x3b8c8,libkoom-strip-dump::0x3d0d8,0x3d0d8,DIRECT_BL
libkoom-strip-dump.so,libkoom-strip-dump::0x3b938,0x3b938,libkoom-strip-dump::0x3d5d4,0x3d5d4,DIRECT_BL
libkoom-strip-dump.so,libkoom-strip-dump::0x3b938,0x3b938,libkoom-strip-dump::0x3c550,0x3c550,DIRECT_BL
libkoom-strip-dump.so,libkoom-strip-dump::0x3b938,0x3b938,libkoom-strip-dump::0x3b100,0x3b100,DIRECT_BL
libkoom-strip-dump.so,libkoom-strip-dump::0x3b938,0x3b938,libkoom-strip-dump::0x3d5d4,0x3d5d4,DIRECT_BL
libkoom-strip-dump.so,libkoom-strip-dump::0x3b938,0x3b938,libkoom-strip-dump::0x3c6c8,0x3c6c8,DIRECT_BL
libkoom-strip-dump.so,libkoom-strip-dump::0x3b938,0x3b938,libkoom-strip-dump::0x3d5d4,0x3d5d4,DIRECT_BL
libkoom-strip-dump.so,libkoom-strip-dump::0x3b938,0x3b938,libkoom-strip-dump::0x3b4fc,0x3b4fc,DIRECT_BL
libkoom-strip-dump.so,libkoom-strip-dump::0x3b938,0x3b938,libkoom-strip-dump::0x3c46c,0x3c46c,DIRECT_BL
libkoom-strip-dump.so,libkoom-strip-dump::0x3b938,0x3b938,libkoom-strip-dump::0x3c46c,0x3c46c,DIRECT_BL
libkoom-strip-dump.so,libkoom-strip-dump::0x3b938,0x3b938,libkoom-strip-dump::0x3d148,0x3d148,DIRECT_BL
libkoom-strip-dump.so,libkoom-strip-dump::0x3b938,0x3b938,libkoom-strip-dump::0x3b4fc,0x3b4fc,DIRECT_BL
libkoom-strip-dump.so,libkoom-strip-dump::0x3b938,0x3b938,libkoom-strip-dump::0x3d33c,0x3d33c,DIRECT_BL
libkoom-strip-dump.so,libkoom-strip-dump::0x3b938,0x3b938,libkoom-strip-dump::0x3d184,0x3d184,DIRECT_BL
libkoom-strip-dump.so,libkoom-strip-dump::0x3b938,0x3b938,libkoom-strip-dump::0x3b4fc,0x3b4fc,DIRECT_BL
libkoom-strip-dump.so,libkoom-strip-dump::0x3b938,0x3b938,libkoom-strip-dump::0x3d280,0x3d280,DIRECT_BL
libkoom-strip-dump.so,libkoom-strip-dump::0x3b938,0x3b938,libkoom-strip-dump::0x3d56c,0x3d56c,DIRECT_BL
libkoom-strip-dump.so,libkoom-strip-dump::0x3b938,0x3b938,libkoom-strip-dump::0x3d0d8,0x3d0d8,DIRECT_BL
libkoom-strip-dump.so,libkoom-strip-dump::0x3b938,0x3b938,libkoom-strip-dump::0x3d5c8,0x3d5c8,DIRECT_BL
libkoom-strip-dump.so,libkoom-strip-dump::0x3b938,0x3b938,libkoom-strip-dump::0x3d5c8,0x3d5c8,DIRECT_BL
libkoom-strip-dump.so,libkoom-strip-dump::0x3b938,0x3b938,libkoom-strip-dump::0x3d53c,0x3d53c,DIRECT_BL
libkoom-strip-dump.so,libkoom-strip-dump::0x3b938,0x3b938,libkoom-strip-dump::0x3c46c,0x3c46c,DIRECT_BL
libkoom-strip-dump.so,libkoom-strip-dump::0x3b938,0x3b938,libkoom-strip-dump::0x3d4a4,0x3d4a4,DIRECT_BL
libkoom-strip-dump.so,libkoom-strip-dump::0x3b938,0x3b938,libkoom-strip-dump::0x3d578,0x3d578,DIRECT_BL
libkoom-strip-dump.so,libkoom-strip-dump::0x3b938,0x3b938,libkoom-strip-dump::0x3d4a4,0x3d4a4,DIRECT_BL
libkoom-strip-dump.so,libkoom-strip-dump::0x3b938,0x3b938,libkoom-strip-dump::0x3d578,0x3d578,DIRECT_BL
libkoom-strip-dump.so,libkoom-strip-dump::0x3c210,0x3c210,libkoom-strip-dump::0x3d53c,0x3d53c,DIRECT_BL
libkoom-strip-dump.so,libkoom-strip-dump::0x3c274,0x3c274,libkoom-strip-dump::0x3d51c,0x3d51c,DIRECT_BL
libkoom-strip-dump.so,libkoom-strip-dump::0x3c554,0x3c554,libkoom-strip-dump::0x3c6c8,0x3c6c8,DIRECT_BL
libkoom-strip-dump.so,libkoom-strip-dump::0x3c6cc,0x3c6cc,libkoom-strip-dump::0x3c46c,0x3c46c,DIRECT_BL
libkoom-strip-dump.so,libkoom-strip-dump::0x3c738,0x3c738,libkoom-strip-dump::0x3c46c,0x3c46c,DIRECT_BL
libkoom-strip-dump.so,libkoom-strip-dump::0x3c738,0x3c738,libkoom-strip-dump::0x3b4fc,0x3b4fc,DIRECT_BL
libkoom-strip-dump.so,libkoom-strip-dump::0x3c738,0x3c738,libkoom-strip-dump::0x3cfc4,0x3cfc4,DIRECT_BL
libkoom-strip-dump.so,libkoom-strip-dump::0x3c738,0x3c738,libkoom-strip-dump::0x3c46c,0x3c46c,DIRECT_BL
libkoom-strip-dump.so,libkoom-strip-dump::0x3c738,0x3c738,libkoom-strip-dump::0x3d4fc,0x3d4fc,DIRECT_BL
libkoom-strip-dump.so,libkoom-strip-dump::0x3c738,0x3c738,libkoom-strip-dump::0x3d5a8,0x3d5a8,DIRECT_BL
libkoom-strip-dump.so,libkoom-strip-dump::0x3c738,0x3c738,libkoom-strip-dump::0x3d048,0x3d048,DIRECT_BL
libkoom-strip-dump.so,libkoom-strip-dump::0x3c738,0x3c738,libkoom-strip-dump::0x3d58c,0x3d58c,DIRECT_BL
libkoom-strip-dump.so,libkoom-strip-dump::0x3c738,0x3c738,libkoom-strip-dump::0x3cfc4,0x3cfc4,DIRECT_BL
libkoom-strip-dump.so,libkoom-strip-dump::0x3c738,0x3c738,libkoom-strip-dump::0x3d4dc,0x3d4dc,DIRECT_BL
libkoom-strip-dump.so,libkoom-strip-dump::0x3c738,0x3c738,libkoom-strip-dump::0x3d4dc,0x3d4dc,DIRECT_BL
libkoom-strip-dump.so,libkoom-strip-dump::0x3c738,0x3c738,libkoom-strip-dump::0x3b4fc,0x3b4fc,DIRECT_BL
libkoom-strip-dump.so,libkoom-strip-dump::0x3c738,0x3c738,libkoom-strip-dump::0x3b4fc,0x3b4fc,DIRECT_BL
libkoom-strip-dump.so,libkoom-strip-dump::0x3c738,0x3c738,libkoom-strip-dump::0x3d5b0,0x3d5b0,DIRECT_BL
libkoom-strip-dump.so,libkoom-strip-dump::0x3c738,0x3c738,libkoom-strip-dump::0x3d5b0,0x3d5b0,DIRECT_BL
libkoom-strip-dump.so,libkoom-strip-dump::0x3c738,0x3c738,libkoom-strip-dump::0x3d5bc,0x3d5bc,DIRECT_BL
libkoom-strip-dump.so,libkoom-strip-dump::0x3c738,0x3c738,libkoom-strip-dump::0x3b4fc,0x3b4fc,DIRECT_BL
libkoom-strip-dump.so,libkoom-strip-dump::0x3c738,0x3c738,libkoom-strip-dump::0x3d4c8,0x3d4c8,DIRECT_BL
libkoom-strip-dump.so,libkoom-strip-dump::0x3c738,0x3c738,libkoom-strip-dump::0x3d5bc,0x3d5bc,DIRECT_BL
libkoom-strip-dump.so,libkoom-strip-dump::0x3c738,0x3c738,libkoom-strip-dump::0x3d4c8,0x3d4c8,DIRECT_BL
libkoom-strip-dump.so,libkoom-strip-dump::0x3c738,0x3c738,libkoom-strip-dump::0x3cfc4,0x3cfc4,DIRECT_BL
libkoom-strip-dump.so,libkoom-strip-dump::0x3c738,0x3c738,libkoom-strip-dump::0x3c46c,0x3c46c,DIRECT_BL
libkoom-strip-dump.so,libkoom-strip-dump::0x3c738,0x3c738,libkoom-strip-dump::0x3c46c,0x3c46c,DIRECT_BL
libkoom-strip-dump.so,libkoom-strip-dump::0x3c738,0x3c738,libkoom-strip-dump::0x3d0d8,0x3d0d8,DIRECT_BL
libkoom-strip-dump.so,libkoom-strip-dump::0x3c738,0x3c738,libkoom-strip-dump::0x3d184,0x3d184,DIRECT_BL
libkoom-strip-dump.so,libkoom-strip-dump::0x3c738,0x3c738,libkoom-strip-dump::0x3d280,0x3d280,DIRECT_BL
libkoom-strip-dump.so,libkoom-strip-dump::0x3c738,0x3c738,libkoom-strip-dump::0x3c46c,0x3c46c,DIRECT_BL
libkoom-strip-dump.so,libkoom-strip-dump::0x3c738,0x3c738,libkoom-strip-dump::0x3d4fc,0x3d4fc,DIRECT_BL
libkoom-strip-dump.so,libkoom-strip-dump::0x3c738,0x3c738,libkoom-strip-dump::0x3d5a8,0x3d5a8,DIRECT_BL
libkoom-strip-dump.so,libkoom-strip-dump::0x3c738,0x3c738,libkoom-strip-dump::0x3d4dc,0x3d4dc,DIRECT_BL
libkoom-strip-dump.so,libkoom-strip-dump::0x3c738,0x3c738,libkoom-strip-dump::0x3d148,0x3d148,DIRECT_BL
libkoom-strip-dump.so,libkoom-strip-dump::0x3c738,0x3c738,libkoom-strip-dump::0x3d4fc,0x3d4fc,DIRECT_BL
libkoom-strip-dump.so,libkoom-strip-dump::0x3c738,0x3c738,libkoom-strip-dump::0x3d5a8,0x3d5a8,DIRECT_BL
libkoom-strip-dump.so,libkoom-strip-dump::0x3c738,0x3c738,libkoom-strip-dump::0x3d048,0x3d048,DIRECT_BL
libkoom-strip-dump.so,libkoom-strip-dump::0x3c738,0x3c738,libkoom-strip-dump::0x3d58c,0x3d58c,DIRECT_BL
libkoom-strip-dump.so,libkoom-strip-dump::0x3cfc8,0x3cfc8,libkoom-strip-dump::0x3c46c,0x3c46c,DIRECT_BL
libkoom-strip-dump.so,libkoom-strip-dump::0x3cfc8,0x3cfc8,libkoom-strip-dump::0x3d0d8,0x3d0d8,DIRECT_BL
libkoom-strip-dump.so,libkoom-strip-dump::0x3cfc8,0x3cfc8,libkoom-strip-dump::0x3d54c,0x3d54c,DIRECT_BL
libkoom-strip-dump.so,libkoom-strip-dump::0x3d050,0x3d050,libkoom-strip-dump::0x3d148,0x3d148,DIRECT_BL
libkoom-strip-dump.so,libkoom-strip-dump::0x3d0dc,0x3d0dc,libkoom-strip-dump::0x3c46c,0x3c46c,DIRECT_BL
libkoom-strip-dump.so,libkoom-strip-dump::0x3d0dc,0x3d0dc,libkoom-strip-dump::0x3d54c,0x3d54c,DIRECT_BL
libkoom-strip-dump.so,libkoom-strip-dump::0x3d190,0x3d190,libkoom-strip-dump::0x3d55c,0x3d55c,DIRECT_BL
libkoom-strip-dump.so,libkoom-strip-dump::0x3d190,0x3d190,libkoom-strip-dump::0x3d55c,0x3d55c,DIRECT_BL
libkoom-strip-dump.so,libkoom-strip-dump::0x3d340,0x3d340,libkoom-strip-dump::0x3d184,0x3d184,DIRECT_BL
libkoom-strip-dump.so,libkoom-strip-dump::0x3d340,0x3d340,libkoom-strip-dump::0x3b4fc,0x3b4fc,DIRECT_BL
libkoom-strip-dump.so,libkoom-strip-dump::0x3d340,0x3d340,libkoom-strip-dump::0x3d51c,0x3d51c,DIRECT_BL
libkoom-strip-dump.so,libkoom-strip-dump::0x3d5d4,0x3d5d4,libkoom-strip-dump::0x3c46c,0x3c46c,DIRECT_BL
libkoom-strip-dump.so,libkoom-strip-dump::0x3da50,0x3da50,libkoom-strip-dump::0x3e448,0x3e448,DIRECT_BL
libkoom-strip-dump.so,libkoom-strip-dump::0x3db9c,0x3db9c,libkoom-strip-dump::0x3e448,0x3e448,DIRECT_BL
libkoom-strip-dump.so,libkoom-strip-dump::0x3db9c,0x3db9c,libkoom-strip-dump::0x3e448,0x3e448,DIRECT_BL
libkoom-strip-dump.so,libkoom-strip-dump::0x3db9c,0x3db9c,libkoom-strip-dump::0x3e490,0x3e490,DIRECT_BL
libkoom-strip-dump.so,libkoom-strip-dump::0x3dd60,0x3dd60,libkoom-strip-dump::0x3e37c,0x3e37c,DIRECT_BL
libkoom-strip-dump.so,libkoom-strip-dump::0x3dd60,0x3dd60,libkoom-strip-dump::0x3e37c,0x3e37c,DIRECT_BL
libkoom-strip-dump.so,libkoom-strip-dump::0x3dd60,0x3dd60,libkoom-strip-dump::0x3e49c,0x3e49c,DIRECT_BL
libkoom-strip-dump.so,libkoom-strip-dump::0x3dd60,0x3dd60,libkoom-strip-dump::0x3e4b0,0x3e4b0,DIRECT_BL
libkoom-strip-dump.so,libkoom-strip-dump::0x3dd60,0x3dd60,libkoom-strip-dump::0x3e49c,0x3e49c,DIRECT_BL
libkoom-strip-dump.so,libkoom-strip-dump::0x3dd60,0x3dd60,libkoom-strip-dump::0x3e4b0,0x3e4b0,DIRECT_BL
libkoom-strip-dump.so,libkoom-strip-dump::0x3dd60,0x3dd60,libkoom-strip-dump::0x3e490,0x3e490,DIRECT_BL
libkoom-strip-dump.so,libkoom-strip-dump::0x3dd60,0x3dd60,libkoom-strip-dump::0x3e490,0x3e490,DIRECT_BL
libkoom-strip-dump.so,libkoom-strip-dump::0x3dd60,0x3dd60,libkoom-strip-dump::0x3e490,0x3e490,DIRECT_BL
libkoom-strip-dump.so,libkoom-strip-dump::0x3dd60,0x3dd60,libkoom-strip-dump::0x3e490,0x3e490,DIRECT_BL
libkoom-strip-dump.so,libkoom-strip-dump::0x3dd60,0x3dd60,libkoom-strip-dump::0x3e490,0x3e490,DIRECT_BL
libkoom-strip-dump.so,libkoom-strip-dump::0x3dd60,0x3dd60,libkoom-strip-dump::0x3e490,0x3e490,DIRECT_BL
libkoom-strip-dump.so,libkoom-strip-dump::0x3dd60,0x3dd60,libkoom-strip-dump::0x3e480,0x3e480,DIRECT_BL
libkoom-strip-dump.so,libkoom-strip-dump::0x3dd60,0x3dd60,libkoom-strip-dump::0x3e480,0x3e480,DIRECT_BL
libkoom-strip-dump.so,libkoom-strip-dump::0x3dd60,0x3dd60,libkoom-strip-dump::0x3e480,0x3e480,DIRECT_BL
libkoom-strip-dump.so,libkoom-strip-dump::0x3dd60,0x3dd60,libkoom-strip-dump::0x3e480,0x3e480,DIRECT_BL
libkoom-strip-dump.so,libkoom-strip-dump::0x3dd60,0x3dd60,libkoom-strip-dump::0x3e480,0x3e480,DIRECT_BL
libkoom-strip-dump.so,libkoom-strip-dump::0x3e55c,0x3e55c,libkoom-strip-dump::0x3e7ac,0x3e7ac,DIRECT_BL
libkoom-strip-dump.so,libkoom-strip-dump::0x3e5b0,0x3e5b0,libkoom-strip-dump::0x3e7ac,0x3e7ac,DIRECT_BL
libkoom-strip-dump.so,libkoom-strip-dump::0x3e7cc,0x3e7cc,libkoom-strip-dump::0x3ec64,0x3ec64,DIRECT_BL
libkoom-strip-dump.so,libkoom-strip-dump::0x3e7cc,0x3e7cc,libkoom-strip-dump::0x3ec84,0x3ec84,DIRECT_BL
libkoom-strip-dump.so,libkoom-strip-dump::0x3e7cc,0x3e7cc,libkoom-strip-dump::0x3ec98,0x3ec98,DIRECT_BL
libkoom-strip-dump.so,libkoom-strip-dump::0x3e7cc,0x3e7cc,libkoom-strip-dump::0x3ecbc,0x3ecbc,DIRECT_BL
libkoom-strip-dump.so,libkoom-strip-dump::0x3e840,0x3e840,libkoom-strip-dump::0x3ecb0,0x3ecb0,DIRECT_BL
libkoom-strip-dump.so,libkoom-strip-dump::0x3e89c,0x3e89c,libkoom-strip-dump::0x3ec98,0x3ec98,DIRECT_BL
libkoom-strip-dump.so,libkoom-strip-dump::0x3e8e4,0x3e8e4,libkoom-strip-dump::0x3ec98,0x3ec98,DIRECT_BL
libkoom-strip-dump.so,libkoom-strip-dump::0x3e974,0x3e974,libkoom-strip-dump::0x3ec64,0x3ec64,DIRECT_BL
libkoom-strip-dump.so,libkoom-strip-dump::0x3e974,0x3e974,libkoom-strip-dump::0x3ec84,0x3ec84,DIRECT_BL
libkoom-strip-dump.so,libkoom-strip-dump::0x3e974,0x3e974,libkoom-strip-dump::0x3ec98,0x3ec98,DIRECT_BL
libkoom-strip-dump.so,libkoom-strip-dump::0x3e974,0x3e974,libkoom-strip-dump::0x3ecbc,0x3ecbc,DIRECT_BL
libkoom-strip-dump.so,libkoom-strip-dump::0x3ea24,0x3ea24,libkoom-strip-dump::0x3ecb0,0x3ecb0,DIRECT_BL
libkoom-strip-dump.so,libkoom-strip-dump::0x3ea24,0x3ea24,libkoom-strip-dump::0x3ec98,0x3ec98,DIRECT_BL
libkoom-strip-dump.so,libkoom-strip-dump::0x3ee70,0x3ee70,libkoom-strip-dump::0x3f4b0,0x3f4b0,DIRECT_BL
libkoom-strip-dump.so,libkoom-strip-dump::0x3f254,0x3f254,libkoom-strip-dump::0x3f4b0,0x3f4b0,DIRECT_BL
libkoom-strip-dump.so,libkoom-strip-dump::0x40278,0x40278,libkoom-strip-dump::0x403f0,0x403f0,DIRECT_BL
libkoom-strip-dump.so,libkoom-strip-dump::0x40278,0x40278,libkoom-strip-dump::0x40324,0x40324,DIRECT_BL
libkoom-strip-dump.so,libkoom-strip-dump::0x40278,0x40278,libkoom-strip-dump::0x40434,0x40434,DIRECT_BL
libkoom-strip-dump.so,libkoom-strip-dump::0x40278,0x40278,libkoom-strip-dump::0x40420,0x40420,DIRECT_BL
libkoom-strip-dump.so,libkoom-strip-dump::0x40344,0x40344,libkoom-strip-dump::0x403f0,0x403f0,DIRECT_BL
libkoom-strip-dump.so,libkoom-strip-dump::0x40344,0x40344,libkoom-strip-dump::0x40324,0x40324,DIRECT_BL
libkoom-strip-dump.so,libkoom-strip-dump::0x40344,0x40344,libkoom-strip-dump::0x40434,0x40434,DIRECT_BL
libkoom-strip-dump.so,libkoom-strip-dump::0x40344,0x40344,libkoom-strip-dump::0x40420,0x40420,DIRECT_BL
libkoom-strip-dump.so,libkoom-strip-dump::0x40434,0x40434,libkoom-strip-dump::0x40324,0x40324,DIRECT_BL
libkoom-strip-dump.so,libkoom-strip-dump::0x40734,0x40734,libkoom-strip-dump::0x406f4,0x406f4,DIRECT_BL
libkoom-strip-dump.so,libkoom-strip-dump::0x40984,0x40984,libkoom-strip-dump::0x4053c,0x4053c,DIRECT_BL
libkoom-strip-dump.so,libkoom-strip-dump::0x40bb4,0x40bb4,libkoom-strip-dump::0x41a28,0x41a28,DIRECT_BL
libkoom-strip-dump.so,libkoom-strip-dump::0x40bb4,0x40bb4,libkoom-strip-dump::0x41980,0x41980,DIRECT_BL
libkoom-strip-dump.so,libkoom-strip-dump::0x40bb4,0x40bb4,libkoom-strip-dump::0x4196c,0x4196c,DIRECT_BL
libkoom-strip-dump.so,libkoom-strip-dump::0x40bb4,0x40bb4,libkoom-strip-dump::0x419cc,0x419cc,DIRECT_BL
libkoom-strip-dump.so,libkoom-strip-dump::0x40bb4,0x40bb4,libkoom-strip-dump::0x41a5c,0x41a5c,DIRECT_BL
libkoom-strip-dump.so,libkoom-strip-dump::0x40c18,0x40c18,libkoom-strip-dump::0x4196c,0x4196c,DIRECT_BL
libkoom-strip-dump.so,libkoom-strip-dump::0x40c48,0x40c48,libkoom-strip-dump::0x4053c,0x4053c,DIRECT_BL
libkoom-strip-dump.so,libkoom-strip-dump::0x40cec,0x40cec,libkoom-strip-dump::0x41a28,0x41a28,DIRECT_BL
libkoom-strip-dump.so,libkoom-strip-dump::0x40cec,0x40cec,libkoom-strip-dump::0x41980,0x41980,DIRECT_BL
libkoom-strip-dump.so,libkoom-strip-dump::0x40cec,0x40cec,libkoom-strip-dump::0x40d50,0x40d50,DIRECT_BL
libkoom-strip-dump.so,libkoom-strip-dump::0x40cec,0x40cec,libkoom-strip-dump::0x4196c,0x4196c,DIRECT_BL
libkoom-strip-dump.so,libkoom-strip-dump::0x40cec,0x40cec,libkoom-strip-dump::0x419cc,0x419cc,DIRECT_BL
libkoom-strip-dump.so,libkoom-strip-dump::0x40cec,0x40cec,libkoom-strip-dump::0x41a5c,0x41a5c,DIRECT_BL
libkoom-strip-dump.so,libkoom-strip-dump::0x40df0,0x40df0,libkoom-strip-dump::0x41a14,0x41a14,DIRECT_BL
libkoom-strip-dump.so,libkoom-strip-dump::0x40df0,0x40df0,libkoom-strip-dump::0x419d4,0x419d4,DIRECT_BL
libkoom-strip-dump.so,libkoom-strip-dump::0x40df0,0x40df0,libkoom-strip-dump::0x41a20,0x41a20,DIRECT_BL
libkoom-strip-dump.so,libkoom-strip-dump::0x40df0,0x40df0,libkoom-strip-dump::0x4196c,0x4196c,DIRECT_BL
libkoom-strip-dump.so,libkoom-strip-dump::0x40df0,0x40df0,libkoom-strip-dump::0x419dc,0x419dc,DIRECT_BL
libkoom-strip-dump.so,libkoom-strip-dump::0x40f44,0x40f44,libkoom-strip-dump::0x41a14,0x41a14,DIRECT_BL
libkoom-strip-dump.so,libkoom-strip-dump::0x40f44,0x40f44,libkoom-strip-dump::0x419d4,0x419d4,DIRECT_BL
libkoom-strip-dump.so,libkoom-strip-dump::0x40f44,0x40f44,libkoom-strip-dump::0x419dc,0x419dc,DIRECT_BL
libkoom-strip-dump.so,libkoom-strip-dump::0x41070,0x41070,libkoom-strip-dump::0x40c18,0x40c18,DIRECT_BL
libkoom-strip-dump.so,libkoom-strip-dump::0x41070,0x41070,libkoom-strip-dump::0x40d50,0x40d50,DIRECT_BL
libkoom-strip-dump.so,libkoom-strip-dump::0x41070,0x41070,libkoom-strip-dump::0x419cc,0x419cc,DIRECT_BL
libkoom-strip-dump.so,libkoom-strip-dump::0x4129c,0x4129c,libkoom-strip-dump::0x41a14,0x41a14,DIRECT_BL
libkoom-strip-dump.so,libkoom-strip-dump::0x4129c,0x4129c,libkoom-strip-dump::0x419d4,0x419d4,DIRECT_BL
libkoom-strip-dump.so,libkoom-strip-dump::0x4129c,0x4129c,libkoom-strip-dump::0x419dc,0x419dc,DIRECT_BL
libkoom-strip-dump.so,libkoom-strip-dump::0x4136c,0x4136c,libkoom-strip-dump::0x41a28,0x41a28,DIRECT_BL
libkoom-strip-dump.so,libkoom-strip-dump::0x4136c,0x4136c,libkoom-strip-dump::0x41a48,0x41a48,DIRECT_BL
libkoom-strip-dump.so,libkoom-strip-dump::0x4136c,0x4136c,libkoom-strip-dump::0x4196c,0x4196c,DIRECT_BL
libkoom-strip-dump.so,libkoom-strip-dump::0x4136c,0x4136c,libkoom-strip-dump::0x419cc,0x419cc,DIRECT_BL
libkoom-strip-dump.so,libkoom-strip-dump::0x4136c,0x4136c,libkoom-strip-dump::0x41a5c,0x41a5c,DIRECT_BL
libkoom-strip-dump.so,libkoom-strip-dump::0x413fc,0x413fc,libkoom-strip-dump::0x41a14,0x41a14,DIRECT_BL
libkoom-strip-dump.so,libkoom-strip-dump::0x413fc,0x413fc,libkoom-strip-dump::0x419d4,0x419d4,DIRECT_BL
libkoom-strip-dump.so,libkoom-strip-dump::0x413fc,0x413fc,libkoom-strip-dump::0x41a48,0x41a48,DIRECT_BL
libkoom-strip-dump.so,libkoom-strip-dump::0x413fc,0x413fc,libkoom-strip-dump::0x41a20,0x41a20,DIRECT_BL
libkoom-strip-dump.so,libkoom-strip-dump::0x413fc,0x413fc,libkoom-strip-dump::0x4196c,0x4196c,DIRECT_BL
libkoom-strip-dump.so,libkoom-strip-dump::0x413fc,0x413fc,libkoom-strip-dump::0x419dc,0x419dc,DIRECT_BL
libkoom-strip-dump.so,libkoom-strip-dump::0x4147c,0x4147c,libkoom-strip-dump::0x41a28,0x41a28,DIRECT_BL
libkoom-strip-dump.so,libkoom-strip-dump::0x4147c,0x4147c,libkoom-strip-dump::0x4196c,0x4196c,DIRECT_BL
libkoom-strip-dump.so,libkoom-strip-dump::0x4147c,0x4147c,libkoom-strip-dump::0x419cc,0x419cc,DIRECT_BL
libkoom-strip-dump.so,libkoom-strip-dump::0x4147c,0x4147c,libkoom-strip-dump::0x419e4,0x419e4,DIRECT_BL
libkoom-strip-dump.so,libkoom-strip-dump::0x4147c,0x4147c,libkoom-strip-dump::0x4196c,0x4196c,DIRECT_BL
libkoom-strip-dump.so,libkoom-strip-dump::0x4147c,0x4147c,libkoom-strip-dump::0x419cc,0x419cc,DIRECT_BL
libkoom-strip-dump.so,libkoom-strip-dump::0x4147c,0x4147c,libkoom-strip-dump::0x41a5c,0x41a5c,DIRECT_BL
libkoom-strip-dump.so,libkoom-strip-dump::0x415f8,0x415f8,libkoom-strip-dump::0x41a14,0x41a14,DIRECT_BL
libkoom-strip-dump.so,libkoom-strip-dump::0x415f8,0x415f8,libkoom-strip-dump::0x419d4,0x419d4,DIRECT_BL
libkoom-strip-dump.so,libkoom-strip-dump::0x415f8,0x415f8,libkoom-strip-dump::0x41a20,0x41a20,DIRECT_BL
libkoom-strip-dump.so,libkoom-strip-dump::0x415f8,0x415f8,libkoom-strip-dump::0x4196c,0x4196c,DIRECT_BL
libkoom-strip-dump.so,libkoom-strip-dump::0x415f8,0x415f8,libkoom-strip-dump::0x419dc,0x419dc,DIRECT_BL
libkoom-strip-dump.so,libkoom-strip-dump::0x416a8,0x416a8,libkoom-strip-dump::0x40c18,0x40c18,DIRECT_BL
libkoom-strip-dump.so,libkoom-strip-dump::0x416a8,0x416a8,libkoom-strip-dump::0x419f8,0x419f8,DIRECT_BL
libkoom-strip-dump.so,libkoom-strip-dump::0x416a8,0x416a8,libkoom-strip-dump::0x419e4,0x419e4,DIRECT_BL
libkoom-strip-dump.so,libkoom-strip-dump::0x416a8,0x416a8,libkoom-strip-dump::0x419cc,0x419cc,DIRECT_BL
libkoom-strip-dump.so,libkoom-strip-dump::0x418b8,0x418b8,libkoom-strip-dump::0x41a14,0x41a14,DIRECT_BL
libkoom-strip-dump.so,libkoom-strip-dump::0x418b8,0x418b8,libkoom-strip-dump::0x419d4,0x419d4,DIRECT_BL
libkoom-strip-dump.so,libkoom-strip-dump::0x418b8,0x418b8,libkoom-strip-dump::0x419f8,0x419f8,DIRECT_BL
libkoom-strip-dump.so,libkoom-strip-dump::0x418b8,0x418b8,libkoom-strip-dump::0x41a20,0x41a20,DIRECT_BL
libkoom-strip-dump.so,libkoom-strip-dump::0x418b8,0x418b8,libkoom-strip-dump::0x4196c,0x4196c,DIRECT_BL
libkoom-strip-dump.so,libkoom-strip-dump::0x418b8,0x418b8,libkoom-strip-dump::0x419dc,0x419dc,DIRECT_BL
libkoom-strip-dump.so,libkoom-strip-dump::0x41a28,0x41a28,libkoom-strip-dump::0x40c18,0x40c18,DIRECT_BL
libkoom-strip-dump.so,libkoom-strip-dump::0x41a78,0x41a78,libkoom-strip-dump::0x42474,0x42474,DIRECT_BL
libkoom-strip-dump.so,libkoom-strip-dump::0x41a78,0x41a78,libkoom-strip-dump::0x42498,0x42498,DIRECT_BL
libkoom-strip-dump.so,libkoom-strip-dump::0x41b24,0x41b24,libkoom-strip-dump::0x42474,0x42474,DIRECT_BL
libkoom-strip-dump.so,libkoom-strip-dump::0x41b24,0x41b24,libkoom-strip-dump::0x42498,0x42498,DIRECT_BL
libkoom-strip-dump.so,libkoom-strip-dump::0x41b8c,0x41b8c,libkoom-strip-dump::0x41e80,0x41e80,DIRECT_BL
libkoom-strip-dump.so,libkoom-strip-dump::0x41ff4,0x41ff4,libkoom-strip-dump::0x41e80,0x41e80,DIRECT_BL
libkoom-strip-dump.so,libkoom-strip-dump::0x424e4,0x424e4,libkoom-strip-dump::0x42df0,0x42df0,DIRECT_BL
libkoom-strip-dump.so,libkoom-strip-dump::0x426b4,0x426b4,libkoom-strip-dump::0x42df0,0x42df0,DIRECT_BL
libkoom-strip-dump.so,libkoom-strip-dump::0x43190,0x43190,libkoom-strip-dump::0x434d0,0x434d0,DIRECT_BL
libkoom-strip-dump.so,libkoom-strip-dump::0x43190,0x43190,libkoom-strip-dump::0x43560,0x43560,DIRECT_BL
libkoom-strip-dump.so,libkoom-strip-dump::0x43190,0x43190,libkoom-strip-dump::0x43b80,0x43b80,DIRECT_BL
libkoom-strip-dump.so,libkoom-strip-dump::0x43190,0x43190,libkoom-strip-dump::0x43560,0x43560,DIRECT_BL
libkoom-strip-dump.so,libkoom-strip-dump::0x43190,0x43190,libkoom-strip-dump::0x43b80,0x43b80,DIRECT_BL
libkoom-strip-dump.so,libkoom-strip-dump::0x44d10,0x44d10,libkoom-strip-dump::0x434d0,0x434d0,DIRECT_BL
libkoom-strip-dump.so,libkoom-strip-dump::0x44d10,0x44d10,libkoom-strip-dump::0x4532c,0x4532c,DIRECT_BL
libkoom-strip-dump.so,libkoom-strip-dump::0x45010,0x45010,libkoom-strip-dump::0x45350,0x45350,DIRECT_BL
libkoom-strip-dump.so,libkoom-strip-dump::0x45010,0x45010,libkoom-strip-dump::0x4531c,0x4531c,DIRECT_BL
libkoom-strip-dump.so,libkoom-strip-dump::0x45070,0x45070,libkoom-strip-dump::0x45344,0x45344,DIRECT_BL
libkoom-strip-dump.so,libkoom-strip-dump::0x4510c,0x4510c,libkoom-strip-dump::0x45350,0x45350,DIRECT_BL
libkoom-strip-dump.so,libkoom-strip-dump::0x4510c,0x4510c,libkoom-strip-dump::0x4531c,0x4531c,DIRECT_BL
libkoom-strip-dump.so,libkoom-strip-dump::0x4510c,0x4510c,libkoom-strip-dump::0x45344,0x45344,DIRECT_BL
libkoom-strip-dump.so,libkoom-strip-dump::0x45200,0x45200,libkoom-strip-dump::0x4532c,0x4532c,DIRECT_BL
libkoom-strip-dump.so,libkoom-strip-dump::0x454cc,0x454cc,libkoom-strip-dump::0x4936c,0x4936c,DIRECT_BL
libkoom-strip-dump.so,libkoom-strip-dump::0x454cc,0x454cc,libkoom-strip-dump::0x49360,0x49360,DIRECT_BL
libkoom-strip-dump.so,libkoom-strip-dump::0x4551c,0x4551c,libkoom-strip-dump::0x49348,0x49348,DIRECT_BL
libkoom-strip-dump.so,libkoom-strip-dump::0x4551c,0x4551c,libkoom-strip-dump::0x49348,0x49348,DIRECT_BL
libkoom-strip-dump.so,libkoom-strip-dump::0x4551c,0x4551c,libkoom-strip-dump::0x49348,0x49348,DIRECT_BL
libkoom-strip-dump.so,libkoom-strip-dump::0x4551c,0x4551c,libkoom-strip-dump::0x49348,0x49348,DIRECT_BL
libkoom-strip-dump.so,libkoom-strip-dump::0x457b0,0x457b0,libkoom-strip-dump::0x4936c,0x4936c,DIRECT_BL
libkoom-strip-dump.so,libkoom-strip-dump::0x457b0,0x457b0,libkoom-strip-dump::0x49360,0x49360,DIRECT_BL
libkoom-strip-dump.so,libkoom-strip-dump::0x458b4,0x458b4,libkoom-strip-dump::0x49360,0x49360,DIRECT_BL
libkoom-strip-dump.so,libkoom-strip-dump::0x45b0c,0x45b0c,libkoom-strip-dump::0x45cc0,0x45cc0,DIRECT_BL
libkoom-strip-dump.so,libkoom-strip-dump::0x45b0c,0x45b0c,libkoom-strip-dump::0x45cc0,0x45cc0,DIRECT_BL
libkoom-strip-dump.so,libkoom-strip-dump::0x45d00,0x45d00,libkoom-strip-dump::0x45d8c,0x45d8c,DIRECT_BL
libkoom-strip-dump.so,libkoom-strip-dump::0x45d00,0x45d00,libkoom-strip-dump::0x4608c,0x4608c,DIRECT_BL
libkoom-strip-dump.so,libkoom-strip-dump::0x45d00,0x45d00,libkoom-strip-dump::0x493e8,0x493e8,DIRECT_BL
libkoom-strip-dump.so,libkoom-strip-dump::0x45d8c,0x45d8c,libkoom-strip-dump::0x49360,0x49360,DIRECT_BL
libkoom-strip-dump.so,libkoom-strip-dump::0x46150,0x46150,libkoom-strip-dump::0x48a14,0x48a14,DIRECT_BL
libkoom-strip-dump.so,libkoom-strip-dump::0x46150,0x46150,libkoom-strip-dump::0x48a14,0x48a14,DIRECT_BL
libkoom-strip-dump.so,libkoom-strip-dump::0x46150,0x46150,libkoom-strip-dump::0x493a4,0x493a4,DIRECT_BL
libkoom-strip-dump.so,libkoom-strip-dump::0x462fc,0x462fc,libkoom-strip-dump::0x49434,0x49434,DIRECT_BL
libkoom-strip-dump.so,libkoom-strip-dump::0x462fc,0x462fc,libkoom-strip-dump::0x49434,0x49434,DIRECT_BL
libkoom-strip-dump.so,libkoom-strip-dump::0x46500,0x46500,libkoom-strip-dump::0x4665c,0x4665c,DIRECT_BL
libkoom-strip-dump.so,libkoom-strip-dump::0x46500,0x46500,libkoom-strip-dump::0x49360,0x49360,DIRECT_BL
libkoom-strip-dump.so,libkoom-strip-dump::0x46664,0x46664,libkoom-strip-dump::0x48a9c,0x48a9c,DIRECT_BL
libkoom-strip-dump.so,libkoom-strip-dump::0x46664,0x46664,libkoom-strip-dump::0x492fc,0x492fc,DIRECT_BL
libkoom-strip-dump.so,libkoom-strip-dump::0x46664,0x46664,libkoom-strip-dump::0x492dc,0x492dc,DIRECT_BL
libkoom-strip-dump.so,libkoom-strip-dump::0x46664,0x46664,libkoom-strip-dump::0x49318,0x49318,DIRECT_BL
libkoom-strip-dump.so,libkoom-strip-dump::0x46664,0x46664,libkoom-strip-dump::0x493cc,0x493cc,DIRECT_BL
libkoom-strip-dump.so,libkoom-strip-dump::0x46664,0x46664,libkoom-strip-dump::0x48e08,0x48e08,DIRECT_BL
libkoom-strip-dump.so,libkoom-strip-dump::0x46664,0x46664,libkoom-strip-dump::0x49428,0x49428,DIRECT_BL
libkoom-strip-dump.so,libkoom-strip-dump::0x46664,0x46664,libkoom-strip-dump::0x48d64,0x48d64,DIRECT_BL
libkoom-strip-dump.so,libkoom-strip-dump::0x46664,0x46664,libkoom-strip-dump::0x49318,0x49318,DIRECT_BL
libkoom-strip-dump.so,libkoom-strip-dump::0x46664,0x46664,libkoom-strip-dump::0x493cc,0x493cc,DIRECT_BL
libkoom-strip-dump.so,libkoom-strip-dump::0x46664,0x46664,libkoom-strip-dump::0x49428,0x49428,DIRECT_BL
libkoom-strip-dump.so,libkoom-strip-dump::0x46664,0x46664,libkoom-strip-dump::0x493cc,0x493cc,DIRECT_BL
libkoom-strip-dump.so,libkoom-strip-dump::0x46664,0x46664,libkoom-strip-dump::0x4919c,0x4919c,DIRECT_BL
libkoom-strip-dump.so,libkoom-strip-dump::0x46664,0x46664,libkoom-strip-dump::0x493bc,0x493bc,DIRECT_BL
libkoom-strip-dump.so,libkoom-strip-dump::0x46bc8,0x46bc8,libkoom-strip-dump::0x49274,0x49274,DIRECT_BL
libkoom-strip-dump.so,libkoom-strip-dump::0x46bc8,0x46bc8,libkoom-strip-dump::0x492f4,0x492f4,DIRECT_BL
libkoom-strip-dump.so,libkoom-strip-dump::0x46bc8,0x46bc8,libkoom-strip-dump::0x49324,0x49324,DIRECT_BL
libkoom-strip-dump.so,libkoom-strip-dump::0x46bc8,0x46bc8,libkoom-strip-dump::0x492f4,0x492f4,DIRECT_BL
libkoom-strip-dump.so,libkoom-strip-dump::0x46bc8,0x46bc8,libkoom-strip-dump::0x492f4,0x492f4,DIRECT_BL
libkoom-strip-dump.so,libkoom-strip-dump::0x46bc8,0x46bc8,libkoom-strip-dump::0x49428,0x49428,DIRECT_BL
libkoom-strip-dump.so,libkoom-strip-dump::0x46bc8,0x46bc8,libkoom-strip-dump::0x48d64,0x48d64,DIRECT_BL
libkoom-strip-dump.so,libkoom-strip-dump::0x46bc8,0x46bc8,libkoom-strip-dump::0x4930c,0x4930c,DIRECT_BL
libkoom-strip-dump.so,libkoom-strip-dump::0x46bc8,0x46bc8,libkoom-strip-dump::0x49394,0x49394,DIRECT_BL
libkoom-strip-dump.so,libkoom-strip-dump::0x46bc8,0x46bc8,libkoom-strip-dump::0x4937c,0x4937c,DIRECT_BL
libkoom-strip-dump.so,libkoom-strip-dump::0x46bc8,0x46bc8,libkoom-strip-dump::0x49350,0x49350,DIRECT_BL
libkoom-strip-dump.so,libkoom-strip-dump::0x46bc8,0x46bc8,libkoom-strip-dump::0x4930c,0x4930c,DIRECT_BL
libkoom-strip-dump.so,libkoom-strip-dump::0x46bc8,0x46bc8,libkoom-strip-dump::0x4937c,0x4937c,DIRECT_BL
libkoom-strip-dump.so,libkoom-strip-dump::0x46bc8,0x46bc8,libkoom-strip-dump::0x49350,0x49350,DIRECT_BL
libkoom-strip-dump.so,libkoom-strip-dump::0x46bc8,0x46bc8,libkoom-strip-dump::0x49274,0x49274,DIRECT_BL
libkoom-strip-dump.so,libkoom-strip-dump::0x46bc8,0x46bc8,libkoom-strip-dump::0x49274,0x49274,DIRECT_BL
libkoom-strip-dump.so,libkoom-strip-dump::0x46bc8,0x46bc8,libkoom-strip-dump::0x49274,0x49274,DIRECT_BL
libkoom-strip-dump.so,libkoom-strip-dump::0x46bc8,0x46bc8,libkoom-strip-dump::0x49324,0x49324,DIRECT_BL
libkoom-strip-dump.so,libkoom-strip-dump::0x46bc8,0x46bc8,libkoom-strip-dump::0x492f4,0x492f4,DIRECT_BL
libkoom-strip-dump.so,libkoom-strip-dump::0x46bc8,0x46bc8,libkoom-strip-dump::0x48e08,0x48e08,DIRECT_BL
libkoom-strip-dump.so,libkoom-strip-dump::0x46bc8,0x46bc8,libkoom-strip-dump::0x4930c,0x4930c,DIRECT_BL
libkoom-strip-dump.so,libkoom-strip-dump::0x46bc8,0x46bc8,libkoom-strip-dump::0x49280,0x49280,DIRECT_BL
libkoom-strip-dump.so,libkoom-strip-dump::0x46bc8,0x46bc8,libkoom-strip-dump::0x49340,0x49340,DIRECT_BL
libkoom-strip-dump.so,libkoom-strip-dump::0x46bc8,0x46bc8,libkoom-strip-dump::0x49280,0x49280,DIRECT_BL
libkoom-strip-dump.so,libkoom-strip-dump::0x46bc8,0x46bc8,libkoom-strip-dump::0x49340,0x49340,DIRECT_BL
libkoom-strip-dump.so,libkoom-strip-dump::0x46bc8,0x46bc8,libkoom-strip-dump::0x493d4,0x493d4,DIRECT_BL
libkoom-strip-dump.so,libkoom-strip-dump::0x46bc8,0x46bc8,libkoom-strip-dump::0x49274,0x49274,DIRECT_BL
libkoom-strip-dump.so,libkoom-strip-dump::0x47254,0x47254,libkoom-strip-dump::0x49274,0x49274,DIRECT_BL
libkoom-strip-dump.so,libkoom-strip-dump::0x47254,0x47254,libkoom-strip-dump::0x48ec0,0x48ec0,DIRECT_BL
libkoom-strip-dump.so,libkoom-strip-dump::0x47254,0x47254,libkoom-strip-dump::0x4608c,0x4608c,DIRECT_BL
libkoom-strip-dump.so,libkoom-strip-dump::0x47254,0x47254,libkoom-strip-dump::0x45d8c,0x45d8c,DIRECT_BL
libkoom-strip-dump.so,libkoom-strip-dump::0x47254,0x47254,libkoom-strip-dump::0x49414,0x49414,DIRECT_BL
libkoom-strip-dump.so,libkoom-strip-dump::0x47254,0x47254,libkoom-strip-dump::0x493e8,0x493e8,DIRECT_BL
libkoom-strip-dump.so,libkoom-strip-dump::0x47254,0x47254,libkoom-strip-dump::0x49414,0x49414,DIRECT_BL
libkoom-strip-dump.so,libkoom-strip-dump::0x47254,0x47254,libkoom-strip-dump::0x4614c,0x4614c,DIRECT_BL
libkoom-strip-dump.so,libkoom-strip-dump::0x47254,0x47254,libkoom-strip-dump::0x49318,0x49318,DIRECT_BL
libkoom-strip-dump.so,libkoom-strip-dump::0x47254,0x47254,libkoom-strip-dump::0x493cc,0x493cc,DIRECT_BL
libkoom-strip-dump.so,libkoom-strip-dump::0x47254,0x47254,libkoom-strip-dump::0x49428,0x49428,DIRECT_BL
libkoom-strip-dump.so,libkoom-strip-dump::0x474d8,0x474d8,libkoom-strip-dump::0x49140,0x49140,DIRECT_BL
libkoom-strip-dump.so,libkoom-strip-dump::0x474f4,0x474f4,libkoom-strip-dump::0x491e0,0x491e0,DIRECT_BL
libkoom-strip-dump.so,libkoom-strip-dump::0x476b0,0x476b0,libkoom-strip-dump::0x48c74,0x48c74,DIRECT_BL
libkoom-strip-dump.so,libkoom-strip-dump::0x476b0,0x476b0,libkoom-strip-dump::0x4919c,0x4919c,DIRECT_BL
libkoom-strip-dump.so,libkoom-strip-dump::0x476b0,0x476b0,libkoom-strip-dump::0x49140,0x49140,DIRECT_BL
libkoom-strip-dump.so,libkoom-strip-dump::0x476b0,0x476b0,libkoom-strip-dump::0x491e0,0x491e0,DIRECT_BL
libkoom-strip-dump.so,libkoom-strip-dump::0x476b0,0x476b0,libkoom-strip-dump::0x49140,0x49140,DIRECT_BL
libkoom-strip-dump.so,libkoom-strip-dump::0x476b0,0x476b0,libkoom-strip-dump::0x49140,0x49140,DIRECT_BL
libkoom-strip-dump.so,libkoom-strip-dump::0x483b8,0x483b8,libkoom-strip-dump::0x493bc,0x493bc,DIRECT_BL
libkoom-strip-dump.so,libkoom-strip-dump::0x4864c,0x4864c,libkoom-strip-dump::0x492fc,0x492fc,DIRECT_BL
libkoom-strip-dump.so,libkoom-strip-dump::0x4864c,0x4864c,libkoom-strip-dump::0x492dc,0x492dc,DIRECT_BL
libkoom-strip-dump.so,libkoom-strip-dump::0x4864c,0x4864c,libkoom-strip-dump::0x492fc,0x492fc,DIRECT_BL
libkoom-strip-dump.so,libkoom-strip-dump::0x48698,0x48698,libkoom-strip-dump::0x492fc,0x492fc,DIRECT_BL
libkoom-strip-dump.so,libkoom-strip-dump::0x48698,0x48698,libkoom-strip-dump::0x492dc,0x492dc,DIRECT_BL
libkoom-strip-dump.so,libkoom-strip-dump::0x486c8,0x486c8,libkoom-strip-dump::0x462fc,0x462fc,DIRECT_BL
libkoom-strip-dump.so,libkoom-strip-dump::0x48720,0x48720,libkoom-strip-dump::0x4665c,0x4665c,DIRECT_BL
libkoom-strip-dump.so,libkoom-strip-dump::0x4885c,0x4885c,libkoom-strip-dump::0x48720,0x48720,DIRECT_BL
libkoom-strip-dump.so,libkoom-strip-dump::0x4893c,0x4893c,libkoom-strip-dump::0x493a4,0x493a4,DIRECT_BL
libkoom-strip-dump.so,libkoom-strip-dump::0x48ae0,0x48ae0,libkoom-strip-dump::0x492f4,0x492f4,DIRECT_BL
libkoom-strip-dump.so,libkoom-strip-dump::0x48ae0,0x48ae0,libkoom-strip-dump::0x492f4,0x492f4,DIRECT_BL
libkoom-strip-dump.so,libkoom-strip-dump::0x48ae0,0x48ae0,libkoom-strip-dump::0x49394,0x49394,DIRECT_BL
libkoom-strip-dump.so,libkoom-strip-dump::0x48ae0,0x48ae0,libkoom-strip-dump::0x492b0,0x492b0,DIRECT_BL
libkoom-strip-dump.so,libkoom-strip-dump::0x48ae0,0x48ae0,libkoom-strip-dump::0x49408,0x49408,DIRECT_BL
libkoom-strip-dump.so,libkoom-strip-dump::0x48ae0,0x48ae0,libkoom-strip-dump::0x48e08,0x48e08,DIRECT_BL
libkoom-strip-dump.so,libkoom-strip-dump::0x48ae0,0x48ae0,libkoom-strip-dump::0x492b0,0x492b0,DIRECT_BL
libkoom-strip-dump.so,libkoom-strip-dump::0x48ae0,0x48ae0,libkoom-strip-dump::0x49408,0x49408,DIRECT_BL
libkoom-strip-dump.so,libkoom-strip-dump::0x48ae0,0x48ae0,libkoom-strip-dump::0x48e08,0x48e08,DIRECT_BL
libkoom-strip-dump.so,libkoom-strip-dump::0x48ae0,0x48ae0,libkoom-strip-dump::0x490d8,0x490d8,DIRECT_BL
libkoom-strip-dump.so,libkoom-strip-dump::0x48d64,0x48d64,libkoom-strip-dump::0x49350,0x49350,DIRECT_BL
libkoom-strip-dump.so,libkoom-strip-dump::0x48d64,0x48d64,libkoom-strip-dump::0x49340,0x49340,DIRECT_BL
libkoom-strip-dump.so,libkoom-strip-dump::0x48e08,0x48e08,libkoom-strip-dump::0x490d8,0x490d8,DIRECT_BL
libkoom-strip-dump.so,libkoom-strip-dump::0x48e08,0x48e08,libkoom-strip-dump::0x490d8,0x490d8,DIRECT_BL
libkoom-strip-dump.so,libkoom-strip-dump::0x48ec0,0x48ec0,libkoom-strip-dump::0x49440,0x49440,DIRECT_BL
libkoom-strip-dump.so,libkoom-strip-dump::0x48ec0,0x48ec0,libkoom-strip-dump::0x492f4,0x492f4,DIRECT_BL
libkoom-strip-dump.so,libkoom-strip-dump::0x48ec0,0x48ec0,libkoom-strip-dump::0x493f4,0x493f4,DIRECT_BL
libkoom-strip-dump.so,libkoom-strip-dump::0x48ec0,0x48ec0,libkoom-strip-dump::0x49340,0x49340,DIRECT_BL
libkoom-strip-dump.so,libkoom-strip-dump::0x48ec0,0x48ec0,libkoom-strip-dump::0x49440,0x49440,DIRECT_BL
libkoom-strip-dump.so,libkoom-strip-dump::0x48ec0,0x48ec0,libkoom-strip-dump::0x492f4,0x492f4,DIRECT_BL
libkoom-strip-dump.so,libkoom-strip-dump::0x48ec0,0x48ec0,libkoom-strip-dump::0x493d4,0x493d4,DIRECT_BL
libkoom-strip-dump.so,libkoom-strip-dump::0x48ec0,0x48ec0,libkoom-strip-dump::0x48e08,0x48e08,DIRECT_BL
libkoom-strip-dump.so,libkoom-strip-dump::0x48ec0,0x48ec0,libkoom-strip-dump::0x493f4,0x493f4,DIRECT_BL
libkoom-strip-dump.so,libkoom-strip-dump::0x49734,0x49734,libkoom-strip-dump::0x49760,0x49760,DIRECT_BL
libkoom-strip-dump.so,libkoom-strip-dump::0x49988,0x49988,libkoom-strip-dump::0x4a7e4,0x4a7e4,DIRECT_BL
libkoom-strip-dump.so,libkoom-strip-dump::0x49a34,0x49a34,libkoom-strip-dump::0x4a260,0x4a260,DIRECT_BL
libkoom-strip-dump.so,libkoom-strip-dump::0x49d5c,0x49d5c,libkoom-strip-dump::0x4a7e4,0x4a7e4,DIRECT_BL
libkoom-strip-dump.so,libkoom-strip-dump::0x49df4,0x49df4,libkoom-strip-dump::0x4a7e4,0x4a7e4,DIRECT_BL
libkoom-strip-dump.so,libkoom-strip-dump::0x49e50,0x49e50,libkoom-strip-dump::0x4a2e0,0x4a2e0,DIRECT_BL
libkoom-strip-dump.so,libkoom-strip-dump::0x49e50,0x49e50,libkoom-strip-dump::0x4a2e0,0x4a2e0,DIRECT_BL
libkoom-strip-dump.so,libkoom-strip-dump::0x49e50,0x49e50,libkoom-strip-dump::0x4a7cc,0x4a7cc,DIRECT_BL
libkoom-strip-dump.so,libkoom-strip-dump::0x49e50,0x49e50,libkoom-strip-dump::0x4a4ec,0x4a4ec,DIRECT_BL
libkoom-strip-dump.so,libkoom-strip-dump::0x49e50,0x49e50,libkoom-strip-dump::0x4a4ec,0x4a4ec,DIRECT_BL
libkoom-strip-dump.so,libkoom-strip-dump::0x49e50,0x49e50,libkoom-strip-dump::0x4a7cc,0x4a7cc,DIRECT_BL
libkoom-strip-dump.so,libkoom-strip-dump::0x4a2e0,0x4a2e0,libkoom-strip-dump::0x4a54c,0x4a54c,DIRECT_BL
libkoom-strip-dump.so,libkoom-strip-dump::0x4a54c,0x4a54c,libkoom-strip-dump::0x4a260,0x4a260,DIRECT_BL
libkoom-strip-dump.so,libkoom-strip-dump::0x4a7ec,0x4a7ec,libkoom-strip-dump::0x4ad98,0x4ad98,DIRECT_BL
libkoom-strip-dump.so,libkoom-strip-dump::0x4a8b0,0x4a8b0,libkoom-strip-dump::0x4ad1c,0x4ad1c,DIRECT_BL
libkoom-strip-dump.so,libkoom-strip-dump::0x4a8fc,0x4a8fc,libkoom-strip-dump::0x4ad88,0x4ad88,DIRECT_BL
libkoom-strip-dump.so,libkoom-strip-dump::0x4a8fc,0x4a8fc,libkoom-strip-dump::0x4ad88,0x4ad88,DIRECT_BL
libkoom-strip-dump.so,libkoom-strip-dump::0x4a8fc,0x4a8fc,libkoom-strip-dump::0x4ad88,0x4ad88,DIRECT_BL
libkoom-strip-dump.so,libkoom-strip-dump::0x4ad24,0x4ad24,libkoom-strip-dump::0x4ad98,0x4ad98,DIRECT_BL
libkoom-strip-dump.so,libkoom-strip-dump::0x4ad24,0x4ad24,libkoom-strip-dump::0x4ad98,0x4ad98,DIRECT_BL
libkoom-strip-dump.so,libkoom-strip-dump::0x4adbc,0x4adbc,libkoom-strip-dump::0x4adf0,0x4adf0,DIRECT_BL
libkoom-strip-dump.so,libkoom-strip-dump::0x4ae74,0x4ae74,libkoom-strip-dump::0x4b2e4,0x4b2e4,DIRECT_BL
libkoom-strip-dump.so,libkoom-strip-dump::0x4ae74,0x4ae74,libkoom-strip-dump::0x4b274,0x4b274,DIRECT_BL
libkoom-strip-dump.so,libkoom-strip-dump::0x4ae74,0x4ae74,libkoom-strip-dump::0x4b2f4,0x4b2f4,DIRECT_BL
libkoom-strip-dump.so,libkoom-strip-dump::0x4ae74,0x4ae74,libkoom-strip-dump::0x4b2d0,0x4b2d0,DIRECT_BL
libkoom-strip-dump.so,libkoom-strip-dump::0x4ae74,0x4ae74,libkoom-strip-dump::0x4b2e4,0x4b2e4,DIRECT_BL
libkoom-strip-dump.so,libkoom-strip-dump::0x4ae74,0x4ae74,libkoom-strip-dump::0x4b274,0x4b274,DIRECT_BL
libkoom-strip-dump.so,libkoom-strip-dump::0x4ae74,0x4ae74,libkoom-strip-dump::0x4b2f4,0x4b2f4,DIRECT_BL
libkoom-strip-dump.so,libkoom-strip-dump::0x4ae74,0x4ae74,libkoom-strip-dump::0x4b2d0,0x4b2d0,DIRECT_BL
libkoom-strip-dump.so,libkoom-strip-dump::0x4ae74,0x4ae74,libkoom-strip-dump::0x4b274,0x4b274,DIRECT_BL
libkoom-strip-dump.so,libkoom-strip-dump::0x4ae74,0x4ae74,libkoom-strip-dump::0x4b274,0x4b274,DIRECT_BL
libkoom-strip-dump.so,libkoom-strip-dump::0x4ae74,0x4ae74,libkoom-strip-dump::0x4b274,0x4b274,DIRECT_BL
libkoom-strip-dump.so,libkoom-strip-dump::0x4ae74,0x4ae74,libkoom-strip-dump::0x4b2f4,0x4b2f4,DIRECT_BL
libkoom-strip-dump.so,libkoom-strip-dump::0x4ae74,0x4ae74,libkoom-strip-dump::0x4b2d0,0x4b2d0,DIRECT_BL
libkoom-strip-dump.so,libkoom-strip-dump::0x4b274,0x4b274,libkoom-strip-dump::0x4adf0,0x4adf0,DIRECT_BL
libkoom-strip-dump.so,libkoom-strip-dump::0x4b320,0x4b320,libkoom-strip-dump::0x4b3e8,0x4b3e8,DIRECT_BL
libkoom-strip-dump.so,libkoom-strip-dump::0x4bdec,0x4bdec,libkoom-strip-dump::0x4b3e8,0x4b3e8,DIRECT_BL
libkoom-strip-dump.so,libkoom-strip-dump::0x4bdec,0x4bdec,libkoom-strip-dump::0x4b3e8,0x4b3e8,DIRECT_BL
libkoom-strip-dump.so,libkoom-strip-dump::0x4c5a0,0x4c5a0,libkoom-strip-dump::0x4c714,0x4c714,DIRECT_BL
libkoom-strip-dump.so,libkoom-strip-dump::0x4c714,0x4c714,libkoom-strip-dump::0x4e1e4,0x4e1e4,DIRECT_BL
libkoom-strip-dump.so,libkoom-strip-dump::0x4c714,0x4c714,libkoom-strip-dump::0x4e1e4,0x4e1e4,DIRECT_BL
libkoom-strip-dump.so,libkoom-strip-dump::0x4c714,0x4c714,libkoom-strip-dump::0x4e1e4,0x4e1e4,DIRECT_BL
libkoom-strip-dump.so,libkoom-strip-dump::0x4c714,0x4c714,libkoom-strip-dump::0x4e1e4,0x4e1e4,DIRECT_BL
libkoom-strip-dump.so,libkoom-strip-dump::0x4c714,0x4c714,libkoom-strip-dump::0x4e1e4,0x4e1e4,DIRECT_BL
libkoom-strip-dump.so,libkoom-strip-dump::0x4ca68,0x4ca68,libkoom-strip-dump::0x4e210,0x4e210,DIRECT_BL
libkoom-strip-dump.so,libkoom-strip-dump::0x4ccb0,0x4ccb0,libkoom-strip-dump::0x4e218,0x4e218,DIRECT_BL
libkoom-strip-dump.so,libkoom-strip-dump::0x4d2b0,0x4d2b0,libkoom-strip-dump::0x4e1f8,0x4e1f8,DIRECT_BL
libkoom-strip-dump.so,libkoom-strip-dump::0x4d2b0,0x4d2b0,libkoom-strip-dump::0x4e1f8,0x4e1f8,DIRECT_BL
libkoom-strip-dump.so,libkoom-strip-dump::0x4d2b0,0x4d2b0,libkoom-strip-dump::0x4ca68,0x4ca68,DIRECT_BL
libkoom-strip-dump.so,libkoom-strip-dump::0x4d2b0,0x4d2b0,libkoom-strip-dump::0x4e218,0x4e218,DIRECT_BL
libkoom-strip-dump.so,libkoom-strip-dump::0x4dbc8,0x4dbc8,libkoom-strip-dump::0x4ca68,0x4ca68,DIRECT_BL
libkoom-strip-dump.so,libkoom-strip-dump::0x4dbc8,0x4dbc8,libkoom-strip-dump::0x4e210,0x4e210,DIRECT_BL
libkoom-strip-dump.so,libkoom-strip-dump::0x4dbc8,0x4dbc8,libkoom-strip-dump::0x4e210,0x4e210,DIRECT_BL
libkoom-strip-dump.so,libkoom-strip-dump::0x4dc4c,0x4dc4c,libkoom-strip-dump::0x4e210,0x4e210,DIRECT_BL
libkoom-strip-dump.so,libkoom-strip-dump::0x4dc4c,0x4dc4c,libkoom-strip-dump::0x4e218,0x4e218,DIRECT_BL
libkoom-strip-dump.so,libkoom-strip-dump::0x4dc4c,0x4dc4c,libkoom-strip-dump::0x4e210,0x4e210,DIRECT_BL
libkoom-strip-dump.so,libkoom-strip-dump::0x4dc4c,0x4dc4c,libkoom-strip-dump::0x4e218,0x4e218,DIRECT_BL
libkoom-strip-dump.so,libkoom-strip-dump::0x4e258,0x4e258,libkoom-strip-dump::0x4e2d0,0x4e2d0,DIRECT_BL
libkoom-strip-dump.so,libkoom-strip-dump::0x4e2d4,0x4e2d4,libkoom-strip-dump::0x4f3a0,0x4f3a0,DIRECT_BL
libkoom-strip-dump.so,libkoom-strip-dump::0x4e2d4,0x4e2d4,libkoom-strip-dump::0x4f3a0,0x4f3a0,DIRECT_BL
libkoom-strip-dump.so,libkoom-strip-dump::0x4e2d4,0x4e2d4,libkoom-strip-dump::0x4f3b0,0x4f3b0,DIRECT_BL
libkoom-strip-dump.so,libkoom-strip-dump::0x4e4a4,0x4e4a4,libkoom-strip-dump::0x4ee80,0x4ee80,DIRECT_BL
libkoom-strip-dump.so,libkoom-strip-dump::0x4e518,0x4e518,libkoom-strip-dump::0x4e2d0,0x4e2d0,DIRECT_BL
libkoom-strip-dump.so,libkoom-strip-dump::0x4e554,0x4e554,libkoom-strip-dump::0x4efe8,0x4efe8,DIRECT_BL
libkoom-strip-dump.so,libkoom-strip-dump::0x4e554,0x4e554,libkoom-strip-dump::0x4eb88,0x4eb88,DIRECT_BL
libkoom-strip-dump.so,libkoom-strip-dump::0x4e68c,0x4e68c,libkoom-strip-dump::0x4f0d4,0x4f0d4,DIRECT_BL
libkoom-strip-dump.so,libkoom-strip-dump::0x4e68c,0x4e68c,libkoom-strip-dump::0x4f0d4,0x4f0d4,DIRECT_BL
libkoom-strip-dump.so,libkoom-strip-dump::0x4e68c,0x4e68c,libkoom-strip-dump::0x4f3bc,0x4f3bc,DIRECT_BL
libkoom-strip-dump.so,libkoom-strip-dump::0x4e68c,0x4e68c,libkoom-strip-dump::0x4f3bc,0x4f3bc,DIRECT_BL
libkoom-strip-dump.so,libkoom-strip-dump::0x4e68c,0x4e68c,libkoom-strip-dump::0x4efe8,0x4efe8,DIRECT_BL
libkoom-strip-dump.so,libkoom-strip-dump::0x4e68c,0x4e68c,libkoom-strip-dump::0x4ec40,0x4ec40,DIRECT_BL
libkoom-strip-dump.so,libkoom-strip-dump::0x4ec44,0x4ec44,libkoom-strip-dump::0x4f340,0x4f340,DIRECT_BL
libkoom-strip-dump.so,libkoom-strip-dump::0x4ec44,0x4ec44,libkoom-strip-dump::0x4f340,0x4f340,DIRECT_BL
libkoom-strip-dump.so,libkoom-strip-dump::0x4ec44,0x4ec44,libkoom-strip-dump::0x4f3b0,0x4f3b0,DIRECT_BL
libkoom-strip-dump.so,libkoom-strip-dump::0x4ed80,0x4ed80,libkoom-strip-dump::0x4e2d0,0x4e2d0,DIRECT_BL
libkoom-strip-dump.so,libkoom-strip-dump::0x4ee1c,0x4ee1c,libkoom-strip-dump::0x4eb88,0x4eb88,DIRECT_BL
libkoom-strip-dump.so,libkoom-strip-dump::0x4ee1c,0x4ee1c,libkoom-strip-dump::0x4ec40,0x4ec40,DIRECT_BL
libkoom-strip-dump.so,libkoom-strip-dump::0x4ee1c,0x4ee1c,libkoom-strip-dump::0x4f3b0,0x4f3b0,DIRECT_BL
libkoom-strip-dump.so,libkoom-strip-dump::0x4eec4,0x4eec4,libkoom-strip-dump::0x4f3b0,0x4f3b0,DIRECT_BL
libkoom-strip-dump.so,libkoom-strip-dump::0x4f6a4,0x4f6a4,libkoom-strip-dump::0x4fbd4,0x4fbd4,DIRECT_BL
libkoom-strip-dump.so,libkoom-strip-dump::0x4f6a4,0x4f6a4,libkoom-strip-dump::0x4fb84,0x4fb84,DIRECT_BL
libkoom-strip-dump.so,libkoom-strip-dump::0x4f6a4,0x4f6a4,libkoom-strip-dump::0x4fbd4,0x4fbd4,DIRECT_BL
libkoom-strip-dump.so,libkoom-strip-dump::0x4f6a4,0x4f6a4,libkoom-strip-dump::0x4fbe8,0x4fbe8,DIRECT_BL
libkoom-strip-dump.so,libkoom-strip-dump::0x4f6a4,0x4f6a4,libkoom-strip-dump::0x4fbe8,0x4fbe8,DIRECT_BL
libkoom-strip-dump.so,libkoom-strip-dump::0x4fc3c,0x4fc3c,libkoom-strip-dump::0x4fe38,0x4fe38,DIRECT_BL
libkoom-strip-dump.so,libkoom-strip-dump::0x4fc7c,0x4fc7c,libkoom-strip-dump::0x4fe38,0x4fe38,DIRECT_BL
libkoom-strip-dump.so,libkoom-strip-dump::0x4fcf0,0x4fcf0,libkoom-strip-dump::0x4fe4c,0x4fe4c,DIRECT_BL
libkoom-strip-dump.so,libkoom-strip-dump::0x4fd98,0x4fd98,libkoom-strip-dump::0x4fe4c,0x4fe4c,DIRECT_BL
libkoom-strip-dump.so,libkoom-strip-dump::0x4fdf8,0x4fdf8,libkoom-strip-dump::0x4fe4c,0x4fe4c,DIRECT_BL
libkoom-strip-dump.so,libkoom-strip-dump::0x4ff34,0x4ff34,libkoom-strip-dump::0x51488,0x51488,DIRECT_BL
libkoom-strip-dump.so,libkoom-strip-dump::0x4ff34,0x4ff34,libkoom-strip-dump::0x5139c,0x5139c,DIRECT_BL
libkoom-strip-dump.so,libkoom-strip-dump::0x4ffd4,0x4ffd4,libkoom-strip-dump::0x51088,0x51088,DIRECT_BL
libkoom-strip-dump.so,libkoom-strip-dump::0x4ffd4,0x4ffd4,libkoom-strip-dump::0x51088,0x51088,DIRECT_BL
libkoom-strip-dump.so,libkoom-strip-dump::0x4ffd4,0x4ffd4,libkoom-strip-dump::0x51460,0x51460,DIRECT_BL
libkoom-strip-dump.so,libkoom-strip-dump::0x4ffd4,0x4ffd4,libkoom-strip-dump::0x514a8,0x514a8,DIRECT_BL
libkoom-strip-dump.so,libkoom-strip-dump::0x4ffd4,0x4ffd4,libkoom-strip-dump::0x5149c,0x5149c,DIRECT_BL
libkoom-strip-dump.so,libkoom-strip-dump::0x4ffd4,0x4ffd4,libkoom-strip-dump::0x51490,0x51490,DIRECT_BL
libkoom-strip-dump.so,libkoom-strip-dump::0x4ffd4,0x4ffd4,libkoom-strip-dump::0x514a8,0x514a8,DIRECT_BL
libkoom-strip-dump.so,libkoom-strip-dump::0x4ffd4,0x4ffd4,libkoom-strip-dump::0x5149c,0x5149c,DIRECT_BL
libkoom-strip-dump.so,libkoom-strip-dump::0x4ffd4,0x4ffd4,libkoom-strip-dump::0x51490,0x51490,DIRECT_BL
libkoom-strip-dump.so,libkoom-strip-dump::0x4ffd4,0x4ffd4,libkoom-strip-dump::0x514a8,0x514a8,DIRECT_BL
libkoom-strip-dump.so,libkoom-strip-dump::0x4ffd4,0x4ffd4,libkoom-strip-dump::0x5149c,0x5149c,DIRECT_BL
libkoom-strip-dump.so,libkoom-strip-dump::0x4ffd4,0x4ffd4,libkoom-strip-dump::0x51490,0x51490,DIRECT_BL
libkoom-strip-dump.so,libkoom-strip-dump::0x4ffd4,0x4ffd4,libkoom-strip-dump::0x514a8,0x514a8,DIRECT_BL
libkoom-strip-dump.so,libkoom-strip-dump::0x4ffd4,0x4ffd4,libkoom-strip-dump::0x5149c,0x5149c,DIRECT_BL
libkoom-strip-dump.so,libkoom-strip-dump::0x4ffd4,0x4ffd4,libkoom-strip-dump::0x51490,0x51490,DIRECT_BL
libkoom-strip-dump.so,libkoom-strip-dump::0x4ffd4,0x4ffd4,libkoom-strip-dump::0x51418,0x51418,DIRECT_BL
libkoom-strip-dump.so,libkoom-strip-dump::0x4ffd4,0x4ffd4,libkoom-strip-dump::0x51418,0x51418,DIRECT_BL
libkoom-strip-dump.so,libkoom-strip-dump::0x4ffd4,0x4ffd4,libkoom-strip-dump::0x51418,0x51418,DIRECT_BL
libkoom-strip-dump.so,libkoom-strip-dump::0x4ffd4,0x4ffd4,libkoom-strip-dump::0x51474,0x51474,DIRECT_BL
libkoom-strip-dump.so,libkoom-strip-dump::0x4ffd4,0x4ffd4,libkoom-strip-dump::0x510c0,0x510c0,DIRECT_BL
libkoom-strip-dump.so,libkoom-strip-dump::0x4ffd4,0x4ffd4,libkoom-strip-dump::0x51418,0x51418,DIRECT_BL
libkoom-strip-dump.so,libkoom-strip-dump::0x4ffd4,0x4ffd4,libkoom-strip-dump::0x51438,0x51438,DIRECT_BL
libkoom-strip-dump.so,libkoom-strip-dump::0x4ffd4,0x4ffd4,libkoom-strip-dump::0x51454,0x51454,DIRECT_BL
libkoom-strip-dump.so,libkoom-strip-dump::0x4ffd4,0x4ffd4,libkoom-strip-dump::0x51438,0x51438,DIRECT_BL
libkoom-strip-dump.so,libkoom-strip-dump::0x4ffd4,0x4ffd4,libkoom-strip-dump::0x51438,0x51438,DIRECT_BL
libkoom-strip-dump.so,libkoom-strip-dump::0x4ffd4,0x4ffd4,libkoom-strip-dump::0x511cc,0x511cc,DIRECT_BL
libkoom-strip-dump.so,libkoom-strip-dump::0x4ffd4,0x4ffd4,libkoom-strip-dump::0x511cc,0x511cc,DIRECT_BL
libkoom-strip-dump.so,libkoom-strip-dump::0x4ffd4,0x4ffd4,libkoom-strip-dump::0x5139c,0x5139c,DIRECT_BL
libkoom-strip-dump.so,libkoom-strip-dump::0x4ffd4,0x4ffd4,libkoom-strip-dump::0x5139c,0x5139c,DIRECT_BL
libkoom-strip-dump.so,libkoom-strip-dump::0x4ffd4,0x4ffd4,libkoom-strip-dump::0x51400,0x51400,DIRECT_BL
libkoom-strip-dump.so,libkoom-strip-dump::0x4ffd4,0x4ffd4,libkoom-strip-dump::0x5139c,0x5139c,DIRECT_BL
libkoom-strip-dump.so,libkoom-strip-dump::0x4ffd4,0x4ffd4,libkoom-strip-dump::0x513e8,0x513e8,DIRECT_BL
libkoom-strip-dump.so,libkoom-strip-dump::0x50478,0x50478,libkoom-strip-dump::0x5133c,0x5133c,DIRECT_BL
libkoom-strip-dump.so,libkoom-strip-dump::0x50478,0x50478,libkoom-strip-dump::0x5139c,0x5139c,DIRECT_BL
libkoom-strip-dump.so,libkoom-strip-dump::0x504ac,0x504ac,libkoom-strip-dump::0x51088,0x51088,DIRECT_BL
libkoom-strip-dump.so,libkoom-strip-dump::0x504ac,0x504ac,libkoom-strip-dump::0x51088,0x51088,DIRECT_BL
libkoom-strip-dump.so,libkoom-strip-dump::0x504ac,0x504ac,libkoom-strip-dump::0x51460,0x51460,DIRECT_BL
libkoom-strip-dump.so,libkoom-strip-dump::0x504ac,0x504ac,libkoom-strip-dump::0x513d4,0x513d4,DIRECT_BL
libkoom-strip-dump.so,libkoom-strip-dump::0x504ac,0x504ac,libkoom-strip-dump::0x513d4,0x513d4,DIRECT_BL
libkoom-strip-dump.so,libkoom-strip-dump::0x504ac,0x504ac,libkoom-strip-dump::0x513d4,0x513d4,DIRECT_BL
libkoom-strip-dump.so,libkoom-strip-dump::0x504ac,0x504ac,libkoom-strip-dump::0x513d4,0x513d4,DIRECT_BL
libkoom-strip-dump.so,libkoom-strip-dump::0x504ac,0x504ac,libkoom-strip-dump::0x51428,0x51428,DIRECT_BL
libkoom-strip-dump.so,libkoom-strip-dump::0x504ac,0x504ac,libkoom-strip-dump::0x51428,0x51428,DIRECT_BL
libkoom-strip-dump.so,libkoom-strip-dump::0x504ac,0x504ac,libkoom-strip-dump::0x51428,0x51428,DIRECT_BL
libkoom-strip-dump.so,libkoom-strip-dump::0x504ac,0x504ac,libkoom-strip-dump::0x51428,0x51428,DIRECT_BL
libkoom-strip-dump.so,libkoom-strip-dump::0x504ac,0x504ac,libkoom-strip-dump::0x51474,0x51474,DIRECT_BL
libkoom-strip-dump.so,libkoom-strip-dump::0x504ac,0x504ac,libkoom-strip-dump::0x510c0,0x510c0,DIRECT_BL
libkoom-strip-dump.so,libkoom-strip-dump::0x504ac,0x504ac,libkoom-strip-dump::0x512cc,0x512cc,DIRECT_BL
libkoom-strip-dump.so,libkoom-strip-dump::0x504ac,0x504ac,libkoom-strip-dump::0x512cc,0x512cc,DIRECT_BL
libkoom-strip-dump.so,libkoom-strip-dump::0x504ac,0x504ac,libkoom-strip-dump::0x514b4,0x514b4,DIRECT_BL
libkoom-strip-dump.so,libkoom-strip-dump::0x504ac,0x504ac,libkoom-strip-dump::0x514b4,0x514b4,DIRECT_BL
libkoom-strip-dump.so,libkoom-strip-dump::0x504ac,0x504ac,libkoom-strip-dump::0x51454,0x51454,DIRECT_BL
libkoom-strip-dump.so,libkoom-strip-dump::0x504ac,0x504ac,libkoom-strip-dump::0x5139c,0x5139c,DIRECT_BL
libkoom-strip-dump.so,libkoom-strip-dump::0x504ac,0x504ac,libkoom-strip-dump::0x5139c,0x5139c,DIRECT_BL
libkoom-strip-dump.so,libkoom-strip-dump::0x504ac,0x504ac,libkoom-strip-dump::0x51400,0x51400,DIRECT_BL
libkoom-strip-dump.so,libkoom-strip-dump::0x504ac,0x504ac,libkoom-strip-dump::0x5139c,0x5139c,DIRECT_BL
libkoom-strip-dump.so,libkoom-strip-dump::0x504ac,0x504ac,libkoom-strip-dump::0x513e8,0x513e8,DIRECT_BL
libkoom-strip-dump.so,libkoom-strip-dump::0x50998,0x50998,libkoom-strip-dump::0x5139c,0x5139c,DIRECT_BL
libkoom-strip-dump.so,libkoom-strip-dump::0x50a24,0x50a24,libkoom-strip-dump::0x51448,0x51448,DIRECT_BL
libkoom-strip-dump.so,libkoom-strip-dump::0x50a24,0x50a24,libkoom-strip-dump::0x51448,0x51448,DIRECT_BL
libkoom-strip-dump.so,libkoom-strip-dump::0x50a24,0x50a24,libkoom-strip-dump::0x51448,0x51448,DIRECT_BL
libkoom-strip-dump.so,libkoom-strip-dump::0x50a24,0x50a24,libkoom-strip-dump::0x50d84,0x50d84,DIRECT_BL
libkoom-strip-dump.so,libkoom-strip-dump::0x50a24,0x50a24,libkoom-strip-dump::0x50d84,0x50d84,DIRECT_BL
libkoom-strip-dump.so,libkoom-strip-dump::0x50a24,0x50a24,libkoom-strip-dump::0x50c04,0x50c04,DIRECT_BL
libkoom-strip-dump.so,libkoom-strip-dump::0x50a24,0x50a24,libkoom-strip-dump::0x5139c,0x5139c,DIRECT_BL
libkoom-strip-dump.so,libkoom-strip-dump::0x50c08,0x50c08,libkoom-strip-dump::0x51448,0x51448,DIRECT_BL
libkoom-strip-dump.so,libkoom-strip-dump::0x50c08,0x50c08,libkoom-strip-dump::0x5139c,0x5139c,DIRECT_BL
libkoom-strip-dump.so,libkoom-strip-dump::0x50c08,0x50c08,libkoom-strip-dump::0x5139c,0x5139c,DIRECT_BL
libkoom-strip-dump.so,libkoom-strip-dump::0x50c08,0x50c08,libkoom-strip-dump::0x8130c,0x8130c,DIRECT_BL
libkoom-strip-dump.so,libkoom-strip-dump::0x50d90,0x50d90,libkoom-strip-dump::0x51488,0x51488,DIRECT_BL
libkoom-strip-dump.so,libkoom-strip-dump::0x50d90,0x50d90,libkoom-strip-dump::0x5139c,0x5139c,DIRECT_BL
libkoom-strip-dump.so,libkoom-strip-dump::0x50e1c,0x50e1c,libkoom-strip-dump::0x5133c,0x5133c,DIRECT_BL
libkoom-strip-dump.so,libkoom-strip-dump::0x50e1c,0x50e1c,libkoom-strip-dump::0x5139c,0x5139c,DIRECT_BL
libkoom-strip-dump.so,libkoom-strip-dump::0x50e4c,0x50e4c,libkoom-strip-dump::0x51488,0x51488,DIRECT_BL
libkoom-strip-dump.so,libkoom-strip-dump::0x50e4c,0x50e4c,libkoom-strip-dump::0x51448,0x51448,DIRECT_BL
libkoom-strip-dump.so,libkoom-strip-dump::0x50e4c,0x50e4c,libkoom-strip-dump::0x5139c,0x5139c,DIRECT_BL
libkoom-strip-dump.so,libkoom-strip-dump::0x50fec,0x50fec,libkoom-strip-dump::0x5139c,0x5139c,DIRECT_BL
libkoom-strip-dump.so,libkoom-strip-dump::0x511d0,0x511d0,libkoom-strip-dump::0x513a8,0x513a8,DIRECT_BL
libkoom-strip-dump.so,libkoom-strip-dump::0x512d0,0x512d0,libkoom-strip-dump::0x513a8,0x513a8,DIRECT_BL
libkoom-strip-dump.so,libkoom-strip-dump::0x514d4,0x514d4,libkoom-strip-dump::0x52da4,0x52da4,DIRECT_BL
libkoom-strip-dump.so,libkoom-strip-dump::0x514d4,0x514d4,libkoom-strip-dump::0x53610,0x53610,DIRECT_BL
libkoom-strip-dump.so,libkoom-strip-dump::0x514d4,0x514d4,libkoom-strip-dump::0x53610,0x53610,DIRECT_BL
libkoom-strip-dump.so,libkoom-strip-dump::0x514d4,0x514d4,libkoom-strip-dump::0x53644,0x53644,DIRECT_BL
libkoom-strip-dump.so,libkoom-strip-dump::0x51670,0x51670,libkoom-strip-dump::0x3a988,0x3a988,DIRECT_BL
libkoom-strip-dump.so,libkoom-strip-dump::0x51690,0x51690,libkoom-strip-dump::0x5361c,0x5361c,DIRECT_BL
libkoom-strip-dump.so,libkoom-strip-dump::0x51690,0x51690,libkoom-strip-dump::0x53610,0x53610,DIRECT_BL
libkoom-strip-dump.so,libkoom-strip-dump::0x51690,0x51690,libkoom-strip-dump::0x53610,0x53610,DIRECT_BL
libkoom-strip-dump.so,libkoom-strip-dump::0x51690,0x51690,libkoom-strip-dump::0x53644,0x53644,DIRECT_BL
libkoom-strip-dump.so,libkoom-strip-dump::0x5170c,0x5170c,libkoom-strip-dump::0x3a988,0x3a988,DIRECT_BL
libkoom-strip-dump.so,libkoom-strip-dump::0x5172c,0x5172c,libkoom-strip-dump::0x5361c,0x5361c,DIRECT_BL
libkoom-strip-dump.so,libkoom-strip-dump::0x5172c,0x5172c,libkoom-strip-dump::0x53610,0x53610,DIRECT_BL
libkoom-strip-dump.so,libkoom-strip-dump::0x5172c,0x5172c,libkoom-strip-dump::0x53610,0x53610,DIRECT_BL
libkoom-strip-dump.so,libkoom-strip-dump::0x5172c,0x5172c,libkoom-strip-dump::0x53644,0x53644,DIRECT_BL
libkoom-strip-dump.so,libkoom-strip-dump::0x517b0,0x517b0,libkoom-strip-dump::0x53634,0x53634,DIRECT_BL
libkoom-strip-dump.so,libkoom-strip-dump::0x517b0,0x517b0,libkoom-strip-dump::0x53634,0x53634,DIRECT_BL
libkoom-strip-dump.so,libkoom-strip-dump::0x517b0,0x517b0,libkoom-strip-dump::0x5364c,0x5364c,DIRECT_BL
libkoom-strip-dump.so,libkoom-strip-dump::0x517b0,0x517b0,libkoom-strip-dump::0x53610,0x53610,DIRECT_BL
libkoom-strip-dump.so,libkoom-strip-dump::0x517b0,0x517b0,libkoom-strip-dump::0x5364c,0x5364c,DIRECT_BL
libkoom-strip-dump.so,libkoom-strip-dump::0x517b0,0x517b0,libkoom-strip-dump::0x53610,0x53610,DIRECT_BL
libkoom-strip-dump.so,libkoom-strip-dump::0x517b0,0x517b0,libkoom-strip-dump::0x8130c,0x8130c,DIRECT_BL
libkoom-strip-dump.so,libkoom-strip-dump::0x51de4,0x51de4,libkoom-strip-dump::0x51fac,0x51fac,DIRECT_BL
libkoom-strip-dump.so,libkoom-strip-dump::0x51de4,0x51de4,libkoom-strip-dump::0x52024,0x52024,DIRECT_BL
libkoom-strip-dump.so,libkoom-strip-dump::0x51de4,0x51de4,libkoom-strip-dump::0x8130c,0x8130c,DIRECT_BL
libkoom-strip-dump.so,libkoom-strip-dump::0x51e58,0x51e58,libkoom-strip-dump::0x520b4,0x520b4,DIRECT_BL
libkoom-strip-dump.so,libkoom-strip-dump::0x51e58,0x51e58,libkoom-strip-dump::0x52108,0x52108,DIRECT_BL
libkoom-strip-dump.so,libkoom-strip-dump::0x51e58,0x51e58,libkoom-strip-dump::0x51fac,0x51fac,DIRECT_BL
libkoom-strip-dump.so,libkoom-strip-dump::0x51e58,0x51e58,libkoom-strip-dump::0x3a988,0x3a988,DIRECT_BL
libkoom-strip-dump.so,libkoom-strip-dump::0x51fac,0x51fac,libkoom-strip-dump::0x51fd4,0x51fd4,DIRECT_BL
libkoom-strip-dump.so,libkoom-strip-dump::0x52024,0x52024,libkoom-strip-dump::0x5204c,0x5204c,DIRECT_BL
libkoom-strip-dump.so,libkoom-strip-dump::0x5209c,0x5209c,libkoom-strip-dump::0x3a988,0x3a988,DIRECT_BL
libkoom-strip-dump.so,libkoom-strip-dump::0x520bc,0x520bc,libkoom-strip-dump::0x5204c,0x5204c,DIRECT_BL
libkoom-strip-dump.so,libkoom-strip-dump::0x52110,0x52110,libkoom-strip-dump::0x51fd4,0x51fd4,DIRECT_BL
libkoom-strip-dump.so,libkoom-strip-dump::0x52210,0x52210,libkoom-strip-dump::0x524d4,0x524d4,DIRECT_BL
libkoom-strip-dump.so,libkoom-strip-dump::0x52210,0x52210,libkoom-strip-dump::0x524d4,0x524d4,DIRECT_BL
libkoom-strip-dump.so,libkoom-strip-dump::0x52210,0x52210,libkoom-strip-dump::0x8130c,0x8130c,DIRECT_BL
libkoom-strip-dump.so,libkoom-strip-dump::0x525b4,0x525b4,libkoom-strip-dump::0x526f8,0x526f8,DIRECT_BL
libkoom-strip-dump.so,libkoom-strip-dump::0x52708,0x52708,libkoom-strip-dump::0x398a0,0x398a0,DIRECT_BL
libkoom-strip-dump.so,libkoom-strip-dump::0x5272c,0x5272c,libkoom-strip-dump::0x5281c,0x5281c,DIRECT_BL
libkoom-strip-dump.so,libkoom-strip-dump::0x5272c,0x5272c,libkoom-strip-dump::0x52ce4,0x52ce4,DIRECT_BL
libkoom-strip-dump.so,libkoom-strip-dump::0x52828,0x52828,libkoom-strip-dump::0x52848,0x52848,DIRECT_BL
libkoom-strip-dump.so,libkoom-strip-dump::0x52828,0x52828,libkoom-strip-dump::0x3a988,0x3a988,DIRECT_BL
libkoom-strip-dump.so,libkoom-strip-dump::0x5284c,0x5284c,libkoom-strip-dump::0x5289c,0x5289c,DIRECT_BL
libkoom-strip-dump.so,libkoom-strip-dump::0x5289c,0x5289c,libkoom-strip-dump::0x52c80,0x52c80,DIRECT_BL
libkoom-strip-dump.so,libkoom-strip-dump::0x5289c,0x5289c,libkoom-strip-dump::0x52cb0,0x52cb0,DIRECT_BL
libkoom-strip-dump.so,libkoom-strip-dump::0x5289c,0x5289c,libkoom-strip-dump::0x52cb0,0x52cb0,DIRECT_BL
libkoom-strip-dump.so,libkoom-strip-dump::0x5289c,0x5289c,libkoom-strip-dump::0x52cb0,0x52cb0,DIRECT_BL
libkoom-strip-dump.so,libkoom-strip-dump::0x5289c,0x5289c,libkoom-strip-dump::0x52cb0,0x52cb0,DIRECT_BL
libkoom-strip-dump.so,libkoom-strip-dump::0x5289c,0x5289c,libkoom-strip-dump::0x52c80,0x52c80,DIRECT_BL
libkoom-strip-dump.so,libkoom-strip-dump::0x5289c,0x5289c,libkoom-strip-dump::0x52c80,0x52c80,DIRECT_BL
libkoom-strip-dump.so,libkoom-strip-dump::0x52a90,0x52a90,libkoom-strip-dump::0x52c80,0x52c80,DIRECT_BL
libkoom-strip-dump.so,libkoom-strip-dump::0x52da8,0x52da8,libkoom-strip-dump::0x52dfc,0x52dfc,DIRECT_BL
libkoom-strip-dump.so,libkoom-strip-dump::0x52da8,0x52da8,libkoom-strip-dump::0x52f30,0x52f30,DIRECT_BL
libkoom-strip-dump.so,libkoom-strip-dump::0x52f5c,0x52f5c,libkoom-strip-dump::0x5281c,0x5281c,DIRECT_BL
libkoom-strip-dump.so,libkoom-strip-dump::0x52f5c,0x52f5c,libkoom-strip-dump::0x52ce4,0x52ce4,DIRECT_BL
libkoom-strip-dump.so,libkoom-strip-dump::0x52f5c,0x52f5c,libkoom-strip-dump::0x52f30,0x52f30,DIRECT_BL
libkoom-strip-dump.so,libkoom-strip-dump::0x52f5c,0x52f5c,libkoom-strip-dump::0x52f30,0x52f30,DIRECT_BL
libkoom-strip-dump.so,libkoom-strip-dump::0x52f5c,0x52f5c,libkoom-strip-dump::0x8130c,0x8130c,DIRECT_BL
libkoom-strip-dump.so,libkoom-strip-dump::0x53318,0x53318,libkoom-strip-dump::0x5345c,0x5345c,DIRECT_BL
libkoom-strip-dump.so,libkoom-strip-dump::0x5346c,0x5346c,libkoom-strip-dump::0x398a0,0x398a0,DIRECT_BL
libkoom-strip-dump.so,libkoom-strip-dump::0x53520,0x53520,libkoom-strip-dump::0x5281c,0x5281c,DIRECT_BL
libkoom-strip-dump.so,libkoom-strip-dump::0x53520,0x53520,libkoom-strip-dump::0x52ce4,0x52ce4,DIRECT_BL
libkoom-strip-dump.so,libkoom-strip-dump::0x53658,0x53658,libkoom-strip-dump::0x540bc,0x540bc,DIRECT_BL
libkoom-strip-dump.so,libkoom-strip-dump::0x53658,0x53658,libkoom-strip-dump::0x53690,0x53690,DIRECT_BL
libkoom-strip-dump.so,libkoom-strip-dump::0x536d0,0x536d0,libkoom-strip-dump::0x540bc,0x540bc,DIRECT_BL
libkoom-strip-dump.so,libkoom-strip-dump::0x536d0,0x536d0,libkoom-strip-dump::0x53718,0x53718,DIRECT_BL
libkoom-strip-dump.so,libkoom-strip-dump::0x53754,0x53754,libkoom-strip-dump::0x5408c,0x5408c,DIRECT_BL
libkoom-strip-dump.so,libkoom-strip-dump::0x5379c,0x5379c,libkoom-strip-dump::0x5408c,0x5408c,DIRECT_BL
libkoom-strip-dump.so,libkoom-strip-dump::0x5379c,0x5379c,libkoom-strip-dump::0x53690,0x53690,DIRECT_BL
libkoom-strip-dump.so,libkoom-strip-dump::0x537f0,0x537f0,libkoom-strip-dump::0x5408c,0x5408c,DIRECT_BL
libkoom-strip-dump.so,libkoom-strip-dump::0x537f0,0x537f0,libkoom-strip-dump::0x53718,0x53718,DIRECT_BL
libkoom-strip-dump.so,libkoom-strip-dump::0x541a4,0x541a4,libkoom-strip-dump::0x54438,0x54438,DIRECT_BL
libkoom-strip-dump.so,libkoom-strip-dump::0x541a4,0x541a4,libkoom-strip-dump::0x54438,0x54438,DIRECT_BL
libkoom-strip-dump.so,libkoom-strip-dump::0x541a4,0x541a4,libkoom-strip-dump::0x54438,0x54438,DIRECT_BL
libkoom-strip-dump.so,libkoom-strip-dump::0x54448,0x54448,libkoom-strip-dump::0x54634,0x54634,DIRECT_BL
libkoom-strip-dump.so,libkoom-strip-dump::0x54448,0x54448,libkoom-strip-dump::0x55128,0x55128,DIRECT_BL
libkoom-strip-dump.so,libkoom-strip-dump::0x54448,0x54448,libkoom-strip-dump::0x55184,0x55184,DIRECT_BL
libkoom-strip-dump.so,libkoom-strip-dump::0x54448,0x54448,libkoom-strip-dump::0x55110,0x55110,DIRECT_BL
libkoom-strip-dump.so,libkoom-strip-dump::0x54448,0x54448,libkoom-strip-dump::0x55184,0x55184,DIRECT_BL
libkoom-strip-dump.so,libkoom-strip-dump::0x54448,0x54448,libkoom-strip-dump::0x55184,0x55184,DIRECT_BL
libkoom-strip-dump.so,libkoom-strip-dump::0x54448,0x54448,libkoom-strip-dump::0x55128,0x55128,DIRECT_BL
libkoom-strip-dump.so,libkoom-strip-dump::0x54448,0x54448,libkoom-strip-dump::0x55110,0x55110,DIRECT_BL
libkoom-strip-dump.so,libkoom-strip-dump::0x54448,0x54448,libkoom-strip-dump::0x55170,0x55170,DIRECT_BL
libkoom-strip-dump.so,libkoom-strip-dump::0x54638,0x54638,libkoom-strip-dump::0x55110,0x55110,DIRECT_BL
libkoom-strip-dump.so,libkoom-strip-dump::0x54638,0x54638,libkoom-strip-dump::0x55110,0x55110,DIRECT_BL
libkoom-strip-dump.so,libkoom-strip-dump::0x54638,0x54638,libkoom-strip-dump::0x55170,0x55170,DIRECT_BL
libkoom-strip-dump.so,libkoom-strip-dump::0x547d0,0x547d0,libkoom-strip-dump::0x55130,0x55130,DIRECT_BL
libkoom-strip-dump.so,libkoom-strip-dump::0x547d0,0x547d0,libkoom-strip-dump::0x54838,0x54838,DIRECT_BL
libkoom-strip-dump.so,libkoom-strip-dump::0x547d0,0x547d0,libkoom-strip-dump::0x5511c,0x5511c,DIRECT_BL
libkoom-strip-dump.so,libkoom-strip-dump::0x547d0,0x547d0,libkoom-strip-dump::0x55190,0x55190,DIRECT_BL
libkoom-strip-dump.so,libkoom-strip-dump::0x547d0,0x547d0,libkoom-strip-dump::0x55110,0x55110,DIRECT_BL
libkoom-strip-dump.so,libkoom-strip-dump::0x5483c,0x5483c,libkoom-strip-dump::0x55110,0x55110,DIRECT_BL
libkoom-strip-dump.so,libkoom-strip-dump::0x54924,0x54924,libkoom-strip-dump::0x55150,0x55150,DIRECT_BL
libkoom-strip-dump.so,libkoom-strip-dump::0x54924,0x54924,libkoom-strip-dump::0x55130,0x55130,DIRECT_BL
libkoom-strip-dump.so,libkoom-strip-dump::0x54924,0x54924,libkoom-strip-dump::0x54838,0x54838,DIRECT_BL
libkoom-strip-dump.so,libkoom-strip-dump::0x54924,0x54924,libkoom-strip-dump::0x5511c,0x5511c,DIRECT_BL
libkoom-strip-dump.so,libkoom-strip-dump::0x54924,0x54924,libkoom-strip-dump::0x55110,0x55110,DIRECT_BL
libkoom-strip-dump.so,libkoom-strip-dump::0x549c8,0x549c8,libkoom-strip-dump::0x55150,0x55150,DIRECT_BL
libkoom-strip-dump.so,libkoom-strip-dump::0x549c8,0x549c8,libkoom-strip-dump::0x55130,0x55130,DIRECT_BL
libkoom-strip-dump.so,libkoom-strip-dump::0x549c8,0x549c8,libkoom-strip-dump::0x54838,0x54838,DIRECT_BL
libkoom-strip-dump.so,libkoom-strip-dump::0x549c8,0x549c8,libkoom-strip-dump::0x5511c,0x5511c,DIRECT_BL
libkoom-strip-dump.so,libkoom-strip-dump::0x549c8,0x549c8,libkoom-strip-dump::0x55190,0x55190,DIRECT_BL
libkoom-strip-dump.so,libkoom-strip-dump::0x549c8,0x549c8,libkoom-strip-dump::0x55110,0x55110,DIRECT_BL
libkoom-strip-dump.so,libkoom-strip-dump::0x54a48,0x54a48,libkoom-strip-dump::0x55140,0x55140,DIRECT_BL
libkoom-strip-dump.so,libkoom-strip-dump::0x54a48,0x54a48,libkoom-strip-dump::0x54838,0x54838,DIRECT_BL
libkoom-strip-dump.so,libkoom-strip-dump::0x54a48,0x54a48,libkoom-strip-dump::0x54838,0x54838,DIRECT_BL
libkoom-strip-dump.so,libkoom-strip-dump::0x54b2c,0x54b2c,libkoom-strip-dump::0x55140,0x55140,DIRECT_BL
libkoom-strip-dump.so,libkoom-strip-dump::0x54b68,0x54b68,libkoom-strip-dump::0x55150,0x55150,DIRECT_BL
libkoom-strip-dump.so,libkoom-strip-dump::0x54b68,0x54b68,libkoom-strip-dump::0x54c38,0x54c38,DIRECT_BL
libkoom-strip-dump.so,libkoom-strip-dump::0x54b68,0x54b68,libkoom-strip-dump::0x548d8,0x548d8,DIRECT_BL
libkoom-strip-dump.so,libkoom-strip-dump::0x54b68,0x54b68,libkoom-strip-dump::0x55110,0x55110,DIRECT_BL
libkoom-strip-dump.so,libkoom-strip-dump::0x54b68,0x54b68,libkoom-strip-dump::0x55110,0x55110,DIRECT_BL
libkoom-strip-dump.so,libkoom-strip-dump::0x54b68,0x54b68,libkoom-strip-dump::0x55170,0x55170,DIRECT_BL
libkoom-strip-dump.so,libkoom-strip-dump::0x54c80,0x54c80,libkoom-strip-dump::0x55184,0x55184,DIRECT_BL
libkoom-strip-dump.so,libkoom-strip-dump::0x54c80,0x54c80,libkoom-strip-dump::0x54634,0x54634,DIRECT_BL
libkoom-strip-dump.so,libkoom-strip-dump::0x54c80,0x54c80,libkoom-strip-dump::0x55128,0x55128,DIRECT_BL
libkoom-strip-dump.so,libkoom-strip-dump::0x54c80,0x54c80,libkoom-strip-dump::0x54838,0x54838,DIRECT_BL
libkoom-strip-dump.so,libkoom-strip-dump::0x54c80,0x54c80,libkoom-strip-dump::0x55178,0x55178,DIRECT_BL
libkoom-strip-dump.so,libkoom-strip-dump::0x54c80,0x54c80,libkoom-strip-dump::0x55160,0x55160,DIRECT_BL
libkoom-strip-dump.so,libkoom-strip-dump::0x54c80,0x54c80,libkoom-strip-dump::0x55178,0x55178,DIRECT_BL
libkoom-strip-dump.so,libkoom-strip-dump::0x54c80,0x54c80,libkoom-strip-dump::0x54838,0x54838,DIRECT_BL
libkoom-strip-dump.so,libkoom-strip-dump::0x54c80,0x54c80,libkoom-strip-dump::0x55178,0x55178,DIRECT_BL
libkoom-strip-dump.so,libkoom-strip-dump::0x54c80,0x54c80,libkoom-strip-dump::0x54838,0x54838,DIRECT_BL
libkoom-strip-dump.so,libkoom-strip-dump::0x54c80,0x54c80,libkoom-strip-dump::0x55178,0x55178,DIRECT_BL
libkoom-strip-dump.so,libkoom-strip-dump::0x54c80,0x54c80,libkoom-strip-dump::0x55160,0x55160,DIRECT_BL
libkoom-strip-dump.so,libkoom-strip-dump::0x54c80,0x54c80,libkoom-strip-dump::0x80fc0,0x80fc0,DIRECT_BL
libkoom-strip-dump.so,libkoom-strip-dump::0x54c80,0x54c80,libkoom-strip-dump::0x55110,0x55110,DIRECT_BL
libkoom-strip-dump.so,libkoom-strip-dump::0x54c80,0x54c80,libkoom-strip-dump::0x55128,0x55128,DIRECT_BL
libkoom-strip-dump.so,libkoom-strip-dump::0x54c80,0x54c80,libkoom-strip-dump::0x55110,0x55110,DIRECT_BL
libkoom-strip-dump.so,libkoom-strip-dump::0x54c80,0x54c80,libkoom-strip-dump::0x55170,0x55170,DIRECT_BL
libkoom-strip-dump.so,libkoom-strip-dump::0x54fcc,0x54fcc,libkoom-strip-dump::0x80fc0,0x80fc0,DIRECT_BL
libkoom-strip-dump.so,libkoom-strip-dump::0x551d4,0x551d4,libkoom-strip-dump::0x55694,0x55694,DIRECT_BL
libkoom-strip-dump.so,libkoom-strip-dump::0x551d4,0x551d4,libkoom-strip-dump::0x5554c,0x5554c,DIRECT_BL
libkoom-strip-dump.so,libkoom-strip-dump::0x551d4,0x551d4,libkoom-strip-dump::0x554a4,0x554a4,DIRECT_BL
libkoom-strip-dump.so,libkoom-strip-dump::0x551d4,0x551d4,libkoom-strip-dump::0x80f90,0x80f90,DIRECT_BL
libkoom-strip-dump.so,libkoom-strip-dump::0x551d4,0x551d4,libkoom-strip-dump::0x5566c,0x5566c,DIRECT_BL
libkoom-strip-dump.so,libkoom-strip-dump::0x551d4,0x551d4,libkoom-strip-dump::0x556b0,0x556b0,DIRECT_BL
libkoom-strip-dump.so,libkoom-strip-dump::0x551d4,0x551d4,libkoom-strip-dump::0x55694,0x55694,DIRECT_BL
libkoom-strip-dump.so,libkoom-strip-dump::0x551d4,0x551d4,libkoom-strip-dump::0x81020,0x81020,DIRECT_BL
libkoom-strip-dump.so,libkoom-strip-dump::0x551d4,0x551d4,libkoom-strip-dump::0x80f90,0x80f90,DIRECT_BL
libkoom-strip-dump.so,libkoom-strip-dump::0x551d4,0x551d4,libkoom-strip-dump::0x5566c,0x5566c,DIRECT_BL
libkoom-strip-dump.so,libkoom-strip-dump::0x551d4,0x551d4,libkoom-strip-dump::0x556b0,0x556b0,DIRECT_BL
libkoom-strip-dump.so,libkoom-strip-dump::0x551d4,0x551d4,libkoom-strip-dump::0x55694,0x55694,DIRECT_BL
libkoom-strip-dump.so,libkoom-strip-dump::0x551d4,0x551d4,libkoom-strip-dump::0x81020,0x81020,DIRECT_BL
libkoom-strip-dump.so,libkoom-strip-dump::0x551d4,0x551d4,libkoom-strip-dump::0x556a0,0x556a0,DIRECT_BL
libkoom-strip-dump.so,libkoom-strip-dump::0x551d4,0x551d4,libkoom-strip-dump::0x55694,0x55694,DIRECT_BL
libkoom-strip-dump.so,libkoom-strip-dump::0x551d4,0x551d4,libkoom-strip-dump::0x554a4,0x554a4,DIRECT_BL
libkoom-strip-dump.so,libkoom-strip-dump::0x551d4,0x551d4,libkoom-strip-dump::0x556a0,0x556a0,DIRECT_BL
libkoom-strip-dump.so,libkoom-strip-dump::0x551d4,0x551d4,libkoom-strip-dump::0x81020,0x81020,DIRECT_BL
libkoom-strip-dump.so,libkoom-strip-dump::0x551d4,0x551d4,libkoom-strip-dump::0x81020,0x81020,DIRECT_BL
libkoom-strip-dump.so,libkoom-strip-dump::0x554a8,0x554a8,libkoom-strip-dump::0x55694,0x55694,DIRECT_BL
libkoom-strip-dump.so,libkoom-strip-dump::0x55554,0x55554,libkoom-strip-dump::0x80ed0,0x80ed0,DIRECT_BL
libkoom-strip-dump.so,libkoom-strip-dump::0x55554,0x55554,libkoom-strip-dump::0x80e90,0x80e90,DIRECT_BL
libkoom-strip-dump.so,libkoom-strip-dump::0x55554,0x55554,libkoom-strip-dump::0x80f10,0x80f10,DIRECT_BL
libkoom-strip-dump.so,libkoom-strip-dump::0x55554,0x55554,libkoom-strip-dump::0x80790,0x80790,DIRECT_BL
libkoom-strip-dump.so,libkoom-strip-dump::0x5595c,0x5595c,libkoom-strip-dump::0x562a0,0x562a0,DIRECT_BL
libkoom-strip-dump.so,libkoom-strip-dump::0x559f0,0x559f0,libkoom-strip-dump::0x561e8,0x561e8,DIRECT_BL
libkoom-strip-dump.so,libkoom-strip-dump::0x559f0,0x559f0,libkoom-strip-dump::0x561e8,0x561e8,DIRECT_BL
libkoom-strip-dump.so,libkoom-strip-dump::0x559f0,0x559f0,libkoom-strip-dump::0x562a0,0x562a0,DIRECT_BL
libkoom-strip-dump.so,libkoom-strip-dump::0x55a78,0x55a78,libkoom-strip-dump::0x80f90,0x80f90,DIRECT_BL
libkoom-strip-dump.so,libkoom-strip-dump::0x55ac0,0x55ac0,libkoom-strip-dump::0x562a8,0x562a8,DIRECT_BL
libkoom-strip-dump.so,libkoom-strip-dump::0x55ac0,0x55ac0,libkoom-strip-dump::0x562a8,0x562a8,DIRECT_BL
libkoom-strip-dump.so,libkoom-strip-dump::0x55ac0,0x55ac0,libkoom-strip-dump::0x561e8,0x561e8,DIRECT_BL
libkoom-strip-dump.so,libkoom-strip-dump::0x55bd8,0x55bd8,libkoom-strip-dump::0x55d2c,0x55d2c,DIRECT_BL
libkoom-strip-dump.so,libkoom-strip-dump::0x55bd8,0x55bd8,libkoom-strip-dump::0x561e8,0x561e8,DIRECT_BL
libkoom-strip-dump.so,libkoom-strip-dump::0x55bd8,0x55bd8,libkoom-strip-dump::0x561e8,0x561e8,DIRECT_BL
libkoom-strip-dump.so,libkoom-strip-dump::0x55bd8,0x55bd8,libkoom-strip-dump::0x562a0,0x562a0,DIRECT_BL
libkoom-strip-dump.so,libkoom-strip-dump::0x55d30,0x55d30,libkoom-strip-dump::0x562d0,0x562d0,DIRECT_BL
libkoom-strip-dump.so,libkoom-strip-dump::0x55d30,0x55d30,libkoom-strip-dump::0x562d0,0x562d0,DIRECT_BL
libkoom-strip-dump.so,libkoom-strip-dump::0x55d30,0x55d30,libkoom-strip-dump::0x561e8,0x561e8,DIRECT_BL
libkoom-strip-dump.so,libkoom-strip-dump::0x55ec8,0x55ec8,libkoom-strip-dump::0x8130c,0x8130c,DIRECT_BL
libkoom-strip-dump.so,libkoom-strip-dump::0x55f5c,0x55f5c,libkoom-strip-dump::0x561f4,0x561f4,DIRECT_BL
libkoom-strip-dump.so,libkoom-strip-dump::0x55f5c,0x55f5c,libkoom-strip-dump::0x56210,0x56210,DIRECT_BL
libkoom-strip-dump.so,libkoom-strip-dump::0x55f5c,0x55f5c,libkoom-strip-dump::0x56298,0x56298,DIRECT_BL
libkoom-strip-dump.so,libkoom-strip-dump::0x55f5c,0x55f5c,libkoom-strip-dump::0x561d4,0x561d4,DIRECT_BL
libkoom-strip-dump.so,libkoom-strip-dump::0x55f5c,0x55f5c,libkoom-strip-dump::0x56274,0x56274,DIRECT_BL
libkoom-strip-dump.so,libkoom-strip-dump::0x55f5c,0x55f5c,libkoom-strip-dump::0x561d4,0x561d4,DIRECT_BL
libkoom-strip-dump.so,libkoom-strip-dump::0x55f5c,0x55f5c,libkoom-strip-dump::0x8130c,0x8130c,DIRECT_BL
libkoom-strip-dump.so,libkoom-strip-dump::0x55fac,0x55fac,libkoom-strip-dump::0x561f4,0x561f4,DIRECT_BL
libkoom-strip-dump.so,libkoom-strip-dump::0x55fac,0x55fac,libkoom-strip-dump::0x56210,0x56210,DIRECT_BL
libkoom-strip-dump.so,libkoom-strip-dump::0x55fac,0x55fac,libkoom-strip-dump::0x56298,0x56298,DIRECT_BL
libkoom-strip-dump.so,libkoom-strip-dump::0x55fac,0x55fac,libkoom-strip-dump::0x561d4,0x561d4,DIRECT_BL
libkoom-strip-dump.so,libkoom-strip-dump::0x55fac,0x55fac,libkoom-strip-dump::0x56274,0x56274,DIRECT_BL
libkoom-strip-dump.so,libkoom-strip-dump::0x55fac,0x55fac,libkoom-strip-dump::0x561d4,0x561d4,DIRECT_BL
libkoom-strip-dump.so,libkoom-strip-dump::0x55fac,0x55fac,libkoom-strip-dump::0x8130c,0x8130c,DIRECT_BL
libkoom-strip-dump.so,libkoom-strip-dump::0x55ffc,0x55ffc,libkoom-strip-dump::0x561f4,0x561f4,DIRECT_BL
libkoom-strip-dump.so,libkoom-strip-dump::0x55ffc,0x55ffc,libkoom-strip-dump::0x56210,0x56210,DIRECT_BL
libkoom-strip-dump.so,libkoom-strip-dump::0x55ffc,0x55ffc,libkoom-strip-dump::0x56298,0x56298,DIRECT_BL
libkoom-strip-dump.so,libkoom-strip-dump::0x55ffc,0x55ffc,libkoom-strip-dump::0x561d4,0x561d4,DIRECT_BL
libkoom-strip-dump.so,libkoom-strip-dump::0x55ffc,0x55ffc,libkoom-strip-dump::0x56274,0x56274,DIRECT_BL
libkoom-strip-dump.so,libkoom-strip-dump::0x55ffc,0x55ffc,libkoom-strip-dump::0x561d4,0x561d4,DIRECT_BL
libkoom-strip-dump.so,libkoom-strip-dump::0x55ffc,0x55ffc,libkoom-strip-dump::0x8130c,0x8130c,DIRECT_BL
libkoom-strip-dump.so,libkoom-strip-dump::0x5604c,0x5604c,libkoom-strip-dump::0x55d2c,0x55d2c,DIRECT_BL
libkoom-strip-dump.so,libkoom-strip-dump::0x5604c,0x5604c,libkoom-strip-dump::0x561d4,0x561d4,DIRECT_BL
libkoom-strip-dump.so,libkoom-strip-dump::0x5604c,0x5604c,libkoom-strip-dump::0x561d4,0x561d4,DIRECT_BL
libkoom-strip-dump.so,libkoom-strip-dump::0x5604c,0x5604c,libkoom-strip-dump::0x8130c,0x8130c,DIRECT_BL
libkoom-strip-dump.so,libkoom-strip-dump::0x560e8,0x560e8,libkoom-strip-dump::0x5625c,0x5625c,DIRECT_BL
libkoom-strip-dump.so,libkoom-strip-dump::0x560e8,0x560e8,libkoom-strip-dump::0x56284,0x56284,DIRECT_BL
libkoom-strip-dump.so,libkoom-strip-dump::0x560e8,0x560e8,libkoom-strip-dump::0x562c4,0x562c4,DIRECT_BL
libkoom-strip-dump.so,libkoom-strip-dump::0x560e8,0x560e8,libkoom-strip-dump::0x5622c,0x5622c,DIRECT_BL
libkoom-strip-dump.so,libkoom-strip-dump::0x560e8,0x560e8,libkoom-strip-dump::0x55d2c,0x55d2c,DIRECT_BL
libkoom-strip-dump.so,libkoom-strip-dump::0x560e8,0x560e8,libkoom-strip-dump::0x561e8,0x561e8,DIRECT_BL
libkoom-strip-dump.so,libkoom-strip-dump::0x560e8,0x560e8,libkoom-strip-dump::0x561e8,0x561e8,DIRECT_BL
libkoom-strip-dump.so,libkoom-strip-dump::0x560e8,0x560e8,libkoom-strip-dump::0x8130c,0x8130c,DIRECT_BL
libkoom-strip-dump.so,libkoom-strip-dump::0x56158,0x56158,libkoom-strip-dump::0x5625c,0x5625c,DIRECT_BL
libkoom-strip-dump.so,libkoom-strip-dump::0x56158,0x56158,libkoom-strip-dump::0x56284,0x56284,DIRECT_BL
libkoom-strip-dump.so,libkoom-strip-dump::0x56158,0x56158,libkoom-strip-dump::0x562c4,0x562c4,DIRECT_BL
libkoom-strip-dump.so,libkoom-strip-dump::0x56158,0x56158,libkoom-strip-dump::0x5622c,0x5622c,DIRECT_BL
libkoom-strip-dump.so,libkoom-strip-dump::0x56158,0x56158,libkoom-strip-dump::0x55d2c,0x55d2c,DIRECT_BL
libkoom-strip-dump.so,libkoom-strip-dump::0x56158,0x56158,libkoom-strip-dump::0x561e8,0x561e8,DIRECT_BL
libkoom-strip-dump.so,libkoom-strip-dump::0x56158,0x56158,libkoom-strip-dump::0x561e8,0x561e8,DIRECT_BL
libkoom-strip-dump.so,libkoom-strip-dump::0x56158,0x56158,libkoom-strip-dump::0x8130c,0x8130c,DIRECT_BL
libkoom-strip-dump.so,libkoom-strip-dump::0x56388,0x56388,libkoom-strip-dump::0x587d4,0x587d4,DIRECT_BL
libkoom-strip-dump.so,libkoom-strip-dump::0x564f4,0x564f4,libkoom-strip-dump::0x586cc,0x586cc,DIRECT_BL
libkoom-strip-dump.so,libkoom-strip-dump::0x564f4,0x564f4,libkoom-strip-dump::0x586cc,0x586cc,DIRECT_BL
libkoom-strip-dump.so,libkoom-strip-dump::0x564f4,0x564f4,libkoom-strip-dump::0x586cc,0x586cc,DIRECT_BL
libkoom-strip-dump.so,libkoom-strip-dump::0x564f4,0x564f4,libkoom-strip-dump::0x586cc,0x586cc,DIRECT_BL
libkoom-strip-dump.so,libkoom-strip-dump::0x564f4,0x564f4,libkoom-strip-dump::0x586cc,0x586cc,DIRECT_BL
libkoom-strip-dump.so,libkoom-strip-dump::0x564f4,0x564f4,libkoom-strip-dump::0x586cc,0x586cc,DIRECT_BL
libkoom-strip-dump.so,libkoom-strip-dump::0x564f4,0x564f4,libkoom-strip-dump::0x586cc,0x586cc,DIRECT_BL
libkoom-strip-dump.so,libkoom-strip-dump::0x564f4,0x564f4,libkoom-strip-dump::0x586cc,0x586cc,DIRECT_BL
libkoom-strip-dump.so,libkoom-strip-dump::0x564f4,0x564f4,libkoom-strip-dump::0x586cc,0x586cc,DIRECT_BL
libkoom-strip-dump.so,libkoom-strip-dump::0x564f4,0x564f4,libkoom-strip-dump::0x586cc,0x586cc,DIRECT_BL
libkoom-strip-dump.so,libkoom-strip-dump::0x564f4,0x564f4,libkoom-strip-dump::0x586cc,0x586cc,DIRECT_BL
libkoom-strip-dump.so,libkoom-strip-dump::0x564f4,0x564f4,libkoom-strip-dump::0x586cc,0x586cc,DIRECT_BL
libkoom-strip-dump.so,libkoom-strip-dump::0x564f4,0x564f4,libkoom-strip-dump::0x586cc,0x586cc,DIRECT_BL
libkoom-strip-dump.so,libkoom-strip-dump::0x564f4,0x564f4,libkoom-strip-dump::0x586cc,0x586cc,DIRECT_BL
libkoom-strip-dump.so,libkoom-strip-dump::0x564f4,0x564f4,libkoom-strip-dump::0x586cc,0x586cc,DIRECT_BL
libkoom-strip-dump.so,libkoom-strip-dump::0x564f4,0x564f4,libkoom-strip-dump::0x586cc,0x586cc,DIRECT_BL
libkoom-strip-dump.so,libkoom-strip-dump::0x564f4,0x564f4,libkoom-strip-dump::0x586cc,0x586cc,DIRECT_BL
libkoom-strip-dump.so,libkoom-strip-dump::0x564f4,0x564f4,libkoom-strip-dump::0x586cc,0x586cc,DIRECT_BL
libkoom-strip-dump.so,libkoom-strip-dump::0x564f4,0x564f4,libkoom-strip-dump::0x587f0,0x587f0,DIRECT_BL
libkoom-strip-dump.so,libkoom-strip-dump::0x564f4,0x564f4,libkoom-strip-dump::0x587f0,0x587f0,DIRECT_BL
libkoom-strip-dump.so,libkoom-strip-dump::0x5692c,0x5692c,libkoom-strip-dump::0x587d4,0x587d4,DIRECT_BL
libkoom-strip-dump.so,libkoom-strip-dump::0x569c8,0x569c8,libkoom-strip-dump::0x58758,0x58758,DIRECT_BL
libkoom-strip-dump.so,libkoom-strip-dump::0x56b0c,0x56b0c,libkoom-strip-dump::0x58820,0x58820,DIRECT_BL
libkoom-strip-dump.so,libkoom-strip-dump::0x56b0c,0x56b0c,libkoom-strip-dump::0x56d9c,0x56d9c,DIRECT_BL
libkoom-strip-dump.so,libkoom-strip-dump::0x56b0c,0x56b0c,libkoom-strip-dump::0x587f8,0x587f8,DIRECT_BL
libkoom-strip-dump.so,libkoom-strip-dump::0x56b0c,0x56b0c,libkoom-strip-dump::0x56e3c,0x56e3c,DIRECT_BL
libkoom-strip-dump.so,libkoom-strip-dump::0x56b0c,0x56b0c,libkoom-strip-dump::0x587f8,0x587f8,DIRECT_BL
libkoom-strip-dump.so,libkoom-strip-dump::0x56b0c,0x56b0c,libkoom-strip-dump::0x56e3c,0x56e3c,DIRECT_BL
libkoom-strip-dump.so,libkoom-strip-dump::0x56b0c,0x56b0c,libkoom-strip-dump::0x5874c,0x5874c,DIRECT_BL
libkoom-strip-dump.so,libkoom-strip-dump::0x56b0c,0x56b0c,libkoom-strip-dump::0x58758,0x58758,DIRECT_BL
libkoom-strip-dump.so,libkoom-strip-dump::0x56b0c,0x56b0c,libkoom-strip-dump::0x587c8,0x587c8,DIRECT_BL
libkoom-strip-dump.so,libkoom-strip-dump::0x56b0c,0x56b0c,libkoom-strip-dump::0x587c8,0x587c8,DIRECT_BL
libkoom-strip-dump.so,libkoom-strip-dump::0x56da0,0x56da0,libkoom-strip-dump::0x5874c,0x5874c,DIRECT_BL
libkoom-strip-dump.so,libkoom-strip-dump::0x56e40,0x56e40,libkoom-strip-dump::0x5852c,0x5852c,DIRECT_BL
libkoom-strip-dump.so,libkoom-strip-dump::0x56e40,0x56e40,libkoom-strip-dump::0x58700,0x58700,DIRECT_BL
libkoom-strip-dump.so,libkoom-strip-dump::0x56f40,0x56f40,libkoom-strip-dump::0x56d9c,0x56d9c,DIRECT_BL
libkoom-strip-dump.so,libkoom-strip-dump::0x56f40,0x56f40,libkoom-strip-dump::0x56e3c,0x56e3c,DIRECT_BL
libkoom-strip-dump.so,libkoom-strip-dump::0x56f40,0x56f40,libkoom-strip-dump::0x587dc,0x587dc,DIRECT_BL
libkoom-strip-dump.so,libkoom-strip-dump::0x56f40,0x56f40,libkoom-strip-dump::0x56d9c,0x56d9c,DIRECT_BL
libkoom-strip-dump.so,libkoom-strip-dump::0x56f40,0x56f40,libkoom-strip-dump::0x58788,0x58788,DIRECT_BL
libkoom-strip-dump.so,libkoom-strip-dump::0x56f40,0x56f40,libkoom-strip-dump::0x58700,0x58700,DIRECT_BL
libkoom-strip-dump.so,libkoom-strip-dump::0x56f40,0x56f40,libkoom-strip-dump::0x587dc,0x587dc,DIRECT_BL
libkoom-strip-dump.so,libkoom-strip-dump::0x56f40,0x56f40,libkoom-strip-dump::0x56d9c,0x56d9c,DIRECT_BL
libkoom-strip-dump.so,libkoom-strip-dump::0x56f40,0x56f40,libkoom-strip-dump::0x58788,0x58788,DIRECT_BL
libkoom-strip-dump.so,libkoom-strip-dump::0x56f40,0x56f40,libkoom-strip-dump::0x58700,0x58700,DIRECT_BL
libkoom-strip-dump.so,libkoom-strip-dump::0x56f40,0x56f40,libkoom-strip-dump::0x56d9c,0x56d9c,DIRECT_BL
libkoom-strip-dump.so,libkoom-strip-dump::0x56f40,0x56f40,libkoom-strip-dump::0x56d9c,0x56d9c,DIRECT_BL
libkoom-strip-dump.so,libkoom-strip-dump::0x56f40,0x56f40,libkoom-strip-dump::0x56d9c,0x56d9c,DIRECT_BL
libkoom-strip-dump.so,libkoom-strip-dump::0x5751c,0x5751c,libkoom-strip-dump::0x5874c,0x5874c,DIRECT_BL
libkoom-strip-dump.so,libkoom-strip-dump::0x5751c,0x5751c,libkoom-strip-dump::0x5852c,0x5852c,DIRECT_BL
libkoom-strip-dump.so,libkoom-strip-dump::0x5751c,0x5751c,libkoom-strip-dump::0x5852c,0x5852c,DIRECT_BL
libkoom-strip-dump.so,libkoom-strip-dump::0x5751c,0x5751c,libkoom-strip-dump::0x58770,0x58770,DIRECT_BL
libkoom-strip-dump.so,libkoom-strip-dump::0x5751c,0x5751c,libkoom-strip-dump::0x56d9c,0x56d9c,DIRECT_BL
libkoom-strip-dump.so,libkoom-strip-dump::0x5751c,0x5751c,libkoom-strip-dump::0x58770,0x58770,DIRECT_BL
libkoom-strip-dump.so,libkoom-strip-dump::0x5751c,0x5751c,libkoom-strip-dump::0x56d9c,0x56d9c,DIRECT_BL
libkoom-strip-dump.so,libkoom-strip-dump::0x575d4,0x575d4,libkoom-strip-dump::0x58710,0x58710,DIRECT_BL
libkoom-strip-dump.so,libkoom-strip-dump::0x575d4,0x575d4,libkoom-strip-dump::0x58710,0x58710,DIRECT_BL
libkoom-strip-dump.so,libkoom-strip-dump::0x575d4,0x575d4,libkoom-strip-dump::0x5874c,0x5874c,DIRECT_BL
libkoom-strip-dump.so,libkoom-strip-dump::0x57774,0x57774,libkoom-strip-dump::0x585b4,0x585b4,DIRECT_BL
libkoom-strip-dump.so,libkoom-strip-dump::0x57774,0x57774,libkoom-strip-dump::0x585b4,0x585b4,DIRECT_BL
libkoom-strip-dump.so,libkoom-strip-dump::0x57774,0x57774,libkoom-strip-dump::0x585b4,0x585b4,DIRECT_BL
libkoom-strip-dump.so,libkoom-strip-dump::0x57774,0x57774,libkoom-strip-dump::0x587f0,0x587f0,DIRECT_BL
libkoom-strip-dump.so,libkoom-strip-dump::0x57774,0x57774,libkoom-strip-dump::0x586f4,0x586f4,DIRECT_BL
libkoom-strip-dump.so,libkoom-strip-dump::0x57774,0x57774,libkoom-strip-dump::0x5865c,0x5865c,DIRECT_BL
libkoom-strip-dump.so,libkoom-strip-dump::0x57774,0x57774,libkoom-strip-dump::0x5865c,0x5865c,DIRECT_BL
libkoom-strip-dump.so,libkoom-strip-dump::0x57774,0x57774,libkoom-strip-dump::0x58724,0x58724,DIRECT_BL
libkoom-strip-dump.so,libkoom-strip-dump::0x57774,0x57774,libkoom-strip-dump::0x5880c,0x5880c,DIRECT_BL
libkoom-strip-dump.so,libkoom-strip-dump::0x57774,0x57774,libkoom-strip-dump::0x58798,0x58798,DIRECT_BL
libkoom-strip-dump.so,libkoom-strip-dump::0x57774,0x57774,libkoom-strip-dump::0x586f4,0x586f4,DIRECT_BL
libkoom-strip-dump.so,libkoom-strip-dump::0x57774,0x57774,libkoom-strip-dump::0x58690,0x58690,DIRECT_BL
libkoom-strip-dump.so,libkoom-strip-dump::0x57774,0x57774,libkoom-strip-dump::0x58690,0x58690,DIRECT_BL
libkoom-strip-dump.so,libkoom-strip-dump::0x57774,0x57774,libkoom-strip-dump::0x586f4,0x586f4,DIRECT_BL
libkoom-strip-dump.so,libkoom-strip-dump::0x57774,0x57774,libkoom-strip-dump::0x5865c,0x5865c,DIRECT_BL
libkoom-strip-dump.so,libkoom-strip-dump::0x57774,0x57774,libkoom-strip-dump::0x58724,0x58724,DIRECT_BL
libkoom-strip-dump.so,libkoom-strip-dump::0x57774,0x57774,libkoom-strip-dump::0x5880c,0x5880c,DIRECT_BL
libkoom-strip-dump.so,libkoom-strip-dump::0x57774,0x57774,libkoom-strip-dump::0x58798,0x58798,DIRECT_BL
libkoom-strip-dump.so,libkoom-strip-dump::0x57774,0x57774,libkoom-strip-dump::0x586f4,0x586f4,DIRECT_BL
libkoom-strip-dump.so,libkoom-strip-dump::0x57774,0x57774,libkoom-strip-dump::0x58690,0x58690,DIRECT_BL
libkoom-strip-dump.so,libkoom-strip-dump::0x57774,0x57774,libkoom-strip-dump::0x58690,0x58690,DIRECT_BL
libkoom-strip-dump.so,libkoom-strip-dump::0x57774,0x57774,libkoom-strip-dump::0x5865c,0x5865c,DIRECT_BL
libkoom-strip-dump.so,libkoom-strip-dump::0x57774,0x57774,libkoom-strip-dump::0x56d9c,0x56d9c,DIRECT_BL
libkoom-strip-dump.so,libkoom-strip-dump::0x57774,0x57774,libkoom-strip-dump::0x56d9c,0x56d9c,DIRECT_BL
libkoom-strip-dump.so,libkoom-strip-dump::0x57774,0x57774,libkoom-strip-dump::0x56d9c,0x56d9c,DIRECT_BL
libkoom-strip-dump.so,libkoom-strip-dump::0x57774,0x57774,libkoom-strip-dump::0x5873c,0x5873c,DIRECT_BL
libkoom-strip-dump.so,libkoom-strip-dump::0x57774,0x57774,libkoom-strip-dump::0x56d9c,0x56d9c,DIRECT_BL
libkoom-strip-dump.so,libkoom-strip-dump::0x57774,0x57774,libkoom-strip-dump::0x5873c,0x5873c,DIRECT_BL
libkoom-strip-dump.so,libkoom-strip-dump::0x57774,0x57774,libkoom-strip-dump::0x56d9c,0x56d9c,DIRECT_BL
libkoom-strip-dump.so,libkoom-strip-dump::0x57774,0x57774,libkoom-strip-dump::0x5873c,0x5873c,DIRECT_BL
libkoom-strip-dump.so,libkoom-strip-dump::0x57774,0x57774,libkoom-strip-dump::0x56d9c,0x56d9c,DIRECT_BL
libkoom-strip-dump.so,libkoom-strip-dump::0x57774,0x57774,libkoom-strip-dump::0x56d9c,0x56d9c,DIRECT_BL
libkoom-strip-dump.so,libkoom-strip-dump::0x57774,0x57774,libkoom-strip-dump::0x56d9c,0x56d9c,DIRECT_BL
libkoom-strip-dump.so,libkoom-strip-dump::0x57774,0x57774,libkoom-strip-dump::0x56d9c,0x56d9c,DIRECT_BL
libkoom-strip-dump.so,libkoom-strip-dump::0x57774,0x57774,libkoom-strip-dump::0x58820,0x58820,DIRECT_BL
libkoom-strip-dump.so,libkoom-strip-dump::0x57774,0x57774,libkoom-strip-dump::0x56d9c,0x56d9c,DIRECT_BL
libkoom-strip-dump.so,libkoom-strip-dump::0x57774,0x57774,libkoom-strip-dump::0x58820,0x58820,DIRECT_BL
libkoom-strip-dump.so,libkoom-strip-dump::0x57774,0x57774,libkoom-strip-dump::0x56d9c,0x56d9c,DIRECT_BL
libkoom-strip-dump.so,libkoom-strip-dump::0x57774,0x57774,libkoom-strip-dump::0x58820,0x58820,DIRECT_BL
libkoom-strip-dump.so,libkoom-strip-dump::0x57774,0x57774,libkoom-strip-dump::0x56d9c,0x56d9c,DIRECT_BL
libkoom-strip-dump.so,libkoom-strip-dump::0x57774,0x57774,libkoom-strip-dump::0x587b0,0x587b0,DIRECT_BL
libkoom-strip-dump.so,libkoom-strip-dump::0x57774,0x57774,libkoom-strip-dump::0x586d4,0x586d4,DIRECT_BL
libkoom-strip-dump.so,libkoom-strip-dump::0x57774,0x57774,libkoom-strip-dump::0x587b0,0x587b0,DIRECT_BL
libkoom-strip-dump.so,libkoom-strip-dump::0x57774,0x57774,libkoom-strip-dump::0x586d4,0x586d4,DIRECT_BL
libkoom-strip-dump.so,libkoom-strip-dump::0x5842c,0x5842c,libkoom-strip-dump::0x587d4,0x587d4,DIRECT_BL
libkoom-strip-dump.so,libkoom-strip-dump::0x5842c,0x5842c,libkoom-strip-dump::0x5874c,0x5874c,DIRECT_BL
libkoom-strip-dump.so,libkoom-strip-dump::0x58830,0x58830,libkoom-strip-dump::0x5924c,0x5924c,DIRECT_BL
libkoom-strip-dump.so,libkoom-strip-dump::0x58830,0x58830,libkoom-strip-dump::0x5924c,0x5924c,DIRECT_BL
libkoom-strip-dump.so,libkoom-strip-dump::0x58830,0x58830,libkoom-strip-dump::0x80fc0,0x80fc0,DIRECT_BL
libkoom-strip-dump.so,libkoom-strip-dump::0x58830,0x58830,libkoom-strip-dump::0x59268,0x59268,DIRECT_BL
libkoom-strip-dump.so,libkoom-strip-dump::0x58830,0x58830,libkoom-strip-dump::0x59268,0x59268,DIRECT_BL
libkoom-strip-dump.so,libkoom-strip-dump::0x58830,0x58830,libkoom-strip-dump::0x59268,0x59268,DIRECT_BL
libkoom-strip-dump.so,libkoom-strip-dump::0x58830,0x58830,libkoom-strip-dump::0x59268,0x59268,DIRECT_BL
libkoom-strip-dump.so,libkoom-strip-dump::0x58b8c,0x58b8c,libkoom-strip-dump::0x80fc0,0x80fc0,DIRECT_BL
libkoom-strip-dump.so,libkoom-strip-dump::0x58bb8,0x58bb8,libkoom-strip-dump::0x5925c,0x5925c,DIRECT_BL
libkoom-strip-dump.so,libkoom-strip-dump::0x58bb8,0x58bb8,libkoom-strip-dump::0x5925c,0x5925c,DIRECT_BL
libkoom-strip-dump.so,libkoom-strip-dump::0x58bb8,0x58bb8,libkoom-strip-dump::0x59218,0x59218,DIRECT_BL
libkoom-strip-dump.so,libkoom-strip-dump::0x58bb8,0x58bb8,libkoom-strip-dump::0x59218,0x59218,DIRECT_BL
libkoom-strip-dump.so,libkoom-strip-dump::0x592ac,0x592ac,libkoom-strip-dump::0x59720,0x59720,DIRECT_BL
libkoom-strip-dump.so,libkoom-strip-dump::0x592ac,0x592ac,libkoom-strip-dump::0x59720,0x59720,DIRECT_BL
libkoom-strip-dump.so,libkoom-strip-dump::0x592ac,0x592ac,libkoom-strip-dump::0x5554c,0x5554c,DIRECT_BL
libkoom-strip-dump.so,libkoom-strip-dump::0x59730,0x59730,libkoom-strip-dump::0x597c0,0x597c0,DIRECT_BL
libkoom-strip-dump.so,libkoom-strip-dump::0x597c0,0x597c0,libkoom-strip-dump::0x59e14,0x59e14,DIRECT_BL
libkoom-strip-dump.so,libkoom-strip-dump::0x597c0,0x597c0,libkoom-strip-dump::0x59e14,0x59e14,DIRECT_BL
libkoom-strip-dump.so,libkoom-strip-dump::0x597c0,0x597c0,libkoom-strip-dump::0x59e48,0x59e48,DIRECT_BL
libkoom-strip-dump.so,libkoom-strip-dump::0x597c0,0x597c0,libkoom-strip-dump::0x59f24,0x59f24,DIRECT_BL
libkoom-strip-dump.so,libkoom-strip-dump::0x597c0,0x597c0,libkoom-strip-dump::0x59f24,0x59f24,DIRECT_BL
libkoom-strip-dump.so,libkoom-strip-dump::0x597c0,0x597c0,libkoom-strip-dump::0x59e48,0x59e48,DIRECT_BL
libkoom-strip-dump.so,libkoom-strip-dump::0x597c0,0x597c0,libkoom-strip-dump::0x59f18,0x59f18,DIRECT_BL
libkoom-strip-dump.so,libkoom-strip-dump::0x59c54,0x59c54,libkoom-strip-dump::0x59f18,0x59f18,DIRECT_BL
libkoom-strip-dump.so,libkoom-strip-dump::0x59c54,0x59c54,libkoom-strip-dump::0x59f18,0x59f18,DIRECT_BL
libkoom-strip-dump.so,libkoom-strip-dump::0x59c54,0x59c54,libkoom-strip-dump::0x8130c,0x8130c,DIRECT_BL
libkoom-strip-dump.so,libkoom-strip-dump::0x59d2c,0x59d2c,libkoom-strip-dump::0x59f38,0x59f38,DIRECT_BL
libkoom-strip-dump.so,libkoom-strip-dump::0x59d2c,0x59d2c,libkoom-strip-dump::0x59e14,0x59e14,DIRECT_BL
libkoom-strip-dump.so,libkoom-strip-dump::0x59d2c,0x59d2c,libkoom-strip-dump::0x59e14,0x59e14,DIRECT_BL
libkoom-strip-dump.so,libkoom-strip-dump::0x59d2c,0x59d2c,libkoom-strip-dump::0x59e48,0x59e48,DIRECT_BL
libkoom-strip-dump.so,libkoom-strip-dump::0x59d2c,0x59d2c,libkoom-strip-dump::0x59e48,0x59e48,DIRECT_BL
libkoom-strip-dump.so,libkoom-strip-dump::0x59d2c,0x59d2c,libkoom-strip-dump::0x59f38,0x59f38,DIRECT_BL
libkoom-strip-dump.so,libkoom-strip-dump::0x59e4c,0x59e4c,libkoom-strip-dump::0x59f18,0x59f18,DIRECT_BL
libkoom-strip-dump.so,libkoom-strip-dump::0x5a00c,0x5a00c,libkoom-strip-dump::0x5a664,0x5a664,DIRECT_BL
libkoom-strip-dump.so,libkoom-strip-dump::0x5a668,0x5a668,libkoom-strip-dump::0x5a6b8,0x5a6b8,DIRECT_BL
libkoom-strip-dump.so,libkoom-strip-dump::0x5a668,0x5a668,libkoom-strip-dump::0x8130c,0x8130c,DIRECT_BL
libkoom-strip-dump.so,libkoom-strip-dump::0x5a750,0x5a750,libkoom-strip-dump::0x81080,0x81080,DIRECT_BL
libkoom-strip-dump.so,libkoom-strip-dump::0x5a774,0x5a774,libkoom-strip-dump::0x810b0,0x810b0,DIRECT_BL
libkoom-strip-dump.so,libkoom-strip-dump::0x5a7dc,0x5a7dc,libkoom-strip-dump::0x81080,0x81080,DIRECT_BL
libkoom-strip-dump.so,libkoom-strip-dump::0x5a800,0x5a800,libkoom-strip-dump::0x81080,0x81080,DIRECT_BL
libkoom-strip-dump.so,libkoom-strip-dump::0x5a824,0x5a824,libkoom-strip-dump::0x810b0,0x810b0,DIRECT_BL
libkoom-strip-dump.so,libkoom-strip-dump::0x5a824,0x5a824,libkoom-strip-dump::0x810b0,0x810b0,DIRECT_BL
libkoom-strip-dump.so,libkoom-strip-dump::0x5a8a0,0x5a8a0,libkoom-strip-dump::0x810b0,0x810b0,DIRECT_BL
libkoom-strip-dump.so,libkoom-strip-dump::0x5a8f8,0x5a8f8,libkoom-strip-dump::0x80f50,0x80f50,DIRECT_BL
libkoom-strip-dump.so,libkoom-strip-dump::0x5a964,0x5a964,libkoom-strip-dump::0x3a988,0x3a988,DIRECT_BL
libkoom-strip-dump.so,libkoom-strip-dump::0x5a988,0x5a988,libkoom-strip-dump::0x3a988,0x3a988,DIRECT_BL
libkoom-strip-dump.so,libkoom-strip-dump::0x5aa88,0x5aa88,libkoom-strip-dump::0x8130c,0x8130c,DIRECT_BL
libkoom-strip-dump.so,libkoom-strip-dump::0x5ab1c,0x5ab1c,libkoom-strip-dump::0x8130c,0x8130c,DIRECT_BL
libkoom-strip-dump.so,libkoom-strip-dump::0x5aba4,0x5aba4,libkoom-strip-dump::0x81050,0x81050,DIRECT_BL
libkoom-strip-dump.so,libkoom-strip-dump::0x5abdc,0x5abdc,libkoom-strip-dump::0x81050,0x81050,DIRECT_BL
libkoom-strip-dump.so,libkoom-strip-dump::0x5abdc,0x5abdc,libkoom-strip-dump::0x81050,0x81050,DIRECT_BL
libkoom-strip-dump.so,libkoom-strip-dump::0x5ac4c,0x5ac4c,libkoom-strip-dump::0x8130c,0x8130c,DIRECT_BL
libkoom-strip-dump.so,libkoom-strip-dump::0x5ace0,0x5ace0,libkoom-strip-dump::0x8130c,0x8130c,DIRECT_BL
libkoom-strip-dump.so,libkoom-strip-dump::0x5ad68,0x5ad68,libkoom-strip-dump::0x81050,0x81050,DIRECT_BL
libkoom-strip-dump.so,libkoom-strip-dump::0x5ada0,0x5ada0,libkoom-strip-dump::0x81050,0x81050,DIRECT_BL
libkoom-strip-dump.so,libkoom-strip-dump::0x5ada0,0x5ada0,libkoom-strip-dump::0x81050,0x81050,DIRECT_BL
libkoom-strip-dump.so,libkoom-strip-dump::0x5ae10,0x5ae10,libkoom-strip-dump::0x8130c,0x8130c,DIRECT_BL
libkoom-strip-dump.so,libkoom-strip-dump::0x5ae68,0x5ae68,libkoom-strip-dump::0x5b138,0x5b138,DIRECT_BL
libkoom-strip-dump.so,libkoom-strip-dump::0x5ae68,0x5ae68,libkoom-strip-dump::0x5b3e4,0x5b3e4,DIRECT_BL
libkoom-strip-dump.so,libkoom-strip-dump::0x5b13c,0x5b13c,libkoom-strip-dump::0x5fd94,0x5fd94,DIRECT_BL
libkoom-strip-dump.so,libkoom-strip-dump::0x5b154,0x5b154,libkoom-strip-dump::0x5b3e4,0x5b3e4,DIRECT_BL
libkoom-strip-dump.so,libkoom-strip-dump::0x5b358,0x5b358,libkoom-strip-dump::0x5b3e4,0x5b3e4,DIRECT_BL
libkoom-strip-dump.so,libkoom-strip-dump::0x5b3e8,0x5b3e8,libkoom-strip-dump::0x3a998,0x3a998,DIRECT_BL
libkoom-strip-dump.so,libkoom-strip-dump::0x5b42c,0x5b42c,libkoom-strip-dump::0x5b3e4,0x5b3e4,DIRECT_BL
libkoom-strip-dump.so,libkoom-strip-dump::0x5b6a8,0x5b6a8,libkoom-strip-dump::0x5b138,0x5b138,DIRECT_BL
libkoom-strip-dump.so,libkoom-strip-dump::0x5b6a8,0x5b6a8,libkoom-strip-dump::0x5b3e4,0x5b3e4,DIRECT_BL
libkoom-strip-dump.so,libkoom-strip-dump::0x5b89c,0x5b89c,libkoom-strip-dump::0x5b3e4,0x5b3e4,DIRECT_BL
libkoom-strip-dump.so,libkoom-strip-dump::0x5b970,0x5b970,libkoom-strip-dump::0x5b138,0x5b138,DIRECT_BL
libkoom-strip-dump.so,libkoom-strip-dump::0x5b984,0x5b984,libkoom-strip-dump::0x5b138,0x5b138,DIRECT_BL
libkoom-strip-dump.so,libkoom-strip-dump::0x5b984,0x5b984,libkoom-strip-dump::0x5b3e4,0x5b3e4,DIRECT_BL
libkoom-strip-dump.so,libkoom-strip-dump::0x5bbf4,0x5bbf4,libkoom-strip-dump::0x5b138,0x5b138,DIRECT_BL
libkoom-strip-dump.so,libkoom-strip-dump::0x5bbf4,0x5bbf4,libkoom-strip-dump::0x5b3e4,0x5b3e4,DIRECT_BL
libkoom-strip-dump.so,libkoom-strip-dump::0x5be04,0x5be04,libkoom-strip-dump::0x5b3e4,0x5b3e4,DIRECT_BL
libkoom-strip-dump.so,libkoom-strip-dump::0x5bf34,0x5bf34,libkoom-strip-dump::0x5b3e4,0x5b3e4,DIRECT_BL
libkoom-strip-dump.so,libkoom-strip-dump::0x5c098,0x5c098,libkoom-strip-dump::0x5b3e4,0x5b3e4,DIRECT_BL
libkoom-strip-dump.so,libkoom-strip-dump::0x5c260,0x5c260,libkoom-strip-dump::0x5b138,0x5b138,DIRECT_BL
libkoom-strip-dump.so,libkoom-strip-dump::0x5c270,0x5c270,libkoom-strip-dump::0x5b138,0x5b138,DIRECT_BL
libkoom-strip-dump.so,libkoom-strip-dump::0x5c2e0,0x5c2e0,libkoom-strip-dump::0x5b138,0x5b138,DIRECT_BL
libkoom-strip-dump.so,libkoom-strip-dump::0x5c2e0,0x5c2e0,libkoom-strip-dump::0x5b3e4,0x5b3e4,DIRECT_BL
libkoom-strip-dump.so,libkoom-strip-dump::0x5c418,0x5c418,libkoom-strip-dump::0x5b3e4,0x5b3e4,DIRECT_BL
libkoom-strip-dump.so,libkoom-strip-dump::0x5c5a0,0x5c5a0,libkoom-strip-dump::0x5b3e4,0x5b3e4,DIRECT_BL
libkoom-strip-dump.so,libkoom-strip-dump::0x5c6c4,0x5c6c4,libkoom-strip-dump::0x5b3e4,0x5b3e4,DIRECT_BL
libkoom-strip-dump.so,libkoom-strip-dump::0x5c7f4,0x5c7f4,libkoom-strip-dump::0x5b3e4,0x5b3e4,DIRECT_BL
libkoom-strip-dump.so,libkoom-strip-dump::0x5c9d0,0x5c9d0,libkoom-strip-dump::0x5b3e4,0x5b3e4,DIRECT_BL
libkoom-strip-dump.so,libkoom-strip-dump::0x5cb0c,0x5cb0c,libkoom-strip-dump::0x5cb9c,0x5cb9c,DIRECT_BL
libkoom-strip-dump.so,libkoom-strip-dump::0x5cb0c,0x5cb0c,libkoom-strip-dump::0x5b138,0x5b138,DIRECT_BL
libkoom-strip-dump.so,libkoom-strip-dump::0x5cc74,0x5cc74,libkoom-strip-dump::0x5b138,0x5b138,DIRECT_BL
libkoom-strip-dump.so,libkoom-strip-dump::0x5cc84,0x5cc84,libkoom-strip-dump::0x5b138,0x5b138,DIRECT_BL
libkoom-strip-dump.so,libkoom-strip-dump::0x5cc84,0x5cc84,libkoom-strip-dump::0x3a988,0x3a988,DIRECT_BL
libkoom-strip-dump.so,libkoom-strip-dump::0x5cd04,0x5cd04,libkoom-strip-dump::0x5b138,0x5b138,DIRECT_BL
libkoom-strip-dump.so,libkoom-strip-dump::0x5cd84,0x5cd84,libkoom-strip-dump::0x5b138,0x5b138,DIRECT_BL
libkoom-strip-dump.so,libkoom-strip-dump::0x5ce5c,0x5ce5c,libkoom-strip-dump::0x5b138,0x5b138,DIRECT_BL
libkoom-strip-dump.so,libkoom-strip-dump::0x5cf80,0x5cf80,libkoom-strip-dump::0x5fd94,0x5fd94,DIRECT_BL
libkoom-strip-dump.so,libkoom-strip-dump::0x5d084,0x5d084,libkoom-strip-dump::0x5b3e4,0x5b3e4,DIRECT_BL
libkoom-strip-dump.so,libkoom-strip-dump::0x5d138,0x5d138,libkoom-strip-dump::0x5b3e4,0x5b3e4,DIRECT_BL
libkoom-strip-dump.so,libkoom-strip-dump::0x5d2cc,0x5d2cc,libkoom-strip-dump::0x5b138,0x5b138,DIRECT_BL
libkoom-strip-dump.so,libkoom-strip-dump::0x5d2dc,0x5d2dc,libkoom-strip-dump::0x5b3e4,0x5b3e4,DIRECT_BL
libkoom-strip-dump.so,libkoom-strip-dump::0x5d51c,0x5d51c,libkoom-strip-dump::0x5b138,0x5b138,DIRECT_BL
libkoom-strip-dump.so,libkoom-strip-dump::0x5d52c,0x5d52c,libkoom-strip-dump::0x5d700,0x5d700,DIRECT_BL
libkoom-strip-dump.so,libkoom-strip-dump::0x5d704,0x5d704,libkoom-strip-dump::0x5fd94,0x5fd94,DIRECT_BL
libkoom-strip-dump.so,libkoom-strip-dump::0x5d720,0x5d720,libkoom-strip-dump::0x5d9f4,0x5d9f4,DIRECT_BL
libkoom-strip-dump.so,libkoom-strip-dump::0x5d720,0x5d720,libkoom-strip-dump::0x398a0,0x398a0,DIRECT_BL
libkoom-strip-dump.so,libkoom-strip-dump::0x5d950,0x5d950,libkoom-strip-dump::0x5d9f4,0x5d9f4,DIRECT_BL
libkoom-strip-dump.so,libkoom-strip-dump::0x5d950,0x5d950,libkoom-strip-dump::0x398a0,0x398a0,DIRECT_BL
libkoom-strip-dump.so,libkoom-strip-dump::0x5d9f8,0x5d9f8,libkoom-strip-dump::0x3a998,0x3a998,DIRECT_BL
libkoom-strip-dump.so,libkoom-strip-dump::0x5da3c,0x5da3c,libkoom-strip-dump::0x5d9f4,0x5d9f4,DIRECT_BL
libkoom-strip-dump.so,libkoom-strip-dump::0x5da3c,0x5da3c,libkoom-strip-dump::0x398a0,0x398a0,DIRECT_BL
libkoom-strip-dump.so,libkoom-strip-dump::0x5dcc4,0x5dcc4,libkoom-strip-dump::0x5de14,0x5de14,DIRECT_BL
libkoom-strip-dump.so,libkoom-strip-dump::0x5dcc4,0x5dcc4,libkoom-strip-dump::0x5d700,0x5d700,DIRECT_BL
libkoom-strip-dump.so,libkoom-strip-dump::0x5de18,0x5de18,libkoom-strip-dump::0x5d9f4,0x5d9f4,DIRECT_BL
libkoom-strip-dump.so,libkoom-strip-dump::0x5de18,0x5de18,libkoom-strip-dump::0x398a0,0x398a0,DIRECT_BL
libkoom-strip-dump.so,libkoom-strip-dump::0x5df7c,0x5df7c,libkoom-strip-dump::0x5d9f4,0x5d9f4,DIRECT_BL
libkoom-strip-dump.so,libkoom-strip-dump::0x5df7c,0x5df7c,libkoom-strip-dump::0x398a0,0x398a0,DIRECT_BL
libkoom-strip-dump.so,libkoom-strip-dump::0x5e06c,0x5e06c,libkoom-strip-dump::0x5d700,0x5d700,DIRECT_BL
libkoom-strip-dump.so,libkoom-strip-dump::0x5e07c,0x5e07c,libkoom-strip-dump::0x5d700,0x5d700,DIRECT_BL
libkoom-strip-dump.so,libkoom-strip-dump::0x5e228,0x5e228,libkoom-strip-dump::0x5de14,0x5de14,DIRECT_BL
libkoom-strip-dump.so,libkoom-strip-dump::0x5e228,0x5e228,libkoom-strip-dump::0x5d700,0x5d700,DIRECT_BL
libkoom-strip-dump.so,libkoom-strip-dump::0x5e4fc,0x5e4fc,libkoom-strip-dump::0x5d9f4,0x5d9f4,DIRECT_BL
libkoom-strip-dump.so,libkoom-strip-dump::0x5e50c,0x5e50c,libkoom-strip-dump::0x398a0,0x398a0,DIRECT_BL
libkoom-strip-dump.so,libkoom-strip-dump::0x5e50c,0x5e50c,libkoom-strip-dump::0x398a0,0x398a0,DIRECT_BL
libkoom-strip-dump.so,libkoom-strip-dump::0x5e784,0x5e784,libkoom-strip-dump::0x5d700,0x5d700,DIRECT_BL
libkoom-strip-dump.so,libkoom-strip-dump::0x5e794,0x5e794,libkoom-strip-dump::0x5d700,0x5d700,DIRECT_BL
libkoom-strip-dump.so,libkoom-strip-dump::0x5e808,0x5e808,libkoom-strip-dump::0x5d700,0x5d700,DIRECT_BL
libkoom-strip-dump.so,libkoom-strip-dump::0x5e808,0x5e808,libkoom-strip-dump::0x5d9f4,0x5d9f4,DIRECT_BL
libkoom-strip-dump.so,libkoom-strip-dump::0x5e808,0x5e808,libkoom-strip-dump::0x398a0,0x398a0,DIRECT_BL
libkoom-strip-dump.so,libkoom-strip-dump::0x5e960,0x5e960,libkoom-strip-dump::0x5d9f4,0x5d9f4,DIRECT_BL
libkoom-strip-dump.so,libkoom-strip-dump::0x5e960,0x5e960,libkoom-strip-dump::0x398a0,0x398a0,DIRECT_BL
libkoom-strip-dump.so,libkoom-strip-dump::0x5eb48,0x5eb48,libkoom-strip-dump::0x5d9f4,0x5d9f4,DIRECT_BL
libkoom-strip-dump.so,libkoom-strip-dump::0x5eb48,0x5eb48,libkoom-strip-dump::0x398a0,0x398a0,DIRECT_BL
libkoom-strip-dump.so,libkoom-strip-dump::0x5ec70,0x5ec70,libkoom-strip-dump::0x398a0,0x398a0,DIRECT_BL
libkoom-strip-dump.so,libkoom-strip-dump::0x5ec70,0x5ec70,libkoom-strip-dump::0x5d9f4,0x5d9f4,DIRECT_BL
libkoom-strip-dump.so,libkoom-strip-dump::0x5ed98,0x5ed98,libkoom-strip-dump::0x5d9f4,0x5d9f4,DIRECT_BL
libkoom-strip-dump.so,libkoom-strip-dump::0x5ed98,0x5ed98,libkoom-strip-dump::0x398a0,0x398a0,DIRECT_BL
libkoom-strip-dump.so,libkoom-strip-dump::0x5efb4,0x5efb4,libkoom-strip-dump::0x5d9f4,0x5d9f4,DIRECT_BL
libkoom-strip-dump.so,libkoom-strip-dump::0x5efb4,0x5efb4,libkoom-strip-dump::0x398a0,0x398a0,DIRECT_BL
libkoom-strip-dump.so,libkoom-strip-dump::0x5f128,0x5f128,libkoom-strip-dump::0x5f1b8,0x5f1b8,DIRECT_BL
libkoom-strip-dump.so,libkoom-strip-dump::0x5f128,0x5f128,libkoom-strip-dump::0x5d700,0x5d700,DIRECT_BL
libkoom-strip-dump.so,libkoom-strip-dump::0x5f258,0x5f258,libkoom-strip-dump::0x5d700,0x5d700,DIRECT_BL
libkoom-strip-dump.so,libkoom-strip-dump::0x5f37c,0x5f37c,libkoom-strip-dump::0x5d700,0x5d700,DIRECT_BL
libkoom-strip-dump.so,libkoom-strip-dump::0x5f37c,0x5f37c,libkoom-strip-dump::0x3a988,0x3a988,DIRECT_BL
libkoom-strip-dump.so,libkoom-strip-dump::0x5f428,0x5f428,libkoom-strip-dump::0x5d700,0x5d700,DIRECT_BL
libkoom-strip-dump.so,libkoom-strip-dump::0x5f4c4,0x5f4c4,libkoom-strip-dump::0x5d700,0x5d700,DIRECT_BL
libkoom-strip-dump.so,libkoom-strip-dump::0x5f5cc,0x5f5cc,libkoom-strip-dump::0x5d700,0x5d700,DIRECT_BL
libkoom-strip-dump.so,libkoom-strip-dump::0x5f700,0x5f700,libkoom-strip-dump::0x5fd94,0x5fd94,DIRECT_BL
libkoom-strip-dump.so,libkoom-strip-dump::0x5f820,0x5f820,libkoom-strip-dump::0x5d9f4,0x5d9f4,DIRECT_BL
libkoom-strip-dump.so,libkoom-strip-dump::0x5f820,0x5f820,libkoom-strip-dump::0x398a0,0x398a0,DIRECT_BL
libkoom-strip-dump.so,libkoom-strip-dump::0x5fac0,0x5fac0,libkoom-strip-dump::0x5d700,0x5d700,DIRECT_BL
libkoom-strip-dump.so,libkoom-strip-dump::0x5fad0,0x5fad0,libkoom-strip-dump::0x5de14,0x5de14,DIRECT_BL
libkoom-strip-dump.so,libkoom-strip-dump::0x5fc58,0x5fc58,libkoom-strip-dump::0x5d700,0x5d700,DIRECT_BL
libkoom-strip-dump.so,libkoom-strip-dump::0x5fc68,0x5fc68,libkoom-strip-dump::0x5b3e4,0x5b3e4,DIRECT_BL
libkoom-strip-dump.so,libkoom-strip-dump::0x5fd68,0x5fd68,libkoom-strip-dump::0x3a998,0x3a998,DIRECT_BL
libkoom-strip-dump.so,libkoom-strip-dump::0x5fd80,0x5fd80,libkoom-strip-dump::0x5fd94,0x5fd94,DIRECT_BL
libkoom-strip-dump.so,libkoom-strip-dump::0x5fd98,0x5fd98,libkoom-strip-dump::0x633e4,0x633e4,DIRECT_BL
libkoom-strip-dump.so,libkoom-strip-dump::0x5fd98,0x5fd98,libkoom-strip-dump::0x8130c,0x8130c,DIRECT_BL
libkoom-strip-dump.so,libkoom-strip-dump::0x5fdf0,0x5fdf0,libkoom-strip-dump::0x6341c,0x6341c,DIRECT_BL
libkoom-strip-dump.so,libkoom-strip-dump::0x5fdf0,0x5fdf0,libkoom-strip-dump::0x5fd94,0x5fd94,DIRECT_BL
libkoom-strip-dump.so,libkoom-strip-dump::0x5fdf0,0x5fdf0,libkoom-strip-dump::0x8130c,0x8130c,DIRECT_BL
libkoom-strip-dump.so,libkoom-strip-dump::0x5fdf0,0x5fdf0,libkoom-strip-dump::0x8130c,0x8130c,DIRECT_BL
libkoom-strip-dump.so,libkoom-strip-dump::0x5fec4,0x5fec4,libkoom-strip-dump::0x6341c,0x6341c,DIRECT_BL
libkoom-strip-dump.so,libkoom-strip-dump::0x5fec4,0x5fec4,libkoom-strip-dump::0x8130c,0x8130c,DIRECT_BL
libkoom-strip-dump.so,libkoom-strip-dump::0x5ff3c,0x5ff3c,libkoom-strip-dump::0x5fd94,0x5fd94,DIRECT_BL
libkoom-strip-dump.so,libkoom-strip-dump::0x5ff3c,0x5ff3c,libkoom-strip-dump::0x63660,0x63660,DIRECT_BL
libkoom-strip-dump.so,libkoom-strip-dump::0x5ff3c,0x5ff3c,libkoom-strip-dump::0x8130c,0x8130c,DIRECT_BL
libkoom-strip-dump.so,libkoom-strip-dump::0x600a8,0x600a8,libkoom-strip-dump::0x5fd94,0x5fd94,DIRECT_BL
libkoom-strip-dump.so,libkoom-strip-dump::0x600a8,0x600a8,libkoom-strip-dump::0x63660,0x63660,DIRECT_BL
libkoom-strip-dump.so,libkoom-strip-dump::0x600a8,0x600a8,libkoom-strip-dump::0x8130c,0x8130c,DIRECT_BL
libkoom-strip-dump.so,libkoom-strip-dump::0x60214,0x60214,libkoom-strip-dump::0x5fd94,0x5fd94,DIRECT_BL
libkoom-strip-dump.so,libkoom-strip-dump::0x60214,0x60214,libkoom-strip-dump::0x63660,0x63660,DIRECT_BL
libkoom-strip-dump.so,libkoom-strip-dump::0x60214,0x60214,libkoom-strip-dump::0x8130c,0x8130c,DIRECT_BL
libkoom-strip-dump.so,libkoom-strip-dump::0x60388,0x60388,libkoom-strip-dump::0x5fd94,0x5fd94,DIRECT_BL
libkoom-strip-dump.so,libkoom-strip-dump::0x60388,0x60388,libkoom-strip-dump::0x63660,0x63660,DIRECT_BL
libkoom-strip-dump.so,libkoom-strip-dump::0x60388,0x60388,libkoom-strip-dump::0x8130c,0x8130c,DIRECT_BL
libkoom-strip-dump.so,libkoom-strip-dump::0x604d0,0x604d0,libkoom-strip-dump::0x5fd94,0x5fd94,DIRECT_BL
libkoom-strip-dump.so,libkoom-strip-dump::0x604d0,0x604d0,libkoom-strip-dump::0x63660,0x63660,DIRECT_BL
libkoom-strip-dump.so,libkoom-strip-dump::0x604d0,0x604d0,libkoom-strip-dump::0x8130c,0x8130c,DIRECT_BL
libkoom-strip-dump.so,libkoom-strip-dump::0x60614,0x60614,libkoom-strip-dump::0x5fd94,0x5fd94,DIRECT_BL
libkoom-strip-dump.so,libkoom-strip-dump::0x60614,0x60614,libkoom-strip-dump::0x63660,0x63660,DIRECT_BL
libkoom-strip-dump.so,libkoom-strip-dump::0x60614,0x60614,libkoom-strip-dump::0x8130c,0x8130c,DIRECT_BL
libkoom-strip-dump.so,libkoom-strip-dump::0x60778,0x60778,libkoom-strip-dump::0x636ec,0x636ec,DIRECT_BL
libkoom-strip-dump.so,libkoom-strip-dump::0x60778,0x60778,libkoom-strip-dump::0x5fd94,0x5fd94,DIRECT_BL
libkoom-strip-dump.so,libkoom-strip-dump::0x60778,0x60778,libkoom-strip-dump::0x8130c,0x8130c,DIRECT_BL
libkoom-strip-dump.so,libkoom-strip-dump::0x60778,0x60778,libkoom-strip-dump::0x8130c,0x8130c,DIRECT_BL
libkoom-strip-dump.so,libkoom-strip-dump::0x6084c,0x6084c,libkoom-strip-dump::0x636ec,0x636ec,DIRECT_BL
libkoom-strip-dump.so,libkoom-strip-dump::0x6084c,0x6084c,libkoom-strip-dump::0x8130c,0x8130c,DIRECT_BL
libkoom-strip-dump.so,libkoom-strip-dump::0x608c4,0x608c4,libkoom-strip-dump::0x5fd94,0x5fd94,DIRECT_BL
libkoom-strip-dump.so,libkoom-strip-dump::0x608c4,0x608c4,libkoom-strip-dump::0x63660,0x63660,DIRECT_BL
libkoom-strip-dump.so,libkoom-strip-dump::0x608c4,0x608c4,libkoom-strip-dump::0x8130c,0x8130c,DIRECT_BL
libkoom-strip-dump.so,libkoom-strip-dump::0x608c4,0x608c4,libkoom-strip-dump::0x8130c,0x8130c,DIRECT_BL
libkoom-strip-dump.so,libkoom-strip-dump::0x60a4c,0x60a4c,libkoom-strip-dump::0x5fd94,0x5fd94,DIRECT_BL
libkoom-strip-dump.so,libkoom-strip-dump::0x60a4c,0x60a4c,libkoom-strip-dump::0x63660,0x63660,DIRECT_BL
libkoom-strip-dump.so,libkoom-strip-dump::0x60a4c,0x60a4c,libkoom-strip-dump::0x8130c,0x8130c,DIRECT_BL
libkoom-strip-dump.so,libkoom-strip-dump::0x60a4c,0x60a4c,libkoom-strip-dump::0x8130c,0x8130c,DIRECT_BL
libkoom-strip-dump.so,libkoom-strip-dump::0x60bd4,0x60bd4,libkoom-strip-dump::0x5fd94,0x5fd94,DIRECT_BL
libkoom-strip-dump.so,libkoom-strip-dump::0x60bd4,0x60bd4,libkoom-strip-dump::0x63660,0x63660,DIRECT_BL
libkoom-strip-dump.so,libkoom-strip-dump::0x60bd4,0x60bd4,libkoom-strip-dump::0x8130c,0x8130c,DIRECT_BL
libkoom-strip-dump.so,libkoom-strip-dump::0x60bd4,0x60bd4,libkoom-strip-dump::0x8130c,0x8130c,DIRECT_BL
libkoom-strip-dump.so,libkoom-strip-dump::0x60d64,0x60d64,libkoom-strip-dump::0x5fd94,0x5fd94,DIRECT_BL
libkoom-strip-dump.so,libkoom-strip-dump::0x60d64,0x60d64,libkoom-strip-dump::0x63660,0x63660,DIRECT_BL
libkoom-strip-dump.so,libkoom-strip-dump::0x60d64,0x60d64,libkoom-strip-dump::0x8130c,0x8130c,DIRECT_BL
libkoom-strip-dump.so,libkoom-strip-dump::0x60d64,0x60d64,libkoom-strip-dump::0x8130c,0x8130c,DIRECT_BL
libkoom-strip-dump.so,libkoom-strip-dump::0x60ec8,0x60ec8,libkoom-strip-dump::0x5fd94,0x5fd94,DIRECT_BL
libkoom-strip-dump.so,libkoom-strip-dump::0x60ec8,0x60ec8,libkoom-strip-dump::0x63660,0x63660,DIRECT_BL
libkoom-strip-dump.so,libkoom-strip-dump::0x60ec8,0x60ec8,libkoom-strip-dump::0x8130c,0x8130c,DIRECT_BL
libkoom-strip-dump.so,libkoom-strip-dump::0x60ec8,0x60ec8,libkoom-strip-dump::0x8130c,0x8130c,DIRECT_BL
libkoom-strip-dump.so,libkoom-strip-dump::0x61028,0x61028,libkoom-strip-dump::0x5fd94,0x5fd94,DIRECT_BL
libkoom-strip-dump.so,libkoom-strip-dump::0x61028,0x61028,libkoom-strip-dump::0x63660,0x63660,DIRECT_BL
libkoom-strip-dump.so,libkoom-strip-dump::0x61028,0x61028,libkoom-strip-dump::0x8130c,0x8130c,DIRECT_BL
libkoom-strip-dump.so,libkoom-strip-dump::0x61028,0x61028,libkoom-strip-dump::0x8130c,0x8130c,DIRECT_BL
libkoom-strip-dump.so,libkoom-strip-dump::0x611a0,0x611a0,libkoom-strip-dump::0x63938,0x63938,DIRECT_BL
libkoom-strip-dump.so,libkoom-strip-dump::0x611a0,0x611a0,libkoom-strip-dump::0x5b3e4,0x5b3e4,DIRECT_BL
libkoom-strip-dump.so,libkoom-strip-dump::0x612d0,0x612d0,libkoom-strip-dump::0x63938,0x63938,DIRECT_BL
libkoom-strip-dump.so,libkoom-strip-dump::0x612d0,0x612d0,libkoom-strip-dump::0x63938,0x63938,DIRECT_BL
libkoom-strip-dump.so,libkoom-strip-dump::0x612d0,0x612d0,libkoom-strip-dump::0x5b3e4,0x5b3e4,DIRECT_BL
libkoom-strip-dump.so,libkoom-strip-dump::0x614f4,0x614f4,libkoom-strip-dump::0x63938,0x63938,DIRECT_BL
libkoom-strip-dump.so,libkoom-strip-dump::0x614f4,0x614f4,libkoom-strip-dump::0x63938,0x63938,DIRECT_BL
libkoom-strip-dump.so,libkoom-strip-dump::0x614f4,0x614f4,libkoom-strip-dump::0x5b3e4,0x5b3e4,DIRECT_BL
libkoom-strip-dump.so,libkoom-strip-dump::0x61718,0x61718,libkoom-strip-dump::0x63938,0x63938,DIRECT_BL
libkoom-strip-dump.so,libkoom-strip-dump::0x61718,0x61718,libkoom-strip-dump::0x5b3e4,0x5b3e4,DIRECT_BL
libkoom-strip-dump.so,libkoom-strip-dump::0x617d4,0x617d4,libkoom-strip-dump::0x63938,0x63938,DIRECT_BL
libkoom-strip-dump.so,libkoom-strip-dump::0x617d4,0x617d4,libkoom-strip-dump::0x63938,0x63938,DIRECT_BL
libkoom-strip-dump.so,libkoom-strip-dump::0x617d4,0x617d4,libkoom-strip-dump::0x5b3e4,0x5b3e4,DIRECT_BL
libkoom-strip-dump.so,libkoom-strip-dump::0x61998,0x61998,libkoom-strip-dump::0x63938,0x63938,DIRECT_BL
libkoom-strip-dump.so,libkoom-strip-dump::0x61998,0x61998,libkoom-strip-dump::0x63938,0x63938,DIRECT_BL
libkoom-strip-dump.so,libkoom-strip-dump::0x61998,0x61998,libkoom-strip-dump::0x5b3e4,0x5b3e4,DIRECT_BL
libkoom-strip-dump.so,libkoom-strip-dump::0x61b5c,0x61b5c,libkoom-strip-dump::0x63938,0x63938,DIRECT_BL
libkoom-strip-dump.so,libkoom-strip-dump::0x61b5c,0x61b5c,libkoom-strip-dump::0x5d9f4,0x5d9f4,DIRECT_BL
libkoom-strip-dump.so,libkoom-strip-dump::0x61b5c,0x61b5c,libkoom-strip-dump::0x398a0,0x398a0,DIRECT_BL
libkoom-strip-dump.so,libkoom-strip-dump::0x61d3c,0x61d3c,libkoom-strip-dump::0x63938,0x63938,DIRECT_BL
libkoom-strip-dump.so,libkoom-strip-dump::0x61d3c,0x61d3c,libkoom-strip-dump::0x63938,0x63938,DIRECT_BL
libkoom-strip-dump.so,libkoom-strip-dump::0x61d3c,0x61d3c,libkoom-strip-dump::0x5d9f4,0x5d9f4,DIRECT_BL
libkoom-strip-dump.so,libkoom-strip-dump::0x61d3c,0x61d3c,libkoom-strip-dump::0x398a0,0x398a0,DIRECT_BL
libkoom-strip-dump.so,libkoom-strip-dump::0x62010,0x62010,libkoom-strip-dump::0x63938,0x63938,DIRECT_BL
libkoom-strip-dump.so,libkoom-strip-dump::0x62010,0x62010,libkoom-strip-dump::0x63938,0x63938,DIRECT_BL
libkoom-strip-dump.so,libkoom-strip-dump::0x62010,0x62010,libkoom-strip-dump::0x5d9f4,0x5d9f4,DIRECT_BL
libkoom-strip-dump.so,libkoom-strip-dump::0x62010,0x62010,libkoom-strip-dump::0x398a0,0x398a0,DIRECT_BL
libkoom-strip-dump.so,libkoom-strip-dump::0x622e4,0x622e4,libkoom-strip-dump::0x63938,0x63938,DIRECT_BL
libkoom-strip-dump.so,libkoom-strip-dump::0x622e4,0x622e4,libkoom-strip-dump::0x5d9f4,0x5d9f4,DIRECT_BL
libkoom-strip-dump.so,libkoom-strip-dump::0x622e4,0x622e4,libkoom-strip-dump::0x398a0,0x398a0,DIRECT_BL
libkoom-strip-dump.so,libkoom-strip-dump::0x62450,0x62450,libkoom-strip-dump::0x63938,0x63938,DIRECT_BL
libkoom-strip-dump.so,libkoom-strip-dump::0x62450,0x62450,libkoom-strip-dump::0x63938,0x63938,DIRECT_BL
libkoom-strip-dump.so,libkoom-strip-dump::0x62450,0x62450,libkoom-strip-dump::0x5d9f4,0x5d9f4,DIRECT_BL
libkoom-strip-dump.so,libkoom-strip-dump::0x62450,0x62450,libkoom-strip-dump::0x398a0,0x398a0,DIRECT_BL
libkoom-strip-dump.so,libkoom-strip-dump::0x626c4,0x626c4,libkoom-strip-dump::0x63938,0x63938,DIRECT_BL
libkoom-strip-dump.so,libkoom-strip-dump::0x626c4,0x626c4,libkoom-strip-dump::0x63938,0x63938,DIRECT_BL
libkoom-strip-dump.so,libkoom-strip-dump::0x626c4,0x626c4,libkoom-strip-dump::0x5d9f4,0x5d9f4,DIRECT_BL
libkoom-strip-dump.so,libkoom-strip-dump::0x626c4,0x626c4,libkoom-strip-dump::0x398a0,0x398a0,DIRECT_BL
libkoom-strip-dump.so,libkoom-strip-dump::0x6293c,0x6293c,libkoom-strip-dump::0x8130c,0x8130c,DIRECT_BL
libkoom-strip-dump.so,libkoom-strip-dump::0x6293c,0x6293c,libkoom-strip-dump::0x8130c,0x8130c,DIRECT_BL
libkoom-strip-dump.so,libkoom-strip-dump::0x6293c,0x6293c,libkoom-strip-dump::0x8130c,0x8130c,DIRECT_BL
libkoom-strip-dump.so,libkoom-strip-dump::0x62af8,0x62af8,libkoom-strip-dump::0x8130c,0x8130c,DIRECT_BL
libkoom-strip-dump.so,libkoom-strip-dump::0x62af8,0x62af8,libkoom-strip-dump::0x8130c,0x8130c,DIRECT_BL
libkoom-strip-dump.so,libkoom-strip-dump::0x62af8,0x62af8,libkoom-strip-dump::0x8130c,0x8130c,DIRECT_BL
libkoom-strip-dump.so,libkoom-strip-dump::0x62cac,0x62cac,libkoom-strip-dump::0x8130c,0x8130c,DIRECT_BL
libkoom-strip-dump.so,libkoom-strip-dump::0x62cac,0x62cac,libkoom-strip-dump::0x8130c,0x8130c,DIRECT_BL
libkoom-strip-dump.so,libkoom-strip-dump::0x62cac,0x62cac,libkoom-strip-dump::0x8130c,0x8130c,DIRECT_BL
libkoom-strip-dump.so,libkoom-strip-dump::0x62e60,0x62e60,libkoom-strip-dump::0x8130c,0x8130c,DIRECT_BL
libkoom-strip-dump.so,libkoom-strip-dump::0x62e60,0x62e60,libkoom-strip-dump::0x8130c,0x8130c,DIRECT_BL
libkoom-strip-dump.so,libkoom-strip-dump::0x62e60,0x62e60,libkoom-strip-dump::0x8130c,0x8130c,DIRECT_BL
libkoom-strip-dump.so,libkoom-strip-dump::0x63040,0x63040,libkoom-strip-dump::0x8130c,0x8130c,DIRECT_BL
libkoom-strip-dump.so,libkoom-strip-dump::0x63040,0x63040,libkoom-strip-dump::0x8130c,0x8130c,DIRECT_BL
libkoom-strip-dump.so,libkoom-strip-dump::0x63040,0x63040,libkoom-strip-dump::0x8130c,0x8130c,DIRECT_BL
libkoom-strip-dump.so,libkoom-strip-dump::0x63218,0x63218,libkoom-strip-dump::0x8130c,0x8130c,DIRECT_BL
libkoom-strip-dump.so,libkoom-strip-dump::0x63218,0x63218,libkoom-strip-dump::0x8130c,0x8130c,DIRECT_BL
libkoom-strip-dump.so,libkoom-strip-dump::0x63218,0x63218,libkoom-strip-dump::0x8130c,0x8130c,DIRECT_BL
libkoom-strip-dump.so,libkoom-strip-dump::0x63424,0x63424,libkoom-strip-dump::0x5b3e4,0x5b3e4,DIRECT_BL
libkoom-strip-dump.so,libkoom-strip-dump::0x63424,0x63424,libkoom-strip-dump::0x5fd94,0x5fd94,DIRECT_BL
libkoom-strip-dump.so,libkoom-strip-dump::0x63424,0x63424,libkoom-strip-dump::0x63660,0x63660,DIRECT_BL
libkoom-strip-dump.so,libkoom-strip-dump::0x63424,0x63424,libkoom-strip-dump::0x8130c,0x8130c,DIRECT_BL
libkoom-strip-dump.so,libkoom-strip-dump::0x63424,0x63424,libkoom-strip-dump::0x8130c,0x8130c,DIRECT_BL
libkoom-strip-dump.so,libkoom-strip-dump::0x63664,0x63664,libkoom-strip-dump::0x636b4,0x636b4,DIRECT_BL
libkoom-strip-dump.so,libkoom-strip-dump::0x63664,0x63664,libkoom-strip-dump::0x8130c,0x8130c,DIRECT_BL
libkoom-strip-dump.so,libkoom-strip-dump::0x636f4,0x636f4,libkoom-strip-dump::0x5b3e4,0x5b3e4,DIRECT_BL
libkoom-strip-dump.so,libkoom-strip-dump::0x636f4,0x636f4,libkoom-strip-dump::0x5fd94,0x5fd94,DIRECT_BL
libkoom-strip-dump.so,libkoom-strip-dump::0x636f4,0x636f4,libkoom-strip-dump::0x63660,0x63660,DIRECT_BL
libkoom-strip-dump.so,libkoom-strip-dump::0x636f4,0x636f4,libkoom-strip-dump::0x8130c,0x8130c,DIRECT_BL
libkoom-strip-dump.so,libkoom-strip-dump::0x636f4,0x636f4,libkoom-strip-dump::0x8130c,0x8130c,DIRECT_BL
libkoom-strip-dump.so,libkoom-strip-dump::0x63cf4,0x63cf4,libkoom-strip-dump::0x646b4,0x646b4,DIRECT_BL
libkoom-strip-dump.so,libkoom-strip-dump::0x63cf4,0x63cf4,libkoom-strip-dump::0x646b4,0x646b4,DIRECT_BL
libkoom-strip-dump.so,libkoom-strip-dump::0x63cf4,0x63cf4,libkoom-strip-dump::0x646b4,0x646b4,DIRECT_BL
libkoom-strip-dump.so,libkoom-strip-dump::0x63cf4,0x63cf4,libkoom-strip-dump::0x3a988,0x3a988,DIRECT_BL
libkoom-strip-dump.so,libkoom-strip-dump::0x63cf4,0x63cf4,libkoom-strip-dump::0x63f64,0x63f64,DIRECT_BL
libkoom-strip-dump.so,libkoom-strip-dump::0x63cf4,0x63cf4,libkoom-strip-dump::0x8130c,0x8130c,DIRECT_BL
libkoom-strip-dump.so,libkoom-strip-dump::0x63e24,0x63e24,libkoom-strip-dump::0x646b4,0x646b4,DIRECT_BL
libkoom-strip-dump.so,libkoom-strip-dump::0x63e24,0x63e24,libkoom-strip-dump::0x646b4,0x646b4,DIRECT_BL
libkoom-strip-dump.so,libkoom-strip-dump::0x63e24,0x63e24,libkoom-strip-dump::0x3a988,0x3a988,DIRECT_BL
libkoom-strip-dump.so,libkoom-strip-dump::0x63ecc,0x63ecc,libkoom-strip-dump::0x646b4,0x646b4,DIRECT_BL
libkoom-strip-dump.so,libkoom-strip-dump::0x63ecc,0x63ecc,libkoom-strip-dump::0x646b4,0x646b4,DIRECT_BL
libkoom-strip-dump.so,libkoom-strip-dump::0x63ecc,0x63ecc,libkoom-strip-dump::0x3a988,0x3a988,DIRECT_BL
libkoom-strip-dump.so,libkoom-strip-dump::0x63f68,0x63f68,libkoom-strip-dump::0x646b4,0x646b4,DIRECT_BL
libkoom-strip-dump.so,libkoom-strip-dump::0x63f68,0x63f68,libkoom-strip-dump::0x3a988,0x3a988,DIRECT_BL
libkoom-strip-dump.so,libkoom-strip-dump::0x63fc0,0x63fc0,libkoom-strip-dump::0x6404c,0x6404c,DIRECT_BL
libkoom-strip-dump.so,libkoom-strip-dump::0x63fc0,0x63fc0,libkoom-strip-dump::0x7eca4,0x7eca4,DIRECT_BL
libkoom-strip-dump.so,libkoom-strip-dump::0x63fc0,0x63fc0,libkoom-strip-dump::0x6404c,0x6404c,DIRECT_BL
libkoom-strip-dump.so,libkoom-strip-dump::0x63fc0,0x63fc0,libkoom-strip-dump::0x3a988,0x3a988,DIRECT_BL
libkoom-strip-dump.so,libkoom-strip-dump::0x64004,0x64004,libkoom-strip-dump::0x646b4,0x646b4,DIRECT_BL
libkoom-strip-dump.so,libkoom-strip-dump::0x64020,0x64020,libkoom-strip-dump::0x64000,0x64000,DIRECT_BL
libkoom-strip-dump.so,libkoom-strip-dump::0x64050,0x64050,libkoom-strip-dump::0x646b4,0x646b4,DIRECT_BL
libkoom-strip-dump.so,libkoom-strip-dump::0x64050,0x64050,libkoom-strip-dump::0x646b4,0x646b4,DIRECT_BL
libkoom-strip-dump.so,libkoom-strip-dump::0x64050,0x64050,libkoom-strip-dump::0x3a988,0x3a988,DIRECT_BL
libkoom-strip-dump.so,libkoom-strip-dump::0x64094,0x64094,libkoom-strip-dump::0x646b4,0x646b4,DIRECT_BL
libkoom-strip-dump.so,libkoom-strip-dump::0x64094,0x64094,libkoom-strip-dump::0x7eca4,0x7eca4,DIRECT_BL
libkoom-strip-dump.so,libkoom-strip-dump::0x64094,0x64094,libkoom-strip-dump::0x7ec98,0x7ec98,DIRECT_BL
libkoom-strip-dump.so,libkoom-strip-dump::0x64094,0x64094,libkoom-strip-dump::0x646b4,0x646b4,DIRECT_BL
libkoom-strip-dump.so,libkoom-strip-dump::0x64094,0x64094,libkoom-strip-dump::0x646b4,0x646b4,DIRECT_BL
libkoom-strip-dump.so,libkoom-strip-dump::0x64094,0x64094,libkoom-strip-dump::0x646b4,0x646b4,DIRECT_BL
libkoom-strip-dump.so,libkoom-strip-dump::0x64094,0x64094,libkoom-strip-dump::0x8130c,0x8130c,DIRECT_BL
libkoom-strip-dump.so,libkoom-strip-dump::0x64094,0x64094,libkoom-strip-dump::0x3a988,0x3a988,DIRECT_BL
libkoom-strip-dump.so,libkoom-strip-dump::0x64200,0x64200,libkoom-strip-dump::0x80ff0,0x80ff0,DIRECT_BL
libkoom-strip-dump.so,libkoom-strip-dump::0x64234,0x64234,libkoom-strip-dump::0x80ff0,0x80ff0,DIRECT_BL
libkoom-strip-dump.so,libkoom-strip-dump::0x64268,0x64268,libkoom-strip-dump::0x80ff0,0x80ff0,DIRECT_BL
libkoom-strip-dump.so,libkoom-strip-dump::0x642e4,0x642e4,libkoom-strip-dump::0x646b4,0x646b4,DIRECT_BL
libkoom-strip-dump.so,libkoom-strip-dump::0x642fc,0x642fc,libkoom-strip-dump::0x646b4,0x646b4,DIRECT_BL
libkoom-strip-dump.so,libkoom-strip-dump::0x6443c,0x6443c,libkoom-strip-dump::0x81050,0x81050,DIRECT_BL
libkoom-strip-dump.so,libkoom-strip-dump::0x644e0,0x644e0,libkoom-strip-dump::0x81050,0x81050,DIRECT_BL
libkoom-strip-dump.so,libkoom-strip-dump::0x662e4,0x662e4,libkoom-strip-dump::0x67648,0x67648,DIRECT_BL
libkoom-strip-dump.so,libkoom-strip-dump::0x662e4,0x662e4,libkoom-strip-dump::0x66a30,0x66a30,DIRECT_BL
libkoom-strip-dump.so,libkoom-strip-dump::0x662e4,0x662e4,libkoom-strip-dump::0x66a30,0x66a30,DIRECT_BL
libkoom-strip-dump.so,libkoom-strip-dump::0x662e4,0x662e4,libkoom-strip-dump::0x67594,0x67594,DIRECT_BL
libkoom-strip-dump.so,libkoom-strip-dump::0x662e4,0x662e4,libkoom-strip-dump::0x646b4,0x646b4,DIRECT_BL
libkoom-strip-dump.so,libkoom-strip-dump::0x662e4,0x662e4,libkoom-strip-dump::0x668d8,0x668d8,DIRECT_BL
libkoom-strip-dump.so,libkoom-strip-dump::0x662e4,0x662e4,libkoom-strip-dump::0x8130c,0x8130c,DIRECT_BL
libkoom-strip-dump.so,libkoom-strip-dump::0x662e4,0x662e4,libkoom-strip-dump::0x668d8,0x668d8,DIRECT_BL
libkoom-strip-dump.so,libkoom-strip-dump::0x662e4,0x662e4,libkoom-strip-dump::0x8130c,0x8130c,DIRECT_BL
libkoom-strip-dump.so,libkoom-strip-dump::0x662e4,0x662e4,libkoom-strip-dump::0x668d8,0x668d8,DIRECT_BL
libkoom-strip-dump.so,libkoom-strip-dump::0x662e4,0x662e4,libkoom-strip-dump::0x8130c,0x8130c,DIRECT_BL
libkoom-strip-dump.so,libkoom-strip-dump::0x66a38,0x66a38,libkoom-strip-dump::0x689cc,0x689cc,DIRECT_BL
libkoom-strip-dump.so,libkoom-strip-dump::0x66a38,0x66a38,libkoom-strip-dump::0x69f54,0x69f54,DIRECT_BL
libkoom-strip-dump.so,libkoom-strip-dump::0x66a38,0x66a38,libkoom-strip-dump::0x69f54,0x69f54,DIRECT_BL
libkoom-strip-dump.so,libkoom-strip-dump::0x66a38,0x66a38,libkoom-strip-dump::0x66a30,0x66a30,DIRECT_BL
libkoom-strip-dump.so,libkoom-strip-dump::0x66a38,0x66a38,libkoom-strip-dump::0x6a104,0x6a104,DIRECT_BL
libkoom-strip-dump.so,libkoom-strip-dump::0x66a38,0x66a38,libkoom-strip-dump::0x68b80,0x68b80,DIRECT_BL
libkoom-strip-dump.so,libkoom-strip-dump::0x66a38,0x66a38,libkoom-strip-dump::0x68b80,0x68b80,DIRECT_BL
libkoom-strip-dump.so,libkoom-strip-dump::0x66a38,0x66a38,libkoom-strip-dump::0x67648,0x67648,DIRECT_BL
libkoom-strip-dump.so,libkoom-strip-dump::0x66d38,0x66d38,libkoom-strip-dump::0x67648,0x67648,DIRECT_BL
libkoom-strip-dump.so,libkoom-strip-dump::0x66d38,0x66d38,libkoom-strip-dump::0x67508,0x67508,DIRECT_BL
libkoom-strip-dump.so,libkoom-strip-dump::0x66d38,0x66d38,libkoom-strip-dump::0x67648,0x67648,DIRECT_BL
libkoom-strip-dump.so,libkoom-strip-dump::0x66d38,0x66d38,libkoom-strip-dump::0x6a1b4,0x6a1b4,DIRECT_BL
libkoom-strip-dump.so,libkoom-strip-dump::0x66d38,0x66d38,libkoom-strip-dump::0x68b80,0x68b80,DIRECT_BL
libkoom-strip-dump.so,libkoom-strip-dump::0x66d38,0x66d38,libkoom-strip-dump::0x6a468,0x6a468,DIRECT_BL
libkoom-strip-dump.so,libkoom-strip-dump::0x66d38,0x66d38,libkoom-strip-dump::0x6a518,0x6a518,DIRECT_BL
libkoom-strip-dump.so,libkoom-strip-dump::0x66d38,0x66d38,libkoom-strip-dump::0x67648,0x67648,DIRECT_BL
libkoom-strip-dump.so,libkoom-strip-dump::0x66d38,0x66d38,libkoom-strip-dump::0x69df4,0x69df4,DIRECT_BL
libkoom-strip-dump.so,libkoom-strip-dump::0x66d38,0x66d38,libkoom-strip-dump::0x67648,0x67648,DIRECT_BL
libkoom-strip-dump.so,libkoom-strip-dump::0x66d38,0x66d38,libkoom-strip-dump::0x69d44,0x69d44,DIRECT_BL
libkoom-strip-dump.so,libkoom-strip-dump::0x66d38,0x66d38,libkoom-strip-dump::0x69f54,0x69f54,DIRECT_BL
libkoom-strip-dump.so,libkoom-strip-dump::0x66d38,0x66d38,libkoom-strip-dump::0x69f54,0x69f54,DIRECT_BL
libkoom-strip-dump.so,libkoom-strip-dump::0x66d38,0x66d38,libkoom-strip-dump::0x66a30,0x66a30,DIRECT_BL
libkoom-strip-dump.so,libkoom-strip-dump::0x66d38,0x66d38,libkoom-strip-dump::0x6a30c,0x6a30c,DIRECT_BL
libkoom-strip-dump.so,libkoom-strip-dump::0x66d38,0x66d38,libkoom-strip-dump::0x6a3bc,0x6a3bc,DIRECT_BL
libkoom-strip-dump.so,libkoom-strip-dump::0x66d38,0x66d38,libkoom-strip-dump::0x67648,0x67648,DIRECT_BL
libkoom-strip-dump.so,libkoom-strip-dump::0x66d38,0x66d38,libkoom-strip-dump::0x697b0,0x697b0,DIRECT_BL
libkoom-strip-dump.so,libkoom-strip-dump::0x67198,0x67198,libkoom-strip-dump::0x6c894,0x6c894,DIRECT_BL
libkoom-strip-dump.so,libkoom-strip-dump::0x67198,0x67198,libkoom-strip-dump::0x6990c,0x6990c,DIRECT_BL
libkoom-strip-dump.so,libkoom-strip-dump::0x67198,0x67198,libkoom-strip-dump::0x692c4,0x692c4,DIRECT_BL
libkoom-strip-dump.so,libkoom-strip-dump::0x67198,0x67198,libkoom-strip-dump::0x69be4,0x69be4,DIRECT_BL
libkoom-strip-dump.so,libkoom-strip-dump::0x67198,0x67198,libkoom-strip-dump::0x68b80,0x68b80,DIRECT_BL
libkoom-strip-dump.so,libkoom-strip-dump::0x67198,0x67198,libkoom-strip-dump::0x6a25c,0x6a25c,DIRECT_BL
libkoom-strip-dump.so,libkoom-strip-dump::0x67198,0x67198,libkoom-strip-dump::0x67648,0x67648,DIRECT_BL
libkoom-strip-dump.so,libkoom-strip-dump::0x67198,0x67198,libkoom-strip-dump::0x69c94,0x69c94,DIRECT_BL
libkoom-strip-dump.so,libkoom-strip-dump::0x67198,0x67198,libkoom-strip-dump::0x67648,0x67648,DIRECT_BL
libkoom-strip-dump.so,libkoom-strip-dump::0x67198,0x67198,libkoom-strip-dump::0x69ea4,0x69ea4,DIRECT_BL
libkoom-strip-dump.so,libkoom-strip-dump::0x67198,0x67198,libkoom-strip-dump::0x68b80,0x68b80,DIRECT_BL
libkoom-strip-dump.so,libkoom-strip-dump::0x67198,0x67198,libkoom-strip-dump::0x67594,0x67594,DIRECT_BL
libkoom-strip-dump.so,libkoom-strip-dump::0x672d4,0x672d4,libkoom-strip-dump::0x692c4,0x692c4,DIRECT_BL
libkoom-strip-dump.so,libkoom-strip-dump::0x673a0,0x673a0,libkoom-strip-dump::0x69a00,0x69a00,DIRECT_BL
libkoom-strip-dump.so,libkoom-strip-dump::0x673a0,0x673a0,libkoom-strip-dump::0x697b0,0x697b0,DIRECT_BL
libkoom-strip-dump.so,libkoom-strip-dump::0x673a0,0x673a0,libkoom-strip-dump::0x69710,0x69710,DIRECT_BL
libkoom-strip-dump.so,libkoom-strip-dump::0x673a0,0x673a0,libkoom-strip-dump::0x646b4,0x646b4,DIRECT_BL
libkoom-strip-dump.so,libkoom-strip-dump::0x673a0,0x673a0,libkoom-strip-dump::0x69a00,0x69a00,DIRECT_BL
libkoom-strip-dump.so,libkoom-strip-dump::0x673a0,0x673a0,libkoom-strip-dump::0x8130c,0x8130c,DIRECT_BL
libkoom-strip-dump.so,libkoom-strip-dump::0x673a0,0x673a0,libkoom-strip-dump::0x69a00,0x69a00,DIRECT_BL
libkoom-strip-dump.so,libkoom-strip-dump::0x673a0,0x673a0,libkoom-strip-dump::0x8130c,0x8130c,DIRECT_BL
libkoom-strip-dump.so,libkoom-strip-dump::0x673a0,0x673a0,libkoom-strip-dump::0x69a00,0x69a00,DIRECT_BL
libkoom-strip-dump.so,libkoom-strip-dump::0x673a0,0x673a0,libkoom-strip-dump::0x8130c,0x8130c,DIRECT_BL
libkoom-strip-dump.so,libkoom-strip-dump::0x673a0,0x673a0,libkoom-strip-dump::0x69a00,0x69a00,DIRECT_BL
libkoom-strip-dump.so,libkoom-strip-dump::0x673a0,0x673a0,libkoom-strip-dump::0x8130c,0x8130c,DIRECT_BL
libkoom-strip-dump.so,libkoom-strip-dump::0x673a0,0x673a0,libkoom-strip-dump::0x69a00,0x69a00,DIRECT_BL
libkoom-strip-dump.so,libkoom-strip-dump::0x673a0,0x673a0,libkoom-strip-dump::0x8130c,0x8130c,DIRECT_BL
libkoom-strip-dump.so,libkoom-strip-dump::0x673a0,0x673a0,libkoom-strip-dump::0x69a00,0x69a00,DIRECT_BL
libkoom-strip-dump.so,libkoom-strip-dump::0x673a0,0x673a0,libkoom-strip-dump::0x8130c,0x8130c,DIRECT_BL
libkoom-strip-dump.so,libkoom-strip-dump::0x673a0,0x673a0,libkoom-strip-dump::0x69a00,0x69a00,DIRECT_BL
libkoom-strip-dump.so,libkoom-strip-dump::0x673a0,0x673a0,libkoom-strip-dump::0x8130c,0x8130c,DIRECT_BL
libkoom-strip-dump.so,libkoom-strip-dump::0x673a0,0x673a0,libkoom-strip-dump::0x69a00,0x69a00,DIRECT_BL
libkoom-strip-dump.so,libkoom-strip-dump::0x673a0,0x673a0,libkoom-strip-dump::0x8130c,0x8130c,DIRECT_BL
libkoom-strip-dump.so,libkoom-strip-dump::0x673a0,0x673a0,libkoom-strip-dump::0x69a00,0x69a00,DIRECT_BL
libkoom-strip-dump.so,libkoom-strip-dump::0x673a0,0x673a0,libkoom-strip-dump::0x8130c,0x8130c,DIRECT_BL
libkoom-strip-dump.so,libkoom-strip-dump::0x673a0,0x673a0,libkoom-strip-dump::0x69a00,0x69a00,DIRECT_BL
libkoom-strip-dump.so,libkoom-strip-dump::0x673a0,0x673a0,libkoom-strip-dump::0x8130c,0x8130c,DIRECT_BL
libkoom-strip-dump.so,libkoom-strip-dump::0x67cd4,0x67cd4,libkoom-strip-dump::0x7b228,0x7b228,DIRECT_BL
libkoom-strip-dump.so,libkoom-strip-dump::0x67cd4,0x67cd4,libkoom-strip-dump::0x67648,0x67648,DIRECT_BL
libkoom-strip-dump.so,libkoom-strip-dump::0x67cd4,0x67cd4,libkoom-strip-dump::0x7c130,0x7c130,DIRECT_BL
libkoom-strip-dump.so,libkoom-strip-dump::0x67cd4,0x67cd4,libkoom-strip-dump::0x67648,0x67648,DIRECT_BL
libkoom-strip-dump.so,libkoom-strip-dump::0x67cd4,0x67cd4,libkoom-strip-dump::0x7c1e0,0x7c1e0,DIRECT_BL
libkoom-strip-dump.so,libkoom-strip-dump::0x67cd4,0x67cd4,libkoom-strip-dump::0x67648,0x67648,DIRECT_BL
libkoom-strip-dump.so,libkoom-strip-dump::0x67cd4,0x67cd4,libkoom-strip-dump::0x6b598,0x6b598,DIRECT_BL
libkoom-strip-dump.so,libkoom-strip-dump::0x67cd4,0x67cd4,libkoom-strip-dump::0x6af54,0x6af54,DIRECT_BL
libkoom-strip-dump.so,libkoom-strip-dump::0x67cd4,0x67cd4,libkoom-strip-dump::0x7ac38,0x7ac38,DIRECT_BL
libkoom-strip-dump.so,libkoom-strip-dump::0x68054,0x68054,libkoom-strip-dump::0x67648,0x67648,DIRECT_BL
libkoom-strip-dump.so,libkoom-strip-dump::0x68054,0x68054,libkoom-strip-dump::0x7bfc8,0x7bfc8,DIRECT_BL
libkoom-strip-dump.so,libkoom-strip-dump::0x68054,0x68054,libkoom-strip-dump::0x67648,0x67648,DIRECT_BL
libkoom-strip-dump.so,libkoom-strip-dump::0x68054,0x68054,libkoom-strip-dump::0x67648,0x67648,DIRECT_BL
libkoom-strip-dump.so,libkoom-strip-dump::0x68054,0x68054,libkoom-strip-dump::0x7db4c,0x7db4c,DIRECT_BL
libkoom-strip-dump.so,libkoom-strip-dump::0x68054,0x68054,libkoom-strip-dump::0x7be34,0x7be34,DIRECT_BL
libkoom-strip-dump.so,libkoom-strip-dump::0x68270,0x68270,libkoom-strip-dump::0x67648,0x67648,DIRECT_BL
libkoom-strip-dump.so,libkoom-strip-dump::0x6831c,0x6831c,libkoom-strip-dump::0x7c074,0x7c074,DIRECT_BL
libkoom-strip-dump.so,libkoom-strip-dump::0x68430,0x68430,libkoom-strip-dump::0x6add4,0x6add4,DIRECT_BL
libkoom-strip-dump.so,libkoom-strip-dump::0x68430,0x68430,libkoom-strip-dump::0x69638,0x69638,DIRECT_BL
libkoom-strip-dump.so,libkoom-strip-dump::0x68430,0x68430,libkoom-strip-dump::0x6af54,0x6af54,DIRECT_BL
libkoom-strip-dump.so,libkoom-strip-dump::0x68430,0x68430,libkoom-strip-dump::0x6b4f0,0x6b4f0,DIRECT_BL
libkoom-strip-dump.so,libkoom-strip-dump::0x68430,0x68430,libkoom-strip-dump::0x6c894,0x6c894,DIRECT_BL
libkoom-strip-dump.so,libkoom-strip-dump::0x68430,0x68430,libkoom-strip-dump::0x67508,0x67508,DIRECT_BL
libkoom-strip-dump.so,libkoom-strip-dump::0x68430,0x68430,libkoom-strip-dump::0x6c368,0x6c368,DIRECT_BL
libkoom-strip-dump.so,libkoom-strip-dump::0x685cc,0x685cc,libkoom-strip-dump::0x67648,0x67648,DIRECT_BL
libkoom-strip-dump.so,libkoom-strip-dump::0x685cc,0x685cc,libkoom-strip-dump::0x7d8d0,0x7d8d0,DIRECT_BL
libkoom-strip-dump.so,libkoom-strip-dump::0x68618,0x68618,libkoom-strip-dump::0x67648,0x67648,DIRECT_BL
libkoom-strip-dump.so,libkoom-strip-dump::0x68618,0x68618,libkoom-strip-dump::0x7b87c,0x7b87c,DIRECT_BL
libkoom-strip-dump.so,libkoom-strip-dump::0x68618,0x68618,libkoom-strip-dump::0x6ab5c,0x6ab5c,DIRECT_BL
libkoom-strip-dump.so,libkoom-strip-dump::0x68618,0x68618,libkoom-strip-dump::0x68b80,0x68b80,DIRECT_BL
libkoom-strip-dump.so,libkoom-strip-dump::0x68618,0x68618,libkoom-strip-dump::0x7ba78,0x7ba78,DIRECT_BL
libkoom-strip-dump.so,libkoom-strip-dump::0x68618,0x68618,libkoom-strip-dump::0x6b968,0x6b968,DIRECT_BL
libkoom-strip-dump.so,libkoom-strip-dump::0x68618,0x68618,libkoom-strip-dump::0x6c894,0x6c894,DIRECT_BL
libkoom-strip-dump.so,libkoom-strip-dump::0x68618,0x68618,libkoom-strip-dump::0x7bb24,0x7bb24,DIRECT_BL
libkoom-strip-dump.so,libkoom-strip-dump::0x68618,0x68618,libkoom-strip-dump::0x67648,0x67648,DIRECT_BL
libkoom-strip-dump.so,libkoom-strip-dump::0x68618,0x68618,libkoom-strip-dump::0x70380,0x70380,DIRECT_BL
libkoom-strip-dump.so,libkoom-strip-dump::0x68618,0x68618,libkoom-strip-dump::0x67508,0x67508,DIRECT_BL
libkoom-strip-dump.so,libkoom-strip-dump::0x68618,0x68618,libkoom-strip-dump::0x6c368,0x6c368,DIRECT_BL
libkoom-strip-dump.so,libkoom-strip-dump::0x68618,0x68618,libkoom-strip-dump::0x7b928,0x7b928,DIRECT_BL
libkoom-strip-dump.so,libkoom-strip-dump::0x68618,0x68618,libkoom-strip-dump::0x67508,0x67508,DIRECT_BL
libkoom-strip-dump.so,libkoom-strip-dump::0x68618,0x68618,libkoom-strip-dump::0x6c368,0x6c368,DIRECT_BL
libkoom-strip-dump.so,libkoom-strip-dump::0x68618,0x68618,libkoom-strip-dump::0x7b9c8,0x7b9c8,DIRECT_BL
libkoom-strip-dump.so,libkoom-strip-dump::0x68b88,0x68b88,libkoom-strip-dump::0x6add4,0x6add4,DIRECT_BL
libkoom-strip-dump.so,libkoom-strip-dump::0x68b88,0x68b88,libkoom-strip-dump::0x66a30,0x66a30,DIRECT_BL
libkoom-strip-dump.so,libkoom-strip-dump::0x68b88,0x68b88,libkoom-strip-dump::0x798cc,0x798cc,DIRECT_BL
libkoom-strip-dump.so,libkoom-strip-dump::0x68b88,0x68b88,libkoom-strip-dump::0x7997c,0x7997c,DIRECT_BL
libkoom-strip-dump.so,libkoom-strip-dump::0x68b88,0x68b88,libkoom-strip-dump::0x79a24,0x79a24,DIRECT_BL
libkoom-strip-dump.so,libkoom-strip-dump::0x68b88,0x68b88,libkoom-strip-dump::0x6af54,0x6af54,DIRECT_BL
libkoom-strip-dump.so,libkoom-strip-dump::0x68b88,0x68b88,libkoom-strip-dump::0x6b598,0x6b598,DIRECT_BL
libkoom-strip-dump.so,libkoom-strip-dump::0x68b88,0x68b88,libkoom-strip-dump::0x6b968,0x6b968,DIRECT_BL
libkoom-strip-dump.so,libkoom-strip-dump::0x68b88,0x68b88,libkoom-strip-dump::0x6bd88,0x6bd88,DIRECT_BL
libkoom-strip-dump.so,libkoom-strip-dump::0x68b88,0x68b88,libkoom-strip-dump::0x6baac,0x6baac,DIRECT_BL
libkoom-strip-dump.so,libkoom-strip-dump::0x68b88,0x68b88,libkoom-strip-dump::0x689cc,0x689cc,DIRECT_BL
libkoom-strip-dump.so,libkoom-strip-dump::0x68b88,0x68b88,libkoom-strip-dump::0x67508,0x67508,DIRECT_BL
libkoom-strip-dump.so,libkoom-strip-dump::0x68b88,0x68b88,libkoom-strip-dump::0x68b80,0x68b80,DIRECT_BL
libkoom-strip-dump.so,libkoom-strip-dump::0x68b88,0x68b88,libkoom-strip-dump::0x68b80,0x68b80,DIRECT_BL
libkoom-strip-dump.so,libkoom-strip-dump::0x68b88,0x68b88,libkoom-strip-dump::0x798cc,0x798cc,DIRECT_BL
libkoom-strip-dump.so,libkoom-strip-dump::0x68b88,0x68b88,libkoom-strip-dump::0x79a24,0x79a24,DIRECT_BL
libkoom-strip-dump.so,libkoom-strip-dump::0x68b88,0x68b88,libkoom-strip-dump::0x69a00,0x69a00,DIRECT_BL
libkoom-strip-dump.so,libkoom-strip-dump::0x68b88,0x68b88,libkoom-strip-dump::0x6af54,0x6af54,DIRECT_BL
libkoom-strip-dump.so,libkoom-strip-dump::0x69224,0x69224,libkoom-strip-dump::0x69a00,0x69a00,DIRECT_BL
libkoom-strip-dump.so,libkoom-strip-dump::0x69224,0x69224,libkoom-strip-dump::0x8130c,0x8130c,DIRECT_BL
libkoom-strip-dump.so,libkoom-strip-dump::0x69224,0x69224,libkoom-strip-dump::0x69a00,0x69a00,DIRECT_BL
libkoom-strip-dump.so,libkoom-strip-dump::0x69224,0x69224,libkoom-strip-dump::0x8130c,0x8130c,DIRECT_BL
libkoom-strip-dump.so,libkoom-strip-dump::0x692c8,0x692c8,libkoom-strip-dump::0x66a30,0x66a30,DIRECT_BL
libkoom-strip-dump.so,libkoom-strip-dump::0x692c8,0x692c8,libkoom-strip-dump::0x6c894,0x6c894,DIRECT_BL
libkoom-strip-dump.so,libkoom-strip-dump::0x692c8,0x692c8,libkoom-strip-dump::0x692c4,0x692c4,DIRECT_BL
libkoom-strip-dump.so,libkoom-strip-dump::0x692c8,0x692c8,libkoom-strip-dump::0x697b0,0x697b0,DIRECT_BL
libkoom-strip-dump.so,libkoom-strip-dump::0x692c8,0x692c8,libkoom-strip-dump::0x73f94,0x73f94,DIRECT_BL
libkoom-strip-dump.so,libkoom-strip-dump::0x692c8,0x692c8,libkoom-strip-dump::0x692c4,0x692c4,DIRECT_BL
libkoom-strip-dump.so,libkoom-strip-dump::0x697b4,0x697b4,libkoom-strip-dump::0x646b4,0x646b4,DIRECT_BL
libkoom-strip-dump.so,libkoom-strip-dump::0x697b4,0x697b4,libkoom-strip-dump::0x646b4,0x646b4,DIRECT_BL
libkoom-strip-dump.so,libkoom-strip-dump::0x6a51c,0x6a51c,libkoom-strip-dump::0x6a9a0,0x6a9a0,DIRECT_BL
libkoom-strip-dump.so,libkoom-strip-dump::0x6a51c,0x6a51c,libkoom-strip-dump::0x6a9a0,0x6a9a0,DIRECT_BL
libkoom-strip-dump.so,libkoom-strip-dump::0x6add8,0x6add8,libkoom-strip-dump::0x6baac,0x6baac,DIRECT_BL
libkoom-strip-dump.so,libkoom-strip-dump::0x6af5c,0x6af5c,libkoom-strip-dump::0x692c4,0x692c4,DIRECT_BL
libkoom-strip-dump.so,libkoom-strip-dump::0x6af5c,0x6af5c,libkoom-strip-dump::0x692c4,0x692c4,DIRECT_BL
libkoom-strip-dump.so,libkoom-strip-dump::0x6af5c,0x6af5c,libkoom-strip-dump::0x697b0,0x697b0,DIRECT_BL
libkoom-strip-dump.so,libkoom-strip-dump::0x6af5c,0x6af5c,libkoom-strip-dump::0x6c894,0x6c894,DIRECT_BL
libkoom-strip-dump.so,libkoom-strip-dump::0x6b4cc,0x6b4cc,libkoom-strip-dump::0x8130c,0x8130c,DIRECT_BL
libkoom-strip-dump.so,libkoom-strip-dump::0x6b5a0,0x6b5a0,libkoom-strip-dump::0x6c408,0x6c408,DIRECT_BL
libkoom-strip-dump.so,libkoom-strip-dump::0x6b96c,0x6b96c,libkoom-strip-dump::0x6c894,0x6c894,DIRECT_BL
libkoom-strip-dump.so,libkoom-strip-dump::0x6bab0,0x6bab0,libkoom-strip-dump::0x789b0,0x789b0,DIRECT_BL
libkoom-strip-dump.so,libkoom-strip-dump::0x6bd90,0x6bd90,libkoom-strip-dump::0x6a518,0x6a518,DIRECT_BL
libkoom-strip-dump.so,libkoom-strip-dump::0x6bd90,0x6bd90,libkoom-strip-dump::0x6a9a0,0x6a9a0,DIRECT_BL
libkoom-strip-dump.so,libkoom-strip-dump::0x6bd90,0x6bd90,libkoom-strip-dump::0x782ac,0x782ac,DIRECT_BL
libkoom-strip-dump.so,libkoom-strip-dump::0x6bd90,0x6bd90,libkoom-strip-dump::0x72a7c,0x72a7c,DIRECT_BL
libkoom-strip-dump.so,libkoom-strip-dump::0x6bd90,0x6bd90,libkoom-strip-dump::0x782ac,0x782ac,DIRECT_BL
libkoom-strip-dump.so,libkoom-strip-dump::0x6bd90,0x6bd90,libkoom-strip-dump::0x6a9a0,0x6a9a0,DIRECT_BL
libkoom-strip-dump.so,libkoom-strip-dump::0x6bd90,0x6bd90,libkoom-strip-dump::0x6a9a0,0x6a9a0,DIRECT_BL
libkoom-strip-dump.so,libkoom-strip-dump::0x6bd90,0x6bd90,libkoom-strip-dump::0x697b0,0x697b0,DIRECT_BL
libkoom-strip-dump.so,libkoom-strip-dump::0x6bd90,0x6bd90,libkoom-strip-dump::0x68b80,0x68b80,DIRECT_BL
libkoom-strip-dump.so,libkoom-strip-dump::0x6bd90,0x6bd90,libkoom-strip-dump::0x79390,0x79390,DIRECT_BL
libkoom-strip-dump.so,libkoom-strip-dump::0x6bd90,0x6bd90,libkoom-strip-dump::0x789b0,0x789b0,DIRECT_BL
libkoom-strip-dump.so,libkoom-strip-dump::0x6c58c,0x6c58c,libkoom-strip-dump::0x8130c,0x8130c,DIRECT_BL
libkoom-strip-dump.so,libkoom-strip-dump::0x6c62c,0x6c62c,libkoom-strip-dump::0x8130c,0x8130c,DIRECT_BL
libkoom-strip-dump.so,libkoom-strip-dump::0x6c6cc,0x6c6cc,libkoom-strip-dump::0x8130c,0x8130c,DIRECT_BL
libkoom-strip-dump.so,libkoom-strip-dump::0x6c76c,0x6c76c,libkoom-strip-dump::0x8130c,0x8130c,DIRECT_BL
libkoom-strip-dump.so,libkoom-strip-dump::0x6c7d0,0x6c7d0,libkoom-strip-dump::0x8130c,0x8130c,DIRECT_BL
libkoom-strip-dump.so,libkoom-strip-dump::0x6c830,0x6c830,libkoom-strip-dump::0x8130c,0x8130c,DIRECT_BL
libkoom-strip-dump.so,libkoom-strip-dump::0x6c8cc,0x6c8cc,libkoom-strip-dump::0x6c894,0x6c894,DIRECT_BL
libkoom-strip-dump.so,libkoom-strip-dump::0x6c8cc,0x6c8cc,libkoom-strip-dump::0x6f594,0x6f594,DIRECT_BL
libkoom-strip-dump.so,libkoom-strip-dump::0x6c8cc,0x6c8cc,libkoom-strip-dump::0x669a8,0x669a8,DIRECT_BL
libkoom-strip-dump.so,libkoom-strip-dump::0x6c8cc,0x6c8cc,libkoom-strip-dump::0x6c894,0x6c894,DIRECT_BL
libkoom-strip-dump.so,libkoom-strip-dump::0x6c8cc,0x6c8cc,libkoom-strip-dump::0x70380,0x70380,DIRECT_BL
libkoom-strip-dump.so,libkoom-strip-dump::0x6c8cc,0x6c8cc,libkoom-strip-dump::0x697b0,0x697b0,DIRECT_BL
libkoom-strip-dump.so,libkoom-strip-dump::0x6c8cc,0x6c8cc,libkoom-strip-dump::0x6f828,0x6f828,DIRECT_BL
libkoom-strip-dump.so,libkoom-strip-dump::0x6c8cc,0x6c8cc,libkoom-strip-dump::0x669a8,0x669a8,DIRECT_BL
libkoom-strip-dump.so,libkoom-strip-dump::0x6c8cc,0x6c8cc,libkoom-strip-dump::0x6b598,0x6b598,DIRECT_BL
libkoom-strip-dump.so,libkoom-strip-dump::0x6c8cc,0x6c8cc,libkoom-strip-dump::0x70420,0x70420,DIRECT_BL
libkoom-strip-dump.so,libkoom-strip-dump::0x6c8cc,0x6c8cc,libkoom-strip-dump::0x67648,0x67648,DIRECT_BL
libkoom-strip-dump.so,libkoom-strip-dump::0x6c8cc,0x6c8cc,libkoom-strip-dump::0x6c894,0x6c894,DIRECT_BL
libkoom-strip-dump.so,libkoom-strip-dump::0x6c8cc,0x6c8cc,libkoom-strip-dump::0x6e228,0x6e228,DIRECT_BL
libkoom-strip-dump.so,libkoom-strip-dump::0x6c8cc,0x6c8cc,libkoom-strip-dump::0x6c894,0x6c894,DIRECT_BL
libkoom-strip-dump.so,libkoom-strip-dump::0x6c8cc,0x6c8cc,libkoom-strip-dump::0x6c894,0x6c894,DIRECT_BL
libkoom-strip-dump.so,libkoom-strip-dump::0x6c8cc,0x6c8cc,libkoom-strip-dump::0x6dd64,0x6dd64,DIRECT_BL
libkoom-strip-dump.so,libkoom-strip-dump::0x6c8cc,0x6c8cc,libkoom-strip-dump::0x6c894,0x6c894,DIRECT_BL
libkoom-strip-dump.so,libkoom-strip-dump::0x6c8cc,0x6c8cc,libkoom-strip-dump::0x67648,0x67648,DIRECT_BL
libkoom-strip-dump.so,libkoom-strip-dump::0x6c8cc,0x6c8cc,libkoom-strip-dump::0x6c894,0x6c894,DIRECT_BL
libkoom-strip-dump.so,libkoom-strip-dump::0x6c8cc,0x6c8cc,libkoom-strip-dump::0x712c0,0x712c0,DIRECT_BL
libkoom-strip-dump.so,libkoom-strip-dump::0x6c8cc,0x6c8cc,libkoom-strip-dump::0x6c894,0x6c894,DIRECT_BL
libkoom-strip-dump.so,libkoom-strip-dump::0x6c8cc,0x6c8cc,libkoom-strip-dump::0x6c894,0x6c894,DIRECT_BL
libkoom-strip-dump.so,libkoom-strip-dump::0x6c8cc,0x6c8cc,libkoom-strip-dump::0x70db0,0x70db0,DIRECT_BL
libkoom-strip-dump.so,libkoom-strip-dump::0x6c8cc,0x6c8cc,libkoom-strip-dump::0x6c894,0x6c894,DIRECT_BL
libkoom-strip-dump.so,libkoom-strip-dump::0x6c8cc,0x6c8cc,libkoom-strip-dump::0x6c894,0x6c894,DIRECT_BL
libkoom-strip-dump.so,libkoom-strip-dump::0x6c8cc,0x6c8cc,libkoom-strip-dump::0x6c894,0x6c894,DIRECT_BL
libkoom-strip-dump.so,libkoom-strip-dump::0x6c8cc,0x6c8cc,libkoom-strip-dump::0x6de20,0x6de20,DIRECT_BL
libkoom-strip-dump.so,libkoom-strip-dump::0x6c8cc,0x6c8cc,libkoom-strip-dump::0x6c894,0x6c894,DIRECT_BL
libkoom-strip-dump.so,libkoom-strip-dump::0x6c8cc,0x6c8cc,libkoom-strip-dump::0x6c894,0x6c894,DIRECT_BL
libkoom-strip-dump.so,libkoom-strip-dump::0x6c8cc,0x6c8cc,libkoom-strip-dump::0x6c894,0x6c894,DIRECT_BL
libkoom-strip-dump.so,libkoom-strip-dump::0x6c8cc,0x6c8cc,libkoom-strip-dump::0x6c894,0x6c894,DIRECT_BL
libkoom-strip-dump.so,libkoom-strip-dump::0x6c8cc,0x6c8cc,libkoom-strip-dump::0x6e160,0x6e160,DIRECT_BL
libkoom-strip-dump.so,libkoom-strip-dump::0x6c8cc,0x6c8cc,libkoom-strip-dump::0x6c894,0x6c894,DIRECT_BL
libkoom-strip-dump.so,libkoom-strip-dump::0x6c8cc,0x6c8cc,libkoom-strip-dump::0x6c894,0x6c894,DIRECT_BL
libkoom-strip-dump.so,libkoom-strip-dump::0x6c8cc,0x6c8cc,libkoom-strip-dump::0x6c894,0x6c894,DIRECT_BL
libkoom-strip-dump.so,libkoom-strip-dump::0x6c8cc,0x6c8cc,libkoom-strip-dump::0x6c894,0x6c894,DIRECT_BL
libkoom-strip-dump.so,libkoom-strip-dump::0x6c8cc,0x6c8cc,libkoom-strip-dump::0x6fa48,0x6fa48,DIRECT_BL
libkoom-strip-dump.so,libkoom-strip-dump::0x6c8cc,0x6c8cc,libkoom-strip-dump::0x6c894,0x6c894,DIRECT_BL
libkoom-strip-dump.so,libkoom-strip-dump::0x6c8cc,0x6c8cc,libkoom-strip-dump::0x6dca4,0x6dca4,DIRECT_BL
libkoom-strip-dump.so,libkoom-strip-dump::0x6c8cc,0x6c8cc,libkoom-strip-dump::0x669a8,0x669a8,DIRECT_BL
libkoom-strip-dump.so,libkoom-strip-dump::0x6c8cc,0x6c8cc,libkoom-strip-dump::0x692c4,0x692c4,DIRECT_BL
libkoom-strip-dump.so,libkoom-strip-dump::0x6c8cc,0x6c8cc,libkoom-strip-dump::0x67648,0x67648,DIRECT_BL
libkoom-strip-dump.so,libkoom-strip-dump::0x6d510,0x6d510,libkoom-strip-dump::0x6f1d8,0x6f1d8,DIRECT_BL
libkoom-strip-dump.so,libkoom-strip-dump::0x6d510,0x6d510,libkoom-strip-dump::0x697b0,0x697b0,DIRECT_BL
libkoom-strip-dump.so,libkoom-strip-dump::0x6d510,0x6d510,libkoom-strip-dump::0x67648,0x67648,DIRECT_BL
libkoom-strip-dump.so,libkoom-strip-dump::0x6d510,0x6d510,libkoom-strip-dump::0x669a8,0x669a8,DIRECT_BL
libkoom-strip-dump.so,libkoom-strip-dump::0x6d510,0x6d510,libkoom-strip-dump::0x697b0,0x697b0,DIRECT_BL
libkoom-strip-dump.so,libkoom-strip-dump::0x6d510,0x6d510,libkoom-strip-dump::0x6deec,0x6deec,DIRECT_BL
libkoom-strip-dump.so,libkoom-strip-dump::0x6d510,0x6d510,libkoom-strip-dump::0x6c894,0x6c894,DIRECT_BL
libkoom-strip-dump.so,libkoom-strip-dump::0x6d510,0x6d510,libkoom-strip-dump::0x669a8,0x669a8,DIRECT_BL
libkoom-strip-dump.so,libkoom-strip-dump::0x6d510,0x6d510,libkoom-strip-dump::0x67648,0x67648,DIRECT_BL
libkoom-strip-dump.so,libkoom-strip-dump::0x6d510,0x6d510,libkoom-strip-dump::0x6f594,0x6f594,DIRECT_BL
libkoom-strip-dump.so,libkoom-strip-dump::0x6d510,0x6d510,libkoom-strip-dump::0x69638,0x69638,DIRECT_BL
libkoom-strip-dump.so,libkoom-strip-dump::0x6d510,0x6d510,libkoom-strip-dump::0x697b0,0x697b0,DIRECT_BL
libkoom-strip-dump.so,libkoom-strip-dump::0x6d790,0x6d790,libkoom-strip-dump::0x6dfe0,0x6dfe0,DIRECT_BL
libkoom-strip-dump.so,libkoom-strip-dump::0x6d790,0x6d790,libkoom-strip-dump::0x697b0,0x697b0,DIRECT_BL
libkoom-strip-dump.so,libkoom-strip-dump::0x6d790,0x6d790,libkoom-strip-dump::0x6c894,0x6c894,DIRECT_BL
libkoom-strip-dump.so,libkoom-strip-dump::0x6d790,0x6d790,libkoom-strip-dump::0x6c894,0x6c894,DIRECT_BL
libkoom-strip-dump.so,libkoom-strip-dump::0x6d790,0x6d790,libkoom-strip-dump::0x669a8,0x669a8,DIRECT_BL
libkoom-strip-dump.so,libkoom-strip-dump::0x6d790,0x6d790,libkoom-strip-dump::0x697b0,0x697b0,DIRECT_BL
libkoom-strip-dump.so,libkoom-strip-dump::0x6d790,0x6d790,libkoom-strip-dump::0x70574,0x70574,DIRECT_BL
libkoom-strip-dump.so,libkoom-strip-dump::0x6d790,0x6d790,libkoom-strip-dump::0x704c0,0x704c0,DIRECT_BL
libkoom-strip-dump.so,libkoom-strip-dump::0x6d790,0x6d790,libkoom-strip-dump::0x669a8,0x669a8,DIRECT_BL
libkoom-strip-dump.so,libkoom-strip-dump::0x6d790,0x6d790,libkoom-strip-dump::0x6c894,0x6c894,DIRECT_BL
libkoom-strip-dump.so,libkoom-strip-dump::0x6d790,0x6d790,libkoom-strip-dump::0x70764,0x70764,DIRECT_BL
libkoom-strip-dump.so,libkoom-strip-dump::0x6d790,0x6d790,libkoom-strip-dump::0x6a9a0,0x6a9a0,DIRECT_BL
libkoom-strip-dump.so,libkoom-strip-dump::0x6d790,0x6d790,libkoom-strip-dump::0x692c4,0x692c4,DIRECT_BL
libkoom-strip-dump.so,libkoom-strip-dump::0x6d790,0x6d790,libkoom-strip-dump::0x69638,0x69638,DIRECT_BL
libkoom-strip-dump.so,libkoom-strip-dump::0x6d790,0x6d790,libkoom-strip-dump::0x697b0,0x697b0,DIRECT_BL
libkoom-strip-dump.so,libkoom-strip-dump::0x6d790,0x6d790,libkoom-strip-dump::0x70610,0x70610,DIRECT_BL
libkoom-strip-dump.so,libkoom-strip-dump::0x6d790,0x6d790,libkoom-strip-dump::0x697b0,0x697b0,DIRECT_BL
libkoom-strip-dump.so,libkoom-strip-dump::0x6d790,0x6d790,libkoom-strip-dump::0x6e0a0,0x6e0a0,DIRECT_BL
libkoom-strip-dump.so,libkoom-strip-dump::0x6d790,0x6d790,libkoom-strip-dump::0x6c894,0x6c894,DIRECT_BL
libkoom-strip-dump.so,libkoom-strip-dump::0x6d790,0x6d790,libkoom-strip-dump::0x697b0,0x697b0,DIRECT_BL
libkoom-strip-dump.so,libkoom-strip-dump::0x6d790,0x6d790,libkoom-strip-dump::0x67648,0x67648,DIRECT_BL
libkoom-strip-dump.so,libkoom-strip-dump::0x6d790,0x6d790,libkoom-strip-dump::0x6c894,0x6c894,DIRECT_BL
libkoom-strip-dump.so,libkoom-strip-dump::0x6d790,0x6d790,libkoom-strip-dump::0x69638,0x69638,DIRECT_BL
libkoom-strip-dump.so,libkoom-strip-dump::0x6d790,0x6d790,libkoom-strip-dump::0x646b4,0x646b4,DIRECT_BL
libkoom-strip-dump.so,libkoom-strip-dump::0x6d790,0x6d790,libkoom-strip-dump::0x8130c,0x8130c,DIRECT_BL
libkoom-strip-dump.so,libkoom-strip-dump::0x6e2f8,0x6e2f8,libkoom-strip-dump::0x67648,0x67648,DIRECT_BL
libkoom-strip-dump.so,libkoom-strip-dump::0x6e2f8,0x6e2f8,libkoom-strip-dump::0x72934,0x72934,DIRECT_BL
libkoom-strip-dump.so,libkoom-strip-dump::0x6e2f8,0x6e2f8,libkoom-strip-dump::0x67648,0x67648,DIRECT_BL
libkoom-strip-dump.so,libkoom-strip-dump::0x6e2f8,0x6e2f8,libkoom-strip-dump::0x73278,0x73278,DIRECT_BL
libkoom-strip-dump.so,libkoom-strip-dump::0x6e6a8,0x6e6a8,libkoom-strip-dump::0x66a30,0x66a30,DIRECT_BL
libkoom-strip-dump.so,libkoom-strip-dump::0x6e6a8,0x6e6a8,libkoom-strip-dump::0x72a7c,0x72a7c,DIRECT_BL
libkoom-strip-dump.so,libkoom-strip-dump::0x6e6a8,0x6e6a8,libkoom-strip-dump::0x731d8,0x731d8,DIRECT_BL
libkoom-strip-dump.so,libkoom-strip-dump::0x6e6a8,0x6e6a8,libkoom-strip-dump::0x669a8,0x669a8,DIRECT_BL
libkoom-strip-dump.so,libkoom-strip-dump::0x6f1e0,0x6f1e0,libkoom-strip-dump::0x75c10,0x75c10,DIRECT_BL
libkoom-strip-dump.so,libkoom-strip-dump::0x6f598,0x6f598,libkoom-strip-dump::0x6a9a0,0x6a9a0,DIRECT_BL
libkoom-strip-dump.so,libkoom-strip-dump::0x6f598,0x6f598,libkoom-strip-dump::0x6f594,0x6f594,DIRECT_BL
libkoom-strip-dump.so,libkoom-strip-dump::0x6f598,0x6f598,libkoom-strip-dump::0x6c894,0x6c894,DIRECT_BL
libkoom-strip-dump.so,libkoom-strip-dump::0x6f598,0x6f598,libkoom-strip-dump::0x6f594,0x6f594,DIRECT_BL
libkoom-strip-dump.so,libkoom-strip-dump::0x6f598,0x6f598,libkoom-strip-dump::0x6c894,0x6c894,DIRECT_BL
libkoom-strip-dump.so,libkoom-strip-dump::0x6f598,0x6f598,libkoom-strip-dump::0x6c894,0x6c894,DIRECT_BL
libkoom-strip-dump.so,libkoom-strip-dump::0x6f598,0x6f598,libkoom-strip-dump::0x6f594,0x6f594,DIRECT_BL
libkoom-strip-dump.so,libkoom-strip-dump::0x6f8d0,0x6f8d0,libkoom-strip-dump::0x67648,0x67648,DIRECT_BL
libkoom-strip-dump.so,libkoom-strip-dump::0x6f8d0,0x6f8d0,libkoom-strip-dump::0x6c894,0x6c894,DIRECT_BL
libkoom-strip-dump.so,libkoom-strip-dump::0x6fb64,0x6fb64,libkoom-strip-dump::0x67648,0x67648,DIRECT_BL
libkoom-strip-dump.so,libkoom-strip-dump::0x6fb64,0x6fb64,libkoom-strip-dump::0x697b0,0x697b0,DIRECT_BL
libkoom-strip-dump.so,libkoom-strip-dump::0x6fb64,0x6fb64,libkoom-strip-dump::0x6c894,0x6c894,DIRECT_BL
libkoom-strip-dump.so,libkoom-strip-dump::0x6fb64,0x6fb64,libkoom-strip-dump::0x67648,0x67648,DIRECT_BL
libkoom-strip-dump.so,libkoom-strip-dump::0x6fb64,0x6fb64,libkoom-strip-dump::0x68b80,0x68b80,DIRECT_BL
libkoom-strip-dump.so,libkoom-strip-dump::0x6fb64,0x6fb64,libkoom-strip-dump::0x6c894,0x6c894,DIRECT_BL
libkoom-strip-dump.so,libkoom-strip-dump::0x6fb64,0x6fb64,libkoom-strip-dump::0x697b0,0x697b0,DIRECT_BL
libkoom-strip-dump.so,libkoom-strip-dump::0x70018,0x70018,libkoom-strip-dump::0x67648,0x67648,DIRECT_BL
libkoom-strip-dump.so,libkoom-strip-dump::0x70018,0x70018,libkoom-strip-dump::0x6c894,0x6c894,DIRECT_BL
libkoom-strip-dump.so,libkoom-strip-dump::0x70018,0x70018,libkoom-strip-dump::0x697b0,0x697b0,DIRECT_BL
libkoom-strip-dump.so,libkoom-strip-dump::0x7080c,0x7080c,libkoom-strip-dump::0x77f58,0x77f58,DIRECT_BL
libkoom-strip-dump.so,libkoom-strip-dump::0x7080c,0x7080c,libkoom-strip-dump::0x77cfc,0x77cfc,DIRECT_BL
libkoom-strip-dump.so,libkoom-strip-dump::0x7080c,0x7080c,libkoom-strip-dump::0x6af54,0x6af54,DIRECT_BL
libkoom-strip-dump.so,libkoom-strip-dump::0x7080c,0x7080c,libkoom-strip-dump::0x6b4f0,0x6b4f0,DIRECT_BL
libkoom-strip-dump.so,libkoom-strip-dump::0x7080c,0x7080c,libkoom-strip-dump::0x77cfc,0x77cfc,DIRECT_BL
libkoom-strip-dump.so,libkoom-strip-dump::0x7080c,0x7080c,libkoom-strip-dump::0x6af54,0x6af54,DIRECT_BL
libkoom-strip-dump.so,libkoom-strip-dump::0x7080c,0x7080c,libkoom-strip-dump::0x77e80,0x77e80,DIRECT_BL
libkoom-strip-dump.so,libkoom-strip-dump::0x7080c,0x7080c,libkoom-strip-dump::0x77e80,0x77e80,DIRECT_BL
libkoom-strip-dump.so,libkoom-strip-dump::0x7080c,0x7080c,libkoom-strip-dump::0x77e80,0x77e80,DIRECT_BL
libkoom-strip-dump.so,libkoom-strip-dump::0x7080c,0x7080c,libkoom-strip-dump::0x77f58,0x77f58,DIRECT_BL
libkoom-strip-dump.so,libkoom-strip-dump::0x7080c,0x7080c,libkoom-strip-dump::0x77e80,0x77e80,DIRECT_BL
libkoom-strip-dump.so,libkoom-strip-dump::0x7080c,0x7080c,libkoom-strip-dump::0x77f58,0x77f58,DIRECT_BL
libkoom-strip-dump.so,libkoom-strip-dump::0x70e80,0x70e80,libkoom-strip-dump::0x71154,0x71154,DIRECT_BL
libkoom-strip-dump.so,libkoom-strip-dump::0x70e80,0x70e80,libkoom-strip-dump::0x71154,0x71154,DIRECT_BL
libkoom-strip-dump.so,libkoom-strip-dump::0x71434,0x71434,libkoom-strip-dump::0x71154,0x71154,DIRECT_BL
libkoom-strip-dump.so,libkoom-strip-dump::0x714e4,0x714e4,libkoom-strip-dump::0x71154,0x71154,DIRECT_BL
libkoom-strip-dump.so,libkoom-strip-dump::0x714e4,0x714e4,libkoom-strip-dump::0x71154,0x71154,DIRECT_BL
libkoom-strip-dump.so,libkoom-strip-dump::0x715ec,0x715ec,libkoom-strip-dump::0x71154,0x71154,DIRECT_BL
libkoom-strip-dump.so,libkoom-strip-dump::0x716b0,0x716b0,libkoom-strip-dump::0x71154,0x71154,DIRECT_BL
libkoom-strip-dump.so,libkoom-strip-dump::0x716b0,0x716b0,libkoom-strip-dump::0x71154,0x71154,DIRECT_BL
libkoom-strip-dump.so,libkoom-strip-dump::0x71d70,0x71d70,libkoom-strip-dump::0x71154,0x71154,DIRECT_BL
libkoom-strip-dump.so,libkoom-strip-dump::0x71f68,0x71f68,libkoom-strip-dump::0x71154,0x71154,DIRECT_BL
libkoom-strip-dump.so,libkoom-strip-dump::0x72214,0x72214,libkoom-strip-dump::0x71154,0x71154,DIRECT_BL
libkoom-strip-dump.so,libkoom-strip-dump::0x72214,0x72214,libkoom-strip-dump::0x71154,0x71154,DIRECT_BL
libkoom-strip-dump.so,libkoom-strip-dump::0x72338,0x72338,libkoom-strip-dump::0x71154,0x71154,DIRECT_BL
libkoom-strip-dump.so,libkoom-strip-dump::0x72338,0x72338,libkoom-strip-dump::0x8130c,0x8130c,DIRECT_BL
libkoom-strip-dump.so,libkoom-strip-dump::0x72ac4,0x72ac4,libkoom-strip-dump::0x73e6c,0x73e6c,DIRECT_BL
libkoom-strip-dump.so,libkoom-strip-dump::0x72ac4,0x72ac4,libkoom-strip-dump::0x73f94,0x73f94,DIRECT_BL
libkoom-strip-dump.so,libkoom-strip-dump::0x72ac4,0x72ac4,libkoom-strip-dump::0x697b0,0x697b0,DIRECT_BL
libkoom-strip-dump.so,libkoom-strip-dump::0x72ac4,0x72ac4,libkoom-strip-dump::0x6c894,0x6c894,DIRECT_BL
libkoom-strip-dump.so,libkoom-strip-dump::0x72ac4,0x72ac4,libkoom-strip-dump::0x67648,0x67648,DIRECT_BL
libkoom-strip-dump.so,libkoom-strip-dump::0x72ac4,0x72ac4,libkoom-strip-dump::0x697b0,0x697b0,DIRECT_BL
libkoom-strip-dump.so,libkoom-strip-dump::0x72ac4,0x72ac4,libkoom-strip-dump::0x6c894,0x6c894,DIRECT_BL
libkoom-strip-dump.so,libkoom-strip-dump::0x72ac4,0x72ac4,libkoom-strip-dump::0x74494,0x74494,DIRECT_BL
libkoom-strip-dump.so,libkoom-strip-dump::0x72ac4,0x72ac4,libkoom-strip-dump::0x646b4,0x646b4,DIRECT_BL
libkoom-strip-dump.so,libkoom-strip-dump::0x72ac4,0x72ac4,libkoom-strip-dump::0x646b4,0x646b4,DIRECT_BL
libkoom-strip-dump.so,libkoom-strip-dump::0x72ac4,0x72ac4,libkoom-strip-dump::0x74574,0x74574,DIRECT_BL
libkoom-strip-dump.so,libkoom-strip-dump::0x72ac4,0x72ac4,libkoom-strip-dump::0x8130c,0x8130c,DIRECT_BL
libkoom-strip-dump.so,libkoom-strip-dump::0x72ac4,0x72ac4,libkoom-strip-dump::0x74574,0x74574,DIRECT_BL
libkoom-strip-dump.so,libkoom-strip-dump::0x72ac4,0x72ac4,libkoom-strip-dump::0x8130c,0x8130c,DIRECT_BL
libkoom-strip-dump.so,libkoom-strip-dump::0x72ac4,0x72ac4,libkoom-strip-dump::0x3a988,0x3a988,DIRECT_BL
libkoom-strip-dump.so,libkoom-strip-dump::0x72ac4,0x72ac4,libkoom-strip-dump::0x8130c,0x8130c,DIRECT_BL
libkoom-strip-dump.so,libkoom-strip-dump::0x72ac4,0x72ac4,libkoom-strip-dump::0x74574,0x74574,DIRECT_BL
libkoom-strip-dump.so,libkoom-strip-dump::0x72ac4,0x72ac4,libkoom-strip-dump::0x8130c,0x8130c,DIRECT_BL
libkoom-strip-dump.so,libkoom-strip-dump::0x72ac4,0x72ac4,libkoom-strip-dump::0x74574,0x74574,DIRECT_BL
libkoom-strip-dump.so,libkoom-strip-dump::0x72ac4,0x72ac4,libkoom-strip-dump::0x8130c,0x8130c,DIRECT_BL
libkoom-strip-dump.so,libkoom-strip-dump::0x72ac4,0x72ac4,libkoom-strip-dump::0x74574,0x74574,DIRECT_BL
libkoom-strip-dump.so,libkoom-strip-dump::0x72ac4,0x72ac4,libkoom-strip-dump::0x8130c,0x8130c,DIRECT_BL
libkoom-strip-dump.so,libkoom-strip-dump::0x72ac4,0x72ac4,libkoom-strip-dump::0x74574,0x74574,DIRECT_BL
libkoom-strip-dump.so,libkoom-strip-dump::0x72ac4,0x72ac4,libkoom-strip-dump::0x8130c,0x8130c,DIRECT_BL
libkoom-strip-dump.so,libkoom-strip-dump::0x72ac4,0x72ac4,libkoom-strip-dump::0x74574,0x74574,DIRECT_BL
libkoom-strip-dump.so,libkoom-strip-dump::0x72ac4,0x72ac4,libkoom-strip-dump::0x8130c,0x8130c,DIRECT_BL
libkoom-strip-dump.so,libkoom-strip-dump::0x73e70,0x73e70,libkoom-strip-dump::0x8130c,0x8130c,DIRECT_BL
libkoom-strip-dump.so,libkoom-strip-dump::0x73f9c,0x73f9c,libkoom-strip-dump::0x73f94,0x73f94,DIRECT_BL
libkoom-strip-dump.so,libkoom-strip-dump::0x73f9c,0x73f9c,libkoom-strip-dump::0x74890,0x74890,DIRECT_BL
libkoom-strip-dump.so,libkoom-strip-dump::0x73f9c,0x73f9c,libkoom-strip-dump::0x74740,0x74740,DIRECT_BL
libkoom-strip-dump.so,libkoom-strip-dump::0x73f9c,0x73f9c,libkoom-strip-dump::0x68b80,0x68b80,DIRECT_BL
libkoom-strip-dump.so,libkoom-strip-dump::0x73f9c,0x73f9c,libkoom-strip-dump::0x74740,0x74740,DIRECT_BL
libkoom-strip-dump.so,libkoom-strip-dump::0x73f9c,0x73f9c,libkoom-strip-dump::0x74740,0x74740,DIRECT_BL
libkoom-strip-dump.so,libkoom-strip-dump::0x73f9c,0x73f9c,libkoom-strip-dump::0x67648,0x67648,DIRECT_BL
libkoom-strip-dump.so,libkoom-strip-dump::0x73f9c,0x73f9c,libkoom-strip-dump::0x74740,0x74740,DIRECT_BL
libkoom-strip-dump.so,libkoom-strip-dump::0x73f9c,0x73f9c,libkoom-strip-dump::0x73e6c,0x73e6c,DIRECT_BL
libkoom-strip-dump.so,libkoom-strip-dump::0x73f9c,0x73f9c,libkoom-strip-dump::0x73f94,0x73f94,DIRECT_BL
libkoom-strip-dump.so,libkoom-strip-dump::0x73f9c,0x73f9c,libkoom-strip-dump::0x6c894,0x6c894,DIRECT_BL
libkoom-strip-dump.so,libkoom-strip-dump::0x73f9c,0x73f9c,libkoom-strip-dump::0x697b0,0x697b0,DIRECT_BL
libkoom-strip-dump.so,libkoom-strip-dump::0x73f9c,0x73f9c,libkoom-strip-dump::0x646b4,0x646b4,DIRECT_BL
libkoom-strip-dump.so,libkoom-strip-dump::0x73f9c,0x73f9c,libkoom-strip-dump::0x74574,0x74574,DIRECT_BL
libkoom-strip-dump.so,libkoom-strip-dump::0x73f9c,0x73f9c,libkoom-strip-dump::0x8130c,0x8130c,DIRECT_BL
libkoom-strip-dump.so,libkoom-strip-dump::0x73f9c,0x73f9c,libkoom-strip-dump::0x74574,0x74574,DIRECT_BL
libkoom-strip-dump.so,libkoom-strip-dump::0x73f9c,0x73f9c,libkoom-strip-dump::0x8130c,0x8130c,DIRECT_BL
libkoom-strip-dump.so,libkoom-strip-dump::0x73f9c,0x73f9c,libkoom-strip-dump::0x3a988,0x3a988,DIRECT_BL
libkoom-strip-dump.so,libkoom-strip-dump::0x73f9c,0x73f9c,libkoom-strip-dump::0x74574,0x74574,DIRECT_BL
libkoom-strip-dump.so,libkoom-strip-dump::0x73f9c,0x73f9c,libkoom-strip-dump::0x8130c,0x8130c,DIRECT_BL
libkoom-strip-dump.so,libkoom-strip-dump::0x73f9c,0x73f9c,libkoom-strip-dump::0x74574,0x74574,DIRECT_BL
libkoom-strip-dump.so,libkoom-strip-dump::0x73f9c,0x73f9c,libkoom-strip-dump::0x8130c,0x8130c,DIRECT_BL
libkoom-strip-dump.so,libkoom-strip-dump::0x74578,0x74578,libkoom-strip-dump::0x646b4,0x646b4,DIRECT_BL
libkoom-strip-dump.so,libkoom-strip-dump::0x74578,0x74578,libkoom-strip-dump::0x3a988,0x3a988,DIRECT_BL
libkoom-strip-dump.so,libkoom-strip-dump::0x74ec4,0x74ec4,libkoom-strip-dump::0x71154,0x71154,DIRECT_BL
libkoom-strip-dump.so,libkoom-strip-dump::0x74ec4,0x74ec4,libkoom-strip-dump::0x8130c,0x8130c,DIRECT_BL
libkoom-strip-dump.so,libkoom-strip-dump::0x74ec4,0x74ec4,libkoom-strip-dump::0x8130c,0x8130c,DIRECT_BL
libkoom-strip-dump.so,libkoom-strip-dump::0x753e4,0x753e4,libkoom-strip-dump::0x71154,0x71154,DIRECT_BL
libkoom-strip-dump.so,libkoom-strip-dump::0x753e4,0x753e4,libkoom-strip-dump::0x71154,0x71154,DIRECT_BL
libkoom-strip-dump.so,libkoom-strip-dump::0x753e4,0x753e4,libkoom-strip-dump::0x8130c,0x8130c,DIRECT_BL
libkoom-strip-dump.so,libkoom-strip-dump::0x753e4,0x753e4,libkoom-strip-dump::0x8130c,0x8130c,DIRECT_BL
libkoom-strip-dump.so,libkoom-strip-dump::0x758d8,0x758d8,libkoom-strip-dump::0x753e0,0x753e0,DIRECT_BL
libkoom-strip-dump.so,libkoom-strip-dump::0x75dac,0x75dac,libkoom-strip-dump::0x71154,0x71154,DIRECT_BL
libkoom-strip-dump.so,libkoom-strip-dump::0x75dac,0x75dac,libkoom-strip-dump::0x7618c,0x7618c,DIRECT_BL
libkoom-strip-dump.so,libkoom-strip-dump::0x75dac,0x75dac,libkoom-strip-dump::0x7618c,0x7618c,DIRECT_BL
libkoom-strip-dump.so,libkoom-strip-dump::0x75dac,0x75dac,libkoom-strip-dump::0x71154,0x71154,DIRECT_BL
libkoom-strip-dump.so,libkoom-strip-dump::0x76194,0x76194,libkoom-strip-dump::0x762ac,0x762ac,DIRECT_BL
libkoom-strip-dump.so,libkoom-strip-dump::0x762b0,0x762b0,libkoom-strip-dump::0x8130c,0x8130c,DIRECT_BL
libkoom-strip-dump.so,libkoom-strip-dump::0x762b0,0x762b0,libkoom-strip-dump::0x8130c,0x8130c,DIRECT_BL
libkoom-strip-dump.so,libkoom-strip-dump::0x762b0,0x762b0,libkoom-strip-dump::0x8130c,0x8130c,DIRECT_BL
libkoom-strip-dump.so,libkoom-strip-dump::0x76930,0x76930,libkoom-strip-dump::0x71154,0x71154,DIRECT_BL
libkoom-strip-dump.so,libkoom-strip-dump::0x7725c,0x7725c,libkoom-strip-dump::0x71154,0x71154,DIRECT_BL
libkoom-strip-dump.so,libkoom-strip-dump::0x77994,0x77994,libkoom-strip-dump::0x762ac,0x762ac,DIRECT_BL
libkoom-strip-dump.so,libkoom-strip-dump::0x77b10,0x77b10,libkoom-strip-dump::0x71154,0x71154,DIRECT_BL
libkoom-strip-dump.so,libkoom-strip-dump::0x77d00,0x77d00,libkoom-strip-dump::0x6b598,0x6b598,DIRECT_BL
libkoom-strip-dump.so,libkoom-strip-dump::0x77d00,0x77d00,libkoom-strip-dump::0x6b968,0x6b968,DIRECT_BL
libkoom-strip-dump.so,libkoom-strip-dump::0x77e84,0x77e84,libkoom-strip-dump::0x6a9a0,0x6a9a0,DIRECT_BL
libkoom-strip-dump.so,libkoom-strip-dump::0x77e84,0x77e84,libkoom-strip-dump::0x6af54,0x6af54,DIRECT_BL
libkoom-strip-dump.so,libkoom-strip-dump::0x77f5c,0x77f5c,libkoom-strip-dump::0x782ac,0x782ac,DIRECT_BL
libkoom-strip-dump.so,libkoom-strip-dump::0x77f5c,0x77f5c,libkoom-strip-dump::0x6af54,0x6af54,DIRECT_BL
libkoom-strip-dump.so,libkoom-strip-dump::0x77f5c,0x77f5c,libkoom-strip-dump::0x77cfc,0x77cfc,DIRECT_BL
libkoom-strip-dump.so,libkoom-strip-dump::0x77f5c,0x77f5c,libkoom-strip-dump::0x782ac,0x782ac,DIRECT_BL
libkoom-strip-dump.so,libkoom-strip-dump::0x77f5c,0x77f5c,libkoom-strip-dump::0x77e80,0x77e80,DIRECT_BL
libkoom-strip-dump.so,libkoom-strip-dump::0x782b0,0x782b0,libkoom-strip-dump::0x67648,0x67648,DIRECT_BL
libkoom-strip-dump.so,libkoom-strip-dump::0x782b0,0x782b0,libkoom-strip-dump::0x6a9a0,0x6a9a0,DIRECT_BL
libkoom-strip-dump.so,libkoom-strip-dump::0x782b0,0x782b0,libkoom-strip-dump::0x6a9a0,0x6a9a0,DIRECT_BL
libkoom-strip-dump.so,libkoom-strip-dump::0x782b0,0x782b0,libkoom-strip-dump::0x8130c,0x8130c,DIRECT_BL
libkoom-strip-dump.so,libkoom-strip-dump::0x78b34,0x78b34,libkoom-strip-dump::0x646b4,0x646b4,DIRECT_BL
libkoom-strip-dump.so,libkoom-strip-dump::0x78dc4,0x78dc4,libkoom-strip-dump::0x646b4,0x646b4,DIRECT_BL
libkoom-strip-dump.so,libkoom-strip-dump::0x791d4,0x791d4,libkoom-strip-dump::0x71154,0x71154,DIRECT_BL
libkoom-strip-dump.so,libkoom-strip-dump::0x79e0c,0x79e0c,libkoom-strip-dump::0x71154,0x71154,DIRECT_BL
libkoom-strip-dump.so,libkoom-strip-dump::0x79e0c,0x79e0c,libkoom-strip-dump::0x8130c,0x8130c,DIRECT_BL
libkoom-strip-dump.so,libkoom-strip-dump::0x79e0c,0x79e0c,libkoom-strip-dump::0x8130c,0x8130c,DIRECT_BL
libkoom-strip-dump.so,libkoom-strip-dump::0x7a0a4,0x7a0a4,libkoom-strip-dump::0x71154,0x71154,DIRECT_BL
libkoom-strip-dump.so,libkoom-strip-dump::0x7a224,0x7a224,libkoom-strip-dump::0x71154,0x71154,DIRECT_BL
libkoom-strip-dump.so,libkoom-strip-dump::0x7a5f0,0x7a5f0,libkoom-strip-dump::0x71154,0x71154,DIRECT_BL
libkoom-strip-dump.so,libkoom-strip-dump::0x7ac40,0x7ac40,libkoom-strip-dump::0x67648,0x67648,DIRECT_BL
libkoom-strip-dump.so,libkoom-strip-dump::0x7ac40,0x7ac40,libkoom-strip-dump::0x67648,0x67648,DIRECT_BL
libkoom-strip-dump.so,libkoom-strip-dump::0x7ac40,0x7ac40,libkoom-strip-dump::0x67648,0x67648,DIRECT_BL
libkoom-strip-dump.so,libkoom-strip-dump::0x7ac40,0x7ac40,libkoom-strip-dump::0x6c894,0x6c894,DIRECT_BL
libkoom-strip-dump.so,libkoom-strip-dump::0x7ac40,0x7ac40,libkoom-strip-dump::0x697b0,0x697b0,DIRECT_BL
libkoom-strip-dump.so,libkoom-strip-dump::0x7ac40,0x7ac40,libkoom-strip-dump::0x697b0,0x697b0,DIRECT_BL
libkoom-strip-dump.so,libkoom-strip-dump::0x7b22c,0x7b22c,libkoom-strip-dump::0x67648,0x67648,DIRECT_BL
libkoom-strip-dump.so,libkoom-strip-dump::0x7b22c,0x7b22c,libkoom-strip-dump::0x6af54,0x6af54,DIRECT_BL
libkoom-strip-dump.so,libkoom-strip-dump::0x7b22c,0x7b22c,libkoom-strip-dump::0x7b228,0x7b228,DIRECT_BL
libkoom-strip-dump.so,libkoom-strip-dump::0x7b22c,0x7b22c,libkoom-strip-dump::0x7b228,0x7b228,DIRECT_BL
libkoom-strip-dump.so,libkoom-strip-dump::0x7bb2c,0x7bb2c,libkoom-strip-dump::0x7d504,0x7d504,DIRECT_BL
libkoom-strip-dump.so,libkoom-strip-dump::0x7bb2c,0x7bb2c,libkoom-strip-dump::0x67648,0x67648,DIRECT_BL
libkoom-strip-dump.so,libkoom-strip-dump::0x7bb2c,0x7bb2c,libkoom-strip-dump::0x6c894,0x6c894,DIRECT_BL
libkoom-strip-dump.so,libkoom-strip-dump::0x7bb2c,0x7bb2c,libkoom-strip-dump::0x67648,0x67648,DIRECT_BL
libkoom-strip-dump.so,libkoom-strip-dump::0x7bb2c,0x7bb2c,libkoom-strip-dump::0x67648,0x67648,DIRECT_BL
libkoom-strip-dump.so,libkoom-strip-dump::0x7bb2c,0x7bb2c,libkoom-strip-dump::0x7d5a4,0x7d5a4,DIRECT_BL
libkoom-strip-dump.so,libkoom-strip-dump::0x7be38,0x7be38,libkoom-strip-dump::0x68b80,0x68b80,DIRECT_BL
libkoom-strip-dump.so,libkoom-strip-dump::0x7be38,0x7be38,libkoom-strip-dump::0x68b80,0x68b80,DIRECT_BL
libkoom-strip-dump.so,libkoom-strip-dump::0x7be38,0x7be38,libkoom-strip-dump::0x68b80,0x68b80,DIRECT_BL
libkoom-strip-dump.so,libkoom-strip-dump::0x7c294,0x7c294,libkoom-strip-dump::0x71154,0x71154,DIRECT_BL
libkoom-strip-dump.so,libkoom-strip-dump::0x7c3e8,0x7c3e8,libkoom-strip-dump::0x71154,0x71154,DIRECT_BL
libkoom-strip-dump.so,libkoom-strip-dump::0x7c6a8,0x7c6a8,libkoom-strip-dump::0x71154,0x71154,DIRECT_BL
libkoom-strip-dump.so,libkoom-strip-dump::0x7d284,0x7d284,libkoom-strip-dump::0x71154,0x71154,DIRECT_BL
libkoom-strip-dump.so,libkoom-strip-dump::0x7d9a4,0x7d9a4,libkoom-strip-dump::0x646b4,0x646b4,DIRECT_BL
libkoom-strip-dump.so,libkoom-strip-dump::0x7e514,0x7e514,libkoom-strip-dump::0x7e890,0x7e890,DIRECT_BL
libkoom-strip-dump.so,libkoom-strip-dump::0x7e514,0x7e514,libkoom-strip-dump::0x8130c,0x8130c,DIRECT_BL
libkoom-strip-dump.so,libkoom-strip-dump::0x7e748,0x7e748,libkoom-strip-dump::0x7e890,0x7e890,DIRECT_BL
libkoom-strip-dump.so,libkoom-strip-dump::0x7e748,0x7e748,libkoom-strip-dump::0x8130c,0x8130c,DIRECT_BL
libkoom-strip-dump.so,libkoom-strip-dump::0x7e898,0x7e898,libkoom-strip-dump::0x646b4,0x646b4,DIRECT_BL
libkoom-strip-dump.so,libkoom-strip-dump::0x7e898,0x7e898,libkoom-strip-dump::0x8130c,0x8130c,DIRECT_BL
libkoom-strip-dump.so,libkoom-strip-dump::0x7ea40,0x7ea40,libkoom-strip-dump::0x3a988,0x3a988,DIRECT_BL
libkoom-strip-dump.so,libkoom-strip-dump::0x7eab0,0x7eab0,libkoom-strip-dump::0x3a988,0x3a988,DIRECT_BL
libkoom-strip-dump.so,libkoom-strip-dump::0x7eaf0,0x7eaf0,libkoom-strip-dump::0x3a988,0x3a988,DIRECT_BL
libkoom-strip-dump.so,libkoom-strip-dump::0x7eb5c,0x7eb5c,libkoom-strip-dump::0x3a988,0x3a988,DIRECT_BL
libkoom-strip-dump.so,libkoom-strip-dump::0x7ebec,0x7ebec,libkoom-strip-dump::0x3a988,0x3a988,DIRECT_BL
libkoom-strip-dump.so,libkoom-strip-dump::0x7ec2c,0x7ec2c,libkoom-strip-dump::0x3a988,0x3a988,DIRECT_BL
libkoom-strip-dump.so,libkoom-strip-dump::0x7eccc,0x7eccc,libkoom-strip-dump::0x7f498,0x7f498,DIRECT_BL
libkoom-strip-dump.so,libkoom-strip-dump::0x7eccc,0x7eccc,libkoom-strip-dump::0x3a988,0x3a988,DIRECT_BL
libkoom-strip-dump.so,libkoom-strip-dump::0x7ed18,0x7ed18,libkoom-strip-dump::0x3a988,0x3a988,DIRECT_BL
libkoom-strip-dump.so,libkoom-strip-dump::0x7edc8,0x7edc8,libkoom-strip-dump::0x7f67c,0x7f67c,DIRECT_BL
libkoom-strip-dump.so,libkoom-strip-dump::0x7edc8,0x7edc8,libkoom-strip-dump::0x3a988,0x3a988,DIRECT_BL
libkoom-strip-dump.so,libkoom-strip-dump::0x7edec,0x7edec,libkoom-strip-dump::0x7f498,0x7f498,DIRECT_BL
libkoom-strip-dump.so,libkoom-strip-dump::0x7ee30,0x7ee30,libkoom-strip-dump::0x810e0,0x810e0,DIRECT_BL
libkoom-strip-dump.so,libkoom-strip-dump::0x7ee30,0x7ee30,libkoom-strip-dump::0x7ef18,0x7ef18,DIRECT_BL
libkoom-strip-dump.so,libkoom-strip-dump::0x7eeb4,0x7eeb4,libkoom-strip-dump::0x810b0,0x810b0,DIRECT_BL
libkoom-strip-dump.so,libkoom-strip-dump::0x7eeb4,0x7eeb4,libkoom-strip-dump::0x7f67c,0x7f67c,DIRECT_BL
libkoom-strip-dump.so,libkoom-strip-dump::0x7eeb4,0x7eeb4,libkoom-strip-dump::0x6404c,0x6404c,DIRECT_BL
libkoom-strip-dump.so,libkoom-strip-dump::0x7eeb4,0x7eeb4,libkoom-strip-dump::0x3a988,0x3a988,DIRECT_BL
libkoom-strip-dump.so,libkoom-strip-dump::0x7eeb4,0x7eeb4,libkoom-strip-dump::0x3a988,0x3a988,DIRECT_BL
libkoom-strip-dump.so,libkoom-strip-dump::0x7ef1c,0x7ef1c,libkoom-strip-dump::0x6404c,0x6404c,DIRECT_BL
libkoom-strip-dump.so,libkoom-strip-dump::0x7ef4c,0x7ef4c,libkoom-strip-dump::0x814ec,0x814ec,DIRECT_BL
libkoom-strip-dump.so,libkoom-strip-dump::0x7ef4c,0x7ef4c,libkoom-strip-dump::0x7f67c,0x7f67c,DIRECT_BL
libkoom-strip-dump.so,libkoom-strip-dump::0x7ef4c,0x7ef4c,libkoom-strip-dump::0x810b0,0x810b0,DIRECT_BL
libkoom-strip-dump.so,libkoom-strip-dump::0x7ef4c,0x7ef4c,libkoom-strip-dump::0x7f67c,0x7f67c,DIRECT_BL
libkoom-strip-dump.so,libkoom-strip-dump::0x7ef4c,0x7ef4c,libkoom-strip-dump::0x3a988,0x3a988,DIRECT_BL
libkoom-strip-dump.so,libkoom-strip-dump::0x7ef4c,0x7ef4c,libkoom-strip-dump::0x3a988,0x3a988,DIRECT_BL
libkoom-strip-dump.so,libkoom-strip-dump::0x7f050,0x7f050,libkoom-strip-dump::0x810b0,0x810b0,DIRECT_BL
libkoom-strip-dump.so,libkoom-strip-dump::0x7f050,0x7f050,libkoom-strip-dump::0x7f67c,0x7f67c,DIRECT_BL
libkoom-strip-dump.so,libkoom-strip-dump::0x7f050,0x7f050,libkoom-strip-dump::0x3a988,0x3a988,DIRECT_BL
libkoom-strip-dump.so,libkoom-strip-dump::0x7f050,0x7f050,libkoom-strip-dump::0x3a988,0x3a988,DIRECT_BL
libkoom-strip-dump.so,libkoom-strip-dump::0x7f104,0x7f104,libkoom-strip-dump::0x810e0,0x810e0,DIRECT_BL
libkoom-strip-dump.so,libkoom-strip-dump::0x7f104,0x7f104,libkoom-strip-dump::0x6404c,0x6404c,DIRECT_BL
libkoom-strip-dump.so,libkoom-strip-dump::0x7f104,0x7f104,libkoom-strip-dump::0x3a988,0x3a988,DIRECT_BL
libkoom-strip-dump.so,libkoom-strip-dump::0x7f1f0,0x7f1f0,libkoom-strip-dump::0x810b0,0x810b0,DIRECT_BL
libkoom-strip-dump.so,libkoom-strip-dump::0x7f214,0x7f214,libkoom-strip-dump::0x810b0,0x810b0,DIRECT_BL
libkoom-strip-dump.so,libkoom-strip-dump::0x7f214,0x7f214,libkoom-strip-dump::0x3a988,0x3a988,DIRECT_BL
libkoom-strip-dump.so,libkoom-strip-dump::0x7f2a0,0x7f2a0,libkoom-strip-dump::0x7f498,0x7f498,DIRECT_BL
libkoom-strip-dump.so,libkoom-strip-dump::0x7f2a0,0x7f2a0,libkoom-strip-dump::0x810b0,0x810b0,DIRECT_BL
libkoom-strip-dump.so,libkoom-strip-dump::0x7f2a0,0x7f2a0,libkoom-strip-dump::0x810e0,0x810e0,DIRECT_BL
libkoom-strip-dump.so,libkoom-strip-dump::0x7f2a0,0x7f2a0,libkoom-strip-dump::0x3a988,0x3a988,DIRECT_BL
libkoom-strip-dump.so,libkoom-strip-dump::0x7f3d0,0x7f3d0,libkoom-strip-dump::0x810b0,0x810b0,DIRECT_BL
libkoom-strip-dump.so,libkoom-strip-dump::0x7f3d0,0x7f3d0,libkoom-strip-dump::0x7f67c,0x7f67c,DIRECT_BL
libkoom-strip-dump.so,libkoom-strip-dump::0x7f3d0,0x7f3d0,libkoom-strip-dump::0x6404c,0x6404c,DIRECT_BL
libkoom-strip-dump.so,libkoom-strip-dump::0x7f3d0,0x7f3d0,libkoom-strip-dump::0x3a988,0x3a988,DIRECT_BL
libkoom-strip-dump.so,libkoom-strip-dump::0x7f3d0,0x7f3d0,libkoom-strip-dump::0x3a988,0x3a988,DIRECT_BL
libkoom-strip-dump.so,libkoom-strip-dump::0x7f444,0x7f444,libkoom-strip-dump::0x3a988,0x3a988,DIRECT_BL
libkoom-strip-dump.so,libkoom-strip-dump::0x7f474,0x7f474,libkoom-strip-dump::0x3a988,0x3a988,DIRECT_BL
libkoom-strip-dump.so,libkoom-strip-dump::0x7f49c,0x7f49c,libkoom-strip-dump::0x7f4f4,0x7f4f4,DIRECT_BL
libkoom-strip-dump.so,libkoom-strip-dump::0x7f4f8,0x7f4f8,libkoom-strip-dump::0x646b4,0x646b4,DIRECT_BL
libkoom-strip-dump.so,libkoom-strip-dump::0x7f4f8,0x7f4f8,libkoom-strip-dump::0x646b4,0x646b4,DIRECT_BL
libkoom-strip-dump.so,libkoom-strip-dump::0x7f4f8,0x7f4f8,libkoom-strip-dump::0x3a988,0x3a988,DIRECT_BL
libkoom-strip-dump.so,libkoom-strip-dump::0x7f4f8,0x7f4f8,libkoom-strip-dump::0x8130c,0x8130c,DIRECT_BL
libkoom-strip-dump.so,libkoom-strip-dump::0x7f4f8,0x7f4f8,libkoom-strip-dump::0x3a988,0x3a988,DIRECT_BL
libkoom-strip-dump.so,libkoom-strip-dump::0x7f680,0x7f680,libkoom-strip-dump::0x3a988,0x3a988,DIRECT_BL
libkoom-strip-dump.so,libkoom-strip-dump::0x7f7c0,0x7f7c0,libkoom-strip-dump::0x81508,0x81508,DIRECT_BL
libkoom-strip-dump.so,libkoom-strip-dump::0x7f7c0,0x7f7c0,libkoom-strip-dump::0x81508,0x81508,DIRECT_BL
libkoom-strip-dump.so,libkoom-strip-dump::0x7f7c0,0x7f7c0,libkoom-strip-dump::0x81540,0x81540,DIRECT_BL
libkoom-strip-dump.so,libkoom-strip-dump::0x7f7c0,0x7f7c0,libkoom-strip-dump::0x7f9e0,0x7f9e0,DIRECT_BL
libkoom-strip-dump.so,libkoom-strip-dump::0x7f7c0,0x7f7c0,libkoom-strip-dump::0x7f9e0,0x7f9e0,DIRECT_BL
libkoom-strip-dump.so,libkoom-strip-dump::0x7f7c0,0x7f7c0,libkoom-strip-dump::0x81508,0x81508,DIRECT_BL
libkoom-strip-dump.so,libkoom-strip-dump::0x7f7c0,0x7f7c0,libkoom-strip-dump::0x81508,0x81508,DIRECT_BL
libkoom-strip-dump.so,libkoom-strip-dump::0x7f7c0,0x7f7c0,libkoom-strip-dump::0x81540,0x81540,DIRECT_BL
libkoom-strip-dump.so,libkoom-strip-dump::0x7f9e8,0x7f9e8,libkoom-strip-dump::0x81484,0x81484,DIRECT_BL
libkoom-strip-dump.so,libkoom-strip-dump::0x7f9e8,0x7f9e8,libkoom-strip-dump::0x81510,0x81510,DIRECT_BL
libkoom-strip-dump.so,libkoom-strip-dump::0x7f9e8,0x7f9e8,libkoom-strip-dump::0x814b8,0x814b8,DIRECT_BL
libkoom-strip-dump.so,libkoom-strip-dump::0x7f9e8,0x7f9e8,libkoom-strip-dump::0x8018c,0x8018c,DIRECT_BL
libkoom-strip-dump.so,libkoom-strip-dump::0x7f9e8,0x7f9e8,libkoom-strip-dump::0x8018c,0x8018c,DIRECT_BL
libkoom-strip-dump.so,libkoom-strip-dump::0x7f9e8,0x7f9e8,libkoom-strip-dump::0x8018c,0x8018c,DIRECT_BL
libkoom-strip-dump.so,libkoom-strip-dump::0x7f9e8,0x7f9e8,libkoom-strip-dump::0x8018c,0x8018c,DIRECT_BL
libkoom-strip-dump.so,libkoom-strip-dump::0x7f9e8,0x7f9e8,libkoom-strip-dump::0x8018c,0x8018c,DIRECT_BL
libkoom-strip-dump.so,libkoom-strip-dump::0x7f9e8,0x7f9e8,libkoom-strip-dump::0x7ec98,0x7ec98,DIRECT_BL
libkoom-strip-dump.so,libkoom-strip-dump::0x7f9e8,0x7f9e8,libkoom-strip-dump::0x7ec98,0x7ec98,DIRECT_BL
libkoom-strip-dump.so,libkoom-strip-dump::0x7f9e8,0x7f9e8,libkoom-strip-dump::0x80378,0x80378,DIRECT_BL
libkoom-strip-dump.so,libkoom-strip-dump::0x7f9e8,0x7f9e8,libkoom-strip-dump::0x7ec98,0x7ec98,DIRECT_BL
libkoom-strip-dump.so,libkoom-strip-dump::0x7f9e8,0x7f9e8,libkoom-strip-dump::0x6404c,0x6404c,DIRECT_BL
libkoom-strip-dump.so,libkoom-strip-dump::0x7f9e8,0x7f9e8,libkoom-strip-dump::0x6404c,0x6404c,DIRECT_BL
libkoom-strip-dump.so,libkoom-strip-dump::0x7f9e8,0x7f9e8,libkoom-strip-dump::0x6404c,0x6404c,DIRECT_BL
libkoom-strip-dump.so,libkoom-strip-dump::0x7ff74,0x7ff74,libkoom-strip-dump::0x7eca4,0x7eca4,DIRECT_BL
libkoom-strip-dump.so,libkoom-strip-dump::0x7ff74,0x7ff74,libkoom-strip-dump::0x64000,0x64000,DIRECT_BL
libkoom-strip-dump.so,libkoom-strip-dump::0x7ff74,0x7ff74,libkoom-strip-dump::0x8018c,0x8018c,DIRECT_BL
libkoom-strip-dump.so,libkoom-strip-dump::0x7ff74,0x7ff74,libkoom-strip-dump::0x6404c,0x6404c,DIRECT_BL
libkoom-strip-dump.so,libkoom-strip-dump::0x7ff74,0x7ff74,libkoom-strip-dump::0x7eca4,0x7eca4,DIRECT_BL
libkoom-strip-dump.so,libkoom-strip-dump::0x7ff74,0x7ff74,libkoom-strip-dump::0x7ec98,0x7ec98,DIRECT_BL
libkoom-strip-dump.so,libkoom-strip-dump::0x7ff74,0x7ff74,libkoom-strip-dump::0x80378,0x80378,DIRECT_BL
libkoom-strip-dump.so,libkoom-strip-dump::0x7ff74,0x7ff74,libkoom-strip-dump::0x80378,0x80378,DIRECT_BL
libkoom-strip-dump.so,libkoom-strip-dump::0x7ff74,0x7ff74,libkoom-strip-dump::0x6404c,0x6404c,DIRECT_BL
libkoom-strip-dump.so,libkoom-strip-dump::0x7ff74,0x7ff74,libkoom-strip-dump::0x8130c,0x8130c,DIRECT_BL
libkoom-strip-dump.so,libkoom-strip-dump::0x7ff74,0x7ff74,libkoom-strip-dump::0x3a988,0x3a988,DIRECT_BL
libkoom-strip-dump.so,libkoom-strip-dump::0x80380,0x80380,libkoom-strip-dump::0x8018c,0x8018c,DIRECT_BL
libkoom-strip-dump.so,libkoom-strip-dump::0x80380,0x80380,libkoom-strip-dump::0x6404c,0x6404c,DIRECT_BL
libkoom-strip-dump.so,libkoom-strip-dump::0x80e0c,0x80e0c,libkoom-strip-dump::0x8085c,0x8085c,DIRECT_BL
libkoom-strip-dump.so,libkoom-strip-dump::0x810e4,0x810e4,libkoom-strip-dump::0x850fc,0x850fc,DIRECT_BL
libkoom-strip-dump.so,libkoom-strip-dump::0x810e4,0x810e4,libkoom-strip-dump::0x81550,0x81550,DIRECT_BL
libkoom-strip-dump.so,libkoom-strip-dump::0x810e4,0x810e4,libkoom-strip-dump::0x81760,0x81760,DIRECT_BL
libkoom-strip-dump.so,libkoom-strip-dump::0x810e4,0x810e4,libkoom-strip-dump::0x81760,0x81760,DIRECT_BL
libkoom-strip-dump.so,libkoom-strip-dump::0x810e4,0x810e4,libkoom-strip-dump::0x81788,0x81788,DIRECT_BL
libkoom-strip-dump.so,libkoom-strip-dump::0x810e4,0x810e4,libkoom-strip-dump::0x815f8,0x815f8,DIRECT_BL
libkoom-strip-dump.so,libkoom-strip-dump::0x810e4,0x810e4,libkoom-strip-dump::0x811d8,0x811d8,DIRECT_BL
libkoom-strip-dump.so,libkoom-strip-dump::0x811e0,0x811e0,libkoom-strip-dump::0x81550,0x81550,DIRECT_BL
libkoom-strip-dump.so,libkoom-strip-dump::0x811e0,0x811e0,libkoom-strip-dump::0x81774,0x81774,DIRECT_BL
libkoom-strip-dump.so,libkoom-strip-dump::0x811e0,0x811e0,libkoom-strip-dump::0x81774,0x81774,DIRECT_BL
libkoom-strip-dump.so,libkoom-strip-dump::0x811e0,0x811e0,libkoom-strip-dump::0x815f8,0x815f8,DIRECT_BL
libkoom-strip-dump.so,libkoom-strip-dump::0x811e0,0x811e0,libkoom-strip-dump::0x81788,0x81788,DIRECT_BL
libkoom-strip-dump.so,libkoom-strip-dump::0x811e0,0x811e0,libkoom-strip-dump::0x817c8,0x817c8,DIRECT_BL
libkoom-strip-dump.so,libkoom-strip-dump::0x81310,0x81310,libkoom-strip-dump::0x850fc,0x850fc,DIRECT_BL
libkoom-strip-dump.so,libkoom-strip-dump::0x81310,0x81310,libkoom-strip-dump::0x811d8,0x811d8,DIRECT_BL
libkoom-strip-dump.so,libkoom-strip-dump::0x81310,0x81310,libkoom-strip-dump::0x81390,0x81390,DIRECT_BL
libkoom-strip-dump.so,libkoom-strip-dump::0x81398,0x81398,libkoom-strip-dump::0x81550,0x81550,DIRECT_BL
libkoom-strip-dump.so,libkoom-strip-dump::0x81398,0x81398,libkoom-strip-dump::0x81774,0x81774,DIRECT_BL
libkoom-strip-dump.so,libkoom-strip-dump::0x81398,0x81398,libkoom-strip-dump::0x81774,0x81774,DIRECT_BL
libkoom-strip-dump.so,libkoom-strip-dump::0x81398,0x81398,libkoom-strip-dump::0x81788,0x81788,DIRECT_BL
libkoom-strip-dump.so,libkoom-strip-dump::0x81398,0x81398,libkoom-strip-dump::0x817c8,0x817c8,DIRECT_BL
libkoom-strip-dump.so,libkoom-strip-dump::0x8148c,0x8148c,libkoom-strip-dump::0x81788,0x81788,DIRECT_BL
libkoom-strip-dump.so,libkoom-strip-dump::0x814c0,0x814c0,libkoom-strip-dump::0x81788,0x81788,DIRECT_BL
libkoom-strip-dump.so,libkoom-strip-dump::0x81518,0x81518,libkoom-strip-dump::0x815f8,0x815f8,DIRECT_BL
libkoom-strip-dump.so,libkoom-strip-dump::0x81554,0x81554,libkoom-strip-dump::0x82018,0x82018,DIRECT_BL
libkoom-strip-dump.so,libkoom-strip-dump::0x817f4,0x817f4,libkoom-strip-dump::0x81980,0x81980,DIRECT_BL
libkoom-strip-dump.so,libkoom-strip-dump::0x817f4,0x817f4,libkoom-strip-dump::0x837d8,0x837d8,DIRECT_BL
libkoom-strip-dump.so,libkoom-strip-dump::0x817f4,0x817f4,libkoom-strip-dump::0x837d8,0x837d8,DIRECT_BL
libkoom-strip-dump.so,libkoom-strip-dump::0x817f4,0x817f4,libkoom-strip-dump::0x83b64,0x83b64,DIRECT_BL
libkoom-strip-dump.so,libkoom-strip-dump::0x817f4,0x817f4,libkoom-strip-dump::0x837d8,0x837d8,DIRECT_BL
libkoom-strip-dump.so,libkoom-strip-dump::0x817f4,0x817f4,libkoom-strip-dump::0x837d8,0x837d8,DIRECT_BL
libkoom-strip-dump.so,libkoom-strip-dump::0x81988,0x81988,libkoom-strip-dump::0x83b64,0x83b64,DIRECT_BL
libkoom-strip-dump.so,libkoom-strip-dump::0x81988,0x81988,libkoom-strip-dump::0x83b64,0x83b64,DIRECT_BL
libkoom-strip-dump.so,libkoom-strip-dump::0x81988,0x81988,libkoom-strip-dump::0x83b64,0x83b64,DIRECT_BL
libkoom-strip-dump.so,libkoom-strip-dump::0x81988,0x81988,libkoom-strip-dump::0x837d8,0x837d8,DIRECT_BL
libkoom-strip-dump.so,libkoom-strip-dump::0x81eb8,0x81eb8,libkoom-strip-dump::0x822a4,0x822a4,DIRECT_BL
libkoom-strip-dump.so,libkoom-strip-dump::0x81eb8,0x81eb8,libkoom-strip-dump::0x823c4,0x823c4,DIRECT_BL
libkoom-strip-dump.so,libkoom-strip-dump::0x8201c,0x8201c,libkoom-strip-dump::0x846e8,0x846e8,DIRECT_BL
libkoom-strip-dump.so,libkoom-strip-dump::0x8201c,0x8201c,libkoom-strip-dump::0x817f0,0x817f0,DIRECT_BL
libkoom-strip-dump.so,libkoom-strip-dump::0x8201c,0x8201c,libkoom-strip-dump::0x8284c,0x8284c,DIRECT_BL
libkoom-strip-dump.so,libkoom-strip-dump::0x823c8,0x823c8,libkoom-strip-dump::0x817f0,0x817f0,DIRECT_BL
libkoom-strip-dump.so,libkoom-strip-dump::0x823c8,0x823c8,libkoom-strip-dump::0x8284c,0x8284c,DIRECT_BL
libkoom-strip-dump.so,libkoom-strip-dump::0x823c8,0x823c8,libkoom-strip-dump::0x83494,0x83494,DIRECT_BL
libkoom-strip-dump.so,libkoom-strip-dump::0x823c8,0x823c8,libkoom-strip-dump::0x835c8,0x835c8,DIRECT_BL
libkoom-strip-dump.so,libkoom-strip-dump::0x823c8,0x823c8,libkoom-strip-dump::0x83d2c,0x83d2c,DIRECT_BL
libkoom-strip-dump.so,libkoom-strip-dump::0x823c8,0x823c8,libkoom-strip-dump::0x835c8,0x835c8,DIRECT_BL
libkoom-strip-dump.so,libkoom-strip-dump::0x823c8,0x823c8,libkoom-strip-dump::0x835c8,0x835c8,DIRECT_BL
libkoom-strip-dump.so,libkoom-strip-dump::0x823c8,0x823c8,libkoom-strip-dump::0x835c8,0x835c8,DIRECT_BL
libkoom-strip-dump.so,libkoom-strip-dump::0x828d0,0x828d0,libkoom-strip-dump::0x837d8,0x837d8,DIRECT_BL
libkoom-strip-dump.so,libkoom-strip-dump::0x828d0,0x828d0,libkoom-strip-dump::0x83b64,0x83b64,DIRECT_BL
libkoom-strip-dump.so,libkoom-strip-dump::0x828d0,0x828d0,libkoom-strip-dump::0x83b64,0x83b64,DIRECT_BL
libkoom-strip-dump.so,libkoom-strip-dump::0x828d0,0x828d0,libkoom-strip-dump::0x83b64,0x83b64,DIRECT_BL
libkoom-strip-dump.so,libkoom-strip-dump::0x828d0,0x828d0,libkoom-strip-dump::0x83b64,0x83b64,DIRECT_BL
libkoom-strip-dump.so,libkoom-strip-dump::0x828d0,0x828d0,libkoom-strip-dump::0x83b64,0x83b64,DIRECT_BL
libkoom-strip-dump.so,libkoom-strip-dump::0x828d0,0x828d0,libkoom-strip-dump::0x83b64,0x83b64,DIRECT_BL
libkoom-strip-dump.so,libkoom-strip-dump::0x828d0,0x828d0,libkoom-strip-dump::0x83b64,0x83b64,DIRECT_BL
libkoom-strip-dump.so,libkoom-strip-dump::0x828d0,0x828d0,libkoom-strip-dump::0x83b64,0x83b64,DIRECT_BL
libkoom-strip-dump.so,libkoom-strip-dump::0x828d0,0x828d0,libkoom-strip-dump::0x83b64,0x83b64,DIRECT_BL
libkoom-strip-dump.so,libkoom-strip-dump::0x828d0,0x828d0,libkoom-strip-dump::0x83b64,0x83b64,DIRECT_BL
libkoom-strip-dump.so,libkoom-strip-dump::0x828d0,0x828d0,libkoom-strip-dump::0x83b64,0x83b64,DIRECT_BL
libkoom-strip-dump.so,libkoom-strip-dump::0x828d0,0x828d0,libkoom-strip-dump::0x83b64,0x83b64,DIRECT_BL
libkoom-strip-dump.so,libkoom-strip-dump::0x828d0,0x828d0,libkoom-strip-dump::0x83b64,0x83b64,DIRECT_BL
libkoom-strip-dump.so,libkoom-strip-dump::0x828d0,0x828d0,libkoom-strip-dump::0x83b64,0x83b64,DIRECT_BL
libkoom-strip-dump.so,libkoom-strip-dump::0x828d0,0x828d0,libkoom-strip-dump::0x83b64,0x83b64,DIRECT_BL
libkoom-strip-dump.so,libkoom-strip-dump::0x828d0,0x828d0,libkoom-strip-dump::0x83b64,0x83b64,DIRECT_BL
libkoom-strip-dump.so,libkoom-strip-dump::0x828d0,0x828d0,libkoom-strip-dump::0x83b64,0x83b64,DIRECT_BL
libkoom-strip-dump.so,libkoom-strip-dump::0x828d0,0x828d0,libkoom-strip-dump::0x83b64,0x83b64,DIRECT_BL
libkoom-strip-dump.so,libkoom-strip-dump::0x828d0,0x828d0,libkoom-strip-dump::0x83b64,0x83b64,DIRECT_BL
libkoom-strip-dump.so,libkoom-strip-dump::0x83094,0x83094,libkoom-strip-dump::0x83b64,0x83b64,DIRECT_BL
libkoom-strip-dump.so,libkoom-strip-dump::0x83100,0x83100,libkoom-strip-dump::0x83b64,0x83b64,DIRECT_BL
libkoom-strip-dump.so,libkoom-strip-dump::0x83100,0x83100,libkoom-strip-dump::0x83b64,0x83b64,DIRECT_BL
libkoom-strip-dump.so,libkoom-strip-dump::0x83100,0x83100,libkoom-strip-dump::0x83b64,0x83b64,DIRECT_BL
libkoom-strip-dump.so,libkoom-strip-dump::0x835cc,0x835cc,libkoom-strip-dump::0x83d2c,0x83d2c,DIRECT_BL
libkoom-strip-dump.so,libkoom-strip-dump::0x837dc,0x837dc,libkoom-strip-dump::0x83b64,0x83b64,DIRECT_BL
libkoom-strip-dump.so,libkoom-strip-dump::0x83d30,0x83d30,libkoom-strip-dump::0x83b64,0x83b64,DIRECT_BL
libkoom-strip-dump.so,libkoom-strip-dump::0x83db0,0x83db0,libkoom-strip-dump::0x83b64,0x83b64,DIRECT_BL
libkoom-strip-dump.so,libkoom-strip-dump::0x83db0,0x83db0,libkoom-strip-dump::0x83b64,0x83b64,DIRECT_BL
libkoom-strip-dump.so,libkoom-strip-dump::0x83db0,0x83db0,libkoom-strip-dump::0x83b64,0x83b64,DIRECT_BL
libkoom-strip-dump.so,libkoom-strip-dump::0x83db0,0x83db0,libkoom-strip-dump::0x83b64,0x83b64,DIRECT_BL
libkoom-strip-dump.so,libkoom-strip-dump::0x846ec,0x846ec,libkoom-strip-dump::0x84c10,0x84c10,DIRECT_BL
libkoom-strip-dump.so,libkoom-strip-dump::0x846ec,0x846ec,libkoom-strip-dump::0x84dd8,0x84dd8,DIRECT_BL
libkoom-strip-dump.so,libkoom-strip-dump::0x846ec,0x846ec,libkoom-strip-dump::0x84c10,0x84c10,DIRECT_BL
libkoom-strip-dump.so,libkoom-strip-dump::0x846ec,0x846ec,libkoom-strip-dump::0x84c10,0x84c10,DIRECT_BL
libkoom-strip-dump.so,libkoom-strip-dump::0x846ec,0x846ec,libkoom-strip-dump::0x8284c,0x8284c,DIRECT_BL
libkoom-strip-dump.so,libkoom-strip-dump::0x849c4,0x849c4,libkoom-strip-dump::0x84af0,0x84af0,DIRECT_BL
libkoom-strip-dump.so,libkoom-strip-dump::0x84af4,0x84af4,libkoom-strip-dump::0x837d8,0x837d8,DIRECT_BL
libkoom-strip-dump.so,libkoom-strip-dump::0x84af4,0x84af4,libkoom-strip-dump::0x837d8,0x837d8,DIRECT_BL
libkoom-strip-dump.so,libkoom-strip-dump::0x84c18,0x84c18,libkoom-strip-dump::0x81980,0x81980,DIRECT_BL
libkoom-strip-dump.so,libkoom-strip-dump::0x84c18,0x84c18,libkoom-strip-dump::0x837d8,0x837d8,DIRECT_BL
libkoom-strip-dump.so,libkoom-strip-dump::0x84c18,0x84c18,libkoom-strip-dump::0x837d8,0x837d8,DIRECT_BL
libkoom-strip-dump.so,libkoom-strip-dump::0x84c18,0x84c18,libkoom-strip-dump::0x83b64,0x83b64,DIRECT_BL
libkoom-strip-dump.so,libkoom-strip-dump::0x84c18,0x84c18,libkoom-strip-dump::0x837d8,0x837d8,DIRECT_BL
libkoom-strip-dump.so,libkoom-strip-dump::0x84c18,0x84c18,libkoom-strip-dump::0x837d8,0x837d8,DIRECT_BL
libkoom-strip-dump.so,libkoom-strip-dump::0x84de0,0x84de0,libkoom-strip-dump::0x84af0,0x84af0,DIRECT_BL
libkoom-strip-dump.so,libkoom-strip-dump::0x84de0,0x84de0,libkoom-strip-dump::0x84f40,0x84f40,DIRECT_BL
libkoom-strip-dump.so,libkoom-strip-dump::0x84de0,0x84de0,libkoom-strip-dump::0x837d8,0x837d8,DIRECT_BL
libkoom-strip-dump.so,libkoom-strip-dump::0x84de0,0x84de0,libkoom-strip-dump::0x837d8,0x837d8,DIRECT_BL
libkoom-strip-dump.so,libkoom-strip-dump::0x84de0,0x84de0,libkoom-strip-dump::0x837d8,0x837d8,DIRECT_BL
libkoom-strip-dump.so,libkoom-strip-dump::0x84de0,0x84de0,libkoom-strip-dump::0x817f0,0x817f0,DIRECT_BL
