Insn_Address_Hex,Caller_Function,Target_Address_Hex,Target_Name,Xref_Type
0x00020adc,.text,0x00058c00,__cxa_finalize@plt,BRANCH
0x00020aec,.text,0x00020ae0,.text+0x10,BRANCH
0x00020b1c,.text,0x00058c10,__cxa_atexit@plt,BRANCH
0x00020b30,"PVGCOLOR::PVGColorFunctions::PVGColorFunctions(int, int, PVGCOLOR::PVGPixelFormat, int, int, PVGCOLOR::PVGPixelFormat)",N/A,"x8, 0x5f000 <typeinfo for std::__ndk1::__function::__base<void (int)>+0x78>",ADRP_PAGE_REF
0x00020b50,"PVGCOLOR::PVGColorFunctions::PVGColorFunctions(int, int, PVGCOLOR::PVGPixelFormat, int, int, PVGCOLOR::PVGPixelFormat)",N/A,"x8, 0xd000",ADRP_PAGE_REF
0x00020ba4,PVGCOLOR::PVGColorFunctions::~PVGColorFunctions(),N/A,"x8, 0x5f000 <typeinfo for std::__ndk1::__function::__base<void (int)>+0x78>",ADRP_PAGE_REF
0x00020bc0,PVGCOLOR::PVGColorFunctions::~PVGColorFunctions(),0x00058c20,_ZdlPv@plt,DIRECT_CALL
0x00020bd8,PVGCOLOR::PVGColorFunctions::~PVGColorFunctions(),N/A,x8,INDIRECT_CALL
0x00020be8,PVGCOLOR::PVGColorFunctions::~PVGColorFunctions(),0x00058c30,_ZdaPv@plt,DIRECT_CALL
0x00020bf8,PVGCOLOR::PVGColorFunctions::~PVGColorFunctions(),0x00058c30,_ZdaPv@plt,DIRECT_CALL
0x00020c10,PVGCOLOR::PVGColorFunctions::~PVGColorFunctions(),0x00021810,PVGCOLOR::PVGColorFunctions::setKeepSourceColor(bool)+0x8,BRANCH
0x00020c24,PVGCOLOR::PVGColorFunctions::~PVGColorFunctions(),0x00058c40,_ZN8PVGCOLOR17PVGColorFunctionsD1Ev@plt,DIRECT_CALL
0x00020c34,PVGCOLOR::PVGColorFunctions::~PVGColorFunctions(),0x00058c20,_ZdlPv@plt,BRANCH
0x00020c50,PVGCOLOR::PVGColorFunctions::cleanup(),0x00058c20,_ZdlPv@plt,DIRECT_CALL
0x00020c68,PVGCOLOR::PVGColorFunctions::cleanup(),N/A,x8,INDIRECT_CALL
0x00020c84,PVGCOLOR::PVGColorFunctions::setType(PVGCOLOR::PVGProfileType),0x00020c94,PVGCOLOR::PVGColorFunctions::setType(PVGCOLOR::PVGProfileType)+0x18,BRANCH
0x00020cb0,"PVGCOLOR::PVGColorFunctions::create(PVGCOLOR::PVGPixelFormat, PVGCOLOR::PVGPixelFormat)",N/A,"x1, 0x5f000 <typeinfo for std::__ndk1::__function::__base<void (int)>+0x78>",ADRP_PAGE_REF
0x00020cc0,"PVGCOLOR::PVGColorFunctions::create(PVGCOLOR::PVGPixelFormat, PVGCOLOR::PVGPixelFormat)",0x00058c50,_ZnwmRKSt9nothrow_t@plt,DIRECT_CALL
0x00020ce8,"PVGCOLOR::PVGColorFunctions::create(PVGCOLOR::PVGPixelFormat, PVGCOLOR::PVGPixelFormat)",0x00058c60,_ZN8PVGCOLOR17PVGColorFunctionsC1EiiNS_14PVGPixelFormatEiiS1_@plt,DIRECT_CALL
0x00020d00,"PVGCOLOR::PVGColorFunctions::create(PVGCOLOR::PVGPixelFormat, PVGCOLOR::PVGPixelFormat)",N/A,"x1, 0x5f000 <typeinfo for std::__ndk1::__function::__base<void (int)>+0x78>",ADRP_PAGE_REF
0x00020d10,"PVGCOLOR::PVGColorFunctions::create(PVGCOLOR::PVGPixelFormat, PVGCOLOR::PVGPixelFormat)",0x00058c70,_ZdlPvRKSt9nothrow_t@plt,DIRECT_CALL
0x00020d18,"PVGCOLOR::PVGColorFunctions::create(PVGCOLOR::PVGPixelFormat, PVGCOLOR::PVGPixelFormat)",0x00054f14,"PVGCOLOR::PVGOpenGL::createComputeShader(char const*, int*)+0x249c",DIRECT_CALL
0x00020d38,"PVGCOLOR::PVGColorFunctions::create(int, int, PVGCOLOR::PVGPixelFormat, int, int, PVGCOLOR::PVGPixelFormat)",N/A,"x1, 0x5f000 <typeinfo for std::__ndk1::__function::__base<void (int)>+0x78>",ADRP_PAGE_REF
0x00020d58,"PVGCOLOR::PVGColorFunctions::create(int, int, PVGCOLOR::PVGPixelFormat, int, int, PVGCOLOR::PVGPixelFormat)",0x00058c50,_ZnwmRKSt9nothrow_t@plt,DIRECT_CALL
0x00020d80,"PVGCOLOR::PVGColorFunctions::create(int, int, PVGCOLOR::PVGPixelFormat, int, int, PVGCOLOR::PVGPixelFormat)",0x00058c60,_ZN8PVGCOLOR17PVGColorFunctionsC1EiiNS_14PVGPixelFormatEiiS1_@plt,DIRECT_CALL
0x00020da0,"PVGCOLOR::PVGColorFunctions::create(int, int, PVGCOLOR::PVGPixelFormat, int, int, PVGCOLOR::PVGPixelFormat)",N/A,"x1, 0x5f000 <typeinfo for std::__ndk1::__function::__base<void (int)>+0x78>",ADRP_PAGE_REF
0x00020db0,"PVGCOLOR::PVGColorFunctions::create(int, int, PVGCOLOR::PVGPixelFormat, int, int, PVGCOLOR::PVGPixelFormat)",0x00058c70,_ZdlPvRKSt9nothrow_t@plt,DIRECT_CALL
0x00020db8,"PVGCOLOR::PVGColorFunctions::create(int, int, PVGCOLOR::PVGPixelFormat, int, int, PVGCOLOR::PVGPixelFormat)",0x00054f14,"PVGCOLOR::PVGOpenGL::createComputeShader(char const*, int*)+0x249c",DIRECT_CALL
0x00020dc4,"PVGCOLOR::PVGColorFunctions::setColorspaceDetails(PVGCOLOR::PVGColorPrimaries, PVGCOLOR::PVGColorTransfer, PVGCOLOR::PVGColorMatrix, PVGCOLOR::PVGColorRange, PVGCOLOR::PVGColorPrimaries, PVGCOLOR::PVGColorTransfer, PVGCOLOR::PVGColorMatrix, PVGCOLOR::PVGColorRange)",0x00020e78,"PVGCOLOR::PVGColorFunctions::setColorspaceDetails(PVGCOLOR::PVGColorPrimaries, PVGCOLOR::PVGColorTransfer, PVGCOLOR::PVGColorMatrix, PVGCOLOR::PVGColorRange, PVGCOLOR::PVGColorPrimaries, PVGCOLOR::PVGColorTransfer, PVGCOLOR::PVGColorMatrix, PVGCOLOR::PVGColorRange)+0xbc",BRANCH
0x00020dcc,"PVGCOLOR::PVGColorFunctions::setColorspaceDetails(PVGCOLOR::PVGColorPrimaries, PVGCOLOR::PVGColorTransfer, PVGCOLOR::PVGColorMatrix, PVGCOLOR::PVGColorRange, PVGCOLOR::PVGColorPrimaries, PVGCOLOR::PVGColorTransfer, PVGCOLOR::PVGColorMatrix, PVGCOLOR::PVGColorRange)",0x00020e78,"PVGCOLOR::PVGColorFunctions::setColorspaceDetails(PVGCOLOR::PVGColorPrimaries, PVGCOLOR::PVGColorTransfer, PVGCOLOR::PVGColorMatrix, PVGCOLOR::PVGColorRange, PVGCOLOR::PVGColorPrimaries, PVGCOLOR::PVGColorTransfer, PVGCOLOR::PVGColorMatrix, PVGCOLOR::PVGColorRange)+0xbc",BRANCH
0x00020dd8,"PVGCOLOR::PVGColorFunctions::setColorspaceDetails(PVGCOLOR::PVGColorPrimaries, PVGCOLOR::PVGColorTransfer, PVGCOLOR::PVGColorMatrix, PVGCOLOR::PVGColorRange, PVGCOLOR::PVGColorPrimaries, PVGCOLOR::PVGColorTransfer, PVGCOLOR::PVGColorMatrix, PVGCOLOR::PVGColorRange)",0x00020e78,"PVGCOLOR::PVGColorFunctions::setColorspaceDetails(PVGCOLOR::PVGColorPrimaries, PVGCOLOR::PVGColorTransfer, PVGCOLOR::PVGColorMatrix, PVGCOLOR::PVGColorRange, PVGCOLOR::PVGColorPrimaries, PVGCOLOR::PVGColorTransfer, PVGCOLOR::PVGColorMatrix, PVGCOLOR::PVGColorRange)+0xbc",BRANCH
0x00020de0,"PVGCOLOR::PVGColorFunctions::setColorspaceDetails(PVGCOLOR::PVGColorPrimaries, PVGCOLOR::PVGColorTransfer, PVGCOLOR::PVGColorMatrix, PVGCOLOR::PVGColorRange, PVGCOLOR::PVGColorPrimaries, PVGCOLOR::PVGColorTransfer, PVGCOLOR::PVGColorMatrix, PVGCOLOR::PVGColorRange)",0x00020e78,"PVGCOLOR::PVGColorFunctions::setColorspaceDetails(PVGCOLOR::PVGColorPrimaries, PVGCOLOR::PVGColorTransfer, PVGCOLOR::PVGColorMatrix, PVGCOLOR::PVGColorRange, PVGCOLOR::PVGColorPrimaries, PVGCOLOR::PVGColorTransfer, PVGCOLOR::PVGColorMatrix, PVGCOLOR::PVGColorRange)+0xbc",BRANCH
0x00020dec,"PVGCOLOR::PVGColorFunctions::setColorspaceDetails(PVGCOLOR::PVGColorPrimaries, PVGCOLOR::PVGColorTransfer, PVGCOLOR::PVGColorMatrix, PVGCOLOR::PVGColorRange, PVGCOLOR::PVGColorPrimaries, PVGCOLOR::PVGColorTransfer, PVGCOLOR::PVGColorMatrix, PVGCOLOR::PVGColorRange)",0x00020e78,"PVGCOLOR::PVGColorFunctions::setColorspaceDetails(PVGCOLOR::PVGColorPrimaries, PVGCOLOR::PVGColorTransfer, PVGCOLOR::PVGColorMatrix, PVGCOLOR::PVGColorRange, PVGCOLOR::PVGColorPrimaries, PVGCOLOR::PVGColorTransfer, PVGCOLOR::PVGColorMatrix, PVGCOLOR::PVGColorRange)+0xbc",BRANCH
0x00020df4,"PVGCOLOR::PVGColorFunctions::setColorspaceDetails(PVGCOLOR::PVGColorPrimaries, PVGCOLOR::PVGColorTransfer, PVGCOLOR::PVGColorMatrix, PVGCOLOR::PVGColorRange, PVGCOLOR::PVGColorPrimaries, PVGCOLOR::PVGColorTransfer, PVGCOLOR::PVGColorMatrix, PVGCOLOR::PVGColorRange)",0x00020e78,"PVGCOLOR::PVGColorFunctions::setColorspaceDetails(PVGCOLOR::PVGColorPrimaries, PVGCOLOR::PVGColorTransfer, PVGCOLOR::PVGColorMatrix, PVGCOLOR::PVGColorRange, PVGCOLOR::PVGColorPrimaries, PVGCOLOR::PVGColorTransfer, PVGCOLOR::PVGColorMatrix, PVGCOLOR::PVGColorRange)+0xbc",BRANCH
0x00020e04,"PVGCOLOR::PVGColorFunctions::setColorspaceDetails(PVGCOLOR::PVGColorPrimaries, PVGCOLOR::PVGColorTransfer, PVGCOLOR::PVGColorMatrix, PVGCOLOR::PVGColorRange, PVGCOLOR::PVGColorPrimaries, PVGCOLOR::PVGColorTransfer, PVGCOLOR::PVGColorMatrix, PVGCOLOR::PVGColorRange)",0x00020e5c,"PVGCOLOR::PVGColorFunctions::setColorspaceDetails(PVGCOLOR::PVGColorPrimaries, PVGCOLOR::PVGColorTransfer, PVGCOLOR::PVGColorMatrix, PVGCOLOR::PVGColorRange, PVGCOLOR::PVGColorPrimaries, PVGCOLOR::PVGColorTransfer, PVGCOLOR::PVGColorMatrix, PVGCOLOR::PVGColorRange)+0xa0",BRANCH
0x00020e10,"PVGCOLOR::PVGColorFunctions::setColorspaceDetails(PVGCOLOR::PVGColorPrimaries, PVGCOLOR::PVGColorTransfer, PVGCOLOR::PVGColorMatrix, PVGCOLOR::PVGColorRange, PVGCOLOR::PVGColorPrimaries, PVGCOLOR::PVGColorTransfer, PVGCOLOR::PVGColorMatrix, PVGCOLOR::PVGColorRange)",0x00020e5c,"PVGCOLOR::PVGColorFunctions::setColorspaceDetails(PVGCOLOR::PVGColorPrimaries, PVGCOLOR::PVGColorTransfer, PVGCOLOR::PVGColorMatrix, PVGCOLOR::PVGColorRange, PVGCOLOR::PVGColorPrimaries, PVGCOLOR::PVGColorTransfer, PVGCOLOR::PVGColorMatrix, PVGCOLOR::PVGColorRange)+0xa0",BRANCH
0x00020e1c,"PVGCOLOR::PVGColorFunctions::setColorspaceDetails(PVGCOLOR::PVGColorPrimaries, PVGCOLOR::PVGColorTransfer, PVGCOLOR::PVGColorMatrix, PVGCOLOR::PVGColorRange, PVGCOLOR::PVGColorPrimaries, PVGCOLOR::PVGColorTransfer, PVGCOLOR::PVGColorMatrix, PVGCOLOR::PVGColorRange)",0x00020e5c,"PVGCOLOR::PVGColorFunctions::setColorspaceDetails(PVGCOLOR::PVGColorPrimaries, PVGCOLOR::PVGColorTransfer, PVGCOLOR::PVGColorMatrix, PVGCOLOR::PVGColorRange, PVGCOLOR::PVGColorPrimaries, PVGCOLOR::PVGColorTransfer, PVGCOLOR::PVGColorMatrix, PVGCOLOR::PVGColorRange)+0xa0",BRANCH
0x00020e28,"PVGCOLOR::PVGColorFunctions::setColorspaceDetails(PVGCOLOR::PVGColorPrimaries, PVGCOLOR::PVGColorTransfer, PVGCOLOR::PVGColorMatrix, PVGCOLOR::PVGColorRange, PVGCOLOR::PVGColorPrimaries, PVGCOLOR::PVGColorTransfer, PVGCOLOR::PVGColorMatrix, PVGCOLOR::PVGColorRange)",0x00020e5c,"PVGCOLOR::PVGColorFunctions::setColorspaceDetails(PVGCOLOR::PVGColorPrimaries, PVGCOLOR::PVGColorTransfer, PVGCOLOR::PVGColorMatrix, PVGCOLOR::PVGColorRange, PVGCOLOR::PVGColorPrimaries, PVGCOLOR::PVGColorTransfer, PVGCOLOR::PVGColorMatrix, PVGCOLOR::PVGColorRange)+0xa0",BRANCH
0x00020e34,"PVGCOLOR::PVGColorFunctions::setColorspaceDetails(PVGCOLOR::PVGColorPrimaries, PVGCOLOR::PVGColorTransfer, PVGCOLOR::PVGColorMatrix, PVGCOLOR::PVGColorRange, PVGCOLOR::PVGColorPrimaries, PVGCOLOR::PVGColorTransfer, PVGCOLOR::PVGColorMatrix, PVGCOLOR::PVGColorRange)",0x00020e5c,"PVGCOLOR::PVGColorFunctions::setColorspaceDetails(PVGCOLOR::PVGColorPrimaries, PVGCOLOR::PVGColorTransfer, PVGCOLOR::PVGColorMatrix, PVGCOLOR::PVGColorRange, PVGCOLOR::PVGColorPrimaries, PVGCOLOR::PVGColorTransfer, PVGCOLOR::PVGColorMatrix, PVGCOLOR::PVGColorRange)+0xa0",BRANCH
0x00020e40,"PVGCOLOR::PVGColorFunctions::setColorspaceDetails(PVGCOLOR::PVGColorPrimaries, PVGCOLOR::PVGColorTransfer, PVGCOLOR::PVGColorMatrix, PVGCOLOR::PVGColorRange, PVGCOLOR::PVGColorPrimaries, PVGCOLOR::PVGColorTransfer, PVGCOLOR::PVGColorMatrix, PVGCOLOR::PVGColorRange)",0x00020e5c,"PVGCOLOR::PVGColorFunctions::setColorspaceDetails(PVGCOLOR::PVGColorPrimaries, PVGCOLOR::PVGColorTransfer, PVGCOLOR::PVGColorMatrix, PVGCOLOR::PVGColorRange, PVGCOLOR::PVGColorPrimaries, PVGCOLOR::PVGColorTransfer, PVGCOLOR::PVGColorMatrix, PVGCOLOR::PVGColorRange)+0xa0",BRANCH
0x00020e4c,"PVGCOLOR::PVGColorFunctions::setColorspaceDetails(PVGCOLOR::PVGColorPrimaries, PVGCOLOR::PVGColorTransfer, PVGCOLOR::PVGColorMatrix, PVGCOLOR::PVGColorRange, PVGCOLOR::PVGColorPrimaries, PVGCOLOR::PVGColorTransfer, PVGCOLOR::PVGColorMatrix, PVGCOLOR::PVGColorRange)",0x00020e5c,"PVGCOLOR::PVGColorFunctions::setColorspaceDetails(PVGCOLOR::PVGColorPrimaries, PVGCOLOR::PVGColorTransfer, PVGCOLOR::PVGColorMatrix, PVGCOLOR::PVGColorRange, PVGCOLOR::PVGColorPrimaries, PVGCOLOR::PVGColorTransfer, PVGCOLOR::PVGColorMatrix, PVGCOLOR::PVGColorRange)+0xa0",BRANCH
0x00020e58,"PVGCOLOR::PVGColorFunctions::setColorspaceDetails(PVGCOLOR::PVGColorPrimaries, PVGCOLOR::PVGColorTransfer, PVGCOLOR::PVGColorMatrix, PVGCOLOR::PVGColorRange, PVGCOLOR::PVGColorPrimaries, PVGCOLOR::PVGColorTransfer, PVGCOLOR::PVGColorMatrix, PVGCOLOR::PVGColorRange)",0x00020e64,"PVGCOLOR::PVGColorFunctions::setColorspaceDetails(PVGCOLOR::PVGColorPrimaries, PVGCOLOR::PVGColorTransfer, PVGCOLOR::PVGColorMatrix, PVGCOLOR::PVGColorRange, PVGCOLOR::PVGColorPrimaries, PVGCOLOR::PVGColorTransfer, PVGCOLOR::PVGColorMatrix, PVGCOLOR::PVGColorRange)+0xa8",BRANCH
0x00020ea8,PVGCOLOR::PVGColorFunctions::setHWContext(PVGCOLOR::PVGHWContext const&),0x00020efc,PVGCOLOR::PVGColorFunctions::setHWContext(PVGCOLOR::PVGHWContext const&)+0x7c,BRANCH
0x00020eb8,PVGCOLOR::PVGColorFunctions::setHWContext(PVGCOLOR::PVGHWContext const&),0x00020efc,PVGCOLOR::PVGColorFunctions::setHWContext(PVGCOLOR::PVGHWContext const&)+0x7c,BRANCH
0x00020ec8,PVGCOLOR::PVGColorFunctions::setHWContext(PVGCOLOR::PVGHWContext const&),0x00020efc,PVGCOLOR::PVGColorFunctions::setHWContext(PVGCOLOR::PVGHWContext const&)+0x7c,BRANCH
0x00020ed8,PVGCOLOR::PVGColorFunctions::setHWContext(PVGCOLOR::PVGHWContext const&),0x00020efc,PVGCOLOR::PVGColorFunctions::setHWContext(PVGCOLOR::PVGHWContext const&)+0x7c,BRANCH
0x00020ee8,PVGCOLOR::PVGColorFunctions::setHWContext(PVGCOLOR::PVGHWContext const&),0x00020efc,PVGCOLOR::PVGColorFunctions::setHWContext(PVGCOLOR::PVGHWContext const&)+0x7c,BRANCH
0x00020ef8,PVGCOLOR::PVGColorFunctions::setHWContext(PVGCOLOR::PVGHWContext const&),0x00020f14,PVGCOLOR::PVGColorFunctions::setHWContext(PVGCOLOR::PVGHWContext const&)+0x94,BRANCH
0x00020f28,PVGCOLOR::PVGColorFunctions::setHWContext(PVGCOLOR::PVGHWContext const&),0x00058c80,_Znwm@plt,DIRECT_CALL
0x00020fc8,"PVGCOLOR::PVGColorFunctions::setICCProfile(unsigned char const*, int, unsigned char const*, int)",0x00058c30,_ZdaPv@plt,DIRECT_CALL
0x00020fdc,"PVGCOLOR::PVGColorFunctions::setICCProfile(unsigned char const*, int, unsigned char const*, int)",0x00058c30,_ZdaPv@plt,DIRECT_CALL
0x00020ff0,"PVGCOLOR::PVGColorFunctions::setICCProfile(unsigned char const*, int, unsigned char const*, int)",0x00021014,"PVGCOLOR::PVGColorFunctions::setICCProfile(unsigned char const*, int, unsigned char const*, int)+0x7c",BRANCH
0x00020ffc,"PVGCOLOR::PVGColorFunctions::setICCProfile(unsigned char const*, int, unsigned char const*, int)",0x00058c90,_Znam@plt,DIRECT_CALL
0x0002100c,"PVGCOLOR::PVGColorFunctions::setICCProfile(unsigned char const*, int, unsigned char const*, int)",0x00058ca0,memcpy@plt,DIRECT_CALL
0x0002101c,"PVGCOLOR::PVGColorFunctions::setICCProfile(unsigned char const*, int, unsigned char const*, int)",0x00021040,"PVGCOLOR::PVGColorFunctions::setICCProfile(unsigned char const*, int, unsigned char const*, int)+0xa8",BRANCH
0x00021028,"PVGCOLOR::PVGColorFunctions::setICCProfile(unsigned char const*, int, unsigned char const*, int)",0x00058c90,_Znam@plt,DIRECT_CALL
0x00021038,"PVGCOLOR::PVGColorFunctions::setICCProfile(unsigned char const*, int, unsigned char const*, int)",0x00058ca0,memcpy@plt,DIRECT_CALL
0x0002109c,"PVGCOLOR::PVGColorFunctions::transcode(unsigned char const* const*, int const*, unsigned char* const*, int const*)",0x000214b0,"PVGCOLOR::PVGColorFunctions::transcode(unsigned char const* const*, int const*, unsigned char* const*, int const*)+0x458",BRANCH
0x000210a8,"PVGCOLOR::PVGColorFunctions::transcode(unsigned char const* const*, int const*, unsigned char* const*, int const*)",0x000214b0,"PVGCOLOR::PVGColorFunctions::transcode(unsigned char const* const*, int const*, unsigned char* const*, int const*)+0x458",BRANCH
0x000210b4,"PVGCOLOR::PVGColorFunctions::transcode(unsigned char const* const*, int const*, unsigned char* const*, int const*)",0x000214b0,"PVGCOLOR::PVGColorFunctions::transcode(unsigned char const* const*, int const*, unsigned char* const*, int const*)+0x458",BRANCH
0x000210c0,"PVGCOLOR::PVGColorFunctions::transcode(unsigned char const* const*, int const*, unsigned char* const*, int const*)",0x000214b0,"PVGCOLOR::PVGColorFunctions::transcode(unsigned char const* const*, int const*, unsigned char* const*, int const*)+0x458",BRANCH
0x000210f4,"PVGCOLOR::PVGColorFunctions::transcode(unsigned char const* const*, int const*, unsigned char* const*, int const*)",N/A,x9,INDIRECT_CALL
0x0002111c,"PVGCOLOR::PVGColorFunctions::transcode(unsigned char const* const*, int const*, unsigned char* const*, int const*)",0x0002118c,"PVGCOLOR::PVGColorFunctions::transcode(unsigned char const* const*, int const*, unsigned char* const*, int const*)+0x134",BRANCH
0x0002115c,"PVGCOLOR::PVGColorFunctions::transcode(unsigned char const* const*, int const*, unsigned char* const*, int const*)",0x00021534,"PVGCOLOR::PVGColorFunctions::transcode(unsigned char const* const*, int const*, unsigned char* const*, int const*)+0x4dc",BRANCH
0x00021184,"PVGCOLOR::PVGColorFunctions::transcode(unsigned char const* const*, int const*, unsigned char* const*, int const*)",0x0003bc10,"PVGCOLOR::PVGCropFunctions::transcode(unsigned char const* const*, int const*, unsigned char* const*, int const*)+0x9c1c",DIRECT_CALL
0x00021188,"PVGCOLOR::PVGColorFunctions::transcode(unsigned char const* const*, int const*, unsigned char* const*, int const*)",0x000214c4,"PVGCOLOR::PVGColorFunctions::transcode(unsigned char const* const*, int const*, unsigned char* const*, int const*)+0x46c",BRANCH
0x000211a0,"PVGCOLOR::PVGColorFunctions::transcode(unsigned char const* const*, int const*, unsigned char* const*, int const*)",0x00058c80,_Znwm@plt,DIRECT_CALL
0x0002120c,"PVGCOLOR::PVGColorFunctions::transcode(unsigned char const* const*, int const*, unsigned char* const*, int const*)",0x00021338,"PVGCOLOR::PVGColorFunctions::transcode(unsigned char const* const*, int const*, unsigned char* const*, int const*)+0x2e0",BRANCH
0x0002122c,"PVGCOLOR::PVGColorFunctions::transcode(unsigned char const* const*, int const*, unsigned char* const*, int const*)",0x00022534,PVGCOLOR::getVersion()+0x8ec,DIRECT_CALL
0x0002123c,"PVGCOLOR::PVGColorFunctions::transcode(unsigned char const* const*, int const*, unsigned char* const*, int const*)",0x00022524,PVGCOLOR::getVersion()+0x8dc,DIRECT_CALL
0x00021260,"PVGCOLOR::PVGColorFunctions::transcode(unsigned char const* const*, int const*, unsigned char* const*, int const*)",0x00021534,"PVGCOLOR::PVGColorFunctions::transcode(unsigned char const* const*, int const*, unsigned char* const*, int const*)+0x4dc",BRANCH
0x0002127c,"PVGCOLOR::PVGColorFunctions::transcode(unsigned char const* const*, int const*, unsigned char* const*, int const*)",0x00022974,PVGCOLOR::getVersion()+0xd2c,BRANCH
0x0002128c,"PVGCOLOR::PVGColorFunctions::transcode(unsigned char const* const*, int const*, unsigned char* const*, int const*)",0x000212ac,"PVGCOLOR::PVGColorFunctions::transcode(unsigned char const* const*, int const*, unsigned char* const*, int const*)+0x254",BRANCH
0x00021294,"PVGCOLOR::PVGColorFunctions::transcode(unsigned char const* const*, int const*, unsigned char* const*, int const*)",0x000212ac,"PVGCOLOR::PVGColorFunctions::transcode(unsigned char const* const*, int const*, unsigned char* const*, int const*)+0x254",BRANCH
0x000212bc,"PVGCOLOR::PVGColorFunctions::transcode(unsigned char const* const*, int const*, unsigned char* const*, int const*)",0x000212d0,"PVGCOLOR::PVGColorFunctions::transcode(unsigned char const* const*, int const*, unsigned char* const*, int const*)+0x278",BRANCH
0x000212c4,"PVGCOLOR::PVGColorFunctions::transcode(unsigned char const* const*, int const*, unsigned char* const*, int const*)",0x000212e8,"PVGCOLOR::PVGColorFunctions::transcode(unsigned char const* const*, int const*, unsigned char* const*, int const*)+0x290",BRANCH
0x000212cc,"PVGCOLOR::PVGColorFunctions::transcode(unsigned char const* const*, int const*, unsigned char* const*, int const*)",0x000212ec,"PVGCOLOR::PVGColorFunctions::transcode(unsigned char const* const*, int const*, unsigned char* const*, int const*)+0x294",BRANCH
0x000212e4,"PVGCOLOR::PVGColorFunctions::transcode(unsigned char const* const*, int const*, unsigned char* const*, int const*)",0x000212ec,"PVGCOLOR::PVGColorFunctions::transcode(unsigned char const* const*, int const*, unsigned char* const*, int const*)+0x294",BRANCH
0x000212fc,"PVGCOLOR::PVGColorFunctions::transcode(unsigned char const* const*, int const*, unsigned char* const*, int const*)",0x0002130c,"PVGCOLOR::PVGColorFunctions::transcode(unsigned char const* const*, int const*, unsigned char* const*, int const*)+0x2b4",BRANCH
0x00021304,"PVGCOLOR::PVGColorFunctions::transcode(unsigned char const* const*, int const*, unsigned char* const*, int const*)",0x00021324,"PVGCOLOR::PVGColorFunctions::transcode(unsigned char const* const*, int const*, unsigned char* const*, int const*)+0x2cc",BRANCH
0x00021320,"PVGCOLOR::PVGColorFunctions::transcode(unsigned char const* const*, int const*, unsigned char* const*, int const*)",0x00021328,"PVGCOLOR::PVGColorFunctions::transcode(unsigned char const* const*, int const*, unsigned char* const*, int const*)+0x2d0",BRANCH
0x00021340,"PVGCOLOR::PVGColorFunctions::transcode(unsigned char const* const*, int const*, unsigned char* const*, int const*)",0x00021538,"PVGCOLOR::PVGColorFunctions::transcode(unsigned char const* const*, int const*, unsigned char* const*, int const*)+0x4e0",DIRECT_CALL
0x00021390,"PVGCOLOR::PVGColorFunctions::transcode(unsigned char const* const*, int const*, unsigned char* const*, int const*)",0x00021454,"PVGCOLOR::PVGColorFunctions::transcode(unsigned char const* const*, int const*, unsigned char* const*, int const*)+0x3fc",BRANCH
0x000213a8,"PVGCOLOR::PVGColorFunctions::transcode(unsigned char const* const*, int const*, unsigned char* const*, int const*)",0x000213c8,"PVGCOLOR::PVGColorFunctions::transcode(unsigned char const* const*, int const*, unsigned char* const*, int const*)+0x370",BRANCH
0x000213b0,"PVGCOLOR::PVGColorFunctions::transcode(unsigned char const* const*, int const*, unsigned char* const*, int const*)",0x000213c8,"PVGCOLOR::PVGColorFunctions::transcode(unsigned char const* const*, int const*, unsigned char* const*, int const*)+0x370",BRANCH
0x000213d8,"PVGCOLOR::PVGColorFunctions::transcode(unsigned char const* const*, int const*, unsigned char* const*, int const*)",0x000213ec,"PVGCOLOR::PVGColorFunctions::transcode(unsigned char const* const*, int const*, unsigned char* const*, int const*)+0x394",BRANCH
0x000213e0,"PVGCOLOR::PVGColorFunctions::transcode(unsigned char const* const*, int const*, unsigned char* const*, int const*)",0x00021404,"PVGCOLOR::PVGColorFunctions::transcode(unsigned char const* const*, int const*, unsigned char* const*, int const*)+0x3ac",BRANCH
0x000213e8,"PVGCOLOR::PVGColorFunctions::transcode(unsigned char const* const*, int const*, unsigned char* const*, int const*)",0x00021408,"PVGCOLOR::PVGColorFunctions::transcode(unsigned char const* const*, int const*, unsigned char* const*, int const*)+0x3b0",BRANCH
0x00021400,"PVGCOLOR::PVGColorFunctions::transcode(unsigned char const* const*, int const*, unsigned char* const*, int const*)",0x00021408,"PVGCOLOR::PVGColorFunctions::transcode(unsigned char const* const*, int const*, unsigned char* const*, int const*)+0x3b0",BRANCH
0x00021418,"PVGCOLOR::PVGColorFunctions::transcode(unsigned char const* const*, int const*, unsigned char* const*, int const*)",0x00021428,"PVGCOLOR::PVGColorFunctions::transcode(unsigned char const* const*, int const*, unsigned char* const*, int const*)+0x3d0",BRANCH
0x00021420,"PVGCOLOR::PVGColorFunctions::transcode(unsigned char const* const*, int const*, unsigned char* const*, int const*)",0x00021440,"PVGCOLOR::PVGColorFunctions::transcode(unsigned char const* const*, int const*, unsigned char* const*, int const*)+0x3e8",BRANCH
0x0002143c,"PVGCOLOR::PVGColorFunctions::transcode(unsigned char const* const*, int const*, unsigned char* const*, int const*)",0x00021444,"PVGCOLOR::PVGColorFunctions::transcode(unsigned char const* const*, int const*, unsigned char* const*, int const*)+0x3ec",BRANCH
0x0002145c,"PVGCOLOR::PVGColorFunctions::transcode(unsigned char const* const*, int const*, unsigned char* const*, int const*)",0x00021538,"PVGCOLOR::PVGColorFunctions::transcode(unsigned char const* const*, int const*, unsigned char* const*, int const*)+0x4e0",DIRECT_CALL
0x00021470,"PVGCOLOR::PVGColorFunctions::transcode(unsigned char const* const*, int const*, unsigned char* const*, int const*)",N/A,x8,INDIRECT_CALL
0x00021488,"PVGCOLOR::PVGColorFunctions::transcode(unsigned char const* const*, int const*, unsigned char* const*, int const*)",N/A,x8,INDIRECT_CALL
0x0002149c,"PVGCOLOR::PVGColorFunctions::transcode(unsigned char const* const*, int const*, unsigned char* const*, int const*)",0x00058c20,_ZdlPv@plt,DIRECT_CALL
0x000214ac,"PVGCOLOR::PVGColorFunctions::transcode(unsigned char const* const*, int const*, unsigned char* const*, int const*)",0x00058c20,_ZdlPv@plt,DIRECT_CALL
0x000214bc,"PVGCOLOR::PVGColorFunctions::transcode(unsigned char const* const*, int const*, unsigned char* const*, int const*)",0x00021534,"PVGCOLOR::PVGColorFunctions::transcode(unsigned char const* const*, int const*, unsigned char* const*, int const*)+0x4dc",BRANCH
0x00021500,"PVGCOLOR::PVGColorFunctions::transcode(unsigned char const* const*, int const*, unsigned char* const*, int const*)",0x00021534,"PVGCOLOR::PVGColorFunctions::transcode(unsigned char const* const*, int const*, unsigned char* const*, int const*)+0x4dc",BRANCH
0x00021508,"PVGCOLOR::PVGColorFunctions::transcode(unsigned char const* const*, int const*, unsigned char* const*, int const*)",0x00054f14,"PVGCOLOR::PVGOpenGL::createComputeShader(char const*, int*)+0x249c",DIRECT_CALL
0x00021510,"PVGCOLOR::PVGColorFunctions::transcode(unsigned char const* const*, int const*, unsigned char* const*, int const*)",0x00058c20,_ZdlPv@plt,DIRECT_CALL
0x00021520,"PVGCOLOR::PVGColorFunctions::transcode(unsigned char const* const*, int const*, unsigned char* const*, int const*)",0x00058c20,_ZdlPv@plt,DIRECT_CALL
0x00021530,"PVGCOLOR::PVGColorFunctions::transcode(unsigned char const* const*, int const*, unsigned char* const*, int const*)",0x00021504,"PVGCOLOR::PVGColorFunctions::transcode(unsigned char const* const*, int const*, unsigned char* const*, int const*)+0x4ac",BRANCH
0x00021534,"PVGCOLOR::PVGColorFunctions::transcode(unsigned char const* const*, int const*, unsigned char* const*, int const*)",0x00058cb0,__stack_chk_fail@plt,DIRECT_CALL
0x00021558,"PVGCOLOR::PVGColorFunctions::transcode(unsigned char const* const*, int const*, unsigned char* const*, int const*)",0x00021568,"PVGCOLOR::PVGColorFunctions::transcode(unsigned char const* const*, int const*, unsigned char* const*, int const*)+0x510",BRANCH
0x00021564,"PVGCOLOR::PVGColorFunctions::transcode(unsigned char const* const*, int const*, unsigned char* const*, int const*)",0x0002158c,"PVGCOLOR::PVGColorFunctions::transcode(unsigned char const* const*, int const*, unsigned char* const*, int const*)+0x534",BRANCH
0x00021598,"PVGCOLOR::PVGColorFunctions::transcode(unsigned char const* const*, int const*, unsigned char* const*, int const*)",0x00021568,"PVGCOLOR::PVGColorFunctions::transcode(unsigned char const* const*, int const*, unsigned char* const*, int const*)+0x510",BRANCH
0x000215a4,"PVGCOLOR::PVGColorFunctions::transcode(unsigned char const* const*, int const*, unsigned char* const*, int const*)",0x00021638,"PVGCOLOR::PVGColorFunctions::transcode(unsigned char const* const*, int const*, unsigned char* const*, int const*)+0x5e0",BRANCH
0x000215f0,"PVGCOLOR::PVGColorFunctions::transcode(unsigned char const* const*, int const*, unsigned char* const*, int const*)",0x00021584,"PVGCOLOR::PVGColorFunctions::transcode(unsigned char const* const*, int const*, unsigned char* const*, int const*)+0x52c",BRANCH
0x00021640,"PVGCOLOR::PVGColorFunctions::transcode(unsigned char const* const*, int const*, unsigned char* const*, int const*)",0x0002166c,"PVGCOLOR::PVGColorFunctions::transcode(unsigned char const* const*, int const*, unsigned char* const*, int const*)+0x614",BRANCH
0x00021668,"PVGCOLOR::PVGColorFunctions::transcode(unsigned char const* const*, int const*, unsigned char* const*, int const*)",0x00021580,"PVGCOLOR::PVGColorFunctions::transcode(unsigned char const* const*, int const*, unsigned char* const*, int const*)+0x528",BRANCH
0x00021674,"PVGCOLOR::PVGColorFunctions::transcode(unsigned char const* const*, int const*, unsigned char* const*, int const*)",0x0002168c,"PVGCOLOR::PVGColorFunctions::transcode(unsigned char const* const*, int const*, unsigned char* const*, int const*)+0x634",BRANCH
0x00021694,"PVGCOLOR::PVGColorFunctions::transcode(unsigned char const* const*, int const*, unsigned char* const*, int const*)",0x000216ac,"PVGCOLOR::PVGColorFunctions::transcode(unsigned char const* const*, int const*, unsigned char* const*, int const*)+0x654",BRANCH
0x000216a8,"PVGCOLOR::PVGColorFunctions::transcode(unsigned char const* const*, int const*, unsigned char* const*, int const*)",0x00021568,"PVGCOLOR::PVGColorFunctions::transcode(unsigned char const* const*, int const*, unsigned char* const*, int const*)+0x510",BRANCH
0x000216b4,"PVGCOLOR::PVGColorFunctions::transcode(unsigned char const* const*, int const*, unsigned char* const*, int const*)",0x00021588,"PVGCOLOR::PVGColorFunctions::transcode(unsigned char const* const*, int const*, unsigned char* const*, int const*)+0x530",BRANCH
0x000216b8,"PVGCOLOR::PVGColorFunctions::transcode(unsigned char const* const*, int const*, unsigned char* const*, int const*)",0x00021644,"PVGCOLOR::PVGColorFunctions::transcode(unsigned char const* const*, int const*, unsigned char* const*, int const*)+0x5ec",BRANCH
0x000216f4,"PVGCOLOR::PVGColorFunctions::setMetaData(char const*, char const*)",0x00058cc0,strlen@plt,DIRECT_CALL
0x000216fc,"PVGCOLOR::PVGColorFunctions::setMetaData(char const*, char const*)",0x000217c0,"PVGCOLOR::PVGColorFunctions::setMetaData(char const*, char const*)+0x104",BRANCH
0x00021708,"PVGCOLOR::PVGColorFunctions::setMetaData(char const*, char const*)",0x00021724,"PVGCOLOR::PVGColorFunctions::setMetaData(char const*, char const*)+0x68",BRANCH
0x00021720,"PVGCOLOR::PVGColorFunctions::setMetaData(char const*, char const*)",0x00021750,"PVGCOLOR::PVGColorFunctions::setMetaData(char const*, char const*)+0x94",BRANCH
0x0002172c,"PVGCOLOR::PVGColorFunctions::setMetaData(char const*, char const*)",0x00058c80,_Znwm@plt,DIRECT_CALL
0x0002174c,"PVGCOLOR::PVGColorFunctions::setMetaData(char const*, char const*)",0x00058ca0,memcpy@plt,DIRECT_CALL
0x00021774,"PVGCOLOR::PVGColorFunctions::setMetaData(char const*, char const*)",0x0002191c,PVGCOLOR::PVGColorFunctions::setKeepSourceColor(bool)+0x114,DIRECT_CALL
0x00021780,"PVGCOLOR::PVGColorFunctions::setMetaData(char const*, char const*)",0x00058cd0,_ZNSt6__ndk112basic_stringIcNS_11char_traitsIcEENS_9allocatorIcEEE6assignEPKc@plt,DIRECT_CALL
0x00021790,"PVGCOLOR::PVGColorFunctions::setMetaData(char const*, char const*)",0x00058c20,_ZdlPv@plt,DIRECT_CALL
0x000217a0,"PVGCOLOR::PVGColorFunctions::setMetaData(char const*, char const*)",0x00021804,"PVGCOLOR::PVGColorFunctions::setMetaData(char const*, char const*)+0x148",BRANCH
0x000217cc,"PVGCOLOR::PVGColorFunctions::setMetaData(char const*, char const*)",0x00021804,"PVGCOLOR::PVGColorFunctions::setMetaData(char const*, char const*)+0x148",BRANCH
0x000217d4,"PVGCOLOR::PVGColorFunctions::setMetaData(char const*, char const*)",0x00021888,PVGCOLOR::PVGColorFunctions::setKeepSourceColor(bool)+0x80,DIRECT_CALL
0x000217e8,"PVGCOLOR::PVGColorFunctions::setMetaData(char const*, char const*)",0x00058c20,_ZdlPv@plt,DIRECT_CALL
0x000217f8,"PVGCOLOR::PVGColorFunctions::setMetaData(char const*, char const*)",0x00021804,"PVGCOLOR::PVGColorFunctions::setMetaData(char const*, char const*)+0x148",BRANCH
0x00021800,"PVGCOLOR::PVGColorFunctions::setMetaData(char const*, char const*)",0x00054f14,"PVGCOLOR::PVGOpenGL::createComputeShader(char const*, int*)+0x249c",DIRECT_CALL
0x00021804,"PVGCOLOR::PVGColorFunctions::setMetaData(char const*, char const*)",0x00058cb0,__stack_chk_fail@plt,DIRECT_CALL
0x0002182c,PVGCOLOR::PVGColorFunctions::setKeepSourceColor(bool),0x00021810,PVGCOLOR::PVGColorFunctions::setKeepSourceColor(bool)+0x8,DIRECT_CALL
0x00021838,PVGCOLOR::PVGColorFunctions::setKeepSourceColor(bool),0x00021810,PVGCOLOR::PVGColorFunctions::setKeepSourceColor(bool)+0x8,DIRECT_CALL
0x00021858,PVGCOLOR::PVGColorFunctions::setKeepSourceColor(bool),0x00058c20,_ZdlPv@plt,BRANCH
0x00021864,PVGCOLOR::PVGColorFunctions::setKeepSourceColor(bool),0x00058c20,_ZdlPv@plt,DIRECT_CALL
0x00021874,PVGCOLOR::PVGColorFunctions::setKeepSourceColor(bool),0x00058c20,_ZdlPv@plt,DIRECT_CALL
0x00021884,PVGCOLOR::PVGColorFunctions::setKeepSourceColor(bool),0x00058c20,_ZdlPv@plt,BRANCH
0x00021898,PVGCOLOR::PVGColorFunctions::setKeepSourceColor(bool),0x0002189c,PVGCOLOR::PVGColorFunctions::setKeepSourceColor(bool)+0x94,DIRECT_CALL
0x000218b0,PVGCOLOR::PVGColorFunctions::setKeepSourceColor(bool),0x00058ce0,__cxa_allocate_exception@plt,DIRECT_CALL
0x000218bc,PVGCOLOR::PVGColorFunctions::setKeepSourceColor(bool),0x000218ec,PVGCOLOR::PVGColorFunctions::setKeepSourceColor(bool)+0xe4,DIRECT_CALL
0x000218c0,PVGCOLOR::PVGColorFunctions::setKeepSourceColor(bool),N/A,"x1, 0x5f000 <typeinfo for std::__ndk1::__function::__base<void (int)>+0x78>",ADRP_PAGE_REF
0x000218c4,PVGCOLOR::PVGColorFunctions::setKeepSourceColor(bool),N/A,"x2, 0x5f000 <typeinfo for std::__ndk1::__function::__base<void (int)>+0x78>",ADRP_PAGE_REF
0x000218d4,PVGCOLOR::PVGColorFunctions::setKeepSourceColor(bool),0x00058cf0,__cxa_throw@plt,DIRECT_CALL
0x000218e0,PVGCOLOR::PVGColorFunctions::setKeepSourceColor(bool),0x00058d00,__cxa_free_exception@plt,DIRECT_CALL
0x000218e8,PVGCOLOR::PVGColorFunctions::setKeepSourceColor(bool),0x00054f14,"PVGCOLOR::PVGOpenGL::createComputeShader(char const*, int*)+0x249c",DIRECT_CALL
0x000218fc,PVGCOLOR::PVGColorFunctions::setKeepSourceColor(bool),0x00058d10,_ZNSt11logic_errorC2EPKc@plt,DIRECT_CALL
0x00021900,PVGCOLOR::PVGColorFunctions::setKeepSourceColor(bool),N/A,"x8, 0x5f000 <typeinfo for std::__ndk1::__function::__base<void (int)>+0x78>",ADRP_PAGE_REF
0x00021960,PVGCOLOR::PVGColorFunctions::setKeepSourceColor(bool),0x00021970,PVGCOLOR::PVGColorFunctions::setKeepSourceColor(bool)+0x168,BRANCH
0x000219a4,PVGCOLOR::PVGColorFunctions::setKeepSourceColor(bool),0x00058d20,memcmp@plt,DIRECT_CALL
0x000219c0,PVGCOLOR::PVGColorFunctions::setKeepSourceColor(bool),0x00021964,PVGCOLOR::PVGColorFunctions::setKeepSourceColor(bool)+0x15c,BRANCH
0x000219d0,PVGCOLOR::PVGColorFunctions::setKeepSourceColor(bool),0x00058d20,memcmp@plt,DIRECT_CALL
0x000219ec,PVGCOLOR::PVGColorFunctions::setKeepSourceColor(bool),0x00021a78,PVGCOLOR::PVGColorFunctions::setKeepSourceColor(bool)+0x270,BRANCH
0x000219fc,PVGCOLOR::PVGColorFunctions::setKeepSourceColor(bool),0x00021a04,PVGCOLOR::PVGColorFunctions::setKeepSourceColor(bool)+0x1fc,BRANCH
0x00021a0c,PVGCOLOR::PVGColorFunctions::setKeepSourceColor(bool),0x00058c80,_Znwm@plt,DIRECT_CALL
0x00021a60,PVGCOLOR::PVGColorFunctions::setKeepSourceColor(bool),0x00021a98,PVGCOLOR::PVGColorFunctions::setKeepSourceColor(bool)+0x290,DIRECT_CALL
0x00021a74,PVGCOLOR::PVGColorFunctions::setKeepSourceColor(bool),0x00021a7c,PVGCOLOR::PVGColorFunctions::setKeepSourceColor(bool)+0x274,BRANCH
0x00021aa4,PVGCOLOR::PVGColorFunctions::setKeepSourceColor(bool),0x00021b94,PVGCOLOR::PVGColorFunctions::setKeepSourceColor(bool)+0x38c,BRANCH
0x00021aac,PVGCOLOR::PVGColorFunctions::setKeepSourceColor(bool),0x00021acc,PVGCOLOR::PVGColorFunctions::setKeepSourceColor(bool)+0x2c4,BRANCH
0x00021ac8,PVGCOLOR::PVGColorFunctions::setKeepSourceColor(bool),0x00021b94,PVGCOLOR::PVGColorFunctions::setKeepSourceColor(bool)+0x38c,BRANCH
0x00021ae4,PVGCOLOR::PVGColorFunctions::setKeepSourceColor(bool),0x00021af8,PVGCOLOR::PVGColorFunctions::setKeepSourceColor(bool)+0x2f0,BRANCH
0x00021af4,PVGCOLOR::PVGColorFunctions::setKeepSourceColor(bool),0x00021b98,PVGCOLOR::PVGColorFunctions::setKeepSourceColor(bool)+0x390,BRANCH
0x00021b10,PVGCOLOR::PVGColorFunctions::setKeepSourceColor(bool),0x00021c28,PVGCOLOR::PVGColorFunctions::setKeepSourceColor(bool)+0x420,BRANCH
0x00021ba0,PVGCOLOR::PVGColorFunctions::setKeepSourceColor(bool),0x00021bac,PVGCOLOR::PVGColorFunctions::setKeepSourceColor(bool)+0x3a4,BRANCH
0x00021ba8,PVGCOLOR::PVGColorFunctions::setKeepSourceColor(bool),0x00021be4,PVGCOLOR::PVGColorFunctions::setKeepSourceColor(bool)+0x3dc,BRANCH
0x00021c44,PVGCOLOR::PVGColorFunctions::setKeepSourceColor(bool),0x00021b74,PVGCOLOR::PVGColorFunctions::setKeepSourceColor(bool)+0x36c,BRANCH
0x00021c68,PVGCOLOR::getVersion(),N/A,"x24, 0x5f000 <typeinfo for std::__ndk1::__function::__base<void (int)>+0x78>",ADRP_PAGE_REF
0x00021c6c,PVGCOLOR::getVersion(),N/A,"x23, 0x5f000 <typeinfo for std::__ndk1::__function::__base<void (int)>+0x78>",ADRP_PAGE_REF
0x00021cb4,PVGCOLOR::getVersion(),0x00058d30,_ZNSt6__ndk18ios_base4initEPv@plt,DIRECT_CALL
0x00021cd4,PVGCOLOR::getVersion(),0x00058d40,_ZNSt6__ndk115basic_streambufIcNS_11char_traitsIcEEEC2Ev@plt,DIRECT_CALL
0x00021cd8,PVGCOLOR::getVersion(),N/A,"x20, 0x5f000 <typeinfo for std::__ndk1::__function::__base<void (int)>+0x78>",ADRP_PAGE_REF
0x00021d04,PVGCOLOR::getVersion(),0x00058d50,_ZNSt6__ndk113basic_ostreamIcNS_11char_traitsIcEEElsEi@plt,DIRECT_CALL
0x00021d14,PVGCOLOR::getVersion(),0x00021ec8,PVGCOLOR::getVersion()+0x280,DIRECT_CALL
0x00021d1c,PVGCOLOR::getVersion(),0x00058d50,_ZNSt6__ndk113basic_ostreamIcNS_11char_traitsIcEEElsEi@plt,DIRECT_CALL
0x00021d2c,PVGCOLOR::getVersion(),0x00021ec8,PVGCOLOR::getVersion()+0x280,DIRECT_CALL
0x00021d34,PVGCOLOR::getVersion(),0x00058d50,_ZNSt6__ndk113basic_ostreamIcNS_11char_traitsIcEEElsEi@plt,DIRECT_CALL
0x00021d44,PVGCOLOR::getVersion(),0x00021ec8,PVGCOLOR::getVersion()+0x280,DIRECT_CALL
0x00021d4c,PVGCOLOR::getVersion(),0x00058d50,_ZNSt6__ndk113basic_ostreamIcNS_11char_traitsIcEEElsEi@plt,DIRECT_CALL
0x00021d5c,PVGCOLOR::getVersion(),0x00021ec8,PVGCOLOR::getVersion()+0x280,DIRECT_CALL
0x00021d64,PVGCOLOR::getVersion(),0x00058d50,_ZNSt6__ndk113basic_ostreamIcNS_11char_traitsIcEEElsEi@plt,DIRECT_CALL
0x00021d70,PVGCOLOR::getVersion(),0x00058d60,_ZNKSt6__ndk115basic_stringbufIcNS_11char_traitsIcEENS_9allocatorIcEEE3strEv@plt,DIRECT_CALL
0x00021da0,PVGCOLOR::getVersion(),0x00058c20,_ZdlPv@plt,DIRECT_CALL
0x00021da8,PVGCOLOR::getVersion(),0x00058d70,_ZNSt6__ndk115basic_streambufIcNS_11char_traitsIcEEED2Ev@plt,DIRECT_CALL
0x00021db4,PVGCOLOR::getVersion(),0x00058d80,_ZNSt6__ndk113basic_ostreamIcNS_11char_traitsIcEEED2Ev@plt,DIRECT_CALL
0x00021dbc,PVGCOLOR::getVersion(),0x00058d90,_ZNSt6__ndk19basic_iosIcNS_11char_traitsIcEEED2Ev@plt,DIRECT_CALL
0x00021dcc,PVGCOLOR::getVersion(),0x00021e38,PVGCOLOR::getVersion()+0x1f0,BRANCH
0x00021dec,PVGCOLOR::getVersion(),0x00021e14,PVGCOLOR::getVersion()+0x1cc,BRANCH
0x00021dfc,PVGCOLOR::getVersion(),0x00058d80,_ZNSt6__ndk113basic_ostreamIcNS_11char_traitsIcEEED2Ev@plt,DIRECT_CALL
0x00021e00,PVGCOLOR::getVersion(),0x00021e08,PVGCOLOR::getVersion()+0x1c0,BRANCH
0x00021e0c,PVGCOLOR::getVersion(),0x00058d90,_ZNSt6__ndk19basic_iosIcNS_11char_traitsIcEEED2Ev@plt,DIRECT_CALL
0x00021e10,PVGCOLOR::getVersion(),0x00021e20,PVGCOLOR::getVersion()+0x1d8,BRANCH
0x00021e1c,PVGCOLOR::getVersion(),0x00021e3c,PVGCOLOR::getVersion()+0x1f4,DIRECT_CALL
0x00021e2c,PVGCOLOR::getVersion(),0x00021e38,PVGCOLOR::getVersion()+0x1f0,BRANCH
0x00021e34,PVGCOLOR::getVersion(),0x00054f14,"PVGCOLOR::PVGOpenGL::createComputeShader(char const*, int*)+0x249c",DIRECT_CALL
0x00021e38,PVGCOLOR::getVersion(),0x00058cb0,__stack_chk_fail@plt,DIRECT_CALL
0x00021e4c,PVGCOLOR::getVersion(),N/A,"x21, 0x5f000 <typeinfo for std::__ndk1::__function::__base<void (int)>+0x78>",ADRP_PAGE_REF
0x00021e50,PVGCOLOR::getVersion(),N/A,"x9, 0x5f000 <typeinfo for std::__ndk1::__function::__base<void (int)>+0x78>",ADRP_PAGE_REF
0x00021e8c,PVGCOLOR::getVersion(),0x00058c20,_ZdlPv@plt,DIRECT_CALL
0x00021e94,PVGCOLOR::getVersion(),0x00058d70,_ZNSt6__ndk115basic_streambufIcNS_11char_traitsIcEEED2Ev@plt,DIRECT_CALL
0x00021ea0,PVGCOLOR::getVersion(),0x00058d80,_ZNSt6__ndk113basic_ostreamIcNS_11char_traitsIcEEED2Ev@plt,DIRECT_CALL
0x00021eb4,PVGCOLOR::getVersion(),0x00058d90,_ZNSt6__ndk19basic_iosIcNS_11char_traitsIcEEED2Ev@plt,BRANCH
0x00021ec0,PVGCOLOR::getVersion(),0x00058da0,__cxa_begin_catch@plt,DIRECT_CALL
0x00021ec4,PVGCOLOR::getVersion(),0x00058db0,_ZSt9terminatev@plt,DIRECT_CALL
0x00021f04,PVGCOLOR::getVersion(),0x00058dc0,_ZNSt6__ndk113basic_ostreamIcNS_11char_traitsIcEEE6sentryC1ERS3_@plt,DIRECT_CALL
0x00021f2c,PVGCOLOR::getVersion(),0x00021f78,PVGCOLOR::getVersion()+0x330,BRANCH
0x00021f3c,PVGCOLOR::getVersion(),0x00058dd0,_ZNKSt6__ndk18ios_base6getlocEv@plt,DIRECT_CALL
0x00021f40,PVGCOLOR::getVersion(),N/A,"x1, 0x5f000 <typeinfo for std::__ndk1::__function::__base<void (int)>+0x78>",ADRP_PAGE_REF
0x00021f4c,PVGCOLOR::getVersion(),0x00058de0,_ZNKSt6__ndk16locale9use_facetERNS0_2idE@plt,DIRECT_CALL
0x00021f5c,PVGCOLOR::getVersion(),N/A,x8,INDIRECT_CALL
0x00021f68,PVGCOLOR::getVersion(),0x00058df0,_ZNSt6__ndk16localeD1Ev@plt,DIRECT_CALL
0x00021f94,PVGCOLOR::getVersion(),0x0002206c,PVGCOLOR::getVersion()+0x424,DIRECT_CALL
0x00021fb4,PVGCOLOR::getVersion(),0x00058e00,_ZNSt6__ndk18ios_base5clearEj@plt,DIRECT_CALL
0x00021fbc,PVGCOLOR::getVersion(),0x00058e10,_ZNSt6__ndk113basic_ostreamIcNS_11char_traitsIcEEE6sentryD1Ev@plt,DIRECT_CALL
0x00021fcc,PVGCOLOR::getVersion(),0x00022044,PVGCOLOR::getVersion()+0x3fc,BRANCH
0x00021ff0,PVGCOLOR::getVersion(),0x00022004,PVGCOLOR::getVersion()+0x3bc,BRANCH
0x00021ffc,PVGCOLOR::getVersion(),0x00058df0,_ZNSt6__ndk16localeD1Ev@plt,DIRECT_CALL
0x00022000,PVGCOLOR::getVersion(),0x00022008,PVGCOLOR::getVersion()+0x3c0,BRANCH
0x0002200c,PVGCOLOR::getVersion(),0x00058e10,_ZNSt6__ndk113basic_ostreamIcNS_11char_traitsIcEEE6sentryD1Ev@plt,DIRECT_CALL
0x00022010,PVGCOLOR::getVersion(),0x00022018,PVGCOLOR::getVersion()+0x3d0,BRANCH
0x0002201c,PVGCOLOR::getVersion(),0x00058da0,__cxa_begin_catch@plt,DIRECT_CALL
0x0002202c,PVGCOLOR::getVersion(),0x00058e20,_ZNSt6__ndk18ios_base33__set_badbit_and_consider_rethrowEv@plt,DIRECT_CALL
0x00022030,PVGCOLOR::getVersion(),0x00058e30,__cxa_end_catch@plt,DIRECT_CALL
0x00022040,PVGCOLOR::getVersion(),0x00021fd0,PVGCOLOR::getVersion()+0x388,BRANCH
0x00022044,PVGCOLOR::getVersion(),0x00058cb0,__stack_chk_fail@plt,DIRECT_CALL
0x0002204c,PVGCOLOR::getVersion(),0x00058e30,__cxa_end_catch@plt,DIRECT_CALL
0x0002205c,PVGCOLOR::getVersion(),0x00022044,PVGCOLOR::getVersion()+0x3fc,BRANCH
0x00022064,PVGCOLOR::getVersion(),0x00054f14,"PVGCOLOR::PVGOpenGL::createComputeShader(char const*, int*)+0x249c",DIRECT_CALL
0x00022068,PVGCOLOR::getVersion(),0x00021eb8,PVGCOLOR::getVersion()+0x270,DIRECT_CALL
0x000220c8,PVGCOLOR::getVersion(),0x000220e8,PVGCOLOR::getVersion()+0x4a0,BRANCH
0x000220dc,PVGCOLOR::getVersion(),N/A,x8,INDIRECT_CALL
0x000220e4,PVGCOLOR::getVersion(),0x000221c8,PVGCOLOR::getVersion()+0x580,BRANCH
0x000220ec,PVGCOLOR::getVersion(),0x00022184,PVGCOLOR::getVersion()+0x53c,BRANCH
0x000220f4,PVGCOLOR::getVersion(),0x0002210c,PVGCOLOR::getVersion()+0x4c4,BRANCH
0x00022108,PVGCOLOR::getVersion(),0x00022128,PVGCOLOR::getVersion()+0x4e0,BRANCH
0x00022114,PVGCOLOR::getVersion(),0x00058c80,_Znwm@plt,DIRECT_CALL
0x00022134,PVGCOLOR::getVersion(),0x00058e40,memset@plt,DIRECT_CALL
0x00022164,PVGCOLOR::getVersion(),N/A,x8,INDIRECT_CALL
0x00022178,PVGCOLOR::getVersion(),0x00058c20,_ZdlPv@plt,DIRECT_CALL
0x00022180,PVGCOLOR::getVersion(),0x000221e0,PVGCOLOR::getVersion()+0x598,BRANCH
0x0002218c,PVGCOLOR::getVersion(),0x000221b0,PVGCOLOR::getVersion()+0x568,BRANCH
0x000221a4,PVGCOLOR::getVersion(),N/A,x8,INDIRECT_CALL
0x000221ac,PVGCOLOR::getVersion(),0x000221c8,PVGCOLOR::getVersion()+0x580,BRANCH
0x000221c0,PVGCOLOR::getVersion(),0x000221f4,PVGCOLOR::getVersion()+0x5ac,BRANCH
0x000221c4,PVGCOLOR::getVersion(),0x00022244,PVGCOLOR::getVersion()+0x5fc,BRANCH
0x000221d8,PVGCOLOR::getVersion(),0x000221f4,PVGCOLOR::getVersion()+0x5ac,BRANCH
0x000221dc,PVGCOLOR::getVersion(),0x00022244,PVGCOLOR::getVersion()+0x5fc,BRANCH
0x000221f0,PVGCOLOR::getVersion(),0x00022244,PVGCOLOR::getVersion()+0x5fc,BRANCH
0x00022228,PVGCOLOR::getVersion(),0x00058c20,_ZdlPv@plt,DIRECT_CALL
0x00022238,PVGCOLOR::getVersion(),0x00022244,PVGCOLOR::getVersion()+0x5fc,BRANCH
0x00022240,PVGCOLOR::getVersion(),0x00054f14,"PVGCOLOR::PVGOpenGL::createComputeShader(char const*, int*)+0x249c",DIRECT_CALL
0x00022244,PVGCOLOR::getVersion(),0x00058cb0,__stack_chk_fail@plt,DIRECT_CALL
0x0002224c,PVGCOLOR::getVersion(),0x00022290,PVGCOLOR::getVersion()+0x648,BRANCH
0x00022254,PVGCOLOR::getVersion(),0x000222cc,PVGCOLOR::getVersion()+0x684,BRANCH
0x0002225c,PVGCOLOR::getVersion(),0x00022330,PVGCOLOR::getVersion()+0x6e8,BRANCH
0x00022264,PVGCOLOR::getVersion(),0x00022400,PVGCOLOR::getVersion()+0x7b8,BRANCH
0x00022270,PVGCOLOR::getVersion(),0x00022400,PVGCOLOR::getVersion()+0x7b8,BRANCH
0x00022294,PVGCOLOR::getVersion(),0x00022304,PVGCOLOR::getVersion()+0x6bc,BRANCH
0x0002229c,PVGCOLOR::getVersion(),0x00022380,PVGCOLOR::getVersion()+0x738,BRANCH
0x000222a4,PVGCOLOR::getVersion(),0x00022400,PVGCOLOR::getVersion()+0x7b8,BRANCH
0x000222ac,PVGCOLOR::getVersion(),0x000223c8,PVGCOLOR::getVersion()+0x780,BRANCH
0x000222b4,PVGCOLOR::getVersion(),0x00022420,PVGCOLOR::getVersion()+0x7d8,BRANCH
0x000222bc,PVGCOLOR::getVersion(),0x00022400,PVGCOLOR::getVersion()+0x7b8,BRANCH
0x000222d0,PVGCOLOR::getVersion(),0x00022358,PVGCOLOR::getVersion()+0x710,BRANCH
0x000222d8,PVGCOLOR::getVersion(),0x00022400,PVGCOLOR::getVersion()+0x7b8,BRANCH
0x000222e4,PVGCOLOR::getVersion(),0x00022400,PVGCOLOR::getVersion()+0x7b8,BRANCH
0x00022308,PVGCOLOR::getVersion(),0x000223a4,PVGCOLOR::getVersion()+0x75c,BRANCH
0x00022310,PVGCOLOR::getVersion(),0x00022450,PVGCOLOR::getVersion()+0x808,BRANCH
0x00022318,PVGCOLOR::getVersion(),0x00022468,PVGCOLOR::getVersion()+0x820,BRANCH
0x00022320,PVGCOLOR::getVersion(),0x00022400,PVGCOLOR::getVersion()+0x7b8,BRANCH
0x00022338,PVGCOLOR::getVersion(),0x00022400,PVGCOLOR::getVersion()+0x7b8,BRANCH
0x00022360,PVGCOLOR::getVersion(),0x00022400,PVGCOLOR::getVersion()+0x7b8,BRANCH
0x00022384,PVGCOLOR::getVersion(),0x000223e4,PVGCOLOR::getVersion()+0x79c,BRANCH
0x0002238c,PVGCOLOR::getVersion(),0x00022438,PVGCOLOR::getVersion()+0x7f0,BRANCH
0x00022394,PVGCOLOR::getVersion(),0x00022400,PVGCOLOR::getVersion()+0x7b8,BRANCH
0x000223a8,PVGCOLOR::getVersion(),0x0002245c,PVGCOLOR::getVersion()+0x814,BRANCH
0x000223b0,PVGCOLOR::getVersion(),0x00022474,PVGCOLOR::getVersion()+0x82c,BRANCH
0x000223b8,PVGCOLOR::getVersion(),0x00022400,PVGCOLOR::getVersion()+0x7b8,BRANCH
0x000223cc,PVGCOLOR::getVersion(),0x0002242c,PVGCOLOR::getVersion()+0x7e4,BRANCH
0x000223d4,PVGCOLOR::getVersion(),0x00022400,PVGCOLOR::getVersion()+0x7b8,BRANCH
0x000223e8,PVGCOLOR::getVersion(),0x00022444,PVGCOLOR::getVersion()+0x7fc,BRANCH
0x000223f0,PVGCOLOR::getVersion(),0x00022400,PVGCOLOR::getVersion()+0x7b8,BRANCH
0x000224ac,PVGCOLOR::getVersion(),N/A,"x9, 0x5d000 <fwrite@plt+0x39f0>",ADRP_PAGE_REF
0x000224b8,PVGCOLOR::getVersion(),0x00021810,PVGCOLOR::PVGColorFunctions::setKeepSourceColor(bool)+0x8,BRANCH
0x000224cc,PVGCOLOR::getVersion(),N/A,"x8, 0x5d000 <fwrite@plt+0x39f0>",ADRP_PAGE_REF
0x000224dc,PVGCOLOR::getVersion(),0x00021810,PVGCOLOR::PVGColorFunctions::setKeepSourceColor(bool)+0x8,DIRECT_CALL
0x000224ec,PVGCOLOR::getVersion(),0x00058c20,_ZdlPv@plt,BRANCH
0x00022500,PVGCOLOR::getVersion(),0x00022510,PVGCOLOR::getVersion()+0x8c8,BRANCH
0x0002250c,PVGCOLOR::getVersion(),0x00022984,PVGCOLOR::getVersion()+0xd3c,BRANCH
0x00022544,PVGCOLOR::getVersion(),N/A,"x8, 0x64000",ADRP_PAGE_REF
0x00022550,PVGCOLOR::getVersion(),0x000225a4,PVGCOLOR::getVersion()+0x95c,BRANCH
0x0002255c,PVGCOLOR::getVersion(),0x000225fc,PVGCOLOR::getVersion()+0x9b4,BRANCH
0x00022568,PVGCOLOR::getVersion(),0x00022578,PVGCOLOR::getVersion()+0x930,BRANCH
0x00022574,PVGCOLOR::getVersion(),0x00022914,PVGCOLOR::getVersion()+0xccc,BRANCH
0x00022580,PVGCOLOR::getVersion(),0x00022590,PVGCOLOR::getVersion()+0x948,BRANCH
0x0002258c,PVGCOLOR::getVersion(),0x00022914,PVGCOLOR::getVersion()+0xccc,BRANCH
0x0002259c,PVGCOLOR::getVersion(),0x00022914,PVGCOLOR::getVersion()+0xccc,BRANCH
0x000225a0,PVGCOLOR::getVersion(),0x00022944,PVGCOLOR::getVersion()+0xcfc,BRANCH
0x000225a8,PVGCOLOR::getVersion(),0x000226a8,PVGCOLOR::getVersion()+0xa60,BRANCH
0x000225b0,PVGCOLOR::getVersion(),0x00022668,PVGCOLOR::getVersion()+0xa20,BRANCH
0x000225b8,PVGCOLOR::getVersion(),0x000225fc,PVGCOLOR::getVersion()+0x9b4,BRANCH
0x000225c4,PVGCOLOR::getVersion(),0x0002272c,PVGCOLOR::getVersion()+0xae4,BRANCH
0x000225d0,PVGCOLOR::getVersion(),0x000225e0,PVGCOLOR::getVersion()+0x998,BRANCH
0x000225dc,PVGCOLOR::getVersion(),0x00022914,PVGCOLOR::getVersion()+0xccc,BRANCH
0x000225e8,PVGCOLOR::getVersion(),0x0002285c,PVGCOLOR::getVersion()+0xc14,BRANCH
0x000225f4,PVGCOLOR::getVersion(),0x00022914,PVGCOLOR::getVersion()+0xccc,BRANCH
0x000225f8,PVGCOLOR::getVersion(),0x0002285c,PVGCOLOR::getVersion()+0xc14,BRANCH
0x00022610,PVGCOLOR::getVersion(),0x000227b4,PVGCOLOR::getVersion()+0xb6c,BRANCH
0x0002261c,PVGCOLOR::getVersion(),0x00022640,PVGCOLOR::getVersion()+0x9f8,BRANCH
0x00022624,PVGCOLOR::getVersion(),0x00022634,PVGCOLOR::getVersion()+0x9ec,BRANCH
0x00022630,PVGCOLOR::getVersion(),0x0002273c,PVGCOLOR::getVersion()+0xaf4,BRANCH
0x0002263c,PVGCOLOR::getVersion(),0x0004ccf0,"PVGCOLOR::PVGCropFunctions::transcode(unsigned char const* const*, int const*, unsigned char* const*, int const*)+0x1acfc",BRANCH
0x00022648,PVGCOLOR::getVersion(),0x0002292c,PVGCOLOR::getVersion()+0xce4,BRANCH
0x00022650,PVGCOLOR::getVersion(),0x0002292c,PVGCOLOR::getVersion()+0xce4,BRANCH
0x00022664,PVGCOLOR::getVersion(),0x0002295c,PVGCOLOR::getVersion()+0xd14,BRANCH
0x00022670,PVGCOLOR::getVersion(),0x0002270c,PVGCOLOR::getVersion()+0xac4,BRANCH
0x0002267c,PVGCOLOR::getVersion(),0x0002277c,PVGCOLOR::getVersion()+0xb34,BRANCH
0x00022688,PVGCOLOR::getVersion(),0x0002277c,PVGCOLOR::getVersion()+0xb34,BRANCH
0x00022694,PVGCOLOR::getVersion(),0x0002270c,PVGCOLOR::getVersion()+0xac4,BRANCH
0x000226a0,PVGCOLOR::getVersion(),0x0002279c,PVGCOLOR::getVersion()+0xb54,BRANCH
0x000226a4,PVGCOLOR::getVersion(),0x000228f4,PVGCOLOR::getVersion()+0xcac,BRANCH
0x000226b0,PVGCOLOR::getVersion(),0x0002271c,PVGCOLOR::getVersion()+0xad4,BRANCH
0x000226bc,PVGCOLOR::getVersion(),0x000226cc,PVGCOLOR::getVersion()+0xa84,BRANCH
0x000226c8,PVGCOLOR::getVersion(),0x00022914,PVGCOLOR::getVersion()+0xccc,BRANCH
0x000226d4,PVGCOLOR::getVersion(),0x000226e4,PVGCOLOR::getVersion()+0xa9c,BRANCH
0x000226e0,PVGCOLOR::getVersion(),0x00022914,PVGCOLOR::getVersion()+0xccc,BRANCH
0x000226f0,PVGCOLOR::getVersion(),0x00022700,PVGCOLOR::getVersion()+0xab8,BRANCH
0x000226fc,PVGCOLOR::getVersion(),0x00022914,PVGCOLOR::getVersion()+0xccc,BRANCH
0x00022708,PVGCOLOR::getVersion(),0x00052bd8,"PVGCOLOR::PVGOpenGL::createComputeShader(char const*, int*)+0x160",BRANCH
0x00022718,PVGCOLOR::getVersion(),0x00022608,PVGCOLOR::getVersion()+0x9c0,BRANCH
0x00022728,PVGCOLOR::getVersion(),0x00022608,PVGCOLOR::getVersion()+0x9c0,BRANCH
0x00022738,PVGCOLOR::getVersion(),0x00022608,PVGCOLOR::getVersion()+0x9c0,BRANCH
0x00022740,PVGCOLOR::getVersion(),0x00028248,PVGCOLOR::getVersion()+0x6600,DIRECT_CALL
0x0002274c,PVGCOLOR::getVersion(),0x00022760,PVGCOLOR::getVersion()+0xb18,BRANCH
0x0002275c,PVGCOLOR::getVersion(),0x00022770,PVGCOLOR::getVersion()+0xb28,BRANCH
0x00022768,PVGCOLOR::getVersion(),0x00028378,PVGCOLOR::getVersion()+0x6730,DIRECT_CALL
0x00022784,PVGCOLOR::getVersion(),0x000228f4,PVGCOLOR::getVersion()+0xcac,BRANCH
0x00022790,PVGCOLOR::getVersion(),0x000228f4,PVGCOLOR::getVersion()+0xcac,BRANCH
0x00022798,PVGCOLOR::getVersion(),0x000227a8,PVGCOLOR::getVersion()+0xb60,BRANCH
0x000227a4,PVGCOLOR::getVersion(),0x000228f4,PVGCOLOR::getVersion()+0xcac,BRANCH
0x000227bc,PVGCOLOR::getVersion(),0x00022800,PVGCOLOR::getVersion()+0xbb8,BRANCH
0x000227d8,PVGCOLOR::getVersion(),0x0002292c,PVGCOLOR::getVersion()+0xce4,BRANCH
0x000227ec,PVGCOLOR::getVersion(),0x00022914,PVGCOLOR::getVersion()+0xccc,BRANCH
0x000227fc,PVGCOLOR::getVersion(),0x00052bd8,"PVGCOLOR::PVGOpenGL::createComputeShader(char const*, int*)+0x160",BRANCH
0x00022808,PVGCOLOR::getVersion(),0x00022834,PVGCOLOR::getVersion()+0xbec,BRANCH
0x00022814,PVGCOLOR::getVersion(),0x00022870,PVGCOLOR::getVersion()+0xc28,BRANCH
0x00022824,PVGCOLOR::getVersion(),0x0002292c,PVGCOLOR::getVersion()+0xce4,BRANCH
0x00022830,PVGCOLOR::getVersion(),0x0002295c,PVGCOLOR::getVersion()+0xd14,BRANCH
0x0002283c,PVGCOLOR::getVersion(),0x000228b0,PVGCOLOR::getVersion()+0xc68,BRANCH
0x00022848,PVGCOLOR::getVersion(),0x0002292c,PVGCOLOR::getVersion()+0xce4,BRANCH
0x00022858,PVGCOLOR::getVersion(),0x00022914,PVGCOLOR::getVersion()+0xccc,BRANCH
0x00022868,PVGCOLOR::getVersion(),0x00022904,PVGCOLOR::getVersion()+0xcbc,BRANCH
0x0002286c,PVGCOLOR::getVersion(),0x00022944,PVGCOLOR::getVersion()+0xcfc,BRANCH
0x00022878,PVGCOLOR::getVersion(),0x0002292c,PVGCOLOR::getVersion()+0xce4,BRANCH
0x00022880,PVGCOLOR::getVersion(),0x0002292c,PVGCOLOR::getVersion()+0xce4,BRANCH
0x0002288c,PVGCOLOR::getVersion(),0x0002292c,PVGCOLOR::getVersion()+0xce4,BRANCH
0x000228a8,PVGCOLOR::getVersion(),0x0002292c,PVGCOLOR::getVersion()+0xce4,BRANCH
0x000228ac,PVGCOLOR::getVersion(),0x00022944,PVGCOLOR::getVersion()+0xcfc,BRANCH
0x000228b8,PVGCOLOR::getVersion(),0x000228cc,PVGCOLOR::getVersion()+0xc84,BRANCH
0x000228c4,PVGCOLOR::getVersion(),0x000228e4,PVGCOLOR::getVersion()+0xc9c,BRANCH
0x000228c8,PVGCOLOR::getVersion(),0x0002292c,PVGCOLOR::getVersion()+0xce4,BRANCH
0x000228d4,PVGCOLOR::getVersion(),0x0002292c,PVGCOLOR::getVersion()+0xce4,BRANCH
0x000228e0,PVGCOLOR::getVersion(),0x0002292c,PVGCOLOR::getVersion()+0xce4,BRANCH
0x000228f0,PVGCOLOR::getVersion(),0x00022914,PVGCOLOR::getVersion()+0xccc,BRANCH
0x00022900,PVGCOLOR::getVersion(),0x00022914,PVGCOLOR::getVersion()+0xccc,BRANCH
0x00022910,PVGCOLOR::getVersion(),0x00022944,PVGCOLOR::getVersion()+0xcfc,BRANCH
0x00022974,PVGCOLOR::getVersion(),N/A,"x8, 0x64000",ADRP_PAGE_REF
0x00022a04,PVGCOLOR::getVersion(),0x00022a34,PVGCOLOR::getVersion()+0xdec,BRANCH
0x00022a24,PVGCOLOR::getVersion(),0x00022a54,PVGCOLOR::getVersion()+0xe0c,BRANCH
0x00022a30,PVGCOLOR::getVersion(),0x00022b80,PVGCOLOR::getVersion()+0xf38,BRANCH
0x00022a5c,PVGCOLOR::getVersion(),0x00022b50,PVGCOLOR::getVersion()+0xf08,BRANCH
0x00022a6c,PVGCOLOR::getVersion(),0x00058e50,_ZNSt6__ndk112basic_stringIcNS_11char_traitsIcEENS_9allocatorIcEEEaSERKS5_@plt,DIRECT_CALL
0x00022a78,PVGCOLOR::getVersion(),0x00058e50,_ZNSt6__ndk112basic_stringIcNS_11char_traitsIcEENS_9allocatorIcEEEaSERKS5_@plt,DIRECT_CALL
0x00022a84,PVGCOLOR::getVersion(),0x00022c28,PVGCOLOR::getVersion()+0xfe0,DIRECT_CALL
0x00022aa4,PVGCOLOR::getVersion(),0x00022ad8,PVGCOLOR::getVersion()+0xe90,BRANCH
0x00022ac4,PVGCOLOR::getVersion(),0x00022af8,PVGCOLOR::getVersion()+0xeb0,BRANCH
0x00022ad4,PVGCOLOR::getVersion(),0x00022b14,PVGCOLOR::getVersion()+0xecc,BRANCH
0x00022b10,PVGCOLOR::getVersion(),0x00022b28,PVGCOLOR::getVersion()+0xee0,BRANCH
0x00022b24,PVGCOLOR::getVersion(),0x00022b14,PVGCOLOR::getVersion()+0xecc,BRANCH
0x00022b34,PVGCOLOR::getVersion(),0x00022a64,PVGCOLOR::getVersion()+0xe1c,BRANCH
0x00022b44,PVGCOLOR::getVersion(),0x00021810,PVGCOLOR::PVGColorFunctions::setKeepSourceColor(bool)+0x8,DIRECT_CALL
0x00022b4c,PVGCOLOR::getVersion(),0x00022b84,PVGCOLOR::getVersion()+0xf3c,BRANCH
0x00022b5c,PVGCOLOR::getVersion(),0x00021810,PVGCOLOR::PVGColorFunctions::setKeepSourceColor(bool)+0x8,DIRECT_CALL
0x00022b80,PVGCOLOR::getVersion(),0x00021810,PVGCOLOR::PVGColorFunctions::setKeepSourceColor(bool)+0x8,DIRECT_CALL
0x00022b88,PVGCOLOR::getVersion(),0x00022bc4,PVGCOLOR::getVersion()+0xf7c,BRANCH
0x00022b98,PVGCOLOR::getVersion(),0x00022c24,PVGCOLOR::getVersion()+0xfdc,BRANCH
0x00022bc0,PVGCOLOR::getVersion(),0x00022b8c,PVGCOLOR::getVersion()+0xf44,BRANCH
0x00022bcc,PVGCOLOR::getVersion(),0x00022d88,PVGCOLOR::getVersion()+0x1140,DIRECT_CALL
0x00022be4,PVGCOLOR::getVersion(),0x00022bb8,PVGCOLOR::getVersion()+0xf70,BRANCH
0x00022bf8,PVGCOLOR::getVersion(),0x00022be8,PVGCOLOR::getVersion()+0xfa0,BRANCH
0x00022bfc,PVGCOLOR::getVersion(),0x00022bb8,PVGCOLOR::getVersion()+0xf70,BRANCH
0x00022c08,PVGCOLOR::getVersion(),0x00022d30,PVGCOLOR::getVersion()+0x10e8,DIRECT_CALL
0x00022c18,PVGCOLOR::getVersion(),0x00022c24,PVGCOLOR::getVersion()+0xfdc,BRANCH
0x00022c20,PVGCOLOR::getVersion(),0x00054f14,"PVGCOLOR::PVGOpenGL::createComputeShader(char const*, int*)+0x249c",DIRECT_CALL
0x00022c24,PVGCOLOR::getVersion(),0x00058cb0,__stack_chk_fail@plt,DIRECT_CALL
0x00022c6c,PVGCOLOR::getVersion(),0x00022c78,PVGCOLOR::getVersion()+0x1030,BRANCH
0x00022ca4,PVGCOLOR::getVersion(),0x00058d20,memcmp@plt,DIRECT_CALL
0x00022cc0,PVGCOLOR::getVersion(),0x00022c70,PVGCOLOR::getVersion()+0x1028,BRANCH
0x00022cd0,PVGCOLOR::getVersion(),0x00022ce0,PVGCOLOR::getVersion()+0x1098,BRANCH
0x00022cd8,PVGCOLOR::getVersion(),0x00022ce0,PVGCOLOR::getVersion()+0x1098,BRANCH
0x00022d08,PVGCOLOR::getVersion(),0x00021a98,PVGCOLOR::PVGColorFunctions::setKeepSourceColor(bool)+0x290,DIRECT_CALL
0x00022d48,PVGCOLOR::getVersion(),0x00021810,PVGCOLOR::PVGColorFunctions::setKeepSourceColor(bool)+0x8,DIRECT_CALL
0x00022d78,PVGCOLOR::getVersion(),0x00021810,PVGCOLOR::PVGColorFunctions::setKeepSourceColor(bool)+0x8,BRANCH
0x00022db8,PVGCOLOR::getVersion(),0x00022ee0,PVGCOLOR::getVersion()+0x1298,DIRECT_CALL
0x00022de8,PVGCOLOR::getVersion(),0x00022df4,PVGCOLOR::getVersion()+0x11ac,BRANCH
0x00022e20,PVGCOLOR::getVersion(),0x00058d20,memcmp@plt,DIRECT_CALL
0x00022e3c,PVGCOLOR::getVersion(),0x00022dec,PVGCOLOR::getVersion()+0x11a4,BRANCH
0x00022e4c,PVGCOLOR::getVersion(),0x00022e54,PVGCOLOR::getVersion()+0x120c,BRANCH
0x00022e7c,PVGCOLOR::getVersion(),0x00021a98,PVGCOLOR::PVGColorFunctions::setKeepSourceColor(bool)+0x290,DIRECT_CALL
0x00022e9c,PVGCOLOR::getVersion(),0x00022edc,PVGCOLOR::getVersion()+0x1294,BRANCH
0x00022ed8,PVGCOLOR::getVersion(),0x00022e74,PVGCOLOR::getVersion()+0x122c,BRANCH
0x00022edc,PVGCOLOR::getVersion(),0x00058cb0,__stack_chk_fail@plt,DIRECT_CALL
0x00022f00,PVGCOLOR::getVersion(),0x00058c80,_Znwm@plt,DIRECT_CALL
0x00022f28,PVGCOLOR::getVersion(),0x00022f38,PVGCOLOR::getVersion()+0x12f0,BRANCH
0x00022f34,PVGCOLOR::getVersion(),0x00023024,PVGCOLOR::getVersion()+0x13dc,DIRECT_CALL
0x00022f74,PVGCOLOR::getVersion(),0x00023024,PVGCOLOR::getVersion()+0x13dc,DIRECT_CALL
0x00022fa0,PVGCOLOR::getVersion(),0x00058c20,_ZdlPv@plt,DIRECT_CALL
0x00022fa8,PVGCOLOR::getVersion(),0x00022fc8,PVGCOLOR::getVersion()+0x1380,DIRECT_CALL
0x00022fb0,PVGCOLOR::getVersion(),0x00054f14,"PVGCOLOR::PVGOpenGL::createComputeShader(char const*, int*)+0x249c",DIRECT_CALL
0x00022fbc,PVGCOLOR::getVersion(),0x00022fc8,PVGCOLOR::getVersion()+0x1380,DIRECT_CALL
0x00022fc4,PVGCOLOR::getVersion(),0x00054f14,"PVGCOLOR::PVGOpenGL::createComputeShader(char const*, int*)+0x249c",DIRECT_CALL
0x00022ff4,PVGCOLOR::getVersion(),0x00058c20,_ZdlPv@plt,DIRECT_CALL
0x00023004,PVGCOLOR::getVersion(),0x00058c20,_ZdlPv@plt,DIRECT_CALL
0x00023014,PVGCOLOR::getVersion(),0x00058c20,_ZdlPv@plt,BRANCH
0x0002303c,PVGCOLOR::getVersion(),0x0002305c,PVGCOLOR::getVersion()+0x1414,BRANCH
0x00023058,PVGCOLOR::getVersion(),0x00058e60,memmove@plt,BRANCH
0x00023064,PVGCOLOR::getVersion(),0x0002309c,PVGCOLOR::getVersion()+0x1454,BRANCH
0x00023074,PVGCOLOR::getVersion(),0x00058c80,_Znwm@plt,DIRECT_CALL
0x00023098,PVGCOLOR::getVersion(),0x00058e60,memmove@plt,BRANCH
0x000230a0,PVGCOLOR::getVersion(),0x00021888,PVGCOLOR::PVGColorFunctions::setKeepSourceColor(bool)+0x80,DIRECT_CALL
0x000230e4,PVGCOLOR::getVersion(),N/A,"x8, 0x64000",ADRP_PAGE_REF
0x000230fc,PVGCOLOR::getVersion(),0x0002326c,PVGCOLOR::getVersion()+0x1624,BRANCH
0x0002311c,PVGCOLOR::getVersion(),N/A,"x8, 0x5d000 <fwrite@plt+0x39f0>",ADRP_PAGE_REF
0x00023124,PVGCOLOR::getVersion(),0x00023280,PVGCOLOR::getVersion()+0x1638,BRANCH
0x00023128,PVGCOLOR::getVersion(),N/A,"x8, 0x5e000 <typeinfo for std::__ndk1::__function::__base<float (float)>+0x6f0>",ADRP_PAGE_REF
0x00023130,PVGCOLOR::getVersion(),0x00023280,PVGCOLOR::getVersion()+0x1638,BRANCH
0x00023134,PVGCOLOR::getVersion(),N/A,"x8, 0x5e000 <typeinfo for std::__ndk1::__function::__base<float (float)>+0x6f0>",ADRP_PAGE_REF
0x0002313c,PVGCOLOR::getVersion(),0x00023280,PVGCOLOR::getVersion()+0x1638,BRANCH
0x00023140,PVGCOLOR::getVersion(),N/A,"x8, 0x5d000 <fwrite@plt+0x39f0>",ADRP_PAGE_REF
0x00023148,PVGCOLOR::getVersion(),0x00023280,PVGCOLOR::getVersion()+0x1638,BRANCH
0x0002314c,PVGCOLOR::getVersion(),N/A,"x8, 0x5d000 <fwrite@plt+0x39f0>",ADRP_PAGE_REF
0x00023154,PVGCOLOR::getVersion(),0x00023280,PVGCOLOR::getVersion()+0x1638,BRANCH
0x00023158,PVGCOLOR::getVersion(),N/A,"x8, 0x5d000 <fwrite@plt+0x39f0>",ADRP_PAGE_REF
0x00023160,PVGCOLOR::getVersion(),0x00023280,PVGCOLOR::getVersion()+0x1638,BRANCH
0x00023164,PVGCOLOR::getVersion(),N/A,"x8, 0x5d000 <fwrite@plt+0x39f0>",ADRP_PAGE_REF
0x0002316c,PVGCOLOR::getVersion(),0x00023280,PVGCOLOR::getVersion()+0x1638,BRANCH
0x00023170,PVGCOLOR::getVersion(),N/A,"x8, 0x5d000 <fwrite@plt+0x39f0>",ADRP_PAGE_REF
0x00023178,PVGCOLOR::getVersion(),0x00023280,PVGCOLOR::getVersion()+0x1638,BRANCH
0x0002317c,PVGCOLOR::getVersion(),N/A,"x8, 0x5e000 <typeinfo for std::__ndk1::__function::__base<float (float)>+0x6f0>",ADRP_PAGE_REF
0x00023184,PVGCOLOR::getVersion(),0x00023280,PVGCOLOR::getVersion()+0x1638,BRANCH
0x00023188,PVGCOLOR::getVersion(),N/A,"x8, 0x5e000 <typeinfo for std::__ndk1::__function::__base<float (float)>+0x6f0>",ADRP_PAGE_REF
0x00023190,PVGCOLOR::getVersion(),0x00023280,PVGCOLOR::getVersion()+0x1638,BRANCH
0x00023194,PVGCOLOR::getVersion(),N/A,"x8, 0x5d000 <fwrite@plt+0x39f0>",ADRP_PAGE_REF
0x0002319c,PVGCOLOR::getVersion(),0x00023280,PVGCOLOR::getVersion()+0x1638,BRANCH
0x000231a0,PVGCOLOR::getVersion(),N/A,"x8, 0x5e000 <typeinfo for std::__ndk1::__function::__base<float (float)>+0x6f0>",ADRP_PAGE_REF
0x000231a8,PVGCOLOR::getVersion(),0x00023280,PVGCOLOR::getVersion()+0x1638,BRANCH
0x000231ac,PVGCOLOR::getVersion(),N/A,"x8, 0x5d000 <fwrite@plt+0x39f0>",ADRP_PAGE_REF
0x000231b4,PVGCOLOR::getVersion(),0x00023280,PVGCOLOR::getVersion()+0x1638,BRANCH
0x000231b8,PVGCOLOR::getVersion(),N/A,"x8, 0x5d000 <fwrite@plt+0x39f0>",ADRP_PAGE_REF
0x000231c0,PVGCOLOR::getVersion(),0x00023280,PVGCOLOR::getVersion()+0x1638,BRANCH
0x000231c4,PVGCOLOR::getVersion(),N/A,"x8, 0x5d000 <fwrite@plt+0x39f0>",ADRP_PAGE_REF
0x000231cc,PVGCOLOR::getVersion(),0x00023280,PVGCOLOR::getVersion()+0x1638,BRANCH
0x000231d0,PVGCOLOR::getVersion(),N/A,"x8, 0x5e000 <typeinfo for std::__ndk1::__function::__base<float (float)>+0x6f0>",ADRP_PAGE_REF
0x000231d8,PVGCOLOR::getVersion(),0x00023280,PVGCOLOR::getVersion()+0x1638,BRANCH
0x000231dc,PVGCOLOR::getVersion(),N/A,"x8, 0x5e000 <typeinfo for std::__ndk1::__function::__base<float (float)>+0x6f0>",ADRP_PAGE_REF
0x000231e4,PVGCOLOR::getVersion(),0x00023280,PVGCOLOR::getVersion()+0x1638,BRANCH
0x000231e8,PVGCOLOR::getVersion(),N/A,"x8, 0x5d000 <fwrite@plt+0x39f0>",ADRP_PAGE_REF
0x000231f0,PVGCOLOR::getVersion(),0x00023280,PVGCOLOR::getVersion()+0x1638,BRANCH
0x000231f4,PVGCOLOR::getVersion(),N/A,"x8, 0x5e000 <typeinfo for std::__ndk1::__function::__base<float (float)>+0x6f0>",ADRP_PAGE_REF
0x000231fc,PVGCOLOR::getVersion(),0x00023280,PVGCOLOR::getVersion()+0x1638,BRANCH
0x00023200,PVGCOLOR::getVersion(),N/A,"x8, 0x5d000 <fwrite@plt+0x39f0>",ADRP_PAGE_REF
0x00023208,PVGCOLOR::getVersion(),0x00023280,PVGCOLOR::getVersion()+0x1638,BRANCH
0x0002320c,PVGCOLOR::getVersion(),N/A,"x8, 0x5d000 <fwrite@plt+0x39f0>",ADRP_PAGE_REF
0x00023214,PVGCOLOR::getVersion(),0x00023280,PVGCOLOR::getVersion()+0x1638,BRANCH
0x00023218,PVGCOLOR::getVersion(),N/A,"x8, 0x5e000 <typeinfo for std::__ndk1::__function::__base<float (float)>+0x6f0>",ADRP_PAGE_REF
0x00023220,PVGCOLOR::getVersion(),0x00023280,PVGCOLOR::getVersion()+0x1638,BRANCH
0x00023224,PVGCOLOR::getVersion(),N/A,"x8, 0x5d000 <fwrite@plt+0x39f0>",ADRP_PAGE_REF
0x0002322c,PVGCOLOR::getVersion(),0x00023280,PVGCOLOR::getVersion()+0x1638,BRANCH
0x00023230,PVGCOLOR::getVersion(),N/A,"x8, 0x5d000 <fwrite@plt+0x39f0>",ADRP_PAGE_REF
0x00023238,PVGCOLOR::getVersion(),0x00023280,PVGCOLOR::getVersion()+0x1638,BRANCH
0x0002323c,PVGCOLOR::getVersion(),N/A,"x8, 0x5e000 <typeinfo for std::__ndk1::__function::__base<float (float)>+0x6f0>",ADRP_PAGE_REF
0x00023244,PVGCOLOR::getVersion(),0x00023280,PVGCOLOR::getVersion()+0x1638,BRANCH
0x00023248,PVGCOLOR::getVersion(),N/A,"x8, 0x5e000 <typeinfo for std::__ndk1::__function::__base<float (float)>+0x6f0>",ADRP_PAGE_REF
0x00023250,PVGCOLOR::getVersion(),0x00023280,PVGCOLOR::getVersion()+0x1638,BRANCH
0x00023254,PVGCOLOR::getVersion(),N/A,"x8, 0x5e000 <typeinfo for std::__ndk1::__function::__base<float (float)>+0x6f0>",ADRP_PAGE_REF
0x0002325c,PVGCOLOR::getVersion(),0x00023280,PVGCOLOR::getVersion()+0x1638,BRANCH
0x00023260,PVGCOLOR::getVersion(),N/A,"x8, 0x5e000 <typeinfo for std::__ndk1::__function::__base<float (float)>+0x6f0>",ADRP_PAGE_REF
0x00023268,PVGCOLOR::getVersion(),0x00023280,PVGCOLOR::getVersion()+0x1638,BRANCH
0x0002326c,PVGCOLOR::getVersion(),N/A,"x8, 0x5e000 <typeinfo for std::__ndk1::__function::__base<float (float)>+0x6f0>",ADRP_PAGE_REF
0x00023274,PVGCOLOR::getVersion(),0x00023280,PVGCOLOR::getVersion()+0x1638,BRANCH
0x00023278,PVGCOLOR::getVersion(),N/A,"x8, 0x5e000 <typeinfo for std::__ndk1::__function::__base<float (float)>+0x6f0>",ADRP_PAGE_REF
0x00023294,PVGCOLOR::getVersion(),0x0002b810,"PVGCOLOR::convertToLab(PVGCOLOR::PVGColorPrimaries, PVGCOLOR::PVGColorTransfer, float, float, float, float*, float*, float*)+0x58c",DIRECT_CALL
0x000232a0,PVGCOLOR::getVersion(),0x000232b0,PVGCOLOR::getVersion()+0x1668,BRANCH
0x000232ac,PVGCOLOR::getVersion(),0x000232b8,PVGCOLOR::getVersion()+0x1670,BRANCH
0x000232c0,PVGCOLOR::getVersion(),N/A,x8,INDIRECT_CALL
0x000232c4,PVGCOLOR::getVersion(),N/A,"x0, 0x64000",ADRP_PAGE_REF
0x000232cc,PVGCOLOR::getVersion(),0x00058e70,_ZNSt6__ndk15mutex4lockEv@plt,DIRECT_CALL
0x000232d0,PVGCOLOR::getVersion(),N/A,"x23, 0x64000",ADRP_PAGE_REF
0x000232e0,PVGCOLOR::getVersion(),N/A,"x21, 0x64000",ADRP_PAGE_REF
0x000232ec,PVGCOLOR::getVersion(),0x000232fc,PVGCOLOR::getVersion()+0x16b4,BRANCH
0x00023304,PVGCOLOR::getVersion(),0x000232f0,PVGCOLOR::getVersion()+0x16a8,BRANCH
0x00023308,PVGCOLOR::getVersion(),0x00023314,PVGCOLOR::getVersion()+0x16cc,BRANCH
0x00023310,PVGCOLOR::getVersion(),0x000232f4,PVGCOLOR::getVersion()+0x16ac,BRANCH
0x0002332c,PVGCOLOR::getVersion(),0x000232f4,PVGCOLOR::getVersion()+0x16ac,BRANCH
0x00023334,PVGCOLOR::getVersion(),0x0002336c,PVGCOLOR::getVersion()+0x1724,BRANCH
0x00023340,PVGCOLOR::getVersion(),N/A,"x9, 0x64000",ADRP_PAGE_REF
0x0002334c,PVGCOLOR::getVersion(),0x0002336c,PVGCOLOR::getVersion()+0x1724,BRANCH
0x00023354,PVGCOLOR::getVersion(),0x0002336c,PVGCOLOR::getVersion()+0x1724,BRANCH
0x00023364,PVGCOLOR::getVersion(),0x0002336c,PVGCOLOR::getVersion()+0x1724,BRANCH
0x00023370,PVGCOLOR::getVersion(),0x000234c4,PVGCOLOR::getVersion()+0x187c,BRANCH
0x00023384,PVGCOLOR::getVersion(),0x0002339c,PVGCOLOR::getVersion()+0x1754,BRANCH
0x00023390,PVGCOLOR::getVersion(),N/A,x8,INDIRECT_CALL
0x00023398,PVGCOLOR::getVersion(),0x000233b8,PVGCOLOR::getVersion()+0x1770,BRANCH
0x000233b4,PVGCOLOR::getVersion(),N/A,x8,INDIRECT_CALL
0x000233c4,PVGCOLOR::getVersion(),0x0002367c,PVGCOLOR::getVersion()+0x1a34,DIRECT_CALL
0x000233d8,PVGCOLOR::getVersion(),0x00023418,PVGCOLOR::getVersion()+0x17d0,BRANCH
0x000233f4,PVGCOLOR::getVersion(),0x000233dc,PVGCOLOR::getVersion()+0x1794,BRANCH
0x000233f8,PVGCOLOR::getVersion(),0x0002340c,PVGCOLOR::getVersion()+0x17c4,BRANCH
0x00023404,PVGCOLOR::getVersion(),0x000233dc,PVGCOLOR::getVersion()+0x1794,BRANCH
0x00023408,PVGCOLOR::getVersion(),0x00023530,PVGCOLOR::getVersion()+0x18e8,BRANCH
0x0002341c,PVGCOLOR::getVersion(),0x00058c80,_Znwm@plt,DIRECT_CALL
0x00023448,PVGCOLOR::getVersion(),N/A,"x8, 0x64000",ADRP_PAGE_REF
0x00023474,PVGCOLOR::getVersion(),0x00021a98,PVGCOLOR::PVGColorFunctions::setKeepSourceColor(bool)+0x290,DIRECT_CALL
0x00023490,PVGCOLOR::getVersion(),0x00058c20,_ZdlPv@plt,DIRECT_CALL
0x000234a0,PVGCOLOR::getVersion(),0x000234b0,PVGCOLOR::getVersion()+0x1868,BRANCH
0x000234ac,PVGCOLOR::getVersion(),0x000234b8,PVGCOLOR::getVersion()+0x1870,BRANCH
0x000234c0,PVGCOLOR::getVersion(),N/A,x8,INDIRECT_CALL
0x000234c4,PVGCOLOR::getVersion(),N/A,"x0, 0x64000",ADRP_PAGE_REF
0x000234cc,PVGCOLOR::getVersion(),0x00058e80,_ZNSt6__ndk15mutex6unlockEv@plt,DIRECT_CALL
0x000234dc,PVGCOLOR::getVersion(),0x000234ec,PVGCOLOR::getVersion()+0x18a4,BRANCH
0x000234e8,PVGCOLOR::getVersion(),0x000234f4,PVGCOLOR::getVersion()+0x18ac,BRANCH
0x000234fc,PVGCOLOR::getVersion(),N/A,x8,INDIRECT_CALL
0x0002350c,PVGCOLOR::getVersion(),0x00023670,PVGCOLOR::getVersion()+0x1a28,BRANCH
0x0002353c,PVGCOLOR::getVersion(),0x00023494,PVGCOLOR::getVersion()+0x184c,BRANCH
0x0002354c,PVGCOLOR::getVersion(),0x00058e90,__cxa_guard_acquire@plt,DIRECT_CALL
0x00023554,PVGCOLOR::getVersion(),N/A,"x0, 0x5f000 <typeinfo for std::__ndk1::__function::__base<void (int)>+0x78>",ADRP_PAGE_REF
0x00023568,PVGCOLOR::getVersion(),0x00058c10,__cxa_atexit@plt,DIRECT_CALL
0x00023570,PVGCOLOR::getVersion(),0x00058ea0,__cxa_guard_release@plt,DIRECT_CALL
0x00023574,PVGCOLOR::getVersion(),0x000230e4,PVGCOLOR::getVersion()+0x149c,BRANCH
0x00023578,PVGCOLOR::getVersion(),N/A,"x21, 0x64000",ADRP_PAGE_REF
0x00023584,PVGCOLOR::getVersion(),0x00058e90,__cxa_guard_acquire@plt,DIRECT_CALL
0x000235ac,PVGCOLOR::getVersion(),0x00058c10,__cxa_atexit@plt,DIRECT_CALL
0x000235b4,PVGCOLOR::getVersion(),0x00058ea0,__cxa_guard_release@plt,DIRECT_CALL
0x000235b8,PVGCOLOR::getVersion(),0x000230f4,PVGCOLOR::getVersion()+0x14ac,BRANCH
0x000235c0,PVGCOLOR::getVersion(),0x00023614,PVGCOLOR::getVersion()+0x19cc,BRANCH
0x000235d8,PVGCOLOR::getVersion(),0x00058c20,_ZdlPv@plt,DIRECT_CALL
0x000235dc,PVGCOLOR::getVersion(),0x000235e4,PVGCOLOR::getVersion()+0x199c,BRANCH
0x000235f0,PVGCOLOR::getVersion(),0x00023600,PVGCOLOR::getVersion()+0x19b8,BRANCH
0x000235fc,PVGCOLOR::getVersion(),0x00023608,PVGCOLOR::getVersion()+0x19c0,BRANCH
0x00023610,PVGCOLOR::getVersion(),N/A,x8,INDIRECT_CALL
0x00023614,PVGCOLOR::getVersion(),N/A,"x0, 0x64000",ADRP_PAGE_REF
0x0002361c,PVGCOLOR::getVersion(),0x00058e80,_ZNSt6__ndk15mutex6unlockEv@plt,DIRECT_CALL
0x00023620,PVGCOLOR::getVersion(),0x00023628,PVGCOLOR::getVersion()+0x19e0,BRANCH
0x00023634,PVGCOLOR::getVersion(),0x00023644,PVGCOLOR::getVersion()+0x19fc,BRANCH
0x00023640,PVGCOLOR::getVersion(),0x0002364c,PVGCOLOR::getVersion()+0x1a04,BRANCH
0x00023654,PVGCOLOR::getVersion(),N/A,x8,INDIRECT_CALL
0x00023664,PVGCOLOR::getVersion(),0x00023670,PVGCOLOR::getVersion()+0x1a28,BRANCH
0x0002366c,PVGCOLOR::getVersion(),0x00054f14,"PVGCOLOR::PVGOpenGL::createComputeShader(char const*, int*)+0x249c",DIRECT_CALL
0x00023670,PVGCOLOR::getVersion(),0x00058cb0,__stack_chk_fail@plt,DIRECT_CALL
0x00023678,PVGCOLOR::getVersion(),0x0002b6b8,"PVGCOLOR::convertToLab(PVGCOLOR::PVGColorPrimaries, PVGCOLOR::PVGColorTransfer, float, float, float, float*, float*, float*)+0x434",BRANCH
0x000236d4,PVGCOLOR::getVersion(),0x00058c80,_Znwm@plt,DIRECT_CALL
0x000236f4,PVGCOLOR::getVersion(),0x00023710,PVGCOLOR::getVersion()+0x1ac8,BRANCH
0x0002370c,PVGCOLOR::getVersion(),0x0002386c,PVGCOLOR::getVersion()+0x1c24,BRANCH
0x00023730,PVGCOLOR::getVersion(),N/A,x8,INDIRECT_CALL
0x0002373c,PVGCOLOR::getVersion(),0x000236f8,PVGCOLOR::getVersion()+0x1ab0,BRANCH
0x00023788,PVGCOLOR::getVersion(),0x00058c80,_Znwm@plt,DIRECT_CALL
0x000237a0,PVGCOLOR::getVersion(),0x0002384c,PVGCOLOR::getVersion()+0x1c04,BRANCH
0x000237ac,PVGCOLOR::getVersion(),0x0002380c,PVGCOLOR::getVersion()+0x1bc4,BRANCH
0x000237bc,PVGCOLOR::getVersion(),0x0002380c,PVGCOLOR::getVersion()+0x1bc4,BRANCH
0x000237f8,PVGCOLOR::getVersion(),0x000237e4,PVGCOLOR::getVersion()+0x1b9c,BRANCH
0x00023808,PVGCOLOR::getVersion(),0x00023820,PVGCOLOR::getVersion()+0x1bd8,BRANCH
0x0002381c,PVGCOLOR::getVersion(),0x00023810,PVGCOLOR::getVersion()+0x1bc8,BRANCH
0x00023830,PVGCOLOR::getVersion(),0x00023700,PVGCOLOR::getVersion()+0x1ab8,BRANCH
0x00023848,PVGCOLOR::getVersion(),0x000237a4,PVGCOLOR::getVersion()+0x1b5c,BRANCH
0x00023864,PVGCOLOR::getVersion(),0x00058c20,_ZdlPv@plt,DIRECT_CALL
0x00023868,PVGCOLOR::getVersion(),0x00023700,PVGCOLOR::getVersion()+0x1ab8,BRANCH
0x0002387c,PVGCOLOR::getVersion(),0x00023944,PVGCOLOR::getVersion()+0x1cfc,BRANCH
0x000238b4,PVGCOLOR::getVersion(),0x00023944,PVGCOLOR::getVersion()+0x1cfc,BRANCH
0x000238b8,PVGCOLOR::getVersion(),0x0002b660,"PVGCOLOR::convertToLab(PVGCOLOR::PVGColorPrimaries, PVGCOLOR::PVGColorTransfer, float, float, float, float*, float*, float*)+0x3dc",DIRECT_CALL
0x000238cc,PVGCOLOR::getVersion(),0x00023944,PVGCOLOR::getVersion()+0x1cfc,BRANCH
0x000238d4,PVGCOLOR::getVersion(),0x0002b618,"PVGCOLOR::convertToLab(PVGCOLOR::PVGColorPrimaries, PVGCOLOR::PVGColorTransfer, float, float, float, float*, float*, float*)+0x394",DIRECT_CALL
0x000238e8,PVGCOLOR::getVersion(),0x00023944,PVGCOLOR::getVersion()+0x1cfc,BRANCH
0x000238ec,PVGCOLOR::getVersion(),0x0002b62c,"PVGCOLOR::convertToLab(PVGCOLOR::PVGColorPrimaries, PVGCOLOR::PVGColorTransfer, float, float, float, float*, float*, float*)+0x3a8",DIRECT_CALL
0x00023900,PVGCOLOR::getVersion(),0x00023944,PVGCOLOR::getVersion()+0x1cfc,BRANCH
0x00023908,PVGCOLOR::getVersion(),0x0002b618,"PVGCOLOR::convertToLab(PVGCOLOR::PVGColorPrimaries, PVGCOLOR::PVGColorTransfer, float, float, float, float*, float*, float*)+0x394",DIRECT_CALL
0x0002390c,PVGCOLOR::getVersion(),0x00023914,PVGCOLOR::getVersion()+0x1ccc,BRANCH
0x00023910,PVGCOLOR::getVersion(),0x00023914,PVGCOLOR::getVersion()+0x1ccc,BRANCH
0x00023924,PVGCOLOR::getVersion(),0x00058c20,_ZdlPv@plt,DIRECT_CALL
0x00023938,PVGCOLOR::getVersion(),0x00023944,PVGCOLOR::getVersion()+0x1cfc,BRANCH
0x00023940,PVGCOLOR::getVersion(),0x00054f14,"PVGCOLOR::PVGOpenGL::createComputeShader(char const*, int*)+0x249c",DIRECT_CALL
0x00023944,PVGCOLOR::getVersion(),0x00058cb0,__stack_chk_fail@plt,DIRECT_CALL
0x0002395c,PVGCOLOR::getVersion(),0x00023988,PVGCOLOR::getVersion()+0x1d40,BRANCH
0x00023968,PVGCOLOR::getVersion(),0x00023a30,PVGCOLOR::getVersion()+0x1de8,BRANCH
0x00023970,PVGCOLOR::getVersion(),0x000239c4,PVGCOLOR::getVersion()+0x1d7c,BRANCH
0x0002397c,PVGCOLOR::getVersion(),0x00023ad8,PVGCOLOR::getVersion()+0x1e90,BRANCH
0x0002398c,PVGCOLOR::getVersion(),0x000239b0,PVGCOLOR::getVersion()+0x1d68,BRANCH
0x00023994,PVGCOLOR::getVersion(),0x00023ad8,PVGCOLOR::getVersion()+0x1e90,BRANCH
0x0002399c,PVGCOLOR::getVersion(),0x00023b5c,PVGCOLOR::getVersion()+0x1f14,BRANCH
0x000239a8,PVGCOLOR::getVersion(),0x000239c4,PVGCOLOR::getVersion()+0x1d7c,BRANCH
0x000239ac,PVGCOLOR::getVersion(),0x00023980,PVGCOLOR::getVersion()+0x1d38,BRANCH
0x000239b4,PVGCOLOR::getVersion(),0x00023a30,PVGCOLOR::getVersion()+0x1de8,BRANCH
0x000239c0,PVGCOLOR::getVersion(),0x00023980,PVGCOLOR::getVersion()+0x1d38,BRANCH
0x00023a80,PVGCOLOR::getVersion(),N/A,"x8, 0xd000",ADRP_PAGE_REF
0x00023a9c,PVGCOLOR::getVersion(),N/A,"x8, 0xd000",ADRP_PAGE_REF
0x00023c2c,PVGCOLOR::getVersion(),0x00023c48,PVGCOLOR::getVersion()+0x2000,BRANCH
0x00023c40,PVGCOLOR::getVersion(),0x00023c60,PVGCOLOR::getVersion()+0x2018,BRANCH
0x00023c44,PVGCOLOR::getVersion(),0x00023c54,PVGCOLOR::getVersion()+0x200c,BRANCH
0x00023c50,PVGCOLOR::getVersion(),0x00023c60,PVGCOLOR::getVersion()+0x2018,BRANCH
0x00023c5c,PVGCOLOR::getVersion(),0x00023dd0,PVGCOLOR::getVersion()+0x2188,BRANCH
0x00023c78,PVGCOLOR::getVersion(),0x00023ce4,PVGCOLOR::getVersion()+0x209c,BRANCH
0x00023c88,PVGCOLOR::getVersion(),0x00058eb0,ldexpf@plt,DIRECT_CALL
0x00023ca0,PVGCOLOR::getVersion(),0x00058eb0,ldexpf@plt,DIRECT_CALL
0x00023ce0,PVGCOLOR::getVersion(),0x00023d5c,PVGCOLOR::getVersion()+0x2114,BRANCH
0x00023cf0,PVGCOLOR::getVersion(),0x00058eb0,ldexpf@plt,DIRECT_CALL
0x00023d08,PVGCOLOR::getVersion(),N/A,"x8, 0xe000",ADRP_PAGE_REF
0x00023d18,PVGCOLOR::getVersion(),N/A,"x8, 0xe000",ADRP_PAGE_REF
0x00023d70,PVGCOLOR::getVersion(),N/A,"x8, 0xd000",ADRP_PAGE_REF
0x00023d7c,PVGCOLOR::getVersion(),N/A,"x8, 0xd000",ADRP_PAGE_REF
0x00023dd8,PVGCOLOR::getVersion(),0x00023e54,PVGCOLOR::getVersion()+0x220c,BRANCH
0x00023e50,PVGCOLOR::getVersion(),0x00023db4,PVGCOLOR::getVersion()+0x216c,BRANCH
0x00023e5c,PVGCOLOR::getVersion(),0x00023ec4,PVGCOLOR::getVersion()+0x227c,BRANCH
0x00023ec0,PVGCOLOR::getVersion(),0x00023db4,PVGCOLOR::getVersion()+0x216c,BRANCH
0x00023ed0,PVGCOLOR::getVersion(),0x00023db4,PVGCOLOR::getVersion()+0x216c,BRANCH
0x00023edc,PVGCOLOR::getVersion(),0x00023efc,PVGCOLOR::getVersion()+0x22b4,BRANCH
0x00023ef4,PVGCOLOR::getVersion(),0x00023efc,PVGCOLOR::getVersion()+0x22b4,BRANCH
0x00023efc,PVGCOLOR::getVersion(),N/A,"x8, 0x5f000 <typeinfo for std::__ndk1::__function::__base<void (int)>+0x78>",ADRP_PAGE_REF
0x00023f00,PVGCOLOR::getVersion(),N/A,"x9, 0x5f000 <typeinfo for std::__ndk1::__function::__base<void (int)>+0x78>",ADRP_PAGE_REF
0x00023f04,PVGCOLOR::getVersion(),N/A,"x10, 0x5f000 <typeinfo for std::__ndk1::__function::__base<void (int)>+0x78>",ADRP_PAGE_REF
0x00023f14,PVGCOLOR::getVersion(),N/A,"x12, 0x5f000 <typeinfo for std::__ndk1::__function::__base<void (int)>+0x78>",ADRP_PAGE_REF
0x00023f44,PVGCOLOR::getVersion(),N/A,"x12, 0x5f000 <typeinfo for std::__ndk1::__function::__base<void (int)>+0x78>",ADRP_PAGE_REF
0x00023f50,PVGCOLOR::getVersion(),N/A,"x11, 0x5f000 <typeinfo for std::__ndk1::__function::__base<void (int)>+0x78>",ADRP_PAGE_REF
0x00023f84,PVGCOLOR::getVersion(),N/A,"x9, 0x5f000 <typeinfo for std::__ndk1::__function::__base<void (int)>+0x78>",ADRP_PAGE_REF
0x00023f90,PVGCOLOR::getVersion(),N/A,"x12, 0x5f000 <typeinfo for std::__ndk1::__function::__base<void (int)>+0x78>",ADRP_PAGE_REF
0x0002401c,PVGCOLOR::getVersion(),0x0002403c,PVGCOLOR::getVersion()+0x23f4,BRANCH
0x00024034,PVGCOLOR::getVersion(),0x0002403c,PVGCOLOR::getVersion()+0x23f4,BRANCH
0x00024040,PVGCOLOR::getVersion(),0x000240e8,PVGCOLOR::getVersion()+0x24a0,BRANCH
0x00024048,PVGCOLOR::getVersion(),N/A,"x8, 0xe000",ADRP_PAGE_REF
0x00024054,PVGCOLOR::getVersion(),N/A,"x8, 0xe000",ADRP_PAGE_REF
0x00024058,PVGCOLOR::getVersion(),N/A,"x12, 0x5f000 <typeinfo for std::__ndk1::__function::__base<void (int)>+0x78>",ADRP_PAGE_REF
0x00024068,PVGCOLOR::getVersion(),N/A,"x8, 0xe000",ADRP_PAGE_REF
0x000240b0,PVGCOLOR::getVersion(),N/A,"x9, 0x5f000 <typeinfo for std::__ndk1::__function::__base<void (int)>+0x78>",ADRP_PAGE_REF
0x000240c0,PVGCOLOR::getVersion(),N/A,"x8, 0x5f000 <typeinfo for std::__ndk1::__function::__base<void (int)>+0x78>",ADRP_PAGE_REF
0x000240d0,PVGCOLOR::getVersion(),N/A,"x11, 0x5f000 <typeinfo for std::__ndk1::__function::__base<void (int)>+0x78>",ADRP_PAGE_REF
0x000240e4,PVGCOLOR::getVersion(),0x0002413c,PVGCOLOR::getVersion()+0x24f4,BRANCH
0x000240e8,PVGCOLOR::getVersion(),N/A,"x8, 0x5f000 <typeinfo for std::__ndk1::__function::__base<void (int)>+0x78>",ADRP_PAGE_REF
0x000240ec,PVGCOLOR::getVersion(),N/A,"x9, 0x5f000 <typeinfo for std::__ndk1::__function::__base<void (int)>+0x78>",ADRP_PAGE_REF
0x000240f0,PVGCOLOR::getVersion(),N/A,"x10, 0x5f000 <typeinfo for std::__ndk1::__function::__base<void (int)>+0x78>",ADRP_PAGE_REF
0x00024100,PVGCOLOR::getVersion(),N/A,"x12, 0x5f000 <typeinfo for std::__ndk1::__function::__base<void (int)>+0x78>",ADRP_PAGE_REF
0x000241c4,PVGCOLOR::getVersion(),N/A,"x8, 0x64000",ADRP_PAGE_REF
0x000241d8,PVGCOLOR::getVersion(),N/A,"x8, 0x64000",ADRP_PAGE_REF
0x00024260,PVGCOLOR::getVersion(),N/A,"x0, 0x64000",ADRP_PAGE_REF
0x00024268,PVGCOLOR::getVersion(),0x00058e90,__cxa_guard_acquire@plt,DIRECT_CALL
0x00024278,PVGCOLOR::getVersion(),0x000230a4,PVGCOLOR::getVersion()+0x145c,DIRECT_CALL
0x0002427c,PVGCOLOR::getVersion(),N/A,"x8, 0x64000",ADRP_PAGE_REF
0x0002428c,PVGCOLOR::getVersion(),0x00058ea0,__cxa_guard_release@plt,DIRECT_CALL
0x00024290,PVGCOLOR::getVersion(),0x000241d8,PVGCOLOR::getVersion()+0x2590,BRANCH
0x00024298,PVGCOLOR::getVersion(),N/A,"x0, 0x64000",ADRP_PAGE_REF
0x000242a0,PVGCOLOR::getVersion(),0x00058ed0,__cxa_guard_abort@plt,DIRECT_CALL
0x000242a8,PVGCOLOR::getVersion(),0x00054f14,"PVGCOLOR::PVGOpenGL::createComputeShader(char const*, int*)+0x249c",DIRECT_CALL
0x000242c8,PVGCOLOR::getVersion(),N/A,"x8, 0x64000",ADRP_PAGE_REF
0x000242dc,PVGCOLOR::getVersion(),N/A,"x8, 0x64000",ADRP_PAGE_REF
0x00024364,PVGCOLOR::getVersion(),N/A,"x0, 0x64000",ADRP_PAGE_REF
0x0002436c,PVGCOLOR::getVersion(),0x00058e90,__cxa_guard_acquire@plt,DIRECT_CALL
0x0002437c,PVGCOLOR::getVersion(),0x000230a4,PVGCOLOR::getVersion()+0x145c,DIRECT_CALL
0x00024380,PVGCOLOR::getVersion(),N/A,"x8, 0x64000",ADRP_PAGE_REF
0x00024390,PVGCOLOR::getVersion(),0x00058ea0,__cxa_guard_release@plt,DIRECT_CALL
0x00024394,PVGCOLOR::getVersion(),0x000242dc,PVGCOLOR::getVersion()+0x2694,BRANCH
0x0002439c,PVGCOLOR::getVersion(),N/A,"x0, 0x64000",ADRP_PAGE_REF
0x000243a4,PVGCOLOR::getVersion(),0x00058ed0,__cxa_guard_abort@plt,DIRECT_CALL
0x000243ac,PVGCOLOR::getVersion(),0x00054f14,"PVGCOLOR::PVGOpenGL::createComputeShader(char const*, int*)+0x249c",DIRECT_CALL
0x000243cc,PVGCOLOR::getVersion(),N/A,"x8, 0x64000",ADRP_PAGE_REF
0x000243e0,PVGCOLOR::getVersion(),N/A,"x8, 0x64000",ADRP_PAGE_REF
0x00024468,PVGCOLOR::getVersion(),N/A,"x0, 0x64000",ADRP_PAGE_REF
0x00024470,PVGCOLOR::getVersion(),0x00058e90,__cxa_guard_acquire@plt,DIRECT_CALL
0x00024480,PVGCOLOR::getVersion(),0x000230a4,PVGCOLOR::getVersion()+0x145c,DIRECT_CALL
0x00024484,PVGCOLOR::getVersion(),N/A,"x8, 0x64000",ADRP_PAGE_REF
0x00024494,PVGCOLOR::getVersion(),0x00058ea0,__cxa_guard_release@plt,DIRECT_CALL
0x00024498,PVGCOLOR::getVersion(),0x000243e0,PVGCOLOR::getVersion()+0x2798,BRANCH
0x000244a0,PVGCOLOR::getVersion(),N/A,"x0, 0x64000",ADRP_PAGE_REF
0x000244a8,PVGCOLOR::getVersion(),0x00058ed0,__cxa_guard_abort@plt,DIRECT_CALL
0x000244b0,PVGCOLOR::getVersion(),0x00054f14,"PVGCOLOR::PVGOpenGL::createComputeShader(char const*, int*)+0x249c",DIRECT_CALL
0x000244d0,PVGCOLOR::getVersion(),N/A,"x8, 0x64000",ADRP_PAGE_REF
0x000244e4,PVGCOLOR::getVersion(),N/A,"x8, 0x64000",ADRP_PAGE_REF
0x0002456c,PVGCOLOR::getVersion(),N/A,"x0, 0x64000",ADRP_PAGE_REF
0x00024574,PVGCOLOR::getVersion(),0x00058e90,__cxa_guard_acquire@plt,DIRECT_CALL
0x00024584,PVGCOLOR::getVersion(),0x000230a4,PVGCOLOR::getVersion()+0x145c,DIRECT_CALL
0x00024588,PVGCOLOR::getVersion(),N/A,"x8, 0x64000",ADRP_PAGE_REF
0x00024598,PVGCOLOR::getVersion(),0x00058ea0,__cxa_guard_release@plt,DIRECT_CALL
0x0002459c,PVGCOLOR::getVersion(),0x000244e4,PVGCOLOR::getVersion()+0x289c,BRANCH
0x000245a4,PVGCOLOR::getVersion(),N/A,"x0, 0x64000",ADRP_PAGE_REF
0x000245ac,PVGCOLOR::getVersion(),0x00058ed0,__cxa_guard_abort@plt,DIRECT_CALL
0x000245b4,PVGCOLOR::getVersion(),0x00054f14,"PVGCOLOR::PVGOpenGL::createComputeShader(char const*, int*)+0x249c",DIRECT_CALL
0x000245d4,PVGCOLOR::getVersion(),N/A,"x8, 0x64000",ADRP_PAGE_REF
0x000245e8,PVGCOLOR::getVersion(),N/A,"x8, 0x64000",ADRP_PAGE_REF
0x00024670,PVGCOLOR::getVersion(),N/A,"x0, 0x64000",ADRP_PAGE_REF
0x00024678,PVGCOLOR::getVersion(),0x00058e90,__cxa_guard_acquire@plt,DIRECT_CALL
0x00024688,PVGCOLOR::getVersion(),0x000230a4,PVGCOLOR::getVersion()+0x145c,DIRECT_CALL
0x0002468c,PVGCOLOR::getVersion(),N/A,"x8, 0x64000",ADRP_PAGE_REF
0x0002469c,PVGCOLOR::getVersion(),0x00058ea0,__cxa_guard_release@plt,DIRECT_CALL
0x000246a0,PVGCOLOR::getVersion(),0x000245e8,PVGCOLOR::getVersion()+0x29a0,BRANCH
0x000246a8,PVGCOLOR::getVersion(),N/A,"x0, 0x64000",ADRP_PAGE_REF
0x000246b0,PVGCOLOR::getVersion(),0x00058ed0,__cxa_guard_abort@plt,DIRECT_CALL
0x000246b8,PVGCOLOR::getVersion(),0x00054f14,"PVGCOLOR::PVGOpenGL::createComputeShader(char const*, int*)+0x249c",DIRECT_CALL
0x000246d8,PVGCOLOR::getVersion(),N/A,"x8, 0x64000",ADRP_PAGE_REF
0x000246ec,PVGCOLOR::getVersion(),N/A,"x8, 0x64000",ADRP_PAGE_REF
0x00024774,PVGCOLOR::getVersion(),N/A,"x0, 0x64000",ADRP_PAGE_REF
0x0002477c,PVGCOLOR::getVersion(),0x00058e90,__cxa_guard_acquire@plt,DIRECT_CALL
0x0002478c,PVGCOLOR::getVersion(),0x000230a4,PVGCOLOR::getVersion()+0x145c,DIRECT_CALL
0x00024790,PVGCOLOR::getVersion(),N/A,"x8, 0x64000",ADRP_PAGE_REF
0x000247a0,PVGCOLOR::getVersion(),0x00058ea0,__cxa_guard_release@plt,DIRECT_CALL
0x000247a4,PVGCOLOR::getVersion(),0x000246ec,PVGCOLOR::getVersion()+0x2aa4,BRANCH
0x000247ac,PVGCOLOR::getVersion(),N/A,"x0, 0x64000",ADRP_PAGE_REF
0x000247b4,PVGCOLOR::getVersion(),0x00058ed0,__cxa_guard_abort@plt,DIRECT_CALL
0x000247bc,PVGCOLOR::getVersion(),0x00054f14,"PVGCOLOR::PVGOpenGL::createComputeShader(char const*, int*)+0x249c",DIRECT_CALL
0x000247dc,PVGCOLOR::getVersion(),N/A,"x8, 0x64000",ADRP_PAGE_REF
0x000247f0,PVGCOLOR::getVersion(),N/A,"x8, 0x64000",ADRP_PAGE_REF
0x00024878,PVGCOLOR::getVersion(),N/A,"x0, 0x64000",ADRP_PAGE_REF
0x00024880,PVGCOLOR::getVersion(),0x00058e90,__cxa_guard_acquire@plt,DIRECT_CALL
0x00024890,PVGCOLOR::getVersion(),0x000230a4,PVGCOLOR::getVersion()+0x145c,DIRECT_CALL
0x00024894,PVGCOLOR::getVersion(),N/A,"x8, 0x64000",ADRP_PAGE_REF
0x000248a4,PVGCOLOR::getVersion(),0x00058ea0,__cxa_guard_release@plt,DIRECT_CALL
0x000248a8,PVGCOLOR::getVersion(),0x000247f0,PVGCOLOR::getVersion()+0x2ba8,BRANCH
0x000248b0,PVGCOLOR::getVersion(),N/A,"x0, 0x64000",ADRP_PAGE_REF
0x000248b8,PVGCOLOR::getVersion(),0x00058ed0,__cxa_guard_abort@plt,DIRECT_CALL
0x000248c0,PVGCOLOR::getVersion(),0x00054f14,"PVGCOLOR::PVGOpenGL::createComputeShader(char const*, int*)+0x249c",DIRECT_CALL
0x000248e0,PVGCOLOR::getVersion(),N/A,"x8, 0x64000",ADRP_PAGE_REF
0x000248f4,PVGCOLOR::getVersion(),N/A,"x8, 0x64000",ADRP_PAGE_REF
0x0002497c,PVGCOLOR::getVersion(),N/A,"x0, 0x64000",ADRP_PAGE_REF
0x00024984,PVGCOLOR::getVersion(),0x00058e90,__cxa_guard_acquire@plt,DIRECT_CALL
0x00024994,PVGCOLOR::getVersion(),0x000230a4,PVGCOLOR::getVersion()+0x145c,DIRECT_CALL
0x00024998,PVGCOLOR::getVersion(),N/A,"x8, 0x64000",ADRP_PAGE_REF
0x000249a8,PVGCOLOR::getVersion(),0x00058ea0,__cxa_guard_release@plt,DIRECT_CALL
0x000249ac,PVGCOLOR::getVersion(),0x000248f4,PVGCOLOR::getVersion()+0x2cac,BRANCH
0x000249b4,PVGCOLOR::getVersion(),N/A,"x0, 0x64000",ADRP_PAGE_REF
0x000249bc,PVGCOLOR::getVersion(),0x00058ed0,__cxa_guard_abort@plt,DIRECT_CALL
0x000249c4,PVGCOLOR::getVersion(),0x00054f14,"PVGCOLOR::PVGOpenGL::createComputeShader(char const*, int*)+0x249c",DIRECT_CALL
0x000249e4,PVGCOLOR::getVersion(),N/A,"x8, 0x64000",ADRP_PAGE_REF
0x000249f8,PVGCOLOR::getVersion(),N/A,"x8, 0x64000",ADRP_PAGE_REF
0x00024a80,PVGCOLOR::getVersion(),N/A,"x0, 0x64000",ADRP_PAGE_REF
0x00024a88,PVGCOLOR::getVersion(),0x00058e90,__cxa_guard_acquire@plt,DIRECT_CALL
0x00024a98,PVGCOLOR::getVersion(),0x000230a4,PVGCOLOR::getVersion()+0x145c,DIRECT_CALL
0x00024a9c,PVGCOLOR::getVersion(),N/A,"x8, 0x64000",ADRP_PAGE_REF
0x00024aac,PVGCOLOR::getVersion(),0x00058ea0,__cxa_guard_release@plt,DIRECT_CALL
0x00024ab0,PVGCOLOR::getVersion(),0x000249f8,PVGCOLOR::getVersion()+0x2db0,BRANCH
0x00024ab8,PVGCOLOR::getVersion(),N/A,"x0, 0x64000",ADRP_PAGE_REF
0x00024ac0,PVGCOLOR::getVersion(),0x00058ed0,__cxa_guard_abort@plt,DIRECT_CALL
0x00024ac8,PVGCOLOR::getVersion(),0x00054f14,"PVGCOLOR::PVGOpenGL::createComputeShader(char const*, int*)+0x249c",DIRECT_CALL
0x00024ae8,PVGCOLOR::getVersion(),N/A,"x8, 0x64000",ADRP_PAGE_REF
0x00024afc,PVGCOLOR::getVersion(),N/A,"x8, 0x64000",ADRP_PAGE_REF
0x00024b84,PVGCOLOR::getVersion(),N/A,"x0, 0x64000",ADRP_PAGE_REF
0x00024b8c,PVGCOLOR::getVersion(),0x00058e90,__cxa_guard_acquire@plt,DIRECT_CALL
0x00024b9c,PVGCOLOR::getVersion(),0x000230a4,PVGCOLOR::getVersion()+0x145c,DIRECT_CALL
0x00024ba0,PVGCOLOR::getVersion(),N/A,"x8, 0x64000",ADRP_PAGE_REF
0x00024bb0,PVGCOLOR::getVersion(),0x00058ea0,__cxa_guard_release@plt,DIRECT_CALL
0x00024bb4,PVGCOLOR::getVersion(),0x00024afc,PVGCOLOR::getVersion()+0x2eb4,BRANCH
0x00024bbc,PVGCOLOR::getVersion(),N/A,"x0, 0x64000",ADRP_PAGE_REF
0x00024bc4,PVGCOLOR::getVersion(),0x00058ed0,__cxa_guard_abort@plt,DIRECT_CALL
0x00024bcc,PVGCOLOR::getVersion(),0x00054f14,"PVGCOLOR::PVGOpenGL::createComputeShader(char const*, int*)+0x249c",DIRECT_CALL
0x00024bec,PVGCOLOR::getVersion(),N/A,"x8, 0x64000",ADRP_PAGE_REF
0x00024c00,PVGCOLOR::getVersion(),N/A,"x8, 0x64000",ADRP_PAGE_REF
0x00024c88,PVGCOLOR::getVersion(),N/A,"x0, 0x64000",ADRP_PAGE_REF
0x00024c90,PVGCOLOR::getVersion(),0x00058e90,__cxa_guard_acquire@plt,DIRECT_CALL
0x00024ca0,PVGCOLOR::getVersion(),0x000230a4,PVGCOLOR::getVersion()+0x145c,DIRECT_CALL
0x00024ca4,PVGCOLOR::getVersion(),N/A,"x8, 0x64000",ADRP_PAGE_REF
0x00024cb4,PVGCOLOR::getVersion(),0x00058ea0,__cxa_guard_release@plt,DIRECT_CALL
0x00024cb8,PVGCOLOR::getVersion(),0x00024c00,PVGCOLOR::getVersion()+0x2fb8,BRANCH
0x00024cc0,PVGCOLOR::getVersion(),N/A,"x0, 0x64000",ADRP_PAGE_REF
0x00024cc8,PVGCOLOR::getVersion(),0x00058ed0,__cxa_guard_abort@plt,DIRECT_CALL
0x00024cd0,PVGCOLOR::getVersion(),0x00054f14,"PVGCOLOR::PVGOpenGL::createComputeShader(char const*, int*)+0x249c",DIRECT_CALL
0x00024cf0,PVGCOLOR::getVersion(),N/A,"x8, 0x64000",ADRP_PAGE_REF
0x00024d04,PVGCOLOR::getVersion(),N/A,"x8, 0x64000",ADRP_PAGE_REF
0x00024d8c,PVGCOLOR::getVersion(),N/A,"x0, 0x64000",ADRP_PAGE_REF
0x00024d94,PVGCOLOR::getVersion(),0x00058e90,__cxa_guard_acquire@plt,DIRECT_CALL
0x00024da4,PVGCOLOR::getVersion(),0x000230a4,PVGCOLOR::getVersion()+0x145c,DIRECT_CALL
0x00024da8,PVGCOLOR::getVersion(),N/A,"x8, 0x64000",ADRP_PAGE_REF
0x00024db8,PVGCOLOR::getVersion(),0x00058ea0,__cxa_guard_release@plt,DIRECT_CALL
0x00024dbc,PVGCOLOR::getVersion(),0x00024d04,PVGCOLOR::getVersion()+0x30bc,BRANCH
0x00024dc4,PVGCOLOR::getVersion(),N/A,"x0, 0x64000",ADRP_PAGE_REF
0x00024dcc,PVGCOLOR::getVersion(),0x00058ed0,__cxa_guard_abort@plt,DIRECT_CALL
0x00024dd4,PVGCOLOR::getVersion(),0x00054f14,"PVGCOLOR::PVGOpenGL::createComputeShader(char const*, int*)+0x249c",DIRECT_CALL
0x00024df4,PVGCOLOR::getVersion(),N/A,"x8, 0x64000",ADRP_PAGE_REF
0x00024e08,PVGCOLOR::getVersion(),N/A,"x8, 0x64000",ADRP_PAGE_REF
0x00024e90,PVGCOLOR::getVersion(),N/A,"x0, 0x64000",ADRP_PAGE_REF
0x00024e98,PVGCOLOR::getVersion(),0x00058e90,__cxa_guard_acquire@plt,DIRECT_CALL
0x00024ea8,PVGCOLOR::getVersion(),0x000230a4,PVGCOLOR::getVersion()+0x145c,DIRECT_CALL
0x00024eac,PVGCOLOR::getVersion(),N/A,"x8, 0x64000",ADRP_PAGE_REF
0x00024ebc,PVGCOLOR::getVersion(),0x00058ea0,__cxa_guard_release@plt,DIRECT_CALL
0x00024ec0,PVGCOLOR::getVersion(),0x00024e08,PVGCOLOR::getVersion()+0x31c0,BRANCH
0x00024ec8,PVGCOLOR::getVersion(),N/A,"x0, 0x64000",ADRP_PAGE_REF
0x00024ed0,PVGCOLOR::getVersion(),0x00058ed0,__cxa_guard_abort@plt,DIRECT_CALL
0x00024ed8,PVGCOLOR::getVersion(),0x00054f14,"PVGCOLOR::PVGOpenGL::createComputeShader(char const*, int*)+0x249c",DIRECT_CALL
0x00024ef8,PVGCOLOR::getVersion(),N/A,"x8, 0x64000",ADRP_PAGE_REF
0x00024f0c,PVGCOLOR::getVersion(),N/A,"x8, 0x64000",ADRP_PAGE_REF
0x00024f94,PVGCOLOR::getVersion(),N/A,"x0, 0x64000",ADRP_PAGE_REF
0x00024f9c,PVGCOLOR::getVersion(),0x00058e90,__cxa_guard_acquire@plt,DIRECT_CALL
0x00024fac,PVGCOLOR::getVersion(),0x000230a4,PVGCOLOR::getVersion()+0x145c,DIRECT_CALL
0x00024fb0,PVGCOLOR::getVersion(),N/A,"x8, 0x64000",ADRP_PAGE_REF
0x00024fc0,PVGCOLOR::getVersion(),0x00058ea0,__cxa_guard_release@plt,DIRECT_CALL
0x00024fc4,PVGCOLOR::getVersion(),0x00024f0c,PVGCOLOR::getVersion()+0x32c4,BRANCH
0x00024fcc,PVGCOLOR::getVersion(),N/A,"x0, 0x64000",ADRP_PAGE_REF
0x00024fd4,PVGCOLOR::getVersion(),0x00058ed0,__cxa_guard_abort@plt,DIRECT_CALL
0x00024fdc,PVGCOLOR::getVersion(),0x00054f14,"PVGCOLOR::PVGOpenGL::createComputeShader(char const*, int*)+0x249c",DIRECT_CALL
0x00024ffc,PVGCOLOR::getVersion(),N/A,"x8, 0x64000",ADRP_PAGE_REF
0x00025010,PVGCOLOR::getVersion(),N/A,"x8, 0x64000",ADRP_PAGE_REF
0x00025098,PVGCOLOR::getVersion(),N/A,"x0, 0x64000",ADRP_PAGE_REF
0x000250a0,PVGCOLOR::getVersion(),0x00058e90,__cxa_guard_acquire@plt,DIRECT_CALL
0x000250b0,PVGCOLOR::getVersion(),0x000230a4,PVGCOLOR::getVersion()+0x145c,DIRECT_CALL
0x000250b4,PVGCOLOR::getVersion(),N/A,"x8, 0x64000",ADRP_PAGE_REF
0x000250c4,PVGCOLOR::getVersion(),0x00058ea0,__cxa_guard_release@plt,DIRECT_CALL
0x000250c8,PVGCOLOR::getVersion(),0x00025010,PVGCOLOR::getVersion()+0x33c8,BRANCH
0x000250d0,PVGCOLOR::getVersion(),N/A,"x0, 0x64000",ADRP_PAGE_REF
0x000250d8,PVGCOLOR::getVersion(),0x00058ed0,__cxa_guard_abort@plt,DIRECT_CALL
0x000250e0,PVGCOLOR::getVersion(),0x00054f14,"PVGCOLOR::PVGOpenGL::createComputeShader(char const*, int*)+0x249c",DIRECT_CALL
0x00025100,PVGCOLOR::getVersion(),N/A,"x8, 0x64000",ADRP_PAGE_REF
0x00025114,PVGCOLOR::getVersion(),N/A,"x8, 0x64000",ADRP_PAGE_REF
0x0002519c,PVGCOLOR::getVersion(),N/A,"x0, 0x64000",ADRP_PAGE_REF
0x000251a4,PVGCOLOR::getVersion(),0x00058e90,__cxa_guard_acquire@plt,DIRECT_CALL
0x000251b4,PVGCOLOR::getVersion(),0x000230a4,PVGCOLOR::getVersion()+0x145c,DIRECT_CALL
0x000251b8,PVGCOLOR::getVersion(),N/A,"x8, 0x64000",ADRP_PAGE_REF
0x000251c8,PVGCOLOR::getVersion(),0x00058ea0,__cxa_guard_release@plt,DIRECT_CALL
0x000251cc,PVGCOLOR::getVersion(),0x00025114,PVGCOLOR::getVersion()+0x34cc,BRANCH
0x000251d4,PVGCOLOR::getVersion(),N/A,"x0, 0x64000",ADRP_PAGE_REF
0x000251dc,PVGCOLOR::getVersion(),0x00058ed0,__cxa_guard_abort@plt,DIRECT_CALL
0x000251e4,PVGCOLOR::getVersion(),0x00054f14,"PVGCOLOR::PVGOpenGL::createComputeShader(char const*, int*)+0x249c",DIRECT_CALL
0x00025204,PVGCOLOR::getVersion(),N/A,"x8, 0x64000",ADRP_PAGE_REF
0x00025218,PVGCOLOR::getVersion(),N/A,"x8, 0x64000",ADRP_PAGE_REF
0x000252a0,PVGCOLOR::getVersion(),N/A,"x0, 0x64000",ADRP_PAGE_REF
0x000252a8,PVGCOLOR::getVersion(),0x00058e90,__cxa_guard_acquire@plt,DIRECT_CALL
0x000252b8,PVGCOLOR::getVersion(),0x000230a4,PVGCOLOR::getVersion()+0x145c,DIRECT_CALL
0x000252bc,PVGCOLOR::getVersion(),N/A,"x8, 0x64000",ADRP_PAGE_REF
0x000252cc,PVGCOLOR::getVersion(),0x00058ea0,__cxa_guard_release@plt,DIRECT_CALL
0x000252d0,PVGCOLOR::getVersion(),0x00025218,PVGCOLOR::getVersion()+0x35d0,BRANCH
0x000252d8,PVGCOLOR::getVersion(),N/A,"x0, 0x64000",ADRP_PAGE_REF
0x000252e0,PVGCOLOR::getVersion(),0x00058ed0,__cxa_guard_abort@plt,DIRECT_CALL
0x000252e8,PVGCOLOR::getVersion(),0x00054f14,"PVGCOLOR::PVGOpenGL::createComputeShader(char const*, int*)+0x249c",DIRECT_CALL
0x00025308,PVGCOLOR::getVersion(),N/A,"x8, 0x64000",ADRP_PAGE_REF
0x0002531c,PVGCOLOR::getVersion(),N/A,"x8, 0x64000",ADRP_PAGE_REF
0x000253a4,PVGCOLOR::getVersion(),N/A,"x0, 0x64000",ADRP_PAGE_REF
0x000253ac,PVGCOLOR::getVersion(),0x00058e90,__cxa_guard_acquire@plt,DIRECT_CALL
0x000253bc,PVGCOLOR::getVersion(),0x000230a4,PVGCOLOR::getVersion()+0x145c,DIRECT_CALL
0x000253c0,PVGCOLOR::getVersion(),N/A,"x8, 0x64000",ADRP_PAGE_REF
0x000253d0,PVGCOLOR::getVersion(),0x00058ea0,__cxa_guard_release@plt,DIRECT_CALL
0x000253d4,PVGCOLOR::getVersion(),0x0002531c,PVGCOLOR::getVersion()+0x36d4,BRANCH
0x000253dc,PVGCOLOR::getVersion(),N/A,"x0, 0x64000",ADRP_PAGE_REF
0x000253e4,PVGCOLOR::getVersion(),0x00058ed0,__cxa_guard_abort@plt,DIRECT_CALL
0x000253ec,PVGCOLOR::getVersion(),0x00054f14,"PVGCOLOR::PVGOpenGL::createComputeShader(char const*, int*)+0x249c",DIRECT_CALL
0x0002540c,PVGCOLOR::getVersion(),N/A,"x8, 0x64000",ADRP_PAGE_REF
0x00025420,PVGCOLOR::getVersion(),N/A,"x8, 0x64000",ADRP_PAGE_REF
0x000254a8,PVGCOLOR::getVersion(),N/A,"x0, 0x64000",ADRP_PAGE_REF
0x000254b0,PVGCOLOR::getVersion(),0x00058e90,__cxa_guard_acquire@plt,DIRECT_CALL
0x000254c0,PVGCOLOR::getVersion(),0x000230a4,PVGCOLOR::getVersion()+0x145c,DIRECT_CALL
0x000254c4,PVGCOLOR::getVersion(),N/A,"x8, 0x64000",ADRP_PAGE_REF
0x000254d4,PVGCOLOR::getVersion(),0x00058ea0,__cxa_guard_release@plt,DIRECT_CALL
0x000254d8,PVGCOLOR::getVersion(),0x00025420,PVGCOLOR::getVersion()+0x37d8,BRANCH
0x000254e0,PVGCOLOR::getVersion(),N/A,"x0, 0x64000",ADRP_PAGE_REF
0x000254e8,PVGCOLOR::getVersion(),0x00058ed0,__cxa_guard_abort@plt,DIRECT_CALL
0x000254f0,PVGCOLOR::getVersion(),0x00054f14,"PVGCOLOR::PVGOpenGL::createComputeShader(char const*, int*)+0x249c",DIRECT_CALL
0x00025510,PVGCOLOR::getVersion(),N/A,"x8, 0x64000",ADRP_PAGE_REF
0x00025524,PVGCOLOR::getVersion(),N/A,"x8, 0x64000",ADRP_PAGE_REF
0x000255ac,PVGCOLOR::getVersion(),N/A,"x0, 0x64000",ADRP_PAGE_REF
0x000255b4,PVGCOLOR::getVersion(),0x00058e90,__cxa_guard_acquire@plt,DIRECT_CALL
0x000255c4,PVGCOLOR::getVersion(),0x000230a4,PVGCOLOR::getVersion()+0x145c,DIRECT_CALL
0x000255c8,PVGCOLOR::getVersion(),N/A,"x8, 0x64000",ADRP_PAGE_REF
0x000255d8,PVGCOLOR::getVersion(),0x00058ea0,__cxa_guard_release@plt,DIRECT_CALL
0x000255dc,PVGCOLOR::getVersion(),0x00025524,PVGCOLOR::getVersion()+0x38dc,BRANCH
0x000255e4,PVGCOLOR::getVersion(),N/A,"x0, 0x64000",ADRP_PAGE_REF
0x000255ec,PVGCOLOR::getVersion(),0x00058ed0,__cxa_guard_abort@plt,DIRECT_CALL
0x000255f4,PVGCOLOR::getVersion(),0x00054f14,"PVGCOLOR::PVGOpenGL::createComputeShader(char const*, int*)+0x249c",DIRECT_CALL
0x00025614,PVGCOLOR::getVersion(),N/A,"x8, 0x64000",ADRP_PAGE_REF
0x00025628,PVGCOLOR::getVersion(),N/A,"x8, 0x64000",ADRP_PAGE_REF
0x000256b0,PVGCOLOR::getVersion(),N/A,"x0, 0x64000",ADRP_PAGE_REF
0x000256b8,PVGCOLOR::getVersion(),0x00058e90,__cxa_guard_acquire@plt,DIRECT_CALL
0x000256c8,PVGCOLOR::getVersion(),0x000230a4,PVGCOLOR::getVersion()+0x145c,DIRECT_CALL
0x000256cc,PVGCOLOR::getVersion(),N/A,"x8, 0x64000",ADRP_PAGE_REF
0x000256dc,PVGCOLOR::getVersion(),0x00058ea0,__cxa_guard_release@plt,DIRECT_CALL
0x000256e0,PVGCOLOR::getVersion(),0x00025628,PVGCOLOR::getVersion()+0x39e0,BRANCH
0x000256e8,PVGCOLOR::getVersion(),N/A,"x0, 0x64000",ADRP_PAGE_REF
0x000256f0,PVGCOLOR::getVersion(),0x00058ed0,__cxa_guard_abort@plt,DIRECT_CALL
0x000256f8,PVGCOLOR::getVersion(),0x00054f14,"PVGCOLOR::PVGOpenGL::createComputeShader(char const*, int*)+0x249c",DIRECT_CALL
0x00025740,PVGCOLOR::getVersion(),0x00025760,PVGCOLOR::getVersion()+0x3b18,BRANCH
0x0002575c,PVGCOLOR::getVersion(),0x000257c0,PVGCOLOR::getVersion()+0x3b78,BRANCH
0x0002576c,PVGCOLOR::getVersion(),0x00058f00,log10f@plt,DIRECT_CALL
0x000257a8,PVGCOLOR::getVersion(),0x00058ec0,powf@plt,DIRECT_CALL
0x000257c4,PVGCOLOR::getVersion(),N/A,"x8, 0x64000",ADRP_PAGE_REF
0x000257d0,PVGCOLOR::getVersion(),N/A,"x19, 0x64000",ADRP_PAGE_REF
0x00025880,PVGCOLOR::getVersion(),N/A,"x8, 0x64000",ADRP_PAGE_REF
0x00025894,PVGCOLOR::getVersion(),N/A,"x11, 0xe000",ADRP_PAGE_REF
0x000258dc,PVGCOLOR::getVersion(),N/A,"x10, 0xe000",ADRP_PAGE_REF
0x000258e8,PVGCOLOR::getVersion(),N/A,"x8, 0xe000",ADRP_PAGE_REF
0x00025904,PVGCOLOR::getVersion(),0x00058ec0,powf@plt,DIRECT_CALL
0x00025938,PVGCOLOR::getVersion(),N/A,"x0, 0x64000",ADRP_PAGE_REF
0x00025940,PVGCOLOR::getVersion(),0x00058e90,__cxa_guard_acquire@plt,DIRECT_CALL
0x00025950,PVGCOLOR::getVersion(),0x000230a4,PVGCOLOR::getVersion()+0x145c,DIRECT_CALL
0x00025960,PVGCOLOR::getVersion(),0x00058ea0,__cxa_guard_release@plt,DIRECT_CALL
0x00025964,PVGCOLOR::getVersion(),0x000257f0,PVGCOLOR::getVersion()+0x3ba8,BRANCH
0x00025968,PVGCOLOR::getVersion(),N/A,"x0, 0x64000",ADRP_PAGE_REF
0x00025970,PVGCOLOR::getVersion(),0x00058e90,__cxa_guard_acquire@plt,DIRECT_CALL
0x00025980,PVGCOLOR::getVersion(),0x000230a4,PVGCOLOR::getVersion()+0x145c,DIRECT_CALL
0x00025990,PVGCOLOR::getVersion(),0x00058ea0,__cxa_guard_release@plt,DIRECT_CALL
0x00025994,PVGCOLOR::getVersion(),0x00025840,PVGCOLOR::getVersion()+0x3bf8,BRANCH
0x00025998,PVGCOLOR::getVersion(),N/A,"x0, 0x64000",ADRP_PAGE_REF
0x000259a0,PVGCOLOR::getVersion(),0x00058e90,__cxa_guard_acquire@plt,DIRECT_CALL
0x000259b0,PVGCOLOR::getVersion(),0x000230a4,PVGCOLOR::getVersion()+0x145c,DIRECT_CALL
0x000259bc,PVGCOLOR::getVersion(),0x00058ea0,__cxa_guard_release@plt,DIRECT_CALL
0x000259c0,PVGCOLOR::getVersion(),0x00025880,PVGCOLOR::getVersion()+0x3c38,BRANCH
0x000259c8,PVGCOLOR::getVersion(),N/A,"x0, 0x64000",ADRP_PAGE_REF
0x000259d0,PVGCOLOR::getVersion(),0x00058ed0,__cxa_guard_abort@plt,DIRECT_CALL
0x000259d8,PVGCOLOR::getVersion(),0x00054f14,"PVGCOLOR::PVGOpenGL::createComputeShader(char const*, int*)+0x249c",DIRECT_CALL
0x000259e0,PVGCOLOR::getVersion(),N/A,"x0, 0x64000",ADRP_PAGE_REF
0x000259e8,PVGCOLOR::getVersion(),0x00058ed0,__cxa_guard_abort@plt,DIRECT_CALL
0x000259f0,PVGCOLOR::getVersion(),0x00054f14,"PVGCOLOR::PVGOpenGL::createComputeShader(char const*, int*)+0x249c",DIRECT_CALL
0x000259f8,PVGCOLOR::getVersion(),N/A,"x0, 0x64000",ADRP_PAGE_REF
0x00025a00,PVGCOLOR::getVersion(),0x00058ed0,__cxa_guard_abort@plt,DIRECT_CALL
0x00025a08,PVGCOLOR::getVersion(),0x00054f14,"PVGCOLOR::PVGOpenGL::createComputeShader(char const*, int*)+0x249c",DIRECT_CALL
0x00025a28,PVGCOLOR::getVersion(),N/A,"x8, 0x64000",ADRP_PAGE_REF
0x00025a44,PVGCOLOR::getVersion(),N/A,"x8, 0x64000",ADRP_PAGE_REF
0x00025ac4,PVGCOLOR::getVersion(),0x00025b48,PVGCOLOR::getVersion()+0x3f00,BRANCH
0x00025ad0,PVGCOLOR::getVersion(),0x00025b48,PVGCOLOR::getVersion()+0x3f00,BRANCH
0x00025b6c,PVGCOLOR::getVersion(),N/A,"x0, 0x64000",ADRP_PAGE_REF
0x00025b74,PVGCOLOR::getVersion(),0x00058e90,__cxa_guard_acquire@plt,DIRECT_CALL
0x00025b84,PVGCOLOR::getVersion(),0x000230a4,PVGCOLOR::getVersion()+0x145c,DIRECT_CALL
0x00025b88,PVGCOLOR::getVersion(),N/A,"x8, 0x64000",ADRP_PAGE_REF
0x00025b98,PVGCOLOR::getVersion(),0x00058ea0,__cxa_guard_release@plt,DIRECT_CALL
0x00025b9c,PVGCOLOR::getVersion(),0x00025a44,PVGCOLOR::getVersion()+0x3dfc,BRANCH
0x00025ba4,PVGCOLOR::getVersion(),N/A,"x0, 0x64000",ADRP_PAGE_REF
0x00025bac,PVGCOLOR::getVersion(),0x00058ed0,__cxa_guard_abort@plt,DIRECT_CALL
0x00025bb4,PVGCOLOR::getVersion(),0x00054f14,"PVGCOLOR::PVGOpenGL::createComputeShader(char const*, int*)+0x249c",DIRECT_CALL
0x00025bd4,PVGCOLOR::getVersion(),N/A,"x8, 0x64000",ADRP_PAGE_REF
0x00025be8,PVGCOLOR::getVersion(),N/A,"x8, 0x64000",ADRP_PAGE_REF
0x00025c90,PVGCOLOR::getVersion(),N/A,"x0, 0x64000",ADRP_PAGE_REF
0x00025c98,PVGCOLOR::getVersion(),0x00058e90,__cxa_guard_acquire@plt,DIRECT_CALL
0x00025ca8,PVGCOLOR::getVersion(),0x000230a4,PVGCOLOR::getVersion()+0x145c,DIRECT_CALL
0x00025cac,PVGCOLOR::getVersion(),N/A,"x8, 0x64000",ADRP_PAGE_REF
0x00025cbc,PVGCOLOR::getVersion(),0x00058ea0,__cxa_guard_release@plt,DIRECT_CALL
0x00025cc0,PVGCOLOR::getVersion(),0x00025be8,PVGCOLOR::getVersion()+0x3fa0,BRANCH
0x00025cc8,PVGCOLOR::getVersion(),N/A,"x0, 0x64000",ADRP_PAGE_REF
0x00025cd0,PVGCOLOR::getVersion(),0x00058ed0,__cxa_guard_abort@plt,DIRECT_CALL
0x00025cd8,PVGCOLOR::getVersion(),0x00054f14,"PVGCOLOR::PVGOpenGL::createComputeShader(char const*, int*)+0x249c",DIRECT_CALL
0x00025d18,PVGCOLOR::getVersion(),0x00058ec0,powf@plt,DIRECT_CALL
0x00025d28,PVGCOLOR::getVersion(),0x00058ec0,powf@plt,DIRECT_CALL
0x00025d38,PVGCOLOR::getVersion(),0x00058ec0,powf@plt,DIRECT_CALL
0x00025d84,PVGCOLOR::getVersion(),0x00058f10,log2f@plt,DIRECT_CALL
0x00025da8,PVGCOLOR::getVersion(),0x00025db8,PVGCOLOR::getVersion()+0x4170,BRANCH
0x00025db4,PVGCOLOR::getVersion(),0x00025e10,PVGCOLOR::getVersion()+0x41c8,BRANCH
0x00025dc8,PVGCOLOR::getVersion(),0x00025dfc,PVGCOLOR::getVersion()+0x41b4,BRANCH
0x00025df8,PVGCOLOR::getVersion(),0x00025e10,PVGCOLOR::getVersion()+0x41c8,BRANCH
0x00025e1c,PVGCOLOR::getVersion(),0x00058ec0,powf@plt,DIRECT_CALL
0x00025efc,PVGCOLOR::getVersion(),0x00058ec0,powf@plt,DIRECT_CALL
0x00025f30,PVGCOLOR::getVersion(),0x00058ec0,powf@plt,DIRECT_CALL
0x00025f64,PVGCOLOR::getVersion(),0x00058ec0,powf@plt,DIRECT_CALL
0x00025fb8,PVGCOLOR::getVersion(),0x00025fd4,PVGCOLOR::getVersion()+0x438c,BRANCH
0x00025fd4,PVGCOLOR::getVersion(),0x000243b0,PVGCOLOR::getVersion()+0x2768,BRANCH
0x00025fd8,PVGCOLOR::getVersion(),0x00024dd8,PVGCOLOR::getVersion()+0x3190,BRANCH
0x00025fdc,PVGCOLOR::getVersion(),0x000251e8,PVGCOLOR::getVersion()+0x35a0,BRANCH
0x00025fe0,PVGCOLOR::getVersion(),0x000241a8,PVGCOLOR::getVersion()+0x2560,BRANCH
0x00025fe4,PVGCOLOR::getVersion(),0x000255f8,PVGCOLOR::getVersion()+0x39b0,BRANCH
0x00025fe8,PVGCOLOR::getVersion(),0x00024bd0,PVGCOLOR::getVersion()+0x2f88,BRANCH
0x00025ff0,PVGCOLOR::getVersion(),0x000253f0,PVGCOLOR::getVersion()+0x37a8,BRANCH
0x00025ff4,PVGCOLOR::getVersion(),0x000249c8,PVGCOLOR::getVersion()+0x2d80,BRANCH
0x00025ff8,PVGCOLOR::getVersion(),0x000245b8,PVGCOLOR::getVersion()+0x2970,BRANCH
0x00025ffc,PVGCOLOR::getVersion(),0x00024fe0,PVGCOLOR::getVersion()+0x3398,BRANCH
0x00026000,PVGCOLOR::getVersion(),0x000247c0,PVGCOLOR::getVersion()+0x2b78,BRANCH
0x0002600c,PVGCOLOR::getVersion(),0x00026028,PVGCOLOR::getVersion()+0x43e0,BRANCH
0x00026028,PVGCOLOR::getVersion(),0x000244b4,PVGCOLOR::getVersion()+0x286c,BRANCH
0x0002602c,PVGCOLOR::getVersion(),0x00024edc,PVGCOLOR::getVersion()+0x3294,BRANCH
0x00026030,PVGCOLOR::getVersion(),0x000252ec,PVGCOLOR::getVersion()+0x36a4,BRANCH
0x00026034,PVGCOLOR::getVersion(),0x000242ac,PVGCOLOR::getVersion()+0x2664,BRANCH
0x0002603c,PVGCOLOR::getVersion(),0x000256fc,PVGCOLOR::getVersion()+0x3ab4,BRANCH
0x00026040,PVGCOLOR::getVersion(),0x00024cd4,PVGCOLOR::getVersion()+0x308c,BRANCH
0x00026048,PVGCOLOR::getVersion(),0x000254f4,PVGCOLOR::getVersion()+0x38ac,BRANCH
0x0002604c,PVGCOLOR::getVersion(),0x00024acc,PVGCOLOR::getVersion()+0x2e84,BRANCH
0x00026050,PVGCOLOR::getVersion(),0x000246bc,PVGCOLOR::getVersion()+0x2a74,BRANCH
0x00026054,PVGCOLOR::getVersion(),0x000250e4,PVGCOLOR::getVersion()+0x349c,BRANCH
0x00026058,PVGCOLOR::getVersion(),0x000248c4,PVGCOLOR::getVersion()+0x2c7c,BRANCH
0x00026068,PVGCOLOR::getVersion(),0x000260d0,PVGCOLOR::getVersion()+0x4488,BRANCH
0x00026070,PVGCOLOR::getVersion(),0x00026128,PVGCOLOR::getVersion()+0x44e0,BRANCH
0x00026078,PVGCOLOR::getVersion(),0x00026300,PVGCOLOR::getVersion()+0x46b8,BRANCH
0x00026080,PVGCOLOR::getVersion(),0x00026260,PVGCOLOR::getVersion()+0x4618,BRANCH
0x00026094,PVGCOLOR::getVersion(),0x000260bc,PVGCOLOR::getVersion()+0x4474,BRANCH
0x000260d4,PVGCOLOR::getVersion(),0x0002618c,PVGCOLOR::getVersion()+0x4544,BRANCH
0x000260dc,PVGCOLOR::getVersion(),0x000262b0,PVGCOLOR::getVersion()+0x4668,BRANCH
0x000260e4,PVGCOLOR::getVersion(),0x00026208,PVGCOLOR::getVersion()+0x45c0,BRANCH
0x000260f8,PVGCOLOR::getVersion(),0x000260bc,PVGCOLOR::getVersion()+0x4474,BRANCH
0x00026124,PVGCOLOR::getVersion(),0x0002631c,PVGCOLOR::getVersion()+0x46d4,BRANCH
0x0002612c,PVGCOLOR::getVersion(),0x00026340,PVGCOLOR::getVersion()+0x46f8,BRANCH
0x00026134,PVGCOLOR::getVersion(),0x000261a8,PVGCOLOR::getVersion()+0x4560,BRANCH
0x00026148,PVGCOLOR::getVersion(),0x000260bc,PVGCOLOR::getVersion()+0x4474,BRANCH
0x00026190,PVGCOLOR::getVersion(),0x000261d4,PVGCOLOR::getVersion()+0x458c,BRANCH
0x000261a4,PVGCOLOR::getVersion(),0x000260bc,PVGCOLOR::getVersion()+0x4474,BRANCH
0x00026374,PVGCOLOR::getVersion(),0x000263d4,PVGCOLOR::getVersion()+0x478c,BRANCH
0x0002637c,PVGCOLOR::getVersion(),0x0002642c,PVGCOLOR::getVersion()+0x47e4,BRANCH
0x00026384,PVGCOLOR::getVersion(),0x0002649c,PVGCOLOR::getVersion()+0x4854,BRANCH
0x0002638c,PVGCOLOR::getVersion(),0x00026584,PVGCOLOR::getVersion()+0x493c,BRANCH
0x000263d0,PVGCOLOR::getVersion(),0x00026608,PVGCOLOR::getVersion()+0x49c0,BRANCH
0x000263d8,PVGCOLOR::getVersion(),0x00026468,PVGCOLOR::getVersion()+0x4820,BRANCH
0x000263e0,PVGCOLOR::getVersion(),0x000264f0,PVGCOLOR::getVersion()+0x48a8,BRANCH
0x000263e8,PVGCOLOR::getVersion(),0x00026584,PVGCOLOR::getVersion()+0x493c,BRANCH
0x00026428,PVGCOLOR::getVersion(),0x00026608,PVGCOLOR::getVersion()+0x49c0,BRANCH
0x00026430,PVGCOLOR::getVersion(),0x00026510,PVGCOLOR::getVersion()+0x48c8,BRANCH
0x00026438,PVGCOLOR::getVersion(),0x00026584,PVGCOLOR::getVersion()+0x493c,BRANCH
0x00026464,PVGCOLOR::getVersion(),0x00026608,PVGCOLOR::getVersion()+0x49c0,BRANCH
0x0002646c,PVGCOLOR::getVersion(),0x00026548,PVGCOLOR::getVersion()+0x4900,BRANCH
0x00026474,PVGCOLOR::getVersion(),0x00026584,PVGCOLOR::getVersion()+0x493c,BRANCH
0x00026498,PVGCOLOR::getVersion(),0x00026608,PVGCOLOR::getVersion()+0x49c0,BRANCH
0x000264ec,PVGCOLOR::getVersion(),0x00026608,PVGCOLOR::getVersion()+0x49c0,BRANCH
0x0002650c,PVGCOLOR::getVersion(),0x00026608,PVGCOLOR::getVersion()+0x49c0,BRANCH
0x00026544,PVGCOLOR::getVersion(),0x00026608,PVGCOLOR::getVersion()+0x49c0,BRANCH
0x00026580,PVGCOLOR::getVersion(),0x00026608,PVGCOLOR::getVersion()+0x49c0,BRANCH
0x0002658c,PVGCOLOR::getVersion(),0x000265b0,PVGCOLOR::getVersion()+0x4968,BRANCH
0x000265ac,PVGCOLOR::getVersion(),0x00026608,PVGCOLOR::getVersion()+0x49c0,BRANCH
0x000265b8,PVGCOLOR::getVersion(),0x000265f8,PVGCOLOR::getVersion()+0x49b0,BRANCH
0x000265e4,PVGCOLOR::getVersion(),0x00026608,PVGCOLOR::getVersion()+0x49c0,BRANCH
0x000265f4,PVGCOLOR::getVersion(),0x00026608,PVGCOLOR::getVersion()+0x49c0,BRANCH
0x00026634,PVGCOLOR::getVersion(),0x000267bc,PVGCOLOR::getVersion()+0x4b74,BRANCH
0x00026644,PVGCOLOR::getVersion(),0x00026688,PVGCOLOR::getVersion()+0x4a40,BRANCH
0x0002664c,PVGCOLOR::getVersion(),0x000266dc,PVGCOLOR::getVersion()+0x4a94,BRANCH
0x00026654,PVGCOLOR::getVersion(),0x000267c0,PVGCOLOR::getVersion()+0x4b78,BRANCH
0x0002665c,PVGCOLOR::getVersion(),0x00026820,PVGCOLOR::getVersion()+0x4bd8,BRANCH
0x00026664,PVGCOLOR::getVersion(),0x000267bc,PVGCOLOR::getVersion()+0x4b74,BRANCH
0x00026684,PVGCOLOR::getVersion(),0x00026744,PVGCOLOR::getVersion()+0x4afc,BRANCH
0x0002668c,PVGCOLOR::getVersion(),0x00026714,PVGCOLOR::getVersion()+0x4acc,BRANCH
0x00026694,PVGCOLOR::getVersion(),0x000267f8,PVGCOLOR::getVersion()+0x4bb0,BRANCH
0x0002669c,PVGCOLOR::getVersion(),0x00026860,PVGCOLOR::getVersion()+0x4c18,BRANCH
0x000266a4,PVGCOLOR::getVersion(),0x000267bc,PVGCOLOR::getVersion()+0x4b74,BRANCH
0x000266e0,PVGCOLOR::getVersion(),0x00026764,PVGCOLOR::getVersion()+0x4b1c,BRANCH
0x000266e8,PVGCOLOR::getVersion(),0x000267bc,PVGCOLOR::getVersion()+0x4b74,BRANCH
0x00026718,PVGCOLOR::getVersion(),0x0002678c,PVGCOLOR::getVersion()+0x4b44,BRANCH
0x00026720,PVGCOLOR::getVersion(),0x000267bc,PVGCOLOR::getVersion()+0x4b74,BRANCH
0x00026738,PVGCOLOR::getVersion(),0x000267bc,PVGCOLOR::getVersion()+0x4b74,BRANCH
0x00026894,PVGCOLOR::getVersion(),0x000268e0,PVGCOLOR::getVersion()+0x4c98,BRANCH
0x0002689c,PVGCOLOR::getVersion(),0x00026928,PVGCOLOR::getVersion()+0x4ce0,BRANCH
0x000268a8,PVGCOLOR::getVersion(),0x0002697c,PVGCOLOR::getVersion()+0x4d34,BRANCH
0x000268b0,PVGCOLOR::getVersion(),0x000269ec,PVGCOLOR::getVersion()+0x4da4,BRANCH
0x000268e4,PVGCOLOR::getVersion(),0x00026970,PVGCOLOR::getVersion()+0x4d28,BRANCH
0x000268ec,PVGCOLOR::getVersion(),0x00026aa4,PVGCOLOR::getVersion()+0x4e5c,BRANCH
0x000268f4,PVGCOLOR::getVersion(),0x00026ad0,PVGCOLOR::getVersion()+0x4e88,BRANCH
0x000268fc,PVGCOLOR::getVersion(),0x000269ec,PVGCOLOR::getVersion()+0x4da4,BRANCH
0x0002692c,PVGCOLOR::getVersion(),0x00026a34,PVGCOLOR::getVersion()+0x4dec,BRANCH
0x00026934,PVGCOLOR::getVersion(),0x00026a68,PVGCOLOR::getVersion()+0x4e20,BRANCH
0x0002693c,PVGCOLOR::getVersion(),0x000269ec,PVGCOLOR::getVersion()+0x4da4,BRANCH
0x00026978,PVGCOLOR::getVersion(),0x000269f0,PVGCOLOR::getVersion()+0x4da8,BRANCH
0x00026984,PVGCOLOR::getVersion(),0x000269ac,PVGCOLOR::getVersion()+0x4d64,BRANCH
0x000269b4,PVGCOLOR::getVersion(),0x000269ec,PVGCOLOR::getVersion()+0x4da4,BRANCH
0x000269f4,PVGCOLOR::getVersion(),0x000269ec,PVGCOLOR::getVersion()+0x4da4,BRANCH
0x00026b20,PVGCOLOR::getVersion(),0x00026b50,PVGCOLOR::getVersion()+0x4f08,BRANCH
0x00026b2c,PVGCOLOR::getVersion(),0x00026c10,PVGCOLOR::getVersion()+0x4fc8,BRANCH
0x00026b34,PVGCOLOR::getVersion(),0x00026de0,PVGCOLOR::getVersion()+0x5198,BRANCH
0x00026b3c,PVGCOLOR::getVersion(),0x00026ddc,PVGCOLOR::getVersion()+0x5194,BRANCH
0x00026b4c,PVGCOLOR::getVersion(),0x00026d98,PVGCOLOR::getVersion()+0x5150,BRANCH
0x00026b54,PVGCOLOR::getVersion(),0x00026bbc,PVGCOLOR::getVersion()+0x4f74,BRANCH
0x00026b5c,PVGCOLOR::getVersion(),0x00026da8,PVGCOLOR::getVersion()+0x5160,BRANCH
0x00026b64,PVGCOLOR::getVersion(),0x00026d20,PVGCOLOR::getVersion()+0x50d8,BRANCH
0x00026b6c,PVGCOLOR::getVersion(),0x00026ddc,PVGCOLOR::getVersion()+0x5194,BRANCH
0x00026bc0,PVGCOLOR::getVersion(),0x00026c10,PVGCOLOR::getVersion()+0x4fc8,BRANCH
0x00026bc8,PVGCOLOR::getVersion(),0x00026ddc,PVGCOLOR::getVersion()+0x5194,BRANCH
0x00026c80,PVGCOLOR::getVersion(),0x00026cd4,PVGCOLOR::getVersion()+0x508c,BRANCH
0x00026c88,PVGCOLOR::getVersion(),0x00026e24,PVGCOLOR::getVersion()+0x51dc,BRANCH
0x00026c90,PVGCOLOR::getVersion(),0x00026e58,PVGCOLOR::getVersion()+0x5210,BRANCH
0x00026c98,PVGCOLOR::getVersion(),0x00026ddc,PVGCOLOR::getVersion()+0x5194,BRANCH
0x00026cb0,PVGCOLOR::getVersion(),0x00026ddc,PVGCOLOR::getVersion()+0x5194,BRANCH
0x00026cd8,PVGCOLOR::getVersion(),0x00026e84,PVGCOLOR::getVersion()+0x523c,BRANCH
0x00026ce0,PVGCOLOR::getVersion(),0x00026ddc,PVGCOLOR::getVersion()+0x5194,BRANCH
0x00026d58,PVGCOLOR::getVersion(),0x00026d80,PVGCOLOR::getVersion()+0x5138,BRANCH
0x00026da4,PVGCOLOR::getVersion(),0x00026dc0,PVGCOLOR::getVersion()+0x5178,BRANCH
0x00026f04,PVGCOLOR::getVersion(),0x00026f4c,PVGCOLOR::getVersion()+0x5304,BRANCH
0x00026f10,PVGCOLOR::getVersion(),0x00026fc8,PVGCOLOR::getVersion()+0x5380,BRANCH
0x00026f18,PVGCOLOR::getVersion(),0x00027288,PVGCOLOR::getVersion()+0x5640,BRANCH
0x00026f48,PVGCOLOR::getVersion(),0x000271fc,PVGCOLOR::getVersion()+0x55b4,BRANCH
0x00026f50,PVGCOLOR::getVersion(),0x00026fbc,PVGCOLOR::getVersion()+0x5374,BRANCH
0x00026f58,PVGCOLOR::getVersion(),0x000271cc,PVGCOLOR::getVersion()+0x5584,BRANCH
0x00026f60,PVGCOLOR::getVersion(),0x0002720c,PVGCOLOR::getVersion()+0x55c4,BRANCH
0x00026f68,PVGCOLOR::getVersion(),0x00027288,PVGCOLOR::getVersion()+0x5640,BRANCH
0x00026fb8,PVGCOLOR::getVersion(),0x00027288,PVGCOLOR::getVersion()+0x5640,BRANCH
0x00026fc4,PVGCOLOR::getVersion(),0x00027288,PVGCOLOR::getVersion()+0x5640,BRANCH
0x00026fd4,PVGCOLOR::getVersion(),0x000270a8,PVGCOLOR::getVersion()+0x5460,BRANCH
0x00026ff4,PVGCOLOR::getVersion(),0x000270c0,PVGCOLOR::getVersion()+0x5478,BRANCH
0x00027000,PVGCOLOR::getVersion(),0x00058eb0,ldexpf@plt,DIRECT_CALL
0x00027070,PVGCOLOR::getVersion(),0x0002711c,PVGCOLOR::getVersion()+0x54d4,BRANCH
0x00027078,PVGCOLOR::getVersion(),0x00027178,PVGCOLOR::getVersion()+0x5530,BRANCH
0x00027080,PVGCOLOR::getVersion(),0x00027150,PVGCOLOR::getVersion()+0x5508,BRANCH
0x000270a4,PVGCOLOR::getVersion(),0x00027288,PVGCOLOR::getVersion()+0x5640,BRANCH
0x000270bc,PVGCOLOR::getVersion(),0x00026ff8,PVGCOLOR::getVersion()+0x53b0,BRANCH
0x000270c8,PVGCOLOR::getVersion(),0x00058eb0,ldexpf@plt,DIRECT_CALL
0x000270dc,PVGCOLOR::getVersion(),0x00058eb0,ldexpf@plt,DIRECT_CALL
0x00027118,PVGCOLOR::getVersion(),0x00027074,PVGCOLOR::getVersion()+0x542c,BRANCH
0x00027120,PVGCOLOR::getVersion(),0x000271a0,PVGCOLOR::getVersion()+0x5558,BRANCH
0x00027128,PVGCOLOR::getVersion(),0x00027150,PVGCOLOR::getVersion()+0x5508,BRANCH
0x0002714c,PVGCOLOR::getVersion(),0x0002718c,PVGCOLOR::getVersion()+0x5544,BRANCH
0x00027158,PVGCOLOR::getVersion(),0x00027250,PVGCOLOR::getVersion()+0x5608,BRANCH
0x00027174,PVGCOLOR::getVersion(),0x00027288,PVGCOLOR::getVersion()+0x5640,BRANCH
0x0002719c,PVGCOLOR::getVersion(),0x00027288,PVGCOLOR::getVersion()+0x5640,BRANCH
0x000271c8,PVGCOLOR::getVersion(),0x00027288,PVGCOLOR::getVersion()+0x5640,BRANCH
0x00027208,PVGCOLOR::getVersion(),0x00027288,PVGCOLOR::getVersion()+0x5640,BRANCH
0x0002724c,PVGCOLOR::getVersion(),0x00027288,PVGCOLOR::getVersion()+0x5640,BRANCH
0x00027258,PVGCOLOR::getVersion(),0x00027288,PVGCOLOR::getVersion()+0x5640,BRANCH
0x000272e8,PVGCOLOR::getVersion(),0x0002790c,PVGCOLOR::getVersion()+0x5cc4,DIRECT_CALL
0x000272fc,PVGCOLOR::getVersion(),0x00021ec8,PVGCOLOR::getVersion()+0x280,DIRECT_CALL
0x00027300,PVGCOLOR::getVersion(),N/A,"x8, 0x64000",ADRP_PAGE_REF
0x00027310,PVGCOLOR::getVersion(),0x00058d50,_ZNSt6__ndk113basic_ostreamIcNS_11char_traitsIcEEElsEi@plt,DIRECT_CALL
0x00027320,PVGCOLOR::getVersion(),0x00058d60,_ZNKSt6__ndk115basic_stringbufIcNS_11char_traitsIcEENS_9allocatorIcEEE3strEv@plt,DIRECT_CALL
0x00027328,PVGCOLOR::getVersion(),0x00058c80,_Znwm@plt,DIRECT_CALL
0x00027330,PVGCOLOR::getVersion(),N/A,"x8, 0xd000",ADRP_PAGE_REF
0x00027360,PVGCOLOR::getVersion(),0x00027370,PVGCOLOR::getVersion()+0x5728,BRANCH
0x0002736c,PVGCOLOR::getVersion(),0x00023024,PVGCOLOR::getVersion()+0x13dc,DIRECT_CALL
0x0002738c,PVGCOLOR::getVersion(),0x000273a4,PVGCOLOR::getVersion()+0x575c,BRANCH
0x00027394,PVGCOLOR::getVersion(),0x000273b4,PVGCOLOR::getVersion()+0x576c,BRANCH
0x0002739c,PVGCOLOR::getVersion(),0x000273d0,PVGCOLOR::getVersion()+0x5788,BRANCH
0x000273a0,PVGCOLOR::getVersion(),0x0002748c,PVGCOLOR::getVersion()+0x5844,BRANCH
0x000273a8,PVGCOLOR::getVersion(),0x000273d0,PVGCOLOR::getVersion()+0x5788,BRANCH
0x000273b0,PVGCOLOR::getVersion(),0x0002748c,PVGCOLOR::getVersion()+0x5844,BRANCH
0x000273c0,PVGCOLOR::getVersion(),0x00058f20,av_malloc@plt,DIRECT_CALL
0x000273cc,PVGCOLOR::getVersion(),0x000273e4,PVGCOLOR::getVersion()+0x579c,BRANCH
0x000273d8,PVGCOLOR::getVersion(),0x00058f20,av_malloc@plt,DIRECT_CALL
0x000273fc,PVGCOLOR::getVersion(),0x00058c20,_ZdlPv@plt,DIRECT_CALL
0x00027400,PVGCOLOR::getVersion(),N/A,"x20, 0x5f000 <typeinfo for std::__ndk1::__function::__base<void (int)>+0x78>",ADRP_PAGE_REF
0x00027420,PVGCOLOR::getVersion(),N/A,"x8, 0x5f000 <typeinfo for std::__ndk1::__function::__base<void (int)>+0x78>",ADRP_PAGE_REF
0x0002743c,PVGCOLOR::getVersion(),0x00058c20,_ZdlPv@plt,DIRECT_CALL
0x00027444,PVGCOLOR::getVersion(),0x00058d70,_ZNSt6__ndk115basic_streambufIcNS_11char_traitsIcEEED2Ev@plt,DIRECT_CALL
0x00027450,PVGCOLOR::getVersion(),0x00058f30,_ZNSt6__ndk114basic_iostreamIcNS_11char_traitsIcEEED2Ev@plt,DIRECT_CALL
0x00027458,PVGCOLOR::getVersion(),0x00058d90,_ZNSt6__ndk19basic_iosIcNS_11char_traitsIcEEED2Ev@plt,DIRECT_CALL
0x00027468,PVGCOLOR::getVersion(),0x00027908,PVGCOLOR::getVersion()+0x5cc0,BRANCH
0x00027494,PVGCOLOR::getVersion(),0x000274c0,PVGCOLOR::getVersion()+0x5878,BRANCH
0x000274a8,PVGCOLOR::getVersion(),0x00058f20,av_malloc@plt,DIRECT_CALL
0x000274bc,PVGCOLOR::getVersion(),0x000273e8,PVGCOLOR::getVersion()+0x57a0,BRANCH
0x000274c8,PVGCOLOR::getVersion(),0x000274e4,PVGCOLOR::getVersion()+0x589c,BRANCH
0x000274d4,PVGCOLOR::getVersion(),0x00058f20,av_malloc@plt,DIRECT_CALL
0x000274e0,PVGCOLOR::getVersion(),0x000273e4,PVGCOLOR::getVersion()+0x579c,BRANCH
0x000274e8,PVGCOLOR::getVersion(),0x00027564,PVGCOLOR::getVersion()+0x591c,BRANCH
0x000274f0,PVGCOLOR::getVersion(),0x000275bc,PVGCOLOR::getVersion()+0x5974,BRANCH
0x000274f8,PVGCOLOR::getVersion(),0x000276a8,PVGCOLOR::getVersion()+0x5a60,BRANCH
0x00027500,PVGCOLOR::getVersion(),0x00027644,PVGCOLOR::getVersion()+0x59fc,BRANCH
0x00027510,PVGCOLOR::getVersion(),0x00058f20,av_malloc@plt,DIRECT_CALL
0x00027544,PVGCOLOR::getVersion(),0x00058f20,av_malloc@plt,DIRECT_CALL
0x00027550,PVGCOLOR::getVersion(),0x00058f20,av_malloc@plt,DIRECT_CALL
0x00027560,PVGCOLOR::getVersion(),0x00027774,PVGCOLOR::getVersion()+0x5b2c,BRANCH
0x00027568,PVGCOLOR::getVersion(),0x000275f8,PVGCOLOR::getVersion()+0x59b0,BRANCH
0x00027570,PVGCOLOR::getVersion(),0x00027720,PVGCOLOR::getVersion()+0x5ad8,BRANCH
0x00027578,PVGCOLOR::getVersion(),0x00027644,PVGCOLOR::getVersion()+0x59fc,BRANCH
0x00027584,PVGCOLOR::getVersion(),0x00058f20,av_malloc@plt,DIRECT_CALL
0x000275a8,PVGCOLOR::getVersion(),0x00058f20,av_malloc@plt,DIRECT_CALL
0x000275b4,PVGCOLOR::getVersion(),0x00058f20,av_malloc@plt,DIRECT_CALL
0x000275b8,PVGCOLOR::getVersion(),0x0002776c,PVGCOLOR::getVersion()+0x5b24,BRANCH
0x000275c0,PVGCOLOR::getVersion(),0x000276e0,PVGCOLOR::getVersion()+0x5a98,BRANCH
0x000275c8,PVGCOLOR::getVersion(),0x00027644,PVGCOLOR::getVersion()+0x59fc,BRANCH
0x000275d8,PVGCOLOR::getVersion(),0x00058f20,av_malloc@plt,DIRECT_CALL
0x000275e4,PVGCOLOR::getVersion(),0x00058f20,av_malloc@plt,DIRECT_CALL
0x000275f0,PVGCOLOR::getVersion(),0x00058f20,av_malloc@plt,DIRECT_CALL
0x000275f4,PVGCOLOR::getVersion(),0x000276d0,PVGCOLOR::getVersion()+0x5a88,BRANCH
0x00027600,PVGCOLOR::getVersion(),0x00058f20,av_malloc@plt,DIRECT_CALL
0x00027634,PVGCOLOR::getVersion(),0x00058f20,av_malloc@plt,DIRECT_CALL
0x00027640,PVGCOLOR::getVersion(),0x000276a0,PVGCOLOR::getVersion()+0x5a58,BRANCH
0x00027648,PVGCOLOR::getVersion(),0x0002777c,PVGCOLOR::getVersion()+0x5b34,BRANCH
0x00027658,PVGCOLOR::getVersion(),0x00058f20,av_malloc@plt,DIRECT_CALL
0x00027690,PVGCOLOR::getVersion(),0x00058f20,av_malloc@plt,DIRECT_CALL
0x000276a4,PVGCOLOR::getVersion(),0x000273f0,PVGCOLOR::getVersion()+0x57a8,BRANCH
0x000276b4,PVGCOLOR::getVersion(),0x00058f20,av_malloc@plt,DIRECT_CALL
0x000276c0,PVGCOLOR::getVersion(),0x00058f20,av_malloc@plt,DIRECT_CALL
0x000276cc,PVGCOLOR::getVersion(),0x00058f20,av_malloc@plt,DIRECT_CALL
0x000276dc,PVGCOLOR::getVersion(),0x000273f0,PVGCOLOR::getVersion()+0x57a8,BRANCH
0x000276e8,PVGCOLOR::getVersion(),0x00058f20,av_malloc@plt,DIRECT_CALL
0x0002770c,PVGCOLOR::getVersion(),0x00058f20,av_malloc@plt,DIRECT_CALL
0x00027718,PVGCOLOR::getVersion(),0x00058f20,av_malloc@plt,DIRECT_CALL
0x0002771c,PVGCOLOR::getVersion(),0x0002776c,PVGCOLOR::getVersion()+0x5b24,BRANCH
0x00027728,PVGCOLOR::getVersion(),0x00058f20,av_malloc@plt,DIRECT_CALL
0x0002775c,PVGCOLOR::getVersion(),0x00058f20,av_malloc@plt,DIRECT_CALL
0x00027768,PVGCOLOR::getVersion(),0x00058f20,av_malloc@plt,DIRECT_CALL
0x00027778,PVGCOLOR::getVersion(),0x000273f0,PVGCOLOR::getVersion()+0x57a8,BRANCH
0x00027780,PVGCOLOR::getVersion(),0x000277e0,PVGCOLOR::getVersion()+0x5b98,BRANCH
0x00027790,PVGCOLOR::getVersion(),0x00058f20,av_malloc@plt,DIRECT_CALL
0x000277b8,PVGCOLOR::getVersion(),0x00058f20,av_malloc@plt,DIRECT_CALL
0x000277c4,PVGCOLOR::getVersion(),0x00058f20,av_malloc@plt,DIRECT_CALL
0x000277dc,PVGCOLOR::getVersion(),0x000273f0,PVGCOLOR::getVersion()+0x57a8,BRANCH
0x000277e8,PVGCOLOR::getVersion(),0x0002782c,PVGCOLOR::getVersion()+0x5be4,BRANCH
0x000277fc,PVGCOLOR::getVersion(),0x00058f20,av_malloc@plt,DIRECT_CALL
0x00027808,PVGCOLOR::getVersion(),0x00058f20,av_malloc@plt,DIRECT_CALL
0x00027814,PVGCOLOR::getVersion(),0x00058f20,av_malloc@plt,DIRECT_CALL
0x00027828,PVGCOLOR::getVersion(),0x000273f0,PVGCOLOR::getVersion()+0x57a8,BRANCH
0x00027830,PVGCOLOR::getVersion(),0x00027880,PVGCOLOR::getVersion()+0x5c38,BRANCH
0x00027844,PVGCOLOR::getVersion(),0x00058f20,av_malloc@plt,DIRECT_CALL
0x00027850,PVGCOLOR::getVersion(),0x00058f20,av_malloc@plt,DIRECT_CALL
0x0002785c,PVGCOLOR::getVersion(),0x00058f20,av_malloc@plt,DIRECT_CALL
0x00027868,PVGCOLOR::getVersion(),0x00058f20,av_malloc@plt,DIRECT_CALL
0x0002787c,PVGCOLOR::getVersion(),0x000273f0,PVGCOLOR::getVersion()+0x57a8,BRANCH
0x00027884,PVGCOLOR::getVersion(),0x000273f0,PVGCOLOR::getVersion()+0x57a8,BRANCH
0x00027890,PVGCOLOR::getVersion(),0x00058f20,av_malloc@plt,DIRECT_CALL
0x00027894,PVGCOLOR::getVersion(),0x000273dc,PVGCOLOR::getVersion()+0x5794,BRANCH
0x00027898,PVGCOLOR::getVersion(),0x000278d4,PVGCOLOR::getVersion()+0x5c8c,BRANCH
0x0002789c,PVGCOLOR::getVersion(),0x000278d4,PVGCOLOR::getVersion()+0x5c8c,BRANCH
0x000278a0,PVGCOLOR::getVersion(),0x000278d4,PVGCOLOR::getVersion()+0x5c8c,BRANCH
0x000278a4,PVGCOLOR::getVersion(),0x000278d4,PVGCOLOR::getVersion()+0x5c8c,BRANCH
0x000278a8,PVGCOLOR::getVersion(),0x000278d4,PVGCOLOR::getVersion()+0x5c8c,BRANCH
0x000278ac,PVGCOLOR::getVersion(),0x000278d4,PVGCOLOR::getVersion()+0x5c8c,BRANCH
0x000278b0,PVGCOLOR::getVersion(),0x000278d4,PVGCOLOR::getVersion()+0x5c8c,BRANCH
0x000278bc,PVGCOLOR::getVersion(),0x00058c20,_ZdlPv@plt,DIRECT_CALL
0x000278c0,PVGCOLOR::getVersion(),0x000278d8,PVGCOLOR::getVersion()+0x5c90,BRANCH
0x000278c8,PVGCOLOR::getVersion(),0x000278e8,PVGCOLOR::getVersion()+0x5ca0,BRANCH
0x000278d0,PVGCOLOR::getVersion(),0x000278e8,PVGCOLOR::getVersion()+0x5ca0,BRANCH
0x000278e4,PVGCOLOR::getVersion(),0x00058c20,_ZdlPv@plt,DIRECT_CALL
0x000278ec,PVGCOLOR::getVersion(),0x00027a38,PVGCOLOR::getVersion()+0x5df0,DIRECT_CALL
0x000278fc,PVGCOLOR::getVersion(),0x00027908,PVGCOLOR::getVersion()+0x5cc0,BRANCH
0x00027904,PVGCOLOR::getVersion(),0x00054f14,"PVGCOLOR::PVGOpenGL::createComputeShader(char const*, int*)+0x249c",DIRECT_CALL
0x00027908,PVGCOLOR::getVersion(),0x00058cb0,__stack_chk_fail@plt,DIRECT_CALL
0x00027924,PVGCOLOR::getVersion(),N/A,"x23, 0x5f000 <typeinfo for std::__ndk1::__function::__base<void (int)>+0x78>",ADRP_PAGE_REF
0x00027928,PVGCOLOR::getVersion(),N/A,"x22, 0x5f000 <typeinfo for std::__ndk1::__function::__base<void (int)>+0x78>",ADRP_PAGE_REF
0x00027978,PVGCOLOR::getVersion(),0x00058d30,_ZNSt6__ndk18ios_base4initEPv@plt,DIRECT_CALL
0x000279c4,PVGCOLOR::getVersion(),0x00058d40,_ZNSt6__ndk115basic_streambufIcNS_11char_traitsIcEEEC2Ev@plt,DIRECT_CALL
0x000279c8,PVGCOLOR::getVersion(),N/A,"x8, 0x5f000 <typeinfo for std::__ndk1::__function::__base<void (int)>+0x78>",ADRP_PAGE_REF
0x00027a10,PVGCOLOR::getVersion(),0x00058f30,_ZNSt6__ndk114basic_iostreamIcNS_11char_traitsIcEEED2Ev@plt,DIRECT_CALL
0x00027a18,PVGCOLOR::getVersion(),0x00058d90,_ZNSt6__ndk19basic_iosIcNS_11char_traitsIcEEED2Ev@plt,DIRECT_CALL
0x00027a20,PVGCOLOR::getVersion(),0x00054f14,"PVGCOLOR::PVGOpenGL::createComputeShader(char const*, int*)+0x249c",DIRECT_CALL
0x00027a2c,PVGCOLOR::getVersion(),0x00058d90,_ZNSt6__ndk19basic_iosIcNS_11char_traitsIcEEED2Ev@plt,DIRECT_CALL
0x00027a34,PVGCOLOR::getVersion(),0x00054f14,"PVGCOLOR::PVGOpenGL::createComputeShader(char const*, int*)+0x249c",DIRECT_CALL
0x00027a48,PVGCOLOR::getVersion(),N/A,"x21, 0x5f000 <typeinfo for std::__ndk1::__function::__base<void (int)>+0x78>",ADRP_PAGE_REF
0x00027a4c,PVGCOLOR::getVersion(),N/A,"x9, 0x5f000 <typeinfo for std::__ndk1::__function::__base<void (int)>+0x78>",ADRP_PAGE_REF
0x00027a8c,PVGCOLOR::getVersion(),0x00058c20,_ZdlPv@plt,DIRECT_CALL
0x00027a94,PVGCOLOR::getVersion(),0x00058d70,_ZNSt6__ndk115basic_streambufIcNS_11char_traitsIcEEED2Ev@plt,DIRECT_CALL
0x00027aa0,PVGCOLOR::getVersion(),0x00058f30,_ZNSt6__ndk114basic_iostreamIcNS_11char_traitsIcEEED2Ev@plt,DIRECT_CALL
0x00027ab4,PVGCOLOR::getVersion(),0x00058d90,_ZNSt6__ndk19basic_iosIcNS_11char_traitsIcEEED2Ev@plt,BRANCH
0x00027adc,PVGCOLOR::getVersion(),0x00027b48,PVGCOLOR::getVersion()+0x5f00,BRANCH
0x00027ae8,PVGCOLOR::getVersion(),0x00027bb0,PVGCOLOR::getVersion()+0x5f68,BRANCH
0x00027b00,PVGCOLOR::getVersion(),0x00027b38,PVGCOLOR::getVersion()+0x5ef0,BRANCH
0x00027b0c,PVGCOLOR::getVersion(),0x00058f40,av_free@plt,DIRECT_CALL
0x00027b1c,PVGCOLOR::getVersion(),0x00058f40,av_free@plt,DIRECT_CALL
0x00027b30,PVGCOLOR::getVersion(),0x00027b5c,PVGCOLOR::getVersion()+0x5f14,BRANCH
0x00027b44,PVGCOLOR::getVersion(),0x00027b7c,PVGCOLOR::getVersion()+0x5f34,BRANCH
0x00027b54,PVGCOLOR::getVersion(),0x00058f40,av_free@plt,DIRECT_CALL
0x00027b68,PVGCOLOR::getVersion(),0x00058c20,_ZdlPv@plt,DIRECT_CALL
0x00027b78,PVGCOLOR::getVersion(),0x00058c20,_ZdlPv@plt,BRANCH
0x00027b8c,PVGCOLOR::getVersion(),0x00027bb0,PVGCOLOR::getVersion()+0x5f68,BRANCH
0x00027b98,PVGCOLOR::getVersion(),0x00058f40,av_free@plt,DIRECT_CALL
0x00027bac,PVGCOLOR::getVersion(),0x00027b5c,PVGCOLOR::getVersion()+0x5f14,BRANCH
0x00027bb8,PVGCOLOR::getVersion(),0x00027b5c,PVGCOLOR::getVersion()+0x5f14,BRANCH
0x00027bc4,PVGCOLOR::getVersion(),0x00058f40,av_free@plt,DIRECT_CALL
0x00027bd4,PVGCOLOR::getVersion(),0x00058f40,av_free@plt,DIRECT_CALL
0x00027be4,PVGCOLOR::getVersion(),0x00058f40,av_free@plt,DIRECT_CALL
0x00027bf8,PVGCOLOR::getVersion(),0x00027b5c,PVGCOLOR::getVersion()+0x5f14,BRANCH
0x00027c2c,PVGCOLOR::getVersion(),0x00027c5c,PVGCOLOR::getVersion()+0x6014,BRANCH
0x00027c34,PVGCOLOR::getVersion(),0x00027dc0,PVGCOLOR::getVersion()+0x6178,BRANCH
0x00027c40,PVGCOLOR::getVersion(),0x00027f3c,PVGCOLOR::getVersion()+0x62f4,BRANCH
0x00027c4c,PVGCOLOR::getVersion(),0x00027ddc,PVGCOLOR::getVersion()+0x6194,BRANCH
0x00027c54,PVGCOLOR::getVersion(),0x00028068,PVGCOLOR::getVersion()+0x6420,BRANCH
0x00027c58,PVGCOLOR::getVersion(),0x000281a0,PVGCOLOR::getVersion()+0x6558,BRANCH
0x00027c60,PVGCOLOR::getVersion(),0x00027ea8,PVGCOLOR::getVersion()+0x6260,BRANCH
0x00027c6c,PVGCOLOR::getVersion(),0x00027eb4,PVGCOLOR::getVersion()+0x626c,BRANCH
0x00027c78,PVGCOLOR::getVersion(),0x00027f34,PVGCOLOR::getVersion()+0x62ec,BRANCH
0x00027c88,PVGCOLOR::getVersion(),0x000281a0,PVGCOLOR::getVersion()+0x6558,BRANCH
0x00027c94,PVGCOLOR::getVersion(),0x000281a0,PVGCOLOR::getVersion()+0x6558,BRANCH
0x00027cb0,PVGCOLOR::getVersion(),0x000281a0,PVGCOLOR::getVersion()+0x6558,BRANCH
0x00027cc8,PVGCOLOR::getVersion(),0x00058ca0,memcpy@plt,DIRECT_CALL
0x00027cd8,PVGCOLOR::getVersion(),0x00027cbc,PVGCOLOR::getVersion()+0x6074,BRANCH
0x00027ce8,PVGCOLOR::getVersion(),0x000281a0,PVGCOLOR::getVersion()+0x6558,BRANCH
0x00027cf4,PVGCOLOR::getVersion(),0x000281a0,PVGCOLOR::getVersion()+0x6558,BRANCH
0x00027d10,PVGCOLOR::getVersion(),0x000281a0,PVGCOLOR::getVersion()+0x6558,BRANCH
0x00027d28,PVGCOLOR::getVersion(),0x00058ca0,memcpy@plt,DIRECT_CALL
0x00027d38,PVGCOLOR::getVersion(),0x00027d1c,PVGCOLOR::getVersion()+0x60d4,BRANCH
0x00027d48,PVGCOLOR::getVersion(),0x000281a0,PVGCOLOR::getVersion()+0x6558,BRANCH
0x00027d54,PVGCOLOR::getVersion(),0x000281a0,PVGCOLOR::getVersion()+0x6558,BRANCH
0x00027d70,PVGCOLOR::getVersion(),0x000281a0,PVGCOLOR::getVersion()+0x6558,BRANCH
0x00027d88,PVGCOLOR::getVersion(),0x00058ca0,memcpy@plt,DIRECT_CALL
0x00027d98,PVGCOLOR::getVersion(),0x00027d7c,PVGCOLOR::getVersion()+0x6134,BRANCH
0x00027db0,PVGCOLOR::getVersion(),0x000281bc,PVGCOLOR::getVersion()+0x6574,DIRECT_CALL
0x00027dbc,PVGCOLOR::getVersion(),0x000281a0,PVGCOLOR::getVersion()+0x6558,BRANCH
0x00027dc4,PVGCOLOR::getVersion(),0x00027f1c,PVGCOLOR::getVersion()+0x62d4,BRANCH
0x00027dd0,PVGCOLOR::getVersion(),0x00027eb4,PVGCOLOR::getVersion()+0x626c,BRANCH
0x00027dd8,PVGCOLOR::getVersion(),0x000281a0,PVGCOLOR::getVersion()+0x6558,BRANCH
0x00027de8,PVGCOLOR::getVersion(),0x000281a0,PVGCOLOR::getVersion()+0x6558,BRANCH
0x00027df4,PVGCOLOR::getVersion(),0x000281a0,PVGCOLOR::getVersion()+0x6558,BRANCH
0x00027e10,PVGCOLOR::getVersion(),0x000281a0,PVGCOLOR::getVersion()+0x6558,BRANCH
0x00027e28,PVGCOLOR::getVersion(),0x00058ca0,memcpy@plt,DIRECT_CALL
0x00027e38,PVGCOLOR::getVersion(),0x00027e1c,PVGCOLOR::getVersion()+0x61d4,BRANCH
0x00027e48,PVGCOLOR::getVersion(),0x000281a0,PVGCOLOR::getVersion()+0x6558,BRANCH
0x00027e54,PVGCOLOR::getVersion(),0x000281a0,PVGCOLOR::getVersion()+0x6558,BRANCH
0x00027e60,PVGCOLOR::getVersion(),0x000281a0,PVGCOLOR::getVersion()+0x6558,BRANCH
0x00027e90,PVGCOLOR::getVersion(),0x00058ca0,memcpy@plt,DIRECT_CALL
0x00027ea0,PVGCOLOR::getVersion(),0x00027e84,PVGCOLOR::getVersion()+0x623c,BRANCH
0x00027ea4,PVGCOLOR::getVersion(),0x00027f14,PVGCOLOR::getVersion()+0x62cc,BRANCH
0x00027eb0,PVGCOLOR::getVersion(),0x00028060,PVGCOLOR::getVersion()+0x6418,BRANCH
0x00027ec0,PVGCOLOR::getVersion(),0x000281a0,PVGCOLOR::getVersion()+0x6558,BRANCH
0x00027ecc,PVGCOLOR::getVersion(),0x000281a0,PVGCOLOR::getVersion()+0x6558,BRANCH
0x00027ee8,PVGCOLOR::getVersion(),0x000281a0,PVGCOLOR::getVersion()+0x6558,BRANCH
0x00027f00,PVGCOLOR::getVersion(),0x00058ca0,memcpy@plt,DIRECT_CALL
0x00027f10,PVGCOLOR::getVersion(),0x00027ef4,PVGCOLOR::getVersion()+0x62ac,BRANCH
0x00027f18,PVGCOLOR::getVersion(),0x000281a0,PVGCOLOR::getVersion()+0x6558,BRANCH
0x00027f24,PVGCOLOR::getVersion(),0x00027f3c,PVGCOLOR::getVersion()+0x62f4,BRANCH
0x00027f2c,PVGCOLOR::getVersion(),0x00028068,PVGCOLOR::getVersion()+0x6420,BRANCH
0x00027f30,PVGCOLOR::getVersion(),0x000281a0,PVGCOLOR::getVersion()+0x6558,BRANCH
0x00027f38,PVGCOLOR::getVersion(),0x000281a0,PVGCOLOR::getVersion()+0x6558,BRANCH
0x00027f48,PVGCOLOR::getVersion(),0x000281a0,PVGCOLOR::getVersion()+0x6558,BRANCH
0x00027f54,PVGCOLOR::getVersion(),0x000281a0,PVGCOLOR::getVersion()+0x6558,BRANCH
0x00027f70,PVGCOLOR::getVersion(),0x000281a0,PVGCOLOR::getVersion()+0x6558,BRANCH
0x00027f88,PVGCOLOR::getVersion(),0x00058ca0,memcpy@plt,DIRECT_CALL
0x00027f98,PVGCOLOR::getVersion(),0x00027f7c,PVGCOLOR::getVersion()+0x6334,BRANCH
0x00027fa8,PVGCOLOR::getVersion(),0x000281a0,PVGCOLOR::getVersion()+0x6558,BRANCH
0x00027fb4,PVGCOLOR::getVersion(),0x000281a0,PVGCOLOR::getVersion()+0x6558,BRANCH
0x00027fd0,PVGCOLOR::getVersion(),0x000281a0,PVGCOLOR::getVersion()+0x6558,BRANCH
0x00027fe8,PVGCOLOR::getVersion(),0x00058ca0,memcpy@plt,DIRECT_CALL
0x00027ff8,PVGCOLOR::getVersion(),0x00027fdc,PVGCOLOR::getVersion()+0x6394,BRANCH
0x00028008,PVGCOLOR::getVersion(),0x000281a0,PVGCOLOR::getVersion()+0x6558,BRANCH
0x00028014,PVGCOLOR::getVersion(),0x000281a0,PVGCOLOR::getVersion()+0x6558,BRANCH
0x00028030,PVGCOLOR::getVersion(),0x000281a0,PVGCOLOR::getVersion()+0x6558,BRANCH
0x00028048,PVGCOLOR::getVersion(),0x00058ca0,memcpy@plt,DIRECT_CALL
0x00028058,PVGCOLOR::getVersion(),0x0002803c,PVGCOLOR::getVersion()+0x63f4,BRANCH
0x0002805c,PVGCOLOR::getVersion(),0x00027f14,PVGCOLOR::getVersion()+0x62cc,BRANCH
0x00028064,PVGCOLOR::getVersion(),0x000281a0,PVGCOLOR::getVersion()+0x6558,BRANCH
0x00028074,PVGCOLOR::getVersion(),0x000281a0,PVGCOLOR::getVersion()+0x6558,BRANCH
0x00028080,PVGCOLOR::getVersion(),0x000281a0,PVGCOLOR::getVersion()+0x6558,BRANCH
0x0002809c,PVGCOLOR::getVersion(),0x000281a0,PVGCOLOR::getVersion()+0x6558,BRANCH
0x000280b4,PVGCOLOR::getVersion(),0x00058ca0,memcpy@plt,DIRECT_CALL
0x000280c4,PVGCOLOR::getVersion(),0x000280a8,PVGCOLOR::getVersion()+0x6460,BRANCH
0x000280d0,PVGCOLOR::getVersion(),0x000280e4,PVGCOLOR::getVersion()+0x649c,BRANCH
0x000280ec,PVGCOLOR::getVersion(),0x000281a0,PVGCOLOR::getVersion()+0x6558,BRANCH
0x000280f8,PVGCOLOR::getVersion(),0x000281a0,PVGCOLOR::getVersion()+0x6558,BRANCH
0x00028104,PVGCOLOR::getVersion(),0x000281a0,PVGCOLOR::getVersion()+0x6558,BRANCH
0x00028134,PVGCOLOR::getVersion(),0x00058ca0,memcpy@plt,DIRECT_CALL
0x00028144,PVGCOLOR::getVersion(),0x00028128,PVGCOLOR::getVersion()+0x64e0,BRANCH
0x00028154,PVGCOLOR::getVersion(),0x000281a0,PVGCOLOR::getVersion()+0x6558,BRANCH
0x00028160,PVGCOLOR::getVersion(),0x000281a0,PVGCOLOR::getVersion()+0x6558,BRANCH
0x00028188,PVGCOLOR::getVersion(),0x00058ca0,memcpy@plt,DIRECT_CALL
0x00028198,PVGCOLOR::getVersion(),0x0002817c,PVGCOLOR::getVersion()+0x6534,BRANCH
0x0002819c,PVGCOLOR::getVersion(),0x00027f14,PVGCOLOR::getVersion()+0x62cc,BRANCH
0x000281ec,PVGCOLOR::getVersion(),0x0002822c,PVGCOLOR::getVersion()+0x65e4,BRANCH
0x00028218,PVGCOLOR::getVersion(),0x00058ca0,memcpy@plt,DIRECT_CALL
0x00028228,PVGCOLOR::getVersion(),0x0002820c,PVGCOLOR::getVersion()+0x65c4,BRANCH
0x00028250,PVGCOLOR::getVersion(),N/A,"x1, 0x5f000 <typeinfo for std::__ndk1::__function::__base<void (int)>+0x78>",ADRP_PAGE_REF
0x0002825c,PVGCOLOR::getVersion(),0x00058c50,_ZnwmRKSt9nothrow_t@plt,DIRECT_CALL
0x00028274,PVGCOLOR::getVersion(),N/A,"x8, 0x5d000 <fwrite@plt+0x39f0>",ADRP_PAGE_REF
0x00028280,PVGCOLOR::getVersion(),N/A,"x8, 0xe000",ADRP_PAGE_REF
0x000282b8,PVGCOLOR::getVersion(),N/A,"x8, 0x5d000 <fwrite@plt+0x39f0>",ADRP_PAGE_REF
0x000282c8,PVGCOLOR::getVersion(),0x00027ab8,PVGCOLOR::getVersion()+0x5e70,DIRECT_CALL
0x000282e0,PVGCOLOR::getVersion(),0x00058f50,av_freep@plt,DIRECT_CALL
0x00028318,PVGCOLOR::getVersion(),0x00058c20,_ZdlPv@plt,DIRECT_CALL
0x00028320,PVGCOLOR::getVersion(),0x00058c20,_ZdlPv@plt,DIRECT_CALL
0x00028338,PVGCOLOR::getVersion(),0x00058f60,sws_freeContext@plt,DIRECT_CALL
0x0002834c,PVGCOLOR::getVersion(),0x000224a0,PVGCOLOR::getVersion()+0x858,BRANCH
0x00028350,PVGCOLOR::getVersion(),0x00021eb8,PVGCOLOR::getVersion()+0x270,DIRECT_CALL
0x00028364,PVGCOLOR::getVersion(),0x000282a4,PVGCOLOR::getVersion()+0x665c,DIRECT_CALL
0x00028374,PVGCOLOR::getVersion(),0x00058c20,_ZdlPv@plt,BRANCH
0x0002839c,PVGCOLOR::getVersion(),0x000284d8,PVGCOLOR::getVersion()+0x6890,BRANCH
0x000283a8,PVGCOLOR::getVersion(),0x000284d8,PVGCOLOR::getVersion()+0x6890,BRANCH
0x000283b8,PVGCOLOR::getVersion(),0x00028440,PVGCOLOR::getVersion()+0x67f8,BRANCH
0x000283c8,PVGCOLOR::getVersion(),0x000284d8,PVGCOLOR::getVersion()+0x6890,BRANCH
0x000283dc,PVGCOLOR::getVersion(),0x00028468,PVGCOLOR::getVersion()+0x6820,BRANCH
0x000283e0,PVGCOLOR::getVersion(),0x000284d8,PVGCOLOR::getVersion()+0x6890,BRANCH
0x000283e4,PVGCOLOR::getVersion(),N/A,"x8, 0x5f000 <typeinfo for std::__ndk1::__function::__base<void (int)>+0x78>",ADRP_PAGE_REF
0x000283f4,PVGCOLOR::getVersion(),0x00028430,PVGCOLOR::getVersion()+0x67e8,BRANCH
0x000283f8,PVGCOLOR::getVersion(),N/A,"x8, 0x5f000 <typeinfo for std::__ndk1::__function::__base<void (int)>+0x78>",ADRP_PAGE_REF
0x00028400,PVGCOLOR::getVersion(),N/A,"x1, 0xd000",ADRP_PAGE_REF
0x0002840c,PVGCOLOR::getVersion(),N/A,"x3, 0xd000",ADRP_PAGE_REF
0x00028420,PVGCOLOR::getVersion(),N/A,"x8, 0xc000",ADRP_PAGE_REF
0x0002842c,PVGCOLOR::getVersion(),0x00058f70,__android_log_print@plt,DIRECT_CALL
0x00028444,PVGCOLOR::getVersion(),0x00028468,PVGCOLOR::getVersion()+0x6820,BRANCH
0x00028450,PVGCOLOR::getVersion(),0x000284d8,PVGCOLOR::getVersion()+0x6890,BRANCH
0x00028464,PVGCOLOR::getVersion(),0x000284d8,PVGCOLOR::getVersion()+0x6890,BRANCH
0x00028470,PVGCOLOR::getVersion(),0x000284d8,PVGCOLOR::getVersion()+0x6890,BRANCH
0x0002847c,PVGCOLOR::getVersion(),0x000284d8,PVGCOLOR::getVersion()+0x6890,BRANCH
0x0002848c,PVGCOLOR::getVersion(),0x000284b0,PVGCOLOR::getVersion()+0x6868,BRANCH
0x0002849c,PVGCOLOR::getVersion(),0x000284d8,PVGCOLOR::getVersion()+0x6890,BRANCH
0x000284ac,PVGCOLOR::getVersion(),0x000284d0,PVGCOLOR::getVersion()+0x6888,BRANCH
0x000284b4,PVGCOLOR::getVersion(),0x00028550,PVGCOLOR::getVersion()+0x6908,BRANCH
0x000284c0,PVGCOLOR::getVersion(),0x000284d8,PVGCOLOR::getVersion()+0x6890,BRANCH
0x000284d4,PVGCOLOR::getVersion(),0x00028550,PVGCOLOR::getVersion()+0x6908,BRANCH
0x000284d8,PVGCOLOR::getVersion(),N/A,"x8, 0x5f000 <typeinfo for std::__ndk1::__function::__base<void (int)>+0x78>",ADRP_PAGE_REF
0x000284e8,PVGCOLOR::getVersion(),0x00028430,PVGCOLOR::getVersion()+0x67e8,BRANCH
0x000284ec,PVGCOLOR::getVersion(),N/A,"x8, 0x5f000 <typeinfo for std::__ndk1::__function::__base<void (int)>+0x78>",ADRP_PAGE_REF
0x000284f0,PVGCOLOR::getVersion(),N/A,"x3, 0xd000",ADRP_PAGE_REF
0x00028514,PVGCOLOR::getVersion(),N/A,"x1, 0xd000",ADRP_PAGE_REF
0x0002851c,PVGCOLOR::getVersion(),N/A,"x2, 0xb000",ADRP_PAGE_REF
0x0002853c,PVGCOLOR::getVersion(),0x00058f70,__android_log_print@plt,DIRECT_CALL
0x00028550,PVGCOLOR::getVersion(),0x000285b8,PVGCOLOR::getVersion()+0x6970,DIRECT_CALL
0x00028568,PVGCOLOR::getVersion(),N/A,"x8, 0x5f000 <typeinfo for std::__ndk1::__function::__base<void (int)>+0x78>",ADRP_PAGE_REF
0x00028578,PVGCOLOR::getVersion(),0x000285a8,PVGCOLOR::getVersion()+0x6960,BRANCH
0x0002857c,PVGCOLOR::getVersion(),N/A,"x8, 0x5f000 <typeinfo for std::__ndk1::__function::__base<void (int)>+0x78>",ADRP_PAGE_REF
0x00028580,PVGCOLOR::getVersion(),N/A,"x1, 0xd000",ADRP_PAGE_REF
0x0002858c,PVGCOLOR::getVersion(),N/A,"x2, 0xb000",ADRP_PAGE_REF
0x00028594,PVGCOLOR::getVersion(),N/A,"x3, 0xd000",ADRP_PAGE_REF
0x000285a4,PVGCOLOR::getVersion(),0x00058f70,__android_log_print@plt,DIRECT_CALL
0x00028604,PVGCOLOR::getVersion(),0x0002876c,PVGCOLOR::getVersion()+0x6b24,BRANCH
0x00028618,PVGCOLOR::getVersion(),0x0002862c,PVGCOLOR::getVersion()+0x69e4,BRANCH
0x00028624,PVGCOLOR::getVersion(),0x00028668,PVGCOLOR::getVersion()+0x6a20,BRANCH
0x00028638,PVGCOLOR::getVersion(),0x00028694,PVGCOLOR::getVersion()+0x6a4c,BRANCH
0x00028640,PVGCOLOR::getVersion(),0x00028654,PVGCOLOR::getVersion()+0x6a0c,BRANCH
0x0002864c,PVGCOLOR::getVersion(),0x000286f4,PVGCOLOR::getVersion()+0x6aac,BRANCH
0x00028650,PVGCOLOR::getVersion(),0x000286b0,PVGCOLOR::getVersion()+0x6a68,BRANCH
0x00028658,PVGCOLOR::getVersion(),0x000286e0,PVGCOLOR::getVersion()+0x6a98,BRANCH
0x00028660,PVGCOLOR::getVersion(),0x000286f4,PVGCOLOR::getVersion()+0x6aac,BRANCH
0x00028664,PVGCOLOR::getVersion(),0x000286b0,PVGCOLOR::getVersion()+0x6a68,BRANCH
0x00028670,PVGCOLOR::getVersion(),0x000286fc,PVGCOLOR::getVersion()+0x6ab4,BRANCH
0x00028690,PVGCOLOR::getVersion(),0x0002863c,PVGCOLOR::getVersion()+0x69f4,BRANCH
0x0002869c,PVGCOLOR::getVersion(),0x000286d4,PVGCOLOR::getVersion()+0x6a8c,BRANCH
0x000286a4,PVGCOLOR::getVersion(),0x000286f4,PVGCOLOR::getVersion()+0x6aac,BRANCH
0x000286ac,PVGCOLOR::getVersion(),0x000286f4,PVGCOLOR::getVersion()+0x6aac,BRANCH
0x000286cc,PVGCOLOR::getVersion(),0x00028788,PVGCOLOR::getVersion()+0x6b40,BRANCH
0x000286d0,PVGCOLOR::getVersion(),0x00028714,PVGCOLOR::getVersion()+0x6acc,BRANCH
0x000286dc,PVGCOLOR::getVersion(),0x000286f8,PVGCOLOR::getVersion()+0x6ab0,BRANCH
0x00028710,PVGCOLOR::getVersion(),0x00028788,PVGCOLOR::getVersion()+0x6b40,BRANCH
0x0002873c,PVGCOLOR::getVersion(),0x000291d8,PVGCOLOR::getVersion()+0x7590,BRANCH
0x00028768,PVGCOLOR::getVersion(),0x00029204,PVGCOLOR::getVersion()+0x75bc,BRANCH
0x00028784,PVGCOLOR::getVersion(),0x00028714,PVGCOLOR::getVersion()+0x6acc,BRANCH
0x00028788,PVGCOLOR::getVersion(),N/A,"x9, 0xc000",ADRP_PAGE_REF
0x000287b8,PVGCOLOR::getVersion(),0x0002d2b4,"PVGCOLOR::convertToLab(PVGCOLOR::PVGColorPrimaries, PVGCOLOR::PVGColorTransfer, float, float, float, float*, float*, float*)+0x2030",DIRECT_CALL
0x000287d0,PVGCOLOR::getVersion(),0x00058c20,_ZdlPv@plt,DIRECT_CALL
0x000287d8,PVGCOLOR::getVersion(),0x00028844,PVGCOLOR::getVersion()+0x6bfc,BRANCH
0x00028814,PVGCOLOR::getVersion(),0x0002191c,PVGCOLOR::PVGColorFunctions::setKeepSourceColor(bool)+0x114,DIRECT_CALL
0x0002882c,PVGCOLOR::getVersion(),0x00058f80,atoi@plt,DIRECT_CALL
0x00028840,PVGCOLOR::getVersion(),0x00058c20,_ZdlPv@plt,DIRECT_CALL
0x00028874,PVGCOLOR::getVersion(),0x0002d2b4,"PVGCOLOR::convertToLab(PVGCOLOR::PVGColorPrimaries, PVGCOLOR::PVGColorTransfer, float, float, float, float*, float*, float*)+0x2030",DIRECT_CALL
0x00028888,PVGCOLOR::getVersion(),0x00058c20,_ZdlPv@plt,DIRECT_CALL
0x00028890,PVGCOLOR::getVersion(),0x0002892c,PVGCOLOR::getVersion()+0x6ce4,BRANCH
0x000288d8,PVGCOLOR::getVersion(),0x0002191c,PVGCOLOR::PVGColorFunctions::setKeepSourceColor(bool)+0x114,DIRECT_CALL
0x000288f0,PVGCOLOR::getVersion(),0x00058f80,atoi@plt,DIRECT_CALL
0x00028904,PVGCOLOR::getVersion(),0x00058c20,_ZdlPv@plt,DIRECT_CALL
0x0002890c,PVGCOLOR::getVersion(),0x00028920,PVGCOLOR::getVersion()+0x6cd8,BRANCH
0x00028918,PVGCOLOR::getVersion(),0x00022480,PVGCOLOR::getVersion()+0x838,DIRECT_CALL
0x0002891c,PVGCOLOR::getVersion(),0x00028924,PVGCOLOR::getVersion()+0x6cdc,BRANCH
0x00028938,PVGCOLOR::getVersion(),0x00028a04,PVGCOLOR::getVersion()+0x6dbc,BRANCH
0x00028948,PVGCOLOR::getVersion(),0x00028a04,PVGCOLOR::getVersion()+0x6dbc,BRANCH
0x00028958,PVGCOLOR::getVersion(),0x00028d70,PVGCOLOR::getVersion()+0x7128,BRANCH
0x00028968,PVGCOLOR::getVersion(),0x00028d70,PVGCOLOR::getVersion()+0x7128,BRANCH
0x00028978,PVGCOLOR::getVersion(),0x00028d70,PVGCOLOR::getVersion()+0x7128,BRANCH
0x00028988,PVGCOLOR::getVersion(),0x00028d70,PVGCOLOR::getVersion()+0x7128,BRANCH
0x00028998,PVGCOLOR::getVersion(),0x00028d70,PVGCOLOR::getVersion()+0x7128,BRANCH
0x000289a8,PVGCOLOR::getVersion(),0x00028d70,PVGCOLOR::getVersion()+0x7128,BRANCH
0x000289b8,PVGCOLOR::getVersion(),0x00028d70,PVGCOLOR::getVersion()+0x7128,BRANCH
0x000289c8,PVGCOLOR::getVersion(),0x00028d70,PVGCOLOR::getVersion()+0x7128,BRANCH
0x000289d4,PVGCOLOR::getVersion(),0x000295c4,PVGCOLOR::getVersion()+0x797c,BRANCH
0x000289dc,PVGCOLOR::getVersion(),0x000296b4,PVGCOLOR::getVersion()+0x7a6c,BRANCH
0x000289e8,PVGCOLOR::getVersion(),0x000297bc,PVGCOLOR::getVersion()+0x7b74,BRANCH
0x000289f4,PVGCOLOR::getVersion(),0x000296d0,PVGCOLOR::getVersion()+0x7a88,BRANCH
0x000289fc,PVGCOLOR::getVersion(),0x00029800,PVGCOLOR::getVersion()+0x7bb8,BRANCH
0x00028a00,PVGCOLOR::getVersion(),0x00029228,PVGCOLOR::getVersion()+0x75e0,BRANCH
0x00028a10,PVGCOLOR::getVersion(),0x00028a60,PVGCOLOR::getVersion()+0x6e18,BRANCH
0x00028a20,PVGCOLOR::getVersion(),0x00028a60,PVGCOLOR::getVersion()+0x6e18,BRANCH
0x00028a30,PVGCOLOR::getVersion(),0x00028a60,PVGCOLOR::getVersion()+0x6e18,BRANCH
0x00028a40,PVGCOLOR::getVersion(),0x00028a60,PVGCOLOR::getVersion()+0x6e18,BRANCH
0x00028a50,PVGCOLOR::getVersion(),0x00028a60,PVGCOLOR::getVersion()+0x6e18,BRANCH
0x00028a5c,PVGCOLOR::getVersion(),0x00028ae8,PVGCOLOR::getVersion()+0x6ea0,BRANCH
0x00028a70,PVGCOLOR::getVersion(),0x00028a90,PVGCOLOR::getVersion()+0x6e48,BRANCH
0x00028a80,PVGCOLOR::getVersion(),0x00028a90,PVGCOLOR::getVersion()+0x6e48,BRANCH
0x00028a8c,PVGCOLOR::getVersion(),0x00028ab8,PVGCOLOR::getVersion()+0x6e70,BRANCH
0x00028a94,PVGCOLOR::getVersion(),0x00027ab8,PVGCOLOR::getVersion()+0x5e70,DIRECT_CALL
0x00028aa0,PVGCOLOR::getVersion(),0x00028aac,PVGCOLOR::getVersion()+0x6e64,BRANCH
0x00028aac,PVGCOLOR::getVersion(),0x000272ac,PVGCOLOR::getVersion()+0x5664,DIRECT_CALL
0x00028af0,PVGCOLOR::getVersion(),0x00028b98,PVGCOLOR::getVersion()+0x6f50,BRANCH
0x00028af8,PVGCOLOR::getVersion(),0x00028b98,PVGCOLOR::getVersion()+0x6f50,BRANCH
0x00028b04,PVGCOLOR::getVersion(),0x00028b98,PVGCOLOR::getVersion()+0x6f50,BRANCH
0x00028b14,PVGCOLOR::getVersion(),0x00028b98,PVGCOLOR::getVersion()+0x6f50,BRANCH
0x00028b24,PVGCOLOR::getVersion(),0x00028b98,PVGCOLOR::getVersion()+0x6f50,BRANCH
0x00028b30,PVGCOLOR::getVersion(),0x00028b98,PVGCOLOR::getVersion()+0x6f50,BRANCH
0x00028b38,PVGCOLOR::getVersion(),0x00058c80,_Znwm@plt,DIRECT_CALL
0x00028b3c,PVGCOLOR::getVersion(),N/A,"x8, 0x5e000 <typeinfo for std::__ndk1::__function::__base<float (float)>+0x6f0>",ADRP_PAGE_REF
0x00028b68,PVGCOLOR::getVersion(),0x0002d888,"PVGCOLOR::convertToLab(PVGCOLOR::PVGColorPrimaries, PVGCOLOR::PVGColorTransfer, float, float, float, float*, float*, float*)+0x2604",DIRECT_CALL
0x00028b80,PVGCOLOR::getVersion(),0x00028f64,PVGCOLOR::getVersion()+0x731c,BRANCH
0x00028b8c,PVGCOLOR::getVersion(),N/A,x8,INDIRECT_CALL
0x00028b94,PVGCOLOR::getVersion(),0x00028f80,PVGCOLOR::getVersion()+0x7338,BRANCH
0x00028bb0,PVGCOLOR::getVersion(),0x00028cac,PVGCOLOR::getVersion()+0x7064,BRANCH
0x00028c90,PVGCOLOR::getVersion(),0x0002a8b8,PVGCOLOR::getVersion()+0x8c70,DIRECT_CALL
0x00028c9c,PVGCOLOR::getVersion(),0x00028bbc,PVGCOLOR::getVersion()+0x6f74,BRANCH
0x00028ca8,PVGCOLOR::getVersion(),0x00028bb8,PVGCOLOR::getVersion()+0x6f70,BRANCH
0x00028cb8,PVGCOLOR::getVersion(),0x00028f18,PVGCOLOR::getVersion()+0x72d0,BRANCH
0x00028cc4,PVGCOLOR::getVersion(),0x00028f18,PVGCOLOR::getVersion()+0x72d0,BRANCH
0x00028ccc,PVGCOLOR::getVersion(),0x00028ce0,PVGCOLOR::getVersion()+0x7098,BRANCH
0x00028cdc,PVGCOLOR::getVersion(),0x00028f18,PVGCOLOR::getVersion()+0x72d0,BRANCH
0x00028ce4,PVGCOLOR::getVersion(),0x00028cd4,PVGCOLOR::getVersion()+0x708c,BRANCH
0x00028d58,PVGCOLOR::getVersion(),0x0002ad1c,PVGCOLOR::getVersion()+0x90d4,DIRECT_CALL
0x00028d68,PVGCOLOR::getVersion(),0x00028cec,PVGCOLOR::getVersion()+0x70a4,BRANCH
0x00028d6c,PVGCOLOR::getVersion(),0x00028cd0,PVGCOLOR::getVersion()+0x7088,BRANCH
0x00028d74,PVGCOLOR::getVersion(),0x00028e00,PVGCOLOR::getVersion()+0x71b8,BRANCH
0x00028d7c,PVGCOLOR::getVersion(),0x00028e00,PVGCOLOR::getVersion()+0x71b8,BRANCH
0x00028d88,PVGCOLOR::getVersion(),0x00028e00,PVGCOLOR::getVersion()+0x71b8,BRANCH
0x00028d90,PVGCOLOR::getVersion(),0x00058c80,_Znwm@plt,DIRECT_CALL
0x00028d98,PVGCOLOR::getVersion(),N/A,"x8, 0x5e000 <typeinfo for std::__ndk1::__function::__base<float (float)>+0x6f0>",ADRP_PAGE_REF
0x00028db8,PVGCOLOR::getVersion(),0x0002d888,"PVGCOLOR::convertToLab(PVGCOLOR::PVGColorPrimaries, PVGCOLOR::PVGColorTransfer, float, float, float, float*, float*, float*)+0x2604",DIRECT_CALL
0x00028dc8,PVGCOLOR::getVersion(),N/A,x8,INDIRECT_CALL
0x00028de4,PVGCOLOR::getVersion(),0x0002dd4c,"PVGCOLOR::convertToLab(PVGCOLOR::PVGColorPrimaries, PVGCOLOR::PVGColorTransfer, float, float, float, float*, float*, float*)+0x2ac8",DIRECT_CALL
0x00028df0,PVGCOLOR::getVersion(),0x00028f24,PVGCOLOR::getVersion()+0x72dc,BRANCH
0x00028dfc,PVGCOLOR::getVersion(),0x00028f2c,PVGCOLOR::getVersion()+0x72e4,BRANCH
0x00028e04,PVGCOLOR::getVersion(),0x000290f8,PVGCOLOR::getVersion()+0x74b0,BRANCH
0x00028e0c,PVGCOLOR::getVersion(),0x000290f8,PVGCOLOR::getVersion()+0x74b0,BRANCH
0x00028efc,PVGCOLOR::getVersion(),0x0002a8b8,PVGCOLOR::getVersion()+0x8c70,DIRECT_CALL
0x00028f08,PVGCOLOR::getVersion(),0x00028e20,PVGCOLOR::getVersion()+0x71d8,BRANCH
0x00028f14,PVGCOLOR::getVersion(),0x00028e1c,PVGCOLOR::getVersion()+0x71d4,BRANCH
0x00028f20,PVGCOLOR::getVersion(),0x00029228,PVGCOLOR::getVersion()+0x75e0,BRANCH
0x00028f34,PVGCOLOR::getVersion(),N/A,x8,INDIRECT_CALL
0x00028f3c,PVGCOLOR::getVersion(),0x0002d9a0,"PVGCOLOR::convertToLab(PVGCOLOR::PVGColorPrimaries, PVGCOLOR::PVGColorTransfer, float, float, float, float*, float*, float*)+0x271c",DIRECT_CALL
0x00028f44,PVGCOLOR::getVersion(),0x0002d8ec,"PVGCOLOR::convertToLab(PVGCOLOR::PVGColorPrimaries, PVGCOLOR::PVGColorTransfer, float, float, float, float*, float*, float*)+0x2668",DIRECT_CALL
0x00028f54,PVGCOLOR::getVersion(),0x000290e4,PVGCOLOR::getVersion()+0x749c,BRANCH
0x00028f60,PVGCOLOR::getVersion(),0x000290ec,PVGCOLOR::getVersion()+0x74a4,BRANCH
0x00028f7c,PVGCOLOR::getVersion(),N/A,x8,INDIRECT_CALL
0x00028f94,PVGCOLOR::getVersion(),0x0002dd4c,"PVGCOLOR::convertToLab(PVGCOLOR::PVGColorPrimaries, PVGCOLOR::PVGColorTransfer, float, float, float, float*, float*, float*)+0x2ac8",DIRECT_CALL
0x00028fa0,PVGCOLOR::getVersion(),0x00028fb0,PVGCOLOR::getVersion()+0x7368,BRANCH
0x00028fac,PVGCOLOR::getVersion(),0x00028fb8,PVGCOLOR::getVersion()+0x7370,BRANCH
0x00028fc0,PVGCOLOR::getVersion(),N/A,x8,INDIRECT_CALL
0x00028fc8,PVGCOLOR::getVersion(),0x0002d9a0,"PVGCOLOR::convertToLab(PVGCOLOR::PVGColorPrimaries, PVGCOLOR::PVGColorTransfer, float, float, float, float*, float*, float*)+0x271c",DIRECT_CALL
0x00028fd0,PVGCOLOR::getVersion(),0x0002d8ec,"PVGCOLOR::convertToLab(PVGCOLOR::PVGColorPrimaries, PVGCOLOR::PVGColorTransfer, float, float, float, float*, float*, float*)+0x2668",DIRECT_CALL
0x00028fdc,PVGCOLOR::getVersion(),0x00058c80,_Znwm@plt,DIRECT_CALL
0x00028fe0,PVGCOLOR::getVersion(),N/A,"x8, 0x5e000 <typeinfo for std::__ndk1::__function::__base<float (float)>+0x6f0>",ADRP_PAGE_REF
0x00029008,PVGCOLOR::getVersion(),0x0002d888,"PVGCOLOR::convertToLab(PVGCOLOR::PVGColorPrimaries, PVGCOLOR::PVGColorTransfer, float, float, float, float*, float*, float*)+0x2604",DIRECT_CALL
0x0002901c,PVGCOLOR::getVersion(),0x00029034,PVGCOLOR::getVersion()+0x73ec,BRANCH
0x00029028,PVGCOLOR::getVersion(),N/A,x8,INDIRECT_CALL
0x00029030,PVGCOLOR::getVersion(),0x00029050,PVGCOLOR::getVersion()+0x7408,BRANCH
0x0002904c,PVGCOLOR::getVersion(),N/A,x8,INDIRECT_CALL
0x00029064,PVGCOLOR::getVersion(),0x0002dd4c,"PVGCOLOR::convertToLab(PVGCOLOR::PVGColorPrimaries, PVGCOLOR::PVGColorTransfer, float, float, float, float*, float*, float*)+0x2ac8",DIRECT_CALL
0x00029070,PVGCOLOR::getVersion(),0x00029080,PVGCOLOR::getVersion()+0x7438,BRANCH
0x0002907c,PVGCOLOR::getVersion(),0x00029088,PVGCOLOR::getVersion()+0x7440,BRANCH
0x00029090,PVGCOLOR::getVersion(),N/A,x8,INDIRECT_CALL
0x00029098,PVGCOLOR::getVersion(),0x0002d9a0,"PVGCOLOR::convertToLab(PVGCOLOR::PVGColorPrimaries, PVGCOLOR::PVGColorTransfer, float, float, float, float*, float*, float*)+0x271c",DIRECT_CALL
0x000290a0,PVGCOLOR::getVersion(),0x0002d8ec,"PVGCOLOR::convertToLab(PVGCOLOR::PVGColorPrimaries, PVGCOLOR::PVGColorTransfer, float, float, float, float*, float*, float*)+0x2668",DIRECT_CALL
0x000290b0,PVGCOLOR::getVersion(),0x000290c0,PVGCOLOR::getVersion()+0x7478,BRANCH
0x000290bc,PVGCOLOR::getVersion(),0x000290c8,PVGCOLOR::getVersion()+0x7480,BRANCH
0x000290d0,PVGCOLOR::getVersion(),N/A,x8,INDIRECT_CALL
0x000290e0,PVGCOLOR::getVersion(),0x00028f58,PVGCOLOR::getVersion()+0x7310,BRANCH
0x000290f4,PVGCOLOR::getVersion(),N/A,x8,INDIRECT_CALL
0x000290fc,PVGCOLOR::getVersion(),0x00029228,PVGCOLOR::getVersion()+0x75e0,BRANCH
0x00029108,PVGCOLOR::getVersion(),0x00029204,PVGCOLOR::getVersion()+0x75bc,BRANCH
0x00029114,PVGCOLOR::getVersion(),0x00029204,PVGCOLOR::getVersion()+0x75bc,BRANCH
0x00029120,PVGCOLOR::getVersion(),0x00029204,PVGCOLOR::getVersion()+0x75bc,BRANCH
0x0002912c,PVGCOLOR::getVersion(),0x00029204,PVGCOLOR::getVersion()+0x75bc,BRANCH
0x00029138,PVGCOLOR::getVersion(),0x00029204,PVGCOLOR::getVersion()+0x75bc,BRANCH
0x00029144,PVGCOLOR::getVersion(),0x00029204,PVGCOLOR::getVersion()+0x75bc,BRANCH
0x00029150,PVGCOLOR::getVersion(),0x00029204,PVGCOLOR::getVersion()+0x75bc,BRANCH
0x0002915c,PVGCOLOR::getVersion(),0x00029204,PVGCOLOR::getVersion()+0x75bc,BRANCH
0x00029168,PVGCOLOR::getVersion(),0x00029204,PVGCOLOR::getVersion()+0x75bc,BRANCH
0x00029174,PVGCOLOR::getVersion(),0x00029204,PVGCOLOR::getVersion()+0x75bc,BRANCH
0x00029180,PVGCOLOR::getVersion(),0x00029204,PVGCOLOR::getVersion()+0x75bc,BRANCH
0x0002918c,PVGCOLOR::getVersion(),0x00029204,PVGCOLOR::getVersion()+0x75bc,BRANCH
0x00029198,PVGCOLOR::getVersion(),0x00029204,PVGCOLOR::getVersion()+0x75bc,BRANCH
0x000291a4,PVGCOLOR::getVersion(),0x00029204,PVGCOLOR::getVersion()+0x75bc,BRANCH
0x000291b0,PVGCOLOR::getVersion(),0x00029204,PVGCOLOR::getVersion()+0x75bc,BRANCH
0x000291bc,PVGCOLOR::getVersion(),0x00029204,PVGCOLOR::getVersion()+0x75bc,BRANCH
0x000291c8,PVGCOLOR::getVersion(),0x00029204,PVGCOLOR::getVersion()+0x75bc,BRANCH
0x000291d4,PVGCOLOR::getVersion(),0x00029204,PVGCOLOR::getVersion()+0x75bc,BRANCH
0x000291e0,PVGCOLOR::getVersion(),0x00029204,PVGCOLOR::getVersion()+0x75bc,BRANCH
0x000291ec,PVGCOLOR::getVersion(),0x00029204,PVGCOLOR::getVersion()+0x75bc,BRANCH
0x000291f8,PVGCOLOR::getVersion(),0x00029204,PVGCOLOR::getVersion()+0x75bc,BRANCH
0x00029210,PVGCOLOR::getVersion(),0x00029224,PVGCOLOR::getVersion()+0x75dc,BRANCH
0x00029234,PVGCOLOR::getVersion(),0x00029a1c,PVGCOLOR::getVersion()+0x7dd4,BRANCH
0x0002926c,PVGCOLOR::getVersion(),0x00029280,PVGCOLOR::getVersion()+0x7638,BRANCH
0x0002927c,PVGCOLOR::getVersion(),0x00029284,PVGCOLOR::getVersion()+0x763c,BRANCH
0x00029288,PVGCOLOR::getVersion(),0x00058f90,av_pix_fmt_desc_get@plt,DIRECT_CALL
0x0002929c,PVGCOLOR::getVersion(),0x00058f90,av_pix_fmt_desc_get@plt,DIRECT_CALL
0x000292b8,PVGCOLOR::getVersion(),0x000292c0,PVGCOLOR::getVersion()+0x7678,BRANCH
0x000292c4,PVGCOLOR::getVersion(),0x00058f90,av_pix_fmt_desc_get@plt,DIRECT_CALL
0x000292dc,PVGCOLOR::getVersion(),0x000292f8,PVGCOLOR::getVersion()+0x76b0,BRANCH
0x000292e4,PVGCOLOR::getVersion(),0x00058f90,av_pix_fmt_desc_get@plt,DIRECT_CALL
0x000292f4,PVGCOLOR::getVersion(),0x000292fc,PVGCOLOR::getVersion()+0x76b4,BRANCH
0x00029318,PVGCOLOR::getVersion(),0x00058f90,av_pix_fmt_desc_get@plt,DIRECT_CALL
0x00029338,PVGCOLOR::getVersion(),0x00029374,PVGCOLOR::getVersion()+0x772c,BRANCH
0x0002934c,PVGCOLOR::getVersion(),0x00058f90,av_pix_fmt_desc_get@plt,DIRECT_CALL
0x0002936c,PVGCOLOR::getVersion(),0x00029374,PVGCOLOR::getVersion()+0x772c,BRANCH
0x00029398,PVGCOLOR::getVersion(),0x00058fa0,sws_getCachedContext@plt,DIRECT_CALL
0x000293a8,PVGCOLOR::getVersion(),0x00058fb0,sws_getCoefficients@plt,DIRECT_CALL
0x000293b4,PVGCOLOR::getVersion(),0x00058fb0,sws_getCoefficients@plt,DIRECT_CALL
0x000293f0,PVGCOLOR::getVersion(),0x00058fc0,sws_setColorspaceDetails@plt,DIRECT_CALL
0x00029410,PVGCOLOR::getVersion(),0x0002943c,PVGCOLOR::getVersion()+0x77f4,BRANCH
0x00029424,PVGCOLOR::getVersion(),0x0002943c,PVGCOLOR::getVersion()+0x77f4,BRANCH
0x00029438,PVGCOLOR::getVersion(),0x00029504,PVGCOLOR::getVersion()+0x78bc,BRANCH
0x00029448,PVGCOLOR::getVersion(),0x00058f50,av_freep@plt,DIRECT_CALL
0x00029480,PVGCOLOR::getVersion(),0x00058c20,_ZdlPv@plt,DIRECT_CALL
0x00029488,PVGCOLOR::getVersion(),0x00058c20,_ZdlPv@plt,DIRECT_CALL
0x0002949c,PVGCOLOR::getVersion(),0x000294f8,PVGCOLOR::getVersion()+0x78b0,BRANCH
0x000294a0,PVGCOLOR::getVersion(),N/A,"x8, 0x5f000 <typeinfo for std::__ndk1::__function::__base<void (int)>+0x78>",ADRP_PAGE_REF
0x000294b0,PVGCOLOR::getVersion(),0x00029224,PVGCOLOR::getVersion()+0x75dc,BRANCH
0x000294b4,PVGCOLOR::getVersion(),N/A,"x8, 0x5f000 <typeinfo for std::__ndk1::__function::__base<void (int)>+0x78>",ADRP_PAGE_REF
0x000294b8,PVGCOLOR::getVersion(),N/A,"x1, 0xd000",ADRP_PAGE_REF
0x000294c4,PVGCOLOR::getVersion(),N/A,"x2, 0xc000",ADRP_PAGE_REF
0x000294cc,PVGCOLOR::getVersion(),N/A,"x3, 0xc000",ADRP_PAGE_REF
0x000294ec,PVGCOLOR::getVersion(),0x00058f70,__android_log_print@plt,DIRECT_CALL
0x000294f0,PVGCOLOR::getVersion(),0x00029224,PVGCOLOR::getVersion()+0x75dc,BRANCH
0x000294fc,PVGCOLOR::getVersion(),0x0002a790,PVGCOLOR::getVersion()+0x8b48,DIRECT_CALL
0x00029524,PVGCOLOR::getVersion(),0x00029224,PVGCOLOR::getVersion()+0x75dc,BRANCH
0x00029530,PVGCOLOR::getVersion(),0x0002955c,PVGCOLOR::getVersion()+0x7914,BRANCH
0x00029538,PVGCOLOR::getVersion(),0x000295a4,PVGCOLOR::getVersion()+0x795c,BRANCH
0x00029544,PVGCOLOR::getVersion(),0x00029644,PVGCOLOR::getVersion()+0x79fc,BRANCH
0x0002954c,PVGCOLOR::getVersion(),0x00029580,PVGCOLOR::getVersion()+0x7938,BRANCH
0x00029554,PVGCOLOR::getVersion(),0x00029580,PVGCOLOR::getVersion()+0x7938,BRANCH
0x00029558,PVGCOLOR::getVersion(),0x00029724,PVGCOLOR::getVersion()+0x7adc,BRANCH
0x00029564,PVGCOLOR::getVersion(),0x00029724,PVGCOLOR::getVersion()+0x7adc,BRANCH
0x0002957c,PVGCOLOR::getVersion(),0x00029708,PVGCOLOR::getVersion()+0x7ac0,BRANCH
0x00029598,PVGCOLOR::getVersion(),0x00029224,PVGCOLOR::getVersion()+0x75dc,BRANCH
0x000295a0,PVGCOLOR::getVersion(),0x0002971c,PVGCOLOR::getVersion()+0x7ad4,BRANCH
0x000295ac,PVGCOLOR::getVersion(),0x00029658,PVGCOLOR::getVersion()+0x7a10,BRANCH
0x000295b4,PVGCOLOR::getVersion(),0x00029580,PVGCOLOR::getVersion()+0x7938,BRANCH
0x000295bc,PVGCOLOR::getVersion(),0x00029710,PVGCOLOR::getVersion()+0x7ac8,BRANCH
0x000295c0,PVGCOLOR::getVersion(),0x00029724,PVGCOLOR::getVersion()+0x7adc,BRANCH
0x000295c8,PVGCOLOR::getVersion(),0x00029778,PVGCOLOR::getVersion()+0x7b30,BRANCH
0x000295d4,PVGCOLOR::getVersion(),0x00029784,PVGCOLOR::getVersion()+0x7b3c,BRANCH
0x000295e0,PVGCOLOR::getVersion(),0x000297b4,PVGCOLOR::getVersion()+0x7b6c,BRANCH
0x000295f4,PVGCOLOR::getVersion(),0x00058ca0,memcpy@plt,DIRECT_CALL
0x0002960c,PVGCOLOR::getVersion(),0x00058ca0,memcpy@plt,DIRECT_CALL
0x00029624,PVGCOLOR::getVersion(),0x00058ca0,memcpy@plt,DIRECT_CALL
0x0002963c,PVGCOLOR::getVersion(),0x00058ca0,memcpy@plt,DIRECT_CALL
0x00029640,PVGCOLOR::getVersion(),0x000290f8,PVGCOLOR::getVersion()+0x74b0,BRANCH
0x00029648,PVGCOLOR::getVersion(),0x00029580,PVGCOLOR::getVersion()+0x7938,BRANCH
0x00029650,PVGCOLOR::getVersion(),0x0002966c,PVGCOLOR::getVersion()+0x7a24,BRANCH
0x00029654,PVGCOLOR::getVersion(),0x00029724,PVGCOLOR::getVersion()+0x7adc,BRANCH
0x0002965c,PVGCOLOR::getVersion(),0x0002966c,PVGCOLOR::getVersion()+0x7a24,BRANCH
0x00029664,PVGCOLOR::getVersion(),0x00029710,PVGCOLOR::getVersion()+0x7ac8,BRANCH
0x00029668,PVGCOLOR::getVersion(),0x00029724,PVGCOLOR::getVersion()+0x7adc,BRANCH
0x0002968c,PVGCOLOR::getVersion(),0x00029224,PVGCOLOR::getVersion()+0x75dc,BRANCH
0x00029698,PVGCOLOR::getVersion(),0x00029224,PVGCOLOR::getVersion()+0x75dc,BRANCH
0x000296ac,PVGCOLOR::getVersion(),0x00029724,PVGCOLOR::getVersion()+0x7adc,BRANCH
0x000296b0,PVGCOLOR::getVersion(),0x00029224,PVGCOLOR::getVersion()+0x75dc,BRANCH
0x000296b8,PVGCOLOR::getVersion(),0x0002979c,PVGCOLOR::getVersion()+0x7b54,BRANCH
0x000296c4,PVGCOLOR::getVersion(),0x00029784,PVGCOLOR::getVersion()+0x7b3c,BRANCH
0x000296cc,PVGCOLOR::getVersion(),0x00029228,PVGCOLOR::getVersion()+0x75e0,BRANCH
0x000296e0,PVGCOLOR::getVersion(),0x00058ca0,memcpy@plt,DIRECT_CALL
0x00029700,PVGCOLOR::getVersion(),0x00058ca0,memcpy@plt,DIRECT_CALL
0x00029704,PVGCOLOR::getVersion(),0x000290f8,PVGCOLOR::getVersion()+0x74b0,BRANCH
0x0002970c,PVGCOLOR::getVersion(),0x00029724,PVGCOLOR::getVersion()+0x7adc,BRANCH
0x00029720,PVGCOLOR::getVersion(),0x00029224,PVGCOLOR::getVersion()+0x75dc,BRANCH
0x00029738,PVGCOLOR::getVersion(),0x00058fd0,sws_scale@plt,DIRECT_CALL
0x00029750,PVGCOLOR::getVersion(),0x00029a1c,PVGCOLOR::getVersion()+0x7dd4,BRANCH
0x00029774,PVGCOLOR::getVersion(),0x00027bfc,PVGCOLOR::getVersion()+0x5fb4,BRANCH
0x00029780,PVGCOLOR::getVersion(),0x000297f8,PVGCOLOR::getVersion()+0x7bb0,BRANCH
0x00029794,PVGCOLOR::getVersion(),0x00058ca0,memcpy@plt,DIRECT_CALL
0x00029798,PVGCOLOR::getVersion(),0x000290f8,PVGCOLOR::getVersion()+0x74b0,BRANCH
0x000297a4,PVGCOLOR::getVersion(),0x000297bc,PVGCOLOR::getVersion()+0x7b74,BRANCH
0x000297ac,PVGCOLOR::getVersion(),0x00029800,PVGCOLOR::getVersion()+0x7bb8,BRANCH
0x000297b0,PVGCOLOR::getVersion(),0x00029228,PVGCOLOR::getVersion()+0x75e0,BRANCH
0x000297b8,PVGCOLOR::getVersion(),0x00029228,PVGCOLOR::getVersion()+0x75e0,BRANCH
0x000297cc,PVGCOLOR::getVersion(),0x00058ca0,memcpy@plt,DIRECT_CALL
0x000297e4,PVGCOLOR::getVersion(),0x00058ca0,memcpy@plt,DIRECT_CALL
0x000297f4,PVGCOLOR::getVersion(),0x00029848,PVGCOLOR::getVersion()+0x7c00,BRANCH
0x000297fc,PVGCOLOR::getVersion(),0x00029228,PVGCOLOR::getVersion()+0x75e0,BRANCH
0x00029810,PVGCOLOR::getVersion(),0x00058ca0,memcpy@plt,DIRECT_CALL
0x00029830,PVGCOLOR::getVersion(),0x00058ca0,memcpy@plt,DIRECT_CALL
0x00029850,PVGCOLOR::getVersion(),0x00058ca0,memcpy@plt,DIRECT_CALL
0x00029854,PVGCOLOR::getVersion(),0x000290f8,PVGCOLOR::getVersion()+0x74b0,BRANCH
0x00029864,PVGCOLOR::getVersion(),0x00029874,PVGCOLOR::getVersion()+0x7c2c,BRANCH
0x00029870,PVGCOLOR::getVersion(),0x0002987c,PVGCOLOR::getVersion()+0x7c34,BRANCH
0x00029888,PVGCOLOR::getVersion(),N/A,x9,INDIRECT_CALL
0x0002988c,PVGCOLOR::getVersion(),0x000298dc,PVGCOLOR::getVersion()+0x7c94,BRANCH
0x00029894,PVGCOLOR::getVersion(),0x000299b0,PVGCOLOR::getVersion()+0x7d68,BRANCH
0x000298a4,PVGCOLOR::getVersion(),0x000298b4,PVGCOLOR::getVersion()+0x7c6c,BRANCH
0x000298b0,PVGCOLOR::getVersion(),0x000298bc,PVGCOLOR::getVersion()+0x7c74,BRANCH
0x000298c8,PVGCOLOR::getVersion(),N/A,x9,INDIRECT_CALL
0x000298cc,PVGCOLOR::getVersion(),0x00029934,PVGCOLOR::getVersion()+0x7cec,BRANCH
0x000298d4,PVGCOLOR::getVersion(),0x0002995c,PVGCOLOR::getVersion()+0x7d14,BRANCH
0x000298e0,PVGCOLOR::getVersion(),0x0002d8ec,"PVGCOLOR::convertToLab(PVGCOLOR::PVGColorPrimaries, PVGCOLOR::PVGColorTransfer, float, float, float, float*, float*, float*)+0x2668",DIRECT_CALL
0x000298e4,PVGCOLOR::getVersion(),0x000299b0,PVGCOLOR::getVersion()+0x7d68,BRANCH
0x000298f4,PVGCOLOR::getVersion(),0x00029904,PVGCOLOR::getVersion()+0x7cbc,BRANCH
0x00029900,PVGCOLOR::getVersion(),0x0002990c,PVGCOLOR::getVersion()+0x7cc4,BRANCH
0x00029918,PVGCOLOR::getVersion(),N/A,x9,INDIRECT_CALL
0x0002991c,PVGCOLOR::getVersion(),0x00029978,PVGCOLOR::getVersion()+0x7d30,BRANCH
0x00029924,PVGCOLOR::getVersion(),0x00029980,PVGCOLOR::getVersion()+0x7d38,BRANCH
0x0002992c,PVGCOLOR::getVersion(),0x000299b0,PVGCOLOR::getVersion()+0x7d68,BRANCH
0x00029938,PVGCOLOR::getVersion(),0x0002d8ec,"PVGCOLOR::convertToLab(PVGCOLOR::PVGColorPrimaries, PVGCOLOR::PVGColorTransfer, float, float, float, float*, float*, float*)+0x2668",DIRECT_CALL
0x00029948,PVGCOLOR::getVersion(),0x00029958,PVGCOLOR::getVersion()+0x7d10,BRANCH
0x00029954,PVGCOLOR::getVersion(),0x00029960,PVGCOLOR::getVersion()+0x7d18,BRANCH
0x0002996c,PVGCOLOR::getVersion(),N/A,x8,INDIRECT_CALL
0x00029970,PVGCOLOR::getVersion(),0x00029a04,PVGCOLOR::getVersion()+0x7dbc,BRANCH
0x0002997c,PVGCOLOR::getVersion(),0x0002d8ec,"PVGCOLOR::convertToLab(PVGCOLOR::PVGColorPrimaries, PVGCOLOR::PVGColorTransfer, float, float, float, float*, float*, float*)+0x2668",DIRECT_CALL
0x0002998c,PVGCOLOR::getVersion(),0x0002999c,PVGCOLOR::getVersion()+0x7d54,BRANCH
0x00029998,PVGCOLOR::getVersion(),0x000299a4,PVGCOLOR::getVersion()+0x7d5c,BRANCH
0x000299ac,PVGCOLOR::getVersion(),N/A,x8,INDIRECT_CALL
0x000299bc,PVGCOLOR::getVersion(),0x000299cc,PVGCOLOR::getVersion()+0x7d84,BRANCH
0x000299c8,PVGCOLOR::getVersion(),0x000299d4,PVGCOLOR::getVersion()+0x7d8c,BRANCH
0x000299dc,PVGCOLOR::getVersion(),N/A,x8,INDIRECT_CALL
0x000299e0,PVGCOLOR::getVersion(),0x00029a04,PVGCOLOR::getVersion()+0x7dbc,BRANCH
0x000299e4,PVGCOLOR::getVersion(),0x000299f0,PVGCOLOR::getVersion()+0x7da8,BRANCH
0x000299e8,PVGCOLOR::getVersion(),0x000299f0,PVGCOLOR::getVersion()+0x7da8,BRANCH
0x000299ec,PVGCOLOR::getVersion(),0x000299f0,PVGCOLOR::getVersion()+0x7da8,BRANCH
0x00029a00,PVGCOLOR::getVersion(),0x00058c20,_ZdlPv@plt,DIRECT_CALL
0x00029a10,PVGCOLOR::getVersion(),0x00029a1c,PVGCOLOR::getVersion()+0x7dd4,BRANCH
0x00029a18,PVGCOLOR::getVersion(),0x00054f14,"PVGCOLOR::PVGOpenGL::createComputeShader(char const*, int*)+0x249c",DIRECT_CALL
0x00029a1c,PVGCOLOR::getVersion(),0x00058cb0,__stack_chk_fail@plt,DIRECT_CALL
0x00029a74,PVGCOLOR::getVersion(),0x00029b6c,PVGCOLOR::getVersion()+0x7f24,BRANCH
0x00029a7c,PVGCOLOR::getVersion(),0x00029b6c,PVGCOLOR::getVersion()+0x7f24,BRANCH
0x00029a88,PVGCOLOR::getVersion(),0x00029b6c,PVGCOLOR::getVersion()+0x7f24,BRANCH
0x00029a98,PVGCOLOR::getVersion(),0x00058c80,_Znwm@plt,DIRECT_CALL
0x00029aa0,PVGCOLOR::getVersion(),N/A,"x8, 0x5e000 <typeinfo for std::__ndk1::__function::__base<float (float)>+0x6f0>",ADRP_PAGE_REF
0x00029ac4,PVGCOLOR::getVersion(),0x0002d888,"PVGCOLOR::convertToLab(PVGCOLOR::PVGColorPrimaries, PVGCOLOR::PVGColorTransfer, float, float, float, float*, float*, float*)+0x2604",DIRECT_CALL
0x00029ad4,PVGCOLOR::getVersion(),N/A,x8,INDIRECT_CALL
0x00029af0,PVGCOLOR::getVersion(),0x0002dd4c,"PVGCOLOR::convertToLab(PVGCOLOR::PVGColorPrimaries, PVGCOLOR::PVGColorTransfer, float, float, float, float*, float*, float*)+0x2ac8",DIRECT_CALL
0x00029afc,PVGCOLOR::getVersion(),0x00029df0,PVGCOLOR::getVersion()+0x81a8,BRANCH
0x00029b08,PVGCOLOR::getVersion(),0x00029df8,PVGCOLOR::getVersion()+0x81b0,BRANCH
0x00029b0c,PVGCOLOR::getVersion(),N/A,"x8, 0x5f000 <typeinfo for std::__ndk1::__function::__base<void (int)>+0x78>",ADRP_PAGE_REF
0x00029b1c,PVGCOLOR::getVersion(),0x00029b54,PVGCOLOR::getVersion()+0x7f0c,BRANCH
0x00029b20,PVGCOLOR::getVersion(),N/A,"x8, 0x5f000 <typeinfo for std::__ndk1::__function::__base<void (int)>+0x78>",ADRP_PAGE_REF
0x00029b24,PVGCOLOR::getVersion(),N/A,"x1, 0xd000",ADRP_PAGE_REF
0x00029b30,PVGCOLOR::getVersion(),N/A,"x2, 0xc000",ADRP_PAGE_REF
0x00029b38,PVGCOLOR::getVersion(),N/A,"x3, 0xc000",ADRP_PAGE_REF
0x00029b50,PVGCOLOR::getVersion(),0x00058f70,__android_log_print@plt,DIRECT_CALL
0x00029b64,PVGCOLOR::getVersion(),0x00029e58,PVGCOLOR::getVersion()+0x8210,BRANCH
0x00029b68,PVGCOLOR::getVersion(),0x00029f10,PVGCOLOR::getVersion()+0x82c8,BRANCH
0x00029b70,PVGCOLOR::getVersion(),0x00029e44,PVGCOLOR::getVersion()+0x81fc,BRANCH
0x00029b78,PVGCOLOR::getVersion(),0x00029e44,PVGCOLOR::getVersion()+0x81fc,BRANCH
0x00029b88,PVGCOLOR::getVersion(),0x00029b9c,PVGCOLOR::getVersion()+0x7f54,BRANCH
0x00029b98,PVGCOLOR::getVersion(),0x00029de8,PVGCOLOR::getVersion()+0x81a0,BRANCH
0x00029ba8,PVGCOLOR::getVersion(),0x00029bf0,PVGCOLOR::getVersion()+0x7fa8,BRANCH
0x00029bb0,PVGCOLOR::getVersion(),0x0002605c,PVGCOLOR::getVersion()+0x4414,DIRECT_CALL
0x00029bdc,PVGCOLOR::getVersion(),0x00026624,PVGCOLOR::getVersion()+0x49dc,DIRECT_CALL
0x00029bec,PVGCOLOR::getVersion(),0x00029b8c,PVGCOLOR::getVersion()+0x7f44,BRANCH
0x00029bf8,PVGCOLOR::getVersion(),0x00029be4,PVGCOLOR::getVersion()+0x7f9c,BRANCH
0x00029c04,PVGCOLOR::getVersion(),0x00029be4,PVGCOLOR::getVersion()+0x7f9c,BRANCH
0x00029c34,PVGCOLOR::getVersion(),0x00029c6c,PVGCOLOR::getVersion()+0x8024,BRANCH
0x00029c3c,PVGCOLOR::getVersion(),0x00029ca0,PVGCOLOR::getVersion()+0x8058,BRANCH
0x00029c4c,PVGCOLOR::getVersion(),0x00029cf8,PVGCOLOR::getVersion()+0x80b0,BRANCH
0x00029c54,PVGCOLOR::getVersion(),0x00029be4,PVGCOLOR::getVersion()+0x7f9c,BRANCH
0x00029c68,PVGCOLOR::getVersion(),0x00029be4,PVGCOLOR::getVersion()+0x7f9c,BRANCH
0x00029c70,PVGCOLOR::getVersion(),0x00029cc4,PVGCOLOR::getVersion()+0x807c,BRANCH
0x00029c80,PVGCOLOR::getVersion(),0x00029cf8,PVGCOLOR::getVersion()+0x80b0,BRANCH
0x00029c88,PVGCOLOR::getVersion(),0x00029be4,PVGCOLOR::getVersion()+0x7f9c,BRANCH
0x00029c9c,PVGCOLOR::getVersion(),0x00029be4,PVGCOLOR::getVersion()+0x7f9c,BRANCH
0x00029ca4,PVGCOLOR::getVersion(),0x00029ce8,PVGCOLOR::getVersion()+0x80a0,BRANCH
0x00029cac,PVGCOLOR::getVersion(),0x00029be4,PVGCOLOR::getVersion()+0x7f9c,BRANCH
0x00029cc0,PVGCOLOR::getVersion(),0x00029be4,PVGCOLOR::getVersion()+0x7f9c,BRANCH
0x00029cc8,PVGCOLOR::getVersion(),0x00029dd0,PVGCOLOR::getVersion()+0x8188,BRANCH
0x00029cd0,PVGCOLOR::getVersion(),0x00029be4,PVGCOLOR::getVersion()+0x7f9c,BRANCH
0x00029ce4,PVGCOLOR::getVersion(),0x00029be4,PVGCOLOR::getVersion()+0x7f9c,BRANCH
0x00029d00,PVGCOLOR::getVersion(),0x00029be4,PVGCOLOR::getVersion()+0x7f9c,BRANCH
0x00029d14,PVGCOLOR::getVersion(),0x00029bac,PVGCOLOR::getVersion()+0x7f64,BRANCH
0x00029d2c,PVGCOLOR::getVersion(),0x00029bac,PVGCOLOR::getVersion()+0x7f64,BRANCH
0x00029d74,PVGCOLOR::getVersion(),0x0002636c,PVGCOLOR::getVersion()+0x4724,DIRECT_CALL
0x00029dc8,PVGCOLOR::getVersion(),0x00026888,PVGCOLOR::getVersion()+0x4c40,DIRECT_CALL
0x00029dcc,PVGCOLOR::getVersion(),0x00029be0,PVGCOLOR::getVersion()+0x7f98,BRANCH
0x00029de4,PVGCOLOR::getVersion(),0x00029be4,PVGCOLOR::getVersion()+0x7f9c,BRANCH
0x00029dec,PVGCOLOR::getVersion(),0x00029e44,PVGCOLOR::getVersion()+0x81fc,BRANCH
0x00029e00,PVGCOLOR::getVersion(),N/A,x8,INDIRECT_CALL
0x00029e08,PVGCOLOR::getVersion(),0x0002d9a0,"PVGCOLOR::convertToLab(PVGCOLOR::PVGColorPrimaries, PVGCOLOR::PVGColorTransfer, float, float, float, float*, float*, float*)+0x271c",DIRECT_CALL
0x00029e10,PVGCOLOR::getVersion(),0x0002d8ec,"PVGCOLOR::convertToLab(PVGCOLOR::PVGColorPrimaries, PVGCOLOR::PVGColorTransfer, float, float, float, float*, float*, float*)+0x2668",DIRECT_CALL
0x00029e20,PVGCOLOR::getVersion(),0x00029e30,PVGCOLOR::getVersion()+0x81e8,BRANCH
0x00029e2c,PVGCOLOR::getVersion(),0x00029e38,PVGCOLOR::getVersion()+0x81f0,BRANCH
0x00029e40,PVGCOLOR::getVersion(),N/A,x8,INDIRECT_CALL
0x00029e54,PVGCOLOR::getVersion(),0x00029f10,PVGCOLOR::getVersion()+0x82c8,BRANCH
0x00029e84,PVGCOLOR::getVersion(),0x00029e94,PVGCOLOR::getVersion()+0x824c,BRANCH
0x00029e90,PVGCOLOR::getVersion(),0x00029e9c,PVGCOLOR::getVersion()+0x8254,BRANCH
0x00029ea8,PVGCOLOR::getVersion(),N/A,x9,INDIRECT_CALL
0x00029eac,PVGCOLOR::getVersion(),0x00029ebc,PVGCOLOR::getVersion()+0x8274,BRANCH
0x00029eb4,PVGCOLOR::getVersion(),0x00029ee4,PVGCOLOR::getVersion()+0x829c,BRANCH
0x00029ec0,PVGCOLOR::getVersion(),0x0002d8ec,"PVGCOLOR::convertToLab(PVGCOLOR::PVGColorPrimaries, PVGCOLOR::PVGColorTransfer, float, float, float, float*, float*, float*)+0x2668",DIRECT_CALL
0x00029ed0,PVGCOLOR::getVersion(),0x00029ee0,PVGCOLOR::getVersion()+0x8298,BRANCH
0x00029edc,PVGCOLOR::getVersion(),0x00029ee8,PVGCOLOR::getVersion()+0x82a0,BRANCH
0x00029ef4,PVGCOLOR::getVersion(),N/A,x8,INDIRECT_CALL
0x00029f04,PVGCOLOR::getVersion(),0x00029f10,PVGCOLOR::getVersion()+0x82c8,BRANCH
0x00029f0c,PVGCOLOR::getVersion(),0x00054f14,"PVGCOLOR::PVGOpenGL::createComputeShader(char const*, int*)+0x249c",DIRECT_CALL
0x00029f10,PVGCOLOR::getVersion(),0x00058cb0,__stack_chk_fail@plt,DIRECT_CALL
0x00029f3c,PVGCOLOR::getVersion(),0x0002a13c,PVGCOLOR::getVersion()+0x84f4,BRANCH
0x00029f48,PVGCOLOR::getVersion(),0x0002a13c,PVGCOLOR::getVersion()+0x84f4,BRANCH
0x00029f88,PVGCOLOR::getVersion(),0x00029fbc,PVGCOLOR::getVersion()+0x8374,BRANCH
0x00029f90,PVGCOLOR::getVersion(),0x00029fec,PVGCOLOR::getVersion()+0x83a4,BRANCH
0x00029fa0,PVGCOLOR::getVersion(),0x0002a048,PVGCOLOR::getVersion()+0x8400,BRANCH
0x00029fa8,PVGCOLOR::getVersion(),0x0002a13c,PVGCOLOR::getVersion()+0x84f4,BRANCH
0x00029fb8,PVGCOLOR::getVersion(),0x0002a048,PVGCOLOR::getVersion()+0x8400,BRANCH
0x00029fc0,PVGCOLOR::getVersion(),0x0002a00c,PVGCOLOR::getVersion()+0x83c4,BRANCH
0x00029fd0,PVGCOLOR::getVersion(),0x0002a048,PVGCOLOR::getVersion()+0x8400,BRANCH
0x00029fd8,PVGCOLOR::getVersion(),0x0002a13c,PVGCOLOR::getVersion()+0x84f4,BRANCH
0x00029fe8,PVGCOLOR::getVersion(),0x0002a048,PVGCOLOR::getVersion()+0x8400,BRANCH
0x00029ff0,PVGCOLOR::getVersion(),0x0002a02c,PVGCOLOR::getVersion()+0x83e4,BRANCH
0x00029ff8,PVGCOLOR::getVersion(),0x0002a13c,PVGCOLOR::getVersion()+0x84f4,BRANCH
0x0002a008,PVGCOLOR::getVersion(),0x0002a048,PVGCOLOR::getVersion()+0x8400,BRANCH
0x0002a010,PVGCOLOR::getVersion(),0x0002a038,PVGCOLOR::getVersion()+0x83f0,BRANCH
0x0002a018,PVGCOLOR::getVersion(),0x0002a13c,PVGCOLOR::getVersion()+0x84f4,BRANCH
0x0002a028,PVGCOLOR::getVersion(),0x0002a048,PVGCOLOR::getVersion()+0x8400,BRANCH
0x0002a034,PVGCOLOR::getVersion(),0x0002a040,PVGCOLOR::getVersion()+0x83f8,BRANCH
0x0002a050,PVGCOLOR::getVersion(),0x0002a13c,PVGCOLOR::getVersion()+0x84f4,BRANCH
0x0002a068,PVGCOLOR::getVersion(),0x0002a15c,PVGCOLOR::getVersion()+0x8514,BRANCH
0x0002a080,PVGCOLOR::getVersion(),0x0002a15c,PVGCOLOR::getVersion()+0x8514,BRANCH
0x0002a0cc,PVGCOLOR::getVersion(),0x0002636c,PVGCOLOR::getVersion()+0x4724,DIRECT_CALL
0x0002a138,PVGCOLOR::getVersion(),0x00026888,PVGCOLOR::getVersion()+0x4c40,BRANCH
0x0002a168,PVGCOLOR::getVersion(),0x0002605c,PVGCOLOR::getVersion()+0x4414,DIRECT_CALL
0x0002a1b0,PVGCOLOR::getVersion(),0x00026624,PVGCOLOR::getVersion()+0x49dc,BRANCH
0x0002a204,PVGCOLOR::getVersion(),0x0002a2a0,PVGCOLOR::getVersion()+0x8658,BRANCH
0x0002a20c,PVGCOLOR::getVersion(),0x0002a2a0,PVGCOLOR::getVersion()+0x8658,BRANCH
0x0002a218,PVGCOLOR::getVersion(),0x0002a2a0,PVGCOLOR::getVersion()+0x8658,BRANCH
0x0002a22c,PVGCOLOR::getVersion(),0x00058c80,_Znwm@plt,DIRECT_CALL
0x0002a234,PVGCOLOR::getVersion(),N/A,"x8, 0x5e000 <typeinfo for std::__ndk1::__function::__base<float (float)>+0x6f0>",ADRP_PAGE_REF
0x0002a258,PVGCOLOR::getVersion(),0x0002d888,"PVGCOLOR::convertToLab(PVGCOLOR::PVGColorPrimaries, PVGCOLOR::PVGColorTransfer, float, float, float, float*, float*, float*)+0x2604",DIRECT_CALL
0x0002a268,PVGCOLOR::getVersion(),N/A,x8,INDIRECT_CALL
0x0002a284,PVGCOLOR::getVersion(),0x0002dd4c,"PVGCOLOR::convertToLab(PVGCOLOR::PVGColorPrimaries, PVGCOLOR::PVGColorTransfer, float, float, float, float*, float*, float*)+0x2ac8",DIRECT_CALL
0x0002a290,PVGCOLOR::getVersion(),0x0002a470,PVGCOLOR::getVersion()+0x8828,BRANCH
0x0002a29c,PVGCOLOR::getVersion(),0x0002a478,PVGCOLOR::getVersion()+0x8830,BRANCH
0x0002a2a4,PVGCOLOR::getVersion(),0x0002a4c4,PVGCOLOR::getVersion()+0x887c,BRANCH
0x0002a2ac,PVGCOLOR::getVersion(),0x0002a4c4,PVGCOLOR::getVersion()+0x887c,BRANCH
0x0002a2c0,PVGCOLOR::getVersion(),0x0002a2d4,PVGCOLOR::getVersion()+0x868c,BRANCH
0x0002a2d0,PVGCOLOR::getVersion(),0x0002a468,PVGCOLOR::getVersion()+0x8820,BRANCH
0x0002a2d8,PVGCOLOR::getVersion(),0x0002a324,PVGCOLOR::getVersion()+0x86dc,BRANCH
0x0002a2e8,PVGCOLOR::getVersion(),0x0002605c,PVGCOLOR::getVersion()+0x4414,DIRECT_CALL
0x0002a310,PVGCOLOR::getVersion(),0x00026624,PVGCOLOR::getVersion()+0x49dc,DIRECT_CALL
0x0002a320,PVGCOLOR::getVersion(),0x0002a2c4,PVGCOLOR::getVersion()+0x867c,BRANCH
0x0002a32c,PVGCOLOR::getVersion(),0x0002a318,PVGCOLOR::getVersion()+0x86d0,BRANCH
0x0002a338,PVGCOLOR::getVersion(),0x0002a318,PVGCOLOR::getVersion()+0x86d0,BRANCH
0x0002a348,PVGCOLOR::getVersion(),0x0002a318,PVGCOLOR::getVersion()+0x86d0,BRANCH
0x0002a358,PVGCOLOR::getVersion(),0x0002a318,PVGCOLOR::getVersion()+0x86d0,BRANCH
0x0002a38c,PVGCOLOR::getVersion(),0x0002a2dc,PVGCOLOR::getVersion()+0x8694,BRANCH
0x0002a3a4,PVGCOLOR::getVersion(),0x0002a2dc,PVGCOLOR::getVersion()+0x8694,BRANCH
0x0002a404,PVGCOLOR::getVersion(),0x0002636c,PVGCOLOR::getVersion()+0x4724,DIRECT_CALL
0x0002a460,PVGCOLOR::getVersion(),0x00026888,PVGCOLOR::getVersion()+0x4c40,DIRECT_CALL
0x0002a464,PVGCOLOR::getVersion(),0x0002a314,PVGCOLOR::getVersion()+0x86cc,BRANCH
0x0002a46c,PVGCOLOR::getVersion(),0x0002a4c4,PVGCOLOR::getVersion()+0x887c,BRANCH
0x0002a480,PVGCOLOR::getVersion(),N/A,x8,INDIRECT_CALL
0x0002a488,PVGCOLOR::getVersion(),0x0002d9a0,"PVGCOLOR::convertToLab(PVGCOLOR::PVGColorPrimaries, PVGCOLOR::PVGColorTransfer, float, float, float, float*, float*, float*)+0x271c",DIRECT_CALL
0x0002a490,PVGCOLOR::getVersion(),0x0002d8ec,"PVGCOLOR::convertToLab(PVGCOLOR::PVGColorPrimaries, PVGCOLOR::PVGColorTransfer, float, float, float, float*, float*, float*)+0x2668",DIRECT_CALL
0x0002a4a0,PVGCOLOR::getVersion(),0x0002a4b0,PVGCOLOR::getVersion()+0x8868,BRANCH
0x0002a4ac,PVGCOLOR::getVersion(),0x0002a4b8,PVGCOLOR::getVersion()+0x8870,BRANCH
0x0002a4c0,PVGCOLOR::getVersion(),N/A,x8,INDIRECT_CALL
0x0002a4d4,PVGCOLOR::getVersion(),0x0002a594,PVGCOLOR::getVersion()+0x894c,BRANCH
0x0002a508,PVGCOLOR::getVersion(),0x0002a518,PVGCOLOR::getVersion()+0x88d0,BRANCH
0x0002a514,PVGCOLOR::getVersion(),0x0002a520,PVGCOLOR::getVersion()+0x88d8,BRANCH
0x0002a52c,PVGCOLOR::getVersion(),N/A,x9,INDIRECT_CALL
0x0002a530,PVGCOLOR::getVersion(),0x0002a540,PVGCOLOR::getVersion()+0x88f8,BRANCH
0x0002a538,PVGCOLOR::getVersion(),0x0002a568,PVGCOLOR::getVersion()+0x8920,BRANCH
0x0002a544,PVGCOLOR::getVersion(),0x0002d8ec,"PVGCOLOR::convertToLab(PVGCOLOR::PVGColorPrimaries, PVGCOLOR::PVGColorTransfer, float, float, float, float*, float*, float*)+0x2668",DIRECT_CALL
0x0002a554,PVGCOLOR::getVersion(),0x0002a564,PVGCOLOR::getVersion()+0x891c,BRANCH
0x0002a560,PVGCOLOR::getVersion(),0x0002a56c,PVGCOLOR::getVersion()+0x8924,BRANCH
0x0002a578,PVGCOLOR::getVersion(),N/A,x8,INDIRECT_CALL
0x0002a588,PVGCOLOR::getVersion(),0x0002a594,PVGCOLOR::getVersion()+0x894c,BRANCH
0x0002a590,PVGCOLOR::getVersion(),0x00054f14,"PVGCOLOR::PVGOpenGL::createComputeShader(char const*, int*)+0x249c",DIRECT_CALL
0x0002a594,PVGCOLOR::getVersion(),0x00058cb0,__stack_chk_fail@plt,DIRECT_CALL
0x0002a5c0,PVGCOLOR::getVersion(),0x0002a710,PVGCOLOR::getVersion()+0x8ac8,BRANCH
0x0002a5cc,PVGCOLOR::getVersion(),0x0002a710,PVGCOLOR::getVersion()+0x8ac8,BRANCH
0x0002a5e0,PVGCOLOR::getVersion(),0x0002a710,PVGCOLOR::getVersion()+0x8ac8,BRANCH
0x0002a5f4,PVGCOLOR::getVersion(),0x0002a710,PVGCOLOR::getVersion()+0x8ac8,BRANCH
0x0002a61c,PVGCOLOR::getVersion(),0x0002a730,PVGCOLOR::getVersion()+0x8ae8,BRANCH
0x0002a634,PVGCOLOR::getVersion(),0x0002a730,PVGCOLOR::getVersion()+0x8ae8,BRANCH
0x0002a698,PVGCOLOR::getVersion(),0x0002636c,PVGCOLOR::getVersion()+0x4724,DIRECT_CALL
0x0002a70c,PVGCOLOR::getVersion(),0x00026888,PVGCOLOR::getVersion()+0x4c40,BRANCH
0x0002a744,PVGCOLOR::getVersion(),0x0002605c,PVGCOLOR::getVersion()+0x4414,DIRECT_CALL
0x0002a78c,PVGCOLOR::getVersion(),0x00026624,PVGCOLOR::getVersion()+0x49dc,BRANCH
0x0002a798,PVGCOLOR::getVersion(),0x0002a7a8,PVGCOLOR::getVersion()+0x8b60,BRANCH
0x0002a7d4,PVGCOLOR::getVersion(),0x0002a86c,PVGCOLOR::getVersion()+0x8c24,BRANCH
0x0002a7dc,PVGCOLOR::getVersion(),0x0002a86c,PVGCOLOR::getVersion()+0x8c24,BRANCH
0x0002a7ec,PVGCOLOR::getVersion(),N/A,"x1, 0x5f000 <typeinfo for std::__ndk1::__function::__base<void (int)>+0x78>",ADRP_PAGE_REF
0x0002a804,PVGCOLOR::getVersion(),0x00058c50,_ZnwmRKSt9nothrow_t@plt,DIRECT_CALL
0x0002a85c,PVGCOLOR::getVersion(),0x00058fe0,av_image_alloc@plt,DIRECT_CALL
0x0002a890,PVGCOLOR::getVersion(),0x00058c20,_ZdlPv@plt,DIRECT_CALL
0x0002a898,PVGCOLOR::getVersion(),0x00058c20,_ZdlPv@plt,DIRECT_CALL
0x0002a8e8,PVGCOLOR::getVersion(),0x0002aa18,PVGCOLOR::getVersion()+0x8dd0,BRANCH
0x0002a8f4,PVGCOLOR::getVersion(),0x0002aa18,PVGCOLOR::getVersion()+0x8dd0,BRANCH
0x0002a99c,PVGCOLOR::getVersion(),0x0002aa40,PVGCOLOR::getVersion()+0x8df8,BRANCH
0x0002a9ec,PVGCOLOR::getVersion(),0x0002636c,PVGCOLOR::getVersion()+0x4724,DIRECT_CALL
0x0002a9f8,PVGCOLOR::getVersion(),0x00023bf8,PVGCOLOR::getVersion()+0x1fb0,DIRECT_CALL
0x0002aa10,PVGCOLOR::getVersion(),0x0002aa70,PVGCOLOR::getVersion()+0x8e28,BRANCH
0x0002aa14,PVGCOLOR::getVersion(),0x0002aaf8,PVGCOLOR::getVersion()+0x8eb0,BRANCH
0x0002aa44,PVGCOLOR::getVersion(),0x0002605c,PVGCOLOR::getVersion()+0x4414,DIRECT_CALL
0x0002aa54,PVGCOLOR::getVersion(),0x00023948,PVGCOLOR::getVersion()+0x1d00,DIRECT_CALL
0x0002aa6c,PVGCOLOR::getVersion(),0x0002aaf8,PVGCOLOR::getVersion()+0x8eb0,BRANCH
0x0002aa78,PVGCOLOR::getVersion(),0x0002aaf8,PVGCOLOR::getVersion()+0x8eb0,BRANCH
0x0002aa80,PVGCOLOR::getVersion(),0x0002aaf8,PVGCOLOR::getVersion()+0x8eb0,BRANCH
0x0002aa88,PVGCOLOR::getVersion(),0x0002aaf8,PVGCOLOR::getVersion()+0x8eb0,BRANCH
0x0002aa90,PVGCOLOR::getVersion(),0x0002aaf8,PVGCOLOR::getVersion()+0x8eb0,BRANCH
0x0002aaf4,PVGCOLOR::getVersion(),0x00026b18,PVGCOLOR::getVersion()+0x4ed0,BRANCH
0x0002ab00,PVGCOLOR::getVersion(),0x00023ed4,PVGCOLOR::getVersion()+0x228c,DIRECT_CALL
0x0002ab0c,PVGCOLOR::getVersion(),0x0002ab44,PVGCOLOR::getVersion()+0x8efc,BRANCH
0x0002ab14,PVGCOLOR::getVersion(),0x0002ab44,PVGCOLOR::getVersion()+0x8efc,BRANCH
0x0002ab34,PVGCOLOR::getVersion(),0x00024014,PVGCOLOR::getVersion()+0x23cc,DIRECT_CALL
0x0002ab40,PVGCOLOR::getVersion(),0x0002ac6c,PVGCOLOR::getVersion()+0x9024,BRANCH
0x0002ab48,PVGCOLOR::getVersion(),0x0002ab78,PVGCOLOR::getVersion()+0x8f30,BRANCH
0x0002ab50,PVGCOLOR::getVersion(),0x0002ab84,PVGCOLOR::getVersion()+0x8f3c,BRANCH
0x0002ab64,PVGCOLOR::getVersion(),0x0002ace8,PVGCOLOR::getVersion()+0x90a0,BRANCH
0x0002ab6c,PVGCOLOR::getVersion(),0x000256fc,PVGCOLOR::getVersion()+0x3ab4,DIRECT_CALL
0x0002ab70,PVGCOLOR::getVersion(),0x00025cdc,PVGCOLOR::getVersion()+0x4094,DIRECT_CALL
0x0002ab74,PVGCOLOR::getVersion(),0x0002acf0,PVGCOLOR::getVersion()+0x90a8,BRANCH
0x0002ab7c,PVGCOLOR::getVersion(),0x00025a0c,PVGCOLOR::getVersion()+0x3dc4,DIRECT_CALL
0x0002ab80,PVGCOLOR::getVersion(),0x0002ab8c,PVGCOLOR::getVersion()+0x8f44,BRANCH
0x0002ab88,PVGCOLOR::getVersion(),0x00026004,PVGCOLOR::getVersion()+0x43bc,DIRECT_CALL
0x0002abb4,PVGCOLOR::getVersion(),0x00022248,PVGCOLOR::getVersion()+0x600,DIRECT_CALL
0x0002ac10,PVGCOLOR::getVersion(),0x0002ac38,PVGCOLOR::getVersion()+0x8ff0,BRANCH
0x0002ac18,PVGCOLOR::getVersion(),0x0002ac54,PVGCOLOR::getVersion()+0x900c,BRANCH
0x0002ac1c,PVGCOLOR::getVersion(),0x000255f8,PVGCOLOR::getVersion()+0x39b0,DIRECT_CALL
0x0002ac28,PVGCOLOR::getVersion(),0x00024014,PVGCOLOR::getVersion()+0x23cc,DIRECT_CALL
0x0002ac34,PVGCOLOR::getVersion(),0x0002ac6c,PVGCOLOR::getVersion()+0x9024,BRANCH
0x0002ac38,PVGCOLOR::getVersion(),0x00025bb8,PVGCOLOR::getVersion()+0x3f70,DIRECT_CALL
0x0002ac44,PVGCOLOR::getVersion(),0x00024014,PVGCOLOR::getVersion()+0x23cc,DIRECT_CALL
0x0002ac50,PVGCOLOR::getVersion(),0x0002ac6c,PVGCOLOR::getVersion()+0x9024,BRANCH
0x0002ac54,PVGCOLOR::getVersion(),0x00025fb0,PVGCOLOR::getVersion()+0x4368,DIRECT_CALL
0x0002ac60,PVGCOLOR::getVersion(),0x00024014,PVGCOLOR::getVersion()+0x23cc,DIRECT_CALL
0x0002ace4,PVGCOLOR::getVersion(),0x00026eb8,PVGCOLOR::getVersion()+0x5270,BRANCH
0x0002acec,PVGCOLOR::getVersion(),0x000256fc,PVGCOLOR::getVersion()+0x3ab4,DIRECT_CALL
0x0002ad10,PVGCOLOR::getVersion(),0x00022248,PVGCOLOR::getVersion()+0x600,DIRECT_CALL
0x0002ad18,PVGCOLOR::getVersion(),0x0002abf4,PVGCOLOR::getVersion()+0x8fac,BRANCH
0x0002ad4c,PVGCOLOR::getVersion(),0x0002b0a4,PVGCOLOR::getVersion()+0x945c,BRANCH
0x0002ad58,PVGCOLOR::getVersion(),0x0002b0a4,PVGCOLOR::getVersion()+0x945c,BRANCH
0x0002ae10,PVGCOLOR::getVersion(),0x0002b0cc,PVGCOLOR::getVersion()+0x9484,BRANCH
0x0002ae28,PVGCOLOR::getVersion(),0x0002b0cc,PVGCOLOR::getVersion()+0x9484,BRANCH
0x0002aebc,PVGCOLOR::getVersion(),0x0002636c,PVGCOLOR::getVersion()+0x4724,DIRECT_CALL
0x0002af18,PVGCOLOR::getVersion(),0x0002636c,PVGCOLOR::getVersion()+0x4724,DIRECT_CALL
0x0002af64,PVGCOLOR::getVersion(),0x0002636c,PVGCOLOR::getVersion()+0x4724,DIRECT_CALL
0x0002afac,PVGCOLOR::getVersion(),0x0002636c,PVGCOLOR::getVersion()+0x4724,DIRECT_CALL
0x0002b0a0,PVGCOLOR::getVersion(),0x00026888,PVGCOLOR::getVersion()+0x4c40,BRANCH
0x0002b100,PVGCOLOR::getVersion(),0x0002605c,PVGCOLOR::getVersion()+0x4414,DIRECT_CALL
0x0002b138,PVGCOLOR::getVersion(),0x0002605c,PVGCOLOR::getVersion()+0x4414,DIRECT_CALL
0x0002b174,PVGCOLOR::getVersion(),0x0002605c,PVGCOLOR::getVersion()+0x4414,DIRECT_CALL
0x0002b1a0,PVGCOLOR::getVersion(),0x0002605c,PVGCOLOR::getVersion()+0x4414,DIRECT_CALL
0x0002b1b0,PVGCOLOR::getVersion(),N/A,"x8, 0xe000",ADRP_PAGE_REF
0x0002b1bc,PVGCOLOR::getVersion(),N/A,"x8, 0xe000",ADRP_PAGE_REF
0x0002b280,PVGCOLOR::getVersion(),0x00026624,PVGCOLOR::getVersion()+0x49dc,BRANCH
0x0002b2ac,"PVGCOLOR::convertToLab(PVGCOLOR::PVGColorPrimaries, PVGCOLOR::PVGColorTransfer, float, float, float, float*, float*, float*)",0x0002b2c8,"PVGCOLOR::convertToLab(PVGCOLOR::PVGColorPrimaries, PVGCOLOR::PVGColorTransfer, float, float, float, float*, float*, float*)+0x44",BRANCH
0x0002b2b4,"PVGCOLOR::convertToLab(PVGCOLOR::PVGColorPrimaries, PVGCOLOR::PVGColorTransfer, float, float, float, float*, float*, float*)",0x0002b2c8,"PVGCOLOR::convertToLab(PVGCOLOR::PVGColorPrimaries, PVGCOLOR::PVGColorTransfer, float, float, float, float*, float*, float*)+0x44",BRANCH
0x0002b2c0,"PVGCOLOR::convertToLab(PVGCOLOR::PVGColorPrimaries, PVGCOLOR::PVGColorTransfer, float, float, float, float*, float*, float*)",0x000256fc,PVGCOLOR::getVersion()+0x3ab4,DIRECT_CALL
0x0002b2c4,"PVGCOLOR::convertToLab(PVGCOLOR::PVGColorPrimaries, PVGCOLOR::PVGColorTransfer, float, float, float, float*, float*, float*)",0x0002b2e4,"PVGCOLOR::convertToLab(PVGCOLOR::PVGColorPrimaries, PVGCOLOR::PVGColorTransfer, float, float, float, float*, float*, float*)+0x60",BRANCH
0x0002b2cc,"PVGCOLOR::convertToLab(PVGCOLOR::PVGColorPrimaries, PVGCOLOR::PVGColorTransfer, float, float, float, float*, float*, float*)",0x0002b4e4,"PVGCOLOR::convertToLab(PVGCOLOR::PVGColorPrimaries, PVGCOLOR::PVGColorTransfer, float, float, float, float*, float*, float*)+0x260",BRANCH
0x0002b2d4,"PVGCOLOR::convertToLab(PVGCOLOR::PVGColorPrimaries, PVGCOLOR::PVGColorTransfer, float, float, float, float*, float*, float*)",0x0002b4e4,"PVGCOLOR::convertToLab(PVGCOLOR::PVGColorPrimaries, PVGCOLOR::PVGColorTransfer, float, float, float, float*, float*, float*)+0x260",BRANCH
0x0002b2e0,"PVGCOLOR::convertToLab(PVGCOLOR::PVGColorPrimaries, PVGCOLOR::PVGColorTransfer, float, float, float, float*, float*, float*)",0x00025a0c,PVGCOLOR::getVersion()+0x3dc4,DIRECT_CALL
0x0002b2e8,"PVGCOLOR::convertToLab(PVGCOLOR::PVGColorPrimaries, PVGCOLOR::PVGColorTransfer, float, float, float, float*, float*, float*)",N/A,"x8, 0xe000",ADRP_PAGE_REF
0x0002b2f4,"PVGCOLOR::convertToLab(PVGCOLOR::PVGColorPrimaries, PVGCOLOR::PVGColorTransfer, float, float, float, float*, float*, float*)",N/A,"x8, 0xe000",ADRP_PAGE_REF
0x0002b300,"PVGCOLOR::convertToLab(PVGCOLOR::PVGColorPrimaries, PVGCOLOR::PVGColorTransfer, float, float, float, float*, float*, float*)",N/A,"x8, 0xe000",ADRP_PAGE_REF
0x0002b304,"PVGCOLOR::convertToLab(PVGCOLOR::PVGColorPrimaries, PVGCOLOR::PVGColorTransfer, float, float, float, float*, float*, float*)",N/A,"x9, 0xe000",ADRP_PAGE_REF
0x0002b324,"PVGCOLOR::convertToLab(PVGCOLOR::PVGColorPrimaries, PVGCOLOR::PVGColorTransfer, float, float, float, float*, float*, float*)",N/A,"x8, 0xe000",ADRP_PAGE_REF
0x0002b32c,"PVGCOLOR::convertToLab(PVGCOLOR::PVGColorPrimaries, PVGCOLOR::PVGColorTransfer, float, float, float, float*, float*, float*)",N/A,"x8, 0xe000",ADRP_PAGE_REF
0x0002b340,"PVGCOLOR::convertToLab(PVGCOLOR::PVGColorPrimaries, PVGCOLOR::PVGColorTransfer, float, float, float, float*, float*, float*)",N/A,"x8, 0xe000",ADRP_PAGE_REF
0x0002b348,"PVGCOLOR::convertToLab(PVGCOLOR::PVGColorPrimaries, PVGCOLOR::PVGColorTransfer, float, float, float, float*, float*, float*)",N/A,"x8, 0xe000",ADRP_PAGE_REF
0x0002b390,"PVGCOLOR::convertToLab(PVGCOLOR::PVGColorPrimaries, PVGCOLOR::PVGColorTransfer, float, float, float, float*, float*, float*)",0x0002b410,"PVGCOLOR::convertToLab(PVGCOLOR::PVGColorPrimaries, PVGCOLOR::PVGColorTransfer, float, float, float, float*, float*, float*)+0x18c",BRANCH
0x0002b3a0,"PVGCOLOR::convertToLab(PVGCOLOR::PVGColorPrimaries, PVGCOLOR::PVGColorTransfer, float, float, float, float*, float*, float*)",0x00058ec0,powf@plt,DIRECT_CALL
0x0002b3bc,"PVGCOLOR::convertToLab(PVGCOLOR::PVGColorPrimaries, PVGCOLOR::PVGColorTransfer, float, float, float, float*, float*, float*)",0x0002b444,"PVGCOLOR::convertToLab(PVGCOLOR::PVGColorPrimaries, PVGCOLOR::PVGColorTransfer, float, float, float, float*, float*, float*)+0x1c0",BRANCH
0x0002b3e0,"PVGCOLOR::convertToLab(PVGCOLOR::PVGColorPrimaries, PVGCOLOR::PVGColorTransfer, float, float, float, float*, float*, float*)",N/A,"x8, 0xe000",ADRP_PAGE_REF
0x0002b3ec,"PVGCOLOR::convertToLab(PVGCOLOR::PVGColorPrimaries, PVGCOLOR::PVGColorTransfer, float, float, float, float*, float*, float*)",0x0002b470,"PVGCOLOR::convertToLab(PVGCOLOR::PVGColorPrimaries, PVGCOLOR::PVGColorTransfer, float, float, float, float*, float*, float*)+0x1ec",BRANCH
0x0002b40c,"PVGCOLOR::convertToLab(PVGCOLOR::PVGColorPrimaries, PVGCOLOR::PVGColorTransfer, float, float, float, float*, float*, float*)",0x0002b484,"PVGCOLOR::convertToLab(PVGCOLOR::PVGColorPrimaries, PVGCOLOR::PVGColorTransfer, float, float, float, float*, float*, float*)+0x200",BRANCH
0x0002b440,"PVGCOLOR::convertToLab(PVGCOLOR::PVGColorPrimaries, PVGCOLOR::PVGColorTransfer, float, float, float, float*, float*, float*)",0x0002b3c0,"PVGCOLOR::convertToLab(PVGCOLOR::PVGColorPrimaries, PVGCOLOR::PVGColorTransfer, float, float, float, float*, float*, float*)+0x13c",BRANCH
0x0002b454,"PVGCOLOR::convertToLab(PVGCOLOR::PVGColorPrimaries, PVGCOLOR::PVGColorTransfer, float, float, float, float*, float*, float*)",0x00058ec0,powf@plt,DIRECT_CALL
0x0002b460,"PVGCOLOR::convertToLab(PVGCOLOR::PVGColorPrimaries, PVGCOLOR::PVGColorTransfer, float, float, float, float*, float*, float*)",N/A,"x8, 0xe000",ADRP_PAGE_REF
0x0002b46c,"PVGCOLOR::convertToLab(PVGCOLOR::PVGColorPrimaries, PVGCOLOR::PVGColorTransfer, float, float, float, float*, float*, float*)",0x0002b3f0,"PVGCOLOR::convertToLab(PVGCOLOR::PVGColorPrimaries, PVGCOLOR::PVGColorTransfer, float, float, float, float*, float*, float*)+0x16c",BRANCH
0x0002b480,"PVGCOLOR::convertToLab(PVGCOLOR::PVGColorPrimaries, PVGCOLOR::PVGColorTransfer, float, float, float, float*, float*, float*)",0x00058ec0,powf@plt,DIRECT_CALL
0x0002b4e8,"PVGCOLOR::convertToLab(PVGCOLOR::PVGColorPrimaries, PVGCOLOR::PVGColorTransfer, float, float, float, float*, float*, float*)",0x0002b584,"PVGCOLOR::convertToLab(PVGCOLOR::PVGColorPrimaries, PVGCOLOR::PVGColorTransfer, float, float, float, float*, float*, float*)+0x300",BRANCH
0x0002b4f0,"PVGCOLOR::convertToLab(PVGCOLOR::PVGColorPrimaries, PVGCOLOR::PVGColorTransfer, float, float, float, float*, float*, float*)",0x0002b584,"PVGCOLOR::convertToLab(PVGCOLOR::PVGColorPrimaries, PVGCOLOR::PVGColorTransfer, float, float, float, float*, float*, float*)+0x300",BRANCH
0x0002b4f8,"PVGCOLOR::convertToLab(PVGCOLOR::PVGColorPrimaries, PVGCOLOR::PVGColorTransfer, float, float, float, float*, float*, float*)",0x000244b4,PVGCOLOR::getVersion()+0x286c,DIRECT_CALL
0x0002b500,"PVGCOLOR::convertToLab(PVGCOLOR::PVGColorPrimaries, PVGCOLOR::PVGColorTransfer, float, float, float, float*, float*, float*)",N/A,"x8, 0xe000",ADRP_PAGE_REF
0x0002b50c,"PVGCOLOR::convertToLab(PVGCOLOR::PVGColorPrimaries, PVGCOLOR::PVGColorTransfer, float, float, float, float*, float*, float*)",N/A,"x8, 0xe000",ADRP_PAGE_REF
0x0002b518,"PVGCOLOR::convertToLab(PVGCOLOR::PVGColorPrimaries, PVGCOLOR::PVGColorTransfer, float, float, float, float*, float*, float*)",N/A,"x8, 0xe000",ADRP_PAGE_REF
0x0002b51c,"PVGCOLOR::convertToLab(PVGCOLOR::PVGColorPrimaries, PVGCOLOR::PVGColorTransfer, float, float, float, float*, float*, float*)",N/A,"x9, 0xe000",ADRP_PAGE_REF
0x0002b53c,"PVGCOLOR::convertToLab(PVGCOLOR::PVGColorPrimaries, PVGCOLOR::PVGColorTransfer, float, float, float, float*, float*, float*)",N/A,"x8, 0xe000",ADRP_PAGE_REF
0x0002b544,"PVGCOLOR::convertToLab(PVGCOLOR::PVGColorPrimaries, PVGCOLOR::PVGColorTransfer, float, float, float, float*, float*, float*)",N/A,"x8, 0xe000",ADRP_PAGE_REF
0x0002b558,"PVGCOLOR::convertToLab(PVGCOLOR::PVGColorPrimaries, PVGCOLOR::PVGColorTransfer, float, float, float, float*, float*, float*)",N/A,"x8, 0xe000",ADRP_PAGE_REF
0x0002b560,"PVGCOLOR::convertToLab(PVGCOLOR::PVGColorPrimaries, PVGCOLOR::PVGColorTransfer, float, float, float, float*, float*, float*)",N/A,"x8, 0xe000",ADRP_PAGE_REF
0x0002b580,"PVGCOLOR::convertToLab(PVGCOLOR::PVGColorPrimaries, PVGCOLOR::PVGColorTransfer, float, float, float, float*, float*, float*)",0x0002b368,"PVGCOLOR::convertToLab(PVGCOLOR::PVGColorPrimaries, PVGCOLOR::PVGColorTransfer, float, float, float, float*, float*, float*)+0xe4",BRANCH
0x0002b588,"PVGCOLOR::convertToLab(PVGCOLOR::PVGColorPrimaries, PVGCOLOR::PVGColorTransfer, float, float, float, float*, float*, float*)",0x000242ac,PVGCOLOR::getVersion()+0x2664,DIRECT_CALL
0x0002b590,"PVGCOLOR::convertToLab(PVGCOLOR::PVGColorPrimaries, PVGCOLOR::PVGColorTransfer, float, float, float, float*, float*, float*)",N/A,"x8, 0xe000",ADRP_PAGE_REF
0x0002b59c,"PVGCOLOR::convertToLab(PVGCOLOR::PVGColorPrimaries, PVGCOLOR::PVGColorTransfer, float, float, float, float*, float*, float*)",N/A,"x8, 0xe000",ADRP_PAGE_REF
0x0002b5a8,"PVGCOLOR::convertToLab(PVGCOLOR::PVGColorPrimaries, PVGCOLOR::PVGColorTransfer, float, float, float, float*, float*, float*)",N/A,"x8, 0xe000",ADRP_PAGE_REF
0x0002b5ac,"PVGCOLOR::convertToLab(PVGCOLOR::PVGColorPrimaries, PVGCOLOR::PVGColorTransfer, float, float, float, float*, float*, float*)",N/A,"x9, 0xe000",ADRP_PAGE_REF
0x0002b5b8,"PVGCOLOR::convertToLab(PVGCOLOR::PVGColorPrimaries, PVGCOLOR::PVGColorTransfer, float, float, float, float*, float*, float*)",N/A,"x9, 0xe000",ADRP_PAGE_REF
0x0002b5d0,"PVGCOLOR::convertToLab(PVGCOLOR::PVGColorPrimaries, PVGCOLOR::PVGColorTransfer, float, float, float, float*, float*, float*)",N/A,"x8, 0xe000",ADRP_PAGE_REF
0x0002b5d8,"PVGCOLOR::convertToLab(PVGCOLOR::PVGColorPrimaries, PVGCOLOR::PVGColorTransfer, float, float, float, float*, float*, float*)",N/A,"x8, 0xe000",ADRP_PAGE_REF
0x0002b5ec,"PVGCOLOR::convertToLab(PVGCOLOR::PVGColorPrimaries, PVGCOLOR::PVGColorTransfer, float, float, float, float*, float*, float*)",N/A,"x8, 0xe000",ADRP_PAGE_REF
0x0002b600,"PVGCOLOR::convertToLab(PVGCOLOR::PVGColorPrimaries, PVGCOLOR::PVGColorTransfer, float, float, float, float*, float*, float*)",N/A,"x8, 0xe000",ADRP_PAGE_REF
0x0002b614,"PVGCOLOR::convertToLab(PVGCOLOR::PVGColorPrimaries, PVGCOLOR::PVGColorTransfer, float, float, float, float*, float*, float*)",0x0002b368,"PVGCOLOR::convertToLab(PVGCOLOR::PVGColorPrimaries, PVGCOLOR::PVGColorTransfer, float, float, float, float*, float*, float*)+0xe4",BRANCH
0x0002b620,"PVGCOLOR::convertToLab(PVGCOLOR::PVGColorPrimaries, PVGCOLOR::PVGColorTransfer, float, float, float, float*, float*, float*)",N/A,"x0, 0xd000",ADRP_PAGE_REF
0x0002b628,"PVGCOLOR::convertToLab(PVGCOLOR::PVGColorPrimaries, PVGCOLOR::PVGColorTransfer, float, float, float, float*, float*, float*)",0x0002189c,PVGCOLOR::PVGColorFunctions::setKeepSourceColor(bool)+0x94,DIRECT_CALL
0x0002b63c,"PVGCOLOR::convertToLab(PVGCOLOR::PVGColorPrimaries, PVGCOLOR::PVGColorTransfer, float, float, float, float*, float*, float*)",0x00058ce0,__cxa_allocate_exception@plt,DIRECT_CALL
0x0002b644,"PVGCOLOR::convertToLab(PVGCOLOR::PVGColorPrimaries, PVGCOLOR::PVGColorTransfer, float, float, float, float*, float*, float*)",0x00058ff0,_ZNSt20bad_array_new_lengthC1Ev@plt,DIRECT_CALL
0x0002b648,"PVGCOLOR::convertToLab(PVGCOLOR::PVGColorPrimaries, PVGCOLOR::PVGColorTransfer, float, float, float, float*, float*, float*)",N/A,"x1, 0x5f000 <typeinfo for std::__ndk1::__function::__base<void (int)>+0x78>",ADRP_PAGE_REF
0x0002b64c,"PVGCOLOR::convertToLab(PVGCOLOR::PVGColorPrimaries, PVGCOLOR::PVGColorTransfer, float, float, float, float*, float*, float*)",N/A,"x2, 0x5f000 <typeinfo for std::__ndk1::__function::__base<void (int)>+0x78>",ADRP_PAGE_REF
0x0002b65c,"PVGCOLOR::convertToLab(PVGCOLOR::PVGColorPrimaries, PVGCOLOR::PVGColorTransfer, float, float, float, float*, float*, float*)",0x00058cf0,__cxa_throw@plt,DIRECT_CALL
0x0002b66c,"PVGCOLOR::convertToLab(PVGCOLOR::PVGColorPrimaries, PVGCOLOR::PVGColorTransfer, float, float, float, float*, float*, float*)",0x00058ce0,__cxa_allocate_exception@plt,DIRECT_CALL
0x0002b670,"PVGCOLOR::convertToLab(PVGCOLOR::PVGColorPrimaries, PVGCOLOR::PVGColorTransfer, float, float, float, float*, float*, float*)",N/A,"x8, 0x5f000 <typeinfo for std::__ndk1::__function::__base<void (int)>+0x78>",ADRP_PAGE_REF
0x0002b674,"PVGCOLOR::convertToLab(PVGCOLOR::PVGColorPrimaries, PVGCOLOR::PVGColorTransfer, float, float, float, float*, float*, float*)",N/A,"x1, 0x5f000 <typeinfo for std::__ndk1::__function::__base<void (int)>+0x78>",ADRP_PAGE_REF
0x0002b678,"PVGCOLOR::convertToLab(PVGCOLOR::PVGColorPrimaries, PVGCOLOR::PVGColorTransfer, float, float, float, float*, float*, float*)",N/A,"x2, 0x5f000 <typeinfo for std::__ndk1::__function::__base<void (int)>+0x78>",ADRP_PAGE_REF
0x0002b690,"PVGCOLOR::convertToLab(PVGCOLOR::PVGColorPrimaries, PVGCOLOR::PVGColorTransfer, float, float, float, float*, float*, float*)",0x00058cf0,__cxa_throw@plt,DIRECT_CALL
0x0002b6a4,"PVGCOLOR::convertToLab(PVGCOLOR::PVGColorPrimaries, PVGCOLOR::PVGColorTransfer, float, float, float, float*, float*, float*)",0x00059000,_ZNSt9exceptionD2Ev@plt,DIRECT_CALL
0x0002b6b4,"PVGCOLOR::convertToLab(PVGCOLOR::PVGColorPrimaries, PVGCOLOR::PVGColorTransfer, float, float, float, float*, float*, float*)",0x00058c20,_ZdlPv@plt,BRANCH
0x0002b6d4,"PVGCOLOR::convertToLab(PVGCOLOR::PVGColorPrimaries, PVGCOLOR::PVGColorTransfer, float, float, float, float*, float*, float*)",0x0002b6b8,"PVGCOLOR::convertToLab(PVGCOLOR::PVGColorPrimaries, PVGCOLOR::PVGColorTransfer, float, float, float, float*, float*, float*)+0x434",DIRECT_CALL
0x0002b6e0,"PVGCOLOR::convertToLab(PVGCOLOR::PVGColorPrimaries, PVGCOLOR::PVGColorTransfer, float, float, float, float*, float*, float*)",0x0002b6b8,"PVGCOLOR::convertToLab(PVGCOLOR::PVGColorPrimaries, PVGCOLOR::PVGColorTransfer, float, float, float, float*, float*, float*)+0x434",DIRECT_CALL
0x0002b6f0,"PVGCOLOR::convertToLab(PVGCOLOR::PVGColorPrimaries, PVGCOLOR::PVGColorTransfer, float, float, float, float*, float*, float*)",0x00058c20,_ZdlPv@plt,DIRECT_CALL
0x0002b700,"PVGCOLOR::convertToLab(PVGCOLOR::PVGColorPrimaries, PVGCOLOR::PVGColorTransfer, float, float, float, float*, float*, float*)",0x00058c20,_ZdlPv@plt,BRANCH
0x0002b708,"PVGCOLOR::convertToLab(PVGCOLOR::PVGColorPrimaries, PVGCOLOR::PVGColorTransfer, float, float, float, float*, float*, float*)",0x00058c20,_ZdlPv@plt,BRANCH
0x0002b718,"PVGCOLOR::convertToLab(PVGCOLOR::PVGColorPrimaries, PVGCOLOR::PVGColorTransfer, float, float, float, float*, float*, float*)",0x00058c80,_Znwm@plt,DIRECT_CALL
0x0002b71c,"PVGCOLOR::convertToLab(PVGCOLOR::PVGColorPrimaries, PVGCOLOR::PVGColorTransfer, float, float, float, float*, float*, float*)",N/A,"x8, 0x5d000 <fwrite@plt+0x39f0>",ADRP_PAGE_REF
0x0002b730,"PVGCOLOR::convertToLab(PVGCOLOR::PVGColorPrimaries, PVGCOLOR::PVGColorTransfer, float, float, float, float*, float*, float*)",N/A,"x8, 0x5d000 <fwrite@plt+0x39f0>",ADRP_PAGE_REF
0x0002b744,"PVGCOLOR::convertToLab(PVGCOLOR::PVGColorPrimaries, PVGCOLOR::PVGColorTransfer, float, float, float, float*, float*, float*)",0x00058c20,_ZdlPv@plt,BRANCH
0x0002b75c,"PVGCOLOR::convertToLab(PVGCOLOR::PVGColorPrimaries, PVGCOLOR::PVGColorTransfer, float, float, float, float*, float*, float*)",0x0002b790,"PVGCOLOR::convertToLab(PVGCOLOR::PVGColorPrimaries, PVGCOLOR::PVGColorTransfer, float, float, float, float*, float*, float*)+0x50c",BRANCH
0x0002b77c,"PVGCOLOR::convertToLab(PVGCOLOR::PVGColorPrimaries, PVGCOLOR::PVGColorTransfer, float, float, float, float*, float*, float*)",0x0002b78c,"PVGCOLOR::convertToLab(PVGCOLOR::PVGColorPrimaries, PVGCOLOR::PVGColorTransfer, float, float, float, float*, float*, float*)+0x508",BRANCH
0x0002b788,"PVGCOLOR::convertToLab(PVGCOLOR::PVGColorPrimaries, PVGCOLOR::PVGColorTransfer, float, float, float, float*, float*, float*)",0x0002b7e0,"PVGCOLOR::convertToLab(PVGCOLOR::PVGColorPrimaries, PVGCOLOR::PVGColorTransfer, float, float, float, float*, float*, float*)+0x55c",BRANCH
0x0002b7a4,"PVGCOLOR::convertToLab(PVGCOLOR::PVGColorPrimaries, PVGCOLOR::PVGColorTransfer, float, float, float, float*, float*, float*)",0x00058ec0,powf@plt,DIRECT_CALL
0x0002b7d0,"PVGCOLOR::convertToLab(PVGCOLOR::PVGColorPrimaries, PVGCOLOR::PVGColorTransfer, float, float, float, float*, float*, float*)",0x0002b78c,"PVGCOLOR::convertToLab(PVGCOLOR::PVGColorPrimaries, PVGCOLOR::PVGColorTransfer, float, float, float, float*, float*, float*)+0x508",BRANCH
0x0002b7dc,"PVGCOLOR::convertToLab(PVGCOLOR::PVGColorPrimaries, PVGCOLOR::PVGColorTransfer, float, float, float, float*, float*, float*)",0x0002b78c,"PVGCOLOR::convertToLab(PVGCOLOR::PVGColorPrimaries, PVGCOLOR::PVGColorTransfer, float, float, float, float*, float*, float*)+0x508",BRANCH
0x0002b834,"PVGCOLOR::convertToLab(PVGCOLOR::PVGColorPrimaries, PVGCOLOR::PVGColorTransfer, float, float, float, float*, float*, float*)",0x0002b8f0,"PVGCOLOR::convertToLab(PVGCOLOR::PVGColorPrimaries, PVGCOLOR::PVGColorTransfer, float, float, float, float*, float*, float*)+0x66c",BRANCH
0x0002b84c,"PVGCOLOR::convertToLab(PVGCOLOR::PVGColorPrimaries, PVGCOLOR::PVGColorTransfer, float, float, float, float*, float*, float*)",0x0002b874,"PVGCOLOR::convertToLab(PVGCOLOR::PVGColorPrimaries, PVGCOLOR::PVGColorTransfer, float, float, float, float*, float*, float*)+0x5f0",BRANCH
0x0002b854,"PVGCOLOR::convertToLab(PVGCOLOR::PVGColorPrimaries, PVGCOLOR::PVGColorTransfer, float, float, float, float*, float*, float*)",0x0002b8c0,"PVGCOLOR::convertToLab(PVGCOLOR::PVGColorPrimaries, PVGCOLOR::PVGColorTransfer, float, float, float, float*, float*, float*)+0x63c",BRANCH
0x0002b86c,"PVGCOLOR::convertToLab(PVGCOLOR::PVGColorPrimaries, PVGCOLOR::PVGColorTransfer, float, float, float, float*, float*, float*)",0x0002b900,"PVGCOLOR::convertToLab(PVGCOLOR::PVGColorPrimaries, PVGCOLOR::PVGColorTransfer, float, float, float, float*, float*, float*)+0x67c",BRANCH
0x0002b870,"PVGCOLOR::convertToLab(PVGCOLOR::PVGColorPrimaries, PVGCOLOR::PVGColorTransfer, float, float, float, float*, float*, float*)",0x0002b9a0,"PVGCOLOR::convertToLab(PVGCOLOR::PVGColorPrimaries, PVGCOLOR::PVGColorTransfer, float, float, float, float*, float*, float*)+0x71c",BRANCH
0x0002b878,"PVGCOLOR::convertToLab(PVGCOLOR::PVGColorPrimaries, PVGCOLOR::PVGColorTransfer, float, float, float, float*, float*, float*)",0x0002b914,"PVGCOLOR::convertToLab(PVGCOLOR::PVGColorPrimaries, PVGCOLOR::PVGColorTransfer, float, float, float, float*, float*, float*)+0x690",BRANCH
0x0002b88c,"PVGCOLOR::convertToLab(PVGCOLOR::PVGColorPrimaries, PVGCOLOR::PVGColorTransfer, float, float, float, float*, float*, float*)",N/A,x8,INDIRECT_CALL
0x0002b89c,"PVGCOLOR::convertToLab(PVGCOLOR::PVGColorPrimaries, PVGCOLOR::PVGColorTransfer, float, float, float, float*, float*, float*)",N/A,x8,INDIRECT_CALL
0x0002b8b8,"PVGCOLOR::convertToLab(PVGCOLOR::PVGColorPrimaries, PVGCOLOR::PVGColorTransfer, float, float, float, float*, float*, float*)",0x0002b900,"PVGCOLOR::convertToLab(PVGCOLOR::PVGColorPrimaries, PVGCOLOR::PVGColorTransfer, float, float, float, float*, float*, float*)+0x67c",BRANCH
0x0002b8bc,"PVGCOLOR::convertToLab(PVGCOLOR::PVGColorPrimaries, PVGCOLOR::PVGColorTransfer, float, float, float, float*, float*, float*)",0x0002b9a0,"PVGCOLOR::convertToLab(PVGCOLOR::PVGColorPrimaries, PVGCOLOR::PVGColorTransfer, float, float, float, float*, float*, float*)+0x71c",BRANCH
0x0002b8d0,"PVGCOLOR::convertToLab(PVGCOLOR::PVGColorPrimaries, PVGCOLOR::PVGColorTransfer, float, float, float, float*, float*, float*)",N/A,x8,INDIRECT_CALL
0x0002b8e0,"PVGCOLOR::convertToLab(PVGCOLOR::PVGColorPrimaries, PVGCOLOR::PVGColorTransfer, float, float, float, float*, float*, float*)",N/A,x8,INDIRECT_CALL
0x0002b8fc,"PVGCOLOR::convertToLab(PVGCOLOR::PVGColorPrimaries, PVGCOLOR::PVGColorTransfer, float, float, float, float*, float*, float*)",0x0002b9a0,"PVGCOLOR::convertToLab(PVGCOLOR::PVGColorPrimaries, PVGCOLOR::PVGColorTransfer, float, float, float, float*, float*, float*)+0x71c",BRANCH
0x0002b924,"PVGCOLOR::convertToLab(PVGCOLOR::PVGColorPrimaries, PVGCOLOR::PVGColorTransfer, float, float, float, float*, float*, float*)",N/A,x8,INDIRECT_CALL
0x0002b934,"PVGCOLOR::convertToLab(PVGCOLOR::PVGColorPrimaries, PVGCOLOR::PVGColorTransfer, float, float, float, float*, float*, float*)",N/A,x8,INDIRECT_CALL
0x0002b94c,"PVGCOLOR::convertToLab(PVGCOLOR::PVGColorPrimaries, PVGCOLOR::PVGColorTransfer, float, float, float, float*, float*, float*)",N/A,x8,INDIRECT_CALL
0x0002b95c,"PVGCOLOR::convertToLab(PVGCOLOR::PVGColorPrimaries, PVGCOLOR::PVGColorTransfer, float, float, float, float*, float*, float*)",N/A,x8,INDIRECT_CALL
0x0002b978,"PVGCOLOR::convertToLab(PVGCOLOR::PVGColorPrimaries, PVGCOLOR::PVGColorTransfer, float, float, float, float*, float*, float*)",N/A,x8,INDIRECT_CALL
0x0002b988,"PVGCOLOR::convertToLab(PVGCOLOR::PVGColorPrimaries, PVGCOLOR::PVGColorTransfer, float, float, float, float*, float*, float*)",N/A,x8,INDIRECT_CALL
0x0002b99c,"PVGCOLOR::convertToLab(PVGCOLOR::PVGColorPrimaries, PVGCOLOR::PVGColorTransfer, float, float, float, float*, float*, float*)",0x0002b900,"PVGCOLOR::convertToLab(PVGCOLOR::PVGColorPrimaries, PVGCOLOR::PVGColorTransfer, float, float, float, float*, float*, float*)+0x67c",BRANCH
0x0002b9a0,"PVGCOLOR::convertToLab(PVGCOLOR::PVGColorPrimaries, PVGCOLOR::PVGColorTransfer, float, float, float, float*, float*, float*)",0x00058cb0,__stack_chk_fail@plt,DIRECT_CALL
0x0002b9a4,"PVGCOLOR::convertToLab(PVGCOLOR::PVGColorPrimaries, PVGCOLOR::PVGColorTransfer, float, float, float, float*, float*, float*)",0x00021eb8,PVGCOLOR::getVersion()+0x270,DIRECT_CALL
0x0002b9a8,"PVGCOLOR::convertToLab(PVGCOLOR::PVGColorPrimaries, PVGCOLOR::PVGColorTransfer, float, float, float, float*, float*, float*)",0x00058c20,_ZdlPv@plt,BRANCH
0x0002b9b8,"PVGCOLOR::convertToLab(PVGCOLOR::PVGColorPrimaries, PVGCOLOR::PVGColorTransfer, float, float, float, float*, float*, float*)",0x00058c80,_Znwm@plt,DIRECT_CALL
0x0002b9bc,"PVGCOLOR::convertToLab(PVGCOLOR::PVGColorPrimaries, PVGCOLOR::PVGColorTransfer, float, float, float, float*, float*, float*)",N/A,"x8, 0x5d000 <fwrite@plt+0x39f0>",ADRP_PAGE_REF
0x0002b9d0,"PVGCOLOR::convertToLab(PVGCOLOR::PVGColorPrimaries, PVGCOLOR::PVGColorTransfer, float, float, float, float*, float*, float*)",N/A,"x8, 0x5d000 <fwrite@plt+0x39f0>",ADRP_PAGE_REF
0x0002b9e4,"PVGCOLOR::convertToLab(PVGCOLOR::PVGColorPrimaries, PVGCOLOR::PVGColorTransfer, float, float, float, float*, float*, float*)",0x00058c20,_ZdlPv@plt,BRANCH
0x0002b9fc,"PVGCOLOR::convertToLab(PVGCOLOR::PVGColorPrimaries, PVGCOLOR::PVGColorTransfer, float, float, float, float*, float*, float*)",0x0002ba30,"PVGCOLOR::convertToLab(PVGCOLOR::PVGColorPrimaries, PVGCOLOR::PVGColorTransfer, float, float, float, float*, float*, float*)+0x7ac",BRANCH
0x0002ba1c,"PVGCOLOR::convertToLab(PVGCOLOR::PVGColorPrimaries, PVGCOLOR::PVGColorTransfer, float, float, float, float*, float*, float*)",0x0002ba2c,"PVGCOLOR::convertToLab(PVGCOLOR::PVGColorPrimaries, PVGCOLOR::PVGColorTransfer, float, float, float, float*, float*, float*)+0x7a8",BRANCH
0x0002ba28,"PVGCOLOR::convertToLab(PVGCOLOR::PVGColorPrimaries, PVGCOLOR::PVGColorTransfer, float, float, float, float*, float*, float*)",0x0002ba88,"PVGCOLOR::convertToLab(PVGCOLOR::PVGColorPrimaries, PVGCOLOR::PVGColorTransfer, float, float, float, float*, float*, float*)+0x804",BRANCH
0x0002ba64,"PVGCOLOR::convertToLab(PVGCOLOR::PVGColorPrimaries, PVGCOLOR::PVGColorTransfer, float, float, float, float*, float*, float*)",0x00058ec0,powf@plt,DIRECT_CALL
0x0002ba78,"PVGCOLOR::convertToLab(PVGCOLOR::PVGColorPrimaries, PVGCOLOR::PVGColorTransfer, float, float, float, float*, float*, float*)",0x0002ba2c,"PVGCOLOR::convertToLab(PVGCOLOR::PVGColorPrimaries, PVGCOLOR::PVGColorTransfer, float, float, float, float*, float*, float*)+0x7a8",BRANCH
0x0002ba84,"PVGCOLOR::convertToLab(PVGCOLOR::PVGColorPrimaries, PVGCOLOR::PVGColorTransfer, float, float, float, float*, float*, float*)",0x0002ba2c,"PVGCOLOR::convertToLab(PVGCOLOR::PVGColorPrimaries, PVGCOLOR::PVGColorTransfer, float, float, float, float*, float*, float*)+0x7a8",BRANCH
0x0002bab8,"PVGCOLOR::convertToLab(PVGCOLOR::PVGColorPrimaries, PVGCOLOR::PVGColorTransfer, float, float, float, float*, float*, float*)",0x00058c20,_ZdlPv@plt,BRANCH
0x0002bac8,"PVGCOLOR::convertToLab(PVGCOLOR::PVGColorPrimaries, PVGCOLOR::PVGColorTransfer, float, float, float, float*, float*, float*)",0x00058c80,_Znwm@plt,DIRECT_CALL
0x0002bacc,"PVGCOLOR::convertToLab(PVGCOLOR::PVGColorPrimaries, PVGCOLOR::PVGColorTransfer, float, float, float, float*, float*, float*)",N/A,"x8, 0x5d000 <fwrite@plt+0x39f0>",ADRP_PAGE_REF
0x0002bae0,"PVGCOLOR::convertToLab(PVGCOLOR::PVGColorPrimaries, PVGCOLOR::PVGColorTransfer, float, float, float, float*, float*, float*)",N/A,"x8, 0x5d000 <fwrite@plt+0x39f0>",ADRP_PAGE_REF
0x0002baf4,"PVGCOLOR::convertToLab(PVGCOLOR::PVGColorPrimaries, PVGCOLOR::PVGColorTransfer, float, float, float, float*, float*, float*)",0x00058c20,_ZdlPv@plt,BRANCH
0x0002bb0c,"PVGCOLOR::convertToLab(PVGCOLOR::PVGColorPrimaries, PVGCOLOR::PVGColorTransfer, float, float, float, float*, float*, float*)",0x0002bb38,"PVGCOLOR::convertToLab(PVGCOLOR::PVGColorPrimaries, PVGCOLOR::PVGColorTransfer, float, float, float, float*, float*, float*)+0x8b4",BRANCH
0x0002bb24,"PVGCOLOR::convertToLab(PVGCOLOR::PVGColorPrimaries, PVGCOLOR::PVGColorTransfer, float, float, float, float*, float*, float*)",0x0002bb34,"PVGCOLOR::convertToLab(PVGCOLOR::PVGColorPrimaries, PVGCOLOR::PVGColorTransfer, float, float, float, float*, float*, float*)+0x8b0",BRANCH
0x0002bb30,"PVGCOLOR::convertToLab(PVGCOLOR::PVGColorPrimaries, PVGCOLOR::PVGColorTransfer, float, float, float, float*, float*, float*)",0x0002bb88,"PVGCOLOR::convertToLab(PVGCOLOR::PVGColorPrimaries, PVGCOLOR::PVGColorTransfer, float, float, float, float*, float*, float*)+0x904",BRANCH
0x0002bb4c,"PVGCOLOR::convertToLab(PVGCOLOR::PVGColorPrimaries, PVGCOLOR::PVGColorTransfer, float, float, float, float*, float*, float*)",0x00058ec0,powf@plt,DIRECT_CALL
0x0002bb78,"PVGCOLOR::convertToLab(PVGCOLOR::PVGColorPrimaries, PVGCOLOR::PVGColorTransfer, float, float, float, float*, float*, float*)",0x0002bb34,"PVGCOLOR::convertToLab(PVGCOLOR::PVGColorPrimaries, PVGCOLOR::PVGColorTransfer, float, float, float, float*, float*, float*)+0x8b0",BRANCH
0x0002bb84,"PVGCOLOR::convertToLab(PVGCOLOR::PVGColorPrimaries, PVGCOLOR::PVGColorTransfer, float, float, float, float*, float*, float*)",0x0002bb34,"PVGCOLOR::convertToLab(PVGCOLOR::PVGColorPrimaries, PVGCOLOR::PVGColorTransfer, float, float, float, float*, float*, float*)+0x8b0",BRANCH
0x0002bbb8,"PVGCOLOR::convertToLab(PVGCOLOR::PVGColorPrimaries, PVGCOLOR::PVGColorTransfer, float, float, float, float*, float*, float*)",0x00058c20,_ZdlPv@plt,BRANCH
0x0002bbc8,"PVGCOLOR::convertToLab(PVGCOLOR::PVGColorPrimaries, PVGCOLOR::PVGColorTransfer, float, float, float, float*, float*, float*)",0x00058c80,_Znwm@plt,DIRECT_CALL
0x0002bbcc,"PVGCOLOR::convertToLab(PVGCOLOR::PVGColorPrimaries, PVGCOLOR::PVGColorTransfer, float, float, float, float*, float*, float*)",N/A,"x8, 0x5d000 <fwrite@plt+0x39f0>",ADRP_PAGE_REF
0x0002bbe0,"PVGCOLOR::convertToLab(PVGCOLOR::PVGColorPrimaries, PVGCOLOR::PVGColorTransfer, float, float, float, float*, float*, float*)",N/A,"x8, 0x5d000 <fwrite@plt+0x39f0>",ADRP_PAGE_REF
0x0002bbf4,"PVGCOLOR::convertToLab(PVGCOLOR::PVGColorPrimaries, PVGCOLOR::PVGColorTransfer, float, float, float, float*, float*, float*)",0x00058c20,_ZdlPv@plt,BRANCH
0x0002bc0c,"PVGCOLOR::convertToLab(PVGCOLOR::PVGColorPrimaries, PVGCOLOR::PVGColorTransfer, float, float, float, float*, float*, float*)",0x0002bc1c,"PVGCOLOR::convertToLab(PVGCOLOR::PVGColorPrimaries, PVGCOLOR::PVGColorTransfer, float, float, float, float*, float*, float*)+0x998",BRANCH
0x0002bc48,"PVGCOLOR::convertToLab(PVGCOLOR::PVGColorPrimaries, PVGCOLOR::PVGColorTransfer, float, float, float, float*, float*, float*)",0x00058ec0,powf@plt,BRANCH
0x0002bc74,"PVGCOLOR::convertToLab(PVGCOLOR::PVGColorPrimaries, PVGCOLOR::PVGColorTransfer, float, float, float, float*, float*, float*)",0x00058c20,_ZdlPv@plt,BRANCH
0x0002bc84,"PVGCOLOR::convertToLab(PVGCOLOR::PVGColorPrimaries, PVGCOLOR::PVGColorTransfer, float, float, float, float*, float*, float*)",0x00058c80,_Znwm@plt,DIRECT_CALL
0x0002bc88,"PVGCOLOR::convertToLab(PVGCOLOR::PVGColorPrimaries, PVGCOLOR::PVGColorTransfer, float, float, float, float*, float*, float*)",N/A,"x8, 0x5d000 <fwrite@plt+0x39f0>",ADRP_PAGE_REF
0x0002bc9c,"PVGCOLOR::convertToLab(PVGCOLOR::PVGColorPrimaries, PVGCOLOR::PVGColorTransfer, float, float, float, float*, float*, float*)",N/A,"x8, 0x5d000 <fwrite@plt+0x39f0>",ADRP_PAGE_REF
0x0002bcb0,"PVGCOLOR::convertToLab(PVGCOLOR::PVGColorPrimaries, PVGCOLOR::PVGColorTransfer, float, float, float, float*, float*, float*)",0x00058c20,_ZdlPv@plt,BRANCH
0x0002bccc,"PVGCOLOR::convertToLab(PVGCOLOR::PVGColorPrimaries, PVGCOLOR::PVGColorTransfer, float, float, float, float*, float*, float*)",0x00058ec0,powf@plt,DIRECT_CALL
0x0002bd2c,"PVGCOLOR::convertToLab(PVGCOLOR::PVGColorPrimaries, PVGCOLOR::PVGColorTransfer, float, float, float, float*, float*, float*)",0x00058c20,_ZdlPv@plt,BRANCH
0x0002bd3c,"PVGCOLOR::convertToLab(PVGCOLOR::PVGColorPrimaries, PVGCOLOR::PVGColorTransfer, float, float, float, float*, float*, float*)",0x00058c80,_Znwm@plt,DIRECT_CALL
0x0002bd40,"PVGCOLOR::convertToLab(PVGCOLOR::PVGColorPrimaries, PVGCOLOR::PVGColorTransfer, float, float, float, float*, float*, float*)",N/A,"x8, 0x5d000 <fwrite@plt+0x39f0>",ADRP_PAGE_REF
0x0002bd54,"PVGCOLOR::convertToLab(PVGCOLOR::PVGColorPrimaries, PVGCOLOR::PVGColorTransfer, float, float, float, float*, float*, float*)",N/A,"x8, 0x5d000 <fwrite@plt+0x39f0>",ADRP_PAGE_REF
0x0002bd68,"PVGCOLOR::convertToLab(PVGCOLOR::PVGColorPrimaries, PVGCOLOR::PVGColorTransfer, float, float, float, float*, float*, float*)",0x00058c20,_ZdlPv@plt,BRANCH
0x0002bd84,"PVGCOLOR::convertToLab(PVGCOLOR::PVGColorPrimaries, PVGCOLOR::PVGColorTransfer, float, float, float, float*, float*, float*)",0x00058ec0,powf@plt,DIRECT_CALL
0x0002bde4,"PVGCOLOR::convertToLab(PVGCOLOR::PVGColorPrimaries, PVGCOLOR::PVGColorTransfer, float, float, float, float*, float*, float*)",0x00058c20,_ZdlPv@plt,BRANCH
0x0002bdf4,"PVGCOLOR::convertToLab(PVGCOLOR::PVGColorPrimaries, PVGCOLOR::PVGColorTransfer, float, float, float, float*, float*, float*)",0x00058c80,_Znwm@plt,DIRECT_CALL
0x0002bdf8,"PVGCOLOR::convertToLab(PVGCOLOR::PVGColorPrimaries, PVGCOLOR::PVGColorTransfer, float, float, float, float*, float*, float*)",N/A,"x8, 0x5d000 <fwrite@plt+0x39f0>",ADRP_PAGE_REF
0x0002be0c,"PVGCOLOR::convertToLab(PVGCOLOR::PVGColorPrimaries, PVGCOLOR::PVGColorTransfer, float, float, float, float*, float*, float*)",N/A,"x8, 0x5d000 <fwrite@plt+0x39f0>",ADRP_PAGE_REF
0x0002be20,"PVGCOLOR::convertToLab(PVGCOLOR::PVGColorPrimaries, PVGCOLOR::PVGColorTransfer, float, float, float, float*, float*, float*)",0x00058c20,_ZdlPv@plt,BRANCH
0x0002be38,"PVGCOLOR::convertToLab(PVGCOLOR::PVGColorPrimaries, PVGCOLOR::PVGColorTransfer, float, float, float, float*, float*, float*)",0x0002be48,"PVGCOLOR::convertToLab(PVGCOLOR::PVGColorPrimaries, PVGCOLOR::PVGColorTransfer, float, float, float, float*, float*, float*)+0xbc4",BRANCH
0x0002be5c,"PVGCOLOR::convertToLab(PVGCOLOR::PVGColorPrimaries, PVGCOLOR::PVGColorTransfer, float, float, float, float*, float*, float*)",0x00058ec0,powf@plt,DIRECT_CALL
0x0002beac,"PVGCOLOR::convertToLab(PVGCOLOR::PVGColorPrimaries, PVGCOLOR::PVGColorTransfer, float, float, float, float*, float*, float*)",0x00058c20,_ZdlPv@plt,BRANCH
0x0002bebc,"PVGCOLOR::convertToLab(PVGCOLOR::PVGColorPrimaries, PVGCOLOR::PVGColorTransfer, float, float, float, float*, float*, float*)",0x00058c80,_Znwm@plt,DIRECT_CALL
0x0002bec0,"PVGCOLOR::convertToLab(PVGCOLOR::PVGColorPrimaries, PVGCOLOR::PVGColorTransfer, float, float, float, float*, float*, float*)",N/A,"x8, 0x5d000 <fwrite@plt+0x39f0>",ADRP_PAGE_REF
0x0002bed4,"PVGCOLOR::convertToLab(PVGCOLOR::PVGColorPrimaries, PVGCOLOR::PVGColorTransfer, float, float, float, float*, float*, float*)",N/A,"x8, 0x5d000 <fwrite@plt+0x39f0>",ADRP_PAGE_REF
0x0002bee8,"PVGCOLOR::convertToLab(PVGCOLOR::PVGColorPrimaries, PVGCOLOR::PVGColorTransfer, float, float, float, float*, float*, float*)",0x00058c20,_ZdlPv@plt,BRANCH
0x0002bf00,"PVGCOLOR::convertToLab(PVGCOLOR::PVGColorPrimaries, PVGCOLOR::PVGColorTransfer, float, float, float, float*, float*, float*)",0x0002bf10,"PVGCOLOR::convertToLab(PVGCOLOR::PVGColorPrimaries, PVGCOLOR::PVGColorTransfer, float, float, float, float*, float*, float*)+0xc8c",BRANCH
0x0002bf3c,"PVGCOLOR::convertToLab(PVGCOLOR::PVGColorPrimaries, PVGCOLOR::PVGColorTransfer, float, float, float, float*, float*, float*)",0x00058ec0,powf@plt,BRANCH
0x0002bf68,"PVGCOLOR::convertToLab(PVGCOLOR::PVGColorPrimaries, PVGCOLOR::PVGColorTransfer, float, float, float, float*, float*, float*)",0x00058c20,_ZdlPv@plt,BRANCH
0x0002bf78,"PVGCOLOR::convertToLab(PVGCOLOR::PVGColorPrimaries, PVGCOLOR::PVGColorTransfer, float, float, float, float*, float*, float*)",0x00058c80,_Znwm@plt,DIRECT_CALL
0x0002bf7c,"PVGCOLOR::convertToLab(PVGCOLOR::PVGColorPrimaries, PVGCOLOR::PVGColorTransfer, float, float, float, float*, float*, float*)",N/A,"x8, 0x5d000 <fwrite@plt+0x39f0>",ADRP_PAGE_REF
0x0002bf90,"PVGCOLOR::convertToLab(PVGCOLOR::PVGColorPrimaries, PVGCOLOR::PVGColorTransfer, float, float, float, float*, float*, float*)",N/A,"x8, 0x5d000 <fwrite@plt+0x39f0>",ADRP_PAGE_REF
0x0002bfa4,"PVGCOLOR::convertToLab(PVGCOLOR::PVGColorPrimaries, PVGCOLOR::PVGColorTransfer, float, float, float, float*, float*, float*)",0x00058c20,_ZdlPv@plt,BRANCH
0x0002bfbc,"PVGCOLOR::convertToLab(PVGCOLOR::PVGColorPrimaries, PVGCOLOR::PVGColorTransfer, float, float, float, float*, float*, float*)",0x0002bfe8,"PVGCOLOR::convertToLab(PVGCOLOR::PVGColorPrimaries, PVGCOLOR::PVGColorTransfer, float, float, float, float*, float*, float*)+0xd64",BRANCH
0x0002bfd4,"PVGCOLOR::convertToLab(PVGCOLOR::PVGColorPrimaries, PVGCOLOR::PVGColorTransfer, float, float, float, float*, float*, float*)",0x0002bfe4,"PVGCOLOR::convertToLab(PVGCOLOR::PVGColorPrimaries, PVGCOLOR::PVGColorTransfer, float, float, float, float*, float*, float*)+0xd60",BRANCH
0x0002bfe0,"PVGCOLOR::convertToLab(PVGCOLOR::PVGColorPrimaries, PVGCOLOR::PVGColorTransfer, float, float, float, float*, float*, float*)",0x0002c038,"PVGCOLOR::convertToLab(PVGCOLOR::PVGColorPrimaries, PVGCOLOR::PVGColorTransfer, float, float, float, float*, float*, float*)+0xdb4",BRANCH
0x0002bffc,"PVGCOLOR::convertToLab(PVGCOLOR::PVGColorPrimaries, PVGCOLOR::PVGColorTransfer, float, float, float, float*, float*, float*)",0x00058ec0,powf@plt,DIRECT_CALL
0x0002c028,"PVGCOLOR::convertToLab(PVGCOLOR::PVGColorPrimaries, PVGCOLOR::PVGColorTransfer, float, float, float, float*, float*, float*)",0x0002bfe4,"PVGCOLOR::convertToLab(PVGCOLOR::PVGColorPrimaries, PVGCOLOR::PVGColorTransfer, float, float, float, float*, float*, float*)+0xd60",BRANCH
0x0002c034,"PVGCOLOR::convertToLab(PVGCOLOR::PVGColorPrimaries, PVGCOLOR::PVGColorTransfer, float, float, float, float*, float*, float*)",0x0002bfe4,"PVGCOLOR::convertToLab(PVGCOLOR::PVGColorPrimaries, PVGCOLOR::PVGColorTransfer, float, float, float, float*, float*, float*)+0xd60",BRANCH
0x0002c068,"PVGCOLOR::convertToLab(PVGCOLOR::PVGColorPrimaries, PVGCOLOR::PVGColorTransfer, float, float, float, float*, float*, float*)",0x00058c20,_ZdlPv@plt,BRANCH
0x0002c078,"PVGCOLOR::convertToLab(PVGCOLOR::PVGColorPrimaries, PVGCOLOR::PVGColorTransfer, float, float, float, float*, float*, float*)",0x00058c80,_Znwm@plt,DIRECT_CALL
0x0002c07c,"PVGCOLOR::convertToLab(PVGCOLOR::PVGColorPrimaries, PVGCOLOR::PVGColorTransfer, float, float, float, float*, float*, float*)",N/A,"x8, 0x5d000 <fwrite@plt+0x39f0>",ADRP_PAGE_REF
0x0002c090,"PVGCOLOR::convertToLab(PVGCOLOR::PVGColorPrimaries, PVGCOLOR::PVGColorTransfer, float, float, float, float*, float*, float*)",N/A,"x8, 0x5d000 <fwrite@plt+0x39f0>",ADRP_PAGE_REF
0x0002c0a4,"PVGCOLOR::convertToLab(PVGCOLOR::PVGColorPrimaries, PVGCOLOR::PVGColorTransfer, float, float, float, float*, float*, float*)",0x00058c20,_ZdlPv@plt,BRANCH
0x0002c0bc,"PVGCOLOR::convertToLab(PVGCOLOR::PVGColorPrimaries, PVGCOLOR::PVGColorTransfer, float, float, float, float*, float*, float*)",0x0002c0e8,"PVGCOLOR::convertToLab(PVGCOLOR::PVGColorPrimaries, PVGCOLOR::PVGColorTransfer, float, float, float, float*, float*, float*)+0xe64",BRANCH
0x0002c0d4,"PVGCOLOR::convertToLab(PVGCOLOR::PVGColorPrimaries, PVGCOLOR::PVGColorTransfer, float, float, float, float*, float*, float*)",0x0002c0e4,"PVGCOLOR::convertToLab(PVGCOLOR::PVGColorPrimaries, PVGCOLOR::PVGColorTransfer, float, float, float, float*, float*, float*)+0xe60",BRANCH
0x0002c0e0,"PVGCOLOR::convertToLab(PVGCOLOR::PVGColorPrimaries, PVGCOLOR::PVGColorTransfer, float, float, float, float*, float*, float*)",0x0002c140,"PVGCOLOR::convertToLab(PVGCOLOR::PVGColorPrimaries, PVGCOLOR::PVGColorTransfer, float, float, float, float*, float*, float*)+0xebc",BRANCH
0x0002c11c,"PVGCOLOR::convertToLab(PVGCOLOR::PVGColorPrimaries, PVGCOLOR::PVGColorTransfer, float, float, float, float*, float*, float*)",0x00058ec0,powf@plt,DIRECT_CALL
0x0002c130,"PVGCOLOR::convertToLab(PVGCOLOR::PVGColorPrimaries, PVGCOLOR::PVGColorTransfer, float, float, float, float*, float*, float*)",0x0002c0e4,"PVGCOLOR::convertToLab(PVGCOLOR::PVGColorPrimaries, PVGCOLOR::PVGColorTransfer, float, float, float, float*, float*, float*)+0xe60",BRANCH
0x0002c13c,"PVGCOLOR::convertToLab(PVGCOLOR::PVGColorPrimaries, PVGCOLOR::PVGColorTransfer, float, float, float, float*, float*, float*)",0x0002c0e4,"PVGCOLOR::convertToLab(PVGCOLOR::PVGColorPrimaries, PVGCOLOR::PVGColorTransfer, float, float, float, float*, float*, float*)+0xe60",BRANCH
0x0002c170,"PVGCOLOR::convertToLab(PVGCOLOR::PVGColorPrimaries, PVGCOLOR::PVGColorTransfer, float, float, float, float*, float*, float*)",0x00058c20,_ZdlPv@plt,BRANCH
0x0002c180,"PVGCOLOR::convertToLab(PVGCOLOR::PVGColorPrimaries, PVGCOLOR::PVGColorTransfer, float, float, float, float*, float*, float*)",0x00058c80,_Znwm@plt,DIRECT_CALL
0x0002c184,"PVGCOLOR::convertToLab(PVGCOLOR::PVGColorPrimaries, PVGCOLOR::PVGColorTransfer, float, float, float, float*, float*, float*)",N/A,"x8, 0x5d000 <fwrite@plt+0x39f0>",ADRP_PAGE_REF
0x0002c198,"PVGCOLOR::convertToLab(PVGCOLOR::PVGColorPrimaries, PVGCOLOR::PVGColorTransfer, float, float, float, float*, float*, float*)",N/A,"x8, 0x5d000 <fwrite@plt+0x39f0>",ADRP_PAGE_REF
0x0002c1ac,"PVGCOLOR::convertToLab(PVGCOLOR::PVGColorPrimaries, PVGCOLOR::PVGColorTransfer, float, float, float, float*, float*, float*)",0x00058c20,_ZdlPv@plt,BRANCH
0x0002c1c4,"PVGCOLOR::convertToLab(PVGCOLOR::PVGColorPrimaries, PVGCOLOR::PVGColorTransfer, float, float, float, float*, float*, float*)",0x0002c1d4,"PVGCOLOR::convertToLab(PVGCOLOR::PVGColorPrimaries, PVGCOLOR::PVGColorTransfer, float, float, float, float*, float*, float*)+0xf50",BRANCH
0x0002c1e8,"PVGCOLOR::convertToLab(PVGCOLOR::PVGColorPrimaries, PVGCOLOR::PVGColorTransfer, float, float, float, float*, float*, float*)",0x00058ec0,powf@plt,DIRECT_CALL
0x0002c238,"PVGCOLOR::convertToLab(PVGCOLOR::PVGColorPrimaries, PVGCOLOR::PVGColorTransfer, float, float, float, float*, float*, float*)",0x00058c20,_ZdlPv@plt,BRANCH
0x0002c248,"PVGCOLOR::convertToLab(PVGCOLOR::PVGColorPrimaries, PVGCOLOR::PVGColorTransfer, float, float, float, float*, float*, float*)",0x00058c80,_Znwm@plt,DIRECT_CALL
0x0002c24c,"PVGCOLOR::convertToLab(PVGCOLOR::PVGColorPrimaries, PVGCOLOR::PVGColorTransfer, float, float, float, float*, float*, float*)",N/A,"x8, 0x5d000 <fwrite@plt+0x39f0>",ADRP_PAGE_REF
0x0002c260,"PVGCOLOR::convertToLab(PVGCOLOR::PVGColorPrimaries, PVGCOLOR::PVGColorTransfer, float, float, float, float*, float*, float*)",N/A,"x8, 0x5d000 <fwrite@plt+0x39f0>",ADRP_PAGE_REF
0x0002c274,"PVGCOLOR::convertToLab(PVGCOLOR::PVGColorPrimaries, PVGCOLOR::PVGColorTransfer, float, float, float, float*, float*, float*)",0x00058c20,_ZdlPv@plt,BRANCH
0x0002c28c,"PVGCOLOR::convertToLab(PVGCOLOR::PVGColorPrimaries, PVGCOLOR::PVGColorTransfer, float, float, float, float*, float*, float*)",0x0002c29c,"PVGCOLOR::convertToLab(PVGCOLOR::PVGColorPrimaries, PVGCOLOR::PVGColorTransfer, float, float, float, float*, float*, float*)+0x1018",BRANCH
0x0002c2c8,"PVGCOLOR::convertToLab(PVGCOLOR::PVGColorPrimaries, PVGCOLOR::PVGColorTransfer, float, float, float, float*, float*, float*)",0x00058ec0,powf@plt,BRANCH
0x0002c2f4,"PVGCOLOR::convertToLab(PVGCOLOR::PVGColorPrimaries, PVGCOLOR::PVGColorTransfer, float, float, float, float*, float*, float*)",0x00058c20,_ZdlPv@plt,BRANCH
0x0002c304,"PVGCOLOR::convertToLab(PVGCOLOR::PVGColorPrimaries, PVGCOLOR::PVGColorTransfer, float, float, float, float*, float*, float*)",0x00058c80,_Znwm@plt,DIRECT_CALL
0x0002c308,"PVGCOLOR::convertToLab(PVGCOLOR::PVGColorPrimaries, PVGCOLOR::PVGColorTransfer, float, float, float, float*, float*, float*)",N/A,"x8, 0x5d000 <fwrite@plt+0x39f0>",ADRP_PAGE_REF
0x0002c31c,"PVGCOLOR::convertToLab(PVGCOLOR::PVGColorPrimaries, PVGCOLOR::PVGColorTransfer, float, float, float, float*, float*, float*)",N/A,"x8, 0x5d000 <fwrite@plt+0x39f0>",ADRP_PAGE_REF
0x0002c330,"PVGCOLOR::convertToLab(PVGCOLOR::PVGColorPrimaries, PVGCOLOR::PVGColorTransfer, float, float, float, float*, float*, float*)",0x00058c20,_ZdlPv@plt,BRANCH
0x0002c348,"PVGCOLOR::convertToLab(PVGCOLOR::PVGColorPrimaries, PVGCOLOR::PVGColorTransfer, float, float, float, float*, float*, float*)",0x0002c358,"PVGCOLOR::convertToLab(PVGCOLOR::PVGColorPrimaries, PVGCOLOR::PVGColorTransfer, float, float, float, float*, float*, float*)+0x10d4",BRANCH
0x0002c36c,"PVGCOLOR::convertToLab(PVGCOLOR::PVGColorPrimaries, PVGCOLOR::PVGColorTransfer, float, float, float, float*, float*, float*)",0x00058ec0,powf@plt,DIRECT_CALL
0x0002c3bc,"PVGCOLOR::convertToLab(PVGCOLOR::PVGColorPrimaries, PVGCOLOR::PVGColorTransfer, float, float, float, float*, float*, float*)",0x00058c20,_ZdlPv@plt,BRANCH
0x0002c3cc,"PVGCOLOR::convertToLab(PVGCOLOR::PVGColorPrimaries, PVGCOLOR::PVGColorTransfer, float, float, float, float*, float*, float*)",0x00058c80,_Znwm@plt,DIRECT_CALL
0x0002c3d0,"PVGCOLOR::convertToLab(PVGCOLOR::PVGColorPrimaries, PVGCOLOR::PVGColorTransfer, float, float, float, float*, float*, float*)",N/A,"x8, 0x5d000 <fwrite@plt+0x39f0>",ADRP_PAGE_REF
0x0002c3e4,"PVGCOLOR::convertToLab(PVGCOLOR::PVGColorPrimaries, PVGCOLOR::PVGColorTransfer, float, float, float, float*, float*, float*)",N/A,"x8, 0x5d000 <fwrite@plt+0x39f0>",ADRP_PAGE_REF
0x0002c3f8,"PVGCOLOR::convertToLab(PVGCOLOR::PVGColorPrimaries, PVGCOLOR::PVGColorTransfer, float, float, float, float*, float*, float*)",0x00058c20,_ZdlPv@plt,BRANCH
0x0002c410,"PVGCOLOR::convertToLab(PVGCOLOR::PVGColorPrimaries, PVGCOLOR::PVGColorTransfer, float, float, float, float*, float*, float*)",0x0002c420,"PVGCOLOR::convertToLab(PVGCOLOR::PVGColorPrimaries, PVGCOLOR::PVGColorTransfer, float, float, float, float*, float*, float*)+0x119c",BRANCH
0x0002c44c,"PVGCOLOR::convertToLab(PVGCOLOR::PVGColorPrimaries, PVGCOLOR::PVGColorTransfer, float, float, float, float*, float*, float*)",0x00058ec0,powf@plt,BRANCH
0x0002c478,"PVGCOLOR::convertToLab(PVGCOLOR::PVGColorPrimaries, PVGCOLOR::PVGColorTransfer, float, float, float, float*, float*, float*)",0x00058c20,_ZdlPv@plt,BRANCH
0x0002c488,"PVGCOLOR::convertToLab(PVGCOLOR::PVGColorPrimaries, PVGCOLOR::PVGColorTransfer, float, float, float, float*, float*, float*)",0x00058c80,_Znwm@plt,DIRECT_CALL
0x0002c48c,"PVGCOLOR::convertToLab(PVGCOLOR::PVGColorPrimaries, PVGCOLOR::PVGColorTransfer, float, float, float, float*, float*, float*)",N/A,"x8, 0x5d000 <fwrite@plt+0x39f0>",ADRP_PAGE_REF
0x0002c4a0,"PVGCOLOR::convertToLab(PVGCOLOR::PVGColorPrimaries, PVGCOLOR::PVGColorTransfer, float, float, float, float*, float*, float*)",N/A,"x8, 0x5d000 <fwrite@plt+0x39f0>",ADRP_PAGE_REF
0x0002c4b4,"PVGCOLOR::convertToLab(PVGCOLOR::PVGColorPrimaries, PVGCOLOR::PVGColorTransfer, float, float, float, float*, float*, float*)",0x00058c20,_ZdlPv@plt,BRANCH
0x0002c4d0,"PVGCOLOR::convertToLab(PVGCOLOR::PVGColorPrimaries, PVGCOLOR::PVGColorTransfer, float, float, float, float*, float*, float*)",0x00058ec0,powf@plt,DIRECT_CALL
0x0002c530,"PVGCOLOR::convertToLab(PVGCOLOR::PVGColorPrimaries, PVGCOLOR::PVGColorTransfer, float, float, float, float*, float*, float*)",0x00058c20,_ZdlPv@plt,BRANCH
0x0002c540,"PVGCOLOR::convertToLab(PVGCOLOR::PVGColorPrimaries, PVGCOLOR::PVGColorTransfer, float, float, float, float*, float*, float*)",0x00058c80,_Znwm@plt,DIRECT_CALL
0x0002c544,"PVGCOLOR::convertToLab(PVGCOLOR::PVGColorPrimaries, PVGCOLOR::PVGColorTransfer, float, float, float, float*, float*, float*)",N/A,"x8, 0x5e000 <typeinfo for std::__ndk1::__function::__base<float (float)>+0x6f0>",ADRP_PAGE_REF
0x0002c558,"PVGCOLOR::convertToLab(PVGCOLOR::PVGColorPrimaries, PVGCOLOR::PVGColorTransfer, float, float, float, float*, float*, float*)",N/A,"x8, 0x5e000 <typeinfo for std::__ndk1::__function::__base<float (float)>+0x6f0>",ADRP_PAGE_REF
0x0002c56c,"PVGCOLOR::convertToLab(PVGCOLOR::PVGColorPrimaries, PVGCOLOR::PVGColorTransfer, float, float, float, float*, float*, float*)",0x00058c20,_ZdlPv@plt,BRANCH
0x0002c588,"PVGCOLOR::convertToLab(PVGCOLOR::PVGColorPrimaries, PVGCOLOR::PVGColorTransfer, float, float, float, float*, float*, float*)",0x00058ec0,powf@plt,DIRECT_CALL
0x0002c5e8,"PVGCOLOR::convertToLab(PVGCOLOR::PVGColorPrimaries, PVGCOLOR::PVGColorTransfer, float, float, float, float*, float*, float*)",0x00058c20,_ZdlPv@plt,BRANCH
0x0002c5f8,"PVGCOLOR::convertToLab(PVGCOLOR::PVGColorPrimaries, PVGCOLOR::PVGColorTransfer, float, float, float, float*, float*, float*)",0x00058c80,_Znwm@plt,DIRECT_CALL
0x0002c5fc,"PVGCOLOR::convertToLab(PVGCOLOR::PVGColorPrimaries, PVGCOLOR::PVGColorTransfer, float, float, float, float*, float*, float*)",N/A,"x8, 0x5e000 <typeinfo for std::__ndk1::__function::__base<float (float)>+0x6f0>",ADRP_PAGE_REF
0x0002c610,"PVGCOLOR::convertToLab(PVGCOLOR::PVGColorPrimaries, PVGCOLOR::PVGColorTransfer, float, float, float, float*, float*, float*)",N/A,"x8, 0x5e000 <typeinfo for std::__ndk1::__function::__base<float (float)>+0x6f0>",ADRP_PAGE_REF
0x0002c624,"PVGCOLOR::convertToLab(PVGCOLOR::PVGColorPrimaries, PVGCOLOR::PVGColorTransfer, float, float, float, float*, float*, float*)",0x00058c20,_ZdlPv@plt,BRANCH
0x0002c640,"PVGCOLOR::convertToLab(PVGCOLOR::PVGColorPrimaries, PVGCOLOR::PVGColorTransfer, float, float, float, float*, float*, float*)",0x00058ec0,powf@plt,DIRECT_CALL
0x0002c6a0,"PVGCOLOR::convertToLab(PVGCOLOR::PVGColorPrimaries, PVGCOLOR::PVGColorTransfer, float, float, float, float*, float*, float*)",0x00058c20,_ZdlPv@plt,BRANCH
0x0002c6b0,"PVGCOLOR::convertToLab(PVGCOLOR::PVGColorPrimaries, PVGCOLOR::PVGColorTransfer, float, float, float, float*, float*, float*)",0x00058c80,_Znwm@plt,DIRECT_CALL
0x0002c6b4,"PVGCOLOR::convertToLab(PVGCOLOR::PVGColorPrimaries, PVGCOLOR::PVGColorTransfer, float, float, float, float*, float*, float*)",N/A,"x8, 0x5e000 <typeinfo for std::__ndk1::__function::__base<float (float)>+0x6f0>",ADRP_PAGE_REF
0x0002c6c8,"PVGCOLOR::convertToLab(PVGCOLOR::PVGColorPrimaries, PVGCOLOR::PVGColorTransfer, float, float, float, float*, float*, float*)",N/A,"x8, 0x5e000 <typeinfo for std::__ndk1::__function::__base<float (float)>+0x6f0>",ADRP_PAGE_REF
0x0002c6dc,"PVGCOLOR::convertToLab(PVGCOLOR::PVGColorPrimaries, PVGCOLOR::PVGColorTransfer, float, float, float, float*, float*, float*)",0x00058c20,_ZdlPv@plt,BRANCH
0x0002c6f8,"PVGCOLOR::convertToLab(PVGCOLOR::PVGColorPrimaries, PVGCOLOR::PVGColorTransfer, float, float, float, float*, float*, float*)",0x00058ec0,powf@plt,DIRECT_CALL
0x0002c758,"PVGCOLOR::convertToLab(PVGCOLOR::PVGColorPrimaries, PVGCOLOR::PVGColorTransfer, float, float, float, float*, float*, float*)",0x00058c20,_ZdlPv@plt,BRANCH
0x0002c768,"PVGCOLOR::convertToLab(PVGCOLOR::PVGColorPrimaries, PVGCOLOR::PVGColorTransfer, float, float, float, float*, float*, float*)",0x00058c80,_Znwm@plt,DIRECT_CALL
0x0002c76c,"PVGCOLOR::convertToLab(PVGCOLOR::PVGColorPrimaries, PVGCOLOR::PVGColorTransfer, float, float, float, float*, float*, float*)",N/A,"x8, 0x5e000 <typeinfo for std::__ndk1::__function::__base<float (float)>+0x6f0>",ADRP_PAGE_REF
0x0002c780,"PVGCOLOR::convertToLab(PVGCOLOR::PVGColorPrimaries, PVGCOLOR::PVGColorTransfer, float, float, float, float*, float*, float*)",N/A,"x8, 0x5e000 <typeinfo for std::__ndk1::__function::__base<float (float)>+0x6f0>",ADRP_PAGE_REF
0x0002c794,"PVGCOLOR::convertToLab(PVGCOLOR::PVGColorPrimaries, PVGCOLOR::PVGColorTransfer, float, float, float, float*, float*, float*)",0x00058c20,_ZdlPv@plt,BRANCH
0x0002c7b0,"PVGCOLOR::convertToLab(PVGCOLOR::PVGColorPrimaries, PVGCOLOR::PVGColorTransfer, float, float, float, float*, float*, float*)",0x00058ec0,powf@plt,DIRECT_CALL
0x0002c810,"PVGCOLOR::convertToLab(PVGCOLOR::PVGColorPrimaries, PVGCOLOR::PVGColorTransfer, float, float, float, float*, float*, float*)",0x00058c20,_ZdlPv@plt,BRANCH
0x0002c820,"PVGCOLOR::convertToLab(PVGCOLOR::PVGColorPrimaries, PVGCOLOR::PVGColorTransfer, float, float, float, float*, float*, float*)",0x00058c80,_Znwm@plt,DIRECT_CALL
0x0002c824,"PVGCOLOR::convertToLab(PVGCOLOR::PVGColorPrimaries, PVGCOLOR::PVGColorTransfer, float, float, float, float*, float*, float*)",N/A,"x8, 0x5e000 <typeinfo for std::__ndk1::__function::__base<float (float)>+0x6f0>",ADRP_PAGE_REF
0x0002c838,"PVGCOLOR::convertToLab(PVGCOLOR::PVGColorPrimaries, PVGCOLOR::PVGColorTransfer, float, float, float, float*, float*, float*)",N/A,"x8, 0x5e000 <typeinfo for std::__ndk1::__function::__base<float (float)>+0x6f0>",ADRP_PAGE_REF
0x0002c84c,"PVGCOLOR::convertToLab(PVGCOLOR::PVGColorPrimaries, PVGCOLOR::PVGColorTransfer, float, float, float, float*, float*, float*)",0x00058c20,_ZdlPv@plt,BRANCH
0x0002c868,"PVGCOLOR::convertToLab(PVGCOLOR::PVGColorPrimaries, PVGCOLOR::PVGColorTransfer, float, float, float, float*, float*, float*)",0x00058ec0,powf@plt,DIRECT_CALL
0x0002c8c8,"PVGCOLOR::convertToLab(PVGCOLOR::PVGColorPrimaries, PVGCOLOR::PVGColorTransfer, float, float, float, float*, float*, float*)",0x00058c20,_ZdlPv@plt,BRANCH
0x0002c8d8,"PVGCOLOR::convertToLab(PVGCOLOR::PVGColorPrimaries, PVGCOLOR::PVGColorTransfer, float, float, float, float*, float*, float*)",0x00058c80,_Znwm@plt,DIRECT_CALL
0x0002c8dc,"PVGCOLOR::convertToLab(PVGCOLOR::PVGColorPrimaries, PVGCOLOR::PVGColorTransfer, float, float, float, float*, float*, float*)",N/A,"x8, 0x5e000 <typeinfo for std::__ndk1::__function::__base<float (float)>+0x6f0>",ADRP_PAGE_REF
0x0002c8f0,"PVGCOLOR::convertToLab(PVGCOLOR::PVGColorPrimaries, PVGCOLOR::PVGColorTransfer, float, float, float, float*, float*, float*)",N/A,"x8, 0x5e000 <typeinfo for std::__ndk1::__function::__base<float (float)>+0x6f0>",ADRP_PAGE_REF
0x0002c904,"PVGCOLOR::convertToLab(PVGCOLOR::PVGColorPrimaries, PVGCOLOR::PVGColorTransfer, float, float, float, float*, float*, float*)",0x00058c20,_ZdlPv@plt,BRANCH
0x0002c920,"PVGCOLOR::convertToLab(PVGCOLOR::PVGColorPrimaries, PVGCOLOR::PVGColorTransfer, float, float, float, float*, float*, float*)",0x00058ec0,powf@plt,DIRECT_CALL
0x0002c980,"PVGCOLOR::convertToLab(PVGCOLOR::PVGColorPrimaries, PVGCOLOR::PVGColorTransfer, float, float, float, float*, float*, float*)",0x00058c20,_ZdlPv@plt,BRANCH
0x0002c990,"PVGCOLOR::convertToLab(PVGCOLOR::PVGColorPrimaries, PVGCOLOR::PVGColorTransfer, float, float, float, float*, float*, float*)",0x00058c80,_Znwm@plt,DIRECT_CALL
0x0002c994,"PVGCOLOR::convertToLab(PVGCOLOR::PVGColorPrimaries, PVGCOLOR::PVGColorTransfer, float, float, float, float*, float*, float*)",N/A,"x8, 0x5e000 <typeinfo for std::__ndk1::__function::__base<float (float)>+0x6f0>",ADRP_PAGE_REF
0x0002c9a8,"PVGCOLOR::convertToLab(PVGCOLOR::PVGColorPrimaries, PVGCOLOR::PVGColorTransfer, float, float, float, float*, float*, float*)",N/A,"x8, 0x5e000 <typeinfo for std::__ndk1::__function::__base<float (float)>+0x6f0>",ADRP_PAGE_REF
0x0002c9bc,"PVGCOLOR::convertToLab(PVGCOLOR::PVGColorPrimaries, PVGCOLOR::PVGColorTransfer, float, float, float, float*, float*, float*)",0x00058c20,_ZdlPv@plt,BRANCH
0x0002c9d8,"PVGCOLOR::convertToLab(PVGCOLOR::PVGColorPrimaries, PVGCOLOR::PVGColorTransfer, float, float, float, float*, float*, float*)",0x00058ec0,powf@plt,DIRECT_CALL
0x0002ca38,"PVGCOLOR::convertToLab(PVGCOLOR::PVGColorPrimaries, PVGCOLOR::PVGColorTransfer, float, float, float, float*, float*, float*)",0x00058c20,_ZdlPv@plt,BRANCH
0x0002ca48,"PVGCOLOR::convertToLab(PVGCOLOR::PVGColorPrimaries, PVGCOLOR::PVGColorTransfer, float, float, float, float*, float*, float*)",0x00058c80,_Znwm@plt,DIRECT_CALL
0x0002ca4c,"PVGCOLOR::convertToLab(PVGCOLOR::PVGColorPrimaries, PVGCOLOR::PVGColorTransfer, float, float, float, float*, float*, float*)",N/A,"x8, 0x5e000 <typeinfo for std::__ndk1::__function::__base<float (float)>+0x6f0>",ADRP_PAGE_REF
0x0002ca60,"PVGCOLOR::convertToLab(PVGCOLOR::PVGColorPrimaries, PVGCOLOR::PVGColorTransfer, float, float, float, float*, float*, float*)",N/A,"x8, 0x5e000 <typeinfo for std::__ndk1::__function::__base<float (float)>+0x6f0>",ADRP_PAGE_REF
0x0002ca74,"PVGCOLOR::convertToLab(PVGCOLOR::PVGColorPrimaries, PVGCOLOR::PVGColorTransfer, float, float, float, float*, float*, float*)",0x00058c20,_ZdlPv@plt,BRANCH
0x0002ca8c,"PVGCOLOR::convertToLab(PVGCOLOR::PVGColorPrimaries, PVGCOLOR::PVGColorTransfer, float, float, float, float*, float*, float*)",0x0002ca9c,"PVGCOLOR::convertToLab(PVGCOLOR::PVGColorPrimaries, PVGCOLOR::PVGColorTransfer, float, float, float, float*, float*, float*)+0x1818",BRANCH
0x0002cab0,"PVGCOLOR::convertToLab(PVGCOLOR::PVGColorPrimaries, PVGCOLOR::PVGColorTransfer, float, float, float, float*, float*, float*)",0x00058ec0,powf@plt,DIRECT_CALL
0x0002cb00,"PVGCOLOR::convertToLab(PVGCOLOR::PVGColorPrimaries, PVGCOLOR::PVGColorTransfer, float, float, float, float*, float*, float*)",0x00058c20,_ZdlPv@plt,BRANCH
0x0002cb10,"PVGCOLOR::convertToLab(PVGCOLOR::PVGColorPrimaries, PVGCOLOR::PVGColorTransfer, float, float, float, float*, float*, float*)",0x00058c80,_Znwm@plt,DIRECT_CALL
0x0002cb14,"PVGCOLOR::convertToLab(PVGCOLOR::PVGColorPrimaries, PVGCOLOR::PVGColorTransfer, float, float, float, float*, float*, float*)",N/A,"x8, 0x5e000 <typeinfo for std::__ndk1::__function::__base<float (float)>+0x6f0>",ADRP_PAGE_REF
0x0002cb28,"PVGCOLOR::convertToLab(PVGCOLOR::PVGColorPrimaries, PVGCOLOR::PVGColorTransfer, float, float, float, float*, float*, float*)",N/A,"x8, 0x5e000 <typeinfo for std::__ndk1::__function::__base<float (float)>+0x6f0>",ADRP_PAGE_REF
0x0002cb3c,"PVGCOLOR::convertToLab(PVGCOLOR::PVGColorPrimaries, PVGCOLOR::PVGColorTransfer, float, float, float, float*, float*, float*)",0x00058c20,_ZdlPv@plt,BRANCH
0x0002cb54,"PVGCOLOR::convertToLab(PVGCOLOR::PVGColorPrimaries, PVGCOLOR::PVGColorTransfer, float, float, float, float*, float*, float*)",0x0002cb64,"PVGCOLOR::convertToLab(PVGCOLOR::PVGColorPrimaries, PVGCOLOR::PVGColorTransfer, float, float, float, float*, float*, float*)+0x18e0",BRANCH
0x0002cb90,"PVGCOLOR::convertToLab(PVGCOLOR::PVGColorPrimaries, PVGCOLOR::PVGColorTransfer, float, float, float, float*, float*, float*)",0x00058ec0,powf@plt,BRANCH
0x0002cbbc,"PVGCOLOR::convertToLab(PVGCOLOR::PVGColorPrimaries, PVGCOLOR::PVGColorTransfer, float, float, float, float*, float*, float*)",0x00058c20,_ZdlPv@plt,BRANCH
0x0002cbcc,"PVGCOLOR::convertToLab(PVGCOLOR::PVGColorPrimaries, PVGCOLOR::PVGColorTransfer, float, float, float, float*, float*, float*)",0x00058c80,_Znwm@plt,DIRECT_CALL
0x0002cbd0,"PVGCOLOR::convertToLab(PVGCOLOR::PVGColorPrimaries, PVGCOLOR::PVGColorTransfer, float, float, float, float*, float*, float*)",N/A,"x8, 0x5e000 <typeinfo for std::__ndk1::__function::__base<float (float)>+0x6f0>",ADRP_PAGE_REF
0x0002cbe4,"PVGCOLOR::convertToLab(PVGCOLOR::PVGColorPrimaries, PVGCOLOR::PVGColorTransfer, float, float, float, float*, float*, float*)",N/A,"x8, 0x5e000 <typeinfo for std::__ndk1::__function::__base<float (float)>+0x6f0>",ADRP_PAGE_REF
0x0002cbf8,"PVGCOLOR::convertToLab(PVGCOLOR::PVGColorPrimaries, PVGCOLOR::PVGColorTransfer, float, float, float, float*, float*, float*)",0x00058c20,_ZdlPv@plt,BRANCH
0x0002cc14,"PVGCOLOR::convertToLab(PVGCOLOR::PVGColorPrimaries, PVGCOLOR::PVGColorTransfer, float, float, float, float*, float*, float*)",0x0002cc54,"PVGCOLOR::convertToLab(PVGCOLOR::PVGColorPrimaries, PVGCOLOR::PVGColorTransfer, float, float, float, float*, float*, float*)+0x19d0",BRANCH
0x0002cc20,"PVGCOLOR::convertToLab(PVGCOLOR::PVGColorPrimaries, PVGCOLOR::PVGColorTransfer, float, float, float, float*, float*, float*)",N/A,"x8, 0xe000",ADRP_PAGE_REF
0x0002cc30,"PVGCOLOR::convertToLab(PVGCOLOR::PVGColorPrimaries, PVGCOLOR::PVGColorTransfer, float, float, float, float*, float*, float*)",0x00058ee0,log@plt,DIRECT_CALL
0x0002cc34,"PVGCOLOR::convertToLab(PVGCOLOR::PVGColorPrimaries, PVGCOLOR::PVGColorTransfer, float, float, float, float*, float*, float*)",N/A,"x8, 0xe000",ADRP_PAGE_REF
0x0002cc38,"PVGCOLOR::convertToLab(PVGCOLOR::PVGColorPrimaries, PVGCOLOR::PVGColorTransfer, float, float, float, float*, float*, float*)",N/A,"x9, 0xe000",ADRP_PAGE_REF
0x0002cc8c,"PVGCOLOR::convertToLab(PVGCOLOR::PVGColorPrimaries, PVGCOLOR::PVGColorTransfer, float, float, float, float*, float*, float*)",0x00058c20,_ZdlPv@plt,BRANCH
0x0002cc9c,"PVGCOLOR::convertToLab(PVGCOLOR::PVGColorPrimaries, PVGCOLOR::PVGColorTransfer, float, float, float, float*, float*, float*)",0x00058c80,_Znwm@plt,DIRECT_CALL
0x0002cca0,"PVGCOLOR::convertToLab(PVGCOLOR::PVGColorPrimaries, PVGCOLOR::PVGColorTransfer, float, float, float, float*, float*, float*)",N/A,"x8, 0x5e000 <typeinfo for std::__ndk1::__function::__base<float (float)>+0x6f0>",ADRP_PAGE_REF
0x0002ccb4,"PVGCOLOR::convertToLab(PVGCOLOR::PVGColorPrimaries, PVGCOLOR::PVGColorTransfer, float, float, float, float*, float*, float*)",N/A,"x8, 0x5e000 <typeinfo for std::__ndk1::__function::__base<float (float)>+0x6f0>",ADRP_PAGE_REF
0x0002ccc8,"PVGCOLOR::convertToLab(PVGCOLOR::PVGColorPrimaries, PVGCOLOR::PVGColorTransfer, float, float, float, float*, float*, float*)",0x00058c20,_ZdlPv@plt,BRANCH
0x0002ccd8,"PVGCOLOR::convertToLab(PVGCOLOR::PVGColorPrimaries, PVGCOLOR::PVGColorTransfer, float, float, float, float*, float*, float*)",0x0002cd24,"PVGCOLOR::convertToLab(PVGCOLOR::PVGColorPrimaries, PVGCOLOR::PVGColorTransfer, float, float, float, float*, float*, float*)+0x1aa0",BRANCH
0x0002cce8,"PVGCOLOR::convertToLab(PVGCOLOR::PVGColorPrimaries, PVGCOLOR::PVGColorTransfer, float, float, float, float*, float*, float*)",N/A,"x8, 0xe000",ADRP_PAGE_REF
0x0002ccf0,"PVGCOLOR::convertToLab(PVGCOLOR::PVGColorPrimaries, PVGCOLOR::PVGColorTransfer, float, float, float, float*, float*, float*)",N/A,"x8, 0xe000",ADRP_PAGE_REF
0x0002cd00,"PVGCOLOR::convertToLab(PVGCOLOR::PVGColorPrimaries, PVGCOLOR::PVGColorTransfer, float, float, float, float*, float*, float*)",0x00058ef0,exp@plt,DIRECT_CALL
0x0002cd04,"PVGCOLOR::convertToLab(PVGCOLOR::PVGColorPrimaries, PVGCOLOR::PVGColorTransfer, float, float, float, float*, float*, float*)",N/A,"x8, 0xe000",ADRP_PAGE_REF
0x0002cd5c,"PVGCOLOR::convertToLab(PVGCOLOR::PVGColorPrimaries, PVGCOLOR::PVGColorTransfer, float, float, float, float*, float*, float*)",0x00058c20,_ZdlPv@plt,BRANCH
0x0002cd6c,"PVGCOLOR::convertToLab(PVGCOLOR::PVGColorPrimaries, PVGCOLOR::PVGColorTransfer, float, float, float, float*, float*, float*)",0x00058c80,_Znwm@plt,DIRECT_CALL
0x0002cd70,"PVGCOLOR::convertToLab(PVGCOLOR::PVGColorPrimaries, PVGCOLOR::PVGColorTransfer, float, float, float, float*, float*, float*)",N/A,"x8, 0x5e000 <typeinfo for std::__ndk1::__function::__base<float (float)>+0x6f0>",ADRP_PAGE_REF
0x0002cd84,"PVGCOLOR::convertToLab(PVGCOLOR::PVGColorPrimaries, PVGCOLOR::PVGColorTransfer, float, float, float, float*, float*, float*)",N/A,"x8, 0x5e000 <typeinfo for std::__ndk1::__function::__base<float (float)>+0x6f0>",ADRP_PAGE_REF
0x0002cd98,"PVGCOLOR::convertToLab(PVGCOLOR::PVGColorPrimaries, PVGCOLOR::PVGColorTransfer, float, float, float, float*, float*, float*)",0x00058c20,_ZdlPv@plt,BRANCH
0x0002cdb4,"PVGCOLOR::convertToLab(PVGCOLOR::PVGColorPrimaries, PVGCOLOR::PVGColorTransfer, float, float, float, float*, float*, float*)",0x00058ec0,powf@plt,DIRECT_CALL
0x0002ce00,"PVGCOLOR::convertToLab(PVGCOLOR::PVGColorPrimaries, PVGCOLOR::PVGColorTransfer, float, float, float, float*, float*, float*)",0x00058ec0,powf@plt,BRANCH
0x0002ce2c,"PVGCOLOR::convertToLab(PVGCOLOR::PVGColorPrimaries, PVGCOLOR::PVGColorTransfer, float, float, float, float*, float*, float*)",0x00058c20,_ZdlPv@plt,BRANCH
0x0002ce3c,"PVGCOLOR::convertToLab(PVGCOLOR::PVGColorPrimaries, PVGCOLOR::PVGColorTransfer, float, float, float, float*, float*, float*)",0x00058c80,_Znwm@plt,DIRECT_CALL
0x0002ce40,"PVGCOLOR::convertToLab(PVGCOLOR::PVGColorPrimaries, PVGCOLOR::PVGColorTransfer, float, float, float, float*, float*, float*)",N/A,"x8, 0x5e000 <typeinfo for std::__ndk1::__function::__base<float (float)>+0x6f0>",ADRP_PAGE_REF
0x0002ce54,"PVGCOLOR::convertToLab(PVGCOLOR::PVGColorPrimaries, PVGCOLOR::PVGColorTransfer, float, float, float, float*, float*, float*)",N/A,"x8, 0x5e000 <typeinfo for std::__ndk1::__function::__base<float (float)>+0x6f0>",ADRP_PAGE_REF
0x0002ce68,"PVGCOLOR::convertToLab(PVGCOLOR::PVGColorPrimaries, PVGCOLOR::PVGColorTransfer, float, float, float, float*, float*, float*)",0x00058c20,_ZdlPv@plt,BRANCH
0x0002ce94,"PVGCOLOR::convertToLab(PVGCOLOR::PVGColorPrimaries, PVGCOLOR::PVGColorTransfer, float, float, float, float*, float*, float*)",0x00058ec0,powf@plt,DIRECT_CALL
0x0002ced8,"PVGCOLOR::convertToLab(PVGCOLOR::PVGColorPrimaries, PVGCOLOR::PVGColorTransfer, float, float, float, float*, float*, float*)",0x00058ec0,powf@plt,BRANCH
0x0002cf04,"PVGCOLOR::convertToLab(PVGCOLOR::PVGColorPrimaries, PVGCOLOR::PVGColorTransfer, float, float, float, float*, float*, float*)",0x00058c20,_ZdlPv@plt,BRANCH
0x0002cf14,"PVGCOLOR::convertToLab(PVGCOLOR::PVGColorPrimaries, PVGCOLOR::PVGColorTransfer, float, float, float, float*, float*, float*)",0x00058c80,_Znwm@plt,DIRECT_CALL
0x0002cf18,"PVGCOLOR::convertToLab(PVGCOLOR::PVGColorPrimaries, PVGCOLOR::PVGColorTransfer, float, float, float, float*, float*, float*)",N/A,"x8, 0x5e000 <typeinfo for std::__ndk1::__function::__base<float (float)>+0x6f0>",ADRP_PAGE_REF
0x0002cf2c,"PVGCOLOR::convertToLab(PVGCOLOR::PVGColorPrimaries, PVGCOLOR::PVGColorTransfer, float, float, float, float*, float*, float*)",N/A,"x8, 0x5e000 <typeinfo for std::__ndk1::__function::__base<float (float)>+0x6f0>",ADRP_PAGE_REF
0x0002cf40,"PVGCOLOR::convertToLab(PVGCOLOR::PVGColorPrimaries, PVGCOLOR::PVGColorTransfer, float, float, float, float*, float*, float*)",0x00058c20,_ZdlPv@plt,BRANCH
0x0002cf88,"PVGCOLOR::convertToLab(PVGCOLOR::PVGColorPrimaries, PVGCOLOR::PVGColorTransfer, float, float, float, float*, float*, float*)",0x00058c20,_ZdlPv@plt,BRANCH
0x0002cf98,"PVGCOLOR::convertToLab(PVGCOLOR::PVGColorPrimaries, PVGCOLOR::PVGColorTransfer, float, float, float, float*, float*, float*)",0x00058c80,_Znwm@plt,DIRECT_CALL
0x0002cf9c,"PVGCOLOR::convertToLab(PVGCOLOR::PVGColorPrimaries, PVGCOLOR::PVGColorTransfer, float, float, float, float*, float*, float*)",N/A,"x8, 0x5e000 <typeinfo for std::__ndk1::__function::__base<float (float)>+0x6f0>",ADRP_PAGE_REF
0x0002cfb0,"PVGCOLOR::convertToLab(PVGCOLOR::PVGColorPrimaries, PVGCOLOR::PVGColorTransfer, float, float, float, float*, float*, float*)",N/A,"x8, 0x5e000 <typeinfo for std::__ndk1::__function::__base<float (float)>+0x6f0>",ADRP_PAGE_REF
0x0002cfc4,"PVGCOLOR::convertToLab(PVGCOLOR::PVGColorPrimaries, PVGCOLOR::PVGColorTransfer, float, float, float, float*, float*, float*)",0x00058c20,_ZdlPv@plt,BRANCH
0x0002cff8,"PVGCOLOR::convertToLab(PVGCOLOR::PVGColorPrimaries, PVGCOLOR::PVGColorTransfer, float, float, float, float*, float*, float*)",0x00058c20,_ZdlPv@plt,BRANCH
0x0002d010,"PVGCOLOR::convertToLab(PVGCOLOR::PVGColorPrimaries, PVGCOLOR::PVGColorTransfer, float, float, float, float*, float*, float*)",0x00058c80,_Znwm@plt,DIRECT_CALL
0x0002d014,"PVGCOLOR::convertToLab(PVGCOLOR::PVGColorPrimaries, PVGCOLOR::PVGColorTransfer, float, float, float, float*, float*, float*)",N/A,"x8, 0x5e000 <typeinfo for std::__ndk1::__function::__base<float (float)>+0x6f0>",ADRP_PAGE_REF
0x0002d044,"PVGCOLOR::convertToLab(PVGCOLOR::PVGColorPrimaries, PVGCOLOR::PVGColorTransfer, float, float, float, float*, float*, float*)",N/A,"x8, 0x5e000 <typeinfo for std::__ndk1::__function::__base<float (float)>+0x6f0>",ADRP_PAGE_REF
0x0002d070,"PVGCOLOR::convertToLab(PVGCOLOR::PVGColorPrimaries, PVGCOLOR::PVGColorTransfer, float, float, float, float*, float*, float*)",0x00058c20,_ZdlPv@plt,BRANCH
0x0002d10c,"PVGCOLOR::convertToLab(PVGCOLOR::PVGColorPrimaries, PVGCOLOR::PVGColorTransfer, float, float, float, float*, float*, float*)",0x00029f14,PVGCOLOR::getVersion()+0x82cc,DIRECT_CALL
0x0002d150,"PVGCOLOR::convertToLab(PVGCOLOR::PVGColorPrimaries, PVGCOLOR::PVGColorTransfer, float, float, float, float*, float*, float*)",0x00058c20,_ZdlPv@plt,BRANCH
0x0002d168,"PVGCOLOR::convertToLab(PVGCOLOR::PVGColorPrimaries, PVGCOLOR::PVGColorTransfer, float, float, float, float*, float*, float*)",0x00058c80,_Znwm@plt,DIRECT_CALL
0x0002d16c,"PVGCOLOR::convertToLab(PVGCOLOR::PVGColorPrimaries, PVGCOLOR::PVGColorTransfer, float, float, float, float*, float*, float*)",N/A,"x8, 0x5e000 <typeinfo for std::__ndk1::__function::__base<float (float)>+0x6f0>",ADRP_PAGE_REF
0x0002d19c,"PVGCOLOR::convertToLab(PVGCOLOR::PVGColorPrimaries, PVGCOLOR::PVGColorTransfer, float, float, float, float*, float*, float*)",N/A,"x8, 0x5e000 <typeinfo for std::__ndk1::__function::__base<float (float)>+0x6f0>",ADRP_PAGE_REF
0x0002d1c8,"PVGCOLOR::convertToLab(PVGCOLOR::PVGColorPrimaries, PVGCOLOR::PVGColorTransfer, float, float, float, float*, float*, float*)",0x00058c20,_ZdlPv@plt,BRANCH
0x0002d26c,"PVGCOLOR::convertToLab(PVGCOLOR::PVGColorPrimaries, PVGCOLOR::PVGColorTransfer, float, float, float, float*, float*, float*)",0x0002a598,PVGCOLOR::getVersion()+0x8950,DIRECT_CALL
0x0002d2f0,"PVGCOLOR::convertToLab(PVGCOLOR::PVGColorPrimaries, PVGCOLOR::PVGColorTransfer, float, float, float, float*, float*, float*)",0x0002d300,"PVGCOLOR::convertToLab(PVGCOLOR::PVGColorPrimaries, PVGCOLOR::PVGColorTransfer, float, float, float, float*, float*, float*)+0x207c",BRANCH
0x0002d320,"PVGCOLOR::convertToLab(PVGCOLOR::PVGColorPrimaries, PVGCOLOR::PVGColorTransfer, float, float, float, float*, float*, float*)",0x00058d20,memcmp@plt,DIRECT_CALL
0x0002d330,"PVGCOLOR::convertToLab(PVGCOLOR::PVGColorPrimaries, PVGCOLOR::PVGColorTransfer, float, float, float, float*, float*, float*)",0x0002d360,"PVGCOLOR::convertToLab(PVGCOLOR::PVGColorPrimaries, PVGCOLOR::PVGColorTransfer, float, float, float, float*, float*, float*)+0x20dc",BRANCH
0x0002d34c,"PVGCOLOR::convertToLab(PVGCOLOR::PVGColorPrimaries, PVGCOLOR::PVGColorTransfer, float, float, float, float*, float*, float*)",0x00058d20,memcmp@plt,DIRECT_CALL
0x0002d370,"PVGCOLOR::convertToLab(PVGCOLOR::PVGColorPrimaries, PVGCOLOR::PVGColorTransfer, float, float, float, float*, float*, float*)",0x0002d3bc,"PVGCOLOR::convertToLab(PVGCOLOR::PVGColorPrimaries, PVGCOLOR::PVGColorTransfer, float, float, float, float*, float*, float*)+0x2138",BRANCH
0x0002d39c,"PVGCOLOR::convertToLab(PVGCOLOR::PVGColorPrimaries, PVGCOLOR::PVGColorTransfer, float, float, float, float*, float*, float*)",0x00058d20,memcmp@plt,DIRECT_CALL
0x0002d3d4,"PVGCOLOR::convertToLab(PVGCOLOR::PVGColorPrimaries, PVGCOLOR::PVGColorTransfer, float, float, float, float*, float*, float*)",0x00058c20,_ZdlPv@plt,BRANCH
0x0002d3ec,"PVGCOLOR::convertToLab(PVGCOLOR::PVGColorPrimaries, PVGCOLOR::PVGColorTransfer, float, float, float, float*, float*, float*)",0x00058c80,_Znwm@plt,DIRECT_CALL
0x0002d3f0,"PVGCOLOR::convertToLab(PVGCOLOR::PVGColorPrimaries, PVGCOLOR::PVGColorTransfer, float, float, float, float*, float*, float*)",N/A,"x8, 0x5e000 <typeinfo for std::__ndk1::__function::__base<float (float)>+0x6f0>",ADRP_PAGE_REF
0x0002d420,"PVGCOLOR::convertToLab(PVGCOLOR::PVGColorPrimaries, PVGCOLOR::PVGColorTransfer, float, float, float, float*, float*, float*)",N/A,"x8, 0x5e000 <typeinfo for std::__ndk1::__function::__base<float (float)>+0x6f0>",ADRP_PAGE_REF
0x0002d44c,"PVGCOLOR::convertToLab(PVGCOLOR::PVGColorPrimaries, PVGCOLOR::PVGColorTransfer, float, float, float, float*, float*, float*)",0x00058c20,_ZdlPv@plt,BRANCH
0x0002d540,"PVGCOLOR::convertToLab(PVGCOLOR::PVGColorPrimaries, PVGCOLOR::PVGColorTransfer, float, float, float, float*, float*, float*)",0x0002a8b8,PVGCOLOR::getVersion()+0x8c70,DIRECT_CALL
0x0002d58c,"PVGCOLOR::convertToLab(PVGCOLOR::PVGColorPrimaries, PVGCOLOR::PVGColorTransfer, float, float, float, float*, float*, float*)",0x00058c20,_ZdlPv@plt,BRANCH
0x0002d5a4,"PVGCOLOR::convertToLab(PVGCOLOR::PVGColorPrimaries, PVGCOLOR::PVGColorTransfer, float, float, float, float*, float*, float*)",0x00058c80,_Znwm@plt,DIRECT_CALL
0x0002d5a8,"PVGCOLOR::convertToLab(PVGCOLOR::PVGColorPrimaries, PVGCOLOR::PVGColorTransfer, float, float, float, float*, float*, float*)",N/A,"x8, 0x5e000 <typeinfo for std::__ndk1::__function::__base<float (float)>+0x6f0>",ADRP_PAGE_REF
0x0002d5d8,"PVGCOLOR::convertToLab(PVGCOLOR::PVGColorPrimaries, PVGCOLOR::PVGColorTransfer, float, float, float, float*, float*, float*)",N/A,"x8, 0x5e000 <typeinfo for std::__ndk1::__function::__base<float (float)>+0x6f0>",ADRP_PAGE_REF
0x0002d604,"PVGCOLOR::convertToLab(PVGCOLOR::PVGColorPrimaries, PVGCOLOR::PVGColorTransfer, float, float, float, float*, float*, float*)",0x00058c20,_ZdlPv@plt,BRANCH
0x0002d698,"PVGCOLOR::convertToLab(PVGCOLOR::PVGColorPrimaries, PVGCOLOR::PVGColorTransfer, float, float, float, float*, float*, float*)",0x0002ad1c,PVGCOLOR::getVersion()+0x90d4,DIRECT_CALL
0x0002d6e0,"PVGCOLOR::convertToLab(PVGCOLOR::PVGColorPrimaries, PVGCOLOR::PVGColorTransfer, float, float, float, float*, float*, float*)",0x00058c20,_ZdlPv@plt,BRANCH
0x0002d6f8,"PVGCOLOR::convertToLab(PVGCOLOR::PVGColorPrimaries, PVGCOLOR::PVGColorTransfer, float, float, float, float*, float*, float*)",0x00058c80,_Znwm@plt,DIRECT_CALL
0x0002d704,"PVGCOLOR::convertToLab(PVGCOLOR::PVGColorPrimaries, PVGCOLOR::PVGColorTransfer, float, float, float, float*, float*, float*)",N/A,"x8, 0x5e000 <typeinfo for std::__ndk1::__function::__base<float (float)>+0x6f0>",ADRP_PAGE_REF
0x0002d724,"PVGCOLOR::convertToLab(PVGCOLOR::PVGColorPrimaries, PVGCOLOR::PVGColorTransfer, float, float, float, float*, float*, float*)",N/A,"x8, 0x5e000 <typeinfo for std::__ndk1::__function::__base<float (float)>+0x6f0>",ADRP_PAGE_REF
0x0002d748,"PVGCOLOR::convertToLab(PVGCOLOR::PVGColorPrimaries, PVGCOLOR::PVGColorTransfer, float, float, float, float*, float*, float*)",0x00058c20,_ZdlPv@plt,BRANCH
0x0002d83c,"PVGCOLOR::convertToLab(PVGCOLOR::PVGColorPrimaries, PVGCOLOR::PVGColorTransfer, float, float, float, float*, float*, float*)",0x0002a8b8,PVGCOLOR::getVersion()+0x8c70,DIRECT_CALL
0x0002d898,"PVGCOLOR::convertToLab(PVGCOLOR::PVGColorPrimaries, PVGCOLOR::PVGColorTransfer, float, float, float, float*, float*, float*)",N/A,"x8, 0x5e000 <typeinfo for std::__ndk1::__function::__base<float (float)>+0x6f0>",ADRP_PAGE_REF
0x0002d8b0,"PVGCOLOR::convertToLab(PVGCOLOR::PVGColorPrimaries, PVGCOLOR::PVGColorTransfer, float, float, float, float*, float*, float*)",0x0002d8cc,"PVGCOLOR::convertToLab(PVGCOLOR::PVGColorPrimaries, PVGCOLOR::PVGColorTransfer, float, float, float, float*, float*, float*)+0x2648",BRANCH
0x0002d8b8,"PVGCOLOR::convertToLab(PVGCOLOR::PVGColorPrimaries, PVGCOLOR::PVGColorTransfer, float, float, float, float*, float*, float*)",0x00058c90,_Znam@plt,DIRECT_CALL
0x0002d8d8,"PVGCOLOR::convertToLab(PVGCOLOR::PVGColorPrimaries, PVGCOLOR::PVGColorTransfer, float, float, float, float*, float*, float*)",0x00058c90,_Znam@plt,DIRECT_CALL
0x0002d904,"PVGCOLOR::convertToLab(PVGCOLOR::PVGColorPrimaries, PVGCOLOR::PVGColorTransfer, float, float, float, float*, float*, float*)",N/A,"x9, 0x5e000 <typeinfo for std::__ndk1::__function::__base<float (float)>+0x6f0>",ADRP_PAGE_REF
0x0002d914,"PVGCOLOR::convertToLab(PVGCOLOR::PVGColorPrimaries, PVGCOLOR::PVGColorTransfer, float, float, float, float*, float*, float*)",0x0002d974,"PVGCOLOR::convertToLab(PVGCOLOR::PVGColorPrimaries, PVGCOLOR::PVGColorTransfer, float, float, float, float*, float*, float*)+0x26f0",BRANCH
0x0002d91c,"PVGCOLOR::convertToLab(PVGCOLOR::PVGColorPrimaries, PVGCOLOR::PVGColorTransfer, float, float, float, float*, float*, float*)",0x0002d948,"PVGCOLOR::convertToLab(PVGCOLOR::PVGColorPrimaries, PVGCOLOR::PVGColorTransfer, float, float, float, float*, float*, float*)+0x26c4",BRANCH
0x0002d924,"PVGCOLOR::convertToLab(PVGCOLOR::PVGColorPrimaries, PVGCOLOR::PVGColorTransfer, float, float, float, float*, float*, float*)",0x00059010,_ZNSt6__ndk16threadD1Ev@plt,DIRECT_CALL
0x0002d92c,"PVGCOLOR::convertToLab(PVGCOLOR::PVGColorPrimaries, PVGCOLOR::PVGColorTransfer, float, float, float, float*, float*, float*)",0x00058c20,_ZdlPv@plt,DIRECT_CALL
0x0002d944,"PVGCOLOR::convertToLab(PVGCOLOR::PVGColorPrimaries, PVGCOLOR::PVGColorTransfer, float, float, float, float*, float*, float*)",0x0002d974,"PVGCOLOR::convertToLab(PVGCOLOR::PVGColorPrimaries, PVGCOLOR::PVGColorTransfer, float, float, float, float*, float*, float*)+0x26f0",BRANCH
0x0002d960,"PVGCOLOR::convertToLab(PVGCOLOR::PVGColorPrimaries, PVGCOLOR::PVGColorTransfer, float, float, float, float*, float*, float*)",0x00059020,_ZNSt6__ndk16thread4joinEv@plt,DIRECT_CALL
0x0002d970,"PVGCOLOR::convertToLab(PVGCOLOR::PVGColorPrimaries, PVGCOLOR::PVGColorTransfer, float, float, float, float*, float*, float*)",0x0002d934,"PVGCOLOR::convertToLab(PVGCOLOR::PVGColorPrimaries, PVGCOLOR::PVGColorTransfer, float, float, float, float*, float*, float*)+0x26b0",BRANCH
0x0002d988,"PVGCOLOR::convertToLab(PVGCOLOR::PVGColorPrimaries, PVGCOLOR::PVGColorTransfer, float, float, float, float*, float*, float*)",0x00058c30,_ZdaPv@plt,BRANCH
0x0002d99c,"PVGCOLOR::convertToLab(PVGCOLOR::PVGColorPrimaries, PVGCOLOR::PVGColorTransfer, float, float, float, float*, float*, float*)",0x00021eb8,PVGCOLOR::getVersion()+0x270,DIRECT_CALL
0x0002d9a8,"PVGCOLOR::convertToLab(PVGCOLOR::PVGColorPrimaries, PVGCOLOR::PVGColorTransfer, float, float, float, float*, float*, float*)",0x0002da28,"PVGCOLOR::convertToLab(PVGCOLOR::PVGColorPrimaries, PVGCOLOR::PVGColorTransfer, float, float, float, float*, float*, float*)+0x27a4",BRANCH
0x0002d9c4,"PVGCOLOR::convertToLab(PVGCOLOR::PVGColorPrimaries, PVGCOLOR::PVGColorTransfer, float, float, float, float*, float*, float*)",0x0002d9f0,"PVGCOLOR::convertToLab(PVGCOLOR::PVGColorPrimaries, PVGCOLOR::PVGColorTransfer, float, float, float, float*, float*, float*)+0x276c",BRANCH
0x0002d9cc,"PVGCOLOR::convertToLab(PVGCOLOR::PVGColorPrimaries, PVGCOLOR::PVGColorTransfer, float, float, float, float*, float*, float*)",0x00059010,_ZNSt6__ndk16threadD1Ev@plt,DIRECT_CALL
0x0002d9d4,"PVGCOLOR::convertToLab(PVGCOLOR::PVGColorPrimaries, PVGCOLOR::PVGColorTransfer, float, float, float, float*, float*, float*)",0x00058c20,_ZdlPv@plt,DIRECT_CALL
0x0002d9ec,"PVGCOLOR::convertToLab(PVGCOLOR::PVGColorPrimaries, PVGCOLOR::PVGColorTransfer, float, float, float, float*, float*, float*)",0x0002da1c,"PVGCOLOR::convertToLab(PVGCOLOR::PVGColorPrimaries, PVGCOLOR::PVGColorTransfer, float, float, float, float*, float*, float*)+0x2798",BRANCH
0x0002da08,"PVGCOLOR::convertToLab(PVGCOLOR::PVGColorPrimaries, PVGCOLOR::PVGColorTransfer, float, float, float, float*, float*, float*)",0x00059020,_ZNSt6__ndk16thread4joinEv@plt,DIRECT_CALL
0x0002da18,"PVGCOLOR::convertToLab(PVGCOLOR::PVGColorPrimaries, PVGCOLOR::PVGColorTransfer, float, float, float, float*, float*, float*)",0x0002d9dc,"PVGCOLOR::convertToLab(PVGCOLOR::PVGColorPrimaries, PVGCOLOR::PVGColorTransfer, float, float, float, float*, float*, float*)+0x2758",BRANCH
0x0002da3c,"PVGCOLOR::convertToLab(PVGCOLOR::PVGColorPrimaries, PVGCOLOR::PVGColorTransfer, float, float, float, float*, float*, float*)",0x0002d8ec,"PVGCOLOR::convertToLab(PVGCOLOR::PVGColorPrimaries, PVGCOLOR::PVGColorTransfer, float, float, float, float*, float*, float*)+0x2668",DIRECT_CALL
0x0002da4c,"PVGCOLOR::convertToLab(PVGCOLOR::PVGColorPrimaries, PVGCOLOR::PVGColorTransfer, float, float, float, float*, float*, float*)",0x00058c20,_ZdlPv@plt,BRANCH
0x0002da84,"PVGCOLOR::convertToLab(PVGCOLOR::PVGColorPrimaries, PVGCOLOR::PVGColorTransfer, float, float, float, float*, float*, float*)",0x0002dae4,"PVGCOLOR::convertToLab(PVGCOLOR::PVGColorPrimaries, PVGCOLOR::PVGColorTransfer, float, float, float, float*, float*, float*)+0x2860",BRANCH
0x0002da9c,"PVGCOLOR::convertToLab(PVGCOLOR::PVGColorPrimaries, PVGCOLOR::PVGColorTransfer, float, float, float, float*, float*, float*)",0x00058c80,_Znwm@plt,DIRECT_CALL
0x0002dac0,"PVGCOLOR::convertToLab(PVGCOLOR::PVGColorPrimaries, PVGCOLOR::PVGColorTransfer, float, float, float, float*, float*, float*)",0x0002dbbc,"PVGCOLOR::convertToLab(PVGCOLOR::PVGColorPrimaries, PVGCOLOR::PVGColorTransfer, float, float, float, float*, float*, float*)+0x2938",DIRECT_CALL
0x0002dae0,"PVGCOLOR::convertToLab(PVGCOLOR::PVGColorPrimaries, PVGCOLOR::PVGColorTransfer, float, float, float, float*, float*, float*)",0x0002da98,"PVGCOLOR::convertToLab(PVGCOLOR::PVGColorPrimaries, PVGCOLOR::PVGColorTransfer, float, float, float, float*, float*, float*)+0x2814",BRANCH
0x0002daf0,"PVGCOLOR::convertToLab(PVGCOLOR::PVGColorPrimaries, PVGCOLOR::PVGColorTransfer, float, float, float, float*, float*, float*)",0x0002db30,"PVGCOLOR::convertToLab(PVGCOLOR::PVGColorPrimaries, PVGCOLOR::PVGColorTransfer, float, float, float, float*, float*, float*)+0x28ac",BRANCH
0x0002db14,"PVGCOLOR::convertToLab(PVGCOLOR::PVGColorPrimaries, PVGCOLOR::PVGColorTransfer, float, float, float, float*, float*, float*)",0x00058c20,_ZdlPv@plt,DIRECT_CALL
0x0002db24,"PVGCOLOR::convertToLab(PVGCOLOR::PVGColorPrimaries, PVGCOLOR::PVGColorTransfer, float, float, float, float*, float*, float*)",0x0002db30,"PVGCOLOR::convertToLab(PVGCOLOR::PVGColorPrimaries, PVGCOLOR::PVGColorTransfer, float, float, float, float*, float*, float*)+0x28ac",BRANCH
0x0002db2c,"PVGCOLOR::convertToLab(PVGCOLOR::PVGColorPrimaries, PVGCOLOR::PVGColorTransfer, float, float, float, float*, float*, float*)",0x00054f14,"PVGCOLOR::PVGOpenGL::createComputeShader(char const*, int*)+0x249c",DIRECT_CALL
0x0002db30,"PVGCOLOR::convertToLab(PVGCOLOR::PVGColorPrimaries, PVGCOLOR::PVGColorTransfer, float, float, float, float*, float*, float*)",0x00058cb0,__stack_chk_fail@plt,DIRECT_CALL
0x0002db70,"PVGCOLOR::convertToLab(PVGCOLOR::PVGColorPrimaries, PVGCOLOR::PVGColorTransfer, float, float, float, float*, float*, float*)",N/A,x8,INDIRECT_CALL
0x0002db90,"PVGCOLOR::convertToLab(PVGCOLOR::PVGColorPrimaries, PVGCOLOR::PVGColorTransfer, float, float, float, float*, float*, float*)",0x0002dbb8,"PVGCOLOR::convertToLab(PVGCOLOR::PVGColorPrimaries, PVGCOLOR::PVGColorTransfer, float, float, float, float*, float*, float*)+0x2934",BRANCH
0x0002dbb0,"PVGCOLOR::convertToLab(PVGCOLOR::PVGColorPrimaries, PVGCOLOR::PVGColorTransfer, float, float, float, float*, float*, float*)",0x0002dbb8,"PVGCOLOR::convertToLab(PVGCOLOR::PVGColorPrimaries, PVGCOLOR::PVGColorTransfer, float, float, float, float*, float*, float*)+0x2934",BRANCH
0x0002dbb4,"PVGCOLOR::convertToLab(PVGCOLOR::PVGColorPrimaries, PVGCOLOR::PVGColorTransfer, float, float, float, float*, float*, float*)",0x0002b660,"PVGCOLOR::convertToLab(PVGCOLOR::PVGColorPrimaries, PVGCOLOR::PVGColorTransfer, float, float, float, float*, float*, float*)+0x3dc",DIRECT_CALL
0x0002dbb8,"PVGCOLOR::convertToLab(PVGCOLOR::PVGColorPrimaries, PVGCOLOR::PVGColorTransfer, float, float, float, float*, float*, float*)",0x00058cb0,__stack_chk_fail@plt,DIRECT_CALL
0x0002dc04,"PVGCOLOR::convertToLab(PVGCOLOR::PVGColorPrimaries, PVGCOLOR::PVGColorTransfer, float, float, float, float*, float*, float*)",0x00058c80,_Znwm@plt,DIRECT_CALL
0x0002dc0c,"PVGCOLOR::convertToLab(PVGCOLOR::PVGColorPrimaries, PVGCOLOR::PVGColorTransfer, float, float, float, float*, float*, float*)",0x00059030,_ZNSt6__ndk115__thread_structC1Ev@plt,DIRECT_CALL
0x0002dc18,"PVGCOLOR::convertToLab(PVGCOLOR::PVGColorPrimaries, PVGCOLOR::PVGColorTransfer, float, float, float, float*, float*, float*)",0x00058c80,_Znwm@plt,DIRECT_CALL
0x0002dc50,"PVGCOLOR::convertToLab(PVGCOLOR::PVGColorPrimaries, PVGCOLOR::PVGColorTransfer, float, float, float, float*, float*, float*)",0x0002dc68,"PVGCOLOR::convertToLab(PVGCOLOR::PVGColorPrimaries, PVGCOLOR::PVGColorTransfer, float, float, float, float*, float*, float*)+0x29e4",BRANCH
0x0002dc5c,"PVGCOLOR::convertToLab(PVGCOLOR::PVGColorPrimaries, PVGCOLOR::PVGColorTransfer, float, float, float, float*, float*, float*)",N/A,x8,INDIRECT_CALL
0x0002dc64,"PVGCOLOR::convertToLab(PVGCOLOR::PVGColorPrimaries, PVGCOLOR::PVGColorTransfer, float, float, float, float*, float*, float*)",0x0002dc80,"PVGCOLOR::convertToLab(PVGCOLOR::PVGColorPrimaries, PVGCOLOR::PVGColorTransfer, float, float, float, float*, float*, float*)+0x29fc",BRANCH
0x0002dc7c,"PVGCOLOR::convertToLab(PVGCOLOR::PVGColorPrimaries, PVGCOLOR::PVGColorTransfer, float, float, float, float*, float*, float*)",N/A,x8,INDIRECT_CALL
0x0002dc98,"PVGCOLOR::convertToLab(PVGCOLOR::PVGColorPrimaries, PVGCOLOR::PVGColorTransfer, float, float, float, float*, float*, float*)",0x00059040,pthread_create@plt,DIRECT_CALL
0x0002dcac,"PVGCOLOR::convertToLab(PVGCOLOR::PVGColorPrimaries, PVGCOLOR::PVGColorTransfer, float, float, float, float*, float*, float*)",0x0002dd48,"PVGCOLOR::convertToLab(PVGCOLOR::PVGColorPrimaries, PVGCOLOR::PVGColorTransfer, float, float, float, float*, float*, float*)+0x2ac4",BRANCH
0x0002dcdc,"PVGCOLOR::convertToLab(PVGCOLOR::PVGColorPrimaries, PVGCOLOR::PVGColorTransfer, float, float, float, float*, float*, float*)",0x0002dd48,"PVGCOLOR::convertToLab(PVGCOLOR::PVGColorPrimaries, PVGCOLOR::PVGColorTransfer, float, float, float, float*, float*, float*)+0x2ac4",BRANCH
0x0002dce8,"PVGCOLOR::convertToLab(PVGCOLOR::PVGColorPrimaries, PVGCOLOR::PVGColorTransfer, float, float, float, float*, float*, float*)",0x00059050,_ZNSt6__ndk120__throw_system_errorEiPKc@plt,DIRECT_CALL
0x0002dcf4,"PVGCOLOR::convertToLab(PVGCOLOR::PVGColorPrimaries, PVGCOLOR::PVGColorTransfer, float, float, float, float*, float*, float*)",0x0002e64c,"PVGCOLOR::convertToLab(PVGCOLOR::PVGColorPrimaries, PVGCOLOR::PVGColorTransfer, float, float, float, float*, float*, float*)+0x33c8",DIRECT_CALL
0x0002dcfc,"PVGCOLOR::convertToLab(PVGCOLOR::PVGColorPrimaries, PVGCOLOR::PVGColorTransfer, float, float, float, float*, float*, float*)",0x00058c20,_ZdlPv@plt,DIRECT_CALL
0x0002dd00,"PVGCOLOR::convertToLab(PVGCOLOR::PVGColorPrimaries, PVGCOLOR::PVGColorTransfer, float, float, float, float*, float*, float*)",0x0002dd28,"PVGCOLOR::convertToLab(PVGCOLOR::PVGColorPrimaries, PVGCOLOR::PVGColorTransfer, float, float, float, float*, float*, float*)+0x2aa4",BRANCH
0x0002dd08,"PVGCOLOR::convertToLab(PVGCOLOR::PVGColorPrimaries, PVGCOLOR::PVGColorTransfer, float, float, float, float*, float*, float*)",0x0002dd28,"PVGCOLOR::convertToLab(PVGCOLOR::PVGColorPrimaries, PVGCOLOR::PVGColorTransfer, float, float, float, float*, float*, float*)+0x2aa4",BRANCH
0x0002dd14,"PVGCOLOR::convertToLab(PVGCOLOR::PVGColorPrimaries, PVGCOLOR::PVGColorTransfer, float, float, float, float*, float*, float*)",0x00058c20,_ZdlPv@plt,DIRECT_CALL
0x0002dd18,"PVGCOLOR::convertToLab(PVGCOLOR::PVGColorPrimaries, PVGCOLOR::PVGColorTransfer, float, float, float, float*, float*, float*)",0x0002dd30,"PVGCOLOR::convertToLab(PVGCOLOR::PVGColorPrimaries, PVGCOLOR::PVGColorTransfer, float, float, float, float*, float*, float*)+0x2aac",BRANCH
0x0002dd24,"PVGCOLOR::convertToLab(PVGCOLOR::PVGColorPrimaries, PVGCOLOR::PVGColorTransfer, float, float, float, float*, float*, float*)",0x0002e590,"PVGCOLOR::convertToLab(PVGCOLOR::PVGColorPrimaries, PVGCOLOR::PVGColorTransfer, float, float, float, float*, float*, float*)+0x330c",DIRECT_CALL
0x0002dd2c,"PVGCOLOR::convertToLab(PVGCOLOR::PVGColorPrimaries, PVGCOLOR::PVGColorTransfer, float, float, float, float*, float*, float*)",0x0002e610,"PVGCOLOR::convertToLab(PVGCOLOR::PVGColorPrimaries, PVGCOLOR::PVGColorTransfer, float, float, float, float*, float*, float*)+0x338c",DIRECT_CALL
0x0002dd3c,"PVGCOLOR::convertToLab(PVGCOLOR::PVGColorPrimaries, PVGCOLOR::PVGColorTransfer, float, float, float, float*, float*, float*)",0x0002dd48,"PVGCOLOR::convertToLab(PVGCOLOR::PVGColorPrimaries, PVGCOLOR::PVGColorTransfer, float, float, float, float*, float*, float*)+0x2ac4",BRANCH
0x0002dd44,"PVGCOLOR::convertToLab(PVGCOLOR::PVGColorPrimaries, PVGCOLOR::PVGColorTransfer, float, float, float, float*, float*, float*)",0x00054f14,"PVGCOLOR::PVGOpenGL::createComputeShader(char const*, int*)+0x249c",DIRECT_CALL
0x0002dd48,"PVGCOLOR::convertToLab(PVGCOLOR::PVGColorPrimaries, PVGCOLOR::PVGColorTransfer, float, float, float, float*, float*, float*)",0x00058cb0,__stack_chk_fail@plt,DIRECT_CALL
0x0002dd80,"PVGCOLOR::convertToLab(PVGCOLOR::PVGColorPrimaries, PVGCOLOR::PVGColorTransfer, float, float, float, float*, float*, float*)",0x0002dde4,"PVGCOLOR::convertToLab(PVGCOLOR::PVGColorPrimaries, PVGCOLOR::PVGColorTransfer, float, float, float, float*, float*, float*)+0x2b60",BRANCH
0x0002dd98,"PVGCOLOR::convertToLab(PVGCOLOR::PVGColorPrimaries, PVGCOLOR::PVGColorTransfer, float, float, float, float*, float*, float*)",0x00058c80,_Znwm@plt,DIRECT_CALL
0x0002ddc0,"PVGCOLOR::convertToLab(PVGCOLOR::PVGColorPrimaries, PVGCOLOR::PVGColorTransfer, float, float, float, float*, float*, float*)",0x0002deec,"PVGCOLOR::convertToLab(PVGCOLOR::PVGColorPrimaries, PVGCOLOR::PVGColorTransfer, float, float, float, float*, float*, float*)+0x2c68",DIRECT_CALL
0x0002dde0,"PVGCOLOR::convertToLab(PVGCOLOR::PVGColorPrimaries, PVGCOLOR::PVGColorTransfer, float, float, float, float*, float*, float*)",0x0002dd94,"PVGCOLOR::convertToLab(PVGCOLOR::PVGColorPrimaries, PVGCOLOR::PVGColorTransfer, float, float, float, float*, float*, float*)+0x2b10",BRANCH
0x0002ddf0,"PVGCOLOR::convertToLab(PVGCOLOR::PVGColorPrimaries, PVGCOLOR::PVGColorTransfer, float, float, float, float*, float*, float*)",0x0002de30,"PVGCOLOR::convertToLab(PVGCOLOR::PVGColorPrimaries, PVGCOLOR::PVGColorTransfer, float, float, float, float*, float*, float*)+0x2bac",BRANCH
0x0002de14,"PVGCOLOR::convertToLab(PVGCOLOR::PVGColorPrimaries, PVGCOLOR::PVGColorTransfer, float, float, float, float*, float*, float*)",0x00058c20,_ZdlPv@plt,DIRECT_CALL
0x0002de24,"PVGCOLOR::convertToLab(PVGCOLOR::PVGColorPrimaries, PVGCOLOR::PVGColorTransfer, float, float, float, float*, float*, float*)",0x0002de30,"PVGCOLOR::convertToLab(PVGCOLOR::PVGColorPrimaries, PVGCOLOR::PVGColorTransfer, float, float, float, float*, float*, float*)+0x2bac",BRANCH
0x0002de2c,"PVGCOLOR::convertToLab(PVGCOLOR::PVGColorPrimaries, PVGCOLOR::PVGColorTransfer, float, float, float, float*, float*, float*)",0x00054f14,"PVGCOLOR::PVGOpenGL::createComputeShader(char const*, int*)+0x249c",DIRECT_CALL
0x0002de30,"PVGCOLOR::convertToLab(PVGCOLOR::PVGColorPrimaries, PVGCOLOR::PVGColorTransfer, float, float, float, float*, float*, float*)",0x00058cb0,__stack_chk_fail@plt,DIRECT_CALL
0x0002de60,"PVGCOLOR::convertToLab(PVGCOLOR::PVGColorPrimaries, PVGCOLOR::PVGColorTransfer, float, float, float, float*, float*, float*)",0x0002deac,"PVGCOLOR::convertToLab(PVGCOLOR::PVGColorPrimaries, PVGCOLOR::PVGColorTransfer, float, float, float, float*, float*, float*)+0x2c28",BRANCH
0x0002de98,"PVGCOLOR::convertToLab(PVGCOLOR::PVGColorPrimaries, PVGCOLOR::PVGColorTransfer, float, float, float, float*, float*, float*)",N/A,x8,INDIRECT_CALL
0x0002dea8,"PVGCOLOR::convertToLab(PVGCOLOR::PVGColorPrimaries, PVGCOLOR::PVGColorTransfer, float, float, float, float*, float*, float*)",0x0002de74,"PVGCOLOR::convertToLab(PVGCOLOR::PVGColorPrimaries, PVGCOLOR::PVGColorTransfer, float, float, float, float*, float*, float*)+0x2bf0",BRANCH
0x0002deb8,"PVGCOLOR::convertToLab(PVGCOLOR::PVGColorPrimaries, PVGCOLOR::PVGColorTransfer, float, float, float, float*, float*, float*)",0x0002dee8,"PVGCOLOR::convertToLab(PVGCOLOR::PVGColorPrimaries, PVGCOLOR::PVGColorTransfer, float, float, float, float*, float*, float*)+0x2c64",BRANCH
0x0002dee0,"PVGCOLOR::convertToLab(PVGCOLOR::PVGColorPrimaries, PVGCOLOR::PVGColorTransfer, float, float, float, float*, float*, float*)",0x0002dee8,"PVGCOLOR::convertToLab(PVGCOLOR::PVGColorPrimaries, PVGCOLOR::PVGColorTransfer, float, float, float, float*, float*, float*)+0x2c64",BRANCH
0x0002dee4,"PVGCOLOR::convertToLab(PVGCOLOR::PVGColorPrimaries, PVGCOLOR::PVGColorTransfer, float, float, float, float*, float*, float*)",0x0002b660,"PVGCOLOR::convertToLab(PVGCOLOR::PVGColorPrimaries, PVGCOLOR::PVGColorTransfer, float, float, float, float*, float*, float*)+0x3dc",DIRECT_CALL
0x0002dee8,"PVGCOLOR::convertToLab(PVGCOLOR::PVGColorPrimaries, PVGCOLOR::PVGColorTransfer, float, float, float, float*, float*, float*)",0x00058cb0,__stack_chk_fail@plt,DIRECT_CALL
0x0002df38,"PVGCOLOR::convertToLab(PVGCOLOR::PVGColorPrimaries, PVGCOLOR::PVGColorTransfer, float, float, float, float*, float*, float*)",0x00058c80,_Znwm@plt,DIRECT_CALL
0x0002df40,"PVGCOLOR::convertToLab(PVGCOLOR::PVGColorPrimaries, PVGCOLOR::PVGColorTransfer, float, float, float, float*, float*, float*)",0x00059030,_ZNSt6__ndk115__thread_structC1Ev@plt,DIRECT_CALL
0x0002df4c,"PVGCOLOR::convertToLab(PVGCOLOR::PVGColorPrimaries, PVGCOLOR::PVGColorTransfer, float, float, float, float*, float*, float*)",0x00058c80,_Znwm@plt,DIRECT_CALL
0x0002df8c,"PVGCOLOR::convertToLab(PVGCOLOR::PVGColorPrimaries, PVGCOLOR::PVGColorTransfer, float, float, float, float*, float*, float*)",0x0002dfa4,"PVGCOLOR::convertToLab(PVGCOLOR::PVGColorPrimaries, PVGCOLOR::PVGColorTransfer, float, float, float, float*, float*, float*)+0x2d20",BRANCH
0x0002df98,"PVGCOLOR::convertToLab(PVGCOLOR::PVGColorPrimaries, PVGCOLOR::PVGColorTransfer, float, float, float, float*, float*, float*)",N/A,x8,INDIRECT_CALL
0x0002dfa0,"PVGCOLOR::convertToLab(PVGCOLOR::PVGColorPrimaries, PVGCOLOR::PVGColorTransfer, float, float, float, float*, float*, float*)",0x0002dfbc,"PVGCOLOR::convertToLab(PVGCOLOR::PVGColorPrimaries, PVGCOLOR::PVGColorTransfer, float, float, float, float*, float*, float*)+0x2d38",BRANCH
0x0002dfb8,"PVGCOLOR::convertToLab(PVGCOLOR::PVGColorPrimaries, PVGCOLOR::PVGColorTransfer, float, float, float, float*, float*, float*)",N/A,x8,INDIRECT_CALL
0x0002dfd4,"PVGCOLOR::convertToLab(PVGCOLOR::PVGColorPrimaries, PVGCOLOR::PVGColorTransfer, float, float, float, float*, float*, float*)",0x00059040,pthread_create@plt,DIRECT_CALL
0x0002dfe8,"PVGCOLOR::convertToLab(PVGCOLOR::PVGColorPrimaries, PVGCOLOR::PVGColorTransfer, float, float, float, float*, float*, float*)",0x0002e084,"PVGCOLOR::convertToLab(PVGCOLOR::PVGColorPrimaries, PVGCOLOR::PVGColorTransfer, float, float, float, float*, float*, float*)+0x2e00",BRANCH
0x0002e018,"PVGCOLOR::convertToLab(PVGCOLOR::PVGColorPrimaries, PVGCOLOR::PVGColorTransfer, float, float, float, float*, float*, float*)",0x0002e084,"PVGCOLOR::convertToLab(PVGCOLOR::PVGColorPrimaries, PVGCOLOR::PVGColorTransfer, float, float, float, float*, float*, float*)+0x2e00",BRANCH
0x0002e024,"PVGCOLOR::convertToLab(PVGCOLOR::PVGColorPrimaries, PVGCOLOR::PVGColorTransfer, float, float, float, float*, float*, float*)",0x00059050,_ZNSt6__ndk120__throw_system_errorEiPKc@plt,DIRECT_CALL
0x0002e030,"PVGCOLOR::convertToLab(PVGCOLOR::PVGColorPrimaries, PVGCOLOR::PVGColorTransfer, float, float, float, float*, float*, float*)",0x0002e64c,"PVGCOLOR::convertToLab(PVGCOLOR::PVGColorPrimaries, PVGCOLOR::PVGColorTransfer, float, float, float, float*, float*, float*)+0x33c8",DIRECT_CALL
0x0002e038,"PVGCOLOR::convertToLab(PVGCOLOR::PVGColorPrimaries, PVGCOLOR::PVGColorTransfer, float, float, float, float*, float*, float*)",0x00058c20,_ZdlPv@plt,DIRECT_CALL
0x0002e03c,"PVGCOLOR::convertToLab(PVGCOLOR::PVGColorPrimaries, PVGCOLOR::PVGColorTransfer, float, float, float, float*, float*, float*)",0x0002e064,"PVGCOLOR::convertToLab(PVGCOLOR::PVGColorPrimaries, PVGCOLOR::PVGColorTransfer, float, float, float, float*, float*, float*)+0x2de0",BRANCH
0x0002e044,"PVGCOLOR::convertToLab(PVGCOLOR::PVGColorPrimaries, PVGCOLOR::PVGColorTransfer, float, float, float, float*, float*, float*)",0x0002e064,"PVGCOLOR::convertToLab(PVGCOLOR::PVGColorPrimaries, PVGCOLOR::PVGColorTransfer, float, float, float, float*, float*, float*)+0x2de0",BRANCH
0x0002e050,"PVGCOLOR::convertToLab(PVGCOLOR::PVGColorPrimaries, PVGCOLOR::PVGColorTransfer, float, float, float, float*, float*, float*)",0x00058c20,_ZdlPv@plt,DIRECT_CALL
0x0002e054,"PVGCOLOR::convertToLab(PVGCOLOR::PVGColorPrimaries, PVGCOLOR::PVGColorTransfer, float, float, float, float*, float*, float*)",0x0002e06c,"PVGCOLOR::convertToLab(PVGCOLOR::PVGColorPrimaries, PVGCOLOR::PVGColorTransfer, float, float, float, float*, float*, float*)+0x2de8",BRANCH
0x0002e060,"PVGCOLOR::convertToLab(PVGCOLOR::PVGColorPrimaries, PVGCOLOR::PVGColorTransfer, float, float, float, float*, float*, float*)",0x0002e884,"PVGCOLOR::convertToLab(PVGCOLOR::PVGColorPrimaries, PVGCOLOR::PVGColorTransfer, float, float, float, float*, float*, float*)+0x3600",DIRECT_CALL
0x0002e068,"PVGCOLOR::convertToLab(PVGCOLOR::PVGColorPrimaries, PVGCOLOR::PVGColorTransfer, float, float, float, float*, float*, float*)",0x0002e610,"PVGCOLOR::convertToLab(PVGCOLOR::PVGColorPrimaries, PVGCOLOR::PVGColorTransfer, float, float, float, float*, float*, float*)+0x338c",DIRECT_CALL
0x0002e078,"PVGCOLOR::convertToLab(PVGCOLOR::PVGColorPrimaries, PVGCOLOR::PVGColorTransfer, float, float, float, float*, float*, float*)",0x0002e084,"PVGCOLOR::convertToLab(PVGCOLOR::PVGColorPrimaries, PVGCOLOR::PVGColorTransfer, float, float, float, float*, float*, float*)+0x2e00",BRANCH
0x0002e080,"PVGCOLOR::convertToLab(PVGCOLOR::PVGColorPrimaries, PVGCOLOR::PVGColorTransfer, float, float, float, float*, float*, float*)",0x00054f14,"PVGCOLOR::PVGOpenGL::createComputeShader(char const*, int*)+0x249c",DIRECT_CALL
0x0002e084,"PVGCOLOR::convertToLab(PVGCOLOR::PVGColorPrimaries, PVGCOLOR::PVGColorTransfer, float, float, float, float*, float*, float*)",0x00058cb0,__stack_chk_fail@plt,DIRECT_CALL
0x0002e0b8,"PVGCOLOR::convertToLab(PVGCOLOR::PVGColorPrimaries, PVGCOLOR::PVGColorTransfer, float, float, float, float*, float*, float*)",0x0002e118,"PVGCOLOR::convertToLab(PVGCOLOR::PVGColorPrimaries, PVGCOLOR::PVGColorTransfer, float, float, float, float*, float*, float*)+0x2e94",BRANCH
0x0002e0d0,"PVGCOLOR::convertToLab(PVGCOLOR::PVGColorPrimaries, PVGCOLOR::PVGColorTransfer, float, float, float, float*, float*, float*)",0x00058c80,_Znwm@plt,DIRECT_CALL
0x0002e0f4,"PVGCOLOR::convertToLab(PVGCOLOR::PVGColorPrimaries, PVGCOLOR::PVGColorTransfer, float, float, float, float*, float*, float*)",0x0002e210,"PVGCOLOR::convertToLab(PVGCOLOR::PVGColorPrimaries, PVGCOLOR::PVGColorTransfer, float, float, float, float*, float*, float*)+0x2f8c",DIRECT_CALL
0x0002e114,"PVGCOLOR::convertToLab(PVGCOLOR::PVGColorPrimaries, PVGCOLOR::PVGColorTransfer, float, float, float, float*, float*, float*)",0x0002e0cc,"PVGCOLOR::convertToLab(PVGCOLOR::PVGColorPrimaries, PVGCOLOR::PVGColorTransfer, float, float, float, float*, float*, float*)+0x2e48",BRANCH
0x0002e124,"PVGCOLOR::convertToLab(PVGCOLOR::PVGColorPrimaries, PVGCOLOR::PVGColorTransfer, float, float, float, float*, float*, float*)",0x0002e164,"PVGCOLOR::convertToLab(PVGCOLOR::PVGColorPrimaries, PVGCOLOR::PVGColorTransfer, float, float, float, float*, float*, float*)+0x2ee0",BRANCH
0x0002e148,"PVGCOLOR::convertToLab(PVGCOLOR::PVGColorPrimaries, PVGCOLOR::PVGColorTransfer, float, float, float, float*, float*, float*)",0x00058c20,_ZdlPv@plt,DIRECT_CALL
0x0002e158,"PVGCOLOR::convertToLab(PVGCOLOR::PVGColorPrimaries, PVGCOLOR::PVGColorTransfer, float, float, float, float*, float*, float*)",0x0002e164,"PVGCOLOR::convertToLab(PVGCOLOR::PVGColorPrimaries, PVGCOLOR::PVGColorTransfer, float, float, float, float*, float*, float*)+0x2ee0",BRANCH
0x0002e160,"PVGCOLOR::convertToLab(PVGCOLOR::PVGColorPrimaries, PVGCOLOR::PVGColorTransfer, float, float, float, float*, float*, float*)",0x00054f14,"PVGCOLOR::PVGOpenGL::createComputeShader(char const*, int*)+0x249c",DIRECT_CALL
0x0002e164,"PVGCOLOR::convertToLab(PVGCOLOR::PVGColorPrimaries, PVGCOLOR::PVGColorTransfer, float, float, float, float*, float*, float*)",0x00058cb0,__stack_chk_fail@plt,DIRECT_CALL
0x0002e190,"PVGCOLOR::convertToLab(PVGCOLOR::PVGColorPrimaries, PVGCOLOR::PVGColorTransfer, float, float, float, float*, float*, float*)",0x0002e1d0,"PVGCOLOR::convertToLab(PVGCOLOR::PVGColorPrimaries, PVGCOLOR::PVGColorTransfer, float, float, float, float*, float*, float*)+0x2f4c",BRANCH
0x0002e1bc,"PVGCOLOR::convertToLab(PVGCOLOR::PVGColorPrimaries, PVGCOLOR::PVGColorTransfer, float, float, float, float*, float*, float*)",N/A,x8,INDIRECT_CALL
0x0002e1cc,"PVGCOLOR::convertToLab(PVGCOLOR::PVGColorPrimaries, PVGCOLOR::PVGColorTransfer, float, float, float, float*, float*, float*)",0x0002e1a4,"PVGCOLOR::convertToLab(PVGCOLOR::PVGColorPrimaries, PVGCOLOR::PVGColorTransfer, float, float, float, float*, float*, float*)+0x2f20",BRANCH
0x0002e1dc,"PVGCOLOR::convertToLab(PVGCOLOR::PVGColorPrimaries, PVGCOLOR::PVGColorTransfer, float, float, float, float*, float*, float*)",0x0002e20c,"PVGCOLOR::convertToLab(PVGCOLOR::PVGColorPrimaries, PVGCOLOR::PVGColorTransfer, float, float, float, float*, float*, float*)+0x2f88",BRANCH
0x0002e204,"PVGCOLOR::convertToLab(PVGCOLOR::PVGColorPrimaries, PVGCOLOR::PVGColorTransfer, float, float, float, float*, float*, float*)",0x0002e20c,"PVGCOLOR::convertToLab(PVGCOLOR::PVGColorPrimaries, PVGCOLOR::PVGColorTransfer, float, float, float, float*, float*, float*)+0x2f88",BRANCH
0x0002e208,"PVGCOLOR::convertToLab(PVGCOLOR::PVGColorPrimaries, PVGCOLOR::PVGColorTransfer, float, float, float, float*, float*, float*)",0x0002b660,"PVGCOLOR::convertToLab(PVGCOLOR::PVGColorPrimaries, PVGCOLOR::PVGColorTransfer, float, float, float, float*, float*, float*)+0x3dc",DIRECT_CALL
0x0002e20c,"PVGCOLOR::convertToLab(PVGCOLOR::PVGColorPrimaries, PVGCOLOR::PVGColorTransfer, float, float, float, float*, float*, float*)",0x00058cb0,__stack_chk_fail@plt,DIRECT_CALL
0x0002e258,"PVGCOLOR::convertToLab(PVGCOLOR::PVGColorPrimaries, PVGCOLOR::PVGColorTransfer, float, float, float, float*, float*, float*)",0x00058c80,_Znwm@plt,DIRECT_CALL
0x0002e260,"PVGCOLOR::convertToLab(PVGCOLOR::PVGColorPrimaries, PVGCOLOR::PVGColorTransfer, float, float, float, float*, float*, float*)",0x00059030,_ZNSt6__ndk115__thread_structC1Ev@plt,DIRECT_CALL
0x0002e26c,"PVGCOLOR::convertToLab(PVGCOLOR::PVGColorPrimaries, PVGCOLOR::PVGColorTransfer, float, float, float, float*, float*, float*)",0x00058c80,_Znwm@plt,DIRECT_CALL
0x0002e2a4,"PVGCOLOR::convertToLab(PVGCOLOR::PVGColorPrimaries, PVGCOLOR::PVGColorTransfer, float, float, float, float*, float*, float*)",0x0002e2bc,"PVGCOLOR::convertToLab(PVGCOLOR::PVGColorPrimaries, PVGCOLOR::PVGColorTransfer, float, float, float, float*, float*, float*)+0x3038",BRANCH
0x0002e2b0,"PVGCOLOR::convertToLab(PVGCOLOR::PVGColorPrimaries, PVGCOLOR::PVGColorTransfer, float, float, float, float*, float*, float*)",N/A,x8,INDIRECT_CALL
0x0002e2b8,"PVGCOLOR::convertToLab(PVGCOLOR::PVGColorPrimaries, PVGCOLOR::PVGColorTransfer, float, float, float, float*, float*, float*)",0x0002e2d4,"PVGCOLOR::convertToLab(PVGCOLOR::PVGColorPrimaries, PVGCOLOR::PVGColorTransfer, float, float, float, float*, float*, float*)+0x3050",BRANCH
0x0002e2d0,"PVGCOLOR::convertToLab(PVGCOLOR::PVGColorPrimaries, PVGCOLOR::PVGColorTransfer, float, float, float, float*, float*, float*)",N/A,x8,INDIRECT_CALL
0x0002e2ec,"PVGCOLOR::convertToLab(PVGCOLOR::PVGColorPrimaries, PVGCOLOR::PVGColorTransfer, float, float, float, float*, float*, float*)",0x00059040,pthread_create@plt,DIRECT_CALL
0x0002e300,"PVGCOLOR::convertToLab(PVGCOLOR::PVGColorPrimaries, PVGCOLOR::PVGColorTransfer, float, float, float, float*, float*, float*)",0x0002e39c,"PVGCOLOR::convertToLab(PVGCOLOR::PVGColorPrimaries, PVGCOLOR::PVGColorTransfer, float, float, float, float*, float*, float*)+0x3118",BRANCH
0x0002e330,"PVGCOLOR::convertToLab(PVGCOLOR::PVGColorPrimaries, PVGCOLOR::PVGColorTransfer, float, float, float, float*, float*, float*)",0x0002e39c,"PVGCOLOR::convertToLab(PVGCOLOR::PVGColorPrimaries, PVGCOLOR::PVGColorTransfer, float, float, float, float*, float*, float*)+0x3118",BRANCH
0x0002e33c,"PVGCOLOR::convertToLab(PVGCOLOR::PVGColorPrimaries, PVGCOLOR::PVGColorTransfer, float, float, float, float*, float*, float*)",0x00059050,_ZNSt6__ndk120__throw_system_errorEiPKc@plt,DIRECT_CALL
0x0002e348,"PVGCOLOR::convertToLab(PVGCOLOR::PVGColorPrimaries, PVGCOLOR::PVGColorTransfer, float, float, float, float*, float*, float*)",0x0002e64c,"PVGCOLOR::convertToLab(PVGCOLOR::PVGColorPrimaries, PVGCOLOR::PVGColorTransfer, float, float, float, float*, float*, float*)+0x33c8",DIRECT_CALL
0x0002e350,"PVGCOLOR::convertToLab(PVGCOLOR::PVGColorPrimaries, PVGCOLOR::PVGColorTransfer, float, float, float, float*, float*, float*)",0x00058c20,_ZdlPv@plt,DIRECT_CALL
0x0002e354,"PVGCOLOR::convertToLab(PVGCOLOR::PVGColorPrimaries, PVGCOLOR::PVGColorTransfer, float, float, float, float*, float*, float*)",0x0002e37c,"PVGCOLOR::convertToLab(PVGCOLOR::PVGColorPrimaries, PVGCOLOR::PVGColorTransfer, float, float, float, float*, float*, float*)+0x30f8",BRANCH
0x0002e35c,"PVGCOLOR::convertToLab(PVGCOLOR::PVGColorPrimaries, PVGCOLOR::PVGColorTransfer, float, float, float, float*, float*, float*)",0x0002e37c,"PVGCOLOR::convertToLab(PVGCOLOR::PVGColorPrimaries, PVGCOLOR::PVGColorTransfer, float, float, float, float*, float*, float*)+0x30f8",BRANCH
0x0002e368,"PVGCOLOR::convertToLab(PVGCOLOR::PVGColorPrimaries, PVGCOLOR::PVGColorTransfer, float, float, float, float*, float*, float*)",0x00058c20,_ZdlPv@plt,DIRECT_CALL
0x0002e36c,"PVGCOLOR::convertToLab(PVGCOLOR::PVGColorPrimaries, PVGCOLOR::PVGColorTransfer, float, float, float, float*, float*, float*)",0x0002e384,"PVGCOLOR::convertToLab(PVGCOLOR::PVGColorPrimaries, PVGCOLOR::PVGColorTransfer, float, float, float, float*, float*, float*)+0x3100",BRANCH
0x0002e378,"PVGCOLOR::convertToLab(PVGCOLOR::PVGColorPrimaries, PVGCOLOR::PVGColorTransfer, float, float, float, float*, float*, float*)",0x0002eaec,"PVGCOLOR::convertToLab(PVGCOLOR::PVGColorPrimaries, PVGCOLOR::PVGColorTransfer, float, float, float, float*, float*, float*)+0x3868",DIRECT_CALL
0x0002e380,"PVGCOLOR::convertToLab(PVGCOLOR::PVGColorPrimaries, PVGCOLOR::PVGColorTransfer, float, float, float, float*, float*, float*)",0x0002e610,"PVGCOLOR::convertToLab(PVGCOLOR::PVGColorPrimaries, PVGCOLOR::PVGColorTransfer, float, float, float, float*, float*, float*)+0x338c",DIRECT_CALL
0x0002e390,"PVGCOLOR::convertToLab(PVGCOLOR::PVGColorPrimaries, PVGCOLOR::PVGColorTransfer, float, float, float, float*, float*, float*)",0x0002e39c,"PVGCOLOR::convertToLab(PVGCOLOR::PVGColorPrimaries, PVGCOLOR::PVGColorTransfer, float, float, float, float*, float*, float*)+0x3118",BRANCH
0x0002e398,"PVGCOLOR::convertToLab(PVGCOLOR::PVGColorPrimaries, PVGCOLOR::PVGColorTransfer, float, float, float, float*, float*, float*)",0x00054f14,"PVGCOLOR::PVGOpenGL::createComputeShader(char const*, int*)+0x249c",DIRECT_CALL
0x0002e39c,"PVGCOLOR::convertToLab(PVGCOLOR::PVGColorPrimaries, PVGCOLOR::PVGColorTransfer, float, float, float, float*, float*, float*)",0x00058cb0,__stack_chk_fail@plt,DIRECT_CALL
0x0002e3d8,"PVGCOLOR::convertToLab(PVGCOLOR::PVGColorPrimaries, PVGCOLOR::PVGColorTransfer, float, float, float, float*, float*, float*)",0x00059060,_ZNSt6__ndk119__thread_local_dataEv@plt,DIRECT_CALL
0x0002e3e8,"PVGCOLOR::convertToLab(PVGCOLOR::PVGColorPrimaries, PVGCOLOR::PVGColorTransfer, float, float, float, float*, float*, float*)",0x00059070,pthread_setspecific@plt,DIRECT_CALL
0x0002e41c,"PVGCOLOR::convertToLab(PVGCOLOR::PVGColorPrimaries, PVGCOLOR::PVGColorTransfer, float, float, float, float*, float*, float*)",0x0002e43c,"PVGCOLOR::convertToLab(PVGCOLOR::PVGColorPrimaries, PVGCOLOR::PVGColorTransfer, float, float, float, float*, float*, float*)+0x31b8",BRANCH
0x0002e428,"PVGCOLOR::convertToLab(PVGCOLOR::PVGColorPrimaries, PVGCOLOR::PVGColorTransfer, float, float, float, float*, float*, float*)",0x0002e434,"PVGCOLOR::convertToLab(PVGCOLOR::PVGColorPrimaries, PVGCOLOR::PVGColorTransfer, float, float, float, float*, float*, float*)+0x31b0",BRANCH
0x0002e438,"PVGCOLOR::convertToLab(PVGCOLOR::PVGColorPrimaries, PVGCOLOR::PVGColorTransfer, float, float, float, float*, float*, float*)",0x0002e470,"PVGCOLOR::convertToLab(PVGCOLOR::PVGColorPrimaries, PVGCOLOR::PVGColorTransfer, float, float, float, float*, float*, float*)+0x31ec",BRANCH
0x0002e460,"PVGCOLOR::convertToLab(PVGCOLOR::PVGColorPrimaries, PVGCOLOR::PVGColorTransfer, float, float, float, float*, float*, float*)",N/A,x8,INDIRECT_CALL
0x0002e478,"PVGCOLOR::convertToLab(PVGCOLOR::PVGColorPrimaries, PVGCOLOR::PVGColorTransfer, float, float, float, float*, float*, float*)",N/A,x23,INDIRECT_CALL
0x0002e484,"PVGCOLOR::convertToLab(PVGCOLOR::PVGColorPrimaries, PVGCOLOR::PVGColorTransfer, float, float, float, float*, float*, float*)",0x0002e494,"PVGCOLOR::convertToLab(PVGCOLOR::PVGColorPrimaries, PVGCOLOR::PVGColorTransfer, float, float, float, float*, float*, float*)+0x3210",BRANCH
0x0002e490,"PVGCOLOR::convertToLab(PVGCOLOR::PVGColorPrimaries, PVGCOLOR::PVGColorTransfer, float, float, float, float*, float*, float*)",0x0002e49c,"PVGCOLOR::convertToLab(PVGCOLOR::PVGColorPrimaries, PVGCOLOR::PVGColorTransfer, float, float, float, float*, float*, float*)+0x3218",BRANCH
0x0002e4a4,"PVGCOLOR::convertToLab(PVGCOLOR::PVGColorPrimaries, PVGCOLOR::PVGColorTransfer, float, float, float, float*, float*, float*)",N/A,x8,INDIRECT_CALL
0x0002e4b0,"PVGCOLOR::convertToLab(PVGCOLOR::PVGColorPrimaries, PVGCOLOR::PVGColorTransfer, float, float, float, float*, float*, float*)",0x0002e4c4,"PVGCOLOR::convertToLab(PVGCOLOR::PVGColorPrimaries, PVGCOLOR::PVGColorTransfer, float, float, float, float*, float*, float*)+0x3240",BRANCH
0x0002e4c0,"PVGCOLOR::convertToLab(PVGCOLOR::PVGColorPrimaries, PVGCOLOR::PVGColorTransfer, float, float, float, float*, float*, float*)",0x0002e4c8,"PVGCOLOR::convertToLab(PVGCOLOR::PVGColorPrimaries, PVGCOLOR::PVGColorTransfer, float, float, float, float*, float*, float*)+0x3244",BRANCH
0x0002e4d4,"PVGCOLOR::convertToLab(PVGCOLOR::PVGColorPrimaries, PVGCOLOR::PVGColorTransfer, float, float, float, float*, float*, float*)",N/A,x8,INDIRECT_CALL
0x0002e4e8,"PVGCOLOR::convertToLab(PVGCOLOR::PVGColorPrimaries, PVGCOLOR::PVGColorTransfer, float, float, float, float*, float*, float*)",0x00059080,_ZNSt6__ndk115__thread_structD1Ev@plt,DIRECT_CALL
0x0002e4f0,"PVGCOLOR::convertToLab(PVGCOLOR::PVGColorPrimaries, PVGCOLOR::PVGColorTransfer, float, float, float, float*, float*, float*)",0x00058c20,_ZdlPv@plt,DIRECT_CALL
0x0002e4f8,"PVGCOLOR::convertToLab(PVGCOLOR::PVGColorPrimaries, PVGCOLOR::PVGColorTransfer, float, float, float, float*, float*, float*)",0x00058c20,_ZdlPv@plt,DIRECT_CALL
0x0002e508,"PVGCOLOR::convertToLab(PVGCOLOR::PVGColorPrimaries, PVGCOLOR::PVGColorTransfer, float, float, float, float*, float*, float*)",0x0002e58c,"PVGCOLOR::convertToLab(PVGCOLOR::PVGColorPrimaries, PVGCOLOR::PVGColorTransfer, float, float, float, float*, float*, float*)+0x3308",BRANCH
0x0002e52c,"PVGCOLOR::convertToLab(PVGCOLOR::PVGColorPrimaries, PVGCOLOR::PVGColorTransfer, float, float, float, float*, float*, float*)",0x00021eb8,PVGCOLOR::getVersion()+0x270,DIRECT_CALL
0x0002e53c,"PVGCOLOR::convertToLab(PVGCOLOR::PVGColorPrimaries, PVGCOLOR::PVGColorTransfer, float, float, float, float*, float*, float*)",0x0002e54c,"PVGCOLOR::convertToLab(PVGCOLOR::PVGColorPrimaries, PVGCOLOR::PVGColorTransfer, float, float, float, float*, float*, float*)+0x32c8",BRANCH
0x0002e548,"PVGCOLOR::convertToLab(PVGCOLOR::PVGColorPrimaries, PVGCOLOR::PVGColorTransfer, float, float, float, float*, float*, float*)",0x0002e554,"PVGCOLOR::convertToLab(PVGCOLOR::PVGColorPrimaries, PVGCOLOR::PVGColorTransfer, float, float, float, float*, float*, float*)+0x32d0",BRANCH
0x0002e560,"PVGCOLOR::convertToLab(PVGCOLOR::PVGColorPrimaries, PVGCOLOR::PVGColorTransfer, float, float, float, float*, float*, float*)",N/A,x9,INDIRECT_CALL
0x0002e564,"PVGCOLOR::convertToLab(PVGCOLOR::PVGColorPrimaries, PVGCOLOR::PVGColorTransfer, float, float, float, float*, float*, float*)",0x0002e56c,"PVGCOLOR::convertToLab(PVGCOLOR::PVGColorPrimaries, PVGCOLOR::PVGColorTransfer, float, float, float, float*, float*, float*)+0x32e8",BRANCH
0x0002e570,"PVGCOLOR::convertToLab(PVGCOLOR::PVGColorPrimaries, PVGCOLOR::PVGColorTransfer, float, float, float, float*, float*, float*)",0x0002e590,"PVGCOLOR::convertToLab(PVGCOLOR::PVGColorPrimaries, PVGCOLOR::PVGColorTransfer, float, float, float, float*, float*, float*)+0x330c",DIRECT_CALL
0x0002e580,"PVGCOLOR::convertToLab(PVGCOLOR::PVGColorPrimaries, PVGCOLOR::PVGColorTransfer, float, float, float, float*, float*, float*)",0x0002e58c,"PVGCOLOR::convertToLab(PVGCOLOR::PVGColorPrimaries, PVGCOLOR::PVGColorTransfer, float, float, float, float*, float*, float*)+0x3308",BRANCH
0x0002e588,"PVGCOLOR::convertToLab(PVGCOLOR::PVGColorPrimaries, PVGCOLOR::PVGColorTransfer, float, float, float, float*, float*, float*)",0x00054f14,"PVGCOLOR::PVGOpenGL::createComputeShader(char const*, int*)+0x249c",DIRECT_CALL
0x0002e58c,"PVGCOLOR::convertToLab(PVGCOLOR::PVGColorPrimaries, PVGCOLOR::PVGColorTransfer, float, float, float, float*, float*, float*)",0x00058cb0,__stack_chk_fail@plt,DIRECT_CALL
0x0002e5b4,"PVGCOLOR::convertToLab(PVGCOLOR::PVGColorPrimaries, PVGCOLOR::PVGColorTransfer, float, float, float, float*, float*, float*)",0x0002e5d0,"PVGCOLOR::convertToLab(PVGCOLOR::PVGColorPrimaries, PVGCOLOR::PVGColorTransfer, float, float, float, float*, float*, float*)+0x334c",BRANCH
0x0002e5c0,"PVGCOLOR::convertToLab(PVGCOLOR::PVGColorPrimaries, PVGCOLOR::PVGColorTransfer, float, float, float, float*, float*, float*)",0x0002e5d8,"PVGCOLOR::convertToLab(PVGCOLOR::PVGColorPrimaries, PVGCOLOR::PVGColorTransfer, float, float, float, float*, float*, float*)+0x3354",BRANCH
0x0002e5e0,"PVGCOLOR::convertToLab(PVGCOLOR::PVGColorPrimaries, PVGCOLOR::PVGColorTransfer, float, float, float, float*, float*, float*)",N/A,x8,INDIRECT_CALL
0x0002e5f4,"PVGCOLOR::convertToLab(PVGCOLOR::PVGColorPrimaries, PVGCOLOR::PVGColorTransfer, float, float, float, float*, float*, float*)",0x00059080,_ZNSt6__ndk115__thread_structD1Ev@plt,DIRECT_CALL
0x0002e5fc,"PVGCOLOR::convertToLab(PVGCOLOR::PVGColorPrimaries, PVGCOLOR::PVGColorTransfer, float, float, float, float*, float*, float*)",0x00058c20,_ZdlPv@plt,DIRECT_CALL
0x0002e60c,"PVGCOLOR::convertToLab(PVGCOLOR::PVGColorPrimaries, PVGCOLOR::PVGColorTransfer, float, float, float, float*, float*, float*)",0x00058c20,_ZdlPv@plt,BRANCH
0x0002e62c,"PVGCOLOR::convertToLab(PVGCOLOR::PVGColorPrimaries, PVGCOLOR::PVGColorTransfer, float, float, float, float*, float*, float*)",0x00059080,_ZNSt6__ndk115__thread_structD1Ev@plt,DIRECT_CALL
0x0002e63c,"PVGCOLOR::convertToLab(PVGCOLOR::PVGColorPrimaries, PVGCOLOR::PVGColorTransfer, float, float, float, float*, float*, float*)",0x00058c20,_ZdlPv@plt,BRANCH
0x0002e668,"PVGCOLOR::convertToLab(PVGCOLOR::PVGColorPrimaries, PVGCOLOR::PVGColorTransfer, float, float, float, float*, float*, float*)",0x00059080,_ZNSt6__ndk115__thread_structD1Ev@plt,DIRECT_CALL
0x0002e678,"PVGCOLOR::convertToLab(PVGCOLOR::PVGColorPrimaries, PVGCOLOR::PVGColorTransfer, float, float, float, float*, float*, float*)",0x00058c20,_ZdlPv@plt,BRANCH
0x0002e6bc,"PVGCOLOR::convertToLab(PVGCOLOR::PVGColorPrimaries, PVGCOLOR::PVGColorTransfer, float, float, float, float*, float*, float*)",0x00059060,_ZNSt6__ndk119__thread_local_dataEv@plt,DIRECT_CALL
0x0002e6cc,"PVGCOLOR::convertToLab(PVGCOLOR::PVGColorPrimaries, PVGCOLOR::PVGColorTransfer, float, float, float, float*, float*, float*)",0x00059070,pthread_setspecific@plt,DIRECT_CALL
0x0002e704,"PVGCOLOR::convertToLab(PVGCOLOR::PVGColorPrimaries, PVGCOLOR::PVGColorTransfer, float, float, float, float*, float*, float*)",0x0002e724,"PVGCOLOR::convertToLab(PVGCOLOR::PVGColorPrimaries, PVGCOLOR::PVGColorTransfer, float, float, float, float*, float*, float*)+0x34a0",BRANCH
0x0002e710,"PVGCOLOR::convertToLab(PVGCOLOR::PVGColorPrimaries, PVGCOLOR::PVGColorTransfer, float, float, float, float*, float*, float*)",0x0002e71c,"PVGCOLOR::convertToLab(PVGCOLOR::PVGColorPrimaries, PVGCOLOR::PVGColorTransfer, float, float, float, float*, float*, float*)+0x3498",BRANCH
0x0002e720,"PVGCOLOR::convertToLab(PVGCOLOR::PVGColorPrimaries, PVGCOLOR::PVGColorTransfer, float, float, float, float*, float*, float*)",0x0002e760,"PVGCOLOR::convertToLab(PVGCOLOR::PVGColorPrimaries, PVGCOLOR::PVGColorTransfer, float, float, float, float*, float*, float*)+0x34dc",BRANCH
0x0002e74c,"PVGCOLOR::convertToLab(PVGCOLOR::PVGColorPrimaries, PVGCOLOR::PVGColorTransfer, float, float, float, float*, float*, float*)",N/A,x8,INDIRECT_CALL
0x0002e768,"PVGCOLOR::convertToLab(PVGCOLOR::PVGColorPrimaries, PVGCOLOR::PVGColorTransfer, float, float, float, float*, float*, float*)",N/A,x23,INDIRECT_CALL
0x0002e774,"PVGCOLOR::convertToLab(PVGCOLOR::PVGColorPrimaries, PVGCOLOR::PVGColorTransfer, float, float, float, float*, float*, float*)",0x0002e784,"PVGCOLOR::convertToLab(PVGCOLOR::PVGColorPrimaries, PVGCOLOR::PVGColorTransfer, float, float, float, float*, float*, float*)+0x3500",BRANCH
0x0002e780,"PVGCOLOR::convertToLab(PVGCOLOR::PVGColorPrimaries, PVGCOLOR::PVGColorTransfer, float, float, float, float*, float*, float*)",0x0002e78c,"PVGCOLOR::convertToLab(PVGCOLOR::PVGColorPrimaries, PVGCOLOR::PVGColorTransfer, float, float, float, float*, float*, float*)+0x3508",BRANCH
0x0002e794,"PVGCOLOR::convertToLab(PVGCOLOR::PVGColorPrimaries, PVGCOLOR::PVGColorTransfer, float, float, float, float*, float*, float*)",N/A,x8,INDIRECT_CALL
0x0002e7a0,"PVGCOLOR::convertToLab(PVGCOLOR::PVGColorPrimaries, PVGCOLOR::PVGColorTransfer, float, float, float, float*, float*, float*)",0x0002e7b4,"PVGCOLOR::convertToLab(PVGCOLOR::PVGColorPrimaries, PVGCOLOR::PVGColorTransfer, float, float, float, float*, float*, float*)+0x3530",BRANCH
0x0002e7b0,"PVGCOLOR::convertToLab(PVGCOLOR::PVGColorPrimaries, PVGCOLOR::PVGColorTransfer, float, float, float, float*, float*, float*)",0x0002e7b8,"PVGCOLOR::convertToLab(PVGCOLOR::PVGColorPrimaries, PVGCOLOR::PVGColorTransfer, float, float, float, float*, float*, float*)+0x3534",BRANCH
0x0002e7c4,"PVGCOLOR::convertToLab(PVGCOLOR::PVGColorPrimaries, PVGCOLOR::PVGColorTransfer, float, float, float, float*, float*, float*)",N/A,x8,INDIRECT_CALL
0x0002e7d8,"PVGCOLOR::convertToLab(PVGCOLOR::PVGColorPrimaries, PVGCOLOR::PVGColorTransfer, float, float, float, float*, float*, float*)",0x00059080,_ZNSt6__ndk115__thread_structD1Ev@plt,DIRECT_CALL
0x0002e7e0,"PVGCOLOR::convertToLab(PVGCOLOR::PVGColorPrimaries, PVGCOLOR::PVGColorTransfer, float, float, float, float*, float*, float*)",0x00058c20,_ZdlPv@plt,DIRECT_CALL
0x0002e7e8,"PVGCOLOR::convertToLab(PVGCOLOR::PVGColorPrimaries, PVGCOLOR::PVGColorTransfer, float, float, float, float*, float*, float*)",0x00058c20,_ZdlPv@plt,DIRECT_CALL
0x0002e7f8,"PVGCOLOR::convertToLab(PVGCOLOR::PVGColorPrimaries, PVGCOLOR::PVGColorTransfer, float, float, float, float*, float*, float*)",0x0002e880,"PVGCOLOR::convertToLab(PVGCOLOR::PVGColorPrimaries, PVGCOLOR::PVGColorTransfer, float, float, float, float*, float*, float*)+0x35fc",BRANCH
0x0002e820,"PVGCOLOR::convertToLab(PVGCOLOR::PVGColorPrimaries, PVGCOLOR::PVGColorTransfer, float, float, float, float*, float*, float*)",0x00021eb8,PVGCOLOR::getVersion()+0x270,DIRECT_CALL
0x0002e830,"PVGCOLOR::convertToLab(PVGCOLOR::PVGColorPrimaries, PVGCOLOR::PVGColorTransfer, float, float, float, float*, float*, float*)",0x0002e840,"PVGCOLOR::convertToLab(PVGCOLOR::PVGColorPrimaries, PVGCOLOR::PVGColorTransfer, float, float, float, float*, float*, float*)+0x35bc",BRANCH
0x0002e83c,"PVGCOLOR::convertToLab(PVGCOLOR::PVGColorPrimaries, PVGCOLOR::PVGColorTransfer, float, float, float, float*, float*, float*)",0x0002e848,"PVGCOLOR::convertToLab(PVGCOLOR::PVGColorPrimaries, PVGCOLOR::PVGColorTransfer, float, float, float, float*, float*, float*)+0x35c4",BRANCH
0x0002e854,"PVGCOLOR::convertToLab(PVGCOLOR::PVGColorPrimaries, PVGCOLOR::PVGColorTransfer, float, float, float, float*, float*, float*)",N/A,x9,INDIRECT_CALL
0x0002e858,"PVGCOLOR::convertToLab(PVGCOLOR::PVGColorPrimaries, PVGCOLOR::PVGColorTransfer, float, float, float, float*, float*, float*)",0x0002e860,"PVGCOLOR::convertToLab(PVGCOLOR::PVGColorPrimaries, PVGCOLOR::PVGColorTransfer, float, float, float, float*, float*, float*)+0x35dc",BRANCH
0x0002e864,"PVGCOLOR::convertToLab(PVGCOLOR::PVGColorPrimaries, PVGCOLOR::PVGColorTransfer, float, float, float, float*, float*, float*)",0x0002e884,"PVGCOLOR::convertToLab(PVGCOLOR::PVGColorPrimaries, PVGCOLOR::PVGColorTransfer, float, float, float, float*, float*, float*)+0x3600",DIRECT_CALL
0x0002e874,"PVGCOLOR::convertToLab(PVGCOLOR::PVGColorPrimaries, PVGCOLOR::PVGColorTransfer, float, float, float, float*, float*, float*)",0x0002e880,"PVGCOLOR::convertToLab(PVGCOLOR::PVGColorPrimaries, PVGCOLOR::PVGColorTransfer, float, float, float, float*, float*, float*)+0x35fc",BRANCH
0x0002e87c,"PVGCOLOR::convertToLab(PVGCOLOR::PVGColorPrimaries, PVGCOLOR::PVGColorTransfer, float, float, float, float*, float*, float*)",0x00054f14,"PVGCOLOR::PVGOpenGL::createComputeShader(char const*, int*)+0x249c",DIRECT_CALL
0x0002e880,"PVGCOLOR::convertToLab(PVGCOLOR::PVGColorPrimaries, PVGCOLOR::PVGColorTransfer, float, float, float, float*, float*, float*)",0x00058cb0,__stack_chk_fail@plt,DIRECT_CALL
0x0002e8a8,"PVGCOLOR::convertToLab(PVGCOLOR::PVGColorPrimaries, PVGCOLOR::PVGColorTransfer, float, float, float, float*, float*, float*)",0x0002e8c4,"PVGCOLOR::convertToLab(PVGCOLOR::PVGColorPrimaries, PVGCOLOR::PVGColorTransfer, float, float, float, float*, float*, float*)+0x3640",BRANCH
0x0002e8b4,"PVGCOLOR::convertToLab(PVGCOLOR::PVGColorPrimaries, PVGCOLOR::PVGColorTransfer, float, float, float, float*, float*, float*)",0x0002e8cc,"PVGCOLOR::convertToLab(PVGCOLOR::PVGColorPrimaries, PVGCOLOR::PVGColorTransfer, float, float, float, float*, float*, float*)+0x3648",BRANCH
0x0002e8d4,"PVGCOLOR::convertToLab(PVGCOLOR::PVGColorPrimaries, PVGCOLOR::PVGColorTransfer, float, float, float, float*, float*, float*)",N/A,x8,INDIRECT_CALL
0x0002e8e8,"PVGCOLOR::convertToLab(PVGCOLOR::PVGColorPrimaries, PVGCOLOR::PVGColorTransfer, float, float, float, float*, float*, float*)",0x00059080,_ZNSt6__ndk115__thread_structD1Ev@plt,DIRECT_CALL
0x0002e8f0,"PVGCOLOR::convertToLab(PVGCOLOR::PVGColorPrimaries, PVGCOLOR::PVGColorTransfer, float, float, float, float*, float*, float*)",0x00058c20,_ZdlPv@plt,DIRECT_CALL
0x0002e900,"PVGCOLOR::convertToLab(PVGCOLOR::PVGColorPrimaries, PVGCOLOR::PVGColorTransfer, float, float, float, float*, float*, float*)",0x00058c20,_ZdlPv@plt,BRANCH
0x0002e934,"PVGCOLOR::convertToLab(PVGCOLOR::PVGColorPrimaries, PVGCOLOR::PVGColorTransfer, float, float, float, float*, float*, float*)",0x00059060,_ZNSt6__ndk119__thread_local_dataEv@plt,DIRECT_CALL
0x0002e944,"PVGCOLOR::convertToLab(PVGCOLOR::PVGColorPrimaries, PVGCOLOR::PVGColorTransfer, float, float, float, float*, float*, float*)",0x00059070,pthread_setspecific@plt,DIRECT_CALL
0x0002e978,"PVGCOLOR::convertToLab(PVGCOLOR::PVGColorPrimaries, PVGCOLOR::PVGColorTransfer, float, float, float, float*, float*, float*)",0x0002e998,"PVGCOLOR::convertToLab(PVGCOLOR::PVGColorPrimaries, PVGCOLOR::PVGColorTransfer, float, float, float, float*, float*, float*)+0x3714",BRANCH
0x0002e984,"PVGCOLOR::convertToLab(PVGCOLOR::PVGColorPrimaries, PVGCOLOR::PVGColorTransfer, float, float, float, float*, float*, float*)",0x0002e990,"PVGCOLOR::convertToLab(PVGCOLOR::PVGColorPrimaries, PVGCOLOR::PVGColorTransfer, float, float, float, float*, float*, float*)+0x370c",BRANCH
0x0002e994,"PVGCOLOR::convertToLab(PVGCOLOR::PVGColorPrimaries, PVGCOLOR::PVGColorTransfer, float, float, float, float*, float*, float*)",0x0002e9cc,"PVGCOLOR::convertToLab(PVGCOLOR::PVGColorPrimaries, PVGCOLOR::PVGColorTransfer, float, float, float, float*, float*, float*)+0x3748",BRANCH
0x0002e9bc,"PVGCOLOR::convertToLab(PVGCOLOR::PVGColorPrimaries, PVGCOLOR::PVGColorTransfer, float, float, float, float*, float*, float*)",N/A,x8,INDIRECT_CALL
0x0002e9d4,"PVGCOLOR::convertToLab(PVGCOLOR::PVGColorPrimaries, PVGCOLOR::PVGColorTransfer, float, float, float, float*, float*, float*)",N/A,x23,INDIRECT_CALL
0x0002e9e0,"PVGCOLOR::convertToLab(PVGCOLOR::PVGColorPrimaries, PVGCOLOR::PVGColorTransfer, float, float, float, float*, float*, float*)",0x0002e9f0,"PVGCOLOR::convertToLab(PVGCOLOR::PVGColorPrimaries, PVGCOLOR::PVGColorTransfer, float, float, float, float*, float*, float*)+0x376c",BRANCH
0x0002e9ec,"PVGCOLOR::convertToLab(PVGCOLOR::PVGColorPrimaries, PVGCOLOR::PVGColorTransfer, float, float, float, float*, float*, float*)",0x0002e9f8,"PVGCOLOR::convertToLab(PVGCOLOR::PVGColorPrimaries, PVGCOLOR::PVGColorTransfer, float, float, float, float*, float*, float*)+0x3774",BRANCH
0x0002ea00,"PVGCOLOR::convertToLab(PVGCOLOR::PVGColorPrimaries, PVGCOLOR::PVGColorTransfer, float, float, float, float*, float*, float*)",N/A,x8,INDIRECT_CALL
0x0002ea0c,"PVGCOLOR::convertToLab(PVGCOLOR::PVGColorPrimaries, PVGCOLOR::PVGColorTransfer, float, float, float, float*, float*, float*)",0x0002ea20,"PVGCOLOR::convertToLab(PVGCOLOR::PVGColorPrimaries, PVGCOLOR::PVGColorTransfer, float, float, float, float*, float*, float*)+0x379c",BRANCH
0x0002ea1c,"PVGCOLOR::convertToLab(PVGCOLOR::PVGColorPrimaries, PVGCOLOR::PVGColorTransfer, float, float, float, float*, float*, float*)",0x0002ea24,"PVGCOLOR::convertToLab(PVGCOLOR::PVGColorPrimaries, PVGCOLOR::PVGColorTransfer, float, float, float, float*, float*, float*)+0x37a0",BRANCH
0x0002ea30,"PVGCOLOR::convertToLab(PVGCOLOR::PVGColorPrimaries, PVGCOLOR::PVGColorTransfer, float, float, float, float*, float*, float*)",N/A,x8,INDIRECT_CALL
0x0002ea44,"PVGCOLOR::convertToLab(PVGCOLOR::PVGColorPrimaries, PVGCOLOR::PVGColorTransfer, float, float, float, float*, float*, float*)",0x00059080,_ZNSt6__ndk115__thread_structD1Ev@plt,DIRECT_CALL
0x0002ea4c,"PVGCOLOR::convertToLab(PVGCOLOR::PVGColorPrimaries, PVGCOLOR::PVGColorTransfer, float, float, float, float*, float*, float*)",0x00058c20,_ZdlPv@plt,DIRECT_CALL
0x0002ea54,"PVGCOLOR::convertToLab(PVGCOLOR::PVGColorPrimaries, PVGCOLOR::PVGColorTransfer, float, float, float, float*, float*, float*)",0x00058c20,_ZdlPv@plt,DIRECT_CALL
0x0002ea64,"PVGCOLOR::convertToLab(PVGCOLOR::PVGColorPrimaries, PVGCOLOR::PVGColorTransfer, float, float, float, float*, float*, float*)",0x0002eae8,"PVGCOLOR::convertToLab(PVGCOLOR::PVGColorPrimaries, PVGCOLOR::PVGColorTransfer, float, float, float, float*, float*, float*)+0x3864",BRANCH
0x0002ea88,"PVGCOLOR::convertToLab(PVGCOLOR::PVGColorPrimaries, PVGCOLOR::PVGColorTransfer, float, float, float, float*, float*, float*)",0x00021eb8,PVGCOLOR::getVersion()+0x270,DIRECT_CALL
0x0002ea98,"PVGCOLOR::convertToLab(PVGCOLOR::PVGColorPrimaries, PVGCOLOR::PVGColorTransfer, float, float, float, float*, float*, float*)",0x0002eaa8,"PVGCOLOR::convertToLab(PVGCOLOR::PVGColorPrimaries, PVGCOLOR::PVGColorTransfer, float, float, float, float*, float*, float*)+0x3824",BRANCH
0x0002eaa4,"PVGCOLOR::convertToLab(PVGCOLOR::PVGColorPrimaries, PVGCOLOR::PVGColorTransfer, float, float, float, float*, float*, float*)",0x0002eab0,"PVGCOLOR::convertToLab(PVGCOLOR::PVGColorPrimaries, PVGCOLOR::PVGColorTransfer, float, float, float, float*, float*, float*)+0x382c",BRANCH
0x0002eabc,"PVGCOLOR::convertToLab(PVGCOLOR::PVGColorPrimaries, PVGCOLOR::PVGColorTransfer, float, float, float, float*, float*, float*)",N/A,x9,INDIRECT_CALL
0x0002eac0,"PVGCOLOR::convertToLab(PVGCOLOR::PVGColorPrimaries, PVGCOLOR::PVGColorTransfer, float, float, float, float*, float*, float*)",0x0002eac8,"PVGCOLOR::convertToLab(PVGCOLOR::PVGColorPrimaries, PVGCOLOR::PVGColorTransfer, float, float, float, float*, float*, float*)+0x3844",BRANCH
0x0002eacc,"PVGCOLOR::convertToLab(PVGCOLOR::PVGColorPrimaries, PVGCOLOR::PVGColorTransfer, float, float, float, float*, float*, float*)",0x0002eaec,"PVGCOLOR::convertToLab(PVGCOLOR::PVGColorPrimaries, PVGCOLOR::PVGColorTransfer, float, float, float, float*, float*, float*)+0x3868",DIRECT_CALL
0x0002eadc,"PVGCOLOR::convertToLab(PVGCOLOR::PVGColorPrimaries, PVGCOLOR::PVGColorTransfer, float, float, float, float*, float*, float*)",0x0002eae8,"PVGCOLOR::convertToLab(PVGCOLOR::PVGColorPrimaries, PVGCOLOR::PVGColorTransfer, float, float, float, float*, float*, float*)+0x3864",BRANCH
0x0002eae4,"PVGCOLOR::convertToLab(PVGCOLOR::PVGColorPrimaries, PVGCOLOR::PVGColorTransfer, float, float, float, float*, float*, float*)",0x00054f14,"PVGCOLOR::PVGOpenGL::createComputeShader(char const*, int*)+0x249c",DIRECT_CALL
0x0002eae8,"PVGCOLOR::convertToLab(PVGCOLOR::PVGColorPrimaries, PVGCOLOR::PVGColorTransfer, float, float, float, float*, float*, float*)",0x00058cb0,__stack_chk_fail@plt,DIRECT_CALL
0x0002eb10,"PVGCOLOR::convertToLab(PVGCOLOR::PVGColorPrimaries, PVGCOLOR::PVGColorTransfer, float, float, float, float*, float*, float*)",0x0002eb2c,"PVGCOLOR::convertToLab(PVGCOLOR::PVGColorPrimaries, PVGCOLOR::PVGColorTransfer, float, float, float, float*, float*, float*)+0x38a8",BRANCH
0x0002eb1c,"PVGCOLOR::convertToLab(PVGCOLOR::PVGColorPrimaries, PVGCOLOR::PVGColorTransfer, float, float, float, float*, float*, float*)",0x0002eb34,"PVGCOLOR::convertToLab(PVGCOLOR::PVGColorPrimaries, PVGCOLOR::PVGColorTransfer, float, float, float, float*, float*, float*)+0x38b0",BRANCH
0x0002eb3c,"PVGCOLOR::convertToLab(PVGCOLOR::PVGColorPrimaries, PVGCOLOR::PVGColorTransfer, float, float, float, float*, float*, float*)",N/A,x8,INDIRECT_CALL
0x0002eb50,"PVGCOLOR::convertToLab(PVGCOLOR::PVGColorPrimaries, PVGCOLOR::PVGColorTransfer, float, float, float, float*, float*, float*)",0x00059080,_ZNSt6__ndk115__thread_structD1Ev@plt,DIRECT_CALL
0x0002eb58,"PVGCOLOR::convertToLab(PVGCOLOR::PVGColorPrimaries, PVGCOLOR::PVGColorTransfer, float, float, float, float*, float*, float*)",0x00058c20,_ZdlPv@plt,DIRECT_CALL
0x0002eb68,"PVGCOLOR::convertToLab(PVGCOLOR::PVGColorPrimaries, PVGCOLOR::PVGColorTransfer, float, float, float, float*, float*, float*)",0x00058c20,_ZdlPv@plt,BRANCH
0x0002eb6c,"PVGCOLOR::PVGRotateFunctions::PVGRotateFunctions(int, int, PVGCOLOR::PVGPixelFormat, int)",N/A,"x9, 0x5f000 <typeinfo for std::__ndk1::__function::__base<void (int)>+0x78>",ADRP_PAGE_REF
0x0002ebb8,PVGCOLOR::PVGRotateFunctions::~PVGRotateFunctions(),N/A,"x8, 0x5f000 <typeinfo for std::__ndk1::__function::__base<void (int)>+0x78>",ADRP_PAGE_REF
0x0002ebd4,PVGCOLOR::PVGRotateFunctions::~PVGRotateFunctions(),0x00058c20,_ZdlPv@plt,DIRECT_CALL
0x0002ebec,PVGCOLOR::PVGRotateFunctions::~PVGRotateFunctions(),N/A,x8,INDIRECT_CALL
0x0002ec10,PVGCOLOR::PVGRotateFunctions::~PVGRotateFunctions(),0x00059090,_ZN8PVGCOLOR18PVGRotateFunctionsD1Ev@plt,DIRECT_CALL
0x0002ec20,PVGCOLOR::PVGRotateFunctions::~PVGRotateFunctions(),0x00058c20,_ZdlPv@plt,BRANCH
0x0002ec40,"PVGCOLOR::PVGRotateFunctions::create(int, int, PVGCOLOR::PVGPixelFormat, int)",0x0002ec5c,"PVGCOLOR::PVGRotateFunctions::create(int, int, PVGCOLOR::PVGPixelFormat, int)+0x38",BRANCH
0x0002ec60,"PVGCOLOR::PVGRotateFunctions::create(int, int, PVGCOLOR::PVGPixelFormat, int)",N/A,"x1, 0x5f000 <typeinfo for std::__ndk1::__function::__base<void (int)>+0x78>",ADRP_PAGE_REF
0x0002ec78,"PVGCOLOR::PVGRotateFunctions::create(int, int, PVGCOLOR::PVGPixelFormat, int)",0x00058c50,_ZnwmRKSt9nothrow_t@plt,DIRECT_CALL
0x0002ec94,"PVGCOLOR::PVGRotateFunctions::create(int, int, PVGCOLOR::PVGPixelFormat, int)",0x000590a0,_ZN8PVGCOLOR18PVGRotateFunctionsC1EiiNS_14PVGPixelFormatEi@plt,DIRECT_CALL
0x0002ecb0,"PVGCOLOR::PVGRotateFunctions::create(int, int, PVGCOLOR::PVGPixelFormat, int)",N/A,"x1, 0x5f000 <typeinfo for std::__ndk1::__function::__base<void (int)>+0x78>",ADRP_PAGE_REF
0x0002ecc0,"PVGCOLOR::PVGRotateFunctions::create(int, int, PVGCOLOR::PVGPixelFormat, int)",0x00058c70,_ZdlPvRKSt9nothrow_t@plt,DIRECT_CALL
0x0002ecc8,"PVGCOLOR::PVGRotateFunctions::create(int, int, PVGCOLOR::PVGPixelFormat, int)",0x00054f14,"PVGCOLOR::PVGOpenGL::createComputeShader(char const*, int*)+0x249c",DIRECT_CALL
0x0002ed18,PVGCOLOR::PVGRotateFunctions::setHWContext(PVGCOLOR::PVGHWContext const&),0x0002ed34,PVGCOLOR::PVGRotateFunctions::setHWContext(PVGCOLOR::PVGHWContext const&)+0x68,BRANCH
0x0002ed48,PVGCOLOR::PVGRotateFunctions::setHWContext(PVGCOLOR::PVGHWContext const&),0x00058c80,_Znwm@plt,DIRECT_CALL
0x0002ee04,"PVGCOLOR::PVGRotateFunctions::transcode(unsigned char const* const*, int const*, unsigned char* const*, int const*)",N/A,x8,INDIRECT_CALL
0x0002ee1c,"PVGCOLOR::PVGRotateFunctions::transcode(unsigned char const* const*, int const*, unsigned char* const*, int const*)",0x00058c80,_Znwm@plt,DIRECT_CALL
0x0002ee40,"PVGCOLOR::PVGRotateFunctions::transcode(unsigned char const* const*, int const*, unsigned char* const*, int const*)",0x0002ef4c,"PVGCOLOR::PVGRotateFunctions::transcode(unsigned char const* const*, int const*, unsigned char* const*, int const*)+0x1b4",BRANCH
0x0002ee54,"PVGCOLOR::PVGRotateFunctions::transcode(unsigned char const* const*, int const*, unsigned char* const*, int const*)",0x0002ef4c,"PVGCOLOR::PVGRotateFunctions::transcode(unsigned char const* const*, int const*, unsigned char* const*, int const*)+0x1b4",BRANCH
0x0002ee64,"PVGCOLOR::PVGRotateFunctions::transcode(unsigned char const* const*, int const*, unsigned char* const*, int const*)",0x0002ee74,"PVGCOLOR::PVGRotateFunctions::transcode(unsigned char const* const*, int const*, unsigned char* const*, int const*)+0xdc",BRANCH
0x0002ee70,"PVGCOLOR::PVGRotateFunctions::transcode(unsigned char const* const*, int const*, unsigned char* const*, int const*)",0x0002ef4c,"PVGCOLOR::PVGRotateFunctions::transcode(unsigned char const* const*, int const*, unsigned char* const*, int const*)+0x1b4",BRANCH
0x0002ee7c,"PVGCOLOR::PVGRotateFunctions::transcode(unsigned char const* const*, int const*, unsigned char* const*, int const*)",N/A,"x8, 0xd000",ADRP_PAGE_REF
0x0002eeb8,"PVGCOLOR::PVGRotateFunctions::transcode(unsigned char const* const*, int const*, unsigned char* const*, int const*)",0x0002f030,"PVGCOLOR::PVGRotateFunctions::transcode(unsigned char const* const*, int const*, unsigned char* const*, int const*)+0x298",DIRECT_CALL
0x0002eef4,"PVGCOLOR::PVGRotateFunctions::transcode(unsigned char const* const*, int const*, unsigned char* const*, int const*)",0x0002f030,"PVGCOLOR::PVGRotateFunctions::transcode(unsigned char const* const*, int const*, unsigned char* const*, int const*)+0x298",DIRECT_CALL
0x0002ef10,"PVGCOLOR::PVGRotateFunctions::transcode(unsigned char const* const*, int const*, unsigned char* const*, int const*)",N/A,x8,INDIRECT_CALL
0x0002ef28,"PVGCOLOR::PVGRotateFunctions::transcode(unsigned char const* const*, int const*, unsigned char* const*, int const*)",0x00058c20,_ZdlPv@plt,DIRECT_CALL
0x0002ef44,"PVGCOLOR::PVGRotateFunctions::transcode(unsigned char const* const*, int const*, unsigned char* const*, int const*)",0x00058c20,_ZdlPv@plt,DIRECT_CALL
0x0002ef58,"PVGCOLOR::PVGRotateFunctions::transcode(unsigned char const* const*, int const*, unsigned char* const*, int const*)",0x0002f02c,"PVGCOLOR::PVGRotateFunctions::transcode(unsigned char const* const*, int const*, unsigned char* const*, int const*)+0x294",BRANCH
0x0002ef84,"PVGCOLOR::PVGRotateFunctions::transcode(unsigned char const* const*, int const*, unsigned char* const*, int const*)",0x00022534,PVGCOLOR::getVersion()+0x8ec,DIRECT_CALL
0x0002ef94,"PVGCOLOR::PVGRotateFunctions::transcode(unsigned char const* const*, int const*, unsigned char* const*, int const*)",0x00022524,PVGCOLOR::getVersion()+0x8dc,DIRECT_CALL
0x0002efa4,"PVGCOLOR::PVGRotateFunctions::transcode(unsigned char const* const*, int const*, unsigned char* const*, int const*)",0x0002ee7c,"PVGCOLOR::PVGRotateFunctions::transcode(unsigned char const* const*, int const*, unsigned char* const*, int const*)+0xe4",BRANCH
0x0002efb4,"PVGCOLOR::PVGRotateFunctions::transcode(unsigned char const* const*, int const*, unsigned char* const*, int const*)",0x0002f02c,"PVGCOLOR::PVGRotateFunctions::transcode(unsigned char const* const*, int const*, unsigned char* const*, int const*)+0x294",BRANCH
0x0002efd4,"PVGCOLOR::PVGRotateFunctions::transcode(unsigned char const* const*, int const*, unsigned char* const*, int const*)",0x00022974,PVGCOLOR::getVersion()+0xd2c,BRANCH
0x0002eff8,"PVGCOLOR::PVGRotateFunctions::transcode(unsigned char const* const*, int const*, unsigned char* const*, int const*)",0x0002f02c,"PVGCOLOR::PVGRotateFunctions::transcode(unsigned char const* const*, int const*, unsigned char* const*, int const*)+0x294",BRANCH
0x0002f000,"PVGCOLOR::PVGRotateFunctions::transcode(unsigned char const* const*, int const*, unsigned char* const*, int const*)",0x00054f14,"PVGCOLOR::PVGOpenGL::createComputeShader(char const*, int*)+0x249c",DIRECT_CALL
0x0002f008,"PVGCOLOR::PVGRotateFunctions::transcode(unsigned char const* const*, int const*, unsigned char* const*, int const*)",0x00058c20,_ZdlPv@plt,DIRECT_CALL
0x0002f018,"PVGCOLOR::PVGRotateFunctions::transcode(unsigned char const* const*, int const*, unsigned char* const*, int const*)",0x00058c20,_ZdlPv@plt,DIRECT_CALL
0x0002f028,"PVGCOLOR::PVGRotateFunctions::transcode(unsigned char const* const*, int const*, unsigned char* const*, int const*)",0x0002effc,"PVGCOLOR::PVGRotateFunctions::transcode(unsigned char const* const*, int const*, unsigned char* const*, int const*)+0x264",BRANCH
0x0002f02c,"PVGCOLOR::PVGRotateFunctions::transcode(unsigned char const* const*, int const*, unsigned char* const*, int const*)",0x00058cb0,__stack_chk_fail@plt,DIRECT_CALL
0x0002f050,"PVGCOLOR::PVGRotateFunctions::transcode(unsigned char const* const*, int const*, unsigned char* const*, int const*)",0x0002f070,"PVGCOLOR::PVGRotateFunctions::transcode(unsigned char const* const*, int const*, unsigned char* const*, int const*)+0x2d8",BRANCH
0x0002f078,"PVGCOLOR::PVGRotateFunctions::transcode(unsigned char const* const*, int const*, unsigned char* const*, int const*)",0x0002f054,"PVGCOLOR::PVGRotateFunctions::transcode(unsigned char const* const*, int const*, unsigned char* const*, int const*)+0x2bc",BRANCH
0x0002f088,"PVGCOLOR::PVGRotateFunctions::transcode(unsigned char const* const*, int const*, unsigned char* const*, int const*)",0x0002f054,"PVGCOLOR::PVGRotateFunctions::transcode(unsigned char const* const*, int const*, unsigned char* const*, int const*)+0x2bc",BRANCH
0x0002f094,"PVGCOLOR::PVGRotateFunctions::transcode(unsigned char const* const*, int const*, unsigned char* const*, int const*)",0x0002f0d4,"PVGCOLOR::PVGRotateFunctions::transcode(unsigned char const* const*, int const*, unsigned char* const*, int const*)+0x33c",BRANCH
0x0002f0ac,"PVGCOLOR::PVGRotateFunctions::transcode(unsigned char const* const*, int const*, unsigned char* const*, int const*)",0x0002f0f8,"PVGCOLOR::PVGRotateFunctions::transcode(unsigned char const* const*, int const*, unsigned char* const*, int const*)+0x360",BRANCH
0x0002f0bc,"PVGCOLOR::PVGRotateFunctions::transcode(unsigned char const* const*, int const*, unsigned char* const*, int const*)",0x0002f054,"PVGCOLOR::PVGRotateFunctions::transcode(unsigned char const* const*, int const*, unsigned char* const*, int const*)+0x2bc",BRANCH
0x0002f0d0,"PVGCOLOR::PVGRotateFunctions::transcode(unsigned char const* const*, int const*, unsigned char* const*, int const*)",0x0002f144,"PVGCOLOR::PVGRotateFunctions::transcode(unsigned char const* const*, int const*, unsigned char* const*, int const*)+0x3ac",BRANCH
0x0002f0dc,"PVGCOLOR::PVGRotateFunctions::transcode(unsigned char const* const*, int const*, unsigned char* const*, int const*)",0x0002f138,"PVGCOLOR::PVGRotateFunctions::transcode(unsigned char const* const*, int const*, unsigned char* const*, int const*)+0x3a0",BRANCH
0x0002f0f4,"PVGCOLOR::PVGRotateFunctions::transcode(unsigned char const* const*, int const*, unsigned char* const*, int const*)",0x0002f12c,"PVGCOLOR::PVGRotateFunctions::transcode(unsigned char const* const*, int const*, unsigned char* const*, int const*)+0x394",BRANCH
0x0002f134,"PVGCOLOR::PVGRotateFunctions::transcode(unsigned char const* const*, int const*, unsigned char* const*, int const*)",0x0002f144,"PVGCOLOR::PVGRotateFunctions::transcode(unsigned char const* const*, int const*, unsigned char* const*, int const*)+0x3ac",BRANCH
0x0002f140,"PVGCOLOR::PVGRotateFunctions::transcode(unsigned char const* const*, int const*, unsigned char* const*, int const*)",0x0002f168,"PVGCOLOR::PVGRotateFunctions::transcode(unsigned char const* const*, int const*, unsigned char* const*, int const*)+0x3d0",BRANCH
0x0002f170,"PVGCOLOR::PVGRotateFunctions::transcode(unsigned char const* const*, int const*, unsigned char* const*, int const*)",0x0002f18c,"PVGCOLOR::PVGRotateFunctions::transcode(unsigned char const* const*, int const*, unsigned char* const*, int const*)+0x3f4",BRANCH
0x0002f194,"PVGCOLOR::PVGRotateFunctions::transcode(unsigned char const* const*, int const*, unsigned char* const*, int const*)",0x0002f1ac,"PVGCOLOR::PVGRotateFunctions::transcode(unsigned char const* const*, int const*, unsigned char* const*, int const*)+0x414",BRANCH
0x0002f1a8,"PVGCOLOR::PVGRotateFunctions::transcode(unsigned char const* const*, int const*, unsigned char* const*, int const*)",0x0002f054,"PVGCOLOR::PVGRotateFunctions::transcode(unsigned char const* const*, int const*, unsigned char* const*, int const*)+0x2bc",BRANCH
0x0002f1b4,"PVGCOLOR::PVGRotateFunctions::transcode(unsigned char const* const*, int const*, unsigned char* const*, int const*)",0x0002f144,"PVGCOLOR::PVGRotateFunctions::transcode(unsigned char const* const*, int const*, unsigned char* const*, int const*)+0x3ac",BRANCH
0x0002f1c0,"PVGCOLOR::PVGRotateFunctions::transcode(unsigned char const* const*, int const*, unsigned char* const*, int const*)",0x0002f1d0,"PVGCOLOR::PVGRotateFunctions::transcode(unsigned char const* const*, int const*, unsigned char* const*, int const*)+0x438",BRANCH
0x0002f1cc,"PVGCOLOR::PVGRotateFunctions::transcode(unsigned char const* const*, int const*, unsigned char* const*, int const*)",0x0002f210,"PVGCOLOR::PVGRotateFunctions::transcode(unsigned char const* const*, int const*, unsigned char* const*, int const*)+0x478",BRANCH
0x0002f234,"PVGCOLOR::PVGImageConvert::transcodeFormat(PVGCOLOR::PVGPixelFormat, unsigned char const*, unsigned int, PVGCOLOR::PVGPixelFormat, unsigned char**, unsigned int*)",0x0002f29c,"PVGCOLOR::PVGImageConvert::transcodeFormat(PVGCOLOR::PVGPixelFormat, unsigned char const*, unsigned int, PVGCOLOR::PVGPixelFormat, unsigned char**, unsigned int*)+0x88",BRANCH
0x0002f240,"PVGCOLOR::PVGImageConvert::transcodeFormat(PVGCOLOR::PVGPixelFormat, unsigned char const*, unsigned int, PVGCOLOR::PVGPixelFormat, unsigned char**, unsigned int*)",0x0002f2b0,"PVGCOLOR::PVGImageConvert::transcodeFormat(PVGCOLOR::PVGPixelFormat, unsigned char const*, unsigned int, PVGCOLOR::PVGPixelFormat, unsigned char**, unsigned int*)+0x9c",BRANCH
0x0002f258,"PVGCOLOR::PVGImageConvert::transcodeFormat(PVGCOLOR::PVGPixelFormat, unsigned char const*, unsigned int, PVGCOLOR::PVGPixelFormat, unsigned char**, unsigned int*)",0x000590b0,malloc@plt,DIRECT_CALL
0x0002f268,"PVGCOLOR::PVGImageConvert::transcodeFormat(PVGCOLOR::PVGPixelFormat, unsigned char const*, unsigned int, PVGCOLOR::PVGPixelFormat, unsigned char**, unsigned int*)",0x00058ca0,memcpy@plt,DIRECT_CALL
0x0002f2b4,"PVGCOLOR::PVGImageConvert::transcodeFormat(PVGCOLOR::PVGPixelFormat, unsigned char const*, unsigned int, PVGCOLOR::PVGPixelFormat, unsigned char**, unsigned int*)",0x0002f2ec,"PVGCOLOR::PVGImageConvert::transcodeFormat(PVGCOLOR::PVGPixelFormat, unsigned char const*, unsigned int, PVGCOLOR::PVGPixelFormat, unsigned char**, unsigned int*)+0xd8",BRANCH
0x0002f2bc,"PVGCOLOR::PVGImageConvert::transcodeFormat(PVGCOLOR::PVGPixelFormat, unsigned char const*, unsigned int, PVGCOLOR::PVGPixelFormat, unsigned char**, unsigned int*)",0x0002f398,"PVGCOLOR::PVGImageConvert::transcodeFormat(PVGCOLOR::PVGPixelFormat, unsigned char const*, unsigned int, PVGCOLOR::PVGPixelFormat, unsigned char**, unsigned int*)+0x184",BRANCH
0x0002f2c4,"PVGCOLOR::PVGImageConvert::transcodeFormat(PVGCOLOR::PVGPixelFormat, unsigned char const*, unsigned int, PVGCOLOR::PVGPixelFormat, unsigned char**, unsigned int*)",0x0002f320,"PVGCOLOR::PVGImageConvert::transcodeFormat(PVGCOLOR::PVGPixelFormat, unsigned char const*, unsigned int, PVGCOLOR::PVGPixelFormat, unsigned char**, unsigned int*)+0x10c",BRANCH
0x0002f2e8,"PVGCOLOR::PVGImageConvert::transcodeFormat(PVGCOLOR::PVGPixelFormat, unsigned char const*, unsigned int, PVGCOLOR::PVGPixelFormat, unsigned char**, unsigned int*)",0x000590c0,_ZN8PVGCOLOR15PVGImageConvert23convertRGBA8888ToFormatEPKhjNS_14PVGPixelFormatEPPhPj@plt,BRANCH
0x0002f2f0,"PVGCOLOR::PVGImageConvert::transcodeFormat(PVGCOLOR::PVGPixelFormat, unsigned char const*, unsigned int, PVGCOLOR::PVGPixelFormat, unsigned char**, unsigned int*)",0x0002f3bc,"PVGCOLOR::PVGImageConvert::transcodeFormat(PVGCOLOR::PVGPixelFormat, unsigned char const*, unsigned int, PVGCOLOR::PVGPixelFormat, unsigned char**, unsigned int*)+0x1a8",BRANCH
0x0002f2f8,"PVGCOLOR::PVGImageConvert::transcodeFormat(PVGCOLOR::PVGPixelFormat, unsigned char const*, unsigned int, PVGCOLOR::PVGPixelFormat, unsigned char**, unsigned int*)",0x0002f320,"PVGCOLOR::PVGImageConvert::transcodeFormat(PVGCOLOR::PVGPixelFormat, unsigned char const*, unsigned int, PVGCOLOR::PVGPixelFormat, unsigned char**, unsigned int*)+0x10c",BRANCH
0x0002f31c,"PVGCOLOR::PVGImageConvert::transcodeFormat(PVGCOLOR::PVGPixelFormat, unsigned char const*, unsigned int, PVGCOLOR::PVGPixelFormat, unsigned char**, unsigned int*)",0x000590d0,_ZN8PVGCOLOR15PVGImageConvert17convertI8ToFormatEPKhjNS_14PVGPixelFormatEPPhPj@plt,BRANCH
0x0002f320,"PVGCOLOR::PVGImageConvert::transcodeFormat(PVGCOLOR::PVGPixelFormat, unsigned char const*, unsigned int, PVGCOLOR::PVGPixelFormat, unsigned char**, unsigned int*)",N/A,"x8, 0x5f000 <typeinfo for std::__ndk1::__function::__base<void (int)>+0x78>",ADRP_PAGE_REF
0x0002f330,"PVGCOLOR::PVGImageConvert::transcodeFormat(PVGCOLOR::PVGPixelFormat, unsigned char const*, unsigned int, PVGCOLOR::PVGPixelFormat, unsigned char**, unsigned int*)",0x0002f37c,"PVGCOLOR::PVGImageConvert::transcodeFormat(PVGCOLOR::PVGPixelFormat, unsigned char const*, unsigned int, PVGCOLOR::PVGPixelFormat, unsigned char**, unsigned int*)+0x168",BRANCH
0x0002f334,"PVGCOLOR::PVGImageConvert::transcodeFormat(PVGCOLOR::PVGPixelFormat, unsigned char const*, unsigned int, PVGCOLOR::PVGPixelFormat, unsigned char**, unsigned int*)",N/A,"x8, 0x5f000 <typeinfo for std::__ndk1::__function::__base<void (int)>+0x78>",ADRP_PAGE_REF
0x0002f348,"PVGCOLOR::PVGImageConvert::transcodeFormat(PVGCOLOR::PVGPixelFormat, unsigned char const*, unsigned int, PVGCOLOR::PVGPixelFormat, unsigned char**, unsigned int*)",N/A,"x2, 0xd000",ADRP_PAGE_REF
0x0002f350,"PVGCOLOR::PVGImageConvert::transcodeFormat(PVGCOLOR::PVGPixelFormat, unsigned char const*, unsigned int, PVGCOLOR::PVGPixelFormat, unsigned char**, unsigned int*)",N/A,"x3, 0xd000",ADRP_PAGE_REF
0x0002f370,"PVGCOLOR::PVGImageConvert::transcodeFormat(PVGCOLOR::PVGPixelFormat, unsigned char const*, unsigned int, PVGCOLOR::PVGPixelFormat, unsigned char**, unsigned int*)",0x00058f70,__android_log_print@plt,DIRECT_CALL
0x0002f3b8,"PVGCOLOR::PVGImageConvert::transcodeFormat(PVGCOLOR::PVGPixelFormat, unsigned char const*, unsigned int, PVGCOLOR::PVGPixelFormat, unsigned char**, unsigned int*)",0x000590e0,_ZN8PVGCOLOR15PVGImageConvert21convertRGB888ToFormatEPKhjNS_14PVGPixelFormatEPPhPj@plt,BRANCH
0x0002f3dc,"PVGCOLOR::PVGImageConvert::transcodeFormat(PVGCOLOR::PVGPixelFormat, unsigned char const*, unsigned int, PVGCOLOR::PVGPixelFormat, unsigned char**, unsigned int*)",0x000590f0,_ZN8PVGCOLOR15PVGImageConvert19convertAI88ToFormatEPKhjNS_14PVGPixelFormatEPPhPj@plt,BRANCH
0x0002f400,"PVGCOLOR::PVGImageConvert::convertI8ToFormat(unsigned char const*, unsigned int, PVGCOLOR::PVGPixelFormat, unsigned char**, unsigned int*)",0x0002f470,"PVGCOLOR::PVGImageConvert::convertI8ToFormat(unsigned char const*, unsigned int, PVGCOLOR::PVGPixelFormat, unsigned char**, unsigned int*)+0x90",BRANCH
0x0002f40c,"PVGCOLOR::PVGImageConvert::convertI8ToFormat(unsigned char const*, unsigned int, PVGCOLOR::PVGPixelFormat, unsigned char**, unsigned int*)",0x0002f444,"PVGCOLOR::PVGImageConvert::convertI8ToFormat(unsigned char const*, unsigned int, PVGCOLOR::PVGPixelFormat, unsigned char**, unsigned int*)+0x64",BRANCH
0x0002f414,"PVGCOLOR::PVGImageConvert::convertI8ToFormat(unsigned char const*, unsigned int, PVGCOLOR::PVGPixelFormat, unsigned char**, unsigned int*)",0x0002f49c,"PVGCOLOR::PVGImageConvert::convertI8ToFormat(unsigned char const*, unsigned int, PVGCOLOR::PVGPixelFormat, unsigned char**, unsigned int*)+0xbc",BRANCH
0x0002f420,"PVGCOLOR::PVGImageConvert::convertI8ToFormat(unsigned char const*, unsigned int, PVGCOLOR::PVGPixelFormat, unsigned char**, unsigned int*)",0x000590b0,malloc@plt,DIRECT_CALL
0x0002f434,"PVGCOLOR::PVGImageConvert::convertI8ToFormat(unsigned char const*, unsigned int, PVGCOLOR::PVGPixelFormat, unsigned char**, unsigned int*)",0x0002f520,"PVGCOLOR::PVGImageConvert::convertI8ToFormat(unsigned char const*, unsigned int, PVGCOLOR::PVGPixelFormat, unsigned char**, unsigned int*)+0x140",BRANCH
0x0002f440,"PVGCOLOR::PVGImageConvert::convertI8ToFormat(unsigned char const*, unsigned int, PVGCOLOR::PVGPixelFormat, unsigned char**, unsigned int*)",0x0002f7d8,"PVGCOLOR::PVGImageConvert::convertI8ToFormat(unsigned char const*, unsigned int, PVGCOLOR::PVGPixelFormat, unsigned char**, unsigned int*)+0x3f8",BRANCH
0x0002f44c,"PVGCOLOR::PVGImageConvert::convertI8ToFormat(unsigned char const*, unsigned int, PVGCOLOR::PVGPixelFormat, unsigned char**, unsigned int*)",0x000590b0,malloc@plt,DIRECT_CALL
0x0002f460,"PVGCOLOR::PVGImageConvert::convertI8ToFormat(unsigned char const*, unsigned int, PVGCOLOR::PVGPixelFormat, unsigned char**, unsigned int*)",0x0002f500,"PVGCOLOR::PVGImageConvert::convertI8ToFormat(unsigned char const*, unsigned int, PVGCOLOR::PVGPixelFormat, unsigned char**, unsigned int*)+0x120",BRANCH
0x0002f46c,"PVGCOLOR::PVGImageConvert::convertI8ToFormat(unsigned char const*, unsigned int, PVGCOLOR::PVGPixelFormat, unsigned char**, unsigned int*)",0x0002f760,"PVGCOLOR::PVGImageConvert::convertI8ToFormat(unsigned char const*, unsigned int, PVGCOLOR::PVGPixelFormat, unsigned char**, unsigned int*)+0x380",BRANCH
0x0002f478,"PVGCOLOR::PVGImageConvert::convertI8ToFormat(unsigned char const*, unsigned int, PVGCOLOR::PVGPixelFormat, unsigned char**, unsigned int*)",0x000590b0,malloc@plt,DIRECT_CALL
0x0002f48c,"PVGCOLOR::PVGImageConvert::convertI8ToFormat(unsigned char const*, unsigned int, PVGCOLOR::PVGPixelFormat, unsigned char**, unsigned int*)",0x0002f510,"PVGCOLOR::PVGImageConvert::convertI8ToFormat(unsigned char const*, unsigned int, PVGCOLOR::PVGPixelFormat, unsigned char**, unsigned int*)+0x130",BRANCH
0x0002f498,"PVGCOLOR::PVGImageConvert::convertI8ToFormat(unsigned char const*, unsigned int, PVGCOLOR::PVGPixelFormat, unsigned char**, unsigned int*)",0x0002f798,"PVGCOLOR::PVGImageConvert::convertI8ToFormat(unsigned char const*, unsigned int, PVGCOLOR::PVGPixelFormat, unsigned char**, unsigned int*)+0x3b8",BRANCH
0x0002f49c,"PVGCOLOR::PVGImageConvert::convertI8ToFormat(unsigned char const*, unsigned int, PVGCOLOR::PVGPixelFormat, unsigned char**, unsigned int*)",N/A,"x8, 0x5f000 <typeinfo for std::__ndk1::__function::__base<void (int)>+0x78>",ADRP_PAGE_REF
0x0002f4ac,"PVGCOLOR::PVGImageConvert::convertI8ToFormat(unsigned char const*, unsigned int, PVGCOLOR::PVGPixelFormat, unsigned char**, unsigned int*)",0x0002f4e4,"PVGCOLOR::PVGImageConvert::convertI8ToFormat(unsigned char const*, unsigned int, PVGCOLOR::PVGPixelFormat, unsigned char**, unsigned int*)+0x104",BRANCH
0x0002f4b0,"PVGCOLOR::PVGImageConvert::convertI8ToFormat(unsigned char const*, unsigned int, PVGCOLOR::PVGPixelFormat, unsigned char**, unsigned int*)",N/A,"x8, 0x5f000 <typeinfo for std::__ndk1::__function::__base<void (int)>+0x78>",ADRP_PAGE_REF
0x0002f4c0,"PVGCOLOR::PVGImageConvert::convertI8ToFormat(unsigned char const*, unsigned int, PVGCOLOR::PVGPixelFormat, unsigned char**, unsigned int*)",N/A,"x2, 0xd000",ADRP_PAGE_REF
0x0002f4c8,"PVGCOLOR::PVGImageConvert::convertI8ToFormat(unsigned char const*, unsigned int, PVGCOLOR::PVGPixelFormat, unsigned char**, unsigned int*)",N/A,"x3, 0xb000",ADRP_PAGE_REF
0x0002f4dc,"PVGCOLOR::PVGImageConvert::convertI8ToFormat(unsigned char const*, unsigned int, PVGCOLOR::PVGPixelFormat, unsigned char**, unsigned int*)",0x00058f70,__android_log_print@plt,DIRECT_CALL
0x0002f504,"PVGCOLOR::PVGImageConvert::convertI8ToFormat(unsigned char const*, unsigned int, PVGCOLOR::PVGPixelFormat, unsigned char**, unsigned int*)",0x0002f530,"PVGCOLOR::PVGImageConvert::convertI8ToFormat(unsigned char const*, unsigned int, PVGCOLOR::PVGPixelFormat, unsigned char**, unsigned int*)+0x150",BRANCH
0x0002f50c,"PVGCOLOR::PVGImageConvert::convertI8ToFormat(unsigned char const*, unsigned int, PVGCOLOR::PVGPixelFormat, unsigned char**, unsigned int*)",0x0002f65c,"PVGCOLOR::PVGImageConvert::convertI8ToFormat(unsigned char const*, unsigned int, PVGCOLOR::PVGPixelFormat, unsigned char**, unsigned int*)+0x27c",BRANCH
0x0002f514,"PVGCOLOR::PVGImageConvert::convertI8ToFormat(unsigned char const*, unsigned int, PVGCOLOR::PVGPixelFormat, unsigned char**, unsigned int*)",0x0002f594,"PVGCOLOR::PVGImageConvert::convertI8ToFormat(unsigned char const*, unsigned int, PVGCOLOR::PVGPixelFormat, unsigned char**, unsigned int*)+0x1b4",BRANCH
0x0002f51c,"PVGCOLOR::PVGImageConvert::convertI8ToFormat(unsigned char const*, unsigned int, PVGCOLOR::PVGPixelFormat, unsigned char**, unsigned int*)",0x0002f6b0,"PVGCOLOR::PVGImageConvert::convertI8ToFormat(unsigned char const*, unsigned int, PVGCOLOR::PVGPixelFormat, unsigned char**, unsigned int*)+0x2d0",BRANCH
0x0002f524,"PVGCOLOR::PVGImageConvert::convertI8ToFormat(unsigned char const*, unsigned int, PVGCOLOR::PVGPixelFormat, unsigned char**, unsigned int*)",0x0002f5f0,"PVGCOLOR::PVGImageConvert::convertI8ToFormat(unsigned char const*, unsigned int, PVGCOLOR::PVGPixelFormat, unsigned char**, unsigned int*)+0x210",BRANCH
0x0002f52c,"PVGCOLOR::PVGImageConvert::convertI8ToFormat(unsigned char const*, unsigned int, PVGCOLOR::PVGPixelFormat, unsigned char**, unsigned int*)",0x0002f70c,"PVGCOLOR::PVGImageConvert::convertI8ToFormat(unsigned char const*, unsigned int, PVGCOLOR::PVGPixelFormat, unsigned char**, unsigned int*)+0x32c",BRANCH
0x0002f574,"PVGCOLOR::PVGImageConvert::convertI8ToFormat(unsigned char const*, unsigned int, PVGCOLOR::PVGPixelFormat, unsigned char**, unsigned int*)",0x0002f540,"PVGCOLOR::PVGImageConvert::convertI8ToFormat(unsigned char const*, unsigned int, PVGCOLOR::PVGPixelFormat, unsigned char**, unsigned int*)+0x160",BRANCH
0x0002f57c,"PVGCOLOR::PVGImageConvert::convertI8ToFormat(unsigned char const*, unsigned int, PVGCOLOR::PVGPixelFormat, unsigned char**, unsigned int*)",0x0002f654,"PVGCOLOR::PVGImageConvert::convertI8ToFormat(unsigned char const*, unsigned int, PVGCOLOR::PVGPixelFormat, unsigned char**, unsigned int*)+0x274",BRANCH
0x0002f5d0,"PVGCOLOR::PVGImageConvert::convertI8ToFormat(unsigned char const*, unsigned int, PVGCOLOR::PVGPixelFormat, unsigned char**, unsigned int*)",0x0002f5a4,"PVGCOLOR::PVGImageConvert::convertI8ToFormat(unsigned char const*, unsigned int, PVGCOLOR::PVGPixelFormat, unsigned char**, unsigned int*)+0x1c4",BRANCH
0x0002f5d8,"PVGCOLOR::PVGImageConvert::convertI8ToFormat(unsigned char const*, unsigned int, PVGCOLOR::PVGPixelFormat, unsigned char**, unsigned int*)",0x0002f6a8,"PVGCOLOR::PVGImageConvert::convertI8ToFormat(unsigned char const*, unsigned int, PVGCOLOR::PVGPixelFormat, unsigned char**, unsigned int*)+0x2c8",BRANCH
0x0002f634,"PVGCOLOR::PVGImageConvert::convertI8ToFormat(unsigned char const*, unsigned int, PVGCOLOR::PVGPixelFormat, unsigned char**, unsigned int*)",0x0002f604,"PVGCOLOR::PVGImageConvert::convertI8ToFormat(unsigned char const*, unsigned int, PVGCOLOR::PVGPixelFormat, unsigned char**, unsigned int*)+0x224",BRANCH
0x0002f63c,"PVGCOLOR::PVGImageConvert::convertI8ToFormat(unsigned char const*, unsigned int, PVGCOLOR::PVGPixelFormat, unsigned char**, unsigned int*)",0x0002f704,"PVGCOLOR::PVGImageConvert::convertI8ToFormat(unsigned char const*, unsigned int, PVGCOLOR::PVGPixelFormat, unsigned char**, unsigned int*)+0x324",BRANCH
0x0002f658,"PVGCOLOR::PVGImageConvert::convertI8ToFormat(unsigned char const*, unsigned int, PVGCOLOR::PVGPixelFormat, unsigned char**, unsigned int*)",0x0002f75c,"PVGCOLOR::PVGImageConvert::convertI8ToFormat(unsigned char const*, unsigned int, PVGCOLOR::PVGPixelFormat, unsigned char**, unsigned int*)+0x37c",BRANCH
0x0002f688,"PVGCOLOR::PVGImageConvert::convertI8ToFormat(unsigned char const*, unsigned int, PVGCOLOR::PVGPixelFormat, unsigned char**, unsigned int*)",0x0002f674,"PVGCOLOR::PVGImageConvert::convertI8ToFormat(unsigned char const*, unsigned int, PVGCOLOR::PVGPixelFormat, unsigned char**, unsigned int*)+0x294",BRANCH
0x0002f690,"PVGCOLOR::PVGImageConvert::convertI8ToFormat(unsigned char const*, unsigned int, PVGCOLOR::PVGPixelFormat, unsigned char**, unsigned int*)",0x0002f760,"PVGCOLOR::PVGImageConvert::convertI8ToFormat(unsigned char const*, unsigned int, PVGCOLOR::PVGPixelFormat, unsigned char**, unsigned int*)+0x380",BRANCH
0x0002f6ac,"PVGCOLOR::PVGImageConvert::convertI8ToFormat(unsigned char const*, unsigned int, PVGCOLOR::PVGPixelFormat, unsigned char**, unsigned int*)",0x0002f790,"PVGCOLOR::PVGImageConvert::convertI8ToFormat(unsigned char const*, unsigned int, PVGCOLOR::PVGPixelFormat, unsigned char**, unsigned int*)+0x3b0",BRANCH
0x0002f6e4,"PVGCOLOR::PVGImageConvert::convertI8ToFormat(unsigned char const*, unsigned int, PVGCOLOR::PVGPixelFormat, unsigned char**, unsigned int*)",0x0002f6d0,"PVGCOLOR::PVGImageConvert::convertI8ToFormat(unsigned char const*, unsigned int, PVGCOLOR::PVGPixelFormat, unsigned char**, unsigned int*)+0x2f0",BRANCH
0x0002f6ec,"PVGCOLOR::PVGImageConvert::convertI8ToFormat(unsigned char const*, unsigned int, PVGCOLOR::PVGPixelFormat, unsigned char**, unsigned int*)",0x0002f798,"PVGCOLOR::PVGImageConvert::convertI8ToFormat(unsigned char const*, unsigned int, PVGCOLOR::PVGPixelFormat, unsigned char**, unsigned int*)+0x3b8",BRANCH
0x0002f708,"PVGCOLOR::PVGImageConvert::convertI8ToFormat(unsigned char const*, unsigned int, PVGCOLOR::PVGPixelFormat, unsigned char**, unsigned int*)",0x0002f7d4,"PVGCOLOR::PVGImageConvert::convertI8ToFormat(unsigned char const*, unsigned int, PVGCOLOR::PVGPixelFormat, unsigned char**, unsigned int*)+0x3f4",BRANCH
0x0002f73c,"PVGCOLOR::PVGImageConvert::convertI8ToFormat(unsigned char const*, unsigned int, PVGCOLOR::PVGPixelFormat, unsigned char**, unsigned int*)",0x0002f728,"PVGCOLOR::PVGImageConvert::convertI8ToFormat(unsigned char const*, unsigned int, PVGCOLOR::PVGPixelFormat, unsigned char**, unsigned int*)+0x348",BRANCH
0x0002f744,"PVGCOLOR::PVGImageConvert::convertI8ToFormat(unsigned char const*, unsigned int, PVGCOLOR::PVGPixelFormat, unsigned char**, unsigned int*)",0x0002f7d8,"PVGCOLOR::PVGImageConvert::convertI8ToFormat(unsigned char const*, unsigned int, PVGCOLOR::PVGPixelFormat, unsigned char**, unsigned int*)+0x3f8",BRANCH
0x0002f778,"PVGCOLOR::PVGImageConvert::convertI8ToFormat(unsigned char const*, unsigned int, PVGCOLOR::PVGPixelFormat, unsigned char**, unsigned int*)",0x0002f768,"PVGCOLOR::PVGImageConvert::convertI8ToFormat(unsigned char const*, unsigned int, PVGCOLOR::PVGPixelFormat, unsigned char**, unsigned int*)+0x388",BRANCH
0x0002f7bc,"PVGCOLOR::PVGImageConvert::convertI8ToFormat(unsigned char const*, unsigned int, PVGCOLOR::PVGPixelFormat, unsigned char**, unsigned int*)",0x0002f7a0,"PVGCOLOR::PVGImageConvert::convertI8ToFormat(unsigned char const*, unsigned int, PVGCOLOR::PVGPixelFormat, unsigned char**, unsigned int*)+0x3c0",BRANCH
0x0002f804,"PVGCOLOR::PVGImageConvert::convertI8ToFormat(unsigned char const*, unsigned int, PVGCOLOR::PVGPixelFormat, unsigned char**, unsigned int*)",0x0002f7e4,"PVGCOLOR::PVGImageConvert::convertI8ToFormat(unsigned char const*, unsigned int, PVGCOLOR::PVGPixelFormat, unsigned char**, unsigned int*)+0x404",BRANCH
0x0002f840,"PVGCOLOR::PVGImageConvert::convertAI88ToFormat(unsigned char const*, unsigned int, PVGCOLOR::PVGPixelFormat, unsigned char**, unsigned int*)",0x0002f880,"PVGCOLOR::PVGImageConvert::convertAI88ToFormat(unsigned char const*, unsigned int, PVGCOLOR::PVGPixelFormat, unsigned char**, unsigned int*)+0x64",BRANCH
0x0002f848,"PVGCOLOR::PVGImageConvert::convertAI88ToFormat(unsigned char const*, unsigned int, PVGCOLOR::PVGPixelFormat, unsigned char**, unsigned int*)",0x0002f920,"PVGCOLOR::PVGImageConvert::convertAI88ToFormat(unsigned char const*, unsigned int, PVGCOLOR::PVGPixelFormat, unsigned char**, unsigned int*)+0x104",BRANCH
0x0002f850,"PVGCOLOR::PVGImageConvert::convertAI88ToFormat(unsigned char const*, unsigned int, PVGCOLOR::PVGPixelFormat, unsigned char**, unsigned int*)",0x0002f8bc,"PVGCOLOR::PVGImageConvert::convertAI88ToFormat(unsigned char const*, unsigned int, PVGCOLOR::PVGPixelFormat, unsigned char**, unsigned int*)+0xa0",BRANCH
0x0002f85c,"PVGCOLOR::PVGImageConvert::convertAI88ToFormat(unsigned char const*, unsigned int, PVGCOLOR::PVGPixelFormat, unsigned char**, unsigned int*)",0x000590b0,malloc@plt,DIRECT_CALL
0x0002f868,"PVGCOLOR::PVGImageConvert::convertAI88ToFormat(unsigned char const*, unsigned int, PVGCOLOR::PVGPixelFormat, unsigned char**, unsigned int*)",0x0002fcb0,"PVGCOLOR::PVGImageConvert::convertAI88ToFormat(unsigned char const*, unsigned int, PVGCOLOR::PVGPixelFormat, unsigned char**, unsigned int*)+0x494",BRANCH
0x0002f870,"PVGCOLOR::PVGImageConvert::convertAI88ToFormat(unsigned char const*, unsigned int, PVGCOLOR::PVGPixelFormat, unsigned char**, unsigned int*)",0x0002f980,"PVGCOLOR::PVGImageConvert::convertAI88ToFormat(unsigned char const*, unsigned int, PVGCOLOR::PVGPixelFormat, unsigned char**, unsigned int*)+0x164",BRANCH
0x0002f87c,"PVGCOLOR::PVGImageConvert::convertAI88ToFormat(unsigned char const*, unsigned int, PVGCOLOR::PVGPixelFormat, unsigned char**, unsigned int*)",0x0002fd20,"PVGCOLOR::PVGImageConvert::convertAI88ToFormat(unsigned char const*, unsigned int, PVGCOLOR::PVGPixelFormat, unsigned char**, unsigned int*)+0x504",BRANCH
0x0002f884,"PVGCOLOR::PVGImageConvert::convertAI88ToFormat(unsigned char const*, unsigned int, PVGCOLOR::PVGPixelFormat, unsigned char**, unsigned int*)",0x0002f94c,"PVGCOLOR::PVGImageConvert::convertAI88ToFormat(unsigned char const*, unsigned int, PVGCOLOR::PVGPixelFormat, unsigned char**, unsigned int*)+0x130",BRANCH
0x0002f88c,"PVGCOLOR::PVGImageConvert::convertAI88ToFormat(unsigned char const*, unsigned int, PVGCOLOR::PVGPixelFormat, unsigned char**, unsigned int*)",0x0002f8bc,"PVGCOLOR::PVGImageConvert::convertAI88ToFormat(unsigned char const*, unsigned int, PVGCOLOR::PVGPixelFormat, unsigned char**, unsigned int*)+0xa0",BRANCH
0x0002f898,"PVGCOLOR::PVGImageConvert::convertAI88ToFormat(unsigned char const*, unsigned int, PVGCOLOR::PVGPixelFormat, unsigned char**, unsigned int*)",0x000590b0,malloc@plt,DIRECT_CALL
0x0002f8a4,"PVGCOLOR::PVGImageConvert::convertAI88ToFormat(unsigned char const*, unsigned int, PVGCOLOR::PVGPixelFormat, unsigned char**, unsigned int*)",0x0002fcb0,"PVGCOLOR::PVGImageConvert::convertAI88ToFormat(unsigned char const*, unsigned int, PVGCOLOR::PVGPixelFormat, unsigned char**, unsigned int*)+0x494",BRANCH
0x0002f8ac,"PVGCOLOR::PVGImageConvert::convertAI88ToFormat(unsigned char const*, unsigned int, PVGCOLOR::PVGPixelFormat, unsigned char**, unsigned int*)",0x0002f99c,"PVGCOLOR::PVGImageConvert::convertAI88ToFormat(unsigned char const*, unsigned int, PVGCOLOR::PVGPixelFormat, unsigned char**, unsigned int*)+0x180",BRANCH
0x0002f8b8,"PVGCOLOR::PVGImageConvert::convertAI88ToFormat(unsigned char const*, unsigned int, PVGCOLOR::PVGPixelFormat, unsigned char**, unsigned int*)",0x0002fae0,"PVGCOLOR::PVGImageConvert::convertAI88ToFormat(unsigned char const*, unsigned int, PVGCOLOR::PVGPixelFormat, unsigned char**, unsigned int*)+0x2c4",BRANCH
0x0002f8bc,"PVGCOLOR::PVGImageConvert::convertAI88ToFormat(unsigned char const*, unsigned int, PVGCOLOR::PVGPixelFormat, unsigned char**, unsigned int*)",N/A,"x8, 0x5f000 <typeinfo for std::__ndk1::__function::__base<void (int)>+0x78>",ADRP_PAGE_REF
0x0002f8cc,"PVGCOLOR::PVGImageConvert::convertAI88ToFormat(unsigned char const*, unsigned int, PVGCOLOR::PVGPixelFormat, unsigned char**, unsigned int*)",0x0002f904,"PVGCOLOR::PVGImageConvert::convertAI88ToFormat(unsigned char const*, unsigned int, PVGCOLOR::PVGPixelFormat, unsigned char**, unsigned int*)+0xe8",BRANCH
0x0002f8d0,"PVGCOLOR::PVGImageConvert::convertAI88ToFormat(unsigned char const*, unsigned int, PVGCOLOR::PVGPixelFormat, unsigned char**, unsigned int*)",N/A,"x8, 0x5f000 <typeinfo for std::__ndk1::__function::__base<void (int)>+0x78>",ADRP_PAGE_REF
0x0002f8e0,"PVGCOLOR::PVGImageConvert::convertAI88ToFormat(unsigned char const*, unsigned int, PVGCOLOR::PVGPixelFormat, unsigned char**, unsigned int*)",N/A,"x2, 0xc000",ADRP_PAGE_REF
0x0002f8e8,"PVGCOLOR::PVGImageConvert::convertAI88ToFormat(unsigned char const*, unsigned int, PVGCOLOR::PVGPixelFormat, unsigned char**, unsigned int*)",N/A,"x3, 0xd000",ADRP_PAGE_REF
0x0002f8fc,"PVGCOLOR::PVGImageConvert::convertAI88ToFormat(unsigned char const*, unsigned int, PVGCOLOR::PVGPixelFormat, unsigned char**, unsigned int*)",0x00058f70,__android_log_print@plt,DIRECT_CALL
0x0002f92c,"PVGCOLOR::PVGImageConvert::convertAI88ToFormat(unsigned char const*, unsigned int, PVGCOLOR::PVGPixelFormat, unsigned char**, unsigned int*)",0x000590b0,malloc@plt,DIRECT_CALL
0x0002f938,"PVGCOLOR::PVGImageConvert::convertAI88ToFormat(unsigned char const*, unsigned int, PVGCOLOR::PVGPixelFormat, unsigned char**, unsigned int*)",0x0002fcb0,"PVGCOLOR::PVGImageConvert::convertAI88ToFormat(unsigned char const*, unsigned int, PVGCOLOR::PVGPixelFormat, unsigned char**, unsigned int*)+0x494",BRANCH
0x0002f940,"PVGCOLOR::PVGImageConvert::convertAI88ToFormat(unsigned char const*, unsigned int, PVGCOLOR::PVGPixelFormat, unsigned char**, unsigned int*)",0x0002f9b8,"PVGCOLOR::PVGImageConvert::convertAI88ToFormat(unsigned char const*, unsigned int, PVGCOLOR::PVGPixelFormat, unsigned char**, unsigned int*)+0x19c",BRANCH
0x0002f948,"PVGCOLOR::PVGImageConvert::convertAI88ToFormat(unsigned char const*, unsigned int, PVGCOLOR::PVGPixelFormat, unsigned char**, unsigned int*)",0x0002fbc8,"PVGCOLOR::PVGImageConvert::convertAI88ToFormat(unsigned char const*, unsigned int, PVGCOLOR::PVGPixelFormat, unsigned char**, unsigned int*)+0x3ac",BRANCH
0x0002f954,"PVGCOLOR::PVGImageConvert::convertAI88ToFormat(unsigned char const*, unsigned int, PVGCOLOR::PVGPixelFormat, unsigned char**, unsigned int*)",0x000590b0,malloc@plt,DIRECT_CALL
0x0002f960,"PVGCOLOR::PVGImageConvert::convertAI88ToFormat(unsigned char const*, unsigned int, PVGCOLOR::PVGPixelFormat, unsigned char**, unsigned int*)",0x0002fcb0,"PVGCOLOR::PVGImageConvert::convertAI88ToFormat(unsigned char const*, unsigned int, PVGCOLOR::PVGPixelFormat, unsigned char**, unsigned int*)+0x494",BRANCH
0x0002f970,"PVGCOLOR::PVGImageConvert::convertAI88ToFormat(unsigned char const*, unsigned int, PVGCOLOR::PVGPixelFormat, unsigned char**, unsigned int*)",0x0002f9d4,"PVGCOLOR::PVGImageConvert::convertAI88ToFormat(unsigned char const*, unsigned int, PVGCOLOR::PVGPixelFormat, unsigned char**, unsigned int*)+0x1b8",BRANCH
0x0002f97c,"PVGCOLOR::PVGImageConvert::convertAI88ToFormat(unsigned char const*, unsigned int, PVGCOLOR::PVGPixelFormat, unsigned char**, unsigned int*)",0x0002fc9c,"PVGCOLOR::PVGImageConvert::convertAI88ToFormat(unsigned char const*, unsigned int, PVGCOLOR::PVGPixelFormat, unsigned char**, unsigned int*)+0x480",BRANCH
0x0002f990,"PVGCOLOR::PVGImageConvert::convertAI88ToFormat(unsigned char const*, unsigned int, PVGCOLOR::PVGPixelFormat, unsigned char**, unsigned int*)",0x0002f9ec,"PVGCOLOR::PVGImageConvert::convertAI88ToFormat(unsigned char const*, unsigned int, PVGCOLOR::PVGPixelFormat, unsigned char**, unsigned int*)+0x1d0",BRANCH
0x0002f998,"PVGCOLOR::PVGImageConvert::convertAI88ToFormat(unsigned char const*, unsigned int, PVGCOLOR::PVGPixelFormat, unsigned char**, unsigned int*)",0x0002fccc,"PVGCOLOR::PVGImageConvert::convertAI88ToFormat(unsigned char const*, unsigned int, PVGCOLOR::PVGPixelFormat, unsigned char**, unsigned int*)+0x4b0",BRANCH
0x0002f9ac,"PVGCOLOR::PVGImageConvert::convertAI88ToFormat(unsigned char const*, unsigned int, PVGCOLOR::PVGPixelFormat, unsigned char**, unsigned int*)",0x0002fa50,"PVGCOLOR::PVGImageConvert::convertAI88ToFormat(unsigned char const*, unsigned int, PVGCOLOR::PVGPixelFormat, unsigned char**, unsigned int*)+0x234",BRANCH
0x0002f9b4,"PVGCOLOR::PVGImageConvert::convertAI88ToFormat(unsigned char const*, unsigned int, PVGCOLOR::PVGPixelFormat, unsigned char**, unsigned int*)",0x0002faa4,"PVGCOLOR::PVGImageConvert::convertAI88ToFormat(unsigned char const*, unsigned int, PVGCOLOR::PVGPixelFormat, unsigned char**, unsigned int*)+0x288",BRANCH
0x0002f9c8,"PVGCOLOR::PVGImageConvert::convertAI88ToFormat(unsigned char const*, unsigned int, PVGCOLOR::PVGPixelFormat, unsigned char**, unsigned int*)",0x0002fb08,"PVGCOLOR::PVGImageConvert::convertAI88ToFormat(unsigned char const*, unsigned int, PVGCOLOR::PVGPixelFormat, unsigned char**, unsigned int*)+0x2ec",BRANCH
0x0002f9d0,"PVGCOLOR::PVGImageConvert::convertAI88ToFormat(unsigned char const*, unsigned int, PVGCOLOR::PVGPixelFormat, unsigned char**, unsigned int*)",0x0002fb78,"PVGCOLOR::PVGImageConvert::convertAI88ToFormat(unsigned char const*, unsigned int, PVGCOLOR::PVGPixelFormat, unsigned char**, unsigned int*)+0x35c",BRANCH
0x0002f9e0,"PVGCOLOR::PVGImageConvert::convertAI88ToFormat(unsigned char const*, unsigned int, PVGCOLOR::PVGPixelFormat, unsigned char**, unsigned int*)",0x0002fc00,"PVGCOLOR::PVGImageConvert::convertAI88ToFormat(unsigned char const*, unsigned int, PVGCOLOR::PVGPixelFormat, unsigned char**, unsigned int*)+0x3e4",BRANCH
0x0002f9e8,"PVGCOLOR::PVGImageConvert::convertAI88ToFormat(unsigned char const*, unsigned int, PVGCOLOR::PVGPixelFormat, unsigned char**, unsigned int*)",0x0002fc58,"PVGCOLOR::PVGImageConvert::convertAI88ToFormat(unsigned char const*, unsigned int, PVGCOLOR::PVGPixelFormat, unsigned char**, unsigned int*)+0x43c",BRANCH
0x0002fa30,"PVGCOLOR::PVGImageConvert::convertAI88ToFormat(unsigned char const*, unsigned int, PVGCOLOR::PVGPixelFormat, unsigned char**, unsigned int*)",0x0002f9fc,"PVGCOLOR::PVGImageConvert::convertAI88ToFormat(unsigned char const*, unsigned int, PVGCOLOR::PVGPixelFormat, unsigned char**, unsigned int*)+0x1e0",BRANCH
0x0002fa38,"PVGCOLOR::PVGImageConvert::convertAI88ToFormat(unsigned char const*, unsigned int, PVGCOLOR::PVGPixelFormat, unsigned char**, unsigned int*)",0x0002fcc4,"PVGCOLOR::PVGImageConvert::convertAI88ToFormat(unsigned char const*, unsigned int, PVGCOLOR::PVGPixelFormat, unsigned char**, unsigned int*)+0x4a8",BRANCH
0x0002fa8c,"PVGCOLOR::PVGImageConvert::convertAI88ToFormat(unsigned char const*, unsigned int, PVGCOLOR::PVGPixelFormat, unsigned char**, unsigned int*)",0x0002fa6c,"PVGCOLOR::PVGImageConvert::convertAI88ToFormat(unsigned char const*, unsigned int, PVGCOLOR::PVGPixelFormat, unsigned char**, unsigned int*)+0x250",BRANCH
0x0002fa94,"PVGCOLOR::PVGImageConvert::convertAI88ToFormat(unsigned char const*, unsigned int, PVGCOLOR::PVGPixelFormat, unsigned char**, unsigned int*)",0x0002faa4,"PVGCOLOR::PVGImageConvert::convertAI88ToFormat(unsigned char const*, unsigned int, PVGCOLOR::PVGPixelFormat, unsigned char**, unsigned int*)+0x288",BRANCH
0x0002faa0,"PVGCOLOR::PVGImageConvert::convertAI88ToFormat(unsigned char const*, unsigned int, PVGCOLOR::PVGPixelFormat, unsigned char**, unsigned int*)",0x0002fae0,"PVGCOLOR::PVGImageConvert::convertAI88ToFormat(unsigned char const*, unsigned int, PVGCOLOR::PVGPixelFormat, unsigned char**, unsigned int*)+0x2c4",BRANCH
0x0002fadc,"PVGCOLOR::PVGImageConvert::convertAI88ToFormat(unsigned char const*, unsigned int, PVGCOLOR::PVGPixelFormat, unsigned char**, unsigned int*)",0x0002fad0,"PVGCOLOR::PVGImageConvert::convertAI88ToFormat(unsigned char const*, unsigned int, PVGCOLOR::PVGPixelFormat, unsigned char**, unsigned int*)+0x2b4",BRANCH
0x0002faf0,"PVGCOLOR::PVGImageConvert::convertAI88ToFormat(unsigned char const*, unsigned int, PVGCOLOR::PVGPixelFormat, unsigned char**, unsigned int*)",0x0002fae0,"PVGCOLOR::PVGImageConvert::convertAI88ToFormat(unsigned char const*, unsigned int, PVGCOLOR::PVGPixelFormat, unsigned char**, unsigned int*)+0x2c4",BRANCH
0x0002fb5c,"PVGCOLOR::PVGImageConvert::convertAI88ToFormat(unsigned char const*, unsigned int, PVGCOLOR::PVGPixelFormat, unsigned char**, unsigned int*)",0x0002fb24,"PVGCOLOR::PVGImageConvert::convertAI88ToFormat(unsigned char const*, unsigned int, PVGCOLOR::PVGPixelFormat, unsigned char**, unsigned int*)+0x308",BRANCH
0x0002fb64,"PVGCOLOR::PVGImageConvert::convertAI88ToFormat(unsigned char const*, unsigned int, PVGCOLOR::PVGPixelFormat, unsigned char**, unsigned int*)",0x0002fb78,"PVGCOLOR::PVGImageConvert::convertAI88ToFormat(unsigned char const*, unsigned int, PVGCOLOR::PVGPixelFormat, unsigned char**, unsigned int*)+0x35c",BRANCH
0x0002fb74,"PVGCOLOR::PVGImageConvert::convertAI88ToFormat(unsigned char const*, unsigned int, PVGCOLOR::PVGPixelFormat, unsigned char**, unsigned int*)",0x0002fbc8,"PVGCOLOR::PVGImageConvert::convertAI88ToFormat(unsigned char const*, unsigned int, PVGCOLOR::PVGPixelFormat, unsigned char**, unsigned int*)+0x3ac",BRANCH
0x0002fbc4,"PVGCOLOR::PVGImageConvert::convertAI88ToFormat(unsigned char const*, unsigned int, PVGCOLOR::PVGPixelFormat, unsigned char**, unsigned int*)",0x0002fbb0,"PVGCOLOR::PVGImageConvert::convertAI88ToFormat(unsigned char const*, unsigned int, PVGCOLOR::PVGPixelFormat, unsigned char**, unsigned int*)+0x394",BRANCH
0x0002fbe8,"PVGCOLOR::PVGImageConvert::convertAI88ToFormat(unsigned char const*, unsigned int, PVGCOLOR::PVGPixelFormat, unsigned char**, unsigned int*)",0x0002fbc8,"PVGCOLOR::PVGImageConvert::convertAI88ToFormat(unsigned char const*, unsigned int, PVGCOLOR::PVGPixelFormat, unsigned char**, unsigned int*)+0x3ac",BRANCH
0x0002fc3c,"PVGCOLOR::PVGImageConvert::convertAI88ToFormat(unsigned char const*, unsigned int, PVGCOLOR::PVGPixelFormat, unsigned char**, unsigned int*)",0x0002fc1c,"PVGCOLOR::PVGImageConvert::convertAI88ToFormat(unsigned char const*, unsigned int, PVGCOLOR::PVGPixelFormat, unsigned char**, unsigned int*)+0x400",BRANCH
0x0002fc44,"PVGCOLOR::PVGImageConvert::convertAI88ToFormat(unsigned char const*, unsigned int, PVGCOLOR::PVGPixelFormat, unsigned char**, unsigned int*)",0x0002fc58,"PVGCOLOR::PVGImageConvert::convertAI88ToFormat(unsigned char const*, unsigned int, PVGCOLOR::PVGPixelFormat, unsigned char**, unsigned int*)+0x43c",BRANCH
0x0002fc54,"PVGCOLOR::PVGImageConvert::convertAI88ToFormat(unsigned char const*, unsigned int, PVGCOLOR::PVGPixelFormat, unsigned char**, unsigned int*)",0x0002fc9c,"PVGCOLOR::PVGImageConvert::convertAI88ToFormat(unsigned char const*, unsigned int, PVGCOLOR::PVGPixelFormat, unsigned char**, unsigned int*)+0x480",BRANCH
0x0002fc98,"PVGCOLOR::PVGImageConvert::convertAI88ToFormat(unsigned char const*, unsigned int, PVGCOLOR::PVGPixelFormat, unsigned char**, unsigned int*)",0x0002fc8c,"PVGCOLOR::PVGImageConvert::convertAI88ToFormat(unsigned char const*, unsigned int, PVGCOLOR::PVGPixelFormat, unsigned char**, unsigned int*)+0x470",BRANCH
0x0002fcac,"PVGCOLOR::PVGImageConvert::convertAI88ToFormat(unsigned char const*, unsigned int, PVGCOLOR::PVGPixelFormat, unsigned char**, unsigned int*)",0x0002fc9c,"PVGCOLOR::PVGImageConvert::convertAI88ToFormat(unsigned char const*, unsigned int, PVGCOLOR::PVGPixelFormat, unsigned char**, unsigned int*)+0x480",BRANCH
0x0002fcc8,"PVGCOLOR::PVGImageConvert::convertAI88ToFormat(unsigned char const*, unsigned int, PVGCOLOR::PVGPixelFormat, unsigned char**, unsigned int*)",0x0002fd18,"PVGCOLOR::PVGImageConvert::convertAI88ToFormat(unsigned char const*, unsigned int, PVGCOLOR::PVGPixelFormat, unsigned char**, unsigned int*)+0x4fc",BRANCH
0x0002fcf8,"PVGCOLOR::PVGImageConvert::convertAI88ToFormat(unsigned char const*, unsigned int, PVGCOLOR::PVGPixelFormat, unsigned char**, unsigned int*)",0x0002fce4,"PVGCOLOR::PVGImageConvert::convertAI88ToFormat(unsigned char const*, unsigned int, PVGCOLOR::PVGPixelFormat, unsigned char**, unsigned int*)+0x4c8",BRANCH
0x0002fd00,"PVGCOLOR::PVGImageConvert::convertAI88ToFormat(unsigned char const*, unsigned int, PVGCOLOR::PVGPixelFormat, unsigned char**, unsigned int*)",0x0002fd20,"PVGCOLOR::PVGImageConvert::convertAI88ToFormat(unsigned char const*, unsigned int, PVGCOLOR::PVGPixelFormat, unsigned char**, unsigned int*)+0x504",BRANCH
0x0002fd4c,"PVGCOLOR::PVGImageConvert::convertAI88ToFormat(unsigned char const*, unsigned int, PVGCOLOR::PVGPixelFormat, unsigned char**, unsigned int*)",0x0002fd20,"PVGCOLOR::PVGImageConvert::convertAI88ToFormat(unsigned char const*, unsigned int, PVGCOLOR::PVGPixelFormat, unsigned char**, unsigned int*)+0x504",BRANCH
0x0002fd8c,"PVGCOLOR::PVGImageConvert::convertRGB888ToFormat(unsigned char const*, unsigned int, PVGCOLOR::PVGPixelFormat, unsigned char**, unsigned int*)",0x0002fe20,"PVGCOLOR::PVGImageConvert::convertRGB888ToFormat(unsigned char const*, unsigned int, PVGCOLOR::PVGPixelFormat, unsigned char**, unsigned int*)+0xbc",BRANCH
0x0002fd94,"PVGCOLOR::PVGImageConvert::convertRGB888ToFormat(unsigned char const*, unsigned int, PVGCOLOR::PVGPixelFormat, unsigned char**, unsigned int*)",0x0002ff0c,"PVGCOLOR::PVGImageConvert::convertRGB888ToFormat(unsigned char const*, unsigned int, PVGCOLOR::PVGPixelFormat, unsigned char**, unsigned int*)+0x1a8",BRANCH
0x0002fd9c,"PVGCOLOR::PVGImageConvert::convertRGB888ToFormat(unsigned char const*, unsigned int, PVGCOLOR::PVGPixelFormat, unsigned char**, unsigned int*)",0x0002fec4,"PVGCOLOR::PVGImageConvert::convertRGB888ToFormat(unsigned char const*, unsigned int, PVGCOLOR::PVGPixelFormat, unsigned char**, unsigned int*)+0x160",BRANCH
0x0002fdb4,"PVGCOLOR::PVGImageConvert::convertRGB888ToFormat(unsigned char const*, unsigned int, PVGCOLOR::PVGPixelFormat, unsigned char**, unsigned int*)",0x000590b0,malloc@plt,DIRECT_CALL
0x0002fdc4,"PVGCOLOR::PVGImageConvert::convertRGB888ToFormat(unsigned char const*, unsigned int, PVGCOLOR::PVGPixelFormat, unsigned char**, unsigned int*)",0x0002fffc,"PVGCOLOR::PVGImageConvert::convertRGB888ToFormat(unsigned char const*, unsigned int, PVGCOLOR::PVGPixelFormat, unsigned char**, unsigned int*)+0x298",BRANCH
0x0002fe18,"PVGCOLOR::PVGImageConvert::convertRGB888ToFormat(unsigned char const*, unsigned int, PVGCOLOR::PVGPixelFormat, unsigned char**, unsigned int*)",0x0002fde0,"PVGCOLOR::PVGImageConvert::convertRGB888ToFormat(unsigned char const*, unsigned int, PVGCOLOR::PVGPixelFormat, unsigned char**, unsigned int*)+0x7c",BRANCH
0x0002fe1c,"PVGCOLOR::PVGImageConvert::convertRGB888ToFormat(unsigned char const*, unsigned int, PVGCOLOR::PVGPixelFormat, unsigned char**, unsigned int*)",0x0002fffc,"PVGCOLOR::PVGImageConvert::convertRGB888ToFormat(unsigned char const*, unsigned int, PVGCOLOR::PVGPixelFormat, unsigned char**, unsigned int*)+0x298",BRANCH
0x0002fe24,"PVGCOLOR::PVGImageConvert::convertRGB888ToFormat(unsigned char const*, unsigned int, PVGCOLOR::PVGPixelFormat, unsigned char**, unsigned int*)",0x0002ff80,"PVGCOLOR::PVGImageConvert::convertRGB888ToFormat(unsigned char const*, unsigned int, PVGCOLOR::PVGPixelFormat, unsigned char**, unsigned int*)+0x21c",BRANCH
0x0002fe2c,"PVGCOLOR::PVGImageConvert::convertRGB888ToFormat(unsigned char const*, unsigned int, PVGCOLOR::PVGPixelFormat, unsigned char**, unsigned int*)",0x0002fec4,"PVGCOLOR::PVGImageConvert::convertRGB888ToFormat(unsigned char const*, unsigned int, PVGCOLOR::PVGPixelFormat, unsigned char**, unsigned int*)+0x160",BRANCH
0x0002fe48,"PVGCOLOR::PVGImageConvert::convertRGB888ToFormat(unsigned char const*, unsigned int, PVGCOLOR::PVGPixelFormat, unsigned char**, unsigned int*)",0x000590b0,malloc@plt,DIRECT_CALL
0x0002fe58,"PVGCOLOR::PVGImageConvert::convertRGB888ToFormat(unsigned char const*, unsigned int, PVGCOLOR::PVGPixelFormat, unsigned char**, unsigned int*)",0x0002fffc,"PVGCOLOR::PVGImageConvert::convertRGB888ToFormat(unsigned char const*, unsigned int, PVGCOLOR::PVGPixelFormat, unsigned char**, unsigned int*)+0x298",BRANCH
0x0002febc,"PVGCOLOR::PVGImageConvert::convertRGB888ToFormat(unsigned char const*, unsigned int, PVGCOLOR::PVGPixelFormat, unsigned char**, unsigned int*)",0x0002fe78,"PVGCOLOR::PVGImageConvert::convertRGB888ToFormat(unsigned char const*, unsigned int, PVGCOLOR::PVGPixelFormat, unsigned char**, unsigned int*)+0x114",BRANCH
0x0002fec0,"PVGCOLOR::PVGImageConvert::convertRGB888ToFormat(unsigned char const*, unsigned int, PVGCOLOR::PVGPixelFormat, unsigned char**, unsigned int*)",0x0002fffc,"PVGCOLOR::PVGImageConvert::convertRGB888ToFormat(unsigned char const*, unsigned int, PVGCOLOR::PVGPixelFormat, unsigned char**, unsigned int*)+0x298",BRANCH
0x0002fec4,"PVGCOLOR::PVGImageConvert::convertRGB888ToFormat(unsigned char const*, unsigned int, PVGCOLOR::PVGPixelFormat, unsigned char**, unsigned int*)",N/A,"x8, 0x5f000 <typeinfo for std::__ndk1::__function::__base<void (int)>+0x78>",ADRP_PAGE_REF
0x0002fed4,"PVGCOLOR::PVGImageConvert::convertRGB888ToFormat(unsigned char const*, unsigned int, PVGCOLOR::PVGPixelFormat, unsigned char**, unsigned int*)",0x0002ff04,"PVGCOLOR::PVGImageConvert::convertRGB888ToFormat(unsigned char const*, unsigned int, PVGCOLOR::PVGPixelFormat, unsigned char**, unsigned int*)+0x1a0",BRANCH
0x0002fed8,"PVGCOLOR::PVGImageConvert::convertRGB888ToFormat(unsigned char const*, unsigned int, PVGCOLOR::PVGPixelFormat, unsigned char**, unsigned int*)",N/A,"x8, 0x5f000 <typeinfo for std::__ndk1::__function::__base<void (int)>+0x78>",ADRP_PAGE_REF
0x0002fee8,"PVGCOLOR::PVGImageConvert::convertRGB888ToFormat(unsigned char const*, unsigned int, PVGCOLOR::PVGPixelFormat, unsigned char**, unsigned int*)",N/A,"x2, 0xb000",ADRP_PAGE_REF
0x0002fef0,"PVGCOLOR::PVGImageConvert::convertRGB888ToFormat(unsigned char const*, unsigned int, PVGCOLOR::PVGPixelFormat, unsigned char**, unsigned int*)",N/A,"x3, 0xb000",ADRP_PAGE_REF
0x0002ff00,"PVGCOLOR::PVGImageConvert::convertRGB888ToFormat(unsigned char const*, unsigned int, PVGCOLOR::PVGPixelFormat, unsigned char**, unsigned int*)",0x00058f70,__android_log_print@plt,DIRECT_CALL
0x0002ff08,"PVGCOLOR::PVGImageConvert::convertRGB888ToFormat(unsigned char const*, unsigned int, PVGCOLOR::PVGPixelFormat, unsigned char**, unsigned int*)",0x00030010,"PVGCOLOR::PVGImageConvert::convertRGB888ToFormat(unsigned char const*, unsigned int, PVGCOLOR::PVGPixelFormat, unsigned char**, unsigned int*)+0x2ac",BRANCH
0x0002ff28,"PVGCOLOR::PVGImageConvert::convertRGB888ToFormat(unsigned char const*, unsigned int, PVGCOLOR::PVGPixelFormat, unsigned char**, unsigned int*)",0x000590b0,malloc@plt,DIRECT_CALL
0x0002ff38,"PVGCOLOR::PVGImageConvert::convertRGB888ToFormat(unsigned char const*, unsigned int, PVGCOLOR::PVGPixelFormat, unsigned char**, unsigned int*)",0x0002fffc,"PVGCOLOR::PVGImageConvert::convertRGB888ToFormat(unsigned char const*, unsigned int, PVGCOLOR::PVGPixelFormat, unsigned char**, unsigned int*)+0x298",BRANCH
0x0002ff78,"PVGCOLOR::PVGImageConvert::convertRGB888ToFormat(unsigned char const*, unsigned int, PVGCOLOR::PVGPixelFormat, unsigned char**, unsigned int*)",0x0002ff44,"PVGCOLOR::PVGImageConvert::convertRGB888ToFormat(unsigned char const*, unsigned int, PVGCOLOR::PVGPixelFormat, unsigned char**, unsigned int*)+0x1e0",BRANCH
0x0002ff7c,"PVGCOLOR::PVGImageConvert::convertRGB888ToFormat(unsigned char const*, unsigned int, PVGCOLOR::PVGPixelFormat, unsigned char**, unsigned int*)",0x0002fffc,"PVGCOLOR::PVGImageConvert::convertRGB888ToFormat(unsigned char const*, unsigned int, PVGCOLOR::PVGPixelFormat, unsigned char**, unsigned int*)+0x298",BRANCH
0x0002ff94,"PVGCOLOR::PVGImageConvert::convertRGB888ToFormat(unsigned char const*, unsigned int, PVGCOLOR::PVGPixelFormat, unsigned char**, unsigned int*)",0x000590b0,malloc@plt,DIRECT_CALL
0x0002ffa4,"PVGCOLOR::PVGImageConvert::convertRGB888ToFormat(unsigned char const*, unsigned int, PVGCOLOR::PVGPixelFormat, unsigned char**, unsigned int*)",0x0002fffc,"PVGCOLOR::PVGImageConvert::convertRGB888ToFormat(unsigned char const*, unsigned int, PVGCOLOR::PVGPixelFormat, unsigned char**, unsigned int*)+0x298",BRANCH
0x0002fff8,"PVGCOLOR::PVGImageConvert::convertRGB888ToFormat(unsigned char const*, unsigned int, PVGCOLOR::PVGPixelFormat, unsigned char**, unsigned int*)",0x0002ffc0,"PVGCOLOR::PVGImageConvert::convertRGB888ToFormat(unsigned char const*, unsigned int, PVGCOLOR::PVGPixelFormat, unsigned char**, unsigned int*)+0x25c",BRANCH
0x0003004c,"PVGCOLOR::PVGImageConvert::convertRGBA8888ToFormat(unsigned char const*, unsigned int, PVGCOLOR::PVGPixelFormat, unsigned char**, unsigned int*)",0x0003008c,"PVGCOLOR::PVGImageConvert::convertRGBA8888ToFormat(unsigned char const*, unsigned int, PVGCOLOR::PVGPixelFormat, unsigned char**, unsigned int*)+0x64",BRANCH
0x00030054,"PVGCOLOR::PVGImageConvert::convertRGBA8888ToFormat(unsigned char const*, unsigned int, PVGCOLOR::PVGPixelFormat, unsigned char**, unsigned int*)",0x0003012c,"PVGCOLOR::PVGImageConvert::convertRGBA8888ToFormat(unsigned char const*, unsigned int, PVGCOLOR::PVGPixelFormat, unsigned char**, unsigned int*)+0x104",BRANCH
0x0003005c,"PVGCOLOR::PVGImageConvert::convertRGBA8888ToFormat(unsigned char const*, unsigned int, PVGCOLOR::PVGPixelFormat, unsigned char**, unsigned int*)",0x000300c8,"PVGCOLOR::PVGImageConvert::convertRGBA8888ToFormat(unsigned char const*, unsigned int, PVGCOLOR::PVGPixelFormat, unsigned char**, unsigned int*)+0xa0",BRANCH
0x00030068,"PVGCOLOR::PVGImageConvert::convertRGBA8888ToFormat(unsigned char const*, unsigned int, PVGCOLOR::PVGPixelFormat, unsigned char**, unsigned int*)",0x000590b0,malloc@plt,DIRECT_CALL
0x00030074,"PVGCOLOR::PVGImageConvert::convertRGBA8888ToFormat(unsigned char const*, unsigned int, PVGCOLOR::PVGPixelFormat, unsigned char**, unsigned int*)",0x00030798,"PVGCOLOR::PVGImageConvert::convertRGBA8888ToFormat(unsigned char const*, unsigned int, PVGCOLOR::PVGPixelFormat, unsigned char**, unsigned int*)+0x770",BRANCH
0x0003007c,"PVGCOLOR::PVGImageConvert::convertRGBA8888ToFormat(unsigned char const*, unsigned int, PVGCOLOR::PVGPixelFormat, unsigned char**, unsigned int*)",0x00030180,"PVGCOLOR::PVGImageConvert::convertRGBA8888ToFormat(unsigned char const*, unsigned int, PVGCOLOR::PVGPixelFormat, unsigned char**, unsigned int*)+0x158",BRANCH
0x00030088,"PVGCOLOR::PVGImageConvert::convertRGBA8888ToFormat(unsigned char const*, unsigned int, PVGCOLOR::PVGPixelFormat, unsigned char**, unsigned int*)",0x00030338,"PVGCOLOR::PVGImageConvert::convertRGBA8888ToFormat(unsigned char const*, unsigned int, PVGCOLOR::PVGPixelFormat, unsigned char**, unsigned int*)+0x310",BRANCH
0x00030090,"PVGCOLOR::PVGImageConvert::convertRGBA8888ToFormat(unsigned char const*, unsigned int, PVGCOLOR::PVGPixelFormat, unsigned char**, unsigned int*)",0x00030158,"PVGCOLOR::PVGImageConvert::convertRGBA8888ToFormat(unsigned char const*, unsigned int, PVGCOLOR::PVGPixelFormat, unsigned char**, unsigned int*)+0x130",BRANCH
0x00030098,"PVGCOLOR::PVGImageConvert::convertRGBA8888ToFormat(unsigned char const*, unsigned int, PVGCOLOR::PVGPixelFormat, unsigned char**, unsigned int*)",0x000300c8,"PVGCOLOR::PVGImageConvert::convertRGBA8888ToFormat(unsigned char const*, unsigned int, PVGCOLOR::PVGPixelFormat, unsigned char**, unsigned int*)+0xa0",BRANCH
0x000300a4,"PVGCOLOR::PVGImageConvert::convertRGBA8888ToFormat(unsigned char const*, unsigned int, PVGCOLOR::PVGPixelFormat, unsigned char**, unsigned int*)",0x000590b0,malloc@plt,DIRECT_CALL
0x000300b0,"PVGCOLOR::PVGImageConvert::convertRGBA8888ToFormat(unsigned char const*, unsigned int, PVGCOLOR::PVGPixelFormat, unsigned char**, unsigned int*)",0x00030798,"PVGCOLOR::PVGImageConvert::convertRGBA8888ToFormat(unsigned char const*, unsigned int, PVGCOLOR::PVGPixelFormat, unsigned char**, unsigned int*)+0x770",BRANCH
0x000300b8,"PVGCOLOR::PVGImageConvert::convertRGBA8888ToFormat(unsigned char const*, unsigned int, PVGCOLOR::PVGPixelFormat, unsigned char**, unsigned int*)",0x0003019c,"PVGCOLOR::PVGImageConvert::convertRGBA8888ToFormat(unsigned char const*, unsigned int, PVGCOLOR::PVGPixelFormat, unsigned char**, unsigned int*)+0x174",BRANCH
0x000300c4,"PVGCOLOR::PVGImageConvert::convertRGBA8888ToFormat(unsigned char const*, unsigned int, PVGCOLOR::PVGPixelFormat, unsigned char**, unsigned int*)",0x00030458,"PVGCOLOR::PVGImageConvert::convertRGBA8888ToFormat(unsigned char const*, unsigned int, PVGCOLOR::PVGPixelFormat, unsigned char**, unsigned int*)+0x430",BRANCH
0x000300c8,"PVGCOLOR::PVGImageConvert::convertRGBA8888ToFormat(unsigned char const*, unsigned int, PVGCOLOR::PVGPixelFormat, unsigned char**, unsigned int*)",N/A,"x8, 0x5f000 <typeinfo for std::__ndk1::__function::__base<void (int)>+0x78>",ADRP_PAGE_REF
0x000300d8,"PVGCOLOR::PVGImageConvert::convertRGBA8888ToFormat(unsigned char const*, unsigned int, PVGCOLOR::PVGPixelFormat, unsigned char**, unsigned int*)",0x00030110,"PVGCOLOR::PVGImageConvert::convertRGBA8888ToFormat(unsigned char const*, unsigned int, PVGCOLOR::PVGPixelFormat, unsigned char**, unsigned int*)+0xe8",BRANCH
0x000300dc,"PVGCOLOR::PVGImageConvert::convertRGBA8888ToFormat(unsigned char const*, unsigned int, PVGCOLOR::PVGPixelFormat, unsigned char**, unsigned int*)",N/A,"x8, 0x5f000 <typeinfo for std::__ndk1::__function::__base<void (int)>+0x78>",ADRP_PAGE_REF
0x000300ec,"PVGCOLOR::PVGImageConvert::convertRGBA8888ToFormat(unsigned char const*, unsigned int, PVGCOLOR::PVGPixelFormat, unsigned char**, unsigned int*)",N/A,"x2, 0xc000",ADRP_PAGE_REF
0x000300f4,"PVGCOLOR::PVGImageConvert::convertRGBA8888ToFormat(unsigned char const*, unsigned int, PVGCOLOR::PVGPixelFormat, unsigned char**, unsigned int*)",N/A,"x3, 0xc000",ADRP_PAGE_REF
0x00030108,"PVGCOLOR::PVGImageConvert::convertRGBA8888ToFormat(unsigned char const*, unsigned int, PVGCOLOR::PVGPixelFormat, unsigned char**, unsigned int*)",0x00058f70,__android_log_print@plt,DIRECT_CALL
0x00030138,"PVGCOLOR::PVGImageConvert::convertRGBA8888ToFormat(unsigned char const*, unsigned int, PVGCOLOR::PVGPixelFormat, unsigned char**, unsigned int*)",0x000590b0,malloc@plt,DIRECT_CALL
0x00030144,"PVGCOLOR::PVGImageConvert::convertRGBA8888ToFormat(unsigned char const*, unsigned int, PVGCOLOR::PVGPixelFormat, unsigned char**, unsigned int*)",0x00030798,"PVGCOLOR::PVGImageConvert::convertRGBA8888ToFormat(unsigned char const*, unsigned int, PVGCOLOR::PVGPixelFormat, unsigned char**, unsigned int*)+0x770",BRANCH
0x0003014c,"PVGCOLOR::PVGImageConvert::convertRGBA8888ToFormat(unsigned char const*, unsigned int, PVGCOLOR::PVGPixelFormat, unsigned char**, unsigned int*)",0x0003026c,"PVGCOLOR::PVGImageConvert::convertRGBA8888ToFormat(unsigned char const*, unsigned int, PVGCOLOR::PVGPixelFormat, unsigned char**, unsigned int*)+0x244",BRANCH
0x00030154,"PVGCOLOR::PVGImageConvert::convertRGBA8888ToFormat(unsigned char const*, unsigned int, PVGCOLOR::PVGPixelFormat, unsigned char**, unsigned int*)",0x0003054c,"PVGCOLOR::PVGImageConvert::convertRGBA8888ToFormat(unsigned char const*, unsigned int, PVGCOLOR::PVGPixelFormat, unsigned char**, unsigned int*)+0x524",BRANCH
0x00030160,"PVGCOLOR::PVGImageConvert::convertRGBA8888ToFormat(unsigned char const*, unsigned int, PVGCOLOR::PVGPixelFormat, unsigned char**, unsigned int*)",0x000590b0,malloc@plt,DIRECT_CALL
0x0003016c,"PVGCOLOR::PVGImageConvert::convertRGBA8888ToFormat(unsigned char const*, unsigned int, PVGCOLOR::PVGPixelFormat, unsigned char**, unsigned int*)",0x00030798,"PVGCOLOR::PVGImageConvert::convertRGBA8888ToFormat(unsigned char const*, unsigned int, PVGCOLOR::PVGPixelFormat, unsigned char**, unsigned int*)+0x770",BRANCH
0x00030174,"PVGCOLOR::PVGImageConvert::convertRGBA8888ToFormat(unsigned char const*, unsigned int, PVGCOLOR::PVGPixelFormat, unsigned char**, unsigned int*)",0x00030288,"PVGCOLOR::PVGImageConvert::convertRGBA8888ToFormat(unsigned char const*, unsigned int, PVGCOLOR::PVGPixelFormat, unsigned char**, unsigned int*)+0x260",BRANCH
0x0003017c,"PVGCOLOR::PVGImageConvert::convertRGBA8888ToFormat(unsigned char const*, unsigned int, PVGCOLOR::PVGPixelFormat, unsigned char**, unsigned int*)",0x0003074c,"PVGCOLOR::PVGImageConvert::convertRGBA8888ToFormat(unsigned char const*, unsigned int, PVGCOLOR::PVGPixelFormat, unsigned char**, unsigned int*)+0x724",BRANCH
0x00030190,"PVGCOLOR::PVGImageConvert::convertRGBA8888ToFormat(unsigned char const*, unsigned int, PVGCOLOR::PVGPixelFormat, unsigned char**, unsigned int*)",0x000302a4,"PVGCOLOR::PVGImageConvert::convertRGBA8888ToFormat(unsigned char const*, unsigned int, PVGCOLOR::PVGPixelFormat, unsigned char**, unsigned int*)+0x27c",BRANCH
0x00030198,"PVGCOLOR::PVGImageConvert::convertRGBA8888ToFormat(unsigned char const*, unsigned int, PVGCOLOR::PVGPixelFormat, unsigned char**, unsigned int*)",0x000302f8,"PVGCOLOR::PVGImageConvert::convertRGBA8888ToFormat(unsigned char const*, unsigned int, PVGCOLOR::PVGPixelFormat, unsigned char**, unsigned int*)+0x2d0",BRANCH
0x000301ac,"PVGCOLOR::PVGImageConvert::convertRGBA8888ToFormat(unsigned char const*, unsigned int, PVGCOLOR::PVGPixelFormat, unsigned char**, unsigned int*)",0x00030354,"PVGCOLOR::PVGImageConvert::convertRGBA8888ToFormat(unsigned char const*, unsigned int, PVGCOLOR::PVGPixelFormat, unsigned char**, unsigned int*)+0x32c",BRANCH
0x000301e4,"PVGCOLOR::PVGImageConvert::convertRGBA8888ToFormat(unsigned char const*, unsigned int, PVGCOLOR::PVGPixelFormat, unsigned char**, unsigned int*)",N/A,"x16, 0xd000",ADRP_PAGE_REF
0x0003025c,"PVGCOLOR::PVGImageConvert::convertRGBA8888ToFormat(unsigned char const*, unsigned int, PVGCOLOR::PVGPixelFormat, unsigned char**, unsigned int*)",0x00030200,"PVGCOLOR::PVGImageConvert::convertRGBA8888ToFormat(unsigned char const*, unsigned int, PVGCOLOR::PVGPixelFormat, unsigned char**, unsigned int*)+0x1d8",BRANCH
0x00030264,"PVGCOLOR::PVGImageConvert::convertRGBA8888ToFormat(unsigned char const*, unsigned int, PVGCOLOR::PVGPixelFormat, unsigned char**, unsigned int*)",0x00030798,"PVGCOLOR::PVGImageConvert::convertRGBA8888ToFormat(unsigned char const*, unsigned int, PVGCOLOR::PVGPixelFormat, unsigned char**, unsigned int*)+0x770",BRANCH
0x00030268,"PVGCOLOR::PVGImageConvert::convertRGBA8888ToFormat(unsigned char const*, unsigned int, PVGCOLOR::PVGPixelFormat, unsigned char**, unsigned int*)",0x00030458,"PVGCOLOR::PVGImageConvert::convertRGBA8888ToFormat(unsigned char const*, unsigned int, PVGCOLOR::PVGPixelFormat, unsigned char**, unsigned int*)+0x430",BRANCH
0x0003027c,"PVGCOLOR::PVGImageConvert::convertRGBA8888ToFormat(unsigned char const*, unsigned int, PVGCOLOR::PVGPixelFormat, unsigned char**, unsigned int*)",0x000304bc,"PVGCOLOR::PVGImageConvert::convertRGBA8888ToFormat(unsigned char const*, unsigned int, PVGCOLOR::PVGPixelFormat, unsigned char**, unsigned int*)+0x494",BRANCH
0x00030284,"PVGCOLOR::PVGImageConvert::convertRGBA8888ToFormat(unsigned char const*, unsigned int, PVGCOLOR::PVGPixelFormat, unsigned char**, unsigned int*)",0x00030504,"PVGCOLOR::PVGImageConvert::convertRGBA8888ToFormat(unsigned char const*, unsigned int, PVGCOLOR::PVGPixelFormat, unsigned char**, unsigned int*)+0x4dc",BRANCH
0x00030298,"PVGCOLOR::PVGImageConvert::convertRGBA8888ToFormat(unsigned char const*, unsigned int, PVGCOLOR::PVGPixelFormat, unsigned char**, unsigned int*)",0x00030574,"PVGCOLOR::PVGImageConvert::convertRGBA8888ToFormat(unsigned char const*, unsigned int, PVGCOLOR::PVGPixelFormat, unsigned char**, unsigned int*)+0x54c",BRANCH
0x000302a0,"PVGCOLOR::PVGImageConvert::convertRGBA8888ToFormat(unsigned char const*, unsigned int, PVGCOLOR::PVGPixelFormat, unsigned char**, unsigned int*)",0x00030688,"PVGCOLOR::PVGImageConvert::convertRGBA8888ToFormat(unsigned char const*, unsigned int, PVGCOLOR::PVGPixelFormat, unsigned char**, unsigned int*)+0x660",BRANCH
0x000302e0,"PVGCOLOR::PVGImageConvert::convertRGBA8888ToFormat(unsigned char const*, unsigned int, PVGCOLOR::PVGPixelFormat, unsigned char**, unsigned int*)",0x000302c0,"PVGCOLOR::PVGImageConvert::convertRGBA8888ToFormat(unsigned char const*, unsigned int, PVGCOLOR::PVGPixelFormat, unsigned char**, unsigned int*)+0x298",BRANCH
0x000302e8,"PVGCOLOR::PVGImageConvert::convertRGBA8888ToFormat(unsigned char const*, unsigned int, PVGCOLOR::PVGPixelFormat, unsigned char**, unsigned int*)",0x000302f8,"PVGCOLOR::PVGImageConvert::convertRGBA8888ToFormat(unsigned char const*, unsigned int, PVGCOLOR::PVGPixelFormat, unsigned char**, unsigned int*)+0x2d0",BRANCH
0x000302f4,"PVGCOLOR::PVGImageConvert::convertRGBA8888ToFormat(unsigned char const*, unsigned int, PVGCOLOR::PVGPixelFormat, unsigned char**, unsigned int*)",0x00030338,"PVGCOLOR::PVGImageConvert::convertRGBA8888ToFormat(unsigned char const*, unsigned int, PVGCOLOR::PVGPixelFormat, unsigned char**, unsigned int*)+0x310",BRANCH
0x00030334,"PVGCOLOR::PVGImageConvert::convertRGBA8888ToFormat(unsigned char const*, unsigned int, PVGCOLOR::PVGPixelFormat, unsigned char**, unsigned int*)",0x00030328,"PVGCOLOR::PVGImageConvert::convertRGBA8888ToFormat(unsigned char const*, unsigned int, PVGCOLOR::PVGPixelFormat, unsigned char**, unsigned int*)+0x300",BRANCH
0x0003034c,"PVGCOLOR::PVGImageConvert::convertRGBA8888ToFormat(unsigned char const*, unsigned int, PVGCOLOR::PVGPixelFormat, unsigned char**, unsigned int*)",0x0003033c,"PVGCOLOR::PVGImageConvert::convertRGBA8888ToFormat(unsigned char const*, unsigned int, PVGCOLOR::PVGPixelFormat, unsigned char**, unsigned int*)+0x314",BRANCH
0x00030350,"PVGCOLOR::PVGImageConvert::convertRGBA8888ToFormat(unsigned char const*, unsigned int, PVGCOLOR::PVGPixelFormat, unsigned char**, unsigned int*)",0x00030798,"PVGCOLOR::PVGImageConvert::convertRGBA8888ToFormat(unsigned char const*, unsigned int, PVGCOLOR::PVGPixelFormat, unsigned char**, unsigned int*)+0x770",BRANCH
0x00030380,"PVGCOLOR::PVGImageConvert::convertRGBA8888ToFormat(unsigned char const*, unsigned int, PVGCOLOR::PVGPixelFormat, unsigned char**, unsigned int*)",N/A,"x11, 0xd000",ADRP_PAGE_REF
0x00030440,"PVGCOLOR::PVGImageConvert::convertRGBA8888ToFormat(unsigned char const*, unsigned int, PVGCOLOR::PVGPixelFormat, unsigned char**, unsigned int*)",0x00030398,"PVGCOLOR::PVGImageConvert::convertRGBA8888ToFormat(unsigned char const*, unsigned int, PVGCOLOR::PVGPixelFormat, unsigned char**, unsigned int*)+0x370",BRANCH
0x00030448,"PVGCOLOR::PVGImageConvert::convertRGBA8888ToFormat(unsigned char const*, unsigned int, PVGCOLOR::PVGPixelFormat, unsigned char**, unsigned int*)",0x00030798,"PVGCOLOR::PVGImageConvert::convertRGBA8888ToFormat(unsigned char const*, unsigned int, PVGCOLOR::PVGPixelFormat, unsigned char**, unsigned int*)+0x770",BRANCH
0x000304b4,"PVGCOLOR::PVGImageConvert::convertRGBA8888ToFormat(unsigned char const*, unsigned int, PVGCOLOR::PVGPixelFormat, unsigned char**, unsigned int*)",0x00030470,"PVGCOLOR::PVGImageConvert::convertRGBA8888ToFormat(unsigned char const*, unsigned int, PVGCOLOR::PVGPixelFormat, unsigned char**, unsigned int*)+0x448",BRANCH
0x000304b8,"PVGCOLOR::PVGImageConvert::convertRGBA8888ToFormat(unsigned char const*, unsigned int, PVGCOLOR::PVGPixelFormat, unsigned char**, unsigned int*)",0x00030798,"PVGCOLOR::PVGImageConvert::convertRGBA8888ToFormat(unsigned char const*, unsigned int, PVGCOLOR::PVGPixelFormat, unsigned char**, unsigned int*)+0x770",BRANCH
0x000304e8,"PVGCOLOR::PVGImageConvert::convertRGBA8888ToFormat(unsigned char const*, unsigned int, PVGCOLOR::PVGPixelFormat, unsigned char**, unsigned int*)",0x000304d8,"PVGCOLOR::PVGImageConvert::convertRGBA8888ToFormat(unsigned char const*, unsigned int, PVGCOLOR::PVGPixelFormat, unsigned char**, unsigned int*)+0x4b0",BRANCH
0x000304f0,"PVGCOLOR::PVGImageConvert::convertRGBA8888ToFormat(unsigned char const*, unsigned int, PVGCOLOR::PVGPixelFormat, unsigned char**, unsigned int*)",0x00030504,"PVGCOLOR::PVGImageConvert::convertRGBA8888ToFormat(unsigned char const*, unsigned int, PVGCOLOR::PVGPixelFormat, unsigned char**, unsigned int*)+0x4dc",BRANCH
0x00030500,"PVGCOLOR::PVGImageConvert::convertRGBA8888ToFormat(unsigned char const*, unsigned int, PVGCOLOR::PVGPixelFormat, unsigned char**, unsigned int*)",0x0003054c,"PVGCOLOR::PVGImageConvert::convertRGBA8888ToFormat(unsigned char const*, unsigned int, PVGCOLOR::PVGPixelFormat, unsigned char**, unsigned int*)+0x524",BRANCH
0x00030544,"PVGCOLOR::PVGImageConvert::convertRGBA8888ToFormat(unsigned char const*, unsigned int, PVGCOLOR::PVGPixelFormat, unsigned char**, unsigned int*)",0x00030538,"PVGCOLOR::PVGImageConvert::convertRGBA8888ToFormat(unsigned char const*, unsigned int, PVGCOLOR::PVGPixelFormat, unsigned char**, unsigned int*)+0x510",BRANCH
0x0003056c,"PVGCOLOR::PVGImageConvert::convertRGBA8888ToFormat(unsigned char const*, unsigned int, PVGCOLOR::PVGPixelFormat, unsigned char**, unsigned int*)",0x0003054c,"PVGCOLOR::PVGImageConvert::convertRGBA8888ToFormat(unsigned char const*, unsigned int, PVGCOLOR::PVGPixelFormat, unsigned char**, unsigned int*)+0x524",BRANCH
0x00030570,"PVGCOLOR::PVGImageConvert::convertRGBA8888ToFormat(unsigned char const*, unsigned int, PVGCOLOR::PVGPixelFormat, unsigned char**, unsigned int*)",0x00030798,"PVGCOLOR::PVGImageConvert::convertRGBA8888ToFormat(unsigned char const*, unsigned int, PVGCOLOR::PVGPixelFormat, unsigned char**, unsigned int*)+0x770",BRANCH
0x000305ac,"PVGCOLOR::PVGImageConvert::convertRGBA8888ToFormat(unsigned char const*, unsigned int, PVGCOLOR::PVGPixelFormat, unsigned char**, unsigned int*)",N/A,"x13, 0xd000",ADRP_PAGE_REF
0x00030670,"PVGCOLOR::PVGImageConvert::convertRGBA8888ToFormat(unsigned char const*, unsigned int, PVGCOLOR::PVGPixelFormat, unsigned char**, unsigned int*)",0x000305c4,"PVGCOLOR::PVGImageConvert::convertRGBA8888ToFormat(unsigned char const*, unsigned int, PVGCOLOR::PVGPixelFormat, unsigned char**, unsigned int*)+0x59c",BRANCH
0x00030678,"PVGCOLOR::PVGImageConvert::convertRGBA8888ToFormat(unsigned char const*, unsigned int, PVGCOLOR::PVGPixelFormat, unsigned char**, unsigned int*)",0x00030688,"PVGCOLOR::PVGImageConvert::convertRGBA8888ToFormat(unsigned char const*, unsigned int, PVGCOLOR::PVGPixelFormat, unsigned char**, unsigned int*)+0x660",BRANCH
0x00030684,"PVGCOLOR::PVGImageConvert::convertRGBA8888ToFormat(unsigned char const*, unsigned int, PVGCOLOR::PVGPixelFormat, unsigned char**, unsigned int*)",0x0003074c,"PVGCOLOR::PVGImageConvert::convertRGBA8888ToFormat(unsigned char const*, unsigned int, PVGCOLOR::PVGPixelFormat, unsigned char**, unsigned int*)+0x724",BRANCH
0x000306c8,"PVGCOLOR::PVGImageConvert::convertRGBA8888ToFormat(unsigned char const*, unsigned int, PVGCOLOR::PVGPixelFormat, unsigned char**, unsigned int*)",N/A,"x12, 0xd000",ADRP_PAGE_REF
0x00030744,"PVGCOLOR::PVGImageConvert::convertRGBA8888ToFormat(unsigned char const*, unsigned int, PVGCOLOR::PVGPixelFormat, unsigned char**, unsigned int*)",0x000306e8,"PVGCOLOR::PVGImageConvert::convertRGBA8888ToFormat(unsigned char const*, unsigned int, PVGCOLOR::PVGPixelFormat, unsigned char**, unsigned int*)+0x6c0",BRANCH
0x00030794,"PVGCOLOR::PVGImageConvert::convertRGBA8888ToFormat(unsigned char const*, unsigned int, PVGCOLOR::PVGPixelFormat, unsigned char**, unsigned int*)",0x00030760,"PVGCOLOR::PVGImageConvert::convertRGBA8888ToFormat(unsigned char const*, unsigned int, PVGCOLOR::PVGPixelFormat, unsigned char**, unsigned int*)+0x738",BRANCH
0x000307b8,"PVGCOLOR::PVGImageConvert::convertI8ToRGBA8888(unsigned char const*, unsigned int, unsigned char*)",0x000307d4,"PVGCOLOR::PVGImageConvert::convertI8ToRGBA8888(unsigned char const*, unsigned int, unsigned char*)+0x28",BRANCH
0x000307c4,"PVGCOLOR::PVGImageConvert::convertI8ToRGBA8888(unsigned char const*, unsigned int, unsigned char*)",0x00030814,"PVGCOLOR::PVGImageConvert::convertI8ToRGBA8888(unsigned char const*, unsigned int, unsigned char*)+0x68",BRANCH
0x000307d0,"PVGCOLOR::PVGImageConvert::convertI8ToRGBA8888(unsigned char const*, unsigned int, unsigned char*)",0x00030814,"PVGCOLOR::PVGImageConvert::convertI8ToRGBA8888(unsigned char const*, unsigned int, unsigned char*)+0x68",BRANCH
0x0003080c,"PVGCOLOR::PVGImageConvert::convertI8ToRGBA8888(unsigned char const*, unsigned int, unsigned char*)",0x000307e8,"PVGCOLOR::PVGImageConvert::convertI8ToRGBA8888(unsigned char const*, unsigned int, unsigned char*)+0x3c",BRANCH
0x00030818,"PVGCOLOR::PVGImageConvert::convertI8ToRGBA8888(unsigned char const*, unsigned int, unsigned char*)",0x00030824,"PVGCOLOR::PVGImageConvert::convertI8ToRGBA8888(unsigned char const*, unsigned int, unsigned char*)+0x78",BRANCH
0x00030820,"PVGCOLOR::PVGImageConvert::convertI8ToRGBA8888(unsigned char const*, unsigned int, unsigned char*)",0x0003087c,"PVGCOLOR::PVGImageConvert::convertI8ToRGBA8888(unsigned char const*, unsigned int, unsigned char*)+0xd0",BRANCH
0x00030868,"PVGCOLOR::PVGImageConvert::convertI8ToRGBA8888(unsigned char const*, unsigned int, unsigned char*)",0x00030838,"PVGCOLOR::PVGImageConvert::convertI8ToRGBA8888(unsigned char const*, unsigned int, unsigned char*)+0x8c",BRANCH
0x00030870,"PVGCOLOR::PVGImageConvert::convertI8ToRGBA8888(unsigned char const*, unsigned int, unsigned char*)",0x00030810,"PVGCOLOR::PVGImageConvert::convertI8ToRGBA8888(unsigned char const*, unsigned int, unsigned char*)+0x64",BRANCH
0x00030878,"PVGCOLOR::PVGImageConvert::convertI8ToRGBA8888(unsigned char const*, unsigned int, unsigned char*)",0x000308bc,"PVGCOLOR::PVGImageConvert::convertI8ToRGBA8888(unsigned char const*, unsigned int, unsigned char*)+0x110",BRANCH
0x000308ac,"PVGCOLOR::PVGImageConvert::convertI8ToRGBA8888(unsigned char const*, unsigned int, unsigned char*)",0x00030898,"PVGCOLOR::PVGImageConvert::convertI8ToRGBA8888(unsigned char const*, unsigned int, unsigned char*)+0xec",BRANCH
0x000308b4,"PVGCOLOR::PVGImageConvert::convertI8ToRGBA8888(unsigned char const*, unsigned int, unsigned char*)",0x000307dc,"PVGCOLOR::PVGImageConvert::convertI8ToRGBA8888(unsigned char const*, unsigned int, unsigned char*)+0x30",BRANCH
0x000308b8,"PVGCOLOR::PVGImageConvert::convertI8ToRGBA8888(unsigned char const*, unsigned int, unsigned char*)",0x00030810,"PVGCOLOR::PVGImageConvert::convertI8ToRGBA8888(unsigned char const*, unsigned int, unsigned char*)+0x64",BRANCH
0x000308c0,"PVGCOLOR::PVGImageConvert::convertI8ToRGBA8888(unsigned char const*, unsigned int, unsigned char*)",0x000307dc,"PVGCOLOR::PVGImageConvert::convertI8ToRGBA8888(unsigned char const*, unsigned int, unsigned char*)+0x30",BRANCH
0x000308d0,"PVGCOLOR::PVGImageConvert::convertI8ToRGB888(unsigned char const*, unsigned int, unsigned char*)",0x000308f0,"PVGCOLOR::PVGImageConvert::convertI8ToRGB888(unsigned char const*, unsigned int, unsigned char*)+0x2c",BRANCH
0x000308dc,"PVGCOLOR::PVGImageConvert::convertI8ToRGB888(unsigned char const*, unsigned int, unsigned char*)",0x00030928,"PVGCOLOR::PVGImageConvert::convertI8ToRGB888(unsigned char const*, unsigned int, unsigned char*)+0x64",BRANCH
0x000308ec,"PVGCOLOR::PVGImageConvert::convertI8ToRGB888(unsigned char const*, unsigned int, unsigned char*)",0x00030928,"PVGCOLOR::PVGImageConvert::convertI8ToRGB888(unsigned char const*, unsigned int, unsigned char*)+0x64",BRANCH
0x00030920,"PVGCOLOR::PVGImageConvert::convertI8ToRGB888(unsigned char const*, unsigned int, unsigned char*)",0x00030900,"PVGCOLOR::PVGImageConvert::convertI8ToRGB888(unsigned char const*, unsigned int, unsigned char*)+0x3c",BRANCH
0x0003092c,"PVGCOLOR::PVGImageConvert::convertI8ToRGB888(unsigned char const*, unsigned int, unsigned char*)",0x00030938,"PVGCOLOR::PVGImageConvert::convertI8ToRGB888(unsigned char const*, unsigned int, unsigned char*)+0x74",BRANCH
0x00030934,"PVGCOLOR::PVGImageConvert::convertI8ToRGB888(unsigned char const*, unsigned int, unsigned char*)",0x00030988,"PVGCOLOR::PVGImageConvert::convertI8ToRGB888(unsigned char const*, unsigned int, unsigned char*)+0xc4",BRANCH
0x00030974,"PVGCOLOR::PVGImageConvert::convertI8ToRGB888(unsigned char const*, unsigned int, unsigned char*)",0x00030948,"PVGCOLOR::PVGImageConvert::convertI8ToRGB888(unsigned char const*, unsigned int, unsigned char*)+0x84",BRANCH
0x0003097c,"PVGCOLOR::PVGImageConvert::convertI8ToRGB888(unsigned char const*, unsigned int, unsigned char*)",0x00030924,"PVGCOLOR::PVGImageConvert::convertI8ToRGB888(unsigned char const*, unsigned int, unsigned char*)+0x60",BRANCH
0x00030984,"PVGCOLOR::PVGImageConvert::convertI8ToRGB888(unsigned char const*, unsigned int, unsigned char*)",0x000309cc,"PVGCOLOR::PVGImageConvert::convertI8ToRGB888(unsigned char const*, unsigned int, unsigned char*)+0x108",BRANCH
0x000309bc,"PVGCOLOR::PVGImageConvert::convertI8ToRGB888(unsigned char const*, unsigned int, unsigned char*)",0x000309a8,"PVGCOLOR::PVGImageConvert::convertI8ToRGB888(unsigned char const*, unsigned int, unsigned char*)+0xe4",BRANCH
0x000309c4,"PVGCOLOR::PVGImageConvert::convertI8ToRGB888(unsigned char const*, unsigned int, unsigned char*)",0x000308f8,"PVGCOLOR::PVGImageConvert::convertI8ToRGB888(unsigned char const*, unsigned int, unsigned char*)+0x34",BRANCH
0x000309c8,"PVGCOLOR::PVGImageConvert::convertI8ToRGB888(unsigned char const*, unsigned int, unsigned char*)",0x00030924,"PVGCOLOR::PVGImageConvert::convertI8ToRGB888(unsigned char const*, unsigned int, unsigned char*)+0x60",BRANCH
0x000309d4,"PVGCOLOR::PVGImageConvert::convertI8ToRGB888(unsigned char const*, unsigned int, unsigned char*)",0x000308f8,"PVGCOLOR::PVGImageConvert::convertI8ToRGB888(unsigned char const*, unsigned int, unsigned char*)+0x34",BRANCH
0x000309e4,"PVGCOLOR::PVGImageConvert::convertI8ToAI88(unsigned char const*, unsigned int, unsigned char*)",0x00030a00,"PVGCOLOR::PVGImageConvert::convertI8ToAI88(unsigned char const*, unsigned int, unsigned char*)+0x28",BRANCH
0x000309f0,"PVGCOLOR::PVGImageConvert::convertI8ToAI88(unsigned char const*, unsigned int, unsigned char*)",0x00030a28,"PVGCOLOR::PVGImageConvert::convertI8ToAI88(unsigned char const*, unsigned int, unsigned char*)+0x50",BRANCH
0x000309fc,"PVGCOLOR::PVGImageConvert::convertI8ToAI88(unsigned char const*, unsigned int, unsigned char*)",0x00030a28,"PVGCOLOR::PVGImageConvert::convertI8ToAI88(unsigned char const*, unsigned int, unsigned char*)+0x50",BRANCH
0x00030a20,"PVGCOLOR::PVGImageConvert::convertI8ToAI88(unsigned char const*, unsigned int, unsigned char*)",0x00030a10,"PVGCOLOR::PVGImageConvert::convertI8ToAI88(unsigned char const*, unsigned int, unsigned char*)+0x38",BRANCH
0x00030a2c,"PVGCOLOR::PVGImageConvert::convertI8ToAI88(unsigned char const*, unsigned int, unsigned char*)",0x00030a38,"PVGCOLOR::PVGImageConvert::convertI8ToAI88(unsigned char const*, unsigned int, unsigned char*)+0x60",BRANCH
0x00030a34,"PVGCOLOR::PVGImageConvert::convertI8ToAI88(unsigned char const*, unsigned int, unsigned char*)",0x00030a90,"PVGCOLOR::PVGImageConvert::convertI8ToAI88(unsigned char const*, unsigned int, unsigned char*)+0xb8",BRANCH
0x00030a7c,"PVGCOLOR::PVGImageConvert::convertI8ToAI88(unsigned char const*, unsigned int, unsigned char*)",0x00030a48,"PVGCOLOR::PVGImageConvert::convertI8ToAI88(unsigned char const*, unsigned int, unsigned char*)+0x70",BRANCH
0x00030a84,"PVGCOLOR::PVGImageConvert::convertI8ToAI88(unsigned char const*, unsigned int, unsigned char*)",0x00030a24,"PVGCOLOR::PVGImageConvert::convertI8ToAI88(unsigned char const*, unsigned int, unsigned char*)+0x4c",BRANCH
0x00030a8c,"PVGCOLOR::PVGImageConvert::convertI8ToAI88(unsigned char const*, unsigned int, unsigned char*)",0x00030acc,"PVGCOLOR::PVGImageConvert::convertI8ToAI88(unsigned char const*, unsigned int, unsigned char*)+0xf4",BRANCH
0x00030abc,"PVGCOLOR::PVGImageConvert::convertI8ToAI88(unsigned char const*, unsigned int, unsigned char*)",0x00030aa8,"PVGCOLOR::PVGImageConvert::convertI8ToAI88(unsigned char const*, unsigned int, unsigned char*)+0xd0",BRANCH
0x00030ac4,"PVGCOLOR::PVGImageConvert::convertI8ToAI88(unsigned char const*, unsigned int, unsigned char*)",0x00030a08,"PVGCOLOR::PVGImageConvert::convertI8ToAI88(unsigned char const*, unsigned int, unsigned char*)+0x30",BRANCH
0x00030ac8,"PVGCOLOR::PVGImageConvert::convertI8ToAI88(unsigned char const*, unsigned int, unsigned char*)",0x00030a24,"PVGCOLOR::PVGImageConvert::convertI8ToAI88(unsigned char const*, unsigned int, unsigned char*)+0x4c",BRANCH
0x00030ad0,"PVGCOLOR::PVGImageConvert::convertI8ToAI88(unsigned char const*, unsigned int, unsigned char*)",0x00030a08,"PVGCOLOR::PVGImageConvert::convertI8ToAI88(unsigned char const*, unsigned int, unsigned char*)+0x30",BRANCH
0x00030ad8,"PVGCOLOR::PVGImageConvert::convertAI88ToRGBA8888(unsigned char const*, unsigned int, unsigned char*)",0x00030bfc,"PVGCOLOR::PVGImageConvert::convertAI88ToRGBA8888(unsigned char const*, unsigned int, unsigned char*)+0x128",BRANCH
0x00030ae0,"PVGCOLOR::PVGImageConvert::convertAI88ToRGBA8888(unsigned char const*, unsigned int, unsigned char*)",0x00030aec,"PVGCOLOR::PVGImageConvert::convertAI88ToRGBA8888(unsigned char const*, unsigned int, unsigned char*)+0x18",BRANCH
0x00030ae8,"PVGCOLOR::PVGImageConvert::convertAI88ToRGBA8888(unsigned char const*, unsigned int, unsigned char*)",0x00030bc8,"PVGCOLOR::PVGImageConvert::convertAI88ToRGBA8888(unsigned char const*, unsigned int, unsigned char*)+0xf4",BRANCH
0x00030b04,"PVGCOLOR::PVGImageConvert::convertAI88ToRGBA8888(unsigned char const*, unsigned int, unsigned char*)",0x00030b20,"PVGCOLOR::PVGImageConvert::convertAI88ToRGBA8888(unsigned char const*, unsigned int, unsigned char*)+0x4c",BRANCH
0x00030b14,"PVGCOLOR::PVGImageConvert::convertAI88ToRGBA8888(unsigned char const*, unsigned int, unsigned char*)",0x00030b20,"PVGCOLOR::PVGImageConvert::convertAI88ToRGBA8888(unsigned char const*, unsigned int, unsigned char*)+0x4c",BRANCH
0x00030b1c,"PVGCOLOR::PVGImageConvert::convertAI88ToRGBA8888(unsigned char const*, unsigned int, unsigned char*)",0x00030bc8,"PVGCOLOR::PVGImageConvert::convertAI88ToRGBA8888(unsigned char const*, unsigned int, unsigned char*)+0xf4",BRANCH
0x00030b28,"PVGCOLOR::PVGImageConvert::convertAI88ToRGBA8888(unsigned char const*, unsigned int, unsigned char*)",0x00030b34,"PVGCOLOR::PVGImageConvert::convertAI88ToRGBA8888(unsigned char const*, unsigned int, unsigned char*)+0x60",BRANCH
0x00030b30,"PVGCOLOR::PVGImageConvert::convertAI88ToRGBA8888(unsigned char const*, unsigned int, unsigned char*)",0x00030b80,"PVGCOLOR::PVGImageConvert::convertAI88ToRGBA8888(unsigned char const*, unsigned int, unsigned char*)+0xac",BRANCH
0x00030b68,"PVGCOLOR::PVGImageConvert::convertAI88ToRGBA8888(unsigned char const*, unsigned int, unsigned char*)",0x00030b50,"PVGCOLOR::PVGImageConvert::convertAI88ToRGBA8888(unsigned char const*, unsigned int, unsigned char*)+0x7c",BRANCH
0x00030b70,"PVGCOLOR::PVGImageConvert::convertAI88ToRGBA8888(unsigned char const*, unsigned int, unsigned char*)",0x00030b80,"PVGCOLOR::PVGImageConvert::convertAI88ToRGBA8888(unsigned char const*, unsigned int, unsigned char*)+0xac",BRANCH
0x00030b7c,"PVGCOLOR::PVGImageConvert::convertAI88ToRGBA8888(unsigned char const*, unsigned int, unsigned char*)",0x00030bc8,"PVGCOLOR::PVGImageConvert::convertAI88ToRGBA8888(unsigned char const*, unsigned int, unsigned char*)+0xf4",BRANCH
0x00030bc0,"PVGCOLOR::PVGImageConvert::convertAI88ToRGBA8888(unsigned char const*, unsigned int, unsigned char*)",0x00030bac,"PVGCOLOR::PVGImageConvert::convertAI88ToRGBA8888(unsigned char const*, unsigned int, unsigned char*)+0xd8",BRANCH
0x00030bf8,"PVGCOLOR::PVGImageConvert::convertAI88ToRGBA8888(unsigned char const*, unsigned int, unsigned char*)",0x00030bc8,"PVGCOLOR::PVGImageConvert::convertAI88ToRGBA8888(unsigned char const*, unsigned int, unsigned char*)+0xf4",BRANCH
0x00030c04,"PVGCOLOR::PVGImageConvert::convertAI88ToRGB888(unsigned char const*, unsigned int, unsigned char*)",0x00030d48,"PVGCOLOR::PVGImageConvert::convertAI88ToRGB888(unsigned char const*, unsigned int, unsigned char*)+0x148",BRANCH
0x00030c0c,"PVGCOLOR::PVGImageConvert::convertAI88ToRGB888(unsigned char const*, unsigned int, unsigned char*)",0x00030c18,"PVGCOLOR::PVGImageConvert::convertAI88ToRGB888(unsigned char const*, unsigned int, unsigned char*)+0x18",BRANCH
0x00030c14,"PVGCOLOR::PVGImageConvert::convertAI88ToRGB888(unsigned char const*, unsigned int, unsigned char*)",0x00030d20,"PVGCOLOR::PVGImageConvert::convertAI88ToRGB888(unsigned char const*, unsigned int, unsigned char*)+0x120",BRANCH
0x00030c2c,"PVGCOLOR::PVGImageConvert::convertAI88ToRGB888(unsigned char const*, unsigned int, unsigned char*)",0x00030c4c,"PVGCOLOR::PVGImageConvert::convertAI88ToRGB888(unsigned char const*, unsigned int, unsigned char*)+0x4c",BRANCH
0x00030c40,"PVGCOLOR::PVGImageConvert::convertAI88ToRGB888(unsigned char const*, unsigned int, unsigned char*)",0x00030c4c,"PVGCOLOR::PVGImageConvert::convertAI88ToRGB888(unsigned char const*, unsigned int, unsigned char*)+0x4c",BRANCH
0x00030c48,"PVGCOLOR::PVGImageConvert::convertAI88ToRGB888(unsigned char const*, unsigned int, unsigned char*)",0x00030d20,"PVGCOLOR::PVGImageConvert::convertAI88ToRGB888(unsigned char const*, unsigned int, unsigned char*)+0x120",BRANCH
0x00030c54,"PVGCOLOR::PVGImageConvert::convertAI88ToRGB888(unsigned char const*, unsigned int, unsigned char*)",0x00030c60,"PVGCOLOR::PVGImageConvert::convertAI88ToRGB888(unsigned char const*, unsigned int, unsigned char*)+0x60",BRANCH
0x00030c5c,"PVGCOLOR::PVGImageConvert::convertAI88ToRGB888(unsigned char const*, unsigned int, unsigned char*)",0x00030cd0,"PVGCOLOR::PVGImageConvert::convertAI88ToRGB888(unsigned char const*, unsigned int, unsigned char*)+0xd0",BRANCH
0x00030cb4,"PVGCOLOR::PVGImageConvert::convertAI88ToRGB888(unsigned char const*, unsigned int, unsigned char*)",0x00030c7c,"PVGCOLOR::PVGImageConvert::convertAI88ToRGB888(unsigned char const*, unsigned int, unsigned char*)+0x7c",BRANCH
0x00030cbc,"PVGCOLOR::PVGImageConvert::convertAI88ToRGB888(unsigned char const*, unsigned int, unsigned char*)",0x00030cd0,"PVGCOLOR::PVGImageConvert::convertAI88ToRGB888(unsigned char const*, unsigned int, unsigned char*)+0xd0",BRANCH
0x00030ccc,"PVGCOLOR::PVGImageConvert::convertAI88ToRGB888(unsigned char const*, unsigned int, unsigned char*)",0x00030d20,"PVGCOLOR::PVGImageConvert::convertAI88ToRGB888(unsigned char const*, unsigned int, unsigned char*)+0x120",BRANCH
0x00030d1c,"PVGCOLOR::PVGImageConvert::convertAI88ToRGB888(unsigned char const*, unsigned int, unsigned char*)",0x00030d08,"PVGCOLOR::PVGImageConvert::convertAI88ToRGB888(unsigned char const*, unsigned int, unsigned char*)+0x108",BRANCH
0x00030d44,"PVGCOLOR::PVGImageConvert::convertAI88ToRGB888(unsigned char const*, unsigned int, unsigned char*)",0x00030d20,"PVGCOLOR::PVGImageConvert::convertAI88ToRGB888(unsigned char const*, unsigned int, unsigned char*)+0x120",BRANCH
0x00030d50,"PVGCOLOR::PVGImageConvert::convertAI88ToI8(unsigned char const*, unsigned int, unsigned char*)",0x00030e50,"PVGCOLOR::PVGImageConvert::convertAI88ToI8(unsigned char const*, unsigned int, unsigned char*)+0x104",BRANCH
0x00030d58,"PVGCOLOR::PVGImageConvert::convertAI88ToI8(unsigned char const*, unsigned int, unsigned char*)",0x00030d64,"PVGCOLOR::PVGImageConvert::convertAI88ToI8(unsigned char const*, unsigned int, unsigned char*)+0x18",BRANCH
0x00030d60,"PVGCOLOR::PVGImageConvert::convertAI88ToI8(unsigned char const*, unsigned int, unsigned char*)",0x00030e3c,"PVGCOLOR::PVGImageConvert::convertAI88ToI8(unsigned char const*, unsigned int, unsigned char*)+0xf0",BRANCH
0x00030d74,"PVGCOLOR::PVGImageConvert::convertAI88ToI8(unsigned char const*, unsigned int, unsigned char*)",0x00030d90,"PVGCOLOR::PVGImageConvert::convertAI88ToI8(unsigned char const*, unsigned int, unsigned char*)+0x44",BRANCH
0x00030d84,"PVGCOLOR::PVGImageConvert::convertAI88ToI8(unsigned char const*, unsigned int, unsigned char*)",0x00030d90,"PVGCOLOR::PVGImageConvert::convertAI88ToI8(unsigned char const*, unsigned int, unsigned char*)+0x44",BRANCH
0x00030d8c,"PVGCOLOR::PVGImageConvert::convertAI88ToI8(unsigned char const*, unsigned int, unsigned char*)",0x00030e3c,"PVGCOLOR::PVGImageConvert::convertAI88ToI8(unsigned char const*, unsigned int, unsigned char*)+0xf0",BRANCH
0x00030d9c,"PVGCOLOR::PVGImageConvert::convertAI88ToI8(unsigned char const*, unsigned int, unsigned char*)",0x00030da8,"PVGCOLOR::PVGImageConvert::convertAI88ToI8(unsigned char const*, unsigned int, unsigned char*)+0x5c",BRANCH
0x00030da4,"PVGCOLOR::PVGImageConvert::convertAI88ToI8(unsigned char const*, unsigned int, unsigned char*)",0x00030dfc,"PVGCOLOR::PVGImageConvert::convertAI88ToI8(unsigned char const*, unsigned int, unsigned char*)+0xb0",BRANCH
0x00030de4,"PVGCOLOR::PVGImageConvert::convertAI88ToI8(unsigned char const*, unsigned int, unsigned char*)",0x00030dc4,"PVGCOLOR::PVGImageConvert::convertAI88ToI8(unsigned char const*, unsigned int, unsigned char*)+0x78",BRANCH
0x00030dec,"PVGCOLOR::PVGImageConvert::convertAI88ToI8(unsigned char const*, unsigned int, unsigned char*)",0x00030dfc,"PVGCOLOR::PVGImageConvert::convertAI88ToI8(unsigned char const*, unsigned int, unsigned char*)+0xb0",BRANCH
0x00030df8,"PVGCOLOR::PVGImageConvert::convertAI88ToI8(unsigned char const*, unsigned int, unsigned char*)",0x00030e3c,"PVGCOLOR::PVGImageConvert::convertAI88ToI8(unsigned char const*, unsigned int, unsigned char*)+0xf0",BRANCH
0x00030e34,"PVGCOLOR::PVGImageConvert::convertAI88ToI8(unsigned char const*, unsigned int, unsigned char*)",0x00030e28,"PVGCOLOR::PVGImageConvert::convertAI88ToI8(unsigned char const*, unsigned int, unsigned char*)+0xdc",BRANCH
0x00030e4c,"PVGCOLOR::PVGImageConvert::convertAI88ToI8(unsigned char const*, unsigned int, unsigned char*)",0x00030e3c,"PVGCOLOR::PVGImageConvert::convertAI88ToI8(unsigned char const*, unsigned int, unsigned char*)+0xf0",BRANCH
0x00030e58,"PVGCOLOR::PVGImageConvert::convertAI88ToA8(unsigned char const*, unsigned int, unsigned char*)",0x00030f68,"PVGCOLOR::PVGImageConvert::convertAI88ToA8(unsigned char const*, unsigned int, unsigned char*)+0x114",BRANCH
0x00030e68,"PVGCOLOR::PVGImageConvert::convertAI88ToA8(unsigned char const*, unsigned int, unsigned char*)",0x00030e74,"PVGCOLOR::PVGImageConvert::convertAI88ToA8(unsigned char const*, unsigned int, unsigned char*)+0x20",BRANCH
0x00030e70,"PVGCOLOR::PVGImageConvert::convertAI88ToA8(unsigned char const*, unsigned int, unsigned char*)",0x00030f54,"PVGCOLOR::PVGImageConvert::convertAI88ToA8(unsigned char const*, unsigned int, unsigned char*)+0x100",BRANCH
0x00030e84,"PVGCOLOR::PVGImageConvert::convertAI88ToA8(unsigned char const*, unsigned int, unsigned char*)",0x00030e9c,"PVGCOLOR::PVGImageConvert::convertAI88ToA8(unsigned char const*, unsigned int, unsigned char*)+0x48",BRANCH
0x00030e90,"PVGCOLOR::PVGImageConvert::convertAI88ToA8(unsigned char const*, unsigned int, unsigned char*)",0x00030e9c,"PVGCOLOR::PVGImageConvert::convertAI88ToA8(unsigned char const*, unsigned int, unsigned char*)+0x48",BRANCH
0x00030e98,"PVGCOLOR::PVGImageConvert::convertAI88ToA8(unsigned char const*, unsigned int, unsigned char*)",0x00030f54,"PVGCOLOR::PVGImageConvert::convertAI88ToA8(unsigned char const*, unsigned int, unsigned char*)+0x100",BRANCH
0x00030ea8,"PVGCOLOR::PVGImageConvert::convertAI88ToA8(unsigned char const*, unsigned int, unsigned char*)",0x00030eb4,"PVGCOLOR::PVGImageConvert::convertAI88ToA8(unsigned char const*, unsigned int, unsigned char*)+0x60",BRANCH
0x00030eb0,"PVGCOLOR::PVGImageConvert::convertAI88ToA8(unsigned char const*, unsigned int, unsigned char*)",0x00030f0c,"PVGCOLOR::PVGImageConvert::convertAI88ToA8(unsigned char const*, unsigned int, unsigned char*)+0xb8",BRANCH
0x00030ef0,"PVGCOLOR::PVGImageConvert::convertAI88ToA8(unsigned char const*, unsigned int, unsigned char*)",0x00030ed0,"PVGCOLOR::PVGImageConvert::convertAI88ToA8(unsigned char const*, unsigned int, unsigned char*)+0x7c",BRANCH
0x00030ef8,"PVGCOLOR::PVGImageConvert::convertAI88ToA8(unsigned char const*, unsigned int, unsigned char*)",0x00030f0c,"PVGCOLOR::PVGImageConvert::convertAI88ToA8(unsigned char const*, unsigned int, unsigned char*)+0xb8",BRANCH
0x00030f08,"PVGCOLOR::PVGImageConvert::convertAI88ToA8(unsigned char const*, unsigned int, unsigned char*)",0x00030f54,"PVGCOLOR::PVGImageConvert::convertAI88ToA8(unsigned char const*, unsigned int, unsigned char*)+0x100",BRANCH
0x00030f4c,"PVGCOLOR::PVGImageConvert::convertAI88ToA8(unsigned char const*, unsigned int, unsigned char*)",0x00030f40,"PVGCOLOR::PVGImageConvert::convertAI88ToA8(unsigned char const*, unsigned int, unsigned char*)+0xec",BRANCH
0x00030f64,"PVGCOLOR::PVGImageConvert::convertAI88ToA8(unsigned char const*, unsigned int, unsigned char*)",0x00030f54,"PVGCOLOR::PVGImageConvert::convertAI88ToA8(unsigned char const*, unsigned int, unsigned char*)+0x100",BRANCH
0x00030f70,"PVGCOLOR::PVGImageConvert::convertRGB888ToRGBA8888(unsigned char const*, unsigned int, unsigned char*)",0x00030fb4,"PVGCOLOR::PVGImageConvert::convertRGB888ToRGBA8888(unsigned char const*, unsigned int, unsigned char*)+0x48",BRANCH
0x00030fb0,"PVGCOLOR::PVGImageConvert::convertRGB888ToRGBA8888(unsigned char const*, unsigned int, unsigned char*)",0x00030f7c,"PVGCOLOR::PVGImageConvert::convertRGB888ToRGBA8888(unsigned char const*, unsigned int, unsigned char*)+0x10",BRANCH
0x00030fbc,"PVGCOLOR::PVGImageConvert::convertRGB888ToI8(unsigned char const*, unsigned int, unsigned char*)",0x00031014,"PVGCOLOR::PVGImageConvert::convertRGB888ToI8(unsigned char const*, unsigned int, unsigned char*)+0x5c",BRANCH
0x00031010,"PVGCOLOR::PVGImageConvert::convertRGB888ToI8(unsigned char const*, unsigned int, unsigned char*)",0x00030fd8,"PVGCOLOR::PVGImageConvert::convertRGB888ToI8(unsigned char const*, unsigned int, unsigned char*)+0x20",BRANCH
0x0003101c,"PVGCOLOR::PVGImageConvert::convertRGB888ToA8(unsigned char const*, unsigned int, unsigned char*)",0x00031074,"PVGCOLOR::PVGImageConvert::convertRGB888ToA8(unsigned char const*, unsigned int, unsigned char*)+0x5c",BRANCH
0x00031070,"PVGCOLOR::PVGImageConvert::convertRGB888ToA8(unsigned char const*, unsigned int, unsigned char*)",0x00031038,"PVGCOLOR::PVGImageConvert::convertRGB888ToA8(unsigned char const*, unsigned int, unsigned char*)+0x20",BRANCH
0x0003107c,"PVGCOLOR::PVGImageConvert::convertRGB888ToAI88(unsigned char const*, unsigned int, unsigned char*)",0x000310e4,"PVGCOLOR::PVGImageConvert::convertRGB888ToAI88(unsigned char const*, unsigned int, unsigned char*)+0x6c",BRANCH
0x000310e0,"PVGCOLOR::PVGImageConvert::convertRGB888ToAI88(unsigned char const*, unsigned int, unsigned char*)",0x0003109c,"PVGCOLOR::PVGImageConvert::convertRGB888ToAI88(unsigned char const*, unsigned int, unsigned char*)+0x24",BRANCH
0x000310ec,"PVGCOLOR::PVGImageConvert::convertRGBA8888ToRGB888(unsigned char const*, unsigned int, unsigned char*)",0x00031208,"PVGCOLOR::PVGImageConvert::convertRGBA8888ToRGB888(unsigned char const*, unsigned int, unsigned char*)+0x120",BRANCH
0x000310f4,"PVGCOLOR::PVGImageConvert::convertRGBA8888ToRGB888(unsigned char const*, unsigned int, unsigned char*)",0x00031100,"PVGCOLOR::PVGImageConvert::convertRGBA8888ToRGB888(unsigned char const*, unsigned int, unsigned char*)+0x18",BRANCH
0x000310fc,"PVGCOLOR::PVGImageConvert::convertRGBA8888ToRGB888(unsigned char const*, unsigned int, unsigned char*)",0x000311d8,"PVGCOLOR::PVGImageConvert::convertRGBA8888ToRGB888(unsigned char const*, unsigned int, unsigned char*)+0xf0",BRANCH
0x00031114,"PVGCOLOR::PVGImageConvert::convertRGBA8888ToRGB888(unsigned char const*, unsigned int, unsigned char*)",0x00031134,"PVGCOLOR::PVGImageConvert::convertRGBA8888ToRGB888(unsigned char const*, unsigned int, unsigned char*)+0x4c",BRANCH
0x00031128,"PVGCOLOR::PVGImageConvert::convertRGBA8888ToRGB888(unsigned char const*, unsigned int, unsigned char*)",0x00031134,"PVGCOLOR::PVGImageConvert::convertRGBA8888ToRGB888(unsigned char const*, unsigned int, unsigned char*)+0x4c",BRANCH
0x00031130,"PVGCOLOR::PVGImageConvert::convertRGBA8888ToRGB888(unsigned char const*, unsigned int, unsigned char*)",0x000311d8,"PVGCOLOR::PVGImageConvert::convertRGBA8888ToRGB888(unsigned char const*, unsigned int, unsigned char*)+0xf0",BRANCH
0x0003113c,"PVGCOLOR::PVGImageConvert::convertRGBA8888ToRGB888(unsigned char const*, unsigned int, unsigned char*)",0x00031148,"PVGCOLOR::PVGImageConvert::convertRGBA8888ToRGB888(unsigned char const*, unsigned int, unsigned char*)+0x60",BRANCH
0x00031144,"PVGCOLOR::PVGImageConvert::convertRGBA8888ToRGB888(unsigned char const*, unsigned int, unsigned char*)",0x00031190,"PVGCOLOR::PVGImageConvert::convertRGBA8888ToRGB888(unsigned char const*, unsigned int, unsigned char*)+0xa8",BRANCH
0x00031174,"PVGCOLOR::PVGImageConvert::convertRGBA8888ToRGB888(unsigned char const*, unsigned int, unsigned char*)",0x00031164,"PVGCOLOR::PVGImageConvert::convertRGBA8888ToRGB888(unsigned char const*, unsigned int, unsigned char*)+0x7c",BRANCH
0x0003117c,"PVGCOLOR::PVGImageConvert::convertRGBA8888ToRGB888(unsigned char const*, unsigned int, unsigned char*)",0x00031190,"PVGCOLOR::PVGImageConvert::convertRGBA8888ToRGB888(unsigned char const*, unsigned int, unsigned char*)+0xa8",BRANCH
0x0003118c,"PVGCOLOR::PVGImageConvert::convertRGBA8888ToRGB888(unsigned char const*, unsigned int, unsigned char*)",0x000311d8,"PVGCOLOR::PVGImageConvert::convertRGBA8888ToRGB888(unsigned char const*, unsigned int, unsigned char*)+0xf0",BRANCH
0x000311d0,"PVGCOLOR::PVGImageConvert::convertRGBA8888ToRGB888(unsigned char const*, unsigned int, unsigned char*)",0x000311c4,"PVGCOLOR::PVGImageConvert::convertRGBA8888ToRGB888(unsigned char const*, unsigned int, unsigned char*)+0xdc",BRANCH
0x00031204,"PVGCOLOR::PVGImageConvert::convertRGBA8888ToRGB888(unsigned char const*, unsigned int, unsigned char*)",0x000311d8,"PVGCOLOR::PVGImageConvert::convertRGBA8888ToRGB888(unsigned char const*, unsigned int, unsigned char*)+0xf0",BRANCH
0x00031210,"PVGCOLOR::PVGImageConvert::convertRGBA8888ToI8(unsigned char const*, unsigned int, unsigned char*)",0x00031290,"PVGCOLOR::PVGImageConvert::convertRGBA8888ToI8(unsigned char const*, unsigned int, unsigned char*)+0x84",BRANCH
0x00031218,"PVGCOLOR::PVGImageConvert::convertRGBA8888ToI8(unsigned char const*, unsigned int, unsigned char*)",0x00031240,"PVGCOLOR::PVGImageConvert::convertRGBA8888ToI8(unsigned char const*, unsigned int, unsigned char*)+0x34",BRANCH
0x0003122c,"PVGCOLOR::PVGImageConvert::convertRGBA8888ToI8(unsigned char const*, unsigned int, unsigned char*)",0x00031294,"PVGCOLOR::PVGImageConvert::convertRGBA8888ToI8(unsigned char const*, unsigned int, unsigned char*)+0x88",BRANCH
0x0003123c,"PVGCOLOR::PVGImageConvert::convertRGBA8888ToI8(unsigned char const*, unsigned int, unsigned char*)",0x00031294,"PVGCOLOR::PVGImageConvert::convertRGBA8888ToI8(unsigned char const*, unsigned int, unsigned char*)+0x88",BRANCH
0x0003128c,"PVGCOLOR::PVGImageConvert::convertRGBA8888ToI8(unsigned char const*, unsigned int, unsigned char*)",0x00031258,"PVGCOLOR::PVGImageConvert::convertRGBA8888ToI8(unsigned char const*, unsigned int, unsigned char*)+0x4c",BRANCH
0x000312a0,"PVGCOLOR::PVGImageConvert::convertRGBA8888ToI8(unsigned char const*, unsigned int, unsigned char*)",0x000312ac,"PVGCOLOR::PVGImageConvert::convertRGBA8888ToI8(unsigned char const*, unsigned int, unsigned char*)+0xa0",BRANCH
0x000312a8,"PVGCOLOR::PVGImageConvert::convertRGBA8888ToI8(unsigned char const*, unsigned int, unsigned char*)",0x000313c0,"PVGCOLOR::PVGImageConvert::convertRGBA8888ToI8(unsigned char const*, unsigned int, unsigned char*)+0x1b4",BRANCH
0x000312e4,"PVGCOLOR::PVGImageConvert::convertRGBA8888ToI8(unsigned char const*, unsigned int, unsigned char*)",N/A,"x13, 0xd000",ADRP_PAGE_REF
0x000313a8,"PVGCOLOR::PVGImageConvert::convertRGBA8888ToI8(unsigned char const*, unsigned int, unsigned char*)",0x000312fc,"PVGCOLOR::PVGImageConvert::convertRGBA8888ToI8(unsigned char const*, unsigned int, unsigned char*)+0xf0",BRANCH
0x000313b0,"PVGCOLOR::PVGImageConvert::convertRGBA8888ToI8(unsigned char const*, unsigned int, unsigned char*)",0x000313c0,"PVGCOLOR::PVGImageConvert::convertRGBA8888ToI8(unsigned char const*, unsigned int, unsigned char*)+0x1b4",BRANCH
0x000313bc,"PVGCOLOR::PVGImageConvert::convertRGBA8888ToI8(unsigned char const*, unsigned int, unsigned char*)",0x00031244,"PVGCOLOR::PVGImageConvert::convertRGBA8888ToI8(unsigned char const*, unsigned int, unsigned char*)+0x38",BRANCH
0x00031400,"PVGCOLOR::PVGImageConvert::convertRGBA8888ToI8(unsigned char const*, unsigned int, unsigned char*)",N/A,"x12, 0xd000",ADRP_PAGE_REF
0x0003147c,"PVGCOLOR::PVGImageConvert::convertRGBA8888ToI8(unsigned char const*, unsigned int, unsigned char*)",0x00031420,"PVGCOLOR::PVGImageConvert::convertRGBA8888ToI8(unsigned char const*, unsigned int, unsigned char*)+0x214",BRANCH
0x00031484,"PVGCOLOR::PVGImageConvert::convertRGBA8888ToI8(unsigned char const*, unsigned int, unsigned char*)",0x00031244,"PVGCOLOR::PVGImageConvert::convertRGBA8888ToI8(unsigned char const*, unsigned int, unsigned char*)+0x38",BRANCH
0x0003148c,"PVGCOLOR::PVGImageConvert::convertRGBA8888ToA8(unsigned char const*, unsigned int, unsigned char*)",0x000314e0,"PVGCOLOR::PVGImageConvert::convertRGBA8888ToA8(unsigned char const*, unsigned int, unsigned char*)+0x58",BRANCH
0x00031494,"PVGCOLOR::PVGImageConvert::convertRGBA8888ToA8(unsigned char const*, unsigned int, unsigned char*)",0x000314c4,"PVGCOLOR::PVGImageConvert::convertRGBA8888ToA8(unsigned char const*, unsigned int, unsigned char*)+0x3c",BRANCH
0x000314ac,"PVGCOLOR::PVGImageConvert::convertRGBA8888ToA8(unsigned char const*, unsigned int, unsigned char*)",0x000314e4,"PVGCOLOR::PVGImageConvert::convertRGBA8888ToA8(unsigned char const*, unsigned int, unsigned char*)+0x5c",BRANCH
0x000314c0,"PVGCOLOR::PVGImageConvert::convertRGBA8888ToA8(unsigned char const*, unsigned int, unsigned char*)",0x000314e4,"PVGCOLOR::PVGImageConvert::convertRGBA8888ToA8(unsigned char const*, unsigned int, unsigned char*)+0x5c",BRANCH
0x000314dc,"PVGCOLOR::PVGImageConvert::convertRGBA8888ToA8(unsigned char const*, unsigned int, unsigned char*)",0x000314cc,"PVGCOLOR::PVGImageConvert::convertRGBA8888ToA8(unsigned char const*, unsigned int, unsigned char*)+0x44",BRANCH
0x000314f0,"PVGCOLOR::PVGImageConvert::convertRGBA8888ToA8(unsigned char const*, unsigned int, unsigned char*)",0x000314fc,"PVGCOLOR::PVGImageConvert::convertRGBA8888ToA8(unsigned char const*, unsigned int, unsigned char*)+0x74",BRANCH
0x000314f8,"PVGCOLOR::PVGImageConvert::convertRGBA8888ToA8(unsigned char const*, unsigned int, unsigned char*)",0x00031550,"PVGCOLOR::PVGImageConvert::convertRGBA8888ToA8(unsigned char const*, unsigned int, unsigned char*)+0xc8",BRANCH
0x00031538,"PVGCOLOR::PVGImageConvert::convertRGBA8888ToA8(unsigned char const*, unsigned int, unsigned char*)",0x00031518,"PVGCOLOR::PVGImageConvert::convertRGBA8888ToA8(unsigned char const*, unsigned int, unsigned char*)+0x90",BRANCH
0x00031540,"PVGCOLOR::PVGImageConvert::convertRGBA8888ToA8(unsigned char const*, unsigned int, unsigned char*)",0x00031550,"PVGCOLOR::PVGImageConvert::convertRGBA8888ToA8(unsigned char const*, unsigned int, unsigned char*)+0xc8",BRANCH
0x0003154c,"PVGCOLOR::PVGImageConvert::convertRGBA8888ToA8(unsigned char const*, unsigned int, unsigned char*)",0x000314c8,"PVGCOLOR::PVGImageConvert::convertRGBA8888ToA8(unsigned char const*, unsigned int, unsigned char*)+0x40",BRANCH
0x0003158c,"PVGCOLOR::PVGImageConvert::convertRGBA8888ToA8(unsigned char const*, unsigned int, unsigned char*)",0x00031580,"PVGCOLOR::PVGImageConvert::convertRGBA8888ToA8(unsigned char const*, unsigned int, unsigned char*)+0xf8",BRANCH
0x00031594,"PVGCOLOR::PVGImageConvert::convertRGBA8888ToA8(unsigned char const*, unsigned int, unsigned char*)",0x000314c8,"PVGCOLOR::PVGImageConvert::convertRGBA8888ToA8(unsigned char const*, unsigned int, unsigned char*)+0x40",BRANCH
0x0003159c,"PVGCOLOR::PVGImageConvert::convertRGBA8888ToAI88(unsigned char const*, unsigned int, unsigned char*)",0x0003163c,"PVGCOLOR::PVGImageConvert::convertRGBA8888ToAI88(unsigned char const*, unsigned int, unsigned char*)+0xa4",BRANCH
0x000315a4,"PVGCOLOR::PVGImageConvert::convertRGBA8888ToAI88(unsigned char const*, unsigned int, unsigned char*)",0x000315d4,"PVGCOLOR::PVGImageConvert::convertRGBA8888ToAI88(unsigned char const*, unsigned int, unsigned char*)+0x3c",BRANCH
0x000315c0,"PVGCOLOR::PVGImageConvert::convertRGBA8888ToAI88(unsigned char const*, unsigned int, unsigned char*)",0x00031640,"PVGCOLOR::PVGImageConvert::convertRGBA8888ToAI88(unsigned char const*, unsigned int, unsigned char*)+0xa8",BRANCH
0x000315d0,"PVGCOLOR::PVGImageConvert::convertRGBA8888ToAI88(unsigned char const*, unsigned int, unsigned char*)",0x00031640,"PVGCOLOR::PVGImageConvert::convertRGBA8888ToAI88(unsigned char const*, unsigned int, unsigned char*)+0xa8",BRANCH
0x00031638,"PVGCOLOR::PVGImageConvert::convertRGBA8888ToAI88(unsigned char const*, unsigned int, unsigned char*)",0x000315f4,"PVGCOLOR::PVGImageConvert::convertRGBA8888ToAI88(unsigned char const*, unsigned int, unsigned char*)+0x5c",BRANCH
0x00031648,"PVGCOLOR::PVGImageConvert::convertRGBA8888ToAI88(unsigned char const*, unsigned int, unsigned char*)",0x00031708,"PVGCOLOR::PVGImageConvert::convertRGBA8888ToAI88(unsigned char const*, unsigned int, unsigned char*)+0x170",BRANCH
0x00031680,"PVGCOLOR::PVGImageConvert::convertRGBA8888ToAI88(unsigned char const*, unsigned int, unsigned char*)",N/A,"x16, 0xd000",ADRP_PAGE_REF
0x000316f8,"PVGCOLOR::PVGImageConvert::convertRGBA8888ToAI88(unsigned char const*, unsigned int, unsigned char*)",0x0003169c,"PVGCOLOR::PVGImageConvert::convertRGBA8888ToAI88(unsigned char const*, unsigned int, unsigned char*)+0x104",BRANCH
0x00031700,"PVGCOLOR::PVGImageConvert::convertRGBA8888ToAI88(unsigned char const*, unsigned int, unsigned char*)",0x000315dc,"PVGCOLOR::PVGImageConvert::convertRGBA8888ToAI88(unsigned char const*, unsigned int, unsigned char*)+0x44",BRANCH
0x00031704,"PVGCOLOR::PVGImageConvert::convertRGBA8888ToAI88(unsigned char const*, unsigned int, unsigned char*)",0x0003163c,"PVGCOLOR::PVGImageConvert::convertRGBA8888ToAI88(unsigned char const*, unsigned int, unsigned char*)+0xa4",BRANCH
0x00031734,"PVGCOLOR::PVGImageConvert::convertRGBA8888ToAI88(unsigned char const*, unsigned int, unsigned char*)",N/A,"x11, 0xd000",ADRP_PAGE_REF
0x000317f4,"PVGCOLOR::PVGImageConvert::convertRGBA8888ToAI88(unsigned char const*, unsigned int, unsigned char*)",0x0003174c,"PVGCOLOR::PVGImageConvert::convertRGBA8888ToAI88(unsigned char const*, unsigned int, unsigned char*)+0x1b4",BRANCH
0x000317fc,"PVGCOLOR::PVGImageConvert::convertRGBA8888ToAI88(unsigned char const*, unsigned int, unsigned char*)",0x0003163c,"PVGCOLOR::PVGImageConvert::convertRGBA8888ToAI88(unsigned char const*, unsigned int, unsigned char*)+0xa4",BRANCH
0x0003180c,"PVGCOLOR::PVGImageConvert::convertRGBA8888ToAI88(unsigned char const*, unsigned int, unsigned char*)",0x000315dc,"PVGCOLOR::PVGImageConvert::convertRGBA8888ToAI88(unsigned char const*, unsigned int, unsigned char*)+0x44",BRANCH
0x00031814,"PVGCOLOR::PVGImageConvert::convertBGRA8888ToI8(unsigned char const*, unsigned int, unsigned char*)",0x00031894,"PVGCOLOR::PVGImageConvert::convertBGRA8888ToI8(unsigned char const*, unsigned int, unsigned char*)+0x84",BRANCH
0x0003181c,"PVGCOLOR::PVGImageConvert::convertBGRA8888ToI8(unsigned char const*, unsigned int, unsigned char*)",0x00031844,"PVGCOLOR::PVGImageConvert::convertBGRA8888ToI8(unsigned char const*, unsigned int, unsigned char*)+0x34",BRANCH
0x00031830,"PVGCOLOR::PVGImageConvert::convertBGRA8888ToI8(unsigned char const*, unsigned int, unsigned char*)",0x00031898,"PVGCOLOR::PVGImageConvert::convertBGRA8888ToI8(unsigned char const*, unsigned int, unsigned char*)+0x88",BRANCH
0x00031840,"PVGCOLOR::PVGImageConvert::convertBGRA8888ToI8(unsigned char const*, unsigned int, unsigned char*)",0x00031898,"PVGCOLOR::PVGImageConvert::convertBGRA8888ToI8(unsigned char const*, unsigned int, unsigned char*)+0x88",BRANCH
0x00031890,"PVGCOLOR::PVGImageConvert::convertBGRA8888ToI8(unsigned char const*, unsigned int, unsigned char*)",0x0003185c,"PVGCOLOR::PVGImageConvert::convertBGRA8888ToI8(unsigned char const*, unsigned int, unsigned char*)+0x4c",BRANCH
0x000318a4,"PVGCOLOR::PVGImageConvert::convertBGRA8888ToI8(unsigned char const*, unsigned int, unsigned char*)",0x000318b0,"PVGCOLOR::PVGImageConvert::convertBGRA8888ToI8(unsigned char const*, unsigned int, unsigned char*)+0xa0",BRANCH
0x000318ac,"PVGCOLOR::PVGImageConvert::convertBGRA8888ToI8(unsigned char const*, unsigned int, unsigned char*)",0x000319c4,"PVGCOLOR::PVGImageConvert::convertBGRA8888ToI8(unsigned char const*, unsigned int, unsigned char*)+0x1b4",BRANCH
0x000318e8,"PVGCOLOR::PVGImageConvert::convertBGRA8888ToI8(unsigned char const*, unsigned int, unsigned char*)",N/A,"x13, 0xd000",ADRP_PAGE_REF
0x000319ac,"PVGCOLOR::PVGImageConvert::convertBGRA8888ToI8(unsigned char const*, unsigned int, unsigned char*)",0x00031900,"PVGCOLOR::PVGImageConvert::convertBGRA8888ToI8(unsigned char const*, unsigned int, unsigned char*)+0xf0",BRANCH
0x000319b4,"PVGCOLOR::PVGImageConvert::convertBGRA8888ToI8(unsigned char const*, unsigned int, unsigned char*)",0x000319c4,"PVGCOLOR::PVGImageConvert::convertBGRA8888ToI8(unsigned char const*, unsigned int, unsigned char*)+0x1b4",BRANCH
0x000319c0,"PVGCOLOR::PVGImageConvert::convertBGRA8888ToI8(unsigned char const*, unsigned int, unsigned char*)",0x00031848,"PVGCOLOR::PVGImageConvert::convertBGRA8888ToI8(unsigned char const*, unsigned int, unsigned char*)+0x38",BRANCH
0x00031a04,"PVGCOLOR::PVGImageConvert::convertBGRA8888ToI8(unsigned char const*, unsigned int, unsigned char*)",N/A,"x12, 0xd000",ADRP_PAGE_REF
0x00031a80,"PVGCOLOR::PVGImageConvert::convertBGRA8888ToI8(unsigned char const*, unsigned int, unsigned char*)",0x00031a24,"PVGCOLOR::PVGImageConvert::convertBGRA8888ToI8(unsigned char const*, unsigned int, unsigned char*)+0x214",BRANCH
0x00031a88,"PVGCOLOR::PVGImageConvert::convertBGRA8888ToI8(unsigned char const*, unsigned int, unsigned char*)",0x00031848,"PVGCOLOR::PVGImageConvert::convertBGRA8888ToI8(unsigned char const*, unsigned int, unsigned char*)+0x38",BRANCH
0x00031a98,"PVGCOLOR::PVGImageConvert::convertBGRA8888ToI8(unsigned char const*, unsigned int, unsigned int, unsigned int, unsigned char*)",0x00031b18,"PVGCOLOR::PVGImageConvert::convertBGRA8888ToI8(unsigned char const*, unsigned int, unsigned int, unsigned int, unsigned char*)+0x8c",BRANCH
0x00031b04,"PVGCOLOR::PVGImageConvert::convertBGRA8888ToI8(unsigned char const*, unsigned int, unsigned int, unsigned int, unsigned char*)",0x00031acc,"PVGCOLOR::PVGImageConvert::convertBGRA8888ToI8(unsigned char const*, unsigned int, unsigned int, unsigned int, unsigned char*)+0x40",BRANCH
0x00031b14,"PVGCOLOR::PVGImageConvert::convertBGRA8888ToI8(unsigned char const*, unsigned int, unsigned int, unsigned int, unsigned char*)",0x00031ac4,"PVGCOLOR::PVGImageConvert::convertBGRA8888ToI8(unsigned char const*, unsigned int, unsigned int, unsigned int, unsigned char*)+0x38",BRANCH
0x00031b20,"PVGCOLOR::PVGImageConvert::convertBGRA8888ToAI88(unsigned char const*, unsigned int, unsigned char*)",0x00031bc0,"PVGCOLOR::PVGImageConvert::convertBGRA8888ToAI88(unsigned char const*, unsigned int, unsigned char*)+0xa4",BRANCH
0x00031b28,"PVGCOLOR::PVGImageConvert::convertBGRA8888ToAI88(unsigned char const*, unsigned int, unsigned char*)",0x00031b58,"PVGCOLOR::PVGImageConvert::convertBGRA8888ToAI88(unsigned char const*, unsigned int, unsigned char*)+0x3c",BRANCH
0x00031b44,"PVGCOLOR::PVGImageConvert::convertBGRA8888ToAI88(unsigned char const*, unsigned int, unsigned char*)",0x00031bc4,"PVGCOLOR::PVGImageConvert::convertBGRA8888ToAI88(unsigned char const*, unsigned int, unsigned char*)+0xa8",BRANCH
0x00031b54,"PVGCOLOR::PVGImageConvert::convertBGRA8888ToAI88(unsigned char const*, unsigned int, unsigned char*)",0x00031bc4,"PVGCOLOR::PVGImageConvert::convertBGRA8888ToAI88(unsigned char const*, unsigned int, unsigned char*)+0xa8",BRANCH
0x00031bbc,"PVGCOLOR::PVGImageConvert::convertBGRA8888ToAI88(unsigned char const*, unsigned int, unsigned char*)",0x00031b78,"PVGCOLOR::PVGImageConvert::convertBGRA8888ToAI88(unsigned char const*, unsigned int, unsigned char*)+0x5c",BRANCH
0x00031bcc,"PVGCOLOR::PVGImageConvert::convertBGRA8888ToAI88(unsigned char const*, unsigned int, unsigned char*)",0x00031c8c,"PVGCOLOR::PVGImageConvert::convertBGRA8888ToAI88(unsigned char const*, unsigned int, unsigned char*)+0x170",BRANCH
0x00031c04,"PVGCOLOR::PVGImageConvert::convertBGRA8888ToAI88(unsigned char const*, unsigned int, unsigned char*)",N/A,"x16, 0xd000",ADRP_PAGE_REF
0x00031c7c,"PVGCOLOR::PVGImageConvert::convertBGRA8888ToAI88(unsigned char const*, unsigned int, unsigned char*)",0x00031c20,"PVGCOLOR::PVGImageConvert::convertBGRA8888ToAI88(unsigned char const*, unsigned int, unsigned char*)+0x104",BRANCH
0x00031c84,"PVGCOLOR::PVGImageConvert::convertBGRA8888ToAI88(unsigned char const*, unsigned int, unsigned char*)",0x00031b60,"PVGCOLOR::PVGImageConvert::convertBGRA8888ToAI88(unsigned char const*, unsigned int, unsigned char*)+0x44",BRANCH
0x00031c88,"PVGCOLOR::PVGImageConvert::convertBGRA8888ToAI88(unsigned char const*, unsigned int, unsigned char*)",0x00031bc0,"PVGCOLOR::PVGImageConvert::convertBGRA8888ToAI88(unsigned char const*, unsigned int, unsigned char*)+0xa4",BRANCH
0x00031cb8,"PVGCOLOR::PVGImageConvert::convertBGRA8888ToAI88(unsigned char const*, unsigned int, unsigned char*)",N/A,"x11, 0xd000",ADRP_PAGE_REF
0x00031d78,"PVGCOLOR::PVGImageConvert::convertBGRA8888ToAI88(unsigned char const*, unsigned int, unsigned char*)",0x00031cd0,"PVGCOLOR::PVGImageConvert::convertBGRA8888ToAI88(unsigned char const*, unsigned int, unsigned char*)+0x1b4",BRANCH
0x00031d80,"PVGCOLOR::PVGImageConvert::convertBGRA8888ToAI88(unsigned char const*, unsigned int, unsigned char*)",0x00031bc0,"PVGCOLOR::PVGImageConvert::convertBGRA8888ToAI88(unsigned char const*, unsigned int, unsigned char*)+0xa4",BRANCH
0x00031d90,"PVGCOLOR::PVGImageConvert::convertBGRA8888ToAI88(unsigned char const*, unsigned int, unsigned char*)",0x00031b60,"PVGCOLOR::PVGImageConvert::convertBGRA8888ToAI88(unsigned char const*, unsigned int, unsigned char*)+0x44",BRANCH
0x00031d94,"PVGCOLOR::PVGCropFunctions::PVGCropFunctions(int, int, PVGCOLOR::PVGPixelFormat, int, int, int, int)",N/A,"x9, 0x5f000 <typeinfo for std::__ndk1::__function::__base<void (int)>+0x78>",ADRP_PAGE_REF
0x00031dd4,PVGCOLOR::PVGCropFunctions::~PVGCropFunctions(),N/A,"x8, 0x5f000 <typeinfo for std::__ndk1::__function::__base<void (int)>+0x78>",ADRP_PAGE_REF
0x00031df0,PVGCOLOR::PVGCropFunctions::~PVGCropFunctions(),0x00058c20,_ZdlPv@plt,DIRECT_CALL
0x00031e08,PVGCOLOR::PVGCropFunctions::~PVGCropFunctions(),N/A,x8,INDIRECT_CALL
0x00031e2c,PVGCOLOR::PVGCropFunctions::~PVGCropFunctions(),0x00059100,_ZN8PVGCOLOR16PVGCropFunctionsD1Ev@plt,DIRECT_CALL
0x00031e3c,PVGCOLOR::PVGCropFunctions::~PVGCropFunctions(),0x00058c20,_ZdlPv@plt,BRANCH
0x00031e70,"PVGCOLOR::PVGCropFunctions::create(int, int, PVGCOLOR::PVGPixelFormat, int, int, int, int)",0x00031ee4,"PVGCOLOR::PVGCropFunctions::create(int, int, PVGCOLOR::PVGPixelFormat, int, int, int, int)+0xa4",BRANCH
0x00031e7c,"PVGCOLOR::PVGCropFunctions::create(int, int, PVGCOLOR::PVGPixelFormat, int, int, int, int)",0x00031ee4,"PVGCOLOR::PVGCropFunctions::create(int, int, PVGCOLOR::PVGPixelFormat, int, int, int, int)+0xa4",BRANCH
0x00031e8c,"PVGCOLOR::PVGCropFunctions::create(int, int, PVGCOLOR::PVGPixelFormat, int, int, int, int)",0x00031ee4,"PVGCOLOR::PVGCropFunctions::create(int, int, PVGCOLOR::PVGPixelFormat, int, int, int, int)+0xa4",BRANCH
0x00031ea0,"PVGCOLOR::PVGCropFunctions::create(int, int, PVGCOLOR::PVGPixelFormat, int, int, int, int)",0x00031ee4,"PVGCOLOR::PVGCropFunctions::create(int, int, PVGCOLOR::PVGPixelFormat, int, int, int, int)+0xa4",BRANCH
0x00031ea4,"PVGCOLOR::PVGCropFunctions::create(int, int, PVGCOLOR::PVGPixelFormat, int, int, int, int)",N/A,"x1, 0x5f000 <typeinfo for std::__ndk1::__function::__base<void (int)>+0x78>",ADRP_PAGE_REF
0x00031eb4,"PVGCOLOR::PVGCropFunctions::create(int, int, PVGCOLOR::PVGPixelFormat, int, int, int, int)",0x00058c50,_ZnwmRKSt9nothrow_t@plt,DIRECT_CALL
0x00031edc,"PVGCOLOR::PVGCropFunctions::create(int, int, PVGCOLOR::PVGPixelFormat, int, int, int, int)",0x00059110,_ZN8PVGCOLOR16PVGCropFunctionsC1EiiNS_14PVGPixelFormatEiiii@plt,DIRECT_CALL
0x00031efc,"PVGCOLOR::PVGCropFunctions::create(int, int, PVGCOLOR::PVGPixelFormat, int, int, int, int)",N/A,"x1, 0x5f000 <typeinfo for std::__ndk1::__function::__base<void (int)>+0x78>",ADRP_PAGE_REF
0x00031f0c,"PVGCOLOR::PVGCropFunctions::create(int, int, PVGCOLOR::PVGPixelFormat, int, int, int, int)",0x00058c70,_ZdlPvRKSt9nothrow_t@plt,DIRECT_CALL
0x00031f14,"PVGCOLOR::PVGCropFunctions::create(int, int, PVGCOLOR::PVGPixelFormat, int, int, int, int)",0x00054f14,"PVGCOLOR::PVGOpenGL::createComputeShader(char const*, int*)+0x249c",DIRECT_CALL
0x00031f64,PVGCOLOR::PVGCropFunctions::setHWContext(PVGCOLOR::PVGHWContext const&),0x00031f80,PVGCOLOR::PVGCropFunctions::setHWContext(PVGCOLOR::PVGHWContext const&)+0x68,BRANCH
0x00031f94,PVGCOLOR::PVGCropFunctions::setHWContext(PVGCOLOR::PVGHWContext const&),0x00058c80,_Znwm@plt,DIRECT_CALL
0x00032060,"PVGCOLOR::PVGCropFunctions::transcode(unsigned char const* const*, int const*, unsigned char* const*, int const*)",N/A,x8,INDIRECT_CALL
0x00032078,"PVGCOLOR::PVGCropFunctions::transcode(unsigned char const* const*, int const*, unsigned char* const*, int const*)",0x00058c80,_Znwm@plt,DIRECT_CALL
0x0003209c,"PVGCOLOR::PVGCropFunctions::transcode(unsigned char const* const*, int const*, unsigned char* const*, int const*)",0x000321a8,"PVGCOLOR::PVGCropFunctions::transcode(unsigned char const* const*, int const*, unsigned char* const*, int const*)+0x1b4",BRANCH
0x000320b0,"PVGCOLOR::PVGCropFunctions::transcode(unsigned char const* const*, int const*, unsigned char* const*, int const*)",0x000321a8,"PVGCOLOR::PVGCropFunctions::transcode(unsigned char const* const*, int const*, unsigned char* const*, int const*)+0x1b4",BRANCH
0x000320c0,"PVGCOLOR::PVGCropFunctions::transcode(unsigned char const* const*, int const*, unsigned char* const*, int const*)",0x000320d0,"PVGCOLOR::PVGCropFunctions::transcode(unsigned char const* const*, int const*, unsigned char* const*, int const*)+0xdc",BRANCH
0x000320cc,"PVGCOLOR::PVGCropFunctions::transcode(unsigned char const* const*, int const*, unsigned char* const*, int const*)",0x000321a8,"PVGCOLOR::PVGCropFunctions::transcode(unsigned char const* const*, int const*, unsigned char* const*, int const*)+0x1b4",BRANCH
0x000320d8,"PVGCOLOR::PVGCropFunctions::transcode(unsigned char const* const*, int const*, unsigned char* const*, int const*)",N/A,"x8, 0xd000",ADRP_PAGE_REF
0x00032114,"PVGCOLOR::PVGCropFunctions::transcode(unsigned char const* const*, int const*, unsigned char* const*, int const*)",0x0003228c,"PVGCOLOR::PVGCropFunctions::transcode(unsigned char const* const*, int const*, unsigned char* const*, int const*)+0x298",DIRECT_CALL
0x00032150,"PVGCOLOR::PVGCropFunctions::transcode(unsigned char const* const*, int const*, unsigned char* const*, int const*)",0x0003228c,"PVGCOLOR::PVGCropFunctions::transcode(unsigned char const* const*, int const*, unsigned char* const*, int const*)+0x298",DIRECT_CALL
0x0003216c,"PVGCOLOR::PVGCropFunctions::transcode(unsigned char const* const*, int const*, unsigned char* const*, int const*)",N/A,x8,INDIRECT_CALL
0x00032184,"PVGCOLOR::PVGCropFunctions::transcode(unsigned char const* const*, int const*, unsigned char* const*, int const*)",0x00058c20,_ZdlPv@plt,DIRECT_CALL
0x000321a0,"PVGCOLOR::PVGCropFunctions::transcode(unsigned char const* const*, int const*, unsigned char* const*, int const*)",0x00058c20,_ZdlPv@plt,DIRECT_CALL
0x000321b4,"PVGCOLOR::PVGCropFunctions::transcode(unsigned char const* const*, int const*, unsigned char* const*, int const*)",0x00032288,"PVGCOLOR::PVGCropFunctions::transcode(unsigned char const* const*, int const*, unsigned char* const*, int const*)+0x294",BRANCH
0x000321e0,"PVGCOLOR::PVGCropFunctions::transcode(unsigned char const* const*, int const*, unsigned char* const*, int const*)",0x00022534,PVGCOLOR::getVersion()+0x8ec,DIRECT_CALL
0x000321f0,"PVGCOLOR::PVGCropFunctions::transcode(unsigned char const* const*, int const*, unsigned char* const*, int const*)",0x00022524,PVGCOLOR::getVersion()+0x8dc,DIRECT_CALL
0x00032200,"PVGCOLOR::PVGCropFunctions::transcode(unsigned char const* const*, int const*, unsigned char* const*, int const*)",0x000320d8,"PVGCOLOR::PVGCropFunctions::transcode(unsigned char const* const*, int const*, unsigned char* const*, int const*)+0xe4",BRANCH
0x00032210,"PVGCOLOR::PVGCropFunctions::transcode(unsigned char const* const*, int const*, unsigned char* const*, int const*)",0x00032288,"PVGCOLOR::PVGCropFunctions::transcode(unsigned char const* const*, int const*, unsigned char* const*, int const*)+0x294",BRANCH
0x00032230,"PVGCOLOR::PVGCropFunctions::transcode(unsigned char const* const*, int const*, unsigned char* const*, int const*)",0x00022974,PVGCOLOR::getVersion()+0xd2c,BRANCH
0x00032254,"PVGCOLOR::PVGCropFunctions::transcode(unsigned char const* const*, int const*, unsigned char* const*, int const*)",0x00032288,"PVGCOLOR::PVGCropFunctions::transcode(unsigned char const* const*, int const*, unsigned char* const*, int const*)+0x294",BRANCH
0x0003225c,"PVGCOLOR::PVGCropFunctions::transcode(unsigned char const* const*, int const*, unsigned char* const*, int const*)",0x00054f14,"PVGCOLOR::PVGOpenGL::createComputeShader(char const*, int*)+0x249c",DIRECT_CALL
0x00032264,"PVGCOLOR::PVGCropFunctions::transcode(unsigned char const* const*, int const*, unsigned char* const*, int const*)",0x00058c20,_ZdlPv@plt,DIRECT_CALL
0x00032274,"PVGCOLOR::PVGCropFunctions::transcode(unsigned char const* const*, int const*, unsigned char* const*, int const*)",0x00058c20,_ZdlPv@plt,DIRECT_CALL
0x00032284,"PVGCOLOR::PVGCropFunctions::transcode(unsigned char const* const*, int const*, unsigned char* const*, int const*)",0x00032258,"PVGCOLOR::PVGCropFunctions::transcode(unsigned char const* const*, int const*, unsigned char* const*, int const*)+0x264",BRANCH
0x00032288,"PVGCOLOR::PVGCropFunctions::transcode(unsigned char const* const*, int const*, unsigned char* const*, int const*)",0x00058cb0,__stack_chk_fail@plt,DIRECT_CALL
0x000322ac,"PVGCOLOR::PVGCropFunctions::transcode(unsigned char const* const*, int const*, unsigned char* const*, int const*)",0x000322cc,"PVGCOLOR::PVGCropFunctions::transcode(unsigned char const* const*, int const*, unsigned char* const*, int const*)+0x2d8",BRANCH
0x000322d4,"PVGCOLOR::PVGCropFunctions::transcode(unsigned char const* const*, int const*, unsigned char* const*, int const*)",0x000322b0,"PVGCOLOR::PVGCropFunctions::transcode(unsigned char const* const*, int const*, unsigned char* const*, int const*)+0x2bc",BRANCH
0x000322e4,"PVGCOLOR::PVGCropFunctions::transcode(unsigned char const* const*, int const*, unsigned char* const*, int const*)",0x000322b0,"PVGCOLOR::PVGCropFunctions::transcode(unsigned char const* const*, int const*, unsigned char* const*, int const*)+0x2bc",BRANCH
0x000322f0,"PVGCOLOR::PVGCropFunctions::transcode(unsigned char const* const*, int const*, unsigned char* const*, int const*)",0x00032330,"PVGCOLOR::PVGCropFunctions::transcode(unsigned char const* const*, int const*, unsigned char* const*, int const*)+0x33c",BRANCH
0x00032308,"PVGCOLOR::PVGCropFunctions::transcode(unsigned char const* const*, int const*, unsigned char* const*, int const*)",0x00032354,"PVGCOLOR::PVGCropFunctions::transcode(unsigned char const* const*, int const*, unsigned char* const*, int const*)+0x360",BRANCH
0x00032318,"PVGCOLOR::PVGCropFunctions::transcode(unsigned char const* const*, int const*, unsigned char* const*, int const*)",0x000322b0,"PVGCOLOR::PVGCropFunctions::transcode(unsigned char const* const*, int const*, unsigned char* const*, int const*)+0x2bc",BRANCH
0x0003232c,"PVGCOLOR::PVGCropFunctions::transcode(unsigned char const* const*, int const*, unsigned char* const*, int const*)",0x000323a0,"PVGCOLOR::PVGCropFunctions::transcode(unsigned char const* const*, int const*, unsigned char* const*, int const*)+0x3ac",BRANCH
0x00032338,"PVGCOLOR::PVGCropFunctions::transcode(unsigned char const* const*, int const*, unsigned char* const*, int const*)",0x00032394,"PVGCOLOR::PVGCropFunctions::transcode(unsigned char const* const*, int const*, unsigned char* const*, int const*)+0x3a0",BRANCH
0x00032350,"PVGCOLOR::PVGCropFunctions::transcode(unsigned char const* const*, int const*, unsigned char* const*, int const*)",0x00032388,"PVGCOLOR::PVGCropFunctions::transcode(unsigned char const* const*, int const*, unsigned char* const*, int const*)+0x394",BRANCH
0x00032390,"PVGCOLOR::PVGCropFunctions::transcode(unsigned char const* const*, int const*, unsigned char* const*, int const*)",0x000323a0,"PVGCOLOR::PVGCropFunctions::transcode(unsigned char const* const*, int const*, unsigned char* const*, int const*)+0x3ac",BRANCH
0x0003239c,"PVGCOLOR::PVGCropFunctions::transcode(unsigned char const* const*, int const*, unsigned char* const*, int const*)",0x000323c4,"PVGCOLOR::PVGCropFunctions::transcode(unsigned char const* const*, int const*, unsigned char* const*, int const*)+0x3d0",BRANCH
0x000323c0,"PVGCOLOR::PVGCropFunctions::transcode(unsigned char const* const*, int const*, unsigned char* const*, int const*)",0x000322c4,"PVGCOLOR::PVGCropFunctions::transcode(unsigned char const* const*, int const*, unsigned char* const*, int const*)+0x2d0",BRANCH
0x000323cc,"PVGCOLOR::PVGCropFunctions::transcode(unsigned char const* const*, int const*, unsigned char* const*, int const*)",0x000323e8,"PVGCOLOR::PVGCropFunctions::transcode(unsigned char const* const*, int const*, unsigned char* const*, int const*)+0x3f4",BRANCH
0x000323f0,"PVGCOLOR::PVGCropFunctions::transcode(unsigned char const* const*, int const*, unsigned char* const*, int const*)",0x00032408,"PVGCOLOR::PVGCropFunctions::transcode(unsigned char const* const*, int const*, unsigned char* const*, int const*)+0x414",BRANCH
0x00032404,"PVGCOLOR::PVGCropFunctions::transcode(unsigned char const* const*, int const*, unsigned char* const*, int const*)",0x000322b0,"PVGCOLOR::PVGCropFunctions::transcode(unsigned char const* const*, int const*, unsigned char* const*, int const*)+0x2bc",BRANCH
0x00032410,"PVGCOLOR::PVGCropFunctions::transcode(unsigned char const* const*, int const*, unsigned char* const*, int const*)",0x000322c8,"PVGCOLOR::PVGCropFunctions::transcode(unsigned char const* const*, int const*, unsigned char* const*, int const*)+0x2d4",BRANCH
0x00032414,"PVGCOLOR::PVGCropFunctions::transcode(unsigned char const* const*, int const*, unsigned char* const*, int const*)",0x000323a0,"PVGCOLOR::PVGCropFunctions::transcode(unsigned char const* const*, int const*, unsigned char* const*, int const*)+0x3ac",BRANCH
0x0003241c,"PVGCOLOR::PVGCropFunctions::transcode(unsigned char const* const*, int const*, unsigned char* const*, int const*)",0x000324b8,"PVGCOLOR::PVGCropFunctions::transcode(unsigned char const* const*, int const*, unsigned char* const*, int const*)+0x4c4",BRANCH
0x0003242c,"PVGCOLOR::PVGCropFunctions::transcode(unsigned char const* const*, int const*, unsigned char* const*, int const*)",0x00032434,"PVGCOLOR::PVGCropFunctions::transcode(unsigned char const* const*, int const*, unsigned char* const*, int const*)+0x440",BRANCH
0x00032498,"PVGCOLOR::PVGCropFunctions::transcode(unsigned char const* const*, int const*, unsigned char* const*, int const*)",0x000324a8,"PVGCOLOR::PVGCropFunctions::transcode(unsigned char const* const*, int const*, unsigned char* const*, int const*)+0x4b4",BRANCH
0x000324b4,"PVGCOLOR::PVGCropFunctions::transcode(unsigned char const* const*, int const*, unsigned char* const*, int const*)",0x000324c0,"PVGCOLOR::PVGCropFunctions::transcode(unsigned char const* const*, int const*, unsigned char* const*, int const*)+0x4cc",BRANCH
0x00032530,"PVGCOLOR::PVGCropFunctions::transcode(unsigned char const* const*, int const*, unsigned char* const*, int const*)",0x0003249c,"PVGCOLOR::PVGCropFunctions::transcode(unsigned char const* const*, int const*, unsigned char* const*, int const*)+0x4a8",BRANCH
0x0003253c,"PVGCOLOR::PVGCropFunctions::transcode(unsigned char const* const*, int const*, unsigned char* const*, int const*)",0x00032430,"PVGCOLOR::PVGCropFunctions::transcode(unsigned char const* const*, int const*, unsigned char* const*, int const*)+0x43c",BRANCH
0x00032554,"PVGCOLOR::PVGCropFunctions::transcode(unsigned char const* const*, int const*, unsigned char* const*, int const*)",0x000325b4,"PVGCOLOR::PVGCropFunctions::transcode(unsigned char const* const*, int const*, unsigned char* const*, int const*)+0x5c0",BRANCH
0x00032560,"PVGCOLOR::PVGCropFunctions::transcode(unsigned char const* const*, int const*, unsigned char* const*, int const*)",0x0003261c,"PVGCOLOR::PVGCropFunctions::transcode(unsigned char const* const*, int const*, unsigned char* const*, int const*)+0x628",BRANCH
0x00032570,"PVGCOLOR::PVGCropFunctions::transcode(unsigned char const* const*, int const*, unsigned char* const*, int const*)",0x0003261c,"PVGCOLOR::PVGCropFunctions::transcode(unsigned char const* const*, int const*, unsigned char* const*, int const*)+0x628",BRANCH
0x0003257c,"PVGCOLOR::PVGCropFunctions::transcode(unsigned char const* const*, int const*, unsigned char* const*, int const*)",0x00032644,"PVGCOLOR::PVGCropFunctions::transcode(unsigned char const* const*, int const*, unsigned char* const*, int const*)+0x650",BRANCH
0x00032588,"PVGCOLOR::PVGCropFunctions::transcode(unsigned char const* const*, int const*, unsigned char* const*, int const*)",0x00032628,"PVGCOLOR::PVGCropFunctions::transcode(unsigned char const* const*, int const*, unsigned char* const*, int const*)+0x634",BRANCH
0x00032594,"PVGCOLOR::PVGCropFunctions::transcode(unsigned char const* const*, int const*, unsigned char* const*, int const*)",0x00032620,"PVGCOLOR::PVGCropFunctions::transcode(unsigned char const* const*, int const*, unsigned char* const*, int const*)+0x62c",BRANCH
0x000325e4,"PVGCOLOR::PVGCropFunctions::transcode(unsigned char const* const*, int const*, unsigned char* const*, int const*)",0x0003261c,"PVGCOLOR::PVGCropFunctions::transcode(unsigned char const* const*, int const*, unsigned char* const*, int const*)+0x628",BRANCH
0x000325ec,"PVGCOLOR::PVGCropFunctions::transcode(unsigned char const* const*, int const*, unsigned char* const*, int const*)",0x0003261c,"PVGCOLOR::PVGCropFunctions::transcode(unsigned char const* const*, int const*, unsigned char* const*, int const*)+0x628",BRANCH
0x000325f4,"PVGCOLOR::PVGCropFunctions::transcode(unsigned char const* const*, int const*, unsigned char* const*, int const*)",0x0003261c,"PVGCOLOR::PVGCropFunctions::transcode(unsigned char const* const*, int const*, unsigned char* const*, int const*)+0x628",BRANCH
0x000325fc,"PVGCOLOR::PVGCropFunctions::transcode(unsigned char const* const*, int const*, unsigned char* const*, int const*)",0x0003261c,"PVGCOLOR::PVGCropFunctions::transcode(unsigned char const* const*, int const*, unsigned char* const*, int const*)+0x628",BRANCH
0x00032604,"PVGCOLOR::PVGCropFunctions::transcode(unsigned char const* const*, int const*, unsigned char* const*, int const*)",0x0003261c,"PVGCOLOR::PVGCropFunctions::transcode(unsigned char const* const*, int const*, unsigned char* const*, int const*)+0x628",BRANCH
0x00032610,"PVGCOLOR::PVGCropFunctions::transcode(unsigned char const* const*, int const*, unsigned char* const*, int const*)",0x0003261c,"PVGCOLOR::PVGCropFunctions::transcode(unsigned char const* const*, int const*, unsigned char* const*, int const*)+0x628",BRANCH
0x000326b8,"PVGCOLOR::PVGCropFunctions::transcode(unsigned char const* const*, int const*, unsigned char* const*, int const*)",0x0003254c,"PVGCOLOR::PVGCropFunctions::transcode(unsigned char const* const*, int const*, unsigned char* const*, int const*)+0x558",DIRECT_CALL
0x000326c4,"PVGCOLOR::PVGCropFunctions::transcode(unsigned char const* const*, int const*, unsigned char* const*, int const*)",0x000326fc,"PVGCOLOR::PVGCropFunctions::transcode(unsigned char const* const*, int const*, unsigned char* const*, int const*)+0x708",BRANCH
0x000326cc,"PVGCOLOR::PVGCropFunctions::transcode(unsigned char const* const*, int const*, unsigned char* const*, int const*)",0x00032764,"PVGCOLOR::PVGCropFunctions::transcode(unsigned char const* const*, int const*, unsigned char* const*, int const*)+0x770",BRANCH
0x000326d4,"PVGCOLOR::PVGCropFunctions::transcode(unsigned char const* const*, int const*, unsigned char* const*, int const*)",0x00032e5c,"PVGCOLOR::PVGCropFunctions::transcode(unsigned char const* const*, int const*, unsigned char* const*, int const*)+0xe68",BRANCH
0x000326e0,"PVGCOLOR::PVGCropFunctions::transcode(unsigned char const* const*, int const*, unsigned char* const*, int const*)",0x00032818,"PVGCOLOR::PVGCropFunctions::transcode(unsigned char const* const*, int const*, unsigned char* const*, int const*)+0x824",BRANCH
0x000326ec,"PVGCOLOR::PVGCropFunctions::transcode(unsigned char const* const*, int const*, unsigned char* const*, int const*)",0x00032a20,"PVGCOLOR::PVGCropFunctions::transcode(unsigned char const* const*, int const*, unsigned char* const*, int const*)+0xa2c",BRANCH
0x000326f8,"PVGCOLOR::PVGCropFunctions::transcode(unsigned char const* const*, int const*, unsigned char* const*, int const*)",0x00032bb8,"PVGCOLOR::PVGCropFunctions::transcode(unsigned char const* const*, int const*, unsigned char* const*, int const*)+0xbc4",BRANCH
0x00032700,"PVGCOLOR::PVGCropFunctions::transcode(unsigned char const* const*, int const*, unsigned char* const*, int const*)",0x00032780,"PVGCOLOR::PVGCropFunctions::transcode(unsigned char const* const*, int const*, unsigned char* const*, int const*)+0x78c",BRANCH
0x00032708,"PVGCOLOR::PVGCropFunctions::transcode(unsigned char const* const*, int const*, unsigned char* const*, int const*)",0x00032e5c,"PVGCOLOR::PVGCropFunctions::transcode(unsigned char const* const*, int const*, unsigned char* const*, int const*)+0xe68",BRANCH
0x00032728,"PVGCOLOR::PVGCropFunctions::transcode(unsigned char const* const*, int const*, unsigned char* const*, int const*)",0x00032828,"PVGCOLOR::PVGCropFunctions::transcode(unsigned char const* const*, int const*, unsigned char* const*, int const*)+0x834",BRANCH
0x00032754,"PVGCOLOR::PVGCropFunctions::transcode(unsigned char const* const*, int const*, unsigned char* const*, int const*)",0x000329ec,"PVGCOLOR::PVGCropFunctions::transcode(unsigned char const* const*, int const*, unsigned char* const*, int const*)+0x9f8",BRANCH
0x00032760,"PVGCOLOR::PVGCropFunctions::transcode(unsigned char const* const*, int const*, unsigned char* const*, int const*)",0x00032a00,"PVGCOLOR::PVGCropFunctions::transcode(unsigned char const* const*, int const*, unsigned char* const*, int const*)+0xa0c",BRANCH
0x0003276c,"PVGCOLOR::PVGCropFunctions::transcode(unsigned char const* const*, int const*, unsigned char* const*, int const*)",0x000328c4,"PVGCOLOR::PVGCropFunctions::transcode(unsigned char const* const*, int const*, unsigned char* const*, int const*)+0x8d0",BRANCH
0x0003277c,"PVGCOLOR::PVGCropFunctions::transcode(unsigned char const* const*, int const*, unsigned char* const*, int const*)",0x00032e58,"PVGCOLOR::PVGCropFunctions::transcode(unsigned char const* const*, int const*, unsigned char* const*, int const*)+0xe64",BRANCH
0x00032794,"PVGCOLOR::PVGCropFunctions::transcode(unsigned char const* const*, int const*, unsigned char* const*, int const*)",0x00032958,"PVGCOLOR::PVGCropFunctions::transcode(unsigned char const* const*, int const*, unsigned char* const*, int const*)+0x964",BRANCH
0x00032814,"PVGCOLOR::PVGCropFunctions::transcode(unsigned char const* const*, int const*, unsigned char* const*, int const*)",0x00032e58,"PVGCOLOR::PVGCropFunctions::transcode(unsigned char const* const*, int const*, unsigned char* const*, int const*)+0xe64",BRANCH
0x00032824,"PVGCOLOR::PVGCropFunctions::transcode(unsigned char const* const*, int const*, unsigned char* const*, int const*)",0x00032bb8,"PVGCOLOR::PVGCropFunctions::transcode(unsigned char const* const*, int const*, unsigned char* const*, int const*)+0xbc4",BRANCH
0x0003282c,"PVGCOLOR::PVGCropFunctions::transcode(unsigned char const* const*, int const*, unsigned char* const*, int const*)",0x00032c74,"PVGCOLOR::PVGCropFunctions::transcode(unsigned char const* const*, int const*, unsigned char* const*, int const*)+0xc80",BRANCH
0x00032834,"PVGCOLOR::PVGCropFunctions::transcode(unsigned char const* const*, int const*, unsigned char* const*, int const*)",0x00032a08,"PVGCOLOR::PVGCropFunctions::transcode(unsigned char const* const*, int const*, unsigned char* const*, int const*)+0xa14",BRANCH
0x000328a0,"PVGCOLOR::PVGCropFunctions::transcode(unsigned char const* const*, int const*, unsigned char* const*, int const*)",0x00032c64,"PVGCOLOR::PVGCropFunctions::transcode(unsigned char const* const*, int const*, unsigned char* const*, int const*)+0xc70",BRANCH
0x000328bc,"PVGCOLOR::PVGCropFunctions::transcode(unsigned char const* const*, int const*, unsigned char* const*, int const*)",0x00032e6c,"PVGCOLOR::PVGCropFunctions::transcode(unsigned char const* const*, int const*, unsigned char* const*, int const*)+0xe78",BRANCH
0x000328c0,"PVGCOLOR::PVGCropFunctions::transcode(unsigned char const* const*, int const*, unsigned char* const*, int const*)",0x00032f1c,"PVGCOLOR::PVGCropFunctions::transcode(unsigned char const* const*, int const*, unsigned char* const*, int const*)+0xf28",BRANCH
0x000328d0,"PVGCOLOR::PVGCropFunctions::transcode(unsigned char const* const*, int const*, unsigned char* const*, int const*)",0x00032e30,"PVGCOLOR::PVGCropFunctions::transcode(unsigned char const* const*, int const*, unsigned char* const*, int const*)+0xe3c",BRANCH
0x000328dc,"PVGCOLOR::PVGCropFunctions::transcode(unsigned char const* const*, int const*, unsigned char* const*, int const*)",0x00032e34,"PVGCOLOR::PVGCropFunctions::transcode(unsigned char const* const*, int const*, unsigned char* const*, int const*)+0xe40",BRANCH
0x00032948,"PVGCOLOR::PVGCropFunctions::transcode(unsigned char const* const*, int const*, unsigned char* const*, int const*)",0x00032e20,"PVGCOLOR::PVGCropFunctions::transcode(unsigned char const* const*, int const*, unsigned char* const*, int const*)+0xe2c",BRANCH
0x00032954,"PVGCOLOR::PVGCropFunctions::transcode(unsigned char const* const*, int const*, unsigned char* const*, int const*)",0x00032e34,"PVGCOLOR::PVGCropFunctions::transcode(unsigned char const* const*, int const*, unsigned char* const*, int const*)+0xe40",BRANCH
0x00032960,"PVGCOLOR::PVGCropFunctions::transcode(unsigned char const* const*, int const*, unsigned char* const*, int const*)",0x00032e50,"PVGCOLOR::PVGCropFunctions::transcode(unsigned char const* const*, int const*, unsigned char* const*, int const*)+0xe5c",BRANCH
0x0003296c,"PVGCOLOR::PVGCropFunctions::transcode(unsigned char const* const*, int const*, unsigned char* const*, int const*)",0x000329e4,"PVGCOLOR::PVGCropFunctions::transcode(unsigned char const* const*, int const*, unsigned char* const*, int const*)+0x9f0",BRANCH
0x000329d8,"PVGCOLOR::PVGCropFunctions::transcode(unsigned char const* const*, int const*, unsigned char* const*, int const*)",0x00032e40,"PVGCOLOR::PVGCropFunctions::transcode(unsigned char const* const*, int const*, unsigned char* const*, int const*)+0xe4c",BRANCH
0x000329e8,"PVGCOLOR::PVGCropFunctions::transcode(unsigned char const* const*, int const*, unsigned char* const*, int const*)",0x00032e58,"PVGCOLOR::PVGCropFunctions::transcode(unsigned char const* const*, int const*, unsigned char* const*, int const*)+0xe64",BRANCH
0x000329fc,"PVGCOLOR::PVGCropFunctions::transcode(unsigned char const* const*, int const*, unsigned char* const*, int const*)",0x00032a9c,"PVGCOLOR::PVGCropFunctions::transcode(unsigned char const* const*, int const*, unsigned char* const*, int const*)+0xaa8",BRANCH
0x00032a18,"PVGCOLOR::PVGCropFunctions::transcode(unsigned char const* const*, int const*, unsigned char* const*, int const*)",0x00032e6c,"PVGCOLOR::PVGCropFunctions::transcode(unsigned char const* const*, int const*, unsigned char* const*, int const*)+0xe78",BRANCH
0x00032a1c,"PVGCOLOR::PVGCropFunctions::transcode(unsigned char const* const*, int const*, unsigned char* const*, int const*)",0x00032f1c,"PVGCOLOR::PVGCropFunctions::transcode(unsigned char const* const*, int const*, unsigned char* const*, int const*)+0xf28",BRANCH
0x00032a8c,"PVGCOLOR::PVGCropFunctions::transcode(unsigned char const* const*, int const*, unsigned char* const*, int const*)",0x00032b20,"PVGCOLOR::PVGCropFunctions::transcode(unsigned char const* const*, int const*, unsigned char* const*, int const*)+0xb2c",BRANCH
0x00032a98,"PVGCOLOR::PVGCropFunctions::transcode(unsigned char const* const*, int const*, unsigned char* const*, int const*)",0x00032b34,"PVGCOLOR::PVGCropFunctions::transcode(unsigned char const* const*, int const*, unsigned char* const*, int const*)+0xb40",BRANCH
0x00032b0c,"PVGCOLOR::PVGCropFunctions::transcode(unsigned char const* const*, int const*, unsigned char* const*, int const*)",0x00032758,"PVGCOLOR::PVGCropFunctions::transcode(unsigned char const* const*, int const*, unsigned char* const*, int const*)+0x764",BRANCH
0x00032b14,"PVGCOLOR::PVGCropFunctions::transcode(unsigned char const* const*, int const*, unsigned char* const*, int const*)",0x00032a00,"PVGCOLOR::PVGCropFunctions::transcode(unsigned char const* const*, int const*, unsigned char* const*, int const*)+0xa0c",BRANCH
0x00032b1c,"PVGCOLOR::PVGCropFunctions::transcode(unsigned char const* const*, int const*, unsigned char* const*, int const*)",0x0003275c,"PVGCOLOR::PVGCropFunctions::transcode(unsigned char const* const*, int const*, unsigned char* const*, int const*)+0x768",BRANCH
0x00032b30,"PVGCOLOR::PVGCropFunctions::transcode(unsigned char const* const*, int const*, unsigned char* const*, int const*)",0x00032c90,"PVGCOLOR::PVGCropFunctions::transcode(unsigned char const* const*, int const*, unsigned char* const*, int const*)+0xc9c",BRANCH
0x00032b94,"PVGCOLOR::PVGCropFunctions::transcode(unsigned char const* const*, int const*, unsigned char* const*, int const*)",0x00032ba4,"PVGCOLOR::PVGCropFunctions::transcode(unsigned char const* const*, int const*, unsigned char* const*, int const*)+0xbb0",BRANCH
0x00032ba0,"PVGCOLOR::PVGCropFunctions::transcode(unsigned char const* const*, int const*, unsigned char* const*, int const*)",0x00032bb8,"PVGCOLOR::PVGCropFunctions::transcode(unsigned char const* const*, int const*, unsigned char* const*, int const*)+0xbc4",BRANCH
0x00032bb4,"PVGCOLOR::PVGCropFunctions::transcode(unsigned char const* const*, int const*, unsigned char* const*, int const*)",0x00032d14,"PVGCOLOR::PVGCropFunctions::transcode(unsigned char const* const*, int const*, unsigned char* const*, int const*)+0xd20",BRANCH
0x00032bc4,"PVGCOLOR::PVGCropFunctions::transcode(unsigned char const* const*, int const*, unsigned char* const*, int const*)",0x00032c5c,"PVGCOLOR::PVGCropFunctions::transcode(unsigned char const* const*, int const*, unsigned char* const*, int const*)+0xc68",BRANCH
0x00032bd0,"PVGCOLOR::PVGCropFunctions::transcode(unsigned char const* const*, int const*, unsigned char* const*, int const*)",0x00032e58,"PVGCOLOR::PVGCropFunctions::transcode(unsigned char const* const*, int const*, unsigned char* const*, int const*)+0xe64",BRANCH
0x00032c3c,"PVGCOLOR::PVGCropFunctions::transcode(unsigned char const* const*, int const*, unsigned char* const*, int const*)",0x00032c4c,"PVGCOLOR::PVGCropFunctions::transcode(unsigned char const* const*, int const*, unsigned char* const*, int const*)+0xc58",BRANCH
0x00032c48,"PVGCOLOR::PVGCropFunctions::transcode(unsigned char const* const*, int const*, unsigned char* const*, int const*)",0x00032e58,"PVGCOLOR::PVGCropFunctions::transcode(unsigned char const* const*, int const*, unsigned char* const*, int const*)+0xe64",BRANCH
0x00032c58,"PVGCOLOR::PVGCropFunctions::transcode(unsigned char const* const*, int const*, unsigned char* const*, int const*)",0x00032d98,"PVGCOLOR::PVGCropFunctions::transcode(unsigned char const* const*, int const*, unsigned char* const*, int const*)+0xda4",BRANCH
0x00032c60,"PVGCOLOR::PVGCropFunctions::transcode(unsigned char const* const*, int const*, unsigned char* const*, int const*)",0x00032e58,"PVGCOLOR::PVGCropFunctions::transcode(unsigned char const* const*, int const*, unsigned char* const*, int const*)+0xe64",BRANCH
0x00032c70,"PVGCOLOR::PVGCropFunctions::transcode(unsigned char const* const*, int const*, unsigned char* const*, int const*)",0x00032e80,"PVGCOLOR::PVGCropFunctions::transcode(unsigned char const* const*, int const*, unsigned char* const*, int const*)+0xe8c",BRANCH
0x00032c88,"PVGCOLOR::PVGCropFunctions::transcode(unsigned char const* const*, int const*, unsigned char* const*, int const*)",0x00032e6c,"PVGCOLOR::PVGCropFunctions::transcode(unsigned char const* const*, int const*, unsigned char* const*, int const*)+0xe78",BRANCH
0x00032c8c,"PVGCOLOR::PVGCropFunctions::transcode(unsigned char const* const*, int const*, unsigned char* const*, int const*)",0x00032f1c,"PVGCOLOR::PVGCropFunctions::transcode(unsigned char const* const*, int const*, unsigned char* const*, int const*)+0xf28",BRANCH
0x00032d00,"PVGCOLOR::PVGCropFunctions::transcode(unsigned char const* const*, int const*, unsigned char* const*, int const*)",0x00032a90,"PVGCOLOR::PVGCropFunctions::transcode(unsigned char const* const*, int const*, unsigned char* const*, int const*)+0xa9c",BRANCH
0x00032d08,"PVGCOLOR::PVGCropFunctions::transcode(unsigned char const* const*, int const*, unsigned char* const*, int const*)",0x00032b34,"PVGCOLOR::PVGCropFunctions::transcode(unsigned char const* const*, int const*, unsigned char* const*, int const*)+0xb40",BRANCH
0x00032d10,"PVGCOLOR::PVGCropFunctions::transcode(unsigned char const* const*, int const*, unsigned char* const*, int const*)",0x00032a94,"PVGCOLOR::PVGCropFunctions::transcode(unsigned char const* const*, int const*, unsigned char* const*, int const*)+0xaa0",BRANCH
0x00032d84,"PVGCOLOR::PVGCropFunctions::transcode(unsigned char const* const*, int const*, unsigned char* const*, int const*)",0x00032b98,"PVGCOLOR::PVGCropFunctions::transcode(unsigned char const* const*, int const*, unsigned char* const*, int const*)+0xba4",BRANCH
0x00032d8c,"PVGCOLOR::PVGCropFunctions::transcode(unsigned char const* const*, int const*, unsigned char* const*, int const*)",0x00032bb8,"PVGCOLOR::PVGCropFunctions::transcode(unsigned char const* const*, int const*, unsigned char* const*, int const*)+0xbc4",BRANCH
0x00032d94,"PVGCOLOR::PVGCropFunctions::transcode(unsigned char const* const*, int const*, unsigned char* const*, int const*)",0x00032b9c,"PVGCOLOR::PVGCropFunctions::transcode(unsigned char const* const*, int const*, unsigned char* const*, int const*)+0xba8",BRANCH
0x00032e08,"PVGCOLOR::PVGCropFunctions::transcode(unsigned char const* const*, int const*, unsigned char* const*, int const*)",0x00032c40,"PVGCOLOR::PVGCropFunctions::transcode(unsigned char const* const*, int const*, unsigned char* const*, int const*)+0xc4c",BRANCH
0x00032e14,"PVGCOLOR::PVGCropFunctions::transcode(unsigned char const* const*, int const*, unsigned char* const*, int const*)",0x00032e58,"PVGCOLOR::PVGCropFunctions::transcode(unsigned char const* const*, int const*, unsigned char* const*, int const*)+0xe64",BRANCH
0x00032e1c,"PVGCOLOR::PVGCropFunctions::transcode(unsigned char const* const*, int const*, unsigned char* const*, int const*)",0x00032c44,"PVGCOLOR::PVGCropFunctions::transcode(unsigned char const* const*, int const*, unsigned char* const*, int const*)+0xc50",BRANCH
0x00032e2c,"PVGCOLOR::PVGCropFunctions::transcode(unsigned char const* const*, int const*, unsigned char* const*, int const*)",0x00032f20,"PVGCOLOR::PVGCropFunctions::transcode(unsigned char const* const*, int const*, unsigned char* const*, int const*)+0xf2c",BRANCH
0x00032e3c,"PVGCOLOR::PVGCropFunctions::transcode(unsigned char const* const*, int const*, unsigned char* const*, int const*)",0x00032e58,"PVGCOLOR::PVGCropFunctions::transcode(unsigned char const* const*, int const*, unsigned char* const*, int const*)+0xe64",BRANCH
0x00032e4c,"PVGCOLOR::PVGCropFunctions::transcode(unsigned char const* const*, int const*, unsigned char* const*, int const*)",0x00032fa8,"PVGCOLOR::PVGCropFunctions::transcode(unsigned char const* const*, int const*, unsigned char* const*, int const*)+0xfb4",BRANCH
0x00032e68,"PVGCOLOR::PVGCropFunctions::transcode(unsigned char const* const*, int const*, unsigned char* const*, int const*)",0x00032f1c,"PVGCOLOR::PVGCropFunctions::transcode(unsigned char const* const*, int const*, unsigned char* const*, int const*)+0xf28",BRANCH
0x00032ef0,"PVGCOLOR::PVGCropFunctions::transcode(unsigned char const* const*, int const*, unsigned char* const*, int const*)",0x000328a4,"PVGCOLOR::PVGCropFunctions::transcode(unsigned char const* const*, int const*, unsigned char* const*, int const*)+0x8b0",BRANCH
0x00032efc,"PVGCOLOR::PVGCropFunctions::transcode(unsigned char const* const*, int const*, unsigned char* const*, int const*)",0x00032a08,"PVGCOLOR::PVGCropFunctions::transcode(unsigned char const* const*, int const*, unsigned char* const*, int const*)+0xa14",BRANCH
0x00032f18,"PVGCOLOR::PVGCropFunctions::transcode(unsigned char const* const*, int const*, unsigned char* const*, int const*)",0x00032e6c,"PVGCOLOR::PVGCropFunctions::transcode(unsigned char const* const*, int const*, unsigned char* const*, int const*)+0xe78",BRANCH
0x00032f1c,"PVGCOLOR::PVGCropFunctions::transcode(unsigned char const* const*, int const*, unsigned char* const*, int const*)",0x00058cb0,__stack_chk_fail@plt,DIRECT_CALL
0x00032f90,"PVGCOLOR::PVGCropFunctions::transcode(unsigned char const* const*, int const*, unsigned char* const*, int const*)",0x0003294c,"PVGCOLOR::PVGCropFunctions::transcode(unsigned char const* const*, int const*, unsigned char* const*, int const*)+0x958",BRANCH
0x00032f9c,"PVGCOLOR::PVGCropFunctions::transcode(unsigned char const* const*, int const*, unsigned char* const*, int const*)",0x00032e34,"PVGCOLOR::PVGCropFunctions::transcode(unsigned char const* const*, int const*, unsigned char* const*, int const*)+0xe40",BRANCH
0x00032fa4,"PVGCOLOR::PVGCropFunctions::transcode(unsigned char const* const*, int const*, unsigned char* const*, int const*)",0x00032950,"PVGCOLOR::PVGCropFunctions::transcode(unsigned char const* const*, int const*, unsigned char* const*, int const*)+0x95c",BRANCH
0x00033018,"PVGCOLOR::PVGCropFunctions::transcode(unsigned char const* const*, int const*, unsigned char* const*, int const*)",0x000329dc,"PVGCOLOR::PVGCropFunctions::transcode(unsigned char const* const*, int const*, unsigned char* const*, int const*)+0x9e8",BRANCH
0x00033024,"PVGCOLOR::PVGCropFunctions::transcode(unsigned char const* const*, int const*, unsigned char* const*, int const*)",0x000329e4,"PVGCOLOR::PVGCropFunctions::transcode(unsigned char const* const*, int const*, unsigned char* const*, int const*)+0x9f0",BRANCH
0x0003302c,"PVGCOLOR::PVGCropFunctions::transcode(unsigned char const* const*, int const*, unsigned char* const*, int const*)",0x000329e0,"PVGCOLOR::PVGCropFunctions::transcode(unsigned char const* const*, int const*, unsigned char* const*, int const*)+0x9ec",BRANCH
0x00033060,"PVGCOLOR::PVGCropFunctions::transcode(unsigned char const* const*, int const*, unsigned char* const*, int const*)",0x00033078,"PVGCOLOR::PVGCropFunctions::transcode(unsigned char const* const*, int const*, unsigned char* const*, int const*)+0x1084",BRANCH
0x0003306c,"PVGCOLOR::PVGCropFunctions::transcode(unsigned char const* const*, int const*, unsigned char* const*, int const*)",0x00033054,"PVGCOLOR::PVGCropFunctions::transcode(unsigned char const* const*, int const*, unsigned char* const*, int const*)+0x1060",BRANCH
0x00033100,"PVGCOLOR::PVGCropFunctions::transcode(unsigned char const* const*, int const*, unsigned char* const*, int const*)",0x00058e40,memset@plt,DIRECT_CALL
0x0003310c,"PVGCOLOR::PVGCropFunctions::transcode(unsigned char const* const*, int const*, unsigned char* const*, int const*)",0x00033234,"PVGCOLOR::PVGCropFunctions::transcode(unsigned char const* const*, int const*, unsigned char* const*, int const*)+0x1240",BRANCH
0x00033160,"PVGCOLOR::PVGCropFunctions::transcode(unsigned char const* const*, int const*, unsigned char* const*, int const*)",0x00033230,"PVGCOLOR::PVGCropFunctions::transcode(unsigned char const* const*, int const*, unsigned char* const*, int const*)+0x123c",BRANCH
0x00033170,"PVGCOLOR::PVGCropFunctions::transcode(unsigned char const* const*, int const*, unsigned char* const*, int const*)",0x00033234,"PVGCOLOR::PVGCropFunctions::transcode(unsigned char const* const*, int const*, unsigned char* const*, int const*)+0x1240",BRANCH
0x00033178,"PVGCOLOR::PVGCropFunctions::transcode(unsigned char const* const*, int const*, unsigned char* const*, int const*)",0x00033234,"PVGCOLOR::PVGCropFunctions::transcode(unsigned char const* const*, int const*, unsigned char* const*, int const*)+0x1240",BRANCH
0x0003318c,"PVGCOLOR::PVGCropFunctions::transcode(unsigned char const* const*, int const*, unsigned char* const*, int const*)",0x00033234,"PVGCOLOR::PVGCropFunctions::transcode(unsigned char const* const*, int const*, unsigned char* const*, int const*)+0x1240",BRANCH
0x000331c4,"PVGCOLOR::PVGCropFunctions::transcode(unsigned char const* const*, int const*, unsigned char* const*, int const*)",0x00033230,"PVGCOLOR::PVGCropFunctions::transcode(unsigned char const* const*, int const*, unsigned char* const*, int const*)+0x123c",BRANCH
0x000331f4,"PVGCOLOR::PVGCropFunctions::transcode(unsigned char const* const*, int const*, unsigned char* const*, int const*)",0x00033230,"PVGCOLOR::PVGCropFunctions::transcode(unsigned char const* const*, int const*, unsigned char* const*, int const*)+0x123c",BRANCH
0x0003322c,"PVGCOLOR::PVGCropFunctions::transcode(unsigned char const* const*, int const*, unsigned char* const*, int const*)",0x00033268,"PVGCOLOR::PVGCropFunctions::transcode(unsigned char const* const*, int const*, unsigned char* const*, int const*)+0x1274",BRANCH
0x00033240,"PVGCOLOR::PVGCropFunctions::transcode(unsigned char const* const*, int const*, unsigned char* const*, int const*)",0x0003360c,"PVGCOLOR::PVGCropFunctions::transcode(unsigned char const* const*, int const*, unsigned char* const*, int const*)+0x1618",BRANCH
0x00033290,"PVGCOLOR::PVGCropFunctions::transcode(unsigned char const* const*, int const*, unsigned char* const*, int const*)",0x00033230,"PVGCOLOR::PVGCropFunctions::transcode(unsigned char const* const*, int const*, unsigned char* const*, int const*)+0x123c",BRANCH
0x0003329c,"PVGCOLOR::PVGCropFunctions::transcode(unsigned char const* const*, int const*, unsigned char* const*, int const*)",0x00033278,"PVGCOLOR::PVGCropFunctions::transcode(unsigned char const* const*, int const*, unsigned char* const*, int const*)+0x1284",BRANCH
0x000332ac,"PVGCOLOR::PVGCropFunctions::transcode(unsigned char const* const*, int const*, unsigned char* const*, int const*)",0x000332c0,"PVGCOLOR::PVGCropFunctions::transcode(unsigned char const* const*, int const*, unsigned char* const*, int const*)+0x12cc",BRANCH
0x000332bc,"PVGCOLOR::PVGCropFunctions::transcode(unsigned char const* const*, int const*, unsigned char* const*, int const*)",0x00033230,"PVGCOLOR::PVGCropFunctions::transcode(unsigned char const* const*, int const*, unsigned char* const*, int const*)+0x123c",BRANCH
0x000332cc,"PVGCOLOR::PVGCropFunctions::transcode(unsigned char const* const*, int const*, unsigned char* const*, int const*)",0x00033340,"PVGCOLOR::PVGCropFunctions::transcode(unsigned char const* const*, int const*, unsigned char* const*, int const*)+0x134c",BRANCH
0x000332e0,"PVGCOLOR::PVGCropFunctions::transcode(unsigned char const* const*, int const*, unsigned char* const*, int const*)",0x00033030,"PVGCOLOR::PVGCropFunctions::transcode(unsigned char const* const*, int const*, unsigned char* const*, int const*)+0x103c",DIRECT_CALL
0x000332f8,"PVGCOLOR::PVGCropFunctions::transcode(unsigned char const* const*, int const*, unsigned char* const*, int const*)",0x00033610,"PVGCOLOR::PVGCropFunctions::transcode(unsigned char const* const*, int const*, unsigned char* const*, int const*)+0x161c",DIRECT_CALL
0x0003332c,"PVGCOLOR::PVGCropFunctions::transcode(unsigned char const* const*, int const*, unsigned char* const*, int const*)",0x00033440,"PVGCOLOR::PVGCropFunctions::transcode(unsigned char const* const*, int const*, unsigned char* const*, int const*)+0x144c",BRANCH
0x0003333c,"PVGCOLOR::PVGCropFunctions::transcode(unsigned char const* const*, int const*, unsigned char* const*, int const*)",0x0003343c,"PVGCOLOR::PVGCropFunctions::transcode(unsigned char const* const*, int const*, unsigned char* const*, int const*)+0x1448",BRANCH
0x00033350,"PVGCOLOR::PVGCropFunctions::transcode(unsigned char const* const*, int const*, unsigned char* const*, int const*)",0x00033030,"PVGCOLOR::PVGCropFunctions::transcode(unsigned char const* const*, int const*, unsigned char* const*, int const*)+0x103c",DIRECT_CALL
0x00033368,"PVGCOLOR::PVGCropFunctions::transcode(unsigned char const* const*, int const*, unsigned char* const*, int const*)",0x00033030,"PVGCOLOR::PVGCropFunctions::transcode(unsigned char const* const*, int const*, unsigned char* const*, int const*)+0x103c",DIRECT_CALL
0x00033380,"PVGCOLOR::PVGCropFunctions::transcode(unsigned char const* const*, int const*, unsigned char* const*, int const*)",0x00033030,"PVGCOLOR::PVGCropFunctions::transcode(unsigned char const* const*, int const*, unsigned char* const*, int const*)+0x103c",DIRECT_CALL
0x00033398,"PVGCOLOR::PVGCropFunctions::transcode(unsigned char const* const*, int const*, unsigned char* const*, int const*)",0x00033610,"PVGCOLOR::PVGCropFunctions::transcode(unsigned char const* const*, int const*, unsigned char* const*, int const*)+0x161c",DIRECT_CALL
0x000333b0,"PVGCOLOR::PVGCropFunctions::transcode(unsigned char const* const*, int const*, unsigned char* const*, int const*)",0x00033610,"PVGCOLOR::PVGCropFunctions::transcode(unsigned char const* const*, int const*, unsigned char* const*, int const*)+0x161c",DIRECT_CALL
0x000333c8,"PVGCOLOR::PVGCropFunctions::transcode(unsigned char const* const*, int const*, unsigned char* const*, int const*)",0x00033610,"PVGCOLOR::PVGCropFunctions::transcode(unsigned char const* const*, int const*, unsigned char* const*, int const*)+0x161c",DIRECT_CALL
0x000333e8,"PVGCOLOR::PVGCropFunctions::transcode(unsigned char const* const*, int const*, unsigned char* const*, int const*)",0x00033030,"PVGCOLOR::PVGCropFunctions::transcode(unsigned char const* const*, int const*, unsigned char* const*, int const*)+0x103c",DIRECT_CALL
0x00033400,"PVGCOLOR::PVGCropFunctions::transcode(unsigned char const* const*, int const*, unsigned char* const*, int const*)",0x00033030,"PVGCOLOR::PVGCropFunctions::transcode(unsigned char const* const*, int const*, unsigned char* const*, int const*)+0x103c",DIRECT_CALL
0x00033418,"PVGCOLOR::PVGCropFunctions::transcode(unsigned char const* const*, int const*, unsigned char* const*, int const*)",0x00033030,"PVGCOLOR::PVGCropFunctions::transcode(unsigned char const* const*, int const*, unsigned char* const*, int const*)+0x103c",DIRECT_CALL
0x00033430,"PVGCOLOR::PVGCropFunctions::transcode(unsigned char const* const*, int const*, unsigned char* const*, int const*)",0x0003392c,"PVGCOLOR::PVGCropFunctions::transcode(unsigned char const* const*, int const*, unsigned char* const*, int const*)+0x1938",DIRECT_CALL
0x00033444,"PVGCOLOR::PVGCropFunctions::transcode(unsigned char const* const*, int const*, unsigned char* const*, int const*)",0x0003357c,"PVGCOLOR::PVGCropFunctions::transcode(unsigned char const* const*, int const*, unsigned char* const*, int const*)+0x1588",BRANCH
0x00033460,"PVGCOLOR::PVGCropFunctions::transcode(unsigned char const* const*, int const*, unsigned char* const*, int const*)",0x00033470,"PVGCOLOR::PVGCropFunctions::transcode(unsigned char const* const*, int const*, unsigned char* const*, int const*)+0x147c",BRANCH
0x0003346c,"PVGCOLOR::PVGCropFunctions::transcode(unsigned char const* const*, int const*, unsigned char* const*, int const*)",0x00033510,"PVGCOLOR::PVGCropFunctions::transcode(unsigned char const* const*, int const*, unsigned char* const*, int const*)+0x151c",BRANCH
0x00033478,"PVGCOLOR::PVGCropFunctions::transcode(unsigned char const* const*, int const*, unsigned char* const*, int const*)",0x00033230,"PVGCOLOR::PVGCropFunctions::transcode(unsigned char const* const*, int const*, unsigned char* const*, int const*)+0x123c",BRANCH
0x000334a0,"PVGCOLOR::PVGCropFunctions::transcode(unsigned char const* const*, int const*, unsigned char* const*, int const*)",0x000334b4,"PVGCOLOR::PVGCropFunctions::transcode(unsigned char const* const*, int const*, unsigned char* const*, int const*)+0x14c0",BRANCH
0x000334ac,"PVGCOLOR::PVGCropFunctions::transcode(unsigned char const* const*, int const*, unsigned char* const*, int const*)",0x00033494,"PVGCOLOR::PVGCropFunctions::transcode(unsigned char const* const*, int const*, unsigned char* const*, int const*)+0x14a0",BRANCH
0x000334b0,"PVGCOLOR::PVGCropFunctions::transcode(unsigned char const* const*, int const*, unsigned char* const*, int const*)",0x00033464,"PVGCOLOR::PVGCropFunctions::transcode(unsigned char const* const*, int const*, unsigned char* const*, int const*)+0x1470",BRANCH
0x000334f8,"PVGCOLOR::PVGCropFunctions::transcode(unsigned char const* const*, int const*, unsigned char* const*, int const*)",0x00033a28,"PVGCOLOR::PVGCropFunctions::transcode(unsigned char const* const*, int const*, unsigned char* const*, int const*)+0x1a34",DIRECT_CALL
0x00033514,"PVGCOLOR::PVGCropFunctions::transcode(unsigned char const* const*, int const*, unsigned char* const*, int const*)",0x0003357c,"PVGCOLOR::PVGCropFunctions::transcode(unsigned char const* const*, int const*, unsigned char* const*, int const*)+0x1588",BRANCH
0x00033528,"PVGCOLOR::PVGCropFunctions::transcode(unsigned char const* const*, int const*, unsigned char* const*, int const*)",0x00033230,"PVGCOLOR::PVGCropFunctions::transcode(unsigned char const* const*, int const*, unsigned char* const*, int const*)+0x123c",BRANCH
0x0003353c,"PVGCOLOR::PVGCropFunctions::transcode(unsigned char const* const*, int const*, unsigned char* const*, int const*)",0x00033030,"PVGCOLOR::PVGCropFunctions::transcode(unsigned char const* const*, int const*, unsigned char* const*, int const*)+0x103c",DIRECT_CALL
0x0003354c,"PVGCOLOR::PVGCropFunctions::transcode(unsigned char const* const*, int const*, unsigned char* const*, int const*)",0x00033520,"PVGCOLOR::PVGCropFunctions::transcode(unsigned char const* const*, int const*, unsigned char* const*, int const*)+0x152c",BRANCH
0x00033550,"PVGCOLOR::PVGCropFunctions::transcode(unsigned char const* const*, int const*, unsigned char* const*, int const*)",0x0003357c,"PVGCOLOR::PVGCropFunctions::transcode(unsigned char const* const*, int const*, unsigned char* const*, int const*)+0x1588",BRANCH
0x0003356c,"PVGCOLOR::PVGCropFunctions::transcode(unsigned char const* const*, int const*, unsigned char* const*, int const*)",0x00034670,"PVGCOLOR::PVGCropFunctions::transcode(unsigned char const* const*, int const*, unsigned char* const*, int const*)+0x267c",DIRECT_CALL
0x00033594,"PVGCOLOR::PVGCropFunctions::transcode(unsigned char const* const*, int const*, unsigned char* const*, int const*)",0x00033030,"PVGCOLOR::PVGCropFunctions::transcode(unsigned char const* const*, int const*, unsigned char* const*, int const*)+0x103c",DIRECT_CALL
0x000335a8,"PVGCOLOR::PVGCropFunctions::transcode(unsigned char const* const*, int const*, unsigned char* const*, int const*)",0x00033234,"PVGCOLOR::PVGCropFunctions::transcode(unsigned char const* const*, int const*, unsigned char* const*, int const*)+0x1240",BRANCH
0x000335b4,"PVGCOLOR::PVGCropFunctions::transcode(unsigned char const* const*, int const*, unsigned char* const*, int const*)",0x00033234,"PVGCOLOR::PVGCropFunctions::transcode(unsigned char const* const*, int const*, unsigned char* const*, int const*)+0x1240",BRANCH
0x000335f0,"PVGCOLOR::PVGCropFunctions::transcode(unsigned char const* const*, int const*, unsigned char* const*, int const*)",0x00033234,"PVGCOLOR::PVGCropFunctions::transcode(unsigned char const* const*, int const*, unsigned char* const*, int const*)+0x1240",BRANCH
0x00033608,"PVGCOLOR::PVGCropFunctions::transcode(unsigned char const* const*, int const*, unsigned char* const*, int const*)",0x00033234,"PVGCOLOR::PVGCropFunctions::transcode(unsigned char const* const*, int const*, unsigned char* const*, int const*)+0x1240",BRANCH
0x0003360c,"PVGCOLOR::PVGCropFunctions::transcode(unsigned char const* const*, int const*, unsigned char* const*, int const*)",0x00058cb0,__stack_chk_fail@plt,DIRECT_CALL
0x0003361c,"PVGCOLOR::PVGCropFunctions::transcode(unsigned char const* const*, int const*, unsigned char* const*, int const*)",0x000337a0,"PVGCOLOR::PVGCropFunctions::transcode(unsigned char const* const*, int const*, unsigned char* const*, int const*)+0x17ac",BRANCH
0x00033638,"PVGCOLOR::PVGCropFunctions::transcode(unsigned char const* const*, int const*, unsigned char* const*, int const*)",0x00033720,"PVGCOLOR::PVGCropFunctions::transcode(unsigned char const* const*, int const*, unsigned char* const*, int const*)+0x172c",BRANCH
0x00033648,"PVGCOLOR::PVGCropFunctions::transcode(unsigned char const* const*, int const*, unsigned char* const*, int const*)",0x00033740,"PVGCOLOR::PVGCropFunctions::transcode(unsigned char const* const*, int const*, unsigned char* const*, int const*)+0x174c",BRANCH
0x00033650,"PVGCOLOR::PVGCropFunctions::transcode(unsigned char const* const*, int const*, unsigned char* const*, int const*)",0x00033740,"PVGCOLOR::PVGCropFunctions::transcode(unsigned char const* const*, int const*, unsigned char* const*, int const*)+0x174c",BRANCH
0x00033664,"PVGCOLOR::PVGCropFunctions::transcode(unsigned char const* const*, int const*, unsigned char* const*, int const*)",0x00033740,"PVGCOLOR::PVGCropFunctions::transcode(unsigned char const* const*, int const*, unsigned char* const*, int const*)+0x174c",BRANCH
0x00033680,"PVGCOLOR::PVGCropFunctions::transcode(unsigned char const* const*, int const*, unsigned char* const*, int const*)",0x00033740,"PVGCOLOR::PVGCropFunctions::transcode(unsigned char const* const*, int const*, unsigned char* const*, int const*)+0x174c",BRANCH
0x000336c0,"PVGCOLOR::PVGCropFunctions::transcode(unsigned char const* const*, int const*, unsigned char* const*, int const*)",0x000337a8,"PVGCOLOR::PVGCropFunctions::transcode(unsigned char const* const*, int const*, unsigned char* const*, int const*)+0x17b4",BRANCH
0x000336c8,"PVGCOLOR::PVGCropFunctions::transcode(unsigned char const* const*, int const*, unsigned char* const*, int const*)",0x00033838,"PVGCOLOR::PVGCropFunctions::transcode(unsigned char const* const*, int const*, unsigned char* const*, int const*)+0x1844",BRANCH
0x000336d0,"PVGCOLOR::PVGCropFunctions::transcode(unsigned char const* const*, int const*, unsigned char* const*, int const*)",0x000338b8,"PVGCOLOR::PVGCropFunctions::transcode(unsigned char const* const*, int const*, unsigned char* const*, int const*)+0x18c4",BRANCH
0x00033708,"PVGCOLOR::PVGCropFunctions::transcode(unsigned char const* const*, int const*, unsigned char* const*, int const*)",0x00033740,"PVGCOLOR::PVGCropFunctions::transcode(unsigned char const* const*, int const*, unsigned char* const*, int const*)+0x174c",BRANCH
0x0003371c,"PVGCOLOR::PVGCropFunctions::transcode(unsigned char const* const*, int const*, unsigned char* const*, int const*)",0x000338b0,"PVGCOLOR::PVGCropFunctions::transcode(unsigned char const* const*, int const*, unsigned char* const*, int const*)+0x18bc",BRANCH
0x00033724,"PVGCOLOR::PVGCropFunctions::transcode(unsigned char const* const*, int const*, unsigned char* const*, int const*)",0x00033740,"PVGCOLOR::PVGCropFunctions::transcode(unsigned char const* const*, int const*, unsigned char* const*, int const*)+0x174c",BRANCH
0x0003373c,"PVGCOLOR::PVGCropFunctions::transcode(unsigned char const* const*, int const*, unsigned char* const*, int const*)",0x00033748,"PVGCOLOR::PVGCropFunctions::transcode(unsigned char const* const*, int const*, unsigned char* const*, int const*)+0x1754",BRANCH
0x00033754,"PVGCOLOR::PVGCropFunctions::transcode(unsigned char const* const*, int const*, unsigned char* const*, int const*)",0x00033790,"PVGCOLOR::PVGCropFunctions::transcode(unsigned char const* const*, int const*, unsigned char* const*, int const*)+0x179c",BRANCH
0x000337ac,"PVGCOLOR::PVGCropFunctions::transcode(unsigned char const* const*, int const*, unsigned char* const*, int const*)",0x0003386c,"PVGCOLOR::PVGCropFunctions::transcode(unsigned char const* const*, int const*, unsigned char* const*, int const*)+0x1878",BRANCH
0x000337c4,"PVGCOLOR::PVGCropFunctions::transcode(unsigned char const* const*, int const*, unsigned char* const*, int const*)",0x000338c8,"PVGCOLOR::PVGCropFunctions::transcode(unsigned char const* const*, int const*, unsigned char* const*, int const*)+0x18d4",BRANCH
0x00033828,"PVGCOLOR::PVGCropFunctions::transcode(unsigned char const* const*, int const*, unsigned char* const*, int const*)",0x000338c8,"PVGCOLOR::PVGCropFunctions::transcode(unsigned char const* const*, int const*, unsigned char* const*, int const*)+0x18d4",BRANCH
0x0003385c,"PVGCOLOR::PVGCropFunctions::transcode(unsigned char const* const*, int const*, unsigned char* const*, int const*)",0x00033740,"PVGCOLOR::PVGCropFunctions::transcode(unsigned char const* const*, int const*, unsigned char* const*, int const*)+0x174c",BRANCH
0x00033868,"PVGCOLOR::PVGCropFunctions::transcode(unsigned char const* const*, int const*, unsigned char* const*, int const*)",0x000338a8,"PVGCOLOR::PVGCropFunctions::transcode(unsigned char const* const*, int const*, unsigned char* const*, int const*)+0x18b4",BRANCH
0x000338b4,"PVGCOLOR::PVGCropFunctions::transcode(unsigned char const* const*, int const*, unsigned char* const*, int const*)",0x000338c8,"PVGCOLOR::PVGCropFunctions::transcode(unsigned char const* const*, int const*, unsigned char* const*, int const*)+0x18d4",BRANCH
0x000338cc,"PVGCOLOR::PVGCropFunctions::transcode(unsigned char const* const*, int const*, unsigned char* const*, int const*)",0x00033740,"PVGCOLOR::PVGCropFunctions::transcode(unsigned char const* const*, int const*, unsigned char* const*, int const*)+0x174c",BRANCH
0x000338f4,"PVGCOLOR::PVGCropFunctions::transcode(unsigned char const* const*, int const*, unsigned char* const*, int const*)",0x00033740,"PVGCOLOR::PVGCropFunctions::transcode(unsigned char const* const*, int const*, unsigned char* const*, int const*)+0x174c",BRANCH
0x000338fc,"PVGCOLOR::PVGCropFunctions::transcode(unsigned char const* const*, int const*, unsigned char* const*, int const*)",0x00033740,"PVGCOLOR::PVGCropFunctions::transcode(unsigned char const* const*, int const*, unsigned char* const*, int const*)+0x174c",BRANCH
0x00033904,"PVGCOLOR::PVGCropFunctions::transcode(unsigned char const* const*, int const*, unsigned char* const*, int const*)",0x00033740,"PVGCOLOR::PVGCropFunctions::transcode(unsigned char const* const*, int const*, unsigned char* const*, int const*)+0x174c",BRANCH
0x0003390c,"PVGCOLOR::PVGCropFunctions::transcode(unsigned char const* const*, int const*, unsigned char* const*, int const*)",0x00033740,"PVGCOLOR::PVGCropFunctions::transcode(unsigned char const* const*, int const*, unsigned char* const*, int const*)+0x174c",BRANCH
0x00033914,"PVGCOLOR::PVGCropFunctions::transcode(unsigned char const* const*, int const*, unsigned char* const*, int const*)",0x00033740,"PVGCOLOR::PVGCropFunctions::transcode(unsigned char const* const*, int const*, unsigned char* const*, int const*)+0x174c",BRANCH
0x00033920,"PVGCOLOR::PVGCropFunctions::transcode(unsigned char const* const*, int const*, unsigned char* const*, int const*)",0x00033740,"PVGCOLOR::PVGCropFunctions::transcode(unsigned char const* const*, int const*, unsigned char* const*, int const*)+0x174c",BRANCH
0x0003393c,"PVGCOLOR::PVGCropFunctions::transcode(unsigned char const* const*, int const*, unsigned char* const*, int const*)",0x000339e4,"PVGCOLOR::PVGCropFunctions::transcode(unsigned char const* const*, int const*, unsigned char* const*, int const*)+0x19f0",BRANCH
0x00033948,"PVGCOLOR::PVGCropFunctions::transcode(unsigned char const* const*, int const*, unsigned char* const*, int const*)",0x000339e4,"PVGCOLOR::PVGCropFunctions::transcode(unsigned char const* const*, int const*, unsigned char* const*, int const*)+0x19f0",BRANCH
0x00033988,"PVGCOLOR::PVGCropFunctions::transcode(unsigned char const* const*, int const*, unsigned char* const*, int const*)",0x000339e4,"PVGCOLOR::PVGCropFunctions::transcode(unsigned char const* const*, int const*, unsigned char* const*, int const*)+0x19f0",BRANCH
0x00033994,"PVGCOLOR::PVGCropFunctions::transcode(unsigned char const* const*, int const*, unsigned char* const*, int const*)",0x000339e4,"PVGCOLOR::PVGCropFunctions::transcode(unsigned char const* const*, int const*, unsigned char* const*, int const*)+0x19f0",BRANCH
0x000339d4,"PVGCOLOR::PVGCropFunctions::transcode(unsigned char const* const*, int const*, unsigned char* const*, int const*)",0x000339e4,"PVGCOLOR::PVGCropFunctions::transcode(unsigned char const* const*, int const*, unsigned char* const*, int const*)+0x19f0",BRANCH
0x000339e0,"PVGCOLOR::PVGCropFunctions::transcode(unsigned char const* const*, int const*, unsigned char* const*, int const*)",0x000339ec,"PVGCOLOR::PVGCropFunctions::transcode(unsigned char const* const*, int const*, unsigned char* const*, int const*)+0x19f8",BRANCH
0x00033a6c,"PVGCOLOR::PVGCropFunctions::transcode(unsigned char const* const*, int const*, unsigned char* const*, int const*)",0x00033a94,"PVGCOLOR::PVGCropFunctions::transcode(unsigned char const* const*, int const*, unsigned char* const*, int const*)+0x1aa0",BRANCH
0x00033a78,"PVGCOLOR::PVGCropFunctions::transcode(unsigned char const* const*, int const*, unsigned char* const*, int const*)",0x00033acc,"PVGCOLOR::PVGCropFunctions::transcode(unsigned char const* const*, int const*, unsigned char* const*, int const*)+0x1ad8",BRANCH
0x00033a8c,"PVGCOLOR::PVGCropFunctions::transcode(unsigned char const* const*, int const*, unsigned char* const*, int const*)",0x00033aa4,"PVGCOLOR::PVGCropFunctions::transcode(unsigned char const* const*, int const*, unsigned char* const*, int const*)+0x1ab0",BRANCH
0x00033a90,"PVGCOLOR::PVGCropFunctions::transcode(unsigned char const* const*, int const*, unsigned char* const*, int const*)",0x00033dc0,"PVGCOLOR::PVGCropFunctions::transcode(unsigned char const* const*, int const*, unsigned char* const*, int const*)+0x1dcc",BRANCH
0x00033aa0,"PVGCOLOR::PVGCropFunctions::transcode(unsigned char const* const*, int const*, unsigned char* const*, int const*)",0x00033dc0,"PVGCOLOR::PVGCropFunctions::transcode(unsigned char const* const*, int const*, unsigned char* const*, int const*)+0x1dcc",BRANCH
0x00033aac,"PVGCOLOR::PVGCropFunctions::transcode(unsigned char const* const*, int const*, unsigned char* const*, int const*)",0x00033c1c,"PVGCOLOR::PVGCropFunctions::transcode(unsigned char const* const*, int const*, unsigned char* const*, int const*)+0x1c28",BRANCH
0x00033ac4,"PVGCOLOR::PVGCropFunctions::transcode(unsigned char const* const*, int const*, unsigned char* const*, int const*)",0x00034048,"PVGCOLOR::PVGCropFunctions::transcode(unsigned char const* const*, int const*, unsigned char* const*, int const*)+0x2054",BRANCH
0x00033ac8,"PVGCOLOR::PVGCropFunctions::transcode(unsigned char const* const*, int const*, unsigned char* const*, int const*)",0x00033dd4,"PVGCOLOR::PVGCropFunctions::transcode(unsigned char const* const*, int const*, unsigned char* const*, int const*)+0x1de0",BRANCH
0x00033aec,"PVGCOLOR::PVGCropFunctions::transcode(unsigned char const* const*, int const*, unsigned char* const*, int const*)",0x00033a80,"PVGCOLOR::PVGCropFunctions::transcode(unsigned char const* const*, int const*, unsigned char* const*, int const*)+0x1a8c",BRANCH
0x00033af8,"PVGCOLOR::PVGCropFunctions::transcode(unsigned char const* const*, int const*, unsigned char* const*, int const*)",0x00033a80,"PVGCOLOR::PVGCropFunctions::transcode(unsigned char const* const*, int const*, unsigned char* const*, int const*)+0x1a8c",BRANCH
0x00033b10,"PVGCOLOR::PVGCropFunctions::transcode(unsigned char const* const*, int const*, unsigned char* const*, int const*)",0x00058e40,memset@plt,DIRECT_CALL
0x00033b1c,"PVGCOLOR::PVGCropFunctions::transcode(unsigned char const* const*, int const*, unsigned char* const*, int const*)",0x00033d94,"PVGCOLOR::PVGCropFunctions::transcode(unsigned char const* const*, int const*, unsigned char* const*, int const*)+0x1da0",BRANCH
0x00033b38,"PVGCOLOR::PVGCropFunctions::transcode(unsigned char const* const*, int const*, unsigned char* const*, int const*)",0x00033b64,"PVGCOLOR::PVGCropFunctions::transcode(unsigned char const* const*, int const*, unsigned char* const*, int const*)+0x1b70",BRANCH
0x00033b48,"PVGCOLOR::PVGCropFunctions::transcode(unsigned char const* const*, int const*, unsigned char* const*, int const*)",0x00033b64,"PVGCOLOR::PVGCropFunctions::transcode(unsigned char const* const*, int const*, unsigned char* const*, int const*)+0x1b70",BRANCH
0x00033b58,"PVGCOLOR::PVGCropFunctions::transcode(unsigned char const* const*, int const*, unsigned char* const*, int const*)",0x00033b64,"PVGCOLOR::PVGCropFunctions::transcode(unsigned char const* const*, int const*, unsigned char* const*, int const*)+0x1b70",BRANCH
0x00033b80,"PVGCOLOR::PVGCropFunctions::transcode(unsigned char const* const*, int const*, unsigned char* const*, int const*)",0x00033a7c,"PVGCOLOR::PVGCropFunctions::transcode(unsigned char const* const*, int const*, unsigned char* const*, int const*)+0x1a88",BRANCH
0x00033bbc,"PVGCOLOR::PVGCropFunctions::transcode(unsigned char const* const*, int const*, unsigned char* const*, int const*)",0x00033b98,"PVGCOLOR::PVGCropFunctions::transcode(unsigned char const* const*, int const*, unsigned char* const*, int const*)+0x1ba4",BRANCH
0x00033c00,"PVGCOLOR::PVGCropFunctions::transcode(unsigned char const* const*, int const*, unsigned char* const*, int const*)",0x00033be4,"PVGCOLOR::PVGCropFunctions::transcode(unsigned char const* const*, int const*, unsigned char* const*, int const*)+0x1bf0",BRANCH
0x00033c14,"PVGCOLOR::PVGCropFunctions::transcode(unsigned char const* const*, int const*, unsigned char* const*, int const*)",0x00033aa4,"PVGCOLOR::PVGCropFunctions::transcode(unsigned char const* const*, int const*, unsigned char* const*, int const*)+0x1ab0",BRANCH
0x00033c18,"PVGCOLOR::PVGCropFunctions::transcode(unsigned char const* const*, int const*, unsigned char* const*, int const*)",0x00033dc0,"PVGCOLOR::PVGCropFunctions::transcode(unsigned char const* const*, int const*, unsigned char* const*, int const*)+0x1dcc",BRANCH
0x00033c3c,"PVGCOLOR::PVGCropFunctions::transcode(unsigned char const* const*, int const*, unsigned char* const*, int const*)",0x00033dc0,"PVGCOLOR::PVGCropFunctions::transcode(unsigned char const* const*, int const*, unsigned char* const*, int const*)+0x1dcc",BRANCH
0x00033c48,"PVGCOLOR::PVGCropFunctions::transcode(unsigned char const* const*, int const*, unsigned char* const*, int const*)",0x00033dc0,"PVGCOLOR::PVGCropFunctions::transcode(unsigned char const* const*, int const*, unsigned char* const*, int const*)+0x1dcc",BRANCH
0x00033c60,"PVGCOLOR::PVGCropFunctions::transcode(unsigned char const* const*, int const*, unsigned char* const*, int const*)",0x00058e40,memset@plt,DIRECT_CALL
0x00033c6c,"PVGCOLOR::PVGCropFunctions::transcode(unsigned char const* const*, int const*, unsigned char* const*, int const*)",0x00033db4,"PVGCOLOR::PVGCropFunctions::transcode(unsigned char const* const*, int const*, unsigned char* const*, int const*)+0x1dc0",BRANCH
0x00033c90,"PVGCOLOR::PVGCropFunctions::transcode(unsigned char const* const*, int const*, unsigned char* const*, int const*)",0x00033db8,"PVGCOLOR::PVGCropFunctions::transcode(unsigned char const* const*, int const*, unsigned char* const*, int const*)+0x1dc4",BRANCH
0x00033cb4,"PVGCOLOR::PVGCropFunctions::transcode(unsigned char const* const*, int const*, unsigned char* const*, int const*)",0x00033dc0,"PVGCOLOR::PVGCropFunctions::transcode(unsigned char const* const*, int const*, unsigned char* const*, int const*)+0x1dcc",BRANCH
0x00033cd4,"PVGCOLOR::PVGCropFunctions::transcode(unsigned char const* const*, int const*, unsigned char* const*, int const*)",0x00033d00,"PVGCOLOR::PVGCropFunctions::transcode(unsigned char const* const*, int const*, unsigned char* const*, int const*)+0x1d0c",BRANCH
0x00033ce4,"PVGCOLOR::PVGCropFunctions::transcode(unsigned char const* const*, int const*, unsigned char* const*, int const*)",0x00033d00,"PVGCOLOR::PVGCropFunctions::transcode(unsigned char const* const*, int const*, unsigned char* const*, int const*)+0x1d0c",BRANCH
0x00033cf4,"PVGCOLOR::PVGCropFunctions::transcode(unsigned char const* const*, int const*, unsigned char* const*, int const*)",0x00033d00,"PVGCOLOR::PVGCropFunctions::transcode(unsigned char const* const*, int const*, unsigned char* const*, int const*)+0x1d0c",BRANCH
0x00033d18,"PVGCOLOR::PVGCropFunctions::transcode(unsigned char const* const*, int const*, unsigned char* const*, int const*)",0x00033ab0,"PVGCOLOR::PVGCropFunctions::transcode(unsigned char const* const*, int const*, unsigned char* const*, int const*)+0x1abc",BRANCH
0x00033d50,"PVGCOLOR::PVGCropFunctions::transcode(unsigned char const* const*, int const*, unsigned char* const*, int const*)",0x00033d30,"PVGCOLOR::PVGCropFunctions::transcode(unsigned char const* const*, int const*, unsigned char* const*, int const*)+0x1d3c",BRANCH
0x00033d8c,"PVGCOLOR::PVGCropFunctions::transcode(unsigned char const* const*, int const*, unsigned char* const*, int const*)",0x00033d70,"PVGCOLOR::PVGCropFunctions::transcode(unsigned char const* const*, int const*, unsigned char* const*, int const*)+0x1d7c",BRANCH
0x00033d90,"PVGCOLOR::PVGCropFunctions::transcode(unsigned char const* const*, int const*, unsigned char* const*, int const*)",0x00033dc0,"PVGCOLOR::PVGCropFunctions::transcode(unsigned char const* const*, int const*, unsigned char* const*, int const*)+0x1dcc",BRANCH
0x00033dac,"PVGCOLOR::PVGCropFunctions::transcode(unsigned char const* const*, int const*, unsigned char* const*, int const*)",0x00033aa4,"PVGCOLOR::PVGCropFunctions::transcode(unsigned char const* const*, int const*, unsigned char* const*, int const*)+0x1ab0",BRANCH
0x00033db0,"PVGCOLOR::PVGCropFunctions::transcode(unsigned char const* const*, int const*, unsigned char* const*, int const*)",0x00033dc0,"PVGCOLOR::PVGCropFunctions::transcode(unsigned char const* const*, int const*, unsigned char* const*, int const*)+0x1dcc",BRANCH
0x00033dd0,"PVGCOLOR::PVGCropFunctions::transcode(unsigned char const* const*, int const*, unsigned char* const*, int const*)",0x00034048,"PVGCOLOR::PVGCropFunctions::transcode(unsigned char const* const*, int const*, unsigned char* const*, int const*)+0x2054",BRANCH
0x00033ddc,"PVGCOLOR::PVGCropFunctions::transcode(unsigned char const* const*, int const*, unsigned char* const*, int const*)",0x00034538,"PVGCOLOR::PVGCropFunctions::transcode(unsigned char const* const*, int const*, unsigned char* const*, int const*)+0x2544",BRANCH
0x00033dfc,"PVGCOLOR::PVGCropFunctions::transcode(unsigned char const* const*, int const*, unsigned char* const*, int const*)",0x0003453c,"PVGCOLOR::PVGCropFunctions::transcode(unsigned char const* const*, int const*, unsigned char* const*, int const*)+0x2548",BRANCH
0x00033e04,"PVGCOLOR::PVGCropFunctions::transcode(unsigned char const* const*, int const*, unsigned char* const*, int const*)",0x0003453c,"PVGCOLOR::PVGCropFunctions::transcode(unsigned char const* const*, int const*, unsigned char* const*, int const*)+0x2548",BRANCH
0x00033e18,"PVGCOLOR::PVGCropFunctions::transcode(unsigned char const* const*, int const*, unsigned char* const*, int const*)",0x00034538,"PVGCOLOR::PVGCropFunctions::transcode(unsigned char const* const*, int const*, unsigned char* const*, int const*)+0x2544",BRANCH
0x00033e38,"PVGCOLOR::PVGCropFunctions::transcode(unsigned char const* const*, int const*, unsigned char* const*, int const*)",0x00033610,"PVGCOLOR::PVGCropFunctions::transcode(unsigned char const* const*, int const*, unsigned char* const*, int const*)+0x161c",DIRECT_CALL
0x00033e48,"PVGCOLOR::PVGCropFunctions::transcode(unsigned char const* const*, int const*, unsigned char* const*, int const*)",0x00034538,"PVGCOLOR::PVGCropFunctions::transcode(unsigned char const* const*, int const*, unsigned char* const*, int const*)+0x2544",BRANCH
0x00033e64,"PVGCOLOR::PVGCropFunctions::transcode(unsigned char const* const*, int const*, unsigned char* const*, int const*)",0x00034538,"PVGCOLOR::PVGCropFunctions::transcode(unsigned char const* const*, int const*, unsigned char* const*, int const*)+0x2544",BRANCH
0x00033e74,"PVGCOLOR::PVGCropFunctions::transcode(unsigned char const* const*, int const*, unsigned char* const*, int const*)",0x00033610,"PVGCOLOR::PVGCropFunctions::transcode(unsigned char const* const*, int const*, unsigned char* const*, int const*)+0x161c",DIRECT_CALL
0x00033e84,"PVGCOLOR::PVGCropFunctions::transcode(unsigned char const* const*, int const*, unsigned char* const*, int const*)",0x00034538,"PVGCOLOR::PVGCropFunctions::transcode(unsigned char const* const*, int const*, unsigned char* const*, int const*)+0x2544",BRANCH
0x00033ea0,"PVGCOLOR::PVGCropFunctions::transcode(unsigned char const* const*, int const*, unsigned char* const*, int const*)",0x00034538,"PVGCOLOR::PVGCropFunctions::transcode(unsigned char const* const*, int const*, unsigned char* const*, int const*)+0x2544",BRANCH
0x00033eb0,"PVGCOLOR::PVGCropFunctions::transcode(unsigned char const* const*, int const*, unsigned char* const*, int const*)",0x00033610,"PVGCOLOR::PVGCropFunctions::transcode(unsigned char const* const*, int const*, unsigned char* const*, int const*)+0x161c",DIRECT_CALL
0x00033ec0,"PVGCOLOR::PVGCropFunctions::transcode(unsigned char const* const*, int const*, unsigned char* const*, int const*)",0x00034538,"PVGCOLOR::PVGCropFunctions::transcode(unsigned char const* const*, int const*, unsigned char* const*, int const*)+0x2544",BRANCH
0x00033efc,"PVGCOLOR::PVGCropFunctions::transcode(unsigned char const* const*, int const*, unsigned char* const*, int const*)",0x000372b4,"PVGCOLOR::PVGCropFunctions::transcode(unsigned char const* const*, int const*, unsigned char* const*, int const*)+0x52c0",DIRECT_CALL
0x00033f18,"PVGCOLOR::PVGCropFunctions::transcode(unsigned char const* const*, int const*, unsigned char* const*, int const*)",0x00034538,"PVGCOLOR::PVGCropFunctions::transcode(unsigned char const* const*, int const*, unsigned char* const*, int const*)+0x2544",BRANCH
0x0003402c,"PVGCOLOR::PVGCropFunctions::transcode(unsigned char const* const*, int const*, unsigned char* const*, int const*)",0x00034578,"PVGCOLOR::PVGCropFunctions::transcode(unsigned char const* const*, int const*, unsigned char* const*, int const*)+0x2584",BRANCH
0x00034044,"PVGCOLOR::PVGCropFunctions::transcode(unsigned char const* const*, int const*, unsigned char* const*, int const*)",0x00033dd4,"PVGCOLOR::PVGCropFunctions::transcode(unsigned char const* const*, int const*, unsigned char* const*, int const*)+0x1de0",BRANCH
0x0003405c,"PVGCOLOR::PVGCropFunctions::transcode(unsigned char const* const*, int const*, unsigned char* const*, int const*)",0x000340c4,"PVGCOLOR::PVGCropFunctions::transcode(unsigned char const* const*, int const*, unsigned char* const*, int const*)+0x20d0",BRANCH
0x0003408c,"PVGCOLOR::PVGCropFunctions::transcode(unsigned char const* const*, int const*, unsigned char* const*, int const*)",0x00035a1c,"PVGCOLOR::PVGCropFunctions::transcode(unsigned char const* const*, int const*, unsigned char* const*, int const*)+0x3a28",DIRECT_CALL
0x0003409c,"PVGCOLOR::PVGCropFunctions::transcode(unsigned char const* const*, int const*, unsigned char* const*, int const*)",0x000340c4,"PVGCOLOR::PVGCropFunctions::transcode(unsigned char const* const*, int const*, unsigned char* const*, int const*)+0x20d0",BRANCH
0x000340a8,"PVGCOLOR::PVGCropFunctions::transcode(unsigned char const* const*, int const*, unsigned char* const*, int const*)",0x000340c4,"PVGCOLOR::PVGCropFunctions::transcode(unsigned char const* const*, int const*, unsigned char* const*, int const*)+0x20d0",BRANCH
0x000340c8,"PVGCOLOR::PVGCropFunctions::transcode(unsigned char const* const*, int const*, unsigned char* const*, int const*)",0x00034230,"PVGCOLOR::PVGCropFunctions::transcode(unsigned char const* const*, int const*, unsigned char* const*, int const*)+0x223c",BRANCH
0x000340d8,"PVGCOLOR::PVGCropFunctions::transcode(unsigned char const* const*, int const*, unsigned char* const*, int const*)",0x0003413c,"PVGCOLOR::PVGCropFunctions::transcode(unsigned char const* const*, int const*, unsigned char* const*, int const*)+0x2148",BRANCH
0x00034104,"PVGCOLOR::PVGCropFunctions::transcode(unsigned char const* const*, int const*, unsigned char* const*, int const*)",0x00035a1c,"PVGCOLOR::PVGCropFunctions::transcode(unsigned char const* const*, int const*, unsigned char* const*, int const*)+0x3a28",DIRECT_CALL
0x00034114,"PVGCOLOR::PVGCropFunctions::transcode(unsigned char const* const*, int const*, unsigned char* const*, int const*)",0x0003413c,"PVGCOLOR::PVGCropFunctions::transcode(unsigned char const* const*, int const*, unsigned char* const*, int const*)+0x2148",BRANCH
0x00034120,"PVGCOLOR::PVGCropFunctions::transcode(unsigned char const* const*, int const*, unsigned char* const*, int const*)",0x0003413c,"PVGCOLOR::PVGCropFunctions::transcode(unsigned char const* const*, int const*, unsigned char* const*, int const*)+0x2148",BRANCH
0x00034140,"PVGCOLOR::PVGCropFunctions::transcode(unsigned char const* const*, int const*, unsigned char* const*, int const*)",0x00034230,"PVGCOLOR::PVGCropFunctions::transcode(unsigned char const* const*, int const*, unsigned char* const*, int const*)+0x223c",BRANCH
0x00034150,"PVGCOLOR::PVGCropFunctions::transcode(unsigned char const* const*, int const*, unsigned char* const*, int const*)",0x000341b4,"PVGCOLOR::PVGCropFunctions::transcode(unsigned char const* const*, int const*, unsigned char* const*, int const*)+0x21c0",BRANCH
0x0003417c,"PVGCOLOR::PVGCropFunctions::transcode(unsigned char const* const*, int const*, unsigned char* const*, int const*)",0x00035a1c,"PVGCOLOR::PVGCropFunctions::transcode(unsigned char const* const*, int const*, unsigned char* const*, int const*)+0x3a28",DIRECT_CALL
0x0003418c,"PVGCOLOR::PVGCropFunctions::transcode(unsigned char const* const*, int const*, unsigned char* const*, int const*)",0x000341b4,"PVGCOLOR::PVGCropFunctions::transcode(unsigned char const* const*, int const*, unsigned char* const*, int const*)+0x21c0",BRANCH
0x00034198,"PVGCOLOR::PVGCropFunctions::transcode(unsigned char const* const*, int const*, unsigned char* const*, int const*)",0x000341b4,"PVGCOLOR::PVGCropFunctions::transcode(unsigned char const* const*, int const*, unsigned char* const*, int const*)+0x21c0",BRANCH
0x000341b8,"PVGCOLOR::PVGCropFunctions::transcode(unsigned char const* const*, int const*, unsigned char* const*, int const*)",0x00034230,"PVGCOLOR::PVGCropFunctions::transcode(unsigned char const* const*, int const*, unsigned char* const*, int const*)+0x223c",BRANCH
0x000341c8,"PVGCOLOR::PVGCropFunctions::transcode(unsigned char const* const*, int const*, unsigned char* const*, int const*)",0x00034230,"PVGCOLOR::PVGCropFunctions::transcode(unsigned char const* const*, int const*, unsigned char* const*, int const*)+0x223c",BRANCH
0x000341f4,"PVGCOLOR::PVGCropFunctions::transcode(unsigned char const* const*, int const*, unsigned char* const*, int const*)",0x00035a1c,"PVGCOLOR::PVGCropFunctions::transcode(unsigned char const* const*, int const*, unsigned char* const*, int const*)+0x3a28",DIRECT_CALL
0x000341fc,"PVGCOLOR::PVGCropFunctions::transcode(unsigned char const* const*, int const*, unsigned char* const*, int const*)",0x00034230,"PVGCOLOR::PVGCropFunctions::transcode(unsigned char const* const*, int const*, unsigned char* const*, int const*)+0x223c",BRANCH
0x00034208,"PVGCOLOR::PVGCropFunctions::transcode(unsigned char const* const*, int const*, unsigned char* const*, int const*)",0x00034230,"PVGCOLOR::PVGCropFunctions::transcode(unsigned char const* const*, int const*, unsigned char* const*, int const*)+0x223c",BRANCH
0x00034214,"PVGCOLOR::PVGCropFunctions::transcode(unsigned char const* const*, int const*, unsigned char* const*, int const*)",0x00034230,"PVGCOLOR::PVGCropFunctions::transcode(unsigned char const* const*, int const*, unsigned char* const*, int const*)+0x223c",BRANCH
0x00034244,"PVGCOLOR::PVGCropFunctions::transcode(unsigned char const* const*, int const*, unsigned char* const*, int const*)",0x000342a8,"PVGCOLOR::PVGCropFunctions::transcode(unsigned char const* const*, int const*, unsigned char* const*, int const*)+0x22b4",BRANCH
0x00034270,"PVGCOLOR::PVGCropFunctions::transcode(unsigned char const* const*, int const*, unsigned char* const*, int const*)",0x00035a1c,"PVGCOLOR::PVGCropFunctions::transcode(unsigned char const* const*, int const*, unsigned char* const*, int const*)+0x3a28",DIRECT_CALL
0x00034280,"PVGCOLOR::PVGCropFunctions::transcode(unsigned char const* const*, int const*, unsigned char* const*, int const*)",0x000342a8,"PVGCOLOR::PVGCropFunctions::transcode(unsigned char const* const*, int const*, unsigned char* const*, int const*)+0x22b4",BRANCH
0x0003428c,"PVGCOLOR::PVGCropFunctions::transcode(unsigned char const* const*, int const*, unsigned char* const*, int const*)",0x000342a8,"PVGCOLOR::PVGCropFunctions::transcode(unsigned char const* const*, int const*, unsigned char* const*, int const*)+0x22b4",BRANCH
0x000342ac,"PVGCOLOR::PVGCropFunctions::transcode(unsigned char const* const*, int const*, unsigned char* const*, int const*)",0x0003439c,"PVGCOLOR::PVGCropFunctions::transcode(unsigned char const* const*, int const*, unsigned char* const*, int const*)+0x23a8",BRANCH
0x000342bc,"PVGCOLOR::PVGCropFunctions::transcode(unsigned char const* const*, int const*, unsigned char* const*, int const*)",0x00034320,"PVGCOLOR::PVGCropFunctions::transcode(unsigned char const* const*, int const*, unsigned char* const*, int const*)+0x232c",BRANCH
0x000342e8,"PVGCOLOR::PVGCropFunctions::transcode(unsigned char const* const*, int const*, unsigned char* const*, int const*)",0x00035a1c,"PVGCOLOR::PVGCropFunctions::transcode(unsigned char const* const*, int const*, unsigned char* const*, int const*)+0x3a28",DIRECT_CALL
0x000342f8,"PVGCOLOR::PVGCropFunctions::transcode(unsigned char const* const*, int const*, unsigned char* const*, int const*)",0x00034320,"PVGCOLOR::PVGCropFunctions::transcode(unsigned char const* const*, int const*, unsigned char* const*, int const*)+0x232c",BRANCH
0x00034304,"PVGCOLOR::PVGCropFunctions::transcode(unsigned char const* const*, int const*, unsigned char* const*, int const*)",0x00034320,"PVGCOLOR::PVGCropFunctions::transcode(unsigned char const* const*, int const*, unsigned char* const*, int const*)+0x232c",BRANCH
0x00034324,"PVGCOLOR::PVGCropFunctions::transcode(unsigned char const* const*, int const*, unsigned char* const*, int const*)",0x0003439c,"PVGCOLOR::PVGCropFunctions::transcode(unsigned char const* const*, int const*, unsigned char* const*, int const*)+0x23a8",BRANCH
0x00034334,"PVGCOLOR::PVGCropFunctions::transcode(unsigned char const* const*, int const*, unsigned char* const*, int const*)",0x0003439c,"PVGCOLOR::PVGCropFunctions::transcode(unsigned char const* const*, int const*, unsigned char* const*, int const*)+0x23a8",BRANCH
0x00034360,"PVGCOLOR::PVGCropFunctions::transcode(unsigned char const* const*, int const*, unsigned char* const*, int const*)",0x00035a1c,"PVGCOLOR::PVGCropFunctions::transcode(unsigned char const* const*, int const*, unsigned char* const*, int const*)+0x3a28",DIRECT_CALL
0x00034368,"PVGCOLOR::PVGCropFunctions::transcode(unsigned char const* const*, int const*, unsigned char* const*, int const*)",0x0003439c,"PVGCOLOR::PVGCropFunctions::transcode(unsigned char const* const*, int const*, unsigned char* const*, int const*)+0x23a8",BRANCH
0x00034374,"PVGCOLOR::PVGCropFunctions::transcode(unsigned char const* const*, int const*, unsigned char* const*, int const*)",0x0003439c,"PVGCOLOR::PVGCropFunctions::transcode(unsigned char const* const*, int const*, unsigned char* const*, int const*)+0x23a8",BRANCH
0x00034380,"PVGCOLOR::PVGCropFunctions::transcode(unsigned char const* const*, int const*, unsigned char* const*, int const*)",0x0003439c,"PVGCOLOR::PVGCropFunctions::transcode(unsigned char const* const*, int const*, unsigned char* const*, int const*)+0x23a8",BRANCH
0x000343ac,"PVGCOLOR::PVGCropFunctions::transcode(unsigned char const* const*, int const*, unsigned char* const*, int const*)",0x00034420,"PVGCOLOR::PVGCropFunctions::transcode(unsigned char const* const*, int const*, unsigned char* const*, int const*)+0x242c",BRANCH
0x000343dc,"PVGCOLOR::PVGCropFunctions::transcode(unsigned char const* const*, int const*, unsigned char* const*, int const*)",0x00035a1c,"PVGCOLOR::PVGCropFunctions::transcode(unsigned char const* const*, int const*, unsigned char* const*, int const*)+0x3a28",DIRECT_CALL
0x000343ec,"PVGCOLOR::PVGCropFunctions::transcode(unsigned char const* const*, int const*, unsigned char* const*, int const*)",0x00034420,"PVGCOLOR::PVGCropFunctions::transcode(unsigned char const* const*, int const*, unsigned char* const*, int const*)+0x242c",BRANCH
0x000343f8,"PVGCOLOR::PVGCropFunctions::transcode(unsigned char const* const*, int const*, unsigned char* const*, int const*)",0x00034420,"PVGCOLOR::PVGCropFunctions::transcode(unsigned char const* const*, int const*, unsigned char* const*, int const*)+0x242c",BRANCH
0x00034424,"PVGCOLOR::PVGCropFunctions::transcode(unsigned char const* const*, int const*, unsigned char* const*, int const*)",0x0003452c,"PVGCOLOR::PVGCropFunctions::transcode(unsigned char const* const*, int const*, unsigned char* const*, int const*)+0x2538",BRANCH
0x00034430,"PVGCOLOR::PVGCropFunctions::transcode(unsigned char const* const*, int const*, unsigned char* const*, int const*)",0x000344a4,"PVGCOLOR::PVGCropFunctions::transcode(unsigned char const* const*, int const*, unsigned char* const*, int const*)+0x24b0",BRANCH
0x00034460,"PVGCOLOR::PVGCropFunctions::transcode(unsigned char const* const*, int const*, unsigned char* const*, int const*)",0x00035a1c,"PVGCOLOR::PVGCropFunctions::transcode(unsigned char const* const*, int const*, unsigned char* const*, int const*)+0x3a28",DIRECT_CALL
0x00034470,"PVGCOLOR::PVGCropFunctions::transcode(unsigned char const* const*, int const*, unsigned char* const*, int const*)",0x000344a4,"PVGCOLOR::PVGCropFunctions::transcode(unsigned char const* const*, int const*, unsigned char* const*, int const*)+0x24b0",BRANCH
0x0003447c,"PVGCOLOR::PVGCropFunctions::transcode(unsigned char const* const*, int const*, unsigned char* const*, int const*)",0x000344a4,"PVGCOLOR::PVGCropFunctions::transcode(unsigned char const* const*, int const*, unsigned char* const*, int const*)+0x24b0",BRANCH
0x000344a8,"PVGCOLOR::PVGCropFunctions::transcode(unsigned char const* const*, int const*, unsigned char* const*, int const*)",0x0003452c,"PVGCOLOR::PVGCropFunctions::transcode(unsigned char const* const*, int const*, unsigned char* const*, int const*)+0x2538",BRANCH
0x000344b4,"PVGCOLOR::PVGCropFunctions::transcode(unsigned char const* const*, int const*, unsigned char* const*, int const*)",0x0003452c,"PVGCOLOR::PVGCropFunctions::transcode(unsigned char const* const*, int const*, unsigned char* const*, int const*)+0x2538",BRANCH
0x000344e4,"PVGCOLOR::PVGCropFunctions::transcode(unsigned char const* const*, int const*, unsigned char* const*, int const*)",0x00035a1c,"PVGCOLOR::PVGCropFunctions::transcode(unsigned char const* const*, int const*, unsigned char* const*, int const*)+0x3a28",DIRECT_CALL
0x000344ec,"PVGCOLOR::PVGCropFunctions::transcode(unsigned char const* const*, int const*, unsigned char* const*, int const*)",0x0003452c,"PVGCOLOR::PVGCropFunctions::transcode(unsigned char const* const*, int const*, unsigned char* const*, int const*)+0x2538",BRANCH
0x000344f8,"PVGCOLOR::PVGCropFunctions::transcode(unsigned char const* const*, int const*, unsigned char* const*, int const*)",0x0003452c,"PVGCOLOR::PVGCropFunctions::transcode(unsigned char const* const*, int const*, unsigned char* const*, int const*)+0x2538",BRANCH
0x00034504,"PVGCOLOR::PVGCropFunctions::transcode(unsigned char const* const*, int const*, unsigned char* const*, int const*)",0x0003452c,"PVGCOLOR::PVGCropFunctions::transcode(unsigned char const* const*, int const*, unsigned char* const*, int const*)+0x2538",BRANCH
0x00034530,"PVGCOLOR::PVGCropFunctions::transcode(unsigned char const* const*, int const*, unsigned char* const*, int const*)",0x0003453c,"PVGCOLOR::PVGCropFunctions::transcode(unsigned char const* const*, int const*, unsigned char* const*, int const*)+0x2548",BRANCH
0x00034548,"PVGCOLOR::PVGCropFunctions::transcode(unsigned char const* const*, int const*, unsigned char* const*, int const*)",0x0003460c,"PVGCOLOR::PVGCropFunctions::transcode(unsigned char const* const*, int const*, unsigned char* const*, int const*)+0x2618",BRANCH
0x00034598,"PVGCOLOR::PVGCropFunctions::transcode(unsigned char const* const*, int const*, unsigned char* const*, int const*)",0x000372b4,"PVGCOLOR::PVGCropFunctions::transcode(unsigned char const* const*, int const*, unsigned char* const*, int const*)+0x52c0",DIRECT_CALL
0x000345b4,"PVGCOLOR::PVGCropFunctions::transcode(unsigned char const* const*, int const*, unsigned char* const*, int const*)",0x00034538,"PVGCOLOR::PVGCropFunctions::transcode(unsigned char const* const*, int const*, unsigned char* const*, int const*)+0x2544",BRANCH
0x000345cc,"PVGCOLOR::PVGCropFunctions::transcode(unsigned char const* const*, int const*, unsigned char* const*, int const*)",0x00034610,"PVGCOLOR::PVGCropFunctions::transcode(unsigned char const* const*, int const*, unsigned char* const*, int const*)+0x261c",BRANCH
0x000345d4,"PVGCOLOR::PVGCropFunctions::transcode(unsigned char const* const*, int const*, unsigned char* const*, int const*)",0x00034538,"PVGCOLOR::PVGCropFunctions::transcode(unsigned char const* const*, int const*, unsigned char* const*, int const*)+0x2544",BRANCH
0x000345e4,"PVGCOLOR::PVGCropFunctions::transcode(unsigned char const* const*, int const*, unsigned char* const*, int const*)",0x00034618,"PVGCOLOR::PVGCropFunctions::transcode(unsigned char const* const*, int const*, unsigned char* const*, int const*)+0x2624",BRANCH
0x000345f8,"PVGCOLOR::PVGCropFunctions::transcode(unsigned char const* const*, int const*, unsigned char* const*, int const*)",0x00034538,"PVGCOLOR::PVGCropFunctions::transcode(unsigned char const* const*, int const*, unsigned char* const*, int const*)+0x2544",BRANCH
0x00034608,"PVGCOLOR::PVGCropFunctions::transcode(unsigned char const* const*, int const*, unsigned char* const*, int const*)",0x0003439c,"PVGCOLOR::PVGCropFunctions::transcode(unsigned char const* const*, int const*, unsigned char* const*, int const*)+0x23a8",BRANCH
0x0003460c,"PVGCOLOR::PVGCropFunctions::transcode(unsigned char const* const*, int const*, unsigned char* const*, int const*)",0x00058cb0,__stack_chk_fail@plt,DIRECT_CALL
0x00034644,"PVGCOLOR::PVGCropFunctions::transcode(unsigned char const* const*, int const*, unsigned char* const*, int const*)",0x00034538,"PVGCOLOR::PVGCropFunctions::transcode(unsigned char const* const*, int const*, unsigned char* const*, int const*)+0x2544",BRANCH
0x00034654,"PVGCOLOR::PVGCropFunctions::transcode(unsigned char const* const*, int const*, unsigned char* const*, int const*)",0x00034638,"PVGCOLOR::PVGCropFunctions::transcode(unsigned char const* const*, int const*, unsigned char* const*, int const*)+0x2644",BRANCH
0x00034668,"PVGCOLOR::PVGCropFunctions::transcode(unsigned char const* const*, int const*, unsigned char* const*, int const*)",0x00034538,"PVGCOLOR::PVGCropFunctions::transcode(unsigned char const* const*, int const*, unsigned char* const*, int const*)+0x2544",BRANCH
0x0003466c,"PVGCOLOR::PVGCropFunctions::transcode(unsigned char const* const*, int const*, unsigned char* const*, int const*)",0x00034050,"PVGCOLOR::PVGCropFunctions::transcode(unsigned char const* const*, int const*, unsigned char* const*, int const*)+0x205c",BRANCH
0x000346b4,"PVGCOLOR::PVGCropFunctions::transcode(unsigned char const* const*, int const*, unsigned char* const*, int const*)",0x000346dc,"PVGCOLOR::PVGCropFunctions::transcode(unsigned char const* const*, int const*, unsigned char* const*, int const*)+0x26e8",BRANCH
0x000346c0,"PVGCOLOR::PVGCropFunctions::transcode(unsigned char const* const*, int const*, unsigned char* const*, int const*)",0x00034e6c,"PVGCOLOR::PVGCropFunctions::transcode(unsigned char const* const*, int const*, unsigned char* const*, int const*)+0x2e78",BRANCH
0x000346d4,"PVGCOLOR::PVGCropFunctions::transcode(unsigned char const* const*, int const*, unsigned char* const*, int const*)",0x000346ec,"PVGCOLOR::PVGCropFunctions::transcode(unsigned char const* const*, int const*, unsigned char* const*, int const*)+0x26f8",BRANCH
0x000346d8,"PVGCOLOR::PVGCropFunctions::transcode(unsigned char const* const*, int const*, unsigned char* const*, int const*)",0x000346fc,"PVGCOLOR::PVGCropFunctions::transcode(unsigned char const* const*, int const*, unsigned char* const*, int const*)+0x2708",BRANCH
0x000346e8,"PVGCOLOR::PVGCropFunctions::transcode(unsigned char const* const*, int const*, unsigned char* const*, int const*)",0x000346fc,"PVGCOLOR::PVGCropFunctions::transcode(unsigned char const* const*, int const*, unsigned char* const*, int const*)+0x2708",BRANCH
0x000346f4,"PVGCOLOR::PVGCropFunctions::transcode(unsigned char const* const*, int const*, unsigned char* const*, int const*)",0x00034ef0,"PVGCOLOR::PVGCropFunctions::transcode(unsigned char const* const*, int const*, unsigned char* const*, int const*)+0x2efc",BRANCH
0x0003470c,"PVGCOLOR::PVGCropFunctions::transcode(unsigned char const* const*, int const*, unsigned char* const*, int const*)",0x00034978,"PVGCOLOR::PVGCropFunctions::transcode(unsigned char const* const*, int const*, unsigned char* const*, int const*)+0x2984",BRANCH
0x00034718,"PVGCOLOR::PVGCropFunctions::transcode(unsigned char const* const*, int const*, unsigned char* const*, int const*)",0x000350e0,"PVGCOLOR::PVGCropFunctions::transcode(unsigned char const* const*, int const*, unsigned char* const*, int const*)+0x30ec",BRANCH
0x00034738,"PVGCOLOR::PVGCropFunctions::transcode(unsigned char const* const*, int const*, unsigned char* const*, int const*)",0x000350e4,"PVGCOLOR::PVGCropFunctions::transcode(unsigned char const* const*, int const*, unsigned char* const*, int const*)+0x30f0",BRANCH
0x00034744,"PVGCOLOR::PVGCropFunctions::transcode(unsigned char const* const*, int const*, unsigned char* const*, int const*)",0x000350e4,"PVGCOLOR::PVGCropFunctions::transcode(unsigned char const* const*, int const*, unsigned char* const*, int const*)+0x30f0",BRANCH
0x0003475c,"PVGCOLOR::PVGCropFunctions::transcode(unsigned char const* const*, int const*, unsigned char* const*, int const*)",0x000350e4,"PVGCOLOR::PVGCropFunctions::transcode(unsigned char const* const*, int const*, unsigned char* const*, int const*)+0x30f0",BRANCH
0x0003477c,"PVGCOLOR::PVGCropFunctions::transcode(unsigned char const* const*, int const*, unsigned char* const*, int const*)",0x00033610,"PVGCOLOR::PVGCropFunctions::transcode(unsigned char const* const*, int const*, unsigned char* const*, int const*)+0x161c",DIRECT_CALL
0x0003478c,"PVGCOLOR::PVGCropFunctions::transcode(unsigned char const* const*, int const*, unsigned char* const*, int const*)",0x000350e0,"PVGCOLOR::PVGCropFunctions::transcode(unsigned char const* const*, int const*, unsigned char* const*, int const*)+0x30ec",BRANCH
0x000347a8,"PVGCOLOR::PVGCropFunctions::transcode(unsigned char const* const*, int const*, unsigned char* const*, int const*)",0x000350e0,"PVGCOLOR::PVGCropFunctions::transcode(unsigned char const* const*, int const*, unsigned char* const*, int const*)+0x30ec",BRANCH
0x000347b8,"PVGCOLOR::PVGCropFunctions::transcode(unsigned char const* const*, int const*, unsigned char* const*, int const*)",0x00033610,"PVGCOLOR::PVGCropFunctions::transcode(unsigned char const* const*, int const*, unsigned char* const*, int const*)+0x161c",DIRECT_CALL
0x000347c8,"PVGCOLOR::PVGCropFunctions::transcode(unsigned char const* const*, int const*, unsigned char* const*, int const*)",0x000350e0,"PVGCOLOR::PVGCropFunctions::transcode(unsigned char const* const*, int const*, unsigned char* const*, int const*)+0x30ec",BRANCH
0x000347e4,"PVGCOLOR::PVGCropFunctions::transcode(unsigned char const* const*, int const*, unsigned char* const*, int const*)",0x000350e0,"PVGCOLOR::PVGCropFunctions::transcode(unsigned char const* const*, int const*, unsigned char* const*, int const*)+0x30ec",BRANCH
0x000347f4,"PVGCOLOR::PVGCropFunctions::transcode(unsigned char const* const*, int const*, unsigned char* const*, int const*)",0x00033610,"PVGCOLOR::PVGCropFunctions::transcode(unsigned char const* const*, int const*, unsigned char* const*, int const*)+0x161c",DIRECT_CALL
0x00034804,"PVGCOLOR::PVGCropFunctions::transcode(unsigned char const* const*, int const*, unsigned char* const*, int const*)",0x000350e0,"PVGCOLOR::PVGCropFunctions::transcode(unsigned char const* const*, int const*, unsigned char* const*, int const*)+0x30ec",BRANCH
0x00034840,"PVGCOLOR::PVGCropFunctions::transcode(unsigned char const* const*, int const*, unsigned char* const*, int const*)",0x000372b4,"PVGCOLOR::PVGCropFunctions::transcode(unsigned char const* const*, int const*, unsigned char* const*, int const*)+0x52c0",DIRECT_CALL
0x0003485c,"PVGCOLOR::PVGCropFunctions::transcode(unsigned char const* const*, int const*, unsigned char* const*, int const*)",0x000350e0,"PVGCOLOR::PVGCropFunctions::transcode(unsigned char const* const*, int const*, unsigned char* const*, int const*)+0x30ec",BRANCH
0x00034974,"PVGCOLOR::PVGCropFunctions::transcode(unsigned char const* const*, int const*, unsigned char* const*, int const*)",0x00035120,"PVGCOLOR::PVGCropFunctions::transcode(unsigned char const* const*, int const*, unsigned char* const*, int const*)+0x312c",BRANCH
0x0003498c,"PVGCOLOR::PVGCropFunctions::transcode(unsigned char const* const*, int const*, unsigned char* const*, int const*)",0x000349f4,"PVGCOLOR::PVGCropFunctions::transcode(unsigned char const* const*, int const*, unsigned char* const*, int const*)+0x2a00",BRANCH
0x000349bc,"PVGCOLOR::PVGCropFunctions::transcode(unsigned char const* const*, int const*, unsigned char* const*, int const*)",0x00035a1c,"PVGCOLOR::PVGCropFunctions::transcode(unsigned char const* const*, int const*, unsigned char* const*, int const*)+0x3a28",DIRECT_CALL
0x000349cc,"PVGCOLOR::PVGCropFunctions::transcode(unsigned char const* const*, int const*, unsigned char* const*, int const*)",0x000349f4,"PVGCOLOR::PVGCropFunctions::transcode(unsigned char const* const*, int const*, unsigned char* const*, int const*)+0x2a00",BRANCH
0x000349d8,"PVGCOLOR::PVGCropFunctions::transcode(unsigned char const* const*, int const*, unsigned char* const*, int const*)",0x000349f4,"PVGCOLOR::PVGCropFunctions::transcode(unsigned char const* const*, int const*, unsigned char* const*, int const*)+0x2a00",BRANCH
0x000349f8,"PVGCOLOR::PVGCropFunctions::transcode(unsigned char const* const*, int const*, unsigned char* const*, int const*)",0x00034ae4,"PVGCOLOR::PVGCropFunctions::transcode(unsigned char const* const*, int const*, unsigned char* const*, int const*)+0x2af0",BRANCH
0x00034a08,"PVGCOLOR::PVGCropFunctions::transcode(unsigned char const* const*, int const*, unsigned char* const*, int const*)",0x00034a6c,"PVGCOLOR::PVGCropFunctions::transcode(unsigned char const* const*, int const*, unsigned char* const*, int const*)+0x2a78",BRANCH
0x00034a34,"PVGCOLOR::PVGCropFunctions::transcode(unsigned char const* const*, int const*, unsigned char* const*, int const*)",0x00035a1c,"PVGCOLOR::PVGCropFunctions::transcode(unsigned char const* const*, int const*, unsigned char* const*, int const*)+0x3a28",DIRECT_CALL
0x00034a44,"PVGCOLOR::PVGCropFunctions::transcode(unsigned char const* const*, int const*, unsigned char* const*, int const*)",0x00034a6c,"PVGCOLOR::PVGCropFunctions::transcode(unsigned char const* const*, int const*, unsigned char* const*, int const*)+0x2a78",BRANCH
0x00034a50,"PVGCOLOR::PVGCropFunctions::transcode(unsigned char const* const*, int const*, unsigned char* const*, int const*)",0x00034a6c,"PVGCOLOR::PVGCropFunctions::transcode(unsigned char const* const*, int const*, unsigned char* const*, int const*)+0x2a78",BRANCH
0x00034a70,"PVGCOLOR::PVGCropFunctions::transcode(unsigned char const* const*, int const*, unsigned char* const*, int const*)",0x00034ae4,"PVGCOLOR::PVGCropFunctions::transcode(unsigned char const* const*, int const*, unsigned char* const*, int const*)+0x2af0",BRANCH
0x00034a80,"PVGCOLOR::PVGCropFunctions::transcode(unsigned char const* const*, int const*, unsigned char* const*, int const*)",0x00034ae4,"PVGCOLOR::PVGCropFunctions::transcode(unsigned char const* const*, int const*, unsigned char* const*, int const*)+0x2af0",BRANCH
0x00034aac,"PVGCOLOR::PVGCropFunctions::transcode(unsigned char const* const*, int const*, unsigned char* const*, int const*)",0x00035a1c,"PVGCOLOR::PVGCropFunctions::transcode(unsigned char const* const*, int const*, unsigned char* const*, int const*)+0x3a28",DIRECT_CALL
0x00034abc,"PVGCOLOR::PVGCropFunctions::transcode(unsigned char const* const*, int const*, unsigned char* const*, int const*)",0x00034ae4,"PVGCOLOR::PVGCropFunctions::transcode(unsigned char const* const*, int const*, unsigned char* const*, int const*)+0x2af0",BRANCH
0x00034ac8,"PVGCOLOR::PVGCropFunctions::transcode(unsigned char const* const*, int const*, unsigned char* const*, int const*)",0x00034ae4,"PVGCOLOR::PVGCropFunctions::transcode(unsigned char const* const*, int const*, unsigned char* const*, int const*)+0x2af0",BRANCH
0x00034af8,"PVGCOLOR::PVGCropFunctions::transcode(unsigned char const* const*, int const*, unsigned char* const*, int const*)",0x00034b5c,"PVGCOLOR::PVGCropFunctions::transcode(unsigned char const* const*, int const*, unsigned char* const*, int const*)+0x2b68",BRANCH
0x00034b24,"PVGCOLOR::PVGCropFunctions::transcode(unsigned char const* const*, int const*, unsigned char* const*, int const*)",0x00035a1c,"PVGCOLOR::PVGCropFunctions::transcode(unsigned char const* const*, int const*, unsigned char* const*, int const*)+0x3a28",DIRECT_CALL
0x00034b34,"PVGCOLOR::PVGCropFunctions::transcode(unsigned char const* const*, int const*, unsigned char* const*, int const*)",0x00034b5c,"PVGCOLOR::PVGCropFunctions::transcode(unsigned char const* const*, int const*, unsigned char* const*, int const*)+0x2b68",BRANCH
0x00034b40,"PVGCOLOR::PVGCropFunctions::transcode(unsigned char const* const*, int const*, unsigned char* const*, int const*)",0x00034b5c,"PVGCOLOR::PVGCropFunctions::transcode(unsigned char const* const*, int const*, unsigned char* const*, int const*)+0x2b68",BRANCH
0x00034b60,"PVGCOLOR::PVGCropFunctions::transcode(unsigned char const* const*, int const*, unsigned char* const*, int const*)",0x00034c50,"PVGCOLOR::PVGCropFunctions::transcode(unsigned char const* const*, int const*, unsigned char* const*, int const*)+0x2c5c",BRANCH
0x00034b70,"PVGCOLOR::PVGCropFunctions::transcode(unsigned char const* const*, int const*, unsigned char* const*, int const*)",0x00034bd4,"PVGCOLOR::PVGCropFunctions::transcode(unsigned char const* const*, int const*, unsigned char* const*, int const*)+0x2be0",BRANCH
0x00034b9c,"PVGCOLOR::PVGCropFunctions::transcode(unsigned char const* const*, int const*, unsigned char* const*, int const*)",0x00035a1c,"PVGCOLOR::PVGCropFunctions::transcode(unsigned char const* const*, int const*, unsigned char* const*, int const*)+0x3a28",DIRECT_CALL
0x00034bac,"PVGCOLOR::PVGCropFunctions::transcode(unsigned char const* const*, int const*, unsigned char* const*, int const*)",0x00034bd4,"PVGCOLOR::PVGCropFunctions::transcode(unsigned char const* const*, int const*, unsigned char* const*, int const*)+0x2be0",BRANCH
0x00034bb8,"PVGCOLOR::PVGCropFunctions::transcode(unsigned char const* const*, int const*, unsigned char* const*, int const*)",0x00034bd4,"PVGCOLOR::PVGCropFunctions::transcode(unsigned char const* const*, int const*, unsigned char* const*, int const*)+0x2be0",BRANCH
0x00034bd8,"PVGCOLOR::PVGCropFunctions::transcode(unsigned char const* const*, int const*, unsigned char* const*, int const*)",0x00034c50,"PVGCOLOR::PVGCropFunctions::transcode(unsigned char const* const*, int const*, unsigned char* const*, int const*)+0x2c5c",BRANCH
0x00034be8,"PVGCOLOR::PVGCropFunctions::transcode(unsigned char const* const*, int const*, unsigned char* const*, int const*)",0x00034c50,"PVGCOLOR::PVGCropFunctions::transcode(unsigned char const* const*, int const*, unsigned char* const*, int const*)+0x2c5c",BRANCH
0x00034c14,"PVGCOLOR::PVGCropFunctions::transcode(unsigned char const* const*, int const*, unsigned char* const*, int const*)",0x00035a1c,"PVGCOLOR::PVGCropFunctions::transcode(unsigned char const* const*, int const*, unsigned char* const*, int const*)+0x3a28",DIRECT_CALL
0x00034c1c,"PVGCOLOR::PVGCropFunctions::transcode(unsigned char const* const*, int const*, unsigned char* const*, int const*)",0x00034c50,"PVGCOLOR::PVGCropFunctions::transcode(unsigned char const* const*, int const*, unsigned char* const*, int const*)+0x2c5c",BRANCH
0x00034c28,"PVGCOLOR::PVGCropFunctions::transcode(unsigned char const* const*, int const*, unsigned char* const*, int const*)",0x00034c50,"PVGCOLOR::PVGCropFunctions::transcode(unsigned char const* const*, int const*, unsigned char* const*, int const*)+0x2c5c",BRANCH
0x00034c34,"PVGCOLOR::PVGCropFunctions::transcode(unsigned char const* const*, int const*, unsigned char* const*, int const*)",0x00034c50,"PVGCOLOR::PVGCropFunctions::transcode(unsigned char const* const*, int const*, unsigned char* const*, int const*)+0x2c5c",BRANCH
0x00034c64,"PVGCOLOR::PVGCropFunctions::transcode(unsigned char const* const*, int const*, unsigned char* const*, int const*)",0x00034cd0,"PVGCOLOR::PVGCropFunctions::transcode(unsigned char const* const*, int const*, unsigned char* const*, int const*)+0x2cdc",BRANCH
0x00034c90,"PVGCOLOR::PVGCropFunctions::transcode(unsigned char const* const*, int const*, unsigned char* const*, int const*)",0x00035a1c,"PVGCOLOR::PVGCropFunctions::transcode(unsigned char const* const*, int const*, unsigned char* const*, int const*)+0x3a28",DIRECT_CALL
0x00034ca0,"PVGCOLOR::PVGCropFunctions::transcode(unsigned char const* const*, int const*, unsigned char* const*, int const*)",0x00034cd0,"PVGCOLOR::PVGCropFunctions::transcode(unsigned char const* const*, int const*, unsigned char* const*, int const*)+0x2cdc",BRANCH
0x00034cac,"PVGCOLOR::PVGCropFunctions::transcode(unsigned char const* const*, int const*, unsigned char* const*, int const*)",0x00034cd0,"PVGCOLOR::PVGCropFunctions::transcode(unsigned char const* const*, int const*, unsigned char* const*, int const*)+0x2cdc",BRANCH
0x00034cd4,"PVGCOLOR::PVGCropFunctions::transcode(unsigned char const* const*, int const*, unsigned char* const*, int const*)",0x00034e64,"PVGCOLOR::PVGCropFunctions::transcode(unsigned char const* const*, int const*, unsigned char* const*, int const*)+0x2e70",BRANCH
0x00034ce0,"PVGCOLOR::PVGCropFunctions::transcode(unsigned char const* const*, int const*, unsigned char* const*, int const*)",0x00034d54,"PVGCOLOR::PVGCropFunctions::transcode(unsigned char const* const*, int const*, unsigned char* const*, int const*)+0x2d60",BRANCH
0x00034d10,"PVGCOLOR::PVGCropFunctions::transcode(unsigned char const* const*, int const*, unsigned char* const*, int const*)",0x00035a1c,"PVGCOLOR::PVGCropFunctions::transcode(unsigned char const* const*, int const*, unsigned char* const*, int const*)+0x3a28",DIRECT_CALL
0x00034d20,"PVGCOLOR::PVGCropFunctions::transcode(unsigned char const* const*, int const*, unsigned char* const*, int const*)",0x00034d54,"PVGCOLOR::PVGCropFunctions::transcode(unsigned char const* const*, int const*, unsigned char* const*, int const*)+0x2d60",BRANCH
0x00034d2c,"PVGCOLOR::PVGCropFunctions::transcode(unsigned char const* const*, int const*, unsigned char* const*, int const*)",0x00034d54,"PVGCOLOR::PVGCropFunctions::transcode(unsigned char const* const*, int const*, unsigned char* const*, int const*)+0x2d60",BRANCH
0x00034d58,"PVGCOLOR::PVGCropFunctions::transcode(unsigned char const* const*, int const*, unsigned char* const*, int const*)",0x00034e64,"PVGCOLOR::PVGCropFunctions::transcode(unsigned char const* const*, int const*, unsigned char* const*, int const*)+0x2e70",BRANCH
0x00034d64,"PVGCOLOR::PVGCropFunctions::transcode(unsigned char const* const*, int const*, unsigned char* const*, int const*)",0x00034ddc,"PVGCOLOR::PVGCropFunctions::transcode(unsigned char const* const*, int const*, unsigned char* const*, int const*)+0x2de8",BRANCH
0x00034d94,"PVGCOLOR::PVGCropFunctions::transcode(unsigned char const* const*, int const*, unsigned char* const*, int const*)",0x00035a1c,"PVGCOLOR::PVGCropFunctions::transcode(unsigned char const* const*, int const*, unsigned char* const*, int const*)+0x3a28",DIRECT_CALL
0x00034d9c,"PVGCOLOR::PVGCropFunctions::transcode(unsigned char const* const*, int const*, unsigned char* const*, int const*)",0x00034ddc,"PVGCOLOR::PVGCropFunctions::transcode(unsigned char const* const*, int const*, unsigned char* const*, int const*)+0x2de8",BRANCH
0x00034da8,"PVGCOLOR::PVGCropFunctions::transcode(unsigned char const* const*, int const*, unsigned char* const*, int const*)",0x00034ddc,"PVGCOLOR::PVGCropFunctions::transcode(unsigned char const* const*, int const*, unsigned char* const*, int const*)+0x2de8",BRANCH
0x00034db4,"PVGCOLOR::PVGCropFunctions::transcode(unsigned char const* const*, int const*, unsigned char* const*, int const*)",0x00034ddc,"PVGCOLOR::PVGCropFunctions::transcode(unsigned char const* const*, int const*, unsigned char* const*, int const*)+0x2de8",BRANCH
0x00034de0,"PVGCOLOR::PVGCropFunctions::transcode(unsigned char const* const*, int const*, unsigned char* const*, int const*)",0x00034e64,"PVGCOLOR::PVGCropFunctions::transcode(unsigned char const* const*, int const*, unsigned char* const*, int const*)+0x2e70",BRANCH
0x00034dec,"PVGCOLOR::PVGCropFunctions::transcode(unsigned char const* const*, int const*, unsigned char* const*, int const*)",0x00034e64,"PVGCOLOR::PVGCropFunctions::transcode(unsigned char const* const*, int const*, unsigned char* const*, int const*)+0x2e70",BRANCH
0x00034e1c,"PVGCOLOR::PVGCropFunctions::transcode(unsigned char const* const*, int const*, unsigned char* const*, int const*)",0x00035a1c,"PVGCOLOR::PVGCropFunctions::transcode(unsigned char const* const*, int const*, unsigned char* const*, int const*)+0x3a28",DIRECT_CALL
0x00034e24,"PVGCOLOR::PVGCropFunctions::transcode(unsigned char const* const*, int const*, unsigned char* const*, int const*)",0x00034e64,"PVGCOLOR::PVGCropFunctions::transcode(unsigned char const* const*, int const*, unsigned char* const*, int const*)+0x2e70",BRANCH
0x00034e30,"PVGCOLOR::PVGCropFunctions::transcode(unsigned char const* const*, int const*, unsigned char* const*, int const*)",0x00034e64,"PVGCOLOR::PVGCropFunctions::transcode(unsigned char const* const*, int const*, unsigned char* const*, int const*)+0x2e70",BRANCH
0x00034e3c,"PVGCOLOR::PVGCropFunctions::transcode(unsigned char const* const*, int const*, unsigned char* const*, int const*)",0x00034e64,"PVGCOLOR::PVGCropFunctions::transcode(unsigned char const* const*, int const*, unsigned char* const*, int const*)+0x2e70",BRANCH
0x00034e68,"PVGCOLOR::PVGCropFunctions::transcode(unsigned char const* const*, int const*, unsigned char* const*, int const*)",0x000350e4,"PVGCOLOR::PVGCropFunctions::transcode(unsigned char const* const*, int const*, unsigned char* const*, int const*)+0x30f0",BRANCH
0x00034e8c,"PVGCOLOR::PVGCropFunctions::transcode(unsigned char const* const*, int const*, unsigned char* const*, int const*)",0x000346c8,"PVGCOLOR::PVGCropFunctions::transcode(unsigned char const* const*, int const*, unsigned char* const*, int const*)+0x26d4",BRANCH
0x00034e98,"PVGCOLOR::PVGCropFunctions::transcode(unsigned char const* const*, int const*, unsigned char* const*, int const*)",0x000346c8,"PVGCOLOR::PVGCropFunctions::transcode(unsigned char const* const*, int const*, unsigned char* const*, int const*)+0x26d4",BRANCH
0x00034eb0,"PVGCOLOR::PVGCropFunctions::transcode(unsigned char const* const*, int const*, unsigned char* const*, int const*)",0x00034ed8,"PVGCOLOR::PVGCropFunctions::transcode(unsigned char const* const*, int const*, unsigned char* const*, int const*)+0x2ee4",BRANCH
0x00034ed4,"PVGCOLOR::PVGCropFunctions::transcode(unsigned char const* const*, int const*, unsigned char* const*, int const*)",0x0003502c,"PVGCOLOR::PVGCropFunctions::transcode(unsigned char const* const*, int const*, unsigned char* const*, int const*)+0x3038",BRANCH
0x00034ee8,"PVGCOLOR::PVGCropFunctions::transcode(unsigned char const* const*, int const*, unsigned char* const*, int const*)",0x000346ec,"PVGCOLOR::PVGCropFunctions::transcode(unsigned char const* const*, int const*, unsigned char* const*, int const*)+0x26f8",BRANCH
0x00034eec,"PVGCOLOR::PVGCropFunctions::transcode(unsigned char const* const*, int const*, unsigned char* const*, int const*)",0x000346fc,"PVGCOLOR::PVGCropFunctions::transcode(unsigned char const* const*, int const*, unsigned char* const*, int const*)+0x2708",BRANCH
0x00034f10,"PVGCOLOR::PVGCropFunctions::transcode(unsigned char const* const*, int const*, unsigned char* const*, int const*)",0x000346fc,"PVGCOLOR::PVGCropFunctions::transcode(unsigned char const* const*, int const*, unsigned char* const*, int const*)+0x2708",BRANCH
0x00034f1c,"PVGCOLOR::PVGCropFunctions::transcode(unsigned char const* const*, int const*, unsigned char* const*, int const*)",0x000346fc,"PVGCOLOR::PVGCropFunctions::transcode(unsigned char const* const*, int const*, unsigned char* const*, int const*)+0x2708",BRANCH
0x00034f34,"PVGCOLOR::PVGCropFunctions::transcode(unsigned char const* const*, int const*, unsigned char* const*, int const*)",0x000346f8,"PVGCOLOR::PVGCropFunctions::transcode(unsigned char const* const*, int const*, unsigned char* const*, int const*)+0x2704",BRANCH
0x00034f58,"PVGCOLOR::PVGCropFunctions::transcode(unsigned char const* const*, int const*, unsigned char* const*, int const*)",0x000346fc,"PVGCOLOR::PVGCropFunctions::transcode(unsigned char const* const*, int const*, unsigned char* const*, int const*)+0x2708",BRANCH
0x00034f74,"PVGCOLOR::PVGCropFunctions::transcode(unsigned char const* const*, int const*, unsigned char* const*, int const*)",0x000346fc,"PVGCOLOR::PVGCropFunctions::transcode(unsigned char const* const*, int const*, unsigned char* const*, int const*)+0x2708",BRANCH
0x00034fa8,"PVGCOLOR::PVGCropFunctions::transcode(unsigned char const* const*, int const*, unsigned char* const*, int const*)",0x000346f8,"PVGCOLOR::PVGCropFunctions::transcode(unsigned char const* const*, int const*, unsigned char* const*, int const*)+0x2704",BRANCH
0x00034fdc,"PVGCOLOR::PVGCropFunctions::transcode(unsigned char const* const*, int const*, unsigned char* const*, int const*)",0x00034fbc,"PVGCOLOR::PVGCropFunctions::transcode(unsigned char const* const*, int const*, unsigned char* const*, int const*)+0x2fc8",BRANCH
0x00035024,"PVGCOLOR::PVGCropFunctions::transcode(unsigned char const* const*, int const*, unsigned char* const*, int const*)",0x00035000,"PVGCOLOR::PVGCropFunctions::transcode(unsigned char const* const*, int const*, unsigned char* const*, int const*)+0x300c",BRANCH
0x00035028,"PVGCOLOR::PVGCropFunctions::transcode(unsigned char const* const*, int const*, unsigned char* const*, int const*)",0x000346fc,"PVGCOLOR::PVGCropFunctions::transcode(unsigned char const* const*, int const*, unsigned char* const*, int const*)+0x2708",BRANCH
0x0003506c,"PVGCOLOR::PVGCropFunctions::transcode(unsigned char const* const*, int const*, unsigned char* const*, int const*)",0x00035048,"PVGCOLOR::PVGCropFunctions::transcode(unsigned char const* const*, int const*, unsigned char* const*, int const*)+0x3054",BRANCH
0x000350b8,"PVGCOLOR::PVGCropFunctions::transcode(unsigned char const* const*, int const*, unsigned char* const*, int const*)",0x00035094,"PVGCOLOR::PVGCropFunctions::transcode(unsigned char const* const*, int const*, unsigned char* const*, int const*)+0x30a0",BRANCH
0x000350cc,"PVGCOLOR::PVGCropFunctions::transcode(unsigned char const* const*, int const*, unsigned char* const*, int const*)",0x000346ec,"PVGCOLOR::PVGCropFunctions::transcode(unsigned char const* const*, int const*, unsigned char* const*, int const*)+0x26f8",BRANCH
0x000350d0,"PVGCOLOR::PVGCropFunctions::transcode(unsigned char const* const*, int const*, unsigned char* const*, int const*)",0x000346fc,"PVGCOLOR::PVGCropFunctions::transcode(unsigned char const* const*, int const*, unsigned char* const*, int const*)+0x2708",BRANCH
0x000350d8,"PVGCOLOR::PVGCropFunctions::transcode(unsigned char const* const*, int const*, unsigned char* const*, int const*)",0x000346fc,"PVGCOLOR::PVGCropFunctions::transcode(unsigned char const* const*, int const*, unsigned char* const*, int const*)+0x2708",BRANCH
0x000350f0,"PVGCOLOR::PVGCropFunctions::transcode(unsigned char const* const*, int const*, unsigned char* const*, int const*)",0x000351ac,"PVGCOLOR::PVGCropFunctions::transcode(unsigned char const* const*, int const*, unsigned char* const*, int const*)+0x31b8",BRANCH
0x00035140,"PVGCOLOR::PVGCropFunctions::transcode(unsigned char const* const*, int const*, unsigned char* const*, int const*)",0x000372b4,"PVGCOLOR::PVGCropFunctions::transcode(unsigned char const* const*, int const*, unsigned char* const*, int const*)+0x52c0",DIRECT_CALL
0x0003515c,"PVGCOLOR::PVGCropFunctions::transcode(unsigned char const* const*, int const*, unsigned char* const*, int const*)",0x000350e0,"PVGCOLOR::PVGCropFunctions::transcode(unsigned char const* const*, int const*, unsigned char* const*, int const*)+0x30ec",BRANCH
0x00035174,"PVGCOLOR::PVGCropFunctions::transcode(unsigned char const* const*, int const*, unsigned char* const*, int const*)",0x000351b0,"PVGCOLOR::PVGCropFunctions::transcode(unsigned char const* const*, int const*, unsigned char* const*, int const*)+0x31bc",BRANCH
0x0003517c,"PVGCOLOR::PVGCropFunctions::transcode(unsigned char const* const*, int const*, unsigned char* const*, int const*)",0x000350e0,"PVGCOLOR::PVGCropFunctions::transcode(unsigned char const* const*, int const*, unsigned char* const*, int const*)+0x30ec",BRANCH
0x0003518c,"PVGCOLOR::PVGCropFunctions::transcode(unsigned char const* const*, int const*, unsigned char* const*, int const*)",0x000351b8,"PVGCOLOR::PVGCropFunctions::transcode(unsigned char const* const*, int const*, unsigned char* const*, int const*)+0x31c4",BRANCH
0x000351a0,"PVGCOLOR::PVGCropFunctions::transcode(unsigned char const* const*, int const*, unsigned char* const*, int const*)",0x000350e0,"PVGCOLOR::PVGCropFunctions::transcode(unsigned char const* const*, int const*, unsigned char* const*, int const*)+0x30ec",BRANCH
0x000351a8,"PVGCOLOR::PVGCropFunctions::transcode(unsigned char const* const*, int const*, unsigned char* const*, int const*)",0x00034980,"PVGCOLOR::PVGCropFunctions::transcode(unsigned char const* const*, int const*, unsigned char* const*, int const*)+0x298c",BRANCH
0x000351ac,"PVGCOLOR::PVGCropFunctions::transcode(unsigned char const* const*, int const*, unsigned char* const*, int const*)",0x00058cb0,__stack_chk_fail@plt,DIRECT_CALL
0x000351e4,"PVGCOLOR::PVGCropFunctions::transcode(unsigned char const* const*, int const*, unsigned char* const*, int const*)",0x000350e0,"PVGCOLOR::PVGCropFunctions::transcode(unsigned char const* const*, int const*, unsigned char* const*, int const*)+0x30ec",BRANCH
0x000351f4,"PVGCOLOR::PVGCropFunctions::transcode(unsigned char const* const*, int const*, unsigned char* const*, int const*)",0x000351d8,"PVGCOLOR::PVGCropFunctions::transcode(unsigned char const* const*, int const*, unsigned char* const*, int const*)+0x31e4",BRANCH
0x00035208,"PVGCOLOR::PVGCropFunctions::transcode(unsigned char const* const*, int const*, unsigned char* const*, int const*)",0x000350e0,"PVGCOLOR::PVGCropFunctions::transcode(unsigned char const* const*, int const*, unsigned char* const*, int const*)+0x30ec",BRANCH
0x0003520c,"PVGCOLOR::PVGCropFunctions::transcode(unsigned char const* const*, int const*, unsigned char* const*, int const*)",0x00034980,"PVGCOLOR::PVGCropFunctions::transcode(unsigned char const* const*, int const*, unsigned char* const*, int const*)+0x298c",BRANCH
0x0003525c,"PVGCOLOR::PVGCropFunctions::transcode(unsigned char const* const*, int const*, unsigned char* const*, int const*)",0x00036100,"PVGCOLOR::PVGCropFunctions::transcode(unsigned char const* const*, int const*, unsigned char* const*, int const*)+0x410c",DIRECT_CALL
0x00035274,"PVGCOLOR::PVGCropFunctions::transcode(unsigned char const* const*, int const*, unsigned char* const*, int const*)",0x00059120,free@plt,DIRECT_CALL
0x00035280,"PVGCOLOR::PVGCropFunctions::transcode(unsigned char const* const*, int const*, unsigned char* const*, int const*)",0x00059120,free@plt,DIRECT_CALL
0x00035294,"PVGCOLOR::PVGCropFunctions::transcode(unsigned char const* const*, int const*, unsigned char* const*, int const*)",0x00059120,free@plt,DIRECT_CALL
0x000352a0,"PVGCOLOR::PVGCropFunctions::transcode(unsigned char const* const*, int const*, unsigned char* const*, int const*)",0x00059120,free@plt,DIRECT_CALL
0x000352b4,"PVGCOLOR::PVGCropFunctions::transcode(unsigned char const* const*, int const*, unsigned char* const*, int const*)",0x00059120,free@plt,DIRECT_CALL
0x000352c0,"PVGCOLOR::PVGCropFunctions::transcode(unsigned char const* const*, int const*, unsigned char* const*, int const*)",0x00059120,free@plt,DIRECT_CALL
0x000352d0,"PVGCOLOR::PVGCropFunctions::transcode(unsigned char const* const*, int const*, unsigned char* const*, int const*)",0x000352e8,"PVGCOLOR::PVGCropFunctions::transcode(unsigned char const* const*, int const*, unsigned char* const*, int const*)+0x32f4",BRANCH
0x000352e8,"PVGCOLOR::PVGCropFunctions::transcode(unsigned char const* const*, int const*, unsigned char* const*, int const*)",0x00058cb0,__stack_chk_fail@plt,DIRECT_CALL
0x000353f8,"PVGCOLOR::PVGCropFunctions::transcode(unsigned char const* const*, int const*, unsigned char* const*, int const*)",0x000354ec,"PVGCOLOR::PVGCropFunctions::transcode(unsigned char const* const*, int const*, unsigned char* const*, int const*)+0x34f8",BRANCH
0x00035424,"PVGCOLOR::PVGCropFunctions::transcode(unsigned char const* const*, int const*, unsigned char* const*, int const*)",0x000354ec,"PVGCOLOR::PVGCropFunctions::transcode(unsigned char const* const*, int const*, unsigned char* const*, int const*)+0x34f8",BRANCH
0x00035438,"PVGCOLOR::PVGCropFunctions::transcode(unsigned char const* const*, int const*, unsigned char* const*, int const*)",0x000354ec,"PVGCOLOR::PVGCropFunctions::transcode(unsigned char const* const*, int const*, unsigned char* const*, int const*)+0x34f8",BRANCH
0x00035534,"PVGCOLOR::PVGCropFunctions::transcode(unsigned char const* const*, int const*, unsigned char* const*, int const*)",0x0003254c,"PVGCOLOR::PVGCropFunctions::transcode(unsigned char const* const*, int const*, unsigned char* const*, int const*)+0x558",DIRECT_CALL
0x0003553c,"PVGCOLOR::PVGCropFunctions::transcode(unsigned char const* const*, int const*, unsigned char* const*, int const*)",0x0003559c,"PVGCOLOR::PVGCropFunctions::transcode(unsigned char const* const*, int const*, unsigned char* const*, int const*)+0x35a8",BRANCH
0x00035548,"PVGCOLOR::PVGCropFunctions::transcode(unsigned char const* const*, int const*, unsigned char* const*, int const*)",0x000355c0,"PVGCOLOR::PVGCropFunctions::transcode(unsigned char const* const*, int const*, unsigned char* const*, int const*)+0x35cc",BRANCH
0x00035594,"PVGCOLOR::PVGCropFunctions::transcode(unsigned char const* const*, int const*, unsigned char* const*, int const*)",0x000359a8,"PVGCOLOR::PVGCropFunctions::transcode(unsigned char const* const*, int const*, unsigned char* const*, int const*)+0x39b4",BRANCH
0x00035598,"PVGCOLOR::PVGCropFunctions::transcode(unsigned char const* const*, int const*, unsigned char* const*, int const*)",0x00035a18,"PVGCOLOR::PVGCropFunctions::transcode(unsigned char const* const*, int const*, unsigned char* const*, int const*)+0x3a24",BRANCH
0x000355a0,"PVGCOLOR::PVGCropFunctions::transcode(unsigned char const* const*, int const*, unsigned char* const*, int const*)",0x00035660,"PVGCOLOR::PVGCropFunctions::transcode(unsigned char const* const*, int const*, unsigned char* const*, int const*)+0x366c",BRANCH
0x000355a8,"PVGCOLOR::PVGCropFunctions::transcode(unsigned char const* const*, int const*, unsigned char* const*, int const*)",0x000355c0,"PVGCOLOR::PVGCropFunctions::transcode(unsigned char const* const*, int const*, unsigned char* const*, int const*)+0x35cc",BRANCH
0x000355bc,"PVGCOLOR::PVGCropFunctions::transcode(unsigned char const* const*, int const*, unsigned char* const*, int const*)",0x00035670,"PVGCOLOR::PVGCropFunctions::transcode(unsigned char const* const*, int const*, unsigned char* const*, int const*)+0x367c",BRANCH
0x000355dc,"PVGCOLOR::PVGCropFunctions::transcode(unsigned char const* const*, int const*, unsigned char* const*, int const*)",0x000356c0,"PVGCOLOR::PVGCropFunctions::transcode(unsigned char const* const*, int const*, unsigned char* const*, int const*)+0x36cc",BRANCH
0x000355e8,"PVGCOLOR::PVGCropFunctions::transcode(unsigned char const* const*, int const*, unsigned char* const*, int const*)",0x000356c4,"PVGCOLOR::PVGCropFunctions::transcode(unsigned char const* const*, int const*, unsigned char* const*, int const*)+0x36d0",BRANCH
0x00035650,"PVGCOLOR::PVGCropFunctions::transcode(unsigned char const* const*, int const*, unsigned char* const*, int const*)",0x000356b0,"PVGCOLOR::PVGCropFunctions::transcode(unsigned char const* const*, int const*, unsigned char* const*, int const*)+0x36bc",BRANCH
0x0003565c,"PVGCOLOR::PVGCropFunctions::transcode(unsigned char const* const*, int const*, unsigned char* const*, int const*)",0x000356c4,"PVGCOLOR::PVGCropFunctions::transcode(unsigned char const* const*, int const*, unsigned char* const*, int const*)+0x36d0",BRANCH
0x000356a8,"PVGCOLOR::PVGCropFunctions::transcode(unsigned char const* const*, int const*, unsigned char* const*, int const*)",0x000359a8,"PVGCOLOR::PVGCropFunctions::transcode(unsigned char const* const*, int const*, unsigned char* const*, int const*)+0x39b4",BRANCH
0x000356ac,"PVGCOLOR::PVGCropFunctions::transcode(unsigned char const* const*, int const*, unsigned char* const*, int const*)",0x00035a18,"PVGCOLOR::PVGCropFunctions::transcode(unsigned char const* const*, int const*, unsigned char* const*, int const*)+0x3a24",BRANCH
0x000356bc,"PVGCOLOR::PVGCropFunctions::transcode(unsigned char const* const*, int const*, unsigned char* const*, int const*)",0x00035794,"PVGCOLOR::PVGCropFunctions::transcode(unsigned char const* const*, int const*, unsigned char* const*, int const*)+0x37a0",BRANCH
0x000356e4,"PVGCOLOR::PVGCropFunctions::transcode(unsigned char const* const*, int const*, unsigned char* const*, int const*)",0x00035994,"PVGCOLOR::PVGCropFunctions::transcode(unsigned char const* const*, int const*, unsigned char* const*, int const*)+0x39a0",BRANCH
0x000356f4,"PVGCOLOR::PVGCropFunctions::transcode(unsigned char const* const*, int const*, unsigned char* const*, int const*)",0x00035708,"PVGCOLOR::PVGCropFunctions::transcode(unsigned char const* const*, int const*, unsigned char* const*, int const*)+0x3714",BRANCH
0x0003570c,"PVGCOLOR::PVGCropFunctions::transcode(unsigned char const* const*, int const*, unsigned char* const*, int const*)",0x0003582c,"PVGCOLOR::PVGCropFunctions::transcode(unsigned char const* const*, int const*, unsigned char* const*, int const*)+0x3838",BRANCH
0x00035718,"PVGCOLOR::PVGCropFunctions::transcode(unsigned char const* const*, int const*, unsigned char* const*, int const*)",0x00035830,"PVGCOLOR::PVGCropFunctions::transcode(unsigned char const* const*, int const*, unsigned char* const*, int const*)+0x383c",BRANCH
0x00035784,"PVGCOLOR::PVGCropFunctions::transcode(unsigned char const* const*, int const*, unsigned char* const*, int const*)",0x0003581c,"PVGCOLOR::PVGCropFunctions::transcode(unsigned char const* const*, int const*, unsigned char* const*, int const*)+0x3828",BRANCH
0x00035790,"PVGCOLOR::PVGCropFunctions::transcode(unsigned char const* const*, int const*, unsigned char* const*, int const*)",0x00035830,"PVGCOLOR::PVGCropFunctions::transcode(unsigned char const* const*, int const*, unsigned char* const*, int const*)+0x383c",BRANCH
0x00035804,"PVGCOLOR::PVGCropFunctions::transcode(unsigned char const* const*, int const*, unsigned char* const*, int const*)",0x00035654,"PVGCOLOR::PVGCropFunctions::transcode(unsigned char const* const*, int const*, unsigned char* const*, int const*)+0x3660",BRANCH
0x00035810,"PVGCOLOR::PVGCropFunctions::transcode(unsigned char const* const*, int const*, unsigned char* const*, int const*)",0x000356c4,"PVGCOLOR::PVGCropFunctions::transcode(unsigned char const* const*, int const*, unsigned char* const*, int const*)+0x36d0",BRANCH
0x00035818,"PVGCOLOR::PVGCropFunctions::transcode(unsigned char const* const*, int const*, unsigned char* const*, int const*)",0x00035658,"PVGCOLOR::PVGCropFunctions::transcode(unsigned char const* const*, int const*, unsigned char* const*, int const*)+0x3664",BRANCH
0x00035828,"PVGCOLOR::PVGCropFunctions::transcode(unsigned char const* const*, int const*, unsigned char* const*, int const*)",0x00035904,"PVGCOLOR::PVGCropFunctions::transcode(unsigned char const* const*, int const*, unsigned char* const*, int const*)+0x3910",BRANCH
0x00035858,"PVGCOLOR::PVGCropFunctions::transcode(unsigned char const* const*, int const*, unsigned char* const*, int const*)",0x00035994,"PVGCOLOR::PVGCropFunctions::transcode(unsigned char const* const*, int const*, unsigned char* const*, int const*)+0x39a0",BRANCH
0x00035884,"PVGCOLOR::PVGCropFunctions::transcode(unsigned char const* const*, int const*, unsigned char* const*, int const*)",0x00035994,"PVGCOLOR::PVGCropFunctions::transcode(unsigned char const* const*, int const*, unsigned char* const*, int const*)+0x39a0",BRANCH
0x00035890,"PVGCOLOR::PVGCropFunctions::transcode(unsigned char const* const*, int const*, unsigned char* const*, int const*)",0x00035998,"PVGCOLOR::PVGCropFunctions::transcode(unsigned char const* const*, int const*, unsigned char* const*, int const*)+0x39a4",BRANCH
0x00035898,"PVGCOLOR::PVGCropFunctions::transcode(unsigned char const* const*, int const*, unsigned char* const*, int const*)",0x00035998,"PVGCOLOR::PVGCropFunctions::transcode(unsigned char const* const*, int const*, unsigned char* const*, int const*)+0x39a4",BRANCH
0x000358a4,"PVGCOLOR::PVGCropFunctions::transcode(unsigned char const* const*, int const*, unsigned char* const*, int const*)",0x00035998,"PVGCOLOR::PVGCropFunctions::transcode(unsigned char const* const*, int const*, unsigned char* const*, int const*)+0x39a4",BRANCH
0x000358ac,"PVGCOLOR::PVGCropFunctions::transcode(unsigned char const* const*, int const*, unsigned char* const*, int const*)",0x00035998,"PVGCOLOR::PVGCropFunctions::transcode(unsigned char const* const*, int const*, unsigned char* const*, int const*)+0x39a4",BRANCH
0x000358b8,"PVGCOLOR::PVGCropFunctions::transcode(unsigned char const* const*, int const*, unsigned char* const*, int const*)",0x00035998,"PVGCOLOR::PVGCropFunctions::transcode(unsigned char const* const*, int const*, unsigned char* const*, int const*)+0x39a4",BRANCH
0x000358c8,"PVGCOLOR::PVGCropFunctions::transcode(unsigned char const* const*, int const*, unsigned char* const*, int const*)",0x00032678,"PVGCOLOR::PVGCropFunctions::transcode(unsigned char const* const*, int const*, unsigned char* const*, int const*)+0x684",DIRECT_CALL
0x000358d8,"PVGCOLOR::PVGCropFunctions::transcode(unsigned char const* const*, int const*, unsigned char* const*, int const*)",0x00035994,"PVGCOLOR::PVGCropFunctions::transcode(unsigned char const* const*, int const*, unsigned char* const*, int const*)+0x39a0",BRANCH
0x000358f0,"PVGCOLOR::PVGCropFunctions::transcode(unsigned char const* const*, int const*, unsigned char* const*, int const*)",0x000359cc,"PVGCOLOR::PVGCropFunctions::transcode(unsigned char const* const*, int const*, unsigned char* const*, int const*)+0x39d8",BRANCH
0x00035900,"PVGCOLOR::PVGCropFunctions::transcode(unsigned char const* const*, int const*, unsigned char* const*, int const*)",0x000359e0,"PVGCOLOR::PVGCropFunctions::transcode(unsigned char const* const*, int const*, unsigned char* const*, int const*)+0x39ec",BRANCH
0x00035974,"PVGCOLOR::PVGCropFunctions::transcode(unsigned char const* const*, int const*, unsigned char* const*, int const*)",0x00035788,"PVGCOLOR::PVGCropFunctions::transcode(unsigned char const* const*, int const*, unsigned char* const*, int const*)+0x3794",BRANCH
0x00035980,"PVGCOLOR::PVGCropFunctions::transcode(unsigned char const* const*, int const*, unsigned char* const*, int const*)",0x00035830,"PVGCOLOR::PVGCropFunctions::transcode(unsigned char const* const*, int const*, unsigned char* const*, int const*)+0x383c",BRANCH
0x00035990,"PVGCOLOR::PVGCropFunctions::transcode(unsigned char const* const*, int const*, unsigned char* const*, int const*)",0x00035830,"PVGCOLOR::PVGCropFunctions::transcode(unsigned char const* const*, int const*, unsigned char* const*, int const*)+0x383c",BRANCH
0x000359a4,"PVGCOLOR::PVGCropFunctions::transcode(unsigned char const* const*, int const*, unsigned char* const*, int const*)",0x00035a18,"PVGCOLOR::PVGCropFunctions::transcode(unsigned char const* const*, int const*, unsigned char* const*, int const*)+0x3a24",BRANCH
0x000359d4,"PVGCOLOR::PVGCropFunctions::transcode(unsigned char const* const*, int const*, unsigned char* const*, int const*)",0x00032418,"PVGCOLOR::PVGCropFunctions::transcode(unsigned char const* const*, int const*, unsigned char* const*, int const*)+0x424",DIRECT_CALL
0x000359fc,"PVGCOLOR::PVGCropFunctions::transcode(unsigned char const* const*, int const*, unsigned char* const*, int const*)",0x0003254c,"PVGCOLOR::PVGCropFunctions::transcode(unsigned char const* const*, int const*, unsigned char* const*, int const*)+0x558",DIRECT_CALL
0x00035a14,"PVGCOLOR::PVGCropFunctions::transcode(unsigned char const* const*, int const*, unsigned char* const*, int const*)",0x000359a8,"PVGCOLOR::PVGCropFunctions::transcode(unsigned char const* const*, int const*, unsigned char* const*, int const*)+0x39b4",BRANCH
0x00035a18,"PVGCOLOR::PVGCropFunctions::transcode(unsigned char const* const*, int const*, unsigned char* const*, int const*)",0x00058cb0,__stack_chk_fail@plt,DIRECT_CALL
0x00035a98,"PVGCOLOR::PVGCropFunctions::transcode(unsigned char const* const*, int const*, unsigned char* const*, int const*)",0x00035b30,"PVGCOLOR::PVGCropFunctions::transcode(unsigned char const* const*, int const*, unsigned char* const*, int const*)+0x3b3c",BRANCH
0x00035aa8,"PVGCOLOR::PVGCropFunctions::transcode(unsigned char const* const*, int const*, unsigned char* const*, int const*)",0x00035b54,"PVGCOLOR::PVGCropFunctions::transcode(unsigned char const* const*, int const*, unsigned char* const*, int const*)+0x3b60",BRANCH
0x00035afc,"PVGCOLOR::PVGCropFunctions::transcode(unsigned char const* const*, int const*, unsigned char* const*, int const*)",0x00032678,"PVGCOLOR::PVGCropFunctions::transcode(unsigned char const* const*, int const*, unsigned char* const*, int const*)+0x684",DIRECT_CALL
0x00035b0c,"PVGCOLOR::PVGCropFunctions::transcode(unsigned char const* const*, int const*, unsigned char* const*, int const*)",0x00035aac,"PVGCOLOR::PVGCropFunctions::transcode(unsigned char const* const*, int const*, unsigned char* const*, int const*)+0x3ab8",BRANCH
0x00035b10,"PVGCOLOR::PVGCropFunctions::transcode(unsigned char const* const*, int const*, unsigned char* const*, int const*)",0x00035b54,"PVGCOLOR::PVGCropFunctions::transcode(unsigned char const* const*, int const*, unsigned char* const*, int const*)+0x3b60",BRANCH
0x00035b50,"PVGCOLOR::PVGCropFunctions::transcode(unsigned char const* const*, int const*, unsigned char* const*, int const*)",0x00035aac,"PVGCOLOR::PVGCropFunctions::transcode(unsigned char const* const*, int const*, unsigned char* const*, int const*)+0x3ab8",BRANCH
0x00035b84,"PVGCOLOR::PVGCropFunctions::transcode(unsigned char const* const*, int const*, unsigned char* const*, int const*)",0x00035b90,"PVGCOLOR::PVGCropFunctions::transcode(unsigned char const* const*, int const*, unsigned char* const*, int const*)+0x3b9c",BRANCH
0x00035b8c,"PVGCOLOR::PVGCropFunctions::transcode(unsigned char const* const*, int const*, unsigned char* const*, int const*)",0x00035ab0,"PVGCOLOR::PVGCropFunctions::transcode(unsigned char const* const*, int const*, unsigned char* const*, int const*)+0x3abc",BRANCH
0x00035bec,"PVGCOLOR::PVGCropFunctions::transcode(unsigned char const* const*, int const*, unsigned char* const*, int const*)",0x00035c28,"PVGCOLOR::PVGCropFunctions::transcode(unsigned char const* const*, int const*, unsigned char* const*, int const*)+0x3c34",BRANCH
0x00035bf8,"PVGCOLOR::PVGCropFunctions::transcode(unsigned char const* const*, int const*, unsigned char* const*, int const*)",0x00032678,"PVGCOLOR::PVGCropFunctions::transcode(unsigned char const* const*, int const*, unsigned char* const*, int const*)+0x684",DIRECT_CALL
0x00035bfc,"PVGCOLOR::PVGCropFunctions::transcode(unsigned char const* const*, int const*, unsigned char* const*, int const*)",0x00035c44,"PVGCOLOR::PVGCropFunctions::transcode(unsigned char const* const*, int const*, unsigned char* const*, int const*)+0x3c50",BRANCH
0x00035c68,"PVGCOLOR::PVGCropFunctions::transcode(unsigned char const* const*, int const*, unsigned char* const*, int const*)",0x00035ab0,"PVGCOLOR::PVGCropFunctions::transcode(unsigned char const* const*, int const*, unsigned char* const*, int const*)+0x3abc",BRANCH
0x00035c90,"PVGCOLOR::PVGCropFunctions::transcode(unsigned char const* const*, int const*, unsigned char* const*, int const*)",0x00035b88,"PVGCOLOR::PVGCropFunctions::transcode(unsigned char const* const*, int const*, unsigned char* const*, int const*)+0x3b94",BRANCH
0x00035c9c,"PVGCOLOR::PVGCropFunctions::transcode(unsigned char const* const*, int const*, unsigned char* const*, int const*)",0x00035b88,"PVGCOLOR::PVGCropFunctions::transcode(unsigned char const* const*, int const*, unsigned char* const*, int const*)+0x3b94",BRANCH
0x00035ce4,"PVGCOLOR::PVGCropFunctions::transcode(unsigned char const* const*, int const*, unsigned char* const*, int const*)",0x00035d9c,"PVGCOLOR::PVGCropFunctions::transcode(unsigned char const* const*, int const*, unsigned char* const*, int const*)+0x3da8",BRANCH
0x00035cf4,"PVGCOLOR::PVGCropFunctions::transcode(unsigned char const* const*, int const*, unsigned char* const*, int const*)",0x00032678,"PVGCOLOR::PVGCropFunctions::transcode(unsigned char const* const*, int const*, unsigned char* const*, int const*)+0x684",DIRECT_CALL
0x00035d08,"PVGCOLOR::PVGCropFunctions::transcode(unsigned char const* const*, int const*, unsigned char* const*, int const*)",0x00032678,"PVGCOLOR::PVGCropFunctions::transcode(unsigned char const* const*, int const*, unsigned char* const*, int const*)+0x684",DIRECT_CALL
0x00035d30,"PVGCOLOR::PVGCropFunctions::transcode(unsigned char const* const*, int const*, unsigned char* const*, int const*)",0x00035f44,"PVGCOLOR::PVGCropFunctions::transcode(unsigned char const* const*, int const*, unsigned char* const*, int const*)+0x3f50",BRANCH
0x00035d60,"PVGCOLOR::PVGCropFunctions::transcode(unsigned char const* const*, int const*, unsigned char* const*, int const*)",0x00032678,"PVGCOLOR::PVGCropFunctions::transcode(unsigned char const* const*, int const*, unsigned char* const*, int const*)+0x684",DIRECT_CALL
0x00035d78,"PVGCOLOR::PVGCropFunctions::transcode(unsigned char const* const*, int const*, unsigned char* const*, int const*)",0x00035d28,"PVGCOLOR::PVGCropFunctions::transcode(unsigned char const* const*, int const*, unsigned char* const*, int const*)+0x3d34",BRANCH
0x00035d7c,"PVGCOLOR::PVGCropFunctions::transcode(unsigned char const* const*, int const*, unsigned char* const*, int const*)",0x00035f48,"PVGCOLOR::PVGCropFunctions::transcode(unsigned char const* const*, int const*, unsigned char* const*, int const*)+0x3f54",BRANCH
0x00035df8,"PVGCOLOR::PVGCropFunctions::transcode(unsigned char const* const*, int const*, unsigned char* const*, int const*)",0x00035e28,"PVGCOLOR::PVGCropFunctions::transcode(unsigned char const* const*, int const*, unsigned char* const*, int const*)+0x3e34",BRANCH
0x00035e70,"PVGCOLOR::PVGCropFunctions::transcode(unsigned char const* const*, int const*, unsigned char* const*, int const*)",0x00035ed0,"PVGCOLOR::PVGCropFunctions::transcode(unsigned char const* const*, int const*, unsigned char* const*, int const*)+0x3edc",BRANCH
0x00035ecc,"PVGCOLOR::PVGCropFunctions::transcode(unsigned char const* const*, int const*, unsigned char* const*, int const*)",0x00035f48,"PVGCOLOR::PVGCropFunctions::transcode(unsigned char const* const*, int const*, unsigned char* const*, int const*)+0x3f54",BRANCH
0x00035ed8,"PVGCOLOR::PVGCropFunctions::transcode(unsigned char const* const*, int const*, unsigned char* const*, int const*)",0x00035f3c,"PVGCOLOR::PVGCropFunctions::transcode(unsigned char const* const*, int const*, unsigned char* const*, int const*)+0x3f48",BRANCH
0x00035f38,"PVGCOLOR::PVGCropFunctions::transcode(unsigned char const* const*, int const*, unsigned char* const*, int const*)",0x00035e9c,"PVGCOLOR::PVGCropFunctions::transcode(unsigned char const* const*, int const*, unsigned char* const*, int const*)+0x3ea8",BRANCH
0x00035f40,"PVGCOLOR::PVGCropFunctions::transcode(unsigned char const* const*, int const*, unsigned char* const*, int const*)",0x00035f48,"PVGCOLOR::PVGCropFunctions::transcode(unsigned char const* const*, int const*, unsigned char* const*, int const*)+0x3f54",BRANCH
0x00035fb0,"PVGCOLOR::PVGCropFunctions::transcode(unsigned char const* const*, int const*, unsigned char* const*, int const*)",0x00035fd4,"PVGCOLOR::PVGCropFunctions::transcode(unsigned char const* const*, int const*, unsigned char* const*, int const*)+0x3fe0",BRANCH
0x00035fcc,"PVGCOLOR::PVGCropFunctions::transcode(unsigned char const* const*, int const*, unsigned char* const*, int const*)",0x00059120,free@plt,DIRECT_CALL
0x00035fe4,"PVGCOLOR::PVGCropFunctions::transcode(unsigned char const* const*, int const*, unsigned char* const*, int const*)",0x000590b0,malloc@plt,DIRECT_CALL
0x00035ff0,"PVGCOLOR::PVGCropFunctions::transcode(unsigned char const* const*, int const*, unsigned char* const*, int const*)",0x000360c0,"PVGCOLOR::PVGCropFunctions::transcode(unsigned char const* const*, int const*, unsigned char* const*, int const*)+0x40cc",BRANCH
0x00036014,"PVGCOLOR::PVGCropFunctions::transcode(unsigned char const* const*, int const*, unsigned char* const*, int const*)",0x00035ca0,"PVGCOLOR::PVGCropFunctions::transcode(unsigned char const* const*, int const*, unsigned char* const*, int const*)+0x3cac",DIRECT_CALL
0x0003603c,"PVGCOLOR::PVGCropFunctions::transcode(unsigned char const* const*, int const*, unsigned char* const*, int const*)",0x00036008,"PVGCOLOR::PVGCropFunctions::transcode(unsigned char const* const*, int const*, unsigned char* const*, int const*)+0x4014",BRANCH
0x00036040,"PVGCOLOR::PVGCropFunctions::transcode(unsigned char const* const*, int const*, unsigned char* const*, int const*)",0x000360bc,"PVGCOLOR::PVGCropFunctions::transcode(unsigned char const* const*, int const*, unsigned char* const*, int const*)+0x40c8",BRANCH
0x00036048,"PVGCOLOR::PVGCropFunctions::transcode(unsigned char const* const*, int const*, unsigned char* const*, int const*)",0x000590b0,malloc@plt,DIRECT_CALL
0x00036054,"PVGCOLOR::PVGCropFunctions::transcode(unsigned char const* const*, int const*, unsigned char* const*, int const*)",0x000360bc,"PVGCOLOR::PVGCropFunctions::transcode(unsigned char const* const*, int const*, unsigned char* const*, int const*)+0x40c8",BRANCH
0x00036084,"PVGCOLOR::PVGCropFunctions::transcode(unsigned char const* const*, int const*, unsigned char* const*, int const*)",0x00035ca0,"PVGCOLOR::PVGCropFunctions::transcode(unsigned char const* const*, int const*, unsigned char* const*, int const*)+0x3cac",DIRECT_CALL
0x000360b8,"PVGCOLOR::PVGCropFunctions::transcode(unsigned char const* const*, int const*, unsigned char* const*, int const*)",0x00036078,"PVGCOLOR::PVGCropFunctions::transcode(unsigned char const* const*, int const*, unsigned char* const*, int const*)+0x4084",BRANCH
0x000360c8,"PVGCOLOR::PVGCropFunctions::transcode(unsigned char const* const*, int const*, unsigned char* const*, int const*)",0x000360d4,"PVGCOLOR::PVGCropFunctions::transcode(unsigned char const* const*, int const*, unsigned char* const*, int const*)+0x40e0",BRANCH
0x0003613c,"PVGCOLOR::PVGCropFunctions::transcode(unsigned char const* const*, int const*, unsigned char* const*, int const*)",0x00036170,"PVGCOLOR::PVGCropFunctions::transcode(unsigned char const* const*, int const*, unsigned char* const*, int const*)+0x417c",BRANCH
0x00036150,"PVGCOLOR::PVGCropFunctions::transcode(unsigned char const* const*, int const*, unsigned char* const*, int const*)",0x00036184,"PVGCOLOR::PVGCropFunctions::transcode(unsigned char const* const*, int const*, unsigned char* const*, int const*)+0x4190",BRANCH
0x0003616c,"PVGCOLOR::PVGCropFunctions::transcode(unsigned char const* const*, int const*, unsigned char* const*, int const*)",0x000361c4,"PVGCOLOR::PVGCropFunctions::transcode(unsigned char const* const*, int const*, unsigned char* const*, int const*)+0x41d0",BRANCH
0x00036180,"PVGCOLOR::PVGCropFunctions::transcode(unsigned char const* const*, int const*, unsigned char* const*, int const*)",0x00036154,"PVGCOLOR::PVGCropFunctions::transcode(unsigned char const* const*, int const*, unsigned char* const*, int const*)+0x4160",BRANCH
0x000361b8,"PVGCOLOR::PVGCropFunctions::transcode(unsigned char const* const*, int const*, unsigned char* const*, int const*)",0x000361f8,"PVGCOLOR::PVGCropFunctions::transcode(unsigned char const* const*, int const*, unsigned char* const*, int const*)+0x4204",BRANCH
0x000361c0,"PVGCOLOR::PVGCropFunctions::transcode(unsigned char const* const*, int const*, unsigned char* const*, int const*)",0x000361f8,"PVGCOLOR::PVGCropFunctions::transcode(unsigned char const* const*, int const*, unsigned char* const*, int const*)+0x4204",BRANCH
0x000361d4,"PVGCOLOR::PVGCropFunctions::transcode(unsigned char const* const*, int const*, unsigned char* const*, int const*)",0x00036cc8,"PVGCOLOR::PVGCropFunctions::transcode(unsigned char const* const*, int const*, unsigned char* const*, int const*)+0x4cd4",BRANCH
0x00036210,"PVGCOLOR::PVGCropFunctions::transcode(unsigned char const* const*, int const*, unsigned char* const*, int const*)",0x000361c4,"PVGCOLOR::PVGCropFunctions::transcode(unsigned char const* const*, int const*, unsigned char* const*, int const*)+0x41d0",BRANCH
0x00036234,"PVGCOLOR::PVGCropFunctions::transcode(unsigned char const* const*, int const*, unsigned char* const*, int const*)",0x00036340,"PVGCOLOR::PVGCropFunctions::transcode(unsigned char const* const*, int const*, unsigned char* const*, int const*)+0x434c",BRANCH
0x00036240,"PVGCOLOR::PVGCropFunctions::transcode(unsigned char const* const*, int const*, unsigned char* const*, int const*)",0x00036340,"PVGCOLOR::PVGCropFunctions::transcode(unsigned char const* const*, int const*, unsigned char* const*, int const*)+0x434c",BRANCH
0x0003624c,"PVGCOLOR::PVGCropFunctions::transcode(unsigned char const* const*, int const*, unsigned char* const*, int const*)",0x00036340,"PVGCOLOR::PVGCropFunctions::transcode(unsigned char const* const*, int const*, unsigned char* const*, int const*)+0x434c",BRANCH
0x00036258,"PVGCOLOR::PVGCropFunctions::transcode(unsigned char const* const*, int const*, unsigned char* const*, int const*)",0x00036340,"PVGCOLOR::PVGCropFunctions::transcode(unsigned char const* const*, int const*, unsigned char* const*, int const*)+0x434c",BRANCH
0x00036264,"PVGCOLOR::PVGCropFunctions::transcode(unsigned char const* const*, int const*, unsigned char* const*, int const*)",0x00036340,"PVGCOLOR::PVGCropFunctions::transcode(unsigned char const* const*, int const*, unsigned char* const*, int const*)+0x434c",BRANCH
0x00036270,"PVGCOLOR::PVGCropFunctions::transcode(unsigned char const* const*, int const*, unsigned char* const*, int const*)",0x00036340,"PVGCOLOR::PVGCropFunctions::transcode(unsigned char const* const*, int const*, unsigned char* const*, int const*)+0x434c",BRANCH
0x0003627c,"PVGCOLOR::PVGCropFunctions::transcode(unsigned char const* const*, int const*, unsigned char* const*, int const*)",0x00036340,"PVGCOLOR::PVGCropFunctions::transcode(unsigned char const* const*, int const*, unsigned char* const*, int const*)+0x434c",BRANCH
0x00036288,"PVGCOLOR::PVGCropFunctions::transcode(unsigned char const* const*, int const*, unsigned char* const*, int const*)",0x00036340,"PVGCOLOR::PVGCropFunctions::transcode(unsigned char const* const*, int const*, unsigned char* const*, int const*)+0x434c",BRANCH
0x0003628c,"PVGCOLOR::PVGCropFunctions::transcode(unsigned char const* const*, int const*, unsigned char* const*, int const*)",N/A,"x9, 0xe000",ADRP_PAGE_REF
0x000362a4,"PVGCOLOR::PVGCropFunctions::transcode(unsigned char const* const*, int const*, unsigned char* const*, int const*)",N/A,"x10, 0x10000 <typeinfo name for std::__ndk1::__function::__base<void (int, int)>+0x355>",ADRP_PAGE_REF
0x000362bc,"PVGCOLOR::PVGCropFunctions::transcode(unsigned char const* const*, int const*, unsigned char* const*, int const*)",0x00036358,"PVGCOLOR::PVGCropFunctions::transcode(unsigned char const* const*, int const*, unsigned char* const*, int const*)+0x4364",BRANCH
0x000362d4,"PVGCOLOR::PVGCropFunctions::transcode(unsigned char const* const*, int const*, unsigned char* const*, int const*)",0x00036350,"PVGCOLOR::PVGCropFunctions::transcode(unsigned char const* const*, int const*, unsigned char* const*, int const*)+0x435c",BRANCH
0x000362e0,"PVGCOLOR::PVGCropFunctions::transcode(unsigned char const* const*, int const*, unsigned char* const*, int const*)",0x00036340,"PVGCOLOR::PVGCropFunctions::transcode(unsigned char const* const*, int const*, unsigned char* const*, int const*)+0x434c",BRANCH
0x000362ec,"PVGCOLOR::PVGCropFunctions::transcode(unsigned char const* const*, int const*, unsigned char* const*, int const*)",0x00036340,"PVGCOLOR::PVGCropFunctions::transcode(unsigned char const* const*, int const*, unsigned char* const*, int const*)+0x434c",BRANCH
0x000362f8,"PVGCOLOR::PVGCropFunctions::transcode(unsigned char const* const*, int const*, unsigned char* const*, int const*)",0x00036340,"PVGCOLOR::PVGCropFunctions::transcode(unsigned char const* const*, int const*, unsigned char* const*, int const*)+0x434c",BRANCH
0x00036304,"PVGCOLOR::PVGCropFunctions::transcode(unsigned char const* const*, int const*, unsigned char* const*, int const*)",0x00036340,"PVGCOLOR::PVGCropFunctions::transcode(unsigned char const* const*, int const*, unsigned char* const*, int const*)+0x434c",BRANCH
0x00036310,"PVGCOLOR::PVGCropFunctions::transcode(unsigned char const* const*, int const*, unsigned char* const*, int const*)",0x00036340,"PVGCOLOR::PVGCropFunctions::transcode(unsigned char const* const*, int const*, unsigned char* const*, int const*)+0x434c",BRANCH
0x0003631c,"PVGCOLOR::PVGCropFunctions::transcode(unsigned char const* const*, int const*, unsigned char* const*, int const*)",0x00036340,"PVGCOLOR::PVGCropFunctions::transcode(unsigned char const* const*, int const*, unsigned char* const*, int const*)+0x434c",BRANCH
0x00036328,"PVGCOLOR::PVGCropFunctions::transcode(unsigned char const* const*, int const*, unsigned char* const*, int const*)",0x00036340,"PVGCOLOR::PVGCropFunctions::transcode(unsigned char const* const*, int const*, unsigned char* const*, int const*)+0x434c",BRANCH
0x00036334,"PVGCOLOR::PVGCropFunctions::transcode(unsigned char const* const*, int const*, unsigned char* const*, int const*)",0x00036340,"PVGCOLOR::PVGCropFunctions::transcode(unsigned char const* const*, int const*, unsigned char* const*, int const*)+0x434c",BRANCH
0x0003635c,"PVGCOLOR::PVGCropFunctions::transcode(unsigned char const* const*, int const*, unsigned char* const*, int const*)",0x00036368,"PVGCOLOR::PVGCropFunctions::transcode(unsigned char const* const*, int const*, unsigned char* const*, int const*)+0x4374",BRANCH
0x00036364,"PVGCOLOR::PVGCropFunctions::transcode(unsigned char const* const*, int const*, unsigned char* const*, int const*)",0x00036378,"PVGCOLOR::PVGCropFunctions::transcode(unsigned char const* const*, int const*, unsigned char* const*, int const*)+0x4384",BRANCH
0x000363a4,"PVGCOLOR::PVGCropFunctions::transcode(unsigned char const* const*, int const*, unsigned char* const*, int const*)",0x000363b0,"PVGCOLOR::PVGCropFunctions::transcode(unsigned char const* const*, int const*, unsigned char* const*, int const*)+0x43bc",BRANCH
0x000363ac,"PVGCOLOR::PVGCropFunctions::transcode(unsigned char const* const*, int const*, unsigned char* const*, int const*)",0x000363fc,"PVGCOLOR::PVGCropFunctions::transcode(unsigned char const* const*, int const*, unsigned char* const*, int const*)+0x4408",BRANCH
0x000363c4,"PVGCOLOR::PVGCropFunctions::transcode(unsigned char const* const*, int const*, unsigned char* const*, int const*)",0x00058ca0,memcpy@plt,DIRECT_CALL
0x000363c8,"PVGCOLOR::PVGCropFunctions::transcode(unsigned char const* const*, int const*, unsigned char* const*, int const*)",N/A,"x9, 0x10000 <typeinfo name for std::__ndk1::__function::__base<void (int, int)>+0x355>",ADRP_PAGE_REF
0x0003640c,"PVGCOLOR::PVGCropFunctions::transcode(unsigned char const* const*, int const*, unsigned char* const*, int const*)",0x00036420,"PVGCOLOR::PVGCropFunctions::transcode(unsigned char const* const*, int const*, unsigned char* const*, int const*)+0x442c",BRANCH
0x0003641c,"PVGCOLOR::PVGCropFunctions::transcode(unsigned char const* const*, int const*, unsigned char* const*, int const*)",0x00036444,"PVGCOLOR::PVGCropFunctions::transcode(unsigned char const* const*, int const*, unsigned char* const*, int const*)+0x4450",BRANCH
0x00036428,"PVGCOLOR::PVGCropFunctions::transcode(unsigned char const* const*, int const*, unsigned char* const*, int const*)",0x0003643c,"PVGCOLOR::PVGCropFunctions::transcode(unsigned char const* const*, int const*, unsigned char* const*, int const*)+0x4448",BRANCH
0x00036438,"PVGCOLOR::PVGCropFunctions::transcode(unsigned char const* const*, int const*, unsigned char* const*, int const*)",0x00036444,"PVGCOLOR::PVGCropFunctions::transcode(unsigned char const* const*, int const*, unsigned char* const*, int const*)+0x4450",BRANCH
0x00036460,"PVGCOLOR::PVGCropFunctions::transcode(unsigned char const* const*, int const*, unsigned char* const*, int const*)",0x00036abc,"PVGCOLOR::PVGCropFunctions::transcode(unsigned char const* const*, int const*, unsigned char* const*, int const*)+0x4ac8",BRANCH
0x000364a8,"PVGCOLOR::PVGCropFunctions::transcode(unsigned char const* const*, int const*, unsigned char* const*, int const*)",0x00036db4,"PVGCOLOR::PVGCropFunctions::transcode(unsigned char const* const*, int const*, unsigned char* const*, int const*)+0x4dc0",DIRECT_CALL
0x000364b0,"PVGCOLOR::PVGCropFunctions::transcode(unsigned char const* const*, int const*, unsigned char* const*, int const*)",0x000364f4,"PVGCOLOR::PVGCropFunctions::transcode(unsigned char const* const*, int const*, unsigned char* const*, int const*)+0x4500",BRANCH
0x000364f0,"PVGCOLOR::PVGCropFunctions::transcode(unsigned char const* const*, int const*, unsigned char* const*, int const*)",0x000364c0,"PVGCOLOR::PVGCropFunctions::transcode(unsigned char const* const*, int const*, unsigned char* const*, int const*)+0x44cc",BRANCH
0x00036554,"PVGCOLOR::PVGCropFunctions::transcode(unsigned char const* const*, int const*, unsigned char* const*, int const*)",0x00036620,"PVGCOLOR::PVGCropFunctions::transcode(unsigned char const* const*, int const*, unsigned char* const*, int const*)+0x462c",BRANCH
0x0003656c,"PVGCOLOR::PVGCropFunctions::transcode(unsigned char const* const*, int const*, unsigned char* const*, int const*)",0x00036db4,"PVGCOLOR::PVGCropFunctions::transcode(unsigned char const* const*, int const*, unsigned char* const*, int const*)+0x4dc0",DIRECT_CALL
0x00036574,"PVGCOLOR::PVGCropFunctions::transcode(unsigned char const* const*, int const*, unsigned char* const*, int const*)",0x000365b8,"PVGCOLOR::PVGCropFunctions::transcode(unsigned char const* const*, int const*, unsigned char* const*, int const*)+0x45c4",BRANCH
0x000365b4,"PVGCOLOR::PVGCropFunctions::transcode(unsigned char const* const*, int const*, unsigned char* const*, int const*)",0x00036584,"PVGCOLOR::PVGCropFunctions::transcode(unsigned char const* const*, int const*, unsigned char* const*, int const*)+0x4590",BRANCH
0x00036628,"PVGCOLOR::PVGCropFunctions::transcode(unsigned char const* const*, int const*, unsigned char* const*, int const*)",0x0003679c,"PVGCOLOR::PVGCropFunctions::transcode(unsigned char const* const*, int const*, unsigned char* const*, int const*)+0x47a8",BRANCH
0x00036640,"PVGCOLOR::PVGCropFunctions::transcode(unsigned char const* const*, int const*, unsigned char* const*, int const*)",0x00036db4,"PVGCOLOR::PVGCropFunctions::transcode(unsigned char const* const*, int const*, unsigned char* const*, int const*)+0x4dc0",DIRECT_CALL
0x00036648,"PVGCOLOR::PVGCropFunctions::transcode(unsigned char const* const*, int const*, unsigned char* const*, int const*)",0x0003668c,"PVGCOLOR::PVGCropFunctions::transcode(unsigned char const* const*, int const*, unsigned char* const*, int const*)+0x4698",BRANCH
0x00036688,"PVGCOLOR::PVGCropFunctions::transcode(unsigned char const* const*, int const*, unsigned char* const*, int const*)",0x00036658,"PVGCOLOR::PVGCropFunctions::transcode(unsigned char const* const*, int const*, unsigned char* const*, int const*)+0x4664",BRANCH
0x000366a4,"PVGCOLOR::PVGCropFunctions::transcode(unsigned char const* const*, int const*, unsigned char* const*, int const*)",0x000367b0,"PVGCOLOR::PVGCropFunctions::transcode(unsigned char const* const*, int const*, unsigned char* const*, int const*)+0x47bc",BRANCH
0x000366cc,"PVGCOLOR::PVGCropFunctions::transcode(unsigned char const* const*, int const*, unsigned char* const*, int const*)",0x000369d0,"PVGCOLOR::PVGCropFunctions::transcode(unsigned char const* const*, int const*, unsigned char* const*, int const*)+0x49dc",BRANCH
0x000366fc,"PVGCOLOR::PVGCropFunctions::transcode(unsigned char const* const*, int const*, unsigned char* const*, int const*)",0x000369e0,"PVGCOLOR::PVGCropFunctions::transcode(unsigned char const* const*, int const*, unsigned char* const*, int const*)+0x49ec",BRANCH
0x00036708,"PVGCOLOR::PVGCropFunctions::transcode(unsigned char const* const*, int const*, unsigned char* const*, int const*)",0x00036a08,"PVGCOLOR::PVGCropFunctions::transcode(unsigned char const* const*, int const*, unsigned char* const*, int const*)+0x4a14",BRANCH
0x00036780,"PVGCOLOR::PVGCropFunctions::transcode(unsigned char const* const*, int const*, unsigned char* const*, int const*)",0x00036d08,"PVGCOLOR::PVGCropFunctions::transcode(unsigned char const* const*, int const*, unsigned char* const*, int const*)+0x4d14",DIRECT_CALL
0x00036798,"PVGCOLOR::PVGCropFunctions::transcode(unsigned char const* const*, int const*, unsigned char* const*, int const*)",0x00036abc,"PVGCOLOR::PVGCropFunctions::transcode(unsigned char const* const*, int const*, unsigned char* const*, int const*)+0x4ac8",BRANCH
0x000367ac,"PVGCOLOR::PVGCropFunctions::transcode(unsigned char const* const*, int const*, unsigned char* const*, int const*)",0x000366a8,"PVGCOLOR::PVGCropFunctions::transcode(unsigned char const* const*, int const*, unsigned char* const*, int const*)+0x46b4",BRANCH
0x00036820,"PVGCOLOR::PVGCropFunctions::transcode(unsigned char const* const*, int const*, unsigned char* const*, int const*)",0x00036870,"PVGCOLOR::PVGCropFunctions::transcode(unsigned char const* const*, int const*, unsigned char* const*, int const*)+0x487c",BRANCH
0x00036830,"PVGCOLOR::PVGCropFunctions::transcode(unsigned char const* const*, int const*, unsigned char* const*, int const*)",0x000352ec,"PVGCOLOR::PVGCropFunctions::transcode(unsigned char const* const*, int const*, unsigned char* const*, int const*)+0x32f8",DIRECT_CALL
0x00036880,"PVGCOLOR::PVGCropFunctions::transcode(unsigned char const* const*, int const*, unsigned char* const*, int const*)",0x00036db4,"PVGCOLOR::PVGCropFunctions::transcode(unsigned char const* const*, int const*, unsigned char* const*, int const*)+0x4dc0",DIRECT_CALL
0x00036888,"PVGCOLOR::PVGCropFunctions::transcode(unsigned char const* const*, int const*, unsigned char* const*, int const*)",0x00036ab0,"PVGCOLOR::PVGCropFunctions::transcode(unsigned char const* const*, int const*, unsigned char* const*, int const*)+0x4abc",BRANCH
0x000368c4,"PVGCOLOR::PVGCropFunctions::transcode(unsigned char const* const*, int const*, unsigned char* const*, int const*)",0x00036894,"PVGCOLOR::PVGCropFunctions::transcode(unsigned char const* const*, int const*, unsigned char* const*, int const*)+0x48a0",BRANCH
0x000368c8,"PVGCOLOR::PVGCropFunctions::transcode(unsigned char const* const*, int const*, unsigned char* const*, int const*)",0x00036ab0,"PVGCOLOR::PVGCropFunctions::transcode(unsigned char const* const*, int const*, unsigned char* const*, int const*)+0x4abc",BRANCH
0x000368f4,"PVGCOLOR::PVGCropFunctions::transcode(unsigned char const* const*, int const*, unsigned char* const*, int const*)",0x00035f68,"PVGCOLOR::PVGCropFunctions::transcode(unsigned char const* const*, int const*, unsigned char* const*, int const*)+0x3f74",DIRECT_CALL
0x00036900,"PVGCOLOR::PVGCropFunctions::transcode(unsigned char const* const*, int const*, unsigned char* const*, int const*)",0x00035f68,"PVGCOLOR::PVGCropFunctions::transcode(unsigned char const* const*, int const*, unsigned char* const*, int const*)+0x3f74",DIRECT_CALL
0x0003690c,"PVGCOLOR::PVGCropFunctions::transcode(unsigned char const* const*, int const*, unsigned char* const*, int const*)",0x00035f68,"PVGCOLOR::PVGCropFunctions::transcode(unsigned char const* const*, int const*, unsigned char* const*, int const*)+0x3f74",DIRECT_CALL
0x00036938,"PVGCOLOR::PVGCropFunctions::transcode(unsigned char const* const*, int const*, unsigned char* const*, int const*)",0x00035398,"PVGCOLOR::PVGCropFunctions::transcode(unsigned char const* const*, int const*, unsigned char* const*, int const*)+0x33a4",DIRECT_CALL
0x00036940,"PVGCOLOR::PVGCropFunctions::transcode(unsigned char const* const*, int const*, unsigned char* const*, int const*)",0x00036474,"PVGCOLOR::PVGCropFunctions::transcode(unsigned char const* const*, int const*, unsigned char* const*, int const*)+0x4480",BRANCH
0x00036964,"PVGCOLOR::PVGCropFunctions::transcode(unsigned char const* const*, int const*, unsigned char* const*, int const*)",0x00036d08,"PVGCOLOR::PVGCropFunctions::transcode(unsigned char const* const*, int const*, unsigned char* const*, int const*)+0x4d14",DIRECT_CALL
0x0003698c,"PVGCOLOR::PVGCropFunctions::transcode(unsigned char const* const*, int const*, unsigned char* const*, int const*)",0x000367e0,"PVGCOLOR::PVGCropFunctions::transcode(unsigned char const* const*, int const*, unsigned char* const*, int const*)+0x47ec",BRANCH
0x000369cc,"PVGCOLOR::PVGCropFunctions::transcode(unsigned char const* const*, int const*, unsigned char* const*, int const*)",0x000366d0,"PVGCOLOR::PVGCropFunctions::transcode(unsigned char const* const*, int const*, unsigned char* const*, int const*)+0x46dc",BRANCH
0x000369dc,"PVGCOLOR::PVGCropFunctions::transcode(unsigned char const* const*, int const*, unsigned char* const*, int const*)",0x00036700,"PVGCOLOR::PVGCropFunctions::transcode(unsigned char const* const*, int const*, unsigned char* const*, int const*)+0x470c",BRANCH
0x000369ec,"PVGCOLOR::PVGCropFunctions::transcode(unsigned char const* const*, int const*, unsigned char* const*, int const*)",0x00036d08,"PVGCOLOR::PVGCropFunctions::transcode(unsigned char const* const*, int const*, unsigned char* const*, int const*)+0x4d14",DIRECT_CALL
0x00036a04,"PVGCOLOR::PVGCropFunctions::transcode(unsigned char const* const*, int const*, unsigned char* const*, int const*)",0x0003670c,"PVGCOLOR::PVGCropFunctions::transcode(unsigned char const* const*, int const*, unsigned char* const*, int const*)+0x4718",BRANCH
0x00036a64,"PVGCOLOR::PVGCropFunctions::transcode(unsigned char const* const*, int const*, unsigned char* const*, int const*)",0x00036db4,"PVGCOLOR::PVGCropFunctions::transcode(unsigned char const* const*, int const*, unsigned char* const*, int const*)+0x4dc0",DIRECT_CALL
0x00036a6c,"PVGCOLOR::PVGCropFunctions::transcode(unsigned char const* const*, int const*, unsigned char* const*, int const*)",0x00036ab0,"PVGCOLOR::PVGCropFunctions::transcode(unsigned char const* const*, int const*, unsigned char* const*, int const*)+0x4abc",BRANCH
0x00036aac,"PVGCOLOR::PVGCropFunctions::transcode(unsigned char const* const*, int const*, unsigned char* const*, int const*)",0x00036a7c,"PVGCOLOR::PVGCropFunctions::transcode(unsigned char const* const*, int const*, unsigned char* const*, int const*)+0x4a88",BRANCH
0x00036ac0,"PVGCOLOR::PVGCropFunctions::transcode(unsigned char const* const*, int const*, unsigned char* const*, int const*)",0x00036ae4,"PVGCOLOR::PVGCropFunctions::transcode(unsigned char const* const*, int const*, unsigned char* const*, int const*)+0x4af0",BRANCH
0x00036aec,"PVGCOLOR::PVGCropFunctions::transcode(unsigned char const* const*, int const*, unsigned char* const*, int const*)",0x00036afc,"PVGCOLOR::PVGCropFunctions::transcode(unsigned char const* const*, int const*, unsigned char* const*, int const*)+0x4b08",BRANCH
0x00036af8,"PVGCOLOR::PVGCropFunctions::transcode(unsigned char const* const*, int const*, unsigned char* const*, int const*)",0x00036b1c,"PVGCOLOR::PVGCropFunctions::transcode(unsigned char const* const*, int const*, unsigned char* const*, int const*)+0x4b28",BRANCH
0x00036b00,"PVGCOLOR::PVGCropFunctions::transcode(unsigned char const* const*, int const*, unsigned char* const*, int const*)",0x00036b14,"PVGCOLOR::PVGCropFunctions::transcode(unsigned char const* const*, int const*, unsigned char* const*, int const*)+0x4b20",BRANCH
0x00036b10,"PVGCOLOR::PVGCropFunctions::transcode(unsigned char const* const*, int const*, unsigned char* const*, int const*)",0x00036b1c,"PVGCOLOR::PVGCropFunctions::transcode(unsigned char const* const*, int const*, unsigned char* const*, int const*)+0x4b28",BRANCH
0x00036b5c,"PVGCOLOR::PVGCropFunctions::transcode(unsigned char const* const*, int const*, unsigned char* const*, int const*)",0x000361c4,"PVGCOLOR::PVGCropFunctions::transcode(unsigned char const* const*, int const*, unsigned char* const*, int const*)+0x41d0",BRANCH
0x00036b60,"PVGCOLOR::PVGCropFunctions::transcode(unsigned char const* const*, int const*, unsigned char* const*, int const*)",N/A,"x8, 0x10000 <typeinfo name for std::__ndk1::__function::__base<void (int, int)>+0x355>",ADRP_PAGE_REF
0x00036b80,"PVGCOLOR::PVGCropFunctions::transcode(unsigned char const* const*, int const*, unsigned char* const*, int const*)",0x00036c70,"PVGCOLOR::PVGCropFunctions::transcode(unsigned char const* const*, int const*, unsigned char* const*, int const*)+0x4c7c",BRANCH
0x00036b8c,"PVGCOLOR::PVGCropFunctions::transcode(unsigned char const* const*, int const*, unsigned char* const*, int const*)",0x00036c70,"PVGCOLOR::PVGCropFunctions::transcode(unsigned char const* const*, int const*, unsigned char* const*, int const*)+0x4c7c",BRANCH
0x00036b98,"PVGCOLOR::PVGCropFunctions::transcode(unsigned char const* const*, int const*, unsigned char* const*, int const*)",0x00036c70,"PVGCOLOR::PVGCropFunctions::transcode(unsigned char const* const*, int const*, unsigned char* const*, int const*)+0x4c7c",BRANCH
0x00036ba4,"PVGCOLOR::PVGCropFunctions::transcode(unsigned char const* const*, int const*, unsigned char* const*, int const*)",0x00036c70,"PVGCOLOR::PVGCropFunctions::transcode(unsigned char const* const*, int const*, unsigned char* const*, int const*)+0x4c7c",BRANCH
0x00036bb0,"PVGCOLOR::PVGCropFunctions::transcode(unsigned char const* const*, int const*, unsigned char* const*, int const*)",0x00036c70,"PVGCOLOR::PVGCropFunctions::transcode(unsigned char const* const*, int const*, unsigned char* const*, int const*)+0x4c7c",BRANCH
0x00036bbc,"PVGCOLOR::PVGCropFunctions::transcode(unsigned char const* const*, int const*, unsigned char* const*, int const*)",0x00036c70,"PVGCOLOR::PVGCropFunctions::transcode(unsigned char const* const*, int const*, unsigned char* const*, int const*)+0x4c7c",BRANCH
0x00036bc8,"PVGCOLOR::PVGCropFunctions::transcode(unsigned char const* const*, int const*, unsigned char* const*, int const*)",0x00036c70,"PVGCOLOR::PVGCropFunctions::transcode(unsigned char const* const*, int const*, unsigned char* const*, int const*)+0x4c7c",BRANCH
0x00036bd4,"PVGCOLOR::PVGCropFunctions::transcode(unsigned char const* const*, int const*, unsigned char* const*, int const*)",0x00036c70,"PVGCOLOR::PVGCropFunctions::transcode(unsigned char const* const*, int const*, unsigned char* const*, int const*)+0x4c7c",BRANCH
0x00036c10,"PVGCOLOR::PVGCropFunctions::transcode(unsigned char const* const*, int const*, unsigned char* const*, int const*)",0x00036c70,"PVGCOLOR::PVGCropFunctions::transcode(unsigned char const* const*, int const*, unsigned char* const*, int const*)+0x4c7c",BRANCH
0x00036c1c,"PVGCOLOR::PVGCropFunctions::transcode(unsigned char const* const*, int const*, unsigned char* const*, int const*)",0x00036c70,"PVGCOLOR::PVGCropFunctions::transcode(unsigned char const* const*, int const*, unsigned char* const*, int const*)+0x4c7c",BRANCH
0x00036c28,"PVGCOLOR::PVGCropFunctions::transcode(unsigned char const* const*, int const*, unsigned char* const*, int const*)",0x00036c70,"PVGCOLOR::PVGCropFunctions::transcode(unsigned char const* const*, int const*, unsigned char* const*, int const*)+0x4c7c",BRANCH
0x00036c34,"PVGCOLOR::PVGCropFunctions::transcode(unsigned char const* const*, int const*, unsigned char* const*, int const*)",0x00036c70,"PVGCOLOR::PVGCropFunctions::transcode(unsigned char const* const*, int const*, unsigned char* const*, int const*)+0x4c7c",BRANCH
0x00036c40,"PVGCOLOR::PVGCropFunctions::transcode(unsigned char const* const*, int const*, unsigned char* const*, int const*)",0x00036c70,"PVGCOLOR::PVGCropFunctions::transcode(unsigned char const* const*, int const*, unsigned char* const*, int const*)+0x4c7c",BRANCH
0x00036c4c,"PVGCOLOR::PVGCropFunctions::transcode(unsigned char const* const*, int const*, unsigned char* const*, int const*)",0x00036c70,"PVGCOLOR::PVGCropFunctions::transcode(unsigned char const* const*, int const*, unsigned char* const*, int const*)+0x4c7c",BRANCH
0x00036c58,"PVGCOLOR::PVGCropFunctions::transcode(unsigned char const* const*, int const*, unsigned char* const*, int const*)",0x00036c70,"PVGCOLOR::PVGCropFunctions::transcode(unsigned char const* const*, int const*, unsigned char* const*, int const*)+0x4c7c",BRANCH
0x00036c64,"PVGCOLOR::PVGCropFunctions::transcode(unsigned char const* const*, int const*, unsigned char* const*, int const*)",0x00036c70,"PVGCOLOR::PVGCropFunctions::transcode(unsigned char const* const*, int const*, unsigned char* const*, int const*)+0x4c7c",BRANCH
0x00036cb0,"PVGCOLOR::PVGCropFunctions::transcode(unsigned char const* const*, int const*, unsigned char* const*, int const*)",0x00037398,"PVGCOLOR::PVGCropFunctions::transcode(unsigned char const* const*, int const*, unsigned char* const*, int const*)+0x53a4",DIRECT_CALL
0x00036cc4,"PVGCOLOR::PVGCropFunctions::transcode(unsigned char const* const*, int const*, unsigned char* const*, int const*)",0x000361d8,"PVGCOLOR::PVGCropFunctions::transcode(unsigned char const* const*, int const*, unsigned char* const*, int const*)+0x41e4",BRANCH
0x00036cc8,"PVGCOLOR::PVGCropFunctions::transcode(unsigned char const* const*, int const*, unsigned char* const*, int const*)",0x00058cb0,__stack_chk_fail@plt,DIRECT_CALL
0x00036cdc,"PVGCOLOR::PVGCropFunctions::transcode(unsigned char const* const*, int const*, unsigned char* const*, int const*)",0x000354f4,"PVGCOLOR::PVGCropFunctions::transcode(unsigned char const* const*, int const*, unsigned char* const*, int const*)+0x3500",DIRECT_CALL
0x00036cec,"PVGCOLOR::PVGCropFunctions::transcode(unsigned char const* const*, int const*, unsigned char* const*, int const*)",0x000354f4,"PVGCOLOR::PVGCropFunctions::transcode(unsigned char const* const*, int const*, unsigned char* const*, int const*)+0x3500",DIRECT_CALL
0x00036cfc,"PVGCOLOR::PVGCropFunctions::transcode(unsigned char const* const*, int const*, unsigned char* const*, int const*)",0x000354f4,"PVGCOLOR::PVGCropFunctions::transcode(unsigned char const* const*, int const*, unsigned char* const*, int const*)+0x3500",DIRECT_CALL
0x00036d04,"PVGCOLOR::PVGCropFunctions::transcode(unsigned char const* const*, int const*, unsigned char* const*, int const*)",0x00036930,"PVGCOLOR::PVGCropFunctions::transcode(unsigned char const* const*, int const*, unsigned char* const*, int const*)+0x493c",BRANCH
0x00036d40,"PVGCOLOR::PVGCropFunctions::transcode(unsigned char const* const*, int const*, unsigned char* const*, int const*)",0x00036db4,"PVGCOLOR::PVGCropFunctions::transcode(unsigned char const* const*, int const*, unsigned char* const*, int const*)+0x4dc0",DIRECT_CALL
0x00036d48,"PVGCOLOR::PVGCropFunctions::transcode(unsigned char const* const*, int const*, unsigned char* const*, int const*)",0x00036d8c,"PVGCOLOR::PVGCropFunctions::transcode(unsigned char const* const*, int const*, unsigned char* const*, int const*)+0x4d98",BRANCH
0x00036d88,"PVGCOLOR::PVGCropFunctions::transcode(unsigned char const* const*, int const*, unsigned char* const*, int const*)",0x00036d54,"PVGCOLOR::PVGCropFunctions::transcode(unsigned char const* const*, int const*, unsigned char* const*, int const*)+0x4d60",BRANCH
0x00036d98,"PVGCOLOR::PVGCropFunctions::transcode(unsigned char const* const*, int const*, unsigned char* const*, int const*)",0x00036db0,"PVGCOLOR::PVGCropFunctions::transcode(unsigned char const* const*, int const*, unsigned char* const*, int const*)+0x4dbc",BRANCH
0x00036db0,"PVGCOLOR::PVGCropFunctions::transcode(unsigned char const* const*, int const*, unsigned char* const*, int const*)",0x00058cb0,__stack_chk_fail@plt,DIRECT_CALL
0x00036db8,"PVGCOLOR::PVGCropFunctions::transcode(unsigned char const* const*, int const*, unsigned char* const*, int const*)",0x0003704c,"PVGCOLOR::PVGCropFunctions::transcode(unsigned char const* const*, int const*, unsigned char* const*, int const*)+0x5058",BRANCH
0x00036de0,"PVGCOLOR::PVGCropFunctions::transcode(unsigned char const* const*, int const*, unsigned char* const*, int const*)",N/A,"x12, 0xd000",ADRP_PAGE_REF
0x00036de4,"PVGCOLOR::PVGCropFunctions::transcode(unsigned char const* const*, int const*, unsigned char* const*, int const*)",N/A,"x15, 0xd000",ADRP_PAGE_REF
0x00036e04,"PVGCOLOR::PVGCropFunctions::transcode(unsigned char const* const*, int const*, unsigned char* const*, int const*)",0x00036e20,"PVGCOLOR::PVGCropFunctions::transcode(unsigned char const* const*, int const*, unsigned char* const*, int const*)+0x4e2c",BRANCH
0x00036e1c,"PVGCOLOR::PVGCropFunctions::transcode(unsigned char const* const*, int const*, unsigned char* const*, int const*)",0x00036f88,"PVGCOLOR::PVGCropFunctions::transcode(unsigned char const* const*, int const*, unsigned char* const*, int const*)+0x4f94",BRANCH
0x00036e58,"PVGCOLOR::PVGCropFunctions::transcode(unsigned char const* const*, int const*, unsigned char* const*, int const*)",0x00036e20,"PVGCOLOR::PVGCropFunctions::transcode(unsigned char const* const*, int const*, unsigned char* const*, int const*)+0x4e2c",BRANCH
0x00036e5c,"PVGCOLOR::PVGCropFunctions::transcode(unsigned char const* const*, int const*, unsigned char* const*, int const*)",0x00036f88,"PVGCOLOR::PVGCropFunctions::transcode(unsigned char const* const*, int const*, unsigned char* const*, int const*)+0x4f94",BRANCH
0x00036e78,"PVGCOLOR::PVGCropFunctions::transcode(unsigned char const* const*, int const*, unsigned char* const*, int const*)",0x00036eb8,"PVGCOLOR::PVGCropFunctions::transcode(unsigned char const* const*, int const*, unsigned char* const*, int const*)+0x4ec4",BRANCH
0x00036e90,"PVGCOLOR::PVGCropFunctions::transcode(unsigned char const* const*, int const*, unsigned char* const*, int const*)",0x00036eb8,"PVGCOLOR::PVGCropFunctions::transcode(unsigned char const* const*, int const*, unsigned char* const*, int const*)+0x4ec4",BRANCH
0x00036e98,"PVGCOLOR::PVGCropFunctions::transcode(unsigned char const* const*, int const*, unsigned char* const*, int const*)",0x00036eb8,"PVGCOLOR::PVGCropFunctions::transcode(unsigned char const* const*, int const*, unsigned char* const*, int const*)+0x4ec4",BRANCH
0x00036ea4,"PVGCOLOR::PVGCropFunctions::transcode(unsigned char const* const*, int const*, unsigned char* const*, int const*)",0x00036eb8,"PVGCOLOR::PVGCropFunctions::transcode(unsigned char const* const*, int const*, unsigned char* const*, int const*)+0x4ec4",BRANCH
0x00036eb0,"PVGCOLOR::PVGCropFunctions::transcode(unsigned char const* const*, int const*, unsigned char* const*, int const*)",0x00036e3c,"PVGCOLOR::PVGCropFunctions::transcode(unsigned char const* const*, int const*, unsigned char* const*, int const*)+0x4e48",BRANCH
0x00036eb4,"PVGCOLOR::PVGCropFunctions::transcode(unsigned char const* const*, int const*, unsigned char* const*, int const*)",0x00036e08,"PVGCOLOR::PVGCropFunctions::transcode(unsigned char const* const*, int const*, unsigned char* const*, int const*)+0x4e14",BRANCH
0x00036ebc,"PVGCOLOR::PVGCropFunctions::transcode(unsigned char const* const*, int const*, unsigned char* const*, int const*)",0x00036f04,"PVGCOLOR::PVGCropFunctions::transcode(unsigned char const* const*, int const*, unsigned char* const*, int const*)+0x4f10",BRANCH
0x00036ec4,"PVGCOLOR::PVGCropFunctions::transcode(unsigned char const* const*, int const*, unsigned char* const*, int const*)",0x00036e08,"PVGCOLOR::PVGCropFunctions::transcode(unsigned char const* const*, int const*, unsigned char* const*, int const*)+0x4e14",BRANCH
0x00036ed4,"PVGCOLOR::PVGCropFunctions::transcode(unsigned char const* const*, int const*, unsigned char* const*, int const*)",0x00036e08,"PVGCOLOR::PVGCropFunctions::transcode(unsigned char const* const*, int const*, unsigned char* const*, int const*)+0x4e14",BRANCH
0x00036ee0,"PVGCOLOR::PVGCropFunctions::transcode(unsigned char const* const*, int const*, unsigned char* const*, int const*)",0x00036f7c,"PVGCOLOR::PVGCropFunctions::transcode(unsigned char const* const*, int const*, unsigned char* const*, int const*)+0x4f88",BRANCH
0x00036eec,"PVGCOLOR::PVGCropFunctions::transcode(unsigned char const* const*, int const*, unsigned char* const*, int const*)",0x00036f70,"PVGCOLOR::PVGCropFunctions::transcode(unsigned char const* const*, int const*, unsigned char* const*, int const*)+0x4f7c",BRANCH
0x00036ef4,"PVGCOLOR::PVGCropFunctions::transcode(unsigned char const* const*, int const*, unsigned char* const*, int const*)",0x00036e08,"PVGCOLOR::PVGCropFunctions::transcode(unsigned char const* const*, int const*, unsigned char* const*, int const*)+0x4e14",BRANCH
0x00036f00,"PVGCOLOR::PVGCropFunctions::transcode(unsigned char const* const*, int const*, unsigned char* const*, int const*)",0x00036e3c,"PVGCOLOR::PVGCropFunctions::transcode(unsigned char const* const*, int const*, unsigned char* const*, int const*)+0x4e48",BRANCH
0x00036f30,"PVGCOLOR::PVGCropFunctions::transcode(unsigned char const* const*, int const*, unsigned char* const*, int const*)",0x00036e08,"PVGCOLOR::PVGCropFunctions::transcode(unsigned char const* const*, int const*, unsigned char* const*, int const*)+0x4e14",BRANCH
0x00036f38,"PVGCOLOR::PVGCropFunctions::transcode(unsigned char const* const*, int const*, unsigned char* const*, int const*)",0x00036e08,"PVGCOLOR::PVGCropFunctions::transcode(unsigned char const* const*, int const*, unsigned char* const*, int const*)+0x4e14",BRANCH
0x00036f40,"PVGCOLOR::PVGCropFunctions::transcode(unsigned char const* const*, int const*, unsigned char* const*, int const*)",0x00036e08,"PVGCOLOR::PVGCropFunctions::transcode(unsigned char const* const*, int const*, unsigned char* const*, int const*)+0x4e14",BRANCH
0x00036f48,"PVGCOLOR::PVGCropFunctions::transcode(unsigned char const* const*, int const*, unsigned char* const*, int const*)",0x00036e08,"PVGCOLOR::PVGCropFunctions::transcode(unsigned char const* const*, int const*, unsigned char* const*, int const*)+0x4e14",BRANCH
0x00036f50,"PVGCOLOR::PVGCropFunctions::transcode(unsigned char const* const*, int const*, unsigned char* const*, int const*)",0x00036e08,"PVGCOLOR::PVGCropFunctions::transcode(unsigned char const* const*, int const*, unsigned char* const*, int const*)+0x4e14",BRANCH
0x00036f60,"PVGCOLOR::PVGCropFunctions::transcode(unsigned char const* const*, int const*, unsigned char* const*, int const*)",0x00036e08,"PVGCOLOR::PVGCropFunctions::transcode(unsigned char const* const*, int const*, unsigned char* const*, int const*)+0x4e14",BRANCH
0x00036f6c,"PVGCOLOR::PVGCropFunctions::transcode(unsigned char const* const*, int const*, unsigned char* const*, int const*)",0x00036e3c,"PVGCOLOR::PVGCropFunctions::transcode(unsigned char const* const*, int const*, unsigned char* const*, int const*)+0x4e48",BRANCH
0x00036f78,"PVGCOLOR::PVGCropFunctions::transcode(unsigned char const* const*, int const*, unsigned char* const*, int const*)",0x00036e3c,"PVGCOLOR::PVGCropFunctions::transcode(unsigned char const* const*, int const*, unsigned char* const*, int const*)+0x4e48",BRANCH
0x00036f84,"PVGCOLOR::PVGCropFunctions::transcode(unsigned char const* const*, int const*, unsigned char* const*, int const*)",0x00036e3c,"PVGCOLOR::PVGCropFunctions::transcode(unsigned char const* const*, int const*, unsigned char* const*, int const*)+0x4e48",BRANCH
0x00036f8c,"PVGCOLOR::PVGCropFunctions::transcode(unsigned char const* const*, int const*, unsigned char* const*, int const*)",0x00037050,"PVGCOLOR::PVGCropFunctions::transcode(unsigned char const* const*, int const*, unsigned char* const*, int const*)+0x505c",BRANCH
0x00036f9c,"PVGCOLOR::PVGCropFunctions::transcode(unsigned char const* const*, int const*, unsigned char* const*, int const*)",0x00037054,"PVGCOLOR::PVGCropFunctions::transcode(unsigned char const* const*, int const*, unsigned char* const*, int const*)+0x5060",BRANCH
0x00036fa4,"PVGCOLOR::PVGCropFunctions::transcode(unsigned char const* const*, int const*, unsigned char* const*, int const*)",0x000370f8,"PVGCOLOR::PVGCropFunctions::transcode(unsigned char const* const*, int const*, unsigned char* const*, int const*)+0x5104",BRANCH
0x00036fac,"PVGCOLOR::PVGCropFunctions::transcode(unsigned char const* const*, int const*, unsigned char* const*, int const*)",0x0003718c,"PVGCOLOR::PVGCropFunctions::transcode(unsigned char const* const*, int const*, unsigned char* const*, int const*)+0x5198",BRANCH
0x00036fb4,"PVGCOLOR::PVGCropFunctions::transcode(unsigned char const* const*, int const*, unsigned char* const*, int const*)",0x00037050,"PVGCOLOR::PVGCropFunctions::transcode(unsigned char const* const*, int const*, unsigned char* const*, int const*)+0x505c",BRANCH
0x00036fc0,"PVGCOLOR::PVGCropFunctions::transcode(unsigned char const* const*, int const*, unsigned char* const*, int const*)",0x00037050,"PVGCOLOR::PVGCropFunctions::transcode(unsigned char const* const*, int const*, unsigned char* const*, int const*)+0x505c",BRANCH
0x00036fcc,"PVGCOLOR::PVGCropFunctions::transcode(unsigned char const* const*, int const*, unsigned char* const*, int const*)",0x00037050,"PVGCOLOR::PVGCropFunctions::transcode(unsigned char const* const*, int const*, unsigned char* const*, int const*)+0x505c",BRANCH
0x00037000,"PVGCOLOR::PVGCropFunctions::transcode(unsigned char const* const*, int const*, unsigned char* const*, int const*)",0x00037050,"PVGCOLOR::PVGCropFunctions::transcode(unsigned char const* const*, int const*, unsigned char* const*, int const*)+0x505c",BRANCH
0x00037030,"PVGCOLOR::PVGCropFunctions::transcode(unsigned char const* const*, int const*, unsigned char* const*, int const*)",0x00037050,"PVGCOLOR::PVGCropFunctions::transcode(unsigned char const* const*, int const*, unsigned char* const*, int const*)+0x505c",BRANCH
0x00037034,"PVGCOLOR::PVGCropFunctions::transcode(unsigned char const* const*, int const*, unsigned char* const*, int const*)",N/A,"x9, 0x10000 <typeinfo name for std::__ndk1::__function::__base<void (int, int)>+0x355>",ADRP_PAGE_REF
0x00037058,"PVGCOLOR::PVGCropFunctions::transcode(unsigned char const* const*, int const*, unsigned char* const*, int const*)",0x00037220,"PVGCOLOR::PVGCropFunctions::transcode(unsigned char const* const*, int const*, unsigned char* const*, int const*)+0x522c",BRANCH
0x00037060,"PVGCOLOR::PVGCropFunctions::transcode(unsigned char const* const*, int const*, unsigned char* const*, int const*)",0x00037050,"PVGCOLOR::PVGCropFunctions::transcode(unsigned char const* const*, int const*, unsigned char* const*, int const*)+0x505c",BRANCH
0x0003706c,"PVGCOLOR::PVGCropFunctions::transcode(unsigned char const* const*, int const*, unsigned char* const*, int const*)",0x00037050,"PVGCOLOR::PVGCropFunctions::transcode(unsigned char const* const*, int const*, unsigned char* const*, int const*)+0x505c",BRANCH
0x00037078,"PVGCOLOR::PVGCropFunctions::transcode(unsigned char const* const*, int const*, unsigned char* const*, int const*)",0x00037050,"PVGCOLOR::PVGCropFunctions::transcode(unsigned char const* const*, int const*, unsigned char* const*, int const*)+0x505c",BRANCH
0x000370ac,"PVGCOLOR::PVGCropFunctions::transcode(unsigned char const* const*, int const*, unsigned char* const*, int const*)",0x00037050,"PVGCOLOR::PVGCropFunctions::transcode(unsigned char const* const*, int const*, unsigned char* const*, int const*)+0x505c",BRANCH
0x000370dc,"PVGCOLOR::PVGCropFunctions::transcode(unsigned char const* const*, int const*, unsigned char* const*, int const*)",0x00037050,"PVGCOLOR::PVGCropFunctions::transcode(unsigned char const* const*, int const*, unsigned char* const*, int const*)+0x505c",BRANCH
0x000370e0,"PVGCOLOR::PVGCropFunctions::transcode(unsigned char const* const*, int const*, unsigned char* const*, int const*)",N/A,"x9, 0x10000 <typeinfo name for std::__ndk1::__function::__base<void (int, int)>+0x355>",ADRP_PAGE_REF
0x00037100,"PVGCOLOR::PVGCropFunctions::transcode(unsigned char const* const*, int const*, unsigned char* const*, int const*)",0x00037050,"PVGCOLOR::PVGCropFunctions::transcode(unsigned char const* const*, int const*, unsigned char* const*, int const*)+0x505c",BRANCH
0x0003710c,"PVGCOLOR::PVGCropFunctions::transcode(unsigned char const* const*, int const*, unsigned char* const*, int const*)",0x00037050,"PVGCOLOR::PVGCropFunctions::transcode(unsigned char const* const*, int const*, unsigned char* const*, int const*)+0x505c",BRANCH
0x00037140,"PVGCOLOR::PVGCropFunctions::transcode(unsigned char const* const*, int const*, unsigned char* const*, int const*)",0x00037050,"PVGCOLOR::PVGCropFunctions::transcode(unsigned char const* const*, int const*, unsigned char* const*, int const*)+0x505c",BRANCH
0x00037170,"PVGCOLOR::PVGCropFunctions::transcode(unsigned char const* const*, int const*, unsigned char* const*, int const*)",0x00037050,"PVGCOLOR::PVGCropFunctions::transcode(unsigned char const* const*, int const*, unsigned char* const*, int const*)+0x505c",BRANCH
0x00037174,"PVGCOLOR::PVGCropFunctions::transcode(unsigned char const* const*, int const*, unsigned char* const*, int const*)",N/A,"x9, 0x10000 <typeinfo name for std::__ndk1::__function::__base<void (int, int)>+0x355>",ADRP_PAGE_REF
0x00037194,"PVGCOLOR::PVGCropFunctions::transcode(unsigned char const* const*, int const*, unsigned char* const*, int const*)",0x00037050,"PVGCOLOR::PVGCropFunctions::transcode(unsigned char const* const*, int const*, unsigned char* const*, int const*)+0x505c",BRANCH
0x000371a0,"PVGCOLOR::PVGCropFunctions::transcode(unsigned char const* const*, int const*, unsigned char* const*, int const*)",0x00037050,"PVGCOLOR::PVGCropFunctions::transcode(unsigned char const* const*, int const*, unsigned char* const*, int const*)+0x505c",BRANCH
0x000371d4,"PVGCOLOR::PVGCropFunctions::transcode(unsigned char const* const*, int const*, unsigned char* const*, int const*)",0x00037050,"PVGCOLOR::PVGCropFunctions::transcode(unsigned char const* const*, int const*, unsigned char* const*, int const*)+0x505c",BRANCH
0x00037204,"PVGCOLOR::PVGCropFunctions::transcode(unsigned char const* const*, int const*, unsigned char* const*, int const*)",0x00037050,"PVGCOLOR::PVGCropFunctions::transcode(unsigned char const* const*, int const*, unsigned char* const*, int const*)+0x505c",BRANCH
0x00037208,"PVGCOLOR::PVGCropFunctions::transcode(unsigned char const* const*, int const*, unsigned char* const*, int const*)",N/A,"x9, 0x10000 <typeinfo name for std::__ndk1::__function::__base<void (int, int)>+0x355>",ADRP_PAGE_REF
0x00037228,"PVGCOLOR::PVGCropFunctions::transcode(unsigned char const* const*, int const*, unsigned char* const*, int const*)",0x00037050,"PVGCOLOR::PVGCropFunctions::transcode(unsigned char const* const*, int const*, unsigned char* const*, int const*)+0x505c",BRANCH
0x00037234,"PVGCOLOR::PVGCropFunctions::transcode(unsigned char const* const*, int const*, unsigned char* const*, int const*)",0x00037050,"PVGCOLOR::PVGCropFunctions::transcode(unsigned char const* const*, int const*, unsigned char* const*, int const*)+0x505c",BRANCH
0x00037268,"PVGCOLOR::PVGCropFunctions::transcode(unsigned char const* const*, int const*, unsigned char* const*, int const*)",0x00037050,"PVGCOLOR::PVGCropFunctions::transcode(unsigned char const* const*, int const*, unsigned char* const*, int const*)+0x505c",BRANCH
0x00037298,"PVGCOLOR::PVGCropFunctions::transcode(unsigned char const* const*, int const*, unsigned char* const*, int const*)",0x00037050,"PVGCOLOR::PVGCropFunctions::transcode(unsigned char const* const*, int const*, unsigned char* const*, int const*)+0x505c",BRANCH
0x000372ec,"PVGCOLOR::PVGCropFunctions::transcode(unsigned char const* const*, int const*, unsigned char* const*, int const*)",0x00037368,"PVGCOLOR::PVGCropFunctions::transcode(unsigned char const* const*, int const*, unsigned char* const*, int const*)+0x5374",BRANCH
0x00037318,"PVGCOLOR::PVGCropFunctions::transcode(unsigned char const* const*, int const*, unsigned char* const*, int const*)",0x00033610,"PVGCOLOR::PVGCropFunctions::transcode(unsigned char const* const*, int const*, unsigned char* const*, int const*)+0x161c",DIRECT_CALL
0x00037328,"PVGCOLOR::PVGCropFunctions::transcode(unsigned char const* const*, int const*, unsigned char* const*, int const*)",0x00037364,"PVGCOLOR::PVGCropFunctions::transcode(unsigned char const* const*, int const*, unsigned char* const*, int const*)+0x5370",BRANCH
0x0003734c,"PVGCOLOR::PVGCropFunctions::transcode(unsigned char const* const*, int const*, unsigned char* const*, int const*)",0x00037368,"PVGCOLOR::PVGCropFunctions::transcode(unsigned char const* const*, int const*, unsigned char* const*, int const*)+0x5374",BRANCH
0x0003735c,"PVGCOLOR::PVGCropFunctions::transcode(unsigned char const* const*, int const*, unsigned char* const*, int const*)",0x00037304,"PVGCOLOR::PVGCropFunctions::transcode(unsigned char const* const*, int const*, unsigned char* const*, int const*)+0x5310",BRANCH
0x00037360,"PVGCOLOR::PVGCropFunctions::transcode(unsigned char const* const*, int const*, unsigned char* const*, int const*)",0x00037368,"PVGCOLOR::PVGCropFunctions::transcode(unsigned char const* const*, int const*, unsigned char* const*, int const*)+0x5374",BRANCH
0x00037374,"PVGCOLOR::PVGCropFunctions::transcode(unsigned char const* const*, int const*, unsigned char* const*, int const*)",0x00037394,"PVGCOLOR::PVGCropFunctions::transcode(unsigned char const* const*, int const*, unsigned char* const*, int const*)+0x53a0",BRANCH
0x00037394,"PVGCOLOR::PVGCropFunctions::transcode(unsigned char const* const*, int const*, unsigned char* const*, int const*)",0x00058cb0,__stack_chk_fail@plt,DIRECT_CALL
0x000373dc,"PVGCOLOR::PVGCropFunctions::transcode(unsigned char const* const*, int const*, unsigned char* const*, int const*)",0x00037454,"PVGCOLOR::PVGCropFunctions::transcode(unsigned char const* const*, int const*, unsigned char* const*, int const*)+0x5460",BRANCH
0x000373e8,"PVGCOLOR::PVGCropFunctions::transcode(unsigned char const* const*, int const*, unsigned char* const*, int const*)",0x000373f4,"PVGCOLOR::PVGCropFunctions::transcode(unsigned char const* const*, int const*, unsigned char* const*, int const*)+0x5400",BRANCH
0x000373f0,"PVGCOLOR::PVGCropFunctions::transcode(unsigned char const* const*, int const*, unsigned char* const*, int const*)",0x00037430,"PVGCOLOR::PVGCropFunctions::transcode(unsigned char const* const*, int const*, unsigned char* const*, int const*)+0x543c",BRANCH
0x00037424,"PVGCOLOR::PVGCropFunctions::transcode(unsigned char const* const*, int const*, unsigned char* const*, int const*)",0x00037408,"PVGCOLOR::PVGCropFunctions::transcode(unsigned char const* const*, int const*, unsigned char* const*, int const*)+0x5414",BRANCH
0x0003742c,"PVGCOLOR::PVGCropFunctions::transcode(unsigned char const* const*, int const*, unsigned char* const*, int const*)",0x00037454,"PVGCOLOR::PVGCropFunctions::transcode(unsigned char const* const*, int const*, unsigned char* const*, int const*)+0x5460",BRANCH
0x00037450,"PVGCOLOR::PVGCropFunctions::transcode(unsigned char const* const*, int const*, unsigned char* const*, int const*)",0x00037440,"PVGCOLOR::PVGCropFunctions::transcode(unsigned char const* const*, int const*, unsigned char* const*, int const*)+0x544c",BRANCH
0x00037458,"PVGCOLOR::PVGCropFunctions::transcode(unsigned char const* const*, int const*, unsigned char* const*, int const*)",0x00037544,"PVGCOLOR::PVGCropFunctions::transcode(unsigned char const* const*, int const*, unsigned char* const*, int const*)+0x5550",BRANCH
0x00037494,"PVGCOLOR::PVGCropFunctions::transcode(unsigned char const* const*, int const*, unsigned char* const*, int const*)",N/A,x8,INDIRECT_CALL
0x000374a8,"PVGCOLOR::PVGCropFunctions::transcode(unsigned char const* const*, int const*, unsigned char* const*, int const*)",0x0003746c,"PVGCOLOR::PVGCropFunctions::transcode(unsigned char const* const*, int const*, unsigned char* const*, int const*)+0x5478",BRANCH
0x000374b0,"PVGCOLOR::PVGCropFunctions::transcode(unsigned char const* const*, int const*, unsigned char* const*, int const*)",0x00037514,"PVGCOLOR::PVGCropFunctions::transcode(unsigned char const* const*, int const*, unsigned char* const*, int const*)+0x5520",BRANCH
0x000374d4,"PVGCOLOR::PVGCropFunctions::transcode(unsigned char const* const*, int const*, unsigned char* const*, int const*)",0x00059130,__memcpy_chk@plt,DIRECT_CALL
0x00037500,"PVGCOLOR::PVGCropFunctions::transcode(unsigned char const* const*, int const*, unsigned char* const*, int const*)",N/A,x8,INDIRECT_CALL
0x00037510,"PVGCOLOR::PVGCropFunctions::transcode(unsigned char const* const*, int const*, unsigned char* const*, int const*)",0x00058ca0,memcpy@plt,DIRECT_CALL
0x00037520,"PVGCOLOR::PVGCropFunctions::transcode(unsigned char const* const*, int const*, unsigned char* const*, int const*)",0x00037554,"PVGCOLOR::PVGCropFunctions::transcode(unsigned char const* const*, int const*, unsigned char* const*, int const*)+0x5560",BRANCH
0x0003754c,"PVGCOLOR::PVGCropFunctions::transcode(unsigned char const* const*, int const*, unsigned char* const*, int const*)",0x000374b4,"PVGCOLOR::PVGCropFunctions::transcode(unsigned char const* const*, int const*, unsigned char* const*, int const*)+0x54c0",BRANCH
0x00037550,"PVGCOLOR::PVGCropFunctions::transcode(unsigned char const* const*, int const*, unsigned char* const*, int const*)",0x00037514,"PVGCOLOR::PVGCropFunctions::transcode(unsigned char const* const*, int const*, unsigned char* const*, int const*)+0x5520",BRANCH
0x00037554,"PVGCOLOR::PVGCropFunctions::transcode(unsigned char const* const*, int const*, unsigned char* const*, int const*)",0x00058cb0,__stack_chk_fail@plt,DIRECT_CALL
0x0003a9bc,"PVGCOLOR::PVGCropFunctions::transcode(unsigned char const* const*, int const*, unsigned char* const*, int const*)",0x0003aa3c,"PVGCOLOR::PVGCropFunctions::transcode(unsigned char const* const*, int const*, unsigned char* const*, int const*)+0x8a48",BRANCH
0x0003ab24,"PVGCOLOR::PVGCropFunctions::transcode(unsigned char const* const*, int const*, unsigned char* const*, int const*)",0x0003aba4,"PVGCOLOR::PVGCropFunctions::transcode(unsigned char const* const*, int const*, unsigned char* const*, int const*)+0x8bb0",BRANCH
0x0003ac8c,"PVGCOLOR::PVGCropFunctions::transcode(unsigned char const* const*, int const*, unsigned char* const*, int const*)",0x0003ad0c,"PVGCOLOR::PVGCropFunctions::transcode(unsigned char const* const*, int const*, unsigned char* const*, int const*)+0x8d18",BRANCH
0x0003adf4,"PVGCOLOR::PVGCropFunctions::transcode(unsigned char const* const*, int const*, unsigned char* const*, int const*)",0x0003ae74,"PVGCOLOR::PVGCropFunctions::transcode(unsigned char const* const*, int const*, unsigned char* const*, int const*)+0x8e80",BRANCH
0x0003af18,"PVGCOLOR::PVGCropFunctions::transcode(unsigned char const* const*, int const*, unsigned char* const*, int const*)",0x0003b528,"PVGCOLOR::PVGCropFunctions::transcode(unsigned char const* const*, int const*, unsigned char* const*, int const*)+0x9534",DIRECT_CALL
0x0003af34,"PVGCOLOR::PVGCropFunctions::transcode(unsigned char const* const*, int const*, unsigned char* const*, int const*)",0x0003af88,"PVGCOLOR::PVGCropFunctions::transcode(unsigned char const* const*, int const*, unsigned char* const*, int const*)+0x8f94",BRANCH
0x0003af88,"PVGCOLOR::PVGCropFunctions::transcode(unsigned char const* const*, int const*, unsigned char* const*, int const*)",0x00058cb0,__stack_chk_fail@plt,DIRECT_CALL
0x0003aff8,"PVGCOLOR::PVGCropFunctions::transcode(unsigned char const* const*, int const*, unsigned char* const*, int const*)",0x0003b528,"PVGCOLOR::PVGCropFunctions::transcode(unsigned char const* const*, int const*, unsigned char* const*, int const*)+0x9534",DIRECT_CALL
0x0003b018,"PVGCOLOR::PVGCropFunctions::transcode(unsigned char const* const*, int const*, unsigned char* const*, int const*)",0x0003b048,"PVGCOLOR::PVGCropFunctions::transcode(unsigned char const* const*, int const*, unsigned char* const*, int const*)+0x9054",BRANCH
0x0003b048,"PVGCOLOR::PVGCropFunctions::transcode(unsigned char const* const*, int const*, unsigned char* const*, int const*)",0x00058cb0,__stack_chk_fail@plt,DIRECT_CALL
0x0003b56c,"PVGCOLOR::PVGCropFunctions::transcode(unsigned char const* const*, int const*, unsigned char* const*, int const*)",0x0003b5f4,"PVGCOLOR::PVGCropFunctions::transcode(unsigned char const* const*, int const*, unsigned char* const*, int const*)+0x9600",BRANCH
0x0003b5f0,"PVGCOLOR::PVGCropFunctions::transcode(unsigned char const* const*, int const*, unsigned char* const*, int const*)",0x0003b594,"PVGCOLOR::PVGCropFunctions::transcode(unsigned char const* const*, int const*, unsigned char* const*, int const*)+0x95a0",BRANCH
0x0003b608,"PVGCOLOR::PVGCropFunctions::transcode(unsigned char const* const*, int const*, unsigned char* const*, int const*)",0x0003b788,"PVGCOLOR::PVGCropFunctions::transcode(unsigned char const* const*, int const*, unsigned char* const*, int const*)+0x9794",BRANCH
0x0003b614,"PVGCOLOR::PVGCropFunctions::transcode(unsigned char const* const*, int const*, unsigned char* const*, int const*)",0x0003b790,"PVGCOLOR::PVGCropFunctions::transcode(unsigned char const* const*, int const*, unsigned char* const*, int const*)+0x979c",BRANCH
0x0003b654,"PVGCOLOR::PVGCropFunctions::transcode(unsigned char const* const*, int const*, unsigned char* const*, int const*)",0x0003b73c,"PVGCOLOR::PVGCropFunctions::transcode(unsigned char const* const*, int const*, unsigned char* const*, int const*)+0x9748",BRANCH
0x0003b738,"PVGCOLOR::PVGCropFunctions::transcode(unsigned char const* const*, int const*, unsigned char* const*, int const*)",0x0003b790,"PVGCOLOR::PVGCropFunctions::transcode(unsigned char const* const*, int const*, unsigned char* const*, int const*)+0x979c",BRANCH
0x0003b750,"PVGCOLOR::PVGCropFunctions::transcode(unsigned char const* const*, int const*, unsigned char* const*, int const*)",0x0003b674,"PVGCOLOR::PVGCropFunctions::transcode(unsigned char const* const*, int const*, unsigned char* const*, int const*)+0x9680",BRANCH
0x0003b758,"PVGCOLOR::PVGCropFunctions::transcode(unsigned char const* const*, int const*, unsigned char* const*, int const*)",0x0003b658,"PVGCOLOR::PVGCropFunctions::transcode(unsigned char const* const*, int const*, unsigned char* const*, int const*)+0x9664",BRANCH
0x0003b760,"PVGCOLOR::PVGCropFunctions::transcode(unsigned char const* const*, int const*, unsigned char* const*, int const*)",0x0003b690,"PVGCOLOR::PVGCropFunctions::transcode(unsigned char const* const*, int const*, unsigned char* const*, int const*)+0x969c",BRANCH
0x0003b784,"PVGCOLOR::PVGCropFunctions::transcode(unsigned char const* const*, int const*, unsigned char* const*, int const*)",0x0003b658,"PVGCOLOR::PVGCropFunctions::transcode(unsigned char const* const*, int const*, unsigned char* const*, int const*)+0x9664",BRANCH
0x0003b78c,"PVGCOLOR::PVGCropFunctions::transcode(unsigned char const* const*, int const*, unsigned char* const*, int const*)",0x0003b7b8,"PVGCOLOR::PVGCropFunctions::transcode(unsigned char const* const*, int const*, unsigned char* const*, int const*)+0x97c4",BRANCH
0x0003b79c,"PVGCOLOR::PVGCropFunctions::transcode(unsigned char const* const*, int const*, unsigned char* const*, int const*)",0x0003bc0c,"PVGCOLOR::PVGCropFunctions::transcode(unsigned char const* const*, int const*, unsigned char* const*, int const*)+0x9c18",BRANCH
0x0003b7c8,"PVGCOLOR::PVGCropFunctions::transcode(unsigned char const* const*, int const*, unsigned char* const*, int const*)",0x0003ba0c,"PVGCOLOR::PVGCropFunctions::transcode(unsigned char const* const*, int const*, unsigned char* const*, int const*)+0x9a18",BRANCH
0x0003b81c,"PVGCOLOR::PVGCropFunctions::transcode(unsigned char const* const*, int const*, unsigned char* const*, int const*)",0x0003b8cc,"PVGCOLOR::PVGCropFunctions::transcode(unsigned char const* const*, int const*, unsigned char* const*, int const*)+0x98d8",BRANCH
0x0003b8c8,"PVGCOLOR::PVGCropFunctions::transcode(unsigned char const* const*, int const*, unsigned char* const*, int const*)",0x0003b790,"PVGCOLOR::PVGCropFunctions::transcode(unsigned char const* const*, int const*, unsigned char* const*, int const*)+0x979c",BRANCH
0x0003b8e0,"PVGCOLOR::PVGCropFunctions::transcode(unsigned char const* const*, int const*, unsigned char* const*, int const*)",0x0003b930,"PVGCOLOR::PVGCropFunctions::transcode(unsigned char const* const*, int const*, unsigned char* const*, int const*)+0x993c",BRANCH
0x0003b8e8,"PVGCOLOR::PVGCropFunctions::transcode(unsigned char const* const*, int const*, unsigned char* const*, int const*)",0x0003b914,"PVGCOLOR::PVGCropFunctions::transcode(unsigned char const* const*, int const*, unsigned char* const*, int const*)+0x9920",BRANCH
0x0003b8f0,"PVGCOLOR::PVGCropFunctions::transcode(unsigned char const* const*, int const*, unsigned char* const*, int const*)",0x0003b94c,"PVGCOLOR::PVGCropFunctions::transcode(unsigned char const* const*, int const*, unsigned char* const*, int const*)+0x9958",BRANCH
0x0003ba08,"PVGCOLOR::PVGCropFunctions::transcode(unsigned char const* const*, int const*, unsigned char* const*, int const*)",0x0003b888,"PVGCOLOR::PVGCropFunctions::transcode(unsigned char const* const*, int const*, unsigned char* const*, int const*)+0x9894",BRANCH
0x0003ba38,"PVGCOLOR::PVGCropFunctions::transcode(unsigned char const* const*, int const*, unsigned char* const*, int const*)",0x0003bbc0,"PVGCOLOR::PVGCropFunctions::transcode(unsigned char const* const*, int const*, unsigned char* const*, int const*)+0x9bcc",BRANCH
0x0003bbbc,"PVGCOLOR::PVGCropFunctions::transcode(unsigned char const* const*, int const*, unsigned char* const*, int const*)",0x0003b790,"PVGCOLOR::PVGCropFunctions::transcode(unsigned char const* const*, int const*, unsigned char* const*, int const*)+0x979c",BRANCH
0x0003bbd4,"PVGCOLOR::PVGCropFunctions::transcode(unsigned char const* const*, int const*, unsigned char* const*, int const*)",0x0003ba58,"PVGCOLOR::PVGCropFunctions::transcode(unsigned char const* const*, int const*, unsigned char* const*, int const*)+0x9a64",BRANCH
0x0003bbdc,"PVGCOLOR::PVGCropFunctions::transcode(unsigned char const* const*, int const*, unsigned char* const*, int const*)",0x0003ba3c,"PVGCOLOR::PVGCropFunctions::transcode(unsigned char const* const*, int const*, unsigned char* const*, int const*)+0x9a48",BRANCH
0x0003bbe4,"PVGCOLOR::PVGCropFunctions::transcode(unsigned char const* const*, int const*, unsigned char* const*, int const*)",0x0003ba74,"PVGCOLOR::PVGCropFunctions::transcode(unsigned char const* const*, int const*, unsigned char* const*, int const*)+0x9a80",BRANCH
0x0003bc08,"PVGCOLOR::PVGCropFunctions::transcode(unsigned char const* const*, int const*, unsigned char* const*, int const*)",0x0003ba3c,"PVGCOLOR::PVGCropFunctions::transcode(unsigned char const* const*, int const*, unsigned char* const*, int const*)+0x9a48",BRANCH
0x0003bc0c,"PVGCOLOR::PVGCropFunctions::transcode(unsigned char const* const*, int const*, unsigned char* const*, int const*)",0x00058cb0,__stack_chk_fail@plt,DIRECT_CALL
0x0003bc5c,"PVGCOLOR::PVGCropFunctions::transcode(unsigned char const* const*, int const*, unsigned char* const*, int const*)",0x0003bfac,"PVGCOLOR::PVGCropFunctions::transcode(unsigned char const* const*, int const*, unsigned char* const*, int const*)+0x9fb8",BRANCH
0x0003bc88,"PVGCOLOR::PVGCropFunctions::transcode(unsigned char const* const*, int const*, unsigned char* const*, int const*)",0x0003be00,"PVGCOLOR::PVGCropFunctions::transcode(unsigned char const* const*, int const*, unsigned char* const*, int const*)+0x9e0c",BRANCH
0x0003bca4,"PVGCOLOR::PVGCropFunctions::transcode(unsigned char const* const*, int const*, unsigned char* const*, int const*)",0x0003bfac,"PVGCOLOR::PVGCropFunctions::transcode(unsigned char const* const*, int const*, unsigned char* const*, int const*)+0x9fb8",BRANCH
0x0003bcbc,"PVGCOLOR::PVGCropFunctions::transcode(unsigned char const* const*, int const*, unsigned char* const*, int const*)",0x0003bfac,"PVGCOLOR::PVGCropFunctions::transcode(unsigned char const* const*, int const*, unsigned char* const*, int const*)+0x9fb8",BRANCH
0x0003bce8,"PVGCOLOR::PVGCropFunctions::transcode(unsigned char const* const*, int const*, unsigned char* const*, int const*)",0x000330ac,"PVGCOLOR::PVGCropFunctions::transcode(unsigned char const* const*, int const*, unsigned char* const*, int const*)+0x10b8",DIRECT_CALL
0x0003bcf8,"PVGCOLOR::PVGCropFunctions::transcode(unsigned char const* const*, int const*, unsigned char* const*, int const*)",0x0003bd58,"PVGCOLOR::PVGCropFunctions::transcode(unsigned char const* const*, int const*, unsigned char* const*, int const*)+0x9d64",BRANCH
0x0003bcfc,"PVGCOLOR::PVGCropFunctions::transcode(unsigned char const* const*, int const*, unsigned char* const*, int const*)",0x00035210,"PVGCOLOR::PVGCropFunctions::transcode(unsigned char const* const*, int const*, unsigned char* const*, int const*)+0x321c",DIRECT_CALL
0x0003bd0c,"PVGCOLOR::PVGCropFunctions::transcode(unsigned char const* const*, int const*, unsigned char* const*, int const*)",0x00058ca0,memcpy@plt,DIRECT_CALL
0x0003bd38,"PVGCOLOR::PVGCropFunctions::transcode(unsigned char const* const*, int const*, unsigned char* const*, int const*)",0x000330ac,"PVGCOLOR::PVGCropFunctions::transcode(unsigned char const* const*, int const*, unsigned char* const*, int const*)+0x10b8",DIRECT_CALL
0x0003bd50,"PVGCOLOR::PVGCropFunctions::transcode(unsigned char const* const*, int const*, unsigned char* const*, int const*)",0x0003bfbc,"PVGCOLOR::PVGCropFunctions::transcode(unsigned char const* const*, int const*, unsigned char* const*, int const*)+0x9fc8",BRANCH
0x0003bd54,"PVGCOLOR::PVGCropFunctions::transcode(unsigned char const* const*, int const*, unsigned char* const*, int const*)",0x0003c8a4,"PVGCOLOR::PVGCropFunctions::transcode(unsigned char const* const*, int const*, unsigned char* const*, int const*)+0xa8b0",BRANCH
0x0003bd58,"PVGCOLOR::PVGCropFunctions::transcode(unsigned char const* const*, int const*, unsigned char* const*, int const*)",0x00035210,"PVGCOLOR::PVGCropFunctions::transcode(unsigned char const* const*, int const*, unsigned char* const*, int const*)+0x321c",DIRECT_CALL
0x0003bd68,"PVGCOLOR::PVGCropFunctions::transcode(unsigned char const* const*, int const*, unsigned char* const*, int const*)",0x00058ca0,memcpy@plt,DIRECT_CALL
0x0003bd8c,"PVGCOLOR::PVGCropFunctions::transcode(unsigned char const* const*, int const*, unsigned char* const*, int const*)",0x0003bdc4,"PVGCOLOR::PVGCropFunctions::transcode(unsigned char const* const*, int const*, unsigned char* const*, int const*)+0x9dd0",BRANCH
0x0003bd94,"PVGCOLOR::PVGCropFunctions::transcode(unsigned char const* const*, int const*, unsigned char* const*, int const*)",0x0003bdc4,"PVGCOLOR::PVGCropFunctions::transcode(unsigned char const* const*, int const*, unsigned char* const*, int const*)+0x9dd0",BRANCH
0x0003bdb8,"PVGCOLOR::PVGCropFunctions::transcode(unsigned char const* const*, int const*, unsigned char* const*, int const*)",0x0003cda4,"PVGCOLOR::PVGCropFunctions::transcode(unsigned char const* const*, int const*, unsigned char* const*, int const*)+0xadb0",DIRECT_CALL
0x0003bdc0,"PVGCOLOR::PVGCropFunctions::transcode(unsigned char const* const*, int const*, unsigned char* const*, int const*)",0x0003c890,"PVGCOLOR::PVGCropFunctions::transcode(unsigned char const* const*, int const*, unsigned char* const*, int const*)+0xa89c",BRANCH
0x0003bdd8,"PVGCOLOR::PVGCropFunctions::transcode(unsigned char const* const*, int const*, unsigned char* const*, int const*)",0x0003bea0,"PVGCOLOR::PVGCropFunctions::transcode(unsigned char const* const*, int const*, unsigned char* const*, int const*)+0x9eac",BRANCH
0x0003bde4,"PVGCOLOR::PVGCropFunctions::transcode(unsigned char const* const*, int const*, unsigned char* const*, int const*)",0x0003beb4,"PVGCOLOR::PVGCropFunctions::transcode(unsigned char const* const*, int const*, unsigned char* const*, int const*)+0x9ec0",BRANCH
0x0003bdec,"PVGCOLOR::PVGCropFunctions::transcode(unsigned char const* const*, int const*, unsigned char* const*, int const*)",0x0003bec4,"PVGCOLOR::PVGCropFunctions::transcode(unsigned char const* const*, int const*, unsigned char* const*, int const*)+0x9ed0",BRANCH
0x0003bdf4,"PVGCOLOR::PVGCropFunctions::transcode(unsigned char const* const*, int const*, unsigned char* const*, int const*)",0x0003bebc,"PVGCOLOR::PVGCropFunctions::transcode(unsigned char const* const*, int const*, unsigned char* const*, int const*)+0x9ec8",BRANCH
0x0003bdfc,"PVGCOLOR::PVGCropFunctions::transcode(unsigned char const* const*, int const*, unsigned char* const*, int const*)",0x0003bec8,"PVGCOLOR::PVGCropFunctions::transcode(unsigned char const* const*, int const*, unsigned char* const*, int const*)+0x9ed4",BRANCH
0x0003be04,"PVGCOLOR::PVGCropFunctions::transcode(unsigned char const* const*, int const*, unsigned char* const*, int const*)",0x0003bfac,"PVGCOLOR::PVGCropFunctions::transcode(unsigned char const* const*, int const*, unsigned char* const*, int const*)+0x9fb8",BRANCH
0x0003be3c,"PVGCOLOR::PVGCropFunctions::transcode(unsigned char const* const*, int const*, unsigned char* const*, int const*)",0x000330ac,"PVGCOLOR::PVGCropFunctions::transcode(unsigned char const* const*, int const*, unsigned char* const*, int const*)+0x10b8",DIRECT_CALL
0x0003be5c,"PVGCOLOR::PVGCropFunctions::transcode(unsigned char const* const*, int const*, unsigned char* const*, int const*)",0x0003c340,"PVGCOLOR::PVGCropFunctions::transcode(unsigned char const* const*, int const*, unsigned char* const*, int const*)+0xa34c",BRANCH
0x0003be9c,"PVGCOLOR::PVGCropFunctions::transcode(unsigned char const* const*, int const*, unsigned char* const*, int const*)",0x0003c058,"PVGCOLOR::PVGCropFunctions::transcode(unsigned char const* const*, int const*, unsigned char* const*, int const*)+0xa064",BRANCH
0x0003bea8,"PVGCOLOR::PVGCropFunctions::transcode(unsigned char const* const*, int const*, unsigned char* const*, int const*)",0x0003bebc,"PVGCOLOR::PVGCropFunctions::transcode(unsigned char const* const*, int const*, unsigned char* const*, int const*)+0x9ec8",BRANCH
0x0003beb0,"PVGCOLOR::PVGCropFunctions::transcode(unsigned char const* const*, int const*, unsigned char* const*, int const*)",0x0003bec8,"PVGCOLOR::PVGCropFunctions::transcode(unsigned char const* const*, int const*, unsigned char* const*, int const*)+0x9ed4",BRANCH
0x0003beb8,"PVGCOLOR::PVGCropFunctions::transcode(unsigned char const* const*, int const*, unsigned char* const*, int const*)",0x0003bec8,"PVGCOLOR::PVGCropFunctions::transcode(unsigned char const* const*, int const*, unsigned char* const*, int const*)+0x9ed4",BRANCH
0x0003bec0,"PVGCOLOR::PVGCropFunctions::transcode(unsigned char const* const*, int const*, unsigned char* const*, int const*)",0x0003bec8,"PVGCOLOR::PVGCropFunctions::transcode(unsigned char const* const*, int const*, unsigned char* const*, int const*)+0x9ed4",BRANCH
0x0003bed4,"PVGCOLOR::PVGCropFunctions::transcode(unsigned char const* const*, int const*, unsigned char* const*, int const*)",0x00058c90,_Znam@plt,DIRECT_CALL
0x0003bf30,"PVGCOLOR::PVGCropFunctions::transcode(unsigned char const* const*, int const*, unsigned char* const*, int const*)",0x00028248,PVGCOLOR::getVersion()+0x6600,DIRECT_CALL
0x0003bf48,"PVGCOLOR::PVGCropFunctions::transcode(unsigned char const* const*, int const*, unsigned char* const*, int const*)",N/A,x8,INDIRECT_CALL
0x0003bf58,"PVGCOLOR::PVGCropFunctions::transcode(unsigned char const* const*, int const*, unsigned char* const*, int const*)",0x00058c30,_ZdaPv@plt,DIRECT_CALL
0x0003bf68,"PVGCOLOR::PVGCropFunctions::transcode(unsigned char const* const*, int const*, unsigned char* const*, int const*)",0x00058c20,_ZdlPv@plt,DIRECT_CALL
0x0003bf80,"PVGCOLOR::PVGCropFunctions::transcode(unsigned char const* const*, int const*, unsigned char* const*, int const*)",0x00059120,free@plt,DIRECT_CALL
0x0003bf94,"PVGCOLOR::PVGCropFunctions::transcode(unsigned char const* const*, int const*, unsigned char* const*, int const*)",0x0003bfbc,"PVGCOLOR::PVGCropFunctions::transcode(unsigned char const* const*, int const*, unsigned char* const*, int const*)+0x9fc8",BRANCH
0x0003bf98,"PVGCOLOR::PVGCropFunctions::transcode(unsigned char const* const*, int const*, unsigned char* const*, int const*)",0x0003c8a4,"PVGCOLOR::PVGCropFunctions::transcode(unsigned char const* const*, int const*, unsigned char* const*, int const*)+0xa8b0",BRANCH
0x0003bfa0,"PVGCOLOR::PVGCropFunctions::transcode(unsigned char const* const*, int const*, unsigned char* const*, int const*)",0x00058c20,_ZdlPv@plt,DIRECT_CALL
0x0003bfb8,"PVGCOLOR::PVGCropFunctions::transcode(unsigned char const* const*, int const*, unsigned char* const*, int const*)",0x0003c8a4,"PVGCOLOR::PVGCropFunctions::transcode(unsigned char const* const*, int const*, unsigned char* const*, int const*)+0xa8b0",BRANCH
0x0003c014,"PVGCOLOR::PVGCropFunctions::transcode(unsigned char const* const*, int const*, unsigned char* const*, int const*)",0x0003cda4,"PVGCOLOR::PVGCropFunctions::transcode(unsigned char const* const*, int const*, unsigned char* const*, int const*)+0xadb0",DIRECT_CALL
0x0003c020,"PVGCOLOR::PVGCropFunctions::transcode(unsigned char const* const*, int const*, unsigned char* const*, int const*)",0x00058c30,_ZdaPv@plt,DIRECT_CALL
0x0003c02c,"PVGCOLOR::PVGCropFunctions::transcode(unsigned char const* const*, int const*, unsigned char* const*, int const*)",0x0003bf6c,"PVGCOLOR::PVGCropFunctions::transcode(unsigned char const* const*, int const*, unsigned char* const*, int const*)+0x9f78",BRANCH
0x0003c054,"PVGCOLOR::PVGCropFunctions::transcode(unsigned char const* const*, int const*, unsigned char* const*, int const*)",0x0003c330,"PVGCOLOR::PVGCropFunctions::transcode(unsigned char const* const*, int const*, unsigned char* const*, int const*)+0xa33c",BRANCH
0x0003c06c,"PVGCOLOR::PVGCropFunctions::transcode(unsigned char const* const*, int const*, unsigned char* const*, int const*)",0x0003c330,"PVGCOLOR::PVGCropFunctions::transcode(unsigned char const* const*, int const*, unsigned char* const*, int const*)+0xa33c",BRANCH
0x0003c078,"PVGCOLOR::PVGCropFunctions::transcode(unsigned char const* const*, int const*, unsigned char* const*, int const*)",0x0003c04c,"PVGCOLOR::PVGCropFunctions::transcode(unsigned char const* const*, int const*, unsigned char* const*, int const*)+0xa058",BRANCH
0x0003c090,"PVGCOLOR::PVGCropFunctions::transcode(unsigned char const* const*, int const*, unsigned char* const*, int const*)",0x0003c330,"PVGCOLOR::PVGCropFunctions::transcode(unsigned char const* const*, int const*, unsigned char* const*, int const*)+0xa33c",BRANCH
0x0003c0c8,"PVGCOLOR::PVGCropFunctions::transcode(unsigned char const* const*, int const*, unsigned char* const*, int const*)",0x0003c04c,"PVGCOLOR::PVGCropFunctions::transcode(unsigned char const* const*, int const*, unsigned char* const*, int const*)+0xa058",BRANCH
0x0003c0d0,"PVGCOLOR::PVGCropFunctions::transcode(unsigned char const* const*, int const*, unsigned char* const*, int const*)",0x0003c0e4,"PVGCOLOR::PVGCropFunctions::transcode(unsigned char const* const*, int const*, unsigned char* const*, int const*)+0xa0f0",BRANCH
0x0003c0e0,"PVGCOLOR::PVGCropFunctions::transcode(unsigned char const* const*, int const*, unsigned char* const*, int const*)",0x0003c110,"PVGCOLOR::PVGCropFunctions::transcode(unsigned char const* const*, int const*, unsigned char* const*, int const*)+0xa11c",BRANCH
0x0003c0f4,"PVGCOLOR::PVGCropFunctions::transcode(unsigned char const* const*, int const*, unsigned char* const*, int const*)",0x00058c80,_Znwm@plt,DIRECT_CALL
0x0003c11c,"PVGCOLOR::PVGCropFunctions::transcode(unsigned char const* const*, int const*, unsigned char* const*, int const*)",0x00058ca0,memcpy@plt,DIRECT_CALL
0x0003c160,"PVGCOLOR::PVGCropFunctions::transcode(unsigned char const* const*, int const*, unsigned char* const*, int const*)",0x0003c1d4,"PVGCOLOR::PVGCropFunctions::transcode(unsigned char const* const*, int const*, unsigned char* const*, int const*)+0xa1e0",BRANCH
0x0003c174,"PVGCOLOR::PVGCropFunctions::transcode(unsigned char const* const*, int const*, unsigned char* const*, int const*)",0x00059140,memchr@plt,DIRECT_CALL
0x0003c1a8,"PVGCOLOR::PVGCropFunctions::transcode(unsigned char const* const*, int const*, unsigned char* const*, int const*)",0x0003c1c0,"PVGCOLOR::PVGCropFunctions::transcode(unsigned char const* const*, int const*, unsigned char* const*, int const*)+0xa1cc",BRANCH
0x0003c1b8,"PVGCOLOR::PVGCropFunctions::transcode(unsigned char const* const*, int const*, unsigned char* const*, int const*)",0x0003c16c,"PVGCOLOR::PVGCropFunctions::transcode(unsigned char const* const*, int const*, unsigned char* const*, int const*)+0xa178",BRANCH
0x0003c1bc,"PVGCOLOR::PVGCropFunctions::transcode(unsigned char const* const*, int const*, unsigned char* const*, int const*)",0x0003c1d4,"PVGCOLOR::PVGCropFunctions::transcode(unsigned char const* const*, int const*, unsigned char* const*, int const*)+0xa1e0",BRANCH
0x0003c1c4,"PVGCOLOR::PVGCropFunctions::transcode(unsigned char const* const*, int const*, unsigned char* const*, int const*)",0x0003c1d4,"PVGCOLOR::PVGCropFunctions::transcode(unsigned char const* const*, int const*, unsigned char* const*, int const*)+0xa1e0",BRANCH
0x0003c1d0,"PVGCOLOR::PVGCropFunctions::transcode(unsigned char const* const*, int const*, unsigned char* const*, int const*)",0x0003cd2c,"PVGCOLOR::PVGCropFunctions::transcode(unsigned char const* const*, int const*, unsigned char* const*, int const*)+0xad38",BRANCH
0x0003c1d8,"PVGCOLOR::PVGCropFunctions::transcode(unsigned char const* const*, int const*, unsigned char* const*, int const*)",0x0003c250,"PVGCOLOR::PVGCropFunctions::transcode(unsigned char const* const*, int const*, unsigned char* const*, int const*)+0xa25c",BRANCH
0x0003c1ec,"PVGCOLOR::PVGCropFunctions::transcode(unsigned char const* const*, int const*, unsigned char* const*, int const*)",0x00059140,memchr@plt,DIRECT_CALL
0x0003c224,"PVGCOLOR::PVGCropFunctions::transcode(unsigned char const* const*, int const*, unsigned char* const*, int const*)",0x0003c23c,"PVGCOLOR::PVGCropFunctions::transcode(unsigned char const* const*, int const*, unsigned char* const*, int const*)+0xa248",BRANCH
0x0003c234,"PVGCOLOR::PVGCropFunctions::transcode(unsigned char const* const*, int const*, unsigned char* const*, int const*)",0x0003c1e4,"PVGCOLOR::PVGCropFunctions::transcode(unsigned char const* const*, int const*, unsigned char* const*, int const*)+0xa1f0",BRANCH
0x0003c238,"PVGCOLOR::PVGCropFunctions::transcode(unsigned char const* const*, int const*, unsigned char* const*, int const*)",0x0003c250,"PVGCOLOR::PVGCropFunctions::transcode(unsigned char const* const*, int const*, unsigned char* const*, int const*)+0xa25c",BRANCH
0x0003c240,"PVGCOLOR::PVGCropFunctions::transcode(unsigned char const* const*, int const*, unsigned char* const*, int const*)",0x0003c250,"PVGCOLOR::PVGCropFunctions::transcode(unsigned char const* const*, int const*, unsigned char* const*, int const*)+0xa25c",BRANCH
0x0003c24c,"PVGCOLOR::PVGCropFunctions::transcode(unsigned char const* const*, int const*, unsigned char* const*, int const*)",0x0003cd2c,"PVGCOLOR::PVGCropFunctions::transcode(unsigned char const* const*, int const*, unsigned char* const*, int const*)+0xad38",BRANCH
0x0003c254,"PVGCOLOR::PVGCropFunctions::transcode(unsigned char const* const*, int const*, unsigned char* const*, int const*)",0x0003c31c,"PVGCOLOR::PVGCropFunctions::transcode(unsigned char const* const*, int const*, unsigned char* const*, int const*)+0xa328",BRANCH
0x0003c268,"PVGCOLOR::PVGCropFunctions::transcode(unsigned char const* const*, int const*, unsigned char* const*, int const*)",0x00059140,memchr@plt,DIRECT_CALL
0x0003c294,"PVGCOLOR::PVGCropFunctions::transcode(unsigned char const* const*, int const*, unsigned char* const*, int const*)",0x0003c2ac,"PVGCOLOR::PVGCropFunctions::transcode(unsigned char const* const*, int const*, unsigned char* const*, int const*)+0xa2b8",BRANCH
0x0003c2a4,"PVGCOLOR::PVGCropFunctions::transcode(unsigned char const* const*, int const*, unsigned char* const*, int const*)",0x0003c260,"PVGCOLOR::PVGCropFunctions::transcode(unsigned char const* const*, int const*, unsigned char* const*, int const*)+0xa26c",BRANCH
0x0003c2a8,"PVGCOLOR::PVGCropFunctions::transcode(unsigned char const* const*, int const*, unsigned char* const*, int const*)",0x0003c2c0,"PVGCOLOR::PVGCropFunctions::transcode(unsigned char const* const*, int const*, unsigned char* const*, int const*)+0xa2cc",BRANCH
0x0003c2b0,"PVGCOLOR::PVGCropFunctions::transcode(unsigned char const* const*, int const*, unsigned char* const*, int const*)",0x0003c2c0,"PVGCOLOR::PVGCropFunctions::transcode(unsigned char const* const*, int const*, unsigned char* const*, int const*)+0xa2cc",BRANCH
0x0003c2bc,"PVGCOLOR::PVGCropFunctions::transcode(unsigned char const* const*, int const*, unsigned char* const*, int const*)",0x0003cd2c,"PVGCOLOR::PVGCropFunctions::transcode(unsigned char const* const*, int const*, unsigned char* const*, int const*)+0xad38",BRANCH
0x0003c2c4,"PVGCOLOR::PVGCropFunctions::transcode(unsigned char const* const*, int const*, unsigned char* const*, int const*)",0x0003c31c,"PVGCOLOR::PVGCropFunctions::transcode(unsigned char const* const*, int const*, unsigned char* const*, int const*)+0xa328",BRANCH
0x0003c2d4,"PVGCOLOR::PVGCropFunctions::transcode(unsigned char const* const*, int const*, unsigned char* const*, int const*)",0x00059140,memchr@plt,DIRECT_CALL
0x0003c2f0,"PVGCOLOR::PVGCropFunctions::transcode(unsigned char const* const*, int const*, unsigned char* const*, int const*)",0x0003c308,"PVGCOLOR::PVGCropFunctions::transcode(unsigned char const* const*, int const*, unsigned char* const*, int const*)+0xa314",BRANCH
0x0003c300,"PVGCOLOR::PVGCropFunctions::transcode(unsigned char const* const*, int const*, unsigned char* const*, int const*)",0x0003c2cc,"PVGCOLOR::PVGCropFunctions::transcode(unsigned char const* const*, int const*, unsigned char* const*, int const*)+0xa2d8",BRANCH
0x0003c304,"PVGCOLOR::PVGCropFunctions::transcode(unsigned char const* const*, int const*, unsigned char* const*, int const*)",0x0003c31c,"PVGCOLOR::PVGCropFunctions::transcode(unsigned char const* const*, int const*, unsigned char* const*, int const*)+0xa328",BRANCH
0x0003c30c,"PVGCOLOR::PVGCropFunctions::transcode(unsigned char const* const*, int const*, unsigned char* const*, int const*)",0x0003c31c,"PVGCOLOR::PVGCropFunctions::transcode(unsigned char const* const*, int const*, unsigned char* const*, int const*)+0xa328",BRANCH
0x0003c318,"PVGCOLOR::PVGCropFunctions::transcode(unsigned char const* const*, int const*, unsigned char* const*, int const*)",0x0003cd2c,"PVGCOLOR::PVGCropFunctions::transcode(unsigned char const* const*, int const*, unsigned char* const*, int const*)+0xad38",BRANCH
0x0003c328,"PVGCOLOR::PVGCropFunctions::transcode(unsigned char const* const*, int const*, unsigned char* const*, int const*)",0x00058c20,_ZdlPv@plt,DIRECT_CALL
0x0003c32c,"PVGCOLOR::PVGCropFunctions::transcode(unsigned char const* const*, int const*, unsigned char* const*, int const*)",0x0003c030,"PVGCOLOR::PVGCropFunctions::transcode(unsigned char const* const*, int const*, unsigned char* const*, int const*)+0xa03c",BRANCH
0x0003c338,"PVGCOLOR::PVGCropFunctions::transcode(unsigned char const* const*, int const*, unsigned char* const*, int const*)",0x0003c340,"PVGCOLOR::PVGCropFunctions::transcode(unsigned char const* const*, int const*, unsigned char* const*, int const*)+0xa34c",BRANCH
0x0003c348,"PVGCOLOR::PVGCropFunctions::transcode(unsigned char const* const*, int const*, unsigned char* const*, int const*)",0x000590b0,malloc@plt,DIRECT_CALL
0x0003c35c,"PVGCOLOR::PVGCropFunctions::transcode(unsigned char const* const*, int const*, unsigned char* const*, int const*)",0x0003c8a8,"PVGCOLOR::PVGCropFunctions::transcode(unsigned char const* const*, int const*, unsigned char* const*, int const*)+0xa8b4",BRANCH
0x0003c368,"PVGCOLOR::PVGCropFunctions::transcode(unsigned char const* const*, int const*, unsigned char* const*, int const*)",0x0003cd20,"PVGCOLOR::PVGCropFunctions::transcode(unsigned char const* const*, int const*, unsigned char* const*, int const*)+0xad2c",BRANCH
0x0003c394,"PVGCOLOR::PVGCropFunctions::transcode(unsigned char const* const*, int const*, unsigned char* const*, int const*)",N/A,"x2, 0xd000",ADRP_PAGE_REF
0x0003c398,"PVGCOLOR::PVGCropFunctions::transcode(unsigned char const* const*, int const*, unsigned char* const*, int const*)",N/A,"x3, 0xe000",ADRP_PAGE_REF
0x0003c39c,"PVGCOLOR::PVGCropFunctions::transcode(unsigned char const* const*, int const*, unsigned char* const*, int const*)",N/A,"x1, 0xd000",ADRP_PAGE_REF
0x0003c3a0,"PVGCOLOR::PVGCropFunctions::transcode(unsigned char const* const*, int const*, unsigned char* const*, int const*)",N/A,"x17, 0xd000",ADRP_PAGE_REF
0x0003c3a4,"PVGCOLOR::PVGCropFunctions::transcode(unsigned char const* const*, int const*, unsigned char* const*, int const*)",N/A,"x0, 0xd000",ADRP_PAGE_REF
0x0003c3a8,"PVGCOLOR::PVGCropFunctions::transcode(unsigned char const* const*, int const*, unsigned char* const*, int const*)",N/A,"x16, 0xd000",ADRP_PAGE_REF
0x0003c3f0,"PVGCOLOR::PVGCropFunctions::transcode(unsigned char const* const*, int const*, unsigned char* const*, int const*)",0x0003c408,"PVGCOLOR::PVGCropFunctions::transcode(unsigned char const* const*, int const*, unsigned char* const*, int const*)+0xa414",BRANCH
0x0003c404,"PVGCOLOR::PVGCropFunctions::transcode(unsigned char const* const*, int const*, unsigned char* const*, int const*)",0x0003cd20,"PVGCOLOR::PVGCropFunctions::transcode(unsigned char const* const*, int const*, unsigned char* const*, int const*)+0xad2c",BRANCH
0x0003c40c,"PVGCOLOR::PVGCropFunctions::transcode(unsigned char const* const*, int const*, unsigned char* const*, int const*)",0x0003c418,"PVGCOLOR::PVGCropFunctions::transcode(unsigned char const* const*, int const*, unsigned char* const*, int const*)+0xa424",BRANCH
0x0003c414,"PVGCOLOR::PVGCropFunctions::transcode(unsigned char const* const*, int const*, unsigned char* const*, int const*)",0x0003c7dc,"PVGCOLOR::PVGCropFunctions::transcode(unsigned char const* const*, int const*, unsigned char* const*, int const*)+0xa7e8",BRANCH
0x0003c41c,"PVGCOLOR::PVGCropFunctions::transcode(unsigned char const* const*, int const*, unsigned char* const*, int const*)",0x0003c568,"PVGCOLOR::PVGCropFunctions::transcode(unsigned char const* const*, int const*, unsigned char* const*, int const*)+0xa574",BRANCH
0x0003c550,"PVGCOLOR::PVGCropFunctions::transcode(unsigned char const* const*, int const*, unsigned char* const*, int const*)",0x0003c42c,"PVGCOLOR::PVGCropFunctions::transcode(unsigned char const* const*, int const*, unsigned char* const*, int const*)+0xa438",BRANCH
0x0003c560,"PVGCOLOR::PVGCropFunctions::transcode(unsigned char const* const*, int const*, unsigned char* const*, int const*)",0x0003c3f4,"PVGCOLOR::PVGCropFunctions::transcode(unsigned char const* const*, int const*, unsigned char* const*, int const*)+0xa400",BRANCH
0x0003c564,"PVGCOLOR::PVGCropFunctions::transcode(unsigned char const* const*, int const*, unsigned char* const*, int const*)",0x0003c7dc,"PVGCOLOR::PVGCropFunctions::transcode(unsigned char const* const*, int const*, unsigned char* const*, int const*)+0xa7e8",BRANCH
0x0003c7b0,"PVGCOLOR::PVGCropFunctions::transcode(unsigned char const* const*, int const*, unsigned char* const*, int const*)",0x0003c57c,"PVGCOLOR::PVGCropFunctions::transcode(unsigned char const* const*, int const*, unsigned char* const*, int const*)+0xa588",BRANCH
0x0003c7cc,"PVGCOLOR::PVGCropFunctions::transcode(unsigned char const* const*, int const*, unsigned char* const*, int const*)",0x0003c3f4,"PVGCOLOR::PVGCropFunctions::transcode(unsigned char const* const*, int const*, unsigned char* const*, int const*)+0xa400",BRANCH
0x0003c888,"PVGCOLOR::PVGCropFunctions::transcode(unsigned char const* const*, int const*, unsigned char* const*, int const*)",0x0003c7ec,"PVGCOLOR::PVGCropFunctions::transcode(unsigned char const* const*, int const*, unsigned char* const*, int const*)+0xa7f8",BRANCH
0x0003c88c,"PVGCOLOR::PVGCropFunctions::transcode(unsigned char const* const*, int const*, unsigned char* const*, int const*)",0x0003c3f4,"PVGCOLOR::PVGCropFunctions::transcode(unsigned char const* const*, int const*, unsigned char* const*, int const*)+0xa400",BRANCH
0x0003c8a0,"PVGCOLOR::PVGCropFunctions::transcode(unsigned char const* const*, int const*, unsigned char* const*, int const*)",0x0003bfbc,"PVGCOLOR::PVGCropFunctions::transcode(unsigned char const* const*, int const*, unsigned char* const*, int const*)+0x9fc8",BRANCH
0x0003c8a4,"PVGCOLOR::PVGCropFunctions::transcode(unsigned char const* const*, int const*, unsigned char* const*, int const*)",0x00058cb0,__stack_chk_fail@plt,DIRECT_CALL
0x0003c8b4,"PVGCOLOR::PVGCropFunctions::transcode(unsigned char const* const*, int const*, unsigned char* const*, int const*)",0x0003bc94,"PVGCOLOR::PVGCropFunctions::transcode(unsigned char const* const*, int const*, unsigned char* const*, int const*)+0x9ca0",BRANCH
0x0003c8f0,"PVGCOLOR::PVGCropFunctions::transcode(unsigned char const* const*, int const*, unsigned char* const*, int const*)",0x0003c908,"PVGCOLOR::PVGCropFunctions::transcode(unsigned char const* const*, int const*, unsigned char* const*, int const*)+0xa914",BRANCH
0x0003c904,"PVGCOLOR::PVGCropFunctions::transcode(unsigned char const* const*, int const*, unsigned char* const*, int const*)",0x0003cd20,"PVGCOLOR::PVGCropFunctions::transcode(unsigned char const* const*, int const*, unsigned char* const*, int const*)+0xad2c",BRANCH
0x0003c90c,"PVGCOLOR::PVGCropFunctions::transcode(unsigned char const* const*, int const*, unsigned char* const*, int const*)",0x0003c918,"PVGCOLOR::PVGCropFunctions::transcode(unsigned char const* const*, int const*, unsigned char* const*, int const*)+0xa924",BRANCH
0x0003c914,"PVGCOLOR::PVGCropFunctions::transcode(unsigned char const* const*, int const*, unsigned char* const*, int const*)",0x0003cc7c,"PVGCOLOR::PVGCropFunctions::transcode(unsigned char const* const*, int const*, unsigned char* const*, int const*)+0xac88",BRANCH
0x0003c91c,"PVGCOLOR::PVGCropFunctions::transcode(unsigned char const* const*, int const*, unsigned char* const*, int const*)",0x0003ca48,"PVGCOLOR::PVGCropFunctions::transcode(unsigned char const* const*, int const*, unsigned char* const*, int const*)+0xaa54",BRANCH
0x0003ca30,"PVGCOLOR::PVGCropFunctions::transcode(unsigned char const* const*, int const*, unsigned char* const*, int const*)",0x0003c92c,"PVGCOLOR::PVGCropFunctions::transcode(unsigned char const* const*, int const*, unsigned char* const*, int const*)+0xa938",BRANCH
0x0003ca40,"PVGCOLOR::PVGCropFunctions::transcode(unsigned char const* const*, int const*, unsigned char* const*, int const*)",0x0003c8f4,"PVGCOLOR::PVGCropFunctions::transcode(unsigned char const* const*, int const*, unsigned char* const*, int const*)+0xa900",BRANCH
0x0003ca44,"PVGCOLOR::PVGCropFunctions::transcode(unsigned char const* const*, int const*, unsigned char* const*, int const*)",0x0003cc7c,"PVGCOLOR::PVGCropFunctions::transcode(unsigned char const* const*, int const*, unsigned char* const*, int const*)+0xac88",BRANCH
0x0003cc50,"PVGCOLOR::PVGCropFunctions::transcode(unsigned char const* const*, int const*, unsigned char* const*, int const*)",0x0003ca5c,"PVGCOLOR::PVGCropFunctions::transcode(unsigned char const* const*, int const*, unsigned char* const*, int const*)+0xaa68",BRANCH
0x0003cc6c,"PVGCOLOR::PVGCropFunctions::transcode(unsigned char const* const*, int const*, unsigned char* const*, int const*)",0x0003c8f4,"PVGCOLOR::PVGCropFunctions::transcode(unsigned char const* const*, int const*, unsigned char* const*, int const*)+0xa900",BRANCH
0x0003cd18,"PVGCOLOR::PVGCropFunctions::transcode(unsigned char const* const*, int const*, unsigned char* const*, int const*)",0x0003cc8c,"PVGCOLOR::PVGCropFunctions::transcode(unsigned char const* const*, int const*, unsigned char* const*, int const*)+0xac98",BRANCH
0x0003cd1c,"PVGCOLOR::PVGCropFunctions::transcode(unsigned char const* const*, int const*, unsigned char* const*, int const*)",0x0003c8f4,"PVGCOLOR::PVGCropFunctions::transcode(unsigned char const* const*, int const*, unsigned char* const*, int const*)+0xa900",BRANCH
0x0003cd28,"PVGCOLOR::PVGCropFunctions::transcode(unsigned char const* const*, int const*, unsigned char* const*, int const*)",0x0003bc94,"PVGCOLOR::PVGCropFunctions::transcode(unsigned char const* const*, int const*, unsigned char* const*, int const*)+0x9ca0",BRANCH
0x0003cd38,"PVGCOLOR::PVGCropFunctions::transcode(unsigned char const* const*, int const*, unsigned char* const*, int const*)",0x00058c20,_ZdlPv@plt,DIRECT_CALL
0x0003cd40,"PVGCOLOR::PVGCropFunctions::transcode(unsigned char const* const*, int const*, unsigned char* const*, int const*)",0x0003c334,"PVGCOLOR::PVGCropFunctions::transcode(unsigned char const* const*, int const*, unsigned char* const*, int const*)+0xa340",BRANCH
0x0003cd68,"PVGCOLOR::PVGCropFunctions::transcode(unsigned char const* const*, int const*, unsigned char* const*, int const*)",0x0003cd9c,"PVGCOLOR::PVGCropFunctions::transcode(unsigned char const* const*, int const*, unsigned char* const*, int const*)+0xada8",BRANCH
0x0003cd6c,"PVGCOLOR::PVGCropFunctions::transcode(unsigned char const* const*, int const*, unsigned char* const*, int const*)",0x0003c8a4,"PVGCOLOR::PVGCropFunctions::transcode(unsigned char const* const*, int const*, unsigned char* const*, int const*)+0xa8b0",BRANCH
0x0003cd74,"PVGCOLOR::PVGCropFunctions::transcode(unsigned char const* const*, int const*, unsigned char* const*, int const*)",0x00058c20,_ZdlPv@plt,DIRECT_CALL
0x0003cd84,"PVGCOLOR::PVGCropFunctions::transcode(unsigned char const* const*, int const*, unsigned char* const*, int const*)",0x00058c20,_ZdlPv@plt,DIRECT_CALL
0x0003cd98,"PVGCOLOR::PVGCropFunctions::transcode(unsigned char const* const*, int const*, unsigned char* const*, int const*)",0x0003c8a4,"PVGCOLOR::PVGCropFunctions::transcode(unsigned char const* const*, int const*, unsigned char* const*, int const*)+0xa8b0",BRANCH
0x0003cda0,"PVGCOLOR::PVGCropFunctions::transcode(unsigned char const* const*, int const*, unsigned char* const*, int const*)",0x00054f14,"PVGCOLOR::PVGOpenGL::createComputeShader(char const*, int*)+0x249c",DIRECT_CALL
0x0003cdf0,"PVGCOLOR::PVGCropFunctions::transcode(unsigned char const* const*, int const*, unsigned char* const*, int const*)",0x0003ce18,"PVGCOLOR::PVGCropFunctions::transcode(unsigned char const* const*, int const*, unsigned char* const*, int const*)+0xae24",BRANCH
0x0003cdfc,"PVGCOLOR::PVGCropFunctions::transcode(unsigned char const* const*, int const*, unsigned char* const*, int const*)",0x0003ce2c,"PVGCOLOR::PVGCropFunctions::transcode(unsigned char const* const*, int const*, unsigned char* const*, int const*)+0xae38",BRANCH
0x0003ce04,"PVGCOLOR::PVGCropFunctions::transcode(unsigned char const* const*, int const*, unsigned char* const*, int const*)",0x0003ce3c,"PVGCOLOR::PVGCropFunctions::transcode(unsigned char const* const*, int const*, unsigned char* const*, int const*)+0xae48",BRANCH
0x0003ce0c,"PVGCOLOR::PVGCropFunctions::transcode(unsigned char const* const*, int const*, unsigned char* const*, int const*)",0x0003ce34,"PVGCOLOR::PVGCropFunctions::transcode(unsigned char const* const*, int const*, unsigned char* const*, int const*)+0xae40",BRANCH
0x0003ce14,"PVGCOLOR::PVGCropFunctions::transcode(unsigned char const* const*, int const*, unsigned char* const*, int const*)",0x0003ce40,"PVGCOLOR::PVGCropFunctions::transcode(unsigned char const* const*, int const*, unsigned char* const*, int const*)+0xae4c",BRANCH
0x0003ce20,"PVGCOLOR::PVGCropFunctions::transcode(unsigned char const* const*, int const*, unsigned char* const*, int const*)",0x0003ce34,"PVGCOLOR::PVGCropFunctions::transcode(unsigned char const* const*, int const*, unsigned char* const*, int const*)+0xae40",BRANCH
0x0003ce28,"PVGCOLOR::PVGCropFunctions::transcode(unsigned char const* const*, int const*, unsigned char* const*, int const*)",0x0003ce40,"PVGCOLOR::PVGCropFunctions::transcode(unsigned char const* const*, int const*, unsigned char* const*, int const*)+0xae4c",BRANCH
0x0003ce30,"PVGCOLOR::PVGCropFunctions::transcode(unsigned char const* const*, int const*, unsigned char* const*, int const*)",0x0003ce40,"PVGCOLOR::PVGCropFunctions::transcode(unsigned char const* const*, int const*, unsigned char* const*, int const*)+0xae4c",BRANCH
0x0003ce38,"PVGCOLOR::PVGCropFunctions::transcode(unsigned char const* const*, int const*, unsigned char* const*, int const*)",0x0003ce40,"PVGCOLOR::PVGCropFunctions::transcode(unsigned char const* const*, int const*, unsigned char* const*, int const*)+0xae4c",BRANCH
0x0003ce5c,"PVGCOLOR::PVGCropFunctions::transcode(unsigned char const* const*, int const*, unsigned char* const*, int const*)",0x0003ced0,"PVGCOLOR::PVGCropFunctions::transcode(unsigned char const* const*, int const*, unsigned char* const*, int const*)+0xaedc",BRANCH
0x0003ce74,"PVGCOLOR::PVGCropFunctions::transcode(unsigned char const* const*, int const*, unsigned char* const*, int const*)",0x00058c90,_Znam@plt,DIRECT_CALL
0x0003ce80,"PVGCOLOR::PVGCropFunctions::transcode(unsigned char const* const*, int const*, unsigned char* const*, int const*)",0x0003cf30,"PVGCOLOR::PVGCropFunctions::transcode(unsigned char const* const*, int const*, unsigned char* const*, int const*)+0xaf3c",BRANCH
0x0003cea4,"PVGCOLOR::PVGCropFunctions::transcode(unsigned char const* const*, int const*, unsigned char* const*, int const*)",0x00058ca0,memcpy@plt,DIRECT_CALL
0x0003ceb8,"PVGCOLOR::PVGCropFunctions::transcode(unsigned char const* const*, int const*, unsigned char* const*, int const*)",0x0003ce98,"PVGCOLOR::PVGCropFunctions::transcode(unsigned char const* const*, int const*, unsigned char* const*, int const*)+0xaea4",BRANCH
0x0003ced8,"PVGCOLOR::PVGCropFunctions::transcode(unsigned char const* const*, int const*, unsigned char* const*, int const*)",0x0003cf4c,"PVGCOLOR::PVGCropFunctions::transcode(unsigned char const* const*, int const*, unsigned char* const*, int const*)+0xaf58",BRANCH
0x0003cee4,"PVGCOLOR::PVGCropFunctions::transcode(unsigned char const* const*, int const*, unsigned char* const*, int const*)",0x0003cf14,"PVGCOLOR::PVGCropFunctions::transcode(unsigned char const* const*, int const*, unsigned char* const*, int const*)+0xaf20",BRANCH
0x0003ceec,"PVGCOLOR::PVGCropFunctions::transcode(unsigned char const* const*, int const*, unsigned char* const*, int const*)",0x0003d008,"PVGCOLOR::PVGCropFunctions::transcode(unsigned char const* const*, int const*, unsigned char* const*, int const*)+0xb014",BRANCH
0x0003cef4,"PVGCOLOR::PVGCropFunctions::transcode(unsigned char const* const*, int const*, unsigned char* const*, int const*)",0x0003cf74,"PVGCOLOR::PVGCropFunctions::transcode(unsigned char const* const*, int const*, unsigned char* const*, int const*)+0xaf80",BRANCH
0x0003cf0c,"PVGCOLOR::PVGCropFunctions::transcode(unsigned char const* const*, int const*, unsigned char* const*, int const*)",0x0003cf8c,"PVGCOLOR::PVGCropFunctions::transcode(unsigned char const* const*, int const*, unsigned char* const*, int const*)+0xaf98",BRANCH
0x0003cf10,"PVGCOLOR::PVGCropFunctions::transcode(unsigned char const* const*, int const*, unsigned char* const*, int const*)",0x0003d020,"PVGCOLOR::PVGCropFunctions::transcode(unsigned char const* const*, int const*, unsigned char* const*, int const*)+0xb02c",BRANCH
0x0003cf28,"PVGCOLOR::PVGCropFunctions::transcode(unsigned char const* const*, int const*, unsigned char* const*, int const*)",0x0003cf8c,"PVGCOLOR::PVGCropFunctions::transcode(unsigned char const* const*, int const*, unsigned char* const*, int const*)+0xaf98",BRANCH
0x0003cf2c,"PVGCOLOR::PVGCropFunctions::transcode(unsigned char const* const*, int const*, unsigned char* const*, int const*)",0x0003d020,"PVGCOLOR::PVGCropFunctions::transcode(unsigned char const* const*, int const*, unsigned char* const*, int const*)+0xb02c",BRANCH
0x0003cf48,"PVGCOLOR::PVGCropFunctions::transcode(unsigned char const* const*, int const*, unsigned char* const*, int const*)",0x0003cedc,"PVGCOLOR::PVGCropFunctions::transcode(unsigned char const* const*, int const*, unsigned char* const*, int const*)+0xaee8",BRANCH
0x0003cf54,"PVGCOLOR::PVGCropFunctions::transcode(unsigned char const* const*, int const*, unsigned char* const*, int const*)",0x0003cf74,"PVGCOLOR::PVGCropFunctions::transcode(unsigned char const* const*, int const*, unsigned char* const*, int const*)+0xaf80",BRANCH
0x0003cf6c,"PVGCOLOR::PVGCropFunctions::transcode(unsigned char const* const*, int const*, unsigned char* const*, int const*)",0x0003cf8c,"PVGCOLOR::PVGCropFunctions::transcode(unsigned char const* const*, int const*, unsigned char* const*, int const*)+0xaf98",BRANCH
0x0003cf70,"PVGCOLOR::PVGCropFunctions::transcode(unsigned char const* const*, int const*, unsigned char* const*, int const*)",0x0003d020,"PVGCOLOR::PVGCropFunctions::transcode(unsigned char const* const*, int const*, unsigned char* const*, int const*)+0xb02c",BRANCH
0x0003cf88,"PVGCOLOR::PVGCropFunctions::transcode(unsigned char const* const*, int const*, unsigned char* const*, int const*)",0x0003d020,"PVGCOLOR::PVGCropFunctions::transcode(unsigned char const* const*, int const*, unsigned char* const*, int const*)+0xb02c",BRANCH
0x0003cf9c,"PVGCOLOR::PVGCropFunctions::transcode(unsigned char const* const*, int const*, unsigned char* const*, int const*)",0x0003d09c,"PVGCOLOR::PVGCropFunctions::transcode(unsigned char const* const*, int const*, unsigned char* const*, int const*)+0xb0a8",BRANCH
0x0003cfa4,"PVGCOLOR::PVGCropFunctions::transcode(unsigned char const* const*, int const*, unsigned char* const*, int const*)",0x0003cfd8,"PVGCOLOR::PVGCropFunctions::transcode(unsigned char const* const*, int const*, unsigned char* const*, int const*)+0xafe4",BRANCH
0x0003cfb0,"PVGCOLOR::PVGCropFunctions::transcode(unsigned char const* const*, int const*, unsigned char* const*, int const*)",0x0003d0fc,"PVGCOLOR::PVGCropFunctions::transcode(unsigned char const* const*, int const*, unsigned char* const*, int const*)+0xb108",BRANCH
0x0003cfb8,"PVGCOLOR::PVGCropFunctions::transcode(unsigned char const* const*, int const*, unsigned char* const*, int const*)",0x0003d174,"PVGCOLOR::PVGCropFunctions::transcode(unsigned char const* const*, int const*, unsigned char* const*, int const*)+0xb180",BRANCH
0x0003cfc0,"PVGCOLOR::PVGCropFunctions::transcode(unsigned char const* const*, int const*, unsigned char* const*, int const*)",0x0003d14c,"PVGCOLOR::PVGCropFunctions::transcode(unsigned char const* const*, int const*, unsigned char* const*, int const*)+0xb158",BRANCH
0x0003cfd0,"PVGCOLOR::PVGCropFunctions::transcode(unsigned char const* const*, int const*, unsigned char* const*, int const*)",0x0003d184,"PVGCOLOR::PVGCropFunctions::transcode(unsigned char const* const*, int const*, unsigned char* const*, int const*)+0xb190",BRANCH
0x0003cfd4,"PVGCOLOR::PVGCropFunctions::transcode(unsigned char const* const*, int const*, unsigned char* const*, int const*)",0x0003d1bc,"PVGCOLOR::PVGCropFunctions::transcode(unsigned char const* const*, int const*, unsigned char* const*, int const*)+0xb1c8",BRANCH
0x0003cfe0,"PVGCOLOR::PVGCropFunctions::transcode(unsigned char const* const*, int const*, unsigned char* const*, int const*)",0x0003d110,"PVGCOLOR::PVGCropFunctions::transcode(unsigned char const* const*, int const*, unsigned char* const*, int const*)+0xb11c",BRANCH
0x0003cfe8,"PVGCOLOR::PVGCropFunctions::transcode(unsigned char const* const*, int const*, unsigned char* const*, int const*)",0x0003d1ac,"PVGCOLOR::PVGCropFunctions::transcode(unsigned char const* const*, int const*, unsigned char* const*, int const*)+0xb1b8",BRANCH
0x0003cff0,"PVGCOLOR::PVGCropFunctions::transcode(unsigned char const* const*, int const*, unsigned char* const*, int const*)",0x0003d14c,"PVGCOLOR::PVGCropFunctions::transcode(unsigned char const* const*, int const*, unsigned char* const*, int const*)+0xb158",BRANCH
0x0003d000,"PVGCOLOR::PVGCropFunctions::transcode(unsigned char const* const*, int const*, unsigned char* const*, int const*)",0x0003d184,"PVGCOLOR::PVGCropFunctions::transcode(unsigned char const* const*, int const*, unsigned char* const*, int const*)+0xb190",BRANCH
0x0003d004,"PVGCOLOR::PVGCropFunctions::transcode(unsigned char const* const*, int const*, unsigned char* const*, int const*)",0x0003d1bc,"PVGCOLOR::PVGCropFunctions::transcode(unsigned char const* const*, int const*, unsigned char* const*, int const*)+0xb1c8",BRANCH
0x0003d01c,"PVGCOLOR::PVGCropFunctions::transcode(unsigned char const* const*, int const*, unsigned char* const*, int const*)",0x0003cf8c,"PVGCOLOR::PVGCropFunctions::transcode(unsigned char const* const*, int const*, unsigned char* const*, int const*)+0xaf98",BRANCH
0x0003d030,"PVGCOLOR::PVGCropFunctions::transcode(unsigned char const* const*, int const*, unsigned char* const*, int const*)",0x00058c90,_Znam@plt,DIRECT_CALL
0x0003d03c,"PVGCOLOR::PVGCropFunctions::transcode(unsigned char const* const*, int const*, unsigned char* const*, int const*)",0x0003d080,"PVGCOLOR::PVGCropFunctions::transcode(unsigned char const* const*, int const*, unsigned char* const*, int const*)+0xb08c",BRANCH
0x0003d060,"PVGCOLOR::PVGCropFunctions::transcode(unsigned char const* const*, int const*, unsigned char* const*, int const*)",0x00058ca0,memcpy@plt,DIRECT_CALL
0x0003d070,"PVGCOLOR::PVGCropFunctions::transcode(unsigned char const* const*, int const*, unsigned char* const*, int const*)",0x0003d054,"PVGCOLOR::PVGCropFunctions::transcode(unsigned char const* const*, int const*, unsigned char* const*, int const*)+0xb060",BRANCH
0x0003d098,"PVGCOLOR::PVGCropFunctions::transcode(unsigned char const* const*, int const*, unsigned char* const*, int const*)",0x0003cfa0,"PVGCOLOR::PVGCropFunctions::transcode(unsigned char const* const*, int const*, unsigned char* const*, int const*)+0xafac",BRANCH
0x0003d0a0,"PVGCOLOR::PVGCropFunctions::transcode(unsigned char const* const*, int const*, unsigned char* const*, int const*)",0x0003d0d0,"PVGCOLOR::PVGCropFunctions::transcode(unsigned char const* const*, int const*, unsigned char* const*, int const*)+0xb0dc",BRANCH
0x0003d0a8,"PVGCOLOR::PVGCropFunctions::transcode(unsigned char const* const*, int const*, unsigned char* const*, int const*)",0x0003d124,"PVGCOLOR::PVGCropFunctions::transcode(unsigned char const* const*, int const*, unsigned char* const*, int const*)+0xb130",BRANCH
0x0003d0b0,"PVGCOLOR::PVGCropFunctions::transcode(unsigned char const* const*, int const*, unsigned char* const*, int const*)",0x0003d1ec,"PVGCOLOR::PVGCropFunctions::transcode(unsigned char const* const*, int const*, unsigned char* const*, int const*)+0xb1f8",BRANCH
0x0003d0b8,"PVGCOLOR::PVGCropFunctions::transcode(unsigned char const* const*, int const*, unsigned char* const*, int const*)",0x0003d160,"PVGCOLOR::PVGCropFunctions::transcode(unsigned char const* const*, int const*, unsigned char* const*, int const*)+0xb16c",BRANCH
0x0003d0c8,"PVGCOLOR::PVGCropFunctions::transcode(unsigned char const* const*, int const*, unsigned char* const*, int const*)",0x0003d1fc,"PVGCOLOR::PVGCropFunctions::transcode(unsigned char const* const*, int const*, unsigned char* const*, int const*)+0xb208",BRANCH
0x0003d0cc,"PVGCOLOR::PVGCropFunctions::transcode(unsigned char const* const*, int const*, unsigned char* const*, int const*)",0x0003d23c,"PVGCOLOR::PVGCropFunctions::transcode(unsigned char const* const*, int const*, unsigned char* const*, int const*)+0xb248",BRANCH
0x0003d0d4,"PVGCOLOR::PVGCropFunctions::transcode(unsigned char const* const*, int const*, unsigned char* const*, int const*)",0x0003d138,"PVGCOLOR::PVGCropFunctions::transcode(unsigned char const* const*, int const*, unsigned char* const*, int const*)+0xb144",BRANCH
0x0003d0dc,"PVGCOLOR::PVGCropFunctions::transcode(unsigned char const* const*, int const*, unsigned char* const*, int const*)",0x0003d22c,"PVGCOLOR::PVGCropFunctions::transcode(unsigned char const* const*, int const*, unsigned char* const*, int const*)+0xb238",BRANCH
0x0003d0e4,"PVGCOLOR::PVGCropFunctions::transcode(unsigned char const* const*, int const*, unsigned char* const*, int const*)",0x0003d160,"PVGCOLOR::PVGCropFunctions::transcode(unsigned char const* const*, int const*, unsigned char* const*, int const*)+0xb16c",BRANCH
0x0003d0f4,"PVGCOLOR::PVGCropFunctions::transcode(unsigned char const* const*, int const*, unsigned char* const*, int const*)",0x0003d1fc,"PVGCOLOR::PVGCropFunctions::transcode(unsigned char const* const*, int const*, unsigned char* const*, int const*)+0xb208",BRANCH
0x0003d0f8,"PVGCOLOR::PVGCropFunctions::transcode(unsigned char const* const*, int const*, unsigned char* const*, int const*)",0x0003d23c,"PVGCOLOR::PVGCropFunctions::transcode(unsigned char const* const*, int const*, unsigned char* const*, int const*)+0xb248",BRANCH
0x0003d108,"PVGCOLOR::PVGCropFunctions::transcode(unsigned char const* const*, int const*, unsigned char* const*, int const*)",0x0003d184,"PVGCOLOR::PVGCropFunctions::transcode(unsigned char const* const*, int const*, unsigned char* const*, int const*)+0xb190",BRANCH
0x0003d10c,"PVGCOLOR::PVGCropFunctions::transcode(unsigned char const* const*, int const*, unsigned char* const*, int const*)",0x0003d1bc,"PVGCOLOR::PVGCropFunctions::transcode(unsigned char const* const*, int const*, unsigned char* const*, int const*)+0xb1c8",BRANCH
0x0003d11c,"PVGCOLOR::PVGCropFunctions::transcode(unsigned char const* const*, int const*, unsigned char* const*, int const*)",0x0003d184,"PVGCOLOR::PVGCropFunctions::transcode(unsigned char const* const*, int const*, unsigned char* const*, int const*)+0xb190",BRANCH
0x0003d120,"PVGCOLOR::PVGCropFunctions::transcode(unsigned char const* const*, int const*, unsigned char* const*, int const*)",0x0003d1bc,"PVGCOLOR::PVGCropFunctions::transcode(unsigned char const* const*, int const*, unsigned char* const*, int const*)+0xb1c8",BRANCH
0x0003d130,"PVGCOLOR::PVGCropFunctions::transcode(unsigned char const* const*, int const*, unsigned char* const*, int const*)",0x0003d1fc,"PVGCOLOR::PVGCropFunctions::transcode(unsigned char const* const*, int const*, unsigned char* const*, int const*)+0xb208",BRANCH
0x0003d134,"PVGCOLOR::PVGCropFunctions::transcode(unsigned char const* const*, int const*, unsigned char* const*, int const*)",0x0003d23c,"PVGCOLOR::PVGCropFunctions::transcode(unsigned char const* const*, int const*, unsigned char* const*, int const*)+0xb248",BRANCH
0x0003d144,"PVGCOLOR::PVGCropFunctions::transcode(unsigned char const* const*, int const*, unsigned char* const*, int const*)",0x0003d1fc,"PVGCOLOR::PVGCropFunctions::transcode(unsigned char const* const*, int const*, unsigned char* const*, int const*)+0xb208",BRANCH
0x0003d148,"PVGCOLOR::PVGCropFunctions::transcode(unsigned char const* const*, int const*, unsigned char* const*, int const*)",0x0003d23c,"PVGCOLOR::PVGCropFunctions::transcode(unsigned char const* const*, int const*, unsigned char* const*, int const*)+0xb248",BRANCH
0x0003d158,"PVGCOLOR::PVGCropFunctions::transcode(unsigned char const* const*, int const*, unsigned char* const*, int const*)",0x0003d184,"PVGCOLOR::PVGCropFunctions::transcode(unsigned char const* const*, int const*, unsigned char* const*, int const*)+0xb190",BRANCH
0x0003d15c,"PVGCOLOR::PVGCropFunctions::transcode(unsigned char const* const*, int const*, unsigned char* const*, int const*)",0x0003d1bc,"PVGCOLOR::PVGCropFunctions::transcode(unsigned char const* const*, int const*, unsigned char* const*, int const*)+0xb1c8",BRANCH
0x0003d16c,"PVGCOLOR::PVGCropFunctions::transcode(unsigned char const* const*, int const*, unsigned char* const*, int const*)",0x0003d1fc,"PVGCOLOR::PVGCropFunctions::transcode(unsigned char const* const*, int const*, unsigned char* const*, int const*)+0xb208",BRANCH
0x0003d170,"PVGCOLOR::PVGCropFunctions::transcode(unsigned char const* const*, int const*, unsigned char* const*, int const*)",0x0003d23c,"PVGCOLOR::PVGCropFunctions::transcode(unsigned char const* const*, int const*, unsigned char* const*, int const*)+0xb248",BRANCH
0x0003d180,"PVGCOLOR::PVGCropFunctions::transcode(unsigned char const* const*, int const*, unsigned char* const*, int const*)",0x0003d1bc,"PVGCOLOR::PVGCropFunctions::transcode(unsigned char const* const*, int const*, unsigned char* const*, int const*)+0xb1c8",BRANCH
0x0003d188,"PVGCOLOR::PVGCropFunctions::transcode(unsigned char const* const*, int const*, unsigned char* const*, int const*)",0x0003d1a4,"PVGCOLOR::PVGCropFunctions::transcode(unsigned char const* const*, int const*, unsigned char* const*, int const*)+0xb1b0",BRANCH
0x0003d190,"PVGCOLOR::PVGCropFunctions::transcode(unsigned char const* const*, int const*, unsigned char* const*, int const*)",0x0003d278,"PVGCOLOR::PVGCropFunctions::transcode(unsigned char const* const*, int const*, unsigned char* const*, int const*)+0xb284",BRANCH
0x0003d198,"PVGCOLOR::PVGCropFunctions::transcode(unsigned char const* const*, int const*, unsigned char* const*, int const*)",0x0003d1e4,"PVGCOLOR::PVGCropFunctions::transcode(unsigned char const* const*, int const*, unsigned char* const*, int const*)+0xb1f0",BRANCH
0x0003d1a0,"PVGCOLOR::PVGCropFunctions::transcode(unsigned char const* const*, int const*, unsigned char* const*, int const*)",0x0003d284,"PVGCOLOR::PVGCropFunctions::transcode(unsigned char const* const*, int const*, unsigned char* const*, int const*)+0xb290",BRANCH
0x0003d1a8,"PVGCOLOR::PVGCropFunctions::transcode(unsigned char const* const*, int const*, unsigned char* const*, int const*)",0x0003d284,"PVGCOLOR::PVGCropFunctions::transcode(unsigned char const* const*, int const*, unsigned char* const*, int const*)+0xb290",BRANCH
0x0003d1b8,"PVGCOLOR::PVGCropFunctions::transcode(unsigned char const* const*, int const*, unsigned char* const*, int const*)",0x0003d184,"PVGCOLOR::PVGCropFunctions::transcode(unsigned char const* const*, int const*, unsigned char* const*, int const*)+0xb190",BRANCH
0x0003d1c0,"PVGCOLOR::PVGCropFunctions::transcode(unsigned char const* const*, int const*, unsigned char* const*, int const*)",0x0003d1dc,"PVGCOLOR::PVGCropFunctions::transcode(unsigned char const* const*, int const*, unsigned char* const*, int const*)+0xb1e8",BRANCH
0x0003d1c8,"PVGCOLOR::PVGCropFunctions::transcode(unsigned char const* const*, int const*, unsigned char* const*, int const*)",0x0003d280,"PVGCOLOR::PVGCropFunctions::transcode(unsigned char const* const*, int const*, unsigned char* const*, int const*)+0xb28c",BRANCH
0x0003d1d0,"PVGCOLOR::PVGCropFunctions::transcode(unsigned char const* const*, int const*, unsigned char* const*, int const*)",0x0003d1e4,"PVGCOLOR::PVGCropFunctions::transcode(unsigned char const* const*, int const*, unsigned char* const*, int const*)+0xb1f0",BRANCH
0x0003d1d8,"PVGCOLOR::PVGCropFunctions::transcode(unsigned char const* const*, int const*, unsigned char* const*, int const*)",0x0003d284,"PVGCOLOR::PVGCropFunctions::transcode(unsigned char const* const*, int const*, unsigned char* const*, int const*)+0xb290",BRANCH
0x0003d1e0,"PVGCOLOR::PVGCropFunctions::transcode(unsigned char const* const*, int const*, unsigned char* const*, int const*)",0x0003d284,"PVGCOLOR::PVGCropFunctions::transcode(unsigned char const* const*, int const*, unsigned char* const*, int const*)+0xb290",BRANCH
0x0003d1e8,"PVGCOLOR::PVGCropFunctions::transcode(unsigned char const* const*, int const*, unsigned char* const*, int const*)",0x0003d284,"PVGCOLOR::PVGCropFunctions::transcode(unsigned char const* const*, int const*, unsigned char* const*, int const*)+0xb290",BRANCH
0x0003d1f8,"PVGCOLOR::PVGCropFunctions::transcode(unsigned char const* const*, int const*, unsigned char* const*, int const*)",0x0003d23c,"PVGCOLOR::PVGCropFunctions::transcode(unsigned char const* const*, int const*, unsigned char* const*, int const*)+0xb248",BRANCH
0x0003d200,"PVGCOLOR::PVGCropFunctions::transcode(unsigned char const* const*, int const*, unsigned char* const*, int const*)",0x0003d220,"PVGCOLOR::PVGCropFunctions::transcode(unsigned char const* const*, int const*, unsigned char* const*, int const*)+0xb22c",BRANCH
0x0003d208,"PVGCOLOR::PVGCropFunctions::transcode(unsigned char const* const*, int const*, unsigned char* const*, int const*)",0x0003d2ac,"PVGCOLOR::PVGCropFunctions::transcode(unsigned char const* const*, int const*, unsigned char* const*, int const*)+0xb2b8",BRANCH
0x0003d210,"PVGCOLOR::PVGCropFunctions::transcode(unsigned char const* const*, int const*, unsigned char* const*, int const*)",0x0003d26c,"PVGCOLOR::PVGCropFunctions::transcode(unsigned char const* const*, int const*, unsigned char* const*, int const*)+0xb278",BRANCH
0x0003d21c,"PVGCOLOR::PVGCropFunctions::transcode(unsigned char const* const*, int const*, unsigned char* const*, int const*)",0x0003d2c0,"PVGCOLOR::PVGCropFunctions::transcode(unsigned char const* const*, int const*, unsigned char* const*, int const*)+0xb2cc",BRANCH
0x0003d228,"PVGCOLOR::PVGCropFunctions::transcode(unsigned char const* const*, int const*, unsigned char* const*, int const*)",0x0003d2c0,"PVGCOLOR::PVGCropFunctions::transcode(unsigned char const* const*, int const*, unsigned char* const*, int const*)+0xb2cc",BRANCH
0x0003d238,"PVGCOLOR::PVGCropFunctions::transcode(unsigned char const* const*, int const*, unsigned char* const*, int const*)",0x0003d1fc,"PVGCOLOR::PVGCropFunctions::transcode(unsigned char const* const*, int const*, unsigned char* const*, int const*)+0xb208",BRANCH
0x0003d240,"PVGCOLOR::PVGCropFunctions::transcode(unsigned char const* const*, int const*, unsigned char* const*, int const*)",0x0003d260,"PVGCOLOR::PVGCropFunctions::transcode(unsigned char const* const*, int const*, unsigned char* const*, int const*)+0xb26c",BRANCH
0x0003d248,"PVGCOLOR::PVGCropFunctions::transcode(unsigned char const* const*, int const*, unsigned char* const*, int const*)",0x0003d2b8,"PVGCOLOR::PVGCropFunctions::transcode(unsigned char const* const*, int const*, unsigned char* const*, int const*)+0xb2c4",BRANCH
0x0003d250,"PVGCOLOR::PVGCropFunctions::transcode(unsigned char const* const*, int const*, unsigned char* const*, int const*)",0x0003d26c,"PVGCOLOR::PVGCropFunctions::transcode(unsigned char const* const*, int const*, unsigned char* const*, int const*)+0xb278",BRANCH
0x0003d25c,"PVGCOLOR::PVGCropFunctions::transcode(unsigned char const* const*, int const*, unsigned char* const*, int const*)",0x0003d2c0,"PVGCOLOR::PVGCropFunctions::transcode(unsigned char const* const*, int const*, unsigned char* const*, int const*)+0xb2cc",BRANCH
0x0003d268,"PVGCOLOR::PVGCropFunctions::transcode(unsigned char const* const*, int const*, unsigned char* const*, int const*)",0x0003d2c0,"PVGCOLOR::PVGCropFunctions::transcode(unsigned char const* const*, int const*, unsigned char* const*, int const*)+0xb2cc",BRANCH
0x0003d274,"PVGCOLOR::PVGCropFunctions::transcode(unsigned char const* const*, int const*, unsigned char* const*, int const*)",0x0003d2c0,"PVGCOLOR::PVGCropFunctions::transcode(unsigned char const* const*, int const*, unsigned char* const*, int const*)+0xb2cc",BRANCH
0x0003d27c,"PVGCOLOR::PVGCropFunctions::transcode(unsigned char const* const*, int const*, unsigned char* const*, int const*)",0x0003d284,"PVGCOLOR::PVGCropFunctions::transcode(unsigned char const* const*, int const*, unsigned char* const*, int const*)+0xb290",BRANCH
0x0003d2a0,"PVGCOLOR::PVGCropFunctions::transcode(unsigned char const* const*, int const*, unsigned char* const*, int const*)",0x0003521c,"PVGCOLOR::PVGCropFunctions::transcode(unsigned char const* const*, int const*, unsigned char* const*, int const*)+0x3228",DIRECT_CALL
0x0003d2a8,"PVGCOLOR::PVGCropFunctions::transcode(unsigned char const* const*, int const*, unsigned char* const*, int const*)",0x0003d3e4,"PVGCOLOR::PVGCropFunctions::transcode(unsigned char const* const*, int const*, unsigned char* const*, int const*)+0xb3f0",BRANCH
0x0003d2b4,"PVGCOLOR::PVGCropFunctions::transcode(unsigned char const* const*, int const*, unsigned char* const*, int const*)",0x0003d2c0,"PVGCOLOR::PVGCropFunctions::transcode(unsigned char const* const*, int const*, unsigned char* const*, int const*)+0xb2cc",BRANCH
0x0003d2c4,"PVGCOLOR::PVGCropFunctions::transcode(unsigned char const* const*, int const*, unsigned char* const*, int const*)",0x00058c80,_Znwm@plt,DIRECT_CALL
0x0003d2c8,"PVGCOLOR::PVGCropFunctions::transcode(unsigned char const* const*, int const*, unsigned char* const*, int const*)",N/A,"x8, 0x5e000 <typeinfo for std::__ndk1::__function::__base<float (float)>+0x6f0>",ADRP_PAGE_REF
0x0003d30c,"PVGCOLOR::PVGCropFunctions::transcode(unsigned char const* const*, int const*, unsigned char* const*, int const*)",0x0002d888,"PVGCOLOR::convertToLab(PVGCOLOR::PVGColorPrimaries, PVGCOLOR::PVGColorTransfer, float, float, float, float*, float*, float*)+0x2604",DIRECT_CALL
0x0003d324,"PVGCOLOR::PVGCropFunctions::transcode(unsigned char const* const*, int const*, unsigned char* const*, int const*)",0x0003d33c,"PVGCOLOR::PVGCropFunctions::transcode(unsigned char const* const*, int const*, unsigned char* const*, int const*)+0xb348",BRANCH
0x0003d330,"PVGCOLOR::PVGCropFunctions::transcode(unsigned char const* const*, int const*, unsigned char* const*, int const*)",N/A,x8,INDIRECT_CALL
0x0003d338,"PVGCOLOR::PVGCropFunctions::transcode(unsigned char const* const*, int const*, unsigned char* const*, int const*)",0x0003d358,"PVGCOLOR::PVGCropFunctions::transcode(unsigned char const* const*, int const*, unsigned char* const*, int const*)+0xb364",BRANCH
0x0003d354,"PVGCOLOR::PVGCropFunctions::transcode(unsigned char const* const*, int const*, unsigned char* const*, int const*)",N/A,x8,INDIRECT_CALL
0x0003d364,"PVGCOLOR::PVGCropFunctions::transcode(unsigned char const* const*, int const*, unsigned char* const*, int const*)",0x0002da50,"PVGCOLOR::convertToLab(PVGCOLOR::PVGColorPrimaries, PVGCOLOR::PVGColorTransfer, float, float, float, float*, float*, float*)+0x27cc",DIRECT_CALL
0x0003d370,"PVGCOLOR::PVGCropFunctions::transcode(unsigned char const* const*, int const*, unsigned char* const*, int const*)",0x0003d380,"PVGCOLOR::PVGCropFunctions::transcode(unsigned char const* const*, int const*, unsigned char* const*, int const*)+0xb38c",BRANCH
0x0003d37c,"PVGCOLOR::PVGCropFunctions::transcode(unsigned char const* const*, int const*, unsigned char* const*, int const*)",0x0003d388,"PVGCOLOR::PVGCropFunctions::transcode(unsigned char const* const*, int const*, unsigned char* const*, int const*)+0xb394",BRANCH
0x0003d390,"PVGCOLOR::PVGCropFunctions::transcode(unsigned char const* const*, int const*, unsigned char* const*, int const*)",N/A,x8,INDIRECT_CALL
0x0003d398,"PVGCOLOR::PVGCropFunctions::transcode(unsigned char const* const*, int const*, unsigned char* const*, int const*)",0x0002d9a0,"PVGCOLOR::convertToLab(PVGCOLOR::PVGColorPrimaries, PVGCOLOR::PVGColorTransfer, float, float, float, float*, float*, float*)+0x271c",DIRECT_CALL
0x0003d3a0,"PVGCOLOR::PVGCropFunctions::transcode(unsigned char const* const*, int const*, unsigned char* const*, int const*)",0x0002e3a0,"PVGCOLOR::convertToLab(PVGCOLOR::PVGColorPrimaries, PVGCOLOR::PVGColorTransfer, float, float, float, float*, float*, float*)+0x311c",DIRECT_CALL
0x0003d3b0,"PVGCOLOR::PVGCropFunctions::transcode(unsigned char const* const*, int const*, unsigned char* const*, int const*)",0x0002d8ec,"PVGCOLOR::convertToLab(PVGCOLOR::PVGColorPrimaries, PVGCOLOR::PVGColorTransfer, float, float, float, float*, float*, float*)+0x2668",DIRECT_CALL
0x0003d3c0,"PVGCOLOR::PVGCropFunctions::transcode(unsigned char const* const*, int const*, unsigned char* const*, int const*)",0x0003d3d0,"PVGCOLOR::PVGCropFunctions::transcode(unsigned char const* const*, int const*, unsigned char* const*, int const*)+0xb3dc",BRANCH
0x0003d3cc,"PVGCOLOR::PVGCropFunctions::transcode(unsigned char const* const*, int const*, unsigned char* const*, int const*)",0x0003d3d8,"PVGCOLOR::PVGCropFunctions::transcode(unsigned char const* const*, int const*, unsigned char* const*, int const*)+0xb3e4",BRANCH
0x0003d3e0,"PVGCOLOR::PVGCropFunctions::transcode(unsigned char const* const*, int const*, unsigned char* const*, int const*)",N/A,x8,INDIRECT_CALL
0x0003d3e8,"PVGCOLOR::PVGCropFunctions::transcode(unsigned char const* const*, int const*, unsigned char* const*, int const*)",0x0003d428,"PVGCOLOR::PVGCropFunctions::transcode(unsigned char const* const*, int const*, unsigned char* const*, int const*)+0xb434",BRANCH
0x0003d3f0,"PVGCOLOR::PVGCropFunctions::transcode(unsigned char const* const*, int const*, unsigned char* const*, int const*)",0x0003d428,"PVGCOLOR::PVGCropFunctions::transcode(unsigned char const* const*, int const*, unsigned char* const*, int const*)+0xb434",BRANCH
0x0003d414,"PVGCOLOR::PVGCropFunctions::transcode(unsigned char const* const*, int const*, unsigned char* const*, int const*)",0x00058ca0,memcpy@plt,DIRECT_CALL
0x0003d424,"PVGCOLOR::PVGCropFunctions::transcode(unsigned char const* const*, int const*, unsigned char* const*, int const*)",0x0003d408,"PVGCOLOR::PVGCropFunctions::transcode(unsigned char const* const*, int const*, unsigned char* const*, int const*)+0xb414",BRANCH
0x0003d434,"PVGCOLOR::PVGCropFunctions::transcode(unsigned char const* const*, int const*, unsigned char* const*, int const*)",0x0003d440,"PVGCOLOR::PVGCropFunctions::transcode(unsigned char const* const*, int const*, unsigned char* const*, int const*)+0xb44c",BRANCH
0x0003d43c,"PVGCOLOR::PVGCropFunctions::transcode(unsigned char const* const*, int const*, unsigned char* const*, int const*)",0x00058c30,_ZdaPv@plt,DIRECT_CALL
0x0003d444,"PVGCOLOR::PVGCropFunctions::transcode(unsigned char const* const*, int const*, unsigned char* const*, int const*)",0x0003d454,"PVGCOLOR::PVGCropFunctions::transcode(unsigned char const* const*, int const*, unsigned char* const*, int const*)+0xb460",BRANCH
0x0003d450,"PVGCOLOR::PVGCropFunctions::transcode(unsigned char const* const*, int const*, unsigned char* const*, int const*)",0x00058c30,_ZdaPv@plt,DIRECT_CALL
0x0003d460,"PVGCOLOR::PVGCropFunctions::transcode(unsigned char const* const*, int const*, unsigned char* const*, int const*)",0x0003d520,"PVGCOLOR::PVGCropFunctions::transcode(unsigned char const* const*, int const*, unsigned char* const*, int const*)+0xb52c",BRANCH
0x0003d494,"PVGCOLOR::PVGCropFunctions::transcode(unsigned char const* const*, int const*, unsigned char* const*, int const*)",0x0003d4a4,"PVGCOLOR::PVGCropFunctions::transcode(unsigned char const* const*, int const*, unsigned char* const*, int const*)+0xb4b0",BRANCH
0x0003d4a0,"PVGCOLOR::PVGCropFunctions::transcode(unsigned char const* const*, int const*, unsigned char* const*, int const*)",0x0003d4ac,"PVGCOLOR::PVGCropFunctions::transcode(unsigned char const* const*, int const*, unsigned char* const*, int const*)+0xb4b8",BRANCH
0x0003d4b8,"PVGCOLOR::PVGCropFunctions::transcode(unsigned char const* const*, int const*, unsigned char* const*, int const*)",N/A,x9,INDIRECT_CALL
0x0003d4bc,"PVGCOLOR::PVGCropFunctions::transcode(unsigned char const* const*, int const*, unsigned char* const*, int const*)",0x0003d4d0,"PVGCOLOR::PVGCropFunctions::transcode(unsigned char const* const*, int const*, unsigned char* const*, int const*)+0xb4dc",BRANCH
0x0003d4c8,"PVGCOLOR::PVGCropFunctions::transcode(unsigned char const* const*, int const*, unsigned char* const*, int const*)",0x0003d4d8,"PVGCOLOR::PVGCropFunctions::transcode(unsigned char const* const*, int const*, unsigned char* const*, int const*)+0xb4e4",BRANCH
0x0003d4d4,"PVGCOLOR::PVGCropFunctions::transcode(unsigned char const* const*, int const*, unsigned char* const*, int const*)",0x0002d8ec,"PVGCOLOR::convertToLab(PVGCOLOR::PVGColorPrimaries, PVGCOLOR::PVGColorTransfer, float, float, float, float*, float*, float*)+0x2668",DIRECT_CALL
0x0003d4e4,"PVGCOLOR::PVGCropFunctions::transcode(unsigned char const* const*, int const*, unsigned char* const*, int const*)",0x0003d4f4,"PVGCOLOR::PVGCropFunctions::transcode(unsigned char const* const*, int const*, unsigned char* const*, int const*)+0xb500",BRANCH
0x0003d4f0,"PVGCOLOR::PVGCropFunctions::transcode(unsigned char const* const*, int const*, unsigned char* const*, int const*)",0x0003d4fc,"PVGCOLOR::PVGCropFunctions::transcode(unsigned char const* const*, int const*, unsigned char* const*, int const*)+0xb508",BRANCH
0x0003d504,"PVGCOLOR::PVGCropFunctions::transcode(unsigned char const* const*, int const*, unsigned char* const*, int const*)",N/A,x8,INDIRECT_CALL
0x0003d514,"PVGCOLOR::PVGCropFunctions::transcode(unsigned char const* const*, int const*, unsigned char* const*, int const*)",0x0003d520,"PVGCOLOR::PVGCropFunctions::transcode(unsigned char const* const*, int const*, unsigned char* const*, int const*)+0xb52c",BRANCH
0x0003d51c,"PVGCOLOR::PVGCropFunctions::transcode(unsigned char const* const*, int const*, unsigned char* const*, int const*)",0x00054f14,"PVGCOLOR::PVGOpenGL::createComputeShader(char const*, int*)+0x249c",DIRECT_CALL
0x0003d520,"PVGCOLOR::PVGCropFunctions::transcode(unsigned char const* const*, int const*, unsigned char* const*, int const*)",0x00058cb0,__stack_chk_fail@plt,DIRECT_CALL
0x0003d528,"PVGCOLOR::PVGCropFunctions::transcode(unsigned char const* const*, int const*, unsigned char* const*, int const*)",0x00058c20,_ZdlPv@plt,BRANCH
0x0003d540,"PVGCOLOR::PVGCropFunctions::transcode(unsigned char const* const*, int const*, unsigned char* const*, int const*)",0x00058c80,_Znwm@plt,DIRECT_CALL
0x0003d548,"PVGCOLOR::PVGCropFunctions::transcode(unsigned char const* const*, int const*, unsigned char* const*, int const*)",N/A,"x8, 0x5e000 <typeinfo for std::__ndk1::__function::__base<float (float)>+0x6f0>",ADRP_PAGE_REF
0x0003d584,"PVGCOLOR::PVGCropFunctions::transcode(unsigned char const* const*, int const*, unsigned char* const*, int const*)",N/A,"x8, 0x5e000 <typeinfo for std::__ndk1::__function::__base<float (float)>+0x6f0>",ADRP_PAGE_REF
0x0003d5c0,"PVGCOLOR::PVGCropFunctions::transcode(unsigned char const* const*, int const*, unsigned char* const*, int const*)",0x00058c20,_ZdlPv@plt,BRANCH
0x0003d644,"PVGCOLOR::PVGCropFunctions::transcode(unsigned char const* const*, int const*, unsigned char* const*, int const*)",0x0003521c,"PVGCOLOR::PVGCropFunctions::transcode(unsigned char const* const*, int const*, unsigned char* const*, int const*)+0x3228",DIRECT_CALL
0x0003d680,"PVGCOLOR::PVGCropFunctions::transcode(unsigned char const* const*, int const*, unsigned char* const*, int const*)",N/A,"x9, 0xd000",ADRP_PAGE_REF
0x0003d684,"PVGCOLOR::PVGCropFunctions::transcode(unsigned char const* const*, int const*, unsigned char* const*, int const*)",N/A,"x8, 0xe000",ADRP_PAGE_REF
0x0003d690,"PVGCOLOR::PVGCropFunctions::transcode(unsigned char const* const*, int const*, unsigned char* const*, int const*)",N/A,"x9, 0xd000",ADRP_PAGE_REF
0x0003d6f8,"PVGCOLOR::PVGCropFunctions::transcode(unsigned char const* const*, int const*, unsigned char* const*, int const*)",0x0003d728,"PVGCOLOR::PVGCropFunctions::transcode(unsigned char const* const*, int const*, unsigned char* const*, int const*)+0xb734",BRANCH
0x0003d704,"PVGCOLOR::PVGCropFunctions::transcode(unsigned char const* const*, int const*, unsigned char* const*, int const*)",0x0003d864,"PVGCOLOR::PVGCropFunctions::transcode(unsigned char const* const*, int const*, unsigned char* const*, int const*)+0xb870",BRANCH
0x0003d70c,"PVGCOLOR::PVGCropFunctions::transcode(unsigned char const* const*, int const*, unsigned char* const*, int const*)",0x0003d808,"PVGCOLOR::PVGCropFunctions::transcode(unsigned char const* const*, int const*, unsigned char* const*, int const*)+0xb814",BRANCH
0x0003d720,"PVGCOLOR::PVGCropFunctions::transcode(unsigned char const* const*, int const*, unsigned char* const*, int const*)",0x0003d978,"PVGCOLOR::PVGCropFunctions::transcode(unsigned char const* const*, int const*, unsigned char* const*, int const*)+0xb984",BRANCH
0x0003d72c,"PVGCOLOR::PVGCropFunctions::transcode(unsigned char const* const*, int const*, unsigned char* const*, int const*)",0x0003d7ec,"PVGCOLOR::PVGCropFunctions::transcode(unsigned char const* const*, int const*, unsigned char* const*, int const*)+0xb7f8",BRANCH
0x0003d734,"PVGCOLOR::PVGCropFunctions::transcode(unsigned char const* const*, int const*, unsigned char* const*, int const*)",0x0003d978,"PVGCOLOR::PVGCropFunctions::transcode(unsigned char const* const*, int const*, unsigned char* const*, int const*)+0xb984",BRANCH
0x0003d73c,"PVGCOLOR::PVGCropFunctions::transcode(unsigned char const* const*, int const*, unsigned char* const*, int const*)",0x0003d808,"PVGCOLOR::PVGCropFunctions::transcode(unsigned char const* const*, int const*, unsigned char* const*, int const*)+0xb814",BRANCH
0x0003d750,"PVGCOLOR::PVGCropFunctions::transcode(unsigned char const* const*, int const*, unsigned char* const*, int const*)",0x0003d724,"PVGCOLOR::PVGCropFunctions::transcode(unsigned char const* const*, int const*, unsigned char* const*, int const*)+0xb730",BRANCH
0x0003d7f0,"PVGCOLOR::PVGCropFunctions::transcode(unsigned char const* const*, int const*, unsigned char* const*, int const*)",0x0003d864,"PVGCOLOR::PVGCropFunctions::transcode(unsigned char const* const*, int const*, unsigned char* const*, int const*)+0xb870",BRANCH
0x0003d804,"PVGCOLOR::PVGCropFunctions::transcode(unsigned char const* const*, int const*, unsigned char* const*, int const*)",0x0003d724,"PVGCOLOR::PVGCropFunctions::transcode(unsigned char const* const*, int const*, unsigned char* const*, int const*)+0xb730",BRANCH
0x0003d89c,"PVGCOLOR::PVGCropFunctions::transcode(unsigned char const* const*, int const*, unsigned char* const*, int const*)",0x0003d904,"PVGCOLOR::PVGCropFunctions::transcode(unsigned char const* const*, int const*, unsigned char* const*, int const*)+0xb910",BRANCH
0x0003da10,"PVGCOLOR::PVGCropFunctions::transcode(unsigned char const* const*, int const*, unsigned char* const*, int const*)",0x0003da2c,"PVGCOLOR::PVGCropFunctions::transcode(unsigned char const* const*, int const*, unsigned char* const*, int const*)+0xba38",BRANCH
0x0003da24,"PVGCOLOR::PVGCropFunctions::transcode(unsigned char const* const*, int const*, unsigned char* const*, int const*)",0x0003da44,"PVGCOLOR::PVGCropFunctions::transcode(unsigned char const* const*, int const*, unsigned char* const*, int const*)+0xba50",BRANCH
0x0003da28,"PVGCOLOR::PVGCropFunctions::transcode(unsigned char const* const*, int const*, unsigned char* const*, int const*)",0x0003da38,"PVGCOLOR::PVGCropFunctions::transcode(unsigned char const* const*, int const*, unsigned char* const*, int const*)+0xba44",BRANCH
0x0003da34,"PVGCOLOR::PVGCropFunctions::transcode(unsigned char const* const*, int const*, unsigned char* const*, int const*)",0x0003da44,"PVGCOLOR::PVGCropFunctions::transcode(unsigned char const* const*, int const*, unsigned char* const*, int const*)+0xba50",BRANCH
0x0003da40,"PVGCOLOR::PVGCropFunctions::transcode(unsigned char const* const*, int const*, unsigned char* const*, int const*)",0x0003df30,"PVGCOLOR::PVGCropFunctions::transcode(unsigned char const* const*, int const*, unsigned char* const*, int const*)+0xbf3c",BRANCH
0x0003da48,"PVGCOLOR::PVGCropFunctions::transcode(unsigned char const* const*, int const*, unsigned char* const*, int const*)",0x0003dc64,"PVGCOLOR::PVGCropFunctions::transcode(unsigned char const* const*, int const*, unsigned char* const*, int const*)+0xbc70",BRANCH
0x0003da58,"PVGCOLOR::PVGCropFunctions::transcode(unsigned char const* const*, int const*, unsigned char* const*, int const*)",0x00058eb0,ldexpf@plt,DIRECT_CALL
0x0003da6c,"PVGCOLOR::PVGCropFunctions::transcode(unsigned char const* const*, int const*, unsigned char* const*, int const*)",0x00058eb0,ldexpf@plt,DIRECT_CALL
0x0003daac,"PVGCOLOR::PVGCropFunctions::transcode(unsigned char const* const*, int const*, unsigned char* const*, int const*)",0x0003dabc,"PVGCOLOR::PVGCropFunctions::transcode(unsigned char const* const*, int const*, unsigned char* const*, int const*)+0xbac8",BRANCH
0x0003db18,"PVGCOLOR::PVGCropFunctions::transcode(unsigned char const* const*, int const*, unsigned char* const*, int const*)",0x0003db28,"PVGCOLOR::PVGCropFunctions::transcode(unsigned char const* const*, int const*, unsigned char* const*, int const*)+0xbb34",BRANCH
0x0003db90,"PVGCOLOR::PVGCropFunctions::transcode(unsigned char const* const*, int const*, unsigned char* const*, int const*)",0x0003dba0,"PVGCOLOR::PVGCropFunctions::transcode(unsigned char const* const*, int const*, unsigned char* const*, int const*)+0xbbac",BRANCH
0x0003dc0c,"PVGCOLOR::PVGCropFunctions::transcode(unsigned char const* const*, int const*, unsigned char* const*, int const*)",0x0003dc1c,"PVGCOLOR::PVGCropFunctions::transcode(unsigned char const* const*, int const*, unsigned char* const*, int const*)+0xbc28",BRANCH
0x0003dc70,"PVGCOLOR::PVGCropFunctions::transcode(unsigned char const* const*, int const*, unsigned char* const*, int const*)",0x00058eb0,ldexpf@plt,DIRECT_CALL
0x0003dcd8,"PVGCOLOR::PVGCropFunctions::transcode(unsigned char const* const*, int const*, unsigned char* const*, int const*)",0x0003dcf4,"PVGCOLOR::PVGCropFunctions::transcode(unsigned char const* const*, int const*, unsigned char* const*, int const*)+0xbd00",BRANCH
0x0003dd74,"PVGCOLOR::PVGCropFunctions::transcode(unsigned char const* const*, int const*, unsigned char* const*, int const*)",0x0003dd90,"PVGCOLOR::PVGCropFunctions::transcode(unsigned char const* const*, int const*, unsigned char* const*, int const*)+0xbd9c",BRANCH
0x0003de20,"PVGCOLOR::PVGCropFunctions::transcode(unsigned char const* const*, int const*, unsigned char* const*, int const*)",0x0003de3c,"PVGCOLOR::PVGCropFunctions::transcode(unsigned char const* const*, int const*, unsigned char* const*, int const*)+0xbe48",BRANCH
0x0003decc,"PVGCOLOR::PVGCropFunctions::transcode(unsigned char const* const*, int const*, unsigned char* const*, int const*)",0x0003dee8,"PVGCOLOR::PVGCropFunctions::transcode(unsigned char const* const*, int const*, unsigned char* const*, int const*)+0xbef4",BRANCH
0x0003df38,"PVGCOLOR::PVGCropFunctions::transcode(unsigned char const* const*, int const*, unsigned char* const*, int const*)",0x0003dfbc,"PVGCOLOR::PVGCropFunctions::transcode(unsigned char const* const*, int const*, unsigned char* const*, int const*)+0xbfc8",BRANCH
0x0003dfd4,"PVGCOLOR::PVGCropFunctions::transcode(unsigned char const* const*, int const*, unsigned char* const*, int const*)",0x0003dc50,"PVGCOLOR::PVGCropFunctions::transcode(unsigned char const* const*, int const*, unsigned char* const*, int const*)+0xbc5c",BRANCH
0x0003e064,"PVGCOLOR::PVGCropFunctions::transcode(unsigned char const* const*, int const*, unsigned char* const*, int const*)",0x0003e06c,"PVGCOLOR::PVGCropFunctions::transcode(unsigned char const* const*, int const*, unsigned char* const*, int const*)+0xc078",BRANCH
0x0003e070,"PVGCOLOR::PVGCropFunctions::transcode(unsigned char const* const*, int const*, unsigned char* const*, int const*)",0x0003e2c0,"PVGCOLOR::PVGCropFunctions::transcode(unsigned char const* const*, int const*, unsigned char* const*, int const*)+0xc2cc",BRANCH
0x0003e09c,"PVGCOLOR::PVGCropFunctions::transcode(unsigned char const* const*, int const*, unsigned char* const*, int const*)",N/A,"x12, 0x5f000 <typeinfo for std::__ndk1::__function::__base<void (int)>+0x78>",ADRP_PAGE_REF
0x0003e0a0,"PVGCOLOR::PVGCropFunctions::transcode(unsigned char const* const*, int const*, unsigned char* const*, int const*)",N/A,"x10, 0x5f000 <typeinfo for std::__ndk1::__function::__base<void (int)>+0x78>",ADRP_PAGE_REF
0x0003e0a4,"PVGCOLOR::PVGCropFunctions::transcode(unsigned char const* const*, int const*, unsigned char* const*, int const*)",N/A,"x8, 0x5f000 <typeinfo for std::__ndk1::__function::__base<void (int)>+0x78>",ADRP_PAGE_REF
0x0003e0b0,"PVGCOLOR::PVGCropFunctions::transcode(unsigned char const* const*, int const*, unsigned char* const*, int const*)",N/A,"x9, 0x5f000 <typeinfo for std::__ndk1::__function::__base<void (int)>+0x78>",ADRP_PAGE_REF
0x0003e2bc,"PVGCOLOR::PVGCropFunctions::transcode(unsigned char const* const*, int const*, unsigned char* const*, int const*)",0x0003e358,"PVGCOLOR::PVGCropFunctions::transcode(unsigned char const* const*, int const*, unsigned char* const*, int const*)+0xc364",BRANCH
0x0003e2c0,"PVGCOLOR::PVGCropFunctions::transcode(unsigned char const* const*, int const*, unsigned char* const*, int const*)",N/A,"x8, 0x5f000 <typeinfo for std::__ndk1::__function::__base<void (int)>+0x78>",ADRP_PAGE_REF
0x0003e2c4,"PVGCOLOR::PVGCropFunctions::transcode(unsigned char const* const*, int const*, unsigned char* const*, int const*)",N/A,"x9, 0x5f000 <typeinfo for std::__ndk1::__function::__base<void (int)>+0x78>",ADRP_PAGE_REF
0x0003e2c8,"PVGCOLOR::PVGCropFunctions::transcode(unsigned char const* const*, int const*, unsigned char* const*, int const*)",N/A,"x10, 0x5f000 <typeinfo for std::__ndk1::__function::__base<void (int)>+0x78>",ADRP_PAGE_REF
0x0003e2d8,"PVGCOLOR::PVGCropFunctions::transcode(unsigned char const* const*, int const*, unsigned char* const*, int const*)",N/A,"x12, 0x5f000 <typeinfo for std::__ndk1::__function::__base<void (int)>+0x78>",ADRP_PAGE_REF
0x0003e3d8,"PVGCOLOR::PVGCropFunctions::transcode(unsigned char const* const*, int const*, unsigned char* const*, int const*)",0x0003e3e0,"PVGCOLOR::PVGCropFunctions::transcode(unsigned char const* const*, int const*, unsigned char* const*, int const*)+0xc3ec",BRANCH
0x0003e3e4,"PVGCOLOR::PVGCropFunctions::transcode(unsigned char const* const*, int const*, unsigned char* const*, int const*)",0x0003e680,"PVGCOLOR::PVGCropFunctions::transcode(unsigned char const* const*, int const*, unsigned char* const*, int const*)+0xc68c",BRANCH
0x0003e41c,"PVGCOLOR::PVGCropFunctions::transcode(unsigned char const* const*, int const*, unsigned char* const*, int const*)",N/A,"x11, 0x5f000 <typeinfo for std::__ndk1::__function::__base<void (int)>+0x78>",ADRP_PAGE_REF
0x0003e428,"PVGCOLOR::PVGCropFunctions::transcode(unsigned char const* const*, int const*, unsigned char* const*, int const*)",N/A,"x10, 0x5f000 <typeinfo for std::__ndk1::__function::__base<void (int)>+0x78>",ADRP_PAGE_REF
0x0003e43c,"PVGCOLOR::PVGCropFunctions::transcode(unsigned char const* const*, int const*, unsigned char* const*, int const*)",N/A,"x8, 0x5f000 <typeinfo for std::__ndk1::__function::__base<void (int)>+0x78>",ADRP_PAGE_REF
0x0003e458,"PVGCOLOR::PVGCropFunctions::transcode(unsigned char const* const*, int const*, unsigned char* const*, int const*)",N/A,"x9, 0x5f000 <typeinfo for std::__ndk1::__function::__base<void (int)>+0x78>",ADRP_PAGE_REF
0x0003e67c,"PVGCOLOR::PVGCropFunctions::transcode(unsigned char const* const*, int const*, unsigned char* const*, int const*)",0x0003e718,"PVGCOLOR::PVGCropFunctions::transcode(unsigned char const* const*, int const*, unsigned char* const*, int const*)+0xc724",BRANCH
0x0003e680,"PVGCOLOR::PVGCropFunctions::transcode(unsigned char const* const*, int const*, unsigned char* const*, int const*)",N/A,"x8, 0x5f000 <typeinfo for std::__ndk1::__function::__base<void (int)>+0x78>",ADRP_PAGE_REF
0x0003e684,"PVGCOLOR::PVGCropFunctions::transcode(unsigned char const* const*, int const*, unsigned char* const*, int const*)",N/A,"x9, 0x5f000 <typeinfo for std::__ndk1::__function::__base<void (int)>+0x78>",ADRP_PAGE_REF
0x0003e688,"PVGCOLOR::PVGCropFunctions::transcode(unsigned char const* const*, int const*, unsigned char* const*, int const*)",N/A,"x10, 0x5f000 <typeinfo for std::__ndk1::__function::__base<void (int)>+0x78>",ADRP_PAGE_REF
0x0003e698,"PVGCOLOR::PVGCropFunctions::transcode(unsigned char const* const*, int const*, unsigned char* const*, int const*)",N/A,"x12, 0x5f000 <typeinfo for std::__ndk1::__function::__base<void (int)>+0x78>",ADRP_PAGE_REF
0x0003e838,"PVGCOLOR::PVGCropFunctions::transcode(unsigned char const* const*, int const*, unsigned char* const*, int const*)",0x0003e844,"PVGCOLOR::PVGCropFunctions::transcode(unsigned char const* const*, int const*, unsigned char* const*, int const*)+0xc850",BRANCH
0x0003e8a4,"PVGCOLOR::PVGCropFunctions::transcode(unsigned char const* const*, int const*, unsigned char* const*, int const*)",0x0003e8ac,"PVGCOLOR::PVGCropFunctions::transcode(unsigned char const* const*, int const*, unsigned char* const*, int const*)+0xc8b8",BRANCH
0x0003e934,"PVGCOLOR::PVGCropFunctions::transcode(unsigned char const* const*, int const*, unsigned char* const*, int const*)",0x0003e940,"PVGCOLOR::PVGCropFunctions::transcode(unsigned char const* const*, int const*, unsigned char* const*, int const*)+0xc94c",BRANCH
0x0003ef04,"PVGCOLOR::PVGCropFunctions::transcode(unsigned char const* const*, int const*, unsigned char* const*, int const*)",0x0003ef10,"PVGCOLOR::PVGCropFunctions::transcode(unsigned char const* const*, int const*, unsigned char* const*, int const*)+0xcf1c",BRANCH
0x0003ef64,"PVGCOLOR::PVGCropFunctions::transcode(unsigned char const* const*, int const*, unsigned char* const*, int const*)",0x0003ef6c,"PVGCOLOR::PVGCropFunctions::transcode(unsigned char const* const*, int const*, unsigned char* const*, int const*)+0xcf78",BRANCH
0x0003efe0,"PVGCOLOR::PVGCropFunctions::transcode(unsigned char const* const*, int const*, unsigned char* const*, int const*)",0x0003efec,"PVGCOLOR::PVGCropFunctions::transcode(unsigned char const* const*, int const*, unsigned char* const*, int const*)+0xcff8",BRANCH
0x0003f5cc,"PVGCOLOR::PVGCropFunctions::transcode(unsigned char const* const*, int const*, unsigned char* const*, int const*)",0x0003f5d8,"PVGCOLOR::PVGCropFunctions::transcode(unsigned char const* const*, int const*, unsigned char* const*, int const*)+0xd5e4",BRANCH
0x0003f62c,"PVGCOLOR::PVGCropFunctions::transcode(unsigned char const* const*, int const*, unsigned char* const*, int const*)",0x0003f634,"PVGCOLOR::PVGCropFunctions::transcode(unsigned char const* const*, int const*, unsigned char* const*, int const*)+0xd640",BRANCH
0x0003f6a4,"PVGCOLOR::PVGCropFunctions::transcode(unsigned char const* const*, int const*, unsigned char* const*, int const*)",0x0003f6b0,"PVGCOLOR::PVGCropFunctions::transcode(unsigned char const* const*, int const*, unsigned char* const*, int const*)+0xd6bc",BRANCH
0x0003fc1c,"PVGCOLOR::PVGCropFunctions::transcode(unsigned char const* const*, int const*, unsigned char* const*, int const*)",0x0003fc28,"PVGCOLOR::PVGCropFunctions::transcode(unsigned char const* const*, int const*, unsigned char* const*, int const*)+0xdc34",BRANCH
0x0003fc7c,"PVGCOLOR::PVGCropFunctions::transcode(unsigned char const* const*, int const*, unsigned char* const*, int const*)",0x0003fc84,"PVGCOLOR::PVGCropFunctions::transcode(unsigned char const* const*, int const*, unsigned char* const*, int const*)+0xdc90",BRANCH
0x0003fcf4,"PVGCOLOR::PVGCropFunctions::transcode(unsigned char const* const*, int const*, unsigned char* const*, int const*)",0x0003fd00,"PVGCOLOR::PVGCropFunctions::transcode(unsigned char const* const*, int const*, unsigned char* const*, int const*)+0xdd0c",BRANCH
0x0004026c,"PVGCOLOR::PVGCropFunctions::transcode(unsigned char const* const*, int const*, unsigned char* const*, int const*)",0x00040278,"PVGCOLOR::PVGCropFunctions::transcode(unsigned char const* const*, int const*, unsigned char* const*, int const*)+0xe284",BRANCH
0x000402cc,"PVGCOLOR::PVGCropFunctions::transcode(unsigned char const* const*, int const*, unsigned char* const*, int const*)",0x000402d4,"PVGCOLOR::PVGCropFunctions::transcode(unsigned char const* const*, int const*, unsigned char* const*, int const*)+0xe2e0",BRANCH
0x00040344,"PVGCOLOR::PVGCropFunctions::transcode(unsigned char const* const*, int const*, unsigned char* const*, int const*)",0x00040350,"PVGCOLOR::PVGCropFunctions::transcode(unsigned char const* const*, int const*, unsigned char* const*, int const*)+0xe35c",BRANCH
0x000408bc,"PVGCOLOR::PVGCropFunctions::transcode(unsigned char const* const*, int const*, unsigned char* const*, int const*)",0x000408c8,"PVGCOLOR::PVGCropFunctions::transcode(unsigned char const* const*, int const*, unsigned char* const*, int const*)+0xe8d4",BRANCH
0x0004091c,"PVGCOLOR::PVGCropFunctions::transcode(unsigned char const* const*, int const*, unsigned char* const*, int const*)",0x00040924,"PVGCOLOR::PVGCropFunctions::transcode(unsigned char const* const*, int const*, unsigned char* const*, int const*)+0xe930",BRANCH
0x00040994,"PVGCOLOR::PVGCropFunctions::transcode(unsigned char const* const*, int const*, unsigned char* const*, int const*)",0x000409a0,"PVGCOLOR::PVGCropFunctions::transcode(unsigned char const* const*, int const*, unsigned char* const*, int const*)+0xe9ac",BRANCH
0x00040f48,"PVGCOLOR::PVGCropFunctions::transcode(unsigned char const* const*, int const*, unsigned char* const*, int const*)",0x00040f54,"PVGCOLOR::PVGCropFunctions::transcode(unsigned char const* const*, int const*, unsigned char* const*, int const*)+0xef60",BRANCH
0x00040fb4,"PVGCOLOR::PVGCropFunctions::transcode(unsigned char const* const*, int const*, unsigned char* const*, int const*)",0x00040fbc,"PVGCOLOR::PVGCropFunctions::transcode(unsigned char const* const*, int const*, unsigned char* const*, int const*)+0xefc8",BRANCH
0x00041044,"PVGCOLOR::PVGCropFunctions::transcode(unsigned char const* const*, int const*, unsigned char* const*, int const*)",0x00041050,"PVGCOLOR::PVGCropFunctions::transcode(unsigned char const* const*, int const*, unsigned char* const*, int const*)+0xf05c",BRANCH
0x000415f4,"PVGCOLOR::PVGCropFunctions::transcode(unsigned char const* const*, int const*, unsigned char* const*, int const*)",0x00041600,"PVGCOLOR::PVGCropFunctions::transcode(unsigned char const* const*, int const*, unsigned char* const*, int const*)+0xf60c",BRANCH
0x00041654,"PVGCOLOR::PVGCropFunctions::transcode(unsigned char const* const*, int const*, unsigned char* const*, int const*)",0x0004165c,"PVGCOLOR::PVGCropFunctions::transcode(unsigned char const* const*, int const*, unsigned char* const*, int const*)+0xf668",BRANCH
0x000416d0,"PVGCOLOR::PVGCropFunctions::transcode(unsigned char const* const*, int const*, unsigned char* const*, int const*)",0x000416dc,"PVGCOLOR::PVGCropFunctions::transcode(unsigned char const* const*, int const*, unsigned char* const*, int const*)+0xf6e8",BRANCH
0x00041cb4,"PVGCOLOR::PVGCropFunctions::transcode(unsigned char const* const*, int const*, unsigned char* const*, int const*)",0x00041cc0,"PVGCOLOR::PVGCropFunctions::transcode(unsigned char const* const*, int const*, unsigned char* const*, int const*)+0xfccc",BRANCH
0x00041d14,"PVGCOLOR::PVGCropFunctions::transcode(unsigned char const* const*, int const*, unsigned char* const*, int const*)",0x00041d1c,"PVGCOLOR::PVGCropFunctions::transcode(unsigned char const* const*, int const*, unsigned char* const*, int const*)+0xfd28",BRANCH
0x00041d8c,"PVGCOLOR::PVGCropFunctions::transcode(unsigned char const* const*, int const*, unsigned char* const*, int const*)",0x00041d98,"PVGCOLOR::PVGCropFunctions::transcode(unsigned char const* const*, int const*, unsigned char* const*, int const*)+0xfda4",BRANCH
0x0004238c,"PVGCOLOR::PVGCropFunctions::transcode(unsigned char const* const*, int const*, unsigned char* const*, int const*)",0x00042398,"PVGCOLOR::PVGCropFunctions::transcode(unsigned char const* const*, int const*, unsigned char* const*, int const*)+0x103a4",BRANCH
0x000423f8,"PVGCOLOR::PVGCropFunctions::transcode(unsigned char const* const*, int const*, unsigned char* const*, int const*)",0x00042400,"PVGCOLOR::PVGCropFunctions::transcode(unsigned char const* const*, int const*, unsigned char* const*, int const*)+0x1040c",BRANCH
0x00042488,"PVGCOLOR::PVGCropFunctions::transcode(unsigned char const* const*, int const*, unsigned char* const*, int const*)",0x00042494,"PVGCOLOR::PVGCropFunctions::transcode(unsigned char const* const*, int const*, unsigned char* const*, int const*)+0x104a0",BRANCH
0x00042a20,"PVGCOLOR::PVGCropFunctions::transcode(unsigned char const* const*, int const*, unsigned char* const*, int const*)",0x00042a2c,"PVGCOLOR::PVGCropFunctions::transcode(unsigned char const* const*, int const*, unsigned char* const*, int const*)+0x10a38",BRANCH
0x00042a78,"PVGCOLOR::PVGCropFunctions::transcode(unsigned char const* const*, int const*, unsigned char* const*, int const*)",0x00042a80,"PVGCOLOR::PVGCropFunctions::transcode(unsigned char const* const*, int const*, unsigned char* const*, int const*)+0x10a8c",BRANCH
0x00042ee8,"PVGCOLOR::PVGCropFunctions::transcode(unsigned char const* const*, int const*, unsigned char* const*, int const*)",0x00042ef4,"PVGCOLOR::PVGCropFunctions::transcode(unsigned char const* const*, int const*, unsigned char* const*, int const*)+0x10f00",BRANCH
0x00042f60,"PVGCOLOR::PVGCropFunctions::transcode(unsigned char const* const*, int const*, unsigned char* const*, int const*)",0x00042f68,"PVGCOLOR::PVGCropFunctions::transcode(unsigned char const* const*, int const*, unsigned char* const*, int const*)+0x10f74",BRANCH
0x000433a4,"PVGCOLOR::PVGCropFunctions::transcode(unsigned char const* const*, int const*, unsigned char* const*, int const*)",0x000433b0,"PVGCOLOR::PVGCropFunctions::transcode(unsigned char const* const*, int const*, unsigned char* const*, int const*)+0x113bc",BRANCH
0x00043404,"PVGCOLOR::PVGCropFunctions::transcode(unsigned char const* const*, int const*, unsigned char* const*, int const*)",0x0004340c,"PVGCOLOR::PVGCropFunctions::transcode(unsigned char const* const*, int const*, unsigned char* const*, int const*)+0x11418",BRANCH
0x0004347c,"PVGCOLOR::PVGCropFunctions::transcode(unsigned char const* const*, int const*, unsigned char* const*, int const*)",0x00043488,"PVGCOLOR::PVGCropFunctions::transcode(unsigned char const* const*, int const*, unsigned char* const*, int const*)+0x11494",BRANCH
0x00043a40,"PVGCOLOR::PVGCropFunctions::transcode(unsigned char const* const*, int const*, unsigned char* const*, int const*)",0x00043a4c,"PVGCOLOR::PVGCropFunctions::transcode(unsigned char const* const*, int const*, unsigned char* const*, int const*)+0x11a58",BRANCH
0x00043aa0,"PVGCOLOR::PVGCropFunctions::transcode(unsigned char const* const*, int const*, unsigned char* const*, int const*)",0x00043aa8,"PVGCOLOR::PVGCropFunctions::transcode(unsigned char const* const*, int const*, unsigned char* const*, int const*)+0x11ab4",BRANCH
0x00043b18,"PVGCOLOR::PVGCropFunctions::transcode(unsigned char const* const*, int const*, unsigned char* const*, int const*)",0x00043b24,"PVGCOLOR::PVGCropFunctions::transcode(unsigned char const* const*, int const*, unsigned char* const*, int const*)+0x11b30",BRANCH
0x00044118,"PVGCOLOR::PVGCropFunctions::transcode(unsigned char const* const*, int const*, unsigned char* const*, int const*)",0x00044124,"PVGCOLOR::PVGCropFunctions::transcode(unsigned char const* const*, int const*, unsigned char* const*, int const*)+0x12130",BRANCH
0x00044184,"PVGCOLOR::PVGCropFunctions::transcode(unsigned char const* const*, int const*, unsigned char* const*, int const*)",0x0004418c,"PVGCOLOR::PVGCropFunctions::transcode(unsigned char const* const*, int const*, unsigned char* const*, int const*)+0x12198",BRANCH
0x00044214,"PVGCOLOR::PVGCropFunctions::transcode(unsigned char const* const*, int const*, unsigned char* const*, int const*)",0x00044220,"PVGCOLOR::PVGCropFunctions::transcode(unsigned char const* const*, int const*, unsigned char* const*, int const*)+0x1222c",BRANCH
0x000447fc,"PVGCOLOR::PVGCropFunctions::transcode(unsigned char const* const*, int const*, unsigned char* const*, int const*)",0x00044808,"PVGCOLOR::PVGCropFunctions::transcode(unsigned char const* const*, int const*, unsigned char* const*, int const*)+0x12814",BRANCH
0x00044868,"PVGCOLOR::PVGCropFunctions::transcode(unsigned char const* const*, int const*, unsigned char* const*, int const*)",0x00044870,"PVGCOLOR::PVGCropFunctions::transcode(unsigned char const* const*, int const*, unsigned char* const*, int const*)+0x1287c",BRANCH
0x000448f8,"PVGCOLOR::PVGCropFunctions::transcode(unsigned char const* const*, int const*, unsigned char* const*, int const*)",0x00044904,"PVGCOLOR::PVGCropFunctions::transcode(unsigned char const* const*, int const*, unsigned char* const*, int const*)+0x12910",BRANCH
0x00044f78,"PVGCOLOR::PVGCropFunctions::transcode(unsigned char const* const*, int const*, unsigned char* const*, int const*)",0x00044f84,"PVGCOLOR::PVGCropFunctions::transcode(unsigned char const* const*, int const*, unsigned char* const*, int const*)+0x12f90",BRANCH
0x00045558,"PVGCOLOR::PVGCropFunctions::transcode(unsigned char const* const*, int const*, unsigned char* const*, int const*)",0x00045560,"PVGCOLOR::PVGCropFunctions::transcode(unsigned char const* const*, int const*, unsigned char* const*, int const*)+0x1356c",BRANCH
0x00045b1c,"PVGCOLOR::PVGCropFunctions::transcode(unsigned char const* const*, int const*, unsigned char* const*, int const*)",0x00045b28,"PVGCOLOR::PVGCropFunctions::transcode(unsigned char const* const*, int const*, unsigned char* const*, int const*)+0x13b34",BRANCH
0x00045e40,"PVGCOLOR::PVGCropFunctions::transcode(unsigned char const* const*, int const*, unsigned char* const*, int const*)",0x00045e4c,"PVGCOLOR::PVGCropFunctions::transcode(unsigned char const* const*, int const*, unsigned char* const*, int const*)+0x13e58",BRANCH
0x0004617c,"PVGCOLOR::PVGCropFunctions::transcode(unsigned char const* const*, int const*, unsigned char* const*, int const*)",0x00046184,"PVGCOLOR::PVGCropFunctions::transcode(unsigned char const* const*, int const*, unsigned char* const*, int const*)+0x14190",BRANCH
0x0004635c,"PVGCOLOR::PVGCropFunctions::transcode(unsigned char const* const*, int const*, unsigned char* const*, int const*)",0x00046368,"PVGCOLOR::PVGCropFunctions::transcode(unsigned char const* const*, int const*, unsigned char* const*, int const*)+0x14374",BRANCH
0x00046644,"PVGCOLOR::PVGCropFunctions::transcode(unsigned char const* const*, int const*, unsigned char* const*, int const*)",0x0004664c,"PVGCOLOR::PVGCropFunctions::transcode(unsigned char const* const*, int const*, unsigned char* const*, int const*)+0x14658",BRANCH
0x000466dc,"PVGCOLOR::PVGCropFunctions::transcode(unsigned char const* const*, int const*, unsigned char* const*, int const*)",0x000466e8,"PVGCOLOR::PVGCropFunctions::transcode(unsigned char const* const*, int const*, unsigned char* const*, int const*)+0x146f4",BRANCH
0x00046768,"PVGCOLOR::PVGCropFunctions::transcode(unsigned char const* const*, int const*, unsigned char* const*, int const*)",0x00046770,"PVGCOLOR::PVGCropFunctions::transcode(unsigned char const* const*, int const*, unsigned char* const*, int const*)+0x1477c",BRANCH
0x00046788,"PVGCOLOR::PVGCropFunctions::transcode(unsigned char const* const*, int const*, unsigned char* const*, int const*)",0x000467ac,"PVGCOLOR::PVGCropFunctions::transcode(unsigned char const* const*, int const*, unsigned char* const*, int const*)+0x147b8",BRANCH
0x00046790,"PVGCOLOR::PVGCropFunctions::transcode(unsigned char const* const*, int const*, unsigned char* const*, int const*)",0x000467b4,"PVGCOLOR::PVGCropFunctions::transcode(unsigned char const* const*, int const*, unsigned char* const*, int const*)+0x147c0",BRANCH
0x000467a8,"PVGCOLOR::PVGCropFunctions::transcode(unsigned char const* const*, int const*, unsigned char* const*, int const*)",0x000467b8,"PVGCOLOR::PVGCropFunctions::transcode(unsigned char const* const*, int const*, unsigned char* const*, int const*)+0x147c4",BRANCH
0x000467b0,"PVGCOLOR::PVGCropFunctions::transcode(unsigned char const* const*, int const*, unsigned char* const*, int const*)",0x000467b8,"PVGCOLOR::PVGCropFunctions::transcode(unsigned char const* const*, int const*, unsigned char* const*, int const*)+0x147c4",BRANCH
0x00046da4,"PVGCOLOR::PVGCropFunctions::transcode(unsigned char const* const*, int const*, unsigned char* const*, int const*)",0x00046db0,"PVGCOLOR::PVGCropFunctions::transcode(unsigned char const* const*, int const*, unsigned char* const*, int const*)+0x14dbc",BRANCH
0x0004706c,"PVGCOLOR::PVGCropFunctions::transcode(unsigned char const* const*, int const*, unsigned char* const*, int const*)",0x00047074,"PVGCOLOR::PVGCropFunctions::transcode(unsigned char const* const*, int const*, unsigned char* const*, int const*)+0x15080",BRANCH
0x00047220,"PVGCOLOR::PVGCropFunctions::transcode(unsigned char const* const*, int const*, unsigned char* const*, int const*)",0x0004722c,"PVGCOLOR::PVGCropFunctions::transcode(unsigned char const* const*, int const*, unsigned char* const*, int const*)+0x15238",BRANCH
0x000474d8,"PVGCOLOR::PVGCropFunctions::transcode(unsigned char const* const*, int const*, unsigned char* const*, int const*)",0x000474e0,"PVGCOLOR::PVGCropFunctions::transcode(unsigned char const* const*, int const*, unsigned char* const*, int const*)+0x154ec",BRANCH
0x00047570,"PVGCOLOR::PVGCropFunctions::transcode(unsigned char const* const*, int const*, unsigned char* const*, int const*)",0x0004757c,"PVGCOLOR::PVGCropFunctions::transcode(unsigned char const* const*, int const*, unsigned char* const*, int const*)+0x15588",BRANCH
0x0004762c,"PVGCOLOR::PVGCropFunctions::transcode(unsigned char const* const*, int const*, unsigned char* const*, int const*)",0x00047634,"PVGCOLOR::PVGCropFunctions::transcode(unsigned char const* const*, int const*, unsigned char* const*, int const*)+0x15640",BRANCH
0x00047b30,"PVGCOLOR::PVGCropFunctions::transcode(unsigned char const* const*, int const*, unsigned char* const*, int const*)",0x00047b5c,"PVGCOLOR::PVGCropFunctions::transcode(unsigned char const* const*, int const*, unsigned char* const*, int const*)+0x15b68",BRANCH
0x00047b38,"PVGCOLOR::PVGCropFunctions::transcode(unsigned char const* const*, int const*, unsigned char* const*, int const*)",0x00047b8c,"PVGCOLOR::PVGCropFunctions::transcode(unsigned char const* const*, int const*, unsigned char* const*, int const*)+0x15b98",BRANCH
0x00047b44,"PVGCOLOR::PVGCropFunctions::transcode(unsigned char const* const*, int const*, unsigned char* const*, int const*)",0x00047b4c,"PVGCOLOR::PVGCropFunctions::transcode(unsigned char const* const*, int const*, unsigned char* const*, int const*)+0x15b58",BRANCH
0x00047b4c,"PVGCOLOR::PVGCropFunctions::transcode(unsigned char const* const*, int const*, unsigned char* const*, int const*)",0x00041574,"PVGCOLOR::PVGCropFunctions::transcode(unsigned char const* const*, int const*, unsigned char* const*, int const*)+0xf580",DIRECT_CALL
0x00047b60,"PVGCOLOR::PVGCropFunctions::transcode(unsigned char const* const*, int const*, unsigned char* const*, int const*)",0x00047bb4,"PVGCOLOR::PVGCropFunctions::transcode(unsigned char const* const*, int const*, unsigned char* const*, int const*)+0x15bc0",BRANCH
0x00047b68,"PVGCOLOR::PVGCropFunctions::transcode(unsigned char const* const*, int const*, unsigned char* const*, int const*)",0x00047c34,"PVGCOLOR::PVGCropFunctions::transcode(unsigned char const* const*, int const*, unsigned char* const*, int const*)+0x15c40",BRANCH
0x00047b70,"PVGCOLOR::PVGCropFunctions::transcode(unsigned char const* const*, int const*, unsigned char* const*, int const*)",0x00047be4,"PVGCOLOR::PVGCropFunctions::transcode(unsigned char const* const*, int const*, unsigned char* const*, int const*)+0x15bf0",BRANCH
0x00047b78,"PVGCOLOR::PVGCropFunctions::transcode(unsigned char const* const*, int const*, unsigned char* const*, int const*)",0x00047b4c,"PVGCOLOR::PVGCropFunctions::transcode(unsigned char const* const*, int const*, unsigned char* const*, int const*)+0x15b58",BRANCH
0x00047b7c,"PVGCOLOR::PVGCropFunctions::transcode(unsigned char const* const*, int const*, unsigned char* const*, int const*)",0x0003f550,"PVGCOLOR::PVGCropFunctions::transcode(unsigned char const* const*, int const*, unsigned char* const*, int const*)+0xd55c",DIRECT_CALL
0x00047b90,"PVGCOLOR::PVGCropFunctions::transcode(unsigned char const* const*, int const*, unsigned char* const*, int const*)",0x00047c44,"PVGCOLOR::PVGCropFunctions::transcode(unsigned char const* const*, int const*, unsigned char* const*, int const*)+0x15c50",BRANCH
0x00047b98,"PVGCOLOR::PVGCropFunctions::transcode(unsigned char const* const*, int const*, unsigned char* const*, int const*)",0x00047bf4,"PVGCOLOR::PVGCropFunctions::transcode(unsigned char const* const*, int const*, unsigned char* const*, int const*)+0x15c00",BRANCH
0x00047ba0,"PVGCOLOR::PVGCropFunctions::transcode(unsigned char const* const*, int const*, unsigned char* const*, int const*)",0x00047b4c,"PVGCOLOR::PVGCropFunctions::transcode(unsigned char const* const*, int const*, unsigned char* const*, int const*)+0x15b58",BRANCH
0x00047ba4,"PVGCOLOR::PVGCropFunctions::transcode(unsigned char const* const*, int const*, unsigned char* const*, int const*)",0x0003ee84,"PVGCOLOR::PVGCropFunctions::transcode(unsigned char const* const*, int const*, unsigned char* const*, int const*)+0xce90",DIRECT_CALL
0x00047bb8,"PVGCOLOR::PVGCropFunctions::transcode(unsigned char const* const*, int const*, unsigned char* const*, int const*)",0x00047bd4,"PVGCOLOR::PVGCropFunctions::transcode(unsigned char const* const*, int const*, unsigned char* const*, int const*)+0x15be0",BRANCH
0x00047bc0,"PVGCOLOR::PVGCropFunctions::transcode(unsigned char const* const*, int const*, unsigned char* const*, int const*)",0x00047b4c,"PVGCOLOR::PVGCropFunctions::transcode(unsigned char const* const*, int const*, unsigned char* const*, int const*)+0x15b58",BRANCH
0x00047bc4,"PVGCOLOR::PVGCropFunctions::transcode(unsigned char const* const*, int const*, unsigned char* const*, int const*)",0x000439c4,"PVGCOLOR::PVGCropFunctions::transcode(unsigned char const* const*, int const*, unsigned char* const*, int const*)+0x119d0",DIRECT_CALL
0x00047bd4,"PVGCOLOR::PVGCropFunctions::transcode(unsigned char const* const*, int const*, unsigned char* const*, int const*)",0x00043328,"PVGCOLOR::PVGCropFunctions::transcode(unsigned char const* const*, int const*, unsigned char* const*, int const*)+0x11334",DIRECT_CALL
0x00047be4,"PVGCOLOR::PVGCropFunctions::transcode(unsigned char const* const*, int const*, unsigned char* const*, int const*)",0x00040840,"PVGCOLOR::PVGCropFunctions::transcode(unsigned char const* const*, int const*, unsigned char* const*, int const*)+0xe84c",DIRECT_CALL
0x00047bfc,"PVGCOLOR::PVGCropFunctions::transcode(unsigned char const* const*, int const*, unsigned char* const*, int const*)",0x000429b8,"PVGCOLOR::PVGCropFunctions::transcode(unsigned char const* const*, int const*, unsigned char* const*, int const*)+0x109c4",DIRECT_CALL
0x00047c08,"PVGCOLOR::PVGCropFunctions::transcode(unsigned char const* const*, int const*, unsigned char* const*, int const*)",0x000429b8,"PVGCOLOR::PVGCropFunctions::transcode(unsigned char const* const*, int const*, unsigned char* const*, int const*)+0x109c4",DIRECT_CALL
0x00047c14,"PVGCOLOR::PVGCropFunctions::transcode(unsigned char const* const*, int const*, unsigned char* const*, int const*)",0x000429b8,"PVGCOLOR::PVGCropFunctions::transcode(unsigned char const* const*, int const*, unsigned char* const*, int const*)+0x109c4",DIRECT_CALL
0x00047c34,"PVGCOLOR::PVGCropFunctions::transcode(unsigned char const* const*, int const*, unsigned char* const*, int const*)",0x00044e28,"PVGCOLOR::PVGCropFunctions::transcode(unsigned char const* const*, int const*, unsigned char* const*, int const*)+0x12e34",DIRECT_CALL
0x00047c44,"PVGCOLOR::PVGCropFunctions::transcode(unsigned char const* const*, int const*, unsigned char* const*, int const*)",0x00041c38,"PVGCOLOR::PVGCropFunctions::transcode(unsigned char const* const*, int const*, unsigned char* const*, int const*)+0xfc44",DIRECT_CALL
0x00047c64,"PVGCOLOR::PVGCropFunctions::transcode(unsigned char const* const*, int const*, unsigned char* const*, int const*)",0x00047c90,"PVGCOLOR::PVGCropFunctions::transcode(unsigned char const* const*, int const*, unsigned char* const*, int const*)+0x15c9c",BRANCH
0x00047c6c,"PVGCOLOR::PVGCropFunctions::transcode(unsigned char const* const*, int const*, unsigned char* const*, int const*)",0x00047cc0,"PVGCOLOR::PVGCropFunctions::transcode(unsigned char const* const*, int const*, unsigned char* const*, int const*)+0x15ccc",BRANCH
0x00047c78,"PVGCOLOR::PVGCropFunctions::transcode(unsigned char const* const*, int const*, unsigned char* const*, int const*)",0x00047c80,"PVGCOLOR::PVGCropFunctions::transcode(unsigned char const* const*, int const*, unsigned char* const*, int const*)+0x15c8c",BRANCH
0x00047c80,"PVGCOLOR::PVGCropFunctions::transcode(unsigned char const* const*, int const*, unsigned char* const*, int const*)",0x00040e90,"PVGCOLOR::PVGCropFunctions::transcode(unsigned char const* const*, int const*, unsigned char* const*, int const*)+0xee9c",DIRECT_CALL
0x00047c94,"PVGCOLOR::PVGCropFunctions::transcode(unsigned char const* const*, int const*, unsigned char* const*, int const*)",0x00047ce8,"PVGCOLOR::PVGCropFunctions::transcode(unsigned char const* const*, int const*, unsigned char* const*, int const*)+0x15cf4",BRANCH
0x00047c9c,"PVGCOLOR::PVGCropFunctions::transcode(unsigned char const* const*, int const*, unsigned char* const*, int const*)",0x00047d10,"PVGCOLOR::PVGCropFunctions::transcode(unsigned char const* const*, int const*, unsigned char* const*, int const*)+0x15d1c",BRANCH
0x00047ca4,"PVGCOLOR::PVGCropFunctions::transcode(unsigned char const* const*, int const*, unsigned char* const*, int const*)",0x00047d40,"PVGCOLOR::PVGCropFunctions::transcode(unsigned char const* const*, int const*, unsigned char* const*, int const*)+0x15d4c",BRANCH
0x00047cac,"PVGCOLOR::PVGCropFunctions::transcode(unsigned char const* const*, int const*, unsigned char* const*, int const*)",0x00047c80,"PVGCOLOR::PVGCropFunctions::transcode(unsigned char const* const*, int const*, unsigned char* const*, int const*)+0x15c8c",BRANCH
0x00047cb0,"PVGCOLOR::PVGCropFunctions::transcode(unsigned char const* const*, int const*, unsigned char* const*, int const*)",0x000452cc,"PVGCOLOR::PVGCropFunctions::transcode(unsigned char const* const*, int const*, unsigned char* const*, int const*)+0x132d8",DIRECT_CALL
0x00047cc4,"PVGCOLOR::PVGCropFunctions::transcode(unsigned char const* const*, int const*, unsigned char* const*, int const*)",0x00047d20,"PVGCOLOR::PVGCropFunctions::transcode(unsigned char const* const*, int const*, unsigned char* const*, int const*)+0x15d2c",BRANCH
0x00047ccc,"PVGCOLOR::PVGCropFunctions::transcode(unsigned char const* const*, int const*, unsigned char* const*, int const*)",0x00047d50,"PVGCOLOR::PVGCropFunctions::transcode(unsigned char const* const*, int const*, unsigned char* const*, int const*)+0x15d5c",BRANCH
0x00047cd4,"PVGCOLOR::PVGCropFunctions::transcode(unsigned char const* const*, int const*, unsigned char* const*, int const*)",0x00047c80,"PVGCOLOR::PVGCropFunctions::transcode(unsigned char const* const*, int const*, unsigned char* const*, int const*)+0x15c8c",BRANCH
0x00047cd8,"PVGCOLOR::PVGCropFunctions::transcode(unsigned char const* const*, int const*, unsigned char* const*, int const*)",0x0003e780,"PVGCOLOR::PVGCropFunctions::transcode(unsigned char const* const*, int const*, unsigned char* const*, int const*)+0xc78c",DIRECT_CALL
0x00047cec,"PVGCOLOR::PVGCropFunctions::transcode(unsigned char const* const*, int const*, unsigned char* const*, int const*)",0x00047d30,"PVGCOLOR::PVGCropFunctions::transcode(unsigned char const* const*, int const*, unsigned char* const*, int const*)+0x15d3c",BRANCH
0x00047cf4,"PVGCOLOR::PVGCropFunctions::transcode(unsigned char const* const*, int const*, unsigned char* const*, int const*)",0x00047d90,"PVGCOLOR::PVGCropFunctions::transcode(unsigned char const* const*, int const*, unsigned char* const*, int const*)+0x15d9c",BRANCH
0x00047cfc,"PVGCOLOR::PVGCropFunctions::transcode(unsigned char const* const*, int const*, unsigned char* const*, int const*)",0x00047c80,"PVGCOLOR::PVGCropFunctions::transcode(unsigned char const* const*, int const*, unsigned char* const*, int const*)+0x15c8c",BRANCH
0x00047d00,"PVGCOLOR::PVGCropFunctions::transcode(unsigned char const* const*, int const*, unsigned char* const*, int const*)",0x0003fba0,"PVGCOLOR::PVGCropFunctions::transcode(unsigned char const* const*, int const*, unsigned char* const*, int const*)+0xdbac",DIRECT_CALL
0x00047d10,"PVGCOLOR::PVGCropFunctions::transcode(unsigned char const* const*, int const*, unsigned char* const*, int const*)",0x00044060,"PVGCOLOR::PVGCropFunctions::transcode(unsigned char const* const*, int const*, unsigned char* const*, int const*)+0x1206c",DIRECT_CALL
0x00047d20,"PVGCOLOR::PVGCropFunctions::transcode(unsigned char const* const*, int const*, unsigned char* const*, int const*)",0x000422d4,"PVGCOLOR::PVGCropFunctions::transcode(unsigned char const* const*, int const*, unsigned char* const*, int const*)+0x102e0",DIRECT_CALL
0x00047d30,"PVGCOLOR::PVGCropFunctions::transcode(unsigned char const* const*, int const*, unsigned char* const*, int const*)",0x000401f0,"PVGCOLOR::PVGCropFunctions::transcode(unsigned char const* const*, int const*, unsigned char* const*, int const*)+0xe1fc",DIRECT_CALL
0x00047d40,"PVGCOLOR::PVGCropFunctions::transcode(unsigned char const* const*, int const*, unsigned char* const*, int const*)",0x00044744,"PVGCOLOR::PVGCropFunctions::transcode(unsigned char const* const*, int const*, unsigned char* const*, int const*)+0x12750",DIRECT_CALL
0x00047d58,"PVGCOLOR::PVGCropFunctions::transcode(unsigned char const* const*, int const*, unsigned char* const*, int const*)",0x00042e60,"PVGCOLOR::PVGCropFunctions::transcode(unsigned char const* const*, int const*, unsigned char* const*, int const*)+0x10e6c",DIRECT_CALL
0x00047d64,"PVGCOLOR::PVGCropFunctions::transcode(unsigned char const* const*, int const*, unsigned char* const*, int const*)",0x00042e60,"PVGCOLOR::PVGCropFunctions::transcode(unsigned char const* const*, int const*, unsigned char* const*, int const*)+0x10e6c",DIRECT_CALL
0x00047d70,"PVGCOLOR::PVGCropFunctions::transcode(unsigned char const* const*, int const*, unsigned char* const*, int const*)",0x00042e60,"PVGCOLOR::PVGCropFunctions::transcode(unsigned char const* const*, int const*, unsigned char* const*, int const*)+0x10e6c",DIRECT_CALL
0x00047d90,"PVGCOLOR::PVGCropFunctions::transcode(unsigned char const* const*, int const*, unsigned char* const*, int const*)",0x00040840,"PVGCOLOR::PVGCropFunctions::transcode(unsigned char const* const*, int const*, unsigned char* const*, int const*)+0xe84c",DIRECT_CALL
0x00047db8,"PVGCOLOR::PVGCropFunctions::transcode(unsigned char const* const*, int const*, unsigned char* const*, int const*)",0x00047e60,"PVGCOLOR::PVGCropFunctions::transcode(unsigned char const* const*, int const*, unsigned char* const*, int const*)+0x15e6c",BRANCH
0x00047dc0,"PVGCOLOR::PVGCropFunctions::transcode(unsigned char const* const*, int const*, unsigned char* const*, int const*)",0x00047f6c,"PVGCOLOR::PVGCropFunctions::transcode(unsigned char const* const*, int const*, unsigned char* const*, int const*)+0x15f78",BRANCH
0x00047dc8,"PVGCOLOR::PVGCropFunctions::transcode(unsigned char const* const*, int const*, unsigned char* const*, int const*)",0x000482ec,"PVGCOLOR::PVGCropFunctions::transcode(unsigned char const* const*, int const*, unsigned char* const*, int const*)+0x162f8",BRANCH
0x00047dd0,"PVGCOLOR::PVGCropFunctions::transcode(unsigned char const* const*, int const*, unsigned char* const*, int const*)",0x00048108,"PVGCOLOR::PVGCropFunctions::transcode(unsigned char const* const*, int const*, unsigned char* const*, int const*)+0x16114",BRANCH
0x00047e14,"PVGCOLOR::PVGCropFunctions::transcode(unsigned char const* const*, int const*, unsigned char* const*, int const*)",0x00048344,"PVGCOLOR::PVGCropFunctions::transcode(unsigned char const* const*, int const*, unsigned char* const*, int const*)+0x16350",BRANCH
0x00047e5c,"PVGCOLOR::PVGCropFunctions::transcode(unsigned char const* const*, int const*, unsigned char* const*, int const*)",0x00048230,"PVGCOLOR::PVGCropFunctions::transcode(unsigned char const* const*, int const*, unsigned char* const*, int const*)+0x1623c",BRANCH
0x00047e64,"PVGCOLOR::PVGCropFunctions::transcode(unsigned char const* const*, int const*, unsigned char* const*, int const*)",0x00047f84,"PVGCOLOR::PVGCropFunctions::transcode(unsigned char const* const*, int const*, unsigned char* const*, int const*)+0x15f90",BRANCH
0x00047e6c,"PVGCOLOR::PVGCropFunctions::transcode(unsigned char const* const*, int const*, unsigned char* const*, int const*)",0x00048238,"PVGCOLOR::PVGCropFunctions::transcode(unsigned char const* const*, int const*, unsigned char* const*, int const*)+0x16244",BRANCH
0x00047e74,"PVGCOLOR::PVGCropFunctions::transcode(unsigned char const* const*, int const*, unsigned char* const*, int const*)",0x00048064,"PVGCOLOR::PVGCropFunctions::transcode(unsigned char const* const*, int const*, unsigned char* const*, int const*)+0x16070",BRANCH
0x00047eb8,"PVGCOLOR::PVGCropFunctions::transcode(unsigned char const* const*, int const*, unsigned char* const*, int const*)",0x00048344,"PVGCOLOR::PVGCropFunctions::transcode(unsigned char const* const*, int const*, unsigned char* const*, int const*)+0x16350",BRANCH
0x00047f68,"PVGCOLOR::PVGCropFunctions::transcode(unsigned char const* const*, int const*, unsigned char* const*, int const*)",0x00048338,"PVGCOLOR::PVGCropFunctions::transcode(unsigned char const* const*, int const*, unsigned char* const*, int const*)+0x16344",BRANCH
0x00047f70,"PVGCOLOR::PVGCropFunctions::transcode(unsigned char const* const*, int const*, unsigned char* const*, int const*)",0x000483b4,"PVGCOLOR::PVGCropFunctions::transcode(unsigned char const* const*, int const*, unsigned char* const*, int const*)+0x163c0",BRANCH
0x00047f78,"PVGCOLOR::PVGCropFunctions::transcode(unsigned char const* const*, int const*, unsigned char* const*, int const*)",0x000481c0,"PVGCOLOR::PVGCropFunctions::transcode(unsigned char const* const*, int const*, unsigned char* const*, int const*)+0x161cc",BRANCH
0x00047f80,"PVGCOLOR::PVGCropFunctions::transcode(unsigned char const* const*, int const*, unsigned char* const*, int const*)",0x00047f90,"PVGCOLOR::PVGCropFunctions::transcode(unsigned char const* const*, int const*, unsigned char* const*, int const*)+0x15f9c",BRANCH
0x00047f88,"PVGCOLOR::PVGCropFunctions::transcode(unsigned char const* const*, int const*, unsigned char* const*, int const*)",0x0004801c,"PVGCOLOR::PVGCropFunctions::transcode(unsigned char const* const*, int const*, unsigned char* const*, int const*)+0x16028",BRANCH
0x00047fcc,"PVGCOLOR::PVGCropFunctions::transcode(unsigned char const* const*, int const*, unsigned char* const*, int const*)",0x00048344,"PVGCOLOR::PVGCropFunctions::transcode(unsigned char const* const*, int const*, unsigned char* const*, int const*)+0x16350",BRANCH
0x00048018,"PVGCOLOR::PVGCropFunctions::transcode(unsigned char const* const*, int const*, unsigned char* const*, int const*)",0x00048344,"PVGCOLOR::PVGCropFunctions::transcode(unsigned char const* const*, int const*, unsigned char* const*, int const*)+0x16350",BRANCH
0x00048060,"PVGCOLOR::PVGCropFunctions::transcode(unsigned char const* const*, int const*, unsigned char* const*, int const*)",0x00048230,"PVGCOLOR::PVGCropFunctions::transcode(unsigned char const* const*, int const*, unsigned char* const*, int const*)+0x1623c",BRANCH
0x00048104,"PVGCOLOR::PVGCropFunctions::transcode(unsigned char const* const*, int const*, unsigned char* const*, int const*)",0x000481a4,"PVGCOLOR::PVGCropFunctions::transcode(unsigned char const* const*, int const*, unsigned char* const*, int const*)+0x161b0",BRANCH
0x000481bc,"PVGCOLOR::PVGCropFunctions::transcode(unsigned char const* const*, int const*, unsigned char* const*, int const*)",0x00048338,"PVGCOLOR::PVGCropFunctions::transcode(unsigned char const* const*, int const*, unsigned char* const*, int const*)+0x16344",BRANCH
0x00048234,"PVGCOLOR::PVGCropFunctions::transcode(unsigned char const* const*, int const*, unsigned char* const*, int const*)",0x00048338,"PVGCOLOR::PVGCropFunctions::transcode(unsigned char const* const*, int const*, unsigned char* const*, int const*)+0x16344",BRANCH
0x000482e8,"PVGCOLOR::PVGCropFunctions::transcode(unsigned char const* const*, int const*, unsigned char* const*, int const*)",0x00048338,"PVGCOLOR::PVGCropFunctions::transcode(unsigned char const* const*, int const*, unsigned char* const*, int const*)+0x16344",BRANCH
0x000483fc,"PVGCOLOR::PVGCropFunctions::transcode(unsigned char const* const*, int const*, unsigned char* const*, int const*)",0x00048344,"PVGCOLOR::PVGCropFunctions::transcode(unsigned char const* const*, int const*, unsigned char* const*, int const*)+0x16350",BRANCH
0x00048410,"PVGCOLOR::PVGCropFunctions::transcode(unsigned char const* const*, int const*, unsigned char* const*, int const*)",0x0004853c,"PVGCOLOR::PVGCropFunctions::transcode(unsigned char const* const*, int const*, unsigned char* const*, int const*)+0x16548",BRANCH
0x00048418,"PVGCOLOR::PVGCropFunctions::transcode(unsigned char const* const*, int const*, unsigned char* const*, int const*)",0x0004860c,"PVGCOLOR::PVGCropFunctions::transcode(unsigned char const* const*, int const*, unsigned char* const*, int const*)+0x16618",BRANCH
0x00048420,"PVGCOLOR::PVGCropFunctions::transcode(unsigned char const* const*, int const*, unsigned char* const*, int const*)",0x00048968,"PVGCOLOR::PVGCropFunctions::transcode(unsigned char const* const*, int const*, unsigned char* const*, int const*)+0x16974",BRANCH
0x00048428,"PVGCOLOR::PVGCropFunctions::transcode(unsigned char const* const*, int const*, unsigned char* const*, int const*)",0x00048b28,"PVGCOLOR::PVGCropFunctions::transcode(unsigned char const* const*, int const*, unsigned char* const*, int const*)+0x16b34",BRANCH
0x0004843c,"PVGCOLOR::PVGCropFunctions::transcode(unsigned char const* const*, int const*, unsigned char* const*, int const*)",0x00048b20,"PVGCOLOR::PVGCropFunctions::transcode(unsigned char const* const*, int const*, unsigned char* const*, int const*)+0x16b2c",BRANCH
0x00048540,"PVGCOLOR::PVGCropFunctions::transcode(unsigned char const* const*, int const*, unsigned char* const*, int const*)",0x000486e8,"PVGCOLOR::PVGCropFunctions::transcode(unsigned char const* const*, int const*, unsigned char* const*, int const*)+0x166f4",BRANCH
0x00048548,"PVGCOLOR::PVGCropFunctions::transcode(unsigned char const* const*, int const*, unsigned char* const*, int const*)",0x00048a74,"PVGCOLOR::PVGCropFunctions::transcode(unsigned char const* const*, int const*, unsigned char* const*, int const*)+0x16a80",BRANCH
0x00048550,"PVGCOLOR::PVGCropFunctions::transcode(unsigned char const* const*, int const*, unsigned char* const*, int const*)",0x00048c54,"PVGCOLOR::PVGCropFunctions::transcode(unsigned char const* const*, int const*, unsigned char* const*, int const*)+0x16c60",BRANCH
0x00048564,"PVGCOLOR::PVGCropFunctions::transcode(unsigned char const* const*, int const*, unsigned char* const*, int const*)",0x00048b20,"PVGCOLOR::PVGCropFunctions::transcode(unsigned char const* const*, int const*, unsigned char* const*, int const*)+0x16b2c",BRANCH
0x00048608,"PVGCOLOR::PVGCropFunctions::transcode(unsigned char const* const*, int const*, unsigned char* const*, int const*)",0x00048b1c,"PVGCOLOR::PVGCropFunctions::transcode(unsigned char const* const*, int const*, unsigned char* const*, int const*)+0x16b28",BRANCH
0x00048610,"PVGCOLOR::PVGCropFunctions::transcode(unsigned char const* const*, int const*, unsigned char* const*, int const*)",0x00048810,"PVGCOLOR::PVGCropFunctions::transcode(unsigned char const* const*, int const*, unsigned char* const*, int const*)+0x1681c",BRANCH
0x00048624,"PVGCOLOR::PVGCropFunctions::transcode(unsigned char const* const*, int const*, unsigned char* const*, int const*)",0x00048b20,"PVGCOLOR::PVGCropFunctions::transcode(unsigned char const* const*, int const*, unsigned char* const*, int const*)+0x16b2c",BRANCH
0x000486ec,"PVGCOLOR::PVGCropFunctions::transcode(unsigned char const* const*, int const*, unsigned char* const*, int const*)",0x000488bc,"PVGCOLOR::PVGCropFunctions::transcode(unsigned char const* const*, int const*, unsigned char* const*, int const*)+0x168c8",BRANCH
0x00048700,"PVGCOLOR::PVGCropFunctions::transcode(unsigned char const* const*, int const*, unsigned char* const*, int const*)",0x00048b20,"PVGCOLOR::PVGCropFunctions::transcode(unsigned char const* const*, int const*, unsigned char* const*, int const*)+0x16b2c",BRANCH
0x000488b8,"PVGCOLOR::PVGCropFunctions::transcode(unsigned char const* const*, int const*, unsigned char* const*, int const*)",0x00048b1c,"PVGCOLOR::PVGCropFunctions::transcode(unsigned char const* const*, int const*, unsigned char* const*, int const*)+0x16b28",BRANCH
0x00048d24,"PVGCOLOR::PVGCropFunctions::transcode(unsigned char const* const*, int const*, unsigned char* const*, int const*)",0x00048e14,"PVGCOLOR::PVGCropFunctions::transcode(unsigned char const* const*, int const*, unsigned char* const*, int const*)+0x16e20",BRANCH
0x00048d2c,"PVGCOLOR::PVGCropFunctions::transcode(unsigned char const* const*, int const*, unsigned char* const*, int const*)",0x00048f3c,"PVGCOLOR::PVGCropFunctions::transcode(unsigned char const* const*, int const*, unsigned char* const*, int const*)+0x16f48",BRANCH
0x00048d34,"PVGCOLOR::PVGCropFunctions::transcode(unsigned char const* const*, int const*, unsigned char* const*, int const*)",0x000490fc,"PVGCOLOR::PVGCropFunctions::transcode(unsigned char const* const*, int const*, unsigned char* const*, int const*)+0x17108",BRANCH
0x00048d3c,"PVGCOLOR::PVGCropFunctions::transcode(unsigned char const* const*, int const*, unsigned char* const*, int const*)",0x000493a4,"PVGCOLOR::PVGCropFunctions::transcode(unsigned char const* const*, int const*, unsigned char* const*, int const*)+0x173b0",BRANCH
0x00048e18,"PVGCOLOR::PVGCropFunctions::transcode(unsigned char const* const*, int const*, unsigned char* const*, int const*)",0x00049010,"PVGCOLOR::PVGCropFunctions::transcode(unsigned char const* const*, int const*, unsigned char* const*, int const*)+0x1701c",BRANCH
0x00048e20,"PVGCOLOR::PVGCropFunctions::transcode(unsigned char const* const*, int const*, unsigned char* const*, int const*)",0x000491cc,"PVGCOLOR::PVGCropFunctions::transcode(unsigned char const* const*, int const*, unsigned char* const*, int const*)+0x171d8",BRANCH
0x00048e28,"PVGCOLOR::PVGCropFunctions::transcode(unsigned char const* const*, int const*, unsigned char* const*, int const*)",0x000493a4,"PVGCOLOR::PVGCropFunctions::transcode(unsigned char const* const*, int const*, unsigned char* const*, int const*)+0x173b0",BRANCH
0x00048f40,"PVGCOLOR::PVGCropFunctions::transcode(unsigned char const* const*, int const*, unsigned char* const*, int const*)",0x0004925c,"PVGCOLOR::PVGCropFunctions::transcode(unsigned char const* const*, int const*, unsigned char* const*, int const*)+0x17268",BRANCH
0x00048f48,"PVGCOLOR::PVGCropFunctions::transcode(unsigned char const* const*, int const*, unsigned char* const*, int const*)",0x000493a4,"PVGCOLOR::PVGCropFunctions::transcode(unsigned char const* const*, int const*, unsigned char* const*, int const*)+0x173b0",BRANCH
0x00049014,"PVGCOLOR::PVGCropFunctions::transcode(unsigned char const* const*, int const*, unsigned char* const*, int const*)",0x00049328,"PVGCOLOR::PVGCropFunctions::transcode(unsigned char const* const*, int const*, unsigned char* const*, int const*)+0x17334",BRANCH
0x0004901c,"PVGCOLOR::PVGCropFunctions::transcode(unsigned char const* const*, int const*, unsigned char* const*, int const*)",0x000493a4,"PVGCOLOR::PVGCropFunctions::transcode(unsigned char const* const*, int const*, unsigned char* const*, int const*)+0x173b0",BRANCH
0x000493ac,"PVGCOLOR::PVGCropFunctions::transcode(unsigned char const* const*, int const*, unsigned char* const*, int const*)",0x000493e8,"PVGCOLOR::PVGCropFunctions::transcode(unsigned char const* const*, int const*, unsigned char* const*, int const*)+0x173f4",BRANCH
0x000493f0,"PVGCOLOR::PVGCropFunctions::transcode(unsigned char const* const*, int const*, unsigned char* const*, int const*)",0x00049434,"PVGCOLOR::PVGCropFunctions::transcode(unsigned char const* const*, int const*, unsigned char* const*, int const*)+0x17440",BRANCH
0x00049448,"PVGCOLOR::PVGCropFunctions::transcode(unsigned char const* const*, int const*, unsigned char* const*, int const*)",0x00049568,"PVGCOLOR::PVGCropFunctions::transcode(unsigned char const* const*, int const*, unsigned char* const*, int const*)+0x17574",BRANCH
0x00049450,"PVGCOLOR::PVGCropFunctions::transcode(unsigned char const* const*, int const*, unsigned char* const*, int const*)",0x00049644,"PVGCOLOR::PVGCropFunctions::transcode(unsigned char const* const*, int const*, unsigned char* const*, int const*)+0x17650",BRANCH
0x00049458,"PVGCOLOR::PVGCropFunctions::transcode(unsigned char const* const*, int const*, unsigned char* const*, int const*)",0x000497dc,"PVGCOLOR::PVGCropFunctions::transcode(unsigned char const* const*, int const*, unsigned char* const*, int const*)+0x177e8",BRANCH
0x00049460,"PVGCOLOR::PVGCropFunctions::transcode(unsigned char const* const*, int const*, unsigned char* const*, int const*)",0x00049b64,"PVGCOLOR::PVGCropFunctions::transcode(unsigned char const* const*, int const*, unsigned char* const*, int const*)+0x17b70",BRANCH
0x0004956c,"PVGCOLOR::PVGCropFunctions::transcode(unsigned char const* const*, int const*, unsigned char* const*, int const*)",0x0004971c,"PVGCOLOR::PVGCropFunctions::transcode(unsigned char const* const*, int const*, unsigned char* const*, int const*)+0x17728",BRANCH
0x00049574,"PVGCOLOR::PVGCropFunctions::transcode(unsigned char const* const*, int const*, unsigned char* const*, int const*)",0x000498d4,"PVGCOLOR::PVGCropFunctions::transcode(unsigned char const* const*, int const*, unsigned char* const*, int const*)+0x178e0",BRANCH
0x0004957c,"PVGCOLOR::PVGCropFunctions::transcode(unsigned char const* const*, int const*, unsigned char* const*, int const*)",0x00049b64,"PVGCOLOR::PVGCropFunctions::transcode(unsigned char const* const*, int const*, unsigned char* const*, int const*)+0x17b70",BRANCH
0x00049648,"PVGCOLOR::PVGCropFunctions::transcode(unsigned char const* const*, int const*, unsigned char* const*, int const*)",0x000499a0,"PVGCOLOR::PVGCropFunctions::transcode(unsigned char const* const*, int const*, unsigned char* const*, int const*)+0x179ac",BRANCH
0x00049650,"PVGCOLOR::PVGCropFunctions::transcode(unsigned char const* const*, int const*, unsigned char* const*, int const*)",0x00049b64,"PVGCOLOR::PVGCropFunctions::transcode(unsigned char const* const*, int const*, unsigned char* const*, int const*)+0x17b70",BRANCH
0x00049718,"PVGCOLOR::PVGCropFunctions::transcode(unsigned char const* const*, int const*, unsigned char* const*, int const*)",0x00049c04,"PVGCOLOR::PVGCropFunctions::transcode(unsigned char const* const*, int const*, unsigned char* const*, int const*)+0x17c10",BRANCH
0x00049720,"PVGCOLOR::PVGCropFunctions::transcode(unsigned char const* const*, int const*, unsigned char* const*, int const*)",0x00049ab0,"PVGCOLOR::PVGCropFunctions::transcode(unsigned char const* const*, int const*, unsigned char* const*, int const*)+0x17abc",BRANCH
0x00049728,"PVGCOLOR::PVGCropFunctions::transcode(unsigned char const* const*, int const*, unsigned char* const*, int const*)",0x00049b64,"PVGCOLOR::PVGCropFunctions::transcode(unsigned char const* const*, int const*, unsigned char* const*, int const*)+0x17b70",BRANCH
0x000498d0,"PVGCOLOR::PVGCropFunctions::transcode(unsigned char const* const*, int const*, unsigned char* const*, int const*)",0x00049a94,"PVGCOLOR::PVGCropFunctions::transcode(unsigned char const* const*, int const*, unsigned char* const*, int const*)+0x17aa0",BRANCH
0x00049b6c,"PVGCOLOR::PVGCropFunctions::transcode(unsigned char const* const*, int const*, unsigned char* const*, int const*)",0x00049c20,"PVGCOLOR::PVGCropFunctions::transcode(unsigned char const* const*, int const*, unsigned char* const*, int const*)+0x17c2c",BRANCH
0x00049c38,"PVGCOLOR::PVGCropFunctions::transcode(unsigned char const* const*, int const*, unsigned char* const*, int const*)",0x0004955c,"PVGCOLOR::PVGCropFunctions::transcode(unsigned char const* const*, int const*, unsigned char* const*, int const*)+0x17568",BRANCH
0x00049d34,"PVGCOLOR::PVGCropFunctions::transcode(unsigned char const* const*, int const*, unsigned char* const*, int const*)",0x00049dc4,"PVGCOLOR::PVGCropFunctions::transcode(unsigned char const* const*, int const*, unsigned char* const*, int const*)+0x17dd0",BRANCH
0x00049d3c,"PVGCOLOR::PVGCropFunctions::transcode(unsigned char const* const*, int const*, unsigned char* const*, int const*)",0x00049e98,"PVGCOLOR::PVGCropFunctions::transcode(unsigned char const* const*, int const*, unsigned char* const*, int const*)+0x17ea4",BRANCH
0x00049d44,"PVGCOLOR::PVGCropFunctions::transcode(unsigned char const* const*, int const*, unsigned char* const*, int const*)",0x0004a020,"PVGCOLOR::PVGCropFunctions::transcode(unsigned char const* const*, int const*, unsigned char* const*, int const*)+0x1802c",BRANCH
0x00049d4c,"PVGCOLOR::PVGCropFunctions::transcode(unsigned char const* const*, int const*, unsigned char* const*, int const*)",0x0004a0b4,"PVGCOLOR::PVGCropFunctions::transcode(unsigned char const* const*, int const*, unsigned char* const*, int const*)+0x180c0",BRANCH
0x00049d54,"PVGCOLOR::PVGCropFunctions::transcode(unsigned char const* const*, int const*, unsigned char* const*, int const*)",0x0004a388,"PVGCOLOR::PVGCropFunctions::transcode(unsigned char const* const*, int const*, unsigned char* const*, int const*)+0x18394",BRANCH
0x00049d74,"PVGCOLOR::PVGCropFunctions::transcode(unsigned char const* const*, int const*, unsigned char* const*, int const*)",0x0004a2f8,"PVGCOLOR::PVGCropFunctions::transcode(unsigned char const* const*, int const*, unsigned char* const*, int const*)+0x18304",BRANCH
0x00049d8c,"PVGCOLOR::PVGCropFunctions::transcode(unsigned char const* const*, int const*, unsigned char* const*, int const*)",0x0004a328,"PVGCOLOR::PVGCropFunctions::transcode(unsigned char const* const*, int const*, unsigned char* const*, int const*)+0x18334",BRANCH
0x00049da4,"PVGCOLOR::PVGCropFunctions::transcode(unsigned char const* const*, int const*, unsigned char* const*, int const*)",0x0004a358,"PVGCOLOR::PVGCropFunctions::transcode(unsigned char const* const*, int const*, unsigned char* const*, int const*)+0x18364",BRANCH
0x00049dbc,"PVGCOLOR::PVGCropFunctions::transcode(unsigned char const* const*, int const*, unsigned char* const*, int const*)",0x0004a388,"PVGCOLOR::PVGCropFunctions::transcode(unsigned char const* const*, int const*, unsigned char* const*, int const*)+0x18394",BRANCH
0x00049dc0,"PVGCOLOR::PVGCropFunctions::transcode(unsigned char const* const*, int const*, unsigned char* const*, int const*)",0x0004a38c,"PVGCOLOR::PVGCropFunctions::transcode(unsigned char const* const*, int const*, unsigned char* const*, int const*)+0x18398",BRANCH
0x00049dc8,"PVGCOLOR::PVGCropFunctions::transcode(unsigned char const* const*, int const*, unsigned char* const*, int const*)",0x00049e10,"PVGCOLOR::PVGCropFunctions::transcode(unsigned char const* const*, int const*, unsigned char* const*, int const*)+0x17e1c",BRANCH
0x00049dd0,"PVGCOLOR::PVGCropFunctions::transcode(unsigned char const* const*, int const*, unsigned char* const*, int const*)",0x00049f50,"PVGCOLOR::PVGCropFunctions::transcode(unsigned char const* const*, int const*, unsigned char* const*, int const*)+0x17f5c",BRANCH
0x00049dd8,"PVGCOLOR::PVGCropFunctions::transcode(unsigned char const* const*, int const*, unsigned char* const*, int const*)",0x0004a388,"PVGCOLOR::PVGCropFunctions::transcode(unsigned char const* const*, int const*, unsigned char* const*, int const*)+0x18394",BRANCH
0x00049ddc,"PVGCOLOR::PVGCropFunctions::transcode(unsigned char const* const*, int const*, unsigned char* const*, int const*)",N/A,"x8, 0xd000",ADRP_PAGE_REF
0x00049dec,"PVGCOLOR::PVGCropFunctions::transcode(unsigned char const* const*, int const*, unsigned char* const*, int const*)",N/A,"x8, 0xd000",ADRP_PAGE_REF
0x00049e14,"PVGCOLOR::PVGCropFunctions::transcode(unsigned char const* const*, int const*, unsigned char* const*, int const*)",0x00049fac,"PVGCOLOR::PVGCropFunctions::transcode(unsigned char const* const*, int const*, unsigned char* const*, int const*)+0x17fb8",BRANCH
0x00049e1c,"PVGCOLOR::PVGCropFunctions::transcode(unsigned char const* const*, int const*, unsigned char* const*, int const*)",0x0004a388,"PVGCOLOR::PVGCropFunctions::transcode(unsigned char const* const*, int const*, unsigned char* const*, int const*)+0x18394",BRANCH
0x00049e94,"PVGCOLOR::PVGCropFunctions::transcode(unsigned char const* const*, int const*, unsigned char* const*, int const*)",0x0004a388,"PVGCOLOR::PVGCropFunctions::transcode(unsigned char const* const*, int const*, unsigned char* const*, int const*)+0x18394",BRANCH
0x00049e9c,"PVGCOLOR::PVGCropFunctions::transcode(unsigned char const* const*, int const*, unsigned char* const*, int const*)",0x0004a050,"PVGCOLOR::PVGCropFunctions::transcode(unsigned char const* const*, int const*, unsigned char* const*, int const*)+0x1805c",BRANCH
0x00049ea4,"PVGCOLOR::PVGCropFunctions::transcode(unsigned char const* const*, int const*, unsigned char* const*, int const*)",0x0004a388,"PVGCOLOR::PVGCropFunctions::transcode(unsigned char const* const*, int const*, unsigned char* const*, int const*)+0x18394",BRANCH
0x00049f50,"PVGCOLOR::PVGCropFunctions::transcode(unsigned char const* const*, int const*, unsigned char* const*, int const*)",N/A,"x8, 0xd000",ADRP_PAGE_REF
0x00049f64,"PVGCOLOR::PVGCropFunctions::transcode(unsigned char const* const*, int const*, unsigned char* const*, int const*)",N/A,"x10, 0xe000",ADRP_PAGE_REF
0x0004a01c,"PVGCOLOR::PVGCropFunctions::transcode(unsigned char const* const*, int const*, unsigned char* const*, int const*)",0x0004a388,"PVGCOLOR::PVGCropFunctions::transcode(unsigned char const* const*, int const*, unsigned char* const*, int const*)+0x18394",BRANCH
0x0004a020,"PVGCOLOR::PVGCropFunctions::transcode(unsigned char const* const*, int const*, unsigned char* const*, int const*)",N/A,"x8, 0xd000",ADRP_PAGE_REF
0x0004a02c,"PVGCOLOR::PVGCropFunctions::transcode(unsigned char const* const*, int const*, unsigned char* const*, int const*)",N/A,"x8, 0xd000",ADRP_PAGE_REF
0x0004a0b0,"PVGCOLOR::PVGCropFunctions::transcode(unsigned char const* const*, int const*, unsigned char* const*, int const*)",0x0004a388,"PVGCOLOR::PVGCropFunctions::transcode(unsigned char const* const*, int const*, unsigned char* const*, int const*)+0x18394",BRANCH
0x0004a0b4,"PVGCOLOR::PVGCropFunctions::transcode(unsigned char const* const*, int const*, unsigned char* const*, int const*)",N/A,"x8, 0xd000",ADRP_PAGE_REF
0x0004a0bc,"PVGCOLOR::PVGCropFunctions::transcode(unsigned char const* const*, int const*, unsigned char* const*, int const*)",N/A,"x10, 0xe000",ADRP_PAGE_REF
0x0004a1a8,"PVGCOLOR::PVGCropFunctions::transcode(unsigned char const* const*, int const*, unsigned char* const*, int const*)",0x0004a388,"PVGCOLOR::PVGCropFunctions::transcode(unsigned char const* const*, int const*, unsigned char* const*, int const*)+0x18394",BRANCH
0x0004a324,"PVGCOLOR::PVGCropFunctions::transcode(unsigned char const* const*, int const*, unsigned char* const*, int const*)",0x00049d90,"PVGCOLOR::PVGCropFunctions::transcode(unsigned char const* const*, int const*, unsigned char* const*, int const*)+0x17d9c",BRANCH
0x0004a354,"PVGCOLOR::PVGCropFunctions::transcode(unsigned char const* const*, int const*, unsigned char* const*, int const*)",0x00049da8,"PVGCOLOR::PVGCropFunctions::transcode(unsigned char const* const*, int const*, unsigned char* const*, int const*)+0x17db4",BRANCH
0x0004a384,"PVGCOLOR::PVGCropFunctions::transcode(unsigned char const* const*, int const*, unsigned char* const*, int const*)",0x0004a38c,"PVGCOLOR::PVGCropFunctions::transcode(unsigned char const* const*, int const*, unsigned char* const*, int const*)+0x18398",BRANCH
0x0004a3b8,"PVGCOLOR::PVGCropFunctions::transcode(unsigned char const* const*, int const*, unsigned char* const*, int const*)",0x0004a42c,"PVGCOLOR::PVGCropFunctions::transcode(unsigned char const* const*, int const*, unsigned char* const*, int const*)+0x18438",BRANCH
0x0004a3c0,"PVGCOLOR::PVGCropFunctions::transcode(unsigned char const* const*, int const*, unsigned char* const*, int const*)",0x0004a538,"PVGCOLOR::PVGCropFunctions::transcode(unsigned char const* const*, int const*, unsigned char* const*, int const*)+0x18544",BRANCH
0x0004a3c8,"PVGCOLOR::PVGCropFunctions::transcode(unsigned char const* const*, int const*, unsigned char* const*, int const*)",0x0004a490,"PVGCOLOR::PVGCropFunctions::transcode(unsigned char const* const*, int const*, unsigned char* const*, int const*)+0x1849c",BRANCH
0x0004a430,"PVGCOLOR::PVGCropFunctions::transcode(unsigned char const* const*, int const*, unsigned char* const*, int const*)",0x0004a57c,"PVGCOLOR::PVGCropFunctions::transcode(unsigned char const* const*, int const*, unsigned char* const*, int const*)+0x18588",BRANCH
0x0004a438,"PVGCOLOR::PVGCropFunctions::transcode(unsigned char const* const*, int const*, unsigned char* const*, int const*)",0x0004a490,"PVGCOLOR::PVGCropFunctions::transcode(unsigned char const* const*, int const*, unsigned char* const*, int const*)+0x1849c",BRANCH
0x0004a498,"PVGCOLOR::PVGCropFunctions::transcode(unsigned char const* const*, int const*, unsigned char* const*, int const*)",0x0004a534,"PVGCOLOR::PVGCropFunctions::transcode(unsigned char const* const*, int const*, unsigned char* const*, int const*)+0x18540",BRANCH
0x0004a4b0,"PVGCOLOR::PVGCropFunctions::transcode(unsigned char const* const*, int const*, unsigned char* const*, int const*)",0x0004a788,"PVGCOLOR::PVGCropFunctions::transcode(unsigned char const* const*, int const*, unsigned char* const*, int const*)+0x18794",BRANCH
0x0004a4bc,"PVGCOLOR::PVGCropFunctions::transcode(unsigned char const* const*, int const*, unsigned char* const*, int const*)",0x0004a5c8,"PVGCOLOR::PVGCropFunctions::transcode(unsigned char const* const*, int const*, unsigned char* const*, int const*)+0x185d4",BRANCH
0x0004a53c,"PVGCOLOR::PVGCropFunctions::transcode(unsigned char const* const*, int const*, unsigned char* const*, int const*)",N/A,"x8, 0xe000",ADRP_PAGE_REF
0x0004a548,"PVGCOLOR::PVGCropFunctions::transcode(unsigned char const* const*, int const*, unsigned char* const*, int const*)",N/A,"x8, 0xd000",ADRP_PAGE_REF
0x0004a57c,"PVGCOLOR::PVGCropFunctions::transcode(unsigned char const* const*, int const*, unsigned char* const*, int const*)",N/A,"x8, 0xd000",ADRP_PAGE_REF
0x0004a588,"PVGCOLOR::PVGCropFunctions::transcode(unsigned char const* const*, int const*, unsigned char* const*, int const*)",N/A,"x8, 0xd000",ADRP_PAGE_REF
0x0004a594,"PVGCOLOR::PVGCropFunctions::transcode(unsigned char const* const*, int const*, unsigned char* const*, int const*)",N/A,"x8, 0xd000",ADRP_PAGE_REF
0x0004a5cc,"PVGCOLOR::PVGCropFunctions::transcode(unsigned char const* const*, int const*, unsigned char* const*, int const*)",0x0004a6cc,"PVGCOLOR::PVGCropFunctions::transcode(unsigned char const* const*, int const*, unsigned char* const*, int const*)+0x186d8",BRANCH
0x0004a630,"PVGCOLOR::PVGCropFunctions::transcode(unsigned char const* const*, int const*, unsigned char* const*, int const*)",0x0004aa14,"PVGCOLOR::PVGCropFunctions::transcode(unsigned char const* const*, int const*, unsigned char* const*, int const*)+0x18a20",BRANCH
0x0004a6d4,"PVGCOLOR::PVGCropFunctions::transcode(unsigned char const* const*, int const*, unsigned char* const*, int const*)",0x0004a88c,"PVGCOLOR::PVGCropFunctions::transcode(unsigned char const* const*, int const*, unsigned char* const*, int const*)+0x18898",BRANCH
0x0004a7fc,"PVGCOLOR::PVGCropFunctions::transcode(unsigned char const* const*, int const*, unsigned char* const*, int const*)",0x0004aa14,"PVGCOLOR::PVGCropFunctions::transcode(unsigned char const* const*, int const*, unsigned char* const*, int const*)+0x18a20",BRANCH
0x0004a888,"PVGCOLOR::PVGCropFunctions::transcode(unsigned char const* const*, int const*, unsigned char* const*, int const*)",0x0004aa14,"PVGCOLOR::PVGCropFunctions::transcode(unsigned char const* const*, int const*, unsigned char* const*, int const*)+0x18a20",BRANCH
0x0004a890,"PVGCOLOR::PVGCropFunctions::transcode(unsigned char const* const*, int const*, unsigned char* const*, int const*)",0x0004a534,"PVGCOLOR::PVGCropFunctions::transcode(unsigned char const* const*, int const*, unsigned char* const*, int const*)+0x18540",BRANCH
0x0004aa74,"PVGCOLOR::PVGCropFunctions::transcode(unsigned char const* const*, int const*, unsigned char* const*, int const*)",0x0004ab88,"PVGCOLOR::PVGCropFunctions::transcode(unsigned char const* const*, int const*, unsigned char* const*, int const*)+0x18b94",BRANCH
0x0004aa80,"PVGCOLOR::PVGCropFunctions::transcode(unsigned char const* const*, int const*, unsigned char* const*, int const*)",0x0004aae0,"PVGCOLOR::PVGCropFunctions::transcode(unsigned char const* const*, int const*, unsigned char* const*, int const*)+0x18aec",BRANCH
0x0004aa8c,"PVGCOLOR::PVGCropFunctions::transcode(unsigned char const* const*, int const*, unsigned char* const*, int const*)",0x0004ac24,"PVGCOLOR::PVGCropFunctions::transcode(unsigned char const* const*, int const*, unsigned char* const*, int const*)+0x18c30",BRANCH
0x0004aaa0,"PVGCOLOR::PVGCropFunctions::transcode(unsigned char const* const*, int const*, unsigned char* const*, int const*)",0x0004ab48,"PVGCOLOR::PVGCropFunctions::transcode(unsigned char const* const*, int const*, unsigned char* const*, int const*)+0x18b54",BRANCH
0x0004aaa8,"PVGCOLOR::PVGCropFunctions::transcode(unsigned char const* const*, int const*, unsigned char* const*, int const*)",0x0004ab88,"PVGCOLOR::PVGCropFunctions::transcode(unsigned char const* const*, int const*, unsigned char* const*, int const*)+0x18b94",BRANCH
0x0004aab0,"PVGCOLOR::PVGCropFunctions::transcode(unsigned char const* const*, int const*, unsigned char* const*, int const*)",0x0004ab88,"PVGCOLOR::PVGCropFunctions::transcode(unsigned char const* const*, int const*, unsigned char* const*, int const*)+0x18b94",BRANCH
0x0004aac0,"PVGCOLOR::PVGCropFunctions::transcode(unsigned char const* const*, int const*, unsigned char* const*, int const*)",0x0004ab88,"PVGCOLOR::PVGCropFunctions::transcode(unsigned char const* const*, int const*, unsigned char* const*, int const*)+0x18b94",BRANCH
0x0004aac8,"PVGCOLOR::PVGCropFunctions::transcode(unsigned char const* const*, int const*, unsigned char* const*, int const*)",0x0004ac00,"PVGCOLOR::PVGCropFunctions::transcode(unsigned char const* const*, int const*, unsigned char* const*, int const*)+0x18c0c",BRANCH
0x0004aad0,"PVGCOLOR::PVGCropFunctions::transcode(unsigned char const* const*, int const*, unsigned char* const*, int const*)",0x0004ab88,"PVGCOLOR::PVGCropFunctions::transcode(unsigned char const* const*, int const*, unsigned char* const*, int const*)+0x18b94",BRANCH
0x0004aad8,"PVGCOLOR::PVGCropFunctions::transcode(unsigned char const* const*, int const*, unsigned char* const*, int const*)",0x0004ab20,"PVGCOLOR::PVGCropFunctions::transcode(unsigned char const* const*, int const*, unsigned char* const*, int const*)+0x18b2c",BRANCH
0x0004aadc,"PVGCOLOR::PVGCropFunctions::transcode(unsigned char const* const*, int const*, unsigned char* const*, int const*)",0x0004ab88,"PVGCOLOR::PVGCropFunctions::transcode(unsigned char const* const*, int const*, unsigned char* const*, int const*)+0x18b94",BRANCH
0x0004aae4,"PVGCOLOR::PVGCropFunctions::transcode(unsigned char const* const*, int const*, unsigned char* const*, int const*)",0x0004ab74,"PVGCOLOR::PVGCropFunctions::transcode(unsigned char const* const*, int const*, unsigned char* const*, int const*)+0x18b80",BRANCH
0x0004aaec,"PVGCOLOR::PVGCropFunctions::transcode(unsigned char const* const*, int const*, unsigned char* const*, int const*)",0x0004ab54,"PVGCOLOR::PVGCropFunctions::transcode(unsigned char const* const*, int const*, unsigned char* const*, int const*)+0x18b60",BRANCH
0x0004aaf4,"PVGCOLOR::PVGCropFunctions::transcode(unsigned char const* const*, int const*, unsigned char* const*, int const*)",0x0004ac24,"PVGCOLOR::PVGCropFunctions::transcode(unsigned char const* const*, int const*, unsigned char* const*, int const*)+0x18c30",BRANCH
0x0004ab00,"PVGCOLOR::PVGCropFunctions::transcode(unsigned char const* const*, int const*, unsigned char* const*, int const*)",0x0004ab88,"PVGCOLOR::PVGCropFunctions::transcode(unsigned char const* const*, int const*, unsigned char* const*, int const*)+0x18b94",BRANCH
0x0004ab08,"PVGCOLOR::PVGCropFunctions::transcode(unsigned char const* const*, int const*, unsigned char* const*, int const*)",0x0004ab88,"PVGCOLOR::PVGCropFunctions::transcode(unsigned char const* const*, int const*, unsigned char* const*, int const*)+0x18b94",BRANCH
0x0004ab1c,"PVGCOLOR::PVGCropFunctions::transcode(unsigned char const* const*, int const*, unsigned char* const*, int const*)",0x0004ab88,"PVGCOLOR::PVGCropFunctions::transcode(unsigned char const* const*, int const*, unsigned char* const*, int const*)+0x18b94",BRANCH
0x0004ab44,"PVGCOLOR::PVGCropFunctions::transcode(unsigned char const* const*, int const*, unsigned char* const*, int const*)",0x0004b054,"PVGCOLOR::PVGCropFunctions::transcode(unsigned char const* const*, int const*, unsigned char* const*, int const*)+0x19060",BRANCH
0x0004ab50,"PVGCOLOR::PVGCropFunctions::transcode(unsigned char const* const*, int const*, unsigned char* const*, int const*)",0x0004ab6c,"PVGCOLOR::PVGCropFunctions::transcode(unsigned char const* const*, int const*, unsigned char* const*, int const*)+0x18b78",BRANCH
0x0004ab64,"PVGCOLOR::PVGCropFunctions::transcode(unsigned char const* const*, int const*, unsigned char* const*, int const*)",0x0004ab88,"PVGCOLOR::PVGCropFunctions::transcode(unsigned char const* const*, int const*, unsigned char* const*, int const*)+0x18b94",BRANCH
0x0004ab68,"PVGCOLOR::PVGCropFunctions::transcode(unsigned char const* const*, int const*, unsigned char* const*, int const*)",0x0004ac24,"PVGCOLOR::PVGCropFunctions::transcode(unsigned char const* const*, int const*, unsigned char* const*, int const*)+0x18c30",BRANCH
0x0004ab70,"PVGCOLOR::PVGCropFunctions::transcode(unsigned char const* const*, int const*, unsigned char* const*, int const*)",0x0004ac24,"PVGCOLOR::PVGCropFunctions::transcode(unsigned char const* const*, int const*, unsigned char* const*, int const*)+0x18c30",BRANCH
0x0004ab84,"PVGCOLOR::PVGCropFunctions::transcode(unsigned char const* const*, int const*, unsigned char* const*, int const*)",0x0004ac24,"PVGCOLOR::PVGCropFunctions::transcode(unsigned char const* const*, int const*, unsigned char* const*, int const*)+0x18c30",BRANCH
0x0004ab98,"PVGCOLOR::PVGCropFunctions::transcode(unsigned char const* const*, int const*, unsigned char* const*, int const*)",0x0004b828,"PVGCOLOR::PVGCropFunctions::transcode(unsigned char const* const*, int const*, unsigned char* const*, int const*)+0x19834",BRANCH
0x0004abb4,"PVGCOLOR::PVGCropFunctions::transcode(unsigned char const* const*, int const*, unsigned char* const*, int const*)",0x0004b850,"PVGCOLOR::PVGCropFunctions::transcode(unsigned char const* const*, int const*, unsigned char* const*, int const*)+0x1985c",BRANCH
0x0004abc0,"PVGCOLOR::PVGCropFunctions::transcode(unsigned char const* const*, int const*, unsigned char* const*, int const*)",N/A,"x2, 0xd000",ADRP_PAGE_REF
0x0004abc8,"PVGCOLOR::PVGCropFunctions::transcode(unsigned char const* const*, int const*, unsigned char* const*, int const*)",N/A,"x3, 0xb000",ADRP_PAGE_REF
0x0004abe4,"PVGCOLOR::PVGCropFunctions::transcode(unsigned char const* const*, int const*, unsigned char* const*, int const*)",0x00058f70,__android_log_print@plt,DIRECT_CALL
0x0004ac18,"PVGCOLOR::PVGCropFunctions::transcode(unsigned char const* const*, int const*, unsigned char* const*, int const*)",0x0004ab88,"PVGCOLOR::PVGCropFunctions::transcode(unsigned char const* const*, int const*, unsigned char* const*, int const*)+0x18b94",BRANCH
0x0004ac20,"PVGCOLOR::PVGCropFunctions::transcode(unsigned char const* const*, int const*, unsigned char* const*, int const*)",0x0004ab88,"PVGCOLOR::PVGCropFunctions::transcode(unsigned char const* const*, int const*, unsigned char* const*, int const*)+0x18b94",BRANCH
0x0004ac54,"PVGCOLOR::PVGCropFunctions::transcode(unsigned char const* const*, int const*, unsigned char* const*, int const*)",0x0004ad2c,"PVGCOLOR::PVGCropFunctions::transcode(unsigned char const* const*, int const*, unsigned char* const*, int const*)+0x18d38",BRANCH
0x0004ac5c,"PVGCOLOR::PVGCropFunctions::transcode(unsigned char const* const*, int const*, unsigned char* const*, int const*)",0x0004b054,"PVGCOLOR::PVGCropFunctions::transcode(unsigned char const* const*, int const*, unsigned char* const*, int const*)+0x19060",BRANCH
0x0004ac64,"PVGCOLOR::PVGCropFunctions::transcode(unsigned char const* const*, int const*, unsigned char* const*, int const*)",0x0004b560,"PVGCOLOR::PVGCropFunctions::transcode(unsigned char const* const*, int const*, unsigned char* const*, int const*)+0x1956c",BRANCH
0x0004ac6c,"PVGCOLOR::PVGCropFunctions::transcode(unsigned char const* const*, int const*, unsigned char* const*, int const*)",0x0004b828,"PVGCOLOR::PVGCropFunctions::transcode(unsigned char const* const*, int const*, unsigned char* const*, int const*)+0x19834",BRANCH
0x0004ad28,"PVGCOLOR::PVGCropFunctions::transcode(unsigned char const* const*, int const*, unsigned char* const*, int const*)",0x0004b550,"PVGCOLOR::PVGCropFunctions::transcode(unsigned char const* const*, int const*, unsigned char* const*, int const*)+0x1955c",BRANCH
0x0004ad30,"PVGCOLOR::PVGCropFunctions::transcode(unsigned char const* const*, int const*, unsigned char* const*, int const*)",0x0004afcc,"PVGCOLOR::PVGCropFunctions::transcode(unsigned char const* const*, int const*, unsigned char* const*, int const*)+0x18fd8",BRANCH
0x0004ad38,"PVGCOLOR::PVGCropFunctions::transcode(unsigned char const* const*, int const*, unsigned char* const*, int const*)",0x0004b494,"PVGCOLOR::PVGCropFunctions::transcode(unsigned char const* const*, int const*, unsigned char* const*, int const*)+0x194a0",BRANCH
0x0004ad40,"PVGCOLOR::PVGCropFunctions::transcode(unsigned char const* const*, int const*, unsigned char* const*, int const*)",0x0004b394,"PVGCOLOR::PVGCropFunctions::transcode(unsigned char const* const*, int const*, unsigned char* const*, int const*)+0x193a0",BRANCH
0x0004ad48,"PVGCOLOR::PVGCropFunctions::transcode(unsigned char const* const*, int const*, unsigned char* const*, int const*)",0x0004b828,"PVGCOLOR::PVGCropFunctions::transcode(unsigned char const* const*, int const*, unsigned char* const*, int const*)+0x19834",BRANCH
0x0004adac,"PVGCOLOR::PVGCropFunctions::transcode(unsigned char const* const*, int const*, unsigned char* const*, int const*)",0x0004add4,"PVGCOLOR::PVGCropFunctions::transcode(unsigned char const* const*, int const*, unsigned char* const*, int const*)+0x18de0",BRANCH
0x0004ae40,"PVGCOLOR::PVGCropFunctions::transcode(unsigned char const* const*, int const*, unsigned char* const*, int const*)",0x0004ae6c,"PVGCOLOR::PVGCropFunctions::transcode(unsigned char const* const*, int const*, unsigned char* const*, int const*)+0x18e78",BRANCH
0x0004aee4,"PVGCOLOR::PVGCropFunctions::transcode(unsigned char const* const*, int const*, unsigned char* const*, int const*)",0x0004af0c,"PVGCOLOR::PVGCropFunctions::transcode(unsigned char const* const*, int const*, unsigned char* const*, int const*)+0x18f18",BRANCH
0x0004af74,"PVGCOLOR::PVGCropFunctions::transcode(unsigned char const* const*, int const*, unsigned char* const*, int const*)",0x0004afa0,"PVGCOLOR::PVGCropFunctions::transcode(unsigned char const* const*, int const*, unsigned char* const*, int const*)+0x18fac",BRANCH
0x0004afc8,"PVGCOLOR::PVGCropFunctions::transcode(unsigned char const* const*, int const*, unsigned char* const*, int const*)",0x0004b828,"PVGCOLOR::PVGCropFunctions::transcode(unsigned char const* const*, int const*, unsigned char* const*, int const*)+0x19834",BRANCH
0x0004afd0,"PVGCOLOR::PVGCropFunctions::transcode(unsigned char const* const*, int const*, unsigned char* const*, int const*)",0x0004b054,"PVGCOLOR::PVGCropFunctions::transcode(unsigned char const* const*, int const*, unsigned char* const*, int const*)+0x19060",BRANCH
0x0004afd8,"PVGCOLOR::PVGCropFunctions::transcode(unsigned char const* const*, int const*, unsigned char* const*, int const*)",0x0004b828,"PVGCOLOR::PVGCropFunctions::transcode(unsigned char const* const*, int const*, unsigned char* const*, int const*)+0x19834",BRANCH
0x0004b050,"PVGCOLOR::PVGCropFunctions::transcode(unsigned char const* const*, int const*, unsigned char* const*, int const*)",0x0004b5d0,"PVGCOLOR::PVGCropFunctions::transcode(unsigned char const* const*, int const*, unsigned char* const*, int const*)+0x195dc",BRANCH
0x0004b05c,"PVGCOLOR::PVGCropFunctions::transcode(unsigned char const* const*, int const*, unsigned char* const*, int const*)",0x0004b0cc,"PVGCOLOR::PVGCropFunctions::transcode(unsigned char const* const*, int const*, unsigned char* const*, int const*)+0x190d8",BRANCH
0x0004b0c8,"PVGCOLOR::PVGCropFunctions::transcode(unsigned char const* const*, int const*, unsigned char* const*, int const*)",0x0004b140,"PVGCOLOR::PVGCropFunctions::transcode(unsigned char const* const*, int const*, unsigned char* const*, int const*)+0x1914c",BRANCH
0x0004b174,"PVGCOLOR::PVGCropFunctions::transcode(unsigned char const* const*, int const*, unsigned char* const*, int const*)",0x0004b1f0,"PVGCOLOR::PVGCropFunctions::transcode(unsigned char const* const*, int const*, unsigned char* const*, int const*)+0x191fc",BRANCH
0x0004b17c,"PVGCOLOR::PVGCropFunctions::transcode(unsigned char const* const*, int const*, unsigned char* const*, int const*)",0x0004b264,"PVGCOLOR::PVGCropFunctions::transcode(unsigned char const* const*, int const*, unsigned char* const*, int const*)+0x19270",BRANCH
0x0004b184,"PVGCOLOR::PVGCropFunctions::transcode(unsigned char const* const*, int const*, unsigned char* const*, int const*)",0x0004b2b4,"PVGCOLOR::PVGCropFunctions::transcode(unsigned char const* const*, int const*, unsigned char* const*, int const*)+0x192c0",BRANCH
0x0004b18c,"PVGCOLOR::PVGCropFunctions::transcode(unsigned char const* const*, int const*, unsigned char* const*, int const*)",0x0004b828,"PVGCOLOR::PVGCropFunctions::transcode(unsigned char const* const*, int const*, unsigned char* const*, int const*)+0x19834",BRANCH
0x0004b1ac,"PVGCOLOR::PVGCropFunctions::transcode(unsigned char const* const*, int const*, unsigned char* const*, int const*)",0x0004b79c,"PVGCOLOR::PVGCropFunctions::transcode(unsigned char const* const*, int const*, unsigned char* const*, int const*)+0x197a8",BRANCH
0x0004b1c0,"PVGCOLOR::PVGCropFunctions::transcode(unsigned char const* const*, int const*, unsigned char* const*, int const*)",0x0004b7c4,"PVGCOLOR::PVGCropFunctions::transcode(unsigned char const* const*, int const*, unsigned char* const*, int const*)+0x197d0",BRANCH
0x0004b1d4,"PVGCOLOR::PVGCropFunctions::transcode(unsigned char const* const*, int const*, unsigned char* const*, int const*)",0x0004b7ec,"PVGCOLOR::PVGCropFunctions::transcode(unsigned char const* const*, int const*, unsigned char* const*, int const*)+0x197f8",BRANCH
0x0004b1e8,"PVGCOLOR::PVGCropFunctions::transcode(unsigned char const* const*, int const*, unsigned char* const*, int const*)",0x0004b828,"PVGCOLOR::PVGCropFunctions::transcode(unsigned char const* const*, int const*, unsigned char* const*, int const*)+0x19834",BRANCH
0x0004b1ec,"PVGCOLOR::PVGCropFunctions::transcode(unsigned char const* const*, int const*, unsigned char* const*, int const*)",0x0004b814,"PVGCOLOR::PVGCropFunctions::transcode(unsigned char const* const*, int const*, unsigned char* const*, int const*)+0x19820",BRANCH
0x0004b1f4,"PVGCOLOR::PVGCropFunctions::transcode(unsigned char const* const*, int const*, unsigned char* const*, int const*)",0x0004b334,"PVGCOLOR::PVGCropFunctions::transcode(unsigned char const* const*, int const*, unsigned char* const*, int const*)+0x19340",BRANCH
0x0004b1fc,"PVGCOLOR::PVGCropFunctions::transcode(unsigned char const* const*, int const*, unsigned char* const*, int const*)",0x0004b828,"PVGCOLOR::PVGCropFunctions::transcode(unsigned char const* const*, int const*, unsigned char* const*, int const*)+0x19834",BRANCH
0x0004b260,"PVGCOLOR::PVGCropFunctions::transcode(unsigned char const* const*, int const*, unsigned char* const*, int const*)",0x0004b828,"PVGCOLOR::PVGCropFunctions::transcode(unsigned char const* const*, int const*, unsigned char* const*, int const*)+0x19834",BRANCH
0x0004b2b0,"PVGCOLOR::PVGCropFunctions::transcode(unsigned char const* const*, int const*, unsigned char* const*, int const*)",0x0004b828,"PVGCOLOR::PVGCropFunctions::transcode(unsigned char const* const*, int const*, unsigned char* const*, int const*)+0x19834",BRANCH
0x0004b330,"PVGCOLOR::PVGCropFunctions::transcode(unsigned char const* const*, int const*, unsigned char* const*, int const*)",0x0004b828,"PVGCOLOR::PVGCropFunctions::transcode(unsigned char const* const*, int const*, unsigned char* const*, int const*)+0x19834",BRANCH
0x0004b390,"PVGCOLOR::PVGCropFunctions::transcode(unsigned char const* const*, int const*, unsigned char* const*, int const*)",0x0004b828,"PVGCOLOR::PVGCropFunctions::transcode(unsigned char const* const*, int const*, unsigned char* const*, int const*)+0x19834",BRANCH
0x0004b490,"PVGCOLOR::PVGCropFunctions::transcode(unsigned char const* const*, int const*, unsigned char* const*, int const*)",0x0004b828,"PVGCOLOR::PVGCropFunctions::transcode(unsigned char const* const*, int const*, unsigned char* const*, int const*)+0x19834",BRANCH
0x0004b55c,"PVGCOLOR::PVGCropFunctions::transcode(unsigned char const* const*, int const*, unsigned char* const*, int const*)",0x0004b828,"PVGCOLOR::PVGCropFunctions::transcode(unsigned char const* const*, int const*, unsigned char* const*, int const*)+0x19834",BRANCH
0x0004b614,"PVGCOLOR::PVGCropFunctions::transcode(unsigned char const* const*, int const*, unsigned char* const*, int const*)",0x0004b828,"PVGCOLOR::PVGCropFunctions::transcode(unsigned char const* const*, int const*, unsigned char* const*, int const*)+0x19834",BRANCH
0x0004b698,"PVGCOLOR::PVGCropFunctions::transcode(unsigned char const* const*, int const*, unsigned char* const*, int const*)",0x0004b828,"PVGCOLOR::PVGCropFunctions::transcode(unsigned char const* const*, int const*, unsigned char* const*, int const*)+0x19834",BRANCH
0x0004b718,"PVGCOLOR::PVGCropFunctions::transcode(unsigned char const* const*, int const*, unsigned char* const*, int const*)",0x0004b828,"PVGCOLOR::PVGCropFunctions::transcode(unsigned char const* const*, int const*, unsigned char* const*, int const*)+0x19834",BRANCH
0x0004b798,"PVGCOLOR::PVGCropFunctions::transcode(unsigned char const* const*, int const*, unsigned char* const*, int const*)",0x0004b818,"PVGCOLOR::PVGCropFunctions::transcode(unsigned char const* const*, int const*, unsigned char* const*, int const*)+0x19824",BRANCH
0x0004b7c0,"PVGCOLOR::PVGCropFunctions::transcode(unsigned char const* const*, int const*, unsigned char* const*, int const*)",0x0004b1c4,"PVGCOLOR::PVGCropFunctions::transcode(unsigned char const* const*, int const*, unsigned char* const*, int const*)+0x191d0",BRANCH
0x0004b7e8,"PVGCOLOR::PVGCropFunctions::transcode(unsigned char const* const*, int const*, unsigned char* const*, int const*)",0x0004b1d8,"PVGCOLOR::PVGCropFunctions::transcode(unsigned char const* const*, int const*, unsigned char* const*, int const*)+0x191e4",BRANCH
0x0004b810,"PVGCOLOR::PVGCropFunctions::transcode(unsigned char const* const*, int const*, unsigned char* const*, int const*)",0x0004b828,"PVGCOLOR::PVGCropFunctions::transcode(unsigned char const* const*, int const*, unsigned char* const*, int const*)+0x19834",BRANCH
0x0004b834,"PVGCOLOR::PVGCropFunctions::transcode(unsigned char const* const*, int const*, unsigned char* const*, int const*)",0x0004b850,"PVGCOLOR::PVGCropFunctions::transcode(unsigned char const* const*, int const*, unsigned char* const*, int const*)+0x1985c",BRANCH
0x0004b850,"PVGCOLOR::PVGCropFunctions::transcode(unsigned char const* const*, int const*, unsigned char* const*, int const*)",0x00058cb0,__stack_chk_fail@plt,DIRECT_CALL
0x0004b8a8,"PVGCOLOR::PVGCropFunctions::transcode(unsigned char const* const*, int const*, unsigned char* const*, int const*)",0x0004ba78,"PVGCOLOR::PVGCropFunctions::transcode(unsigned char const* const*, int const*, unsigned char* const*, int const*)+0x19a84",BRANCH
0x0004b8b4,"PVGCOLOR::PVGCropFunctions::transcode(unsigned char const* const*, int const*, unsigned char* const*, int const*)",0x0004c448,"PVGCOLOR::PVGCropFunctions::transcode(unsigned char const* const*, int const*, unsigned char* const*, int const*)+0x1a454",BRANCH
0x0004b8d8,"PVGCOLOR::PVGCropFunctions::transcode(unsigned char const* const*, int const*, unsigned char* const*, int const*)",0x0004b91c,"PVGCOLOR::PVGCropFunctions::transcode(unsigned char const* const*, int const*, unsigned char* const*, int const*)+0x19928",BRANCH
0x0004b8e0,"PVGCOLOR::PVGCropFunctions::transcode(unsigned char const* const*, int const*, unsigned char* const*, int const*)",0x0004ba78,"PVGCOLOR::PVGCropFunctions::transcode(unsigned char const* const*, int const*, unsigned char* const*, int const*)+0x19a84",BRANCH
0x0004b8e8,"PVGCOLOR::PVGCropFunctions::transcode(unsigned char const* const*, int const*, unsigned char* const*, int const*)",0x0004ba78,"PVGCOLOR::PVGCropFunctions::transcode(unsigned char const* const*, int const*, unsigned char* const*, int const*)+0x19a84",BRANCH
0x0004b8f8,"PVGCOLOR::PVGCropFunctions::transcode(unsigned char const* const*, int const*, unsigned char* const*, int const*)",0x0004ba78,"PVGCOLOR::PVGCropFunctions::transcode(unsigned char const* const*, int const*, unsigned char* const*, int const*)+0x19a84",BRANCH
0x0004b904,"PVGCOLOR::PVGCropFunctions::transcode(unsigned char const* const*, int const*, unsigned char* const*, int const*)",0x0004b94c,"PVGCOLOR::PVGCropFunctions::transcode(unsigned char const* const*, int const*, unsigned char* const*, int const*)+0x19958",BRANCH
0x0004b90c,"PVGCOLOR::PVGCropFunctions::transcode(unsigned char const* const*, int const*, unsigned char* const*, int const*)",0x0004ba78,"PVGCOLOR::PVGCropFunctions::transcode(unsigned char const* const*, int const*, unsigned char* const*, int const*)+0x19a84",BRANCH
0x0004b914,"PVGCOLOR::PVGCropFunctions::transcode(unsigned char const* const*, int const*, unsigned char* const*, int const*)",0x0004b9d4,"PVGCOLOR::PVGCropFunctions::transcode(unsigned char const* const*, int const*, unsigned char* const*, int const*)+0x199e0",BRANCH
0x0004b918,"PVGCOLOR::PVGCropFunctions::transcode(unsigned char const* const*, int const*, unsigned char* const*, int const*)",0x0004ba78,"PVGCOLOR::PVGCropFunctions::transcode(unsigned char const* const*, int const*, unsigned char* const*, int const*)+0x19a84",BRANCH
0x0004b920,"PVGCOLOR::PVGCropFunctions::transcode(unsigned char const* const*, int const*, unsigned char* const*, int const*)",0x0004b988,"PVGCOLOR::PVGCropFunctions::transcode(unsigned char const* const*, int const*, unsigned char* const*, int const*)+0x19994",BRANCH
0x0004b930,"PVGCOLOR::PVGCropFunctions::transcode(unsigned char const* const*, int const*, unsigned char* const*, int const*)",0x0004c448,"PVGCOLOR::PVGCropFunctions::transcode(unsigned char const* const*, int const*, unsigned char* const*, int const*)+0x1a454",BRANCH
0x0004b944,"PVGCOLOR::PVGCropFunctions::transcode(unsigned char const* const*, int const*, unsigned char* const*, int const*)",0x0004b9d4,"PVGCOLOR::PVGCropFunctions::transcode(unsigned char const* const*, int const*, unsigned char* const*, int const*)+0x199e0",BRANCH
0x0004b948,"PVGCOLOR::PVGCropFunctions::transcode(unsigned char const* const*, int const*, unsigned char* const*, int const*)",0x0004ba78,"PVGCOLOR::PVGCropFunctions::transcode(unsigned char const* const*, int const*, unsigned char* const*, int const*)+0x19a84",BRANCH
0x0004b954,"PVGCOLOR::PVGCropFunctions::transcode(unsigned char const* const*, int const*, unsigned char* const*, int const*)",0x0004b9a0,"PVGCOLOR::PVGCropFunctions::transcode(unsigned char const* const*, int const*, unsigned char* const*, int const*)+0x199ac",BRANCH
0x0004b95c,"PVGCOLOR::PVGCropFunctions::transcode(unsigned char const* const*, int const*, unsigned char* const*, int const*)",0x0004b9b8,"PVGCOLOR::PVGCropFunctions::transcode(unsigned char const* const*, int const*, unsigned char* const*, int const*)+0x199c4",BRANCH
0x0004b968,"PVGCOLOR::PVGCropFunctions::transcode(unsigned char const* const*, int const*, unsigned char* const*, int const*)",0x0004ba78,"PVGCOLOR::PVGCropFunctions::transcode(unsigned char const* const*, int const*, unsigned char* const*, int const*)+0x19a84",BRANCH
0x0004b970,"PVGCOLOR::PVGCropFunctions::transcode(unsigned char const* const*, int const*, unsigned char* const*, int const*)",0x0004ba78,"PVGCOLOR::PVGCropFunctions::transcode(unsigned char const* const*, int const*, unsigned char* const*, int const*)+0x19a84",BRANCH
0x0004b978,"PVGCOLOR::PVGCropFunctions::transcode(unsigned char const* const*, int const*, unsigned char* const*, int const*)",0x0004ba78,"PVGCOLOR::PVGCropFunctions::transcode(unsigned char const* const*, int const*, unsigned char* const*, int const*)+0x19a84",BRANCH
0x0004b980,"PVGCOLOR::PVGCropFunctions::transcode(unsigned char const* const*, int const*, unsigned char* const*, int const*)",0x0004b9d4,"PVGCOLOR::PVGCropFunctions::transcode(unsigned char const* const*, int const*, unsigned char* const*, int const*)+0x199e0",BRANCH
0x0004b984,"PVGCOLOR::PVGCropFunctions::transcode(unsigned char const* const*, int const*, unsigned char* const*, int const*)",0x0004ba78,"PVGCOLOR::PVGCropFunctions::transcode(unsigned char const* const*, int const*, unsigned char* const*, int const*)+0x19a84",BRANCH
0x0004b998,"PVGCOLOR::PVGCropFunctions::transcode(unsigned char const* const*, int const*, unsigned char* const*, int const*)",0x0004b9d4,"PVGCOLOR::PVGCropFunctions::transcode(unsigned char const* const*, int const*, unsigned char* const*, int const*)+0x199e0",BRANCH
0x0004b99c,"PVGCOLOR::PVGCropFunctions::transcode(unsigned char const* const*, int const*, unsigned char* const*, int const*)",0x0004ba78,"PVGCOLOR::PVGCropFunctions::transcode(unsigned char const* const*, int const*, unsigned char* const*, int const*)+0x19a84",BRANCH
0x0004b9b0,"PVGCOLOR::PVGCropFunctions::transcode(unsigned char const* const*, int const*, unsigned char* const*, int const*)",0x0004b9d4,"PVGCOLOR::PVGCropFunctions::transcode(unsigned char const* const*, int const*, unsigned char* const*, int const*)+0x199e0",BRANCH
0x0004b9b4,"PVGCOLOR::PVGCropFunctions::transcode(unsigned char const* const*, int const*, unsigned char* const*, int const*)",0x0004ba78,"PVGCOLOR::PVGCropFunctions::transcode(unsigned char const* const*, int const*, unsigned char* const*, int const*)+0x19a84",BRANCH
0x0004b9c8,"PVGCOLOR::PVGCropFunctions::transcode(unsigned char const* const*, int const*, unsigned char* const*, int const*)",0x0004ba78,"PVGCOLOR::PVGCropFunctions::transcode(unsigned char const* const*, int const*, unsigned char* const*, int const*)+0x19a84",BRANCH
0x0004b9d0,"PVGCOLOR::PVGCropFunctions::transcode(unsigned char const* const*, int const*, unsigned char* const*, int const*)",0x0004ba78,"PVGCOLOR::PVGCropFunctions::transcode(unsigned char const* const*, int const*, unsigned char* const*, int const*)+0x19a84",BRANCH
0x0004b9d8,"PVGCOLOR::PVGCropFunctions::transcode(unsigned char const* const*, int const*, unsigned char* const*, int const*)",0x0004bad0,"PVGCOLOR::PVGCropFunctions::transcode(unsigned char const* const*, int const*, unsigned char* const*, int const*)+0x19adc",BRANCH
0x0004b9e0,"PVGCOLOR::PVGCropFunctions::transcode(unsigned char const* const*, int const*, unsigned char* const*, int const*)",0x0004bb7c,"PVGCOLOR::PVGCropFunctions::transcode(unsigned char const* const*, int const*, unsigned char* const*, int const*)+0x19b88",BRANCH
0x0004b9e8,"PVGCOLOR::PVGCropFunctions::transcode(unsigned char const* const*, int const*, unsigned char* const*, int const*)",0x0004c448,"PVGCOLOR::PVGCropFunctions::transcode(unsigned char const* const*, int const*, unsigned char* const*, int const*)+0x1a454",BRANCH
0x0004ba74,"PVGCOLOR::PVGCropFunctions::transcode(unsigned char const* const*, int const*, unsigned char* const*, int const*)",0x0004c3c0,"PVGCOLOR::PVGCropFunctions::transcode(unsigned char const* const*, int const*, unsigned char* const*, int const*)+0x1a3cc",BRANCH
0x0004ba78,"PVGCOLOR::PVGCropFunctions::transcode(unsigned char const* const*, int const*, unsigned char* const*, int const*)",N/A,"x8, 0x5f000 <typeinfo for std::__ndk1::__function::__base<void (int)>+0x78>",ADRP_PAGE_REF
0x0004ba88,"PVGCOLOR::PVGCropFunctions::transcode(unsigned char const* const*, int const*, unsigned char* const*, int const*)",0x0004c448,"PVGCOLOR::PVGCropFunctions::transcode(unsigned char const* const*, int const*, unsigned char* const*, int const*)+0x1a454",BRANCH
0x0004ba8c,"PVGCOLOR::PVGCropFunctions::transcode(unsigned char const* const*, int const*, unsigned char* const*, int const*)",N/A,"x8, 0x5f000 <typeinfo for std::__ndk1::__function::__base<void (int)>+0x78>",ADRP_PAGE_REF
0x0004ba9c,"PVGCOLOR::PVGCropFunctions::transcode(unsigned char const* const*, int const*, unsigned char* const*, int const*)",N/A,"x2, 0xc000",ADRP_PAGE_REF
0x0004baa4,"PVGCOLOR::PVGCropFunctions::transcode(unsigned char const* const*, int const*, unsigned char* const*, int const*)",N/A,"x3, 0xd000",ADRP_PAGE_REF
0x0004bac8,"PVGCOLOR::PVGCropFunctions::transcode(unsigned char const* const*, int const*, unsigned char* const*, int const*)",0x00058f70,__android_log_print@plt,DIRECT_CALL
0x0004bacc,"PVGCOLOR::PVGCropFunctions::transcode(unsigned char const* const*, int const*, unsigned char* const*, int const*)",0x0004c448,"PVGCOLOR::PVGCropFunctions::transcode(unsigned char const* const*, int const*, unsigned char* const*, int const*)+0x1a454",BRANCH
0x0004bad4,"PVGCOLOR::PVGCropFunctions::transcode(unsigned char const* const*, int const*, unsigned char* const*, int const*)",0x0004bb70,"PVGCOLOR::PVGCropFunctions::transcode(unsigned char const* const*, int const*, unsigned char* const*, int const*)+0x19b7c",BRANCH
0x0004badc,"PVGCOLOR::PVGCropFunctions::transcode(unsigned char const* const*, int const*, unsigned char* const*, int const*)",0x0004c330,"PVGCOLOR::PVGCropFunctions::transcode(unsigned char const* const*, int const*, unsigned char* const*, int const*)+0x1a33c",BRANCH
0x0004bae4,"PVGCOLOR::PVGCropFunctions::transcode(unsigned char const* const*, int const*, unsigned char* const*, int const*)",0x0004c3cc,"PVGCOLOR::PVGCropFunctions::transcode(unsigned char const* const*, int const*, unsigned char* const*, int const*)+0x1a3d8",BRANCH
0x0004baec,"PVGCOLOR::PVGCropFunctions::transcode(unsigned char const* const*, int const*, unsigned char* const*, int const*)",0x0004c448,"PVGCOLOR::PVGCropFunctions::transcode(unsigned char const* const*, int const*, unsigned char* const*, int const*)+0x1a454",BRANCH
0x0004bb6c,"PVGCOLOR::PVGCropFunctions::transcode(unsigned char const* const*, int const*, unsigned char* const*, int const*)",0x0004c440,"PVGCOLOR::PVGCropFunctions::transcode(unsigned char const* const*, int const*, unsigned char* const*, int const*)+0x1a44c",BRANCH
0x0004bb78,"PVGCOLOR::PVGCropFunctions::transcode(unsigned char const* const*, int const*, unsigned char* const*, int const*)",0x0004c448,"PVGCOLOR::PVGCropFunctions::transcode(unsigned char const* const*, int const*, unsigned char* const*, int const*)+0x1a454",BRANCH
0x0004bb84,"PVGCOLOR::PVGCropFunctions::transcode(unsigned char const* const*, int const*, unsigned char* const*, int const*)",0x0004bb98,"PVGCOLOR::PVGCropFunctions::transcode(unsigned char const* const*, int const*, unsigned char* const*, int const*)+0x19ba4",BRANCH
0x0004bb94,"PVGCOLOR::PVGCropFunctions::transcode(unsigned char const* const*, int const*, unsigned char* const*, int const*)",0x0004bb9c,"PVGCOLOR::PVGCropFunctions::transcode(unsigned char const* const*, int const*, unsigned char* const*, int const*)+0x19ba8",BRANCH
0x0004bbc0,"PVGCOLOR::PVGCropFunctions::transcode(unsigned char const* const*, int const*, unsigned char* const*, int const*)",0x0004bd04,"PVGCOLOR::PVGCropFunctions::transcode(unsigned char const* const*, int const*, unsigned char* const*, int const*)+0x19d10",BRANCH
0x0004bbd0,"PVGCOLOR::PVGCropFunctions::transcode(unsigned char const* const*, int const*, unsigned char* const*, int const*)",0x00058eb0,ldexpf@plt,DIRECT_CALL
0x0004bbe4,"PVGCOLOR::PVGCropFunctions::transcode(unsigned char const* const*, int const*, unsigned char* const*, int const*)",0x00058eb0,ldexpf@plt,DIRECT_CALL
0x0004bc20,"PVGCOLOR::PVGCropFunctions::transcode(unsigned char const* const*, int const*, unsigned char* const*, int const*)",0x00058eb0,ldexpf@plt,DIRECT_CALL
0x0004bc30,"PVGCOLOR::PVGCropFunctions::transcode(unsigned char const* const*, int const*, unsigned char* const*, int const*)",0x00058eb0,ldexpf@plt,DIRECT_CALL
0x0004bc70,"PVGCOLOR::PVGCropFunctions::transcode(unsigned char const* const*, int const*, unsigned char* const*, int const*)",0x00058eb0,ldexpf@plt,DIRECT_CALL
0x0004bc80,"PVGCOLOR::PVGCropFunctions::transcode(unsigned char const* const*, int const*, unsigned char* const*, int const*)",0x00058eb0,ldexpf@plt,DIRECT_CALL
0x0004bcc0,"PVGCOLOR::PVGCropFunctions::transcode(unsigned char const* const*, int const*, unsigned char* const*, int const*)",0x00058eb0,ldexpf@plt,DIRECT_CALL
0x0004bcd0,"PVGCOLOR::PVGCropFunctions::transcode(unsigned char const* const*, int const*, unsigned char* const*, int const*)",0x00058eb0,ldexpf@plt,DIRECT_CALL
0x0004bd00,"PVGCOLOR::PVGCropFunctions::transcode(unsigned char const* const*, int const*, unsigned char* const*, int const*)",0x0004be78,"PVGCOLOR::PVGCropFunctions::transcode(unsigned char const* const*, int const*, unsigned char* const*, int const*)+0x19e84",BRANCH
0x0004bd10,"PVGCOLOR::PVGCropFunctions::transcode(unsigned char const* const*, int const*, unsigned char* const*, int const*)",0x00058eb0,ldexpf@plt,DIRECT_CALL
0x0004bd80,"PVGCOLOR::PVGCropFunctions::transcode(unsigned char const* const*, int const*, unsigned char* const*, int const*)",0x00058eb0,ldexpf@plt,DIRECT_CALL
0x0004bdd8,"PVGCOLOR::PVGCropFunctions::transcode(unsigned char const* const*, int const*, unsigned char* const*, int const*)",0x00058eb0,ldexpf@plt,DIRECT_CALL
0x0004be30,"PVGCOLOR::PVGCropFunctions::transcode(unsigned char const* const*, int const*, unsigned char* const*, int const*)",0x00058eb0,ldexpf@plt,DIRECT_CALL
0x0004bebc,"PVGCOLOR::PVGCropFunctions::transcode(unsigned char const* const*, int const*, unsigned char* const*, int const*)",0x0004bf74,"PVGCOLOR::PVGCropFunctions::transcode(unsigned char const* const*, int const*, unsigned char* const*, int const*)+0x19f80",BRANCH
0x0004bec4,"PVGCOLOR::PVGCropFunctions::transcode(unsigned char const* const*, int const*, unsigned char* const*, int const*)",0x0004c158,"PVGCOLOR::PVGCropFunctions::transcode(unsigned char const* const*, int const*, unsigned char* const*, int const*)+0x1a164",BRANCH
0x0004becc,"PVGCOLOR::PVGCropFunctions::transcode(unsigned char const* const*, int const*, unsigned char* const*, int const*)",0x0004bffc,"PVGCOLOR::PVGCropFunctions::transcode(unsigned char const* const*, int const*, unsigned char* const*, int const*)+0x1a008",BRANCH
0x0004bf70,"PVGCOLOR::PVGCropFunctions::transcode(unsigned char const* const*, int const*, unsigned char* const*, int const*)",0x0004c0f4,"PVGCOLOR::PVGCropFunctions::transcode(unsigned char const* const*, int const*, unsigned char* const*, int const*)+0x1a100",BRANCH
0x0004bf78,"PVGCOLOR::PVGCropFunctions::transcode(unsigned char const* const*, int const*, unsigned char* const*, int const*)",0x0004c1e4,"PVGCOLOR::PVGCropFunctions::transcode(unsigned char const* const*, int const*, unsigned char* const*, int const*)+0x1a1f0",BRANCH
0x0004bf80,"PVGCOLOR::PVGCropFunctions::transcode(unsigned char const* const*, int const*, unsigned char* const*, int const*)",0x0004bffc,"PVGCOLOR::PVGCropFunctions::transcode(unsigned char const* const*, int const*, unsigned char* const*, int const*)+0x1a008",BRANCH
0x0004bff8,"PVGCOLOR::PVGCropFunctions::transcode(unsigned char const* const*, int const*, unsigned char* const*, int const*)",0x0004c148,"PVGCOLOR::PVGCropFunctions::transcode(unsigned char const* const*, int const*, unsigned char* const*, int const*)+0x1a154",BRANCH
0x0004c004,"PVGCOLOR::PVGCropFunctions::transcode(unsigned char const* const*, int const*, unsigned char* const*, int const*)",0x0004c478,"PVGCOLOR::PVGCropFunctions::transcode(unsigned char const* const*, int const*, unsigned char* const*, int const*)+0x1a484",BRANCH
0x0004c090,"PVGCOLOR::PVGCropFunctions::transcode(unsigned char const* const*, int const*, unsigned char* const*, int const*)",0x0004c448,"PVGCOLOR::PVGCropFunctions::transcode(unsigned char const* const*, int const*, unsigned char* const*, int const*)+0x1a454",BRANCH
0x0004c100,"PVGCOLOR::PVGCropFunctions::transcode(unsigned char const* const*, int const*, unsigned char* const*, int const*)",0x0004c320,"PVGCOLOR::PVGCropFunctions::transcode(unsigned char const* const*, int const*, unsigned char* const*, int const*)+0x1a32c",BRANCH
0x0004c154,"PVGCOLOR::PVGCropFunctions::transcode(unsigned char const* const*, int const*, unsigned char* const*, int const*)",0x0004c2c4,"PVGCOLOR::PVGCropFunctions::transcode(unsigned char const* const*, int const*, unsigned char* const*, int const*)+0x1a2d0",BRANCH
0x0004c1e0,"PVGCOLOR::PVGCropFunctions::transcode(unsigned char const* const*, int const*, unsigned char* const*, int const*)",0x0004c2b8,"PVGCOLOR::PVGCropFunctions::transcode(unsigned char const* const*, int const*, unsigned char* const*, int const*)+0x1a2c4",BRANCH
0x0004c264,"PVGCOLOR::PVGCropFunctions::transcode(unsigned char const* const*, int const*, unsigned char* const*, int const*)",0x0004c31c,"PVGCOLOR::PVGCropFunctions::transcode(unsigned char const* const*, int const*, unsigned char* const*, int const*)+0x1a328",BRANCH
0x0004c2cc,"PVGCOLOR::PVGCropFunctions::transcode(unsigned char const* const*, int const*, unsigned char* const*, int const*)",0x0004c448,"PVGCOLOR::PVGCropFunctions::transcode(unsigned char const* const*, int const*, unsigned char* const*, int const*)+0x1a454",BRANCH
0x0004c32c,"PVGCOLOR::PVGCropFunctions::transcode(unsigned char const* const*, int const*, unsigned char* const*, int const*)",0x0004c448,"PVGCOLOR::PVGCropFunctions::transcode(unsigned char const* const*, int const*, unsigned char* const*, int const*)+0x1a454",BRANCH
0x0004c3c8,"PVGCOLOR::PVGCropFunctions::transcode(unsigned char const* const*, int const*, unsigned char* const*, int const*)",0x0004c448,"PVGCOLOR::PVGCropFunctions::transcode(unsigned char const* const*, int const*, unsigned char* const*, int const*)+0x1a454",BRANCH
0x0004c480,"PVGCOLOR::PVGCropFunctions::transcode(unsigned char const* const*, int const*, unsigned char* const*, int const*)",0x0004c448,"PVGCOLOR::PVGCropFunctions::transcode(unsigned char const* const*, int const*, unsigned char* const*, int const*)+0x1a454",BRANCH
0x0004c548,"PVGCOLOR::PVGCropFunctions::transcode(unsigned char const* const*, int const*, unsigned char* const*, int const*)",0x0004c448,"PVGCOLOR::PVGCropFunctions::transcode(unsigned char const* const*, int const*, unsigned char* const*, int const*)+0x1a454",BRANCH
0x0004c588,"PVGCOLOR::PVGCropFunctions::transcode(unsigned char const* const*, int const*, unsigned char* const*, int const*)",0x0002790c,PVGCOLOR::getVersion()+0x5cc4,DIRECT_CALL
0x0004c58c,"PVGCOLOR::PVGCropFunctions::transcode(unsigned char const* const*, int const*, unsigned char* const*, int const*)",N/A,"x1, 0xd000",ADRP_PAGE_REF
0x0004c59c,"PVGCOLOR::PVGCropFunctions::transcode(unsigned char const* const*, int const*, unsigned char* const*, int const*)",0x00021ec8,PVGCOLOR::getVersion()+0x280,DIRECT_CALL
0x0004c5a0,"PVGCOLOR::PVGCropFunctions::transcode(unsigned char const* const*, int const*, unsigned char* const*, int const*)",N/A,"x8, 0x64000",ADRP_PAGE_REF
0x0004c5b0,"PVGCOLOR::PVGCropFunctions::transcode(unsigned char const* const*, int const*, unsigned char* const*, int const*)",0x00058d50,_ZNSt6__ndk113basic_ostreamIcNS_11char_traitsIcEEElsEi@plt,DIRECT_CALL
0x0004c5c0,"PVGCOLOR::PVGCropFunctions::transcode(unsigned char const* const*, int const*, unsigned char* const*, int const*)",0x00058d60,_ZNKSt6__ndk115basic_stringbufIcNS_11char_traitsIcEENS_9allocatorIcEEE3strEv@plt,DIRECT_CALL
0x0004c5c8,"PVGCOLOR::PVGCropFunctions::transcode(unsigned char const* const*, int const*, unsigned char* const*, int const*)",0x00058c80,_Znwm@plt,DIRECT_CALL
0x0004c5d0,"PVGCOLOR::PVGCropFunctions::transcode(unsigned char const* const*, int const*, unsigned char* const*, int const*)",N/A,"x8, 0xd000",ADRP_PAGE_REF
0x0004c600,"PVGCOLOR::PVGCropFunctions::transcode(unsigned char const* const*, int const*, unsigned char* const*, int const*)",0x0004c610,"PVGCOLOR::PVGCropFunctions::transcode(unsigned char const* const*, int const*, unsigned char* const*, int const*)+0x1a61c",BRANCH
0x0004c60c,"PVGCOLOR::PVGCropFunctions::transcode(unsigned char const* const*, int const*, unsigned char* const*, int const*)",0x00023024,PVGCOLOR::getVersion()+0x13dc,DIRECT_CALL
0x0004c62c,"PVGCOLOR::PVGCropFunctions::transcode(unsigned char const* const*, int const*, unsigned char* const*, int const*)",0x0004c644,"PVGCOLOR::PVGCropFunctions::transcode(unsigned char const* const*, int const*, unsigned char* const*, int const*)+0x1a650",BRANCH
0x0004c634,"PVGCOLOR::PVGCropFunctions::transcode(unsigned char const* const*, int const*, unsigned char* const*, int const*)",0x0004c654,"PVGCOLOR::PVGCropFunctions::transcode(unsigned char const* const*, int const*, unsigned char* const*, int const*)+0x1a660",BRANCH
0x0004c63c,"PVGCOLOR::PVGCropFunctions::transcode(unsigned char const* const*, int const*, unsigned char* const*, int const*)",0x0004c670,"PVGCOLOR::PVGCropFunctions::transcode(unsigned char const* const*, int const*, unsigned char* const*, int const*)+0x1a67c",BRANCH
0x0004c640,"PVGCOLOR::PVGCropFunctions::transcode(unsigned char const* const*, int const*, unsigned char* const*, int const*)",0x0004c72c,"PVGCOLOR::PVGCropFunctions::transcode(unsigned char const* const*, int const*, unsigned char* const*, int const*)+0x1a738",BRANCH
0x0004c648,"PVGCOLOR::PVGCropFunctions::transcode(unsigned char const* const*, int const*, unsigned char* const*, int const*)",0x0004c670,"PVGCOLOR::PVGCropFunctions::transcode(unsigned char const* const*, int const*, unsigned char* const*, int const*)+0x1a67c",BRANCH
0x0004c650,"PVGCOLOR::PVGCropFunctions::transcode(unsigned char const* const*, int const*, unsigned char* const*, int const*)",0x0004c72c,"PVGCOLOR::PVGCropFunctions::transcode(unsigned char const* const*, int const*, unsigned char* const*, int const*)+0x1a738",BRANCH
0x0004c660,"PVGCOLOR::PVGCropFunctions::transcode(unsigned char const* const*, int const*, unsigned char* const*, int const*)",0x00059150,_ZN8PVGCOLOR8PVGXSimd6mallocEm@plt,DIRECT_CALL
0x0004c66c,"PVGCOLOR::PVGCropFunctions::transcode(unsigned char const* const*, int const*, unsigned char* const*, int const*)",0x0004c684,"PVGCOLOR::PVGCropFunctions::transcode(unsigned char const* const*, int const*, unsigned char* const*, int const*)+0x1a690",BRANCH
0x0004c678,"PVGCOLOR::PVGCropFunctions::transcode(unsigned char const* const*, int const*, unsigned char* const*, int const*)",0x00059150,_ZN8PVGCOLOR8PVGXSimd6mallocEm@plt,DIRECT_CALL
0x0004c69c,"PVGCOLOR::PVGCropFunctions::transcode(unsigned char const* const*, int const*, unsigned char* const*, int const*)",0x00058c20,_ZdlPv@plt,DIRECT_CALL
0x0004c6a0,"PVGCOLOR::PVGCropFunctions::transcode(unsigned char const* const*, int const*, unsigned char* const*, int const*)",N/A,"x20, 0x5f000 <typeinfo for std::__ndk1::__function::__base<void (int)>+0x78>",ADRP_PAGE_REF
0x0004c6c0,"PVGCOLOR::PVGCropFunctions::transcode(unsigned char const* const*, int const*, unsigned char* const*, int const*)",N/A,"x8, 0x5f000 <typeinfo for std::__ndk1::__function::__base<void (int)>+0x78>",ADRP_PAGE_REF
0x0004c6dc,"PVGCOLOR::PVGCropFunctions::transcode(unsigned char const* const*, int const*, unsigned char* const*, int const*)",0x00058c20,_ZdlPv@plt,DIRECT_CALL
0x0004c6e4,"PVGCOLOR::PVGCropFunctions::transcode(unsigned char const* const*, int const*, unsigned char* const*, int const*)",0x00058d70,_ZNSt6__ndk115basic_streambufIcNS_11char_traitsIcEEED2Ev@plt,DIRECT_CALL
0x0004c6f0,"PVGCOLOR::PVGCropFunctions::transcode(unsigned char const* const*, int const*, unsigned char* const*, int const*)",0x00058f30,_ZNSt6__ndk114basic_iostreamIcNS_11char_traitsIcEEED2Ev@plt,DIRECT_CALL
0x0004c6f8,"PVGCOLOR::PVGCropFunctions::transcode(unsigned char const* const*, int const*, unsigned char* const*, int const*)",0x00058d90,_ZNSt6__ndk19basic_iosIcNS_11char_traitsIcEEED2Ev@plt,DIRECT_CALL
0x0004c708,"PVGCOLOR::PVGCropFunctions::transcode(unsigned char const* const*, int const*, unsigned char* const*, int const*)",0x0004cba8,"PVGCOLOR::PVGCropFunctions::transcode(unsigned char const* const*, int const*, unsigned char* const*, int const*)+0x1abb4",BRANCH
0x0004c734,"PVGCOLOR::PVGCropFunctions::transcode(unsigned char const* const*, int const*, unsigned char* const*, int const*)",0x0004c760,"PVGCOLOR::PVGCropFunctions::transcode(unsigned char const* const*, int const*, unsigned char* const*, int const*)+0x1a76c",BRANCH
0x0004c748,"PVGCOLOR::PVGCropFunctions::transcode(unsigned char const* const*, int const*, unsigned char* const*, int const*)",0x00059150,_ZN8PVGCOLOR8PVGXSimd6mallocEm@plt,DIRECT_CALL
0x0004c75c,"PVGCOLOR::PVGCropFunctions::transcode(unsigned char const* const*, int const*, unsigned char* const*, int const*)",0x0004c688,"PVGCOLOR::PVGCropFunctions::transcode(unsigned char const* const*, int const*, unsigned char* const*, int const*)+0x1a694",BRANCH
0x0004c768,"PVGCOLOR::PVGCropFunctions::transcode(unsigned char const* const*, int const*, unsigned char* const*, int const*)",0x0004c784,"PVGCOLOR::PVGCropFunctions::transcode(unsigned char const* const*, int const*, unsigned char* const*, int const*)+0x1a790",BRANCH
0x0004c774,"PVGCOLOR::PVGCropFunctions::transcode(unsigned char const* const*, int const*, unsigned char* const*, int const*)",0x00059150,_ZN8PVGCOLOR8PVGXSimd6mallocEm@plt,DIRECT_CALL
0x0004c780,"PVGCOLOR::PVGCropFunctions::transcode(unsigned char const* const*, int const*, unsigned char* const*, int const*)",0x0004c684,"PVGCOLOR::PVGCropFunctions::transcode(unsigned char const* const*, int const*, unsigned char* const*, int const*)+0x1a690",BRANCH
0x0004c788,"PVGCOLOR::PVGCropFunctions::transcode(unsigned char const* const*, int const*, unsigned char* const*, int const*)",0x0004c804,"PVGCOLOR::PVGCropFunctions::transcode(unsigned char const* const*, int const*, unsigned char* const*, int const*)+0x1a810",BRANCH
0x0004c790,"PVGCOLOR::PVGCropFunctions::transcode(unsigned char const* const*, int const*, unsigned char* const*, int const*)",0x0004c85c,"PVGCOLOR::PVGCropFunctions::transcode(unsigned char const* const*, int const*, unsigned char* const*, int const*)+0x1a868",BRANCH
0x0004c798,"PVGCOLOR::PVGCropFunctions::transcode(unsigned char const* const*, int const*, unsigned char* const*, int const*)",0x0004c948,"PVGCOLOR::PVGCropFunctions::transcode(unsigned char const* const*, int const*, unsigned char* const*, int const*)+0x1a954",BRANCH
0x0004c7a0,"PVGCOLOR::PVGCropFunctions::transcode(unsigned char const* const*, int const*, unsigned char* const*, int const*)",0x0004c8e4,"PVGCOLOR::PVGCropFunctions::transcode(unsigned char const* const*, int const*, unsigned char* const*, int const*)+0x1a8f0",BRANCH
0x0004c7b0,"PVGCOLOR::PVGCropFunctions::transcode(unsigned char const* const*, int const*, unsigned char* const*, int const*)",0x00059150,_ZN8PVGCOLOR8PVGXSimd6mallocEm@plt,DIRECT_CALL
0x0004c7e4,"PVGCOLOR::PVGCropFunctions::transcode(unsigned char const* const*, int const*, unsigned char* const*, int const*)",0x00059150,_ZN8PVGCOLOR8PVGXSimd6mallocEm@plt,DIRECT_CALL
0x0004c7f0,"PVGCOLOR::PVGCropFunctions::transcode(unsigned char const* const*, int const*, unsigned char* const*, int const*)",0x00059150,_ZN8PVGCOLOR8PVGXSimd6mallocEm@plt,DIRECT_CALL
0x0004c800,"PVGCOLOR::PVGCropFunctions::transcode(unsigned char const* const*, int const*, unsigned char* const*, int const*)",0x0004ca14,"PVGCOLOR::PVGCropFunctions::transcode(unsigned char const* const*, int const*, unsigned char* const*, int const*)+0x1aa20",BRANCH
0x0004c808,"PVGCOLOR::PVGCropFunctions::transcode(unsigned char const* const*, int const*, unsigned char* const*, int const*)",0x0004c898,"PVGCOLOR::PVGCropFunctions::transcode(unsigned char const* const*, int const*, unsigned char* const*, int const*)+0x1a8a4",BRANCH
0x0004c810,"PVGCOLOR::PVGCropFunctions::transcode(unsigned char const* const*, int const*, unsigned char* const*, int const*)",0x0004c9c0,"PVGCOLOR::PVGCropFunctions::transcode(unsigned char const* const*, int const*, unsigned char* const*, int const*)+0x1a9cc",BRANCH
0x0004c818,"PVGCOLOR::PVGCropFunctions::transcode(unsigned char const* const*, int const*, unsigned char* const*, int const*)",0x0004c8e4,"PVGCOLOR::PVGCropFunctions::transcode(unsigned char const* const*, int const*, unsigned char* const*, int const*)+0x1a8f0",BRANCH
0x0004c824,"PVGCOLOR::PVGCropFunctions::transcode(unsigned char const* const*, int const*, unsigned char* const*, int const*)",0x00059150,_ZN8PVGCOLOR8PVGXSimd6mallocEm@plt,DIRECT_CALL
0x0004c848,"PVGCOLOR::PVGCropFunctions::transcode(unsigned char const* const*, int const*, unsigned char* const*, int const*)",0x00059150,_ZN8PVGCOLOR8PVGXSimd6mallocEm@plt,DIRECT_CALL
0x0004c854,"PVGCOLOR::PVGCropFunctions::transcode(unsigned char const* const*, int const*, unsigned char* const*, int const*)",0x00059150,_ZN8PVGCOLOR8PVGXSimd6mallocEm@plt,DIRECT_CALL
0x0004c858,"PVGCOLOR::PVGCropFunctions::transcode(unsigned char const* const*, int const*, unsigned char* const*, int const*)",0x0004ca0c,"PVGCOLOR::PVGCropFunctions::transcode(unsigned char const* const*, int const*, unsigned char* const*, int const*)+0x1aa18",BRANCH
0x0004c860,"PVGCOLOR::PVGCropFunctions::transcode(unsigned char const* const*, int const*, unsigned char* const*, int const*)",0x0004c980,"PVGCOLOR::PVGCropFunctions::transcode(unsigned char const* const*, int const*, unsigned char* const*, int const*)+0x1a98c",BRANCH
0x0004c868,"PVGCOLOR::PVGCropFunctions::transcode(unsigned char const* const*, int const*, unsigned char* const*, int const*)",0x0004c8e4,"PVGCOLOR::PVGCropFunctions::transcode(unsigned char const* const*, int const*, unsigned char* const*, int const*)+0x1a8f0",BRANCH
0x0004c878,"PVGCOLOR::PVGCropFunctions::transcode(unsigned char const* const*, int const*, unsigned char* const*, int const*)",0x00059150,_ZN8PVGCOLOR8PVGXSimd6mallocEm@plt,DIRECT_CALL
0x0004c884,"PVGCOLOR::PVGCropFunctions::transcode(unsigned char const* const*, int const*, unsigned char* const*, int const*)",0x00059150,_ZN8PVGCOLOR8PVGXSimd6mallocEm@plt,DIRECT_CALL
0x0004c890,"PVGCOLOR::PVGCropFunctions::transcode(unsigned char const* const*, int const*, unsigned char* const*, int const*)",0x00059150,_ZN8PVGCOLOR8PVGXSimd6mallocEm@plt,DIRECT_CALL
0x0004c894,"PVGCOLOR::PVGCropFunctions::transcode(unsigned char const* const*, int const*, unsigned char* const*, int const*)",0x0004c970,"PVGCOLOR::PVGCropFunctions::transcode(unsigned char const* const*, int const*, unsigned char* const*, int const*)+0x1a97c",BRANCH
0x0004c8a0,"PVGCOLOR::PVGCropFunctions::transcode(unsigned char const* const*, int const*, unsigned char* const*, int const*)",0x00059150,_ZN8PVGCOLOR8PVGXSimd6mallocEm@plt,DIRECT_CALL
0x0004c8d4,"PVGCOLOR::PVGCropFunctions::transcode(unsigned char const* const*, int const*, unsigned char* const*, int const*)",0x00059150,_ZN8PVGCOLOR8PVGXSimd6mallocEm@plt,DIRECT_CALL
0x0004c8e0,"PVGCOLOR::PVGCropFunctions::transcode(unsigned char const* const*, int const*, unsigned char* const*, int const*)",0x0004c940,"PVGCOLOR::PVGCropFunctions::transcode(unsigned char const* const*, int const*, unsigned char* const*, int const*)+0x1a94c",BRANCH
0x0004c8e8,"PVGCOLOR::PVGCropFunctions::transcode(unsigned char const* const*, int const*, unsigned char* const*, int const*)",0x0004ca1c,"PVGCOLOR::PVGCropFunctions::transcode(unsigned char const* const*, int const*, unsigned char* const*, int const*)+0x1aa28",BRANCH
0x0004c8f8,"PVGCOLOR::PVGCropFunctions::transcode(unsigned char const* const*, int const*, unsigned char* const*, int const*)",0x00059150,_ZN8PVGCOLOR8PVGXSimd6mallocEm@plt,DIRECT_CALL
0x0004c930,"PVGCOLOR::PVGCropFunctions::transcode(unsigned char const* const*, int const*, unsigned char* const*, int const*)",0x00059150,_ZN8PVGCOLOR8PVGXSimd6mallocEm@plt,DIRECT_CALL
0x0004c944,"PVGCOLOR::PVGCropFunctions::transcode(unsigned char const* const*, int const*, unsigned char* const*, int const*)",0x0004c690,"PVGCOLOR::PVGCropFunctions::transcode(unsigned char const* const*, int const*, unsigned char* const*, int const*)+0x1a69c",BRANCH
0x0004c954,"PVGCOLOR::PVGCropFunctions::transcode(unsigned char const* const*, int const*, unsigned char* const*, int const*)",0x00059150,_ZN8PVGCOLOR8PVGXSimd6mallocEm@plt,DIRECT_CALL
0x0004c960,"PVGCOLOR::PVGCropFunctions::transcode(unsigned char const* const*, int const*, unsigned char* const*, int const*)",0x00059150,_ZN8PVGCOLOR8PVGXSimd6mallocEm@plt,DIRECT_CALL
0x0004c96c,"PVGCOLOR::PVGCropFunctions::transcode(unsigned char const* const*, int const*, unsigned char* const*, int const*)",0x00059150,_ZN8PVGCOLOR8PVGXSimd6mallocEm@plt,DIRECT_CALL
0x0004c97c,"PVGCOLOR::PVGCropFunctions::transcode(unsigned char const* const*, int const*, unsigned char* const*, int const*)",0x0004c690,"PVGCOLOR::PVGCropFunctions::transcode(unsigned char const* const*, int const*, unsigned char* const*, int const*)+0x1a69c",BRANCH
0x0004c988,"PVGCOLOR::PVGCropFunctions::transcode(unsigned char const* const*, int const*, unsigned char* const*, int const*)",0x00059150,_ZN8PVGCOLOR8PVGXSimd6mallocEm@plt,DIRECT_CALL
0x0004c9ac,"PVGCOLOR::PVGCropFunctions::transcode(unsigned char const* const*, int const*, unsigned char* const*, int const*)",0x00059150,_ZN8PVGCOLOR8PVGXSimd6mallocEm@plt,DIRECT_CALL
0x0004c9b8,"PVGCOLOR::PVGCropFunctions::transcode(unsigned char const* const*, int const*, unsigned char* const*, int const*)",0x00059150,_ZN8PVGCOLOR8PVGXSimd6mallocEm@plt,DIRECT_CALL
0x0004c9bc,"PVGCOLOR::PVGCropFunctions::transcode(unsigned char const* const*, int const*, unsigned char* const*, int const*)",0x0004ca0c,"PVGCOLOR::PVGCropFunctions::transcode(unsigned char const* const*, int const*, unsigned char* const*, int const*)+0x1aa18",BRANCH
0x0004c9c8,"PVGCOLOR::PVGCropFunctions::transcode(unsigned char const* const*, int const*, unsigned char* const*, int const*)",0x00059150,_ZN8PVGCOLOR8PVGXSimd6mallocEm@plt,DIRECT_CALL
0x0004c9fc,"PVGCOLOR::PVGCropFunctions::transcode(unsigned char const* const*, int const*, unsigned char* const*, int const*)",0x00059150,_ZN8PVGCOLOR8PVGXSimd6mallocEm@plt,DIRECT_CALL
0x0004ca08,"PVGCOLOR::PVGCropFunctions::transcode(unsigned char const* const*, int const*, unsigned char* const*, int const*)",0x00059150,_ZN8PVGCOLOR8PVGXSimd6mallocEm@plt,DIRECT_CALL
0x0004ca18,"PVGCOLOR::PVGCropFunctions::transcode(unsigned char const* const*, int const*, unsigned char* const*, int const*)",0x0004c690,"PVGCOLOR::PVGCropFunctions::transcode(unsigned char const* const*, int const*, unsigned char* const*, int const*)+0x1a69c",BRANCH
0x0004ca20,"PVGCOLOR::PVGCropFunctions::transcode(unsigned char const* const*, int const*, unsigned char* const*, int const*)",0x0004ca80,"PVGCOLOR::PVGCropFunctions::transcode(unsigned char const* const*, int const*, unsigned char* const*, int const*)+0x1aa8c",BRANCH
0x0004ca30,"PVGCOLOR::PVGCropFunctions::transcode(unsigned char const* const*, int const*, unsigned char* const*, int const*)",0x00059150,_ZN8PVGCOLOR8PVGXSimd6mallocEm@plt,DIRECT_CALL
0x0004ca58,"PVGCOLOR::PVGCropFunctions::transcode(unsigned char const* const*, int const*, unsigned char* const*, int const*)",0x00059150,_ZN8PVGCOLOR8PVGXSimd6mallocEm@plt,DIRECT_CALL
0x0004ca64,"PVGCOLOR::PVGCropFunctions::transcode(unsigned char const* const*, int const*, unsigned char* const*, int const*)",0x00059150,_ZN8PVGCOLOR8PVGXSimd6mallocEm@plt,DIRECT_CALL
0x0004ca7c,"PVGCOLOR::PVGCropFunctions::transcode(unsigned char const* const*, int const*, unsigned char* const*, int const*)",0x0004c690,"PVGCOLOR::PVGCropFunctions::transcode(unsigned char const* const*, int const*, unsigned char* const*, int const*)+0x1a69c",BRANCH
0x0004ca88,"PVGCOLOR::PVGCropFunctions::transcode(unsigned char const* const*, int const*, unsigned char* const*, int const*)",0x0004cacc,"PVGCOLOR::PVGCropFunctions::transcode(unsigned char const* const*, int const*, unsigned char* const*, int const*)+0x1aad8",BRANCH
0x0004ca9c,"PVGCOLOR::PVGCropFunctions::transcode(unsigned char const* const*, int const*, unsigned char* const*, int const*)",0x00059150,_ZN8PVGCOLOR8PVGXSimd6mallocEm@plt,DIRECT_CALL
0x0004caa8,"PVGCOLOR::PVGCropFunctions::transcode(unsigned char const* const*, int const*, unsigned char* const*, int const*)",0x00059150,_ZN8PVGCOLOR8PVGXSimd6mallocEm@plt,DIRECT_CALL
0x0004cab4,"PVGCOLOR::PVGCropFunctions::transcode(unsigned char const* const*, int const*, unsigned char* const*, int const*)",0x00059150,_ZN8PVGCOLOR8PVGXSimd6mallocEm@plt,DIRECT_CALL
0x0004cac8,"PVGCOLOR::PVGCropFunctions::transcode(unsigned char const* const*, int const*, unsigned char* const*, int const*)",0x0004c690,"PVGCOLOR::PVGCropFunctions::transcode(unsigned char const* const*, int const*, unsigned char* const*, int const*)+0x1a69c",BRANCH
0x0004cad0,"PVGCOLOR::PVGCropFunctions::transcode(unsigned char const* const*, int const*, unsigned char* const*, int const*)",0x0004cb20,"PVGCOLOR::PVGCropFunctions::transcode(unsigned char const* const*, int const*, unsigned char* const*, int const*)+0x1ab2c",BRANCH
0x0004cae4,"PVGCOLOR::PVGCropFunctions::transcode(unsigned char const* const*, int const*, unsigned char* const*, int const*)",0x00059150,_ZN8PVGCOLOR8PVGXSimd6mallocEm@plt,DIRECT_CALL
0x0004caf0,"PVGCOLOR::PVGCropFunctions::transcode(unsigned char const* const*, int const*, unsigned char* const*, int const*)",0x00059150,_ZN8PVGCOLOR8PVGXSimd6mallocEm@plt,DIRECT_CALL
0x0004cafc,"PVGCOLOR::PVGCropFunctions::transcode(unsigned char const* const*, int const*, unsigned char* const*, int const*)",0x00059150,_ZN8PVGCOLOR8PVGXSimd6mallocEm@plt,DIRECT_CALL
0x0004cb08,"PVGCOLOR::PVGCropFunctions::transcode(unsigned char const* const*, int const*, unsigned char* const*, int const*)",0x00059150,_ZN8PVGCOLOR8PVGXSimd6mallocEm@plt,DIRECT_CALL
0x0004cb1c,"PVGCOLOR::PVGCropFunctions::transcode(unsigned char const* const*, int const*, unsigned char* const*, int const*)",0x0004c690,"PVGCOLOR::PVGCropFunctions::transcode(unsigned char const* const*, int const*, unsigned char* const*, int const*)+0x1a69c",BRANCH
0x0004cb24,"PVGCOLOR::PVGCropFunctions::transcode(unsigned char const* const*, int const*, unsigned char* const*, int const*)",0x0004c690,"PVGCOLOR::PVGCropFunctions::transcode(unsigned char const* const*, int const*, unsigned char* const*, int const*)+0x1a69c",BRANCH
0x0004cb30,"PVGCOLOR::PVGCropFunctions::transcode(unsigned char const* const*, int const*, unsigned char* const*, int const*)",0x00059150,_ZN8PVGCOLOR8PVGXSimd6mallocEm@plt,DIRECT_CALL
0x0004cb34,"PVGCOLOR::PVGCropFunctions::transcode(unsigned char const* const*, int const*, unsigned char* const*, int const*)",0x0004c67c,"PVGCOLOR::PVGCropFunctions::transcode(unsigned char const* const*, int const*, unsigned char* const*, int const*)+0x1a688",BRANCH
0x0004cb38,"PVGCOLOR::PVGCropFunctions::transcode(unsigned char const* const*, int const*, unsigned char* const*, int const*)",0x0004cb74,"PVGCOLOR::PVGCropFunctions::transcode(unsigned char const* const*, int const*, unsigned char* const*, int const*)+0x1ab80",BRANCH
0x0004cb3c,"PVGCOLOR::PVGCropFunctions::transcode(unsigned char const* const*, int const*, unsigned char* const*, int const*)",0x0004cb74,"PVGCOLOR::PVGCropFunctions::transcode(unsigned char const* const*, int const*, unsigned char* const*, int const*)+0x1ab80",BRANCH
0x0004cb40,"PVGCOLOR::PVGCropFunctions::transcode(unsigned char const* const*, int const*, unsigned char* const*, int const*)",0x0004cb74,"PVGCOLOR::PVGCropFunctions::transcode(unsigned char const* const*, int const*, unsigned char* const*, int const*)+0x1ab80",BRANCH
0x0004cb44,"PVGCOLOR::PVGCropFunctions::transcode(unsigned char const* const*, int const*, unsigned char* const*, int const*)",0x0004cb74,"PVGCOLOR::PVGCropFunctions::transcode(unsigned char const* const*, int const*, unsigned char* const*, int const*)+0x1ab80",BRANCH
0x0004cb48,"PVGCOLOR::PVGCropFunctions::transcode(unsigned char const* const*, int const*, unsigned char* const*, int const*)",0x0004cb74,"PVGCOLOR::PVGCropFunctions::transcode(unsigned char const* const*, int const*, unsigned char* const*, int const*)+0x1ab80",BRANCH
0x0004cb4c,"PVGCOLOR::PVGCropFunctions::transcode(unsigned char const* const*, int const*, unsigned char* const*, int const*)",0x0004cb74,"PVGCOLOR::PVGCropFunctions::transcode(unsigned char const* const*, int const*, unsigned char* const*, int const*)+0x1ab80",BRANCH
0x0004cb50,"PVGCOLOR::PVGCropFunctions::transcode(unsigned char const* const*, int const*, unsigned char* const*, int const*)",0x0004cb74,"PVGCOLOR::PVGCropFunctions::transcode(unsigned char const* const*, int const*, unsigned char* const*, int const*)+0x1ab80",BRANCH
0x0004cb5c,"PVGCOLOR::PVGCropFunctions::transcode(unsigned char const* const*, int const*, unsigned char* const*, int const*)",0x00058c20,_ZdlPv@plt,DIRECT_CALL
0x0004cb60,"PVGCOLOR::PVGCropFunctions::transcode(unsigned char const* const*, int const*, unsigned char* const*, int const*)",0x0004cb78,"PVGCOLOR::PVGCropFunctions::transcode(unsigned char const* const*, int const*, unsigned char* const*, int const*)+0x1ab84",BRANCH
0x0004cb68,"PVGCOLOR::PVGCropFunctions::transcode(unsigned char const* const*, int const*, unsigned char* const*, int const*)",0x0004cb88,"PVGCOLOR::PVGCropFunctions::transcode(unsigned char const* const*, int const*, unsigned char* const*, int const*)+0x1ab94",BRANCH
0x0004cb70,"PVGCOLOR::PVGCropFunctions::transcode(unsigned char const* const*, int const*, unsigned char* const*, int const*)",0x0004cb88,"PVGCOLOR::PVGCropFunctions::transcode(unsigned char const* const*, int const*, unsigned char* const*, int const*)+0x1ab94",BRANCH
0x0004cb84,"PVGCOLOR::PVGCropFunctions::transcode(unsigned char const* const*, int const*, unsigned char* const*, int const*)",0x00058c20,_ZdlPv@plt,DIRECT_CALL
0x0004cb8c,"PVGCOLOR::PVGCropFunctions::transcode(unsigned char const* const*, int const*, unsigned char* const*, int const*)",0x00027a38,PVGCOLOR::getVersion()+0x5df0,DIRECT_CALL
0x0004cb9c,"PVGCOLOR::PVGCropFunctions::transcode(unsigned char const* const*, int const*, unsigned char* const*, int const*)",0x0004cba8,"PVGCOLOR::PVGCropFunctions::transcode(unsigned char const* const*, int const*, unsigned char* const*, int const*)+0x1abb4",BRANCH
0x0004cba4,"PVGCOLOR::PVGCropFunctions::transcode(unsigned char const* const*, int const*, unsigned char* const*, int const*)",0x00054f14,"PVGCOLOR::PVGOpenGL::createComputeShader(char const*, int*)+0x249c",DIRECT_CALL
0x0004cba8,"PVGCOLOR::PVGCropFunctions::transcode(unsigned char const* const*, int const*, unsigned char* const*, int const*)",0x00058cb0,__stack_chk_fail@plt,DIRECT_CALL
0x0004cbd0,"PVGCOLOR::PVGCropFunctions::transcode(unsigned char const* const*, int const*, unsigned char* const*, int const*)",0x0004cc3c,"PVGCOLOR::PVGCropFunctions::transcode(unsigned char const* const*, int const*, unsigned char* const*, int const*)+0x1ac48",BRANCH
0x0004cbdc,"PVGCOLOR::PVGCropFunctions::transcode(unsigned char const* const*, int const*, unsigned char* const*, int const*)",0x0004cca4,"PVGCOLOR::PVGCropFunctions::transcode(unsigned char const* const*, int const*, unsigned char* const*, int const*)+0x1acb0",BRANCH
0x0004cbf4,"PVGCOLOR::PVGCropFunctions::transcode(unsigned char const* const*, int const*, unsigned char* const*, int const*)",0x0004cc2c,"PVGCOLOR::PVGCropFunctions::transcode(unsigned char const* const*, int const*, unsigned char* const*, int const*)+0x1ac38",BRANCH
0x0004cc00,"PVGCOLOR::PVGCropFunctions::transcode(unsigned char const* const*, int const*, unsigned char* const*, int const*)",0x00059160,_ZN8PVGCOLOR8PVGXSimd4freeEPv@plt,DIRECT_CALL
0x0004cc10,"PVGCOLOR::PVGCropFunctions::transcode(unsigned char const* const*, int const*, unsigned char* const*, int const*)",0x00059160,_ZN8PVGCOLOR8PVGXSimd4freeEPv@plt,DIRECT_CALL
0x0004cc24,"PVGCOLOR::PVGCropFunctions::transcode(unsigned char const* const*, int const*, unsigned char* const*, int const*)",0x0004cc50,"PVGCOLOR::PVGCropFunctions::transcode(unsigned char const* const*, int const*, unsigned char* const*, int const*)+0x1ac5c",BRANCH
0x0004cc38,"PVGCOLOR::PVGCropFunctions::transcode(unsigned char const* const*, int const*, unsigned char* const*, int const*)",0x0004cc70,"PVGCOLOR::PVGCropFunctions::transcode(unsigned char const* const*, int const*, unsigned char* const*, int const*)+0x1ac7c",BRANCH
0x0004cc48,"PVGCOLOR::PVGCropFunctions::transcode(unsigned char const* const*, int const*, unsigned char* const*, int const*)",0x00059160,_ZN8PVGCOLOR8PVGXSimd4freeEPv@plt,DIRECT_CALL
0x0004cc5c,"PVGCOLOR::PVGCropFunctions::transcode(unsigned char const* const*, int const*, unsigned char* const*, int const*)",0x00058c20,_ZdlPv@plt,DIRECT_CALL
0x0004cc6c,"PVGCOLOR::PVGCropFunctions::transcode(unsigned char const* const*, int const*, unsigned char* const*, int const*)",0x00058c20,_ZdlPv@plt,BRANCH
0x0004cc80,"PVGCOLOR::PVGCropFunctions::transcode(unsigned char const* const*, int const*, unsigned char* const*, int const*)",0x0004cca4,"PVGCOLOR::PVGCropFunctions::transcode(unsigned char const* const*, int const*, unsigned char* const*, int const*)+0x1acb0",BRANCH
0x0004cc8c,"PVGCOLOR::PVGCropFunctions::transcode(unsigned char const* const*, int const*, unsigned char* const*, int const*)",0x00059160,_ZN8PVGCOLOR8PVGXSimd4freeEPv@plt,DIRECT_CALL
0x0004cca0,"PVGCOLOR::PVGCropFunctions::transcode(unsigned char const* const*, int const*, unsigned char* const*, int const*)",0x0004cc50,"PVGCOLOR::PVGCropFunctions::transcode(unsigned char const* const*, int const*, unsigned char* const*, int const*)+0x1ac5c",BRANCH
0x0004ccac,"PVGCOLOR::PVGCropFunctions::transcode(unsigned char const* const*, int const*, unsigned char* const*, int const*)",0x0004cc50,"PVGCOLOR::PVGCropFunctions::transcode(unsigned char const* const*, int const*, unsigned char* const*, int const*)+0x1ac5c",BRANCH
0x0004ccb8,"PVGCOLOR::PVGCropFunctions::transcode(unsigned char const* const*, int const*, unsigned char* const*, int const*)",0x00059160,_ZN8PVGCOLOR8PVGXSimd4freeEPv@plt,DIRECT_CALL
0x0004ccc8,"PVGCOLOR::PVGCropFunctions::transcode(unsigned char const* const*, int const*, unsigned char* const*, int const*)",0x00059160,_ZN8PVGCOLOR8PVGXSimd4freeEPv@plt,DIRECT_CALL
0x0004ccd8,"PVGCOLOR::PVGCropFunctions::transcode(unsigned char const* const*, int const*, unsigned char* const*, int const*)",0x00059160,_ZN8PVGCOLOR8PVGXSimd4freeEPv@plt,DIRECT_CALL
0x0004ccec,"PVGCOLOR::PVGCropFunctions::transcode(unsigned char const* const*, int const*, unsigned char* const*, int const*)",0x0004cc50,"PVGCOLOR::PVGCropFunctions::transcode(unsigned char const* const*, int const*, unsigned char* const*, int const*)+0x1ac5c",BRANCH
0x0004ccf8,"PVGCOLOR::PVGCropFunctions::transcode(unsigned char const* const*, int const*, unsigned char* const*, int const*)",N/A,"x1, 0x5f000 <typeinfo for std::__ndk1::__function::__base<void (int)>+0x78>",ADRP_PAGE_REF
0x0004cd04,"PVGCOLOR::PVGCropFunctions::transcode(unsigned char const* const*, int const*, unsigned char* const*, int const*)",0x00058c50,_ZnwmRKSt9nothrow_t@plt,DIRECT_CALL
0x0004cd1c,"PVGCOLOR::PVGCropFunctions::transcode(unsigned char const* const*, int const*, unsigned char* const*, int const*)",N/A,"x8, 0x5e000 <typeinfo for std::__ndk1::__function::__base<float (float)>+0x6f0>",ADRP_PAGE_REF
0x0004cd50,"PVGCOLOR::PVGCropFunctions::transcode(unsigned char const* const*, int const*, unsigned char* const*, int const*)",N/A,"x8, 0x5e000 <typeinfo for std::__ndk1::__function::__base<float (float)>+0x6f0>",ADRP_PAGE_REF
0x0004cd60,"PVGCOLOR::PVGCropFunctions::transcode(unsigned char const* const*, int const*, unsigned char* const*, int const*)",0x0004cbac,"PVGCOLOR::PVGCropFunctions::transcode(unsigned char const* const*, int const*, unsigned char* const*, int const*)+0x1abb8",DIRECT_CALL
0x0004cd70,"PVGCOLOR::PVGCropFunctions::transcode(unsigned char const* const*, int const*, unsigned char* const*, int const*)",0x000224a0,PVGCOLOR::getVersion()+0x858,BRANCH
0x0004cd74,"PVGCOLOR::PVGCropFunctions::transcode(unsigned char const* const*, int const*, unsigned char* const*, int const*)",0x00021eb8,PVGCOLOR::getVersion()+0x270,DIRECT_CALL
0x0004cd8c,"PVGCOLOR::PVGCropFunctions::transcode(unsigned char const* const*, int const*, unsigned char* const*, int const*)",N/A,"x8, 0x5e000 <typeinfo for std::__ndk1::__function::__base<float (float)>+0x6f0>",ADRP_PAGE_REF
0x0004cd9c,"PVGCOLOR::PVGCropFunctions::transcode(unsigned char const* const*, int const*, unsigned char* const*, int const*)",0x0004cbac,"PVGCOLOR::PVGCropFunctions::transcode(unsigned char const* const*, int const*, unsigned char* const*, int const*)+0x1abb8",DIRECT_CALL
0x0004cda4,"PVGCOLOR::PVGCropFunctions::transcode(unsigned char const* const*, int const*, unsigned char* const*, int const*)",0x000224a0,PVGCOLOR::getVersion()+0x858,DIRECT_CALL
0x0004cdb4,"PVGCOLOR::PVGCropFunctions::transcode(unsigned char const* const*, int const*, unsigned char* const*, int const*)",0x00058c20,_ZdlPv@plt,BRANCH
0x0004cdb8,"PVGCOLOR::PVGCropFunctions::transcode(unsigned char const* const*, int const*, unsigned char* const*, int const*)",0x00021eb8,PVGCOLOR::getVersion()+0x270,DIRECT_CALL
0x0004cdd0,"PVGCOLOR::PVGCropFunctions::transcode(unsigned char const* const*, int const*, unsigned char* const*, int const*)",0x0004ceb8,"PVGCOLOR::PVGCropFunctions::transcode(unsigned char const* const*, int const*, unsigned char* const*, int const*)+0x1aec4",BRANCH
0x0004cddc,"PVGCOLOR::PVGCropFunctions::transcode(unsigned char const* const*, int const*, unsigned char* const*, int const*)",0x0004ceb8,"PVGCOLOR::PVGCropFunctions::transcode(unsigned char const* const*, int const*, unsigned char* const*, int const*)+0x1aec4",BRANCH
0x0004cdec,"PVGCOLOR::PVGCropFunctions::transcode(unsigned char const* const*, int const*, unsigned char* const*, int const*)",0x0004ce18,"PVGCOLOR::PVGCropFunctions::transcode(unsigned char const* const*, int const*, unsigned char* const*, int const*)+0x1ae24",BRANCH
0x0004cdfc,"PVGCOLOR::PVGCropFunctions::transcode(unsigned char const* const*, int const*, unsigned char* const*, int const*)",0x0004ceb8,"PVGCOLOR::PVGCropFunctions::transcode(unsigned char const* const*, int const*, unsigned char* const*, int const*)+0x1aec4",BRANCH
0x0004ce10,"PVGCOLOR::PVGCropFunctions::transcode(unsigned char const* const*, int const*, unsigned char* const*, int const*)",0x0004ceb8,"PVGCOLOR::PVGCropFunctions::transcode(unsigned char const* const*, int const*, unsigned char* const*, int const*)+0x1aec4",BRANCH
0x0004ce14,"PVGCOLOR::PVGCropFunctions::transcode(unsigned char const* const*, int const*, unsigned char* const*, int const*)",0x0004ce40,"PVGCOLOR::PVGCropFunctions::transcode(unsigned char const* const*, int const*, unsigned char* const*, int const*)+0x1ae4c",BRANCH
0x0004ce1c,"PVGCOLOR::PVGCropFunctions::transcode(unsigned char const* const*, int const*, unsigned char* const*, int const*)",0x0004ce40,"PVGCOLOR::PVGCropFunctions::transcode(unsigned char const* const*, int const*, unsigned char* const*, int const*)+0x1ae4c",BRANCH
0x0004ce28,"PVGCOLOR::PVGCropFunctions::transcode(unsigned char const* const*, int const*, unsigned char* const*, int const*)",0x0004ceb8,"PVGCOLOR::PVGCropFunctions::transcode(unsigned char const* const*, int const*, unsigned char* const*, int const*)+0x1aec4",BRANCH
0x0004ce3c,"PVGCOLOR::PVGCropFunctions::transcode(unsigned char const* const*, int const*, unsigned char* const*, int const*)",0x0004ceb8,"PVGCOLOR::PVGCropFunctions::transcode(unsigned char const* const*, int const*, unsigned char* const*, int const*)+0x1aec4",BRANCH
0x0004ce48,"PVGCOLOR::PVGCropFunctions::transcode(unsigned char const* const*, int const*, unsigned char* const*, int const*)",0x0004ceb8,"PVGCOLOR::PVGCropFunctions::transcode(unsigned char const* const*, int const*, unsigned char* const*, int const*)+0x1aec4",BRANCH
0x0004ce54,"PVGCOLOR::PVGCropFunctions::transcode(unsigned char const* const*, int const*, unsigned char* const*, int const*)",0x0004ceb8,"PVGCOLOR::PVGCropFunctions::transcode(unsigned char const* const*, int const*, unsigned char* const*, int const*)+0x1aec4",BRANCH
0x0004ce64,"PVGCOLOR::PVGCropFunctions::transcode(unsigned char const* const*, int const*, unsigned char* const*, int const*)",0x0004ce90,"PVGCOLOR::PVGCropFunctions::transcode(unsigned char const* const*, int const*, unsigned char* const*, int const*)+0x1ae9c",BRANCH
0x0004ce74,"PVGCOLOR::PVGCropFunctions::transcode(unsigned char const* const*, int const*, unsigned char* const*, int const*)",0x0004ceb8,"PVGCOLOR::PVGCropFunctions::transcode(unsigned char const* const*, int const*, unsigned char* const*, int const*)+0x1aec4",BRANCH
0x0004ce88,"PVGCOLOR::PVGCropFunctions::transcode(unsigned char const* const*, int const*, unsigned char* const*, int const*)",0x0004ceb8,"PVGCOLOR::PVGCropFunctions::transcode(unsigned char const* const*, int const*, unsigned char* const*, int const*)+0x1aec4",BRANCH
0x0004ce8c,"PVGCOLOR::PVGCropFunctions::transcode(unsigned char const* const*, int const*, unsigned char* const*, int const*)",0x0004cec0,"PVGCOLOR::PVGCropFunctions::transcode(unsigned char const* const*, int const*, unsigned char* const*, int const*)+0x1aecc",BRANCH
0x0004ce94,"PVGCOLOR::PVGCropFunctions::transcode(unsigned char const* const*, int const*, unsigned char* const*, int const*)",0x0004cec0,"PVGCOLOR::PVGCropFunctions::transcode(unsigned char const* const*, int const*, unsigned char* const*, int const*)+0x1aecc",BRANCH
0x0004cea0,"PVGCOLOR::PVGCropFunctions::transcode(unsigned char const* const*, int const*, unsigned char* const*, int const*)",0x0004ceb8,"PVGCOLOR::PVGCropFunctions::transcode(unsigned char const* const*, int const*, unsigned char* const*, int const*)+0x1aec4",BRANCH
0x0004ceb4,"PVGCOLOR::PVGCropFunctions::transcode(unsigned char const* const*, int const*, unsigned char* const*, int const*)",0x0004cec0,"PVGCOLOR::PVGCropFunctions::transcode(unsigned char const* const*, int const*, unsigned char* const*, int const*)+0x1aecc",BRANCH
0x0004cec8,"PVGCOLOR::PVGCropFunctions::transcode(unsigned char const* const*, int const*, unsigned char* const*, int const*)",0x0004cee4,"PVGCOLOR::PVGCropFunctions::transcode(unsigned char const* const*, int const*, unsigned char* const*, int const*)+0x1aef0",DIRECT_CALL
0x0004cf2c,"PVGCOLOR::PVGCropFunctions::transcode(unsigned char const* const*, int const*, unsigned char* const*, int const*)",0x0004d794,"PVGCOLOR::PVGCropFunctions::transcode(unsigned char const* const*, int const*, unsigned char* const*, int const*)+0x1b7a0",BRANCH
0x0004cf38,"PVGCOLOR::PVGCropFunctions::transcode(unsigned char const* const*, int const*, unsigned char* const*, int const*)",0x0004d794,"PVGCOLOR::PVGCropFunctions::transcode(unsigned char const* const*, int const*, unsigned char* const*, int const*)+0x1b7a0",BRANCH
0x0004cf44,"PVGCOLOR::PVGCropFunctions::transcode(unsigned char const* const*, int const*, unsigned char* const*, int const*)",0x0004d794,"PVGCOLOR::PVGCropFunctions::transcode(unsigned char const* const*, int const*, unsigned char* const*, int const*)+0x1b7a0",BRANCH
0x0004cf58,"PVGCOLOR::PVGCropFunctions::transcode(unsigned char const* const*, int const*, unsigned char* const*, int const*)",0x0004d058,"PVGCOLOR::PVGCropFunctions::transcode(unsigned char const* const*, int const*, unsigned char* const*, int const*)+0x1b064",BRANCH
0x0004cf64,"PVGCOLOR::PVGCropFunctions::transcode(unsigned char const* const*, int const*, unsigned char* const*, int const*)",0x0004d11c,"PVGCOLOR::PVGCropFunctions::transcode(unsigned char const* const*, int const*, unsigned char* const*, int const*)+0x1b128",BRANCH
0x0004cf7c,"PVGCOLOR::PVGCropFunctions::transcode(unsigned char const* const*, int const*, unsigned char* const*, int const*)",0x0004d048,"PVGCOLOR::PVGCropFunctions::transcode(unsigned char const* const*, int const*, unsigned char* const*, int const*)+0x1b054",BRANCH
0x0004cf98,"PVGCOLOR::PVGCropFunctions::transcode(unsigned char const* const*, int const*, unsigned char* const*, int const*)",0x0004d794,"PVGCOLOR::PVGCropFunctions::transcode(unsigned char const* const*, int const*, unsigned char* const*, int const*)+0x1b7a0",BRANCH
0x0004cfa8,"PVGCOLOR::PVGCropFunctions::transcode(unsigned char const* const*, int const*, unsigned char* const*, int const*)",0x0004d05c,"PVGCOLOR::PVGCropFunctions::transcode(unsigned char const* const*, int const*, unsigned char* const*, int const*)+0x1b068",BRANCH
0x0004cfac,"PVGCOLOR::PVGCropFunctions::transcode(unsigned char const* const*, int const*, unsigned char* const*, int const*)",0x0004d794,"PVGCOLOR::PVGCropFunctions::transcode(unsigned char const* const*, int const*, unsigned char* const*, int const*)+0x1b7a0",BRANCH
0x0004cfbc,"PVGCOLOR::PVGCropFunctions::transcode(unsigned char const* const*, int const*, unsigned char* const*, int const*)",0x000546f0,"PVGCOLOR::PVGOpenGL::createComputeShader(char const*, int*)+0x1c78",DIRECT_CALL
0x0004cfc8,"PVGCOLOR::PVGCropFunctions::transcode(unsigned char const* const*, int const*, unsigned char* const*, int const*)",0x0004d864,"PVGCOLOR::PVGCropFunctions::transcode(unsigned char const* const*, int const*, unsigned char* const*, int const*)+0x1b870",BRANCH
0x0004cfcc,"PVGCOLOR::PVGCropFunctions::transcode(unsigned char const* const*, int const*, unsigned char* const*, int const*)",N/A,"x8, 0x5f000 <typeinfo for std::__ndk1::__function::__base<void (int)>+0x78>",ADRP_PAGE_REF
0x0004cfdc,"PVGCOLOR::PVGCropFunctions::transcode(unsigned char const* const*, int const*, unsigned char* const*, int const*)",0x0004d864,"PVGCOLOR::PVGCropFunctions::transcode(unsigned char const* const*, int const*, unsigned char* const*, int const*)+0x1b870",BRANCH
0x0004d00c,"PVGCOLOR::PVGCropFunctions::transcode(unsigned char const* const*, int const*, unsigned char* const*, int const*)",N/A,"x15, 0x5f000 <typeinfo for std::__ndk1::__function::__base<void (int)>+0x78>",ADRP_PAGE_REF
0x0004d044,"PVGCOLOR::PVGCropFunctions::transcode(unsigned char const* const*, int const*, unsigned char* const*, int const*)",0x0004d804,"PVGCOLOR::PVGCropFunctions::transcode(unsigned char const* const*, int const*, unsigned char* const*, int const*)+0x1b810",BRANCH
0x0004d054,"PVGCOLOR::PVGCropFunctions::transcode(unsigned char const* const*, int const*, unsigned char* const*, int const*)",0x0004d0ec,"PVGCOLOR::PVGCropFunctions::transcode(unsigned char const* const*, int const*, unsigned char* const*, int const*)+0x1b0f8",BRANCH
0x0004d06c,"PVGCOLOR::PVGCropFunctions::transcode(unsigned char const* const*, int const*, unsigned char* const*, int const*)",0x0004d794,"PVGCOLOR::PVGCropFunctions::transcode(unsigned char const* const*, int const*, unsigned char* const*, int const*)+0x1b7a0",BRANCH
0x0004d078,"PVGCOLOR::PVGCropFunctions::transcode(unsigned char const* const*, int const*, unsigned char* const*, int const*)",0x0004d794,"PVGCOLOR::PVGCropFunctions::transcode(unsigned char const* const*, int const*, unsigned char* const*, int const*)+0x1b7a0",BRANCH
0x0004d084,"PVGCOLOR::PVGCropFunctions::transcode(unsigned char const* const*, int const*, unsigned char* const*, int const*)",0x0004d794,"PVGCOLOR::PVGCropFunctions::transcode(unsigned char const* const*, int const*, unsigned char* const*, int const*)+0x1b7a0",BRANCH
0x0004d098,"PVGCOLOR::PVGCropFunctions::transcode(unsigned char const* const*, int const*, unsigned char* const*, int const*)",0x0004d17c,"PVGCOLOR::PVGCropFunctions::transcode(unsigned char const* const*, int const*, unsigned char* const*, int const*)+0x1b188",BRANCH
0x0004d0a4,"PVGCOLOR::PVGCropFunctions::transcode(unsigned char const* const*, int const*, unsigned char* const*, int const*)",0x0004d74c,"PVGCOLOR::PVGCropFunctions::transcode(unsigned char const* const*, int const*, unsigned char* const*, int const*)+0x1b758",BRANCH
0x0004d0bc,"PVGCOLOR::PVGCropFunctions::transcode(unsigned char const* const*, int const*, unsigned char* const*, int const*)",0x0004d16c,"PVGCOLOR::PVGCropFunctions::transcode(unsigned char const* const*, int const*, unsigned char* const*, int const*)+0x1b178",BRANCH
0x0004d0d8,"PVGCOLOR::PVGCropFunctions::transcode(unsigned char const* const*, int const*, unsigned char* const*, int const*)",0x0004d794,"PVGCOLOR::PVGCropFunctions::transcode(unsigned char const* const*, int const*, unsigned char* const*, int const*)+0x1b7a0",BRANCH
0x0004d0e4,"PVGCOLOR::PVGCropFunctions::transcode(unsigned char const* const*, int const*, unsigned char* const*, int const*)",0x0004d17c,"PVGCOLOR::PVGCropFunctions::transcode(unsigned char const* const*, int const*, unsigned char* const*, int const*)+0x1b188",BRANCH
0x0004d0e8,"PVGCOLOR::PVGCropFunctions::transcode(unsigned char const* const*, int const*, unsigned char* const*, int const*)",0x0004d794,"PVGCOLOR::PVGCropFunctions::transcode(unsigned char const* const*, int const*, unsigned char* const*, int const*)+0x1b7a0",BRANCH
0x0004d0fc,"PVGCOLOR::PVGCropFunctions::transcode(unsigned char const* const*, int const*, unsigned char* const*, int const*)",0x0004d11c,"PVGCOLOR::PVGCropFunctions::transcode(unsigned char const* const*, int const*, unsigned char* const*, int const*)+0x1b128",BRANCH
0x0004d114,"PVGCOLOR::PVGCropFunctions::transcode(unsigned char const* const*, int const*, unsigned char* const*, int const*)",0x0004d05c,"PVGCOLOR::PVGCropFunctions::transcode(unsigned char const* const*, int const*, unsigned char* const*, int const*)+0x1b068",BRANCH
0x0004d118,"PVGCOLOR::PVGCropFunctions::transcode(unsigned char const* const*, int const*, unsigned char* const*, int const*)",0x0004d794,"PVGCOLOR::PVGCropFunctions::transcode(unsigned char const* const*, int const*, unsigned char* const*, int const*)+0x1b7a0",BRANCH
0x0004d124,"PVGCOLOR::PVGCropFunctions::transcode(unsigned char const* const*, int const*, unsigned char* const*, int const*)",0x0004d058,"PVGCOLOR::PVGCropFunctions::transcode(unsigned char const* const*, int const*, unsigned char* const*, int const*)+0x1b064",BRANCH
0x0004d148,"PVGCOLOR::PVGCropFunctions::transcode(unsigned char const* const*, int const*, unsigned char* const*, int const*)",0x0004d794,"PVGCOLOR::PVGCropFunctions::transcode(unsigned char const* const*, int const*, unsigned char* const*, int const*)+0x1b7a0",BRANCH
0x0004d154,"PVGCOLOR::PVGCropFunctions::transcode(unsigned char const* const*, int const*, unsigned char* const*, int const*)",0x0004d794,"PVGCOLOR::PVGCropFunctions::transcode(unsigned char const* const*, int const*, unsigned char* const*, int const*)+0x1b7a0",BRANCH
0x0004d164,"PVGCOLOR::PVGCropFunctions::transcode(unsigned char const* const*, int const*, unsigned char* const*, int const*)",0x0004d05c,"PVGCOLOR::PVGCropFunctions::transcode(unsigned char const* const*, int const*, unsigned char* const*, int const*)+0x1b068",BRANCH
0x0004d168,"PVGCOLOR::PVGCropFunctions::transcode(unsigned char const* const*, int const*, unsigned char* const*, int const*)",0x0004d794,"PVGCOLOR::PVGCropFunctions::transcode(unsigned char const* const*, int const*, unsigned char* const*, int const*)+0x1b7a0",BRANCH
0x0004d178,"PVGCOLOR::PVGCropFunctions::transcode(unsigned char const* const*, int const*, unsigned char* const*, int const*)",0x0004d6c4,"PVGCOLOR::PVGCropFunctions::transcode(unsigned char const* const*, int const*, unsigned char* const*, int const*)+0x1b6d0",BRANCH
0x0004d17c,"PVGCOLOR::PVGCropFunctions::transcode(unsigned char const* const*, int const*, unsigned char* const*, int const*)",N/A,"x9, 0xc000",ADRP_PAGE_REF
0x0004d1b4,"PVGCOLOR::PVGCropFunctions::transcode(unsigned char const* const*, int const*, unsigned char* const*, int const*)",0x0002d2b4,"PVGCOLOR::convertToLab(PVGCOLOR::PVGColorPrimaries, PVGCOLOR::PVGColorTransfer, float, float, float, float*, float*, float*)+0x2030",DIRECT_CALL
0x0004d1d0,"PVGCOLOR::PVGCropFunctions::transcode(unsigned char const* const*, int const*, unsigned char* const*, int const*)",0x00058c20,_ZdlPv@plt,DIRECT_CALL
0x0004d1dc,"PVGCOLOR::PVGCropFunctions::transcode(unsigned char const* const*, int const*, unsigned char* const*, int const*)",0x0004d250,"PVGCOLOR::PVGCropFunctions::transcode(unsigned char const* const*, int const*, unsigned char* const*, int const*)+0x1b25c",BRANCH
0x0004d218,"PVGCOLOR::PVGCropFunctions::transcode(unsigned char const* const*, int const*, unsigned char* const*, int const*)",0x0002191c,PVGCOLOR::PVGColorFunctions::setKeepSourceColor(bool)+0x114,DIRECT_CALL
0x0004d230,"PVGCOLOR::PVGCropFunctions::transcode(unsigned char const* const*, int const*, unsigned char* const*, int const*)",0x00058f80,atoi@plt,DIRECT_CALL
0x0004d248,"PVGCOLOR::PVGCropFunctions::transcode(unsigned char const* const*, int const*, unsigned char* const*, int const*)",0x00058c20,_ZdlPv@plt,DIRECT_CALL
0x0004d268,"PVGCOLOR::PVGCropFunctions::transcode(unsigned char const* const*, int const*, unsigned char* const*, int const*)",0x0004d330,"PVGCOLOR::PVGCropFunctions::transcode(unsigned char const* const*, int const*, unsigned char* const*, int const*)+0x1b33c",BRANCH
0x0004d270,"PVGCOLOR::PVGCropFunctions::transcode(unsigned char const* const*, int const*, unsigned char* const*, int const*)",0x0004d330,"PVGCOLOR::PVGCropFunctions::transcode(unsigned char const* const*, int const*, unsigned char* const*, int const*)+0x1b33c",BRANCH
0x0004d280,"PVGCOLOR::PVGCropFunctions::transcode(unsigned char const* const*, int const*, unsigned char* const*, int const*)",0x0004d434,"PVGCOLOR::PVGCropFunctions::transcode(unsigned char const* const*, int const*, unsigned char* const*, int const*)+0x1b440",BRANCH
0x0004d290,"PVGCOLOR::PVGCropFunctions::transcode(unsigned char const* const*, int const*, unsigned char* const*, int const*)",0x0004d434,"PVGCOLOR::PVGCropFunctions::transcode(unsigned char const* const*, int const*, unsigned char* const*, int const*)+0x1b440",BRANCH
0x0004d2a0,"PVGCOLOR::PVGCropFunctions::transcode(unsigned char const* const*, int const*, unsigned char* const*, int const*)",0x0004d434,"PVGCOLOR::PVGCropFunctions::transcode(unsigned char const* const*, int const*, unsigned char* const*, int const*)+0x1b440",BRANCH
0x0004d2b0,"PVGCOLOR::PVGCropFunctions::transcode(unsigned char const* const*, int const*, unsigned char* const*, int const*)",0x0004d434,"PVGCOLOR::PVGCropFunctions::transcode(unsigned char const* const*, int const*, unsigned char* const*, int const*)+0x1b440",BRANCH
0x0004d2c0,"PVGCOLOR::PVGCropFunctions::transcode(unsigned char const* const*, int const*, unsigned char* const*, int const*)",0x0004d434,"PVGCOLOR::PVGCropFunctions::transcode(unsigned char const* const*, int const*, unsigned char* const*, int const*)+0x1b440",BRANCH
0x0004d2d0,"PVGCOLOR::PVGCropFunctions::transcode(unsigned char const* const*, int const*, unsigned char* const*, int const*)",0x0004d434,"PVGCOLOR::PVGCropFunctions::transcode(unsigned char const* const*, int const*, unsigned char* const*, int const*)+0x1b440",BRANCH
0x0004d2e0,"PVGCOLOR::PVGCropFunctions::transcode(unsigned char const* const*, int const*, unsigned char* const*, int const*)",0x0004d434,"PVGCOLOR::PVGCropFunctions::transcode(unsigned char const* const*, int const*, unsigned char* const*, int const*)+0x1b440",BRANCH
0x0004d2f0,"PVGCOLOR::PVGCropFunctions::transcode(unsigned char const* const*, int const*, unsigned char* const*, int const*)",0x0004d434,"PVGCOLOR::PVGCropFunctions::transcode(unsigned char const* const*, int const*, unsigned char* const*, int const*)+0x1b440",BRANCH
0x0004d2fc,"PVGCOLOR::PVGCropFunctions::transcode(unsigned char const* const*, int const*, unsigned char* const*, int const*)",0x0004e620,"PVGCOLOR::PVGCropFunctions::transcode(unsigned char const* const*, int const*, unsigned char* const*, int const*)+0x1c62c",BRANCH
0x0004d304,"PVGCOLOR::PVGCropFunctions::transcode(unsigned char const* const*, int const*, unsigned char* const*, int const*)",0x0004e6a4,"PVGCOLOR::PVGCropFunctions::transcode(unsigned char const* const*, int const*, unsigned char* const*, int const*)+0x1c6b0",BRANCH
0x0004d314,"PVGCOLOR::PVGCropFunctions::transcode(unsigned char const* const*, int const*, unsigned char* const*, int const*)",0x0004e744,"PVGCOLOR::PVGCropFunctions::transcode(unsigned char const* const*, int const*, unsigned char* const*, int const*)+0x1c750",BRANCH
0x0004d320,"PVGCOLOR::PVGCropFunctions::transcode(unsigned char const* const*, int const*, unsigned char* const*, int const*)",0x0004e6c4,"PVGCOLOR::PVGCropFunctions::transcode(unsigned char const* const*, int const*, unsigned char* const*, int const*)+0x1c6d0",BRANCH
0x0004d328,"PVGCOLOR::PVGCropFunctions::transcode(unsigned char const* const*, int const*, unsigned char* const*, int const*)",0x0004e78c,"PVGCOLOR::PVGCropFunctions::transcode(unsigned char const* const*, int const*, unsigned char* const*, int const*)+0x1c798",BRANCH
0x0004d32c,"PVGCOLOR::PVGCropFunctions::transcode(unsigned char const* const*, int const*, unsigned char* const*, int const*)",0x0004d864,"PVGCOLOR::PVGCropFunctions::transcode(unsigned char const* const*, int const*, unsigned char* const*, int const*)+0x1b870",BRANCH
0x0004d364,"PVGCOLOR::PVGCropFunctions::transcode(unsigned char const* const*, int const*, unsigned char* const*, int const*)",0x0004d380,"PVGCOLOR::PVGCropFunctions::transcode(unsigned char const* const*, int const*, unsigned char* const*, int const*)+0x1b38c",BRANCH
0x0004d370,"PVGCOLOR::PVGCropFunctions::transcode(unsigned char const* const*, int const*, unsigned char* const*, int const*)",0x0004d380,"PVGCOLOR::PVGCropFunctions::transcode(unsigned char const* const*, int const*, unsigned char* const*, int const*)+0x1b38c",BRANCH
0x0004d37c,"PVGCOLOR::PVGCropFunctions::transcode(unsigned char const* const*, int const*, unsigned char* const*, int const*)",0x0004d3a4,"PVGCOLOR::PVGCropFunctions::transcode(unsigned char const* const*, int const*, unsigned char* const*, int const*)+0x1b3b0",BRANCH
0x0004d384,"PVGCOLOR::PVGCropFunctions::transcode(unsigned char const* const*, int const*, unsigned char* const*, int const*)",0x0004cbac,"PVGCOLOR::PVGCropFunctions::transcode(unsigned char const* const*, int const*, unsigned char* const*, int const*)+0x1abb8",DIRECT_CALL
0x0004d394,"PVGCOLOR::PVGCropFunctions::transcode(unsigned char const* const*, int const*, unsigned char* const*, int const*)",0x0004c54c,"PVGCOLOR::PVGCropFunctions::transcode(unsigned char const* const*, int const*, unsigned char* const*, int const*)+0x1a558",DIRECT_CALL
0x0004d3b4,"PVGCOLOR::PVGCropFunctions::transcode(unsigned char const* const*, int const*, unsigned char* const*, int const*)",0x0004e26c,"PVGCOLOR::PVGCropFunctions::transcode(unsigned char const* const*, int const*, unsigned char* const*, int const*)+0x1c278",BRANCH
0x0004d3c0,"PVGCOLOR::PVGCropFunctions::transcode(unsigned char const* const*, int const*, unsigned char* const*, int const*)",0x0004e26c,"PVGCOLOR::PVGCropFunctions::transcode(unsigned char const* const*, int const*, unsigned char* const*, int const*)+0x1c278",BRANCH
0x0004d3cc,"PVGCOLOR::PVGCropFunctions::transcode(unsigned char const* const*, int const*, unsigned char* const*, int const*)",0x0004e26c,"PVGCOLOR::PVGCropFunctions::transcode(unsigned char const* const*, int const*, unsigned char* const*, int const*)+0x1c278",BRANCH
0x0004d3e0,"PVGCOLOR::PVGCropFunctions::transcode(unsigned char const* const*, int const*, unsigned char* const*, int const*)",0x0004d8a4,"PVGCOLOR::PVGCropFunctions::transcode(unsigned char const* const*, int const*, unsigned char* const*, int const*)+0x1b8b0",BRANCH
0x0004d3ec,"PVGCOLOR::PVGCropFunctions::transcode(unsigned char const* const*, int const*, unsigned char* const*, int const*)",0x0004e224,"PVGCOLOR::PVGCropFunctions::transcode(unsigned char const* const*, int const*, unsigned char* const*, int const*)+0x1c230",BRANCH
0x0004d404,"PVGCOLOR::PVGCropFunctions::transcode(unsigned char const* const*, int const*, unsigned char* const*, int const*)",0x0004d894,"PVGCOLOR::PVGCropFunctions::transcode(unsigned char const* const*, int const*, unsigned char* const*, int const*)+0x1b8a0",BRANCH
0x0004d420,"PVGCOLOR::PVGCropFunctions::transcode(unsigned char const* const*, int const*, unsigned char* const*, int const*)",0x0004e26c,"PVGCOLOR::PVGCropFunctions::transcode(unsigned char const* const*, int const*, unsigned char* const*, int const*)+0x1c278",BRANCH
0x0004d42c,"PVGCOLOR::PVGCropFunctions::transcode(unsigned char const* const*, int const*, unsigned char* const*, int const*)",0x0004d8a4,"PVGCOLOR::PVGCropFunctions::transcode(unsigned char const* const*, int const*, unsigned char* const*, int const*)+0x1b8b0",BRANCH
0x0004d430,"PVGCOLOR::PVGCropFunctions::transcode(unsigned char const* const*, int const*, unsigned char* const*, int const*)",0x0004e26c,"PVGCOLOR::PVGCropFunctions::transcode(unsigned char const* const*, int const*, unsigned char* const*, int const*)+0x1c278",BRANCH
0x0004d438,"PVGCOLOR::PVGCropFunctions::transcode(unsigned char const* const*, int const*, unsigned char* const*, int const*)",0x0004d4c8,"PVGCOLOR::PVGCropFunctions::transcode(unsigned char const* const*, int const*, unsigned char* const*, int const*)+0x1b4d4",BRANCH
0x0004d440,"PVGCOLOR::PVGCropFunctions::transcode(unsigned char const* const*, int const*, unsigned char* const*, int const*)",0x0004d4c8,"PVGCOLOR::PVGCropFunctions::transcode(unsigned char const* const*, int const*, unsigned char* const*, int const*)+0x1b4d4",BRANCH
0x0004d44c,"PVGCOLOR::PVGCropFunctions::transcode(unsigned char const* const*, int const*, unsigned char* const*, int const*)",0x0004d4c8,"PVGCOLOR::PVGCropFunctions::transcode(unsigned char const* const*, int const*, unsigned char* const*, int const*)+0x1b4d4",BRANCH
0x0004d458,"PVGCOLOR::PVGCropFunctions::transcode(unsigned char const* const*, int const*, unsigned char* const*, int const*)",0x00058c80,_Znwm@plt,DIRECT_CALL
0x0004d460,"PVGCOLOR::PVGCropFunctions::transcode(unsigned char const* const*, int const*, unsigned char* const*, int const*)",N/A,"x8, 0x5f000 <typeinfo for std::__ndk1::__function::__base<void (int)>+0x78>",ADRP_PAGE_REF
0x0004d480,"PVGCOLOR::PVGCropFunctions::transcode(unsigned char const* const*, int const*, unsigned char* const*, int const*)",0x0002d888,"PVGCOLOR::convertToLab(PVGCOLOR::PVGColorPrimaries, PVGCOLOR::PVGColorTransfer, float, float, float, float*, float*, float*)+0x2604",DIRECT_CALL
0x0004d490,"PVGCOLOR::PVGCropFunctions::transcode(unsigned char const* const*, int const*, unsigned char* const*, int const*)",N/A,x8,INDIRECT_CALL
0x0004d4ac,"PVGCOLOR::PVGCropFunctions::transcode(unsigned char const* const*, int const*, unsigned char* const*, int const*)",0x0002e088,"PVGCOLOR::convertToLab(PVGCOLOR::PVGColorPrimaries, PVGCOLOR::PVGColorTransfer, float, float, float, float*, float*, float*)+0x2e04",DIRECT_CALL
0x0004d4b8,"PVGCOLOR::PVGCropFunctions::transcode(unsigned char const* const*, int const*, unsigned char* const*, int const*)",0x0004d6f0,"PVGCOLOR::PVGCropFunctions::transcode(unsigned char const* const*, int const*, unsigned char* const*, int const*)+0x1b6fc",BRANCH
0x0004d4c4,"PVGCOLOR::PVGCropFunctions::transcode(unsigned char const* const*, int const*, unsigned char* const*, int const*)",0x0004d6f8,"PVGCOLOR::PVGCropFunctions::transcode(unsigned char const* const*, int const*, unsigned char* const*, int const*)+0x1b704",BRANCH
0x0004d4cc,"PVGCOLOR::PVGCropFunctions::transcode(unsigned char const* const*, int const*, unsigned char* const*, int const*)",0x0004d744,"PVGCOLOR::PVGCropFunctions::transcode(unsigned char const* const*, int const*, unsigned char* const*, int const*)+0x1b750",BRANCH
0x0004d4e0,"PVGCOLOR::PVGCropFunctions::transcode(unsigned char const* const*, int const*, unsigned char* const*, int const*)",0x0004d504,"PVGCOLOR::PVGCropFunctions::transcode(unsigned char const* const*, int const*, unsigned char* const*, int const*)+0x1b510",BRANCH
0x0004d500,"PVGCOLOR::PVGCropFunctions::transcode(unsigned char const* const*, int const*, unsigned char* const*, int const*)",0x0004d864,"PVGCOLOR::PVGCropFunctions::transcode(unsigned char const* const*, int const*, unsigned char* const*, int const*)+0x1b870",BRANCH
0x0004d514,"PVGCOLOR::PVGCropFunctions::transcode(unsigned char const* const*, int const*, unsigned char* const*, int const*)",0x0004d5e8,"PVGCOLOR::PVGCropFunctions::transcode(unsigned char const* const*, int const*, unsigned char* const*, int const*)+0x1b5f4",BRANCH
0x0004d5d0,"PVGCOLOR::PVGCropFunctions::transcode(unsigned char const* const*, int const*, unsigned char* const*, int const*)",0x0004feb4,"PVGCOLOR::PVGCropFunctions::transcode(unsigned char const* const*, int const*, unsigned char* const*, int const*)+0x1dec0",DIRECT_CALL
0x0004d5e0,"PVGCOLOR::PVGCropFunctions::transcode(unsigned char const* const*, int const*, unsigned char* const*, int const*)",0x0004d51c,"PVGCOLOR::PVGCropFunctions::transcode(unsigned char const* const*, int const*, unsigned char* const*, int const*)+0x1b528",BRANCH
0x0004d5e4,"PVGCOLOR::PVGCropFunctions::transcode(unsigned char const* const*, int const*, unsigned char* const*, int const*)",0x0004d5ec,"PVGCOLOR::PVGCropFunctions::transcode(unsigned char const* const*, int const*, unsigned char* const*, int const*)+0x1b5f8",BRANCH
0x0004d5f4,"PVGCOLOR::PVGCropFunctions::transcode(unsigned char const* const*, int const*, unsigned char* const*, int const*)",0x0004d4e4,"PVGCOLOR::PVGCropFunctions::transcode(unsigned char const* const*, int const*, unsigned char* const*, int const*)+0x1b4f0",BRANCH
0x0004d6b0,"PVGCOLOR::PVGCropFunctions::transcode(unsigned char const* const*, int const*, unsigned char* const*, int const*)",0x0002a8b8,PVGCOLOR::getVersion()+0x8c70,DIRECT_CALL
0x0004d6bc,"PVGCOLOR::PVGCropFunctions::transcode(unsigned char const* const*, int const*, unsigned char* const*, int const*)",0x0004d5f8,"PVGCOLOR::PVGCropFunctions::transcode(unsigned char const* const*, int const*, unsigned char* const*, int const*)+0x1b604",BRANCH
0x0004d6c0,"PVGCOLOR::PVGCropFunctions::transcode(unsigned char const* const*, int const*, unsigned char* const*, int const*)",0x0004d4e4,"PVGCOLOR::PVGCropFunctions::transcode(unsigned char const* const*, int const*, unsigned char* const*, int const*)+0x1b4f0",BRANCH
0x0004d6d4,"PVGCOLOR::PVGCropFunctions::transcode(unsigned char const* const*, int const*, unsigned char* const*, int const*)",0x0004d74c,"PVGCOLOR::PVGCropFunctions::transcode(unsigned char const* const*, int const*, unsigned char* const*, int const*)+0x1b758",BRANCH
0x0004d6e8,"PVGCOLOR::PVGCropFunctions::transcode(unsigned char const* const*, int const*, unsigned char* const*, int const*)",0x0004d17c,"PVGCOLOR::PVGCropFunctions::transcode(unsigned char const* const*, int const*, unsigned char* const*, int const*)+0x1b188",BRANCH
0x0004d6ec,"PVGCOLOR::PVGCropFunctions::transcode(unsigned char const* const*, int const*, unsigned char* const*, int const*)",0x0004d794,"PVGCOLOR::PVGCropFunctions::transcode(unsigned char const* const*, int const*, unsigned char* const*, int const*)+0x1b7a0",BRANCH
0x0004d700,"PVGCOLOR::PVGCropFunctions::transcode(unsigned char const* const*, int const*, unsigned char* const*, int const*)",N/A,x8,INDIRECT_CALL
0x0004d708,"PVGCOLOR::PVGCropFunctions::transcode(unsigned char const* const*, int const*, unsigned char* const*, int const*)",0x0002d9a0,"PVGCOLOR::convertToLab(PVGCOLOR::PVGColorPrimaries, PVGCOLOR::PVGColorTransfer, float, float, float, float*, float*, float*)+0x271c",DIRECT_CALL
0x0004d710,"PVGCOLOR::PVGCropFunctions::transcode(unsigned char const* const*, int const*, unsigned char* const*, int const*)",0x0002d8ec,"PVGCOLOR::convertToLab(PVGCOLOR::PVGColorPrimaries, PVGCOLOR::PVGColorTransfer, float, float, float, float*, float*, float*)+0x2668",DIRECT_CALL
0x0004d720,"PVGCOLOR::PVGCropFunctions::transcode(unsigned char const* const*, int const*, unsigned char* const*, int const*)",0x0004d730,"PVGCOLOR::PVGCropFunctions::transcode(unsigned char const* const*, int const*, unsigned char* const*, int const*)+0x1b73c",BRANCH
0x0004d72c,"PVGCOLOR::PVGCropFunctions::transcode(unsigned char const* const*, int const*, unsigned char* const*, int const*)",0x0004d738,"PVGCOLOR::PVGCropFunctions::transcode(unsigned char const* const*, int const*, unsigned char* const*, int const*)+0x1b744",BRANCH
0x0004d740,"PVGCOLOR::PVGCropFunctions::transcode(unsigned char const* const*, int const*, unsigned char* const*, int const*)",N/A,x8,INDIRECT_CALL
0x0004d748,"PVGCOLOR::PVGCropFunctions::transcode(unsigned char const* const*, int const*, unsigned char* const*, int const*)",0x0004d864,"PVGCOLOR::PVGCropFunctions::transcode(unsigned char const* const*, int const*, unsigned char* const*, int const*)+0x1b870",BRANCH
0x0004d754,"PVGCOLOR::PVGCropFunctions::transcode(unsigned char const* const*, int const*, unsigned char* const*, int const*)",0x0004d17c,"PVGCOLOR::PVGCropFunctions::transcode(unsigned char const* const*, int const*, unsigned char* const*, int const*)+0x1b188",BRANCH
0x0004d778,"PVGCOLOR::PVGCropFunctions::transcode(unsigned char const* const*, int const*, unsigned char* const*, int const*)",0x0004d794,"PVGCOLOR::PVGCropFunctions::transcode(unsigned char const* const*, int const*, unsigned char* const*, int const*)+0x1b7a0",BRANCH
0x0004d784,"PVGCOLOR::PVGCropFunctions::transcode(unsigned char const* const*, int const*, unsigned char* const*, int const*)",0x0004d794,"PVGCOLOR::PVGCropFunctions::transcode(unsigned char const* const*, int const*, unsigned char* const*, int const*)+0x1b7a0",BRANCH
0x0004d790,"PVGCOLOR::PVGCropFunctions::transcode(unsigned char const* const*, int const*, unsigned char* const*, int const*)",0x0004d17c,"PVGCOLOR::PVGCropFunctions::transcode(unsigned char const* const*, int const*, unsigned char* const*, int const*)+0x1b188",BRANCH
0x0004d7a0,"PVGCOLOR::PVGCropFunctions::transcode(unsigned char const* const*, int const*, unsigned char* const*, int const*)",0x000546f0,"PVGCOLOR::PVGOpenGL::createComputeShader(char const*, int*)+0x1c78",DIRECT_CALL
0x0004d7ac,"PVGCOLOR::PVGCropFunctions::transcode(unsigned char const* const*, int const*, unsigned char* const*, int const*)",0x0004d864,"PVGCOLOR::PVGCropFunctions::transcode(unsigned char const* const*, int const*, unsigned char* const*, int const*)+0x1b870",BRANCH
0x0004d7b0,"PVGCOLOR::PVGCropFunctions::transcode(unsigned char const* const*, int const*, unsigned char* const*, int const*)",N/A,"x8, 0x5f000 <typeinfo for std::__ndk1::__function::__base<void (int)>+0x78>",ADRP_PAGE_REF
0x0004d7c0,"PVGCOLOR::PVGCropFunctions::transcode(unsigned char const* const*, int const*, unsigned char* const*, int const*)",0x0004d864,"PVGCOLOR::PVGCropFunctions::transcode(unsigned char const* const*, int const*, unsigned char* const*, int const*)+0x1b870",BRANCH
0x0004d7dc,"PVGCOLOR::PVGCropFunctions::transcode(unsigned char const* const*, int const*, unsigned char* const*, int const*)",N/A,"x15, 0x5f000 <typeinfo for std::__ndk1::__function::__base<void (int)>+0x78>",ADRP_PAGE_REF
0x0004d80c,"PVGCOLOR::PVGCropFunctions::transcode(unsigned char const* const*, int const*, unsigned char* const*, int const*)",N/A,"x3, 0xc000",ADRP_PAGE_REF
0x0004d834,"PVGCOLOR::PVGCropFunctions::transcode(unsigned char const* const*, int const*, unsigned char* const*, int const*)",N/A,"x2, 0xb000",ADRP_PAGE_REF
0x0004d85c,"PVGCOLOR::PVGCropFunctions::transcode(unsigned char const* const*, int const*, unsigned char* const*, int const*)",0x00058f70,__android_log_print@plt,DIRECT_CALL
0x0004d870,"PVGCOLOR::PVGCropFunctions::transcode(unsigned char const* const*, int const*, unsigned char* const*, int const*)",0x0004ea7c,"PVGCOLOR::PVGCropFunctions::transcode(unsigned char const* const*, int const*, unsigned char* const*, int const*)+0x1ca88",BRANCH
0x0004d8a0,"PVGCOLOR::PVGCropFunctions::transcode(unsigned char const* const*, int const*, unsigned char* const*, int const*)",0x0004dad4,"PVGCOLOR::PVGCropFunctions::transcode(unsigned char const* const*, int const*, unsigned char* const*, int const*)+0x1bae0",BRANCH
0x0004d8c8,"PVGCOLOR::PVGCropFunctions::transcode(unsigned char const* const*, int const*, unsigned char* const*, int const*)",0x0004d914,"PVGCOLOR::PVGCropFunctions::transcode(unsigned char const* const*, int const*, unsigned char* const*, int const*)+0x1b920",BRANCH
0x0004d8d0,"PVGCOLOR::PVGCropFunctions::transcode(unsigned char const* const*, int const*, unsigned char* const*, int const*)",0x0004d914,"PVGCOLOR::PVGCropFunctions::transcode(unsigned char const* const*, int const*, unsigned char* const*, int const*)+0x1b920",BRANCH
0x0004d8dc,"PVGCOLOR::PVGCropFunctions::transcode(unsigned char const* const*, int const*, unsigned char* const*, int const*)",0x0004d914,"PVGCOLOR::PVGCropFunctions::transcode(unsigned char const* const*, int const*, unsigned char* const*, int const*)+0x1b920",BRANCH
0x0004d8ec,"PVGCOLOR::PVGCropFunctions::transcode(unsigned char const* const*, int const*, unsigned char* const*, int const*)",0x0004d914,"PVGCOLOR::PVGCropFunctions::transcode(unsigned char const* const*, int const*, unsigned char* const*, int const*)+0x1b920",BRANCH
0x0004d8fc,"PVGCOLOR::PVGCropFunctions::transcode(unsigned char const* const*, int const*, unsigned char* const*, int const*)",0x0004d914,"PVGCOLOR::PVGCropFunctions::transcode(unsigned char const* const*, int const*, unsigned char* const*, int const*)+0x1b920",BRANCH
0x0004d908,"PVGCOLOR::PVGCropFunctions::transcode(unsigned char const* const*, int const*, unsigned char* const*, int const*)",0x0004d914,"PVGCOLOR::PVGCropFunctions::transcode(unsigned char const* const*, int const*, unsigned char* const*, int const*)+0x1b920",BRANCH
0x0004d910,"PVGCOLOR::PVGCropFunctions::transcode(unsigned char const* const*, int const*, unsigned char* const*, int const*)",0x0004d918,"PVGCOLOR::PVGCropFunctions::transcode(unsigned char const* const*, int const*, unsigned char* const*, int const*)+0x1b924",BRANCH
0x0004d91c,"PVGCOLOR::PVGCropFunctions::transcode(unsigned char const* const*, int const*, unsigned char* const*, int const*)",0x0004da08,"PVGCOLOR::PVGCropFunctions::transcode(unsigned char const* const*, int const*, unsigned char* const*, int const*)+0x1ba14",BRANCH
0x0004d950,"PVGCOLOR::PVGCropFunctions::transcode(unsigned char const* const*, int const*, unsigned char* const*, int const*)",N/A,"x0, 0xd000",ADRP_PAGE_REF
0x0004d99c,"PVGCOLOR::PVGCropFunctions::transcode(unsigned char const* const*, int const*, unsigned char* const*, int const*)",0x0004eff8,"PVGCOLOR::PVGCropFunctions::transcode(unsigned char const* const*, int const*, unsigned char* const*, int const*)+0x1d004",DIRECT_CALL
0x0004d9ac,"PVGCOLOR::PVGCropFunctions::transcode(unsigned char const* const*, int const*, unsigned char* const*, int const*)",N/A,"x8, 0x5e000 <typeinfo for std::__ndk1::__function::__base<float (float)>+0x6f0>",ADRP_PAGE_REF
0x0004d9d0,"PVGCOLOR::PVGCropFunctions::transcode(unsigned char const* const*, int const*, unsigned char* const*, int const*)",0x0002d888,"PVGCOLOR::convertToLab(PVGCOLOR::PVGColorPrimaries, PVGCOLOR::PVGColorTransfer, float, float, float, float*, float*, float*)+0x2604",DIRECT_CALL
0x0004d9f0,"PVGCOLOR::PVGCropFunctions::transcode(unsigned char const* const*, int const*, unsigned char* const*, int const*)",0x0004e2f8,"PVGCOLOR::PVGCropFunctions::transcode(unsigned char const* const*, int const*, unsigned char* const*, int const*)+0x1c304",BRANCH
0x0004d9fc,"PVGCOLOR::PVGCropFunctions::transcode(unsigned char const* const*, int const*, unsigned char* const*, int const*)",N/A,x8,INDIRECT_CALL
0x0004da04,"PVGCOLOR::PVGCropFunctions::transcode(unsigned char const* const*, int const*, unsigned char* const*, int const*)",0x0004e314,"PVGCOLOR::PVGCropFunctions::transcode(unsigned char const* const*, int const*, unsigned char* const*, int const*)+0x1c320",BRANCH
0x0004da38,"PVGCOLOR::PVGCropFunctions::transcode(unsigned char const* const*, int const*, unsigned char* const*, int const*)",N/A,"x0, 0xb000",ADRP_PAGE_REF
0x0004da74,"PVGCOLOR::PVGCropFunctions::transcode(unsigned char const* const*, int const*, unsigned char* const*, int const*)",0x0004eff8,"PVGCOLOR::PVGCropFunctions::transcode(unsigned char const* const*, int const*, unsigned char* const*, int const*)+0x1d004",DIRECT_CALL
0x0004da80,"PVGCOLOR::PVGCropFunctions::transcode(unsigned char const* const*, int const*, unsigned char* const*, int const*)",N/A,"x8, 0x5f000 <typeinfo for std::__ndk1::__function::__base<void (int)>+0x78>",ADRP_PAGE_REF
0x0004daa8,"PVGCOLOR::PVGCropFunctions::transcode(unsigned char const* const*, int const*, unsigned char* const*, int const*)",0x0002d888,"PVGCOLOR::convertToLab(PVGCOLOR::PVGColorPrimaries, PVGCOLOR::PVGColorTransfer, float, float, float, float*, float*, float*)+0x2604",DIRECT_CALL
0x0004dabc,"PVGCOLOR::PVGCropFunctions::transcode(unsigned char const* const*, int const*, unsigned char* const*, int const*)",0x0004e3c0,"PVGCOLOR::PVGCropFunctions::transcode(unsigned char const* const*, int const*, unsigned char* const*, int const*)+0x1c3cc",BRANCH
0x0004dac8,"PVGCOLOR::PVGCropFunctions::transcode(unsigned char const* const*, int const*, unsigned char* const*, int const*)",N/A,x8,INDIRECT_CALL
0x0004dad0,"PVGCOLOR::PVGCropFunctions::transcode(unsigned char const* const*, int const*, unsigned char* const*, int const*)",0x0004e3dc,"PVGCOLOR::PVGCropFunctions::transcode(unsigned char const* const*, int const*, unsigned char* const*, int const*)+0x1c3e8",BRANCH
0x0004dae4,"PVGCOLOR::PVGCropFunctions::transcode(unsigned char const* const*, int const*, unsigned char* const*, int const*)",0x0004e224,"PVGCOLOR::PVGCropFunctions::transcode(unsigned char const* const*, int const*, unsigned char* const*, int const*)+0x1c230",BRANCH
0x0004daf8,"PVGCOLOR::PVGCropFunctions::transcode(unsigned char const* const*, int const*, unsigned char* const*, int const*)",0x0004d8a4,"PVGCOLOR::PVGCropFunctions::transcode(unsigned char const* const*, int const*, unsigned char* const*, int const*)+0x1b8b0",BRANCH
0x0004dafc,"PVGCOLOR::PVGCropFunctions::transcode(unsigned char const* const*, int const*, unsigned char* const*, int const*)",0x0004e26c,"PVGCOLOR::PVGCropFunctions::transcode(unsigned char const* const*, int const*, unsigned char* const*, int const*)+0x1c278",BRANCH
0x0004db10,"PVGCOLOR::PVGCropFunctions::transcode(unsigned char const* const*, int const*, unsigned char* const*, int const*)",0x0004dc60,"PVGCOLOR::PVGCropFunctions::transcode(unsigned char const* const*, int const*, unsigned char* const*, int const*)+0x1bc6c",BRANCH
0x0004db24,"PVGCOLOR::PVGCropFunctions::transcode(unsigned char const* const*, int const*, unsigned char* const*, int const*)",0x0004dbc0,"PVGCOLOR::PVGCropFunctions::transcode(unsigned char const* const*, int const*, unsigned char* const*, int const*)+0x1bbcc",BRANCH
0x0004dba0,"PVGCOLOR::PVGCropFunctions::transcode(unsigned char const* const*, int const*, unsigned char* const*, int const*)",0x0004f880,"PVGCOLOR::PVGCropFunctions::transcode(unsigned char const* const*, int const*, unsigned char* const*, int const*)+0x1d88c",DIRECT_CALL
0x0004dbb0,"PVGCOLOR::PVGCropFunctions::transcode(unsigned char const* const*, int const*, unsigned char* const*, int const*)",0x0004db2c,"PVGCOLOR::PVGCropFunctions::transcode(unsigned char const* const*, int const*, unsigned char* const*, int const*)+0x1bb38",BRANCH
0x0004dbbc,"PVGCOLOR::PVGCropFunctions::transcode(unsigned char const* const*, int const*, unsigned char* const*, int const*)",0x0004dc48,"PVGCOLOR::PVGCropFunctions::transcode(unsigned char const* const*, int const*, unsigned char* const*, int const*)+0x1bc54",BRANCH
0x0004dbc4,"PVGCOLOR::PVGCropFunctions::transcode(unsigned char const* const*, int const*, unsigned char* const*, int const*)",0x0004dc48,"PVGCOLOR::PVGCropFunctions::transcode(unsigned char const* const*, int const*, unsigned char* const*, int const*)+0x1bc54",BRANCH
0x0004dc34,"PVGCOLOR::PVGCropFunctions::transcode(unsigned char const* const*, int const*, unsigned char* const*, int const*)",0x0002ad1c,PVGCOLOR::getVersion()+0x90d4,DIRECT_CALL
0x0004dc4c,"PVGCOLOR::PVGCropFunctions::transcode(unsigned char const* const*, int const*, unsigned char* const*, int const*)",0x0004dbc8,"PVGCOLOR::PVGCropFunctions::transcode(unsigned char const* const*, int const*, unsigned char* const*, int const*)+0x1bbd4",BRANCH
0x0004dc5c,"PVGCOLOR::PVGCropFunctions::transcode(unsigned char const* const*, int const*, unsigned char* const*, int const*)",0x0004db20,"PVGCOLOR::PVGCropFunctions::transcode(unsigned char const* const*, int const*, unsigned char* const*, int const*)+0x1bb2c",BRANCH
0x0004dc68,"PVGCOLOR::PVGCropFunctions::transcode(unsigned char const* const*, int const*, unsigned char* const*, int const*)",0x0004e614,"PVGCOLOR::PVGCropFunctions::transcode(unsigned char const* const*, int const*, unsigned char* const*, int const*)+0x1c620",BRANCH
0x0004dc80,"PVGCOLOR::PVGCropFunctions::transcode(unsigned char const* const*, int const*, unsigned char* const*, int const*)",0x0004dc94,"PVGCOLOR::PVGCropFunctions::transcode(unsigned char const* const*, int const*, unsigned char* const*, int const*)+0x1bca0",BRANCH
0x0004dc90,"PVGCOLOR::PVGCropFunctions::transcode(unsigned char const* const*, int const*, unsigned char* const*, int const*)",0x0004d864,"PVGCOLOR::PVGCropFunctions::transcode(unsigned char const* const*, int const*, unsigned char* const*, int const*)+0x1b870",BRANCH
0x0004dca4,"PVGCOLOR::PVGCropFunctions::transcode(unsigned char const* const*, int const*, unsigned char* const*, int const*)",0x0004dd9c,"PVGCOLOR::PVGCropFunctions::transcode(unsigned char const* const*, int const*, unsigned char* const*, int const*)+0x1bda8",BRANCH
0x0004dd84,"PVGCOLOR::PVGCropFunctions::transcode(unsigned char const* const*, int const*, unsigned char* const*, int const*)",0x0004feb4,"PVGCOLOR::PVGCropFunctions::transcode(unsigned char const* const*, int const*, unsigned char* const*, int const*)+0x1dec0",DIRECT_CALL
0x0004dd94,"PVGCOLOR::PVGCropFunctions::transcode(unsigned char const* const*, int const*, unsigned char* const*, int const*)",0x0004dcac,"PVGCOLOR::PVGCropFunctions::transcode(unsigned char const* const*, int const*, unsigned char* const*, int const*)+0x1bcb8",BRANCH
0x0004dd98,"PVGCOLOR::PVGCropFunctions::transcode(unsigned char const* const*, int const*, unsigned char* const*, int const*)",0x0004dda0,"PVGCOLOR::PVGCropFunctions::transcode(unsigned char const* const*, int const*, unsigned char* const*, int const*)+0x1bdac",BRANCH
0x0004ddac,"PVGCOLOR::PVGCropFunctions::transcode(unsigned char const* const*, int const*, unsigned char* const*, int const*)",0x0004dc84,"PVGCOLOR::PVGCropFunctions::transcode(unsigned char const* const*, int const*, unsigned char* const*, int const*)+0x1bc90",BRANCH
0x0004de90,"PVGCOLOR::PVGCropFunctions::transcode(unsigned char const* const*, int const*, unsigned char* const*, int const*)",0x0002a8b8,PVGCOLOR::getVersion()+0x8c70,DIRECT_CALL
0x0004dea0,"PVGCOLOR::PVGCropFunctions::transcode(unsigned char const* const*, int const*, unsigned char* const*, int const*)",0x0004ddb0,"PVGCOLOR::PVGCropFunctions::transcode(unsigned char const* const*, int const*, unsigned char* const*, int const*)+0x1bdbc",BRANCH
0x0004dea4,"PVGCOLOR::PVGCropFunctions::transcode(unsigned char const* const*, int const*, unsigned char* const*, int const*)",0x0004dc84,"PVGCOLOR::PVGCropFunctions::transcode(unsigned char const* const*, int const*, unsigned char* const*, int const*)+0x1bc90",BRANCH
0x0004deb0,"PVGCOLOR::PVGCropFunctions::transcode(unsigned char const* const*, int const*, unsigned char* const*, int const*)",0x0004e0a0,"PVGCOLOR::PVGCropFunctions::transcode(unsigned char const* const*, int const*, unsigned char* const*, int const*)+0x1c0ac",BRANCH
0x0004dec4,"PVGCOLOR::PVGCropFunctions::transcode(unsigned char const* const*, int const*, unsigned char* const*, int const*)",0x0004ded4,"PVGCOLOR::PVGCropFunctions::transcode(unsigned char const* const*, int const*, unsigned char* const*, int const*)+0x1bee0",BRANCH
0x0004ded0,"PVGCOLOR::PVGCropFunctions::transcode(unsigned char const* const*, int const*, unsigned char* const*, int const*)",0x0004e0a0,"PVGCOLOR::PVGCropFunctions::transcode(unsigned char const* const*, int const*, unsigned char* const*, int const*)+0x1c0ac",BRANCH
0x0004dee4,"PVGCOLOR::PVGCropFunctions::transcode(unsigned char const* const*, int const*, unsigned char* const*, int const*)",0x0004dfc0,"PVGCOLOR::PVGCropFunctions::transcode(unsigned char const* const*, int const*, unsigned char* const*, int const*)+0x1bfcc",BRANCH
0x0004dfac,"PVGCOLOR::PVGCropFunctions::transcode(unsigned char const* const*, int const*, unsigned char* const*, int const*)",0x0004feb4,"PVGCOLOR::PVGCropFunctions::transcode(unsigned char const* const*, int const*, unsigned char* const*, int const*)+0x1dec0",DIRECT_CALL
0x0004dfb8,"PVGCOLOR::PVGCropFunctions::transcode(unsigned char const* const*, int const*, unsigned char* const*, int const*)",0x0004deec,"PVGCOLOR::PVGCropFunctions::transcode(unsigned char const* const*, int const*, unsigned char* const*, int const*)+0x1bef8",BRANCH
0x0004dfbc,"PVGCOLOR::PVGCropFunctions::transcode(unsigned char const* const*, int const*, unsigned char* const*, int const*)",0x0004dfc4,"PVGCOLOR::PVGCropFunctions::transcode(unsigned char const* const*, int const*, unsigned char* const*, int const*)+0x1bfd0",BRANCH
0x0004dfc8,"PVGCOLOR::PVGCropFunctions::transcode(unsigned char const* const*, int const*, unsigned char* const*, int const*)",0x0004dec8,"PVGCOLOR::PVGCropFunctions::transcode(unsigned char const* const*, int const*, unsigned char* const*, int const*)+0x1bed4",BRANCH
0x0004e08c,"PVGCOLOR::PVGCropFunctions::transcode(unsigned char const* const*, int const*, unsigned char* const*, int const*)",0x0002a8b8,PVGCOLOR::getVersion()+0x8c70,DIRECT_CALL
0x0004e098,"PVGCOLOR::PVGCropFunctions::transcode(unsigned char const* const*, int const*, unsigned char* const*, int const*)",0x0004dfcc,"PVGCOLOR::PVGCropFunctions::transcode(unsigned char const* const*, int const*, unsigned char* const*, int const*)+0x1bfd8",BRANCH
0x0004e09c,"PVGCOLOR::PVGCropFunctions::transcode(unsigned char const* const*, int const*, unsigned char* const*, int const*)",0x0004dec8,"PVGCOLOR::PVGCropFunctions::transcode(unsigned char const* const*, int const*, unsigned char* const*, int const*)+0x1bed4",BRANCH
0x0004e0ac,"PVGCOLOR::PVGCropFunctions::transcode(unsigned char const* const*, int const*, unsigned char* const*, int const*)",0x0004e614,"PVGCOLOR::PVGCropFunctions::transcode(unsigned char const* const*, int const*, unsigned char* const*, int const*)+0x1c620",BRANCH
0x0004e0c4,"PVGCOLOR::PVGCropFunctions::transcode(unsigned char const* const*, int const*, unsigned char* const*, int const*)",0x0004e16c,"PVGCOLOR::PVGCropFunctions::transcode(unsigned char const* const*, int const*, unsigned char* const*, int const*)+0x1c178",BRANCH
0x0004e154,"PVGCOLOR::PVGCropFunctions::transcode(unsigned char const* const*, int const*, unsigned char* const*, int const*)",0x0004f880,"PVGCOLOR::PVGCropFunctions::transcode(unsigned char const* const*, int const*, unsigned char* const*, int const*)+0x1d88c",DIRECT_CALL
0x0004e160,"PVGCOLOR::PVGCropFunctions::transcode(unsigned char const* const*, int const*, unsigned char* const*, int const*)",0x0004e0d0,"PVGCOLOR::PVGCropFunctions::transcode(unsigned char const* const*, int const*, unsigned char* const*, int const*)+0x1c0dc",BRANCH
0x0004e168,"PVGCOLOR::PVGCropFunctions::transcode(unsigned char const* const*, int const*, unsigned char* const*, int const*)",0x0004e204,"PVGCOLOR::PVGCropFunctions::transcode(unsigned char const* const*, int const*, unsigned char* const*, int const*)+0x1c210",BRANCH
0x0004e174,"PVGCOLOR::PVGCropFunctions::transcode(unsigned char const* const*, int const*, unsigned char* const*, int const*)",0x0004e204,"PVGCOLOR::PVGCropFunctions::transcode(unsigned char const* const*, int const*, unsigned char* const*, int const*)+0x1c210",BRANCH
0x0004e1f8,"PVGCOLOR::PVGCropFunctions::transcode(unsigned char const* const*, int const*, unsigned char* const*, int const*)",0x0002ad1c,PVGCOLOR::getVersion()+0x90d4,DIRECT_CALL
0x0004e208,"PVGCOLOR::PVGCropFunctions::transcode(unsigned char const* const*, int const*, unsigned char* const*, int const*)",0x0004e178,"PVGCOLOR::PVGCropFunctions::transcode(unsigned char const* const*, int const*, unsigned char* const*, int const*)+0x1c184",BRANCH
0x0004e21c,"PVGCOLOR::PVGCropFunctions::transcode(unsigned char const* const*, int const*, unsigned char* const*, int const*)",0x0004e0c0,"PVGCOLOR::PVGCropFunctions::transcode(unsigned char const* const*, int const*, unsigned char* const*, int const*)+0x1c0cc",BRANCH
0x0004e220,"PVGCOLOR::PVGCropFunctions::transcode(unsigned char const* const*, int const*, unsigned char* const*, int const*)",0x0004d864,"PVGCOLOR::PVGCropFunctions::transcode(unsigned char const* const*, int const*, unsigned char* const*, int const*)+0x1b870",BRANCH
0x0004e22c,"PVGCOLOR::PVGCropFunctions::transcode(unsigned char const* const*, int const*, unsigned char* const*, int const*)",0x0004d8a4,"PVGCOLOR::PVGCropFunctions::transcode(unsigned char const* const*, int const*, unsigned char* const*, int const*)+0x1b8b0",BRANCH
0x0004e250,"PVGCOLOR::PVGCropFunctions::transcode(unsigned char const* const*, int const*, unsigned char* const*, int const*)",0x0004e26c,"PVGCOLOR::PVGCropFunctions::transcode(unsigned char const* const*, int const*, unsigned char* const*, int const*)+0x1c278",BRANCH
0x0004e25c,"PVGCOLOR::PVGCropFunctions::transcode(unsigned char const* const*, int const*, unsigned char* const*, int const*)",0x0004e26c,"PVGCOLOR::PVGCropFunctions::transcode(unsigned char const* const*, int const*, unsigned char* const*, int const*)+0x1c278",BRANCH
0x0004e268,"PVGCOLOR::PVGCropFunctions::transcode(unsigned char const* const*, int const*, unsigned char* const*, int const*)",0x0004d8a4,"PVGCOLOR::PVGCropFunctions::transcode(unsigned char const* const*, int const*, unsigned char* const*, int const*)+0x1b8b0",BRANCH
0x0004e278,"PVGCOLOR::PVGCropFunctions::transcode(unsigned char const* const*, int const*, unsigned char* const*, int const*)",0x000546f0,"PVGCOLOR::PVGOpenGL::createComputeShader(char const*, int*)+0x1c78",DIRECT_CALL
0x0004e284,"PVGCOLOR::PVGCropFunctions::transcode(unsigned char const* const*, int const*, unsigned char* const*, int const*)",0x0004d864,"PVGCOLOR::PVGCropFunctions::transcode(unsigned char const* const*, int const*, unsigned char* const*, int const*)+0x1b870",BRANCH
0x0004e288,"PVGCOLOR::PVGCropFunctions::transcode(unsigned char const* const*, int const*, unsigned char* const*, int const*)",N/A,"x8, 0x5f000 <typeinfo for std::__ndk1::__function::__base<void (int)>+0x78>",ADRP_PAGE_REF
0x0004e298,"PVGCOLOR::PVGCropFunctions::transcode(unsigned char const* const*, int const*, unsigned char* const*, int const*)",0x0004d864,"PVGCOLOR::PVGCropFunctions::transcode(unsigned char const* const*, int const*, unsigned char* const*, int const*)+0x1b870",BRANCH
0x0004e29c,"PVGCOLOR::PVGCropFunctions::transcode(unsigned char const* const*, int const*, unsigned char* const*, int const*)",N/A,"x8, 0x5f000 <typeinfo for std::__ndk1::__function::__base<void (int)>+0x78>",ADRP_PAGE_REF
0x0004e2c8,"PVGCOLOR::PVGCropFunctions::transcode(unsigned char const* const*, int const*, unsigned char* const*, int const*)",N/A,"x2, 0xd000",ADRP_PAGE_REF
0x0004e2d0,"PVGCOLOR::PVGCropFunctions::transcode(unsigned char const* const*, int const*, unsigned char* const*, int const*)",N/A,"x3, 0xc000",ADRP_PAGE_REF
0x0004e2f4,"PVGCOLOR::PVGCropFunctions::transcode(unsigned char const* const*, int const*, unsigned char* const*, int const*)",0x0004d85c,"PVGCOLOR::PVGCropFunctions::transcode(unsigned char const* const*, int const*, unsigned char* const*, int const*)+0x1b868",BRANCH
0x0004e310,"PVGCOLOR::PVGCropFunctions::transcode(unsigned char const* const*, int const*, unsigned char* const*, int const*)",N/A,x8,INDIRECT_CALL
0x0004e328,"PVGCOLOR::PVGCropFunctions::transcode(unsigned char const* const*, int const*, unsigned char* const*, int const*)",0x0002e088,"PVGCOLOR::convertToLab(PVGCOLOR::PVGColorPrimaries, PVGCOLOR::PVGColorTransfer, float, float, float, float*, float*, float*)+0x2e04",DIRECT_CALL
0x0004e334,"PVGCOLOR::PVGCropFunctions::transcode(unsigned char const* const*, int const*, unsigned char* const*, int const*)",0x0004e344,"PVGCOLOR::PVGCropFunctions::transcode(unsigned char const* const*, int const*, unsigned char* const*, int const*)+0x1c350",BRANCH
0x0004e340,"PVGCOLOR::PVGCropFunctions::transcode(unsigned char const* const*, int const*, unsigned char* const*, int const*)",0x0004e34c,"PVGCOLOR::PVGCropFunctions::transcode(unsigned char const* const*, int const*, unsigned char* const*, int const*)+0x1c358",BRANCH
0x0004e354,"PVGCOLOR::PVGCropFunctions::transcode(unsigned char const* const*, int const*, unsigned char* const*, int const*)",N/A,x8,INDIRECT_CALL
0x0004e35c,"PVGCOLOR::PVGCropFunctions::transcode(unsigned char const* const*, int const*, unsigned char* const*, int const*)",0x0002d9a0,"PVGCOLOR::convertToLab(PVGCOLOR::PVGColorPrimaries, PVGCOLOR::PVGColorTransfer, float, float, float, float*, float*, float*)+0x271c",DIRECT_CALL
0x0004e360,"PVGCOLOR::PVGCropFunctions::transcode(unsigned char const* const*, int const*, unsigned char* const*, int const*)",N/A,"x8, 0x5e000 <typeinfo for std::__ndk1::__function::__base<float (float)>+0x6f0>",ADRP_PAGE_REF
0x0004e394,"PVGCOLOR::PVGCropFunctions::transcode(unsigned char const* const*, int const*, unsigned char* const*, int const*)",0x0002d888,"PVGCOLOR::convertToLab(PVGCOLOR::PVGColorPrimaries, PVGCOLOR::PVGColorTransfer, float, float, float, float*, float*, float*)+0x2604",DIRECT_CALL
0x0004e3a8,"PVGCOLOR::PVGCropFunctions::transcode(unsigned char const* const*, int const*, unsigned char* const*, int const*)",0x0004e484,"PVGCOLOR::PVGCropFunctions::transcode(unsigned char const* const*, int const*, unsigned char* const*, int const*)+0x1c490",BRANCH
0x0004e3b4,"PVGCOLOR::PVGCropFunctions::transcode(unsigned char const* const*, int const*, unsigned char* const*, int const*)",N/A,x8,INDIRECT_CALL
0x0004e3bc,"PVGCOLOR::PVGCropFunctions::transcode(unsigned char const* const*, int const*, unsigned char* const*, int const*)",0x0004e4a0,"PVGCOLOR::PVGCropFunctions::transcode(unsigned char const* const*, int const*, unsigned char* const*, int const*)+0x1c4ac",BRANCH
0x0004e3d8,"PVGCOLOR::PVGCropFunctions::transcode(unsigned char const* const*, int const*, unsigned char* const*, int const*)",N/A,x8,INDIRECT_CALL
0x0004e3f0,"PVGCOLOR::PVGCropFunctions::transcode(unsigned char const* const*, int const*, unsigned char* const*, int const*)",0x0002e088,"PVGCOLOR::convertToLab(PVGCOLOR::PVGColorPrimaries, PVGCOLOR::PVGColorTransfer, float, float, float, float*, float*, float*)+0x2e04",DIRECT_CALL
0x0004e3fc,"PVGCOLOR::PVGCropFunctions::transcode(unsigned char const* const*, int const*, unsigned char* const*, int const*)",0x0004e40c,"PVGCOLOR::PVGCropFunctions::transcode(unsigned char const* const*, int const*, unsigned char* const*, int const*)+0x1c418",BRANCH
0x0004e408,"PVGCOLOR::PVGCropFunctions::transcode(unsigned char const* const*, int const*, unsigned char* const*, int const*)",0x0004e414,"PVGCOLOR::PVGCropFunctions::transcode(unsigned char const* const*, int const*, unsigned char* const*, int const*)+0x1c420",BRANCH
0x0004e41c,"PVGCOLOR::PVGCropFunctions::transcode(unsigned char const* const*, int const*, unsigned char* const*, int const*)",N/A,x8,INDIRECT_CALL
0x0004e424,"PVGCOLOR::PVGCropFunctions::transcode(unsigned char const* const*, int const*, unsigned char* const*, int const*)",0x0002d9a0,"PVGCOLOR::convertToLab(PVGCOLOR::PVGColorPrimaries, PVGCOLOR::PVGColorTransfer, float, float, float, float*, float*, float*)+0x271c",DIRECT_CALL
0x0004e428,"PVGCOLOR::PVGCropFunctions::transcode(unsigned char const* const*, int const*, unsigned char* const*, int const*)",N/A,"x8, 0x5f000 <typeinfo for std::__ndk1::__function::__base<void (int)>+0x78>",ADRP_PAGE_REF
0x0004e450,"PVGCOLOR::PVGCropFunctions::transcode(unsigned char const* const*, int const*, unsigned char* const*, int const*)",0x0002d888,"PVGCOLOR::convertToLab(PVGCOLOR::PVGColorPrimaries, PVGCOLOR::PVGColorTransfer, float, float, float, float*, float*, float*)+0x2604",DIRECT_CALL
0x0004e46c,"PVGCOLOR::PVGCropFunctions::transcode(unsigned char const* const*, int const*, unsigned char* const*, int const*)",0x0004e548,"PVGCOLOR::PVGCropFunctions::transcode(unsigned char const* const*, int const*, unsigned char* const*, int const*)+0x1c554",BRANCH
0x0004e478,"PVGCOLOR::PVGCropFunctions::transcode(unsigned char const* const*, int const*, unsigned char* const*, int const*)",N/A,x8,INDIRECT_CALL
0x0004e480,"PVGCOLOR::PVGCropFunctions::transcode(unsigned char const* const*, int const*, unsigned char* const*, int const*)",0x0004e564,"PVGCOLOR::PVGCropFunctions::transcode(unsigned char const* const*, int const*, unsigned char* const*, int const*)+0x1c570",BRANCH
0x0004e49c,"PVGCOLOR::PVGCropFunctions::transcode(unsigned char const* const*, int const*, unsigned char* const*, int const*)",N/A,x8,INDIRECT_CALL
0x0004e4b4,"PVGCOLOR::PVGCropFunctions::transcode(unsigned char const* const*, int const*, unsigned char* const*, int const*)",0x0002e088,"PVGCOLOR::convertToLab(PVGCOLOR::PVGColorPrimaries, PVGCOLOR::PVGColorTransfer, float, float, float, float*, float*, float*)+0x2e04",DIRECT_CALL
0x0004e4c0,"PVGCOLOR::PVGCropFunctions::transcode(unsigned char const* const*, int const*, unsigned char* const*, int const*)",0x0004e4d0,"PVGCOLOR::PVGCropFunctions::transcode(unsigned char const* const*, int const*, unsigned char* const*, int const*)+0x1c4dc",BRANCH
0x0004e4cc,"PVGCOLOR::PVGCropFunctions::transcode(unsigned char const* const*, int const*, unsigned char* const*, int const*)",0x0004e4d8,"PVGCOLOR::PVGCropFunctions::transcode(unsigned char const* const*, int const*, unsigned char* const*, int const*)+0x1c4e4",BRANCH
0x0004e4e0,"PVGCOLOR::PVGCropFunctions::transcode(unsigned char const* const*, int const*, unsigned char* const*, int const*)",N/A,x8,INDIRECT_CALL
0x0004e4e8,"PVGCOLOR::PVGCropFunctions::transcode(unsigned char const* const*, int const*, unsigned char* const*, int const*)",0x0002d9a0,"PVGCOLOR::convertToLab(PVGCOLOR::PVGColorPrimaries, PVGCOLOR::PVGColorTransfer, float, float, float, float*, float*, float*)+0x271c",DIRECT_CALL
0x0004e4f0,"PVGCOLOR::PVGCropFunctions::transcode(unsigned char const* const*, int const*, unsigned char* const*, int const*)",0x0002d8ec,"PVGCOLOR::convertToLab(PVGCOLOR::PVGColorPrimaries, PVGCOLOR::PVGColorTransfer, float, float, float, float*, float*, float*)+0x2668",DIRECT_CALL
0x0004e500,"PVGCOLOR::PVGCropFunctions::transcode(unsigned char const* const*, int const*, unsigned char* const*, int const*)",0x0004e510,"PVGCOLOR::PVGCropFunctions::transcode(unsigned char const* const*, int const*, unsigned char* const*, int const*)+0x1c51c",BRANCH
0x0004e50c,"PVGCOLOR::PVGCropFunctions::transcode(unsigned char const* const*, int const*, unsigned char* const*, int const*)",0x0004e518,"PVGCOLOR::PVGCropFunctions::transcode(unsigned char const* const*, int const*, unsigned char* const*, int const*)+0x1c524",BRANCH
0x0004e520,"PVGCOLOR::PVGCropFunctions::transcode(unsigned char const* const*, int const*, unsigned char* const*, int const*)",N/A,x8,INDIRECT_CALL
0x0004e528,"PVGCOLOR::PVGCropFunctions::transcode(unsigned char const* const*, int const*, unsigned char* const*, int const*)",0x0002d8ec,"PVGCOLOR::convertToLab(PVGCOLOR::PVGColorPrimaries, PVGCOLOR::PVGColorTransfer, float, float, float, float*, float*, float*)+0x2668",DIRECT_CALL
0x0004e538,"PVGCOLOR::PVGCropFunctions::transcode(unsigned char const* const*, int const*, unsigned char* const*, int const*)",0x0004e600,"PVGCOLOR::PVGCropFunctions::transcode(unsigned char const* const*, int const*, unsigned char* const*, int const*)+0x1c60c",BRANCH
0x0004e544,"PVGCOLOR::PVGCropFunctions::transcode(unsigned char const* const*, int const*, unsigned char* const*, int const*)",0x0004e608,"PVGCOLOR::PVGCropFunctions::transcode(unsigned char const* const*, int const*, unsigned char* const*, int const*)+0x1c614",BRANCH
0x0004e560,"PVGCOLOR::PVGCropFunctions::transcode(unsigned char const* const*, int const*, unsigned char* const*, int const*)",N/A,x8,INDIRECT_CALL
0x0004e578,"PVGCOLOR::PVGCropFunctions::transcode(unsigned char const* const*, int const*, unsigned char* const*, int const*)",0x0002e088,"PVGCOLOR::convertToLab(PVGCOLOR::PVGColorPrimaries, PVGCOLOR::PVGColorTransfer, float, float, float, float*, float*, float*)+0x2e04",DIRECT_CALL
0x0004e584,"PVGCOLOR::PVGCropFunctions::transcode(unsigned char const* const*, int const*, unsigned char* const*, int const*)",0x0004e594,"PVGCOLOR::PVGCropFunctions::transcode(unsigned char const* const*, int const*, unsigned char* const*, int const*)+0x1c5a0",BRANCH
0x0004e590,"PVGCOLOR::PVGCropFunctions::transcode(unsigned char const* const*, int const*, unsigned char* const*, int const*)",0x0004e59c,"PVGCOLOR::PVGCropFunctions::transcode(unsigned char const* const*, int const*, unsigned char* const*, int const*)+0x1c5a8",BRANCH
0x0004e5a4,"PVGCOLOR::PVGCropFunctions::transcode(unsigned char const* const*, int const*, unsigned char* const*, int const*)",N/A,x8,INDIRECT_CALL
0x0004e5ac,"PVGCOLOR::PVGCropFunctions::transcode(unsigned char const* const*, int const*, unsigned char* const*, int const*)",0x0002d9a0,"PVGCOLOR::convertToLab(PVGCOLOR::PVGColorPrimaries, PVGCOLOR::PVGColorTransfer, float, float, float, float*, float*, float*)+0x271c",DIRECT_CALL
0x0004e5b4,"PVGCOLOR::PVGCropFunctions::transcode(unsigned char const* const*, int const*, unsigned char* const*, int const*)",0x0002d8ec,"PVGCOLOR::convertToLab(PVGCOLOR::PVGColorPrimaries, PVGCOLOR::PVGColorTransfer, float, float, float, float*, float*, float*)+0x2668",DIRECT_CALL
0x0004e5c4,"PVGCOLOR::PVGCropFunctions::transcode(unsigned char const* const*, int const*, unsigned char* const*, int const*)",0x0004e5d4,"PVGCOLOR::PVGCropFunctions::transcode(unsigned char const* const*, int const*, unsigned char* const*, int const*)+0x1c5e0",BRANCH
0x0004e5d0,"PVGCOLOR::PVGCropFunctions::transcode(unsigned char const* const*, int const*, unsigned char* const*, int const*)",0x0004e5dc,"PVGCOLOR::PVGCropFunctions::transcode(unsigned char const* const*, int const*, unsigned char* const*, int const*)+0x1c5e8",BRANCH
0x0004e5e4,"PVGCOLOR::PVGCropFunctions::transcode(unsigned char const* const*, int const*, unsigned char* const*, int const*)",N/A,x8,INDIRECT_CALL
0x0004e5ec,"PVGCOLOR::PVGCropFunctions::transcode(unsigned char const* const*, int const*, unsigned char* const*, int const*)",0x0002d8ec,"PVGCOLOR::convertToLab(PVGCOLOR::PVGColorPrimaries, PVGCOLOR::PVGColorTransfer, float, float, float, float*, float*, float*)+0x2668",DIRECT_CALL
0x0004e5fc,"PVGCOLOR::PVGCropFunctions::transcode(unsigned char const* const*, int const*, unsigned char* const*, int const*)",0x0004e53c,"PVGCOLOR::PVGCropFunctions::transcode(unsigned char const* const*, int const*, unsigned char* const*, int const*)+0x1c548",BRANCH
0x0004e610,"PVGCOLOR::PVGCropFunctions::transcode(unsigned char const* const*, int const*, unsigned char* const*, int const*)",N/A,x8,INDIRECT_CALL
0x0004e61c,"PVGCOLOR::PVGCropFunctions::transcode(unsigned char const* const*, int const*, unsigned char* const*, int const*)",0x0004d864,"PVGCOLOR::PVGCropFunctions::transcode(unsigned char const* const*, int const*, unsigned char* const*, int const*)+0x1b870",BRANCH
0x0004e624,"PVGCOLOR::PVGCropFunctions::transcode(unsigned char const* const*, int const*, unsigned char* const*, int const*)",0x0004e6f8,"PVGCOLOR::PVGCropFunctions::transcode(unsigned char const* const*, int const*, unsigned char* const*, int const*)+0x1c704",BRANCH
0x0004e630,"PVGCOLOR::PVGCropFunctions::transcode(unsigned char const* const*, int const*, unsigned char* const*, int const*)",0x0004e704,"PVGCOLOR::PVGCropFunctions::transcode(unsigned char const* const*, int const*, unsigned char* const*, int const*)+0x1c710",BRANCH
0x0004e63c,"PVGCOLOR::PVGCropFunctions::transcode(unsigned char const* const*, int const*, unsigned char* const*, int const*)",0x0004e738,"PVGCOLOR::PVGCropFunctions::transcode(unsigned char const* const*, int const*, unsigned char* const*, int const*)+0x1c744",BRANCH
0x0004e654,"PVGCOLOR::PVGCropFunctions::transcode(unsigned char const* const*, int const*, unsigned char* const*, int const*)",0x00058ca0,memcpy@plt,DIRECT_CALL
0x0004e66c,"PVGCOLOR::PVGCropFunctions::transcode(unsigned char const* const*, int const*, unsigned char* const*, int const*)",0x00058ca0,memcpy@plt,DIRECT_CALL
0x0004e684,"PVGCOLOR::PVGCropFunctions::transcode(unsigned char const* const*, int const*, unsigned char* const*, int const*)",0x00058ca0,memcpy@plt,DIRECT_CALL
0x0004e69c,"PVGCOLOR::PVGCropFunctions::transcode(unsigned char const* const*, int const*, unsigned char* const*, int const*)",0x00058ca0,memcpy@plt,DIRECT_CALL
0x0004e6a0,"PVGCOLOR::PVGCropFunctions::transcode(unsigned char const* const*, int const*, unsigned char* const*, int const*)",0x0004e614,"PVGCOLOR::PVGCropFunctions::transcode(unsigned char const* const*, int const*, unsigned char* const*, int const*)+0x1c620",BRANCH
0x0004e6a8,"PVGCOLOR::PVGCropFunctions::transcode(unsigned char const* const*, int const*, unsigned char* const*, int const*)",0x0004e71c,"PVGCOLOR::PVGCropFunctions::transcode(unsigned char const* const*, int const*, unsigned char* const*, int const*)+0x1c728",BRANCH
0x0004e6b4,"PVGCOLOR::PVGCropFunctions::transcode(unsigned char const* const*, int const*, unsigned char* const*, int const*)",0x0004e704,"PVGCOLOR::PVGCropFunctions::transcode(unsigned char const* const*, int const*, unsigned char* const*, int const*)+0x1c710",BRANCH
0x0004e6c0,"PVGCOLOR::PVGCropFunctions::transcode(unsigned char const* const*, int const*, unsigned char* const*, int const*)",0x0004d864,"PVGCOLOR::PVGCropFunctions::transcode(unsigned char const* const*, int const*, unsigned char* const*, int const*)+0x1b870",BRANCH
0x0004e6d4,"PVGCOLOR::PVGCropFunctions::transcode(unsigned char const* const*, int const*, unsigned char* const*, int const*)",0x00058ca0,memcpy@plt,DIRECT_CALL
0x0004e6f4,"PVGCOLOR::PVGCropFunctions::transcode(unsigned char const* const*, int const*, unsigned char* const*, int const*)",0x0004e7dc,"PVGCOLOR::PVGCropFunctions::transcode(unsigned char const* const*, int const*, unsigned char* const*, int const*)+0x1c7e8",BRANCH
0x0004e700,"PVGCOLOR::PVGCropFunctions::transcode(unsigned char const* const*, int const*, unsigned char* const*, int const*)",0x0004e780,"PVGCOLOR::PVGCropFunctions::transcode(unsigned char const* const*, int const*, unsigned char* const*, int const*)+0x1c78c",BRANCH
0x0004e714,"PVGCOLOR::PVGCropFunctions::transcode(unsigned char const* const*, int const*, unsigned char* const*, int const*)",0x00058ca0,memcpy@plt,DIRECT_CALL
0x0004e718,"PVGCOLOR::PVGCropFunctions::transcode(unsigned char const* const*, int const*, unsigned char* const*, int const*)",0x0004e614,"PVGCOLOR::PVGCropFunctions::transcode(unsigned char const* const*, int const*, unsigned char* const*, int const*)+0x1c620",BRANCH
0x0004e728,"PVGCOLOR::PVGCropFunctions::transcode(unsigned char const* const*, int const*, unsigned char* const*, int const*)",0x0004e744,"PVGCOLOR::PVGCropFunctions::transcode(unsigned char const* const*, int const*, unsigned char* const*, int const*)+0x1c750",BRANCH
0x0004e730,"PVGCOLOR::PVGCropFunctions::transcode(unsigned char const* const*, int const*, unsigned char* const*, int const*)",0x0004e78c,"PVGCOLOR::PVGCropFunctions::transcode(unsigned char const* const*, int const*, unsigned char* const*, int const*)+0x1c798",BRANCH
0x0004e734,"PVGCOLOR::PVGCropFunctions::transcode(unsigned char const* const*, int const*, unsigned char* const*, int const*)",0x0004d864,"PVGCOLOR::PVGCropFunctions::transcode(unsigned char const* const*, int const*, unsigned char* const*, int const*)+0x1b870",BRANCH
0x0004e740,"PVGCOLOR::PVGCropFunctions::transcode(unsigned char const* const*, int const*, unsigned char* const*, int const*)",0x0004d864,"PVGCOLOR::PVGCropFunctions::transcode(unsigned char const* const*, int const*, unsigned char* const*, int const*)+0x1b870",BRANCH
0x0004e754,"PVGCOLOR::PVGCropFunctions::transcode(unsigned char const* const*, int const*, unsigned char* const*, int const*)",0x00058ca0,memcpy@plt,DIRECT_CALL
0x0004e76c,"PVGCOLOR::PVGCropFunctions::transcode(unsigned char const* const*, int const*, unsigned char* const*, int const*)",0x00058ca0,memcpy@plt,DIRECT_CALL
0x0004e77c,"PVGCOLOR::PVGCropFunctions::transcode(unsigned char const* const*, int const*, unsigned char* const*, int const*)",0x0004e7d4,"PVGCOLOR::PVGCropFunctions::transcode(unsigned char const* const*, int const*, unsigned char* const*, int const*)+0x1c7e0",BRANCH
0x0004e788,"PVGCOLOR::PVGCropFunctions::transcode(unsigned char const* const*, int const*, unsigned char* const*, int const*)",0x0004d864,"PVGCOLOR::PVGCropFunctions::transcode(unsigned char const* const*, int const*, unsigned char* const*, int const*)+0x1b870",BRANCH
0x0004e79c,"PVGCOLOR::PVGCropFunctions::transcode(unsigned char const* const*, int const*, unsigned char* const*, int const*)",0x00058ca0,memcpy@plt,DIRECT_CALL
0x0004e7bc,"PVGCOLOR::PVGCropFunctions::transcode(unsigned char const* const*, int const*, unsigned char* const*, int const*)",0x00058ca0,memcpy@plt,DIRECT_CALL
0x0004e7dc,"PVGCOLOR::PVGCropFunctions::transcode(unsigned char const* const*, int const*, unsigned char* const*, int const*)",0x00058ca0,memcpy@plt,DIRECT_CALL
0x0004e7e4,"PVGCOLOR::PVGCropFunctions::transcode(unsigned char const* const*, int const*, unsigned char* const*, int const*)",0x0004d864,"PVGCOLOR::PVGCropFunctions::transcode(unsigned char const* const*, int const*, unsigned char* const*, int const*)+0x1b870",BRANCH
0x0004e7f4,"PVGCOLOR::PVGCropFunctions::transcode(unsigned char const* const*, int const*, unsigned char* const*, int const*)",0x0004e804,"PVGCOLOR::PVGCropFunctions::transcode(unsigned char const* const*, int const*, unsigned char* const*, int const*)+0x1c810",BRANCH
0x0004e800,"PVGCOLOR::PVGCropFunctions::transcode(unsigned char const* const*, int const*, unsigned char* const*, int const*)",0x0004e80c,"PVGCOLOR::PVGCropFunctions::transcode(unsigned char const* const*, int const*, unsigned char* const*, int const*)+0x1c818",BRANCH
0x0004e818,"PVGCOLOR::PVGCropFunctions::transcode(unsigned char const* const*, int const*, unsigned char* const*, int const*)",N/A,x9,INDIRECT_CALL
0x0004e81c,"PVGCOLOR::PVGCropFunctions::transcode(unsigned char const* const*, int const*, unsigned char* const*, int const*)",0x0004e8ec,"PVGCOLOR::PVGCropFunctions::transcode(unsigned char const* const*, int const*, unsigned char* const*, int const*)+0x1c8f8",BRANCH
0x0004e82c,"PVGCOLOR::PVGCropFunctions::transcode(unsigned char const* const*, int const*, unsigned char* const*, int const*)",0x0004e83c,"PVGCOLOR::PVGCropFunctions::transcode(unsigned char const* const*, int const*, unsigned char* const*, int const*)+0x1c848",BRANCH
0x0004e838,"PVGCOLOR::PVGCropFunctions::transcode(unsigned char const* const*, int const*, unsigned char* const*, int const*)",0x0004e844,"PVGCOLOR::PVGCropFunctions::transcode(unsigned char const* const*, int const*, unsigned char* const*, int const*)+0x1c850",BRANCH
0x0004e850,"PVGCOLOR::PVGCropFunctions::transcode(unsigned char const* const*, int const*, unsigned char* const*, int const*)",N/A,x9,INDIRECT_CALL
0x0004e854,"PVGCOLOR::PVGCropFunctions::transcode(unsigned char const* const*, int const*, unsigned char* const*, int const*)",0x0004e92c,"PVGCOLOR::PVGCropFunctions::transcode(unsigned char const* const*, int const*, unsigned char* const*, int const*)+0x1c938",BRANCH
0x0004e85c,"PVGCOLOR::PVGCropFunctions::transcode(unsigned char const* const*, int const*, unsigned char* const*, int const*)",0x0004e8f4,"PVGCOLOR::PVGCropFunctions::transcode(unsigned char const* const*, int const*, unsigned char* const*, int const*)+0x1c900",BRANCH
0x0004e864,"PVGCOLOR::PVGCropFunctions::transcode(unsigned char const* const*, int const*, unsigned char* const*, int const*)",0x0004e934,"PVGCOLOR::PVGCropFunctions::transcode(unsigned char const* const*, int const*, unsigned char* const*, int const*)+0x1c940",BRANCH
0x0004e874,"PVGCOLOR::PVGCropFunctions::transcode(unsigned char const* const*, int const*, unsigned char* const*, int const*)",0x0004e884,"PVGCOLOR::PVGCropFunctions::transcode(unsigned char const* const*, int const*, unsigned char* const*, int const*)+0x1c890",BRANCH
0x0004e880,"PVGCOLOR::PVGCropFunctions::transcode(unsigned char const* const*, int const*, unsigned char* const*, int const*)",0x0004e88c,"PVGCOLOR::PVGCropFunctions::transcode(unsigned char const* const*, int const*, unsigned char* const*, int const*)+0x1c898",BRANCH
0x0004e898,"PVGCOLOR::PVGCropFunctions::transcode(unsigned char const* const*, int const*, unsigned char* const*, int const*)",N/A,x9,INDIRECT_CALL
0x0004e89c,"PVGCOLOR::PVGCropFunctions::transcode(unsigned char const* const*, int const*, unsigned char* const*, int const*)",0x0004e96c,"PVGCOLOR::PVGCropFunctions::transcode(unsigned char const* const*, int const*, unsigned char* const*, int const*)+0x1c978",BRANCH
0x0004e8ac,"PVGCOLOR::PVGCropFunctions::transcode(unsigned char const* const*, int const*, unsigned char* const*, int const*)",0x0004e8bc,"PVGCOLOR::PVGCropFunctions::transcode(unsigned char const* const*, int const*, unsigned char* const*, int const*)+0x1c8c8",BRANCH
0x0004e8b8,"PVGCOLOR::PVGCropFunctions::transcode(unsigned char const* const*, int const*, unsigned char* const*, int const*)",0x0004e8c4,"PVGCOLOR::PVGCropFunctions::transcode(unsigned char const* const*, int const*, unsigned char* const*, int const*)+0x1c8d0",BRANCH
0x0004e8d0,"PVGCOLOR::PVGCropFunctions::transcode(unsigned char const* const*, int const*, unsigned char* const*, int const*)",N/A,x9,INDIRECT_CALL
0x0004e8d4,"PVGCOLOR::PVGCropFunctions::transcode(unsigned char const* const*, int const*, unsigned char* const*, int const*)",0x0004e994,"PVGCOLOR::PVGCropFunctions::transcode(unsigned char const* const*, int const*, unsigned char* const*, int const*)+0x1c9a0",BRANCH
0x0004e8dc,"PVGCOLOR::PVGCropFunctions::transcode(unsigned char const* const*, int const*, unsigned char* const*, int const*)",0x0004e974,"PVGCOLOR::PVGCropFunctions::transcode(unsigned char const* const*, int const*, unsigned char* const*, int const*)+0x1c980",BRANCH
0x0004e8e4,"PVGCOLOR::PVGCropFunctions::transcode(unsigned char const* const*, int const*, unsigned char* const*, int const*)",0x0004e99c,"PVGCOLOR::PVGCropFunctions::transcode(unsigned char const* const*, int const*, unsigned char* const*, int const*)+0x1c9a8",BRANCH
0x0004e8f0,"PVGCOLOR::PVGCropFunctions::transcode(unsigned char const* const*, int const*, unsigned char* const*, int const*)",0x0002d8ec,"PVGCOLOR::convertToLab(PVGCOLOR::PVGColorPrimaries, PVGCOLOR::PVGColorTransfer, float, float, float, float*, float*, float*)+0x2668",DIRECT_CALL
0x0004e900,"PVGCOLOR::PVGCropFunctions::transcode(unsigned char const* const*, int const*, unsigned char* const*, int const*)",0x0004e910,"PVGCOLOR::PVGCropFunctions::transcode(unsigned char const* const*, int const*, unsigned char* const*, int const*)+0x1c91c",BRANCH
0x0004e90c,"PVGCOLOR::PVGCropFunctions::transcode(unsigned char const* const*, int const*, unsigned char* const*, int const*)",0x0004e918,"PVGCOLOR::PVGCropFunctions::transcode(unsigned char const* const*, int const*, unsigned char* const*, int const*)+0x1c924",BRANCH
0x0004e920,"PVGCOLOR::PVGCropFunctions::transcode(unsigned char const* const*, int const*, unsigned char* const*, int const*)",N/A,x8,INDIRECT_CALL
0x0004e924,"PVGCOLOR::PVGCropFunctions::transcode(unsigned char const* const*, int const*, unsigned char* const*, int const*)",0x0004e96c,"PVGCOLOR::PVGCropFunctions::transcode(unsigned char const* const*, int const*, unsigned char* const*, int const*)+0x1c978",BRANCH
0x0004e930,"PVGCOLOR::PVGCropFunctions::transcode(unsigned char const* const*, int const*, unsigned char* const*, int const*)",0x0002d8ec,"PVGCOLOR::convertToLab(PVGCOLOR::PVGColorPrimaries, PVGCOLOR::PVGColorTransfer, float, float, float, float*, float*, float*)+0x2668",DIRECT_CALL
0x0004e940,"PVGCOLOR::PVGCropFunctions::transcode(unsigned char const* const*, int const*, unsigned char* const*, int const*)",0x0004e950,"PVGCOLOR::PVGCropFunctions::transcode(unsigned char const* const*, int const*, unsigned char* const*, int const*)+0x1c95c",BRANCH
0x0004e94c,"PVGCOLOR::PVGCropFunctions::transcode(unsigned char const* const*, int const*, unsigned char* const*, int const*)",0x0004e958,"PVGCOLOR::PVGCropFunctions::transcode(unsigned char const* const*, int const*, unsigned char* const*, int const*)+0x1c964",BRANCH
0x0004e960,"PVGCOLOR::PVGCropFunctions::transcode(unsigned char const* const*, int const*, unsigned char* const*, int const*)",N/A,x8,INDIRECT_CALL
0x0004e964,"PVGCOLOR::PVGCropFunctions::transcode(unsigned char const* const*, int const*, unsigned char* const*, int const*)",0x0004e994,"PVGCOLOR::PVGCropFunctions::transcode(unsigned char const* const*, int const*, unsigned char* const*, int const*)+0x1c9a0",BRANCH
0x0004e970,"PVGCOLOR::PVGCropFunctions::transcode(unsigned char const* const*, int const*, unsigned char* const*, int const*)",0x0002d8ec,"PVGCOLOR::convertToLab(PVGCOLOR::PVGColorPrimaries, PVGCOLOR::PVGColorTransfer, float, float, float, float*, float*, float*)+0x2668",DIRECT_CALL
0x0004e980,"PVGCOLOR::PVGCropFunctions::transcode(unsigned char const* const*, int const*, unsigned char* const*, int const*)",0x0004e9ac,"PVGCOLOR::PVGCropFunctions::transcode(unsigned char const* const*, int const*, unsigned char* const*, int const*)+0x1c9b8",BRANCH
0x0004e98c,"PVGCOLOR::PVGCropFunctions::transcode(unsigned char const* const*, int const*, unsigned char* const*, int const*)",0x0004e9b4,"PVGCOLOR::PVGCropFunctions::transcode(unsigned char const* const*, int const*, unsigned char* const*, int const*)+0x1c9c0",BRANCH
0x0004e998,"PVGCOLOR::PVGCropFunctions::transcode(unsigned char const* const*, int const*, unsigned char* const*, int const*)",0x0002d8ec,"PVGCOLOR::convertToLab(PVGCOLOR::PVGColorPrimaries, PVGCOLOR::PVGColorTransfer, float, float, float, float*, float*, float*)+0x2668",DIRECT_CALL
0x0004e9a8,"PVGCOLOR::PVGCropFunctions::transcode(unsigned char const* const*, int const*, unsigned char* const*, int const*)",0x0004e984,"PVGCOLOR::PVGCropFunctions::transcode(unsigned char const* const*, int const*, unsigned char* const*, int const*)+0x1c990",BRANCH
0x0004e9bc,"PVGCOLOR::PVGCropFunctions::transcode(unsigned char const* const*, int const*, unsigned char* const*, int const*)",N/A,x8,INDIRECT_CALL
0x0004e9c0,"PVGCOLOR::PVGCropFunctions::transcode(unsigned char const* const*, int const*, unsigned char* const*, int const*)",0x0004ea60,"PVGCOLOR::PVGCropFunctions::transcode(unsigned char const* const*, int const*, unsigned char* const*, int const*)+0x1ca6c",BRANCH
0x0004e9d0,"PVGCOLOR::PVGCropFunctions::transcode(unsigned char const* const*, int const*, unsigned char* const*, int const*)",0x0004e9e0,"PVGCOLOR::PVGCropFunctions::transcode(unsigned char const* const*, int const*, unsigned char* const*, int const*)+0x1c9ec",BRANCH
0x0004e9dc,"PVGCOLOR::PVGCropFunctions::transcode(unsigned char const* const*, int const*, unsigned char* const*, int const*)",0x0004e9e8,"PVGCOLOR::PVGCropFunctions::transcode(unsigned char const* const*, int const*, unsigned char* const*, int const*)+0x1c9f4",BRANCH
0x0004e9f4,"PVGCOLOR::PVGCropFunctions::transcode(unsigned char const* const*, int const*, unsigned char* const*, int const*)",N/A,x9,INDIRECT_CALL
0x0004e9f8,"PVGCOLOR::PVGCropFunctions::transcode(unsigned char const* const*, int const*, unsigned char* const*, int const*)",0x0004ea08,"PVGCOLOR::PVGCropFunctions::transcode(unsigned char const* const*, int const*, unsigned char* const*, int const*)+0x1ca14",BRANCH
0x0004ea00,"PVGCOLOR::PVGCropFunctions::transcode(unsigned char const* const*, int const*, unsigned char* const*, int const*)",0x0004ea30,"PVGCOLOR::PVGCropFunctions::transcode(unsigned char const* const*, int const*, unsigned char* const*, int const*)+0x1ca3c",BRANCH
0x0004ea0c,"PVGCOLOR::PVGCropFunctions::transcode(unsigned char const* const*, int const*, unsigned char* const*, int const*)",0x0002d8ec,"PVGCOLOR::convertToLab(PVGCOLOR::PVGColorPrimaries, PVGCOLOR::PVGColorTransfer, float, float, float, float*, float*, float*)+0x2668",DIRECT_CALL
0x0004ea1c,"PVGCOLOR::PVGCropFunctions::transcode(unsigned char const* const*, int const*, unsigned char* const*, int const*)",0x0004ea2c,"PVGCOLOR::PVGCropFunctions::transcode(unsigned char const* const*, int const*, unsigned char* const*, int const*)+0x1ca38",BRANCH
0x0004ea28,"PVGCOLOR::PVGCropFunctions::transcode(unsigned char const* const*, int const*, unsigned char* const*, int const*)",0x0004ea34,"PVGCOLOR::PVGCropFunctions::transcode(unsigned char const* const*, int const*, unsigned char* const*, int const*)+0x1ca40",BRANCH
0x0004ea40,"PVGCOLOR::PVGCropFunctions::transcode(unsigned char const* const*, int const*, unsigned char* const*, int const*)",N/A,x8,INDIRECT_CALL
0x0004ea44,"PVGCOLOR::PVGCropFunctions::transcode(unsigned char const* const*, int const*, unsigned char* const*, int const*)",0x0004ea60,"PVGCOLOR::PVGCropFunctions::transcode(unsigned char const* const*, int const*, unsigned char* const*, int const*)+0x1ca6c",BRANCH
0x0004ea48,"PVGCOLOR::PVGCropFunctions::transcode(unsigned char const* const*, int const*, unsigned char* const*, int const*)",0x0004ea4c,"PVGCOLOR::PVGCropFunctions::transcode(unsigned char const* const*, int const*, unsigned char* const*, int const*)+0x1ca58",BRANCH
0x0004ea5c,"PVGCOLOR::PVGCropFunctions::transcode(unsigned char const* const*, int const*, unsigned char* const*, int const*)",0x00058c20,_ZdlPv@plt,DIRECT_CALL
0x0004ea70,"PVGCOLOR::PVGCropFunctions::transcode(unsigned char const* const*, int const*, unsigned char* const*, int const*)",0x0004ea7c,"PVGCOLOR::PVGCropFunctions::transcode(unsigned char const* const*, int const*, unsigned char* const*, int const*)+0x1ca88",BRANCH
0x0004ea78,"PVGCOLOR::PVGCropFunctions::transcode(unsigned char const* const*, int const*, unsigned char* const*, int const*)",0x00054f14,"PVGCOLOR::PVGOpenGL::createComputeShader(char const*, int*)+0x249c",DIRECT_CALL
0x0004ea7c,"PVGCOLOR::PVGCropFunctions::transcode(unsigned char const* const*, int const*, unsigned char* const*, int const*)",0x00058cb0,__stack_chk_fail@plt,DIRECT_CALL
0x0004eacc,"PVGCOLOR::PVGCropFunctions::transcode(unsigned char const* const*, int const*, unsigned char* const*, int const*)",0x0004eb60,"PVGCOLOR::PVGCropFunctions::transcode(unsigned char const* const*, int const*, unsigned char* const*, int const*)+0x1cb6c",BRANCH
0x0004ead4,"PVGCOLOR::PVGCropFunctions::transcode(unsigned char const* const*, int const*, unsigned char* const*, int const*)",0x0004eb60,"PVGCOLOR::PVGCropFunctions::transcode(unsigned char const* const*, int const*, unsigned char* const*, int const*)+0x1cb6c",BRANCH
0x0004eae0,"PVGCOLOR::PVGCropFunctions::transcode(unsigned char const* const*, int const*, unsigned char* const*, int const*)",0x0004eb60,"PVGCOLOR::PVGCropFunctions::transcode(unsigned char const* const*, int const*, unsigned char* const*, int const*)+0x1cb6c",BRANCH
0x0004eaec,"PVGCOLOR::PVGCropFunctions::transcode(unsigned char const* const*, int const*, unsigned char* const*, int const*)",0x00058c80,_Znwm@plt,DIRECT_CALL
0x0004eaf4,"PVGCOLOR::PVGCropFunctions::transcode(unsigned char const* const*, int const*, unsigned char* const*, int const*)",N/A,"x8, 0x5e000 <typeinfo for std::__ndk1::__function::__base<float (float)>+0x6f0>",ADRP_PAGE_REF
0x0004eb18,"PVGCOLOR::PVGCropFunctions::transcode(unsigned char const* const*, int const*, unsigned char* const*, int const*)",0x0002d888,"PVGCOLOR::convertToLab(PVGCOLOR::PVGColorPrimaries, PVGCOLOR::PVGColorTransfer, float, float, float, float*, float*, float*)+0x2604",DIRECT_CALL
0x0004eb28,"PVGCOLOR::PVGCropFunctions::transcode(unsigned char const* const*, int const*, unsigned char* const*, int const*)",N/A,x8,INDIRECT_CALL
0x0004eb44,"PVGCOLOR::PVGCropFunctions::transcode(unsigned char const* const*, int const*, unsigned char* const*, int const*)",0x0002dd4c,"PVGCOLOR::convertToLab(PVGCOLOR::PVGColorPrimaries, PVGCOLOR::PVGColorTransfer, float, float, float, float*, float*, float*)+0x2ac8",DIRECT_CALL
0x0004eb50,"PVGCOLOR::PVGCropFunctions::transcode(unsigned char const* const*, int const*, unsigned char* const*, int const*)",0x0004ec0c,"PVGCOLOR::PVGCropFunctions::transcode(unsigned char const* const*, int const*, unsigned char* const*, int const*)+0x1cc18",BRANCH
0x0004eb5c,"PVGCOLOR::PVGCropFunctions::transcode(unsigned char const* const*, int const*, unsigned char* const*, int const*)",0x0004ec14,"PVGCOLOR::PVGCropFunctions::transcode(unsigned char const* const*, int const*, unsigned char* const*, int const*)+0x1cc20",BRANCH
0x0004eb64,"PVGCOLOR::PVGCropFunctions::transcode(unsigned char const* const*, int const*, unsigned char* const*, int const*)",0x0004ec60,"PVGCOLOR::PVGCropFunctions::transcode(unsigned char const* const*, int const*, unsigned char* const*, int const*)+0x1cc6c",BRANCH
0x0004eb6c,"PVGCOLOR::PVGCropFunctions::transcode(unsigned char const* const*, int const*, unsigned char* const*, int const*)",0x0004ec60,"PVGCOLOR::PVGCropFunctions::transcode(unsigned char const* const*, int const*, unsigned char* const*, int const*)+0x1cc6c",BRANCH
0x0004ebec,"PVGCOLOR::PVGCropFunctions::transcode(unsigned char const* const*, int const*, unsigned char* const*, int const*)",0x00029f14,PVGCOLOR::getVersion()+0x82cc,DIRECT_CALL
0x0004ebf8,"PVGCOLOR::PVGCropFunctions::transcode(unsigned char const* const*, int const*, unsigned char* const*, int const*)",0x0004eb78,"PVGCOLOR::PVGCropFunctions::transcode(unsigned char const* const*, int const*, unsigned char* const*, int const*)+0x1cb84",BRANCH
0x0004ec04,"PVGCOLOR::PVGCropFunctions::transcode(unsigned char const* const*, int const*, unsigned char* const*, int const*)",0x0004eb74,"PVGCOLOR::PVGCropFunctions::transcode(unsigned char const* const*, int const*, unsigned char* const*, int const*)+0x1cb80",BRANCH
0x0004ec08,"PVGCOLOR::PVGCropFunctions::transcode(unsigned char const* const*, int const*, unsigned char* const*, int const*)",0x0004ec60,"PVGCOLOR::PVGCropFunctions::transcode(unsigned char const* const*, int const*, unsigned char* const*, int const*)+0x1cc6c",BRANCH
0x0004ec1c,"PVGCOLOR::PVGCropFunctions::transcode(unsigned char const* const*, int const*, unsigned char* const*, int const*)",N/A,x8,INDIRECT_CALL
0x0004ec24,"PVGCOLOR::PVGCropFunctions::transcode(unsigned char const* const*, int const*, unsigned char* const*, int const*)",0x0002d9a0,"PVGCOLOR::convertToLab(PVGCOLOR::PVGColorPrimaries, PVGCOLOR::PVGColorTransfer, float, float, float, float*, float*, float*)+0x271c",DIRECT_CALL
0x0004ec2c,"PVGCOLOR::PVGCropFunctions::transcode(unsigned char const* const*, int const*, unsigned char* const*, int const*)",0x0002d8ec,"PVGCOLOR::convertToLab(PVGCOLOR::PVGColorPrimaries, PVGCOLOR::PVGColorTransfer, float, float, float, float*, float*, float*)+0x2668",DIRECT_CALL
0x0004ec3c,"PVGCOLOR::PVGCropFunctions::transcode(unsigned char const* const*, int const*, unsigned char* const*, int const*)",0x0004ec4c,"PVGCOLOR::PVGCropFunctions::transcode(unsigned char const* const*, int const*, unsigned char* const*, int const*)+0x1cc58",BRANCH
0x0004ec48,"PVGCOLOR::PVGCropFunctions::transcode(unsigned char const* const*, int const*, unsigned char* const*, int const*)",0x0004ec54,"PVGCOLOR::PVGCropFunctions::transcode(unsigned char const* const*, int const*, unsigned char* const*, int const*)+0x1cc60",BRANCH
0x0004ec5c,"PVGCOLOR::PVGCropFunctions::transcode(unsigned char const* const*, int const*, unsigned char* const*, int const*)",N/A,x8,INDIRECT_CALL
0x0004ec70,"PVGCOLOR::PVGCropFunctions::transcode(unsigned char const* const*, int const*, unsigned char* const*, int const*)",0x0004ed30,"PVGCOLOR::PVGCropFunctions::transcode(unsigned char const* const*, int const*, unsigned char* const*, int const*)+0x1cd3c",BRANCH
0x0004eca4,"PVGCOLOR::PVGCropFunctions::transcode(unsigned char const* const*, int const*, unsigned char* const*, int const*)",0x0004ecb4,"PVGCOLOR::PVGCropFunctions::transcode(unsigned char const* const*, int const*, unsigned char* const*, int const*)+0x1ccc0",BRANCH
0x0004ecb0,"PVGCOLOR::PVGCropFunctions::transcode(unsigned char const* const*, int const*, unsigned char* const*, int const*)",0x0004ecbc,"PVGCOLOR::PVGCropFunctions::transcode(unsigned char const* const*, int const*, unsigned char* const*, int const*)+0x1ccc8",BRANCH
0x0004ecc8,"PVGCOLOR::PVGCropFunctions::transcode(unsigned char const* const*, int const*, unsigned char* const*, int const*)",N/A,x9,INDIRECT_CALL
0x0004eccc,"PVGCOLOR::PVGCropFunctions::transcode(unsigned char const* const*, int const*, unsigned char* const*, int const*)",0x0004ecdc,"PVGCOLOR::PVGCropFunctions::transcode(unsigned char const* const*, int const*, unsigned char* const*, int const*)+0x1cce8",BRANCH
0x0004ecd4,"PVGCOLOR::PVGCropFunctions::transcode(unsigned char const* const*, int const*, unsigned char* const*, int const*)",0x0004ed04,"PVGCOLOR::PVGCropFunctions::transcode(unsigned char const* const*, int const*, unsigned char* const*, int const*)+0x1cd10",BRANCH
0x0004ece0,"PVGCOLOR::PVGCropFunctions::transcode(unsigned char const* const*, int const*, unsigned char* const*, int const*)",0x0002d8ec,"PVGCOLOR::convertToLab(PVGCOLOR::PVGColorPrimaries, PVGCOLOR::PVGColorTransfer, float, float, float, float*, float*, float*)+0x2668",DIRECT_CALL
0x0004ecf0,"PVGCOLOR::PVGCropFunctions::transcode(unsigned char const* const*, int const*, unsigned char* const*, int const*)",0x0004ed00,"PVGCOLOR::PVGCropFunctions::transcode(unsigned char const* const*, int const*, unsigned char* const*, int const*)+0x1cd0c",BRANCH
0x0004ecfc,"PVGCOLOR::PVGCropFunctions::transcode(unsigned char const* const*, int const*, unsigned char* const*, int const*)",0x0004ed08,"PVGCOLOR::PVGCropFunctions::transcode(unsigned char const* const*, int const*, unsigned char* const*, int const*)+0x1cd14",BRANCH
0x0004ed14,"PVGCOLOR::PVGCropFunctions::transcode(unsigned char const* const*, int const*, unsigned char* const*, int const*)",N/A,x8,INDIRECT_CALL
0x0004ed24,"PVGCOLOR::PVGCropFunctions::transcode(unsigned char const* const*, int const*, unsigned char* const*, int const*)",0x0004ed30,"PVGCOLOR::PVGCropFunctions::transcode(unsigned char const* const*, int const*, unsigned char* const*, int const*)+0x1cd3c",BRANCH
0x0004ed2c,"PVGCOLOR::PVGCropFunctions::transcode(unsigned char const* const*, int const*, unsigned char* const*, int const*)",0x00054f14,"PVGCOLOR::PVGOpenGL::createComputeShader(char const*, int*)+0x249c",DIRECT_CALL
0x0004ed30,"PVGCOLOR::PVGCropFunctions::transcode(unsigned char const* const*, int const*, unsigned char* const*, int const*)",0x00058cb0,__stack_chk_fail@plt,DIRECT_CALL
0x0004ed84,"PVGCOLOR::PVGCropFunctions::transcode(unsigned char const* const*, int const*, unsigned char* const*, int const*)",0x0004ee18,"PVGCOLOR::PVGCropFunctions::transcode(unsigned char const* const*, int const*, unsigned char* const*, int const*)+0x1ce24",BRANCH
0x0004ed8c,"PVGCOLOR::PVGCropFunctions::transcode(unsigned char const* const*, int const*, unsigned char* const*, int const*)",0x0004ee18,"PVGCOLOR::PVGCropFunctions::transcode(unsigned char const* const*, int const*, unsigned char* const*, int const*)+0x1ce24",BRANCH
0x0004ed98,"PVGCOLOR::PVGCropFunctions::transcode(unsigned char const* const*, int const*, unsigned char* const*, int const*)",0x0004ee18,"PVGCOLOR::PVGCropFunctions::transcode(unsigned char const* const*, int const*, unsigned char* const*, int const*)+0x1ce24",BRANCH
0x0004eda4,"PVGCOLOR::PVGCropFunctions::transcode(unsigned char const* const*, int const*, unsigned char* const*, int const*)",0x00058c80,_Znwm@plt,DIRECT_CALL
0x0004edac,"PVGCOLOR::PVGCropFunctions::transcode(unsigned char const* const*, int const*, unsigned char* const*, int const*)",N/A,"x8, 0x5e000 <typeinfo for std::__ndk1::__function::__base<float (float)>+0x6f0>",ADRP_PAGE_REF
0x0004edd0,"PVGCOLOR::PVGCropFunctions::transcode(unsigned char const* const*, int const*, unsigned char* const*, int const*)",0x0002d888,"PVGCOLOR::convertToLab(PVGCOLOR::PVGColorPrimaries, PVGCOLOR::PVGColorTransfer, float, float, float, float*, float*, float*)+0x2604",DIRECT_CALL
0x0004ede0,"PVGCOLOR::PVGCropFunctions::transcode(unsigned char const* const*, int const*, unsigned char* const*, int const*)",N/A,x8,INDIRECT_CALL
0x0004edfc,"PVGCOLOR::PVGCropFunctions::transcode(unsigned char const* const*, int const*, unsigned char* const*, int const*)",0x0002dd4c,"PVGCOLOR::convertToLab(PVGCOLOR::PVGColorPrimaries, PVGCOLOR::PVGColorTransfer, float, float, float, float*, float*, float*)+0x2ac8",DIRECT_CALL
0x0004ee08,"PVGCOLOR::PVGCropFunctions::transcode(unsigned char const* const*, int const*, unsigned char* const*, int const*)",0x0004eed0,"PVGCOLOR::PVGCropFunctions::transcode(unsigned char const* const*, int const*, unsigned char* const*, int const*)+0x1cedc",BRANCH
0x0004ee14,"PVGCOLOR::PVGCropFunctions::transcode(unsigned char const* const*, int const*, unsigned char* const*, int const*)",0x0004eed8,"PVGCOLOR::PVGCropFunctions::transcode(unsigned char const* const*, int const*, unsigned char* const*, int const*)+0x1cee4",BRANCH
0x0004ee1c,"PVGCOLOR::PVGCropFunctions::transcode(unsigned char const* const*, int const*, unsigned char* const*, int const*)",0x0004ef24,"PVGCOLOR::PVGCropFunctions::transcode(unsigned char const* const*, int const*, unsigned char* const*, int const*)+0x1cf30",BRANCH
0x0004ee24,"PVGCOLOR::PVGCropFunctions::transcode(unsigned char const* const*, int const*, unsigned char* const*, int const*)",0x0004ef24,"PVGCOLOR::PVGCropFunctions::transcode(unsigned char const* const*, int const*, unsigned char* const*, int const*)+0x1cf30",BRANCH
0x0004eeac,"PVGCOLOR::PVGCropFunctions::transcode(unsigned char const* const*, int const*, unsigned char* const*, int const*)",0x0002a598,PVGCOLOR::getVersion()+0x8950,DIRECT_CALL
0x0004eeb8,"PVGCOLOR::PVGCropFunctions::transcode(unsigned char const* const*, int const*, unsigned char* const*, int const*)",0x0004ee34,"PVGCOLOR::PVGCropFunctions::transcode(unsigned char const* const*, int const*, unsigned char* const*, int const*)+0x1ce40",BRANCH
0x0004eec4,"PVGCOLOR::PVGCropFunctions::transcode(unsigned char const* const*, int const*, unsigned char* const*, int const*)",0x0004ee30,"PVGCOLOR::PVGCropFunctions::transcode(unsigned char const* const*, int const*, unsigned char* const*, int const*)+0x1ce3c",BRANCH
0x0004eecc,"PVGCOLOR::PVGCropFunctions::transcode(unsigned char const* const*, int const*, unsigned char* const*, int const*)",0x0004ef24,"PVGCOLOR::PVGCropFunctions::transcode(unsigned char const* const*, int const*, unsigned char* const*, int const*)+0x1cf30",BRANCH
0x0004eee0,"PVGCOLOR::PVGCropFunctions::transcode(unsigned char const* const*, int const*, unsigned char* const*, int const*)",N/A,x8,INDIRECT_CALL
0x0004eee8,"PVGCOLOR::PVGCropFunctions::transcode(unsigned char const* const*, int const*, unsigned char* const*, int const*)",0x0002d9a0,"PVGCOLOR::convertToLab(PVGCOLOR::PVGColorPrimaries, PVGCOLOR::PVGColorTransfer, float, float, float, float*, float*, float*)+0x271c",DIRECT_CALL
0x0004eef0,"PVGCOLOR::PVGCropFunctions::transcode(unsigned char const* const*, int const*, unsigned char* const*, int const*)",0x0002d8ec,"PVGCOLOR::convertToLab(PVGCOLOR::PVGColorPrimaries, PVGCOLOR::PVGColorTransfer, float, float, float, float*, float*, float*)+0x2668",DIRECT_CALL
0x0004ef00,"PVGCOLOR::PVGCropFunctions::transcode(unsigned char const* const*, int const*, unsigned char* const*, int const*)",0x0004ef10,"PVGCOLOR::PVGCropFunctions::transcode(unsigned char const* const*, int const*, unsigned char* const*, int const*)+0x1cf1c",BRANCH
0x0004ef0c,"PVGCOLOR::PVGCropFunctions::transcode(unsigned char const* const*, int const*, unsigned char* const*, int const*)",0x0004ef18,"PVGCOLOR::PVGCropFunctions::transcode(unsigned char const* const*, int const*, unsigned char* const*, int const*)+0x1cf24",BRANCH
0x0004ef20,"PVGCOLOR::PVGCropFunctions::transcode(unsigned char const* const*, int const*, unsigned char* const*, int const*)",N/A,x8,INDIRECT_CALL
0x0004ef34,"PVGCOLOR::PVGCropFunctions::transcode(unsigned char const* const*, int const*, unsigned char* const*, int const*)",0x0004eff4,"PVGCOLOR::PVGCropFunctions::transcode(unsigned char const* const*, int const*, unsigned char* const*, int const*)+0x1d000",BRANCH
0x0004ef68,"PVGCOLOR::PVGCropFunctions::transcode(unsigned char const* const*, int const*, unsigned char* const*, int const*)",0x0004ef78,"PVGCOLOR::PVGCropFunctions::transcode(unsigned char const* const*, int const*, unsigned char* const*, int const*)+0x1cf84",BRANCH
0x0004ef74,"PVGCOLOR::PVGCropFunctions::transcode(unsigned char const* const*, int const*, unsigned char* const*, int const*)",0x0004ef80,"PVGCOLOR::PVGCropFunctions::transcode(unsigned char const* const*, int const*, unsigned char* const*, int const*)+0x1cf8c",BRANCH
0x0004ef8c,"PVGCOLOR::PVGCropFunctions::transcode(unsigned char const* const*, int const*, unsigned char* const*, int const*)",N/A,x9,INDIRECT_CALL
0x0004ef90,"PVGCOLOR::PVGCropFunctions::transcode(unsigned char const* const*, int const*, unsigned char* const*, int const*)",0x0004efa0,"PVGCOLOR::PVGCropFunctions::transcode(unsigned char const* const*, int const*, unsigned char* const*, int const*)+0x1cfac",BRANCH
0x0004ef98,"PVGCOLOR::PVGCropFunctions::transcode(unsigned char const* const*, int const*, unsigned char* const*, int const*)",0x0004efc8,"PVGCOLOR::PVGCropFunctions::transcode(unsigned char const* const*, int const*, unsigned char* const*, int const*)+0x1cfd4",BRANCH
0x0004efa4,"PVGCOLOR::PVGCropFunctions::transcode(unsigned char const* const*, int const*, unsigned char* const*, int const*)",0x0002d8ec,"PVGCOLOR::convertToLab(PVGCOLOR::PVGColorPrimaries, PVGCOLOR::PVGColorTransfer, float, float, float, float*, float*, float*)+0x2668",DIRECT_CALL
0x0004efb4,"PVGCOLOR::PVGCropFunctions::transcode(unsigned char const* const*, int const*, unsigned char* const*, int const*)",0x0004efc4,"PVGCOLOR::PVGCropFunctions::transcode(unsigned char const* const*, int const*, unsigned char* const*, int const*)+0x1cfd0",BRANCH
0x0004efc0,"PVGCOLOR::PVGCropFunctions::transcode(unsigned char const* const*, int const*, unsigned char* const*, int const*)",0x0004efcc,"PVGCOLOR::PVGCropFunctions::transcode(unsigned char const* const*, int const*, unsigned char* const*, int const*)+0x1cfd8",BRANCH
0x0004efd8,"PVGCOLOR::PVGCropFunctions::transcode(unsigned char const* const*, int const*, unsigned char* const*, int const*)",N/A,x8,INDIRECT_CALL
0x0004efe8,"PVGCOLOR::PVGCropFunctions::transcode(unsigned char const* const*, int const*, unsigned char* const*, int const*)",0x0004eff4,"PVGCOLOR::PVGCropFunctions::transcode(unsigned char const* const*, int const*, unsigned char* const*, int const*)+0x1d000",BRANCH
0x0004eff0,"PVGCOLOR::PVGCropFunctions::transcode(unsigned char const* const*, int const*, unsigned char* const*, int const*)",0x00054f14,"PVGCOLOR::PVGOpenGL::createComputeShader(char const*, int*)+0x249c",DIRECT_CALL
0x0004eff4,"PVGCOLOR::PVGCropFunctions::transcode(unsigned char const* const*, int const*, unsigned char* const*, int const*)",0x00058cb0,__stack_chk_fail@plt,DIRECT_CALL
0x0004f024,"PVGCOLOR::PVGCropFunctions::transcode(unsigned char const* const*, int const*, unsigned char* const*, int const*)",0x0004f15c,"PVGCOLOR::PVGCropFunctions::transcode(unsigned char const* const*, int const*, unsigned char* const*, int const*)+0x1d168",BRANCH
0x0004f064,"PVGCOLOR::PVGCropFunctions::transcode(unsigned char const* const*, int const*, unsigned char* const*, int const*)",0x0004f1f4,"PVGCOLOR::PVGCropFunctions::transcode(unsigned char const* const*, int const*, unsigned char* const*, int const*)+0x1d200",BRANCH
0x0004f07c,"PVGCOLOR::PVGCropFunctions::transcode(unsigned char const* const*, int const*, unsigned char* const*, int const*)",0x0004f1f4,"PVGCOLOR::PVGCropFunctions::transcode(unsigned char const* const*, int const*, unsigned char* const*, int const*)+0x1d200",BRANCH
0x0004f0e4,"PVGCOLOR::PVGCropFunctions::transcode(unsigned char const* const*, int const*, unsigned char* const*, int const*)",0x0004f328,"PVGCOLOR::PVGCropFunctions::transcode(unsigned char const* const*, int const*, unsigned char* const*, int const*)+0x1d334",BRANCH
0x0004f0ec,"PVGCOLOR::PVGCropFunctions::transcode(unsigned char const* const*, int const*, unsigned char* const*, int const*)",0x0004f328,"PVGCOLOR::PVGCropFunctions::transcode(unsigned char const* const*, int const*, unsigned char* const*, int const*)+0x1d334",BRANCH
0x0004f0f8,"PVGCOLOR::PVGCropFunctions::transcode(unsigned char const* const*, int const*, unsigned char* const*, int const*)",0x0004f164,"PVGCOLOR::PVGCropFunctions::transcode(unsigned char const* const*, int const*, unsigned char* const*, int const*)+0x1d170",BRANCH
0x0004f100,"PVGCOLOR::PVGCropFunctions::transcode(unsigned char const* const*, int const*, unsigned char* const*, int const*)",0x0004f1cc,"PVGCOLOR::PVGCropFunctions::transcode(unsigned char const* const*, int const*, unsigned char* const*, int const*)+0x1d1d8",BRANCH
0x0004f10c,"PVGCOLOR::PVGCropFunctions::transcode(unsigned char const* const*, int const*, unsigned char* const*, int const*)",0x0004f258,"PVGCOLOR::PVGCropFunctions::transcode(unsigned char const* const*, int const*, unsigned char* const*, int const*)+0x1d264",BRANCH
0x0004f114,"PVGCOLOR::PVGCropFunctions::transcode(unsigned char const* const*, int const*, unsigned char* const*, int const*)",0x0004f120,"PVGCOLOR::PVGCropFunctions::transcode(unsigned char const* const*, int const*, unsigned char* const*, int const*)+0x1d12c",BRANCH
0x0004f11c,"PVGCOLOR::PVGCropFunctions::transcode(unsigned char const* const*, int const*, unsigned char* const*, int const*)",0x0004f28c,"PVGCOLOR::PVGCropFunctions::transcode(unsigned char const* const*, int const*, unsigned char* const*, int const*)+0x1d298",BRANCH
0x0004f130,"PVGCOLOR::PVGCropFunctions::transcode(unsigned char const* const*, int const*, unsigned char* const*, int const*)",0x0004f328,"PVGCOLOR::PVGCropFunctions::transcode(unsigned char const* const*, int const*, unsigned char* const*, int const*)+0x1d334",BRANCH
0x0004f138,"PVGCOLOR::PVGCropFunctions::transcode(unsigned char const* const*, int const*, unsigned char* const*, int const*)",0x0004f328,"PVGCOLOR::PVGCropFunctions::transcode(unsigned char const* const*, int const*, unsigned char* const*, int const*)+0x1d334",BRANCH
0x0004f140,"PVGCOLOR::PVGCropFunctions::transcode(unsigned char const* const*, int const*, unsigned char* const*, int const*)",0x0004f328,"PVGCOLOR::PVGCropFunctions::transcode(unsigned char const* const*, int const*, unsigned char* const*, int const*)+0x1d334",BRANCH
0x0004f14c,"PVGCOLOR::PVGCropFunctions::transcode(unsigned char const* const*, int const*, unsigned char* const*, int const*)",0x0004f328,"PVGCOLOR::PVGCropFunctions::transcode(unsigned char const* const*, int const*, unsigned char* const*, int const*)+0x1d334",BRANCH
0x0004f154,"PVGCOLOR::PVGCropFunctions::transcode(unsigned char const* const*, int const*, unsigned char* const*, int const*)",0x0004f28c,"PVGCOLOR::PVGCropFunctions::transcode(unsigned char const* const*, int const*, unsigned char* const*, int const*)+0x1d298",BRANCH
0x0004f158,"PVGCOLOR::PVGCropFunctions::transcode(unsigned char const* const*, int const*, unsigned char* const*, int const*)",0x0004f328,"PVGCOLOR::PVGCropFunctions::transcode(unsigned char const* const*, int const*, unsigned char* const*, int const*)+0x1d334",BRANCH
0x0004f160,"PVGCOLOR::PVGCropFunctions::transcode(unsigned char const* const*, int const*, unsigned char* const*, int const*)",0x0004f3e8,"PVGCOLOR::PVGCropFunctions::transcode(unsigned char const* const*, int const*, unsigned char* const*, int const*)+0x1d3f4",BRANCH
0x0004f16c,"PVGCOLOR::PVGCropFunctions::transcode(unsigned char const* const*, int const*, unsigned char* const*, int const*)",0x0004f28c,"PVGCOLOR::PVGCropFunctions::transcode(unsigned char const* const*, int const*, unsigned char* const*, int const*)+0x1d298",BRANCH
0x0004f17c,"PVGCOLOR::PVGCropFunctions::transcode(unsigned char const* const*, int const*, unsigned char* const*, int const*)",0x0004f27c,"PVGCOLOR::PVGCropFunctions::transcode(unsigned char const* const*, int const*, unsigned char* const*, int const*)+0x1d288",BRANCH
0x0004f184,"PVGCOLOR::PVGCropFunctions::transcode(unsigned char const* const*, int const*, unsigned char* const*, int const*)",0x0004f318,"PVGCOLOR::PVGCropFunctions::transcode(unsigned char const* const*, int const*, unsigned char* const*, int const*)+0x1d324",BRANCH
0x0004f194,"PVGCOLOR::PVGCropFunctions::transcode(unsigned char const* const*, int const*, unsigned char* const*, int const*)",0x0004f28c,"PVGCOLOR::PVGCropFunctions::transcode(unsigned char const* const*, int const*, unsigned char* const*, int const*)+0x1d298",BRANCH
0x0004f19c,"PVGCOLOR::PVGCropFunctions::transcode(unsigned char const* const*, int const*, unsigned char* const*, int const*)",0x0004f328,"PVGCOLOR::PVGCropFunctions::transcode(unsigned char const* const*, int const*, unsigned char* const*, int const*)+0x1d334",BRANCH
0x0004f1a4,"PVGCOLOR::PVGCropFunctions::transcode(unsigned char const* const*, int const*, unsigned char* const*, int const*)",0x0004f328,"PVGCOLOR::PVGCropFunctions::transcode(unsigned char const* const*, int const*, unsigned char* const*, int const*)+0x1d334",BRANCH
0x0004f1ac,"PVGCOLOR::PVGCropFunctions::transcode(unsigned char const* const*, int const*, unsigned char* const*, int const*)",0x0004f328,"PVGCOLOR::PVGCropFunctions::transcode(unsigned char const* const*, int const*, unsigned char* const*, int const*)+0x1d334",BRANCH
0x0004f1b4,"PVGCOLOR::PVGCropFunctions::transcode(unsigned char const* const*, int const*, unsigned char* const*, int const*)",0x0004f328,"PVGCOLOR::PVGCropFunctions::transcode(unsigned char const* const*, int const*, unsigned char* const*, int const*)+0x1d334",BRANCH
0x0004f1c8,"PVGCOLOR::PVGCropFunctions::transcode(unsigned char const* const*, int const*, unsigned char* const*, int const*)",0x0004f328,"PVGCOLOR::PVGCropFunctions::transcode(unsigned char const* const*, int const*, unsigned char* const*, int const*)+0x1d334",BRANCH
0x0004f1d0,"PVGCOLOR::PVGCropFunctions::transcode(unsigned char const* const*, int const*, unsigned char* const*, int const*)",0x0004f328,"PVGCOLOR::PVGCropFunctions::transcode(unsigned char const* const*, int const*, unsigned char* const*, int const*)+0x1d334",BRANCH
0x0004f1d8,"PVGCOLOR::PVGCropFunctions::transcode(unsigned char const* const*, int const*, unsigned char* const*, int const*)",0x0004f328,"PVGCOLOR::PVGCropFunctions::transcode(unsigned char const* const*, int const*, unsigned char* const*, int const*)+0x1d334",BRANCH
0x0004f1e0,"PVGCOLOR::PVGCropFunctions::transcode(unsigned char const* const*, int const*, unsigned char* const*, int const*)",0x0004f328,"PVGCOLOR::PVGCropFunctions::transcode(unsigned char const* const*, int const*, unsigned char* const*, int const*)+0x1d334",BRANCH
0x0004f1f0,"PVGCOLOR::PVGCropFunctions::transcode(unsigned char const* const*, int const*, unsigned char* const*, int const*)",0x0004f328,"PVGCOLOR::PVGCropFunctions::transcode(unsigned char const* const*, int const*, unsigned char* const*, int const*)+0x1d334",BRANCH
0x0004f1fc,"PVGCOLOR::PVGCropFunctions::transcode(unsigned char const* const*, int const*, unsigned char* const*, int const*)",0x0004f684,"PVGCOLOR::PVGCropFunctions::transcode(unsigned char const* const*, int const*, unsigned char* const*, int const*)+0x1d690",BRANCH
0x0004f204,"PVGCOLOR::PVGCropFunctions::transcode(unsigned char const* const*, int const*, unsigned char* const*, int const*)",0x0004f684,"PVGCOLOR::PVGCropFunctions::transcode(unsigned char const* const*, int const*, unsigned char* const*, int const*)+0x1d690",BRANCH
0x0004f210,"PVGCOLOR::PVGCropFunctions::transcode(unsigned char const* const*, int const*, unsigned char* const*, int const*)",0x0004f490,"PVGCOLOR::PVGCropFunctions::transcode(unsigned char const* const*, int const*, unsigned char* const*, int const*)+0x1d49c",BRANCH
0x0004f218,"PVGCOLOR::PVGCropFunctions::transcode(unsigned char const* const*, int const*, unsigned char* const*, int const*)",0x0004f5b4,"PVGCOLOR::PVGCropFunctions::transcode(unsigned char const* const*, int const*, unsigned char* const*, int const*)+0x1d5c0",BRANCH
0x0004f220,"PVGCOLOR::PVGCropFunctions::transcode(unsigned char const* const*, int const*, unsigned char* const*, int const*)",0x0004f4b0,"PVGCOLOR::PVGCropFunctions::transcode(unsigned char const* const*, int const*, unsigned char* const*, int const*)+0x1d4bc",BRANCH
0x0004f228,"PVGCOLOR::PVGCropFunctions::transcode(unsigned char const* const*, int const*, unsigned char* const*, int const*)",0x0004f674,"PVGCOLOR::PVGCropFunctions::transcode(unsigned char const* const*, int const*, unsigned char* const*, int const*)+0x1d680",BRANCH
0x0004f230,"PVGCOLOR::PVGCropFunctions::transcode(unsigned char const* const*, int const*, unsigned char* const*, int const*)",0x0004f618,"PVGCOLOR::PVGCropFunctions::transcode(unsigned char const* const*, int const*, unsigned char* const*, int const*)+0x1d624",BRANCH
0x0004f240,"PVGCOLOR::PVGCropFunctions::transcode(unsigned char const* const*, int const*, unsigned char* const*, int const*)",0x0004f684,"PVGCOLOR::PVGCropFunctions::transcode(unsigned char const* const*, int const*, unsigned char* const*, int const*)+0x1d690",BRANCH
0x0004f248,"PVGCOLOR::PVGCropFunctions::transcode(unsigned char const* const*, int const*, unsigned char* const*, int const*)",0x0004f684,"PVGCOLOR::PVGCropFunctions::transcode(unsigned char const* const*, int const*, unsigned char* const*, int const*)+0x1d690",BRANCH
0x0004f250,"PVGCOLOR::PVGCropFunctions::transcode(unsigned char const* const*, int const*, unsigned char* const*, int const*)",0x0004f618,"PVGCOLOR::PVGCropFunctions::transcode(unsigned char const* const*, int const*, unsigned char* const*, int const*)+0x1d624",BRANCH
0x0004f254,"PVGCOLOR::PVGCropFunctions::transcode(unsigned char const* const*, int const*, unsigned char* const*, int const*)",0x0004f684,"PVGCOLOR::PVGCropFunctions::transcode(unsigned char const* const*, int const*, unsigned char* const*, int const*)+0x1d690",BRANCH
0x0004f260,"PVGCOLOR::PVGCropFunctions::transcode(unsigned char const* const*, int const*, unsigned char* const*, int const*)",0x0004f328,"PVGCOLOR::PVGCropFunctions::transcode(unsigned char const* const*, int const*, unsigned char* const*, int const*)+0x1d334",BRANCH
0x0004f268,"PVGCOLOR::PVGCropFunctions::transcode(unsigned char const* const*, int const*, unsigned char* const*, int const*)",0x0004f328,"PVGCOLOR::PVGCropFunctions::transcode(unsigned char const* const*, int const*, unsigned char* const*, int const*)+0x1d334",BRANCH
0x0004f274,"PVGCOLOR::PVGCropFunctions::transcode(unsigned char const* const*, int const*, unsigned char* const*, int const*)",0x0004f28c,"PVGCOLOR::PVGCropFunctions::transcode(unsigned char const* const*, int const*, unsigned char* const*, int const*)+0x1d298",BRANCH
