LIBRARY,FUNCTION_ID,RVA,VA_IF_RELEVANT,SIZE,SECTION,RECOVERED_NAME,ORIGINAL_SYMBOL_IF_ANY,EXPORT,JNI_DIRECT_EXPORT,REGISTER_NATIVES_TARGET,CALLER_COUNT,CALLEE_COUNT,CALLERS,CALLEES,IMPORTED_APIS,STRING_XREFS,GLOBAL_XREFS,VTABLE_OR_CLASS,FUNCTION_SHA256,DECOMPILE_STATUS,SEMANTIC_LABEL,CONFIDENCE,NOTES
libfftw3.so,libfftw3.so:sub_19d20,0x19d20,0x19d20,8,.text,sub_19d20,,NO,NO,NO,0,0,,,,,,,2B59DB05426E0F313D72B30F3398C65721DE2562A59DC46CEEBA224F98D0B876,CFG_ANALYZED,UTILITY,UNKNOWN,Disassembled 2 instructions; calls 0 imported APIs
libfftw3.so,libfftw3.so:sub_19d28,0x19d28,0x19d28,88,.text,sub_19d28,,NO,NO,NO,0,0,,,fftwf_kernel_malloc;fftwf_assertion_failed,"""/Volumes/workspace/Git/tool/fftw/clip/src/alloc.c""",,,3A1D493F91D00D7CC6321AA3090422116CE9872C34285015D481ED254B70342D,CFG_ANALYZED,UTILITY,UNKNOWN,Disassembled 22 instructions; calls 2 imported APIs
libfftw3.so,libfftw3.so:sub_19d80,0x19d80,0x19d80,4,.text,sub_19d80,,NO,NO,NO,0,0,,,,,,,1F53C75CFFAA41AB46102AAFC1DCE28FD6D73213E8C6DAF7B94CB9EA6F91D125,CFG_ANALYZED,UTILITY,UNKNOWN,Disassembled 1 instructions; calls 0 imported APIs
libfftw3.so,libfftw3.so:sub_19d84,0x19d84,0x19d84,12,.text,sub_19d84,,NO,NO,NO,0,0,,,,,,,708AD1FC1A460388AF9EE7D7F6E55E336DD1D85BF03138D61226B28298628E7A,CFG_ANALYZED,UTILITY,UNKNOWN,Disassembled 3 instructions; calls 0 imported APIs
libfftw3.so,libfftw3.so:sub_19d90,0x19d90,0x19d90,4,.text,sub_19d90,,NO,NO,NO,0,0,,,,,,,F5139EE39E40D78F0A8DFF546719F619177554A9908773C504DD8DF84873B497,CFG_ANALYZED,UTILITY,UNKNOWN,Disassembled 1 instructions; calls 0 imported APIs
libfftw3.so,libfftw3.so:sub_19d94,0x19d94,0x19d94,456,.text,sub_19d94,,NO,NO,NO,0,3,,libfftw3.so:sub_19f5c;libfftw3.so:sub_19f5c;libfftw3.so:sub_19f5c,fftwf_the_planner;fftwf_get_crude_time;fftwf_plan_destroy_internal;fftwf_mapflags;fftwf_malloc_plain;fftwf_plan_awake;fftwf_plan_destroy_internal;fftwf_problem_destroy,,,,4E4A658AEC41D99B86FD893730B184BABE709C49D3794BB45F37A8880DE4A524,CFG_ANALYZED,UTILITY,UNKNOWN,Disassembled 114 instructions; calls 8 imported APIs
libfftw3.so,libfftw3.so:sub_19f5c,0x19f5c,0x19f5c,364,.text,sub_19f5c,,NO,NO,NO,3,0,libfftw3.so:sub_19d94;libfftw3.so:sub_19d94;libfftw3.so:sub_19d94,,fftwf_mapflags;fftwf_mapflags;fftwf_mapflags;fftwf_mapflags,,,,B91B98A025AF243BBEA15C7FAEA8A27263116151A7660AE3359BBF926997CBB1,CFG_ANALYZED,UTILITY,UNKNOWN,Disassembled 91 instructions; calls 4 imported APIs
libfftw3.so,libfftw3.so:sub_1a0c8,0x1a0c8,0x1a0c8,4,.text,sub_1a0c8,,NO,NO,NO,0,0,,,,,,,A311F2A4A885465DA0C27564718D374E0F8D67FE8A86887E11535AD6C4AEF238,CFG_ANALYZED,UTILITY,UNKNOWN,Disassembled 1 instructions; calls 0 imported APIs
libfftw3.so,libfftw3.so:sub_1a0cc,0x1a0cc,0x1a0cc,68,.text,sub_1a0cc,,NO,NO,NO,0,0,,,fftwf_plan_awake;fftwf_plan_destroy_internal;fftwf_problem_destroy,,,,6C4A710B3AACCDACD1A42E57E9F3EB5EE085266FFD42B26E0A6314E823C3BB25,CFG_ANALYZED,UTILITY,UNKNOWN,Disassembled 17 instructions; calls 3 imported APIs
libfftw3.so,libfftw3.so:sub_1a110,0x1a110,0x1a110,76,.text,sub_1a110,,NO,NO,NO,0,0,,,fflush;fprintf;abort,,0x7d098;0x7d130,,C9326EAD777561DBA11989617C62E374D8911B95CEB21385564DE0DEBC6BF345,CFG_ANALYZED,UTILITY,UNKNOWN,Disassembled 19 instructions; calls 3 imported APIs
libfftw3.so,libfftw3.so:sub_1a15c,0x1a15c,0x1a15c,4,.text,sub_1a15c,,NO,NO,NO,0,0,,,,,,,110F46B5B35C069160560C6AD6786F647DD44E8760A52A46FC22DBBCD7630B91,CFG_ANALYZED,UTILITY,UNKNOWN,Disassembled 1 instructions; calls 0 imported APIs
libfftw3.so,libfftw3.so:sub_1a160,0x1a160,0x1a160,172,.text,sub_1a160,,NO,NO,NO,0,0,,,fftwf_imax;fftwf_imin;fftwf_imin;fftwf_imax,,,,523FD11D0B9CF2F53257FACE1B890D6961D3A5CC0D4EB968F5C8389AB1089FA2,CFG_ANALYZED,UTILITY,UNKNOWN,Disassembled 43 instructions; calls 4 imported APIs
libfftw3.so,libfftw3.so:sub_1a20c,0x1a20c,0x1a20c,8,.text,sub_1a20c,,NO,NO,NO,0,0,,,,,,,09B253B8C9D060F3127ACB4555433C424E1E59001FDD5F44B09B03A317392A94,CFG_ANALYZED,UTILITY,UNKNOWN,Disassembled 2 instructions; calls 0 imported APIs
libfftw3.so,libfftw3.so:sub_1a214,0x1a214,0x1a214,60,.text,sub_1a214,,NO,NO,NO,0,0,,,fftwf_modulo,,,,825BCE4FCA8D31683B5A132A5CDE4E086343338F5A0795DB548945E02F75A655,CFG_ANALYZED,UTILITY,UNKNOWN,Disassembled 15 instructions; calls 1 imported APIs
libfftw3.so,libfftw3.so:sub_1a250,0x1a250,0x1a250,12,.text,sub_1a250,,NO,NO,NO,0,0,,,,,,,E626970F4CC4BEB56F7783A33EDB6B039FB602A6D7D2E14F51929D3A19D6ADD4,CFG_ANALYZED,UTILITY,UNKNOWN,Disassembled 3 instructions; calls 0 imported APIs
libfftw3.so,libfftw3.so:sub_1a25c,0x1a25c,0x1a25c,8,.text,sub_1a25c,,NO,NO,NO,0,0,,,,,,,73698A27D4F1E8687A147274E464640996A59CAD51BABAAD67F7FC7514BFFE64,CFG_ANALYZED,UTILITY,UNKNOWN,Disassembled 2 instructions; calls 0 imported APIs
libfftw3.so,libfftw3.so:sub_1a264,0x1a264,0x1a264,376,.text,sub_1a264,,NO,NO,NO,0,0,,,fftwf_imax;fftwf_imin;fftwf_imin;fftwf_imax;fftwf_imax;fftwf_imin;fftwf_imin;fftwf_imax,,,,0AF166AA17F289AC14E8A3F6C0B961F3CA67AC523E4A198E8881B9C7EAFEECC0,CFG_ANALYZED,UTILITY,UNKNOWN,Disassembled 94 instructions; calls 8 imported APIs
libfftw3.so,libfftw3.so:sub_1a3dc,0x1a3dc,0x1a3dc,96,.text,sub_1a3dc,,NO,NO,NO,0,0,,,fftwf_mksolver;fftwf_solver_register;fftwf_mksolver,,,,63C309F7F861827A2F67F0DEF7647C6FC6AEBC88EF9A1AF3157CBB84960146FB,CFG_ANALYZED,UTILITY,UNKNOWN,Disassembled 24 instructions; calls 3 imported APIs
libfftw3.so,libfftw3.so:sub_1a43c,0x1a43c,0x1a43c,1208,.text,sub_1a43c,,NO,NO,NO,0,0,,,fftwf_tensor_tornk1;fftwf_toobig;fftwf_nbuf_redundant;fftwf_ifree0;fftwf_plan_destroy_internal;fftwf_plan_destroy_internal;fftwf_plan_destroy_internal;fftwf_tensor_inplace_strides2;fftwf_toobig;fftwf_tensor_sz,,,,D7E0A14CE3FFA3F2488FEFD26E00A1080FFCEE3ACA80A3716179A20D7C13A059,CFG_ANALYZED,UTILITY,UNKNOWN,Disassembled 302 instructions; calls 36 imported APIs
libfftw3.so,libfftw3.so:sub_1a8f4,0x1a8f4,0x1a8f4,64,.text,sub_1a8f4,,NO,NO,NO,0,0,,,fftwf_plan_awake;fftwf_plan_awake,,,,4497D58BB3178F6F91DB74A60F46909DC7F051E6BEC1222D4AC9225490DC721F,CFG_ANALYZED,UTILITY,UNKNOWN,Disassembled 16 instructions; calls 2 imported APIs
libfftw3.so,libfftw3.so:sub_1a934,0x1a934,0x1a934,72,.text,sub_1a934,,NO,NO,NO,0,0,,,,,,,7A432F721EA602E4102B9E4D4F2DC991A010BB13DA4B30A3C370A212BDA8D9F6,CFG_ANALYZED,UTILITY,UNKNOWN,Disassembled 18 instructions; calls 0 imported APIs
libfftw3.so,libfftw3.so:sub_1a97c,0x1a97c,0x1a97c,52,.text,sub_1a97c,,NO,NO,NO,0,0,,,fftwf_plan_destroy_internal;fftwf_plan_destroy_internal,,,,591314150D72912E431A933784217F0F7655EAEAD807DBA6D9B4836B5DAC77FA,CFG_ANALYZED,UTILITY,UNKNOWN,Disassembled 13 instructions; calls 2 imported APIs
libfftw3.so,libfftw3.so:sub_1a9b0,0x1a9b0,0x1a9b0,216,.text,sub_1a9b0,,NO,NO,NO,0,0,,,fftwf_malloc_plain;fftwf_ifree,,,,407052DC2B1EDDCB0454367076C69F943363305A1C325CAAF10B36E61552BA40,CFG_ANALYZED,UTILITY,UNKNOWN,Disassembled 54 instructions; calls 2 imported APIs
libfftw3.so,libfftw3.so:sub_1aa88,0x1aa88,0x1aa88,212,.text,sub_1aa88,,NO,NO,NO,0,0,,,fftwf_malloc_plain;fftwf_ifree,,,,91ADF8D2C5FECD73FCF765CABC3260C25F0429E962BEF9E74236424EC35C21CA,CFG_ANALYZED,UTILITY,UNKNOWN,Disassembled 53 instructions; calls 2 imported APIs
libfftw3.so,libfftw3.so:sub_1ab5c,0x1ab5c,0x1ab5c,96,.text,sub_1ab5c,,NO,NO,NO,0,0,,,fftwf_mksolver;fftwf_solver_register;fftwf_mksolver,,,,A8983556D8504E9078368426D63188FF596456206B0FB3B02B1021B73437139E,CFG_ANALYZED,UTILITY,UNKNOWN,Disassembled 24 instructions; calls 3 imported APIs
libfftw3.so,libfftw3.so:sub_1abbc,0x1abbc,0x1abbc,1540,.text,sub_1abbc,,NO,NO,NO,0,0,,,fftwf_tensor_tornk1;fftwf_toobig;fftwf_nbuf_redundant;fftwf_ifree0;fftwf_plan_destroy_internal;fftwf_plan_destroy_internal;fftwf_plan_destroy_internal;fftwf_rdft2_inplace_strides;fftwf_toobig;fftwf_tensor_sz,,,,6073A1BCBDF919A5875D3D66F9EE5C6BF5EE5F76ECFBF0EF7683852B471A12B3,CFG_ANALYZED,UTILITY,UNKNOWN,Disassembled 385 instructions; calls 45 imported APIs
libfftw3.so,libfftw3.so:sub_1b1c0,0x1b1c0,0x1b1c0,64,.text,sub_1b1c0,,NO,NO,NO,0,0,,,fftwf_plan_awake;fftwf_plan_awake,,,,5F075DB0F8083B6FADA2E6D753C95C8249736728D5B072DF3C5415D882D17449,CFG_ANALYZED,UTILITY,UNKNOWN,Disassembled 16 instructions; calls 2 imported APIs
libfftw3.so,libfftw3.so:sub_1b200,0x1b200,0x1b200,72,.text,sub_1b200,,NO,NO,NO,0,0,,,,,,,29F2FF740620A9C11423ED415EB2013E1E187207229D3C4F4E49CC6A5C4F9C35,CFG_ANALYZED,UTILITY,UNKNOWN,Disassembled 18 instructions; calls 0 imported APIs
libfftw3.so,libfftw3.so:sub_1b248,0x1b248,0x1b248,52,.text,sub_1b248,,NO,NO,NO,0,0,,,fftwf_plan_destroy_internal;fftwf_plan_destroy_internal,,,,846FA3DC7884136BCA82869FF312F8625D7B77226072FEED85A386022093EAD2,CFG_ANALYZED,UTILITY,UNKNOWN,Disassembled 13 instructions; calls 2 imported APIs
libfftw3.so,libfftw3.so:sub_1b27c,0x1b27c,0x1b27c,344,.text,sub_1b27c,,NO,NO,NO,0,0,,,fftwf_malloc_plain;fftwf_ifree,,,,F94A3AE86F9607E3998FD7F39011E3E5192B7F81C88FB7CD3D2A68593FDE65FF,CFG_ANALYZED,UTILITY,UNKNOWN,Disassembled 86 instructions; calls 2 imported APIs
libfftw3.so,libfftw3.so:sub_1b3d4,0x1b3d4,0x1b3d4,328,.text,sub_1b3d4,,NO,NO,NO,0,0,,,fftwf_malloc_plain;fftwf_ifree,,,,9EAD6AB514000EE049B762941D33E674BB578881D888B2FA16D9FCEE2EB0F72A,CFG_ANALYZED,UTILITY,UNKNOWN,Disassembled 82 instructions; calls 2 imported APIs
libfftw3.so,libfftw3.so:sub_1b51c,0x1b51c,0x1b51c,16,.text,sub_1b51c,,NO,NO,NO,0,0,,,,,,,C8EFDE90C2741D0E216DFC870453E7E8AFAAE99F975FAA12D7CABF8317CA63E1,CFG_ANALYZED,UTILITY,UNKNOWN,Disassembled 4 instructions; calls 0 imported APIs
libfftw3.so,libfftw3.so:sub_1b52c,0x1b52c,0x1b52c,92,.text,sub_1b52c,,NO,NO,NO,0,0,,,fftwf_solvtab_exec;fftwf_solvtab_exec;fftwf_have_simd_neon,,,,A759D072E806A7F27356CFE60F8C2FECE53D3A41B9A5E8A60835620095DE986B,CFG_ANALYZED,UTILITY,UNKNOWN,Disassembled 23 instructions; calls 3 imported APIs
libfftw3.so,libfftw3.so:sub_1b588,0x1b588,0x1b588,36,.text,sub_1b588,,NO,NO,NO,0,0,,,fftwf_rdft_conf_standard,,,,67D01DC635B33F0FF9AAD6305244ABC80BE7F6BDAEC5D63EB69404DA0CD9B536,CFG_ANALYZED,UTILITY,UNKNOWN,Disassembled 9 instructions; calls 1 imported APIs
libfftw3.so,libfftw3.so:sub_1b5ac,0x1b5ac,0x1b5ac,832,.text,sub_1b5ac,,NO,NO,NO,0,0,,,,,,,F6017F7311E6945EC0C8915C810187676024608C630EC071504A3D8E0AC8EBB1,CFG_ANALYZED,UTILITY,UNKNOWN,Disassembled 208 instructions; calls 0 imported APIs
libfftw3.so,libfftw3.so:sub_1b8ec,0x1b8ec,0x1b8ec,80,.text,sub_1b8ec,,NO,NO,NO,0,0,,,,,,,5FE95E6879A58B958180018B1256EB735EE71AC088777CFCD1EFB2B16428A3F8,CFG_ANALYZED,UTILITY,UNKNOWN,Disassembled 20 instructions; calls 0 imported APIs
libfftw3.so,libfftw3.so:sub_1b93c,0x1b93c,0x1b93c,80,.text,sub_1b93c,,NO,NO,NO,0,0,,,,,,,780DC3B18E5920747869E0BA032499D5EB57C5A6DF5D44BAAA961A634610A2C8,CFG_ANALYZED,UTILITY,UNKNOWN,Disassembled 20 instructions; calls 0 imported APIs
libfftw3.so,libfftw3.so:sub_1b98c,0x1b98c,0x1b98c,4,.text,sub_1b98c,,NO,NO,NO,0,0,,,,,,,826A882B0C59C1E16ABB097A7413227F93A720B222C30C3F31F1E3E35B9D5599,CFG_ANALYZED,UTILITY,UNKNOWN,Disassembled 1 instructions; calls 0 imported APIs
libfftw3.so,libfftw3.so:sub_1b990,0x1b990,0x1b990,196,.text,sub_1b990,,NO,NO,NO,0,0,,,fftwf_compute_tilesz;fftwf_tile2d;__stack_chk_fail,,,,569ADFA4933928589E2B45AC754D4D50F67C14A1FB023DA76EFEB504355A2CB3,CFG_ANALYZED,UTILITY,UNKNOWN,Disassembled 49 instructions; calls 3 imported APIs
libfftw3.so,libfftw3.so:sub_1ba54,0x1ba54,0x1ba54,104,.text,sub_1ba54,,NO,NO,NO,0,0,,,fftwf_cpy2d,,,,1AF7C0F655140CCA7F5BBDD43BF1F6F152F135EEFDC9696685898824985068B7,CFG_ANALYZED,UTILITY,UNKNOWN,Disassembled 26 instructions; calls 1 imported APIs
libfftw3.so,libfftw3.so:sub_1babc,0x1babc,0x1babc,212,.text,sub_1babc,,NO,NO,NO,0,0,,,fftwf_compute_tilesz;fftwf_tile2d;__stack_chk_fail,,,,0EF56A6A58FCB032197A0A596DB10800FFF25A03A52DC1F8865674B081488661,CFG_ANALYZED,UTILITY,UNKNOWN,Disassembled 53 instructions; calls 3 imported APIs
libfftw3.so,libfftw3.so:sub_1bb90,0x1bb90,0x1bb90,288,.text,sub_1bb90,,NO,NO,NO,0,0,,,fftwf_cpy2d;fftwf_cpy2d,,,,7EF3BD8DF8CEEDB26773AE55E0F8E9656BE7EE66A3AEBF16B0C5F7F1A8C98963,CFG_ANALYZED,UTILITY,UNKNOWN,Disassembled 72 instructions; calls 2 imported APIs
libfftw3.so,libfftw3.so:sub_1bcb0,0x1bcb0,0x1bcb0,156,.text,sub_1bcb0,,NO,NO,NO,0,0,,,fftwf_mksolver_hc2c;fftwf_solver_register;fftwf_mksolver_hc2c,,,,D3323098C676207AC2CEE1D7C9B270A6A7365F1E7E558663D672A9388014E458,CFG_ANALYZED,UTILITY,UNKNOWN,Disassembled 39 instructions; calls 3 imported APIs
libfftw3.so,libfftw3.so:sub_1bd4c,0x1bd4c,0x1bd4c,1224,.text,sub_1bd4c,,NO,NO,NO,0,0,,,fftwf_ct_uglyp;fftwf_mktensor_1d;fftwf_mktensor_0d;fftwf_mkproblem_rdft2_d;fftwf_mkplan_d;fftwf_mktensor_1d;fftwf_mktensor_0d;fftwf_mktensor_0d;fftwf_mkproblem_rdft2_d;fftwf_mkplan_d,,,,DEFABB01BD3489765980B46AAAAF9098242113FCF7CD7249E394721B2F101D07,CFG_ANALYZED,UTILITY,UNKNOWN,Disassembled 306 instructions; calls 17 imported APIs
libfftw3.so,libfftw3.so:sub_1c214,0x1c214,0x1c214,100,.text,sub_1c214,,NO,NO,NO,0,0,,,fftwf_plan_awake;fftwf_plan_awake,,,,1D27A324B5B7ED18FB31199D449E88EC2CA6FCAC7DC47D92122ACADE9E9B440E,CFG_ANALYZED,UTILITY,UNKNOWN,Disassembled 25 instructions; calls 2 imported APIs
libfftw3.so,libfftw3.so:sub_1c278,0x1c278,0x1c278,192,.text,sub_1c278,,NO,NO,NO,0,0,,,fftwf_twiddle_length;fftwf_twiddle_length,"""(hc2c-direct-%D/%D/%D%v ""%s""%(%p%)%(%p%))""",,,9ABC0B4FF8BF1DBD90255843DFF3A3EDC67ED43EE5D796BF431478A26E3917FF,CFG_ANALYZED,UTILITY,UNKNOWN,Disassembled 48 instructions; calls 2 imported APIs
libfftw3.so,libfftw3.so:sub_1c338,0x1c338,0x1c338,40,.text,sub_1c338,,NO,NO,NO,0,0,,,fftwf_plan_destroy_internal,,,,7E617DF3DA8F1CF9775D3286C22B3E0C391D5541726D435E03A610C3BFD6945E,CFG_ANALYZED,UTILITY,UNKNOWN,Disassembled 10 instructions; calls 1 imported APIs
libfftw3.so,libfftw3.so:sub_1c360,0x1c360,0x1c360,1300,.text,sub_1c360,,NO,NO,NO,0,0,,,fftwf_malloc_plain;fftwf_cpy2d_pair_ci;fftwf_cpy2d_pair_ci;fftwf_cpy2d_pair_co;fftwf_cpy2d_pair_co;fftwf_cpy2d_pair_ci;fftwf_cpy2d_pair_ci;fftwf_cpy2d_pair_co;fftwf_cpy2d_pair_co;fftwf_ifree,,,,999EEB7BED124678DAC7EA58342A5F2723F73DD2173C265111D30680E4A3D0B0,CFG_ANALYZED,UTILITY,UNKNOWN,Disassembled 325 instructions; calls 11 imported APIs
libfftw3.so,libfftw3.so:sub_1c874,0x1c874,0x1c874,440,.text,sub_1c874,,NO,NO,NO,0,0,,,,,,,639E101D29D568AA9418F24E2018C6DB7BAAA10B493AE2283EE4356446D0072D,CFG_ANALYZED,UTILITY,UNKNOWN,Disassembled 110 instructions; calls 0 imported APIs
libfftw3.so,libfftw3.so:sub_1ca2c,0x1ca2c,0x1ca2c,332,.text,sub_1ca2c,,NO,NO,NO,0,0,,,,,,,F3D2F57A6DD8E2C40A48B5A3AE2C6B359E91218ABCE21A1256941E67D5CA7480,CFG_ANALYZED,UTILITY,UNKNOWN,Disassembled 83 instructions; calls 0 imported APIs
libfftw3.so,libfftw3.so:sub_1cb78,0x1cb78,0x1cb78,196,.text,sub_1cb78,,NO,NO,NO,0,0,,,fftwf_choose_radix,,,,9615B725B734BE2DF1C76894EFF84714BBD6ABC6A2F3DDE74F0B7447417864E2,CFG_ANALYZED,UTILITY,UNKNOWN,Disassembled 49 instructions; calls 1 imported APIs
libfftw3.so,libfftw3.so:sub_1cc3c,0x1cc3c,0x1cc3c,68,.text,sub_1cc3c,,NO,NO,NO,0,0,,,fftwf_mksolver,,,,2C271C025A4499A5CA9413034EC398B9CC086E5139B9BA5AB6EF546B6C6968FA,CFG_ANALYZED,UTILITY,UNKNOWN,Disassembled 17 instructions; calls 1 imported APIs
libfftw3.so,libfftw3.so:sub_1cc80,0x1cc80,0x1cc80,1032,.text,sub_1cc80,,NO,NO,NO,0,0,,,fftwf_choose_radix;fftwf_choose_radix;fftwf_tensor_tornk1;fftwf_mktensor_1d;fftwf_mktensor_3d;fftwf_mkproblem_rdft_1_d;fftwf_mkplan_d;fftwf_mktensor_1d;fftwf_mktensor_3d;fftwf_mkproblem_rdft_1_d,,,,967FD7B5D86906BB39CFD1FFDE55EA189BFEA875A56F880FA2B15346BCF97D62,CFG_ANALYZED,UTILITY,UNKNOWN,Disassembled 258 instructions; calls 24 imported APIs
libfftw3.so,libfftw3.so:sub_1d088,0x1d088,0x1d088,36,.text,sub_1d088,,NO,NO,NO,0,0,,,fftwf_mkplan,,,,E8EE1C0282DD48BB2CDCAADFD236B921620E649C83C6C2C4BA3FBABF80ADC3D1,CFG_ANALYZED,UTILITY,UNKNOWN,Disassembled 9 instructions; calls 1 imported APIs
libfftw3.so,libfftw3.so:sub_1d0ac,0x1d0ac,0x1d0ac,124,.text,sub_1d0ac,,NO,NO,NO,0,0,,,fftwf_plan_awake,"""dif"";""dit""",,,398E8758F91EB9982327B11F9F837BED379C54A4304E605CB5E9FCAF8594A119,CFG_ANALYZED,UTILITY,UNKNOWN,Disassembled 31 instructions; calls 1 imported APIs
libfftw3.so,libfftw3.so:sub_1d128,0x1d128,0x1d128,40,.text,sub_1d128,,NO,NO,NO,0,0,,,fftwf_plan_destroy_internal,,,,D18F9FC8F363F69C57DB957265DAD37FE2EC4FF8BDA1ABAF8EC185F9B57A188B,CFG_ANALYZED,UTILITY,UNKNOWN,Disassembled 10 instructions; calls 1 imported APIs
libfftw3.so,libfftw3.so:sub_1d150,0x1d150,0x1d150,76,.text,sub_1d150,,NO,NO,NO,0,0,,,,,,,A5ED0468EC878F7AC6DB293C217790748B02AB4EDE8BD57E5B16423D3FA82E34,CFG_ANALYZED,UTILITY,UNKNOWN,Disassembled 19 instructions; calls 0 imported APIs
libfftw3.so,libfftw3.so:sub_1d19c,0x1d19c,0x1d19c,72,.text,sub_1d19c,,NO,NO,NO,0,0,,,,,,,B4134D3355ABC0A32F584E0F26FA6F5D7C0867868E8E56C1107AB8D95D689E00,CFG_ANALYZED,UTILITY,UNKNOWN,Disassembled 18 instructions; calls 0 imported APIs
libfftw3.so,libfftw3.so:sub_1d1e4,0x1d1e4,0x1d1e4,80,.text,sub_1d1e4,,NO,NO,NO,0,0,,,,,,,45EC40A638D7BC68E8776A467B927A9674733AB71B1C2536FD8B64E38CFE8180,CFG_ANALYZED,UTILITY,UNKNOWN,Disassembled 20 instructions; calls 0 imported APIs
libfftw3.so,libfftw3.so:sub_1d234,0x1d234,0x1d234,104,.text,sub_1d234,,NO,NO,NO,0,0,,,,,,,73B8BAB89BF8CC486C696530EB23526E56AE51B74132B991EC596C2C4BA469AA,CFG_ANALYZED,UTILITY,UNKNOWN,Disassembled 26 instructions; calls 0 imported APIs
libfftw3.so,libfftw3.so:sub_1d29c,0x1d29c,0x1d29c,68,.text,sub_1d29c,,NO,NO,NO,0,0,,,,,,,D09AC465C412E07D7A67D8D0158C9B75BCB2D32943539CEDADDDFDACAC64116A,CFG_ANALYZED,UTILITY,UNKNOWN,Disassembled 17 instructions; calls 0 imported APIs
libfftw3.so,libfftw3.so:sub_1d2e0,0x1d2e0,0x1d2e0,472,.text,sub_1d2e0,,NO,NO,NO,0,0,,,,,,,9DE2D75EF7DE021ECF14073838B1C8614FCC4BC89FA5A17CCF834EA42DDEA588,CFG_ANALYZED,UTILITY,UNKNOWN,Disassembled 118 instructions; calls 0 imported APIs
libfftw3.so,libfftw3.so:sub_1d4b8,0x1d4b8,0x1d4b8,408,.text,sub_1d4b8,,NO,NO,NO,0,0,,,,,,,AEFBEC35E60CC98DCD383235980E57AEFB75DEF922BB276EF788A98971678468,CFG_ANALYZED,UTILITY,UNKNOWN,Disassembled 102 instructions; calls 0 imported APIs
libfftw3.so,libfftw3.so:sub_1d650,0x1d650,0x1d650,808,.text,sub_1d650,,NO,NO,NO,0,0,,,,,,,5587ED27927C94B46D55E07644FF9F38EDA579A818909121C7E474B0D5370CAA,CFG_ANALYZED,UTILITY,UNKNOWN,Disassembled 202 instructions; calls 0 imported APIs
libfftw3.so,libfftw3.so:sub_1d978,0x1d978,0x1d978,808,.text,sub_1d978,,NO,NO,NO,0,0,,,,,,,D397C3985A348DF1B0C81B672C0A633B7E9C090C8F0E281139E35D260C7293FE,CFG_ANALYZED,UTILITY,UNKNOWN,Disassembled 202 instructions; calls 0 imported APIs
libfftw3.so,libfftw3.so:sub_1dca0,0x1dca0,0x1dca0,52,.text,sub_1dca0,,NO,NO,NO,0,0,,,fftwf_mksolver,,,,5927FFA213CD793701259E32D0CDD11D58707C5ECFAF83D5DBA1BD6A633D642D,CFG_ANALYZED,UTILITY,UNKNOWN,Disassembled 13 instructions; calls 1 imported APIs
libfftw3.so,libfftw3.so:sub_1dcd4,0x1dcd4,0x1dcd4,624,.text,sub_1dcd4,,NO,NO,NO,0,0,,,fftwf_mktensor_1d;fftwf_tensor_append;fftwf_mkproblem_rdft_1;fftwf_mkplan_d;fftwf_tensor_destroy2;fftwf_mkplan_dft,,,,26B00758D5F6936F644894A258B280C7C2573FBE5B8DCF71FFEB849D94F27DBC,CFG_ANALYZED,UTILITY,UNKNOWN,Disassembled 156 instructions; calls 6 imported APIs
libfftw3.so,libfftw3.so:sub_1df44,0x1df44,0x1df44,184,.text,sub_1df44,,NO,NO,NO,0,0,,,,,,,76CBA2346B1D82498CEFA6C1DE3C3C4426EADC1B87A90DFABB8CCB81D5101B3A,CFG_ANALYZED,UTILITY,UNKNOWN,Disassembled 46 instructions; calls 0 imported APIs
libfftw3.so,libfftw3.so:sub_1dffc,0x1dffc,0x1dffc,76,.text,sub_1dffc,,NO,NO,NO,0,0,,,fftwf_mksolver,,,,CA9406865D06D005C2DE210FD78BE802DD0F982EB88D0BDCC231E21CA3AF0362,CFG_ANALYZED,UTILITY,UNKNOWN,Disassembled 19 instructions; calls 1 imported APIs
libfftw3.so,libfftw3.so:sub_1e048,0x1e048,0x1e048,316,.text,sub_1e048,,NO,NO,NO,0,0,,,fftwf_mkproblem_rdft_1;fftwf_mkplan_f_d;fftwf_mkplan_rdft,,,,E649916ACE1EF56588D4A17476CBF040465FA62E41DAE577E399FABE9AEB8C65,CFG_ANALYZED,UTILITY,UNKNOWN,Disassembled 79 instructions; calls 3 imported APIs
libfftw3.so,libfftw3.so:sub_1e184,0x1e184,0x1e184,144,.text,sub_1e184,,NO,NO,NO,0,0,,,,,,,A5119D6B9A43F49974D01C1F61DA47D13540624B39979210FA9ED7841ECA571C,CFG_ANALYZED,UTILITY,UNKNOWN,Disassembled 36 instructions; calls 0 imported APIs
libfftw3.so,libfftw3.so:sub_1e214,0x1e214,0x1e214,92,.text,sub_1e214,,NO,NO,NO,0,0,,,fftwf_mksolver;fftwf_solver_register;fftwf_mksolver,,,,7E9E0567CEB332B48DD7447B9361C298172A46E9B04D0308B3460A1EEA94A5A7,CFG_ANALYZED,UTILITY,UNKNOWN,Disassembled 23 instructions; calls 3 imported APIs
libfftw3.so,libfftw3.so:sub_1e270,0x1e270,0x1e270,820,.text,sub_1e270,,NO,NO,NO,0,0,,,fftwf_is_prime;fftwf_factors_into_small_primes;fftwf_factors_into;fftwf_malloc_plain;fftwf_mktensor_1d;fftwf_mktensor_1d;fftwf_mkproblem_rdft_1_d;fftwf_mkplan_f_d;fftwf_mktensor_1d;fftwf_mktensor_1d,,,,B806FFD64EFA562BA4152E06903EECB375B92AFB8D7090D9C89470DAF22B0AAF,CFG_ANALYZED,UTILITY,UNKNOWN,Disassembled 205 instructions; calls 23 imported APIs
libfftw3.so,libfftw3.so:sub_1e5a4,0x1e5a4,0x1e5a4,752,.text,sub_1e5a4,,NO,NO,NO,0,0,,,fftwf_plan_awake;fftwf_plan_awake;fftwf_plan_awake;fftwf_find_generator;fftwf_power_mod;fftwf_rader_tl_find;fftwf_malloc_plain;fftwf_mktriggen;fftwf_safe_mulmod;fftwf_triggen_destroy,,,,5F11BBAB62E1717EC36BDA3B823E957C98BEA4C9D6B8D6AC2017322A82F083AF,CFG_ANALYZED,UTILITY,UNKNOWN,Disassembled 188 instructions; calls 15 imported APIs
libfftw3.so,libfftw3.so:sub_1e894,0x1e894,0x1e894,160,.text,sub_1e894,,NO,NO,NO,0,0,,,,"""%(%p%)"";""%(%p%)""",,,A1F5E61C8D9E0D9C1EA2EA533719AE87D6F28FDD96CDAB41C89CEC5F5C9D318B,CFG_ANALYZED,UTILITY,UNKNOWN,Disassembled 40 instructions; calls 0 imported APIs
libfftw3.so,libfftw3.so:sub_1e934,0x1e934,0x1e934,52,.text,sub_1e934,,NO,NO,NO,0,0,,,fftwf_plan_destroy_internal;fftwf_plan_destroy_internal,,,,8DC45A0254DF03EBAA98A753028BAD140D8F8CA01B3A27F44636496B2AB2E8A4,CFG_ANALYZED,UTILITY,UNKNOWN,Disassembled 13 instructions; calls 2 imported APIs
libfftw3.so,libfftw3.so:sub_1e968,0x1e968,0x1e968,988,.text,sub_1e968,,NO,NO,NO,0,0,,,fftwf_malloc_plain;fftwf_safe_mulmod;memset;fftwf_safe_mulmod;fftwf_safe_mulmod;fftwf_safe_mulmod;fftwf_safe_mulmod,,,,215BEF39320A04E01C6ACFF89B82E22F8393EB085475D030692AF07D5C61539F,CFG_ANALYZED,UTILITY,UNKNOWN,Disassembled 247 instructions; calls 7 imported APIs
libfftw3.so,libfftw3.so:sub_1ed44,0x1ed44,0x1ed44,56,.text,sub_1ed44,,NO,NO,NO,0,0,,,fftwf_mksolver,,,,A0B46BB1C773A07735DAB0C9147E0DD7D8B2896CA18AF4837100AE9215D3C260,CFG_ANALYZED,UTILITY,UNKNOWN,Disassembled 14 instructions; calls 1 imported APIs
libfftw3.so,libfftw3.so:sub_1ed7c,0x1ed7c,0x1ed7c,64,.text,sub_1ed7c,,NO,NO,NO,0,0,,,fftwf_mksolver,,,,013F4045169E2CA0865C1B4D6408E2E5639A3B9A8D2AB025AAE6013BC41919FB,CFG_ANALYZED,UTILITY,UNKNOWN,Disassembled 16 instructions; calls 1 imported APIs
libfftw3.so,libfftw3.so:sub_1edbc,0x1edbc,0x1edbc,768,.text,sub_1edbc,,NO,NO,NO,0,0,,,fftwf_tensor_tornk1;fftwf_tensor_inplace_strides2;fftwf_tensor_tornk1;fftwf_tensor_inplace_strides2;fftwf_mkplan_rdft;fftwf_tensor_tornk1;fftwf_ops_zero;fftwf_ops_madd2;__stack_chk_fail,,,,745245EB0D9ED4645F098198DF16E7388E35383171EDFF40B0E7B665227A86DF,CFG_ANALYZED,UTILITY,UNKNOWN,Disassembled 192 instructions; calls 9 imported APIs
libfftw3.so,libfftw3.so:sub_1f0bc,0x1f0bc,0x1f0bc,184,.text,sub_1f0bc,,NO,NO,NO,0,0,,,fftwf_rdft_kind_str,"""(rdft-%s-direct-r2c-%D%v ""%s"")""",,,C3033D09052A47E79436A5D472D28EF0368C76FE237C4DD45E8EB8CE366CAA0D,CFG_ANALYZED,UTILITY,UNKNOWN,Disassembled 46 instructions; calls 1 imported APIs
libfftw3.so,libfftw3.so:sub_1f174,0x1f174,0x1f174,84,.text,sub_1f174,,NO,NO,NO,0,0,,,,,,,37C90D4D9EE45E6836C5A8DD8C5E879B045B5941CF3F72758913579AA3099022,CFG_ANALYZED,UTILITY,UNKNOWN,Disassembled 21 instructions; calls 0 imported APIs
libfftw3.so,libfftw3.so:sub_1f1c8,0x1f1c8,0x1f1c8,72,.text,sub_1f1c8,,NO,NO,NO,0,0,,,,,,,2519FC97C4370E24C1A4A1631F666A276437B2359DA0AE117B8D998FB9AFFAC4,CFG_ANALYZED,UTILITY,UNKNOWN,Disassembled 18 instructions; calls 0 imported APIs
libfftw3.so,libfftw3.so:sub_1f210,0x1f210,0x1f210,320,.text,sub_1f210,,NO,NO,NO,0,0,,,fftwf_malloc_plain;fftwf_ifree;__stack_chk_fail,,,,257819F384C55DD58433653D2E8CBE52B5D330FE8D776730BA66361F727E48F2,CFG_ANALYZED,UTILITY,UNKNOWN,Disassembled 80 instructions; calls 3 imported APIs
libfftw3.so,libfftw3.so:sub_1f350,0x1f350,0x1f350,288,.text,sub_1f350,,NO,NO,NO,0,0,,,fftwf_cpy2d_ci;fftwf_cpy2d_co,,,,4D267D5C1A24873BDB8E6096622C8A8404B56ACDBF8909E035678690E776B983,CFG_ANALYZED,UTILITY,UNKNOWN,Disassembled 72 instructions; calls 2 imported APIs
libfftw3.so,libfftw3.so:sub_1f470,0x1f470,0x1f470,272,.text,sub_1f470,,NO,NO,NO,0,0,,,fftwf_cpy2d_ci;fftwf_cpy2d_co,,,,9B27ECFD41B3E485CBCD055A5F13FAC044D3C71B4C445426A224518ADF442CD6,CFG_ANALYZED,UTILITY,UNKNOWN,Disassembled 68 instructions; calls 2 imported APIs
libfftw3.so,libfftw3.so:sub_1f580,0x1f580,0x1f580,56,.text,sub_1f580,,NO,NO,NO,0,0,,,fftwf_mksolver,,,,1657858C0FFAEB6FC117075FF2F6E547B1F21B6F652943B3EDF4BCEB8691D5DF,CFG_ANALYZED,UTILITY,UNKNOWN,Disassembled 14 instructions; calls 1 imported APIs
libfftw3.so,libfftw3.so:sub_1f5b8,0x1f5b8,0x1f5b8,476,.text,sub_1f5b8,,NO,NO,NO,0,0,,,fftwf_tensor_tornk1;fftwf_mkplan_rdft2;fftwf_tensor_tornk1;fftwf_ops_zero;fftwf_ops_madd2;fftwf_rdft2_inplace_strides;__stack_chk_fail,,,,7B477C246A1ADE3600E50C3B7221A0AF5E4C1997457D6DB572DE2799C6555B7E,CFG_ANALYZED,UTILITY,UNKNOWN,Disassembled 119 instructions; calls 7 imported APIs
libfftw3.so,libfftw3.so:sub_1f794,0x1f794,0x1f794,108,.text,sub_1f794,,NO,NO,NO,0,0,,,fftwf_rdft_kind_str,,,,597B9CA00CFB47A71E5074079D6B44EA4C52FE181CA593629A08F30D592B3BCE,CFG_ANALYZED,UTILITY,UNKNOWN,Disassembled 27 instructions; calls 1 imported APIs
libfftw3.so,libfftw3.so:sub_1f800,0x1f800,0x1f800,128,.text,sub_1f800,,NO,NO,NO,0,0,,,,,,,EA8799331E5460A4D764A41E50F002C9E2A83017C466600C1F5E3A321FC1D148,CFG_ANALYZED,UTILITY,UNKNOWN,Disassembled 32 instructions; calls 0 imported APIs
libfftw3.so,libfftw3.so:sub_1f880,0x1f880,0x1f880,64,.text,sub_1f880,,NO,NO,NO,0,0,,,,,,,63AEF1661EBDFEC06A24F11AA56AFD4C18D624754DA5C946433E891E23EBC1BF,CFG_ANALYZED,UTILITY,UNKNOWN,Disassembled 16 instructions; calls 0 imported APIs
libfftw3.so,libfftw3.so:sub_1f8c0,0x1f8c0,0x1f8c0,20,.text,sub_1f8c0,,NO,NO,NO,0,0,,,,,,,501E3036CF1F02844AC54704EBDB46A235E02AD9458433C182CF8E8C83E60BCA,CFG_ANALYZED,UTILITY,UNKNOWN,Disassembled 5 instructions; calls 0 imported APIs
libfftw3.so,libfftw3.so:sub_1f8d4,0x1f8d4,0x1f8d4,92,.text,sub_1f8d4,,NO,NO,NO,0,0,,,fftwf_mksolver;fftwf_solver_register;fftwf_mksolver,,,,E8C5DD35D9AF28A154640B38D05174102019675C64165031FC201C4DCBF6434B,CFG_ANALYZED,UTILITY,UNKNOWN,Disassembled 23 instructions; calls 3 imported APIs
libfftw3.so,libfftw3.so:sub_1f930,0x1f930,0x1f930,360,.text,sub_1f930,,NO,NO,NO,0,0,,,fftwf_is_prime;fftwf_mkplan_rdft,"""hc2r"";""r2hc""",,,9F43E812C56FBCCFD8AA4B738B93B44CC0D1A771A4B4A1DF1E6F24780008F2F9,CFG_ANALYZED,UTILITY,UNKNOWN,Disassembled 90 instructions; calls 2 imported APIs
libfftw3.so,libfftw3.so:sub_1fa98,0x1fa98,0x1fa98,916,.text,sub_1fa98,,NO,NO,NO,0,0,,,fftwf_malloc_plain;fftwf_ifree;__stack_chk_fail,,,,7651A951755A0EACA0D274F5492087783598517F6F82AE90228839E74434FF3D,CFG_ANALYZED,UTILITY,UNKNOWN,Disassembled 229 instructions; calls 3 imported APIs
libfftw3.so,libfftw3.so:sub_1fe2c,0x1fe2c,0x1fe2c,928,.text,sub_1fe2c,,NO,NO,NO,0,0,,,fftwf_malloc_plain;fftwf_ifree;__stack_chk_fail,,,,4B2C4FEAB7487F1C8E6B97F89BE02B11734AFD8A8F4EF7D416B60BA1873B8906,CFG_ANALYZED,UTILITY,UNKNOWN,Disassembled 232 instructions; calls 3 imported APIs
libfftw3.so,libfftw3.so:sub_201cc,0x201cc,0x201cc,40,.text,sub_201cc,,NO,NO,NO,0,0,,,,,,,07987FF0E34AFF274F2E99B968751D917BF9F3572A26BE3A7CFA150D08CFB2A7,CFG_ANALYZED,UTILITY,UNKNOWN,Disassembled 10 instructions; calls 0 imported APIs
libfftw3.so,libfftw3.so:sub_201f4,0x201f4,0x201f4,2108,.text,sub_201f4,,NO,NO,NO,0,0,,,,,,,42C0AC695A0359D9FB1A2314E11DAD29B570FDAFC6A35DEB7DF20A95187738DF,CFG_ANALYZED,UTILITY,UNKNOWN,Disassembled 527 instructions; calls 0 imported APIs
libfftw3.so,libfftw3.so:sub_20a30,0x20a30,0x20a30,3144,.text,sub_20a30,,NO,NO,NO,0,0,,,,,,,F82616C5F7017E7D6A864E63C6F11A8F4ADB396B8180D6332BEC8F0B0AB0CC4D,CFG_ANALYZED,UTILITY,UNKNOWN,Disassembled 786 instructions; calls 0 imported APIs
libfftw3.so,libfftw3.so:sub_21678,0x21678,0x21678,48,.text,sub_21678,,NO,NO,NO,0,0,,,,,,,63061E6F95D4F697E8F40D63DFED7DE34C3866D7390EFEE7B8720FF717C13796,CFG_ANALYZED,UTILITY,UNKNOWN,Disassembled 12 instructions; calls 0 imported APIs
libfftw3.so,libfftw3.so:sub_216a8,0x216a8,0x216a8,4096,.text,sub_216a8,,NO,NO,NO,0,0,,,,,,,7284D1BC0A1F98E6B1C4D6E4530727F04916B802B9D5C0ACE07F3326C1528104,CFG_ANALYZED,UTILITY,UNKNOWN,Disassembled 1024 instructions; calls 0 imported APIs
libfftw3.so,libfftw3.so:sub_22dec,0x22dec,0x22dec,300,.text,sub_22dec,,NO,NO,NO,0,0,,,,,,,94CCD326B1DB6A0FE0F2040AE917A365B8B048CCCDCB710D4088AB6F313F934C,CFG_ANALYZED,UTILITY,UNKNOWN,Disassembled 75 instructions; calls 0 imported APIs
libfftw3.so,libfftw3.so:sub_22f18,0x22f18,0x22f18,748,.text,sub_22f18,,NO,NO,NO,0,0,,,,,,,C6699B04507B903B986631FB4C484F8B77A1A91D661DC8A8B3124DE37B6808EC,CFG_ANALYZED,UTILITY,UNKNOWN,Disassembled 187 instructions; calls 0 imported APIs
libfftw3.so,libfftw3.so:sub_23204,0x23204,0x23204,992,.text,sub_23204,,NO,NO,NO,0,0,,,,,0x7d048,,BA2B37A41A1F5E2AF86EDF9290A4738FD27E0070BAC3E7AF52378CA09F8B2E91,CFG_ANALYZED,UTILITY,UNKNOWN,Disassembled 248 instructions; calls 0 imported APIs
libfftw3.so,libfftw3.so:sub_235e4,0x235e4,0x235e4,1124,.text,sub_235e4,,NO,NO,NO,0,0,,,,,,,80464995A496DA9AFCD0B03D445E9FEC6AA3CE342FBAB82DA6A196E7122D7B6F,CFG_ANALYZED,UTILITY,UNKNOWN,Disassembled 281 instructions; calls 0 imported APIs
libfftw3.so,libfftw3.so:sub_23a48,0x23a48,0x23a48,1712,.text,sub_23a48,,NO,NO,NO,0,0,,,,,,,39D33B2FFF51DBB0CB7424BE7DB378CE48A98A28D753C32B8739622F82A026CE,CFG_ANALYZED,UTILITY,UNKNOWN,Disassembled 428 instructions; calls 0 imported APIs
libfftw3.so,libfftw3.so:sub_240f8,0x240f8,0x240f8,144,.text,sub_240f8,,NO,NO,NO,0,0,,,,,,,C15B34BB2961795C39999BDCEAF4D61AC8DD3B60D339E2DD8B1136B2CA8C8B11,CFG_ANALYZED,UTILITY,UNKNOWN,Disassembled 36 instructions; calls 0 imported APIs
libfftw3.so,libfftw3.so:sub_24188,0x24188,0x24188,2452,.text,sub_24188,,NO,NO,NO,0,0,,,,,0x7d098,,69FD256B553269DFB66E33F5D3F2B03A11A149AD2ABD3140B711F324C29D6866,CFG_ANALYZED,UTILITY,UNKNOWN,Disassembled 613 instructions; calls 0 imported APIs
libfftw3.so,libfftw3.so:sub_24b1c,0x24b1c,0x24b1c,48,.text,sub_24b1c,,NO,NO,NO,0,0,,,,,,,9EF89044A4854CF8681F01C2F132B27A9C140906DCFCB29095DEC7FB2ED1AB53,CFG_ANALYZED,UTILITY,UNKNOWN,Disassembled 12 instructions; calls 0 imported APIs
libfftw3.so,libfftw3.so:sub_24b4c,0x24b4c,0x24b4c,4096,.text,sub_24b4c,,NO,NO,NO,0,0,,,,,,,73DCE8F8F423B2448363C5DE79E4A7DD322BA8B15A4618EB7CC68605C7F095CB,CFG_ANALYZED,UTILITY,UNKNOWN,Disassembled 1024 instructions; calls 0 imported APIs
libfftw3.so,libfftw3.so:sub_25c80,0x25c80,0x25c80,292,.text,sub_25c80,,NO,NO,NO,0,0,,,,,,,E13088F78D4ABC87C32BAC0275A867992A46EDD95146F80E210B938E6C8CA110,CFG_ANALYZED,UTILITY,UNKNOWN,Disassembled 73 instructions; calls 0 imported APIs
libfftw3.so,libfftw3.so:sub_25da4,0x25da4,0x25da4,504,.text,sub_25da4,,NO,NO,NO,0,0,,,,,,,8B49894C0D342078145C00C357229B6F339A341298261BD45E468D9FEC0640E6,CFG_ANALYZED,UTILITY,UNKNOWN,Disassembled 126 instructions; calls 0 imported APIs
libfftw3.so,libfftw3.so:sub_25f9c,0x25f9c,0x25f9c,672,.text,sub_25f9c,,NO,NO,NO,0,0,,,,,,,C84318E8C48D5DA5476E26B2BEB005E82B07CB688F3FC1E725EDC18556B1C2CE,CFG_ANALYZED,UTILITY,UNKNOWN,Disassembled 168 instructions; calls 0 imported APIs
libfftw3.so,libfftw3.so:sub_2623c,0x2623c,0x2623c,1936,.text,sub_2623c,,NO,NO,NO,0,0,,,,,,,70EDE6AB8BDD625E5C9AFB0DBEB518EB3836B6920C9B29A3C5C368CBD0262733,CFG_ANALYZED,UTILITY,UNKNOWN,Disassembled 484 instructions; calls 0 imported APIs
libfftw3.so,libfftw3.so:sub_269cc,0x269cc,0x269cc,2568,.text,sub_269cc,,NO,NO,NO,0,0,,,,,0x7d098,,5A5509C0278489A49595F7A7A3A5DA54B93F5189BDCDBAED3EACDF33D741E2FE,CFG_ANALYZED,UTILITY,UNKNOWN,Disassembled 642 instructions; calls 0 imported APIs
libfftw3.so,libfftw3.so:sub_273d4,0x273d4,0x273d4,48,.text,sub_273d4,,NO,NO,NO,0,0,,,,,,,CC12B0D27304E49E665CBE165399FAC112A6E67C5B3482749EB82EBF7DDE1C34,CFG_ANALYZED,UTILITY,UNKNOWN,Disassembled 12 instructions; calls 0 imported APIs
libfftw3.so,libfftw3.so:sub_27404,0x27404,0x27404,4096,.text,sub_27404,,NO,NO,NO,0,0,,,,,,,5619123A7EFC41428360A672C74B6DF4B3E488D8F324BDEFDE77DB600A414A01,CFG_ANALYZED,UTILITY,UNKNOWN,Disassembled 1024 instructions; calls 0 imported APIs
libfftw3.so,libfftw3.so:sub_28658,0x28658,0x28658,324,.text,sub_28658,,NO,NO,NO,0,0,,,,,,,942BFE74F5516D22B22C3EE5B358BDFB5C4CF588BFB7007D9950298DEA938038,CFG_ANALYZED,UTILITY,UNKNOWN,Disassembled 81 instructions; calls 0 imported APIs
libfftw3.so,libfftw3.so:sub_2879c,0x2879c,0x2879c,736,.text,sub_2879c,,NO,NO,NO,0,0,,,,,,,4F2C5CCB09ECBE53B812DB61723716F125D7B007F6A9D99BA4C21860F9BC4BEC,CFG_ANALYZED,UTILITY,UNKNOWN,Disassembled 184 instructions; calls 0 imported APIs
libfftw3.so,libfftw3.so:sub_28a7c,0x28a7c,0x28a7c,1168,.text,sub_28a7c,,NO,NO,NO,0,0,,,,,0x7d048,,381177E419631D1C8490CAD77486835ED614C26AD6C408336ECE8430DB0DDFC0,CFG_ANALYZED,UTILITY,UNKNOWN,Disassembled 292 instructions; calls 0 imported APIs
libfftw3.so,libfftw3.so:sub_28f0c,0x28f0c,0x28f0c,1256,.text,sub_28f0c,,NO,NO,NO,0,0,,,,,,,799BACCFDDC003A321ECB1563EF06ADEFBE83A2E745358C22C0338613111FD5A,CFG_ANALYZED,UTILITY,UNKNOWN,Disassembled 314 instructions; calls 0 imported APIs
libfftw3.so,libfftw3.so:sub_293f4,0x293f4,0x293f4,1936,.text,sub_293f4,,NO,NO,NO,0,0,,,,,,,831E1835560AF9623C2EB5A6DB31B0119BAF8CE56DC79A75B93B9B1C6081F4D8,CFG_ANALYZED,UTILITY,UNKNOWN,Disassembled 484 instructions; calls 0 imported APIs
libfftw3.so,libfftw3.so:sub_29b84,0x29b84,0x29b84,160,.text,sub_29b84,,NO,NO,NO,0,0,,,,,,,4A1CCCDA528721258D08A4C9D6B68F467158CE145F4D7B8512E79AE643CD19E4,CFG_ANALYZED,UTILITY,UNKNOWN,Disassembled 40 instructions; calls 0 imported APIs
libfftw3.so,libfftw3.so:sub_29c24,0x29c24,0x29c24,2568,.text,sub_29c24,,NO,NO,NO,0,0,,,,,0x7d098,,EEDB59733F4DB86D4DC45D332DE844AADCCCBAAED6C1EA1992B38AA7DFA0924F,CFG_ANALYZED,UTILITY,UNKNOWN,Disassembled 642 instructions; calls 0 imported APIs
libfftw3.so,libfftw3.so:sub_2a62c,0x2a62c,0x2a62c,48,.text,sub_2a62c,,NO,NO,NO,0,0,,,,,,,5D01E22283704DCAA7B1DF571DE34E4FF9C3606AD4308C43C8244ECE07F3501C,CFG_ANALYZED,UTILITY,UNKNOWN,Disassembled 12 instructions; calls 0 imported APIs
libfftw3.so,libfftw3.so:sub_2a65c,0x2a65c,0x2a65c,4096,.text,sub_2a65c,,NO,NO,NO,0,0,,,,,,,76687645F28D1D721585C8CC093CE8C093994D34D2E8442DB19579AD7C483A4B,CFG_ANALYZED,UTILITY,UNKNOWN,Disassembled 1024 instructions; calls 0 imported APIs
libfftw3.so,libfftw3.so:sub_2b8b0,0x2b8b0,0x2b8b0,324,.text,sub_2b8b0,,NO,NO,NO,0,0,,,,,,,3F26A2C6FF9F18144236697BFFEAA2A49FAF06220E09F16427224534839284E8,CFG_ANALYZED,UTILITY,UNKNOWN,Disassembled 81 instructions; calls 0 imported APIs
libfftw3.so,libfftw3.so:sub_2b9f4,0x2b9f4,0x2b9f4,552,.text,sub_2b9f4,,NO,NO,NO,0,0,,,,,,,EB383B368532C413D7BE6BD8604711ED018072000336E8F08FFF654C025206E7,CFG_ANALYZED,UTILITY,UNKNOWN,Disassembled 138 instructions; calls 0 imported APIs
libfftw3.so,libfftw3.so:sub_2bc1c,0x2bc1c,0x2bc1c,736,.text,sub_2bc1c,,NO,NO,NO,0,0,,,,,,,A141A23487403EC31061400CA9D1C6645F24AFA34E2BBC00323C8BAB01EC9607,CFG_ANALYZED,UTILITY,UNKNOWN,Disassembled 184 instructions; calls 0 imported APIs
libfftw3.so,libfftw3.so:sub_2befc,0x2befc,0x2befc,1932,.text,sub_2befc,,NO,NO,NO,0,0,,,,,,,5A2F16C969B43FE9A03B12A18E9B42C6C7CD2532848E3538ED1B0838E406C3C0,CFG_ANALYZED,UTILITY,UNKNOWN,Disassembled 483 instructions; calls 0 imported APIs
libfftw3.so,libfftw3.so:sub_2c688,0x2c688,0x2c688,2744,.text,sub_2c688,,NO,NO,NO,0,0,,,,,,,DE6941D8F7FDB3A04D73EF5596E0FD7BDE555DBADE220CEE2D80D8D44ACD32A0,CFG_ANALYZED,UTILITY,UNKNOWN,Disassembled 686 instructions; calls 0 imported APIs
libfftw3.so,libfftw3.so:sub_2d140,0x2d140,0x2d140,48,.text,sub_2d140,,NO,NO,NO,0,0,,,,,,,685700ADF89E7E014329E97F71D937596965B3D6B4576982416B6E9B80F8A8C6,CFG_ANALYZED,UTILITY,UNKNOWN,Disassembled 12 instructions; calls 0 imported APIs
libfftw3.so,libfftw3.so:sub_2d170,0x2d170,0x2d170,4096,.text,sub_2d170,,NO,NO,NO,0,0,,,,,,,D47A7ED31DB84E0765C8CAFD0A34FB04A7927868E724A10F06C9E9D5C02EFF1F,CFG_ANALYZED,UTILITY,UNKNOWN,Disassembled 1024 instructions; calls 0 imported APIs
libfftw3.so,libfftw3.so:sub_2e4f0,0x2e4f0,0x2e4f0,300,.text,sub_2e4f0,,NO,NO,NO,0,0,,,,,,,E9E1D0355C125BA03A1A1A379FC7CDF5036D97E411B1933B54D6F3E4091623A8,CFG_ANALYZED,UTILITY,UNKNOWN,Disassembled 75 instructions; calls 0 imported APIs
libfftw3.so,libfftw3.so:sub_2e61c,0x2e61c,0x2e61c,704,.text,sub_2e61c,,NO,NO,NO,0,0,,,,,,,8220C927AD19A810B491BA295C96511AE551795529996637F541469E40F754FC,CFG_ANALYZED,UTILITY,UNKNOWN,Disassembled 176 instructions; calls 0 imported APIs
libfftw3.so,libfftw3.so:sub_2e8dc,0x2e8dc,0x2e8dc,1080,.text,sub_2e8dc,,NO,NO,NO,0,0,,,,,,,B896D17215DF72C7EA50AF2B04F727E8E9E6B0CEAF1A655D2ABB61AE02EA59CE,CFG_ANALYZED,UTILITY,UNKNOWN,Disassembled 270 instructions; calls 0 imported APIs
libfftw3.so,libfftw3.so:sub_2ed14,0x2ed14,0x2ed14,1080,.text,sub_2ed14,,NO,NO,NO,0,0,,,,,,,DD86B8B84F1725C69ECABC77E1E1960033EF5F8784992685C3740AC18EAA9A5A,CFG_ANALYZED,UTILITY,UNKNOWN,Disassembled 270 instructions; calls 0 imported APIs
libfftw3.so,libfftw3.so:sub_2f14c,0x2f14c,0x2f14c,1808,.text,sub_2f14c,,NO,NO,NO,0,0,,,,,,,D1AB00BB66E23E20DFF9204721FE7BDE937E9AD9F15BB014384E3D9C894CCF0B,CFG_ANALYZED,UTILITY,UNKNOWN,Disassembled 452 instructions; calls 0 imported APIs
libfftw3.so,libfftw3.so:sub_2f85c,0x2f85c,0x2f85c,144,.text,sub_2f85c,,NO,NO,NO,0,0,,,,,,,7DB4FE59ADFC040C1ABAC55F4B8679832665515041FA32952536A257BEA66ECE,CFG_ANALYZED,UTILITY,UNKNOWN,Disassembled 36 instructions; calls 0 imported APIs
libfftw3.so,libfftw3.so:sub_2f8ec,0x2f8ec,0x2f8ec,2536,.text,sub_2f8ec,,NO,NO,NO,0,0,,,,,,,1B77A98B60228EE191F277CE28645518E83A945D00C4AFA29004D842F97E86EF,CFG_ANALYZED,UTILITY,UNKNOWN,Disassembled 634 instructions; calls 0 imported APIs
libfftw3.so,libfftw3.so:sub_302d4,0x302d4,0x302d4,48,.text,sub_302d4,,NO,NO,NO,0,0,,,,,,,B98F705F444B26CA1C98F2365E899B6D5E4B3CF4727C3CF0D7B24E02059C67D1,CFG_ANALYZED,UTILITY,UNKNOWN,Disassembled 12 instructions; calls 0 imported APIs
libfftw3.so,libfftw3.so:sub_30304,0x30304,0x30304,4096,.text,sub_30304,,NO,NO,NO,0,0,,,,,,,996346DF0171F21853BB5A399BA217DF5DB20004C884BC2F24D12C8B16C67C85,CFG_ANALYZED,UTILITY,UNKNOWN,Disassembled 1024 instructions; calls 0 imported APIs
libfftw3.so,libfftw3.so:sub_314a0,0x314a0,0x314a0,296,.text,sub_314a0,,NO,NO,NO,0,0,,,,,,,ED37136808D621DEC4CB93C1E715D02C487803B0F5E93BE6308C9C9FFFAB8A59,CFG_ANALYZED,UTILITY,UNKNOWN,Disassembled 74 instructions; calls 0 imported APIs
libfftw3.so,libfftw3.so:sub_315c8,0x315c8,0x315c8,508,.text,sub_315c8,,NO,NO,NO,0,0,,,,,,,1E1FF6CDAD4EBFBB139186402D6CA46F6D088751918E1B04F1300BF7BDFDE8B5,CFG_ANALYZED,UTILITY,UNKNOWN,Disassembled 127 instructions; calls 0 imported APIs
libfftw3.so,libfftw3.so:sub_317c4,0x317c4,0x317c4,684,.text,sub_317c4,,NO,NO,NO,0,0,,,,,,,8836FA3EC164D92D5A1F4536086E51AEE7B05FADD4EEBBB1FC4076423FDBA3A7,CFG_ANALYZED,UTILITY,UNKNOWN,Disassembled 171 instructions; calls 0 imported APIs
libfftw3.so,libfftw3.so:sub_31a70,0x31a70,0x31a70,2216,.text,sub_31a70,,NO,NO,NO,0,0,,,,,,,27EF42A239D5E821C744AB3745DC963580346D75B0012221FE6BA1DA729E8452,CFG_ANALYZED,UTILITY,UNKNOWN,Disassembled 554 instructions; calls 0 imported APIs
libfftw3.so,libfftw3.so:sub_32318,0x32318,0x32318,3212,.text,sub_32318,,NO,NO,NO,0,0,,,,,,,E4354E49BBA2FE833CFE7388ACE8835E7435C45DC0517F9F88918BEE7804118A,CFG_ANALYZED,UTILITY,UNKNOWN,Disassembled 803 instructions; calls 0 imported APIs
libfftw3.so,libfftw3.so:sub_32fa4,0x32fa4,0x32fa4,48,.text,sub_32fa4,,NO,NO,NO,0,0,,,,,,,CF1F288DF3B4374DF6B897E3BCC46039F877C34F2E5222517C2F4CA6E87CE55F,CFG_ANALYZED,UTILITY,UNKNOWN,Disassembled 12 instructions; calls 0 imported APIs
libfftw3.so,libfftw3.so:sub_32fd4,0x32fd4,0x32fd4,4096,.text,sub_32fd4,,NO,NO,NO,0,0,,,,,,,D18E668FB5B1F211DEFAF198C247DB4B0309D3CC386E6B3C961AB9C580FA41BB,CFG_ANALYZED,UTILITY,UNKNOWN,Disassembled 1024 instructions; calls 0 imported APIs
libfftw3.so,libfftw3.so:sub_34578,0x34578,0x34578,372,.text,sub_34578,,NO,NO,NO,0,0,,,,,,,FA4636B7BCC98C32FF090E578C821BAD38961D56F504BA52443F4DE4BF70784F,CFG_ANALYZED,UTILITY,UNKNOWN,Disassembled 93 instructions; calls 0 imported APIs
libfftw3.so,libfftw3.so:sub_346ec,0x346ec,0x346ec,872,.text,sub_346ec,,NO,NO,NO,0,0,,,,,,,CAD832710D9388616904E89B110FC2EDCD55B3D056FD2397136639C9584F77A4,CFG_ANALYZED,UTILITY,UNKNOWN,Disassembled 218 instructions; calls 0 imported APIs
libfftw3.so,libfftw3.so:sub_34a54,0x34a54,0x34a54,1280,.text,sub_34a54,,NO,NO,NO,0,0,,,,,0x7d048,,ABF5E5DF7539FECA0ECC56ADA18F34BFD7ED8EC3D415A9A8C72D6DBF9DB90F30,CFG_ANALYZED,UTILITY,UNKNOWN,Disassembled 320 instructions; calls 0 imported APIs
libfftw3.so,libfftw3.so:sub_34f54,0x34f54,0x34f54,1408,.text,sub_34f54,,NO,NO,NO,0,0,,,,,,,1C7762F9E6092E9B41DB3BFAB9A78C3425AB8F64550FE818644DF025910F9639,CFG_ANALYZED,UTILITY,UNKNOWN,Disassembled 352 instructions; calls 0 imported APIs
libfftw3.so,libfftw3.so:sub_354d4,0x354d4,0x354d4,2052,.text,sub_354d4,,NO,NO,NO,0,0,,,,,,,CBFC27EC31A362B705A3772E6F0B5B3162259140DAD77603C37E0A4AAB393B42,CFG_ANALYZED,UTILITY,UNKNOWN,Disassembled 513 instructions; calls 0 imported APIs
libfftw3.so,libfftw3.so:sub_35cd8,0x35cd8,0x35cd8,180,.text,sub_35cd8,,NO,NO,NO,0,0,,,,,,,8F11A754F305892CB6E86BB11375346E47A37452FF8549426968E823843601B1,CFG_ANALYZED,UTILITY,UNKNOWN,Disassembled 45 instructions; calls 0 imported APIs
libfftw3.so,libfftw3.so:sub_35d8c,0x35d8c,0x35d8c,2908,.text,sub_35d8c,,NO,NO,NO,0,0,,,,,,,4B41B55CC4510B69B0540BEBB1875E6760033CD741D5A716C8B8B751A30E4BDB,CFG_ANALYZED,UTILITY,UNKNOWN,Disassembled 727 instructions; calls 0 imported APIs
libfftw3.so,libfftw3.so:sub_368e8,0x368e8,0x368e8,48,.text,sub_368e8,,NO,NO,NO,0,0,,,,,,,6524B546D3E6B57D0F31D35B25B3D3FFA089A600CE577FF7CE012C43078ED5AF,CFG_ANALYZED,UTILITY,UNKNOWN,Disassembled 12 instructions; calls 0 imported APIs
libfftw3.so,libfftw3.so:sub_36918,0x36918,0x36918,4096,.text,sub_36918,,NO,NO,NO,0,0,,,,,,,8D3D86C0DFB603F1AA7E644B35BE6D7BC85283CAD06A32E5A5F065C1EF681C4A,CFG_ANALYZED,UTILITY,UNKNOWN,Disassembled 1024 instructions; calls 0 imported APIs
libfftw3.so,libfftw3.so:sub_37c20,0x37c20,0x37c20,356,.text,sub_37c20,,NO,NO,NO,0,0,,,,,,,746B20E3EB6613444C84556DCC584CAFD12B837B4B9326D5CA5758B6D57AAE1F,CFG_ANALYZED,UTILITY,UNKNOWN,Disassembled 89 instructions; calls 0 imported APIs
libfftw3.so,libfftw3.so:sub_37d84,0x37d84,0x37d84,624,.text,sub_37d84,,NO,NO,NO,0,0,,,,,,,9B367C84A72DA9927228102BC09A8635E47AA34A8BC60EE7836400BC2F610AAC,CFG_ANALYZED,UTILITY,UNKNOWN,Disassembled 156 instructions; calls 0 imported APIs
libfftw3.so,libfftw3.so:sub_37ff4,0x37ff4,0x37ff4,792,.text,sub_37ff4,,NO,NO,NO,0,0,,,,,,,C716501BD8CFFA9A006A7F1041699EB5E0B40EC5A7A6049E2843E56C1AEDA45F,CFG_ANALYZED,UTILITY,UNKNOWN,Disassembled 198 instructions; calls 0 imported APIs
libfftw3.so,libfftw3.so:sub_3830c,0x3830c,0x3830c,260,.text,sub_3830c,,NO,NO,NO,0,0,,,fftwf_mksolver_hc2hc;fftwf_solver_register;fftwf_solver_register;fftwf_mksolver_hc2hc;fftwf_solver_register,,,,56F8DF042DC0848F90E96E3965714FF834369312910581137A8EB3CD0A603F66,CFG_ANALYZED,UTILITY,UNKNOWN,Disassembled 65 instructions; calls 5 imported APIs
libfftw3.so,libfftw3.so:sub_38410,0x38410,0x38410,740,.text,sub_38410,,NO,NO,NO,0,0,,,fftwf_ct_uglyp;fftwf_mktensor_0d;fftwf_mktensor_1d;fftwf_mktensor_0d;fftwf_mkproblem_rdft_1_d;fftwf_mkplan_d;fftwf_mktensor_1d;fftwf_mktensor_0d;fftwf_mktensor_0d;fftwf_mkproblem_rdft_1_d,,,,A96942105B90AC2B062D46E969D27D78666AAA1DDF3E2328F42F5B2C9490FB60,CFG_ANALYZED,UTILITY,UNKNOWN,Disassembled 185 instructions; calls 18 imported APIs
libfftw3.so,libfftw3.so:sub_386f4,0x386f4,0x386f4,96,.text,sub_386f4,,NO,NO,NO,0,0,,,fftwf_plan_awake;fftwf_plan_awake,,,,598C9DF44BBA7F313128823DE855E91F66A40715136F9F5F9A63686C218E1FEC,CFG_ANALYZED,UTILITY,UNKNOWN,Disassembled 24 instructions; calls 2 imported APIs
libfftw3.so,libfftw3.so:sub_38754,0x38754,0x38754,220,.text,sub_38754,,NO,NO,NO,0,0,,,fftwf_twiddle_length;fftwf_twiddle_length,"""(hc2hc-direct-%D/%D%v ""%s""%(%p%)%(%p%))""",,,F27FE5EF14CC155EEFC6DED7840FBA391D43BF8C73EE4083907847D0550976A5,CFG_ANALYZED,UTILITY,UNKNOWN,Disassembled 55 instructions; calls 2 imported APIs
libfftw3.so,libfftw3.so:sub_38830,0x38830,0x38830,40,.text,sub_38830,,NO,NO,NO,0,0,,,fftwf_plan_destroy_internal,,,,4E496764F55BC16E5A8AB1003B9917D817E9AA1664EFCA49F64CEDAFED890978,CFG_ANALYZED,UTILITY,UNKNOWN,Disassembled 10 instructions; calls 1 imported APIs
libfftw3.so,libfftw3.so:sub_38858,0x38858,0x38858,1020,.text,sub_38858,,NO,NO,NO,0,0,,,fftwf_malloc_plain;fftwf_cpy2d_ci;fftwf_cpy2d_ci;fftwf_cpy2d_co;fftwf_cpy2d_co;fftwf_cpy2d_ci;fftwf_cpy2d_ci;fftwf_cpy2d_co;fftwf_cpy2d_co;fftwf_ifree,,,,CA5FE4A4B88A24F12A4A85C530329384AB9B3DFC9E2D8888161D4AFB6608D41B,CFG_ANALYZED,UTILITY,UNKNOWN,Disassembled 255 instructions; calls 11 imported APIs
libfftw3.so,libfftw3.so:sub_38c54,0x38c54,0x38c54,236,.text,sub_38c54,,NO,NO,NO,0,0,,,,,,,437F75B12FC29B6ACF2D44707949B99237FACF69E706B40C803B68292C34621A,CFG_ANALYZED,UTILITY,UNKNOWN,Disassembled 59 instructions; calls 0 imported APIs
libfftw3.so,libfftw3.so:sub_38d40,0x38d40,0x38d40,144,.text,sub_38d40,,NO,NO,NO,0,0,,,fftwf_mksolver_hc2hc;fftwf_solver_register,,,,F3F56D2A2A300808CD651154001EBD4CD51B638AA2B77063348C27BFE01C568D,CFG_ANALYZED,UTILITY,UNKNOWN,Disassembled 36 instructions; calls 2 imported APIs
libfftw3.so,libfftw3.so:sub_38dd0,0x38dd0,0x38dd0,532,.text,sub_38dd0,,NO,NO,NO,0,0,,,fftwf_mktensor_0d;fftwf_mktensor_1d;fftwf_mktensor_1d;fftwf_mkproblem_rdft_1_d;fftwf_mkplan_d;fftwf_mktensor_1d;fftwf_mktensor_3d;fftwf_mkproblem_rdft_1_d;fftwf_mkplan_d;fftwf_mkplan_hc2hc,,,,45E160B4649772F49548CC6525CC29AD255B5C2F330409D28D11C368BA71E995,CFG_ANALYZED,UTILITY,UNKNOWN,Disassembled 133 instructions; calls 12 imported APIs
libfftw3.so,libfftw3.so:sub_38fe4,0x38fe4,0x38fe4,148,.text,sub_38fe4,,NO,NO,NO,0,0,,,fftwf_plan_awake;fftwf_plan_awake,"""dif"";""dit""",,,C3E3196A08EAFF8EB159CAC9B7696DC87EC46335DD17349C11D477A59A8710C2,CFG_ANALYZED,UTILITY,UNKNOWN,Disassembled 37 instructions; calls 2 imported APIs
libfftw3.so,libfftw3.so:sub_39078,0x39078,0x39078,44,.text,sub_39078,,NO,NO,NO,0,0,,,fftwf_plan_destroy_internal,,,,269FDE2F6E31A30ECFB1DB110181AFBC9020FADCE4E9C3C2AF78A9D19F1D1B83,CFG_ANALYZED,UTILITY,UNKNOWN,Disassembled 11 instructions; calls 1 imported APIs
libfftw3.so,libfftw3.so:sub_390a4,0x390a4,0x390a4,1616,.text,sub_390a4,,NO,NO,NO,0,0,,,,,,,0AEDBDBE41FFC4163DEAC9C5AD84E183438DF0DB52C36B2AC9F79ABEF38295FA,CFG_ANALYZED,UTILITY,UNKNOWN,Disassembled 404 instructions; calls 0 imported APIs
libfftw3.so,libfftw3.so:sub_396f4,0x396f4,0x396f4,1684,.text,sub_396f4,,NO,NO,NO,0,0,,,,,,,63F846FCA4DDDF410F0D245FD2E56FCF0D8F95DFBD393E07A4AEF33E6231D534,CFG_ANALYZED,UTILITY,UNKNOWN,Disassembled 421 instructions; calls 0 imported APIs
libfftw3.so,libfftw3.so:sub_39d88,0x39d88,0x39d88,192,.text,sub_39d88,,NO,NO,NO,0,0,,,fftwf_choose_radix,,,,194DBFEC78B368E015C1210E5088D5FDCF5ACA827A2AE1AD2F7DBAC451AC765F,CFG_ANALYZED,UTILITY,UNKNOWN,Disassembled 48 instructions; calls 1 imported APIs
libfftw3.so,libfftw3.so:sub_39e48,0x39e48,0x39e48,52,.text,sub_39e48,,NO,NO,NO,0,0,,,fftwf_mksolver,,,,2439FF70A9D2974895586F76D28BBC59C77A8B6984545418EE5576BC6BE64B34,CFG_ANALYZED,UTILITY,UNKNOWN,Disassembled 13 instructions; calls 1 imported APIs
libfftw3.so,libfftw3.so:sub_39e7c,0x39e7c,0x39e7c,756,.text,sub_39e7c,,NO,NO,NO,0,0,,,fftwf_choose_radix;fftwf_choose_radix;fftwf_tensor_tornk1;fftwf_mktensor_1d;fftwf_mktensor_2d;fftwf_mkproblem_rdft_d;fftwf_mkplan_d;fftwf_mktensor_1d;fftwf_mktensor_2d;fftwf_mkproblem_rdft_d,,,,16F1E669D6C249F54BF0024C653A4FA43FA257FBDE3B63F88BD45842CDEF893D,CFG_ANALYZED,UTILITY,UNKNOWN,Disassembled 189 instructions; calls 16 imported APIs
libfftw3.so,libfftw3.so:sub_3a170,0x3a170,0x3a170,36,.text,sub_3a170,,NO,NO,NO,0,0,,,fftwf_mkplan,,,,17768DE290D9F473BFF1CA041BC8CDD3CA44AA33B012E62CA357E9454ED20ECC,CFG_ANALYZED,UTILITY,UNKNOWN,Disassembled 9 instructions; calls 1 imported APIs
libfftw3.so,libfftw3.so:sub_3a194,0x3a194,0x3a194,112,.text,sub_3a194,,NO,NO,NO,0,0,,,fftwf_plan_awake,"""dif"";""dit""",,,37608A176354AB2D743F2231BBD5A2492BE06876EAF3CBDEBFE21956329F981B,CFG_ANALYZED,UTILITY,UNKNOWN,Disassembled 28 instructions; calls 1 imported APIs
libfftw3.so,libfftw3.so:sub_3a204,0x3a204,0x3a204,40,.text,sub_3a204,,NO,NO,NO,0,0,,,fftwf_plan_destroy_internal,,,,FDB0F9420D241418C1F6E66468D508B8D89B2526E1BD31B92ED42E12384E1674,CFG_ANALYZED,UTILITY,UNKNOWN,Disassembled 10 instructions; calls 1 imported APIs
libfftw3.so,libfftw3.so:sub_3a22c,0x3a22c,0x3a22c,56,.text,sub_3a22c,,NO,NO,NO,0,0,,,,,,,5A00E5622D8F974231EA11BF3722739780DD3BE73ACB49A1D49E5057F4357161,CFG_ANALYZED,UTILITY,UNKNOWN,Disassembled 14 instructions; calls 0 imported APIs
libfftw3.so,libfftw3.so:sub_3a264,0x3a264,0x3a264,72,.text,sub_3a264,,NO,NO,NO,0,0,,,,,,,9CD8A2844CB0277B7E8F9335406724880A76CB3F1D06A2817B706E986C19145F,CFG_ANALYZED,UTILITY,UNKNOWN,Disassembled 18 instructions; calls 0 imported APIs
libfftw3.so,libfftw3.so:sub_3a2ac,0x3a2ac,0x3a2ac,1964,.text,sub_3a2ac,,NO,NO,NO,0,0,,,,,,,5503EBDEB881607201ECD59D93015D15E6BF5E6E0082BF9E6306D3E8BD7E3380,CFG_ANALYZED,UTILITY,UNKNOWN,Disassembled 491 instructions; calls 0 imported APIs
libfftw3.so,libfftw3.so:sub_3aa58,0x3aa58,0x3aa58,48,.text,sub_3aa58,,NO,NO,NO,0,0,,,,,,,C1E759549CBB3BFD4129BCEDE326150C88BA1197008D5FD2221812C14509B39C,CFG_ANALYZED,UTILITY,UNKNOWN,Disassembled 12 instructions; calls 0 imported APIs
libfftw3.so,libfftw3.so:sub_3aa88,0x3aa88,0x3aa88,2708,.text,sub_3aa88,,NO,NO,NO,0,0,,,,,,,F008EE5F43C6BB42236781CC81C60728C7A2E6E9D15EAFB93CD3CFE19252E005,CFG_ANALYZED,UTILITY,UNKNOWN,Disassembled 677 instructions; calls 0 imported APIs
libfftw3.so,libfftw3.so:sub_3b51c,0x3b51c,0x3b51c,44,.text,sub_3b51c,,NO,NO,NO,0,0,,,,,,,5FEF93DCDB11B6D1AE12C77C134B0CD13C063BE938F34C3739C46D994741B54F,CFG_ANALYZED,UTILITY,UNKNOWN,Disassembled 11 instructions; calls 0 imported APIs
libfftw3.so,libfftw3.so:sub_3b548,0x3b548,0x3b548,4096,.text,sub_3b548,,NO,NO,NO,0,0,,,,,,,11561D81094F7C4568EE354ED7C2909490B524DA7B25820B4E8CFE365A8F04E8,CFG_ANALYZED,UTILITY,UNKNOWN,Disassembled 1024 instructions; calls 0 imported APIs
libfftw3.so,libfftw3.so:sub_3c7f8,0x3c7f8,0x3c7f8,44,.text,sub_3c7f8,,NO,NO,NO,0,0,,,,,,,35689BB7EDE6A4A6A9588D16ED33EA18525DCB3D0A7C1D653811590B307CA8AE,CFG_ANALYZED,UTILITY,UNKNOWN,Disassembled 11 instructions; calls 0 imported APIs
libfftw3.so,libfftw3.so:sub_3c824,0x3c824,0x3c824,4096,.text,sub_3c824,,NO,NO,NO,0,0,,,,,,,6772F4D64B5ECE01B060DE6A6B25788AD4B6B8B89E6D507E3979FC86B17DEA01,CFG_ANALYZED,UTILITY,UNKNOWN,Disassembled 1024 instructions; calls 0 imported APIs
libfftw3.so,libfftw3.so:sub_3dc1c,0x3dc1c,0x3dc1c,284,.text,sub_3dc1c,,NO,NO,NO,0,0,,,,,,,45614CEA9DB04F6BFB315213C4F631AEBD805C4DDCC986A629FF5DB91F4BFACF,CFG_ANALYZED,UTILITY,UNKNOWN,Disassembled 71 instructions; calls 0 imported APIs
libfftw3.so,libfftw3.so:sub_3dd38,0x3dd38,0x3dd38,476,.text,sub_3dd38,,NO,NO,NO,0,0,,,,,,,778D9971B98E17D89A5A9C5F9EB974C7AE1B92A99A09B5E7FAB8707BFB488F22,CFG_ANALYZED,UTILITY,UNKNOWN,Disassembled 119 instructions; calls 0 imported APIs
libfftw3.so,libfftw3.so:sub_3df14,0x3df14,0x3df14,680,.text,sub_3df14,,NO,NO,NO,0,0,,,,,,,F60B164BB95E55CA009FAE79DDFEAF2B326164BEAFBDE2C83EA183C7D8D0EEE5,CFG_ANALYZED,UTILITY,UNKNOWN,Disassembled 170 instructions; calls 0 imported APIs
libfftw3.so,libfftw3.so:sub_3e1bc,0x3e1bc,0x3e1bc,1052,.text,sub_3e1bc,,NO,NO,NO,0,0,,,,,,,681C63B0A7B15FA616320302EA1B348E0F91A8F5EC9ED3E91A500F723F0118F1,CFG_ANALYZED,UTILITY,UNKNOWN,Disassembled 263 instructions; calls 0 imported APIs
libfftw3.so,libfftw3.so:sub_3e5d8,0x3e5d8,0x3e5d8,1172,.text,sub_3e5d8,,NO,NO,NO,0,0,,,,,,,17F6F63F64308CFC9011DF97888B293570F57784C53822FD9A1DA089DDC60C2A,CFG_ANALYZED,UTILITY,UNKNOWN,Disassembled 293 instructions; calls 0 imported APIs
libfftw3.so,libfftw3.so:sub_3ea6c,0x3ea6c,0x3ea6c,1888,.text,sub_3ea6c,,NO,NO,NO,0,0,,,,,,,249C4515C48686D2051DD50ACBBE7141D41D68601397267B77479D76034E364F,CFG_ANALYZED,UTILITY,UNKNOWN,Disassembled 472 instructions; calls 0 imported APIs
libfftw3.so,libfftw3.so:sub_3f1cc,0x3f1cc,0x3f1cc,1784,.text,sub_3f1cc,,NO,NO,NO,0,0,,,,,,,E6E3F8F6CC2C5FEC82F3A0F0F04E863C59CDCA8090F3C31607F2B269551BB374,CFG_ANALYZED,UTILITY,UNKNOWN,Disassembled 446 instructions; calls 0 imported APIs
libfftw3.so,libfftw3.so:sub_3f8c4,0x3f8c4,0x3f8c4,136,.text,sub_3f8c4,,NO,NO,NO,0,0,,,,,,,D3EB7B0C96EAFF04EB8065B43AC174460ED6428F85199FA73BB90A6602A67556,CFG_ANALYZED,UTILITY,UNKNOWN,Disassembled 34 instructions; calls 0 imported APIs
libfftw3.so,libfftw3.so:sub_3f94c,0x3f94c,0x3f94c,48,.text,sub_3f94c,,NO,NO,NO,0,0,,,,,,,BD24886BECE54DDF58B5143E82B5FD70A5C051F0BDFA6137AE55235511D8C87B,CFG_ANALYZED,UTILITY,UNKNOWN,Disassembled 12 instructions; calls 0 imported APIs
libfftw3.so,libfftw3.so:sub_3f97c,0x3f97c,0x3f97c,2468,.text,sub_3f97c,,NO,NO,NO,0,0,,,,,,,B9E20E394E1369301E14213690C8EC39CA6EBECC6C0C242FF151BE247D02110B,CFG_ANALYZED,UTILITY,UNKNOWN,Disassembled 617 instructions; calls 0 imported APIs
libfftw3.so,libfftw3.so:sub_40320,0x40320,0x40320,44,.text,sub_40320,,NO,NO,NO,0,0,,,,,,,1C538C351A7694A55E29E14415DB1D594EF006B5B28A8278146E621C39C8C9C1,CFG_ANALYZED,UTILITY,UNKNOWN,Disassembled 11 instructions; calls 0 imported APIs
libfftw3.so,libfftw3.so:sub_4034c,0x4034c,0x4034c,4096,.text,sub_4034c,,NO,NO,NO,0,0,,,,,0x7d000,,699BFE06593E432E689DC94D82918B0B2CF5C2D450A4632E6B2E2CD012758657,CFG_ANALYZED,UTILITY,UNKNOWN,Disassembled 1024 instructions; calls 0 imported APIs
libfftw3.so,libfftw3.so:sub_414f4,0x414f4,0x414f4,236,.text,sub_414f4,,NO,NO,NO,0,0,,,,,,,0D7A55B07AA3EE4828B68AB7CC49D319FB8F581AE4B41D0E9E865C23DA2454D1,CFG_ANALYZED,UTILITY,UNKNOWN,Disassembled 59 instructions; calls 0 imported APIs
libfftw3.so,libfftw3.so:sub_415e0,0x415e0,0x415e0,44,.text,sub_415e0,,NO,NO,NO,0,0,,,,,,,A5FB66422646DB708066A937A173F8F8FEA26226862A96DBBE3C017DE35F18E3,CFG_ANALYZED,UTILITY,UNKNOWN,Disassembled 11 instructions; calls 0 imported APIs
libfftw3.so,libfftw3.so:sub_4160c,0x4160c,0x4160c,4096,.text,sub_4160c,,NO,NO,NO,0,0,,,,,,,DF42292EB527F28F89BB279D086081A552C638CB22001DE5452B98E1FF400841,CFG_ANALYZED,UTILITY,UNKNOWN,Disassembled 1024 instructions; calls 0 imported APIs
libfftw3.so,libfftw3.so:sub_42848,0x42848,0x42848,280,.text,sub_42848,,NO,NO,NO,0,0,,,,,,,BC820B9C589A162C6111A45791005E2766360E417C8BD78555D7DBC7A6DE5ADA,CFG_ANALYZED,UTILITY,UNKNOWN,Disassembled 70 instructions; calls 0 imported APIs
libfftw3.so,libfftw3.so:sub_42960,0x42960,0x42960,452,.text,sub_42960,,NO,NO,NO,0,0,,,,,,,2D19145BFA8EE5A86EE659F6369AEEDCFA2A6FE76A0A50943DF4F2FF73DF39F6,CFG_ANALYZED,UTILITY,UNKNOWN,Disassembled 113 instructions; calls 0 imported APIs
libfftw3.so,libfftw3.so:sub_42b24,0x42b24,0x42b24,480,.text,sub_42b24,,NO,NO,NO,0,0,,,,,,,7EBE79A84747EF09E6C209A8EF1456BF27B8E4BE71C289D617A64F85D178172D,CFG_ANALYZED,UTILITY,UNKNOWN,Disassembled 120 instructions; calls 0 imported APIs
libfftw3.so,libfftw3.so:sub_42d04,0x42d04,0x42d04,36,.text,sub_42d04,,NO,NO,NO,0,0,,,,,,,BBDA0263281B41B65FC93CB679C88AC790D8B6F5104B5C1D9037FA77BE5B12DE,CFG_ANALYZED,UTILITY,UNKNOWN,Disassembled 9 instructions; calls 0 imported APIs
libfftw3.so,libfftw3.so:sub_42d28,0x42d28,0x42d28,4096,.text,sub_42d28,,NO,NO,NO,0,0,,,,,,,1498F33DFC796E928DE73C8D9D2ADDA1D94B06D433FAFC0C9E869E7F332BF5A1,CFG_ANALYZED,UTILITY,UNKNOWN,Disassembled 1024 instructions; calls 0 imported APIs
libfftw3.so,libfftw3.so:sub_459fc,0x459fc,0x459fc,780,.text,sub_459fc,,NO,NO,NO,0,0,,,,,,,9BF75F2ED3F747BF864B4E2E4E1B8A5BAA7853F673484AB35393885B826E69A6,CFG_ANALYZED,UTILITY,UNKNOWN,Disassembled 195 instructions; calls 0 imported APIs
libfftw3.so,libfftw3.so:sub_45d08,0x45d08,0x45d08,644,.text,sub_45d08,,NO,NO,NO,0,0,,,,,,,A385F947AB463EC191E32550B31A7FD813512911E31935AA461071F3F8754FDC,CFG_ANALYZED,UTILITY,UNKNOWN,Disassembled 161 instructions; calls 0 imported APIs
libfftw3.so,libfftw3.so:sub_45f8c,0x45f8c,0x45f8c,1060,.text,sub_45f8c,,NO,NO,NO,0,0,,,,,,,4CCF2D6F0AD702EC3B69209A2D0CEF40D48F2000BBDAB4F596C5CF065D78F8D8,CFG_ANALYZED,UTILITY,UNKNOWN,Disassembled 265 instructions; calls 0 imported APIs
libfftw3.so,libfftw3.so:sub_463b0,0x463b0,0x463b0,12,.text,sub_463b0,,NO,NO,NO,0,0,,,,,,,1E58EB79786F0B129233F7C4B55CB1532FB802E9875B287CB297F47096E10B78,CFG_ANALYZED,UTILITY,UNKNOWN,Disassembled 3 instructions; calls 0 imported APIs
libfftw3.so,libfftw3.so:sub_463bc,0x463bc,0x463bc,104,.text,sub_463bc,,NO,NO,NO,0,0,,,fftwf_mksolver;fftwf_solver_register;fftwf_mksolver,,,,294E085B4C346A789DB8BAC8DE7D54D0523380128E34AFAAFEA30AE1FE605B6C,CFG_ANALYZED,UTILITY,UNKNOWN,Disassembled 26 instructions; calls 3 imported APIs
libfftw3.so,libfftw3.so:sub_46424,0x46424,0x46424,60,.text,sub_46424,,NO,NO,NO,0,0,,,,,,,49D36648559C818A59F53C554640FDA9E5165CBC6ABA39AB73AF148C426A6F33,CFG_ANALYZED,UTILITY,UNKNOWN,Disassembled 15 instructions; calls 0 imported APIs
libfftw3.so,libfftw3.so:sub_46460,0x46460,0x46460,80,.text,sub_46460,,NO,NO,NO,0,0,,,fftwf_tensor_copy_inplace;fftwf_tensor_copy_inplace,,,,C28B76B2A4FDB7AB5E1B0F0C96A6B93A6CFE5A6ED571CA3251C53C7219535D25,CFG_ANALYZED,UTILITY,UNKNOWN,Disassembled 20 instructions; calls 2 imported APIs
libfftw3.so,libfftw3.so:sub_464b0,0x464b0,0x464b0,76,.text,sub_464b0,,NO,NO,NO,0,0,,,,,,,554C4CCC33F5320C8D62AFD6DB9D3F8E7863AACFB6003C1A4E1B5C3FBD9A6ADA,CFG_ANALYZED,UTILITY,UNKNOWN,Disassembled 19 instructions; calls 0 imported APIs
libfftw3.so,libfftw3.so:sub_464fc,0x464fc,0x464fc,80,.text,sub_464fc,,NO,NO,NO,0,0,,,fftwf_tensor_copy_inplace;fftwf_tensor_copy_inplace,,,,619B7AF068DF2A6453347DB518BAB04763D9C2A69A6425E2994E44BAB705648B,CFG_ANALYZED,UTILITY,UNKNOWN,Disassembled 20 instructions; calls 2 imported APIs
libfftw3.so,libfftw3.so:sub_4654c,0x4654c,0x4654c,572,.text,sub_4654c,,NO,NO,NO,0,0,,,fftwf_tensor_inplace_strides2;fftwf_tensor_min_istride;fftwf_tensor_min_ostride;fftwf_tensor_min_ostride;fftwf_tensor_min_istride;fftwf_tensor_append;fftwf_mkproblem_rdft_0_d;fftwf_mkplan_d;fftwf_mkplan_f_d;fftwf_mkplan_rdft,,,,506AC8A9C63B508626590521AA166FC667E8FF45082B9DA8C4FD6F5BBBC41CA1,CFG_ANALYZED,UTILITY,UNKNOWN,Disassembled 143 instructions; calls 13 imported APIs
libfftw3.so,libfftw3.so:sub_46788,0x46788,0x46788,88,.text,sub_46788,,NO,NO,NO,0,0,,,fftwf_plan_awake,"""(%s%(%p%)%(%p%))""",,,FF350427DA5C6594B478308479D7FEEA69A02BF88BB30A0AE99FDC4C51978381,CFG_ANALYZED,UTILITY,UNKNOWN,Disassembled 22 instructions; calls 1 imported APIs
libfftw3.so,libfftw3.so:sub_467e0,0x467e0,0x467e0,40,.text,sub_467e0,,NO,NO,NO,0,0,,,fftwf_plan_destroy_internal,,,,5CCAEFB99AB7B50857F8113C037B47A53115BE038557909CC2546AF53F705C12,CFG_ANALYZED,UTILITY,UNKNOWN,Disassembled 10 instructions; calls 1 imported APIs
libfftw3.so,libfftw3.so:sub_46808,0x46808,0x46808,4,.text,sub_46808,,NO,NO,NO,0,0,,,,,,,E4C306777C433B5D59E39369DDEB5128F3A5FE991553548D1156DCAE911005C0,CFG_ANALYZED,UTILITY,UNKNOWN,Disassembled 1 instructions; calls 0 imported APIs
libfftw3.so,libfftw3.so:sub_4680c,0x4680c,0x4680c,4,.text,sub_4680c,,NO,NO,NO,0,0,,,,,,,692D62B12412F3BAD24E260F84731EF12450DD59BD8088F08913823C29D73EA4,CFG_ANALYZED,UTILITY,UNKNOWN,Disassembled 1 instructions; calls 0 imported APIs
libfftw3.so,libfftw3.so:sub_46810,0x46810,0x46810,4,.text,sub_46810,,NO,NO,NO,0,0,,,,,,,089677D90A6D2F5591E9F972B17C786D05B152963C57B9356F35D09933748DB2,CFG_ANALYZED,UTILITY,UNKNOWN,Disassembled 1 instructions; calls 0 imported APIs
libfftw3.so,libfftw3.so:sub_46814,0x46814,0x46814,4,.text,sub_46814,,NO,NO,NO,0,0,,,,,,,EB3F4F58742831A237A3DECC69AD613D23B7173B38387C00A628756D49278C29,CFG_ANALYZED,UTILITY,UNKNOWN,Disassembled 1 instructions; calls 0 imported APIs
libfftw3.so,libfftw3.so:sub_46818,0x46818,0x46818,112,.text,sub_46818,,NO,NO,NO,0,0,,,fftwf_mksolver_rdft_r2c_direct;fftwf_solver_register;fftwf_mksolver_rdft_r2c_directbuf;fftwf_solver_register;fftwf_mksolver_rdft2_direct,,,,2EA75C05F3574A145F14E8C2F3E251704DAADC4B9F46815F7640864AB0DCA188,CFG_ANALYZED,UTILITY,UNKNOWN,Disassembled 28 instructions; calls 5 imported APIs
libfftw3.so,libfftw3.so:sub_46888,0x46888,0x46888,116,.text,sub_46888,,NO,NO,NO,0,0,,,fftwf_malloc_plain,,,,6F89E12FA3635C1F29526A91B3144CC5BAABBA81011120ECFFA352002FF1BB9A,CFG_ANALYZED,UTILITY,UNKNOWN,Disassembled 29 instructions; calls 1 imported APIs
libfftw3.so,libfftw3.so:sub_468fc,0x468fc,0x468fc,440,.text,sub_468fc,,NO,NO,NO,0,0,,,log,,,,4AC4CB3A309A51A73FBB4121CDE2D80BF238B14C1012F12BC8B609E0AAA562E5,CFG_ANALYZED,UTILITY,UNKNOWN,Disassembled 110 instructions; calls 1 imported APIs
libfftw3.so,libfftw3.so:sub_46ab4,0x46ab4,0x46ab4,4,.text,sub_46ab4,,NO,NO,NO,0,0,,,,,,,6327D56B3E78A8D91BE391A71058D3DA5A01E8EE7495016731BA8B436CD6A508,CFG_ANALYZED,UTILITY,UNKNOWN,Disassembled 1 instructions; calls 0 imported APIs
libfftw3.so,libfftw3.so:sub_46ab8,0x46ab8,0x46ab8,64,.text,sub_46ab8,,NO,NO,NO,0,0,,,fftwf_md5putc,,,,8E9E006E95C964927AD673C8461260A0AE7EBB4C5A85D0F26B8D16CD534E1ABE,CFG_ANALYZED,UTILITY,UNKNOWN,Disassembled 16 instructions; calls 1 imported APIs
libfftw3.so,libfftw3.so:sub_46af8,0x46af8,0x46af8,52,.text,sub_46af8,,NO,NO,NO,0,0,,,fftwf_md5putc,,,,A52B13EA04A977175E202CA6026BE99D200B484678FCFF7B4F83B1B11F75D89E,CFG_ANALYZED,UTILITY,UNKNOWN,Disassembled 13 instructions; calls 1 imported APIs
libfftw3.so,libfftw3.so:sub_46b2c,0x46b2c,0x46b2c,84,.text,sub_46b2c,,NO,NO,NO,0,0,,,fftwf_md5putc;fftwf_md5putc;fftwf_md5putc,,,,8517DCF7796DF1B4C238AE56C45FD6D1AD60E2CC93179D78701A7F969C2B94FD,CFG_ANALYZED,UTILITY,UNKNOWN,Disassembled 21 instructions; calls 3 imported APIs
libfftw3.so,libfftw3.so:sub_46b80,0x46b80,0x46b80,164,.text,sub_46b80,,NO,NO,NO,0,0,,,fftwf_md5putc;fftwf_md5putc;fftwf_md5putc;fftwf_md5putc;fftwf_md5putc;fftwf_md5putc;fftwf_md5putc,,,,7EFF2209DBFAE9A7100E357141268EFC122CC17075461A3591CABD104337387E,CFG_ANALYZED,UTILITY,UNKNOWN,Disassembled 41 instructions; calls 7 imported APIs
libfftw3.so,libfftw3.so:sub_46c24,0x46c24,0x46c24,84,.text,sub_46c24,,NO,NO,NO,0,0,,,fftwf_md5putc;fftwf_md5putc;fftwf_md5putc,,,,957ECCAB2C31DF44CC44CC251BF9BEFD66B6A4048181E4D27A5FC06F8503EAC4,CFG_ANALYZED,UTILITY,UNKNOWN,Disassembled 21 instructions; calls 3 imported APIs
libfftw3.so,libfftw3.so:sub_46c78,0x46c78,0x46c78,20,.text,sub_46c78,,NO,NO,NO,0,0,,,,,,,09DB0DFB691DE82EF78C6660616A59A3B0B77CAC5D6B9A025033709E48B0E7E8,CFG_ANALYZED,UTILITY,UNKNOWN,Disassembled 5 instructions; calls 0 imported APIs
libfftw3.so,libfftw3.so:sub_46c8c,0x46c8c,0x46c8c,4,.text,sub_46c8c,,NO,NO,NO,0,0,,,,,,,43D398CB4303E7884714B4804589081560EF3F75B106DECD595E5C8C23E6DEDC,CFG_ANALYZED,UTILITY,UNKNOWN,Disassembled 1 instructions; calls 0 imported APIs
libfftw3.so,libfftw3.so:sub_46c90,0x46c90,0x46c90,360,.text,sub_46c90,,NO,NO,NO,0,0,,,__stack_chk_fail,,0xed59,,B8D8064F24B84F06D70AC0CEF1DFD08B1FF7BAB652D9AB1263BAF9C673B2BC41,CFG_ANALYZED,UTILITY,UNKNOWN,Disassembled 90 instructions; calls 1 imported APIs
libfftw3.so,libfftw3.so:sub_46df8,0x46df8,0x46df8,176,.text,sub_46df8,,NO,NO,NO,0,0,,,fftwf_md5putc;fftwf_md5putc;fftwf_md5putc;fftwf_md5putc;fftwf_md5putc;fftwf_md5putc;fftwf_md5putc;fftwf_md5putc;fftwf_md5putc,,,,370BFFE48A87A05CC5D33BF18D8653522B62F0701B35C2FF715EB2B978AB27A9,CFG_ANALYZED,UTILITY,UNKNOWN,Disassembled 44 instructions; calls 9 imported APIs
libfftw3.so,libfftw3.so:sub_46ea8,0x46ea8,0x46ea8,12,.text,sub_46ea8,,NO,NO,NO,0,0,,,,,,,087120A33E6494CDD345764F424834556D1DC7E68FAA6F44BFF6B10961148B68,CFG_ANALYZED,UTILITY,UNKNOWN,Disassembled 3 instructions; calls 0 imported APIs
libfftw3.so,libfftw3.so:sub_46eb4,0x46eb4,0x46eb4,12,.text,sub_46eb4,,NO,NO,NO,0,0,,,,,,,24D75AA06A28CDCFC11C6060C7D69E1517C443557194E1C79B9B108793024C00,CFG_ANALYZED,UTILITY,UNKNOWN,Disassembled 3 instructions; calls 0 imported APIs
libfftw3.so,libfftw3.so:sub_46ec0,0x46ec0,0x46ec0,184,.text,sub_46ec0,,NO,NO,NO,0,0,,,fftwf_mktensor,,,,9F75EBCD9DC8DCD7D191C92A0FA5E54810CEE0F302BC646D553AEFA37F41F315,CFG_ANALYZED,UTILITY,UNKNOWN,Disassembled 46 instructions; calls 1 imported APIs
libfftw3.so,libfftw3.so:sub_46f78,0x46f78,0x46f78,68,.text,sub_46f78,,NO,NO,NO,0,0,,,,,,,3829B49686588E94A8AADFCCDD3762F0D411B787C7E6EF388B4A71F265812AE0,CFG_ANALYZED,UTILITY,UNKNOWN,Disassembled 17 instructions; calls 0 imported APIs
libfftw3.so,libfftw3.so:sub_46fbc,0x46fbc,0x46fbc,52,.text,sub_46fbc,,NO,NO,NO,0,0,,,fftwf_mksolver,,,,839BD62B4925B7D26D9604E4DD4099F13C38A31F55195A051EEB0692E980495A,CFG_ANALYZED,UTILITY,UNKNOWN,Disassembled 13 instructions; calls 1 imported APIs
libfftw3.so,libfftw3.so:sub_46ff0,0x46ff0,0x46ff0,188,.text,sub_46ff0,,NO,NO,NO,0,0,,,fftwf_mkplan_rdft;fftwf_ops_zero;fftwf_tensor_inplace_strides,,,,3A7F8E9440783CB2BF503F7BB3ADD2149ED4670C93D44AC47E7324C644C00453,CFG_ANALYZED,UTILITY,UNKNOWN,Disassembled 47 instructions; calls 3 imported APIs
libfftw3.so,libfftw3.so:sub_470ac,0x470ac,0x470ac,52,.text,sub_470ac,,NO,NO,NO,0,0,,,fftwf_mksolver,,,,3B448BD57536826420AB3E2E954900A7C898226AA8EFBD458040D4A5E7141131,CFG_ANALYZED,UTILITY,UNKNOWN,Disassembled 13 instructions; calls 1 imported APIs
libfftw3.so,libfftw3.so:sub_470e0,0x470e0,0x470e0,180,.text,sub_470e0,,NO,NO,NO,0,0,,,fftwf_mkplan_rdft2;fftwf_ops_zero;fftwf_rdft2_inplace_strides,,,,87811FFD91D4C02091107C3E0A6DBD46AAF26ABF0B978C95FCF822DE9944A442,CFG_ANALYZED,UTILITY,UNKNOWN,Disassembled 45 instructions; calls 3 imported APIs
libfftw3.so,libfftw3.so:sub_47194,0x47194,0x47194,12,.text,sub_47194,,NO,NO,NO,0,0,,,,,,,57009774E1AFD1D54135CBBF5224697EC5186E68ADA28E7081F0E165CEB3C639,CFG_ANALYZED,UTILITY,UNKNOWN,Disassembled 3 instructions; calls 0 imported APIs
libfftw3.so,libfftw3.so:sub_471a0,0x471a0,0x471a0,12,.text,sub_471a0,,NO,NO,NO,0,0,,,,,,,5ADF675A225644AACEAE3C5EF9AF95BCB495F9D595A4FE8438FE779EED1576A5,CFG_ANALYZED,UTILITY,UNKNOWN,Disassembled 3 instructions; calls 0 imported APIs
libfftw3.so,libfftw3.so:sub_471ac,0x471ac,0x471ac,20,.text,sub_471ac,,NO,NO,NO,0,0,,,,,,,508BB7816F690E4690CE4960662B6E998B570DEB7318FCF0D7CC3F834B4F1A65,CFG_ANALYZED,UTILITY,UNKNOWN,Disassembled 5 instructions; calls 0 imported APIs
libfftw3.so,libfftw3.so:sub_471c0,0x471c0,0x471c0,40,.text,sub_471c0,,NO,NO,NO,0,0,,,,,,,0979A359C23B811FD6B9684583A3BB5ADF99D5368D44A110B452EBE10C0710A0,CFG_ANALYZED,UTILITY,UNKNOWN,Disassembled 10 instructions; calls 0 imported APIs
libfftw3.so,libfftw3.so:sub_471e8,0x471e8,0x471e8,36,.text,sub_471e8,,NO,NO,NO,0,0,,,,,,,D18E3339D69B5B47ABFB6DF6E3CF7CD250908B2BD6617FAAF75B6DB483235876,CFG_ANALYZED,UTILITY,UNKNOWN,Disassembled 9 instructions; calls 0 imported APIs
libfftw3.so,libfftw3.so:sub_4720c,0x4720c,0x4720c,32,.text,sub_4720c,,NO,NO,NO,0,0,,,,,,,E5FC82963F25C9D4E6BDA60B5029D4D672FCC7DA3CF0A2E36E2D0644D714139F,CFG_ANALYZED,UTILITY,UNKNOWN,Disassembled 8 instructions; calls 0 imported APIs
libfftw3.so,libfftw3.so:sub_4722c,0x4722c,0x4722c,36,.text,sub_4722c,,NO,NO,NO,0,0,,,,,,,F8A33C726018ADCFC99B2C506DB50F29A2314D84F868760D6BD05E673CFD3B3A,CFG_ANALYZED,UTILITY,UNKNOWN,Disassembled 9 instructions; calls 0 imported APIs
libfftw3.so,libfftw3.so:sub_47250,0x47250,0x47250,4,.text,sub_47250,,NO,NO,NO,0,0,,,,,,,63B368CDB6AB9EE53A7CD531602553504C8573B654A5D4E620ADD844A006E9F4,CFG_ANALYZED,UTILITY,UNKNOWN,Disassembled 1 instructions; calls 0 imported APIs
libfftw3.so,libfftw3.so:sub_47254,0x47254,0x47254,212,.text,sub_47254,,NO,NO,NO,0,2,,libfftw3.so:sub_47328;libfftw3.so:sub_47328,__stack_chk_fail,,,,C4C086C7FAB65D48E07CFDCBE0086B120996082BFC99D824EC55C40DCFD79354,CFG_ANALYZED,UTILITY,UNKNOWN,Disassembled 53 instructions; calls 1 imported APIs
libfftw3.so,libfftw3.so:sub_47328,0x47328,0x47328,360,.text,sub_47328,,NO,NO,NO,2,0,libfftw3.so:sub_47254;libfftw3.so:sub_47254,,,,,,3D5A02B790DEA25CED5C26D966D1E5DA1F36B8C1B1B58028D1E000DC0F4F22DA,CFG_ANALYZED,UTILITY,UNKNOWN,Disassembled 90 instructions; calls 0 imported APIs
libfftw3.so,libfftw3.so:sub_47490,0x47490,0x47490,36,.text,sub_47490,,NO,NO,NO,0,0,,,fftwf_mkplan,,,,9490346357540C474C6D015A4DDB43059E4B05CDF8587A52C08125549E7D2F1C,CFG_ANALYZED,UTILITY,UNKNOWN,Disassembled 9 instructions; calls 1 imported APIs
libfftw3.so,libfftw3.so:sub_474b4,0x474b4,0x474b4,4,.text,sub_474b4,,NO,NO,NO,0,0,,,,,,,43D398CB4303E7884714B4804589081560EF3F75B106DECD595E5C8C23E6DEDC,CFG_ANALYZED,UTILITY,UNKNOWN,Disassembled 1 instructions; calls 0 imported APIs
libfftw3.so,libfftw3.so:sub_474b8,0x474b8,0x474b8,264,.text,sub_474b8,,NO,NO,NO,0,0,,,fftwf_many_kosherp;fftwf_map_r2r_kind;fftwf_mktensor_rowmajor;fftwf_mktensor_1d;fftwf_mkproblem_rdft_d;fftwf_mkapiplan;fftwf_ifree0,,,,BC699745358B8851681650FC20E186CB3F01AEF0259C8895C2A331605880F65F,CFG_ANALYZED,UTILITY,UNKNOWN,Disassembled 66 instructions; calls 7 imported APIs
libfftw3.so,libfftw3.so:sub_475c0,0x475c0,0x475c0,4,.text,sub_475c0,,NO,NO,NO,0,0,,,,,,,015786EEA4EDFBE22A078E33FFCC9EF4DA194118D87F375664A4230CF5B129B9,CFG_ANALYZED,UTILITY,UNKNOWN,Disassembled 1 instructions; calls 0 imported APIs
libfftw3.so,libfftw3.so:sub_475c4,0x475c4,0x475c4,88,.text,sub_475c4,,NO,NO,NO,0,0,,,fftwf_plan_r2r;__stack_chk_fail,,,,4B14577E1A47B1F004EFB019079D87E58172DA05AC116D5DBC6847DA9579F290,CFG_ANALYZED,UTILITY,UNKNOWN,Disassembled 22 instructions; calls 2 imported APIs
libfftw3.so,libfftw3.so:sub_4761c,0x4761c,0x4761c,4,.text,sub_4761c,,NO,NO,NO,0,0,,,,,,,015786EEA4EDFBE22A078E33FFCC9EF4DA194118D87F375664A4230CF5B129B9,CFG_ANALYZED,UTILITY,UNKNOWN,Disassembled 1 instructions; calls 0 imported APIs
libfftw3.so,libfftw3.so:sub_47620,0x47620,0x47620,76,.text,sub_47620,,NO,NO,NO,0,0,,,fftwf_plan_many_r2r,,,,27FC093BA046DB9BA38E83D1AD248F8B7BCA15A06353C2A75F185DF15AFC3A17,CFG_ANALYZED,UTILITY,UNKNOWN,Disassembled 19 instructions; calls 1 imported APIs
libfftw3.so,libfftw3.so:sub_4766c,0x4766c,0x4766c,52,.text,sub_4766c,,NO,NO,NO,0,0,,,fftwf_malloc_plain;fftwf_ops_zero,,,,8B67271A2FC22E68FC4C66E8DDC3CD1D4B50BD3EAFE5DCAD50854F5E25784E2B,CFG_ANALYZED,UTILITY,UNKNOWN,Disassembled 13 instructions; calls 2 imported APIs
libfftw3.so,libfftw3.so:sub_476a0,0x476a0,0x476a0,4,.text,sub_476a0,,NO,NO,NO,0,0,,,,,,,58BFEFA21247C5FEC06FCF4849683D1C7432813091CF8C3D2B08C3219AC4C133,CFG_ANALYZED,UTILITY,UNKNOWN,Disassembled 1 instructions; calls 0 imported APIs
libfftw3.so,libfftw3.so:sub_476a4,0x476a4,0x476a4,48,.text,sub_476a4,,NO,NO,NO,0,0,,,,,,,C147E66E87AB482226113CDAE8AE48ABFD314F125B518F6EC6590249E4F9EF8F,CFG_ANALYZED,UTILITY,UNKNOWN,Disassembled 12 instructions; calls 0 imported APIs
libfftw3.so,libfftw3.so:sub_476d4,0x476d4,0x476d4,4,.text,sub_476d4,,NO,NO,NO,0,0,,,,,,,110F46B5B35C069160560C6AD6786F647DD44E8760A52A46FC22DBBCD7630B91,CFG_ANALYZED,UTILITY,UNKNOWN,Disassembled 1 instructions; calls 0 imported APIs
libfftw3.so,libfftw3.so:sub_476d8,0x476d8,0x476d8,4,.text,sub_476d8,,NO,NO,NO,0,0,,,,,,,58BFEFA21247C5FEC06FCF4849683D1C7432813091CF8C3D2B08C3219AC4C133,CFG_ANALYZED,UTILITY,UNKNOWN,Disassembled 1 instructions; calls 0 imported APIs
libfftw3.so,libfftw3.so:sub_476dc,0x476dc,0x476dc,48,.text,sub_476dc,,NO,NO,NO,0,0,,,,,,,69D33C8D238113C17A25C616D73DFEB49FE277ADC286266F09E957713DB474A2,CFG_ANALYZED,UTILITY,UNKNOWN,Disassembled 12 instructions; calls 0 imported APIs
libfftw3.so,libfftw3.so:sub_4770c,0x4770c,0x4770c,36,.text,sub_4770c,,NO,NO,NO,0,0,,,fftwf_mkplan,,,,38CB4BCBEC80D1A8F00E5FD27BEE0C24AE8FB1E5B69A622E026B0A1163724267,CFG_ANALYZED,UTILITY,UNKNOWN,Disassembled 9 instructions; calls 1 imported APIs
libfftw3.so,libfftw3.so:sub_47730,0x47730,0x47730,36,.text,sub_47730,,NO,NO,NO,0,0,,,fftwf_mkplan,,,,D07D327A34297F84849ABE1471FCCB2C5FD5FFDCFA72382A143553C9A41B20DD,CFG_ANALYZED,UTILITY,UNKNOWN,Disassembled 9 instructions; calls 1 imported APIs
libfftw3.so,libfftw3.so:sub_47754,0x47754,0x47754,48,.text,sub_47754,,NO,NO,NO,0,0,,,,,,,61B9433A005EE877ACE84818546D12D3161B3F4EE0B4108FADD5983F8FECF826,CFG_ANALYZED,UTILITY,UNKNOWN,Disassembled 12 instructions; calls 0 imported APIs
libfftw3.so,libfftw3.so:sub_47784,0x47784,0x47784,184,.text,sub_47784,,NO,NO,NO,0,2,,libfftw3.so:sub_48c8c;libfftw3.so:sub_48c8c,fftwf_malloc_plain,,,,DA84C05C544E0B19C9FC6818053C1DA2149EFA0A4AF5B2F8841FB9F0334839A0,CFG_ANALYZED,UTILITY,UNKNOWN,Disassembled 46 instructions; calls 1 imported APIs
libfftw3.so,libfftw3.so:sub_4783c,0x4783c,0x4783c,208,.text,sub_4783c,,NO,NO,NO,0,0,,,fftwf_solver_use;fftwf_malloc_plain;fftwf_ifree0;fftwf_hash,,,,46D22F9DC7937DAF77E391299C5B79ACF9D412FA10FD46C9F35C851EA7FBB314,CFG_ANALYZED,UTILITY,UNKNOWN,Disassembled 52 instructions; calls 4 imported APIs
libfftw3.so,libfftw3.so:sub_4790c,0x4790c,0x4790c,1132,.text,sub_4790c,,NO,NO,NO,0,10,,libfftw3.so:sub_48934;libfftw3.so:sub_487f0;libfftw3.so:sub_487f0;libfftw3.so:sub_48934;libfftw3.so:sub_48934;libfftw3.so:sub_48934;libfftw3.so:sub_48934;libfftw3.so:sub_48504;libfftw3.so:sub_48504;libfftw3.so:sub_48934,fftwf_md5begin;fftwf_md5unsigned;fftwf_md5int;fftwf_md5end;fftwf_plan_destroy_internal;__stack_chk_fail,,,,A7142DA33608D4B0990B5142CCF8628918BF71468FE7EAA43F6265EFF9C9874F,CFG_ANALYZED,UTILITY,UNKNOWN,Disassembled 283 instructions; calls 6 imported APIs
libfftw3.so,libfftw3.so:sub_47d78,0x47d78,0x47d78,112,.text,sub_47d78,,NO,NO,NO,0,1,,libfftw3.so:sub_48c8c,fftwf_ifree;fftwf_ifree,,,,FD8450D01295DABC7725A6EB4F0081D11E1253F30B664365611734FCE4248DA7,CFG_ANALYZED,UTILITY,UNKNOWN,Disassembled 28 instructions; calls 2 imported APIs
libfftw3.so,libfftw3.so:sub_47de8,0x47de8,0x47de8,404,.text,sub_47de8,,NO,NO,NO,0,0,,,fftwf_md5begin;fftwf_md5unsigned;fftwf_md5int;fftwf_md5puts;fftwf_md5end;__stack_chk_fail,,0xe667;0xdff5;0xd083,,AAAB8A01921AA1ADB4AD77C4B8C00381E712BA5C82571E8C850CE4B390E1D9EA,CFG_ANALYZED,UTILITY,UNKNOWN,Disassembled 101 instructions; calls 6 imported APIs
libfftw3.so,libfftw3.so:sub_47f7c,0x47f7c,0x47f7c,1108,.text,sub_47f7c,,NO,NO,NO,0,4,,libfftw3.so:sub_487f0;libfftw3.so:sub_487f0;libfftw3.so:sub_487f0;libfftw3.so:sub_48504,fftwf_md5begin;fftwf_md5unsigned;fftwf_md5int;fftwf_md5puts;fftwf_md5end;fftwf_malloc_plain;fftwf_ifree0;__stack_chk_fail;fftwf_hash;strcmp,"""(%*s %d #x%x #x%x #x%x #x%M #x%M #x%M #x%M)"";""flags.l == l"";""/Volumes/workspace/Git/tool/fftw/clip/src/planner.c"";""flags.u == u"";""/Volumes/workspace/Git/tool/fftw/clip/src/planner.c""",0xe667;0xd6ac;0xd6ac,,A2BBDE0B396D3AF04F456E8D363AEA20031B4582A2E331BA705C8B087CFC4DB8,CFG_ANALYZED,UTILITY,UNKNOWN,Disassembled 277 instructions; calls 14 imported APIs
libfftw3.so,libfftw3.so:sub_483d0,0x483d0,0x483d0,128,.text,sub_483d0,,NO,NO,NO,0,0,,,fftwf_ifree;fftwf_ifree;fftwf_solver_destroy;fftwf_ifree0,,,,600D7244C814CFE4228C8F004C14813C6228E59011E5E91F7970A1F9E5CF51E9,CFG_ANALYZED,UTILITY,UNKNOWN,Disassembled 32 instructions; calls 4 imported APIs
libfftw3.so,libfftw3.so:sub_48450,0x48450,0x48450,56,.text,sub_48450,,NO,NO,NO,0,0,,,fftwf_problem_destroy,,,,9A68326CA411494FAB93ED799F731C48D8CBEEF64CA646404AE7155BD3999416,CFG_ANALYZED,UTILITY,UNKNOWN,Disassembled 14 instructions; calls 1 imported APIs
libfftw3.so,libfftw3.so:sub_48488,0x48488,0x48488,124,.text,sub_48488,,NO,NO,NO,0,0,,,fftwf_problem_destroy,,,,8FFFB0B6FF94F2D4C0EFF857ADFE32AA740EB87AEB029C870B70CB0B2F48A206,CFG_ANALYZED,UTILITY,UNKNOWN,Disassembled 31 instructions; calls 1 imported APIs
libfftw3.so,libfftw3.so:sub_48504,0x48504,0x48504,748,.text,sub_48504,,NO,NO,NO,3,1,libfftw3.so:sub_4790c;libfftw3.so:sub_4790c;libfftw3.so:sub_47f7c,libfftw3.so:sub_48c8c,fftwf_assertion_failed,"""/Volumes/workspace/Git/tool/fftw/clip/src/planner.c""",,,115FED7BA7B6FA8ED171ACE2BED9B4C6F0D9ABC3F723C3552AB996234C876F84,CFG_ANALYZED,UTILITY,UNKNOWN,Disassembled 187 instructions; calls 1 imported APIs
libfftw3.so,libfftw3.so:sub_487f0,0x487f0,0x487f0,324,.text,sub_487f0,,NO,NO,NO,5,0,libfftw3.so:sub_4790c;libfftw3.so:sub_4790c;libfftw3.so:sub_47f7c;libfftw3.so:sub_47f7c;libfftw3.so:sub_47f7c,,,,,,0CD6CEB70C27C00BC17C59B0EC31276145C82185FED1ABC3FCAF2E13A061EF83,CFG_ANALYZED,UTILITY,UNKNOWN,Disassembled 81 instructions; calls 0 imported APIs
libfftw3.so,libfftw3.so:sub_48934,0x48934,0x48934,4,.text,sub_48934,,NO,NO,NO,6,0,libfftw3.so:sub_4790c;libfftw3.so:sub_4790c;libfftw3.so:sub_4790c;libfftw3.so:sub_4790c;libfftw3.so:sub_4790c;libfftw3.so:sub_4790c,,,,,,486151D494BD20B7E238DCF4F44F71C1AABE4236A541BE3A14F80CEA053A4084,CFG_ANALYZED,UTILITY,UNKNOWN,Disassembled 1 instructions; calls 0 imported APIs
libfftw3.so,libfftw3.so:sub_48938,0x48938,0x48938,852,.text,sub_48938,,NO,NO,NO,0,0,,,fftwf_elapsed_since;fftwf_elapsed_since;fftwf_measure_execution_time;fftwf_measure_execution_time;fftwf_plan_destroy_internal;fftwf_plan_destroy_internal;fftwf_plan_destroy_internal;fftwf_plan_destroy_internal,,,,3FAB42D81AE930BCF7753A77DA69F14F630107917FA07CC5145E21343C37F102,CFG_ANALYZED,UTILITY,UNKNOWN,Disassembled 213 instructions; calls 8 imported APIs
libfftw3.so,libfftw3.so:sub_48c8c,0x48c8c,0x48c8c,308,.text,sub_48c8c,,NO,NO,NO,4,1,libfftw3.so:sub_47784;libfftw3.so:sub_47784;libfftw3.so:sub_47d78;libfftw3.so:sub_48504,libfftw3.so:sub_48dc0,fftwf_next_prime;fftwf_malloc_plain,,,,226AA2FBC630BE35DA64C03396565AC278907C3148CA0FA916AD924832E7F455,CFG_ANALYZED,UTILITY,UNKNOWN,Disassembled 77 instructions; calls 2 imported APIs
libfftw3.so,libfftw3.so:sub_48dc0,0x48dc0,0x48dc0,328,.text,sub_48dc0,,NO,NO,NO,1,0,libfftw3.so:sub_48c8c,,fftwf_assertion_failed,"""/Volumes/workspace/Git/tool/fftw/clip/src/planner.c""",,,128D2B2F9E2E199298B28E095E2D3CA82031387ADCC9935ED4801E47D62FB835,CFG_ANALYZED,UTILITY,UNKNOWN,Disassembled 82 instructions; calls 1 imported APIs
libfftw3.so,libfftw3.so:sub_48f08,0x48f08,0x48f08,96,.text,sub_48f08,,NO,NO,NO,0,0,,,,,,,D2B4E971D93A1FC01DC29DDAE39D57C07814FAB9F60D4852975CB81B6D5BDD1B,CFG_ANALYZED,UTILITY,UNKNOWN,Disassembled 24 instructions; calls 0 imported APIs
libfftw3.so,libfftw3.so:sub_48f68,0x48f68,0x48f68,4,.text,sub_48f68,,NO,NO,NO,0,0,,,,,,,DFAD4E07BF17AAF4AD8D21EF32E7B18CBFF878E8280FCCCFAADAED3352725C5E,CFG_ANALYZED,UTILITY,UNKNOWN,Disassembled 1 instructions; calls 0 imported APIs
libfftw3.so,libfftw3.so:sub_48f6c,0x48f6c,0x48f6c,344,.text,sub_48f6c,,NO,NO,NO,0,0,,,fftwf_power_mod;fftwf_power_mod,,,,BF17461BEA610152629B3745FCC8BD10470CE86897552EBEA4961C0B042AE3CF,CFG_ANALYZED,UTILITY,UNKNOWN,Disassembled 86 instructions; calls 2 imported APIs
libfftw3.so,libfftw3.so:sub_490c4,0x490c4,0x490c4,4,.text,sub_490c4,,NO,NO,NO,0,0,,,,,,,6F427803125664DB5B7E62FCBCAE77ED224E0F0C201ED6A942B1FD2F63D84EBF,CFG_ANALYZED,UTILITY,UNKNOWN,Disassembled 1 instructions; calls 0 imported APIs
libfftw3.so,libfftw3.so:sub_490c8,0x490c8,0x490c8,376,.text,sub_490c8,,NO,NO,NO,0,0,,,fftwf_power_mod;__stack_chk_fail,,,,1AE3AE57B432E06168CA4EE3720E46F3DC3F048BDED992BF7420928B5DF3C38B,CFG_ANALYZED,UTILITY,UNKNOWN,Disassembled 94 instructions; calls 2 imported APIs
libfftw3.so,libfftw3.so:sub_49240,0x49240,0x49240,76,.text,sub_49240,,NO,NO,NO,0,0,,,,,,,1C1140E3E9FE5F72A291229BB624A8C973159579D5C126F6D25735592AB37790,CFG_ANALYZED,UTILITY,UNKNOWN,Disassembled 19 instructions; calls 0 imported APIs
libfftw3.so,libfftw3.so:sub_4928c,0x4928c,0x4928c,92,.text,sub_4928c,,NO,NO,NO,0,0,,,,,,,F9C03CBE8FBA07E09150698CFC4A5083CEDC85EEDB7AE27BCF6C33CA79653073,CFG_ANALYZED,UTILITY,UNKNOWN,Disassembled 23 instructions; calls 0 imported APIs
libfftw3.so,libfftw3.so:sub_492e8,0x492e8,0x492e8,76,.text,sub_492e8,,NO,NO,NO,0,0,,,,,,,8159A79B907C8376E6EF65B6E0EFF50C0DA6C3163947EF9DD7C584A0B159B895,CFG_ANALYZED,UTILITY,UNKNOWN,Disassembled 19 instructions; calls 0 imported APIs
libfftw3.so,libfftw3.so:sub_49334,0x49334,0x49334,48,.text,sub_49334,,NO,NO,NO,0,0,,,,,,,DA7511E1D5083E94CBF629747A6A7A4AD967BFAA06E7B14F9F12898637F6D4AC,CFG_ANALYZED,UTILITY,UNKNOWN,Disassembled 12 instructions; calls 0 imported APIs
libfftw3.so,libfftw3.so:sub_49364,0x49364,0x49364,52,.text,sub_49364,,NO,NO,NO,0,0,,,,,,,D750DCBBBF26CA76414E064C4B3284DBB22CE9D6A623F4755B517000404A491F,CFG_ANALYZED,UTILITY,UNKNOWN,Disassembled 13 instructions; calls 0 imported APIs
libfftw3.so,libfftw3.so:sub_49398,0x49398,0x49398,212,.text,sub_49398,,NO,NO,NO,0,0,,,,,,,57227507AEBEE12331FB53447466A194BEDA13198F98A38CE8ADDC315DBBA76D,CFG_ANALYZED,UTILITY,UNKNOWN,Disassembled 53 instructions; calls 0 imported APIs
libfftw3.so,libfftw3.so:sub_4946c,0x4946c,0x4946c,40,.text,sub_4946c,,NO,NO,NO,0,0,,,,,,,1803806FE60633809098E20103FDF1D826EC021429C96D09E4D09FD3CBA58A2B,CFG_ANALYZED,UTILITY,UNKNOWN,Disassembled 10 instructions; calls 0 imported APIs
libfftw3.so,libfftw3.so:sub_49494,0x49494,0x49494,172,.text,sub_49494,,NO,NO,NO,0,0,,,,,,,D51FA31B852E672E2C035F18D6F4A87F1C7D8F49425F5B46FF9101FA4E03947B,CFG_ANALYZED,UTILITY,UNKNOWN,Disassembled 43 instructions; calls 0 imported APIs
libfftw3.so,libfftw3.so:sub_49540,0x49540,0x49540,200,.text,sub_49540,,NO,NO,NO,0,0,,,fftwf_tensor_inplace_locations;fftwf_mkproblem;fftwf_tensor_compress;fftwf_tensor_compress_contiguous,,,,B21D0E977279AB16FBDA0A578BF3DADDF9E5704500BAF821596E7508405BE802,CFG_ANALYZED,UTILITY,UNKNOWN,Disassembled 50 instructions; calls 4 imported APIs
libfftw3.so,libfftw3.so:sub_49608,0x49608,0x49608,200,.text,sub_49608,,NO,NO,NO,0,0,,,fftwf_tensor_inplace_locations;fftwf_mkproblem;fftwf_tensor_compress;fftwf_tensor_compress_contiguous;fftwf_mkproblem_unsolvable;fftwf_tensor_destroy2,,,,A8A422613F5B8DA0263ECE8838017720070426DAAC8DFE9BB3E7436B0FC22B53,CFG_ANALYZED,UTILITY,UNKNOWN,Disassembled 50 instructions; calls 6 imported APIs
libfftw3.so,libfftw3.so:sub_496d0,0x496d0,0x496d0,212,.text,sub_496d0,,NO,NO,NO,0,0,,,fftwf_md5puts;fftwf_md5int;fftwf_md5INT;fftwf_md5INT;fftwf_alignment_of;fftwf_md5int;fftwf_alignment_of;fftwf_md5int;fftwf_alignment_of;fftwf_md5int,,,,49A8EC9B4036B05784E1BA4F7AC5E790B6B07E9233880668047F3856924632BE,CFG_ANALYZED,UTILITY,UNKNOWN,Disassembled 53 instructions; calls 13 imported APIs
libfftw3.so,libfftw3.so:sub_497a4,0x497a4,0x497a4,60,.text,sub_497a4,,NO,NO,NO,0,0,,,fftwf_tensor_append;fftwf_dft_zerotens,,,,562C377F75FC7FD3EE28B3D0376003A088B45D30BBB26F699E23B12D247074C9,CFG_ANALYZED,UTILITY,UNKNOWN,Disassembled 15 instructions; calls 2 imported APIs
libfftw3.so,libfftw3.so:sub_497e0,0x497e0,0x497e0,152,.text,sub_497e0,,NO,NO,NO,0,0,,,fftwf_alignment_of;fftwf_alignment_of,"""(dft %d %d %d %D %D %T %T)""",,,C54EF00078A679D9F522069E0EC8B0CAE92F7799676DE2D61D0E9773D4D2ED0E,CFG_ANALYZED,UTILITY,UNKNOWN,Disassembled 38 instructions; calls 2 imported APIs
libfftw3.so,libfftw3.so:sub_49878,0x49878,0x49878,44,.text,sub_49878,,NO,NO,NO,0,0,,,fftwf_tensor_destroy2,,,,B1CE21B54A5F8D244C52C4BD4B70C67C6919B8DFA36A59C92DDB43DB04AD2F9C,CFG_ANALYZED,UTILITY,UNKNOWN,Disassembled 11 instructions; calls 1 imported APIs
libfftw3.so,libfftw3.so:sub_498a4,0x498a4,0x498a4,36,.text,sub_498a4,,NO,NO,NO,0,0,,,fftwf_malloc_plain,,,,474CE28B7BB4BC1E8D7885516023C8B18F9B6536C26E38395DC6BE4A909E5D2D,CFG_ANALYZED,UTILITY,UNKNOWN,Disassembled 9 instructions; calls 1 imported APIs
libfftw3.so,libfftw3.so:sub_498c8,0x498c8,0x498c8,20,.text,sub_498c8,,NO,NO,NO,0,0,,,,,,,37D465C6354282D5997C3ABD974635D60DDE4F347C833FD37475160C0C07105C,CFG_ANALYZED,UTILITY,UNKNOWN,Disassembled 5 instructions; calls 0 imported APIs
libfftw3.so,libfftw3.so:sub_498dc,0x498dc,0x498dc,56,.text,sub_498dc,,NO,NO,NO,0,0,,,,"""(unsolvable)""",,,0861157326664EC6036821E813E00E1BB8F952EF47C2E670DCB48706971399B6,CFG_ANALYZED,UTILITY,UNKNOWN,Disassembled 14 instructions; calls 0 imported APIs
libfftw3.so,libfftw3.so:sub_49914,0x49914,0x49914,16,.text,sub_49914,,NO,NO,NO,0,0,,,,,,,C81475FB0E437BDFCB5832152CDC527C19E91C33C3B8B237FC9EAB22E371B337,CFG_ANALYZED,UTILITY,UNKNOWN,Disassembled 4 instructions; calls 0 imported APIs
libfftw3.so,libfftw3.so:sub_49924,0x49924,0x49924,12,.text,sub_49924,,NO,NO,NO,2,0,libfftw3.so:sub_49930;libfftw3.so:sub_4a05c,,,,,,746F9F72C03EE1757DE60FE15F213B2F206C6A26906F6D00FE827EB85FFEEC60,CFG_ANALYZED,UTILITY,UNKNOWN,Disassembled 3 instructions; calls 0 imported APIs
libfftw3.so,libfftw3.so:sub_49930,0x49930,0x49930,224,.text,sub_49930,,NO,NO,NO,0,1,,libfftw3.so:sub_49924,,,,,D34C85F62C258E41CB38A35D12B147E32747CEC886669D29A7465604208BD23F,CFG_ANALYZED,UTILITY,UNKNOWN,Disassembled 56 instructions; calls 0 imported APIs
libfftw3.so,libfftw3.so:sub_49a10,0x49a10,0x49a10,16,.text,sub_49a10,,NO,NO,NO,0,0,,,,,,,36EE07CFD9DD9052BDE2453FF9D7E8384D26DDC049B4407030603F00F4DB93B5,CFG_ANALYZED,UTILITY,UNKNOWN,Disassembled 4 instructions; calls 0 imported APIs
libfftw3.so,libfftw3.so:sub_49a20,0x49a20,0x49a20,4,.text,sub_49a20,,NO,NO,NO,0,0,,,,,,,EF9193E88447246E122A111A61BA8E3C3B767324BB563A5603D02D069FB05126,CFG_ANALYZED,UTILITY,UNKNOWN,Disassembled 1 instructions; calls 0 imported APIs
libfftw3.so,libfftw3.so:sub_49a24,0x49a24,0x49a24,1072,.text,sub_49a24,,NO,NO,NO,0,0,,,fftwf_tensor_inplace_locations;fftwf_mkproblem;fftwf_mktensor;fftwf_dimcmp;fftwf_tensor_compress_contiguous;__stack_chk_fail,,,,9C85DEFB99B4A9AB0770AE312DCB76DF8754622424AD908FBC65316F495239FB,CFG_ANALYZED,UTILITY,UNKNOWN,Disassembled 268 instructions; calls 6 imported APIs
libfftw3.so,libfftw3.so:sub_49e54,0x49e54,0x49e54,64,.text,sub_49e54,,NO,NO,NO,0,0,,,fftwf_mkproblem_rdft;fftwf_tensor_destroy2,,,,C89CAEE967AA491EEBF0DB46B72FB5F2650FAE35ECCDDBA879D0EBBEA13CF771,CFG_ANALYZED,UTILITY,UNKNOWN,Disassembled 16 instructions; calls 2 imported APIs
libfftw3.so,libfftw3.so:sub_49e94,0x49e94,0x49e94,4,.text,sub_49e94,,NO,NO,NO,0,0,,,,,,,709D2F87409D56582A8BD1D8EBD68D9D22206156EC39E6D513092ED4A0084B88,CFG_ANALYZED,UTILITY,UNKNOWN,Disassembled 1 instructions; calls 0 imported APIs
libfftw3.so,libfftw3.so:sub_49e98,0x49e98,0x49e98,72,.text,sub_49e98,,NO,NO,NO,0,0,,,fftwf_mkproblem_rdft;__stack_chk_fail,,,,6FA59E90057FC5BAD42AA24FC25E7C6D2B4453540260393EFB953FF8CF99DACD,CFG_ANALYZED,UTILITY,UNKNOWN,Disassembled 18 instructions; calls 2 imported APIs
libfftw3.so,libfftw3.so:sub_49ee0,0x49ee0,0x49ee0,4,.text,sub_49ee0,,NO,NO,NO,0,0,,,,,,,015786EEA4EDFBE22A078E33FFCC9EF4DA194118D87F375664A4230CF5B129B9,CFG_ANALYZED,UTILITY,UNKNOWN,Disassembled 1 instructions; calls 0 imported APIs
libfftw3.so,libfftw3.so:sub_49ee4,0x49ee4,0x49ee4,108,.text,sub_49ee4,,NO,NO,NO,0,0,,,fftwf_mkproblem_rdft;fftwf_tensor_destroy2;__stack_chk_fail,,,,73AA94E4E0BAB639951589A1403A9E0328A936F201DDD74DF2CCF2F3E1272F0F,CFG_ANALYZED,UTILITY,UNKNOWN,Disassembled 27 instructions; calls 3 imported APIs
libfftw3.so,libfftw3.so:sub_49f50,0x49f50,0x49f50,92,.text,sub_49f50,,NO,NO,NO,0,0,,,fftwf_mktensor_0d;fftwf_mkproblem_rdft;fftwf_tensor_destroy2,,,,4D662B104EDC4493C282EBDBCD18E6C8EF7AED62AA60632EDC291CEB555B6B45,CFG_ANALYZED,UTILITY,UNKNOWN,Disassembled 23 instructions; calls 3 imported APIs
libfftw3.so,libfftw3.so:sub_49fac,0x49fac,0x49fac,176,.text,sub_49fac,,NO,NO,NO,0,0,,,fftwf_md5puts;fftwf_md5int;fftwf_md5int;fftwf_alignment_of;fftwf_md5int;fftwf_alignment_of;fftwf_md5int;fftwf_tensor_md5,,,,3B6882FCA4951F4DC2D669CEC041CC7ED982FA7678C4E2AE0D26C291CC17CDF5,CFG_ANALYZED,UTILITY,UNKNOWN,Disassembled 44 instructions; calls 8 imported APIs
libfftw3.so,libfftw3.so:sub_4a05c,0x4a05c,0x4a05c,60,.text,sub_4a05c,,NO,NO,NO,0,1,,libfftw3.so:sub_49924,fftwf_tensor_append,,,,E3173AB498EFFC72D5718DDA6E1F7EEFF67DF3A3C2A7EBEFB37FD8B495BE5772,CFG_ANALYZED,UTILITY,UNKNOWN,Disassembled 15 instructions; calls 1 imported APIs
libfftw3.so,libfftw3.so:sub_4a098,0x4a098,0x4a098,184,.text,sub_4a098,,NO,NO,NO,0,0,,,fftwf_alignment_of,"""(rdft %d %D %T %T"";"" %d""",0xd6ac,,3F19DB3354F18E16A7948F34B9E5EDCCE93E9557DD17FC9EAE131CE6FA5D1398,CFG_ANALYZED,UTILITY,UNKNOWN,Disassembled 46 instructions; calls 1 imported APIs
libfftw3.so,libfftw3.so:sub_4a150,0x4a150,0x4a150,44,.text,sub_4a150,,NO,NO,NO,0,0,,,fftwf_tensor_destroy2,,,,BFB0A93DEDF9C8BE47A9EC723E70BDE8471EF390C8E584677CF58306FA39E336,CFG_ANALYZED,UTILITY,UNKNOWN,Disassembled 11 instructions; calls 1 imported APIs
libfftw3.so,libfftw3.so:sub_4a17c,0x4a17c,0x4a17c,92,.text,sub_4a17c,,NO,NO,NO,0,0,,,,,,,1865380B4567FE0762736E61CFD0B0752BFEC3AA975F5BEA640F7415A9AD0F34,CFG_ANALYZED,UTILITY,UNKNOWN,Disassembled 23 instructions; calls 0 imported APIs
libfftw3.so,libfftw3.so:sub_4a1d8,0x4a1d8,0x4a1d8,8,.text,sub_4a1d8,,NO,NO,NO,0,0,,,,,,,20B67CA2C83E9C9F89EAAE2DB87D5DC72BA94AE359FCDEFC59A2956B2C2B67BB,CFG_ANALYZED,UTILITY,UNKNOWN,Disassembled 2 instructions; calls 0 imported APIs
libfftw3.so,libfftw3.so:sub_4a1e0,0x4a1e0,0x4a1e0,276,.text,sub_4a1e0,,NO,NO,NO,0,0,,,fftwf_mkproblem;fftwf_tensor_copy_except;fftwf_tensor_copy_sub;fftwf_tensor_compress;fftwf_tensor_append;fftwf_tensor_compress;fftwf_tensor_compress;fftwf_tensor_destroy2;fftwf_tensor_destroy;fftwf_tensor_compress_contiguous,,,,EB772C4189000EF237EBB9FBE98FD542A11B5D257634CFA8FBD9451B09E0A60A,CFG_ANALYZED,UTILITY,UNKNOWN,Disassembled 69 instructions; calls 10 imported APIs
libfftw3.so,libfftw3.so:sub_4a2f4,0x4a2f4,0x4a2f4,64,.text,sub_4a2f4,,NO,NO,NO,0,0,,,fftwf_mkproblem_rdft2;fftwf_tensor_destroy2,,,,F03E1FF69E03B432F54428F666263179EC8F0286977FC961F2CE5061EDC098DD,CFG_ANALYZED,UTILITY,UNKNOWN,Disassembled 16 instructions; calls 2 imported APIs
libfftw3.so,libfftw3.so:sub_4a334,0x4a334,0x4a334,140,.text,sub_4a334,,NO,NO,NO,0,0,,,fftwf_mkproblem_rdft2;fftwf_tensor_destroy2,,,,D1248C3BCF16BFA1D3ACA8EC2F457FC2CC2C562BB3DAE232C8CA640FFC325160,CFG_ANALYZED,UTILITY,UNKNOWN,Disassembled 35 instructions; calls 2 imported APIs
libfftw3.so,libfftw3.so:sub_4a3c0,0x4a3c0,0x4a3c0,224,.text,sub_4a3c0,,NO,NO,NO,0,0,,,fftwf_md5puts;fftwf_md5int;fftwf_md5INT;fftwf_md5INT;fftwf_alignment_of;fftwf_md5int;fftwf_alignment_of;fftwf_md5int;fftwf_alignment_of;fftwf_md5int,,,,BE7D1C5C22A819A7366E4D069BCCAB63884F9E244D7C41859FE20F13525D729F,CFG_ANALYZED,UTILITY,UNKNOWN,Disassembled 56 instructions; calls 14 imported APIs
libfftw3.so,libfftw3.so:sub_4a4a0,0x4a4a0,0x4a4a0,292,.text,sub_4a4a0,,NO,NO,NO,0,0,,,fftwf_tensor_copy;fftwf_tensor_append;fftwf_tensor_destroy;fftwf_dft_zerotens,"""(rdft2 %d %d %T %T)""",,,CB474F5E7882F3134295293FE4570EEBD9F345ACD5E360F175997D4EC7E78972,CFG_ANALYZED,UTILITY,UNKNOWN,Disassembled 73 instructions; calls 4 imported APIs
libfftw3.so,libfftw3.so:sub_4a5c4,0x4a5c4,0x4a5c4,44,.text,sub_4a5c4,,NO,NO,NO,0,0,,,fftwf_tensor_destroy2,,,,8D3850BB6B71474385333A1CFCE1F8C12ED9A5B0D1A4EF88EFF4A4B0D78A8F8A,CFG_ANALYZED,UTILITY,UNKNOWN,Disassembled 11 instructions; calls 1 imported APIs
libfftw3.so,libfftw3.so:sub_4a5f0,0x4a5f0,0x4a5f0,208,.text,sub_4a5f0,,NO,NO,NO,1,1,libfftw3.so:sub_4a5f0,libfftw3.so:sub_4a5f0,,,,,226BB0764615EB96B438E8702A6F83874E6003F1CF5DEBD729F5E4092FD031A8,CFG_ANALYZED,UTILITY,UNKNOWN,Disassembled 52 instructions; calls 0 imported APIs
libfftw3.so,libfftw3.so:sub_4a6c0,0x4a6c0,0x4a6c0,252,.text,sub_4a6c0,,NO,NO,NO,1,1,libfftw3.so:sub_4a6c0,libfftw3.so:sub_4a6c0,,,,,A00F9E18E155BDB551CE288E9B0258C499B62FEAC5729481236B1900FB681CF8,CFG_ANALYZED,UTILITY,UNKNOWN,Disassembled 63 instructions; calls 0 imported APIs
libfftw3.so,libfftw3.so:sub_4a7bc,0x4a7bc,0x4a7bc,492,.text,sub_4a7bc,,NO,NO,NO,0,0,,,,,,,B7F7E307C239632B5C754CA88FD0E98A87A3497C67BDFC6AD2A463B269953E09,CFG_ANALYZED,UTILITY,UNKNOWN,Disassembled 123 instructions; calls 0 imported APIs
libfftw3.so,libfftw3.so:sub_4a9a8,0x4a9a8,0x4a9a8,564,.text,sub_4a9a8,,NO,NO,NO,0,0,,,,,,,F36AF7DA7A0BFF3B3ADAEE2BC72B46C9F0D916E1AB8CB42468D6AA3BCE5D9743,CFG_ANALYZED,UTILITY,UNKNOWN,Disassembled 141 instructions; calls 0 imported APIs
libfftw3.so,libfftw3.so:sub_4abdc,0x4abdc,0x4abdc,912,.text,sub_4abdc,,NO,NO,NO,0,0,,,,,,,2B95681683251BDFEF479472CF9E64C34799DF4677986C29AAC8E851F7693533,CFG_ANALYZED,UTILITY,UNKNOWN,Disassembled 228 instructions; calls 0 imported APIs
libfftw3.so,libfftw3.so:sub_4af6c,0x4af6c,0x4af6c,952,.text,sub_4af6c,,NO,NO,NO,0,0,,,,,,,8D80D249E20A689214591165497434615F927226BDCF3AF84A351D3608CB90D4,CFG_ANALYZED,UTILITY,UNKNOWN,Disassembled 238 instructions; calls 0 imported APIs
libfftw3.so,libfftw3.so:sub_4b324,0x4b324,0x4b324,104,.text,sub_4b324,,NO,NO,NO,0,0,,,,,,,B95EB58E3B6D308C6834D860BF109D5CC393AF1496269F67EA6983307419A002,CFG_ANALYZED,UTILITY,UNKNOWN,Disassembled 26 instructions; calls 0 imported APIs
libfftw3.so,libfftw3.so:sub_4b38c,0x4b38c,0x4b38c,1128,.text,sub_4b38c,,NO,NO,NO,0,0,,,,,,,A61A5E2896EFE280E07F90CCE49EC27EDC75111DD16B6C22781CAB0BE32D2BE8,CFG_ANALYZED,UTILITY,UNKNOWN,Disassembled 282 instructions; calls 0 imported APIs
libfftw3.so,libfftw3.so:sub_4b7f4,0x4b7f4,0x4b7f4,48,.text,sub_4b7f4,,NO,NO,NO,0,0,,,,,,,93E0D63ABFA59E78BA86E00123F265C96F5B02E8053F01A91517DE2ED8EA8557,CFG_ANALYZED,UTILITY,UNKNOWN,Disassembled 12 instructions; calls 0 imported APIs
libfftw3.so,libfftw3.so:sub_4b824,0x4b824,0x4b824,1912,.text,sub_4b824,,NO,NO,NO,0,0,,,,,,,EEB7168767555C7D75F0035916500C988D4B0E3E44D476BABE037F95FFD84631,CFG_ANALYZED,UTILITY,UNKNOWN,Disassembled 478 instructions; calls 0 imported APIs
libfftw3.so,libfftw3.so:sub_4bf9c,0x4bf9c,0x4bf9c,148,.text,sub_4bf9c,,NO,NO,NO,0,0,,,,,,,B15E03868B3B47C546988DC27DB3E80A1F6BE7411C8C0032EA1AFA81B60EF372,CFG_ANALYZED,UTILITY,UNKNOWN,Disassembled 37 instructions; calls 0 imported APIs
libfftw3.so,libfftw3.so:sub_4c030,0x4c030,0x4c030,48,.text,sub_4c030,,NO,NO,NO,0,0,,,,,,,6DCD1F79950926F196E457ED4BE236EA0A8105013677DD42128B78761C3E69D2,CFG_ANALYZED,UTILITY,UNKNOWN,Disassembled 12 instructions; calls 0 imported APIs
libfftw3.so,libfftw3.so:sub_4c060,0x4c060,0x4c060,2204,.text,sub_4c060,,NO,NO,NO,0,0,,,,,,,591092D29E871D2E85917A839126B165B56DCC6C89F6724B579831F26BB1A755,CFG_ANALYZED,UTILITY,UNKNOWN,Disassembled 551 instructions; calls 0 imported APIs
libfftw3.so,libfftw3.so:sub_4c8fc,0x4c8fc,0x4c8fc,192,.text,sub_4c8fc,,NO,NO,NO,0,0,,,,,,,4775EC2CA5E0C293BC9394B28FBD006285EA4D60960572123D5580D92C8D849B,CFG_ANALYZED,UTILITY,UNKNOWN,Disassembled 48 instructions; calls 0 imported APIs
libfftw3.so,libfftw3.so:sub_4c9bc,0x4c9bc,0x4c9bc,288,.text,sub_4c9bc,,NO,NO,NO,0,0,,,,,,,00FD38A1481E738CEAA6DCACC6A3DEA56C9AB57CC53E0ADA4F443525BD1E891B,CFG_ANALYZED,UTILITY,UNKNOWN,Disassembled 72 instructions; calls 0 imported APIs
libfftw3.so,libfftw3.so:sub_4cadc,0x4cadc,0x4cadc,264,.text,sub_4cadc,,NO,NO,NO,0,0,,,,,,,C0339047B1E48DF802316FBCD082351488ACFCCFD0D1E22991913C91CF8DED17,CFG_ANALYZED,UTILITY,UNKNOWN,Disassembled 66 instructions; calls 0 imported APIs
libfftw3.so,libfftw3.so:sub_4cbe4,0x4cbe4,0x4cbe4,36,.text,sub_4cbe4,,NO,NO,NO,0,0,,,,,,,03197947D007262F2E4947FF9E0B88C12C2EE1D45F890A739162DC078AF30C5D,CFG_ANALYZED,UTILITY,UNKNOWN,Disassembled 9 instructions; calls 0 imported APIs
libfftw3.so,libfftw3.so:sub_4cc08,0x4cc08,0x4cc08,4096,.text,sub_4cc08,,NO,NO,NO,0,0,,,,,0x7d000,,FCAEFC6B8FC688B48A81B8CE85EC858BA6C9E15778DFDD3854BA9885CFA0D321,CFG_ANALYZED,UTILITY,UNKNOWN,Disassembled 1024 instructions; calls 0 imported APIs
libfftw3.so,libfftw3.so:sub_4e16c,0x4e16c,0x4e16c,444,.text,sub_4e16c,,NO,NO,NO,0,0,,,,,,,E386AA6BC159212D7AC9B33523E0409086EF03ED13B9C7E80217FCC5FA63F52A,CFG_ANALYZED,UTILITY,UNKNOWN,Disassembled 111 instructions; calls 0 imported APIs
libfftw3.so,libfftw3.so:sub_4e328,0x4e328,0x4e328,404,.text,sub_4e328,,NO,NO,NO,0,0,,,,,,,6DCB75D773D2FF666FD3DCD6189612ECFE0D85D4DF693AFE38BE6254BAEF2648,CFG_ANALYZED,UTILITY,UNKNOWN,Disassembled 101 instructions; calls 0 imported APIs
libfftw3.so,libfftw3.so:sub_4e4bc,0x4e4bc,0x4e4bc,536,.text,sub_4e4bc,,NO,NO,NO,0,0,,,,,,,95D85CDEB0C00CF1281D7FB73D0CF0474E1AF6F5918D3C68C5F7D336F87DDA7B,CFG_ANALYZED,UTILITY,UNKNOWN,Disassembled 134 instructions; calls 0 imported APIs
libfftw3.so,libfftw3.so:sub_4e6d4,0x4e6d4,0x4e6d4,488,.text,sub_4e6d4,,NO,NO,NO,0,0,,,,,,,A0DB85B665B26DA43E725FD3C5731F22A7DFAD11AF9BAA469C7F8B0999F65CC8,CFG_ANALYZED,UTILITY,UNKNOWN,Disassembled 122 instructions; calls 0 imported APIs
libfftw3.so,libfftw3.so:sub_4e8bc,0x4e8bc,0x4e8bc,888,.text,sub_4e8bc,,NO,NO,NO,0,0,,,,,,,5FEE0F9285CF943C8F67E86A26873C9F7FF394D73E61795D0CFDBA6B8215EF3E,CFG_ANALYZED,UTILITY,UNKNOWN,Disassembled 222 instructions; calls 0 imported APIs
libfftw3.so,libfftw3.so:sub_4ec34,0x4ec34,0x4ec34,504,.text,sub_4ec34,,NO,NO,NO,0,0,,,,,,,602CDDC32CA11009A10C62A7A53B506601CBB95B3A5D48759C4167A7B4397651,CFG_ANALYZED,UTILITY,UNKNOWN,Disassembled 126 instructions; calls 0 imported APIs
libfftw3.so,libfftw3.so:sub_4ee2c,0x4ee2c,0x4ee2c,36,.text,sub_4ee2c,,NO,NO,NO,0,0,,,,,,,23374F666E67748AF0E24CA14138987C6C932E01E23759193569320E070E122A,CFG_ANALYZED,UTILITY,UNKNOWN,Disassembled 9 instructions; calls 0 imported APIs
libfftw3.so,libfftw3.so:sub_4ee50,0x4ee50,0x4ee50,4096,.text,sub_4ee50,,NO,NO,NO,0,0,,,,,,,422FC4C7539FEBEAB042F3414C6886EB38114B5F8BA260F090DF062C98F133F9,CFG_ANALYZED,UTILITY,UNKNOWN,Disassembled 1024 instructions; calls 0 imported APIs
libfftw3.so,libfftw3.so:sub_51c74,0x51c74,0x51c74,1008,.text,sub_51c74,,NO,NO,NO,0,0,,,,,,,469D87D14EA199358B042F6A97BFF59065C043DED78327394032701C17B7488C,CFG_ANALYZED,UTILITY,UNKNOWN,Disassembled 252 instructions; calls 0 imported APIs
libfftw3.so,libfftw3.so:sub_52064,0x52064,0x52064,780,.text,sub_52064,,NO,NO,NO,0,0,,,,,,,83E8716FDFDDF245CC4A0745A6D8DA8FF8E635D4BEC566A894313991B8A390E2,CFG_ANALYZED,UTILITY,UNKNOWN,Disassembled 195 instructions; calls 0 imported APIs
libfftw3.so,libfftw3.so:sub_52370,0x52370,0x52370,800,.text,sub_52370,,NO,NO,NO,0,0,,,,,,,E588911A8C66517B5018CEDEB2F47BAB4C8CF93A1E30146FAF0B1201C345FE34,CFG_ANALYZED,UTILITY,UNKNOWN,Disassembled 200 instructions; calls 0 imported APIs
libfftw3.so,libfftw3.so:sub_52690,0x52690,0x52690,772,.text,sub_52690,,NO,NO,NO,0,0,,,,,,,76687EFB08E09663126ADA2DDEA6161AE9C3F9AEEC32462472D527D717E66A0F,CFG_ANALYZED,UTILITY,UNKNOWN,Disassembled 193 instructions; calls 0 imported APIs
libfftw3.so,libfftw3.so:sub_52994,0x52994,0x52994,96,.text,sub_52994,,NO,NO,NO,0,0,,,,,,,A6A28944BD8FA4DF805A8B93BB9A05489EF536BEAE271F83D1C8813977D0B3F3,CFG_ANALYZED,UTILITY,UNKNOWN,Disassembled 24 instructions; calls 0 imported APIs
libfftw3.so,libfftw3.so:sub_529f4,0x529f4,0x529f4,992,.text,sub_529f4,,NO,NO,NO,0,0,,,,,,,280E776DC440E4AA88F463BA70904885E11A6D8416A67BC9A121A6F0485D874D,CFG_ANALYZED,UTILITY,UNKNOWN,Disassembled 248 instructions; calls 0 imported APIs
libfftw3.so,libfftw3.so:sub_52dd4,0x52dd4,0x52dd4,48,.text,sub_52dd4,,NO,NO,NO,0,0,,,,,,,4DC94AEB1F7CDBD0AED8292692B4D1785EADE7B4441258251039C800B2E3FB3A,CFG_ANALYZED,UTILITY,UNKNOWN,Disassembled 12 instructions; calls 0 imported APIs
libfftw3.so,libfftw3.so:sub_52e04,0x52e04,0x52e04,1888,.text,sub_52e04,,NO,NO,NO,0,0,,,,,,,34C94D5F3688E887C50D7D0539AF2A9F60D9C5D498E5E35E82754F6240279A03,CFG_ANALYZED,UTILITY,UNKNOWN,Disassembled 472 instructions; calls 0 imported APIs
libfftw3.so,libfftw3.so:sub_53564,0x53564,0x53564,148,.text,sub_53564,,NO,NO,NO,0,0,,,,,,,3C75D1BC2B3BF5C3D3066AC93075E1E2AE0572B6DB4829CF69BAF2846DD35B43,CFG_ANALYZED,UTILITY,UNKNOWN,Disassembled 37 instructions; calls 0 imported APIs
libfftw3.so,libfftw3.so:sub_535f8,0x535f8,0x535f8,48,.text,sub_535f8,,NO,NO,NO,0,0,,,,,,,F41BE859C20D25EE019B76B98A882AA655D67B69849FBF592003707561D2BE09,CFG_ANALYZED,UTILITY,UNKNOWN,Disassembled 12 instructions; calls 0 imported APIs
libfftw3.so,libfftw3.so:sub_53628,0x53628,0x53628,1828,.text,sub_53628,,NO,NO,NO,0,0,,,,,,,63196EBA041012AE113B00EE65288DD14B6FD6732BA5739DA4A9E47DAC6920A0,CFG_ANALYZED,UTILITY,UNKNOWN,Disassembled 457 instructions; calls 0 imported APIs
libfftw3.so,libfftw3.so:sub_53d4c,0x53d4c,0x53d4c,164,.text,sub_53d4c,,NO,NO,NO,0,0,,,,,,,76C975BC376F1F37886F390075D474570E0AF2408365512FA1E6AE1572515E46,CFG_ANALYZED,UTILITY,UNKNOWN,Disassembled 41 instructions; calls 0 imported APIs
libfftw3.so,libfftw3.so:sub_53df0,0x53df0,0x53df0,288,.text,sub_53df0,,NO,NO,NO,0,0,,,,,,,6916017C9EB096601E5E8F58844B061ACF6C2260A8ED9A3B9B4352B1A16931D3,CFG_ANALYZED,UTILITY,UNKNOWN,Disassembled 72 instructions; calls 0 imported APIs
libfftw3.so,libfftw3.so:sub_53f10,0x53f10,0x53f10,276,.text,sub_53f10,,NO,NO,NO,0,0,,,,,,,45174D97F46D3906979C0276D85952407FC18B3715A6A3CC4CFC0FFABA1F6CED,CFG_ANALYZED,UTILITY,UNKNOWN,Disassembled 69 instructions; calls 0 imported APIs
libfftw3.so,libfftw3.so:sub_54024,0x54024,0x54024,36,.text,sub_54024,,NO,NO,NO,0,0,,,,,,,C5E4722C0CEC4C9A584068EBF21DA26968369D33DB54421A65D50967A78B0B5D,CFG_ANALYZED,UTILITY,UNKNOWN,Disassembled 9 instructions; calls 0 imported APIs
libfftw3.so,libfftw3.so:sub_54048,0x54048,0x54048,4096,.text,sub_54048,,NO,NO,NO,0,0,,,,,,,8889DDD68A376A4B4F50A2033CBD3E966BAF5BCEF1BFAC3A6097A79388C857D0,CFG_ANALYZED,UTILITY,UNKNOWN,Disassembled 1024 instructions; calls 0 imported APIs
libfftw3.so,libfftw3.so:sub_5530c,0x5530c,0x5530c,432,.text,sub_5530c,,NO,NO,NO,0,0,,,,,,,465AADA8E3961B99FEAE52BE03DE4B5BD83FD7222C5A15BF80371531CBEA243A,CFG_ANALYZED,UTILITY,UNKNOWN,Disassembled 108 instructions; calls 0 imported APIs
libfftw3.so,libfftw3.so:sub_554bc,0x554bc,0x554bc,348,.text,sub_554bc,,NO,NO,NO,0,0,,,,,,,3511300F7AA63EFCDB20B97E98276D90684057192E96C4CF50027784D5137697,CFG_ANALYZED,UTILITY,UNKNOWN,Disassembled 87 instructions; calls 0 imported APIs
libfftw3.so,libfftw3.so:sub_55618,0x55618,0x55618,552,.text,sub_55618,,NO,NO,NO,0,0,,,,,,,8251AAD6208DF8CC397F0DBC8830BFD5588A80FE9229EA55DE7B167E0A433391,CFG_ANALYZED,UTILITY,UNKNOWN,Disassembled 138 instructions; calls 0 imported APIs
libfftw3.so,libfftw3.so:sub_55840,0x55840,0x55840,464,.text,sub_55840,,NO,NO,NO,0,0,,,,,,,05674DBCFE1C00C405B03D97D319E7D1DDBC0260FE24D7BD0485975F0C1C3663,CFG_ANALYZED,UTILITY,UNKNOWN,Disassembled 116 instructions; calls 0 imported APIs
libfftw3.so,libfftw3.so:sub_55a10,0x55a10,0x55a10,568,.text,sub_55a10,,NO,NO,NO,0,0,,,,,,,5B7FDFEDB7DC4F80BF8F0F70C03EED2A12C1B4CAD341ACEA4A08F7A45052A1DA,CFG_ANALYZED,UTILITY,UNKNOWN,Disassembled 142 instructions; calls 0 imported APIs
libfftw3.so,libfftw3.so:sub_55c48,0x55c48,0x55c48,896,.text,sub_55c48,,NO,NO,NO,0,0,,,,,,,0F870000DF033F408A3845E9CDEF5E056BD1FCA72ED1F9B11885FCF3D1E251B6,CFG_ANALYZED,UTILITY,UNKNOWN,Disassembled 224 instructions; calls 0 imported APIs
libfftw3.so,libfftw3.so:sub_55fc8,0x55fc8,0x55fc8,924,.text,sub_55fc8,,NO,NO,NO,0,0,,,,,,,B8D2F04C9921F4076ABF59F5EBE9B31C10A20C52E4D5E0EFC31A6AC000C18250,CFG_ANALYZED,UTILITY,UNKNOWN,Disassembled 231 instructions; calls 0 imported APIs
libfftw3.so,libfftw3.so:sub_56364,0x56364,0x56364,96,.text,sub_56364,,NO,NO,NO,0,0,,,,,,,76A674EDE953A3860F65A313C206436E61751DAC18C208773639065123AD56E6,CFG_ANALYZED,UTILITY,UNKNOWN,Disassembled 24 instructions; calls 0 imported APIs
libfftw3.so,libfftw3.so:sub_563c4,0x563c4,0x563c4,48,.text,sub_563c4,,NO,NO,NO,0,0,,,,,,,5BF26AD296B78ABBB78B6932A7D6334AD98358D08CB33299F7A658665419BB23,CFG_ANALYZED,UTILITY,UNKNOWN,Disassembled 12 instructions; calls 0 imported APIs
libfftw3.so,libfftw3.so:sub_563f4,0x563f4,0x563f4,1216,.text,sub_563f4,,NO,NO,NO,0,0,,,,,,,A7C30F3D1C61F951034CBA21DB711A8E9D9BB4C7F10BB9B5F138128A2043B930,CFG_ANALYZED,UTILITY,UNKNOWN,Disassembled 304 instructions; calls 0 imported APIs
libfftw3.so,libfftw3.so:sub_568b4,0x568b4,0x568b4,48,.text,sub_568b4,,NO,NO,NO,0,0,,,,,,,D94E6AC8DFDADC2C52F66C045132B64AC8EC68874BFE023AB95EEFDFF85E1658,CFG_ANALYZED,UTILITY,UNKNOWN,Disassembled 12 instructions; calls 0 imported APIs
libfftw3.so,libfftw3.so:sub_568e4,0x568e4,0x568e4,2792,.text,sub_568e4,,NO,NO,NO,0,0,,,,,,,3E1A93672843AFB9307756257F3A347BCE18250BF87A9557AFF1B174F21A2624,CFG_ANALYZED,UTILITY,UNKNOWN,Disassembled 698 instructions; calls 0 imported APIs
libfftw3.so,libfftw3.so:sub_573cc,0x573cc,0x573cc,144,.text,sub_573cc,,NO,NO,NO,0,0,,,,,,,48A707BE052C5F9A0BD7FFCDDE0A7712AE26E3B71F410EB413EF4BA0C1434F14,CFG_ANALYZED,UTILITY,UNKNOWN,Disassembled 36 instructions; calls 0 imported APIs
libfftw3.so,libfftw3.so:sub_5745c,0x5745c,0x5745c,48,.text,sub_5745c,,NO,NO,NO,0,0,,,,,,,44EFE82DEE71C37B7992E1AAC5FE22DB3AA3B432C7AAAA41AB9EC50CA4810F8C,CFG_ANALYZED,UTILITY,UNKNOWN,Disassembled 12 instructions; calls 0 imported APIs
libfftw3.so,libfftw3.so:sub_5748c,0x5748c,0x5748c,2192,.text,sub_5748c,,NO,NO,NO,0,0,,,,,,,5238A26DD26314F027C9A9FB435FCDD1247DBCA873EEA8DDBE1DC413C781F6C9,CFG_ANALYZED,UTILITY,UNKNOWN,Disassembled 548 instructions; calls 0 imported APIs
libfftw3.so,libfftw3.so:sub_57d1c,0x57d1c,0x57d1c,176,.text,sub_57d1c,,NO,NO,NO,0,0,,,,,,,9F2F8E92C7B35C549E6B9A4705C10261C73EC1B9353D865CAE517E5EAB7A4150,CFG_ANALYZED,UTILITY,UNKNOWN,Disassembled 44 instructions; calls 0 imported APIs
libfftw3.so,libfftw3.so:sub_57dcc,0x57dcc,0x57dcc,280,.text,sub_57dcc,,NO,NO,NO,0,0,,,,,,,02C104BD98A84F6C262D2C12C84C1969F8BD1902C268D05BA3A513C17E34AADC,CFG_ANALYZED,UTILITY,UNKNOWN,Disassembled 70 instructions; calls 0 imported APIs
libfftw3.so,libfftw3.so:sub_57ee4,0x57ee4,0x57ee4,260,.text,sub_57ee4,,NO,NO,NO,0,0,,,,,,,AF4834E4D859AFEF792344D9AB479CF693D35D9F693644F91316E33CB0852386,CFG_ANALYZED,UTILITY,UNKNOWN,Disassembled 65 instructions; calls 0 imported APIs
libfftw3.so,libfftw3.so:sub_57fe8,0x57fe8,0x57fe8,36,.text,sub_57fe8,,NO,NO,NO,0,0,,,,,,,DCBA141C8FB6B16827C26D1968CD45EF09FA30EDE81C17B5A6416E2E0BCC8D54,CFG_ANALYZED,UTILITY,UNKNOWN,Disassembled 9 instructions; calls 0 imported APIs
libfftw3.so,libfftw3.so:sub_5800c,0x5800c,0x5800c,4096,.text,sub_5800c,,NO,NO,NO,0,0,,,,,,,F00BD12507ABC332B2B3888A149F37288B39E43357E45717E10D61F8AA923543,CFG_ANALYZED,UTILITY,UNKNOWN,Disassembled 1024 instructions; calls 0 imported APIs
libfftw3.so,libfftw3.so:sub_59418,0x59418,0x59418,436,.text,sub_59418,,NO,NO,NO,0,0,,,,,,,379294233D84F999FD7B21C3BD0EA5D32208A4C17A88A962837B719A13F0DE01,CFG_ANALYZED,UTILITY,UNKNOWN,Disassembled 109 instructions; calls 0 imported APIs
libfftw3.so,libfftw3.so:sub_595cc,0x595cc,0x595cc,400,.text,sub_595cc,,NO,NO,NO,0,0,,,,,,,58DDE22EDDA86C359BB28701C2BFDE5D75965E3B13328C2EEBB170728D0E315C,CFG_ANALYZED,UTILITY,UNKNOWN,Disassembled 100 instructions; calls 0 imported APIs
libfftw3.so,libfftw3.so:sub_5975c,0x5975c,0x5975c,676,.text,sub_5975c,,NO,NO,NO,0,0,,,,,,,04105F222AEE8524DA6917D1B28EDB14D05D09682B8099CEF7A00E1246487303,CFG_ANALYZED,UTILITY,UNKNOWN,Disassembled 169 instructions; calls 0 imported APIs
libfftw3.so,libfftw3.so:sub_59a00,0x59a00,0x59a00,496,.text,sub_59a00,,NO,NO,NO,0,0,,,,,,,4DA6F3E1923903EB793104ED90AA5CD1CED9F907B00DB65D8423E2448BD824A0,CFG_ANALYZED,UTILITY,UNKNOWN,Disassembled 124 instructions; calls 0 imported APIs
libfftw3.so,libfftw3.so:sub_59bf0,0x59bf0,0x59bf0,872,.text,sub_59bf0,,NO,NO,NO,0,0,,,,,,,65E72641DE380509369D2A0F4D4D6D335304CE6C41DC29817D52DA31912EBFDE,CFG_ANALYZED,UTILITY,UNKNOWN,Disassembled 218 instructions; calls 0 imported APIs
libfftw3.so,libfftw3.so:sub_59f58,0x59f58,0x59f58,496,.text,sub_59f58,,NO,NO,NO,0,0,,,,,,,181FC416E6FB2C3F57A2CC756554EF3E7ED07A1642E0ED44031446589A37A65D,CFG_ANALYZED,UTILITY,UNKNOWN,Disassembled 124 instructions; calls 0 imported APIs
libfftw3.so,libfftw3.so:sub_5a148,0x5a148,0x5a148,44,.text,sub_5a148,,NO,NO,NO,0,0,,,,,,,28F50EE82DC8CEB007F2B909ABFACCFEB050C95E21555F945F6593CA5CBD2B0D,CFG_ANALYZED,UTILITY,UNKNOWN,Disassembled 11 instructions; calls 0 imported APIs
libfftw3.so,libfftw3.so:sub_5a174,0x5a174,0x5a174,4096,.text,sub_5a174,,NO,NO,NO,0,0,,,,,,,16FC481BC9E722AAEA32EF4ADBE2EC493A607505224BF204D6BE970AB4927DDF,CFG_ANALYZED,UTILITY,UNKNOWN,Disassembled 1024 instructions; calls 0 imported APIs
libfftw3.so,libfftw3.so:sub_5cb78,0x5cb78,0x5cb78,1000,.text,sub_5cb78,,NO,NO,NO,0,0,,,,,,,F252324D86F8C3F573D51F8C817A99544933DC250D020A7C9A76A570FE9F09D0,CFG_ANALYZED,UTILITY,UNKNOWN,Disassembled 250 instructions; calls 0 imported APIs
libfftw3.so,libfftw3.so:sub_5cf60,0x5cf60,0x5cf60,796,.text,sub_5cf60,,NO,NO,NO,0,0,,,,,,,D283CAC6E5BC85B9C8143BE106DAC6E14A1D930EE17F3F9642B8FB87C2582C59,CFG_ANALYZED,UTILITY,UNKNOWN,Disassembled 199 instructions; calls 0 imported APIs
libfftw3.so,libfftw3.so:sub_5d27c,0x5d27c,0x5d27c,868,.text,sub_5d27c,,NO,NO,NO,0,0,,,,,,,B945FEF0776807EA415EAE633469ABD7EDAD329315589A943F1C170B0336A254,CFG_ANALYZED,UTILITY,UNKNOWN,Disassembled 217 instructions; calls 0 imported APIs
libfftw3.so,libfftw3.so:sub_5d5e0,0x5d5e0,0x5d5e0,740,.text,sub_5d5e0,,NO,NO,NO,0,0,,,,,,,E59D7A35E7274B6070941215345F7F08F95301E85C120E2FC6D8933978FEC744,CFG_ANALYZED,UTILITY,UNKNOWN,Disassembled 185 instructions; calls 0 imported APIs
libfftw3.so,libfftw3.so:sub_5d8c4,0x5d8c4,0x5d8c4,96,.text,sub_5d8c4,,NO,NO,NO,0,0,,,,,,,ADCEAF2E4072154DA75535AC8F1A9DC1556CC8CCA1D4FAFCBDBE65759B82B784,CFG_ANALYZED,UTILITY,UNKNOWN,Disassembled 24 instructions; calls 0 imported APIs
libfftw3.so,libfftw3.so:sub_5d924,0x5d924,0x5d924,976,.text,sub_5d924,,NO,NO,NO,0,0,,,,,,,B0594CA9C756A60CE61A568549DD51B41F03CF147FFCC6910E40394312A2C7D2,CFG_ANALYZED,UTILITY,UNKNOWN,Disassembled 244 instructions; calls 0 imported APIs
libfftw3.so,libfftw3.so:sub_5dcf4,0x5dcf4,0x5dcf4,48,.text,sub_5dcf4,,NO,NO,NO,0,0,,,,,,,4B70DD89579216676745F6F789B00F7DD3292078D31558BABDB81C13CA855679,CFG_ANALYZED,UTILITY,UNKNOWN,Disassembled 12 instructions; calls 0 imported APIs
libfftw3.so,libfftw3.so:sub_5dd24,0x5dd24,0x5dd24,2776,.text,sub_5dd24,,NO,NO,NO,0,0,,,,,,,9DDD90F1CA620A53D5C79E94C152467ED71FB5CF0C10ED0DB3C130A9B2AFE3F8,CFG_ANALYZED,UTILITY,UNKNOWN,Disassembled 694 instructions; calls 0 imported APIs
libfftw3.so,libfftw3.so:sub_5e7fc,0x5e7fc,0x5e7fc,148,.text,sub_5e7fc,,NO,NO,NO,0,0,,,,,,,56E606CCAFD8A26A1391013973119E70934DE6A7F29D4A808288F56E06F02BB1,CFG_ANALYZED,UTILITY,UNKNOWN,Disassembled 37 instructions; calls 0 imported APIs
libfftw3.so,libfftw3.so:sub_5e890,0x5e890,0x5e890,48,.text,sub_5e890,,NO,NO,NO,0,0,,,,,,,A7166A15CCBD323329BA107B76D2336F39645CD19888B802AD0023C58AAF665E,CFG_ANALYZED,UTILITY,UNKNOWN,Disassembled 12 instructions; calls 0 imported APIs
libfftw3.so,libfftw3.so:sub_5e8c0,0x5e8c0,0x5e8c0,1820,.text,sub_5e8c0,,NO,NO,NO,0,0,,,,,,,F09C58AFA073DB31D0264AA20EB32428CBE1BDF0DD9FBDFBCEDDC54AA05E3F01,CFG_ANALYZED,UTILITY,UNKNOWN,Disassembled 455 instructions; calls 0 imported APIs
libfftw3.so,libfftw3.so:sub_5efdc,0x5efdc,0x5efdc,156,.text,sub_5efdc,,NO,NO,NO,0,0,,,,,,,1B8BC4391E3E563C81CF42E67A62AF976C600DD2FF1A6812D716B617E6378E61,CFG_ANALYZED,UTILITY,UNKNOWN,Disassembled 39 instructions; calls 0 imported APIs
libfftw3.so,libfftw3.so:sub_5f078,0x5f078,0x5f078,284,.text,sub_5f078,,NO,NO,NO,0,0,,,,,,,D6C16C369B6A22A1F883F1D9FD0F8C7D530869744C282768B3460BF9DAE38070,CFG_ANALYZED,UTILITY,UNKNOWN,Disassembled 71 instructions; calls 0 imported APIs
libfftw3.so,libfftw3.so:sub_5f194,0x5f194,0x5f194,268,.text,sub_5f194,,NO,NO,NO,0,0,,,,,,,728E407F4FB86427848067BACCDCE9DA0E6B6A5E3963DF073755E75C01BA8500,CFG_ANALYZED,UTILITY,UNKNOWN,Disassembled 67 instructions; calls 0 imported APIs
libfftw3.so,libfftw3.so:sub_5f2a0,0x5f2a0,0x5f2a0,44,.text,sub_5f2a0,,NO,NO,NO,0,0,,,,,,,3D0BC7B0FD59994FD156C878BDEC5BC5BFF1A30CC8330F8D4320B8037A4FCBA0,CFG_ANALYZED,UTILITY,UNKNOWN,Disassembled 11 instructions; calls 0 imported APIs
libfftw3.so,libfftw3.so:sub_5f2cc,0x5f2cc,0x5f2cc,4096,.text,sub_5f2cc,,NO,NO,NO,0,0,,,,,,,F47FA73827A7AC78BFF793501D8C94C99C0FB577D67F7DF7405FB4C82AC4CBE5,CFG_ANALYZED,UTILITY,UNKNOWN,Disassembled 1024 instructions; calls 0 imported APIs
libfftw3.so,libfftw3.so:sub_60368,0x60368,0x60368,428,.text,sub_60368,,NO,NO,NO,0,0,,,,,,,E7DC2FA0AD5B995D9272D970BCDC7730CC06729B9EE39A21EE2C2D14FBC5B3CA,CFG_ANALYZED,UTILITY,UNKNOWN,Disassembled 107 instructions; calls 0 imported APIs
libfftw3.so,libfftw3.so:sub_60514,0x60514,0x60514,328,.text,sub_60514,,NO,NO,NO,0,0,,,,,,,6435DC3AFB83AC04870D5DF6264770B8F96DFC766298E1E10C07B3923B0E9C9D,CFG_ANALYZED,UTILITY,UNKNOWN,Disassembled 82 instructions; calls 0 imported APIs
libfftw3.so,libfftw3.so:sub_6065c,0x6065c,0x6065c,656,.text,sub_6065c,,NO,NO,NO,0,0,,,,,,,4A8DEF39FC1F4740E461BD426CF10E72357A8300EB00A3B8F59F43189655E7A5,CFG_ANALYZED,UTILITY,UNKNOWN,Disassembled 164 instructions; calls 0 imported APIs
libfftw3.so,libfftw3.so:sub_608ec,0x608ec,0x608ec,96,.text,sub_608ec,,NO,NO,NO,0,0,,,fftwf_malloc_plain,,,,F2D2BF4960616199C0D74B2F43B99BFAB2116F2D48EA005C6D83CE4468F60BA9,CFG_ANALYZED,UTILITY,UNKNOWN,Disassembled 24 instructions; calls 1 imported APIs
libfftw3.so,libfftw3.so:sub_6094c,0x6094c,0x6094c,76,.text,sub_6094c,,NO,NO,NO,0,0,,,,,,,9C6BB1C79594543195CB99CCDF354855BDE161656BE0A7DCB8123C4A6D26DEAC,CFG_ANALYZED,UTILITY,UNKNOWN,Disassembled 19 instructions; calls 0 imported APIs
libfftw3.so,libfftw3.so:sub_60998,0x60998,0x60998,124,.text,sub_60998,,NO,NO,NO,0,0,,,fftwf_ifree,,,,26F0DEB52650DEC206C04F7872FF48ADD13A83D6D663EA02D10A5E2832CBB0E5,CFG_ANALYZED,UTILITY,UNKNOWN,Disassembled 31 instructions; calls 1 imported APIs
libfftw3.so,libfftw3.so:sub_60a14,0x60a14,0x60a14,172,.text,sub_60a14,,NO,NO,NO,0,0,,,fftwf_mksolver;fftwf_solver_register;fftwf_mksolver;fftwf_solver_register;fftwf_mksolver,,,,B6736A382E6E124FD5CECBD8C91BDA6D68B6E9B91DFDCAE6A2F41171C75B2C56,CFG_ANALYZED,UTILITY,UNKNOWN,Disassembled 43 instructions; calls 5 imported APIs
libfftw3.so,libfftw3.so:sub_60ac0,0x60ac0,0x60ac0,748,.text,sub_60ac0,,NO,NO,NO,0,0,,,fftwf_pickdim;fftwf_tensor_min_stride;fftwf_rdft2_tensor_max_index;fftwf_tensor_split;fftwf_tensor_copy_inplace;fftwf_tensor_copy_inplace;fftwf_tensor_copy;fftwf_tensor_append;fftwf_mkproblem_rdft2_d;fftwf_mkplan_d,,,,F1E27BE30DC6BBF06901982615AF49DB2C1FA9A0F5FCD487715C12E2A3E83134,CFG_ANALYZED,UTILITY,UNKNOWN,Disassembled 187 instructions; calls 21 imported APIs
libfftw3.so,libfftw3.so:sub_60dac,0x60dac,0x60dac,84,.text,sub_60dac,,NO,NO,NO,0,0,,,fftwf_plan_awake,,,,A9FE04A99A831032CA2F1822531373AAE6BDDE4346D8D47620C9C4A382827F01,CFG_ANALYZED,UTILITY,UNKNOWN,Disassembled 21 instructions; calls 1 imported APIs
libfftw3.so,libfftw3.so:sub_60e00,0x60e00,0x60e00,40,.text,sub_60e00,,NO,NO,NO,0,0,,,fftwf_plan_destroy_internal,,,,384C6DF21DE1498BB1299B5D57EBFEC12B8D14D5DDACC5176F2FCBC8673A5786,CFG_ANALYZED,UTILITY,UNKNOWN,Disassembled 10 instructions; calls 1 imported APIs
libfftw3.so,libfftw3.so:sub_60e28,0x60e28,0x60e28,80,.text,sub_60e28,,NO,NO,NO,0,0,,,,,,,2C47FD790740C681C57E8456FA6A4F9168FBB89AD500858722369DA695994535,CFG_ANALYZED,UTILITY,UNKNOWN,Disassembled 20 instructions; calls 0 imported APIs
libfftw3.so,libfftw3.so:sub_60e78,0x60e78,0x60e78,112,.text,sub_60e78,,NO,NO,NO,0,0,,,,,,,8DF3F39E067FB8EAA0679524D373610C0973829478155F272FC7CD9AA34CC0E8,CFG_ANALYZED,UTILITY,UNKNOWN,Disassembled 28 instructions; calls 0 imported APIs
libfftw3.so,libfftw3.so:sub_60ee8,0x60ee8,0x60ee8,172,.text,sub_60ee8,,NO,NO,NO,0,0,,,fftwf_mksolver;fftwf_solver_register;fftwf_mksolver;fftwf_solver_register;fftwf_mksolver,,,,35CEF70B87A81A84AA8880DFB43A90EE0E5518CC0DA369B33A65B0B46B75FAC3,CFG_ANALYZED,UTILITY,UNKNOWN,Disassembled 43 instructions; calls 5 imported APIs
libfftw3.so,libfftw3.so:sub_60f94,0x60f94,0x60f94,640,.text,sub_60f94,,NO,NO,NO,0,0,,,fftwf_pickdim;fftwf_tensor_min_stride;fftwf_tensor_max_index;fftwf_tensor_split;fftwf_tensor_copy_inplace;fftwf_tensor_copy_inplace;fftwf_tensor_copy;fftwf_tensor_append;fftwf_mkproblem_rdft_d;fftwf_mkplan_d,,,,9AECE826F931EF18F7B68C1907E2C493AF67BD53B095E52BF73752595797AD3C,CFG_ANALYZED,UTILITY,UNKNOWN,Disassembled 160 instructions; calls 21 imported APIs
libfftw3.so,libfftw3.so:sub_61214,0x61214,0x61214,84,.text,sub_61214,,NO,NO,NO,0,0,,,fftwf_plan_awake,,,,321ACE9D1D5C44308E5B493FCBE217612E1669B563829E51F5750C8FDF3E9171,CFG_ANALYZED,UTILITY,UNKNOWN,Disassembled 21 instructions; calls 1 imported APIs
libfftw3.so,libfftw3.so:sub_61268,0x61268,0x61268,40,.text,sub_61268,,NO,NO,NO,0,0,,,fftwf_plan_destroy_internal,,,,40AB877DE39637C4557EEB721671B92DE37EB46B6C89D9369B2B67CEE0997A1E,CFG_ANALYZED,UTILITY,UNKNOWN,Disassembled 10 instructions; calls 1 imported APIs
libfftw3.so,libfftw3.so:sub_61290,0x61290,0x61290,60,.text,sub_61290,,NO,NO,NO,0,0,,,,,,,49D36648559C818A59F53C554640FDA9E5165CBC6ABA39AB73AF148C426A6F33,CFG_ANALYZED,UTILITY,UNKNOWN,Disassembled 15 instructions; calls 0 imported APIs
libfftw3.so,libfftw3.so:sub_612cc,0x612cc,0x612cc,52,.text,sub_612cc,,NO,NO,NO,0,0,,,fftwf_mksolver,,,,19D915B73CAADF6D19B593B7EB7E769CC02B1B3BCF53357E80C154C3CD70289C,CFG_ANALYZED,UTILITY,UNKNOWN,Disassembled 13 instructions; calls 1 imported APIs
libfftw3.so,libfftw3.so:sub_61300,0x61300,0x61300,956,.text,sub_61300,,NO,NO,NO,0,0,,,fftwf_rdft2_inplace_strides;fftwf_tensor_copy;fftwf_mkproblem_rdft_0_d;fftwf_mkplan_d;fftwf_mkplan_rdft2;fftwf_tensor_tornk1;fftwf_ops_other;fftwf_mkplan_rdft2,"""(rdft2-r2hc-rank0%v)""",0xe000;0xe000;0xe000;0xe000;0xe000,,651D1C1A744DAA5D04219F346658C6E0325C71415049C1103325132962CEADF7,CFG_ANALYZED,UTILITY,UNKNOWN,Disassembled 239 instructions; calls 8 imported APIs
libfftw3.so,libfftw3.so:sub_616bc,0x616bc,0x616bc,844,.text,sub_616bc,,NO,NO,NO,0,0,,,fftwf_mksolver;fftwf_solver_register;fftwf_mksolver;fftwf_solver_register;fftwf_mksolver;fftwf_solver_register;fftwf_mksolver;fftwf_solver_register;fftwf_mksolver;fftwf_solver_register,"""rdft-rank0-memcpy-loop"";""rdft-rank0-iter-ci"";""rdft-rank0-iter-co"";""rdft-rank0-tiled"";""rdft-rank0-tiledbuf""",,,E4EF2323FF71838C35AAB92F4CE6DAB8707F555B40F17F79139DCAB042181596,CFG_ANALYZED,UTILITY,UNKNOWN,Disassembled 211 instructions; calls 17 imported APIs
libfftw3.so,libfftw3.so:sub_61a08,0x61a08,0x61a08,212,.text,sub_61a08,,NO,NO,NO,0,0,,,fftwf_iabs;fftwf_iabs;fftwf_iabs;fftwf_iabs,,,,75C11CF91D1E531B8394599942D6390BE3ED967CE5B6854A88CF0CF05C651100,CFG_ANALYZED,UTILITY,UNKNOWN,Disassembled 53 instructions; calls 4 imported APIs
libfftw3.so,libfftw3.so:sub_61adc,0x61adc,0x61adc,336,.text,sub_61adc,,NO,NO,NO,0,0,,,fftwf_compute_tilesz,,,,D43E69BAF61CEDEE3162CFA8BF0C139E1A80D5932927A5915CEF17664BD68429,CFG_ANALYZED,UTILITY,UNKNOWN,Disassembled 84 instructions; calls 1 imported APIs
libfftw3.so,libfftw3.so:sub_61c2c,0x61c2c,0x61c2c,228,.text,sub_61c2c,,NO,NO,NO,0,0,,,fftwf_compute_tilesz,,,,A05E0626F9540E0CD59FF7194D8CF8E6E8C787E9C2F9856D45E350ACBBDBF261,CFG_ANALYZED,UTILITY,UNKNOWN,Disassembled 57 instructions; calls 1 imported APIs
libfftw3.so,libfftw3.so:sub_61d10,0x61d10,0x61d10,532,.text,sub_61d10,,NO,NO,NO,0,0,,,fftwf_mkplan_rdft;fftwf_tensor_sz;fftwf_ops_other;__stack_chk_fail,,,,35BD174A1FAB49E106C972BD94C5748DB744BE636D8083297EE73AC23952B4A7,CFG_ANALYZED,UTILITY,UNKNOWN,Disassembled 133 instructions; calls 4 imported APIs
libfftw3.so,libfftw3.so:sub_61f24,0x61f24,0x61f24,188,.text,sub_61f24,,NO,NO,NO,1,1,libfftw3.so:sub_61f24,libfftw3.so:sub_61f24,memcpy,,,,1B134A30F097504E48F881AF1C59EA15D45C8F3D1E15FC43078E13112464D5F0,CFG_ANALYZED,UTILITY,UNKNOWN,Disassembled 47 instructions; calls 1 imported APIs
libfftw3.so,libfftw3.so:sub_61fe0,0x61fe0,0x61fe0,4,.text,sub_61fe0,,NO,NO,NO,1,0,libfftw3.so:sub_61fe4,,,,,,63B368CDB6AB9EE53A7CD531602553504C8573B654A5D4E620ADD844A006E9F4,CFG_ANALYZED,UTILITY,UNKNOWN,Disassembled 1 instructions; calls 0 imported APIs
libfftw3.so,libfftw3.so:sub_61fe4,0x61fe4,0x61fe4,192,.text,sub_61fe4,,NO,NO,NO,0,1,,libfftw3.so:sub_61fe0,,,,,5FECD94806601CDF58B2CB9249280B232E5ABB91B664D17B474AC9663A2D031F,CFG_ANALYZED,UTILITY,UNKNOWN,Disassembled 48 instructions; calls 0 imported APIs
libfftw3.so,libfftw3.so:sub_620a4,0x620a4,0x620a4,172,.text,sub_620a4,,NO,NO,NO,1,1,libfftw3.so:sub_620a4,libfftw3.so:sub_620a4,,,,,B9D2FBAEC02D2D0762E62DBBF23EA21D6B0A33E5DA05FE5C1A98C3FB442D15E2,CFG_ANALYZED,UTILITY,UNKNOWN,Disassembled 43 instructions; calls 0 imported APIs
libfftw3.so,libfftw3.so:sub_62150,0x62150,0x62150,156,.text,sub_62150,,NO,NO,NO,0,0,,,,"""(%s/%D""",0xe054;0xd6ac,,EE512D6030EC97EB03572CF8F1A442E6BE9D5229B3F17C7721F472BC1F64FB73,CFG_ANALYZED,UTILITY,UNKNOWN,Disassembled 39 instructions; calls 0 imported APIs
libfftw3.so,libfftw3.so:sub_621ec,0x621ec,0x621ec,60,.text,sub_621ec,,NO,NO,NO,0,0,,,fftwf_mksolver,,,,C337C17FC6ADA442EBB93398A84AFE6663D5B075B144538E3EDC36507FDC898F,CFG_ANALYZED,UTILITY,UNKNOWN,Disassembled 15 instructions; calls 1 imported APIs
libfftw3.so,libfftw3.so:sub_62228,0x62228,0x62228,540,.text,sub_62228,,NO,NO,NO,0,0,,,fftwf_tensor_copy_inplace;fftwf_mkproblem_rdft_1;fftwf_tensor_destroy;fftwf_mkproblem_rdft_1;fftwf_mkplan_d;fftwf_mkplan_rdft,"""hc2r"";""r2hc""",,,148A8FAFC3B7DE2C3FF3B0C7C58C9AC77D88C1EF180F8A3BA6A1CD82CF58F75A,CFG_ANALYZED,UTILITY,UNKNOWN,Disassembled 135 instructions; calls 6 imported APIs
libfftw3.so,libfftw3.so:sub_62444,0x62444,0x62444,456,.text,sub_62444,,NO,NO,NO,0,0,,,,,,,C8E7F9DD3251DC701CB77382343F9B6D7E0EDF6CA7E114C715C741FA54AC4C6D,CFG_ANALYZED,UTILITY,UNKNOWN,Disassembled 114 instructions; calls 0 imported APIs
libfftw3.so,libfftw3.so:sub_6260c,0x6260c,0x6260c,4,.text,sub_6260c,,NO,NO,NO,0,0,,,,,,,63B368CDB6AB9EE53A7CD531602553504C8573B654A5D4E620ADD844A006E9F4,CFG_ANALYZED,UTILITY,UNKNOWN,Disassembled 1 instructions; calls 0 imported APIs
libfftw3.so,libfftw3.so:sub_62610,0x62610,0x62610,452,.text,sub_62610,,NO,NO,NO,0,0,,,fftwf_rdft2_inplace_strides;fftwf_tensor_sz;fftwf_rdft2_strides;fftwf_iabs;fftwf_iabs;fftwf_iabs;fftwf_imax;__stack_chk_fail,,,,2C27197330CA861551B786AC852F9FA851447482E58DEA5C3CD5B17641D147AA,CFG_ANALYZED,UTILITY,UNKNOWN,Disassembled 113 instructions; calls 8 imported APIs
libfftw3.so,libfftw3.so:sub_627d4,0x627d4,0x627d4,56,.text,sub_627d4,,NO,NO,NO,0,0,,,fftwf_mksolver,,,,2AFAF67B8E2EA71CC96A36397C596A2CD6C3407F19C5E6A909F0EE1F636C404A,CFG_ANALYZED,UTILITY,UNKNOWN,Disassembled 14 instructions; calls 1 imported APIs
libfftw3.so,libfftw3.so:sub_6280c,0x6280c,0x6280c,1424,.text,sub_6280c,,NO,NO,NO,0,0,,,fftwf_toobig;fftwf_tensor_tornk1;fftwf_nbuf;fftwf_toobig;fftwf_ifree0;fftwf_plan_destroy_internal;fftwf_plan_destroy_internal;fftwf_rdft2_inplace_strides;fftwf_rdft2_strides;fftwf_rdft2_strides,,,,C57D844D7D69C5E32B94DB2E33AB573D5BAB3699DC47F7B2EA99FF9C8637B598,CFG_ANALYZED,UTILITY,UNKNOWN,Disassembled 356 instructions; calls 43 imported APIs
libfftw3.so,libfftw3.so:sub_62d9c,0x62d9c,0x62d9c,52,.text,sub_62d9c,,NO,NO,NO,0,0,,,fftwf_plan_awake,,,,F8E3E8A6A26BD77DF0494CFA56739FF49675687EF6D4E1A651AF0C762AD08D84,CFG_ANALYZED,UTILITY,UNKNOWN,Disassembled 13 instructions; calls 1 imported APIs
libfftw3.so,libfftw3.so:sub_62dd0,0x62dd0,0x62dd0,104,.text,sub_62dd0,,NO,NO,NO,0,0,,,,"""hc2r"";""r2hc""",,,F90AFF6511A237F2C010719E6EF4376FF68BB6CFDF1337B91402BA2385208735,CFG_ANALYZED,UTILITY,UNKNOWN,Disassembled 26 instructions; calls 0 imported APIs
libfftw3.so,libfftw3.so:sub_62e38,0x62e38,0x62e38,44,.text,sub_62e38,,NO,NO,NO,0,0,,,fftwf_plan_destroy_internal,,,,1EA075D85E5D9EBDBAFA7A76B543A9279FED4DB78587F650B4BFF267D6F99015,CFG_ANALYZED,UTILITY,UNKNOWN,Disassembled 11 instructions; calls 1 imported APIs
libfftw3.so,libfftw3.so:sub_62e64,0x62e64,0x62e64,1600,.text,sub_62e64,,NO,NO,NO,0,0,,,fftwf_malloc_plain;fftwf_ifree,,,,2380CA1ACB6E5DB5F98FE7E5399CBB3F08E8C433528445D32F0846C9539E0195,CFG_ANALYZED,UTILITY,UNKNOWN,Disassembled 400 instructions; calls 2 imported APIs
libfftw3.so,libfftw3.so:sub_634a4,0x634a4,0x634a4,1032,.text,sub_634a4,,NO,NO,NO,0,0,,,fftwf_malloc_plain;fftwf_ifree,,,,2CB99B6C3B39D37B0358357EEC263008CA1D29FED9043D3B38F3AD22C32C4103,CFG_ANALYZED,UTILITY,UNKNOWN,Disassembled 258 instructions; calls 2 imported APIs
libfftw3.so,libfftw3.so:sub_638ac,0x638ac,0x638ac,40,.text,sub_638ac,,NO,NO,NO,0,0,,,,,,,EC04AC00A71B25B2CD60E984606101035A2E90515B26035C6E0D0B60E2861935,CFG_ANALYZED,UTILITY,UNKNOWN,Disassembled 10 instructions; calls 0 imported APIs
libfftw3.so,libfftw3.so:sub_638d4,0x638d4,0x638d4,4,.text,sub_638d4,,NO,NO,NO,0,0,,,,,,,60C871FE06736FB2804863966C7802F5C60D5E6CEFE70E52E40CD7E015145259,CFG_ANALYZED,UTILITY,UNKNOWN,Disassembled 1 instructions; calls 0 imported APIs
libfftw3.so,libfftw3.so:sub_638d8,0x638d8,0x638d8,304,.text,sub_638d8,,NO,NO,NO,0,0,,,fftwf_iabs;fftwf_iabs;fftwf_imax;fftwf_rdft2_strides;fftwf_iabs;fftwf_iabs;fftwf_imax;__stack_chk_fail,,,,2B141F880EF2FB25471DE66732C8FFB83EE8E4DAC3DB9E825B5A463E2EB013BE,CFG_ANALYZED,UTILITY,UNKNOWN,Disassembled 76 instructions; calls 8 imported APIs
libfftw3.so,libfftw3.so:sub_63a08,0x63a08,0x63a08,56,.text,sub_63a08,,NO,NO,NO,0,0,,,fftwf_mksolver,,,,CA47F38A7364EAE51D82F1230863F4705D31557F8195AD8A2226E3C7F0414340,CFG_ANALYZED,UTILITY,UNKNOWN,Disassembled 14 instructions; calls 1 imported APIs
libfftw3.so,libfftw3.so:sub_63a40,0x63a40,0x63a40,604,.text,sub_63a40,,NO,NO,NO,0,0,,,fftwf_ifree0;fftwf_malloc_plain;fftwf_mktensor_1d;fftwf_mktensor_0d;fftwf_mkproblem_rdft_1_d;fftwf_mkplan_d;fftwf_tensor_tornk1;fftwf_mktensor_0d;fftwf_mktensor_1d;fftwf_mkproblem_rdft_1_d,,,,D1ACAE35F0BF92F0087E7B29D39ADA77A7EEFB5CE9BAFB0C445785BD275A13AE,CFG_ANALYZED,UTILITY,UNKNOWN,Disassembled 151 instructions; calls 22 imported APIs
libfftw3.so,libfftw3.so:sub_63c9c,0x63c9c,0x63c9c,84,.text,sub_63c9c,,NO,NO,NO,0,0,,,fftwf_plan_awake,,,,BDFE463AA9517E6735F566898173EC1E096ECF1ED328B2273BB08C32BC9E3FFB,CFG_ANALYZED,UTILITY,UNKNOWN,Disassembled 21 instructions; calls 1 imported APIs
libfftw3.so,libfftw3.so:sub_63cf0,0x63cf0,0x63cf0,44,.text,sub_63cf0,,NO,NO,NO,0,0,,,fftwf_plan_destroy_internal,,,,46A0E1D0C982A70352CFAC7EDCCB0E47AF726490090DA4834BC7B16262228626,CFG_ANALYZED,UTILITY,UNKNOWN,Disassembled 11 instructions; calls 1 imported APIs
libfftw3.so,libfftw3.so:sub_63d1c,0x63d1c,0x63d1c,364,.text,sub_63d1c,,NO,NO,NO,0,0,,,fftwf_malloc_plain,,,,04C4DE43A6E3C774A649CB566B779B95BD3A55314D64A9D2892140820788ED55,CFG_ANALYZED,UTILITY,UNKNOWN,Disassembled 91 instructions; calls 1 imported APIs
libfftw3.so,libfftw3.so:sub_63e88,0x63e88,0x63e88,56,.text,sub_63e88,,NO,NO,NO,0,0,,,fftwf_mksolver,,,,984AF2EE0AA5269DA4AD82C3523FA8A5EFB61EF4AA9F993AA024403034FAC33C,CFG_ANALYZED,UTILITY,UNKNOWN,Disassembled 14 instructions; calls 1 imported APIs
libfftw3.so,libfftw3.so:sub_63ec0,0x63ec0,0x63ec0,440,.text,sub_63ec0,,NO,NO,NO,0,0,,,fftwf_malloc_plain;fftwf_mktensor_1d;fftwf_mktensor_0d;fftwf_mkproblem_rdft_1_d;fftwf_mkplan_d;fftwf_ifree;fftwf_mkplan_rdft;fftwf_tensor_tornk1;fftwf_ops_zero;fftwf_ops_zero,,,,F686AA5DB95FB791BFD0B7CC1C6B9F23C4FCC3AE3F9D9A1E9EAF223D3CA6542C,CFG_ANALYZED,UTILITY,UNKNOWN,Disassembled 110 instructions; calls 13 imported APIs
libfftw3.so,libfftw3.so:sub_64078,0x64078,0x64078,136,.text,sub_64078,,NO,NO,NO,0,0,,,fftwf_plan_awake,,,,B6180501E9324DD519DE8FA457FA042C8F4C1924BB2F795DD6CD60F071D2158B,CFG_ANALYZED,UTILITY,UNKNOWN,Disassembled 34 instructions; calls 1 imported APIs
libfftw3.so,libfftw3.so:sub_64100,0x64100,0x64100,616,.text,sub_64100,,NO,NO,NO,0,0,,,fftwf_malloc_plain,,,,5CEFDCB4046C300BDE3204D84F4B28ED042FF2B61D238FF38C31AD9E6FB46D0A,CFG_ANALYZED,UTILITY,UNKNOWN,Disassembled 154 instructions; calls 1 imported APIs
libfftw3.so,libfftw3.so:sub_64368,0x64368,0x64368,56,.text,sub_64368,,NO,NO,NO,0,0,,,fftwf_mksolver,,,,2852B1BFA948E0EBED4D9862338926504B694ECE027B39BCEDB56AD7B6D73D52,CFG_ANALYZED,UTILITY,UNKNOWN,Disassembled 14 instructions; calls 1 imported APIs
libfftw3.so,libfftw3.so:sub_643a0,0x643a0,0x643a0,740,.text,sub_643a0,,NO,NO,NO,0,0,,,fftwf_malloc_plain;fftwf_mktensor_1d;fftwf_mktensor_0d;fftwf_mkproblem_rdft_1_d;fftwf_mkplan_d;fftwf_mktensor_1d;fftwf_mktensor_0d;fftwf_mkproblem_rdft_1_d;fftwf_mkplan_d;fftwf_ifree,,,,48A560B663D4ABEC764AA194CE648ED6813E6147B58ADB72AD758E6B95F7DB4A,CFG_ANALYZED,UTILITY,UNKNOWN,Disassembled 185 instructions; calls 19 imported APIs
libfftw3.so,libfftw3.so:sub_64684,0x64684,0x64684,164,.text,sub_64684,,NO,NO,NO,0,0,,,fftwf_plan_awake;fftwf_plan_awake,"""(rodft00e-splitradix-%D%v%(%p%)%(%p%))""",,,8A04359FF3CA9DEA30233A15505B783D40D77F97C16F1190BA0AFDB14EC93C44,CFG_ANALYZED,UTILITY,UNKNOWN,Disassembled 41 instructions; calls 2 imported APIs
libfftw3.so,libfftw3.so:sub_64728,0x64728,0x64728,44,.text,sub_64728,,NO,NO,NO,0,0,,,fftwf_plan_destroy_internal,,,,83496731E8DC1938ACC5C3C8D95411D2DF26BD6C423FAEE68E346407767EE2D4,CFG_ANALYZED,UTILITY,UNKNOWN,Disassembled 11 instructions; calls 1 imported APIs
libfftw3.so,libfftw3.so:sub_64754,0x64754,0x64754,832,.text,sub_64754,,NO,NO,NO,0,0,,,fftwf_malloc_plain,,,,5CCF7A0F86E53D1CCF7143DF652E89064B8D338B0B252B4909F1052EC5549C51,CFG_ANALYZED,UTILITY,UNKNOWN,Disassembled 208 instructions; calls 1 imported APIs
libfftw3.so,libfftw3.so:sub_64a94,0x64a94,0x64a94,1088,.text,sub_64a94,,NO,NO,NO,0,0,,,fftwf_malloc_plain,,,,6944E7071820027ABA6B985861B6D3CBCF1023B407ECB7DA1A268EAC043093CC,CFG_ANALYZED,UTILITY,UNKNOWN,Disassembled 272 instructions; calls 1 imported APIs
libfftw3.so,libfftw3.so:sub_64ed4,0x64ed4,0x64ed4,56,.text,sub_64ed4,,NO,NO,NO,0,0,,,fftwf_mksolver,,,,BE9A49893B5D327EB9475E47B568D549ED0D7C7C5AD61F0BB5C2971612034965,CFG_ANALYZED,UTILITY,UNKNOWN,Disassembled 14 instructions; calls 1 imported APIs
libfftw3.so,libfftw3.so:sub_64f0c,0x64f0c,0x64f0c,568,.text,sub_64f0c,,NO,NO,NO,0,0,,,fftwf_malloc_plain;fftwf_mktensor_1d;fftwf_mktensor_0d;fftwf_mkproblem_rdft_1_d;fftwf_mkplan_d;fftwf_ifree;fftwf_mkplan_rdft;fftwf_tensor_tornk1;fftwf_ops_zero;fftwf_ops_zero,,,,1A0A1ECB68B7864F43EFE91FFB86F08523D255C6016E7AF1203FEDB4CA27ADE8,CFG_ANALYZED,UTILITY,UNKNOWN,Disassembled 142 instructions; calls 13 imported APIs
libfftw3.so,libfftw3.so:sub_65144,0x65144,0x65144,88,.text,sub_65144,,NO,NO,NO,0,0,,,fftwf_plan_awake,,,,61956491DEF5D07FEB4DF7E5C1A57ABDF3F5ECEC8E932C468D0D2747BE023EAA,CFG_ANALYZED,UTILITY,UNKNOWN,Disassembled 22 instructions; calls 1 imported APIs
libfftw3.so,libfftw3.so:sub_6519c,0x6519c,0x6519c,92,.text,sub_6519c,,NO,NO,NO,0,0,,,fftwf_rdft_kind_str,,,,23F0C7ED50E0D8238DD862FB146EC1AC4EE5DF813D7DD6E5CBDFE9AEA76B3E30,CFG_ANALYZED,UTILITY,UNKNOWN,Disassembled 23 instructions; calls 1 imported APIs
libfftw3.so,libfftw3.so:sub_651f8,0x651f8,0x651f8,672,.text,sub_651f8,,NO,NO,NO,0,0,,,fftwf_malloc_plain,,,,81AA90E95924280130927AC40B5761A699EEC1AC7932FB3FCFF38271A20AB7FF,CFG_ANALYZED,UTILITY,UNKNOWN,Disassembled 168 instructions; calls 1 imported APIs
libfftw3.so,libfftw3.so:sub_65498,0x65498,0x65498,664,.text,sub_65498,,NO,NO,NO,0,0,,,fftwf_malloc_plain,,,,DF79DDED1E93CE9F4A82DC7B7A76F9C1DAE0B4D4C52920CFD373F69EDDD4C4C2,CFG_ANALYZED,UTILITY,UNKNOWN,Disassembled 166 instructions; calls 1 imported APIs
libfftw3.so,libfftw3.so:sub_65730,0x65730,0x65730,708,.text,sub_65730,,NO,NO,NO,0,0,,,fftwf_malloc_plain,,,,348B44581B623AE12364BFCDC4659D233D5797696855E9C33285B64C8AD8FD06,CFG_ANALYZED,UTILITY,UNKNOWN,Disassembled 177 instructions; calls 1 imported APIs
libfftw3.so,libfftw3.so:sub_659f4,0x659f4,0x659f4,704,.text,sub_659f4,,NO,NO,NO,0,0,,,fftwf_malloc_plain,,,,0D48B6B13F81D303CE44E35A0314C189FF5C342706FFB5B700DE3F1822F12632,CFG_ANALYZED,UTILITY,UNKNOWN,Disassembled 176 instructions; calls 1 imported APIs
libfftw3.so,libfftw3.so:sub_65cb4,0x65cb4,0x65cb4,56,.text,sub_65cb4,,NO,NO,NO,0,0,,,fftwf_mksolver,,,,80471E669BD69B224EB158CF3A65573553179816BC8086C5491479DA65AD1DF8,CFG_ANALYZED,UTILITY,UNKNOWN,Disassembled 14 instructions; calls 1 imported APIs
libfftw3.so,libfftw3.so:sub_65cec,0x65cec,0x65cec,452,.text,sub_65cec,,NO,NO,NO,0,0,,,fftwf_malloc_plain;fftwf_mktensor_1d;fftwf_mktensor_0d;fftwf_mkproblem_rdft_1_d;fftwf_mkplan_d;fftwf_ifree;fftwf_mkplan_rdft;fftwf_tensor_tornk1;fftwf_ops_zero;fftwf_ops_zero,,,,D741DCD9F016291EC6FE7D3EAB108D8C26B2F6AB8C76E98349699B39FDA461AC,CFG_ANALYZED,UTILITY,UNKNOWN,Disassembled 113 instructions; calls 13 imported APIs
libfftw3.so,libfftw3.so:sub_65eb0,0x65eb0,0x65eb0,104,.text,sub_65eb0,,NO,NO,NO,0,0,,,fftwf_rdft_kind_str,,,,E0BB3D726D429C14D4F2E41C36B75931CD642B1D5E0CD0B0FE33666339076BA3,CFG_ANALYZED,UTILITY,UNKNOWN,Disassembled 26 instructions; calls 1 imported APIs
libfftw3.so,libfftw3.so:sub_65f18,0x65f18,0x65f18,2856,.text,sub_65f18,,NO,NO,NO,0,0,,,fftwf_malloc_plain,,0xe003;0xe000;0xe004;0xe001;0xe004,,49C27889BB47E20281A86D3022E866F08C11B049FFF39CDBBEB2B38A9B968960,CFG_ANALYZED,UTILITY,UNKNOWN,Disassembled 714 instructions; calls 1 imported APIs
libfftw3.so,libfftw3.so:sub_66a40,0x66a40,0x66a40,2972,.text,sub_66a40,,NO,NO,NO,0,0,,,fftwf_malloc_plain,,0xe004;0xe003;0xe000;0xe004;0xe001,,37887DEDBF30247A610EDC2D082524A7488CF61EC57B0F9182B31AA28F3DE477,CFG_ANALYZED,UTILITY,UNKNOWN,Disassembled 743 instructions; calls 1 imported APIs
libfftw3.so,libfftw3.so:sub_675dc,0x675dc,0x675dc,56,.text,sub_675dc,,NO,NO,NO,0,0,,,fftwf_mksolver,,,,CD6E0D7325330E3C432B9F6AD3354B1DB7B6602EC752F71F4381ECDA1AEB2F11,CFG_ANALYZED,UTILITY,UNKNOWN,Disassembled 14 instructions; calls 1 imported APIs
libfftw3.so,libfftw3.so:sub_67614,0x67614,0x67614,504,.text,sub_67614,,NO,NO,NO,0,0,,,fftwf_malloc_plain;fftwf_mktensor_1d;fftwf_mktensor_0d;fftwf_mkproblem_rdft_1_d;fftwf_mkplan_d;fftwf_ifree;fftwf_mkplan_rdft;fftwf_tensor_tornk1;fftwf_ops_zero;fftwf_ops_zero,,,,B347D76BD56F08D0FD6BAF8725B629941A3FCC4CEDF04167B3EE7E52BBBEC7F1,CFG_ANALYZED,UTILITY,UNKNOWN,Disassembled 126 instructions; calls 13 imported APIs
libfftw3.so,libfftw3.so:sub_6780c,0x6780c,0x6780c,124,.text,sub_6780c,,NO,NO,NO,0,0,,,fftwf_plan_awake;fftwf_twiddle_awake,,,,89DB9748ADE2CF29FD0A790625F821F3868057FD5E514D86E78E259394A0BA92,CFG_ANALYZED,UTILITY,UNKNOWN,Disassembled 31 instructions; calls 2 imported APIs
libfftw3.so,libfftw3.so:sub_67888,0x67888,0x67888,96,.text,sub_67888,,NO,NO,NO,0,0,,,fftwf_rdft_kind_str,,,,2625F588026CCE84E1126BDBDC6A2631CFE12E6778890B83C1B7053B6B73E1D7,CFG_ANALYZED,UTILITY,UNKNOWN,Disassembled 24 instructions; calls 1 imported APIs
libfftw3.so,libfftw3.so:sub_678e8,0x678e8,0x678e8,716,.text,sub_678e8,,NO,NO,NO,0,0,,,fftwf_malloc_plain,,,,1D1C6228A6689EB9AB8ABB05CB67187E57AC709D958ED89844CDDBECAE410AAA,CFG_ANALYZED,UTILITY,UNKNOWN,Disassembled 179 instructions; calls 1 imported APIs
libfftw3.so,libfftw3.so:sub_67bb4,0x67bb4,0x67bb4,668,.text,sub_67bb4,,NO,NO,NO,0,0,,,fftwf_malloc_plain,,,,6A383D7221BD855E5160C9116E08B5934B1085FC19EB0D9E640F475255D6B2F8,CFG_ANALYZED,UTILITY,UNKNOWN,Disassembled 167 instructions; calls 1 imported APIs
libfftw3.so,libfftw3.so:sub_67e50,0x67e50,0x67e50,56,.text,sub_67e50,,NO,NO,NO,0,0,,,fftwf_mksolver,,,,4E485394D8F17D36D69DA47B26764EBA01DBDCBF13F056BEAC994E00CCCE58A6,CFG_ANALYZED,UTILITY,UNKNOWN,Disassembled 14 instructions; calls 1 imported APIs
libfftw3.so,libfftw3.so:sub_67e88,0x67e88,0x67e88,524,.text,sub_67e88,,NO,NO,NO,0,0,,,fftwf_malloc_plain;fftwf_mktensor_1d;fftwf_mktensor_1d;fftwf_mkproblem_rdft_1_d;fftwf_mkplan_d;fftwf_ifree;fftwf_mkplan_rdft;fftwf_tensor_tornk1;fftwf_ops_zero;fftwf_ops_zero,,,,C5E74E01BA71C2D67C04E9434FC4F637E2C0E07B804F97478A437E618E126270,CFG_ANALYZED,UTILITY,UNKNOWN,Disassembled 131 instructions; calls 13 imported APIs
libfftw3.so,libfftw3.so:sub_68094,0x68094,0x68094,124,.text,sub_68094,,NO,NO,NO,0,0,,,fftwf_plan_awake;fftwf_twiddle_awake,,,,132CEEE5EA810EC3CB295DCBF8E6ABDF3C448E2253DAA91C258B22BD40669F6F,CFG_ANALYZED,UTILITY,UNKNOWN,Disassembled 31 instructions; calls 2 imported APIs
libfftw3.so,libfftw3.so:sub_68110,0x68110,0x68110,92,.text,sub_68110,,NO,NO,NO,0,0,,,fftwf_rdft_kind_str,,,,F0EE90029D15581821080AE6E3D96F2522F443A3FAE83081F6E3616C930A83D7,CFG_ANALYZED,UTILITY,UNKNOWN,Disassembled 23 instructions; calls 1 imported APIs
libfftw3.so,libfftw3.so:sub_6816c,0x6816c,0x6816c,1204,.text,sub_6816c,,NO,NO,NO,0,0,,,fftwf_malloc_plain,,,,87DD36FD0EE1450D859F61647E6C4DFC76326B90C0D495AB0629BDE097B19550,CFG_ANALYZED,UTILITY,UNKNOWN,Disassembled 301 instructions; calls 1 imported APIs
libfftw3.so,libfftw3.so:sub_68620,0x68620,0x68620,1216,.text,sub_68620,,NO,NO,NO,0,0,,,fftwf_malloc_plain,,,,1D8F06561FD1A15CDD515ED49D7BE631AA949B7C1F49765425109F15977C27BF,CFG_ANALYZED,UTILITY,UNKNOWN,Disassembled 304 instructions; calls 1 imported APIs
libfftw3.so,libfftw3.so:sub_68ae0,0x68ae0,0x68ae0,56,.text,sub_68ae0,,NO,NO,NO,0,0,,,fftwf_mksolver,,,,6AE7F4E3A7D373716B96FDF1FBA2B9249E44FB4A4AB14A3CD30C8684D24E32D2,CFG_ANALYZED,UTILITY,UNKNOWN,Disassembled 14 instructions; calls 1 imported APIs
libfftw3.so,libfftw3.so:sub_68b18,0x68b18,0x68b18,544,.text,sub_68b18,,NO,NO,NO,0,0,,,fftwf_malloc_plain;fftwf_mktensor_1d;fftwf_mktensor_0d;fftwf_mkproblem_rdft_1_d;fftwf_mkplan_d;fftwf_tensor_tornk1;fftwf_mktensor_0d;fftwf_mktensor_1d;fftwf_mkproblem_rdft_1_d;fftwf_mkplan_d,,,,65E226A8C6587D7BB9C68D682CBDE36DE3AF88C13003CE25F4324894D6E32780,CFG_ANALYZED,UTILITY,UNKNOWN,Disassembled 136 instructions; calls 21 imported APIs
libfftw3.so,libfftw3.so:sub_68d38,0x68d38,0x68d38,84,.text,sub_68d38,,NO,NO,NO,0,0,,,fftwf_plan_awake,,,,5A286BFAD8F37E259D0E9A275DE6B5E3533F45CA226B18CCB5099985E253609A,CFG_ANALYZED,UTILITY,UNKNOWN,Disassembled 21 instructions; calls 1 imported APIs
libfftw3.so,libfftw3.so:sub_68d8c,0x68d8c,0x68d8c,44,.text,sub_68d8c,,NO,NO,NO,0,0,,,fftwf_plan_destroy_internal,,,,D3A4308E7BA0220613FA164BE07DC89A513A3FFDB7B04E1F884B7FF3C35052A6,CFG_ANALYZED,UTILITY,UNKNOWN,Disassembled 11 instructions; calls 1 imported APIs
libfftw3.so,libfftw3.so:sub_68db8,0x68db8,0x68db8,348,.text,sub_68db8,,NO,NO,NO,0,0,,,fftwf_malloc_plain,,,,51E2DC29B2C7711A803520627C2DC802600877DF72C8F34785797E173D9D9B12,CFG_ANALYZED,UTILITY,UNKNOWN,Disassembled 87 instructions; calls 1 imported APIs
libfftw3.so,libfftw3.so:sub_68f14,0x68f14,0x68f14,56,.text,sub_68f14,,NO,NO,NO,0,0,,,fftwf_mksolver,,,,6B1C54E49CEA3F2FA49823CD838BC7DECB77DA7F4C74C3B0657129CFE2AA1258,CFG_ANALYZED,UTILITY,UNKNOWN,Disassembled 14 instructions; calls 1 imported APIs
libfftw3.so,libfftw3.so:sub_68f4c,0x68f4c,0x68f4c,460,.text,sub_68f4c,,NO,NO,NO,0,0,,,fftwf_malloc_plain;fftwf_mktensor_1d;fftwf_mktensor_0d;fftwf_mkproblem_rdft_1_d;fftwf_mkplan_d;fftwf_ifree;fftwf_mkplan_rdft;fftwf_tensor_tornk1;fftwf_ops_zero;fftwf_ops_zero,,,,4130CBD28A51BDC17706FA478722057F52694124AF42149E13718D5E4B43F7FC,CFG_ANALYZED,UTILITY,UNKNOWN,Disassembled 115 instructions; calls 13 imported APIs
libfftw3.so,libfftw3.so:sub_69118,0x69118,0x69118,136,.text,sub_69118,,NO,NO,NO,0,0,,,fftwf_plan_awake,,,,553336CDA3499AB6DA0B90C6810F43FF6A47366240F4EA3DCA69858405E8E134,CFG_ANALYZED,UTILITY,UNKNOWN,Disassembled 34 instructions; calls 1 imported APIs
libfftw3.so,libfftw3.so:sub_691a0,0x691a0,0x691a0,908,.text,sub_691a0,,NO,NO,NO,0,0,,,fftwf_malloc_plain,,,,78D4DFE07B37B3554FE5EE271E9E00A8DBCD0C5D843FDF28D061E33EA7065B48,CFG_ANALYZED,UTILITY,UNKNOWN,Disassembled 227 instructions; calls 1 imported APIs
libfftw3.so,libfftw3.so:sub_6952c,0x6952c,0x6952c,1296,.text,sub_6952c,,NO,NO,NO,0,0,,,,,,,5E2D391C4B0521303C0B89CC165B4A2770787A9150D958BCFD6CB9C4A593E85E,CFG_ANALYZED,UTILITY,UNKNOWN,Disassembled 324 instructions; calls 0 imported APIs
libfftw3.so,libfftw3.so:sub_69a3c,0x69a3c,0x69a3c,1416,.text,sub_69a3c,,NO,NO,NO,0,0,,,,,0xe000;0xe000;0xe000;0xe000;0xe000,,5685705D455D5A67E16A5EEF038953C636AF117C36FDE87735E9DF6C5C49B7AE,CFG_ANALYZED,UTILITY,UNKNOWN,Disassembled 354 instructions; calls 0 imported APIs
libfftw3.so,libfftw3.so:sub_69fc4,0x69fc4,0x69fc4,48,.text,sub_69fc4,,NO,NO,NO,0,0,,,,,,,4E4B955F156BB954451101B106C7E9F441884B267E0B81FC87DA92CCC529F510,CFG_ANALYZED,UTILITY,UNKNOWN,Disassembled 12 instructions; calls 0 imported APIs
libfftw3.so,libfftw3.so:sub_69ff4,0x69ff4,0x69ff4,2036,.text,sub_69ff4,,NO,NO,NO,0,0,,,,,0xe000,,98C49D2F267DDD2E92213EEB95278AA110D33EAEB1014A2DB8F43CE8C7928ACA,CFG_ANALYZED,UTILITY,UNKNOWN,Disassembled 509 instructions; calls 0 imported APIs
libfftw3.so,libfftw3.so:sub_6a7e8,0x6a7e8,0x6a7e8,212,.text,sub_6a7e8,,NO,NO,NO,0,0,,,,,,,44AF80F79824AA6314ED8BCE5109ED6D30DE107A8122079CA3CBCC16F1AE0B73,CFG_ANALYZED,UTILITY,UNKNOWN,Disassembled 53 instructions; calls 0 imported APIs
libfftw3.so,libfftw3.so:sub_6a8bc,0x6a8bc,0x6a8bc,48,.text,sub_6a8bc,,NO,NO,NO,0,0,,,,,,,96337EB990C6604C1A848DBDA8038063EC1B1C8E58516A698D4D36EBE336D173,CFG_ANALYZED,UTILITY,UNKNOWN,Disassembled 12 instructions; calls 0 imported APIs
libfftw3.so,libfftw3.so:sub_6a8ec,0x6a8ec,0x6a8ec,2740,.text,sub_6a8ec,,NO,NO,NO,0,0,,,,,0xe000;0xe000;0xe000;0xe000;0xe000,,962180E2934A24CB6A86D9EEDEA780DACA48E13DE2057712E130F3D8DF3C1A1E,CFG_ANALYZED,UTILITY,UNKNOWN,Disassembled 685 instructions; calls 0 imported APIs
libfftw3.so,libfftw3.so:sub_6b3a0,0x6b3a0,0x6b3a0,48,.text,sub_6b3a0,,NO,NO,NO,0,0,,,,,,,E592F5E5B4B218916304FA09E8E4EF9CAECA64CB919F2F018414E334EBEC6CAE,CFG_ANALYZED,UTILITY,UNKNOWN,Disassembled 12 instructions; calls 0 imported APIs
libfftw3.so,libfftw3.so:sub_6b3d0,0x6b3d0,0x6b3d0,4096,.text,sub_6b3d0,,NO,NO,NO,0,0,,,,,,,C98BB2AF2937E263D1E59D383036863DF317F6E3A42F25B77A7E91ACE21346C5,CFG_ANALYZED,UTILITY,UNKNOWN,Disassembled 1024 instructions; calls 0 imported APIs
libfftw3.so,libfftw3.so:sub_6c700,0x6c700,0x6c700,420,.text,sub_6c700,,NO,NO,NO,0,0,,,,,,,5A6054AF4E31357BB5C195A6CD4B5D0A2C37C5119C995C66150FD7CBEC012022,CFG_ANALYZED,UTILITY,UNKNOWN,Disassembled 105 instructions; calls 0 imported APIs
libfftw3.so,libfftw3.so:sub_6c8a4,0x6c8a4,0x6c8a4,680,.text,sub_6c8a4,,NO,NO,NO,0,0,,,,,0xe000;0xe000,,E8C3F2EE9C979EFB9095F761C332959D89A7C84FA655D3E8CDD46C5056728A71,CFG_ANALYZED,UTILITY,UNKNOWN,Disassembled 170 instructions; calls 0 imported APIs
libfftw3.so,libfftw3.so:sub_6cb4c,0x6cb4c,0x6cb4c,892,.text,sub_6cb4c,,NO,NO,NO,0,0,,,,,0xe000;0xe000;0xe000,,80C604B342E61FB1E2BB7174F1B1874A4409F9773560B9A4924B9A29A9F6D41D,CFG_ANALYZED,UTILITY,UNKNOWN,Disassembled 223 instructions; calls 0 imported APIs
libfftw3.so,libfftw3.so:sub_6cec8,0x6cec8,0x6cec8,1268,.text,sub_6cec8,,NO,NO,NO,0,0,,,,,,,9E948198B12A1FF633427D7DD0E9BEC9DC6C3F5348661A82C0859FF9651C51FE,CFG_ANALYZED,UTILITY,UNKNOWN,Disassembled 317 instructions; calls 0 imported APIs
libfftw3.so,libfftw3.so:sub_6d3bc,0x6d3bc,0x6d3bc,1456,.text,sub_6d3bc,,NO,NO,NO,0,0,,,,,,,11811CE580A39E4F47BF65511D08A3DAA1A3E999834C6AECE021CD1A0FDC1A83,CFG_ANALYZED,UTILITY,UNKNOWN,Disassembled 364 instructions; calls 0 imported APIs
libfftw3.so,libfftw3.so:sub_6d96c,0x6d96c,0x6d96c,52,.text,sub_6d96c,,NO,NO,NO,0,0,,,,,,,C45F4B22981CBF1323ACB181A3F192281A3A2A71B1A67230292A84F3E819CCD2,CFG_ANALYZED,UTILITY,UNKNOWN,Disassembled 13 instructions; calls 0 imported APIs
libfftw3.so,libfftw3.so:sub_6d9a0,0x6d9a0,0x6d9a0,2076,.text,sub_6d9a0,,NO,NO,NO,0,0,,,,,,,89245388603FD2257AF67FAD6A57949FA4DCD70E0B86E8C4F1B8C3CB3E0EE099,CFG_ANALYZED,UTILITY,UNKNOWN,Disassembled 519 instructions; calls 0 imported APIs
libfftw3.so,libfftw3.so:sub_6e1bc,0x6e1bc,0x6e1bc,220,.text,sub_6e1bc,,NO,NO,NO,0,0,,,,,,,9EC850530318212645671A26D4ADC2FE7D3E6B2247FE217687A86CC15CCCA22B,CFG_ANALYZED,UTILITY,UNKNOWN,Disassembled 55 instructions; calls 0 imported APIs
libfftw3.so,libfftw3.so:sub_6e298,0x6e298,0x6e298,48,.text,sub_6e298,,NO,NO,NO,0,0,,,,,,,0ABAEEDDD66F08D28F4024CA4465E8352AE62749BA2A4221B38004B30E85420B,CFG_ANALYZED,UTILITY,UNKNOWN,Disassembled 12 instructions; calls 0 imported APIs
libfftw3.so,libfftw3.so:sub_6e2c8,0x6e2c8,0x6e2c8,2740,.text,sub_6e2c8,,NO,NO,NO,0,0,,,,,0xe000;0xe000;0xe000;0xe000;0xe000,,9CD401A18F337975D16A85DC62D3A33D039D93B0443E382EEB296950686CD733,CFG_ANALYZED,UTILITY,UNKNOWN,Disassembled 685 instructions; calls 0 imported APIs
libfftw3.so,libfftw3.so:sub_6ed7c,0x6ed7c,0x6ed7c,48,.text,sub_6ed7c,,NO,NO,NO,0,0,,,,,,,40C4DD50DDCAB58163C34999DE5C85A9C7B16FC29CAD54DC1291D2559D25C5F8,CFG_ANALYZED,UTILITY,UNKNOWN,Disassembled 12 instructions; calls 0 imported APIs
libfftw3.so,libfftw3.so:sub_6edac,0x6edac,0x6edac,4096,.text,sub_6edac,,NO,NO,NO,0,0,,,,,,,16F59514069DE3DB198D37926ED9D3C640B6D0D13CC4D644F8EF66FB26AD6AE1,CFG_ANALYZED,UTILITY,UNKNOWN,Disassembled 1024 instructions; calls 0 imported APIs
libfftw3.so,libfftw3.so:sub_70048,0x70048,0x70048,432,.text,sub_70048,,NO,NO,NO,0,0,,,,,,,585E4FC1F76D53DE672E4A7AF68F3D4CEA819B9B1B7DAB83BD36B0E765A3F6B0,CFG_ANALYZED,UTILITY,UNKNOWN,Disassembled 108 instructions; calls 0 imported APIs
libfftw3.so,libfftw3.so:sub_701f8,0x701f8,0x701f8,688,.text,sub_701f8,,NO,NO,NO,0,0,,,,,0xe000;0xe000,,644C351E3F4FA01C3CD701EDDD2976C185C05C0D1150B5AB639352C9966664C1,CFG_ANALYZED,UTILITY,UNKNOWN,Disassembled 172 instructions; calls 0 imported APIs
libfftw3.so,libfftw3.so:sub_704a8,0x704a8,0x704a8,924,.text,sub_704a8,,NO,NO,NO,0,0,,,,,,,1985EDA72D27FF76B5126A87AFDFC99DD63CFAA5C5394292F45CCA4753C8DF94,CFG_ANALYZED,UTILITY,UNKNOWN,Disassembled 231 instructions; calls 0 imported APIs
libfftw3.so,libfftw3.so:sub_70844,0x70844,0x70844,28,.text,sub_70844,,NO,NO,NO,0,0,,,,,,,30F181608733B3786275859A6E9D995DC41D4C0D6B5F972926A6CCBAC5E8F62D,CFG_ANALYZED,UTILITY,UNKNOWN,Disassembled 7 instructions; calls 0 imported APIs
libfftw3.so,libfftw3.so:sub_70860,0x70860,0x70860,40,.text,sub_70860,,NO,NO,NO,0,1,,libfftw3.so:sub_70888,,,,,253CB1F4034C255BE0A59B89CFBAE2F01DBD9FDF4EC22AB313E5D756BCA13060,CFG_ANALYZED,UTILITY,UNKNOWN,Disassembled 10 instructions; calls 0 imported APIs
libfftw3.so,libfftw3.so:sub_70888,0x70888,0x70888,92,.text,sub_70888,,NO,NO,NO,1,0,libfftw3.so:sub_70860,,signal;setjmp;signal,,,,CA2D2DEFFF15E24713E0099959F0A0A19BA994B8D596F05F773E9713A9CD0F9B,CFG_ANALYZED,UTILITY,UNKNOWN,Disassembled 23 instructions; calls 3 imported APIs
libfftw3.so,libfftw3.so:sub_708e4,0x708e4,0x708e4,24,.text,sub_708e4,,NO,NO,NO,0,0,,,longjmp,,,,A36524AAE8B6B6347FCAD90F2A7C54B66C4AA0C8984AB651C4A97A7BF3AF903B,CFG_ANALYZED,UTILITY,UNKNOWN,Disassembled 6 instructions; calls 1 imported APIs
libfftw3.so,libfftw3.so:sub_708fc,0x708fc,0x708fc,20,.text,sub_708fc,,NO,NO,NO,0,0,,,,,,,DDAC6F5EAB7D9362924DC466455D0109580DB9576B1A59EDBA4AFF6116613C5E,CFG_ANALYZED,UTILITY,UNKNOWN,Disassembled 5 instructions; calls 0 imported APIs
libfftw3.so,libfftw3.so:sub_70910,0x70910,0x70910,16,.text,sub_70910,,NO,NO,NO,0,0,,,,,,,8E7AF4B397D57BD998153A03D023C496E43AC47E2482B9B6E94B437FA663CDD1,CFG_ANALYZED,UTILITY,UNKNOWN,Disassembled 4 instructions; calls 0 imported APIs
libfftw3.so,libfftw3.so:sub_70920,0x70920,0x70920,20,.text,sub_70920,,NO,NO,NO,0,0,,,,,,,DDAC6F5EAB7D9362924DC466455D0109580DB9576B1A59EDBA4AFF6116613C5E,CFG_ANALYZED,UTILITY,UNKNOWN,Disassembled 5 instructions; calls 0 imported APIs
libfftw3.so,libfftw3.so:sub_70934,0x70934,0x70934,40,.text,sub_70934,,NO,NO,NO,0,0,,,fftwf_malloc_plain,,,,AA7F62CC372C5F3CF3B455DED20E9CC69C2BFDEB6A972592C23E007AEEA32240,CFG_ANALYZED,UTILITY,UNKNOWN,Disassembled 10 instructions; calls 1 imported APIs
libfftw3.so,libfftw3.so:sub_7095c,0x7095c,0x7095c,16,.text,sub_7095c,,NO,NO,NO,0,0,,,,,,,B3289EEA1F5FAC6110473F382E2659FDCF6854F2468AA0BA467EA25E378A3BD6,CFG_ANALYZED,UTILITY,UNKNOWN,Disassembled 4 instructions; calls 0 imported APIs
libfftw3.so,libfftw3.so:sub_7096c,0x7096c,0x7096c,32,.text,sub_7096c,,NO,NO,NO,0,0,,,,,,,C75300252CB7F8FF1D866E4124920BB407C7E66606F47DF0627BF34A28BB8CE4,CFG_ANALYZED,UTILITY,UNKNOWN,Disassembled 8 instructions; calls 0 imported APIs
libfftw3.so,libfftw3.so:sub_7098c,0x7098c,0x7098c,36,.text,sub_7098c,,NO,NO,NO,0,0,,,,,,,08B18BD4CF6B3654F5809D013C469CD5B1CE2C3B2082E924F8724178A6DD6E42,CFG_ANALYZED,UTILITY,UNKNOWN,Disassembled 9 instructions; calls 0 imported APIs
libfftw3.so,libfftw3.so:sub_709b0,0x709b0,0x709b0,12,.text,sub_709b0,,NO,NO,NO,0,0,,,,,,,877DF684665B40E3BD12DFEB087A2E1D8F7F8A1F9F742A1D0FD00F5F14409F97,CFG_ANALYZED,UTILITY,UNKNOWN,Disassembled 3 instructions; calls 0 imported APIs
libfftw3.so,libfftw3.so:sub_709bc,0x709bc,0x709bc,76,.text,sub_709bc,,NO,NO,NO,0,0,,,,,,,AF8385279A0879F4942246EA15B5F29D558A7663DA2B59709387D7F8D6FBBE25,CFG_ANALYZED,UTILITY,UNKNOWN,Disassembled 19 instructions; calls 0 imported APIs
libfftw3.so,libfftw3.so:sub_70a08,0x70a08,0x70a08,76,.text,sub_70a08,,NO,NO,NO,0,0,,,fftwf_malloc_plain,,,,2EBF60D39319ADEECC337ED5AF3A109996F452A6CA9FB9D348A7AB4A4902CFDA,CFG_ANALYZED,UTILITY,UNKNOWN,Disassembled 19 instructions; calls 1 imported APIs
libfftw3.so,libfftw3.so:sub_70a54,0x70a54,0x70a54,4,.text,sub_70a54,,NO,NO,NO,0,0,,,,,,,F3DACB78563C95702D07DB9C84BC4BFBB8B65E861745DBDA673018EC80F7F7E3,CFG_ANALYZED,UTILITY,UNKNOWN,Disassembled 1 instructions; calls 0 imported APIs
libfftw3.so,libfftw3.so:sub_70a58,0x70a58,0x70a58,164,.text,sub_70a58,,NO,NO,NO,0,0,,,,,,,17CF47F14BE13D157AF576030845BB7B963ED4C1A0CCD06C21B3B6B6A964DFA9,CFG_ANALYZED,UTILITY,UNKNOWN,Disassembled 41 instructions; calls 0 imported APIs
libfftw3.so,libfftw3.so:sub_70afc,0x70afc,0x70afc,132,.text,sub_70afc,,NO,NO,NO,0,0,,,fftwf_md5int;fftwf_md5INT;fftwf_md5INT;fftwf_md5INT,,,,5503B5BEF522182838E47FB104E845B3044B4AEF8E519993699CB41778247DAB,CFG_ANALYZED,UTILITY,UNKNOWN,Disassembled 33 instructions; calls 4 imported APIs
libfftw3.so,libfftw3.so:sub_70b80,0x70b80,0x70b80,68,.text,sub_70b80,,NO,NO,NO,0,0,,,,,,,C1A9CC11DF11C06E1D4D5D441F28D4ADC6ABD9B85AAC272FD8D81B5AAAB21E77,CFG_ANALYZED,UTILITY,UNKNOWN,Disassembled 17 instructions; calls 0 imported APIs
libfftw3.so,libfftw3.so:sub_70bc4,0x70bc4,0x70bc4,260,.text,sub_70bc4,,NO,NO,NO,0,0,,,,"""rank-minfty"";""%s(%D %D %D)"";""%s(%D %D %D)""",0xd347;0xcf4b;0xd6ac,,6D311AF7640A1C957D74E888383E14E38973C78F6A3FB812BCCE9C47A7E2A371,CFG_ANALYZED,UTILITY,UNKNOWN,Disassembled 65 instructions; calls 0 imported APIs
libfftw3.so,libfftw3.so:sub_70cc8,0x70cc8,0x70cc8,8,.text,sub_70cc8,,NO,NO,NO,0,0,,,,,,,52A8EAD4E92B7EC2FD0FD6EC53B47FBE45B07A622CD6B6DF19220C70EA27F52F,CFG_ANALYZED,UTILITY,UNKNOWN,Disassembled 2 instructions; calls 0 imported APIs
libfftw3.so,libfftw3.so:sub_70cd0,0x70cd0,0x70cd0,60,.text,sub_70cd0,,NO,NO,NO,0,0,,,fftwf_mktensor,,,,CFC53EAF0036F3A6846F365DB63D8DBFFB46F5E3FA106B14E416094307FD8E46,CFG_ANALYZED,UTILITY,UNKNOWN,Disassembled 15 instructions; calls 1 imported APIs
libfftw3.so,libfftw3.so:sub_70d0c,0x70d0c,0x70d0c,84,.text,sub_70d0c,,NO,NO,NO,0,0,,,fftwf_mktensor,,,,84DBED5EA602751E976AB4F5B5AE5E1847C395AE24F1B6BB771D0CB8E519F451,CFG_ANALYZED,UTILITY,UNKNOWN,Disassembled 21 instructions; calls 1 imported APIs
libfftw3.so,libfftw3.so:sub_70d60,0x70d60,0x70d60,120,.text,sub_70d60,,NO,NO,NO,0,0,,,fftwf_mktensor,,,,E19E8B0704CF06E49446FFCDD746A7A5153ACC92F1B06CB7E946A107E737213D,CFG_ANALYZED,UTILITY,UNKNOWN,Disassembled 30 instructions; calls 1 imported APIs
libfftw3.so,libfftw3.so:sub_70dd8,0x70dd8,0x70dd8,148,.text,sub_70dd8,,NO,NO,NO,0,0,,,fftwf_iabs;fftwf_iabs,,,,C1AF782B580604BC0928DE1835EF14A4E690EE5F76D9970BB35ACE0BF252E6D4,CFG_ANALYZED,UTILITY,UNKNOWN,Disassembled 37 instructions; calls 2 imported APIs
libfftw3.so,libfftw3.so:sub_70e6c,0x70e6c,0x70e6c,148,.text,sub_70e6c,,NO,NO,NO,0,0,,,fftwf_iabs;fftwf_iabs;fftwf_imin,,,,A13CFA51C9A021AC4E8FFBF8C5506128D5EBAD1BA5C10E83AD81358385689C48,CFG_ANALYZED,UTILITY,UNKNOWN,Disassembled 37 instructions; calls 3 imported APIs
libfftw3.so,libfftw3.so:sub_70f00,0x70f00,0x70f00,148,.text,sub_70f00,,NO,NO,NO,0,0,,,fftwf_iabs;fftwf_iabs;fftwf_imin,,,,7E1FE2045DF69337B773295799CB6F100ABA3BCC4649AEC31C6679DE87E8CB6B,CFG_ANALYZED,UTILITY,UNKNOWN,Disassembled 37 instructions; calls 3 imported APIs
libfftw3.so,libfftw3.so:sub_70f94,0x70f94,0x70f94,228,.text,sub_70f94,,NO,NO,NO,0,0,,,fftwf_iabs;fftwf_iabs;fftwf_imin;fftwf_iabs;fftwf_iabs;fftwf_imin,,,,D7DD29A2D9618B403778658D805EAE1614F5D9EA85D0C96B457B56EC4EB6D69A,CFG_ANALYZED,UTILITY,UNKNOWN,Disassembled 57 instructions; calls 6 imported APIs
libfftw3.so,libfftw3.so:sub_71078,0x71078,0x71078,56,.text,sub_71078,,NO,NO,NO,0,0,,,,,,,14AF64BF45384EC63F652C35289BF88B389599772B3866609196F2F09D2CB51F,CFG_ANALYZED,UTILITY,UNKNOWN,Disassembled 14 instructions; calls 0 imported APIs
libfftw3.so,libfftw3.so:sub_710b0,0x710b0,0x710b0,96,.text,sub_710b0,,NO,NO,NO,0,0,,,,,,,F4D72866E1AE10FCA70A00E0965753212E87B3889A09AD424174BC9361059224,CFG_ANALYZED,UTILITY,UNKNOWN,Disassembled 24 instructions; calls 0 imported APIs
libfftw3.so,libfftw3.so:sub_71110,0x71110,0x71110,232,.text,sub_71110,,NO,NO,NO,0,0,,,,,,,65944D34A05D70D53F1AF1904DBBF25B4B75ED15A5EA91341F608F04307C986A,CFG_ANALYZED,UTILITY,UNKNOWN,Disassembled 58 instructions; calls 0 imported APIs
libfftw3.so,libfftw3.so:sub_711f8,0x711f8,0x711f8,88,.text,sub_711f8,,NO,NO,NO,0,0,,,fftwf_mktensor,,,,E4B9E3BB60D1E03EEEE0486168BBF80238D3F7352B97D7DF3501DF5997BD1F4E,CFG_ANALYZED,UTILITY,UNKNOWN,Disassembled 22 instructions; calls 1 imported APIs
libfftw3.so,libfftw3.so:sub_71250,0x71250,0x71250,332,.text,sub_71250,,NO,NO,NO,0,0,,,fftwf_mktensor,,,,79133C87E68979E4840EADA1D79507EA7769A58C867999B9598B39382FD7C992,CFG_ANALYZED,UTILITY,UNKNOWN,Disassembled 83 instructions; calls 1 imported APIs
libfftw3.so,libfftw3.so:sub_7139c,0x7139c,0x7139c,164,.text,sub_7139c,,NO,NO,NO,0,0,,,fftwf_mktensor,,,,212F95064DEC43EB9F7CDE662E1A0FAEFCEDA1F75832077321E72747D51315E1,CFG_ANALYZED,UTILITY,UNKNOWN,Disassembled 41 instructions; calls 1 imported APIs
libfftw3.so,libfftw3.so:sub_71440,0x71440,0x71440,116,.text,sub_71440,,NO,NO,NO,0,0,,,fftwf_mktensor,,,,4C74706D6B8EEFDF0E7459952C2E8999C71A2007068F7575CBB75E0E59B1B7CA,CFG_ANALYZED,UTILITY,UNKNOWN,Disassembled 29 instructions; calls 1 imported APIs
libfftw3.so,libfftw3.so:sub_714b4,0x714b4,0x714b4,36,.text,sub_714b4,,NO,NO,NO,0,0,,,,,,,D7F404017504F2253757A3A8C2B743B1DF4D79EA216590932720BC6F1C3E9BDE,CFG_ANALYZED,UTILITY,UNKNOWN,Disassembled 9 instructions; calls 0 imported APIs
libfftw3.so,libfftw3.so:sub_714d8,0x714d8,0x714d8,188,.text,sub_714d8,,NO,NO,NO,0,0,,,fftwf_mktensor,,,,A9D174E259B1837B9FA76569C3CF85EA4C9026B46597EAABB94BC5F7234B3801,CFG_ANALYZED,UTILITY,UNKNOWN,Disassembled 47 instructions; calls 1 imported APIs
libfftw3.so,libfftw3.so:sub_71594,0x71594,0x71594,224,.text,sub_71594,,NO,NO,NO,0,0,,,fftwf_iabs;fftwf_iabs;fftwf_iabs;fftwf_iabs;fftwf_imin;fftwf_imin,,,,20B2F44291B9BA59BBA9957D3A3E3841B16EDA9FE52959156DDFE784A1E7F00E,CFG_ANALYZED,UTILITY,UNKNOWN,Disassembled 56 instructions; calls 6 imported APIs
libfftw3.so,libfftw3.so:sub_71674,0x71674,0x71674,376,.text,sub_71674,,NO,NO,NO,0,0,,,fftwf_mktensor;qsort,,,,CEEA53AE06BDD80208BB1D36BB02E01562A32CDCAFB2BB07D0FDB6047F0AED10,CFG_ANALYZED,UTILITY,UNKNOWN,Disassembled 94 instructions; calls 2 imported APIs
libfftw3.so,libfftw3.so:sub_717ec,0x717ec,0x717ec,748,.text,sub_717ec,,NO,NO,NO,0,0,,,fftwf_tensor_sz;fftwf_mktensor;qsort;fftwf_mktensor;fftwf_tensor_destroy;qsort,,,,B63BF45970945D6C4896C87AABFFD3627F5936EB43E6663B3D12425CAF5860CC,CFG_ANALYZED,UTILITY,UNKNOWN,Disassembled 187 instructions; calls 6 imported APIs
libfftw3.so,libfftw3.so:sub_71ad8,0x71ad8,0x71ad8,64,.text,sub_71ad8,,NO,NO,NO,0,0,,,fftwf_iabs;fftwf_iabs,,,,6DB7EB8B5FF6DF4162DAC4BC60761AD944B600010AF638B99EBF947B938DF40E,CFG_ANALYZED,UTILITY,UNKNOWN,Disassembled 16 instructions; calls 2 imported APIs
libfftw3.so,libfftw3.so:sub_71b18,0x71b18,0x71b18,84,.text,sub_71b18,,NO,NO,NO,0,0,,,fftwf_tensor_copy_sub;fftwf_tensor_copy_sub,,,,C469EE4D985C207F5EEFA332C5A4ED27454BEA3BBDBE3CE295180E4F603B0A9A,CFG_ANALYZED,UTILITY,UNKNOWN,Disassembled 21 instructions; calls 2 imported APIs
libfftw3.so,libfftw3.so:sub_71b6c,0x71b6c,0x71b6c,124,.text,sub_71b6c,,NO,NO,NO,0,0,,,,,,,D9FD51A9D6E4EF3181B566E73182A5D09AE602CEB994E17AD6A35DC3233C2A1B,CFG_ANALYZED,UTILITY,UNKNOWN,Disassembled 31 instructions; calls 0 imported APIs
libfftw3.so,libfftw3.so:sub_71be8,0x71be8,0x71be8,256,.text,sub_71be8,,NO,NO,NO,0,0,,,fftwf_tensor_append;fftwf_tensor_copy_inplace;fftwf_tensor_copy_inplace;fftwf_tensor_compress_contiguous;fftwf_tensor_compress_contiguous;fftwf_tensor_destroy;fftwf_tensor_destroy4,,,,9ABCF561D38CFEB952BC1EE28BC0D77B54ECDE87E6A1FEB2B685DDDBBBAEA54E,CFG_ANALYZED,UTILITY,UNKNOWN,Disassembled 64 instructions; calls 7 imported APIs
libfftw3.so,libfftw3.so:sub_71ce8,0x71ce8,0x71ce8,36,.text,sub_71ce8,,NO,NO,NO,0,0,,,fftwf_tensor_destroy,,,,18D880795027029EC1B9EB67B6356A20C07731577F0613B7B63619B3CB7CE14D,CFG_ANALYZED,UTILITY,UNKNOWN,Disassembled 9 instructions; calls 1 imported APIs
libfftw3.so,libfftw3.so:sub_71d0c,0x71d0c,0x71d0c,68,.text,sub_71d0c,,NO,NO,NO,0,0,,,fftwf_tensor_destroy;fftwf_tensor_destroy;fftwf_tensor_destroy,,,,41212D8378AF2E4CDC6AE596C866DAAAD94BB1B6C6F57E92EF1F2F7C06173D9E,CFG_ANALYZED,UTILITY,UNKNOWN,Disassembled 17 instructions; calls 3 imported APIs
libfftw3.so,libfftw3.so:sub_71d50,0x71d50,0x71d50,68,.text,sub_71d50,,NO,NO,NO,0,0,,,,,,,15AC38346078DA6C1DA9EF185074792EEB2C9FD17705245BEE241F41AE855908,CFG_ANALYZED,UTILITY,UNKNOWN,Disassembled 17 instructions; calls 0 imported APIs
libfftw3.so,libfftw3.so:sub_71d94,0x71d94,0x71d94,64,.text,sub_71d94,,NO,NO,NO,0,0,,,fftwf_mkplanner;fftwf_configure_planner,,,,CF3FFD7405990CCE856632D9F53F776E77171F2058BAF45A49C3BE1D8E895E12,CFG_ANALYZED,UTILITY,UNKNOWN,Disassembled 16 instructions; calls 2 imported APIs
libfftw3.so,libfftw3.so:sub_71dd4,0x71dd4,0x71dd4,44,.text,sub_71dd4,,NO,NO,NO,0,0,,,fftwf_planner_destroy,,,,685B5E8159461A7626223E37438A9E78E09A05A4C6DBAC342527E345ADA01C35,CFG_ANALYZED,UTILITY,UNKNOWN,Disassembled 11 instructions; calls 1 imported APIs
libfftw3.so,libfftw3.so:sub_71e00,0x71e00,0x71e00,4,.text,sub_71e00,,NO,NO,NO,0,0,,,,,,,5A0214A0DE2949742ADDA57494759C0C877768751EDA8E3C8CC46290F9BE14E4,CFG_ANALYZED,UTILITY,UNKNOWN,Disassembled 1 instructions; calls 0 imported APIs
libfftw3.so,libfftw3.so:sub_71e04,0x71e04,0x71e04,84,.text,sub_71e04,,NO,NO,NO,0,0,,,fftwf_mkplanner;fftwf_configure_planner,,,,E0265D1ACE095FBC428D3836BBDBC0694921CD65C6CBF0811DB1E11999DA2873,CFG_ANALYZED,UTILITY,UNKNOWN,Disassembled 21 instructions; calls 2 imported APIs
libfftw3.so,libfftw3.so:sub_71e58,0x71e58,0x71e58,280,.text,sub_71e58,,NO,NO,NO,0,0,,,fftwf_tile2d;fftwf_tile2d,,,,A3DAF87A3F0F17CB8C5A78A8B91DF009ADCE2D85A75E9E8D418E05C781B552B4,CFG_ANALYZED,UTILITY,UNKNOWN,Disassembled 70 instructions; calls 2 imported APIs
libfftw3.so,libfftw3.so:sub_71f70,0x71f70,0x71f70,24,.text,sub_71f70,,NO,NO,NO,0,0,,,,,,,A6DE0DC8CBD00BAE91AA7725242B015B8D841AA766FAD2E45DC9892286D4580D,CFG_ANALYZED,UTILITY,UNKNOWN,Disassembled 6 instructions; calls 0 imported APIs
libfftw3.so,libfftw3.so:sub_71f88,0x71f88,0x71f88,4,.text,sub_71f88,,NO,NO,NO,0,0,,,,,,,015786EEA4EDFBE22A078E33FFCC9EF4DA194118D87F375664A4230CF5B129B9,CFG_ANALYZED,UTILITY,UNKNOWN,Disassembled 1 instructions; calls 0 imported APIs
libfftw3.so,libfftw3.so:sub_71f8c,0x71f8c,0x71f8c,76,.text,sub_71f8c,,NO,NO,NO,0,0,,,gettimeofday;__stack_chk_fail,,,,14F159246727A14B3630660CE8AF0532BFB8C5B13A65A6DFB0FAD62FB0167A21,CFG_ANALYZED,UTILITY,UNKNOWN,Disassembled 19 instructions; calls 2 imported APIs
libfftw3.so,libfftw3.so:sub_71fd8,0x71fd8,0x71fd8,4,.text,sub_71fd8,,NO,NO,NO,0,0,,,,,,,63B368CDB6AB9EE53A7CD531602553504C8573B654A5D4E620ADD844A006E9F4,CFG_ANALYZED,UTILITY,UNKNOWN,Disassembled 1 instructions; calls 0 imported APIs
libfftw3.so,libfftw3.so:sub_71fdc,0x71fdc,0x71fdc,192,.text,sub_71fdc,,NO,NO,NO,0,0,,,gettimeofday;__stack_chk_fail,,,,526567C923D949235FC2EFB0CC3CBDDD446D3AC783FB1B7A0B6F5E119337BF61,CFG_ANALYZED,UTILITY,UNKNOWN,Disassembled 48 instructions; calls 2 imported APIs
libfftw3.so,libfftw3.so:sub_7209c,0x7209c,0x7209c,16,.text,sub_7209c,,NO,NO,NO,0,0,,,,,,,6EA095428BDF085012A26C3ADFC5A6D7ED4B98AA0F484AC8E52654AD51D7894E,CFG_ANALYZED,UTILITY,UNKNOWN,Disassembled 4 instructions; calls 0 imported APIs
libfftw3.so,libfftw3.so:sub_720ac,0x720ac,0x720ac,496,.text,sub_720ac,,NO,NO,NO,0,0,,,fftwf_plan_awake;gettimeofday;clock_gettime;clock_gettime;gettimeofday;fftwf_plan_awake;__stack_chk_fail,,,,123B3F9AE11C99A2364520291571EEB5E27B4CFC6344237E0A1FE749B24FB035,CFG_ANALYZED,UTILITY,UNKNOWN,Disassembled 124 instructions; calls 7 imported APIs
libfftw3.so,libfftw3.so:sub_7229c,0x7229c,0x7229c,784,.text,sub_7229c,,NO,NO,NO,0,0,,,,,,,19C04EC63573E8EC5C54222D40BC2DC03B61167CB7D3BFC86B77715F03826652,CFG_ANALYZED,UTILITY,UNKNOWN,Disassembled 196 instructions; calls 0 imported APIs
libfftw3.so,libfftw3.so:sub_725ac,0x725ac,0x725ac,4,.text,sub_725ac,,NO,NO,NO,0,0,,,,,,,60C871FE06736FB2804863966C7802F5C60D5E6CEFE70E52E40CD7E015145259,CFG_ANALYZED,UTILITY,UNKNOWN,Disassembled 1 instructions; calls 0 imported APIs
libfftw3.so,libfftw3.so:sub_725b0,0x725b0,0x725b0,128,.text,sub_725b0,,NO,NO,NO,0,1,,libfftw3.so:sub_72630,fftwf_compute_tilesz;__stack_chk_fail,,,,C85A9AADD8ED3283486239E110A86909C733F72BDEB55F4F69DF5A44D5765E0F,CFG_ANALYZED,UTILITY,UNKNOWN,Disassembled 32 instructions; calls 2 imported APIs
libfftw3.so,libfftw3.so:sub_72630,0x72630,0x72630,8,.text,sub_72630,,NO,NO,NO,3,0,libfftw3.so:sub_725b0;libfftw3.so:sub_72638;libfftw3.so:sub_72a70,,,,,,1CB1AEAA10B86DB83E29E69F80A50488FE0A115689B61CCD23214114975C922E,CFG_ANALYZED,UTILITY,UNKNOWN,Disassembled 2 instructions; calls 0 imported APIs
libfftw3.so,libfftw3.so:sub_72638,0x72638,0x72638,1080,.text,sub_72638,,NO,NO,NO,0,1,,libfftw3.so:sub_72630,fftwf_tile2d,,,,CB01DD3265B44A94CAD602F506E3AD2626A6C568D25D6BD13E5E0EB1EE31CFEE,CFG_ANALYZED,UTILITY,UNKNOWN,Disassembled 270 instructions; calls 1 imported APIs
libfftw3.so,libfftw3.so:sub_72a70,0x72a70,0x72a70,156,.text,sub_72a70,,NO,NO,NO,0,1,,libfftw3.so:sub_72630,fftwf_compute_tilesz;__stack_chk_fail,,,,84106AC2B4CB609B6D6616B9DA45086ED2BD34EBF9CC21369B86879C056B0C2C,CFG_ANALYZED,UTILITY,UNKNOWN,Disassembled 39 instructions; calls 2 imported APIs
libfftw3.so,libfftw3.so:sub_72b0c,0x72b0c,0x72b0c,268,.text,sub_72b0c,,NO,NO,NO,0,0,,,fftwf_cpy2d_ci;fftwf_cpy2d_ci;fftwf_cpy2d_co;fftwf_cpy2d_co,,,,EB272E710384B97E554BA1CCC49B2BEACF87120FA7C053D900349CF6207F3DF5,CFG_ANALYZED,UTILITY,UNKNOWN,Disassembled 67 instructions; calls 4 imported APIs
libfftw3.so,libfftw3.so:sub_72c18,0x72c18,0x72c18,8,.text,sub_72c18,,NO,NO,NO,0,0,,,,,,,4562BFB1909932472986B5116FB4E7F159B122D08DD6C6A21505D890FCCB8D57,CFG_ANALYZED,UTILITY,UNKNOWN,Disassembled 2 instructions; calls 0 imported APIs
libfftw3.so,libfftw3.so:sub_72c20,0x72c20,0x72c20,1684,.text,sub_72c20,,NO,NO,NO,0,0,,,fftwf_malloc_plain;fftwf_malloc_plain;fftwf_malloc_plain;sincos;sincos;sincos;sincos;sincos;sincos,,0xe000;0xe000,,B7BABE4ED3CAC85182F9F8A1145EC4707CCC7B090D76EB64D0C404357D4143CA,CFG_ANALYZED,UTILITY,UNKNOWN,Disassembled 421 instructions; calls 9 imported APIs
libfftw3.so,libfftw3.so:sub_732b4,0x732b4,0x732b4,204,.text,sub_732b4,,NO,NO,NO,0,0,,,sincos,,,,C99064E42F9EE09DD38FD8FED972EAB225F8BA1CF2FE8D0C477072543AA09A7A,CFG_ANALYZED,UTILITY,UNKNOWN,Disassembled 51 instructions; calls 1 imported APIs
libfftw3.so,libfftw3.so:sub_73380,0x73380,0x73380,96,.text,sub_73380,,NO,NO,NO,0,0,,,__stack_chk_fail,,,,880D6241D128191253E88AEBE77B1CF5EDF4CB62D417123656BFA298B089E858,CFG_ANALYZED,UTILITY,UNKNOWN,Disassembled 24 instructions; calls 1 imported APIs
libfftw3.so,libfftw3.so:sub_733e0,0x733e0,0x733e0,128,.text,sub_733e0,,NO,NO,NO,0,0,,,__stack_chk_fail,,,,58CA3CBE2E81DA7ABB2D440979BD0324DCD64A2FA051F9629B0028477DEA8B7C,CFG_ANALYZED,UTILITY,UNKNOWN,Disassembled 32 instructions; calls 1 imported APIs
libfftw3.so,libfftw3.so:sub_73460,0x73460,0x73460,48,.text,sub_73460,,NO,NO,NO,0,0,,,fftwf_ifree0;fftwf_ifree0,,,,2FCD7EF6ACA300F49C912A47392B00F6F0C4E6DADCFE6EDDCBB019A028313437,CFG_ANALYZED,UTILITY,UNKNOWN,Disassembled 12 instructions; calls 2 imported APIs
libfftw3.so,libfftw3.so:sub_73490,0x73490,0x73490,120,.text,sub_73490,,NO,NO,NO,0,0,,,,,,,9B51190CE5AC6F2786B059C5BAF06386CEAACE1273227A4AEACE5EDA8AC67DB6,CFG_ANALYZED,UTILITY,UNKNOWN,Disassembled 30 instructions; calls 0 imported APIs
libfftw3.so,libfftw3.so:sub_73508,0x73508,0x73508,4,.text,sub_73508,,NO,NO,NO,0,0,,,,,,,826A882B0C59C1E16ABB097A7413227F93A720B222C30C3F31F1E3E35B9D5599,CFG_ANALYZED,UTILITY,UNKNOWN,Disassembled 1 instructions; calls 0 imported APIs
libfftw3.so,libfftw3.so:sub_7350c,0x7350c,0x7350c,1256,.text,sub_7350c,,NO,NO,NO,0,0,,,fftwf_ifree;fftwf_ifree;fftwf_malloc_plain;fftwf_mktriggen;fftwf_malloc_plain;fftwf_safe_mulmod;fftwf_triggen_destroy;__stack_chk_fail,,,,3C06A9F4AD98D20FC88DA02798568793237248F976897F0AAC8CFFFCC706D998,CFG_ANALYZED,UTILITY,UNKNOWN,Disassembled 314 instructions; calls 8 imported APIs
libfftw3.so,libfftw3.so:sub_739f4,0x739f4,0x739f4,136,.text,sub_739f4,,NO,NO,NO,0,0,,,fftwf_mksolver;fftwf_solver_register;fftwf_mksolver,,,,4DAD72283EFFAC11705FB6D62579FB506179D49E484E6E80A8AB4347DE978625,CFG_ANALYZED,UTILITY,UNKNOWN,Disassembled 34 instructions; calls 3 imported APIs
libfftw3.so,libfftw3.so:sub_73a7c,0x73a7c,0x73a7c,724,.text,sub_73a7c,,NO,NO,NO,0,0,,,fftwf_pickdim;fftwf_rdft2_inplace_strides;fftwf_iabs;fftwf_iabs;fftwf_imin;fftwf_rdft2_tensor_max_index;__stack_chk_fail;fftwf_rdft2_strides;fftwf_tensor_copy;fftwf_tensor_copy_except,,,,9BE5BA94D28B153A040FB6E02ABA410056682ACB7C966E94D640B1C60CCDFBA7,CFG_ANALYZED,UTILITY,UNKNOWN,Disassembled 181 instructions; calls 15 imported APIs
libfftw3.so,libfftw3.so:sub_73d50,0x73d50,0x73d50,168,.text,sub_73d50,,NO,NO,NO,0,0,,,,,,,6795C6B1321B2E6B5D52BD99E54425CB835B656BF077BAD16EA2F1AA0420F7EF,CFG_ANALYZED,UTILITY,UNKNOWN,Disassembled 42 instructions; calls 0 imported APIs
libfftw3.so,libfftw3.so:sub_73df8,0x73df8,0x73df8,136,.text,sub_73df8,,NO,NO,NO,0,0,,,fftwf_mksolver;fftwf_solver_register;fftwf_mksolver,,,,364D47C2D55DA58AD32BE736C9B93B7823A2202FD732D515661D22CBBB784932,CFG_ANALYZED,UTILITY,UNKNOWN,Disassembled 34 instructions; calls 3 imported APIs
libfftw3.so,libfftw3.so:sub_73e80,0x73e80,0x73e80,716,.text,sub_73e80,,NO,NO,NO,0,0,,,fftwf_pickdim;fftwf_tensor_copy;fftwf_tensor_copy_except;fftwf_mkproblem_rdft_d;fftwf_mkplan_d;fftwf_mkplan_rdft;fftwf_ops_zero;fftwf_ops_madd2;fftwf_iabs;fftwf_iabs,,,,1DFD6A8F36D5BDA19DA67290CE96F7C0CC00903536E7C15ECD59FF1015066B95,CFG_ANALYZED,UTILITY,UNKNOWN,Disassembled 179 instructions; calls 13 imported APIs
libfftw3.so,libfftw3.so:sub_7414c,0x7414c,0x7414c,124,.text,sub_7414c,,NO,NO,NO,0,0,,,,,,,85A24528F7FC636647F53C52C826948825632C4F17BDA6D5EE0DBF66A10D5E05,CFG_ANALYZED,UTILITY,UNKNOWN,Disassembled 31 instructions; calls 0 imported APIs
libfftw3.so,libfftw3.so:sub_741c8,0x741c8,0x741c8,140,.text,sub_741c8,,NO,NO,NO,0,0,,,fftwf_mksolver;fftwf_solver_register;fftwf_mksolver;fftwf_solver_register;fftwf_mksolver,,,,C26C31260C10BF4FA4500C9E454346AF8E296919C3B00543375602037A7200A2,CFG_ANALYZED,UTILITY,UNKNOWN,Disassembled 35 instructions; calls 5 imported APIs
libfftw3.so,libfftw3.so:sub_74254,0x74254,0x74254,612,.text,sub_74254,,NO,NO,NO,0,0,,,fftwf_malloc_plain;memcpy;memcpy,,,,7353D5208EF85219C33D55DEEEF81A4C4544BC5AF19579D829F561DDB18888A3,CFG_ANALYZED,UTILITY,UNKNOWN,Disassembled 153 instructions; calls 3 imported APIs
libfftw3.so,libfftw3.so:sub_744b8,0x744b8,0x744b8,488,.text,sub_744b8,,NO,NO,NO,0,0,,,fftwf_malloc_plain;fftwf_mktensor_3d;fftwf_mkproblem_rdft_0_d;fftwf_mkplan_d;fftwf_ops_madd;fftwf_mktensor_3d;fftwf_mkproblem_rdft_0_d;fftwf_mkplan_d;fftwf_ops_add2;fftwf_mktensor_3d,,,,2A19C7A523BCD6D3F21D7753ACF7C422255BEBC4B77C386996DA09B071117AFC,CFG_ANALYZED,UTILITY,UNKNOWN,Disassembled 122 instructions; calls 14 imported APIs
libfftw3.so,libfftw3.so:sub_746a0,0x746a0,0x746a0,520,.text,sub_746a0,,NO,NO,NO,0,0,,,fftwf_malloc_plain;memmove;memcpy;memmove;memcpy;memcpy,,,,38B000F8DDB1C804A0F55A2129EE67B9C0FE955582D69BFBF5AD22A0E95E3C79,CFG_ANALYZED,UTILITY,UNKNOWN,Disassembled 130 instructions; calls 6 imported APIs
libfftw3.so,libfftw3.so:sub_748a8,0x748a8,0x748a8,520,.text,sub_748a8,,NO,NO,NO,0,0,,,fftwf_imax;fftwf_iabs;fftwf_imin;fftwf_iabs;fftwf_imin;fftwf_imin,,,,C30BA34556E7453E7F395919EA384B0F297303BFC3E5F790C7FD5DBF74BDE18B,CFG_ANALYZED,UTILITY,UNKNOWN,Disassembled 130 instructions; calls 6 imported APIs
libfftw3.so,libfftw3.so:sub_74ab0,0x74ab0,0x74ab0,920,.text,sub_74ab0,,NO,NO,NO,0,0,,,fftwf_imax;fftwf_iabs;fftwf_imin;fftwf_iabs;fftwf_imin;fftwf_imin;fftwf_imin;fftwf_malloc_plain;fftwf_mktensor_3d;fftwf_mkproblem_rdft_0_d,,,,EF86B9B7759E744FD310F40E0481AC33F283D372CB351413031000C83D99DD54,CFG_ANALYZED,UTILITY,UNKNOWN,Disassembled 230 instructions; calls 22 imported APIs
libfftw3.so,libfftw3.so:sub_74e48,0x74e48,0x74e48,1436,.text,sub_74e48,,NO,NO,NO,0,0,,,fftwf_malloc_plain;memset;memcpy;memcpy;memcpy;memcpy;memcpy;memcpy,,,,CCFC219B647046C00D0C508DFC5669D570892F1C67911687996D9A014A46970A,CFG_ANALYZED,UTILITY,UNKNOWN,Disassembled 359 instructions; calls 8 imported APIs
libfftw3.so,libfftw3.so:sub_753e4,0x753e4,0x753e4,964,.text,sub_753e4,,NO,NO,NO,0,0,,,fftwf_iabs;fftwf_iabs;fftwf_iabs;fftwf_imax;fftwf_tensor_sz;fftwf_mkplan_rdft;fftwf_ops_zero;fftwf_plan_destroy_internal;__stack_chk_fail,,,,032CD41CF9E0AB3DB80A9827412F2017587149FA8121897673DAAACDE7EA41B6,CFG_ANALYZED,UTILITY,UNKNOWN,Disassembled 241 instructions; calls 9 imported APIs
libfftw3.so,libfftw3.so:sub_757a8,0x757a8,0x757a8,60,.text,sub_757a8,,NO,NO,NO,0,0,,,fftwf_plan_awake;fftwf_plan_awake,,,,63E2FB2E1E37EA0A57621C1CEFB30E6547B2ED37B3157BCFA25EBCC7F05BBE2D,CFG_ANALYZED,UTILITY,UNKNOWN,Disassembled 15 instructions; calls 2 imported APIs
libfftw3.so,libfftw3.so:sub_757e4,0x757e4,0x757e4,172,.text,sub_757e4,,NO,NO,NO,0,0,,,,"""(%s-%Dx%D%v"";""%(%p%)"";""%(%p%)"";""%(%p%)""",0xd6ac,,E35F4A05F1C2E9FACE422D94E288C78C5950BAF160F3CD2348DE06C99EC6F93E,CFG_ANALYZED,UTILITY,UNKNOWN,Disassembled 43 instructions; calls 0 imported APIs
libfftw3.so,libfftw3.so:sub_75890,0x75890,0x75890,48,.text,sub_75890,,NO,NO,NO,0,0,,,fftwf_plan_destroy_internal;fftwf_plan_destroy_internal,,,,2D974BAF441DF96EB38057623E76B745E84E9447EC633E5A1A358626C3DA6570,CFG_ANALYZED,UTILITY,UNKNOWN,Disassembled 12 instructions; calls 2 imported APIs
libfftw3.so,libfftw3.so:sub_758c0,0x758c0,0x758c0,20,.text,sub_758c0,,NO,NO,NO,0,0,,,,,,,092B3036DB052650D89725F63A955281D178009ABF41ADB6BAB848F9541AF089,CFG_ANALYZED,UTILITY,UNKNOWN,Disassembled 5 instructions; calls 0 imported APIs
libfftw3.so,libfftw3.so:sub_758d4,0x758d4,0x758d4,12,.text,sub_758d4,,NO,NO,NO,1,0,libfftw3.so:sub_758e0,,,,,,CBC301D33ACE5F65FDDFE995BFC0A28BB1B6FF18C77B35A478B7072C03BFE359,CFG_ANALYZED,UTILITY,UNKNOWN,Disassembled 3 instructions; calls 0 imported APIs
libfftw3.so,libfftw3.so:sub_758e0,0x758e0,0x758e0,276,.text,sub_758e0,,NO,NO,NO,0,1,,libfftw3.so:sub_758d4,,,,,118165BF15E2C0A09E2C15039D7839C3CDC45D798B6802C927675ACF8D8C8E4B,CFG_ANALYZED,UTILITY,UNKNOWN,Disassembled 69 instructions; calls 0 imported APIs
