LIBRARY,FUNCTION_ID,RVA,VA_IF_RELEVANT,SIZE,SECTION,RECOVERED_NAME,ORIGINAL_SYMBOL_IF_ANY,EXPORT,JNI_DIRECT_EXPORT,REGISTER_NATIVES_TARGET,CALLER_COUNT,CALLEE_COUNT,CALLERS,CALLEES,IMPORTED_APIS,STRING_XREFS,GLOBAL_XREFS,VTABLE_OR_CLASS,FUNCTION_SHA256,DECOMPILE_STATUS,SEMANTIC_LABEL,CONFIDENCE,NOTES
libKKMusicFX.so,sub_2DF28,0x2df28,0x2df28,536,.text,sub_2DF28,,False,False,False,1,15,sub_2E81C,sub_5FA80;sub_5FB90;PLT:_Znwm;PLT:memset;PLT:memcpy;PLT:memset;sub_60FD4;sub_5FB74,_ZdlPv;free;_Znwm;memset;__stack_chk_fail;memcpy,,0x863c0,,059f241d85d81542c2ee7da1ba92672a9c3ea9f446d7c4552871e7a5c940205f,SUCCESS,Runtime_API_Wrapper,HIGH_CONFIDENCE,"Recovered 15 callees, 1 callers"
libKKMusicFX.so,_ZN3MFX12analyzeAudioERKNSt6__ndk112basic_stringIcNS0_11char_traitsIcEENS0_9allocatorIcEEEE,0x2e140,0x2e140,400,.text,"MFX::analyzeAudio(std::__ndk1::basic_string<char, std::__ndk1::char_traits<char>, std::__ndk1::allocator<char>> const&)",_ZN3MFX12analyzeAudioERKNSt6__ndk112basic_stringIcNS0_11char_traitsIcEENS0_9allocatorIcEEEE,True,False,False,0,11,,PLT:_ZN3MFX10MFXManager38getAudioParameterSupportedByProcessingEv;PLT:_ZN3MFX21transformSampleFormatENS_13FormatLibTypeEiS0_;PLT:_ZN3MFX10MFXManager26getMaximumNbSamplePerBlockEv;PLT:_ZN3MFX25AudioSourceAnalyzedResultC1Ev;PLT:_Znwm;sub_378A8;INDIRECT:x8;INDIRECT:x9,_ZN3MFX10MFXManager26getMaximumNbSamplePerBlockEv;_ZN3MFX21transformSampleFormatENS_13FormatLibTypeEiS0_;_Znwm;__stack_chk_fail;_ZN3MFX25AudioSourceAnalyzedResultC1Ev;_ZN3MFX10MFXManager38getAudioParameterSupportedByProcessingEv,,0x7f3c0,RecoveredClass,5501b18ab817d9bc86f59b4e33282b6d0eb4fd0ee5e876d6711d146e18f11e23,SUCCESS,Runtime_API_Wrapper,FACT,"Recovered 11 callees, 0 callers"
libKKMusicFX.so,sub_2E2D0,0x2e2d0,0x2e2d0,276,.text,sub_2E2D0,,False,False,False,5,0,sub_2E2B0;sub_2E3D0;sub_44858;sub_44870;sub_44984,,,,,,dd0ab953aa72b2a918f80e3ab4d0f2528aa1a426a378aaf318d78c2ffac0b68a,LOCAL_CFG_RECOVERED,GeneralUtility,HYPOTHESIS,"Recovered 0 callees, 5 callers"
libKKMusicFX.so,sub_2E3E4,0x2e3e4,0x2e3e4,80,.text,sub_2E3E4,,False,False,False,9,0,sub_2E4A8;sub_2F1A0;sub_31E98;sub_32D48;sub_376FC;sub_37898;sub_3DBCC;sub_43EA0,,,,,,2accb9102d7648ec741e1b2c14cdaabb24575bc6bb5d4c0c2b9a924acd79b3bc,LOCAL_CFG_RECOVERED,GeneralUtility,HYPOTHESIS,"Recovered 0 callees, 9 callers"
libKKMusicFX.so,sub_2E434,0x2e434,0x2e434,48,.text,sub_2E434,,False,False,False,1,0,sub_2E404,,,,,,49798bac444ab7cba5b32d1b24a33b17893cc1a1aacfb84217506ae18dae5915,LOCAL_CFG_RECOVERED,GeneralUtility,HYPOTHESIS,"Recovered 0 callees, 1 callers"
libKKMusicFX.so,sub_2E464,0x2e464,0x2e464,52,.text,sub_2E464,,False,False,False,11,3,sub_2F0F0;sub_30F88;sub_32D34;sub_373C8;sub_37434;sub_37884;sub_43A4C;sub_43A6C,PLT:__cxa_allocate_exception;PLT:_ZNSt20bad_array_new_lengthC1Ev;PLT:__cxa_throw,__cxa_throw;_ZNSt20bad_array_new_lengthC1Ev;__cxa_allocate_exception,,,,b1aac1b2e386f0338bd1677aabefcabda1afbfc0a623344bf696714d1a95a726,SUCCESS,Runtime_API_Wrapper,HIGH_CONFIDENCE,"Recovered 3 callees, 11 callers"
libKKMusicFX.so,sub_2E498,0x2e498,0x2e498,2112,.text,sub_2E498,,False,False,False,4,0,sub_2EE80;sub_39FC4;sub_39FCC;sub_70284,,,,,,bb4d742354eb61c22ce35c71491a82115a9684ada27748a93e1346e098e37fac,LOCAL_CFG_RECOVERED,GeneralUtility,HYPOTHESIS,"Recovered 0 callees, 4 callers"
libKKMusicFX.so,sub_2ECD8,0x2ecd8,0x2ecd8,124,.text,sub_2ECD8,,False,False,False,1,0,sub_2EC8C,,,,,,3da45aa3686900e0a47306c81693f7654b9013399e71ed4a8a60c97e0ffc4c44,LOCAL_CFG_RECOVERED,GeneralUtility,HYPOTHESIS,"Recovered 0 callees, 1 callers"
libKKMusicFX.so,sub_2ED54,0x2ed54,0x2ed54,304,.text,sub_2ED54,,False,False,False,16,0,sub_2E638;sub_2E770;sub_2E890;sub_2E8F0;sub_2E950;sub_2E9B0;sub_2EA10;sub_2EA70,,,,,,09feced078772acc2695ebb04b4064f82d4a48f4916de675f55d5bc170322ad7,LOCAL_CFG_RECOVERED,GeneralUtility,HYPOTHESIS,"Recovered 0 callees, 16 callers"
libKKMusicFX.so,sub_2EE84,0x2ee84,0x2ee84,668,.text,sub_2EE84,,False,False,False,1,0,sub_2E7EC,,,,,,798218e7b16642a66f84b4f59144da3f007086725105675ca93220df327930bf,LOCAL_CFG_RECOVERED,GeneralUtility,HYPOTHESIS,"Recovered 0 callees, 1 callers"
libKKMusicFX.so,sub_2F120,0x2f120,0x2f120,112,.text,sub_2F120,,False,False,False,1,2,sub_2F0FC,PLT:_ZdlPv;PLT:_ZdlPv,_ZdlPv,,,,d7e4fd95fe493858949960b4ce1dc6fc46650108abc93fa2423573feb2f00823,SUCCESS,Runtime_API_Wrapper,HIGH_CONFIDENCE,"Recovered 2 callees, 1 callers"
libKKMusicFX.so,sub_2F190,0x2f190,0x2f190,164,.text,sub_2F190,,False,False,False,1,0,sub_2F0DC,,,,,,70e905b5bfd548e9019c0c783ac07ccf638b219ceda413f60f1b447eceda6419,LOCAL_CFG_RECOVERED,GeneralUtility,HYPOTHESIS,"Recovered 0 callees, 1 callers"
libKKMusicFX.so,_ZN3MFX6GainFXC1Ev,0x2f234,0x2f234,92,.text,MFX::GainFX::GainFX(),_ZN3MFX6GainFXC1Ev,True,False,False,0,4,,PLT:_ZN3MFX8IMusicFXC2ENS_7MFXTypeE;sub_41284;PLT:_ZN3MFX8IMusicFXD2Ev;sub_76B64,_ZN3MFX8IMusicFXD2Ev;_ZN3MFX8IMusicFXC2ENS_7MFXTypeE,,0x81010,RecoveredClass,d30a93c1666aef954dd86ca7e0195c509b3f0101e4526fe218476e4a71a94596,SUCCESS,Runtime_API_Wrapper,FACT,"Recovered 4 callees, 0 callers"
libKKMusicFX.so,_ZN3MFX6GainFXD2Ev,0x2f290,0x2f290,4,.text,MFX::GainFX::~GainFX(),_ZN3MFX6GainFXD2Ev,True,False,False,0,1,,PLT:_ZN3MFX8IMusicFXD2Ev,_ZN3MFX8IMusicFXD2Ev,,,RecoveredClass,819b568358ed97b4fa47482ce31556d366daf3ebfaaa12deecb3d8abb7b574f5,SUCCESS,Runtime_API_Wrapper,FACT,"Recovered 1 callees, 0 callers"
libKKMusicFX.so,_ZN3MFX6GainFXD0Ev,0x2f294,0x2f294,36,.text,MFX::GainFX::~GainFX(),_ZN3MFX6GainFXD0Ev,True,False,False,0,2,,PLT:_ZN3MFX6GainFXD1Ev;PLT:_ZdlPv,_ZN3MFX6GainFXD1Ev;_ZdlPv,,,RecoveredClass,6aee16fd4d4a3d334262c41012f924d01d79d3a3bfde00ad6229844b888b0b87,SUCCESS,Runtime_API_Wrapper,FACT,"Recovered 2 callees, 0 callers"
libKKMusicFX.so,_ZN3MFX6GainFX13setParametersERKNS0_10ParametersE,0x2f2b8,0x2f2b8,24,.text,MFX::GainFX::setParameters(MFX::GainFX::Parameters const&),_ZN3MFX6GainFX13setParametersERKNS0_10ParametersE,True,False,False,0,0,,,,,,RecoveredClass,9b588dacad4f95d09b0e1ae4196a99eff1f98e2b083ec05a8ca9c9fd631d552d,SUCCESS,GeneralUtility,FACT,"Recovered 0 callees, 0 callers"
libKKMusicFX.so,_ZNK3MFX6GainFX13getParametersEv,0x2f2d0,0x2f2d0,8,.text,MFX::GainFX::getParameters() const,_ZNK3MFX6GainFX13getParametersEv,True,False,False,0,0,,,,,,RecoveredClass,4c15f19f33533f1ea1091bbe198788d2c02b3bcf334f859589b2a5f619495fcb,SUCCESS,GeneralUtility,FACT,"Recovered 0 callees, 0 callers"
libKKMusicFX.so,_ZN3MFX6GainFX12processBlockEPv,0x2f2d8,0x2f2d8,136,.text,MFX::GainFX::processBlock(void*),_ZN3MFX6GainFX12processBlockEPv,True,False,False,0,1,,sub_2F364,,,,RecoveredClass,df2ec0531f8c21a63df130529ec54bddf0c96cff2d68eb06da7f22cf3190d073,SUCCESS,GeneralUtility,FACT,"Recovered 1 callees, 0 callers"
libKKMusicFX.so,_ZN3MFX6GainFX5resetEv,0x2f360,0x2f360,4,.text,MFX::GainFX::reset(),_ZN3MFX6GainFX5resetEv,True,False,False,0,0,,,,,,RecoveredClass,110f46b5b35c069160560c6ad6786f647dd44e8760a52a46fc22dbbcd7630b91,SUCCESS,GeneralUtility,FACT,"Recovered 0 callees, 0 callers"
libKKMusicFX.so,sub_2F364,0x2f364,0x2f364,2964,.text,sub_2F364,,False,False,False,1,48,sub_2F334,sub_46BE8;sub_46BE8;sub_46BE8;sub_5E7F8;sub_5E7E0;PLT:_ZdlPv;PLT:_ZdlPv;PLT:_ZdlPv,_Znwm;_ZdlPv;__cxa_atexit,/Users/meitu/apollo-ws/source/JUCE/juce_audio_basics/buffers/juce_AudioSampleBuffer.h;_core/native/juce_JNIHelpers_android.cpp;/Users/meitu/apollo-ws/source/JUCE/juce_core/maths/juce_MathsFunctions.h,0x86634;0x866d0;0x865e0;0x86670;0x86498,,27e319cc180f8032aeb197215ff1868db43e60404bebf4fb236ca2df4a65428c,SUCCESS,Runtime_API_Wrapper,FACT,"Recovered 48 callees, 1 callers"
libKKMusicFX.so,_ZN3MFX11EqualizerFXC1Ev,0x2fef8,0x2fef8,224,.text,MFX::EqualizerFX::EqualizerFX(),_ZN3MFX11EqualizerFXC1Ev,True,False,False,0,8,,PLT:_ZN3MFX6GainFXC2Ev;PLT:_Znwm;PLT:_Znwm;PLT:_ZdlPv;PLT:_ZN3MFX6GainFXD2Ev;sub_76B64;PLT:_ZN3MFX6GainFXD2Ev;sub_76B64,_Znwm;_ZN3MFX6GainFXC2Ev;_ZdlPv;_ZN3MFX6GainFXD2Ev,,0x81010,RecoveredClass,5c0e3adce8546a015795c979d21da713ec3bd6cc5c628ed65ec100338b62afe4,SUCCESS,Runtime_API_Wrapper,FACT,"Recovered 8 callees, 0 callers"
libKKMusicFX.so,_ZN3MFX11EqualizerFXD1Ev,0x2ffd8,0x2ffd8,172,.text,MFX::EqualizerFX::~EqualizerFX(),_ZN3MFX11EqualizerFXD1Ev,True,False,False,0,6,,PLT:_ZdlPv;PLT:_ZdlPv;PLT:_ZdlPv;PLT:_ZN3MFX6GainFXD2Ev;sub_311EC;PLT:_ZdlPv,_ZN3MFX6GainFXD2Ev;_ZdlPv,,0x81010,RecoveredClass,d6dffcaea22522db2082c0da684482694b0400ab98d4eef15a4eb2f7893ea728,SUCCESS,Runtime_API_Wrapper,FACT,"Recovered 6 callees, 0 callers"
libKKMusicFX.so,sub_30084,0x30084,0x30084,68,.text,sub_30084,,False,False,False,7,2,sub_3043C;sub_39740;sub_3CB48;sub_3D5C0;sub_3D95C;sub_3D9A4;sub_44F0C,PLT:_ZdlPv;PLT:_ZdlPv,_ZdlPv,,,,dec776046bf5ec0cb79a9a12180dbe571176845f644cbc1218ef91b536678da8,SUCCESS,Runtime_API_Wrapper,HIGH_CONFIDENCE,"Recovered 2 callees, 7 callers"
libKKMusicFX.so,_ZN3MFX11EqualizerFXD0Ev,0x300c8,0x300c8,36,.text,MFX::EqualizerFX::~EqualizerFX(),_ZN3MFX11EqualizerFXD0Ev,True,False,False,0,2,,PLT:_ZN3MFX11EqualizerFXD1Ev;PLT:_ZdlPv,_ZN3MFX11EqualizerFXD1Ev;_ZdlPv,,,RecoveredClass,c68e277967c3523dc7d1f3bfc91954515b61b7b518abef565421e7b9870108ab,SUCCESS,Runtime_API_Wrapper,FACT,"Recovered 2 callees, 0 callers"
libKKMusicFX.so,_ZN3MFX11EqualizerFX15applyTemplateFXENS0_10TemplateFXEi,0x300ec,0x300ec,880,.text,"MFX::EqualizerFX::applyTemplateFX(MFX::EqualizerFX::TemplateFX, int)",_ZN3MFX11EqualizerFX15applyTemplateFXENS0_10TemplateFXEi,True,False,False,0,10,,PLT:_Znwm;PLT:_Znwm;sub_2ED54;sub_2ED54;PLT:_ZdlPv;PLT:_ZdlPv;PLT:_ZdlPv;sub_30084,_Znwm;__stack_chk_fail;_ZdlPv,,0x864f0;0x86490;0x86610;0x864c0;0x86580,RecoveredClass,15b411f2ea1a49e0788380c5afbce2cd23a5241fddabe4b491f2b113e1c42332,SUCCESS,Runtime_API_Wrapper,FACT,"Recovered 10 callees, 0 callers"
libKKMusicFX.so,_ZN3MFX11EqualizerFX13setParametersERKNS0_10ParametersE,0x3045c,0x3045c,96,.text,MFX::EqualizerFX::setParameters(MFX::EqualizerFX::Parameters const&),_ZN3MFX11EqualizerFX13setParametersERKNS0_10ParametersE,True,False,False,0,2,,sub_2ED54;sub_2ED54,,,,RecoveredClass,8e102858f21784e4e8d3b2c68d3643c55196ac78960759249310ba39ea08ac4f,SUCCESS,GeneralUtility,FACT,"Recovered 2 callees, 0 callers"
libKKMusicFX.so,_ZNK3MFX11EqualizerFX13getParametersEv,0x304bc,0x304bc,8,.text,MFX::EqualizerFX::getParameters() const,_ZNK3MFX11EqualizerFX13getParametersEv,True,False,False,0,0,,,,,,RecoveredClass,eab87a2a3e06bd8afe12b1475acb243589da4822eaa48bb157694ac782522a0f,SUCCESS,GeneralUtility,FACT,"Recovered 0 callees, 0 callers"
libKKMusicFX.so,_ZN3MFX11EqualizerFX12processBlockEPv,0x304c4,0x304c4,2908,.text,MFX::EqualizerFX::processBlock(void*),_ZN3MFX11EqualizerFX12processBlockEPv,True,False,False,0,69,,PLT:_Znwm;sub_31B4C;PLT:_Znwm;PLT:_ZdlPv;sub_31E9C;sub_324E0;PLT:powf;sub_5EDF4,_ZN3MFX6GainFX12processBlockEPv;_ZdlPv;free;powf;_Znwm;__stack_chk_fail,/Users/meitu/apollo-ws/source/JUCE/juce_core/memory/juce_ReferenceCountedObject.h;/Users/meitu/apollo-ws/source/JUCE/juce_dsp/containers/juce_AudioBlock.h,,RecoveredClass,78580ecfcbec4e169eb5aaf94a69e2ef3ca08bbc0030a271ba5b2c5ecddcd4ce,SUCCESS,Runtime_API_Wrapper,FACT,"Recovered 69 callees, 0 callers"
libKKMusicFX.so,sub_31020,0x31020,0x31020,128,.text,sub_31020,,False,False,False,2,0,sub_30F94;sub_37518,,,,,,d2e75212c7203e4e2608987a28cf73f9a6c072b6ff9ad032642da6545c777425,LOCAL_CFG_RECOVERED,GeneralUtility,HYPOTHESIS,"Recovered 0 callees, 2 callers"
libKKMusicFX.so,sub_310A0,0x310a0,0x310a0,216,.text,sub_310A0,,False,False,False,1,0,sub_30FD4,,,,,,b63a440f50d40f3d026c66c590ec70bb1df7debb574ac333576d06cbb964f8b4,LOCAL_CFG_RECOVERED,GeneralUtility,HYPOTHESIS,"Recovered 0 callees, 1 callers"
libKKMusicFX.so,_ZN3MFX11EqualizerFX5resetEv,0x31178,0x31178,116,.text,MFX::EqualizerFX::reset(),_ZN3MFX11EqualizerFX5resetEv,True,False,False,0,3,,sub_31E9C;PLT:_ZN3MFX6GainFX5resetEv;PLT:__stack_chk_fail,__stack_chk_fail;_ZN3MFX6GainFX5resetEv,,,RecoveredClass,c43098675adacf41394dd3dd73409f176a2827beb36505a433379b8cd3d598e4,SUCCESS,Runtime_API_Wrapper,FACT,"Recovered 3 callees, 0 callers"
libKKMusicFX.so,sub_311EC,0x311ec,0x311ec,1124,.text,sub_311EC,,False,False,False,1,0,sub_30064,,,,,,2c25bcb35069c1c1f8f80167291e0b0622a2fc9489311fc99a27004c3a391de1,LOCAL_CFG_RECOVERED,GeneralUtility,HYPOTHESIS,"Recovered 0 callees, 1 callers"
libKKMusicFX.so,sub_31650,0x31650,0x31650,140,.text,sub_31650,,False,False,False,1,4,sub_31BBC,PLT:free;sub_76970;sub_46BE8;sub_76970,free,/Users/meitu/apollo-ws/source/JUCE/juce_core/memory/juce_ReferenceCountedObject.h,,,27f81644a8773b436b8512e7e366e263f3feaf866b6ce8c4509b7be45209c661,SUCCESS,Runtime_API_Wrapper,FACT,"Recovered 4 callees, 1 callers"
libKKMusicFX.so,sub_316DC,0x316dc,0x316dc,140,.text,sub_316DC,,False,False,False,1,4,sub_31BCC,PLT:free;sub_76970;sub_46BE8;sub_76970,free,/Users/meitu/apollo-ws/source/JUCE/juce_core/memory/juce_ReferenceCountedObject.h,,,53e903bee6dc077e554c4cb3feda77454d09485fb7c8bf11b8ff7bf847252421,SUCCESS,Runtime_API_Wrapper,FACT,"Recovered 4 callees, 1 callers"
libKKMusicFX.so,sub_31768,0x31768,0x31768,140,.text,sub_31768,,False,False,False,1,4,sub_31BDC,PLT:free;sub_76970;sub_46BE8;sub_76970,free,/Users/meitu/apollo-ws/source/JUCE/juce_core/memory/juce_ReferenceCountedObject.h,,,4b34c047d429729d02279eb78b651bef646189dbd187131837e8d4a4a5e0a9a2,SUCCESS,Runtime_API_Wrapper,FACT,"Recovered 4 callees, 1 callers"
libKKMusicFX.so,sub_317F4,0x317f4,0x317f4,140,.text,sub_317F4,,False,False,False,1,4,sub_31BEC,PLT:free;sub_76970;sub_46BE8;sub_76970,free,/Users/meitu/apollo-ws/source/JUCE/juce_core/memory/juce_ReferenceCountedObject.h,,,a0ffe8e9a11cddf339333daaa8645544b893d1c472ea701fa5a303db96780a15,SUCCESS,Runtime_API_Wrapper,FACT,"Recovered 4 callees, 1 callers"
libKKMusicFX.so,sub_31880,0x31880,0x31880,140,.text,sub_31880,,False,False,False,1,4,sub_31BFC,PLT:free;sub_76970;sub_46BE8;sub_76970,free,/Users/meitu/apollo-ws/source/JUCE/juce_core/memory/juce_ReferenceCountedObject.h,,,ede8d000f361da1616ade32fa9f24d5a47fdfb13074e3f14c8f63d2fc79cbf21,SUCCESS,Runtime_API_Wrapper,FACT,"Recovered 4 callees, 1 callers"
libKKMusicFX.so,sub_3190C,0x3190c,0x3190c,140,.text,sub_3190C,,False,False,False,1,4,sub_31C04,PLT:free;sub_76970;sub_46BE8;sub_76970,free,/Users/meitu/apollo-ws/source/JUCE/juce_core/memory/juce_ReferenceCountedObject.h,,,860529d5c9b18e6ecf8be1d33552fe4fb8772d1e05205af00c7fe38587f0cb19,SUCCESS,Runtime_API_Wrapper,FACT,"Recovered 4 callees, 1 callers"
libKKMusicFX.so,sub_31998,0x31998,0x31998,140,.text,sub_31998,,False,False,False,1,4,sub_31C0C,PLT:free;sub_76970;sub_46BE8;sub_76970,free,/Users/meitu/apollo-ws/source/JUCE/juce_core/memory/juce_ReferenceCountedObject.h,,,28ad2959bd7ab69bb928b06f6d3ad23116878c7ef26b4f4f67c5723f069880b4,SUCCESS,Runtime_API_Wrapper,FACT,"Recovered 4 callees, 1 callers"
libKKMusicFX.so,sub_31A24,0x31a24,0x31a24,140,.text,sub_31A24,,False,False,False,2,4,sub_31C14;sub_31C40,PLT:free;sub_76970;sub_46BE8;sub_76970,free,/Users/meitu/apollo-ws/source/JUCE/juce_core/memory/juce_ReferenceCountedObject.h,,,36eb9b2a191be0384c9b7f5033a70c6bcb4609bcdd1f6317f8382c8d51ca8941,SUCCESS,Runtime_API_Wrapper,FACT,"Recovered 4 callees, 2 callers"
libKKMusicFX.so,sub_31AB0,0x31ab0,0x31ab0,140,.text,sub_31AB0,,False,False,False,3,4,sub_31C1C;sub_31C48;sub_31C5C,PLT:free;sub_76970;sub_46BE8;sub_76970,free,/Users/meitu/apollo-ws/source/JUCE/juce_core/memory/juce_ReferenceCountedObject.h,,,1c6043c2c8fac57b0a340b8d7c787d01b4af61c38aa4a5ae7fe8e42131697f67,SUCCESS,Runtime_API_Wrapper,FACT,"Recovered 4 callees, 3 callers"
libKKMusicFX.so,sub_31B3C,0x31b3c,0x31b3c,16,.text,sub_31B3C,,False,False,False,341,2,sub_33410;sub_337E4;sub_380D0;sub_3810C;sub_38148;sub_381DC;sub_38210;sub_3CD8C,PLT:__cxa_begin_catch;PLT:_ZSt9terminatev,__cxa_begin_catch;_ZSt9terminatev,,,,90cf3c1108813a24d47772ca90a0b3a4c1df744b2b7bbfc30fb3786122dc71bd,SUCCESS,Runtime_API_Wrapper,HIGH_CONFIDENCE,"Recovered 2 callees, 341 callers"
libKKMusicFX.so,sub_31B4C,0x31b4c,0x31b4c,284,.text,sub_31B4C,,False,False,False,1,0,sub_3056C,,,,,,d478001b33cbf6d1d9fa9c9e1ce066b7b94e1642e27dd9621ba535200f6f1274,LOCAL_CFG_RECOVERED,GeneralUtility,HYPOTHESIS,"Recovered 0 callees, 1 callers"
libKKMusicFX.so,sub_31C68,0x31c68,0x31c68,280,.text,sub_31C68,,False,False,False,10,11,sub_31B5C;sub_31B64;sub_31B6C;sub_31B74;sub_31B7C;sub_31B84;sub_31B8C;sub_31B94,PLT:_Znwm;sub_5E9B4;sub_76970;sub_5EF14;PLT:memset;sub_46BE8;sub_5EF14;PLT:free,_ZdlPv;free;_Znwm;malloc;memset,tor;;/Users/meitu/apollo-ws/source/JUCE/juce_core/memory/juce_ReferenceCountedObject.h,,,a4187fea9dd74e34a6ed2a82d205750a4dfaaf094bf5a66c3bdf3c6bbf7fa46f,SUCCESS,Runtime_API_Wrapper,FACT,"Recovered 11 callees, 10 callers"
libKKMusicFX.so,sub_31D80,0x31d80,0x31d80,264,.text,sub_31D80,,False,False,False,10,5,sub_309A0;sub_30A14;sub_30A88;sub_30AFC;sub_30B70;sub_30BE4;sub_30C58;sub_30CCC,sub_46BE8;PLT:realloc;PLT:free;sub_46BE8;PLT:memcpy,memcpy;realloc;free,/Users/meitu/apollo-ws/source/JUCE/juce_core/containers/juce_ArrayBase.h,,,33b105c570abd990039df1e2985098bab1ecd6f6f3ae5d19ed5af833104463f4,SUCCESS,Runtime_API_Wrapper,FACT,"Recovered 5 callees, 10 callers"
libKKMusicFX.so,sub_31E88,0x31e88,0x31e88,20,.text,sub_31E88,,False,False,False,1,0,sub_30F70,,,,,,7342be4c19f8a26beb5caa1100f0fad1a3a6a725e9b9834eb381d38240455806,LOCAL_CFG_RECOVERED,GeneralUtility,HYPOTHESIS,"Recovered 0 callees, 1 callers"
libKKMusicFX.so,sub_31E9C,0x31e9c,0x31e9c,1604,.text,sub_31E9C,,False,False,False,2,0,sub_306D4;sub_311B0,,,,,,69c38ec39aa2abe2e39eb9f9ce7f4158feef5604c468df50939816a60297e154,LOCAL_CFG_RECOVERED,GeneralUtility,HYPOTHESIS,"Recovered 0 callees, 2 callers"
libKKMusicFX.so,sub_324E0,0x324e0,0x324e0,1604,.text,sub_324E0,,False,False,False,1,0,sub_306E4,,,,,,7da344c385fd63a7644c54ccda7de2742fee5ad7e3ada80965328775e8b57ab7,LOCAL_CFG_RECOVERED,GeneralUtility,HYPOTHESIS,"Recovered 0 callees, 1 callers"
libKKMusicFX.so,sub_32B24,0x32b24,0x32b24,532,.text,sub_32B24,,False,False,False,1,0,sub_307B0,,,,,,b73b9da0c07b6fe9a7d570321edd3b212bf3768d4b70097000fc69fe4c3e5c3d,LOCAL_CFG_RECOVERED,GeneralUtility,HYPOTHESIS,"Recovered 0 callees, 1 callers"
libKKMusicFX.so,sub_32D38,0x32d38,0x32d38,20,.text,sub_32D38,,False,False,False,1,0,sub_32D30,,,,,,8117ae079bcf29276d4b8945900cdcebbe31eafaf8c367c221f3dd34b7485c72,LOCAL_CFG_RECOVERED,GeneralUtility,HYPOTHESIS,"Recovered 0 callees, 1 callers"
libKKMusicFX.so,sub_32D4C,0x32d4c,0x32d4c,760,.text,sub_32D4C,,False,False,False,1,0,sub_30EEC,,,,,,59151feb327b163d913f2e1228e07d6938b7c093003eb0a0000795e810dd805a,LOCAL_CFG_RECOVERED,GeneralUtility,HYPOTHESIS,"Recovered 0 callees, 1 callers"
libKKMusicFX.so,sub_33044,0x33044,0x33044,976,.text,sub_33044,,False,False,False,12,0,sub_32DAC;sub_32DF0;sub_32E34;sub_32E78;sub_32EBC;sub_32F00;sub_32F44;sub_32F88,,,,,,9fcaba6c5db287c1881335b458590a86156b8b907048220259e17d5bdc0b8d7d,LOCAL_CFG_RECOVERED,GeneralUtility,HYPOTHESIS,"Recovered 0 callees, 12 callers"
libKKMusicFX.so,sub_33414,0x33414,0x33414,980,.text,sub_33414,,False,False,False,12,9,sub_32DB4;sub_32DF8;sub_32E3C;sub_32E80;sub_32EC4;sub_32F08;sub_32F4C;sub_32F90,sub_337E8;sub_46BE8;sub_46BE8;sub_46BE8;sub_46BE8;sub_46BE8;sub_46BE8;sub_46BE8,,/Users/meitu/apollo-ws/source/JUCE/juce_dsp/containers/juce_AudioBlock.h;/Users/meitu/apollo-ws/source/JUCE/juce_dsp/processors/juce_IIRFilter_Impl.h;/Users/meitu/apollo-ws/source/JUCE/juce_core/memory/juce_ReferenceCountedObject.h,,,e0928ec119fee558a439e9c7633e50534c2cfbedec153fb44cea6f83766c0cbb,SUCCESS,GeneralUtility,FACT,"Recovered 9 callees, 12 callers"
libKKMusicFX.so,sub_337E8,0x337e8,0x337e8,312,.text,sub_337E8,,False,False,False,2,11,sub_33060;sub_33430,sub_5EF14;sub_46BE8;sub_5EF14;sub_5EF14;sub_46BE8;sub_5EF14;PLT:free;PLT:malloc,memset;malloc;free,tor;;/Users/meitu/apollo-ws/source/JUCE/juce_core/memory/juce_ReferenceCountedObject.h;/Users/meitu/apollo-ws/source/JUCE/juce_dsp/processors/juce_IIRFilter_Impl.h,,,38e0093e95097d016c8d7b202f2ac890028698f95de82c1a87b5fef47e3b4233,SUCCESS,Runtime_API_Wrapper,FACT,"Recovered 11 callees, 2 callers"
libKKMusicFX.so,_ZN3MFX8ReverbFXC1Ev,0x33920,0x33920,104,.text,MFX::ReverbFX::ReverbFX(),_ZN3MFX8ReverbFXC1Ev,True,False,False,0,1,,PLT:_ZN3MFX6GainFXC2Ev,_ZN3MFX6GainFXC2Ev,,0x81010,RecoveredClass,937e4032446484b2f778d0bbd4852db29789824d35233c0b0f962fac42acc400,SUCCESS,Runtime_API_Wrapper,FACT,"Recovered 1 callees, 0 callers"
libKKMusicFX.so,_ZN3MFX8ReverbFXD1Ev,0x33988,0x33988,72,.text,MFX::ReverbFX::~ReverbFX(),_ZN3MFX8ReverbFXD1Ev,True,False,False,0,3,,sub_33DE0;PLT:_ZdlPv;PLT:_ZN3MFX6GainFXD2Ev,_ZN3MFX6GainFXD2Ev;_ZdlPv,,0x81010,RecoveredClass,120a668f4f7fcb714451bb1fee33820099ee6b9d5a177425d83c0d6ebd89ac73,SUCCESS,Runtime_API_Wrapper,FACT,"Recovered 3 callees, 0 callers"
libKKMusicFX.so,_ZN3MFX8ReverbFXD0Ev,0x339d0,0x339d0,36,.text,MFX::ReverbFX::~ReverbFX(),_ZN3MFX8ReverbFXD0Ev,True,False,False,0,2,,PLT:_ZN3MFX8ReverbFXD1Ev;PLT:_ZdlPv,_ZN3MFX8ReverbFXD1Ev;_ZdlPv,,,RecoveredClass,d4dd27241f65607c0d9ca72ca310b102f1079a89032423b3832647dd3b480c10,SUCCESS,Runtime_API_Wrapper,FACT,"Recovered 2 callees, 0 callers"
libKKMusicFX.so,_ZN3MFX8ReverbFX13setParametersERKNS0_10ParametersE,0x339f4,0x339f4,40,.text,MFX::ReverbFX::setParameters(MFX::ReverbFX::Parameters const&),_ZN3MFX8ReverbFX13setParametersERKNS0_10ParametersE,True,False,False,0,0,,,,,,RecoveredClass,d140cf40802580a2954e07db9fc728c8becd146de36084d95532d1ce9df2583c,SUCCESS,GeneralUtility,FACT,"Recovered 0 callees, 0 callers"
libKKMusicFX.so,_ZNK3MFX8ReverbFX13getParametersEv,0x33a1c,0x33a1c,8,.text,MFX::ReverbFX::getParameters() const,_ZNK3MFX8ReverbFX13getParametersEv,True,False,False,0,0,,,,,,RecoveredClass,9463c451c16ba5ae15bf2dde2f9d442d6120366802b1d47a5a91c857dc294398,SUCCESS,GeneralUtility,FACT,"Recovered 0 callees, 0 callers"
libKKMusicFX.so,_ZN3MFX8ReverbFX12processBlockEPv,0x33a24,0x33a24,296,.text,MFX::ReverbFX::processBlock(void*),_ZN3MFX8ReverbFX12processBlockEPv,True,False,False,0,9,,PLT:_ZN3MFX6GainFX12processBlockEPv;PLT:_Znwm;sub_33EB8;sub_34310;sub_340C4;sub_33B4C;PLT:_ZdlPv;sub_76B64,_ZN3MFX6GainFX12processBlockEPv;_Znwm;__stack_chk_fail;_ZdlPv,,,RecoveredClass,f942bce63db88a59b95bb508bc047520fdb8b2c93389d453e04ac0f6920b7b63,SUCCESS,Runtime_API_Wrapper,FACT,"Recovered 9 callees, 0 callers"
libKKMusicFX.so,sub_33B4C,0x33b4c,0x33b4c,452,.text,sub_33B4C,,False,False,False,1,0,sub_33AF8,,,,,,bba35fe1b501f2129d317dfe025b2261e638c09279b579d521318d0eeca91546,LOCAL_CFG_RECOVERED,GeneralUtility,HYPOTHESIS,"Recovered 0 callees, 1 callers"
libKKMusicFX.so,_ZN3MFX8ReverbFX5resetEv,0x33d10,0x33d10,48,.text,MFX::ReverbFX::reset(),_ZN3MFX8ReverbFX5resetEv,True,False,False,0,2,,sub_34BA8;PLT:_ZN3MFX6GainFX5resetEv,_ZN3MFX6GainFX5resetEv,,,RecoveredClass,092075733213fdfa8f7b7a522b806859c8634582d96464181bf415ec6397a578,SUCCESS,Runtime_API_Wrapper,FACT,"Recovered 2 callees, 0 callers"
libKKMusicFX.so,_ZN3MFX8ReverbFX23getPreprocessGainFactorEv,0x33d40,0x33d40,160,.text,MFX::ReverbFX::getPreprocessGainFactor(),_ZN3MFX8ReverbFX23getPreprocessGainFactorEv,True,False,False,0,0,,,,,,RecoveredClass,acdd0a45908d665bad0dfae85f5a6b9fd3b98e2ac0e534a9bc6e1e32cfe61bbf,SUCCESS,GeneralUtility,FACT,"Recovered 0 callees, 0 callers"
libKKMusicFX.so,sub_33DE0,0x33de0,0x33de0,216,.text,sub_33DE0,,False,False,False,1,0,sub_339B4,,,,,,15940047f66e21ed388b71e692262c441b84b17fd5ea301c1a510b21c12db089,LOCAL_CFG_RECOVERED,GeneralUtility,HYPOTHESIS,"Recovered 0 callees, 1 callers"
libKKMusicFX.so,sub_33EB8,0x33eb8,0x33eb8,524,.text,sub_33EB8,,False,False,False,1,0,sub_33A94,,,,,,5fc8f75e6039c55256bf3740a7e72dbd6911da81f96cf7191055ce04233008fa,LOCAL_CFG_RECOVERED,GeneralUtility,HYPOTHESIS,"Recovered 0 callees, 1 callers"
libKKMusicFX.so,sub_340C4,0x340c4,0x340c4,588,.text,sub_340C4,,False,False,False,2,0,sub_33AEC;sub_33FA4,,,,,,9d191af6a8e78945f7a98e8f90f72c546ad9ebce6e37fc68edcd7c59f4431712,LOCAL_CFG_RECOVERED,GeneralUtility,HYPOTHESIS,"Recovered 0 callees, 2 callers"
libKKMusicFX.so,sub_34310,0x34310,0x34310,2200,.text,sub_34310,,False,False,False,2,0,sub_33AC4;sub_33FB8,,,,,,cb5ea5115238599b1775202ea6df21d6aad138bc5ac87f90d06678a577ae9ff9,LOCAL_CFG_RECOVERED,GeneralUtility,HYPOTHESIS,"Recovered 0 callees, 2 callers"
libKKMusicFX.so,sub_34BA8,0x34ba8,0x34ba8,3232,.text,sub_34BA8,,False,False,False,1,0,sub_33D2C,,,,,,f6019795a1b17f1fd9c23cce99140bbf9f8fca726d128f71389b98f06c0cd991,LOCAL_CFG_RECOVERED,GeneralUtility,HYPOTHESIS,"Recovered 0 callees, 1 callers"
libKKMusicFX.so,sub_35848,0x35848,0x35848,304,.text,sub_35848,,False,False,False,1,0,sub_33B9C,,,,,,375087004eac36ecd5ef385b0daf9de398a207a2c526fc6f679b8655a38db709,LOCAL_CFG_RECOVERED,GeneralUtility,HYPOTHESIS,"Recovered 0 callees, 1 callers"
libKKMusicFX.so,_ZN3MFX10SurroundFXC1Ev,0x35978,0x35978,76,.text,MFX::SurroundFX::SurroundFX(),_ZN3MFX10SurroundFXC1Ev,True,False,False,0,1,,PLT:_ZN3MFX6GainFXC2Ev,_ZN3MFX6GainFXC2Ev,,0x81010,RecoveredClass,79e460252e035c731e734c0ce8cd2badce419cbb9e6d9af31a3cf1af00bba536,SUCCESS,Runtime_API_Wrapper,FACT,"Recovered 1 callees, 0 callers"
libKKMusicFX.so,_ZN3MFX10SurroundFXD1Ev,0x359c4,0x359c4,4,.text,MFX::SurroundFX::~SurroundFX(),_ZN3MFX10SurroundFXD1Ev,True,False,False,0,1,,PLT:_ZN3MFX6GainFXD2Ev,_ZN3MFX6GainFXD2Ev,,,RecoveredClass,d8027e7799cc6446bd0e7075895c011977e2aaab280d51f2865e7c7eb4db719a,SUCCESS,Runtime_API_Wrapper,FACT,"Recovered 1 callees, 0 callers"
libKKMusicFX.so,_ZN3MFX10SurroundFXD0Ev,0x359c8,0x359c8,36,.text,MFX::SurroundFX::~SurroundFX(),_ZN3MFX10SurroundFXD0Ev,True,False,False,0,2,,PLT:_ZN3MFX10SurroundFXD1Ev;PLT:_ZdlPv,_ZN3MFX10SurroundFXD1Ev;_ZdlPv,,,RecoveredClass,df8ba5fe492a7a7d01f138f6288685d34703662d5a12c6bd28175708d367ca56,SUCCESS,Runtime_API_Wrapper,FACT,"Recovered 2 callees, 0 callers"
libKKMusicFX.so,_ZN3MFX10SurroundFX13setParametersERKNS0_10ParametersE,0x359ec,0x359ec,12,.text,MFX::SurroundFX::setParameters(MFX::SurroundFX::Parameters const&),_ZN3MFX10SurroundFX13setParametersERKNS0_10ParametersE,True,False,False,0,0,,,,,,RecoveredClass,4bfc348fbbb5b21f483574e1a2f4ade70b308197da537fa2eddb75925942d390,SUCCESS,GeneralUtility,FACT,"Recovered 0 callees, 0 callers"
libKKMusicFX.so,_ZNK3MFX10SurroundFX13getParametersEv,0x359f8,0x359f8,8,.text,MFX::SurroundFX::getParameters() const,_ZNK3MFX10SurroundFX13getParametersEv,True,False,False,0,0,,,,,,RecoveredClass,9463c451c16ba5ae15bf2dde2f9d442d6120366802b1d47a5a91c857dc294398,SUCCESS,GeneralUtility,FACT,"Recovered 0 callees, 0 callers"
libKKMusicFX.so,_ZN3MFX10SurroundFX12processBlockEPv,0x35a00,0x35a00,1160,.text,MFX::SurroundFX::processBlock(void*),_ZN3MFX10SurroundFX12processBlockEPv,True,False,False,0,26,,PLT:_ZN3MFX6GainFX12processBlockEPv;sub_46BE8;PLT:sinf;sub_46BE8;sub_46BE8;sub_46BE8;sub_46BE8;sub_46BE8,_ZN3MFX6GainFX12processBlockEPv;sinf,/Users/meitu/apollo-ws/source/JUCE/juce_audio_basics/buffers/juce_AudioSampleBuffer.h;/Users/meitu/apollo-ws/source/JUCE/juce_core/native/juce_JNIHelpers_android.cpp;/Users/meitu/apollo-ws/source/JUCE/juce_core/maths/juce_MathsFunctions.h,,RecoveredClass,308736d02b7abb56db897bc2ec90f253ada44dead0c463be6249a87f1193313f,SUCCESS,Runtime_API_Wrapper,FACT,"Recovered 26 callees, 0 callers"
libKKMusicFX.so,_ZN3MFX10SurroundFX5resetEv,0x35e88,0x35e88,8,.text,MFX::SurroundFX::reset(),_ZN3MFX10SurroundFX5resetEv,True,False,False,0,1,,PLT:_ZN3MFX6GainFX5resetEv,_ZN3MFX6GainFX5resetEv,,,RecoveredClass,a740c2f4c416f6a3801d6e4c223c80fafac840e497763e0c31f6a4c057fd0a33,SUCCESS,Runtime_API_Wrapper,FACT,"Recovered 1 callees, 0 callers"
libKKMusicFX.so,_ZN3MFX7DelayFXC1Ev,0x35e9c,0x35e9c,92,.text,MFX::DelayFX::DelayFX(),_ZN3MFX7DelayFXC1Ev,True,False,False,0,1,,PLT:_ZN3MFX6GainFXC2Ev,_ZN3MFX6GainFXC2Ev,,0x81010,RecoveredClass,b411039b1bea8d5da640b52e9f1b228238acce0b8eb652538e785648f3e7eb3c,SUCCESS,Runtime_API_Wrapper,FACT,"Recovered 1 callees, 0 callers"
libKKMusicFX.so,_ZN3MFX7DelayFXD1Ev,0x35ef8,0x35ef8,120,.text,MFX::DelayFX::~DelayFX(),_ZN3MFX7DelayFXD1Ev,True,False,False,0,6,,PLT:_ZdlPv;PLT:_ZdlPv;PLT:_ZdlPv;PLT:free;PLT:_ZdlPv;PLT:_ZN3MFX6GainFXD2Ev,_ZN3MFX6GainFXD2Ev;_ZdlPv;free,,0x81010,RecoveredClass,d57d83d916a299ab202547ec3b58c89ae4ee25c0902b006ed700b239ce3cfacb,SUCCESS,Runtime_API_Wrapper,FACT,"Recovered 6 callees, 0 callers"
libKKMusicFX.so,_ZN3MFX7DelayFXD0Ev,0x35f70,0x35f70,36,.text,MFX::DelayFX::~DelayFX(),_ZN3MFX7DelayFXD0Ev,True,False,False,0,2,,PLT:_ZN3MFX7DelayFXD1Ev;PLT:_ZdlPv,_ZN3MFX7DelayFXD1Ev;_ZdlPv,,,RecoveredClass,e2c7dd876b634c55f0140c25770a07d2b88a4554c2fe727e441bb13e67db3060,SUCCESS,Runtime_API_Wrapper,FACT,"Recovered 2 callees, 0 callers"
libKKMusicFX.so,_ZN3MFX7DelayFX13setParametersERKNS0_10ParametersE,0x35f94,0x35f94,28,.text,MFX::DelayFX::setParameters(MFX::DelayFX::Parameters const&),_ZN3MFX7DelayFX13setParametersERKNS0_10ParametersE,True,False,False,0,0,,,,,,RecoveredClass,7ba11f3ee01f32c3b924cceb8d1a451e7fa09302f9b752c33aad2e6532d4b290,SUCCESS,GeneralUtility,FACT,"Recovered 0 callees, 0 callers"
libKKMusicFX.so,_ZNK3MFX7DelayFX13getParametersEv,0x35fb0,0x35fb0,8,.text,MFX::DelayFX::getParameters() const,_ZNK3MFX7DelayFX13getParametersEv,True,False,False,0,0,,,,,,RecoveredClass,9463c451c16ba5ae15bf2dde2f9d442d6120366802b1d47a5a91c857dc294398,SUCCESS,GeneralUtility,FACT,"Recovered 0 callees, 0 callers"
libKKMusicFX.so,_ZN3MFX7DelayFX12processBlockEPv,0x35fb8,0x35fb8,572,.text,MFX::DelayFX::processBlock(void*),_ZN3MFX7DelayFX12processBlockEPv,True,False,False,0,13,,PLT:_Znwm;sub_5F1CC;sub_5F2B8;sub_5F478;sub_5F600;sub_5F3B8;sub_46BE8;sub_46BE8,_Znwm;__stack_chk_fail;_ZdlPv,/Users/meitu/apollo-ws/source/JUCE/juce_audio_basics/buffers/juce_AudioSampleBuffer.h;/Users/meitu/apollo-ws/source/JUCE/juce_core/maths/juce_MathsFunctions.h,,RecoveredClass,61d9efd4d38c5922b7b33348180c2825cd928e70286a55bcdad4609a333251fb,SUCCESS,Runtime_API_Wrapper,FACT,"Recovered 13 callees, 0 callers"
libKKMusicFX.so,_ZN3MFX7DelayFX5resetEv,0x361f4,0x361f4,48,.text,MFX::DelayFX::reset(),_ZN3MFX7DelayFX5resetEv,True,False,False,0,2,,sub_5F600;PLT:_ZN3MFX6GainFX5resetEv,_ZN3MFX6GainFX5resetEv,,,RecoveredClass,92512ccb076691820d9c03d9c3bcdddd3bdd64e65e1e6dcaf87c90243fc54e09,SUCCESS,Runtime_API_Wrapper,FACT,"Recovered 2 callees, 0 callers"
libKKMusicFX.so,_ZN3MFX10BandpassFXC1Ev,0x36230,0x36230,96,.text,MFX::BandpassFX::BandpassFX(),_ZN3MFX10BandpassFXC1Ev,True,False,False,0,1,,PLT:_ZN3MFX6GainFXC2Ev,_ZN3MFX6GainFXC2Ev,,0x81010,RecoveredClass,200d9d845ab31908f9a06f2db8fdfc2ecb055025a03bf9a59af314afe01c7033,SUCCESS,Runtime_API_Wrapper,FACT,"Recovered 1 callees, 0 callers"
libKKMusicFX.so,_ZN3MFX10BandpassFXD1Ev,0x36290,0x36290,752,.text,MFX::BandpassFX::~BandpassFX(),_ZN3MFX10BandpassFXD1Ev,True,False,False,0,28,,PLT:_ZdlPv;PLT:free;sub_76970;INDIRECT:x8;PLT:_ZdlPv;PLT:free;sub_76970;sub_46BE8,_ZN3MFX6GainFXD2Ev;_ZdlPv;free,/Users/meitu/apollo-ws/source/JUCE/juce_core/memory/juce_ReferenceCountedObject.h,0x81010,RecoveredClass,6a0707d3d8f96552ec77523dbcd54fa42baeaf1dea1e485b73518c974515d5e9,SUCCESS,Runtime_API_Wrapper,FACT,"Recovered 28 callees, 0 callers"
libKKMusicFX.so,_ZN3MFX10BandpassFXD0Ev,0x36580,0x36580,36,.text,MFX::BandpassFX::~BandpassFX(),_ZN3MFX10BandpassFXD0Ev,True,False,False,0,2,,PLT:_ZN3MFX10BandpassFXD1Ev;PLT:_ZdlPv,_ZN3MFX10BandpassFXD1Ev;_ZdlPv,,,RecoveredClass,33a090d929dbd01ab2ad31897dfbe6752954cc38072d73cc631cd38d2379fc0f,SUCCESS,Runtime_API_Wrapper,FACT,"Recovered 2 callees, 0 callers"
libKKMusicFX.so,_ZN3MFX10BandpassFX13setParametersERKNS0_10ParametersE,0x365a4,0x365a4,20,.text,MFX::BandpassFX::setParameters(MFX::BandpassFX::Parameters const&),_ZN3MFX10BandpassFX13setParametersERKNS0_10ParametersE,True,False,False,0,0,,,,,,RecoveredClass,3c3b9524f5b06aa4861a1dee7dcf4a7a15b166d3cf59f0ed3f80d0afa901940f,SUCCESS,GeneralUtility,FACT,"Recovered 0 callees, 0 callers"
libKKMusicFX.so,_ZNK3MFX10BandpassFX13getParametersEv,0x365b8,0x365b8,8,.text,MFX::BandpassFX::getParameters() const,_ZNK3MFX10BandpassFX13getParametersEv,True,False,False,0,0,,,,,,RecoveredClass,9463c451c16ba5ae15bf2dde2f9d442d6120366802b1d47a5a91c857dc294398,SUCCESS,GeneralUtility,FACT,"Recovered 0 callees, 0 callers"
libKKMusicFX.so,_ZN3MFX10BandpassFX12processBlockEPv,0x365c0,0x365c0,3964,.text,MFX::BandpassFX::processBlock(void*),_ZN3MFX10BandpassFX12processBlockEPv,True,False,False,0,89,,PLT:_Znwm;PLT:memcpy;PLT:_Znwm;PLT:_ZdlPv;PLT:_ZdlPv;PLT:_ZdlPv;sub_37700;PLT:_ZdlPv,_ZdlPv;free;powf;_Znwm;malloc;memset;__stack_chk_fail;memcpy,/Users/meitu/apollo-ws/source/JUCE/juce_audio_basics/buffers/juce_AudioSampleBuffer.h;/Users/meitu/apollo-ws/source/JUCE/juce_core/memory/juce_ReferenceCountedObject.h;/Users/meitu/apollo-ws/source/JUCE/juce_core/maths/juce_MathsFunctions.h,,RecoveredClass,bc2db29bd63d6086522b79d8ffa21f708cc5c3c3b10baad3933eed51796f2802,SUCCESS,Runtime_API_Wrapper,FACT,"Recovered 89 callees, 0 callers"
libKKMusicFX.so,_ZN3MFX10BandpassFX5resetEv,0x3753c,0x3753c,432,.text,MFX::BandpassFX::reset(),_ZN3MFX10BandpassFX5resetEv,True,False,False,0,13,,sub_5EF14;PLT:memset;sub_5EF14;sub_46BE8;sub_5EF14;PLT:free;PLT:malloc;sub_46BE8,memset;_ZN3MFX6GainFX5resetEv;malloc;free,/Users/meitu/apollo-ws/source/JUCE/juce_core/memory/juce_ReferenceCountedObject.h,,RecoveredClass,f873917a847cf9af003c8da0baf96cb128c521576d06b72af90939139f12693d,SUCCESS,Runtime_API_Wrapper,FACT,"Recovered 13 callees, 0 callers"
libKKMusicFX.so,sub_376EC,0x376ec,0x376ec,20,.text,sub_376EC,,False,False,False,6,0,sub_373E4;sub_37400;sub_3741C;sub_37450;sub_3746C;sub_37488,,,,,,5ef86b8e936e7be69985d2bfd8ee2108a7a72ccdce5dea5a0e01986d3ff9ba13,LOCAL_CFG_RECOVERED,GeneralUtility,HYPOTHESIS,"Recovered 0 callees, 6 callers"
libKKMusicFX.so,sub_37700,0x37700,0x37700,392,.text,sub_37700,,False,False,False,1,0,sub_368AC,,,,,,2455c126f9d476e85ecf00725e78f5845bf6711f650e2e956765be94df23c3e6,LOCAL_CFG_RECOVERED,GeneralUtility,HYPOTHESIS,"Recovered 0 callees, 1 callers"
libKKMusicFX.so,sub_37888,0x37888,0x37888,32,.text,sub_37888,,False,False,False,1,0,sub_37880,,,,,,850d1c6754e8b388468280a7944d028dd1aaa8eefe1feedda6ad2d8a6682ae7e,LOCAL_CFG_RECOVERED,GeneralUtility,HYPOTHESIS,"Recovered 0 callees, 1 callers"
libKKMusicFX.so,sub_378A8,0x378a8,0x378a8,2516,.text,sub_378A8,,False,False,False,1,0,sub_2E214,,,,,,7372dcbe0dfbbec18ebf244ce763a8fc6fa3a9c12b933e59ff6b6a476cc6a745,LOCAL_CFG_RECOVERED,GeneralUtility,HYPOTHESIS,"Recovered 0 callees, 1 callers"
libKKMusicFX.so,sub_3827C,0x3827c,0x3827c,80,.text,sub_3827C,,False,False,False,2,0,sub_38238;sub_38248,,,,,,b029da6198e54b9cefaceb2af65675b60a7fc9d5adf4ad754a9a5122b7a262ab,LOCAL_CFG_RECOVERED,GeneralUtility,HYPOTHESIS,"Recovered 0 callees, 2 callers"
libKKMusicFX.so,sub_382CC,0x382cc,0x382cc,80,.text,sub_382CC,,False,False,False,2,0,sub_38240;sub_38250,,,,,,f2f2daf1f808ac43f1d592c5cbfbad88cb86833c89687c740a57996984bca444,LOCAL_CFG_RECOVERED,GeneralUtility,HYPOTHESIS,"Recovered 0 callees, 2 callers"
libKKMusicFX.so,sub_3831C,0x3831c,0x3831c,332,.text,sub_3831C,,False,False,False,1,0,sub_38258,,,,,,caeaf50b89a6ebf174139eab1794a05a3a7834020b4828d49e37b4ebcb346896,LOCAL_CFG_RECOVERED,GeneralUtility,HYPOTHESIS,"Recovered 0 callees, 1 callers"
libKKMusicFX.so,sub_38468,0x38468,0x38468,88,.text,sub_38468,,False,False,False,2,0,sub_38084;sub_3809C,,,,,,f04a862874ff70f135e3e1b6be4a633675e951468b2d2f07cd3decbc2893dd0e,LOCAL_CFG_RECOVERED,GeneralUtility,HYPOTHESIS,"Recovered 0 callees, 2 callers"
libKKMusicFX.so,sub_384C0,0x384c0,0x384c0,1080,.text,sub_384C0,,False,False,False,1,0,sub_39564,,,,,,06f933ae411a2570cd9f7827cccb19ee835e62f23d3b4189f9ac6c5086f7607c,LOCAL_CFG_RECOVERED,GeneralUtility,HYPOTHESIS,"Recovered 0 callees, 1 callers"
libKKMusicFX.so,sub_388F8,0x388f8,0x388f8,1356,.text,sub_388F8,,False,False,False,2,0,sub_3A0B8;sub_3CFD8,,,,,,a5f01cdd9dbef648b82fd1a41701e88e3f58e0d6b19995df71d22d0958443a96,LOCAL_CFG_RECOVERED,GeneralUtility,HYPOTHESIS,"Recovered 0 callees, 2 callers"
libKKMusicFX.so,_ZN3MFX10MFXFormula9toFormulaEPNS_10MFXManagerE,0x38e44,0x38e44,2356,.text,MFX::MFXFormula::toFormula(MFX::MFXManager*),_ZN3MFX10MFXFormula9toFormulaEPNS_10MFXManagerE,True,False,False,0,87,,sub_39778;sub_398E4;PLT:_ZNK3MFX10MFXManager21getMaximumSampleLevelEv;sub_399E4;INDIRECT:x8;sub_398E4;sub_39778;PLT:_ZNK3MFX10MFXManager6getFXsEv,_ZdlPv;_ZN3MFX8IMusicFX7getTypeEv;_ZNK3MFX10SurroundFX13getParametersEv;_ZNK3MFX10MFXManager21getMaximumSampleLevelEv;_ZN3MFX8IMusicFX11getTypeNameEv;_ZNK3MFX6GainFX13getParametersEv;_Znwm;free,/Users/meitu/apollo-ws/source/JUCE/juce_core/native/juce_JNIHelpers_android.cpp;fxs;dryLevel;damping;lowFrequency,0x1586e,RecoveredClass,20a5eba9bf157a759c6d4f21172fb11291b91a517f196d68d1cd2ade245997cb,SUCCESS,Runtime_API_Wrapper,FACT,"Recovered 87 callees, 0 callers"
libKKMusicFX.so,sub_39778,0x39778,0x39778,364,.text,sub_39778,,False,False,False,3,0,sub_38EC0;sub_38F20;sub_38F94,,,,,,002cdf0ad6dd6eb167e9d3a60bd969fc87c03e8ecf9eddcad3d449127fad0e72,LOCAL_CFG_RECOVERED,GeneralUtility,HYPOTHESIS,"Recovered 0 callees, 3 callers"
libKKMusicFX.so,sub_398E4,0x398e4,0x398e4,256,.text,sub_398E4,,False,False,False,21,0,sub_38ED8;sub_38F18;sub_38F7C;sub_38FA4;sub_39014;sub_39038;sub_3905C;sub_39080,,,,,,e6110ce6f89723d63592b9d92c38a9dba3ff7b048e3e256b303ea3541d329051,LOCAL_CFG_RECOVERED,GeneralUtility,HYPOTHESIS,"Recovered 0 callees, 21 callers"
libKKMusicFX.so,sub_399E4,0x399e4,0x399e4,588,.text,sub_399E4,,False,False,False,18,0,sub_38EEC;sub_39020;sub_39044;sub_39068;sub_3908C;sub_390B0;sub_390D4;sub_39124,,,,,,eb7b917358d04f0c117430444012da6d2d65835e750dac4bc451911dd976449c,LOCAL_CFG_RECOVERED,GeneralUtility,HYPOTHESIS,"Recovered 0 callees, 18 callers"
libKKMusicFX.so,sub_39C30,0x39c30,0x39c30,372,.text,sub_39C30,,False,False,False,1,0,sub_38FC0,,,,,,8330bc6f443809774b1357e42bba935704be11697a0c6b5a1ea66e78eee9afa3,LOCAL_CFG_RECOVERED,GeneralUtility,HYPOTHESIS,"Recovered 0 callees, 1 callers"
libKKMusicFX.so,sub_39DA4,0x39da4,0x39da4,368,.text,sub_39DA4,,False,False,False,2,0,sub_39224;sub_392AC,,,,,,3e47b9558d6c9f02600cfdefb1ec9b7761d5141cace90d8d9bd47d4bdd882019,LOCAL_CFG_RECOVERED,GeneralUtility,HYPOTHESIS,"Recovered 0 callees, 2 callers"
libKKMusicFX.so,sub_39F14,0x39f14,0x39f14,256,.text,sub_39F14,,False,False,False,2,0,sub_39238;sub_3D728,,,,,,d88fbfde0fc28e8b8f29766c49f89c843f5263fbb9ed68a661770a8d8bb9d933,LOCAL_CFG_RECOVERED,GeneralUtility,HYPOTHESIS,"Recovered 0 callees, 2 callers"
libKKMusicFX.so,sub_3A014,0x3a014,0x3a014,56,.text,sub_3A014,,False,False,False,1,0,sub_39750,,,,,,2c7a73d18a218cb99ce190ef51f4fec1f624dfbf572c9c989bce61307436b1c1,LOCAL_CFG_RECOVERED,GeneralUtility,HYPOTHESIS,"Recovered 0 callees, 1 callers"
libKKMusicFX.so,sub_3A04C,0x3a04c,0x3a04c,56,.text,sub_3A04C,,False,False,False,1,0,sub_39758,,,,,,cdefbe7d6dee3ddd5667904024e1c96c37089b57819dc7061406b1d79e50df00,LOCAL_CFG_RECOVERED,GeneralUtility,HYPOTHESIS,"Recovered 0 callees, 1 callers"
libKKMusicFX.so,_ZN3MFX10MFXFormula11fromFormulaERKNSt6__ndk112basic_stringIcNS1_11char_traitsIcEENS1_9allocatorIcEEEE,0x3a084,0x3a084,4096,.text,"MFX::MFXFormula::fromFormula(std::__ndk1::basic_string<char, std::__ndk1::char_traits<char>, std::__ndk1::allocator<char>> const&)",_ZN3MFX10MFXFormula11fromFormulaERKNSt6__ndk112basic_stringIcNS1_11char_traitsIcEENS1_9allocatorIcEEEE,True,False,False,0,64,,sub_388F8;PLT:_Znwm;sub_3EBE8;PLT:__android_log_print;PLT:__android_log_print;PLT:_Znwm;PLT:_ZN3MFX10MFXManagerC1Ev;PLT:__strlen_chk,_ZN3MFX10MFXManagerC1Ev;_ZN3MFX10BandpassFXC1Ev;_Znwm;__strlen_chk;memcmp;_ZN3MFX10BandpassFX13setParametersERKNS0_10ParametersE;__android_log_print;strlen,"ess;order;[%s(%d)]:> formula parse error
;rolloff;fromFormula",0x18001,RecoveredClass,c4aa8f0798e0ad5f38622bd958b1139577956996aa769587477f3555ae070df4,SUCCESS,Runtime_API_Wrapper,FACT,"Recovered 64 callees, 0 callers"
libKKMusicFX.so,sub_3CBFC,0x3cbfc,0x3cbfc,196,.text,sub_3CBFC,,False,False,False,3,0,sub_3D430;sub_3D4C0;sub_3D538,,,,,,5286dda91e1ef48efe399296fe6b61267f5f41ff731424834cddfe307bfca47a,LOCAL_CFG_RECOVERED,GeneralUtility,HYPOTHESIS,"Recovered 0 callees, 3 callers"
libKKMusicFX.so,sub_3CCC0,0x3ccc0,0x3ccc0,72,.text,sub_3CCC0,,False,False,False,9,0,sub_3ADCC;sub_3AE9C;sub_3AF6C;sub_3B03C;sub_3B2A8;sub_3B418;sub_3B628;sub_3D50C,,,,,,7fe43e9b27a25c84278267178f20d86aff60d75ff785d878fb7182f9cd502145,LOCAL_CFG_RECOVERED,GeneralUtility,HYPOTHESIS,"Recovered 0 callees, 9 callers"
libKKMusicFX.so,sub_3CD08,0x3cd08,0x3cd08,136,.text,sub_3CD08,,False,False,False,3,0,sub_3D6D0;sub_3D6FC;sub_3D738,,,,,,546d566bfd41962c13eacfa4c64fcd8035c1e48dda9fdc3aeffc5af815485dad,LOCAL_CFG_RECOVERED,GeneralUtility,HYPOTHESIS,"Recovered 0 callees, 3 callers"
libKKMusicFX.so,sub_3CD90,0x3cd90,0x3cd90,260,.text,sub_3CD90,,False,False,False,19,0,sub_3ADB4;sub_3ADC8;sub_3AE80;sub_3AE98;sub_3AF50;sub_3AF68;sub_3B020;sub_3B038,,,,,,2a23e86239a7294b1be9dd8b5a0f8c4e64b0f9f00b4b093aed7b8d9c2f5eeda8,LOCAL_CFG_RECOVERED,GeneralUtility,HYPOTHESIS,"Recovered 0 callees, 19 callers"
libKKMusicFX.so,sub_3CE94,0x3ce94,0x3ce94,168,.text,sub_3CE94,,False,False,False,7,0,sub_3CA28;sub_3CBC8;sub_3D0A8;sub_3D308;sub_3D848;sub_3D970;sub_3D9F8,,,,,,ae70bb356288935217854282e467f62dbb1d98e7ea50093606ab0d4b80921401,LOCAL_CFG_RECOVERED,GeneralUtility,HYPOTHESIS,"Recovered 0 callees, 7 callers"
libKKMusicFX.so,_ZN3MFX10MFXFormula14adjustStrengthERKNSt6__ndk112basic_stringIcNS1_11char_traitsIcEENS1_9allocatorIcEEEEPNS_10MFXManagerEf,0x3cf3c,0x3cf3c,2796,.text,"MFX::MFXFormula::adjustStrength(std::__ndk1::basic_string<char, std::__ndk1::char_traits<char>, std::__ndk1::allocator<char>> const&, MFX::MFXManager*, float)",_ZN3MFX10MFXFormula14adjustStrengthERKNSt6__ndk112basic_stringIcNS1_11char_traitsIcEENS1_9allocatorIcEEEEPNS_10MFXManagerEf,True,False,False,0,66,,PLT:__android_log_print;sub_388F8;PLT:_Znwm;sub_3EBE8;PLT:__android_log_print;sub_3CE94;PLT:__android_log_print;PLT:__strlen_chk,_ZN3MFX7DelayFX13setParametersERKNS0_10ParametersE;_ZN3MFX11EqualizerFX13setParametersERKNS0_10ParametersE;_ZdlPv;_ZN3MFX8IMusicFX7getTypeEv;_ZNK3MFX10SurroundFX13getParametersEv;_ZN3MFX8IMusicFX11getTypeNameEv;_Znwm;__strlen_chk,"[%s(%d)]:> formula parse error
;factor;edia/AudioAttributes$Builder;;gains;MTMVCore",0x18e94;0x18ed4;0x18e9c;0x18eac;0x81018,RecoveredClass,c8169f6dea67e9502e605f102b6a96b9991cad5c37bbc17092dab4afa190e520,SUCCESS,Runtime_API_Wrapper,FACT,"Recovered 66 callees, 0 callers"
libKKMusicFX.so,sub_3DA28,0x3da28,0x3da28,248,.text,sub_3DA28,,False,False,False,1,0,sub_3D744,,,,,,4c4ea3af2dbf3cb3c1dd81dd2c9c4d951251c6a010af3d7890e8cf8472144864,LOCAL_CFG_RECOVERED,GeneralUtility,HYPOTHESIS,"Recovered 0 callees, 1 callers"
libKKMusicFX.so,sub_3DB20,0x3db20,0x3db20,100,.text,sub_3DB20,,False,False,False,2,0,sub_3D964;sub_3D9CC,,,,,,ecb914a706f248c88c2c40b838fde7c565b2c723293e0785fcfbd58024918197,LOCAL_CFG_RECOVERED,GeneralUtility,HYPOTHESIS,"Recovered 0 callees, 2 callers"
libKKMusicFX.so,sub_3DB84,0x3db84,0x3db84,56,.text,sub_3DB84,,False,False,False,2,0,sub_3CBAC;sub_3D9E8,,,,,,60b21f3195bc6b0811d0bbaa656b898f68afbccf04e0f37d085af9470867797e,LOCAL_CFG_RECOVERED,GeneralUtility,HYPOTHESIS,"Recovered 0 callees, 2 callers"
libKKMusicFX.so,sub_3DBBC,0x3dbbc,0x3dbbc,20,.text,sub_3DBBC,,False,False,False,8,1,sub_388D8;sub_38C7C;sub_39670;sub_39688;sub_3CA8C;sub_428EC;sub_44474;sub_5400C,sub_2E3E4,,basic_string,,,e054d2eddfb25fa2f3c1778ad5dca611d30fd1d279f7271f94455b0abc3d1882,SUCCESS,GeneralUtility,FACT,"Recovered 1 callees, 8 callers"
libKKMusicFX.so,sub_3DBD0,0x3dbd0,0x3dbd0,192,.text,sub_3DBD0,,False,False,False,32,3,sub_393E8;sub_39414;sub_39428;sub_39628;sub_3963C;sub_39650;sub_39898;sub_398B0,PLT:realloc;PLT:_Znwm;PLT:free,_Znwm;realloc;free,,,,3e0db142447db681e202cbecf0ad264afb084e5de1cf5649d78459f0affc5919,SUCCESS,Runtime_API_Wrapper,HIGH_CONFIDENCE,"Recovered 3 callees, 32 callers"
libKKMusicFX.so,sub_3DC90,0x3dc90,0x3dc90,576,.text,sub_3DC90,,False,False,False,2,0,sub_39880;sub_39EB0,,,,,,97160c00851a8d354df3f5048859d962a7a7414ce78984768dcbd04828cdb23c,LOCAL_CFG_RECOVERED,GeneralUtility,HYPOTHESIS,"Recovered 0 callees, 2 callers"
libKKMusicFX.so,sub_3DED0,0x3ded0,0x3ded0,560,.text,sub_3DED0,,False,False,False,1,0,sub_39AF8,,,,,,6c6268bbaf5fee0def2b349cf29b5878926d8ee1971b4d1eb1cfccb50ad1f70a,LOCAL_CFG_RECOVERED,GeneralUtility,HYPOTHESIS,"Recovered 0 callees, 1 callers"
libKKMusicFX.so,sub_3E100,0x3e100,0x3e100,848,.text,sub_3E100,,False,False,False,1,0,sub_39B0C,,,,,,ae993325cb47233786ff31c9f395316ca4244b70823c7cd1d7b1008e57e58423,LOCAL_CFG_RECOVERED,GeneralUtility,HYPOTHESIS,"Recovered 0 callees, 1 callers"
libKKMusicFX.so,sub_3E450,0x3e450,0x3e450,1240,.text,sub_3E450,,False,False,False,1,0,sub_3E0D4,,,,,,d89d94b710350418b286444b48c0bf45d09be1e1a3014e36f37f0b4885755f7d,LOCAL_CFG_RECOVERED,GeneralUtility,HYPOTHESIS,"Recovered 0 callees, 1 callers"
libKKMusicFX.so,sub_3E928,0x3e928,0x3e928,704,.text,sub_3E928,,False,False,False,1,0,sub_39D3C,,,,,,edf246b8039df8d33e06f9062b6c4cd3e9e5792a8fb724ca3f3aba21cc397436,LOCAL_CFG_RECOVERED,GeneralUtility,HYPOTHESIS,"Recovered 0 callees, 1 callers"
libKKMusicFX.so,sub_3EBE8,0x3ebe8,0x3ebe8,512,.text,sub_3EBE8,,False,False,False,2,8,sub_3A130;sub_3D054,sub_3EE20;PLT:free;PLT:free;PLT:_ZdlPv;PLT:free;sub_3EDE8;sub_76B64;PLT:__stack_chk_fail,__stack_chk_fail;_ZdlPv;free,,,,4574663be761410b021c8261915f1a79cabce1cdd0de0994a90324f92a0adb9f,SUCCESS,Runtime_API_Wrapper,HIGH_CONFIDENCE,"Recovered 8 callees, 2 callers"
libKKMusicFX.so,sub_3EDE8,0x3ede8,0x3ede8,56,.text,sub_3EDE8,,False,False,False,1,0,sub_3EDC8,,,,,,d78427e50f56ac29a41b1d2b203781bf49c87454e961fe0f3165f322bb969f6e,LOCAL_CFG_RECOVERED,GeneralUtility,HYPOTHESIS,"Recovered 0 callees, 1 callers"
libKKMusicFX.so,sub_3EE20,0x3ee20,0x3ee20,616,.text,sub_3EE20,,False,False,False,3,0,sub_3EC8C;sub_3F5BC;sub_3F844,,,,,,ae52532555d66f23084335317f793d194c6f099b17dc726836f4f68db84a2e6a,LOCAL_CFG_RECOVERED,GeneralUtility,HYPOTHESIS,"Recovered 0 callees, 3 callers"
libKKMusicFX.so,sub_3F088,0x3f088,0x3f088,4096,.text,sub_3F088,,False,False,False,1,0,sub_3F504,,,,,,e99148074c37c87920fa14e2b3f934d84a2852f87da1631c5d33c50421ffc072,LOCAL_CFG_RECOVERED,GeneralUtility,HYPOTHESIS,"Recovered 0 callees, 1 callers"
libKKMusicFX.so,sub_40120,0x40120,0x40120,180,.text,sub_40120,,False,False,False,12,0,sub_3F040;sub_3F05C;sub_3F078;sub_3F378;sub_3F38C;sub_3F4C4;sub_3F800;sub_3FF10,,,,,,2290cf226442382e85a9521f8c427d0a1a3ea186532e841abfd7ac971d1b4a11,LOCAL_CFG_RECOVERED,GeneralUtility,HYPOTHESIS,"Recovered 0 callees, 12 callers"
libKKMusicFX.so,sub_401D4,0x401d4,0x401d4,460,.text,sub_401D4,,False,False,False,2,0,sub_3F1C0;sub_3F224,,,,,,915b706c2edcb0d301d64da4db01b979608d42efc28a2ad0c4190d3c79b00a96,LOCAL_CFG_RECOVERED,GeneralUtility,HYPOTHESIS,"Recovered 0 callees, 2 callers"
libKKMusicFX.so,sub_403A0,0x403a0,0x403a0,852,.text,sub_403A0,,False,False,False,1,0,sub_3F1E0,,,,,,0a8b450b7e42cf0405a2231f0bee279f1cfbf96665ca221b760f7492bbad99b6,LOCAL_CFG_RECOVERED,GeneralUtility,HYPOTHESIS,"Recovered 0 callees, 1 callers"
libKKMusicFX.so,sub_406F4,0x406f4,0x406f4,288,.text,sub_406F4,,False,False,False,2,0,sub_3F2D0;sub_3F310,,,,,,92fa0b71b2a38fefcbdbc62fb8a6868c9c7cfa4f363450b5dcb525d193072976,LOCAL_CFG_RECOVERED,GeneralUtility,HYPOTHESIS,"Recovered 0 callees, 2 callers"
libKKMusicFX.so,sub_40814,0x40814,0x40814,232,.text,sub_40814,,False,False,False,1,0,sub_3F6A0,,,,,,120542a7c0707b79dff8ad22504e428c3c0330fef9b8de0611e599e0983a86f1,LOCAL_CFG_RECOVERED,GeneralUtility,HYPOTHESIS,"Recovered 0 callees, 1 callers"
libKKMusicFX.so,sub_408FC,0x408fc,0x408fc,232,.text,sub_408FC,,False,False,False,1,0,sub_3F908,,,,,,4dac6ac9275c690bf809581bd37fa5857a610ee0f39ce081a4083a28fd0cb188,LOCAL_CFG_RECOVERED,GeneralUtility,HYPOTHESIS,"Recovered 0 callees, 1 callers"
libKKMusicFX.so,sub_409E4,0x409e4,0x409e4,20,.text,sub_409E4,,False,False,False,1,0,sub_3CD88,,,,,,b94f04138b5ee7c3f3cf9facbeac6c18cb4ccf7a49e8f69f148ce3341c1ac57f,LOCAL_CFG_RECOVERED,GeneralUtility,HYPOTHESIS,"Recovered 0 callees, 1 callers"
libKKMusicFX.so,sub_409F8,0x409f8,0x409f8,80,.text,sub_409F8,,False,False,False,1,0,sub_409F4,,,,,,40de39aeeae710a93ee688b2fc9a9db4a0c7a7b631b6d889f1d519af80cec824,LOCAL_CFG_RECOVERED,GeneralUtility,HYPOTHESIS,"Recovered 0 callees, 1 callers"
libKKMusicFX.so,sub_40A48,0x40a48,0x40a48,48,.text,sub_40A48,,False,False,False,1,0,sub_40A18,,,,,,4674bee3ceec78c200422217656486656b3070853994bd35251a01354288f582,LOCAL_CFG_RECOVERED,GeneralUtility,HYPOTHESIS,"Recovered 0 callees, 1 callers"
libKKMusicFX.so,sub_40A78,0x40a78,0x40a78,308,.text,sub_40A78,,False,False,False,1,0,sub_3DA5C,,,,,,e637283ec2cfed837ad414fec477bd79cf4faf38250fb72bd08667371e0e937a,LOCAL_CFG_RECOVERED,GeneralUtility,HYPOTHESIS,"Recovered 0 callees, 1 callers"
libKKMusicFX.so,sub_40BAC,0x40bac,0x40bac,124,.text,sub_40BAC,,False,False,False,1,0,sub_3DB00,,,,,,842568ab45bdb2189f2d40838d87079a01faa1ee4439f6425552d1026113771b,LOCAL_CFG_RECOVERED,GeneralUtility,HYPOTHESIS,"Recovered 0 callees, 1 callers"
libKKMusicFX.so,sub_40C28,0x40c28,0x40c28,1628,.text,sub_40C28,,False,False,False,1,0,sub_40B3C,,,,,,1e66eb5dffb978386c056735ec05b335cee02f77825e1fce40b2b8f64ae17e8b,LOCAL_CFG_RECOVERED,GeneralUtility,HYPOTHESIS,"Recovered 0 callees, 1 callers"
libKKMusicFX.so,sub_41284,0x41284,0x41284,264,.text,sub_41284,,False,False,False,1,0,sub_2F264,,,,,,6d69dbea4a74a57f46b859197b29bfeccf1fe0d336f6a2dfe4efc8469b423337,LOCAL_CFG_RECOVERED,GeneralUtility,HYPOTHESIS,"Recovered 0 callees, 1 callers"
libKKMusicFX.so,sub_4138C,0x4138c,0x4138c,284,.text,sub_4138C,,False,False,False,1,0,sub_40F4C,,,,,,d79c2343f16e0b511a1762972bd9623c314f06a3ab256510db25db8258a7257e,LOCAL_CFG_RECOVERED,GeneralUtility,HYPOTHESIS,"Recovered 0 callees, 1 callers"
libKKMusicFX.so,sub_414A8,0x414a8,0x414a8,1084,.text,sub_414A8,,False,False,False,11,0,sub_429BC;sub_429EC;sub_42A50;sub_42A74;sub_42AA0;sub_42AF8;sub_42B1C;sub_42B68,,,,,,7d18bbef15bd034f2f6cf12305d5f19d76b0e3b675184df8a6f4cc755bd17d11,LOCAL_CFG_RECOVERED,GeneralUtility,HYPOTHESIS,"Recovered 0 callees, 11 callers"
libKKMusicFX.so,sub_418E4,0x418e4,0x418e4,4,.text,sub_418E4,,False,False,False,9,0,sub_42D00;sub_42D08;sub_42DBC;sub_42E0C;sub_42E14;sub_42E1C;sub_42E70;sub_42ED8,,,,,,110f46b5b35c069160560c6ad6786f647dd44e8760a52a46fc22dbbcd7630b91,LOCAL_CFG_RECOVERED,GeneralUtility,HYPOTHESIS,"Recovered 0 callees, 9 callers"
libKKMusicFX.so,sub_418E8,0x418e8,0x418e8,100,.text,sub_418E8,,False,False,False,1,0,sub_43014,,,,,,6ef4444a2243b75203b9d6b42a8d71abe1be5a28a5a4122fdf59bb42c53eefb3,SUCCESS,GeneralUtility,HYPOTHESIS,"Recovered 0 callees, 1 callers"
libKKMusicFX.so,_ZN3MFX11KKLoudMeter6createERKNSt6__ndk112basic_stringIcNS1_11char_traitsIcEENS1_9allocatorIcEEEE,0x4194c,0x4194c,264,.text,"MFX::KKLoudMeter::create(std::__ndk1::basic_string<char, std::__ndk1::char_traits<char>, std::__ndk1::allocator<char>> const&)",_ZN3MFX11KKLoudMeter6createERKNSt6__ndk112basic_stringIcNS1_11char_traitsIcEENS1_9allocatorIcEEEE,True,False,False,0,11,,PLT:_Znwm;PLT:_ZN3MFX11KKLoudMeterC1ERKNSt6__ndk112basic_stringIcNS1_11char_traitsIcEENS1_9allocatorIcEEEE;PLT:_ZN8PVGVIDEO13PVGVideoCodec6createENS_12PVGCodecTypeERKNSt6__ndk112basic_stringIcNS2_11char_traitsIcEENS2_9allocatorIcEEEE;INDIRECT:x9;PLT:_ZN8PVGVIDEO12PVGAudioInfo5validEv;PLT:_Znwm;sub_428F0;INDIRECT:x8,_ZdlPv;_Znwm;_ZN8PVGVIDEO13PVGVideoCodec6createENS_12PVGCodecTypeERKNSt6__ndk112basic_stringIcNS2_11char_traitsIcEENS2_9allocatorIcEEEE;_ZN3MFX11KKLoudMeterC1ERKNSt6__ndk112basic_stringIcNS1_11char_traitsIcEENS1_9allocatorIcEEEE;_ZN8PVGVIDEO12PVGAudioInfo5validEv;__stack_chk_fail,,,RecoveredClass,bdfee2b7a6e6059df35a0a0a7b374d68ead14fab3baff9a2396913bd11b03e96,SUCCESS,Runtime_API_Wrapper,FACT,"Recovered 11 callees, 0 callers"
libKKMusicFX.so,_ZN3MFX11KKLoudMeter4initEv,0x41a54,0x41a54,224,.text,MFX::KKLoudMeter::init(),_ZN3MFX11KKLoudMeter4initEv,True,False,False,0,8,,PLT:_ZN8PVGVIDEO13PVGVideoCodec6createENS_12PVGCodecTypeERKNSt6__ndk112basic_stringIcNS2_11char_traitsIcEENS2_9allocatorIcEEEE;INDIRECT:x9;PLT:_ZN8PVGVIDEO12PVGAudioInfo5validEv;PLT:_Znwm;sub_428F0;PLT:_ZdlPv;sub_76B64;PLT:__stack_chk_fail,_ZdlPv;_Znwm;_ZN8PVGVIDEO13PVGVideoCodec6createENS_12PVGCodecTypeERKNSt6__ndk112basic_stringIcNS2_11char_traitsIcEENS2_9allocatorIcEEEE;_ZN8PVGVIDEO12PVGAudioInfo5validEv;__stack_chk_fail,,,RecoveredClass,5aa29023f86aa8a3af90d1117404f38baf20414cefdda2b87d9e5ba8a32e7fd5,SUCCESS,Runtime_API_Wrapper,FACT,"Recovered 8 callees, 0 callers"
libKKMusicFX.so,_ZN3MFX11KKLoudMeterC2ERKNSt6__ndk112basic_stringIcNS1_11char_traitsIcEENS1_9allocatorIcEEEE,0x41b34,0x41b34,116,.text,"MFX::KKLoudMeter::KKLoudMeter(std::__ndk1::basic_string<char, std::__ndk1::char_traits<char>, std::__ndk1::allocator<char>> const&)",_ZN3MFX11KKLoudMeterC2ERKNSt6__ndk112basic_stringIcNS1_11char_traitsIcEENS1_9allocatorIcEEEE,True,False,False,0,1,,sub_42870,,,0x81010,RecoveredClass,2f2b999b9172973415b44da556827e6598af8dd19d08126389b9446eebc1203e,SUCCESS,GeneralUtility,FACT,"Recovered 1 callees, 0 callers"
libKKMusicFX.so,_ZN3MFX11KKLoudMeterD1Ev,0x41ba8,0x41ba8,224,.text,MFX::KKLoudMeter::~KKLoudMeter(),_ZN3MFX11KKLoudMeterD1Ev,True,False,False,0,8,,PLT:_ZdaPv;PLT:_ZdaPv;sub_42EA4;PLT:_ZdlPv;INDIRECT:x8;INDIRECT:x8;PLT:_ZdlPv;sub_31B3C,_ZdaPv;_ZdlPv,,0x81010,RecoveredClass,4a1f8c5e32f2fd70696de9f3c09c77c840ed2d4067ee26781175215f5db3636a,SUCCESS,Runtime_API_Wrapper,FACT,"Recovered 8 callees, 0 callers"
libKKMusicFX.so,_ZN3MFX11KKLoudMeterD0Ev,0x41c88,0x41c88,36,.text,MFX::KKLoudMeter::~KKLoudMeter(),_ZN3MFX11KKLoudMeterD0Ev,True,False,False,0,2,,PLT:_ZN3MFX11KKLoudMeterD1Ev;PLT:_ZdlPv,_ZdlPv;_ZN3MFX11KKLoudMeterD1Ev,,,RecoveredClass,0fb7238988884c1fb9a716df7bc9466c8049e9528b6aba9e0f5953721e24dbf8,SUCCESS,Runtime_API_Wrapper,FACT,"Recovered 2 callees, 0 callers"
libKKMusicFX.so,_ZN3MFX11KKLoudMeter12setTimeRangeEll,0x41cac,0x41cac,196,.text,"MFX::KKLoudMeter::setTimeRange(long, long)",_ZN3MFX11KKLoudMeter12setTimeRangeEll,True,False,False,0,2,,INDIRECT:x9;PLT:__stack_chk_fail,__stack_chk_fail,,,RecoveredClass,73091d325d43727e1e247aa9fd65f1c06daa7a66d977167139eb240013562a84,SUCCESS,Runtime_API_Wrapper,FACT,"Recovered 2 callees, 0 callers"
libKKMusicFX.so,_ZN3MFX11KKLoudMeter20calculateAndWaitLUFSEv,0x41d70,0x41d70,2816,.text,MFX::KKLoudMeter::calculateAndWaitLUFS(),_ZN3MFX11KKLoudMeter20calculateAndWaitLUFSEv,True,False,False,0,54,,PLT:_Znwm;PLT:_ZN8PVGVIDEO10PVGContextC1Ev;PLT:_ZN8PVGVIDEO10PVGContext16setCodecStrategyENS_16PVGCodecStrategyE;PLT:_ZN8PVGVIDEO10PVGContext14setCodecParamsERKNSt6__ndk112basic_stringIcNS1_11char_traitsIcEENS1_9allocatorIcEEEES9_;PLT:_ZdlPv;PLT:_ZdlPv;PLT:_ZNSt6__ndk19to_stringEd;PLT:_ZN8PVGVIDEO10PVGContext14setCodecParamsERKNSt6__ndk112basic_stringIcNS1_11char_traitsIcEENS1_9allocatorIcEEEES9_,_ZdaPv;_ZdlPv;_Znwm;_ZNSt6__ndk19to_stringEd;_ZNK8PVGVIDEO13PVGAudioFrame12getSamplesNbEv;memset;__android_log_print;_ZN8PVGVIDEO6PVGRef7releaseEv,"disableVideoDecode;[%s(%d)]:> unsupported format %d
;nt;startTimestamp;roid/app/Fragment",,RecoveredClass,16322915bf8ac7321b04bd9a9da4b70bd3cf59aafddd65f13e23c15ac625f87d,SUCCESS,Runtime_API_Wrapper,FACT,"Recovered 54 callees, 0 callers"
libKKMusicFX.so,sub_42870,0x42870,0x42870,128,.text,sub_42870,,False,False,False,1,0,sub_41B78,,,,,,e4ddc950f446bcd912859b37a1e9282d7e4f8e96696868f321e6ce397a07dcf8,LOCAL_CFG_RECOVERED,GeneralUtility,HYPOTHESIS,"Recovered 0 callees, 1 callers"
libKKMusicFX.so,sub_428F0,0x428f0,0x428f0,84,.text,sub_428F0,,False,False,False,2,0,sub_419CC;sub_41AC8,,,,,,aeee064b15a7445a3217f4d5f1bd8fd12f3bd448cb901f53ee511872375da598,LOCAL_CFG_RECOVERED,GeneralUtility,HYPOTHESIS,"Recovered 0 callees, 2 callers"
libKKMusicFX.so,sub_42944,0x42944,0x42944,1272,.text,sub_42944,,False,False,False,1,0,sub_42920,,,,,,a40c337f72cf56ba2f6b6aa255827c8d73f9b6b0eeb0b2d715e9295eb934472d,LOCAL_CFG_RECOVERED,GeneralUtility,HYPOTHESIS,"Recovered 0 callees, 1 callers"
libKKMusicFX.so,sub_42E3C,0x42e3c,0x42e3c,104,.text,sub_42E3C,,False,False,False,1,2,sub_42938,sub_418E4;PLT:_ZdlPv,_ZdlPv,,,,31df6e65858b909a96618ecbdd78a5a888734521fd2d2098fd471b6a3b7c7364,SUCCESS,Runtime_API_Wrapper,HIGH_CONFIDENCE,"Recovered 2 callees, 1 callers"
libKKMusicFX.so,sub_42EA4,0x42ea4,0x42ea4,104,.text,sub_42EA4,,False,False,False,1,0,sub_41C24,,,,,,031180d167d3e4449fbda67d974ae385b2f4399ebbd1e407225fb03ddc81dbe3,LOCAL_CFG_RECOVERED,GeneralUtility,HYPOTHESIS,"Recovered 0 callees, 1 callers"
libKKMusicFX.so,sub_42F0C,0x42f0c,0x42f0c,3016,.text,sub_42F0C,,False,False,False,2,0,sub_43CB0;sub_43DF0,,,,,,a8ec9594983c84153ebfd826efce5e6b912f0f5d22dbedbc8b71eee423e2e7c5,LOCAL_CFG_RECOVERED,GeneralUtility,HYPOTHESIS,"Recovered 0 callees, 2 callers"
libKKMusicFX.so,sub_43AD4,0x43ad4,0x43ad4,540,.text,sub_43AD4,,False,False,False,2,0,sub_426CC;sub_43DA0,,,,,,03558679f9f39b904700019049c7fbb77727ea8ea0b1b3b3bbc8f65b4353ccc2,LOCAL_CFG_RECOVERED,GeneralUtility,HYPOTHESIS,"Recovered 0 callees, 2 callers"
libKKMusicFX.so,sub_43CF0,0x43cf0,0x43cf0,384,.text,sub_43CF0,,False,False,False,1,0,sub_42758,,,,,,a8b0b4e8fb6300a2bee59ee04dadbee7f0a3bc863def5ece855167f23e82dc6c,LOCAL_CFG_RECOVERED,GeneralUtility,HYPOTHESIS,"Recovered 0 callees, 1 callers"
libKKMusicFX.so,sub_43E70,0x43e70,0x43e70,32,.text,sub_43E70,,False,False,False,1,0,sub_42760,,,,,,cb5432cfe47ccffeec1e1ccf2e0281f32706003132ef793162326392c9c2dd4c,LOCAL_CFG_RECOVERED,GeneralUtility,HYPOTHESIS,"Recovered 0 callees, 1 callers"
libKKMusicFX.so,sub_43E90,0x43e90,0x43e90,20,.text,sub_43E90,,False,False,False,3,1,sub_43A08;sub_43A2C;sub_700C8,sub_2E3E4,,vector,,,bef0381dbc3370755b8fd86b226d2ba531eade0505afecf761fef2970d3bdc83,SUCCESS,GeneralUtility,FACT,"Recovered 1 callees, 3 callers"
libKKMusicFX.so,sub_43EA4,0x43ea4,0x43ea4,364,.text,sub_43EA4,,False,False,False,11,5,sub_42C4C;sub_42C68;sub_42C78;sub_42C94;sub_42CA4;sub_42CC0;sub_42CD0;sub_42D34,PLT:_Znwm;sub_418E4;PLT:_ZdlPv;sub_44010;sub_2E464,_Znwm;_ZdlPv,,,,88ff479f8ef290ab6334d0ed046118c3b09cf4ced398545e668163839f6e9c87,SUCCESS,Runtime_API_Wrapper,HIGH_CONFIDENCE,"Recovered 5 callees, 11 callers"
libKKMusicFX.so,sub_44010,0x44010,0x44010,20,.text,sub_44010,,False,False,False,1,0,sub_44008,,,,,,0272a0f0fc9607ab3c18aa51644f0f79bcd5755f34f5f6d4aad5128e7f441d9b,LOCAL_CFG_RECOVERED,GeneralUtility,HYPOTHESIS,"Recovered 0 callees, 1 callers"
libKKMusicFX.so,sub_44024,0x44024,0x44024,48,.text,sub_44024,,False,False,False,1,0,sub_44600,,,,,,6125ce75c8de37597b5030c4a1011ee024b27ef2636017d5f25ac4b84f8133d3,LOCAL_CFG_RECOVERED,GeneralUtility,HYPOTHESIS,"Recovered 0 callees, 1 callers"
libKKMusicFX.so,sub_44054,0x44054,0x44054,264,.text,sub_44054,,False,False,False,15,0,sub_5A5B8;sub_5B6BC;sub_5C490;sub_5CC44;sub_5CD6C;sub_5CE90;sub_5D5A4;sub_5DD2C,,,,,,8386b913dbce96e0d18af31849f4b14a7854b1c4daa039d4a6ee052b2e68677a,LOCAL_CFG_RECOVERED,GeneralUtility,HYPOTHESIS,"Recovered 0 callees, 15 callers"
libKKMusicFX.so,sub_4415C,0x4415c,0x4415c,132,.text,sub_4415C,,False,False,False,1,0,sub_445FC,,,,,,b8a4c4da76e97ff39e202c625b050e33040ee0a44efe2e938c6ad86ee621ae10,LOCAL_CFG_RECOVERED,GeneralUtility,HYPOTHESIS,"Recovered 0 callees, 1 callers"
libKKMusicFX.so,sub_441E0,0x441e0,0x441e0,384,.text,sub_441E0,,False,False,False,1,0,sub_443A0,,,,,,59b94394bfd669a3613bc833b967bb518f11abc8729d62e76169113646a1a5cd,LOCAL_CFG_RECOVERED,GeneralUtility,HYPOTHESIS,"Recovered 0 callees, 1 callers"
libKKMusicFX.so,sub_44360,0x44360,0x44360,308,.text,sub_44360,,False,False,False,4,0,sub_44808;sub_4513C;sub_454E0;sub_4562C,,,,,,a77b89c6bace397d3089f765f0f7e9fee90fc5a0ffabdc0a5ab22521accfabf8,LOCAL_CFG_RECOVERED,GeneralUtility,HYPOTHESIS,"Recovered 0 callees, 4 callers"
libKKMusicFX.so,sub_44494,0x44494,0x44494,336,.text,sub_44494,,False,False,False,1,5,sub_44618,sub_44A58;sub_4468C;sub_45280;sub_45068;PLT:__android_log_print,__android_log_print,"[%s(%d)]:> register_com_meitu_media_mfx_KKLoudMeter failed
;[%s(%d)]:> register_com_meitu_media_mfx_MFXFormula failed
;[%s(%d)]:> register_com_meitu_media_mfx_EqualizerFX failed
;register_native_methods;MTMVCore",,,3e77922db2e6ff668aeafe0a082cc39be5d9fc239284c33327f2e6b9049362a6,SUCCESS,Runtime_API_Wrapper,FACT,"Recovered 5 callees, 1 callers"
libKKMusicFX.so,JNI_OnLoad,0x445e4,0x445e4,168,.text,JNI_OnLoad,JNI_OnLoad,True,False,False,0,5,,sub_4415C;sub_44024;PLT:JUCE_JNI_OnLoad;sub_44494;PLT:__android_log_print,__android_log_print;JUCE_JNI_OnLoad,"JNI_OnLoad;MTMVCore;[%s(%d)]:> register_native_methods failed
",,,e8a5153433646c9efed190e9a464e63de327505bc5227c7c08a56b5f13c8d3fe,SUCCESS,Runtime_API_Wrapper,FACT,"Recovered 5 callees, 0 callers"
libKKMusicFX.so,sub_4468C,0x4468c,0x4468c,176,.text,sub_4468C,,False,False,False,1,0,sub_444B0,,,,,,832c25e6a9abb0d90b3f2181fe22dfc7c987234e3807bc96fdd812523a71b2ad,LOCAL_CFG_RECOVERED,GeneralUtility,HYPOTHESIS,"Recovered 0 callees, 1 callers"
libKKMusicFX.so,MTMVCore_analyzeAudio,0x4473c,0x4473c,640,.text,MTMVCore_analyzeAudio,MTMVCore_analyzeAudio,False,False,True,0,22,,INDIRECT:x8;INDIRECT:x8;INDIRECT:x8;INDIRECT:x8;sub_44360;PLT:_ZN3MFX12analyzeAudioERKNSt6__ndk112basic_stringIcNS0_11char_traitsIcEENS0_9allocatorIcEEEE;PLT:_ZNK3MFX25AudioSourceAnalyzedResult7isValidEv;PLT:_Znwm,_ZNK3MFX25AudioSourceAnalyzedResult7isValidEv;_ZdlPv;_ZN3MFX25AudioSourceAnalyzedResultC1ERKS0_;_Znwm;__stack_chk_fail;_ZN3MFX12analyzeAudioERKNSt6__ndk112basic_stringIcNS0_11char_traitsIcEENS0_9allocatorIcEEEE;__android_log_print,com/meitu/media/mfx/MFXManager$AudioSourceInfo;(J)V;<init>;com_meitu_media_mfx_AudioSourceAnalyst_analyzeAudio;MTMVCore,,,cbb35b33a4f283a237109d3d52a87b831140322ad54ccc39a26b171b81ad5a4e,SUCCESS,JNI_Bridge_Entry,FACT,"Recovered 22 callees, 0 callers"
libKKMusicFX.so,sub_449BC,0x449bc,0x449bc,156,.text,sub_449BC,,False,False,False,7,2,sub_4484C;sub_5A8B4;sub_5AA9C;sub_5C5FC;sub_5C91C;sub_5E10C;sub_6DD98,INDIRECT:x8;PLT:__stack_chk_fail,__stack_chk_fail,,,,0400ac751a56b9f45b5641cf6ce8f4220b971855ec783f3e89c6457fb6168f76,SUCCESS,Runtime_API_Wrapper,HIGH_CONFIDENCE,"Recovered 2 callees, 7 callers"
libKKMusicFX.so,sub_44A58,0x44a58,0x44a58,176,.text,sub_44A58,,False,False,False,1,0,sub_444A4,,,,,,4e6d5edc6efc6e10d6e5d71abfa715d3d54ba40e15d37c45595fd4bd4c7c68c6,LOCAL_CFG_RECOVERED,GeneralUtility,HYPOTHESIS,"Recovered 0 callees, 1 callers"
libKKMusicFX.so,com/meitu/media/mfx/EqualizerFX__initNative,0x44b08,0x44b08,64,.text,com/meitu/media/mfx/EqualizerFX__initNative,com/meitu/media/mfx/EqualizerFX__initNative,False,False,True,0,4,,PLT:_Znwm;PLT:_ZN3MFX11EqualizerFXC1Ev;PLT:_ZdlPv;sub_76B64,_Znwm;_ZN3MFX11EqualizerFXC1Ev;_ZdlPv,,,,d5dc2c630ae15f33e16b352b4f5c16156723af093408371a88ea9119d937ad84,DISASM_ERROR: [Errno 2] No such file or directory: '.ai\\reports\\TASK_038_45SO_DEEP_FUNCTION_XREF_JNI_BRIDGE_RECONSTRUCTION\\functions\\libKKMusicFX.so\\PSEUDOCODE\\com\\meitu\\media\\mfx\\EqualizerFX__initNative.c',JNI_Bridge_Entry,FACT,"Recovered 4 callees, 0 callers"
libKKMusicFX.so,com/meitu/media/mfx/EqualizerFX__setChainSettings,0x44b48,0x44b48,996,.text,com/meitu/media/mfx/EqualizerFX__setChainSettings,com/meitu/media/mfx/EqualizerFX__setChainSettings,False,False,True,0,24,,INDIRECT:x8;INDIRECT:x8;INDIRECT:x8;INDIRECT:x8;PLT:__android_log_print;INDIRECT:x8;INDIRECT:x8;PLT:_Znwm,_ZN3MFX11EqualizerFX13setParametersERKNS0_10ParametersE;_ZdlPv;_Znwm;__stack_chk_fail;__android_log_print,"[%s(%d)]:> Couldn't find class com/meitu/media/mfx/EqualizerFX$ChainSettings
;bandGains;[%s(%d)]:> can't find com/meitu/media/mfx/EqualizerFX$ChainSettings's bandGains
;[%s(%d)]:> java band gains array length is invalid
;com/meitu/media/mfx/EqualizerFX$ChainSettings",,,6426ce7b3a1ffa46c6d85bc2a464539bfa53560f78dda1177f2a6b91e4626f6b,DISASM_ERROR: [Errno 2] No such file or directory: '.ai\\reports\\TASK_038_45SO_DEEP_FUNCTION_XREF_JNI_BRIDGE_RECONSTRUCTION\\functions\\libKKMusicFX.so\\PSEUDOCODE\\com\\meitu\\media\\mfx\\EqualizerFX__setChainSettings.c',JNI_Bridge_Entry,FACT,"Recovered 24 callees, 0 callers"
libKKMusicFX.so,sub_44F2C,0x44f2c,0x44f2c,316,.text,sub_44F2C,,False,False,False,3,0,sub_451BC;sub_45234;sub_45264,,,,,,b70ff17704a668dca3386b4b181d0a815d612fd8bc0088d7b829b9aa6669f93a,LOCAL_CFG_RECOVERED,GeneralUtility,HYPOTHESIS,"Recovered 0 callees, 3 callers"
libKKMusicFX.so,sub_45068,0x45068,0x45068,176,.text,sub_45068,,False,False,False,1,0,sub_444C8,,,,,,0b8da464898f7952ad8877b5137ac1ead09b9ad05cb84e7d439d6a36c2b7f0fe,LOCAL_CFG_RECOVERED,GeneralUtility,HYPOTHESIS,"Recovered 0 callees, 1 callers"
libKKMusicFX.so,com/meitu/media/mfx/KKLoudMeter_nativeCreate,0x45118,0x45118,156,.text,com/meitu/media/mfx/KKLoudMeter_nativeCreate,com/meitu/media/mfx/KKLoudMeter_nativeCreate,False,False,True,0,6,,sub_44360;PLT:_ZN3MFX11KKLoudMeter6createERKNSt6__ndk112basic_stringIcNS1_11char_traitsIcEENS1_9allocatorIcEEEE;PLT:_ZdlPv;PLT:_ZdlPv;sub_76B64;PLT:__stack_chk_fail,__stack_chk_fail;_ZdlPv;_ZN3MFX11KKLoudMeter6createERKNSt6__ndk112basic_stringIcNS1_11char_traitsIcEENS1_9allocatorIcEEEE,,,,08e15df5f8d9f77212bbb699e2a08daa52cbe2e211f88133fe617ee16e9e4ead,DISASM_ERROR: [Errno 2] No such file or directory: '.ai\\reports\\TASK_038_45SO_DEEP_FUNCTION_XREF_JNI_BRIDGE_RECONSTRUCTION\\functions\\libKKMusicFX.so\\PSEUDOCODE\\com\\meitu\\media\\mfx\\KKLoudMeter_nativeCreate.c',JNI_Bridge_Entry,FACT,"Recovered 6 callees, 0 callers"
libKKMusicFX.so,com/meitu/media/mfx/KKLoudMeter_nativeRelease,0x451b4,0x451b4,108,.text,com/meitu/media/mfx/KKLoudMeter_nativeRelease,com/meitu/media/mfx/KKLoudMeter_nativeRelease,False,False,True,0,2,,sub_44F2C;PLT:__android_log_print,__android_log_print,"MTMVCore;com_meitu_media_mfx_KKLoudMeter_nativeRelease;[%s(%d)]:> KKLoudMeter memory leak.
",,,e09265ee6310e96cef2818d083da75eb514509c87abedf1628aa59011d632bcb,DISASM_ERROR: [Errno 2] No such file or directory: '.ai\\reports\\TASK_038_45SO_DEEP_FUNCTION_XREF_JNI_BRIDGE_RECONSTRUCTION\\functions\\libKKMusicFX.so\\PSEUDOCODE\\com\\meitu\\media\\mfx\\KKLoudMeter_nativeRelease.c',JNI_Bridge_Entry,FACT,"Recovered 2 callees, 0 callers"
libKKMusicFX.so,com/meitu/media/mfx/KKLoudMeter_setTimeRange,0x45220,0x45220,60,.text,com/meitu/media/mfx/KKLoudMeter_setTimeRange,com/meitu/media/mfx/KKLoudMeter_setTimeRange,False,False,True,0,2,,sub_44F2C;PLT:_ZN3MFX11KKLoudMeter12setTimeRangeEll,_ZN3MFX11KKLoudMeter12setTimeRangeEll,,,,fe326dc5041772b2699e494370dd3e8cae84becf3448068879adce108b456a58,DISASM_ERROR: [Errno 2] No such file or directory: '.ai\\reports\\TASK_038_45SO_DEEP_FUNCTION_XREF_JNI_BRIDGE_RECONSTRUCTION\\functions\\libKKMusicFX.so\\PSEUDOCODE\\com\\meitu\\media\\mfx\\KKLoudMeter_setTimeRange.c',JNI_Bridge_Entry,FACT,"Recovered 2 callees, 0 callers"
libKKMusicFX.so,com/meitu/media/mfx/KKLoudMeter_calculateAndWaitLUFS,0x4525c,0x4525c,36,.text,com/meitu/media/mfx/KKLoudMeter_calculateAndWaitLUFS,com/meitu/media/mfx/KKLoudMeter_calculateAndWaitLUFS,False,False,True,0,2,,sub_44F2C;PLT:_ZN3MFX11KKLoudMeter20calculateAndWaitLUFSEv,_ZN3MFX11KKLoudMeter20calculateAndWaitLUFSEv,,,,6aacd9c521de44361ff56c2d7342c89b1e9efb33cae1bcb1874293056d5267d7,DISASM_ERROR: [Errno 2] No such file or directory: '.ai\\reports\\TASK_038_45SO_DEEP_FUNCTION_XREF_JNI_BRIDGE_RECONSTRUCTION\\functions\\libKKMusicFX.so\\PSEUDOCODE\\com\\meitu\\media\\mfx\\KKLoudMeter_calculateAndWaitLUFS.c',JNI_Bridge_Entry,FACT,"Recovered 2 callees, 0 callers"
libKKMusicFX.so,sub_45280,0x45280,0x45280,176,.text,sub_45280,,False,False,False,1,0,sub_444BC,,,,,,ea0a594056f873097396b13ba4216b7a6f5cb4a2853bd0ed0fbd746755dfe3c6,LOCAL_CFG_RECOVERED,GeneralUtility,HYPOTHESIS,"Recovered 0 callees, 1 callers"
libKKMusicFX.so,com/meitu/media/mfx/MFXFormula__toFormula,0x45330,0x45330,392,.text,com/meitu/media/mfx/MFXFormula__toFormula,com/meitu/media/mfx/MFXFormula__toFormula,False,False,True,0,8,,PLT:_ZN3MFX10MFXFormula9toFormulaEPNS_10MFXManagerE;INDIRECT:x8;PLT:__android_log_print;PLT:__android_log_print;PLT:_ZdlPv;PLT:_ZdlPv;sub_76B64;PLT:__stack_chk_fail,__stack_chk_fail;__android_log_print;_ZN3MFX10MFXFormula9toFormulaEPNS_10MFXManagerE;_ZdlPv,"MTMVCore;com_meitu_media_mfx_MFXFormula_toFormula;[%s(%d)]:> parameter is invalid
;[%s(%d)]:> toFormula failed
",,,009021fdf81fd1cb6edc620ec3df576d491f2e641a32334cd3b9a85f18e4eac3,DISASM_ERROR: [Errno 2] No such file or directory: '.ai\\reports\\TASK_038_45SO_DEEP_FUNCTION_XREF_JNI_BRIDGE_RECONSTRUCTION\\functions\\libKKMusicFX.so\\PSEUDOCODE\\com\\meitu\\media\\mfx\\MFXFormula__toFormula.c',JNI_Bridge_Entry,FACT,"Recovered 8 callees, 0 callers"
libKKMusicFX.so,com/meitu/media/mfx/MFXFormula__fromFormula,0x454b8,0x454b8,316,.text,com/meitu/media/mfx/MFXFormula__fromFormula,com/meitu/media/mfx/MFXFormula__fromFormula,False,False,True,0,8,,sub_44360;PLT:_ZN3MFX10MFXFormula11fromFormulaERKNSt6__ndk112basic_stringIcNS1_11char_traitsIcEENS1_9allocatorIcEEEE;PLT:__android_log_print;PLT:__android_log_print;PLT:_ZdlPv;PLT:_ZdlPv;sub_76B64;PLT:__stack_chk_fail,__android_log_print;__stack_chk_fail;_ZdlPv;_ZN3MFX10MFXFormula11fromFormulaERKNSt6__ndk112basic_stringIcNS1_11char_traitsIcEENS1_9allocatorIcEEEE,"MTMVCore;[%s(%d)]:> fromFormula failed
;[%s(%d)]:> parameter is invalid
;com_meitu_media_mfx_MFXFormula_fromFormula",,,39c274a8109d2c8a5fccedb5c6a47e98a9c08c830eacfdce1a5115eef1ee0ec3,DISASM_ERROR: [Errno 2] No such file or directory: '.ai\\reports\\TASK_038_45SO_DEEP_FUNCTION_XREF_JNI_BRIDGE_RECONSTRUCTION\\functions\\libKKMusicFX.so\\PSEUDOCODE\\com\\meitu\\media\\mfx\\MFXFormula__fromFormula.c',JNI_Bridge_Entry,FACT,"Recovered 8 callees, 0 callers"
libKKMusicFX.so,com/meitu/media/mfx/MFXFormula__adjustStrength,0x455f4,0x455f4,260,.text,com/meitu/media/mfx/MFXFormula__adjustStrength,com/meitu/media/mfx/MFXFormula__adjustStrength,False,False,True,0,7,,sub_44360;PLT:_ZN3MFX10MFXFormula14adjustStrengthERKNSt6__ndk112basic_stringIcNS1_11char_traitsIcEENS1_9allocatorIcEEEEPNS_10MFXManagerEf;PLT:_ZdlPv;PLT:__android_log_print;PLT:_ZdlPv;sub_76B64;PLT:__stack_chk_fail,_ZN3MFX10MFXFormula14adjustStrengthERKNSt6__ndk112basic_stringIcNS1_11char_traitsIcEENS1_9allocatorIcEEEEPNS_10MFXManagerEf;__android_log_print;__stack_chk_fail;_ZdlPv,"MTMVCore;[%s(%d)]:> parameter is invalid
;com_meitu_media_mfx_MFXFormula_adjustStrength",,,dcab8bd98ddaa4ffda326c21c85a46b5a26727450387cb47029483c1ff777329,DISASM_ERROR: [Errno 2] No such file or directory: '.ai\\reports\\TASK_038_45SO_DEEP_FUNCTION_XREF_JNI_BRIDGE_RECONSTRUCTION\\functions\\libKKMusicFX.so\\PSEUDOCODE\\com\\meitu\\media\\mfx\\MFXFormula__adjustStrength.c',JNI_Bridge_Entry,FACT,"Recovered 7 callees, 0 callers"
libKKMusicFX.so,sub_456F8,0x456f8,0x456f8,276,.text,sub_456F8,,False,False,False,1,0,sub_46860,,,,,,c8e16b64c18f15640651c7d33f312063800a7572a23195aebb6b0b31d9ff18d2,LOCAL_CFG_RECOVERED,GeneralUtility,HYPOTHESIS,"Recovered 0 callees, 1 callers"
libKKMusicFX.so,sub_4580C,0x4580c,0x4580c,496,.text,sub_4580C,,False,False,False,2,0,sub_4573C;sub_4780C,,,,,,7bdaa7a5f45b8944acbeeb9f781c78337f5c94334caf013c1179dd8d540f831d,LOCAL_CFG_RECOVERED,GeneralUtility,HYPOTHESIS,"Recovered 0 callees, 2 callers"
libKKMusicFX.so,sub_459FC,0x459fc,0x459fc,492,.text,sub_459FC,,False,False,False,1,12,sub_457B4,sub_53AC4;sub_46BE8;sub_46BE8;sub_46BE8;sub_53AC4;sub_46BE8;sub_6F1D8;sub_46BE8,,/Users/meitu/apollo-ws/source/JUCE/juce_core/containers/juce_ArrayBase.h;/Users/meitu/apollo-ws/source/JUCE/juce_core/maths/juce_MathsFunctions.h,,,49a86cb5bd0e4993f61af09ce563115c384ed03788a0473f2d926e66a9972964,SUCCESS,GeneralUtility,FACT,"Recovered 12 callees, 1 callers"
libKKMusicFX.so,sub_45BE8,0x45be8,0x45be8,136,.text,sub_45BE8,,False,False,False,7,0,sub_457FC;sub_46AF0;sub_46B3C;sub_46B8C;sub_48F80;sub_5CAFC;sub_5DB70,,,,,,a0c9e11e546d0ede25337783e482506e5f30350de04c57a1b6a7fe9adda8df95,LOCAL_CFG_RECOVERED,GeneralUtility,HYPOTHESIS,"Recovered 0 callees, 7 callers"
libKKMusicFX.so,sub_45C70,0x45c70,0x45c70,2496,.text,sub_45C70,,False,False,False,2,0,sub_45CEC;sub_47280,,,,,,01fd5c723776cc0f7fadd5346d98de265c198c6e120e7ecf7dba3d7e9dd6e582,LOCAL_CFG_RECOVERED,GeneralUtility,HYPOTHESIS,"Recovered 0 callees, 2 callers"
libKKMusicFX.so,sub_46630,0x46630,0x46630,496,.text,sub_46630,,False,False,False,1,0,sub_4CDD8,,,,,,82d2435040b3e853bb9c7c92873296dd8633f8099b058133f2d5d4ca7f2ea6d3,LOCAL_CFG_RECOVERED,GeneralUtility,HYPOTHESIS,"Recovered 0 callees, 1 callers"
libKKMusicFX.so,sub_46820,0x46820,0x46820,968,.text,sub_46820,,False,False,False,2,38,sub_46350;sub_470A8,sub_456F8;sub_76970;PLT:_Znam;PLT:_Znwm;sub_49228;sub_76970;PLT:opendir;sub_76970,_ZdaPv;_ZdlPv;_Znwm;opendir;_Znam,/Users/meitu/apollo-ws/source/JUCE/juce_core/files/juce_DirectoryIterator.h,0x86398,,ca5a9f0607652aa0a31d259570ca13eadf9b23bb0e01b50caadad1dc2488c167,SUCCESS,Runtime_API_Wrapper,FACT,"Recovered 38 callees, 2 callers"
libKKMusicFX.so,sub_46BE8,0x46be8,0x46be8,1036,.text,sub_46BE8,,False,False,False,759,0,sub_2F3B8;sub_2F3D0;sub_2F3F8;sub_307F0;sub_30968;sub_30980;sub_309DC;sub_309F4,,,,,,e25ab79fb5ac6019f05037263aad7a42f2179c39a50a381bae0da8da942722eb,LOCAL_CFG_RECOVERED,GeneralUtility,HYPOTHESIS,"Recovered 0 callees, 759 callers"
libKKMusicFX.so,sub_46FF4,0x46ff4,0x46ff4,80,.text,sub_46FF4,,False,False,False,1,0,sub_471A8,,,,,,c786362cda2553313f8cdd7fbc6b3e34c49981ac577e3ee3d9bd9313fa86dd6a,LOCAL_CFG_RECOVERED,GeneralUtility,HYPOTHESIS,"Recovered 0 callees, 1 callers"
libKKMusicFX.so,sub_47044,0x47044,0x47044,420,.text,sub_47044,,False,False,False,2,0,sub_4B50C;sub_4C5C0,,,,,,3119e4151a1112a3db467a1e238de5895037753ae8297d26fbf35d32277c9967,LOCAL_CFG_RECOVERED,GeneralUtility,HYPOTHESIS,"Recovered 0 callees, 2 callers"
libKKMusicFX.so,sub_471E8,0x471e8,0x471e8,104,.text,sub_471E8,,False,False,False,1,0,sub_471A0,,,,,,53668b58696f62197f89c5737d79d85a44dea1fff59b7769228ba4cd24826a4b,LOCAL_CFG_RECOVERED,GeneralUtility,HYPOTHESIS,"Recovered 0 callees, 1 callers"
libKKMusicFX.so,sub_47250,0x47250,0x47250,284,.text,sub_47250,,False,False,False,2,0,sub_47108;sub_4C6FC,,,,,,5db5b8f865bea894515be08cdceec486d43227c931764091a21545326482b6da,LOCAL_CFG_RECOVERED,GeneralUtility,HYPOTHESIS,"Recovered 0 callees, 2 callers"
libKKMusicFX.so,sub_4736C,0x4736c,0x4736c,4096,.text,sub_4736C,,False,False,False,6,0,sub_498F0;sub_49AE0;sub_4A2E4;sub_5BC20;sub_5BDB0;sub_5DE3C,,,,,,c0e18afd0fa35e2cf11cf98d1a603a6520050e34bc1c726e29c4b226a813755a,LOCAL_CFG_RECOVERED,GeneralUtility,HYPOTHESIS,"Recovered 0 callees, 6 callers"
libKKMusicFX.so,sub_4905C,0x4905c,0x4905c,460,.text,sub_4905C,,False,False,False,1,5,sub_48810,sub_52C28;sub_6E9F0;sub_76970;PLT:_Znam;PLT:memcpy,_Znam;memcpy,,0x86004;0x8601b;0x86398,,e7ea6ee3d1f26c8bdfde256b6d55611e086c72e20501eeaf1ce4e7c2af26b56f,SUCCESS,Runtime_API_Wrapper,HIGH_CONFIDENCE,"Recovered 5 callees, 1 callers"
libKKMusicFX.so,sub_49228,0x49228,0x49228,592,.text,sub_49228,,False,False,False,4,12,sub_468CC;sub_4695C;sub_48940;sub_4A28C,PLT:__strlen_chk;sub_76970;sub_76970;sub_6E828;sub_76970;sub_76970;PLT:_ZdaPv;sub_31B3C,__strlen_chk;_ZdaPv;__stack_chk_fail,,,,4fc6be67f6719799a6240644e870eb9a5059dae7f0ab49c43577e849ff70a1cf,SUCCESS,Runtime_API_Wrapper,HIGH_CONFIDENCE,"Recovered 12 callees, 4 callers"
libKKMusicFX.so,sub_49478,0x49478,0x49478,464,.text,sub_49478,,False,False,False,2,0,sub_46F94;sub_4818C,,,,,,df5f559325b2b6d1e9b7c8511e0d8ffef128437b7d2d560cefe95c03f02f8009,LOCAL_CFG_RECOVERED,GeneralUtility,HYPOTHESIS,"Recovered 0 callees, 2 callers"
libKKMusicFX.so,sub_49648,0x49648,0x49648,508,.text,sub_49648,,False,False,False,4,0,sub_48184;sub_4F620;sub_5BBC8;sub_5BD60,,,,,,fc5a1484f0de9deb5c009982c14523c8c80d3bb3c646616d6f06e05d2fa3d560,LOCAL_CFG_RECOVERED,GeneralUtility,HYPOTHESIS,"Recovered 0 callees, 4 callers"
libKKMusicFX.so,sub_49844,0x49844,0x49844,376,.text,sub_49844,,False,False,False,1,0,sub_481BC,,,,,,cbb5f60c25df002350858cab1e190ebb77491ba6b69453b3a44d83941c3b0de4,LOCAL_CFG_RECOVERED,GeneralUtility,HYPOTHESIS,"Recovered 0 callees, 1 callers"
libKKMusicFX.so,sub_499BC,0x499bc,0x499bc,2548,.text,sub_499BC,,False,False,False,6,26,sub_481CC;sub_4BA84;sub_4C994;sub_4D0D8;sub_5A9C8;sub_5A9DC,sub_46BE8;sub_52258;sub_4736C;sub_76970;sub_46BE8;sub_46BE8;sub_46BE8;sub_76970,_ZdaPv;__stack_chk_fail;memcpy;__strlen_chk;_Znam,/Users/meitu/apollo-ws/source/JUCE/juce_core/text/juce_CharPointer_UTF8.h;nt;/Users/meitu/apollo-ws/source/JUCE/juce_core/text/juce_String.cpp,0x86398,,36074d2a714023b34854a821790901b20c007bb75b1e91d6afc94a37e114c70c,SUCCESS,Runtime_API_Wrapper,FACT,"Recovered 26 callees, 6 callers"
libKKMusicFX.so,sub_4A3B0,0x4a3b0,0x4a3b0,136,.text,sub_4A3B0,,False,False,False,2,0,sub_4A658;sub_4A690,,,,,,b13cc03ad45ffcdbf7da10b401a3d5f34b8e225da2c30245a8595b308bdd150b,LOCAL_CFG_RECOVERED,GeneralUtility,HYPOTHESIS,"Recovered 0 callees, 2 callers"
libKKMusicFX.so,sub_4A438,0x4a438,0x4a438,628,.text,sub_4A438,,False,False,False,6,0,sub_4A5AC;sub_4FA24;sub_4FA7C;sub_4FAD0;sub_4FB24;sub_4FB78,,,,,,faf9142c6fc6a28878346b9782d3b1b916e057e2a5d9e058de1ef051abbae465,LOCAL_CFG_RECOVERED,GeneralUtility,HYPOTHESIS,"Recovered 0 callees, 6 callers"
libKKMusicFX.so,sub_4A6AC,0x4a6ac,0x4a6ac,480,.text,sub_4A6AC,,False,False,False,16,0,sub_4A4D8;sub_4A4F8;sub_4A638;sub_4A818;sub_4A85C;sub_4A878;sub_4A8D0;sub_4A9BC,,,,,,4ee9c7f238473c95958d424e6043484052493516b06f3dfe0b527dcc64e180db,LOCAL_CFG_RECOVERED,GeneralUtility,HYPOTHESIS,"Recovered 0 callees, 16 callers"
libKKMusicFX.so,sub_4A88C,0x4a88c,0x4a88c,540,.text,sub_4A88C,,False,False,False,2,0,sub_4A850;sub_4AB30,,,,,,2a89cdea0a590c56019b90b9c7db3425f6445f4d1946ce01dffb5a23294d2f2c,LOCAL_CFG_RECOVERED,GeneralUtility,HYPOTHESIS,"Recovered 0 callees, 2 callers"
libKKMusicFX.so,sub_4AAA8,0x4aaa8,0x4aaa8,220,.text,sub_4AAA8,,False,False,False,5,0,sub_4DF78;sub_4DFA0;sub_4DFC4;sub_4DFE8;sub_4E00C,,,,,,046fe28dbd2a4d3a3af46f935f2aeb54b02e1c346c7af72ef5ae79a75cc1a901,LOCAL_CFG_RECOVERED,GeneralUtility,HYPOTHESIS,"Recovered 0 callees, 5 callers"
libKKMusicFX.so,sub_4AB84,0x4ab84,0x4ab84,1024,.text,sub_4AB84,,False,False,False,2,0,sub_4AC84;sub_5A9E8,,,,,,ca96fc973585f231ec68c35c2737d7cf4bdeb3e343af8a8fd952a4e0ced71a39,LOCAL_CFG_RECOVERED,GeneralUtility,HYPOTHESIS,"Recovered 0 callees, 2 callers"
libKKMusicFX.so,sub_4AF84,0x4af84,0x4af84,868,.text,sub_4AF84,,False,False,False,4,0,sub_4ABE8;sub_4B9F4;sub_4F454;sub_59834,,,,,,e2451917ec675724bd03a061e94e0dc826b28a0dc6db995ff24087902f17b3ab,LOCAL_CFG_RECOVERED,GeneralUtility,HYPOTHESIS,"Recovered 0 callees, 4 callers"
libKKMusicFX.so,sub_4B2E8,0x4b2e8,0x4b2e8,420,.text,sub_4B2E8,,False,False,False,2,0,sub_4CDC8;sub_4CE1C,,,,,,6a728fe29a4d8cd90d4133f8d87eb0a3429f0d6bc14b2c701a1821329f94f678,LOCAL_CFG_RECOVERED,GeneralUtility,HYPOTHESIS,"Recovered 0 callees, 2 callers"
libKKMusicFX.so,sub_4B48C,0x4b48c,0x4b48c,420,.text,sub_4B48C,,False,False,False,2,0,sub_4A834;sub_4AB14,,,,,,4303a69acc479afd9f9736492028c805a26345eb7eb543f79565d39c3bd10f5f,LOCAL_CFG_RECOVERED,GeneralUtility,HYPOTHESIS,"Recovered 0 callees, 2 callers"
libKKMusicFX.so,sub_4B630,0x4b630,0x4b630,144,.text,sub_4B630,,False,False,False,3,0,sub_4C8D0;sub_4C8D8;sub_4C8E0,,,,,,d77fec1a3d75b4d63f026a836f7b6b1582555b89bd3905baaa10a61686367c11,LOCAL_CFG_RECOVERED,GeneralUtility,HYPOTHESIS,"Recovered 0 callees, 3 callers"
libKKMusicFX.so,sub_4B6C0,0x4b6c0,0x4b6c0,772,.text,sub_4B6C0,,False,False,False,1,0,sub_4F4E0,,,,,,476820b3f3b05631e5459b7a083e6c80cd9546d002b1f6fbc649d92fc0a43955,LOCAL_CFG_RECOVERED,GeneralUtility,HYPOTHESIS,"Recovered 0 callees, 1 callers"
libKKMusicFX.so,sub_4B9C4,0x4b9c4,0x4b9c4,348,.text,sub_4B9C4,,False,False,False,1,14,sub_4E68C,sub_4AF84;sub_76970;sub_76940;sub_76970;PLT:_ZdaPv;sub_76970;PLT:_ZdaPv;sub_499BC,_ZdaPv;__stack_chk_fail,,,,3ec7fba02e22b7b7fb1e0af481136ff9ba0b8cbd073de44af6cf6ed31c655237,SUCCESS,Runtime_API_Wrapper,HIGH_CONFIDENCE,"Recovered 14 callees, 1 callers"
libKKMusicFX.so,sub_4BB20,0x4bb20,0x4bb20,112,.text,sub_4BB20,,False,False,False,1,0,sub_5A990,,,,,,8301ca80717f740231a6a5efc9d21026c9ab6e3fc04073c3b56e1bcfddd7312a,LOCAL_CFG_RECOVERED,GeneralUtility,HYPOTHESIS,"Recovered 0 callees, 1 callers"
libKKMusicFX.so,sub_4BB90,0x4bb90,0x4bb90,1460,.text,sub_4BB90,,False,False,False,1,20,sub_4ACA4,PLT:__strlen_chk;sub_46BE8;PLT:_Znam;PLT:memcpy;sub_76970;sub_31B3C;PLT:_Znam;INDIRECT:x8,_ZdaPv;free;__stack_chk_fail;memcpy;__strlen_chk;_Znam,/Users/meitu/apollo-ws/source/JUCE/juce_core/text/juce_CharPointer_UTF8.h,0x7fd10;0x86398;0x860e2;0x7fc48;0x13010,,75f089f7b088144b80abfc23ebdf0154d71dfcc473cb03050a4888a6be0f3bb5,SUCCESS,Runtime_API_Wrapper,FACT,"Recovered 20 callees, 1 callers"
libKKMusicFX.so,sub_4C144,0x4c144,0x4c144,356,.text,sub_4C144,,False,False,False,1,13,sub_5BCA4,PLT:access;PLT:stat;sub_4E820;sub_4C2A8;PLT:close;sub_76970;PLT:_ZdaPv;sub_76970,_ZdaPv;close;__stack_chk_fail;stat;access,,0x7f9d0;0x86398,,7c65208da171d8ef7e57f29bcdada4215be1b7261e97d8ee946fe5294026ca5a,SUCCESS,Runtime_API_Wrapper,HIGH_CONFIDENCE,"Recovered 13 callees, 1 callers"
libKKMusicFX.so,sub_4C2A8,0x4c2a8,0x4c2a8,724,.text,sub_4C2A8,,False,False,False,1,0,sub_4C204,,,,,,c9eb348ad61425b01dbaf6f15390337ab2693bae75fa49baf249e64b5ebe6c31,LOCAL_CFG_RECOVERED,GeneralUtility,HYPOTHESIS,"Recovered 0 callees, 1 callers"
libKKMusicFX.so,sub_4C57C,0x4c57c,0x4c57c,900,.text,sub_4C57C,,False,False,False,1,36,sub_4A56C,sub_47044;sub_769A0;sub_769A0;sub_76970;sub_76970;sub_46BE8;sub_6C960;sub_47250,_ZdaPv;_ZNSt6__ndk119__shared_weak_count14__release_weakEv;__stack_chk_fail,/Users/meitu/apollo-ws/source/JUCE/juce_core/containers/juce_ArrayBase.h,0x86398,,32f86f71ba27977800a2a0cf7ba0d673418316b20e7d23e5706bb978253caf16,SUCCESS,Runtime_API_Wrapper,FACT,"Recovered 36 callees, 1 callers"
libKKMusicFX.so,sub_4C900,0x4c900,0x4c900,2904,.text,sub_4C900,,False,False,False,1,72,sub_4F66C,sub_76970;sub_52ABC;sub_76970;sub_499BC;sub_76970;sub_76970;PLT:access;sub_76970,_ZdaPv;iswdigit;atoi;__stack_chk_fail;memcpy;__strlen_chk;_Znam;access,0123456789,0x86398,,fa0ed91a0ddf13c94fa4293cff8b10d597575fadf737d8790abe8e11ed72631b,SUCCESS,Runtime_API_Wrapper,FACT,"Recovered 72 callees, 1 callers"
libKKMusicFX.so,sub_4D458,0x4d458,0x4d458,312,.text,sub_4D458,,False,False,False,2,0,sub_45770;sub_4CA10,,,,,,8364fc06a07bd79021eea587014fa22259d802006e8dfb0b43983646d696558c,LOCAL_CFG_RECOVERED,GeneralUtility,HYPOTHESIS,"Recovered 0 callees, 2 callers"
libKKMusicFX.so,sub_4D590,0x4d590,0x4d590,752,.text,sub_4D590,,False,False,False,1,0,sub_4F608,,,,,,6445ba1f6e45a274dbfeb2f619a269cb12e9e63d5a34d19b48129fd4694630d6,LOCAL_CFG_RECOVERED,GeneralUtility,HYPOTHESIS,"Recovered 0 callees, 1 callers"
libKKMusicFX.so,sub_4D880,0x4d880,0x4d880,248,.text,sub_4D880,,False,False,False,1,0,sub_5BCF8,,,,,,e73e5fc7f83a6bed76eb5617148c126f259954baace7525b895a52afd1e9b504,LOCAL_CFG_RECOVERED,GeneralUtility,HYPOTHESIS,"Recovered 0 callees, 1 callers"
libKKMusicFX.so,sub_4D978,0x4d978,0x4d978,432,.text,sub_4D978,,False,False,False,1,0,sub_4CF60,,,,,,da8a478ceda558ce6c55534c9e694ebdc60068481d4c2c29845f6c8b07ff4edb,LOCAL_CFG_RECOVERED,GeneralUtility,HYPOTHESIS,"Recovered 0 callees, 1 callers"
libKKMusicFX.so,sub_4DB28,0x4db28,0x4db28,508,.text,sub_4DB28,,False,False,False,1,0,sub_4DD9C,,,,,,465276337a784ea446b82b990e38fb9b0522b2f82c0f665760c4bb1f792b1a78,LOCAL_CFG_RECOVERED,GeneralUtility,HYPOTHESIS,"Recovered 0 callees, 1 callers"
libKKMusicFX.so,sub_4DD24,0x4dd24,0x4dd24,400,.text,sub_4DD24,,False,False,False,1,0,sub_5AA50,,,,,,ac34cc31e435dff9a0c56ec9fecdb6bd004ef351c6504e8bc24e700a8f2c14e7,LOCAL_CFG_RECOVERED,GeneralUtility,HYPOTHESIS,"Recovered 0 callees, 1 callers"
libKKMusicFX.so,sub_4DEB4,0x4deb4,0x4deb4,1884,.text,sub_4DEB4,,False,False,False,1,0,sub_4DDAC,,,,,,fc487c1779d03faf80170ebafc337c1b31ef4e03127b83f5e49a307ad98f6f59,LOCAL_CFG_RECOVERED,GeneralUtility,HYPOTHESIS,"Recovered 0 callees, 1 callers"
libKKMusicFX.so,sub_4E610,0x4e610,0x4e610,316,.text,sub_4E610,,False,False,False,1,12,sub_45FF0,sub_4E74C;sub_76970;sub_4E74C;sub_4B9C4;sub_76970;PLT:_ZdaPv;PLT:_ZdaPv;sub_76970,_ZdaPv;__stack_chk_fail,,,,a316f15b033c59e319cdac77966e1f0ae128a23c5ca01d22197b9c26cadb4f59,SUCCESS,Runtime_API_Wrapper,HIGH_CONFIDENCE,"Recovered 12 callees, 1 callers"
libKKMusicFX.so,sub_4E74C,0x4e74c,0x4e74c,212,.text,sub_4E74C,,False,False,False,5,0,sub_45FB0;sub_4A4A0;sub_4A6D4;sub_4E640;sub_4E678,,,,,,b8dc7714cdfc7ab39666b14127a801a5f3d42f14e74543d9dc226791161cb8b4,LOCAL_CFG_RECOVERED,GeneralUtility,HYPOTHESIS,"Recovered 0 callees, 5 callers"
libKKMusicFX.so,sub_4E820,0x4e820,0x4e820,680,.text,sub_4E820,,False,False,False,2,0,sub_4A8C8;sub_4C1DC,,,,,,2fd55991045fa35ea7fa9fe093100f39d980baa37e76877cbc1436c9c1b1205f,LOCAL_CFG_RECOVERED,GeneralUtility,HYPOTHESIS,"Recovered 0 callees, 2 callers"
libKKMusicFX.so,sub_4EAC8,0x4eac8,0x4eac8,352,.text,sub_4EAC8,,False,False,False,2,0,sub_4A8E4;sub_4DD80,,,,,,9a4fe20a7ce900fece3deb8e7723f0be06825923cf84a2cb9803e54cda0944a0,LOCAL_CFG_RECOVERED,GeneralUtility,HYPOTHESIS,"Recovered 0 callees, 2 callers"
libKKMusicFX.so,sub_4EC28,0x4ec28,0x4ec28,460,.text,sub_4EC28,,False,False,False,1,14,sub_4EB74,PLT:access;PLT:open;PLT:__open_2;PLT:lseek;sub_59938;sub_76970;PLT:_ZdaPv;sub_59938,_ZdaPv;close;lseek;__stack_chk_fail;open;__open_2;access,,0x7fd10,,bb603755b9f40cd7d33458449e09167ed2cee006a1d58f62fdf12d89fea576af,SUCCESS,Runtime_API_Wrapper,HIGH_CONFIDENCE,"Recovered 14 callees, 1 callers"
libKKMusicFX.so,sub_4EDF4,0x4edf4,0x4edf4,1568,.text,sub_4EDF4,,False,False,False,7,44,sub_4A8F8;sub_4A97C;sub_4A9AC;sub_4AA80;sub_4DDA4;sub_4DE80;sub_4EF88,PLT:write;PLT:close;PLT:free;sub_76970;PLT:_ZdaPv;sub_76970;PLT:_ZdaPv;sub_76970,pthread_mutex_destroy;_ZdaPv;_ZdlPv;fsync;free;_Znwm;write;close,/Users/meitu/apollo-ws/source/JUCE/juce_core/files/juce_FileOutputStream.cpp,0x7f0ed;0x7fd10;0x7faa8,,758005e0b4164dbdc185b08eb362359f284a3e51f1e2e9962326f5f440b8be18,SUCCESS,Runtime_API_Wrapper,FACT,"Recovered 44 callees, 7 callers"
libKKMusicFX.so,sub_4F414,0x4f414,0x4f414,1296,.text,sub_4F414,,False,False,False,1,0,sub_4DD5C,,,,,,d1f824fc7a93171b39102caafe50aac881d0b4fce4e1b9c6d1cdc8e1c85b6b44,LOCAL_CFG_RECOVERED,GeneralUtility,HYPOTHESIS,"Recovered 0 callees, 1 callers"
libKKMusicFX.so,sub_4F924,0x4f924,0x4f924,184,.text,sub_4F924,,False,False,False,1,0,sub_4DE94,,,,,,c72e6871b388e8752f15e8e3bda7cbef0ee92858f2d6053c58d7ece191ccfff8,LOCAL_CFG_RECOVERED,GeneralUtility,HYPOTHESIS,"Recovered 0 callees, 1 callers"
libKKMusicFX.so,sub_4F9DC,0x4f9dc,0x4f9dc,500,.text,sub_4F9DC,,False,False,False,2,0,sub_4DDB8;sub_4F938,,,,,,6cc8e6312561dca620a95b897e34a6acd01750b9204c349eb403c8422d1859a8,LOCAL_CFG_RECOVERED,GeneralUtility,HYPOTHESIS,"Recovered 0 callees, 2 callers"
libKKMusicFX.so,sub_4FBD0,0x4fbd0,0x4fbd0,512,.text,sub_4FBD0,,False,False,False,1,0,sub_74464,,,,,,c4ed6474f11b94180ed86956ebff212f47391d94560befbf1b68c6f5e9fca274,LOCAL_CFG_RECOVERED,GeneralUtility,HYPOTHESIS,"Recovered 0 callees, 1 callers"
libKKMusicFX.so,sub_4FDD0,0x4fdd0,0x4fdd0,156,.text,sub_4FDD0,,False,False,False,3,6,sub_4FEF4;sub_5F014;sub_5F118,PLT:free;PLT:calloc;PLT:__cxa_allocate_exception;PLT:_ZNSt9bad_allocC1Ev;PLT:__cxa_throw;PLT:malloc,free;__cxa_throw;calloc;malloc;__cxa_allocate_exception;_ZNSt9bad_allocC1Ev,,,,cb0b29b54b2e66fc44c90fa6a3790f101562ac33ffba800d20699fcdc7e2b377,SUCCESS,Runtime_API_Wrapper,HIGH_CONFIDENCE,"Recovered 6 callees, 3 callers"
libKKMusicFX.so,sub_4FE6C,0x4fe6c,0x4fe6c,204,.text,sub_4FE6C,,False,False,False,15,0,sub_4C010;sub_4C09C;sub_4C398;sub_4C458;sub_50A2C;sub_50D88;sub_50F40;sub_512FC,,,,,,b5bd66becacffc7d7c9cab546c0970a89a355fc958977bbc5fa03147e79f4441,LOCAL_CFG_RECOVERED,GeneralUtility,HYPOTHESIS,"Recovered 0 callees, 15 callers"
libKKMusicFX.so,sub_4FF38,0x4ff38,0x4ff38,284,.text,sub_4FF38,,False,False,False,3,5,sub_52A54;sub_547D8;sub_6E8E4,PLT:_Znam;PLT:memcpy;sub_76970;PLT:_Znam;PLT:_ZdaPv,_ZdaPv;_Znam;memcpy,,,,6b54a76ce8471a2a6c0246f10574aabaa1ed0b3b687e4ad70e4754600de10420,SUCCESS,Runtime_API_Wrapper,HIGH_CONFIDENCE,"Recovered 5 callees, 3 callers"
libKKMusicFX.so,sub_50054,0x50054,0x50054,284,.text,sub_50054,,False,False,False,4,0,sub_47864;sub_478B0;sub_5C45C;sub_5C56C,,,,,,c5a42d51c330afb447c932762d03cd145778f7f8f013bd5223a5450da5413b08,LOCAL_CFG_RECOVERED,GeneralUtility,HYPOTHESIS,"Recovered 0 callees, 4 callers"
libKKMusicFX.so,sub_50170,0x50170,0x50170,3696,.text,sub_50170,,False,False,False,1,0,sub_47ECC,,,,,,0f6ee55e2eec404b4e549e565ef34401868ad187b85edd1c66449cca64cf7ffa,LOCAL_CFG_RECOVERED,GeneralUtility,HYPOTHESIS,"Recovered 0 callees, 1 callers"
libKKMusicFX.so,sub_50FE0,0x50fe0,0x50fe0,684,.text,sub_50FE0,,False,False,False,2,0,sub_3853C;sub_38D14,,,,,,6cff0df2a036cf68f4070cf4fa6e914960ae0bf6fd4319056a27bed8f9fe5a45,LOCAL_CFG_RECOVERED,GeneralUtility,HYPOTHESIS,"Recovered 0 callees, 2 callers"
libKKMusicFX.so,sub_5128C,0x5128c,0x5128c,212,.text,sub_5128C,,False,False,False,2,0,sub_38510;sub_38CD4,,,,,,6fd754cadfe8fe00c939aa81d77063cb3c9d24b0f00c17d7c27ddca41245833b,LOCAL_CFG_RECOVERED,GeneralUtility,HYPOTHESIS,"Recovered 0 callees, 2 callers"
libKKMusicFX.so,sub_51360,0x51360,0x51360,1268,.text,sub_51360,,False,False,False,10,23,sub_38760;sub_38780;sub_38D6C;sub_38DC4;sub_38E0C;sub_4C124;sub_4C55C;sub_50B2C,sub_4FE6C;PLT:free;sub_76970;PLT:_ZdaPv;sub_31B3C;sub_4FE6C;PLT:free;sub_76970,_ZdaPv;_ZdlPv;free;memset;__stack_chk_fail;memcpy,"g GetEnv()
;/Users/meitu/apollo-ws/source/JUCE/juce_core/streams/juce_MemoryOutputStream.cpp",0x7fd10;0x7f0ed;0x7f018;0x7fc48;0x7f0e4,,8e7dad079e183b08cce2f0fbfb7376f8a3872f94669f56698dd6040ac9beb98a,SUCCESS,Runtime_API_Wrapper,FACT,"Recovered 23 callees, 10 callers"
libKKMusicFX.so,sub_51854,0x51854,0x51854,2008,.text,sub_51854,,False,False,False,1,0,sub_4C438,,,,,,d252414bb03c3c8761a88d300ba3a979cd733f930d6c6e8c05030e4300b46bc5,LOCAL_CFG_RECOVERED,GeneralUtility,HYPOTHESIS,"Recovered 0 callees, 1 callers"
libKKMusicFX.so,sub_5202C,0x5202c,0x5202c,244,.text,sub_5202C,,False,False,False,1,0,sub_5204C,,,,,,873a5a65c54ef50c8de077f69c250b08a010125f16668fa71c112efc75256f80,LOCAL_CFG_RECOVERED,GeneralUtility,HYPOTHESIS,"Recovered 0 callees, 1 callers"
libKKMusicFX.so,sub_52120,0x52120,0x52120,232,.text,sub_52120,,False,False,False,1,6,sub_52054,sub_76970;PLT:_ZdaPv;PLT:free;sub_76970;PLT:_ZdaPv;PLT:free,_ZdaPv;free,,,,05a0abca8278bf24089d08c20a6905cfb4b7437bc4d50b2aa0201133a52858ef,SUCCESS,Runtime_API_Wrapper,HIGH_CONFIDENCE,"Recovered 6 callees, 1 callers"
libKKMusicFX.so,sub_52208,0x52208,0x52208,80,.text,sub_52208,,False,False,False,6,0,sub_38554;sub_3874C;sub_38D04;sub_38D4C;sub_38DE8;sub_38DFC,,,,,,290e7214b0d5db978b800dcefbb964f93ddf0075ff4afc401695aa997e728d47,LOCAL_CFG_RECOVERED,GeneralUtility,HYPOTHESIS,"Recovered 0 callees, 6 callers"
libKKMusicFX.so,sub_52258,0x52258,0x52258,436,.text,sub_52258,,False,False,False,21,0,sub_46C54;sub_46E54;sub_47CF4;sub_47E80;sub_48728;sub_487EC;sub_48A0C;sub_498DC,,,,,,3eb7f67c6456ae47858fbb2c7e5b14d969cbde353959e820805e91d8f9861221,LOCAL_CFG_RECOVERED,GeneralUtility,HYPOTHESIS,"Recovered 0 callees, 21 callers"
libKKMusicFX.so,sub_5240C,0x5240c,0x5240c,928,.text,sub_5240C,,False,False,False,1,0,sub_48BF0,,,,,,9c9142946e6ab81998bd3d7156c61f03408114550fc0172b0b56658e4594f72b,LOCAL_CFG_RECOVERED,GeneralUtility,HYPOTHESIS,"Recovered 0 callees, 1 callers"
libKKMusicFX.so,sub_527AC,0x527ac,0x527ac,60,.text,sub_527AC,,False,False,False,1,0,sub_38CE0,,,,,,4d964f821b112a94008fe8ae83242d8f308b05930c65f477a9cb212b2e0d0c0a,LOCAL_CFG_RECOVERED,GeneralUtility,HYPOTHESIS,"Recovered 0 callees, 1 callers"
libKKMusicFX.so,sub_527E8,0x527e8,0x527e8,544,.text,sub_527E8,,False,False,False,2,0,sub_527D4;sub_5BBB0,,,,,,e1d720932a78feb247404afc81b01ca08c35c6673fbb6ec567ec69c8e8c40696,LOCAL_CFG_RECOVERED,GeneralUtility,HYPOTHESIS,"Recovered 0 callees, 2 callers"
libKKMusicFX.so,sub_52A08,0x52a08,0x52a08,180,.text,sub_52A08,,False,False,False,13,6,sub_46E90;sub_46F1C;sub_4A2D8;sub_4BB54;sub_4CEDC;sub_4CFA4;sub_4CFCC;sub_4D004,PLT:__strlen_chk;sub_4FF38;PLT:memcpy;sub_46BE8;sub_46BE8;sub_31B3C,__strlen_chk;memcpy,/Users/meitu/apollo-ws/source/JUCE/juce_core/text/juce_String.cpp,,,46e66d7c8e0c94f5191ee6ada94af91d293e06c2a0284dbfd585cd87fca6eaf5,SUCCESS,Runtime_API_Wrapper,FACT,"Recovered 6 callees, 13 callers"
libKKMusicFX.so,sub_52ABC,0x52abc,0x52abc,364,.text,sub_52ABC,,False,False,False,13,13,sub_45EA0;sub_46E64;sub_47B74;sub_47F44;sub_48738;sub_48A1C;sub_4977C;sub_4C968,PLT:__strlen_chk;sub_52A08;sub_76970;sub_76940;sub_76970;sub_52ABC;sub_76970;PLT:_ZdaPv,__strlen_chk;_ZdaPv;__stack_chk_fail,,,,b1d92948ec082cbbb589f8f2cf2a72faaea5b9d88123a01c1756253c19740035,SUCCESS,Runtime_API_Wrapper,HIGH_CONFIDENCE,"Recovered 13 callees, 13 callers"
libKKMusicFX.so,sub_52C28,0x52c28,0x52c28,420,.text,sub_52C28,,False,False,False,2,0,sub_49090;sub_502D8,,,,,,1623e94927569a3663e3676431fba42a73b56fc23b6942cc86aeb523a20d9d35,LOCAL_CFG_RECOVERED,GeneralUtility,HYPOTHESIS,"Recovered 0 callees, 2 callers"
libKKMusicFX.so,sub_52DCC,0x52dcc,0x52dcc,772,.text,sub_52DCC,,False,False,False,2,0,sub_4643C;sub_53064,,,,,,9863f71e09bc5ffb7846c0345b8c2a3851983263cbc04343bf188e05fdd56a19,LOCAL_CFG_RECOVERED,GeneralUtility,HYPOTHESIS,"Recovered 0 callees, 2 callers"
libKKMusicFX.so,sub_530D0,0x530d0,0x530d0,884,.text,sub_530D0,,False,False,False,2,0,sub_50300;sub_503CC,,,,,,8835ee8063607458f7c433f9c1a9e4e94d06057b38306237c3a43bf40d7c4f69,LOCAL_CFG_RECOVERED,GeneralUtility,HYPOTHESIS,"Recovered 0 callees, 2 callers"
libKKMusicFX.so,sub_53444,0x53444,0x53444,1172,.text,sub_53444,,False,False,False,2,9,sub_5A4C0;sub_5B60C,sub_76970;PLT:_Znam;PLT:_Znam;PLT:memcpy;sub_76970;PLT:_ZdaPv;sub_76970;PLT:_ZdaPv,_ZdaPv;_Znam;memcpy,,,,6900e3083658a0f9f4b308be390d84945e4378461125dd6eca581a7a75ae3521,SUCCESS,Runtime_API_Wrapper,HIGH_CONFIDENCE,"Recovered 9 callees, 2 callers"
libKKMusicFX.so,sub_538D8,0x538d8,0x538d8,492,.text,sub_538D8,,False,False,False,2,0,sub_4D4B8;sub_4D8C0,,,,,,b1bc9ce44e5a425be4b4038e839dc594ca42ceaae556453cb7631ee136872112,LOCAL_CFG_RECOVERED,GeneralUtility,HYPOTHESIS,"Recovered 0 callees, 2 callers"
libKKMusicFX.so,sub_53AC4,0x53ac4,0x53ac4,384,.text,sub_53AC4,,False,False,False,2,0,sub_45A7C;sub_45AC8,,,,,,3ff3a9006b3bd430b1f05ed5773d7e391271670d1ac6852fe1e462e74ea6fcc0,LOCAL_CFG_RECOVERED,GeneralUtility,HYPOTHESIS,"Recovered 0 callees, 2 callers"
libKKMusicFX.so,sub_53C44,0x53c44,0x53c44,344,.text,sub_53C44,,False,False,False,1,0,sub_5A97C,,,,,,0d9be54659f839c30ed7ee33b64dd56ce7453df0d2231985c08def2e6917fddb,LOCAL_CFG_RECOVERED,GeneralUtility,HYPOTHESIS,"Recovered 0 callees, 1 callers"
libKKMusicFX.so,sub_53D9C,0x53d9c,0x53d9c,472,.text,sub_53D9C,,False,False,False,2,0,sub_4E7A4;sub_51B38,,,,,,9db51f880f94e246714d03e0f8f7ce99d23121c29a27c283929f6e8831458f72,LOCAL_CFG_RECOVERED,GeneralUtility,HYPOTHESIS,"Recovered 0 callees, 2 callers"
libKKMusicFX.so,sub_53F74,0x53f74,0x53f74,156,.text,sub_53F74,,False,False,False,2,0,sub_3854C;sub_38D20,,,,,,e117d604d2482c3d164022f1911a4f48fc629d5bc17013cbf4508f1c7c1f0eec,LOCAL_CFG_RECOVERED,GeneralUtility,HYPOTHESIS,"Recovered 0 callees, 2 callers"
libKKMusicFX.so,sub_54010,0x54010,0x54010,1144,.text,sub_54010,,False,False,False,1,14,sub_38CEC,INDIRECT:x8;PLT:__stack_chk_fail;INDIRECT:x9;PLT:__stack_chk_fail;INDIRECT:x8;PLT:__stack_chk_fail;INDIRECT:x8;PLT:__stack_chk_fail,__stack_chk_fail,,,,2bc7c819ad86d112fa8ac75f3641d21c17a96af9eb7aacab5283ee269ee5bd12,SUCCESS,Runtime_API_Wrapper,HIGH_CONFIDENCE,"Recovered 14 callees, 1 callers"
libKKMusicFX.so,sub_54488,0x54488,0x54488,404,.text,sub_54488,,False,False,False,1,0,sub_478D0,,,,,,2af9835960d555d9f0a7f53a99077184ed026d2ff5a34e0fa63c7b51cd92fa96,LOCAL_CFG_RECOVERED,GeneralUtility,HYPOTHESIS,"Recovered 0 callees, 1 callers"
libKKMusicFX.so,sub_5461C,0x5461c,0x5461c,996,.text,sub_5461C,,False,False,False,1,0,sub_47938,,,,,,bd4caca12e324e190f8eb04c942b5ea4729d82ad0e656c00af0be0c0b4fb6ad7,LOCAL_CFG_RECOVERED,GeneralUtility,HYPOTHESIS,"Recovered 0 callees, 1 callers"
libKKMusicFX.so,sub_54A00,0x54a00,0x54a00,868,.text,sub_54A00,,False,False,False,1,0,sub_45880,,,,,,c197aed7617f3c4fc0ab88af6ed27d00f2be18db4bca48feeb89b28b01851649,LOCAL_CFG_RECOVERED,GeneralUtility,HYPOTHESIS,"Recovered 0 callees, 1 callers"
libKKMusicFX.so,sub_54D64,0x54d64,0x54d64,300,.text,sub_54D64,,False,False,False,1,0,sub_3852C,,,,,,004224b91f148ee36e1d0c52d91c161c2324529a3d9a0eba4c8125ba0ec301cf,LOCAL_CFG_RECOVERED,GeneralUtility,HYPOTHESIS,"Recovered 0 callees, 1 callers"
libKKMusicFX.so,sub_54E90,0x54e90,0x54e90,1716,.text,sub_54E90,,False,False,False,1,0,sub_38CF8,,,,,,a69a3a4ba56c436d83f24b57d150f5f60030b993eb846a6310d582a96dd39324,LOCAL_CFG_RECOVERED,GeneralUtility,HYPOTHESIS,"Recovered 0 callees, 1 callers"
libKKMusicFX.so,sub_55544,0x55544,0x55544,568,.text,sub_55544,,False,False,False,3,0,sub_71B2C;sub_71D60;sub_71E4C,,,,,,f9963edcecf19cc1d07f2860d32bea9c715ba2b48be96770e1f989721506d82b,LOCAL_CFG_RECOVERED,GeneralUtility,HYPOTHESIS,"Recovered 0 callees, 3 callers"
libKKMusicFX.so,sub_5577C,0x5577c,0x5577c,816,.text,sub_5577C,,False,False,False,2,0,sub_57FDC;sub_5855C,,,,,,f44e39c47b528a94b5ecec9540184c5b455a19eafe48338312f25b899988ba6c,LOCAL_CFG_RECOVERED,GeneralUtility,HYPOTHESIS,"Recovered 0 callees, 2 callers"
libKKMusicFX.so,sub_55AAC,0x55aac,0x55aac,784,.text,sub_55AAC,,False,False,False,10,0,sub_56AC4;sub_56E20;sub_56FB0;sub_57AD8;sub_57BC8;sub_57CB4;sub_57D58;sub_57E1C,,,,,,3507392915fe34891130a8c47f70f004c654f62c983821432ec8124b8da5812d,LOCAL_CFG_RECOVERED,GeneralUtility,HYPOTHESIS,"Recovered 0 callees, 10 callers"
libKKMusicFX.so,sub_55DBC,0x55dbc,0x55dbc,2912,.text,sub_55DBC,,False,False,False,1,0,sub_58160,,,,,,0596f13b253bcd86acede5960e0593cf243f050f05713e5f177cd3d29a7d65d9,LOCAL_CFG_RECOVERED,GeneralUtility,HYPOTHESIS,"Recovered 0 callees, 1 callers"
libKKMusicFX.so,sub_5691C,0x5691c,0x5691c,4096,.text,sub_5691C,,False,False,False,1,0,sub_593D4,,,,,,aee5553e74072a7baa559bd16e077f9d911c9128ed02fac0c4252f89e5eaf5f7,LOCAL_CFG_RECOVERED,GeneralUtility,HYPOTHESIS,"Recovered 0 callees, 1 callers"
libKKMusicFX.so,sub_58638,0x58638,0x58638,1928,.text,sub_58638,,False,False,False,3,1,sub_571A8;sub_57654;sub_57B64,PLT:__stack_chk_fail,__stack_chk_fail,,,,8d4b82514baef12e028f292cb84389f638f804dd8649474fc8765b577f55a79b,SUCCESS,Runtime_API_Wrapper,HIGH_CONFIDENCE,"Recovered 1 callees, 3 callers"
libKKMusicFX.so,sub_58DC0,0x58dc0,0x58dc0,344,.text,sub_58DC0,,False,False,False,1,0,sub_584C0,,,,,,7b9e8a1e09fccaedd3c56f0b6098ed8af9acea3d1bd2dab7a883eb6e3f69d4a7,LOCAL_CFG_RECOVERED,GeneralUtility,HYPOTHESIS,"Recovered 0 callees, 1 callers"
libKKMusicFX.so,sub_58F18,0x58f18,0x58f18,216,.text,sub_58F18,,False,False,False,1,0,sub_5A6C0,,,,,,fa3814e12ec1af014c76e793a998f34005e5e5282d2ae2bf1b2c638a62613646,LOCAL_CFG_RECOVERED,GeneralUtility,HYPOTHESIS,"Recovered 0 callees, 1 callers"
libKKMusicFX.so,sub_58FF0,0x58ff0,0x58ff0,424,.text,sub_58FF0,,False,False,False,2,0,sub_58F90;sub_59558,,,,,,6137c78300f2ef65f9692ec3af2d59278f54a567682f5464d99435d71ba95e96,LOCAL_CFG_RECOVERED,GeneralUtility,HYPOTHESIS,"Recovered 0 callees, 2 callers"
libKKMusicFX.so,sub_59198,0x59198,0x59198,96,.text,sub_59198,,False,False,False,2,0,sub_58FD0;sub_58FE4,,,,,,abd1275150e5e6f99addf219462d83cf99490838ae19a5ad9a7200e8d5c4f9c8,LOCAL_CFG_RECOVERED,GeneralUtility,HYPOTHESIS,"Recovered 0 callees, 2 callers"
libKKMusicFX.so,sub_591F8,0x591f8,0x591f8,1036,.text,sub_591F8,,False,False,False,3,0,sub_592D0;sub_5A780;sub_5B158,,,,,,5647687d70b3a0f8a7de505153788008d721d0e7255c638c0fb031ea74a40c67,LOCAL_CFG_RECOVERED,GeneralUtility,HYPOTHESIS,"Recovered 0 callees, 3 callers"
libKKMusicFX.so,sub_59604,0x59604,0x59604,136,.text,sub_59604,,False,False,False,1,0,sub_5E720,,,,,,7879a65e82e5f581b2b1a61bc365f7881f8243c64442bf588468716be014c0bc,LOCAL_CFG_RECOVERED,GeneralUtility,HYPOTHESIS,"Recovered 0 callees, 1 callers"
libKKMusicFX.so,sub_5968C,0x5968c,0x5968c,684,.text,sub_5968C,,False,False,False,3,17,sub_4A840;sub_4AB20;sub_598BC,PLT:access;PLT:stat;PLT:access;sub_4AF84;sub_76970;sub_76940;sub_76970;PLT:_ZdaPv,stat;_ZdaPv;__stack_chk_fail;access,,,,70983af70fd2aed230b5a4bd9453a0cd04337c7dda8dfec8b1df21873f2c531e,SUCCESS,Runtime_API_Wrapper,HIGH_CONFIDENCE,"Recovered 17 callees, 3 callers"
libKKMusicFX.so,sub_59938,0x59938,0x59938,540,.text,sub_59938,,False,False,False,11,0,sub_4AE7C;sub_4DBE0;sub_4DCE0;sub_4E598;sub_4E8C8;sub_4ECC4;sub_4ED2C;sub_4EF34,,,,,,07309125238eb1e1e53575fa55865a5d6104b51b3a598a405207db3776407d8b,LOCAL_CFG_RECOVERED,GeneralUtility,HYPOTHESIS,"Recovered 0 callees, 11 callers"
libKKMusicFX.so,sub_59B54,0x59b54,0x59b54,360,.text,sub_59B54,,False,False,False,2,0,sub_4AA88;sub_4C284,,,,,,b54caeae40b89fdd934bede3f11fc1ca64790485fde79061d28b3108f4d98f22,LOCAL_CFG_RECOVERED,GeneralUtility,HYPOTHESIS,"Recovered 0 callees, 2 callers"
libKKMusicFX.so,sub_59CBC,0x59cbc,0x59cbc,184,.text,sub_59CBC,,False,False,False,1,0,sub_46B34,,,,,,ec8ab9d4da83d1feea5b01000d6921fdaaf8bba94e6442c71e544b3d1040f242,LOCAL_CFG_RECOVERED,GeneralUtility,HYPOTHESIS,"Recovered 0 callees, 1 callers"
libKKMusicFX.so,sub_59D74,0x59d74,0x59d74,824,.text,sub_59D74,,False,False,False,1,0,sub_45D64,,,,,,590385f64e0a59aa0f597708fc5829be10695e40220a0c36985929ef5cdf5044,LOCAL_CFG_RECOVERED,GeneralUtility,HYPOTHESIS,"Recovered 0 callees, 1 callers"
libKKMusicFX.so,sub_5A0AC,0x5a0ac,0x5a0ac,684,.text,sub_5A0AC,,False,False,False,86,0,sub_72EEC;sub_72F40;sub_72FA0;sub_73000;sub_73060;sub_730BC;sub_73118;sub_73174,,,,,,cf24280fc216109c0d31b2d7794a98efa65d72f902a31445bde53aed18242be0,LOCAL_CFG_RECOVERED,GeneralUtility,HYPOTHESIS,"Recovered 0 callees, 86 callers"
libKKMusicFX.so,sub_5A358,0x5a358,0x5a358,3668,.text,sub_5A358,,False,False,False,1,0,sub_5C208,,,,,,3563e4e7f78a3335b22bdf39537b3846c0744521da7168cd6a576786f7b5ee2f,LOCAL_CFG_RECOVERED,GeneralUtility,HYPOTHESIS,"Recovered 0 callees, 1 callers"
libKKMusicFX.so,sub_5B1AC,0x5b1ac,0x5b1ac,164,.text,sub_5B1AC,,False,False,False,2,0,sub_5AA6C;sub_5AA7C,,,,,,e20ef4b46e7258b7b8eb9d602ca39eab56c7e1165250639eb3df909cca5fa05d,LOCAL_CFG_RECOVERED,GeneralUtility,HYPOTHESIS,"Recovered 0 callees, 2 callers"
libKKMusicFX.so,sub_5B250,0x5b250,0x5b250,640,.text,sub_5B250,,False,False,False,13,0,sub_5A10C;sub_5A118;sub_5A144;sub_5A150;sub_5A194;sub_5A1A0;sub_5A1DC;sub_5A1E8,,,,,,dab68426cf4a74cbb7235a739d53564754fbae30979bcab8c3c049adb611cb9e,LOCAL_CFG_RECOVERED,GeneralUtility,HYPOTHESIS,"Recovered 0 callees, 13 callers"
libKKMusicFX.so,sub_5B4D0,0x5b4d0,0x5b4d0,924,.text,sub_5B4D0,,False,False,False,3,0,sub_5A5D0;sub_5A604;sub_5AB8C,,,,,,705239ddcc33cc8c92d76eb9ff32bc81d69e09e89c4ad5b4b302f6a0d813214f,LOCAL_CFG_RECOVERED,GeneralUtility,HYPOTHESIS,"Recovered 0 callees, 3 callers"
libKKMusicFX.so,sub_5B86C,0x5b86c,0x5b86c,156,.text,sub_5B86C,,False,False,False,2,0,sub_5A890;sub_5C708,,,,,,bfc7542f5d76c7d852d842f431fbf9593fb0aa02d449d3296534db18f2893674,LOCAL_CFG_RECOVERED,GeneralUtility,HYPOTHESIS,"Recovered 0 callees, 2 callers"
libKKMusicFX.so,sub_5B908,0x5b908,0x5b908,176,.text,sub_5B908,,False,False,False,1,0,sub_5AAAC,,,,,,372745e9465312e5ae191753d652a636534e066923648ff3c92945fc57f17c87,LOCAL_CFG_RECOVERED,GeneralUtility,HYPOTHESIS,"Recovered 0 callees, 1 callers"
libKKMusicFX.so,sub_5B9B8,0x5b9b8,0x5b9b8,156,.text,sub_5B9B8,,False,False,False,26,0,sub_5AAB4;sub_5B00C;sub_5B174;sub_5B184;sub_5B7C0;sub_5C880;sub_5C894;sub_5C89C,,,,,,76ad1df306d8b3e9b0bdda447448ce40bcfbb7a3ca9b3c121e4a53ff5e1f14c3,LOCAL_CFG_RECOVERED,GeneralUtility,HYPOTHESIS,"Recovered 0 callees, 26 callers"
libKKMusicFX.so,sub_5BA54,0x5ba54,0x5ba54,156,.text,sub_5BA54,,False,False,False,1,6,sub_5B044,INDIRECT:x8;INDIRECT:x8;PLT:__stack_chk_fail;sub_46BE8;sub_31B3C;sub_31B3C,__stack_chk_fail,/Users/meitu/apollo-ws/source/JUCE/juce_core/native/juce_Threads_android.cpp,,,1a73634a20a552116a2c0241f8694f4f5c83c15a9b4321d6008829c13f215a84,SUCCESS,Runtime_API_Wrapper,FACT,"Recovered 6 callees, 1 callers"
libKKMusicFX.so,sub_5BAF0,0x5baf0,0x5baf0,1376,.text,sub_5BAF0,,False,False,False,1,0,sub_5A818,,,,,,ac4a38e9352bbc8839331b421018a0cfea78ff709e9db77d4edec4e851d5f99c,LOCAL_CFG_RECOVERED,GeneralUtility,HYPOTHESIS,"Recovered 0 callees, 1 callers"
libKKMusicFX.so,sub_5C050,0x5c050,0x5c050,156,.text,sub_5C050,,False,False,False,13,0,sub_5AABC;sub_5AAC4;sub_5AEC0;sub_5AED0;sub_5B18C;sub_5B84C;sub_5DB68;sub_6C198,,,,,,20e69a03d4eb9dae96e2c086ffe1f3e9f1f23497b8404a62b6abdb6fcc7e959f,LOCAL_CFG_RECOVERED,GeneralUtility,HYPOTHESIS,"Recovered 0 callees, 13 callers"
libKKMusicFX.so,sub_5C0EC,0x5c0ec,0x5c0ec,176,.text,sub_5C0EC,,False,False,False,6,0,sub_5B02C;sub_5C804;sub_5C82C;sub_5E340;sub_6D23C;sub_6D2B0,,,,,,0f86bec665b53d4b155869bea0c87376be1edbf1464a6da48064c0465219ae40,LOCAL_CFG_RECOVERED,GeneralUtility,HYPOTHESIS,"Recovered 0 callees, 6 callers"
libKKMusicFX.so,sub_5C19C,0x5c19c,0x5c19c,292,.text,sub_5C19C,,False,False,False,1,0,sub_5E5AC,,,,,,d54f327d582a16ad28dc1477a859d20ee721965d7f09db9df7b328d9cfb76469,LOCAL_CFG_RECOVERED,GeneralUtility,HYPOTHESIS,"Recovered 0 callees, 1 callers"
libKKMusicFX.so,sub_5C2C0,0x5c2c0,0x5c2c0,1532,.text,sub_5C2C0,,False,False,False,1,0,sub_5C938,,,,,,2665dc82f195ba8830fda2df83928fc0c802bdf44dfd51fb9903cae594ad7fa4,LOCAL_CFG_RECOVERED,GeneralUtility,HYPOTHESIS,"Recovered 0 callees, 1 callers"
libKKMusicFX.so,sub_5C8BC,0x5c8bc,0x5c8bc,288,.text,sub_5C8BC,,False,False,False,1,0,sub_5CA70,,,,,,259744ec7066fa1ce765ba74f34bfc859b739b54aa41508ee54bda18bdbbaf66,LOCAL_CFG_RECOVERED,GeneralUtility,HYPOTHESIS,"Recovered 0 callees, 1 callers"
libKKMusicFX.so,sub_5C9DC,0x5c9dc,0x5c9dc,356,.text,sub_5C9DC,,False,False,False,2,0,sub_5E0F0;sub_6D054,,,,,,e45dd48ce56f55ef3cbcdd0aeed5a38ffd8e15e3ec503f8975c054441329ab2e,LOCAL_CFG_RECOVERED,GeneralUtility,HYPOTHESIS,"Recovered 0 callees, 2 callers"
libKKMusicFX.so,sub_5CB40,0x5cb40,0x5cb40,1636,.text,sub_5CB40,,False,False,False,7,0,sub_5E29C;sub_610EC;sub_6C114;sub_6C210;sub_6D128;sub_6D350;sub_6D388,,,,,,1fef676b64b0520533efeb53ecc0c18b63810b2e471d8c588d08b4630f654a49,LOCAL_CFG_RECOVERED,GeneralUtility,HYPOTHESIS,"Recovered 0 callees, 7 callers"
libKKMusicFX.so,sub_5D1A4,0x5d1a4,0x5d1a4,436,.text,sub_5D1A4,,False,False,False,1,0,sub_5CFD4,,,,,,03478e1a53ddcfe63f0b81fd9f015da7f235353eaa0c4b4180a8742b338f5316,LOCAL_CFG_RECOVERED,GeneralUtility,HYPOTHESIS,"Recovered 0 callees, 1 callers"
libKKMusicFX.so,sub_5D358,0x5d358,0x5d358,348,.text,sub_5D358,,False,False,False,1,0,sub_5AE40,,,,,,f04ae1b1927d320a569ab3c8e945aa0de03a1b8a2a20d558427a1cc068f76759,LOCAL_CFG_RECOVERED,GeneralUtility,HYPOTHESIS,"Recovered 0 callees, 1 callers"
libKKMusicFX.so,sub_5D4B4,0x5d4b4,0x5d4b4,300,.text,sub_5D4B4,,False,False,False,6,0,sub_5DD14;sub_5E050;sub_6CF6C;sub_6D308;sub_6D5A4;sub_6DC88,,,,,,991320be11bca4e2e14e8d43adbf04ed950a7ce19a807ef067aa12ffdc8949e9,LOCAL_CFG_RECOVERED,GeneralUtility,HYPOTHESIS,"Recovered 0 callees, 6 callers"
libKKMusicFX.so,sub_5D5E0,0x5d5e0,0x5d5e0,1728,.text,sub_5D5E0,,False,False,False,1,0,sub_5DB78,,,,,,565a296e1419c62c65be4cd8f00468a874c00eb5c51b8e561605d28a94fb52be,LOCAL_CFG_RECOVERED,GeneralUtility,HYPOTHESIS,"Recovered 0 callees, 1 callers"
libKKMusicFX.so,sub_5DCA0,0x5dca0,0x5dca0,800,.text,sub_5DCA0,,False,False,False,1,34,sub_48D50,INDIRECT:x9;sub_46BE8;sub_5D4B4;sub_44054;INDIRECT:x8;INDIRECT:x8;INDIRECT:x8;INDIRECT:x8,_ZdaPv;__stack_chk_fail,/Users/meitu/apollo-ws/source/JUCE/juce_core/native/juce_Threads_android.cpp,0x86398,,8375a9c494c0bb01afb4da85d18da77823e60ad5eab9208139a7164843898090,SUCCESS,Runtime_API_Wrapper,FACT,"Recovered 34 callees, 1 callers"
libKKMusicFX.so,sub_5DFC0,0x5dfc0,0x5dfc0,1200,.text,sub_5DFC0,,False,False,False,1,47,sub_4F1BC,INDIRECT:x8;sub_46BE8;sub_5D4B4;PLT:_Znam;sub_5C9DC;sub_449BC;INDIRECT:x8;INDIRECT:x8,_ZdaPv;__cxa_atexit;__cxa_guard_release;__stack_chk_fail;__cxa_guard_acquire;_Znam,"android/media/MediaScannerConnection$MediaScannerConnectionClient;get the environment using GetEnv()
;/Users/meitu/apollo-ws/source/JUCE/juce_core/native/juce_Threads_android.cpp",0x81568;0x87c10;0x860b8;0x7feb0;0x869f0,,a6cffcd7def3513938dc38bc0d5f384ecc02dfe908b45eb19873fc98c70a7234,SUCCESS,Runtime_API_Wrapper,FACT,"Recovered 47 callees, 1 callers"
libKKMusicFX.so,JUCE_JNI_OnLoad,0x5e470,0x5e470,292,.text,JUCE_JNI_OnLoad,JUCE_JNI_OnLoad,True,False,False,0,9,,sub_46BE8;INDIRECT:x8;sub_46BE8;INDIRECT:x8;INDIRECT:x8;sub_46BE8;INDIRECT:x8;PLT:__stack_chk_fail,__stack_chk_fail,com/rmsl/juce/Java;/Users/meitu/apollo-ws/source/JUCE/juce_core/native/juce_Threads_android.cpp,,,0ea94a857895f1a760a4f0d39070eaef1a29e644827a79a07da9affe3704ea31,SUCCESS,Runtime_API_Wrapper,FACT,"Recovered 9 callees, 0 callers"
libKKMusicFX.so,sub_5E7E0,0x5e7e0,0x5e7e0,16,.text,sub_5E7E0,,False,False,False,3,1,sub_2F1BC;sub_2F708;sub_40D48,PLT:memset,memset,,,,f5f526983cd9edc871343d8132ff2feeb92f687bf0d32fd4cac8799e13b106b4,SUCCESS,Runtime_API_Wrapper,HIGH_CONFIDENCE,"Recovered 1 callees, 3 callers"
libKKMusicFX.so,sub_5E7F0,0x5e7f0,0x5e7f0,8,.text,sub_5E7F0,,False,False,False,1,0,sub_40F94,,,,,,38324af2269449b00d8593384292679ddbc97e0887b2ccf7754595fef2a6deac,LOCAL_CFG_RECOVERED,GeneralUtility,HYPOTHESIS,"Recovered 0 callees, 1 callers"
libKKMusicFX.so,sub_5E7F8,0x5e7f8,0x5e7f8,108,.text,sub_5E7F8,,False,False,False,2,0,sub_35D88;sub_35E20,,,,,,c640da156d0256f64fd83f6a8905ee46f5f641cd556f572e0d0167487cd4b836,LOCAL_CFG_RECOVERED,GeneralUtility,HYPOTHESIS,"Recovered 0 callees, 2 callers"
libKKMusicFX.so,sub_5E864,0x5e864,0x5e864,8,.text,sub_5E864,,False,False,False,1,0,sub_358BC,,,,,,aa2770206a2ece18e827ff7d3fc6aa9b9c68c0ad0ea4c9630f46fea5662292fd,LOCAL_CFG_RECOVERED,GeneralUtility,HYPOTHESIS,"Recovered 0 callees, 1 callers"
libKKMusicFX.so,sub_5E86C,0x5e86c,0x5e86c,328,.text,sub_5E86C,,False,False,False,1,5,sub_5EE50,sub_46BE8;sub_46BE8;PLT:sincosf;sub_46BE8;sub_46BE8,sincosf,/Users/meitu/apollo-ws/source/JUCE/juce_dsp/processors/juce_IIRFilter.cpp,,,ea2bb65cdb38c1a102bd9da50319a3340fe5eb9a53f9970e4d28febd0951c86e,SUCCESS,Runtime_API_Wrapper,FACT,"Recovered 5 callees, 1 callers"
libKKMusicFX.so,sub_5E9B4,0x5e9b4,0x5e9b4,192,.text,sub_5E9B4,,False,False,False,3,0,sub_31C98;sub_36B00;sub_36B78,,,,,,5b4c576c43744851a065c67a49e1a409ee01125d870dd1e238ffc6b360d23418,LOCAL_CFG_RECOVERED,GeneralUtility,HYPOTHESIS,"Recovered 0 callees, 3 callers"
libKKMusicFX.so,sub_5EA74,0x5ea74,0x5ea74,444,.text,sub_5EA74,,False,False,False,1,12,sub_36E90,PLT:_Znwm;sub_46BE8;sub_46BE8;sub_46BE8;PLT:tanf;sub_6FB5C;sub_76970;PLT:free,_ZdlPv;free;_Znwm;__stack_chk_fail;tanf,/Users/meitu/apollo-ws/source/JUCE/juce_dsp/processors/juce_IIRFilter.cpp;/Users/meitu/apollo-ws/source/JUCE/juce_core/memory/juce_ReferenceCountedObject.h,0x80078;0x81880,,2c90f9a52aee936596d23ae69fcad072434ce229482c373cd21477b122b3ad31,SUCCESS,Runtime_API_Wrapper,FACT,"Recovered 12 callees, 1 callers"
libKKMusicFX.so,sub_5EC30,0x5ec30,0x5ec30,452,.text,sub_5EC30,,False,False,False,1,0,sub_36FD0,,,,,,71213061504a4ff42e3f40465a4668dd430e286a5b6eb87481d0a83d02920270,LOCAL_CFG_RECOVERED,GeneralUtility,HYPOTHESIS,"Recovered 0 callees, 1 callers"
libKKMusicFX.so,sub_5EDF4,0x5edf4,0x5edf4,288,.text,sub_5EDF4,,False,False,False,1,0,sub_30798,,,,,,569e8ae6293e4c9026488c577fdc12aa6f84cb5afe6113525b61e94de6b80107,LOCAL_CFG_RECOVERED,GeneralUtility,HYPOTHESIS,"Recovered 0 callees, 1 callers"
libKKMusicFX.so,sub_5EF14,0x5ef14,0x5ef14,16,.text,sub_5EF14,,False,False,False,57,0,sub_31CC0;sub_31D08;sub_31EB8;sub_31EE8;sub_31F18;sub_31F48;sub_31F78;sub_31FA8,,,,,,afc1d7a4c17ba3e470abbcc6eacc618859697e75d3feb1fd597632163c4f9824,LOCAL_CFG_RECOVERED,GeneralUtility,HYPOTHESIS,"Recovered 0 callees, 57 callers"
libKKMusicFX.so,sub_5EF24,0x5ef24,0x5ef24,680,.text,sub_5EF24,,False,False,False,2,10,sub_5F30C;sub_5F4BC,sub_46BE8;sub_46BE8;sub_4FDD0;PLT:memcpy;PLT:free;PLT:memset;sub_4FDD0;PLT:free,memset;free;__stack_chk_fail;memcpy,/Users/meitu/apollo-ws/source/JUCE/juce_audio_basics/buffers/juce_AudioSampleBuffer.h,,,0dbd2828a0eeb5aa36b22c4fea023ae1951fec20bc799fc5190ddf1bef34e1d8,SUCCESS,Runtime_API_Wrapper,FACT,"Recovered 10 callees, 2 callers"
libKKMusicFX.so,sub_5F1CC,0x5f1cc,0x5f1cc,236,.text,sub_5F1CC,,False,False,False,1,9,sub_36008,sub_46BE8;sub_5F2B8;PLT:free;sub_76B64;PLT:_ZdlPv;PLT:_ZdlPv;PLT:_ZdlPv;PLT:free,_ZdlPv;free,/Users/meitu/apollo-ws/source/JUCE/juce_dsp/processors/juce_DelayLine.cpp,,,549247c2db290b980a97f5c892392a1987f67ac49e76d280666f35c1e903892a,SUCCESS,Runtime_API_Wrapper,FACT,"Recovered 9 callees, 1 callers"
libKKMusicFX.so,sub_5F2B8,0x5f2b8,0x5f2b8,256,.text,sub_5F2B8,,False,False,False,2,0,sub_36038;sub_5F240,,,,,,54e2f5f21fab346a58bb6d1a1614c55bc1708e5aa39fdec931685a87b83e5a51,LOCAL_CFG_RECOVERED,GeneralUtility,HYPOTHESIS,"Recovered 0 callees, 2 callers"
libKKMusicFX.so,sub_5F3B8,0x5f3b8,0x5f3b8,192,.text,sub_5F3B8,,False,False,False,1,0,sub_36084,,,,,,50fbd2e17c9f2be089a25d7802c1760dd567fdf98c038dd95016084e9a153f1c,LOCAL_CFG_RECOVERED,GeneralUtility,HYPOTHESIS,"Recovered 0 callees, 1 callers"
libKKMusicFX.so,sub_5F478,0x5f478,0x5f478,392,.text,sub_5F478,,False,False,False,1,0,sub_36054,,,,,,61ecd798fbd239fdb487dc19133eeec8127b0d7d92a2c8113af9d622c3ac9e76,LOCAL_CFG_RECOVERED,GeneralUtility,HYPOTHESIS,"Recovered 0 callees, 1 callers"
libKKMusicFX.so,sub_5F600,0x5f600,0x5f600,188,.text,sub_5F600,,False,False,False,2,0,sub_36070;sub_36210,,,,,,e37802ca1772be4be05be547ea203ba48ea3567c174fb04bb6bc88f4cb48f72d,LOCAL_CFG_RECOVERED,GeneralUtility,HYPOTHESIS,"Recovered 0 callees, 2 callers"
libKKMusicFX.so,sub_5F6BC,0x5f6bc,0x5f6bc,244,.text,sub_5F6BC,,False,False,False,1,0,sub_36170,,,,,,08f5c4e68a1e5ff642df4606d6cb6a532342e875b2437ec01215b165b41c1ead,LOCAL_CFG_RECOVERED,GeneralUtility,HYPOTHESIS,"Recovered 0 callees, 1 callers"
libKKMusicFX.so,sub_5F7B0,0x5f7b0,0x5f7b0,308,.text,sub_5F7B0,,False,False,False,1,0,sub_36158,,,,,,a00606c2808a5c0c360b8353a3f4a80893998e8e6414cd1ed771c4055446864f,LOCAL_CFG_RECOVERED,GeneralUtility,HYPOTHESIS,"Recovered 0 callees, 1 callers"
libKKMusicFX.so,sub_5F8E4,0x5f8e4,0x5f8e4,412,.text,sub_5F8E4,,False,False,False,2,0,sub_5F7E0;sub_5F870,,,,,,7f53bcba9e39e9137675d3efc00d65815630b314b14b39bba61d3c6a15a084de,LOCAL_CFG_RECOVERED,GeneralUtility,HYPOTHESIS,"Recovered 0 callees, 2 callers"
libKKMusicFX.so,sub_5FA80,0x5fa80,0x5fa80,212,.text,sub_5FA80,,False,False,False,1,0,sub_2DF6C,,,,,,29c476ff19b541fc146bd463bc3bbb27eedd44bffbd5d63d312c0c3d20509e38,LOCAL_CFG_RECOVERED,GeneralUtility,HYPOTHESIS,"Recovered 0 callees, 1 callers"
libKKMusicFX.so,sub_5FB54,0x5fb54,0x5fb54,32,.text,sub_5FB54,,False,False,False,2,0,sub_2E0D0;sub_2E120,,,,,,f51e90c2e94bc0671f72b6cabacde9b2477ea84efb16bc7c04daae06ac84e7bc,SUCCESS,GeneralUtility,HYPOTHESIS,"Recovered 0 callees, 2 callers"
libKKMusicFX.so,sub_5FB74,0x5fb74,0x5fb74,28,.text,sub_5FB74,,False,False,False,1,0,sub_2E01C,,,,,,5301d89408032c0318354f5895e62e1be4b1f4ba774e771e0544e817f3943533,LOCAL_CFG_RECOVERED,GeneralUtility,HYPOTHESIS,"Recovered 0 callees, 1 callers"
libKKMusicFX.so,sub_5FB90,0x5fb90,0x5fb90,92,.text,sub_5FB90,,False,False,False,1,2,sub_2DF84,sub_5FBEC;sub_31B3C,,,,,b062d28cad7872d86db2097ff74aa4787d180bcd8823aa0d7618997a4e7203ce,SUCCESS,GeneralUtility,HIGH_CONFIDENCE,"Recovered 2 callees, 1 callers"
libKKMusicFX.so,sub_5FBEC,0x5fbec,0x5fbec,4096,.text,sub_5FBEC,,False,False,False,1,0,sub_5FBBC,,,,,,24e61fe3082859298e9242b72ebf08fcd0df8a1d249d059021a4bd48e64373b4,LOCAL_CFG_RECOVERED,GeneralUtility,HYPOTHESIS,"Recovered 0 callees, 1 callers"
libKKMusicFX.so,sub_60FD4,0x60fd4,0x60fd4,176,.text,sub_60FD4,,False,False,False,1,0,sub_2E00C,,,,,,915f98c459be1523d94b5095a61159ecda5c7832d9694fbaf821aeb013a97ae1,LOCAL_CFG_RECOVERED,GeneralUtility,HYPOTHESIS,"Recovered 0 callees, 1 callers"
libKKMusicFX.so,sub_61084,0x61084,0x61084,4096,.text,sub_61084,,False,False,False,6,0,sub_5CB2C;sub_5E38C;sub_6BCA0;sub_6BD9C;sub_6D2B8;sub_6D488,,,,,,4f5ee95702870e53bf5ad3736a1303139a57d4d4ab0ed60f44c29b468c882eb3,LOCAL_CFG_RECOVERED,GeneralUtility,HYPOTHESIS,"Recovered 0 callees, 6 callers"
libKKMusicFX.so,sub_68B90,0x68b90,0x68b90,64,.text,sub_68B90,,False,False,False,1,0,sub_46A78,,,,,,51e3fa54b2cf42c4e120d28078f3deea9e6fc15efb43ee393b952ff0885dc63e,LOCAL_CFG_RECOVERED,GeneralUtility,HYPOTHESIS,"Recovered 0 callees, 1 callers"
libKKMusicFX.so,sub_68BD0,0x68bd0,0x68bd0,60,.text,sub_68BD0,,False,False,False,2,0,sub_46AB0;sub_471B8,,,,,,fec13ef54e509a5b271a07252b63e454ce33cf45e3de65322e9529c490d4b233,LOCAL_CFG_RECOVERED,GeneralUtility,HYPOTHESIS,"Recovered 0 callees, 2 callers"
libKKMusicFX.so,sub_68C0C,0x68c0c,0x68c0c,128,.text,sub_68C0C,,False,False,False,5,0,sub_46A30;sub_68BB0;sub_68C28;sub_68C34;sub_6E628,,,,,,4c36a28e6ba5751c31f4392c8ebee5d1946647ccafd7a34ad2b46a97000a3d49,LOCAL_CFG_RECOVERED,GeneralUtility,HYPOTHESIS,"Recovered 0 callees, 5 callers"
libKKMusicFX.so,sub_68C8C,0x68c8c,0x68c8c,340,.text,sub_68C8C,,False,False,False,1,0,sub_46A4C,,,,,,f114831758c4a38d790bed5134ca97a7577a036e3a23773d069766af1393869e,LOCAL_CFG_RECOVERED,GeneralUtility,HYPOTHESIS,"Recovered 0 callees, 1 callers"
libKKMusicFX.so,sub_68DE0,0x68de0,0x68de0,432,.text,sub_68DE0,,False,False,False,2,0,sub_5D200;sub_68DB0,,,,,,7cc6d5ef4c83088a5266f0026323218db796eb93aa105a8d53d6f5ac32d2af60,LOCAL_CFG_RECOVERED,GeneralUtility,HYPOTHESIS,"Recovered 0 callees, 2 callers"
libKKMusicFX.so,sub_68F90,0x68f90,0x68f90,356,.text,sub_68F90,,False,False,False,2,0,sub_4D498;sub_5BCBC,,,,,,08e3e5655176d09c9c894b7ebc848013badc641b06b0df2dd4359e0f5827ca1f,LOCAL_CFG_RECOVERED,GeneralUtility,HYPOTHESIS,"Recovered 0 callees, 2 callers"
libKKMusicFX.so,sub_690F4,0x690f4,0x690f4,1548,.text,sub_690F4,,False,False,False,7,0,sub_462B4;sub_4A80C;sub_4AC74;sub_4DEF8;sub_4F798;sub_68CFC;sub_68D14,,,,,,ed9009dcdd6b8ec82fc3f8fdee993c81cd1d1c00e72222bee735d261efd93965,LOCAL_CFG_RECOVERED,GeneralUtility,HYPOTHESIS,"Recovered 0 callees, 7 callers"
libKKMusicFX.so,sub_69700,0x69700,0x69700,4096,.text,sub_69700,,False,False,False,6,0,sub_6964C;sub_69670;sub_69E98;sub_69EC4;sub_69EF0;sub_69F1C,,,,,,c6b276e814daf08ae4b6d9c02cddc31a392c8345fec9701dcd6ba4f7cc406556,LOCAL_CFG_RECOVERED,GeneralUtility,HYPOTHESIS,"Recovered 0 callees, 6 callers"
libKKMusicFX.so,sub_6C960,0x6c960,0x6c960,1432,.text,sub_6C960,,False,False,False,1,0,sub_4C6D4,,,,,,722d16d03f70de39969f53350a5cee186f3c40dcae6b0d7f45f5847fe20db542,LOCAL_CFG_RECOVERED,GeneralUtility,HYPOTHESIS,"Recovered 0 callees, 1 callers"
libKKMusicFX.so,sub_6CEF8,0x6cef8,0x6cef8,1000,.text,sub_6CEF8,,False,False,False,1,44,sub_5E760,PLT:pthread_mutexattr_init;PLT:pthread_mutexattr_settype;PLT:pthread_mutex_init;PLT:pthread_mutexattr_destroy;sub_5D4B4;INDIRECT:x8;sub_46BE8;PLT:_Znam,_ZdaPv;pthread_mutexattr_settype;pthread_mutex_init;pthread_mutexattr_init;pthread_mutexattr_destroy;__stack_chk_fail;pthread_mutex_destroy;_Znam,"android/app/Application$ActivityLifecycleCallbacks;get the environment using GetEnv()
;/Users/meitu/apollo-ws/source/JUCE/juce_core/native/juce_Threads_android.cpp",0x81790,,373664b710169aa2268a7b992d94579da038c5bfc9d43c9c3a55cc077ae54b73,SUCCESS,Runtime_API_Wrapper,FACT,"Recovered 44 callees, 1 callers"
libKKMusicFX.so,sub_6D2E0,0x6d2e0,0x6d2e0,520,.text,sub_6D2E0,,False,False,False,1,26,sub_6D8EC,sub_5D4B4;INDIRECT:x8;sub_5CB40;INDIRECT:x8;sub_5CB40;INDIRECT:x8;sub_46BE8;INDIRECT:x8,pthread_mutex_destroy;__stack_chk_fail,/Users/meitu/apollo-ws/source/JUCE/juce_core/native/juce_Threads_android.cpp,,,1bb56aa6229c350e80aa15712a71cec5d7f5a52f498e3dc765679fef0a9edc3a,SUCCESS,Runtime_API_Wrapper,FACT,"Recovered 26 callees, 1 callers"
libKKMusicFX.so,sub_6D4E8,0x6d4e8,0x6d4e8,1860,.text,sub_6D4E8,,False,False,False,2,88,sub_6D138;sub_6D974,INDIRECT:x9;sub_46BE8;PLT:pthread_mutex_lock;INDIRECT:x8;INDIRECT:x8;sub_5D4B4;sub_6DC2C;INDIRECT:x8,_ZdaPv;_ZdlPv;pthread_mutex_unlock;__stack_chk_fail;pthread_mutex_lock,/Users/meitu/apollo-ws/source/JUCE/juce_core/native/juce_Threads_android.cpp,0x86398,,6257c2282c8313f1a17354921f637bb356d6bc61a0b43662e071d5472e39d2a1,SUCCESS,Runtime_API_Wrapper,FACT,"Recovered 88 callees, 2 callers"
libKKMusicFX.so,sub_6DC2C,0x6dc2c,0x6dc2c,1996,.text,sub_6DC2C,,False,False,False,1,91,sub_6D5AC,sub_5D4B4;INDIRECT:x8;sub_46BE8;sub_44054;sub_44054;PLT:_Znam;INDIRECT:x8;INDIRECT:x8,_ZdaPv;_ZdlPv;free;__cxa_atexit;__cxa_guard_release;__stack_chk_fail;__cxa_guard_acquire;_Znam,/Users/meitu/apollo-ws/source/JUCE/juce_core/memory/juce_ReferenceCountedObject.h;/Users/meitu/apollo-ws/source/JUCE/juce_core/native/juce_Threads_android.cpp,0x81880;0x86398;0x88508,,b39377e364105386c72590281d36745b60e1aa287cf9f61179bd3097fe464c01,SUCCESS,Runtime_API_Wrapper,FACT,"Recovered 91 callees, 1 callers"
libKKMusicFX.so,sub_6E3F8,0x6e3f8,0x6e3f8,520,.text,sub_6E3F8,,False,False,False,10,0,sub_47874;sub_47884;sub_478BC;sub_48BA0;sub_4A7C8;sub_4AACC;sub_6BEBC;sub_6BED0,,,,,,a7d78d1d11cb505da002ec765f68be34d22972e028b539020ba8881d64db340e,LOCAL_CFG_RECOVERED,GeneralUtility,HYPOTHESIS,"Recovered 0 callees, 10 callers"
libKKMusicFX.so,sub_6E600,0x6e600,0x6e600,552,.text,sub_6E600,,False,False,False,5,0,sub_45D04;sub_46364;sub_68BEC;sub_6E674;sub_6E7E8,,,,,,03d23c0d13b408e5caf7b1263ffb456928014d3b2f66bc7d2fae7fc934bc5ab9,LOCAL_CFG_RECOVERED,GeneralUtility,HYPOTHESIS,"Recovered 0 callees, 5 callers"
libKKMusicFX.so,sub_6E828,0x6e828,0x6e828,456,.text,sub_6E828,,False,False,False,1,0,sub_493BC,,,,,,4fb1b6a7f5d4f9d20d7a3e636f2cb4653b7a9f311d685b9b8354f563c1f901ec,LOCAL_CFG_RECOVERED,GeneralUtility,HYPOTHESIS,"Recovered 0 callees, 1 callers"
libKKMusicFX.so,sub_6E9F0,0x6e9f0,0x6e9f0,420,.text,sub_6E9F0,,False,False,False,7,0,sub_477E0;sub_47C20;sub_47D88;sub_47F18;sub_48950;sub_490A8;sub_503A4,,,,,,3dd61be6e2d8ddabe71f81dd42429a42e0c0d456bd22a800d5ddf43ae9e365fb,LOCAL_CFG_RECOVERED,GeneralUtility,HYPOTHESIS,"Recovered 0 callees, 7 callers"
libKKMusicFX.so,sub_6EB94,0x6eb94,0x6eb94,544,.text,sub_6EB94,,False,False,False,9,0,sub_47C00;sub_47D3C;sub_480E8;sub_4815C;sub_5B3B8;sub_5B408;sub_5B484;sub_6EA50,,,,,,2db3bdbfa18dd8fa53150e393a2121261621edb9ef57ca63f903c9a96b63b21c,LOCAL_CFG_RECOVERED,GeneralUtility,HYPOTHESIS,"Recovered 0 callees, 9 callers"
libKKMusicFX.so,sub_6EDB4,0x6edb4,0x6edb4,668,.text,sub_6EDB4,,False,False,False,2,0,sub_52C88;sub_52D8C,,,,,,9f58068151324d550a52e79dfacf17f896cebcf2cf8d0f3de8a781be4cf7ce3c,LOCAL_CFG_RECOVERED,GeneralUtility,HYPOTHESIS,"Recovered 0 callees, 2 callers"
libKKMusicFX.so,sub_6F050,0x6f050,0x6f050,392,.text,sub_6F050,,False,False,False,2,0,sub_4590C;sub_5DA78,,,,,,9614d7ebacd14e59ccc5901b9df08771a62674ac5122c155c8c2dadbffa12501,LOCAL_CFG_RECOVERED,GeneralUtility,HYPOTHESIS,"Recovered 0 callees, 2 callers"
libKKMusicFX.so,sub_6F1D8,0x6f1d8,0x6f1d8,464,.text,sub_6F1D8,,False,False,False,3,0,sub_45B00;sub_45BC8;sub_47904,,,,,,5a3e45769aec2cdfc34352ede878ddf8b3ed400a4abdc24f88f1b40e66b0a19f,LOCAL_CFG_RECOVERED,GeneralUtility,HYPOTHESIS,"Recovered 0 callees, 3 callers"
libKKMusicFX.so,sub_6F3A8,0x6f3a8,0x6f3a8,476,.text,sub_6F3A8,,False,False,False,1,0,sub_54524,,,,,,d7188dd1283b2aead123118771c0060bf6fab901def09921c2d8ded6b63efc16,LOCAL_CFG_RECOVERED,GeneralUtility,HYPOTHESIS,"Recovered 0 callees, 1 callers"
libKKMusicFX.so,sub_6F584,0x6f584,0x6f584,328,.text,sub_6F584,,False,False,False,1,0,sub_5A274,,,,,,ba1d2168218431b4556a0b8267fd07ae7a8fafd2100b8f9f984c1d210a118f17,LOCAL_CFG_RECOVERED,GeneralUtility,HYPOTHESIS,"Recovered 0 callees, 1 callers"
libKKMusicFX.so,sub_6F6CC,0x6f6cc,0x6f6cc,208,.text,sub_6F6CC,,False,False,False,87,0,sub_5E414;sub_61388;sub_61840;sub_61B78;sub_61CF0;sub_61EE8;sub_62060;sub_62358,,,,,,b5164baeba508c57ac25aceccaf6d15e9c85519011e0b0536935fc305a823330,LOCAL_CFG_RECOVERED,GeneralUtility,HYPOTHESIS,"Recovered 0 callees, 87 callers"
libKKMusicFX.so,sub_6F79C,0x6f79c,0x6f79c,304,.text,sub_6F79C,,False,False,False,1,0,sub_5ABF8,,,,,,4560b3b525d0f4e2c45cf472a5e7b209dc437b177a8b55a5dea76aabe656cd0b,LOCAL_CFG_RECOVERED,GeneralUtility,HYPOTHESIS,"Recovered 0 callees, 1 callers"
libKKMusicFX.so,sub_6F8CC,0x6f8cc,0x6f8cc,316,.text,sub_6F8CC,,False,False,False,1,0,sub_6F850,,,,,,ae963172cd8be5e4dd67926916340ade1630b883abac4111c6d4693bc5e4a7cb,LOCAL_CFG_RECOVERED,GeneralUtility,HYPOTHESIS,"Recovered 0 callees, 1 callers"
libKKMusicFX.so,sub_6FA08,0x6fa08,0x6fa08,60,.text,sub_6FA08,,False,False,False,3,0,sub_5D344;sub_6FA24;sub_6FA2C,,,,,,00a33b11613a0c93ed90b6db95c38bbf55a9cca90a7aab9215bcefd0ef1606a4,LOCAL_CFG_RECOVERED,GeneralUtility,HYPOTHESIS,"Recovered 0 callees, 3 callers"
libKKMusicFX.so,sub_6FA44,0x6fa44,0x6fa44,280,.text,sub_6FA44,,False,False,False,1,0,sub_5D7F0,,,,,,181a4ee3ebf69d13fc9d490f8eb7d45551a4187bdb6b36e6732017d61c5486c5,LOCAL_CFG_RECOVERED,GeneralUtility,HYPOTHESIS,"Recovered 0 callees, 1 callers"
libKKMusicFX.so,sub_6FB5C,0x6fb5c,0x6fb5c,360,.text,sub_6FB5C,,False,False,False,3,0,sub_5EB94;sub_5ED58;sub_5EE70,,,,,,59193fd2460f460f8cc87b7f74c4fe0236e30bbea72c5dcca86d609d452684e2,LOCAL_CFG_RECOVERED,GeneralUtility,HYPOTHESIS,"Recovered 0 callees, 3 callers"
libKKMusicFX.so,sub_6FCC4,0x6fcc4,0x6fcc4,280,.text,sub_6FCC4,,False,False,False,8,0,sub_6FC30;sub_6FC48;sub_6FC60;sub_6FC78;sub_6FC90;sub_6FEB0;sub_6FEC8;sub_6FEE0,,,,,,493eb9ddbbd2a38c6740e236562f5dbca485f2a2aa4a12c5da1e4d6b960314ce,LOCAL_CFG_RECOVERED,GeneralUtility,HYPOTHESIS,"Recovered 0 callees, 8 callers"
libKKMusicFX.so,sub_6FDDC,0x6fddc,0x6fddc,312,.text,sub_6FDDC,,False,False,False,1,0,sub_5E9F8,,,,,,7972bafdb33405c6dc5c7119e4326572519b3f074c572a907d0a8e48762addd0,LOCAL_CFG_RECOVERED,GeneralUtility,HYPOTHESIS,"Recovered 0 callees, 1 callers"
libKKMusicFX.so,sub_6FF14,0x6ff14,0x6ff14,444,.text,sub_6FF14,,False,False,False,2,0,sub_5F4DC;sub_5F50C,,,,,,a9d7e692e9ecc7197b653c3903d4f8fd06743b9f0a6cd1a41f1ee7b8f5d277b3,LOCAL_CFG_RECOVERED,GeneralUtility,HYPOTHESIS,"Recovered 0 callees, 2 callers"
libKKMusicFX.so,sub_700D0,0x700d0,0x700d0,444,.text,sub_700D0,,False,False,False,1,6,sub_5F53C,PLT:_Znwm;PLT:memset;PLT:memset;PLT:_ZdlPv;sub_2E498;sub_2E464,memset;_Znwm;_ZdlPv,,,,ffff80862a3e27b83acdba051c76173a23944eff22feefba872f897f5ea5b8e1,SUCCESS,Runtime_API_Wrapper,HIGH_CONFIDENCE,"Recovered 6 callees, 1 callers"
libKKMusicFX.so,sub_7028C,0x7028c,0x7028c,328,.text,sub_7028C,,False,False,False,1,0,sub_74F24,,,,,,6c560594723b62575f02e0c04cba726c9e3d48ade0961c82f98814e207b73f27,LOCAL_CFG_RECOVERED,GeneralUtility,HYPOTHESIS,"Recovered 0 callees, 1 callers"
libKKMusicFX.so,sub_703D4,0x703d4,0x703d4,280,.text,sub_703D4,,False,False,False,1,0,sub_702DC,,,,,,0c3f8e0f36ca96901cef4c24d099e7b17fca46294c162a521bce533288f78a4f,LOCAL_CFG_RECOVERED,GeneralUtility,HYPOTHESIS,"Recovered 0 callees, 1 callers"
libKKMusicFX.so,sub_704EC,0x704ec,0x704ec,2224,.text,sub_704EC,,False,False,False,2,0,sub_70308;sub_7096C,,,,,,4a5606dbf9f6dccecc79c900a3251ac509e64631f3b431accabc14e921a68af7,LOCAL_CFG_RECOVERED,GeneralUtility,HYPOTHESIS,"Recovered 0 callees, 2 callers"
libKKMusicFX.so,sub_70D9C,0x70d9c,0x70d9c,844,.text,sub_70D9C,,False,False,False,2,0,sub_70934;sub_7094C,,,,,,600abcdcdf761ee6116d8c719e967f19aadd5ad288c1daf66754108bfacfb926,LOCAL_CFG_RECOVERED,GeneralUtility,HYPOTHESIS,"Recovered 0 callees, 2 callers"
libKKMusicFX.so,sub_710E8,0x710e8,0x710e8,1316,.text,sub_710E8,,False,False,False,1,0,sub_70DF0,,,,,,cb62e8949ffbb7c279e9baf9bb47902fd203c67989cab31e479415fdd5749b4b,SUCCESS,GeneralUtility,HYPOTHESIS,"Recovered 0 callees, 1 callers"
libKKMusicFX.so,sub_7160C,0x7160c,0x7160c,268,.text,sub_7160C,,False,False,False,1,0,sub_703A4,,,,,,d6aa41783e9f6152d7d8653a0384805485bf8fa3a8fd2be76afd0ea1887ea0a8,LOCAL_CFG_RECOVERED,GeneralUtility,HYPOTHESIS,"Recovered 0 callees, 1 callers"
libKKMusicFX.so,sub_71718,0x71718,0x71718,720,.text,sub_71718,,False,False,False,2,0,sub_71668;sub_7169C,,,,,,e4b761cd91db7ab2855a223faa54d5ecaf901ff28875f43ce15f10e4074937fd,LOCAL_CFG_RECOVERED,GeneralUtility,HYPOTHESIS,"Recovered 0 callees, 2 callers"
libKKMusicFX.so,sub_719E8,0x719e8,0x719e8,240,.text,sub_719E8,,False,False,False,4,0,sub_716E8;sub_716F0;sub_71704;sub_7170C,,,,,,cd3b27e749852e3c9dce9e4602a8b3106f6122546dc78ba760cfc9e310dcaa95,LOCAL_CFG_RECOVERED,GeneralUtility,HYPOTHESIS,"Recovered 0 callees, 4 callers"
libKKMusicFX.so,sub_71AD8,0x71ad8,0x71ad8,1692,.text,sub_71AD8,,False,False,False,2,0,sub_71FB8;sub_72050,,,,,,7b5cbcc60c2faa9b9c4566992d87e8dca2a8c980487ec4fde371962ac3f6cec9,LOCAL_CFG_RECOVERED,GeneralUtility,HYPOTHESIS,"Recovered 0 callees, 2 callers"
libKKMusicFX.so,sub_72174,0x72174,0x72174,2264,.text,sub_72174,,False,False,False,10,0,sub_71B54;sub_71BAC;sub_71D94;sub_71E80;sub_721E0;sub_72208;sub_7222C;sub_72254,,,,,,6b8dfaeeae9e0e0c7b4abe75d8898959d67b414e3d222214aabf4911851fc489,LOCAL_CFG_RECOVERED,GeneralUtility,HYPOTHESIS,"Recovered 0 callees, 10 callers"
libKKMusicFX.so,sub_72A4C,0x72a4c,0x72a4c,736,.text,sub_72A4C,,False,False,False,4,6,sub_723B0;sub_72978;sub_7298C;sub_729A0,sub_46BE8;sub_46BE8;sub_46BE8;PLT:memmove;PLT:realloc;sub_46BE8,memmove;realloc,/Users/meitu/apollo-ws/source/JUCE/juce_core/containers/juce_ArrayBase.h;/Users/meitu/apollo-ws/source/JUCE/juce_core/maths/juce_MathsFunctions.h;g/String;Ljava/lang/String;[Ljava/lang/String;Ljava/lang/String;)Landroid/database/Cursor;,,,d35fa0f2db0373bbedd80b1aa097a6f9714c3b19a8eae421a77ffd38d9c6becb,SUCCESS,Runtime_API_Wrapper,FACT,"Recovered 6 callees, 4 callers"
libKKMusicFX.so,sub_72D2C,0x72d2c,0x72d2c,4096,.text,sub_72D2C,,False,False,False,1,0,sub_5FC6C,,,,,,5ad985804238215364910715b1f15a9f1365c223400abf55b068188744a6491e,LOCAL_CFG_RECOVERED,GeneralUtility,HYPOTHESIS,"Recovered 0 callees, 1 callers"
libKKMusicFX.so,sub_76240,0x76240,0x76240,204,.text,sub_76240,,False,False,False,22,0,sub_55560;sub_55578;sub_55590;sub_555A8;sub_555C0;sub_555D8;sub_555F0;sub_55608,,,,,,2b784e40724261a9a1f14661c0b4575cd7fbfae2870e0a6c25ddf2422bc099d1,LOCAL_CFG_RECOVERED,GeneralUtility,HYPOTHESIS,"Recovered 0 callees, 22 callers"
libKKMusicFX.so,sub_7630C,0x7630c,0x7630c,1588,.text,sub_7630C,,False,False,False,1,0,sub_76920,,,,,,10387e814a31fc83593cc1de43225f0663bae176a68957ec9149cfa81594af1b,LOCAL_CFG_RECOVERED,GeneralUtility,HYPOTHESIS,"Recovered 0 callees, 1 callers"
libKKMusicFX.so,sub_76940,0x76940,0x76940,48,.text,sub_76940,,False,False,False,10,0,sub_45EE0;sub_45F08;sub_463C8;sub_46C8C;sub_472E4;sub_4AC1C;sub_4BA28;sub_4F488,,,,,,ebbb5afcdc0a3144e319d86483016d41cbe1d36852d9247797f2bc71d2ccce72,LOCAL_CFG_RECOVERED,GeneralUtility,HYPOTHESIS,"Recovered 0 callees, 10 callers"
libKKMusicFX.so,sub_76970,0x76970,0x76970,48,.text,sub_76970,,False,False,False,435,0,sub_307D8;sub_307FC;sub_30E28;sub_30E50;sub_3104C;sub_31088;sub_31104;sub_31128,,,,,,e416e1f58eaca4b3b7fd3df6f1ac4811750744fad654e2ed9d91aa5882c8406b,LOCAL_CFG_RECOVERED,GeneralUtility,HYPOTHESIS,"Recovered 0 callees, 435 callers"
libKKMusicFX.so,sub_769A0,0x769a0,0x769a0,48,.text,sub_769A0,,False,False,False,3,0,sub_470F4;sub_4C5D8;sub_4C5F0,,,,,,cca0da52a19abdd58dc69d46238ebad9724bf42ad07357cd4eda3bcbdc75d6f9,LOCAL_CFG_RECOVERED,GeneralUtility,HYPOTHESIS,"Recovered 0 callees, 3 callers"
libKKMusicFX.so,sub_769D0,0x769d0,0x769d0,48,.text,sub_769D0,,False,False,False,16,0,sub_37E10;sub_37E28;sub_37FB8;sub_37FE8;sub_38018;sub_38298;sub_382E8;sub_38338,,,,,,1102b4dfe19ee8598eb9a8cc506d880a2bbcc1ccc65f640c263ecc3d0a3c3463,SUCCESS,GeneralUtility,HYPOTHESIS,"Recovered 0 callees, 16 callers"
libKKMusicFX.so,sub_76A00,0x76a00,0x76a00,48,.text,sub_76A00,,False,False,False,1,0,sub_4FD98,,,,,,9405a42075ab265907930d6a0fcd0614d3e6064910a8f71b01dfd128f2fc04f4,LOCAL_CFG_RECOVERED,GeneralUtility,HYPOTHESIS,"Recovered 0 callees, 1 callers"
libKKMusicFX.so,sub_76A30,0x76a30,0x76a30,308,.text,sub_76A30,,False,False,False,1,0,sub_76B98,,,,,,8c2fd3fc13df3c7767080dabac8016178301b8c100028e5cc4f1ca45aaa99cbf,LOCAL_CFG_RECOVERED,GeneralUtility,HYPOTHESIS,"Recovered 0 callees, 1 callers"
libKKMusicFX.so,sub_76B64,0x76b64,0x76b64,132,.text,sub_76B64,,False,False,False,134,0,sub_2E138;sub_2E2C8;sub_2E430;sub_2ECA8;sub_2F118;sub_2F28C;sub_2FEF4;sub_2FFC0,,,,,,5644202524db25a807a7502b70656ed9afdcf38a3de354eefccfd2f035958eee,LOCAL_CFG_RECOVERED,GeneralUtility,HYPOTHESIS,"Recovered 0 callees, 134 callers"
libKKMusicFX.so,sub_76BE8,0x76be8,0x76be8,244,.text,sub_76BE8,,False,False,False,1,0,sub_76BB0,,,,,,1f451cf4a249eaab716f82044cceeb7277a223213d75eb2b430a4d69e39145a7,LOCAL_CFG_RECOVERED,GeneralUtility,HYPOTHESIS,"Recovered 0 callees, 1 callers"
libKKMusicFX.so,sub_76CDC,0x76cdc,0x76cdc,168,.text,sub_76CDC,,False,False,False,2,2,sub_76A58;sub_76C18,PLT:memcpy;sub_776A4,memcpy,,0x819d8,,ad1efff02ce95e6da1e7cec612de259edf6463f17373962bfcdb34ccd8b1de43,SUCCESS,Runtime_API_Wrapper,HIGH_CONFIDENCE,"Recovered 2 callees, 2 callers"
libKKMusicFX.so,sub_76D84,0x76d84,0x76d84,124,.text,sub_76D84,,False,False,False,1,0,sub_76A90,,,,,,4d441efda420ba568434087b09280255a9b5a29e455fb5597f74fba9f33abb85,LOCAL_CFG_RECOVERED,GeneralUtility,HYPOTHESIS,"Recovered 0 callees, 1 callers"
libKKMusicFX.so,sub_76E00,0x76e00,0x76e00,20,.text,sub_76E00,,False,False,False,4,0,sub_76A60;sub_76A78;sub_76C20;sub_76C64,,,,,,1c64541c982977645f1fec7127f7a3f43b7a8d88c5629baccf12985f732c8634,LOCAL_CFG_RECOVERED,GeneralUtility,HYPOTHESIS,"Recovered 0 callees, 4 callers"
libKKMusicFX.so,sub_76E14,0x76e14,0x76e14,64,.text,sub_76E14,,False,False,False,2,0,sub_76A9C;sub_76C78,,,,,,df28132a0fc38017354cdacffd6d18ba0e38bcdd15acbf0bfadbf8fcff6ad7e7,LOCAL_CFG_RECOVERED,GeneralUtility,HYPOTHESIS,"Recovered 0 callees, 2 callers"
libKKMusicFX.so,sub_76E54,0x76e54,0x76e54,40,.text,sub_76E54,,False,False,False,2,0,sub_76B44;sub_76CD4,,,,,,f9de14cbcf391d91b5037c1ba5afcca9fc4f1176ffb7dca3a206ce9ed25ccd6b,LOCAL_CFG_RECOVERED,GeneralUtility,HYPOTHESIS,"Recovered 0 callees, 2 callers"
libKKMusicFX.so,sub_76E7C,0x76e7c,0x76e7c,400,.text,sub_76E7C,,False,False,False,3,0,sub_77794;sub_77A9C;sub_7A57C,,,,,,d6b12214b237909711ac5be491535e3eff8ede92f6af57ef967c102fdb403e8b,LOCAL_CFG_RECOVERED,GeneralUtility,HYPOTHESIS,"Recovered 0 callees, 3 callers"
libKKMusicFX.so,sub_7700C,0x7700c,0x7700c,1688,.text,sub_7700C,,False,False,False,2,0,sub_76F14;sub_7A354,,,,,,cc29829eb3da6716ae343bc0c473981e06b67131b17e1e76183a8e5b2ff20f67,LOCAL_CFG_RECOVERED,GeneralUtility,HYPOTHESIS,"Recovered 0 callees, 2 callers"
libKKMusicFX.so,sub_776A4,0x776a4,0x776a4,652,.text,sub_776A4,,False,False,False,1,0,sub_76D6C,,,,,,cc1589510da51fb9e68c073236c54f886d5ab15d89b493c56c05de796e7bfb84,LOCAL_CFG_RECOVERED,GeneralUtility,HYPOTHESIS,"Recovered 0 callees, 1 callers"
libKKMusicFX.so,sub_77930,0x77930,0x77930,288,.text,sub_77930,,False,False,False,1,0,sub_7757C,,,,,,abc01d19c947b6047a68d97d7d3d43be8c090c93e948a49fe5dbc1c3bbc43d7d,LOCAL_CFG_RECOVERED,GeneralUtility,HYPOTHESIS,"Recovered 0 callees, 1 callers"
libKKMusicFX.so,sub_77A50,0x77a50,0x77a50,1160,.text,sub_77A50,,False,False,False,1,0,sub_775D0,,,,,,6dd24d7d85519794bfa80e08618f8fd09fe5d35f42e432d56e9cac0a0d125922,LOCAL_CFG_RECOVERED,GeneralUtility,HYPOTHESIS,"Recovered 0 callees, 1 callers"
libKKMusicFX.so,sub_77ED8,0x77ed8,0x77ed8,3144,.text,sub_77ED8,,False,False,False,3,0,sub_777C4;sub_77ACC;sub_79F14,,,,,,b02d47056c17414f5d8b20e47ea9e69ca360642a9bfc35c8f7ec92989a0d15ba,LOCAL_CFG_RECOVERED,GeneralUtility,HYPOTHESIS,"Recovered 0 callees, 3 callers"
libKKMusicFX.so,sub_78B20,0x78b20,0x78b20,308,.text,sub_78B20,,False,False,False,1,0,sub_77AE4,,,,,,2128be8a686e1ba365a15f8dde81398dd821cdac21b5042d59837de07767a7eb,LOCAL_CFG_RECOVERED,GeneralUtility,HYPOTHESIS,"Recovered 0 callees, 1 callers"
libKKMusicFX.so,sub_78C54,0x78c54,0x78c54,528,.text,sub_78C54,,False,False,False,4,0,sub_77C6C;sub_77CBC;sub_77CE8;sub_77DD8,,,,,,3d21be0e4aaa0bc34cb66562b04c2d0e79b0de5af241e9028466788569d9f6f2,LOCAL_CFG_RECOVERED,GeneralUtility,HYPOTHESIS,"Recovered 0 callees, 4 callers"
libKKMusicFX.so,sub_78E64,0x78e64,0x78e64,908,.text,sub_78E64,,False,False,False,15,0,sub_76F3C;sub_76F5C;sub_76FA4;sub_76FC4;sub_7725C;sub_77FC8;sub_7A204;sub_7A228,,,,,,d7cc4aed6b7b3334215575832441c83369b7ba5ceb5c6ccecd0da25722b1d3dc,LOCAL_CFG_RECOVERED,GeneralUtility,HYPOTHESIS,"Recovered 0 callees, 15 callers"
libKKMusicFX.so,sub_791F0,0x791f0,0x791f0,456,.text,sub_791F0,,False,False,False,34,0,sub_76F78;sub_770BC;sub_7715C;sub_77178;sub_77FEC;sub_78078;sub_78124;sub_78150,,,,,,b816db531d96f1adce4708b8afc0567e3071c1e539ab3e7b46c5f8945bb4a239,LOCAL_CFG_RECOVERED,GeneralUtility,HYPOTHESIS,"Recovered 0 callees, 34 callers"
libKKMusicFX.so,sub_793B8,0x793b8,0x793b8,2492,.text,sub_793B8,,False,False,False,2,0,sub_77C98;sub_78CE4,,,,,,920cb0905d8eb512bdc9b63d5f09a874f242cf746b384215ec6e0548346c2d2a,LOCAL_CFG_RECOVERED,GeneralUtility,HYPOTHESIS,"Recovered 0 callees, 2 callers"
libKKMusicFX.so,sub_79D74,0x79d74,0x79d74,1032,.text,sub_79D74,,False,False,False,1,15,sub_77720,sub_7A29C;sub_7A464;PLT:pthread_rwlock_rdlock;PLT:pthread_rwlock_unlock;sub_7A29C;PLT:pthread_rwlock_unlock;sub_7A29C;PLT:memset,pthread_rwlock_unlock;free;malloc;memset;pthread_rwlock_wrlock;pthread_rwlock_rdlock;memcpy,,0x860f0;0x860db;0x86020,,efb0de8413d9e577e64fb365bf71be7d94e874d83b7fdd3d81fd83c33fffcf50,SUCCESS,Runtime_API_Wrapper,HIGH_CONFIDENCE,"Recovered 15 callees, 1 callers"
libKKMusicFX.so,sub_7A17C,0x7a17c,0x7a17c,288,.text,sub_7A17C,,False,False,False,2,0,sub_7A15C;sub_7A4AC,,,,,,b4a38cf1f83a8528338dc1d28160ebc54899b3ccfaa6253ac8ccd929f1827f75,LOCAL_CFG_RECOVERED,GeneralUtility,HYPOTHESIS,"Recovered 0 callees, 2 callers"
libKKMusicFX.so,sub_7A29C,0x7a29c,0x7a29c,456,.text,sub_7A29C,,False,False,False,3,6,sub_79DC4;sub_79EA8;sub_79EDC,sub_7700C;sub_78E64;sub_78E64;sub_791F0;sub_78E64;sub_78E64,,,,,485f5cc7d0a5c0f41d1bda61203039e432124616e303d4df4d5ecc80ed6317d1,SUCCESS,GeneralUtility,HIGH_CONFIDENCE,"Recovered 6 callees, 3 callers"
libKKMusicFX.so,sub_7A464,0x7a464,0x7a464,360,.text,sub_7A464,,False,False,False,1,0,sub_79DE8,,,,,,5cd2637ea9265fee978770240b7c41454cb5a7ecf6d7846794545b0860880df7,LOCAL_CFG_RECOVERED,GeneralUtility,HYPOTHESIS,"Recovered 0 callees, 1 callers"
libKKMusicFX.so,sub_7A5CC,0x7a5cc,0x7a5cc,444,.text,sub_7A5CC,,False,False,False,1,0,sub_7A4C4,,,,,,14febb4722fde5fec8179bb6c4b7335251e82e97da474f995c4b2cab2d31ca53,LOCAL_CFG_RECOVERED,GeneralUtility,HYPOTHESIS,"Recovered 0 callees, 1 callers"
libKKMusicFX.so,sub_7A788,0x7a788,0x7a788,156,.text,sub_7A788,,False,False,False,1,0,sub_76B80,,,,,,cf33b8b617a8c4c15b8d23f27384e6bcd78a5e31687a299b4d2c3e26914e22f6,SUCCESS,GeneralUtility,HYPOTHESIS,"Recovered 0 callees, 1 callers"
