Insn_Address_Hex,Caller_Function,Target_Address_Hex,Target_Name,Xref_Type
0x0009ecbc,.text,0x001326e0,__cxa_finalize@plt,BRANCH
0x0009eccc,.text,0x0012dcc8,__emutls_get_address+0x1ec,BRANCH
0x0009ecfc,.text,0x001326f8,__cxa_atexit@plt,BRANCH
0x0009ed14,__cxa_bad_cast,0x00132710,__cxa_allocate_exception@plt,DIRECT_CALL
0x0009ed1c,__cxa_bad_cast,0x00132728,_ZNSt8bad_castC1Ev@plt,DIRECT_CALL
0x0009ed20,__cxa_bad_cast,N/A,"x1, 0x141000 <vtable for std::__ndk1::regex_error+0x640>",ADRP_PAGE_REF
0x0009ed24,__cxa_bad_cast,N/A,"x2, 0x141000 <vtable for std::__ndk1::regex_error+0x640>",ADRP_PAGE_REF
0x0009ed34,__cxa_bad_cast,0x00132758,__cxa_throw@plt,DIRECT_CALL
0x0009ed4c,__cxa_bad_typeid,0x00132710,__cxa_allocate_exception@plt,DIRECT_CALL
0x0009ed54,__cxa_bad_typeid,0x00132770,_ZNSt10bad_typeidC1Ev@plt,DIRECT_CALL
0x0009ed58,__cxa_bad_typeid,N/A,"x1, 0x141000 <vtable for std::__ndk1::regex_error+0x640>",ADRP_PAGE_REF
0x0009ed5c,__cxa_bad_typeid,N/A,"x2, 0x141000 <vtable for std::__ndk1::regex_error+0x640>",ADRP_PAGE_REF
0x0009ed6c,__cxa_bad_typeid,0x00132758,__cxa_throw@plt,DIRECT_CALL
0x0009ed84,__cxa_throw_bad_array_new_length,0x00132710,__cxa_allocate_exception@plt,DIRECT_CALL
0x0009ed8c,__cxa_throw_bad_array_new_length,0x001327a0,_ZNSt20bad_array_new_lengthC1Ev@plt,DIRECT_CALL
0x0009ed90,__cxa_throw_bad_array_new_length,N/A,"x1, 0x141000 <vtable for std::__ndk1::regex_error+0x640>",ADRP_PAGE_REF
0x0009ed94,__cxa_throw_bad_array_new_length,N/A,"x2, 0x141000 <vtable for std::__ndk1::regex_error+0x640>",ADRP_PAGE_REF
0x0009eda4,__cxa_throw_bad_array_new_length,0x00132758,__cxa_throw@plt,DIRECT_CALL
0x0009edbc,__cxa_throw_bad_array_new_length,0x001327d0,__cxa_get_globals_fast@plt,DIRECT_CALL
0x0009edd4,__cxa_throw_bad_array_new_length,0x000a0110,std::bad_typeid::what() const+0x10,DIRECT_CALL
0x0009eddc,__cxa_throw_bad_array_new_length,0x000ba934,"operator delete[](void*, unsigned long, std::align_val_t)+0x18",DIRECT_CALL
0x0009ede8,__cxa_throw_bad_array_new_length,0x000ba928,"operator delete[](void*, unsigned long, std::align_val_t)+0xc",DIRECT_CALL
0x0009ee00,__cxa_throw_bad_array_new_length,0x0009ee20,__cxa_throw_bad_array_new_length+0xb0,BRANCH
0x0009ee08,__cxa_throw_bad_array_new_length,0x0009ee24,__cxa_throw_bad_array_new_length+0xb4,BRANCH
0x0009ee0c,__cxa_throw_bad_array_new_length,N/A,"x8, 0x146000",ADRP_PAGE_REF
0x0009ee10,__cxa_throw_bad_array_new_length,N/A,"x0, 0x55000",ADRP_PAGE_REF
0x0009ee1c,__cxa_throw_bad_array_new_length,0x000a0110,std::bad_typeid::what() const+0x10,DIRECT_CALL
0x0009ee40,__cxa_throw_bad_array_new_length,0x001327e8,__cxa_demangle@plt,DIRECT_CALL
0x0009ee44,__cxa_throw_bad_array_new_length,N/A,"x8, 0x141000 <vtable for std::__ndk1::regex_error+0x640>",ADRP_PAGE_REF
0x0009ee7c,__cxa_throw_bad_array_new_length,N/A,x9,INDIRECT_CALL
0x0009ee88,__cxa_throw_bad_array_new_length,N/A,"x9, 0x146000",ADRP_PAGE_REF
0x0009ee98,__cxa_throw_bad_array_new_length,N/A,x8,INDIRECT_CALL
0x0009eea0,__cxa_throw_bad_array_new_length,N/A,"x0, 0x56000",ADRP_PAGE_REF
0x0009eeb0,__cxa_throw_bad_array_new_length,0x000a0110,std::bad_typeid::what() const+0x10,DIRECT_CALL
0x0009eeb4,__cxa_throw_bad_array_new_length,N/A,"x8, 0x146000",ADRP_PAGE_REF
0x0009eebc,__cxa_throw_bad_array_new_length,N/A,"x0, 0x55000",ADRP_PAGE_REF
0x0009eec8,__cxa_throw_bad_array_new_length,0x000a0110,std::bad_typeid::what() const+0x10,DIRECT_CALL
0x0009eed4,__cxa_throw_bad_array_new_length,0x0009eee8,__cxa_throw_bad_array_new_length+0x178,BRANCH
0x0009eee4,__cxa_throw_bad_array_new_length,N/A,x21,INDIRECT_CALL
0x0009eeec,__cxa_throw_bad_array_new_length,0x0012e82c,__emutls_get_address+0xd50,DIRECT_CALL
0x0009eef0,__cxa_throw_bad_array_new_length,0x0009ef48,std::set_unexpected(void (*)())+0x34,DIRECT_CALL
0x0009ef00,__cxa_throw_bad_array_new_length,N/A,"x8, 0x146000",ADRP_PAGE_REF
0x0009ef04,__cxa_throw_bad_array_new_length,N/A,"x9, 0x55000",ADRP_PAGE_REF
0x0009ef10,__cxa_throw_bad_array_new_length,0x00132800,_ZSt9terminatev@plt,DIRECT_CALL
0x0009ef20,std::set_unexpected(void (*)()),N/A,"x1, 0x141000 <vtable for std::__ndk1::regex_error+0x640>",ADRP_PAGE_REF
0x0009ef38,std::set_unexpected(void (*)()),0x0012e510,__emutls_get_address+0xa34,DIRECT_CALL
0x0009ef54,std::set_unexpected(void (*)()),0x00132818,__cxa_begin_catch@plt,DIRECT_CALL
0x0009ef58,std::set_unexpected(void (*)()),0x00132800,_ZSt9terminatev@plt,DIRECT_CALL
0x0009ef68,std::set_terminate(void (*)()),N/A,"x1, 0x141000 <vtable for std::__ndk1::regex_error+0x640>",ADRP_PAGE_REF
0x0009ef80,std::set_terminate(void (*)()),0x0012e510,__emutls_get_address+0xa34,DIRECT_CALL
0x0009ef9c,std::set_new_handler(void (*)()),N/A,"x1, 0x141000 <vtable for std::__ndk1::regex_error+0x640>",ADRP_PAGE_REF
0x0009efa4,std::set_new_handler(void (*)()),0x0012e510,__emutls_get_address+0xa34,DIRECT_CALL
0x0009efb8,std::set_new_handler(void (*)()),0x00132830,free@plt,BRANCH
0x0009efd8,__cxa_get_globals,0x00132860,__emutls_get_address@plt,DIRECT_CALL
0x0009effc,__cxa_get_globals_fast,0x00132860,__emutls_get_address@plt,DIRECT_CALL
0x0009f030,__cxa_guard_acquire,0x0009f0d4,__cxa_guard_acquire+0xc8,BRANCH
0x0009f050,__cxa_guard_acquire,0x00132890,pthread_mutex_lock@plt,DIRECT_CALL
0x0009f068,__cxa_guard_acquire,0x001328a8,syscall@plt,DIRECT_CALL
0x0009f074,__cxa_guard_acquire,0x0009f114,__cxa_guard_acquire+0x108,BRANCH
0x0009f090,__cxa_guard_acquire,0x001328c0,pthread_cond_wait@plt,DIRECT_CALL
0x0009f094,__cxa_guard_acquire,0x0009f078,__cxa_guard_acquire+0x6c,BRANCH
0x0009f09c,__cxa_guard_acquire,0x0009f0bc,__cxa_guard_acquire+0xb0,BRANCH
0x0009f0a8,__cxa_guard_acquire,0x001328a8,syscall@plt,DIRECT_CALL
0x0009f0c4,__cxa_guard_acquire,0x001328d8,pthread_mutex_unlock@plt,DIRECT_CALL
0x0009f0ec,__cxa_guard_acquire,N/A,"x0, 0x54000",ADRP_PAGE_REF
0x0009f0fc,__cxa_guard_acquire,0x000a0110,std::bad_typeid::what() const+0x10,DIRECT_CALL
0x0009f100,__cxa_guard_acquire,N/A,"x0, 0x54000",ADRP_PAGE_REF
0x0009f110,__cxa_guard_acquire,0x000a0110,std::bad_typeid::what() const+0x10,DIRECT_CALL
0x0009f114,__cxa_guard_acquire,N/A,"x0, 0x56000",ADRP_PAGE_REF
0x0009f11c,__cxa_guard_acquire,0x000a0110,std::bad_typeid::what() const+0x10,DIRECT_CALL
0x0009f120,__cxa_guard_acquire,0x0009f128,__cxa_guard_acquire+0x11c,BRANCH
0x0009f124,__cxa_guard_acquire,0x0009ef48,std::set_unexpected(void (*)())+0x34,DIRECT_CALL
0x0009f130,__cxa_guard_acquire,0x0009f280,__cxa_guard_abort+0x9c,DIRECT_CALL
0x0009f138,__cxa_guard_acquire,0x0012e82c,__emutls_get_address+0xd50,DIRECT_CALL
0x0009f164,__cxa_guard_release,0x00132890,pthread_mutex_lock@plt,DIRECT_CALL
0x0009f17c,__cxa_guard_release,0x001328d8,pthread_mutex_unlock@plt,DIRECT_CALL
0x0009f188,__cxa_guard_release,N/A,"x0, 0x147000 <__cxa_unexpected_handler+0x1b8>",ADRP_PAGE_REF
0x0009f190,__cxa_guard_release,0x00132908,pthread_cond_broadcast@plt,DIRECT_CALL
0x0009f1ac,__cxa_guard_release,N/A,"x0, 0x54000",ADRP_PAGE_REF
0x0009f1b4,__cxa_guard_release,0x0009f1d4,__cxa_guard_release+0x98,BRANCH
0x0009f1b8,__cxa_guard_release,N/A,"x0, 0x54000",ADRP_PAGE_REF
0x0009f1c0,__cxa_guard_release,N/A,"x1, 0x55000",ADRP_PAGE_REF
0x0009f1c8,__cxa_guard_release,0x000a0110,std::bad_typeid::what() const+0x10,DIRECT_CALL
0x0009f1cc,__cxa_guard_release,N/A,"x0, 0x56000",ADRP_PAGE_REF
0x0009f1d4,__cxa_guard_release,N/A,"x1, 0x55000",ADRP_PAGE_REF
0x0009f1dc,__cxa_guard_release,0x000a0110,std::bad_typeid::what() const+0x10,DIRECT_CALL
0x0009f1e0,__cxa_guard_release,0x0009ef48,std::set_unexpected(void (*)())+0x34,DIRECT_CALL
0x0009f200,__cxa_guard_abort,0x00132890,pthread_mutex_lock@plt,DIRECT_CALL
0x0009f21c,__cxa_guard_abort,0x001328d8,pthread_mutex_unlock@plt,DIRECT_CALL
0x0009f228,__cxa_guard_abort,N/A,"x0, 0x147000 <__cxa_unexpected_handler+0x1b8>",ADRP_PAGE_REF
0x0009f230,__cxa_guard_abort,0x00132908,pthread_cond_broadcast@plt,DIRECT_CALL
0x0009f248,__cxa_guard_abort,N/A,"x0, 0x54000",ADRP_PAGE_REF
0x0009f250,__cxa_guard_abort,0x0009f270,__cxa_guard_abort+0x8c,BRANCH
0x0009f254,__cxa_guard_abort,N/A,"x0, 0x54000",ADRP_PAGE_REF
0x0009f25c,__cxa_guard_abort,N/A,"x1, 0x56000",ADRP_PAGE_REF
0x0009f264,__cxa_guard_abort,0x000a0110,std::bad_typeid::what() const+0x10,DIRECT_CALL
0x0009f268,__cxa_guard_abort,N/A,"x0, 0x56000",ADRP_PAGE_REF
0x0009f270,__cxa_guard_abort,N/A,"x1, 0x56000",ADRP_PAGE_REF
0x0009f278,__cxa_guard_abort,0x000a0110,std::bad_typeid::what() const+0x10,DIRECT_CALL
0x0009f27c,__cxa_guard_abort,0x0009ef48,std::set_unexpected(void (*)())+0x34,DIRECT_CALL
0x0009f29c,__cxa_guard_abort,0x001328d8,pthread_mutex_unlock@plt,DIRECT_CALL
0x0009f2b8,__cxa_guard_abort,N/A,"x0, 0x54000",ADRP_PAGE_REF
0x0009f2c0,__cxa_guard_abort,0x000a0110,std::bad_typeid::what() const+0x10,DIRECT_CALL
0x0009f2c4,__cxa_guard_abort,0x0009ef48,std::set_unexpected(void (*)())+0x34,DIRECT_CALL
0x0009f2cc,std::get_unexpected(),N/A,"x8, 0x141000 <vtable for std::__ndk1::regex_error+0x640>",ADRP_PAGE_REF
0x0009f2e4,std::terminate(),0x001327d0,__cxa_get_globals_fast@plt,DIRECT_CALL
0x0009f2f4,std::terminate(),N/A,"x8, 0x141000 <vtable for std::__ndk1::regex_error+0x640>",ADRP_PAGE_REF
0x0009f300,std::terminate(),0x0009f368,std::get_terminate()+0x14,DIRECT_CALL
0x0009f308,std::terminate(),0x000ba934,"operator delete[](void*, unsigned long, std::align_val_t)+0x18",DIRECT_CALL
0x0009f314,std::terminate(),0x0009f368,std::get_terminate()+0x14,DIRECT_CALL
0x0009f318,std::terminate(),0x0009ef48,std::set_unexpected(void (*)())+0x34,DIRECT_CALL
0x0009f328,std::terminate(),N/A,x0,INDIRECT_CALL
0x0009f334,std::terminate(),0x000a0110,std::bad_typeid::what() const+0x10,DIRECT_CALL
0x0009f344,std::unexpected(),N/A,"x8, 0x141000 <vtable for std::__ndk1::regex_error+0x640>",ADRP_PAGE_REF
0x0009f350,std::unexpected(),0x0009f31c,std::terminate()+0x40,DIRECT_CALL
0x0009f358,std::get_terminate(),N/A,"x8, 0x141000 <vtable for std::__ndk1::regex_error+0x640>",ADRP_PAGE_REF
0x0009f374,std::get_terminate(),N/A,x0,INDIRECT_CALL
0x0009f378,std::get_terminate(),N/A,"x0, 0x55000",ADRP_PAGE_REF
0x0009f380,std::get_terminate(),0x000a0110,std::bad_typeid::what() const+0x10,DIRECT_CALL
0x0009f384,std::get_terminate(),0x00132818,__cxa_begin_catch@plt,DIRECT_CALL
0x0009f388,std::get_terminate(),N/A,"x0, 0x55000",ADRP_PAGE_REF
0x0009f390,std::get_terminate(),0x000a0110,std::bad_typeid::what() const+0x10,DIRECT_CALL
0x0009f394,std::get_terminate(),0x0009ef48,std::set_unexpected(void (*)())+0x34,DIRECT_CALL
0x0009f39c,std::get_new_handler(),N/A,"x8, 0x141000 <vtable for std::__ndk1::regex_error+0x640>",ADRP_PAGE_REF
0x0009f3d4,__cxa_vec_new,0x0009f478,__cxa_vec_new+0xcc,BRANCH
0x0009f3ec,__cxa_vec_new,0x0009f478,__cxa_vec_new+0xcc,BRANCH
0x0009f3f8,__cxa_vec_new,0x00132980,_Znam@plt,DIRECT_CALL
0x0009f438,__cxa_vec_new,N/A,x19,INDIRECT_CALL
0x0009f450,__cxa_vec_new,0x0009f434,__cxa_vec_new+0x88,BRANCH
0x0009f478,__cxa_vec_new,0x0009fc18,__cxa_vec_delete3+0xfc,DIRECT_CALL
0x0009f484,__cxa_vec_new,0x0009f7e4,__cxa_vec_cctor+0xa8,DIRECT_CALL
0x0009f48c,__cxa_vec_new,0x00132998,_ZdaPv@plt,DIRECT_CALL
0x0009f494,__cxa_vec_new,0x0012e82c,__emutls_get_address+0xd50,DIRECT_CALL
0x0009f4c0,__cxa_vec_new2,0x0009f574,__cxa_vec_new2+0xdc,BRANCH
0x0009f4d8,__cxa_vec_new2,0x0009f574,__cxa_vec_new2+0xdc,BRANCH
0x0009f4e8,__cxa_vec_new2,N/A,x5,INDIRECT_CALL
0x0009f52c,__cxa_vec_new2,N/A,x22,INDIRECT_CALL
0x0009f544,__cxa_vec_new2,0x0009f528,__cxa_vec_new2+0x90,BRANCH
0x0009f548,__cxa_vec_new2,0x0009f550,__cxa_vec_new2+0xb8,BRANCH
0x0009f574,__cxa_vec_new2,0x0009fc18,__cxa_vec_delete3+0xfc,DIRECT_CALL
0x0009f580,__cxa_vec_new2,0x0009f7e4,__cxa_vec_cctor+0xa8,DIRECT_CALL
0x0009f588,__cxa_vec_new2,N/A,x19,INDIRECT_CALL
0x0009f590,__cxa_vec_new2,0x0012e82c,__emutls_get_address+0xd50,DIRECT_CALL
0x0009f594,__cxa_vec_new2,0x0009ef48,std::set_unexpected(void (*)())+0x34,DIRECT_CALL
0x0009f5e4,__cxa_vec_ctor,N/A,x19,INDIRECT_CALL
0x0009f5fc,__cxa_vec_ctor,0x0009f5e0,__cxa_vec_ctor+0x48,BRANCH
0x0009f620,__cxa_vec_ctor,0x0009f7e4,__cxa_vec_cctor+0xa8,DIRECT_CALL
0x0009f628,__cxa_vec_ctor,0x0012e82c,__emutls_get_address+0xd50,DIRECT_CALL
0x0009f658,__cxa_vec_new3,0x0009f714,__cxa_vec_new3+0xe8,BRANCH
0x0009f670,__cxa_vec_new3,0x0009f714,__cxa_vec_new3+0xe8,BRANCH
0x0009f684,__cxa_vec_new3,N/A,x5,INDIRECT_CALL
0x0009f6c8,__cxa_vec_new3,N/A,x22,INDIRECT_CALL
0x0009f6e0,__cxa_vec_new3,0x0009f6c4,__cxa_vec_new3+0x98,BRANCH
0x0009f6e4,__cxa_vec_new3,0x0009f6ec,__cxa_vec_new3+0xc0,BRANCH
0x0009f714,__cxa_vec_new3,0x0009fc18,__cxa_vec_delete3+0xfc,DIRECT_CALL
0x0009f720,__cxa_vec_new3,0x0009f7e4,__cxa_vec_cctor+0xa8,DIRECT_CALL
0x0009f72c,__cxa_vec_new3,N/A,x19,INDIRECT_CALL
0x0009f734,__cxa_vec_new3,0x0012e82c,__emutls_get_address+0xd50,DIRECT_CALL
0x0009f738,__cxa_vec_new3,0x0009ef48,std::set_unexpected(void (*)())+0x34,DIRECT_CALL
0x0009f798,__cxa_vec_cctor,N/A,x19,INDIRECT_CALL
0x0009f7b0,__cxa_vec_cctor,0x0009f790,__cxa_vec_cctor+0x54,BRANCH
0x0009f7d8,__cxa_vec_cctor,0x0009f7e4,__cxa_vec_cctor+0xa8,DIRECT_CALL
0x0009f7e0,__cxa_vec_cctor,0x0012e82c,__emutls_get_address+0xd50,DIRECT_CALL
0x0009f828,__cxa_vec_cctor,0x0009f83c,__cxa_vec_cctor+0x100,BRANCH
0x0009f830,__cxa_vec_cctor,N/A,x19,INDIRECT_CALL
0x0009f838,__cxa_vec_cctor,0x0009f824,__cxa_vec_cctor+0xe8,BRANCH
0x0009f850,__cxa_vec_cctor,0x00132800,_ZSt9terminatev@plt,DIRECT_CALL
0x0009f89c,__cxa_vec_dtor,0x001329b0,__cxa_uncaught_exception@plt,DIRECT_CALL
0x0009f8c4,__cxa_vec_dtor,N/A,x19,INDIRECT_CALL
0x0009f8cc,__cxa_vec_dtor,0x0009f8b0,__cxa_vec_dtor+0x5c,BRANCH
0x0009f8f0,__cxa_vec_dtor,0x00132800,_ZSt9terminatev@plt,DIRECT_CALL
0x0009f8fc,__cxa_vec_dtor,0x0009f7e4,__cxa_vec_cctor+0xa8,DIRECT_CALL
0x0009f904,__cxa_vec_dtor,0x0012e82c,__emutls_get_address+0xd50,DIRECT_CALL
0x0009f938,__cxa_vec_cleanup,0x0009f94c,__cxa_vec_cleanup+0x44,BRANCH
0x0009f940,__cxa_vec_cleanup,N/A,x19,INDIRECT_CALL
0x0009f948,__cxa_vec_cleanup,0x0009f934,__cxa_vec_cleanup+0x2c,BRANCH
0x0009f960,__cxa_vec_cleanup,0x00132800,_ZSt9terminatev@plt,DIRECT_CALL
0x0009f9b8,__cxa_vec_delete,0x001329b0,__cxa_uncaught_exception@plt,DIRECT_CALL
0x0009f9e0,__cxa_vec_delete,N/A,x20,INDIRECT_CALL
0x0009f9e8,__cxa_vec_delete,0x0009f9cc,__cxa_vec_delete+0x68,BRANCH
0x0009f9f0,__cxa_vec_delete,0x00132998,_ZdaPv@plt,DIRECT_CALL
0x0009fa14,__cxa_vec_delete,0x00132800,_ZSt9terminatev@plt,DIRECT_CALL
0x0009fa20,__cxa_vec_delete,0x0009f7e4,__cxa_vec_cctor+0xa8,DIRECT_CALL
0x0009fa28,__cxa_vec_delete,0x00132998,_ZdaPv@plt,DIRECT_CALL
0x0009fa30,__cxa_vec_delete,0x0012e82c,__emutls_get_address+0xd50,DIRECT_CALL
0x0009fa90,__cxa_vec_delete2,0x001329b0,__cxa_uncaught_exception@plt,DIRECT_CALL
0x0009fab8,__cxa_vec_delete2,N/A,x20,INDIRECT_CALL
0x0009fac0,__cxa_vec_delete2,0x0009faa4,__cxa_vec_delete2+0x70,BRANCH
0x0009facc,__cxa_vec_delete2,N/A,x4,INDIRECT_CALL
0x0009faf0,__cxa_vec_delete2,0x0009ef48,std::set_unexpected(void (*)())+0x34,DIRECT_CALL
0x0009faf8,__cxa_vec_delete2,0x00132800,_ZSt9terminatev@plt,DIRECT_CALL
0x0009fb04,__cxa_vec_delete2,0x0009f7e4,__cxa_vec_cctor+0xa8,DIRECT_CALL
0x0009fb0c,__cxa_vec_delete2,N/A,x22,INDIRECT_CALL
0x0009fb14,__cxa_vec_delete2,0x0012e82c,__emutls_get_address+0xd50,DIRECT_CALL
0x0009fb18,__cxa_vec_delete2,0x0009ef48,std::set_unexpected(void (*)())+0x34,DIRECT_CALL
0x0009fb7c,__cxa_vec_delete3,0x001329b0,__cxa_uncaught_exception@plt,DIRECT_CALL
0x0009fba4,__cxa_vec_delete3,N/A,x21,INDIRECT_CALL
0x0009fbac,__cxa_vec_delete3,0x0009fb90,__cxa_vec_delete3+0x74,BRANCH
0x0009fbb4,__cxa_vec_delete3,0x0009fbbc,__cxa_vec_delete3+0xa0,BRANCH
0x0009fbc4,__cxa_vec_delete3,N/A,x4,INDIRECT_CALL
0x0009fbe8,__cxa_vec_delete3,0x0009ef48,std::set_unexpected(void (*)())+0x34,DIRECT_CALL
0x0009fbf0,__cxa_vec_delete3,0x00132800,_ZSt9terminatev@plt,DIRECT_CALL
0x0009fbfc,__cxa_vec_delete3,0x0009f7e4,__cxa_vec_cctor+0xa8,DIRECT_CALL
0x0009fc08,__cxa_vec_delete3,N/A,x23,INDIRECT_CALL
0x0009fc10,__cxa_vec_delete3,0x0012e82c,__emutls_get_address+0xd50,DIRECT_CALL
0x0009fc14,__cxa_vec_delete3,0x0009ef48,std::set_unexpected(void (*)())+0x34,DIRECT_CALL
0x0009fc2c,__cxa_vec_delete3,0x00132710,__cxa_allocate_exception@plt,DIRECT_CALL
0x0009fc34,__cxa_vec_delete3,0x001327a0,_ZNSt20bad_array_new_lengthC1Ev@plt,DIRECT_CALL
0x0009fc38,__cxa_vec_delete3,N/A,"x1, 0x141000 <vtable for std::__ndk1::regex_error+0x640>",ADRP_PAGE_REF
0x0009fc3c,__cxa_vec_delete3,N/A,"x2, 0x141000 <vtable for std::__ndk1::regex_error+0x640>",ADRP_PAGE_REF
0x0009fc4c,__cxa_vec_delete3,0x00132758,__cxa_throw@plt,DIRECT_CALL
0x0009fc64,__cxa_pure_virtual,0x000a0110,std::bad_typeid::what() const+0x10,DIRECT_CALL
0x0009fc74,__cxa_deleted_virtual,N/A,"x0, 0x56000",ADRP_PAGE_REF
0x0009fc7c,__cxa_deleted_virtual,0x000a0110,std::bad_typeid::what() const+0x10,DIRECT_CALL
0x0009fc9c,std::exception::~exception(),0x001329e0,_ZNSt9exceptionD1Ev@plt,DIRECT_CALL
0x0009fcb0,std::exception::~exception(),0x001329f8,_ZdlPv@plt,BRANCH
0x0009fcd8,std::bad_exception::~bad_exception(),0x00132a10,_ZNSt13bad_exceptionD1Ev@plt,DIRECT_CALL
0x0009fcec,std::bad_exception::~bad_exception(),0x001329f8,_ZdlPv@plt,BRANCH
0x0009fcf4,std::bad_exception::what() const,N/A,"x0, 0x55000",ADRP_PAGE_REF
0x0009fd04,std::bad_alloc::bad_alloc(),N/A,"x8, 0x141000 <vtable for std::__ndk1::regex_error+0x640>",ADRP_PAGE_REF
0x0009fd2c,std::bad_alloc::~bad_alloc(),0x00132a28,_ZNSt9bad_allocD1Ev@plt,DIRECT_CALL
0x0009fd40,std::bad_alloc::~bad_alloc(),0x001329f8,_ZdlPv@plt,BRANCH
0x0009fd48,std::bad_alloc::what() const,N/A,"x0, 0x55000",ADRP_PAGE_REF
0x0009fd58,std::bad_array_new_length::bad_array_new_length(),N/A,"x8, 0x141000 <vtable for std::__ndk1::regex_error+0x640>",ADRP_PAGE_REF
0x0009fd80,std::bad_array_new_length::~bad_array_new_length(),0x001327b8,_ZNSt20bad_array_new_lengthD1Ev@plt,DIRECT_CALL
0x0009fd94,std::bad_array_new_length::~bad_array_new_length(),0x001329f8,_ZdlPv@plt,BRANCH
0x0009fd9c,std::bad_array_new_length::what() const,N/A,"x0, 0x54000",ADRP_PAGE_REF
0x0009fdb8,std::invalid_argument::~invalid_argument(),N/A,"x8, 0x141000 <vtable for std::__ndk1::regex_error+0x640>",ADRP_PAGE_REF
0x0009fdd8,std::invalid_argument::~invalid_argument(),0x0012e570,__emutls_get_address+0xa94,DIRECT_CALL
0x0009fde0,std::invalid_argument::~invalid_argument(),0x0009fdf8,std::invalid_argument::~invalid_argument()+0x50,BRANCH
0x0009fdf4,std::invalid_argument::~invalid_argument(),0x001329c8,_ZNSt9exceptionD2Ev@plt,BRANCH
0x0009fdfc,std::invalid_argument::~invalid_argument(),0x001329f8,_ZdlPv@plt,DIRECT_CALL
0x0009fe10,std::invalid_argument::~invalid_argument(),0x001329c8,_ZNSt9exceptionD2Ev@plt,BRANCH
0x0009fe28,std::logic_error::~logic_error(),0x00132a70,_ZNSt11logic_errorD1Ev@plt,DIRECT_CALL
0x0009fe3c,std::logic_error::~logic_error(),0x001329f8,_ZdlPv@plt,BRANCH
0x0009fe5c,std::underflow_error::~underflow_error(),N/A,"x8, 0x141000 <vtable for std::__ndk1::regex_error+0x640>",ADRP_PAGE_REF
0x0009fe7c,std::underflow_error::~underflow_error(),0x0012e570,__emutls_get_address+0xa94,DIRECT_CALL
0x0009fe84,std::underflow_error::~underflow_error(),0x0009fe9c,std::underflow_error::~underflow_error()+0x50,BRANCH
0x0009fe98,std::underflow_error::~underflow_error(),0x001329c8,_ZNSt9exceptionD2Ev@plt,BRANCH
0x0009fea0,std::underflow_error::~underflow_error(),0x001329f8,_ZdlPv@plt,DIRECT_CALL
0x0009feb4,std::underflow_error::~underflow_error(),0x001329c8,_ZNSt9exceptionD2Ev@plt,BRANCH
0x0009fecc,std::runtime_error::~runtime_error(),0x00132aa0,_ZNSt13runtime_errorD1Ev@plt,DIRECT_CALL
0x0009fee0,std::runtime_error::~runtime_error(),0x001329f8,_ZdlPv@plt,BRANCH
0x0009ff04,std::domain_error::~domain_error(),0x00132ad0,_ZNSt12domain_errorD1Ev@plt,DIRECT_CALL
0x0009ff18,std::domain_error::~domain_error(),0x001329f8,_ZdlPv@plt,BRANCH
0x0009ff30,std::invalid_argument::~invalid_argument(),0x00132ae8,_ZNSt16invalid_argumentD1Ev@plt,DIRECT_CALL
0x0009ff44,std::invalid_argument::~invalid_argument(),0x001329f8,_ZdlPv@plt,BRANCH
0x0009ff5c,std::length_error::~length_error(),0x00132b00,_ZNSt12length_errorD1Ev@plt,DIRECT_CALL
0x0009ff70,std::length_error::~length_error(),0x001329f8,_ZdlPv@plt,BRANCH
0x0009ff88,std::out_of_range::~out_of_range(),0x00132b18,_ZNSt12out_of_rangeD1Ev@plt,DIRECT_CALL
0x0009ff9c,std::out_of_range::~out_of_range(),0x001329f8,_ZdlPv@plt,BRANCH
0x0009ffb4,std::range_error::~range_error(),0x00132b30,_ZNSt11range_errorD1Ev@plt,DIRECT_CALL
0x0009ffc8,std::range_error::~range_error(),0x001329f8,_ZdlPv@plt,BRANCH
0x0009ffe0,std::overflow_error::~overflow_error(),0x00132b48,_ZNSt14overflow_errorD1Ev@plt,DIRECT_CALL
0x0009fff4,std::overflow_error::~overflow_error(),0x001329f8,_ZdlPv@plt,BRANCH
0x000a000c,std::underflow_error::~underflow_error(),0x00132b60,_ZNSt15underflow_errorD1Ev@plt,DIRECT_CALL
0x000a0020,std::underflow_error::~underflow_error(),0x001329f8,_ZdlPv@plt,BRANCH
0x000a0040,std::type_info::~type_info(),0x00132b90,_ZNSt9type_infoD1Ev@plt,DIRECT_CALL
0x000a0054,std::type_info::~type_info(),0x001329f8,_ZdlPv@plt,BRANCH
0x000a005c,std::bad_cast::bad_cast(),N/A,"x8, 0x141000 <vtable for std::__ndk1::regex_error+0x640>",ADRP_PAGE_REF
0x000a0074,std::bad_cast::~bad_cast(),0x001329c8,_ZNSt9exceptionD2Ev@plt,BRANCH
0x000a008c,std::bad_cast::~bad_cast(),0x00132740,_ZNSt8bad_castD1Ev@plt,DIRECT_CALL
0x000a00a0,std::bad_cast::~bad_cast(),0x001329f8,_ZdlPv@plt,BRANCH
0x000a00b8,std::bad_typeid::bad_typeid(),N/A,"x8, 0x141000 <vtable for std::__ndk1::regex_error+0x640>",ADRP_PAGE_REF
0x000a00d0,std::bad_typeid::~bad_typeid(),0x001329c8,_ZNSt9exceptionD2Ev@plt,BRANCH
0x000a00e8,std::bad_typeid::~bad_typeid(),0x00132788,_ZNSt10bad_typeidD1Ev@plt,DIRECT_CALL
0x000a00fc,std::bad_typeid::~bad_typeid(),0x001329f8,_ZdlPv@plt,BRANCH
0x000a0104,std::bad_typeid::what() const,N/A,"x0, 0x56000",ADRP_PAGE_REF
0x000a0134,std::bad_typeid::what() const,N/A,"x20, 0x141000 <vtable for std::__ndk1::regex_error+0x640>",ADRP_PAGE_REF
0x000a0170,std::bad_typeid::what() const,0x00132bc0,fwrite@plt,DIRECT_CALL
0x000a01ac,std::bad_typeid::what() const,0x00132bd8,vfprintf@plt,DIRECT_CALL
0x000a01b8,std::bad_typeid::what() const,0x00132bf0,fputc@plt,DIRECT_CALL
0x000a01d8,std::bad_typeid::what() const,0x00132c08,vasprintf@plt,DIRECT_CALL
0x000a01e0,std::bad_typeid::what() const,0x00132c20,android_set_abort_message@plt,DIRECT_CALL
0x000a01e4,std::bad_typeid::what() const,N/A,"x0, 0x56000",ADRP_PAGE_REF
0x000a01f4,std::bad_typeid::what() const,0x00132c38,openlog@plt,DIRECT_CALL
0x000a01fc,std::bad_typeid::what() const,N/A,"x1, 0x55000",ADRP_PAGE_REF
0x000a0208,std::bad_typeid::what() const,0x00132c50,syslog@plt,DIRECT_CALL
0x000a020c,std::bad_typeid::what() const,0x00132c68,closelog@plt,DIRECT_CALL
0x000a0210,std::bad_typeid::what() const,0x00132c80,abort@plt,DIRECT_CALL
0x000a023c,std::bad_typeid::what() const,0x00132c98,posix_memalign@plt,DIRECT_CALL
0x000a025c,std::bad_typeid::what() const,0x000a0270,std::bad_typeid::what() const+0x170,DIRECT_CALL
0x000a0290,std::bad_typeid::what() const,0x00132890,pthread_mutex_lock@plt,DIRECT_CALL
0x000a029c,std::bad_typeid::what() const,N/A,"x8, 0x147000 <__cxa_unexpected_handler+0x1b8>",ADRP_PAGE_REF
0x000a02a8,std::bad_typeid::what() const,0x000a02c8,std::bad_typeid::what() const+0x1c8,BRANCH
0x000a02ac,std::bad_typeid::what() const,0x000a0328,std::bad_typeid::what() const+0x228,BRANCH
0x000a02b8,std::bad_typeid::what() const,N/A,"x9, 0x147000 <__cxa_unexpected_handler+0x1b8>",ADRP_PAGE_REF
0x000a02e0,std::bad_typeid::what() const,0x000a03b4,std::bad_typeid::what() const+0x2b4,BRANCH
0x000a0304,std::bad_typeid::what() const,0x000a0330,std::bad_typeid::what() const+0x230,BRANCH
0x000a030c,std::bad_typeid::what() const,0x000a0370,std::bad_typeid::what() const+0x270,BRANCH
0x000a0324,std::bad_typeid::what() const,0x000a02d8,std::bad_typeid::what() const+0x1d8,BRANCH
0x000a032c,std::bad_typeid::what() const,0x000a0394,std::bad_typeid::what() const+0x294,BRANCH
0x000a034c,std::bad_typeid::what() const,0x000a0394,std::bad_typeid::what() const+0x294,BRANCH
0x000a0350,std::bad_typeid::what() const,N/A,"x0, 0x54000",ADRP_PAGE_REF
0x000a0358,std::bad_typeid::what() const,N/A,"x1, 0x55000",ADRP_PAGE_REF
0x000a036c,std::bad_typeid::what() const,0x000a0110,std::bad_typeid::what() const+0x10,DIRECT_CALL
0x000a0380,std::bad_typeid::what() const,0x000a0394,std::bad_typeid::what() const+0x294,BRANCH
0x000a0394,std::bad_typeid::what() const,N/A,"x0, 0x147000 <__cxa_unexpected_handler+0x1b8>",ADRP_PAGE_REF
0x000a039c,std::bad_typeid::what() const,0x001328d8,pthread_mutex_unlock@plt,DIRECT_CALL
0x000a03b4,std::bad_typeid::what() const,N/A,"x0, 0x54000",ADRP_PAGE_REF
0x000a03bc,std::bad_typeid::what() const,N/A,"x1, 0x55000",ADRP_PAGE_REF
0x000a03d0,std::bad_typeid::what() const,0x000a0110,std::bad_typeid::what() const+0x10,DIRECT_CALL
0x000a03d4,std::bad_typeid::what() const,0x000a03dc,std::bad_typeid::what() const+0x2dc,BRANCH
0x000a03d8,std::bad_typeid::what() const,0x0009ef48,std::set_unexpected(void (*)())+0x34,DIRECT_CALL
0x000a03e0,std::bad_typeid::what() const,N/A,"x0, 0x147000 <__cxa_unexpected_handler+0x1b8>",ADRP_PAGE_REF
0x000a03e8,std::bad_typeid::what() const,0x001328d8,pthread_mutex_unlock@plt,DIRECT_CALL
0x000a03f0,std::bad_typeid::what() const,0x0012e82c,__emutls_get_address+0xd50,DIRECT_CALL
0x000a03f4,std::bad_typeid::what() const,0x0009ef48,std::set_unexpected(void (*)())+0x34,DIRECT_CALL
0x000a040c,std::bad_typeid::what() const,N/A,"x8, 0x147000 <__cxa_unexpected_handler+0x1b8>",ADRP_PAGE_REF
0x000a0418,std::bad_typeid::what() const,0x000a04b4,std::bad_typeid::what() const+0x3b4,BRANCH
0x000a041c,std::bad_typeid::what() const,N/A,"x21, 0x147000 <__cxa_unexpected_handler+0x1b8>",ADRP_PAGE_REF
0x000a0428,std::bad_typeid::what() const,0x000a04b4,std::bad_typeid::what() const+0x3b4,BRANCH
0x000a0440,std::bad_typeid::what() const,0x00132890,pthread_mutex_lock@plt,DIRECT_CALL
0x000a0450,std::bad_typeid::what() const,0x000a049c,std::bad_typeid::what() const+0x39c,BRANCH
0x000a046c,std::bad_typeid::what() const,0x000a04c8,std::bad_typeid::what() const+0x3c8,BRANCH
0x000a047c,std::bad_typeid::what() const,0x000a04d8,std::bad_typeid::what() const+0x3d8,BRANCH
0x000a0498,std::bad_typeid::what() const,0x000a0460,std::bad_typeid::what() const+0x360,BRANCH
0x000a04b0,std::bad_typeid::what() const,0x000a0510,std::bad_typeid::what() const+0x410,BRANCH
0x000a04c4,std::bad_typeid::what() const,0x00132830,free@plt,BRANCH
0x000a04d4,std::bad_typeid::what() const,0x000a0510,std::bad_typeid::what() const+0x410,BRANCH
0x000a04fc,std::bad_typeid::what() const,0x000a0510,std::bad_typeid::what() const+0x410,BRANCH
0x000a0504,std::bad_typeid::what() const,N/A,"x8, 0x147000 <__cxa_unexpected_handler+0x1b8>",ADRP_PAGE_REF
0x000a0510,std::bad_typeid::what() const,N/A,"x0, 0x147000 <__cxa_unexpected_handler+0x1b8>",ADRP_PAGE_REF
0x000a0518,std::bad_typeid::what() const,0x001328d8,pthread_mutex_unlock@plt,DIRECT_CALL
0x000a0530,std::bad_typeid::what() const,0x0009ef48,std::set_unexpected(void (*)())+0x34,DIRECT_CALL
0x000a0538,std::bad_typeid::what() const,0x00132b78,_ZNSt9type_infoD2Ev@plt,BRANCH
0x000a0568,std::bad_typeid::what() const,0x00132b78,_ZNSt9type_infoD2Ev@plt,DIRECT_CALL
0x000a057c,std::bad_typeid::what() const,0x001329f8,_ZdlPv@plt,BRANCH
0x000a0594,std::bad_typeid::what() const,0x00132b78,_ZNSt9type_infoD2Ev@plt,DIRECT_CALL
0x000a05a8,std::bad_typeid::what() const,0x001329f8,_ZdlPv@plt,BRANCH
0x000a05c0,std::bad_typeid::what() const,0x00132b78,_ZNSt9type_infoD2Ev@plt,DIRECT_CALL
0x000a05d4,std::bad_typeid::what() const,0x001329f8,_ZdlPv@plt,BRANCH
0x000a05ec,std::bad_typeid::what() const,0x00132b78,_ZNSt9type_infoD2Ev@plt,DIRECT_CALL
0x000a0600,std::bad_typeid::what() const,0x001329f8,_ZdlPv@plt,BRANCH
0x000a0618,std::bad_typeid::what() const,0x00132b78,_ZNSt9type_infoD2Ev@plt,DIRECT_CALL
0x000a062c,std::bad_typeid::what() const,0x001329f8,_ZdlPv@plt,BRANCH
0x000a0644,std::bad_typeid::what() const,0x00132b78,_ZNSt9type_infoD2Ev@plt,DIRECT_CALL
0x000a0658,std::bad_typeid::what() const,0x001329f8,_ZdlPv@plt,BRANCH
0x000a0670,std::bad_typeid::what() const,0x00132b78,_ZNSt9type_infoD2Ev@plt,DIRECT_CALL
0x000a0684,std::bad_typeid::what() const,0x001329f8,_ZdlPv@plt,BRANCH
0x000a069c,std::bad_typeid::what() const,0x00132b78,_ZNSt9type_infoD2Ev@plt,DIRECT_CALL
0x000a06b0,std::bad_typeid::what() const,0x001329f8,_ZdlPv@plt,BRANCH
0x000a06c8,std::bad_typeid::what() const,0x00132b78,_ZNSt9type_infoD2Ev@plt,DIRECT_CALL
0x000a06dc,std::bad_typeid::what() const,0x001329f8,_ZdlPv@plt,BRANCH
0x000a06f4,std::bad_typeid::what() const,0x00132b78,_ZNSt9type_infoD2Ev@plt,DIRECT_CALL
0x000a0708,std::bad_typeid::what() const,0x001329f8,_ZdlPv@plt,BRANCH
0x000a0764,std::bad_typeid::what() const,0x000a080c,std::bad_typeid::what() const+0x70c,BRANCH
0x000a077c,std::bad_typeid::what() const,N/A,"x8, 0x141000 <vtable for std::__ndk1::regex_error+0x640>",ADRP_PAGE_REF
0x000a0784,std::bad_typeid::what() const,N/A,"x2, 0x141000 <vtable for std::__ndk1::regex_error+0x640>",ADRP_PAGE_REF
0x000a07a0,std::bad_typeid::what() const,0x00132cc8,__dynamic_cast@plt,DIRECT_CALL
0x000a07dc,std::bad_typeid::what() const,N/A,x8,INDIRECT_CALL
0x000a07ec,std::bad_typeid::what() const,0x000a07f8,std::bad_typeid::what() const+0x6f8,BRANCH
0x000a0844,__dynamic_cast,0x000a0934,__dynamic_cast+0x120,BRANCH
0x000a0854,__dynamic_cast,0x000a08d0,__dynamic_cast+0xbc,BRANCH
0x000a08b0,__dynamic_cast,N/A,x9,INDIRECT_CALL
0x000a0900,__dynamic_cast,N/A,x8,INDIRECT_CALL
0x000a090c,__dynamic_cast,0x000a0940,__dynamic_cast+0x12c,BRANCH
0x000a0930,__dynamic_cast,0x000a09dc,__dynamic_cast+0x1c8,BRANCH
0x000a093c,__dynamic_cast,0x000a09d8,__dynamic_cast+0x1c4,BRANCH
0x000a0948,__dynamic_cast,0x000a0970,__dynamic_cast+0x15c,BRANCH
0x000a0960,__dynamic_cast,0x000a09dc,__dynamic_cast+0x1c8,BRANCH
0x000a096c,__dynamic_cast,0x000a09dc,__dynamic_cast+0x1c8,BRANCH
0x000a0974,__dynamic_cast,0x000a09dc,__dynamic_cast+0x1c8,BRANCH
0x000a097c,__dynamic_cast,0x000a0988,__dynamic_cast+0x174,BRANCH
0x000a0984,__dynamic_cast,0x000a09dc,__dynamic_cast+0x1c8,BRANCH
0x000a09cc,__dynamic_cast,N/A,x8,INDIRECT_CALL
0x000a0a10,__dynamic_cast,0x000a0a18,__dynamic_cast+0x204,BRANCH
0x000a0a24,__dynamic_cast,0x000a0a5c,__dynamic_cast+0x248,BRANCH
0x000a0a64,__dynamic_cast,0x000a0a14,__dynamic_cast+0x200,BRANCH
0x000a0a84,__dynamic_cast,0x000a0a98,__dynamic_cast+0x284,BRANCH
0x000a0aa4,__dynamic_cast,0x000a0adc,__dynamic_cast+0x2c8,BRANCH
0x000a0ae4,__dynamic_cast,0x000a0ac4,__dynamic_cast+0x2b0,BRANCH
0x000a0b24,__dynamic_cast,0x000a0b4c,__dynamic_cast+0x338,BRANCH
0x000a0b48,__dynamic_cast,0x000a0b94,__dynamic_cast+0x380,BRANCH
0x000a0b58,__dynamic_cast,0x000a0c88,__dynamic_cast+0x474,BRANCH
0x000a0bb4,__dynamic_cast,N/A,x10,INDIRECT_CALL
0x000a0bbc,__dynamic_cast,0x000a0b78,__dynamic_cast+0x364,BRANCH
0x000a0c04,__dynamic_cast,N/A,x9,INDIRECT_CALL
0x000a0c18,__dynamic_cast,0x000a0bd4,__dynamic_cast+0x3c0,BRANCH
0x000a0c1c,__dynamic_cast,0x000a0b78,__dynamic_cast+0x364,BRANCH
0x000a0c6c,__dynamic_cast,N/A,x8,INDIRECT_CALL
0x000a0c80,__dynamic_cast,0x000a0c50,__dynamic_cast+0x43c,BRANCH
0x000a0c84,__dynamic_cast,0x000a0b78,__dynamic_cast+0x364,BRANCH
0x000a0c90,__dynamic_cast,0x000a0b78,__dynamic_cast+0x364,BRANCH
0x000a0cc8,__dynamic_cast,0x000a0cf8,__dynamic_cast+0x4e4,BRANCH
0x000a0cd0,__dynamic_cast,0x000a0d4c,__dynamic_cast+0x538,BRANCH
0x000a0cdc,__dynamic_cast,0x00132ce0,strcmp@plt,DIRECT_CALL
0x000a0cfc,__dynamic_cast,N/A,"x8, 0x141000 <vtable for std::__ndk1::regex_error+0x640>",ADRP_PAGE_REF
0x000a0d00,__dynamic_cast,N/A,"x2, 0x141000 <vtable for std::__ndk1::regex_error+0x640>",ADRP_PAGE_REF
0x000a0d20,__dynamic_cast,0x00132cc8,__dynamic_cast@plt,DIRECT_CALL
0x000a0d38,__dynamic_cast,0x000a0ccc,__dynamic_cast+0x4b8,BRANCH
0x000a0d48,__dynamic_cast,0x000a0ce4,__dynamic_cast+0x4d0,BRANCH
0x000a0d90,__dynamic_cast,N/A,"x8, 0x141000 <vtable for std::__ndk1::regex_error+0x640>",ADRP_PAGE_REF
0x000a0da4,__dynamic_cast,0x000a0dec,__dynamic_cast+0x5d8,BRANCH
0x000a0db8,__dynamic_cast,0x000a0df8,__dynamic_cast+0x5e4,BRANCH
0x000a0dc0,__dynamic_cast,0x000a0dd4,__dynamic_cast+0x5c0,BRANCH
0x000a0dcc,__dynamic_cast,0x00132ce0,strcmp@plt,DIRECT_CALL
0x000a0de8,__dynamic_cast,0x000a0f0c,__dynamic_cast+0x6f8,BRANCH
0x000a0df4,__dynamic_cast,0x000a0f0c,__dynamic_cast+0x6f8,BRANCH
0x000a0df8,__dynamic_cast,N/A,"x1, 0x141000 <vtable for std::__ndk1::regex_error+0x640>",ADRP_PAGE_REF
0x000a0dfc,__dynamic_cast,N/A,"x2, 0x141000 <vtable for std::__ndk1::regex_error+0x640>",ADRP_PAGE_REF
0x000a0e10,__dynamic_cast,0x00132cc8,__dynamic_cast@plt,DIRECT_CALL
0x000a0e20,__dynamic_cast,0x000a0dbc,__dynamic_cast+0x5a8,BRANCH
0x000a0e2c,__dynamic_cast,0x000a0dd4,__dynamic_cast+0x5c0,BRANCH
0x000a0e30,__dynamic_cast,N/A,"x1, 0x141000 <vtable for std::__ndk1::regex_error+0x640>",ADRP_PAGE_REF
0x000a0e34,__dynamic_cast,N/A,"x2, 0x141000 <vtable for std::__ndk1::regex_error+0x640>",ADRP_PAGE_REF
0x000a0e48,__dynamic_cast,0x00132cc8,__dynamic_cast@plt,DIRECT_CALL
0x000a0e6c,__dynamic_cast,0x000a0e94,__dynamic_cast+0x680,BRANCH
0x000a0e70,__dynamic_cast,0x000a0e88,__dynamic_cast+0x674,BRANCH
0x000a0e84,__dynamic_cast,0x000a0e94,__dynamic_cast+0x680,BRANCH
0x000a0e90,__dynamic_cast,0x000a0e9c,__dynamic_cast+0x688,BRANCH
0x000a0e98,__dynamic_cast,0x000a0f0c,__dynamic_cast+0x6f8,BRANCH
0x000a0eb0,__dynamic_cast,0x000a0f08,__dynamic_cast+0x6f4,BRANCH
0x000a0eb4,__dynamic_cast,N/A,"x9, 0x141000 <vtable for std::__ndk1::regex_error+0x640>",ADRP_PAGE_REF
0x000a0eb8,__dynamic_cast,N/A,"x1, 0x141000 <vtable for std::__ndk1::regex_error+0x640>",ADRP_PAGE_REF
0x000a0ec8,__dynamic_cast,0x000a0f28,__dynamic_cast+0x714,BRANCH
0x000a0ecc,__dynamic_cast,N/A,"x2, 0x141000 <vtable for std::__ndk1::regex_error+0x640>",ADRP_PAGE_REF
0x000a0edc,__dynamic_cast,0x00132cc8,__dynamic_cast@plt,DIRECT_CALL
0x000a0f04,__dynamic_cast,0x000a102c,__dynamic_cast+0x818,BRANCH
0x000a0f28,__dynamic_cast,N/A,"x2, 0x141000 <vtable for std::__ndk1::regex_error+0x640>",ADRP_PAGE_REF
0x000a0f38,__dynamic_cast,0x00132cc8,__dynamic_cast@plt,DIRECT_CALL
0x000a0f44,__dynamic_cast,0x000a0f0c,__dynamic_cast+0x6f8,BRANCH
0x000a0f48,__dynamic_cast,N/A,"x1, 0x141000 <vtable for std::__ndk1::regex_error+0x640>",ADRP_PAGE_REF
0x000a0f4c,__dynamic_cast,N/A,"x2, 0x141000 <vtable for std::__ndk1::regex_error+0x640>",ADRP_PAGE_REF
0x000a0f60,__dynamic_cast,0x00132cc8,__dynamic_cast@plt,DIRECT_CALL
0x000a0f88,__dynamic_cast,0x000a1150,__dynamic_cast+0x93c,BRANCH
0x000a0f8c,__dynamic_cast,N/A,"x1, 0x141000 <vtable for std::__ndk1::regex_error+0x640>",ADRP_PAGE_REF
0x000a0f90,__dynamic_cast,N/A,"x2, 0x141000 <vtable for std::__ndk1::regex_error+0x640>",ADRP_PAGE_REF
0x000a0fa4,__dynamic_cast,0x00132cc8,__dynamic_cast@plt,DIRECT_CALL
0x000a0fac,__dynamic_cast,N/A,"x1, 0x141000 <vtable for std::__ndk1::regex_error+0x640>",ADRP_PAGE_REF
0x000a0fb0,__dynamic_cast,N/A,"x2, 0x141000 <vtable for std::__ndk1::regex_error+0x640>",ADRP_PAGE_REF
0x000a0fc8,__dynamic_cast,0x00132cc8,__dynamic_cast@plt,DIRECT_CALL
0x000a1004,__dynamic_cast,N/A,x9,INDIRECT_CALL
0x000a1014,__dynamic_cast,0x000a0f0c,__dynamic_cast+0x6f8,BRANCH
0x000a1028,__dynamic_cast,0x000a0f0c,__dynamic_cast+0x6f8,BRANCH
0x000a1044,__dynamic_cast,N/A,"x20, 0x141000 <vtable for std::__ndk1::regex_error+0x640>",ADRP_PAGE_REF
0x000a1048,__dynamic_cast,N/A,"x21, 0x141000 <vtable for std::__ndk1::regex_error+0x640>",ADRP_PAGE_REF
0x000a1070,__dynamic_cast,0x00132cc8,__dynamic_cast@plt,DIRECT_CALL
0x000a1084,__dynamic_cast,0x000a10fc,__dynamic_cast+0x8e8,BRANCH
0x000a109c,__dynamic_cast,0x000a1134,__dynamic_cast+0x920,BRANCH
0x000a10b4,__dynamic_cast,0x00132cc8,__dynamic_cast@plt,DIRECT_CALL
0x000a10c0,__dynamic_cast,N/A,"x1, 0x141000 <vtable for std::__ndk1::regex_error+0x640>",ADRP_PAGE_REF
0x000a10c4,__dynamic_cast,N/A,"x2, 0x141000 <vtable for std::__ndk1::regex_error+0x640>",ADRP_PAGE_REF
0x000a10d8,__dynamic_cast,0x00132cc8,__dynamic_cast@plt,DIRECT_CALL
0x000a10f8,__dynamic_cast,0x000a1150,__dynamic_cast+0x93c,BRANCH
0x000a1168,__dynamic_cast,N/A,"x8, 0x141000 <vtable for std::__ndk1::regex_error+0x640>",ADRP_PAGE_REF
0x000a116c,__dynamic_cast,N/A,"x2, 0x141000 <vtable for std::__ndk1::regex_error+0x640>",ADRP_PAGE_REF
0x000a1188,__dynamic_cast,0x00132cc8,__dynamic_cast@plt,DIRECT_CALL
0x000a119c,__dynamic_cast,0x000a11bc,__dynamic_cast+0x9a8,BRANCH
0x000a11d0,__dynamic_cast,0x000a11e8,__dynamic_cast+0x9d4,BRANCH
0x000a1224,__dynamic_cast,N/A,"x8, 0x141000 <vtable for std::__ndk1::regex_error+0x640>",ADRP_PAGE_REF
0x000a1238,__dynamic_cast,0x000a126c,__dynamic_cast+0xa58,BRANCH
0x000a1248,__dynamic_cast,0x000a12a8,__dynamic_cast+0xa94,BRANCH
0x000a1250,__dynamic_cast,0x000a136c,__dynamic_cast+0xb58,BRANCH
0x000a125c,__dynamic_cast,0x00132ce0,strcmp@plt,DIRECT_CALL
0x000a1268,__dynamic_cast,0x000a134c,__dynamic_cast+0xb38,BRANCH
0x000a1274,__dynamic_cast,N/A,"x1, 0x141000 <vtable for std::__ndk1::regex_error+0x640>",ADRP_PAGE_REF
0x000a1278,__dynamic_cast,N/A,"x8, 0x141000 <vtable for std::__ndk1::regex_error+0x640>",ADRP_PAGE_REF
0x000a1290,__dynamic_cast,0x00132cc8,__dynamic_cast@plt,DIRECT_CALL
0x000a12a4,__dynamic_cast,0x000a1368,__dynamic_cast+0xb54,BRANCH
0x000a12a8,__dynamic_cast,N/A,"x1, 0x141000 <vtable for std::__ndk1::regex_error+0x640>",ADRP_PAGE_REF
0x000a12ac,__dynamic_cast,N/A,"x2, 0x141000 <vtable for std::__ndk1::regex_error+0x640>",ADRP_PAGE_REF
0x000a12c0,__dynamic_cast,0x00132cc8,__dynamic_cast@plt,DIRECT_CALL
0x000a12d0,__dynamic_cast,0x000a124c,__dynamic_cast+0xa38,BRANCH
0x000a12dc,__dynamic_cast,0x000a136c,__dynamic_cast+0xb58,BRANCH
0x000a12e0,__dynamic_cast,N/A,"x1, 0x141000 <vtable for std::__ndk1::regex_error+0x640>",ADRP_PAGE_REF
0x000a12e4,__dynamic_cast,N/A,"x2, 0x141000 <vtable for std::__ndk1::regex_error+0x640>",ADRP_PAGE_REF
0x000a12f8,__dynamic_cast,0x00132cc8,__dynamic_cast@plt,DIRECT_CALL
0x000a130c,__dynamic_cast,0x000a1334,__dynamic_cast+0xb20,BRANCH
0x000a1318,__dynamic_cast,0x000a1334,__dynamic_cast+0xb20,BRANCH
0x000a1330,__dynamic_cast,0x000a1384,__dynamic_cast+0xb70,BRANCH
0x000a13f0,__dynamic_cast,0x000a154c,__dynamic_cast+0xd38,BRANCH
0x000a1400,__dynamic_cast,0x00132ce0,strcmp@plt,DIRECT_CALL
0x000a1410,__dynamic_cast,0x000a1424,__dynamic_cast+0xc10,BRANCH
0x000a141c,__dynamic_cast,0x00132ce0,strcmp@plt,DIRECT_CALL
0x000a142c,__dynamic_cast,0x000a156c,__dynamic_cast+0xd58,BRANCH
0x000a1438,__dynamic_cast,0x000a156c,__dynamic_cast+0xd58,BRANCH
0x000a1448,__dynamic_cast,0x000a16f8,__dynamic_cast+0xee4,BRANCH
0x000a146c,__dynamic_cast,0x000a1598,__dynamic_cast+0xd84,BRANCH
0x000a147c,__dynamic_cast,0x000a154c,__dynamic_cast+0xd38,BRANCH
0x000a148c,__dynamic_cast,0x000a1424,__dynamic_cast+0xc10,BRANCH
0x000a14cc,__dynamic_cast,N/A,x10,INDIRECT_CALL
0x000a14d4,__dynamic_cast,0x000a1730,__dynamic_cast+0xf1c,BRANCH
0x000a14f4,__dynamic_cast,0x000a1610,__dynamic_cast+0xdfc,BRANCH
0x000a14fc,__dynamic_cast,0x000a152c,__dynamic_cast+0xd18,BRANCH
0x000a1520,__dynamic_cast,N/A,x9,INDIRECT_CALL
0x000a1528,__dynamic_cast,0x000a1730,__dynamic_cast+0xf1c,BRANCH
0x000a1548,__dynamic_cast,0x000a1500,__dynamic_cast+0xcec,BRANCH
0x000a1554,__dynamic_cast,0x000a1730,__dynamic_cast+0xf1c,BRANCH
0x000a1560,__dynamic_cast,0x000a1730,__dynamic_cast+0xf1c,BRANCH
0x000a1568,__dynamic_cast,0x000a1730,__dynamic_cast+0xf1c,BRANCH
0x000a1570,__dynamic_cast,0x000a1730,__dynamic_cast+0xf1c,BRANCH
0x000a157c,__dynamic_cast,0x000a1730,__dynamic_cast+0xf1c,BRANCH
0x000a1594,__dynamic_cast,0x000a16d8,__dynamic_cast+0xec4,BRANCH
0x000a15d4,__dynamic_cast,N/A,x9,INDIRECT_CALL
0x000a15f8,__dynamic_cast,0x000a1728,__dynamic_cast+0xf14,BRANCH
0x000a160c,__dynamic_cast,0x000a158c,__dynamic_cast+0xd78,BRANCH
0x000a1618,__dynamic_cast,0x000a16ac,__dynamic_cast+0xe98,BRANCH
0x000a163c,__dynamic_cast,N/A,x9,INDIRECT_CALL
0x000a1644,__dynamic_cast,0x000a1730,__dynamic_cast+0xf1c,BRANCH
0x000a1658,__dynamic_cast,0x000a1668,__dynamic_cast+0xe54,BRANCH
0x000a1664,__dynamic_cast,0x000a1730,__dynamic_cast+0xf1c,BRANCH
0x000a167c,__dynamic_cast,0x000a161c,__dynamic_cast+0xe08,BRANCH
0x000a16a0,__dynamic_cast,N/A,x9,INDIRECT_CALL
0x000a16a8,__dynamic_cast,0x000a1730,__dynamic_cast+0xf1c,BRANCH
0x000a16bc,__dynamic_cast,0x000a1730,__dynamic_cast+0xf1c,BRANCH
0x000a16d4,__dynamic_cast,0x000a1680,__dynamic_cast+0xe6c,BRANCH
0x000a16ec,__dynamic_cast,0x000a1730,__dynamic_cast+0xf1c,BRANCH
0x000a170c,__dynamic_cast,0x000a1730,__dynamic_cast+0xf1c,BRANCH
0x000a1718,__dynamic_cast,0x000a1730,__dynamic_cast+0xf1c,BRANCH
0x000a1724,__dynamic_cast,0x000a1730,__dynamic_cast+0xf1c,BRANCH
0x000a175c,__dynamic_cast,0x000a1730,__dynamic_cast+0xf1c,BRANCH
0x000a1794,__dynamic_cast,0x000a1890,__dynamic_cast+0x107c,BRANCH
0x000a17a8,__dynamic_cast,0x00132ce0,strcmp@plt,DIRECT_CALL
0x000a17bc,__dynamic_cast,0x000a17d4,__dynamic_cast+0xfc0,BRANCH
0x000a17c8,__dynamic_cast,0x00132ce0,strcmp@plt,DIRECT_CALL
0x000a17dc,__dynamic_cast,0x000a18dc,__dynamic_cast+0x10c8,BRANCH
0x000a17e8,__dynamic_cast,0x000a18dc,__dynamic_cast+0x10c8,BRANCH
0x000a17f8,__dynamic_cast,0x000a190c,__dynamic_cast+0x10f8,BRANCH
0x000a1820,__dynamic_cast,N/A,x8,INDIRECT_CALL
0x000a183c,__dynamic_cast,0x000a190c,__dynamic_cast+0x10f8,BRANCH
0x000a184c,__dynamic_cast,0x000a1890,__dynamic_cast+0x107c,BRANCH
0x000a185c,__dynamic_cast,0x000a17d4,__dynamic_cast+0xfc0,BRANCH
0x000a1898,__dynamic_cast,0x000a18b4,__dynamic_cast+0x10a0,BRANCH
0x000a18bc,__dynamic_cast,0x000a189c,__dynamic_cast+0x1088,BRANCH
0x000a18e0,__dynamic_cast,0x000a189c,__dynamic_cast+0x1088,BRANCH
0x000a1920,__dynamic_cast,0x000a189c,__dynamic_cast+0x1088,BRANCH
0x000a192c,__dynamic_cast,0x000a189c,__dynamic_cast+0x1088,BRANCH
0x000a1980,__dynamic_cast,0x000a1a58,__dynamic_cast+0x1244,BRANCH
0x000a1994,__dynamic_cast,0x00132ce0,strcmp@plt,DIRECT_CALL
0x000a19a4,__dynamic_cast,0x000a19f0,__dynamic_cast+0x11dc,BRANCH
0x000a19b0,__dynamic_cast,0x00132ce0,strcmp@plt,DIRECT_CALL
0x000a19dc,__dynamic_cast,0x000a1a58,__dynamic_cast+0x1244,BRANCH
0x000a19ec,__dynamic_cast,0x000a19b8,__dynamic_cast+0x11a4,BRANCH
0x000a19f8,__dynamic_cast,0x000a1a8c,__dynamic_cast+0x1278,BRANCH
0x000a1a04,__dynamic_cast,0x000a1a8c,__dynamic_cast+0x1278,BRANCH
0x000a1a20,__dynamic_cast,0x000a1a38,__dynamic_cast+0x1224,BRANCH
0x000a1a2c,__dynamic_cast,0x000a1a38,__dynamic_cast+0x1224,BRANCH
0x000a1a60,__dynamic_cast,0x000a19b8,__dynamic_cast+0x11a4,BRANCH
0x000a1a6c,__dynamic_cast,0x000a19b8,__dynamic_cast+0x11a4,BRANCH
0x000a1a90,__dynamic_cast,0x000a19b8,__dynamic_cast+0x11a4,BRANCH
0x000a1af8,__dynamic_cast,0x000a1b0c,__dynamic_cast+0x12f8,BRANCH
0x000a1b04,__dynamic_cast,0x00132ce0,strcmp@plt,DIRECT_CALL
0x000a1b1c,__dynamic_cast,0x000a1ce8,__dynamic_cast+0x14d4,BRANCH
0x000a1b30,__dynamic_cast,0x000a1cb8,__dynamic_cast+0x14a4,BRANCH
0x000a1b40,__dynamic_cast,0x000a1ce0,__dynamic_cast+0x14cc,BRANCH
0x000a1b50,__dynamic_cast,0x000a1b0c,__dynamic_cast+0x12f8,BRANCH
0x000a1ba0,__dynamic_cast,N/A,x9,INDIRECT_CALL
0x000a1bc8,__dynamic_cast,0x000a1c8c,__dynamic_cast+0x1478,BRANCH
0x000a1bd8,__dynamic_cast,0x000a1c38,__dynamic_cast+0x1424,BRANCH
0x000a1c04,__dynamic_cast,N/A,x9,INDIRECT_CALL
0x000a1c34,__dynamic_cast,0x000a1c8c,__dynamic_cast+0x1478,BRANCH
0x000a1c44,__dynamic_cast,0x000a1c60,__dynamic_cast+0x144c,BRANCH
0x000a1c50,__dynamic_cast,0x000a1c8c,__dynamic_cast+0x1478,BRANCH
0x000a1c5c,__dynamic_cast,0x000a1c8c,__dynamic_cast+0x1478,BRANCH
0x000a1c64,__dynamic_cast,0x000a1c70,__dynamic_cast+0x145c,BRANCH
0x000a1c88,__dynamic_cast,0x000a1bdc,__dynamic_cast+0x13c8,BRANCH
0x000a1c9c,__dynamic_cast,0x000a1ce8,__dynamic_cast+0x14d4,BRANCH
0x000a1cb0,__dynamic_cast,0x000a1cd4,__dynamic_cast+0x14c0,BRANCH
0x000a1cb4,__dynamic_cast,0x000a1ce8,__dynamic_cast+0x14d4,BRANCH
0x000a1cc0,__dynamic_cast,0x000a1ccc,__dynamic_cast+0x14b8,BRANCH
0x000a1cd0,__dynamic_cast,0x000a1ce8,__dynamic_cast+0x14d4,BRANCH
0x000a1cdc,__dynamic_cast,0x000a1ce8,__dynamic_cast+0x14d4,BRANCH
0x000a1d2c,__dynamic_cast,0x000a1d7c,__dynamic_cast+0x1568,BRANCH
0x000a1d58,__dynamic_cast,0x00132ce0,strcmp@plt,DIRECT_CALL
0x000a1d8c,__dynamic_cast,0x000a1de0,__dynamic_cast+0x15cc,BRANCH
0x000a1db4,__dynamic_cast,0x000a1d7c,__dynamic_cast+0x1568,BRANCH
0x000a1df0,__dynamic_cast,0x000a1e1c,__dynamic_cast+0x1608,BRANCH
0x000a1e00,__dynamic_cast,0x000a1e44,__dynamic_cast+0x1630,BRANCH
0x000a1e14,__dynamic_cast,0x000a1e38,__dynamic_cast+0x1624,BRANCH
0x000a1e18,__dynamic_cast,0x000a1d90,__dynamic_cast+0x157c,BRANCH
0x000a1e24,__dynamic_cast,0x000a1e30,__dynamic_cast+0x161c,BRANCH
0x000a1e34,__dynamic_cast,0x000a1d90,__dynamic_cast+0x157c,BRANCH
0x000a1e40,__dynamic_cast,0x000a1d90,__dynamic_cast+0x157c,BRANCH
0x000a1e74,__dynamic_cast,0x000a1ee4,__dynamic_cast+0x16d0,BRANCH
0x000a1ea8,__dynamic_cast,0x00132ce0,strcmp@plt,DIRECT_CALL
0x000a1ee0,__dynamic_cast,0x000a1ed0,__dynamic_cast+0x16bc,BRANCH
0x000a1ef4,__dynamic_cast,0x000a1ed0,__dynamic_cast+0x16bc,BRANCH
0x000a1f08,__dynamic_cast,0x000a1f3c,__dynamic_cast+0x1728,BRANCH
0x000a1f34,__dynamic_cast,0x000a1f58,__dynamic_cast+0x1744,BRANCH
0x000a1f38,__dynamic_cast,0x000a1ed0,__dynamic_cast+0x16bc,BRANCH
0x000a1f44,__dynamic_cast,0x000a1f50,__dynamic_cast+0x173c,BRANCH
0x000a1f54,__dynamic_cast,0x000a1ed0,__dynamic_cast+0x16bc,BRANCH
0x000a1f60,__dynamic_cast,0x000a1ed0,__dynamic_cast+0x16bc,BRANCH
0x000a1fc0,__cxa_demangle,0x000a2210,__cxa_demangle+0x2a0,BRANCH
0x000a1fcc,__cxa_demangle,0x00132cf8,strlen@plt,DIRECT_CALL
0x000a20e8,__cxa_demangle,0x000a2164,__cxa_demangle+0x1f4,BRANCH
0x000a20f8,__cxa_demangle,0x000a223c,__cxa_demangle+0x2cc,BRANCH
0x000a2100,__cxa_demangle,0x000a2164,__cxa_demangle+0x1f4,BRANCH
0x000a211c,__cxa_demangle,0x000a2244,__cxa_demangle+0x2d4,BRANCH
0x000a2124,__cxa_demangle,0x000a2164,__cxa_demangle+0x1f4,BRANCH
0x000a2138,__cxa_demangle,0x000a2300,__cxa_demangle+0x390,BRANCH
0x000a2140,__cxa_demangle,0x000a2164,__cxa_demangle+0x1f4,BRANCH
0x000a2160,__cxa_demangle,0x000a2308,__cxa_demangle+0x398,BRANCH
0x000a2168,__cxa_demangle,0x000a32d8,__cxa_demangle+0x1368,DIRECT_CALL
0x000a2174,__cxa_demangle,0x000a2430,__cxa_demangle+0x4c0,BRANCH
0x000a2190,__cxa_demangle,0x000a21b8,__cxa_demangle+0x248,BRANCH
0x000a21a8,__cxa_demangle,0x000a2194,__cxa_demangle+0x224,BRANCH
0x000a21ac,__cxa_demangle,0x00132830,free@plt,DIRECT_CALL
0x000a21c8,__cxa_demangle,0x000a21d0,__cxa_demangle+0x260,BRANCH
0x000a21cc,__cxa_demangle,0x00132830,free@plt,DIRECT_CALL
0x000a21d8,__cxa_demangle,0x000a21e0,__cxa_demangle+0x270,BRANCH
0x000a21dc,__cxa_demangle,0x00132830,free@plt,DIRECT_CALL
0x000a21e8,__cxa_demangle,0x000a21f0,__cxa_demangle+0x280,BRANCH
0x000a21ec,__cxa_demangle,0x00132830,free@plt,DIRECT_CALL
0x000a21f8,__cxa_demangle,0x000a2200,__cxa_demangle+0x290,BRANCH
0x000a21fc,__cxa_demangle,0x00132830,free@plt,DIRECT_CALL
0x000a2208,__cxa_demangle,0x000a2210,__cxa_demangle+0x2a0,BRANCH
0x000a220c,__cxa_demangle,0x00132830,free@plt,DIRECT_CALL
0x000a2240,__cxa_demangle,0x000a2248,__cxa_demangle+0x2d8,BRANCH
0x000a2254,__cxa_demangle,0x000a26c0,__cxa_demangle+0x750,DIRECT_CALL
0x000a2264,__cxa_demangle,0x000a2434,__cxa_demangle+0x4c4,BRANCH
0x000a2270,__cxa_demangle,0x000a2178,__cxa_demangle+0x208,BRANCH
0x000a2284,__cxa_demangle,0x000a22b4,__cxa_demangle+0x344,BRANCH
0x000a2294,__cxa_demangle,0x00132d10,malloc@plt,DIRECT_CALL
0x000a22c0,__cxa_demangle,N/A,"x9, 0x13c000 <vtable for __cxxabiv1::__pointer_to_member_type_info+0x1dd0>",ADRP_PAGE_REF
0x000a22fc,__cxa_demangle,0x000a2434,__cxa_demangle+0x4c4,BRANCH
0x000a2304,__cxa_demangle,0x000a230c,__cxa_demangle+0x39c,BRANCH
0x000a2318,__cxa_demangle,0x000a26c0,__cxa_demangle+0x750,DIRECT_CALL
0x000a2330,__cxa_demangle,0x000a2368,__cxa_demangle+0x3f8,BRANCH
0x000a2364,__cxa_demangle,0x000a2374,__cxa_demangle+0x404,BRANCH
0x000a2370,__cxa_demangle,0x000a2178,__cxa_demangle+0x208,BRANCH
0x000a2380,__cxa_demangle,0x000a241c,__cxa_demangle+0x4ac,BRANCH
0x000a238c,__cxa_demangle,0x000a2398,__cxa_demangle+0x428,BRANCH
0x000a239c,__cxa_demangle,0x000a23b8,__cxa_demangle+0x448,BRANCH
0x000a23ac,__cxa_demangle,0x000a23c4,__cxa_demangle+0x454,BRANCH
0x000a23b4,__cxa_demangle,0x000a23f8,__cxa_demangle+0x488,BRANCH
0x000a23c0,__cxa_demangle,0x000a23f8,__cxa_demangle+0x488,BRANCH
0x000a23d4,__cxa_demangle,0x000a23ec,__cxa_demangle+0x47c,BRANCH
0x000a23e4,__cxa_demangle,0x000a23c8,__cxa_demangle+0x458,BRANCH
0x000a23fc,__cxa_demangle,0x000a2404,__cxa_demangle+0x494,BRANCH
0x000a2408,__cxa_demangle,0x000a241c,__cxa_demangle+0x4ac,BRANCH
0x000a2414,__cxa_demangle,0x000a2368,__cxa_demangle+0x3f8,BRANCH
0x000a241c,__cxa_demangle,N/A,"x1, 0x56000",ADRP_PAGE_REF
0x000a242c,__cxa_demangle,0x000a3224,__cxa_demangle+0x12b4,DIRECT_CALL
0x000a243c,__cxa_demangle,0x000a2444,__cxa_demangle+0x4d4,BRANCH
0x000a2468,__cxa_demangle,0x000a2504,__cxa_demangle+0x594,BRANCH
0x000a247c,__cxa_demangle,N/A,x8,INDIRECT_CALL
0x000a248c,__cxa_demangle,0x000a24a4,__cxa_demangle+0x534,BRANCH
0x000a24a0,__cxa_demangle,N/A,x8,INDIRECT_CALL
0x000a24b4,__cxa_demangle,0x000a24e0,__cxa_demangle+0x570,BRANCH
0x000a24cc,__cxa_demangle,0x00132d28,realloc@plt,DIRECT_CALL
0x000a2500,__cxa_demangle,0x000a2188,__cxa_demangle+0x218,BRANCH
0x000a2504,__cxa_demangle,N/A,"x0, 0x54000",ADRP_PAGE_REF
0x000a250c,__cxa_demangle,N/A,"x1, 0x56000",ADRP_PAGE_REF
0x000a2520,__cxa_demangle,0x000a0110,std::bad_typeid::what() const+0x10,DIRECT_CALL
0x000a2524,__cxa_demangle,0x00132c80,abort@plt,DIRECT_CALL
0x000a2528,__cxa_demangle,0x00132800,_ZSt9terminatev@plt,DIRECT_CALL
0x000a2534,__cxa_demangle,0x000a2568,__cxa_demangle+0x5f8,DIRECT_CALL
0x000a253c,__cxa_demangle,0x0012e82c,__emutls_get_address+0xd50,DIRECT_CALL
0x000a2548,__cxa_demangle,0x000a2568,__cxa_demangle+0x5f8,DIRECT_CALL
0x000a2550,__cxa_demangle,0x0012e82c,__emutls_get_address+0xd50,DIRECT_CALL
0x000a255c,__cxa_demangle,0x000a2568,__cxa_demangle+0x5f8,DIRECT_CALL
0x000a2564,__cxa_demangle,0x0012e82c,__emutls_get_address+0xd50,DIRECT_CALL
0x000a2588,__cxa_demangle,0x000a25b0,__cxa_demangle+0x640,BRANCH
0x000a258c,__cxa_demangle,0x00132830,free@plt,DIRECT_CALL
0x000a25a4,__cxa_demangle,0x000a258c,__cxa_demangle+0x61c,BRANCH
0x000a25c4,__cxa_demangle,0x000a25cc,__cxa_demangle+0x65c,BRANCH
0x000a25c8,__cxa_demangle,0x00132830,free@plt,DIRECT_CALL
0x000a25d8,__cxa_demangle,0x000a25e0,__cxa_demangle+0x670,BRANCH
0x000a25dc,__cxa_demangle,0x00132830,free@plt,DIRECT_CALL
0x000a25ec,__cxa_demangle,0x000a25f4,__cxa_demangle+0x684,BRANCH
0x000a25f0,__cxa_demangle,0x00132830,free@plt,DIRECT_CALL
0x000a2600,__cxa_demangle,0x000a2608,__cxa_demangle+0x698,BRANCH
0x000a2604,__cxa_demangle,0x00132830,free@plt,DIRECT_CALL
0x000a2614,__cxa_demangle,0x000a2628,__cxa_demangle+0x6b8,BRANCH
0x000a2624,__cxa_demangle,0x00132830,free@plt,BRANCH
0x000a2658,__cxa_demangle,0x000a2674,__cxa_demangle+0x704,BRANCH
0x000a2680,__cxa_demangle,0x00132d58,memcmp@plt,DIRECT_CALL
0x000a26f0,__cxa_demangle,0x000a465c,__cxa_demangle+0x26ec,DIRECT_CALL
0x000a26fc,__cxa_demangle,0x000a2788,__cxa_demangle+0x818,BRANCH
0x000a2708,__cxa_demangle,0x000a2860,__cxa_demangle+0x8f0,BRANCH
0x000a2710,__cxa_demangle,0x000a2788,__cxa_demangle+0x818,BRANCH
0x000a2718,__cxa_demangle,0x000a2c48,__cxa_demangle+0xcd8,BRANCH
0x000a2724,__cxa_demangle,0x000a29f0,__cxa_demangle+0xa80,BRANCH
0x000a272c,__cxa_demangle,0x000a2c10,__cxa_demangle+0xca0,BRANCH
0x000a2734,__cxa_demangle,0x000a2ee4,__cxa_demangle+0xf74,BRANCH
0x000a273c,__cxa_demangle,0x000a2f34,__cxa_demangle+0xfc4,BRANCH
0x000a2744,__cxa_demangle,0x000a2c48,__cxa_demangle+0xcd8,BRANCH
0x000a2754,__cxa_demangle,0x000a5be4,__cxa_demangle+0x3c74,DIRECT_CALL
0x000a2760,__cxa_demangle,0x000a5be4,__cxa_demangle+0x3c74,DIRECT_CALL
0x000a276c,__cxa_demangle,0x000a26c0,__cxa_demangle+0x750,DIRECT_CALL
0x000a2780,__cxa_demangle,0x000a5d94,__cxa_demangle+0x3e24,DIRECT_CALL
0x000a2784,__cxa_demangle,0x000a2f64,__cxa_demangle+0xff4,BRANCH
0x000a27b8,__cxa_demangle,0x000a4810,__cxa_demangle+0x28a0,DIRECT_CALL
0x000a27e0,__cxa_demangle,0x000a2920,__cxa_demangle+0x9b0,BRANCH
0x000a27f0,__cxa_demangle,0x000a302c,__cxa_demangle+0x10bc,BRANCH
0x000a2814,__cxa_demangle,0x000a302c,__cxa_demangle+0x10bc,BRANCH
0x000a2828,__cxa_demangle,0x000a2928,__cxa_demangle+0x9b8,BRANCH
0x000a2850,__cxa_demangle,0x000a281c,__cxa_demangle+0x8ac,BRANCH
0x000a2858,__cxa_demangle,0x000a292c,__cxa_demangle+0x9bc,BRANCH
0x000a285c,__cxa_demangle,0x000a302c,__cxa_demangle+0x10bc,BRANCH
0x000a2864,__cxa_demangle,0x000a302c,__cxa_demangle+0x10bc,BRANCH
0x000a2870,__cxa_demangle,0x000a2b30,__cxa_demangle+0xbc0,BRANCH
0x000a2878,__cxa_demangle,0x000a2a74,__cxa_demangle+0xb04,BRANCH
0x000a2880,__cxa_demangle,0x000a302c,__cxa_demangle+0x10bc,BRANCH
0x000a2894,__cxa_demangle,0x000a4810,__cxa_demangle+0x28a0,DIRECT_CALL
0x000a28ac,__cxa_demangle,0x000a28d4,__cxa_demangle+0x964,BRANCH
0x000a28b8,__cxa_demangle,0x00132d10,malloc@plt,DIRECT_CALL
0x000a28dc,__cxa_demangle,N/A,"x8, 0x13a000 <typeinfo for __cxxabiv1::__array_type_info>",ADRP_PAGE_REF
0x000a2904,__cxa_demangle,N/A,"x8, 0x55000",ADRP_PAGE_REF
0x000a291c,__cxa_demangle,0x000a3030,__cxa_demangle+0x10c0,BRANCH
0x000a2920,__cxa_demangle,0x000a3098,__cxa_demangle+0x1128,BRANCH
0x000a2934,__cxa_demangle,0x000a3030,__cxa_demangle+0x10c0,BRANCH
0x000a2944,__cxa_demangle,0x000a2964,__cxa_demangle+0x9f4,BRANCH
0x000a2960,__cxa_demangle,0x000a3030,__cxa_demangle+0x10c0,BRANCH
0x000a296c,__cxa_demangle,0x000a29a4,__cxa_demangle+0xa34,BRANCH
0x000a29a0,__cxa_demangle,0x000a2f6c,__cxa_demangle+0xffc,BRANCH
0x000a29bc,__cxa_demangle,0x000a32d8,__cxa_demangle+0x1368,DIRECT_CALL
0x000a29d4,__cxa_demangle,0x000a2cb0,__cxa_demangle+0xd40,BRANCH
0x000a29e0,__cxa_demangle,0x000a2cb0,__cxa_demangle+0xd40,BRANCH
0x000a29ec,__cxa_demangle,0x000a2e28,__cxa_demangle+0xeb8,BRANCH
0x000a29f4,__cxa_demangle,0x000a2bd8,__cxa_demangle+0xc68,BRANCH
0x000a29fc,__cxa_demangle,0x000a2e90,__cxa_demangle+0xf20,BRANCH
0x000a2a04,__cxa_demangle,0x000a2c48,__cxa_demangle+0xcd8,BRANCH
0x000a2a14,__cxa_demangle,0x000a32d8,__cxa_demangle+0x1368,DIRECT_CALL
0x000a2a28,__cxa_demangle,0x000a3198,__cxa_demangle+0x1228,DIRECT_CALL
0x000a2a38,__cxa_demangle,0x000a302c,__cxa_demangle+0x10bc,BRANCH
0x000a2a44,__cxa_demangle,0x000a302c,__cxa_demangle+0x10bc,BRANCH
0x000a2a54,__cxa_demangle,0x000a32d8,__cxa_demangle+0x1368,DIRECT_CALL
0x000a2a6c,__cxa_demangle,0x000a5e44,__cxa_demangle+0x3ed4,DIRECT_CALL
0x000a2a70,__cxa_demangle,0x000a2f64,__cxa_demangle+0xff4,BRANCH
0x000a2a84,__cxa_demangle,0x000a4810,__cxa_demangle+0x28a0,DIRECT_CALL
0x000a2a98,__cxa_demangle,0x000a2abc,__cxa_demangle+0xb4c,BRANCH
0x000a2aa4,__cxa_demangle,0x000a2abc,__cxa_demangle+0xb4c,BRANCH
0x000a2aac,__cxa_demangle,0x000a2af0,__cxa_demangle+0xb80,BRANCH
0x000a2ab8,__cxa_demangle,0x000a2af0,__cxa_demangle+0xb80,BRANCH
0x000a2ac4,__cxa_demangle,0x000a2b1c,__cxa_demangle+0xbac,BRANCH
0x000a2ad0,__cxa_demangle,0x000a2b1c,__cxa_demangle+0xbac,BRANCH
0x000a2adc,__cxa_demangle,0x000a2b20,__cxa_demangle+0xbb0,BRANCH
0x000a2aec,__cxa_demangle,0x000a302c,__cxa_demangle+0x10bc,BRANCH
0x000a2af8,__cxa_demangle,0x000a2b10,__cxa_demangle+0xba0,BRANCH
0x000a2b00,__cxa_demangle,0x000a2ae0,__cxa_demangle+0xb70,BRANCH
0x000a2b0c,__cxa_demangle,0x000a2ae0,__cxa_demangle+0xb70,BRANCH
0x000a2b18,__cxa_demangle,0x000a2ac8,__cxa_demangle+0xb58,BRANCH
0x000a2b28,__cxa_demangle,0x000a60f8,__cxa_demangle+0x4188,DIRECT_CALL
0x000a2b2c,__cxa_demangle,0x000a2f64,__cxa_demangle+0xff4,BRANCH
0x000a2b44,__cxa_demangle,0x000a61a8,__cxa_demangle+0x4238,DIRECT_CALL
0x000a2b6c,__cxa_demangle,0x000a2b8c,__cxa_demangle+0xc1c,BRANCH
0x000a2b74,__cxa_demangle,0x00132d10,malloc@plt,DIRECT_CALL
0x000a2b94,__cxa_demangle,N/A,"x8, 0x13a000 <typeinfo for __cxxabiv1::__array_type_info>",ADRP_PAGE_REF
0x000a2bbc,__cxa_demangle,N/A,"x8, 0x55000",ADRP_PAGE_REF
0x000a2bd4,__cxa_demangle,0x000a3030,__cxa_demangle+0x10c0,BRANCH
0x000a2bdc,__cxa_demangle,0x000a2eb8,__cxa_demangle+0xf48,BRANCH
0x000a2be4,__cxa_demangle,0x000a2c48,__cxa_demangle+0xcd8,BRANCH
0x000a2bf4,__cxa_demangle,0x000a32d8,__cxa_demangle+0x1368,DIRECT_CALL
0x000a2c08,__cxa_demangle,0x000a5a84,__cxa_demangle+0x3b14,DIRECT_CALL
0x000a2c0c,__cxa_demangle,0x000a2f64,__cxa_demangle+0xff4,BRANCH
0x000a2c14,__cxa_demangle,0x000a2f0c,__cxa_demangle+0xf9c,BRANCH
0x000a2c1c,__cxa_demangle,0x000a2c48,__cxa_demangle+0xcd8,BRANCH
0x000a2c2c,__cxa_demangle,0x000a32d8,__cxa_demangle+0x1368,DIRECT_CALL
0x000a2c40,__cxa_demangle,0x000a59d4,__cxa_demangle+0x3a64,DIRECT_CALL
0x000a2c44,__cxa_demangle,0x000a2f64,__cxa_demangle+0xff4,BRANCH
0x000a2c54,__cxa_demangle,0x000a2c74,__cxa_demangle+0xd04,BRANCH
0x000a2c68,__cxa_demangle,0x000a5be4,__cxa_demangle+0x3c74,DIRECT_CALL
0x000a2c70,__cxa_demangle,0x000a2c84,__cxa_demangle+0xd14,BRANCH
0x000a2c7c,__cxa_demangle,0x000a5be4,__cxa_demangle+0x3c74,DIRECT_CALL
0x000a2c88,__cxa_demangle,0x000a26c0,__cxa_demangle+0x750,DIRECT_CALL
0x000a2ca0,__cxa_demangle,0x000a5f9c,__cxa_demangle+0x402c,DIRECT_CALL
0x000a2ca4,__cxa_demangle,0x000a2f64,__cxa_demangle+0xff4,BRANCH
0x000a2ca8,__cxa_demangle,0x000a604c,__cxa_demangle+0x40dc,DIRECT_CALL
0x000a2cac,__cxa_demangle,0x000a2f64,__cxa_demangle+0xff4,BRANCH
0x000a2cdc,__cxa_demangle,0x000a32d8,__cxa_demangle+0x1368,DIRECT_CALL
0x000a2d04,__cxa_demangle,0x000a2d74,__cxa_demangle+0xe04,BRANCH
0x000a2d18,__cxa_demangle,0x000a2d38,__cxa_demangle+0xdc8,BRANCH
0x000a2d20,__cxa_demangle,0x00132d10,malloc@plt,DIRECT_CALL
0x000a2d48,__cxa_demangle,N/A,"x9, 0x13c000 <vtable for __cxxabiv1::__pointer_to_member_type_info+0x1dd0>",ADRP_PAGE_REF
0x000a2d7c,__cxa_demangle,0x000a2de0,__cxa_demangle+0xe70,BRANCH
0x000a2d90,__cxa_demangle,0x000a2da4,__cxa_demangle+0xe34,BRANCH
0x000a2d94,__cxa_demangle,0x00132d28,realloc@plt,DIRECT_CALL
0x000a2da0,__cxa_demangle,0x000a30c0,__cxa_demangle+0x1150,BRANCH
0x000a2da8,__cxa_demangle,0x00132d10,malloc@plt,DIRECT_CALL
0x000a2db4,__cxa_demangle,0x000a2dcc,__cxa_demangle+0xe5c,BRANCH
0x000a2dc4,__cxa_demangle,0x00132d70,memcpy@plt,DIRECT_CALL
0x000a2df4,__cxa_demangle,0x000a2e14,__cxa_demangle+0xea4,BRANCH
0x000a2e04,__cxa_demangle,0x000a2cd8,__cxa_demangle+0xd68,BRANCH
0x000a2e10,__cxa_demangle,0x000a2cd8,__cxa_demangle+0xd68,BRANCH
0x000a2e1c,__cxa_demangle,0x000a5440,__cxa_demangle+0x34d0,DIRECT_CALL
0x000a2e30,__cxa_demangle,0x000a2e68,__cxa_demangle+0xef8,BRANCH
0x000a2e3c,__cxa_demangle,0x000a2e68,__cxa_demangle+0xef8,BRANCH
0x000a2e58,__cxa_demangle,0x000a8524,__cxa_demangle+0x65b4,DIRECT_CALL
0x000a2e88,__cxa_demangle,0x000a559c,__cxa_demangle+0x362c,DIRECT_CALL
0x000a2e8c,__cxa_demangle,0x000a2f64,__cxa_demangle+0xff4,BRANCH
0x000a2e9c,__cxa_demangle,0x000a4f54,__cxa_demangle+0x2fe4,DIRECT_CALL
0x000a2eb0,__cxa_demangle,0x000a5874,__cxa_demangle+0x3904,DIRECT_CALL
0x000a2eb4,__cxa_demangle,0x000a2f64,__cxa_demangle+0xff4,BRANCH
0x000a2ec8,__cxa_demangle,0x000a4810,__cxa_demangle+0x28a0,DIRECT_CALL
0x000a2edc,__cxa_demangle,0x000a5eec,__cxa_demangle+0x3f7c,DIRECT_CALL
0x000a2ee0,__cxa_demangle,0x000a2f64,__cxa_demangle+0xff4,BRANCH
0x000a2ef0,__cxa_demangle,0x000a32d8,__cxa_demangle+0x1368,DIRECT_CALL
0x000a2f04,__cxa_demangle,0x000a5924,__cxa_demangle+0x39b4,DIRECT_CALL
0x000a2f08,__cxa_demangle,0x000a2f64,__cxa_demangle+0xff4,BRANCH
0x000a2f18,__cxa_demangle,0x000a32d8,__cxa_demangle+0x1368,DIRECT_CALL
0x000a2f2c,__cxa_demangle,0x000a5b34,__cxa_demangle+0x3bc4,DIRECT_CALL
0x000a2f30,__cxa_demangle,0x000a2f64,__cxa_demangle+0xff4,BRANCH
0x000a2f44,__cxa_demangle,0x000a4810,__cxa_demangle+0x28a0,DIRECT_CALL
0x000a2f50,__cxa_demangle,N/A,"x1, 0x56000",ADRP_PAGE_REF
0x000a2f60,__cxa_demangle,0x000a3224,__cxa_demangle+0x12b4,DIRECT_CALL
0x000a2f68,__cxa_demangle,0x000a3030,__cxa_demangle+0x10c0,BRANCH
0x000a2f84,__cxa_demangle,0x000a2fb8,__cxa_demangle+0x1048,BRANCH
0x000a2f88,__cxa_demangle,0x00132d28,realloc@plt,DIRECT_CALL
0x000a2fbc,__cxa_demangle,0x000a2fcc,__cxa_demangle+0x105c,BRANCH
0x000a2fc8,__cxa_demangle,0x000a3060,__cxa_demangle+0x10f0,BRANCH
0x000a2fd0,__cxa_demangle,0x000a4f54,__cxa_demangle+0x2fe4,DIRECT_CALL
0x000a2fe0,__cxa_demangle,0x000a2fa8,__cxa_demangle+0x1038,BRANCH
0x000a2ff8,__cxa_demangle,0x000a2f88,__cxa_demangle+0x1018,BRANCH
0x000a3000,__cxa_demangle,0x00132d10,malloc@plt,DIRECT_CALL
0x000a300c,__cxa_demangle,0x000a3024,__cxa_demangle+0x10b4,BRANCH
0x000a301c,__cxa_demangle,0x00132d70,memcpy@plt,DIRECT_CALL
0x000a3028,__cxa_demangle,0x000a2f94,__cxa_demangle+0x1024,BRANCH
0x000a3034,__cxa_demangle,0x000a5690,__cxa_demangle+0x3720,DIRECT_CALL
0x000a3070,__cxa_demangle,0x000a5440,__cxa_demangle+0x34d0,DIRECT_CALL
0x000a3080,__cxa_demangle,0x000a53a0,__cxa_demangle+0x3430,DIRECT_CALL
0x000a3094,__cxa_demangle,0x000a29c8,__cxa_demangle+0xa58,BRANCH
0x000a3098,__cxa_demangle,N/A,"x0, 0x54000",ADRP_PAGE_REF
0x000a30a0,__cxa_demangle,N/A,"x1, 0x55000",ADRP_PAGE_REF
0x000a30a8,__cxa_demangle,N/A,"x3, 0x55000",ADRP_PAGE_REF
0x000a30b4,__cxa_demangle,0x000a0110,std::bad_typeid::what() const+0x10,DIRECT_CALL
0x000a30b8,__cxa_demangle,0x00132800,_ZSt9terminatev@plt,DIRECT_CALL
0x000a30bc,__cxa_demangle,0x00132c80,abort@plt,DIRECT_CALL
0x000a30c0,__cxa_demangle,0x00132c80,abort@plt,DIRECT_CALL
0x000a30c4,__cxa_demangle,0x00132c80,abort@plt,DIRECT_CALL
0x000a30c8,__cxa_demangle,0x00132c80,abort@plt,DIRECT_CALL
0x000a30d4,__cxa_demangle,0x000a5690,__cxa_demangle+0x3720,DIRECT_CALL
0x000a30dc,__cxa_demangle,0x0012e82c,__emutls_get_address+0xd50,DIRECT_CALL
0x000a30ec,__cxa_demangle,0x000a5690,__cxa_demangle+0x3720,DIRECT_CALL
0x000a30f4,__cxa_demangle,0x0012e82c,__emutls_get_address+0xd50,DIRECT_CALL
0x000a3100,__cxa_demangle,0x000a5690,__cxa_demangle+0x3720,DIRECT_CALL
0x000a3108,__cxa_demangle,0x0012e82c,__emutls_get_address+0xd50,DIRECT_CALL
0x000a3114,__cxa_demangle,0x000a5690,__cxa_demangle+0x3720,DIRECT_CALL
0x000a311c,__cxa_demangle,0x0012e82c,__emutls_get_address+0xd50,DIRECT_CALL
0x000a3128,__cxa_demangle,0x000a5690,__cxa_demangle+0x3720,DIRECT_CALL
0x000a3130,__cxa_demangle,0x0012e82c,__emutls_get_address+0xd50,DIRECT_CALL
0x000a313c,__cxa_demangle,0x000a5690,__cxa_demangle+0x3720,DIRECT_CALL
0x000a3144,__cxa_demangle,0x0012e82c,__emutls_get_address+0xd50,DIRECT_CALL
0x000a3150,__cxa_demangle,0x000a5690,__cxa_demangle+0x3720,DIRECT_CALL
0x000a3158,__cxa_demangle,0x0012e82c,__emutls_get_address+0xd50,DIRECT_CALL
0x000a3164,__cxa_demangle,0x000a5690,__cxa_demangle+0x3720,DIRECT_CALL
0x000a316c,__cxa_demangle,0x0012e82c,__emutls_get_address+0xd50,DIRECT_CALL
0x000a3178,__cxa_demangle,0x000a5690,__cxa_demangle+0x3720,DIRECT_CALL
0x000a3180,__cxa_demangle,0x0012e82c,__emutls_get_address+0xd50,DIRECT_CALL
0x000a318c,__cxa_demangle,0x000a5690,__cxa_demangle+0x3720,DIRECT_CALL
0x000a3194,__cxa_demangle,0x0012e82c,__emutls_get_address+0xd50,DIRECT_CALL
0x000a31b8,__cxa_demangle,0x000a31d4,__cxa_demangle+0x1264,BRANCH
0x000a31c8,__cxa_demangle,0x000a31d4,__cxa_demangle+0x1264,BRANCH
0x000a31d8,__cxa_demangle,0x000a31ec,__cxa_demangle+0x127c,BRANCH
0x000a31e8,__cxa_demangle,0x000a31f8,__cxa_demangle+0x1288,BRANCH
0x000a3204,__cxa_demangle,0x000a321c,__cxa_demangle+0x12ac,BRANCH
0x000a3214,__cxa_demangle,0x000a31f8,__cxa_demangle+0x1288,BRANCH
0x000a3250,__cxa_demangle,0x000a3274,__cxa_demangle+0x1304,BRANCH
0x000a325c,__cxa_demangle,0x00132d10,malloc@plt,DIRECT_CALL
0x000a3284,__cxa_demangle,0x00132cf8,strlen@plt,DIRECT_CALL
0x000a3288,__cxa_demangle,N/A,"x8, 0x13a000 <typeinfo for __cxxabiv1::__array_type_info>",ADRP_PAGE_REF
0x000a32d4,__cxa_demangle,0x00132800,_ZSt9terminatev@plt,DIRECT_CALL
0x000a3304,__cxa_demangle,0x000a3ef0,__cxa_demangle+0x1f80,BRANCH
0x000a3314,__cxa_demangle,0x000a3ef0,__cxa_demangle+0x1f80,BRANCH
0x000a3348,__cxa_demangle,0x000a41dc,__cxa_demangle+0x226c,BRANCH
0x000a3358,__cxa_demangle,0x000a4220,__cxa_demangle+0x22b0,BRANCH
0x000a3364,__cxa_demangle,0x000a41dc,__cxa_demangle+0x226c,BRANCH
0x000a336c,__cxa_demangle,0x000a425c,__cxa_demangle+0x22ec,BRANCH
0x000a338c,__cxa_demangle,0x000a33ac,__cxa_demangle+0x143c,BRANCH
0x000a3394,__cxa_demangle,0x00132d10,malloc@plt,DIRECT_CALL
0x000a33b4,__cxa_demangle,N/A,"x8, 0x13a000 <typeinfo for __cxxabiv1::__array_type_info>",ADRP_PAGE_REF
0x000a33d8,__cxa_demangle,N/A,"x9, 0x54000",ADRP_PAGE_REF
0x000a33ec,__cxa_demangle,0x000a40bc,__cxa_demangle+0x214c,BRANCH
0x000a340c,__cxa_demangle,0x000a342c,__cxa_demangle+0x14bc,BRANCH
0x000a3414,__cxa_demangle,0x00132d10,malloc@plt,DIRECT_CALL
0x000a3434,__cxa_demangle,N/A,"x8, 0x13a000 <typeinfo for __cxxabiv1::__array_type_info>",ADRP_PAGE_REF
0x000a3454,__cxa_demangle,N/A,"x9, 0x56000",ADRP_PAGE_REF
0x000a345c,__cxa_demangle,0x000a40ac,__cxa_demangle+0x213c,BRANCH
0x000a347c,__cxa_demangle,0x000a349c,__cxa_demangle+0x152c,BRANCH
0x000a3484,__cxa_demangle,0x00132d10,malloc@plt,DIRECT_CALL
0x000a34a4,__cxa_demangle,N/A,"x8, 0x13a000 <typeinfo for __cxxabiv1::__array_type_info>",ADRP_PAGE_REF
0x000a34c4,__cxa_demangle,N/A,"x9, 0x55000",ADRP_PAGE_REF
0x000a34cc,__cxa_demangle,0x000a3ce4,__cxa_demangle+0x1d74,BRANCH
0x000a34ec,__cxa_demangle,0x000a350c,__cxa_demangle+0x159c,BRANCH
0x000a34f4,__cxa_demangle,0x00132d10,malloc@plt,DIRECT_CALL
0x000a3514,__cxa_demangle,N/A,"x8, 0x13a000 <typeinfo for __cxxabiv1::__array_type_info>",ADRP_PAGE_REF
0x000a3538,__cxa_demangle,N/A,"x9, 0x55000",ADRP_PAGE_REF
0x000a354c,__cxa_demangle,0x000a40bc,__cxa_demangle+0x214c,BRANCH
0x000a356c,__cxa_demangle,0x000a358c,__cxa_demangle+0x161c,BRANCH
0x000a3574,__cxa_demangle,0x00132d10,malloc@plt,DIRECT_CALL
0x000a3594,__cxa_demangle,N/A,"x8, 0x13a000 <typeinfo for __cxxabiv1::__array_type_info>",ADRP_PAGE_REF
0x000a35c0,__cxa_demangle,N/A,"x8, 0x54000",ADRP_PAGE_REF
0x000a35cc,__cxa_demangle,0x000a40c0,__cxa_demangle+0x2150,BRANCH
0x000a35ec,__cxa_demangle,0x000a360c,__cxa_demangle+0x169c,BRANCH
0x000a35f4,__cxa_demangle,0x00132d10,malloc@plt,DIRECT_CALL
0x000a3614,__cxa_demangle,N/A,"x8, 0x13a000 <typeinfo for __cxxabiv1::__array_type_info>",ADRP_PAGE_REF
0x000a3638,__cxa_demangle,N/A,"x9, 0x54000",ADRP_PAGE_REF
0x000a364c,__cxa_demangle,0x000a40bc,__cxa_demangle+0x214c,BRANCH
0x000a366c,__cxa_demangle,0x000a368c,__cxa_demangle+0x171c,BRANCH
0x000a3674,__cxa_demangle,0x00132d10,malloc@plt,DIRECT_CALL
0x000a3694,__cxa_demangle,N/A,"x8, 0x13a000 <typeinfo for __cxxabiv1::__array_type_info>",ADRP_PAGE_REF
0x000a36b4,__cxa_demangle,N/A,"x9, 0x56000",ADRP_PAGE_REF
0x000a36bc,__cxa_demangle,0x000a381c,__cxa_demangle+0x18ac,BRANCH
0x000a36dc,__cxa_demangle,0x000a36fc,__cxa_demangle+0x178c,BRANCH
0x000a36e4,__cxa_demangle,0x00132d10,malloc@plt,DIRECT_CALL
0x000a3704,__cxa_demangle,N/A,"x8, 0x13a000 <typeinfo for __cxxabiv1::__array_type_info>",ADRP_PAGE_REF
0x000a3724,__cxa_demangle,N/A,"x9, 0x55000",ADRP_PAGE_REF
0x000a372c,__cxa_demangle,0x000a40ac,__cxa_demangle+0x213c,BRANCH
0x000a374c,__cxa_demangle,0x000a376c,__cxa_demangle+0x17fc,BRANCH
0x000a3754,__cxa_demangle,0x00132d10,malloc@plt,DIRECT_CALL
0x000a3774,__cxa_demangle,N/A,"x8, 0x13a000 <typeinfo for __cxxabiv1::__array_type_info>",ADRP_PAGE_REF
0x000a3798,__cxa_demangle,N/A,"x9, 0x54000",ADRP_PAGE_REF
0x000a37ac,__cxa_demangle,0x000a40bc,__cxa_demangle+0x214c,BRANCH
0x000a37cc,__cxa_demangle,0x000a37ec,__cxa_demangle+0x187c,BRANCH
0x000a37d4,__cxa_demangle,0x00132d10,malloc@plt,DIRECT_CALL
0x000a37f4,__cxa_demangle,N/A,"x8, 0x13a000 <typeinfo for __cxxabiv1::__array_type_info>",ADRP_PAGE_REF
0x000a3814,__cxa_demangle,N/A,"x9, 0x54000",ADRP_PAGE_REF
0x000a382c,__cxa_demangle,0x000a40bc,__cxa_demangle+0x214c,BRANCH
0x000a384c,__cxa_demangle,0x000a386c,__cxa_demangle+0x18fc,BRANCH
0x000a3854,__cxa_demangle,0x00132d10,malloc@plt,DIRECT_CALL
0x000a3874,__cxa_demangle,N/A,"x8, 0x13a000 <typeinfo for __cxxabiv1::__array_type_info>",ADRP_PAGE_REF
0x000a3894,__cxa_demangle,N/A,"x9, 0x55000",ADRP_PAGE_REF
0x000a389c,__cxa_demangle,0x000a390c,__cxa_demangle+0x199c,BRANCH
0x000a38bc,__cxa_demangle,0x000a38dc,__cxa_demangle+0x196c,BRANCH
0x000a38c4,__cxa_demangle,0x00132d10,malloc@plt,DIRECT_CALL
0x000a38e4,__cxa_demangle,N/A,"x8, 0x13a000 <typeinfo for __cxxabiv1::__array_type_info>",ADRP_PAGE_REF
0x000a3904,__cxa_demangle,N/A,"x9, 0x56000",ADRP_PAGE_REF
0x000a391c,__cxa_demangle,0x000a40bc,__cxa_demangle+0x214c,BRANCH
0x000a3928,__cxa_demangle,0x000a420c,__cxa_demangle+0x229c,BRANCH
0x000a394c,__cxa_demangle,0x000a3964,__cxa_demangle+0x19f4,BRANCH
0x000a3968,__cxa_demangle,0x000a39b8,__cxa_demangle+0x1a48,BRANCH
0x000a3974,__cxa_demangle,0x000a3c64,__cxa_demangle+0x1cf4,BRANCH
0x000a397c,__cxa_demangle,0x000a39b8,__cxa_demangle+0x1a48,BRANCH
0x000a398c,__cxa_demangle,0x000a39b8,__cxa_demangle+0x1a48,BRANCH
0x000a399c,__cxa_demangle,0x000a39b8,__cxa_demangle+0x1a48,BRANCH
0x000a39b4,__cxa_demangle,0x000a3c64,__cxa_demangle+0x1cf4,BRANCH
0x000a39c0,__cxa_demangle,0x000b6eb8,__cxa_demangle+0x14f48,DIRECT_CALL
0x000a39c8,__cxa_demangle,0x000a40c0,__cxa_demangle+0x2150,BRANCH
0x000a39e8,__cxa_demangle,0x000a3a08,__cxa_demangle+0x1a98,BRANCH
0x000a39f0,__cxa_demangle,0x00132d10,malloc@plt,DIRECT_CALL
0x000a3a10,__cxa_demangle,N/A,"x8, 0x13a000 <typeinfo for __cxxabiv1::__array_type_info>",ADRP_PAGE_REF
0x000a3a34,__cxa_demangle,N/A,"x9, 0x56000",ADRP_PAGE_REF
0x000a3a48,__cxa_demangle,0x000a40bc,__cxa_demangle+0x214c,BRANCH
0x000a3a5c,__cxa_demangle,0x000a32d8,__cxa_demangle+0x1368,DIRECT_CALL
0x000a3a70,__cxa_demangle,0x000b7dc0,__cxa_demangle+0x15e50,DIRECT_CALL
0x000a3a74,__cxa_demangle,0x000a3f00,__cxa_demangle+0x1f90,BRANCH
0x000a3a88,__cxa_demangle,0x000a32d8,__cxa_demangle+0x1368,DIRECT_CALL
0x000a3a9c,__cxa_demangle,0x000b7e70,__cxa_demangle+0x15f00,DIRECT_CALL
0x000a3aa0,__cxa_demangle,0x000a3f00,__cxa_demangle+0x1f90,BRANCH
0x000a3ab4,__cxa_demangle,0x000a32d8,__cxa_demangle+0x1368,DIRECT_CALL
0x000a3ac8,__cxa_demangle,0x000a3fac,__cxa_demangle+0x203c,BRANCH
0x000a3ae8,__cxa_demangle,0x000a3b08,__cxa_demangle+0x1b98,BRANCH
0x000a3af0,__cxa_demangle,0x00132d10,malloc@plt,DIRECT_CALL
0x000a3b10,__cxa_demangle,N/A,"x8, 0x13a000 <typeinfo for __cxxabiv1::__array_type_info>",ADRP_PAGE_REF
0x000a3b30,__cxa_demangle,N/A,"x9, 0x55000",ADRP_PAGE_REF
0x000a3b38,__cxa_demangle,0x000a3dd4,__cxa_demangle+0x1e64,BRANCH
0x000a3b4c,__cxa_demangle,0x000a464c,__cxa_demangle+0x26dc,BRANCH
0x000a3b5c,__cxa_demangle,0x000a464c,__cxa_demangle+0x26dc,BRANCH
0x000a3b88,__cxa_demangle,0x000a42a0,__cxa_demangle+0x2330,BRANCH
0x000a3ba4,__cxa_demangle,0x000a3b70,__cxa_demangle+0x1c00,BRANCH
0x000a3bac,__cxa_demangle,0x000a42a8,__cxa_demangle+0x2338,BRANCH
0x000a3bb8,__cxa_demangle,0x000a3be4,__cxa_demangle+0x1c74,BRANCH
0x000a3bc8,__cxa_demangle,0x000a3be4,__cxa_demangle+0x1c74,BRANCH
0x000a3be0,__cxa_demangle,0x000a3ef0,__cxa_demangle+0x1f80,BRANCH
0x000a3be8,__cxa_demangle,0x000a7228,__cxa_demangle+0x52b8,DIRECT_CALL
0x000a3c04,__cxa_demangle,0x000a3f00,__cxa_demangle+0x1f90,BRANCH
0x000a3c10,__cxa_demangle,0x000a3f00,__cxa_demangle+0x1f90,BRANCH
0x000a3c1c,__cxa_demangle,0x000a6be4,__cxa_demangle+0x4c74,DIRECT_CALL
0x000a3c28,__cxa_demangle,0x000a40c0,__cxa_demangle+0x2150,BRANCH
0x000a3c34,__cxa_demangle,0x000a464c,__cxa_demangle+0x26dc,BRANCH
0x000a3c48,__cxa_demangle,0x000a40c0,__cxa_demangle+0x2150,BRANCH
0x000a3c4c,__cxa_demangle,N/A,"x12, 0x57000",ADRP_PAGE_REF
0x000a3c6c,__cxa_demangle,0x000b68c8,__cxa_demangle+0x14958,DIRECT_CALL
0x000a3c74,__cxa_demangle,0x000a40c0,__cxa_demangle+0x2150,BRANCH
0x000a3c94,__cxa_demangle,0x000a3cb4,__cxa_demangle+0x1d44,BRANCH
0x000a3c9c,__cxa_demangle,0x00132d10,malloc@plt,DIRECT_CALL
0x000a3cbc,__cxa_demangle,N/A,"x8, 0x13a000 <typeinfo for __cxxabiv1::__array_type_info>",ADRP_PAGE_REF
0x000a3cdc,__cxa_demangle,N/A,"x9, 0x55000",ADRP_PAGE_REF
0x000a3cf4,__cxa_demangle,0x000a40bc,__cxa_demangle+0x214c,BRANCH
0x000a3d08,__cxa_demangle,0x000a32d8,__cxa_demangle+0x1368,DIRECT_CALL
0x000a3d1c,__cxa_demangle,0x000b7c58,__cxa_demangle+0x15ce8,DIRECT_CALL
0x000a3d20,__cxa_demangle,0x000a3f00,__cxa_demangle+0x1f90,BRANCH
0x000a3d34,__cxa_demangle,0x000a32d8,__cxa_demangle+0x1368,DIRECT_CALL
0x000a3d44,__cxa_demangle,0x000a32d8,__cxa_demangle+0x1368,DIRECT_CALL
0x000a3d5c,__cxa_demangle,0x000b97dc,__cxa_demangle+0x1786c,DIRECT_CALL
0x000a3d64,__cxa_demangle,0x000a40c0,__cxa_demangle+0x2150,BRANCH
0x000a3d84,__cxa_demangle,0x000a3da4,__cxa_demangle+0x1e34,BRANCH
0x000a3d8c,__cxa_demangle,0x00132d10,malloc@plt,DIRECT_CALL
0x000a3dac,__cxa_demangle,N/A,"x8, 0x13a000 <typeinfo for __cxxabiv1::__array_type_info>",ADRP_PAGE_REF
0x000a3dcc,__cxa_demangle,N/A,"x9, 0x56000",ADRP_PAGE_REF
0x000a3de4,__cxa_demangle,0x000a40bc,__cxa_demangle+0x214c,BRANCH
0x000a3e04,__cxa_demangle,0x000a3e24,__cxa_demangle+0x1eb4,BRANCH
0x000a3e0c,__cxa_demangle,0x00132d10,malloc@plt,DIRECT_CALL
0x000a3e2c,__cxa_demangle,N/A,"x8, 0x13a000 <typeinfo for __cxxabiv1::__array_type_info>",ADRP_PAGE_REF
0x000a3e4c,__cxa_demangle,N/A,"x9, 0x54000",ADRP_PAGE_REF
0x000a3e54,__cxa_demangle,0x000a40ac,__cxa_demangle+0x213c,BRANCH
0x000a3e74,__cxa_demangle,0x000a3e94,__cxa_demangle+0x1f24,BRANCH
0x000a3e7c,__cxa_demangle,0x00132d10,malloc@plt,DIRECT_CALL
0x000a3e9c,__cxa_demangle,N/A,"x8, 0x13a000 <typeinfo for __cxxabiv1::__array_type_info>",ADRP_PAGE_REF
0x000a3ec0,__cxa_demangle,N/A,"x9, 0x54000",ADRP_PAGE_REF
0x000a3ed4,__cxa_demangle,0x000a40bc,__cxa_demangle+0x214c,BRANCH
0x000a3ee0,__cxa_demangle,0x000a4160,__cxa_demangle+0x21f0,BRANCH
0x000a3eec,__cxa_demangle,0x000a4160,__cxa_demangle+0x21f0,BRANCH
0x000a3ef8,__cxa_demangle,0x000b7ac4,__cxa_demangle+0x15b54,DIRECT_CALL
0x000a3f08,__cxa_demangle,0x000a3f7c,__cxa_demangle+0x200c,BRANCH
0x000a3f24,__cxa_demangle,0x000a3f3c,__cxa_demangle+0x1fcc,BRANCH
0x000a3f2c,__cxa_demangle,0x00132d28,realloc@plt,DIRECT_CALL
0x000a3f38,__cxa_demangle,0x00132c80,abort@plt,DIRECT_CALL
0x000a3f40,__cxa_demangle,0x00132d10,malloc@plt,DIRECT_CALL
0x000a3f4c,__cxa_demangle,0x000a3f64,__cxa_demangle+0x1ff4,BRANCH
0x000a3f5c,__cxa_demangle,0x00132d88,memmove@plt,DIRECT_CALL
0x000a3f88,__cxa_demangle,0x000a40c0,__cxa_demangle+0x2150,BRANCH
0x000a3f9c,__cxa_demangle,0x000a32d8,__cxa_demangle+0x1368,DIRECT_CALL
0x000a3fb8,__cxa_demangle,0x000b7d04,__cxa_demangle+0x15d94,DIRECT_CALL
0x000a3fbc,__cxa_demangle,0x000a3f00,__cxa_demangle+0x1f90,BRANCH
0x000a3fdc,__cxa_demangle,0x000a3ffc,__cxa_demangle+0x208c,BRANCH
0x000a3fe4,__cxa_demangle,0x00132d10,malloc@plt,DIRECT_CALL
0x000a4004,__cxa_demangle,N/A,"x8, 0x13a000 <typeinfo for __cxxabiv1::__array_type_info>",ADRP_PAGE_REF
0x000a4028,__cxa_demangle,N/A,"x9, 0x56000",ADRP_PAGE_REF
0x000a403c,__cxa_demangle,0x000a40bc,__cxa_demangle+0x214c,BRANCH
0x000a405c,__cxa_demangle,0x000a407c,__cxa_demangle+0x210c,BRANCH
0x000a4064,__cxa_demangle,0x00132d10,malloc@plt,DIRECT_CALL
0x000a4084,__cxa_demangle,N/A,"x8, 0x13a000 <typeinfo for __cxxabiv1::__array_type_info>",ADRP_PAGE_REF
0x000a40a4,__cxa_demangle,N/A,"x9, 0x54000",ADRP_PAGE_REF
0x000a40fc,__cxa_demangle,0x000a411c,__cxa_demangle+0x21ac,BRANCH
0x000a4104,__cxa_demangle,0x00132d10,malloc@plt,DIRECT_CALL
0x000a4124,__cxa_demangle,N/A,"x8, 0x13a000 <typeinfo for __cxxabiv1::__array_type_info>",ADRP_PAGE_REF
0x000a4148,__cxa_demangle,N/A,"x9, 0x55000",ADRP_PAGE_REF
0x000a415c,__cxa_demangle,0x000a40bc,__cxa_demangle+0x214c,BRANCH
0x000a4170,__cxa_demangle,0x000a6a64,__cxa_demangle+0x4af4,DIRECT_CALL
0x000a4184,__cxa_demangle,0x000a4294,__cxa_demangle+0x2324,BRANCH
0x000a4194,__cxa_demangle,0x000a4298,__cxa_demangle+0x2328,BRANCH
0x000a41b0,__cxa_demangle,0x000a52c8,__cxa_demangle+0x3358,DIRECT_CALL
0x000a41bc,__cxa_demangle,0x000a6be4,__cxa_demangle+0x4c74,DIRECT_CALL
0x000a41d4,__cxa_demangle,0x000a7180,__cxa_demangle+0x5210,DIRECT_CALL
0x000a41d8,__cxa_demangle,0x000a3f00,__cxa_demangle+0x1f90,BRANCH
0x000a41e0,__cxa_demangle,0x000a8524,__cxa_demangle+0x65b4,DIRECT_CALL
0x000a41f0,__cxa_demangle,0x000a4288,__cxa_demangle+0x2318,BRANCH
0x000a41fc,__cxa_demangle,0x000a4288,__cxa_demangle+0x2318,BRANCH
0x000a4208,__cxa_demangle,0x000a425c,__cxa_demangle+0x22ec,BRANCH
0x000a4218,__cxa_demangle,0x000a3950,__cxa_demangle+0x19e0,BRANCH
0x000a421c,__cxa_demangle,0x000a3964,__cxa_demangle+0x19f4,BRANCH
0x000a4228,__cxa_demangle,0x000a3198,__cxa_demangle+0x1228,DIRECT_CALL
0x000a4238,__cxa_demangle,0x000a7ff8,__cxa_demangle+0x6088,DIRECT_CALL
0x000a4248,__cxa_demangle,0x000a4288,__cxa_demangle+0x2318,BRANCH
0x000a4254,__cxa_demangle,0x000a4288,__cxa_demangle+0x2318,BRANCH
0x000a4264,__cxa_demangle,0x000a32d8,__cxa_demangle+0x1368,DIRECT_CALL
0x000a427c,__cxa_demangle,0x000b9560,__cxa_demangle+0x175f0,DIRECT_CALL
0x000a4284,__cxa_demangle,0x000a40c0,__cxa_demangle+0x2150,BRANCH
0x000a4290,__cxa_demangle,0x000a40c0,__cxa_demangle+0x2150,BRANCH
0x000a429c,__cxa_demangle,0x000a3f00,__cxa_demangle+0x1f90,BRANCH
0x000a42b0,__cxa_demangle,0x000a464c,__cxa_demangle+0x26dc,BRANCH
0x000a42c8,__cxa_demangle,0x000a4324,__cxa_demangle+0x23b4,BRANCH
0x000a42d4,__cxa_demangle,0x000a4324,__cxa_demangle+0x23b4,BRANCH
0x000a42e4,__cxa_demangle,0x000a32d8,__cxa_demangle+0x1368,DIRECT_CALL
0x000a42f8,__cxa_demangle,0x000a464c,__cxa_demangle+0x26dc,BRANCH
0x000a4304,__cxa_demangle,0x000a464c,__cxa_demangle+0x26dc,BRANCH
0x000a431c,__cxa_demangle,0x000b750c,__cxa_demangle+0x1559c,DIRECT_CALL
0x000a4320,__cxa_demangle,0x000a3f00,__cxa_demangle+0x1f90,BRANCH
0x000a432c,__cxa_demangle,0x000a67ec,__cxa_demangle+0x487c,DIRECT_CALL
0x000a4330,__cxa_demangle,0x000a3f00,__cxa_demangle+0x1f90,BRANCH
0x000a4338,__cxa_demangle,N/A,"x9, 0x54000",ADRP_PAGE_REF
0x000a4340,__cxa_demangle,N/A,"x11, 0x56000",ADRP_PAGE_REF
0x000a4370,__cxa_demangle,0x000a4810,__cxa_demangle+0x28a0,DIRECT_CALL
0x000a4388,__cxa_demangle,0x000b7708,__cxa_demangle+0x15798,DIRECT_CALL
0x000a438c,__cxa_demangle,0x000a40c0,__cxa_demangle+0x2150,BRANCH
0x000a4398,__cxa_demangle,0x000a75f8,__cxa_demangle+0x5688,DIRECT_CALL
0x000a43a0,__cxa_demangle,0x000a40c0,__cxa_demangle+0x2150,BRANCH
0x000a43bc,__cxa_demangle,0x000a43d0,__cxa_demangle+0x2460,BRANCH
0x000a43cc,__cxa_demangle,0x000a45f8,__cxa_demangle+0x2688,BRANCH
0x000a43d4,__cxa_demangle,0x000a8524,__cxa_demangle+0x65b4,DIRECT_CALL
0x000a43e0,__cxa_demangle,0x000a40c0,__cxa_demangle+0x2150,BRANCH
0x000a43ec,__cxa_demangle,N/A,"x1, 0x54000",ADRP_PAGE_REF
0x000a4414,__cxa_demangle,0x000ae664,__cxa_demangle+0xc6f4,BRANCH
0x000a4420,__cxa_demangle,0x000b77b4,__cxa_demangle+0x15844,DIRECT_CALL
0x000a4428,__cxa_demangle,0x000a40c0,__cxa_demangle+0x2150,BRANCH
0x000a443c,__cxa_demangle,0x000a32d8,__cxa_demangle+0x1368,DIRECT_CALL
0x000a4450,__cxa_demangle,0x000ac010,__cxa_demangle+0xa0a0,DIRECT_CALL
0x000a4454,__cxa_demangle,0x000a3f00,__cxa_demangle+0x1f90,BRANCH
0x000a4460,__cxa_demangle,N/A,"x1, 0x55000",ADRP_PAGE_REF
0x000a4488,__cxa_demangle,0x000b7464,__cxa_demangle+0x154f4,BRANCH
0x000a44a0,__cxa_demangle,0x000a3198,__cxa_demangle+0x1228,DIRECT_CALL
0x000a44b0,__cxa_demangle,0x000a7ff8,__cxa_demangle+0x6088,DIRECT_CALL
0x000a44c0,__cxa_demangle,0x000a464c,__cxa_demangle+0x26dc,BRANCH
0x000a44cc,__cxa_demangle,0x000a464c,__cxa_demangle+0x26dc,BRANCH
0x000a44e0,__cxa_demangle,0x000b75b8,__cxa_demangle+0x15648,DIRECT_CALL
0x000a44e4,__cxa_demangle,0x000a40c0,__cxa_demangle+0x2150,BRANCH
0x000a44ec,__cxa_demangle,N/A,"x1, 0x56000",ADRP_PAGE_REF
0x000a44f4,__cxa_demangle,0x000a4524,__cxa_demangle+0x25b4,BRANCH
0x000a44fc,__cxa_demangle,N/A,"x1, 0x55000",ADRP_PAGE_REF
0x000a4504,__cxa_demangle,0x000a458c,__cxa_demangle+0x261c,BRANCH
0x000a450c,__cxa_demangle,N/A,"x1, 0x56000",ADRP_PAGE_REF
0x000a4514,__cxa_demangle,0x000a4558,__cxa_demangle+0x25e8,BRANCH
0x000a451c,__cxa_demangle,N/A,"x1, 0x56000",ADRP_PAGE_REF
0x000a4548,__cxa_demangle,0x000b7314,__cxa_demangle+0x153a4,BRANCH
0x000a4550,__cxa_demangle,N/A,"x1, 0x54000",ADRP_PAGE_REF
0x000a457c,__cxa_demangle,0x000a8170,__cxa_demangle+0x6200,BRANCH
0x000a4584,__cxa_demangle,N/A,"x1, 0x56000",ADRP_PAGE_REF
0x000a45b0,__cxa_demangle,0x000b73bc,__cxa_demangle+0x1544c,BRANCH
0x000a45b8,__cxa_demangle,N/A,"x1, 0x54000",ADRP_PAGE_REF
0x000a45c0,__cxa_demangle,0x000a45d0,__cxa_demangle+0x2660,BRANCH
0x000a45c8,__cxa_demangle,N/A,"x1, 0x54000",ADRP_PAGE_REF
0x000a45f4,__cxa_demangle,0x000b560c,__cxa_demangle+0x1369c,BRANCH
0x000a4600,__cxa_demangle,0x000a3198,__cxa_demangle+0x1228,DIRECT_CALL
0x000a4610,__cxa_demangle,0x000a7ff8,__cxa_demangle+0x6088,DIRECT_CALL
0x000a4620,__cxa_demangle,0x000a464c,__cxa_demangle+0x26dc,BRANCH
0x000a462c,__cxa_demangle,0x000a464c,__cxa_demangle+0x26dc,BRANCH
0x000a4644,__cxa_demangle,0x000b7658,__cxa_demangle+0x156e8,DIRECT_CALL
0x000a4648,__cxa_demangle,0x000a40c0,__cxa_demangle+0x2150,BRANCH
0x000a4650,__cxa_demangle,0x000a40c0,__cxa_demangle+0x2150,BRANCH
0x000a4654,__cxa_demangle,0x00132800,_ZSt9terminatev@plt,DIRECT_CALL
0x000a4658,__cxa_demangle,0x00132c80,abort@plt,DIRECT_CALL
0x000a46c4,__cxa_demangle,0x000a4730,__cxa_demangle+0x27c0,BRANCH
0x000a46f4,__cxa_demangle,0x000a4798,__cxa_demangle+0x2828,BRANCH
0x000a4700,__cxa_demangle,0x000a4750,__cxa_demangle+0x27e0,BRANCH
0x000a472c,__cxa_demangle,0x000a47e0,__cxa_demangle+0x2870,BRANCH
0x000a4738,__cxa_demangle,0x000a4770,__cxa_demangle+0x2800,BRANCH
0x000a4740,__cxa_demangle,0x00132d88,memmove@plt,DIRECT_CALL
0x000a474c,__cxa_demangle,0x000a4774,__cxa_demangle+0x2804,BRANCH
0x000a476c,__cxa_demangle,0x000a47e4,__cxa_demangle+0x2874,BRANCH
0x000a4794,__cxa_demangle,0x000a46f8,__cxa_demangle+0x2788,BRANCH
0x000a479c,__cxa_demangle,0x000a47b0,__cxa_demangle+0x2840,BRANCH
0x000a47a0,__cxa_demangle,0x00132830,free@plt,DIRECT_CALL
0x000a47b8,__cxa_demangle,0x000a47d0,__cxa_demangle+0x2860,BRANCH
0x000a47c0,__cxa_demangle,0x00132d88,memmove@plt,DIRECT_CALL
0x000a47cc,__cxa_demangle,0x000a47d4,__cxa_demangle+0x2864,BRANCH
0x000a4844,__cxa_demangle,0x000a4890,__cxa_demangle+0x2920,BRANCH
0x000a4850,__cxa_demangle,0x000a4910,__cxa_demangle+0x29a0,BRANCH
0x000a4858,__cxa_demangle,0x000a4890,__cxa_demangle+0x2920,BRANCH
0x000a4868,__cxa_demangle,0x000a4998,__cxa_demangle+0x2a28,BRANCH
0x000a4874,__cxa_demangle,0x000a49d4,__cxa_demangle+0x2a64,BRANCH
0x000a488c,__cxa_demangle,0x000a4a24,__cxa_demangle+0x2ab4,BRANCH
0x000a48a0,__cxa_demangle,0x000a6a64,__cxa_demangle+0x4af4,DIRECT_CALL
0x000a48b0,__cxa_demangle,0x000a4900,__cxa_demangle+0x2990,BRANCH
0x000a48bc,__cxa_demangle,0x000a4900,__cxa_demangle+0x2990,BRANCH
0x000a48d0,__cxa_demangle,0x000a4e40,__cxa_demangle+0x2ed0,BRANCH
0x000a48ec,__cxa_demangle,0x000a4e00,__cxa_demangle+0x2e90,BRANCH
0x000a48f0,__cxa_demangle,0x00132d28,realloc@plt,DIRECT_CALL
0x000a48fc,__cxa_demangle,0x00132c80,abort@plt,DIRECT_CALL
0x000a490c,__cxa_demangle,0x000a4eb4,__cxa_demangle+0x2f44,BRANCH
0x000a491c,__cxa_demangle,0x000a26c0,__cxa_demangle+0x750,DIRECT_CALL
0x000a4930,__cxa_demangle,0x000a4eb0,__cxa_demangle+0x2f40,BRANCH
0x000a493c,__cxa_demangle,0x000a4eb0,__cxa_demangle+0x2f40,BRANCH
0x000a494c,__cxa_demangle,0x000a4d48,__cxa_demangle+0x2dd8,BRANCH
0x000a4958,__cxa_demangle,0x000a4d48,__cxa_demangle+0x2dd8,BRANCH
0x000a4964,__cxa_demangle,0x000b555c,__cxa_demangle+0x135ec,DIRECT_CALL
0x000a496c,__cxa_demangle,N/A,"x1, 0x55000",ADRP_PAGE_REF
0x000a4978,__cxa_demangle,0x000b560c,__cxa_demangle+0x1369c,DIRECT_CALL
0x000a498c,__cxa_demangle,0x000b56b4,__cxa_demangle+0x13744,DIRECT_CALL
0x000a4994,__cxa_demangle,0x000a4eb4,__cxa_demangle+0x2f44,BRANCH
0x000a49ac,__cxa_demangle,0x000a4a1c,__cxa_demangle+0x2aac,BRANCH
0x000a49b8,__cxa_demangle,0x000a49f8,__cxa_demangle+0x2a88,BRANCH
0x000a49d0,__cxa_demangle,0x000a4a24,__cxa_demangle+0x2ab4,BRANCH
0x000a49dc,__cxa_demangle,0x000a4d00,__cxa_demangle+0x2d90,BRANCH
0x000a49f0,__cxa_demangle,0x000a4d0c,__cxa_demangle+0x2d9c,BRANCH
0x000a49f4,__cxa_demangle,0x000a499c,__cxa_demangle+0x2a2c,BRANCH
0x000a4a00,__cxa_demangle,0x000a4a1c,__cxa_demangle+0x2aac,BRANCH
0x000a4a18,__cxa_demangle,0x000a4a24,__cxa_demangle+0x2ab4,BRANCH
0x000a4a2c,__cxa_demangle,N/A,"x25, 0x13c000 <vtable for __cxxabiv1::__pointer_to_member_type_info+0x1dd0>",ADRP_PAGE_REF
0x000a4a44,__cxa_demangle,0x000a4a54,__cxa_demangle+0x2ae4,BRANCH
0x000a4a50,__cxa_demangle,0x000a4cdc,__cxa_demangle+0x2d6c,BRANCH
0x000a4a60,__cxa_demangle,0x000a4b5c,__cxa_demangle+0x2bec,BRANCH
0x000a4a70,__cxa_demangle,0x000a4b14,__cxa_demangle+0x2ba4,BRANCH
0x000a4a78,__cxa_demangle,0x000a4b34,__cxa_demangle+0x2bc4,BRANCH
0x000a4a80,__cxa_demangle,0x000a4b60,__cxa_demangle+0x2bf0,BRANCH
0x000a4a94,__cxa_demangle,0x000a6be4,__cxa_demangle+0x4c74,DIRECT_CALL
0x000a4aa4,__cxa_demangle,0x000a4eb0,__cxa_demangle+0x2f40,BRANCH
0x000a4ac4,__cxa_demangle,0x000a4ae4,__cxa_demangle+0x2b74,BRANCH
0x000a4acc,__cxa_demangle,0x00132d10,malloc@plt,DIRECT_CALL
0x000a4b10,__cxa_demangle,0x000a4b78,__cxa_demangle+0x2c08,BRANCH
0x000a4b18,__cxa_demangle,0x000a4c20,__cxa_demangle+0x2cb0,BRANCH
0x000a4b20,__cxa_demangle,0x000a4b60,__cxa_demangle+0x2bf0,BRANCH
0x000a4b2c,__cxa_demangle,0x000a7228,__cxa_demangle+0x52b8,DIRECT_CALL
0x000a4b30,__cxa_demangle,0x000a4b70,__cxa_demangle+0x2c00,BRANCH
0x000a4b38,__cxa_demangle,0x000a4b5c,__cxa_demangle+0x2bec,BRANCH
0x000a4b48,__cxa_demangle,0x000a4b5c,__cxa_demangle+0x2bec,BRANCH
0x000a4b54,__cxa_demangle,0x000a75f8,__cxa_demangle+0x5688,DIRECT_CALL
0x000a4b58,__cxa_demangle,0x000a4b70,__cxa_demangle+0x2c00,BRANCH
0x000a4b6c,__cxa_demangle,0x000a7a18,__cxa_demangle+0x5aa8,DIRECT_CALL
0x000a4b80,__cxa_demangle,0x000a4be4,__cxa_demangle+0x2c74,BRANCH
0x000a4b94,__cxa_demangle,0x000a4ba8,__cxa_demangle+0x2c38,BRANCH
0x000a4b98,__cxa_demangle,0x00132d28,realloc@plt,DIRECT_CALL
0x000a4ba4,__cxa_demangle,0x000a4f1c,__cxa_demangle+0x2fac,BRANCH
0x000a4bac,__cxa_demangle,0x00132d10,malloc@plt,DIRECT_CALL
0x000a4bb8,__cxa_demangle,0x000a4bd0,__cxa_demangle+0x2c60,BRANCH
0x000a4bc8,__cxa_demangle,0x00132d70,memcpy@plt,DIRECT_CALL
0x000a4bfc,__cxa_demangle,0x000a4a40,__cxa_demangle+0x2ad0,BRANCH
0x000a4c0c,__cxa_demangle,0x000a4a40,__cxa_demangle+0x2ad0,BRANCH
0x000a4c1c,__cxa_demangle,0x000a4a40,__cxa_demangle+0x2ad0,BRANCH
0x000a4c24,__cxa_demangle,0x000a4cb0,__cxa_demangle+0x2d40,BRANCH
0x000a4c30,__cxa_demangle,0x000a4cb0,__cxa_demangle+0x2d40,BRANCH
0x000a4c4c,__cxa_demangle,0x000a4c6c,__cxa_demangle+0x2cfc,BRANCH
0x000a4c54,__cxa_demangle,0x00132d10,malloc@plt,DIRECT_CALL
0x000a4c74,__cxa_demangle,N/A,"x8, 0x13a000 <typeinfo for __cxxabiv1::__array_type_info>",ADRP_PAGE_REF
0x000a4c9c,__cxa_demangle,N/A,"x8, 0x56000",ADRP_PAGE_REF
0x000a4cac,__cxa_demangle,0x000a4cc0,__cxa_demangle+0x2d50,BRANCH
0x000a4cb4,__cxa_demangle,0x000a773c,__cxa_demangle+0x57cc,DIRECT_CALL
0x000a4cc8,__cxa_demangle,0x000a4b60,__cxa_demangle+0x2bf0,BRANCH
0x000a4cd8,__cxa_demangle,0x000a4a40,__cxa_demangle+0x2ad0,BRANCH
0x000a4cf0,__cxa_demangle,0x000a4eb0,__cxa_demangle+0x2f40,BRANCH
0x000a4cfc,__cxa_demangle,0x000a4eb4,__cxa_demangle+0x2f44,BRANCH
0x000a4d08,__cxa_demangle,0x000a499c,__cxa_demangle+0x2a2c,BRANCH
0x000a4d14,__cxa_demangle,0x000a4d24,__cxa_demangle+0x2db4,BRANCH
0x000a4d28,__cxa_demangle,0x000a499c,__cxa_demangle+0x2a2c,BRANCH
0x000a4d34,__cxa_demangle,0x000a49a0,__cxa_demangle+0x2a30,BRANCH
0x000a4d44,__cxa_demangle,0x000a49a0,__cxa_demangle+0x2a30,BRANCH
0x000a4d50,__cxa_demangle,0x000a465c,__cxa_demangle+0x26ec,DIRECT_CALL
0x000a4d5c,__cxa_demangle,0x000a4db8,__cxa_demangle+0x2e48,BRANCH
0x000a4d68,__cxa_demangle,0x000a4db8,__cxa_demangle+0x2e48,BRANCH
0x000a4d7c,__cxa_demangle,0x000a3198,__cxa_demangle+0x1228,DIRECT_CALL
0x000a4d88,__cxa_demangle,0x000a4df0,__cxa_demangle+0x2e80,BRANCH
0x000a4d94,__cxa_demangle,0x000a4df0,__cxa_demangle+0x2e80,BRANCH
0x000a4da8,__cxa_demangle,0x000a4810,__cxa_demangle+0x28a0,DIRECT_CALL
0x000a4db4,__cxa_demangle,0x000a4df0,__cxa_demangle+0x2e80,BRANCH
0x000a4dc0,__cxa_demangle,0x000a4810,__cxa_demangle+0x28a0,DIRECT_CALL
0x000a4dd0,__cxa_demangle,0x000b555c,__cxa_demangle+0x135ec,DIRECT_CALL
0x000a4de4,__cxa_demangle,0x000b56b4,__cxa_demangle+0x13744,DIRECT_CALL
0x000a4dec,__cxa_demangle,0x000a4df4,__cxa_demangle+0x2e84,BRANCH
0x000a4df8,__cxa_demangle,0x000a5690,__cxa_demangle+0x3720,DIRECT_CALL
0x000a4dfc,__cxa_demangle,0x000a4eb4,__cxa_demangle+0x2f44,BRANCH
0x000a4e04,__cxa_demangle,0x00132d10,malloc@plt,DIRECT_CALL
0x000a4e10,__cxa_demangle,0x000a4e28,__cxa_demangle+0x2eb8,BRANCH
0x000a4e20,__cxa_demangle,0x00132d70,memcpy@plt,DIRECT_CALL
0x000a4e5c,__cxa_demangle,0x000a6be4,__cxa_demangle+0x4c74,DIRECT_CALL
0x000a4e80,__cxa_demangle,0x000a4edc,__cxa_demangle+0x2f6c,BRANCH
0x000a4e8c,__cxa_demangle,0x00132d10,malloc@plt,DIRECT_CALL
0x000a4eac,__cxa_demangle,0x000a4ee0,__cxa_demangle+0x2f70,BRANCH
0x000a4ee8,__cxa_demangle,N/A,"x8, 0x13c000 <vtable for __cxxabiv1::__pointer_to_member_type_info+0x1dd0>",ADRP_PAGE_REF
0x000a4f18,__cxa_demangle,0x000a4eb4,__cxa_demangle+0x2f44,BRANCH
0x000a4f1c,__cxa_demangle,0x00132c80,abort@plt,DIRECT_CALL
0x000a4f20,__cxa_demangle,0x00132c80,abort@plt,DIRECT_CALL
0x000a4f24,__cxa_demangle,0x00132800,_ZSt9terminatev@plt,DIRECT_CALL
0x000a4f28,__cxa_demangle,0x00132c80,abort@plt,DIRECT_CALL
0x000a4f34,__cxa_demangle,0x000a5690,__cxa_demangle+0x3720,DIRECT_CALL
0x000a4f3c,__cxa_demangle,0x0012e82c,__emutls_get_address+0xd50,DIRECT_CALL
0x000a4f48,__cxa_demangle,0x000a5690,__cxa_demangle+0x3720,DIRECT_CALL
0x000a4f50,__cxa_demangle,0x0012e82c,__emutls_get_address+0xd50,DIRECT_CALL
0x000a4f78,__cxa_demangle,0x000a4fe0,__cxa_demangle+0x3070,BRANCH
0x000a4f8c,__cxa_demangle,0x000a4ff4,__cxa_demangle+0x3084,BRANCH
0x000a4f98,__cxa_demangle,0x000a52a0,__cxa_demangle+0x3330,BRANCH
0x000a4fa0,__cxa_demangle,0x000a5134,__cxa_demangle+0x31c4,BRANCH
0x000a4fac,__cxa_demangle,0x000a5134,__cxa_demangle+0x31c4,BRANCH
0x000a4fbc,__cxa_demangle,0x000a26c0,__cxa_demangle+0x750,DIRECT_CALL
0x000a4fcc,__cxa_demangle,0x000a5150,__cxa_demangle+0x31e0,BRANCH
0x000a4fd8,__cxa_demangle,0x000a5030,__cxa_demangle+0x30c0,BRANCH
0x000a4fdc,__cxa_demangle,0x000a5150,__cxa_demangle+0x31e0,BRANCH
0x000a4ff0,__cxa_demangle,0x000a4f90,__cxa_demangle+0x3020,BRANCH
0x000a4ff8,__cxa_demangle,0x000a5110,__cxa_demangle+0x31a0,BRANCH
0x000a5000,__cxa_demangle,0x000a52a0,__cxa_demangle+0x3330,BRANCH
0x000a5010,__cxa_demangle,0x000a8524,__cxa_demangle+0x65b4,DIRECT_CALL
0x000a5020,__cxa_demangle,0x000a5150,__cxa_demangle+0x31e0,BRANCH
0x000a502c,__cxa_demangle,0x000a5150,__cxa_demangle+0x31e0,BRANCH
0x000a5068,__cxa_demangle,0x000a509c,__cxa_demangle+0x312c,BRANCH
0x000a506c,__cxa_demangle,0x00132d28,realloc@plt,DIRECT_CALL
0x000a50a0,__cxa_demangle,0x000a50b0,__cxa_demangle+0x3140,BRANCH
0x000a50ac,__cxa_demangle,0x000a516c,__cxa_demangle+0x31fc,BRANCH
0x000a50b4,__cxa_demangle,0x000a4f54,__cxa_demangle+0x2fe4,DIRECT_CALL
0x000a50c4,__cxa_demangle,0x000a508c,__cxa_demangle+0x311c,BRANCH
0x000a50dc,__cxa_demangle,0x000a506c,__cxa_demangle+0x30fc,BRANCH
0x000a50e4,__cxa_demangle,0x00132d10,malloc@plt,DIRECT_CALL
0x000a50f0,__cxa_demangle,0x000a5108,__cxa_demangle+0x3198,BRANCH
0x000a5100,__cxa_demangle,0x00132d70,memcpy@plt,DIRECT_CALL
0x000a510c,__cxa_demangle,0x000a5078,__cxa_demangle+0x3108,BRANCH
0x000a5114,__cxa_demangle,0x000a52a0,__cxa_demangle+0x3330,BRANCH
0x000a5120,__cxa_demangle,0x000a52a0,__cxa_demangle+0x3330,BRANCH
0x000a5128,__cxa_demangle,0x000a5208,__cxa_demangle+0x3298,BRANCH
0x000a5130,__cxa_demangle,0x000a520c,__cxa_demangle+0x329c,BRANCH
0x000a514c,__cxa_demangle,0x000a9f80,__cxa_demangle+0x8010,BRANCH
0x000a517c,__cxa_demangle,0x000a5440,__cxa_demangle+0x34d0,DIRECT_CALL
0x000a5198,__cxa_demangle,0x000a51b8,__cxa_demangle+0x3248,BRANCH
0x000a51a0,__cxa_demangle,0x00132d10,malloc@plt,DIRECT_CALL
0x000a51c0,__cxa_demangle,N/A,"x8, 0x13c000 <vtable for __cxxabiv1::__pointer_to_member_type_info+0x1dd0>",ADRP_PAGE_REF
0x000a520c,__cxa_demangle,N/A,"x20, 0x54000",ADRP_PAGE_REF
0x000a521c,__cxa_demangle,0x00132da0,memchr@plt,DIRECT_CALL
0x000a522c,__cxa_demangle,0x000a52a0,__cxa_demangle+0x3330,BRANCH
0x000a5238,__cxa_demangle,0x000afc24,__cxa_demangle+0xdcb4,DIRECT_CALL
0x000a5248,__cxa_demangle,0x000a4f54,__cxa_demangle+0x2fe4,DIRECT_CALL
0x000a5264,__cxa_demangle,0x000a5284,__cxa_demangle+0x3314,BRANCH
0x000a526c,__cxa_demangle,0x00132d10,malloc@plt,DIRECT_CALL
0x000a528c,__cxa_demangle,N/A,"x8, 0x13c000 <vtable for __cxxabiv1::__pointer_to_member_type_info+0x1dd0>",ADRP_PAGE_REF
0x000a529c,__cxa_demangle,0x000a51d0,__cxa_demangle+0x3260,BRANCH
0x000a52b8,__cxa_demangle,0x000a32d8,__cxa_demangle+0x1368,BRANCH
0x000a52bc,__cxa_demangle,0x00132c80,abort@plt,DIRECT_CALL
0x000a52c0,__cxa_demangle,0x00132c80,abort@plt,DIRECT_CALL
0x000a52c4,__cxa_demangle,0x00132800,_ZSt9terminatev@plt,DIRECT_CALL
0x000a52e8,__cxa_demangle,0x000a5374,__cxa_demangle+0x3404,BRANCH
0x000a5308,__cxa_demangle,0x000a5328,__cxa_demangle+0x33b8,BRANCH
0x000a5310,__cxa_demangle,0x00132d28,realloc@plt,DIRECT_CALL
0x000a5324,__cxa_demangle,0x00132c80,abort@plt,DIRECT_CALL
0x000a532c,__cxa_demangle,0x00132d10,malloc@plt,DIRECT_CALL
0x000a533c,__cxa_demangle,0x000a5358,__cxa_demangle+0x33e8,BRANCH
0x000a5350,__cxa_demangle,0x00132d88,memmove@plt,DIRECT_CALL
0x000a539c,__cxa_demangle,0x00132c80,abort@plt,DIRECT_CALL
0x000a53c8,__cxa_demangle,0x000a53ec,__cxa_demangle+0x347c,BRANCH
0x000a53d4,__cxa_demangle,0x00132d10,malloc@plt,DIRECT_CALL
0x000a53f4,__cxa_demangle,N/A,"x8, 0x13c000 <vtable for __cxxabiv1::__pointer_to_member_type_info+0x1dd0>",ADRP_PAGE_REF
0x000a543c,__cxa_demangle,0x00132800,_ZSt9terminatev@plt,DIRECT_CALL
0x000a5470,__cxa_demangle,0x000a5558,__cxa_demangle+0x35e8,BRANCH
0x000a549c,__cxa_demangle,0x000a54ec,__cxa_demangle+0x357c,BRANCH
0x000a54a4,__cxa_demangle,0x000a54d0,__cxa_demangle+0x3560,BRANCH
0x000a54ac,__cxa_demangle,0x00132d10,malloc@plt,DIRECT_CALL
0x000a54c8,__cxa_demangle,0x000a5504,__cxa_demangle+0x3594,BRANCH
0x000a54cc,__cxa_demangle,0x000a5520,__cxa_demangle+0x35b0,BRANCH
0x000a54d4,__cxa_demangle,0x00132d10,malloc@plt,DIRECT_CALL
0x000a5500,__cxa_demangle,0x000a5520,__cxa_demangle+0x35b0,BRANCH
0x000a5510,__cxa_demangle,0x00132d88,memmove@plt,DIRECT_CALL
0x000a5524,__cxa_demangle,0x000a5578,__cxa_demangle+0x3608,BRANCH
0x000a5558,__cxa_demangle,N/A,"x0, 0x54000",ADRP_PAGE_REF
0x000a5560,__cxa_demangle,N/A,"x1, 0x55000",ADRP_PAGE_REF
0x000a5574,__cxa_demangle,0x000a0110,std::bad_typeid::what() const+0x10,DIRECT_CALL
0x000a5578,__cxa_demangle,N/A,"x0, 0x54000",ADRP_PAGE_REF
0x000a5580,__cxa_demangle,N/A,"x1, 0x55000",ADRP_PAGE_REF
0x000a5588,__cxa_demangle,N/A,"x3, 0x55000",ADRP_PAGE_REF
0x000a5594,__cxa_demangle,0x000a0110,std::bad_typeid::what() const+0x10,DIRECT_CALL
0x000a5598,__cxa_demangle,0x00132800,_ZSt9terminatev@plt,DIRECT_CALL
0x000a55e8,__cxa_demangle,0x000a560c,__cxa_demangle+0x369c,BRANCH
0x000a55f4,__cxa_demangle,0x00132d10,malloc@plt,DIRECT_CALL
0x000a5614,__cxa_demangle,N/A,"x8, 0x13c000 <vtable for __cxxabiv1::__pointer_to_member_type_info+0x1dd0>",ADRP_PAGE_REF
0x000a568c,__cxa_demangle,0x00132800,_ZSt9terminatev@plt,DIRECT_CALL
0x000a56c0,__cxa_demangle,0x000a56fc,__cxa_demangle+0x378c,BRANCH
0x000a56cc,__cxa_demangle,0x000a5738,__cxa_demangle+0x37c8,BRANCH
0x000a56f8,__cxa_demangle,0x000a5760,__cxa_demangle+0x37f0,BRANCH
0x000a5700,__cxa_demangle,0x000a571c,__cxa_demangle+0x37ac,BRANCH
0x000a5704,__cxa_demangle,0x00132830,free@plt,DIRECT_CALL
0x000a5724,__cxa_demangle,0x000a5750,__cxa_demangle+0x37e0,BRANCH
0x000a572c,__cxa_demangle,0x00132d88,memmove@plt,DIRECT_CALL
0x000a5734,__cxa_demangle,0x000a5754,__cxa_demangle+0x37e4,BRANCH
0x000a574c,__cxa_demangle,0x000a5764,__cxa_demangle+0x37f4,BRANCH
0x000a577c,__cxa_demangle,0x000a57c0,__cxa_demangle+0x3850,BRANCH
0x000a5788,__cxa_demangle,0x000a57fc,__cxa_demangle+0x388c,BRANCH
0x000a57b8,__cxa_demangle,0x000a5834,__cxa_demangle+0x38c4,BRANCH
0x000a57bc,__cxa_demangle,0x000a5838,__cxa_demangle+0x38c8,BRANCH
0x000a57c4,__cxa_demangle,0x000a57e0,__cxa_demangle+0x3870,BRANCH
0x000a57c8,__cxa_demangle,0x00132830,free@plt,DIRECT_CALL
0x000a57e8,__cxa_demangle,0x000a5818,__cxa_demangle+0x38a8,BRANCH
0x000a57f0,__cxa_demangle,0x00132d88,memmove@plt,DIRECT_CALL
0x000a57f8,__cxa_demangle,0x000a581c,__cxa_demangle+0x38ac,BRANCH
0x000a5814,__cxa_demangle,0x000a5838,__cxa_demangle+0x38c8,BRANCH
0x000a5830,__cxa_demangle,0x000a5838,__cxa_demangle+0x38c8,BRANCH
0x000a5834,__cxa_demangle,0x00132830,free@plt,DIRECT_CALL
0x000a5840,__cxa_demangle,0x000a585c,__cxa_demangle+0x38ec,BRANCH
0x000a5858,__cxa_demangle,0x00132830,free@plt,BRANCH
0x000a589c,__cxa_demangle,0x000a58c0,__cxa_demangle+0x3950,BRANCH
0x000a58a8,__cxa_demangle,0x00132d10,malloc@plt,DIRECT_CALL
0x000a58c8,__cxa_demangle,N/A,"x8, 0x13a000 <typeinfo for __cxxabiv1::__array_type_info>",ADRP_PAGE_REF
0x000a58f0,__cxa_demangle,N/A,"x8, 0x56000",ADRP_PAGE_REF
0x000a5920,__cxa_demangle,0x00132800,_ZSt9terminatev@plt,DIRECT_CALL
0x000a594c,__cxa_demangle,0x000a5970,__cxa_demangle+0x3a00,BRANCH
0x000a5958,__cxa_demangle,0x00132d10,malloc@plt,DIRECT_CALL
0x000a5978,__cxa_demangle,N/A,"x8, 0x13a000 <typeinfo for __cxxabiv1::__array_type_info>",ADRP_PAGE_REF
0x000a59a0,__cxa_demangle,N/A,"x8, 0x55000",ADRP_PAGE_REF
0x000a59d0,__cxa_demangle,0x00132800,_ZSt9terminatev@plt,DIRECT_CALL
0x000a59fc,__cxa_demangle,0x000a5a20,__cxa_demangle+0x3ab0,BRANCH
0x000a5a08,__cxa_demangle,0x00132d10,malloc@plt,DIRECT_CALL
0x000a5a28,__cxa_demangle,N/A,"x8, 0x13a000 <typeinfo for __cxxabiv1::__array_type_info>",ADRP_PAGE_REF
0x000a5a50,__cxa_demangle,N/A,"x8, 0x54000",ADRP_PAGE_REF
0x000a5a80,__cxa_demangle,0x00132800,_ZSt9terminatev@plt,DIRECT_CALL
0x000a5aac,__cxa_demangle,0x000a5ad0,__cxa_demangle+0x3b60,BRANCH
0x000a5ab8,__cxa_demangle,0x00132d10,malloc@plt,DIRECT_CALL
0x000a5ad8,__cxa_demangle,N/A,"x8, 0x13a000 <typeinfo for __cxxabiv1::__array_type_info>",ADRP_PAGE_REF
0x000a5b00,__cxa_demangle,N/A,"x8, 0x55000",ADRP_PAGE_REF
0x000a5b30,__cxa_demangle,0x00132800,_ZSt9terminatev@plt,DIRECT_CALL
0x000a5b5c,__cxa_demangle,0x000a5b80,__cxa_demangle+0x3c10,BRANCH
0x000a5b68,__cxa_demangle,0x00132d10,malloc@plt,DIRECT_CALL
0x000a5b88,__cxa_demangle,N/A,"x8, 0x13a000 <typeinfo for __cxxabiv1::__array_type_info>",ADRP_PAGE_REF
0x000a5bb0,__cxa_demangle,N/A,"x8, 0x55000",ADRP_PAGE_REF
0x000a5be0,__cxa_demangle,0x00132800,_ZSt9terminatev@plt,DIRECT_CALL
0x000a5bf0,__cxa_demangle,0x000a5ce0,__cxa_demangle+0x3d70,BRANCH
0x000a5bfc,__cxa_demangle,0x000a5c94,__cxa_demangle+0x3d24,BRANCH
0x000a5c0c,__cxa_demangle,0x000a5ce0,__cxa_demangle+0x3d70,BRANCH
0x000a5c1c,__cxa_demangle,0x000a5c28,__cxa_demangle+0x3cb8,BRANCH
0x000a5c2c,__cxa_demangle,0x000a5ce0,__cxa_demangle+0x3d70,BRANCH
0x000a5c3c,__cxa_demangle,0x000a5ce0,__cxa_demangle+0x3d70,BRANCH
0x000a5c4c,__cxa_demangle,0x000a5c64,__cxa_demangle+0x3cf4,BRANCH
0x000a5c5c,__cxa_demangle,0x000a5c40,__cxa_demangle+0x3cd0,BRANCH
0x000a5c6c,__cxa_demangle,0x000a5ce4,__cxa_demangle+0x3d74,BRANCH
0x000a5c74,__cxa_demangle,0x000a5ce4,__cxa_demangle+0x3d74,BRANCH
0x000a5c80,__cxa_demangle,0x000a5ce0,__cxa_demangle+0x3d70,BRANCH
0x000a5c9c,__cxa_demangle,0x000a5ce0,__cxa_demangle+0x3d70,BRANCH
0x000a5cac,__cxa_demangle,0x000a5ce0,__cxa_demangle+0x3d70,BRANCH
0x000a5cbc,__cxa_demangle,0x000a5cc8,__cxa_demangle+0x3d58,BRANCH
0x000a5ccc,__cxa_demangle,0x000a5ce0,__cxa_demangle+0x3d70,BRANCH
0x000a5cdc,__cxa_demangle,0x000a5cec,__cxa_demangle+0x3d7c,BRANCH
0x000a5cf8,__cxa_demangle,0x000a5d10,__cxa_demangle+0x3da0,BRANCH
0x000a5d08,__cxa_demangle,0x000a5cec,__cxa_demangle+0x3d7c,BRANCH
0x000a5d18,__cxa_demangle,0x000a5ce4,__cxa_demangle+0x3d74,BRANCH
0x000a5d20,__cxa_demangle,0x000a5ce4,__cxa_demangle+0x3d74,BRANCH
0x000a5d2c,__cxa_demangle,0x000a5ce0,__cxa_demangle+0x3d70,BRANCH
0x000a5d3c,__cxa_demangle,0x000a5ce0,__cxa_demangle+0x3d70,BRANCH
0x000a5d4c,__cxa_demangle,0x000a5d58,__cxa_demangle+0x3de8,BRANCH
0x000a5d5c,__cxa_demangle,0x000a5ce0,__cxa_demangle+0x3d70,BRANCH
0x000a5d6c,__cxa_demangle,0x000a5ce0,__cxa_demangle+0x3d70,BRANCH
0x000a5d7c,__cxa_demangle,0x000a5c64,__cxa_demangle+0x3cf4,BRANCH
0x000a5d8c,__cxa_demangle,0x000a5d70,__cxa_demangle+0x3e00,BRANCH
0x000a5d90,__cxa_demangle,0x000a5c60,__cxa_demangle+0x3cf0,BRANCH
0x000a5dbc,__cxa_demangle,0x000a5de0,__cxa_demangle+0x3e70,BRANCH
0x000a5dc8,__cxa_demangle,0x00132d10,malloc@plt,DIRECT_CALL
0x000a5de8,__cxa_demangle,N/A,"x8, 0x13a000 <typeinfo for __cxxabiv1::__array_type_info>",ADRP_PAGE_REF
0x000a5e10,__cxa_demangle,N/A,"x8, 0x56000",ADRP_PAGE_REF
0x000a5e40,__cxa_demangle,0x00132800,_ZSt9terminatev@plt,DIRECT_CALL
0x000a5e70,__cxa_demangle,0x000a5e94,__cxa_demangle+0x3f24,BRANCH
0x000a5e7c,__cxa_demangle,0x00132d10,malloc@plt,DIRECT_CALL
0x000a5e9c,__cxa_demangle,N/A,"x8, 0x13a000 <typeinfo for __cxxabiv1::__array_type_info>",ADRP_PAGE_REF
0x000a5ee8,__cxa_demangle,0x00132800,_ZSt9terminatev@plt,DIRECT_CALL
0x000a5f14,__cxa_demangle,0x000a5f38,__cxa_demangle+0x3fc8,BRANCH
0x000a5f20,__cxa_demangle,0x00132d10,malloc@plt,DIRECT_CALL
0x000a5f40,__cxa_demangle,N/A,"x8, 0x13a000 <typeinfo for __cxxabiv1::__array_type_info>",ADRP_PAGE_REF
0x000a5f68,__cxa_demangle,N/A,"x8, 0x55000",ADRP_PAGE_REF
0x000a5f98,__cxa_demangle,0x00132800,_ZSt9terminatev@plt,DIRECT_CALL
0x000a5fc4,__cxa_demangle,0x000a5fe8,__cxa_demangle+0x4078,BRANCH
0x000a5fd0,__cxa_demangle,0x00132d10,malloc@plt,DIRECT_CALL
0x000a5ff0,__cxa_demangle,N/A,"x8, 0x13a000 <typeinfo for __cxxabiv1::__array_type_info>",ADRP_PAGE_REF
0x000a6018,__cxa_demangle,N/A,"x8, 0x56000",ADRP_PAGE_REF
0x000a6048,__cxa_demangle,0x00132800,_ZSt9terminatev@plt,DIRECT_CALL
0x000a6074,__cxa_demangle,0x000a6098,__cxa_demangle+0x4128,BRANCH
0x000a6080,__cxa_demangle,0x00132d10,malloc@plt,DIRECT_CALL
0x000a60a0,__cxa_demangle,N/A,"x8, 0x13a000 <typeinfo for __cxxabiv1::__array_type_info>",ADRP_PAGE_REF
0x000a60c0,__cxa_demangle,N/A,"x11, 0x55000",ADRP_PAGE_REF
0x000a60f4,__cxa_demangle,0x00132800,_ZSt9terminatev@plt,DIRECT_CALL
0x000a6120,__cxa_demangle,0x000a6144,__cxa_demangle+0x41d4,BRANCH
0x000a612c,__cxa_demangle,0x00132d10,malloc@plt,DIRECT_CALL
0x000a614c,__cxa_demangle,N/A,"x8, 0x13a000 <typeinfo for __cxxabiv1::__array_type_info>",ADRP_PAGE_REF
0x000a6174,__cxa_demangle,N/A,"x8, 0x56000",ADRP_PAGE_REF
0x000a61a4,__cxa_demangle,0x00132800,_ZSt9terminatev@plt,DIRECT_CALL
0x000a61d0,__cxa_demangle,0x000a634c,__cxa_demangle+0x43dc,BRANCH
0x000a61dc,__cxa_demangle,N/A,"x24, 0x13a000 <typeinfo for __cxxabiv1::__array_type_info>",ADRP_PAGE_REF
0x000a61f0,__cxa_demangle,0x000a624c,__cxa_demangle+0x42dc,BRANCH
0x000a6230,__cxa_demangle,0x000a62d8,__cxa_demangle+0x4368,BRANCH
0x000a6248,__cxa_demangle,0x000a634c,__cxa_demangle+0x43dc,BRANCH
0x000a6254,__cxa_demangle,0x000a634c,__cxa_demangle+0x43dc,BRANCH
0x000a6264,__cxa_demangle,0x000a6290,__cxa_demangle+0x4320,BRANCH
0x000a6270,__cxa_demangle,0x000a6290,__cxa_demangle+0x4320,BRANCH
0x000a6284,__cxa_demangle,0x000a6630,__cxa_demangle+0x46c0,DIRECT_CALL
0x000a628c,__cxa_demangle,0x000a6354,__cxa_demangle+0x43e4,BRANCH
0x000a6298,__cxa_demangle,0x000a6630,__cxa_demangle+0x46c0,DIRECT_CALL
0x000a62b4,__cxa_demangle,0x000a61f4,__cxa_demangle+0x4284,BRANCH
0x000a62bc,__cxa_demangle,0x00132d10,malloc@plt,DIRECT_CALL
0x000a62d4,__cxa_demangle,0x000a61f4,__cxa_demangle+0x4284,BRANCH
0x000a62e8,__cxa_demangle,0x000a62fc,__cxa_demangle+0x438c,BRANCH
0x000a62ec,__cxa_demangle,0x00132d28,realloc@plt,DIRECT_CALL
0x000a62f8,__cxa_demangle,0x000a637c,__cxa_demangle+0x440c,BRANCH
0x000a6300,__cxa_demangle,0x00132d10,malloc@plt,DIRECT_CALL
0x000a630c,__cxa_demangle,0x000a6324,__cxa_demangle+0x43b4,BRANCH
0x000a631c,__cxa_demangle,0x00132d70,memcpy@plt,DIRECT_CALL
0x000a6348,__cxa_demangle,0x000a624c,__cxa_demangle+0x42dc,BRANCH
0x000a6350,__cxa_demangle,0x000a6358,__cxa_demangle+0x43e8,BRANCH
0x000a6378,__cxa_demangle,0x00132800,_ZSt9terminatev@plt,DIRECT_CALL
0x000a637c,__cxa_demangle,0x00132c80,abort@plt,DIRECT_CALL
0x000a6380,__cxa_demangle,0x00132c80,abort@plt,DIRECT_CALL
0x000a63e8,__cxa_demangle,0x000a6410,__cxa_demangle+0x44a0,BRANCH
0x000a6400,__cxa_demangle,0x00132d28,realloc@plt,DIRECT_CALL
0x000a641c,__cxa_demangle,0x00132d70,memcpy@plt,DIRECT_CALL
0x000a6440,__cxa_demangle,N/A,x8,INDIRECT_CALL
0x000a6450,__cxa_demangle,0x000a6468,__cxa_demangle+0x44f8,BRANCH
0x000a648c,__cxa_demangle,0x00132c80,abort@plt,DIRECT_CALL
0x000a64ac,__cxa_demangle,0x001329f8,_ZdlPv@plt,BRANCH
0x000a64dc,__cxa_demangle,0x000a650c,__cxa_demangle+0x459c,BRANCH
0x000a64f8,__cxa_demangle,0x00132d28,realloc@plt,DIRECT_CALL
0x000a650c,__cxa_demangle,N/A,"x10, 0x56000",ADRP_PAGE_REF
0x000a6548,__cxa_demangle,N/A,x8,INDIRECT_CALL
0x000a6558,__cxa_demangle,0x000a6570,__cxa_demangle+0x4600,BRANCH
0x000a656c,__cxa_demangle,N/A,x8,INDIRECT_CALL
0x000a6580,__cxa_demangle,0x000a65a8,__cxa_demangle+0x4638,BRANCH
0x000a6598,__cxa_demangle,0x00132d28,realloc@plt,DIRECT_CALL
0x000a65d4,__cxa_demangle,N/A,x8,INDIRECT_CALL
0x000a65e4,__cxa_demangle,0x000a65fc,__cxa_demangle+0x468c,BRANCH
0x000a6620,__cxa_demangle,0x00132c80,abort@plt,DIRECT_CALL
0x000a6624,__cxa_demangle,0x00132c80,abort@plt,DIRECT_CALL
0x000a662c,__cxa_demangle,0x001329f8,_ZdlPv@plt,BRANCH
0x000a664c,__cxa_demangle,0x000a6784,__cxa_demangle+0x4814,BRANCH
0x000a665c,__cxa_demangle,0x000a6784,__cxa_demangle+0x4814,BRANCH
0x000a6694,__cxa_demangle,0x000a66b0,__cxa_demangle+0x4740,BRANCH
0x000a66ac,__cxa_demangle,0x000a6670,__cxa_demangle+0x4700,BRANCH
0x000a66bc,__cxa_demangle,0x000a6784,__cxa_demangle+0x4814,BRANCH
0x000a66d8,__cxa_demangle,0x000a6704,__cxa_demangle+0x4794,BRANCH
0x000a6700,__cxa_demangle,0x000a679c,__cxa_demangle+0x482c,BRANCH
0x000a6714,__cxa_demangle,0x000a6738,__cxa_demangle+0x47c8,BRANCH
0x000a6720,__cxa_demangle,0x00132d10,malloc@plt,DIRECT_CALL
0x000a6740,__cxa_demangle,N/A,"x8, 0x13a000 <typeinfo for __cxxabiv1::__array_type_info>",ADRP_PAGE_REF
0x000a67ac,__cxa_demangle,0x000a67d8,__cxa_demangle+0x4868,BRANCH
0x000a67b8,__cxa_demangle,0x00132d10,malloc@plt,DIRECT_CALL
0x000a67c8,__cxa_demangle,N/A,"x20, 0x55000",ADRP_PAGE_REF
0x000a67d4,__cxa_demangle,0x000a6730,__cxa_demangle+0x47c0,BRANCH
0x000a67d8,__cxa_demangle,N/A,"x20, 0x55000",ADRP_PAGE_REF
0x000a67e4,__cxa_demangle,0x000a6738,__cxa_demangle+0x47c8,BRANCH
0x000a67e8,__cxa_demangle,0x00132800,_ZSt9terminatev@plt,DIRECT_CALL
0x000a6814,__cxa_demangle,0x000a6838,__cxa_demangle+0x48c8,BRANCH
0x000a6820,__cxa_demangle,0x00132d10,malloc@plt,DIRECT_CALL
0x000a6840,__cxa_demangle,N/A,"x8, 0x13a000 <typeinfo for __cxxabiv1::__array_type_info>",ADRP_PAGE_REF
0x000a6888,__cxa_demangle,0x00132800,_ZSt9terminatev@plt,DIRECT_CALL
0x000a68c4,__cxa_demangle,0x000a68ec,__cxa_demangle+0x497c,BRANCH
0x000a68dc,__cxa_demangle,0x00132d28,realloc@plt,DIRECT_CALL
0x000a68f8,__cxa_demangle,0x00132d70,memcpy@plt,DIRECT_CALL
0x000a691c,__cxa_demangle,0x00132c80,abort@plt,DIRECT_CALL
0x000a6934,__cxa_demangle,0x001329f8,_ZdlPv@plt,BRANCH
0x000a696c,__cxa_demangle,N/A,x8,INDIRECT_CALL
0x000a697c,__cxa_demangle,0x000a6994,__cxa_demangle+0x4a24,BRANCH
0x000a6990,__cxa_demangle,N/A,x8,INDIRECT_CALL
0x000a69c4,__cxa_demangle,0x000a69f0,__cxa_demangle+0x4a80,BRANCH
0x000a69dc,__cxa_demangle,0x00132d28,realloc@plt,DIRECT_CALL
0x000a6a0c,__cxa_demangle,N/A,x8,INDIRECT_CALL
0x000a6a1c,__cxa_demangle,0x000a6a34,__cxa_demangle+0x4ac4,BRANCH
0x000a6a58,__cxa_demangle,0x00132c80,abort@plt,DIRECT_CALL
0x000a6a60,__cxa_demangle,0x001329f8,_ZdlPv@plt,BRANCH
0x000a6a84,__cxa_demangle,0x000a6a98,__cxa_demangle+0x4b28,BRANCH
0x000a6a94,__cxa_demangle,0x000a6af4,__cxa_demangle+0x4b84,BRANCH
0x000a6aa0,__cxa_demangle,0x000a6b98,__cxa_demangle+0x4c28,BRANCH
0x000a6aac,__cxa_demangle,0x000a6b98,__cxa_demangle+0x4c28,BRANCH
0x000a6abc,__cxa_demangle,0x000a773c,__cxa_demangle+0x57cc,DIRECT_CALL
0x000a6ad0,__cxa_demangle,0x000a6bb4,__cxa_demangle+0x4c44,BRANCH
0x000a6af0,__cxa_demangle,0x000a7a18,__cxa_demangle+0x5aa8,BRANCH
0x000a6b0c,__cxa_demangle,0x000a6b48,__cxa_demangle+0x4bd8,BRANCH
0x000a6b20,__cxa_demangle,0x00132d10,malloc@plt,DIRECT_CALL
0x000a6b50,__cxa_demangle,N/A,"x9, 0x13a000 <typeinfo for __cxxabiv1::__array_type_info>",ADRP_PAGE_REF
0x000a6b78,__cxa_demangle,N/A,"x9, 0x56000",ADRP_PAGE_REF
0x000a6b94,__cxa_demangle,0x000a6aa4,__cxa_demangle+0x4b34,BRANCH
0x000a6bb0,__cxa_demangle,0x000a7a18,__cxa_demangle+0x5aa8,BRANCH
0x000a6be0,__cxa_demangle,0x00132800,_ZSt9terminatev@plt,DIRECT_CALL
0x000a6c10,__cxa_demangle,0x000a7130,__cxa_demangle+0x51c0,BRANCH
0x000a6c1c,__cxa_demangle,0x000a7130,__cxa_demangle+0x51c0,BRANCH
0x000a6c40,__cxa_demangle,0x000a6d74,__cxa_demangle+0x4e04,BRANCH
0x000a6c4c,__cxa_demangle,0x000a6d5c,__cxa_demangle+0x4dec,BRANCH
0x000a6c54,__cxa_demangle,0x00132d28,realloc@plt,DIRECT_CALL
0x000a6c60,__cxa_demangle,0x00132c80,abort@plt,DIRECT_CALL
0x000a6c80,__cxa_demangle,0x000a6c90,__cxa_demangle+0x4d20,BRANCH
0x000a6c8c,__cxa_demangle,0x000a70f0,__cxa_demangle+0x5180,BRANCH
0x000a6c94,__cxa_demangle,0x000a6ca4,__cxa_demangle+0x4d34,BRANCH
0x000a6ca0,__cxa_demangle,0x000a705c,__cxa_demangle+0x50ec,BRANCH
0x000a6ca8,__cxa_demangle,0x000a4f54,__cxa_demangle+0x2fe4,DIRECT_CALL
0x000a6cb8,__cxa_demangle,0x000a6cd8,__cxa_demangle+0x4d68,BRANCH
0x000a6cd0,__cxa_demangle,0x000a6c84,__cxa_demangle+0x4d14,BRANCH
0x000a6cd4,__cxa_demangle,0x000a6c90,__cxa_demangle+0x4d20,BRANCH
0x000a6cec,__cxa_demangle,0x000a6d00,__cxa_demangle+0x4d90,BRANCH
0x000a6cf0,__cxa_demangle,0x00132d28,realloc@plt,DIRECT_CALL
0x000a6cfc,__cxa_demangle,0x000a715c,__cxa_demangle+0x51ec,BRANCH
0x000a6d04,__cxa_demangle,0x00132d10,malloc@plt,DIRECT_CALL
0x000a6d10,__cxa_demangle,0x000a6d28,__cxa_demangle+0x4db8,BRANCH
0x000a6d20,__cxa_demangle,0x00132d70,memcpy@plt,DIRECT_CALL
0x000a6d54,__cxa_demangle,0x000a6c84,__cxa_demangle+0x4d14,BRANCH
0x000a6d58,__cxa_demangle,0x000a6c90,__cxa_demangle+0x4d20,BRANCH
0x000a6d60,__cxa_demangle,0x00132d10,malloc@plt,DIRECT_CALL
0x000a6db8,__cxa_demangle,0x000a6dc8,__cxa_demangle+0x4e58,BRANCH
0x000a6dc4,__cxa_demangle,0x000a70ec,__cxa_demangle+0x517c,BRANCH
0x000a6dcc,__cxa_demangle,0x000a6ddc,__cxa_demangle+0x4e6c,BRANCH
0x000a6dd8,__cxa_demangle,0x000a7058,__cxa_demangle+0x50e8,BRANCH
0x000a6de0,__cxa_demangle,0x000a4f54,__cxa_demangle+0x2fe4,DIRECT_CALL
0x000a6df4,__cxa_demangle,0x000a6f4c,__cxa_demangle+0x4fdc,BRANCH
0x000a6e0c,__cxa_demangle,0x000a6fc4,__cxa_demangle+0x5054,BRANCH
0x000a6e14,__cxa_demangle,0x000a6f20,__cxa_demangle+0x4fb0,BRANCH
0x000a6e2c,__cxa_demangle,0x000a6e4c,__cxa_demangle+0x4edc,BRANCH
0x000a6e34,__cxa_demangle,0x00132d10,malloc@plt,DIRECT_CALL
0x000a6e54,__cxa_demangle,N/A,"x8, 0x13c000 <vtable for __cxxabiv1::__pointer_to_member_type_info+0x1dd0>",ADRP_PAGE_REF
0x000a6e9c,__cxa_demangle,0x000a6eb8,__cxa_demangle+0x4f48,BRANCH
0x000a6ea8,__cxa_demangle,0x000a6e8c,__cxa_demangle+0x4f1c,BRANCH
0x000a6ed4,__cxa_demangle,0x000a6ef0,__cxa_demangle+0x4f80,BRANCH
0x000a6ee0,__cxa_demangle,0x000a6ec4,__cxa_demangle+0x4f54,BRANCH
0x000a6f04,__cxa_demangle,0x000a6f20,__cxa_demangle+0x4fb0,BRANCH
0x000a6f10,__cxa_demangle,0x000a6ef4,__cxa_demangle+0x4f84,BRANCH
0x000a6f2c,__cxa_demangle,0x000a6fd8,__cxa_demangle+0x5068,BRANCH
0x000a6f44,__cxa_demangle,0x000a6dbc,__cxa_demangle+0x4e4c,BRANCH
0x000a6f48,__cxa_demangle,0x000a6dc8,__cxa_demangle+0x4e58,BRANCH
0x000a6f5c,__cxa_demangle,0x000a6f70,__cxa_demangle+0x5000,BRANCH
0x000a6f60,__cxa_demangle,0x00132d28,realloc@plt,DIRECT_CALL
0x000a6f6c,__cxa_demangle,0x000a7158,__cxa_demangle+0x51e8,BRANCH
0x000a6f74,__cxa_demangle,0x00132d10,malloc@plt,DIRECT_CALL
0x000a6f80,__cxa_demangle,0x000a6f98,__cxa_demangle+0x5028,BRANCH
0x000a6f90,__cxa_demangle,0x00132d70,memcpy@plt,DIRECT_CALL
0x000a6fc0,__cxa_demangle,0x000a6e10,__cxa_demangle+0x4ea0,BRANCH
0x000a6fd4,__cxa_demangle,0x000a6f30,__cxa_demangle+0x4fc0,BRANCH
0x000a6fe8,__cxa_demangle,0x000a6ffc,__cxa_demangle+0x508c,BRANCH
0x000a6fec,__cxa_demangle,0x00132d28,realloc@plt,DIRECT_CALL
0x000a6ff8,__cxa_demangle,0x000a7160,__cxa_demangle+0x51f0,BRANCH
0x000a7000,__cxa_demangle,0x00132d10,malloc@plt,DIRECT_CALL
0x000a700c,__cxa_demangle,0x000a7024,__cxa_demangle+0x50b4,BRANCH
0x000a701c,__cxa_demangle,0x00132d70,memcpy@plt,DIRECT_CALL
0x000a7050,__cxa_demangle,0x000a6dbc,__cxa_demangle+0x4e4c,BRANCH
0x000a7054,__cxa_demangle,0x000a6dc8,__cxa_demangle+0x4e58,BRANCH
0x000a7070,__cxa_demangle,0x000a5440,__cxa_demangle+0x34d0,DIRECT_CALL
0x000a708c,__cxa_demangle,0x000a70ac,__cxa_demangle+0x513c,BRANCH
0x000a7094,__cxa_demangle,0x00132d10,malloc@plt,DIRECT_CALL
0x000a70b4,__cxa_demangle,N/A,"x8, 0x13c000 <vtable for __cxxabiv1::__pointer_to_member_type_info+0x1dd0>",ADRP_PAGE_REF
0x000a70e8,__cxa_demangle,0x000a7134,__cxa_demangle+0x51c4,BRANCH
0x000a7108,__cxa_demangle,0x000a8524,__cxa_demangle+0x65b4,DIRECT_CALL
0x000a7120,__cxa_demangle,0x000a7130,__cxa_demangle+0x51c0,BRANCH
0x000a712c,__cxa_demangle,0x000a7060,__cxa_demangle+0x50f0,BRANCH
0x000a7158,__cxa_demangle,0x00132c80,abort@plt,DIRECT_CALL
0x000a715c,__cxa_demangle,0x00132c80,abort@plt,DIRECT_CALL
0x000a7160,__cxa_demangle,0x00132c80,abort@plt,DIRECT_CALL
0x000a7164,__cxa_demangle,0x00132800,_ZSt9terminatev@plt,DIRECT_CALL
0x000a7168,__cxa_demangle,0x00132c80,abort@plt,DIRECT_CALL
0x000a716c,__cxa_demangle,0x00132c80,abort@plt,DIRECT_CALL
0x000a7170,__cxa_demangle,0x00132c80,abort@plt,DIRECT_CALL
0x000a7174,__cxa_demangle,0x00132c80,abort@plt,DIRECT_CALL
0x000a717c,__cxa_demangle,0x0012e82c,__emutls_get_address+0xd50,DIRECT_CALL
0x000a71ac,__cxa_demangle,0x000a71d0,__cxa_demangle+0x5260,BRANCH
0x000a71b8,__cxa_demangle,0x00132d10,malloc@plt,DIRECT_CALL
0x000a71d8,__cxa_demangle,N/A,"x8, 0x13c000 <vtable for __cxxabiv1::__pointer_to_member_type_info+0x1dd0>",ADRP_PAGE_REF
0x000a7224,__cxa_demangle,0x00132800,_ZSt9terminatev@plt,DIRECT_CALL
0x000a724c,__cxa_demangle,0x000a74e8,__cxa_demangle+0x5578,BRANCH
0x000a7258,__cxa_demangle,0x000a74e8,__cxa_demangle+0x5578,BRANCH
0x000a7268,__cxa_demangle,0x000a74e8,__cxa_demangle+0x5578,BRANCH
0x000a7274,__cxa_demangle,0x000a7304,__cxa_demangle+0x5394,BRANCH
0x000a7284,__cxa_demangle,0x000a74e8,__cxa_demangle+0x5578,BRANCH
0x000a7294,__cxa_demangle,0x000a74e8,__cxa_demangle+0x5578,BRANCH
0x000a72c4,__cxa_demangle,0x000a72dc,__cxa_demangle+0x536c,BRANCH
0x000a72d8,__cxa_demangle,0x000a72a4,__cxa_demangle+0x5334,BRANCH
0x000a72e0,__cxa_demangle,0x000a74e8,__cxa_demangle+0x5578,BRANCH
0x000a72ec,__cxa_demangle,0x000a74e8,__cxa_demangle+0x5578,BRANCH
0x000a72fc,__cxa_demangle,0x000a7310,__cxa_demangle+0x53a0,BRANCH
0x000a7300,__cxa_demangle,0x000a74e8,__cxa_demangle+0x5578,BRANCH
0x000a730c,__cxa_demangle,0x000a74e8,__cxa_demangle+0x5578,BRANCH
0x000a7318,__cxa_demangle,0x000a73a4,__cxa_demangle+0x5434,BRANCH
0x000a7340,__cxa_demangle,0x000a7364,__cxa_demangle+0x53f4,BRANCH
0x000a734c,__cxa_demangle,0x00132d10,malloc@plt,DIRECT_CALL
0x000a736c,__cxa_demangle,N/A,"x8, 0x13a000 <typeinfo for __cxxabiv1::__array_type_info>",ADRP_PAGE_REF
0x000a73a0,__cxa_demangle,0x000a74ec,__cxa_demangle+0x557c,BRANCH
0x000a73b0,__cxa_demangle,0x000a74e8,__cxa_demangle+0x5578,BRANCH
0x000a73dc,__cxa_demangle,0x000a73f4,__cxa_demangle+0x5484,BRANCH
0x000a73f0,__cxa_demangle,0x000a73c0,__cxa_demangle+0x5450,BRANCH
0x000a73f8,__cxa_demangle,0x000a74e8,__cxa_demangle+0x5578,BRANCH
0x000a7404,__cxa_demangle,0x000a74e8,__cxa_demangle+0x5578,BRANCH
0x000a7438,__cxa_demangle,0x000a7464,__cxa_demangle+0x54f4,BRANCH
0x000a7444,__cxa_demangle,0x00132d10,malloc@plt,DIRECT_CALL
0x000a7470,__cxa_demangle,N/A,"x8, 0x13a000 <typeinfo for __cxxabiv1::__array_type_info>",ADRP_PAGE_REF
0x000a74ac,__cxa_demangle,0x000a75e0,__cxa_demangle+0x5670,BRANCH
0x000a74c8,__cxa_demangle,0x000a75a0,__cxa_demangle+0x5630,BRANCH
0x000a74d0,__cxa_demangle,0x00132d28,realloc@plt,DIRECT_CALL
0x000a74e4,__cxa_demangle,0x00132c80,abort@plt,DIRECT_CALL
0x000a7520,__cxa_demangle,0x000a7544,__cxa_demangle+0x55d4,BRANCH
0x000a7538,__cxa_demangle,0x000a7544,__cxa_demangle+0x55d4,BRANCH
0x000a7540,__cxa_demangle,0x000a74ec,__cxa_demangle+0x557c,BRANCH
0x000a754c,__cxa_demangle,0x000a74ec,__cxa_demangle+0x557c,BRANCH
0x000a7558,__cxa_demangle,0x000a74ec,__cxa_demangle+0x557c,BRANCH
0x000a7560,__cxa_demangle,0x000a757c,__cxa_demangle+0x560c,BRANCH
0x000a7574,__cxa_demangle,0x000a8098,__cxa_demangle+0x6128,DIRECT_CALL
0x000a757c,__cxa_demangle,N/A,"x1, 0x54000",ADRP_PAGE_REF
0x000a759c,__cxa_demangle,0x000a8170,__cxa_demangle+0x6200,BRANCH
0x000a75a4,__cxa_demangle,0x00132d10,malloc@plt,DIRECT_CALL
0x000a75b4,__cxa_demangle,0x000a75c8,__cxa_demangle+0x5658,BRANCH
0x000a75c4,__cxa_demangle,0x00132d88,memmove@plt,DIRECT_CALL
0x000a75ec,__cxa_demangle,0x000a74ec,__cxa_demangle+0x557c,BRANCH
0x000a75f0,__cxa_demangle,0x00132800,_ZSt9terminatev@plt,DIRECT_CALL
0x000a75f4,__cxa_demangle,0x00132c80,abort@plt,DIRECT_CALL
0x000a7614,__cxa_demangle,0x000a7720,__cxa_demangle+0x57b0,BRANCH
0x000a7620,__cxa_demangle,0x000a7720,__cxa_demangle+0x57b0,BRANCH
0x000a7630,__cxa_demangle,0x000a7720,__cxa_demangle+0x57b0,BRANCH
0x000a763c,__cxa_demangle,0x000a764c,__cxa_demangle+0x56dc,BRANCH
0x000a7648,__cxa_demangle,0x000a7720,__cxa_demangle+0x57b0,BRANCH
0x000a7658,__cxa_demangle,0x000a8524,__cxa_demangle+0x65b4,DIRECT_CALL
0x000a7668,__cxa_demangle,0x000a7720,__cxa_demangle+0x57b0,BRANCH
0x000a7674,__cxa_demangle,0x000a7720,__cxa_demangle+0x57b0,BRANCH
0x000a7694,__cxa_demangle,0x000a76bc,__cxa_demangle+0x574c,BRANCH
0x000a76a0,__cxa_demangle,0x00132d10,malloc@plt,DIRECT_CALL
0x000a76c4,__cxa_demangle,N/A,"x10, 0x13a000 <typeinfo for __cxxabiv1::__array_type_info>",ADRP_PAGE_REF
0x000a76d8,__cxa_demangle,N/A,"x10, 0x55000",ADRP_PAGE_REF
0x000a7738,__cxa_demangle,0x00132800,_ZSt9terminatev@plt,DIRECT_CALL
0x000a775c,__cxa_demangle,0x000a77fc,__cxa_demangle+0x588c,BRANCH
0x000a7768,__cxa_demangle,0x000a77fc,__cxa_demangle+0x588c,BRANCH
0x000a7778,__cxa_demangle,0x000a77fc,__cxa_demangle+0x588c,BRANCH
0x000a7784,__cxa_demangle,0x000a77bc,__cxa_demangle+0x584c,BRANCH
0x000a778c,__cxa_demangle,0x000a77e8,__cxa_demangle+0x5878,BRANCH
0x000a7798,__cxa_demangle,0x000a7870,__cxa_demangle+0x5900,BRANCH
0x000a77a0,__cxa_demangle,0x000a78c8,__cxa_demangle+0x5958,BRANCH
0x000a77a8,__cxa_demangle,0x000a78d8,__cxa_demangle+0x5968,BRANCH
0x000a77b0,__cxa_demangle,0x000a7800,__cxa_demangle+0x5890,BRANCH
0x000a77b8,__cxa_demangle,0x000a78e4,__cxa_demangle+0x5974,BRANCH
0x000a77c0,__cxa_demangle,0x000a77e0,__cxa_demangle+0x5870,BRANCH
0x000a77d4,__cxa_demangle,0x000a77fc,__cxa_demangle+0x588c,BRANCH
0x000a77dc,__cxa_demangle,0x000a7800,__cxa_demangle+0x5890,BRANCH
0x000a77e4,__cxa_demangle,0x000a77fc,__cxa_demangle+0x588c,BRANCH
0x000a77ec,__cxa_demangle,0x000a781c,__cxa_demangle+0x58ac,BRANCH
0x000a77f8,__cxa_demangle,0x000a781c,__cxa_demangle+0x58ac,BRANCH
0x000a7824,__cxa_demangle,0x000a7848,__cxa_demangle+0x58d8,BRANCH
0x000a7844,__cxa_demangle,0x000a7800,__cxa_demangle+0x5890,BRANCH
0x000a7850,__cxa_demangle,0x000a7890,__cxa_demangle+0x5920,BRANCH
0x000a7858,__cxa_demangle,0x000a7828,__cxa_demangle+0x58b8,BRANCH
0x000a7864,__cxa_demangle,0x000a7890,__cxa_demangle+0x5920,BRANCH
0x000a786c,__cxa_demangle,0x000a782c,__cxa_demangle+0x58bc,BRANCH
0x000a7874,__cxa_demangle,0x000a78d0,__cxa_demangle+0x5960,BRANCH
0x000a787c,__cxa_demangle,0x000a78e0,__cxa_demangle+0x5970,BRANCH
0x000a7884,__cxa_demangle,0x000a7800,__cxa_demangle+0x5890,BRANCH
0x000a788c,__cxa_demangle,0x000a78e4,__cxa_demangle+0x5974,BRANCH
0x000a7894,__cxa_demangle,0x000a77fc,__cxa_demangle+0x588c,BRANCH
0x000a78a0,__cxa_demangle,0x000a77fc,__cxa_demangle+0x588c,BRANCH
0x000a78bc,__cxa_demangle,0x000a77fc,__cxa_demangle+0x588c,BRANCH
0x000a78c4,__cxa_demangle,0x000a7800,__cxa_demangle+0x5890,BRANCH
0x000a78cc,__cxa_demangle,0x000a78e4,__cxa_demangle+0x5974,BRANCH
0x000a78d4,__cxa_demangle,0x000a78e4,__cxa_demangle+0x5974,BRANCH
0x000a78dc,__cxa_demangle,0x000a78e4,__cxa_demangle+0x5974,BRANCH
0x000a78fc,__cxa_demangle,0x000a7928,__cxa_demangle+0x59b8,BRANCH
0x000a7908,__cxa_demangle,0x00132d10,malloc@plt,DIRECT_CALL
0x000a795c,__cxa_demangle,N/A,"x8, 0x13b000 <vtable for __cxxabiv1::__pointer_to_member_type_info+0xdd0>",ADRP_PAGE_REF
0x000a7968,__cxa_demangle,0x000b4640,__cxa_demangle+0x126d0,DIRECT_CALL
0x000a7970,__cxa_demangle,0x000a79b8,__cxa_demangle+0x5a48,BRANCH
0x000a7984,__cxa_demangle,0x000a7a00,__cxa_demangle+0x5a90,BRANCH
0x000a799c,__cxa_demangle,0x000a79c0,__cxa_demangle+0x5a50,BRANCH
0x000a79a4,__cxa_demangle,0x00132d28,realloc@plt,DIRECT_CALL
0x000a79b4,__cxa_demangle,0x00132c80,abort@plt,DIRECT_CALL
0x000a79bc,__cxa_demangle,0x000a7800,__cxa_demangle+0x5890,BRANCH
0x000a79c4,__cxa_demangle,0x00132d10,malloc@plt,DIRECT_CALL
0x000a79d0,__cxa_demangle,0x000a79e8,__cxa_demangle+0x5a78,BRANCH
0x000a79e0,__cxa_demangle,0x00132d88,memmove@plt,DIRECT_CALL
0x000a7a0c,__cxa_demangle,0x000a7800,__cxa_demangle+0x5890,BRANCH
0x000a7a10,__cxa_demangle,0x00132800,_ZSt9terminatev@plt,DIRECT_CALL
0x000a7a14,__cxa_demangle,0x00132c80,abort@plt,DIRECT_CALL
0x000a7a4c,__cxa_demangle,0x000a61a8,__cxa_demangle+0x4238,DIRECT_CALL
0x000a7a58,__cxa_demangle,0x000a7fcc,__cxa_demangle+0x605c,BRANCH
0x000a7a68,__cxa_demangle,0x000a7ae0,__cxa_demangle+0x5b70,BRANCH
0x000a7a74,__cxa_demangle,0x000a7a90,__cxa_demangle+0x5b20,BRANCH
0x000a7a88,__cxa_demangle,0x000a7a9c,__cxa_demangle+0x5b2c,BRANCH
0x000a7a8c,__cxa_demangle,0x000a7c20,__cxa_demangle+0x5cb0,BRANCH
0x000a7a98,__cxa_demangle,0x000a7c20,__cxa_demangle+0x5cb0,BRANCH
0x000a7aa4,__cxa_demangle,0x000a7ab0,__cxa_demangle+0x5b40,BRANCH
0x000a7ab4,__cxa_demangle,0x000a7b1c,__cxa_demangle+0x5bac,BRANCH
0x000a7ac0,__cxa_demangle,0x000a7b1c,__cxa_demangle+0x5bac,BRANCH
0x000a7ac8,__cxa_demangle,0x000a7afc,__cxa_demangle+0x5b8c,BRANCH
0x000a7ad0,__cxa_demangle,0x000a6630,__cxa_demangle+0x46c0,DIRECT_CALL
0x000a7adc,__cxa_demangle,0x000a7ed8,__cxa_demangle+0x5f68,BRANCH
0x000a7aec,__cxa_demangle,0x000b3f3c,__cxa_demangle+0x11fcc,DIRECT_CALL
0x000a7af8,__cxa_demangle,0x000a7ed8,__cxa_demangle+0x5f68,BRANCH
0x000a7b00,__cxa_demangle,0x000a7b1c,__cxa_demangle+0x5bac,BRANCH
0x000a7b0c,__cxa_demangle,0x000ae70c,__cxa_demangle+0xc79c,DIRECT_CALL
0x000a7b18,__cxa_demangle,0x000a7ed8,__cxa_demangle+0x5f68,BRANCH
0x000a7b20,__cxa_demangle,0x000a7b34,__cxa_demangle+0x5bc4,BRANCH
0x000a7b30,__cxa_demangle,0x000a7cac,__cxa_demangle+0x5d3c,BRANCH
0x000a7b38,__cxa_demangle,0x000a7c20,__cxa_demangle+0x5cb0,BRANCH
0x000a7b48,__cxa_demangle,0x000a7c20,__cxa_demangle+0x5cb0,BRANCH
0x000a7b64,__cxa_demangle,0x000a7be0,__cxa_demangle+0x5c70,BRANCH
0x000a7b78,__cxa_demangle,0x000a7b98,__cxa_demangle+0x5c28,BRANCH
0x000a7b80,__cxa_demangle,0x00132d10,malloc@plt,DIRECT_CALL
0x000a7bd0,__cxa_demangle,N/A,"x8, 0x13b000 <vtable for __cxxabiv1::__pointer_to_member_type_info+0xdd0>",ADRP_PAGE_REF
0x000a7be4,__cxa_demangle,0x000a7a54,__cxa_demangle+0x5ae4,BRANCH
0x000a7bf0,__cxa_demangle,0x000a7e08,__cxa_demangle+0x5e98,BRANCH
0x000a7c00,__cxa_demangle,0x000a7e6c,__cxa_demangle+0x5efc,BRANCH
0x000a7c0c,__cxa_demangle,0x000a7e78,__cxa_demangle+0x5f08,BRANCH
0x000a7c1c,__cxa_demangle,0x000a7e7c,__cxa_demangle+0x5f0c,BRANCH
0x000a7c28,__cxa_demangle,0x000b3f3c,__cxa_demangle+0x11fcc,DIRECT_CALL
0x000a7c4c,__cxa_demangle,0x000a7c6c,__cxa_demangle+0x5cfc,BRANCH
0x000a7c54,__cxa_demangle,0x00132d10,malloc@plt,DIRECT_CALL
0x000a7c74,__cxa_demangle,N/A,"x10, 0x13b000 <vtable for __cxxabiv1::__pointer_to_member_type_info+0xdd0>",ADRP_PAGE_REF
0x000a7ca8,__cxa_demangle,0x000a7edc,__cxa_demangle+0x5f6c,BRANCH
0x000a7cbc,__cxa_demangle,0x000a6630,__cxa_demangle+0x46c0,DIRECT_CALL
0x000a7cd4,__cxa_demangle,0x000a7cec,__cxa_demangle+0x5d7c,BRANCH
0x000a7cdc,__cxa_demangle,0x000a6630,__cxa_demangle+0x46c0,DIRECT_CALL
0x000a7cf4,__cxa_demangle,0x000a7d58,__cxa_demangle+0x5de8,BRANCH
0x000a7d08,__cxa_demangle,0x000a7d1c,__cxa_demangle+0x5dac,BRANCH
0x000a7d0c,__cxa_demangle,0x00132d28,realloc@plt,DIRECT_CALL
0x000a7d18,__cxa_demangle,0x000a7ff0,__cxa_demangle+0x6080,BRANCH
0x000a7d20,__cxa_demangle,0x00132d10,malloc@plt,DIRECT_CALL
0x000a7d2c,__cxa_demangle,0x000a7d44,__cxa_demangle+0x5dd4,BRANCH
0x000a7d3c,__cxa_demangle,0x00132d70,memcpy@plt,DIRECT_CALL
0x000a7d6c,__cxa_demangle,0x000a7cd8,__cxa_demangle+0x5d68,BRANCH
0x000a7d78,__cxa_demangle,0x000a7cd8,__cxa_demangle+0x5d68,BRANCH
0x000a7d8c,__cxa_demangle,0x000a5440,__cxa_demangle+0x34d0,DIRECT_CALL
0x000a7da8,__cxa_demangle,0x000a7dc8,__cxa_demangle+0x5e58,BRANCH
0x000a7db0,__cxa_demangle,0x00132d10,malloc@plt,DIRECT_CALL
0x000a7dd0,__cxa_demangle,N/A,"x8, 0x13b000 <vtable for __cxxabiv1::__pointer_to_member_type_info+0xdd0>",ADRP_PAGE_REF
0x000a7e04,__cxa_demangle,0x000a7ed8,__cxa_demangle+0x5f68,BRANCH
0x000a7e14,__cxa_demangle,0x000a7fcc,__cxa_demangle+0x605c,BRANCH
0x000a7e1c,__cxa_demangle,0x000a7fcc,__cxa_demangle+0x605c,BRANCH
0x000a7e2c,__cxa_demangle,0x000a7fcc,__cxa_demangle+0x605c,BRANCH
0x000a7e40,__cxa_demangle,0x000a7fcc,__cxa_demangle+0x605c,BRANCH
0x000a7e68,__cxa_demangle,0x000a7ecc,__cxa_demangle+0x5f5c,BRANCH
0x000a7e74,__cxa_demangle,0x000a7e7c,__cxa_demangle+0x5f0c,BRANCH
0x000a7e80,__cxa_demangle,0x000a7a54,__cxa_demangle+0x5ae4,BRANCH
0x000a7e90,__cxa_demangle,0x000a7a54,__cxa_demangle+0x5ae4,BRANCH
0x000a7eb4,__cxa_demangle,0x000a4810,__cxa_demangle+0x28a0,DIRECT_CALL
0x000a7ecc,__cxa_demangle,0x000b5020,__cxa_demangle+0x130b0,DIRECT_CALL
0x000a7ee4,__cxa_demangle,0x000b4640,__cxa_demangle+0x126d0,DIRECT_CALL
0x000a7f0c,__cxa_demangle,0x000a7f34,__cxa_demangle+0x5fc4,BRANCH
0x000a7f18,__cxa_demangle,0x00132d10,malloc@plt,DIRECT_CALL
0x000a7f3c,__cxa_demangle,N/A,"x10, 0x13c000 <vtable for __cxxabiv1::__pointer_to_member_type_info+0x1dd0>",ADRP_PAGE_REF
0x000a7f54,__cxa_demangle,0x000a7fb0,__cxa_demangle+0x6040,BRANCH
0x000a7f68,__cxa_demangle,0x000a7f90,__cxa_demangle+0x6020,BRANCH
0x000a7f74,__cxa_demangle,0x00132d10,malloc@plt,DIRECT_CALL
0x000a7f98,__cxa_demangle,N/A,"x10, 0x13c000 <vtable for __cxxabiv1::__pointer_to_member_type_info+0x1dd0>",ADRP_PAGE_REF
0x000a7fec,__cxa_demangle,0x00132800,_ZSt9terminatev@plt,DIRECT_CALL
0x000a7ff0,__cxa_demangle,0x00132c80,abort@plt,DIRECT_CALL
0x000a7ff4,__cxa_demangle,0x00132c80,abort@plt,DIRECT_CALL
0x000a8020,__cxa_demangle,0x000a8044,__cxa_demangle+0x60d4,BRANCH
0x000a802c,__cxa_demangle,0x00132d10,malloc@plt,DIRECT_CALL
0x000a804c,__cxa_demangle,N/A,"x8, 0x13a000 <typeinfo for __cxxabiv1::__array_type_info>",ADRP_PAGE_REF
0x000a8094,__cxa_demangle,0x00132800,_ZSt9terminatev@plt,DIRECT_CALL
0x000a80b8,__cxa_demangle,0x000a8144,__cxa_demangle+0x61d4,BRANCH
0x000a80d8,__cxa_demangle,0x000a80f8,__cxa_demangle+0x6188,BRANCH
0x000a80e0,__cxa_demangle,0x00132d28,realloc@plt,DIRECT_CALL
0x000a80f4,__cxa_demangle,0x00132c80,abort@plt,DIRECT_CALL
0x000a80fc,__cxa_demangle,0x00132d10,malloc@plt,DIRECT_CALL
0x000a810c,__cxa_demangle,0x000a8128,__cxa_demangle+0x61b8,BRANCH
0x000a8120,__cxa_demangle,0x00132d88,memmove@plt,DIRECT_CALL
0x000a816c,__cxa_demangle,0x00132c80,abort@plt,DIRECT_CALL
0x000a8198,__cxa_demangle,0x000a81bc,__cxa_demangle+0x624c,BRANCH
0x000a81a4,__cxa_demangle,0x00132d10,malloc@plt,DIRECT_CALL
0x000a81cc,__cxa_demangle,0x00132cf8,strlen@plt,DIRECT_CALL
0x000a81d0,__cxa_demangle,N/A,"x9, 0x13a000 <typeinfo for __cxxabiv1::__array_type_info>",ADRP_PAGE_REF
0x000a8214,__cxa_demangle,0x00132800,_ZSt9terminatev@plt,DIRECT_CALL
0x000a825c,__cxa_demangle,0x000a8290,__cxa_demangle+0x6320,BRANCH
0x000a8270,__cxa_demangle,N/A,x9,INDIRECT_CALL
0x000a82b4,__cxa_demangle,0x0012e82c,__emutls_get_address+0xd50,DIRECT_CALL
0x000a82fc,__cxa_demangle,0x000a8330,__cxa_demangle+0x63c0,BRANCH
0x000a8310,__cxa_demangle,N/A,x9,INDIRECT_CALL
0x000a8354,__cxa_demangle,0x0012e82c,__emutls_get_address+0xd50,DIRECT_CALL
0x000a839c,__cxa_demangle,0x000a83d0,__cxa_demangle+0x6460,BRANCH
0x000a83b0,__cxa_demangle,N/A,x9,INDIRECT_CALL
0x000a83f4,__cxa_demangle,0x0012e82c,__emutls_get_address+0xd50,DIRECT_CALL
0x000a843c,__cxa_demangle,N/A,x9,INDIRECT_CALL
0x000a8458,__cxa_demangle,0x0012e82c,__emutls_get_address+0xd50,DIRECT_CALL
0x000a849c,__cxa_demangle,N/A,x8,INDIRECT_CALL
0x000a84b8,__cxa_demangle,0x0012e82c,__emutls_get_address+0xd50,DIRECT_CALL
0x000a84fc,__cxa_demangle,N/A,x8,INDIRECT_CALL
0x000a8518,__cxa_demangle,0x0012e82c,__emutls_get_address+0xd50,DIRECT_CALL
0x000a8520,__cxa_demangle,0x001329f8,_ZdlPv@plt,BRANCH
0x000a8554,__cxa_demangle,0x000a8584,__cxa_demangle+0x6614,BRANCH
0x000a8598,__cxa_demangle,0x000a85a4,__cxa_demangle+0x6634,BRANCH
0x000a85a0,__cxa_demangle,0x000a85bc,__cxa_demangle+0x664c,BRANCH
0x000a85b4,__cxa_demangle,0x000a8558,__cxa_demangle+0x65e8,BRANCH
0x000a85d4,__cxa_demangle,0x000a85ec,__cxa_demangle+0x667c,BRANCH
0x000a85e8,__cxa_demangle,0x000a861c,__cxa_demangle+0x66ac,BRANCH
0x000a8600,__cxa_demangle,0x000a85d8,__cxa_demangle+0x6668,BRANCH
0x000a8604,__cxa_demangle,0x000a85e0,__cxa_demangle+0x6670,BRANCH
0x000a8614,__cxa_demangle,0x000a85d8,__cxa_demangle+0x6668,BRANCH
0x000a8618,__cxa_demangle,0x000a85e0,__cxa_demangle+0x6670,BRANCH
0x000a8628,__cxa_demangle,0x000a86a4,__cxa_demangle+0x6734,BRANCH
0x000a8638,__cxa_demangle,0x000a86a4,__cxa_demangle+0x6734,BRANCH
0x000a8650,__cxa_demangle,0x00132cf8,strlen@plt,DIRECT_CALL
0x000a8658,__cxa_demangle,0x000a87cc,__cxa_demangle+0x685c,BRANCH
0x000a8660,__cxa_demangle,0x000a98e0,__cxa_demangle+0x7970,BRANCH
0x000a867c,__cxa_demangle,0x000a98e0,__cxa_demangle+0x7970,BRANCH
0x000a8688,__cxa_demangle,0x000a87d4,__cxa_demangle+0x6864,BRANCH
0x000a8694,__cxa_demangle,0x000a87d4,__cxa_demangle+0x6864,BRANCH
0x000a86a0,__cxa_demangle,0x000a87d4,__cxa_demangle+0x6864,BRANCH
0x000a86a8,__cxa_demangle,0x000a870c,__cxa_demangle+0x679c,BRANCH
0x000a86b0,__cxa_demangle,0x000a86e4,__cxa_demangle+0x6774,BRANCH
0x000a86b8,__cxa_demangle,0x000a8740,__cxa_demangle+0x67d0,BRANCH
0x000a86e0,__cxa_demangle,0x000a9f80,__cxa_demangle+0x8010,BRANCH
0x000a8708,__cxa_demangle,0x000a7228,__cxa_demangle+0x52b8,BRANCH
0x000a8714,__cxa_demangle,0x000a888c,__cxa_demangle+0x691c,BRANCH
0x000a873c,__cxa_demangle,0x000aae68,__cxa_demangle+0x8ef8,BRANCH
0x000a874c,__cxa_demangle,0x000a8920,__cxa_demangle+0x69b0,BRANCH
0x000a8758,__cxa_demangle,0x000a877c,__cxa_demangle+0x680c,BRANCH
0x000a8768,__cxa_demangle,0x000a8aec,__cxa_demangle+0x6b7c,BRANCH
0x000a8778,__cxa_demangle,0x000a9030,__cxa_demangle+0x70c0,BRANCH
0x000a8780,__cxa_demangle,0x000a8a24,__cxa_demangle+0x6ab4,BRANCH
0x000a8788,__cxa_demangle,0x000a8a24,__cxa_demangle+0x6ab4,BRANCH
0x000a8790,__cxa_demangle,0x000a8a24,__cxa_demangle+0x6ab4,BRANCH
0x000a87a0,__cxa_demangle,0x000a8a2c,__cxa_demangle+0x6abc,BRANCH
0x000a87c8,__cxa_demangle,0x000ab798,__cxa_demangle+0x9828,BRANCH
0x000a87dc,__cxa_demangle,0x000a992c,__cxa_demangle+0x79bc,BRANCH
0x000a8808,__cxa_demangle,0x000a8524,__cxa_demangle+0x65b4,DIRECT_CALL
0x000a8824,__cxa_demangle,0x000a8844,__cxa_demangle+0x68d4,BRANCH
0x000a882c,__cxa_demangle,0x00132d10,malloc@plt,DIRECT_CALL
0x000a884c,__cxa_demangle,N/A,"x8, 0x13a000 <typeinfo for __cxxabiv1::__array_type_info>",ADRP_PAGE_REF
0x000a8888,__cxa_demangle,0x000a855c,__cxa_demangle+0x65ec,BRANCH
0x000a8890,__cxa_demangle,0x000a88ac,__cxa_demangle+0x693c,BRANCH
0x000a8898,__cxa_demangle,0x000a88ac,__cxa_demangle+0x693c,BRANCH
0x000a88a8,__cxa_demangle,0x000a8718,__cxa_demangle+0x67a8,BRANCH
0x000a88b0,__cxa_demangle,0x000a8558,__cxa_demangle+0x65e8,BRANCH
0x000a88bc,__cxa_demangle,0x000a8558,__cxa_demangle+0x65e8,BRANCH
0x000a88cc,__cxa_demangle,0x000a8558,__cxa_demangle+0x65e8,BRANCH
0x000a88f0,__cxa_demangle,0x000a8558,__cxa_demangle+0x65e8,BRANCH
0x000a891c,__cxa_demangle,0x000a89f4,__cxa_demangle+0x6a84,BRANCH
0x000a8938,__cxa_demangle,0x000a896c,__cxa_demangle+0x69fc,BRANCH
0x000a893c,__cxa_demangle,0x00132d28,realloc@plt,DIRECT_CALL
0x000a8970,__cxa_demangle,0x000a8980,__cxa_demangle+0x6a10,BRANCH
0x000a897c,__cxa_demangle,0x000a8a74,__cxa_demangle+0x6b04,BRANCH
0x000a8984,__cxa_demangle,0x000ab224,__cxa_demangle+0x92b4,DIRECT_CALL
0x000a8994,__cxa_demangle,0x000a895c,__cxa_demangle+0x69ec,BRANCH
0x000a89ac,__cxa_demangle,0x000a893c,__cxa_demangle+0x69cc,BRANCH
0x000a89b4,__cxa_demangle,0x00132d10,malloc@plt,DIRECT_CALL
0x000a89c0,__cxa_demangle,0x000a89d8,__cxa_demangle+0x6a68,BRANCH
0x000a89d0,__cxa_demangle,0x00132d70,memcpy@plt,DIRECT_CALL
0x000a89dc,__cxa_demangle,0x000a8948,__cxa_demangle+0x69d8,BRANCH
0x000a89f0,__cxa_demangle,0x000a94b0,__cxa_demangle+0x7540,BRANCH
0x000a8a08,__cxa_demangle,0x000a89e0,__cxa_demangle+0x6a70,BRANCH
0x000a8a0c,__cxa_demangle,0x000a89e8,__cxa_demangle+0x6a78,BRANCH
0x000a8a1c,__cxa_demangle,0x000a89e0,__cxa_demangle+0x6a70,BRANCH
0x000a8a20,__cxa_demangle,0x000a89e8,__cxa_demangle+0x6a78,BRANCH
0x000a8a28,__cxa_demangle,0x000a8a3c,__cxa_demangle+0x6acc,BRANCH
0x000a8a38,__cxa_demangle,0x000a9064,__cxa_demangle+0x70f4,BRANCH
0x000a8a3c,__cxa_demangle,N/A,"x1, 0x55000",ADRP_PAGE_REF
0x000a8a4c,__cxa_demangle,0x000a2638,__cxa_demangle+0x6c8,DIRECT_CALL
0x000a8a58,__cxa_demangle,0x000a8524,__cxa_demangle+0x65b4,DIRECT_CALL
0x000a8a6c,__cxa_demangle,0x000ac010,__cxa_demangle+0xa0a0,DIRECT_CALL
0x000a8a70,__cxa_demangle,0x000a855c,__cxa_demangle+0x65ec,BRANCH
0x000a8a84,__cxa_demangle,0x000a5440,__cxa_demangle+0x34d0,DIRECT_CALL
0x000a8a94,__cxa_demangle,0x000ab4b8,__cxa_demangle+0x9548,DIRECT_CALL
0x000a8a98,__cxa_demangle,0x000a855c,__cxa_demangle+0x65ec,BRANCH
0x000a8a9c,__cxa_demangle,N/A,"x1, 0x54000",ADRP_PAGE_REF
0x000a8aac,__cxa_demangle,0x000a2638,__cxa_demangle+0x6c8,DIRECT_CALL
0x000a8abc,__cxa_demangle,0x000a9220,__cxa_demangle+0x72b0,BRANCH
0x000a8ac8,__cxa_demangle,0x000a9220,__cxa_demangle+0x72b0,BRANCH
0x000a8ad0,__cxa_demangle,0x000a7228,__cxa_demangle+0x52b8,DIRECT_CALL
0x000a8ae4,__cxa_demangle,0x000ac0b0,__cxa_demangle+0xa140,DIRECT_CALL
0x000a8ae8,__cxa_demangle,0x000a855c,__cxa_demangle+0x65ec,BRANCH
0x000a8b18,__cxa_demangle,0x000ab55c,__cxa_demangle+0x95ec,BRANCH
0x000a8b24,__cxa_demangle,0x000a32d8,__cxa_demangle+0x1368,DIRECT_CALL
0x000a8b34,__cxa_demangle,0x000a8524,__cxa_demangle+0x65b4,DIRECT_CALL
0x000a8b60,__cxa_demangle,0x000a9eb8,__cxa_demangle+0x7f48,DIRECT_CALL
0x000a8b64,__cxa_demangle,0x000a855c,__cxa_demangle+0x65ec,BRANCH
0x000a8b70,__cxa_demangle,0x000a8524,__cxa_demangle+0x65b4,DIRECT_CALL
0x000a8b80,__cxa_demangle,0x000a8524,__cxa_demangle+0x65b4,DIRECT_CALL
0x000a8ba8,__cxa_demangle,0x000a99f4,__cxa_demangle+0x7a84,DIRECT_CALL
0x000a8bac,__cxa_demangle,0x000a855c,__cxa_demangle+0x65ec,BRANCH
0x000a8bc0,__cxa_demangle,0x000a8524,__cxa_demangle+0x65b4,DIRECT_CALL
0x000a8bc4,__cxa_demangle,0x000a91a0,__cxa_demangle+0x7230,BRANCH
0x000a8bd8,__cxa_demangle,0x000a32d8,__cxa_demangle+0x1368,DIRECT_CALL
0x000a8bfc,__cxa_demangle,0x000a9464,__cxa_demangle+0x74f4,BRANCH
0x000a8c08,__cxa_demangle,0x000a9438,__cxa_demangle+0x74c8,BRANCH
0x000a8c18,__cxa_demangle,0x000a8fbc,__cxa_demangle+0x704c,BRANCH
0x000a8c24,__cxa_demangle,0x000a9094,__cxa_demangle+0x7124,BRANCH
0x000a8c30,__cxa_demangle,0x000a9094,__cxa_demangle+0x7124,BRANCH
0x000a8c50,__cxa_demangle,0x000a8524,__cxa_demangle+0x65b4,DIRECT_CALL
0x000a8c6c,__cxa_demangle,0x000acf50,__cxa_demangle+0xafe0,DIRECT_CALL
0x000a8c70,__cxa_demangle,0x000a855c,__cxa_demangle+0x65ec,BRANCH
0x000a8c8c,__cxa_demangle,0x000a8524,__cxa_demangle+0x65b4,DIRECT_CALL
0x000a8c9c,__cxa_demangle,0x000a8524,__cxa_demangle+0x65b4,DIRECT_CALL
0x000a8cbc,__cxa_demangle,0x000aca40,__cxa_demangle+0xaad0,DIRECT_CALL
0x000a8cc0,__cxa_demangle,0x000a855c,__cxa_demangle+0x65ec,BRANCH
0x000a8ccc,__cxa_demangle,0x000a8524,__cxa_demangle+0x65b4,DIRECT_CALL
0x000a8cec,__cxa_demangle,0x000a8d0c,__cxa_demangle+0x6d9c,BRANCH
0x000a8cf4,__cxa_demangle,0x00132d10,malloc@plt,DIRECT_CALL
0x000a8d14,__cxa_demangle,N/A,"x8, 0x13a000 <typeinfo for __cxxabiv1::__array_type_info>",ADRP_PAGE_REF
0x000a8d58,__cxa_demangle,0x000a855c,__cxa_demangle+0x65ec,BRANCH
0x000a8d64,__cxa_demangle,0x000a8524,__cxa_demangle+0x65b4,DIRECT_CALL
0x000a8d74,__cxa_demangle,0x000a8524,__cxa_demangle+0x65b4,DIRECT_CALL
0x000a8da0,__cxa_demangle,0x000a9ab0,__cxa_demangle+0x7b40,DIRECT_CALL
0x000a8da4,__cxa_demangle,0x000a855c,__cxa_demangle+0x65ec,BRANCH
0x000a8dbc,__cxa_demangle,0x000a8df0,__cxa_demangle+0x6e80,BRANCH
0x000a8dc0,__cxa_demangle,0x00132d28,realloc@plt,DIRECT_CALL
0x000a8df4,__cxa_demangle,0x000a8e04,__cxa_demangle+0x6e94,BRANCH
0x000a8e00,__cxa_demangle,0x000a9234,__cxa_demangle+0x72c4,BRANCH
0x000a8e08,__cxa_demangle,0x000a8524,__cxa_demangle+0x65b4,DIRECT_CALL
0x000a8e18,__cxa_demangle,0x000a8de0,__cxa_demangle+0x6e70,BRANCH
0x000a8e30,__cxa_demangle,0x000a8dc0,__cxa_demangle+0x6e50,BRANCH
0x000a8e38,__cxa_demangle,0x00132d10,malloc@plt,DIRECT_CALL
0x000a8e44,__cxa_demangle,0x000a8e5c,__cxa_demangle+0x6eec,BRANCH
0x000a8e54,__cxa_demangle,0x00132d70,memcpy@plt,DIRECT_CALL
0x000a8e60,__cxa_demangle,0x000a8dcc,__cxa_demangle+0x6e5c,BRANCH
0x000a8e6c,__cxa_demangle,0x000a8524,__cxa_demangle+0x65b4,DIRECT_CALL
0x000a8e7c,__cxa_demangle,0x000a8524,__cxa_demangle+0x65b4,DIRECT_CALL
0x000a8e8c,__cxa_demangle,0x000a8524,__cxa_demangle+0x65b4,DIRECT_CALL
0x000a8eb8,__cxa_demangle,0x000a9df0,__cxa_demangle+0x7e80,DIRECT_CALL
0x000a8ebc,__cxa_demangle,0x000a855c,__cxa_demangle+0x65ec,BRANCH
0x000a8ec8,__cxa_demangle,0x000a8524,__cxa_demangle+0x65b4,DIRECT_CALL
0x000a8ee4,__cxa_demangle,0x000a8f14,__cxa_demangle+0x6fa4,BRANCH
0x000a8ee8,__cxa_demangle,0x00132d28,realloc@plt,DIRECT_CALL
0x000a8f1c,__cxa_demangle,0x000a8f2c,__cxa_demangle+0x6fbc,BRANCH
0x000a8f28,__cxa_demangle,0x000a93fc,__cxa_demangle+0x748c,BRANCH
0x000a8f30,__cxa_demangle,0x000a8524,__cxa_demangle+0x65b4,DIRECT_CALL
0x000a8f40,__cxa_demangle,0x000a8f08,__cxa_demangle+0x6f98,BRANCH
0x000a8f58,__cxa_demangle,0x000a8ee8,__cxa_demangle+0x6f78,BRANCH
0x000a8f60,__cxa_demangle,0x00132d10,malloc@plt,DIRECT_CALL
0x000a8f6c,__cxa_demangle,0x000a8f84,__cxa_demangle+0x7014,BRANCH
0x000a8f7c,__cxa_demangle,0x00132d70,memcpy@plt,DIRECT_CALL
0x000a8f88,__cxa_demangle,0x000a8ef4,__cxa_demangle+0x6f84,BRANCH
0x000a8f8c,__cxa_demangle,0x00132d28,realloc@plt,DIRECT_CALL
0x000a8fc0,__cxa_demangle,0x000a8fd0,__cxa_demangle+0x7060,BRANCH
0x000a8fcc,__cxa_demangle,0x000a9440,__cxa_demangle+0x74d0,BRANCH
0x000a8fd4,__cxa_demangle,0x000a8524,__cxa_demangle+0x65b4,DIRECT_CALL
0x000a8fe4,__cxa_demangle,0x000a8fac,__cxa_demangle+0x703c,BRANCH
0x000a8ffc,__cxa_demangle,0x000a8f8c,__cxa_demangle+0x701c,BRANCH
0x000a9004,__cxa_demangle,0x00132d10,malloc@plt,DIRECT_CALL
0x000a9010,__cxa_demangle,0x000a9028,__cxa_demangle+0x70b8,BRANCH
0x000a9020,__cxa_demangle,0x00132d70,memcpy@plt,DIRECT_CALL
0x000a902c,__cxa_demangle,0x000a8f98,__cxa_demangle+0x7028,BRANCH
0x000a903c,__cxa_demangle,0x000a8524,__cxa_demangle+0x65b4,DIRECT_CALL
0x000a905c,__cxa_demangle,0x000ab6d8,__cxa_demangle+0x9768,DIRECT_CALL
0x000a9060,__cxa_demangle,0x000a855c,__cxa_demangle+0x65ec,BRANCH
0x000a9090,__cxa_demangle,0x000abca0,__cxa_demangle+0x9d30,BRANCH
0x000a9098,__cxa_demangle,0x000a8524,__cxa_demangle+0x65b4,DIRECT_CALL
0x000a90c0,__cxa_demangle,0x000a9934,__cxa_demangle+0x79c4,DIRECT_CALL
0x000a90c4,__cxa_demangle,0x000a855c,__cxa_demangle+0x65ec,BRANCH
0x000a90c8,__cxa_demangle,N/A,"x1, 0x54000",ADRP_PAGE_REF
0x000a90d8,__cxa_demangle,0x000a2638,__cxa_demangle+0x6c8,DIRECT_CALL
0x000a90f0,__cxa_demangle,0x000a9120,__cxa_demangle+0x71b0,BRANCH
0x000a90f4,__cxa_demangle,0x00132d28,realloc@plt,DIRECT_CALL
0x000a9128,__cxa_demangle,0x000a9138,__cxa_demangle+0x71c8,BRANCH
0x000a9134,__cxa_demangle,0x000a956c,__cxa_demangle+0x75fc,BRANCH
0x000a913c,__cxa_demangle,0x000a4f54,__cxa_demangle+0x2fe4,DIRECT_CALL
0x000a914c,__cxa_demangle,0x000a9114,__cxa_demangle+0x71a4,BRANCH
0x000a9164,__cxa_demangle,0x000a90f4,__cxa_demangle+0x7184,BRANCH
0x000a916c,__cxa_demangle,0x00132d10,malloc@plt,DIRECT_CALL
0x000a9178,__cxa_demangle,0x000a9190,__cxa_demangle+0x7220,BRANCH
0x000a9188,__cxa_demangle,0x00132d70,memcpy@plt,DIRECT_CALL
0x000a9194,__cxa_demangle,0x000a9100,__cxa_demangle+0x7190,BRANCH
0x000a919c,__cxa_demangle,0x000a32d8,__cxa_demangle+0x1368,DIRECT_CALL
0x000a91b8,__cxa_demangle,0x000a91d8,__cxa_demangle+0x7268,BRANCH
0x000a91c0,__cxa_demangle,0x00132d10,malloc@plt,DIRECT_CALL
0x000a91e0,__cxa_demangle,N/A,"x8, 0x13a000 <typeinfo for __cxxabiv1::__array_type_info>",ADRP_PAGE_REF
0x000a921c,__cxa_demangle,0x000a855c,__cxa_demangle+0x65ec,BRANCH
0x000a9224,__cxa_demangle,0x000aae68,__cxa_demangle+0x8ef8,DIRECT_CALL
0x000a9230,__cxa_demangle,0x000a855c,__cxa_demangle+0x65ec,BRANCH
0x000a9244,__cxa_demangle,0x000a5440,__cxa_demangle+0x34d0,DIRECT_CALL
0x000a9250,__cxa_demangle,0x000a32d8,__cxa_demangle+0x1368,DIRECT_CALL
0x000a925c,__cxa_demangle,N/A,"x1, 0x55000",ADRP_PAGE_REF
0x000a926c,__cxa_demangle,0x000a2638,__cxa_demangle+0x6c8,DIRECT_CALL
0x000a9280,__cxa_demangle,0x000a8558,__cxa_demangle+0x65e8,BRANCH
0x000a928c,__cxa_demangle,0x000a8558,__cxa_demangle+0x65e8,BRANCH
0x000a92a4,__cxa_demangle,0x000a5440,__cxa_demangle+0x34d0,DIRECT_CALL
0x000a92d4,__cxa_demangle,0x000a9b7c,__cxa_demangle+0x7c0c,DIRECT_CALL
0x000a92d8,__cxa_demangle,0x000a855c,__cxa_demangle+0x65ec,BRANCH
0x000a92dc,__cxa_demangle,0x00132d28,realloc@plt,DIRECT_CALL
0x000a9310,__cxa_demangle,0x000a9320,__cxa_demangle+0x73b0,BRANCH
0x000a931c,__cxa_demangle,0x000a9290,__cxa_demangle+0x7320,BRANCH
0x000a9324,__cxa_demangle,0x000a8524,__cxa_demangle+0x65b4,DIRECT_CALL
0x000a9334,__cxa_demangle,0x000a92fc,__cxa_demangle+0x738c,BRANCH
0x000a934c,__cxa_demangle,0x000a92dc,__cxa_demangle+0x736c,BRANCH
0x000a9354,__cxa_demangle,0x00132d10,malloc@plt,DIRECT_CALL
0x000a9360,__cxa_demangle,0x000a9378,__cxa_demangle+0x7408,BRANCH
0x000a9370,__cxa_demangle,0x00132d70,memcpy@plt,DIRECT_CALL
0x000a937c,__cxa_demangle,0x000a92e8,__cxa_demangle+0x7378,BRANCH
0x000a9380,__cxa_demangle,N/A,"x1, 0x56000",ADRP_PAGE_REF
0x000a9390,__cxa_demangle,0x000a2638,__cxa_demangle+0x6c8,DIRECT_CALL
0x000a939c,__cxa_demangle,0x000a32d8,__cxa_demangle+0x1368,DIRECT_CALL
0x000a93c0,__cxa_demangle,0x000a93d0,__cxa_demangle+0x7460,BRANCH
0x000a93cc,__cxa_demangle,0x000a968c,__cxa_demangle+0x771c,BRANCH
0x000a93d4,__cxa_demangle,0x000ab224,__cxa_demangle+0x92b4,DIRECT_CALL
0x000a93e8,__cxa_demangle,0x000a52c8,__cxa_demangle+0x3358,DIRECT_CALL
0x000a93f4,__cxa_demangle,0x000a93c4,__cxa_demangle+0x7454,BRANCH
0x000a93f8,__cxa_demangle,0x000a93d0,__cxa_demangle+0x7460,BRANCH
0x000a940c,__cxa_demangle,0x000a5440,__cxa_demangle+0x34d0,DIRECT_CALL
0x000a9430,__cxa_demangle,0x000a9c70,__cxa_demangle+0x7d00,DIRECT_CALL
0x000a9434,__cxa_demangle,0x000a855c,__cxa_demangle+0x65ec,BRANCH
0x000a943c,__cxa_demangle,0x000a9464,__cxa_demangle+0x74f4,BRANCH
0x000a9450,__cxa_demangle,0x000a5440,__cxa_demangle+0x34d0,DIRECT_CALL
0x000a945c,__cxa_demangle,0x000a971c,__cxa_demangle+0x77ac,BRANCH
0x000a9460,__cxa_demangle,0x000a9724,__cxa_demangle+0x77b4,BRANCH
0x000a9468,__cxa_demangle,0x000a8524,__cxa_demangle+0x65b4,DIRECT_CALL
0x000a9478,__cxa_demangle,0x000a9700,__cxa_demangle+0x7790,BRANCH
0x000a9494,__cxa_demangle,0x000a96b8,__cxa_demangle+0x7748,BRANCH
0x000a9498,__cxa_demangle,0x00132d28,realloc@plt,DIRECT_CALL
0x000a94ac,__cxa_demangle,0x00132c80,abort@plt,DIRECT_CALL
0x000a94bc,__cxa_demangle,0x000a8558,__cxa_demangle+0x65e8,BRANCH
0x000a94cc,__cxa_demangle,0x000a8558,__cxa_demangle+0x65e8,BRANCH
0x000a94e0,__cxa_demangle,0x000a9508,__cxa_demangle+0x7598,BRANCH
0x000a94e8,__cxa_demangle,0x000a8558,__cxa_demangle+0x65e8,BRANCH
0x000a94f4,__cxa_demangle,0x00132cf8,strlen@plt,DIRECT_CALL
0x000a9504,__cxa_demangle,0x000a8558,__cxa_demangle+0x65e8,BRANCH
0x000a950c,__cxa_demangle,0x000a8524,__cxa_demangle+0x65b4,DIRECT_CALL
0x000a9520,__cxa_demangle,0x000a9790,__cxa_demangle+0x7820,BRANCH
0x000a9524,__cxa_demangle,N/A,"x1, 0x56000",ADRP_PAGE_REF
0x000a9534,__cxa_demangle,0x000a2638,__cxa_demangle+0x6c8,DIRECT_CALL
0x000a953c,__cxa_demangle,N/A,"x1, 0x56000",ADRP_PAGE_REF
0x000a9568,__cxa_demangle,0x000ac34c,__cxa_demangle+0xa3dc,BRANCH
0x000a957c,__cxa_demangle,0x000a5440,__cxa_demangle+0x34d0,DIRECT_CALL
0x000a958c,__cxa_demangle,0x000ac204,__cxa_demangle+0xa294,DIRECT_CALL
0x000a959c,__cxa_demangle,0x000ac150,__cxa_demangle+0xa1e0,DIRECT_CALL
0x000a95a0,__cxa_demangle,0x000a855c,__cxa_demangle+0x65ec,BRANCH
0x000a95a4,__cxa_demangle,N/A,"x1, 0x56000",ADRP_PAGE_REF
0x000a95b4,__cxa_demangle,0x000a2638,__cxa_demangle+0x6c8,DIRECT_CALL
0x000a95c0,__cxa_demangle,0x000a8524,__cxa_demangle+0x65b4,DIRECT_CALL
0x000a95d4,__cxa_demangle,0x000ac3f4,__cxa_demangle+0xa484,DIRECT_CALL
0x000a95d8,__cxa_demangle,0x000a855c,__cxa_demangle+0x65ec,BRANCH
0x000a95e4,__cxa_demangle,0x000a9748,__cxa_demangle+0x77d8,BRANCH
0x000a95f0,__cxa_demangle,0x000a9748,__cxa_demangle+0x77d8,BRANCH
0x000a9600,__cxa_demangle,0x000a6630,__cxa_demangle+0x46c0,DIRECT_CALL
0x000a9614,__cxa_demangle,N/A,x8,INDIRECT_CALL
0x000a961c,__cxa_demangle,0x000a963c,__cxa_demangle+0x76cc,BRANCH
0x000a9638,__cxa_demangle,0x000a9878,__cxa_demangle+0x7908,BRANCH
0x000a9650,__cxa_demangle,0x000a9660,__cxa_demangle+0x76f0,BRANCH
0x000a965c,__cxa_demangle,0x000a9854,__cxa_demangle+0x78e4,BRANCH
0x000a9664,__cxa_demangle,0x000a4f54,__cxa_demangle+0x2fe4,DIRECT_CALL
0x000a9678,__cxa_demangle,0x000a52c8,__cxa_demangle+0x3358,DIRECT_CALL
0x000a9684,__cxa_demangle,0x000a9654,__cxa_demangle+0x76e4,BRANCH
0x000a9688,__cxa_demangle,0x000a9660,__cxa_demangle+0x76f0,BRANCH
0x000a969c,__cxa_demangle,0x000a5440,__cxa_demangle+0x34d0,DIRECT_CALL
0x000a96b0,__cxa_demangle,0x000ac2a0,__cxa_demangle+0xa330,DIRECT_CALL
0x000a96b4,__cxa_demangle,0x000a855c,__cxa_demangle+0x65ec,BRANCH
0x000a96bc,__cxa_demangle,0x00132d10,malloc@plt,DIRECT_CALL
0x000a96cc,__cxa_demangle,0x000a96e8,__cxa_demangle+0x7778,BRANCH
0x000a96e0,__cxa_demangle,0x00132d70,memcpy@plt,DIRECT_CALL
0x000a9714,__cxa_demangle,0x000a5440,__cxa_demangle+0x34d0,DIRECT_CALL
0x000a9720,__cxa_demangle,0x000a8558,__cxa_demangle+0x65e8,BRANCH
0x000a9740,__cxa_demangle,0x000a9d30,__cxa_demangle+0x7dc0,DIRECT_CALL
0x000a9744,__cxa_demangle,0x000a855c,__cxa_demangle+0x65ec,BRANCH
0x000a9774,__cxa_demangle,0x000ac494,__cxa_demangle+0xa524,BRANCH
0x000a977c,__cxa_demangle,0x000a8524,__cxa_demangle+0x65b4,DIRECT_CALL
0x000a9798,__cxa_demangle,0x00132cf8,strlen@plt,DIRECT_CALL
0x000a97a0,__cxa_demangle,0x000a98e0,__cxa_demangle+0x7970,BRANCH
0x000a97bc,__cxa_demangle,0x000a98e0,__cxa_demangle+0x7970,BRANCH
0x000a97c8,__cxa_demangle,0x000a97e0,__cxa_demangle+0x7870,BRANCH
0x000a97d4,__cxa_demangle,0x000a97e0,__cxa_demangle+0x7870,BRANCH
0x000a97f0,__cxa_demangle,0x000a9810,__cxa_demangle+0x78a0,BRANCH
0x000a97f8,__cxa_demangle,0x00132d10,malloc@plt,DIRECT_CALL
0x000a9818,__cxa_demangle,N/A,"x8, 0x13b000 <vtable for __cxxabiv1::__pointer_to_member_type_info+0xdd0>",ADRP_PAGE_REF
0x000a9850,__cxa_demangle,0x000a855c,__cxa_demangle+0x65ec,BRANCH
0x000a9864,__cxa_demangle,0x000a5440,__cxa_demangle+0x34d0,DIRECT_CALL
0x000a9874,__cxa_demangle,0x000a9420,__cxa_demangle+0x74b0,BRANCH
0x000a9880,__cxa_demangle,0x000a963c,__cxa_demangle+0x76cc,BRANCH
0x000a988c,__cxa_demangle,0x000a98ac,__cxa_demangle+0x793c,BRANCH
0x000a9894,__cxa_demangle,0x000a963c,__cxa_demangle+0x76cc,BRANCH
0x000a98a4,__cxa_demangle,0x000a32d8,__cxa_demangle+0x1368,DIRECT_CALL
0x000a98a8,__cxa_demangle,0x000a98bc,__cxa_demangle+0x794c,BRANCH
0x000a98b8,__cxa_demangle,0x000a8524,__cxa_demangle+0x65b4,DIRECT_CALL
0x000a98d4,__cxa_demangle,0x000a52c8,__cxa_demangle+0x3358,DIRECT_CALL
0x000a98d8,__cxa_demangle,0x000a985c,__cxa_demangle+0x78ec,BRANCH
0x000a98dc,__cxa_demangle,0x00132c80,abort@plt,DIRECT_CALL
0x000a98e0,__cxa_demangle,N/A,"x0, 0x54000",ADRP_PAGE_REF
0x000a98e8,__cxa_demangle,N/A,"x1, 0x55000",ADRP_PAGE_REF
0x000a98f0,__cxa_demangle,N/A,"x3, 0x55000",ADRP_PAGE_REF
0x000a98fc,__cxa_demangle,0x000a0110,std::bad_typeid::what() const+0x10,DIRECT_CALL
0x000a9900,__cxa_demangle,0x00132c80,abort@plt,DIRECT_CALL
0x000a9904,__cxa_demangle,0x00132c80,abort@plt,DIRECT_CALL
0x000a9908,__cxa_demangle,0x00132c80,abort@plt,DIRECT_CALL
0x000a990c,__cxa_demangle,0x00132c80,abort@plt,DIRECT_CALL
0x000a9910,__cxa_demangle,0x00132c80,abort@plt,DIRECT_CALL
0x000a9914,__cxa_demangle,0x00132c80,abort@plt,DIRECT_CALL
0x000a9918,__cxa_demangle,0x00132800,_ZSt9terminatev@plt,DIRECT_CALL
0x000a991c,__cxa_demangle,0x00132c80,abort@plt,DIRECT_CALL
0x000a9920,__cxa_demangle,0x00132c80,abort@plt,DIRECT_CALL
0x000a9924,__cxa_demangle,0x00132c80,abort@plt,DIRECT_CALL
0x000a9928,__cxa_demangle,0x00132c80,abort@plt,DIRECT_CALL
0x000a9930,__cxa_demangle,0x0012e82c,__emutls_get_address+0xd50,DIRECT_CALL
0x000a9968,__cxa_demangle,0x000a998c,__cxa_demangle+0x7a1c,BRANCH
0x000a9974,__cxa_demangle,0x00132d10,malloc@plt,DIRECT_CALL
0x000a9994,__cxa_demangle,N/A,"x8, 0x13a000 <typeinfo for __cxxabiv1::__array_type_info>",ADRP_PAGE_REF
0x000a99f0,__cxa_demangle,0x00132800,_ZSt9terminatev@plt,DIRECT_CALL
0x000a9a28,__cxa_demangle,0x000a9a4c,__cxa_demangle+0x7adc,BRANCH
0x000a9a34,__cxa_demangle,0x00132d10,malloc@plt,DIRECT_CALL
0x000a9a54,__cxa_demangle,N/A,"x8, 0x13a000 <typeinfo for __cxxabiv1::__array_type_info>",ADRP_PAGE_REF
0x000a9aac,__cxa_demangle,0x00132800,_ZSt9terminatev@plt,DIRECT_CALL
0x000a9ae8,__cxa_demangle,0x000a9b0c,__cxa_demangle+0x7b9c,BRANCH
0x000a9af4,__cxa_demangle,0x00132d10,malloc@plt,DIRECT_CALL
0x000a9b14,__cxa_demangle,N/A,"x8, 0x13a000 <typeinfo for __cxxabiv1::__array_type_info>",ADRP_PAGE_REF
0x000a9b78,__cxa_demangle,0x00132800,_ZSt9terminatev@plt,DIRECT_CALL
0x000a9bc0,__cxa_demangle,0x000a9be4,__cxa_demangle+0x7c74,BRANCH
0x000a9bcc,__cxa_demangle,0x00132d10,malloc@plt,DIRECT_CALL
0x000a9bec,__cxa_demangle,N/A,"x8, 0x13a000 <typeinfo for __cxxabiv1::__array_type_info>",ADRP_PAGE_REF
0x000a9c6c,__cxa_demangle,0x00132800,_ZSt9terminatev@plt,DIRECT_CALL
0x000a9ca4,__cxa_demangle,0x000a9cc8,__cxa_demangle+0x7d58,BRANCH
0x000a9cb0,__cxa_demangle,0x00132d10,malloc@plt,DIRECT_CALL
0x000a9cd0,__cxa_demangle,N/A,"x8, 0x13a000 <typeinfo for __cxxabiv1::__array_type_info>",ADRP_PAGE_REF
0x000a9d2c,__cxa_demangle,0x00132800,_ZSt9terminatev@plt,DIRECT_CALL
0x000a9d64,__cxa_demangle,0x000a9d88,__cxa_demangle+0x7e18,BRANCH
0x000a9d70,__cxa_demangle,0x00132d10,malloc@plt,DIRECT_CALL
0x000a9d90,__cxa_demangle,N/A,"x8, 0x13a000 <typeinfo for __cxxabiv1::__array_type_info>",ADRP_PAGE_REF
0x000a9dec,__cxa_demangle,0x00132800,_ZSt9terminatev@plt,DIRECT_CALL
0x000a9e28,__cxa_demangle,0x000a9e4c,__cxa_demangle+0x7edc,BRANCH
0x000a9e34,__cxa_demangle,0x00132d10,malloc@plt,DIRECT_CALL
0x000a9e54,__cxa_demangle,N/A,"x8, 0x13a000 <typeinfo for __cxxabiv1::__array_type_info>",ADRP_PAGE_REF
0x000a9eb4,__cxa_demangle,0x00132800,_ZSt9terminatev@plt,DIRECT_CALL
0x000a9ef0,__cxa_demangle,0x000a9f14,__cxa_demangle+0x7fa4,BRANCH
0x000a9efc,__cxa_demangle,0x00132d10,malloc@plt,DIRECT_CALL
0x000a9f1c,__cxa_demangle,N/A,"x8, 0x13a000 <typeinfo for __cxxabiv1::__array_type_info>",ADRP_PAGE_REF
0x000a9f7c,__cxa_demangle,0x00132800,_ZSt9terminatev@plt,DIRECT_CALL
0x000a9f9c,__cxa_demangle,0x000aa02c,__cxa_demangle+0x80bc,BRANCH
0x000a9fa8,__cxa_demangle,0x000aa0a4,__cxa_demangle+0x8134,BRANCH
0x000a9fb8,__cxa_demangle,0x000aa04c,__cxa_demangle+0x80dc,BRANCH
0x000a9fc8,__cxa_demangle,0x000aa04c,__cxa_demangle+0x80dc,BRANCH
0x000a9ff0,__cxa_demangle,0x000a32d8,__cxa_demangle+0x1368,DIRECT_CALL
0x000aa004,__cxa_demangle,0x000aa0a4,__cxa_demangle+0x8134,BRANCH
0x000aa010,__cxa_demangle,0x000aa0a4,__cxa_demangle+0x8134,BRANCH
0x000aa024,__cxa_demangle,0x000ae5c4,__cxa_demangle+0xc654,DIRECT_CALL
0x000aa028,__cxa_demangle,0x000aa11c,__cxa_demangle+0x81ac,BRANCH
0x000aa054,__cxa_demangle,0x000a32d8,__cxa_demangle+0x1368,DIRECT_CALL
0x000aa070,__cxa_demangle,0x000aa08c,__cxa_demangle+0x811c,BRANCH
0x000aa080,__cxa_demangle,0x000aa08c,__cxa_demangle+0x811c,BRANCH
0x000aa090,__cxa_demangle,0x000aa0a4,__cxa_demangle+0x8134,BRANCH
0x000aa0a0,__cxa_demangle,0x000aa0c0,__cxa_demangle+0x8150,BRANCH
0x000aa0cc,__cxa_demangle,0x000aa0e4,__cxa_demangle+0x8174,BRANCH
0x000aa0dc,__cxa_demangle,0x000aa0c0,__cxa_demangle+0x8150,BRANCH
0x000aa0f0,__cxa_demangle,0x000aa030,__cxa_demangle+0x80c0,BRANCH
0x000aa0f8,__cxa_demangle,0x000aa030,__cxa_demangle+0x80c0,BRANCH
0x000aa104,__cxa_demangle,0x000aa0a4,__cxa_demangle+0x8134,BRANCH
0x000aa118,__cxa_demangle,0x000aef08,__cxa_demangle+0xcf98,DIRECT_CALL
0x000aa138,__cxa_demangle,N/A,"x1, 0x55000",ADRP_PAGE_REF
0x000aa158,__cxa_demangle,0x000ae3d4,__cxa_demangle+0xc464,BRANCH
0x000aa164,__cxa_demangle,N/A,"x1, 0x55000",ADRP_PAGE_REF
0x000aa16c,__cxa_demangle,0x000aa634,__cxa_demangle+0x86c4,BRANCH
0x000aa178,__cxa_demangle,N/A,"x1, 0x56000",ADRP_PAGE_REF
0x000aa180,__cxa_demangle,0x000aa608,__cxa_demangle+0x8698,BRANCH
0x000aa198,__cxa_demangle,0x000aa0a4,__cxa_demangle+0x8134,BRANCH
0x000aa1a8,__cxa_demangle,0x000aa1bc,__cxa_demangle+0x824c,BRANCH
0x000aa1b8,__cxa_demangle,0x000aa0a4,__cxa_demangle+0x8134,BRANCH
0x000aa1c8,__cxa_demangle,0x000aa1dc,__cxa_demangle+0x826c,BRANCH
0x000aa1d8,__cxa_demangle,0x000aa0a4,__cxa_demangle+0x8134,BRANCH
0x000aa1e8,__cxa_demangle,0x000aa1fc,__cxa_demangle+0x828c,BRANCH
0x000aa1f8,__cxa_demangle,0x000aa0a4,__cxa_demangle+0x8134,BRANCH
0x000aa208,__cxa_demangle,0x000aa21c,__cxa_demangle+0x82ac,BRANCH
0x000aa218,__cxa_demangle,0x000aa0a4,__cxa_demangle+0x8134,BRANCH
0x000aa228,__cxa_demangle,0x000aa23c,__cxa_demangle+0x82cc,BRANCH
0x000aa238,__cxa_demangle,0x000aa0a4,__cxa_demangle+0x8134,BRANCH
0x000aa248,__cxa_demangle,0x000aa25c,__cxa_demangle+0x82ec,BRANCH
0x000aa258,__cxa_demangle,0x000aa0a4,__cxa_demangle+0x8134,BRANCH
0x000aa26c,__cxa_demangle,0x000aa280,__cxa_demangle+0x8310,BRANCH
0x000aa27c,__cxa_demangle,0x000aa0a4,__cxa_demangle+0x8134,BRANCH
0x000aa28c,__cxa_demangle,0x000aa2a0,__cxa_demangle+0x8330,BRANCH
0x000aa29c,__cxa_demangle,0x000aa0a4,__cxa_demangle+0x8134,BRANCH
0x000aa2b0,__cxa_demangle,0x000aa0a4,__cxa_demangle+0x8134,BRANCH
0x000aa2bc,__cxa_demangle,0x000aa0a4,__cxa_demangle+0x8134,BRANCH
0x000aa2dc,__cxa_demangle,0x000aa300,__cxa_demangle+0x8390,BRANCH
0x000aa2e4,__cxa_demangle,0x00132d10,malloc@plt,DIRECT_CALL
0x000aa308,__cxa_demangle,N/A,"x10, 0x13a000 <typeinfo for __cxxabiv1::__array_type_info>",ADRP_PAGE_REF
0x000aa35c,__cxa_demangle,0x000aa0a4,__cxa_demangle+0x8134,BRANCH
0x000aa36c,__cxa_demangle,0x000aa0a4,__cxa_demangle+0x8134,BRANCH
0x000aa37c,__cxa_demangle,0x000aa0a4,__cxa_demangle+0x8134,BRANCH
0x000aa388,__cxa_demangle,0x000aa394,__cxa_demangle+0x8424,BRANCH
0x000aa398,__cxa_demangle,0x000aa0a4,__cxa_demangle+0x8134,BRANCH
0x000aa3a4,__cxa_demangle,0x000aa0a4,__cxa_demangle+0x8134,BRANCH
0x000aa3ac,__cxa_demangle,N/A,"x1, 0x56000",ADRP_PAGE_REF
0x000aa3c8,__cxa_demangle,0x000ae664,__cxa_demangle+0xc6f4,BRANCH
0x000aa3d4,__cxa_demangle,0x000aa0a4,__cxa_demangle+0x8134,BRANCH
0x000aa3e4,__cxa_demangle,0x000aa0a4,__cxa_demangle+0x8134,BRANCH
0x000aa3f4,__cxa_demangle,0x000a26c0,__cxa_demangle+0x750,DIRECT_CALL
0x000aa408,__cxa_demangle,0x000aa0a4,__cxa_demangle+0x8134,BRANCH
0x000aa414,__cxa_demangle,0x000aa0a4,__cxa_demangle+0x8134,BRANCH
0x000aa440,__cxa_demangle,N/A,"x1, 0x56000",ADRP_PAGE_REF
0x000aa460,__cxa_demangle,0x000ae3d4,__cxa_demangle+0xc464,BRANCH
0x000aa48c,__cxa_demangle,0x000ae3d4,__cxa_demangle+0xc464,BRANCH
0x000aa498,__cxa_demangle,N/A,"x1, 0x54000",ADRP_PAGE_REF
0x000aa4b8,__cxa_demangle,0x000ae3d4,__cxa_demangle+0xc464,BRANCH
0x000aa4c4,__cxa_demangle,N/A,"x1, 0x56000",ADRP_PAGE_REF
0x000aa4e4,__cxa_demangle,0x000ae3d4,__cxa_demangle+0xc464,BRANCH
0x000aa4f0,__cxa_demangle,N/A,"x1, 0x55000",ADRP_PAGE_REF
0x000aa510,__cxa_demangle,0x000ae3d4,__cxa_demangle+0xc464,BRANCH
0x000aa51c,__cxa_demangle,0x000aa0a4,__cxa_demangle+0x8134,BRANCH
0x000aa528,__cxa_demangle,0x000aa0a4,__cxa_demangle+0x8134,BRANCH
0x000aa534,__cxa_demangle,0x000ae70c,__cxa_demangle+0xc79c,DIRECT_CALL
0x000aa548,__cxa_demangle,0x000aa0a4,__cxa_demangle+0x8134,BRANCH
0x000aa554,__cxa_demangle,0x000aa0a4,__cxa_demangle+0x8134,BRANCH
0x000aa568,__cxa_demangle,0x000aee68,__cxa_demangle+0xcef8,DIRECT_CALL
0x000aa56c,__cxa_demangle,0x000aa11c,__cxa_demangle+0x81ac,BRANCH
0x000aa578,__cxa_demangle,0x000aa598,__cxa_demangle+0x8628,BRANCH
0x000aa594,__cxa_demangle,0x000aae44,__cxa_demangle+0x8ed4,BRANCH
0x000aa598,__cxa_demangle,N/A,"x1, 0x55000",ADRP_PAGE_REF
0x000aa5a8,__cxa_demangle,0x000a2638,__cxa_demangle+0x6c8,DIRECT_CALL
0x000aa5c8,__cxa_demangle,0x000ae520,__cxa_demangle+0xc5b0,BRANCH
0x000aa5d4,__cxa_demangle,N/A,"x1, 0x55000",ADRP_PAGE_REF
0x000aa5f4,__cxa_demangle,0x000ae3d4,__cxa_demangle+0xc464,BRANCH
0x000aa600,__cxa_demangle,N/A,"x1, 0x55000",ADRP_PAGE_REF
0x000aa620,__cxa_demangle,0x000ae3d4,__cxa_demangle+0xc464,BRANCH
0x000aa62c,__cxa_demangle,N/A,"x1, 0x56000",ADRP_PAGE_REF
0x000aa64c,__cxa_demangle,0x000ae3d4,__cxa_demangle+0xc464,BRANCH
0x000aa664,__cxa_demangle,0x000aa0a4,__cxa_demangle+0x8134,BRANCH
0x000aa674,__cxa_demangle,0x000aa688,__cxa_demangle+0x8718,BRANCH
0x000aa684,__cxa_demangle,0x000aa0a4,__cxa_demangle+0x8134,BRANCH
0x000aa694,__cxa_demangle,0x000aa6a8,__cxa_demangle+0x8738,BRANCH
0x000aa6a4,__cxa_demangle,0x000aa0a4,__cxa_demangle+0x8134,BRANCH
0x000aa6b4,__cxa_demangle,0x000aa6c8,__cxa_demangle+0x8758,BRANCH
0x000aa6c4,__cxa_demangle,0x000aa0a4,__cxa_demangle+0x8134,BRANCH
0x000aa6d4,__cxa_demangle,0x000aa6e8,__cxa_demangle+0x8778,BRANCH
0x000aa6e4,__cxa_demangle,0x000aa0a4,__cxa_demangle+0x8134,BRANCH
0x000aa6f4,__cxa_demangle,0x000aa708,__cxa_demangle+0x8798,BRANCH
0x000aa704,__cxa_demangle,0x000aa0a4,__cxa_demangle+0x8134,BRANCH
0x000aa714,__cxa_demangle,0x000aa728,__cxa_demangle+0x87b8,BRANCH
0x000aa724,__cxa_demangle,0x000aa0a4,__cxa_demangle+0x8134,BRANCH
0x000aa738,__cxa_demangle,0x000aa74c,__cxa_demangle+0x87dc,BRANCH
0x000aa748,__cxa_demangle,0x000aa0a4,__cxa_demangle+0x8134,BRANCH
0x000aa758,__cxa_demangle,0x000aa76c,__cxa_demangle+0x87fc,BRANCH
0x000aa768,__cxa_demangle,0x000aa0a4,__cxa_demangle+0x8134,BRANCH
0x000aa778,__cxa_demangle,0x000aa78c,__cxa_demangle+0x881c,BRANCH
0x000aa788,__cxa_demangle,0x000aa0a4,__cxa_demangle+0x8134,BRANCH
0x000aa798,__cxa_demangle,0x000aa7ac,__cxa_demangle+0x883c,BRANCH
0x000aa7a8,__cxa_demangle,0x000aa0a4,__cxa_demangle+0x8134,BRANCH
0x000aa7b8,__cxa_demangle,0x000aa7cc,__cxa_demangle+0x885c,BRANCH
0x000aa7c8,__cxa_demangle,0x000aa0a4,__cxa_demangle+0x8134,BRANCH
0x000aa7d8,__cxa_demangle,0x000aa7ec,__cxa_demangle+0x887c,BRANCH
0x000aa7e8,__cxa_demangle,0x000aa0a4,__cxa_demangle+0x8134,BRANCH
0x000aa7f8,__cxa_demangle,0x000aa80c,__cxa_demangle+0x889c,BRANCH
0x000aa808,__cxa_demangle,0x000aa0a4,__cxa_demangle+0x8134,BRANCH
0x000aa818,__cxa_demangle,0x000aa82c,__cxa_demangle+0x88bc,BRANCH
0x000aa828,__cxa_demangle,0x000aa0a4,__cxa_demangle+0x8134,BRANCH
0x000aa838,__cxa_demangle,0x000aa84c,__cxa_demangle+0x88dc,BRANCH
0x000aa848,__cxa_demangle,0x000aa0a4,__cxa_demangle+0x8134,BRANCH
0x000aa858,__cxa_demangle,0x000aa86c,__cxa_demangle+0x88fc,BRANCH
0x000aa868,__cxa_demangle,0x000aa0a4,__cxa_demangle+0x8134,BRANCH
0x000aa878,__cxa_demangle,0x000aa88c,__cxa_demangle+0x891c,BRANCH
0x000aa888,__cxa_demangle,0x000aa0a4,__cxa_demangle+0x8134,BRANCH
0x000aa898,__cxa_demangle,0x000aa8ac,__cxa_demangle+0x893c,BRANCH
0x000aa8a8,__cxa_demangle,0x000aa0a4,__cxa_demangle+0x8134,BRANCH
0x000aa8b8,__cxa_demangle,0x000aa8cc,__cxa_demangle+0x895c,BRANCH
0x000aa8c8,__cxa_demangle,0x000aa0a4,__cxa_demangle+0x8134,BRANCH
0x000aa8d8,__cxa_demangle,0x000aa8ec,__cxa_demangle+0x897c,BRANCH
0x000aa8e8,__cxa_demangle,0x000aa0a4,__cxa_demangle+0x8134,BRANCH
0x000aa8f8,__cxa_demangle,0x000aa90c,__cxa_demangle+0x899c,BRANCH
0x000aa908,__cxa_demangle,0x000aa0a4,__cxa_demangle+0x8134,BRANCH
0x000aa918,__cxa_demangle,0x000aa92c,__cxa_demangle+0x89bc,BRANCH
0x000aa928,__cxa_demangle,0x000aa0a4,__cxa_demangle+0x8134,BRANCH
0x000aa938,__cxa_demangle,0x000aa94c,__cxa_demangle+0x89dc,BRANCH
0x000aa948,__cxa_demangle,0x000aa0a4,__cxa_demangle+0x8134,BRANCH
0x000aa958,__cxa_demangle,0x000aa96c,__cxa_demangle+0x89fc,BRANCH
0x000aa968,__cxa_demangle,0x000aa0a4,__cxa_demangle+0x8134,BRANCH
0x000aa978,__cxa_demangle,0x000aa98c,__cxa_demangle+0x8a1c,BRANCH
0x000aa988,__cxa_demangle,0x000aa0a4,__cxa_demangle+0x8134,BRANCH
0x000aa998,__cxa_demangle,0x000aa9ac,__cxa_demangle+0x8a3c,BRANCH
0x000aa9a8,__cxa_demangle,0x000aa0a4,__cxa_demangle+0x8134,BRANCH
0x000aa9b8,__cxa_demangle,0x000aa9cc,__cxa_demangle+0x8a5c,BRANCH
0x000aa9c8,__cxa_demangle,0x000aa0a4,__cxa_demangle+0x8134,BRANCH
0x000aa9d8,__cxa_demangle,0x000aa9ec,__cxa_demangle+0x8a7c,BRANCH
0x000aa9e8,__cxa_demangle,0x000aa0a4,__cxa_demangle+0x8134,BRANCH
0x000aa9f8,__cxa_demangle,0x000aaa0c,__cxa_demangle+0x8a9c,BRANCH
0x000aaa08,__cxa_demangle,0x000aa0a4,__cxa_demangle+0x8134,BRANCH
0x000aaa18,__cxa_demangle,0x000aaa2c,__cxa_demangle+0x8abc,BRANCH
0x000aaa28,__cxa_demangle,0x000aa0a4,__cxa_demangle+0x8134,BRANCH
0x000aaa38,__cxa_demangle,0x000aaa4c,__cxa_demangle+0x8adc,BRANCH
0x000aaa48,__cxa_demangle,0x000aa0a4,__cxa_demangle+0x8134,BRANCH
0x000aaa58,__cxa_demangle,0x000aaa6c,__cxa_demangle+0x8afc,BRANCH
0x000aaa68,__cxa_demangle,0x000aa0a4,__cxa_demangle+0x8134,BRANCH
0x000aaa7c,__cxa_demangle,0x000aa0a4,__cxa_demangle+0x8134,BRANCH
0x000aaa88,__cxa_demangle,0x000aa0a4,__cxa_demangle+0x8134,BRANCH
0x000aaaa8,__cxa_demangle,0x000aaacc,__cxa_demangle+0x8b5c,BRANCH
0x000aaab0,__cxa_demangle,0x00132d10,malloc@plt,DIRECT_CALL
0x000aaad4,__cxa_demangle,N/A,"x10, 0x13a000 <typeinfo for __cxxabiv1::__array_type_info>",ADRP_PAGE_REF
0x000aab04,__cxa_demangle,0x000aa338,__cxa_demangle+0x83c8,BRANCH
0x000aab1c,__cxa_demangle,0x000aa0a4,__cxa_demangle+0x8134,BRANCH
0x000aab2c,__cxa_demangle,0x000aab40,__cxa_demangle+0x8bd0,BRANCH
0x000aab3c,__cxa_demangle,0x000aa0a4,__cxa_demangle+0x8134,BRANCH
0x000aab4c,__cxa_demangle,0x000aab60,__cxa_demangle+0x8bf0,BRANCH
0x000aab5c,__cxa_demangle,0x000aa0a4,__cxa_demangle+0x8134,BRANCH
0x000aab6c,__cxa_demangle,0x000aab80,__cxa_demangle+0x8c10,BRANCH
0x000aab7c,__cxa_demangle,0x000aa0a4,__cxa_demangle+0x8134,BRANCH
0x000aab8c,__cxa_demangle,0x000aaba0,__cxa_demangle+0x8c30,BRANCH
0x000aab9c,__cxa_demangle,0x000aa0a4,__cxa_demangle+0x8134,BRANCH
0x000aabac,__cxa_demangle,0x000aabc0,__cxa_demangle+0x8c50,BRANCH
0x000aabbc,__cxa_demangle,0x000aa0a4,__cxa_demangle+0x8134,BRANCH
0x000aabcc,__cxa_demangle,0x000aabe0,__cxa_demangle+0x8c70,BRANCH
0x000aabdc,__cxa_demangle,0x000aa0a4,__cxa_demangle+0x8134,BRANCH
0x000aabf0,__cxa_demangle,0x000aac04,__cxa_demangle+0x8c94,BRANCH
0x000aac00,__cxa_demangle,0x000aa0a4,__cxa_demangle+0x8134,BRANCH
0x000aac10,__cxa_demangle,0x000aac24,__cxa_demangle+0x8cb4,BRANCH
0x000aac20,__cxa_demangle,0x000aa0a4,__cxa_demangle+0x8134,BRANCH
0x000aac30,__cxa_demangle,0x000aac44,__cxa_demangle+0x8cd4,BRANCH
0x000aac40,__cxa_demangle,0x000aa0a4,__cxa_demangle+0x8134,BRANCH
0x000aac50,__cxa_demangle,0x000aac64,__cxa_demangle+0x8cf4,BRANCH
0x000aac60,__cxa_demangle,0x000aa0a4,__cxa_demangle+0x8134,BRANCH
0x000aac70,__cxa_demangle,0x000aac84,__cxa_demangle+0x8d14,BRANCH
0x000aac80,__cxa_demangle,0x000aa0a4,__cxa_demangle+0x8134,BRANCH
0x000aac90,__cxa_demangle,0x000aaca4,__cxa_demangle+0x8d34,BRANCH
0x000aaca0,__cxa_demangle,0x000aa0a4,__cxa_demangle+0x8134,BRANCH
0x000aacb0,__cxa_demangle,0x000aacc4,__cxa_demangle+0x8d54,BRANCH
0x000aacc0,__cxa_demangle,0x000aa0a4,__cxa_demangle+0x8134,BRANCH
0x000aacd0,__cxa_demangle,0x000aace4,__cxa_demangle+0x8d74,BRANCH
0x000aace0,__cxa_demangle,0x000aa0a4,__cxa_demangle+0x8134,BRANCH
0x000aacf0,__cxa_demangle,0x000aad04,__cxa_demangle+0x8d94,BRANCH
0x000aad00,__cxa_demangle,0x000aa0a4,__cxa_demangle+0x8134,BRANCH
0x000aad10,__cxa_demangle,0x000aad24,__cxa_demangle+0x8db4,BRANCH
0x000aad20,__cxa_demangle,0x000aa0a4,__cxa_demangle+0x8134,BRANCH
0x000aad34,__cxa_demangle,0x000aa0a4,__cxa_demangle+0x8134,BRANCH
0x000aad40,__cxa_demangle,0x000aa0a4,__cxa_demangle+0x8134,BRANCH
0x000aad60,__cxa_demangle,0x000aad84,__cxa_demangle+0x8e14,BRANCH
0x000aad68,__cxa_demangle,0x00132d10,malloc@plt,DIRECT_CALL
0x000aad8c,__cxa_demangle,N/A,"x10, 0x13a000 <typeinfo for __cxxabiv1::__array_type_info>",ADRP_PAGE_REF
0x000aadbc,__cxa_demangle,0x000aa338,__cxa_demangle+0x83c8,BRANCH
0x000aadc8,__cxa_demangle,N/A,"x1, 0x55000",ADRP_PAGE_REF
0x000aade8,__cxa_demangle,0x000ae3d4,__cxa_demangle+0xc464,BRANCH
0x000aadf4,__cxa_demangle,N/A,"x1, 0x54000",ADRP_PAGE_REF
0x000aae14,__cxa_demangle,0x000ae3d4,__cxa_demangle+0xc464,BRANCH
0x000aae20,__cxa_demangle,N/A,"x1, 0x54000",ADRP_PAGE_REF
0x000aae40,__cxa_demangle,0x000ae3d4,__cxa_demangle+0xc464,BRANCH
0x000aae60,__cxa_demangle,0x000ae520,__cxa_demangle+0xc5b0,BRANCH
0x000aae64,__cxa_demangle,0x00132800,_ZSt9terminatev@plt,DIRECT_CALL
0x000aae8c,__cxa_demangle,0x000aae9c,__cxa_demangle+0x8f2c,BRANCH
0x000aae94,__cxa_demangle,0x000aaeb8,__cxa_demangle+0x8f48,BRANCH
0x000aae98,__cxa_demangle,0x000ab200,__cxa_demangle+0x9290,BRANCH
0x000aaeb4,__cxa_demangle,0x000ab040,__cxa_demangle+0x90d0,BRANCH
0x000aaec4,__cxa_demangle,0x000aafc0,__cxa_demangle+0x9050,BRANCH
0x000aaed4,__cxa_demangle,0x000ab200,__cxa_demangle+0x9290,BRANCH
0x000aaee4,__cxa_demangle,0x000ab200,__cxa_demangle+0x9290,BRANCH
0x000aaef4,__cxa_demangle,0x000ab200,__cxa_demangle+0x9290,BRANCH
0x000aaf08,__cxa_demangle,0x000aaf20,__cxa_demangle+0x8fb0,BRANCH
0x000aaf18,__cxa_demangle,0x000aaefc,__cxa_demangle+0x8f8c,BRANCH
0x000aaf28,__cxa_demangle,0x000ab204,__cxa_demangle+0x9294,BRANCH
0x000aaf30,__cxa_demangle,0x000ab204,__cxa_demangle+0x9294,BRANCH
0x000aaf3c,__cxa_demangle,0x000ab200,__cxa_demangle+0x9290,BRANCH
0x000aaf4c,__cxa_demangle,0x000ab200,__cxa_demangle+0x9290,BRANCH
0x000aaf58,__cxa_demangle,0x000aaf64,__cxa_demangle+0x8ff4,BRANCH
0x000aaf68,__cxa_demangle,0x000ab200,__cxa_demangle+0x9290,BRANCH
0x000aaf74,__cxa_demangle,0x000aaf80,__cxa_demangle+0x9010,BRANCH
0x000aaf84,__cxa_demangle,0x000ab200,__cxa_demangle+0x9290,BRANCH
0x000aaf90,__cxa_demangle,0x000aaf9c,__cxa_demangle+0x902c,BRANCH
0x000aafa0,__cxa_demangle,0x000ab200,__cxa_demangle+0x9290,BRANCH
0x000aafb0,__cxa_demangle,0x000ab190,__cxa_demangle+0x9220,BRANCH
0x000aafbc,__cxa_demangle,0x000ab1d0,__cxa_demangle+0x9260,BRANCH
0x000aafcc,__cxa_demangle,0x000ab200,__cxa_demangle+0x9290,BRANCH
0x000aafd8,__cxa_demangle,0x000aafe4,__cxa_demangle+0x9074,BRANCH
0x000aafe8,__cxa_demangle,0x000ab200,__cxa_demangle+0x9290,BRANCH
0x000aaff4,__cxa_demangle,0x000ab000,__cxa_demangle+0x9090,BRANCH
0x000ab004,__cxa_demangle,0x000ab200,__cxa_demangle+0x9290,BRANCH
0x000ab010,__cxa_demangle,0x000ab01c,__cxa_demangle+0x90ac,BRANCH
0x000ab020,__cxa_demangle,0x000ab200,__cxa_demangle+0x9290,BRANCH
0x000ab030,__cxa_demangle,0x000ab0c4,__cxa_demangle+0x9154,BRANCH
0x000ab03c,__cxa_demangle,0x000ab104,__cxa_demangle+0x9194,BRANCH
0x000ab058,__cxa_demangle,0x000ab07c,__cxa_demangle+0x910c,BRANCH
0x000ab064,__cxa_demangle,0x00132d10,malloc@plt,DIRECT_CALL
0x000ab084,__cxa_demangle,N/A,"x10, 0x13a000 <typeinfo for __cxxabiv1::__array_type_info>",ADRP_PAGE_REF
0x000ab0a8,__cxa_demangle,N/A,"x10, 0x56000",ADRP_PAGE_REF
0x000ab0c0,__cxa_demangle,0x000ab204,__cxa_demangle+0x9294,BRANCH
0x000ab0d8,__cxa_demangle,0x000ab0f8,__cxa_demangle+0x9188,BRANCH
0x000ab0ec,__cxa_demangle,0x000ab0cc,__cxa_demangle+0x915c,BRANCH
0x000ab108,__cxa_demangle,0x000ab200,__cxa_demangle+0x9290,BRANCH
0x000ab114,__cxa_demangle,0x000ab200,__cxa_demangle+0x9290,BRANCH
0x000ab130,__cxa_demangle,0x000ab154,__cxa_demangle+0x91e4,BRANCH
0x000ab13c,__cxa_demangle,0x00132d10,malloc@plt,DIRECT_CALL
0x000ab15c,__cxa_demangle,N/A,"x9, 0x13b000 <vtable for __cxxabiv1::__pointer_to_member_type_info+0xdd0>",ADRP_PAGE_REF
0x000ab18c,__cxa_demangle,0x000ab204,__cxa_demangle+0x9294,BRANCH
0x000ab1a4,__cxa_demangle,0x000ab1c4,__cxa_demangle+0x9254,BRANCH
0x000ab1b8,__cxa_demangle,0x000ab198,__cxa_demangle+0x9228,BRANCH
0x000ab1d8,__cxa_demangle,0x000ab200,__cxa_demangle+0x9290,BRANCH
0x000ab1e4,__cxa_demangle,0x000ab200,__cxa_demangle+0x9290,BRANCH
0x000ab1f4,__cxa_demangle,0x000b18a0,__cxa_demangle+0xf930,DIRECT_CALL
0x000ab1fc,__cxa_demangle,0x000ab204,__cxa_demangle+0x9294,BRANCH
0x000ab220,__cxa_demangle,0x00132800,_ZSt9terminatev@plt,DIRECT_CALL
0x000ab244,__cxa_demangle,0x000ab328,__cxa_demangle+0x93b8,BRANCH
0x000ab24c,__cxa_demangle,0x000ab328,__cxa_demangle+0x93b8,BRANCH
0x000ab258,__cxa_demangle,0x000ab328,__cxa_demangle+0x93b8,BRANCH
0x000ab264,__cxa_demangle,0x000ab3f4,__cxa_demangle+0x9484,BRANCH
0x000ab26c,__cxa_demangle,0x000ab340,__cxa_demangle+0x93d0,BRANCH
0x000ab274,__cxa_demangle,0x000ab328,__cxa_demangle+0x93b8,BRANCH
0x000ab284,__cxa_demangle,0x000a6630,__cxa_demangle+0x46c0,DIRECT_CALL
0x000ab294,__cxa_demangle,0x000ab224,__cxa_demangle+0x92b4,DIRECT_CALL
0x000ab2b4,__cxa_demangle,0x000ab2d4,__cxa_demangle+0x9364,BRANCH
0x000ab2bc,__cxa_demangle,0x00132d10,malloc@plt,DIRECT_CALL
0x000ab2dc,__cxa_demangle,N/A,"x8, 0x13b000 <vtable for __cxxabiv1::__pointer_to_member_type_info+0xdd0>",ADRP_PAGE_REF
0x000ab33c,__cxa_demangle,0x000a8524,__cxa_demangle+0x65b4,BRANCH
0x000ab34c,__cxa_demangle,0x000a8524,__cxa_demangle+0x65b4,DIRECT_CALL
0x000ab35c,__cxa_demangle,0x000ab224,__cxa_demangle+0x92b4,DIRECT_CALL
0x000ab37c,__cxa_demangle,0x000ab39c,__cxa_demangle+0x942c,BRANCH
0x000ab384,__cxa_demangle,0x00132d10,malloc@plt,DIRECT_CALL
0x000ab3a4,__cxa_demangle,N/A,"x8, 0x13b000 <vtable for __cxxabiv1::__pointer_to_member_type_info+0xdd0>",ADRP_PAGE_REF
0x000ab400,__cxa_demangle,0x000a8524,__cxa_demangle+0x65b4,DIRECT_CALL
0x000ab410,__cxa_demangle,0x000a8524,__cxa_demangle+0x65b4,DIRECT_CALL
0x000ab420,__cxa_demangle,0x000ab224,__cxa_demangle+0x92b4,DIRECT_CALL
0x000ab440,__cxa_demangle,0x000ab460,__cxa_demangle+0x94f0,BRANCH
0x000ab448,__cxa_demangle,0x00132d10,malloc@plt,DIRECT_CALL
0x000ab468,__cxa_demangle,N/A,"x8, 0x13b000 <vtable for __cxxabiv1::__pointer_to_member_type_info+0xdd0>",ADRP_PAGE_REF
0x000ab4b4,__cxa_demangle,0x00132800,_ZSt9terminatev@plt,DIRECT_CALL
0x000ab4e0,__cxa_demangle,0x000ab504,__cxa_demangle+0x9594,BRANCH
0x000ab4ec,__cxa_demangle,0x00132d10,malloc@plt,DIRECT_CALL
0x000ab50c,__cxa_demangle,N/A,"x8, 0x13b000 <vtable for __cxxabiv1::__pointer_to_member_type_info+0xdd0>",ADRP_PAGE_REF
0x000ab558,__cxa_demangle,0x00132800,_ZSt9terminatev@plt,DIRECT_CALL
0x000ab578,__cxa_demangle,0x000a32d8,__cxa_demangle+0x1368,DIRECT_CALL
0x000ab588,__cxa_demangle,0x000a8524,__cxa_demangle+0x65b4,DIRECT_CALL
0x000ab59c,__cxa_demangle,0x000ab5b8,__cxa_demangle+0x9648,BRANCH
0x000ab5ac,__cxa_demangle,0x000ab5b8,__cxa_demangle+0x9648,BRANCH
0x000ab5bc,__cxa_demangle,0x000ab6b8,__cxa_demangle+0x9748,BRANCH
0x000ab5cc,__cxa_demangle,0x000ab5e4,__cxa_demangle+0x9674,BRANCH
0x000ab5dc,__cxa_demangle,0x000ab614,__cxa_demangle+0x96a4,BRANCH
0x000ab5e0,__cxa_demangle,0x000ab6b8,__cxa_demangle+0x9748,BRANCH
0x000ab5f0,__cxa_demangle,0x000ab608,__cxa_demangle+0x9698,BRANCH
0x000ab600,__cxa_demangle,0x000ab5e4,__cxa_demangle+0x9674,BRANCH
0x000ab610,__cxa_demangle,0x000ab6b8,__cxa_demangle+0x9748,BRANCH
0x000ab61c,__cxa_demangle,0x000ab6b8,__cxa_demangle+0x9748,BRANCH
0x000ab638,__cxa_demangle,0x000ab660,__cxa_demangle+0x96f0,BRANCH
0x000ab644,__cxa_demangle,0x00132d10,malloc@plt,DIRECT_CALL
0x000ab670,__cxa_demangle,N/A,"x8, 0x13b000 <vtable for __cxxabiv1::__pointer_to_member_type_info+0xdd0>",ADRP_PAGE_REF
0x000ab6d4,__cxa_demangle,0x00132800,_ZSt9terminatev@plt,DIRECT_CALL
0x000ab704,__cxa_demangle,0x000ab728,__cxa_demangle+0x97b8,BRANCH
0x000ab710,__cxa_demangle,0x00132d10,malloc@plt,DIRECT_CALL
0x000ab730,__cxa_demangle,N/A,"x8, 0x13a000 <typeinfo for __cxxabiv1::__array_type_info>",ADRP_PAGE_REF
0x000ab750,__cxa_demangle,N/A,"x9, 0x56000",ADRP_PAGE_REF
0x000ab794,__cxa_demangle,0x00132800,_ZSt9terminatev@plt,DIRECT_CALL
0x000ab7c8,__cxa_demangle,0x000ab7f0,__cxa_demangle+0x9880,BRANCH
0x000ab7dc,__cxa_demangle,0x000ab818,__cxa_demangle+0x98a8,BRANCH
0x000ab7ec,__cxa_demangle,0x000ab8d8,__cxa_demangle+0x9968,BRANCH
0x000ab830,__cxa_demangle,0x000ab864,__cxa_demangle+0x98f4,BRANCH
0x000ab834,__cxa_demangle,0x00132d28,realloc@plt,DIRECT_CALL
0x000ab868,__cxa_demangle,0x000ab878,__cxa_demangle+0x9908,BRANCH
0x000ab874,__cxa_demangle,0x000ab8f4,__cxa_demangle+0x9984,BRANCH
0x000ab87c,__cxa_demangle,0x000a32d8,__cxa_demangle+0x1368,DIRECT_CALL
0x000ab88c,__cxa_demangle,0x000ab854,__cxa_demangle+0x98e4,BRANCH
0x000ab8a4,__cxa_demangle,0x000ab834,__cxa_demangle+0x98c4,BRANCH
0x000ab8ac,__cxa_demangle,0x00132d10,malloc@plt,DIRECT_CALL
0x000ab8b8,__cxa_demangle,0x000ab8d0,__cxa_demangle+0x9960,BRANCH
0x000ab8c8,__cxa_demangle,0x00132d70,memcpy@plt,DIRECT_CALL
0x000ab8d4,__cxa_demangle,0x000ab840,__cxa_demangle+0x98d0,BRANCH
0x000ab8ec,__cxa_demangle,0x000ab914,__cxa_demangle+0x99a4,BRANCH
0x000ab8f0,__cxa_demangle,0x000ab7f0,__cxa_demangle+0x9880,BRANCH
0x000ab904,__cxa_demangle,0x000a5440,__cxa_demangle+0x34d0,DIRECT_CALL
0x000ab910,__cxa_demangle,0x000ab7f0,__cxa_demangle+0x9880,BRANCH
0x000ab91c,__cxa_demangle,N/A,"x26, 0x13b000 <vtable for __cxxabiv1::__pointer_to_member_type_info+0xdd0>",ADRP_PAGE_REF
0x000ab93c,__cxa_demangle,0x000ab948,__cxa_demangle+0x99d8,BRANCH
0x000ab944,__cxa_demangle,0x000ab7f0,__cxa_demangle+0x9880,BRANCH
0x000ab950,__cxa_demangle,0x000ab9a0,__cxa_demangle+0x9a30,BRANCH
0x000ab960,__cxa_demangle,0x000a8524,__cxa_demangle+0x65b4,DIRECT_CALL
0x000ab974,__cxa_demangle,0x000aba10,__cxa_demangle+0x9aa0,BRANCH
0x000ab980,__cxa_demangle,0x000aba10,__cxa_demangle+0x9aa0,BRANCH
0x000ab994,__cxa_demangle,0x000aba1c,__cxa_demangle+0x9aac,BRANCH
0x000ab99c,__cxa_demangle,0x000aba44,__cxa_demangle+0x9ad4,BRANCH
0x000ab9a8,__cxa_demangle,0x000aba5c,__cxa_demangle+0x9aec,BRANCH
0x000ab9b8,__cxa_demangle,0x000a32d8,__cxa_demangle+0x1368,DIRECT_CALL
0x000ab9d4,__cxa_demangle,0x000ab9f4,__cxa_demangle+0x9a84,BRANCH
0x000ab9dc,__cxa_demangle,0x00132d10,malloc@plt,DIRECT_CALL
0x000ab9fc,__cxa_demangle,N/A,"x8, 0x13b000 <vtable for __cxxabiv1::__pointer_to_member_type_info+0xdd0>",ADRP_PAGE_REF
0x000aba0c,__cxa_demangle,0x000abac8,__cxa_demangle+0x9b58,BRANCH
0x000aba18,__cxa_demangle,0x000ab998,__cxa_demangle+0x9a28,BRANCH
0x000aba24,__cxa_demangle,0x000abb14,__cxa_demangle+0x9ba4,BRANCH
0x000aba38,__cxa_demangle,0x000a4810,__cxa_demangle+0x28a0,DIRECT_CALL
0x000aba54,__cxa_demangle,0x000abb2c,__cxa_demangle+0x9bbc,BRANCH
0x000aba58,__cxa_demangle,0x000abb48,__cxa_demangle+0x9bd8,BRANCH
0x000aba64,__cxa_demangle,0x000ab7f0,__cxa_demangle+0x9880,BRANCH
0x000aba74,__cxa_demangle,0x000a8524,__cxa_demangle+0x65b4,DIRECT_CALL
0x000aba90,__cxa_demangle,0x000abab0,__cxa_demangle+0x9b40,BRANCH
0x000aba98,__cxa_demangle,0x00132d10,malloc@plt,DIRECT_CALL
0x000abab8,__cxa_demangle,N/A,"x8, 0x13b000 <vtable for __cxxabiv1::__pointer_to_member_type_info+0xdd0>",ADRP_PAGE_REF
0x000abaec,__cxa_demangle,0x000abb84,__cxa_demangle+0x9c14,BRANCH
0x000abb00,__cxa_demangle,0x000abba0,__cxa_demangle+0x9c30,BRANCH
0x000abb04,__cxa_demangle,0x00132d28,realloc@plt,DIRECT_CALL
0x000abb10,__cxa_demangle,0x000abc98,__cxa_demangle+0x9d28,BRANCH
0x000abb28,__cxa_demangle,0x000abb48,__cxa_demangle+0x9bd8,BRANCH
0x000abb30,__cxa_demangle,0x00132d10,malloc@plt,DIRECT_CALL
0x000abb80,__cxa_demangle,0x000abaf0,__cxa_demangle+0x9b80,BRANCH
0x000abb98,__cxa_demangle,0x000abbf0,__cxa_demangle+0x9c80,BRANCH
0x000abb9c,__cxa_demangle,0x000ab940,__cxa_demangle+0x99d0,BRANCH
0x000abba4,__cxa_demangle,0x00132d10,malloc@plt,DIRECT_CALL
0x000abbb0,__cxa_demangle,0x000abbc8,__cxa_demangle+0x9c58,BRANCH
0x000abbc0,__cxa_demangle,0x00132d70,memcpy@plt,DIRECT_CALL
0x000abbec,__cxa_demangle,0x000ab940,__cxa_demangle+0x99d0,BRANCH
0x000abbf8,__cxa_demangle,0x000ab940,__cxa_demangle+0x99d0,BRANCH
0x000abc0c,__cxa_demangle,0x000a5440,__cxa_demangle+0x34d0,DIRECT_CALL
0x000abc28,__cxa_demangle,0x000abc48,__cxa_demangle+0x9cd8,BRANCH
0x000abc30,__cxa_demangle,0x00132d10,malloc@plt,DIRECT_CALL
0x000abc50,__cxa_demangle,N/A,"x8, 0x13b000 <vtable for __cxxabiv1::__pointer_to_member_type_info+0xdd0>",ADRP_PAGE_REF
0x000abc88,__cxa_demangle,0x000ab7f4,__cxa_demangle+0x9884,BRANCH
0x000abc8c,__cxa_demangle,0x00132c80,abort@plt,DIRECT_CALL
0x000abc90,__cxa_demangle,0x00132800,_ZSt9terminatev@plt,DIRECT_CALL
0x000abc94,__cxa_demangle,0x00132c80,abort@plt,DIRECT_CALL
0x000abc98,__cxa_demangle,0x00132c80,abort@plt,DIRECT_CALL
0x000abc9c,__cxa_demangle,0x00132c80,abort@plt,DIRECT_CALL
0x000abcc8,__cxa_demangle,0x000a32d8,__cxa_demangle+0x1368,DIRECT_CALL
0x000abcd8,__cxa_demangle,0x000a8524,__cxa_demangle+0x65b4,DIRECT_CALL
0x000abcec,__cxa_demangle,0x000abd08,__cxa_demangle+0x9d98,BRANCH
0x000abcfc,__cxa_demangle,0x000abd08,__cxa_demangle+0x9d98,BRANCH
0x000abd0c,__cxa_demangle,0x000abfdc,__cxa_demangle+0xa06c,BRANCH
0x000abd1c,__cxa_demangle,0x000abd34,__cxa_demangle+0x9dc4,BRANCH
0x000abd2c,__cxa_demangle,0x000abd64,__cxa_demangle+0x9df4,BRANCH
0x000abd30,__cxa_demangle,0x000abfdc,__cxa_demangle+0xa06c,BRANCH
0x000abd40,__cxa_demangle,0x000abd58,__cxa_demangle+0x9de8,BRANCH
0x000abd50,__cxa_demangle,0x000abd34,__cxa_demangle+0x9dc4,BRANCH
0x000abd60,__cxa_demangle,0x000abfdc,__cxa_demangle+0xa06c,BRANCH
0x000abd6c,__cxa_demangle,N/A,"x28, 0x13a000 <typeinfo for __cxxabiv1::__array_type_info>",ADRP_PAGE_REF
0x000abd8c,__cxa_demangle,0x000abda8,__cxa_demangle+0x9e38,BRANCH
0x000abda4,__cxa_demangle,0x000abfdc,__cxa_demangle+0xa06c,BRANCH
0x000abdb0,__cxa_demangle,0x000abefc,__cxa_demangle+0x9f8c,BRANCH
0x000abdc0,__cxa_demangle,0x000abdd4,__cxa_demangle+0x9e64,BRANCH
0x000abdd0,__cxa_demangle,0x000abdf4,__cxa_demangle+0x9e84,BRANCH
0x000abdec,__cxa_demangle,0x000abe50,__cxa_demangle+0x9ee0,BRANCH
0x000abdf0,__cxa_demangle,0x000abe34,__cxa_demangle+0x9ec4,BRANCH
0x000abe04,__cxa_demangle,0x000abe1c,__cxa_demangle+0x9eac,BRANCH
0x000abe14,__cxa_demangle,0x000abdf8,__cxa_demangle+0x9e88,BRANCH
0x000abe30,__cxa_demangle,0x000abe50,__cxa_demangle+0x9ee0,BRANCH
0x000abe38,__cxa_demangle,0x00132d10,malloc@plt,DIRECT_CALL
0x000abe80,__cxa_demangle,0x000abd90,__cxa_demangle+0x9e20,BRANCH
0x000abe94,__cxa_demangle,0x000abea8,__cxa_demangle+0x9f38,BRANCH
0x000abe98,__cxa_demangle,0x00132d28,realloc@plt,DIRECT_CALL
0x000abea4,__cxa_demangle,0x000ac008,__cxa_demangle+0xa098,BRANCH
0x000abeac,__cxa_demangle,0x00132d10,malloc@plt,DIRECT_CALL
0x000abeb8,__cxa_demangle,0x000abed0,__cxa_demangle+0x9f60,BRANCH
0x000abec8,__cxa_demangle,0x00132d70,memcpy@plt,DIRECT_CALL
0x000abef4,__cxa_demangle,0x000abda8,__cxa_demangle+0x9e38,BRANCH
0x000abef8,__cxa_demangle,0x000abfdc,__cxa_demangle+0xa06c,BRANCH
0x000abf00,__cxa_demangle,0x000abf28,__cxa_demangle+0x9fb8,BRANCH
0x000abf0c,__cxa_demangle,0x000abf28,__cxa_demangle+0x9fb8,BRANCH
0x000abf20,__cxa_demangle,0x000abf34,__cxa_demangle+0x9fc4,BRANCH
0x000abf24,__cxa_demangle,0x000abfdc,__cxa_demangle+0xa06c,BRANCH
0x000abf30,__cxa_demangle,0x000abfdc,__cxa_demangle+0xa06c,BRANCH
0x000abf3c,__cxa_demangle,0x000abfdc,__cxa_demangle+0xa06c,BRANCH
0x000abf50,__cxa_demangle,0x000a5440,__cxa_demangle+0x34d0,DIRECT_CALL
0x000abf6c,__cxa_demangle,0x000abf8c,__cxa_demangle+0xa01c,BRANCH
0x000abf74,__cxa_demangle,0x00132d10,malloc@plt,DIRECT_CALL
0x000abf94,__cxa_demangle,N/A,"x8, 0x13b000 <vtable for __cxxabiv1::__pointer_to_member_type_info+0xdd0>",ADRP_PAGE_REF
0x000abfd8,__cxa_demangle,0x000abfe0,__cxa_demangle+0xa070,BRANCH
0x000ac004,__cxa_demangle,0x00132800,_ZSt9terminatev@plt,DIRECT_CALL
0x000ac008,__cxa_demangle,0x00132c80,abort@plt,DIRECT_CALL
0x000ac00c,__cxa_demangle,0x00132c80,abort@plt,DIRECT_CALL
0x000ac038,__cxa_demangle,0x000ac05c,__cxa_demangle+0xa0ec,BRANCH
0x000ac044,__cxa_demangle,0x00132d10,malloc@plt,DIRECT_CALL
0x000ac064,__cxa_demangle,N/A,"x8, 0x13b000 <vtable for __cxxabiv1::__pointer_to_member_type_info+0xdd0>",ADRP_PAGE_REF
0x000ac0ac,__cxa_demangle,0x00132800,_ZSt9terminatev@plt,DIRECT_CALL
0x000ac0d8,__cxa_demangle,0x000ac0fc,__cxa_demangle+0xa18c,BRANCH
0x000ac0e4,__cxa_demangle,0x00132d10,malloc@plt,DIRECT_CALL
0x000ac104,__cxa_demangle,N/A,"x8, 0x13b000 <vtable for __cxxabiv1::__pointer_to_member_type_info+0xdd0>",ADRP_PAGE_REF
0x000ac14c,__cxa_demangle,0x00132800,_ZSt9terminatev@plt,DIRECT_CALL
0x000ac178,__cxa_demangle,0x000ac19c,__cxa_demangle+0xa22c,BRANCH
0x000ac184,__cxa_demangle,0x00132d10,malloc@plt,DIRECT_CALL
0x000ac1a4,__cxa_demangle,N/A,"x8, 0x13a000 <typeinfo for __cxxabiv1::__array_type_info>",ADRP_PAGE_REF
0x000ac1b0,__cxa_demangle,N/A,"x9, 0x55000",ADRP_PAGE_REF
0x000ac200,__cxa_demangle,0x00132800,_ZSt9terminatev@plt,DIRECT_CALL
0x000ac22c,__cxa_demangle,0x000ac250,__cxa_demangle+0xa2e0,BRANCH
0x000ac238,__cxa_demangle,0x00132d10,malloc@plt,DIRECT_CALL
0x000ac258,__cxa_demangle,N/A,"x8, 0x13b000 <vtable for __cxxabiv1::__pointer_to_member_type_info+0xdd0>",ADRP_PAGE_REF
0x000ac29c,__cxa_demangle,0x00132800,_ZSt9terminatev@plt,DIRECT_CALL
0x000ac2cc,__cxa_demangle,0x000ac2f0,__cxa_demangle+0xa380,BRANCH
0x000ac2d8,__cxa_demangle,0x00132d10,malloc@plt,DIRECT_CALL
0x000ac2f8,__cxa_demangle,N/A,"x8, 0x13b000 <vtable for __cxxabiv1::__pointer_to_member_type_info+0xdd0>",ADRP_PAGE_REF
0x000ac348,__cxa_demangle,0x00132800,_ZSt9terminatev@plt,DIRECT_CALL
0x000ac374,__cxa_demangle,0x000ac398,__cxa_demangle+0xa428,BRANCH
0x000ac380,__cxa_demangle,0x00132d10,malloc@plt,DIRECT_CALL
0x000ac3a8,__cxa_demangle,0x00132cf8,strlen@plt,DIRECT_CALL
0x000ac3ac,__cxa_demangle,N/A,"x9, 0x13a000 <typeinfo for __cxxabiv1::__array_type_info>",ADRP_PAGE_REF
0x000ac3f0,__cxa_demangle,0x00132800,_ZSt9terminatev@plt,DIRECT_CALL
0x000ac41c,__cxa_demangle,0x000ac440,__cxa_demangle+0xa4d0,BRANCH
0x000ac428,__cxa_demangle,0x00132d10,malloc@plt,DIRECT_CALL
0x000ac448,__cxa_demangle,N/A,"x8, 0x13b000 <vtable for __cxxabiv1::__pointer_to_member_type_info+0xdd0>",ADRP_PAGE_REF
0x000ac490,__cxa_demangle,0x00132800,_ZSt9terminatev@plt,DIRECT_CALL
0x000ac4cc,__cxa_demangle,0x000ac4dc,__cxa_demangle+0xa56c,BRANCH
0x000ac4d4,__cxa_demangle,0x000ac4f8,__cxa_demangle+0xa588,BRANCH
0x000ac4d8,__cxa_demangle,0x000ac508,__cxa_demangle+0xa598,BRANCH
0x000ac4f4,__cxa_demangle,0x000ac608,__cxa_demangle+0xa698,BRANCH
0x000ac504,__cxa_demangle,0x000ac590,__cxa_demangle+0xa620,BRANCH
0x000ac50c,__cxa_demangle,0x000b3be8,__cxa_demangle+0x11c78,DIRECT_CALL
0x000ac528,__cxa_demangle,0x000ac550,__cxa_demangle+0xa5e0,BRANCH
0x000ac534,__cxa_demangle,0x00132d10,malloc@plt,DIRECT_CALL
0x000ac558,__cxa_demangle,N/A,"x10, 0x13b000 <vtable for __cxxabiv1::__pointer_to_member_type_info+0xdd0>",ADRP_PAGE_REF
0x000ac58c,__cxa_demangle,0x000aca18,__cxa_demangle+0xaaa8,BRANCH
0x000ac59c,__cxa_demangle,0x000ac5b0,__cxa_demangle+0xa640,BRANCH
0x000ac5ac,__cxa_demangle,0x000ac758,__cxa_demangle+0xa7e8,BRANCH
0x000ac5b4,__cxa_demangle,0x000b398c,__cxa_demangle+0x11a1c,DIRECT_CALL
0x000ac5cc,__cxa_demangle,0x000ac9a0,__cxa_demangle+0xaa30,BRANCH
0x000ac5d8,__cxa_demangle,0x000ac9a0,__cxa_demangle+0xaa30,BRANCH
0x000ac5e4,__cxa_demangle,0x000a6be4,__cxa_demangle+0x4c74,DIRECT_CALL
0x000ac5fc,__cxa_demangle,0x000a7180,__cxa_demangle+0x5210,DIRECT_CALL
0x000ac604,__cxa_demangle,0x000ac9a0,__cxa_demangle+0xaa30,BRANCH
0x000ac614,__cxa_demangle,0x000b398c,__cxa_demangle+0x11a1c,DIRECT_CALL
0x000ac628,__cxa_demangle,0x000ac6bc,__cxa_demangle+0xa74c,BRANCH
0x000ac634,__cxa_demangle,0x000ac6bc,__cxa_demangle+0xa74c,BRANCH
0x000ac640,__cxa_demangle,0x000a6be4,__cxa_demangle+0x4c74,DIRECT_CALL
0x000ac658,__cxa_demangle,0x000ac680,__cxa_demangle+0xa710,BRANCH
0x000ac664,__cxa_demangle,0x00132d10,malloc@plt,DIRECT_CALL
0x000ac688,__cxa_demangle,N/A,"x10, 0x13c000 <vtable for __cxxabiv1::__pointer_to_member_type_info+0x1dd0>",ADRP_PAGE_REF
0x000ac6bc,__cxa_demangle,N/A,"x22, 0x13b000 <vtable for __cxxabiv1::__pointer_to_member_type_info+0xdd0>",ADRP_PAGE_REF
0x000ac6cc,__cxa_demangle,0x000ac6fc,__cxa_demangle+0xa78c,BRANCH
0x000ac704,__cxa_demangle,0x000ac714,__cxa_demangle+0xa7a4,BRANCH
0x000ac710,__cxa_demangle,0x000ac884,__cxa_demangle+0xa914,BRANCH
0x000ac718,__cxa_demangle,0x000b3b10,__cxa_demangle+0x11ba0,DIRECT_CALL
0x000ac734,__cxa_demangle,0x000ac6d0,__cxa_demangle+0xa760,BRANCH
0x000ac73c,__cxa_demangle,0x00132d10,malloc@plt,DIRECT_CALL
0x000ac754,__cxa_demangle,0x000ac6d0,__cxa_demangle+0xa760,BRANCH
0x000ac75c,__cxa_demangle,0x000b3b10,__cxa_demangle+0x11ba0,DIRECT_CALL
0x000ac770,__cxa_demangle,N/A,"x22, 0x13b000 <vtable for __cxxabiv1::__pointer_to_member_type_info+0xdd0>",ADRP_PAGE_REF
0x000ac780,__cxa_demangle,N/A,"x25, 0x13b000 <vtable for __cxxabiv1::__pointer_to_member_type_info+0xdd0>",ADRP_PAGE_REF
0x000ac78c,__cxa_demangle,0x000ac7a4,__cxa_demangle+0xa834,BRANCH
0x000ac794,__cxa_demangle,0x000b3b10,__cxa_demangle+0x11ba0,DIRECT_CALL
0x000ac7b8,__cxa_demangle,0x000ac7d8,__cxa_demangle+0xa868,BRANCH
0x000ac7c0,__cxa_demangle,0x00132d10,malloc@plt,DIRECT_CALL
0x000ac814,__cxa_demangle,0x000ac874,__cxa_demangle+0xa904,BRANCH
0x000ac818,__cxa_demangle,0x000ac790,__cxa_demangle+0xa820,BRANCH
0x000ac81c,__cxa_demangle,0x000ac83c,__cxa_demangle+0xa8cc,BRANCH
0x000ac824,__cxa_demangle,0x00132d10,malloc@plt,DIRECT_CALL
0x000ac870,__cxa_demangle,0x000ac790,__cxa_demangle+0xa820,BRANCH
0x000ac87c,__cxa_demangle,0x000ac790,__cxa_demangle+0xa820,BRANCH
0x000ac880,__cxa_demangle,0x000ac998,__cxa_demangle+0xaa28,BRANCH
0x000ac890,__cxa_demangle,0x000b3be8,__cxa_demangle+0x11c78,DIRECT_CALL
0x000ac8ac,__cxa_demangle,0x000ac8cc,__cxa_demangle+0xa95c,BRANCH
0x000ac8b4,__cxa_demangle,0x00132d10,malloc@plt,DIRECT_CALL
0x000ac8dc,__cxa_demangle,0x000ac9f8,__cxa_demangle+0xaa88,BRANCH
0x000ac8e4,__cxa_demangle,N/A,"x22, 0x13b000 <vtable for __cxxabiv1::__pointer_to_member_type_info+0xdd0>",ADRP_PAGE_REF
0x000ac8f4,__cxa_demangle,0x000ac90c,__cxa_demangle+0xa99c,BRANCH
0x000ac8fc,__cxa_demangle,0x000b3b10,__cxa_demangle+0x11ba0,DIRECT_CALL
0x000ac920,__cxa_demangle,0x000ac940,__cxa_demangle+0xa9d0,BRANCH
0x000ac928,__cxa_demangle,0x00132d10,malloc@plt,DIRECT_CALL
0x000ac974,__cxa_demangle,0x000ac98c,__cxa_demangle+0xaa1c,BRANCH
0x000ac978,__cxa_demangle,0x000ac8f8,__cxa_demangle+0xa988,BRANCH
0x000ac988,__cxa_demangle,0x000ac8f8,__cxa_demangle+0xa988,BRANCH
0x000ac994,__cxa_demangle,0x000ac8f8,__cxa_demangle+0xa988,BRANCH
0x000ac9a4,__cxa_demangle,0x000b3be8,__cxa_demangle+0x11c78,DIRECT_CALL
0x000ac9c0,__cxa_demangle,0x000ac9e0,__cxa_demangle+0xaa70,BRANCH
0x000ac9c8,__cxa_demangle,0x00132d10,malloc@plt,DIRECT_CALL
0x000ac9e8,__cxa_demangle,N/A,"x8, 0x13b000 <vtable for __cxxabiv1::__pointer_to_member_type_info+0xdd0>",ADRP_PAGE_REF
0x000aca3c,__cxa_demangle,0x00132800,_ZSt9terminatev@plt,DIRECT_CALL
0x000aca78,__cxa_demangle,0x000aca9c,__cxa_demangle+0xab2c,BRANCH
0x000aca84,__cxa_demangle,0x00132d10,malloc@plt,DIRECT_CALL
0x000acaa4,__cxa_demangle,N/A,"x8, 0x13a000 <typeinfo for __cxxabiv1::__array_type_info>",ADRP_PAGE_REF
0x000acb08,__cxa_demangle,0x00132800,_ZSt9terminatev@plt,DIRECT_CALL
0x000acb64,__cxa_demangle,0x000acde4,__cxa_demangle+0xae74,DIRECT_CALL
0x000acb70,__cxa_demangle,0x000acba0,__cxa_demangle+0xac30,BRANCH
0x000acb80,__cxa_demangle,0x000acba0,__cxa_demangle+0xac30,BRANCH
0x000acb98,__cxa_demangle,0x000acc0c,__cxa_demangle+0xac9c,BRANCH
0x000acb9c,__cxa_demangle,0x000acc30,__cxa_demangle+0xacc0,BRANCH
0x000acbb0,__cxa_demangle,0x000acbd8,__cxa_demangle+0xac68,BRANCH
0x000acbc8,__cxa_demangle,0x00132d28,realloc@plt,DIRECT_CALL
0x000acc08,__cxa_demangle,0x000acc30,__cxa_demangle+0xacc0,BRANCH
0x000acc20,__cxa_demangle,0x00132d28,realloc@plt,DIRECT_CALL
0x000acc3c,__cxa_demangle,0x00132d70,memcpy@plt,DIRECT_CALL
0x000acc58,__cxa_demangle,0x000acc98,__cxa_demangle+0xad28,BRANCH
0x000acc5c,__cxa_demangle,0x000accbc,__cxa_demangle+0xad4c,BRANCH
0x000acc68,__cxa_demangle,0x000acd60,__cxa_demangle+0xadf0,BRANCH
0x000acc70,__cxa_demangle,0x000acb34,__cxa_demangle+0xabc4,BRANCH
0x000acc7c,__cxa_demangle,0x000acb34,__cxa_demangle+0xabc4,BRANCH
0x000acc80,__cxa_demangle,0x000acd70,__cxa_demangle+0xae00,BRANCH
0x000acc94,__cxa_demangle,0x000accbc,__cxa_demangle+0xad4c,BRANCH
0x000accac,__cxa_demangle,0x00132d28,realloc@plt,DIRECT_CALL
0x000accec,__cxa_demangle,0x000acde4,__cxa_demangle+0xae74,DIRECT_CALL
0x000acd10,__cxa_demangle,0x000acd3c,__cxa_demangle+0xadcc,BRANCH
0x000acd28,__cxa_demangle,0x00132d28,realloc@plt,DIRECT_CALL
0x000acd6c,__cxa_demangle,0x000acb34,__cxa_demangle+0xabc4,BRANCH
0x000acd88,__cxa_demangle,0x000acdb4,__cxa_demangle+0xae44,BRANCH
0x000acda0,__cxa_demangle,0x00132d28,realloc@plt,DIRECT_CALL
0x000acdc4,__cxa_demangle,0x000acb38,__cxa_demangle+0xabc8,BRANCH
0x000acdc8,__cxa_demangle,0x00132c80,abort@plt,DIRECT_CALL
0x000acdcc,__cxa_demangle,0x00132c80,abort@plt,DIRECT_CALL
0x000acdd0,__cxa_demangle,0x00132c80,abort@plt,DIRECT_CALL
0x000acdd4,__cxa_demangle,0x00132c80,abort@plt,DIRECT_CALL
0x000acdd8,__cxa_demangle,0x00132c80,abort@plt,DIRECT_CALL
0x000acde0,__cxa_demangle,0x001329f8,_ZdlPv@plt,BRANCH
0x000ace10,__cxa_demangle,0x000ace58,__cxa_demangle+0xaee8,BRANCH
0x000ace24,__cxa_demangle,N/A,x8,INDIRECT_CALL
0x000ace34,__cxa_demangle,0x000acf38,__cxa_demangle+0xafc8,BRANCH
0x000ace74,__cxa_demangle,0x000acea0,__cxa_demangle+0xaf30,BRANCH
0x000ace8c,__cxa_demangle,0x00132d28,realloc@plt,DIRECT_CALL
0x000acebc,__cxa_demangle,N/A,x8,INDIRECT_CALL
0x000acecc,__cxa_demangle,0x000acee4,__cxa_demangle+0xaf74,BRANCH
0x000acee0,__cxa_demangle,N/A,x8,INDIRECT_CALL
0x000acf00,__cxa_demangle,0x000acf2c,__cxa_demangle+0xafbc,BRANCH
0x000acf18,__cxa_demangle,0x00132d28,realloc@plt,DIRECT_CALL
0x000acf48,__cxa_demangle,0x00132c80,abort@plt,DIRECT_CALL
0x000acf4c,__cxa_demangle,0x00132c80,abort@plt,DIRECT_CALL
0x000acf84,__cxa_demangle,0x000acfa8,__cxa_demangle+0xb038,BRANCH
0x000acf90,__cxa_demangle,0x00132d10,malloc@plt,DIRECT_CALL
0x000acfb0,__cxa_demangle,N/A,"x8, 0x13a000 <typeinfo for __cxxabiv1::__array_type_info>",ADRP_PAGE_REF
0x000ad00c,__cxa_demangle,0x00132800,_ZSt9terminatev@plt,DIRECT_CALL
0x000ad048,__cxa_demangle,0x000ad070,__cxa_demangle+0xb100,BRANCH
0x000ad060,__cxa_demangle,0x00132d28,realloc@plt,DIRECT_CALL
0x000ad07c,__cxa_demangle,0x00132d70,memcpy@plt,DIRECT_CALL
0x000ad0b0,__cxa_demangle,0x000acde4,__cxa_demangle+0xae74,BRANCH
0x000ad0b4,__cxa_demangle,0x00132c80,abort@plt,DIRECT_CALL
0x000ad0bc,__cxa_demangle,0x001329f8,_ZdlPv@plt,BRANCH
0x000ad0ec,__cxa_demangle,0x000acde4,__cxa_demangle+0xae74,DIRECT_CALL
0x000ad10c,__cxa_demangle,0x000ad134,__cxa_demangle+0xb1c4,BRANCH
0x000ad124,__cxa_demangle,0x00132d28,realloc@plt,DIRECT_CALL
0x000ad140,__cxa_demangle,0x00132d70,memcpy@plt,DIRECT_CALL
0x000ad164,__cxa_demangle,0x00132c80,abort@plt,DIRECT_CALL
0x000ad16c,__cxa_demangle,0x001329f8,_ZdlPv@plt,BRANCH
0x000ad198,__cxa_demangle,0x000acde4,__cxa_demangle+0xae74,DIRECT_CALL
0x000ad1b8,__cxa_demangle,0x000ad1e4,__cxa_demangle+0xb274,BRANCH
0x000ad1d0,__cxa_demangle,0x00132d28,realloc@plt,DIRECT_CALL
0x000ad200,__cxa_demangle,0x000acde4,__cxa_demangle+0xae74,DIRECT_CALL
0x000ad220,__cxa_demangle,0x000ad24c,__cxa_demangle+0xb2dc,BRANCH
0x000ad238,__cxa_demangle,0x00132d28,realloc@plt,DIRECT_CALL
0x000ad268,__cxa_demangle,0x00132c80,abort@plt,DIRECT_CALL
0x000ad26c,__cxa_demangle,0x00132c80,abort@plt,DIRECT_CALL
0x000ad274,__cxa_demangle,0x001329f8,_ZdlPv@plt,BRANCH
0x000ad2a4,__cxa_demangle,0x000acde4,__cxa_demangle+0xae74,DIRECT_CALL
0x000ad2c4,__cxa_demangle,0x000ad2ec,__cxa_demangle+0xb37c,BRANCH
0x000ad2dc,__cxa_demangle,0x00132d28,realloc@plt,DIRECT_CALL
0x000ad2f8,__cxa_demangle,0x00132d70,memcpy@plt,DIRECT_CALL
0x000ad32c,__cxa_demangle,0x000acde4,__cxa_demangle+0xae74,BRANCH
0x000ad330,__cxa_demangle,0x00132c80,abort@plt,DIRECT_CALL
0x000ad338,__cxa_demangle,0x001329f8,_ZdlPv@plt,BRANCH
0x000ad37c,__cxa_demangle,0x000ad3a4,__cxa_demangle+0xb434,BRANCH
0x000ad394,__cxa_demangle,0x00132d28,realloc@plt,DIRECT_CALL
0x000ad3c8,__cxa_demangle,0x000ad3f0,__cxa_demangle+0xb480,BRANCH
0x000ad3e0,__cxa_demangle,0x00132d28,realloc@plt,DIRECT_CALL
0x000ad428,__cxa_demangle,0x000ad450,__cxa_demangle+0xb4e0,BRANCH
0x000ad440,__cxa_demangle,0x00132d28,realloc@plt,DIRECT_CALL
0x000ad488,__cxa_demangle,0x000ad4b4,__cxa_demangle+0xb544,BRANCH
0x000ad4a0,__cxa_demangle,0x00132d28,realloc@plt,DIRECT_CALL
0x000ad4d8,__cxa_demangle,0x000ad4f0,__cxa_demangle+0xb580,BRANCH
0x000ad4ec,__cxa_demangle,0x000ad584,__cxa_demangle+0xb614,BRANCH
0x000ad508,__cxa_demangle,0x000ad534,__cxa_demangle+0xb5c4,BRANCH
0x000ad520,__cxa_demangle,0x00132d28,realloc@plt,DIRECT_CALL
0x000ad530,__cxa_demangle,0x000ad538,__cxa_demangle+0xb5c8,BRANCH
0x000ad55c,__cxa_demangle,0x000acde4,__cxa_demangle+0xae74,DIRECT_CALL
0x000ad568,__cxa_demangle,0x000ad4dc,__cxa_demangle+0xb56c,BRANCH
0x000ad580,__cxa_demangle,0x000ad4f0,__cxa_demangle+0xb580,BRANCH
0x000ad5a0,__cxa_demangle,0x000ad5cc,__cxa_demangle+0xb65c,BRANCH
0x000ad5b8,__cxa_demangle,0x00132d28,realloc@plt,DIRECT_CALL
0x000ad5ec,__cxa_demangle,0x000ad614,__cxa_demangle+0xb6a4,BRANCH
0x000ad604,__cxa_demangle,0x00132d28,realloc@plt,DIRECT_CALL
0x000ad63c,__cxa_demangle,N/A,x8,INDIRECT_CALL
0x000ad64c,__cxa_demangle,0x000ad664,__cxa_demangle+0xb6f4,BRANCH
0x000ad660,__cxa_demangle,N/A,x8,INDIRECT_CALL
0x000ad688,__cxa_demangle,0x000ad6b4,__cxa_demangle+0xb744,BRANCH
0x000ad6a0,__cxa_demangle,0x00132d28,realloc@plt,DIRECT_CALL
0x000ad6d8,__cxa_demangle,0x000ad6f0,__cxa_demangle+0xb780,BRANCH
0x000ad6ec,__cxa_demangle,0x000ad784,__cxa_demangle+0xb814,BRANCH
0x000ad708,__cxa_demangle,0x000ad734,__cxa_demangle+0xb7c4,BRANCH
0x000ad720,__cxa_demangle,0x00132d28,realloc@plt,DIRECT_CALL
0x000ad730,__cxa_demangle,0x000ad738,__cxa_demangle+0xb7c8,BRANCH
0x000ad75c,__cxa_demangle,0x000acde4,__cxa_demangle+0xae74,DIRECT_CALL
0x000ad768,__cxa_demangle,0x000ad6dc,__cxa_demangle+0xb76c,BRANCH
0x000ad780,__cxa_demangle,0x000ad6f0,__cxa_demangle+0xb780,BRANCH
0x000ad7a0,__cxa_demangle,0x000ad7cc,__cxa_demangle+0xb85c,BRANCH
0x000ad7b8,__cxa_demangle,0x00132d28,realloc@plt,DIRECT_CALL
0x000ad7f4,__cxa_demangle,0x00132c80,abort@plt,DIRECT_CALL
0x000ad7f8,__cxa_demangle,0x00132c80,abort@plt,DIRECT_CALL
0x000ad7fc,__cxa_demangle,0x00132c80,abort@plt,DIRECT_CALL
0x000ad800,__cxa_demangle,0x00132c80,abort@plt,DIRECT_CALL
0x000ad804,__cxa_demangle,0x00132c80,abort@plt,DIRECT_CALL
0x000ad808,__cxa_demangle,0x00132c80,abort@plt,DIRECT_CALL
0x000ad80c,__cxa_demangle,0x00132c80,abort@plt,DIRECT_CALL
0x000ad810,__cxa_demangle,0x00132c80,abort@plt,DIRECT_CALL
0x000ad814,__cxa_demangle,0x00132c80,abort@plt,DIRECT_CALL
0x000ad818,__cxa_demangle,0x00132c80,abort@plt,DIRECT_CALL
0x000ad820,__cxa_demangle,0x001329f8,_ZdlPv@plt,BRANCH
0x000ad858,__cxa_demangle,0x000ad880,__cxa_demangle+0xb910,BRANCH
0x000ad870,__cxa_demangle,0x00132d28,realloc@plt,DIRECT_CALL
0x000ad8a4,__cxa_demangle,0x000ad8cc,__cxa_demangle+0xb95c,BRANCH
0x000ad8bc,__cxa_demangle,0x00132d28,realloc@plt,DIRECT_CALL
0x000ad908,__cxa_demangle,0x000ad930,__cxa_demangle+0xb9c0,BRANCH
0x000ad920,__cxa_demangle,0x00132d28,realloc@plt,DIRECT_CALL
0x000ad954,__cxa_demangle,0x000ad980,__cxa_demangle+0xba10,BRANCH
0x000ad96c,__cxa_demangle,0x00132d28,realloc@plt,DIRECT_CALL
0x000ad9a0,__cxa_demangle,N/A,x8,INDIRECT_CALL
0x000ad9b0,__cxa_demangle,0x000ad9c4,__cxa_demangle+0xba54,BRANCH
0x000ad9e4,__cxa_demangle,0x00132c80,abort@plt,DIRECT_CALL
0x000ad9e8,__cxa_demangle,0x00132c80,abort@plt,DIRECT_CALL
0x000ad9ec,__cxa_demangle,0x00132c80,abort@plt,DIRECT_CALL
0x000ad9f0,__cxa_demangle,0x00132c80,abort@plt,DIRECT_CALL
0x000ad9f8,__cxa_demangle,0x001329f8,_ZdlPv@plt,BRANCH
0x000ada30,__cxa_demangle,N/A,x8,INDIRECT_CALL
0x000ada40,__cxa_demangle,0x000ada58,__cxa_demangle+0xbae8,BRANCH
0x000ada54,__cxa_demangle,N/A,x8,INDIRECT_CALL
0x000ada74,__cxa_demangle,0x000adaa0,__cxa_demangle+0xbb30,BRANCH
0x000ada8c,__cxa_demangle,0x00132d28,realloc@plt,DIRECT_CALL
0x000adac4,__cxa_demangle,0x000adadc,__cxa_demangle+0xbb6c,BRANCH
0x000adad8,__cxa_demangle,0x000adb70,__cxa_demangle+0xbc00,BRANCH
0x000adaf4,__cxa_demangle,0x000adb20,__cxa_demangle+0xbbb0,BRANCH
0x000adb0c,__cxa_demangle,0x00132d28,realloc@plt,DIRECT_CALL
0x000adb1c,__cxa_demangle,0x000adb24,__cxa_demangle+0xbbb4,BRANCH
0x000adb48,__cxa_demangle,0x000acde4,__cxa_demangle+0xae74,DIRECT_CALL
0x000adb54,__cxa_demangle,0x000adac8,__cxa_demangle+0xbb58,BRANCH
0x000adb6c,__cxa_demangle,0x000adadc,__cxa_demangle+0xbb6c,BRANCH
0x000adb8c,__cxa_demangle,0x000adbb8,__cxa_demangle+0xbc48,BRANCH
0x000adba4,__cxa_demangle,0x00132d28,realloc@plt,DIRECT_CALL
0x000adbe0,__cxa_demangle,0x00132c80,abort@plt,DIRECT_CALL
0x000adbe4,__cxa_demangle,0x00132c80,abort@plt,DIRECT_CALL
0x000adbe8,__cxa_demangle,0x00132c80,abort@plt,DIRECT_CALL
0x000adbf0,__cxa_demangle,0x001329f8,_ZdlPv@plt,BRANCH
0x000adc34,__cxa_demangle,0x000adc60,__cxa_demangle+0xbcf0,BRANCH
0x000adc4c,__cxa_demangle,0x00132d28,realloc@plt,DIRECT_CALL
0x000adc80,__cxa_demangle,N/A,x8,INDIRECT_CALL
0x000adc90,__cxa_demangle,0x000adca8,__cxa_demangle+0xbd38,BRANCH
0x000adca4,__cxa_demangle,N/A,x8,INDIRECT_CALL
0x000adcc4,__cxa_demangle,0x000adcf0,__cxa_demangle+0xbd80,BRANCH
0x000adcdc,__cxa_demangle,0x00132d28,realloc@plt,DIRECT_CALL
0x000add18,__cxa_demangle,0x000add44,__cxa_demangle+0xbdd4,BRANCH
0x000add30,__cxa_demangle,0x00132d28,realloc@plt,DIRECT_CALL
0x000add68,__cxa_demangle,0x000add80,__cxa_demangle+0xbe10,BRANCH
0x000add7c,__cxa_demangle,0x000ade14,__cxa_demangle+0xbea4,BRANCH
0x000add98,__cxa_demangle,0x000addc4,__cxa_demangle+0xbe54,BRANCH
0x000addb0,__cxa_demangle,0x00132d28,realloc@plt,DIRECT_CALL
0x000addc0,__cxa_demangle,0x000addc8,__cxa_demangle+0xbe58,BRANCH
0x000addec,__cxa_demangle,0x000acde4,__cxa_demangle+0xae74,DIRECT_CALL
0x000addf8,__cxa_demangle,0x000add6c,__cxa_demangle+0xbdfc,BRANCH
0x000ade10,__cxa_demangle,0x000add80,__cxa_demangle+0xbe10,BRANCH
0x000ade30,__cxa_demangle,0x000ade5c,__cxa_demangle+0xbeec,BRANCH
0x000ade48,__cxa_demangle,0x00132d28,realloc@plt,DIRECT_CALL
0x000ade84,__cxa_demangle,0x00132c80,abort@plt,DIRECT_CALL
0x000ade88,__cxa_demangle,0x00132c80,abort@plt,DIRECT_CALL
0x000ade8c,__cxa_demangle,0x00132c80,abort@plt,DIRECT_CALL
0x000ade90,__cxa_demangle,0x00132c80,abort@plt,DIRECT_CALL
0x000ade94,__cxa_demangle,0x00132c80,abort@plt,DIRECT_CALL
0x000ade9c,__cxa_demangle,0x001329f8,_ZdlPv@plt,BRANCH
0x000adecc,__cxa_demangle,0x000acde4,__cxa_demangle+0xae74,DIRECT_CALL
0x000adee0,__cxa_demangle,0x000adf08,__cxa_demangle+0xbf98,BRANCH
0x000adef8,__cxa_demangle,0x00132d28,realloc@plt,DIRECT_CALL
0x000adf38,__cxa_demangle,0x000acde4,__cxa_demangle+0xae74,DIRECT_CALL
0x000adf4c,__cxa_demangle,0x000adf74,__cxa_demangle+0xc004,BRANCH
0x000adf64,__cxa_demangle,0x00132d28,realloc@plt,DIRECT_CALL
0x000adfb0,__cxa_demangle,0x000acde4,__cxa_demangle+0xae74,BRANCH
0x000adfb4,__cxa_demangle,0x00132c80,abort@plt,DIRECT_CALL
0x000adfb8,__cxa_demangle,0x00132c80,abort@plt,DIRECT_CALL
0x000adfc0,__cxa_demangle,0x001329f8,_ZdlPv@plt,BRANCH
0x000ae000,__cxa_demangle,0x000ae028,__cxa_demangle+0xc0b8,BRANCH
0x000ae018,__cxa_demangle,0x00132d28,realloc@plt,DIRECT_CALL
0x000ae034,__cxa_demangle,0x00132d70,memcpy@plt,DIRECT_CALL
0x000ae05c,__cxa_demangle,0x000ae084,__cxa_demangle+0xc114,BRANCH
0x000ae074,__cxa_demangle,0x00132d28,realloc@plt,DIRECT_CALL
0x000ae0a8,__cxa_demangle,N/A,x8,INDIRECT_CALL
0x000ae0bc,__cxa_demangle,0x000ae0e4,__cxa_demangle+0xc174,BRANCH
0x000ae0d4,__cxa_demangle,0x00132d28,realloc@plt,DIRECT_CALL
0x000ae10c,__cxa_demangle,0x000ae138,__cxa_demangle+0xc1c8,BRANCH
0x000ae124,__cxa_demangle,0x00132d28,realloc@plt,DIRECT_CALL
0x000ae154,__cxa_demangle,0x000acde4,__cxa_demangle+0xae74,DIRECT_CALL
0x000ae174,__cxa_demangle,0x000ae1a0,__cxa_demangle+0xc230,BRANCH
0x000ae18c,__cxa_demangle,0x00132d28,realloc@plt,DIRECT_CALL
0x000ae1c0,__cxa_demangle,0x00132c80,abort@plt,DIRECT_CALL
0x000ae1c4,__cxa_demangle,0x00132c80,abort@plt,DIRECT_CALL
0x000ae1c8,__cxa_demangle,0x00132c80,abort@plt,DIRECT_CALL
0x000ae1cc,__cxa_demangle,0x00132c80,abort@plt,DIRECT_CALL
0x000ae1d0,__cxa_demangle,0x00132c80,abort@plt,DIRECT_CALL
0x000ae1d8,__cxa_demangle,0x0012e82c,__emutls_get_address+0xd50,DIRECT_CALL
0x000ae1e0,__cxa_demangle,0x001329f8,_ZdlPv@plt,BRANCH
0x000ae220,__cxa_demangle,0x000ae248,__cxa_demangle+0xc2d8,BRANCH
0x000ae238,__cxa_demangle,0x00132d28,realloc@plt,DIRECT_CALL
0x000ae254,__cxa_demangle,0x00132d70,memcpy@plt,DIRECT_CALL
0x000ae280,__cxa_demangle,0x000ae2ac,__cxa_demangle+0xc33c,BRANCH
0x000ae298,__cxa_demangle,0x00132d28,realloc@plt,DIRECT_CALL
0x000ae2cc,__cxa_demangle,N/A,x8,INDIRECT_CALL
0x000ae2dc,__cxa_demangle,0x000ae2f4,__cxa_demangle+0xc384,BRANCH
0x000ae2f0,__cxa_demangle,N/A,x8,INDIRECT_CALL
0x000ae310,__cxa_demangle,0x000ae33c,__cxa_demangle+0xc3cc,BRANCH
0x000ae328,__cxa_demangle,0x00132d28,realloc@plt,DIRECT_CALL
0x000ae364,__cxa_demangle,0x000ae38c,__cxa_demangle+0xc41c,BRANCH
0x000ae37c,__cxa_demangle,0x00132d28,realloc@plt,DIRECT_CALL
0x000ae398,__cxa_demangle,0x00132d70,memcpy@plt,DIRECT_CALL
0x000ae3bc,__cxa_demangle,0x00132c80,abort@plt,DIRECT_CALL
0x000ae3c0,__cxa_demangle,0x00132c80,abort@plt,DIRECT_CALL
0x000ae3c4,__cxa_demangle,0x00132c80,abort@plt,DIRECT_CALL
0x000ae3c8,__cxa_demangle,0x00132c80,abort@plt,DIRECT_CALL
0x000ae3d0,__cxa_demangle,0x001329f8,_ZdlPv@plt,BRANCH
0x000ae3f8,__cxa_demangle,0x000ae414,__cxa_demangle+0xc4a4,BRANCH
0x000ae408,__cxa_demangle,0x000ae414,__cxa_demangle+0xc4a4,BRANCH
0x000ae418,__cxa_demangle,0x000ae42c,__cxa_demangle+0xc4bc,BRANCH
0x000ae428,__cxa_demangle,0x000ae44c,__cxa_demangle+0xc4dc,BRANCH
0x000ae458,__cxa_demangle,0x000ae470,__cxa_demangle+0xc500,BRANCH
0x000ae468,__cxa_demangle,0x000ae44c,__cxa_demangle+0xc4dc,BRANCH
0x000ae478,__cxa_demangle,0x000ae430,__cxa_demangle+0xc4c0,BRANCH
0x000ae480,__cxa_demangle,0x000ae430,__cxa_demangle+0xc4c0,BRANCH
0x000ae48c,__cxa_demangle,0x000ae42c,__cxa_demangle+0xc4bc,BRANCH
0x000ae4a8,__cxa_demangle,0x000ae4dc,__cxa_demangle+0xc56c,BRANCH
0x000ae4bc,__cxa_demangle,0x00132d10,malloc@plt,DIRECT_CALL
0x000ae4ec,__cxa_demangle,N/A,"x9, 0x13a000 <typeinfo for __cxxabiv1::__array_type_info>",ADRP_PAGE_REF
0x000ae518,__cxa_demangle,0x000ae430,__cxa_demangle+0xc4c0,BRANCH
0x000ae51c,__cxa_demangle,0x00132800,_ZSt9terminatev@plt,DIRECT_CALL
0x000ae548,__cxa_demangle,0x000ae56c,__cxa_demangle+0xc5fc,BRANCH
0x000ae554,__cxa_demangle,0x00132d10,malloc@plt,DIRECT_CALL
0x000ae58c,__cxa_demangle,N/A,"x8, 0x13a000 <typeinfo for __cxxabiv1::__array_type_info>",ADRP_PAGE_REF
0x000ae5c0,__cxa_demangle,0x00132800,_ZSt9terminatev@plt,DIRECT_CALL
0x000ae5ec,__cxa_demangle,0x000ae610,__cxa_demangle+0xc6a0,BRANCH
0x000ae5f8,__cxa_demangle,0x00132d10,malloc@plt,DIRECT_CALL
0x000ae618,__cxa_demangle,N/A,"x8, 0x13b000 <vtable for __cxxabiv1::__pointer_to_member_type_info+0xdd0>",ADRP_PAGE_REF
0x000ae660,__cxa_demangle,0x00132800,_ZSt9terminatev@plt,DIRECT_CALL
0x000ae68c,__cxa_demangle,0x000ae6b0,__cxa_demangle+0xc740,BRANCH
0x000ae698,__cxa_demangle,0x00132d10,malloc@plt,DIRECT_CALL
0x000ae6c0,__cxa_demangle,0x00132cf8,strlen@plt,DIRECT_CALL
0x000ae6c4,__cxa_demangle,N/A,"x9, 0x13a000 <typeinfo for __cxxabiv1::__array_type_info>",ADRP_PAGE_REF
0x000ae708,__cxa_demangle,0x00132800,_ZSt9terminatev@plt,DIRECT_CALL
0x000ae74c,__cxa_demangle,0x000ae778,__cxa_demangle+0xc808,BRANCH
0x000ae784,__cxa_demangle,0x000ae884,__cxa_demangle+0xc914,BRANCH
0x000ae794,__cxa_demangle,0x000ae8b8,__cxa_demangle+0xc948,BRANCH
0x000ae7a4,__cxa_demangle,0x000ae750,__cxa_demangle+0xc7e0,BRANCH
0x000ae7b4,__cxa_demangle,0x000ae750,__cxa_demangle+0xc7e0,BRANCH
0x000ae7c4,__cxa_demangle,0x000ae85c,__cxa_demangle+0xc8ec,BRANCH
0x000ae7cc,__cxa_demangle,0x000ae750,__cxa_demangle+0xc7e0,BRANCH
0x000ae7d8,__cxa_demangle,0x000ae750,__cxa_demangle+0xc7e0,BRANCH
0x000ae7f4,__cxa_demangle,0x000ae814,__cxa_demangle+0xc8a4,BRANCH
0x000ae7fc,__cxa_demangle,0x00132d10,malloc@plt,DIRECT_CALL
0x000ae81c,__cxa_demangle,N/A,"x8, 0x13a000 <typeinfo for __cxxabiv1::__array_type_info>",ADRP_PAGE_REF
0x000ae840,__cxa_demangle,N/A,"x9, 0x56000",ADRP_PAGE_REF
0x000ae858,__cxa_demangle,0x000ae754,__cxa_demangle+0xc7e4,BRANCH
0x000ae868,__cxa_demangle,0x000ae7c8,__cxa_demangle+0xc858,BRANCH
0x000ae87c,__cxa_demangle,0x000ae85c,__cxa_demangle+0xc8ec,BRANCH
0x000ae880,__cxa_demangle,0x000ae754,__cxa_demangle+0xc7e4,BRANCH
0x000ae890,__cxa_demangle,0x000ae750,__cxa_demangle+0xc7e0,BRANCH
0x000ae8a0,__cxa_demangle,0x000aebcc,__cxa_demangle+0xcc5c,BRANCH
0x000ae8b0,__cxa_demangle,0x000aec14,__cxa_demangle+0xcca4,BRANCH
0x000ae8b4,__cxa_demangle,0x000ae750,__cxa_demangle+0xc7e0,BRANCH
0x000ae8e0,__cxa_demangle,0x000afafc,__cxa_demangle+0xdb8c,DIRECT_CALL
0x000ae8f0,__cxa_demangle,0x000ae9e0,__cxa_demangle+0xca70,BRANCH
0x000ae8fc,__cxa_demangle,N/A,"x21, 0x54000",ADRP_PAGE_REF
0x000ae904,__cxa_demangle,0x000ae940,__cxa_demangle+0xc9d0,BRANCH
0x000ae908,__cxa_demangle,0x00132d28,realloc@plt,DIRECT_CALL
0x000ae93c,__cxa_demangle,0x000ae9e0,__cxa_demangle+0xca70,BRANCH
0x000ae948,__cxa_demangle,0x000ae9e0,__cxa_demangle+0xca70,BRANCH
0x000ae950,__cxa_demangle,0x000ae95c,__cxa_demangle+0xc9ec,BRANCH
0x000ae958,__cxa_demangle,0x000ae960,__cxa_demangle+0xc9f0,BRANCH
0x000ae968,__cxa_demangle,0x00132da0,memchr@plt,DIRECT_CALL
0x000ae978,__cxa_demangle,0x000ae9e0,__cxa_demangle+0xca70,BRANCH
0x000ae984,__cxa_demangle,0x000afc24,__cxa_demangle+0xdcb4,DIRECT_CALL
0x000ae994,__cxa_demangle,0x000ae928,__cxa_demangle+0xc9b8,BRANCH
0x000ae9ac,__cxa_demangle,0x000ae908,__cxa_demangle+0xc998,BRANCH
0x000ae9b4,__cxa_demangle,0x00132d10,malloc@plt,DIRECT_CALL
0x000ae9c0,__cxa_demangle,0x000ae9d8,__cxa_demangle+0xca68,BRANCH
0x000ae9d0,__cxa_demangle,0x00132d70,memcpy@plt,DIRECT_CALL
0x000ae9dc,__cxa_demangle,0x000ae914,__cxa_demangle+0xc9a4,BRANCH
0x000ae9f0,__cxa_demangle,0x000a5440,__cxa_demangle+0x34d0,DIRECT_CALL
0x000aea08,__cxa_demangle,0x000aed88,__cxa_demangle+0xce18,BRANCH
0x000aea20,__cxa_demangle,0x000aea7c,__cxa_demangle+0xcb0c,BRANCH
0x000aea2c,__cxa_demangle,0x000aea5c,__cxa_demangle+0xcaec,BRANCH
0x000aea48,__cxa_demangle,0x000a8524,__cxa_demangle+0x65b4,DIRECT_CALL
0x000aea60,__cxa_demangle,0x000aea7c,__cxa_demangle+0xcb0c,BRANCH
0x000aea6c,__cxa_demangle,0x000aea7c,__cxa_demangle+0xcb0c,BRANCH
0x000aea78,__cxa_demangle,0x000aeb34,__cxa_demangle+0xcbc4,BRANCH
0x000aea80,__cxa_demangle,0x000aea90,__cxa_demangle+0xcb20,BRANCH
0x000aea8c,__cxa_demangle,0x000aeb34,__cxa_demangle+0xcbc4,BRANCH
0x000aea94,__cxa_demangle,0x000a32d8,__cxa_demangle+0x1368,DIRECT_CALL
0x000aeaa4,__cxa_demangle,0x000aeb10,__cxa_demangle+0xcba0,BRANCH
0x000aeabc,__cxa_demangle,0x000aead0,__cxa_demangle+0xcb60,BRANCH
0x000aeac0,__cxa_demangle,0x00132d28,realloc@plt,DIRECT_CALL
0x000aeacc,__cxa_demangle,0x000aed58,__cxa_demangle+0xcde8,BRANCH
0x000aead4,__cxa_demangle,0x00132d10,malloc@plt,DIRECT_CALL
0x000aeae0,__cxa_demangle,0x000aeaf8,__cxa_demangle+0xcb88,BRANCH
0x000aeaf0,__cxa_demangle,0x00132d70,memcpy@plt,DIRECT_CALL
0x000aeb24,__cxa_demangle,0x000aea84,__cxa_demangle+0xcb14,BRANCH
0x000aeb30,__cxa_demangle,0x000aea88,__cxa_demangle+0xcb18,BRANCH
0x000aeb3c,__cxa_demangle,0x000a5440,__cxa_demangle+0x34d0,DIRECT_CALL
0x000aeb50,__cxa_demangle,0x000aed08,__cxa_demangle+0xcd98,BRANCH
0x000aeb5c,__cxa_demangle,0x000aeb8c,__cxa_demangle+0xcc1c,BRANCH
0x000aeb78,__cxa_demangle,0x000a8524,__cxa_demangle+0x65b4,DIRECT_CALL
0x000aeb90,__cxa_demangle,0x000aed08,__cxa_demangle+0xcd98,BRANCH
0x000aeb9c,__cxa_demangle,0x000aed08,__cxa_demangle+0xcd98,BRANCH
0x000aebac,__cxa_demangle,0x000aed08,__cxa_demangle+0xcd98,BRANCH
0x000aebbc,__cxa_demangle,0x000aec94,__cxa_demangle+0xcd24,BRANCH
0x000aebc8,__cxa_demangle,0x000aecc8,__cxa_demangle+0xcd58,BRANCH
0x000aebe0,__cxa_demangle,0x000aec00,__cxa_demangle+0xcc90,BRANCH
0x000aebf4,__cxa_demangle,0x000aebd4,__cxa_demangle+0xcc64,BRANCH
0x000aec10,__cxa_demangle,0x000ae750,__cxa_demangle+0xc7e0,BRANCH
0x000aec1c,__cxa_demangle,0x000ae750,__cxa_demangle+0xc7e0,BRANCH
0x000aec38,__cxa_demangle,0x000aec58,__cxa_demangle+0xcce8,BRANCH
0x000aec40,__cxa_demangle,0x00132d10,malloc@plt,DIRECT_CALL
0x000aec60,__cxa_demangle,N/A,"x8, 0x13b000 <vtable for __cxxabiv1::__pointer_to_member_type_info+0xdd0>",ADRP_PAGE_REF
0x000aec90,__cxa_demangle,0x000ae754,__cxa_demangle+0xc7e4,BRANCH
0x000aeca4,__cxa_demangle,0x000aecbc,__cxa_demangle+0xcd4c,BRANCH
0x000aecb4,__cxa_demangle,0x000aec98,__cxa_demangle+0xcd28,BRANCH
0x000aecd0,__cxa_demangle,0x000aed08,__cxa_demangle+0xcd98,BRANCH
0x000aecdc,__cxa_demangle,0x000aed08,__cxa_demangle+0xcd98,BRANCH
0x000aed00,__cxa_demangle,0x000b0124,__cxa_demangle+0xe1b4,DIRECT_CALL
0x000aed04,__cxa_demangle,0x000aed0c,__cxa_demangle+0xcd9c,BRANCH
0x000aed20,__cxa_demangle,0x000aed64,__cxa_demangle+0xcdf4,BRANCH
0x000aed3c,__cxa_demangle,0x000aed50,__cxa_demangle+0xcde0,BRANCH
0x000aed48,__cxa_demangle,0x00132830,free@plt,DIRECT_CALL
0x000aed54,__cxa_demangle,0x000ae754,__cxa_demangle+0xc7e4,BRANCH
0x000aed58,__cxa_demangle,0x00132c80,abort@plt,DIRECT_CALL
0x000aed5c,__cxa_demangle,0x00132c80,abort@plt,DIRECT_CALL
0x000aed60,__cxa_demangle,0x00132c80,abort@plt,DIRECT_CALL
0x000aed64,__cxa_demangle,N/A,"x0, 0x54000",ADRP_PAGE_REF
0x000aed6c,__cxa_demangle,N/A,"x1, 0x55000",ADRP_PAGE_REF
0x000aed80,__cxa_demangle,0x000a0110,std::bad_typeid::what() const+0x10,DIRECT_CALL
0x000aed84,__cxa_demangle,0x00132c80,abort@plt,DIRECT_CALL
0x000aed88,__cxa_demangle,N/A,"x0, 0x54000",ADRP_PAGE_REF
0x000aed90,__cxa_demangle,N/A,"x1, 0x55000",ADRP_PAGE_REF
0x000aed98,__cxa_demangle,N/A,"x3, 0x55000",ADRP_PAGE_REF
0x000aeda4,__cxa_demangle,0x000a0110,std::bad_typeid::what() const+0x10,DIRECT_CALL
0x000aeda8,__cxa_demangle,0x00132800,_ZSt9terminatev@plt,DIRECT_CALL
0x000aedac,__cxa_demangle,0x000aedb0,__cxa_demangle+0xce40,BRANCH
0x000aedbc,__cxa_demangle,0x000b0204,__cxa_demangle+0xe294,DIRECT_CALL
0x000aedc8,__cxa_demangle,0x0012e82c,__emutls_get_address+0xd50,DIRECT_CALL
0x000aedd4,__cxa_demangle,0x000b0204,__cxa_demangle+0xe294,DIRECT_CALL
0x000aede0,__cxa_demangle,0x0012e82c,__emutls_get_address+0xd50,DIRECT_CALL
0x000aede4,__cxa_demangle,0x0009ef48,std::set_unexpected(void (*)())+0x34,DIRECT_CALL
0x000aedec,__cxa_demangle,0x0012e82c,__emutls_get_address+0xd50,DIRECT_CALL
0x000aedf8,__cxa_demangle,0x000b0204,__cxa_demangle+0xe294,DIRECT_CALL
0x000aee04,__cxa_demangle,0x0012e82c,__emutls_get_address+0xd50,DIRECT_CALL
0x000aee10,__cxa_demangle,0x000b0204,__cxa_demangle+0xe294,DIRECT_CALL
0x000aee1c,__cxa_demangle,0x0012e82c,__emutls_get_address+0xd50,DIRECT_CALL
0x000aee28,__cxa_demangle,0x000b0204,__cxa_demangle+0xe294,DIRECT_CALL
0x000aee34,__cxa_demangle,0x0012e82c,__emutls_get_address+0xd50,DIRECT_CALL
0x000aee40,__cxa_demangle,0x000b0204,__cxa_demangle+0xe294,DIRECT_CALL
0x000aee4c,__cxa_demangle,0x0012e82c,__emutls_get_address+0xd50,DIRECT_CALL
0x000aee58,__cxa_demangle,0x000b0204,__cxa_demangle+0xe294,DIRECT_CALL
0x000aee64,__cxa_demangle,0x0012e82c,__emutls_get_address+0xd50,DIRECT_CALL
0x000aee90,__cxa_demangle,0x000aeeb4,__cxa_demangle+0xcf44,BRANCH
0x000aee9c,__cxa_demangle,0x00132d10,malloc@plt,DIRECT_CALL
0x000aeebc,__cxa_demangle,N/A,"x8, 0x13b000 <vtable for __cxxabiv1::__pointer_to_member_type_info+0xdd0>",ADRP_PAGE_REF
0x000aef04,__cxa_demangle,0x00132800,_ZSt9terminatev@plt,DIRECT_CALL
0x000aef34,__cxa_demangle,0x000aef58,__cxa_demangle+0xcfe8,BRANCH
0x000aef40,__cxa_demangle,0x00132d10,malloc@plt,DIRECT_CALL
0x000aef60,__cxa_demangle,N/A,"x8, 0x13b000 <vtable for __cxxabiv1::__pointer_to_member_type_info+0xdd0>",ADRP_PAGE_REF
0x000aefb0,__cxa_demangle,0x00132800,_ZSt9terminatev@plt,DIRECT_CALL
0x000aefdc,__cxa_demangle,0x000af0ec,__cxa_demangle+0xd17c,BRANCH
0x000aeffc,__cxa_demangle,0x000af028,__cxa_demangle+0xd0b8,BRANCH
0x000af014,__cxa_demangle,0x00132d28,realloc@plt,DIRECT_CALL
0x000af054,__cxa_demangle,0x000af07c,__cxa_demangle+0xd10c,BRANCH
0x000af06c,__cxa_demangle,0x00132d28,realloc@plt,DIRECT_CALL
0x000af088,__cxa_demangle,0x00132d70,memcpy@plt,DIRECT_CALL
0x000af0b4,__cxa_demangle,0x000af0e0,__cxa_demangle+0xd170,BRANCH
0x000af0cc,__cxa_demangle,0x00132d28,realloc@plt,DIRECT_CALL
0x000af0f8,__cxa_demangle,0x000af1a0,__cxa_demangle+0xd230,BRANCH
0x000af114,__cxa_demangle,0x000af140,__cxa_demangle+0xd1d0,BRANCH
0x000af12c,__cxa_demangle,0x00132d28,realloc@plt,DIRECT_CALL
0x000af154,__cxa_demangle,0x000af204,__cxa_demangle+0xd294,BRANCH
0x000af16c,__cxa_demangle,0x000af194,__cxa_demangle+0xd224,BRANCH
0x000af184,__cxa_demangle,0x00132d28,realloc@plt,DIRECT_CALL
0x000af19c,__cxa_demangle,0x000af1f0,__cxa_demangle+0xd280,BRANCH
0x000af1c0,__cxa_demangle,0x000af1e8,__cxa_demangle+0xd278,BRANCH
0x000af1d8,__cxa_demangle,0x00132d28,realloc@plt,DIRECT_CALL
0x000af1f4,__cxa_demangle,0x00132d70,memcpy@plt,DIRECT_CALL
0x000af20c,__cxa_demangle,0x000af26c,__cxa_demangle+0xd2fc,BRANCH
0x000af228,__cxa_demangle,0x000af250,__cxa_demangle+0xd2e0,BRANCH
0x000af240,__cxa_demangle,0x00132d28,realloc@plt,DIRECT_CALL
0x000af25c,__cxa_demangle,0x00132d70,memcpy@plt,DIRECT_CALL
0x000af284,__cxa_demangle,0x00132c80,abort@plt,DIRECT_CALL
0x000af288,__cxa_demangle,0x00132c80,abort@plt,DIRECT_CALL
0x000af28c,__cxa_demangle,0x00132c80,abort@plt,DIRECT_CALL
0x000af290,__cxa_demangle,0x00132c80,abort@plt,DIRECT_CALL
0x000af294,__cxa_demangle,0x00132c80,abort@plt,DIRECT_CALL
0x000af298,__cxa_demangle,0x00132c80,abort@plt,DIRECT_CALL
0x000af29c,__cxa_demangle,0x00132c80,abort@plt,DIRECT_CALL
0x000af2a4,__cxa_demangle,0x001329f8,_ZdlPv@plt,BRANCH
0x000af2e0,__cxa_demangle,0x000af308,__cxa_demangle+0xd398,BRANCH
0x000af2f8,__cxa_demangle,0x00132d28,realloc@plt,DIRECT_CALL
0x000af308,__cxa_demangle,N/A,"x9, 0x55000",ADRP_PAGE_REF
0x000af314,__cxa_demangle,N/A,"x10, 0x54000",ADRP_PAGE_REF
0x000af328,__cxa_demangle,0x00132d70,memcpy@plt,DIRECT_CALL
0x000af34c,__cxa_demangle,0x00132c80,abort@plt,DIRECT_CALL
0x000af354,__cxa_demangle,0x001329f8,_ZdlPv@plt,BRANCH
0x000af374,__cxa_demangle,0x000af4f4,__cxa_demangle+0xd584,BRANCH
0x000af470,__cxa_demangle,0x000af458,__cxa_demangle+0xd4e8,BRANCH
0x000af478,__cxa_demangle,N/A,"x2, 0x56000",ADRP_PAGE_REF
0x000af494,__cxa_demangle,0x00132db8,snprintf@plt,DIRECT_CALL
0x000af4b0,__cxa_demangle,0x000af4d8,__cxa_demangle+0xd568,BRANCH
0x000af4c8,__cxa_demangle,0x00132d28,realloc@plt,DIRECT_CALL
0x000af4e4,__cxa_demangle,0x00132d70,memcpy@plt,DIRECT_CALL
0x000af508,__cxa_demangle,0x00132c80,abort@plt,DIRECT_CALL
0x000af510,__cxa_demangle,0x001329f8,_ZdlPv@plt,BRANCH
0x000af530,__cxa_demangle,0x000af6c0,__cxa_demangle+0xd750,BRANCH
0x000af640,__cxa_demangle,0x000af628,__cxa_demangle+0xd6b8,BRANCH
0x000af64c,__cxa_demangle,N/A,"x2, 0x55000",ADRP_PAGE_REF
0x000af660,__cxa_demangle,0x00132db8,snprintf@plt,DIRECT_CALL
0x000af67c,__cxa_demangle,0x000af6a4,__cxa_demangle+0xd734,BRANCH
0x000af694,__cxa_demangle,0x00132d28,realloc@plt,DIRECT_CALL
0x000af6b0,__cxa_demangle,0x00132d70,memcpy@plt,DIRECT_CALL
0x000af6d4,__cxa_demangle,0x00132c80,abort@plt,DIRECT_CALL
0x000af6dc,__cxa_demangle,0x001329f8,_ZdlPv@plt,BRANCH
0x000af6fc,__cxa_demangle,0x000af9c8,__cxa_demangle+0xda58,BRANCH
0x000af944,__cxa_demangle,0x000af92c,__cxa_demangle+0xd9bc,BRANCH
0x000af950,__cxa_demangle,N/A,"x2, 0x56000",ADRP_PAGE_REF
0x000af968,__cxa_demangle,0x00132db8,snprintf@plt,DIRECT_CALL
0x000af984,__cxa_demangle,0x000af9ac,__cxa_demangle+0xda3c,BRANCH
0x000af99c,__cxa_demangle,0x00132d28,realloc@plt,DIRECT_CALL
0x000af9b8,__cxa_demangle,0x00132d70,memcpy@plt,DIRECT_CALL
0x000af9dc,__cxa_demangle,0x00132c80,abort@plt,DIRECT_CALL
0x000af9e4,__cxa_demangle,0x001329f8,_ZdlPv@plt,BRANCH
0x000afa10,__cxa_demangle,0x000afa40,__cxa_demangle+0xdad0,BRANCH
0x000afa2c,__cxa_demangle,0x00132d28,realloc@plt,DIRECT_CALL
0x000afa68,__cxa_demangle,N/A,x8,INDIRECT_CALL
0x000afa78,__cxa_demangle,0x000afa90,__cxa_demangle+0xdb20,BRANCH
0x000afa8c,__cxa_demangle,N/A,x8,INDIRECT_CALL
0x000afaa0,__cxa_demangle,0x000afac8,__cxa_demangle+0xdb58,BRANCH
0x000afab8,__cxa_demangle,0x00132d28,realloc@plt,DIRECT_CALL
0x000afaec,__cxa_demangle,0x00132c80,abort@plt,DIRECT_CALL
0x000afaf0,__cxa_demangle,0x00132c80,abort@plt,DIRECT_CALL
0x000afaf8,__cxa_demangle,0x001329f8,_ZdlPv@plt,BRANCH
0x000afb60,__cxa_demangle,0x000afbdc,__cxa_demangle+0xdc6c,BRANCH
0x000afb7c,__cxa_demangle,0x000afb98,__cxa_demangle+0xdc28,BRANCH
0x000afb84,__cxa_demangle,0x00132d28,realloc@plt,DIRECT_CALL
0x000afb94,__cxa_demangle,0x00132c80,abort@plt,DIRECT_CALL
0x000afb9c,__cxa_demangle,0x00132d10,malloc@plt,DIRECT_CALL
0x000afba8,__cxa_demangle,0x000afbc0,__cxa_demangle+0xdc50,BRANCH
0x000afbb8,__cxa_demangle,0x00132d88,memmove@plt,DIRECT_CALL
0x000afc00,__cxa_demangle,0x00132c80,abort@plt,DIRECT_CALL
0x000afc10,__cxa_demangle,0x000afc1c,__cxa_demangle+0xdcac,BRANCH
0x000afc18,__cxa_demangle,0x00132830,free@plt,DIRECT_CALL
0x000afc20,__cxa_demangle,0x0012e82c,__emutls_get_address+0xd50,DIRECT_CALL
0x000afc5c,__cxa_demangle,0x000afc68,__cxa_demangle+0xdcf8,BRANCH
0x000afc64,__cxa_demangle,0x000afe6c,__cxa_demangle+0xdefc,BRANCH
0x000afc78,__cxa_demangle,0x000afce4,__cxa_demangle+0xdd74,BRANCH
0x000afc88,__cxa_demangle,0x000afd64,__cxa_demangle+0xddf4,BRANCH
0x000afc98,__cxa_demangle,0x000afddc,__cxa_demangle+0xde6c,BRANCH
0x000afca8,__cxa_demangle,0x000afe8c,__cxa_demangle+0xdf1c,BRANCH
0x000afcb8,__cxa_demangle,0x000afc60,__cxa_demangle+0xdcf0,BRANCH
0x000afcc8,__cxa_demangle,0x000afc24,__cxa_demangle+0xdcb4,DIRECT_CALL
0x000afcdc,__cxa_demangle,0x000b0520,__cxa_demangle+0xe5b0,DIRECT_CALL
0x000afce0,__cxa_demangle,0x000afe6c,__cxa_demangle+0xdefc,BRANCH
0x000afcf4,__cxa_demangle,0x000b03d0,__cxa_demangle+0xe460,DIRECT_CALL
0x000afd0c,__cxa_demangle,0x000afd2c,__cxa_demangle+0xddbc,BRANCH
0x000afd14,__cxa_demangle,0x00132d10,malloc@plt,DIRECT_CALL
0x000afd34,__cxa_demangle,N/A,"x8, 0x13b000 <vtable for __cxxabiv1::__pointer_to_member_type_info+0xdd0>",ADRP_PAGE_REF
0x000afd60,__cxa_demangle,0x000afe68,__cxa_demangle+0xdef8,BRANCH
0x000afd74,__cxa_demangle,0x000a4810,__cxa_demangle+0x28a0,DIRECT_CALL
0x000afd88,__cxa_demangle,0x000b03d0,__cxa_demangle+0xe460,DIRECT_CALL
0x000afda0,__cxa_demangle,0x000afdc0,__cxa_demangle+0xde50,BRANCH
0x000afda8,__cxa_demangle,0x00132d10,malloc@plt,DIRECT_CALL
0x000afdc8,__cxa_demangle,N/A,"x8, 0x13b000 <vtable for __cxxabiv1::__pointer_to_member_type_info+0xdd0>",ADRP_PAGE_REF
0x000afdd8,__cxa_demangle,0x000afe4c,__cxa_demangle+0xdedc,BRANCH
0x000afdec,__cxa_demangle,0x000b03d0,__cxa_demangle+0xe460,DIRECT_CALL
0x000afdf8,__cxa_demangle,0x000a32d8,__cxa_demangle+0x1368,DIRECT_CALL
0x000afe14,__cxa_demangle,0x000afe34,__cxa_demangle+0xdec4,BRANCH
0x000afe1c,__cxa_demangle,0x00132d10,malloc@plt,DIRECT_CALL
0x000afe3c,__cxa_demangle,N/A,"x8, 0x13b000 <vtable for __cxxabiv1::__pointer_to_member_type_info+0xdd0>",ADRP_PAGE_REF
0x000afe9c,__cxa_demangle,0x000b03d0,__cxa_demangle+0xe460,DIRECT_CALL
0x000afebc,__cxa_demangle,0x000afafc,__cxa_demangle+0xdb8c,DIRECT_CALL
0x000afecc,__cxa_demangle,0x000afedc,__cxa_demangle+0xdf6c,BRANCH
0x000afed8,__cxa_demangle,0x000affcc,__cxa_demangle+0xe05c,BRANCH
0x000afee4,__cxa_demangle,0x000afc24,__cxa_demangle+0xdcb4,DIRECT_CALL
0x000afef4,__cxa_demangle,0x000aff60,__cxa_demangle+0xdff0,BRANCH
0x000aff0c,__cxa_demangle,0x000aff20,__cxa_demangle+0xdfb0,BRANCH
0x000aff10,__cxa_demangle,0x00132d28,realloc@plt,DIRECT_CALL
0x000aff1c,__cxa_demangle,0x000b00a4,__cxa_demangle+0xe134,BRANCH
0x000aff24,__cxa_demangle,0x00132d10,malloc@plt,DIRECT_CALL
0x000aff30,__cxa_demangle,0x000aff48,__cxa_demangle+0xdfd8,BRANCH
0x000aff40,__cxa_demangle,0x00132d70,memcpy@plt,DIRECT_CALL
0x000aff74,__cxa_demangle,0x000afec8,__cxa_demangle+0xdf58,BRANCH
0x000aff80,__cxa_demangle,0x000afec8,__cxa_demangle+0xdf58,BRANCH
0x000aff9c,__cxa_demangle,0x000a8524,__cxa_demangle+0x65b4,DIRECT_CALL
0x000affb4,__cxa_demangle,0x000affc4,__cxa_demangle+0xe054,BRANCH
0x000affc0,__cxa_demangle,0x000affd0,__cxa_demangle+0xe060,BRANCH
0x000affc8,__cxa_demangle,0x000b0058,__cxa_demangle+0xe0e8,BRANCH
0x000affe0,__cxa_demangle,0x000a5440,__cxa_demangle+0x34d0,DIRECT_CALL
0x000afffc,__cxa_demangle,0x000b001c,__cxa_demangle+0xe0ac,BRANCH
0x000b0004,__cxa_demangle,0x00132d10,malloc@plt,DIRECT_CALL
0x000b0024,__cxa_demangle,N/A,"x8, 0x13b000 <vtable for __cxxabiv1::__pointer_to_member_type_info+0xdd0>",ADRP_PAGE_REF
0x000b006c,__cxa_demangle,0x000b00ac,__cxa_demangle+0xe13c,BRANCH
0x000b0088,__cxa_demangle,0x000afe6c,__cxa_demangle+0xdefc,BRANCH
0x000b0094,__cxa_demangle,0x00132830,free@plt,DIRECT_CALL
0x000b009c,__cxa_demangle,0x000afe6c,__cxa_demangle+0xdefc,BRANCH
0x000b00a0,__cxa_demangle,0x00132800,_ZSt9terminatev@plt,DIRECT_CALL
0x000b00a4,__cxa_demangle,0x00132c80,abort@plt,DIRECT_CALL
0x000b00a8,__cxa_demangle,0x00132c80,abort@plt,DIRECT_CALL
0x000b00ac,__cxa_demangle,N/A,"x0, 0x54000",ADRP_PAGE_REF
0x000b00b4,__cxa_demangle,N/A,"x1, 0x55000",ADRP_PAGE_REF
0x000b00c8,__cxa_demangle,0x000a0110,std::bad_typeid::what() const+0x10,DIRECT_CALL
0x000b00d8,__cxa_demangle,0x000b0204,__cxa_demangle+0xe294,DIRECT_CALL
0x000b00e0,__cxa_demangle,0x0012e82c,__emutls_get_address+0xd50,DIRECT_CALL
0x000b00ec,__cxa_demangle,0x000b0204,__cxa_demangle+0xe294,DIRECT_CALL
0x000b00f4,__cxa_demangle,0x0012e82c,__emutls_get_address+0xd50,DIRECT_CALL
0x000b00f8,__cxa_demangle,0x0009ef48,std::set_unexpected(void (*)())+0x34,DIRECT_CALL
0x000b0104,__cxa_demangle,0x000b0204,__cxa_demangle+0xe294,DIRECT_CALL
0x000b010c,__cxa_demangle,0x0012e82c,__emutls_get_address+0xd50,DIRECT_CALL
0x000b0118,__cxa_demangle,0x000b0204,__cxa_demangle+0xe294,DIRECT_CALL
0x000b0120,__cxa_demangle,0x0012e82c,__emutls_get_address+0xd50,DIRECT_CALL
0x000b0164,__cxa_demangle,0x000b0188,__cxa_demangle+0xe218,BRANCH
0x000b0170,__cxa_demangle,0x00132d10,malloc@plt,DIRECT_CALL
0x000b0198,__cxa_demangle,N/A,"x9, 0x13b000 <vtable for __cxxabiv1::__pointer_to_member_type_info+0xdd0>",ADRP_PAGE_REF
0x000b0200,__cxa_demangle,0x00132800,_ZSt9terminatev@plt,DIRECT_CALL
0x000b0224,__cxa_demangle,0x000b025c,__cxa_demangle+0xe2ec,BRANCH
0x000b023c,__cxa_demangle,0x000b0250,__cxa_demangle+0xe2e0,BRANCH
0x000b024c,__cxa_demangle,0x00132830,free@plt,BRANCH
0x000b025c,__cxa_demangle,N/A,"x0, 0x54000",ADRP_PAGE_REF
0x000b0264,__cxa_demangle,N/A,"x1, 0x55000",ADRP_PAGE_REF
0x000b0278,__cxa_demangle,0x000a0110,std::bad_typeid::what() const+0x10,DIRECT_CALL
0x000b027c,__cxa_demangle,0x0009ef48,std::set_unexpected(void (*)())+0x34,DIRECT_CALL
0x000b02ac,__cxa_demangle,0x000b02dc,__cxa_demangle+0xe36c,BRANCH
0x000b02c8,__cxa_demangle,0x00132d28,realloc@plt,DIRECT_CALL
0x000b0318,__cxa_demangle,0x000b0340,__cxa_demangle+0xe3d0,BRANCH
0x000b0330,__cxa_demangle,0x00132d28,realloc@plt,DIRECT_CALL
0x000b034c,__cxa_demangle,0x00132d70,memcpy@plt,DIRECT_CALL
0x000b036c,__cxa_demangle,0x000b0394,__cxa_demangle+0xe424,BRANCH
0x000b0384,__cxa_demangle,0x00132d28,realloc@plt,DIRECT_CALL
0x000b03bc,__cxa_demangle,0x00132c80,abort@plt,DIRECT_CALL
0x000b03c0,__cxa_demangle,0x00132c80,abort@plt,DIRECT_CALL
0x000b03c4,__cxa_demangle,0x00132c80,abort@plt,DIRECT_CALL
0x000b03cc,__cxa_demangle,0x001329f8,_ZdlPv@plt,BRANCH
0x000b0414,__cxa_demangle,0x000b0434,__cxa_demangle+0xe4c4,BRANCH
0x000b041c,__cxa_demangle,0x00132d10,malloc@plt,DIRECT_CALL
0x000b043c,__cxa_demangle,N/A,"x8, 0x13b000 <vtable for __cxxabiv1::__pointer_to_member_type_info+0xdd0>",ADRP_PAGE_REF
0x000b0480,__cxa_demangle,0x000b04f4,__cxa_demangle+0xe584,BRANCH
0x000b049c,__cxa_demangle,0x000b04b4,__cxa_demangle+0xe544,BRANCH
0x000b04a4,__cxa_demangle,0x00132d28,realloc@plt,DIRECT_CALL
0x000b04b0,__cxa_demangle,0x00132c80,abort@plt,DIRECT_CALL
0x000b04b8,__cxa_demangle,0x00132d10,malloc@plt,DIRECT_CALL
0x000b04c4,__cxa_demangle,0x000b04dc,__cxa_demangle+0xe56c,BRANCH
0x000b04d4,__cxa_demangle,0x00132d88,memmove@plt,DIRECT_CALL
0x000b0518,__cxa_demangle,0x00132800,_ZSt9terminatev@plt,DIRECT_CALL
0x000b051c,__cxa_demangle,0x00132c80,abort@plt,DIRECT_CALL
0x000b0548,__cxa_demangle,0x000b056c,__cxa_demangle+0xe5fc,BRANCH
0x000b0554,__cxa_demangle,0x00132d10,malloc@plt,DIRECT_CALL
0x000b0574,__cxa_demangle,N/A,"x8, 0x13b000 <vtable for __cxxabiv1::__pointer_to_member_type_info+0xdd0>",ADRP_PAGE_REF
0x000b05bc,__cxa_demangle,0x00132800,_ZSt9terminatev@plt,DIRECT_CALL
0x000b05e4,__cxa_demangle,0x000b06ac,__cxa_demangle+0xe73c,BRANCH
0x000b05ec,__cxa_demangle,0x000b064c,__cxa_demangle+0xe6dc,BRANCH
0x000b060c,__cxa_demangle,0x000b0644,__cxa_demangle+0xe6d4,BRANCH
0x000b062c,__cxa_demangle,0x00132d28,realloc@plt,DIRECT_CALL
0x000b0648,__cxa_demangle,0x000b06a0,__cxa_demangle+0xe730,BRANCH
0x000b0664,__cxa_demangle,0x000b069c,__cxa_demangle+0xe72c,BRANCH
0x000b0684,__cxa_demangle,0x00132d28,realloc@plt,DIRECT_CALL
0x000b06a8,__cxa_demangle,0x000b0714,__cxa_demangle+0xe7a4,BRANCH
0x000b06c4,__cxa_demangle,0x000b06fc,__cxa_demangle+0xe78c,BRANCH
0x000b06e4,__cxa_demangle,0x00132d28,realloc@plt,DIRECT_CALL
0x000b0764,__cxa_demangle,0x000b0740,__cxa_demangle+0xe7d0,BRANCH
0x000b0778,__cxa_demangle,0x000b07a0,__cxa_demangle+0xe830,BRANCH
0x000b0790,__cxa_demangle,0x00132d28,realloc@plt,DIRECT_CALL
0x000b07b4,__cxa_demangle,0x00132d70,memcpy@plt,DIRECT_CALL
0x000b07dc,__cxa_demangle,0x00132c80,abort@plt,DIRECT_CALL
0x000b07e0,__cxa_demangle,0x00132c80,abort@plt,DIRECT_CALL
0x000b07e4,__cxa_demangle,0x00132c80,abort@plt,DIRECT_CALL
0x000b07e8,__cxa_demangle,0x00132c80,abort@plt,DIRECT_CALL
0x000b07f0,__cxa_demangle,0x001329f8,_ZdlPv@plt,BRANCH
0x000b0818,__cxa_demangle,0x000b0840,__cxa_demangle+0xe8d0,BRANCH
0x000b0830,__cxa_demangle,0x00132d28,realloc@plt,DIRECT_CALL
0x000b0840,__cxa_demangle,N/A,"x9, 0x54000",ADRP_PAGE_REF
0x000b0878,__cxa_demangle,0x00132c80,abort@plt,DIRECT_CALL
0x000b08a0,__cxa_demangle,N/A,x8,INDIRECT_CALL
0x000b08b0,__cxa_demangle,0x000b08c4,__cxa_demangle+0xe954,BRANCH
0x000b08e8,__cxa_demangle,0x001329f8,_ZdlPv@plt,BRANCH
0x000b0910,__cxa_demangle,N/A,x8,INDIRECT_CALL
0x000b0920,__cxa_demangle,0x000b0938,__cxa_demangle+0xe9c8,BRANCH
0x000b0934,__cxa_demangle,N/A,x8,INDIRECT_CALL
0x000b0948,__cxa_demangle,0x000b0970,__cxa_demangle+0xea00,BRANCH
0x000b0960,__cxa_demangle,0x00132d28,realloc@plt,DIRECT_CALL
0x000b0994,__cxa_demangle,0x00132c80,abort@plt,DIRECT_CALL
0x000b09bc,__cxa_demangle,N/A,x8,INDIRECT_CALL
0x000b09cc,__cxa_demangle,0x000b09e0,__cxa_demangle+0xea70,BRANCH
0x000b0a04,__cxa_demangle,0x001329f8,_ZdlPv@plt,BRANCH
0x000b0a2c,__cxa_demangle,N/A,x8,INDIRECT_CALL
0x000b0a40,__cxa_demangle,0x000b0a68,__cxa_demangle+0xeaf8,BRANCH
0x000b0a50,__cxa_demangle,N/A,x8,INDIRECT_CALL
0x000b0a6c,__cxa_demangle,0x000b0a58,__cxa_demangle+0xeae8,BRANCH
0x000b0a80,__cxa_demangle,0x000b0aa8,__cxa_demangle+0xeb38,BRANCH
0x000b0a98,__cxa_demangle,0x00132d28,realloc@plt,DIRECT_CALL
0x000b0acc,__cxa_demangle,0x00132c80,abort@plt,DIRECT_CALL
0x000b0afc,__cxa_demangle,N/A,x8,INDIRECT_CALL
0x000b0b0c,__cxa_demangle,0x000b0b24,__cxa_demangle+0xebb4,BRANCH
0x000b0b20,__cxa_demangle,N/A,x8,INDIRECT_CALL
0x000b0b4c,__cxa_demangle,0x001329f8,_ZdlPv@plt,BRANCH
0x000b0b8c,__cxa_demangle,0x000b0bb4,__cxa_demangle+0xec44,BRANCH
0x000b0ba4,__cxa_demangle,0x00132d28,realloc@plt,DIRECT_CALL
0x000b0bb4,__cxa_demangle,N/A,"x9, 0x56000",ADRP_PAGE_REF
0x000b0bf0,__cxa_demangle,0x000b0c08,__cxa_demangle+0xec98,BRANCH
0x000b0c04,__cxa_demangle,0x000b0c9c,__cxa_demangle+0xed2c,BRANCH
0x000b0c20,__cxa_demangle,0x000b0c4c,__cxa_demangle+0xecdc,BRANCH
0x000b0c38,__cxa_demangle,0x00132d28,realloc@plt,DIRECT_CALL
0x000b0c48,__cxa_demangle,0x000b0c50,__cxa_demangle+0xece0,BRANCH
0x000b0c74,__cxa_demangle,0x000acde4,__cxa_demangle+0xae74,DIRECT_CALL
0x000b0c80,__cxa_demangle,0x000b0bf4,__cxa_demangle+0xec84,BRANCH
0x000b0c98,__cxa_demangle,0x000b0c08,__cxa_demangle+0xec98,BRANCH
0x000b0cac,__cxa_demangle,0x000b0cd4,__cxa_demangle+0xed64,BRANCH
0x000b0cc4,__cxa_demangle,0x00132d28,realloc@plt,DIRECT_CALL
0x000b0cd4,__cxa_demangle,N/A,"x8, 0x55000",ADRP_PAGE_REF
0x000b0d20,__cxa_demangle,0x00132c80,abort@plt,DIRECT_CALL
0x000b0d24,__cxa_demangle,0x00132c80,abort@plt,DIRECT_CALL
0x000b0d28,__cxa_demangle,0x00132c80,abort@plt,DIRECT_CALL
0x000b0d30,__cxa_demangle,0x0012e82c,__emutls_get_address+0xd50,DIRECT_CALL
0x000b0d38,__cxa_demangle,0x0012e82c,__emutls_get_address+0xd50,DIRECT_CALL
0x000b0d68,__cxa_demangle,N/A,x8,INDIRECT_CALL
0x000b0d78,__cxa_demangle,0x000b0d90,__cxa_demangle+0xee20,BRANCH
0x000b0d8c,__cxa_demangle,N/A,x8,INDIRECT_CALL
0x000b0da8,__cxa_demangle,0x000b0dd0,__cxa_demangle+0xee60,BRANCH
0x000b0dc0,__cxa_demangle,0x00132d28,realloc@plt,DIRECT_CALL
0x000b0dd0,__cxa_demangle,N/A,"x9, 0x56000",ADRP_PAGE_REF
0x000b0e0c,__cxa_demangle,N/A,x8,INDIRECT_CALL
0x000b0e1c,__cxa_demangle,0x000b0e34,__cxa_demangle+0xeec4,BRANCH
0x000b0e58,__cxa_demangle,0x00132c80,abort@plt,DIRECT_CALL
0x000b0e60,__cxa_demangle,0x001329f8,_ZdlPv@plt,BRANCH
0x000b0e84,__cxa_demangle,N/A,x8,INDIRECT_CALL
0x000b0e98,__cxa_demangle,0x000b0ec0,__cxa_demangle+0xef50,BRANCH
0x000b0eb0,__cxa_demangle,0x00132d28,realloc@plt,DIRECT_CALL
0x000b0ef0,__cxa_demangle,0x00132c80,abort@plt,DIRECT_CALL
0x000b0f0c,__cxa_demangle,0x001329f8,_ZdlPv@plt,BRANCH
0x000b0f3c,__cxa_demangle,0x000b0f6c,__cxa_demangle+0xeffc,BRANCH
0x000b0f58,__cxa_demangle,0x00132d28,realloc@plt,DIRECT_CALL
0x000b0fb0,__cxa_demangle,0x000b0fd8,__cxa_demangle+0xf068,BRANCH
0x000b0fc8,__cxa_demangle,0x00132d28,realloc@plt,DIRECT_CALL
0x000b0fe4,__cxa_demangle,0x00132d70,memcpy@plt,DIRECT_CALL
0x000b1004,__cxa_demangle,0x000b102c,__cxa_demangle+0xf0bc,BRANCH
0x000b101c,__cxa_demangle,0x00132d28,realloc@plt,DIRECT_CALL
0x000b1058,__cxa_demangle,0x000b1070,__cxa_demangle+0xf100,BRANCH
0x000b105c,__cxa_demangle,0x00132c80,abort@plt,DIRECT_CALL
0x000b1060,__cxa_demangle,0x00132c80,abort@plt,DIRECT_CALL
0x000b1064,__cxa_demangle,0x00132c80,abort@plt,DIRECT_CALL
0x000b106c,__cxa_demangle,0x001329f8,_ZdlPv@plt,BRANCH
0x000b10b4,__cxa_demangle,0x000b10dc,__cxa_demangle+0xf16c,BRANCH
0x000b10cc,__cxa_demangle,0x00132d28,realloc@plt,DIRECT_CALL
0x000b1104,__cxa_demangle,0x000b111c,__cxa_demangle+0xf1ac,BRANCH
0x000b1118,__cxa_demangle,0x000b11b0,__cxa_demangle+0xf240,BRANCH
0x000b1134,__cxa_demangle,0x000b1160,__cxa_demangle+0xf1f0,BRANCH
0x000b114c,__cxa_demangle,0x00132d28,realloc@plt,DIRECT_CALL
0x000b115c,__cxa_demangle,0x000b1164,__cxa_demangle+0xf1f4,BRANCH
0x000b1188,__cxa_demangle,0x000acde4,__cxa_demangle+0xae74,DIRECT_CALL
0x000b1194,__cxa_demangle,0x000b1108,__cxa_demangle+0xf198,BRANCH
0x000b11ac,__cxa_demangle,0x000b111c,__cxa_demangle+0xf1ac,BRANCH
0x000b11c0,__cxa_demangle,0x000b11e8,__cxa_demangle+0xf278,BRANCH
0x000b11d8,__cxa_demangle,0x00132d28,realloc@plt,DIRECT_CALL
0x000b1208,__cxa_demangle,N/A,"x22, 0x56000",ADRP_PAGE_REF
0x000b1224,__cxa_demangle,0x000b124c,__cxa_demangle+0xf2dc,BRANCH
0x000b123c,__cxa_demangle,0x00132d28,realloc@plt,DIRECT_CALL
0x000b1280,__cxa_demangle,N/A,x8,INDIRECT_CALL
0x000b1290,__cxa_demangle,0x000b12a8,__cxa_demangle+0xf338,BRANCH
0x000b12a4,__cxa_demangle,N/A,x8,INDIRECT_CALL
0x000b12b8,__cxa_demangle,0x000b12e0,__cxa_demangle+0xf370,BRANCH
0x000b12d0,__cxa_demangle,0x00132d28,realloc@plt,DIRECT_CALL
0x000b1310,__cxa_demangle,0x000b133c,__cxa_demangle+0xf3cc,BRANCH
0x000b1328,__cxa_demangle,0x00132d28,realloc@plt,DIRECT_CALL
0x000b1360,__cxa_demangle,0x000b1378,__cxa_demangle+0xf408,BRANCH
0x000b1374,__cxa_demangle,0x000b140c,__cxa_demangle+0xf49c,BRANCH
0x000b1390,__cxa_demangle,0x000b13bc,__cxa_demangle+0xf44c,BRANCH
0x000b13a8,__cxa_demangle,0x00132d28,realloc@plt,DIRECT_CALL
0x000b13b8,__cxa_demangle,0x000b13c0,__cxa_demangle+0xf450,BRANCH
0x000b13e4,__cxa_demangle,0x000acde4,__cxa_demangle+0xae74,DIRECT_CALL
0x000b13f0,__cxa_demangle,0x000b1364,__cxa_demangle+0xf3f4,BRANCH
0x000b1408,__cxa_demangle,0x000b1378,__cxa_demangle+0xf408,BRANCH
0x000b1428,__cxa_demangle,0x000b1454,__cxa_demangle+0xf4e4,BRANCH
0x000b1440,__cxa_demangle,0x00132d28,realloc@plt,DIRECT_CALL
0x000b1478,__cxa_demangle,0x000b14a0,__cxa_demangle+0xf530,BRANCH
0x000b1490,__cxa_demangle,0x00132d28,realloc@plt,DIRECT_CALL
0x000b14d4,__cxa_demangle,N/A,x8,INDIRECT_CALL
0x000b14e4,__cxa_demangle,0x000b1504,__cxa_demangle+0xf594,BRANCH
0x000b1530,__cxa_demangle,0x00132c80,abort@plt,DIRECT_CALL
0x000b1534,__cxa_demangle,0x00132c80,abort@plt,DIRECT_CALL
0x000b1538,__cxa_demangle,0x00132c80,abort@plt,DIRECT_CALL
0x000b153c,__cxa_demangle,0x00132c80,abort@plt,DIRECT_CALL
0x000b1540,__cxa_demangle,0x00132c80,abort@plt,DIRECT_CALL
0x000b1544,__cxa_demangle,0x00132c80,abort@plt,DIRECT_CALL
0x000b1548,__cxa_demangle,0x00132c80,abort@plt,DIRECT_CALL
0x000b154c,__cxa_demangle,0x00132c80,abort@plt,DIRECT_CALL
0x000b1550,__cxa_demangle,0x00132c80,abort@plt,DIRECT_CALL
0x000b1558,__cxa_demangle,0x0012e82c,__emutls_get_address+0xd50,DIRECT_CALL
0x000b1560,__cxa_demangle,0x0012e82c,__emutls_get_address+0xd50,DIRECT_CALL
0x000b158c,__cxa_demangle,0x000b15bc,__cxa_demangle+0xf64c,BRANCH
0x000b15a8,__cxa_demangle,0x00132d28,realloc@plt,DIRECT_CALL
0x000b15dc,__cxa_demangle,0x000b15ec,__cxa_demangle+0xf67c,BRANCH
0x000b15e4,__cxa_demangle,0x000b1070,__cxa_demangle+0xf100,DIRECT_CALL
0x000b15fc,__cxa_demangle,0x000b1624,__cxa_demangle+0xf6b4,BRANCH
0x000b1614,__cxa_demangle,0x00132d28,realloc@plt,DIRECT_CALL
0x000b1658,__cxa_demangle,0x00132c80,abort@plt,DIRECT_CALL
0x000b165c,__cxa_demangle,0x00132c80,abort@plt,DIRECT_CALL
0x000b1664,__cxa_demangle,0x001329f8,_ZdlPv@plt,BRANCH
0x000b16a0,__cxa_demangle,0x000b16cc,__cxa_demangle+0xf75c,BRANCH
0x000b16b8,__cxa_demangle,0x00132d28,realloc@plt,DIRECT_CALL
0x000b16ec,__cxa_demangle,N/A,x8,INDIRECT_CALL
0x000b16fc,__cxa_demangle,0x000b1714,__cxa_demangle+0xf7a4,BRANCH
0x000b1710,__cxa_demangle,N/A,x8,INDIRECT_CALL
0x000b1730,__cxa_demangle,0x000b175c,__cxa_demangle+0xf7ec,BRANCH
0x000b1748,__cxa_demangle,0x00132d28,realloc@plt,DIRECT_CALL
0x000b1774,__cxa_demangle,0x000b1814,__cxa_demangle+0xf8a4,BRANCH
0x000b1788,__cxa_demangle,0x000b17b4,__cxa_demangle+0xf844,BRANCH
0x000b17a0,__cxa_demangle,0x00132d28,realloc@plt,DIRECT_CALL
0x000b17c8,__cxa_demangle,0x000b1870,__cxa_demangle+0xf900,BRANCH
0x000b17e0,__cxa_demangle,0x000b1808,__cxa_demangle+0xf898,BRANCH
0x000b17f8,__cxa_demangle,0x00132d28,realloc@plt,DIRECT_CALL
0x000b1810,__cxa_demangle,0x000b185c,__cxa_demangle+0xf8ec,BRANCH
0x000b182c,__cxa_demangle,0x000b1854,__cxa_demangle+0xf8e4,BRANCH
0x000b1844,__cxa_demangle,0x00132d28,realloc@plt,DIRECT_CALL
0x000b1860,__cxa_demangle,0x00132d70,memcpy@plt,DIRECT_CALL
0x000b1884,__cxa_demangle,0x00132c80,abort@plt,DIRECT_CALL
0x000b1888,__cxa_demangle,0x00132c80,abort@plt,DIRECT_CALL
0x000b188c,__cxa_demangle,0x00132c80,abort@plt,DIRECT_CALL
0x000b1890,__cxa_demangle,0x00132c80,abort@plt,DIRECT_CALL
0x000b1894,__cxa_demangle,0x00132c80,abort@plt,DIRECT_CALL
0x000b189c,__cxa_demangle,0x001329f8,_ZdlPv@plt,BRANCH
0x000b18c8,__cxa_demangle,0x000b18ec,__cxa_demangle+0xf97c,BRANCH
0x000b18d4,__cxa_demangle,0x00132d10,malloc@plt,DIRECT_CALL
0x000b18f4,__cxa_demangle,N/A,"x8, 0x13b000 <vtable for __cxxabiv1::__pointer_to_member_type_info+0xdd0>",ADRP_PAGE_REF
0x000b193c,__cxa_demangle,0x00132800,_ZSt9terminatev@plt,DIRECT_CALL
0x000b196c,__cxa_demangle,0x000b199c,__cxa_demangle+0xfa2c,BRANCH
0x000b1988,__cxa_demangle,0x00132d28,realloc@plt,DIRECT_CALL
0x000b19cc,__cxa_demangle,0x000b19f4,__cxa_demangle+0xfa84,BRANCH
0x000b19e4,__cxa_demangle,0x00132d28,realloc@plt,DIRECT_CALL
0x000b1a00,__cxa_demangle,0x00132d70,memcpy@plt,DIRECT_CALL
0x000b1a24,__cxa_demangle,0x00132c80,abort@plt,DIRECT_CALL
0x000b1a28,__cxa_demangle,0x00132c80,abort@plt,DIRECT_CALL
0x000b1a30,__cxa_demangle,0x001329f8,_ZdlPv@plt,BRANCH
0x000b1a74,__cxa_demangle,0x000b1aa0,__cxa_demangle+0xfb30,BRANCH
0x000b1a8c,__cxa_demangle,0x00132d28,realloc@plt,DIRECT_CALL
0x000b1acc,__cxa_demangle,0x000b1c10,__cxa_demangle+0xfca0,BRANCH
0x000b1ad0,__cxa_demangle,0x000b1c34,__cxa_demangle+0xfcc4,BRANCH
0x000b1ae4,__cxa_demangle,0x000acde4,__cxa_demangle+0xae74,DIRECT_CALL
0x000b1af8,__cxa_demangle,0x000b1b1c,__cxa_demangle+0xfbac,BRANCH
0x000b1afc,__cxa_demangle,0x000b1b40,__cxa_demangle+0xfbd0,BRANCH
0x000b1b04,__cxa_demangle,0x000b1e1c,__cxa_demangle+0xfeac,DIRECT_CALL
0x000b1b18,__cxa_demangle,0x000b1b40,__cxa_demangle+0xfbd0,BRANCH
0x000b1b30,__cxa_demangle,0x00132d28,realloc@plt,DIRECT_CALL
0x000b1b70,__cxa_demangle,0x000b1b98,__cxa_demangle+0xfc28,BRANCH
0x000b1b88,__cxa_demangle,0x00132d28,realloc@plt,DIRECT_CALL
0x000b1ba4,__cxa_demangle,0x00132d70,memcpy@plt,DIRECT_CALL
0x000b1bc4,__cxa_demangle,0x000b1bec,__cxa_demangle+0xfc7c,BRANCH
0x000b1bdc,__cxa_demangle,0x00132d28,realloc@plt,DIRECT_CALL
0x000b1c0c,__cxa_demangle,0x000b1c34,__cxa_demangle+0xfcc4,BRANCH
0x000b1c24,__cxa_demangle,0x00132d28,realloc@plt,DIRECT_CALL
0x000b1c74,__cxa_demangle,0x000b1c9c,__cxa_demangle+0xfd2c,BRANCH
0x000b1c8c,__cxa_demangle,0x00132d28,realloc@plt,DIRECT_CALL
0x000b1ccc,__cxa_demangle,0x000b1cf4,__cxa_demangle+0xfd84,BRANCH
0x000b1ce4,__cxa_demangle,0x00132d28,realloc@plt,DIRECT_CALL
0x000b1d00,__cxa_demangle,0x00132d70,memcpy@plt,DIRECT_CALL
0x000b1d20,__cxa_demangle,0x000b1d48,__cxa_demangle+0xfdd8,BRANCH
0x000b1d38,__cxa_demangle,0x00132d28,realloc@plt,DIRECT_CALL
0x000b1d68,__cxa_demangle,0x000b1e1c,__cxa_demangle+0xfeac,DIRECT_CALL
0x000b1d6c,__cxa_demangle,0x000b1d84,__cxa_demangle+0xfe14,BRANCH
0x000b1d80,__cxa_demangle,0x000acde4,__cxa_demangle+0xae74,DIRECT_CALL
0x000b1da0,__cxa_demangle,0x000b1dcc,__cxa_demangle+0xfe5c,BRANCH
0x000b1db8,__cxa_demangle,0x00132d28,realloc@plt,DIRECT_CALL
0x000b1df0,__cxa_demangle,0x00132c80,abort@plt,DIRECT_CALL
0x000b1df4,__cxa_demangle,0x00132c80,abort@plt,DIRECT_CALL
0x000b1df8,__cxa_demangle,0x00132c80,abort@plt,DIRECT_CALL
0x000b1dfc,__cxa_demangle,0x00132c80,abort@plt,DIRECT_CALL
0x000b1e00,__cxa_demangle,0x00132c80,abort@plt,DIRECT_CALL
0x000b1e04,__cxa_demangle,0x00132c80,abort@plt,DIRECT_CALL
0x000b1e08,__cxa_demangle,0x00132c80,abort@plt,DIRECT_CALL
0x000b1e0c,__cxa_demangle,0x00132c80,abort@plt,DIRECT_CALL
0x000b1e10,__cxa_demangle,0x00132c80,abort@plt,DIRECT_CALL
0x000b1e18,__cxa_demangle,0x001329f8,_ZdlPv@plt,BRANCH
0x000b1e5c,__cxa_demangle,0x000b1e88,__cxa_demangle+0xff18,BRANCH
0x000b1e74,__cxa_demangle,0x00132d28,realloc@plt,DIRECT_CALL
0x000b1eb0,__cxa_demangle,N/A,"x8, 0x13b000 <vtable for __cxxabiv1::__pointer_to_member_type_info+0xdd0>",ADRP_PAGE_REF
0x000b1ec0,__cxa_demangle,0x000b1f3c,__cxa_demangle+0xffcc,DIRECT_CALL
0x000b1ee4,__cxa_demangle,0x000b1f10,__cxa_demangle+0xffa0,BRANCH
0x000b1efc,__cxa_demangle,0x00132d28,realloc@plt,DIRECT_CALL
0x000b1f34,__cxa_demangle,0x00132c80,abort@plt,DIRECT_CALL
0x000b1f38,__cxa_demangle,0x00132c80,abort@plt,DIRECT_CALL
0x000b1f80,__cxa_demangle,N/A,x8,INDIRECT_CALL
0x000b1f90,__cxa_demangle,0x000b1fa8,__cxa_demangle+0x10038,BRANCH
0x000b1fa4,__cxa_demangle,N/A,x8,INDIRECT_CALL
0x000b1fb0,__cxa_demangle,0x000b2064,__cxa_demangle+0x100f4,BRANCH
0x000b1fbc,__cxa_demangle,0x000b20bc,__cxa_demangle+0x1014c,BRANCH
0x000b1fc8,__cxa_demangle,0x000b1fd8,__cxa_demangle+0x10068,BRANCH
0x000b1fd4,__cxa_demangle,0x000b20bc,__cxa_demangle+0x1014c,BRANCH
0x000b1fe8,__cxa_demangle,0x000b2010,__cxa_demangle+0x100a0,BRANCH
0x000b2000,__cxa_demangle,0x00132d28,realloc@plt,DIRECT_CALL
0x000b2038,__cxa_demangle,N/A,x8,INDIRECT_CALL
0x000b2048,__cxa_demangle,0x000b1fcc,__cxa_demangle+0x1005c,BRANCH
0x000b205c,__cxa_demangle,N/A,x8,INDIRECT_CALL
0x000b2060,__cxa_demangle,0x000b1fcc,__cxa_demangle+0x1005c,BRANCH
0x000b2074,__cxa_demangle,0x000b209c,__cxa_demangle+0x1012c,BRANCH
0x000b208c,__cxa_demangle,0x00132d28,realloc@plt,DIRECT_CALL
0x000b20dc,__cxa_demangle,0x00132c80,abort@plt,DIRECT_CALL
0x000b20e0,__cxa_demangle,0x00132c80,abort@plt,DIRECT_CALL
0x000b20e8,__cxa_demangle,0x0012e82c,__emutls_get_address+0xd50,DIRECT_CALL
0x000b20f0,__cxa_demangle,0x0012e82c,__emutls_get_address+0xd50,DIRECT_CALL
0x000b20f8,__cxa_demangle,0x0012e82c,__emutls_get_address+0xd50,DIRECT_CALL
0x000b2100,__cxa_demangle,0x001329f8,_ZdlPv@plt,BRANCH
0x000b2138,__cxa_demangle,0x000b2164,__cxa_demangle+0x101f4,BRANCH
0x000b2150,__cxa_demangle,0x00132d28,realloc@plt,DIRECT_CALL
0x000b2184,__cxa_demangle,N/A,x8,INDIRECT_CALL
0x000b2194,__cxa_demangle,0x000b21ac,__cxa_demangle+0x1023c,BRANCH
0x000b21a8,__cxa_demangle,N/A,x8,INDIRECT_CALL
0x000b21bc,__cxa_demangle,0x000b21e8,__cxa_demangle+0x10278,BRANCH
0x000b21d4,__cxa_demangle,0x00132d28,realloc@plt,DIRECT_CALL
0x000b21f4,__cxa_demangle,0x000b226c,__cxa_demangle+0x102fc,BRANCH
0x000b21f8,__cxa_demangle,0x000b2224,__cxa_demangle+0x102b4,BRANCH
0x000b2210,__cxa_demangle,0x00132d28,realloc@plt,DIRECT_CALL
0x000b2244,__cxa_demangle,N/A,x8,INDIRECT_CALL
0x000b2254,__cxa_demangle,0x000b226c,__cxa_demangle+0x102fc,BRANCH
0x000b2268,__cxa_demangle,N/A,x8,INDIRECT_CALL
0x000b227c,__cxa_demangle,0x000b22dc,__cxa_demangle+0x1036c,BRANCH
0x000b2290,__cxa_demangle,0x000b22b8,__cxa_demangle+0x10348,BRANCH
0x000b22a8,__cxa_demangle,0x00132d28,realloc@plt,DIRECT_CALL
0x000b22ec,__cxa_demangle,N/A,x8,INDIRECT_CALL
0x000b22fc,__cxa_demangle,0x000b2314,__cxa_demangle+0x103a4,BRANCH
0x000b2338,__cxa_demangle,0x00132c80,abort@plt,DIRECT_CALL
0x000b233c,__cxa_demangle,0x00132c80,abort@plt,DIRECT_CALL
0x000b2340,__cxa_demangle,0x00132c80,abort@plt,DIRECT_CALL
0x000b2344,__cxa_demangle,0x00132c80,abort@plt,DIRECT_CALL
0x000b234c,__cxa_demangle,0x001329f8,_ZdlPv@plt,BRANCH
0x000b237c,__cxa_demangle,0x000b23b0,__cxa_demangle+0x10440,BRANCH
0x000b2398,__cxa_demangle,0x00132d28,realloc@plt,DIRECT_CALL
0x000b23d0,__cxa_demangle,N/A,x8,INDIRECT_CALL
0x000b23e0,__cxa_demangle,0x000b23f8,__cxa_demangle+0x10488,BRANCH
0x000b23f4,__cxa_demangle,N/A,x8,INDIRECT_CALL
0x000b2408,__cxa_demangle,0x000b2430,__cxa_demangle+0x104c0,BRANCH
0x000b2420,__cxa_demangle,0x00132d28,realloc@plt,DIRECT_CALL
0x000b2468,__cxa_demangle,N/A,x8,INDIRECT_CALL
0x000b2478,__cxa_demangle,0x000b2490,__cxa_demangle+0x10520,BRANCH
0x000b248c,__cxa_demangle,N/A,x8,INDIRECT_CALL
0x000b24a0,__cxa_demangle,0x000b24cc,__cxa_demangle+0x1055c,BRANCH
0x000b24b8,__cxa_demangle,0x00132d28,realloc@plt,DIRECT_CALL
0x000b24e8,__cxa_demangle,0x000b2548,__cxa_demangle+0x105d8,BRANCH
0x000b24fc,__cxa_demangle,0x000b2524,__cxa_demangle+0x105b4,BRANCH
0x000b2514,__cxa_demangle,0x00132d28,realloc@plt,DIRECT_CALL
0x000b2558,__cxa_demangle,N/A,x8,INDIRECT_CALL
0x000b2568,__cxa_demangle,0x000b2580,__cxa_demangle+0x10610,BRANCH
0x000b25a4,__cxa_demangle,0x00132c80,abort@plt,DIRECT_CALL
0x000b25a8,__cxa_demangle,0x00132c80,abort@plt,DIRECT_CALL
0x000b25ac,__cxa_demangle,0x00132c80,abort@plt,DIRECT_CALL
0x000b25b0,__cxa_demangle,0x00132c80,abort@plt,DIRECT_CALL
0x000b25b8,__cxa_demangle,0x001329f8,_ZdlPv@plt,BRANCH
0x000b25f8,__cxa_demangle,N/A,x8,INDIRECT_CALL
0x000b2608,__cxa_demangle,0x000b2620,__cxa_demangle+0x106b0,BRANCH
0x000b261c,__cxa_demangle,N/A,x8,INDIRECT_CALL
0x000b2630,__cxa_demangle,0x000b265c,__cxa_demangle+0x106ec,BRANCH
0x000b2648,__cxa_demangle,0x00132d28,realloc@plt,DIRECT_CALL
0x000b2680,__cxa_demangle,0x000b2698,__cxa_demangle+0x10728,BRANCH
0x000b2694,__cxa_demangle,0x000b272c,__cxa_demangle+0x107bc,BRANCH
0x000b26b0,__cxa_demangle,0x000b26dc,__cxa_demangle+0x1076c,BRANCH
0x000b26c8,__cxa_demangle,0x00132d28,realloc@plt,DIRECT_CALL
0x000b26d8,__cxa_demangle,0x000b26e0,__cxa_demangle+0x10770,BRANCH
0x000b2704,__cxa_demangle,0x000acde4,__cxa_demangle+0xae74,DIRECT_CALL
0x000b2710,__cxa_demangle,0x000b2684,__cxa_demangle+0x10714,BRANCH
0x000b2728,__cxa_demangle,0x000b2698,__cxa_demangle+0x10728,BRANCH
0x000b273c,__cxa_demangle,0x000b2768,__cxa_demangle+0x107f8,BRANCH
0x000b2754,__cxa_demangle,0x00132d28,realloc@plt,DIRECT_CALL
0x000b2790,__cxa_demangle,0x00132c80,abort@plt,DIRECT_CALL
0x000b2794,__cxa_demangle,0x00132c80,abort@plt,DIRECT_CALL
0x000b2798,__cxa_demangle,0x00132c80,abort@plt,DIRECT_CALL
0x000b27a0,__cxa_demangle,0x001329f8,_ZdlPv@plt,BRANCH
0x000b27dc,__cxa_demangle,0x000b2808,__cxa_demangle+0x10898,BRANCH
0x000b27f4,__cxa_demangle,0x00132d28,realloc@plt,DIRECT_CALL
0x000b2828,__cxa_demangle,N/A,x8,INDIRECT_CALL
0x000b2838,__cxa_demangle,0x000b2850,__cxa_demangle+0x108e0,BRANCH
0x000b284c,__cxa_demangle,N/A,x8,INDIRECT_CALL
0x000b286c,__cxa_demangle,0x000b2898,__cxa_demangle+0x10928,BRANCH
0x000b2884,__cxa_demangle,0x00132d28,realloc@plt,DIRECT_CALL
0x000b28c0,__cxa_demangle,0x000b28ec,__cxa_demangle+0x1097c,BRANCH
0x000b28d8,__cxa_demangle,0x00132d28,realloc@plt,DIRECT_CALL
0x000b290c,__cxa_demangle,N/A,x8,INDIRECT_CALL
0x000b291c,__cxa_demangle,0x000b2934,__cxa_demangle+0x109c4,BRANCH
0x000b2930,__cxa_demangle,N/A,x8,INDIRECT_CALL
0x000b2950,__cxa_demangle,0x000b297c,__cxa_demangle+0x10a0c,BRANCH
0x000b2968,__cxa_demangle,0x00132d28,realloc@plt,DIRECT_CALL
0x000b299c,__cxa_demangle,0x00132c80,abort@plt,DIRECT_CALL
0x000b29a0,__cxa_demangle,0x00132c80,abort@plt,DIRECT_CALL
0x000b29a4,__cxa_demangle,0x00132c80,abort@plt,DIRECT_CALL
0x000b29a8,__cxa_demangle,0x00132c80,abort@plt,DIRECT_CALL
0x000b29b0,__cxa_demangle,0x001329f8,_ZdlPv@plt,BRANCH
0x000b29e0,__cxa_demangle,0x000b2a10,__cxa_demangle+0x10aa0,BRANCH
0x000b29fc,__cxa_demangle,0x00132d28,realloc@plt,DIRECT_CALL
0x000b2a50,__cxa_demangle,0x000b2a7c,__cxa_demangle+0x10b0c,BRANCH
0x000b2a68,__cxa_demangle,0x00132d28,realloc@plt,DIRECT_CALL
0x000b2a9c,__cxa_demangle,N/A,x8,INDIRECT_CALL
0x000b2aac,__cxa_demangle,0x000b2ac4,__cxa_demangle+0x10b54,BRANCH
0x000b2ac0,__cxa_demangle,N/A,x8,INDIRECT_CALL
0x000b2af0,__cxa_demangle,0x000b2b1c,__cxa_demangle+0x10bac,BRANCH
0x000b2b08,__cxa_demangle,0x00132d28,realloc@plt,DIRECT_CALL
0x000b2b40,__cxa_demangle,0x000b2b68,__cxa_demangle+0x10bf8,BRANCH
0x000b2b58,__cxa_demangle,0x00132d28,realloc@plt,DIRECT_CALL
0x000b2b68,__cxa_demangle,N/A,"x9, 0x55000",ADRP_PAGE_REF
0x000b2ba8,__cxa_demangle,0x000b2bd0,__cxa_demangle+0x10c60,BRANCH
0x000b2bc0,__cxa_demangle,0x00132d28,realloc@plt,DIRECT_CALL
0x000b2bfc,__cxa_demangle,N/A,x8,INDIRECT_CALL
0x000b2c0c,__cxa_demangle,0x000b2c24,__cxa_demangle+0x10cb4,BRANCH
0x000b2c20,__cxa_demangle,N/A,x8,INDIRECT_CALL
0x000b2c34,__cxa_demangle,0x000b2c60,__cxa_demangle+0x10cf0,BRANCH
0x000b2c4c,__cxa_demangle,0x00132d28,realloc@plt,DIRECT_CALL
0x000b2c80,__cxa_demangle,0x00132c80,abort@plt,DIRECT_CALL
0x000b2c84,__cxa_demangle,0x00132c80,abort@plt,DIRECT_CALL
0x000b2c88,__cxa_demangle,0x00132c80,abort@plt,DIRECT_CALL
0x000b2c8c,__cxa_demangle,0x00132c80,abort@plt,DIRECT_CALL
0x000b2c90,__cxa_demangle,0x00132c80,abort@plt,DIRECT_CALL
0x000b2c94,__cxa_demangle,0x00132c80,abort@plt,DIRECT_CALL
0x000b2c9c,__cxa_demangle,0x001329f8,_ZdlPv@plt,BRANCH
0x000b2cc8,__cxa_demangle,0x000b2cf8,__cxa_demangle+0x10d88,BRANCH
0x000b2ce4,__cxa_demangle,0x00132d28,realloc@plt,DIRECT_CALL
0x000b2cf8,__cxa_demangle,N/A,"x10, 0x56000",ADRP_PAGE_REF
0x000b2d34,__cxa_demangle,N/A,x8,INDIRECT_CALL
0x000b2d44,__cxa_demangle,0x000b2d5c,__cxa_demangle+0x10dec,BRANCH
0x000b2d58,__cxa_demangle,N/A,x8,INDIRECT_CALL
0x000b2d6c,__cxa_demangle,0x000b2d98,__cxa_demangle+0x10e28,BRANCH
0x000b2d84,__cxa_demangle,0x00132d28,realloc@plt,DIRECT_CALL
0x000b2db4,__cxa_demangle,0x00132c80,abort@plt,DIRECT_CALL
0x000b2db8,__cxa_demangle,0x00132c80,abort@plt,DIRECT_CALL
0x000b2dc0,__cxa_demangle,0x001329f8,_ZdlPv@plt,BRANCH
0x000b2dec,__cxa_demangle,0x000b2e1c,__cxa_demangle+0x10eac,BRANCH
0x000b2e08,__cxa_demangle,0x00132d28,realloc@plt,DIRECT_CALL
0x000b2e1c,__cxa_demangle,N/A,"x10, 0x56000",ADRP_PAGE_REF
0x000b2e58,__cxa_demangle,N/A,x8,INDIRECT_CALL
0x000b2e68,__cxa_demangle,0x000b2e80,__cxa_demangle+0x10f10,BRANCH
0x000b2e7c,__cxa_demangle,N/A,x8,INDIRECT_CALL
0x000b2e90,__cxa_demangle,0x000b2ebc,__cxa_demangle+0x10f4c,BRANCH
0x000b2ea8,__cxa_demangle,0x00132d28,realloc@plt,DIRECT_CALL
0x000b2ed8,__cxa_demangle,0x00132c80,abort@plt,DIRECT_CALL
0x000b2edc,__cxa_demangle,0x00132c80,abort@plt,DIRECT_CALL
0x000b2ee4,__cxa_demangle,0x001329f8,_ZdlPv@plt,BRANCH
0x000b2f1c,__cxa_demangle,0x000b2f4c,__cxa_demangle+0x10fdc,BRANCH
0x000b2f38,__cxa_demangle,0x00132d28,realloc@plt,DIRECT_CALL
0x000b2f84,__cxa_demangle,0x000b2fb0,__cxa_demangle+0x11040,BRANCH
0x000b2f9c,__cxa_demangle,0x00132d28,realloc@plt,DIRECT_CALL
0x000b2fd8,__cxa_demangle,0x000b3004,__cxa_demangle+0x11094,BRANCH
0x000b2ff0,__cxa_demangle,0x00132d28,realloc@plt,DIRECT_CALL
0x000b3028,__cxa_demangle,0x000b3040,__cxa_demangle+0x110d0,BRANCH
0x000b303c,__cxa_demangle,0x000b30d4,__cxa_demangle+0x11164,BRANCH
0x000b3058,__cxa_demangle,0x000b3084,__cxa_demangle+0x11114,BRANCH
0x000b3070,__cxa_demangle,0x00132d28,realloc@plt,DIRECT_CALL
0x000b3080,__cxa_demangle,0x000b3088,__cxa_demangle+0x11118,BRANCH
0x000b30ac,__cxa_demangle,0x000acde4,__cxa_demangle+0xae74,DIRECT_CALL
0x000b30b8,__cxa_demangle,0x000b302c,__cxa_demangle+0x110bc,BRANCH
0x000b30d0,__cxa_demangle,0x000b3040,__cxa_demangle+0x110d0,BRANCH
0x000b30f0,__cxa_demangle,0x000b311c,__cxa_demangle+0x111ac,BRANCH
0x000b3108,__cxa_demangle,0x00132d28,realloc@plt,DIRECT_CALL
0x000b313c,__cxa_demangle,0x000b3168,__cxa_demangle+0x111f8,BRANCH
0x000b3154,__cxa_demangle,0x00132d28,realloc@plt,DIRECT_CALL
0x000b3190,__cxa_demangle,0x000b31bc,__cxa_demangle+0x1124c,BRANCH
0x000b31a8,__cxa_demangle,0x00132d28,realloc@plt,DIRECT_CALL
0x000b31d8,__cxa_demangle,0x000b31e8,__cxa_demangle+0x11278,BRANCH
0x000b31e4,__cxa_demangle,0x000b3228,__cxa_demangle+0x112b8,BRANCH
0x000b31fc,__cxa_demangle,N/A,x8,INDIRECT_CALL
0x000b320c,__cxa_demangle,0x000b31dc,__cxa_demangle+0x1126c,BRANCH
0x000b3220,__cxa_demangle,N/A,x8,INDIRECT_CALL
0x000b3224,__cxa_demangle,0x000b31dc,__cxa_demangle+0x1126c,BRANCH
0x000b3238,__cxa_demangle,0x000b3264,__cxa_demangle+0x112f4,BRANCH
0x000b3250,__cxa_demangle,0x00132d28,realloc@plt,DIRECT_CALL
0x000b328c,__cxa_demangle,0x000b32b8,__cxa_demangle+0x11348,BRANCH
0x000b32a4,__cxa_demangle,0x00132d28,realloc@plt,DIRECT_CALL
0x000b32e0,__cxa_demangle,0x00132c80,abort@plt,DIRECT_CALL
0x000b32e4,__cxa_demangle,0x00132c80,abort@plt,DIRECT_CALL
0x000b32e8,__cxa_demangle,0x00132c80,abort@plt,DIRECT_CALL
0x000b32ec,__cxa_demangle,0x00132c80,abort@plt,DIRECT_CALL
0x000b32f0,__cxa_demangle,0x00132c80,abort@plt,DIRECT_CALL
0x000b32f4,__cxa_demangle,0x00132c80,abort@plt,DIRECT_CALL
0x000b32f8,__cxa_demangle,0x00132c80,abort@plt,DIRECT_CALL
0x000b32fc,__cxa_demangle,0x00132c80,abort@plt,DIRECT_CALL
0x000b3300,__cxa_demangle,0x00132c80,abort@plt,DIRECT_CALL
0x000b3308,__cxa_demangle,0x001329f8,_ZdlPv@plt,BRANCH
0x000b3338,__cxa_demangle,N/A,x8,INDIRECT_CALL
0x000b3348,__cxa_demangle,0x000b3360,__cxa_demangle+0x113f0,BRANCH
0x000b335c,__cxa_demangle,N/A,x8,INDIRECT_CALL
0x000b3370,__cxa_demangle,0x000b3398,__cxa_demangle+0x11428,BRANCH
0x000b3388,__cxa_demangle,0x00132d28,realloc@plt,DIRECT_CALL
0x000b33c0,__cxa_demangle,N/A,x8,INDIRECT_CALL
0x000b33d0,__cxa_demangle,0x000b33e8,__cxa_demangle+0x11478,BRANCH
0x000b33e4,__cxa_demangle,N/A,x8,INDIRECT_CALL
0x000b33f8,__cxa_demangle,0x000b3420,__cxa_demangle+0x114b0,BRANCH
0x000b3410,__cxa_demangle,0x00132d28,realloc@plt,DIRECT_CALL
0x000b3420,__cxa_demangle,N/A,"x9, 0x56000",ADRP_PAGE_REF
0x000b3468,__cxa_demangle,0x000b354c,__cxa_demangle+0x115dc,BRANCH
0x000b3474,__cxa_demangle,0x000b349c,__cxa_demangle+0x1152c,BRANCH
0x000b348c,__cxa_demangle,0x00132d28,realloc@plt,DIRECT_CALL
0x000b34b8,__cxa_demangle,0x000b3598,__cxa_demangle+0x11628,BRANCH
0x000b34d0,__cxa_demangle,0x000b34f8,__cxa_demangle+0x11588,BRANCH
0x000b34e8,__cxa_demangle,0x00132d28,realloc@plt,DIRECT_CALL
0x000b3500,__cxa_demangle,0x000b3584,__cxa_demangle+0x11614,BRANCH
0x000b3514,__cxa_demangle,0x000b353c,__cxa_demangle+0x115cc,BRANCH
0x000b352c,__cxa_demangle,0x00132d28,realloc@plt,DIRECT_CALL
0x000b3548,__cxa_demangle,0x000b358c,__cxa_demangle+0x1161c,BRANCH
0x000b3554,__cxa_demangle,0x000b357c,__cxa_demangle+0x1160c,BRANCH
0x000b356c,__cxa_demangle,0x00132d28,realloc@plt,DIRECT_CALL
0x000b3588,__cxa_demangle,0x00132d70,memcpy@plt,DIRECT_CALL
0x000b35a8,__cxa_demangle,0x000b35d0,__cxa_demangle+0x11660,BRANCH
0x000b35c0,__cxa_demangle,0x00132d28,realloc@plt,DIRECT_CALL
0x000b35f8,__cxa_demangle,0x00132c80,abort@plt,DIRECT_CALL
0x000b35fc,__cxa_demangle,0x00132c80,abort@plt,DIRECT_CALL
0x000b3600,__cxa_demangle,0x00132c80,abort@plt,DIRECT_CALL
0x000b3604,__cxa_demangle,0x00132c80,abort@plt,DIRECT_CALL
0x000b3608,__cxa_demangle,0x00132c80,abort@plt,DIRECT_CALL
0x000b360c,__cxa_demangle,0x00132c80,abort@plt,DIRECT_CALL
0x000b3610,__cxa_demangle,0x00132c80,abort@plt,DIRECT_CALL
0x000b3618,__cxa_demangle,0x001329f8,_ZdlPv@plt,BRANCH
0x000b3648,__cxa_demangle,0x000b3678,__cxa_demangle+0x11708,BRANCH
0x000b3664,__cxa_demangle,0x00132d28,realloc@plt,DIRECT_CALL
0x000b3678,__cxa_demangle,N/A,"x10, 0x55000",ADRP_PAGE_REF
0x000b36b8,__cxa_demangle,0x000b36e4,__cxa_demangle+0x11774,BRANCH
0x000b36d0,__cxa_demangle,0x00132d28,realloc@plt,DIRECT_CALL
0x000b370c,__cxa_demangle,N/A,"x8, 0x13b000 <vtable for __cxxabiv1::__pointer_to_member_type_info+0xdd0>",ADRP_PAGE_REF
0x000b371c,__cxa_demangle,0x000b1f3c,__cxa_demangle+0xffcc,DIRECT_CALL
0x000b373c,__cxa_demangle,0x000b3768,__cxa_demangle+0x117f8,BRANCH
0x000b3754,__cxa_demangle,0x00132d28,realloc@plt,DIRECT_CALL
0x000b3788,__cxa_demangle,0x00132c80,abort@plt,DIRECT_CALL
0x000b378c,__cxa_demangle,0x00132c80,abort@plt,DIRECT_CALL
0x000b3790,__cxa_demangle,0x00132c80,abort@plt,DIRECT_CALL
0x000b3798,__cxa_demangle,0x001329f8,_ZdlPv@plt,BRANCH
0x000b37d8,__cxa_demangle,0x000b37f0,__cxa_demangle+0x11880,BRANCH
0x000b37ec,__cxa_demangle,0x000b3884,__cxa_demangle+0x11914,BRANCH
0x000b3808,__cxa_demangle,0x000b3834,__cxa_demangle+0x118c4,BRANCH
0x000b3820,__cxa_demangle,0x00132d28,realloc@plt,DIRECT_CALL
0x000b3830,__cxa_demangle,0x000b3838,__cxa_demangle+0x118c8,BRANCH
0x000b385c,__cxa_demangle,0x000acde4,__cxa_demangle+0xae74,DIRECT_CALL
0x000b3868,__cxa_demangle,0x000b37dc,__cxa_demangle+0x1186c,BRANCH
0x000b3880,__cxa_demangle,0x000b37f0,__cxa_demangle+0x11880,BRANCH
0x000b38a0,__cxa_demangle,0x00132c80,abort@plt,DIRECT_CALL
0x000b38a8,__cxa_demangle,0x001329f8,_ZdlPv@plt,BRANCH
0x000b38d4,__cxa_demangle,0x000b3904,__cxa_demangle+0x11994,BRANCH
0x000b38f0,__cxa_demangle,0x00132d28,realloc@plt,DIRECT_CALL
0x000b393c,__cxa_demangle,N/A,x8,INDIRECT_CALL
0x000b394c,__cxa_demangle,0x000b3960,__cxa_demangle+0x119f0,BRANCH
0x000b3980,__cxa_demangle,0x00132c80,abort@plt,DIRECT_CALL
0x000b3988,__cxa_demangle,0x001329f8,_ZdlPv@plt,BRANCH
0x000b39ac,__cxa_demangle,0x000b3a10,__cxa_demangle+0x11aa0,BRANCH
0x000b39b8,__cxa_demangle,0x000b3a28,__cxa_demangle+0x11ab8,BRANCH
0x000b39c0,__cxa_demangle,0x000b3a10,__cxa_demangle+0x11aa0,BRANCH
0x000b39c8,__cxa_demangle,0x000a7228,__cxa_demangle+0x52b8,DIRECT_CALL
0x000b39dc,__cxa_demangle,0x000b3ae4,__cxa_demangle+0x11b74,BRANCH
0x000b39f8,__cxa_demangle,0x000b3a78,__cxa_demangle+0x11b08,BRANCH
0x000b39fc,__cxa_demangle,0x00132d28,realloc@plt,DIRECT_CALL
0x000b3a0c,__cxa_demangle,0x00132c80,abort@plt,DIRECT_CALL
0x000b3a24,__cxa_demangle,0x000a773c,__cxa_demangle+0x57cc,BRANCH
0x000b3a2c,__cxa_demangle,0x000a75f8,__cxa_demangle+0x5688,DIRECT_CALL
0x000b3a40,__cxa_demangle,0x000b3ae4,__cxa_demangle+0x11b74,BRANCH
0x000b3a5c,__cxa_demangle,0x000b3aa0,__cxa_demangle+0x11b30,BRANCH
0x000b3a64,__cxa_demangle,0x00132d28,realloc@plt,DIRECT_CALL
0x000b3a74,__cxa_demangle,0x00132c80,abort@plt,DIRECT_CALL
0x000b3a7c,__cxa_demangle,0x00132d10,malloc@plt,DIRECT_CALL
0x000b3a88,__cxa_demangle,0x000b3ac8,__cxa_demangle+0x11b58,BRANCH
0x000b3a98,__cxa_demangle,0x00132d70,memcpy@plt,DIRECT_CALL
0x000b3a9c,__cxa_demangle,0x000b3ac4,__cxa_demangle+0x11b54,BRANCH
0x000b3aa4,__cxa_demangle,0x00132d10,malloc@plt,DIRECT_CALL
0x000b3ab0,__cxa_demangle,0x000b3ac8,__cxa_demangle+0x11b58,BRANCH
0x000b3ac0,__cxa_demangle,0x00132d88,memmove@plt,DIRECT_CALL
0x000b3b08,__cxa_demangle,0x00132c80,abort@plt,DIRECT_CALL
0x000b3b0c,__cxa_demangle,0x00132c80,abort@plt,DIRECT_CALL
0x000b3b28,__cxa_demangle,0x000a6630,__cxa_demangle+0x46c0,DIRECT_CALL
0x000b3b38,__cxa_demangle,0x000b3bd0,__cxa_demangle+0x11c60,BRANCH
0x000b3b44,__cxa_demangle,0x000b3bd0,__cxa_demangle+0x11c60,BRANCH
0x000b3b54,__cxa_demangle,0x000a6be4,__cxa_demangle+0x4c74,DIRECT_CALL
0x000b3b6c,__cxa_demangle,0x000b3b94,__cxa_demangle+0x11c24,BRANCH
0x000b3b78,__cxa_demangle,0x00132d10,malloc@plt,DIRECT_CALL
0x000b3b9c,__cxa_demangle,N/A,"x10, 0x13c000 <vtable for __cxxabiv1::__pointer_to_member_type_info+0x1dd0>",ADRP_PAGE_REF
0x000b3be4,__cxa_demangle,0x00132800,_ZSt9terminatev@plt,DIRECT_CALL
0x000b3c08,__cxa_demangle,0x000b3c1c,__cxa_demangle+0x11cac,BRANCH
0x000b3c18,__cxa_demangle,0x000b3d08,__cxa_demangle+0x11d98,BRANCH
0x000b3c20,__cxa_demangle,0x000b3c44,__cxa_demangle+0x11cd4,BRANCH
0x000b3c30,__cxa_demangle,0x000b3d20,__cxa_demangle+0x11db0,BRANCH
0x000b3c40,__cxa_demangle,0x000b3dd4,__cxa_demangle+0x11e64,BRANCH
0x000b3c4c,__cxa_demangle,0x000b3f3c,__cxa_demangle+0x11fcc,DIRECT_CALL
0x000b3c5c,__cxa_demangle,0x000b3cf4,__cxa_demangle+0x11d84,BRANCH
0x000b3c68,__cxa_demangle,0x000b3cf4,__cxa_demangle+0x11d84,BRANCH
0x000b3c78,__cxa_demangle,0x000a6be4,__cxa_demangle+0x4c74,DIRECT_CALL
0x000b3c90,__cxa_demangle,0x000b3cb8,__cxa_demangle+0x11d48,BRANCH
0x000b3c9c,__cxa_demangle,0x00132d10,malloc@plt,DIRECT_CALL
0x000b3cc0,__cxa_demangle,N/A,"x10, 0x13c000 <vtable for __cxxabiv1::__pointer_to_member_type_info+0x1dd0>",ADRP_PAGE_REF
0x000b3d1c,__cxa_demangle,0x000b3b10,__cxa_demangle+0x11ba0,BRANCH
0x000b3d2c,__cxa_demangle,0x000b3d40,__cxa_demangle+0x11dd0,BRANCH
0x000b3d3c,__cxa_demangle,0x000b3df0,__cxa_demangle+0x11e80,BRANCH
0x000b3d44,__cxa_demangle,0x000b398c,__cxa_demangle+0x11a1c,DIRECT_CALL
0x000b3d60,__cxa_demangle,0x000b3d88,__cxa_demangle+0x11e18,BRANCH
0x000b3d6c,__cxa_demangle,0x00132d10,malloc@plt,DIRECT_CALL
0x000b3d90,__cxa_demangle,N/A,"x9, 0x13b000 <vtable for __cxxabiv1::__pointer_to_member_type_info+0xdd0>",ADRP_PAGE_REF
0x000b3de4,__cxa_demangle,0x000b3f3c,__cxa_demangle+0x11fcc,DIRECT_CALL
0x000b3dec,__cxa_demangle,0x000b3cf4,__cxa_demangle+0x11d84,BRANCH
0x000b3df4,__cxa_demangle,0x000b3b10,__cxa_demangle+0x11ba0,DIRECT_CALL
0x000b3e18,__cxa_demangle,0x00132800,_ZSt9terminatev@plt,DIRECT_CALL
0x000b3e48,__cxa_demangle,N/A,x8,INDIRECT_CALL
0x000b3e58,__cxa_demangle,0x000b3e70,__cxa_demangle+0x11f00,BRANCH
0x000b3e6c,__cxa_demangle,N/A,x8,INDIRECT_CALL
0x000b3e80,__cxa_demangle,0x000b3ea8,__cxa_demangle+0x11f38,BRANCH
0x000b3e98,__cxa_demangle,0x00132d28,realloc@plt,DIRECT_CALL
0x000b3ed0,__cxa_demangle,N/A,x8,INDIRECT_CALL
0x000b3ee0,__cxa_demangle,0x000b3ef8,__cxa_demangle+0x11f88,BRANCH
0x000b3f1c,__cxa_demangle,0x00132c80,abort@plt,DIRECT_CALL
0x000b3f38,__cxa_demangle,0x001329f8,_ZdlPv@plt,BRANCH
0x000b3f60,__cxa_demangle,0x000b40b4,__cxa_demangle+0x12144,BRANCH
0x000b3f78,__cxa_demangle,0x000b3f90,__cxa_demangle+0x12020,BRANCH
0x000b3f8c,__cxa_demangle,0x000b3fc0,__cxa_demangle+0x12050,BRANCH
0x000b3fa4,__cxa_demangle,0x000b3f7c,__cxa_demangle+0x1200c,BRANCH
0x000b3fa8,__cxa_demangle,0x000b3f84,__cxa_demangle+0x12014,BRANCH
0x000b3fb8,__cxa_demangle,0x000b3f7c,__cxa_demangle+0x1200c,BRANCH
0x000b3fbc,__cxa_demangle,0x000b3f84,__cxa_demangle+0x12014,BRANCH
0x000b3fcc,__cxa_demangle,0x000b40a4,__cxa_demangle+0x12134,BRANCH
0x000b3fdc,__cxa_demangle,0x000b40a4,__cxa_demangle+0x12134,BRANCH
0x000b3ff0,__cxa_demangle,0x000b4208,__cxa_demangle+0x12298,BRANCH
0x000b4018,__cxa_demangle,0x000a32d8,__cxa_demangle+0x1368,DIRECT_CALL
0x000b4044,__cxa_demangle,0x000b4068,__cxa_demangle+0x120f8,BRANCH
0x000b404c,__cxa_demangle,0x00132d10,malloc@plt,DIRECT_CALL
0x000b4070,__cxa_demangle,N/A,"x9, 0x13b000 <vtable for __cxxabiv1::__pointer_to_member_type_info+0xdd0>",ADRP_PAGE_REF
0x000b40a0,__cxa_demangle,0x000b42c4,__cxa_demangle+0x12354,BRANCH
0x000b40b0,__cxa_demangle,0x000b416c,__cxa_demangle+0x121fc,BRANCH
0x000b40b8,__cxa_demangle,0x000b4150,__cxa_demangle+0x121e0,BRANCH
0x000b40c4,__cxa_demangle,0x000b4210,__cxa_demangle+0x122a0,BRANCH
0x000b40d4,__cxa_demangle,0x000b4210,__cxa_demangle+0x122a0,BRANCH
0x000b40e4,__cxa_demangle,0x000b4210,__cxa_demangle+0x122a0,BRANCH
0x000b40f4,__cxa_demangle,0x000a6630,__cxa_demangle+0x46c0,DIRECT_CALL
0x000b4114,__cxa_demangle,0x000b4134,__cxa_demangle+0x121c4,BRANCH
0x000b411c,__cxa_demangle,0x00132d10,malloc@plt,DIRECT_CALL
0x000b413c,__cxa_demangle,N/A,"x8, 0x13b000 <vtable for __cxxabiv1::__pointer_to_member_type_info+0xdd0>",ADRP_PAGE_REF
0x000b414c,__cxa_demangle,0x000b41d0,__cxa_demangle+0x12260,BRANCH
0x000b4178,__cxa_demangle,0x000a6630,__cxa_demangle+0x46c0,DIRECT_CALL
0x000b4198,__cxa_demangle,0x000b41b8,__cxa_demangle+0x12248,BRANCH
0x000b41a0,__cxa_demangle,0x00132d10,malloc@plt,DIRECT_CALL
0x000b41c0,__cxa_demangle,N/A,"x8, 0x13b000 <vtable for __cxxabiv1::__pointer_to_member_type_info+0xdd0>",ADRP_PAGE_REF
0x000b420c,__cxa_demangle,0x000b422c,__cxa_demangle+0x122bc,BRANCH
0x000b4230,__cxa_demangle,0x000b423c,__cxa_demangle+0x122cc,BRANCH
0x000b4248,__cxa_demangle,0x00132cf8,strlen@plt,DIRECT_CALL
0x000b4264,__cxa_demangle,0x000b4284,__cxa_demangle+0x12314,BRANCH
0x000b426c,__cxa_demangle,0x00132d10,malloc@plt,DIRECT_CALL
0x000b428c,__cxa_demangle,N/A,"x8, 0x13a000 <typeinfo for __cxxabiv1::__array_type_info>",ADRP_PAGE_REF
0x000b42b8,__cxa_demangle,0x000b41ec,__cxa_demangle+0x1227c,BRANCH
0x000b42e4,__cxa_demangle,0x00132800,_ZSt9terminatev@plt,DIRECT_CALL
0x000b42f0,__cxa_demangle,0x0012e82c,__emutls_get_address+0xd50,DIRECT_CALL
0x000b4318,__cxa_demangle,0x000b4354,__cxa_demangle+0x123e4,BRANCH
0x000b433c,__cxa_demangle,0x00132d28,realloc@plt,DIRECT_CALL
0x000b4384,__cxa_demangle,0x00132c80,abort@plt,DIRECT_CALL
0x000b438c,__cxa_demangle,0x001329f8,_ZdlPv@plt,BRANCH
0x000b43b8,__cxa_demangle,0x000b43e8,__cxa_demangle+0x12478,BRANCH
0x000b43d4,__cxa_demangle,0x00132d28,realloc@plt,DIRECT_CALL
0x000b43e8,__cxa_demangle,N/A,"x10, 0x56000",ADRP_PAGE_REF
0x000b4424,__cxa_demangle,N/A,x8,INDIRECT_CALL
0x000b4434,__cxa_demangle,0x000b4448,__cxa_demangle+0x124d8,BRANCH
0x000b4468,__cxa_demangle,0x00132c80,abort@plt,DIRECT_CALL
0x000b4470,__cxa_demangle,0x001329f8,_ZdlPv@plt,BRANCH
0x000b449c,__cxa_demangle,0x000b44cc,__cxa_demangle+0x1255c,BRANCH
0x000b44b8,__cxa_demangle,0x00132d28,realloc@plt,DIRECT_CALL
0x000b44cc,__cxa_demangle,N/A,"x10, 0x56000",ADRP_PAGE_REF
0x000b450c,__cxa_demangle,N/A,x8,INDIRECT_CALL
0x000b451c,__cxa_demangle,0x000b4530,__cxa_demangle+0x125c0,BRANCH
0x000b4550,__cxa_demangle,0x00132c80,abort@plt,DIRECT_CALL
0x000b4558,__cxa_demangle,0x001329f8,_ZdlPv@plt,BRANCH
0x000b4584,__cxa_demangle,0x000b45b4,__cxa_demangle+0x12644,BRANCH
0x000b45a0,__cxa_demangle,0x00132d28,realloc@plt,DIRECT_CALL
0x000b45dc,__cxa_demangle,N/A,x8,INDIRECT_CALL
0x000b45ec,__cxa_demangle,0x000b4600,__cxa_demangle+0x12690,BRANCH
0x000b4620,__cxa_demangle,0x00132c80,abort@plt,DIRECT_CALL
0x000b463c,__cxa_demangle,0x001329f8,_ZdlPv@plt,BRANCH
0x000b4668,__cxa_demangle,0x000b4794,__cxa_demangle+0x12824,BRANCH
0x000b4674,__cxa_demangle,N/A,"x22, 0x13b000 <vtable for __cxxabiv1::__pointer_to_member_type_info+0xdd0>",ADRP_PAGE_REF
0x000b4680,__cxa_demangle,0x000b46c8,__cxa_demangle+0x12758,BRANCH
0x000b46c4,__cxa_demangle,0x000b47a0,__cxa_demangle+0x12830,BRANCH
0x000b46d0,__cxa_demangle,0x000b4794,__cxa_demangle+0x12824,BRANCH
0x000b46e0,__cxa_demangle,0x000b479c,__cxa_demangle+0x1282c,BRANCH
0x000b46f0,__cxa_demangle,0x000b479c,__cxa_demangle+0x1282c,BRANCH
0x000b4714,__cxa_demangle,0x000b4744,__cxa_demangle+0x127d4,BRANCH
0x000b472c,__cxa_demangle,0x000b46fc,__cxa_demangle+0x1278c,BRANCH
0x000b473c,__cxa_demangle,0x000b4754,__cxa_demangle+0x127e4,BRANCH
0x000b4740,__cxa_demangle,0x000b479c,__cxa_demangle+0x1282c,BRANCH
0x000b4750,__cxa_demangle,0x000b479c,__cxa_demangle+0x1282c,BRANCH
0x000b4770,__cxa_demangle,0x000b4684,__cxa_demangle+0x12714,BRANCH
0x000b4778,__cxa_demangle,0x00132d10,malloc@plt,DIRECT_CALL
0x000b4790,__cxa_demangle,0x000b4684,__cxa_demangle+0x12714,BRANCH
0x000b4798,__cxa_demangle,0x000b47a0,__cxa_demangle+0x12830,BRANCH
0x000b47bc,__cxa_demangle,0x00132800,_ZSt9terminatev@plt,DIRECT_CALL
0x000b47ec,__cxa_demangle,0x000b481c,__cxa_demangle+0x128ac,BRANCH
0x000b4808,__cxa_demangle,0x00132d28,realloc@plt,DIRECT_CALL
0x000b4848,__cxa_demangle,0x000b487c,__cxa_demangle+0x1290c,BRANCH
0x000b4854,__cxa_demangle,0x000b48d0,__cxa_demangle+0x12960,BRANCH
0x000b4858,__cxa_demangle,N/A,"x21, 0x56000",ADRP_PAGE_REF
0x000b4874,__cxa_demangle,0x000b4924,__cxa_demangle+0x129b4,BRANCH
0x000b4878,__cxa_demangle,0x000b4948,__cxa_demangle+0x129d8,BRANCH
0x000b4880,__cxa_demangle,0x000b48c0,__cxa_demangle+0x12950,BRANCH
0x000b4888,__cxa_demangle,0x000b48e0,__cxa_demangle+0x12970,BRANCH
0x000b488c,__cxa_demangle,N/A,"x9, 0x56000",ADRP_PAGE_REF
0x000b4898,__cxa_demangle,0x000b48ec,__cxa_demangle+0x1297c,BRANCH
0x000b489c,__cxa_demangle,N/A,"x21, 0x56000",ADRP_PAGE_REF
0x000b48b8,__cxa_demangle,0x000b4924,__cxa_demangle+0x129b4,BRANCH
0x000b48bc,__cxa_demangle,0x000b4948,__cxa_demangle+0x129d8,BRANCH
0x000b48c0,__cxa_demangle,N/A,"x9, 0x56000",ADRP_PAGE_REF
0x000b48cc,__cxa_demangle,0x000b48ec,__cxa_demangle+0x1297c,BRANCH
0x000b48d0,__cxa_demangle,N/A,"x9, 0x56000",ADRP_PAGE_REF
0x000b48dc,__cxa_demangle,0x000b48ec,__cxa_demangle+0x1297c,BRANCH
0x000b48e0,__cxa_demangle,N/A,"x9, 0x56000",ADRP_PAGE_REF
0x000b4908,__cxa_demangle,0x000b4978,__cxa_demangle+0x12a08,BRANCH
0x000b4920,__cxa_demangle,0x000b4948,__cxa_demangle+0x129d8,BRANCH
0x000b4938,__cxa_demangle,0x00132d28,realloc@plt,DIRECT_CALL
0x000b4954,__cxa_demangle,0x00132d70,memcpy@plt,DIRECT_CALL
0x000b4978,__cxa_demangle,N/A,"x0, 0x54000",ADRP_PAGE_REF
0x000b4980,__cxa_demangle,N/A,"x1, 0x55000",ADRP_PAGE_REF
0x000b4994,__cxa_demangle,0x000a0110,std::bad_typeid::what() const+0x10,DIRECT_CALL
0x000b4998,__cxa_demangle,0x00132c80,abort@plt,DIRECT_CALL
0x000b499c,__cxa_demangle,0x00132c80,abort@plt,DIRECT_CALL
0x000b49ac,__cxa_demangle,0x000b49cc,__cxa_demangle+0x12a5c,BRANCH
0x000b49b8,__cxa_demangle,0x000b4a0c,__cxa_demangle+0x12a9c,BRANCH
0x000b49bc,__cxa_demangle,N/A,"x0, 0x56000",ADRP_PAGE_REF
0x000b49d0,__cxa_demangle,0x000b49fc,__cxa_demangle+0x12a8c,BRANCH
0x000b49d8,__cxa_demangle,0x000b4a1c,__cxa_demangle+0x12aac,BRANCH
0x000b49dc,__cxa_demangle,N/A,"x8, 0x56000",ADRP_PAGE_REF
0x000b49e8,__cxa_demangle,0x000b4a28,__cxa_demangle+0x12ab8,BRANCH
0x000b49ec,__cxa_demangle,N/A,"x0, 0x56000",ADRP_PAGE_REF
0x000b49fc,__cxa_demangle,N/A,"x8, 0x56000",ADRP_PAGE_REF
0x000b4a08,__cxa_demangle,0x000b4a28,__cxa_demangle+0x12ab8,BRANCH
0x000b4a0c,__cxa_demangle,N/A,"x8, 0x56000",ADRP_PAGE_REF
0x000b4a18,__cxa_demangle,0x000b4a28,__cxa_demangle+0x12ab8,BRANCH
0x000b4a1c,__cxa_demangle,N/A,"x8, 0x56000",ADRP_PAGE_REF
0x000b4a44,__cxa_demangle,0x000b4a50,__cxa_demangle+0x12ae0,BRANCH
0x000b4a5c,__cxa_demangle,N/A,"x0, 0x54000",ADRP_PAGE_REF
0x000b4a64,__cxa_demangle,N/A,"x1, 0x55000",ADRP_PAGE_REF
0x000b4a78,__cxa_demangle,0x000a0110,std::bad_typeid::what() const+0x10,DIRECT_CALL
0x000b4a80,__cxa_demangle,0x001329f8,_ZdlPv@plt,BRANCH
0x000b4ab0,__cxa_demangle,0x000b4ae0,__cxa_demangle+0x12b70,BRANCH
0x000b4acc,__cxa_demangle,0x00132d28,realloc@plt,DIRECT_CALL
0x000b4b10,__cxa_demangle,N/A,x8,INDIRECT_CALL
0x000b4b30,__cxa_demangle,0x000b4b58,__cxa_demangle+0x12be8,BRANCH
0x000b4b48,__cxa_demangle,0x00132d28,realloc@plt,DIRECT_CALL
0x000b4b64,__cxa_demangle,0x00132d70,memcpy@plt,DIRECT_CALL
0x000b4b7c,__cxa_demangle,0x000b4c98,__cxa_demangle+0x12d28,BRANCH
0x000b4b90,__cxa_demangle,0x000b4bb8,__cxa_demangle+0x12c48,BRANCH
0x000b4ba8,__cxa_demangle,0x00132d28,realloc@plt,DIRECT_CALL
0x000b4bb8,__cxa_demangle,N/A,"x9, 0x55000",ADRP_PAGE_REF
0x000b4be8,__cxa_demangle,0x000b4c4c,__cxa_demangle+0x12cdc,BRANCH
0x000b4bfc,__cxa_demangle,0x000b4c24,__cxa_demangle+0x12cb4,BRANCH
0x000b4c14,__cxa_demangle,0x00132d28,realloc@plt,DIRECT_CALL
0x000b4c24,__cxa_demangle,N/A,"x9, 0x56000",ADRP_PAGE_REF
0x000b4c5c,__cxa_demangle,0x000b4c84,__cxa_demangle+0x12d14,BRANCH
0x000b4c74,__cxa_demangle,0x00132d28,realloc@plt,DIRECT_CALL
0x000b4cac,__cxa_demangle,0x00132c80,abort@plt,DIRECT_CALL
0x000b4cb0,__cxa_demangle,0x00132c80,abort@plt,DIRECT_CALL
0x000b4cb4,__cxa_demangle,0x00132c80,abort@plt,DIRECT_CALL
0x000b4cb8,__cxa_demangle,0x00132c80,abort@plt,DIRECT_CALL
0x000b4cbc,__cxa_demangle,0x00132c80,abort@plt,DIRECT_CALL
0x000b4cec,__cxa_demangle,0x001329f8,_ZdlPv@plt,BRANCH
0x000b4d18,__cxa_demangle,N/A,x8,INDIRECT_CALL
0x000b4d2c,__cxa_demangle,0x000b4d54,__cxa_demangle+0x12de4,BRANCH
0x000b4d44,__cxa_demangle,0x00132d28,realloc@plt,DIRECT_CALL
0x000b4d94,__cxa_demangle,0x000b4dbc,__cxa_demangle+0x12e4c,BRANCH
0x000b4dac,__cxa_demangle,0x00132d28,realloc@plt,DIRECT_CALL
0x000b4dc8,__cxa_demangle,0x00132d70,memcpy@plt,DIRECT_CALL
0x000b4de8,__cxa_demangle,0x000b4e10,__cxa_demangle+0x12ea0,BRANCH
0x000b4e00,__cxa_demangle,0x00132d28,realloc@plt,DIRECT_CALL
0x000b4e38,__cxa_demangle,0x00132c80,abort@plt,DIRECT_CALL
0x000b4e3c,__cxa_demangle,0x00132c80,abort@plt,DIRECT_CALL
0x000b4e40,__cxa_demangle,0x00132c80,abort@plt,DIRECT_CALL
0x000b4e5c,__cxa_demangle,0x001329f8,_ZdlPv@plt,BRANCH
0x000b4ea0,__cxa_demangle,0x000b4ecc,__cxa_demangle+0x12f5c,BRANCH
0x000b4eb8,__cxa_demangle,0x00132d28,realloc@plt,DIRECT_CALL
0x000b4ef0,__cxa_demangle,0x000b4f08,__cxa_demangle+0x12f98,BRANCH
0x000b4f04,__cxa_demangle,0x000b4f9c,__cxa_demangle+0x1302c,BRANCH
0x000b4f20,__cxa_demangle,0x000b4f4c,__cxa_demangle+0x12fdc,BRANCH
0x000b4f38,__cxa_demangle,0x00132d28,realloc@plt,DIRECT_CALL
0x000b4f48,__cxa_demangle,0x000b4f50,__cxa_demangle+0x12fe0,BRANCH
0x000b4f74,__cxa_demangle,0x000acde4,__cxa_demangle+0xae74,DIRECT_CALL
0x000b4f80,__cxa_demangle,0x000b4ef4,__cxa_demangle+0x12f84,BRANCH
0x000b4f98,__cxa_demangle,0x000b4f08,__cxa_demangle+0x12f98,BRANCH
0x000b4fb8,__cxa_demangle,0x000b4fe4,__cxa_demangle+0x13074,BRANCH
0x000b4fd0,__cxa_demangle,0x00132d28,realloc@plt,DIRECT_CALL
0x000b500c,__cxa_demangle,0x00132c80,abort@plt,DIRECT_CALL
0x000b5010,__cxa_demangle,0x00132c80,abort@plt,DIRECT_CALL
0x000b5014,__cxa_demangle,0x00132c80,abort@plt,DIRECT_CALL
0x000b501c,__cxa_demangle,0x001329f8,_ZdlPv@plt,BRANCH
0x000b5054,__cxa_demangle,0x000b5078,__cxa_demangle+0x13108,BRANCH
0x000b5060,__cxa_demangle,0x00132d10,malloc@plt,DIRECT_CALL
0x000b5088,__cxa_demangle,N/A,"x9, 0x13b000 <vtable for __cxxabiv1::__pointer_to_member_type_info+0xdd0>",ADRP_PAGE_REF
0x000b50dc,__cxa_demangle,0x00132800,_ZSt9terminatev@plt,DIRECT_CALL
0x000b5114,__cxa_demangle,0x000b5144,__cxa_demangle+0x131d4,BRANCH
0x000b5130,__cxa_demangle,0x00132d28,realloc@plt,DIRECT_CALL
0x000b5164,__cxa_demangle,N/A,x8,INDIRECT_CALL
0x000b5184,__cxa_demangle,0x000b51ac,__cxa_demangle+0x1323c,BRANCH
0x000b519c,__cxa_demangle,0x00132d28,realloc@plt,DIRECT_CALL
0x000b51b8,__cxa_demangle,0x00132d70,memcpy@plt,DIRECT_CALL
0x000b51dc,__cxa_demangle,0x00132c80,abort@plt,DIRECT_CALL
0x000b51e0,__cxa_demangle,0x00132c80,abort@plt,DIRECT_CALL
0x000b51e8,__cxa_demangle,0x001329f8,_ZdlPv@plt,BRANCH
0x000b5218,__cxa_demangle,N/A,x8,INDIRECT_CALL
0x000b5228,__cxa_demangle,0x000b5240,__cxa_demangle+0x132d0,BRANCH
0x000b523c,__cxa_demangle,N/A,x8,INDIRECT_CALL
0x000b5250,__cxa_demangle,0x000b527c,__cxa_demangle+0x1330c,BRANCH
0x000b5268,__cxa_demangle,0x00132d28,realloc@plt,DIRECT_CALL
0x000b529c,__cxa_demangle,N/A,x8,INDIRECT_CALL
0x000b52ac,__cxa_demangle,0x000b52c4,__cxa_demangle+0x13354,BRANCH
0x000b52e8,__cxa_demangle,0x00132c80,abort@plt,DIRECT_CALL
0x000b5304,__cxa_demangle,0x001329f8,_ZdlPv@plt,BRANCH
0x000b5334,__cxa_demangle,N/A,x8,INDIRECT_CALL
0x000b5344,__cxa_demangle,0x000b535c,__cxa_demangle+0x133ec,BRANCH
0x000b5358,__cxa_demangle,N/A,x8,INDIRECT_CALL
0x000b536c,__cxa_demangle,0x000b5394,__cxa_demangle+0x13424,BRANCH
0x000b5384,__cxa_demangle,0x00132d28,realloc@plt,DIRECT_CALL
0x000b5394,__cxa_demangle,N/A,"x9, 0x54000",ADRP_PAGE_REF
0x000b53d0,__cxa_demangle,N/A,x8,INDIRECT_CALL
0x000b53e0,__cxa_demangle,0x000b53f8,__cxa_demangle+0x13488,BRANCH
0x000b541c,__cxa_demangle,0x00132c80,abort@plt,DIRECT_CALL
0x000b5438,__cxa_demangle,0x001329f8,_ZdlPv@plt,BRANCH
0x000b5468,__cxa_demangle,N/A,x8,INDIRECT_CALL
0x000b5478,__cxa_demangle,0x000b5490,__cxa_demangle+0x13520,BRANCH
0x000b548c,__cxa_demangle,N/A,x8,INDIRECT_CALL
0x000b54a0,__cxa_demangle,0x000b54c8,__cxa_demangle+0x13558,BRANCH
0x000b54b8,__cxa_demangle,0x00132d28,realloc@plt,DIRECT_CALL
0x000b54f0,__cxa_demangle,N/A,x8,INDIRECT_CALL
0x000b5500,__cxa_demangle,0x000b5518,__cxa_demangle+0x135a8,BRANCH
0x000b553c,__cxa_demangle,0x00132c80,abort@plt,DIRECT_CALL
0x000b5558,__cxa_demangle,0x001329f8,_ZdlPv@plt,BRANCH
0x000b5564,__cxa_demangle,0x000b55ec,__cxa_demangle+0x1367c,BRANCH
0x000b5570,__cxa_demangle,0x000b55c4,__cxa_demangle+0x13654,BRANCH
0x000b557c,__cxa_demangle,0x000b55ec,__cxa_demangle+0x1367c,BRANCH
0x000b558c,__cxa_demangle,0x000b55f0,__cxa_demangle+0x13680,BRANCH
0x000b5594,__cxa_demangle,0x000b55ec,__cxa_demangle+0x1367c,BRANCH
0x000b55a0,__cxa_demangle,0x000b55ec,__cxa_demangle+0x1367c,BRANCH
0x000b55b0,__cxa_demangle,0x000b5600,__cxa_demangle+0x13690,BRANCH
0x000b55bc,__cxa_demangle,0x000b55a4,__cxa_demangle+0x13634,BRANCH
0x000b55c0,__cxa_demangle,0x000b55ec,__cxa_demangle+0x1367c,BRANCH
0x000b55cc,__cxa_demangle,0x000b55ec,__cxa_demangle+0x1367c,BRANCH
0x000b55d8,__cxa_demangle,0x000b55f8,__cxa_demangle+0x13688,BRANCH
0x000b55e8,__cxa_demangle,0x000b55d4,__cxa_demangle+0x13664,BRANCH
0x000b5634,__cxa_demangle,0x000b5658,__cxa_demangle+0x136e8,BRANCH
0x000b5640,__cxa_demangle,0x00132d10,malloc@plt,DIRECT_CALL
0x000b5668,__cxa_demangle,0x00132cf8,strlen@plt,DIRECT_CALL
0x000b566c,__cxa_demangle,N/A,"x9, 0x13a000 <typeinfo for __cxxabiv1::__array_type_info>",ADRP_PAGE_REF
0x000b56b0,__cxa_demangle,0x00132800,_ZSt9terminatev@plt,DIRECT_CALL
0x000b56e0,__cxa_demangle,0x000b5704,__cxa_demangle+0x13794,BRANCH
0x000b56ec,__cxa_demangle,0x00132d10,malloc@plt,DIRECT_CALL
0x000b570c,__cxa_demangle,N/A,"x8, 0x13c000 <vtable for __cxxabiv1::__pointer_to_member_type_info+0x1dd0>",ADRP_PAGE_REF
0x000b5758,__cxa_demangle,0x00132800,_ZSt9terminatev@plt,DIRECT_CALL
0x000b5788,__cxa_demangle,N/A,x8,INDIRECT_CALL
0x000b5798,__cxa_demangle,0x000b57b0,__cxa_demangle+0x13840,BRANCH
0x000b57ac,__cxa_demangle,N/A,x8,INDIRECT_CALL
0x000b57c0,__cxa_demangle,0x000b57e8,__cxa_demangle+0x13878,BRANCH
0x000b57d8,__cxa_demangle,0x00132d28,realloc@plt,DIRECT_CALL
0x000b5810,__cxa_demangle,N/A,x8,INDIRECT_CALL
0x000b5820,__cxa_demangle,0x000b5838,__cxa_demangle+0x138c8,BRANCH
0x000b585c,__cxa_demangle,0x00132c80,abort@plt,DIRECT_CALL
0x000b5864,__cxa_demangle,0x001329f8,_ZdlPv@plt,BRANCH
0x000b5874,__cxa_demangle,0x000b58ac,__cxa_demangle+0x1393c,BRANCH
0x000b5884,__cxa_demangle,0x000b58c0,__cxa_demangle+0x13950,BRANCH
0x000b589c,__cxa_demangle,0x000b58c8,__cxa_demangle+0x13958,BRANCH
0x000b58bc,__cxa_demangle,0x000b5888,__cxa_demangle+0x13918,BRANCH
0x000b58e0,__cxa_demangle,0x000b5918,__cxa_demangle+0x139a8,BRANCH
0x000b58f0,__cxa_demangle,0x000b592c,__cxa_demangle+0x139bc,BRANCH
0x000b5908,__cxa_demangle,0x000b5934,__cxa_demangle+0x139c4,BRANCH
0x000b5928,__cxa_demangle,0x000b58f4,__cxa_demangle+0x13984,BRANCH
0x000b594c,__cxa_demangle,0x000b5984,__cxa_demangle+0x13a14,BRANCH
0x000b595c,__cxa_demangle,0x000b5998,__cxa_demangle+0x13a28,BRANCH
0x000b5974,__cxa_demangle,0x000b59a0,__cxa_demangle+0x13a30,BRANCH
0x000b5994,__cxa_demangle,0x000b5960,__cxa_demangle+0x139f0,BRANCH
0x000b59b8,__cxa_demangle,0x000b59e0,__cxa_demangle+0x13a70,BRANCH
0x000b59c8,__cxa_demangle,0x000b59f4,__cxa_demangle+0x13a84,BRANCH
0x000b59f0,__cxa_demangle,0x000b59cc,__cxa_demangle+0x13a5c,BRANCH
0x000b5a04,__cxa_demangle,0x000b5a2c,__cxa_demangle+0x13abc,BRANCH
0x000b5a14,__cxa_demangle,0x000b5a40,__cxa_demangle+0x13ad0,BRANCH
0x000b5a3c,__cxa_demangle,0x000b5a18,__cxa_demangle+0x13aa8,BRANCH
0x000b5a50,__cxa_demangle,0x000b5a78,__cxa_demangle+0x13b08,BRANCH
0x000b5a60,__cxa_demangle,0x000b5a8c,__cxa_demangle+0x13b1c,BRANCH
0x000b5a88,__cxa_demangle,0x000b5a64,__cxa_demangle+0x13af4,BRANCH
0x000b5a94,__cxa_demangle,0x001329f8,_ZdlPv@plt,BRANCH
0x000b5ad4,__cxa_demangle,0x000b5afc,__cxa_demangle+0x13b8c,BRANCH
0x000b5aec,__cxa_demangle,0x00132d28,realloc@plt,DIRECT_CALL
0x000b5b24,__cxa_demangle,0x000b5b3c,__cxa_demangle+0x13bcc,BRANCH
0x000b5b38,__cxa_demangle,0x000b5bd0,__cxa_demangle+0x13c60,BRANCH
0x000b5b54,__cxa_demangle,0x000b5b80,__cxa_demangle+0x13c10,BRANCH
0x000b5b6c,__cxa_demangle,0x00132d28,realloc@plt,DIRECT_CALL
0x000b5b7c,__cxa_demangle,0x000b5b84,__cxa_demangle+0x13c14,BRANCH
0x000b5ba8,__cxa_demangle,0x000acde4,__cxa_demangle+0xae74,DIRECT_CALL
0x000b5bb4,__cxa_demangle,0x000b5b28,__cxa_demangle+0x13bb8,BRANCH
0x000b5bcc,__cxa_demangle,0x000b5b3c,__cxa_demangle+0x13bcc,BRANCH
0x000b5be0,__cxa_demangle,0x000b5c08,__cxa_demangle+0x13c98,BRANCH
0x000b5bf8,__cxa_demangle,0x00132d28,realloc@plt,DIRECT_CALL
0x000b5c3c,__cxa_demangle,0x00132c80,abort@plt,DIRECT_CALL
0x000b5c40,__cxa_demangle,0x00132c80,abort@plt,DIRECT_CALL
0x000b5c44,__cxa_demangle,0x00132c80,abort@plt,DIRECT_CALL
0x000b5c4c,__cxa_demangle,0x0012e82c,__emutls_get_address+0xd50,DIRECT_CALL
0x000b5c54,__cxa_demangle,0x0012e82c,__emutls_get_address+0xd50,DIRECT_CALL
0x000b5c5c,__cxa_demangle,0x001329f8,_ZdlPv@plt,BRANCH
0x000b5c8c,__cxa_demangle,N/A,x8,INDIRECT_CALL
0x000b5c9c,__cxa_demangle,0x000b5cb4,__cxa_demangle+0x13d44,BRANCH
0x000b5cb0,__cxa_demangle,N/A,x8,INDIRECT_CALL
0x000b5cc8,__cxa_demangle,N/A,x8,INDIRECT_CALL
0x000b5cd8,__cxa_demangle,0x000b5cf0,__cxa_demangle+0x13d80,BRANCH
0x000b5d2c,__cxa_demangle,0x001329f8,_ZdlPv@plt,BRANCH
0x000b5d6c,__cxa_demangle,0x000b5d84,__cxa_demangle+0x13e14,BRANCH
0x000b5d80,__cxa_demangle,0x000b5e18,__cxa_demangle+0x13ea8,BRANCH
0x000b5d9c,__cxa_demangle,0x000b5dc8,__cxa_demangle+0x13e58,BRANCH
0x000b5db4,__cxa_demangle,0x00132d28,realloc@plt,DIRECT_CALL
0x000b5dc4,__cxa_demangle,0x000b5dcc,__cxa_demangle+0x13e5c,BRANCH
0x000b5df0,__cxa_demangle,0x000acde4,__cxa_demangle+0xae74,DIRECT_CALL
0x000b5dfc,__cxa_demangle,0x000b5d70,__cxa_demangle+0x13e00,BRANCH
0x000b5e14,__cxa_demangle,0x000b5d84,__cxa_demangle+0x13e14,BRANCH
0x000b5e34,__cxa_demangle,0x00132c80,abort@plt,DIRECT_CALL
0x000b5e3c,__cxa_demangle,0x001329f8,_ZdlPv@plt,BRANCH
0x000b5e64,__cxa_demangle,N/A,x8,INDIRECT_CALL
0x000b5e74,__cxa_demangle,0x000b5e88,__cxa_demangle+0x13f18,BRANCH
0x000b5eac,__cxa_demangle,0x001329f8,_ZdlPv@plt,BRANCH
0x000b5ee4,__cxa_demangle,0x000b5f14,__cxa_demangle+0x13fa4,BRANCH
0x000b5f00,__cxa_demangle,0x00132d28,realloc@plt,DIRECT_CALL
0x000b5f14,__cxa_demangle,N/A,"x10, 0x54000",ADRP_PAGE_REF
0x000b5f54,__cxa_demangle,0x000b5f6c,__cxa_demangle+0x13ffc,BRANCH
0x000b5f68,__cxa_demangle,0x000b6000,__cxa_demangle+0x14090,BRANCH
0x000b5f84,__cxa_demangle,0x000b5fb0,__cxa_demangle+0x14040,BRANCH
0x000b5f9c,__cxa_demangle,0x00132d28,realloc@plt,DIRECT_CALL
0x000b5fac,__cxa_demangle,0x000b5fb4,__cxa_demangle+0x14044,BRANCH
0x000b5fd8,__cxa_demangle,0x000acde4,__cxa_demangle+0xae74,DIRECT_CALL
0x000b5fe4,__cxa_demangle,0x000b5f58,__cxa_demangle+0x13fe8,BRANCH
0x000b5ffc,__cxa_demangle,0x000b5f6c,__cxa_demangle+0x13ffc,BRANCH
0x000b6010,__cxa_demangle,0x000b603c,__cxa_demangle+0x140cc,BRANCH
0x000b6028,__cxa_demangle,0x00132d28,realloc@plt,DIRECT_CALL
0x000b6064,__cxa_demangle,0x00132c80,abort@plt,DIRECT_CALL
0x000b6068,__cxa_demangle,0x00132c80,abort@plt,DIRECT_CALL
0x000b606c,__cxa_demangle,0x00132c80,abort@plt,DIRECT_CALL
0x000b6074,__cxa_demangle,0x001329f8,_ZdlPv@plt,BRANCH
0x000b60a0,__cxa_demangle,0x000b60d0,__cxa_demangle+0x14160,BRANCH
0x000b60bc,__cxa_demangle,0x00132d28,realloc@plt,DIRECT_CALL
0x000b6108,__cxa_demangle,N/A,x8,INDIRECT_CALL
0x000b6118,__cxa_demangle,0x000b612c,__cxa_demangle+0x141bc,BRANCH
0x000b614c,__cxa_demangle,0x00132c80,abort@plt,DIRECT_CALL
0x000b6154,__cxa_demangle,0x001329f8,_ZdlPv@plt,BRANCH
0x000b619c,__cxa_demangle,N/A,x8,INDIRECT_CALL
0x000b61b0,__cxa_demangle,0x000b61cc,__cxa_demangle+0x1425c,BRANCH
0x000b61c0,__cxa_demangle,N/A,x8,INDIRECT_CALL
0x000b61c8,__cxa_demangle,0x000b6220,__cxa_demangle+0x142b0,BRANCH
0x000b61d0,__cxa_demangle,0x000b6220,__cxa_demangle+0x142b0,BRANCH
0x000b61e4,__cxa_demangle,0x000b620c,__cxa_demangle+0x1429c,BRANCH
0x000b61fc,__cxa_demangle,0x00132d28,realloc@plt,DIRECT_CALL
0x000b6234,__cxa_demangle,N/A,x8,INDIRECT_CALL
0x000b6244,__cxa_demangle,0x000b6258,__cxa_demangle+0x142e8,BRANCH
0x000b6278,__cxa_demangle,0x00132c80,abort@plt,DIRECT_CALL
0x000b62bc,__cxa_demangle,0x000b62e8,__cxa_demangle+0x14378,BRANCH
0x000b62d4,__cxa_demangle,0x00132d28,realloc@plt,DIRECT_CALL
0x000b630c,__cxa_demangle,0x000b6324,__cxa_demangle+0x143b4,BRANCH
0x000b6320,__cxa_demangle,0x000b63b8,__cxa_demangle+0x14448,BRANCH
0x000b633c,__cxa_demangle,0x000b6368,__cxa_demangle+0x143f8,BRANCH
0x000b6354,__cxa_demangle,0x00132d28,realloc@plt,DIRECT_CALL
0x000b6364,__cxa_demangle,0x000b636c,__cxa_demangle+0x143fc,BRANCH
0x000b6390,__cxa_demangle,0x000acde4,__cxa_demangle+0xae74,DIRECT_CALL
0x000b639c,__cxa_demangle,0x000b6310,__cxa_demangle+0x143a0,BRANCH
0x000b63b4,__cxa_demangle,0x000b6324,__cxa_demangle+0x143b4,BRANCH
0x000b63d4,__cxa_demangle,0x000b6400,__cxa_demangle+0x14490,BRANCH
0x000b63ec,__cxa_demangle,0x00132d28,realloc@plt,DIRECT_CALL
0x000b6420,__cxa_demangle,N/A,x8,INDIRECT_CALL
0x000b643c,__cxa_demangle,0x000b6464,__cxa_demangle+0x144f4,BRANCH
0x000b6454,__cxa_demangle,0x00132d28,realloc@plt,DIRECT_CALL
0x000b64a0,__cxa_demangle,0x000b64c8,__cxa_demangle+0x14558,BRANCH
0x000b64b8,__cxa_demangle,0x00132d28,realloc@plt,DIRECT_CALL
0x000b64c8,__cxa_demangle,N/A,"x9, 0x56000",ADRP_PAGE_REF
0x000b6508,__cxa_demangle,0x000b6530,__cxa_demangle+0x145c0,BRANCH
0x000b6520,__cxa_demangle,0x00132d28,realloc@plt,DIRECT_CALL
0x000b6530,__cxa_demangle,N/A,"x9, 0x56000",ADRP_PAGE_REF
0x000b6560,__cxa_demangle,0x000b65b4,__cxa_demangle+0x14644,BRANCH
0x000b6568,__cxa_demangle,0x000b6610,__cxa_demangle+0x146a0,BRANCH
0x000b657c,__cxa_demangle,0x000b65a4,__cxa_demangle+0x14634,BRANCH
0x000b6594,__cxa_demangle,0x00132d28,realloc@plt,DIRECT_CALL
0x000b65b0,__cxa_demangle,0x000b6604,__cxa_demangle+0x14694,BRANCH
0x000b65c4,__cxa_demangle,0x000b65ec,__cxa_demangle+0x1467c,BRANCH
0x000b65dc,__cxa_demangle,0x00132d28,realloc@plt,DIRECT_CALL
0x000b6628,__cxa_demangle,N/A,x8,INDIRECT_CALL
0x000b6638,__cxa_demangle,0x000b6650,__cxa_demangle+0x146e0,BRANCH
0x000b664c,__cxa_demangle,N/A,x8,INDIRECT_CALL
0x000b6668,__cxa_demangle,0x000b6690,__cxa_demangle+0x14720,BRANCH
0x000b6680,__cxa_demangle,0x00132d28,realloc@plt,DIRECT_CALL
0x000b6690,__cxa_demangle,N/A,"x9, 0x56000",ADRP_PAGE_REF
0x000b66cc,__cxa_demangle,N/A,x8,INDIRECT_CALL
0x000b66dc,__cxa_demangle,0x000b66fc,__cxa_demangle+0x1478c,BRANCH
0x000b6728,__cxa_demangle,0x00132c80,abort@plt,DIRECT_CALL
0x000b672c,__cxa_demangle,0x00132c80,abort@plt,DIRECT_CALL
0x000b6730,__cxa_demangle,0x00132c80,abort@plt,DIRECT_CALL
0x000b6734,__cxa_demangle,0x00132c80,abort@plt,DIRECT_CALL
0x000b6738,__cxa_demangle,0x00132c80,abort@plt,DIRECT_CALL
0x000b673c,__cxa_demangle,0x00132c80,abort@plt,DIRECT_CALL
0x000b6740,__cxa_demangle,0x00132c80,abort@plt,DIRECT_CALL
0x000b6744,__cxa_demangle,0x00132c80,abort@plt,DIRECT_CALL
0x000b6748,__cxa_demangle,0x00132c80,abort@plt,DIRECT_CALL
0x000b6750,__cxa_demangle,0x001329f8,_ZdlPv@plt,BRANCH
0x000b6780,__cxa_demangle,N/A,x8,INDIRECT_CALL
0x000b6790,__cxa_demangle,0x000b67a8,__cxa_demangle+0x14838,BRANCH
0x000b67a4,__cxa_demangle,N/A,x8,INDIRECT_CALL
0x000b67b8,__cxa_demangle,0x000b67e0,__cxa_demangle+0x14870,BRANCH
0x000b67d0,__cxa_demangle,0x00132d28,realloc@plt,DIRECT_CALL
0x000b6810,__cxa_demangle,0x000b6838,__cxa_demangle+0x148c8,BRANCH
0x000b6828,__cxa_demangle,0x00132d28,realloc@plt,DIRECT_CALL
0x000b6844,__cxa_demangle,0x00132d70,memcpy@plt,DIRECT_CALL
0x000b6864,__cxa_demangle,0x000b688c,__cxa_demangle+0x1491c,BRANCH
0x000b687c,__cxa_demangle,0x00132d28,realloc@plt,DIRECT_CALL
0x000b68b4,__cxa_demangle,0x00132c80,abort@plt,DIRECT_CALL
0x000b68b8,__cxa_demangle,0x00132c80,abort@plt,DIRECT_CALL
0x000b68bc,__cxa_demangle,0x00132c80,abort@plt,DIRECT_CALL
0x000b68c4,__cxa_demangle,0x001329f8,_ZdlPv@plt,BRANCH
0x000b68f8,__cxa_demangle,0x000b6924,__cxa_demangle+0x149b4,BRANCH
0x000b6904,__cxa_demangle,0x000b6924,__cxa_demangle+0x149b4,BRANCH
0x000b6918,__cxa_demangle,0x000b6930,__cxa_demangle+0x149c0,BRANCH
0x000b6920,__cxa_demangle,0x000b6978,__cxa_demangle+0x14a08,BRANCH
0x000b692c,__cxa_demangle,0x000b691c,__cxa_demangle+0x149ac,BRANCH
0x000b6938,__cxa_demangle,0x000b6948,__cxa_demangle+0x149d8,BRANCH
0x000b694c,__cxa_demangle,0x000b698c,__cxa_demangle+0x14a1c,BRANCH
0x000b6958,__cxa_demangle,0x000b6978,__cxa_demangle+0x14a08,BRANCH
0x000b6970,__cxa_demangle,0x000b699c,__cxa_demangle+0x14a2c,BRANCH
0x000b6974,__cxa_demangle,0x000b6984,__cxa_demangle+0x14a14,BRANCH
0x000b6980,__cxa_demangle,0x000b699c,__cxa_demangle+0x14a2c,BRANCH
0x000b6988,__cxa_demangle,0x000b6b04,__cxa_demangle+0x14b94,BRANCH
0x000b6998,__cxa_demangle,0x000b6984,__cxa_demangle+0x14a14,BRANCH
0x000b69a8,__cxa_demangle,0x000b6a8c,__cxa_demangle+0x14b1c,BRANCH
0x000b69b8,__cxa_demangle,0x000b6c98,__cxa_demangle+0x14d28,BRANCH
0x000b69c8,__cxa_demangle,0x000b6984,__cxa_demangle+0x14a14,BRANCH
0x000b69e4,__cxa_demangle,0x000b6a18,__cxa_demangle+0x14aa8,BRANCH
0x000b69e8,__cxa_demangle,0x00132d28,realloc@plt,DIRECT_CALL
0x000b6a1c,__cxa_demangle,0x000b6a2c,__cxa_demangle+0x14abc,BRANCH
0x000b6a28,__cxa_demangle,0x000b6d80,__cxa_demangle+0x14e10,BRANCH
0x000b6a30,__cxa_demangle,0x000a32d8,__cxa_demangle+0x1368,DIRECT_CALL
0x000b6a40,__cxa_demangle,0x000b6a08,__cxa_demangle+0x14a98,BRANCH
0x000b6a58,__cxa_demangle,0x000b69e8,__cxa_demangle+0x14a78,BRANCH
0x000b6a60,__cxa_demangle,0x00132d10,malloc@plt,DIRECT_CALL
0x000b6a6c,__cxa_demangle,0x000b6a84,__cxa_demangle+0x14b14,BRANCH
0x000b6a7c,__cxa_demangle,0x00132d70,memcpy@plt,DIRECT_CALL
0x000b6a88,__cxa_demangle,0x000b69f4,__cxa_demangle+0x14a84,BRANCH
0x000b6aa4,__cxa_demangle,0x000b6ac4,__cxa_demangle+0x14b54,BRANCH
0x000b6aac,__cxa_demangle,0x00132d10,malloc@plt,DIRECT_CALL
0x000b6acc,__cxa_demangle,N/A,"x8, 0x13a000 <typeinfo for __cxxabiv1::__array_type_info>",ADRP_PAGE_REF
0x000b6af8,__cxa_demangle,N/A,"x8, 0x55000",ADRP_PAGE_REF
0x000b6b10,__cxa_demangle,0x000b6b24,__cxa_demangle+0x14bb4,BRANCH
0x000b6b20,__cxa_demangle,0x000b6c84,__cxa_demangle+0x14d14,BRANCH
0x000b6b28,__cxa_demangle,0x000b6d40,__cxa_demangle+0x14dd0,BRANCH
0x000b6b34,__cxa_demangle,0x000b6d40,__cxa_demangle+0x14dd0,BRANCH
0x000b6b44,__cxa_demangle,0x000b6b5c,__cxa_demangle+0x14bec,BRANCH
0x000b6b50,__cxa_demangle,0x000b6b5c,__cxa_demangle+0x14bec,BRANCH
0x000b6b60,__cxa_demangle,0x000a32d8,__cxa_demangle+0x1368,DIRECT_CALL
0x000b6b90,__cxa_demangle,0x000b6bac,__cxa_demangle+0x14c3c,BRANCH
0x000b6b94,__cxa_demangle,0x000b6c00,__cxa_demangle+0x14c90,BRANCH
0x000b6ba8,__cxa_demangle,0x000b6c00,__cxa_demangle+0x14c90,BRANCH
0x000b6bb4,__cxa_demangle,0x000b6d68,__cxa_demangle+0x14df8,BRANCH
0x000b6bc0,__cxa_demangle,0x000b6c00,__cxa_demangle+0x14c90,BRANCH
0x000b6bc4,__cxa_demangle,0x000b6b98,__cxa_demangle+0x14c28,BRANCH
0x000b6bc8,__cxa_demangle,0x00132d28,realloc@plt,DIRECT_CALL
0x000b6bfc,__cxa_demangle,0x000b6bac,__cxa_demangle+0x14c3c,BRANCH
0x000b6c08,__cxa_demangle,0x000b6c24,__cxa_demangle+0x14cb4,BRANCH
0x000b6c14,__cxa_demangle,0x000b6d74,__cxa_demangle+0x14e04,BRANCH
0x000b6c20,__cxa_demangle,0x000b6e08,__cxa_demangle+0x14e98,BRANCH
0x000b6c28,__cxa_demangle,0x000a32d8,__cxa_demangle+0x1368,DIRECT_CALL
0x000b6c38,__cxa_demangle,0x000b6be8,__cxa_demangle+0x14c78,BRANCH
0x000b6c50,__cxa_demangle,0x000b6bc8,__cxa_demangle+0x14c58,BRANCH
0x000b6c58,__cxa_demangle,0x00132d10,malloc@plt,DIRECT_CALL
0x000b6c64,__cxa_demangle,0x000b6c7c,__cxa_demangle+0x14d0c,BRANCH
0x000b6c74,__cxa_demangle,0x00132d70,memcpy@plt,DIRECT_CALL
0x000b6c80,__cxa_demangle,0x000b6bd4,__cxa_demangle+0x14c64,BRANCH
0x000b6c90,__cxa_demangle,0x000b6b2c,__cxa_demangle+0x14bbc,BRANCH
0x000b6c94,__cxa_demangle,0x000b6d40,__cxa_demangle+0x14dd0,BRANCH
0x000b6ca4,__cxa_demangle,0x000a8524,__cxa_demangle+0x65b4,DIRECT_CALL
0x000b6cb4,__cxa_demangle,0x000b6d40,__cxa_demangle+0x14dd0,BRANCH
0x000b6cc0,__cxa_demangle,0x000b6d40,__cxa_demangle+0x14dd0,BRANCH
0x000b6cdc,__cxa_demangle,0x000b6d04,__cxa_demangle+0x14d94,BRANCH
0x000b6ce8,__cxa_demangle,0x00132d10,malloc@plt,DIRECT_CALL
0x000b6d0c,__cxa_demangle,N/A,"x8, 0x13c000 <vtable for __cxxabiv1::__pointer_to_member_type_info+0x1dd0>",ADRP_PAGE_REF
0x000b6d3c,__cxa_demangle,0x000b6b04,__cxa_demangle+0x14b94,BRANCH
0x000b6d70,__cxa_demangle,0x000b6e10,__cxa_demangle+0x14ea0,BRANCH
0x000b6d7c,__cxa_demangle,0x000b6e10,__cxa_demangle+0x14ea0,BRANCH
0x000b6d90,__cxa_demangle,0x000a5440,__cxa_demangle+0x34d0,DIRECT_CALL
0x000b6dac,__cxa_demangle,0x000b6dcc,__cxa_demangle+0x14e5c,BRANCH
0x000b6db4,__cxa_demangle,0x00132d10,malloc@plt,DIRECT_CALL
0x000b6dd4,__cxa_demangle,N/A,"x8, 0x13c000 <vtable for __cxxabiv1::__pointer_to_member_type_info+0x1dd0>",ADRP_PAGE_REF
0x000b6e04,__cxa_demangle,0x000b6b04,__cxa_demangle+0x14b94,BRANCH
0x000b6e20,__cxa_demangle,0x000a5440,__cxa_demangle+0x34d0,DIRECT_CALL
0x000b6e3c,__cxa_demangle,0x000b6e5c,__cxa_demangle+0x14eec,BRANCH
0x000b6e44,__cxa_demangle,0x00132d10,malloc@plt,DIRECT_CALL
0x000b6e64,__cxa_demangle,N/A,"x8, 0x13c000 <vtable for __cxxabiv1::__pointer_to_member_type_info+0x1dd0>",ADRP_PAGE_REF
0x000b6ea0,__cxa_demangle,0x000b6d44,__cxa_demangle+0x14dd4,BRANCH
0x000b6ea4,__cxa_demangle,0x00132c80,abort@plt,DIRECT_CALL
0x000b6ea8,__cxa_demangle,0x00132c80,abort@plt,DIRECT_CALL
0x000b6eac,__cxa_demangle,0x00132c80,abort@plt,DIRECT_CALL
0x000b6eb0,__cxa_demangle,0x00132c80,abort@plt,DIRECT_CALL
0x000b6eb4,__cxa_demangle,0x00132800,_ZSt9terminatev@plt,DIRECT_CALL
0x000b6edc,__cxa_demangle,0x000b6f38,__cxa_demangle+0x14fc8,BRANCH
0x000b6ee8,__cxa_demangle,0x000b6f14,__cxa_demangle+0x14fa4,BRANCH
0x000b6ef8,__cxa_demangle,0x000b72f4,__cxa_demangle+0x15384,BRANCH
0x000b6f08,__cxa_demangle,0x000b7020,__cxa_demangle+0x150b0,BRANCH
0x000b6f10,__cxa_demangle,0x000b72dc,__cxa_demangle+0x1536c,BRANCH
0x000b6f1c,__cxa_demangle,0x000b6f38,__cxa_demangle+0x14fc8,BRANCH
0x000b6f30,__cxa_demangle,0x000b6f44,__cxa_demangle+0x14fd4,BRANCH
0x000b6f34,__cxa_demangle,0x000b6f7c,__cxa_demangle+0x1500c,BRANCH
0x000b6f40,__cxa_demangle,0x000b6f7c,__cxa_demangle+0x1500c,BRANCH
0x000b6f4c,__cxa_demangle,0x000b6f5c,__cxa_demangle+0x14fec,BRANCH
0x000b6f60,__cxa_demangle,0x000b6f7c,__cxa_demangle+0x1500c,BRANCH
0x000b6f6c,__cxa_demangle,0x000b6f7c,__cxa_demangle+0x1500c,BRANCH
0x000b6f80,__cxa_demangle,0x000a32d8,__cxa_demangle+0x1368,DIRECT_CALL
0x000b6f9c,__cxa_demangle,0x000b6fc4,__cxa_demangle+0x15054,BRANCH
0x000b6fa8,__cxa_demangle,0x00132d10,malloc@plt,DIRECT_CALL
0x000b6fd4,__cxa_demangle,N/A,"x9, 0x13c000 <vtable for __cxxabiv1::__pointer_to_member_type_info+0x1dd0>",ADRP_PAGE_REF
0x000b7054,__cxa_demangle,0x000b7084,__cxa_demangle+0x15114,BRANCH
0x000b7068,__cxa_demangle,0x000b702c,__cxa_demangle+0x150bc,BRANCH
0x000b707c,__cxa_demangle,0x000b72f4,__cxa_demangle+0x15384,BRANCH
0x000b7080,__cxa_demangle,0x000b7094,__cxa_demangle+0x15124,BRANCH
0x000b7090,__cxa_demangle,0x000b72f4,__cxa_demangle+0x15384,BRANCH
0x000b70a4,__cxa_demangle,0x000b70d0,__cxa_demangle+0x15160,BRANCH
0x000b70cc,__cxa_demangle,0x000b7194,__cxa_demangle+0x15224,BRANCH
0x000b70d4,__cxa_demangle,0x000b70fc,__cxa_demangle+0x1518c,BRANCH
0x000b70e0,__cxa_demangle,0x000b70fc,__cxa_demangle+0x1518c,BRANCH
0x000b70ec,__cxa_demangle,0x000a6be4,__cxa_demangle+0x4c74,DIRECT_CALL
0x000b70f8,__cxa_demangle,0x000b72dc,__cxa_demangle+0x1536c,BRANCH
0x000b7104,__cxa_demangle,0x000b6eb8,__cxa_demangle+0x14f48,DIRECT_CALL
0x000b7120,__cxa_demangle,0x000b7140,__cxa_demangle+0x151d0,BRANCH
0x000b7128,__cxa_demangle,0x00132d10,malloc@plt,DIRECT_CALL
0x000b7148,__cxa_demangle,N/A,"x8, 0x13c000 <vtable for __cxxabiv1::__pointer_to_member_type_info+0x1dd0>",ADRP_PAGE_REF
0x000b71b4,__cxa_demangle,0x000b7238,__cxa_demangle+0x152c8,BRANCH
0x000b71c4,__cxa_demangle,0x000b7238,__cxa_demangle+0x152c8,BRANCH
0x000b7214,__cxa_demangle,0x000b71e4,__cxa_demangle+0x15274,BRANCH
0x000b7234,__cxa_demangle,0x000b7258,__cxa_demangle+0x152e8,BRANCH
0x000b7264,__cxa_demangle,0x000b6eb8,__cxa_demangle+0x14f48,DIRECT_CALL
0x000b7280,__cxa_demangle,0x000b72a0,__cxa_demangle+0x15330,BRANCH
0x000b7288,__cxa_demangle,0x00132d10,malloc@plt,DIRECT_CALL
0x000b72a8,__cxa_demangle,N/A,"x8, 0x13c000 <vtable for __cxxabiv1::__pointer_to_member_type_info+0x1dd0>",ADRP_PAGE_REF
0x000b72d8,__cxa_demangle,0x000b7178,__cxa_demangle+0x15208,BRANCH
0x000b7310,__cxa_demangle,0x00132800,_ZSt9terminatev@plt,DIRECT_CALL
0x000b733c,__cxa_demangle,0x000b7360,__cxa_demangle+0x153f0,BRANCH
0x000b7348,__cxa_demangle,0x00132d10,malloc@plt,DIRECT_CALL
0x000b7370,__cxa_demangle,0x00132cf8,strlen@plt,DIRECT_CALL
0x000b7374,__cxa_demangle,N/A,"x9, 0x13a000 <typeinfo for __cxxabiv1::__array_type_info>",ADRP_PAGE_REF
0x000b73b8,__cxa_demangle,0x00132800,_ZSt9terminatev@plt,DIRECT_CALL
0x000b73e4,__cxa_demangle,0x000b7408,__cxa_demangle+0x15498,BRANCH
0x000b73f0,__cxa_demangle,0x00132d10,malloc@plt,DIRECT_CALL
0x000b7418,__cxa_demangle,0x00132cf8,strlen@plt,DIRECT_CALL
0x000b741c,__cxa_demangle,N/A,"x9, 0x13a000 <typeinfo for __cxxabiv1::__array_type_info>",ADRP_PAGE_REF
0x000b7460,__cxa_demangle,0x00132800,_ZSt9terminatev@plt,DIRECT_CALL
0x000b748c,__cxa_demangle,0x000b74b0,__cxa_demangle+0x15540,BRANCH
0x000b7498,__cxa_demangle,0x00132d10,malloc@plt,DIRECT_CALL
0x000b74c0,__cxa_demangle,0x00132cf8,strlen@plt,DIRECT_CALL
0x000b74c4,__cxa_demangle,N/A,"x9, 0x13a000 <typeinfo for __cxxabiv1::__array_type_info>",ADRP_PAGE_REF
0x000b7508,__cxa_demangle,0x00132800,_ZSt9terminatev@plt,DIRECT_CALL
0x000b7538,__cxa_demangle,0x000b755c,__cxa_demangle+0x155ec,BRANCH
0x000b7544,__cxa_demangle,0x00132d10,malloc@plt,DIRECT_CALL
0x000b7564,__cxa_demangle,N/A,"x8, 0x13c000 <vtable for __cxxabiv1::__pointer_to_member_type_info+0x1dd0>",ADRP_PAGE_REF
0x000b75b4,__cxa_demangle,0x00132800,_ZSt9terminatev@plt,DIRECT_CALL
0x000b75e0,__cxa_demangle,0x000b7604,__cxa_demangle+0x15694,BRANCH
0x000b75ec,__cxa_demangle,0x00132d10,malloc@plt,DIRECT_CALL
0x000b760c,__cxa_demangle,N/A,"x8, 0x13c000 <vtable for __cxxabiv1::__pointer_to_member_type_info+0x1dd0>",ADRP_PAGE_REF
0x000b7654,__cxa_demangle,0x00132800,_ZSt9terminatev@plt,DIRECT_CALL
0x000b7684,__cxa_demangle,0x000b76a8,__cxa_demangle+0x15738,BRANCH
0x000b7690,__cxa_demangle,0x00132d10,malloc@plt,DIRECT_CALL
0x000b76b0,__cxa_demangle,N/A,"x8, 0x13c000 <vtable for __cxxabiv1::__pointer_to_member_type_info+0x1dd0>",ADRP_PAGE_REF
0x000b7704,__cxa_demangle,0x00132800,_ZSt9terminatev@plt,DIRECT_CALL
0x000b7734,__cxa_demangle,0x000b7758,__cxa_demangle+0x157e8,BRANCH
0x000b7740,__cxa_demangle,0x00132d10,malloc@plt,DIRECT_CALL
0x000b7760,__cxa_demangle,N/A,"x8, 0x13c000 <vtable for __cxxabiv1::__pointer_to_member_type_info+0x1dd0>",ADRP_PAGE_REF
0x000b77b0,__cxa_demangle,0x00132800,_ZSt9terminatev@plt,DIRECT_CALL
0x000b77d8,__cxa_demangle,0x000b77f8,__cxa_demangle+0x15888,BRANCH
0x000b7804,__cxa_demangle,0x000b7824,__cxa_demangle+0x158b4,BRANCH
0x000b7834,__cxa_demangle,0x000b79cc,__cxa_demangle+0x15a5c,BRANCH
0x000b7840,__cxa_demangle,0x000b79cc,__cxa_demangle+0x15a5c,BRANCH
0x000b7848,__cxa_demangle,0x000b7950,__cxa_demangle+0x159e0,BRANCH
0x000b7860,__cxa_demangle,0x000b787c,__cxa_demangle+0x1590c,BRANCH
0x000b7874,__cxa_demangle,0x000b7854,__cxa_demangle+0x158e4,BRANCH
0x000b788c,__cxa_demangle,0x000b78b4,__cxa_demangle+0x15944,BRANCH
0x000b7894,__cxa_demangle,0x00132d10,malloc@plt,DIRECT_CALL
0x000b78c4,__cxa_demangle,N/A,"x8, 0x13a000 <typeinfo for __cxxabiv1::__array_type_info>",ADRP_PAGE_REF
0x000b78fc,__cxa_demangle,0x000b7808,__cxa_demangle+0x15898,BRANCH
0x000b7908,__cxa_demangle,0x000b7808,__cxa_demangle+0x15898,BRANCH
0x000b7918,__cxa_demangle,0x000b7a8c,__cxa_demangle+0x15b1c,BRANCH
0x000b7924,__cxa_demangle,0x000b7a8c,__cxa_demangle+0x15b1c,BRANCH
0x000b7934,__cxa_demangle,0x000b9194,__cxa_demangle+0x17224,DIRECT_CALL
0x000b7954,__cxa_demangle,0x000b79cc,__cxa_demangle+0x15a5c,BRANCH
0x000b7960,__cxa_demangle,0x000a32d8,__cxa_demangle+0x1368,DIRECT_CALL
0x000b7980,__cxa_demangle,0x000b79a0,__cxa_demangle+0x15a30,BRANCH
0x000b7988,__cxa_demangle,0x00132d10,malloc@plt,DIRECT_CALL
0x000b79a8,__cxa_demangle,N/A,"x8, 0x13c000 <vtable for __cxxabiv1::__pointer_to_member_type_info+0x1dd0>",ADRP_PAGE_REF
0x000b79c8,__cxa_demangle,0x000b7a64,__cxa_demangle+0x15af4,BRANCH
0x000b79cc,__cxa_demangle,0x000a8524,__cxa_demangle+0x65b4,DIRECT_CALL
0x000b79dc,__cxa_demangle,0x000b7808,__cxa_demangle+0x15898,BRANCH
0x000b79e8,__cxa_demangle,0x000b7808,__cxa_demangle+0x15898,BRANCH
0x000b79fc,__cxa_demangle,0x000a32d8,__cxa_demangle+0x1368,DIRECT_CALL
0x000b7a1c,__cxa_demangle,0x000b7a3c,__cxa_demangle+0x15acc,BRANCH
0x000b7a24,__cxa_demangle,0x00132d10,malloc@plt,DIRECT_CALL
0x000b7a44,__cxa_demangle,N/A,"x8, 0x13c000 <vtable for __cxxabiv1::__pointer_to_member_type_info+0x1dd0>",ADRP_PAGE_REF
0x000b7a8c,__cxa_demangle,0x000a32d8,__cxa_demangle+0x1368,DIRECT_CALL
0x000b7aa4,__cxa_demangle,0x000b9234,__cxa_demangle+0x172c4,DIRECT_CALL
0x000b7ac0,__cxa_demangle,0x00132800,_ZSt9terminatev@plt,DIRECT_CALL
0x000b7ae8,__cxa_demangle,0x000b7b08,__cxa_demangle+0x15b98,BRANCH
0x000b7b04,__cxa_demangle,0x000a4810,__cxa_demangle+0x28a0,BRANCH
0x000b7b14,__cxa_demangle,0x000b7b60,__cxa_demangle+0x15bf0,BRANCH
0x000b7b24,__cxa_demangle,0x000b7b9c,__cxa_demangle+0x15c2c,BRANCH
0x000b7b34,__cxa_demangle,0x000b7aec,__cxa_demangle+0x15b7c,BRANCH
0x000b7b38,__cxa_demangle,N/A,"x19, 0x55000",ADRP_PAGE_REF
0x000b7b54,__cxa_demangle,0x000a4810,__cxa_demangle+0x28a0,DIRECT_CALL
0x000b7b5c,__cxa_demangle,0x000b7b84,__cxa_demangle+0x15c14,BRANCH
0x000b7b60,__cxa_demangle,N/A,"x19, 0x56000",ADRP_PAGE_REF
0x000b7b7c,__cxa_demangle,0x000a4810,__cxa_demangle+0x28a0,DIRECT_CALL
0x000b7b9c,__cxa_demangle,N/A,"x19, 0x55000",ADRP_PAGE_REF
0x000b7bb8,__cxa_demangle,0x000a4810,__cxa_demangle+0x28a0,DIRECT_CALL
0x000b7bd4,__cxa_demangle,0x000b7bfc,__cxa_demangle+0x15c8c,BRANCH
0x000b7be0,__cxa_demangle,0x00132d10,malloc@plt,DIRECT_CALL
0x000b7c0c,__cxa_demangle,N/A,"x9, 0x13c000 <vtable for __cxxabiv1::__pointer_to_member_type_info+0x1dd0>",ADRP_PAGE_REF
0x000b7c54,__cxa_demangle,0x00132800,_ZSt9terminatev@plt,DIRECT_CALL
0x000b7c80,__cxa_demangle,0x000b7ca4,__cxa_demangle+0x15d34,BRANCH
0x000b7c8c,__cxa_demangle,0x00132d10,malloc@plt,DIRECT_CALL
0x000b7cb4,__cxa_demangle,N/A,"x8, 0x13c000 <vtable for __cxxabiv1::__pointer_to_member_type_info+0x1dd0>",ADRP_PAGE_REF
0x000b7d00,__cxa_demangle,0x00132800,_ZSt9terminatev@plt,DIRECT_CALL
0x000b7d30,__cxa_demangle,0x000b7d54,__cxa_demangle+0x15de4,BRANCH
0x000b7d3c,__cxa_demangle,0x00132d10,malloc@plt,DIRECT_CALL
0x000b7d64,__cxa_demangle,N/A,"x10, 0x13c000 <vtable for __cxxabiv1::__pointer_to_member_type_info+0x1dd0>",ADRP_PAGE_REF
0x000b7dbc,__cxa_demangle,0x00132800,_ZSt9terminatev@plt,DIRECT_CALL
0x000b7de8,__cxa_demangle,0x000b7e0c,__cxa_demangle+0x15e9c,BRANCH
0x000b7df4,__cxa_demangle,0x00132d10,malloc@plt,DIRECT_CALL
0x000b7e14,__cxa_demangle,N/A,"x8, 0x13c000 <vtable for __cxxabiv1::__pointer_to_member_type_info+0x1dd0>",ADRP_PAGE_REF
0x000b7e38,__cxa_demangle,N/A,"x9, 0x54000",ADRP_PAGE_REF
0x000b7e6c,__cxa_demangle,0x00132800,_ZSt9terminatev@plt,DIRECT_CALL
0x000b7e98,__cxa_demangle,0x000b7ebc,__cxa_demangle+0x15f4c,BRANCH
0x000b7ea4,__cxa_demangle,0x00132d10,malloc@plt,DIRECT_CALL
0x000b7ec4,__cxa_demangle,N/A,"x8, 0x13c000 <vtable for __cxxabiv1::__pointer_to_member_type_info+0x1dd0>",ADRP_PAGE_REF
0x000b7ee8,__cxa_demangle,N/A,"x9, 0x54000",ADRP_PAGE_REF
0x000b7f1c,__cxa_demangle,0x00132800,_ZSt9terminatev@plt,DIRECT_CALL
0x000b7f48,__cxa_demangle,0x000b7f78,__cxa_demangle+0x16008,BRANCH
0x000b7f64,__cxa_demangle,0x00132d28,realloc@plt,DIRECT_CALL
0x000b7fb0,__cxa_demangle,0x000b7fdc,__cxa_demangle+0x1606c,BRANCH
0x000b7fc8,__cxa_demangle,0x00132d28,realloc@plt,DIRECT_CALL
0x000b7ff8,__cxa_demangle,0x000acde4,__cxa_demangle+0xae74,DIRECT_CALL
0x000b8018,__cxa_demangle,0x000b8044,__cxa_demangle+0x160d4,BRANCH
0x000b8030,__cxa_demangle,0x00132d28,realloc@plt,DIRECT_CALL
0x000b8060,__cxa_demangle,0x00132c80,abort@plt,DIRECT_CALL
0x000b8064,__cxa_demangle,0x00132c80,abort@plt,DIRECT_CALL
0x000b8068,__cxa_demangle,0x00132c80,abort@plt,DIRECT_CALL
0x000b8070,__cxa_demangle,0x001329f8,_ZdlPv@plt,BRANCH
0x000b80a8,__cxa_demangle,0x000b80d8,__cxa_demangle+0x16168,BRANCH
0x000b80c4,__cxa_demangle,0x00132d28,realloc@plt,DIRECT_CALL
0x000b8114,__cxa_demangle,0x000b8140,__cxa_demangle+0x161d0,BRANCH
0x000b812c,__cxa_demangle,0x00132d28,realloc@plt,DIRECT_CALL
0x000b8164,__cxa_demangle,0x000b817c,__cxa_demangle+0x1620c,BRANCH
0x000b8178,__cxa_demangle,0x000b8210,__cxa_demangle+0x162a0,BRANCH
0x000b8194,__cxa_demangle,0x000b81c0,__cxa_demangle+0x16250,BRANCH
0x000b81ac,__cxa_demangle,0x00132d28,realloc@plt,DIRECT_CALL
0x000b81bc,__cxa_demangle,0x000b81c4,__cxa_demangle+0x16254,BRANCH
0x000b81e8,__cxa_demangle,0x000acde4,__cxa_demangle+0xae74,DIRECT_CALL
0x000b81f4,__cxa_demangle,0x000b8168,__cxa_demangle+0x161f8,BRANCH
0x000b820c,__cxa_demangle,0x000b817c,__cxa_demangle+0x1620c,BRANCH
0x000b822c,__cxa_demangle,0x000b8258,__cxa_demangle+0x162e8,BRANCH
0x000b8244,__cxa_demangle,0x00132d28,realloc@plt,DIRECT_CALL
0x000b8280,__cxa_demangle,0x00132c80,abort@plt,DIRECT_CALL
0x000b8284,__cxa_demangle,0x00132c80,abort@plt,DIRECT_CALL
0x000b8288,__cxa_demangle,0x00132c80,abort@plt,DIRECT_CALL
0x000b828c,__cxa_demangle,0x00132c80,abort@plt,DIRECT_CALL
0x000b8294,__cxa_demangle,0x001329f8,_ZdlPv@plt,BRANCH
0x000b82d0,__cxa_demangle,N/A,x8,INDIRECT_CALL
0x000b82e4,__cxa_demangle,0x000b830c,__cxa_demangle+0x1639c,BRANCH
0x000b82fc,__cxa_demangle,0x00132d28,realloc@plt,DIRECT_CALL
0x000b8330,__cxa_demangle,0x00132c80,abort@plt,DIRECT_CALL
0x000b8374,__cxa_demangle,0x000b83a0,__cxa_demangle+0x16430,BRANCH
0x000b838c,__cxa_demangle,0x00132d28,realloc@plt,DIRECT_CALL
0x000b83c4,__cxa_demangle,0x000b83dc,__cxa_demangle+0x1646c,BRANCH
0x000b83d8,__cxa_demangle,0x000b8470,__cxa_demangle+0x16500,BRANCH
0x000b83f4,__cxa_demangle,0x000b8420,__cxa_demangle+0x164b0,BRANCH
0x000b840c,__cxa_demangle,0x00132d28,realloc@plt,DIRECT_CALL
0x000b841c,__cxa_demangle,0x000b8424,__cxa_demangle+0x164b4,BRANCH
0x000b8448,__cxa_demangle,0x000acde4,__cxa_demangle+0xae74,DIRECT_CALL
0x000b8454,__cxa_demangle,0x000b83c8,__cxa_demangle+0x16458,BRANCH
0x000b846c,__cxa_demangle,0x000b83dc,__cxa_demangle+0x1646c,BRANCH
0x000b848c,__cxa_demangle,0x000b84b8,__cxa_demangle+0x16548,BRANCH
0x000b84a4,__cxa_demangle,0x00132d28,realloc@plt,DIRECT_CALL
0x000b84d4,__cxa_demangle,N/A,x8,INDIRECT_CALL
0x000b84f0,__cxa_demangle,0x000b8518,__cxa_demangle+0x165a8,BRANCH
0x000b8508,__cxa_demangle,0x00132d28,realloc@plt,DIRECT_CALL
0x000b8554,__cxa_demangle,0x000b857c,__cxa_demangle+0x1660c,BRANCH
0x000b856c,__cxa_demangle,0x00132d28,realloc@plt,DIRECT_CALL
0x000b857c,__cxa_demangle,N/A,"x9, 0x56000",ADRP_PAGE_REF
0x000b85bc,__cxa_demangle,0x000b85e4,__cxa_demangle+0x16674,BRANCH
0x000b85d4,__cxa_demangle,0x00132d28,realloc@plt,DIRECT_CALL
0x000b85e4,__cxa_demangle,N/A,"x9, 0x56000",ADRP_PAGE_REF
0x000b8614,__cxa_demangle,0x000b8668,__cxa_demangle+0x166f8,BRANCH
0x000b861c,__cxa_demangle,0x000b86c4,__cxa_demangle+0x16754,BRANCH
0x000b8630,__cxa_demangle,0x000b8658,__cxa_demangle+0x166e8,BRANCH
0x000b8648,__cxa_demangle,0x00132d28,realloc@plt,DIRECT_CALL
0x000b8664,__cxa_demangle,0x000b86b8,__cxa_demangle+0x16748,BRANCH
0x000b8678,__cxa_demangle,0x000b86a0,__cxa_demangle+0x16730,BRANCH
0x000b8690,__cxa_demangle,0x00132d28,realloc@plt,DIRECT_CALL
0x000b86dc,__cxa_demangle,0x000b8708,__cxa_demangle+0x16798,BRANCH
0x000b86f4,__cxa_demangle,0x00132d28,realloc@plt,DIRECT_CALL
0x000b8728,__cxa_demangle,N/A,x8,INDIRECT_CALL
0x000b8738,__cxa_demangle,0x000b8758,__cxa_demangle+0x167e8,BRANCH
0x000b8784,__cxa_demangle,0x00132c80,abort@plt,DIRECT_CALL
0x000b8788,__cxa_demangle,0x00132c80,abort@plt,DIRECT_CALL
0x000b878c,__cxa_demangle,0x00132c80,abort@plt,DIRECT_CALL
0x000b8790,__cxa_demangle,0x00132c80,abort@plt,DIRECT_CALL
0x000b8794,__cxa_demangle,0x00132c80,abort@plt,DIRECT_CALL
0x000b8798,__cxa_demangle,0x00132c80,abort@plt,DIRECT_CALL
0x000b879c,__cxa_demangle,0x00132c80,abort@plt,DIRECT_CALL
0x000b87a0,__cxa_demangle,0x00132c80,abort@plt,DIRECT_CALL
0x000b87a4,__cxa_demangle,0x00132c80,abort@plt,DIRECT_CALL
0x000b87ac,__cxa_demangle,0x001329f8,_ZdlPv@plt,BRANCH
0x000b87dc,__cxa_demangle,N/A,x8,INDIRECT_CALL
0x000b87ec,__cxa_demangle,0x000b8804,__cxa_demangle+0x16894,BRANCH
0x000b8800,__cxa_demangle,N/A,x8,INDIRECT_CALL
0x000b8814,__cxa_demangle,0x000b883c,__cxa_demangle+0x168cc,BRANCH
0x000b882c,__cxa_demangle,0x00132d28,realloc@plt,DIRECT_CALL
0x000b886c,__cxa_demangle,0x000b8894,__cxa_demangle+0x16924,BRANCH
0x000b8884,__cxa_demangle,0x00132d28,realloc@plt,DIRECT_CALL
0x000b88a0,__cxa_demangle,0x00132d70,memcpy@plt,DIRECT_CALL
0x000b88c0,__cxa_demangle,0x000b88e8,__cxa_demangle+0x16978,BRANCH
0x000b88d8,__cxa_demangle,0x00132d28,realloc@plt,DIRECT_CALL
0x000b8910,__cxa_demangle,0x00132c80,abort@plt,DIRECT_CALL
0x000b8914,__cxa_demangle,0x00132c80,abort@plt,DIRECT_CALL
0x000b8918,__cxa_demangle,0x00132c80,abort@plt,DIRECT_CALL
0x000b8920,__cxa_demangle,0x001329f8,_ZdlPv@plt,BRANCH
0x000b8950,__cxa_demangle,N/A,x8,INDIRECT_CALL
0x000b8960,__cxa_demangle,0x000b8978,__cxa_demangle+0x16a08,BRANCH
0x000b8974,__cxa_demangle,N/A,x8,INDIRECT_CALL
0x000b8988,__cxa_demangle,0x000b89b0,__cxa_demangle+0x16a40,BRANCH
0x000b89a0,__cxa_demangle,0x00132d28,realloc@plt,DIRECT_CALL
0x000b89e0,__cxa_demangle,0x000b8a08,__cxa_demangle+0x16a98,BRANCH
0x000b89f8,__cxa_demangle,0x00132d28,realloc@plt,DIRECT_CALL
0x000b8a14,__cxa_demangle,0x00132d70,memcpy@plt,DIRECT_CALL
0x000b8a3c,__cxa_demangle,N/A,x8,INDIRECT_CALL
0x000b8a4c,__cxa_demangle,0x000b8a64,__cxa_demangle+0x16af4,BRANCH
0x000b8a88,__cxa_demangle,0x00132c80,abort@plt,DIRECT_CALL
0x000b8a8c,__cxa_demangle,0x00132c80,abort@plt,DIRECT_CALL
0x000b8a94,__cxa_demangle,0x001329f8,_ZdlPv@plt,BRANCH
0x000b8aac,__cxa_demangle,0x000b8abc,__cxa_demangle+0x16b4c,BRANCH
0x000b8adc,__cxa_demangle,0x000b8aec,__cxa_demangle+0x16b7c,BRANCH
0x000b8b0c,__cxa_demangle,0x000b8b1c,__cxa_demangle+0x16bac,BRANCH
0x000b8b4c,__cxa_demangle,N/A,x8,INDIRECT_CALL
0x000b8b68,__cxa_demangle,0x000b8b90,__cxa_demangle+0x16c20,BRANCH
0x000b8b80,__cxa_demangle,0x00132d28,realloc@plt,DIRECT_CALL
0x000b8bcc,__cxa_demangle,0x000b8bf4,__cxa_demangle+0x16c84,BRANCH
0x000b8be4,__cxa_demangle,0x00132d28,realloc@plt,DIRECT_CALL
0x000b8bf4,__cxa_demangle,N/A,"x9, 0x56000",ADRP_PAGE_REF
0x000b8c34,__cxa_demangle,0x000b8c5c,__cxa_demangle+0x16cec,BRANCH
0x000b8c4c,__cxa_demangle,0x00132d28,realloc@plt,DIRECT_CALL
0x000b8c5c,__cxa_demangle,N/A,"x9, 0x56000",ADRP_PAGE_REF
0x000b8c94,__cxa_demangle,0x00132c80,abort@plt,DIRECT_CALL
0x000b8c98,__cxa_demangle,0x00132c80,abort@plt,DIRECT_CALL
0x000b8c9c,__cxa_demangle,0x00132c80,abort@plt,DIRECT_CALL
0x000b8cb8,__cxa_demangle,0x001329f8,_ZdlPv@plt,BRANCH
0x000b8cf8,__cxa_demangle,0x000b8d20,__cxa_demangle+0x16db0,BRANCH
0x000b8d10,__cxa_demangle,0x00132d28,realloc@plt,DIRECT_CALL
0x000b8d2c,__cxa_demangle,0x00132d70,memcpy@plt,DIRECT_CALL
0x000b8d4c,__cxa_demangle,0x000b8d78,__cxa_demangle+0x16e08,BRANCH
0x000b8d64,__cxa_demangle,0x00132d28,realloc@plt,DIRECT_CALL
0x000b8d98,__cxa_demangle,N/A,x8,INDIRECT_CALL
0x000b8da8,__cxa_demangle,0x000b8dc0,__cxa_demangle+0x16e50,BRANCH
0x000b8dbc,__cxa_demangle,N/A,x8,INDIRECT_CALL
0x000b8dd0,__cxa_demangle,0x000b8dfc,__cxa_demangle+0x16e8c,BRANCH
0x000b8de8,__cxa_demangle,0x00132d28,realloc@plt,DIRECT_CALL
0x000b8e1c,__cxa_demangle,0x00132c80,abort@plt,DIRECT_CALL
0x000b8e20,__cxa_demangle,0x00132c80,abort@plt,DIRECT_CALL
0x000b8e24,__cxa_demangle,0x00132c80,abort@plt,DIRECT_CALL
0x000b8e2c,__cxa_demangle,0x001329f8,_ZdlPv@plt,BRANCH
0x000b8e58,__cxa_demangle,0x000b8e88,__cxa_demangle+0x16f18,BRANCH
0x000b8e74,__cxa_demangle,0x00132d28,realloc@plt,DIRECT_CALL
0x000b8ec0,__cxa_demangle,N/A,x8,INDIRECT_CALL
0x000b8ed0,__cxa_demangle,0x000b8ee4,__cxa_demangle+0x16f74,BRANCH
0x000b8f04,__cxa_demangle,0x00132c80,abort@plt,DIRECT_CALL
0x000b8f0c,__cxa_demangle,0x001329f8,_ZdlPv@plt,BRANCH
0x000b8f44,__cxa_demangle,0x000b8fbc,__cxa_demangle+0x1704c,BRANCH
0x000b8f48,__cxa_demangle,0x000b8fe0,__cxa_demangle+0x17070,BRANCH
0x000b8f5c,__cxa_demangle,0x000b8f84,__cxa_demangle+0x17014,BRANCH
0x000b8f74,__cxa_demangle,0x00132d28,realloc@plt,DIRECT_CALL
0x000b8f84,__cxa_demangle,N/A,"x9, 0x54000",ADRP_PAGE_REF
0x000b8fb8,__cxa_demangle,0x000b8fe0,__cxa_demangle+0x17070,BRANCH
0x000b8fd0,__cxa_demangle,0x00132d28,realloc@plt,DIRECT_CALL
0x000b9020,__cxa_demangle,0x000b904c,__cxa_demangle+0x170dc,BRANCH
0x000b9038,__cxa_demangle,0x00132d28,realloc@plt,DIRECT_CALL
0x000b9068,__cxa_demangle,0x000acde4,__cxa_demangle+0xae74,DIRECT_CALL
0x000b9088,__cxa_demangle,0x000b90b4,__cxa_demangle+0x17144,BRANCH
0x000b90a0,__cxa_demangle,0x00132d28,realloc@plt,DIRECT_CALL
0x000b90d0,__cxa_demangle,0x00132c80,abort@plt,DIRECT_CALL
0x000b90d4,__cxa_demangle,0x00132c80,abort@plt,DIRECT_CALL
0x000b90d8,__cxa_demangle,0x00132c80,abort@plt,DIRECT_CALL
0x000b90dc,__cxa_demangle,0x00132c80,abort@plt,DIRECT_CALL
0x000b90e4,__cxa_demangle,0x001329f8,_ZdlPv@plt,BRANCH
0x000b9110,__cxa_demangle,N/A,x8,INDIRECT_CALL
0x000b9130,__cxa_demangle,0x000b9158,__cxa_demangle+0x171e8,BRANCH
0x000b9148,__cxa_demangle,0x00132d28,realloc@plt,DIRECT_CALL
0x000b9164,__cxa_demangle,0x00132d70,memcpy@plt,DIRECT_CALL
0x000b9188,__cxa_demangle,0x00132c80,abort@plt,DIRECT_CALL
0x000b9190,__cxa_demangle,0x001329f8,_ZdlPv@plt,BRANCH
0x000b91bc,__cxa_demangle,0x000b91e0,__cxa_demangle+0x17270,BRANCH
0x000b91c8,__cxa_demangle,0x00132d10,malloc@plt,DIRECT_CALL
0x000b91e8,__cxa_demangle,N/A,"x8, 0x13c000 <vtable for __cxxabiv1::__pointer_to_member_type_info+0x1dd0>",ADRP_PAGE_REF
0x000b9230,__cxa_demangle,0x00132800,_ZSt9terminatev@plt,DIRECT_CALL
0x000b9260,__cxa_demangle,0x000b9284,__cxa_demangle+0x17314,BRANCH
0x000b926c,__cxa_demangle,0x00132d10,malloc@plt,DIRECT_CALL
0x000b928c,__cxa_demangle,N/A,"x8, 0x13c000 <vtable for __cxxabiv1::__pointer_to_member_type_info+0x1dd0>",ADRP_PAGE_REF
0x000b92d8,__cxa_demangle,0x00132800,_ZSt9terminatev@plt,DIRECT_CALL
0x000b9304,__cxa_demangle,0x000b9334,__cxa_demangle+0x173c4,BRANCH
0x000b9320,__cxa_demangle,0x00132d28,realloc@plt,DIRECT_CALL
0x000b9334,__cxa_demangle,N/A,"x10, 0x56000",ADRP_PAGE_REF
0x000b9370,__cxa_demangle,N/A,x8,INDIRECT_CALL
0x000b9380,__cxa_demangle,0x000b9398,__cxa_demangle+0x17428,BRANCH
0x000b9394,__cxa_demangle,N/A,x8,INDIRECT_CALL
0x000b93a8,__cxa_demangle,0x000b93d0,__cxa_demangle+0x17460,BRANCH
0x000b93c0,__cxa_demangle,0x00132d28,realloc@plt,DIRECT_CALL
0x000b93f4,__cxa_demangle,0x00132c80,abort@plt,DIRECT_CALL
0x000b93f8,__cxa_demangle,0x00132c80,abort@plt,DIRECT_CALL
0x000b9400,__cxa_demangle,0x001329f8,_ZdlPv@plt,BRANCH
0x000b9430,__cxa_demangle,N/A,x8,INDIRECT_CALL
0x000b9440,__cxa_demangle,0x000b9458,__cxa_demangle+0x174e8,BRANCH
0x000b9454,__cxa_demangle,N/A,x8,INDIRECT_CALL
0x000b9468,__cxa_demangle,0x000b9490,__cxa_demangle+0x17520,BRANCH
0x000b9480,__cxa_demangle,0x00132d28,realloc@plt,DIRECT_CALL
0x000b94c8,__cxa_demangle,N/A,x8,INDIRECT_CALL
0x000b94d8,__cxa_demangle,0x000b94f0,__cxa_demangle+0x17580,BRANCH
0x000b94ec,__cxa_demangle,N/A,x8,INDIRECT_CALL
0x000b9500,__cxa_demangle,0x000b9528,__cxa_demangle+0x175b8,BRANCH
0x000b9518,__cxa_demangle,0x00132d28,realloc@plt,DIRECT_CALL
0x000b9550,__cxa_demangle,0x00132c80,abort@plt,DIRECT_CALL
0x000b9554,__cxa_demangle,0x00132c80,abort@plt,DIRECT_CALL
0x000b955c,__cxa_demangle,0x001329f8,_ZdlPv@plt,BRANCH
0x000b958c,__cxa_demangle,0x000b95b0,__cxa_demangle+0x17640,BRANCH
0x000b9598,__cxa_demangle,0x00132d10,malloc@plt,DIRECT_CALL
0x000b95b8,__cxa_demangle,N/A,"x8, 0x13c000 <vtable for __cxxabiv1::__pointer_to_member_type_info+0x1dd0>",ADRP_PAGE_REF
0x000b9600,__cxa_demangle,0x00132800,_ZSt9terminatev@plt,DIRECT_CALL
0x000b9664,__cxa_demangle,0x000b96b0,__cxa_demangle+0x17740,BRANCH
0x000b9674,__cxa_demangle,0x000b969c,__cxa_demangle+0x1772c,BRANCH
0x000b968c,__cxa_demangle,0x00132d28,realloc@plt,DIRECT_CALL
0x000b96bc,__cxa_demangle,0x000b96e4,__cxa_demangle+0x17774,BRANCH
0x000b96d4,__cxa_demangle,0x00132d28,realloc@plt,DIRECT_CALL
0x000b9710,__cxa_demangle,N/A,x8,INDIRECT_CALL
0x000b9720,__cxa_demangle,0x000b9738,__cxa_demangle+0x177c8,BRANCH
0x000b9734,__cxa_demangle,N/A,x8,INDIRECT_CALL
0x000b9748,__cxa_demangle,0x000b9770,__cxa_demangle+0x17800,BRANCH
0x000b9760,__cxa_demangle,0x00132d28,realloc@plt,DIRECT_CALL
0x000b97a8,__cxa_demangle,N/A,"x0, 0x54000",ADRP_PAGE_REF
0x000b97b0,__cxa_demangle,N/A,"x1, 0x55000",ADRP_PAGE_REF
0x000b97c4,__cxa_demangle,0x000a0110,std::bad_typeid::what() const+0x10,DIRECT_CALL
0x000b97c8,__cxa_demangle,0x00132c80,abort@plt,DIRECT_CALL
0x000b97cc,__cxa_demangle,0x00132c80,abort@plt,DIRECT_CALL
0x000b97d0,__cxa_demangle,0x00132c80,abort@plt,DIRECT_CALL
0x000b97d8,__cxa_demangle,0x001329f8,_ZdlPv@plt,BRANCH
0x000b9808,__cxa_demangle,0x000b982c,__cxa_demangle+0x178bc,BRANCH
0x000b9814,__cxa_demangle,0x00132d10,malloc@plt,DIRECT_CALL
0x000b983c,__cxa_demangle,N/A,"x8, 0x13c000 <vtable for __cxxabiv1::__pointer_to_member_type_info+0x1dd0>",ADRP_PAGE_REF
0x000b988c,__cxa_demangle,0x00132800,_ZSt9terminatev@plt,DIRECT_CALL
0x000b98a4,__cxa_demangle,0x000b98b4,__cxa_demangle+0x17944,BRANCH
0x000b98e4,__cxa_demangle,N/A,x8,INDIRECT_CALL
0x000b98fc,__cxa_demangle,0x000b991c,__cxa_demangle+0x179ac,BRANCH
0x000b990c,__cxa_demangle,N/A,x8,INDIRECT_CALL
0x000b9924,__cxa_demangle,0x000b9944,__cxa_demangle+0x179d4,BRANCH
0x000b992c,__cxa_demangle,0x000b9984,__cxa_demangle+0x17a14,BRANCH
0x000b993c,__cxa_demangle,N/A,x8,INDIRECT_CALL
0x000b9954,__cxa_demangle,0x000b997c,__cxa_demangle+0x17a0c,BRANCH
0x000b996c,__cxa_demangle,0x00132d28,realloc@plt,DIRECT_CALL
0x000b9980,__cxa_demangle,0x000b99c0,__cxa_demangle+0x17a50,BRANCH
0x000b9994,__cxa_demangle,0x000b99bc,__cxa_demangle+0x17a4c,BRANCH
0x000b99ac,__cxa_demangle,0x00132d28,realloc@plt,DIRECT_CALL
0x000b99e4,__cxa_demangle,N/A,x8,INDIRECT_CALL
0x000b99f4,__cxa_demangle,0x000b9a0c,__cxa_demangle+0x17a9c,BRANCH
0x000b9a08,__cxa_demangle,N/A,x8,INDIRECT_CALL
0x000b9a1c,__cxa_demangle,0x000b9a44,__cxa_demangle+0x17ad4,BRANCH
0x000b9a34,__cxa_demangle,0x00132d28,realloc@plt,DIRECT_CALL
0x000b9a74,__cxa_demangle,0x00132c80,abort@plt,DIRECT_CALL
0x000b9a78,__cxa_demangle,0x00132c80,abort@plt,DIRECT_CALL
0x000b9a7c,__cxa_demangle,0x00132c80,abort@plt,DIRECT_CALL
0x000b9aac,__cxa_demangle,0x000b9acc,__cxa_demangle+0x17b5c,BRANCH
0x000b9abc,__cxa_demangle,N/A,x8,INDIRECT_CALL
0x000b9ad4,__cxa_demangle,0x000b9af4,__cxa_demangle+0x17b84,BRANCH
0x000b9adc,__cxa_demangle,0x000b9b40,__cxa_demangle+0x17bd0,BRANCH
0x000b9aec,__cxa_demangle,N/A,x8,INDIRECT_CALL
0x000b9b04,__cxa_demangle,0x000b9b2c,__cxa_demangle+0x17bbc,BRANCH
0x000b9b1c,__cxa_demangle,0x00132d28,realloc@plt,DIRECT_CALL
0x000b9b60,__cxa_demangle,0x00132c80,abort@plt,DIRECT_CALL
0x000b9b68,__cxa_demangle,0x001329f8,_ZdlPv@plt,BRANCH
0x000b9ba8,__cxa_demangle,0x000b9bd0,__cxa_demangle+0x17c60,BRANCH
0x000b9bc0,__cxa_demangle,0x00132d28,realloc@plt,DIRECT_CALL
0x000b9bdc,__cxa_demangle,0x00132d70,memcpy@plt,DIRECT_CALL
0x000b9bfc,__cxa_demangle,0x000b9c28,__cxa_demangle+0x17cb8,BRANCH
0x000b9c14,__cxa_demangle,0x00132d28,realloc@plt,DIRECT_CALL
0x000b9c48,__cxa_demangle,N/A,x8,INDIRECT_CALL
0x000b9c58,__cxa_demangle,0x000b9c70,__cxa_demangle+0x17d00,BRANCH
0x000b9c94,__cxa_demangle,0x00132c80,abort@plt,DIRECT_CALL
0x000b9c98,__cxa_demangle,0x00132c80,abort@plt,DIRECT_CALL
0x000b9ca0,__cxa_demangle,0x001329f8,_ZdlPv@plt,BRANCH
0x000b9cb8,__cxa_demangle,0x000b9cc8,__cxa_demangle+0x17d58,BRANCH
0x000b9cfc,__cxa_demangle,0x000b9d54,__cxa_demangle+0x17de4,BRANCH
0x000b9d0c,__cxa_demangle,0x000b9d54,__cxa_demangle+0x17de4,BRANCH
0x000b9d18,__cxa_demangle,0x000b9d54,__cxa_demangle+0x17de4,BRANCH
0x000b9d50,__cxa_demangle,0x000b9eec,__cxa_demangle+0x17f7c,BRANCH
0x000b9d60,__cxa_demangle,N/A,x8,INDIRECT_CALL
0x000b9d70,__cxa_demangle,0x000b9d90,__cxa_demangle+0x17e20,BRANCH
0x000b9d78,__cxa_demangle,0x000b9ddc,__cxa_demangle+0x17e6c,BRANCH
0x000b9d88,__cxa_demangle,N/A,x8,INDIRECT_CALL
0x000b9da0,__cxa_demangle,0x000b9dc8,__cxa_demangle+0x17e58,BRANCH
0x000b9db8,__cxa_demangle,0x00132d28,realloc@plt,DIRECT_CALL
0x000b9df0,__cxa_demangle,0x000b9e10,__cxa_demangle+0x17ea0,BRANCH
0x000b9e00,__cxa_demangle,N/A,x8,INDIRECT_CALL
0x000b9e18,__cxa_demangle,0x000b9e38,__cxa_demangle+0x17ec8,BRANCH
0x000b9e20,__cxa_demangle,0x000b9e84,__cxa_demangle+0x17f14,BRANCH
0x000b9e30,__cxa_demangle,N/A,x8,INDIRECT_CALL
0x000b9e48,__cxa_demangle,0x000b9e70,__cxa_demangle+0x17f00,BRANCH
0x000b9e60,__cxa_demangle,0x00132d28,realloc@plt,DIRECT_CALL
0x000b9e9c,__cxa_demangle,0x000b9ec4,__cxa_demangle+0x17f54,BRANCH
0x000b9eb4,__cxa_demangle,0x00132d28,realloc@plt,DIRECT_CALL
0x000b9f04,__cxa_demangle,0x000b9f3c,__cxa_demangle+0x17fcc,BRANCH
0x000b9f24,__cxa_demangle,0x00132d28,realloc@plt,DIRECT_CALL
0x000b9f78,__cxa_demangle,0x000b9fa0,__cxa_demangle+0x18030,BRANCH
0x000b9f90,__cxa_demangle,0x00132d28,realloc@plt,DIRECT_CALL
0x000b9fac,__cxa_demangle,0x00132d70,memcpy@plt,DIRECT_CALL
0x000b9fcc,__cxa_demangle,0x000b9ff4,__cxa_demangle+0x18084,BRANCH
0x000b9fe4,__cxa_demangle,0x00132d28,realloc@plt,DIRECT_CALL
0x000b9ff8,__cxa_demangle,0x000b9ec8,__cxa_demangle+0x17f58,BRANCH
0x000b9ffc,__cxa_demangle,0x00132c80,abort@plt,DIRECT_CALL
0x000ba000,__cxa_demangle,0x00132c80,abort@plt,DIRECT_CALL
0x000ba004,__cxa_demangle,0x00132c80,abort@plt,DIRECT_CALL
0x000ba008,__cxa_demangle,0x00132c80,abort@plt,DIRECT_CALL
0x000ba00c,__cxa_demangle,0x00132c80,abort@plt,DIRECT_CALL
0x000ba010,__cxa_demangle,0x00132c80,abort@plt,DIRECT_CALL
0x000ba038,__cxa_demangle,0x000ba090,__cxa_demangle+0x18120,BRANCH
0x000ba048,__cxa_demangle,0x000ba090,__cxa_demangle+0x18120,BRANCH
0x000ba054,__cxa_demangle,0x000ba090,__cxa_demangle+0x18120,BRANCH
0x000ba08c,__cxa_demangle,0x000ba154,__cxa_demangle+0x181e4,BRANCH
0x000ba0a0,__cxa_demangle,0x000ba0c0,__cxa_demangle+0x18150,BRANCH
0x000ba0b0,__cxa_demangle,N/A,x8,INDIRECT_CALL
0x000ba0c8,__cxa_demangle,0x000ba0e8,__cxa_demangle+0x18178,BRANCH
0x000ba0d0,__cxa_demangle,0x000ba134,__cxa_demangle+0x181c4,BRANCH
0x000ba0e0,__cxa_demangle,N/A,x8,INDIRECT_CALL
0x000ba0f8,__cxa_demangle,0x000ba120,__cxa_demangle+0x181b0,BRANCH
0x000ba110,__cxa_demangle,0x00132d28,realloc@plt,DIRECT_CALL
0x000ba164,__cxa_demangle,0x00132c80,abort@plt,DIRECT_CALL
0x000ba16c,__cxa_demangle,0x001329f8,_ZdlPv@plt,BRANCH
0x000ba184,__cxa_demangle,0x000ba194,__cxa_demangle+0x18224,BRANCH
0x000ba1f0,__cxa_demangle,0x000ba520,__cxa_demangle+0x185b0,DIRECT_CALL
0x000ba210,__cxa_demangle,N/A,x8,INDIRECT_CALL
0x000ba21c,__cxa_demangle,0x000ba240,__cxa_demangle+0x182d0,BRANCH
0x000ba224,__cxa_demangle,0x000ba28c,__cxa_demangle+0x1831c,BRANCH
0x000ba238,__cxa_demangle,N/A,x8,INDIRECT_CALL
0x000ba250,__cxa_demangle,0x000ba278,__cxa_demangle+0x18308,BRANCH
0x000ba268,__cxa_demangle,0x00132d28,realloc@plt,DIRECT_CALL
0x000ba29c,__cxa_demangle,0x000ba2bc,__cxa_demangle+0x1834c,BRANCH
0x000ba2b0,__cxa_demangle,N/A,x8,INDIRECT_CALL
0x000ba2c4,__cxa_demangle,0x000ba2e8,__cxa_demangle+0x18378,BRANCH
0x000ba2cc,__cxa_demangle,0x000ba334,__cxa_demangle+0x183c4,BRANCH
0x000ba2e0,__cxa_demangle,N/A,x8,INDIRECT_CALL
0x000ba2f8,__cxa_demangle,0x000ba320,__cxa_demangle+0x183b0,BRANCH
0x000ba310,__cxa_demangle,0x00132d28,realloc@plt,DIRECT_CALL
0x000ba33c,__cxa_demangle,N/A,"x11, 0x55000",ADRP_PAGE_REF
0x000ba348,__cxa_demangle,N/A,"x12, 0x55000",ADRP_PAGE_REF
0x000ba364,__cxa_demangle,0x000ba38c,__cxa_demangle+0x1841c,BRANCH
0x000ba37c,__cxa_demangle,0x00132d28,realloc@plt,DIRECT_CALL
0x000ba398,__cxa_demangle,0x00132d70,memcpy@plt,DIRECT_CALL
0x000ba3c0,__cxa_demangle,0x00132c80,abort@plt,DIRECT_CALL
0x000ba3c4,__cxa_demangle,0x00132c80,abort@plt,DIRECT_CALL
0x000ba3c8,__cxa_demangle,0x00132c80,abort@plt,DIRECT_CALL
0x000ba3d0,__cxa_demangle,0x0012e82c,__emutls_get_address+0xd50,DIRECT_CALL
0x000ba424,__cxa_demangle,0x000ba520,__cxa_demangle+0x185b0,DIRECT_CALL
0x000ba440,__cxa_demangle,0x000ba460,__cxa_demangle+0x184f0,BRANCH
0x000ba454,__cxa_demangle,N/A,x8,INDIRECT_CALL
0x000ba468,__cxa_demangle,0x000ba48c,__cxa_demangle+0x1851c,BRANCH
0x000ba470,__cxa_demangle,0x000ba4d8,__cxa_demangle+0x18568,BRANCH
0x000ba484,__cxa_demangle,N/A,x8,INDIRECT_CALL
0x000ba49c,__cxa_demangle,0x000ba4c4,__cxa_demangle+0x18554,BRANCH
0x000ba4b4,__cxa_demangle,0x00132d28,realloc@plt,DIRECT_CALL
0x000ba4e8,__cxa_demangle,N/A,x8,INDIRECT_CALL
0x000ba504,__cxa_demangle,0x00132c80,abort@plt,DIRECT_CALL
0x000ba50c,__cxa_demangle,0x0012e82c,__emutls_get_address+0xd50,DIRECT_CALL
0x000ba51c,__cxa_demangle,0x001329f8,_ZdlPv@plt,BRANCH
0x000ba578,__cxa_demangle,N/A,x8,INDIRECT_CALL
0x000ba584,__cxa_demangle,0x000ba650,__cxa_demangle+0x186e0,BRANCH
0x000ba5a0,__cxa_demangle,0x000ba604,__cxa_demangle+0x18694,BRANCH
0x000ba5b4,__cxa_demangle,0x000ba5c8,__cxa_demangle+0x18658,BRANCH
0x000ba5b8,__cxa_demangle,0x00132d28,realloc@plt,DIRECT_CALL
0x000ba5c4,__cxa_demangle,0x000ba6a4,__cxa_demangle+0x18734,BRANCH
0x000ba5cc,__cxa_demangle,0x00132d10,malloc@plt,DIRECT_CALL
0x000ba5d8,__cxa_demangle,0x000ba5f0,__cxa_demangle+0x18680,BRANCH
0x000ba5e8,__cxa_demangle,0x00132d70,memcpy@plt,DIRECT_CALL
0x000ba620,__cxa_demangle,0x000ba568,__cxa_demangle+0x185f8,BRANCH
0x000ba630,__cxa_demangle,0x000ba684,__cxa_demangle+0x18714,BRANCH
0x000ba63c,__cxa_demangle,0x000ba568,__cxa_demangle+0x185f8,BRANCH
0x000ba648,__cxa_demangle,0x000ba65c,__cxa_demangle+0x186ec,BRANCH
0x000ba64c,__cxa_demangle,0x000ba660,__cxa_demangle+0x186f0,BRANCH
0x000ba658,__cxa_demangle,0x000ba660,__cxa_demangle+0x186f0,BRANCH
0x000ba65c,__cxa_demangle,0x00132830,free@plt,DIRECT_CALL
0x000ba684,__cxa_demangle,N/A,"x0, 0x54000",ADRP_PAGE_REF
0x000ba68c,__cxa_demangle,N/A,"x1, 0x55000",ADRP_PAGE_REF
0x000ba694,__cxa_demangle,N/A,"x3, 0x55000",ADRP_PAGE_REF
0x000ba6a0,__cxa_demangle,0x000a0110,std::bad_typeid::what() const+0x10,DIRECT_CALL
0x000ba6a4,__cxa_demangle,0x00132c80,abort@plt,DIRECT_CALL
0x000ba6a8,__cxa_demangle,0x00132c80,abort@plt,DIRECT_CALL
0x000ba6ac,__cxa_demangle,0x000ba6b0,__cxa_demangle+0x18740,BRANCH
0x000ba6bc,__cxa_demangle,0x000ba6c4,__cxa_demangle+0x18754,BRANCH
0x000ba6c0,__cxa_demangle,0x00132830,free@plt,DIRECT_CALL
0x000ba6c8,__cxa_demangle,0x0012e82c,__emutls_get_address+0xd50,DIRECT_CALL
0x000ba6e8,operator new(unsigned long),0x00132d10,malloc@plt,DIRECT_CALL
0x000ba6f0,operator new(unsigned long),0x00132968,_ZSt15get_new_handlerv@plt,DIRECT_CALL
0x000ba6f8,operator new(unsigned long),N/A,x0,INDIRECT_CALL
0x000ba6fc,operator new(unsigned long),0x000ba6e4,operator new(unsigned long)+0x18,BRANCH
0x000ba714,operator new(unsigned long),0x00132710,__cxa_allocate_exception@plt,DIRECT_CALL
0x000ba71c,operator new(unsigned long),0x00132a40,_ZNSt9bad_allocC1Ev@plt,DIRECT_CALL
0x000ba720,operator new(unsigned long),N/A,"x1, 0x141000 <vtable for std::__ndk1::regex_error+0x640>",ADRP_PAGE_REF
0x000ba724,operator new(unsigned long),N/A,"x2, 0x141000 <vtable for std::__ndk1::regex_error+0x640>",ADRP_PAGE_REF
0x000ba734,operator new(unsigned long),0x00132758,__cxa_throw@plt,DIRECT_CALL
0x000ba738,operator new(unsigned long),0x0009ef48,std::set_unexpected(void (*)())+0x34,DIRECT_CALL
0x000ba748,"operator new(unsigned long, std::nothrow_t const&)",0x00132dd0,_Znwm@plt,DIRECT_CALL
0x000ba758,"operator new(unsigned long, std::nothrow_t const&)",0x00132818,__cxa_begin_catch@plt,DIRECT_CALL
0x000ba75c,"operator new(unsigned long, std::nothrow_t const&)",0x00132de8,__cxa_end_catch@plt,DIRECT_CALL
0x000ba770,"operator new(unsigned long, std::nothrow_t const&)",0x0009ef48,std::set_unexpected(void (*)())+0x34,DIRECT_CALL
0x000ba778,operator new[](unsigned long),0x00132dd0,_Znwm@plt,BRANCH
0x000ba788,"operator new[](unsigned long, std::nothrow_t const&)",0x00132980,_Znam@plt,DIRECT_CALL
0x000ba798,"operator new[](unsigned long, std::nothrow_t const&)",0x00132818,__cxa_begin_catch@plt,DIRECT_CALL
0x000ba79c,"operator new[](unsigned long, std::nothrow_t const&)",0x00132de8,__cxa_end_catch@plt,DIRECT_CALL
0x000ba7b0,"operator new[](unsigned long, std::nothrow_t const&)",0x0009ef48,std::set_unexpected(void (*)())+0x34,DIRECT_CALL
0x000ba7b8,operator delete(void*),0x00132830,free@plt,BRANCH
0x000ba7c0,"operator delete(void*, std::nothrow_t const&)",0x001329f8,_ZdlPv@plt,BRANCH
0x000ba7c8,"operator delete(void*, unsigned long)",0x001329f8,_ZdlPv@plt,BRANCH
0x000ba7d0,operator delete[](void*),0x001329f8,_ZdlPv@plt,BRANCH
0x000ba7d8,"operator delete[](void*, std::nothrow_t const&)",0x00132998,_ZdaPv@plt,BRANCH
0x000ba7e0,"operator delete[](void*, unsigned long)",0x00132998,_ZdaPv@plt,BRANCH
0x000ba81c,"operator new(unsigned long, std::align_val_t)",0x00132c98,posix_memalign@plt,DIRECT_CALL
0x000ba828,"operator new(unsigned long, std::align_val_t)",0x00132968,_ZSt15get_new_handlerv@plt,DIRECT_CALL
0x000ba830,"operator new(unsigned long, std::align_val_t)",N/A,x0,INDIRECT_CALL
0x000ba834,"operator new(unsigned long, std::align_val_t)",0x000ba80c,"operator new(unsigned long, std::align_val_t)+0x28",BRANCH
0x000ba850,"operator new(unsigned long, std::align_val_t)",0x00132710,__cxa_allocate_exception@plt,DIRECT_CALL
0x000ba858,"operator new(unsigned long, std::align_val_t)",0x00132a40,_ZNSt9bad_allocC1Ev@plt,DIRECT_CALL
0x000ba85c,"operator new(unsigned long, std::align_val_t)",N/A,"x1, 0x141000 <vtable for std::__ndk1::regex_error+0x640>",ADRP_PAGE_REF
0x000ba860,"operator new(unsigned long, std::align_val_t)",N/A,"x2, 0x141000 <vtable for std::__ndk1::regex_error+0x640>",ADRP_PAGE_REF
0x000ba870,"operator new(unsigned long, std::align_val_t)",0x00132758,__cxa_throw@plt,DIRECT_CALL
0x000ba874,"operator new(unsigned long, std::align_val_t)",0x0009ef48,std::set_unexpected(void (*)())+0x34,DIRECT_CALL
0x000ba884,"operator new(unsigned long, std::align_val_t, std::nothrow_t const&)",0x00132e00,_ZnwmSt11align_val_t@plt,DIRECT_CALL
0x000ba894,"operator new(unsigned long, std::align_val_t, std::nothrow_t const&)",0x00132818,__cxa_begin_catch@plt,DIRECT_CALL
0x000ba898,"operator new(unsigned long, std::align_val_t, std::nothrow_t const&)",0x00132de8,__cxa_end_catch@plt,DIRECT_CALL
0x000ba8ac,"operator new(unsigned long, std::align_val_t, std::nothrow_t const&)",0x0009ef48,std::set_unexpected(void (*)())+0x34,DIRECT_CALL
0x000ba8b4,"operator new[](unsigned long, std::align_val_t)",0x00132e00,_ZnwmSt11align_val_t@plt,BRANCH
0x000ba8c4,"operator new[](unsigned long, std::align_val_t, std::nothrow_t const&)",0x00132e18,_ZnamSt11align_val_t@plt,DIRECT_CALL
0x000ba8d4,"operator new[](unsigned long, std::align_val_t, std::nothrow_t const&)",0x00132818,__cxa_begin_catch@plt,DIRECT_CALL
0x000ba8d8,"operator new[](unsigned long, std::align_val_t, std::nothrow_t const&)",0x00132de8,__cxa_end_catch@plt,DIRECT_CALL
0x000ba8ec,"operator new[](unsigned long, std::align_val_t, std::nothrow_t const&)",0x0009ef48,std::set_unexpected(void (*)())+0x34,DIRECT_CALL
0x000ba8f4,"operator delete(void*, std::align_val_t)",0x00132830,free@plt,BRANCH
0x000ba8fc,"operator delete(void*, std::align_val_t, std::nothrow_t const&)",0x00132e30,_ZdlPvSt11align_val_t@plt,BRANCH
0x000ba908,"operator delete(void*, unsigned long, std::align_val_t)",0x00132e30,_ZdlPvSt11align_val_t@plt,BRANCH
0x000ba910,"operator delete[](void*, std::align_val_t)",0x00132e30,_ZdlPvSt11align_val_t@plt,BRANCH
0x000ba918,"operator delete[](void*, std::align_val_t, std::nothrow_t const&)",0x00132e48,_ZdaPvSt11align_val_t@plt,BRANCH
0x000ba924,"operator delete[](void*, unsigned long, std::align_val_t)",0x00132e48,_ZdaPvSt11align_val_t@plt,BRANCH
0x000ba970,__cxa_allocate_exception,0x000a0214,std::bad_typeid::what() const+0x114,DIRECT_CALL
0x000ba988,__cxa_allocate_exception,0x00132cb0,memset@plt,DIRECT_CALL
0x000ba9a0,__cxa_allocate_exception,0x00132800,_ZSt9terminatev@plt,DIRECT_CALL
0x000ba9a4,__cxa_allocate_exception,0x0009ef48,std::set_unexpected(void (*)())+0x34,DIRECT_CALL
0x000ba9bc,__cxa_begin_catch,0x00132848,__cxa_get_globals@plt,DIRECT_CALL
0x000ba9d8,__cxa_begin_catch,0x000baa28,__cxa_begin_catch+0x80,BRANCH
0x000ba9f8,__cxa_begin_catch,0x000baa04,__cxa_begin_catch+0x5c,BRANCH
0x000baa4c,__cxa_begin_catch,0x00132800,_ZSt9terminatev@plt,DIRECT_CALL
0x000baa50,__cxa_begin_catch,0x0009ef48,std::set_unexpected(void (*)())+0x34,DIRECT_CALL
0x000baa64,__cxa_free_exception,0x000a03f8,std::bad_typeid::what() const+0x2f8,DIRECT_CALL
0x000baa74,__cxa_free_exception,0x0009ef48,std::set_unexpected(void (*)())+0x34,DIRECT_CALL
0x000baa88,__cxa_allocate_dependent_exception,0x000a0214,std::bad_typeid::what() const+0x114,DIRECT_CALL
0x000baab0,__cxa_allocate_dependent_exception,0x00132800,_ZSt9terminatev@plt,DIRECT_CALL
0x000baab8,__cxa_free_dependent_exception,0x000a03f8,std::bad_typeid::what() const+0x2f8,BRANCH
0x000baadc,__cxa_throw,0x00132848,__cxa_get_globals@plt,DIRECT_CALL
0x000baae4,__cxa_throw,0x00132938,_ZSt14get_unexpectedv@plt,DIRECT_CALL
0x000baaec,__cxa_throw,0x00132950,_ZSt13get_terminatev@plt,DIRECT_CALL
0x000bab34,__cxa_throw,0x0012e600,__emutls_get_address+0xb24,DIRECT_CALL
0x000bab3c,__cxa_throw,0x000baba8,__cxa_throw+0xec,DIRECT_CALL
0x000bab58,__cxa_throw,0x000bab98,__cxa_throw+0xdc,BRANCH
0x000bab64,__cxa_throw,0x0012e5d0,__emutls_get_address+0xaf4,DIRECT_CALL
0x000bab6c,__cxa_throw,0x000bab88,__cxa_throw+0xcc,BRANCH
0x000bab7c,__cxa_throw,N/A,x8,INDIRECT_CALL
0x000bab84,__cxa_throw,0x000a03f8,std::bad_typeid::what() const+0x2f8,DIRECT_CALL
0x000bab9c,__cxa_throw,0x0009f368,std::get_terminate()+0x14,DIRECT_CALL
0x000baba0,__cxa_throw,0x0009ef48,std::set_unexpected(void (*)())+0x34,DIRECT_CALL
0x000baba4,__cxa_throw,0x0009ef48,std::set_unexpected(void (*)())+0x34,DIRECT_CALL
0x000babc0,__cxa_throw,0x00132818,__cxa_begin_catch@plt,DIRECT_CALL
0x000babc8,__cxa_throw,0x0009f368,std::get_terminate()+0x14,DIRECT_CALL
0x000babe8,__cxa_end_catch,0x001327d0,__cxa_get_globals_fast@plt,DIRECT_CALL
0x000bac10,__cxa_end_catch,0x000bac38,__cxa_end_catch+0x60,BRANCH
0x000bac24,__cxa_end_catch,0x000bac7c,__cxa_end_catch+0xa4,BRANCH
0x000bac40,__cxa_end_catch,0x0012ea0c,__emutls_get_address+0xf30,DIRECT_CALL
0x000bac60,__cxa_end_catch,0x000bac28,__cxa_end_catch+0x50,BRANCH
0x000bac8c,__cxa_end_catch,0x000baca4,__cxa_end_catch+0xcc,BRANCH
0x000bac9c,__cxa_end_catch,0x000a03f8,std::bad_typeid::what() const+0x2f8,DIRECT_CALL
0x000bacac,__cxa_end_catch,0x0012e5d0,__emutls_get_address+0xaf4,DIRECT_CALL
0x000bacb4,__cxa_end_catch,0x000bac28,__cxa_end_catch+0x50,BRANCH
0x000bacc4,__cxa_end_catch,N/A,x8,INDIRECT_CALL
0x000baccc,__cxa_end_catch,0x000a03f8,std::bad_typeid::what() const+0x2f8,DIRECT_CALL
0x000bacd0,__cxa_end_catch,0x000bac28,__cxa_end_catch+0x50,BRANCH
0x000bacd4,__cxa_end_catch,0x0009ef48,std::set_unexpected(void (*)())+0x34,DIRECT_CALL
0x000bacd8,__cxa_end_catch,0x0009ef48,std::set_unexpected(void (*)())+0x34,DIRECT_CALL
0x000bacfc,__cxa_decrement_exception_refcount,0x0012e5d0,__emutls_get_address+0xaf4,DIRECT_CALL
0x000bad04,__cxa_decrement_exception_refcount,0x000bad20,__cxa_decrement_exception_refcount+0x44,BRANCH
0x000bad14,__cxa_decrement_exception_refcount,N/A,x8,INDIRECT_CALL
0x000bad1c,__cxa_decrement_exception_refcount,0x000a03f8,std::bad_typeid::what() const+0x2f8,DIRECT_CALL
0x000bad30,__cxa_decrement_exception_refcount,0x0009ef48,std::set_unexpected(void (*)())+0x34,DIRECT_CALL
0x000bad34,__cxa_decrement_exception_refcount,0x0009ef48,std::set_unexpected(void (*)())+0x34,DIRECT_CALL
0x000bad44,__cxa_current_exception_type,0x001327d0,__cxa_get_globals_fast@plt,DIRECT_CALL
0x000bad6c,__cxa_current_exception_type,0x000bad80,__cxa_current_exception_type+0x48,BRANCH
0x000bada4,__cxa_rethrow,0x00132848,__cxa_get_globals@plt,DIRECT_CALL
0x000badb0,__cxa_rethrow,0x00132800,_ZSt9terminatev@plt,DIRECT_CALL
0x000badd4,__cxa_rethrow,0x000badf4,__cxa_rethrow+0x64,BRANCH
0x000badf0,__cxa_rethrow,0x000badf8,__cxa_rethrow+0x68,BRANCH
0x000badfc,__cxa_rethrow,0x0012e600,__emutls_get_address+0xb24,DIRECT_CALL
0x000bae04,__cxa_rethrow,0x00132848,__cxa_get_globals@plt,DIRECT_CALL
0x000bae10,__cxa_rethrow,0x000bae54,__cxa_rethrow+0xc4,BRANCH
0x000bae30,__cxa_rethrow,0x000bae3c,__cxa_rethrow+0xac,BRANCH
0x000bae4c,__cxa_rethrow,0x000badb0,__cxa_rethrow+0x20,BRANCH
0x000bae50,__cxa_rethrow,0x000bae68,__cxa_rethrow+0xd8,BRANCH
0x000bae64,__cxa_rethrow,0x000badb0,__cxa_rethrow+0x20,BRANCH
0x000bae6c,__cxa_rethrow,0x0009f368,std::get_terminate()+0x14,DIRECT_CALL
0x000bae70,__cxa_rethrow,0x0009ef48,std::set_unexpected(void (*)())+0x34,DIRECT_CALL
0x000bae90,__cxa_increment_exception_refcount,0x0012e5d0,__emutls_get_address+0xaf4,DIRECT_CALL
0x000baeb0,__cxa_current_primary_exception,0x001327d0,__cxa_get_globals_fast@plt,DIRECT_CALL
0x000baed8,__cxa_current_primary_exception,0x000baf14,__cxa_current_primary_exception+0x74,BRANCH
0x000baee4,__cxa_current_primary_exception,0x000baef0,__cxa_current_primary_exception+0x50,BRANCH
0x000baefc,__cxa_current_primary_exception,0x0012e5d0,__emutls_get_address+0xaf4,DIRECT_CALL
0x000baf28,__cxa_current_primary_exception,0x0009ef48,std::set_unexpected(void (*)())+0x34,DIRECT_CALL
0x000baf4c,__cxa_rethrow_primary_exception,0x000a0214,std::bad_typeid::what() const+0x114,DIRECT_CALL
0x000baf90,__cxa_rethrow_primary_exception,0x0012e5d0,__emutls_get_address+0xaf4,DIRECT_CALL
0x000baf9c,__cxa_rethrow_primary_exception,0x00132938,_ZSt14get_unexpectedv@plt,DIRECT_CALL
0x000bafa4,__cxa_rethrow_primary_exception,0x00132950,_ZSt13get_terminatev@plt,DIRECT_CALL
0x000bafb4,__cxa_rethrow_primary_exception,0x00132848,__cxa_get_globals@plt,DIRECT_CALL
0x000bafd4,__cxa_rethrow_primary_exception,0x0012e600,__emutls_get_address+0xb24,DIRECT_CALL
0x000bafdc,__cxa_rethrow_primary_exception,0x00132848,__cxa_get_globals@plt,DIRECT_CALL
0x000bafe8,__cxa_rethrow_primary_exception,0x000bb034,__cxa_rethrow_primary_exception+0x108,BRANCH
0x000bb008,__cxa_rethrow_primary_exception,0x000bb014,__cxa_rethrow_primary_exception+0xe8,BRANCH
0x000bb054,__cxa_rethrow_primary_exception,0x00132800,_ZSt9terminatev@plt,DIRECT_CALL
0x000bb058,__cxa_rethrow_primary_exception,0x0009ef48,std::set_unexpected(void (*)())+0x34,DIRECT_CALL
0x000bb074,__cxa_rethrow_primary_exception,0x000bb0c0,__cxa_rethrow_primary_exception+0x194,BRANCH
0x000bb088,__cxa_rethrow_primary_exception,0x0012e5d0,__emutls_get_address+0xaf4,DIRECT_CALL
0x000bb090,__cxa_rethrow_primary_exception,0x000bb0ac,__cxa_rethrow_primary_exception+0x180,BRANCH
0x000bb0a0,__cxa_rethrow_primary_exception,N/A,x8,INDIRECT_CALL
0x000bb0a8,__cxa_rethrow_primary_exception,0x000a03f8,std::bad_typeid::what() const+0x2f8,DIRECT_CALL
0x000bb0bc,__cxa_rethrow_primary_exception,0x000a03f8,std::bad_typeid::what() const+0x2f8,BRANCH
0x000bb0c4,__cxa_rethrow_primary_exception,0x0009f368,std::get_terminate()+0x14,DIRECT_CALL
0x000bb0c8,__cxa_rethrow_primary_exception,0x0009ef48,std::set_unexpected(void (*)())+0x34,DIRECT_CALL
0x000bb0cc,__cxa_rethrow_primary_exception,0x0009ef48,std::set_unexpected(void (*)())+0x34,DIRECT_CALL
0x000bb0dc,__cxa_uncaught_exception,0x001327d0,__cxa_get_globals_fast@plt,DIRECT_CALL
0x000bb0fc,__cxa_uncaught_exception,0x0009ef48,std::set_unexpected(void (*)())+0x34,DIRECT_CALL
0x000bb10c,__cxa_uncaught_exceptions,0x001327d0,__cxa_get_globals_fast@plt,DIRECT_CALL
0x000bb124,__cxa_uncaught_exceptions,0x0009ef48,std::set_unexpected(void (*)())+0x34,DIRECT_CALL
0x000bb148,__gxx_personality_v0,0x000bb1c0,__gxx_personality_v0+0x98,BRANCH
0x000bb170,__gxx_personality_v0,0x000bb1d8,__gxx_personality_v0+0xb0,BRANCH
0x000bb178,__gxx_personality_v0,0x000bb204,__gxx_personality_v0+0xdc,BRANCH
0x000bb194,__gxx_personality_v0,0x0012ea28,__emutls_get_address+0xf4c,DIRECT_CALL
0x000bb1a4,__gxx_personality_v0,0x0012ea28,__emutls_get_address+0xf4c,DIRECT_CALL
0x000bb1b0,__gxx_personality_v0,0x0012ea60,__emutls_get_address+0xf84,DIRECT_CALL
0x000bb1f0,__gxx_personality_v0,0x000bb350,__gxx_personality_v0+0x228,DIRECT_CALL
0x000bb1fc,__gxx_personality_v0,0x000bb22c,__gxx_personality_v0+0x104,BRANCH
0x000bb200,__gxx_personality_v0,0x000bb1c0,__gxx_personality_v0+0x98,BRANCH
0x000bb21c,__gxx_personality_v0,0x000bb350,__gxx_personality_v0+0x228,DIRECT_CALL
0x000bb228,__gxx_personality_v0,0x000bb1c0,__gxx_personality_v0+0x98,BRANCH
0x000bb230,__gxx_personality_v0,0x000bb1c0,__gxx_personality_v0+0x98,BRANCH
0x000bb240,__gxx_personality_v0,0x000bb330,__gxx_personality_v0+0x208,BRANCH
0x000bb254,__gxx_personality_v0,0x0012ea28,__emutls_get_address+0xf4c,DIRECT_CALL
0x000bb268,__gxx_personality_v0,0x0012ea28,__emutls_get_address+0xf4c,DIRECT_CALL
0x000bb274,__gxx_personality_v0,0x0012ea60,__emutls_get_address+0xf84,DIRECT_CALL
0x000bb27c,__gxx_personality_v0,0x000bb1b8,__gxx_personality_v0+0x90,BRANCH
0x000bb284,__gxx_personality_v0,0x000bb310,__gxx_personality_v0+0x1e8,BRANCH
0x000bb29c,__gxx_personality_v0,0x000bb2d4,__gxx_personality_v0+0x1ac,BRANCH
0x000bb2f8,__gxx_personality_v0,N/A,"x2, 0x55000",ADRP_PAGE_REF
0x000bb300,__gxx_personality_v0,N/A,"x3, 0x55000",ADRP_PAGE_REF
0x000bb30c,__gxx_personality_v0,0x00132f08,__assert2@plt,DIRECT_CALL
0x000bb318,__gxx_personality_v0,N/A,"x2, 0x55000",ADRP_PAGE_REF
0x000bb320,__gxx_personality_v0,N/A,"x3, 0x56000",ADRP_PAGE_REF
0x000bb32c,__gxx_personality_v0,0x00132f08,__assert2@plt,DIRECT_CALL
0x000bb338,__gxx_personality_v0,N/A,"x2, 0x55000",ADRP_PAGE_REF
0x000bb340,__gxx_personality_v0,N/A,"x3, 0x56000",ADRP_PAGE_REF
0x000bb34c,__gxx_personality_v0,0x00132f08,__assert2@plt,DIRECT_CALL
0x000bb3a0,__gxx_personality_v0,0x000bb3b4,__gxx_personality_v0+0x28c,BRANCH
0x000bb3a8,__gxx_personality_v0,0x000bb744,__gxx_personality_v0+0x61c,BRANCH
0x000bb3b0,__gxx_personality_v0,0x000bb748,__gxx_personality_v0+0x620,BRANCH
0x000bb3c4,__gxx_personality_v0,0x0012e9a4,__emutls_get_address+0xec8,DIRECT_CALL
0x000bb3dc,__gxx_personality_v0,0x0012ea30,__emutls_get_address+0xf54,DIRECT_CALL
0x000bb3e8,__gxx_personality_v0,0x0012e9d8,__emutls_get_address+0xefc,DIRECT_CALL
0x000bb3fc,__gxx_personality_v0,0x000bb458,__gxx_personality_v0+0x330,BRANCH
0x000bb408,__gxx_personality_v0,0x000bbafc,__cxa_call_unexpected+0x220,DIRECT_CALL
0x000bb428,__gxx_personality_v0,0x000bb474,__gxx_personality_v0+0x34c,BRANCH
0x000bb454,__gxx_personality_v0,0x000bb478,__gxx_personality_v0+0x350,BRANCH
0x000bb470,__gxx_personality_v0,0x000bb42c,__gxx_personality_v0+0x304,BRANCH
0x000bb4b8,__gxx_personality_v0,0x000bb4c4,__gxx_personality_v0+0x39c,BRANCH
0x000bb4c0,__gxx_personality_v0,0x000bb82c,__gxx_personality_v0+0x704,BRANCH
0x000bb4c8,__gxx_personality_v0,0x000bb82c,__gxx_personality_v0+0x704,BRANCH
0x000bb4d8,__gxx_personality_v0,0x000bbafc,__cxa_call_unexpected+0x220,DIRECT_CALL
0x000bb4ec,__gxx_personality_v0,0x000bbafc,__cxa_call_unexpected+0x220,DIRECT_CALL
0x000bb500,__gxx_personality_v0,0x000bbafc,__cxa_call_unexpected+0x220,DIRECT_CALL
0x000bb530,__gxx_personality_v0,0x000bb4bc,__gxx_personality_v0+0x394,BRANCH
0x000bb53c,__gxx_personality_v0,0x000bb4bc,__gxx_personality_v0+0x394,BRANCH
0x000bb5cc,__gxx_personality_v0,0x000bb680,__gxx_personality_v0+0x558,BRANCH
0x000bb5dc,__gxx_personality_v0,0x000bb848,__gxx_personality_v0+0x720,BRANCH
0x000bb60c,__gxx_personality_v0,0x000bbafc,__cxa_call_unexpected+0x220,DIRECT_CALL
0x000bb624,__gxx_personality_v0,0x000ba928,"operator delete[](void*, unsigned long, std::align_val_t)+0xc",DIRECT_CALL
0x000bb640,__gxx_personality_v0,0x000bb648,__gxx_personality_v0+0x520,BRANCH
0x000bb668,__gxx_personality_v0,N/A,x8,INDIRECT_CALL
0x000bb67c,__gxx_personality_v0,0x000bb6f8,__gxx_personality_v0+0x5d0,BRANCH
0x000bb6a0,__gxx_personality_v0,0x000ba928,"operator delete[](void*, unsigned long, std::align_val_t)+0xc",DIRECT_CALL
0x000bb6c0,__gxx_personality_v0,0x000bb6c8,__gxx_personality_v0+0x5a0,BRANCH
0x000bb6e8,__gxx_personality_v0,0x000bbce8,__cxa_call_unexpected+0x40c,DIRECT_CALL
0x000bb73c,__gxx_personality_v0,0x000bb590,__gxx_personality_v0+0x468,BRANCH
0x000bb77c,__gxx_personality_v0,0x000bb744,__gxx_personality_v0+0x61c,BRANCH
0x000bb794,__gxx_personality_v0,0x000bb744,__gxx_personality_v0+0x61c,BRANCH
0x000bb7a4,__gxx_personality_v0,0x000bb87c,__gxx_personality_v0+0x754,BRANCH
0x000bb7b0,__gxx_personality_v0,0x000bb7e4,__gxx_personality_v0+0x6bc,BRANCH
0x000bb7bc,__gxx_personality_v0,0x000bb89c,__gxx_personality_v0+0x774,BRANCH
0x000bb7d4,__gxx_personality_v0,0x000bb748,__gxx_personality_v0+0x620,BRANCH
0x000bb7e4,__gxx_personality_v0,0x000ba928,"operator delete[](void*, unsigned long, std::align_val_t)+0xc",DIRECT_CALL
0x000bb7fc,__gxx_personality_v0,0x000bb808,__gxx_personality_v0+0x6e0,BRANCH
0x000bb814,__gxx_personality_v0,0x000bb744,__gxx_personality_v0+0x61c,BRANCH
0x000bb828,__gxx_personality_v0,0x000bb744,__gxx_personality_v0+0x61c,BRANCH
0x000bb830,__gxx_personality_v0,0x00132818,__cxa_begin_catch@plt,DIRECT_CALL
0x000bb844,__gxx_personality_v0,0x0009f368,std::get_terminate()+0x14,DIRECT_CALL
0x000bb84c,__gxx_personality_v0,0x00132818,__cxa_begin_catch@plt,DIRECT_CALL
0x000bb854,__gxx_personality_v0,0x00132800,_ZSt9terminatev@plt,DIRECT_CALL
0x000bb85c,__gxx_personality_v0,0x00132818,__cxa_begin_catch@plt,DIRECT_CALL
0x000bb864,__gxx_personality_v0,0x0009f368,std::get_terminate()+0x14,DIRECT_CALL
0x000bb870,__gxx_personality_v0,0x00132818,__cxa_begin_catch@plt,DIRECT_CALL
0x000bb878,__gxx_personality_v0,0x0009f368,std::get_terminate()+0x14,DIRECT_CALL
0x000bb884,__gxx_personality_v0,N/A,"x2, 0x55000",ADRP_PAGE_REF
0x000bb88c,__gxx_personality_v0,N/A,"x3, 0x56000",ADRP_PAGE_REF
0x000bb898,__gxx_personality_v0,0x00132f08,__assert2@plt,DIRECT_CALL
0x000bb8a4,__gxx_personality_v0,N/A,"x2, 0x55000",ADRP_PAGE_REF
0x000bb8ac,__gxx_personality_v0,N/A,"x3, 0x54000",ADRP_PAGE_REF
0x000bb8b8,__gxx_personality_v0,0x00132f08,__assert2@plt,DIRECT_CALL
0x000bb8c4,__gxx_personality_v0,N/A,"x2, 0x55000",ADRP_PAGE_REF
0x000bb8cc,__gxx_personality_v0,N/A,"x3, 0x55000",ADRP_PAGE_REF
0x000bb8d8,__gxx_personality_v0,0x00132f08,__assert2@plt,DIRECT_CALL
0x000bb904,__cxa_call_unexpected,0x00132818,__cxa_begin_catch@plt,DIRECT_CALL
0x000bb908,__cxa_call_unexpected,0x00132800,_ZSt9terminatev@plt,DIRECT_CALL
0x000bb910,__cxa_call_unexpected,0x00132818,__cxa_begin_catch@plt,DIRECT_CALL
0x000bb918,__cxa_call_unexpected,0x000ba934,"operator delete[](void*, unsigned long, std::align_val_t)+0x18",DIRECT_CALL
0x000bb934,__cxa_call_unexpected,0x000bb94c,__cxa_call_unexpected+0x70,BRANCH
0x000bb938,__cxa_call_unexpected,0x00132950,_ZSt13get_terminatev@plt,DIRECT_CALL
0x000bb940,__cxa_call_unexpected,0x00132938,_ZSt14get_unexpectedv@plt,DIRECT_CALL
0x000bb94c,__cxa_call_unexpected,0x0009f31c,std::terminate()+0x40,DIRECT_CALL
0x000bb950,__cxa_call_unexpected,0x00132818,__cxa_begin_catch@plt,DIRECT_CALL
0x000bb968,__cxa_call_unexpected,0x000bbafc,__cxa_call_unexpected+0x220,DIRECT_CALL
0x000bb978,__cxa_call_unexpected,0x000bb984,__cxa_call_unexpected+0xa8,BRANCH
0x000bb980,__cxa_call_unexpected,0x0009f368,std::get_terminate()+0x14,DIRECT_CALL
0x000bb9ac,__cxa_call_unexpected,0x001327d0,__cxa_get_globals_fast@plt,DIRECT_CALL
0x000bb9c0,__cxa_call_unexpected,0x000ba934,"operator delete[](void*, unsigned long, std::align_val_t)+0x18",DIRECT_CALL
0x000bb9d4,__cxa_call_unexpected,0x000bba28,__cxa_call_unexpected+0x14c,BRANCH
0x000bb9e0,__cxa_call_unexpected,0x000ba928,"operator delete[](void*, unsigned long, std::align_val_t)+0xc",DIRECT_CALL
0x000bb9f8,__cxa_call_unexpected,0x000bba04,__cxa_call_unexpected+0x128,BRANCH
