dispatch	Set up job	﻿2026-10-05T00:13:33.2336255Z Current runner version: '2.337.0'
dispatch	Set up job	2026-10-05T00:13:33.2363623Z ##[group]Runner Image Provisioner
dispatch	Set up job	2026-10-05T00:13:33.2364628Z Hosted Compute Agent
dispatch	Set up job	2026-10-05T00:13:33.2365287Z Version: 20260901.588
dispatch	Set up job	2026-10-05T00:13:33.2365994Z Commit: f88ec8081b781fac6c440065ac7ff9e710ce3d0b
dispatch	Set up job	2026-10-05T00:13:33.2366931Z Build Date: 2026-09-01T19:56:44Z
dispatch	Set up job	2026-10-05T00:13:33.2367655Z Worker ID: {a52be3a1-c78d-4acd-ba80-0d09e7060626}
dispatch	Set up job	2026-10-05T00:13:33.2368520Z Azure Region: westcentralus
dispatch	Set up job	2026-10-05T00:13:33.2369198Z ##[endgroup]
dispatch	Set up job	2026-10-05T00:13:33.2370742Z ##[group]Operating System
dispatch	Set up job	2026-10-05T00:13:33.2371438Z Ubuntu
dispatch	Set up job	2026-10-05T00:13:33.2371987Z 24.04.5
dispatch	Set up job	2026-10-05T00:13:33.2372573Z LTS
dispatch	Set up job	2026-10-05T00:13:33.2373159Z ##[endgroup]
dispatch	Set up job	2026-10-05T00:13:33.2373720Z ##[group]Runner Image
dispatch	Set up job	2026-10-05T00:13:33.2374414Z Image: ubuntu-24.04
dispatch	Set up job	2026-10-05T00:13:33.2375006Z Version: 20260927.320.1
dispatch	Set up job	2026-10-05T00:13:33.2376398Z Included Software: https://github.com/actions/runner-images/blob/ubuntu24/20260927.320/images/ubuntu/Ubuntu2404-Readme.md
dispatch	Set up job	2026-10-05T00:13:33.2378116Z Image Release: https://github.com/actions/runner-images/releases/tag/ubuntu24%2F20260927.320
dispatch	Set up job	2026-10-05T00:13:33.2379192Z ##[endgroup]
dispatch	Set up job	2026-10-05T00:13:33.2380536Z ##[group]GITHUB_TOKEN Permissions
dispatch	Set up job	2026-10-05T00:13:33.2382873Z Actions: write
dispatch	Set up job	2026-10-05T00:13:33.2383512Z Contents: write
dispatch	Set up job	2026-10-05T00:13:33.2384210Z Metadata: read
dispatch	Set up job	2026-10-05T00:13:33.2384810Z PullRequests: write
dispatch	Set up job	2026-10-05T00:13:33.2385407Z ##[endgroup]
dispatch	Set up job	2026-10-05T00:13:33.2387795Z Secret source: Actions
dispatch	Set up job	2026-10-05T00:13:33.2388777Z Cache mode: write
dispatch	Set up job	2026-10-05T00:13:33.2390110Z Prepare workflow directory
dispatch	Set up job	2026-10-05T00:13:33.2769857Z Prepare all required actions
dispatch	Set up job	2026-10-05T00:13:33.2818495Z Getting action download info
dispatch	Set up job	2026-10-05T00:13:33.5709221Z Download action repository 'actions/checkout@v4' (SHA:11d5960a326750d5838078e36cf38b85af677262)
dispatch	Set up job	2026-10-05T00:13:33.6509336Z Download action repository 'actions/setup-python@v5' (SHA:a26af69be951a213d495a4c3e4e4022e16d87065)
dispatch	Set up job	2026-10-05T00:13:33.8380506Z Complete job name: dispatch
dispatch	Checkout repository	﻿2026-10-05T00:13:33.9131469Z ##[group]Run actions/checkout@v4
dispatch	Checkout repository	2026-10-05T00:13:33.9132300Z with:
dispatch	Checkout repository	2026-10-05T00:13:33.9132734Z   fetch-depth: 0
dispatch	Checkout repository	2026-10-05T00:13:33.9133209Z   persist-credentials: true
dispatch	Checkout repository	2026-10-05T00:13:33.9133820Z   repository: netvietsoft/AI-Studio-convert2
dispatch	Checkout repository	2026-10-05T00:13:33.9138045Z   token: ***
dispatch	Checkout repository	2026-10-05T00:13:33.9138496Z   ssh-strict: true
dispatch	Checkout repository	2026-10-05T00:13:33.9138943Z   ssh-user: git
dispatch	Checkout repository	2026-10-05T00:13:33.9139367Z   clean: true
dispatch	Checkout repository	2026-10-05T00:13:33.9139818Z   sparse-checkout-cone-mode: true
dispatch	Checkout repository	2026-10-05T00:13:33.9140351Z   fetch-tags: false
dispatch	Checkout repository	2026-10-05T00:13:33.9140812Z   show-progress: true
dispatch	Checkout repository	2026-10-05T00:13:33.9141272Z   lfs: false
dispatch	Checkout repository	2026-10-05T00:13:33.9141696Z   submodules: false
dispatch	Checkout repository	2026-10-05T00:13:33.9142156Z   set-safe-directory: true
dispatch	Checkout repository	2026-10-05T00:13:33.9142667Z   allow-unsafe-pr-checkout: false
dispatch	Checkout repository	2026-10-05T00:13:33.9143530Z ##[endgroup]
dispatch	Checkout repository	2026-10-05T00:13:34.0156414Z Syncing repository: netvietsoft/AI-Studio-convert2
dispatch	Checkout repository	2026-10-05T00:13:34.0159444Z ##[group]Getting Git version info
dispatch	Checkout repository	2026-10-05T00:13:34.0160877Z Working directory is '/home/runner/work/AI-Studio-convert2/AI-Studio-convert2'
dispatch	Checkout repository	2026-10-05T00:13:34.0162394Z [command]/usr/bin/git version
dispatch	Checkout repository	2026-10-05T00:13:34.0214098Z git version 2.55.0
dispatch	Checkout repository	2026-10-05T00:13:34.0236380Z ##[endgroup]
dispatch	Checkout repository	2026-10-05T00:13:34.0260341Z Temporarily overriding HOME='/home/runner/work/_temp/141e431d-7b6b-431e-939c-e6b435c2456a' before making global git config changes
dispatch	Checkout repository	2026-10-05T00:13:34.0271144Z Adding repository directory to the temporary git global config as a safe directory
dispatch	Checkout repository	2026-10-05T00:13:34.0273689Z [command]/usr/bin/git config --global --add safe.directory /home/runner/work/AI-Studio-convert2/AI-Studio-convert2
dispatch	Checkout repository	2026-10-05T00:13:34.0319556Z Deleting the contents of '/home/runner/work/AI-Studio-convert2/AI-Studio-convert2'
dispatch	Checkout repository	2026-10-05T00:13:34.0324852Z ##[group]Initializing the repository
dispatch	Checkout repository	2026-10-05T00:13:34.0329969Z [command]/usr/bin/git init /home/runner/work/AI-Studio-convert2/AI-Studio-convert2
dispatch	Checkout repository	2026-10-05T00:13:34.0410658Z hint: Using 'master' as the name for the initial branch. This default branch name
dispatch	Checkout repository	2026-10-05T00:13:34.0412900Z hint: will change to "main" in Git 3.0. To configure the initial branch name
dispatch	Checkout repository	2026-10-05T00:13:34.0414580Z hint: to use in all of your new repositories, which will suppress this warning,
dispatch	Checkout repository	2026-10-05T00:13:34.0416210Z hint: call:
dispatch	Checkout repository	2026-10-05T00:13:34.0417029Z hint:
dispatch	Checkout repository	2026-10-05T00:13:34.0417978Z hint: 	git config --global init.defaultBranch <name>
dispatch	Checkout repository	2026-10-05T00:13:34.0419112Z hint:
dispatch	Checkout repository	2026-10-05T00:13:34.0420211Z hint: Names commonly chosen instead of 'master' are 'main', 'trunk' and
dispatch	Checkout repository	2026-10-05T00:13:34.0421941Z hint: 'development'. The just-created branch can be renamed via this command:
dispatch	Checkout repository	2026-10-05T00:13:34.0423292Z hint:
dispatch	Checkout repository	2026-10-05T00:13:34.0424102Z hint: 	git branch -m <name>
dispatch	Checkout repository	2026-10-05T00:13:34.0425250Z hint:
dispatch	Checkout repository	2026-10-05T00:13:34.0426573Z hint: Disable this message with "git config set advice.defaultBranchName false"
dispatch	Checkout repository	2026-10-05T00:13:34.0428517Z Initialized empty Git repository in /home/runner/work/AI-Studio-convert2/AI-Studio-convert2/.git/
dispatch	Checkout repository	2026-10-05T00:13:34.0432336Z [command]/usr/bin/git remote add origin https://github.com/netvietsoft/AI-Studio-convert2
dispatch	Checkout repository	2026-10-05T00:13:34.0470600Z ##[endgroup]
dispatch	Checkout repository	2026-10-05T00:13:34.0471789Z ##[group]Disabling automatic garbage collection
dispatch	Checkout repository	2026-10-05T00:13:34.0475771Z [command]/usr/bin/git config --local gc.auto 0
dispatch	Checkout repository	2026-10-05T00:13:34.0511127Z ##[endgroup]
dispatch	Checkout repository	2026-10-05T00:13:34.0512326Z ##[group]Setting up auth
dispatch	Checkout repository	2026-10-05T00:13:34.0523119Z [command]/usr/bin/git config --local --name-only --get-regexp core\.sshCommand
dispatch	Checkout repository	2026-10-05T00:13:34.0559165Z [command]/usr/bin/git submodule foreach --recursive sh -c "git config --local --name-only --get-regexp 'core\.sshCommand' && git config --local --unset-all 'core.sshCommand' || :"
dispatch	Checkout repository	2026-10-05T00:13:34.0931198Z [command]/usr/bin/git config --local --name-only --get-regexp http\.https\:\/\/github\.com\/\.extraheader
dispatch	Checkout repository	2026-10-05T00:13:34.0979915Z [command]/usr/bin/git submodule foreach --recursive sh -c "git config --local --name-only --get-regexp 'http\.https\:\/\/github\.com\/\.extraheader' && git config --local --unset-all 'http.https://github.com/.extraheader' || :"
dispatch	Checkout repository	2026-10-05T00:13:34.1227877Z [command]/usr/bin/git config --local --name-only --get-regexp ^includeIf\.gitdir:
dispatch	Checkout repository	2026-10-05T00:13:34.1266477Z [command]/usr/bin/git submodule foreach --recursive git config --local --show-origin --name-only --get-regexp remote.origin.url
dispatch	Checkout repository	2026-10-05T00:13:34.1516208Z [command]/usr/bin/git config --local http.https://github.com/.extraheader AUTHORIZATION: basic ***
dispatch	Checkout repository	2026-10-05T00:13:34.1559845Z ##[endgroup]
dispatch	Checkout repository	2026-10-05T00:13:34.1561127Z ##[group]Fetching the repository
dispatch	Checkout repository	2026-10-05T00:13:34.1571241Z [command]/usr/bin/git -c protocol.version=2 fetch --prune --no-recurse-submodules origin +refs/heads/*:refs/remotes/origin/* +refs/tags/*:refs/tags/*
dispatch	Checkout repository	2026-10-05T00:14:24.6579541Z From https://github.com/netvietsoft/AI-Studio-convert2
dispatch	Checkout repository	2026-10-05T00:14:24.6581130Z  * [new branch]          agent/TASK_028_TASK027_EVIDENCE_CORRECTION_20261003T142500+0700 -> origin/agent/TASK_028_TASK027_EVIDENCE_CORRECTION_20261003T142500+0700
dispatch	Checkout repository	2026-10-05T00:14:24.6583059Z  * [new branch]          agent/TASK_035_HAIR_V2_OWNER_VISUAL_FAIL_REBUILD_20261004T090300+0700 -> origin/agent/TASK_035_HAIR_V2_OWNER_VISUAL_FAIL_REBUILD_20261004T090300+0700
dispatch	Checkout repository	2026-10-05T00:14:24.6584908Z  * [new branch]          agent/TASK_036_SIBLING_SOURCE_SO_INVENTORY_HAIR_RECON_20261004T091500+0700 -> origin/agent/TASK_036_SIBLING_SOURCE_SO_INVENTORY_HAIR_RECON_20261004T091500+0700
dispatch	Checkout repository	2026-10-05T00:14:24.6586395Z  * [new branch]          agent/TASK_038_45SO_DEEP_FUNCTION_XREF_JNI_RECON_20261004T102000+0700 -> origin/agent/TASK_038_45SO_DEEP_FUNCTION_XREF_JNI_RECON_20261004T102000+0700
dispatch	Checkout repository	2026-10-05T00:14:24.6587719Z  * [new branch]          agent/TASK_039_CONVERT_WORKSPACE_SOURCE_TREE_DISCOVERY_20261004T103500+0700 -> origin/agent/TASK_039_CONVERT_WORKSPACE_SOURCE_TREE_DISCOVERY_20261004T103500+0700
dispatch	Checkout repository	2026-10-05T00:14:24.6588976Z  * [new branch]          agent/TASK_040_F_CONVERT_ROOT_SOURCE_TREE_FULL_DISCOVERY_20261004T111500+0700 -> origin/agent/TASK_040_F_CONVERT_ROOT_SOURCE_TREE_FULL_DISCOVERY_20261004T111500+0700
dispatch	Checkout repository	2026-10-05T00:14:24.6590573Z  * [new branch]          agent/TASK_041_TASK040_SOURCE_TRUTH_V1_CPP_PROVENANCE_20261004T120000+0700 -> origin/agent/TASK_041_TASK040_SOURCE_TRUTH_V1_CPP_PROVENANCE_20261004T120000+0700
dispatch	Checkout repository	2026-10-05T00:14:24.6591779Z  * [new branch]          agent/TASK_042_HAIR_V2_MODULAR_REFERENCE_INTAKE_BENCHMARK_20261004T121700+0700 -> origin/agent/TASK_042_HAIR_V2_MODULAR_REFERENCE_INTAKE_BENCHMARK_20261004T121700+0700
dispatch	Checkout repository	2026-10-05T00:14:24.6592927Z  * [new branch]          agent/TASK_043_TASK042_TRUE_DEVICE_AB_CORRECTION_20261004T124000+0700 -> origin/agent/TASK_043_TASK042_TRUE_DEVICE_AB_CORRECTION_20261004T124000+0700
dispatch	Checkout repository	2026-10-05T00:14:24.6594283Z  * [new branch]          agent/TASK_044_VENDOR_45_SO_EXHAUSTIVE_NATIVE_AUDIT_20261004T125000+0700 -> origin/agent/TASK_044_VENDOR_45_SO_EXHAUSTIVE_NATIVE_AUDIT_20261004T125000+0700
dispatch	Checkout repository	2026-10-05T00:14:24.6595618Z  * [new branch]          agent/TASK_045_TASK044_DEEP_STATIC_PROVENANCE_CORRECTION_20261004T132000+0700 -> origin/agent/TASK_045_TASK044_DEEP_STATIC_PROVENANCE_CORRECTION_20261004T132000+0700
dispatch	Checkout repository	2026-10-05T00:14:24.6596950Z  * [new branch]          agent/TASK_046_F_APP_IMAGE_MULTI_APP_SURVEY_20261004T133000+0700 -> origin/agent/TASK_046_F_APP_IMAGE_MULTI_APP_SURVEY_20261004T133000+0700
dispatch	Checkout repository	2026-10-05T00:14:24.6597889Z  * [new branch]          agent/TASK_049_BODY_VISUAL_QA_20261004T163000+0700 -> origin/agent/TASK_049_BODY_VISUAL_QA_20261004T163000+0700
dispatch	Checkout repository	2026-10-05T00:14:24.6598877Z  * [new branch]          agent/TASK_050A_TASK049_BODY_EVIDENCE_EXECUTION_20261004T191000+0700 -> origin/agent/TASK_050A_TASK049_BODY_EVIDENCE_EXECUTION_20261004T191000+0700
dispatch	Checkout repository	2026-10-05T00:14:24.6599945Z  * [new branch]          agent/TASK_051_P0_45_SO_MAX_DEPTH_20261004T201000+0700 -> origin/agent/TASK_051_P0_45_SO_MAX_DEPTH_20261004T201000+0700
dispatch	Checkout repository	2026-10-05T00:14:24.6600934Z  * [new branch]          agent/TASK_052A_CONTINUE_STATIC_IMAGE_ALGORITHM_20261004T213700+0700 -> origin/agent/TASK_052A_CONTINUE_STATIC_IMAGE_ALGORITHM_20261004T213700+0700
dispatch	Checkout repository	2026-10-05T00:14:24.6602369Z  * [new branch]          agent/TASK_052B_F_APP_IMAGE_DEEP_MULTI_APP_SO_KNOWLEDGE_BASE_20261004T204500+0700 -> origin/agent/TASK_052B_F_APP_IMAGE_DEEP_MULTI_APP_SO_KNOWLEDGE_BASE_20261004T204500+0700
dispatch	Checkout repository	2026-10-05T00:14:24.6604096Z  * [new branch]          agent/TASK_054_SO45_PROVENANCE_CONTINUOUS_20261005T055500+0700 -> origin/agent/TASK_054_SO45_PROVENANCE_CONTINUOUS_20261005T055500+0700
dispatch	Checkout repository	2026-10-05T00:14:24.6605861Z  * [new branch]          agent/TASK_056_SO45_CONTINUOUS_DEEP_IMAGE_EFFECT_GRAPH_20261005T063200+0700 -> origin/agent/TASK_056_SO45_CONTINUOUS_DEEP_IMAGE_EFFECT_GRAPH_20261005T063200+0700
dispatch	Checkout repository	2026-10-05T00:14:24.6617984Z  * [new branch]          convert2-control-bus -> origin/convert2-control-bus
dispatch	Checkout repository	2026-10-05T00:14:24.6618818Z  * [new branch]          main                 -> origin/main
dispatch	Checkout repository	2026-10-05T00:14:24.6620646Z [command]/usr/bin/git branch --list --remote origin/main
dispatch	Checkout repository	2026-10-05T00:14:24.6630193Z   origin/main
dispatch	Checkout repository	2026-10-05T00:14:24.6641311Z [command]/usr/bin/git rev-parse refs/remotes/origin/main
dispatch	Checkout repository	2026-10-05T00:14:24.6674057Z f6362a4495c7afac5588ab467660473625e27a51
dispatch	Checkout repository	2026-10-05T00:14:24.6678523Z ##[endgroup]
dispatch	Checkout repository	2026-10-05T00:14:24.6679376Z ##[group]Determining the checkout info
dispatch	Checkout repository	2026-10-05T00:14:24.6680331Z ##[endgroup]
dispatch	Checkout repository	2026-10-05T00:14:24.6686349Z [command]/usr/bin/git sparse-checkout disable
dispatch	Checkout repository	2026-10-05T00:14:24.6750675Z [command]/usr/bin/git config --local --unset-all extensions.worktreeConfig
dispatch	Checkout repository	2026-10-05T00:14:24.6787640Z ##[group]Checking out the ref
dispatch	Checkout repository	2026-10-05T00:14:24.6792830Z [command]/usr/bin/git checkout --progress --force -B main refs/remotes/origin/main
dispatch	Checkout repository	2026-10-05T00:14:26.4817183Z Updating files:   0% (623/89604)
dispatch	Checkout repository	2026-10-05T00:14:26.7601073Z Updating files:   1% (897/89604)
dispatch	Checkout repository	2026-10-05T00:14:27.7602275Z Updating files:   1% (1000/89604)
dispatch	Checkout repository	2026-10-05T00:14:28.2745442Z Updating files:   1% (1230/89604)
dispatch	Checkout repository	2026-10-05T00:14:28.3116662Z Updating files:   2% (1793/89604)
dispatch	Checkout repository	2026-10-05T00:14:28.4985488Z Updating files:   3% (2689/89604)
dispatch	Checkout repository	2026-10-05T00:14:28.5328301Z Updating files:   4% (3585/89604)
dispatch	Checkout repository	2026-10-05T00:14:28.5692339Z Updating files:   5% (4481/89604)
dispatch	Checkout repository	2026-10-05T00:14:28.6082040Z Updating files:   6% (5377/89604)
dispatch	Checkout repository	2026-10-05T00:14:28.6475387Z Updating files:   7% (6273/89604)
dispatch	Checkout repository	2026-10-05T00:14:28.6864371Z Updating files:   8% (7169/89604)
dispatch	Checkout repository	2026-10-05T00:14:28.7271764Z Updating files:   9% (8065/89604)
dispatch	Checkout repository	2026-10-05T00:14:28.7570627Z Updating files:  10% (8961/89604)
dispatch	Checkout repository	2026-10-05T00:14:28.7747232Z Updating files:  10% (9593/89604)
dispatch	Checkout repository	2026-10-05T00:14:28.8247211Z Updating files:  11% (9857/89604)
dispatch	Checkout repository	2026-10-05T00:14:28.8641796Z Updating files:  12% (10753/89604)
dispatch	Checkout repository	2026-10-05T00:14:28.9064853Z Updating files:  13% (11649/89604)
dispatch	Checkout repository	2026-10-05T00:14:28.9483322Z Updating files:  14% (12545/89604)
dispatch	Checkout repository	2026-10-05T00:14:28.9931592Z Updating files:  15% (13441/89604)
dispatch	Checkout repository	2026-10-05T00:14:29.0366842Z Updating files:  16% (14337/89604)
dispatch	Checkout repository	2026-10-05T00:14:29.0789875Z Updating files:  17% (15233/89604)
dispatch	Checkout repository	2026-10-05T00:14:29.1218386Z Updating files:  18% (16129/89604)
dispatch	Checkout repository	2026-10-05T00:14:29.1635421Z Updating files:  19% (17025/89604)
dispatch	Checkout repository	2026-10-05T00:14:29.2063249Z Updating files:  20% (17921/89604)
dispatch	Checkout repository	2026-10-05T00:14:29.2477262Z Updating files:  21% (18817/89604)
dispatch	Checkout repository	2026-10-05T00:14:29.2917305Z Updating files:  22% (19713/89604)
dispatch	Checkout repository	2026-10-05T00:14:29.3339454Z Updating files:  23% (20609/89604)
dispatch	Checkout repository	2026-10-05T00:14:29.4010252Z Updating files:  24% (21505/89604)
dispatch	Checkout repository	2026-10-05T00:14:29.4345932Z Updating files:  25% (22401/89604)
dispatch	Checkout repository	2026-10-05T00:14:29.4687324Z Updating files:  26% (23298/89604)
dispatch	Checkout repository	2026-10-05T00:14:29.5090602Z Updating files:  27% (24194/89604)
dispatch	Checkout repository	2026-10-05T00:14:29.5422243Z Updating files:  28% (25090/89604)
dispatch	Checkout repository	2026-10-05T00:14:29.5868551Z Updating files:  29% (25986/89604)
dispatch	Checkout repository	2026-10-05T00:14:29.6205522Z Updating files:  30% (26882/89604)
dispatch	Checkout repository	2026-10-05T00:14:29.6614878Z Updating files:  31% (27778/89604)
dispatch	Checkout repository	2026-10-05T00:14:29.6977151Z Updating files:  32% (28674/89604)
dispatch	Checkout repository	2026-10-05T00:14:29.7387878Z Updating files:  33% (29570/89604)
dispatch	Checkout repository	2026-10-05T00:14:29.7570347Z Updating files:  34% (30466/89604)
dispatch	Checkout repository	2026-10-05T00:14:29.7808585Z Updating files:  34% (30855/89604)
dispatch	Checkout repository	2026-10-05T00:14:29.8227872Z Updating files:  35% (31362/89604)
dispatch	Checkout repository	2026-10-05T00:14:29.8735066Z Updating files:  36% (32258/89604)
dispatch	Checkout repository	2026-10-05T00:14:29.9084250Z Updating files:  37% (33154/89604)
dispatch	Checkout repository	2026-10-05T00:14:29.9436833Z Updating files:  38% (34050/89604)
dispatch	Checkout repository	2026-10-05T00:14:29.9766679Z Updating files:  39% (34946/89604)
dispatch	Checkout repository	2026-10-05T00:14:30.0141690Z Updating files:  40% (35842/89604)
dispatch	Checkout repository	2026-10-05T00:14:30.0481461Z Updating files:  41% (36738/89604)
dispatch	Checkout repository	2026-10-05T00:14:30.0821597Z Updating files:  42% (37634/89604)
dispatch	Checkout repository	2026-10-05T00:14:30.1165186Z Updating files:  43% (38530/89604)
dispatch	Checkout repository	2026-10-05T00:14:30.1686918Z Updating files:  44% (39426/89604)
dispatch	Checkout repository	2026-10-05T00:14:30.2021983Z Updating files:  45% (40322/89604)
dispatch	Checkout repository	2026-10-05T00:14:30.2396270Z Updating files:  46% (41218/89604)
dispatch	Checkout repository	2026-10-05T00:14:30.3006451Z Updating files:  47% (42114/89604)
dispatch	Checkout repository	2026-10-05T00:14:30.3320295Z Updating files:  48% (43010/89604)
dispatch	Checkout repository	2026-10-05T00:14:30.3641259Z Updating files:  49% (43906/89604)
dispatch	Checkout repository	2026-10-05T00:14:30.3982961Z Updating files:  50% (44802/89604)
dispatch	Checkout repository	2026-10-05T00:14:30.4322407Z Updating files:  51% (45699/89604)
dispatch	Checkout repository	2026-10-05T00:14:30.4696777Z Updating files:  52% (46595/89604)
dispatch	Checkout repository	2026-10-05T00:14:30.5065379Z Updating files:  53% (47491/89604)
dispatch	Checkout repository	2026-10-05T00:14:30.5572163Z Updating files:  54% (48387/89604)
dispatch	Checkout repository	2026-10-05T00:14:30.5960810Z Updating files:  55% (49283/89604)
dispatch	Checkout repository	2026-10-05T00:14:30.6352141Z Updating files:  56% (50179/89604)
dispatch	Checkout repository	2026-10-05T00:14:30.6742591Z Updating files:  57% (51075/89604)
dispatch	Checkout repository	2026-10-05T00:14:30.7132053Z Updating files:  58% (51971/89604)
dispatch	Checkout repository	2026-10-05T00:14:30.7522382Z Updating files:  59% (52867/89604)
dispatch	Checkout repository	2026-10-05T00:14:30.7569586Z Updating files:  60% (53763/89604)
dispatch	Checkout repository	2026-10-05T00:14:30.7915174Z Updating files:  60% (53872/89604)
dispatch	Checkout repository	2026-10-05T00:14:30.8333755Z Updating files:  61% (54659/89604)
dispatch	Checkout repository	2026-10-05T00:14:30.8775547Z Updating files:  62% (55555/89604)
dispatch	Checkout repository	2026-10-05T00:14:30.9171259Z Updating files:  63% (56451/89604)
dispatch	Checkout repository	2026-10-05T00:14:30.9572454Z Updating files:  64% (57347/89604)
dispatch	Checkout repository	2026-10-05T00:14:30.9965337Z Updating files:  65% (58243/89604)
dispatch	Checkout repository	2026-10-05T00:14:31.0354114Z Updating files:  66% (59139/89604)
dispatch	Checkout repository	2026-10-05T00:14:31.0748008Z Updating files:  67% (60035/89604)
dispatch	Checkout repository	2026-10-05T00:14:31.1155135Z Updating files:  68% (60931/89604)
dispatch	Checkout repository	2026-10-05T00:14:31.1570839Z Updating files:  69% (61827/89604)
dispatch	Checkout repository	2026-10-05T00:14:31.1976873Z Updating files:  70% (62723/89604)
dispatch	Checkout repository	2026-10-05T00:14:31.2377308Z Updating files:  71% (63619/89604)
dispatch	Checkout repository	2026-10-05T00:14:31.2781033Z Updating files:  72% (64515/89604)
dispatch	Checkout repository	2026-10-05T00:14:31.3185717Z Updating files:  73% (65411/89604)
dispatch	Checkout repository	2026-10-05T00:14:31.3603843Z Updating files:  74% (66307/89604)
dispatch	Checkout repository	2026-10-05T00:14:31.4005754Z Updating files:  75% (67203/89604)
dispatch	Checkout repository	2026-10-05T00:14:31.4411985Z Updating files:  76% (68100/89604)
dispatch	Checkout repository	2026-10-05T00:14:31.4813868Z Updating files:  77% (68996/89604)
dispatch	Checkout repository	2026-10-05T00:14:31.5218638Z Updating files:  78% (69892/89604)
dispatch	Checkout repository	2026-10-05T00:14:31.5621393Z Updating files:  79% (70788/89604)
dispatch	Checkout repository	2026-10-05T00:14:31.6030854Z Updating files:  80% (71684/89604)
dispatch	Checkout repository	2026-10-05T00:14:31.6451112Z Updating files:  81% (72580/89604)
dispatch	Checkout repository	2026-10-05T00:14:31.6882476Z Updating files:  82% (73476/89604)
dispatch	Checkout repository	2026-10-05T00:14:31.7311758Z Updating files:  83% (74372/89604)
dispatch	Checkout repository	2026-10-05T00:14:31.7569764Z Updating files:  84% (75268/89604)
dispatch	Checkout repository	2026-10-05T00:14:31.7717578Z Updating files:  84% (75843/89604)
dispatch	Checkout repository	2026-10-05T00:14:31.8190914Z Updating files:  85% (76164/89604)
dispatch	Checkout repository	2026-10-05T00:14:31.8557423Z Updating files:  86% (77060/89604)
dispatch	Checkout repository	2026-10-05T00:14:31.9210026Z Updating files:  87% (77956/89604)
dispatch	Checkout repository	2026-10-05T00:14:32.7843297Z Updating files:  88% (78852/89604)
dispatch	Checkout repository	2026-10-05T00:14:32.8647002Z Updating files:  88% (79669/89604)
dispatch	Checkout repository	2026-10-05T00:14:33.6951164Z Updating files:  89% (79748/89604)
dispatch	Checkout repository	2026-10-05T00:14:33.7592987Z Updating files:  90% (80644/89604)
dispatch	Checkout repository	2026-10-05T00:14:34.7612243Z Updating files:  90% (80763/89604)
dispatch	Checkout repository	2026-10-05T00:14:35.7667368Z Updating files:  90% (80838/89604)
dispatch	Checkout repository	2026-10-05T00:14:36.7730484Z Updating files:  90% (80996/89604)
dispatch	Checkout repository	2026-10-05T00:14:37.7608541Z Updating files:  90% (81141/89604)
dispatch	Checkout repository	2026-10-05T00:14:38.7604341Z Updating files:  90% (81288/89604)
dispatch	Checkout repository	2026-10-05T00:14:39.4799252Z Updating files:  90% (81383/89604)
dispatch	Checkout repository	2026-10-05T00:14:39.7359130Z Updating files:  91% (81540/89604)
dispatch	Checkout repository	2026-10-05T00:14:39.7571120Z Updating files:  92% (82436/89604)
dispatch	Checkout repository	2026-10-05T00:14:39.7789185Z Updating files:  92% (82910/89604)
dispatch	Checkout repository	2026-10-05T00:14:39.8369516Z Updating files:  93% (83332/89604)
dispatch	Checkout repository	2026-10-05T00:14:40.7632051Z Updating files:  94% (84228/89604)
dispatch	Checkout repository	2026-10-05T00:14:41.6060847Z Updating files:  94% (84900/89604)
dispatch	Checkout repository	2026-10-05T00:14:41.7911938Z Updating files:  95% (85124/89604)
dispatch	Checkout repository	2026-10-05T00:14:42.7573083Z Updating files:  95% (85147/89604)
dispatch	Checkout repository	2026-10-05T00:14:43.7624853Z Updating files:  95% (85459/89604)
dispatch	Checkout repository	2026-10-05T00:14:44.3766436Z Updating files:  95% (85769/89604)
dispatch	Checkout repository	2026-10-05T00:14:44.7601522Z Updating files:  96% (86020/89604)
dispatch	Checkout repository	2026-10-05T00:14:45.7598867Z Updating files:  96% (86085/89604)
dispatch	Checkout repository	2026-10-05T00:14:46.2034934Z Updating files:  96% (86617/89604)
dispatch	Checkout repository	2026-10-05T00:14:46.7575302Z Updating files:  97% (86916/89604)
dispatch	Checkout repository	2026-10-05T00:14:47.7635880Z Updating files:  97% (87297/89604)
dispatch	Checkout repository	2026-10-05T00:14:47.7759122Z Updating files:  97% (87803/89604)
dispatch	Checkout repository	2026-10-05T00:14:48.7593417Z Updating files:  98% (87812/89604)
dispatch	Checkout repository	2026-10-05T00:14:49.2684825Z Updating files:  98% (88341/89604)
dispatch	Checkout repository	2026-10-05T00:14:49.7597939Z Updating files:  99% (88708/89604)
dispatch	Checkout repository	2026-10-05T00:14:50.6157465Z Updating files:  99% (89131/89604)
dispatch	Checkout repository	2026-10-05T00:14:50.6158005Z Updating files: 100% (89604/89604)
dispatch	Checkout repository	2026-10-05T00:14:50.6158319Z Updating files: 100% (89604/89604), done.
dispatch	Checkout repository	2026-10-05T00:14:50.7107105Z Switched to a new branch 'main'
dispatch	Checkout repository	2026-10-05T00:14:50.7108779Z branch 'main' set up to track 'origin/main'.
dispatch	Checkout repository	2026-10-05T00:14:50.7462838Z ##[endgroup]
dispatch	Checkout repository	2026-10-05T00:14:50.7511597Z [command]/usr/bin/git log -1 --format=%H
dispatch	Checkout repository	2026-10-05T00:14:50.7543078Z f6362a4495c7afac5588ab467660473625e27a51
dispatch	Set up Python	﻿2026-10-05T00:14:50.7876475Z ##[group]Run actions/setup-python@v5
dispatch	Set up Python	2026-10-05T00:14:50.7876789Z with:
dispatch	Set up Python	2026-10-05T00:14:50.7876998Z   python-version: 3.11
dispatch	Set up Python	2026-10-05T00:14:50.7877239Z   check-latest: false
dispatch	Set up Python	2026-10-05T00:14:50.7879724Z   token: ***
dispatch	Set up Python	2026-10-05T00:14:50.7880148Z   update-environment: true
dispatch	Set up Python	2026-10-05T00:14:50.7880408Z   allow-prereleases: false
dispatch	Set up Python	2026-10-05T00:14:50.7880646Z   freethreaded: false
dispatch	Set up Python	2026-10-05T00:14:50.7880871Z ##[endgroup]
dispatch	Set up Python	2026-10-05T00:14:50.9214246Z ##[group]Installed versions
dispatch	Set up Python	2026-10-05T00:14:50.9344034Z (node:2380) [DEP0040] DeprecationWarning: The `punycode` module is deprecated. Please use a userland alternative instead.
dispatch	Set up Python	2026-10-05T00:14:50.9345022Z (Use `node --trace-deprecation ...` to show where the warning was created)
dispatch	Set up Python	2026-10-05T00:14:50.9345727Z Successfully set up CPython (3.11.16)
dispatch	Set up Python	2026-10-05T00:14:50.9346549Z ##[endgroup]
dispatch	Reserve and Dispatch Commands	﻿2026-10-05T00:14:50.9529206Z ##[group]Run git config user.name "convert2-dispatcher[bot]"
dispatch	Reserve and Dispatch Commands	2026-10-05T00:14:50.9529975Z ^[[36;1mgit config user.name "convert2-dispatcher[bot]"^[[0m
dispatch	Reserve and Dispatch Commands	2026-10-05T00:14:50.9530692Z ^[[36;1mgit config user.email "convert2-dispatcher@netviet.internal"^[[0m
dispatch	Reserve and Dispatch Commands	2026-10-05T00:14:50.9531529Z ^[[36;1m# Reconcile stale reservations/leases before selecting ready commands.^[[0m
dispatch	Reserve and Dispatch Commands	2026-10-05T00:14:50.9532428Z ^[[36;1mpython scripts/command_bus_orchestrator.py recover --timeout 1800^[[0m
dispatch	Reserve and Dispatch Commands	2026-10-05T00:14:50.9533203Z ^[[36;1mpython scripts/command_bus_orchestrator.py rebuild-index^[[0m
dispatch	Reserve and Dispatch Commands	2026-10-05T00:14:50.9533941Z ^[[36;1mpython scripts/command_bus_orchestrator.py validate-lifecycle^[[0m
dispatch	Reserve and Dispatch Commands	2026-10-05T00:14:50.9534599Z ^[[36;1mgit add -A .ai/commands .ai/state || true^[[0m
dispatch	Reserve and Dispatch Commands	2026-10-05T00:14:50.9535115Z ^[[36;1mif ! git diff --cached --quiet; then^[[0m
dispatch	Reserve and Dispatch Commands	2026-10-05T00:14:50.9535907Z ^[[36;1m  git commit -m "chore(command-bus): reconcile stale state before dispatch [run $GITHUB_RUN_ID]"^[[0m
dispatch	Reserve and Dispatch Commands	2026-10-05T00:14:50.9536901Z ^[[36;1m  git pull --rebase origin main^[[0m
dispatch	Reserve and Dispatch Commands	2026-10-05T00:14:50.9537395Z ^[[36;1m  git push origin main^[[0m
dispatch	Reserve and Dispatch Commands	2026-10-05T00:14:50.9537771Z ^[[36;1mfi^[[0m
dispatch	Reserve and Dispatch Commands	2026-10-05T00:14:50.9538195Z ^[[36;1mpython scripts/command_bus_orchestrator.py dispatch \^[[0m
dispatch	Reserve and Dispatch Commands	2026-10-05T00:14:50.9538811Z ^[[36;1m  --dispatcher-run-id "$GITHUB_RUN_ID" \^[[0m
dispatch	Reserve and Dispatch Commands	2026-10-05T00:14:50.9539313Z ^[[36;1m  --command-id "$SPECIFIC_CMD" \^[[0m
dispatch	Reserve and Dispatch Commands	2026-10-05T00:14:50.9539756Z ^[[36;1m  --lane "$LANE" \^[[0m
dispatch	Reserve and Dispatch Commands	2026-10-05T00:14:50.9540128Z ^[[36;1m  --max-dispatch 3^[[0m
dispatch	Reserve and Dispatch Commands	2026-10-05T00:14:50.9842879Z shell: /usr/bin/bash -e {0}
dispatch	Reserve and Dispatch Commands	2026-10-05T00:14:50.9843191Z env:
dispatch	Reserve and Dispatch Commands	2026-10-05T00:14:50.9843489Z   pythonLocation: /opt/hostedtoolcache/Python/3.11.16/x64
dispatch	Reserve and Dispatch Commands	2026-10-05T00:14:50.9843960Z   PKG_CONFIG_PATH: /opt/hostedtoolcache/Python/3.11.16/x64/lib/pkgconfig
dispatch	Reserve and Dispatch Commands	2026-10-05T00:14:50.9844404Z   Python_ROOT_DIR: /opt/hostedtoolcache/Python/3.11.16/x64
dispatch	Reserve and Dispatch Commands	2026-10-05T00:14:50.9844785Z   Python2_ROOT_DIR: /opt/hostedtoolcache/Python/3.11.16/x64
dispatch	Reserve and Dispatch Commands	2026-10-05T00:14:50.9845166Z   Python3_ROOT_DIR: /opt/hostedtoolcache/Python/3.11.16/x64
dispatch	Reserve and Dispatch Commands	2026-10-05T00:14:50.9845574Z   LD_LIBRARY_PATH: /opt/hostedtoolcache/Python/3.11.16/x64/lib
dispatch	Reserve and Dispatch Commands	2026-10-05T00:14:50.9849769Z   GH_TOKEN: ***
dispatch	Reserve and Dispatch Commands	2026-10-05T00:14:50.9850025Z   GITHUB_RUN_ID: 37246658920
dispatch	Reserve and Dispatch Commands	2026-10-05T00:14:50.9850327Z   GITHUB_REPOSITORY: netvietsoft/AI-Studio-convert2
dispatch	Reserve and Dispatch Commands	2026-10-05T00:14:50.9850642Z   SPECIFIC_CMD: 
dispatch	Reserve and Dispatch Commands	2026-10-05T00:14:50.9850847Z   LANE: 
dispatch	Reserve and Dispatch Commands	2026-10-05T00:14:50.9851070Z ##[endgroup]
dispatch	Reserve and Dispatch Commands	2026-10-05T00:14:51.0899593Z Recovered 0 stale command(s): []
dispatch	Reserve and Dispatch Commands	2026-10-05T00:14:51.1592791Z {
dispatch	Reserve and Dispatch Commands	2026-10-05T00:14:51.1593259Z   "version": "2.0.0",
dispatch	Reserve and Dispatch Commands	2026-10-05T00:14:51.1593682Z   "updated_at": "2026-10-05T00:14:51.157465+00:00",
dispatch	Reserve and Dispatch Commands	2026-10-05T00:14:51.1594145Z   "counts": {
dispatch	Reserve and Dispatch Commands	2026-10-05T00:14:51.1594469Z     "pending": 3,
dispatch	Reserve and Dispatch Commands	2026-10-05T00:14:51.1594785Z     "reserved": 0,
dispatch	Reserve and Dispatch Commands	2026-10-05T00:14:51.1595091Z     "claimed": 0,
dispatch	Reserve and Dispatch Commands	2026-10-05T00:14:51.1595399Z     "running": 0,
dispatch	Reserve and Dispatch Commands	2026-10-05T00:14:51.1595704Z     "completed": 59,
dispatch	Reserve and Dispatch Commands	2026-10-05T00:14:51.1596203Z     "failed": 0
dispatch	Reserve and Dispatch Commands	2026-10-05T00:14:51.1596500Z   },
dispatch	Reserve and Dispatch Commands	2026-10-05T00:14:51.1596765Z   "commands": {
dispatch	Reserve and Dispatch Commands	2026-10-05T00:14:51.1597255Z     "TASK_056_SO45_CONTINUOUS_DEEP_IMAGE_EFFECT_GRAPH_20261005T063200+0700": {
dispatch	Reserve and Dispatch Commands	2026-10-05T00:14:51.1597972Z       "task_id": "TASK_056_SO45_CONTINUOUS_DEEP_IMAGE_EFFECT_GRAPH_ACTIVE",
dispatch	Reserve and Dispatch Commands	2026-10-05T00:14:51.1598566Z       "task_revision": "2026-10-05T06:32:00+07:00",
dispatch	Reserve and Dispatch Commands	2026-10-05T00:14:51.1599012Z       "priority": "CRITICAL",
dispatch	Reserve and Dispatch Commands	2026-10-05T00:14:51.1599662Z       "status": "QUEUED",
dispatch	Reserve and Dispatch Commands	2026-10-05T00:14:51.1600132Z       "execution_lane": "so45-continuous-deep-image-effect-graph",
dispatch	Reserve and Dispatch Commands	2026-10-05T00:14:51.1600662Z       "created_at": "2026-10-05T06:32:00+07:00",
dispatch	Reserve and Dispatch Commands	2026-10-05T00:14:51.1601355Z       "anti_duplicate_key": "TASK_056_SO45_CONTINUOUS_DEEP_IMAGE_EFFECT_GRAPH_ACTIVE:2026-10-05T06:32:00+07:00"
dispatch	Reserve and Dispatch Commands	2026-10-05T00:14:51.1602015Z     },
dispatch	Reserve and Dispatch Commands	2026-10-05T00:14:51.1602495Z     "TASK_050_TASK049_BODY_VISUAL_EVIDENCE_PROVENANCE_CLOSURE_20261004T184000+0700": {
dispatch	Reserve and Dispatch Commands	2026-10-05T00:14:51.1603276Z       "task_id": "TASK_050_TASK049_BODY_VISUAL_EVIDENCE_PROVENANCE_CLOSURE_ACTIVE",
dispatch	Reserve and Dispatch Commands	2026-10-05T00:14:51.1604172Z       "task_revision": "2026-10-04T18:40:00+07:00",
dispatch	Reserve and Dispatch Commands	2026-10-05T00:14:51.1604614Z       "priority": "CRITICAL",
dispatch	Reserve and Dispatch Commands	2026-10-05T00:14:51.1605014Z       "status": "WAITING_OWNER_VISUAL_APPROVAL",
dispatch	Reserve and Dispatch Commands	2026-10-05T00:14:51.1605598Z       "execution_lane": "body-visual-evidence-provenance-closure",
dispatch	Reserve and Dispatch Commands	2026-10-05T00:14:51.1606370Z       "created_at": "2026-10-04T18:40:00+07:00",
dispatch	Reserve and Dispatch Commands	2026-10-05T00:14:51.1607183Z       "anti_duplicate_key": "TASK_050_TASK049_BODY_VISUAL_EVIDENCE_PROVENANCE_CLOSURE_ACTIVE:2026-10-04T18:40:00+07:00"
dispatch	Reserve and Dispatch Commands	2026-10-05T00:14:51.1607927Z     },
dispatch	Reserve and Dispatch Commands	2026-10-05T00:14:51.1608370Z     "TASK_057_DISPATCHER_WORKER_ACK_RACE_CORRECTION_20261005T065500+0700": {
dispatch	Reserve and Dispatch Commands	2026-10-05T00:14:51.1609187Z       "task_id": "TASK_057_DISPATCHER_WORKER_ACK_RACE_AND_CONTINUOUS_EXECUTION_CORRECTION_ACTIVE",
dispatch	Reserve and Dispatch Commands	2026-10-05T00:14:51.1609920Z       "task_revision": "2026-10-05T06:55:00+07:00",
dispatch	Reserve and Dispatch Commands	2026-10-05T00:14:51.1610377Z       "priority": "CRITICAL",
dispatch	Reserve and Dispatch Commands	2026-10-05T00:14:51.1610777Z       "status": "PENDING",
dispatch	Reserve and Dispatch Commands	2026-10-05T00:14:51.1611319Z       "execution_lane": "infra-dispatcher-worker-ack-race-correction",
dispatch	Reserve and Dispatch Commands	2026-10-05T00:14:51.1611944Z       "created_at": "2026-10-05T06:55:00+07:00",
dispatch	Reserve and Dispatch Commands	2026-10-05T00:14:51.1612813Z       "anti_duplicate_key": "TASK_057_DISPATCHER_WORKER_ACK_RACE_AND_CONTINUOUS_EXECUTION_CORRECTION_ACTIVE:2026-10-05T06:55:00+07:00"
dispatch	Reserve and Dispatch Commands	2026-10-05T00:14:51.1613661Z     },
dispatch	Reserve and Dispatch Commands	2026-10-05T00:14:51.1614089Z     "TASK_031_HAIR_V2_OWNER_PHYSICAL_ACCEPTANCE_20261003T223000+0700": {
dispatch	Reserve and Dispatch Commands	2026-10-05T00:14:51.1614816Z       "task_id": "TASK_031_HAIR_V2_OWNER_PHYSICAL_ACCEPTANCE_AND_FINAL_APK_TEST_ACTIVE",
dispatch	Reserve and Dispatch Commands	2026-10-05T00:14:51.1615413Z       "task_revision": "2026-10-03T15:27:52.029000+00:00",
dispatch	Reserve and Dispatch Commands	2026-10-05T00:14:51.1615866Z       "priority": "CRITICAL",
dispatch	Reserve and Dispatch Commands	2026-10-05T00:14:51.1616417Z       "status": "COMPLETED",
dispatch	Reserve and Dispatch Commands	2026-10-05T00:14:51.1616857Z       "execution_lane": "hair-physical-visual-qa",
dispatch	Reserve and Dispatch Commands	2026-10-05T00:14:51.1617362Z       "created_at": "2026-10-03T22:34:00.615193+07:00",
dispatch	Reserve and Dispatch Commands	2026-10-05T00:14:51.1618253Z       "anti_duplicate_key": "TASK_031_HAIR_V2_OWNER_PHYSICAL_ACCEPTANCE_AND_FINAL_APK_TEST_ACTIVE:2026-10-03T15:27:52.029000+00:00"
dispatch	Reserve and Dispatch Commands	2026-10-05T00:14:51.1619096Z     },
dispatch	Reserve and Dispatch Commands	2026-10-05T00:14:51.1619514Z     "TASK_050A_TASK049_BODY_EVIDENCE_EXECUTION_20261004T191000+0700": {
dispatch	Reserve and Dispatch Commands	2026-10-05T00:14:51.1620245Z       "task_id": "TASK_050_TASK049_BODY_VISUAL_EVIDENCE_PROVENANCE_CLOSURE_ACTIVE",
dispatch	Reserve and Dispatch Commands	2026-10-05T00:14:51.1620906Z       "task_revision": "2026-10-04T19:10:00+07:00",
dispatch	Reserve and Dispatch Commands	2026-10-05T00:14:51.1621367Z       "priority": "CRITICAL",
dispatch	Reserve and Dispatch Commands	2026-10-05T00:14:51.1621762Z       "status": "COMPLETED",
dispatch	Reserve and Dispatch Commands	2026-10-05T00:14:51.1622298Z       "execution_lane": "body-visual-evidence-provenance-closure",
dispatch	Reserve and Dispatch Commands	2026-10-05T00:14:51.1622908Z       "created_at": "2026-10-04T19:10:00+07:00",
dispatch	Reserve and Dispatch Commands	2026-10-05T00:14:51.1623741Z       "anti_duplicate_key": "TASK_050_TASK049_BODY_VISUAL_EVIDENCE_PROVENANCE_CLOSURE_ACTIVE:2026-10-04T19:10:00+07:00"
dispatch	Reserve and Dispatch Commands	2026-10-05T00:14:51.1624539Z     },
dispatch	Reserve and Dispatch Commands	2026-10-05T00:14:51.1624937Z     "TASK_054C_SO45_DEX_JNI_XREF_ACTIVE_20261005T061067+0700": {
dispatch	Reserve and Dispatch Commands	2026-10-05T00:14:51.1625512Z       "task_id": "TASK_054C_SO45_DEX_JNI_XREF_ACTIVE",
dispatch	Reserve and Dispatch Commands	2026-10-05T00:14:51.1625994Z       "task_revision": null,
dispatch	Reserve and Dispatch Commands	2026-10-05T00:14:51.1626502Z       "priority": "CRITICAL",
dispatch	Reserve and Dispatch Commands	2026-10-05T00:14:51.1626866Z       "status": "COMPLETED",
dispatch	Reserve and Dispatch Commands	2026-10-05T00:14:51.1627324Z       "execution_lane": "so45-lane-c-dex-jni-xref",
dispatch	Reserve and Dispatch Commands	2026-10-05T00:14:51.1627782Z       "created_at": "2026-10-05T06:10:00+07:00",
dispatch	Reserve and Dispatch Commands	2026-10-05T00:14:51.1628712Z       "anti_duplicate_key": "TASK_054C_SO45_DEX_JNI_XREF_ACTIVE:2026-10-05T06:10:00+07:00"
dispatch	Reserve and Dispatch Commands	2026-10-05T00:14:51.1629407Z     },
dispatch	Reserve and Dispatch Commands	2026-10-05T00:14:51.1629853Z     "TASK_017_EXECUTE_20261003T011400+0700": {
dispatch	Reserve and Dispatch Commands	2026-10-05T00:14:51.1630478Z       "task_id": "TASK_017_TASK016_PROVENANCE_EVIDENCE_MIRROR_CORRECTION_ACTIVE",
dispatch	Reserve and Dispatch Commands	2026-10-05T00:14:51.1631128Z       "task_revision": "2026-10-02T18:08:00+07:00",
dispatch	Reserve and Dispatch Commands	2026-10-05T00:14:51.1631603Z       "priority": "CRITICAL",
dispatch	Reserve and Dispatch Commands	2026-10-05T00:14:51.1631972Z       "status": "COMPLETED",
dispatch	Reserve and Dispatch Commands	2026-10-05T00:14:51.1632341Z       "execution_lane": "visual-qa-audit",
dispatch	Reserve and Dispatch Commands	2026-10-05T00:14:51.1632777Z       "created_at": "2026-10-03T01:13:56.057852+07:00",
dispatch	Reserve and Dispatch Commands	2026-10-05T00:14:51.1633783Z       "anti_duplicate_key": "TASK_017_TASK016_PROVENANCE_EVIDENCE_MIRROR_CORRECTION_ACTIVE:2026-10-02T18:08:00+07:00"
dispatch	Reserve and Dispatch Commands	2026-10-05T00:14:51.1634524Z     },
dispatch	Reserve and Dispatch Commands	2026-10-05T00:14:51.1634866Z     "TASK_014_FACE_BEAUTY_FULL_VISUAL_QA_20261002": {
dispatch	Reserve and Dispatch Commands	2026-10-05T00:14:51.1635371Z       "task_id": "TASK_014_FACE_BEAUTY_FULL_VISUAL_QA",
dispatch	Reserve and Dispatch Commands	2026-10-05T00:14:51.1635890Z       "task_revision": "2026-10-02T21:50:33.1417596+07:00",
dispatch	Reserve and Dispatch Commands	2026-10-05T00:14:51.1636510Z       "priority": "HIGH",
dispatch	Reserve and Dispatch Commands	2026-10-05T00:14:51.1636862Z       "status": "COMPLETED",
dispatch	Reserve and Dispatch Commands	2026-10-05T00:14:51.1637253Z       "execution_lane": "default",
dispatch	Reserve and Dispatch Commands	2026-10-05T00:14:51.1637685Z       "created_at": "2026-10-02T21:51:14.003306+07:00",
dispatch	Reserve and Dispatch Commands	2026-10-05T00:14:51.1638351Z       "anti_duplicate_key": "TASK_014_FACE_BEAUTY_FULL_VISUAL_QA:2026-10-02T21:50:33.1417596+07:00"
dispatch	Reserve and Dispatch Commands	2026-10-05T00:14:51.1639006Z     },
dispatch	Reserve and Dispatch Commands	2026-10-05T00:14:51.1639470Z     "TASK_039_CONVERT_WORKSPACE_SOURCE_TREE_DISCOVERY_20261004T103500+0700": {
dispatch	Reserve and Dispatch Commands	2026-10-05T00:14:51.1640283Z       "task_id": "TASK_039_CONVERT_WORKSPACE_SOURCE_TREE_DISCOVERY_CLASSIFICATION_ACTIVE",
dispatch	Reserve and Dispatch Commands	2026-10-05T00:14:51.1640956Z       "task_revision": "2026-10-04T10:35:00+07:00",
dispatch	Reserve and Dispatch Commands	2026-10-05T00:14:51.1641412Z       "priority": "HIGH",
dispatch	Reserve and Dispatch Commands	2026-10-05T00:14:51.1641780Z       "status": "COMPLETED",
dispatch	Reserve and Dispatch Commands	2026-10-05T00:14:51.1642215Z       "execution_lane": "workspace-source-discovery",
dispatch	Reserve and Dispatch Commands	2026-10-05T00:14:51.1642719Z       "created_at": "2026-10-04T10:35:00+07:00",
dispatch	Reserve and Dispatch Commands	2026-10-05T00:14:51.1643575Z       "anti_duplicate_key": "TASK_039_CONVERT_WORKSPACE_SOURCE_TREE_DISCOVERY_CLASSIFICATION_ACTIVE:2026-10-04T10:35:00+07:00"
dispatch	Reserve and Dispatch Commands	2026-10-05T00:14:51.1644417Z     },
dispatch	Reserve and Dispatch Commands	2026-10-05T00:14:51.1644780Z     "TASK_052A_SO45_KNOWLEDGE_GATE_20261004T211500+0700": {
dispatch	Reserve and Dispatch Commands	2026-10-05T00:14:51.1645397Z       "task_id": "TASK_052A_SO45_CONTINUOUS_MAX_DEPTH_KNOWLEDGE_GATE_ACTIVE",
dispatch	Reserve and Dispatch Commands	2026-10-05T00:14:51.1646169Z       "task_revision": "2026-10-04T21:12:36.288000+07:00",
dispatch	Reserve and Dispatch Commands	2026-10-05T00:14:51.1646635Z       "priority": "CRITICAL",
dispatch	Reserve and Dispatch Commands	2026-10-05T00:14:51.1647039Z       "status": "COMPLETED",
dispatch	Reserve and Dispatch Commands	2026-10-05T00:14:51.1647565Z       "execution_lane": "so45-continuous-max-depth-knowledge-gate",
dispatch	Reserve and Dispatch Commands	2026-10-05T00:14:51.1648166Z       "created_at": "2026-10-04T21:15:00+07:00",
dispatch	Reserve and Dispatch Commands	2026-10-05T00:14:51.1648949Z       "anti_duplicate_key": "TASK_052A_SO45_CONTINUOUS_MAX_DEPTH_KNOWLEDGE_GATE_ACTIVE:2026-10-04T21:12:36.288000+07:00"
dispatch	Reserve and Dispatch Commands	2026-10-05T00:14:51.1649718Z     },
dispatch	Reserve and Dispatch Commands	2026-10-05T00:14:51.1650238Z     "TASK_032_TASK031_STATE_PROVENANCE_OWNER_GATE_CORRECTION_20261004T050000+0700": {
dispatch	Reserve and Dispatch Commands	2026-10-05T00:14:51.1651046Z       "task_id": "TASK_032_TASK031_STATE_PROVENANCE_OWNER_GATE_CORRECTION_ACTIVE",
dispatch	Reserve and Dispatch Commands	2026-10-05T00:14:51.1651687Z       "task_revision": "2026-10-03T21:55:07.019000+00:00",
dispatch	Reserve and Dispatch Commands	2026-10-05T00:14:51.1652156Z       "priority": "CRITICAL",
dispatch	Reserve and Dispatch Commands	2026-10-05T00:14:51.1652548Z       "status": "COMPLETED",
dispatch	Reserve and Dispatch Commands	2026-10-05T00:14:51.1653061Z       "execution_lane": "state-provenance-owner-gate-correction",
dispatch	Reserve and Dispatch Commands	2026-10-05T00:14:51.1653641Z       "created_at": "2026-10-04T05:00:00+07:00",
dispatch	Reserve and Dispatch Commands	2026-10-05T00:14:51.1654498Z       "anti_duplicate_key": "TASK_032_TASK031_STATE_PROVENANCE_OWNER_GATE_CORRECTION_ACTIVE:2026-10-03T21:55:07.019000+00:00"
dispatch	Reserve and Dispatch Commands	2026-10-05T00:14:51.1655407Z     },
dispatch	Reserve and Dispatch Commands	2026-10-05T00:14:51.1655989Z     "TASK_029_TASK028_REPORT_DRIVE_MIRROR_AND_COMMAND_INDEX_CLOSURE_CORRECTION_20261003T153000+0700": {
dispatch	Reserve and Dispatch Commands	2026-10-05T00:14:51.1657193Z       "task_id": "TASK_029_TASK028_REPORT_DRIVE_MIRROR_AND_COMMAND_INDEX_CLOSURE_CORRECTION_ACTIVE",
dispatch	Reserve and Dispatch Commands	2026-10-05T00:14:51.1658178Z       "task_revision": "2026-10-03T15:30:12+07:00",
dispatch	Reserve and Dispatch Commands	2026-10-05T00:14:51.1658645Z       "priority": "CRITICAL",
dispatch	Reserve and Dispatch Commands	2026-10-05T00:14:51.1659032Z       "status": "COMPLETED",
dispatch	Reserve and Dispatch Commands	2026-10-05T00:14:51.1659480Z       "execution_lane": "infra-report-mirror-closure",
dispatch	Reserve and Dispatch Commands	2026-10-05T00:14:51.1660003Z       "created_at": "2026-10-03T15:42:48.629051+07:00",
dispatch	Reserve and Dispatch Commands	2026-10-05T00:14:51.1660963Z       "anti_duplicate_key": "TASK_029_TASK028_REPORT_DRIVE_MIRROR_AND_COMMAND_INDEX_CLOSURE_CORRECTION_ACTIVE:2026-10-03T15:30:12+07:00"
dispatch	Reserve and Dispatch Commands	2026-10-05T00:14:51.1661836Z     },
dispatch	Reserve and Dispatch Commands	2026-10-05T00:14:51.1662266Z     "TASK_031_HAIR_V2_OWNER_PHYSICAL_ACCEPTANCE_20261003T220000+0700": {
dispatch	Reserve and Dispatch Commands	2026-10-05T00:14:51.1663192Z       "task_id": "TASK_031_HAIR_V2_OWNER_PHYSICAL_ACCEPTANCE_FINAL_APK_TEST_ACTIVE",
dispatch	Reserve and Dispatch Commands	2026-10-05T00:14:51.1663834Z       "task_revision": "2026-10-03T22:00:00+07:00",
dispatch	Reserve and Dispatch Commands	2026-10-05T00:14:51.1664291Z       "priority": "CRITICAL",
dispatch	Reserve and Dispatch Commands	2026-10-05T00:14:51.1664681Z       "status": "COMPLETED",
dispatch	Reserve and Dispatch Commands	2026-10-05T00:14:51.1665163Z       "execution_lane": "hair-v2-owner-physical-acceptance",
dispatch	Reserve and Dispatch Commands	2026-10-05T00:14:51.1665707Z       "created_at": "2026-10-03T22:00:00+07:00",
dispatch	Reserve and Dispatch Commands	2026-10-05T00:14:51.1666718Z       "anti_duplicate_key": "TASK_031_HAIR_V2_OWNER_PHYSICAL_ACCEPTANCE_FINAL_APK_TEST_ACTIVE:2026-10-03T22:00:00+07:00"
dispatch	Reserve and Dispatch Commands	2026-10-05T00:14:51.1667525Z     },
dispatch	Reserve and Dispatch Commands	2026-10-05T00:14:51.1667951Z     "TASK_019_FULL_BODY_BEAUTY_REAUDIT_REBUILD_AND_VISUAL_QA_AUTO01": {
dispatch	Reserve and Dispatch Commands	2026-10-05T00:14:51.1668633Z       "task_id": "TASK_019_FULL_BODY_BEAUTY_REAUDIT_REBUILD_AND_VISUAL_QA",
dispatch	Reserve and Dispatch Commands	2026-10-05T00:14:51.1669229Z       "task_revision": "2026-10-03T06:06:00+07:00",
dispatch	Reserve and Dispatch Commands	2026-10-05T00:14:51.1669692Z       "priority": "HIGH",
dispatch	Reserve and Dispatch Commands	2026-10-05T00:14:51.1670064Z       "status": "COMPLETED",
dispatch	Reserve and Dispatch Commands	2026-10-05T00:14:51.1670437Z       "execution_lane": "default",
dispatch	Reserve and Dispatch Commands	2026-10-05T00:14:51.1670848Z       "created_at": "2026-10-03T06:43:02.315510+07:00",
dispatch	Reserve and Dispatch Commands	2026-10-05T00:14:51.1671621Z       "anti_duplicate_key": "TASK_019_FULL_BODY_BEAUTY_REAUDIT_REBUILD_AND_VISUAL_QA:2026-10-03T06:06:00+07:00"
dispatch	Reserve and Dispatch Commands	2026-10-05T00:14:51.1672292Z     },
dispatch	Reserve and Dispatch Commands	2026-10-05T00:14:51.1672657Z     "TASK_021_TRUE_MULTI_AGENT_MULTI_TASK_20261003T074500+0700": {
dispatch	Reserve and Dispatch Commands	2026-10-05T00:14:51.1673315Z       "task_id": "TASK_021_TRUE_MULTI_AGENT_MULTI_TASK_DISPATCHER_RUNNER_POOL_ACTIVE",
dispatch	Reserve and Dispatch Commands	2026-10-05T00:14:51.1673938Z       "task_revision": "2026-10-03T07:45:00+07:00",
dispatch	Reserve and Dispatch Commands	2026-10-05T00:14:51.1674390Z       "priority": "CRITICAL",
dispatch	Reserve and Dispatch Commands	2026-10-05T00:14:51.1674758Z       "status": "COMPLETED",
dispatch	Reserve and Dispatch Commands	2026-10-05T00:14:51.1675147Z       "execution_lane": "infra-command-bus",
dispatch	Reserve and Dispatch Commands	2026-10-05T00:14:51.1675599Z       "created_at": "2026-10-03T07:45:00+07:00",
dispatch	Reserve and Dispatch Commands	2026-10-05T00:14:51.1676587Z       "anti_duplicate_key": "TASK_021_TRUE_MULTI_AGENT_MULTI_TASK_DISPATCHER_RUNNER_POOL_ACTIVE:2026-10-03T07:45:00+07:00"
dispatch	Reserve and Dispatch Commands	2026-10-05T00:14:51.1677367Z     },
dispatch	Reserve and Dispatch Commands	2026-10-05T00:14:51.1677754Z     "TASK_028_TASK027_EVIDENCE_CORRECTION_20261003T142500+0700": {
dispatch	Reserve and Dispatch Commands	2026-10-05T00:14:51.1678557Z       "task_id": "TASK_028_TASK027_EVIDENCE_PROVENANCE_LIFECYCLE_AND_DRIVE_MIRROR_CORRECTION_ACTIVE",
dispatch	Reserve and Dispatch Commands	2026-10-05T00:14:51.1679320Z       "task_revision": "2026-10-03T14:25:00+07:00",
dispatch	Reserve and Dispatch Commands	2026-10-05T00:14:51.1679774Z       "priority": "CRITICAL",
dispatch	Reserve and Dispatch Commands	2026-10-05T00:14:51.1680142Z       "status": "COMPLETED",
dispatch	Reserve and Dispatch Commands	2026-10-05T00:14:51.1680675Z       "execution_lane": "infra-hair-evidence-lifecycle-correction",
dispatch	Reserve and Dispatch Commands	2026-10-05T00:14:51.1681278Z       "created_at": "2026-10-03T14:25:00+07:00",
dispatch	Reserve and Dispatch Commands	2026-10-05T00:14:51.1682365Z       "anti_duplicate_key": "TASK_028_TASK027_EVIDENCE_PROVENANCE_LIFECYCLE_AND_DRIVE_MIRROR_CORRECTION_ACTIVE:2026-10-03T14:25:00+07:00"
dispatch	Reserve and Dispatch Commands	2026-10-05T00:14:51.1683265Z     },
dispatch	Reserve and Dispatch Commands	2026-10-05T00:14:51.1683704Z     "TASK_054D_SO45_SHADER_MODEL_CONSTANTS_ACTIVE_20261005T061068+0700": {
dispatch	Reserve and Dispatch Commands	2026-10-05T00:14:51.1684375Z       "task_id": "TASK_054D_SO45_SHADER_MODEL_CONSTANTS_ACTIVE",
dispatch	Reserve and Dispatch Commands	2026-10-05T00:14:51.1684891Z       "task_revision": null,
dispatch	Reserve and Dispatch Commands	2026-10-05T00:14:51.1685268Z       "priority": "CRITICAL",
dispatch	Reserve and Dispatch Commands	2026-10-05T00:14:51.1685642Z       "status": "COMPLETED",
dispatch	Reserve and Dispatch Commands	2026-10-05T00:14:51.1686267Z       "execution_lane": "so45-lane-d-shader-model-constants",
dispatch	Reserve and Dispatch Commands	2026-10-05T00:14:51.1687025Z       "created_at": "2026-10-05T06:10:00+07:00",
dispatch	Reserve and Dispatch Commands	2026-10-05T00:14:51.1687477Z       "anti_duplicate_key": "TASK_054D_SO45_SHADER_MODEL_CONSTANTS_ACTIVE:2026-10-05T06:10:00+07:00"
dispatch	Reserve and Dispatch Commands	2026-10-05T00:14:51.1687905Z     },
dispatch	Reserve and Dispatch Commands	2026-10-05T00:14:51.1688272Z     "TASK_030_TASK029_VERDICT_STATE_TRUTH_AND_REPORT_DRIVE_MIRROR_COMPLETION_20261003T193000+0700": {
dispatch	Reserve and Dispatch Commands	2026-10-05T00:14:51.1688864Z       "task_id": "TASK_030_TASK029_VERDICT_STATE_TRUTH_AND_REPORT_DRIVE_MIRROR_COMPLETION_ACTIVE",
dispatch	Reserve and Dispatch Commands	2026-10-05T00:14:51.1689320Z       "task_revision": "2026-10-03T19:25:13+07:00",
dispatch	Reserve and Dispatch Commands	2026-10-05T00:14:51.1689609Z       "priority": "CRITICAL",
dispatch	Reserve and Dispatch Commands	2026-10-05T00:14:51.1689981Z       "status": "COMPLETED",
dispatch	Reserve and Dispatch Commands	2026-10-05T00:14:51.1690257Z       "execution_lane": "infra-state-truth-mirror",
dispatch	Reserve and Dispatch Commands	2026-10-05T00:14:51.1690631Z       "created_at": "2026-10-03T19:42:09.589266+07:00",
dispatch	Reserve and Dispatch Commands	2026-10-05T00:14:51.1691214Z       "anti_duplicate_key": "TASK_030_TASK029_VERDICT_STATE_TRUTH_AND_REPORT_DRIVE_MIRROR_COMPLETION_ACTIVE:2026-10-03T19:25:13+07:00"
dispatch	Reserve and Dispatch Commands	2026-10-05T00:14:51.1691744Z     },
dispatch	Reserve and Dispatch Commands	2026-10-05T00:14:51.1692049Z     "TASK_045_TASK044_DEEP_STATIC_PROVENANCE_CORRECTION_20261004T132000+0700": {
dispatch	Reserve and Dispatch Commands	2026-10-05T00:14:51.1692575Z       "task_id": "TASK_045_TASK044_DECOMPILER_DISASSEMBLY_XREF_PROVENANCE_CORRECTION_ACTIVE",
dispatch	Reserve and Dispatch Commands	2026-10-05T00:14:51.1693011Z       "task_revision": "2026-10-04T13:20:00+07:00",
dispatch	Reserve and Dispatch Commands	2026-10-05T00:14:51.1693299Z       "priority": "CRITICAL",
dispatch	Reserve and Dispatch Commands	2026-10-05T00:14:51.1693552Z       "status": "COMPLETED",
dispatch	Reserve and Dispatch Commands	2026-10-05T00:14:51.1693886Z       "execution_lane": "task044-deep-static-provenance-correction",
dispatch	Reserve and Dispatch Commands	2026-10-05T00:14:51.1694265Z       "created_at": null,
dispatch	Reserve and Dispatch Commands	2026-10-05T00:14:51.1694788Z       "anti_duplicate_key": "TASK_045_TASK044_DECOMPILER_DISASSEMBLY_XREF_PROVENANCE_CORRECTION_ACTIVE:2026-10-04T13:20:00+07:00"
dispatch	Reserve and Dispatch Commands	2026-10-05T00:14:51.1695303Z     },
dispatch	Reserve and Dispatch Commands	2026-10-05T00:14:51.1695587Z     "TASK_052A_CONTINUE_STATIC_IMAGE_ALGORITHM_20261004T213700+0700": {
dispatch	Reserve and Dispatch Commands	2026-10-05T00:14:51.1696196Z       "task_id": "TASK_052A_SO45_CONTINUOUS_STATIC_IMAGE_ALGORITHM_ACTIVE",
dispatch	Reserve and Dispatch Commands	2026-10-05T00:14:51.1696634Z       "task_revision": "2026-10-04T21:37:00+07:00",
dispatch	Reserve and Dispatch Commands	2026-10-05T00:14:51.1696939Z       "priority": "CRITICAL",
dispatch	Reserve and Dispatch Commands	2026-10-05T00:14:51.1697190Z       "status": "COMPLETED",
dispatch	Reserve and Dispatch Commands	2026-10-05T00:14:51.1697512Z       "execution_lane": "so45-continuous-static-image-algorithm",
dispatch	Reserve and Dispatch Commands	2026-10-05T00:14:51.1697884Z       "created_at": "2026-10-04T21:37:00+07:00",
dispatch	Reserve and Dispatch Commands	2026-10-05T00:14:51.1698370Z       "anti_duplicate_key": "TASK_052A_SO45_CONTINUOUS_STATIC_IMAGE_ALGORITHM_ACTIVE:2026-10-04T21:37:00+07:00"
dispatch	Reserve and Dispatch Commands	2026-10-05T00:14:51.1698830Z     },
dispatch	Reserve and Dispatch Commands	2026-10-05T00:14:51.1699106Z     "TASK_038_45SO_DEEP_FUNCTION_XREF_JNI_RECON_20261004T102000+0700": {
dispatch	Reserve and Dispatch Commands	2026-10-05T00:14:51.1699620Z       "task_id": "TASK_038_45_SO_DEEP_FUNCTION_XREF_JNI_BRIDGE_RECONSTRUCTION_ACTIVE",
dispatch	Reserve and Dispatch Commands	2026-10-05T00:14:51.1700033Z       "task_revision": "2026-10-04T10:20:00+07:00",
dispatch	Reserve and Dispatch Commands	2026-10-05T00:14:51.1700326Z       "priority": "CRITICAL",
dispatch	Reserve and Dispatch Commands	2026-10-05T00:14:51.1700580Z       "status": "COMPLETED",
dispatch	Reserve and Dispatch Commands	2026-10-05T00:14:51.1700884Z       "execution_lane": "native-so-deep-jni-reconstruction",
dispatch	Reserve and Dispatch Commands	2026-10-05T00:14:51.1701226Z       "created_at": "2026-10-04T10:20:00+07:00",
dispatch	Reserve and Dispatch Commands	2026-10-05T00:14:51.1701730Z       "anti_duplicate_key": "TASK_038_45_SO_DEEP_FUNCTION_XREF_JNI_BRIDGE_RECONSTRUCTION_ACTIVE:2026-10-04T10:20:00+07:00"
dispatch	Reserve and Dispatch Commands	2026-10-05T00:14:51.1702212Z     },
dispatch	Reserve and Dispatch Commands	2026-10-05T00:14:51.1702474Z     "TASK_015_FACE_BEAUTY_EYE_BROW_LANDMARK_CORRECTION_AUTO01": {
dispatch	Reserve and Dispatch Commands	2026-10-05T00:14:51.1702882Z       "task_id": "TASK_015_FACE_BEAUTY_EYE_BROW_LANDMARK_CORRECTION",
dispatch	Reserve and Dispatch Commands	2026-10-05T00:14:51.1703237Z       "task_revision": "2026-10-02T22:00:00+07:00",
dispatch	Reserve and Dispatch Commands	2026-10-05T00:14:51.1703525Z       "priority": "HIGH",
dispatch	Reserve and Dispatch Commands	2026-10-05T00:14:51.1703767Z       "status": "COMPLETED",
dispatch	Reserve and Dispatch Commands	2026-10-05T00:14:51.1704034Z       "execution_lane": "default",
dispatch	Reserve and Dispatch Commands	2026-10-05T00:14:51.1704316Z       "created_at": "2026-10-02T22:35:05.473636+07:00",
dispatch	Reserve and Dispatch Commands	2026-10-05T00:14:51.1704775Z       "anti_duplicate_key": "TASK_015_FACE_BEAUTY_EYE_BROW_LANDMARK_CORRECTION:2026-10-02T22:00:00+07:00"
dispatch	Reserve and Dispatch Commands	2026-10-05T00:14:51.1705377Z     },
dispatch	Reserve and Dispatch Commands	2026-10-05T00:14:51.1705652Z     "CMD_ACCEPT_024_03_DEVICE_CONNECTIVITY_20261003T150000+0700": {
dispatch	Reserve and Dispatch Commands	2026-10-05T00:14:51.1706225Z       "task_id": "TASK_024_ACCEPT_INFRA_DEVICE_CONNECTIVITY",
dispatch	Reserve and Dispatch Commands	2026-10-05T00:14:51.1706581Z       "task_revision": "2026-10-03T15:00:00+07:00",
dispatch	Reserve and Dispatch Commands	2026-10-05T00:14:51.1706877Z       "priority": "CRITICAL",
dispatch	Reserve and Dispatch Commands	2026-10-05T00:14:51.1707130Z       "status": "COMPLETED",
dispatch	Reserve and Dispatch Commands	2026-10-05T00:14:51.1707398Z       "execution_lane": "infra-device-audit",
dispatch	Reserve and Dispatch Commands	2026-10-05T00:14:51.1707700Z       "created_at": "2026-10-03T15:00:00+07:00",
dispatch	Reserve and Dispatch Commands	2026-10-05T00:14:51.1708122Z       "anti_duplicate_key": "TASK_024_ACCEPT_INFRA_DEVICE_CONNECTIVITY:2026-10-03T15:00:00+07:00"
dispatch	Reserve and Dispatch Commands	2026-10-05T00:14:51.1708691Z     },
dispatch	Reserve and Dispatch Commands	2026-10-05T00:14:51.1708994Z     "TASK_022_HAIR_PHYSICAL_DEVICE_VISUAL_ACCEPTANCE_20261003T080500+0700": {
dispatch	Reserve and Dispatch Commands	2026-10-05T00:14:51.1709490Z       "task_id": "TASK_022_HAIR_FULL_E2E_PHYSICAL_DEVICE_VISUAL_ACCEPTANCE_ACTIVE",
dispatch	Reserve and Dispatch Commands	2026-10-05T00:14:51.1709895Z       "task_revision": "2026-10-03T08:05:00+07:00",
dispatch	Reserve and Dispatch Commands	2026-10-05T00:14:51.1710179Z       "priority": "HIGH",
dispatch	Reserve and Dispatch Commands	2026-10-05T00:14:51.1710419Z       "status": "COMPLETED",
dispatch	Reserve and Dispatch Commands	2026-10-05T00:14:51.1710695Z       "execution_lane": "hair-physical-visual-qa",
dispatch	Reserve and Dispatch Commands	2026-10-05T00:14:51.1711004Z       "created_at": "2026-10-03T08:05:00+07:00",
dispatch	Reserve and Dispatch Commands	2026-10-05T00:14:51.1711505Z       "anti_duplicate_key": "TASK_022_HAIR_FULL_E2E_PHYSICAL_DEVICE_VISUAL_ACCEPTANCE_ACTIVE:2026-10-03T08:05:00+07:00"
dispatch	Reserve and Dispatch Commands	2026-10-05T00:14:51.1711992Z     },
dispatch	Reserve and Dispatch Commands	2026-10-05T00:14:51.1712308Z     "TASK_055_TASK054_ORCHESTRATION_PROVENANCE_CORRECTION_20261005T061600+0700": {
dispatch	Reserve and Dispatch Commands	2026-10-05T00:14:51.1712860Z       "task_id": "TASK_055_TASK054_PROVENANCE_DISPATCH_INTEGRATOR_AND_MIRROR_CORRECTION_ACTIVE",
dispatch	Reserve and Dispatch Commands	2026-10-05T00:14:51.1713314Z       "task_revision": "2026-10-05T06:16:00+07:00",
dispatch	Reserve and Dispatch Commands	2026-10-05T00:14:51.1713606Z       "priority": "CRITICAL",
dispatch	Reserve and Dispatch Commands	2026-10-05T00:14:51.1713857Z       "status": "COMPLETED",
dispatch	Reserve and Dispatch Commands	2026-10-05T00:14:51.1714199Z       "execution_lane": "task054-orchestration-provenance-correction",
dispatch	Reserve and Dispatch Commands	2026-10-05T00:14:51.1714585Z       "created_at": "2026-10-05T06:16:00+07:00",
dispatch	Reserve and Dispatch Commands	2026-10-05T00:14:51.1715131Z       "anti_duplicate_key": "TASK_055_TASK054_PROVENANCE_DISPATCH_INTEGRATOR_AND_MIRROR_CORRECTION_ACTIVE:2026-10-05T06:16:00+07:00"
dispatch	Reserve and Dispatch Commands	2026-10-05T00:14:51.1715659Z     },
dispatch	Reserve and Dispatch Commands	2026-10-05T00:14:51.1715927Z     "CMD_ACCEPT_024_02_EVIDENCE_PROVENANCE_20261003T150000+0700": {
dispatch	Reserve and Dispatch Commands	2026-10-05T00:14:51.1716505Z       "task_id": "TASK_024_ACCEPT_INFRA_EVIDENCE_PROVENANCE",
dispatch	Reserve and Dispatch Commands	2026-10-05T00:14:51.1716849Z       "task_revision": "2026-10-03T15:00:00+07:00",
dispatch	Reserve and Dispatch Commands	2026-10-05T00:14:51.1717145Z       "priority": "CRITICAL",
dispatch	Reserve and Dispatch Commands	2026-10-05T00:14:51.1717391Z       "status": "COMPLETED",
dispatch	Reserve and Dispatch Commands	2026-10-05T00:14:51.1717666Z       "execution_lane": "infra-evidence-audit",
dispatch	Reserve and Dispatch Commands	2026-10-05T00:14:51.1717974Z       "created_at": "2026-10-03T15:00:00+07:00",
dispatch	Reserve and Dispatch Commands	2026-10-05T00:14:51.1718405Z       "anti_duplicate_key": "TASK_024_ACCEPT_INFRA_EVIDENCE_PROVENANCE:2026-10-03T15:00:00+07:00"
dispatch	Reserve and Dispatch Commands	2026-10-05T00:14:51.1718817Z     },
dispatch	Reserve and Dispatch Commands	2026-10-05T00:14:51.1719115Z     "TASK_041_TASK040_SOURCE_TRUTH_V1_CPP_PROVENANCE_20261004T120000+0700": {
dispatch	Reserve and Dispatch Commands	2026-10-05T00:14:51.1719651Z       "task_id": "TASK_041_TASK040_SOURCE_TRUTH_CORRECTION_V1_NATIVE_CPP_PROVENANCE_ACTIVE",
dispatch	Reserve and Dispatch Commands	2026-10-05T00:14:51.1720082Z       "task_revision": "2026-10-04T12:00:00+07:00",
dispatch	Reserve and Dispatch Commands	2026-10-05T00:14:51.1720368Z       "priority": "CRITICAL",
dispatch	Reserve and Dispatch Commands	2026-10-05T00:14:51.1720614Z       "status": "COMPLETED",
dispatch	Reserve and Dispatch Commands	2026-10-05T00:14:51.1720934Z       "execution_lane": "task040-source-truth-v1-cpp-provenance",
dispatch	Reserve and Dispatch Commands	2026-10-05T00:14:51.1721289Z       "created_at": "2026-10-04T12:00:00+07:00",
dispatch	Reserve and Dispatch Commands	2026-10-05T00:14:51.1721813Z       "anti_duplicate_key": "TASK_041_TASK040_SOURCE_TRUTH_CORRECTION_V1_NATIVE_CPP_PROVENANCE_ACTIVE:2026-10-04T12:00:00+07:00"
dispatch	Reserve and Dispatch Commands	2026-10-05T00:14:51.1722328Z     },
dispatch	Reserve and Dispatch Commands	2026-10-05T00:14:51.1722590Z     "TASK_046_F_APP_IMAGE_MULTI_APP_SURVEY_20261004T133000+0700": {
dispatch	Reserve and Dispatch Commands	2026-10-05T00:14:51.1723015Z       "task_id": "TASK_046_F_APP_IMAGE_MULTI_APP_SOURCE_FORENSIC_SURVEY_ACTIVE",
dispatch	Reserve and Dispatch Commands	2026-10-05T00:14:51.1723395Z       "task_revision": "2026-10-04T13:30:00+07:00",
dispatch	Reserve and Dispatch Commands	2026-10-05T00:14:51.1723837Z       "priority": "HIGH",
dispatch	Reserve and Dispatch Commands	2026-10-05T00:14:51.1724073Z       "status": "COMPLETED",
dispatch	Reserve and Dispatch Commands	2026-10-05T00:14:51.1724400Z       "execution_lane": "f-app-image-multi-app-forensic-survey",
dispatch	Reserve and Dispatch Commands	2026-10-05T00:14:51.1724737Z       "created_at": null,
dispatch	Reserve and Dispatch Commands	2026-10-05T00:14:51.1724968Z       "anti_duplicate_key": null
dispatch	Reserve and Dispatch Commands	2026-10-05T00:14:51.1725203Z     },
dispatch	Reserve and Dispatch Commands	2026-10-05T00:14:51.1725491Z     "TASK_040_F_CONVERT_ROOT_SOURCE_TREE_FULL_DISCOVERY_20261004T111500+0700": {
dispatch	Reserve and Dispatch Commands	2026-10-05T00:14:51.1725953Z       "task_id": "TASK_040_F_CONVERT_ROOT_SOURCE_TREE_FULL_DISCOVERY_ACTIVE",
dispatch	Reserve and Dispatch Commands	2026-10-05T00:14:51.1726580Z       "task_revision": "2026-10-04T11:15:00+07:00",
dispatch	Reserve and Dispatch Commands	2026-10-05T00:14:51.1727037Z       "priority": "CRITICAL",
dispatch	Reserve and Dispatch Commands	2026-10-05T00:14:51.1727290Z       "status": "COMPLETED",
dispatch	Reserve and Dispatch Commands	2026-10-05T00:14:51.1727590Z       "execution_lane": "f-convert-root-source-discovery",
dispatch	Reserve and Dispatch Commands	2026-10-05T00:14:51.1727925Z       "created_at": "2026-10-04T11:15:00+07:00",
dispatch	Reserve and Dispatch Commands	2026-10-05T00:14:51.1728400Z       "anti_duplicate_key": "TASK_040_F_CONVERT_ROOT_SOURCE_TREE_FULL_DISCOVERY_ACTIVE:2026-10-04T11:15:00+07:00"
dispatch	Reserve and Dispatch Commands	2026-10-05T00:14:51.1728860Z     },
dispatch	Reserve and Dispatch Commands	2026-10-05T00:14:51.1729081Z     "TASK_049_BODY_VISUAL_QA_20261004T163000+0700": {
dispatch	Reserve and Dispatch Commands	2026-10-05T00:14:51.1729407Z       "task_id": "TASK_049_BODY_VISUAL_QA_ACTIVE",
dispatch	Reserve and Dispatch Commands	2026-10-05T00:14:51.1729709Z       "task_revision": "2026-10-04T16:30:00+07:00",
dispatch	Reserve and Dispatch Commands	2026-10-05T00:14:51.1729986Z       "priority": "CRITICAL",
dispatch	Reserve and Dispatch Commands	2026-10-05T00:14:51.1730224Z       "status": "COMPLETED",
dispatch	Reserve and Dispatch Commands	2026-10-05T00:14:51.1730513Z       "execution_lane": "full-body-owner-visual-rebuild",
dispatch	Reserve and Dispatch Commands	2026-10-05T00:14:51.1730845Z       "created_at": "2026-10-04T16:30:00+07:00",
dispatch	Reserve and Dispatch Commands	2026-10-05T00:14:51.1731221Z       "anti_duplicate_key": "TASK_049_BODY_VISUAL_QA_ACTIVE:2026-10-04T16:30:00+07:00"
dispatch	Reserve and Dispatch Commands	2026-10-05T00:14:51.1731598Z     },
dispatch	Reserve and Dispatch Commands	2026-10-05T00:14:51.1731806Z     "TASK_011_EXECUTE_20261002T195000+0700": {
dispatch	Reserve and Dispatch Commands	2026-10-05T00:14:51.1732192Z       "task_id": "TASK_011_MULTI_AGENT_MULTI_TASK_COMMAND_BUS_ORCHESTRATOR_ACTIVE",
dispatch	Reserve and Dispatch Commands	2026-10-05T00:14:51.1732597Z       "task_revision": "2026-10-02T19:50:00+07:00",
dispatch	Reserve and Dispatch Commands	2026-10-05T00:14:51.1732885Z       "priority": "HIGH",
dispatch	Reserve and Dispatch Commands	2026-10-05T00:14:51.1733113Z       "status": "COMPLETED",
dispatch	Reserve and Dispatch Commands	2026-10-05T00:14:51.1733359Z       "execution_lane": "default",
dispatch	Reserve and Dispatch Commands	2026-10-05T00:14:51.1733641Z       "created_at": "2026-10-02T20:12:53.021365+07:00",
dispatch	Reserve and Dispatch Commands	2026-10-05T00:14:51.1734141Z       "anti_duplicate_key": "TASK_011_MULTI_AGENT_MULTI_TASK_COMMAND_BUS_ORCHESTRATOR_ACTIVE:2026-10-02T19:50:00+07:00"
dispatch	Reserve and Dispatch Commands	2026-10-05T00:14:51.1734615Z     },
dispatch	Reserve and Dispatch Commands	2026-10-05T00:14:51.1734883Z     "TASK_047_IMAGE_EFFECT_GRAPH_DEEP_MAPPING_20261004T153000+0700": {
dispatch	Reserve and Dispatch Commands	2026-10-05T00:14:51.1735293Z       "task_id": "TASK_047_IMAGE_EFFECT_GRAPH_DEEP_MAPPING_ACTIVE",
dispatch	Reserve and Dispatch Commands	2026-10-05T00:14:51.1735643Z       "task_revision": "2026-10-04T15:30:00+07:00",
dispatch	Reserve and Dispatch Commands	2026-10-05T00:14:51.1735918Z       "priority": "CRITICAL",
dispatch	Reserve and Dispatch Commands	2026-10-05T00:14:51.1736335Z       "status": "COMPLETED",
dispatch	Reserve and Dispatch Commands	2026-10-05T00:14:51.1736631Z       "execution_lane": "image-effect-graph-deep-mapping",
dispatch	Reserve and Dispatch Commands	2026-10-05T00:14:51.1736975Z       "created_at": "2026-10-04T15:31:21.337750+07:00",
dispatch	Reserve and Dispatch Commands	2026-10-05T00:14:51.1737434Z       "anti_duplicate_key": "TASK_047_IMAGE_EFFECT_GRAPH_DEEP_MAPPING_ACTIVE:2026-10-04T15:30:00+07:00"
dispatch	Reserve and Dispatch Commands	2026-10-05T00:14:51.1737868Z     },
dispatch	Reserve and Dispatch Commands	2026-10-05T00:14:51.1738144Z     "TASK_020_REAL_BODY_POSE_HUMAN_PARSING_ZERO_BG_20261003T073500+0700": {
dispatch	Reserve and Dispatch Commands	2026-10-05T00:14:51.1738642Z       "task_id": "TASK_020_REAL_BODY_POSE_HUMAN_PARSING_AND_ZERO_BACKGROUND_DISTORTION_ACTIVE",
dispatch	Reserve and Dispatch Commands	2026-10-05T00:14:51.1739071Z       "task_revision": "2026-10-03T07:35:00+07:00",
dispatch	Reserve and Dispatch Commands	2026-10-05T00:14:51.1739355Z       "priority": "CRITICAL",
dispatch	Reserve and Dispatch Commands	2026-10-05T00:14:51.1739595Z       "status": "COMPLETED",
dispatch	Reserve and Dispatch Commands	2026-10-05T00:14:51.1739853Z       "execution_lane": "body-pose-zero-bg",
dispatch	Reserve and Dispatch Commands	2026-10-05T00:14:51.1740146Z       "created_at": "2026-10-03T07:35:00+07:00",
dispatch	Reserve and Dispatch Commands	2026-10-05T00:14:51.1740668Z       "anti_duplicate_key": "TASK_020_REAL_BODY_POSE_HUMAN_PARSING_AND_ZERO_BACKGROUND_DISTORTION_ACTIVE:2026-10-03T07:35:00+07:00"
dispatch	Reserve and Dispatch Commands	2026-10-05T00:14:51.1741176Z     },
dispatch	Reserve and Dispatch Commands	2026-10-05T00:14:51.1741476Z     "TASK_042_HAIR_V2_MODULAR_REFERENCE_INTAKE_BENCHMARK_20261004T121700+0700": {
dispatch	Reserve and Dispatch Commands	2026-10-05T00:14:51.1742114Z       "task_id": "TASK_042_HAIR_V2_MODULAR_REFERENCE_INTAKE_BENCHMARK_ACTIVE",
dispatch	Reserve and Dispatch Commands	2026-10-05T00:14:51.1742501Z       "task_revision": "2026-10-04T12:17:00+07:00",
dispatch	Reserve and Dispatch Commands	2026-10-05T00:14:51.1742792Z       "priority": "CRITICAL",
dispatch	Reserve and Dispatch Commands	2026-10-05T00:14:51.1743041Z       "status": "COMPLETED",
dispatch	Reserve and Dispatch Commands	2026-10-05T00:14:51.1743379Z       "execution_lane": "hair-v2-modular-reference-intake-benchmark",
dispatch	Reserve and Dispatch Commands	2026-10-05T00:14:51.1743756Z       "created_at": "2026-10-04T12:17:00+07:00",
dispatch	Reserve and Dispatch Commands	2026-10-05T00:14:51.1744244Z       "anti_duplicate_key": "TASK_042_HAIR_V2_MODULAR_REFERENCE_INTAKE_BENCHMARK_ACTIVE:2026-10-04T12:17:00+07:00"
dispatch	Reserve and Dispatch Commands	2026-10-05T00:14:51.1744832Z     },
dispatch	Reserve and Dispatch Commands	2026-10-05T00:14:51.1745125Z     "TASK_054B_SO45_DISASSEMBLY_CFG_CALLGRAPH_ACTIVE_20261005T061066+0700": {
dispatch	Reserve and Dispatch Commands	2026-10-05T00:14:51.1745571Z       "task_id": "TASK_054B_SO45_DISASSEMBLY_CFG_CALLGRAPH_ACTIVE",
dispatch	Reserve and Dispatch Commands	2026-10-05T00:14:51.1745915Z       "task_revision": null,
dispatch	Reserve and Dispatch Commands	2026-10-05T00:14:51.1746376Z       "priority": "CRITICAL",
dispatch	Reserve and Dispatch Commands	2026-10-05T00:14:51.1746713Z       "status": "COMPLETED",
dispatch	Reserve and Dispatch Commands	2026-10-05T00:14:51.1747027Z       "execution_lane": "so45-lane-b-disassembly-cfg-callgraph",
dispatch	Reserve and Dispatch Commands	2026-10-05T00:14:51.1747384Z       "created_at": "2026-10-05T06:10:00+07:00",
dispatch	Reserve and Dispatch Commands	2026-10-05T00:14:51.1747832Z       "anti_duplicate_key": "TASK_054B_SO45_DISASSEMBLY_CFG_CALLGRAPH_ACTIVE:2026-10-05T06:10:00+07:00"
dispatch	Reserve and Dispatch Commands	2026-10-05T00:14:51.1748264Z     },
dispatch	Reserve and Dispatch Commands	2026-10-05T00:14:51.1748572Z     "TASK_052B_F_APP_IMAGE_DEEP_MULTI_APP_SO_KNOWLEDGE_BASE_20261004T204500+0700": {
dispatch	Reserve and Dispatch Commands	2026-10-05T00:14:51.1749077Z       "task_id": "TASK_052B_F_APP_IMAGE_DEEP_MULTI_APP_SO_KNOWLEDGE_BASE_ACTIVE",
dispatch	Reserve and Dispatch Commands	2026-10-05T00:14:51.1749483Z       "task_revision": "2026-10-04T21:12:38.274000+07:00",
dispatch	Reserve and Dispatch Commands	2026-10-05T00:14:51.1749800Z       "priority": "CRITICAL",
dispatch	Reserve and Dispatch Commands	2026-10-05T00:14:51.1750045Z       "status": "COMPLETED",
dispatch	Reserve and Dispatch Commands	2026-10-05T00:14:51.1750389Z       "execution_lane": "f-app-image-deep-multi-app-so-knowledge-base",
dispatch	Reserve and Dispatch Commands	2026-10-05T00:14:51.1750766Z       "created_at": "2026-10-04T20:45:00+07:00",
dispatch	Reserve and Dispatch Commands	2026-10-05T00:14:51.1751267Z       "anti_duplicate_key": "TASK_052B_F_APP_IMAGE_DEEP_MULTI_APP_SO_KNOWLEDGE_BASE_ACTIVE:2026-10-04T21:12:38.274000+07:00"
dispatch	Reserve and Dispatch Commands	2026-10-05T00:14:51.1751748Z     },
dispatch	Reserve and Dispatch Commands	2026-10-05T00:14:51.1752039Z     "TASK_036_SIBLING_SOURCE_SO_INVENTORY_HAIR_RECON_20261004T091500+0700": {
dispatch	Reserve and Dispatch Commands	2026-10-05T00:14:51.1752568Z       "task_id": "TASK_036_SIBLING_SOURCE_45_SO_INVENTORY_HASH_MATCH_HAIR_ALGORITHM_RECON_ACTIVE",
dispatch	Reserve and Dispatch Commands	2026-10-05T00:14:51.1753010Z       "task_revision": "2026-10-04T09:15:00+07:00",
dispatch	Reserve and Dispatch Commands	2026-10-05T00:14:51.1753295Z       "priority": "HIGH",
dispatch	Reserve and Dispatch Commands	2026-10-05T00:14:51.1753535Z       "status": "COMPLETED",
dispatch	Reserve and Dispatch Commands	2026-10-05T00:14:51.1753795Z       "execution_lane": "native-so-forensics",
dispatch	Reserve and Dispatch Commands	2026-10-05T00:14:51.1754098Z       "created_at": "2026-10-04T09:15:00+07:00",
dispatch	Reserve and Dispatch Commands	2026-10-05T00:14:51.1754622Z       "anti_duplicate_key": "TASK_036_SIBLING_SOURCE_45_SO_INVENTORY_HASH_MATCH_HAIR_ALGORITHM_RECON_ACTIVE:2026-10-04T09:15:00+07:00"
dispatch	Reserve and Dispatch Commands	2026-10-05T00:14:51.1755139Z     },
dispatch	Reserve and Dispatch Commands	2026-10-05T00:14:51.1755412Z     "TASK_035_HAIR_V2_OWNER_VISUAL_FAIL_REBUILD_20261004T090300+0700": {
dispatch	Reserve and Dispatch Commands	2026-10-05T00:14:51.1755947Z       "task_id": "TASK_035_HAIR_V2_OWNER_VISUAL_FAIL_SEGMENTATION_MATTING_NATURAL_RECOLOR_REBUILD_ACTIVE",
dispatch	Reserve and Dispatch Commands	2026-10-05T00:14:51.1756634Z       "task_revision": "2026-10-04T09:03:00+07:00",
dispatch	Reserve and Dispatch Commands	2026-10-05T00:14:51.1756938Z       "priority": "CRITICAL",
dispatch	Reserve and Dispatch Commands	2026-10-05T00:14:51.1757187Z       "status": "COMPLETED",
dispatch	Reserve and Dispatch Commands	2026-10-05T00:14:51.1757470Z       "execution_lane": "hair-v2-owner-fail-rebuild",
dispatch	Reserve and Dispatch Commands	2026-10-05T00:14:51.1757798Z       "created_at": "2026-10-04T09:03:00+07:00",
dispatch	Reserve and Dispatch Commands	2026-10-05T00:14:51.1758383Z       "anti_duplicate_key": "TASK_035_HAIR_V2_OWNER_VISUAL_FAIL_SEGMENTATION_MATTING_NATURAL_RECOLOR_REBUILD_ACTIVE:2026-10-04T09:03:00+07:00"
dispatch	Reserve and Dispatch Commands	2026-10-05T00:14:51.1758950Z     },
dispatch	Reserve and Dispatch Commands	2026-10-05T00:14:51.1759242Z     "TASK_033_TASK032_WORKFLOW_PROVENANCE_CLOSURE_20261004T052000+0700": {
dispatch	Reserve and Dispatch Commands	2026-10-05T00:14:51.1759744Z       "task_id": "TASK_033_TASK032_WORKFLOW_PROVENANCE_COMMAND_BUS_CLOSURE_CORRECTION_ACTIVE",
dispatch	Reserve and Dispatch Commands	2026-10-05T00:14:51.1760179Z       "task_revision": "2026-10-04T05:20:00+07:00",
dispatch	Reserve and Dispatch Commands	2026-10-05T00:14:51.1760619Z       "priority": "CRITICAL",
dispatch	Reserve and Dispatch Commands	2026-10-05T00:14:51.1760861Z       "status": "COMPLETED",
dispatch	Reserve and Dispatch Commands	2026-10-05T00:14:51.1761141Z       "execution_lane": "task032-provenance-closure",
dispatch	Reserve and Dispatch Commands	2026-10-05T00:14:51.1761467Z       "created_at": "2026-10-04T05:20:00+07:00",
dispatch	Reserve and Dispatch Commands	2026-10-05T00:14:51.1762004Z       "anti_duplicate_key": "TASK_033_TASK032_WORKFLOW_PROVENANCE_COMMAND_BUS_CLOSURE_CORRECTION_ACTIVE:2026-10-04T05:20:00+07:00"
dispatch	Reserve and Dispatch Commands	2026-10-05T00:14:51.1762520Z     },
dispatch	Reserve and Dispatch Commands	2026-10-05T00:14:51.1762783Z     "CMD_ACCEPT_001_RUNNER_POOL_HEALTH_20261003T091500+0700": {
dispatch	Reserve and Dispatch Commands	2026-10-05T00:14:51.1763151Z       "task_id": "TASK_021_ACCEPT_INFRA_RUNNER_POOL_HEALTH",
dispatch	Reserve and Dispatch Commands	2026-10-05T00:14:51.1763611Z       "task_revision": "2026-10-03T09:15:00+07:00",
dispatch	Reserve and Dispatch Commands	2026-10-05T00:14:51.1763906Z       "priority": "CRITICAL",
dispatch	Reserve and Dispatch Commands	2026-10-05T00:14:51.1764152Z       "status": "COMPLETED",
dispatch	Reserve and Dispatch Commands	2026-10-05T00:14:51.1764414Z       "execution_lane": "infra-runner-health",
dispatch	Reserve and Dispatch Commands	2026-10-05T00:14:51.1764709Z       "created_at": "2026-10-03T09:15:00+07:00",
dispatch	Reserve and Dispatch Commands	2026-10-05T00:14:51.1765138Z       "anti_duplicate_key": "TASK_021_ACCEPT_INFRA_RUNNER_POOL_HEALTH:2026-10-03T09:15:00+07:00"
dispatch	Reserve and Dispatch Commands	2026-10-05T00:14:51.1765542Z     },
dispatch	Reserve and Dispatch Commands	2026-10-05T00:14:51.1765811Z     "TASK_027_HAIR_V2_RESIDUAL_CORRECTION_20261003T123500+0700": {
dispatch	Reserve and Dispatch Commands	2026-10-05T00:14:51.1766525Z       "task_id": "TASK_027_HAIR_V2_RESIDUAL_LEAKAGE_TEXTURE_AND_COMMAND_LIFECYCLE_CORRECTION_ACTIVE",
dispatch	Reserve and Dispatch Commands	2026-10-05T00:14:51.1766990Z       "task_revision": "2026-10-03T12:35:00+07:00",
dispatch	Reserve and Dispatch Commands	2026-10-05T00:14:51.1767278Z       "priority": "CRITICAL",
dispatch	Reserve and Dispatch Commands	2026-10-05T00:14:51.1767527Z       "status": "COMPLETED",
dispatch	Reserve and Dispatch Commands	2026-10-05T00:14:51.1767813Z       "execution_lane": "hair-v2-residual-correction",
dispatch	Reserve and Dispatch Commands	2026-10-05T00:14:51.1768136Z       "created_at": "2026-10-03T12:35:00+07:00",
dispatch	Reserve and Dispatch Commands	2026-10-05T00:14:51.1768689Z       "anti_duplicate_key": "TASK_027_HAIR_V2_RESIDUAL_LEAKAGE_TEXTURE_AND_COMMAND_LIFECYCLE_CORRECTION_ACTIVE:2026-10-03T12:35:00+07:00"
dispatch	Reserve and Dispatch Commands	2026-10-05T00:14:51.1769225Z     },
dispatch	Reserve and Dispatch Commands	2026-10-05T00:14:51.1769510Z     "TASK_043_TASK042_TRUE_DEVICE_AB_CORRECTION_20261004T124000+0700": {
dispatch	Reserve and Dispatch Commands	2026-10-05T00:14:51.1770011Z       "task_id": "TASK_043_TASK042_BENCHMARK_PROVENANCE_AND_TRUE_DEVICE_AB_CORRECTION_ACTIVE",
dispatch	Reserve and Dispatch Commands	2026-10-05T00:14:51.1770450Z       "task_revision": "2026-10-04T12:40:00+07:00",
dispatch	Reserve and Dispatch Commands	2026-10-05T00:14:51.1770742Z       "priority": "CRITICAL",
dispatch	Reserve and Dispatch Commands	2026-10-05T00:14:51.1770992Z       "status": "COMPLETED",
dispatch	Reserve and Dispatch Commands	2026-10-05T00:14:51.1771283Z       "execution_lane": "task042-true-device-ab-correction",
dispatch	Reserve and Dispatch Commands	2026-10-05T00:14:51.1771616Z       "created_at": "2026-10-04T12:40:00+07:00",
dispatch	Reserve and Dispatch Commands	2026-10-05T00:14:51.1772160Z       "anti_duplicate_key": "TASK_043_TASK042_BENCHMARK_PROVENANCE_AND_TRUE_DEVICE_AB_CORRECTION_ACTIVE:2026-10-04T12:40:00+07:00"
dispatch	Reserve and Dispatch Commands	2026-10-05T00:14:51.1772691Z     },
dispatch	Reserve and Dispatch Commands	2026-10-05T00:14:51.1772955Z     "TASK_026_HAIR_V2_FALSE_PASS_CORRECTION_20261003T111000+0700": {
dispatch	Reserve and Dispatch Commands	2026-10-05T00:14:51.1773432Z       "task_id": "TASK_026_HAIR_V2_FALSE_PASS_LEAKAGE_TEXTURE_AND_LIFECYCLE_CORRECTION_ACTIVE",
dispatch	Reserve and Dispatch Commands	2026-10-05T00:14:51.1773860Z       "task_revision": "2026-10-03T11:10:00+07:00",
dispatch	Reserve and Dispatch Commands	2026-10-05T00:14:51.1774146Z       "priority": "CRITICAL",
dispatch	Reserve and Dispatch Commands	2026-10-05T00:14:51.1774383Z       "status": "COMPLETED",
dispatch	Reserve and Dispatch Commands	2026-10-05T00:14:51.1774719Z       "execution_lane": "hair-v2-leakage-texture-lifecycle-correction",
dispatch	Reserve and Dispatch Commands	2026-10-05T00:14:51.1775096Z       "created_at": "2026-10-03T11:10:00+07:00",
dispatch	Reserve and Dispatch Commands	2026-10-05T00:14:51.1775633Z       "anti_duplicate_key": "TASK_026_HAIR_V2_FALSE_PASS_LEAKAGE_TEXTURE_AND_LIFECYCLE_CORRECTION_ACTIVE:2026-10-03T11:10:00+07:00"
dispatch	Reserve and Dispatch Commands	2026-10-05T00:14:51.1776357Z     },
dispatch	Reserve and Dispatch Commands	2026-10-05T00:14:51.1776596Z     "TASK_025_HAIR_V2_CORRECTION_20261003T101000+0700": {
dispatch	Reserve and Dispatch Commands	2026-10-05T00:14:51.1777135Z       "task_id": "TASK_025_HAIR_VISUAL_GROUND_TRUTH_SEGMENTATION_COLOR_REALISM_AND_PHYSICAL_DEVICE_CORRECTION_ACTIVE",
dispatch	Reserve and Dispatch Commands	2026-10-05T00:14:51.1777659Z       "task_revision": "2026-10-03T10:08:49+07:00",
dispatch	Reserve and Dispatch Commands	2026-10-05T00:14:51.1777951Z       "priority": "CRITICAL",
dispatch	Reserve and Dispatch Commands	2026-10-05T00:14:51.1778196Z       "status": "COMPLETED",
dispatch	Reserve and Dispatch Commands	2026-10-05T00:14:51.1778497Z       "execution_lane": "hair-v2-physical-visual-correction",
dispatch	Reserve and Dispatch Commands	2026-10-05T00:14:51.1778989Z       "created_at": "2026-10-03T10:10:00+07:00",
dispatch	Reserve and Dispatch Commands	2026-10-05T00:14:51.1779602Z       "anti_duplicate_key": "TASK_025_HAIR_VISUAL_GROUND_TRUTH_SEGMENTATION_COLOR_REALISM_AND_PHYSICAL_DEVICE_CORRECTION_ACTIVE:2026-10-03T10:08:49+07:00"
dispatch	Reserve and Dispatch Commands	2026-10-05T00:14:51.1780196Z     },
dispatch	Reserve and Dispatch Commands	2026-10-05T00:14:51.1780521Z     "TASK_048_MULTI_AGENT_IMAGE_EFFECT_GRAPH_EVIDENCE_EXPANSION_20261004T160000+0700": {
dispatch	Reserve and Dispatch Commands	2026-10-05T00:14:51.1781054Z       "task_id": "TASK_048_MULTI_AGENT_IMAGE_EFFECT_GRAPH_EVIDENCE_EXPANSION_ACTIVE",
dispatch	Reserve and Dispatch Commands	2026-10-05T00:14:51.1781475Z       "task_revision": "2026-10-04T16:00:00+07:00",
dispatch	Reserve and Dispatch Commands	2026-10-05T00:14:51.1781780Z       "priority": "CRITICAL",
dispatch	Reserve and Dispatch Commands	2026-10-05T00:14:51.1782150Z       "status": "COMPLETED",
dispatch	Reserve and Dispatch Commands	2026-10-05T00:14:51.1782530Z       "execution_lane": "multi-agent-image-effect-graph-evidence-expansion",
dispatch	Reserve and Dispatch Commands	2026-10-05T00:14:51.1782958Z       "created_at": "2026-10-04T15:55:00.000000+07:00",
dispatch	Reserve and Dispatch Commands	2026-10-05T00:14:51.1783498Z       "anti_duplicate_key": "TASK_048_MULTI_AGENT_IMAGE_EFFECT_GRAPH_EVIDENCE_EXPANSION_ACTIVE:2026-10-04T16:00:00+07:00"
dispatch	Reserve and Dispatch Commands	2026-10-05T00:14:51.1783985Z     },
dispatch	Reserve and Dispatch Commands	2026-10-05T00:14:51.1784249Z     "CMD_ACCEPT_002_EVIDENCE_PROVENANCE_20261003T091500+0700": {
dispatch	Reserve and Dispatch Commands	2026-10-05T00:14:51.1784632Z       "task_id": "TASK_021_ACCEPT_INFRA_EVIDENCE_PROVENANCE",
dispatch	Reserve and Dispatch Commands	2026-10-05T00:14:51.1784972Z       "task_revision": "2026-10-03T09:15:00+07:00",
dispatch	Reserve and Dispatch Commands	2026-10-05T00:14:51.1785262Z       "priority": "CRITICAL",
dispatch	Reserve and Dispatch Commands	2026-10-05T00:14:51.1785504Z       "status": "COMPLETED",
dispatch	Reserve and Dispatch Commands	2026-10-05T00:14:51.1785779Z       "execution_lane": "infra-evidence-audit",
dispatch	Reserve and Dispatch Commands	2026-10-05T00:14:51.1786201Z       "created_at": "2026-10-03T09:15:00+07:00",
dispatch	Reserve and Dispatch Commands	2026-10-05T00:14:51.1808006Z       "anti_duplicate_key": "TASK_021_ACCEPT_INFRA_EVIDENCE_PROVENANCE:2026-10-03T09:15:00+07:00"
dispatch	Reserve and Dispatch Commands	2026-10-05T00:14:51.1808633Z     },
dispatch	Reserve and Dispatch Commands	2026-10-05T00:14:51.1808924Z     "CMD_ACCEPT_024_01_RUNNER_POOL_HEALTH_20261003T150000+0700": {
dispatch	Reserve and Dispatch Commands	2026-10-05T00:14:51.1809333Z       "task_id": "TASK_024_ACCEPT_INFRA_RUNNER_POOL_HEALTH",
dispatch	Reserve and Dispatch Commands	2026-10-05T00:14:51.1809685Z       "task_revision": "2026-10-03T15:00:00+07:00",
dispatch	Reserve and Dispatch Commands	2026-10-05T00:14:51.1810000Z       "priority": "CRITICAL",
dispatch	Reserve and Dispatch Commands	2026-10-05T00:14:51.1810254Z       "status": "COMPLETED",
dispatch	Reserve and Dispatch Commands	2026-10-05T00:14:51.1810518Z       "execution_lane": "infra-runner-health",
dispatch	Reserve and Dispatch Commands	2026-10-05T00:14:51.1810817Z       "created_at": "2026-10-03T15:00:00+07:00",
dispatch	Reserve and Dispatch Commands	2026-10-05T00:14:51.1811250Z       "anti_duplicate_key": "TASK_024_ACCEPT_INFRA_RUNNER_POOL_HEALTH:2026-10-03T15:00:00+07:00"
dispatch	Reserve and Dispatch Commands	2026-10-05T00:14:51.1811661Z     },
dispatch	Reserve and Dispatch Commands	2026-10-05T00:14:51.1811931Z     "CMD_ACCEPT_003_DEVICE_CONNECTIVITY_20261003T091500+0700": {
dispatch	Reserve and Dispatch Commands	2026-10-05T00:14:51.1812302Z       "task_id": "TASK_021_ACCEPT_INFRA_DEVICE_CONNECTIVITY",
dispatch	Reserve and Dispatch Commands	2026-10-05T00:14:51.1812645Z       "task_revision": "2026-10-03T09:15:00+07:00",
dispatch	Reserve and Dispatch Commands	2026-10-05T00:14:51.1812938Z       "priority": "CRITICAL",
dispatch	Reserve and Dispatch Commands	2026-10-05T00:14:51.1813179Z       "status": "COMPLETED",
dispatch	Reserve and Dispatch Commands	2026-10-05T00:14:51.1813440Z       "execution_lane": "infra-device-audit",
dispatch	Reserve and Dispatch Commands	2026-10-05T00:14:51.1813735Z       "created_at": "2026-10-03T09:15:00+07:00",
dispatch	Reserve and Dispatch Commands	2026-10-05T00:14:51.1814158Z       "anti_duplicate_key": "TASK_021_ACCEPT_INFRA_DEVICE_CONNECTIVITY:2026-10-03T09:15:00+07:00"
dispatch	Reserve and Dispatch Commands	2026-10-05T00:14:51.1814563Z     },
dispatch	Reserve and Dispatch Commands	2026-10-05T00:14:51.1814868Z     "TASK_053_TASK052A_WORKFLOW_PROVENANCE_CORRECTION_20261004T231132+0700": {
dispatch	Reserve and Dispatch Commands	2026-10-05T00:14:51.1815334Z       "task_id": "TASK_053_TASK052A_PROVENANCE_EVIDENCE_CORRECTION_ACTIVE",
dispatch	Reserve and Dispatch Commands	2026-10-05T00:14:51.1815725Z       "task_revision": "2026-10-04T23:11:32.152000+07:00",
dispatch	Reserve and Dispatch Commands	2026-10-05T00:14:51.1816221Z       "priority": "CRITICAL",
dispatch	Reserve and Dispatch Commands	2026-10-05T00:14:51.1816510Z       "status": "COMPLETED",
dispatch	Reserve and Dispatch Commands	2026-10-05T00:14:51.1816871Z       "execution_lane": "so45-provenance-evidence-correction",
dispatch	Reserve and Dispatch Commands	2026-10-05T00:14:51.1817250Z       "created_at": "2026-10-04T23:11:32.152000+07:00",
dispatch	Reserve and Dispatch Commands	2026-10-05T00:14:51.1817774Z       "anti_duplicate_key": "TASK_053_TASK052A_PROVENANCE_EVIDENCE_CORRECTION_ACTIVE:2026-10-04T23:11:32.152000+07:00"
dispatch	Reserve and Dispatch Commands	2026-10-05T00:14:51.1818268Z     },
dispatch	Reserve and Dispatch Commands	2026-10-05T00:14:51.1818477Z     "TASK_016_EXECUTE_20261002T235400+0700": {
dispatch	Reserve and Dispatch Commands	2026-10-05T00:14:51.1818840Z       "task_id": "TASK_016_FACE_BEAUTY_EAR_BEARD_SPECIALIZED_VISUAL_RETEST",
dispatch	Reserve and Dispatch Commands	2026-10-05T00:14:51.1819440Z       "task_revision": "2026-10-02T23:54:00+07:00",
dispatch	Reserve and Dispatch Commands	2026-10-05T00:14:51.1819734Z       "priority": "CRITICAL",
dispatch	Reserve and Dispatch Commands	2026-10-05T00:14:51.1819972Z       "status": "COMPLETED",
dispatch	Reserve and Dispatch Commands	2026-10-05T00:14:51.1820217Z       "execution_lane": "visual-qa",
dispatch	Reserve and Dispatch Commands	2026-10-05T00:14:51.1820496Z       "created_at": "2026-10-02T23:54:00+07:00",
dispatch	Reserve and Dispatch Commands	2026-10-05T00:14:51.1820964Z       "anti_duplicate_key": "TASK_016_FACE_BEAUTY_EAR_BEARD_SPECIALIZED_VISUAL_RETEST:2026-10-02T23:54:00+07:00"
dispatch	Reserve and Dispatch Commands	2026-10-05T00:14:51.1821413Z     },
dispatch	Reserve and Dispatch Commands	2026-10-05T00:14:51.1821698Z     "TASK_012_REAL_ACTIONS_CONCURRENCY_CORRECTION_20261002T2030+0700": {
dispatch	Reserve and Dispatch Commands	2026-10-05T00:14:51.1822319Z       "task_id": "TASK_012_MULTI_AGENT_REAL_GITHUB_ACTIONS_CONCURRENCY_CORRECTION_ACTIVE",
dispatch	Reserve and Dispatch Commands	2026-10-05T00:14:51.1822745Z       "task_revision": "2026-10-02T20:30:00+07:00",
dispatch	Reserve and Dispatch Commands	2026-10-05T00:14:51.1823033Z       "priority": "CRITICAL",
dispatch	Reserve and Dispatch Commands	2026-10-05T00:14:51.1823280Z       "status": "COMPLETED",
dispatch	Reserve and Dispatch Commands	2026-10-05T00:14:51.1823571Z       "execution_lane": "infra-concurrency-correction",
dispatch	Reserve and Dispatch Commands	2026-10-05T00:14:51.1823895Z       "created_at": "2026-10-02T20:30:00+07:00",
dispatch	Reserve and Dispatch Commands	2026-10-05T00:14:51.1824416Z       "anti_duplicate_key": "TASK_012_MULTI_AGENT_REAL_GITHUB_ACTIONS_CONCURRENCY_CORRECTION_ACTIVE:2026-10-02T20:30:00+07:00"
dispatch	Reserve and Dispatch Commands	2026-10-05T00:14:51.1824924Z     },
dispatch	Reserve and Dispatch Commands	2026-10-05T00:14:51.1825184Z     "TASK_054_SO45_PROVENANCE_CONTINUOUS_20261005T055500+0700": {
dispatch	Reserve and Dispatch Commands	2026-10-05T00:14:51.1825673Z       "task_id": "TASK_054_TASK053_EXECUTION_IDENTITY_STATE_AND_CONTINUOUS_SO45_CORRECTION_ACTIVE",
dispatch	Reserve and Dispatch Commands	2026-10-05T00:14:51.1826312Z       "task_revision": "2026-10-05T05:55:00+07:00",
dispatch	Reserve and Dispatch Commands	2026-10-05T00:14:51.1826603Z       "priority": "CRITICAL",
dispatch	Reserve and Dispatch Commands	2026-10-05T00:14:51.1826843Z       "status": "COMPLETED",
dispatch	Reserve and Dispatch Commands	2026-10-05T00:14:51.1827215Z       "execution_lane": "so45-provenance-correction-and-continuous-max-depth",
dispatch	Reserve and Dispatch Commands	2026-10-05T00:14:51.1827619Z       "created_at": "2026-10-05T05:55:00+07:00",
dispatch	Reserve and Dispatch Commands	2026-10-05T00:14:51.1828153Z       "anti_duplicate_key": "TASK_054_TASK053_EXECUTION_IDENTITY_STATE_AND_CONTINUOUS_SO45_CORRECTION_ACTIVE:2026-10-05T05:55:00+07:00"
dispatch	Reserve and Dispatch Commands	2026-10-05T00:14:51.1828674Z     },
dispatch	Reserve and Dispatch Commands	2026-10-05T00:14:51.1828907Z     "TASK_024_MULTI_AGENT_CORRECTION_20261003T100500+0700": {
dispatch	Reserve and Dispatch Commands	2026-10-05T00:14:51.1829409Z       "task_id": "TASK_024_MULTI_AGENT_3_DISTINCT_RUNNERS_AND_LEGACY_WORKFLOW_DECOMMISSION_CORRECTION_ACTIVE",
dispatch	Reserve and Dispatch Commands	2026-10-05T00:14:51.1829889Z       "task_revision": "2026-10-03T10:01:19+07:00",
dispatch	Reserve and Dispatch Commands	2026-10-05T00:14:51.1830167Z       "priority": "CRITICAL",
dispatch	Reserve and Dispatch Commands	2026-10-05T00:14:51.1830397Z       "status": "COMPLETED",
dispatch	Reserve and Dispatch Commands	2026-10-05T00:14:51.1830667Z       "execution_lane": "infra-multi-agent-correction",
dispatch	Reserve and Dispatch Commands	2026-10-05T00:14:51.1830982Z       "created_at": "2026-10-03T10:05:00+07:00",
dispatch	Reserve and Dispatch Commands	2026-10-05T00:14:51.1831547Z       "anti_duplicate_key": "TASK_024_MULTI_AGENT_3_DISTINCT_RUNNERS_AND_LEGACY_WORKFLOW_DECOMMISSION_CORRECTION_ACTIVE:2026-10-03T10:01:19+07:00"
dispatch	Reserve and Dispatch Commands	2026-10-05T00:14:51.1832094Z     },
dispatch	Reserve and Dispatch Commands	2026-10-05T00:14:51.1832293Z     "TASK_019_EXECUTE_20261003T065000+0700": {
dispatch	Reserve and Dispatch Commands	2026-10-05T00:14:51.1832664Z       "task_id": "TASK_019_FULL_BODY_BEAUTY_REAUDIT_REBUILD_AND_VISUAL_QA_ACTIVE",
dispatch	Reserve and Dispatch Commands	2026-10-05T00:14:51.1833049Z       "task_revision": "2026-10-02T23:43:00+07:00",
dispatch	Reserve and Dispatch Commands	2026-10-05T00:14:51.1833317Z       "priority": "CRITICAL",
dispatch	Reserve and Dispatch Commands	2026-10-05T00:14:51.1833544Z       "status": "COMPLETED",
dispatch	Reserve and Dispatch Commands	2026-10-05T00:14:51.1833781Z       "execution_lane": "body-beauty",
dispatch	Reserve and Dispatch Commands	2026-10-05T00:14:51.1834065Z       "created_at": "2026-10-03T06:51:44.929193+07:00",
dispatch	Reserve and Dispatch Commands	2026-10-05T00:14:51.1834552Z       "anti_duplicate_key": "TASK_019_FULL_BODY_BEAUTY_REAUDIT_REBUILD_AND_VISUAL_QA_ACTIVE:2026-10-02T23:43:00+07:00"
dispatch	Reserve and Dispatch Commands	2026-10-05T00:14:51.1835007Z     },
dispatch	Reserve and Dispatch Commands	2026-10-05T00:14:51.1835280Z     "TASK_044_VENDOR_45_SO_EXHAUSTIVE_NATIVE_AUDIT_20261004T125000+0700": {
dispatch	Reserve and Dispatch Commands	2026-10-05T00:14:51.1835793Z       "task_id": "TASK_044_VENDOR_45_SO_EXHAUSTIVE_NATIVE_RECONSTRUCTION_AND_ALGORITHM_AUDIT_ACTIVE",
dispatch	Reserve and Dispatch Commands	2026-10-05T00:14:51.1836414Z       "task_revision": "2026-10-04T12:50:00+07:00",
dispatch	Reserve and Dispatch Commands	2026-10-05T00:14:51.1836688Z       "priority": "CRITICAL",
dispatch	Reserve and Dispatch Commands	2026-10-05T00:14:51.1837069Z       "status": "COMPLETED",
dispatch	Reserve and Dispatch Commands	2026-10-05T00:14:51.1837371Z       "execution_lane": "vendor-45-so-exhaustive-native-audit",
dispatch	Reserve and Dispatch Commands	2026-10-05T00:14:51.1837712Z       "created_at": "2026-10-04T12:50:00+07:00",
dispatch	Reserve and Dispatch Commands	2026-10-05T00:14:51.1838254Z       "anti_duplicate_key": "TASK_044_VENDOR_45_SO_EXHAUSTIVE_NATIVE_RECONSTRUCTION_AND_ALGORITHM_AUDIT_ACTIVE:2026-10-04T12:50:00+07:00"
dispatch	Reserve and Dispatch Commands	2026-10-05T00:14:51.1838776Z     },
dispatch	Reserve and Dispatch Commands	2026-10-05T00:14:51.1838976Z     "TASK_015_EXECUTE_20261002T223500+0700": {
dispatch	Reserve and Dispatch Commands	2026-10-05T00:14:51.1839314Z       "task_id": "TASK_015_FACE_BEAUTY_EYE_BROW_LANDMARK_CORRECTION",
dispatch	Reserve and Dispatch Commands	2026-10-05T00:14:51.1839667Z       "task_revision": "2026-10-02T22:30:00+07:00",
dispatch	Reserve and Dispatch Commands	2026-10-05T00:14:51.1840113Z       "priority": "CRITICAL",
dispatch	Reserve and Dispatch Commands	2026-10-05T00:14:51.1840350Z       "status": "COMPLETED",
dispatch	Reserve and Dispatch Commands	2026-10-05T00:14:51.1840587Z       "execution_lane": "default",
dispatch	Reserve and Dispatch Commands	2026-10-05T00:14:51.1840866Z       "created_at": "2026-10-02T22:42:41.591601+07:00",
dispatch	Reserve and Dispatch Commands	2026-10-05T00:14:51.1841361Z       "anti_duplicate_key": "TASK_015_FACE_BEAUTY_EYE_BROW_LANDMARK_CORRECTION:2026-10-02T22:30:00+07:00"
dispatch	Reserve and Dispatch Commands	2026-10-05T00:14:51.1841789Z     }
dispatch	Reserve and Dispatch Commands	2026-10-05T00:14:51.1841963Z   }
dispatch	Reserve and Dispatch Commands	2026-10-05T00:14:51.1842145Z }
dispatch	Reserve and Dispatch Commands	2026-10-05T00:14:51.2408285Z [PASS] Lifecycle Invariant Validation
dispatch	Reserve and Dispatch Commands	2026-10-05T00:14:51.2409099Z All command lifecycle invariants satisfied: each command in strictly one directory.
dispatch	Reserve and Dispatch Commands	2026-10-05T00:14:51.8851934Z [main 7ab358bf4] chore(command-bus): reconcile stale state before dispatch [run 37246658920]
dispatch	Reserve and Dispatch Commands	2026-10-05T00:14:51.8852778Z  1 file changed, 1 insertion(+), 1 deletion(-)
dispatch	Reserve and Dispatch Commands	2026-10-05T00:14:52.3655426Z From https://github.com/netvietsoft/AI-Studio-convert2
dispatch	Reserve and Dispatch Commands	2026-10-05T00:14:52.3677043Z  * branch                main       -> FETCH_HEAD
dispatch	Reserve and Dispatch Commands	2026-10-05T00:14:52.4630289Z Current branch main is up to date.
dispatch	Reserve and Dispatch Commands	2026-10-05T00:14:53.6567438Z To https://github.com/netvietsoft/AI-Studio-convert2
dispatch	Reserve and Dispatch Commands	2026-10-05T00:14:53.6568037Z    f6362a449..7ab358bf4  main -> main
dispatch	Reserve and Dispatch Commands	2026-10-05T00:14:53.9655424Z [main d9e20d58f] chore(command-bus): reserve 1 command(s) for dispatch [run 37246658920]
dispatch	Reserve and Dispatch Commands	2026-10-05T00:14:53.9656459Z  3 files changed, 16 insertions(+), 11 deletions(-)
dispatch	Reserve and Dispatch Commands	2026-10-05T00:14:53.9657072Z  rename .ai/commands/{pending => reserved}/TASK_057_DISPATCHER_WORKER_ACK_RACE_CORRECTION_20261005T065500+0700.json (92%)
dispatch	Reserve and Dispatch Commands	2026-10-05T00:14:55.2161536Z To https://github.com/netvietsoft/AI-Studio-convert2
dispatch	Reserve and Dispatch Commands	2026-10-05T00:14:55.2162219Z    7ab358bf4..d9e20d58f  main -> main
dispatch	Reserve and Dispatch Commands	2026-10-05T00:16:01.7885554Z [main 1abd5f3fd] chore(command-bus): persist dispatch outcome [run 37246658920]
dispatch	Reserve and Dispatch Commands	2026-10-05T00:16:01.7886505Z  1 file changed, 1 insertion(+), 1 deletion(-)
dispatch	Reserve and Dispatch Commands	2026-10-05T00:16:02.2187449Z From https://github.com/netvietsoft/AI-Studio-convert2
dispatch	Reserve and Dispatch Commands	2026-10-05T00:16:02.2188156Z  * branch                main       -> FETCH_HEAD
dispatch	Reserve and Dispatch Commands	2026-10-05T00:16:02.7397445Z Rebasing (1/1)
dispatch	Reserve and Dispatch Commands	2026-10-05T00:16:02.7398005Z Successfully rebased and updated refs/heads/main.
dispatch	Reserve and Dispatch Commands	2026-10-05T00:16:03.9648143Z To https://github.com/netvietsoft/AI-Studio-convert2
dispatch	Reserve and Dispatch Commands	2026-10-05T00:16:03.9648786Z    0e488b1fb..c3cdf29aa  main -> main
dispatch	Reserve and Dispatch Commands	2026-10-05T00:16:03.9695417Z [DISPATCH] Triggering worker for TASK_057_DISPATCHER_WORKER_ACK_RACE_CORRECTION_20261005T065500+0700 (lane=infra-dispatcher-worker-ack-race-correction, reservation_token=a252ddbb...)...
dispatch	Reserve and Dispatch Commands	2026-10-05T00:16:03.9697254Z [DISPATCH_ACK] Worker advanced TASK_057_DISPATCHER_WORKER_ACK_RACE_CORRECTION_20261005T065500+0700 to running.
dispatch	Reserve and Dispatch Commands	2026-10-05T00:16:03.9698374Z [DISPATCH_OK] Dispatched and acknowledged TASK_057_DISPATCHER_WORKER_ACK_RACE_CORRECTION_20261005T065500+0700.
dispatch	Reserve and Dispatch Commands	2026-10-05T00:16:03.9699150Z Dispatched 1 command(s).
dispatch	Post Set up Python	﻿2026-10-05T00:16:03.9875050Z Post job cleanup.
dispatch	Post Set up Python	2026-10-05T00:16:04.1081562Z (node:2855) [DEP0040] DeprecationWarning: The `punycode` module is deprecated. Please use a userland alternative instead.
dispatch	Post Set up Python	2026-10-05T00:16:04.1082703Z (Use `node --trace-deprecation ...` to show where the warning was created)
dispatch	Post Checkout repository	﻿2026-10-05T00:16:04.1293216Z Post job cleanup.
dispatch	Post Checkout repository	2026-10-05T00:16:04.2228688Z [command]/usr/bin/git version
dispatch	Post Checkout repository	2026-10-05T00:16:04.2270562Z git version 2.55.0
dispatch	Post Checkout repository	2026-10-05T00:16:04.2340821Z Temporarily overriding HOME='/home/runner/work/_temp/80d4074c-72f8-4453-8d15-d0b8330085fc' before making global git config changes
dispatch	Post Checkout repository	2026-10-05T00:16:04.2342667Z Adding repository directory to the temporary git global config as a safe directory
dispatch	Post Checkout repository	2026-10-05T00:16:04.2346706Z [command]/usr/bin/git config --global --add safe.directory /home/runner/work/AI-Studio-convert2/AI-Studio-convert2
dispatch	Post Checkout repository	2026-10-05T00:16:04.2386689Z [command]/usr/bin/git config --local --name-only --get-regexp core\.sshCommand
dispatch	Post Checkout repository	2026-10-05T00:16:04.2425547Z [command]/usr/bin/git submodule foreach --recursive sh -c "git config --local --name-only --get-regexp 'core\.sshCommand' && git config --local --unset-all 'core.sshCommand' || :"
dispatch	Post Checkout repository	2026-10-05T00:16:04.2767150Z [command]/usr/bin/git config --local --name-only --get-regexp http\.https\:\/\/github\.com\/\.extraheader
dispatch	Post Checkout repository	2026-10-05T00:16:04.2799371Z http.https://github.com/.extraheader
dispatch	Post Checkout repository	2026-10-05T00:16:04.2811246Z [command]/usr/bin/git config --local --unset-all http.https://github.com/.extraheader
dispatch	Post Checkout repository	2026-10-05T00:16:04.2883844Z [command]/usr/bin/git submodule foreach --recursive sh -c "git config --local --name-only --get-regexp 'http\.https\:\/\/github\.com\/\.extraheader' && git config --local --unset-all 'http.https://github.com/.extraheader' || :"
dispatch	Post Checkout repository	2026-10-05T00:16:04.3230065Z [command]/usr/bin/git config --local --name-only --get-regexp ^includeIf\.gitdir:
dispatch	Post Checkout repository	2026-10-05T00:16:04.3276980Z [command]/usr/bin/git submodule foreach --recursive git config --local --show-origin --name-only --get-regexp remote.origin.url
dispatch	Complete job	﻿2026-10-05T00:16:04.3745216Z Cleaning up orphan processes
dispatch	Complete job	2026-10-05T00:16:04.4056434Z ##[warning]Node.js 20 is deprecated. The following actions target Node.js 20 but are being forced to run on Node.js 24: actions/checkout@v4, actions/setup-python@v5. For more information see: https://github.blog/changelog/2025-09-19-deprecation-of-node-20-on-github-actions-runners/
