dispatch	Set up job	﻿2026-10-04T23:45:49.0619292Z Current runner version: '2.337.0'
dispatch	Set up job	2026-10-04T23:45:49.0645905Z ##[group]Runner Image Provisioner
dispatch	Set up job	2026-10-04T23:45:49.0646885Z Hosted Compute Agent
dispatch	Set up job	2026-10-04T23:45:49.0647588Z Version: 20260901.588
dispatch	Set up job	2026-10-04T23:45:49.0648284Z Commit: f88ec8081b781fac6c440065ac7ff9e710ce3d0b
dispatch	Set up job	2026-10-04T23:45:49.0649120Z Build Date: 2026-09-01T19:56:44Z
dispatch	Set up job	2026-10-04T23:45:49.0649849Z Worker ID: {c5b0ecc6-66b8-46d8-be2e-935dd9e16f64}
dispatch	Set up job	2026-10-04T23:45:49.0650582Z Azure Region: westus
dispatch	Set up job	2026-10-04T23:45:49.0651213Z ##[endgroup]
dispatch	Set up job	2026-10-04T23:45:49.0652842Z ##[group]Operating System
dispatch	Set up job	2026-10-04T23:45:49.0653557Z Ubuntu
dispatch	Set up job	2026-10-04T23:45:49.0654206Z 24.04.5
dispatch	Set up job	2026-10-04T23:45:49.0654741Z LTS
dispatch	Set up job	2026-10-04T23:45:49.0655303Z ##[endgroup]
dispatch	Set up job	2026-10-04T23:45:49.0656140Z ##[group]Runner Image
dispatch	Set up job	2026-10-04T23:45:49.0656787Z Image: ubuntu-24.04
dispatch	Set up job	2026-10-04T23:45:49.0657483Z Version: 20260927.320.1
dispatch	Set up job	2026-10-04T23:45:49.0658575Z Included Software: https://github.com/actions/runner-images/blob/ubuntu24/20260927.320/images/ubuntu/Ubuntu2404-Readme.md
dispatch	Set up job	2026-10-04T23:45:49.0660395Z Image Release: https://github.com/actions/runner-images/releases/tag/ubuntu24%2F20260927.320
dispatch	Set up job	2026-10-04T23:45:49.0661422Z ##[endgroup]
dispatch	Set up job	2026-10-04T23:45:49.0663222Z ##[group]GITHUB_TOKEN Permissions
dispatch	Set up job	2026-10-04T23:45:49.0665495Z Actions: write
dispatch	Set up job	2026-10-04T23:45:49.0666470Z Contents: write
dispatch	Set up job	2026-10-04T23:45:49.0667110Z Metadata: read
dispatch	Set up job	2026-10-04T23:45:49.0667730Z PullRequests: write
dispatch	Set up job	2026-10-04T23:45:49.0668356Z ##[endgroup]
dispatch	Set up job	2026-10-04T23:45:49.0670480Z Secret source: Actions
dispatch	Set up job	2026-10-04T23:45:49.0671570Z Cache mode: write
dispatch	Set up job	2026-10-04T23:45:49.0672324Z Prepare workflow directory
dispatch	Set up job	2026-10-04T23:45:49.1030186Z Prepare all required actions
dispatch	Set up job	2026-10-04T23:45:49.1104030Z Getting action download info
dispatch	Set up job	2026-10-04T23:45:49.4626053Z Download action repository 'actions/checkout@v4' (SHA:11d5960a326750d5838078e36cf38b85af677262)
dispatch	Set up job	2026-10-04T23:45:49.5769632Z Download action repository 'actions/setup-python@v5' (SHA:a26af69be951a213d495a4c3e4e4022e16d87065)
dispatch	Set up job	2026-10-04T23:45:49.7601658Z Complete job name: dispatch
dispatch	Checkout repository	﻿2026-10-04T23:45:49.8377572Z ##[group]Run actions/checkout@v4
dispatch	Checkout repository	2026-10-04T23:45:49.8378483Z with:
dispatch	Checkout repository	2026-10-04T23:45:49.8378938Z   fetch-depth: 0
dispatch	Checkout repository	2026-10-04T23:45:49.8379470Z   persist-credentials: true
dispatch	Checkout repository	2026-10-04T23:45:49.8380078Z   repository: netvietsoft/AI-Studio-convert2
dispatch	Checkout repository	2026-10-04T23:45:49.8384142Z   token: ***
dispatch	Checkout repository	2026-10-04T23:45:49.8384585Z   ssh-strict: true
dispatch	Checkout repository	2026-10-04T23:45:49.8385065Z   ssh-user: git
dispatch	Checkout repository	2026-10-04T23:45:49.8385507Z   clean: true
dispatch	Checkout repository	2026-10-04T23:45:49.8386314Z   sparse-checkout-cone-mode: true
dispatch	Checkout repository	2026-10-04T23:45:49.8386874Z   fetch-tags: false
dispatch	Checkout repository	2026-10-04T23:45:49.8387348Z   show-progress: true
dispatch	Checkout repository	2026-10-04T23:45:49.8387833Z   lfs: false
dispatch	Checkout repository	2026-10-04T23:45:49.8388259Z   submodules: false
dispatch	Checkout repository	2026-10-04T23:45:49.8388727Z   set-safe-directory: true
dispatch	Checkout repository	2026-10-04T23:45:49.8389258Z   allow-unsafe-pr-checkout: false
dispatch	Checkout repository	2026-10-04T23:45:49.8390091Z ##[endgroup]
dispatch	Checkout repository	2026-10-04T23:45:49.9387968Z Syncing repository: netvietsoft/AI-Studio-convert2
dispatch	Checkout repository	2026-10-04T23:45:49.9390092Z ##[group]Getting Git version info
dispatch	Checkout repository	2026-10-04T23:45:49.9391471Z Working directory is '/home/runner/work/AI-Studio-convert2/AI-Studio-convert2'
dispatch	Checkout repository	2026-10-04T23:45:49.9393362Z [command]/usr/bin/git version
dispatch	Checkout repository	2026-10-04T23:45:49.9520156Z git version 2.55.0
dispatch	Checkout repository	2026-10-04T23:45:49.9546062Z ##[endgroup]
dispatch	Checkout repository	2026-10-04T23:45:49.9569097Z Temporarily overriding HOME='/home/runner/work/_temp/9c2ab0eb-5013-4e9a-85c4-9529779fdcad' before making global git config changes
dispatch	Checkout repository	2026-10-04T23:45:49.9571561Z Adding repository directory to the temporary git global config as a safe directory
dispatch	Checkout repository	2026-10-04T23:45:49.9575583Z [command]/usr/bin/git config --global --add safe.directory /home/runner/work/AI-Studio-convert2/AI-Studio-convert2
dispatch	Checkout repository	2026-10-04T23:45:49.9635294Z Deleting the contents of '/home/runner/work/AI-Studio-convert2/AI-Studio-convert2'
dispatch	Checkout repository	2026-10-04T23:45:49.9645492Z ##[group]Initializing the repository
dispatch	Checkout repository	2026-10-04T23:45:49.9647313Z [command]/usr/bin/git init /home/runner/work/AI-Studio-convert2/AI-Studio-convert2
dispatch	Checkout repository	2026-10-04T23:45:49.9782036Z hint: Using 'master' as the name for the initial branch. This default branch name
dispatch	Checkout repository	2026-10-04T23:45:49.9784336Z hint: will change to "main" in Git 3.0. To configure the initial branch name
dispatch	Checkout repository	2026-10-04T23:45:49.9786226Z hint: to use in all of your new repositories, which will suppress this warning,
dispatch	Checkout repository	2026-10-04T23:45:49.9787343Z hint: call:
dispatch	Checkout repository	2026-10-04T23:45:49.9787787Z hint:
dispatch	Checkout repository	2026-10-04T23:45:49.9788351Z hint: 	git config --global init.defaultBranch <name>
dispatch	Checkout repository	2026-10-04T23:45:49.9789001Z hint:
dispatch	Checkout repository	2026-10-04T23:45:49.9789625Z hint: Names commonly chosen instead of 'master' are 'main', 'trunk' and
dispatch	Checkout repository	2026-10-04T23:45:49.9790589Z hint: 'development'. The just-created branch can be renamed via this command:
dispatch	Checkout repository	2026-10-04T23:45:49.9791347Z hint:
dispatch	Checkout repository	2026-10-04T23:45:49.9791792Z hint: 	git branch -m <name>
dispatch	Checkout repository	2026-10-04T23:45:49.9792282Z hint:
dispatch	Checkout repository	2026-10-04T23:45:49.9792947Z hint: Disable this message with "git config set advice.defaultBranchName false"
dispatch	Checkout repository	2026-10-04T23:45:49.9794105Z Initialized empty Git repository in /home/runner/work/AI-Studio-convert2/AI-Studio-convert2/.git/
dispatch	Checkout repository	2026-10-04T23:45:49.9801966Z [command]/usr/bin/git remote add origin https://github.com/netvietsoft/AI-Studio-convert2
dispatch	Checkout repository	2026-10-04T23:45:49.9860005Z ##[endgroup]
dispatch	Checkout repository	2026-10-04T23:45:49.9861502Z ##[group]Disabling automatic garbage collection
dispatch	Checkout repository	2026-10-04T23:45:49.9873136Z [command]/usr/bin/git config --local gc.auto 0
dispatch	Checkout repository	2026-10-04T23:45:49.9901116Z ##[endgroup]
dispatch	Checkout repository	2026-10-04T23:45:49.9902389Z ##[group]Setting up auth
dispatch	Checkout repository	2026-10-04T23:45:49.9908660Z [command]/usr/bin/git config --local --name-only --get-regexp core\.sshCommand
dispatch	Checkout repository	2026-10-04T23:45:49.9944486Z [command]/usr/bin/git submodule foreach --recursive sh -c "git config --local --name-only --get-regexp 'core\.sshCommand' && git config --local --unset-all 'core.sshCommand' || :"
dispatch	Checkout repository	2026-10-04T23:45:50.0411213Z [command]/usr/bin/git config --local --name-only --get-regexp http\.https\:\/\/github\.com\/\.extraheader
dispatch	Checkout repository	2026-10-04T23:45:50.0451756Z [command]/usr/bin/git submodule foreach --recursive sh -c "git config --local --name-only --get-regexp 'http\.https\:\/\/github\.com\/\.extraheader' && git config --local --unset-all 'http.https://github.com/.extraheader' || :"
dispatch	Checkout repository	2026-10-04T23:45:50.0684632Z [command]/usr/bin/git config --local --name-only --get-regexp ^includeIf\.gitdir:
dispatch	Checkout repository	2026-10-04T23:45:50.0724229Z [command]/usr/bin/git submodule foreach --recursive git config --local --show-origin --name-only --get-regexp remote.origin.url
dispatch	Checkout repository	2026-10-04T23:45:50.0953312Z [command]/usr/bin/git config --local http.https://github.com/.extraheader AUTHORIZATION: basic ***
dispatch	Checkout repository	2026-10-04T23:45:50.0995408Z ##[endgroup]
dispatch	Checkout repository	2026-10-04T23:45:50.0997166Z ##[group]Fetching the repository
dispatch	Checkout repository	2026-10-04T23:45:50.1006686Z [command]/usr/bin/git -c protocol.version=2 fetch --prune --no-recurse-submodules origin +refs/heads/*:refs/remotes/origin/* +refs/tags/*:refs/tags/*
dispatch	Checkout repository	2026-10-04T23:46:42.6802031Z From https://github.com/netvietsoft/AI-Studio-convert2
dispatch	Checkout repository	2026-10-04T23:46:42.6803696Z  * [new branch]          agent/TASK_028_TASK027_EVIDENCE_CORRECTION_20261003T142500+0700 -> origin/agent/TASK_028_TASK027_EVIDENCE_CORRECTION_20261003T142500+0700
dispatch	Checkout repository	2026-10-04T23:46:42.6806011Z  * [new branch]          agent/TASK_035_HAIR_V2_OWNER_VISUAL_FAIL_REBUILD_20261004T090300+0700 -> origin/agent/TASK_035_HAIR_V2_OWNER_VISUAL_FAIL_REBUILD_20261004T090300+0700
dispatch	Checkout repository	2026-10-04T23:46:42.6808104Z  * [new branch]          agent/TASK_036_SIBLING_SOURCE_SO_INVENTORY_HAIR_RECON_20261004T091500+0700 -> origin/agent/TASK_036_SIBLING_SOURCE_SO_INVENTORY_HAIR_RECON_20261004T091500+0700
dispatch	Checkout repository	2026-10-04T23:46:42.6809703Z  * [new branch]          agent/TASK_038_45SO_DEEP_FUNCTION_XREF_JNI_RECON_20261004T102000+0700 -> origin/agent/TASK_038_45SO_DEEP_FUNCTION_XREF_JNI_RECON_20261004T102000+0700
dispatch	Checkout repository	2026-10-04T23:46:42.6811083Z  * [new branch]          agent/TASK_039_CONVERT_WORKSPACE_SOURCE_TREE_DISCOVERY_20261004T103500+0700 -> origin/agent/TASK_039_CONVERT_WORKSPACE_SOURCE_TREE_DISCOVERY_20261004T103500+0700
dispatch	Checkout repository	2026-10-04T23:46:42.6812411Z  * [new branch]          agent/TASK_040_F_CONVERT_ROOT_SOURCE_TREE_FULL_DISCOVERY_20261004T111500+0700 -> origin/agent/TASK_040_F_CONVERT_ROOT_SOURCE_TREE_FULL_DISCOVERY_20261004T111500+0700
dispatch	Checkout repository	2026-10-04T23:46:42.6814090Z  * [new branch]          agent/TASK_041_TASK040_SOURCE_TRUTH_V1_CPP_PROVENANCE_20261004T120000+0700 -> origin/agent/TASK_041_TASK040_SOURCE_TRUTH_V1_CPP_PROVENANCE_20261004T120000+0700
dispatch	Checkout repository	2026-10-04T23:46:42.6815376Z  * [new branch]          agent/TASK_042_HAIR_V2_MODULAR_REFERENCE_INTAKE_BENCHMARK_20261004T121700+0700 -> origin/agent/TASK_042_HAIR_V2_MODULAR_REFERENCE_INTAKE_BENCHMARK_20261004T121700+0700
dispatch	Checkout repository	2026-10-04T23:46:42.6817316Z  * [new branch]          agent/TASK_043_TASK042_TRUE_DEVICE_AB_CORRECTION_20261004T124000+0700 -> origin/agent/TASK_043_TASK042_TRUE_DEVICE_AB_CORRECTION_20261004T124000+0700
dispatch	Checkout repository	2026-10-04T23:46:42.6818693Z  * [new branch]          agent/TASK_044_VENDOR_45_SO_EXHAUSTIVE_NATIVE_AUDIT_20261004T125000+0700 -> origin/agent/TASK_044_VENDOR_45_SO_EXHAUSTIVE_NATIVE_AUDIT_20261004T125000+0700
dispatch	Checkout repository	2026-10-04T23:46:42.6819985Z  * [new branch]          agent/TASK_045_TASK044_DEEP_STATIC_PROVENANCE_CORRECTION_20261004T132000+0700 -> origin/agent/TASK_045_TASK044_DEEP_STATIC_PROVENANCE_CORRECTION_20261004T132000+0700
dispatch	Checkout repository	2026-10-04T23:46:42.6821207Z  * [new branch]          agent/TASK_046_F_APP_IMAGE_MULTI_APP_SURVEY_20261004T133000+0700 -> origin/agent/TASK_046_F_APP_IMAGE_MULTI_APP_SURVEY_20261004T133000+0700
dispatch	Checkout repository	2026-10-04T23:46:42.6822182Z  * [new branch]          agent/TASK_049_BODY_VISUAL_QA_20261004T163000+0700 -> origin/agent/TASK_049_BODY_VISUAL_QA_20261004T163000+0700
dispatch	Checkout repository	2026-10-04T23:46:42.6823196Z  * [new branch]          agent/TASK_050A_TASK049_BODY_EVIDENCE_EXECUTION_20261004T191000+0700 -> origin/agent/TASK_050A_TASK049_BODY_EVIDENCE_EXECUTION_20261004T191000+0700
dispatch	Checkout repository	2026-10-04T23:46:42.6824281Z  * [new branch]          agent/TASK_051_P0_45_SO_MAX_DEPTH_20261004T201000+0700 -> origin/agent/TASK_051_P0_45_SO_MAX_DEPTH_20261004T201000+0700
dispatch	Checkout repository	2026-10-04T23:46:42.6825286Z  * [new branch]          agent/TASK_052A_CONTINUE_STATIC_IMAGE_ALGORITHM_20261004T213700+0700 -> origin/agent/TASK_052A_CONTINUE_STATIC_IMAGE_ALGORITHM_20261004T213700+0700
dispatch	Checkout repository	2026-10-04T23:46:42.6827318Z  * [new branch]          agent/TASK_052B_F_APP_IMAGE_DEEP_MULTI_APP_SO_KNOWLEDGE_BASE_20261004T204500+0700 -> origin/agent/TASK_052B_F_APP_IMAGE_DEEP_MULTI_APP_SO_KNOWLEDGE_BASE_20261004T204500+0700
dispatch	Checkout repository	2026-10-04T23:46:42.6828581Z  * [new branch]          agent/TASK_054_SO45_PROVENANCE_CONTINUOUS_20261005T055500+0700 -> origin/agent/TASK_054_SO45_PROVENANCE_CONTINUOUS_20261005T055500+0700
dispatch	Checkout repository	2026-10-04T23:46:42.6829358Z  * [new branch]          convert2-control-bus -> origin/convert2-control-bus
dispatch	Checkout repository	2026-10-04T23:46:42.6829827Z  * [new branch]          main                 -> origin/main
dispatch	Checkout repository	2026-10-04T23:46:42.6830956Z [command]/usr/bin/git branch --list --remote origin/main
dispatch	Checkout repository	2026-10-04T23:46:42.6850902Z   origin/main
dispatch	Checkout repository	2026-10-04T23:46:42.6861593Z [command]/usr/bin/git rev-parse refs/remotes/origin/main
dispatch	Checkout repository	2026-10-04T23:46:42.6887649Z a3f805679835954c55b4bace206b943c97a3ed58
dispatch	Checkout repository	2026-10-04T23:46:42.6891920Z ##[endgroup]
dispatch	Checkout repository	2026-10-04T23:46:42.6892975Z ##[group]Determining the checkout info
dispatch	Checkout repository	2026-10-04T23:46:42.6893568Z ##[endgroup]
dispatch	Checkout repository	2026-10-04T23:46:42.6898509Z [command]/usr/bin/git sparse-checkout disable
dispatch	Checkout repository	2026-10-04T23:46:42.6958806Z [command]/usr/bin/git config --local --unset-all extensions.worktreeConfig
dispatch	Checkout repository	2026-10-04T23:46:42.6996965Z ##[group]Checking out the ref
dispatch	Checkout repository	2026-10-04T23:46:42.6997808Z [command]/usr/bin/git checkout --progress --force -B main refs/remotes/origin/main
dispatch	Checkout repository	2026-10-04T23:46:44.3365092Z Updating files:   0% (641/89601)
dispatch	Checkout repository	2026-10-04T23:46:44.7757376Z Updating files:   1% (897/89601)
dispatch	Checkout repository	2026-10-04T23:46:45.7738537Z Updating files:   1% (1068/89601)
dispatch	Checkout repository	2026-10-04T23:46:45.9622523Z Updating files:   1% (1389/89601)
dispatch	Checkout repository	2026-10-04T23:46:45.9998934Z Updating files:   2% (1793/89601)
dispatch	Checkout repository	2026-10-04T23:46:46.1738464Z Updating files:   3% (2689/89601)
dispatch	Checkout repository	2026-10-04T23:46:46.2082315Z Updating files:   4% (3585/89601)
dispatch	Checkout repository	2026-10-04T23:46:46.2450302Z Updating files:   5% (4481/89601)
dispatch	Checkout repository	2026-10-04T23:46:46.2843578Z Updating files:   6% (5377/89601)
dispatch	Checkout repository	2026-10-04T23:46:46.3242612Z Updating files:   7% (6273/89601)
dispatch	Checkout repository	2026-10-04T23:46:46.3642849Z Updating files:   8% (7169/89601)
dispatch	Checkout repository	2026-10-04T23:46:46.4051559Z Updating files:   9% (8065/89601)
dispatch	Checkout repository	2026-10-04T23:46:46.4485017Z Updating files:  10% (8961/89601)
dispatch	Checkout repository	2026-10-04T23:46:46.4918031Z Updating files:  11% (9857/89601)
dispatch	Checkout repository	2026-10-04T23:46:46.5335550Z Updating files:  12% (10753/89601)
dispatch	Checkout repository	2026-10-04T23:46:46.5756332Z Updating files:  13% (11649/89601)
dispatch	Checkout repository	2026-10-04T23:46:46.6174258Z Updating files:  14% (12545/89601)
dispatch	Checkout repository	2026-10-04T23:46:46.6597510Z Updating files:  15% (13441/89601)
dispatch	Checkout repository	2026-10-04T23:46:46.7029549Z Updating files:  16% (14337/89601)
dispatch	Checkout repository	2026-10-04T23:46:46.7453134Z Updating files:  17% (15233/89601)
dispatch	Checkout repository	2026-10-04T23:46:46.7736432Z Updating files:  18% (16129/89601)
dispatch	Checkout repository	2026-10-04T23:46:46.7889137Z Updating files:  18% (16709/89601)
dispatch	Checkout repository	2026-10-04T23:46:46.8306739Z Updating files:  19% (17025/89601)
dispatch	Checkout repository	2026-10-04T23:46:46.8726913Z Updating files:  20% (17921/89601)
dispatch	Checkout repository	2026-10-04T23:46:46.9142916Z Updating files:  21% (18817/89601)
dispatch	Checkout repository	2026-10-04T23:46:46.9582977Z Updating files:  22% (19713/89601)
dispatch	Checkout repository	2026-10-04T23:46:47.0003985Z Updating files:  23% (20609/89601)
dispatch	Checkout repository	2026-10-04T23:46:47.0657079Z Updating files:  24% (21505/89601)
dispatch	Checkout repository	2026-10-04T23:46:47.1002750Z Updating files:  25% (22401/89601)
dispatch	Checkout repository	2026-10-04T23:46:47.1347217Z Updating files:  26% (23297/89601)
dispatch	Checkout repository	2026-10-04T23:46:47.1711196Z Updating files:  27% (24193/89601)
dispatch	Checkout repository	2026-10-04T23:46:47.2050035Z Updating files:  28% (25089/89601)
dispatch	Checkout repository	2026-10-04T23:46:47.2492887Z Updating files:  29% (25985/89601)
dispatch	Checkout repository	2026-10-04T23:46:47.2837692Z Updating files:  30% (26881/89601)
dispatch	Checkout repository	2026-10-04T23:46:47.3262325Z Updating files:  31% (27777/89601)
dispatch	Checkout repository	2026-10-04T23:46:47.3631602Z Updating files:  32% (28673/89601)
dispatch	Checkout repository	2026-10-04T23:46:47.4042073Z Updating files:  33% (29569/89601)
dispatch	Checkout repository	2026-10-04T23:46:47.4461556Z Updating files:  34% (30465/89601)
dispatch	Checkout repository	2026-10-04T23:46:47.4877419Z Updating files:  35% (31361/89601)
dispatch	Checkout repository	2026-10-04T23:46:47.5399518Z Updating files:  36% (32257/89601)
dispatch	Checkout repository	2026-10-04T23:46:47.5753799Z Updating files:  37% (33153/89601)
dispatch	Checkout repository	2026-10-04T23:46:47.6110618Z Updating files:  38% (34049/89601)
dispatch	Checkout repository	2026-10-04T23:46:47.6444213Z Updating files:  39% (34945/89601)
dispatch	Checkout repository	2026-10-04T23:46:47.6783756Z Updating files:  40% (35841/89601)
dispatch	Checkout repository	2026-10-04T23:46:47.7126485Z Updating files:  41% (36737/89601)
dispatch	Checkout repository	2026-10-04T23:46:47.7471045Z Updating files:  42% (37633/89601)
dispatch	Checkout repository	2026-10-04T23:46:47.7734962Z Updating files:  43% (38529/89601)
dispatch	Checkout repository	2026-10-04T23:46:47.7822029Z Updating files:  43% (39206/89601)
dispatch	Checkout repository	2026-10-04T23:46:47.8334163Z Updating files:  44% (39425/89601)
dispatch	Checkout repository	2026-10-04T23:46:47.8676893Z Updating files:  45% (40321/89601)
dispatch	Checkout repository	2026-10-04T23:46:47.9054220Z Updating files:  46% (41217/89601)
dispatch	Checkout repository	2026-10-04T23:46:47.9640079Z Updating files:  47% (42113/89601)
dispatch	Checkout repository	2026-10-04T23:46:47.9959605Z Updating files:  48% (43009/89601)
dispatch	Checkout repository	2026-10-04T23:46:48.0287910Z Updating files:  49% (43905/89601)
dispatch	Checkout repository	2026-10-04T23:46:48.0639293Z Updating files:  50% (44801/89601)
dispatch	Checkout repository	2026-10-04T23:46:48.0984307Z Updating files:  51% (45697/89601)
dispatch	Checkout repository	2026-10-04T23:46:48.1357336Z Updating files:  52% (46593/89601)
dispatch	Checkout repository	2026-10-04T23:46:48.1731056Z Updating files:  53% (47489/89601)
dispatch	Checkout repository	2026-10-04T23:46:48.2101086Z Updating files:  54% (48385/89601)
dispatch	Checkout repository	2026-10-04T23:46:48.2500241Z Updating files:  55% (49281/89601)
dispatch	Checkout repository	2026-10-04T23:46:48.2887711Z Updating files:  56% (50177/89601)
dispatch	Checkout repository	2026-10-04T23:46:48.3277130Z Updating files:  57% (51073/89601)
dispatch	Checkout repository	2026-10-04T23:46:48.3815598Z Updating files:  58% (51969/89601)
dispatch	Checkout repository	2026-10-04T23:46:48.4255307Z Updating files:  59% (52865/89601)
dispatch	Checkout repository	2026-10-04T23:46:48.4662665Z Updating files:  60% (53761/89601)
dispatch	Checkout repository	2026-10-04T23:46:48.5073342Z Updating files:  61% (54657/89601)
dispatch	Checkout repository	2026-10-04T23:46:48.5476493Z Updating files:  62% (55553/89601)
dispatch	Checkout repository	2026-10-04T23:46:48.5871164Z Updating files:  63% (56449/89601)
dispatch	Checkout repository	2026-10-04T23:46:48.6269178Z Updating files:  64% (57345/89601)
dispatch	Checkout repository	2026-10-04T23:46:48.6661732Z Updating files:  65% (58241/89601)
dispatch	Checkout repository	2026-10-04T23:46:48.7048556Z Updating files:  66% (59137/89601)
dispatch	Checkout repository	2026-10-04T23:46:48.7449122Z Updating files:  67% (60033/89601)
dispatch	Checkout repository	2026-10-04T23:46:48.7734823Z Updating files:  68% (60929/89601)
dispatch	Checkout repository	2026-10-04T23:46:48.7854964Z Updating files:  68% (61563/89601)
dispatch	Checkout repository	2026-10-04T23:46:48.8266366Z Updating files:  69% (61825/89601)
dispatch	Checkout repository	2026-10-04T23:46:48.8676662Z Updating files:  70% (62721/89601)
dispatch	Checkout repository	2026-10-04T23:46:48.9074523Z Updating files:  71% (63617/89601)
dispatch	Checkout repository	2026-10-04T23:46:48.9474671Z Updating files:  72% (64513/89601)
dispatch	Checkout repository	2026-10-04T23:46:48.9873910Z Updating files:  73% (65409/89601)
dispatch	Checkout repository	2026-10-04T23:46:49.0292088Z Updating files:  74% (66305/89601)
dispatch	Checkout repository	2026-10-04T23:46:49.0692198Z Updating files:  75% (67201/89601)
dispatch	Checkout repository	2026-10-04T23:46:49.1092506Z Updating files:  76% (68097/89601)
dispatch	Checkout repository	2026-10-04T23:46:49.1494604Z Updating files:  77% (68993/89601)
dispatch	Checkout repository	2026-10-04T23:46:49.1895772Z Updating files:  78% (69889/89601)
dispatch	Checkout repository	2026-10-04T23:46:49.2297468Z Updating files:  79% (70785/89601)
dispatch	Checkout repository	2026-10-04T23:46:49.2703883Z Updating files:  80% (71681/89601)
dispatch	Checkout repository	2026-10-04T23:46:49.3124536Z Updating files:  81% (72577/89601)
dispatch	Checkout repository	2026-10-04T23:46:49.3553549Z Updating files:  82% (73473/89601)
dispatch	Checkout repository	2026-10-04T23:46:49.3980817Z Updating files:  83% (74369/89601)
dispatch	Checkout repository	2026-10-04T23:46:49.4384827Z Updating files:  84% (75265/89601)
dispatch	Checkout repository	2026-10-04T23:46:49.4845444Z Updating files:  85% (76161/89601)
dispatch	Checkout repository	2026-10-04T23:46:49.5201544Z Updating files:  86% (77057/89601)
dispatch	Checkout repository	2026-10-04T23:46:49.5831432Z Updating files:  87% (77953/89601)
dispatch	Checkout repository	2026-10-04T23:46:49.7743324Z Updating files:  88% (78849/89601)
dispatch	Checkout repository	2026-10-04T23:46:50.4590571Z Updating files:  88% (79129/89601)
dispatch	Checkout repository	2026-10-04T23:46:50.7736627Z Updating files:  89% (79745/89601)
dispatch	Checkout repository	2026-10-04T23:46:51.2112163Z Updating files:  89% (79933/89601)
dispatch	Checkout repository	2026-10-04T23:46:51.7790798Z Updating files:  90% (80641/89601)
dispatch	Checkout repository	2026-10-04T23:46:52.7772998Z Updating files:  90% (80823/89601)
dispatch	Checkout repository	2026-10-04T23:46:53.7907913Z Updating files:  90% (80991/89601)
dispatch	Checkout repository	2026-10-04T23:46:54.7757482Z Updating files:  90% (81139/89601)
dispatch	Checkout repository	2026-10-04T23:46:55.7765358Z Updating files:  90% (81299/89601)
dispatch	Checkout repository	2026-10-04T23:46:56.2403418Z Updating files:  90% (81442/89601)
dispatch	Checkout repository	2026-10-04T23:46:56.4992706Z Updating files:  91% (81537/89601)
dispatch	Checkout repository	2026-10-04T23:46:56.5418357Z Updating files:  92% (82433/89601)
dispatch	Checkout repository	2026-10-04T23:46:56.6006646Z Updating files:  93% (83329/89601)
dispatch	Checkout repository	2026-10-04T23:46:56.8411707Z Updating files:  94% (84225/89601)
dispatch	Checkout repository	2026-10-04T23:46:57.7749137Z Updating files:  94% (84612/89601)
dispatch	Checkout repository	2026-10-04T23:46:58.1888232Z Updating files:  94% (84945/89601)
dispatch	Checkout repository	2026-10-04T23:46:58.7774333Z Updating files:  95% (85121/89601)
dispatch	Checkout repository	2026-10-04T23:46:59.7789261Z Updating files:  95% (85288/89601)
dispatch	Checkout repository	2026-10-04T23:47:00.6859344Z Updating files:  95% (85716/89601)
dispatch	Checkout repository	2026-10-04T23:47:00.7886383Z Updating files:  96% (86017/89601)
dispatch	Checkout repository	2026-10-04T23:47:01.7781616Z Updating files:  96% (86046/89601)
dispatch	Checkout repository	2026-10-04T23:47:02.3442493Z Updating files:  96% (86546/89601)
dispatch	Checkout repository	2026-10-04T23:47:02.7742053Z Updating files:  97% (86913/89601)
dispatch	Checkout repository	2026-10-04T23:47:03.7658348Z Updating files:  97% (87263/89601)
dispatch	Checkout repository	2026-10-04T23:47:03.7739233Z Updating files:  98% (87809/89601)
dispatch	Checkout repository	2026-10-04T23:47:04.7750875Z Updating files:  98% (87814/89601)
dispatch	Checkout repository	2026-10-04T23:47:05.1277553Z Updating files:  98% (88414/89601)
dispatch	Checkout repository	2026-10-04T23:47:05.7741034Z Updating files:  99% (88705/89601)
dispatch	Checkout repository	2026-10-04T23:47:06.3438484Z Updating files:  99% (89218/89601)
dispatch	Checkout repository	2026-10-04T23:47:06.3439053Z Updating files: 100% (89601/89601)
dispatch	Checkout repository	2026-10-04T23:47:06.3439494Z Updating files: 100% (89601/89601), done.
dispatch	Checkout repository	2026-10-04T23:47:06.4346537Z Switched to a new branch 'main'
dispatch	Checkout repository	2026-10-04T23:47:06.4348492Z branch 'main' set up to track 'origin/main'.
dispatch	Checkout repository	2026-10-04T23:47:06.4693771Z ##[endgroup]
dispatch	Checkout repository	2026-10-04T23:47:06.4739620Z [command]/usr/bin/git log -1 --format=%H
dispatch	Checkout repository	2026-10-04T23:47:06.4769740Z a3f805679835954c55b4bace206b943c97a3ed58
dispatch	Set up Python	﻿2026-10-04T23:47:06.5083268Z ##[group]Run actions/setup-python@v5
dispatch	Set up Python	2026-10-04T23:47:06.5083562Z with:
dispatch	Set up Python	2026-10-04T23:47:06.5083761Z   python-version: 3.11
dispatch	Set up Python	2026-10-04T23:47:06.5083987Z   check-latest: false
dispatch	Set up Python	2026-10-04T23:47:06.5086906Z   token: ***
dispatch	Set up Python	2026-10-04T23:47:06.5087126Z   update-environment: true
dispatch	Set up Python	2026-10-04T23:47:06.5087377Z   allow-prereleases: false
dispatch	Set up Python	2026-10-04T23:47:06.5087605Z   freethreaded: false
dispatch	Set up Python	2026-10-04T23:47:06.5087812Z ##[endgroup]
dispatch	Set up Python	2026-10-04T23:47:06.6424026Z ##[group]Installed versions
dispatch	Set up Python	2026-10-04T23:47:06.6512119Z (node:2311) [DEP0040] DeprecationWarning: The `punycode` module is deprecated. Please use a userland alternative instead.
dispatch	Set up Python	2026-10-04T23:47:06.6513598Z Successfully set up CPython (3.11.16)
dispatch	Set up Python	2026-10-04T23:47:06.6514295Z (Use `node --trace-deprecation ...` to show where the warning was created)
dispatch	Set up Python	2026-10-04T23:47:06.6515075Z ##[endgroup]
dispatch	Reserve and Dispatch Commands	﻿2026-10-04T23:47:06.6677736Z ##[group]Run git config user.name "convert2-dispatcher[bot]"
dispatch	Reserve and Dispatch Commands	2026-10-04T23:47:06.6678517Z ^[[36;1mgit config user.name "convert2-dispatcher[bot]"^[[0m
dispatch	Reserve and Dispatch Commands	2026-10-04T23:47:06.6679236Z ^[[36;1mgit config user.email "convert2-dispatcher@netviet.internal"^[[0m
dispatch	Reserve and Dispatch Commands	2026-10-04T23:47:06.6680106Z ^[[36;1m# Reconcile stale reservations/leases before selecting ready commands.^[[0m
dispatch	Reserve and Dispatch Commands	2026-10-04T23:47:06.6681005Z ^[[36;1mpython scripts/command_bus_orchestrator.py recover --timeout 1800^[[0m
dispatch	Reserve and Dispatch Commands	2026-10-04T23:47:06.6681834Z ^[[36;1mpython scripts/command_bus_orchestrator.py rebuild-index^[[0m
dispatch	Reserve and Dispatch Commands	2026-10-04T23:47:06.6682609Z ^[[36;1mpython scripts/command_bus_orchestrator.py validate-lifecycle^[[0m
dispatch	Reserve and Dispatch Commands	2026-10-04T23:47:06.6683301Z ^[[36;1mgit add -A .ai/commands .ai/state || true^[[0m
dispatch	Reserve and Dispatch Commands	2026-10-04T23:47:06.6683863Z ^[[36;1mif ! git diff --cached --quiet; then^[[0m
dispatch	Reserve and Dispatch Commands	2026-10-04T23:47:06.6684703Z ^[[36;1m  git commit -m "chore(command-bus): reconcile stale state before dispatch [run $GITHUB_RUN_ID]"^[[0m
dispatch	Reserve and Dispatch Commands	2026-10-04T23:47:06.6685539Z ^[[36;1m  git pull --rebase origin main^[[0m
dispatch	Reserve and Dispatch Commands	2026-10-04T23:47:06.6686256Z ^[[36;1m  git push origin main^[[0m
dispatch	Reserve and Dispatch Commands	2026-10-04T23:47:06.6686648Z ^[[36;1mfi^[[0m
dispatch	Reserve and Dispatch Commands	2026-10-04T23:47:06.6687095Z ^[[36;1mpython scripts/command_bus_orchestrator.py dispatch \^[[0m
dispatch	Reserve and Dispatch Commands	2026-10-04T23:47:06.6687744Z ^[[36;1m  --dispatcher-run-id "$GITHUB_RUN_ID" \^[[0m
dispatch	Reserve and Dispatch Commands	2026-10-04T23:47:06.6688267Z ^[[36;1m  --command-id "$SPECIFIC_CMD" \^[[0m
dispatch	Reserve and Dispatch Commands	2026-10-04T23:47:06.6688721Z ^[[36;1m  --lane "$LANE" \^[[0m
dispatch	Reserve and Dispatch Commands	2026-10-04T23:47:06.6689121Z ^[[36;1m  --max-dispatch 3^[[0m
dispatch	Reserve and Dispatch Commands	2026-10-04T23:47:06.7055037Z shell: /usr/bin/bash -e {0}
dispatch	Reserve and Dispatch Commands	2026-10-04T23:47:06.7055353Z env:
dispatch	Reserve and Dispatch Commands	2026-10-04T23:47:06.7055827Z   pythonLocation: /opt/hostedtoolcache/Python/3.11.16/x64
dispatch	Reserve and Dispatch Commands	2026-10-04T23:47:06.7056314Z   PKG_CONFIG_PATH: /opt/hostedtoolcache/Python/3.11.16/x64/lib/pkgconfig
dispatch	Reserve and Dispatch Commands	2026-10-04T23:47:06.7056780Z   Python_ROOT_DIR: /opt/hostedtoolcache/Python/3.11.16/x64
dispatch	Reserve and Dispatch Commands	2026-10-04T23:47:06.7057165Z   Python2_ROOT_DIR: /opt/hostedtoolcache/Python/3.11.16/x64
dispatch	Reserve and Dispatch Commands	2026-10-04T23:47:06.7057552Z   Python3_ROOT_DIR: /opt/hostedtoolcache/Python/3.11.16/x64
dispatch	Reserve and Dispatch Commands	2026-10-04T23:47:06.7057963Z   LD_LIBRARY_PATH: /opt/hostedtoolcache/Python/3.11.16/x64/lib
dispatch	Reserve and Dispatch Commands	2026-10-04T23:47:06.7060945Z   GH_TOKEN: ***
dispatch	Reserve and Dispatch Commands	2026-10-04T23:47:06.7061161Z   GITHUB_RUN_ID: 37244920379
dispatch	Reserve and Dispatch Commands	2026-10-04T23:47:06.7061444Z   GITHUB_REPOSITORY: netvietsoft/AI-Studio-convert2
dispatch	Reserve and Dispatch Commands	2026-10-04T23:47:06.7061750Z   SPECIFIC_CMD: 
dispatch	Reserve and Dispatch Commands	2026-10-04T23:47:06.7061944Z   LANE: 
dispatch	Reserve and Dispatch Commands	2026-10-04T23:47:06.7062122Z ##[endgroup]
dispatch	Reserve and Dispatch Commands	2026-10-04T23:47:06.8328269Z Recovered 0 stale command(s): []
dispatch	Reserve and Dispatch Commands	2026-10-04T23:47:06.9048815Z {
dispatch	Reserve and Dispatch Commands	2026-10-04T23:47:06.9049366Z   "version": "2.0.0",
dispatch	Reserve and Dispatch Commands	2026-10-04T23:47:06.9050068Z   "updated_at": "2026-10-04T23:47:06.903188+00:00",
dispatch	Reserve and Dispatch Commands	2026-10-04T23:47:06.9050548Z   "counts": {
dispatch	Reserve and Dispatch Commands	2026-10-04T23:47:06.9050851Z     "pending": 2,
dispatch	Reserve and Dispatch Commands	2026-10-04T23:47:06.9051216Z     "reserved": 0,
dispatch	Reserve and Dispatch Commands	2026-10-04T23:47:06.9051539Z     "claimed": 0,
dispatch	Reserve and Dispatch Commands	2026-10-04T23:47:06.9051860Z     "running": 0,
dispatch	Reserve and Dispatch Commands	2026-10-04T23:47:06.9052166Z     "completed": 59,
dispatch	Reserve and Dispatch Commands	2026-10-04T23:47:06.9052491Z     "failed": 0
dispatch	Reserve and Dispatch Commands	2026-10-04T23:47:06.9052779Z   },
dispatch	Reserve and Dispatch Commands	2026-10-04T23:47:06.9053049Z   "commands": {
dispatch	Reserve and Dispatch Commands	2026-10-04T23:47:06.9053563Z     "TASK_056_SO45_CONTINUOUS_DEEP_IMAGE_EFFECT_GRAPH_20261005T063200+0700": {
dispatch	Reserve and Dispatch Commands	2026-10-04T23:47:06.9054383Z       "task_id": "TASK_056_SO45_CONTINUOUS_DEEP_IMAGE_EFFECT_GRAPH_ACTIVE",
dispatch	Reserve and Dispatch Commands	2026-10-04T23:47:06.9055049Z       "task_revision": "2026-10-05T06:32:00+07:00",
dispatch	Reserve and Dispatch Commands	2026-10-04T23:47:06.9055545Z       "priority": "CRITICAL",
dispatch	Reserve and Dispatch Commands	2026-10-04T23:47:06.9056201Z       "status": "PENDING",
dispatch	Reserve and Dispatch Commands	2026-10-04T23:47:06.9056751Z       "execution_lane": "so45-continuous-deep-image-effect-graph",
dispatch	Reserve and Dispatch Commands	2026-10-04T23:47:06.9057389Z       "created_at": "2026-10-05T06:32:00+07:00",
dispatch	Reserve and Dispatch Commands	2026-10-04T23:47:06.9058197Z       "anti_duplicate_key": "TASK_056_SO45_CONTINUOUS_DEEP_IMAGE_EFFECT_GRAPH_ACTIVE:2026-10-05T06:32:00+07:00"
dispatch	Reserve and Dispatch Commands	2026-10-04T23:47:06.9059298Z     },
dispatch	Reserve and Dispatch Commands	2026-10-04T23:47:06.9059849Z     "TASK_050_TASK049_BODY_VISUAL_EVIDENCE_PROVENANCE_CLOSURE_20261004T184000+0700": {
dispatch	Reserve and Dispatch Commands	2026-10-04T23:47:06.9060714Z       "task_id": "TASK_050_TASK049_BODY_VISUAL_EVIDENCE_PROVENANCE_CLOSURE_ACTIVE",
dispatch	Reserve and Dispatch Commands	2026-10-04T23:47:06.9061640Z       "task_revision": "2026-10-04T18:40:00+07:00",
dispatch	Reserve and Dispatch Commands	2026-10-04T23:47:06.9062115Z       "priority": "CRITICAL",
dispatch	Reserve and Dispatch Commands	2026-10-04T23:47:06.9062516Z       "status": "WAITING_OWNER_VISUAL_APPROVAL",
dispatch	Reserve and Dispatch Commands	2026-10-04T23:47:06.9063157Z       "execution_lane": "body-visual-evidence-provenance-closure",
dispatch	Reserve and Dispatch Commands	2026-10-04T23:47:06.9063788Z       "created_at": "2026-10-04T18:40:00+07:00",
dispatch	Reserve and Dispatch Commands	2026-10-04T23:47:06.9064643Z       "anti_duplicate_key": "TASK_050_TASK049_BODY_VISUAL_EVIDENCE_PROVENANCE_CLOSURE_ACTIVE:2026-10-04T18:40:00+07:00"
dispatch	Reserve and Dispatch Commands	2026-10-04T23:47:06.9065490Z     },
dispatch	Reserve and Dispatch Commands	2026-10-04T23:47:06.9066181Z     "TASK_031_HAIR_V2_OWNER_PHYSICAL_ACCEPTANCE_20261003T223000+0700": {
dispatch	Reserve and Dispatch Commands	2026-10-04T23:47:06.9067015Z       "task_id": "TASK_031_HAIR_V2_OWNER_PHYSICAL_ACCEPTANCE_AND_FINAL_APK_TEST_ACTIVE",
dispatch	Reserve and Dispatch Commands	2026-10-04T23:47:06.9067791Z       "task_revision": "2026-10-03T15:27:52.029000+00:00",
dispatch	Reserve and Dispatch Commands	2026-10-04T23:47:06.9068321Z       "priority": "CRITICAL",
dispatch	Reserve and Dispatch Commands	2026-10-04T23:47:06.9068746Z       "status": "COMPLETED",
dispatch	Reserve and Dispatch Commands	2026-10-04T23:47:06.9069222Z       "execution_lane": "hair-physical-visual-qa",
dispatch	Reserve and Dispatch Commands	2026-10-04T23:47:06.9069797Z       "created_at": "2026-10-03T22:34:00.615193+07:00",
dispatch	Reserve and Dispatch Commands	2026-10-04T23:47:06.9070738Z       "anti_duplicate_key": "TASK_031_HAIR_V2_OWNER_PHYSICAL_ACCEPTANCE_AND_FINAL_APK_TEST_ACTIVE:2026-10-03T15:27:52.029000+00:00"
dispatch	Reserve and Dispatch Commands	2026-10-04T23:47:06.9071690Z     },
dispatch	Reserve and Dispatch Commands	2026-10-04T23:47:06.9072134Z     "TASK_050A_TASK049_BODY_EVIDENCE_EXECUTION_20261004T191000+0700": {
dispatch	Reserve and Dispatch Commands	2026-10-04T23:47:06.9072881Z       "task_id": "TASK_050_TASK049_BODY_VISUAL_EVIDENCE_PROVENANCE_CLOSURE_ACTIVE",
dispatch	Reserve and Dispatch Commands	2026-10-04T23:47:06.9073493Z       "task_revision": "2026-10-04T19:10:00+07:00",
dispatch	Reserve and Dispatch Commands	2026-10-04T23:47:06.9074017Z       "priority": "CRITICAL",
dispatch	Reserve and Dispatch Commands	2026-10-04T23:47:06.9074443Z       "status": "COMPLETED",
dispatch	Reserve and Dispatch Commands	2026-10-04T23:47:06.9074936Z       "execution_lane": "body-visual-evidence-provenance-closure",
dispatch	Reserve and Dispatch Commands	2026-10-04T23:47:06.9075567Z       "created_at": "2026-10-04T19:10:00+07:00",
dispatch	Reserve and Dispatch Commands	2026-10-04T23:47:06.9076664Z       "anti_duplicate_key": "TASK_050_TASK049_BODY_VISUAL_EVIDENCE_PROVENANCE_CLOSURE_ACTIVE:2026-10-04T19:10:00+07:00"
dispatch	Reserve and Dispatch Commands	2026-10-04T23:47:06.9077512Z     },
dispatch	Reserve and Dispatch Commands	2026-10-04T23:47:06.9077902Z     "TASK_054C_SO45_DEX_JNI_XREF_ACTIVE_20261005T061067+0700": {
dispatch	Reserve and Dispatch Commands	2026-10-04T23:47:06.9078404Z       "task_id": "TASK_054C_SO45_DEX_JNI_XREF_ACTIVE",
dispatch	Reserve and Dispatch Commands	2026-10-04T23:47:06.9078899Z       "task_revision": null,
dispatch	Reserve and Dispatch Commands	2026-10-04T23:47:06.9079296Z       "priority": "CRITICAL",
dispatch	Reserve and Dispatch Commands	2026-10-04T23:47:06.9079703Z       "status": "COMPLETED",
dispatch	Reserve and Dispatch Commands	2026-10-04T23:47:06.9080209Z       "execution_lane": "so45-lane-c-dex-jni-xref",
dispatch	Reserve and Dispatch Commands	2026-10-04T23:47:06.9080732Z       "created_at": "2026-10-05T06:10:00+07:00",
dispatch	Reserve and Dispatch Commands	2026-10-04T23:47:06.9081414Z       "anti_duplicate_key": "TASK_054C_SO45_DEX_JNI_XREF_ACTIVE:2026-10-05T06:10:00+07:00"
dispatch	Reserve and Dispatch Commands	2026-10-04T23:47:06.9082093Z     },
dispatch	Reserve and Dispatch Commands	2026-10-04T23:47:06.9082433Z     "TASK_017_EXECUTE_20261003T011400+0700": {
dispatch	Reserve and Dispatch Commands	2026-10-04T23:47:06.9083090Z       "task_id": "TASK_017_TASK016_PROVENANCE_EVIDENCE_MIRROR_CORRECTION_ACTIVE",
dispatch	Reserve and Dispatch Commands	2026-10-04T23:47:06.9083834Z       "task_revision": "2026-10-02T18:08:00+07:00",
dispatch	Reserve and Dispatch Commands	2026-10-04T23:47:06.9084353Z       "priority": "CRITICAL",
dispatch	Reserve and Dispatch Commands	2026-10-04T23:47:06.9084772Z       "status": "COMPLETED",
dispatch	Reserve and Dispatch Commands	2026-10-04T23:47:06.9085215Z       "execution_lane": "visual-qa-audit",
dispatch	Reserve and Dispatch Commands	2026-10-04T23:47:06.9085952Z       "created_at": "2026-10-03T01:13:56.057852+07:00",
dispatch	Reserve and Dispatch Commands	2026-10-04T23:47:06.9086909Z       "anti_duplicate_key": "TASK_017_TASK016_PROVENANCE_EVIDENCE_MIRROR_CORRECTION_ACTIVE:2026-10-02T18:08:00+07:00"
dispatch	Reserve and Dispatch Commands	2026-10-04T23:47:06.9087801Z     },
dispatch	Reserve and Dispatch Commands	2026-10-04T23:47:06.9088173Z     "TASK_014_FACE_BEAUTY_FULL_VISUAL_QA_20261002": {
dispatch	Reserve and Dispatch Commands	2026-10-04T23:47:06.9088745Z       "task_id": "TASK_014_FACE_BEAUTY_FULL_VISUAL_QA",
dispatch	Reserve and Dispatch Commands	2026-10-04T23:47:06.9089332Z       "task_revision": "2026-10-02T21:50:33.1417596+07:00",
dispatch	Reserve and Dispatch Commands	2026-10-04T23:47:06.9090058Z       "priority": "HIGH",
dispatch	Reserve and Dispatch Commands	2026-10-04T23:47:06.9090450Z       "status": "COMPLETED",
dispatch	Reserve and Dispatch Commands	2026-10-04T23:47:06.9090854Z       "execution_lane": "default",
dispatch	Reserve and Dispatch Commands	2026-10-04T23:47:06.9091316Z       "created_at": "2026-10-02T21:51:14.003306+07:00",
dispatch	Reserve and Dispatch Commands	2026-10-04T23:47:06.9092078Z       "anti_duplicate_key": "TASK_014_FACE_BEAUTY_FULL_VISUAL_QA:2026-10-02T21:50:33.1417596+07:00"
dispatch	Reserve and Dispatch Commands	2026-10-04T23:47:06.9093031Z     },
dispatch	Reserve and Dispatch Commands	2026-10-04T23:47:06.9093549Z     "TASK_039_CONVERT_WORKSPACE_SOURCE_TREE_DISCOVERY_20261004T103500+0700": {
dispatch	Reserve and Dispatch Commands	2026-10-04T23:47:06.9094466Z       "task_id": "TASK_039_CONVERT_WORKSPACE_SOURCE_TREE_DISCOVERY_CLASSIFICATION_ACTIVE",
dispatch	Reserve and Dispatch Commands	2026-10-04T23:47:06.9095201Z       "task_revision": "2026-10-04T10:35:00+07:00",
dispatch	Reserve and Dispatch Commands	2026-10-04T23:47:06.9095873Z       "priority": "HIGH",
dispatch	Reserve and Dispatch Commands	2026-10-04T23:47:06.9096305Z       "status": "COMPLETED",
dispatch	Reserve and Dispatch Commands	2026-10-04T23:47:06.9096793Z       "execution_lane": "workspace-source-discovery",
dispatch	Reserve and Dispatch Commands	2026-10-04T23:47:06.9097320Z       "created_at": "2026-10-04T10:35:00+07:00",
dispatch	Reserve and Dispatch Commands	2026-10-04T23:47:06.9098277Z       "anti_duplicate_key": "TASK_039_CONVERT_WORKSPACE_SOURCE_TREE_DISCOVERY_CLASSIFICATION_ACTIVE:2026-10-04T10:35:00+07:00"
dispatch	Reserve and Dispatch Commands	2026-10-04T23:47:06.9099188Z     },
dispatch	Reserve and Dispatch Commands	2026-10-04T23:47:06.9099581Z     "TASK_052A_SO45_KNOWLEDGE_GATE_20261004T211500+0700": {
dispatch	Reserve and Dispatch Commands	2026-10-04T23:47:06.9100286Z       "task_id": "TASK_052A_SO45_CONTINUOUS_MAX_DEPTH_KNOWLEDGE_GATE_ACTIVE",
dispatch	Reserve and Dispatch Commands	2026-10-04T23:47:06.9100987Z       "task_revision": "2026-10-04T21:12:36.288000+07:00",
dispatch	Reserve and Dispatch Commands	2026-10-04T23:47:06.9101498Z       "priority": "CRITICAL",
dispatch	Reserve and Dispatch Commands	2026-10-04T23:47:06.9101911Z       "status": "COMPLETED",
dispatch	Reserve and Dispatch Commands	2026-10-04T23:47:06.9102471Z       "execution_lane": "so45-continuous-max-depth-knowledge-gate",
dispatch	Reserve and Dispatch Commands	2026-10-04T23:47:06.9103114Z       "created_at": "2026-10-04T21:15:00+07:00",
dispatch	Reserve and Dispatch Commands	2026-10-04T23:47:06.9103989Z       "anti_duplicate_key": "TASK_052A_SO45_CONTINUOUS_MAX_DEPTH_KNOWLEDGE_GATE_ACTIVE:2026-10-04T21:12:36.288000+07:00"
dispatch	Reserve and Dispatch Commands	2026-10-04T23:47:06.9104843Z     },
dispatch	Reserve and Dispatch Commands	2026-10-04T23:47:06.9105377Z     "TASK_032_TASK031_STATE_PROVENANCE_OWNER_GATE_CORRECTION_20261004T050000+0700": {
dispatch	Reserve and Dispatch Commands	2026-10-04T23:47:06.9106467Z       "task_id": "TASK_032_TASK031_STATE_PROVENANCE_OWNER_GATE_CORRECTION_ACTIVE",
dispatch	Reserve and Dispatch Commands	2026-10-04T23:47:06.9107194Z       "task_revision": "2026-10-03T21:55:07.019000+00:00",
dispatch	Reserve and Dispatch Commands	2026-10-04T23:47:06.9107705Z       "priority": "CRITICAL",
dispatch	Reserve and Dispatch Commands	2026-10-04T23:47:06.9108119Z       "status": "COMPLETED",
dispatch	Reserve and Dispatch Commands	2026-10-04T23:47:06.9108659Z       "execution_lane": "state-provenance-owner-gate-correction",
dispatch	Reserve and Dispatch Commands	2026-10-04T23:47:06.9109265Z       "created_at": "2026-10-04T05:00:00+07:00",
dispatch	Reserve and Dispatch Commands	2026-10-04T23:47:06.9110154Z       "anti_duplicate_key": "TASK_032_TASK031_STATE_PROVENANCE_OWNER_GATE_CORRECTION_ACTIVE:2026-10-03T21:55:07.019000+00:00"
dispatch	Reserve and Dispatch Commands	2026-10-04T23:47:06.9111038Z     },
dispatch	Reserve and Dispatch Commands	2026-10-04T23:47:06.9111672Z     "TASK_029_TASK028_REPORT_DRIVE_MIRROR_AND_COMMAND_INDEX_CLOSURE_CORRECTION_20261003T153000+0700": {
dispatch	Reserve and Dispatch Commands	2026-10-04T23:47:06.9112751Z       "task_id": "TASK_029_TASK028_REPORT_DRIVE_MIRROR_AND_COMMAND_INDEX_CLOSURE_CORRECTION_ACTIVE",
dispatch	Reserve and Dispatch Commands	2026-10-04T23:47:06.9113541Z       "task_revision": "2026-10-03T15:30:12+07:00",
dispatch	Reserve and Dispatch Commands	2026-10-04T23:47:06.9114096Z       "priority": "CRITICAL",
dispatch	Reserve and Dispatch Commands	2026-10-04T23:47:06.9114498Z       "status": "COMPLETED",
dispatch	Reserve and Dispatch Commands	2026-10-04T23:47:06.9114968Z       "execution_lane": "infra-report-mirror-closure",
dispatch	Reserve and Dispatch Commands	2026-10-04T23:47:06.9115524Z       "created_at": "2026-10-03T15:42:48.629051+07:00",
dispatch	Reserve and Dispatch Commands	2026-10-04T23:47:06.9116707Z       "anti_duplicate_key": "TASK_029_TASK028_REPORT_DRIVE_MIRROR_AND_COMMAND_INDEX_CLOSURE_CORRECTION_ACTIVE:2026-10-03T15:30:12+07:00"
dispatch	Reserve and Dispatch Commands	2026-10-04T23:47:06.9117662Z     },
dispatch	Reserve and Dispatch Commands	2026-10-04T23:47:06.9118117Z     "TASK_031_HAIR_V2_OWNER_PHYSICAL_ACCEPTANCE_20261003T220000+0700": {
dispatch	Reserve and Dispatch Commands	2026-10-04T23:47:06.9118908Z       "task_id": "TASK_031_HAIR_V2_OWNER_PHYSICAL_ACCEPTANCE_FINAL_APK_TEST_ACTIVE",
dispatch	Reserve and Dispatch Commands	2026-10-04T23:47:06.9119599Z       "task_revision": "2026-10-03T22:00:00+07:00",
dispatch	Reserve and Dispatch Commands	2026-10-04T23:47:06.9120077Z       "priority": "CRITICAL",
dispatch	Reserve and Dispatch Commands	2026-10-04T23:47:06.9120478Z       "status": "COMPLETED",
dispatch	Reserve and Dispatch Commands	2026-10-04T23:47:06.9120976Z       "execution_lane": "hair-v2-owner-physical-acceptance",
dispatch	Reserve and Dispatch Commands	2026-10-04T23:47:06.9121750Z       "created_at": "2026-10-03T22:00:00+07:00",
dispatch	Reserve and Dispatch Commands	2026-10-04T23:47:06.9122377Z       "anti_duplicate_key": "TASK_031_HAIR_V2_OWNER_PHYSICAL_ACCEPTANCE_FINAL_APK_TEST_ACTIVE:2026-10-03T22:00:00+07:00"
dispatch	Reserve and Dispatch Commands	2026-10-04T23:47:06.9122868Z     },
dispatch	Reserve and Dispatch Commands	2026-10-04T23:47:06.9123137Z     "TASK_019_FULL_BODY_BEAUTY_REAUDIT_REBUILD_AND_VISUAL_QA_AUTO01": {
dispatch	Reserve and Dispatch Commands	2026-10-04T23:47:06.9123710Z       "task_id": "TASK_019_FULL_BODY_BEAUTY_REAUDIT_REBUILD_AND_VISUAL_QA",
dispatch	Reserve and Dispatch Commands	2026-10-04T23:47:06.9124081Z       "task_revision": "2026-10-03T06:06:00+07:00",
dispatch	Reserve and Dispatch Commands	2026-10-04T23:47:06.9124354Z       "priority": "HIGH",
dispatch	Reserve and Dispatch Commands	2026-10-04T23:47:06.9124576Z       "status": "COMPLETED",
dispatch	Reserve and Dispatch Commands	2026-10-04T23:47:06.9124809Z       "execution_lane": "default",
dispatch	Reserve and Dispatch Commands	2026-10-04T23:47:06.9125080Z       "created_at": "2026-10-03T06:43:02.315510+07:00",
dispatch	Reserve and Dispatch Commands	2026-10-04T23:47:06.9125571Z       "anti_duplicate_key": "TASK_019_FULL_BODY_BEAUTY_REAUDIT_REBUILD_AND_VISUAL_QA:2026-10-03T06:06:00+07:00"
dispatch	Reserve and Dispatch Commands	2026-10-04T23:47:06.9126362Z     },
dispatch	Reserve and Dispatch Commands	2026-10-04T23:47:06.9126619Z     "TASK_021_TRUE_MULTI_AGENT_MULTI_TASK_20261003T074500+0700": {
dispatch	Reserve and Dispatch Commands	2026-10-04T23:47:06.9127069Z       "task_id": "TASK_021_TRUE_MULTI_AGENT_MULTI_TASK_DISPATCHER_RUNNER_POOL_ACTIVE",
dispatch	Reserve and Dispatch Commands	2026-10-04T23:47:06.9127482Z       "task_revision": "2026-10-03T07:45:00+07:00",
dispatch	Reserve and Dispatch Commands	2026-10-04T23:47:06.9127776Z       "priority": "CRITICAL",
dispatch	Reserve and Dispatch Commands	2026-10-04T23:47:06.9128017Z       "status": "COMPLETED",
dispatch	Reserve and Dispatch Commands	2026-10-04T23:47:06.9128270Z       "execution_lane": "infra-command-bus",
dispatch	Reserve and Dispatch Commands	2026-10-04T23:47:06.9128559Z       "created_at": "2026-10-03T07:45:00+07:00",
dispatch	Reserve and Dispatch Commands	2026-10-04T23:47:06.9129301Z       "anti_duplicate_key": "TASK_021_TRUE_MULTI_AGENT_MULTI_TASK_DISPATCHER_RUNNER_POOL_ACTIVE:2026-10-03T07:45:00+07:00"
dispatch	Reserve and Dispatch Commands	2026-10-04T23:47:06.9130120Z     },
dispatch	Reserve and Dispatch Commands	2026-10-04T23:47:06.9130500Z     "TASK_028_TASK027_EVIDENCE_CORRECTION_20261003T142500+0700": {
dispatch	Reserve and Dispatch Commands	2026-10-04T23:47:06.9131014Z       "task_id": "TASK_028_TASK027_EVIDENCE_PROVENANCE_LIFECYCLE_AND_DRIVE_MIRROR_CORRECTION_ACTIVE",
dispatch	Reserve and Dispatch Commands	2026-10-04T23:47:06.9131477Z       "task_revision": "2026-10-03T14:25:00+07:00",
dispatch	Reserve and Dispatch Commands	2026-10-04T23:47:06.9131767Z       "priority": "CRITICAL",
dispatch	Reserve and Dispatch Commands	2026-10-04T23:47:06.9132032Z       "status": "COMPLETED",
dispatch	Reserve and Dispatch Commands	2026-10-04T23:47:06.9132364Z       "execution_lane": "infra-hair-evidence-lifecycle-correction",
dispatch	Reserve and Dispatch Commands	2026-10-04T23:47:06.9132743Z       "created_at": "2026-10-03T14:25:00+07:00",
dispatch	Reserve and Dispatch Commands	2026-10-04T23:47:06.9133339Z       "anti_duplicate_key": "TASK_028_TASK027_EVIDENCE_PROVENANCE_LIFECYCLE_AND_DRIVE_MIRROR_CORRECTION_ACTIVE:2026-10-03T14:25:00+07:00"
dispatch	Reserve and Dispatch Commands	2026-10-04T23:47:06.9133892Z     },
dispatch	Reserve and Dispatch Commands	2026-10-04T23:47:06.9134160Z     "TASK_054D_SO45_SHADER_MODEL_CONSTANTS_ACTIVE_20261005T061068+0700": {
dispatch	Reserve and Dispatch Commands	2026-10-04T23:47:06.9134569Z       "task_id": "TASK_054D_SO45_SHADER_MODEL_CONSTANTS_ACTIVE",
dispatch	Reserve and Dispatch Commands	2026-10-04T23:47:06.9134897Z       "task_revision": null,
dispatch	Reserve and Dispatch Commands	2026-10-04T23:47:06.9135133Z       "priority": "CRITICAL",
dispatch	Reserve and Dispatch Commands	2026-10-04T23:47:06.9135364Z       "status": "COMPLETED",
dispatch	Reserve and Dispatch Commands	2026-10-04T23:47:06.9135866Z       "execution_lane": "so45-lane-d-shader-model-constants",
dispatch	Reserve and Dispatch Commands	2026-10-04T23:47:06.9136230Z       "created_at": "2026-10-05T06:10:00+07:00",
dispatch	Reserve and Dispatch Commands	2026-10-04T23:47:06.9136679Z       "anti_duplicate_key": "TASK_054D_SO45_SHADER_MODEL_CONSTANTS_ACTIVE:2026-10-05T06:10:00+07:00"
dispatch	Reserve and Dispatch Commands	2026-10-04T23:47:06.9137095Z     },
dispatch	Reserve and Dispatch Commands	2026-10-04T23:47:06.9137446Z     "TASK_030_TASK029_VERDICT_STATE_TRUTH_AND_REPORT_DRIVE_MIRROR_COMPLETION_20261003T193000+0700": {
dispatch	Reserve and Dispatch Commands	2026-10-04T23:47:06.9138043Z       "task_id": "TASK_030_TASK029_VERDICT_STATE_TRUTH_AND_REPORT_DRIVE_MIRROR_COMPLETION_ACTIVE",
dispatch	Reserve and Dispatch Commands	2026-10-04T23:47:06.9138486Z       "task_revision": "2026-10-03T19:25:13+07:00",
dispatch	Reserve and Dispatch Commands	2026-10-04T23:47:06.9138765Z       "priority": "CRITICAL",
dispatch	Reserve and Dispatch Commands	2026-10-04T23:47:06.9138993Z       "status": "COMPLETED",
dispatch	Reserve and Dispatch Commands	2026-10-04T23:47:06.9139257Z       "execution_lane": "infra-state-truth-mirror",
dispatch	Reserve and Dispatch Commands	2026-10-04T23:47:06.9139571Z       "created_at": "2026-10-03T19:42:09.589266+07:00",
dispatch	Reserve and Dispatch Commands	2026-10-04T23:47:06.9140131Z       "anti_duplicate_key": "TASK_030_TASK029_VERDICT_STATE_TRUTH_AND_REPORT_DRIVE_MIRROR_COMPLETION_ACTIVE:2026-10-03T19:25:13+07:00"
dispatch	Reserve and Dispatch Commands	2026-10-04T23:47:06.9140659Z     },
dispatch	Reserve and Dispatch Commands	2026-10-04T23:47:06.9140941Z     "TASK_045_TASK044_DEEP_STATIC_PROVENANCE_CORRECTION_20261004T132000+0700": {
dispatch	Reserve and Dispatch Commands	2026-10-04T23:47:06.9141643Z       "task_id": "TASK_045_TASK044_DECOMPILER_DISASSEMBLY_XREF_PROVENANCE_CORRECTION_ACTIVE",
dispatch	Reserve and Dispatch Commands	2026-10-04T23:47:06.9142079Z       "task_revision": "2026-10-04T13:20:00+07:00",
dispatch	Reserve and Dispatch Commands	2026-10-04T23:47:06.9142353Z       "priority": "CRITICAL",
dispatch	Reserve and Dispatch Commands	2026-10-04T23:47:06.9142691Z       "status": "COMPLETED",
dispatch	Reserve and Dispatch Commands	2026-10-04T23:47:06.9143007Z       "execution_lane": "task044-deep-static-provenance-correction",
dispatch	Reserve and Dispatch Commands	2026-10-04T23:47:06.9143361Z       "created_at": null,
dispatch	Reserve and Dispatch Commands	2026-10-04T23:47:06.9143845Z       "anti_duplicate_key": "TASK_045_TASK044_DECOMPILER_DISASSEMBLY_XREF_PROVENANCE_CORRECTION_ACTIVE:2026-10-04T13:20:00+07:00"
dispatch	Reserve and Dispatch Commands	2026-10-04T23:47:06.9144359Z     },
dispatch	Reserve and Dispatch Commands	2026-10-04T23:47:06.9144626Z     "TASK_052A_CONTINUE_STATIC_IMAGE_ALGORITHM_20261004T213700+0700": {
dispatch	Reserve and Dispatch Commands	2026-10-04T23:47:06.9145064Z       "task_id": "TASK_052A_SO45_CONTINUOUS_STATIC_IMAGE_ALGORITHM_ACTIVE",
dispatch	Reserve and Dispatch Commands	2026-10-04T23:47:06.9145432Z       "task_revision": "2026-10-04T21:37:00+07:00",
dispatch	Reserve and Dispatch Commands	2026-10-04T23:47:06.9145944Z       "priority": "CRITICAL",
dispatch	Reserve and Dispatch Commands	2026-10-04T23:47:06.9146191Z       "status": "COMPLETED",
dispatch	Reserve and Dispatch Commands	2026-10-04T23:47:06.9146502Z       "execution_lane": "so45-continuous-static-image-algorithm",
dispatch	Reserve and Dispatch Commands	2026-10-04T23:47:06.9146862Z       "created_at": "2026-10-04T21:37:00+07:00",
dispatch	Reserve and Dispatch Commands	2026-10-04T23:47:06.9147346Z       "anti_duplicate_key": "TASK_052A_SO45_CONTINUOUS_STATIC_IMAGE_ALGORITHM_ACTIVE:2026-10-04T21:37:00+07:00"
dispatch	Reserve and Dispatch Commands	2026-10-04T23:47:06.9147813Z     },
dispatch	Reserve and Dispatch Commands	2026-10-04T23:47:06.9148087Z     "TASK_038_45SO_DEEP_FUNCTION_XREF_JNI_RECON_20261004T102000+0700": {
dispatch	Reserve and Dispatch Commands	2026-10-04T23:47:06.9148547Z       "task_id": "TASK_038_45_SO_DEEP_FUNCTION_XREF_JNI_BRIDGE_RECONSTRUCTION_ACTIVE",
dispatch	Reserve and Dispatch Commands	2026-10-04T23:47:06.9148953Z       "task_revision": "2026-10-04T10:20:00+07:00",
dispatch	Reserve and Dispatch Commands	2026-10-04T23:47:06.9149237Z       "priority": "CRITICAL",
dispatch	Reserve and Dispatch Commands	2026-10-04T23:47:06.9149471Z       "status": "COMPLETED",
dispatch	Reserve and Dispatch Commands	2026-10-04T23:47:06.9149761Z       "execution_lane": "native-so-deep-jni-reconstruction",
dispatch	Reserve and Dispatch Commands	2026-10-04T23:47:06.9150104Z       "created_at": "2026-10-04T10:20:00+07:00",
dispatch	Reserve and Dispatch Commands	2026-10-04T23:47:06.9150613Z       "anti_duplicate_key": "TASK_038_45_SO_DEEP_FUNCTION_XREF_JNI_BRIDGE_RECONSTRUCTION_ACTIVE:2026-10-04T10:20:00+07:00"
dispatch	Reserve and Dispatch Commands	2026-10-04T23:47:06.9151099Z     },
dispatch	Reserve and Dispatch Commands	2026-10-04T23:47:06.9151364Z     "TASK_015_FACE_BEAUTY_EYE_BROW_LANDMARK_CORRECTION_AUTO01": {
dispatch	Reserve and Dispatch Commands	2026-10-04T23:47:06.9151770Z       "task_id": "TASK_015_FACE_BEAUTY_EYE_BROW_LANDMARK_CORRECTION",
dispatch	Reserve and Dispatch Commands	2026-10-04T23:47:06.9152119Z       "task_revision": "2026-10-02T22:00:00+07:00",
dispatch	Reserve and Dispatch Commands	2026-10-04T23:47:06.9152392Z       "priority": "HIGH",
dispatch	Reserve and Dispatch Commands	2026-10-04T23:47:06.9152612Z       "status": "COMPLETED",
dispatch	Reserve and Dispatch Commands	2026-10-04T23:47:06.9152847Z       "execution_lane": "default",
dispatch	Reserve and Dispatch Commands	2026-10-04T23:47:06.9153121Z       "created_at": "2026-10-02T22:35:05.473636+07:00",
dispatch	Reserve and Dispatch Commands	2026-10-04T23:47:06.9153589Z       "anti_duplicate_key": "TASK_015_FACE_BEAUTY_EYE_BROW_LANDMARK_CORRECTION:2026-10-02T22:00:00+07:00"
dispatch	Reserve and Dispatch Commands	2026-10-04T23:47:06.9154018Z     },
dispatch	Reserve and Dispatch Commands	2026-10-04T23:47:06.9154264Z     "CMD_ACCEPT_024_03_DEVICE_CONNECTIVITY_20261003T150000+0700": {
dispatch	Reserve and Dispatch Commands	2026-10-04T23:47:06.9154658Z       "task_id": "TASK_024_ACCEPT_INFRA_DEVICE_CONNECTIVITY",
dispatch	Reserve and Dispatch Commands	2026-10-04T23:47:06.9154991Z       "task_revision": "2026-10-03T15:00:00+07:00",
dispatch	Reserve and Dispatch Commands	2026-10-04T23:47:06.9155271Z       "priority": "CRITICAL",
dispatch	Reserve and Dispatch Commands	2026-10-04T23:47:06.9155505Z       "status": "COMPLETED",
dispatch	Reserve and Dispatch Commands	2026-10-04T23:47:06.9156017Z       "execution_lane": "infra-device-audit",
dispatch	Reserve and Dispatch Commands	2026-10-04T23:47:06.9156354Z       "created_at": "2026-10-03T15:00:00+07:00",
dispatch	Reserve and Dispatch Commands	2026-10-04T23:47:06.9156783Z       "anti_duplicate_key": "TASK_024_ACCEPT_INFRA_DEVICE_CONNECTIVITY:2026-10-03T15:00:00+07:00"
dispatch	Reserve and Dispatch Commands	2026-10-04T23:47:06.9157195Z     },
dispatch	Reserve and Dispatch Commands	2026-10-04T23:47:06.9157477Z     "TASK_022_HAIR_PHYSICAL_DEVICE_VISUAL_ACCEPTANCE_20261003T080500+0700": {
dispatch	Reserve and Dispatch Commands	2026-10-04T23:47:06.9157959Z       "task_id": "TASK_022_HAIR_FULL_E2E_PHYSICAL_DEVICE_VISUAL_ACCEPTANCE_ACTIVE",
dispatch	Reserve and Dispatch Commands	2026-10-04T23:47:06.9158354Z       "task_revision": "2026-10-03T08:05:00+07:00",
dispatch	Reserve and Dispatch Commands	2026-10-04T23:47:06.9158625Z       "priority": "HIGH",
dispatch	Reserve and Dispatch Commands	2026-10-04T23:47:06.9158850Z       "status": "COMPLETED",
dispatch	Reserve and Dispatch Commands	2026-10-04T23:47:06.9159259Z       "execution_lane": "hair-physical-visual-qa",
dispatch	Reserve and Dispatch Commands	2026-10-04T23:47:06.9159580Z       "created_at": "2026-10-03T08:05:00+07:00",
dispatch	Reserve and Dispatch Commands	2026-10-04T23:47:06.9160081Z       "anti_duplicate_key": "TASK_022_HAIR_FULL_E2E_PHYSICAL_DEVICE_VISUAL_ACCEPTANCE_ACTIVE:2026-10-03T08:05:00+07:00"
dispatch	Reserve and Dispatch Commands	2026-10-04T23:47:06.9160684Z     },
dispatch	Reserve and Dispatch Commands	2026-10-04T23:47:06.9160985Z     "TASK_055_TASK054_ORCHESTRATION_PROVENANCE_CORRECTION_20261005T061600+0700": {
dispatch	Reserve and Dispatch Commands	2026-10-04T23:47:06.9161534Z       "task_id": "TASK_055_TASK054_PROVENANCE_DISPATCH_INTEGRATOR_AND_MIRROR_CORRECTION_ACTIVE",
dispatch	Reserve and Dispatch Commands	2026-10-04T23:47:06.9161978Z       "task_revision": "2026-10-05T06:16:00+07:00",
dispatch	Reserve and Dispatch Commands	2026-10-04T23:47:06.9162253Z       "priority": "CRITICAL",
dispatch	Reserve and Dispatch Commands	2026-10-04T23:47:06.9162497Z       "status": "COMPLETED",
dispatch	Reserve and Dispatch Commands	2026-10-04T23:47:06.9162833Z       "execution_lane": "task054-orchestration-provenance-correction",
dispatch	Reserve and Dispatch Commands	2026-10-04T23:47:06.9163214Z       "created_at": "2026-10-05T06:16:00+07:00",
dispatch	Reserve and Dispatch Commands	2026-10-04T23:47:06.9163759Z       "anti_duplicate_key": "TASK_055_TASK054_PROVENANCE_DISPATCH_INTEGRATOR_AND_MIRROR_CORRECTION_ACTIVE:2026-10-05T06:16:00+07:00"
dispatch	Reserve and Dispatch Commands	2026-10-04T23:47:06.9164293Z     },
dispatch	Reserve and Dispatch Commands	2026-10-04T23:47:06.9164543Z     "CMD_ACCEPT_024_02_EVIDENCE_PROVENANCE_20261003T150000+0700": {
dispatch	Reserve and Dispatch Commands	2026-10-04T23:47:06.9164930Z       "task_id": "TASK_024_ACCEPT_INFRA_EVIDENCE_PROVENANCE",
dispatch	Reserve and Dispatch Commands	2026-10-04T23:47:06.9165263Z       "task_revision": "2026-10-03T15:00:00+07:00",
dispatch	Reserve and Dispatch Commands	2026-10-04T23:47:06.9165538Z       "priority": "CRITICAL",
dispatch	Reserve and Dispatch Commands	2026-10-04T23:47:06.9166098Z       "status": "COMPLETED",
dispatch	Reserve and Dispatch Commands	2026-10-04T23:47:06.9166408Z       "execution_lane": "infra-evidence-audit",
dispatch	Reserve and Dispatch Commands	2026-10-04T23:47:06.9166714Z       "created_at": "2026-10-03T15:00:00+07:00",
dispatch	Reserve and Dispatch Commands	2026-10-04T23:47:06.9167140Z       "anti_duplicate_key": "TASK_024_ACCEPT_INFRA_EVIDENCE_PROVENANCE:2026-10-03T15:00:00+07:00"
dispatch	Reserve and Dispatch Commands	2026-10-04T23:47:06.9167554Z     },
dispatch	Reserve and Dispatch Commands	2026-10-04T23:47:06.9167844Z     "TASK_041_TASK040_SOURCE_TRUTH_V1_CPP_PROVENANCE_20261004T120000+0700": {
dispatch	Reserve and Dispatch Commands	2026-10-04T23:47:06.9168357Z       "task_id": "TASK_041_TASK040_SOURCE_TRUTH_CORRECTION_V1_NATIVE_CPP_PROVENANCE_ACTIVE",
dispatch	Reserve and Dispatch Commands	2026-10-04T23:47:06.9168800Z       "task_revision": "2026-10-04T12:00:00+07:00",
dispatch	Reserve and Dispatch Commands	2026-10-04T23:47:06.9169084Z       "priority": "CRITICAL",
dispatch	Reserve and Dispatch Commands	2026-10-04T23:47:06.9169320Z       "status": "COMPLETED",
dispatch	Reserve and Dispatch Commands	2026-10-04T23:47:06.9169630Z       "execution_lane": "task040-source-truth-v1-cpp-provenance",
dispatch	Reserve and Dispatch Commands	2026-10-04T23:47:06.9169986Z       "created_at": "2026-10-04T12:00:00+07:00",
dispatch	Reserve and Dispatch Commands	2026-10-04T23:47:06.9170519Z       "anti_duplicate_key": "TASK_041_TASK040_SOURCE_TRUTH_CORRECTION_V1_NATIVE_CPP_PROVENANCE_ACTIVE:2026-10-04T12:00:00+07:00"
dispatch	Reserve and Dispatch Commands	2026-10-04T23:47:06.9171028Z     },
dispatch	Reserve and Dispatch Commands	2026-10-04T23:47:06.9171274Z     "TASK_046_F_APP_IMAGE_MULTI_APP_SURVEY_20261004T133000+0700": {
dispatch	Reserve and Dispatch Commands	2026-10-04T23:47:06.9171702Z       "task_id": "TASK_046_F_APP_IMAGE_MULTI_APP_SOURCE_FORENSIC_SURVEY_ACTIVE",
dispatch	Reserve and Dispatch Commands	2026-10-04T23:47:06.9172087Z       "task_revision": "2026-10-04T13:30:00+07:00",
dispatch	Reserve and Dispatch Commands	2026-10-04T23:47:06.9172361Z       "priority": "HIGH",
dispatch	Reserve and Dispatch Commands	2026-10-04T23:47:06.9172590Z       "status": "COMPLETED",
dispatch	Reserve and Dispatch Commands	2026-10-04T23:47:06.9172901Z       "execution_lane": "f-app-image-multi-app-forensic-survey",
dispatch	Reserve and Dispatch Commands	2026-10-04T23:47:06.9173238Z       "created_at": null,
dispatch	Reserve and Dispatch Commands	2026-10-04T23:47:06.9173463Z       "anti_duplicate_key": null
dispatch	Reserve and Dispatch Commands	2026-10-04T23:47:06.9173691Z     },
dispatch	Reserve and Dispatch Commands	2026-10-04T23:47:06.9173973Z     "TASK_040_F_CONVERT_ROOT_SOURCE_TREE_FULL_DISCOVERY_20261004T111500+0700": {
dispatch	Reserve and Dispatch Commands	2026-10-04T23:47:06.9174443Z       "task_id": "TASK_040_F_CONVERT_ROOT_SOURCE_TREE_FULL_DISCOVERY_ACTIVE",
dispatch	Reserve and Dispatch Commands	2026-10-04T23:47:06.9174818Z       "task_revision": "2026-10-04T11:15:00+07:00",
dispatch	Reserve and Dispatch Commands	2026-10-04T23:47:06.9175093Z       "priority": "CRITICAL",
dispatch	Reserve and Dispatch Commands	2026-10-04T23:47:06.9175328Z       "status": "COMPLETED",
dispatch	Reserve and Dispatch Commands	2026-10-04T23:47:06.9175842Z       "execution_lane": "f-convert-root-source-discovery",
dispatch	Reserve and Dispatch Commands	2026-10-04T23:47:06.9176200Z       "created_at": "2026-10-04T11:15:00+07:00",
dispatch	Reserve and Dispatch Commands	2026-10-04T23:47:06.9176695Z       "anti_duplicate_key": "TASK_040_F_CONVERT_ROOT_SOURCE_TREE_FULL_DISCOVERY_ACTIVE:2026-10-04T11:15:00+07:00"
dispatch	Reserve and Dispatch Commands	2026-10-04T23:47:06.9177162Z     },
dispatch	Reserve and Dispatch Commands	2026-10-04T23:47:06.9177374Z     "TASK_049_BODY_VISUAL_QA_20261004T163000+0700": {
dispatch	Reserve and Dispatch Commands	2026-10-04T23:47:06.9177876Z       "task_id": "TASK_049_BODY_VISUAL_QA_ACTIVE",
dispatch	Reserve and Dispatch Commands	2026-10-04T23:47:06.9178176Z       "task_revision": "2026-10-04T16:30:00+07:00",
dispatch	Reserve and Dispatch Commands	2026-10-04T23:47:06.9178451Z       "priority": "CRITICAL",
dispatch	Reserve and Dispatch Commands	2026-10-04T23:47:06.9178686Z       "status": "COMPLETED",
dispatch	Reserve and Dispatch Commands	2026-10-04T23:47:06.9179087Z       "execution_lane": "full-body-owner-visual-rebuild",
dispatch	Reserve and Dispatch Commands	2026-10-04T23:47:06.9179416Z       "created_at": "2026-10-04T16:30:00+07:00",
dispatch	Reserve and Dispatch Commands	2026-10-04T23:47:06.9179794Z       "anti_duplicate_key": "TASK_049_BODY_VISUAL_QA_ACTIVE:2026-10-04T16:30:00+07:00"
dispatch	Reserve and Dispatch Commands	2026-10-04T23:47:06.9180163Z     },
dispatch	Reserve and Dispatch Commands	2026-10-04T23:47:06.9180359Z     "TASK_011_EXECUTE_20261002T195000+0700": {
dispatch	Reserve and Dispatch Commands	2026-10-04T23:47:06.9180735Z       "task_id": "TASK_011_MULTI_AGENT_MULTI_TASK_COMMAND_BUS_ORCHESTRATOR_ACTIVE",
dispatch	Reserve and Dispatch Commands	2026-10-04T23:47:06.9181134Z       "task_revision": "2026-10-02T19:50:00+07:00",
dispatch	Reserve and Dispatch Commands	2026-10-04T23:47:06.9181406Z       "priority": "HIGH",
dispatch	Reserve and Dispatch Commands	2026-10-04T23:47:06.9181627Z       "status": "COMPLETED",
dispatch	Reserve and Dispatch Commands	2026-10-04T23:47:06.9181866Z       "execution_lane": "default",
dispatch	Reserve and Dispatch Commands	2026-10-04T23:47:06.9182139Z       "created_at": "2026-10-02T20:12:53.021365+07:00",
dispatch	Reserve and Dispatch Commands	2026-10-04T23:47:06.9182648Z       "anti_duplicate_key": "TASK_011_MULTI_AGENT_MULTI_TASK_COMMAND_BUS_ORCHESTRATOR_ACTIVE:2026-10-02T19:50:00+07:00"
dispatch	Reserve and Dispatch Commands	2026-10-04T23:47:06.9183131Z     },
dispatch	Reserve and Dispatch Commands	2026-10-04T23:47:06.9183388Z     "TASK_047_IMAGE_EFFECT_GRAPH_DEEP_MAPPING_20261004T153000+0700": {
dispatch	Reserve and Dispatch Commands	2026-10-04T23:47:06.9183797Z       "task_id": "TASK_047_IMAGE_EFFECT_GRAPH_DEEP_MAPPING_ACTIVE",
dispatch	Reserve and Dispatch Commands	2026-10-04T23:47:06.9184142Z       "task_revision": "2026-10-04T15:30:00+07:00",
dispatch	Reserve and Dispatch Commands	2026-10-04T23:47:06.9184416Z       "priority": "CRITICAL",
dispatch	Reserve and Dispatch Commands	2026-10-04T23:47:06.9184646Z       "status": "COMPLETED",
dispatch	Reserve and Dispatch Commands	2026-10-04T23:47:06.9184930Z       "execution_lane": "image-effect-graph-deep-mapping",
dispatch	Reserve and Dispatch Commands	2026-10-04T23:47:06.9185273Z       "created_at": "2026-10-04T15:31:21.337750+07:00",
dispatch	Reserve and Dispatch Commands	2026-10-04T23:47:06.9185866Z       "anti_duplicate_key": "TASK_047_IMAGE_EFFECT_GRAPH_DEEP_MAPPING_ACTIVE:2026-10-04T15:30:00+07:00"
dispatch	Reserve and Dispatch Commands	2026-10-04T23:47:06.9186308Z     },
dispatch	Reserve and Dispatch Commands	2026-10-04T23:47:06.9186583Z     "TASK_020_REAL_BODY_POSE_HUMAN_PARSING_ZERO_BG_20261003T073500+0700": {
dispatch	Reserve and Dispatch Commands	2026-10-04T23:47:06.9187086Z       "task_id": "TASK_020_REAL_BODY_POSE_HUMAN_PARSING_AND_ZERO_BACKGROUND_DISTORTION_ACTIVE",
dispatch	Reserve and Dispatch Commands	2026-10-04T23:47:06.9187524Z       "task_revision": "2026-10-03T07:35:00+07:00",
dispatch	Reserve and Dispatch Commands	2026-10-04T23:47:06.9187843Z       "priority": "CRITICAL",
dispatch	Reserve and Dispatch Commands	2026-10-04T23:47:06.9188077Z       "status": "COMPLETED",
dispatch	Reserve and Dispatch Commands	2026-10-04T23:47:06.9188326Z       "execution_lane": "body-pose-zero-bg",
dispatch	Reserve and Dispatch Commands	2026-10-04T23:47:06.9188612Z       "created_at": "2026-10-03T07:35:00+07:00",
dispatch	Reserve and Dispatch Commands	2026-10-04T23:47:06.9189145Z       "anti_duplicate_key": "TASK_020_REAL_BODY_POSE_HUMAN_PARSING_AND_ZERO_BACKGROUND_DISTORTION_ACTIVE:2026-10-03T07:35:00+07:00"
dispatch	Reserve and Dispatch Commands	2026-10-04T23:47:06.9189668Z     },
dispatch	Reserve and Dispatch Commands	2026-10-04T23:47:06.9189961Z     "TASK_042_HAIR_V2_MODULAR_REFERENCE_INTAKE_BENCHMARK_20261004T121700+0700": {
dispatch	Reserve and Dispatch Commands	2026-10-04T23:47:06.9190432Z       "task_id": "TASK_042_HAIR_V2_MODULAR_REFERENCE_INTAKE_BENCHMARK_ACTIVE",
dispatch	Reserve and Dispatch Commands	2026-10-04T23:47:06.9190812Z       "task_revision": "2026-10-04T12:17:00+07:00",
dispatch	Reserve and Dispatch Commands	2026-10-04T23:47:06.9191086Z       "priority": "CRITICAL",
dispatch	Reserve and Dispatch Commands	2026-10-04T23:47:06.9191316Z       "status": "COMPLETED",
dispatch	Reserve and Dispatch Commands	2026-10-04T23:47:06.9191639Z       "execution_lane": "hair-v2-modular-reference-intake-benchmark",
dispatch	Reserve and Dispatch Commands	2026-10-04T23:47:06.9192016Z       "created_at": "2026-10-04T12:17:00+07:00",
dispatch	Reserve and Dispatch Commands	2026-10-04T23:47:06.9192492Z       "anti_duplicate_key": "TASK_042_HAIR_V2_MODULAR_REFERENCE_INTAKE_BENCHMARK_ACTIVE:2026-10-04T12:17:00+07:00"
dispatch	Reserve and Dispatch Commands	2026-10-04T23:47:06.9192954Z     },
dispatch	Reserve and Dispatch Commands	2026-10-04T23:47:06.9193236Z     "TASK_054B_SO45_DISASSEMBLY_CFG_CALLGRAPH_ACTIVE_20261005T061066+0700": {
dispatch	Reserve and Dispatch Commands	2026-10-04T23:47:06.9193672Z       "task_id": "TASK_054B_SO45_DISASSEMBLY_CFG_CALLGRAPH_ACTIVE",
dispatch	Reserve and Dispatch Commands	2026-10-04T23:47:06.9194000Z       "task_revision": null,
dispatch	Reserve and Dispatch Commands	2026-10-04T23:47:06.9194227Z       "priority": "CRITICAL",
dispatch	Reserve and Dispatch Commands	2026-10-04T23:47:06.9194458Z       "status": "COMPLETED",
dispatch	Reserve and Dispatch Commands	2026-10-04T23:47:06.9194755Z       "execution_lane": "so45-lane-b-disassembly-cfg-callgraph",
dispatch	Reserve and Dispatch Commands	2026-10-04T23:47:06.9195224Z       "created_at": "2026-10-05T06:10:00+07:00",
dispatch	Reserve and Dispatch Commands	2026-10-04T23:47:06.9195800Z       "anti_duplicate_key": "TASK_054B_SO45_DISASSEMBLY_CFG_CALLGRAPH_ACTIVE:2026-10-05T06:10:00+07:00"
dispatch	Reserve and Dispatch Commands	2026-10-04T23:47:06.9196400Z     },
dispatch	Reserve and Dispatch Commands	2026-10-04T23:47:06.9196706Z     "TASK_052B_F_APP_IMAGE_DEEP_MULTI_APP_SO_KNOWLEDGE_BASE_20261004T204500+0700": {
dispatch	Reserve and Dispatch Commands	2026-10-04T23:47:06.9197337Z       "task_id": "TASK_052B_F_APP_IMAGE_DEEP_MULTI_APP_SO_KNOWLEDGE_BASE_ACTIVE",
dispatch	Reserve and Dispatch Commands	2026-10-04T23:47:06.9197735Z       "task_revision": "2026-10-04T21:12:38.274000+07:00",
dispatch	Reserve and Dispatch Commands	2026-10-04T23:47:06.9198030Z       "priority": "CRITICAL",
dispatch	Reserve and Dispatch Commands	2026-10-04T23:47:06.9198259Z       "status": "COMPLETED",
dispatch	Reserve and Dispatch Commands	2026-10-04T23:47:06.9198593Z       "execution_lane": "f-app-image-deep-multi-app-so-knowledge-base",
dispatch	Reserve and Dispatch Commands	2026-10-04T23:47:06.9198970Z       "created_at": "2026-10-04T20:45:00+07:00",
dispatch	Reserve and Dispatch Commands	2026-10-04T23:47:06.9199471Z       "anti_duplicate_key": "TASK_052B_F_APP_IMAGE_DEEP_MULTI_APP_SO_KNOWLEDGE_BASE_ACTIVE:2026-10-04T21:12:38.274000+07:00"
dispatch	Reserve and Dispatch Commands	2026-10-04T23:47:06.9199962Z     },
dispatch	Reserve and Dispatch Commands	2026-10-04T23:47:06.9200239Z     "TASK_036_SIBLING_SOURCE_SO_INVENTORY_HAIR_RECON_20261004T091500+0700": {
dispatch	Reserve and Dispatch Commands	2026-10-04T23:47:06.9200763Z       "task_id": "TASK_036_SIBLING_SOURCE_45_SO_INVENTORY_HASH_MATCH_HAIR_ALGORITHM_RECON_ACTIVE",
dispatch	Reserve and Dispatch Commands	2026-10-04T23:47:06.9201205Z       "task_revision": "2026-10-04T09:15:00+07:00",
dispatch	Reserve and Dispatch Commands	2026-10-04T23:47:06.9201483Z       "priority": "HIGH",
dispatch	Reserve and Dispatch Commands	2026-10-04T23:47:06.9201707Z       "status": "COMPLETED",
dispatch	Reserve and Dispatch Commands	2026-10-04T23:47:06.9201956Z       "execution_lane": "native-so-forensics",
dispatch	Reserve and Dispatch Commands	2026-10-04T23:47:06.9202247Z       "created_at": "2026-10-04T09:15:00+07:00",
dispatch	Reserve and Dispatch Commands	2026-10-04T23:47:06.9202789Z       "anti_duplicate_key": "TASK_036_SIBLING_SOURCE_45_SO_INVENTORY_HASH_MATCH_HAIR_ALGORITHM_RECON_ACTIVE:2026-10-04T09:15:00+07:00"
dispatch	Reserve and Dispatch Commands	2026-10-04T23:47:06.9203315Z     },
dispatch	Reserve and Dispatch Commands	2026-10-04T23:47:06.9203572Z     "TASK_035_HAIR_V2_OWNER_VISUAL_FAIL_REBUILD_20261004T090300+0700": {
dispatch	Reserve and Dispatch Commands	2026-10-04T23:47:06.9204127Z       "task_id": "TASK_035_HAIR_V2_OWNER_VISUAL_FAIL_SEGMENTATION_MATTING_NATURAL_RECOLOR_REBUILD_ACTIVE",
dispatch	Reserve and Dispatch Commands	2026-10-04T23:47:06.9204616Z       "task_revision": "2026-10-04T09:03:00+07:00",
dispatch	Reserve and Dispatch Commands	2026-10-04T23:47:06.9204894Z       "priority": "CRITICAL",
dispatch	Reserve and Dispatch Commands	2026-10-04T23:47:06.9205124Z       "status": "COMPLETED",
dispatch	Reserve and Dispatch Commands	2026-10-04T23:47:06.9205390Z       "execution_lane": "hair-v2-owner-fail-rebuild",
dispatch	Reserve and Dispatch Commands	2026-10-04T23:47:06.9205971Z       "created_at": "2026-10-04T09:03:00+07:00",
dispatch	Reserve and Dispatch Commands	2026-10-04T23:47:06.9206573Z       "anti_duplicate_key": "TASK_035_HAIR_V2_OWNER_VISUAL_FAIL_SEGMENTATION_MATTING_NATURAL_RECOLOR_REBUILD_ACTIVE:2026-10-04T09:03:00+07:00"
dispatch	Reserve and Dispatch Commands	2026-10-04T23:47:06.9207143Z     },
dispatch	Reserve and Dispatch Commands	2026-10-04T23:47:06.9207419Z     "TASK_033_TASK032_WORKFLOW_PROVENANCE_CLOSURE_20261004T052000+0700": {
dispatch	Reserve and Dispatch Commands	2026-10-04T23:47:06.9207921Z       "task_id": "TASK_033_TASK032_WORKFLOW_PROVENANCE_COMMAND_BUS_CLOSURE_CORRECTION_ACTIVE",
dispatch	Reserve and Dispatch Commands	2026-10-04T23:47:06.9208361Z       "task_revision": "2026-10-04T05:20:00+07:00",
dispatch	Reserve and Dispatch Commands	2026-10-04T23:47:06.9208638Z       "priority": "CRITICAL",
dispatch	Reserve and Dispatch Commands	2026-10-04T23:47:06.9208871Z       "status": "COMPLETED",
dispatch	Reserve and Dispatch Commands	2026-10-04T23:47:06.9209147Z       "execution_lane": "task032-provenance-closure",
dispatch	Reserve and Dispatch Commands	2026-10-04T23:47:06.9209456Z       "created_at": "2026-10-04T05:20:00+07:00",
dispatch	Reserve and Dispatch Commands	2026-10-04T23:47:06.9209990Z       "anti_duplicate_key": "TASK_033_TASK032_WORKFLOW_PROVENANCE_COMMAND_BUS_CLOSURE_CORRECTION_ACTIVE:2026-10-04T05:20:00+07:00"
dispatch	Reserve and Dispatch Commands	2026-10-04T23:47:06.9210514Z     },
dispatch	Reserve and Dispatch Commands	2026-10-04T23:47:06.9210756Z     "CMD_ACCEPT_001_RUNNER_POOL_HEALTH_20261003T091500+0700": {
dispatch	Reserve and Dispatch Commands	2026-10-04T23:47:06.9211118Z       "task_id": "TASK_021_ACCEPT_INFRA_RUNNER_POOL_HEALTH",
dispatch	Reserve and Dispatch Commands	2026-10-04T23:47:06.9211441Z       "task_revision": "2026-10-03T09:15:00+07:00",
dispatch	Reserve and Dispatch Commands	2026-10-04T23:47:06.9211716Z       "priority": "CRITICAL",
dispatch	Reserve and Dispatch Commands	2026-10-04T23:47:06.9211947Z       "status": "COMPLETED",
dispatch	Reserve and Dispatch Commands	2026-10-04T23:47:06.9212199Z       "execution_lane": "infra-runner-health",
dispatch	Reserve and Dispatch Commands	2026-10-04T23:47:06.9212489Z       "created_at": "2026-10-03T09:15:00+07:00",
dispatch	Reserve and Dispatch Commands	2026-10-04T23:47:06.9212936Z       "anti_duplicate_key": "TASK_021_ACCEPT_INFRA_RUNNER_POOL_HEALTH:2026-10-03T09:15:00+07:00"
dispatch	Reserve and Dispatch Commands	2026-10-04T23:47:06.9213470Z     },
dispatch	Reserve and Dispatch Commands	2026-10-04T23:47:06.9213718Z     "TASK_027_HAIR_V2_RESIDUAL_CORRECTION_20261003T123500+0700": {
dispatch	Reserve and Dispatch Commands	2026-10-04T23:47:06.9214207Z       "task_id": "TASK_027_HAIR_V2_RESIDUAL_LEAKAGE_TEXTURE_AND_COMMAND_LIFECYCLE_CORRECTION_ACTIVE",
dispatch	Reserve and Dispatch Commands	2026-10-04T23:47:06.9214661Z       "task_revision": "2026-10-03T12:35:00+07:00",
dispatch	Reserve and Dispatch Commands	2026-10-04T23:47:06.9215044Z       "priority": "CRITICAL",
dispatch	Reserve and Dispatch Commands	2026-10-04T23:47:06.9215277Z       "status": "COMPLETED",
dispatch	Reserve and Dispatch Commands	2026-10-04T23:47:06.9215544Z       "execution_lane": "hair-v2-residual-correction",
dispatch	Reserve and Dispatch Commands	2026-10-04T23:47:06.9215989Z       "created_at": "2026-10-03T12:35:00+07:00",
dispatch	Reserve and Dispatch Commands	2026-10-04T23:47:06.9216540Z       "anti_duplicate_key": "TASK_027_HAIR_V2_RESIDUAL_LEAKAGE_TEXTURE_AND_COMMAND_LIFECYCLE_CORRECTION_ACTIVE:2026-10-03T12:35:00+07:00"
dispatch	Reserve and Dispatch Commands	2026-10-04T23:47:06.9217078Z     },
dispatch	Reserve and Dispatch Commands	2026-10-04T23:47:06.9217344Z     "TASK_043_TASK042_TRUE_DEVICE_AB_CORRECTION_20261004T124000+0700": {
dispatch	Reserve and Dispatch Commands	2026-10-04T23:47:06.9217838Z       "task_id": "TASK_043_TASK042_BENCHMARK_PROVENANCE_AND_TRUE_DEVICE_AB_CORRECTION_ACTIVE",
dispatch	Reserve and Dispatch Commands	2026-10-04T23:47:06.9218275Z       "task_revision": "2026-10-04T12:40:00+07:00",
dispatch	Reserve and Dispatch Commands	2026-10-04T23:47:06.9218550Z       "priority": "CRITICAL",
dispatch	Reserve and Dispatch Commands	2026-10-04T23:47:06.9218780Z       "status": "COMPLETED",
dispatch	Reserve and Dispatch Commands	2026-10-04T23:47:06.9219058Z       "execution_lane": "task042-true-device-ab-correction",
dispatch	Reserve and Dispatch Commands	2026-10-04T23:47:06.9219391Z       "created_at": "2026-10-04T12:40:00+07:00",
dispatch	Reserve and Dispatch Commands	2026-10-04T23:47:06.9219920Z       "anti_duplicate_key": "TASK_043_TASK042_BENCHMARK_PROVENANCE_AND_TRUE_DEVICE_AB_CORRECTION_ACTIVE:2026-10-04T12:40:00+07:00"
dispatch	Reserve and Dispatch Commands	2026-10-04T23:47:06.9220442Z     },
dispatch	Reserve and Dispatch Commands	2026-10-04T23:47:06.9220688Z     "TASK_026_HAIR_V2_FALSE_PASS_CORRECTION_20261003T111000+0700": {
dispatch	Reserve and Dispatch Commands	2026-10-04T23:47:06.9221158Z       "task_id": "TASK_026_HAIR_V2_FALSE_PASS_LEAKAGE_TEXTURE_AND_LIFECYCLE_CORRECTION_ACTIVE",
dispatch	Reserve and Dispatch Commands	2026-10-04T23:47:06.9221584Z       "task_revision": "2026-10-03T11:10:00+07:00",
dispatch	Reserve and Dispatch Commands	2026-10-04T23:47:06.9221863Z       "priority": "CRITICAL",
dispatch	Reserve and Dispatch Commands	2026-10-04T23:47:06.9222097Z       "status": "COMPLETED",
dispatch	Reserve and Dispatch Commands	2026-10-04T23:47:06.9222431Z       "execution_lane": "hair-v2-leakage-texture-lifecycle-correction",
dispatch	Reserve and Dispatch Commands	2026-10-04T23:47:06.9222808Z       "created_at": "2026-10-03T11:10:00+07:00",
dispatch	Reserve and Dispatch Commands	2026-10-04T23:47:06.9223344Z       "anti_duplicate_key": "TASK_026_HAIR_V2_FALSE_PASS_LEAKAGE_TEXTURE_AND_LIFECYCLE_CORRECTION_ACTIVE:2026-10-03T11:10:00+07:00"
dispatch	Reserve and Dispatch Commands	2026-10-04T23:47:06.9223868Z     },
dispatch	Reserve and Dispatch Commands	2026-10-04T23:47:06.9224089Z     "TASK_025_HAIR_V2_CORRECTION_20261003T101000+0700": {
dispatch	Reserve and Dispatch Commands	2026-10-04T23:47:06.9224620Z       "task_id": "TASK_025_HAIR_VISUAL_GROUND_TRUTH_SEGMENTATION_COLOR_REALISM_AND_PHYSICAL_DEVICE_CORRECTION_ACTIVE",
dispatch	Reserve and Dispatch Commands	2026-10-04T23:47:06.9225135Z       "task_revision": "2026-10-03T10:08:49+07:00",
dispatch	Reserve and Dispatch Commands	2026-10-04T23:47:06.9225415Z       "priority": "CRITICAL",
dispatch	Reserve and Dispatch Commands	2026-10-04T23:47:06.9225764Z       "status": "COMPLETED",
dispatch	Reserve and Dispatch Commands	2026-10-04T23:47:06.9226058Z       "execution_lane": "hair-v2-physical-visual-correction",
dispatch	Reserve and Dispatch Commands	2026-10-04T23:47:06.9226398Z       "created_at": "2026-10-03T10:10:00+07:00",
dispatch	Reserve and Dispatch Commands	2026-10-04T23:47:06.9227012Z       "anti_duplicate_key": "TASK_025_HAIR_VISUAL_GROUND_TRUTH_SEGMENTATION_COLOR_REALISM_AND_PHYSICAL_DEVICE_CORRECTION_ACTIVE:2026-10-03T10:08:49+07:00"
dispatch	Reserve and Dispatch Commands	2026-10-04T23:47:06.9227619Z     },
dispatch	Reserve and Dispatch Commands	2026-10-04T23:47:06.9227926Z     "TASK_048_MULTI_AGENT_IMAGE_EFFECT_GRAPH_EVIDENCE_EXPANSION_20261004T160000+0700": {
dispatch	Reserve and Dispatch Commands	2026-10-04T23:47:06.9228442Z       "task_id": "TASK_048_MULTI_AGENT_IMAGE_EFFECT_GRAPH_EVIDENCE_EXPANSION_ACTIVE",
dispatch	Reserve and Dispatch Commands	2026-10-04T23:47:06.9228844Z       "task_revision": "2026-10-04T16:00:00+07:00",
dispatch	Reserve and Dispatch Commands	2026-10-04T23:47:06.9229120Z       "priority": "CRITICAL",
dispatch	Reserve and Dispatch Commands	2026-10-04T23:47:06.9229356Z       "status": "COMPLETED",
dispatch	Reserve and Dispatch Commands	2026-10-04T23:47:06.9229709Z       "execution_lane": "multi-agent-image-effect-graph-evidence-expansion",
dispatch	Reserve and Dispatch Commands	2026-10-04T23:47:06.9230124Z       "created_at": "2026-10-04T15:55:00.000000+07:00",
dispatch	Reserve and Dispatch Commands	2026-10-04T23:47:06.9230643Z       "anti_duplicate_key": "TASK_048_MULTI_AGENT_IMAGE_EFFECT_GRAPH_EVIDENCE_EXPANSION_ACTIVE:2026-10-04T16:00:00+07:00"
dispatch	Reserve and Dispatch Commands	2026-10-04T23:47:06.9231126Z     },
dispatch	Reserve and Dispatch Commands	2026-10-04T23:47:06.9231366Z     "CMD_ACCEPT_002_EVIDENCE_PROVENANCE_20261003T091500+0700": {
dispatch	Reserve and Dispatch Commands	2026-10-04T23:47:06.9231859Z       "task_id": "TASK_021_ACCEPT_INFRA_EVIDENCE_PROVENANCE",
dispatch	Reserve and Dispatch Commands	2026-10-04T23:47:06.9232185Z       "task_revision": "2026-10-03T09:15:00+07:00",
dispatch	Reserve and Dispatch Commands	2026-10-04T23:47:06.9232463Z       "priority": "CRITICAL",
dispatch	Reserve and Dispatch Commands	2026-10-04T23:47:06.9232692Z       "status": "COMPLETED",
dispatch	Reserve and Dispatch Commands	2026-10-04T23:47:06.9233081Z       "execution_lane": "infra-evidence-audit",
dispatch	Reserve and Dispatch Commands	2026-10-04T23:47:06.9252824Z       "created_at": "2026-10-03T09:15:00+07:00",
dispatch	Reserve and Dispatch Commands	2026-10-04T23:47:06.9253335Z       "anti_duplicate_key": "TASK_021_ACCEPT_INFRA_EVIDENCE_PROVENANCE:2026-10-03T09:15:00+07:00"
dispatch	Reserve and Dispatch Commands	2026-10-04T23:47:06.9253768Z     },
dispatch	Reserve and Dispatch Commands	2026-10-04T23:47:06.9254037Z     "CMD_ACCEPT_024_01_RUNNER_POOL_HEALTH_20261003T150000+0700": {
dispatch	Reserve and Dispatch Commands	2026-10-04T23:47:06.9254436Z       "task_id": "TASK_024_ACCEPT_INFRA_RUNNER_POOL_HEALTH",
dispatch	Reserve and Dispatch Commands	2026-10-04T23:47:06.9254782Z       "task_revision": "2026-10-03T15:00:00+07:00",
dispatch	Reserve and Dispatch Commands	2026-10-04T23:47:06.9255077Z       "priority": "CRITICAL",
dispatch	Reserve and Dispatch Commands	2026-10-04T23:47:06.9255323Z       "status": "COMPLETED",
dispatch	Reserve and Dispatch Commands	2026-10-04T23:47:06.9255594Z       "execution_lane": "infra-runner-health",
dispatch	Reserve and Dispatch Commands	2026-10-04T23:47:06.9256073Z       "created_at": "2026-10-03T15:00:00+07:00",
dispatch	Reserve and Dispatch Commands	2026-10-04T23:47:06.9256530Z       "anti_duplicate_key": "TASK_024_ACCEPT_INFRA_RUNNER_POOL_HEALTH:2026-10-03T15:00:00+07:00"
dispatch	Reserve and Dispatch Commands	2026-10-04T23:47:06.9256956Z     },
dispatch	Reserve and Dispatch Commands	2026-10-04T23:47:06.9257218Z     "CMD_ACCEPT_003_DEVICE_CONNECTIVITY_20261003T091500+0700": {
dispatch	Reserve and Dispatch Commands	2026-10-04T23:47:06.9257597Z       "task_id": "TASK_021_ACCEPT_INFRA_DEVICE_CONNECTIVITY",
dispatch	Reserve and Dispatch Commands	2026-10-04T23:47:06.9257933Z       "task_revision": "2026-10-03T09:15:00+07:00",
dispatch	Reserve and Dispatch Commands	2026-10-04T23:47:06.9258221Z       "priority": "CRITICAL",
dispatch	Reserve and Dispatch Commands	2026-10-04T23:47:06.9258463Z       "status": "COMPLETED",
dispatch	Reserve and Dispatch Commands	2026-10-04T23:47:06.9258721Z       "execution_lane": "infra-device-audit",
dispatch	Reserve and Dispatch Commands	2026-10-04T23:47:06.9259012Z       "created_at": "2026-10-03T09:15:00+07:00",
dispatch	Reserve and Dispatch Commands	2026-10-04T23:47:06.9259437Z       "anti_duplicate_key": "TASK_021_ACCEPT_INFRA_DEVICE_CONNECTIVITY:2026-10-03T09:15:00+07:00"
dispatch	Reserve and Dispatch Commands	2026-10-04T23:47:06.9259845Z     },
dispatch	Reserve and Dispatch Commands	2026-10-04T23:47:06.9260143Z     "TASK_053_TASK052A_WORKFLOW_PROVENANCE_CORRECTION_20261004T231132+0700": {
dispatch	Reserve and Dispatch Commands	2026-10-04T23:47:06.9260608Z       "task_id": "TASK_053_TASK052A_PROVENANCE_EVIDENCE_CORRECTION_ACTIVE",
dispatch	Reserve and Dispatch Commands	2026-10-04T23:47:06.9261000Z       "task_revision": "2026-10-04T23:11:32.152000+07:00",
dispatch	Reserve and Dispatch Commands	2026-10-04T23:47:06.9261301Z       "priority": "CRITICAL",
dispatch	Reserve and Dispatch Commands	2026-10-04T23:47:06.9261542Z       "status": "COMPLETED",
dispatch	Reserve and Dispatch Commands	2026-10-04T23:47:06.9261842Z       "execution_lane": "so45-provenance-evidence-correction",
dispatch	Reserve and Dispatch Commands	2026-10-04T23:47:06.9262199Z       "created_at": "2026-10-04T23:11:32.152000+07:00",
dispatch	Reserve and Dispatch Commands	2026-10-04T23:47:06.9262712Z       "anti_duplicate_key": "TASK_053_TASK052A_PROVENANCE_EVIDENCE_CORRECTION_ACTIVE:2026-10-04T23:11:32.152000+07:00"
dispatch	Reserve and Dispatch Commands	2026-10-04T23:47:06.9263196Z     },
dispatch	Reserve and Dispatch Commands	2026-10-04T23:47:06.9263398Z     "TASK_016_EXECUTE_20261002T235400+0700": {
dispatch	Reserve and Dispatch Commands	2026-10-04T23:47:06.9263757Z       "task_id": "TASK_016_FACE_BEAUTY_EAR_BEARD_SPECIALIZED_VISUAL_RETEST",
dispatch	Reserve and Dispatch Commands	2026-10-04T23:47:06.9264133Z       "task_revision": "2026-10-02T23:54:00+07:00",
dispatch	Reserve and Dispatch Commands	2026-10-04T23:47:06.9264418Z       "priority": "CRITICAL",
dispatch	Reserve and Dispatch Commands	2026-10-04T23:47:06.9264673Z       "status": "COMPLETED",
dispatch	Reserve and Dispatch Commands	2026-10-04T23:47:06.9264912Z       "execution_lane": "visual-qa",
dispatch	Reserve and Dispatch Commands	2026-10-04T23:47:06.9265180Z       "created_at": "2026-10-02T23:54:00+07:00",
dispatch	Reserve and Dispatch Commands	2026-10-04T23:47:06.9265780Z       "anti_duplicate_key": "TASK_016_FACE_BEAUTY_EAR_BEARD_SPECIALIZED_VISUAL_RETEST:2026-10-02T23:54:00+07:00"
dispatch	Reserve and Dispatch Commands	2026-10-04T23:47:06.9266254Z     },
dispatch	Reserve and Dispatch Commands	2026-10-04T23:47:06.9266532Z     "TASK_012_REAL_ACTIONS_CONCURRENCY_CORRECTION_20261002T2030+0700": {
dispatch	Reserve and Dispatch Commands	2026-10-04T23:47:06.9267013Z       "task_id": "TASK_012_MULTI_AGENT_REAL_GITHUB_ACTIONS_CONCURRENCY_CORRECTION_ACTIVE",
dispatch	Reserve and Dispatch Commands	2026-10-04T23:47:06.9267437Z       "task_revision": "2026-10-02T20:30:00+07:00",
dispatch	Reserve and Dispatch Commands	2026-10-04T23:47:06.9267720Z       "priority": "CRITICAL",
dispatch	Reserve and Dispatch Commands	2026-10-04T23:47:06.9267958Z       "status": "COMPLETED",
dispatch	Reserve and Dispatch Commands	2026-10-04T23:47:06.9268241Z       "execution_lane": "infra-concurrency-correction",
dispatch	Reserve and Dispatch Commands	2026-10-04T23:47:06.9268563Z       "created_at": "2026-10-02T20:30:00+07:00",
dispatch	Reserve and Dispatch Commands	2026-10-04T23:47:06.9269274Z       "anti_duplicate_key": "TASK_012_MULTI_AGENT_REAL_GITHUB_ACTIONS_CONCURRENCY_CORRECTION_ACTIVE:2026-10-02T20:30:00+07:00"
dispatch	Reserve and Dispatch Commands	2026-10-04T23:47:06.9269794Z     },
dispatch	Reserve and Dispatch Commands	2026-10-04T23:47:06.9270040Z     "TASK_054_SO45_PROVENANCE_CONTINUOUS_20261005T055500+0700": {
dispatch	Reserve and Dispatch Commands	2026-10-04T23:47:06.9270645Z       "task_id": "TASK_054_TASK053_EXECUTION_IDENTITY_STATE_AND_CONTINUOUS_SO45_CORRECTION_ACTIVE",
dispatch	Reserve and Dispatch Commands	2026-10-04T23:47:06.9271105Z       "task_revision": "2026-10-05T05:55:00+07:00",
dispatch	Reserve and Dispatch Commands	2026-10-04T23:47:06.9271387Z       "priority": "CRITICAL",
dispatch	Reserve and Dispatch Commands	2026-10-04T23:47:06.9271617Z       "status": "COMPLETED",
dispatch	Reserve and Dispatch Commands	2026-10-04T23:47:06.9271983Z       "execution_lane": "so45-provenance-correction-and-continuous-max-depth",
dispatch	Reserve and Dispatch Commands	2026-10-04T23:47:06.9272398Z       "created_at": "2026-10-05T05:55:00+07:00",
dispatch	Reserve and Dispatch Commands	2026-10-04T23:47:06.9272955Z       "anti_duplicate_key": "TASK_054_TASK053_EXECUTION_IDENTITY_STATE_AND_CONTINUOUS_SO45_CORRECTION_ACTIVE:2026-10-05T05:55:00+07:00"
dispatch	Reserve and Dispatch Commands	2026-10-04T23:47:06.9273494Z     },
dispatch	Reserve and Dispatch Commands	2026-10-04T23:47:06.9273728Z     "TASK_024_MULTI_AGENT_CORRECTION_20261003T100500+0700": {
dispatch	Reserve and Dispatch Commands	2026-10-04T23:47:06.9274242Z       "task_id": "TASK_024_MULTI_AGENT_3_DISTINCT_RUNNERS_AND_LEGACY_WORKFLOW_DECOMMISSION_CORRECTION_ACTIVE",
dispatch	Reserve and Dispatch Commands	2026-10-04T23:47:06.9274731Z       "task_revision": "2026-10-03T10:01:19+07:00",
dispatch	Reserve and Dispatch Commands	2026-10-04T23:47:06.9275012Z       "priority": "CRITICAL",
dispatch	Reserve and Dispatch Commands	2026-10-04T23:47:06.9275245Z       "status": "COMPLETED",
dispatch	Reserve and Dispatch Commands	2026-10-04T23:47:06.9275521Z       "execution_lane": "infra-multi-agent-correction",
dispatch	Reserve and Dispatch Commands	2026-10-04T23:47:06.9276111Z       "created_at": "2026-10-03T10:05:00+07:00",
dispatch	Reserve and Dispatch Commands	2026-10-04T23:47:06.9276762Z       "anti_duplicate_key": "TASK_024_MULTI_AGENT_3_DISTINCT_RUNNERS_AND_LEGACY_WORKFLOW_DECOMMISSION_CORRECTION_ACTIVE:2026-10-03T10:01:19+07:00"
dispatch	Reserve and Dispatch Commands	2026-10-04T23:47:06.9277341Z     },
dispatch	Reserve and Dispatch Commands	2026-10-04T23:47:06.9277535Z     "TASK_019_EXECUTE_20261003T065000+0700": {
dispatch	Reserve and Dispatch Commands	2026-10-04T23:47:06.9277909Z       "task_id": "TASK_019_FULL_BODY_BEAUTY_REAUDIT_REBUILD_AND_VISUAL_QA_ACTIVE",
dispatch	Reserve and Dispatch Commands	2026-10-04T23:47:06.9278298Z       "task_revision": "2026-10-02T23:43:00+07:00",
dispatch	Reserve and Dispatch Commands	2026-10-04T23:47:06.9278578Z       "priority": "CRITICAL",
dispatch	Reserve and Dispatch Commands	2026-10-04T23:47:06.9278814Z       "status": "COMPLETED",
dispatch	Reserve and Dispatch Commands	2026-10-04T23:47:06.9279053Z       "execution_lane": "body-beauty",
dispatch	Reserve and Dispatch Commands	2026-10-04T23:47:06.9279340Z       "created_at": "2026-10-03T06:51:44.929193+07:00",
dispatch	Reserve and Dispatch Commands	2026-10-04T23:47:06.9279866Z       "anti_duplicate_key": "TASK_019_FULL_BODY_BEAUTY_REAUDIT_REBUILD_AND_VISUAL_QA_ACTIVE:2026-10-02T23:43:00+07:00"
dispatch	Reserve and Dispatch Commands	2026-10-04T23:47:06.9280343Z     },
dispatch	Reserve and Dispatch Commands	2026-10-04T23:47:06.9280613Z     "TASK_044_VENDOR_45_SO_EXHAUSTIVE_NATIVE_AUDIT_20261004T125000+0700": {
dispatch	Reserve and Dispatch Commands	2026-10-04T23:47:06.9281155Z       "task_id": "TASK_044_VENDOR_45_SO_EXHAUSTIVE_NATIVE_RECONSTRUCTION_AND_ALGORITHM_AUDIT_ACTIVE",
dispatch	Reserve and Dispatch Commands	2026-10-04T23:47:06.9281614Z       "task_revision": "2026-10-04T12:50:00+07:00",
dispatch	Reserve and Dispatch Commands	2026-10-04T23:47:06.9281893Z       "priority": "CRITICAL",
dispatch	Reserve and Dispatch Commands	2026-10-04T23:47:06.9282128Z       "status": "COMPLETED",
dispatch	Reserve and Dispatch Commands	2026-10-04T23:47:06.9282430Z       "execution_lane": "vendor-45-so-exhaustive-native-audit",
dispatch	Reserve and Dispatch Commands	2026-10-04T23:47:06.9282783Z       "created_at": "2026-10-04T12:50:00+07:00",
dispatch	Reserve and Dispatch Commands	2026-10-04T23:47:06.9283339Z       "anti_duplicate_key": "TASK_044_VENDOR_45_SO_EXHAUSTIVE_NATIVE_RECONSTRUCTION_AND_ALGORITHM_AUDIT_ACTIVE:2026-10-04T12:50:00+07:00"
dispatch	Reserve and Dispatch Commands	2026-10-04T23:47:06.9283878Z     },
dispatch	Reserve and Dispatch Commands	2026-10-04T23:47:06.9284070Z     "TASK_015_EXECUTE_20261002T223500+0700": {
dispatch	Reserve and Dispatch Commands	2026-10-04T23:47:06.9284424Z       "task_id": "TASK_015_FACE_BEAUTY_EYE_BROW_LANDMARK_CORRECTION",
dispatch	Reserve and Dispatch Commands	2026-10-04T23:47:06.9284775Z       "task_revision": "2026-10-02T22:30:00+07:00",
dispatch	Reserve and Dispatch Commands	2026-10-04T23:47:06.9285052Z       "priority": "CRITICAL",
dispatch	Reserve and Dispatch Commands	2026-10-04T23:47:06.9285283Z       "status": "COMPLETED",
dispatch	Reserve and Dispatch Commands	2026-10-04T23:47:06.9285519Z       "execution_lane": "default",
dispatch	Reserve and Dispatch Commands	2026-10-04T23:47:06.9286060Z       "created_at": "2026-10-02T22:42:41.591601+07:00",
dispatch	Reserve and Dispatch Commands	2026-10-04T23:47:06.9286537Z       "anti_duplicate_key": "TASK_015_FACE_BEAUTY_EYE_BROW_LANDMARK_CORRECTION:2026-10-02T22:30:00+07:00"
dispatch	Reserve and Dispatch Commands	2026-10-04T23:47:06.9286971Z     }
dispatch	Reserve and Dispatch Commands	2026-10-04T23:47:06.9287139Z   }
dispatch	Reserve and Dispatch Commands	2026-10-04T23:47:06.9287459Z }
dispatch	Reserve and Dispatch Commands	2026-10-04T23:47:06.9829231Z [PASS] Lifecycle Invariant Validation
dispatch	Reserve and Dispatch Commands	2026-10-04T23:47:06.9830091Z All command lifecycle invariants satisfied: each command in strictly one directory.
dispatch	Reserve and Dispatch Commands	2026-10-04T23:47:07.4609387Z [main 3932761e5] chore(command-bus): reconcile stale state before dispatch [run 37244920379]
dispatch	Reserve and Dispatch Commands	2026-10-04T23:47:07.4610847Z  1 file changed, 11 insertions(+), 2 deletions(-)
dispatch	Reserve and Dispatch Commands	2026-10-04T23:47:07.8552695Z From https://github.com/netvietsoft/AI-Studio-convert2
dispatch	Reserve and Dispatch Commands	2026-10-04T23:47:07.8553170Z  * branch                main       -> FETCH_HEAD
dispatch	Reserve and Dispatch Commands	2026-10-04T23:47:07.9452133Z Current branch main is up to date.
dispatch	Reserve and Dispatch Commands	2026-10-04T23:47:09.0605266Z To https://github.com/netvietsoft/AI-Studio-convert2
dispatch	Reserve and Dispatch Commands	2026-10-04T23:47:09.0606226Z    a3f805679..3932761e5  main -> main
dispatch	Reserve and Dispatch Commands	2026-10-04T23:47:09.3573303Z [main 75ef9591c] chore(command-bus): reserve 1 command(s) for dispatch [run 37244920379]
dispatch	Reserve and Dispatch Commands	2026-10-04T23:47:09.3574128Z  3 files changed, 28 insertions(+), 14 deletions(-)
dispatch	Reserve and Dispatch Commands	2026-10-04T23:47:09.3574800Z  rename .ai/commands/{pending => reserved}/TASK_056_SO45_CONTINUOUS_DEEP_IMAGE_EFFECT_GRAPH_20261005T063200+0700.json (90%)
dispatch	Reserve and Dispatch Commands	2026-10-04T23:47:09.3575966Z  create mode 100644 .ai/state/tasks/TASK_056_SO45_CONTINUOUS_DEEP_IMAGE_EFFECT_GRAPH_ACTIVE.json
dispatch	Reserve and Dispatch Commands	2026-10-04T23:47:10.3117444Z To https://github.com/netvietsoft/AI-Studio-convert2
dispatch	Reserve and Dispatch Commands	2026-10-04T23:47:10.3117924Z    3932761e5..75ef9591c  main -> main
dispatch	Reserve and Dispatch Commands	2026-10-04T23:48:47.5924335Z [main 70fbccc6c] chore(command-bus): persist dispatch outcome [run 37244920379]
dispatch	Reserve and Dispatch Commands	2026-10-04T23:48:47.5925273Z  3 files changed, 20 insertions(+), 19 deletions(-)
dispatch	Reserve and Dispatch Commands	2026-10-04T23:48:47.5926548Z  rename .ai/commands/{reserved => pending}/TASK_056_SO45_CONTINUOUS_DEEP_IMAGE_EFFECT_GRAPH_20261005T063200+0700.json (90%)
dispatch	Reserve and Dispatch Commands	2026-10-04T23:48:48.0126993Z From https://github.com/netvietsoft/AI-Studio-convert2
dispatch	Reserve and Dispatch Commands	2026-10-04T23:48:48.0127788Z  * branch                main       -> FETCH_HEAD
dispatch	Reserve and Dispatch Commands	2026-10-04T23:48:48.1551297Z Current branch main is up to date.
dispatch	Reserve and Dispatch Commands	2026-10-04T23:48:49.1570684Z To https://github.com/netvietsoft/AI-Studio-convert2
dispatch	Reserve and Dispatch Commands	2026-10-04T23:48:49.1571339Z    75ef9591c..70fbccc6c  main -> main
dispatch	Reserve and Dispatch Commands	2026-10-04T23:48:49.1611865Z Traceback (most recent call last):
dispatch	Reserve and Dispatch Commands	2026-10-04T23:48:49.1613214Z [DISPATCH] Triggering worker for TASK_056_SO45_CONTINUOUS_DEEP_IMAGE_EFFECT_GRAPH_20261005T063200+0700 (lane=so45-continuous-deep-image-effect-graph, reservation_token=02177e98...)...
dispatch	Reserve and Dispatch Commands	2026-10-04T23:48:49.1622853Z   File "/home/runner/work/AI-Studio-convert2/AI-Studio-convert2/scripts/command_bus_orchestrator.py", line 1964, in <module>
dispatch	Reserve and Dispatch Commands	2026-10-04T23:48:49.1624264Z [DISPATCH_ERROR] TASK_056_SO45_CONTINUOUS_DEEP_IMAGE_EFFECT_GRAPH_20261005T063200+0700: Worker ACK timeout after workflow_dispatch: no durable lease/execution_identity CLAIM observed within 90s
dispatch	Reserve and Dispatch Commands	2026-10-04T23:48:49.1625093Z     main()
dispatch	Reserve and Dispatch Commands	2026-10-04T23:48:49.1669832Z   File "/home/runner/work/AI-Studio-convert2/AI-Studio-convert2/scripts/command_bus_orchestrator.py", line 1877, in main
dispatch	Reserve and Dispatch Commands	2026-10-04T23:48:49.1672714Z     disp = orch.dispatch_commands(
dispatch	Reserve and Dispatch Commands	2026-10-04T23:48:49.1673114Z            ^^^^^^^^^^^^^^^^^^^^^^^
dispatch	Reserve and Dispatch Commands	2026-10-04T23:48:49.1673853Z   File "/home/runner/work/AI-Studio-convert2/AI-Studio-convert2/scripts/command_bus_orchestrator.py", line 1575, in dispatch_commands
dispatch	Reserve and Dispatch Commands	2026-10-04T23:48:49.1675717Z     raise RuntimeError(
dispatch	Reserve and Dispatch Commands	2026-10-04T23:48:49.1676546Z RuntimeError: Worker dispatch failed for 1/1 reserved command(s); failed commands were returned to pending.
dispatch	Reserve and Dispatch Commands	2026-10-04T23:48:49.1764079Z ##[error]Process completed with exit code 1.
dispatch	Post Checkout repository	﻿2026-10-04T23:48:49.1914469Z Post job cleanup.
dispatch	Post Checkout repository	2026-10-04T23:48:49.2846685Z [command]/usr/bin/git version
dispatch	Post Checkout repository	2026-10-04T23:48:49.2886073Z git version 2.55.0
dispatch	Post Checkout repository	2026-10-04T23:48:49.2927584Z Temporarily overriding HOME='/home/runner/work/_temp/5b90fbad-20ab-4757-a113-995d9344af41' before making global git config changes
dispatch	Post Checkout repository	2026-10-04T23:48:49.2928988Z Adding repository directory to the temporary git global config as a safe directory
dispatch	Post Checkout repository	2026-10-04T23:48:49.2934611Z [command]/usr/bin/git config --global --add safe.directory /home/runner/work/AI-Studio-convert2/AI-Studio-convert2
dispatch	Post Checkout repository	2026-10-04T23:48:49.2982295Z [command]/usr/bin/git config --local --name-only --get-regexp core\.sshCommand
dispatch	Post Checkout repository	2026-10-04T23:48:49.3031248Z [command]/usr/bin/git submodule foreach --recursive sh -c "git config --local --name-only --get-regexp 'core\.sshCommand' && git config --local --unset-all 'core.sshCommand' || :"
dispatch	Post Checkout repository	2026-10-04T23:48:49.3396899Z [command]/usr/bin/git config --local --name-only --get-regexp http\.https\:\/\/github\.com\/\.extraheader
dispatch	Post Checkout repository	2026-10-04T23:48:49.3427077Z http.https://github.com/.extraheader
dispatch	Post Checkout repository	2026-10-04T23:48:49.3440046Z [command]/usr/bin/git config --local --unset-all http.https://github.com/.extraheader
dispatch	Post Checkout repository	2026-10-04T23:48:49.3490407Z [command]/usr/bin/git submodule foreach --recursive sh -c "git config --local --name-only --get-regexp 'http\.https\:\/\/github\.com\/\.extraheader' && git config --local --unset-all 'http.https://github.com/.extraheader' || :"
dispatch	Post Checkout repository	2026-10-04T23:48:49.3841880Z [command]/usr/bin/git config --local --name-only --get-regexp ^includeIf\.gitdir:
dispatch	Post Checkout repository	2026-10-04T23:48:49.3887490Z [command]/usr/bin/git submodule foreach --recursive git config --local --show-origin --name-only --get-regexp remote.origin.url
dispatch	Complete job	﻿2026-10-04T23:48:49.4378473Z Cleaning up orphan processes
dispatch	Complete job	2026-10-04T23:48:49.4679978Z ##[warning]Node.js 20 is deprecated. The following actions target Node.js 20 but are being forced to run on Node.js 24: actions/checkout@v4, actions/setup-python@v5. For more information see: https://github.blog/changelog/2025-09-19-deprecation-of-node-20-on-github-actions-runners/
