app_slug,asset_category,asset_name,size_bytes,sha256,functional_role,evidence_status,source_path
wink,NEURAL_MODEL,sparse_to_dense.bin,13587088,49beacc3ea67ddfbf8b88957a13d1065ecff203fbf82ca55fe41c6b2be6805b4,Neural network model weights/topology,OBSERVED_ON_DISK,Wink\Wink_3.16.5.apks/base.apk/assets/MTAurora.bundle/sparse_to_dense.bin
wink,NEURAL_MODEL,snoopy_rt.bin,112878,e04622860e271cf06341bdc12141f5d8f26e109d086fcb188da5d22292cbc163,Neural network model weights/topology,OBSERVED_ON_DISK,Wink\Wink_3.16.5.apks/base.apk/assets/vlaimodel/InceptionBeautyModel/skinbalance/manis/snoopy_rt.bin
wink,NEURAL_MODEL,mtface_fa_heavy.bin,1804282,51d0ee01132ea5d379622badddbb96c6f30b0d30e0bf06b3eb0e7cc571aed211,Neural network model weights/topology,OBSERVED_ON_DISK,Wink\Wink_3.16.5.apks/base.apk/assets/vlaimodel/libmtface/models/mtface_fa_heavy.bin
wink,NEURAL_MODEL,mtface_fa_medium.bin,2396980,318aa897e48e07bf46c38d63de24e6509bc18ced2d12a33744bc6f53e371f028,Neural network model weights/topology,OBSERVED_ON_DISK,Wink\Wink_3.16.5.apks/base.apk/assets/vlaimodel/libmtface/models/mtface_fa_medium.bin
wink,NEURAL_MODEL,mtface_face_quality.bin,63250,987f52c080fa6c629bccf7ac5ce70dad69e50047e00fb8c0dd7ca04bbe5ff2c4,Neural network model weights/topology,OBSERVED_ON_DISK,Wink\Wink_3.16.5.apks/base.apk/assets/vlaimodel/libmtface/models/mtface_face_quality.bin
wink,NEURAL_MODEL,mtface_fd.bin,1819228,9d390436dc6a2b5753240ebc2db190c0703ff223dce839c411f4a6dc1ea0eb1a,Neural network model weights/topology,OBSERVED_ON_DISK,Wink\Wink_3.16.5.apks/base.apk/assets/vlaimodel/libmtface/models/mtface_fd.bin
wink,NEURAL_MODEL,mtface_fr.bin,2048858,746aa2382bc3799ae441e92eed90b52fb279cf268b4ba977fefe028073c90048,Neural network model weights/topology,OBSERVED_ON_DISK,Wink\Wink_3.16.5.apks/base.apk/assets/vlaimodel/libmtface/models/mtface_fr.bin
wink,NEURAL_MODEL,mtface_gender.bin,228126,dec0ea541f77b948cc50b8683aa02a90be99023ed633549c7492da8d640a4987,Neural network model weights/topology,OBSERVED_ON_DISK,Wink\Wink_3.16.5.apks/base.apk/assets/vlaimodel/libmtface/models/mtface_gender.bin
wink,NEURAL_MODEL,mtface_head.bin,347992,bf3b35d878e9b04076f5b12c59f46dafdc555055c4a12846f12d8fcfd5f9a8f8,Neural network model weights/topology,OBSERVED_ON_DISK,Wink\Wink_3.16.5.apks/base.apk/assets/vlaimodel/libmtface/models/mtface_head.bin
wink,NEURAL_MODEL,mtface_occlusion.bin,168246,02680827cecb3d6f20e00668710f999b70e0c559532a7be6ca0173e060799eb8,Neural network model weights/topology,OBSERVED_ON_DISK,Wink\Wink_3.16.5.apks/base.apk/assets/vlaimodel/libmtface/models/mtface_occlusion.bin
wink,NEURAL_MODEL,mtface_parsing.bin,584286,b5c17a63430e4b6703729c87868d8a5a8fec92d5f530532dded27a6c1e9e3ee3,Neural network model weights/topology,OBSERVED_ON_DISK,Wink\Wink_3.16.5.apks/base.apk/assets/vlaimodel/libmtface/models/mtface_parsing.bin
wink,NEURAL_MODEL,mtface_refine_eyes.bin,1085576,09ede6469769022ffbaeb3a983ff1d0a52352e02db4323bd6a853b461b6f2598,Neural network model weights/topology,OBSERVED_ON_DISK,Wink\Wink_3.16.5.apks/base.apk/assets/vlaimodel/libmtface/models/mtface_refine_eyes.bin
wink,NEURAL_MODEL,mtface_refine_mouth.bin,1188954,d70aa2eda6a9e6b7dbe655a4916fc82d89f485aa709fa010718ac2af1f92f62e,Neural network model weights/topology,OBSERVED_ON_DISK,Wink\Wink_3.16.5.apks/base.apk/assets/vlaimodel/libmtface/models/mtface_refine_mouth.bin
wink,SHADER_OR_LUT,3dLut.fs,2679,9e9c5f2798067b642fefb8462f2455874b10d0d2dcc7867400235308fcda2839,GPU shader or color transformation lookup,OBSERVED_ON_DISK,Wink\Wink_3.16.5.apks/base.apk/assets/ARKernel3Builtin/3XShaders/3dLut.fs
wink,SHADER_OR_LUT,3dLut.vs,179,afb7f7b9a85e0d534dc63776bc594420a64acd795222650e1603f7607c086d60,GPU shader or color transformation lookup,OBSERVED_ON_DISK,Wink\Wink_3.16.5.apks/base.apk/assets/ARKernel3Builtin/3XShaders/3dLut.vs
wink,SHADER_OR_LUT,2DDoodle.fs,2286,6f10d18a2e4d36919ed056e8dd9277e2dde04422cfdf86dc981031262aab38d2,GPU shader or color transformation lookup,OBSERVED_ON_DISK,Wink\Wink_3.16.5.apks/base.apk/assets/ARKernel3Builtin/Shaders/2DDoodle.fs
wink,SHADER_OR_LUT,2DDoodle.vs,2391,376679e3ff9009d39481da5d6b1db7a2c44ef59ce1d23ef307c186b508f6a1c2,GPU shader or color transformation lookup,OBSERVED_ON_DISK,Wink\Wink_3.16.5.apks/base.apk/assets/ARKernel3Builtin/Shaders/2DDoodle.vs
wink,SHADER_OR_LUT,2DGiphyWorld.fs,649,8a21b473c6c2588ea94e6363578a76c7056daa3e84179c397dfc44d6b848242f,GPU shader or color transformation lookup,OBSERVED_ON_DISK,Wink\Wink_3.16.5.apks/base.apk/assets/ARKernel3Builtin/Shaders/2DGiphyWorld.fs
wink,SHADER_OR_LUT,2DGiphyWorld.vs,1250,ec3240ae6fe61b0a5439f648b3e9f8a950fe023720067afd5f89171ccd840c44,GPU shader or color transformation lookup,OBSERVED_ON_DISK,Wink\Wink_3.16.5.apks/base.apk/assets/ARKernel3Builtin/Shaders/2DGiphyWorld.vs
wink,SHADER_OR_LUT,MT3DLip_material.fs,18563,7cbcc07170ab9c96ea6fda52a741d462035c76457134f58517b5e4b8df9b36be,GPU shader or color transformation lookup,OBSERVED_ON_DISK,Wink\Wink_3.16.5.apks/base.apk/assets/ARKernel3Builtin/Shaders/3DLip/MT3DLip_material.fs
wink,SHADER_OR_LUT,MT3DLip_material.vs,347,8b39e1141329977aad5245b824d943685f8d62fee9278deec88bf2e9757f1b23,GPU shader or color transformation lookup,OBSERVED_ON_DISK,Wink\Wink_3.16.5.apks/base.apk/assets/ARKernel3Builtin/Shaders/3DLip/MT3DLip_material.vs
wink,SHADER_OR_LUT,copy.fs,458,06c0561693836a0119da389ff5d563ec5441d956d9f8d21f46cf6889ba88cb3f,GPU shader or color transformation lookup,OBSERVED_ON_DISK,Wink\Wink_3.16.5.apks/base.apk/assets/ARKernel3Builtin/Shaders/3DLip/copy.fs
wink,SHADER_OR_LUT,copy.vs,264,99894e4a26bcd3f8ee6bfff1bb4fca44a98a7fdee7d1aeeb58d2c9b230a7d693,GPU shader or color transformation lookup,OBSERVED_ON_DISK,Wink\Wink_3.16.5.apks/base.apk/assets/ARKernel3Builtin/Shaders/3DLip/copy.vs
wink,SHADER_OR_LUT,debug.fs,389,608181865ab7ac466a09e992a65dd8f66fc30ebe277c7c3c1b62e1d656f9dfd9,GPU shader or color transformation lookup,OBSERVED_ON_DISK,Wink\Wink_3.16.5.apks/base.apk/assets/ARKernel3Builtin/Shaders/3DLip/debug.fs
wink,SHADER_OR_LUT,debug.vs,97,ac60ed16d06cd75f44522b60c6694ab3b878d4ceee4cf411d2270fc7339fe5d6,GPU shader or color transformation lookup,OBSERVED_ON_DISK,Wink\Wink_3.16.5.apks/base.apk/assets/ARKernel3Builtin/Shaders/3DLip/debug.vs
wink,SHADER_OR_LUT,MTFilter_ARKFIDFullFace.fs,666,007bd91bb0bf8cd84392c85544ef10d84904018e54af03f614404b791f53c9d4,GPU shader or color transformation lookup,OBSERVED_ON_DISK,Wink\Wink_3.16.5.apks/base.apk/assets/ARKernel3Builtin/Shaders/ARKitFaceID/MTFilter_ARKFIDFullFace.fs
wink,SHADER_OR_LUT,MTFilter_ARKFIDFullFace.vs,446,a8db815c230e60e4ea1c3b0aca7d42e30efdbe842b7b8fd5528069ff64c1565a,GPU shader or color transformation lookup,OBSERVED_ON_DISK,Wink\Wink_3.16.5.apks/base.apk/assets/ARKernel3Builtin/Shaders/ARKitFaceID/MTFilter_ARKFIDFullFace.vs
wink,SHADER_OR_LUT,MTFilter_AlphaBlen.fs,1481,74c9526c265bd28afff94a322a45c9b08f613a3fc4246bb59bdbc29eb357037c,GPU shader or color transformation lookup,OBSERVED_ON_DISK,Wink\Wink_3.16.5.apks/base.apk/assets/ARKernel3Builtin/Shaders/Anatta/FaceAdjustment/MTFilter_AlphaBlen.fs
wink,SHADER_OR_LUT,MTFilter_AlphaBlen.vs,211,4bab0fd833d67f58a1fe0bdaacc7af4f6196ca00180ca0343726f0bd9da0cc35,GPU shader or color transformation lookup,OBSERVED_ON_DISK,Wink\Wink_3.16.5.apks/base.apk/assets/ARKernel3Builtin/Shaders/Anatta/FaceAdjustment/MTFilter_AlphaBlen.vs
wink,SHADER_OR_LUT,MTFilter_Blur.fs,985,457c55e9e0f842ab161581ce293d2c405b1094885ece8d3383e087e6199978bc,GPU shader or color transformation lookup,OBSERVED_ON_DISK,Wink\Wink_3.16.5.apks/base.apk/assets/ARKernel3Builtin/Shaders/Anatta/FaceAdjustment/MTFilter_Blur.fs
wink,SHADER_OR_LUT,MTFilter_Blur.vs,1020,c1a0824dec4e5b538936d1af2955450f3c55ce966fa7722f5b66f850210d7f1f,GPU shader or color transformation lookup,OBSERVED_ON_DISK,Wink\Wink_3.16.5.apks/base.apk/assets/ARKernel3Builtin/Shaders/Anatta/FaceAdjustment/MTFilter_Blur.vs
wink,SHADER_OR_LUT,MTFilter_FacialBeautification.fs,3200,45b66bb454511d7054c4c6f3554214382534cadd8d94309db8aa09bcf4c1d35e,GPU shader or color transformation lookup,OBSERVED_ON_DISK,Wink\Wink_3.16.5.apks/base.apk/assets/ARKernel3Builtin/Shaders/Anatta/FaceAdjustment/MTFilter_FacialBeautification.fs
wink,SHADER_OR_LUT,MTFilter_FacialBeautification.vs,481,c6d25e1e0f4f8bf06ae5c6166c0de047e28c67cbbd651db81fc0d40125b26e70,GPU shader or color transformation lookup,OBSERVED_ON_DISK,Wink\Wink_3.16.5.apks/base.apk/assets/ARKernel3Builtin/Shaders/Anatta/FaceAdjustment/MTFilter_FacialBeautification.vs
wink,SHADER_OR_LUT,MTFilter_GridBase.fs,1041,f6b699d0d1a9c896fbcccb79f4d9f26c17b24449e4bec919cf76f03f40233179,GPU shader or color transformation lookup,OBSERVED_ON_DISK,Wink\Wink_3.16.5.apks/base.apk/assets/ARKernel3Builtin/Shaders/Anatta/FaceAdjustment/MTFilter_GridBase.fs
wink,SHADER_OR_LUT,MTFilter_GridBase.vs,378,81e2c432820d48d1f15c133b923a5112a4a3d83cdfa9de894905fd585fd2056a,GPU shader or color transformation lookup,OBSERVED_ON_DISK,Wink\Wink_3.16.5.apks/base.apk/assets/ARKernel3Builtin/Shaders/Anatta/FaceAdjustment/MTFilter_GridBase.vs
wink,SHADER_OR_LUT,MTFilter_MaskRender.fs,901,74c71837cb1e7078b26fb1b12c794f5e0444b2f9710d4c8a0524f10c25f44282,GPU shader or color transformation lookup,OBSERVED_ON_DISK,Wink\Wink_3.16.5.apks/base.apk/assets/ARKernel3Builtin/Shaders/Anatta/FaceAdjustment/MTFilter_MaskRender.fs
wink,SHADER_OR_LUT,MTFilter_MaskRender.vs,265,5380a2f117cf3b4b007e2fc6e6e81369cf6a9f46cf128e772e22802db62be13d,GPU shader or color transformation lookup,OBSERVED_ON_DISK,Wink\Wink_3.16.5.apks/base.apk/assets/ARKernel3Builtin/Shaders/Anatta/FaceAdjustment/MTFilter_MaskRender.vs
wink,SHADER_OR_LUT,MTFilter_Offestfusion.fs,1136,b5e55f3121f441b2f603db86b24385b880805f8f3c3865ada0c59ee22b750671,GPU shader or color transformation lookup,OBSERVED_ON_DISK,Wink\Wink_3.16.5.apks/base.apk/assets/ARKernel3Builtin/Shaders/Anatta/FaceAdjustment/MTFilter_Offestfusion.fs
wink,SHADER_OR_LUT,MTFilter_Offestfusion.vs,333,7feaaff5188dc510505354696cae9fbe8a6bd95a2da12ed625f982c32a45b793,GPU shader or color transformation lookup,OBSERVED_ON_DISK,Wink\Wink_3.16.5.apks/base.apk/assets/ARKernel3Builtin/Shaders/Anatta/FaceAdjustment/MTFilter_Offestfusion.vs
wink,SHADER_OR_LUT,MTFilter_OffsetRender.fs,5840,c41e9b428427ffb1adf102060befe6f1cec8f939c20c3625fc61c0c252792d2a,GPU shader or color transformation lookup,OBSERVED_ON_DISK,Wink\Wink_3.16.5.apks/base.apk/assets/ARKernel3Builtin/Shaders/Anatta/FaceAdjustment/MTFilter_OffsetRender.fs
wink,SHADER_OR_LUT,MTFilter_OffsetRender.vs,1061,ffa5a3b873ca69c41bf7ba467254dd6a43cb62b1556265d1b57755f5bc83790c,GPU shader or color transformation lookup,OBSERVED_ON_DISK,Wink\Wink_3.16.5.apks/base.apk/assets/ARKernel3Builtin/Shaders/Anatta/FaceAdjustment/MTFilter_OffsetRender.vs
wink,SHADER_OR_LUT,MTFilter_OffsetRenderMask.fs,1156,52f08d6cdd5c09faf5fd82a31c7696e830113f4e1ccec09835b3aa7619827b22,GPU shader or color transformation lookup,OBSERVED_ON_DISK,Wink\Wink_3.16.5.apks/base.apk/assets/ARKernel3Builtin/Shaders/Anatta/FaceAdjustment/MTFilter_OffsetRenderMask.fs
wink,SHADER_OR_LUT,MTFilter_OffsetRenderMask.vs,349,85231e560cc25882df367f9d8ec8a8883efc13be46ec62f1ffedb3017b9c3953,GPU shader or color transformation lookup,OBSERVED_ON_DISK,Wink\Wink_3.16.5.apks/base.apk/assets/ARKernel3Builtin/Shaders/Anatta/FaceAdjustment/MTFilter_OffsetRenderMask.vs
wink,SHADER_OR_LUT,MTFilter_OffsetRenderV2.fs,2940,003e70934b2276e786b4924ac7274db171cb151495f112eba8ab424cd51973ed,GPU shader or color transformation lookup,OBSERVED_ON_DISK,Wink\Wink_3.16.5.apks/base.apk/assets/ARKernel3Builtin/Shaders/Anatta/FaceAdjustment/MTFilter_OffsetRenderV2.fs
wink,SHADER_OR_LUT,MTFilter_OffsetRenderV2.vs,214,18c93ce3498035fa49a20973321535d16c90a8b308cc40792ebf2020d474ce57,GPU shader or color transformation lookup,OBSERVED_ON_DISK,Wink\Wink_3.16.5.apks/base.apk/assets/ARKernel3Builtin/Shaders/Anatta/FaceAdjustment/MTFilter_OffsetRenderV2.vs
wink,SHADER_OR_LUT,MTFilter_WarpAnatta.fs,1468,556e5eb5fc81db031696396ad67d0725de5570ed1e0f7cad5086da8c8dbc9343,GPU shader or color transformation lookup,OBSERVED_ON_DISK,Wink\Wink_3.16.5.apks/base.apk/assets/ARKernel3Builtin/Shaders/Anatta/FaceAdjustment/MTFilter_WarpAnatta.fs
wink,SHADER_OR_LUT,MTFilter_WarpAnatta.vs,412,e3bed5b225117eedbdce9e2d9d87812639cc41be8697c85033cd266c4f927c3f,GPU shader or color transformation lookup,OBSERVED_ON_DISK,Wink\Wink_3.16.5.apks/base.apk/assets/ARKernel3Builtin/Shaders/Anatta/FaceAdjustment/MTFilter_WarpAnatta.vs
wink,SHADER_OR_LUT,MTFilter_BrightEyeAnatta.fs,1271,3b2056a14034ffdd8c0aca5ed6e74f6678806a1ee87247910605aab245e49531,GPU shader or color transformation lookup,OBSERVED_ON_DISK,Wink\Wink_3.16.5.apks/base.apk/assets/ARKernel3Builtin/Shaders/Anatta/MTFilter_BrightEyeAnatta.fs
wink,SHADER_OR_LUT,MTFilter_BrightEyeAnatta.vs,291,091e124e3e034eec4099bd2b5a6a8d77cede5c6703d16b9e37f21961ff9b686b,GPU shader or color transformation lookup,OBSERVED_ON_DISK,Wink\Wink_3.16.5.apks/base.apk/assets/ARKernel3Builtin/Shaders/Anatta/MTFilter_BrightEyeAnatta.vs
wink,SHADER_OR_LUT,MTFilter_RemovePouchAnatta.fs,1847,3dfc4ea63c1665f3b6aa006c72f6423f4348d340f721ffe9e2331c0037c2ca20,GPU shader or color transformation lookup,OBSERVED_ON_DISK,Wink\Wink_3.16.5.apks/base.apk/assets/ARKernel3Builtin/Shaders/Anatta/MTFilter_RemovePouchAnatta.fs
wink,SHADER_OR_LUT,MTFilter_RemovePouchAnatta.vs,291,091e124e3e034eec4099bd2b5a6a8d77cede5c6703d16b9e37f21961ff9b686b,GPU shader or color transformation lookup,OBSERVED_ON_DISK,Wink\Wink_3.16.5.apks/base.apk/assets/ARKernel3Builtin/Shaders/Anatta/MTFilter_RemovePouchAnatta.vs
wink,SHADER_OR_LUT,MTFilter_WhiteTeethAnatta.fs,1491,e6b61c70129d3f6376b85d671978a037978a4897881480245e9521657d013d8f,GPU shader or color transformation lookup,OBSERVED_ON_DISK,Wink\Wink_3.16.5.apks/base.apk/assets/ARKernel3Builtin/Shaders/Anatta/MTFilter_WhiteTeethAnatta.fs
wink,SHADER_OR_LUT,MTFilter_WhiteTeethAnatta.vs,291,091e124e3e034eec4099bd2b5a6a8d77cede5c6703d16b9e37f21961ff9b686b,GPU shader or color transformation lookup,OBSERVED_ON_DISK,Wink\Wink_3.16.5.apks/base.apk/assets/ARKernel3Builtin/Shaders/Anatta/MTFilter_WhiteTeethAnatta.vs
wink,SHADER_OR_LUT,lines.fs,254,347d5e7c29de98756ff98c882c5f3be017cb1abfe8a324ad15d1fccfd0add9fe,GPU shader or color transformation lookup,OBSERVED_ON_DISK,Wink\Wink_3.16.5.apks/base.apk/assets/ARKernel3Builtin/Shaders/BRDF/lines.fs
wink,SHADER_OR_LUT,lines.vs,424,69ee3e2d178da8e366101d3d268f11395270413f19a1aee403f83f039cd13ae9,GPU shader or color transformation lookup,OBSERVED_ON_DISK,Wink\Wink_3.16.5.apks/base.apk/assets/ARKernel3Builtin/Shaders/BRDF/lines.vs
wink,SHADER_OR_LUT,pbr.fs,12260,d6635c4388ba83d66bb6cc1c17ee67e9d5a8178cd55e4665664bea04f41a0d32,GPU shader or color transformation lookup,OBSERVED_ON_DISK,Wink\Wink_3.16.5.apks/base.apk/assets/ARKernel3Builtin/Shaders/BRDF/pbr.fs
wink,SHADER_OR_LUT,pbr.vs,1846,d2b9c13f4c8bbb275d10b6bb4f5cd4ffc647086c49fab01662066b4afc58d13e,GPU shader or color transformation lookup,OBSERVED_ON_DISK,Wink\Wink_3.16.5.apks/base.apk/assets/ARKernel3Builtin/Shaders/BRDF/pbr.vs
wink,SHADER_OR_LUT,pbr_instancing.fs,6912,18385a37db675505fcff2f7430ed3eaa5e153dfc0cebfec9b6ad3888bd47a18d,GPU shader or color transformation lookup,OBSERVED_ON_DISK,Wink\Wink_3.16.5.apks/base.apk/assets/ARKernel3Builtin/Shaders/BRDF/pbr_instancing.fs
wink,SHADER_OR_LUT,pbr_instancing.vs,1584,43ce52b60e12d6cb1f881c7e2ae2ca86f72c3e6ca16ca4ea2d52a3f26f751b27,GPU shader or color transformation lookup,OBSERVED_ON_DISK,Wink\Wink_3.16.5.apks/base.apk/assets/ARKernel3Builtin/Shaders/BRDF/pbr_instancing.vs
wink,SHADER_OR_LUT,transparent.fs,6801,00424e54f7c945d21e32e223ee532f43f3137d02ab04d6b8bd3e8109f4013d0c,GPU shader or color transformation lookup,OBSERVED_ON_DISK,Wink\Wink_3.16.5.apks/base.apk/assets/ARKernel3Builtin/Shaders/BRDF/transparent.fs
wink,SHADER_OR_LUT,triangle.fs,2115,25b4feee7587223feea9b9a690790427e3104a8931502a611470327dd00ac885,GPU shader or color transformation lookup,OBSERVED_ON_DISK,Wink\Wink_3.16.5.apks/base.apk/assets/ARKernel3Builtin/Shaders/BRDF/triangle.fs
wink,SHADER_OR_LUT,triangle.vs,506,a2182bba62e6ce2b10793de55da86e7235d59aee7381fbca4b3da60ed8563740,GPU shader or color transformation lookup,OBSERVED_ON_DISK,Wink\Wink_3.16.5.apks/base.apk/assets/ARKernel3Builtin/Shaders/BRDF/triangle.vs
wink,SHADER_OR_LUT,MTFilter_Base3D.vs,200,13854974b7ca50dacf88cbc78d1ce7fd14e17ea91cb29cc09a17fc3526a60285,GPU shader or color transformation lookup,OBSERVED_ON_DISK,Wink\Wink_3.16.5.apks/base.apk/assets/ARKernel3Builtin/Shaders/Blend/MTFilter_Base3D.vs
wink,SHADER_OR_LUT,MTFilter_Base3DIntensity.fs,661,9587dec019c4144d3e35c5bb356cc3f4bfdccf4ef12b2f35490d5d8115dd4ab8,GPU shader or color transformation lookup,OBSERVED_ON_DISK,Wink\Wink_3.16.5.apks/base.apk/assets/ARKernel3Builtin/Shaders/Blend/MTFilter_Base3DIntensity.fs
wink,SHADER_OR_LUT,MTFilter_Base3DNormal.fs,497,89db935f92c5d2b6af7dd5ed759a632f71dd3178793fc18d15d39dcfe69a76f3,GPU shader or color transformation lookup,OBSERVED_ON_DISK,Wink\Wink_3.16.5.apks/base.apk/assets/ARKernel3Builtin/Shaders/Blend/MTFilter_Base3DNormal.fs
wink,SHADER_OR_LUT,MTFilter_Base3DOverlay.fs,724,08a637788bfa2a94a8c75f2dc2ce16935e0ea491f3c4d41c2df549ac3692e566,GPU shader or color transformation lookup,OBSERVED_ON_DISK,Wink\Wink_3.16.5.apks/base.apk/assets/ARKernel3Builtin/Shaders/Blend/MTFilter_Base3DOverlay.fs
wink,SHADER_OR_LUT,MTFilter_BaseTexture.fs,352,b7eff6deb711a837d0dccddb9b82f5e3ab940603acdd6675ca6fc855e10592b2,GPU shader or color transformation lookup,OBSERVED_ON_DISK,Wink\Wink_3.16.5.apks/base.apk/assets/ARKernel3Builtin/Shaders/Blend/MTFilter_BaseTexture.fs
wink,SHADER_OR_LUT,MTFilter_BaseTexture.vs,199,59a18835439cca59f73cb4e620c2c739855782a6d2a544c36c85940e37f17544,GPU shader or color transformation lookup,OBSERVED_ON_DISK,Wink\Wink_3.16.5.apks/base.apk/assets/ARKernel3Builtin/Shaders/Blend/MTFilter_BaseTexture.vs
wink,SHADER_OR_LUT,MTFilter_Blend3DLipstick.fs,14619,e238b57e84d65ebcdf42eede7bc8fdea75d94f6e0d743123ed3715e88e19429d,GPU shader or color transformation lookup,OBSERVED_ON_DISK,Wink\Wink_3.16.5.apks/base.apk/assets/ARKernel3Builtin/Shaders/Blend/MTFilter_Blend3DLipstick.fs
wink,SHADER_OR_LUT,MTFilter_BlendColor.fs,7391,16ff72562bbb86c7c49f7b6fd09128841d1aeedb40357aa4dfcde12dbb13bd75,GPU shader or color transformation lookup,OBSERVED_ON_DISK,Wink\Wink_3.16.5.apks/base.apk/assets/ARKernel3Builtin/Shaders/Blend/MTFilter_BlendColor.fs
wink,SHADER_OR_LUT,MTFilter_BlendCommon.vs,2122,b6cc9a3f5a6444eb3457a5e1194a3543dfbc21a11d38e9d20f0aad90122c6172,GPU shader or color transformation lookup,OBSERVED_ON_DISK,Wink\Wink_3.16.5.apks/base.apk/assets/ARKernel3Builtin/Shaders/Blend/MTFilter_BlendCommon.vs
wink,SHADER_OR_LUT,MTFilter_BlendGLBlendFunc.fs,6389,6400d07e7b0bea2c36771824bf9e570f064b2edb5d15395932a62a4a65616972,GPU shader or color transformation lookup,OBSERVED_ON_DISK,Wink\Wink_3.16.5.apks/base.apk/assets/ARKernel3Builtin/Shaders/Blend/MTFilter_BlendGLBlendFunc.fs
wink,SHADER_OR_LUT,MTFilter_BlendGLBlendFuncPS.fs,7212,94a0c02eda3a2f205fb42104c36f4ed165b4242ea997917819bd7250f37fa389,GPU shader or color transformation lookup,OBSERVED_ON_DISK,Wink\Wink_3.16.5.apks/base.apk/assets/ARKernel3Builtin/Shaders/Blend/MTFilter_BlendGLBlendFuncPS.fs
wink,SHADER_OR_LUT,MTFilter_BlendIntensity.fs,2013,0d75e0428cde23fab91f3e671ec1f6342aba865bbfa7ac3d2ed6c9579f7b4392,GPU shader or color transformation lookup,OBSERVED_ON_DISK,Wink\Wink_3.16.5.apks/base.apk/assets/ARKernel3Builtin/Shaders/Blend/MTFilter_BlendIntensity.fs
wink,SHADER_OR_LUT,MTFilter_BlendLipstick.fs,2598,484cb3906347090f5a3df98d773563de91a6a4098d9633020acbbc7af2fe0bf5,GPU shader or color transformation lookup,OBSERVED_ON_DISK,Wink\Wink_3.16.5.apks/base.apk/assets/ARKernel3Builtin/Shaders/Blend/MTFilter_BlendLipstick.fs
wink,SHADER_OR_LUT,MTFilter_BlendModePs.fs,14065,725c1d200f3c62de8dd2c798c68c8a265c69a94a889b03efb03315af8096c055,GPU shader or color transformation lookup,OBSERVED_ON_DISK,Wink\Wink_3.16.5.apks/base.apk/assets/ARKernel3Builtin/Shaders/Blend/MTFilter_BlendModePs.fs
wink,SHADER_OR_LUT,MTFilter_BlendOverlay.fs,6506,6601ec9eae3fcdab01814364d3c65edcd90fa3e2cd31dc0b4094f6a07b7ee15d,GPU shader or color transformation lookup,OBSERVED_ON_DISK,Wink\Wink_3.16.5.apks/base.apk/assets/ARKernel3Builtin/Shaders/Blend/MTFilter_BlendOverlay.fs
wink,SHADER_OR_LUT,MTFilter_DeEyeBrow.fs,1290,409d9ed9b6c57663c533439d1a119ba4d09be52dfc59483af262dd4292528aa9,GPU shader or color transformation lookup,OBSERVED_ON_DISK,Wink\Wink_3.16.5.apks/base.apk/assets/ARKernel3Builtin/Shaders/Blend/MTFilter_DeEyeBrow.fs
wink,SHADER_OR_LUT,MTFilter_EyeMergeRender.fs,21631,613daca32c6529555d6c8288a10caa9e2e8cfdbab24b2661773805c8b1210371,GPU shader or color transformation lookup,OBSERVED_ON_DISK,Wink\Wink_3.16.5.apks/base.apk/assets/ARKernel3Builtin/Shaders/Blend/MTFilter_EyeMergeRender.fs
wink,SHADER_OR_LUT,MTFilter_EyeMergeRender.vs,1183,6955d7de3f0576a5f99b19e5fa4840a709daa3a55f06f16eabf1274b8a0e3f3b,GPU shader or color transformation lookup,OBSERVED_ON_DISK,Wink\Wink_3.16.5.apks/base.apk/assets/ARKernel3Builtin/Shaders/Blend/MTFilter_EyeMergeRender.vs
wink,SHADER_OR_LUT,MTFilter_HeadMask.fs,419,1241d9b7d62f1e20d7a4332c124248e0ba807ee5e048e85b687375fb338d9872,GPU shader or color transformation lookup,OBSERVED_ON_DISK,Wink\Wink_3.16.5.apks/base.apk/assets/ARKernel3Builtin/Shaders/Blend/MTFilter_HeadMask.fs
wink,SHADER_OR_LUT,MTFilter_HeadMask.vs,204,c8790b10fba94c3759b154805cd90fe54f1ffd0ca401d0ccbd7de18a612e6574,GPU shader or color transformation lookup,OBSERVED_ON_DISK,Wink\Wink_3.16.5.apks/base.apk/assets/ARKernel3Builtin/Shaders/Blend/MTFilter_HeadMask.vs
wink,SHADER_OR_LUT,MTFilter_MaskHightlightShadow.fs,1280,18f563003661547e1986b84a1fa2b023dea9728de2089bdbfd6c3d06e6228257,GPU shader or color transformation lookup,OBSERVED_ON_DISK,Wink\Wink_3.16.5.apks/base.apk/assets/ARKernel3Builtin/Shaders/Blend/MTFilter_MaskHightlightShadow.fs
wink,SHADER_OR_LUT,MTFilter_MergeRender.fs,19149,7d71634fb6e94d247f079204f7b62a18c9e2929af25b9b063db2aaf73eb14213,GPU shader or color transformation lookup,OBSERVED_ON_DISK,Wink\Wink_3.16.5.apks/base.apk/assets/ARKernel3Builtin/Shaders/Blend/MTFilter_MergeRender.fs
wink,SHADER_OR_LUT,MTFilter_MergeRender.vs,1075,e48622c21f96365a934a0831919309da6048cd503672f269c1a0ce244ed77532,GPU shader or color transformation lookup,OBSERVED_ON_DISK,Wink\Wink_3.16.5.apks/base.apk/assets/ARKernel3Builtin/Shaders/Blend/MTFilter_MergeRender.vs
wink,SHADER_OR_LUT,MTFilter_TextureMapy.vs,1000,9bf3a2668a2c45de966e302e86eb8a7c73654897bc204076ae2c407ac84e48f0,GPU shader or color transformation lookup,OBSERVED_ON_DISK,Wink\Wink_3.16.5.apks/base.apk/assets/ARKernel3Builtin/Shaders/Blend/MTFilter_TextureMapy.vs
wink,SHADER_OR_LUT,MTFilter_TextureMapy_4x4.fs,3817,1a0696fd80a4d97a4896ce1b3834fe4b1eaa49fb7542e2a8dc6bff76b2bfbb61,GPU shader or color transformation lookup,OBSERVED_ON_DISK,Wink\Wink_3.16.5.apks/base.apk/assets/ARKernel3Builtin/Shaders/Blend/MTFilter_TextureMapy_4x4.fs
wink,SHADER_OR_LUT,MTFilter_TextureMapy_4x4MaskLipstick.fs,3353,881b2cb75190f4764082852e54ee0482a098326f50087cbe5d5bb1b9a87f821e,GPU shader or color transformation lookup,OBSERVED_ON_DISK,Wink\Wink_3.16.5.apks/base.apk/assets/ARKernel3Builtin/Shaders/Blend/MTFilter_TextureMapy_4x4MaskLipstick.fs
wink,SHADER_OR_LUT,MTFilter_TextureMapy_8x8.fs,3421,23935b4ef5aec4e3abd427bc824eb959fd48a9db6ed547b8f62ab9d6c2e6f40c,GPU shader or color transformation lookup,OBSERVED_ON_DISK,Wink\Wink_3.16.5.apks/base.apk/assets/ARKernel3Builtin/Shaders/Blend/MTFilter_TextureMapy_8x8.fs
wink,SHADER_OR_LUT,MTFilter_TextureMapy_8x8MaskLipstick.fs,3426,14431692104bb4ec33c2b012b900364d6cb089eda42075b53e5f9290afda39c7,GPU shader or color transformation lookup,OBSERVED_ON_DISK,Wink\Wink_3.16.5.apks/base.apk/assets/ARKernel3Builtin/Shaders/Blend/MTFilter_TextureMapy_8x8MaskLipstick.fs
wink,SHADER_OR_LUT,MTFilter_TextureMapy_Common.fs,3840,984c5c88268a1604743fcb3589123036f7292bc179973c0b41ea52656b4fc6d0,GPU shader or color transformation lookup,OBSERVED_ON_DISK,Wink\Wink_3.16.5.apks/base.apk/assets/ARKernel3Builtin/Shaders/Blend/MTFilter_TextureMapy_Common.fs
wink,SHADER_OR_LUT,MTFilter_VideoMask.fs,592,37287f170d7e673abff8d5065a70e680a5bb74e35db33cc3c98e164eaea51059,GPU shader or color transformation lookup,OBSERVED_ON_DISK,Wink\Wink_3.16.5.apks/base.apk/assets/ARKernel3Builtin/Shaders/Blend/MTFilter_VideoMask.fs
wink,SHADER_OR_LUT,MTFilter_VideoMask.vs,262,1e121ef6014e7b4cb46e7111df89111be28ac5b5461e580fbaf5ced25297ec36,GPU shader or color transformation lookup,OBSERVED_ON_DISK,Wink\Wink_3.16.5.apks/base.apk/assets/ARKernel3Builtin/Shaders/Blend/MTFilter_VideoMask.vs
wink,SHADER_OR_LUT,MTFilter_VideoSpiltCopy.fs,668,79f9082adc7c224e2971899015d639eb26e2d9e43395288b9bb44c04c807ab5f,GPU shader or color transformation lookup,OBSERVED_ON_DISK,Wink\Wink_3.16.5.apks/base.apk/assets/ARKernel3Builtin/Shaders/Blend/MTFilter_VideoSpiltCopy.fs
wink,SHADER_OR_LUT,MTFilter_EyePupilHighLight.fs,550,ea32c8ccb586cba971d24d83f996940d9db0ae6e383bb6b79557a31ba57ca7fc,GPU shader or color transformation lookup,OBSERVED_ON_DISK,Wink\Wink_3.16.5.apks/base.apk/assets/ARKernel3Builtin/Shaders/EyePupil/MTFilter_EyePupilHighLight.fs
wink,SHADER_OR_LUT,MTFilter_EyePupilHighLight.vs,198,ea9ba4157eae356e4ae8f9ed6ccbaf3ee56f28b05a722254aa35d39a05d367e2,GPU shader or color transformation lookup,OBSERVED_ON_DISK,Wink\Wink_3.16.5.apks/base.apk/assets/ARKernel3Builtin/Shaders/EyePupil/MTFilter_EyePupilHighLight.vs
wink,SHADER_OR_LUT,StudioShot1.fs,7186,e4db399bbcc8a8ce45bdd93972619fc4ad9bb58ad3aa1d9a9ca8ff2996df4989,GPU shader or color transformation lookup,OBSERVED_ON_DISK,Wink\Wink_3.16.5.apks/base.apk/assets/ARKernel3Builtin/Shaders/FaceImageLight/StudioShot1.fs
wink,SHADER_OR_LUT,StudioShot1.vs,273,e96105a5b82cc6df1128f7cde42a29e8ae7cf4c1fd68d818bdfb902d83747acd,GPU shader or color transformation lookup,OBSERVED_ON_DISK,Wink\Wink_3.16.5.apks/base.apk/assets/ARKernel3Builtin/Shaders/FaceImageLight/StudioShot1.vs
wink,SHADER_OR_LUT,StudioShot2.fs,4869,2db1fed41be2f87656122962bf6f2ef77f90bf8bffa1afc051610bf50d0fdecd,GPU shader or color transformation lookup,OBSERVED_ON_DISK,Wink\Wink_3.16.5.apks/base.apk/assets/ARKernel3Builtin/Shaders/FaceImageLight/StudioShot2.fs
wink,SHADER_OR_LUT,StudioShot3.fs,1616,c962a82fd24b561a556f6f2a92f2b43fc942378bf1dc4750554ddd3564c3c9c8,GPU shader or color transformation lookup,OBSERVED_ON_DISK,Wink\Wink_3.16.5.apks/base.apk/assets/ARKernel3Builtin/Shaders/FaceImageLight/StudioShot3.fs
wink,SHADER_OR_LUT,FaceReplace.fs,600,3b9ce9de1b8be34d09b6497ad699c14a92a4273ca60df19a70292bf7911b4a64,GPU shader or color transformation lookup,OBSERVED_ON_DISK,Wink\Wink_3.16.5.apks/base.apk/assets/ARKernel3Builtin/Shaders/FaceReplace.fs
wink,SHADER_OR_LUT,FaceReplace.vs,332,f074c3c1df26c1c57a4e3729a0a159f01720dbfbf51861df779b36b087f47980,GPU shader or color transformation lookup,OBSERVED_ON_DISK,Wink\Wink_3.16.5.apks/base.apk/assets/ARKernel3Builtin/Shaders/FaceReplace.vs
wink,SHADER_OR_LUT,MTFilter_Bulge.fs,1135,8f4ba5401f77f03f14033588bdec7db1b39631618717cdc58e5cbdd565af2c18,GPU shader or color transformation lookup,OBSERVED_ON_DISK,Wink\Wink_3.16.5.apks/base.apk/assets/ARKernel3Builtin/Shaders/Facelift/MTFilter_Bulge.fs
wink,SHADER_OR_LUT,MTFilter_Bulge.vs,205,a79837093b5a249ce1cb04898786872cd9bcda348007b6fedad10d94a7066a0e,GPU shader or color transformation lookup,OBSERVED_ON_DISK,Wink\Wink_3.16.5.apks/base.apk/assets/ARKernel3Builtin/Shaders/Facelift/MTFilter_Bulge.vs
wink,SHADER_OR_LUT,MTFilter_ColorExpansion.fs,307,c8d7c65223133c58b49c5dacba02b201ea5096041c73e8132f6b4433ad48d143,GPU shader or color transformation lookup,OBSERVED_ON_DISK,Wink\Wink_3.16.5.apks/base.apk/assets/ARKernel3Builtin/Shaders/Facelift/MTFilter_ColorExpansion.fs
wink,SHADER_OR_LUT,MTFilter_ColorExpansion.vs,237,3a8a19bf7897d56613fe6c93242c09ceb59c3e835d5059e3e3c378f5d6673ee0,GPU shader or color transformation lookup,OBSERVED_ON_DISK,Wink\Wink_3.16.5.apks/base.apk/assets/ARKernel3Builtin/Shaders/Facelift/MTFilter_ColorExpansion.vs
wink,SHADER_OR_LUT,MTFilter_DebugStretch.fs,917,3db96e341edd5cfcf61b5e7bb85ba0673df994cd73da0bb4e3d89c4a17bcb9a2,GPU shader or color transformation lookup,OBSERVED_ON_DISK,Wink\Wink_3.16.5.apks/base.apk/assets/ARKernel3Builtin/Shaders/Facelift/MTFilter_DebugStretch.fs
wink,SHADER_OR_LUT,MTFilter_DebugStretch.vs,1290,8d1bef627a7ea24b614b5a18f575f9302a931d04dcac75586ed3548ce0513c0a,GPU shader or color transformation lookup,OBSERVED_ON_DISK,Wink\Wink_3.16.5.apks/base.apk/assets/ARKernel3Builtin/Shaders/Facelift/MTFilter_DebugStretch.vs
wink,SHADER_OR_LUT,MTFilter_DebugWarp2.fs,988,1b40dbb84260ccf02f7df9529ae2cd9c421082f1e11fac9420ed660a3c9d9c6b,GPU shader or color transformation lookup,OBSERVED_ON_DISK,Wink\Wink_3.16.5.apks/base.apk/assets/ARKernel3Builtin/Shaders/Facelift/MTFilter_DebugWarp2.fs
wink,SHADER_OR_LUT,MTFilter_DebugWarp2.vs,1402,b1c8b21594b03a148a70d16fe05ba3d16de49443b7d919b93a91ada24f5cfd7b,GPU shader or color transformation lookup,OBSERVED_ON_DISK,Wink\Wink_3.16.5.apks/base.apk/assets/ARKernel3Builtin/Shaders/Facelift/MTFilter_DebugWarp2.vs
wink,SHADER_OR_LUT,MTFilter_FeatureMaskMix.fs,490,3537b9170847e812f95ebf4b5e1b75d5ff1c5da94162ce6e31cd5bbada2a6227,GPU shader or color transformation lookup,OBSERVED_ON_DISK,Wink\Wink_3.16.5.apks/base.apk/assets/ARKernel3Builtin/Shaders/Facelift/MTFilter_FeatureMaskMix.fs
wink,SHADER_OR_LUT,MTFilter_FeatureMaskMix.vs,379,5311199eba71e3d28a5af44495e20a3f87ef25600317c90e4f16bd106ce0c9d1,GPU shader or color transformation lookup,OBSERVED_ON_DISK,Wink\Wink_3.16.5.apks/base.apk/assets/ARKernel3Builtin/Shaders/Facelift/MTFilter_FeatureMaskMix.vs
wink,SHADER_OR_LUT,MTFilter_FishEye.fs,1144,e6073362fce5c3bd0e1f423273cf748e0ee7293a5ecd8b16ceed854da214fdbc,GPU shader or color transformation lookup,OBSERVED_ON_DISK,Wink\Wink_3.16.5.apks/base.apk/assets/ARKernel3Builtin/Shaders/Facelift/MTFilter_FishEye.fs
wink,SHADER_OR_LUT,MTFilter_FishEye.vs,205,a79837093b5a249ce1cb04898786872cd9bcda348007b6fedad10d94a7066a0e,GPU shader or color transformation lookup,OBSERVED_ON_DISK,Wink\Wink_3.16.5.apks/base.apk/assets/ARKernel3Builtin/Shaders/Facelift/MTFilter_FishEye.vs
wink,SHADER_OR_LUT,MTFilter_GaussianBlur_Alpha.fs,1681,bf64a33f4263b823d0517e68d491c7e8a350350240815a1e5a5c12f1fa5f5a1b,GPU shader or color transformation lookup,OBSERVED_ON_DISK,Wink\Wink_3.16.5.apks/base.apk/assets/ARKernel3Builtin/Shaders/Facelift/MTFilter_GaussianBlur_Alpha.fs
wink,SHADER_OR_LUT,MTFilter_GaussianBlur_Alpha.vs,203,286f3d4ae3b696ca0cf0d0dd14e1be8febc8fce6897651283d95df444c0c2631,GPU shader or color transformation lookup,OBSERVED_ON_DISK,Wink\Wink_3.16.5.apks/base.apk/assets/ARKernel3Builtin/Shaders/Facelift/MTFilter_GaussianBlur_Alpha.vs
wink,SHADER_OR_LUT,MTFilter_Stretch.fs,227,5530cac8ec093267221ece2e4651ec5ec44f0e73ca13b5c2707e74c1d9defaeb,GPU shader or color transformation lookup,OBSERVED_ON_DISK,Wink\Wink_3.16.5.apks/base.apk/assets/ARKernel3Builtin/Shaders/Facelift/MTFilter_Stretch.fs
wink,SHADER_OR_LUT,MTFilter_Stretch.vs,1291,92ee7d2aba2cd7f4ca90f0810b5ad389d4ee05e3618e2940831d40ccbe3f3ac5,GPU shader or color transformation lookup,OBSERVED_ON_DISK,Wink\Wink_3.16.5.apks/base.apk/assets/ARKernel3Builtin/Shaders/Facelift/MTFilter_Stretch.vs
wink,SHADER_OR_LUT,MTFilter_Warp.fs,1126,66563046e7b0f25a558e9ae84def00c7592bd0a299b10334594766f9dabe88d4,GPU shader or color transformation lookup,OBSERVED_ON_DISK,Wink\Wink_3.16.5.apks/base.apk/assets/ARKernel3Builtin/Shaders/Facelift/MTFilter_Warp.fs
wink,SHADER_OR_LUT,MTFilter_Warp.vs,205,a79837093b5a249ce1cb04898786872cd9bcda348007b6fedad10d94a7066a0e,GPU shader or color transformation lookup,OBSERVED_ON_DISK,Wink\Wink_3.16.5.apks/base.apk/assets/ARKernel3Builtin/Shaders/Facelift/MTFilter_Warp.vs
wink,SHADER_OR_LUT,MTFilter_Warp3.fs,1301,5f05ccf6e62b9b774662b924da6ebfc4fe04084761a9c904b70c7c73e53d0d4b,GPU shader or color transformation lookup,OBSERVED_ON_DISK,Wink\Wink_3.16.5.apks/base.apk/assets/ARKernel3Builtin/Shaders/Facelift/MTFilter_Warp3.fs
wink,SHADER_OR_LUT,MTFilter_Warp3.vs,452,bcbd31b9d69b4ec1d47a2f40267f2fa8e757c688e491a146032dd3efd76123ee,GPU shader or color transformation lookup,OBSERVED_ON_DISK,Wink\Wink_3.16.5.apks/base.apk/assets/ARKernel3Builtin/Shaders/Facelift/MTFilter_Warp3.vs
wink,SHADER_OR_LUT,MTColorCurve_Filter.fs,1582,62add775656e5124b422417d3829aa92f35a3764a19fcb38be03e3fefa89f663,GPU shader or color transformation lookup,OBSERVED_ON_DISK,Wink\Wink_3.16.5.apks/base.apk/assets/ARKernel3Builtin/Shaders/Filter/MTColorCurve_Filter.fs
wink,SHADER_OR_LUT,MTColorCurve_Filter.vs,169,a1c09fa313ca4f113c400e9dcc96b3db6192c65354730b578282d5dfd38c9a3c,GPU shader or color transformation lookup,OBSERVED_ON_DISK,Wink\Wink_3.16.5.apks/base.apk/assets/ARKernel3Builtin/Shaders/Filter/MTColorCurve_Filter.vs
wink,SHADER_OR_LUT,MTFilter_FilterV2.fs,5844,8e97706b9401690faa595d0682bb81a21ebbb57b47afe4a8daf000da06713ca6,GPU shader or color transformation lookup,OBSERVED_ON_DISK,Wink\Wink_3.16.5.apks/base.apk/assets/ARKernel3Builtin/Shaders/Filter/MTFilter_FilterV2.fs
wink,SHADER_OR_LUT,MTFilter_FilterV2.vs,169,a1c09fa313ca4f113c400e9dcc96b3db6192c65354730b578282d5dfd38c9a3c,GPU shader or color transformation lookup,OBSERVED_ON_DISK,Wink\Wink_3.16.5.apks/base.apk/assets/ARKernel3Builtin/Shaders/Filter/MTFilter_FilterV2.vs
wink,SHADER_OR_LUT,MTSelectColor_Filter.fs,5444,13d2cc38e940a0d3f536ad47c1258c48856670a3bbe7d9154bc5b21ac17f8aad,GPU shader or color transformation lookup,OBSERVED_ON_DISK,Wink\Wink_3.16.5.apks/base.apk/assets/ARKernel3Builtin/Shaders/Filter/MTSelectColor_Filter.fs
wink,SHADER_OR_LUT,MTSelectColor_Filter.vs,169,a1c09fa313ca4f113c400e9dcc96b3db6192c65354730b578282d5dfd38c9a3c,GPU shader or color transformation lookup,OBSERVED_ON_DISK,Wink\Wink_3.16.5.apks/base.apk/assets/ARKernel3Builtin/Shaders/Filter/MTSelectColor_Filter.vs
wink,SHADER_OR_LUT,FilterFacialChange.fs,4189,20e12ec7771265bc361b24cb3fbe47be932fa404a1772648931d9d1c342d002f,GPU shader or color transformation lookup,OBSERVED_ON_DISK,Wink\Wink_3.16.5.apks/base.apk/assets/ARKernel3Builtin/Shaders/FilterFacialChange.fs
wink,SHADER_OR_LUT,FilterFacialChange.vs,373,3c03efbaaa22d6cf8c98ffd9c5b0d8837659f22f61f77a4b52bec1f5c4b48f32,GPU shader or color transformation lookup,OBSERVED_ON_DISK,Wink\Wink_3.16.5.apks/base.apk/assets/ARKernel3Builtin/Shaders/FilterFacialChange.vs
wink,SHADER_OR_LUT,FilterRemoveRedEye.fs,1869,7c49859c23f941e106392f631d04e375fd54b0378bc4efa37635ad9c7b547cbd,GPU shader or color transformation lookup,OBSERVED_ON_DISK,Wink\Wink_3.16.5.apks/base.apk/assets/ARKernel3Builtin/Shaders/FilterRemoveRedEye.fs
wink,SHADER_OR_LUT,FilterRemoveRedEye.vs,322,fea39cf1beef52418caac475e852dcb14b48abc16eb1b836e606216f51944ba7,GPU shader or color transformation lookup,OBSERVED_ON_DISK,Wink\Wink_3.16.5.apks/base.apk/assets/ARKernel3Builtin/Shaders/FilterRemoveRedEye.vs
wink,SHADER_OR_LUT,Gauss_H.fs,1493,28821a396ae55a392f497d81ce39ec2259d1293ba03efae68b61321c42924ce1,GPU shader or color transformation lookup,OBSERVED_ON_DISK,Wink\Wink_3.16.5.apks/base.apk/assets/ARKernel3Builtin/Shaders/Gauss_H.fs
wink,SHADER_OR_LUT,Gauss_H.vs,1487,9d6c2e16ed9f58f4fd4cc0a49fef60836747a7a842b7cc768450b6d32f1e4c18,GPU shader or color transformation lookup,OBSERVED_ON_DISK,Wink\Wink_3.16.5.apks/base.apk/assets/ARKernel3Builtin/Shaders/Gauss_H.vs
wink,SHADER_OR_LUT,Gauss_V.fs,2751,3f9a61b980f8434cb9536992bdca7fe4bef56f44bac0290169de2e47035b0757,GPU shader or color transformation lookup,OBSERVED_ON_DISK,Wink\Wink_3.16.5.apks/base.apk/assets/ARKernel3Builtin/Shaders/Gauss_V.fs
wink,SHADER_OR_LUT,Gauss_V.vs,1594,c26123a47567ed15ccb0424d2117c5124f0b56062b6ef0873bfe07974cbb3963,GPU shader or color transformation lookup,OBSERVED_ON_DISK,Wink\Wink_3.16.5.apks/base.apk/assets/ARKernel3Builtin/Shaders/Gauss_V.vs
wink,SHADER_OR_LUT,MTFilter_Dilation.fs,993,3cb239a43eaacad0de2364df6b9a6f50f5724d4f92d0959d10e11b3602b25730,GPU shader or color transformation lookup,OBSERVED_ON_DISK,Wink\Wink_3.16.5.apks/base.apk/assets/ARKernel3Builtin/Shaders/HairSoft/MTFilter_Dilation.fs
wink,SHADER_OR_LUT,MTFilter_Dilation.vs,574,7383de19ec13f0806845da8e5efcb42937318f48474cb46f070f7d91965a9d71,GPU shader or color transformation lookup,OBSERVED_ON_DISK,Wink\Wink_3.16.5.apks/base.apk/assets/ARKernel3Builtin/Shaders/HairSoft/MTFilter_Dilation.vs
wink,SHADER_OR_LUT,MTFilter_Erosion.fs,993,6ef7a11e3f770f2109160d8c46122defccc59a0a789b8c0340bd4f25448684e9,GPU shader or color transformation lookup,OBSERVED_ON_DISK,Wink\Wink_3.16.5.apks/base.apk/assets/ARKernel3Builtin/Shaders/HairSoft/MTFilter_Erosion.fs
wink,SHADER_OR_LUT,MTFilter_Erosion.vs,574,7383de19ec13f0806845da8e5efcb42937318f48474cb46f070f7d91965a9d71,GPU shader or color transformation lookup,OBSERVED_ON_DISK,Wink\Wink_3.16.5.apks/base.apk/assets/ARKernel3Builtin/Shaders/HairSoft/MTFilter_Erosion.vs
wink,SHADER_OR_LUT,MTFilter_HairSoftMix.fs,1988,e021945fa2e59487a92b5809cf1c97278ca48c9a5b6ab3858aa6e56c795fe276,GPU shader or color transformation lookup,OBSERVED_ON_DISK,Wink\Wink_3.16.5.apks/base.apk/assets/ARKernel3Builtin/Shaders/HairSoft/MTFilter_HairSoftMix.fs
wink,SHADER_OR_LUT,MTFilter_HairSoftMix.vs,207,2ead197410c89afe726e47ee34feee16e4ea7965b28e3306c9271b2ff945580d,GPU shader or color transformation lookup,OBSERVED_ON_DISK,Wink\Wink_3.16.5.apks/base.apk/assets/ARKernel3Builtin/Shaders/HairSoft/MTFilter_HairSoftMix.vs
wink,SHADER_OR_LUT,MTFilter_Mix.fs,547,ead014926b6ea93efa9724ac904e312de684ff764b611416c8055878b3a6c2b2,GPU shader or color transformation lookup,OBSERVED_ON_DISK,Wink\Wink_3.16.5.apks/base.apk/assets/ARKernel3Builtin/Shaders/HairSoft/MTFilter_Mix.fs
wink,SHADER_OR_LUT,MTFilter_Mix.vs,207,2ead197410c89afe726e47ee34feee16e4ea7965b28e3306c9271b2ff945580d,GPU shader or color transformation lookup,OBSERVED_ON_DISK,Wink\Wink_3.16.5.apks/base.apk/assets/ARKernel3Builtin/Shaders/HairSoft/MTFilter_Mix.vs
wink,SHADER_OR_LUT,MTFilter_PsFilterColor.fs,497,bd82962affa81d3ec2fbd98b44f0df33bee42285060f2b922013ce7dd1ef8218,GPU shader or color transformation lookup,OBSERVED_ON_DISK,Wink\Wink_3.16.5.apks/base.apk/assets/ARKernel3Builtin/Shaders/HairSoft/MTFilter_PsFilterColor.fs
wink,SHADER_OR_LUT,MTFilter_PsFilterColor.vs,207,2ead197410c89afe726e47ee34feee16e4ea7965b28e3306c9271b2ff945580d,GPU shader or color transformation lookup,OBSERVED_ON_DISK,Wink\Wink_3.16.5.apks/base.apk/assets/ARKernel3Builtin/Shaders/HairSoft/MTFilter_PsFilterColor.vs
wink,SHADER_OR_LUT,MTFilter_PsSoftLightr.fs,863,e5b2c2ea4a28f954d1798b0456319eee6d2c593eb088ab092717830b2eaafb15,GPU shader or color transformation lookup,OBSERVED_ON_DISK,Wink\Wink_3.16.5.apks/base.apk/assets/ARKernel3Builtin/Shaders/HairSoft/MTFilter_PsSoftLightr.fs
wink,SHADER_OR_LUT,MTFilter_PsSoftLightr.vs,207,2ead197410c89afe726e47ee34feee16e4ea7965b28e3306c9271b2ff945580d,GPU shader or color transformation lookup,OBSERVED_ON_DISK,Wink\Wink_3.16.5.apks/base.apk/assets/ARKernel3Builtin/Shaders/HairSoft/MTFilter_PsSoftLightr.vs
wink,SHADER_OR_LUT,MTFilter_gradient.fs,1143,f7da8b26086e28d744f5af253c8f418672cf1580065013ecd03234ea6a4e6c46,GPU shader or color transformation lookup,OBSERVED_ON_DISK,Wink\Wink_3.16.5.apks/base.apk/assets/ARKernel3Builtin/Shaders/HairSoft/MTFilter_gradient.fs
wink,SHADER_OR_LUT,MTFilter_gradient.vs,207,2ead197410c89afe726e47ee34feee16e4ea7965b28e3306c9271b2ff945580d,GPU shader or color transformation lookup,OBSERVED_ON_DISK,Wink\Wink_3.16.5.apks/base.apk/assets/ARKernel3Builtin/Shaders/HairSoft/MTFilter_gradient.vs
wink,SHADER_OR_LUT,0000_program_04.fs,513,ab0394938fded8ea705d193a9fe4f1548902de81012c982ca735d0bd5e0f91c6,GPU shader or color transformation lookup,OBSERVED_ON_DISK,Wink\Wink_3.16.5.apks/base.apk/assets/ARKernel3Builtin/Shaders/Kira/0000_program_04.fs
wink,SHADER_OR_LUT,0000_program_04.vs,473,af1e7206cb6f1c0daa4d6f5fb569e96ac23f66c2265bed0f1a69f69aa030628b,GPU shader or color transformation lookup,OBSERVED_ON_DISK,Wink\Wink_3.16.5.apks/base.apk/assets/ARKernel3Builtin/Shaders/Kira/0000_program_04.vs
wink,SHADER_OR_LUT,0000_program_13.fs,1243,b4933741630f041fd91d783a37e1f32fe2022345d582ff0b0a1724236165e892,GPU shader or color transformation lookup,OBSERVED_ON_DISK,Wink\Wink_3.16.5.apks/base.apk/assets/ARKernel3Builtin/Shaders/Kira/0000_program_13.fs
wink,SHADER_OR_LUT,0000_program_13.vs,196,de5b0aae09adf0539e80ad2733cf0d8525ffb4a6a1c12be2b263dd50e523fd97,GPU shader or color transformation lookup,OBSERVED_ON_DISK,Wink\Wink_3.16.5.apks/base.apk/assets/ARKernel3Builtin/Shaders/Kira/0000_program_13.vs
wink,SHADER_OR_LUT,0000_program_25.fs,474,f7ffe040bd7d5d4b5bbc222cd222dd9ff69f0961051d49e5445f16d1f2b59e19,GPU shader or color transformation lookup,OBSERVED_ON_DISK,Wink\Wink_3.16.5.apks/base.apk/assets/ARKernel3Builtin/Shaders/Kira/0000_program_25.fs
wink,SHADER_OR_LUT,0000_program_25.vs,196,de5b0aae09adf0539e80ad2733cf0d8525ffb4a6a1c12be2b263dd50e523fd97,GPU shader or color transformation lookup,OBSERVED_ON_DISK,Wink\Wink_3.16.5.apks/base.apk/assets/ARKernel3Builtin/Shaders/Kira/0000_program_25.vs
wink,SHADER_OR_LUT,CalHarris.fs,668,48b5599782b3bd5dc4bb3416557ca98475439a5901855e654dad1f86461f4f72,GPU shader or color transformation lookup,OBSERVED_ON_DISK,Wink\Wink_3.16.5.apks/base.apk/assets/ARKernel3Builtin/Shaders/Kira/CalHarris.fs
wink,SHADER_OR_LUT,CalHarris.vs,239,fa6763f10f147078f91dab19d272934350ed51ed5472626bbecd25cd665ee376,GPU shader or color transformation lookup,OBSERVED_ON_DISK,Wink\Wink_3.16.5.apks/base.apk/assets/ARKernel3Builtin/Shaders/Kira/CalHarris.vs
wink,SHADER_OR_LUT,MTBoxFilter.fs,2890,327ee2b006ad1031da61267dafd2ad11342250b4c74e64cb1b8fa8aa4656509a,GPU shader or color transformation lookup,OBSERVED_ON_DISK,Wink\Wink_3.16.5.apks/base.apk/assets/ARKernel3Builtin/Shaders/Kira/MTBoxFilter.fs
wink,SHADER_OR_LUT,MTBoxFilter.vs,1588,e203726fbfb4709ac6fe39cc4b1f8ed999cf15b95f637a78e8642df188ae4dda,GPU shader or color transformation lookup,OBSERVED_ON_DISK,Wink\Wink_3.16.5.apks/base.apk/assets/ARKernel3Builtin/Shaders/Kira/MTBoxFilter.vs
wink,SHADER_OR_LUT,Mix.fs,643,d988f2529ba9d836f6366fdbb0314ee5494b0f9acc7a3a5d6f268126b771f6af,GPU shader or color transformation lookup,OBSERVED_ON_DISK,Wink\Wink_3.16.5.apks/base.apk/assets/ARKernel3Builtin/Shaders/Kira/Mix.fs
wink,SHADER_OR_LUT,Mix.vs,209,7ae839b38763ccfab43f18e87bcc9a6e18d10792b56b39394c776830d8ae9b96,GPU shader or color transformation lookup,OBSERVED_ON_DISK,Wink\Wink_3.16.5.apks/base.apk/assets/ARKernel3Builtin/Shaders/Kira/Mix.vs
wink,SHADER_OR_LUT,Sobel.fs,1485,85a73c76975c0b9009e785863642ee35ec463c025ceda0ace375f5717f16974d,GPU shader or color transformation lookup,OBSERVED_ON_DISK,Wink\Wink_3.16.5.apks/base.apk/assets/ARKernel3Builtin/Shaders/Kira/Sobel.fs
wink,SHADER_OR_LUT,Sobel.vs,1001,ac96133f685e48e13e0f0cf147581b683301df3f65eb08597c4f2220fdbb11c6,GPU shader or color transformation lookup,OBSERVED_ON_DISK,Wink\Wink_3.16.5.apks/base.apk/assets/ARKernel3Builtin/Shaders/Kira/Sobel.vs
wink,SHADER_OR_LUT,SovaThreshold.fs,1995,8ae948c5a18cfef6faa82cb5e0d7716fd7fcf5ab23f99bc4a9f7e296ef49bb1a,GPU shader or color transformation lookup,OBSERVED_ON_DISK,Wink\Wink_3.16.5.apks/base.apk/assets/ARKernel3Builtin/Shaders/Kira/SovaThreshold.fs
wink,SHADER_OR_LUT,SovaThreshold.vs,201,1aa4acd48add84a58a6eb32aed9bc05c823ae3281d53099db9e3a6ee3348f470,GPU shader or color transformation lookup,OBSERVED_ON_DISK,Wink\Wink_3.16.5.apks/base.apk/assets/ARKernel3Builtin/Shaders/Kira/SovaThreshold.vs
wink,SHADER_OR_LUT,kira_instance.fs,763,1c628212351ea310414c232ae1a9d12cc295897265e9855141c2176ef6682d81,GPU shader or color transformation lookup,OBSERVED_ON_DISK,Wink\Wink_3.16.5.apks/base.apk/assets/ARKernel3Builtin/Shaders/Kira/kira_instance.fs
wink,SHADER_OR_LUT,kira_instance.vs,281,ff3a59a78d2b5d9c1fb37967977d0cded93d7d1ce18d270b854d07fd2e193582,GPU shader or color transformation lookup,OBSERVED_ON_DISK,Wink\Wink_3.16.5.apks/base.apk/assets/ARKernel3Builtin/Shaders/Kira/kira_instance.vs
wink,SHADER_OR_LUT,kira_instance_black.fs,416,0411f8bd5b8353af939aba6645dba5d3116b1bd437d2651a689df16b6274abfc,GPU shader or color transformation lookup,OBSERVED_ON_DISK,Wink\Wink_3.16.5.apks/base.apk/assets/ARKernel3Builtin/Shaders/Kira/kira_instance_black.fs
wink,SHADER_OR_LUT,kira_instance_black.vs,275,55830de90abe4517ea1ec2b2933d714afa1a9bcb25945454e47a2439d40109ef,GPU shader or color transformation lookup,OBSERVED_ON_DISK,Wink\Wink_3.16.5.apks/base.apk/assets/ARKernel3Builtin/Shaders/Kira/kira_instance_black.vs
wink,SHADER_OR_LUT,MTFilter_DoubleLipstick.fs,7018,545b4342f968a5d3e77564e62f2934e4537c82a341e0630fec0abdf0e4ea9606,GPU shader or color transformation lookup,OBSERVED_ON_DISK,Wink\Wink_3.16.5.apks/base.apk/assets/ARKernel3Builtin/Shaders/Lipstick/MTFilter_DoubleLipstick.fs
wink,SHADER_OR_LUT,MTFilter_DoubleLipstick.vs,370,39c8ab863062d3e66f32e452290aba2c1ca1ceb7d6369a6c72791821f4294dfe,GPU shader or color transformation lookup,OBSERVED_ON_DISK,Wink\Wink_3.16.5.apks/base.apk/assets/ARKernel3Builtin/Shaders/Lipstick/MTFilter_DoubleLipstick.vs
wink,SHADER_OR_LUT,MTFilter_GuideFilter.fs,2156,8244bbe37b09503e656af9e958e7722602af02e2e0686e2adec3851dac7022e4,GPU shader or color transformation lookup,OBSERVED_ON_DISK,Wink\Wink_3.16.5.apks/base.apk/assets/ARKernel3Builtin/Shaders/Lipstick/MTFilter_GuideFilter.fs
wink,SHADER_OR_LUT,MTFilter_GuideFilter.vs,307,071962c431e05db3a8989839c63fbf4a76a913d9c0a4066c7de1973e3f7e3623,GPU shader or color transformation lookup,OBSERVED_ON_DISK,Wink\Wink_3.16.5.apks/base.apk/assets/ARKernel3Builtin/Shaders/Lipstick/MTFilter_GuideFilter.vs
wink,SHADER_OR_LUT,MTFilter_Lipstick.fs,3920,3007847876c5c78feeb5fb9d3d6f80840a232eb69686f65491d907d761481b58,GPU shader or color transformation lookup,OBSERVED_ON_DISK,Wink\Wink_3.16.5.apks/base.apk/assets/ARKernel3Builtin/Shaders/Lipstick/MTFilter_Lipstick.fs
wink,SHADER_OR_LUT,MTFilter_LipstickOfPearl.fs,10999,19de51c91af480465b30a8351fa92febce0b41883a907c5a46339664edec7309,GPU shader or color transformation lookup,OBSERVED_ON_DISK,Wink\Wink_3.16.5.apks/base.apk/assets/ARKernel3Builtin/Shaders/Lipstick/MTFilter_LipstickOfPearl.fs
wink,SHADER_OR_LUT,MTFilter_LipstickWithMask.fs,8644,8f3d69835ffe7d7d7f958562dbe7bfc24be07db332370b4bce2467cef7175706,GPU shader or color transformation lookup,OBSERVED_ON_DISK,Wink\Wink_3.16.5.apks/base.apk/assets/ARKernel3Builtin/Shaders/Lipstick/MTFilter_LipstickWithMask.fs
wink,SHADER_OR_LUT,MTFilter_Lipstick_Base.vs,573,51f974458b301f57249c3f0f830d43d310bb35f6a53b64dc8eb2c67bf34d94af,GPU shader or color transformation lookup,OBSERVED_ON_DISK,Wink\Wink_3.16.5.apks/base.apk/assets/ARKernel3Builtin/Shaders/Lipstick/MTFilter_Lipstick_Base.vs
wink,SHADER_OR_LUT,MTFilter_Lipstick_Bitten.fs,8555,c0dd8816aa8646c238f8cff9164d7dbeb3b76f11a563dce12b5c7b8c49ce4703,GPU shader or color transformation lookup,OBSERVED_ON_DISK,Wink\Wink_3.16.5.apks/base.apk/assets/ARKernel3Builtin/Shaders/Lipstick/MTFilter_Lipstick_Bitten.fs
wink,SHADER_OR_LUT,MTFilter_Lipstick_BlendOverlay.fs,10268,7a481a43c1ccee7de0c589c47456eabfcd57e06f4d26a73fdff5e4a782749a8b,GPU shader or color transformation lookup,OBSERVED_ON_DISK,Wink\Wink_3.16.5.apks/base.apk/assets/ARKernel3Builtin/Shaders/Lipstick/MTFilter_Lipstick_BlendOverlay.fs
wink,SHADER_OR_LUT,MTFilter_Lipstick_Diamond.fs,8096,666cd2cc2553416a278348789e1d1606bb105aa70f9198bbc7667d383230faad,GPU shader or color transformation lookup,OBSERVED_ON_DISK,Wink\Wink_3.16.5.apks/base.apk/assets/ARKernel3Builtin/Shaders/Lipstick/MTFilter_Lipstick_Diamond.fs
wink,SHADER_OR_LUT,MTFilter_Lipstick_Matte.fs,7872,52fd8fa9f1caec58dabe6418a144593c69eb586646b7240fa7f2424eb92189f7,GPU shader or color transformation lookup,OBSERVED_ON_DISK,Wink\Wink_3.16.5.apks/base.apk/assets/ARKernel3Builtin/Shaders/Lipstick/MTFilter_Lipstick_Matte.fs
wink,SHADER_OR_LUT,MTFilter_Lipstick_Metal.fs,8495,09fc31fea24065e049c0b20f9c4aa0d10545318bc1b297e6a5d86701fd43754b,GPU shader or color transformation lookup,OBSERVED_ON_DISK,Wink\Wink_3.16.5.apks/base.apk/assets/ARKernel3Builtin/Shaders/Lipstick/MTFilter_Lipstick_Metal.fs
wink,SHADER_OR_LUT,MTFilter_Lipstick_Pearl.fs,10500,97815ce128709f33dd15b51d6330f05bc2f937510bfb4d0a16464d924f41512f,GPU shader or color transformation lookup,OBSERVED_ON_DISK,Wink\Wink_3.16.5.apks/base.apk/assets/ARKernel3Builtin/Shaders/Lipstick/MTFilter_Lipstick_Pearl.fs
wink,SHADER_OR_LUT,MTFilter_Material_Overlay.fs,5510,bbf04f7b0c30979fb04c42296c607179dcb837c7ec5e093d6cf2cac2cc664326,GPU shader or color transformation lookup,OBSERVED_ON_DISK,Wink\Wink_3.16.5.apks/base.apk/assets/ARKernel3Builtin/Shaders/Lipstick/MTFilter_Material_Overlay.fs
wink,SHADER_OR_LUT,MTFilter_Material_Overlay.vs,352,546aef7d5ca0099f00f2f2c29a4131b387b42adb504bddb373aa2da16e95e10f,GPU shader or color transformation lookup,OBSERVED_ON_DISK,Wink\Wink_3.16.5.apks/base.apk/assets/ARKernel3Builtin/Shaders/Lipstick/MTFilter_Material_Overlay.vs
wink,SHADER_OR_LUT,MTFilter_MultiplyOverlayLipstick.fs,7867,eb1d70f828e2bf316a6d3838ddfc507a8109c1ff20661f05ea03d82a0c1c169f,GPU shader or color transformation lookup,OBSERVED_ON_DISK,Wink\Wink_3.16.5.apks/base.apk/assets/ARKernel3Builtin/Shaders/Lipstick/MTFilter_MultiplyOverlayLipstick.fs
wink,SHADER_OR_LUT,MTFilter_MultiplyOverlayLipstick.vs,574,4de8c4870d417ebc23577d6b9a1a5fcf573e5095806ecc646031bbc01dbe4d26,GPU shader or color transformation lookup,OBSERVED_ON_DISK,Wink\Wink_3.16.5.apks/base.apk/assets/ARKernel3Builtin/Shaders/Lipstick/MTFilter_MultiplyOverlayLipstick.vs
wink,SHADER_OR_LUT,MTFilter_NewHightLight.fs,2208,fda51c08a597f2785dfb140eba501fcabba9b259ca0b1fba7a2bcaa3b984cad8,GPU shader or color transformation lookup,OBSERVED_ON_DISK,Wink\Wink_3.16.5.apks/base.apk/assets/ARKernel3Builtin/Shaders/Lipstick/MTFilter_NewHightLight.fs
wink,SHADER_OR_LUT,MTFilter_ParticleLight.fs,2827,c5de4a0bca5ca5c259810d9c7ba1c0155b6fa1691b5ad08f674865858d43526f,GPU shader or color transformation lookup,OBSERVED_ON_DISK,Wink\Wink_3.16.5.apks/base.apk/assets/ARKernel3Builtin/Shaders/Lipstick/MTFilter_ParticleLight.fs
wink,SHADER_OR_LUT,MTFilter_ParticleLight.vs,289,850375a4543be87cb9729ae399cf127d1fa018864645b316a9f84d47ac03132d,GPU shader or color transformation lookup,OBSERVED_ON_DISK,Wink\Wink_3.16.5.apks/base.apk/assets/ARKernel3Builtin/Shaders/Lipstick/MTFilter_ParticleLight.vs
wink,SHADER_OR_LUT,MTFilter_Sharp.fs,1013,c50682dc2ef6225f6f5d5599df67f38e5ade6f86b9320ad8b826c83364077d06,GPU shader or color transformation lookup,OBSERVED_ON_DISK,Wink\Wink_3.16.5.apks/base.apk/assets/ARKernel3Builtin/Shaders/Lipstick/MTFilter_Sharp.fs
wink,SHADER_OR_LUT,MTFilter_Sharp.vs,252,14944535b09f91f68f0d536b79102b0fc42ce2d0a2926dc7523fc449a57c7f21,GPU shader or color transformation lookup,OBSERVED_ON_DISK,Wink\Wink_3.16.5.apks/base.apk/assets/ARKernel3Builtin/Shaders/Lipstick/MTFilter_Sharp.vs
wink,SHADER_OR_LUT,MTFilter_TeehWhite.fs,1108,30d3114fb660be4b660c7b6a931a1af492b3e65a222e6b7be7dbab53704dcd6a,GPU shader or color transformation lookup,OBSERVED_ON_DISK,Wink\Wink_3.16.5.apks/base.apk/assets/ARKernel3Builtin/Shaders/Lipstick/MTFilter_TeehWhite.fs
wink,SHADER_OR_LUT,LyingSilkworm.fs,1406,987675f8bfa61fe6bf850c9c191bd0ec2e2dec1a213c490aac27290d799d54b7,GPU shader or color transformation lookup,OBSERVED_ON_DISK,Wink\Wink_3.16.5.apks/base.apk/assets/ARKernel3Builtin/Shaders/LyingSilkworm.fs
wink,SHADER_OR_LUT,LyingSilkworm.vs,561,d46f4203e8b15e7f9b880621042fdb0658b6586356700469611436a187ca976c,GPU shader or color transformation lookup,OBSERVED_ON_DISK,Wink\Wink_3.16.5.apks/base.apk/assets/ARKernel3Builtin/Shaders/LyingSilkworm.vs
wink,SHADER_OR_LUT,MTFilterFaceStereoscopic.fs,4996,774d3ac4ed97e4c31b2d69a3f0fa8c5efe4369e92fbb98a25db37ade0b4e74e5,GPU shader or color transformation lookup,OBSERVED_ON_DISK,Wink\Wink_3.16.5.apks/base.apk/assets/ARKernel3Builtin/Shaders/MTFilterFaceStereoscopic.fs
wink,SHADER_OR_LUT,MTFilter_3DCommon.fs,25688,4b1978da818c40416fa92afad19fd8c90b2b97ecf1a7b06a48f18187dd29d5a0,GPU shader or color transformation lookup,OBSERVED_ON_DISK,Wink\Wink_3.16.5.apks/base.apk/assets/ARKernel3Builtin/Shaders/MTFilter_3DCommon.fs
wink,SHADER_OR_LUT,MTFilter_3DCommon.vs,6842,c1d4f4023888addedc52e6d690a8b6f6fdfc5249aa1b25ddb31c1252ae7e2356,GPU shader or color transformation lookup,OBSERVED_ON_DISK,Wink\Wink_3.16.5.apks/base.apk/assets/ARKernel3Builtin/Shaders/MTFilter_3DCommon.vs
wink,SHADER_OR_LUT,MTFilter_3DEyeLash.fs,4415,5cfacaa3dde95bcde671db3db172351d3b608212073e7b9ca916ddba498fa824,GPU shader or color transformation lookup,OBSERVED_ON_DISK,Wink\Wink_3.16.5.apks/base.apk/assets/ARKernel3Builtin/Shaders/MTFilter_3DEyeLash.fs
wink,SHADER_OR_LUT,MTFilter_3DEyeLash.vs,1349,800c8ff60ecc08386ab3893e6707af2a3e522ec0267df09984df857ba53f320d,GPU shader or color transformation lookup,OBSERVED_ON_DISK,Wink\Wink_3.16.5.apks/base.apk/assets/ARKernel3Builtin/Shaders/MTFilter_3DEyeLash.vs
wink,SHADER_OR_LUT,MTFilter_3DReflection.fs,3994,af2970b90bdfc445e345fd340a0c7c0286cd2433435a75943635ed7f7ef6992a,GPU shader or color transformation lookup,OBSERVED_ON_DISK,Wink\Wink_3.16.5.apks/base.apk/assets/ARKernel3Builtin/Shaders/MTFilter_3DReflection.fs
wink,SHADER_OR_LUT,MTFilter_3DReflection.vs,426,1f0dbbb70cb0519a0bb1c8cdab0cdb2c323f90a568c4090f761b9501272d4021,GPU shader or color transformation lookup,OBSERVED_ON_DISK,Wink\Wink_3.16.5.apks/base.apk/assets/ARKernel3Builtin/Shaders/MTFilter_3DReflection.vs
wink,SHADER_OR_LUT,MTFilter_3DScene.fs,1035,430fbfe02a7ad9e14573c67799cfa5bad0201fa6ceabb749e1114414c1a95da0,GPU shader or color transformation lookup,OBSERVED_ON_DISK,Wink\Wink_3.16.5.apks/base.apk/assets/ARKernel3Builtin/Shaders/MTFilter_3DScene.fs
wink,SHADER_OR_LUT,MTFilter_3DScene.vs,472,92ad67a24ee47bf7d792b69e6c8157d3251bfd9cd32ae1d17407faad9d7bc79e,GPU shader or color transformation lookup,OBSERVED_ON_DISK,Wink\Wink_3.16.5.apks/base.apk/assets/ARKernel3Builtin/Shaders/MTFilter_3DScene.vs
wink,SHADER_OR_LUT,MTFilter_3DSkyBox.fs,1535,ea6a8f7645100175ae340ccb1ad1d3992dc58df9cb9c61294530f5ddf8d086b7,GPU shader or color transformation lookup,OBSERVED_ON_DISK,Wink\Wink_3.16.5.apks/base.apk/assets/ARKernel3Builtin/Shaders/MTFilter_3DSkyBox.fs
wink,SHADER_OR_LUT,MTFilter_3DSkyBox.vs,400,011e9756f67d1760e5122c52b01c2492ab59bbda0a48b2d309f9b37a944d3522,GPU shader or color transformation lookup,OBSERVED_ON_DISK,Wink\Wink_3.16.5.apks/base.apk/assets/ARKernel3Builtin/Shaders/MTFilter_3DSkyBox.vs
wink,SHADER_OR_LUT,MTFilter_ARCore3DReflection.fs,4057,b50b7bef775730b904a6b1682968392fed3ca529f2e3ab629ed1f010bdb3c285,GPU shader or color transformation lookup,OBSERVED_ON_DISK,Wink\Wink_3.16.5.apks/base.apk/assets/ARKernel3Builtin/Shaders/MTFilter_ARCore3DReflection.fs
wink,SHADER_OR_LUT,MTFilter_ARCore3DReflection.vs,552,d2dac2d187c1a6e520adec233bd27a83a42fe4284c1af740b4c1103e98d30231,GPU shader or color transformation lookup,OBSERVED_ON_DISK,Wink\Wink_3.16.5.apks/base.apk/assets/ARKernel3Builtin/Shaders/MTFilter_ARCore3DReflection.vs
wink,SHADER_OR_LUT,MTFilter_ARCoreFIDFullFace.fs,1031,09b5ab0c4a3e3eebe0f00285e805ace5d2328ceb9d8d8719e27e437f047ddb82,GPU shader or color transformation lookup,OBSERVED_ON_DISK,Wink\Wink_3.16.5.apks/base.apk/assets/ARKernel3Builtin/Shaders/MTFilter_ARCoreFIDFullFace.fs
wink,SHADER_OR_LUT,MTFilter_ARCoreFIDFullFace.vs,427,af3254e64be39a04dbd129f028de5cc8df9d716558227c794cb216230610a140,GPU shader or color transformation lookup,OBSERVED_ON_DISK,Wink\Wink_3.16.5.apks/base.apk/assets/ARKernel3Builtin/Shaders/MTFilter_ARCoreFIDFullFace.vs
wink,SHADER_OR_LUT,MTFilter_AlphaMix.fs,516,0e4df9ee0749be8c1ea6039448c9fe48859a9ea03643c9e34d15b173bd551dd7,GPU shader or color transformation lookup,OBSERVED_ON_DISK,Wink\Wink_3.16.5.apks/base.apk/assets/ARKernel3Builtin/Shaders/MTFilter_AlphaMix.fs
wink,SHADER_OR_LUT,MTFilter_AlphaOne.fs,285,90e5c902e5bc54281b7eb8802340574da3903676377e0decbc03aeab671c9271,GPU shader or color transformation lookup,OBSERVED_ON_DISK,Wink\Wink_3.16.5.apks/base.apk/assets/ARKernel3Builtin/Shaders/MTFilter_AlphaOne.fs
wink,SHADER_OR_LUT,MTFilter_AlphaOne.vs,79,c33a496a3f23d23b692418dd3cf2b151535d98ba53b31bb73c0219d512cf535b,GPU shader or color transformation lookup,OBSERVED_ON_DISK,Wink\Wink_3.16.5.apks/base.apk/assets/ARKernel3Builtin/Shaders/MTFilter_AlphaOne.vs
wink,SHADER_OR_LUT,MTFilter_Base.fs,336,14a1231ba8273e83786327c910fdc712dc2c5ab5efd4bbcf82e1eb1ddf812939,GPU shader or color transformation lookup,OBSERVED_ON_DISK,Wink\Wink_3.16.5.apks/base.apk/assets/ARKernel3Builtin/Shaders/MTFilter_Base.fs
wink,SHADER_OR_LUT,MTFilter_Base.vs,195,d8158fa099a159b9e23a3961839ec9a50d36e8ee29bc4962541408e2e16c53f4,GPU shader or color transformation lookup,OBSERVED_ON_DISK,Wink\Wink_3.16.5.apks/base.apk/assets/ARKernel3Builtin/Shaders/MTFilter_Base.vs
wink,SHADER_OR_LUT,MTFilter_BaseAlpha.fs,403,c16ab89d2337688ba950d3669d4a0a41819e72cd4a810a23768d2f3e84af4f23,GPU shader or color transformation lookup,OBSERVED_ON_DISK,Wink\Wink_3.16.5.apks/base.apk/assets/ARKernel3Builtin/Shaders/MTFilter_BaseAlpha.fs
wink,SHADER_OR_LUT,MTFilter_BaseMask.fs,507,ae03a828ef234f2b91a9b4b866bc7e3624772f746787f85b525bec3ad2a03f71,GPU shader or color transformation lookup,OBSERVED_ON_DISK,Wink\Wink_3.16.5.apks/base.apk/assets/ARKernel3Builtin/Shaders/MTFilter_BaseMask.fs
wink,SHADER_OR_LUT,MTFilter_BaseMask.vs,286,b5344de08e303fe7c5bd8c1eafb92b6a546adef594912e4f2a22b6bb5765c3ea,GPU shader or color transformation lookup,OBSERVED_ON_DISK,Wink\Wink_3.16.5.apks/base.apk/assets/ARKernel3Builtin/Shaders/MTFilter_BaseMask.vs
wink,SHADER_OR_LUT,MTFilter_BasicFont.fs,462,a2ecbe845ecebff82da7adeb0ee20d5fc535f9db1075a3bd7f32d6a81ca016a8,GPU shader or color transformation lookup,OBSERVED_ON_DISK,Wink\Wink_3.16.5.apks/base.apk/assets/ARKernel3Builtin/Shaders/MTFilter_BasicFont.fs
wink,SHADER_OR_LUT,MTFilter_BasicFont.vs,213,2189304c2e51a616e42d1a57e592ddf9907a663348537be955b6086a763aaf9d,GPU shader or color transformation lookup,OBSERVED_ON_DISK,Wink\Wink_3.16.5.apks/base.apk/assets/ARKernel3Builtin/Shaders/MTFilter_BasicFont.vs
wink,SHADER_OR_LUT,MTFilter_BlackSpot.vs,347,7206be0c9422f47c7c3ffa392e6e43f9307fad32d692a34b0020949483502450,GPU shader or color transformation lookup,OBSERVED_ON_DISK,Wink\Wink_3.16.5.apks/base.apk/assets/ARKernel3Builtin/Shaders/MTFilter_BlackSpot.vs
wink,SHADER_OR_LUT,MTFilter_BlackSpot.vs_1.fs,1672,e075220d3241cd0cec873b3710452cd1e9dab638805e4b5f4ba8aee71853344e,GPU shader or color transformation lookup,OBSERVED_ON_DISK,Wink\Wink_3.16.5.apks/base.apk/assets/ARKernel3Builtin/Shaders/MTFilter_BlackSpot.vs_1.fs
wink,SHADER_OR_LUT,MTFilter_BlackSpot.vs_2.fs,3338,5ac853290079012652223e27ebf5517081bc8fc5e80629aa7cca5cc374f65f66,GPU shader or color transformation lookup,OBSERVED_ON_DISK,Wink\Wink_3.16.5.apks/base.apk/assets/ARKernel3Builtin/Shaders/MTFilter_BlackSpot.vs_2.fs
wink,SHADER_OR_LUT,MTFilter_BlackSpot.vs_3.fs,5106,22d8676ba09c7db59ca59e8fe6685a92ae2e938a693958ebc183530293bacda3,GPU shader or color transformation lookup,OBSERVED_ON_DISK,Wink\Wink_3.16.5.apks/base.apk/assets/ARKernel3Builtin/Shaders/MTFilter_BlackSpot.vs_3.fs
wink,SHADER_OR_LUT,MTFilter_BlackSpot.vs_4.fs,4404,aeb601986e961e826eabe6c4222b31f0d33b3f6317e82f55ee5563e1ac704232,GPU shader or color transformation lookup,OBSERVED_ON_DISK,Wink\Wink_3.16.5.apks/base.apk/assets/ARKernel3Builtin/Shaders/MTFilter_BlackSpot.vs_4.fs
wink,SHADER_OR_LUT,MTFilter_BlackSpot.vs_5.fs,922,73ec19ed74045491f827c4737272efae3821af83506411e3d0bbfa12c430650a,GPU shader or color transformation lookup,OBSERVED_ON_DISK,Wink\Wink_3.16.5.apks/base.apk/assets/ARKernel3Builtin/Shaders/MTFilter_BlackSpot.vs_5.fs
wink,SHADER_OR_LUT,MTFilter_Blend.fs,2783,0fbf5fb5e699c5a9a541d702faf7b2d5f5cb41dc90b64941057c21b2a8a20416,GPU shader or color transformation lookup,OBSERVED_ON_DISK,Wink\Wink_3.16.5.apks/base.apk/assets/ARKernel3Builtin/Shaders/MTFilter_Blend.fs
wink,SHADER_OR_LUT,MTFilter_ChangeColor.fs,575,4e48a5465df8530d7ee2b95d407330a4cb0b5cd0abe149f51d5eaa1879f69050,GPU shader or color transformation lookup,OBSERVED_ON_DISK,Wink\Wink_3.16.5.apks/base.apk/assets/ARKernel3Builtin/Shaders/MTFilter_ChangeColor.fs
wink,SHADER_OR_LUT,MTFilter_ColorPaint.fs,313,c097b34e1799f1665d3682b345bcfc863a8fb97713ed2f1cb34676db9c27c709,GPU shader or color transformation lookup,OBSERVED_ON_DISK,Wink\Wink_3.16.5.apks/base.apk/assets/ARKernel3Builtin/Shaders/MTFilter_ColorPaint.fs
wink,SHADER_OR_LUT,MTFilter_ColorPaint.vs,213,f3fed07fdc32b7584697c75775275476c18f9a5c50e131637d7d77c2cb1a72ed,GPU shader or color transformation lookup,OBSERVED_ON_DISK,Wink\Wink_3.16.5.apks/base.apk/assets/ARKernel3Builtin/Shaders/MTFilter_ColorPaint.vs
wink,SHADER_OR_LUT,MTFilter_Common2D.fs,1829,916c177965d0ed1b46158f796c8e1e1ce2608c1e4b293cbd1415d96cdd53c471,GPU shader or color transformation lookup,OBSERVED_ON_DISK,Wink\Wink_3.16.5.apks/base.apk/assets/ARKernel3Builtin/Shaders/MTFilter_Common2D.fs
wink,SHADER_OR_LUT,MTFilter_Common2D.vs,663,b37ef6208003b52a94464f0b66656831bc61454c0519d70138101b5508db572e,GPU shader or color transformation lookup,OBSERVED_ON_DISK,Wink\Wink_3.16.5.apks/base.apk/assets/ARKernel3Builtin/Shaders/MTFilter_Common2D.vs
wink,SHADER_OR_LUT,MTFilter_Depth.fs,471,03e24087b56927f29fc17fc80c2fa5a62d0a2c9c1c6bdcc75e50550871de640f,GPU shader or color transformation lookup,OBSERVED_ON_DISK,Wink\Wink_3.16.5.apks/base.apk/assets/ARKernel3Builtin/Shaders/MTFilter_Depth.fs
wink,SHADER_OR_LUT,MTFilter_Depth.vs,160,59a9f81c3b6818b0f0eed377ee08596ee1a18c40303cae9f54d33348916b4d22,GPU shader or color transformation lookup,OBSERVED_ON_DISK,Wink\Wink_3.16.5.apks/base.apk/assets/ARKernel3Builtin/Shaders/MTFilter_Depth.vs
wink,SHADER_OR_LUT,MTFilter_Depth_Shadow.fs,564,275e090f2eba1305442c8b043a52e2aadc0cc4af13d2fc1109337b9c51da42e5,GPU shader or color transformation lookup,OBSERVED_ON_DISK,Wink\Wink_3.16.5.apks/base.apk/assets/ARKernel3Builtin/Shaders/MTFilter_Depth_Shadow.fs
wink,SHADER_OR_LUT,MTFilter_Depth_Shadow.vs,946,ad9bc1cb7d22f7b48a7d568da5731ff02ec854a25aab72b77567c567af68884a,GPU shader or color transformation lookup,OBSERVED_ON_DISK,Wink\Wink_3.16.5.apks/base.apk/assets/ARKernel3Builtin/Shaders/MTFilter_Depth_Shadow.vs
wink,SHADER_OR_LUT,MTFilter_DetectionSkinMask.fs,1583,d7a6ad407c24c504b157f7da208f530f4889e87a7cad72ba82ff589ae2dd558f,GPU shader or color transformation lookup,OBSERVED_ON_DISK,Wink\Wink_3.16.5.apks/base.apk/assets/ARKernel3Builtin/Shaders/MTFilter_DetectionSkinMask.fs
wink,SHADER_OR_LUT,MTFilter_DetectionSkinMask.vs,221,f218ae801fc4d6ccbb0d4d8a98066502ea11918ba9b285a2b587de7b5083e7af,GPU shader or color transformation lookup,OBSERVED_ON_DISK,Wink\Wink_3.16.5.apks/base.apk/assets/ARKernel3Builtin/Shaders/MTFilter_DetectionSkinMask.vs
wink,SHADER_OR_LUT,MTFilter_FaceBeautify.fs,1569,3027fbc60d2055536aae96f6279aaa444845c3095fc0dcc779d82b9668a6fdd3,GPU shader or color transformation lookup,OBSERVED_ON_DISK,Wink\Wink_3.16.5.apks/base.apk/assets/ARKernel3Builtin/Shaders/MTFilter_FaceBeautify.fs
wink,SHADER_OR_LUT,MTFilter_FaceFuse.fs,1028,1d487f5dc5aa0d4ec8190aceca5b9060d09c9aa9fa723986c7a442e8307a3e07,GPU shader or color transformation lookup,OBSERVED_ON_DISK,Wink\Wink_3.16.5.apks/base.apk/assets/ARKernel3Builtin/Shaders/MTFilter_FaceFuse.fs
wink,SHADER_OR_LUT,MTFilter_FaceFuse.vs,371,853190b5dc56eb7bcbc09f0f6191ce3c13c8790c9d5bf7fa00b7b0db2fdefa9d,GPU shader or color transformation lookup,OBSERVED_ON_DISK,Wink\Wink_3.16.5.apks/base.apk/assets/ARKernel3Builtin/Shaders/MTFilter_FaceFuse.vs
wink,SHADER_OR_LUT,MTFilter_FaceMaskSelect.fs,316,d42dfad3d5385379fae0f787baff29c2cf98cd88f92647f833c2a55dd54b0df9,GPU shader or color transformation lookup,OBSERVED_ON_DISK,Wink\Wink_3.16.5.apks/base.apk/assets/ARKernel3Builtin/Shaders/MTFilter_FaceMaskSelect.fs
wink,SHADER_OR_LUT,MTFilter_FaceMaskSelect.vs,120,a6eb011725c35301a2a7fa89411577b2874caf11a41761c0f81409ececd1c675,GPU shader or color transformation lookup,OBSERVED_ON_DISK,Wink\Wink_3.16.5.apks/base.apk/assets/ARKernel3Builtin/Shaders/MTFilter_FaceMaskSelect.vs
wink,SHADER_OR_LUT,MTFilter_FreezeObject_4x4.fs,1493,35324c2dc43f1748ae0d2042cc41616f20adec0dcc2b6c4d87a83018af4b5f15,GPU shader or color transformation lookup,OBSERVED_ON_DISK,Wink\Wink_3.16.5.apks/base.apk/assets/ARKernel3Builtin/Shaders/MTFilter_FreezeObject_4x4.fs
wink,SHADER_OR_LUT,MTFilter_FreezeObject_4x4.vs,188,15ca2f40d49331507d14d8e1304e23f721511297f0dc7305ebbfdfa8e4cd4809,GPU shader or color transformation lookup,OBSERVED_ON_DISK,Wink\Wink_3.16.5.apks/base.apk/assets/ARKernel3Builtin/Shaders/MTFilter_FreezeObject_4x4.vs
wink,SHADER_OR_LUT,MTFilter_GaussianBlur.fs,1435,5359b48a618a5c891b8a98eb7dc084c8a43abe8a08d546239768468ee01cde01,GPU shader or color transformation lookup,OBSERVED_ON_DISK,Wink\Wink_3.16.5.apks/base.apk/assets/ARKernel3Builtin/Shaders/MTFilter_GaussianBlur.fs
wink,SHADER_OR_LUT,MTFilter_GaussianBlur.vs,850,2dfe065a96b35dca9727a8f0909ec8c511af116b8e313f43579afdf5a3f79264,GPU shader or color transformation lookup,OBSERVED_ON_DISK,Wink\Wink_3.16.5.apks/base.apk/assets/ARKernel3Builtin/Shaders/MTFilter_GaussianBlur.vs
wink,SHADER_OR_LUT,MTFilter_HairMaskMix.fs,564,d55750d95a241126ee970ac4293e82f6b8cf85a18ab5f76e8c6f1fa9f8bc5b57,GPU shader or color transformation lookup,OBSERVED_ON_DISK,Wink\Wink_3.16.5.apks/base.apk/assets/ARKernel3Builtin/Shaders/MTFilter_HairMaskMix.fs
wink,SHADER_OR_LUT,MTFilter_HairMaskMix.vs,209,191c9c761d0bdaab0a1cf099f369203a0959bcf0397931abab472ec10f21c436,GPU shader or color transformation lookup,OBSERVED_ON_DISK,Wink\Wink_3.16.5.apks/base.apk/assets/ARKernel3Builtin/Shaders/MTFilter_HairMaskMix.vs
wink,SHADER_OR_LUT,MTFilter_HeadDebug.fs,278,817deb4dc3c7f90c6495e115a580f0d05fc3173a50b766e3c6fd08b5f40787ba,GPU shader or color transformation lookup,OBSERVED_ON_DISK,Wink\Wink_3.16.5.apks/base.apk/assets/ARKernel3Builtin/Shaders/MTFilter_HeadDebug.fs
wink,SHADER_OR_LUT,MTFilter_HeadDebug.vs,932,0d4a8eeb308fc18a87541103bf4f81d43ab71eb762d8d967f18bfd5aa6054ad1,GPU shader or color transformation lookup,OBSERVED_ON_DISK,Wink\Wink_3.16.5.apks/base.apk/assets/ARKernel3Builtin/Shaders/MTFilter_HeadDebug.vs
wink,SHADER_OR_LUT,MTFilter_MLSSP.fs,4885,9bf871052a71c15bc4a0e9b42613818b3d078a2f00c6c6e3b519173ca14407d1,GPU shader or color transformation lookup,OBSERVED_ON_DISK,Wink\Wink_3.16.5.apks/base.apk/assets/ARKernel3Builtin/Shaders/MTFilter_MLSSP.fs
wink,SHADER_OR_LUT,MTFilter_MLSSP.vs,195,d8158fa099a159b9e23a3961839ec9a50d36e8ee29bc4962541408e2e16c53f4,GPU shader or color transformation lookup,OBSERVED_ON_DISK,Wink\Wink_3.16.5.apks/base.apk/assets/ARKernel3Builtin/Shaders/MTFilter_MLSSP.vs
wink,SHADER_OR_LUT,MTFilter_MagicPen.fs,627,789c26db134ccb51c08321caac1d1dc514f6d8375828b792b70dff71499cc6dc,GPU shader or color transformation lookup,OBSERVED_ON_DISK,Wink\Wink_3.16.5.apks/base.apk/assets/ARKernel3Builtin/Shaders/MTFilter_MagicPen.fs
wink,SHADER_OR_LUT,MTFilter_MagicPen.vs,455,4fc7c7223dd27d47e99a28b1c372463dab8aea35fb47f58fa575d59f0160f4ee,GPU shader or color transformation lookup,OBSERVED_ON_DISK,Wink\Wink_3.16.5.apks/base.apk/assets/ARKernel3Builtin/Shaders/MTFilter_MagicPen.vs
wink,SHADER_OR_LUT,MTFilter_MaskMix.fs,511,58bfd8787a3697fbd5fd5c428cb68c6b662f91bc0dad88d6ff23bb90f4acca86,GPU shader or color transformation lookup,OBSERVED_ON_DISK,Wink\Wink_3.16.5.apks/base.apk/assets/ARKernel3Builtin/Shaders/MTFilter_MaskMix.fs
wink,SHADER_OR_LUT,MTFilter_MaskMix.vs,215,b0cf658a097236ba36a21f7cda7b7945524cb140efa99738c55dd43cd738e40f,GPU shader or color transformation lookup,OBSERVED_ON_DISK,Wink\Wink_3.16.5.apks/base.apk/assets/ARKernel3Builtin/Shaders/MTFilter_MaskMix.vs
wink,SHADER_OR_LUT,MTFilter_OBB.fs,250,96b81204a8a10a73879c78697ad131c6123c4cc3e68bffb40b86bcb4665a1ce0,GPU shader or color transformation lookup,OBSERVED_ON_DISK,Wink\Wink_3.16.5.apks/base.apk/assets/ARKernel3Builtin/Shaders/MTFilter_OBB.fs
wink,SHADER_OR_LUT,MTFilter_OBB.vs,191,cf3c2be0504caf035e76c5c3944cfbf96abe0babf645f632f735a379fe0c848c,GPU shader or color transformation lookup,OBSERVED_ON_DISK,Wink\Wink_3.16.5.apks/base.apk/assets/ARKernel3Builtin/Shaders/MTFilter_OBB.vs
wink,SHADER_OR_LUT,MTFilter_Point.fs,309,3e7aba2ea5bb46a3e7662aa5ae580b0a54e52e40e930697a8b7cfe412e5622d7,GPU shader or color transformation lookup,OBSERVED_ON_DISK,Wink\Wink_3.16.5.apks/base.apk/assets/ARKernel3Builtin/Shaders/MTFilter_Point.fs
wink,SHADER_OR_LUT,MTFilter_Point.vs,179,9e2a72f2804f40071e93155f3c7a49ff67a3711a059b63638f99935745245830,GPU shader or color transformation lookup,OBSERVED_ON_DISK,Wink\Wink_3.16.5.apks/base.apk/assets/ARKernel3Builtin/Shaders/MTFilter_Point.vs
wink,SHADER_OR_LUT,MTFilter_ReconstructorV2.fs,14971,8fb8f32de1e6f848ceadf5c7e41688408fbbf934a7d7894a9424d92f7984dadf,GPU shader or color transformation lookup,OBSERVED_ON_DISK,Wink\Wink_3.16.5.apks/base.apk/assets/ARKernel3Builtin/Shaders/MTFilter_ReconstructorV2.fs
wink,SHADER_OR_LUT,MTFilter_ReconstructorV2.vs,609,a179ab8f86f69d519b4bf8a1a0a14b41e3d4e197f0a9bde595e82c32a04bd7fc,GPU shader or color transformation lookup,OBSERVED_ON_DISK,Wink\Wink_3.16.5.apks/base.apk/assets/ARKernel3Builtin/Shaders/MTFilter_ReconstructorV2.vs
wink,SHADER_OR_LUT,MTFilter_ReconstructorV2p5.vs,407,d72cfa3ce7611d8c7926e29b8a5eba8c1cd4818112c52c297f36e3946a53d165,GPU shader or color transformation lookup,OBSERVED_ON_DISK,Wink\Wink_3.16.5.apks/base.apk/assets/ARKernel3Builtin/Shaders/MTFilter_ReconstructorV2p5.vs
wink,SHADER_OR_LUT,MTFilter_SPMLS1.fs,268,bdf54d1aaae72ea286e48c844c9b3727b091c140a1495f3ee2104b65d6331d82,GPU shader or color transformation lookup,OBSERVED_ON_DISK,Wink\Wink_3.16.5.apks/base.apk/assets/ARKernel3Builtin/Shaders/MTFilter_SPMLS1.fs
wink,SHADER_OR_LUT,MTFilter_SPMLS1.vs,1370,bc96c3032804d2d45d19b504496cb0b90d789f63b2485866352c8b0bd4762a30,GPU shader or color transformation lookup,OBSERVED_ON_DISK,Wink\Wink_3.16.5.apks/base.apk/assets/ARKernel3Builtin/Shaders/MTFilter_SPMLS1.vs
wink,SHADER_OR_LUT,MTFilter_SPMLS1_New.fs,268,bdf54d1aaae72ea286e48c844c9b3727b091c140a1495f3ee2104b65d6331d82,GPU shader or color transformation lookup,OBSERVED_ON_DISK,Wink\Wink_3.16.5.apks/base.apk/assets/ARKernel3Builtin/Shaders/MTFilter_SPMLS1_New.fs
wink,SHADER_OR_LUT,MTFilter_SPMLS1_New.vs,977,5d1f66011e3b6b4be3d2a7c7c2b091a4c089ec34d85f4aa414bc8319d110f42b,GPU shader or color transformation lookup,OBSERVED_ON_DISK,Wink\Wink_3.16.5.apks/base.apk/assets/ARKernel3Builtin/Shaders/MTFilter_SPMLS1_New.vs
wink,SHADER_OR_LUT,MTFilter_SPMLS2.fs,815,6c50dbccac650f5b8bfc8bb600af68b7f0bd32f3351cb1188dbc697003482715,GPU shader or color transformation lookup,OBSERVED_ON_DISK,Wink\Wink_3.16.5.apks/base.apk/assets/ARKernel3Builtin/Shaders/MTFilter_SPMLS2.fs
wink,SHADER_OR_LUT,MTFilter_SPMLS2.vs,1444,91c78917e1df9cb5f19a1115b4b97554fb1f6256e9f5f72811a9a8192b8e9ab3,GPU shader or color transformation lookup,OBSERVED_ON_DISK,Wink\Wink_3.16.5.apks/base.apk/assets/ARKernel3Builtin/Shaders/MTFilter_SPMLS2.vs
wink,SHADER_OR_LUT,MTFilter_SPMLS2_New.fs,3282,6552da4d62e6e0fe7b33305c7077065834191c802f6d7543a99bdf7903ef0181,GPU shader or color transformation lookup,OBSERVED_ON_DISK,Wink\Wink_3.16.5.apks/base.apk/assets/ARKernel3Builtin/Shaders/MTFilter_SPMLS2_New.fs
wink,SHADER_OR_LUT,MTFilter_SPMLS2_New.vs,1124,e70857bce2f98273e36abc29f790875a04fdd8608e6df93cc53d8717898157fb,GPU shader or color transformation lookup,OBSERVED_ON_DISK,Wink\Wink_3.16.5.apks/base.apk/assets/ARKernel3Builtin/Shaders/MTFilter_SPMLS2_New.vs
wink,SHADER_OR_LUT,MTFilter_SPMLSToMayXY.fs,762,869ea1918a6816170e674d41973f07bcafb351d08f35c7509f80586367f4ce4b,GPU shader or color transformation lookup,OBSERVED_ON_DISK,Wink\Wink_3.16.5.apks/base.apk/assets/ARKernel3Builtin/Shaders/MTFilter_SPMLSToMayXY.fs
wink,SHADER_OR_LUT,MTFilter_SPMLSToMayXY.vs,1418,d5b79b21f54ab758c02e8e741e8f9787e2344c49f99ceb77ab8a5c2df49d5070,GPU shader or color transformation lookup,OBSERVED_ON_DISK,Wink\Wink_3.16.5.apks/base.apk/assets/ARKernel3Builtin/Shaders/MTFilter_SPMLSToMayXY.vs
wink,SHADER_OR_LUT,MTFilter_SPMLS_Mask.fs,393,bdbed362f73834c5645cddef8475119417a19d5b1c388a0c0bc76d5760e591ed,GPU shader or color transformation lookup,OBSERVED_ON_DISK,Wink\Wink_3.16.5.apks/base.apk/assets/ARKernel3Builtin/Shaders/MTFilter_SPMLS_Mask.fs
wink,SHADER_OR_LUT,MTFilter_SPMLS_Mask.vs,200,ff237865d7e37457e8b1024eed6794a7d799e30ec49567ddd341361566e078b7,GPU shader or color transformation lookup,OBSERVED_ON_DISK,Wink\Wink_3.16.5.apks/base.apk/assets/ARKernel3Builtin/Shaders/MTFilter_SPMLS_Mask.vs
wink,SHADER_OR_LUT,MTFilter_SPMLStoImg.fs,755,f40529071de26369062d2a50e958b1efef46a9dd53194eb6c2cc92c70344cc6b,GPU shader or color transformation lookup,OBSERVED_ON_DISK,Wink\Wink_3.16.5.apks/base.apk/assets/ARKernel3Builtin/Shaders/MTFilter_SPMLStoImg.fs
wink,SHADER_OR_LUT,MTFilter_SPMLStoImg.vs,1410,05c7199c6b20bca613d887c50e01b205552ad8f40e4028b294abe5a8f7dece47,GPU shader or color transformation lookup,OBSERVED_ON_DISK,Wink\Wink_3.16.5.apks/base.apk/assets/ARKernel3Builtin/Shaders/MTFilter_SPMLStoImg.vs
wink,SHADER_OR_LUT,MTFilter_SPMLStoImgBig.fs,250,0106bc4f8b55513b9ec36c444c55f0a269e202e9911dc9fd4360ec536b1be8c0,GPU shader or color transformation lookup,OBSERVED_ON_DISK,Wink\Wink_3.16.5.apks/base.apk/assets/ARKernel3Builtin/Shaders/MTFilter_SPMLStoImgBig.fs
wink,SHADER_OR_LUT,MTFilter_SPMLStoImgBig.vs,157,2733a2b3a08ba1446e492c5161e203bc46523671e8c5c149046dd2defcbefee2,GPU shader or color transformation lookup,OBSERVED_ON_DISK,Wink\Wink_3.16.5.apks/base.apk/assets/ARKernel3Builtin/Shaders/MTFilter_SPMLStoImgBig.vs
wink,SHADER_OR_LUT,MTFilter_Sample.fs,468,ad9d54fe6fc44efc1b488def66a91e8cd8e697026808b015ab1c64e7d0a52eb7,GPU shader or color transformation lookup,OBSERVED_ON_DISK,Wink\Wink_3.16.5.apks/base.apk/assets/ARKernel3Builtin/Shaders/MTFilter_Sample.fs
wink,SHADER_OR_LUT,MTFilter_Sample.vs,213,e41493fd7f476c4d04ff199b3017ffd20b20f41017195fc0739daca8b0846eaa,GPU shader or color transformation lookup,OBSERVED_ON_DISK,Wink\Wink_3.16.5.apks/base.apk/assets/ARKernel3Builtin/Shaders/MTFilter_Sample.vs
wink,SHADER_OR_LUT,MTFilter_SegmentMaskMix.fs,1252,07f47b0a3c365a7b1caa92858522c7507aa782757bd65db8824dce93b6bc3687,GPU shader or color transformation lookup,OBSERVED_ON_DISK,Wink\Wink_3.16.5.apks/base.apk/assets/ARKernel3Builtin/Shaders/MTFilter_SegmentMaskMix.fs
wink,SHADER_OR_LUT,MTFilter_SegmentMaskMix.vs,213,743fcf856a88ed77cde62d7a35e721c1158995d386d549dea5a20f8852be052e,GPU shader or color transformation lookup,OBSERVED_ON_DISK,Wink\Wink_3.16.5.apks/base.apk/assets/ARKernel3Builtin/Shaders/MTFilter_SegmentMaskMix.vs
wink,SHADER_OR_LUT,MTFilter_SegmentStroke2.fs,1972,d73755e598fb6e2f2a7ae107af9ce660b74ca596a3f14bc60f2c7fc2843ac148,GPU shader or color transformation lookup,OBSERVED_ON_DISK,Wink\Wink_3.16.5.apks/base.apk/assets/ARKernel3Builtin/Shaders/MTFilter_SegmentStroke2.fs
wink,SHADER_OR_LUT,MTFilter_SegmentStroke2.vs,206,9f4aec1c79aacbc54d5921a244d09e1aaad04b8dc59a5db927492271b9444319,GPU shader or color transformation lookup,OBSERVED_ON_DISK,Wink\Wink_3.16.5.apks/base.apk/assets/ARKernel3Builtin/Shaders/MTFilter_SegmentStroke2.vs
wink,SHADER_OR_LUT,MTFilter_SegmentSwellH.fs,1739,3071914e2dc25649a30c730f1d58705492faf32266c14ca9c47e673097e99e9c,GPU shader or color transformation lookup,OBSERVED_ON_DISK,Wink\Wink_3.16.5.apks/base.apk/assets/ARKernel3Builtin/Shaders/MTFilter_SegmentSwellH.fs
wink,SHADER_OR_LUT,MTFilter_SegmentSwellH.vs,915,f3bf4857122d9efc03e7c936234e7cbd094d0931706576149ed0caf142b9eed9,GPU shader or color transformation lookup,OBSERVED_ON_DISK,Wink\Wink_3.16.5.apks/base.apk/assets/ARKernel3Builtin/Shaders/MTFilter_SegmentSwellH.vs
wink,SHADER_OR_LUT,MTFilter_SegmentSwellV.fs,1397,3ca120c96ef49a9427223f3f50d0a3e28e940ab679111eb337001b1a73e04ff1,GPU shader or color transformation lookup,OBSERVED_ON_DISK,Wink\Wink_3.16.5.apks/base.apk/assets/ARKernel3Builtin/Shaders/MTFilter_SegmentSwellV.fs
wink,SHADER_OR_LUT,MTFilter_SegmentSwellV.vs,913,ba424a5784eb985ec2dcaaf9ff1836e9fb72324dc61236e269919e50de6c68ae,GPU shader or color transformation lookup,OBSERVED_ON_DISK,Wink\Wink_3.16.5.apks/base.apk/assets/ARKernel3Builtin/Shaders/MTFilter_SegmentSwellV.vs
wink,SHADER_OR_LUT,MTFilter_SkinBeautify.fs,4182,778db6e5a042570a02f661eca830921a9c1c424db829b3cdac4db99a4cbf63e0,GPU shader or color transformation lookup,OBSERVED_ON_DISK,Wink\Wink_3.16.5.apks/base.apk/assets/ARKernel3Builtin/Shaders/MTFilter_SkinBeautify.fs
wink,SHADER_OR_LUT,MTFilter_SkinTransfer.fs,1825,ac65b34e8ba82b6f207c70555e1529615e20b0c10c77a8ad80d43d9d73bdd167,GPU shader or color transformation lookup,OBSERVED_ON_DISK,Wink\Wink_3.16.5.apks/base.apk/assets/ARKernel3Builtin/Shaders/MTFilter_SkinTransfer.fs
wink,SHADER_OR_LUT,MTFilter_SkinTransfer.vs,165,595f4148a4c0b9c58e62ab29081b93604eee0992a1d6d5a859c5203557e58380,GPU shader or color transformation lookup,OBSERVED_ON_DISK,Wink\Wink_3.16.5.apks/base.apk/assets/ARKernel3Builtin/Shaders/MTFilter_SkinTransfer.vs
wink,SHADER_OR_LUT,MTFilter_Slam_Filter_Mask.fs,2043,4fecba4154d9bd8249468d581b1abcb9242eb301e2aeb16c2cb0f117aa8d1ba5,GPU shader or color transformation lookup,OBSERVED_ON_DISK,Wink\Wink_3.16.5.apks/base.apk/assets/ARKernel3Builtin/Shaders/MTFilter_Slam_Filter_Mask.fs
wink,SHADER_OR_LUT,MTFilter_Slam_Filter_Mask.vs,219,ebdb284bf6558957b341cf2457a1bf5c1f1933ef4c52a071877ce0c612d2557b,GPU shader or color transformation lookup,OBSERVED_ON_DISK,Wink\Wink_3.16.5.apks/base.apk/assets/ARKernel3Builtin/Shaders/MTFilter_Slam_Filter_Mask.vs
wink,SHADER_OR_LUT,MTFilter_Slam_Plane.fs,845,ec135e3ea242ae598700b98b8acbff2e68de7151d1e2046d38ce28f742c79b18,GPU shader or color transformation lookup,OBSERVED_ON_DISK,Wink\Wink_3.16.5.apks/base.apk/assets/ARKernel3Builtin/Shaders/MTFilter_Slam_Plane.fs
wink,SHADER_OR_LUT,MTFilter_Slam_Plane.vs,219,ebdb284bf6558957b341cf2457a1bf5c1f1933ef4c52a071877ce0c612d2557b,GPU shader or color transformation lookup,OBSERVED_ON_DISK,Wink\Wink_3.16.5.apks/base.apk/assets/ARKernel3Builtin/Shaders/MTFilter_Slam_Plane.vs
wink,SHADER_OR_LUT,MTFilter_Soul_Out.fs,538,7c9add0182c3482c446aefa3f915a70b3d022f64b741a2ec1cf1b926b2ef23d8,GPU shader or color transformation lookup,OBSERVED_ON_DISK,Wink\Wink_3.16.5.apks/base.apk/assets/ARKernel3Builtin/Shaders/MTFilter_Soul_Out.fs
wink,SHADER_OR_LUT,MTFilter_Soul_Out.vs,279,8a5d88860a6cc6b3e18a162bac2b934a75bfc656a7cdfbd4397a637d6833f1f6,GPU shader or color transformation lookup,OBSERVED_ON_DISK,Wink\Wink_3.16.5.apks/base.apk/assets/ARKernel3Builtin/Shaders/MTFilter_Soul_Out.vs
wink,SHADER_OR_LUT,MTFilter_Swizzle.fs,665,586ed37097dc0d9f0fd97540460779f8f81253e77f41bbb0259645579c530f2c,GPU shader or color transformation lookup,OBSERVED_ON_DISK,Wink\Wink_3.16.5.apks/base.apk/assets/ARKernel3Builtin/Shaders/MTFilter_Swizzle.fs
wink,SHADER_OR_LUT,MTFilter_Swizzle.vs,318,9cb16510bbe29a56f18c7fcb618c81e645006df87209a6550dfea60a05b9422f,GPU shader or color transformation lookup,OBSERVED_ON_DISK,Wink\Wink_3.16.5.apks/base.apk/assets/ARKernel3Builtin/Shaders/MTFilter_Swizzle.vs
wink,SHADER_OR_LUT,MTFilter_Texutre_Mask.fs,402,77bd948f8e0e2d1f0179ebc24742ed18fa77855a7319ac16a6f607f6a23800d7,GPU shader or color transformation lookup,OBSERVED_ON_DISK,Wink\Wink_3.16.5.apks/base.apk/assets/ARKernel3Builtin/Shaders/MTFilter_Texutre_Mask.fs
wink,SHADER_OR_LUT,MTFilter_TransferFeaturesRender.fs,931,cc165dc93ef3e213d7c84eb91ccb5ee375070bb2da4bc9f39a05c5c85f33fe55,GPU shader or color transformation lookup,OBSERVED_ON_DISK,Wink\Wink_3.16.5.apks/base.apk/assets/ARKernel3Builtin/Shaders/MTFilter_TransferFeaturesRender.fs
wink,SHADER_OR_LUT,MTFilter_TransferFeaturesRender.vs,306,2f4d957b34d27d8bb7693a3af0e3b88f20056c24f64fe6291e4ee70285515d6a,GPU shader or color transformation lookup,OBSERVED_ON_DISK,Wink\Wink_3.16.5.apks/base.apk/assets/ARKernel3Builtin/Shaders/MTFilter_TransferFeaturesRender.vs
wink,SHADER_OR_LUT,MTGlassWaterDropfreezeobject.fs,2286,6f10d18a2e4d36919ed056e8dd9277e2dde04422cfdf86dc981031262aab38d2,GPU shader or color transformation lookup,OBSERVED_ON_DISK,Wink\Wink_3.16.5.apks/base.apk/assets/ARKernel3Builtin/Shaders/MTGlassWaterDropfreezeobject.fs
wink,SHADER_OR_LUT,MTGlassWaterDropfreezeobject.vs,2417,f1e9dab88d7cf9dc74412d042fdfdc2f0e568c97f0e0e1011bae6695faf9a4ee,GPU shader or color transformation lookup,OBSERVED_ON_DISK,Wink\Wink_3.16.5.apks/base.apk/assets/ARKernel3Builtin/Shaders/MTGlassWaterDropfreezeobject.vs
wink,SHADER_OR_LUT,MTRotateOverlap.fs,519,f5471fdeddce085b78cc1df00f6ce27d72f59bc903b5a5919125401c41ed1d13,GPU shader or color transformation lookup,OBSERVED_ON_DISK,Wink\Wink_3.16.5.apks/base.apk/assets/ARKernel3Builtin/Shaders/MTRotateOverlap.fs
wink,SHADER_OR_LUT,MTRotateOverlap.vs,211,4bab0fd833d67f58a1fe0bdaacc7af4f6196ca00180ca0343726f0bd9da0cc35,GPU shader or color transformation lookup,OBSERVED_ON_DISK,Wink\Wink_3.16.5.apks/base.apk/assets/ARKernel3Builtin/Shaders/MTRotateOverlap.vs
wink,SHADER_OR_LUT,MTRotateScale.fs,375,84e792256cf10735439126d93e68c9e5e5e53da97812af936b598858cb345cda,GPU shader or color transformation lookup,OBSERVED_ON_DISK,Wink\Wink_3.16.5.apks/base.apk/assets/ARKernel3Builtin/Shaders/MTRotateScale.fs
wink,SHADER_OR_LUT,MTRotateScale.vs,310,65549c3f4aa047c105fb86c54ab6730b784007f56f8cb2d313ee748d41c40c83,GPU shader or color transformation lookup,OBSERVED_ON_DISK,Wink\Wink_3.16.5.apks/base.apk/assets/ARKernel3Builtin/Shaders/MTRotateScale.vs
wink,SHADER_OR_LUT,MTRotateScaleBlend.fs,646,57a3e2b8873ac289ef956760ae68c5a1957677021b0ab481d11f276488d98bc8,GPU shader or color transformation lookup,OBSERVED_ON_DISK,Wink\Wink_3.16.5.apks/base.apk/assets/ARKernel3Builtin/Shaders/MTRotateScaleBlend.fs
wink,SHADER_OR_LUT,MTRotateScaleBlend.vs,212,6dc78355c40d48513d81a0a90e29f05286ccb11eb4dd1132fa0fd52da1261508,GPU shader or color transformation lookup,OBSERVED_ON_DISK,Wink\Wink_3.16.5.apks/base.apk/assets/ARKernel3Builtin/Shaders/MTRotateScaleBlend.vs
wink,SHADER_OR_LUT,MTRotateScaleVideoMask.fs,745,d4429526cdb7509ce527c3b9dcae5935e782f3bc05029766094c988c762e104b,GPU shader or color transformation lookup,OBSERVED_ON_DISK,Wink\Wink_3.16.5.apks/base.apk/assets/ARKernel3Builtin/Shaders/MTRotateScaleVideoMask.fs
wink,SHADER_OR_LUT,MTRotateScaleVideoMask.vs,315,362c11913eeaadc5de23f6bfd8aa8f3eb28e8381c2552ccf434a3787500f60d4,GPU shader or color transformation lookup,OBSERVED_ON_DISK,Wink\Wink_3.16.5.apks/base.apk/assets/ARKernel3Builtin/Shaders/MTRotateScaleVideoMask.vs
wink,SHADER_OR_LUT,DouChannelMixture.fs,958,74f7792dd3cd257da6f67e235492be2ea02edec84371b2b00c0934594e132750,GPU shader or color transformation lookup,OBSERVED_ON_DISK,Wink\Wink_3.16.5.apks/base.apk/assets/ARKernel3Builtin/Shaders/MVExtension/DouChannelMixture.fs
wink,SHADER_OR_LUT,DouChannelMixture.vs,306,6c3bc2acb12fe56bf846cf44c1271e03835925e6f48f15687523d87b8cfb36c6,GPU shader or color transformation lookup,OBSERVED_ON_DISK,Wink\Wink_3.16.5.apks/base.apk/assets/ARKernel3Builtin/Shaders/MVExtension/DouChannelMixture.vs
wink,SHADER_OR_LUT,ShadowColor.fs,428,3a6189161fa3d0da785456debd581161c878d22c2f80d2997a424129b5cb0e52,GPU shader or color transformation lookup,OBSERVED_ON_DISK,Wink\Wink_3.16.5.apks/base.apk/assets/ARKernel3Builtin/Shaders/MVExtension/ShadowColor.fs
wink,SHADER_OR_LUT,ShadowColor.vs,213,743fcf856a88ed77cde62d7a35e721c1158995d386d549dea5a20f8852be052e,GPU shader or color transformation lookup,OBSERVED_ON_DISK,Wink\Wink_3.16.5.apks/base.apk/assets/ARKernel3Builtin/Shaders/MVExtension/ShadowColor.vs
wink,SHADER_OR_LUT,ShadowGray.fs,567,f3cc777e7bff3e7935af14ab22360a6440f08674b53e4bae6c78d74f5fe32097,GPU shader or color transformation lookup,OBSERVED_ON_DISK,Wink\Wink_3.16.5.apks/base.apk/assets/ARKernel3Builtin/Shaders/MVExtension/ShadowGray.fs
wink,SHADER_OR_LUT,ShadowGray.vs,213,743fcf856a88ed77cde62d7a35e721c1158995d386d549dea5a20f8852be052e,GPU shader or color transformation lookup,OBSERVED_ON_DISK,Wink\Wink_3.16.5.apks/base.apk/assets/ARKernel3Builtin/Shaders/MVExtension/ShadowGray.vs
wink,SHADER_OR_LUT,TextureWithAlpha.fs,546,06daaecc4de3fd55aea361023786ef52450439db7a8f0abf3c37acc0bf43f8cc,GPU shader or color transformation lookup,OBSERVED_ON_DISK,Wink\Wink_3.16.5.apks/base.apk/assets/ARKernel3Builtin/Shaders/MVExtension/TextureWithAlpha.fs
wink,SHADER_OR_LUT,TextureWithAlpha.vs,213,743fcf856a88ed77cde62d7a35e721c1158995d386d549dea5a20f8852be052e,GPU shader or color transformation lookup,OBSERVED_ON_DISK,Wink\Wink_3.16.5.apks/base.apk/assets/ARKernel3Builtin/Shaders/MVExtension/TextureWithAlpha.vs
wink,SHADER_OR_LUT,MaskClear.fs,618,162b9da5ab0ac8a183a921f9c14aee39929fe7a6b5ce5957f9412ac736d6d20b,GPU shader or color transformation lookup,OBSERVED_ON_DISK,Wink\Wink_3.16.5.apks/base.apk/assets/ARKernel3Builtin/Shaders/Mask/MaskClear/MaskClear.fs
wink,SHADER_OR_LUT,MaskClear.vs,406,0e3094c05d5f76b66c2a2ce8bc4379986dffa63d97d9d49fdc769371b9e60da0,GPU shader or color transformation lookup,OBSERVED_ON_DISK,Wink\Wink_3.16.5.apks/base.apk/assets/ARKernel3Builtin/Shaders/Mask/MaskClear/MaskClear.vs
wink,SHADER_OR_LUT,MaskSelect.fs,620,82e1475c8c532b19ba2edfa5cdc6f994a71ed801ec6c68b02130131cf09dfd51,GPU shader or color transformation lookup,OBSERVED_ON_DISK,Wink\Wink_3.16.5.apks/base.apk/assets/ARKernel3Builtin/Shaders/Mask/MaskSelect/MaskSelect.fs
wink,SHADER_OR_LUT,MaskSelect.vs,404,0a25a2615a2b1d24f1c8b7afbd7eda584e437e4e2796086462a19cf9978fe564,GPU shader or color transformation lookup,OBSERVED_ON_DISK,Wink\Wink_3.16.5.apks/base.apk/assets/ARKernel3Builtin/Shaders/Mask/MaskSelect/MaskSelect.vs
wink,SHADER_OR_LUT,MaskBlend.fs,541,dca94d9af7e039af093cdba389ce979bfd311e3d6fcd923f989ff412366fd0c6,GPU shader or color transformation lookup,OBSERVED_ON_DISK,Wink\Wink_3.16.5.apks/base.apk/assets/ARKernel3Builtin/Shaders/MaskBlend.fs
wink,SHADER_OR_LUT,MaskBlend.vs,432,812d588cbcb0635397e4ec384793839fc628ace6779264eda0910c27f6bca81a,GPU shader or color transformation lookup,OBSERVED_ON_DISK,Wink\Wink_3.16.5.apks/base.apk/assets/ARKernel3Builtin/Shaders/MaskBlend.vs
wink,SHADER_OR_LUT,MTFilter_SegmentSwell.fs,1646,d5baf93babd8a5c921a54736ce2ddc932c314fe8031a8a97dc663df11988e82f,GPU shader or color transformation lookup,OBSERVED_ON_DISK,Wink\Wink_3.16.5.apks/base.apk/assets/ARKernel3Builtin/Shaders/Mosaic/MTFilter_SegmentSwell.fs
wink,SHADER_OR_LUT,MTFilter_SegmentSwell.vs,1571,6b5e7e1dbce97248452538ef6f2060cfc0be450c4549f7de146b73a674c344af,GPU shader or color transformation lookup,OBSERVED_ON_DISK,Wink\Wink_3.16.5.apks/base.apk/assets/ARKernel3Builtin/Shaders/Mosaic/MTFilter_SegmentSwell.vs
wink,SHADER_OR_LUT,Mosaic_Gaussian.fs,3723,812abc38b165c9f0a138aae4054aa35d56ed29157cc7f56e47f71b1e0c3abe62,GPU shader or color transformation lookup,OBSERVED_ON_DISK,Wink\Wink_3.16.5.apks/base.apk/assets/ARKernel3Builtin/Shaders/Mosaic/Mosaic_Gaussian.fs
wink,SHADER_OR_LUT,Mosaic_Gaussian.vs,1647,3b6e44a6327efd4a7b6e2e3be6db3444d77cb819a1fb41ad0cd279a67caf9e60,GPU shader or color transformation lookup,OBSERVED_ON_DISK,Wink\Wink_3.16.5.apks/base.apk/assets/ARKernel3Builtin/Shaders/Mosaic/Mosaic_Gaussian.vs
wink,SHADER_OR_LUT,Mosaic_Mask.fs,580,d9177e581acaf69b9135b2d921f7bee37b1e6960a8f64f83a378f6c090cd6dd4,GPU shader or color transformation lookup,OBSERVED_ON_DISK,Wink\Wink_3.16.5.apks/base.apk/assets/ARKernel3Builtin/Shaders/Mosaic/Mosaic_Mask.fs
wink,SHADER_OR_LUT,Mosaic_Mask.vs,570,2d9267aa09f386e5cb7cbbbc8da08747f2d71d5262a2515b3b0f441bd1fe1656,GPU shader or color transformation lookup,OBSERVED_ON_DISK,Wink\Wink_3.16.5.apks/base.apk/assets/ARKernel3Builtin/Shaders/Mosaic/Mosaic_Mask.vs
wink,SHADER_OR_LUT,Nvidia_FXAA.fs,33470,59bdc95fec2d1299eab8e3589a0ef3d7d94cce43b61200320b2d43144c5b4e0d,GPU shader or color transformation lookup,OBSERVED_ON_DISK,Wink\Wink_3.16.5.apks/base.apk/assets/ARKernel3Builtin/Shaders/Nvidia_FXAA.fs
wink,SHADER_OR_LUT,Nvidia_FXAA.vs,185,6911f3cd560dadaa92f91b4e39f738269e6ae9854c9a271bcc59886462cf82ec,GPU shader or color transformation lookup,OBSERVED_ON_DISK,Wink\Wink_3.16.5.apks/base.apk/assets/ARKernel3Builtin/Shaders/Nvidia_FXAA.vs
wink,SHADER_OR_LUT,MTFilterHSV2.fs,3310,48a7d9af076d1c4feadb5c5e717d7a9aae4a6bdb9666241e755b6e626a945e28,GPU shader or color transformation lookup,OBSERVED_ON_DISK,Wink\Wink_3.16.5.apks/base.apk/assets/ARKernel3Builtin/Shaders/RealtimeFoundation/MTFilterHSV2.fs
wink,SHADER_OR_LUT,MTFilterHSV2.vs,300,29fe80b5ec033e7042222a945019af7f404d2ff7da401c8bbff9b13f28360cdc,GPU shader or color transformation lookup,OBSERVED_ON_DISK,Wink\Wink_3.16.5.apks/base.apk/assets/ARKernel3Builtin/Shaders/RealtimeFoundation/MTFilterHSV2.vs
wink,SHADER_OR_LUT,Sticker.fs,5499,2fcb4aee8888d8a9776caaae6ca586ded48998898b6ff9a828cf7762b16c45b6,GPU shader or color transformation lookup,OBSERVED_ON_DISK,Wink\Wink_3.16.5.apks/base.apk/assets/ARKernel3Builtin/Shaders/Sticker/Sticker.fs
wink,SHADER_OR_LUT,Sticker.vs,383,091322f63b3eb5f74e735fff7bf493b17f9549156f27c15d843bb11371069b29,GPU shader or color transformation lookup,OBSERVED_ON_DISK,Wink\Wink_3.16.5.apks/base.apk/assets/ARKernel3Builtin/Shaders/Sticker/Sticker.vs
wink,SHADER_OR_LUT,occluder.fs,374,ec1e3c43fdfe517a134c4b998add734b23b88c59deb208374e0f8257079b5747,GPU shader or color transformation lookup,OBSERVED_ON_DISK,Wink\Wink_3.16.5.apks/base.apk/assets/ARKernel3Builtin/Shaders/Sticker/occluder.fs
wink,SHADER_OR_LUT,occluder.vs,160,cab106510729ffa5b8b8995b6f5dc93e00fe19112f5217e8af56a24585be05b7,GPU shader or color transformation lookup,OBSERVED_ON_DISK,Wink\Wink_3.16.5.apks/base.apk/assets/ARKernel3Builtin/Shaders/Sticker/occluder.vs
wink,SHADER_OR_LUT,faceLiquify.fs,1662,0aeb0c9490c62cf0ee70b934bb094a75b0ee89e5a4204e391000ff0601691b8f,GPU shader or color transformation lookup,OBSERVED_ON_DISK,Wink\Wink_3.16.5.apks/base.apk/assets/ARKernel3Builtin/Shaders/faceLiquify.fs
wink,SHADER_OR_LUT,faceLiquify.vs,219,6b5cff1a85cb77fc7ec9b660fa768e0c5fb7ab462776a9cb15ddb1094f03f092,GPU shader or color transformation lookup,OBSERVED_ON_DISK,Wink\Wink_3.16.5.apks/base.apk/assets/ARKernel3Builtin/Shaders/faceLiquify.vs
wink,SHADER_OR_LUT,freezeobject.fs,2286,6f10d18a2e4d36919ed056e8dd9277e2dde04422cfdf86dc981031262aab38d2,GPU shader or color transformation lookup,OBSERVED_ON_DISK,Wink\Wink_3.16.5.apks/base.apk/assets/ARKernel3Builtin/Shaders/freezeobject.fs
wink,SHADER_OR_LUT,freezeobject.vs,2183,2b11e87137b7e7ec36bcbf224899f6aabfe7d6aeb78b281d7de4946b7d3eaa28,GPU shader or color transformation lookup,OBSERVED_ON_DISK,Wink\Wink_3.16.5.apks/base.apk/assets/ARKernel3Builtin/Shaders/freezeobject.vs
wink,SHADER_OR_LUT,BaseTextureMask.fs,481,47012b724f1980f2a568d999bf85e3102b2328a7d290ae0220a4ce4719dada34,GPU shader or color transformation lookup,OBSERVED_ON_DISK,Wink\Wink_3.16.5.apks/base.apk/assets/ARKernel3Builtin/Shaders/xxl/BaseTextureMask.fs
wink,SHADER_OR_LUT,BaseTextureMask.vs,205,fe525419014d88e46da008412a442b7027c45cda577436c626ef15296a2ad376,GPU shader or color transformation lookup,OBSERVED_ON_DISK,Wink\Wink_3.16.5.apks/base.apk/assets/ARKernel3Builtin/Shaders/xxl/BaseTextureMask.vs
wink,SHADER_OR_LUT,faceRender.vs,254,81c63559713bf5c528f0941a5b8a5e71eb9619b5fa5e237a6a193b27abcf2773,GPU shader or color transformation lookup,OBSERVED_ON_DISK,Wink\Wink_3.16.5.apks/base.apk/assets/ARKernel3Builtin/Shaders/xxl/faceRender.vs
wink,SHADER_OR_LUT,ghost.fs,3178,f4d2f548ef9dfb651cbbf5d49e6fde9a9a78c06358e4db57cf092899097e45f9,GPU shader or color transformation lookup,OBSERVED_ON_DISK,Wink\Wink_3.16.5.apks/base.apk/assets/ARKernel3Builtin/Shaders/xxl/ghost.fs
wink,SHADER_OR_LUT,puzzle.fs,323,2800c6eae7c44cc5f07d282ca1b15ffb65e51f06f1d0f8760697cf074f104135,GPU shader or color transformation lookup,OBSERVED_ON_DISK,Wink\Wink_3.16.5.apks/base.apk/assets/ARKernel3Builtin/Shaders/xxl/puzzle.fs
wink,SHADER_OR_LUT,puzzle.vs,285,8a67fdf9b99c8b388acce2607ffc9a26f5f6e03363b26ab6e081f96baa45ce7d,GPU shader or color transformation lookup,OBSERVED_ON_DISK,Wink\Wink_3.16.5.apks/base.apk/assets/ARKernel3Builtin/Shaders/xxl/puzzle.vs
wink,SHADER_OR_LUT,3DLightEffect.fs,11187,d4190ff91a47a2bca11912bef5ff27bb8277d4b433b78558c5c05144a0a5fa3b,GPU shader or color transformation lookup,OBSERVED_ON_DISK,Wink\Wink_3.16.5.apks/base.apk/assets/ARKernel3Builtin/Shaders/zhy/3DLightEffect.fs
wink,SHADER_OR_LUT,3DLightEffect.vs,955,ce2a39c7098909503709f32003c3851d95c768e1e1f3209b804ba5643554269c,GPU shader or color transformation lookup,OBSERVED_ON_DISK,Wink\Wink_3.16.5.apks/base.apk/assets/ARKernel3Builtin/Shaders/zhy/3DLightEffect.vs
wink,SHADER_OR_LUT,MTFilter_NewReconstructor.vs,558,27b899b283d8d684f57d325a5c7be35a67461416ba34cfecfed995e0e6b50463,GPU shader or color transformation lookup,OBSERVED_ON_DISK,Wink\Wink_3.16.5.apks/base.apk/assets/ARKernel3Builtin/Shaders/zhy/MTFilter_NewReconstructor.vs
wink,SHADER_OR_LUT,MTFilter_ZeroAlpha.fs,385,8578cc09fbc6a811557fc22d114225f4fff246e85936aa99cfc2df0c529f34f9,GPU shader or color transformation lookup,OBSERVED_ON_DISK,Wink\Wink_3.16.5.apks/base.apk/assets/ARKernel3Builtin/Shaders/zhy/MTFilter_ZeroAlpha.fs
wink,SHADER_OR_LUT,MTFilter_ZeroAlpha.vs,203,286f3d4ae3b696ca0cf0d0dd14e1be8febc8fce6897651283d95df444c0c2631,GPU shader or color transformation lookup,OBSERVED_ON_DISK,Wink\Wink_3.16.5.apks/base.apk/assets/ARKernel3Builtin/Shaders/zhy/MTFilter_ZeroAlpha.vs
wink,SHADER_OR_LUT,facelight.fs,6276,769ab09e16e0a6e77b4b50c109b9d1d408484669c6f406da7f55f3075ea321e7,GPU shader or color transformation lookup,OBSERVED_ON_DISK,Wink\Wink_3.16.5.apks/base.apk/assets/ARKernel3Builtin/Shaders/zhy/facelight.fs
wink,SHADER_OR_LUT,facelight.vs,715,3fa61a6ad84c122a6fe85f75c99a9eecf5fb9df0519c3dd2786a7adc0de53537,GPU shader or color transformation lookup,OBSERVED_ON_DISK,Wink\Wink_3.16.5.apks/base.apk/assets/ARKernel3Builtin/Shaders/zhy/facelight.vs
wink,SHADER_OR_LUT,BlendModePs.fs,9613,e10f08928f5dfbede6ecaf57cec49880bed406ef4c6fdf29282ab1e673764220,GPU shader or color transformation lookup,OBSERVED_ON_DISK,Wink\Wink_3.16.5.apks/base.apk/assets/ARKernel3Builtin/res/bodymovin/BlendModePs.fs
wink,SHADER_OR_LUT,BlendModePs.vs,858,7e3a8d8081a4a04bd7883c2873265ce4be7bd238dc2ab78861f39597eaf33c4a,GPU shader or color transformation lookup,OBSERVED_ON_DISK,Wink\Wink_3.16.5.apks/base.apk/assets/ARKernel3Builtin/res/bodymovin/BlendModePs.vs
wink,SHADER_OR_LUT,MTFilter_Gaussian.fs,3723,f244dfc1020dd2edec48cae7c07176255f5b906b691ee98f1aa6ac2c2cdb0484,GPU shader or color transformation lookup,OBSERVED_ON_DISK,Wink\Wink_3.16.5.apks/base.apk/assets/ARKernel3Builtin/res/bodymovin/MTFilter_Gaussian.fs
wink,SHADER_OR_LUT,MTFilter_Gaussian.vs,1761,03f80b7ed8a662dfc79a64cde01a4f29026188be2cdfc80bd50c8fafb68a70d8,GPU shader or color transformation lookup,OBSERVED_ON_DISK,Wink\Wink_3.16.5.apks/base.apk/assets/ARKernel3Builtin/res/bodymovin/MTFilter_Gaussian.vs
wink,SHADER_OR_LUT,blend.fs,714,6dec808ed8a2c9bebb8f32acb600b248c79319c0293b8d39c67dde15dd15ee33,GPU shader or color transformation lookup,OBSERVED_ON_DISK,Wink\Wink_3.16.5.apks/base.apk/assets/ARKernel3Builtin/res/bodymovin/blend.fs
wink,SHADER_OR_LUT,blend.vs,628,815b8ef74254e2be98a1e7bcff5f434fdcd0e251c88b661cfef33df1a46c0bc8,GPU shader or color transformation lookup,OBSERVED_ON_DISK,Wink\Wink_3.16.5.apks/base.apk/assets/ARKernel3Builtin/res/bodymovin/blend.vs
wink,SHADER_OR_LUT,blur.fs,1142,5d3455f803be80f92e16ddb749ac546d63f506f9fc214262ce7129aca9f0d2e4,GPU shader or color transformation lookup,OBSERVED_ON_DISK,Wink\Wink_3.16.5.apks/base.apk/assets/ARKernel3Builtin/res/bodymovin/blur.fs
wink,SHADER_OR_LUT,blur.vs,499,c92049c4f70abf53b8c4f9f46a5f2e849e3a368d36837d0921c803f7f3da9c49,GPU shader or color transformation lookup,OBSERVED_ON_DISK,Wink\Wink_3.16.5.apks/base.apk/assets/ARKernel3Builtin/res/bodymovin/blur.vs
wink,SHADER_OR_LUT,filament.fs,12220,0ce084d768cb7001ba12851aae4c671fc34fb02486ee24f7b836d9305ba7c67a,GPU shader or color transformation lookup,OBSERVED_ON_DISK,Wink\Wink_3.16.5.apks/base.apk/assets/ARKernel3Builtin/res/materialShaders/filament.fs
wink,SHADER_OR_LUT,filament.vs,1078,6661b2f303f808c3b99c1cf1f87255f5e026645533bd6973ed8e322f262d628f,GPU shader or color transformation lookup,OBSERVED_ON_DISK,Wink\Wink_3.16.5.apks/base.apk/assets/ARKernel3Builtin/res/materialShaders/filament.vs
wink,SHADER_OR_LUT,occulder_color.fs,277,15973d9419dd15185ea78f6e5b04bc7ce799f1950c0d0deee30f2d10b0356e93,GPU shader or color transformation lookup,OBSERVED_ON_DISK,Wink\Wink_3.16.5.apks/base.apk/assets/ARKernel3Builtin/res/materialShaders/occulder_color.fs
wink,SHADER_OR_LUT,occulder_color.vs,119,2b6db9abde31fa4329751dd1a1e3a1bc7825c62ae30c8db5112bdc0074f503f5,GPU shader or color transformation lookup,OBSERVED_ON_DISK,Wink\Wink_3.16.5.apks/base.apk/assets/ARKernel3Builtin/res/materialShaders/occulder_color.vs
wink,SHADER_OR_LUT,refact.fs,4298,b71bbb346892afe4dfb946f42910b2f2ef89eccbc8b0a9d5732429aada74893a,GPU shader or color transformation lookup,OBSERVED_ON_DISK,Wink\Wink_3.16.5.apks/base.apk/assets/ARKernel3Builtin/res/materialShaders/refact.fs
wink,SHADER_OR_LUT,refact.vs,4023,add11078bcd61416f5ef7217c1d94409c9149bd2e79a7fa0716734df5f9b9e6f,GPU shader or color transformation lookup,OBSERVED_ON_DISK,Wink\Wink_3.16.5.apks/base.apk/assets/ARKernel3Builtin/res/materialShaders/refact.vs
wink,SHADER_OR_LUT,Kira07.frag.spv,2964,d4f770a376a49fd4b1c4470956862e71b58ec6c3522add2c4919f61d855c2a8c,GPU shader or color transformation lookup,OBSERVED_ON_DISK,Wink\Wink_3.16.5.apks/base.apk/assets/ARKernel3Builtin/spirv/Kira07.frag.spv
wink,SHADER_OR_LUT,Kira07.vert.spv,920,67f51ca43a41298436a09e8d295976a8823fea54e9da393960eee8dd5256ba47,GPU shader or color transformation lookup,OBSERVED_ON_DISK,Wink\Wink_3.16.5.apks/base.apk/assets/ARKernel3Builtin/spirv/Kira07.vert.spv
wink,SHADER_OR_LUT,Kira10.frag.spv,2948,407f2e640232d463294e2cca38665eb203553f03a02f7e1304dba2f7c4cb29ef,GPU shader or color transformation lookup,OBSERVED_ON_DISK,Wink\Wink_3.16.5.apks/base.apk/assets/ARKernel3Builtin/spirv/Kira10.frag.spv
wink,SHADER_OR_LUT,Kira10.vert.spv,920,67f51ca43a41298436a09e8d295976a8823fea54e9da393960eee8dd5256ba47,GPU shader or color transformation lookup,OBSERVED_ON_DISK,Wink\Wink_3.16.5.apks/base.apk/assets/ARKernel3Builtin/spirv/Kira10.vert.spv
wink,SHADER_OR_LUT,Kira16.frag.spv,1416,6924753c4697e155ca675714f73014e54f03e9d6545886e37b8e0d1365391667,GPU shader or color transformation lookup,OBSERVED_ON_DISK,Wink\Wink_3.16.5.apks/base.apk/assets/ARKernel3Builtin/spirv/Kira16.frag.spv
wink,SHADER_OR_LUT,Kira16.vert.spv,1612,2f35621401c7dfa2fd8ac3156f091084a3493c1034e9ad927f4c2b896f2d1f3b,GPU shader or color transformation lookup,OBSERVED_ON_DISK,Wink\Wink_3.16.5.apks/base.apk/assets/ARKernel3Builtin/spirv/Kira16.vert.spv
wink,SHADER_OR_LUT,Kira19.frag.spv,1088,3f54efe29958e1eb1d84f26cc94c2bb0124eb61cb915b54d9c0582be40b44afd,GPU shader or color transformation lookup,OBSERVED_ON_DISK,Wink\Wink_3.16.5.apks/base.apk/assets/ARKernel3Builtin/spirv/Kira19.frag.spv
wink,SHADER_OR_LUT,Kira19.vert.spv,920,67f51ca43a41298436a09e8d295976a8823fea54e9da393960eee8dd5256ba47,GPU shader or color transformation lookup,OBSERVED_ON_DISK,Wink\Wink_3.16.5.apks/base.apk/assets/ARKernel3Builtin/spirv/Kira19.vert.spv
wink,SHADER_OR_LUT,Kira22.frag.spv,1192,ef6390e667ef4e8f8fbf6aed631dd366aca8ca0c1ec768ee0c6150392b4ce597,GPU shader or color transformation lookup,OBSERVED_ON_DISK,Wink\Wink_3.16.5.apks/base.apk/assets/ARKernel3Builtin/spirv/Kira22.frag.spv
wink,SHADER_OR_LUT,Kira22.vert.spv,920,67f51ca43a41298436a09e8d295976a8823fea54e9da393960eee8dd5256ba47,GPU shader or color transformation lookup,OBSERVED_ON_DISK,Wink\Wink_3.16.5.apks/base.apk/assets/ARKernel3Builtin/spirv/Kira22.vert.spv
wink,SHADER_OR_LUT,Kira28.frag.spv,2096,f93119949e525199d7da9eebbad19ca6780ebdfe8423fc66722a29b98fc7c022,GPU shader or color transformation lookup,OBSERVED_ON_DISK,Wink\Wink_3.16.5.apks/base.apk/assets/ARKernel3Builtin/spirv/Kira28.frag.spv
wink,SHADER_OR_LUT,Kira28.vert.spv,1720,84e9383b816e1e4f10020527f225eee3408e74714b5c1f41c129fa14dbb2f9cc,GPU shader or color transformation lookup,OBSERVED_ON_DISK,Wink\Wink_3.16.5.apks/base.apk/assets/ARKernel3Builtin/spirv/Kira28.vert.spv
wink,SHADER_OR_LUT,Kira31.frag.spv,2096,f93119949e525199d7da9eebbad19ca6780ebdfe8423fc66722a29b98fc7c022,GPU shader or color transformation lookup,OBSERVED_ON_DISK,Wink\Wink_3.16.5.apks/base.apk/assets/ARKernel3Builtin/spirv/Kira31.frag.spv
wink,SHADER_OR_LUT,Kira31.vert.spv,1720,9771ad9e9f21615f877765196ce612210bd155cb279b90aa7109ff858797d611,GPU shader or color transformation lookup,OBSERVED_ON_DISK,Wink\Wink_3.16.5.apks/base.apk/assets/ARKernel3Builtin/spirv/Kira31.vert.spv
wink,SHADER_OR_LUT,KiraBlurH.frag.spv,864,afee7179715d56c78b293909d3877414bd1add7a0ae969d950a205c9ce2a98d3,GPU shader or color transformation lookup,OBSERVED_ON_DISK,Wink\Wink_3.16.5.apks/base.apk/assets/ARKernel3Builtin/spirv/KiraBlurH.frag.spv
wink,SHADER_OR_LUT,KiraBlurH.vert.spv,1144,8175642f796a1ed611f705fa982d7cf10a3d8c425a1c1eeaeb7c4fafd9c02576,GPU shader or color transformation lookup,OBSERVED_ON_DISK,Wink\Wink_3.16.5.apks/base.apk/assets/ARKernel3Builtin/spirv/KiraBlurH.vert.spv
wink,SHADER_OR_LUT,KiraBlurV.frag.spv,864,afee7179715d56c78b293909d3877414bd1add7a0ae969d950a205c9ce2a98d3,GPU shader or color transformation lookup,OBSERVED_ON_DISK,Wink\Wink_3.16.5.apks/base.apk/assets/ARKernel3Builtin/spirv/KiraBlurV.frag.spv
wink,SHADER_OR_LUT,KiraBlurV.vert.spv,1144,7de154bc75ef08798b3fb34fd9052a6411134ce0f06a03971ce2f6fb777d129c,GPU shader or color transformation lookup,OBSERVED_ON_DISK,Wink\Wink_3.16.5.apks/base.apk/assets/ARKernel3Builtin/spirv/KiraBlurV.vert.spv
wink,SHADER_OR_LUT,KiraMax.frag.spv,1252,225262b880cfd57ab1afbbdce1d7d1edf0f5198f6d1092cc508c4e810eda13b6,GPU shader or color transformation lookup,OBSERVED_ON_DISK,Wink\Wink_3.16.5.apks/base.apk/assets/ARKernel3Builtin/spirv/KiraMax.frag.spv
wink,SHADER_OR_LUT,KiraMax.vert.spv,920,67f51ca43a41298436a09e8d295976a8823fea54e9da393960eee8dd5256ba47,GPU shader or color transformation lookup,OBSERVED_ON_DISK,Wink\Wink_3.16.5.apks/base.apk/assets/ARKernel3Builtin/spirv/KiraMax.vert.spv
wink,SHADER_OR_LUT,KiraRotate.frag.spv,652,5ac9f064467732d5fb5fb0fa5dcbf62e9beff1633426cfafa51892df42c5c718,GPU shader or color transformation lookup,OBSERVED_ON_DISK,Wink\Wink_3.16.5.apks/base.apk/assets/ARKernel3Builtin/spirv/KiraRotate.frag.spv
wink,SHADER_OR_LUT,KiraRotate.vert.spv,920,67f51ca43a41298436a09e8d295976a8823fea54e9da393960eee8dd5256ba47,GPU shader or color transformation lookup,OBSERVED_ON_DISK,Wink\Wink_3.16.5.apks/base.apk/assets/ARKernel3Builtin/spirv/KiraRotate.vert.spv
wink,SHADER_OR_LUT,KiraTest16.frag.spv,2640,01dedbacd305e34f98d2c640925898750b22aaa00ac94c365a8627b848f7cfcc,GPU shader or color transformation lookup,OBSERVED_ON_DISK,Wink\Wink_3.16.5.apks/base.apk/assets/ARKernel3Builtin/spirv/KiraTest16.frag.spv
wink,SHADER_OR_LUT,KiraTest16.vert.spv,920,67f51ca43a41298436a09e8d295976a8823fea54e9da393960eee8dd5256ba47,GPU shader or color transformation lookup,OBSERVED_ON_DISK,Wink\Wink_3.16.5.apks/base.apk/assets/ARKernel3Builtin/spirv/KiraTest16.vert.spv
wink,SHADER_OR_LUT,Sample.frag.spv,512,2d2152aed2f1f69ea1b8d2c3ad2abd0e2f24004135666dfd77c6d5473ceb815f,GPU shader or color transformation lookup,OBSERVED_ON_DISK,Wink\Wink_3.16.5.apks/base.apk/assets/ARKernel3Builtin/spirv/Sample.frag.spv
wink,SHADER_OR_LUT,Sample.vert.spv,920,67f51ca43a41298436a09e8d295976a8823fea54e9da393960eee8dd5256ba47,GPU shader or color transformation lookup,OBSERVED_ON_DISK,Wink\Wink_3.16.5.apks/base.apk/assets/ARKernel3Builtin/spirv/Sample.vert.spv
wink,SHADER_OR_LUT,alpha_composite.frag.spv,1160,f65ec53c49bd08a92ea2930556f411f527ce312bb7d48ad244b5f831c1615d43,GPU shader or color transformation lookup,OBSERVED_ON_DISK,Wink\Wink_3.16.5.apks/base.apk/assets/ARKernel3Builtin/spirv/alpha_composite.frag.spv
wink,SHADER_OR_LUT,alpha_composite.vert.spv,688,802d18c503ad108aa041f43de38af2ecd35c79c59a71c94fc6622880565f610f,GPU shader or color transformation lookup,OBSERVED_ON_DISK,Wink\Wink_3.16.5.apks/base.apk/assets/ARKernel3Builtin/spirv/alpha_composite.vert.spv
wink,SHADER_OR_LUT,base_toning.frag.spv,53808,f312235a7778286ef2d01347ff411e78a722c438c11122b0cd592940a8796f01,GPU shader or color transformation lookup,OBSERVED_ON_DISK,Wink\Wink_3.16.5.apks/base.apk/assets/ARKernel3Builtin/spirv/base_toning.frag.spv
wink,SHADER_OR_LUT,base_toning.vert.spv,652,7b98e23c92a75d23aad325d68c478b98b7f9dd3902fc8f33f70d6b7d4efce8e0,GPU shader or color transformation lookup,OBSERVED_ON_DISK,Wink\Wink_3.16.5.apks/base.apk/assets/ARKernel3Builtin/spirv/base_toning.vert.spv
wink,SHADER_OR_LUT,clear_color.frag.spv,512,30523f67a7a4675672c6b47beaa92609b72804a33b92c71ad798965b26938421,GPU shader or color transformation lookup,OBSERVED_ON_DISK,Wink\Wink_3.16.5.apks/base.apk/assets/ARKernel3Builtin/spirv/clear_color.frag.spv
wink,SHADER_OR_LUT,clear_color.vert.spv,796,09b5cd6578f389c3042aa69b07d64ac12a5da655b10d811ee62f7e244a8b66eb,GPU shader or color transformation lookup,OBSERVED_ON_DISK,Wink\Wink_3.16.5.apks/base.apk/assets/ARKernel3Builtin/spirv/clear_color.vert.spv
wink,SHADER_OR_LUT,color_curve.frag.spv,1408,1f221199cde813c4f0b165f0740777849cfc35fc401f99fd932dc189602e2d6c,GPU shader or color transformation lookup,OBSERVED_ON_DISK,Wink\Wink_3.16.5.apks/base.apk/assets/ARKernel3Builtin/spirv/color_curve.frag.spv
wink,SHADER_OR_LUT,color_curve.vert.spv,652,0a6c16833ad80f13472d5bfb84b5f241c6e009583df9a77a57c5b2a544822993,GPU shader or color transformation lookup,OBSERVED_ON_DISK,Wink\Wink_3.16.5.apks/base.apk/assets/ARKernel3Builtin/spirv/color_curve.vert.spv
wink,SHADER_OR_LUT,depth_material_blur.frag.spv,2276,d5dea3fc7f98f875eb2e19c5706fb5c950e15397125f9c0c55e2a073b874c333,GPU shader or color transformation lookup,OBSERVED_ON_DISK,Wink\Wink_3.16.5.apks/base.apk/assets/ARKernel3Builtin/spirv/depth_material_blur.frag.spv
wink,SHADER_OR_LUT,depth_material_blur.vert.spv,568,f8e670d88d8449d1dc9063f4e96025ca0cbe04703f883471c80280d38f8f41bb,GPU shader or color transformation lookup,OBSERVED_ON_DISK,Wink\Wink_3.16.5.apks/base.apk/assets/ARKernel3Builtin/spirv/depth_material_blur.vert.spv
wink,SHADER_OR_LUT,facelift_permute.frag.spv,1104,dfd83d5619e8700b04bf42a3a7359065ee51c3aceb4bc14895b8925b14d6f468,GPU shader or color transformation lookup,OBSERVED_ON_DISK,Wink\Wink_3.16.5.apks/base.apk/assets/ARKernel3Builtin/spirv/facelift_permute.frag.spv
wink,SHADER_OR_LUT,facelift_permute.vert.spv,1068,33227f59ac4fc91e59e546bedf7fb06907c99d2053d984f74555f0ca3e300d78,GPU shader or color transformation lookup,OBSERVED_ON_DISK,Wink\Wink_3.16.5.apks/base.apk/assets/ARKernel3Builtin/spirv/facelift_permute.vert.spv
wink,SHADER_OR_LUT,facelift_warp.frag.spv,2576,42172f265dc288b2ef8da0cdd7d4d6300dc192b46dbf5200d417fac38d2d148c,GPU shader or color transformation lookup,OBSERVED_ON_DISK,Wink\Wink_3.16.5.apks/base.apk/assets/ARKernel3Builtin/spirv/facelift_warp.frag.spv
wink,SHADER_OR_LUT,facelift_warp.vert.spv,1168,3ce666f94fd548b21210ffe0a802669133fc3e05f145d68c37155630235b7621,GPU shader or color transformation lookup,OBSERVED_ON_DISK,Wink\Wink_3.16.5.apks/base.apk/assets/ARKernel3Builtin/spirv/facelift_warp.vert.spv
wink,SHADER_OR_LUT,facial_sp_mls1.frag.spv,492,5021bdab34cd546d1fede2518021048ecbf2b99ace2e78dcc5ce1a6b8b834701,GPU shader or color transformation lookup,OBSERVED_ON_DISK,Wink\Wink_3.16.5.apks/base.apk/assets/ARKernel3Builtin/spirv/facial_sp_mls1.frag.spv
wink,SHADER_OR_LUT,facial_sp_mls1.vert.spv,2520,83e1cd8ed75b8e37e1f6b308de8ee58989b8f74927ee30702658684b270c4c11,GPU shader or color transformation lookup,OBSERVED_ON_DISK,Wink\Wink_3.16.5.apks/base.apk/assets/ARKernel3Builtin/spirv/facial_sp_mls1.vert.spv
wink,SHADER_OR_LUT,facial_sp_mls2.frag.spv,1428,5974f6334ed1835e0976e2ea2931505083f986c77793b4edcac0670a4141b6c0,GPU shader or color transformation lookup,OBSERVED_ON_DISK,Wink\Wink_3.16.5.apks/base.apk/assets/ARKernel3Builtin/spirv/facial_sp_mls2.frag.spv
wink,SHADER_OR_LUT,facial_sp_mls2.vert.spv,2644,76b5e77152d57c1ddcf9e8ee39f254534beeb7b1e5cfd38242da2d70ce3dc891,GPU shader or color transformation lookup,OBSERVED_ON_DISK,Wink\Wink_3.16.5.apks/base.apk/assets/ARKernel3Builtin/spirv/facial_sp_mls2.vert.spv
wink,SHADER_OR_LUT,facial_sp_mls_to_big_offset.frag.spv,312,88bdeb77baf585b7cc9190bd8016cb54bc7f8e0a4d715af0822bc71992e843c9,GPU shader or color transformation lookup,OBSERVED_ON_DISK,Wink\Wink_3.16.5.apks/base.apk/assets/ARKernel3Builtin/spirv/facial_sp_mls_to_big_offset.frag.spv
wink,SHADER_OR_LUT,facial_sp_mls_to_big_offset.vert.spv,828,330232f53cef172d1c2a9dad2e582a9ccbf34ab46cc7bdcb0f8c6a1f1dfcd43c,GPU shader or color transformation lookup,OBSERVED_ON_DISK,Wink\Wink_3.16.5.apks/base.apk/assets/ARKernel3Builtin/spirv/facial_sp_mls_to_big_offset.vert.spv
wink,SHADER_OR_LUT,facial_sp_mls_to_offset.frag.spv,992,ee7d2ec030ad2aa7606799da59b37ef7ac901d32473b1d3c9bf883e6de7094d1,GPU shader or color transformation lookup,OBSERVED_ON_DISK,Wink\Wink_3.16.5.apks/base.apk/assets/ARKernel3Builtin/spirv/facial_sp_mls_to_offset.frag.spv
wink,SHADER_OR_LUT,facial_sp_mls_to_offset.vert.spv,2644,76b5e77152d57c1ddcf9e8ee39f254534beeb7b1e5cfd38242da2d70ce3dc891,GPU shader or color transformation lookup,OBSERVED_ON_DISK,Wink\Wink_3.16.5.apks/base.apk/assets/ARKernel3Builtin/spirv/facial_sp_mls_to_offset.vert.spv
wink,SHADER_OR_LUT,facial_sp_warp.frag.spv,1780,5b2b25a9fe63f462de8c0f70c84eb34ae910603121b2409310dfafa983eeb255,GPU shader or color transformation lookup,OBSERVED_ON_DISK,Wink\Wink_3.16.5.apks/base.apk/assets/ARKernel3Builtin/spirv/facial_sp_warp.frag.spv
wink,SHADER_OR_LUT,facial_sp_warp.vert.spv,652,7b98e23c92a75d23aad325d68c478b98b7f9dd3902fc8f33f70d6b7d4efce8e0,GPU shader or color transformation lookup,OBSERVED_ON_DISK,Wink\Wink_3.16.5.apks/base.apk/assets/ARKernel3Builtin/spirv/facial_sp_warp.vert.spv
wink,SHADER_OR_LUT,filter_cube.frag.spv,1068,9c84c2af813b7181f80c25b89f77ca802c861df74eb7118644bca5298a2b512f,GPU shader or color transformation lookup,OBSERVED_ON_DISK,Wink\Wink_3.16.5.apks/base.apk/assets/ARKernel3Builtin/spirv/filter_cube.frag.spv
wink,SHADER_OR_LUT,filter_cube.vert.spv,652,7b98e23c92a75d23aad325d68c478b98b7f9dd3902fc8f33f70d6b7d4efce8e0,GPU shader or color transformation lookup,OBSERVED_ON_DISK,Wink\Wink_3.16.5.apks/base.apk/assets/ARKernel3Builtin/spirv/filter_cube.vert.spv
wink,SHADER_OR_LUT,filter_lut.frag.spv,3628,cc7691dde2b01ca773d4c210718893dcad2fd6b7c9c77989f6c92720a52af416,GPU shader or color transformation lookup,OBSERVED_ON_DISK,Wink\Wink_3.16.5.apks/base.apk/assets/ARKernel3Builtin/spirv/filter_lut.frag.spv
wink,SHADER_OR_LUT,filter_lut.vert.spv,652,7b98e23c92a75d23aad325d68c478b98b7f9dd3902fc8f33f70d6b7d4efce8e0,GPU shader or color transformation lookup,OBSERVED_ON_DISK,Wink\Wink_3.16.5.apks/base.apk/assets/ARKernel3Builtin/spirv/filter_lut.vert.spv
wink,SHADER_OR_LUT,filter_v2.frag.spv,14980,9deca7632c9737ef2eda93401fe147dcd25a5288d5f1da933d2d7e46c57b22db,GPU shader or color transformation lookup,OBSERVED_ON_DISK,Wink\Wink_3.16.5.apks/base.apk/assets/ARKernel3Builtin/spirv/filter_v2.frag.spv
wink,SHADER_OR_LUT,filter_v2.vert.spv,652,0a6c16833ad80f13472d5bfb84b5f241c6e009583df9a77a57c5b2a544822993,GPU shader or color transformation lookup,OBSERVED_ON_DISK,Wink\Wink_3.16.5.apks/base.apk/assets/ARKernel3Builtin/spirv/filter_v2.vert.spv
wink,SHADER_OR_LUT,filter_v2_base.frag.spv,16552,2817fe7177a5d6c97ee826fc52aa4ba9ef8224502b97d03b0eb9ef23006a2c77,GPU shader or color transformation lookup,OBSERVED_ON_DISK,Wink\Wink_3.16.5.apks/base.apk/assets/ARKernel3Builtin/spirv/filter_v2_base.frag.spv
wink,SHADER_OR_LUT,filter_v2_base.vert.spv,652,0a6c16833ad80f13472d5bfb84b5f241c6e009583df9a77a57c5b2a544822993,GPU shader or color transformation lookup,OBSERVED_ON_DISK,Wink\Wink_3.16.5.apks/base.apk/assets/ARKernel3Builtin/spirv/filter_v2_base.vert.spv
wink,SHADER_OR_LUT,finial_lut_map.frag.spv,5928,a62f7bd9d436243dc56800e7745a09091a45aa7562f90520cb983056ada64b64,GPU shader or color transformation lookup,OBSERVED_ON_DISK,Wink\Wink_3.16.5.apks/base.apk/assets/ARKernel3Builtin/spirv/finial_lut_map.frag.spv
wink,SHADER_OR_LUT,finial_lut_map.vert.spv,652,7b98e23c92a75d23aad325d68c478b98b7f9dd3902fc8f33f70d6b7d4efce8e0,GPU shader or color transformation lookup,OBSERVED_ON_DISK,Wink\Wink_3.16.5.apks/base.apk/assets/ARKernel3Builtin/spirv/finial_lut_map.vert.spv
wink,SHADER_OR_LUT,full_face_mask.frag.spv,1200,738da48d02b281662635ac6de563c48b1ed6098a171845e285a12692472cc536,GPU shader or color transformation lookup,OBSERVED_ON_DISK,Wink\Wink_3.16.5.apks/base.apk/assets/ARKernel3Builtin/spirv/full_face_mask.frag.spv
wink,SHADER_OR_LUT,full_face_mask.vert.spv,992,992c10dbf3b71e49297aefeec2a8186f6a75767e25ba121b5b02962b7ec3949e,GPU shader or color transformation lookup,OBSERVED_ON_DISK,Wink\Wink_3.16.5.apks/base.apk/assets/ARKernel3Builtin/spirv/full_face_mask.vert.spv
wink,SHADER_OR_LUT,gaussian.frag.spv,4672,a50dc44dc51150ee1ff3e01ad69d9dbaaa2c9b1318f0125a4dc0b42d193e729b,GPU shader or color transformation lookup,OBSERVED_ON_DISK,Wink\Wink_3.16.5.apks/base.apk/assets/ARKernel3Builtin/spirv/gaussian.frag.spv
wink,SHADER_OR_LUT,gaussian.vert.spv,2056,c3970eacc15570c2d669751e1240394eaec81c97a406d6e3efd13bdfa4928b68,GPU shader or color transformation lookup,OBSERVED_ON_DISK,Wink\Wink_3.16.5.apks/base.apk/assets/ARKernel3Builtin/spirv/gaussian.vert.spv
wink,SHADER_OR_LUT,head_mask.frag.spv,548,5ba0fd4e1e88a72674b1ed31253754384ee5143a2593919632a3d81020a8c205,GPU shader or color transformation lookup,OBSERVED_ON_DISK,Wink\Wink_3.16.5.apks/base.apk/assets/ARKernel3Builtin/spirv/head_mask.frag.spv
wink,SHADER_OR_LUT,head_mask.vert.spv,920,67f51ca43a41298436a09e8d295976a8823fea54e9da393960eee8dd5256ba47,GPU shader or color transformation lookup,OBSERVED_ON_DISK,Wink\Wink_3.16.5.apks/base.apk/assets/ARKernel3Builtin/spirv/head_mask.vert.spv
wink,SHADER_OR_LUT,hsl_adjust.frag.spv,2528,16f062fcc9819f4c24080131501fb27afb02d0d1604daf5c8e132208963c0a7a,GPU shader or color transformation lookup,OBSERVED_ON_DISK,Wink\Wink_3.16.5.apks/base.apk/assets/ARKernel3Builtin/spirv/hsl_adjust.frag.spv
wink,SHADER_OR_LUT,hsl_adjust.vert.spv,652,7b98e23c92a75d23aad325d68c478b98b7f9dd3902fc8f33f70d6b7d4efce8e0,GPU shader or color transformation lookup,OBSERVED_ON_DISK,Wink\Wink_3.16.5.apks/base.apk/assets/ARKernel3Builtin/spirv/hsl_adjust.vert.spv
wink,SHADER_OR_LUT,lut3d_to_2d.frag.spv,900,666a66637daeada83703ab657aadad4001306c0c6d53fd3fddaeb70b562e20b9,GPU shader or color transformation lookup,OBSERVED_ON_DISK,Wink\Wink_3.16.5.apks/base.apk/assets/ARKernel3Builtin/spirv/lut3d_to_2d.frag.spv
wink,SHADER_OR_LUT,lut3d_to_2d.vert.spv,652,7b98e23c92a75d23aad325d68c478b98b7f9dd3902fc8f33f70d6b7d4efce8e0,GPU shader or color transformation lookup,OBSERVED_ON_DISK,Wink\Wink_3.16.5.apks/base.apk/assets/ARKernel3Builtin/spirv/lut3d_to_2d.vert.spv
wink,SHADER_OR_LUT,lut_screen.frag.spv,3468,eeaff390c08ff8f48a30f71a0d2fcbcd09c0653cd0962963c1bd32b8bab31047,GPU shader or color transformation lookup,OBSERVED_ON_DISK,Wink\Wink_3.16.5.apks/base.apk/assets/ARKernel3Builtin/spirv/lut_screen.frag.spv
wink,SHADER_OR_LUT,lut_screen.vert.spv,980,b6efa0415b35cbacbc0331472dcc28a96a9e183477382226a3615d26050dc384,GPU shader or color transformation lookup,OBSERVED_ON_DISK,Wink\Wink_3.16.5.apks/base.apk/assets/ARKernel3Builtin/spirv/lut_screen.vert.spv
wink,SHADER_OR_LUT,lying_silk_worm.frag.spv,1732,fa58c33524981366393bc1d346dedae920ac2926285bbf84622e4351db9709bf,GPU shader or color transformation lookup,OBSERVED_ON_DISK,Wink\Wink_3.16.5.apks/base.apk/assets/ARKernel3Builtin/spirv/lying_silk_worm.frag.spv
wink,SHADER_OR_LUT,lying_silk_worm.vert.spv,1008,c8a7d6cea2ee4010b4143f1c373f61f2e0fd900f0250a214e7334c03246083ca,GPU shader or color transformation lookup,OBSERVED_ON_DISK,Wink\Wink_3.16.5.apks/base.apk/assets/ARKernel3Builtin/spirv/lying_silk_worm.vert.spv
wink,SHADER_OR_LUT,mask_color_layer.frag.spv,936,5aa24732d35ab8c965998e590347b4bde5b8684b646027d0d6055d0b48f6a03d,GPU shader or color transformation lookup,OBSERVED_ON_DISK,Wink\Wink_3.16.5.apks/base.apk/assets/ARKernel3Builtin/spirv/mask_color_layer.frag.spv
wink,SHADER_OR_LUT,mask_color_layer.vert.spv,688,802d18c503ad108aa041f43de38af2ecd35c79c59a71c94fc6622880565f610f,GPU shader or color transformation lookup,OBSERVED_ON_DISK,Wink\Wink_3.16.5.apks/base.apk/assets/ARKernel3Builtin/spirv/mask_color_layer.vert.spv
wink,SHADER_OR_LUT,mask_overlay.frag.spv,784,f7c5d9732172957e4bbb472c86a7b86e46f58bff3db98d86b854d1683b6b2f0f,GPU shader or color transformation lookup,OBSERVED_ON_DISK,Wink\Wink_3.16.5.apks/base.apk/assets/ARKernel3Builtin/spirv/mask_overlay.frag.spv
wink,SHADER_OR_LUT,mask_overlay.vert.spv,920,67f51ca43a41298436a09e8d295976a8823fea54e9da393960eee8dd5256ba47,GPU shader or color transformation lookup,OBSERVED_ON_DISK,Wink\Wink_3.16.5.apks/base.apk/assets/ARKernel3Builtin/spirv/mask_overlay.vert.spv
wink,SHADER_OR_LUT,mask_reverse_channel.frag.spv,620,4bcb5eaa500227aea07937ad877395bcac0b7da676eae15f6b894287168c0ea2,GPU shader or color transformation lookup,OBSERVED_ON_DISK,Wink\Wink_3.16.5.apks/base.apk/assets/ARKernel3Builtin/spirv/mask_reverse_channel.frag.spv
wink,SHADER_OR_LUT,mask_reverse_channel.vert.spv,688,802d18c503ad108aa041f43de38af2ecd35c79c59a71c94fc6622880565f610f,GPU shader or color transformation lookup,OBSERVED_ON_DISK,Wink\Wink_3.16.5.apks/base.apk/assets/ARKernel3Builtin/spirv/mask_reverse_channel.vert.spv
wink,SHADER_OR_LUT,mask_unified_channel.frag.spv,572,e863668253ec8becde64851e3ed3812ec0f7ca1f2de88ce8723452446ce1efcc,GPU shader or color transformation lookup,OBSERVED_ON_DISK,Wink\Wink_3.16.5.apks/base.apk/assets/ARKernel3Builtin/spirv/mask_unified_channel.frag.spv
wink,SHADER_OR_LUT,mask_unified_channel.vert.spv,688,802d18c503ad108aa041f43de38af2ecd35c79c59a71c94fc6622880565f610f,GPU shader or color transformation lookup,OBSERVED_ON_DISK,Wink\Wink_3.16.5.apks/base.apk/assets/ARKernel3Builtin/spirv/mask_unified_channel.vert.spv
wink,SHADER_OR_LUT,nvidia_fxaa.frag.spv,10908,4810769d3667e49c94bd1687953d4d50ed551de7e5321fdd5d59cda82ad5e942,GPU shader or color transformation lookup,OBSERVED_ON_DISK,Wink\Wink_3.16.5.apks/base.apk/assets/ARKernel3Builtin/spirv/nvidia_fxaa.frag.spv
wink,SHADER_OR_LUT,nvidia_fxaa.vert.spv,568,f8e670d88d8449d1dc9063f4e96025ca0cbe04703f883471c80280d38f8f41bb,GPU shader or color transformation lookup,OBSERVED_ON_DISK,Wink\Wink_3.16.5.apks/base.apk/assets/ARKernel3Builtin/spirv/nvidia_fxaa.vert.spv
wink,SHADER_OR_LUT,segment_erosion_9h.frag.spv,2160,a13f0096ca38b19d3aa624a7501458e8b361c209e3c5ce3cd23a0d7cedc694e0,GPU shader or color transformation lookup,OBSERVED_ON_DISK,Wink\Wink_3.16.5.apks/base.apk/assets/ARKernel3Builtin/spirv/segment_erosion_9h.frag.spv
wink,SHADER_OR_LUT,segment_erosion_9h.vert.spv,1908,092fd1fb0299cd3c4db98bd3cee74c0a5831c0e69d30eabb63f8c67d9833c46a,GPU shader or color transformation lookup,OBSERVED_ON_DISK,Wink\Wink_3.16.5.apks/base.apk/assets/ARKernel3Builtin/spirv/segment_erosion_9h.vert.spv
wink,SHADER_OR_LUT,segment_erosion_9v.frag.spv,2116,2b7801edf0db14569f5761df091a190e61862e82373741a867b3e084b32562bd,GPU shader or color transformation lookup,OBSERVED_ON_DISK,Wink\Wink_3.16.5.apks/base.apk/assets/ARKernel3Builtin/spirv/segment_erosion_9v.frag.spv
wink,SHADER_OR_LUT,segment_erosion_9v.vert.spv,1908,092fd1fb0299cd3c4db98bd3cee74c0a5831c0e69d30eabb63f8c67d9833c46a,GPU shader or color transformation lookup,OBSERVED_ON_DISK,Wink\Wink_3.16.5.apks/base.apk/assets/ARKernel3Builtin/spirv/segment_erosion_9v.vert.spv
wink,SHADER_OR_LUT,segment_stroke.frag.spv,1856,9abd800d8ddd48e6f57790f386247e286656430a3170322ed3f4c4270f413b0e,GPU shader or color transformation lookup,OBSERVED_ON_DISK,Wink\Wink_3.16.5.apks/base.apk/assets/ARKernel3Builtin/spirv/segment_stroke.frag.spv
wink,SHADER_OR_LUT,segment_stroke.vert.spv,568,f8e670d88d8449d1dc9063f4e96025ca0cbe04703f883471c80280d38f8f41bb,GPU shader or color transformation lookup,OBSERVED_ON_DISK,Wink\Wink_3.16.5.apks/base.apk/assets/ARKernel3Builtin/spirv/segment_stroke.vert.spv
wink,SHADER_OR_LUT,segment_thresholding.frag.spv,792,fe62d7d6d164f569875308658884358be5d52aaf97909bd8e59834a61efe5d29,GPU shader or color transformation lookup,OBSERVED_ON_DISK,Wink\Wink_3.16.5.apks/base.apk/assets/ARKernel3Builtin/spirv/segment_thresholding.frag.spv
wink,SHADER_OR_LUT,segment_thresholding.vert.spv,688,802d18c503ad108aa041f43de38af2ecd35c79c59a71c94fc6622880565f610f,GPU shader or color transformation lookup,OBSERVED_ON_DISK,Wink\Wink_3.16.5.apks/base.apk/assets/ARKernel3Builtin/spirv/segment_thresholding.vert.spv
wink,SHADER_OR_LUT,select_color.frag.spv,5812,724a444c4391f5427946b3aab223767e75255f65d3ef9e3278c885764d054e1b,GPU shader or color transformation lookup,OBSERVED_ON_DISK,Wink\Wink_3.16.5.apks/base.apk/assets/ARKernel3Builtin/spirv/select_color.frag.spv
wink,SHADER_OR_LUT,select_color.vert.spv,652,0a6c16833ad80f13472d5bfb84b5f241c6e009583df9a77a57c5b2a544822993,GPU shader or color transformation lookup,OBSERVED_ON_DISK,Wink\Wink_3.16.5.apks/base.apk/assets/ARKernel3Builtin/spirv/select_color.vert.spv
wink,SHADER_OR_LUT,split_video.frag.spv,880,36f931784e76cac597d0c9eeee2e39e86dbccd4a9a867db45645fc6c7acba341,GPU shader or color transformation lookup,OBSERVED_ON_DISK,Wink\Wink_3.16.5.apks/base.apk/assets/ARKernel3Builtin/spirv/split_video.frag.spv
wink,SHADER_OR_LUT,split_video.vert.spv,568,f8e670d88d8449d1dc9063f4e96025ca0cbe04703f883471c80280d38f8f41bb,GPU shader or color transformation lookup,OBSERVED_ON_DISK,Wink\Wink_3.16.5.apks/base.apk/assets/ARKernel3Builtin/spirv/split_video.vert.spv
wink,SHADER_OR_LUT,tone_sharpen_version0.frag.spv,1504,8df023ef0f37c6fefc064afd96ca88e96fdd86b879bb7f6158a603e374d0b414,GPU shader or color transformation lookup,OBSERVED_ON_DISK,Wink\Wink_3.16.5.apks/base.apk/assets/ARKernel3Builtin/spirv/tone_sharpen_version0.frag.spv
wink,SHADER_OR_LUT,tone_sharpen_version0.vert.spv,1444,3c927547a59431286d81047dd082182750fdd1de12593b35b907f913f9f81bde,GPU shader or color transformation lookup,OBSERVED_ON_DISK,Wink\Wink_3.16.5.apks/base.apk/assets/ARKernel3Builtin/spirv/tone_sharpen_version0.vert.spv
wink,SHADER_OR_LUT,tone_sharpen_version1.frag.spv,3460,7d64c827bca095173871f152e9461bc1814a0bbad411bf0d7efd8178bb5e5145,GPU shader or color transformation lookup,OBSERVED_ON_DISK,Wink\Wink_3.16.5.apks/base.apk/assets/ARKernel3Builtin/spirv/tone_sharpen_version1.frag.spv
wink,SHADER_OR_LUT,tone_sharpen_version1.vert.spv,652,7b98e23c92a75d23aad325d68c478b98b7f9dd3902fc8f33f70d6b7d4efce8e0,GPU shader or color transformation lookup,OBSERVED_ON_DISK,Wink\Wink_3.16.5.apks/base.apk/assets/ARKernel3Builtin/spirv/tone_sharpen_version1.vert.spv
wink,SHADER_OR_LUT,transfer_features.frag.spv,1608,1cc6c71154196d409489e07aaa16a2e59500c7b72e7939173266c8921c612234,GPU shader or color transformation lookup,OBSERVED_ON_DISK,Wink\Wink_3.16.5.apks/base.apk/assets/ARKernel3Builtin/spirv/transfer_features.frag.spv
wink,SHADER_OR_LUT,transfer_features.vert.spv,1088,9e1316eb3b36fd7439fd273ea15b34ac24b57e841e3d4e48eea9e17fba3c2b93,GPU shader or color transformation lookup,OBSERVED_ON_DISK,Wink\Wink_3.16.5.apks/base.apk/assets/ARKernel3Builtin/spirv/transfer_features.vert.spv
wink,SHADER_OR_LUT,Shader_BrightEyeRemovePouchWhiteTeeth.fs,1565,5d953eec3f2af1ecf262903e3325afc6c1e6c061281e9bd7ecc3a9ba85ea569f,GPU shader or color transformation lookup,OBSERVED_ON_DISK,Wink\Wink_3.16.5.apks/base.apk/assets/MTAurora.bundle/Shaders/Shader_BrightEyeRemovePouchWhiteTeeth.fs
wink,SHADER_OR_LUT,Shader_BrightEyeRemovePouchWhiteTeeth.vs,443,52d892ee794688ee2e133a1cbc697fd935a4050a181bf895f2b6abfa0ca35b70,GPU shader or color transformation lookup,OBSERVED_ON_DISK,Wink\Wink_3.16.5.apks/base.apk/assets/MTAurora.bundle/Shaders/Shader_BrightEyeRemovePouchWhiteTeeth.vs
wink,SHADER_OR_LUT,Shader_BrightEyeRemovePouchWhiteTeethMirror.fs,3071,f5600b54403de61f592993117b1abe878b87c7b52d3cd94b8f481f210a368405,GPU shader or color transformation lookup,OBSERVED_ON_DISK,Wink\Wink_3.16.5.apks/base.apk/assets/MTAurora.bundle/Shaders/Shader_BrightEyeRemovePouchWhiteTeethMirror.fs
wink,SHADER_OR_LUT,Shader_BrightEyeRemovePouchWhiteTeethNew.fs,2340,cde96ea2f174fb44fb283bc22daae5a1500f59c07b5ec2b1278e61ea34c26b71,GPU shader or color transformation lookup,OBSERVED_ON_DISK,Wink\Wink_3.16.5.apks/base.apk/assets/MTAurora.bundle/Shaders/Shader_BrightEyeRemovePouchWhiteTeethNew.fs
wink,SHADER_OR_LUT,Shader_BrightEyeRemovePouchWhiteTeethNew3.fs,3864,73cbb9c7c2ba770b91ad063cae0604afd5a8fc065f9a389a7d2c02f0de698222,GPU shader or color transformation lookup,OBSERVED_ON_DISK,Wink\Wink_3.16.5.apks/base.apk/assets/MTAurora.bundle/Shaders/Shader_BrightEyeRemovePouchWhiteTeethNew3.fs
wink,SHADER_OR_LUT,drawMask.fs,178,bc9dc0368b828eab9b3f85fa5bf1079e4bcbd86b40fd5b038b17a57eb97a1fd9,GPU shader or color transformation lookup,OBSERVED_ON_DISK,Wink\Wink_3.16.5.apks/base.apk/assets/MaterialCenter/video_edit_beauty/BeautyBody3D/ar/res/ar3d1/shaders/drawMask.fs
wink,SHADER_OR_LUT,drawMask.vs,154,6e1d4742a04734f4913284efeffdc200a84f9ba5ad702bb2a2ae56efefe5ca08,GPU shader or color transformation lookup,OBSERVED_ON_DISK,Wink\Wink_3.16.5.apks/base.apk/assets/MaterialCenter/video_edit_beauty/BeautyBody3D/ar/res/ar3d1/shaders/drawMask.vs
wink,SHADER_OR_LUT,MTFilter_BlendPoint.fs,306,2b46d36c312064fb7d10d1292a87c31bb3011ace766be704db1fe7e69c992a9d,GPU shader or color transformation lookup,OBSERVED_ON_DISK,Wink\Wink_3.16.5.apks/base.apk/assets/MaterialCenter/video_edit_beauty/body/ar/res/ThighDeform/shaders/MTFilter_BlendPoint.fs
wink,SHADER_OR_LUT,MTFilter_CommonPoint.vs,562,0f57056a2ba23283f95c2f0e9d56a081f1d8cc5d447e538537d019648244e8b1,GPU shader or color transformation lookup,OBSERVED_ON_DISK,Wink\Wink_3.16.5.apks/base.apk/assets/MaterialCenter/video_edit_beauty/body/ar/res/ThighDeform/shaders/MTFilter_CommonPoint.vs
wink,SHADER_OR_LUT,OffsetApply.fs,1414,30cdcc7a41e470e12899c92a45e4ce48c91529f867b4ae74e35444cf6a936f83,GPU shader or color transformation lookup,OBSERVED_ON_DISK,Wink\Wink_3.16.5.apks/base.apk/assets/MaterialCenter/video_edit_beauty/body/ar/res/ThighDeform/shaders/OffsetApply.fs
wink,SHADER_OR_LUT,OffsetApply.vs,340,222a40abf4ae0d03ca26d3b5fdc3e0bde8b74806cbe8a3b0ee58429b9455593c,GPU shader or color transformation lookup,OBSERVED_ON_DISK,Wink\Wink_3.16.5.apks/base.apk/assets/MaterialCenter/video_edit_beauty/body/ar/res/ThighDeform/shaders/OffsetApply.vs
wink,SHADER_OR_LUT,OffsetBake.fs,569,a07b7c77bcced6332284e8d4ea36f5a5f1640c46758bbf4c2e4b66527fbd1bb7,GPU shader or color transformation lookup,OBSERVED_ON_DISK,Wink\Wink_3.16.5.apks/base.apk/assets/MaterialCenter/video_edit_beauty/body/ar/res/ThighDeform/shaders/OffsetBake.fs
wink,SHADER_OR_LUT,OffsetBake.vs,412,8bdd928fe561b0f3c8b0ab04a0ca900d6dbec71f786c40e5a0a5ed7ec1eed26e,GPU shader or color transformation lookup,OBSERVED_ON_DISK,Wink\Wink_3.16.5.apks/base.apk/assets/MaterialCenter/video_edit_beauty/body/ar/res/ThighDeform/shaders/OffsetBake.vs
wink,SHADER_OR_LUT,OffsetCommon.vs,340,222a40abf4ae0d03ca26d3b5fdc3e0bde8b74806cbe8a3b0ee58429b9455593c,GPU shader or color transformation lookup,OBSERVED_ON_DISK,Wink\Wink_3.16.5.apks/base.apk/assets/MaterialCenter/video_edit_beauty/body/ar/res/ThighDeform/shaders/OffsetCommon.vs
wink,SHADER_OR_LUT,OffsetGaussian.fs,1095,6c7c759747d24cc3e6359cc9c8b5b7dac0f12d725871ecfbd87ac7f4ebed60f4,GPU shader or color transformation lookup,OBSERVED_ON_DISK,Wink\Wink_3.16.5.apks/base.apk/assets/MaterialCenter/video_edit_beauty/body/ar/res/ThighDeform/shaders/OffsetGaussian.fs
wink,SHADER_OR_LUT,base.vs,322,e7140b7b001b319a97ec9d37b45fb5c5adc722b7f487a469c902845c39c038d5,GPU shader or color transformation lookup,OBSERVED_ON_DISK,Wink\Wink_3.16.5.apks/base.apk/assets/MaterialCenter/video_edit_beauty/body/ar/res/base.vs
wink,SHADER_OR_LUT,bodywarp.fs,1785,57c4acd3a88bb171be763fc0dfc345f1a0c4ded85569e5435d08456b26bc9ec8,GPU shader or color transformation lookup,OBSERVED_ON_DISK,Wink\Wink_3.16.5.apks/base.apk/assets/MaterialCenter/video_edit_beauty/body/ar/res/bodywarp.fs
wink,SHADER_OR_LUT,bodywarp.vs,183,0a26f328717a4e27aa492b2b2771e06a8d2781c09ac52b005c7c8f8fac95c913,GPU shader or color transformation lookup,OBSERVED_ON_DISK,Wink\Wink_3.16.5.apks/base.apk/assets/MaterialCenter/video_edit_beauty/body/ar/res/bodywarp.vs
wink,SHADER_OR_LUT,bulge.fs,1247,de7f4948326f2e1cca50dc0563b71b30524d0f3164837f7c474951b3da453a41,GPU shader or color transformation lookup,OBSERVED_ON_DISK,Wink\Wink_3.16.5.apks/base.apk/assets/MaterialCenter/video_edit_beauty/body/ar/res/bulge.fs
wink,SHADER_OR_LUT,bulge.vs,199,80cd4a917a9cd3af40b6a43a7d5504dc4c42c589432ab5c6e3e97fd83f2283f6,GPU shader or color transformation lookup,OBSERVED_ON_DISK,Wink\Wink_3.16.5.apks/base.apk/assets/MaterialCenter/video_edit_beauty/body/ar/res/bulge.vs
wink,SHADER_OR_LUT,direct.fs,216,be137bb35b53bf8c2b379900de3d574d6c78e98516e706ea356cd84f7c3f7c0a,GPU shader or color transformation lookup,OBSERVED_ON_DISK,Wink\Wink_3.16.5.apks/base.apk/assets/MaterialCenter/video_edit_beauty/body/ar/res/direct.fs
wink,SHADER_OR_LUT,foot.fs,597,aa0e2aa3aab330560ac2b9bf40d9aa30cb1c3d23e47b8ac3e4e5d52d8a5039c9,GPU shader or color transformation lookup,OBSERVED_ON_DISK,Wink\Wink_3.16.5.apks/base.apk/assets/MaterialCenter/video_edit_beauty/body/ar/res/foot.fs
wink,SHADER_OR_LUT,foot.vs,297,788df289a1b9de754483c6720f27611079f480575d570483d053780f079e5df5,GPU shader or color transformation lookup,OBSERVED_ON_DISK,Wink\Wink_3.16.5.apks/base.apk/assets/MaterialCenter/video_edit_beauty/body/ar/res/foot.vs
wink,SHADER_OR_LUT,head.fs,1745,5cdfff61ee3c871daac4b5d84bb48fa51eb80367ca512d0d1ad199821510fb69,GPU shader or color transformation lookup,OBSERVED_ON_DISK,Wink\Wink_3.16.5.apks/base.apk/assets/MaterialCenter/video_edit_beauty/body/ar/res/head.fs
wink,SHADER_OR_LUT,head.vs,184,bf532a62270192d36a1ef657928be36379c0e4ad9211de69272453814da17cb7,GPU shader or color transformation lookup,OBSERVED_ON_DISK,Wink\Wink_3.16.5.apks/base.apk/assets/MaterialCenter/video_edit_beauty/body/ar/res/head.vs
wink,SHADER_OR_LUT,hip.fs,2923,b458ee8443632814f7d88094cd5f80560a0e1ce0f18f371196180e1fb15c2f05,GPU shader or color transformation lookup,OBSERVED_ON_DISK,Wink\Wink_3.16.5.apks/base.apk/assets/MaterialCenter/video_edit_beauty/body/ar/res/hip.fs
wink,SHADER_OR_LUT,hip.vs,322,e7140b7b001b319a97ec9d37b45fb5c5adc722b7f487a469c902845c39c038d5,GPU shader or color transformation lookup,OBSERVED_ON_DISK,Wink\Wink_3.16.5.apks/base.apk/assets/MaterialCenter/video_edit_beauty/body/ar/res/hip.vs
wink,SHADER_OR_LUT,liquify.fs,2961,32da365db1f70aa8d585200270d50475b81b4df24dff8c38fb2872a2662fd312,GPU shader or color transformation lookup,OBSERVED_ON_DISK,Wink\Wink_3.16.5.apks/base.apk/assets/MaterialCenter/video_edit_beauty/body/ar/res/liquify.fs
wink,SHADER_OR_LUT,liquify.vs,182,9e236ff1ae17f64906ebf761ac31a0169b2e01127259f65664cd75b2af214bd4,GPU shader or color transformation lookup,OBSERVED_ON_DISK,Wink\Wink_3.16.5.apks/base.apk/assets/MaterialCenter/video_edit_beauty/body/ar/res/liquify.vs
wink,SHADER_OR_LUT,mixAlpha.fs,364,ef2a2e53d18490b749242682a61f99dd246d0589afd8865de03aafe04e94f66f,GPU shader or color transformation lookup,OBSERVED_ON_DISK,Wink\Wink_3.16.5.apks/base.apk/assets/MaterialCenter/video_edit_beauty/body/ar/res/mixAlpha.fs
wink,SHADER_OR_LUT,mixAlpha.vs,189,fa3b5f32e845be4e0f109f7a7154deaaec7b17476b5570cbfb44bcfc8fbd7d7f,GPU shader or color transformation lookup,OBSERVED_ON_DISK,Wink\Wink_3.16.5.apks/base.apk/assets/MaterialCenter/video_edit_beauty/body/ar/res/mixAlpha.vs
wink,SHADER_OR_LUT,mixColor.fs,291,22b62ce50fd1e514db94e044bd184d817b3ae325a444bb82bc02fe13e089342b,GPU shader or color transformation lookup,OBSERVED_ON_DISK,Wink\Wink_3.16.5.apks/base.apk/assets/MaterialCenter/video_edit_beauty/body/ar/res/mixColor.fs
wink,SHADER_OR_LUT,mixColor.vs,379,c18c5ea8296b83e00b0f605fada2e7c7b0f85ea7fc12c823f38ac4957d69d050,GPU shader or color transformation lookup,OBSERVED_ON_DISK,Wink\Wink_3.16.5.apks/base.apk/assets/MaterialCenter/video_edit_beauty/body/ar/res/mixColor.vs
wink,SHADER_OR_LUT,debugLiquefy.fs,3242,48779387a55bf501a3b1b25203e05b2e0f36404e5855e9f13f4e82c10f4f15c7,GPU shader or color transformation lookup,OBSERVED_ON_DISK,Wink\Wink_3.16.5.apks/base.apk/assets/MaterialCenter/video_edit_beauty/body/ar/res/shader/AdjustNeck/debugLiquefy.fs
wink,SHADER_OR_LUT,debugLiquefy.vs,569,aa55a62235c6f1c9841dc96afdd9995ba0b50b9132a2b4d43a6e0fb1c06e2e8f,GPU shader or color transformation lookup,OBSERVED_ON_DISK,Wink\Wink_3.16.5.apks/base.apk/assets/MaterialCenter/video_edit_beauty/body/ar/res/shader/AdjustNeck/debugLiquefy.vs
wink,SHADER_OR_LUT,debugStretch.fs,1128,2e6ba679a18cea8b7b89b3cd7ac47f7fe0329515a287c521c631d2311b06264a,GPU shader or color transformation lookup,OBSERVED_ON_DISK,Wink\Wink_3.16.5.apks/base.apk/assets/MaterialCenter/video_edit_beauty/body/ar/res/shader/AdjustNeck/debugStretch.fs
wink,SHADER_OR_LUT,debugStretch.vs,661,16c74b679c56a4ac76ca005ce67a512709581cadaeb131db6640fdb64267e16e,GPU shader or color transformation lookup,OBSERVED_ON_DISK,Wink\Wink_3.16.5.apks/base.apk/assets/MaterialCenter/video_edit_beauty/body/ar/res/shader/AdjustNeck/debugStretch.vs
wink,SHADER_OR_LUT,downSampler.fs,1080,66ccf52a0f702225b7313289fb34ed925c9dceda8a39c22747f51de0ab82910b,GPU shader or color transformation lookup,OBSERVED_ON_DISK,Wink\Wink_3.16.5.apks/base.apk/assets/MaterialCenter/video_edit_beauty/body/ar/res/shader/AdjustNeck/kawase/downSampler.fs
wink,SHADER_OR_LUT,simple.vs,500,7495098b9f39a60cfe251129f14d24a30b0c58a536b4bf00cc9e6f732b85bae0,GPU shader or color transformation lookup,OBSERVED_ON_DISK,Wink\Wink_3.16.5.apks/base.apk/assets/MaterialCenter/video_edit_beauty/body/ar/res/shader/AdjustNeck/kawase/simple.vs
wink,SHADER_OR_LUT,upSampler.fs,1616,386baf0a07f8b8d328dcb20abc77dd2c603e4da1ba4a7948f0cdb0d9827adbb6,GPU shader or color transformation lookup,OBSERVED_ON_DISK,Wink\Wink_3.16.5.apks/base.apk/assets/MaterialCenter/video_edit_beauty/body/ar/res/shader/AdjustNeck/kawase/upSampler.fs
wink,SHADER_OR_LUT,liquefy.fs,3543,4d9713b4639e5c052ac6fb6ba83ca303aebcb564915dd76ce504c3ddf91665d7,GPU shader or color transformation lookup,OBSERVED_ON_DISK,Wink\Wink_3.16.5.apks/base.apk/assets/MaterialCenter/video_edit_beauty/body/ar/res/shader/AdjustNeck/liquefy.fs
wink,SHADER_OR_LUT,liquefy.vs,560,9fc0b737281f9eb555ca6fc79a241820aedd101eecc38361aa569ba9a4c42932,GPU shader or color transformation lookup,OBSERVED_ON_DISK,Wink\Wink_3.16.5.apks/base.apk/assets/MaterialCenter/video_edit_beauty/body/ar/res/shader/AdjustNeck/liquefy.vs
wink,SHADER_OR_LUT,mask.fs,256,dcf5e60032f385820030475228d175097b7675b871d43d888ee7b8bec6be7061,GPU shader or color transformation lookup,OBSERVED_ON_DISK,Wink\Wink_3.16.5.apks/base.apk/assets/MaterialCenter/video_edit_beauty/body/ar/res/shader/AdjustNeck/mask.fs
wink,SHADER_OR_LUT,mask.vs,446,4ddad18be87b6a9fee94453df46b7cb12a84ae2f58e9c7cb407e73d3ddcb1c9f,GPU shader or color transformation lookup,OBSERVED_ON_DISK,Wink\Wink_3.16.5.apks/base.apk/assets/MaterialCenter/video_edit_beauty/body/ar/res/shader/AdjustNeck/mask.vs
wink,SHADER_OR_LUT,stretch.fs,1859,cbf23fe81440d26967b0143ead194b4bbfb68adaa839bd11a33eb57b6911844b,GPU shader or color transformation lookup,OBSERVED_ON_DISK,Wink\Wink_3.16.5.apks/base.apk/assets/MaterialCenter/video_edit_beauty/body/ar/res/shader/AdjustNeck/stretch.fs
wink,SHADER_OR_LUT,stretch.vs,643,7c7e215db9518f09f8d2d0626d01c9739e0b3d42d33f9f360da7282fdccf1bb1,GPU shader or color transformation lookup,OBSERVED_ON_DISK,Wink\Wink_3.16.5.apks/base.apk/assets/MaterialCenter/video_edit_beauty/body/ar/res/shader/AdjustNeck/stretch.vs
wink,SHADER_OR_LUT,stretchBeforeOptimize.fs,1859,cbf23fe81440d26967b0143ead194b4bbfb68adaa839bd11a33eb57b6911844b,GPU shader or color transformation lookup,OBSERVED_ON_DISK,Wink\Wink_3.16.5.apks/base.apk/assets/MaterialCenter/video_edit_beauty/body/ar/res/shader/AdjustNeck/stretchBeforeOptimize.fs
wink,SHADER_OR_LUT,shoulder.fs,2982,89cd92d28c7e2e5b6618b69c557d30f8583e74a8818e3a25b773ab050f590903,GPU shader or color transformation lookup,OBSERVED_ON_DISK,Wink\Wink_3.16.5.apks/base.apk/assets/MaterialCenter/video_edit_beauty/body/ar/res/shader/shoulder.fs
wink,SHADER_OR_LUT,shoulder.vs,183,0a26f328717a4e27aa492b2b2771e06a8d2781c09ac52b005c7c8f8fac95c913,GPU shader or color transformation lookup,OBSERVED_ON_DISK,Wink\Wink_3.16.5.apks/base.apk/assets/MaterialCenter/video_edit_beauty/body/ar/res/shader/shoulder.vs
wink,SHADER_OR_LUT,slim.fs,4612,0b61302e900f1b77f9d23d64ba75e3b301a53751e9ccf297528ec5765726a9d8,GPU shader or color transformation lookup,OBSERVED_ON_DISK,Wink\Wink_3.16.5.apks/base.apk/assets/MaterialCenter/video_edit_beauty/body/ar/res/shader/slim.fs
wink,SHADER_OR_LUT,slim.vs,316,03c3014a9de4477ac56f866b15b5b27193c0c4b97a06fab1cb8bce2fcb29eb89,GPU shader or color transformation lookup,OBSERVED_ON_DISK,Wink\Wink_3.16.5.apks/base.apk/assets/MaterialCenter/video_edit_beauty/body/ar/res/shader/slim.vs
wink,SHADER_OR_LUT,slimRect.fs,5587,8c1bc46f4351fd5dc744aa6a530e3428b8d1f8961250052a013f2420f29b638c,GPU shader or color transformation lookup,OBSERVED_ON_DISK,Wink\Wink_3.16.5.apks/base.apk/assets/MaterialCenter/video_edit_beauty/body/ar/res/shader/slimRect.fs
wink,SHADER_OR_LUT,slimRect.vs,427,9af7320661406d944d72e41be872b7f4586ffb112eabb8147a3a5168c4c9ac8f,GPU shader or color transformation lookup,OBSERVED_ON_DISK,Wink\Wink_3.16.5.apks/base.apk/assets/MaterialCenter/video_edit_beauty/body/ar/res/shader/slimRect.vs
wink,SHADER_OR_LUT,warp3.fs,1835,1dbec7b01103212a6c6a832bbc9c87cad2213841ed9f08a8e5db3f9f12b52993,GPU shader or color transformation lookup,OBSERVED_ON_DISK,Wink\Wink_3.16.5.apks/base.apk/assets/MaterialCenter/video_edit_beauty/body/ar/res/shader/warp3.fs
wink,SHADER_OR_LUT,warp3.vs,431,13a820c979ac01e1739674d011761a159b147dc964017376aff18bae224c16d1,GPU shader or color transformation lookup,OBSERVED_ON_DISK,Wink\Wink_3.16.5.apks/base.apk/assets/MaterialCenter/video_edit_beauty/body/ar/res/shader/warp3.vs
wink,SHADER_OR_LUT,shrink.fs,312,5db6202ae84b2c383a44b0831e6c9c89950f699039e72e6b2b109aaf7f88138d,GPU shader or color transformation lookup,OBSERVED_ON_DISK,Wink\Wink_3.16.5.apks/base.apk/assets/MaterialCenter/video_edit_beauty/body/ar/res/shrink.fs
wink,SHADER_OR_LUT,shrink.vs,372,9291a97ba0270340129fc79b2baffdba383f25bf6f207c14b59d0f4072cdaaae,GPU shader or color transformation lookup,OBSERVED_ON_DISK,Wink\Wink_3.16.5.apks/base.apk/assets/MaterialCenter/video_edit_beauty/body/ar/res/shrink.vs
wink,SHADER_OR_LUT,texture.fs,1155,012877e7adbbe292b88333f319b7f67c5f7ab2b24ab43c9bc4c6318189556955,GPU shader or color transformation lookup,OBSERVED_ON_DISK,Wink\Wink_3.16.5.apks/base.apk/assets/MaterialCenter/video_edit_beauty/body/ar/res/texture.fs
wink,SHADER_OR_LUT,texture.vs,966,fdf4c2eb2fbbc7ee68e235cce2f6502a335ce9fa827a4d4096ca1a50b337e060,GPU shader or color transformation lookup,OBSERVED_ON_DISK,Wink\Wink_3.16.5.apks/base.apk/assets/MaterialCenter/video_edit_beauty/body/ar/res/texture.vs
wink,SHADER_OR_LUT,MTFilter_AnjiaoLut.fs,1866,1b3341c9cd143edff212a0cacaf1723103f1893f6bc01ddb1c20baf51db5db41,GPU shader or color transformation lookup,OBSERVED_ON_DISK,Wink\Wink_3.16.5.apks/base.apk/assets/mtmv_assets.bundle/mtmvcore_shaders/MTFilter_AnjiaoLut.fs
wink,SHADER_OR_LUT,MTFilter_BaiLu.fs,1311,27dcd2e3d03a50c55223a364d3459f25798eee9f35ddde4dff55118d83bf8402,GPU shader or color transformation lookup,OBSERVED_ON_DISK,Wink\Wink_3.16.5.apks/base.apk/assets/mtmv_assets.bundle/mtmvcore_shaders/MTFilter_BaiLu.fs
wink,SHADER_OR_LUT,MTFilter_BlackWhite.fs,1411,55a5ca08b698bd6a4f51715d33287154e280aea3785fd7d90750b54930bb49b5,GPU shader or color transformation lookup,OBSERVED_ON_DISK,Wink\Wink_3.16.5.apks/base.apk/assets/mtmv_assets.bundle/mtmvcore_shaders/MTFilter_BlackWhite.fs
wink,SHADER_OR_LUT,MTFilter_BlowoutOverlapMap.fs,900,ad69054da1bdf0c8b76b690754c89bb963b29624246877d8430619fb545805a0,GPU shader or color transformation lookup,OBSERVED_ON_DISK,Wink\Wink_3.16.5.apks/base.apk/assets/mtmv_assets.bundle/mtmvcore_shaders/MTFilter_BlowoutOverlapMap.fs
wink,SHADER_OR_LUT,MTFilter_Brightness.fs,1379,d76f9b088ee9fb37016a781dd286a153fd6c7103126deb6f5237881c4a5bcf19,GPU shader or color transformation lookup,OBSERVED_ON_DISK,Wink\Wink_3.16.5.apks/base.apk/assets/mtmv_assets.bundle/mtmvcore_shaders/MTFilter_Brightness.fs
wink,SHADER_OR_LUT,MTFilter_ChromatismMatting.fs,5655,5c635fcca0d3aaccfec498aea59e6a5661075893ab227c5943c7fae5940dbd75,GPU shader or color transformation lookup,OBSERVED_ON_DISK,Wink\Wink_3.16.5.apks/base.apk/assets/mtmv_assets.bundle/mtmvcore_shaders/MTFilter_ChromatismMatting.fs
wink,SHADER_OR_LUT,MTFilter_ChromatismMatting.vs,151,fce8155604ea7a1003c3d105447527d9a62c82d16be76766aa37c03af3fdc3b4,GPU shader or color transformation lookup,OBSERVED_ON_DISK,Wink\Wink_3.16.5.apks/base.apk/assets/mtmv_assets.bundle/mtmvcore_shaders/MTFilter_ChromatismMatting.vs
wink,SHADER_OR_LUT,MTFilter_Contrast.fs,576,becdb6a17823e0ff0e9070fd789dafbf6e9b64fccbba88a71070f57483964969,GPU shader or color transformation lookup,OBSERVED_ON_DISK,Wink\Wink_3.16.5.apks/base.apk/assets/mtmv_assets.bundle/mtmvcore_shaders/MTFilter_Contrast.fs
wink,SHADER_OR_LUT,MTFilter_DarkCorner.fs,631,1147c8dd990896a282ab9694bce703f2c70232deb05ddf8839cf166784d343c8,GPU shader or color transformation lookup,OBSERVED_ON_DISK,Wink\Wink_3.16.5.apks/base.apk/assets/mtmv_assets.bundle/mtmvcore_shaders/MTFilter_DarkCorner.fs
wink,SHADER_OR_LUT,MTFilter_Dilating.fs,1096,cd25b97ddb650d079bcd7c5ed36aeaf6d1a6755784e9b627c7ca2977962c828b,GPU shader or color transformation lookup,OBSERVED_ON_DISK,Wink\Wink_3.16.5.apks/base.apk/assets/mtmv_assets.bundle/mtmvcore_shaders/MTFilter_Dilating.fs
wink,SHADER_OR_LUT,MTFilter_Displacement.fs,530,8a6eeb1e6c2b1456b4e43711af0987038555029ac4b27a774e3da1521636c0ce,GPU shader or color transformation lookup,OBSERVED_ON_DISK,Wink\Wink_3.16.5.apks/base.apk/assets/mtmv_assets.bundle/mtmvcore_shaders/MTFilter_Displacement.fs
wink,SHADER_OR_LUT,MTFilter_FenNenXi.fs,1311,27dcd2e3d03a50c55223a364d3459f25798eee9f35ddde4dff55118d83bf8402,GPU shader or color transformation lookup,OBSERVED_ON_DISK,Wink\Wink_3.16.5.apks/base.apk/assets/mtmv_assets.bundle/mtmvcore_shaders/MTFilter_FenNenXi.fs
wink,SHADER_OR_LUT,MTFilter_FromBottomSlopeMoveToTop.fs,0,e3b0c44298fc1c149afbf4c8996fb92427ae41e4649b934ca495991b7852b855,GPU shader or color transformation lookup,OBSERVED_ON_DISK,Wink\Wink_3.16.5.apks/base.apk/assets/mtmv_assets.bundle/mtmvcore_shaders/MTFilter_FromBottomSlopeMoveToTop.fs
wink,SHADER_OR_LUT,MTFilter_FromLeftMoveToSlope.fs,831,6b32e2a4cb235a0fe8e60780dcde70f1c69a2d75d6f17f22c9e287a69c54c293,GPU shader or color transformation lookup,OBSERVED_ON_DISK,Wink\Wink_3.16.5.apks/base.apk/assets/mtmv_assets.bundle/mtmvcore_shaders/MTFilter_FromLeftMoveToSlope.fs
wink,SHADER_OR_LUT,MTFilter_FromRightMoveToSlope.fs,841,2d842d7b2af8aef575d4a7600ad65dd0c5fb6a2bba3e4688feae6cc420fbe03f,GPU shader or color transformation lookup,OBSERVED_ON_DISK,Wink\Wink_3.16.5.apks/base.apk/assets/mtmv_assets.bundle/mtmvcore_shaders/MTFilter_FromRightMoveToSlope.fs
wink,SHADER_OR_LUT,MTFilter_FromTopSlopeMoveToBottom.fs,690,af4004c857debcf552ffdb4ee3623c797fc71f5a8477086dca20ad0117246921,GPU shader or color transformation lookup,OBSERVED_ON_DISK,Wink\Wink_3.16.5.apks/base.apk/assets/mtmv_assets.bundle/mtmvcore_shaders/MTFilter_FromTopSlopeMoveToBottom.fs
wink,SHADER_OR_LUT,MTFilter_Gaussian13HValue.fs,1614,70368be1a8ed31ca393ee84d430b8b1f4ef29f236b9c49141b64a9a3b4655066,GPU shader or color transformation lookup,OBSERVED_ON_DISK,Wink\Wink_3.16.5.apks/base.apk/assets/mtmv_assets.bundle/mtmvcore_shaders/MTFilter_Gaussian13HValue.fs
wink,SHADER_OR_LUT,MTFilter_Gaussian13VValue.fs,1614,0266ec42ed4eed49b610a694f1e1b39d98af468ba96efc3ef581a55628975498,GPU shader or color transformation lookup,OBSERVED_ON_DISK,Wink\Wink_3.16.5.apks/base.apk/assets/mtmv_assets.bundle/mtmvcore_shaders/MTFilter_Gaussian13VValue.fs
wink,SHADER_OR_LUT,MTFilter_Gaussian13Value.fs,1876,f839516ea64c3e4f0725bc199fdb1148d0903ee235b13e0bab92af0e47557295,GPU shader or color transformation lookup,OBSERVED_ON_DISK,Wink\Wink_3.16.5.apks/base.apk/assets/mtmv_assets.bundle/mtmvcore_shaders/MTFilter_Gaussian13Value.fs
wink,SHADER_OR_LUT,MTFilter_Gaussian13Value.vs,2212,d8bfe97d89ec2ced65303c463c547f251f059fd69af939e75c1a8f843d56e838,GPU shader or color transformation lookup,OBSERVED_ON_DISK,Wink\Wink_3.16.5.apks/base.apk/assets/mtmv_assets.bundle/mtmvcore_shaders/MTFilter_Gaussian13Value.vs
wink,SHADER_OR_LUT,MTFilter_Gaussian15HValue.fs,2356,621d13e506523b0adb4ac757c32a800cd54c94e9dfe8dc216e5d31d94fc9ffda,GPU shader or color transformation lookup,OBSERVED_ON_DISK,Wink\Wink_3.16.5.apks/base.apk/assets/mtmv_assets.bundle/mtmvcore_shaders/MTFilter_Gaussian15HValue.fs
wink,SHADER_OR_LUT,MTFilter_Gaussian15VValue.fs,2356,169fa2f5509b3fa948d738eef971689312b453e38d81da29856e8d54a95f49c5,GPU shader or color transformation lookup,OBSERVED_ON_DISK,Wink\Wink_3.16.5.apks/base.apk/assets/mtmv_assets.bundle/mtmvcore_shaders/MTFilter_Gaussian15VValue.fs
wink,SHADER_OR_LUT,MTFilter_Gaussian9HValue.fs,946,bebd62fb4fa975e24e9fe3f515a702146d8499ed539113f404a4d0aee5323bfc,GPU shader or color transformation lookup,OBSERVED_ON_DISK,Wink\Wink_3.16.5.apks/base.apk/assets/mtmv_assets.bundle/mtmvcore_shaders/MTFilter_Gaussian9HValue.fs
wink,SHADER_OR_LUT,MTFilter_Gaussian9VValue.fs,948,12df12bafe8077a17bdc21e1121acc91b89c59140c5a5a5dfc02a013be0911ed,GPU shader or color transformation lookup,OBSERVED_ON_DISK,Wink\Wink_3.16.5.apks/base.apk/assets/mtmv_assets.bundle/mtmvcore_shaders/MTFilter_Gaussian9VValue.fs
wink,SHADER_OR_LUT,MTFilter_GaussianAlpha15H.fs,4283,7b64e1edadbaba518573185ecb5a973b5ff147ca08f22cf37a8c549e08afb4f5,GPU shader or color transformation lookup,OBSERVED_ON_DISK,Wink\Wink_3.16.5.apks/base.apk/assets/mtmv_assets.bundle/mtmvcore_shaders/MTFilter_GaussianAlpha15H.fs
wink,SHADER_OR_LUT,MTFilter_GaussianAlpha15V.fs,4294,9a9598ca2864a5bc39152276e0b819162f400cdc96cf0a4b22274fa13cad208e,GPU shader or color transformation lookup,OBSERVED_ON_DISK,Wink\Wink_3.16.5.apks/base.apk/assets/mtmv_assets.bundle/mtmvcore_shaders/MTFilter_GaussianAlpha15V.fs
wink,SHADER_OR_LUT,MTFilter_GaussianAlpha9H.fs,1713,7d29a167aa2c0fef48a2f4e9f085eab528a48772df5de87f10266318f8016fa7,GPU shader or color transformation lookup,OBSERVED_ON_DISK,Wink\Wink_3.16.5.apks/base.apk/assets/mtmv_assets.bundle/mtmvcore_shaders/MTFilter_GaussianAlpha9H.fs
wink,SHADER_OR_LUT,MTFilter_GaussianAlpha9V.fs,1713,4305ca8d1a14916fcb36874868d122db2e663a9395b6896ffde002d82347300b,GPU shader or color transformation lookup,OBSERVED_ON_DISK,Wink\Wink_3.16.5.apks/base.apk/assets/mtmv_assets.bundle/mtmvcore_shaders/MTFilter_GaussianAlpha9V.fs
wink,SHADER_OR_LUT,MTFilter_GeneralMap.fs,486,c685612940bf16af2abf1e0ca46fc7f199b16e0921ad21ead920480830a5e09f,GPU shader or color transformation lookup,OBSERVED_ON_DISK,Wink\Wink_3.16.5.apks/base.apk/assets/mtmv_assets.bundle/mtmvcore_shaders/MTFilter_GeneralMap.fs
wink,SHADER_OR_LUT,MTFilter_MAP_3D_Lut.fs,729,875136e6277283a857bbdd05853c2f4221574330e44c7cf9dbef2c4fff0aec2f,GPU shader or color transformation lookup,OBSERVED_ON_DISK,Wink\Wink_3.16.5.apks/base.apk/assets/mtmv_assets.bundle/mtmvcore_shaders/MTFilter_MAP_3D_Lut.fs
wink,SHADER_OR_LUT,MTFilter_MAP_3D_Lut.vs,193,2d8ab26b125c1840704a093956075f62353493e2daa2e1c170a2b65b0a6c550f,GPU shader or color transformation lookup,OBSERVED_ON_DISK,Wink\Wink_3.16.5.apks/base.apk/assets/mtmv_assets.bundle/mtmvcore_shaders/MTFilter_MAP_3D_Lut.vs
wink,SHADER_OR_LUT,MTFilter_MAP_512x512.fs,1433,84952507d6103977105f66cd8d91c1408f598923703ec78ee9070aa5b377f321,GPU shader or color transformation lookup,OBSERVED_ON_DISK,Wink\Wink_3.16.5.apks/base.apk/assets/mtmv_assets.bundle/mtmvcore_shaders/MTFilter_MAP_512x512.fs
wink,SHADER_OR_LUT,MTFilter_Mapy4x4.fs,1367,328e34564e93253eb27f6de224195b2135871e3be9251ad3eca150fed4439712,GPU shader or color transformation lookup,OBSERVED_ON_DISK,Wink\Wink_3.16.5.apks/base.apk/assets/mtmv_assets.bundle/mtmvcore_shaders/MTFilter_Mapy4x4.fs
wink,SHADER_OR_LUT,MTFilter_Mapy8x8.fs,1376,e486c0574c420b2f7dd7d8e60bc62785a7070c2f9739af6a9aed1f6201c06b44,GPU shader or color transformation lookup,OBSERVED_ON_DISK,Wink\Wink_3.16.5.apks/base.apk/assets/mtmv_assets.bundle/mtmvcore_shaders/MTFilter_Mapy8x8.fs
wink,SHADER_OR_LUT,MTFilter_MaskEx.fs,400,4b81d67833d82e2c44b37e09811a3b7e2ed36e7c739cabf4a5fa8df4addf2454,GPU shader or color transformation lookup,OBSERVED_ON_DISK,Wink\Wink_3.16.5.apks/base.apk/assets/mtmv_assets.bundle/mtmvcore_shaders/MTFilter_MaskEx.fs
wink,SHADER_OR_LUT,MTFilter_MaskEx.vs,228,44ee8a232ea100cc91ef6263361448654c727479214b270bc32017629b88b3a7,GPU shader or color transformation lookup,OBSERVED_ON_DISK,Wink\Wink_3.16.5.apks/base.apk/assets/mtmv_assets.bundle/mtmvcore_shaders/MTFilter_MaskEx.vs
wink,SHADER_OR_LUT,MTFilter_MoveTexMixSrcIamge.fs,608,6f37b8b0af5a2b1eeb0b0da517b9874240c90f0c42059df8294614a447dbd341,GPU shader or color transformation lookup,OBSERVED_ON_DISK,Wink\Wink_3.16.5.apks/base.apk/assets/mtmv_assets.bundle/mtmvcore_shaders/MTFilter_MoveTexMixSrcIamge.fs
wink,SHADER_OR_LUT,MTFilter_MoveToSlope.fs,1220,d91a8784ed3b4d60271b6a4d0912cf3a0157dd1f6a0b2537af32649505cac93e,GPU shader or color transformation lookup,OBSERVED_ON_DISK,Wink\Wink_3.16.5.apks/base.apk/assets/mtmv_assets.bundle/mtmvcore_shaders/MTFilter_MoveToSlope.fs
wink,SHADER_OR_LUT,MTFilter_MoveToSlopeSimple.fs,668,b50bd949f6435f8caf869ac4e5cb435aea14069a21d97f422b4fe09bbf094d3b,GPU shader or color transformation lookup,OBSERVED_ON_DISK,Wink\Wink_3.16.5.apks/base.apk/assets/mtmv_assets.bundle/mtmvcore_shaders/MTFilter_MoveToSlopeSimple.fs
wink,SHADER_OR_LUT,MTFilter_MoveToSlopeSimpleCenterH.fs,395,a041a9b2fbd336dc4a5f3a55e4d577eb030b6ebb012201e0c7208d42a0daba1e,GPU shader or color transformation lookup,OBSERVED_ON_DISK,Wink\Wink_3.16.5.apks/base.apk/assets/mtmv_assets.bundle/mtmvcore_shaders/MTFilter_MoveToSlopeSimpleCenterH.fs
wink,SHADER_OR_LUT,MTFilter_MoveToSlopeSimpleH.fs,634,9028f3c5c46d1e98f35e53d93c7ee0dc4a9ff67830019a9c8b99b299aad383f5,GPU shader or color transformation lookup,OBSERVED_ON_DISK,Wink\Wink_3.16.5.apks/base.apk/assets/mtmv_assets.bundle/mtmvcore_shaders/MTFilter_MoveToSlopeSimpleH.fs
wink,SHADER_OR_LUT,MTFilter_RemovePart.fs,1284,013a2e0ec5411bc1e1575bbdae5c9aaa8267e31c13c0fff07cb74b96a5a2e54a,GPU shader or color transformation lookup,OBSERVED_ON_DISK,Wink\Wink_3.16.5.apks/base.apk/assets/mtmv_assets.bundle/mtmvcore_shaders/MTFilter_RemovePart.fs
wink,SHADER_OR_LUT,MTFilter_Saturate.fs,1412,f59785443a2150f9687bf7525f78730929857ddb7642ccb52268dbcaca900b95,GPU shader or color transformation lookup,OBSERVED_ON_DISK,Wink\Wink_3.16.5.apks/base.apk/assets/mtmv_assets.bundle/mtmvcore_shaders/MTFilter_Saturate.fs
wink,SHADER_OR_LUT,MTFilter_Screen.fs,991,e0447c9214b8afd02248472195152e92c2b5d2c029bf67aba0d640d1ab2417ed,GPU shader or color transformation lookup,OBSERVED_ON_DISK,Wink\Wink_3.16.5.apks/base.apk/assets/mtmv_assets.bundle/mtmvcore_shaders/MTFilter_Screen.fs
wink,SHADER_OR_LUT,MTFilter_Screen.vs,221,7bf57e4707ebcbd1641e09b2fbec203fa34a194d15ba1ef974ea9044aad24ddf,GPU shader or color transformation lookup,OBSERVED_ON_DISK,Wink\Wink_3.16.5.apks/base.apk/assets/mtmv_assets.bundle/mtmvcore_shaders/MTFilter_Screen.vs
wink,SHADER_OR_LUT,MTFilter_Segment.fs,697,2b1d22002df1b94e57c0671b13036b14e9f0cd1654d88c7008ffc405d0b9c64f,GPU shader or color transformation lookup,OBSERVED_ON_DISK,Wink\Wink_3.16.5.apks/base.apk/assets/mtmv_assets.bundle/mtmvcore_shaders/MTFilter_Segment.fs
wink,SHADER_OR_LUT,MTFilter_SegmentBlockEffect.fs,1605,48132771854e630d2b65bae52ade97b4e14e4685a12043987cccd6a2fd675ea0,GPU shader or color transformation lookup,OBSERVED_ON_DISK,Wink\Wink_3.16.5.apks/base.apk/assets/mtmv_assets.bundle/mtmvcore_shaders/MTFilter_SegmentBlockEffect.fs
wink,SHADER_OR_LUT,MTFilter_SegmentBlockEffectSize.fs,2483,c4a12c99a095d51602e02cb3de0e6ca4bb0a2b81ee158cd075ff9b2f91a4940a,GPU shader or color transformation lookup,OBSERVED_ON_DISK,Wink\Wink_3.16.5.apks/base.apk/assets/mtmv_assets.bundle/mtmvcore_shaders/MTFilter_SegmentBlockEffectSize.fs
wink,SHADER_OR_LUT,MTFilter_SkinBeauty.fs,982,3704ab0b855a2865496ab9b33a1399532e21f241a82767dab16d7de75f4d23fc,GPU shader or color transformation lookup,OBSERVED_ON_DISK,Wink\Wink_3.16.5.apks/base.apk/assets/mtmv_assets.bundle/mtmvcore_shaders/MTFilter_SkinBeauty.fs
wink,SHADER_OR_LUT,MTFilter_SoftFocus.fs,1939,f5c660a3c21a70d31c27cab2bd237ee12f364ccf91b22d291e3d131e07b5f5a5,GPU shader or color transformation lookup,OBSERVED_ON_DISK,Wink\Wink_3.16.5.apks/base.apk/assets/mtmv_assets.bundle/mtmvcore_shaders/MTFilter_SoftFocus.fs
wink,SHADER_OR_LUT,MTFilter_SoftFocusUseMask.fs,472,1231cf53a54a368cbf89b52ee11370a6bfae0b2f9143ad59580eab01c17b4ebc,GPU shader or color transformation lookup,OBSERVED_ON_DISK,Wink\Wink_3.16.5.apks/base.apk/assets/mtmv_assets.bundle/mtmvcore_shaders/MTFilter_SoftFocusUseMask.fs
wink,SHADER_OR_LUT,MTFilter_SoftFocusUseMaskWithBeauty.fs,1461,0c0fa96eec514b8aca71a6f3de6c44ad142f6824320ffae17b587f28a09bd50b,GPU shader or color transformation lookup,OBSERVED_ON_DISK,Wink\Wink_3.16.5.apks/base.apk/assets/mtmv_assets.bundle/mtmvcore_shaders/MTFilter_SoftFocusUseMaskWithBeauty.fs
wink,SHADER_OR_LUT,MTFilter_Temper.fs,1417,487be5edaab08e1dca72e36f97ab06cdccb84a10981220972802a471a753e9c8,GPU shader or color transformation lookup,OBSERVED_ON_DISK,Wink\Wink_3.16.5.apks/base.apk/assets/mtmv_assets.bundle/mtmvcore_shaders/MTFilter_Temper.fs
wink,SHADER_OR_LUT,MTFilter_defaultTexture.fs,752,e2a0bc4810e984184d84c4716f1b12232502c883792fcbfbbad6bc6887537cea,GPU shader or color transformation lookup,OBSERVED_ON_DISK,Wink\Wink_3.16.5.apks/base.apk/assets/mtmv_assets.bundle/mtmvcore_shaders/MTFilter_defaultTexture.fs
wink,SHADER_OR_LUT,MTFilter_posTexNoMVP.vs,150,a3bc4e64967c98e32932785a85ffbf534db5221dbbc58a885431f1fea1fc6e20,GPU shader or color transformation lookup,OBSERVED_ON_DISK,Wink\Wink_3.16.5.apks/base.apk/assets/mtmv_assets.bundle/mtmvcore_shaders/MTFilter_posTexNoMVP.vs
wink,SHADER_OR_LUT,binaryzation.fs,299,6944e99bf77f6cd338ee87388c25a2dd8680fe9a5ff7688e225eac2b3e4dafee,GPU shader or color transformation lookup,OBSERVED_ON_DISK,Wink\Wink_3.16.5.apks/base.apk/assets/mtmv_assets.bundle/mtmvcore_shaders/binaryzation.fs
wink,SHADER_OR_LUT,colorFill.fs,210,5fd3232c41e82d6f2b29e4623cdcd07df4b9b10f52775aa394d2a375a2059c9e,GPU shader or color transformation lookup,OBSERVED_ON_DISK,Wink\Wink_3.16.5.apks/base.apk/assets/mtmv_assets.bundle/mtmvcore_shaders/colorFill.fs
wink,SHADER_OR_LUT,colorFill.vs,254,6760250d1de66f63ef87655f77d6c2812a334620723ec91bfb282f88adfd3ca5,GPU shader or color transformation lookup,OBSERVED_ON_DISK,Wink\Wink_3.16.5.apks/base.apk/assets/mtmv_assets.bundle/mtmvcore_shaders/colorFill.vs
wink,SHADER_OR_LUT,dilation.fs,1280,1d7601b364c350b9e094e16b1a85e4d3288565968aa3edbb678c2d3c8d12eb44,GPU shader or color transformation lookup,OBSERVED_ON_DISK,Wink\Wink_3.16.5.apks/base.apk/assets/mtmv_assets.bundle/mtmvcore_shaders/dilation.fs
wink,SHADER_OR_LUT,edge.fs,1087,e137fd1e121b5ba7646298610e3389f6c648529d4e7662c85484074eb80289e6,GPU shader or color transformation lookup,OBSERVED_ON_DISK,Wink\Wink_3.16.5.apks/base.apk/assets/mtmv_assets.bundle/mtmvcore_shaders/edge.fs
wink,SHADER_OR_LUT,erosion.fs,1487,61bae35a1192a8f350263fb4a502d31001becd25b56575b2e82a50a9787d97fb,GPU shader or color transformation lookup,OBSERVED_ON_DISK,Wink\Wink_3.16.5.apks/base.apk/assets/mtmv_assets.bundle/mtmvcore_shaders/erosion.fs
wink,SHADER_OR_LUT,fastBlur.fs,2113,9cbdc0852af521f804c56dcd4c02975975d43a3005a31aaeecc264fd507702cd,GPU shader or color transformation lookup,OBSERVED_ON_DISK,Wink\Wink_3.16.5.apks/base.apk/assets/mtmv_assets.bundle/mtmvcore_shaders/fastBlur.fs
wink,SHADER_OR_LUT,sample.fs,214,d00b34d535c69368efdb595272108cc722924ae5979074f5064e0c77aff88103,GPU shader or color transformation lookup,OBSERVED_ON_DISK,Wink\Wink_3.16.5.apks/base.apk/assets/mtmv_assets.bundle/mtmvcore_shaders/sample.fs
wink,SHADER_OR_LUT,sample.vs,190,dbaded3faceea3cdd1820f67de0586f3721f1b9dd2b9c37660e9799947b0b5f4,GPU shader or color transformation lookup,OBSERVED_ON_DISK,Wink\Wink_3.16.5.apks/base.apk/assets/mtmv_assets.bundle/mtmvcore_shaders/sample.vs
wink,SHADER_OR_LUT,sample_mask.fs,502,4cddae349a4d823bc6a290fe650a0f9466241e1cd02bfc805a0aa41e071fb2d3,GPU shader or color transformation lookup,OBSERVED_ON_DISK,Wink\Wink_3.16.5.apks/base.apk/assets/mtmv_assets.bundle/mtmvcore_shaders/sample_mask.fs
wink,SHADER_OR_LUT,sample_mask.vs,273,9069088c37dc7cc5ef94ed5d0e6760494207a91d8bfb6842e60838bae0a18e1f,GPU shader or color transformation lookup,OBSERVED_ON_DISK,Wink\Wink_3.16.5.apks/base.apk/assets/mtmv_assets.bundle/mtmvcore_shaders/sample_mask.vs
wink,SHADER_OR_LUT,sprite.fs,390,67783a2f858d78543503facb45df477a54ffcc22488444810bb1af274435c088,GPU shader or color transformation lookup,OBSERVED_ON_DISK,Wink\Wink_3.16.5.apks/base.apk/assets/mtmv_assets.bundle/mtmvcore_shaders/sprite.fs
wink,SHADER_OR_LUT,sprite.vs,476,6e433c6734eb0c1d5d276ce19d0b58a0036dd9478e154e4736643f5b964a50d7,GPU shader or color transformation lookup,OBSERVED_ON_DISK,Wink\Wink_3.16.5.apks/base.apk/assets/mtmv_assets.bundle/mtmvcore_shaders/sprite.vs
wink,SHADER_OR_LUT,fluidFilter.fs,1191,d0dc31daabe248f93cf2e73cd9af085eafbb1b9b4347b9fd994bd4ec3d3dd7ff,GPU shader or color transformation lookup,OBSERVED_ON_DISK,Wink\Wink_3.16.5.apks/base.apk/assets/mvar_assets.bundle/fluidFilter/ar/res/fluidFilter.fs
wink,SHADER_OR_LUT,fluidFilter.vs,225,3ef44155fb34fd2a906a5d54d08bfd444b9051cd8f3a99a9bade7272e1f3282d,GPU shader or color transformation lookup,OBSERVED_ON_DISK,Wink\Wink_3.16.5.apks/base.apk/assets/mvar_assets.bundle/fluidFilter/ar/res/fluidFilter.vs
wink,SHADER_OR_LUT,Vr.glsl,243,672d66c4d9acf6036826eaf2fba7b31f28d1ca870b4966c2b95a453c6e0d825e,GPU shader or color transformation lookup,OBSERVED_ON_DISK,Wink\Wink_3.16.5.apks/base.apk/res/Vr.glsl
wink,SHADER_OR_LUT,qK.glsl,3554,2f767acc7ccb9f79b0bbf5948ee04d6e64cb9dd20a1fc2c82f73b0fb93998d94,GPU shader or color transformation lookup,OBSERVED_ON_DISK,Wink\Wink_3.16.5.apks/base.apk/res/qK.glsl
