LIBRARY,FUNCTION_ID,RVA,VA_IF_RELEVANT,SIZE,SECTION,RECOVERED_NAME,ORIGINAL_SYMBOL_IF_ANY,EXPORT,JNI_DIRECT_EXPORT,REGISTER_NATIVES_TARGET,CALLER_COUNT,CALLEE_COUNT,CALLERS,CALLEES,IMPORTED_APIS,STRING_XREFS,GLOBAL_XREFS,VTABLE_OR_CLASS,FUNCTION_SHA256,DECOMPILE_STATUS,SEMANTIC_LABEL,CONFIDENCE,NOTES
libARKernelInterface.so,libARKernelInterface_fn_0055defc,0x0055defc,0x0055defc,48,.text,RN_nativeCreateInstance,,False,False,True,0,1,,0x010469f0,0x010469f0,,,UNRESOLVED_DYNAMIC,E821D85E96224E55FB756081D6584F86A7ACF692115AF35113C0EEEC12497725,DECOMPILED,DYNAMIC_JNI_UNRESOLVED_DYNAMIC,FACT,
libARKernelInterface.so,libARKernelInterface_fn_0055df2c,0x0055df2c,0x0055df2c,24,.text,RN_nativeDestroyInstance,,False,False,True,0,0,,,,,,UNRESOLVED_DYNAMIC,6C7B6B31556E275D8969E0B5F15964139D49DDDA128E289FCAE4A94737DBEDFA,DECOMPILED,DYNAMIC_JNI_UNRESOLVED_DYNAMIC,FACT,
libARKernelInterface.so,libARKernelInterface_fn_0055df44,0x0055df44,0x0055df44,24,.text,RN_nativeReset,,False,False,True,0,0,,,,,,UNRESOLVED_DYNAMIC,B49F4E1909EC85973178135AD6A36DDBD611F9CBAF1FC73E6324C65439D6EA91,DECOMPILED,DYNAMIC_JNI_UNRESOLVED_DYNAMIC,FACT,
libARKernelInterface.so,libARKernelInterface_fn_0055df5c,0x0055df5c,0x0055df5c,392,.text,RN_nativeSetData,,False,False,True,0,7,,0x0055dce4;0x01046a70;0x01046a20;0x01046a20;0x01042be4,0x01046a70;0x01046a20;0x01046a20;0x01046950;0x01046a20,'com/meitu/mtlab/arkernelinterface/core/ARKernelAIKitInterfaceJNI',,UNRESOLVED_DYNAMIC,469E80DD479D289EFD47E7A5092715A2683C053EC73A675C0ABBCA6838A580F0,DECOMPILED,DYNAMIC_JNI_UNRESOLVED_DYNAMIC,FACT,
libARKernelInterface.so,libARKernelInterface_fn_0055e0e4,0x0055e0e4,0x0055e0e4,152,.text,RN_nativeSetEnableMakeupAdapt,,False,False,True,0,2,,0x005a6b20;0x01046910,0x01046910,'arkernel';'ARKernelARAiStateInterfaceJNI::SetEnableMakeupAdapt: %d',,UNRESOLVED_DYNAMIC,DB345FEC124511FCBB9EFC8E8D5E1D2044150EE8AA1AB59232144132FBC94220,DECOMPILED,DYNAMIC_JNI_UNRESOLVED_DYNAMIC,FACT,
libARKernelInterface.so,libARKernelInterface_fn_0055e17c,0x0055e17c,0x0055e17c,44,.text,RN_nativeGetEnableMakeupAdapt,,False,False,True,0,1,,0x00606260,,,,UNRESOLVED_DYNAMIC,A8B070A06084F9A35722FF402EC2716EACF8D1FA73C47DD2606CA620767FB9FF,DECOMPILED,DYNAMIC_JNI_UNRESOLVED_DYNAMIC,FACT,
libARKernelInterface.so,libARKernelInterface_fn_0055e1a8,0x0055e1a8,0x0055e1a8,152,.text,RN_nativeSetEnableQNN,,False,False,True,0,2,,0x005a6b20;0x01046910,0x01046910,'arkernel';'ARKernelARAiStateInterfaceJNI::SetEnableQNN: %d',,UNRESOLVED_DYNAMIC,24FEDC6637571B06277CD82B0BBB8E951D5A3D1614EE8C98E63A82119B5B84CB,DECOMPILED,DYNAMIC_JNI_UNRESOLVED_DYNAMIC,FACT,
libARKernelInterface.so,libARKernelInterface_fn_0055e240,0x0055e240,0x0055e240,44,.text,RN_nativeGetEnableQNN,,False,False,True,0,1,,0x00606294,,,,UNRESOLVED_DYNAMIC,E8E214C36BB73E57D2AB2CD0F323E3505DFA07849860F8FC3BA194D087EE99A8,DECOMPILED,DYNAMIC_JNI_UNRESOLVED_DYNAMIC,FACT,
libARKernelInterface.so,libARKernelInterface_fn_0055e26c,0x0055e26c,0x0055e26c,316,.text,RN_nativeSetARAiModelPath,,False,False,True,0,8,,0x0055dce4;0x005a6b20;0x01046910;0x006062ac;0x01046a20,0x01046910;0x01046a20;0x01046a20;0x01046950,'arkernel';'ARKernelARAiStateInterfaceJNI::SetARAiModelPath: type=%d path=%s';'arkernel',,UNRESOLVED_DYNAMIC,1A62BE4471955AD672548FB98C7A60DF4954938E828877749E67351C449226DE,DECOMPILED,DYNAMIC_JNI_UNRESOLVED_DYNAMIC,FACT,
libARKernelInterface.so,libARKernelInterface_fn_0055e3a8,0x0055e3a8,0x0055e3a8,244,.text,RN_nativeGetARAiModelPath,,False,False,True,0,6,,0x00606314;0x01046a70;0x01046a20;0x01046a20;0x01042be4,0x01046a70;0x01046a20;0x01046a20;0x01046950,,,UNRESOLVED_DYNAMIC,9DE2F112907E940F59598501F377F284F65A554681498FDB55EF82C647D2AC26,DECOMPILED,DYNAMIC_JNI_UNRESOLVED_DYNAMIC,FACT,
libARKernelInterface.so,libARKernelInterface_fn_0055e49c,0x0055e49c,0x0055e49c,156,.text,RN_nativeSetImageOrVideoChanged,,False,False,True,0,0,,,,'com/meitu/mtlab/arkernelinterface/core/ARKernelARAiStateInterfaceJNI',,UNRESOLVED_DYNAMIC,49DA933EF3BBAA539B94E31683D125C0D8A45E12E029512EF2CCABDFE23B452A,DECOMPILED,DYNAMIC_JNI_UNRESOLVED_DYNAMIC,FACT,
libARKernelInterface.so,libARKernelInterface_fn_0055e538,0x0055e538,0x0055e538,2048,.text,RN_nativeCreateInstance,,False,False,True,0,9,,0x010469f0;0x01046a10;0x01046a10;0x01046a10;0x01046a10,0x010469f0;0x01046a10;0x01046a10;0x01046a10;0x01046a10,,,UNRESOLVED_DYNAMIC,39C815B88715AAA9349942B867D868EFC50D889054CB74237397E748084F82EE,DECOMPILED,DYNAMIC_JNI_UNRESOLVED_DYNAMIC,FACT,
libARKernelInterface.so,libARKernelInterface_fn_0055ede8,0x0055ede8,0x0055ede8,24,.text,RN_nativeDestroyInstance,,False,False,True,0,0,,,,,,UNRESOLVED_DYNAMIC,6C7B6B31556E275D8969E0B5F15964139D49DDDA128E289FCAE4A94737DBEDFA,DECOMPILED,DYNAMIC_JNI_UNRESOLVED_DYNAMIC,FACT,
libARKernelInterface.so,libARKernelInterface_fn_0055ee00,0x0055ee00,0x0055ee00,24,.text,RN_nativeReset,,False,False,True,0,0,,,,,,UNRESOLVED_DYNAMIC,B49F4E1909EC85973178135AD6A36DDBD611F9CBAF1FC73E6324C65439D6EA91,DECOMPILED,DYNAMIC_JNI_UNRESOLVED_DYNAMIC,FACT,
libARKernelInterface.so,libARKernelInterface_fn_0055ee18,0x0055ee18,0x0055ee18,12,.text,RN_nativeSetAnimalCount,,False,False,True,0,0,,,,,,UNRESOLVED_DYNAMIC,E27DAB6673C9F68A103003DD6BD22B3F7A02AB3B334EF57A9643B2612A349705,DECOMPILED,DYNAMIC_JNI_UNRESOLVED_DYNAMIC,FACT,
libARKernelInterface.so,libARKernelInterface_fn_0055ee24,0x0055ee24,0x0055ee24,20,.text,RN_nativeGetAnimalCount,,False,False,True,0,0,,,,,,UNRESOLVED_DYNAMIC,E3DFFF70D16B3D8AB623303C0EC2A8328B1AFC9E57C2A61FF4546B7BA4036704,DECOMPILED,DYNAMIC_JNI_UNRESOLVED_DYNAMIC,FACT,
libARKernelInterface.so,libARKernelInterface_fn_0055ee38,0x0055ee38,0x0055ee38,36,.text,RN_nativeSetAnimalID,,False,False,True,0,0,,,,,,UNRESOLVED_DYNAMIC,7248B05020F5B25C3635F3E20FC4B48C6C780D84297706FA8E68D4D137E091E3,DECOMPILED,DYNAMIC_JNI_UNRESOLVED_DYNAMIC,FACT,
libARKernelInterface.so,libARKernelInterface_fn_0055ee5c,0x0055ee5c,0x0055ee5c,52,.text,RN_nativeGetAnimalID,,False,False,True,0,0,,,,,,UNRESOLVED_DYNAMIC,6CCFF026342199DE2D105BD7CCB73FE0461E1F915D2476352EB7DFF62D415A2C,DECOMPILED,DYNAMIC_JNI_UNRESOLVED_DYNAMIC,FACT,
libARKernelInterface.so,libARKernelInterface_fn_0055ee90,0x0055ee90,0x0055ee90,40,.text,RN_nativeSetAnimalRect,,False,False,True,0,0,,,,,,UNRESOLVED_DYNAMIC,DCB2A0FAB7381E422600412E99CD21B1FE479F4ECAE8A15ABCB29CEB217ECDED,DECOMPILED,DYNAMIC_JNI_UNRESOLVED_DYNAMIC,FACT,
libARKernelInterface.so,libARKernelInterface_fn_0055eeb8,0x0055eeb8,0x0055eeb8,212,.text,RN_nativeGetAnimalRect,,False,False,True,0,1,,0x01046950,0x01046950,,,UNRESOLVED_DYNAMIC,B66D263FC718605176515679AB9D0D491D3C67DA83EA2F0BFC31ADF89E2FFC0B,DECOMPILED,DYNAMIC_JNI_UNRESOLVED_DYNAMIC,FACT,
libARKernelInterface.so,libARKernelInterface_fn_0055ef8c,0x0055ef8c,0x0055ef8c,292,.text,RN_nativeSetLandmark2D,,False,False,True,0,3,,0x005a6b20;0x01046a10;0x01046910,0x01046a10;0x01046910,"'arkernel';'ARKernelAnimalInterfaceJNI::SetLandmark2D: data len = %d , point count = %d';'arkernel'",,UNRESOLVED_DYNAMIC,2C53C46109C070C3AAACE5E777AFBFC9172CA5B70A6178EB179CEFB919C87027,DECOMPILED,DYNAMIC_JNI_UNRESOLVED_DYNAMIC,FACT,
libARKernelInterface.so,libARKernelInterface_fn_0055f0b0,0x0055f0b0,0x0055f0b0,152,.text,RN_nativeGetLandmark2D,,False,False,True,0,0,,,,,,UNRESOLVED_DYNAMIC,621EC7DD744DB49ABA577578298DBA810E6D5D38B8A7246270698EE41CC0B531,DECOMPILED,DYNAMIC_JNI_UNRESOLVED_DYNAMIC,FACT,
libARKernelInterface.so,libARKernelInterface_fn_0055f148,0x0055f148,0x0055f148,36,.text,RN_nativeSetAnimalLabel,,False,False,True,0,0,,,,,,UNRESOLVED_DYNAMIC,7CF969D214D18E759E733D3D007AB5551DC2F34FF80C96222713800A68E6C59A,DECOMPILED,DYNAMIC_JNI_UNRESOLVED_DYNAMIC,FACT,
libARKernelInterface.so,libARKernelInterface_fn_0055f16c,0x0055f16c,0x0055f16c,60,.text,RN_nativeGetAnimalLabel,,False,False,True,0,0,,,,,,UNRESOLVED_DYNAMIC,41E03893E1B760BD0809124C9D33B0FE9D64B18A640B7184CA72D0030B053642,DECOMPILED,DYNAMIC_JNI_UNRESOLVED_DYNAMIC,FACT,
libARKernelInterface.so,libARKernelInterface_fn_0055f1a8,0x0055f1a8,0x0055f1a8,36,.text,RN_nativeSetScore,,False,False,True,0,0,,,,,,UNRESOLVED_DYNAMIC,4BE99D6F473A81150FF2B40A11CB9C2052639512A0B5969AA38B054C9CDE40AF,DECOMPILED,DYNAMIC_JNI_UNRESOLVED_DYNAMIC,FACT,
libARKernelInterface.so,libARKernelInterface_fn_0055f1cc,0x0055f1cc,0x0055f1cc,1496,.text,RN_nativeGetScore,,False,False,True,0,11,,0x01046a10;0x01046a10;0x01046a10;0x01046a10;0x01046a10,0x01046a10;0x01046a10;0x01046a10;0x01046a10;0x01046a10,'com/meitu/mtlab/arkernelinterface/core/ARKernelAnimalInterfaceJNI',,UNRESOLVED_DYNAMIC,365D9ACB2BEF06DB6302819D1D7FCB3F45E03681088D52EF56113B09EEC1BC8B,DECOMPILED,DYNAMIC_JNI_UNRESOLVED_DYNAMIC,FACT,
libARKernelInterface.so,libARKernelInterface_fn_0055f7a4,0x0055f7a4,0x0055f7a4,1708,.text,RN_nativeCreateInstance,,False,False,True,0,24,,0x010469f0;0x01046970;0x0055f944;0x01046970;0x0055f944,0x010469f0;0x01046970;0x01046970;0x01046a10;0x01046a20,,,UNRESOLVED_DYNAMIC,6AE1A8929C949F41986118A4E01209DCBB5B46754C3941ECDA32A64F59E02A79,DECOMPILED,DYNAMIC_JNI_UNRESOLVED_DYNAMIC,FACT,
libARKernelInterface.so,libARKernelInterface_fn_0055fe50,0x0055fe50,0x0055fe50,24,.text,RN_nativeDestroyInstance,,False,False,True,0,0,,,,,,UNRESOLVED_DYNAMIC,6C7B6B31556E275D8969E0B5F15964139D49DDDA128E289FCAE4A94737DBEDFA,DECOMPILED,DYNAMIC_JNI_UNRESOLVED_DYNAMIC,FACT,
libARKernelInterface.so,libARKernelInterface_fn_0055fe68,0x0055fe68,0x0055fe68,24,.text,RN_nativeReset,,False,False,True,0,0,,,,,,UNRESOLVED_DYNAMIC,B49F4E1909EC85973178135AD6A36DDBD611F9CBAF1FC73E6324C65439D6EA91,DECOMPILED,DYNAMIC_JNI_UNRESOLVED_DYNAMIC,FACT,
libARKernelInterface.so,libARKernelInterface_fn_0055fe80,0x0055fe80,0x0055fe80,12,.text,RN_nativeSetDataSourceType,,False,False,True,0,0,,,,,,UNRESOLVED_DYNAMIC,E27DAB6673C9F68A103003DD6BD22B3F7A02AB3B334EF57A9643B2612A349705,DECOMPILED,DYNAMIC_JNI_UNRESOLVED_DYNAMIC,FACT,
libARKernelInterface.so,libARKernelInterface_fn_0055fe8c,0x0055fe8c,0x0055fe8c,20,.text,RN_nativeGetDataSourceType,,False,False,True,0,0,,,,,,UNRESOLVED_DYNAMIC,E3DFFF70D16B3D8AB623303C0EC2A8328B1AFC9E57C2A61FF4546B7BA4036704,DECOMPILED,DYNAMIC_JNI_UNRESOLVED_DYNAMIC,FACT,
libARKernelInterface.so,libARKernelInterface_fn_0055fea0,0x0055fea0,0x0055fea0,20,.text,RN_nativeSetIsFrontCamera,,False,False,True,0,0,,,,,,UNRESOLVED_DYNAMIC,1D34DCEAD5261E94AAE831ACB4EDFF7DB6D8B202726A2EE1B4D09C207EBBD9F6,DECOMPILED,DYNAMIC_JNI_UNRESOLVED_DYNAMIC,FACT,
libARKernelInterface.so,libARKernelInterface_fn_0055feb4,0x0055feb4,0x0055feb4,20,.text,RN_nativeGetIsFrontCamera,,False,False,True,0,0,,,,,,UNRESOLVED_DYNAMIC,DBBB0E5F116E492F2572398DEEADC00E21C66FFC6B6537A1B2E245B2DED9753F,DECOMPILED,DYNAMIC_JNI_UNRESOLVED_DYNAMIC,FACT,
libARKernelInterface.so,libARKernelInterface_fn_0055fec8,0x0055fec8,0x0055fec8,12,.text,RN_nativeSetDeviceOrientationType,,False,False,True,0,0,,,,,,UNRESOLVED_DYNAMIC,3D0D78CD2429394B1E6A948116A1DA4C0A619CE628D950658F76CFD12C276CCD,DECOMPILED,DYNAMIC_JNI_UNRESOLVED_DYNAMIC,FACT,
libARKernelInterface.so,libARKernelInterface_fn_0055fed4,0x0055fed4,0x0055fed4,20,.text,RN_nativeGetDeviceOrientationType,,False,False,True,0,0,,,,,,UNRESOLVED_DYNAMIC,1B0F438AF8284D39DBBF140F4091EA36D77F0F7BB24EDF4E25B3A1D7B67C40E1,DECOMPILED,DYNAMIC_JNI_UNRESOLVED_DYNAMIC,FACT,
libARKernelInterface.so,libARKernelInterface_fn_0055fee8,0x0055fee8,0x0055fee8,24,.text,RN_nativeSetGyroscopeQuaternionData,,False,False,True,0,0,,,,,,UNRESOLVED_DYNAMIC,9023EA821F42A6523853C9947F2D9C71B012E70AED41E0B2B0F234E7D36D6535,DECOMPILED,DYNAMIC_JNI_UNRESOLVED_DYNAMIC,FACT,
libARKernelInterface.so,libARKernelInterface_fn_0055ff00,0x0055ff00,0x0055ff00,200,.text,RN_nativeSetAugmentedRealityMatrix,,False,False,True,0,0,,,,,,UNRESOLVED_DYNAMIC,EABC881B642D196F88323556657E2FEF5E345C062F9A4A11A661F31A80DED681,DECOMPILED,DYNAMIC_JNI_UNRESOLVED_DYNAMIC,FACT,
libARKernelInterface.so,libARKernelInterface_fn_0055ffc8,0x0055ffc8,0x0055ffc8,124,.text,RN_nativeSetLightEstimate,,False,False,True,0,0,,,,,,UNRESOLVED_DYNAMIC,D882EEE9B8A8C58EBC3E8EED0CDB40859F0A8778C12287CF8B5D3F9CD1A39071,DECOMPILED,DYNAMIC_JNI_UNRESOLVED_DYNAMIC,FACT,
libARKernelInterface.so,libARKernelInterface_fn_00560044,0x00560044,0x00560044,36,.text,RN_nativeSetARPlaneCount,,False,False,True,0,0,,,,,,UNRESOLVED_DYNAMIC,C6F5F217C98DB75EED8BB9935EECD4ABF7D63E98F4C7119086E4B4B6C86AEA44,DECOMPILED,DYNAMIC_JNI_UNRESOLVED_DYNAMIC,FACT,
libARKernelInterface.so,libARKernelInterface_fn_00560068,0x00560068,0x00560068,768,.text,RN_nativeSetInstantPlacementInfo,,False,False,True,0,4,,0x01046930;0x01046970;0x01046930;0x01046970,0x01046930;0x01046970;0x01046930;0x01046970,,,UNRESOLVED_DYNAMIC,1809DDCEADFBF074B3C82888E6C32CCE711CFFDE5590803C5EC8AC92CBB5BACD,DECOMPILED,DYNAMIC_JNI_UNRESOLVED_DYNAMIC,FACT,
libARKernelInterface.so,libARKernelInterface_fn_00560368,0x00560368,0x00560368,292,.text,RN_nativeSetARPlaneInfo,,False,False,True,0,0,,,,,,UNRESOLVED_DYNAMIC,FF8495D1DE5449BD0614F480D3A64FCAA1CDF6A5CAB9D714BCC8E8E3544D239A,DECOMPILED,DYNAMIC_JNI_UNRESOLVED_DYNAMIC,FACT,
libARKernelInterface.so,libARKernelInterface_fn_0056048c,0x0056048c,0x0056048c,52,.text,RN_nativeSetFaceMeshCount,,False,False,True,0,0,,,,,,UNRESOLVED_DYNAMIC,1502B5B95B4517816D34ACC9FD42F603F8CBB73861C182436C0BB0CF5EEFF0E3,DECOMPILED,DYNAMIC_JNI_UNRESOLVED_DYNAMIC,FACT,
libARKernelInterface.so,libARKernelInterface_fn_005604c0,0x005604c0,0x005604c0,224,.text,RN_nativeSetFaceMeshTransformInfo,,False,False,True,0,0,,,,,,UNRESOLVED_DYNAMIC,6C9D9D95E6346A139EBA9FDD7CCC7BBE168C487369D260AB5022FC9FB6F1779B,DECOMPILED,DYNAMIC_JNI_UNRESOLVED_DYNAMIC,FACT,
libARKernelInterface.so,libARKernelInterface_fn_005605a0,0x005605a0,0x005605a0,2048,.text,RN_nativeSetFaceMeshData,,False,False,True,0,31,,0x01046930;0x01046970;0x01046930;0x01046970;0x01046930,0x01046930;0x01046970;0x01046930;0x01046970;0x01046930,'com/meitu/mtlab/arkernelinterface/core/ARKernelAugmentedRealityDataInterfaceJNI',,UNRESOLVED_DYNAMIC,BBCA776651E01248AE7D4BE8DD7C1934BDFE4601BBE061780A9A3626B6C6FAAC,DECOMPILED,DYNAMIC_JNI_UNRESOLVED_DYNAMIC,FACT,
libARKernelInterface.so,libARKernelInterface_fn_00560dfc,0x00560dfc,0x00560dfc,1940,.text,RN_nativeCreateInstance,,False,False,True,0,12,,0x010469f0;0x01046970;0x01046970;0x01046970;0x01046970,0x010469f0;0x01046970;0x01046970;0x01046970;0x01046970,,,UNRESOLVED_DYNAMIC,193F869E7FE992087B107747FDD31E57A7BC2C9F6EF3F601376C56C2C33E1892,DECOMPILED,DYNAMIC_JNI_UNRESOLVED_DYNAMIC,FACT,
libARKernelInterface.so,libARKernelInterface_fn_00561590,0x00561590,0x00561590,24,.text,RN_nativeDestroyInstance,,False,False,True,0,0,,,,,,UNRESOLVED_DYNAMIC,6C7B6B31556E275D8969E0B5F15964139D49DDDA128E289FCAE4A94737DBEDFA,DECOMPILED,DYNAMIC_JNI_UNRESOLVED_DYNAMIC,FACT,
libARKernelInterface.so,libARKernelInterface_fn_005615a8,0x005615a8,0x005615a8,24,.text,RN_nativeReset,,False,False,True,0,0,,,,,,UNRESOLVED_DYNAMIC,B49F4E1909EC85973178135AD6A36DDBD611F9CBAF1FC73E6324C65439D6EA91,DECOMPILED,DYNAMIC_JNI_UNRESOLVED_DYNAMIC,FACT,
libARKernelInterface.so,libARKernelInterface_fn_005615c0,0x005615c0,0x005615c0,104,.text,RN_nativeSetBodyCount,,False,False,True,0,0,,,,'arkernel';'ARKernelBodyInterfaceJNI::SetBodyCount exceed max body count';'arkernel',,UNRESOLVED_DYNAMIC,E26C625D4345DF1231BBAA576B3895E4486A0B694B52F8819DF95FCF8048DF25,DECOMPILED,DYNAMIC_JNI_UNRESOLVED_DYNAMIC,FACT,
libARKernelInterface.so,libARKernelInterface_fn_00561628,0x00561628,0x00561628,20,.text,RN_nativeGetBodyCount,,False,False,True,0,0,,,,,,UNRESOLVED_DYNAMIC,E3DFFF70D16B3D8AB623303C0EC2A8328B1AFC9E57C2A61FF4546B7BA4036704,DECOMPILED,DYNAMIC_JNI_UNRESOLVED_DYNAMIC,FACT,
libARKernelInterface.so,libARKernelInterface_fn_0056163c,0x0056163c,0x0056163c,40,.text,RN_nativeSetBodyRect,,False,False,True,0,0,,,,,,UNRESOLVED_DYNAMIC,974160FF5F6FA17D73021D5C9282A8518268593ADE40818FB19C2E8130EA2ADF,DECOMPILED,DYNAMIC_JNI_UNRESOLVED_DYNAMIC,FACT,
libARKernelInterface.so,libARKernelInterface_fn_00561664,0x00561664,0x00561664,212,.text,RN_nativeGetBodyRect,,False,False,True,0,1,,0x01046950,0x01046950,,,UNRESOLVED_DYNAMIC,4E1A8F8D8E68A3D525BB7ED1BD17D70C70726F3687A77C1F4B8DAC44DD5DAF3D,DECOMPILED,DYNAMIC_JNI_UNRESOLVED_DYNAMIC,FACT,
libARKernelInterface.so,libARKernelInterface_fn_00561738,0x00561738,0x00561738,624,.text,RN_nativeSetBodyData,,False,False,True,0,2,,0x01046a10;0x01046a10,0x01046a10;0x01046a10,'arkernel';'ARKernelBodyInterfaceJNI::SetBodyData too few key points';'arkernel',,UNRESOLVED_DYNAMIC,DEC11674A6EF93E43FF03C4E50F3D2CF8CB96760B4BB2C6110243E61B502D031,DECOMPILED,DYNAMIC_JNI_UNRESOLVED_DYNAMIC,FACT,
libARKernelInterface.so,libARKernelInterface_fn_005619a8,0x005619a8,0x005619a8,280,.text,RN_nativeGetBodyPoints,,False,False,True,0,2,,0x005a6b20;0x01046910,0x01046910,'arkernel';'ARKernelBodyInterfaceJNI::GetBodyPoints illegal index';'arkernel',,UNRESOLVED_DYNAMIC,4611FC4D69C7625F3897F9E61DE9C3FECCD57EB744BA8D8C29D60C4C0C569F55,DECOMPILED,DYNAMIC_JNI_UNRESOLVED_DYNAMIC,FACT,
libARKernelInterface.so,libARKernelInterface_fn_00561ac0,0x00561ac0,0x00561ac0,292,.text,RN_nativeGetBodyScores,,False,False,True,0,2,,0x005a6b20;0x01046910,0x01046910,'arkernel';'ARKernelBodyInterfaceJNI::GetBodyScores illegal index';'arkernel',,UNRESOLVED_DYNAMIC,B14E7E180A9E7437228BA8B098E9FB24670E1207B1C55D1F7E01C7848A6C67C4,DECOMPILED,DYNAMIC_JNI_UNRESOLVED_DYNAMIC,FACT,
libARKernelInterface.so,libARKernelInterface_fn_00561be4,0x00561be4,0x00561be4,624,.text,RN_nativeSetContourData,,False,False,True,0,2,,0x01046a10;0x01046a10,0x01046a10;0x01046a10,'arkernel';'ARKernelBodyInterfaceJNI::SetBodyData too few contour points';'arkernel',,UNRESOLVED_DYNAMIC,FF100B16BB9F0EBA669179BBF14517FB3A64B865F4FBC2832F62B3B3EE835D03,DECOMPILED,DYNAMIC_JNI_UNRESOLVED_DYNAMIC,FACT,
libARKernelInterface.so,libARKernelInterface_fn_00561e54,0x00561e54,0x00561e54,280,.text,RN_nativeGetContourPoints,,False,False,True,0,2,,0x005a6b20;0x01046910,0x01046910,'arkernel';'ARKernelBodyInterfaceJNI::GetBodyPoints illegal index';'arkernel',,UNRESOLVED_DYNAMIC,2518F1BC888E6C99A7DB80BB16BBBDEE0EA33AC4E6DF7C465321590F268C90FB,DECOMPILED,DYNAMIC_JNI_UNRESOLVED_DYNAMIC,FACT,
libARKernelInterface.so,libARKernelInterface_fn_00561f6c,0x00561f6c,0x00561f6c,292,.text,RN_nativeGetContourScores,,False,False,True,0,2,,0x005a6b20;0x01046910,0x01046910,'arkernel';'ARKernelBodyInterfaceJNI::GetBodyScores illegal index';'arkernel',,UNRESOLVED_DYNAMIC,A47AFD67FA6FD1F0BB6C831CB0C1F39946E4A73B3BC163784DD1C74970CC2063,DECOMPILED,DYNAMIC_JNI_UNRESOLVED_DYNAMIC,FACT,
libARKernelInterface.so,libARKernelInterface_fn_00562090,0x00562090,0x00562090,624,.text,RN_nativeSetNeckData,,False,False,True,0,2,,0x01046a10;0x01046a10,0x01046a10;0x01046a10,'arkernel';'ARKernelBodyInterfaceJNI::SetBodyData too few key points';'arkernel',,UNRESOLVED_DYNAMIC,32524AE0647AA07523BE04EB29C0C43C39643FF254331B8CC06FB3348928C937,DECOMPILED,DYNAMIC_JNI_UNRESOLVED_DYNAMIC,FACT,
libARKernelInterface.so,libARKernelInterface_fn_00562300,0x00562300,0x00562300,280,.text,RN_nativeGetNeckPoints,,False,False,True,0,2,,0x005a6b20;0x01046910,0x01046910,'arkernel';'ARKernelBodyInterfaceJNI::GetBodyPoints illegal index';'arkernel',,UNRESOLVED_DYNAMIC,1246E8E542F8DC4ED3D9F61053790C32318C76D6DA6F3435717BE35CBFC3F489,DECOMPILED,DYNAMIC_JNI_UNRESOLVED_DYNAMIC,FACT,
libARKernelInterface.so,libARKernelInterface_fn_00562418,0x00562418,0x00562418,292,.text,RN_nativeGetNeckScores,,False,False,True,0,2,,0x005a6b20;0x01046910,0x01046910,'arkernel';'ARKernelBodyInterfaceJNI::GetBodyScores illegal index';'arkernel',,UNRESOLVED_DYNAMIC,F1095E89D1354276ADDF9A7FB01F9C8C59102F553202337F486EAF619D1D38A9,DECOMPILED,DYNAMIC_JNI_UNRESOLVED_DYNAMIC,FACT,
libARKernelInterface.so,libARKernelInterface_fn_0056253c,0x0056253c,0x0056253c,624,.text,RN_nativeSetBreastData,,False,False,True,0,2,,0x01046a10;0x01046a10,0x01046a10;0x01046a10,'arkernel';'ARKernelBodyInterfaceJNI::SetBodyData too few key points';'arkernel',,UNRESOLVED_DYNAMIC,C46C7604FD6AF935A50D7B9BBC8D597E31623B9A96F7A8AA2715D34DB57D903A,DECOMPILED,DYNAMIC_JNI_UNRESOLVED_DYNAMIC,FACT,
libARKernelInterface.so,libARKernelInterface_fn_005627ac,0x005627ac,0x005627ac,280,.text,RN_nativeGetBreastPoints,,False,False,True,0,2,,0x005a6b20;0x01046910,0x01046910,'arkernel';'ARKernelBodyInterfaceJNI::GetBodyPoints illegal index';'arkernel',,UNRESOLVED_DYNAMIC,7E1459A2031695DAA09139F2EBABADE35473FDF2EDE6AC12DDF622E96C6D7FFC,DECOMPILED,DYNAMIC_JNI_UNRESOLVED_DYNAMIC,FACT,
libARKernelInterface.so,libARKernelInterface_fn_005628c4,0x005628c4,0x005628c4,1440,.text,RN_nativeGetBreastScores,,False,False,True,0,9,,0x005a6b20;0x01046910;0x01046970;0x01046970;0x01046970,0x01046910;0x01046970;0x01046970;0x01046970;0x01046970,'arkernel';'ARKernelBodyInterfaceJNI::GetBodyScores illegal index';'arkernel',,UNRESOLVED_DYNAMIC,C040A375532DFE63DA7CB16722AE966A6F9E5F5F46B464C787CB6D9644EE8518,DECOMPILED,DYNAMIC_JNI_UNRESOLVED_DYNAMIC,FACT,
libARKernelInterface.so,libARKernelInterface_fn_00562e64,0x00562e64,0x00562e64,1096,.text,RN_nativeCreateInstance,,False,False,True,0,18,,0x010469f0;0x00563040;0x01046a20;0x01046a20;0x01046a20,0x010469f0;0x01046a20;0x01046a20;0x01046a20;0x01046a20,,,UNRESOLVED_DYNAMIC,6BCF461D114D721C368C93844BB0F8507322AF637B6CEE3FBE54C57CC8B730CC,DECOMPILED,DYNAMIC_JNI_UNRESOLVED_DYNAMIC,FACT,
libARKernelInterface.so,libARKernelInterface_fn_005632ac,0x005632ac,0x005632ac,24,.text,RN_nativeDestroyInstance,,False,False,True,0,0,,,,,,UNRESOLVED_DYNAMIC,6C7B6B31556E275D8969E0B5F15964139D49DDDA128E289FCAE4A94737DBEDFA,DECOMPILED,DYNAMIC_JNI_UNRESOLVED_DYNAMIC,FACT,
libARKernelInterface.so,libARKernelInterface_fn_005632c4,0x005632c4,0x005632c4,24,.text,RN_nativeReset,,False,False,True,0,0,,,,,,UNRESOLVED_DYNAMIC,B49F4E1909EC85973178135AD6A36DDBD611F9CBAF1FC73E6324C65439D6EA91,DECOMPILED,DYNAMIC_JNI_UNRESOLVED_DYNAMIC,FACT,
libARKernelInterface.so,libARKernelInterface_fn_005632dc,0x005632dc,0x005632dc,12,.text,RN_nativeSetWidthAndHeight,,False,False,True,0,0,,,,,,UNRESOLVED_DYNAMIC,85E43FF40AD490F0725D1CBB9D803D4A51DA2DA8A2F2A665C08BE225212959E9,DECOMPILED,DYNAMIC_JNI_UNRESOLVED_DYNAMIC,FACT,
libARKernelInterface.so,libARKernelInterface_fn_005632e8,0x005632e8,0x005632e8,180,.text,RN_nativeSetBodySlim3DCount,,False,False,True,0,2,,0x01046a20;0x01046a20,0x01046a20;0x01046a20,,,UNRESOLVED_DYNAMIC,A73A90BA85025C260BE1C2E29A04E9ECD35DD0DF3204C352766FECC80C44ECE2,DECOMPILED,DYNAMIC_JNI_UNRESOLVED_DYNAMIC,FACT,
libARKernelInterface.so,libARKernelInterface_fn_0056339c,0x0056339c,0x0056339c,712,.text,RN_nativeSetBodySlim3DData,,False,False,True,0,4,,0x00563f8c;0x01046a10;0x00563f8c;0x01046a10,0x01046a10;0x01046a10,,,UNRESOLVED_DYNAMIC,1AB0B5750DD680886A20CEBC96AEF9544EA76382F9D61B72154D09455C951F0E,DECOMPILED,DYNAMIC_JNI_UNRESOLVED_DYNAMIC,FACT,
libARKernelInterface.so,libARKernelInterface_fn_00563664,0x00563664,0x00563664,156,.text,RN_nativeSetBodySlim3DSparseDataCount,,False,False,True,0,1,,0x01046a20,0x01046a20,,,UNRESOLVED_DYNAMIC,4642191BECDEFAE516796E90A73FEC8363A3987BBF2C05D79FA6597D22F88D9E,DECOMPILED,DYNAMIC_JNI_UNRESOLVED_DYNAMIC,FACT,
libARKernelInterface.so,libARKernelInterface_fn_00563700,0x00563700,0x00563700,2048,.text,RN_nativeSetBodySlim3DSparseData,,False,False,True,0,17,,0x00563f8c;0x01046a10;0x01046a20;0x01046a20;0x01046a20,0x01046a10;0x01046a20;0x01046a20;0x01046a20;0x01046a20,'com/meitu/mtlab/arkernelinterface/core/ARKernelBodySlim3DDataInterfaceJNI',,UNRESOLVED_DYNAMIC,4695A2C378B64726B7258AA4362CA4F784184860F76530FA07F0EED5A98A5901,DECOMPILED,DYNAMIC_JNI_UNRESOLVED_DYNAMIC,FACT,
libARKernelInterface.so,libARKernelInterface_fn_00565968,0x00565968,0x00565968,24,.text,RN_nativeDestroyInstance,,False,False,True,0,0,,,,,,UNRESOLVED_DYNAMIC,6C7B6B31556E275D8969E0B5F15964139D49DDDA128E289FCAE4A94737DBEDFA,DECOMPILED,DYNAMIC_JNI_UNRESOLVED_DYNAMIC,FACT,
libARKernelInterface.so,libARKernelInterface_fn_00565980,0x00565980,0x00565980,20,.text,RN_nativeGetErrorCount,,False,False,True,0,0,,,,,,UNRESOLVED_DYNAMIC,E3DFFF70D16B3D8AB623303C0EC2A8328B1AFC9E57C2A61FF4546B7BA4036704,DECOMPILED,DYNAMIC_JNI_UNRESOLVED_DYNAMIC,FACT,
libARKernelInterface.so,libARKernelInterface_fn_00565994,0x00565994,0x00565994,24,.text,RN_nativeReset,,False,False,True,0,0,,,,,,UNRESOLVED_DYNAMIC,B49F4E1909EC85973178135AD6A36DDBD611F9CBAF1FC73E6324C65439D6EA91,DECOMPILED,DYNAMIC_JNI_UNRESOLVED_DYNAMIC,FACT,
libARKernelInterface.so,libARKernelInterface_fn_005659ac,0x005659ac,0x005659ac,40,.text,RN_nativeGetErrorLabel,,False,False,True,0,0,,,,,,UNRESOLVED_DYNAMIC,B0395A08D213F98392D0C7FE4A6CDD47D32678093834E74B604D023BD6AF2172,DECOMPILED,DYNAMIC_JNI_UNRESOLVED_DYNAMIC,FACT,
libARKernelInterface.so,libARKernelInterface_fn_005659d4,0x005659d4,0x005659d4,40,.text,RN_nativeGetErrorCode,,False,False,True,0,0,,,,,,UNRESOLVED_DYNAMIC,413242804DB9B5C978B0569C42C431C58F2173E7712B2A07B82E2A60C70946BC,DECOMPILED,DYNAMIC_JNI_UNRESOLVED_DYNAMIC,FACT,
libARKernelInterface.so,libARKernelInterface_fn_005659fc,0x005659fc,0x005659fc,64,.text,RN_nativeGetErrorParam,,False,False,True,0,0,,,,,,UNRESOLVED_DYNAMIC,80FDD84783765832852113933DDE276DC46477FA537EEF44FF75D80406892D2E,DECOMPILED,DYNAMIC_JNI_UNRESOLVED_DYNAMIC,FACT,
libARKernelInterface.so,libARKernelInterface_fn_00565a3c,0x00565a3c,0x00565a3c,160,.text,RN_nativeGetErrorInfo,,False,False,True,0,0,,,,'com/meitu/mtlab/arkernelinterface/core/ARKernelErrorDataInterfaceJNI',,UNRESOLVED_DYNAMIC,4723D9970B1DC1F0950920BF27B8E65FBDDBF35DEFD5DD5CEF7ABD617D496787,DECOMPILED,DYNAMIC_JNI_UNRESOLVED_DYNAMIC,FACT,
libARKernelInterface.so,libARKernelInterface_fn_00565adc,0x00565adc,0x00565adc,1484,.text,RN_nativeCreateInstance,,False,False,True,0,2,,0x010469f0;0x01046950,0x010469f0;0x01046950,,,UNRESOLVED_DYNAMIC,BF5DE88D715C88BB1EA254901E1479614A2D09FECF9A0F15F724C7BAF2DA8DE2,DECOMPILED,DYNAMIC_JNI_UNRESOLVED_DYNAMIC,FACT,
libARKernelInterface.so,libARKernelInterface_fn_005660a8,0x005660a8,0x005660a8,24,.text,RN_nativeDestroyInstance,,False,False,True,0,0,,,,,,UNRESOLVED_DYNAMIC,6C7B6B31556E275D8969E0B5F15964139D49DDDA128E289FCAE4A94737DBEDFA,DECOMPILED,DYNAMIC_JNI_UNRESOLVED_DYNAMIC,FACT,
libARKernelInterface.so,libARKernelInterface_fn_005660c0,0x005660c0,0x005660c0,24,.text,RN_nativeReset,,False,False,True,0,0,,,,,,UNRESOLVED_DYNAMIC,B49F4E1909EC85973178135AD6A36DDBD611F9CBAF1FC73E6324C65439D6EA91,DECOMPILED,DYNAMIC_JNI_UNRESOLVED_DYNAMIC,FACT,
libARKernelInterface.so,libARKernelInterface_fn_005660d8,0x005660d8,0x005660d8,12,.text,RN_nativeSetFace2DReconstructorType,,False,False,True,0,0,,,,,,UNRESOLVED_DYNAMIC,E27DAB6673C9F68A103003DD6BD22B3F7A02AB3B334EF57A9643B2612A349705,DECOMPILED,DYNAMIC_JNI_UNRESOLVED_DYNAMIC,FACT,
libARKernelInterface.so,libARKernelInterface_fn_005660e4,0x005660e4,0x005660e4,20,.text,RN_nativeGetFace2DReconstructorType,,False,False,True,0,0,,,,,,UNRESOLVED_DYNAMIC,BCC79C72C6A689BF1A6506D4227145655E92C73D0DD4B2149BFB4D35763F14DC,DECOMPILED,DYNAMIC_JNI_UNRESOLVED_DYNAMIC,FACT,
libARKernelInterface.so,libARKernelInterface_fn_005660f8,0x005660f8,0x005660f8,12,.text,RN_nativeSetFaceCount,,False,False,True,0,0,,,,,,UNRESOLVED_DYNAMIC,83563F87990BF95322F1C57857F1B41982BD6CA894261DCFF3D7A6CAB4F17E31,DECOMPILED,DYNAMIC_JNI_UNRESOLVED_DYNAMIC,FACT,
libARKernelInterface.so,libARKernelInterface_fn_00566104,0x00566104,0x00566104,20,.text,RN_nativeGetFaceCount,,False,False,True,0,0,,,,,,UNRESOLVED_DYNAMIC,7CAE5CA1BC28125BB9F45F8A25AB0F21892809284653925B7E3311A865B5F213,DECOMPILED,DYNAMIC_JNI_UNRESOLVED_DYNAMIC,FACT,
libARKernelInterface.so,libARKernelInterface_fn_00566118,0x00566118,0x00566118,20,.text,RN_nativeSetFaceID,,False,False,True,0,0,,,,,,UNRESOLVED_DYNAMIC,FD41FE9DB7725D1F2182473398A7AD9F04315A736EA774380F31E989D05676F9,DECOMPILED,DYNAMIC_JNI_UNRESOLVED_DYNAMIC,FACT,
libARKernelInterface.so,libARKernelInterface_fn_0056612c,0x0056612c,0x0056612c,20,.text,RN_nativeSetReconstructVertexs,,False,False,True,0,0,,,,,,UNRESOLVED_DYNAMIC,B426526E9C5167EFD8308D974D360DE8D8E58A2951D4B9F3C2592591F76123BD,DECOMPILED,DYNAMIC_JNI_UNRESOLVED_DYNAMIC,FACT,
libARKernelInterface.so,libARKernelInterface_fn_00566140,0x00566140,0x00566140,72,.text,RN_nativeSetReconstructVertexsBuffer,,False,False,True,0,0,,,,,,UNRESOLVED_DYNAMIC,51B456BA6C6054A0C436857374C6B26581C442BA9C60CE58621EAF8D297CB720,DECOMPILED,DYNAMIC_JNI_UNRESOLVED_DYNAMIC,FACT,
libARKernelInterface.so,libARKernelInterface_fn_00566188,0x00566188,0x00566188,20,.text,RN_nativeSetReconstructTextureCoordinates,,False,False,True,0,0,,,,,,UNRESOLVED_DYNAMIC,6731E23750CD57511BC223BB764839F8FF3C57779EA588490238EEDA83B1E568,DECOMPILED,DYNAMIC_JNI_UNRESOLVED_DYNAMIC,FACT,
libARKernelInterface.so,libARKernelInterface_fn_0056619c,0x0056619c,0x0056619c,72,.text,RN_nativeSetReconstructTextureCoordinatesBuffer,,False,False,True,0,0,,,,,,UNRESOLVED_DYNAMIC,65B570CE239CB6793A86C52D707ACAD1C073C0A3EDB5C4E8F6D254117EAC2A47,DECOMPILED,DYNAMIC_JNI_UNRESOLVED_DYNAMIC,FACT,
libARKernelInterface.so,libARKernelInterface_fn_005661e4,0x005661e4,0x005661e4,20,.text,RN_nativeSetReconstructStandTextureCoordinates,,False,False,True,0,0,,,,,,UNRESOLVED_DYNAMIC,99DC449A548F3BBF60FD88769B4BE5BED5509ACFF49E00F1F6982E6DA2C1F491,DECOMPILED,DYNAMIC_JNI_UNRESOLVED_DYNAMIC,FACT,
libARKernelInterface.so,libARKernelInterface_fn_005661f8,0x005661f8,0x005661f8,72,.text,RN_nativeSetReconstructStandTextureCoordinatesBuffer,,False,False,True,0,0,,,,,,UNRESOLVED_DYNAMIC,7B1C449393DB446787048113FAF3EBE9A4E490ED59F3BA768EE09787A5EABB15,DECOMPILED,DYNAMIC_JNI_UNRESOLVED_DYNAMIC,FACT,
libARKernelInterface.so,libARKernelInterface_fn_00566240,0x00566240,0x00566240,20,.text,RN_nativeSetVertexNum,,False,False,True,0,0,,,,,,UNRESOLVED_DYNAMIC,C795A913762C59FFA009ED33007EA32857566BC0463FD0681073841B84D294F0,DECOMPILED,DYNAMIC_JNI_UNRESOLVED_DYNAMIC,FACT,
libARKernelInterface.so,libARKernelInterface_fn_00566254,0x00566254,0x00566254,28,.text,RN_nativeGetVertexNum,,False,False,True,0,0,,,,,,UNRESOLVED_DYNAMIC,7D163BAC78C2D8E7E93CF080CD5CC4BE0E0C5626931BF01AA4473D901CA6EE5B,DECOMPILED,DYNAMIC_JNI_UNRESOLVED_DYNAMIC,FACT,
libARKernelInterface.so,libARKernelInterface_fn_00566270,0x00566270,0x00566270,20,.text,RN_nativeSetReconstructTriangleIndex,,False,False,True,0,0,,,,,,UNRESOLVED_DYNAMIC,5FF09B5794BD13BF1BEC1D387729647D301144C3339818F7AA21299B4B2A4D77,DECOMPILED,DYNAMIC_JNI_UNRESOLVED_DYNAMIC,FACT,
libARKernelInterface.so,libARKernelInterface_fn_00566284,0x00566284,0x00566284,72,.text,RN_nativeSetReconstructTriangleIndexBuffer,,False,False,True,0,0,,,,,,UNRESOLVED_DYNAMIC,7A106949DD80C697DF0A017B6E41D353907AF4BCA8D3FA0EF304E8E4F8379E39,DECOMPILED,DYNAMIC_JNI_UNRESOLVED_DYNAMIC,FACT,
libARKernelInterface.so,libARKernelInterface_fn_005662cc,0x005662cc,0x005662cc,20,.text,RN_nativeSetTriangleNum,,False,False,True,0,0,,,,,,UNRESOLVED_DYNAMIC,CD5395FCCC6EACD7F1D38E62B53A432577C5A0FAEC95375C75F1892C83BC97C4,DECOMPILED,DYNAMIC_JNI_UNRESOLVED_DYNAMIC,FACT,
libARKernelInterface.so,libARKernelInterface_fn_005662e0,0x005662e0,0x005662e0,1124,.text,RN_nativeGetTriangleNum,,False,False,True,0,1,,0x01046950,0x01046950,'com/meitu/mtlab/arkernelinterface/core/ARKernelFace2DReconstructorInterfaceJNI',,UNRESOLVED_DYNAMIC,450E23018458555A88EDCB0DAF8BA61C60E5667AA137697B7E378C6F82F875CA,DECOMPILED,DYNAMIC_JNI_UNRESOLVED_DYNAMIC,FACT,
libARKernelInterface.so,libARKernelInterface_fn_00566744,0x00566744,0x00566744,2048,.text,RN_nativeCreateInstance,,False,False,True,0,1,,0x010469f0,0x010469f0,,,UNRESOLVED_DYNAMIC,2787BDE343B302E9CBEFDA41CECC658DA061CDF13440592A48AED1B6D2E4D890,DECOMPILED,DYNAMIC_JNI_UNRESOLVED_DYNAMIC,FACT,
libARKernelInterface.so,libARKernelInterface_fn_005674d4,0x005674d4,0x005674d4,24,.text,RN_nativeDestroyInstance,,False,False,True,0,0,,,,,,UNRESOLVED_DYNAMIC,6C7B6B31556E275D8969E0B5F15964139D49DDDA128E289FCAE4A94737DBEDFA,DECOMPILED,DYNAMIC_JNI_UNRESOLVED_DYNAMIC,FACT,
libARKernelInterface.so,libARKernelInterface_fn_005674ec,0x005674ec,0x005674ec,24,.text,RN_nativeReset,,False,False,True,0,0,,,,,,UNRESOLVED_DYNAMIC,B49F4E1909EC85973178135AD6A36DDBD611F9CBAF1FC73E6324C65439D6EA91,DECOMPILED,DYNAMIC_JNI_UNRESOLVED_DYNAMIC,FACT,
libARKernelInterface.so,libARKernelInterface_fn_00567504,0x00567504,0x00567504,20,.text,RN_nativeSetIsWithoutCache,,False,False,True,0,0,,,,,,UNRESOLVED_DYNAMIC,DBBF56CEF499ADD5BA884B6B3F606EA9D24E6650F1F897B8DFAB68E2D46FEB8D,DECOMPILED,DYNAMIC_JNI_UNRESOLVED_DYNAMIC,FACT,
libARKernelInterface.so,libARKernelInterface_fn_00567518,0x00567518,0x00567518,20,.text,RN_nativeGetIsWithoutCache,,False,False,True,0,0,,,,,,UNRESOLVED_DYNAMIC,361DEA8D362BAD301545AD75F6716A3D9E0D1243BE2565687A4BC44652A2EC04,DECOMPILED,DYNAMIC_JNI_UNRESOLVED_DYNAMIC,FACT,
libARKernelInterface.so,libARKernelInterface_fn_0056752c,0x0056752c,0x0056752c,12,.text,RN_nativeSetFaceCount,,False,False,True,0,0,,,,,,UNRESOLVED_DYNAMIC,E27DAB6673C9F68A103003DD6BD22B3F7A02AB3B334EF57A9643B2612A349705,DECOMPILED,DYNAMIC_JNI_UNRESOLVED_DYNAMIC,FACT,
libARKernelInterface.so,libARKernelInterface_fn_00567538,0x00567538,0x00567538,20,.text,RN_nativeGetFaceCount,,False,False,True,0,0,,,,,,UNRESOLVED_DYNAMIC,E3DFFF70D16B3D8AB623303C0EC2A8328B1AFC9E57C2A61FF4546B7BA4036704,DECOMPILED,DYNAMIC_JNI_UNRESOLVED_DYNAMIC,FACT,
libARKernelInterface.so,libARKernelInterface_fn_0056754c,0x0056754c,0x0056754c,20,.text,RN_nativeSetMeshTriangleNum,,False,False,True,0,0,,,,,,UNRESOLVED_DYNAMIC,DB49EDF3419A9FF31F563BA48863455593D121F13E4B9AAF9ED2484E3E4761A4,DECOMPILED,DYNAMIC_JNI_UNRESOLVED_DYNAMIC,FACT,
libARKernelInterface.so,libARKernelInterface_fn_00567560,0x00567560,0x00567560,28,.text,RN_nativeGetMeshTriangleNum,,False,False,True,0,0,,,,,,UNRESOLVED_DYNAMIC,E0A1E9275A863147BF7EB0602C97E84BCBD1462BE11C4D9A1815FFCF9B218F98,DECOMPILED,DYNAMIC_JNI_UNRESOLVED_DYNAMIC,FACT,
libARKernelInterface.so,libARKernelInterface_fn_0056757c,0x0056757c,0x0056757c,20,.text,RN_nativeSetMeshTriangleNumWithoutLips,,False,False,True,0,0,,,,,,UNRESOLVED_DYNAMIC,606B22DCC53D79371F533269904785D6A653B2CEEEBD5C45E884D58EB9241302,DECOMPILED,DYNAMIC_JNI_UNRESOLVED_DYNAMIC,FACT,
libARKernelInterface.so,libARKernelInterface_fn_00567590,0x00567590,0x00567590,28,.text,RN_nativeGetMeshTriangleNumWithoutLips,,False,False,True,0,0,,,,,,UNRESOLVED_DYNAMIC,2F0ACF49DE9A728BA4B7E1274CAF97375191B5BB750BBCDBF6E20A4C3A65C2C3,DECOMPILED,DYNAMIC_JNI_UNRESOLVED_DYNAMIC,FACT,
libARKernelInterface.so,libARKernelInterface_fn_005675ac,0x005675ac,0x005675ac,20,.text,RN_nativeSetMeshVertexNum,,False,False,True,0,0,,,,,,UNRESOLVED_DYNAMIC,CF5EE3110D983628D629A5288B48E6E3BC3EFBB9D5B6AD72628DC166F6C8C752,DECOMPILED,DYNAMIC_JNI_UNRESOLVED_DYNAMIC,FACT,
libARKernelInterface.so,libARKernelInterface_fn_005675c0,0x005675c0,0x005675c0,28,.text,RN_nativeGetMeshVertexNum,,False,False,True,0,0,,,,,,UNRESOLVED_DYNAMIC,034DCC1C9274870C2344BA91DB0B8D63C8B725A6B1F15D0651313FCE4982012F,DECOMPILED,DYNAMIC_JNI_UNRESOLVED_DYNAMIC,FACT,
libARKernelInterface.so,libARKernelInterface_fn_005675dc,0x005675dc,0x005675dc,20,.text,RN_nativeSetReconstructVertexs,,False,False,True,0,0,,,,,,UNRESOLVED_DYNAMIC,44971904B3327DFF920BF8C207AE43861D33851AE6E4601652906452EC772763,DECOMPILED,DYNAMIC_JNI_UNRESOLVED_DYNAMIC,FACT,
libARKernelInterface.so,libARKernelInterface_fn_005675f0,0x005675f0,0x005675f0,20,.text,RN_nativeSetTextureCoordinatesV1,,False,False,True,0,0,,,,,,UNRESOLVED_DYNAMIC,8F6F0C261DBDF37896F77124CFFB0B36B6598AAD3D5C7C643BBF8AB5134F0BC0,DECOMPILED,DYNAMIC_JNI_UNRESOLVED_DYNAMIC,FACT,
libARKernelInterface.so,libARKernelInterface_fn_00567604,0x00567604,0x00567604,20,.text,RN_nativeSetTextureCoordinatesV2,,False,False,True,0,0,,,,,,UNRESOLVED_DYNAMIC,3E142926F511E2396D379B4F880738D3CE5B35D531CF88D7126C9CD0103B09FC,DECOMPILED,DYNAMIC_JNI_UNRESOLVED_DYNAMIC,FACT,
libARKernelInterface.so,libARKernelInterface_fn_00567618,0x00567618,0x00567618,20,.text,RN_nativeSetTriangleIndex,,False,False,True,0,0,,,,,,UNRESOLVED_DYNAMIC,6FD73AE00BF5AA75B64AF535D1A0DBBAE18BFB6CC1F7773FDA3FE0B63CF91BDA,DECOMPILED,DYNAMIC_JNI_UNRESOLVED_DYNAMIC,FACT,
libARKernelInterface.so,libARKernelInterface_fn_0056762c,0x0056762c,0x0056762c,20,.text,RN_nativeSet3DIndex,,False,False,True,0,0,,,,,,UNRESOLVED_DYNAMIC,180DC4FAFBB68DDE552AF70CAB0A83E0BAB483E3FFC6787313A3827E35F0399D,DECOMPILED,DYNAMIC_JNI_UNRESOLVED_DYNAMIC,FACT,
libARKernelInterface.so,libARKernelInterface_fn_00567640,0x00567640,0x00567640,20,.text,RN_nativeSet2DIndex,,False,False,True,0,0,,,,,,UNRESOLVED_DYNAMIC,5880EE2AE2FF56B3C3B4FF8800721460004204C34D0C6F0CD4EF9211370CD81A,DECOMPILED,DYNAMIC_JNI_UNRESOLVED_DYNAMIC,FACT,
libARKernelInterface.so,libARKernelInterface_fn_00567654,0x00567654,0x00567654,20,.text,RN_nativeSetLandmark,,False,False,True,0,0,,,,,,UNRESOLVED_DYNAMIC,E99AC4972F458A480A01EC7A537433D46858D2DFA5B44D2EBFBB486E002F33A6,DECOMPILED,DYNAMIC_JNI_UNRESOLVED_DYNAMIC,FACT,
libARKernelInterface.so,libARKernelInterface_fn_00567668,0x00567668,0x00567668,20,.text,RN_nativeSetVertexNormals,,False,False,True,0,0,,,,,,UNRESOLVED_DYNAMIC,C1AB67DBBB2CDC16D9691B560E07DD0C1AEBE4A40FF710FA50B9E13EE00C504E,DECOMPILED,DYNAMIC_JNI_UNRESOLVED_DYNAMIC,FACT,
libARKernelInterface.so,libARKernelInterface_fn_0056767c,0x0056767c,0x0056767c,20,.text,RN_nativeSetCameraParam,,False,False,True,0,0,,,,,,UNRESOLVED_DYNAMIC,5EDF406C796B1AB6B15E4418516690CAA0A3A8AB26C983BC1243DD445D27B4C1,DECOMPILED,DYNAMIC_JNI_UNRESOLVED_DYNAMIC,FACT,
libARKernelInterface.so,libARKernelInterface_fn_00567690,0x00567690,0x00567690,20,.text,RN_nativeSetMatToNDC,,False,False,True,0,0,,,,,,UNRESOLVED_DYNAMIC,2A0A713B52DF3B83446C95EC33BC464BDC2D0244597735230FED758B69ACF2B4,DECOMPILED,DYNAMIC_JNI_UNRESOLVED_DYNAMIC,FACT,
libARKernelInterface.so,libARKernelInterface_fn_005676a4,0x005676a4,0x005676a4,20,.text,RN_nativeSetMatToImage,,False,False,True,0,0,,,,,,UNRESOLVED_DYNAMIC,10BEAE59E33E2193F94562BB6D52508931ED2E3D05AA70BEC0DDB733BE0E5182,DECOMPILED,DYNAMIC_JNI_UNRESOLVED_DYNAMIC,FACT,
libARKernelInterface.so,libARKernelInterface_fn_005676b8,0x005676b8,0x005676b8,20,.text,RN_nativeSetFaceID,,False,False,True,0,0,,,,,,UNRESOLVED_DYNAMIC,641B22924EB8AC64AC2931405AA9152FFAD3CDE905E845A4DF1D1840C18D4BC7,DECOMPILED,DYNAMIC_JNI_UNRESOLVED_DYNAMIC,FACT,
libARKernelInterface.so,libARKernelInterface_fn_005676cc,0x005676cc,0x005676cc,2048,.text,RN_nativeSetHasFace3DReconstructorData,,False,False,True,0,0,,,,'com/meitu/mtlab/arkernelinterface/core/ARKernelFace3DReconstructorInterfaceJNI',,UNRESOLVED_DYNAMIC,E48FE0C38761F1E812068A21D9E9D62EF42B09A7289712AFE05F6EE61613E654,DECOMPILED,DYNAMIC_JNI_UNRESOLVED_DYNAMIC,FACT,
libARKernelInterface.so,libARKernelInterface_fn_0056822c,0x0056822c,0x0056822c,2048,.text,RN_nativeCreateInstance,,False,False,True,0,56,,0x010469f0;0x01046970;0x01046970;0x01046970;0x01046970,0x010469f0;0x01046970;0x01046970;0x01046970;0x01046970,,,UNRESOLVED_DYNAMIC,F9C768A76DCB4DF036FEB0BDF11E8D80035555A33DF3DEC893C1535A539CD9EC,DECOMPILED,DYNAMIC_JNI_UNRESOLVED_DYNAMIC,FACT,
libARKernelInterface.so,libARKernelInterface_fn_00568be8,0x00568be8,0x00568be8,24,.text,RN_nativeDestroyInstance,,False,False,True,0,0,,,,,,UNRESOLVED_DYNAMIC,6C7B6B31556E275D8969E0B5F15964139D49DDDA128E289FCAE4A94737DBEDFA,DECOMPILED,DYNAMIC_JNI_UNRESOLVED_DYNAMIC,FACT,
libARKernelInterface.so,libARKernelInterface_fn_00568c00,0x00568c00,0x00568c00,24,.text,RN_nativeReset,,False,False,True,0,0,,,,,,UNRESOLVED_DYNAMIC,B49F4E1909EC85973178135AD6A36DDBD611F9CBAF1FC73E6324C65439D6EA91,DECOMPILED,DYNAMIC_JNI_UNRESOLVED_DYNAMIC,FACT,
libARKernelInterface.so,libARKernelInterface_fn_00568c18,0x00568c18,0x00568c18,20,.text,RN_nativeSetIsWithoutCache,,False,False,True,0,0,,,,,,UNRESOLVED_DYNAMIC,DBBF56CEF499ADD5BA884B6B3F606EA9D24E6650F1F897B8DFAB68E2D46FEB8D,DECOMPILED,DYNAMIC_JNI_UNRESOLVED_DYNAMIC,FACT,
libARKernelInterface.so,libARKernelInterface_fn_00568c2c,0x00568c2c,0x00568c2c,20,.text,RN_nativeGetIsWithoutCache,,False,False,True,0,0,,,,,,UNRESOLVED_DYNAMIC,361DEA8D362BAD301545AD75F6716A3D9E0D1243BE2565687A4BC44652A2EC04,DECOMPILED,DYNAMIC_JNI_UNRESOLVED_DYNAMIC,FACT,
libARKernelInterface.so,libARKernelInterface_fn_00568c40,0x00568c40,0x00568c40,12,.text,RN_nativeSetFaceCount,,False,False,True,0,0,,,,,,UNRESOLVED_DYNAMIC,E27DAB6673C9F68A103003DD6BD22B3F7A02AB3B334EF57A9643B2612A349705,DECOMPILED,DYNAMIC_JNI_UNRESOLVED_DYNAMIC,FACT,
libARKernelInterface.so,libARKernelInterface_fn_00568c4c,0x00568c4c,0x00568c4c,20,.text,RN_nativeGetFaceCount,,False,False,True,0,0,,,,,,UNRESOLVED_DYNAMIC,E3DFFF70D16B3D8AB623303C0EC2A8328B1AFC9E57C2A61FF4546B7BA4036704,DECOMPILED,DYNAMIC_JNI_UNRESOLVED_DYNAMIC,FACT,
libARKernelInterface.so,libARKernelInterface_fn_00568c60,0x00568c60,0x00568c60,20,.text,RN_nativeSetFaceID,,False,False,True,0,0,,,,,,UNRESOLVED_DYNAMIC,FE233CA84EE844E2A01DEE7FC895A3244D6870204AE27FA7B385B7FE547B84B9,DECOMPILED,DYNAMIC_JNI_UNRESOLVED_DYNAMIC,FACT,
libARKernelInterface.so,libARKernelInterface_fn_00568c74,0x00568c74,0x00568c74,28,.text,RN_nativeSetHasFaceDL3DReconstructorData,,False,False,True,0,0,,,,,,UNRESOLVED_DYNAMIC,5C2AC9347B8EDD1051BE7BDC03EC7AB8693AFE3D3E2C13722FC987B072C2501A,DECOMPILED,DYNAMIC_JNI_UNRESOLVED_DYNAMIC,FACT,
libARKernelInterface.so,libARKernelInterface_fn_00568c90,0x00568c90,0x00568c90,880,.text,RN_nativeSetMeshDataWithCopy,,False,False,True,0,6,,0x00568f1c;0x00569900;0x01046a10;0x01046a10;0x01046a10,0x01046a10;0x01046a10;0x01046a10;0x01046a10,'arkernel';'ARKernelFaceDL3DReconstructorInterfaceJNI::SetMeshDataWithCopy: null data';'arkernel',,UNRESOLVED_DYNAMIC,09592C5F22B2EEE04AB04AB2E6078A1794D042F3278AAACB3A5FF177636FABD8,DECOMPILED,DYNAMIC_JNI_UNRESOLVED_DYNAMIC,FACT,
libARKernelInterface.so,libARKernelInterface_fn_00569000,0x00569000,0x00569000,680,.text,RN_nativeSetMatrixDataWithCopy,,False,False,True,0,0,,,,'arkernel';'ARKernelFaceDL3DReconstructorInterfaceJNI::SetMatrixDataWithCopy: null data';'arkernel',,UNRESOLVED_DYNAMIC,008192A396BE757253CED1F0D71CE83B309D48186759E4156905D382CE5F0F9E,DECOMPILED,DYNAMIC_JNI_UNRESOLVED_DYNAMIC,FACT,
libARKernelInterface.so,libARKernelInterface_fn_005692a8,0x005692a8,0x005692a8,1852,.text,RN_nativeSetExpressionWithCopy,,False,False,True,0,16,,0x00568ae4;0x00568f1c;0x01046980;0x01046980;0x01046980,0x01046980;0x01046980;0x01046980;0x01046980;0x01046980,'arkernel';'ARKernelFaceDL3DReconstructorInterfaceJNI::SetExpressionWithCopy: null data';'arkernel',,UNRESOLVED_DYNAMIC,6C670122F5DF02D4ED60C2C54372998314B5E50C055266E778848DC0EACE773B,DECOMPILED,DYNAMIC_JNI_UNRESOLVED_DYNAMIC,FACT,
libARKernelInterface.so,libARKernelInterface_fn_005699e4,0x005699e4,0x005699e4,1452,.text,RN_nativeCreateInstance,,False,False,True,0,46,,0x010469f0;0x00569aa8;0x01046970;0x00569aa8;0x00569d64,0x010469f0;0x01046970;0x01046a20;0x01046950;0x01046970,,,UNRESOLVED_DYNAMIC,7158CC6B51E308FE3D59F2DEA29178C3B1C456ABF0FA6B113EE127EE748EC9D0,DECOMPILED,DYNAMIC_JNI_UNRESOLVED_DYNAMIC,FACT,
libARKernelInterface.so,libARKernelInterface_fn_00569f90,0x00569f90,0x00569f90,24,.text,RN_nativeDestroyInstance,,False,False,True,0,0,,,,,,UNRESOLVED_DYNAMIC,6C7B6B31556E275D8969E0B5F15964139D49DDDA128E289FCAE4A94737DBEDFA,DECOMPILED,DYNAMIC_JNI_UNRESOLVED_DYNAMIC,FACT,
libARKernelInterface.so,libARKernelInterface_fn_00569fa8,0x00569fa8,0x00569fa8,24,.text,RN_nativeReset,,False,False,True,0,0,,,,,,UNRESOLVED_DYNAMIC,B49F4E1909EC85973178135AD6A36DDBD611F9CBAF1FC73E6324C65439D6EA91,DECOMPILED,DYNAMIC_JNI_UNRESOLVED_DYNAMIC,FACT,
libARKernelInterface.so,libARKernelInterface_fn_00569fc0,0x00569fc0,0x00569fc0,12,.text,RN_nativeSetFaceCount,,False,False,True,0,0,,,,,,UNRESOLVED_DYNAMIC,E27DAB6673C9F68A103003DD6BD22B3F7A02AB3B334EF57A9643B2612A349705,DECOMPILED,DYNAMIC_JNI_UNRESOLVED_DYNAMIC,FACT,
libARKernelInterface.so,libARKernelInterface_fn_00569fcc,0x00569fcc,0x00569fcc,20,.text,RN_nativeGetFaceCount,,False,False,True,0,0,,,,,,UNRESOLVED_DYNAMIC,E3DFFF70D16B3D8AB623303C0EC2A8328B1AFC9E57C2A61FF4546B7BA4036704,DECOMPILED,DYNAMIC_JNI_UNRESOLVED_DYNAMIC,FACT,
libARKernelInterface.so,libARKernelInterface_fn_00569fe0,0x00569fe0,0x00569fe0,36,.text,RN_nativeSetFaceID,,False,False,True,0,0,,,,,,UNRESOLVED_DYNAMIC,5C603877E253147CBCC3B247933A9E31B790899A38F2862D712919869E982E47,DECOMPILED,DYNAMIC_JNI_UNRESOLVED_DYNAMIC,FACT,
libARKernelInterface.so,libARKernelInterface_fn_0056a004,0x0056a004,0x0056a004,52,.text,RN_nativeGetFaceID,,False,False,True,0,0,,,,,,UNRESOLVED_DYNAMIC,6ED460356E3802F877572F22DB9FAC89559D6725A4121681D5BBB75F9DD8292E,DECOMPILED,DYNAMIC_JNI_UNRESOLVED_DYNAMIC,FACT,
libARKernelInterface.so,libARKernelInterface_fn_0056a038,0x0056a038,0x0056a038,36,.text,RN_nativeSetFaceFR,,False,False,True,0,0,,,,,,UNRESOLVED_DYNAMIC,AEEF1A1ACAA02DFE88870BF95016E15F6BE3C3D62765CADBE33119129BF887C9,DECOMPILED,DYNAMIC_JNI_UNRESOLVED_DYNAMIC,FACT,
libARKernelInterface.so,libARKernelInterface_fn_0056a05c,0x0056a05c,0x0056a05c,52,.text,RN_nativeGetFaceFR,,False,False,True,0,0,,,,,,UNRESOLVED_DYNAMIC,8F616E99D2FEBB3E01B0C5A0471419E07E08B5F4B51D8A7B3F8AAF60D096A8BB,DECOMPILED,DYNAMIC_JNI_UNRESOLVED_DYNAMIC,FACT,
libARKernelInterface.so,libARKernelInterface_fn_0056a090,0x0056a090,0x0056a090,40,.text,RN_nativeSetFaceRect,,False,False,True,0,0,,,,,,UNRESOLVED_DYNAMIC,DC2EC0E389A5259B3FEA17EA7DB2717B3B52752F851F8E9B6B8D7FE05845CCE4,DECOMPILED,DYNAMIC_JNI_UNRESOLVED_DYNAMIC,FACT,
libARKernelInterface.so,libARKernelInterface_fn_0056a0b8,0x0056a0b8,0x0056a0b8,212,.text,RN_nativeGetFaceRect,,False,False,True,0,1,,0x01046950,0x01046950,,,UNRESOLVED_DYNAMIC,5381B00D825176E4734A4CCD9FDD858FAC5F5386F24456ED641924B549A6EF2F,DECOMPILED,DYNAMIC_JNI_UNRESOLVED_DYNAMIC,FACT,
libARKernelInterface.so,libARKernelInterface_fn_0056a18c,0x0056a18c,0x0056a18c,28,.text,RN_nativeSetLeftEarPointCount2D,,False,False,True,0,0,,,,,,UNRESOLVED_DYNAMIC,110AF0CD1BBB7E8B3783C49F69A753E721176C7F38F639B1DCA3C9478D89B889,DECOMPILED,DYNAMIC_JNI_UNRESOLVED_DYNAMIC,FACT,
libARKernelInterface.so,libARKernelInterface_fn_0056a1a8,0x0056a1a8,0x0056a1a8,32,.text,RN_nativeGetLeftEarPointCount2D,,False,False,True,0,0,,,,,,UNRESOLVED_DYNAMIC,3457D2DE13BACD00F561EDA035360A55FD260E55FD9BEBE781562C36008876BB,DECOMPILED,DYNAMIC_JNI_UNRESOLVED_DYNAMIC,FACT,
libARKernelInterface.so,libARKernelInterface_fn_0056a1c8,0x0056a1c8,0x0056a1c8,208,.text,RN_nativeSetLeftEarLandmark2D,,False,False,True,0,1,,0x01046a10,0x01046a10,,,UNRESOLVED_DYNAMIC,CFC8971985F78BF206162E3F5A3463B7FAF3857E2793C276153A44C347B31098,DECOMPILED,DYNAMIC_JNI_UNRESOLVED_DYNAMIC,FACT,
libARKernelInterface.so,libARKernelInterface_fn_0056a298,0x0056a298,0x0056a298,168,.text,RN_nativeGetLeftEarLandmark2D,,False,False,True,0,0,,,,,,UNRESOLVED_DYNAMIC,9C42DD25D935F0A34F9D30104D9F67B3E61249EE600C590C3D698404E0DFD21C,DECOMPILED,DYNAMIC_JNI_UNRESOLVED_DYNAMIC,FACT,
libARKernelInterface.so,libARKernelInterface_fn_0056a340,0x0056a340,0x0056a340,28,.text,RN_nativeSetRightEarPointCount2D,,False,False,True,0,0,,,,,,UNRESOLVED_DYNAMIC,08D9BDC8A23813CC35D8E82096221519FA7A4919B45F55FB3DFD1FFAFA06B7F8,DECOMPILED,DYNAMIC_JNI_UNRESOLVED_DYNAMIC,FACT,
libARKernelInterface.so,libARKernelInterface_fn_0056a35c,0x0056a35c,0x0056a35c,32,.text,RN_nativeGetRightEarPointCount2D,,False,False,True,0,0,,,,,,UNRESOLVED_DYNAMIC,80A35949369848E464E56474B5BB818D4CE63A3DBCB3747E35CAB619891A478B,DECOMPILED,DYNAMIC_JNI_UNRESOLVED_DYNAMIC,FACT,
libARKernelInterface.so,libARKernelInterface_fn_0056a37c,0x0056a37c,0x0056a37c,208,.text,RN_nativeSetRightEarLandmark2D,,False,False,True,0,1,,0x01046a10,0x01046a10,,,UNRESOLVED_DYNAMIC,5402B30345D4074926B58362C7390C6CB35B0DE1ED37B45C044505F512A5F658,DECOMPILED,DYNAMIC_JNI_UNRESOLVED_DYNAMIC,FACT,
libARKernelInterface.so,libARKernelInterface_fn_0056a44c,0x0056a44c,0x0056a44c,160,.text,RN_nativeGetRightEarLandmark2D,,False,False,True,0,0,,,,,,UNRESOLVED_DYNAMIC,72BE9A4A5CB6316E019901A0278754D22CC8CFC4E481CF8ECBCB1029F2C2DF10,DECOMPILED,DYNAMIC_JNI_UNRESOLVED_DYNAMIC,FACT,
libARKernelInterface.so,libARKernelInterface_fn_0056a4ec,0x0056a4ec,0x0056a4ec,28,.text,RN_nativeSetPointCount2D,,False,False,True,0,0,,,,,,UNRESOLVED_DYNAMIC,B5D82D1B148FAC346476358C20B710DB12C914366FCA920DFB9ABCCBD08988F9,DECOMPILED,DYNAMIC_JNI_UNRESOLVED_DYNAMIC,FACT,
libARKernelInterface.so,libARKernelInterface_fn_0056a508,0x0056a508,0x0056a508,32,.text,RN_nativeGetPointCount2D,,False,False,True,0,0,,,,,,UNRESOLVED_DYNAMIC,368DE9153AB82D3B6124732E758CFBD4C2D389F750A05F39BB3217EDEACDDA59,DECOMPILED,DYNAMIC_JNI_UNRESOLVED_DYNAMIC,FACT,
libARKernelInterface.so,libARKernelInterface_fn_0056a528,0x0056a528,0x0056a528,324,.text,RN_nativeSetFacialLandmark2D,,False,False,True,0,3,,0x005a6b20;0x01046a10;0x01046910,0x01046a10;0x01046910,"'arkernel';'ARKernelFaceInterface::SetFacialLandmark2D: data len = %d , face point count = %d';'arkernel'",,UNRESOLVED_DYNAMIC,55F6FB6FB644801F6D3841A36BD5C9BC43E93F97A97BBFF283F7122FE58D47F2,DECOMPILED,DYNAMIC_JNI_UNRESOLVED_DYNAMIC,FACT,
libARKernelInterface.so,libARKernelInterface_fn_0056a66c,0x0056a66c,0x0056a66c,148,.text,RN_nativeGetFacialLandmark2D,,False,False,True,0,0,,,,,,UNRESOLVED_DYNAMIC,21CE15BB569CC20AE1693E2705811BED50A6347909CDA10DC46421AEE6C58980,DECOMPILED,DYNAMIC_JNI_UNRESOLVED_DYNAMIC,FACT,
libARKernelInterface.so,libARKernelInterface_fn_0056a700,0x0056a700,0x0056a700,324,.text,RN_nativeSetFacialLandmark2DVisible,,False,False,True,0,3,,0x005a6b20;0x01046a10;0x01046910,0x01046a10;0x01046910,"'arkernel';'ARKernelFaceInterface::SetFacialLandmark2D: data len = %d , face point count = %d';'arkernel'",,UNRESOLVED_DYNAMIC,08C57C5997D8CB42465F2CB522EE1DC4B340AEDFCE9C258C53E811EF56A39571,DECOMPILED,DYNAMIC_JNI_UNRESOLVED_DYNAMIC,FACT,
libARKernelInterface.so,libARKernelInterface_fn_0056a844,0x0056a844,0x0056a844,140,.text,RN_nativeGetFacialLandmark2DVisible,,False,False,True,0,0,,,,,,UNRESOLVED_DYNAMIC,A2A02F7A432A5FEE8D96FA67AAB91DF1D0EF4EA85D67B21CA7F1A1E63FE779E0,DECOMPILED,DYNAMIC_JNI_UNRESOLVED_DYNAMIC,FACT,
libARKernelInterface.so,libARKernelInterface_fn_0056a8d0,0x0056a8d0,0x0056a8d0,56,.text,RN_nativeSetGender,,False,False,True,0,0,,,,,,UNRESOLVED_DYNAMIC,8606A6408A427887C2F0553ACE432A2BFC5EF0C27D6A0EA8F385C9ECA6DFF295,DECOMPILED,DYNAMIC_JNI_UNRESOLVED_DYNAMIC,FACT,
libARKernelInterface.so,libARKernelInterface_fn_0056a908,0x0056a908,0x0056a908,64,.text,RN_nativeGetGender,,False,False,True,0,0,,,,,,UNRESOLVED_DYNAMIC,6C9C28029E34CABA8DF42606B826206D714EB3AF423FB13783743F000807A0C4,DECOMPILED,DYNAMIC_JNI_UNRESOLVED_DYNAMIC,FACT,
libARKernelInterface.so,libARKernelInterface_fn_0056a948,0x0056a948,0x0056a948,44,.text,RN_nativeSetRace,,False,False,True,0,0,,,,,,UNRESOLVED_DYNAMIC,1C7B8DEB7B8991F1ED09F3AC9F9A5C377B33C93595A8E9D21BAE34D04A0BD1AF,DECOMPILED,DYNAMIC_JNI_UNRESOLVED_DYNAMIC,FACT,
libARKernelInterface.so,libARKernelInterface_fn_0056a974,0x0056a974,0x0056a974,60,.text,RN_nativeGetRace,,False,False,True,0,0,,,,,,UNRESOLVED_DYNAMIC,407D129E32F4CBA82B3EED162BF3A55777FA83F6BB8BEAE7E0C0E3AF918B87D9,DECOMPILED,DYNAMIC_JNI_UNRESOLVED_DYNAMIC,FACT,
libARKernelInterface.so,libARKernelInterface_fn_0056a9b0,0x0056a9b0,0x0056a9b0,60,.text,RN_nativeSetSkin,,False,False,True,0,0,,,,,,UNRESOLVED_DYNAMIC,1BFB2E7C957E8BEB166580E5A0B9F98F98C10EE1C6F4FECA74EC8963069E0499,DECOMPILED,DYNAMIC_JNI_UNRESOLVED_DYNAMIC,FACT,
libARKernelInterface.so,libARKernelInterface_fn_0056a9ec,0x0056a9ec,0x0056a9ec,60,.text,RN_nativeGetSkin,,False,False,True,0,0,,,,,,UNRESOLVED_DYNAMIC,C31835C9822E4F9EAC2B52A5B87E4AB177B3FFBC6E3631EF20C6E0F17C4A062A,DECOMPILED,DYNAMIC_JNI_UNRESOLVED_DYNAMIC,FACT,
libARKernelInterface.so,libARKernelInterface_fn_0056aa28,0x0056aa28,0x0056aa28,36,.text,RN_nativeSetAge,,False,False,True,0,0,,,,,,UNRESOLVED_DYNAMIC,90B20B99996DE8A2DB3557F15C1B31C66C2206B699E9D17603C5D41C8274EA70,DECOMPILED,DYNAMIC_JNI_UNRESOLVED_DYNAMIC,FACT,
libARKernelInterface.so,libARKernelInterface_fn_0056aa4c,0x0056aa4c,0x0056aa4c,52,.text,RN_nativeGetAge,,False,False,True,0,0,,,,,,UNRESOLVED_DYNAMIC,DA51C7933B88B0B0D1A16C76B487176F5CC20FF71794BA86F9294CAD3F2CB2A7,DECOMPILED,DYNAMIC_JNI_UNRESOLVED_DYNAMIC,FACT,
libARKernelInterface.so,libARKernelInterface_fn_0056aa80,0x0056aa80,0x0056aa80,52,.text,RN_nativeSetChildAgeType,,False,False,True,0,0,,,,,,UNRESOLVED_DYNAMIC,E8F30C24676CEE8E83AADA1B2CD524CF90877B3155474B8ADA10C58F5426E144,DECOMPILED,DYNAMIC_JNI_UNRESOLVED_DYNAMIC,FACT,
libARKernelInterface.so,libARKernelInterface_fn_0056aab4,0x0056aab4,0x0056aab4,68,.text,RN_nativeGetChildAgeType,,False,False,True,0,0,,,,,,UNRESOLVED_DYNAMIC,8BA2183D8F5C5B8040F05F59A4233D39C601D68597CDBAF696F161C2A0203DC6,DECOMPILED,DYNAMIC_JNI_UNRESOLVED_DYNAMIC,FACT,
libARKernelInterface.so,libARKernelInterface_fn_0056aaf8,0x0056aaf8,0x0056aaf8,72,.text,RN_nativeSetPosEstimate,,False,False,True,0,0,,,,,,UNRESOLVED_DYNAMIC,5B823A03D05CD439A39704BBA477A794EE96930A73F80767EDD37FFEE5F5B807,DECOMPILED,DYNAMIC_JNI_UNRESOLVED_DYNAMIC,FACT,
libARKernelInterface.so,libARKernelInterface_fn_0056ab40,0x0056ab40,0x0056ab40,232,.text,RN_nativeGetPosEstimate,,False,False,True,0,1,,0x01046950,0x01046950,,,UNRESOLVED_DYNAMIC,42B8497DCCD4EAF568F55F059608F0BC59DEC5391B7568DD43C4AD8F56251793,DECOMPILED,DYNAMIC_JNI_UNRESOLVED_DYNAMIC,FACT,
libARKernelInterface.so,libARKernelInterface_fn_0056ac28,0x0056ac28,0x0056ac28,40,.text,RN_nativeSetNeckRect,,False,False,True,0,0,,,,,,UNRESOLVED_DYNAMIC,170D53612CAE1511178D4B6EBEF54E891B84282EC941B38E8387B5ED551040F4,DECOMPILED,DYNAMIC_JNI_UNRESOLVED_DYNAMIC,FACT,
libARKernelInterface.so,libARKernelInterface_fn_0056ac50,0x0056ac50,0x0056ac50,212,.text,RN_nativeGetNeckRect,,False,False,True,0,1,,0x01046950,0x01046950,,,UNRESOLVED_DYNAMIC,A9878DA35602522C7B8B294058A95FAA57C15857831C4182E8CDDBB44CBD189E,DECOMPILED,DYNAMIC_JNI_UNRESOLVED_DYNAMIC,FACT,
libARKernelInterface.so,libARKernelInterface_fn_0056ad24,0x0056ad24,0x0056ad24,324,.text,RN_nativeSetNeckPoints,,False,False,True,0,2,,0x005a6b20;0x01046910,0x01046910,"'arkernel';'ARKernelFaceInterface::SetNeckPoints: data len = %d , neck point count = %d';'arkernel'",,UNRESOLVED_DYNAMIC,F2976726DDEF123722BFCD963604B5BB9D4EC3D52C2C151D27D58EE955498626,DECOMPILED,DYNAMIC_JNI_UNRESOLVED_DYNAMIC,FACT,
libARKernelInterface.so,libARKernelInterface_fn_0056ae68,0x0056ae68,0x0056ae68,152,.text,RN_nativeGetNeckPoints,,False,False,True,0,0,,,,,,UNRESOLVED_DYNAMIC,6BF3D2292ECBD5B5EF39B01756D4C506B27031B8AA2B53457D7A3AE6D8041F18,DECOMPILED,DYNAMIC_JNI_UNRESOLVED_DYNAMIC,FACT,
libARKernelInterface.so,libARKernelInterface_fn_0056af00,0x0056af00,0x0056af00,292,.text,RN_nativeSetHeadPoints,,False,False,True,0,3,,0x005a6b20;0x01046a10;0x01046910,0x01046a10;0x01046910,"'arkernel';'ARKernelFaceInterface::SetHeadPoints: data len = %d , head point count = %d';'arkernel'",,UNRESOLVED_DYNAMIC,199028ECD52E40767B338867BBE8EDDBF2303D7AF31B492B70B245F41F0FF8D7,DECOMPILED,DYNAMIC_JNI_UNRESOLVED_DYNAMIC,FACT,
libARKernelInterface.so,libARKernelInterface_fn_0056b024,0x0056b024,0x0056b024,152,.text,RN_nativeGetHeadPoints,,False,False,True,0,0,,,,,,UNRESOLVED_DYNAMIC,B6A27379626FF002C4908B7B0A5AF67A43EC7A2BA87E1C327E83FBBC5B1EFE8E,DECOMPILED,DYNAMIC_JNI_UNRESOLVED_DYNAMIC,FACT,
libARKernelInterface.so,libARKernelInterface_fn_0056b0bc,0x0056b0bc,0x0056b0bc,296,.text,RN_nativeSetFacialInterPoint,,False,False,True,0,3,,0x005a6b20;0x01046a10;0x01046910,0x01046a10;0x01046910,"'arkernel';'ARKernelFaceInterface::SetFacialInterPoint: data len = %d , face point count = %d';'arkernel'",,UNRESOLVED_DYNAMIC,85AE2FA9323C95D83D1B6D31A486C55955B24C372AD1CD1D347988477C155A86,DECOMPILED,DYNAMIC_JNI_UNRESOLVED_DYNAMIC,FACT,
libARKernelInterface.so,libARKernelInterface_fn_0056b1e4,0x0056b1e4,0x0056b1e4,152,.text,RN_nativeGetFacialInterPoint,,False,False,True,0,0,,,,,,UNRESOLVED_DYNAMIC,3376E05F0D03A61D0898F275C92D733B911C0E2AE4AFA8D7F4D915E5597CDCA0,DECOMPILED,DYNAMIC_JNI_UNRESOLVED_DYNAMIC,FACT,
libARKernelInterface.so,libARKernelInterface_fn_0056b27c,0x0056b27c,0x0056b27c,284,.text,RN_nativeSetFaceEmotionFactor,,False,False,True,0,2,,0x005a6b20;0x01046910,0x01046910,"'arkernel';'ARKernelFaceInterface::SetFaceEmotionFactor: data len = %d , emotion size count = %d';'arkernel'",,UNRESOLVED_DYNAMIC,4D594E410DD6352382E535555B5CA369B94D88E08169A63CD96EE67815FA3E31,DECOMPILED,DYNAMIC_JNI_UNRESOLVED_DYNAMIC,FACT,
libARKernelInterface.so,libARKernelInterface_fn_0056b398,0x0056b398,0x0056b398,152,.text,RN_nativeGetFaceEmotionFactor,,False,False,True,0,0,,,,,,UNRESOLVED_DYNAMIC,95D94B955783B48E58108FA554DE1B039D7A917917569E9F1D5C6CEF995952EE,DECOMPILED,DYNAMIC_JNI_UNRESOLVED_DYNAMIC,FACT,
libARKernelInterface.so,libARKernelInterface_fn_0056b430,0x0056b430,0x0056b430,40,.text,RN_nativeSetEyeLid,,False,False,True,0,0,,,,,,UNRESOLVED_DYNAMIC,C860A33F2CFA370953D7E3BB211548F635C9A35279A05CC86C0D81798E0EB793,DECOMPILED,DYNAMIC_JNI_UNRESOLVED_DYNAMIC,FACT,
libARKernelInterface.so,libARKernelInterface_fn_0056b458,0x0056b458,0x0056b458,984,.text,RN_nativeSetSegmentMouthMaskInfo,,False,False,True,0,2,,0x01046930;0x01046a10,0x01046930;0x01046a10,'arkernel';'MouthMask Size Error:%d != %d*%d';'arkernel',,UNRESOLVED_DYNAMIC,7DC65C75D41ECC81C8C387C3CBEF8A03AC7993A7A3790A7569554BB0069EA37E,DECOMPILED,DYNAMIC_JNI_UNRESOLVED_DYNAMIC,FACT,
libARKernelInterface.so,libARKernelInterface_fn_0056b830,0x0056b830,0x0056b830,984,.text,RN_nativeSetSegmentFaceMaskInfo,,False,False,True,0,2,,0x01046930;0x01046a10,0x01046930;0x01046a10,'arkernel';'MouthMask Size Error:%d != %d*%d';'arkernel',,UNRESOLVED_DYNAMIC,01B1D020AC78BBC1316022EF21A2C7AE9963AE6EF1B71D0D51F2C04CA38B4132,DECOMPILED,DYNAMIC_JNI_UNRESOLVED_DYNAMIC,FACT,
libARKernelInterface.so,libARKernelInterface_fn_0056bc08,0x0056bc08,0x0056bc08,840,.text,RN_nativeSetLeftEyeMask,,False,False,True,0,9,,0x01046980;0x01046930;0x01046a10;0x01046980;0x01046930,0x01046980;0x01046930;0x01046a10;0x01046980;0x01046930,'arkernel';'nullptr == plefteyescleramask:%d';'arkernel',,UNRESOLVED_DYNAMIC,BCBE4DBF7A6DA34C53CCC1E412D26421E7D370075C3F1CF704ABA6E0E0354BB2,DECOMPILED,DYNAMIC_JNI_UNRESOLVED_DYNAMIC,FACT,
libARKernelInterface.so,libARKernelInterface_fn_0056bf50,0x0056bf50,0x0056bf50,840,.text,RN_nativeSetRightEyeMask,,False,False,True,0,9,,0x01046980;0x01046930;0x01046a10;0x01046980;0x01046930,0x01046980;0x01046930;0x01046a10;0x01046980;0x01046930,'arkernel';'nullptr == prighteyescleramask:%d';'arkernel',,UNRESOLVED_DYNAMIC,3F808861C25CF04E5FB1538088FF844069AF8088948908C196A7F2FD4DADB7FD,DECOMPILED,DYNAMIC_JNI_UNRESOLVED_DYNAMIC,FACT,
libARKernelInterface.so,libARKernelInterface_fn_0056c298,0x0056c298,0x0056c298,348,.text,RN_nativeSetFaceHairMask,,False,False,True,0,2,,0x01046930;0x01046a10,0x01046930;0x01046a10,'arkernel';'nullptr == jHairHairMaskData:%d';'arkernel',,UNRESOLVED_DYNAMIC,7AE37055267F3E6634FD7DB1191BEFC3EECECEBCBD112F6E4B4F220EC1F66B79,DECOMPILED,DYNAMIC_JNI_UNRESOLVED_DYNAMIC,FACT,
libARKernelInterface.so,libARKernelInterface_fn_0056c3f4,0x0056c3f4,0x0056c3f4,620,.text,RN_nativeSetPostureInfo,,False,False,True,0,0,,,,,,UNRESOLVED_DYNAMIC,EB798F77AB69CBC7E0195D099FF8840579F90ED0D128E1D271B03C6A7A4BDBB1,DECOMPILED,DYNAMIC_JNI_UNRESOLVED_DYNAMIC,FACT,
libARKernelInterface.so,libARKernelInterface_fn_0056c660,0x0056c660,0x0056c660,92,.text,RN_nativeSetMeshInfo,,False,False,True,0,0,,,,,,UNRESOLVED_DYNAMIC,D8EF6A0A586BC6F1B7A5EF83D8A953FFE82B134C8E97A44A58FB3C8A44AE46D5,DECOMPILED,DYNAMIC_JNI_UNRESOLVED_DYNAMIC,FACT,
libARKernelInterface.so,libARKernelInterface_fn_0056c6bc,0x0056c6bc,0x0056c6bc,56,.text,RN_nativeSetExpressionInfo,,False,False,True,0,0,,,,,,UNRESOLVED_DYNAMIC,FF28F2190F317C4501FCD3C630C05B073F70B2D86EBA8E4C18F40D2E8B4D436F,DECOMPILED,DYNAMIC_JNI_UNRESOLVED_DYNAMIC,FACT,
libARKernelInterface.so,libARKernelInterface_fn_0056c6f4,0x0056c6f4,0x0056c6f4,516,.text,RN_nativeSetMeshInfoByteBuffer,,False,False,True,0,0,,,,,,UNRESOLVED_DYNAMIC,F4EC56583595D54B1C57756013B52940EDF8FC96E8E84ABA7C2AD1A80E6A9EDA,DECOMPILED,DYNAMIC_JNI_UNRESOLVED_DYNAMIC,FACT,
libARKernelInterface.so,libARKernelInterface_fn_0056c8f8,0x0056c8f8,0x0056c8f8,2048,.text,RN_nativeSetExpressionInfoByteBuffer,,False,False,True,0,71,,0x01046980;0x0056cde0;0x01046980;0x01046980;0x01046980,0x01046980;0x01046980;0x01046980;0x01046980;0x01046980,'com/meitu/mtlab/arkernelinterface/core/ARKernelFaceInterfaceJNI',,UNRESOLVED_DYNAMIC,9A817F3EE769185AFDD94B7090572396E4BF95905D62003A1E189BDBB231B354,DECOMPILED,DYNAMIC_JNI_UNRESOLVED_DYNAMIC,FACT,
libARKernelInterface.so,libARKernelInterface_fn_0056d49c,0x0056d49c,0x0056d49c,772,.text,RN_nativeCreateInstance,,False,False,True,0,2,,0x010469f0;0x01046950,0x010469f0;0x01046950,,,UNRESOLVED_DYNAMIC,0F3A2BCF9EBBA6CC550743A9E15DF6FC36D6618010E880348DA8C02EA0CB98E3,DECOMPILED,DYNAMIC_JNI_UNRESOLVED_DYNAMIC,FACT,
libARKernelInterface.so,libARKernelInterface_fn_0056d7a0,0x0056d7a0,0x0056d7a0,24,.text,RN_nativeDestroyInstance,,False,False,True,0,0,,,,,,UNRESOLVED_DYNAMIC,6C7B6B31556E275D8969E0B5F15964139D49DDDA128E289FCAE4A94737DBEDFA,DECOMPILED,DYNAMIC_JNI_UNRESOLVED_DYNAMIC,FACT,
libARKernelInterface.so,libARKernelInterface_fn_0056d7b8,0x0056d7b8,0x0056d7b8,24,.text,RN_nativeReset,,False,False,True,0,0,,,,,,UNRESOLVED_DYNAMIC,B49F4E1909EC85973178135AD6A36DDBD611F9CBAF1FC73E6324C65439D6EA91,DECOMPILED,DYNAMIC_JNI_UNRESOLVED_DYNAMIC,FACT,
libARKernelInterface.so,libARKernelInterface_fn_0056d7d0,0x0056d7d0,0x0056d7d0,12,.text,RN_nativeSetFoodCount,,False,False,True,0,0,,,,,,UNRESOLVED_DYNAMIC,E27DAB6673C9F68A103003DD6BD22B3F7A02AB3B334EF57A9643B2612A349705,DECOMPILED,DYNAMIC_JNI_UNRESOLVED_DYNAMIC,FACT,
libARKernelInterface.so,libARKernelInterface_fn_0056d7dc,0x0056d7dc,0x0056d7dc,20,.text,RN_nativeGetFoodCount,,False,False,True,0,0,,,,,,UNRESOLVED_DYNAMIC,E3DFFF70D16B3D8AB623303C0EC2A8328B1AFC9E57C2A61FF4546B7BA4036704,DECOMPILED,DYNAMIC_JNI_UNRESOLVED_DYNAMIC,FACT,
libARKernelInterface.so,libARKernelInterface_fn_0056d7f0,0x0056d7f0,0x0056d7f0,36,.text,RN_nativeSetFoodID,,False,False,True,0,0,,,,,,UNRESOLVED_DYNAMIC,8A9E8DB35E0610E1ABF49B64C2BE040009D4FE2BDC5FA4D6540999F1123D0BB2,DECOMPILED,DYNAMIC_JNI_UNRESOLVED_DYNAMIC,FACT,
libARKernelInterface.so,libARKernelInterface_fn_0056d814,0x0056d814,0x0056d814,52,.text,RN_nativeGetFoodID,,False,False,True,0,0,,,,,,UNRESOLVED_DYNAMIC,71E2B45EBD4A04817DDBA0FC0B2C48C0284384F9148918C3A04A27CB6B4256CB,DECOMPILED,DYNAMIC_JNI_UNRESOLVED_DYNAMIC,FACT,
libARKernelInterface.so,libARKernelInterface_fn_0056d848,0x0056d848,0x0056d848,40,.text,RN_nativeSetFoodRect,,False,False,True,0,0,,,,,,UNRESOLVED_DYNAMIC,863BB3D5AC3F1D5D5F497879D41CF04FC9FFFAD00799B866410535D251B0441E,DECOMPILED,DYNAMIC_JNI_UNRESOLVED_DYNAMIC,FACT,
libARKernelInterface.so,libARKernelInterface_fn_0056d870,0x0056d870,0x0056d870,212,.text,RN_nativeGetFoodRect,,False,False,True,0,1,,0x01046950,0x01046950,,,UNRESOLVED_DYNAMIC,7605DEDDC8034783595A8A7B3FDF6172314514FF2FD8B4967C081CC805BC99A1,DECOMPILED,DYNAMIC_JNI_UNRESOLVED_DYNAMIC,FACT,
libARKernelInterface.so,libARKernelInterface_fn_0056d944,0x0056d944,0x0056d944,36,.text,RN_nativeSetFoodScore,,False,False,True,0,0,,,,,,UNRESOLVED_DYNAMIC,7A3459DBE4CC500EBE272B1B3F37143DFA05A418F8A82680E215CA2CC88F8768,DECOMPILED,DYNAMIC_JNI_UNRESOLVED_DYNAMIC,FACT,
libARKernelInterface.so,libARKernelInterface_fn_0056d968,0x0056d968,0x0056d968,52,.text,RN_nativeGetFoodScore,,False,False,True,0,0,,,,,,UNRESOLVED_DYNAMIC,54DCE860A37276AA1EB5C7CF6D564584AB5FA46A17829CD4A64E5414F1902D0D,DECOMPILED,DYNAMIC_JNI_UNRESOLVED_DYNAMIC,FACT,
libARKernelInterface.so,libARKernelInterface_fn_0056d99c,0x0056d99c,0x0056d99c,36,.text,RN_nativeSetFoodLabel,,False,False,True,0,0,,,,,,UNRESOLVED_DYNAMIC,F18F272EF23A23D2A815519FFD5FE077C17CEFAC5B6A11DDFF829A448ADF323B,DECOMPILED,DYNAMIC_JNI_UNRESOLVED_DYNAMIC,FACT,
libARKernelInterface.so,libARKernelInterface_fn_0056d9c0,0x0056d9c0,0x0056d9c0,52,.text,RN_nativeGetFoodLabel,,False,False,True,0,0,,,,,,UNRESOLVED_DYNAMIC,200755D45C533E53315B119618D66C84AC954AFB2B27D539699BCB05B22A7939,DECOMPILED,DYNAMIC_JNI_UNRESOLVED_DYNAMIC,FACT,
libARKernelInterface.so,libARKernelInterface_fn_0056d9f4,0x0056d9f4,0x0056d9f4,36,.text,RN_nativeSetFoodLabelScore,,False,False,True,0,0,,,,,,UNRESOLVED_DYNAMIC,794C8FADC3961CE875A8BC17236ECB496403478CC352DA00CAFBD0A43390E9AF,DECOMPILED,DYNAMIC_JNI_UNRESOLVED_DYNAMIC,FACT,
libARKernelInterface.so,libARKernelInterface_fn_0056da18,0x0056da18,0x0056da18,660,.text,RN_nativeGetFoodLabelScore,,False,False,True,0,1,,0x01046950,0x01046950,'com/meitu/mtlab/arkernelinterface/core/ARKernelFoodInterfaceJNI',,UNRESOLVED_DYNAMIC,9A3A30CFEEE65119978DFBFF39AE8C0CE905639FC80CAD1F297A0D432FC78872,DECOMPILED,DYNAMIC_JNI_UNRESOLVED_DYNAMIC,FACT,
libARKernelInterface.so,libARKernelInterface_fn_0056dcac,0x0056dcac,0x0056dcac,984,.text,RN_nativeSetApplicationContext,,False,False,True,0,9,,0x005a6b20;0x0055d634;0x005a6b20;0x01046910;0x005a6b20,0x01046910;0x01046910;0x01046910;0x01046910,'arkernel';'ARKernelGlobalInterfaceJNI::Set Application Context: %p';'getPackageName',,UNRESOLVED_DYNAMIC,47346CC8A90300E3AE007C15FF997FF178D36F79D4FC7B7CBEEF44D94396CC88,DECOMPILED,DYNAMIC_JNI_UNRESOLVED_DYNAMIC,FACT,
libARKernelInterface.so,libARKernelInterface_fn_0056e084,0x0056e084,0x0056e084,128,.text,RN_nativeSetInternalLogLevel,,False,False,True,0,2,,0x005a6b20;0x01046910,0x01046910,'arkernel';'ARKernelGlobalInterfaceJNI::SetInternalLogLevel: level = %d';'arkernel',,UNRESOLVED_DYNAMIC,D78DCA1CF8B7DEA3FF417806E99B52C123B1E8CC43D15B0C10170887D5B5FB5C,DECOMPILED,DYNAMIC_JNI_UNRESOLVED_DYNAMIC,FACT,
libARKernelInterface.so,libARKernelInterface_fn_0056e104,0x0056e104,0x0056e104,632,.text,RN_nativeSetLogCallback,,False,False,True,0,8,,0x005a6b20;0x01046910;0x0055d940;0x0055dbac;0x0055d76c,0x01046910;0x01046910;0x01046950,'arkernel';'ARKernelGlobalInterfaceJNI::SetLogCallback';'arkernel',,UNRESOLVED_DYNAMIC,20DF8FC382FDBBF5AEC8C88B0BD38CB2FF68170EBD6A29EAAA47209A8578DE6B,DECOMPILED,DYNAMIC_JNI_UNRESOLVED_DYNAMIC,FACT,
libARKernelInterface.so,libARKernelInterface_fn_0056e37c,0x0056e37c,0x0056e37c,296,.text,RN_nativeSetDirectory,,False,False,True,0,8,,0x0055dce4;0x005a6b20;0x01046910;0x006060ac;0x01046a20,0x01046910;0x01046a20;0x01046a20;0x01046950,"'arkernel';'ARKernelGlobalInterfaceJNI::SetDirectory: %s, %d';'arkernel'",,UNRESOLVED_DYNAMIC,F7DE1D642AB90CAB391368AF4DBF15FE73F7C197B46A24E71F214C785BB56C45,DECOMPILED,DYNAMIC_JNI_UNRESOLVED_DYNAMIC,FACT,
libARKernelInterface.so,libARKernelInterface_fn_0056e4a4,0x0056e4a4,0x0056e4a4,120,.text,RN_nativeStartSoundService,,False,False,True,0,5,,0x005a6b20;0x01046910;0x0055d9c4;0x006061bc;0x006061c0,0x01046910,'arkernel';'ARKernelGlobalInterfaceJNI::StartSoundService';'arkernel',,UNRESOLVED_DYNAMIC,BDE356955D37A2F64CA77176D9EEAD3354E6F2E727C3ACA474F97887E7125FFE,DECOMPILED,DYNAMIC_JNI_UNRESOLVED_DYNAMIC,FACT,
libARKernelInterface.so,libARKernelInterface_fn_0056e51c,0x0056e51c,0x0056e51c,140,.text,RN_nativePauseSoundService,,False,False,True,0,2,,0x005a6b20;0x01046910,0x01046910,'false';'true';'arkernel',,UNRESOLVED_DYNAMIC,447CE855E9653D21965894EF3B7F8DF9D14BF693C6EB197AB2BB6D27B84BD1F0,DECOMPILED,DYNAMIC_JNI_UNRESOLVED_DYNAMIC,FACT,
libARKernelInterface.so,libARKernelInterface_fn_0056e5a8,0x0056e5a8,0x0056e5a8,104,.text,RN_nativeStopSoundService,,False,False,True,0,2,,0x005a6b20;0x01046910,0x01046910,'arkernel';'ARKernelGlobalInterfaceJNI::StopSoundService';'arkernel',,UNRESOLVED_DYNAMIC,7FE6A7E7E8BFD57E9B58D63D00D9CB45F454F35866AF7254C6539B26DE6F522F,DECOMPILED,DYNAMIC_JNI_UNRESOLVED_DYNAMIC,FACT,
libARKernelInterface.so,libARKernelInterface_fn_0056e610,0x0056e610,0x0056e610,112,.text,RN_nativeIsStopedSoundService,,False,False,True,0,3,,0x005a6b20;0x01046910;0x006061cc,0x01046910,'arkernel';'ARKernelGlobalInterfaceJNI::IsStopedSoundService';'arkernel',,UNRESOLVED_DYNAMIC,6ABCF1CBC28783834C7A85923074D730ECFD45DF92C413047FB3597EA14749C7,DECOMPILED,DYNAMIC_JNI_UNRESOLVED_DYNAMIC,FACT,
libARKernelInterface.so,libARKernelInterface_fn_0056e680,0x0056e680,0x0056e680,104,.text,RN_nativeStartGlobalGLThread,,False,False,True,0,2,,0x005a6b20;0x01046910,0x01046910,'arkernel';'ARKernelGlobalInterfaceJNI::StartGlobalGLThread';'arkernel',,UNRESOLVED_DYNAMIC,8640BC306D06B6ED3BB10253A9509675DDFF8A439587FBC53CB5E73C112AAD8C,DECOMPILED,DYNAMIC_JNI_UNRESOLVED_DYNAMIC,FACT,
libARKernelInterface.so,libARKernelInterface_fn_0056e6e8,0x0056e6e8,0x0056e6e8,104,.text,RN_nativeStopGlobalGLThread,,False,False,True,0,2,,0x005a6b20;0x01046910,0x01046910,'arkernel';'ARKernelGlobalInterfaceJNI::StopGlobalGLThread';'arkernel',,UNRESOLVED_DYNAMIC,59C119FE5F5C7ED8BC33C8E99498663438D8943D52D9A76D4324DF7FEDBB498D,DECOMPILED,DYNAMIC_JNI_UNRESOLVED_DYNAMIC,FACT,
libARKernelInterface.so,libARKernelInterface_fn_0056e750,0x0056e750,0x0056e750,48,.text,RN_nativeGetCurrentVersion,,False,False,True,0,1,,0x006061f8,,,,UNRESOLVED_DYNAMIC,0A99309C890E4D3D261FB1D953825590AD8DC6303278E44B29D797BADDAA8EE5,DECOMPILED,DYNAMIC_JNI_UNRESOLVED_DYNAMIC,FACT,
libARKernelInterface.so,libARKernelInterface_fn_0056e780,0x0056e780,0x0056e780,48,.text,RN_nativeGetTagVersion,,False,False,True,0,1,,0x00606204,,,,UNRESOLVED_DYNAMIC,2EFA7999D82CD8B70C0DD0B20E021BE46DD4586A70B8563EB5DF0824555419DA,DECOMPILED,DYNAMIC_JNI_UNRESOLVED_DYNAMIC,FACT,
libARKernelInterface.so,libARKernelInterface_fn_0056e7b0,0x0056e7b0,0x0056e7b0,824,.text,RN_nativeRegisterFont,,False,False,True,0,23,,0x0055dce4;0x0055dce4;0x005a6b20;0x01046910;0x01046920,0x01046910;0x01046920;0x010469f0;0x01046a00;0x01046920,"'arkernel';'ARKernelGlobalInterfaceJNI::RegisterFont: %s, %s';'arkernel'",,UNRESOLVED_DYNAMIC,DA3150B97726D7D7D6D93E41F6DC1F1C6D078A841C29013C14910CCA0B91E8B8,DECOMPILED,DYNAMIC_JNI_UNRESOLVED_DYNAMIC,FACT,
libARKernelInterface.so,libARKernelInterface_fn_0056eae8,0x0056eae8,0x0056eae8,2048,.text,RN_nativeParseTextPlist,,False,False,True,0,24,,0x0055dce4;0x01046920;0x010469f0;0x01046a00;0x0074d494,0x01046920;0x010469f0;0x01046a00;0x01046a20;0x01046930,'com/meitu/mtlab/arkernelinterface/interaction/ARKernelSubTextLayerConfig';'<init>';'()V',,UNRESOLVED_DYNAMIC,ADA448FAEDC1D2BA698BAFB3E951A2A68E3D9E969410A8EAEF01EFD55A56E7E8,DECOMPILED,DYNAMIC_JNI_UNRESOLVED_DYNAMIC,FACT,
libARKernelInterface.so,libARKernelInterface_fn_0056fd08,0x0056fd08,0x0056fd08,2048,.text,RN_nativeParseAnimationPlist,,False,False,True,0,18,,0x0055dce4;0x01046920;0x010469f0;0x01046a00;0x007394f0,0x01046920;0x010469f0;0x01046a00;0x01046a20;0x01046a20,'com/meitu/mtlab/arkernelinterface/interaction/ARKernelTextAnimationConfig';'<init>';'()V',,UNRESOLVED_DYNAMIC,BEDFA9B856943F68808168E93A5232C371A21C9B74911C38CAD358EEB63F213E,DECOMPILED,DYNAMIC_JNI_UNRESOLVED_DYNAMIC,FACT,
libARKernelInterface.so,libARKernelInterface_fn_005706f8,0x005706f8,0x005706f8,2048,.text,RN_nativeParseWarpPlist,,False,False,True,0,21,,0x0055dce4;0x01046920;0x010469f0;0x01046a00;0x00746b88,0x01046920;0x010469f0;0x01046a00;0x01046a20;0x01046a20,'progress';'relativeHeight';'horizontalDistortion',,UNRESOLVED_DYNAMIC,A6B1466EE26F126CCD8964568E17B73652F80383279F9BDBFA46FFC48C10457E,DECOMPILED,DYNAMIC_JNI_UNRESOLVED_DYNAMIC,FACT,
libARKernelInterface.so,libARKernelInterface_fn_005712c4,0x005712c4,0x005712c4,8,.text,RN_nativeCreateInstance,,False,False,True,0,0,,,,,,UNRESOLVED_DYNAMIC,ED86E0B2911B6A4E9EDFA1A48E9544BA115299466A1992E2370619D8CE8E29FC,DECOMPILED,DYNAMIC_JNI_UNRESOLVED_DYNAMIC,FACT,
libARKernelInterface.so,libARKernelInterface_fn_005712cc,0x005712cc,0x005712cc,4,.text,RN_nativeDestroyInstance,,False,False,True,0,0,,,,,,UNRESOLVED_DYNAMIC,110F46B5B35C069160560C6AD6786F647DD44E8760A52A46FC22DBBCD7630B91,DECOMPILED,DYNAMIC_JNI_UNRESOLVED_DYNAMIC,FACT,
libARKernelInterface.so,libARKernelInterface_fn_005712d0,0x005712d0,0x005712d0,16,.text,RN_nativeControlResetState,,False,False,True,0,0,,,,,,UNRESOLVED_DYNAMIC,CD00B0E8CEF4E3B5060B5C5F1E45A83D4D09D16B00C7A82A29D298D85D9A96A8,DECOMPILED,DYNAMIC_JNI_UNRESOLVED_DYNAMIC,FACT,
libARKernelInterface.so,libARKernelInterface_fn_005712e0,0x005712e0,0x005712e0,16,.text,RN_nativeResetState,,False,False,True,0,0,,,,,,UNRESOLVED_DYNAMIC,DF6C314E033D6D4E5E50925DBE95256486E0DCECD3310DC2EE5616940C8B6D14,DECOMPILED,DYNAMIC_JNI_UNRESOLVED_DYNAMIC,FACT,
libARKernelInterface.so,libARKernelInterface_fn_005712f0,0x005712f0,0x005712f0,296,.text,RN_nativeGetPartControl,,False,False,True,0,3,,0x008922a8;0x01046930;0x01046980,0x01046930;0x01046980,,,UNRESOLVED_DYNAMIC,DB03E8AFC01D79F62ED0606493D6EBC9A1E15D9D1615B3EB35B04CFF38594986,DECOMPILED,DYNAMIC_JNI_UNRESOLVED_DYNAMIC,FACT,
libARKernelInterface.so,libARKernelInterface_fn_00571418,0x00571418,0x00571418,296,.text,RN_nativeGetPlistData,,False,False,True,0,3,,0x00892430;0x01046930;0x01046980,0x01046930;0x01046980,,,UNRESOLVED_DYNAMIC,0F305F0E298C4A114A73B0BDC65AF7342441831A1225DE3729CFD83DB3762437,DECOMPILED,DYNAMIC_JNI_UNRESOLVED_DYNAMIC,FACT,
libARKernelInterface.so,libARKernelInterface_fn_00571540,0x00571540,0x00571540,40,.text,RN_nativePrepare,,False,False,True,0,1,,0x00892020,,,,UNRESOLVED_DYNAMIC,75A260F262C92D0A589D0F2DC5EEC070DE8CCC69F8F9564CBB2EA91111D40FFC,DECOMPILED,DYNAMIC_JNI_UNRESOLVED_DYNAMIC,FACT,
libARKernelInterface.so,libARKernelInterface_fn_00571568,0x00571568,0x00571568,16,.text,RN_nativeRelease,,False,False,True,0,0,,,,,,UNRESOLVED_DYNAMIC,D7E9B86339CBB29AD8CC762F24B2FBD7F487B6AEDFC300C9DF16737701323885,DECOMPILED,DYNAMIC_JNI_UNRESOLVED_DYNAMIC,FACT,
libARKernelInterface.so,libARKernelInterface_fn_00571578,0x00571578,0x00571578,40,.text,RN_nativeIsPrepare,,False,False,True,0,1,,0x00892070,,,,UNRESOLVED_DYNAMIC,496D7B468A2B5DB27B502F0A0716462D33948FC7F8392EAE695F4BB23986D060,DECOMPILED,DYNAMIC_JNI_UNRESOLVED_DYNAMIC,FACT,
libARKernelInterface.so,libARKernelInterface_fn_005715a0,0x005715a0,0x005715a0,40,.text,RN_nativeIsApply,,False,False,True,0,1,,0x00892078,,,,UNRESOLVED_DYNAMIC,C0E09CBA28AA03651E9737D0AF3F16DCE85FA6890BCA35F07B26771EAA802941,DECOMPILED,DYNAMIC_JNI_UNRESOLVED_DYNAMIC,FACT,
libARKernelInterface.so,libARKernelInterface_fn_005715c8,0x005715c8,0x005715c8,28,.text,RN_nativeSetApply,,False,False,True,0,0,,,,,,UNRESOLVED_DYNAMIC,7B197A855C802FAF19DB6CF362F595715C53CB367648FF9740ECE8BF6BA9C912,DECOMPILED,DYNAMIC_JNI_UNRESOLVED_DYNAMIC,FACT,
libARKernelInterface.so,libARKernelInterface_fn_005715e4,0x005715e4,0x005715e4,40,.text,RN_nativeHasBGM,,False,False,True,0,1,,0x008920d0,,,,UNRESOLVED_DYNAMIC,10FCAA3AE7AEB607F3A09FCCBE2A88C5AAC26B62DE1342A22F0441DC537407E6,DECOMPILED,DYNAMIC_JNI_UNRESOLVED_DYNAMIC,FACT,
libARKernelInterface.so,libARKernelInterface_fn_0057160c,0x0057160c,0x0057160c,16,.text,RN_nativePlayBGM,,False,False,True,0,0,,,,,,UNRESOLVED_DYNAMIC,A04D89BA618B5D64989E994E4752888D8AF54046415607A085E4CF834EF67EBA,DECOMPILED,DYNAMIC_JNI_UNRESOLVED_DYNAMIC,FACT,
libARKernelInterface.so,libARKernelInterface_fn_0057161c,0x0057161c,0x0057161c,16,.text,RN_nativePauseBGM,,False,False,True,0,0,,,,,,UNRESOLVED_DYNAMIC,4591894B4F29F3DCCE0F255F5BA9088F4B2F69A00B2175E44226D57171282D87,DECOMPILED,DYNAMIC_JNI_UNRESOLVED_DYNAMIC,FACT,
libARKernelInterface.so,libARKernelInterface_fn_0057162c,0x0057162c,0x0057162c,16,.text,RN_nativeReplayBGM,,False,False,True,0,0,,,,,,UNRESOLVED_DYNAMIC,65D195A8B584A9E2C6B40F5003E096FC9FBE21A7C4251F95D6641B49B02CE5BA,DECOMPILED,DYNAMIC_JNI_UNRESOLVED_DYNAMIC,FACT,
libARKernelInterface.so,libARKernelInterface_fn_0057163c,0x0057163c,0x0057163c,16,.text,RN_nativeStopBGM,,False,False,True,0,0,,,,,,UNRESOLVED_DYNAMIC,5198B16459209AABCD4211BBF6AC5759BDB058BEB1A96581E5EBDBD5B4629AD8,DECOMPILED,DYNAMIC_JNI_UNRESOLVED_DYNAMIC,FACT,
libARKernelInterface.so,libARKernelInterface_fn_0057164c,0x0057164c,0x0057164c,296,.text,RN_nativeGetIsNeedDataRequireType,,False,False,True,0,10,,0x008922a8;0x010469f0;0x01046a10;0x008e0d74;0x01046a20,0x010469f0;0x01046a10;0x01046a20;0x01046a20;0x01046a20,,,UNRESOLVED_DYNAMIC,51170C85FE95801055B098D1D18FA295DD5231E9C7B55DA17E052295F12FC5F8,DECOMPILED,DYNAMIC_JNI_UNRESOLVED_DYNAMIC,FACT,
libARKernelInterface.so,libARKernelInterface_fn_00571774,0x00571774,0x00571774,156,.text,RN_nativeGetIsSupportMultiplyInstance,,False,False,True,0,2,,0x008921dc;0x0055de7c,,'com/meitu/mtlab/arkernelinterface/core/ARKernelGroupDataInterfaceJNI';'vector',,UNRESOLVED_DYNAMIC,D9DA29A06CA7DEB677DB16B620D5AC610982B412E632A5DF5D428D580955CF6A,DECOMPILED,DYNAMIC_JNI_UNRESOLVED_DYNAMIC,FACT,
libARKernelInterface.so,libARKernelInterface_fn_00571810,0x00571810,0x00571810,2048,.text,RN_nativeCreateInstance,,False,False,True,0,5,,0x010469f0;0x00571f64;0x01046a20;0x01042be4;0x01046950,0x010469f0;0x01046a20;0x01046950,,,UNRESOLVED_DYNAMIC,C7F9A5EDAAE4C2A77D7221EC1FE05845B9FEABE30CA222CCD80FD7C3532642D5,DECOMPILED,DYNAMIC_JNI_UNRESOLVED_DYNAMIC,FACT,
libARKernelInterface.so,libARKernelInterface_fn_005724b4,0x005724b4,0x005724b4,24,.text,RN_nativeDestroyInstance,,False,False,True,0,0,,,,,,UNRESOLVED_DYNAMIC,6C7B6B31556E275D8969E0B5F15964139D49DDDA128E289FCAE4A94737DBEDFA,DECOMPILED,DYNAMIC_JNI_UNRESOLVED_DYNAMIC,FACT,
libARKernelInterface.so,libARKernelInterface_fn_005724cc,0x005724cc,0x005724cc,24,.text,RN_nativeReset,,False,False,True,0,0,,,,,,UNRESOLVED_DYNAMIC,B49F4E1909EC85973178135AD6A36DDBD611F9CBAF1FC73E6324C65439D6EA91,DECOMPILED,DYNAMIC_JNI_UNRESOLVED_DYNAMIC,FACT,
libARKernelInterface.so,libARKernelInterface_fn_005724e4,0x005724e4,0x005724e4,12,.text,RN_nativeSetHandCount,,False,False,True,0,0,,,,,,UNRESOLVED_DYNAMIC,E27DAB6673C9F68A103003DD6BD22B3F7A02AB3B334EF57A9643B2612A349705,DECOMPILED,DYNAMIC_JNI_UNRESOLVED_DYNAMIC,FACT,
libARKernelInterface.so,libARKernelInterface_fn_005724f0,0x005724f0,0x005724f0,20,.text,RN_nativeGetHandCount,,False,False,True,0,0,,,,,,UNRESOLVED_DYNAMIC,E3DFFF70D16B3D8AB623303C0EC2A8328B1AFC9E57C2A61FF4546B7BA4036704,DECOMPILED,DYNAMIC_JNI_UNRESOLVED_DYNAMIC,FACT,
libARKernelInterface.so,libARKernelInterface_fn_00572504,0x00572504,0x00572504,36,.text,RN_nativeSetHandID,,False,False,True,0,0,,,,,,UNRESOLVED_DYNAMIC,09A0F67F1B8DD413B7161EE745257D8474BD8C3F17F3905D1C0C5B482162B03E,DECOMPILED,DYNAMIC_JNI_UNRESOLVED_DYNAMIC,FACT,
libARKernelInterface.so,libARKernelInterface_fn_00572528,0x00572528,0x00572528,52,.text,RN_nativeGetHandID,,False,False,True,0,0,,,,,,UNRESOLVED_DYNAMIC,32F430E33187E59BA264BD4E25C4CAE385668A7B6B360594CDAD94B5C321F032,DECOMPILED,DYNAMIC_JNI_UNRESOLVED_DYNAMIC,FACT,
libARKernelInterface.so,libARKernelInterface_fn_0057255c,0x0057255c,0x0057255c,40,.text,RN_nativeSetHandRect,,False,False,True,0,0,,,,,,UNRESOLVED_DYNAMIC,64B2A1BEF887B104B5D82C64E8B37FC4ABC85E04F999469DA7D0ED04C35CA184,DECOMPILED,DYNAMIC_JNI_UNRESOLVED_DYNAMIC,FACT,
libARKernelInterface.so,libARKernelInterface_fn_00572584,0x00572584,0x00572584,212,.text,RN_nativeGetHandRect,,False,False,True,0,1,,0x01046950,0x01046950,,,UNRESOLVED_DYNAMIC,0B60743090AE03C742DE6831644726A833A14DCF844A9C0B56692110758C5B75,DECOMPILED,DYNAMIC_JNI_UNRESOLVED_DYNAMIC,FACT,
libARKernelInterface.so,libARKernelInterface_fn_00572658,0x00572658,0x00572658,36,.text,RN_nativeSetHandPoint,,False,False,True,0,0,,,,,,UNRESOLVED_DYNAMIC,64FE3AF92862ED2A991529A4C52B1F0C8AF99E032E23607B8F704A13725FD7EA,DECOMPILED,DYNAMIC_JNI_UNRESOLVED_DYNAMIC,FACT,
libARKernelInterface.so,libARKernelInterface_fn_0057267c,0x0057267c,0x0057267c,196,.text,RN_nativeGetHandPoint,,False,False,True,0,1,,0x01046950,0x01046950,,,UNRESOLVED_DYNAMIC,1AF290BF74C739EB0440D7804234D2E44574D0CD1C732ECAE1653C9C2F859177,DECOMPILED,DYNAMIC_JNI_UNRESOLVED_DYNAMIC,FACT,
libARKernelInterface.so,libARKernelInterface_fn_00572740,0x00572740,0x00572740,216,.text,RN_nativeSetHandKeyPoints,,False,False,True,0,1,,0x01046a10,0x01046a10,,,UNRESOLVED_DYNAMIC,7AA67F4EF03EEB2CAA04339423C6D911CDCCB738C2D3F57FC6EA2ED88EF86D80,DECOMPILED,DYNAMIC_JNI_UNRESOLVED_DYNAMIC,FACT,
libARKernelInterface.so,libARKernelInterface_fn_00572818,0x00572818,0x00572818,152,.text,RN_nativeGetHandKeyPoints,,False,False,True,0,0,,,,,,UNRESOLVED_DYNAMIC,A154D0131DD1CE80956B2382C17115B3101AD851FDA13D042CFC343CA08FA3F2,DECOMPILED,DYNAMIC_JNI_UNRESOLVED_DYNAMIC,FACT,
libARKernelInterface.so,libARKernelInterface_fn_005728b0,0x005728b0,0x005728b0,36,.text,RN_nativeSetHandScore,,False,False,True,0,0,,,,,,UNRESOLVED_DYNAMIC,39EEF5BD419521178DE15EA519D99CEB019E5EFBE4271172F03D5616D0AC9BB2,DECOMPILED,DYNAMIC_JNI_UNRESOLVED_DYNAMIC,FACT,
libARKernelInterface.so,libARKernelInterface_fn_005728d4,0x005728d4,0x005728d4,52,.text,RN_nativeGetHandScore,,False,False,True,0,0,,,,,,UNRESOLVED_DYNAMIC,A37B4D6BA162A26D9BAE8BF5A270558BFF03C213FB7C981A146D9C6572D295BD,DECOMPILED,DYNAMIC_JNI_UNRESOLVED_DYNAMIC,FACT,
libARKernelInterface.so,libARKernelInterface_fn_00572908,0x00572908,0x00572908,44,.text,RN_nativeSetHandGesture,,False,False,True,0,0,,,,,,UNRESOLVED_DYNAMIC,1114BE7E7DAA7B8AF1D1A96320DE8235D7B4A3236A0834A0214E2BE8FAC9E278,DECOMPILED,DYNAMIC_JNI_UNRESOLVED_DYNAMIC,FACT,
libARKernelInterface.so,libARKernelInterface_fn_00572934,0x00572934,0x00572934,52,.text,RN_nativeGetHandGesture,,False,False,True,0,0,,,,,,UNRESOLVED_DYNAMIC,57723DF257AB3B684861D8F11C49BDF3D08842DE1808C633F2B09CF54CD6CEDA,DECOMPILED,DYNAMIC_JNI_UNRESOLVED_DYNAMIC,FACT,
libARKernelInterface.so,libARKernelInterface_fn_00572968,0x00572968,0x00572968,36,.text,RN_nativeSetHandGestureScore,,False,False,True,0,0,,,,,,UNRESOLVED_DYNAMIC,449ED8EF8D5DC8AA3BEAC57C13E3B2FFEB465F599B0F0302CC96A58EFE044BE7,DECOMPILED,DYNAMIC_JNI_UNRESOLVED_DYNAMIC,FACT,
libARKernelInterface.so,libARKernelInterface_fn_0057298c,0x0057298c,0x0057298c,52,.text,RN_nativeGetHandGestureScore,,False,False,True,0,0,,,,,,UNRESOLVED_DYNAMIC,F5129898849AA0926068C0B816ACAF438982268DC17BF40C543B3ADC2D3A96E3,DECOMPILED,DYNAMIC_JNI_UNRESOLVED_DYNAMIC,FACT,
libARKernelInterface.so,libARKernelInterface_fn_005729c0,0x005729c0,0x005729c0,12,.text,RN_nativeSetNailCount,,False,False,True,0,0,,,,,,UNRESOLVED_DYNAMIC,97BDB9C3F9D8932463BEC70430EC811EF3B07D22833D8BA3D40F67C33C00D185,DECOMPILED,DYNAMIC_JNI_UNRESOLVED_DYNAMIC,FACT,
libARKernelInterface.so,libARKernelInterface_fn_005729cc,0x005729cc,0x005729cc,36,.text,RN_nativeSetNailID,,False,False,True,0,0,,,,,,UNRESOLVED_DYNAMIC,63E97F569ACDE10533677E1D0DB8DA8D624EB4130D977BDBA91E5D78BFC824FD,DECOMPILED,DYNAMIC_JNI_UNRESOLVED_DYNAMIC,FACT,
libARKernelInterface.so,libARKernelInterface_fn_005729f0,0x005729f0,0x005729f0,36,.text,RN_nativeSetNailScore,,False,False,True,0,0,,,,,,UNRESOLVED_DYNAMIC,51EAEEA60C288EF7BA8CCDE738EAD62E4B2979744BC2918DEDD850463DFE8520,DECOMPILED,DYNAMIC_JNI_UNRESOLVED_DYNAMIC,FACT,
libARKernelInterface.so,libARKernelInterface_fn_00572a14,0x00572a14,0x00572a14,48,.text,RN_nativeSetNailRect,,False,False,True,0,0,,,,,,UNRESOLVED_DYNAMIC,46E2C4E9745F5147D4BD69EAC6BC7C7992CFBCB2D46791C5235B7F90B8DC70AC,DECOMPILED,DYNAMIC_JNI_UNRESOLVED_DYNAMIC,FACT,
libARKernelInterface.so,libARKernelInterface_fn_00572a44,0x00572a44,0x00572a44,216,.text,RN_nativeSetNailKeyPoints,,False,False,True,0,1,,0x01046a10,0x01046a10,,,UNRESOLVED_DYNAMIC,387B3E4EAC8607E28BA64DC25D50C2E677842FA2EB428383DE76BC679688C685,DECOMPILED,DYNAMIC_JNI_UNRESOLVED_DYNAMIC,FACT,
libARKernelInterface.so,libARKernelInterface_fn_00572b1c,0x00572b1c,0x00572b1c,2032,.text,RN_nativeSetNailMaskInfo,,False,False,True,0,1,,0x01046950,0x01046950,'com/meitu/mtlab/arkernelinterface/core/ARKernelHandInterfaceJNI',,UNRESOLVED_DYNAMIC,BAFBB01CE05CE81A81440B1F08B8D2A99E25A135B43684263DE8149E7890B13A,DECOMPILED,DYNAMIC_JNI_UNRESOLVED_DYNAMIC,FACT,
libARKernelInterface.so,libARKernelInterface_fn_0057330c,0x0057330c,0x0057330c,552,.text,RN_nativeCreateInstance,,False,False,True,0,8,,0x010469f0;0x01046970;0x01046970;0x01046970;0x01046970,0x010469f0;0x01046970;0x01046970;0x01046970;0x01046970,,,UNRESOLVED_DYNAMIC,E67A2FEC5402C278051CA8ACAD842E39B88BF80455704F99F332A33A23B86D18,DECOMPILED,DYNAMIC_JNI_UNRESOLVED_DYNAMIC,FACT,
libARKernelInterface.so,libARKernelInterface_fn_00573534,0x00573534,0x00573534,24,.text,RN_nativeDestroyInstance,,False,False,True,0,0,,,,,,UNRESOLVED_DYNAMIC,6C7B6B31556E275D8969E0B5F15964139D49DDDA128E289FCAE4A94737DBEDFA,DECOMPILED,DYNAMIC_JNI_UNRESOLVED_DYNAMIC,FACT,
libARKernelInterface.so,libARKernelInterface_fn_0057354c,0x0057354c,0x0057354c,24,.text,RN_nativeReset,,False,False,True,0,0,,,,,,UNRESOLVED_DYNAMIC,B49F4E1909EC85973178135AD6A36DDBD611F9CBAF1FC73E6324C65439D6EA91,DECOMPILED,DYNAMIC_JNI_UNRESOLVED_DYNAMIC,FACT,
libARKernelInterface.so,libARKernelInterface_fn_00573564,0x00573564,0x00573564,12,.text,RN_nativeSetWidthAndHeight,,False,False,True,0,0,,,,,,UNRESOLVED_DYNAMIC,494556DEB6F0A8AC75A0AFD557E85BF04554747619708317BF9304779231BF69,DECOMPILED,DYNAMIC_JNI_UNRESOLVED_DYNAMIC,FACT,
libARKernelInterface.so,libARKernelInterface_fn_00573570,0x00573570,0x00573570,16,.text,RN_nativeSetHumanBodyCount,,False,False,True,0,0,,,,,,UNRESOLVED_DYNAMIC,1DE819587DE0914A73E3F29E224C3F62B341EF462E1F32789F4992D3C6776AC2,DECOMPILED,DYNAMIC_JNI_UNRESOLVED_DYNAMIC,FACT,
libARKernelInterface.so,libARKernelInterface_fn_00573580,0x00573580,0x00573580,276,.text,RN_nativeSetHumanBodyInfo,,False,False,True,0,0,,,,,,UNRESOLVED_DYNAMIC,F5C01C807122047300034BC864389A426DAC8F6B2072CDCD0C37BC7285282510,DECOMPILED,DYNAMIC_JNI_UNRESOLVED_DYNAMIC,FACT,
libARKernelInterface.so,libARKernelInterface_fn_00573694,0x00573694,0x00573694,172,.text,RN_nativeSetHumanBodyJointInfo,,False,False,True,0,0,,,,,,UNRESOLVED_DYNAMIC,58979985B0EE2247A7991AB988875EC83437E4C1F0FD88767A5316B3B1D72F1C,DECOMPILED,DYNAMIC_JNI_UNRESOLVED_DYNAMIC,FACT,
libARKernelInterface.so,libARKernelInterface_fn_00573740,0x00573740,0x00573740,148,.text,RN_nativeSetShapeBlendShape,,False,False,True,0,0,,,,,,UNRESOLVED_DYNAMIC,D43E773A2C118F150A55E01557E564978333E12D7D06DF1069C0193AA144D44B,DECOMPILED,DYNAMIC_JNI_UNRESOLVED_DYNAMIC,FACT,
libARKernelInterface.so,libARKernelInterface_fn_005737d4,0x005737d4,0x005737d4,268,.text,RN_nativeSetPoseBlendShape,,False,False,True,0,1,,0x01046a10,0x01046a10,'com/meitu/mtlab/arkernelinterface/core/ARKernelHuman3DDataInterfaceJNI',,UNRESOLVED_DYNAMIC,840F352414FAA1DCF7E6D29E4AC444577729BB79A37FEB9283164C0F8813A645,DECOMPILED,DYNAMIC_JNI_UNRESOLVED_DYNAMIC,FACT,
libARKernelInterface.so,libARKernelInterface_fn_005738e0,0x005738e0,0x005738e0,972,.text,RN_nativeCreateInstance,,False,False,True,0,4,,0x010469f0;0x01046970;0x00573b0c;0x01046950,0x010469f0;0x01046970;0x01046950,,,UNRESOLVED_DYNAMIC,519DD53898533FA9DF3380C5DA90C34ADFF21C01D65D5C5660761F27E642A4F8,DECOMPILED,DYNAMIC_JNI_UNRESOLVED_DYNAMIC,FACT,
libARKernelInterface.so,libARKernelInterface_fn_00573cac,0x00573cac,0x00573cac,24,.text,RN_nativeDestroyInstance,,False,False,True,0,0,,,,,,UNRESOLVED_DYNAMIC,6C7B6B31556E275D8969E0B5F15964139D49DDDA128E289FCAE4A94737DBEDFA,DECOMPILED,DYNAMIC_JNI_UNRESOLVED_DYNAMIC,FACT,
libARKernelInterface.so,libARKernelInterface_fn_00573cc4,0x00573cc4,0x00573cc4,24,.text,RN_nativeReset,,False,False,True,0,0,,,,,,UNRESOLVED_DYNAMIC,B49F4E1909EC85973178135AD6A36DDBD611F9CBAF1FC73E6324C65439D6EA91,DECOMPILED,DYNAMIC_JNI_UNRESOLVED_DYNAMIC,FACT,
libARKernelInterface.so,libARKernelInterface_fn_00573cdc,0x00573cdc,0x00573cdc,24,.text,RN_nativeSetImageValidRect,,False,False,True,0,0,,,,,,UNRESOLVED_DYNAMIC,2C46ABE0CF70FAA68476B47A4D2495F9482F595F8895944CF0DE8A86079F9DAD,DECOMPILED,DYNAMIC_JNI_UNRESOLVED_DYNAMIC,FACT,
libARKernelInterface.so,libARKernelInterface_fn_00573cf4,0x00573cf4,0x00573cf4,164,.text,RN_nativeGetImageValidRect,,False,False,True,0,1,,0x01046950,0x01046950,,,UNRESOLVED_DYNAMIC,C82B06F1BF011B9820546B4F3BF0641A9E763498877E72C0B7BDCF2731478BB1,DECOMPILED,DYNAMIC_JNI_UNRESOLVED_DYNAMIC,FACT,
libARKernelInterface.so,libARKernelInterface_fn_00573d98,0x00573d98,0x00573d98,20,.text,RN_nativeSetImageDataUserDefineFlag,,False,False,True,0,0,,,,,,UNRESOLVED_DYNAMIC,6DB5652ADABE3E241498E858CE7BB3F19F502A5778383249D3EB7CD00675285C,DECOMPILED,DYNAMIC_JNI_UNRESOLVED_DYNAMIC,FACT,
libARKernelInterface.so,libARKernelInterface_fn_00573dac,0x00573dac,0x00573dac,28,.text,RN_nativeGetImageDataUserDefineFlag,,False,False,True,0,0,,,,,,UNRESOLVED_DYNAMIC,05D231A901F22FCBA548F4557393297ADE4AC30530548F5475607CD033BFE6AE,DECOMPILED,DYNAMIC_JNI_UNRESOLVED_DYNAMIC,FACT,
libARKernelInterface.so,libARKernelInterface_fn_00573dc8,0x00573dc8,0x00573dc8,248,.text,RN_nativePushSourceGrayImageData,,False,False,True,0,0,,,,,,UNRESOLVED_DYNAMIC,6553A04ECADF2E49DCF84A6AFB75256BBF2C5CFD979E5F824B61390C92A342DC,DECOMPILED,DYNAMIC_JNI_UNRESOLVED_DYNAMIC,FACT,
libARKernelInterface.so,libARKernelInterface_fn_00573ec0,0x00573ec0,0x00573ec0,196,.text,RN_nativePushSourceGrayImageDataWithByteBuffer,,False,False,True,0,0,,,,,,UNRESOLVED_DYNAMIC,6419A649C22B57D60D592FC6568D39C128D8438391112EDF4917B435A771CDE8,DECOMPILED,DYNAMIC_JNI_UNRESOLVED_DYNAMIC,FACT,
libARKernelInterface.so,libARKernelInterface_fn_00573f84,0x00573f84,0x00573f84,244,.text,RN_nativePushImageData,,False,False,True,0,0,,,,,,UNRESOLVED_DYNAMIC,7BDCF0F5782463EA70A9925F0FB1AC7921EFE8204A476A9100A466462A9EA0B2,DECOMPILED,DYNAMIC_JNI_UNRESOLVED_DYNAMIC,FACT,
libARKernelInterface.so,libARKernelInterface_fn_00574078,0x00574078,0x00574078,196,.text,RN_nativePushImageDataWithByteBuffer,,False,False,True,0,0,,,,,,UNRESOLVED_DYNAMIC,114EB91D0534F5EF86212BF732EE1BD32985DDB06A7AECEDC1A39F931D1262C4,DECOMPILED,DYNAMIC_JNI_UNRESOLVED_DYNAMIC,FACT,
libARKernelInterface.so,libARKernelInterface_fn_0057413c,0x0057413c,0x0057413c,440,.text,RN_nativePushYUVImageData,,False,False,True,0,0,,,,,,UNRESOLVED_DYNAMIC,E405CD9770D32BAFF2A25B969969C8298DC75FF6E06C67FE5DF19A6B5B432063,DECOMPILED,DYNAMIC_JNI_UNRESOLVED_DYNAMIC,FACT,
libARKernelInterface.so,libARKernelInterface_fn_005742f4,0x005742f4,0x005742f4,2048,.text,RN_nativePushYUVImageDataWithByteBuffer,,False,False,True,0,14,,0x01046950;0x0055d940;0x0055d940;0x0055d940;0x0055d940,0x01046950;0x01046a20;0x01046a20;0x010469f0,'com/meitu/mtlab/arkernelinterface/core/ARKernelImageDataInterfaceJNI';'arkernel';'ARKernelInterface::SetCallbackObj: Set arCallback Object Error',,UNRESOLVED_DYNAMIC,CCABCC80BE54F86A6431069F1E41365A91A290311EE07F21B27D627C1F698877,DECOMPILED,DYNAMIC_JNI_UNRESOLVED_DYNAMIC,FACT,
libARKernelInterface.so,libARKernelInterface_fn_0057707c,0x0057707c,0x0057707c,64,.text,RN_nativeCreateInstance,,False,False,True,0,4,,0x010469f0;0x005749b4;0x01046a20;0x01042be4,0x010469f0;0x01046a20,,,UNRESOLVED_DYNAMIC,77F6FF355C36E16B2DF5B9F45C27AA35FF5A7245B06358D907E0049F5038474F,DECOMPILED,DYNAMIC_JNI_UNRESOLVED_DYNAMIC,FACT,
libARKernelInterface.so,libARKernelInterface_fn_005770bc,0x005770bc,0x005770bc,48,.text,RN_nativeDestroyInstance,,False,False,True,0,1,,0x005749c0,,,,UNRESOLVED_DYNAMIC,33E742663EE011440F43E3851625BE05B8C68E27BD375A7228BA6AA8DB20BB94,DECOMPILED,DYNAMIC_JNI_UNRESOLVED_DYNAMIC,FACT,
libARKernelInterface.so,libARKernelInterface_fn_005770ec,0x005770ec,0x005770ec,104,.text,RN_nativeSetCallbackObject,,False,False,True,0,2,,0x005746a0;0x01046950,0x01046950,,,UNRESOLVED_DYNAMIC,7BBC604E199E288886949ACC212157CA6FB1E70792C39FCD525545A7F9AD416D,DECOMPILED,DYNAMIC_JNI_UNRESOLVED_DYNAMIC,FACT,
libARKernelInterface.so,libARKernelInterface_fn_00577154,0x00577154,0x00577154,16,.text,RN_nativeClearCallbackObject,,False,False,True,0,0,,,,,,UNRESOLVED_DYNAMIC,BC4909899454D9B64CC08C535FBB167FD075AA12E8FF2F15A3E5430A93D59074,DECOMPILED,DYNAMIC_JNI_UNRESOLVED_DYNAMIC,FACT,
libARKernelInterface.so,libARKernelInterface_fn_00577164,0x00577164,0x00577164,104,.text,RN_nativeSetCallbackPartCallbackObject,,False,False,True,0,2,,0x00574794;0x01046950,0x01046950,,,UNRESOLVED_DYNAMIC,E13A69119ACBA59A6E8E5EB9CDC2664D7338D64C67B678D9A7C088CB70D28159,DECOMPILED,DYNAMIC_JNI_UNRESOLVED_DYNAMIC,FACT,
libARKernelInterface.so,libARKernelInterface_fn_005771cc,0x005771cc,0x005771cc,16,.text,RN_nativeClearCallbackPartCallbackObject,,False,False,True,0,0,,,,,,UNRESOLVED_DYNAMIC,B4617D79798347E725CD2799828C1310C4DD6A71BFF4D94AAD06A28BE62755D1,DECOMPILED,DYNAMIC_JNI_UNRESOLVED_DYNAMIC,FACT,
libARKernelInterface.so,libARKernelInterface_fn_005771dc,0x005771dc,0x005771dc,20,.text,RN_nativeOnTouchBegin,,False,False,True,0,0,,,,,,UNRESOLVED_DYNAMIC,65F2D4A9E917D324A036281DF0BFB14BD66F8B6F1A74DD2E93D8BEE652C33F21,DECOMPILED,DYNAMIC_JNI_UNRESOLVED_DYNAMIC,FACT,
libARKernelInterface.so,libARKernelInterface_fn_005771f0,0x005771f0,0x005771f0,20,.text,RN_nativeOnTouchMove,,False,False,True,0,0,,,,,,UNRESOLVED_DYNAMIC,A9B4AB7D9E78A209990EEB32EC96F0FAB5FA9616CD62EF19512D75DFEC79D5A2,DECOMPILED,DYNAMIC_JNI_UNRESOLVED_DYNAMIC,FACT,
libARKernelInterface.so,libARKernelInterface_fn_00577204,0x00577204,0x00577204,20,.text,RN_nativeOnTouchEnd,,False,False,True,0,0,,,,,,UNRESOLVED_DYNAMIC,4EE3DE761BB181BC317972098CCF752835039A4671DC008381DA645845AA7305,DECOMPILED,DYNAMIC_JNI_UNRESOLVED_DYNAMIC,FACT,
libARKernelInterface.so,libARKernelInterface_fn_00577218,0x00577218,0x00577218,164,.text,RN_nativeInitialize,,False,False,True,0,4,,0x0055dce4;0x01046a20;0x00574a30;0x01046950,0x01046a20;0x01046950,,,UNRESOLVED_DYNAMIC,E59E977485AE80B49CC86E9EEE35527CDDACCB250DEFF82E6C583601B5271068,DECOMPILED,DYNAMIC_JNI_UNRESOLVED_DYNAMIC,FACT,
libARKernelInterface.so,libARKernelInterface_fn_005772bc,0x005772bc,0x005772bc,28,.text,RN_nativeInitializeWithNoOpenGLContext,,False,False,True,0,0,,,,,,UNRESOLVED_DYNAMIC,B4E01D33DEBDF7D21E5208C7D5126F88358A4AD403B117CC84B77D0FE76DA669,DECOMPILED,DYNAMIC_JNI_UNRESOLVED_DYNAMIC,FACT,
libARKernelInterface.so,libARKernelInterface_fn_005772d8,0x005772d8,0x005772d8,208,.text,RN_nativeLoadPublicParamConfiguration,,False,False,True,0,6,,0x0055dce4;0x005750d0;0x01046a20;0x01046a20;0x01042be4,0x01046a20;0x01046a20;0x01046950,,,UNRESOLVED_DYNAMIC,095F10AB56B86A68AF4DF8EDE95B1B3AC975F4A20620048292155AD9335BD04E,DECOMPILED,DYNAMIC_JNI_UNRESOLVED_DYNAMIC,FACT,
libARKernelInterface.so,libARKernelInterface_fn_005773a8,0x005773a8,0x005773a8,16,.text,RN_nativeRelease,,False,False,True,0,0,,,,,,UNRESOLVED_DYNAMIC,9E9DF3E7975A40E96748F54A73B15F235ADE8E8C28205CEBB69F49BCD657D377,DECOMPILED,DYNAMIC_JNI_UNRESOLVED_DYNAMIC,FACT,
libARKernelInterface.so,libARKernelInterface_fn_005773b8,0x005773b8,0x005773b8,16,.text,RN_nativeUpdateCacheData,,False,False,True,0,0,,,,,,UNRESOLVED_DYNAMIC,C90C8658037D5BC9B82DD6F685A150ADA3543A324F596D5ADA489CD0CD5A76F0,DECOMPILED,DYNAMIC_JNI_UNRESOLVED_DYNAMIC,FACT,
libARKernelInterface.so,libARKernelInterface_fn_005773c8,0x005773c8,0x005773c8,40,.text,RN_nativeGetResult,,False,False,True,0,1,,0x00575108,,,,UNRESOLVED_DYNAMIC,0B57FEDAA95BE571DCDECBDF5864D1E4F05C4F6A8DDC4B977CFC869D5F684AA5,DECOMPILED,DYNAMIC_JNI_UNRESOLVED_DYNAMIC,FACT,
libARKernelInterface.so,libARKernelInterface_fn_005773f0,0x005773f0,0x005773f0,68,.text,RN_nativeOnDrawFrame,,False,False,True,0,1,,0x00575180,,,,UNRESOLVED_DYNAMIC,275E286EF3A01C66ED2A7F2846E4AE44F2A2FD3DBBD19B6742EDC13CC41CCAE1,DECOMPILED,DYNAMIC_JNI_UNRESOLVED_DYNAMIC,FACT,
libARKernelInterface.so,libARKernelInterface_fn_00577434,0x00577434,0x00577434,20,.text,RN_nativeVoidOperation,,False,False,True,0,0,,,,,,UNRESOLVED_DYNAMIC,88EAA9C0BE62F8CA0A4CDE59429B4FC306886A1273EFD6670F8D3D337AEEC07C,DECOMPILED,DYNAMIC_JNI_UNRESOLVED_DYNAMIC,FACT,
libARKernelInterface.so,libARKernelInterface_fn_00577448,0x00577448,0x00577448,708,.text,RN_nativePostMessage,,False,False,True,0,21,,0x0055dce4;0x01046920;0x010469f0;0x01046a00;0x0055dce4,0x01046920;0x010469f0;0x01046a00;0x01046920;0x010469f0,,,UNRESOLVED_DYNAMIC,D5464F60B878B92855EEE19CDEEE34C9CB2C837CF3FB7BEDC62E8F25F3BAC9C2,DECOMPILED,DYNAMIC_JNI_UNRESOLVED_DYNAMIC,FACT,
libARKernelInterface.so,libARKernelInterface_fn_0057770c,0x0057770c,0x0057770c,44,.text,RN_nativeNeedDataRequireType,,False,False,True,0,1,,0x00575604,,,,UNRESOLVED_DYNAMIC,68CC933B152C5006D6073A1DAA75A695766C7F744633F1DE112976843AFE4303,DECOMPILED,DYNAMIC_JNI_UNRESOLVED_DYNAMIC,FACT,
libARKernelInterface.so,libARKernelInterface_fn_00577738,0x00577738,0x00577738,44,.text,RN_nativeGetOption,,False,False,True,0,1,,0x00575200,,,,UNRESOLVED_DYNAMIC,68E1080CE36FCAB1B9C9BECA15A216833B002737E03737B1A18A7126F980B75B,DECOMPILED,DYNAMIC_JNI_UNRESOLVED_DYNAMIC,FACT,
libARKernelInterface.so,libARKernelInterface_fn_00577764,0x00577764,0x00577764,32,.text,RN_nativeSetOption,,False,False,True,0,0,,,,,,UNRESOLVED_DYNAMIC,366C4E9FF8F1AADFEA3025929D086F7FF3E126F34582867D74448CD40B04C061,DECOMPILED,DYNAMIC_JNI_UNRESOLVED_DYNAMIC,FACT,
libARKernelInterface.so,libARKernelInterface_fn_00577784,0x00577784,0x00577784,884,.text,RN_nativeQueryDict,,False,False,True,0,13,,0x005752e0;0x005789c8;0x00570f58;0x005789c8;0x00570f58,0x01046a20;0x01046a20;0x01046950;0x01046a20,'java/lang/Object',,UNRESOLVED_DYNAMIC,CFF59E82AE3919F2413010A9B7DEDCBA223DCB2C9C90A4EA12CBA71D7DEFAA18,DECOMPILED,DYNAMIC_JNI_UNRESOLVED_DYNAMIC,FACT,
libARKernelInterface.so,libARKernelInterface_fn_00577af8,0x00577af8,0x00577af8,44,.text,RN_nativeQueryBool,,False,False,True,0,1,,0x0057544c,,,,UNRESOLVED_DYNAMIC,29BF6F74452813D32D97EBC2A304060AC99E1EE63DCC339F1EC7C0A1559802E1,DECOMPILED,DYNAMIC_JNI_UNRESOLVED_DYNAMIC,FACT,
libARKernelInterface.so,libARKernelInterface_fn_00577b24,0x00577b24,0x00577b24,20,.text,RN_nativeSetNativeData,,False,False,True,0,0,,,,,,UNRESOLVED_DYNAMIC,C5C316227D51C8A1AEC6677D7FF63AD4F8885DAFDEF15366C55CC7F9D03B0F65,DECOMPILED,DYNAMIC_JNI_UNRESOLVED_DYNAMIC,FACT,
libARKernelInterface.so,libARKernelInterface_fn_00577b38,0x00577b38,0x00577b38,20,.text,RN_nativeSetNativeRuntimeModifyFaceData,,False,False,True,0,0,,,,,,UNRESOLVED_DYNAMIC,1AB5CB01CF9E0AE72FFF2633663AB9D13A74509B56ABD88807595660DCB491CE,DECOMPILED,DYNAMIC_JNI_UNRESOLVED_DYNAMIC,FACT,
libARKernelInterface.so,libARKernelInterface_fn_00577b4c,0x00577b4c,0x00577b4c,36,.text,RN_nativeGetNativeRuntimeModifyFaceData,,False,False,True,0,1,,0x0057558c,,,,UNRESOLVED_DYNAMIC,FE234CD3282D40492E41FE2D317B547453403DDA6DB9ACBB6039BD06D33F3F0E,DECOMPILED,DYNAMIC_JNI_UNRESOLVED_DYNAMIC,FACT,
libARKernelInterface.so,libARKernelInterface_fn_00577b70,0x00577b70,0x00577b70,20,.text,RN_nativeGetMemoryUsage,,False,False,True,0,0,,,,,,UNRESOLVED_DYNAMIC,AE03A0F3F9FD78183895F85B3C15BF37F4026BDECB3CC7390BC4F278512993BA,DECOMPILED,DYNAMIC_JNI_UNRESOLVED_DYNAMIC,FACT,
libARKernelInterface.so,libARKernelInterface_fn_00577b84,0x00577b84,0x00577b84,20,.text,RN_nativeGetTotalFaceState,,False,False,True,0,0,,,,,,UNRESOLVED_DYNAMIC,A62500E8E0C533B673200C3ABB8F17C8E5C5523CB1C1EB74741D630D3A8DA5AB,DECOMPILED,DYNAMIC_JNI_UNRESOLVED_DYNAMIC,FACT,
libARKernelInterface.so,libARKernelInterface_fn_00577b98,0x00577b98,0x00577b98,36,.text,RN_nativeGetErrorCache,,False,False,True,0,1,,0x00575704,,,,UNRESOLVED_DYNAMIC,AF2337995B1814C800995A7B9992AE1162490B7753378A909D47ED92246B9148,DECOMPILED,DYNAMIC_JNI_UNRESOLVED_DYNAMIC,FACT,
libARKernelInterface.so,libARKernelInterface_fn_00577bbc,0x00577bbc,0x00577bbc,16,.text,RN_nativeSetMusicVolume,,False,False,True,0,0,,,,,,UNRESOLVED_DYNAMIC,DF866437AD55AE69F9289ABD31DE1581B1AB71CC25DB36586884A40171425479,DECOMPILED,DYNAMIC_JNI_UNRESOLVED_DYNAMIC,FACT,
libARKernelInterface.so,libARKernelInterface_fn_00577bcc,0x00577bcc,0x00577bcc,16,.text,RN_nativeSetAllPartsAlpha,,False,False,True,0,0,,,,,,UNRESOLVED_DYNAMIC,F2F1064D5FE628C7D7F03A73B780FABF7BD493DBE588E4C7653184BB79175B47,DECOMPILED,DYNAMIC_JNI_UNRESOLVED_DYNAMIC,FACT,
libARKernelInterface.so,libARKernelInterface_fn_00577bdc,0x00577bdc,0x00577bdc,532,.text,RN_nativeParserConfigWithJSONBuffer,,False,False,True,0,10,,0x0055dce4;0x00575858;0x01046930;0x01046980;0x01046a20,0x01046930;0x01046980;0x01046a20;0x01046a20;0x01046a20,,,UNRESOLVED_DYNAMIC,0FD618B617671887E48066282CAB51C1C425355262A1EE13F3E72077EF0A4168,DECOMPILED,DYNAMIC_JNI_UNRESOLVED_DYNAMIC,FACT,
libARKernelInterface.so,libARKernelInterface_fn_00577df0,0x00577df0,0x00577df0,248,.text,RN_nativeGenConfigJSONBuffer,,False,False,True,0,6,,0x00575978;0x00575854;0x01046a20;0x01046a20;0x01042be4,0x01046a20;0x01046a20;0x01046950,,,UNRESOLVED_DYNAMIC,A05A6DC11CCB556D0659BB2BFBDE8B32DC78D303EFBB9A2FE26FB9B9F7D0338F,DECOMPILED,DYNAMIC_JNI_UNRESOLVED_DYNAMIC,FACT,
libARKernelInterface.so,libARKernelInterface_fn_00577ee8,0x00577ee8,0x00577ee8,288,.text,RN_nativeGetDumpInfo,,False,False,True,0,6,,0x00575988;0x01046a20;0x01046a20;0x01046a20;0x01042be4,0x01046a20;0x01046a20;0x01046a20;0x01046950,,,UNRESOLVED_DYNAMIC,EE68DDBAB174A61BBEAC696C90F966577D50CFB948520AAAD04EEBE3692EA423,DECOMPILED,DYNAMIC_JNI_UNRESOLVED_DYNAMIC,FACT,
libARKernelInterface.so,libARKernelInterface_fn_00578008,0x00578008,0x00578008,40,.text,RN_nativeParserMVCommonStickerConfigStruct,,False,False,True,0,1,,0x005759a0,,,,UNRESOLVED_DYNAMIC,D1056E5B9AE1BD209FC9B837356473039D23EE77FFE79D4DC0E7E888EC92BE46,DECOMPILED,DYNAMIC_JNI_UNRESOLVED_DYNAMIC,FACT,
libARKernelInterface.so,libARKernelInterface_fn_00578030,0x00578030,0x00578030,412,.text,RN_nativeParserConfiguration,,False,False,True,0,12,,0x0055dce4;0x0055dce4;0x0055dce4;0x005759b0;0x01046a20,0x01046a20;0x01046a20;0x01046a20;0x01046a20;0x01046950,,,UNRESOLVED_DYNAMIC,A342C4E4CFFE58C35EDFC0DB2C225961B28648A35390EFF9A6BC3251F6265538,DECOMPILED,DYNAMIC_JNI_UNRESOLVED_DYNAMIC,FACT,
libARKernelInterface.so,libARKernelInterface_fn_005781cc,0x005781cc,0x005781cc,380,.text,RN_nativeParserMakeupPartColorConfiguration,,False,False,True,0,10,,0x0055dce4;0x010469f0;0x005759c0;0x01046a70;0x01046a20,0x010469f0;0x01046a70;0x01046a20;0x01046a20;0x01046a20,,,UNRESOLVED_DYNAMIC,CF6F13F831D743E98FB92FCE70933F2A4B54B96BCB1BBCC972218262C8115AAB,DECOMPILED,DYNAMIC_JNI_UNRESOLVED_DYNAMIC,FACT,
libARKernelInterface.so,libARKernelInterface_fn_00578348,0x00578348,0x00578348,84,.text,RN_nativeDeleteConfiguration,,False,False,True,0,2,,0x00575ae4;0x01046950,0x01046950,,,UNRESOLVED_DYNAMIC,0AF6940013BB28766ECE07F6656ABF8DE627BCDBF4F64029D9D8B075D4FC60BB,DECOMPILED,DYNAMIC_JNI_UNRESOLVED_DYNAMIC,FACT,
libARKernelInterface.so,libARKernelInterface_fn_0057839c,0x0057839c,0x0057839c,664,.text,RN_nativeSetAllGroupOrder,,False,False,True,0,14,,0x01046920;0x010469f0;0x01046a00;0x005789c8;0x00570f58,0x01046920;0x010469f0;0x01046a00;0x01046a20;0x01046a20,,,UNRESOLVED_DYNAMIC,E72479A38B07BF40FE3E5C70092EF6285221340D4F4F2D28B0BAD04915A34E12,DECOMPILED,DYNAMIC_JNI_UNRESOLVED_DYNAMIC,FACT,
libARKernelInterface.so,libARKernelInterface_fn_00578634,0x00578634,0x00578634,52,.text,RN_nativeParserGroupConfiguration,,False,False,True,0,1,,0x00575da8,,,,UNRESOLVED_DYNAMIC,906630B0F03C436F6A8440E91FF42199ACC2E61CBF0A95A4C78709DDAE5457CC,DECOMPILED,DYNAMIC_JNI_UNRESOLVED_DYNAMIC,FACT,
libARKernelInterface.so,libARKernelInterface_fn_00578668,0x00578668,0x00578668,84,.text,RN_nativeDeleteGroupConfiguration,,False,False,True,0,2,,0x00575db8;0x01046950,0x01046950,,,UNRESOLVED_DYNAMIC,3C1B9BB743E53DA138A5AB72CF8CCE0AB430282894B7332ED7070A636CFF6BAA,DECOMPILED,DYNAMIC_JNI_UNRESOLVED_DYNAMIC,FACT,
libARKernelInterface.so,libARKernelInterface_fn_005786bc,0x005786bc,0x005786bc,40,.text,RN_nativeUnloadPart,,False,False,True,0,1,,0x00575af4,,,,UNRESOLVED_DYNAMIC,B4661A966D1E27780C6307EF03CC681C1B30CAB15290EDCFAED7F782FECDDB42,DECOMPILED,DYNAMIC_JNI_UNRESOLVED_DYNAMIC,FACT,
libARKernelInterface.so,libARKernelInterface_fn_005786e4,0x005786e4,0x005786e4,40,.text,RN_nativeReloadPartDefault,,False,False,True,0,1,,0x00575b6c,,,,UNRESOLVED_DYNAMIC,2D581F826B7E38B9F9CD9E3A284F0E26623EF4A64C4ECA7655CC22CD7401CCD1,DECOMPILED,DYNAMIC_JNI_UNRESOLVED_DYNAMIC,FACT,
libARKernelInterface.so,libARKernelInterface_fn_0057870c,0x0057870c,0x0057870c,40,.text,RN_nativeReloadPartControl,,False,False,True,0,1,,0x00575be4,,,,UNRESOLVED_DYNAMIC,45ED5A0C6BC696E2D2BED27E0C33FC893B2C58AD37A98DB81E81D8EED675C609,DECOMPILED,DYNAMIC_JNI_UNRESOLVED_DYNAMIC,FACT,
libARKernelInterface.so,libARKernelInterface_fn_00578734,0x00578734,0x00578734,296,.text,RN_nativeGetLoadedPartControl,,False,False,True,0,3,,0x00575c5c;0x01046930;0x01046980,0x01046930;0x01046980,,,UNRESOLVED_DYNAMIC,D0015888518BBD2A400BA317310F7C356E99C000E3321A694B4A8898DF290EAC,DECOMPILED,DYNAMIC_JNI_UNRESOLVED_DYNAMIC,FACT,
libARKernelInterface.so,libARKernelInterface_fn_0057885c,0x0057885c,0x0057885c,1028,.text,RN_nativeGetFaceliftOffsetPoint,,False,False,True,0,12,,0x00575844;0x010469f0;0x00570f58;0x01046a20;0x01046a20,0x010469f0;0x01046a20;0x01046a20;0x01046950;0x01046a20,'com/meitu/mtlab/arkernelinterface/core/ARKernelInterfaceJNI';'vector',,UNRESOLVED_DYNAMIC,2C142D9BF52DE6A34684ECDBA6E3D9CA8BC38B7D44ACD95BDBA3E889233E1A9A,DECOMPILED,DYNAMIC_JNI_UNRESOLVED_DYNAMIC,FACT,
libARKernelInterface.so,libARKernelInterface_fn_00578c60,0x00578c60,0x00578c60,36,.text,RN_nativeCreateInstance,,False,False,True,0,1,,0x010469f0,0x010469f0,,,UNRESOLVED_DYNAMIC,163CF439F0BA0359DA4194239D2EBA20DB3A48BC90F58E739F2B424912258FF6,DECOMPILED,DYNAMIC_JNI_UNRESOLVED_DYNAMIC,FACT,
libARKernelInterface.so,libARKernelInterface_fn_00578c84,0x00578c84,0x00578c84,52,.text,RN_nativeDestroyInstance,,False,False,True,0,1,,0x01046980,0x01046980,,,UNRESOLVED_DYNAMIC,AF9024950954A25A636475F603D4AFB94D44647B3C5624C6586EC72FC14D664A,DECOMPILED,DYNAMIC_JNI_UNRESOLVED_DYNAMIC,FACT,
libARKernelInterface.so,libARKernelInterface_fn_00578cb8,0x00578cb8,0x00578cb8,128,.text,RN_nativeSetImageData,,False,False,True,0,0,,,,,,UNRESOLVED_DYNAMIC,5D851377F1376079510B73945C7990970D6C049EAC1E64D59D874C95F32BBFC5,DECOMPILED,DYNAMIC_JNI_UNRESOLVED_DYNAMIC,FACT,
libARKernelInterface.so,libARKernelInterface_fn_00578d38,0x00578d38,0x00578d38,72,.text,RN_nativeSetImageDataWithByteBuffer,,False,False,True,0,0,,,,,,UNRESOLVED_DYNAMIC,988159CE43EE3C99BB5638D4D500FCDD4145CF211E63B42FAB4EFA1477A2D2B0,DECOMPILED,DYNAMIC_JNI_UNRESOLVED_DYNAMIC,FACT,
libARKernelInterface.so,libARKernelInterface_fn_00578d80,0x00578d80,0x00578d80,236,.text,RN_nativeSetImagePath,,False,False,True,0,8,,0x0055dce4;0x01046980;0x01046930;0x01046a10;0x01046a20,0x01046980;0x01046930;0x01046a10;0x01046a20;0x01046a20,,,UNRESOLVED_DYNAMIC,541057D0EB1D7EE5F556BC39065AFC7D7EF34724F0E8754E186A6550BF0DC414,DECOMPILED,DYNAMIC_JNI_UNRESOLVED_DYNAMIC,FACT,
libARKernelInterface.so,libARKernelInterface_fn_00578e6c,0x00578e6c,0x00578e6c,108,.text,RN_nativeSetDefaultSize,,False,False,True,0,0,,,,'com/meitu/mtlab/arkernelinterface/core/ARKernelMVCommonStickerConfigStructJNI',,UNRESOLVED_DYNAMIC,AC51248075BA8F35452D6A032593A914C9E50DAE09690BFE229FC0C423AF3E9D,DECOMPILED,DYNAMIC_JNI_UNRESOLVED_DYNAMIC,FACT,
libARKernelInterface.so,libARKernelInterface_fn_00578ed8,0x00578ed8,0x00578ed8,8,.text,RN_nativeCreateInstance,,False,False,True,0,0,,,,,,UNRESOLVED_DYNAMIC,ED86E0B2911B6A4E9EDFA1A48E9544BA115299466A1992E2370619D8CE8E29FC,DECOMPILED,DYNAMIC_JNI_UNRESOLVED_DYNAMIC,FACT,
libARKernelInterface.so,libARKernelInterface_fn_00578ee0,0x00578ee0,0x00578ee0,4,.text,RN_nativeDestroyInstance,,False,False,True,0,0,,,,,,UNRESOLVED_DYNAMIC,110F46B5B35C069160560C6AD6786F647DD44E8760A52A46FC22DBBCD7630B91,DECOMPILED,DYNAMIC_JNI_UNRESOLVED_DYNAMIC,FACT,
libARKernelInterface.so,libARKernelInterface_fn_00578ee4,0x00578ee4,0x00578ee4,20,.text,RN_nativeGetPartTag,,False,False,True,0,0,,,,,,UNRESOLVED_DYNAMIC,F7E061EDB94E1E293643256EF09AB2652AEE4B6FB2AB9DEF79407E80AC6116B9,DECOMPILED,DYNAMIC_JNI_UNRESOLVED_DYNAMIC,FACT,
libARKernelInterface.so,libARKernelInterface_fn_00578ef8,0x00578ef8,0x00578ef8,48,.text,RN_nativePrepare,,False,False,True,0,0,,,,,,UNRESOLVED_DYNAMIC,DF14E10A963793CE5512819ECF193514AA1BE60D17E66B63DE8100D1B5AC267B,DECOMPILED,DYNAMIC_JNI_UNRESOLVED_DYNAMIC,FACT,
libARKernelInterface.so,libARKernelInterface_fn_00578f28,0x00578f28,0x00578f28,24,.text,RN_nativeRelease,,False,False,True,0,0,,,,,,UNRESOLVED_DYNAMIC,45E12D56581AEBA94DE8C20E225499E222EE35A4CD6BFE1F50015069E82F4D7E,DECOMPILED,DYNAMIC_JNI_UNRESOLVED_DYNAMIC,FACT,
libARKernelInterface.so,libARKernelInterface_fn_00578f40,0x00578f40,0x00578f40,224,.text,RN_nativeGetPartTypeToString,,False,False,True,0,5,,0x008e0948;0x01046a20;0x01046a20;0x01042be4;0x01046950,0x01046a20;0x01046a20;0x01046950,,,UNRESOLVED_DYNAMIC,BE283D1BEE7FF6EB0C3C9D84635A15CF5EADD96EF365C40C6DE1F82ACF504CF6,DECOMPILED,DYNAMIC_JNI_UNRESOLVED_DYNAMIC,FACT,
libARKernelInterface.so,libARKernelInterface_fn_00579020,0x00579020,0x00579020,20,.text,RN_nativeGetPartType,,False,False,True,0,0,,,,,,UNRESOLVED_DYNAMIC,C3DBCADF4600E00688E9FC19490C4EBF4CEF6E11705C662EF83A468FE41F9DF8,DECOMPILED,DYNAMIC_JNI_UNRESOLVED_DYNAMIC,FACT,
libARKernelInterface.so,libARKernelInterface_fn_00579034,0x00579034,0x00579034,20,.text,RN_nativeGetPartID,,False,False,True,0,0,,,,,,UNRESOLVED_DYNAMIC,36D5A898F5E4798224DD0517B8E5A8B16D14F624C5DDD5CC40FEEF5D898662D8,DECOMPILED,DYNAMIC_JNI_UNRESOLVED_DYNAMIC,FACT,
libARKernelInterface.so,libARKernelInterface_fn_00579048,0x00579048,0x00579048,20,.text,RN_nativeGetPartLayer,,False,False,True,0,0,,,,,,UNRESOLVED_DYNAMIC,B97FE07984B583C0D57170F7236F7C9996B8983390F9EAC3FD290AD0E8D90550,DECOMPILED,DYNAMIC_JNI_UNRESOLVED_DYNAMIC,FACT,
libARKernelInterface.so,libARKernelInterface_fn_0057905c,0x0057905c,0x0057905c,20,.text,RN_nativeGetPartControlLayer,,False,False,True,0,0,,,,,,UNRESOLVED_DYNAMIC,07D8A9FBC1BEFDBA78030BB35023C79B4472A539B3CD6EAA9108A454917C000F,DECOMPILED,DYNAMIC_JNI_UNRESOLVED_DYNAMIC,FACT,
libARKernelInterface.so,libARKernelInterface_fn_00579070,0x00579070,0x00579070,20,.text,RN_nativeSetPartControlLayer,,False,False,True,0,0,,,,,,UNRESOLVED_DYNAMIC,E4ADB3390FBDB135FA4C790F159AE1199F02BD355481E02D2929C744B3D9446E,DECOMPILED,DYNAMIC_JNI_UNRESOLVED_DYNAMIC,FACT,
libARKernelInterface.so,libARKernelInterface_fn_00579084,0x00579084,0x00579084,40,.text,RN_nativeGetPartControlVisible,,False,False,True,0,1,,0x008e0a18,,,,UNRESOLVED_DYNAMIC,6AA909428D5460B3404217A0B9A46DDC02DD7F9F58C0F8AA32BEA1C49FDBB775,DECOMPILED,DYNAMIC_JNI_UNRESOLVED_DYNAMIC,FACT,
libARKernelInterface.so,libARKernelInterface_fn_005790ac,0x005790ac,0x005790ac,28,.text,RN_nativeSetPartControlVisible,,False,False,True,0,0,,,,,,UNRESOLVED_DYNAMIC,32BFBA567CF52EC67A526AAF683E3C101783A03070BAC11F86A5514A4E9C439B,DECOMPILED,DYNAMIC_JNI_UNRESOLVED_DYNAMIC,FACT,
libARKernelInterface.so,libARKernelInterface_fn_005790c8,0x005790c8,0x005790c8,16,.text,RN_nativePartControlResetState,,False,False,True,0,0,,,,,,UNRESOLVED_DYNAMIC,83CE112B160B663D964258BC050BB778F268BBD005C92CC7D382621A6FFDD0B4,DECOMPILED,DYNAMIC_JNI_UNRESOLVED_DYNAMIC,FACT,
libARKernelInterface.so,libARKernelInterface_fn_005790d8,0x005790d8,0x005790d8,16,.text,RN_nativeResetState,,False,False,True,0,0,,,,,,UNRESOLVED_DYNAMIC,841AA474097106A3B65F43EC6B18D9EF6FB589B7665F7B7A874525C6CD1BE3DB,DECOMPILED,DYNAMIC_JNI_UNRESOLVED_DYNAMIC,FACT,
libARKernelInterface.so,libARKernelInterface_fn_005790e8,0x005790e8,0x005790e8,296,.text,RN_nativeGetParamControl,,False,False,True,0,3,,0x008e0aa8;0x01046930;0x01046980,0x01046930;0x01046980,,,UNRESOLVED_DYNAMIC,0117264B0DD2C04CD89CED1E0BFBE2E7035B7F15BC777EC4B7FA7C3E1A1FFABB,DECOMPILED,DYNAMIC_JNI_UNRESOLVED_DYNAMIC,FACT,
libARKernelInterface.so,libARKernelInterface_fn_00579210,0x00579210,0x00579210,40,.text,RN_nativeIsApply,,False,False,True,0,1,,0x008e0ab0,,,,UNRESOLVED_DYNAMIC,2D06F04C096A5BA468EF5F24D9BA8DB33F876A200C850FA54C49B081223CEE33,DECOMPILED,DYNAMIC_JNI_UNRESOLVED_DYNAMIC,FACT,
libARKernelInterface.so,libARKernelInterface_fn_00579238,0x00579238,0x00579238,28,.text,RN_nativeSetApply,,False,False,True,0,0,,,,,,UNRESOLVED_DYNAMIC,93923610018E62264C71B28CAA151FA1323C30AF4D315F0D8CA802706F2F1FE2,DECOMPILED,DYNAMIC_JNI_UNRESOLVED_DYNAMIC,FACT,
libARKernelInterface.so,libARKernelInterface_fn_00579254,0x00579254,0x00579254,224,.text,RN_nativeGetCustomName,,False,False,True,0,5,,0x008e0ac0;0x01046a20;0x01046a20;0x01042be4;0x01046950,0x01046a20;0x01046a20;0x01046950,,,UNRESOLVED_DYNAMIC,3DB45927DAE7C7012860F41FDED8EBE14794D89F76F427BA064B88D5999539A7,DECOMPILED,DYNAMIC_JNI_UNRESOLVED_DYNAMIC,FACT,
libARKernelInterface.so,libARKernelInterface_fn_00579334,0x00579334,0x00579334,100,.text,RN_nativeGetGenderType,,False,False,True,0,3,,0x008e0ae4;0x008e0ae4;0x008e0ae4,,,,UNRESOLVED_DYNAMIC,F69294E17DAD25640EBF4EA5A8629C1AC77A890D5665FB474E3F8B32C987066F,DECOMPILED,DYNAMIC_JNI_UNRESOLVED_DYNAMIC,FACT,
libARKernelInterface.so,libARKernelInterface_fn_00579398,0x00579398,0x00579398,20,.text,RN_nativeSetGenderType,,False,False,True,0,0,,,,,,UNRESOLVED_DYNAMIC,A04BB93C0B38C172F012D9E590113484B27C24F354DF72D0653AF39EA2305A80,DECOMPILED,DYNAMIC_JNI_UNRESOLVED_DYNAMIC,FACT,
libARKernelInterface.so,libARKernelInterface_fn_005793ac,0x005793ac,0x005793ac,460,.text,RN_nativeGetFaceIDs,,False,False,True,0,7,,0x008e0b18;0x01046930;0x01046980;0x01046a20;0x01046a20,0x01046930;0x01046980;0x01046a20;0x01046a20;0x01046950,,,UNRESOLVED_DYNAMIC,76C7BB878CC61339ABF6E6B47BF191D9525B3BE3E747575B80FABA3945D72702,DECOMPILED,DYNAMIC_JNI_UNRESOLVED_DYNAMIC,FACT,
libARKernelInterface.so,libARKernelInterface_fn_00579578,0x00579578,0x00579578,768,.text,RN_nativeSetFaceIDs,,False,False,True,0,9,,0x010469f0;0x01046a20;0x008e0bb0;0x01046a20;0x00579ed4,0x010469f0;0x01046a20;0x01046a20;0x01046a20;0x01046950,,,UNRESOLVED_DYNAMIC,DE0AABBB240CD2F345C0761F529BA9C36E9E9E7B29F20977D00720ECFC693999,DECOMPILED,DYNAMIC_JNI_UNRESOLVED_DYNAMIC,FACT,
libARKernelInterface.so,libARKernelInterface_fn_00579878,0x00579878,0x00579878,20,.text,RN_nativeSetFaceIDAlpha,,False,False,True,0,0,,,,,,UNRESOLVED_DYNAMIC,3FB0FCCBFC0107682B5A3DC8C42DF645C232F2C734D7B1EDDED610A309738CEC,DECOMPILED,DYNAMIC_JNI_UNRESOLVED_DYNAMIC,FACT,
libARKernelInterface.so,libARKernelInterface_fn_0057988c,0x0057988c,0x0057988c,24,.text,RN_nativeGetFaceIDAlpha,,False,False,True,0,0,,,,,,UNRESOLVED_DYNAMIC,D63811732E2A4A5F97B50DFC2AF6FE3EEDF476A7107CE4D5FDC8F70C323F8310,DECOMPILED,DYNAMIC_JNI_UNRESOLVED_DYNAMIC,FACT,
libARKernelInterface.so,libARKernelInterface_fn_005798a4,0x005798a4,0x005798a4,32,.text,RN_nativeSetFaceIDsAlpha,,False,False,True,0,0,,,,,,UNRESOLVED_DYNAMIC,2EF838508DA7259C23CD72965FCD6890FAAEAC6D48991A66755F2AFB6F402895,DECOMPILED,DYNAMIC_JNI_UNRESOLVED_DYNAMIC,FACT,
libARKernelInterface.so,libARKernelInterface_fn_005798c4,0x005798c4,0x005798c4,36,.text,RN_nativeGetFaceIDsAlpha,,False,False,True,0,0,,,,,,UNRESOLVED_DYNAMIC,B727CC531053F4A70833C8F911B7BDA09BA78271338869E20622B895AFCC7B70,DECOMPILED,DYNAMIC_JNI_UNRESOLVED_DYNAMIC,FACT,
libARKernelInterface.so,libARKernelInterface_fn_005798e8,0x005798e8,0x005798e8,24,.text,RN_nativeClearFaceIDAlpha,,False,False,True,0,0,,,,,,UNRESOLVED_DYNAMIC,F8E0B8938096334AB60224DB39A3F140AAE38726F169335A1202B6EAA089B8E7,DECOMPILED,DYNAMIC_JNI_UNRESOLVED_DYNAMIC,FACT,
libARKernelInterface.so,libARKernelInterface_fn_00579900,0x00579900,0x00579900,728,.text,RN_nativeGetCustomParamMap,,False,False,True,0,10,,0x008e0c0c;0x005789c8;0x00570f58;0x005789c8;0x00570f58,0x01046a20;0x01046a20;0x01046950,'java/lang/Object',,UNRESOLVED_DYNAMIC,D488595F0E2A18BB18A1A61AEB946A05989DA8EB5CAB7A24AFA48A7A4DB0D8EC,DECOMPILED,DYNAMIC_JNI_UNRESOLVED_DYNAMIC,FACT,
libARKernelInterface.so,libARKernelInterface_fn_00579bd8,0x00579bd8,0x00579bd8,464,.text,RN_nativeInsertCustomParam,,False,False,True,0,15,,0x0055dce4;0x0055dce4;0x00570f58;0x00570f58;0x008e0c94,0x01046a20;0x01046a20;0x01046a20;0x01046a20;0x01046a20,,,UNRESOLVED_DYNAMIC,138284ECFEBC38A1898E63A8165CDB31F4754371CAE3B5AAB5DCF1A36F24E6E3,DECOMPILED,DYNAMIC_JNI_UNRESOLVED_DYNAMIC,FACT,
libARKernelInterface.so,libARKernelInterface_fn_00579da8,0x00579da8,0x00579da8,20,.text,RN_nativeGetParamTableType,,False,False,True,0,0,,,,,,UNRESOLVED_DYNAMIC,AEF21A3E261A69A6E9DDABE8706649903A0AE8921A104E59495C94BF8DDB4464,DECOMPILED,DYNAMIC_JNI_UNRESOLVED_DYNAMIC,FACT,
libARKernelInterface.so,libARKernelInterface_fn_00579dbc,0x00579dbc,0x00579dbc,36,.text,RN_nativeGetParamTableDict,,False,False,True,0,1,,0x008e0de8,,,,UNRESOLVED_DYNAMIC,2F20BAB584D667E7B0AF18E5418C38CDB780E51C8C950C83CCF18BC4A78B1DD9,DECOMPILED,DYNAMIC_JNI_UNRESOLVED_DYNAMIC,FACT,
libARKernelInterface.so,libARKernelInterface_fn_00579de0,0x00579de0,0x00579de0,40,.text,RN_nativeSupportsEyePartEffectAlpha,,False,False,True,0,1,,0x008e0e14,,,,UNRESOLVED_DYNAMIC,807CAD2B43A7881179305801DC9628A1158944359B517B2813B050674424C4DC,DECOMPILED,DYNAMIC_JNI_UNRESOLVED_DYNAMIC,FACT,
libARKernelInterface.so,libARKernelInterface_fn_00579e08,0x00579e08,0x00579e08,20,.text,RN_nativeGetEyePartAlphaSide,,False,False,True,0,0,,,,,,UNRESOLVED_DYNAMIC,813662D1E1D9A3F27396A094ECED36473CF649A729BE9FC38B8BF06E2D22FF97,DECOMPILED,DYNAMIC_JNI_UNRESOLVED_DYNAMIC,FACT,
libARKernelInterface.so,libARKernelInterface_fn_00579e1c,0x00579e1c,0x00579e1c,20,.text,RN_nativeSetEyePartAlphaSide,,False,False,True,0,0,,,,,,UNRESOLVED_DYNAMIC,5C7F5D6C03A8A87089C6820CD661E1739F23724048EFB8DBEBFA70EF4A9F2F56,DECOMPILED,DYNAMIC_JNI_UNRESOLVED_DYNAMIC,FACT,
libARKernelInterface.so,libARKernelInterface_fn_00579e30,0x00579e30,0x00579e30,24,.text,RN_nativeGetEyePartEffectAlpha,,False,False,True,0,0,,,,,,UNRESOLVED_DYNAMIC,B315AF6EAC2ACF052E936CD29DB8536FD19C53F38F2D08D4F8A8046C50293292,DECOMPILED,DYNAMIC_JNI_UNRESOLVED_DYNAMIC,FACT,
libARKernelInterface.so,libARKernelInterface_fn_00579e48,0x00579e48,0x00579e48,160,.text,RN_nativeSetEyePartEffectAlpha,,False,False,True,0,2,,0x008e1004;0x0055de7c,,'com/meitu/mtlab/arkernelinterface/core/ARKernelPartControlInterfaceJNI';'vector',,UNRESOLVED_DYNAMIC,4BB6E3C42B1AD89FD0D23C4D15F12BFDE20A3B0883D6E7F936728E3C6B6C4BC1,DECOMPILED,DYNAMIC_JNI_UNRESOLVED_DYNAMIC,FACT,
libARKernelInterface.so,libARKernelInterface_fn_00579ee8,0x00579ee8,0x00579ee8,8,.text,RN_nativeCreateInstance,,False,False,True,0,0,,,,,,UNRESOLVED_DYNAMIC,ED86E0B2911B6A4E9EDFA1A48E9544BA115299466A1992E2370619D8CE8E29FC,DECOMPILED,DYNAMIC_JNI_UNRESOLVED_DYNAMIC,FACT,
libARKernelInterface.so,libARKernelInterface_fn_00579ef0,0x00579ef0,0x00579ef0,4,.text,RN_nativeDestroyInstance,,False,False,True,0,0,,,,,,UNRESOLVED_DYNAMIC,110F46B5B35C069160560C6AD6786F647DD44E8760A52A46FC22DBBCD7630B91,DECOMPILED,DYNAMIC_JNI_UNRESOLVED_DYNAMIC,FACT,
libARKernelInterface.so,libARKernelInterface_fn_00579ef4,0x00579ef4,0x00579ef4,20,.text,RN_nativeGetPlistTag,,False,False,True,0,0,,,,,,UNRESOLVED_DYNAMIC,7CA57AA14DECA9127EBE883EC14CFFBA50DA73174467E1434759EAEB243714CE,DECOMPILED,DYNAMIC_JNI_UNRESOLVED_DYNAMIC,FACT,
libARKernelInterface.so,libARKernelInterface_fn_00579f08,0x00579f08,0x00579f08,16,.text,RN_nativeControlResetState,,False,False,True,0,0,,,,,,UNRESOLVED_DYNAMIC,13C537C58FCE981821ECE2EA05833E45AFDC4F177800F8349A09905672F4FD11,DECOMPILED,DYNAMIC_JNI_UNRESOLVED_DYNAMIC,FACT,
libARKernelInterface.so,libARKernelInterface_fn_00579f18,0x00579f18,0x00579f18,16,.text,RN_nativeResetState,,False,False,True,0,0,,,,,,UNRESOLVED_DYNAMIC,E8CF4F668448DC693530408993D77BA01A4F1D44BFD73BC4C2E000930353A0AE,DECOMPILED,DYNAMIC_JNI_UNRESOLVED_DYNAMIC,FACT,
libARKernelInterface.so,libARKernelInterface_fn_00579f28,0x00579f28,0x00579f28,476,.text,RN_nativeGetAiConfigList,,False,False,True,0,6,,0x0090b060;0x01046a20;0x01046a20;0x00577a7c;0x01042be4,0x01046a20;0x01046a20;0x01046950,'java/lang/String',,UNRESOLVED_DYNAMIC,D2BEB2767E09D3D67249B7518F3154A5AC63D26EF323937B301752274B625937,DECOMPILED,DYNAMIC_JNI_UNRESOLVED_DYNAMIC,FACT,
libARKernelInterface.so,libARKernelInterface_fn_0057a104,0x0057a104,0x0057a104,296,.text,RN_nativeGetPartControl,,False,False,True,0,3,,0x0090a85c;0x01046930;0x01046980,0x01046930;0x01046980,,,UNRESOLVED_DYNAMIC,4FE61C43966682755ED862E67BE7D80903A52AD830B0F454D565560A132818AD,DECOMPILED,DYNAMIC_JNI_UNRESOLVED_DYNAMIC,FACT,
libARKernelInterface.so,libARKernelInterface_fn_0057a22c,0x0057a22c,0x0057a22c,40,.text,RN_nativePrepare,,False,False,True,0,1,,0x0090a864,,,,UNRESOLVED_DYNAMIC,546F813FFE1712EE1FF74A56F3A4B8B756C7613C1B483F66B7D83C6DDA5CD66F,DECOMPILED,DYNAMIC_JNI_UNRESOLVED_DYNAMIC,FACT,
libARKernelInterface.so,libARKernelInterface_fn_0057a254,0x0057a254,0x0057a254,16,.text,RN_nativeRelease,,False,False,True,0,0,,,,,,UNRESOLVED_DYNAMIC,42BD1A8E923FED80DBDFD161F8C5056A8A70A325132309D7592F4E66EEE4DE0A,DECOMPILED,DYNAMIC_JNI_UNRESOLVED_DYNAMIC,FACT,
libARKernelInterface.so,libARKernelInterface_fn_0057a264,0x0057a264,0x0057a264,40,.text,RN_nativeIsPrepare,,False,False,True,0,1,,0x0090aa64,,,,UNRESOLVED_DYNAMIC,6AE908ADEAA955A781103F351D5A733547E054401D57554637F9AB0151071AB1,DECOMPILED,DYNAMIC_JNI_UNRESOLVED_DYNAMIC,FACT,
libARKernelInterface.so,libARKernelInterface_fn_0057a28c,0x0057a28c,0x0057a28c,40,.text,RN_nativeIsApply,,False,False,True,0,1,,0x0090aa6c,,,,UNRESOLVED_DYNAMIC,0C136C14F9F47F11BB7F7C930F2A53B8A52490F6197B81E5629590776648A55E,DECOMPILED,DYNAMIC_JNI_UNRESOLVED_DYNAMIC,FACT,
libARKernelInterface.so,libARKernelInterface_fn_0057a2b4,0x0057a2b4,0x0057a2b4,28,.text,RN_nativeSetApply,,False,False,True,0,0,,,,,,UNRESOLVED_DYNAMIC,53095C5AF7853DB6204A7B4DF31D41BD293D414B3DAD01F8909EA51AC21FAC46,DECOMPILED,DYNAMIC_JNI_UNRESOLVED_DYNAMIC,FACT,
libARKernelInterface.so,libARKernelInterface_fn_0057a2d0,0x0057a2d0,0x0057a2d0,40,.text,RN_nativeHasBGM,,False,False,True,0,1,,0x0090aa7c,,,,UNRESOLVED_DYNAMIC,BE30778F0EF9D25B5F63A55244E7A72DBBE18ACAF1C9280C01B370EB29808DCF,DECOMPILED,DYNAMIC_JNI_UNRESOLVED_DYNAMIC,FACT,
libARKernelInterface.so,libARKernelInterface_fn_0057a2f8,0x0057a2f8,0x0057a2f8,16,.text,RN_nativePlayBGM,,False,False,True,0,0,,,,,,UNRESOLVED_DYNAMIC,249096A93DB8278165736E150DE89DAC77A768FC809498E0EDE642BE2699AFAA,DECOMPILED,DYNAMIC_JNI_UNRESOLVED_DYNAMIC,FACT,
libARKernelInterface.so,libARKernelInterface_fn_0057a308,0x0057a308,0x0057a308,16,.text,RN_nativePauseBGM,,False,False,True,0,0,,,,,,UNRESOLVED_DYNAMIC,9870135ED395D61E3C005B2CF07FA3DC8F8DBD0F4C115EE750D9742D72061BDD,DECOMPILED,DYNAMIC_JNI_UNRESOLVED_DYNAMIC,FACT,
libARKernelInterface.so,libARKernelInterface_fn_0057a318,0x0057a318,0x0057a318,16,.text,RN_nativeReplayBGM,,False,False,True,0,0,,,,,,UNRESOLVED_DYNAMIC,6E79B6A5E8B39EDB92060AFD154567DA9B4B89BF5B9119542A2D69B49F89A635,DECOMPILED,DYNAMIC_JNI_UNRESOLVED_DYNAMIC,FACT,
libARKernelInterface.so,libARKernelInterface_fn_0057a328,0x0057a328,0x0057a328,16,.text,RN_nativeStopBGM,,False,False,True,0,0,,,,,,UNRESOLVED_DYNAMIC,5DBE833C9157741DB1C800ABF4005DBD0BFE279378DFA51552FAFEA4AD7890CF,DECOMPILED,DYNAMIC_JNI_UNRESOLVED_DYNAMIC,FACT,
libARKernelInterface.so,libARKernelInterface_fn_0057a338,0x0057a338,0x0057a338,16,.text,RN_nativeSeekBGM,,False,False,True,0,0,,,,,,UNRESOLVED_DYNAMIC,F5DBFDF6CB03F82C50AA505966FB49C0BA36E944BFA155CEA0313A9964212524,DECOMPILED,DYNAMIC_JNI_UNRESOLVED_DYNAMIC,FACT,
libARKernelInterface.so,libARKernelInterface_fn_0057a348,0x0057a348,0x0057a348,20,.text,RN_nativeGetBGMPosition,,False,False,True,0,0,,,,,,UNRESOLVED_DYNAMIC,97ADA736B8AE2AD103ABBF2D88F691C0BCCCB20FE8B0A6AC40FE104C037DBD3A,DECOMPILED,DYNAMIC_JNI_UNRESOLVED_DYNAMIC,FACT,
libARKernelInterface.so,libARKernelInterface_fn_0057a35c,0x0057a35c,0x0057a35c,236,.text,RN_nativeSetBGMPath,,False,False,True,0,9,,0x0055dce4;0x00570f58;0x0090aecc;0x01046a20;0x01046a20,0x01046a20;0x01046a20;0x01046a20;0x01046a20;0x01046950,,,UNRESOLVED_DYNAMIC,7FE286216E1973EB19546D6B1841631013D8A9D21C96BFCE9B7180F147FA376F,DECOMPILED,DYNAMIC_JNI_UNRESOLVED_DYNAMIC,FACT,
libARKernelInterface.so,libARKernelInterface_fn_0057a448,0x0057a448,0x0057a448,412,.text,RN_nativeGetBGMPath,,False,False,True,0,9,,0x0090b050;0x00570f58;0x01046a20;0x01046ab0;0x01046900,0x01046a20;0x01046ab0;0x01046900;0x01046ac0;0x01046a20,,,UNRESOLVED_DYNAMIC,61EAFF52A08044ACDCB99B9569EEE91B82DCDE69C68F90A4BBDAE5E94108506F,DECOMPILED,DYNAMIC_JNI_UNRESOLVED_DYNAMIC,FACT,
libARKernelInterface.so,libARKernelInterface_fn_0057a5e4,0x0057a5e4,0x0057a5e4,364,.text,RN_nativeGetDumpInfo,,False,False,True,0,9,,0x0090b95c;0x01046a20;0x01046a20;0x01042be4;0x01046950,0x01046a20;0x01046a20;0x01046950;0x01046920;0x010469f0,,,UNRESOLVED_DYNAMIC,F7A97E764CE26FB2B0181C6FA63518A695A44C43B869EA816485826B7619AB90,DECOMPILED,DYNAMIC_JNI_UNRESOLVED_DYNAMIC,FACT,
libARKernelInterface.so,libARKernelInterface_fn_0057a750,0x0057a750,0x0057a750,412,.text,RN_nativeGetConfigBGMPath,,False,False,True,0,9,,0x0090b058;0x00570f58;0x01046a20;0x01046ab0;0x01046900,0x01046a20;0x01046ab0;0x01046900;0x01046ac0;0x01046a20,,,UNRESOLVED_DYNAMIC,6FFD7D6E707B3DF770F3568384747212C08777F07197DF1FB4D5BEB2C7E7CD8F,DECOMPILED,DYNAMIC_JNI_UNRESOLVED_DYNAMIC,FACT,
libARKernelInterface.so,libARKernelInterface_fn_0057a8ec,0x0057a8ec,0x0057a8ec,20,.text,RN_nativeSetLayer,,False,False,True,0,0,,,,,,UNRESOLVED_DYNAMIC,F6FA75B80C5B906CBA1151C0CD845C4A70A5946322BDC98D58C5DF256B8EE613,DECOMPILED,DYNAMIC_JNI_UNRESOLVED_DYNAMIC,FACT,
libARKernelInterface.so,libARKernelInterface_fn_0057a900,0x0057a900,0x0057a900,20,.text,RN_nativeGetLayer,,False,False,True,0,0,,,,,,UNRESOLVED_DYNAMIC,E87D3FC80133E6330C542F26AC9A5E64DFBAC997D2BF6467439F9E308EB46496,DECOMPILED,DYNAMIC_JNI_UNRESOLVED_DYNAMIC,FACT,
libARKernelInterface.so,libARKernelInterface_fn_0057a914,0x0057a914,0x0057a914,40,.text,RN_nativeIsSpecialFacelift,,False,False,True,0,1,,0x0090b098,,,,UNRESOLVED_DYNAMIC,41527F3422A158FF40F4AF437AA860E92A3D9D6651F34BEF97A8F3351756F36C,DECOMPILED,DYNAMIC_JNI_UNRESOLVED_DYNAMIC,FACT,
libARKernelInterface.so,libARKernelInterface_fn_0057a93c,0x0057a93c,0x0057a93c,40,.text,RN_nativeIsSpecialMakeup,,False,False,True,0,1,,0x0090b0a0,,,,UNRESOLVED_DYNAMIC,940E457A38886CB0F63F1AFE8C1BAB7D9F7F44F25346E12711B812CC3F864C78,DECOMPILED,DYNAMIC_JNI_UNRESOLVED_DYNAMIC,FACT,
libARKernelInterface.so,libARKernelInterface_fn_0057a964,0x0057a964,0x0057a964,20,.text,RN_nativeGetDefaultAlpha,,False,False,True,0,0,,,,,,UNRESOLVED_DYNAMIC,F6A1229422329FF53F79EE6B4516CA622C7342FF963E9F9659FD4A8A6D56E0FC,DECOMPILED,DYNAMIC_JNI_UNRESOLVED_DYNAMIC,FACT,
libARKernelInterface.so,libARKernelInterface_fn_0057a978,0x0057a978,0x0057a978,76,.text,RN_nativeIsParseSuccess,,False,False,True,0,2,,0x0090b188;0x0090b188,,,,UNRESOLVED_DYNAMIC,E04CEFB3FD4A92A7005C47AFF9FF53CBAD8A2FBB06960B39B20FF194EA264E53,DECOMPILED,DYNAMIC_JNI_UNRESOLVED_DYNAMIC,FACT,
libARKernelInterface.so,libARKernelInterface_fn_0057a9c4,0x0057a9c4,0x0057a9c4,20,.text,RN_nativeGetErrorCode,,False,False,True,0,0,,,,,,UNRESOLVED_DYNAMIC,660E33E45A8E5AA0D10425342142DFD7BF602D93E0D222FE452DF8538523FFC7,DECOMPILED,DYNAMIC_JNI_UNRESOLVED_DYNAMIC,FACT,
libARKernelInterface.so,libARKernelInterface_fn_0057a9d8,0x0057a9d8,0x0057a9d8,296,.text,RN_nativeGetIsNeedDataRequireType,,False,False,True,0,10,,0x0090a85c;0x010469f0;0x01046a10;0x008e0d74;0x01046a20,0x010469f0;0x01046a10;0x01046a20;0x01046a20;0x01046a20,,,UNRESOLVED_DYNAMIC,2B114730D21EC22A7A39092EFC573FDACC76649C7A7CA1CBC41E66FB8252ED07,DECOMPILED,DYNAMIC_JNI_UNRESOLVED_DYNAMIC,FACT,
libARKernelInterface.so,libARKernelInterface_fn_0057ab00,0x0057ab00,0x0057ab00,728,.text,RN_nativeGetCustomParamMap,,False,False,True,0,10,,0x0090b10c;0x005789c8;0x00570f58;0x005789c8;0x00570f58,0x01046a20;0x01046a20;0x01046950,'java/lang/Object',,UNRESOLVED_DYNAMIC,856F2C0E895A8FC0865FC61C1199D7A7C673C1A48CF514FA7E16B25E25E9E69B,DECOMPILED,DYNAMIC_JNI_UNRESOLVED_DYNAMIC,FACT,
libARKernelInterface.so,libARKernelInterface_fn_0057add8,0x0057add8,0x0057add8,464,.text,RN_nativeInsertCustomParam,,False,False,True,0,15,,0x0055dce4;0x0055dce4;0x00570f58;0x00570f58;0x0090b114,0x01046a20;0x01046a20;0x01046a20;0x01046a20;0x01046a20,,,UNRESOLVED_DYNAMIC,2149337EA90203754B81EDA72529917565763F99E5F1B55167D0AA648EA35A5D,DECOMPILED,DYNAMIC_JNI_UNRESOLVED_DYNAMIC,FACT,
libARKernelInterface.so,libARKernelInterface_fn_0057afa8,0x0057afa8,0x0057afa8,40,.text,RN_nativeGetIsSupportMultiplyInstance,,False,False,True,0,1,,0x0090b90c,,,,UNRESOLVED_DYNAMIC,9113B3A750C292C498780A488E7C12079E88DDF5D094797F2BA5AAF27CD57283,DECOMPILED,DYNAMIC_JNI_UNRESOLVED_DYNAMIC,FACT,
libARKernelInterface.so,libARKernelInterface_fn_0057afd0,0x0057afd0,0x0057afd0,256,.text,RN_nativeGetPlistDataJSONBuffer,,False,False,True,0,8,,0x0090b234;0x0090b228;0x01046ab0;0x0057a6c4;0x01046900,0x01046ab0;0x01046900;0x01046ac0;0x01046ae0,,,UNRESOLVED_DYNAMIC,F935766713C123F1DD4088D32487676AA64652E81C24273E669001EA7CBDAEE5,DECOMPILED,DYNAMIC_JNI_UNRESOLVED_DYNAMIC,FACT,
libARKernelInterface.so,libARKernelInterface_fn_0057b0d0,0x0057b0d0,0x0057b0d0,116,.text,RN_nativeGetMemoryUsage,,False,False,True,0,0,,,,'com/meitu/mtlab/arkernelinterface/core/ARKernelPlistDataInterfaceJNI',,UNRESOLVED_DYNAMIC,A8C8C9A6B0F0B2F29AA639E3756B8EB5C573E81BA5364AF5B97498F10C3CFFC1,DECOMPILED,DYNAMIC_JNI_UNRESOLVED_DYNAMIC,FACT,
libARKernelInterface.so,libARKernelInterface_fn_0057b144,0x0057b144,0x0057b144,148,.text,RN_nativeCreateInstance,,False,False,True,0,4,,0x010469f0;0x01046970;0x01046a10;0x01046950,0x010469f0;0x01046970;0x01046a10;0x01046950,,,UNRESOLVED_DYNAMIC,DDFB8E70772F685A8011CAAF1B0E64816F5E48507511857A16FBD1AC639F8DD0,DECOMPILED,DYNAMIC_JNI_UNRESOLVED_DYNAMIC,FACT,
libARKernelInterface.so,libARKernelInterface_fn_0057b1d8,0x0057b1d8,0x0057b1d8,24,.text,RN_nativeDestroyInstance,,False,False,True,0,0,,,,,,UNRESOLVED_DYNAMIC,6C7B6B31556E275D8969E0B5F15964139D49DDDA128E289FCAE4A94737DBEDFA,DECOMPILED,DYNAMIC_JNI_UNRESOLVED_DYNAMIC,FACT,
libARKernelInterface.so,libARKernelInterface_fn_0057b1f0,0x0057b1f0,0x0057b1f0,24,.text,RN_nativeReset,,False,False,True,0,0,,,,,,UNRESOLVED_DYNAMIC,B49F4E1909EC85973178135AD6A36DDBD611F9CBAF1FC73E6324C65439D6EA91,DECOMPILED,DYNAMIC_JNI_UNRESOLVED_DYNAMIC,FACT,
libARKernelInterface.so,libARKernelInterface_fn_0057b208,0x0057b208,0x0057b208,648,.text,RN_nativePushPointerData,,False,False,True,0,14,,0x01046970;0x0055dce4;0x01046af0;0x0055dce4;0x01046af0,0x01046970;0x01046af0;0x01046af0;0x01046a10;0x01046a20,'com/meitu/mtlab/arkernelinterface/core/ARKernelPointerDataInterfaceJNI',,UNRESOLVED_DYNAMIC,4DF5B1E3F23B123D17D3F8C337C8ABF7C97F4329F4C9250EA24A68DC5AFBD9D1,DECOMPILED,DYNAMIC_JNI_UNRESOLVED_DYNAMIC,FACT,
libARKernelInterface.so,libARKernelInterface_fn_0057b490,0x0057b490,0x0057b490,124,.text,RN_nativeCreateInstance,,False,False,True,0,2,,0x010469f0;0x01046950,0x010469f0;0x01046950,,,UNRESOLVED_DYNAMIC,B39E12D69589BD23B7990B612D5C8E82278B9D6672FB25EA6517ECBC80DE92C7,DECOMPILED,DYNAMIC_JNI_UNRESOLVED_DYNAMIC,FACT,
libARKernelInterface.so,libARKernelInterface_fn_0057b50c,0x0057b50c,0x0057b50c,24,.text,RN_nativeDestroyInstance,,False,False,True,0,0,,,,,,UNRESOLVED_DYNAMIC,6C7B6B31556E275D8969E0B5F15964139D49DDDA128E289FCAE4A94737DBEDFA,DECOMPILED,DYNAMIC_JNI_UNRESOLVED_DYNAMIC,FACT,
libARKernelInterface.so,libARKernelInterface_fn_0057b524,0x0057b524,0x0057b524,24,.text,RN_nativeReset,,False,False,True,0,0,,,,,,UNRESOLVED_DYNAMIC,B49F4E1909EC85973178135AD6A36DDBD611F9CBAF1FC73E6324C65439D6EA91,DECOMPILED,DYNAMIC_JNI_UNRESOLVED_DYNAMIC,FACT,
libARKernelInterface.so,libARKernelInterface_fn_0057b53c,0x0057b53c,0x0057b53c,20,.text,RN_nativeSetPreviewSize,,False,False,True,0,0,,,,,,UNRESOLVED_DYNAMIC,01A88F5F839187F70EB3175E9451DA7FAD1F9ED7E3573EF124E415E5D85024A7,DECOMPILED,DYNAMIC_JNI_UNRESOLVED_DYNAMIC,FACT,
libARKernelInterface.so,libARKernelInterface_fn_0057b550,0x0057b550,0x0057b550,156,.text,RN_nativeGetPreviewSize,,False,False,True,0,1,,0x01046950,0x01046950,,,UNRESOLVED_DYNAMIC,D5F603C6AB04A1B84EBEB74BEDC1DB03FE958ACEED660A1D8563A80970171D04,DECOMPILED,DYNAMIC_JNI_UNRESOLVED_DYNAMIC,FACT,
libARKernelInterface.so,libARKernelInterface_fn_0057b5ec,0x0057b5ec,0x0057b5ec,20,.text,RN_nativeSetPreviewResolution,,False,False,True,0,0,,,,,,UNRESOLVED_DYNAMIC,332C66C0756F6AB522427AFDFD56FD04B7A6FA76BC87809D071CBAEBADF5361F,DECOMPILED,DYNAMIC_JNI_UNRESOLVED_DYNAMIC,FACT,
libARKernelInterface.so,libARKernelInterface_fn_0057b600,0x0057b600,0x0057b600,156,.text,RN_nativeGetPreviewResolution,,False,False,True,0,1,,0x01046950,0x01046950,,,UNRESOLVED_DYNAMIC,FE205B1E720C2C3037A62C4D17B520C66972C60A94326B9C912FB1A7D50D00F1,DECOMPILED,DYNAMIC_JNI_UNRESOLVED_DYNAMIC,FACT,
libARKernelInterface.so,libARKernelInterface_fn_0057b69c,0x0057b69c,0x0057b69c,20,.text,RN_nativeSetIsCaptureFrame,,False,False,True,0,0,,,,,,UNRESOLVED_DYNAMIC,1427EFF40B585E4976B99766EB1EA111E46D512895317B06BD0D1805B07F0FE7,DECOMPILED,DYNAMIC_JNI_UNRESOLVED_DYNAMIC,FACT,
libARKernelInterface.so,libARKernelInterface_fn_0057b6b0,0x0057b6b0,0x0057b6b0,20,.text,RN_nativeGetIsCaptureFrame,,False,False,True,0,0,,,,,,UNRESOLVED_DYNAMIC,587B155878DFA7A07D953A5958AA9EE3DF424E87E9ABC43C8F723052DB97E333,DECOMPILED,DYNAMIC_JNI_UNRESOLVED_DYNAMIC,FACT,
libARKernelInterface.so,libARKernelInterface_fn_0057b6c4,0x0057b6c4,0x0057b6c4,20,.text,RN_nativeSetIsContinuousInputStream,,False,False,True,0,0,,,,,,UNRESOLVED_DYNAMIC,5E5D6575459770728C174B01D70A01EF6A30E47BC1D7EFBE117F7BA5476DA94B,DECOMPILED,DYNAMIC_JNI_UNRESOLVED_DYNAMIC,FACT,
libARKernelInterface.so,libARKernelInterface_fn_0057b6d8,0x0057b6d8,0x0057b6d8,20,.text,RN_nativeGetIsContinuousInputStream,,False,False,True,0,0,,,,,,UNRESOLVED_DYNAMIC,977939C663D786FE5348A1C32C66C4B0E94E705906115E830871CE34FBA0AA61,DECOMPILED,DYNAMIC_JNI_UNRESOLVED_DYNAMIC,FACT,
libARKernelInterface.so,libARKernelInterface_fn_0057b6ec,0x0057b6ec,0x0057b6ec,20,.text,RN_nativeSetIsIdenticalInputStream,,False,False,True,0,0,,,,,,UNRESOLVED_DYNAMIC,C84045BCCAED70566BAFA4E44D5BBBBCA7CF38A8749C321668DBD88219C3AE42,DECOMPILED,DYNAMIC_JNI_UNRESOLVED_DYNAMIC,FACT,
libARKernelInterface.so,libARKernelInterface_fn_0057b700,0x0057b700,0x0057b700,20,.text,RN_nativeGetIsIdenticalInputStream,,False,False,True,0,0,,,,,,UNRESOLVED_DYNAMIC,C2E08D17A7A158B7462CB509C6E0933FA128FCD1AE860B7D5B01B63D415DE9CA,DECOMPILED,DYNAMIC_JNI_UNRESOLVED_DYNAMIC,FACT,
libARKernelInterface.so,libARKernelInterface_fn_0057b714,0x0057b714,0x0057b714,20,.text,RN_nativeSetIsFirstFrame,,False,False,True,0,0,,,,,,UNRESOLVED_DYNAMIC,283295DB0A71983318F6A2445D3D4485FC3DF427B697E6FD5B64BD5F92E04037,DECOMPILED,DYNAMIC_JNI_UNRESOLVED_DYNAMIC,FACT,
libARKernelInterface.so,libARKernelInterface_fn_0057b728,0x0057b728,0x0057b728,224,.text,RN_nativeGetIsFirstFrame,,False,False,True,0,1,,0x01046950,0x01046950,'com/meitu/mtlab/arkernelinterface/core/ARKernelPreviewDataInterfaceJNI',,UNRESOLVED_DYNAMIC,3F8F0C9B4E961E56323B062CC32B6F0CD9B4B5CD039A4489043E4D624E44A8BB,DECOMPILED,DYNAMIC_JNI_UNRESOLVED_DYNAMIC,FACT,
libARKernelInterface.so,libARKernelInterface_fn_0057b808,0x0057b808,0x0057b808,2048,.text,RN_nativeCreateInstance,,False,False,True,0,1,,0x010469f0,0x010469f0,,,UNRESOLVED_DYNAMIC,62BE7775673B125EF7DA9568942C947F93EA72A1184B98408AE499B3C0AD7E41,DECOMPILED,DYNAMIC_JNI_UNRESOLVED_DYNAMIC,FACT,
libARKernelInterface.so,libARKernelInterface_fn_0057c07c,0x0057c07c,0x0057c07c,24,.text,RN_nativeDestroyInstance,,False,False,True,0,0,,,,,,UNRESOLVED_DYNAMIC,6C7B6B31556E275D8969E0B5F15964139D49DDDA128E289FCAE4A94737DBEDFA,DECOMPILED,DYNAMIC_JNI_UNRESOLVED_DYNAMIC,FACT,
libARKernelInterface.so,libARKernelInterface_fn_0057c094,0x0057c094,0x0057c094,140,.text,RN_nativeReset,,False,False,True,0,0,,,,,,UNRESOLVED_DYNAMIC,FF399E853D3E38E628B0F5982074D0CCA84CDD344216930860816AD2793A1E50,DECOMPILED,DYNAMIC_JNI_UNRESOLVED_DYNAMIC,FACT,
libARKernelInterface.so,libARKernelInterface_fn_0057c120,0x0057c120,0x0057c120,12,.text,RN_nativeSetShoulderCount,,False,False,True,0,0,,,,,,UNRESOLVED_DYNAMIC,E27DAB6673C9F68A103003DD6BD22B3F7A02AB3B334EF57A9643B2612A349705,DECOMPILED,DYNAMIC_JNI_UNRESOLVED_DYNAMIC,FACT,
libARKernelInterface.so,libARKernelInterface_fn_0057c12c,0x0057c12c,0x0057c12c,20,.text,RN_nativeGetShoulderCount,,False,False,True,0,0,,,,,,UNRESOLVED_DYNAMIC,E3DFFF70D16B3D8AB623303C0EC2A8328B1AFC9E57C2A61FF4546B7BA4036704,DECOMPILED,DYNAMIC_JNI_UNRESOLVED_DYNAMIC,FACT,
libARKernelInterface.so,libARKernelInterface_fn_0057c140,0x0057c140,0x0057c140,36,.text,RN_nativeSetShoulderID,,False,False,True,0,0,,,,,,UNRESOLVED_DYNAMIC,B5EDA71E7D51A847F92D9311BF8A80C4BB4A01D20D2C7C05BA9200898B089822,DECOMPILED,DYNAMIC_JNI_UNRESOLVED_DYNAMIC,FACT,
libARKernelInterface.so,libARKernelInterface_fn_0057c164,0x0057c164,0x0057c164,52,.text,RN_nativeGetShoulderID,,False,False,True,0,0,,,,,,UNRESOLVED_DYNAMIC,9993BF0F2F737CA15C949BADCEBEAE376065519143B0E3021D0F25FAEC63207C,DECOMPILED,DYNAMIC_JNI_UNRESOLVED_DYNAMIC,FACT,
libARKernelInterface.so,libARKernelInterface_fn_0057c198,0x0057c198,0x0057c198,40,.text,RN_nativeSetShoulderRect,,False,False,True,0,0,,,,,,UNRESOLVED_DYNAMIC,29D88AC6B576939BF0F0C2D65B8992B442EBF230328C81D3B09E1E67628BE094,DECOMPILED,DYNAMIC_JNI_UNRESOLVED_DYNAMIC,FACT,
libARKernelInterface.so,libARKernelInterface_fn_0057c1c0,0x0057c1c0,0x0057c1c0,192,.text,RN_nativeGetShoulderRect,,False,False,True,0,1,,0x01046950,0x01046950,,,UNRESOLVED_DYNAMIC,ECE59C047C57403B4C05C7735037B2F13C656359790B72EBA6279279D76169F3,DECOMPILED,DYNAMIC_JNI_UNRESOLVED_DYNAMIC,FACT,
libARKernelInterface.so,libARKernelInterface_fn_0057c280,0x0057c280,0x0057c280,36,.text,RN_nativeSetShoulderRectScore,,False,False,True,0,0,,,,,,UNRESOLVED_DYNAMIC,1A311ABADC2B35FF1ABEC7E365B352E74F270A4397BF728648CEC80502EE1FB3,DECOMPILED,DYNAMIC_JNI_UNRESOLVED_DYNAMIC,FACT,
libARKernelInterface.so,libARKernelInterface_fn_0057c2a4,0x0057c2a4,0x0057c2a4,52,.text,RN_nativeGetShoulderRectScore,,False,False,True,0,0,,,,,,UNRESOLVED_DYNAMIC,B568FC004B72D67A7CDA9797B6EDD59926A89341C52B27049AB815BF7E089EB2,DECOMPILED,DYNAMIC_JNI_UNRESOLVED_DYNAMIC,FACT,
libARKernelInterface.so,libARKernelInterface_fn_0057c2d8,0x0057c2d8,0x0057c2d8,28,.text,RN_nativeSetShoulderPointThreshold,,False,False,True,0,0,,,,,,UNRESOLVED_DYNAMIC,B047F45E7FAE3B6E3785982999706A2B6DDB9906E8FA88FA8C5BAEF72CB33CE9,DECOMPILED,DYNAMIC_JNI_UNRESOLVED_DYNAMIC,FACT,
libARKernelInterface.so,libARKernelInterface_fn_0057c2f4,0x0057c2f4,0x0057c2f4,52,.text,RN_nativeGetShoulderPointThreshold,,False,False,True,0,0,,,,,,UNRESOLVED_DYNAMIC,632EB1C8E65B8AB4B847107FC3FDBCB66E41ADC4368F3514EF00E853CBD30B9E,DECOMPILED,DYNAMIC_JNI_UNRESOLVED_DYNAMIC,FACT,
libARKernelInterface.so,libARKernelInterface_fn_0057c328,0x0057c328,0x0057c328,304,.text,RN_nativeSetLandmark2D,,False,False,True,0,2,,0x005a6b20;0x01046910,0x01046910,"'arkernel';'ARKernelShoulderInterfaceJNI::SetLandmark2D: data len = %d , point count = %d';'arkernel'",,UNRESOLVED_DYNAMIC,452D86A58150EE0CF8EAC1262052F30476F46820166CAC8EBBD5F6342F3344F0,DECOMPILED,DYNAMIC_JNI_UNRESOLVED_DYNAMIC,FACT,
libARKernelInterface.so,libARKernelInterface_fn_0057c458,0x0057c458,0x0057c458,172,.text,RN_nativeGetLandmark2D,,False,False,True,0,0,,,,,,UNRESOLVED_DYNAMIC,4581E864A3095B6D5E3ED0153B182700F439CC30E4F070DE8605FADA6A7728AE,DECOMPILED,DYNAMIC_JNI_UNRESOLVED_DYNAMIC,FACT,
libARKernelInterface.so,libARKernelInterface_fn_0057c504,0x0057c504,0x0057c504,292,.text,RN_nativeSetScores,,False,False,True,0,2,,0x005a6b20;0x01046910,0x01046910,"'arkernel';'ARKernelShoulderInterfaceJNI::SetScores: data len = %d , point count = %d';'arkernel'",,UNRESOLVED_DYNAMIC,2202800168D9D60F3AA9B2CD92673E80AF97144E6A6C4C98EB78950672D7A75A,DECOMPILED,DYNAMIC_JNI_UNRESOLVED_DYNAMIC,FACT,
libARKernelInterface.so,libARKernelInterface_fn_0057c628,0x0057c628,0x0057c628,1728,.text,RN_nativeGetScores,,False,False,True,0,1,,0x01046950,0x01046950,'com/meitu/mtlab/arkernelinterface/core/ARKernelShoulderInterfaceJNI',,UNRESOLVED_DYNAMIC,221064EEDE182F535C97AEEC572F85A9F6B669BEF0A3D026E84BFDB8490C4D8E,DECOMPILED,DYNAMIC_JNI_UNRESOLVED_DYNAMIC,FACT,
libARKernelInterface.so,libARKernelInterface_fn_0057cce8,0x0057cce8,0x0057cce8,288,.text,RN_nativeCreateInstance,,False,False,True,0,5,,0x010469f0;0x01046970;0x01046970;0x01046a10;0x01046950,0x010469f0;0x01046970;0x01046970;0x01046a10;0x01046950,,,UNRESOLVED_DYNAMIC,D362A0AA0588844BE71B3C87F64DAA6C856764D98BC116D7AAF0D8C80260D597,DECOMPILED,DYNAMIC_JNI_UNRESOLVED_DYNAMIC,FACT,
libARKernelInterface.so,libARKernelInterface_fn_0057ce08,0x0057ce08,0x0057ce08,24,.text,RN_nativeDestroyInstance,,False,False,True,0,0,,,,,,UNRESOLVED_DYNAMIC,6C7B6B31556E275D8969E0B5F15964139D49DDDA128E289FCAE4A94737DBEDFA,DECOMPILED,DYNAMIC_JNI_UNRESOLVED_DYNAMIC,FACT,
libARKernelInterface.so,libARKernelInterface_fn_0057ce20,0x0057ce20,0x0057ce20,24,.text,RN_nativeReset,,False,False,True,0,0,,,,,,UNRESOLVED_DYNAMIC,B49F4E1909EC85973178135AD6A36DDBD611F9CBAF1FC73E6324C65439D6EA91,DECOMPILED,DYNAMIC_JNI_UNRESOLVED_DYNAMIC,FACT,
libARKernelInterface.so,libARKernelInterface_fn_0057ce38,0x0057ce38,0x0057ce38,24,.text,RN_nativeSetTextureValidRect,,False,False,True,0,0,,,,,,UNRESOLVED_DYNAMIC,BD4DFCA2A5B24FD332C5EAFDB94C3C641CBA61219063B5093E6224870B1E429F,DECOMPILED,DYNAMIC_JNI_UNRESOLVED_DYNAMIC,FACT,
libARKernelInterface.so,libARKernelInterface_fn_0057ce50,0x0057ce50,0x0057ce50,164,.text,RN_nativeGetTextureValidRect,,False,False,True,0,1,,0x01046950,0x01046950,,,UNRESOLVED_DYNAMIC,2DFA400DC60BD0144EDC8B3D73D2D0B40EFB38FD4BF88154AA54A8713939DF79,DECOMPILED,DYNAMIC_JNI_UNRESOLVED_DYNAMIC,FACT,
libARKernelInterface.so,libARKernelInterface_fn_0057cef4,0x0057cef4,0x0057cef4,128,.text,RN_nativeSetAffineTransformMatrix,,False,False,True,0,0,,,,,,UNRESOLVED_DYNAMIC,DBECDAC1D10AA2A5A5183E6525E04D43834292426A1E859A466E65DA4DE08123,DECOMPILED,DYNAMIC_JNI_UNRESOLVED_DYNAMIC,FACT,
libARKernelInterface.so,libARKernelInterface_fn_0057cf74,0x0057cf74,0x0057cf74,108,.text,RN_nativePushTextureData,,False,False,True,0,0,,,,,,UNRESOLVED_DYNAMIC,DFEAE470E6B25DBBF016BF01E61E1FA559EFD0CFC50B5172C561DE9DD55FDDEF,DECOMPILED,DYNAMIC_JNI_UNRESOLVED_DYNAMIC,FACT,
libARKernelInterface.so,libARKernelInterface_fn_0057cfe0,0x0057cfe0,0x0057cfe0,28,.text,RN_nativeGetTextureType,,False,False,True,0,0,,,,,,UNRESOLVED_DYNAMIC,79931315AC2EF7B81A202E8C7FADD8B08544527EDDDA88BBFEA0A5D479FD7DEB,DECOMPILED,DYNAMIC_JNI_UNRESOLVED_DYNAMIC,FACT,
libARKernelInterface.so,libARKernelInterface_fn_0057cffc,0x0057cffc,0x0057cffc,28,.text,RN_nativeGetTextureID,,False,False,True,0,0,,,,,,UNRESOLVED_DYNAMIC,411ED7B77D2F7E4512CEE15D494E92CD5728F2D38E49DDE4583505C3C818956C,DECOMPILED,DYNAMIC_JNI_UNRESOLVED_DYNAMIC,FACT,
libARKernelInterface.so,libARKernelInterface_fn_0057d018,0x0057d018,0x0057d018,28,.text,RN_nativeGetTextureWidth,,False,False,True,0,0,,,,,,UNRESOLVED_DYNAMIC,026C80F7D78DD5DEB91C342F86170FFE97D9C631F1D02A8A315C1280A75B98FF,DECOMPILED,DYNAMIC_JNI_UNRESOLVED_DYNAMIC,FACT,
libARKernelInterface.so,libARKernelInterface_fn_0057d034,0x0057d034,0x0057d034,28,.text,RN_nativeGetTextureHeight,,False,False,True,0,0,,,,,,UNRESOLVED_DYNAMIC,A6B4CCA718F3F04F9021B02E8319A9DC9083423AE45994B136A550755AA9A810,DECOMPILED,DYNAMIC_JNI_UNRESOLVED_DYNAMIC,FACT,
libARKernelInterface.so,libARKernelInterface_fn_0057d050,0x0057d050,0x0057d050,20,.text,RN_nativeSetTextureUserDefineFlag,,False,False,True,0,0,,,,,,UNRESOLVED_DYNAMIC,AB1AF42522D45CC7F709B812C9D7B91CFBD92FE359BB7943CDEA17BD75F00946,DECOMPILED,DYNAMIC_JNI_UNRESOLVED_DYNAMIC,FACT,
libARKernelInterface.so,libARKernelInterface_fn_0057d064,0x0057d064,0x0057d064,324,.text,RN_nativeGetTextureUserDefineFlag,,False,False,True,0,3,,0x01046970;0x01046a10;0x01046950,0x01046970;0x01046a10;0x01046950,'com/meitu/mtlab/arkernelinterface/core/ARKernelTextureDataInterfaceJNI',,UNRESOLVED_DYNAMIC,F0BA1930052F146CC40B5CD3399AF8BE9A0FEC6675E54E57EF42120664417946,DECOMPILED,DYNAMIC_JNI_UNRESOLVED_DYNAMIC,FACT,
libARKernelInterface.so,libARKernelInterface_fn_0057d1a8,0x0057d1a8,0x0057d1a8,44,.text,RN_nativeCreateInstance,,False,False,True,0,1,,0x010469f0,0x010469f0,,,UNRESOLVED_DYNAMIC,CA8AEFCDD270D03319F662C9FACACD393276F2D3AA0CC61755017914972345F9,DECOMPILED,DYNAMIC_JNI_UNRESOLVED_DYNAMIC,FACT,
libARKernelInterface.so,libARKernelInterface_fn_0057d1d4,0x0057d1d4,0x0057d1d4,24,.text,RN_nativeDestroyInstance,,False,False,True,0,0,,,,,,UNRESOLVED_DYNAMIC,6C7B6B31556E275D8969E0B5F15964139D49DDDA128E289FCAE4A94737DBEDFA,DECOMPILED,DYNAMIC_JNI_UNRESOLVED_DYNAMIC,FACT,
libARKernelInterface.so,libARKernelInterface_fn_0057d1ec,0x0057d1ec,0x0057d1ec,24,.text,RN_nativeReset,,False,False,True,0,0,,,,,,UNRESOLVED_DYNAMIC,B49F4E1909EC85973178135AD6A36DDBD611F9CBAF1FC73E6324C65439D6EA91,DECOMPILED,DYNAMIC_JNI_UNRESOLVED_DYNAMIC,FACT,
libARKernelInterface.so,libARKernelInterface_fn_0057d204,0x0057d204,0x0057d204,12,.text,RN_nativeSetTimeLineType,,False,False,True,0,0,,,,,,UNRESOLVED_DYNAMIC,E27DAB6673C9F68A103003DD6BD22B3F7A02AB3B334EF57A9643B2612A349705,DECOMPILED,DYNAMIC_JNI_UNRESOLVED_DYNAMIC,FACT,
libARKernelInterface.so,libARKernelInterface_fn_0057d210,0x0057d210,0x0057d210,20,.text,RN_nativeGetTimeLineType,,False,False,True,0,0,,,,,,UNRESOLVED_DYNAMIC,E3DFFF70D16B3D8AB623303C0EC2A8328B1AFC9E57C2A61FF4546B7BA4036704,DECOMPILED,DYNAMIC_JNI_UNRESOLVED_DYNAMIC,FACT,
libARKernelInterface.so,libARKernelInterface_fn_0057d224,0x0057d224,0x0057d224,16,.text,RN_nativeSetInterval,,False,False,True,0,0,,,,,,UNRESOLVED_DYNAMIC,79AA87D2B8B286593B73A5CC6A74C573434F2563AC063EDC7DC5B08E8E7107D9,DECOMPILED,DYNAMIC_JNI_UNRESOLVED_DYNAMIC,FACT,
libARKernelInterface.so,libARKernelInterface_fn_0057d234,0x0057d234,0x0057d234,144,.text,RN_nativeGetInterval,,False,False,True,0,0,,,,'com/meitu/mtlab/arkernelinterface/core/ARKernelTimeLineDataInterfaceJNI',,UNRESOLVED_DYNAMIC,E29A45D615772C21BD9915FA4739B429A01C8A06DB9D5022BFAB283E07601CCD,DECOMPILED,DYNAMIC_JNI_UNRESOLVED_DYNAMIC,FACT,
libARKernelInterface.so,libARKernelInterface_fn_0057d2c4,0x0057d2c4,0x0057d2c4,276,.text,RN_nativeCreateInstance,,False,False,True,0,2,,0x010469f0;0x01046950,0x010469f0;0x01046950,,,UNRESOLVED_DYNAMIC,7FE7A1B4858028B795A9A74839B91525DE6F757F27CE8B6C9A41B8CCFCC34D37,DECOMPILED,DYNAMIC_JNI_UNRESOLVED_DYNAMIC,FACT,
libARKernelInterface.so,libARKernelInterface_fn_0057d3d8,0x0057d3d8,0x0057d3d8,16,.text,RN_nativeDestroyInstance,,False,False,True,0,0,,,,,,UNRESOLVED_DYNAMIC,3BF38C002208DF13F3271C7488DD80DD47075AECD864533936921B93797C9FAD,DECOMPILED,DYNAMIC_JNI_UNRESOLVED_DYNAMIC,FACT,
libARKernelInterface.so,libARKernelInterface_fn_0057d3e8,0x0057d3e8,0x0057d3e8,272,.text,RN_nativeReset,,False,False,True,0,1,,0x01046950,0x01046950,,,UNRESOLVED_DYNAMIC,09C49C5C4277203DAFE59B6C9ADC9B4F680A56FAF93A05D29E806EB58618F551,DECOMPILED,DYNAMIC_JNI_UNRESOLVED_DYNAMIC,FACT,
libARKernelInterface.so,libARKernelInterface_fn_0057d4f8,0x0057d4f8,0x0057d4f8,20,.text,RN_nativeSetCanvasSize,,False,False,True,0,0,,,,,,UNRESOLVED_DYNAMIC,98B4CE033178980B6A3E3AABE1864E910BF651AE669BC0DD73D6239ADE856472,DECOMPILED,DYNAMIC_JNI_UNRESOLVED_DYNAMIC,FACT,
libARKernelInterface.so,libARKernelInterface_fn_0057d50c,0x0057d50c,0x0057d50c,152,.text,RN_nativeGetCanvasSize,,False,False,True,0,1,,0x01046950,0x01046950,,,UNRESOLVED_DYNAMIC,DF00C2A74538CB71422265231899D2BA6A9B946CB5763E69F38F3334C18E6E12,DECOMPILED,DYNAMIC_JNI_UNRESOLVED_DYNAMIC,FACT,
libARKernelInterface.so,libARKernelInterface_fn_0057d5a4,0x0057d5a4,0x0057d5a4,12,.text,RN_nativeSetCanvasDirectionType,,False,False,True,0,0,,,,,,UNRESOLVED_DYNAMIC,EF95E1E5E11AFE5B8593512AA5B213DD5B75BA558FDF3C2A0C115693EF6A59E5,DECOMPILED,DYNAMIC_JNI_UNRESOLVED_DYNAMIC,FACT,
libARKernelInterface.so,libARKernelInterface_fn_0057d5b0,0x0057d5b0,0x0057d5b0,20,.text,RN_nativeGetCanvasDirectionType,,False,False,True,0,0,,,,,,UNRESOLVED_DYNAMIC,DF3262842455451F77F7744B77544E0486C4DC7F58495367A775E9E046C46DD8,DECOMPILED,DYNAMIC_JNI_UNRESOLVED_DYNAMIC,FACT,
libARKernelInterface.so,libARKernelInterface_fn_0057d5c4,0x0057d5c4,0x0057d5c4,12,.text,RN_nativeSetClickEventTimeValue,,False,False,True,0,0,,,,,,UNRESOLVED_DYNAMIC,731F43EEB68E77C716717D8AA5D34E40DF44E79B61F736823B463465BBE9502C,DECOMPILED,DYNAMIC_JNI_UNRESOLVED_DYNAMIC,FACT,
libARKernelInterface.so,libARKernelInterface_fn_0057d5d0,0x0057d5d0,0x0057d5d0,20,.text,RN_nativeGetClickEventTimeValue,,False,False,True,0,0,,,,,,UNRESOLVED_DYNAMIC,B51B1C1220F689CC7420A085C41002F368C125A16E12FFC2652605BB57DEA358,DECOMPILED,DYNAMIC_JNI_UNRESOLVED_DYNAMIC,FACT,
libARKernelInterface.so,libARKernelInterface_fn_0057d5e4,0x0057d5e4,0x0057d5e4,12,.text,RN_nativeSetClickEventDistanceValue,,False,False,True,0,0,,,,,,UNRESOLVED_DYNAMIC,83563F87990BF95322F1C57857F1B41982BD6CA894261DCFF3D7A6CAB4F17E31,DECOMPILED,DYNAMIC_JNI_UNRESOLVED_DYNAMIC,FACT,
libARKernelInterface.so,libARKernelInterface_fn_0057d5f0,0x0057d5f0,0x0057d5f0,20,.text,RN_nativeGetClickEventDistanceValue,,False,False,True,0,0,,,,,,UNRESOLVED_DYNAMIC,7CAE5CA1BC28125BB9F45F8A25AB0F21892809284653925B7E3311A865B5F213,DECOMPILED,DYNAMIC_JNI_UNRESOLVED_DYNAMIC,FACT,
libARKernelInterface.so,libARKernelInterface_fn_0057d604,0x0057d604,0x0057d604,12,.text,RN_nativeSetLayerVertexMarkRadius,,False,False,True,0,0,,,,,,UNRESOLVED_DYNAMIC,3D0D78CD2429394B1E6A948116A1DA4C0A619CE628D950658F76CFD12C276CCD,DECOMPILED,DYNAMIC_JNI_UNRESOLVED_DYNAMIC,FACT,
libARKernelInterface.so,libARKernelInterface_fn_0057d610,0x0057d610,0x0057d610,20,.text,RN_nativeGetLayerVertexMarkRadius,,False,False,True,0,0,,,,,,UNRESOLVED_DYNAMIC,D072B452F45EACF956C10571C543808841597BFA85D1A206990D8D124B1878E4,DECOMPILED,DYNAMIC_JNI_UNRESOLVED_DYNAMIC,FACT,
libARKernelInterface.so,libARKernelInterface_fn_0057d624,0x0057d624,0x0057d624,12,.text,RN_nativeSetLayerMinValue,,False,False,True,0,0,,,,,,UNRESOLVED_DYNAMIC,C8A5AA9AEECC290E5FEA38A883044EEBEC59F40B1F1B767FF65783E5D41EA506,DECOMPILED,DYNAMIC_JNI_UNRESOLVED_DYNAMIC,FACT,
libARKernelInterface.so,libARKernelInterface_fn_0057d630,0x0057d630,0x0057d630,20,.text,RN_nativeGetLayerMinValue,,False,False,True,0,0,,,,,,UNRESOLVED_DYNAMIC,03C5CC5A540751E2094DC346E399AF1BFC3121318094711B42D0CE8BB2A371AA,DECOMPILED,DYNAMIC_JNI_UNRESOLVED_DYNAMIC,FACT,
libARKernelInterface.so,libARKernelInterface_fn_0057d644,0x0057d644,0x0057d644,12,.text,RN_nativeSetLayerMaxValue,,False,False,True,0,0,,,,,,UNRESOLVED_DYNAMIC,A20BC12C513BFE5D38C782C3E24DAF1319E68FB296E0FBA78AFBADA8F3911710,DECOMPILED,DYNAMIC_JNI_UNRESOLVED_DYNAMIC,FACT,
libARKernelInterface.so,libARKernelInterface_fn_0057d650,0x0057d650,0x0057d650,20,.text,RN_nativeGetLayerMaxValue,,False,False,True,0,0,,,,,,UNRESOLVED_DYNAMIC,EB93296C3854855D1D9E3DC7FEC0A87E821B308999E47B2D8D26B82840EB69D9,DECOMPILED,DYNAMIC_JNI_UNRESOLVED_DYNAMIC,FACT,
libARKernelInterface.so,libARKernelInterface_fn_0057d664,0x0057d664,0x0057d664,12,.text,RN_nativeSetLayerOutlineBorderMinValue,,False,False,True,0,0,,,,,,UNRESOLVED_DYNAMIC,E86B0A59D3004B6C72EDEF6F180AD0A170923D490B0B4ACD2AC9BD087F854C99,DECOMPILED,DYNAMIC_JNI_UNRESOLVED_DYNAMIC,FACT,
libARKernelInterface.so,libARKernelInterface_fn_0057d670,0x0057d670,0x0057d670,20,.text,RN_nativeGetLayerOutlineBorderMinValue,,False,False,True,0,0,,,,,,UNRESOLVED_DYNAMIC,40F18E2B03D8A473A5DEF4277EDD27B8C6A94C0B8C52CCB9B177A49B2C3C6E91,DECOMPILED,DYNAMIC_JNI_UNRESOLVED_DYNAMIC,FACT,
libARKernelInterface.so,libARKernelInterface_fn_0057d684,0x0057d684,0x0057d684,12,.text,RN_nativeSetLayerOutlineBorderMarginLeft,,False,False,True,0,0,,,,,,UNRESOLVED_DYNAMIC,A7A06CF6F23FDFB7F8B82ABF56683D8430C4C0C21F1E76A7C3C46EF7E9BC9900,DECOMPILED,DYNAMIC_JNI_UNRESOLVED_DYNAMIC,FACT,
libARKernelInterface.so,libARKernelInterface_fn_0057d690,0x0057d690,0x0057d690,20,.text,RN_nativeGetLayerOutlineBorderMarginLeft,,False,False,True,0,0,,,,,,UNRESOLVED_DYNAMIC,3D4D7EAC1277018D872C3A6F1FB08616C53438843579E99E41AC94166147EF40,DECOMPILED,DYNAMIC_JNI_UNRESOLVED_DYNAMIC,FACT,
libARKernelInterface.so,libARKernelInterface_fn_0057d6a4,0x0057d6a4,0x0057d6a4,12,.text,RN_nativeSetLayerOutlineBorderMarginRight,,False,False,True,0,0,,,,,,UNRESOLVED_DYNAMIC,1520E3333CF150D542128780C370952535D4D98155C9DE2E220839902EFC4261,DECOMPILED,DYNAMIC_JNI_UNRESOLVED_DYNAMIC,FACT,
libARKernelInterface.so,libARKernelInterface_fn_0057d6b0,0x0057d6b0,0x0057d6b0,20,.text,RN_nativeGetLayerOutlineBorderMarginRight,,False,False,True,0,0,,,,,,UNRESOLVED_DYNAMIC,FDD26FB7A57159A70AA7AA650D283E9C8C92B858BF7548BDACB5EEBBD99B29B8,DECOMPILED,DYNAMIC_JNI_UNRESOLVED_DYNAMIC,FACT,
libARKernelInterface.so,libARKernelInterface_fn_0057d6c4,0x0057d6c4,0x0057d6c4,12,.text,RN_nativeSetLayerOutlineBorderMarginTop,,False,False,True,0,0,,,,,,UNRESOLVED_DYNAMIC,F252FABF8C473D12BE6E7D471070C1DE5618124F7DAD8595A4939505A975EE2E,DECOMPILED,DYNAMIC_JNI_UNRESOLVED_DYNAMIC,FACT,
libARKernelInterface.so,libARKernelInterface_fn_0057d6d0,0x0057d6d0,0x0057d6d0,20,.text,RN_nativeGetLayerOutlineBorderMarginTop,,False,False,True,0,0,,,,,,UNRESOLVED_DYNAMIC,A2A11D34DBA4C4DDDA6E2162674A7C56DABF095B026FDB854C14914E6560F96C,DECOMPILED,DYNAMIC_JNI_UNRESOLVED_DYNAMIC,FACT,
libARKernelInterface.so,libARKernelInterface_fn_0057d6e4,0x0057d6e4,0x0057d6e4,12,.text,RN_nativeSetLayerOutlineBorderMarginBottom,,False,False,True,0,0,,,,,,UNRESOLVED_DYNAMIC,C9AAA9E34A3ED38B16C40EAC26D09D050A0F9068CAA06E425EC9CB2BE33E80CA,DECOMPILED,DYNAMIC_JNI_UNRESOLVED_DYNAMIC,FACT,
libARKernelInterface.so,libARKernelInterface_fn_0057d6f0,0x0057d6f0,0x0057d6f0,20,.text,RN_nativeGetLayerOutlineBorderMarginBottom,,False,False,True,0,0,,,,,,UNRESOLVED_DYNAMIC,5BCF5B934610207E0AF15862BCB020F5B6A68350E176B2EE5CAD9AB80CC214E8,DECOMPILED,DYNAMIC_JNI_UNRESOLVED_DYNAMIC,FACT,
libARKernelInterface.so,libARKernelInterface_fn_0057d704,0x0057d704,0x0057d704,20,.text,RN_nativeSetLayerLimitArea,,False,False,True,0,0,,,,,,UNRESOLVED_DYNAMIC,3EAF99E9A45A3B3C3516050FDF8D3B0C52DBBD1389B7BB9FD9CFC3486477ED7B,DECOMPILED,DYNAMIC_JNI_UNRESOLVED_DYNAMIC,FACT,
libARKernelInterface.so,libARKernelInterface_fn_0057d718,0x0057d718,0x0057d718,20,.text,RN_nativeGetLayerLimitArea,,False,False,True,0,0,,,,,,UNRESOLVED_DYNAMIC,5C7C7D8BDB6507A7409205125F9484A22CD44DFC84DF3CC727F120094B513B67,DECOMPILED,DYNAMIC_JNI_UNRESOLVED_DYNAMIC,FACT,
libARKernelInterface.so,libARKernelInterface_fn_0057d72c,0x0057d72c,0x0057d72c,12,.text,RN_nativeSetLayerMarginMinValue,,False,False,True,0,0,,,,,,UNRESOLVED_DYNAMIC,B69C578DDE5C213A65156646A04001DAFE042C77423C0F711DAB8EAFE30998EB,DECOMPILED,DYNAMIC_JNI_UNRESOLVED_DYNAMIC,FACT,
libARKernelInterface.so,libARKernelInterface_fn_0057d738,0x0057d738,0x0057d738,20,.text,RN_nativeGetLayerMarginMinValue,,False,False,True,0,0,,,,,,UNRESOLVED_DYNAMIC,688D958B74F8247B3FCFF1015BD98BDE494FF099AFC0A78DE91B0533475F6440,DECOMPILED,DYNAMIC_JNI_UNRESOLVED_DYNAMIC,FACT,
libARKernelInterface.so,libARKernelInterface_fn_0057d74c,0x0057d74c,0x0057d74c,20,.text,RN_nativeSetLayerMarginLimitOnlyMove,,False,False,True,0,0,,,,,,UNRESOLVED_DYNAMIC,3CD7DB222D4389BC5684F07EB08C1986811E9F25A83289D52EB494947A877DBF,DECOMPILED,DYNAMIC_JNI_UNRESOLVED_DYNAMIC,FACT,
libARKernelInterface.so,libARKernelInterface_fn_0057d760,0x0057d760,0x0057d760,20,.text,RN_nativeGetLayerMarginLimitOnlyMove,,False,False,True,0,0,,,,,,UNRESOLVED_DYNAMIC,9DAF6069D1463654AE9B94088F99DB958351E1A693EBF0A2C57180106F79F18C,DECOMPILED,DYNAMIC_JNI_UNRESOLVED_DYNAMIC,FACT,
libARKernelInterface.so,libARKernelInterface_fn_0057d774,0x0057d774,0x0057d774,12,.text,RN_nativeSetLayerDoubleTouchRotateValue,,False,False,True,0,0,,,,,,UNRESOLVED_DYNAMIC,E7D15A3622917EA96BB345177FAF3E8D462F07AD862CDCE9DBE9C2C44F8FBC5C,DECOMPILED,DYNAMIC_JNI_UNRESOLVED_DYNAMIC,FACT,
libARKernelInterface.so,libARKernelInterface_fn_0057d780,0x0057d780,0x0057d780,20,.text,RN_nativeGetLayerDoubleTouchRotateValue,,False,False,True,0,0,,,,,,UNRESOLVED_DYNAMIC,8E844914F50F6349C6B7B115BFC349DE05B8769165D115479107E67519BDECD6,DECOMPILED,DYNAMIC_JNI_UNRESOLVED_DYNAMIC,FACT,
libARKernelInterface.so,libARKernelInterface_fn_0057d794,0x0057d794,0x0057d794,20,.text,RN_nativeSetEnableMoveAdsorb,,False,False,True,0,0,,,,,,UNRESOLVED_DYNAMIC,E58DB50D807296424E7F32F895F2CB0EA3A1A934AAFD58206B0C417AAC5F56AC,DECOMPILED,DYNAMIC_JNI_UNRESOLVED_DYNAMIC,FACT,
libARKernelInterface.so,libARKernelInterface_fn_0057d7a8,0x0057d7a8,0x0057d7a8,20,.text,RN_nativeGetEnableMoveAdsorb,,False,False,True,0,0,,,,,,UNRESOLVED_DYNAMIC,F0686210EE3AEE0340839A828B3240CB1B8DFB26AA9294C86AEF4186BED9415F,DECOMPILED,DYNAMIC_JNI_UNRESOLVED_DYNAMIC,FACT,
libARKernelInterface.so,libARKernelInterface_fn_0057d7bc,0x0057d7bc,0x0057d7bc,12,.text,RN_nativeSetLayerMoveAdsorbIValue,,False,False,True,0,0,,,,,,UNRESOLVED_DYNAMIC,B96B8CB645F1C47B168B59218BDFF45DD4EB31B35C6BD6FF58EF65719A6F8C06,DECOMPILED,DYNAMIC_JNI_UNRESOLVED_DYNAMIC,FACT,
libARKernelInterface.so,libARKernelInterface_fn_0057d7c8,0x0057d7c8,0x0057d7c8,20,.text,RN_nativeGetLayerMoveAdsorbIValue,,False,False,True,0,0,,,,,,UNRESOLVED_DYNAMIC,00B3FE2B14E83D8B9C6735C6C686BB69E04EA1921DA2F910B62F99FA1E71A627,DECOMPILED,DYNAMIC_JNI_UNRESOLVED_DYNAMIC,FACT,
libARKernelInterface.so,libARKernelInterface_fn_0057d7dc,0x0057d7dc,0x0057d7dc,12,.text,RN_nativeSetLayerMoveAdsorbOValue,,False,False,True,0,0,,,,,,UNRESOLVED_DYNAMIC,D8D9BE73335BFE0302AC7F2B594BD9F11B65D9229BDC89D55CA242F030555225,DECOMPILED,DYNAMIC_JNI_UNRESOLVED_DYNAMIC,FACT,
libARKernelInterface.so,libARKernelInterface_fn_0057d7e8,0x0057d7e8,0x0057d7e8,20,.text,RN_nativeGetLayerMoveAdsorbOValue,,False,False,True,0,0,,,,,,UNRESOLVED_DYNAMIC,9AAB6DC90E81819594F261AC009FD6AF85FE044DBDD7FC006E140AD60EDF8DC7,DECOMPILED,DYNAMIC_JNI_UNRESOLVED_DYNAMIC,FACT,
libARKernelInterface.so,libARKernelInterface_fn_0057d7fc,0x0057d7fc,0x0057d7fc,12,.text,RN_nativeSetLayerAdsorbDatumLineCount,,False,False,True,0,0,,,,,,UNRESOLVED_DYNAMIC,92F199FFC6C97417687037D7504A8D9CDE521F0F56D7051A69B1413BD3BCF245,DECOMPILED,DYNAMIC_JNI_UNRESOLVED_DYNAMIC,FACT,
libARKernelInterface.so,libARKernelInterface_fn_0057d808,0x0057d808,0x0057d808,20,.text,RN_nativeGetLayerAdsorbDatumLineCount,,False,False,True,0,0,,,,,,UNRESOLVED_DYNAMIC,CDB84BCD6B53E6FCC0F499251B8C8EBD8518A2823B011BDBB43A4F9F26ECF095,DECOMPILED,DYNAMIC_JNI_UNRESOLVED_DYNAMIC,FACT,
libARKernelInterface.so,libARKernelInterface_fn_0057d81c,0x0057d81c,0x0057d81c,36,.text,RN_nativeSetLayerAdsorbDatumLines,,False,False,True,0,0,,,,,,UNRESOLVED_DYNAMIC,54D926D05338B484C86FD0689FA07AD33102294F4F91A8875C17D68D4FA8E868,DECOMPILED,DYNAMIC_JNI_UNRESOLVED_DYNAMIC,FACT,
libARKernelInterface.so,libARKernelInterface_fn_0057d840,0x0057d840,0x0057d840,176,.text,RN_nativeGetLayerAdsorbDatumLines,,False,False,True,0,1,,0x01046950,0x01046950,,,UNRESOLVED_DYNAMIC,E6C7880B0A57D0AA8A435D28D6780FEE20187A17B50ABCE922043D5DC191C55C,DECOMPILED,DYNAMIC_JNI_UNRESOLVED_DYNAMIC,FACT,
libARKernelInterface.so,libARKernelInterface_fn_0057d8f0,0x0057d8f0,0x0057d8f0,20,.text,RN_nativeSetLayerEnableRotateAdsorb,,False,False,True,0,0,,,,,,UNRESOLVED_DYNAMIC,5CB149AA164CBE4B5502A23921E33ED5940C4C5D841AFC669A82BF2BC706924D,DECOMPILED,DYNAMIC_JNI_UNRESOLVED_DYNAMIC,FACT,
libARKernelInterface.so,libARKernelInterface_fn_0057d904,0x0057d904,0x0057d904,20,.text,RN_nativeGetLayerEnableRotateAdsorb,,False,False,True,0,0,,,,,,UNRESOLVED_DYNAMIC,4747FD611F24A799DE7E7595EC1EEB173ACEB9B685468734622D5D682CC18EB8,DECOMPILED,DYNAMIC_JNI_UNRESOLVED_DYNAMIC,FACT,
libARKernelInterface.so,libARKernelInterface_fn_0057d918,0x0057d918,0x0057d918,12,.text,RN_nativeSetLayerRotateAdsorbIValue,,False,False,True,0,0,,,,,,UNRESOLVED_DYNAMIC,DD89D9B7B3C6CDC3FFAC18CC126F21A8BDFCD80DCA2F209C585B4939EE829657,DECOMPILED,DYNAMIC_JNI_UNRESOLVED_DYNAMIC,FACT,
libARKernelInterface.so,libARKernelInterface_fn_0057d924,0x0057d924,0x0057d924,20,.text,RN_nativeGetLayerRotateAdsorbIValue,,False,False,True,0,0,,,,,,UNRESOLVED_DYNAMIC,90CCAD4279E73960A221E73159FE6BFFFF04D40B25884BE1BFDAC16300A5FBB3,DECOMPILED,DYNAMIC_JNI_UNRESOLVED_DYNAMIC,FACT,
libARKernelInterface.so,libARKernelInterface_fn_0057d938,0x0057d938,0x0057d938,12,.text,RN_nativeSetLayerRotateAdsorbOValue,,False,False,True,0,0,,,,,,UNRESOLVED_DYNAMIC,2D3F8371BC92838616A6335AA74099F9FBECF4EDD71B1961CD2A60A3AFF60565,DECOMPILED,DYNAMIC_JNI_UNRESOLVED_DYNAMIC,FACT,
libARKernelInterface.so,libARKernelInterface_fn_0057d944,0x0057d944,0x0057d944,20,.text,RN_nativeGetLayerRotateAdsorbOValue,,False,False,True,0,0,,,,,,UNRESOLVED_DYNAMIC,EADCACB52A552F4D5892BB8503C7CF75CF8C62509138D8253F7BD98F97A6EAEF,DECOMPILED,DYNAMIC_JNI_UNRESOLVED_DYNAMIC,FACT,
libARKernelInterface.so,libARKernelInterface_fn_0057d958,0x0057d958,0x0057d958,12,.text,RN_nativeSetLayerAdsorbDatumAngleCount,,False,False,True,0,0,,,,,,UNRESOLVED_DYNAMIC,76BD9506FE7096CCCEC15A0DF7F2225FA77A9909D69E6D935F848C275D90E4B5,DECOMPILED,DYNAMIC_JNI_UNRESOLVED_DYNAMIC,FACT,
libARKernelInterface.so,libARKernelInterface_fn_0057d964,0x0057d964,0x0057d964,20,.text,RN_nativeGetLayerAdsorbDatumAngleCount,,False,False,True,0,0,,,,,,UNRESOLVED_DYNAMIC,7468E5ACBF218FCFAA39A3A22DF4962B2C3E2A59DE28F947056F9247D818AD1B,DECOMPILED,DYNAMIC_JNI_UNRESOLVED_DYNAMIC,FACT,
libARKernelInterface.so,libARKernelInterface_fn_0057d978,0x0057d978,0x0057d978,28,.text,RN_nativeSetLayerAdsorbDatumAngles,,False,False,True,0,0,,,,,,UNRESOLVED_DYNAMIC,C7009AE8E3E9F7E601C8C99DE4626B8CC6F8AA9BB97EC498F7BFAF528DC97869,DECOMPILED,DYNAMIC_JNI_UNRESOLVED_DYNAMIC,FACT,
libARKernelInterface.so,libARKernelInterface_fn_0057d994,0x0057d994,0x0057d994,36,.text,RN_nativeGetLayerAdsorbDatumAngles,,False,False,True,0,0,,,,,,UNRESOLVED_DYNAMIC,083786B9629B6ADB16FDF063FFFCED890580D7CA167BA8F973749EF19EEF6E64,DECOMPILED,DYNAMIC_JNI_UNRESOLVED_DYNAMIC,FACT,
libARKernelInterface.so,libARKernelInterface_fn_0057d9b8,0x0057d9b8,0x0057d9b8,20,.text,RN_nativeSetLayerEnableDoubleTouchTranslate,,False,False,True,0,0,,,,,,UNRESOLVED_DYNAMIC,EE6FD8848FAFC4FC9DE7880CD1A02F881FA677A6FFA064A6C02698CF3D808F8D,DECOMPILED,DYNAMIC_JNI_UNRESOLVED_DYNAMIC,FACT,
libARKernelInterface.so,libARKernelInterface_fn_0057d9cc,0x0057d9cc,0x0057d9cc,2048,.text,RN_nativeGetLayerEnableDoubleTouchTranslate,,False,False,True,0,32,,0x0055dbac;0x0055d76c;0x005a6b20;0x01046910;0x01046950,0x01046910;0x01046950;0x01046910;0x01046950;0x01046910,'com/meitu/mtlab/arkernelinterface/interaction/ARKernelCanvasPropertyJNI';'com/meitu/mtlab/arkernelinterface/interaction/ARKernelInteractionCallback';'selectedEvent',,UNRESOLVED_DYNAMIC,8214F6E16FB8E41F27F3CD532461DE56D8CF57B8845ADEE3EE0EDC596265F85A,DECOMPILED,DYNAMIC_JNI_UNRESOLVED_DYNAMIC,FACT,
libARKernelInterface.so,libARKernelInterface_fn_00581668,0x00581668,0x00581668,60,.text,RN_nativeValid,,False,False,True,0,1,,0x00581efc,,,,UNRESOLVED_DYNAMIC,1FEBE460733D7E5B38F900243302460418B7D5EC55A337DDE6AD35A909331736,DECOMPILED,DYNAMIC_JNI_UNRESOLVED_DYNAMIC,FACT,
libARKernelInterface.so,libARKernelInterface_fn_005816a4,0x005816a4,0x005816a4,224,.text,RN_nativeSetConfigPath,,False,False,True,0,6,,0x0055dce4;0x01046a20;0x00581efc;0x01046a20;0x01042be4,0x01046a20;0x01046a20;0x01046950,,,UNRESOLVED_DYNAMIC,AB60AA1A85ED711D2A7FA166EE8CF37F22965B31F34869BC30B8A654B14990D6,DECOMPILED,DYNAMIC_JNI_UNRESOLVED_DYNAMIC,FACT,
libARKernelInterface.so,libARKernelInterface_fn_00581784,0x00581784,0x00581784,224,.text,RN_nativeGetConfigPath,,False,False,True,0,4,,0x01046ab0;0x01046900;0x01046ac0;0x00581efc,0x01046ab0;0x01046900;0x01046ac0,,,UNRESOLVED_DYNAMIC,750734D9E9BEE07C232EC5CCA86758D4F40A5DB8D974F23DA41982F5FD45E38D,DECOMPILED,DYNAMIC_JNI_UNRESOLVED_DYNAMIC,FACT,
libARKernelInterface.so,libARKernelInterface_fn_00581864,0x00581864,0x00581864,116,.text,RN_nativeSetTotalTime,,False,False,True,0,2,,0x00581efc;0x01046950,0x01046950,,,UNRESOLVED_DYNAMIC,7ED33E6381E3EDC653FA5470798E972DB67E7E8458372B4BAAA21550CC27E538,DECOMPILED,DYNAMIC_JNI_UNRESOLVED_DYNAMIC,FACT,
libARKernelInterface.so,libARKernelInterface_fn_005818d8,0x005818d8,0x005818d8,44,.text,RN_nativeGetTotalTime,,False,False,True,0,1,,0x00581efc,,,,UNRESOLVED_DYNAMIC,1CA52FA464F59CF99D6CDE7A2B7444ED39B3B60EE8B6B4B00DDF3EE72221DF45,DECOMPILED,DYNAMIC_JNI_UNRESOLVED_DYNAMIC,FACT,
libARKernelInterface.so,libARKernelInterface_fn_00581904,0x00581904,0x00581904,116,.text,RN_nativeSetOnceTime,,False,False,True,0,2,,0x00581efc;0x01046950,0x01046950,,,UNRESOLVED_DYNAMIC,B1E7EF85A3787A40047C16CC475FD8785F0068CDDE68B0015C5CFC84DB48C747,DECOMPILED,DYNAMIC_JNI_UNRESOLVED_DYNAMIC,FACT,
libARKernelInterface.so,libARKernelInterface_fn_00581978,0x00581978,0x00581978,44,.text,RN_nativeGetOnceTime,,False,False,True,0,1,,0x00581efc,,,,UNRESOLVED_DYNAMIC,1603003F0D8B8C91B6DEAF8DDF800EF1AA72595A123A4AD2DAE4F94313EF1434,DECOMPILED,DYNAMIC_JNI_UNRESOLVED_DYNAMIC,FACT,
libARKernelInterface.so,libARKernelInterface_fn_005819a4,0x005819a4,0x005819a4,116,.text,RN_nativeSetSpeed,,False,False,True,0,2,,0x00581efc;0x01046950,0x01046950,,,UNRESOLVED_DYNAMIC,51D5F5C3D9BD4BB79BB21A8C2E950516C2A040FD62F7696E4F3FCF32009F694A,DECOMPILED,DYNAMIC_JNI_UNRESOLVED_DYNAMIC,FACT,
libARKernelInterface.so,libARKernelInterface_fn_00581a18,0x00581a18,0x00581a18,44,.text,RN_nativeGetSpeed,,False,False,True,0,1,,0x00581efc,,,,UNRESOLVED_DYNAMIC,4F71F5E942C021801020503EB28632E5374C5166794D35B56F113242CB6704C1,DECOMPILED,DYNAMIC_JNI_UNRESOLVED_DYNAMIC,FACT,
libARKernelInterface.so,libARKernelInterface_fn_00581a44,0x00581a44,0x00581a44,116,.text,RN_nativeSetBeginTimestamp,,False,False,True,0,2,,0x00581efc;0x01046950,0x01046950,,,UNRESOLVED_DYNAMIC,7BC9316317F4C24499DF3A64F2638B20A1B8E81070E1CFB2BF5848EBAFDA900D,DECOMPILED,DYNAMIC_JNI_UNRESOLVED_DYNAMIC,FACT,
libARKernelInterface.so,libARKernelInterface_fn_00581ab8,0x00581ab8,0x00581ab8,44,.text,RN_nativeGetBeginTimestamp,,False,False,True,0,1,,0x00581efc,,,,UNRESOLVED_DYNAMIC,B74D530E014263473A4D31D8381F96823193ED4F62F882BD9C38EF76A0B56CF4,DECOMPILED,DYNAMIC_JNI_UNRESOLVED_DYNAMIC,FACT,
libARKernelInterface.so,libARKernelInterface_fn_00581ae4,0x00581ae4,0x00581ae4,116,.text,RN_nativeSetEndTimestamp,,False,False,True,0,2,,0x00581efc;0x01046950,0x01046950,,,UNRESOLVED_DYNAMIC,C07455D3E6A4BEACFBCB69FFB328AC3E22E31D9B26BCD358A585C7DF12A962DD,DECOMPILED,DYNAMIC_JNI_UNRESOLVED_DYNAMIC,FACT,
libARKernelInterface.so,libARKernelInterface_fn_00581b58,0x00581b58,0x00581b58,44,.text,RN_nativeGetEndTimestamp,,False,False,True,0,1,,0x00581efc,,,,UNRESOLVED_DYNAMIC,B97538B6F396169572745909264E0542FAF608A1348F6E1890D9BE08C0445293,DECOMPILED,DYNAMIC_JNI_UNRESOLVED_DYNAMIC,FACT,
libARKernelInterface.so,libARKernelInterface_fn_00581b84,0x00581b84,0x00581b84,224,.text,RN_nativeSetJsonPath,,False,False,True,0,6,,0x0055dce4;0x01046a20;0x00581efc;0x01046a20;0x01042be4,0x01046a20;0x01046a20;0x01046950,,,UNRESOLVED_DYNAMIC,E32F37E50D98F9D257A0EF5AA48B14F20278980516AD4E388414851C5E000B4D,DECOMPILED,DYNAMIC_JNI_UNRESOLVED_DYNAMIC,FACT,
libARKernelInterface.so,libARKernelInterface_fn_00581c64,0x00581c64,0x00581c64,224,.text,RN_nativeGetJsonPath,,False,False,True,0,4,,0x01046ab0;0x01046900;0x01046ac0;0x00581efc,0x01046ab0;0x01046900;0x01046ac0,,,UNRESOLVED_DYNAMIC,4F02679E27414BFE286F2D5BB72182BE338DD81F7C177C238BD5867F1A16A0D4,DECOMPILED,DYNAMIC_JNI_UNRESOLVED_DYNAMIC,FACT,
libARKernelInterface.so,libARKernelInterface_fn_00581d44,0x00581d44,0x00581d44,116,.text,RN_nativeSetRepeatCount,,False,False,True,0,2,,0x00581efc;0x01046950,0x01046950,,,UNRESOLVED_DYNAMIC,915F0AFDAC1190824497B66C225C22105508CE8DC58B5C8CABC76D20FE9789EF,DECOMPILED,DYNAMIC_JNI_UNRESOLVED_DYNAMIC,FACT,
libARKernelInterface.so,libARKernelInterface_fn_00581db8,0x00581db8,0x00581db8,44,.text,RN_nativeGetRepeatCount,,False,False,True,0,1,,0x00581efc,,,,UNRESOLVED_DYNAMIC,8E8398F8606E77659CAB2B8642DF8055FF74A88B07F56ECBFC4E07EFA7CCB443,DECOMPILED,DYNAMIC_JNI_UNRESOLVED_DYNAMIC,FACT,
libARKernelInterface.so,libARKernelInterface_fn_00581de4,0x00581de4,0x00581de4,124,.text,RN_nativeSetShowStaticFrame,,False,False,True,0,2,,0x00581efc;0x01046950,0x01046950,,,UNRESOLVED_DYNAMIC,778F4B707D283D418F885B8E6EC8FB612EA09C4180B5FE3692DE78DA9869C0D8,DECOMPILED,DYNAMIC_JNI_UNRESOLVED_DYNAMIC,FACT,
libARKernelInterface.so,libARKernelInterface_fn_00581e60,0x00581e60,0x00581e60,244,.text,RN_nativeGetShowStaticFrame,,False,False,True,0,4,,0x00581efc;0x01046a30;0x01046a40;0x01046b00,0x01046a30;0x01046a40;0x01046b00,'com/meitu/mtlab/arkernelinterface/interaction/ARKernelLayerAnimationInteraction',,UNRESOLVED_DYNAMIC,C9A61343BDA3B7587FFDE7691F4F569EAC493DBC19491D21EDA11F1F364FCC34,DECOMPILED,DYNAMIC_JNI_UNRESOLVED_DYNAMIC,FACT,
libARKernelInterface.so,libARKernelInterface_fn_00581f54,0x00581f54,0x00581f54,44,.text,RN_nativeGetTag,,False,False,True,0,1,,0x00581efc,,,,UNRESOLVED_DYNAMIC,6774AF059DBF2492CA033CCC11B1D33C916BD9620352AA1CB76D3C60FD5B2E9C,DECOMPILED,DYNAMIC_JNI_UNRESOLVED_DYNAMIC,FACT,
libARKernelInterface.so,libARKernelInterface_fn_00581f80,0x00581f80,0x00581f80,124,.text,RN_nativeSetOriginalSize,,False,False,True,0,2,,0x00581efc;0x01046950,0x01046950,,,UNRESOLVED_DYNAMIC,4E14C2F780BB96F0FFCC8E8EE2457522DB9BFB1F78BF43CA435101B06DCA2147,DECOMPILED,DYNAMIC_JNI_UNRESOLVED_DYNAMIC,FACT,
libARKernelInterface.so,libARKernelInterface_fn_00581ffc,0x00581ffc,0x00581ffc,196,.text,RN_nativeGetOriginalSize,,False,False,True,0,2,,0x00581efc;0x01046950,0x01046950,,,UNRESOLVED_DYNAMIC,62623FE648BA6E6A5582865845DC49F18B40A5822E11907D5D8F618F719D6435,DECOMPILED,DYNAMIC_JNI_UNRESOLVED_DYNAMIC,FACT,
libARKernelInterface.so,libARKernelInterface_fn_005820c0,0x005820c0,0x005820c0,196,.text,RN_nativeGetFinalSize,,False,False,True,0,2,,0x00581efc;0x01046950,0x01046950,,,UNRESOLVED_DYNAMIC,2E79FA2F8F5A019A4824BF27DBFC82C742067DBC9878EA86B2120245253CBD63,DECOMPILED,DYNAMIC_JNI_UNRESOLVED_DYNAMIC,FACT,
libARKernelInterface.so,libARKernelInterface_fn_00582184,0x00582184,0x00582184,196,.text,RN_nativeGetDefaultSize,,False,False,True,0,2,,0x00581efc;0x01046950,0x01046950,,,UNRESOLVED_DYNAMIC,F25959ACBB20ED09B0DD6A64E18D7C849341909B143D9F8C04113737C2505979,DECOMPILED,DYNAMIC_JNI_UNRESOLVED_DYNAMIC,FACT,
libARKernelInterface.so,libARKernelInterface_fn_00582248,0x00582248,0x00582248,116,.text,RN_nativeSetTimestamp,,False,False,True,0,2,,0x00581efc;0x01046950,0x01046950,,,UNRESOLVED_DYNAMIC,3593AE60ADB5C17B615B0BD732E924110D2BFC8CAB80FD63D3C98A8427EAD63D,DECOMPILED,DYNAMIC_JNI_UNRESOLVED_DYNAMIC,FACT,
libARKernelInterface.so,libARKernelInterface_fn_005822bc,0x005822bc,0x005822bc,44,.text,RN_nativeGetTimestamp,,False,False,True,0,1,,0x00581efc,,,,UNRESOLVED_DYNAMIC,9F81184C4711ED30420CC810FB39AEBED262421144DBA2DF4E756E8DE6CD2350,DECOMPILED,DYNAMIC_JNI_UNRESOLVED_DYNAMIC,FACT,
libARKernelInterface.so,libARKernelInterface_fn_005822e8,0x005822e8,0x005822e8,124,.text,RN_nativeSetTrans,,False,False,True,0,2,,0x00581efc;0x01046950,0x01046950,,,UNRESOLVED_DYNAMIC,FBFDD505C2A75C9F70F71949CD30C452666D564E5EC9CCD3676428D02A0CF191,DECOMPILED,DYNAMIC_JNI_UNRESOLVED_DYNAMIC,FACT,
libARKernelInterface.so,libARKernelInterface_fn_00582364,0x00582364,0x00582364,196,.text,RN_nativeGetTrans,,False,False,True,0,2,,0x00581efc;0x01046950,0x01046950,,,UNRESOLVED_DYNAMIC,B1C930170261EA19B562224FD571A8ED63FF18194B11F09529998591E9E7CF9E,DECOMPILED,DYNAMIC_JNI_UNRESOLVED_DYNAMIC,FACT,
libARKernelInterface.so,libARKernelInterface_fn_00582428,0x00582428,0x00582428,116,.text,RN_nativeSetScale,,False,False,True,0,2,,0x00581efc;0x01046950,0x01046950,,,UNRESOLVED_DYNAMIC,C96516C73A2BF047719B10C047FFDF2B159B56A85966241514C8C2C9114A44DD,DECOMPILED,DYNAMIC_JNI_UNRESOLVED_DYNAMIC,FACT,
libARKernelInterface.so,libARKernelInterface_fn_0058249c,0x0058249c,0x0058249c,44,.text,RN_nativeGetScale,,False,False,True,0,1,,0x00581efc,,,,UNRESOLVED_DYNAMIC,23C85A6127756997C390167CDED3FD69ACCBDB7191DBC5C9299085B587A46D3A,DECOMPILED,DYNAMIC_JNI_UNRESOLVED_DYNAMIC,FACT,
libARKernelInterface.so,libARKernelInterface_fn_005824c8,0x005824c8,0x005824c8,116,.text,RN_nativeSetRotate,,False,False,True,0,2,,0x00581efc;0x01046950,0x01046950,,,UNRESOLVED_DYNAMIC,396BB5D0C9BBCD9D8A8B0AC28C6A5E97371106FE058BCF25CC572E7F97552118,DECOMPILED,DYNAMIC_JNI_UNRESOLVED_DYNAMIC,FACT,
libARKernelInterface.so,libARKernelInterface_fn_0058253c,0x0058253c,0x0058253c,44,.text,RN_nativeGetRotate,,False,False,True,0,1,,0x00581efc,,,,UNRESOLVED_DYNAMIC,3C5B5DD2B10C1D5BF988A72E811F1A1A71E755AF298E94346B136D224277A3D7,DECOMPILED,DYNAMIC_JNI_UNRESOLVED_DYNAMIC,FACT,
libARKernelInterface.so,libARKernelInterface_fn_00582568,0x00582568,0x00582568,124,.text,RN_nativeSetMirror,,False,False,True,0,2,,0x00581efc;0x01046950,0x01046950,,,UNRESOLVED_DYNAMIC,F0D6119B13A90CF659A681224B6EB852DB84D504DEFCB6F07550FDCEC882F355,DECOMPILED,DYNAMIC_JNI_UNRESOLVED_DYNAMIC,FACT,
libARKernelInterface.so,libARKernelInterface_fn_005825e4,0x005825e4,0x005825e4,60,.text,RN_nativeGetMirror,,False,False,True,0,1,,0x00581efc,,,,UNRESOLVED_DYNAMIC,29593725DF097E07BED19CFE0D71ED62FAA3BFCE8446E8F8F4C476F0E5A32C12,DECOMPILED,DYNAMIC_JNI_UNRESOLVED_DYNAMIC,FACT,
libARKernelInterface.so,libARKernelInterface_fn_00582620,0x00582620,0x00582620,124,.text,RN_nativeSetVisibility,,False,False,True,0,2,,0x00581efc;0x01046950,0x01046950,,,UNRESOLVED_DYNAMIC,395BC650F6166B7E4A9651EBBF8E67120B2BF6687DDD464D08126E404D1672BF,DECOMPILED,DYNAMIC_JNI_UNRESOLVED_DYNAMIC,FACT,
libARKernelInterface.so,libARKernelInterface_fn_0058269c,0x0058269c,0x0058269c,60,.text,RN_nativeGetVisibility,,False,False,True,0,1,,0x00581efc,,,,UNRESOLVED_DYNAMIC,73CF2BD1724F4DA7A1F78C84B353EF08B47AA279A6B0F6DD79FDBF7D7BBB1C7A,DECOMPILED,DYNAMIC_JNI_UNRESOLVED_DYNAMIC,FACT,
libARKernelInterface.so,libARKernelInterface_fn_005826d8,0x005826d8,0x005826d8,124,.text,RN_nativeSetAreaLimit,,False,False,True,0,2,,0x00581efc;0x01046950,0x01046950,,,UNRESOLVED_DYNAMIC,4E04F3E1D39799F5908F584DD9E4CA2667AA9802E72FD5C601640A641139BBA1,DECOMPILED,DYNAMIC_JNI_UNRESOLVED_DYNAMIC,FACT,
libARKernelInterface.so,libARKernelInterface_fn_00582754,0x00582754,0x00582754,60,.text,RN_nativeGetAreaLimit,,False,False,True,0,1,,0x00581efc,,,,UNRESOLVED_DYNAMIC,8BC9437331A0C0A96B4DCA978F9358DA19A7D4D8DB0904AF4ABE8C6D3E6F6F90,DECOMPILED,DYNAMIC_JNI_UNRESOLVED_DYNAMIC,FACT,
libARKernelInterface.so,libARKernelInterface_fn_00582790,0x00582790,0x00582790,116,.text,RN_nativeSetAlpha,,False,False,True,0,2,,0x00581efc;0x01046950,0x01046950,,,UNRESOLVED_DYNAMIC,A0F534FE1245F19C2DFD1E0B0A615E682DEE57C4D9F241451DAC0939CD1E2E14,DECOMPILED,DYNAMIC_JNI_UNRESOLVED_DYNAMIC,FACT,
libARKernelInterface.so,libARKernelInterface_fn_00582804,0x00582804,0x00582804,44,.text,RN_nativeGetAlpha,,False,False,True,0,1,,0x00581efc,,,,UNRESOLVED_DYNAMIC,3C5FFC667034AD3CE479F6BE6A313A35C17D25D3952DCECF5BD1388E50F15000,DECOMPILED,DYNAMIC_JNI_UNRESOLVED_DYNAMIC,FACT,
libARKernelInterface.so,libARKernelInterface_fn_00582830,0x00582830,0x00582830,120,.text,RN_nativeSetGlobalColor,,False,False,True,0,2,,0x00581efc;0x01046950,0x01046950,,,UNRESOLVED_DYNAMIC,C6ED8D300587131FF686C37C2D4BC4AC3A80D593000B9D6EA9B7165E773B3F78,DECOMPILED,DYNAMIC_JNI_UNRESOLVED_DYNAMIC,FACT,
libARKernelInterface.so,libARKernelInterface_fn_005828a8,0x005828a8,0x005828a8,196,.text,RN_nativeGetGlobalColor,,False,False,True,0,2,,0x00581efc;0x01046950,0x01046950,,,UNRESOLVED_DYNAMIC,147BC638A4639352DD247334B2C8BD3C0FA8C246EC044DEF3A2595C1E2BB5C07,DECOMPILED,DYNAMIC_JNI_UNRESOLVED_DYNAMIC,FACT,
libARKernelInterface.so,libARKernelInterface_fn_0058296c,0x0058296c,0x0058296c,124,.text,RN_nativeSetEnableGlobalColor,,False,False,True,0,2,,0x00581efc;0x01046950,0x01046950,,,UNRESOLVED_DYNAMIC,C61E0CA82F3AB88ABA23BDAE093860447FEF69DF10A50EFEAF0DBEEA1770C08F,DECOMPILED,DYNAMIC_JNI_UNRESOLVED_DYNAMIC,FACT,
libARKernelInterface.so,libARKernelInterface_fn_005829e8,0x005829e8,0x005829e8,60,.text,RN_nativeGetEnableGlobalColor,,False,False,True,0,1,,0x00581efc,,,,UNRESOLVED_DYNAMIC,408C406F502E1C2599D2C3E7E60F7FFC2E5C7F844D0E66DA09B1C4E187678D88,DECOMPILED,DYNAMIC_JNI_UNRESOLVED_DYNAMIC,FACT,
libARKernelInterface.so,libARKernelInterface_fn_00582a24,0x00582a24,0x00582a24,44,.text,RN_nativeGetBlendMode,,False,False,True,0,1,,0x00581efc,,,,UNRESOLVED_DYNAMIC,6F1006CB5101E2C3A000F66903BEB72539186F913CFE02D57EBFD55CACE5A0E2,DECOMPILED,DYNAMIC_JNI_UNRESOLVED_DYNAMIC,FACT,
libARKernelInterface.so,libARKernelInterface_fn_00582a50,0x00582a50,0x00582a50,116,.text,RN_nativeSetBlendMode,,False,False,True,0,2,,0x00581efc;0x01046950,0x01046950,,,UNRESOLVED_DYNAMIC,8283876C529D90614649457039B65B09744A86C38D366AC8A8194F6506ADA0E2,DECOMPILED,DYNAMIC_JNI_UNRESOLVED_DYNAMIC,FACT,
libARKernelInterface.so,libARKernelInterface_fn_00582ac4,0x00582ac4,0x00582ac4,196,.text,RN_nativeGetBorderVertexPosition,,False,False,True,0,2,,0x00581efc;0x01046950,0x01046950,,,UNRESOLVED_DYNAMIC,06B05E3610889FFB2C188525F4DB7AEFA63DE07072D67C2C63A42862EBAB1AB1,DECOMPILED,DYNAMIC_JNI_UNRESOLVED_DYNAMIC,FACT,
libARKernelInterface.so,libARKernelInterface_fn_00582b88,0x00582b88,0x00582b88,124,.text,RN_nativeGetBorderPadding,,False,False,True,0,2,,0x00581efc;0x01046950,0x01046950,,,UNRESOLVED_DYNAMIC,549E5547A6EC34A0EB81911551A2222D6CD8A03AA2C3F08F3EE1F41E31721C1A,DECOMPILED,DYNAMIC_JNI_UNRESOLVED_DYNAMIC,FACT,
libARKernelInterface.so,libARKernelInterface_fn_00582c04,0x00582c04,0x00582c04,32,.text,RN_nativeAppendAnimation,,False,False,True,0,0,,,,,,UNRESOLVED_DYNAMIC,46BE58CF4627BA7A740C4FF73AC93800FB5C5C5AFF655934758848AAE697444F,DECOMPILED,DYNAMIC_JNI_UNRESOLVED_DYNAMIC,FACT,
libARKernelInterface.so,libARKernelInterface_fn_00582c24,0x00582c24,0x00582c24,96,.text,RN_nativeSubtractAnimation,,False,False,True,0,1,,0x01046950,0x01046950,,,UNRESOLVED_DYNAMIC,24379214A896531C763C61E913938516B0EC2EC2FED27A878BC832D1367482D5,DECOMPILED,DYNAMIC_JNI_UNRESOLVED_DYNAMIC,FACT,
libARKernelInterface.so,libARKernelInterface_fn_00582c84,0x00582c84,0x00582c84,276,.text,RN_nativeAnimationList,,False,False,True,0,4,,0x01046a20;0x01046a20;0x01042be4;0x01046950,0x01046a20;0x01046a20;0x01046950,,,UNRESOLVED_DYNAMIC,C9721652F9F9094F049FE4A8FF008D95994B71E5240B577C6D300D440019EB11,DECOMPILED,DYNAMIC_JNI_UNRESOLVED_DYNAMIC,FACT,
libARKernelInterface.so,libARKernelInterface_fn_00582d98,0x00582d98,0x00582d98,124,.text,RN_nativeGetAnimation,,False,False,True,0,2,,0x0057eb00;0x01046950,0x01046950,,,UNRESOLVED_DYNAMIC,04851441CDE196B944DD94DA9003440C26FF912E634AE367FE83A06E2D3A9325,DECOMPILED,DYNAMIC_JNI_UNRESOLVED_DYNAMIC,FACT,
libARKernelInterface.so,libARKernelInterface_fn_00582e14,0x00582e14,0x00582e14,276,.text,RN_nativeGetTextFuncStructVector,,False,False,True,0,1,,0x0057e928,,'com/meitu/mtlab/arkernelinterface/interaction/ARKernelTextInteraction',,UNRESOLVED_DYNAMIC,ABBF830CB95026786DE20E8EB782CB0F3C64605E6E629DE032920B8450F10394,DECOMPILED,DYNAMIC_JNI_UNRESOLVED_DYNAMIC,FACT,
libARKernelInterface.so,libARKernelInterface_fn_00582f28,0x00582f28,0x00582f28,104,.text,RN_nativeSetEnableFlip,,False,False,True,0,1,,0x01046950,0x01046950,,,UNRESOLVED_DYNAMIC,0063F71CA0984A51F95C8B7113C2A70C3C11637F27A1DEDFD34308D330A3A807,DECOMPILED,DYNAMIC_JNI_UNRESOLVED_DYNAMIC,FACT,
libARKernelInterface.so,libARKernelInterface_fn_00582f90,0x00582f90,0x00582f90,68,.text,RN_nativeGetEnableFlip,,False,False,True,0,1,,0x00581efc,,,,UNRESOLVED_DYNAMIC,70A31F3F0614065ACAE5318F83DFDABFE9391CE7F52E58954173EE5AAADA6E2F,DECOMPILED,DYNAMIC_JNI_UNRESOLVED_DYNAMIC,FACT,
libARKernelInterface.so,libARKernelInterface_fn_00582fd4,0x00582fd4,0x00582fd4,124,.text,RN_nativeSetIsCurrentRenderThumbnail,,False,False,True,0,2,,0x00581efc;0x01046950,0x01046950,,,UNRESOLVED_DYNAMIC,51E97D33F0927E3A0958C21A4C7CD48E8DA12E88730FB2532A7047BABB155CB3,DECOMPILED,DYNAMIC_JNI_UNRESOLVED_DYNAMIC,FACT,
libARKernelInterface.so,libARKernelInterface_fn_00583050,0x00583050,0x00583050,60,.text,RN_nativeGetIsCurrentRenderThumbnail,,False,False,True,0,1,,0x00581efc,,,,UNRESOLVED_DYNAMIC,83F5EDF0E82DACAD056D091990E7A59A2010ABDE007D82D2AE142248F626A3DB,DECOMPILED,DYNAMIC_JNI_UNRESOLVED_DYNAMIC,FACT,
libARKernelInterface.so,libARKernelInterface_fn_0058308c,0x0058308c,0x0058308c,196,.text,RN_nativeGetCurrentFinalTrans,,False,False,True,0,2,,0x00581efc;0x01046950,0x01046950,,,UNRESOLVED_DYNAMIC,2005469EC81D7963D7AD1748D4CA6AE6716E9D426F40D6D3F3C9155E1E5DBCC8,DECOMPILED,DYNAMIC_JNI_UNRESOLVED_DYNAMIC,FACT,
libARKernelInterface.so,libARKernelInterface_fn_00583150,0x00583150,0x00583150,44,.text,RN_nativeGetTouchTransScale,,False,False,True,0,1,,0x00581efc,,,,UNRESOLVED_DYNAMIC,967641E0A1DB734FB2CCADF6245C9A016A2D076FB5EA1196FA1A774AB12C97E3,DECOMPILED,DYNAMIC_JNI_UNRESOLVED_DYNAMIC,FACT,
libARKernelInterface.so,libARKernelInterface_fn_0058317c,0x0058317c,0x0058317c,148,.text,RN_nativeSetScaleXY,,False,False,True,0,2,,0x00581efc;0x01046950,0x01046950,,,UNRESOLVED_DYNAMIC,110531EAECD7CC2DFE4546B8CA4E76D496862268242DAB4C6714191BD77334EA,DECOMPILED,DYNAMIC_JNI_UNRESOLVED_DYNAMIC,FACT,
libARKernelInterface.so,libARKernelInterface_fn_00583210,0x00583210,0x00583210,188,.text,RN_nativeGetScaleXY,,False,False,True,0,2,,0x00581efc;0x01046950,0x01046950,,,UNRESOLVED_DYNAMIC,C51DD7CC7D143DD9181EFD620ECACFFA45678970C027F61BFE1AFF5B79A131DB,DECOMPILED,DYNAMIC_JNI_UNRESOLVED_DYNAMIC,FACT,
libARKernelInterface.so,libARKernelInterface_fn_005832cc,0x005832cc,0x005832cc,148,.text,RN_nativeSetScissorRect,,False,False,True,0,2,,0x00581efc;0x01046950,0x01046950,,,UNRESOLVED_DYNAMIC,43FC886FA3A268B080F7EE88E03BD74E17190798BCE63AB1528B690D3C6BC64E,DECOMPILED,DYNAMIC_JNI_UNRESOLVED_DYNAMIC,FACT,
libARKernelInterface.so,libARKernelInterface_fn_00583360,0x00583360,0x00583360,200,.text,RN_nativeGetScissorRect,,False,False,True,0,2,,0x00581efc;0x01046950,0x01046950,,,UNRESOLVED_DYNAMIC,AE677960E62299FFC522990BBD6249F6BBA1BDCC7484555A652A1BE9BDE52D58,DECOMPILED,DYNAMIC_JNI_UNRESOLVED_DYNAMIC,FACT,
libARKernelInterface.so,libARKernelInterface_fn_00583428,0x00583428,0x00583428,116,.text,RN_nativeSetLocalLayerOutlineBorderMinValue,,False,False,True,0,2,,0x00581efc;0x01046950,0x01046950,,,UNRESOLVED_DYNAMIC,461CFD83226AADA85CC34136453C52B74D0BA619E81BAC0AC0D8766E4C046526,DECOMPILED,DYNAMIC_JNI_UNRESOLVED_DYNAMIC,FACT,
libARKernelInterface.so,libARKernelInterface_fn_0058349c,0x0058349c,0x0058349c,116,.text,RN_nativeSetLocalLayerOutlineBorderMarginLeft,,False,False,True,0,2,,0x00581efc;0x01046950,0x01046950,,,UNRESOLVED_DYNAMIC,D5E5C93F94A229D8A96AEE5027891CDD1906BB83A1E9E5E70F236D24A46BD385,DECOMPILED,DYNAMIC_JNI_UNRESOLVED_DYNAMIC,FACT,
libARKernelInterface.so,libARKernelInterface_fn_00583510,0x00583510,0x00583510,116,.text,RN_nativeSetLocalLayerOutlineBorderMarginRight,,False,False,True,0,2,,0x00581efc;0x01046950,0x01046950,,,UNRESOLVED_DYNAMIC,FE50D53EEBEE2264899BE16527895CFE2AEE2FC648AF3ED37B8FAD9A84D29726,DECOMPILED,DYNAMIC_JNI_UNRESOLVED_DYNAMIC,FACT,
libARKernelInterface.so,libARKernelInterface_fn_00583584,0x00583584,0x00583584,116,.text,RN_nativeSetLocalLayerOutlineBorderMarginTop,,False,False,True,0,2,,0x00581efc;0x01046950,0x01046950,,,UNRESOLVED_DYNAMIC,4D30A30438DC55C8FB72FD7F9941FDE26AC533B164702F1AF16CB1552219884B,DECOMPILED,DYNAMIC_JNI_UNRESOLVED_DYNAMIC,FACT,
libARKernelInterface.so,libARKernelInterface_fn_005835f8,0x005835f8,0x005835f8,116,.text,RN_nativeSetLocalLayerOutlineBorderMarginBottom,,False,False,True,0,2,,0x00581efc;0x01046950,0x01046950,,,UNRESOLVED_DYNAMIC,D3D382EBE79E403E0ABA887C3043C2D57A1DF5137118E233F38E51D11301DFCF,DECOMPILED,DYNAMIC_JNI_UNRESOLVED_DYNAMIC,FACT,
libARKernelInterface.so,libARKernelInterface_fn_0058366c,0x0058366c,0x0058366c,124,.text,RN_nativeSetEnableSelected,,False,False,True,0,2,,0x00581efc;0x01046950,0x01046950,,,UNRESOLVED_DYNAMIC,B7D32AA9A37719CE6EEB83DA71689D3CF9677E2881E237E6CF89AA4485BE70DE,DECOMPILED,DYNAMIC_JNI_UNRESOLVED_DYNAMIC,FACT,
libARKernelInterface.so,libARKernelInterface_fn_005836e8,0x005836e8,0x005836e8,60,.text,RN_nativeGetEnableSelected,,False,False,True,0,1,,0x00581efc,,,,UNRESOLVED_DYNAMIC,3B5DCF00DF0CAD02450662ACB7A8B93B0B555505C517518BE38F547B38EF4161,DECOMPILED,DYNAMIC_JNI_UNRESOLVED_DYNAMIC,FACT,
libARKernelInterface.so,libARKernelInterface_fn_00583724,0x00583724,0x00583724,60,.text,RN_nativeGetLockScreen,,False,False,True,0,1,,0x00581efc,,,,UNRESOLVED_DYNAMIC,8103F9488AC1C0D497609A21ADFC2958BB1A5E98BF1ECA6677BB4458AC595783,DECOMPILED,DYNAMIC_JNI_UNRESOLVED_DYNAMIC,FACT,
libARKernelInterface.so,libARKernelInterface_fn_00583760,0x00583760,0x00583760,60,.text,RN_nativeGetDesignedDraggable,,False,False,True,0,1,,0x00581efc,,,,UNRESOLVED_DYNAMIC,A2E37841296DD45A79B82A662A26698CD266EEC18F8DC4B0B1B56013805FE0F6,DECOMPILED,DYNAMIC_JNI_UNRESOLVED_DYNAMIC,FACT,
libARKernelInterface.so,libARKernelInterface_fn_0058379c,0x0058379c,0x0058379c,44,.text,RN_nativeGetTextInTimestamp,,False,False,True,0,1,,0x00581efc,,,,UNRESOLVED_DYNAMIC,6B2C172ED3FF18032C4EFA0499B72737E271DF47C2C1E4A0B48833CC2C921DBF,DECOMPILED,DYNAMIC_JNI_UNRESOLVED_DYNAMIC,FACT,
libARKernelInterface.so,libARKernelInterface_fn_005837c8,0x005837c8,0x005837c8,136,.text,RN_nativeGetWatermarConfig,,False,False,True,0,3,,0x00581220;0x00581efc;0x01046950,0x01046950,,,UNRESOLVED_DYNAMIC,AC224B99A85F82DB4598029F48AFC9F0A573E0AB0D373B05393CAD0796AA5D02,DECOMPILED,DYNAMIC_JNI_UNRESOLVED_DYNAMIC,FACT,
libARKernelInterface.so,libARKernelInterface_fn_00583850,0x00583850,0x00583850,2048,.text,RN_nativeSetWatermarConfig,,False,False,True,0,11,,0x00581efc;0x01046950;0x010469f0;0x00c2a86c;0x01046a20,0x01046950;0x010469f0;0x01046a20,'com/meitu/mtlab/arkernelinterface/interaction/ARKernelLayerInteraction$ARKernelWatermarkConfig';'type';'scale',,UNRESOLVED_DYNAMIC,DE7A26892DFA7298DBE86259372FDD7FA9A40CF4E05EBA17AF063CA7B12E90CF,DECOMPILED,DYNAMIC_JNI_UNRESOLVED_DYNAMIC,FACT,
libARKernelInterface.so,libARKernelInterface_fn_00585294,0x00585294,0x00585294,64,.text,RN_nativeCreateInstance,,False,False,True,0,4,,0x010469f0;0x00583b14;0x01046a20;0x01042be4,0x010469f0;0x01046a20,,,UNRESOLVED_DYNAMIC,D07BC84652006180AF35734711D872497C683D805BF7EDA4C249B008E0F3F7A9,DECOMPILED,DYNAMIC_JNI_UNRESOLVED_DYNAMIC,FACT,
libARKernelInterface.so,libARKernelInterface_fn_005852d4,0x005852d4,0x005852d4,48,.text,RN_nativeDestroyInstance,,False,False,True,0,1,,0x00583e70,,,,UNRESOLVED_DYNAMIC,368CFF8A2DE5870F91868E5A635505FE65E21BF903DA11D64DE7F7A3E061CD71,DECOMPILED,DYNAMIC_JNI_UNRESOLVED_DYNAMIC,FACT,
libARKernelInterface.so,libARKernelInterface_fn_00585304,0x00585304,0x00585304,20,.text,RN_nativeResizeCanvas,,False,False,True,0,0,,,,,,UNRESOLVED_DYNAMIC,35119E072FBB409756DDFA0E0390A159FAE55FF3721A94C859045C226F2ED951,DECOMPILED,DYNAMIC_JNI_UNRESOLVED_DYNAMIC,FACT,
libARKernelInterface.so,libARKernelInterface_fn_00585318,0x00585318,0x00585318,152,.text,RN_nativeRegisterVertexEventMark,,False,False,True,0,1,,0x00583eb4,,,,UNRESOLVED_DYNAMIC,B011ADC7ED7A8646E119A12681B014C59CEB77D27177D6CFC029B43D8FBCFE0D,DECOMPILED,DYNAMIC_JNI_UNRESOLVED_DYNAMIC,FACT,
libARKernelInterface.so,libARKernelInterface_fn_005853b0,0x005853b0,0x005853b0,20,.text,RN_nativeTouchBegin,,False,False,True,0,0,,,,,,UNRESOLVED_DYNAMIC,0ED815F269C4CEC8F244287E8F2252D20AFE68B7269CC13F956F817E0ECCFCB1,DECOMPILED,DYNAMIC_JNI_UNRESOLVED_DYNAMIC,FACT,
libARKernelInterface.so,libARKernelInterface_fn_005853c4,0x005853c4,0x005853c4,20,.text,RN_nativeTouchMove,,False,False,True,0,0,,,,,,UNRESOLVED_DYNAMIC,4AD1FA7E88B5FBE8A1F35D6E4A901874C5A8EF64641ED1397CA3613A0D0AAC79,DECOMPILED,DYNAMIC_JNI_UNRESOLVED_DYNAMIC,FACT,
libARKernelInterface.so,libARKernelInterface_fn_005853d8,0x005853d8,0x005853d8,20,.text,RN_nativeTouchEnd,,False,False,True,0,0,,,,,,UNRESOLVED_DYNAMIC,7A7AFD8201D0F65BC2A52EBB6825C675CA38F55FD8D588808AE1009A9C081F3B,DECOMPILED,DYNAMIC_JNI_UNRESOLVED_DYNAMIC,FACT,
libARKernelInterface.so,libARKernelInterface_fn_005853ec,0x005853ec,0x005853ec,16,.text,RN_nativeDispatch,,False,False,True,0,0,,,,,,UNRESOLVED_DYNAMIC,9CE41FB31801254DFCB96AA0CF655D2DBA7BBE3956173C656D60C34321EA912B,DECOMPILED,DYNAMIC_JNI_UNRESOLVED_DYNAMIC,FACT,
libARKernelInterface.so,libARKernelInterface_fn_005853fc,0x005853fc,0x005853fc,16,.text,RN_nativeSortLayer,,False,False,True,0,0,,,,,,UNRESOLVED_DYNAMIC,F45B45F3103F23723F21886E1C4DC25568503F26E6564EA2DB524A9652F9EE4A,DECOMPILED,DYNAMIC_JNI_UNRESOLVED_DYNAMIC,FACT,
libARKernelInterface.so,libARKernelInterface_fn_0058540c,0x0058540c,0x0058540c,104,.text,RN_nativeSetInteractionCallbackFunctionStruct,,False,False,True,0,2,,0x00583ee4;0x01046950,0x01046950,,,UNRESOLVED_DYNAMIC,AC3034A0FF6952DD3C0260B2CE822E33790EE4B587858F41DF8F1ABF33EE9EDB,DECOMPILED,DYNAMIC_JNI_UNRESOLVED_DYNAMIC,FACT,
libARKernelInterface.so,libARKernelInterface_fn_00585474,0x00585474,0x00585474,60,.text,RN_nativeFindLayer,,False,False,True,0,1,,0x0058436c,,,,UNRESOLVED_DYNAMIC,67B081799D8AE6A477DA434A2ACCD6CFC834587CBD0E541A7EDFAA1068D64D84,DECOMPILED,DYNAMIC_JNI_UNRESOLVED_DYNAMIC,FACT,
libARKernelInterface.so,libARKernelInterface_fn_005854b0,0x005854b0,0x005854b0,20,.text,RN_nativeGetSelectedLayer,,False,False,True,0,0,,,,,,UNRESOLVED_DYNAMIC,97238F697C60299E1B4C2DB6B6B5C5B9F23D699B8A4EAD7177D51BB78D33EB12,DECOMPILED,DYNAMIC_JNI_UNRESOLVED_DYNAMIC,FACT,
libARKernelInterface.so,libARKernelInterface_fn_005854c4,0x005854c4,0x005854c4,20,.text,RN_nativeSetSelectedLayer,,False,False,True,0,0,,,,,,UNRESOLVED_DYNAMIC,599189DA9B778DA3C532BE4ECC3AB8F140C2369F98B84D1D88A3A913BE21907D,DECOMPILED,DYNAMIC_JNI_UNRESOLVED_DYNAMIC,FACT,
libARKernelInterface.so,libARKernelInterface_fn_005854d8,0x005854d8,0x005854d8,44,.text,RN_nativeGetLayerVisibility,,False,False,True,0,1,,0x00584384,,,,UNRESOLVED_DYNAMIC,7B085824BEDA4ABDDB514E5113C5CC684226507C1D383D4F413CBA0EE220480F,DECOMPILED,DYNAMIC_JNI_UNRESOLVED_DYNAMIC,FACT,
libARKernelInterface.so,libARKernelInterface_fn_00585504,0x00585504,0x00585504,32,.text,RN_nativeSetLayerVisibility,,False,False,True,0,0,,,,,,UNRESOLVED_DYNAMIC,C63A8C2A73C80309D16B48B2C45EF8EB41EECC075261387CDC875E4E8CBD28B7,DECOMPILED,DYNAMIC_JNI_UNRESOLVED_DYNAMIC,FACT,
libARKernelInterface.so,libARKernelInterface_fn_00585524,0x00585524,0x00585524,44,.text,RN_nativeGetLayerAreaLimit,,False,False,True,0,1,,0x00584394,,,,UNRESOLVED_DYNAMIC,E6E4A1496A85FDB39B98216785CF4828AA54DE5A5B5030F8C4F30C05B0340942,DECOMPILED,DYNAMIC_JNI_UNRESOLVED_DYNAMIC,FACT,
libARKernelInterface.so,libARKernelInterface_fn_00585550,0x00585550,0x00585550,32,.text,RN_nativeSetLayerAreaLimit,,False,False,True,0,0,,,,,,UNRESOLVED_DYNAMIC,353A81197EC2235546F7D69D0464D2A29AE9888E60EADB409878067DDB94FE65,DECOMPILED,DYNAMIC_JNI_UNRESOLVED_DYNAMIC,FACT,
libARKernelInterface.so,libARKernelInterface_fn_00585570,0x00585570,0x00585570,24,.text,RN_nativeGetLayerAlpha,,False,False,True,0,0,,,,,,UNRESOLVED_DYNAMIC,7F4EA5652AF8756B754F558CD76A1822B1819726D1A4E8DB7159007A300392F6,DECOMPILED,DYNAMIC_JNI_UNRESOLVED_DYNAMIC,FACT,
libARKernelInterface.so,libARKernelInterface_fn_00585588,0x00585588,0x00585588,20,.text,RN_nativeSetLayerAlpha,,False,False,True,0,0,,,,,,UNRESOLVED_DYNAMIC,D73CC71998DF06E02B56B05EE5A543166721098F8A3B1E35ACD15805E7876183,DECOMPILED,DYNAMIC_JNI_UNRESOLVED_DYNAMIC,FACT,
libARKernelInterface.so,libARKernelInterface_fn_0058559c,0x0058559c,0x0058559c,44,.text,RN_nativeGetEnablePickup,,False,False,True,0,1,,0x005843b4,,,,UNRESOLVED_DYNAMIC,CA393077970C686AF8A2CF0A324BBB83E6B900BF000E0F89A3CCB8144FF6DBC3,DECOMPILED,DYNAMIC_JNI_UNRESOLVED_DYNAMIC,FACT,
libARKernelInterface.so,libARKernelInterface_fn_005855c8,0x005855c8,0x005855c8,32,.text,RN_nativeSetEnablePickup,,False,False,True,0,0,,,,,,UNRESOLVED_DYNAMIC,B55F34B1B8E5D5EC7A8A318DE1D56F152564770A8B3800410B2F4DDD4A4A1EF6,DECOMPILED,DYNAMIC_JNI_UNRESOLVED_DYNAMIC,FACT,
libARKernelInterface.so,libARKernelInterface_fn_005855e8,0x005855e8,0x005855e8,24,.text,RN_nativeSetEnableDeselect,,False,False,True,0,0,,,,,,UNRESOLVED_DYNAMIC,B6C06EA3E29D8AFC6A63D1DB1E9CF8A34013DCA5958EE1526903F6D0A7E13957,DECOMPILED,DYNAMIC_JNI_UNRESOLVED_DYNAMIC,FACT,
libARKernelInterface.so,libARKernelInterface_fn_00585600,0x00585600,0x00585600,136,.text,RN_nativeGetEnableDeselect,,False,False,True,0,1,,0x005843cc,,'com/meitu/mtlab/arkernelinterface/interaction/ARKernelPublicInteractionService',,UNRESOLVED_DYNAMIC,F1FE2AC8B6433D998EF929AAA9003174C2C24CE6AF24B2DD7831C16BEA35A294,DECOMPILED,DYNAMIC_JNI_UNRESOLVED_DYNAMIC,FACT,
libARKernelInterface.so,libARKernelInterface_fn_00585688,0x00585688,0x00585688,44,.text,RN_nativeTextEnum,,False,False,True,0,1,,0x00581efc,,,,UNRESOLVED_DYNAMIC,862162A0582F619566B77384C3DE989A653C1BAAF580E8477E98E641AE7B93EB,DECOMPILED,DYNAMIC_JNI_UNRESOLVED_DYNAMIC,FACT,
libARKernelInterface.so,libARKernelInterface_fn_005856b4,0x005856b4,0x005856b4,224,.text,RN_nativeGetInputFlag,,False,False,True,0,4,,0x01046ab0;0x01046900;0x01046ac0;0x00581efc,0x01046ab0;0x01046900;0x01046ac0,,,UNRESOLVED_DYNAMIC,1A60024431E38CF0CD56650E0F31D681500315F1F6D4CC9A4B1EE87F72C83CC2,DECOMPILED,DYNAMIC_JNI_UNRESOLVED_DYNAMIC,FACT,
libARKernelInterface.so,libARKernelInterface_fn_00585794,0x00585794,0x00585794,200,.text,RN_nativeTextRect,,False,False,True,0,2,,0x00581efc;0x01046950,0x01046950,,,UNRESOLVED_DYNAMIC,A1EE4B7506145BDA84BB91FAF1BC8B54FED0AE68CDBDF5C7F649275CD1EB8AB8,DECOMPILED,DYNAMIC_JNI_UNRESOLVED_DYNAMIC,FACT,
libARKernelInterface.so,libARKernelInterface_fn_0058585c,0x0058585c,0x0058585c,932,.text,RN_nativeGetText,,False,False,True,0,8,,0x01046930;0x01046980;0x01046a20;0x01046a20;0x00581efc,0x01046930;0x01046980;0x01046a20;0x01046a20;0x01046950,,,UNRESOLVED_DYNAMIC,FFECA5468F7B3CD7B38F4D570B02802B81BFB6A0D3DD886F7778426197171097,DECOMPILED,DYNAMIC_JNI_UNRESOLVED_DYNAMIC,FACT,
libARKernelInterface.so,libARKernelInterface_fn_00585c00,0x00585c00,0x00585c00,932,.text,RN_nativeGetMissGlyphText,,False,False,True,0,8,,0x01046930;0x01046980;0x01046a20;0x01046a20;0x00581efc,0x01046930;0x01046980;0x01046a20;0x01046a20;0x01046950,,,UNRESOLVED_DYNAMIC,C02A14E977AD911E98117CD4AC6EE13C87514C300198F6F0768DBEE6042FC3F8,DECOMPILED,DYNAMIC_JNI_UNRESOLVED_DYNAMIC,FACT,
libARKernelInterface.so,libARKernelInterface_fn_00585fa4,0x00585fa4,0x00585fa4,640,.text,RN_nativeSetText,,False,False,True,0,14,,0x005899b0;0x00589c10;0x01046a20;0x00570fc8;0x01046a20,0x01046a20;0x01046a20;0x01046a20;0x01046a20;0x01046a20,,,UNRESOLVED_DYNAMIC,D11EFF4A55E5C9B6BBEAE3105316219141EEC9701188965B75EB94FB28FC10F9,DECOMPILED,DYNAMIC_JNI_UNRESOLVED_DYNAMIC,FACT,
libARKernelInterface.so,libARKernelInterface_fn_00586224,0x00586224,0x00586224,420,.text,RN_nativeGetFontLibrary,,False,False,True,0,8,,0x01046a20;0x01046ab0;0x01046900;0x01046ac0;0x00581efc,0x01046a20;0x01046ab0;0x01046900;0x01046ac0;0x01046a20,,,UNRESOLVED_DYNAMIC,B9F0FF007D918EB4F5B9CDA8587C4E92A199E363D1BB23C613981B975AB0FDD7,DECOMPILED,DYNAMIC_JNI_UNRESOLVED_DYNAMIC,FACT,
libARKernelInterface.so,libARKernelInterface_fn_005863c8,0x005863c8,0x005863c8,268,.text,RN_nativeSetFontLibrary,,False,False,True,0,9,,0x0055dce4;0x00570f58;0x01046a20;0x01046a20;0x00581efc,0x01046a20;0x01046a20;0x01046a20;0x01046a20;0x01046950,,,UNRESOLVED_DYNAMIC,E3369673AE6207811CF4FB0DF57CD83806251374427398FD4DDC352609531940,DECOMPILED,DYNAMIC_JNI_UNRESOLVED_DYNAMIC,FACT,
libARKernelInterface.so,libARKernelInterface_fn_005864d4,0x005864d4,0x005864d4,44,.text,RN_nativeGetFontSize,,False,False,True,0,1,,0x00581efc,,,,UNRESOLVED_DYNAMIC,7DAC4B66F1C51AD864BE9468E4C712AD1DCC57CF813BF172A091501FEE5FB9AD,DECOMPILED,DYNAMIC_JNI_UNRESOLVED_DYNAMIC,FACT,
libARKernelInterface.so,libARKernelInterface_fn_00586500,0x00586500,0x00586500,116,.text,RN_nativeSetFontSize,,False,False,True,0,2,,0x00581efc;0x01046950,0x01046950,,,UNRESOLVED_DYNAMIC,8D0BDD7C4542C083B6E9714441C4982DEA7549F0541A4CF924F9DA9D985A1D26,DECOMPILED,DYNAMIC_JNI_UNRESOLVED_DYNAMIC,FACT,
libARKernelInterface.so,libARKernelInterface_fn_00586574,0x00586574,0x00586574,136,.text,RN_nativeGetColorORGBA,,False,False,True,0,3,,0x0057f5e0;0x00581efc;0x01046950,0x01046950,,,UNRESOLVED_DYNAMIC,FC09B2164C9BA7F14F60B7F75C5A879C03C66058A50333441A6A5786E287306C,DECOMPILED,DYNAMIC_JNI_UNRESOLVED_DYNAMIC,FACT,
libARKernelInterface.so,libARKernelInterface_fn_005865fc,0x005865fc,0x005865fc,516,.text,RN_nativeSetColorORGBA,,False,False,True,0,2,,0x00581efc;0x01046950,0x01046950,'com/meitu/mtlab/arkernelinterface/interaction/ARKernelTextInteraction$ARKernelColorORGBA',,UNRESOLVED_DYNAMIC,F4F28A4654BF7893F2CCD0B8EAAD4D033E8E0FEA5F90585E4CFB99F9F970F85C,DECOMPILED,DYNAMIC_JNI_UNRESOLVED_DYNAMIC,FACT,
libARKernelInterface.so,libARKernelInterface_fn_00586800,0x00586800,0x00586800,60,.text,RN_nativeGetIsStaticShow,,False,False,True,0,1,,0x00581efc,,,,UNRESOLVED_DYNAMIC,84A1946B1E4DF5A54F3D42BF4A3207E56774F2EB401A6D7BBF120B75585BA2B4,DECOMPILED,DYNAMIC_JNI_UNRESOLVED_DYNAMIC,FACT,
libARKernelInterface.so,libARKernelInterface_fn_0058683c,0x0058683c,0x0058683c,124,.text,RN_nativeSetIsStaticShow,,False,False,True,0,2,,0x00581efc;0x01046950,0x01046950,,,UNRESOLVED_DYNAMIC,056FAB6EE705B031D361C8DF8D92E9BFE26F59C94C85ECEEF2099BA77FE78662,DECOMPILED,DYNAMIC_JNI_UNRESOLVED_DYNAMIC,FACT,
libARKernelInterface.so,libARKernelInterface_fn_005868b8,0x005868b8,0x005868b8,136,.text,RN_nativeGetStrokeConfig,,False,False,True,0,3,,0x0057f7e0;0x00581efc;0x01046950,0x01046950,,,UNRESOLVED_DYNAMIC,52EE3AD72E9126474E434C8382D5B09A5CC613AAF8E45E1AFA3502706BF0AE08,DECOMPILED,DYNAMIC_JNI_UNRESOLVED_DYNAMIC,FACT,
libARKernelInterface.so,libARKernelInterface_fn_00586940,0x00586940,0x00586940,744,.text,RN_nativeSetStrokeConfig,,False,False,True,0,2,,0x00581efc;0x01046950,0x01046950,'com/meitu/mtlab/arkernelinterface/interaction/ARKernelTextInteraction$ARKernelTextStrokeConfig';'enable';'editable',,UNRESOLVED_DYNAMIC,622C6D00F1AFAE7ED69A0E4AAEDEB9B9521D786B8229175DE137529FBB25E2F2,DECOMPILED,DYNAMIC_JNI_UNRESOLVED_DYNAMIC,FACT,
libARKernelInterface.so,libARKernelInterface_fn_00586c28,0x00586c28,0x00586c28,136,.text,RN_nativeGetShadowConfig,,False,False,True,0,3,,0x0057fab0;0x00581efc;0x01046950,0x01046950,,,UNRESOLVED_DYNAMIC,344A7243DF81536B3B8002FA9704F55225727FFAB0569301A51B6B72E9753DF7,DECOMPILED,DYNAMIC_JNI_UNRESOLVED_DYNAMIC,FACT,
libARKernelInterface.so,libARKernelInterface_fn_00586cb0,0x00586cb0,0x00586cb0,876,.text,RN_nativeSetShadowConfig,,False,False,True,0,2,,0x00581efc;0x01046950,0x01046950,'com/meitu/mtlab/arkernelinterface/interaction/ARKernelTextInteraction$ARKernelTextShadowConfig';'enable';'editable',,UNRESOLVED_DYNAMIC,FCC0004CC1FF3AE334500473055B338F888A91E18EFC32A44691E191024B7FB6,DECOMPILED,DYNAMIC_JNI_UNRESOLVED_DYNAMIC,FACT,
libARKernelInterface.so,libARKernelInterface_fn_0058701c,0x0058701c,0x0058701c,136,.text,RN_nativeGetGlowConfig,,False,False,True,0,3,,0x0057fe00;0x00581efc;0x01046950,0x01046950,,,UNRESOLVED_DYNAMIC,EC5F997C03B1C664ECC3A2CF2713945A1E7EA8BA5C4F75ADF480719AB9DD0DCD,DECOMPILED,DYNAMIC_JNI_UNRESOLVED_DYNAMIC,FACT,
libARKernelInterface.so,libARKernelInterface_fn_005870a4,0x005870a4,0x005870a4,884,.text,RN_nativeSetGlowConfig,,False,False,True,0,2,,0x00581efc;0x01046950,0x01046950,'com/meitu/mtlab/arkernelinterface/interaction/ARKernelTextInteraction$ARKernelTextGlowConfig';'enable';'editable',,UNRESOLVED_DYNAMIC,02D4E4D65F8B690F146781F26E5486B7694EBECDA961D24D213A8DED5198CBAB,DECOMPILED,DYNAMIC_JNI_UNRESOLVED_DYNAMIC,FACT,
libARKernelInterface.so,libARKernelInterface_fn_00587418,0x00587418,0x00587418,136,.text,RN_nativeGetBackgroundColorConfig,,False,False,True,0,3,,0x00580150;0x00581efc;0x01046950,0x01046950,,,UNRESOLVED_DYNAMIC,FE494692303C608BFE4300AACA75220131060B4923F2EE05B23B449C2C5E6FC4,DECOMPILED,DYNAMIC_JNI_UNRESOLVED_DYNAMIC,FACT,
libARKernelInterface.so,libARKernelInterface_fn_005874a0,0x005874a0,0x005874a0,1416,.text,RN_nativeSetBackgroundColorConfig,,False,False,True,0,2,,0x00581efc;0x01046950,0x01046950,'com/meitu/mtlab/arkernelinterface/interaction/ARKernelTextInteraction$ARKernelTextBackgroundColorConfig';'enable';'editable',,UNRESOLVED_DYNAMIC,B90DA2ED279B39129DCE4C35D2F1E4174C065DE1EC12F4EEC1FDFA1756DFA618,DECOMPILED,DYNAMIC_JNI_UNRESOLVED_DYNAMIC,FACT,
libARKernelInterface.so,libARKernelInterface_fn_00587a28,0x00587a28,0x00587a28,280,.text,RN_nativeGetGradientConfig,,False,False,True,0,8,,0x005808e8;0x01046a20;0x01046a20;0x00581efc;0x00587afc,0x01046a20;0x01046a20;0x01046950;0x01046a20,,,UNRESOLVED_DYNAMIC,CEC17E8385327F561E45485E7647E58D45536613C3880321FDC2D1038DDCA71B,DECOMPILED,DYNAMIC_JNI_UNRESOLVED_DYNAMIC,FACT,
libARKernelInterface.so,libARKernelInterface_fn_00587b40,0x00587b40,0x00587b40,1852,.text,RN_nativeSetGradientConfig,,False,False,True,0,27,,0x010469f0;0x01046a20;0x010469f0;0x01046a20;0x00588174,0x010469f0;0x01046a20;0x010469f0;0x01046a20;0x01046a20,'com/meitu/mtlab/arkernelinterface/interaction/ARKernelTextInteraction$ARKernelTextGradientConfig';'angle';'points',,UNRESOLVED_DYNAMIC,EA4237B4380E050F476C6308FA32B0A97D895ED16C68AB42D7FF2951948DB195,DECOMPILED,DYNAMIC_JNI_UNRESOLVED_DYNAMIC,FACT,
libARKernelInterface.so,libARKernelInterface_fn_0058827c,0x0058827c,0x0058827c,60,.text,RN_nativeGetIsBold,,False,False,True,0,1,,0x00581efc,,,,UNRESOLVED_DYNAMIC,3E06F770DA921E90E5C918CF4A4676B03AEB70A05F4C4317F8AEBBF4DB5CF3DB,DECOMPILED,DYNAMIC_JNI_UNRESOLVED_DYNAMIC,FACT,
libARKernelInterface.so,libARKernelInterface_fn_005882b8,0x005882b8,0x005882b8,124,.text,RN_nativeSetIsBold,,False,False,True,0,2,,0x00581efc;0x01046950,0x01046950,,,UNRESOLVED_DYNAMIC,691F8A7D02B9B2B891AD5D15F1E2810841A0127C5FD046F29CF63368E8184039,DECOMPILED,DYNAMIC_JNI_UNRESOLVED_DYNAMIC,FACT,
libARKernelInterface.so,libARKernelInterface_fn_00588334,0x00588334,0x00588334,60,.text,RN_nativeGetIsItalic,,False,False,True,0,1,,0x00581efc,,,,UNRESOLVED_DYNAMIC,358F393A7F5381E3D8A30BF4E0B0914B553CEFF0E906BD98C8F703BE6E6B1FD5,DECOMPILED,DYNAMIC_JNI_UNRESOLVED_DYNAMIC,FACT,
libARKernelInterface.so,libARKernelInterface_fn_00588370,0x00588370,0x00588370,124,.text,RN_nativeSetIsItalic,,False,False,True,0,2,,0x00581efc;0x01046950,0x01046950,,,UNRESOLVED_DYNAMIC,2930C18984B359C9F7077857FA60F45636A3E23D80C50171A911E921F123EE94,DECOMPILED,DYNAMIC_JNI_UNRESOLVED_DYNAMIC,FACT,
libARKernelInterface.so,libARKernelInterface_fn_005883ec,0x005883ec,0x005883ec,60,.text,RN_nativeGetIsUnderline,,False,False,True,0,1,,0x00581efc,,,,UNRESOLVED_DYNAMIC,3414ED75BDD522B44BF6498E3A38F3E59860DCFBCE06AD3046A76035B254B5A1,DECOMPILED,DYNAMIC_JNI_UNRESOLVED_DYNAMIC,FACT,
libARKernelInterface.so,libARKernelInterface_fn_00588428,0x00588428,0x00588428,124,.text,RN_nativeSetIsUnderline,,False,False,True,0,2,,0x00581efc;0x01046950,0x01046950,,,UNRESOLVED_DYNAMIC,208765638B81A9B70F6BF76CA6638FB9358D489C170154A3B47E49F91C9065EF,DECOMPILED,DYNAMIC_JNI_UNRESOLVED_DYNAMIC,FACT,
libARKernelInterface.so,libARKernelInterface_fn_005884a4,0x005884a4,0x005884a4,60,.text,RN_nativeGetIsStrikeThrough,,False,False,True,0,1,,0x00581efc,,,,UNRESOLVED_DYNAMIC,0CB849B311F19E9B83DAB62B05B8CB7611EFF8174848105AE1E7BCA117EBBA52,DECOMPILED,DYNAMIC_JNI_UNRESOLVED_DYNAMIC,FACT,
libARKernelInterface.so,libARKernelInterface_fn_005884e0,0x005884e0,0x005884e0,124,.text,RN_nativeSetIsStrikeThrough,,False,False,True,0,2,,0x00581efc;0x01046950,0x01046950,,,UNRESOLVED_DYNAMIC,ABA191B534837632D92C2A09F8697AD2313C89179FB36074334C2B1A39A85DCF,DECOMPILED,DYNAMIC_JNI_UNRESOLVED_DYNAMIC,FACT,
libARKernelInterface.so,libARKernelInterface_fn_0058855c,0x0058855c,0x0058855c,44,.text,RN_nativeGetJustify,,False,False,True,0,1,,0x00581efc,,,,UNRESOLVED_DYNAMIC,1F8776C347C701C845558C8281E6B994C501A7548ED8BF25F3037D863FB5C2FD,DECOMPILED,DYNAMIC_JNI_UNRESOLVED_DYNAMIC,FACT,
libARKernelInterface.so,libARKernelInterface_fn_00588588,0x00588588,0x00588588,116,.text,RN_nativeSetJustify,,False,False,True,0,2,,0x00581efc;0x01046950,0x01046950,,,UNRESOLVED_DYNAMIC,5EA5C720D2DB460CA54DBE3D52A26D9F094BEBBB9BC3C4C4224702679BC68262,DECOMPILED,DYNAMIC_JNI_UNRESOLVED_DYNAMIC,FACT,
libARKernelInterface.so,libARKernelInterface_fn_005885fc,0x005885fc,0x005885fc,60,.text,RN_nativeGetHorizontal,,False,False,True,0,1,,0x00581efc,,,,UNRESOLVED_DYNAMIC,4600D8FCC544997D4D478D147A9C5B3349416B429D6DB842CED798F89C507DC5,DECOMPILED,DYNAMIC_JNI_UNRESOLVED_DYNAMIC,FACT,
libARKernelInterface.so,libARKernelInterface_fn_00588638,0x00588638,0x00588638,124,.text,RN_nativeSetHorizontal,,False,False,True,0,2,,0x00581efc;0x01046950,0x01046950,,,UNRESOLVED_DYNAMIC,B427153D45304D96213DF47A48C3A2549138CF2FA836D227C4ABCBEF007720F1,DECOMPILED,DYNAMIC_JNI_UNRESOLVED_DYNAMIC,FACT,
libARKernelInterface.so,libARKernelInterface_fn_005886b4,0x005886b4,0x005886b4,60,.text,RN_nativeGetLeftToRight,,False,False,True,0,1,,0x00581efc,,,,UNRESOLVED_DYNAMIC,014FEE9402EF0D465139A4E7F71D0849329D147777B8AC9B842EB1FD0D0243B2,DECOMPILED,DYNAMIC_JNI_UNRESOLVED_DYNAMIC,FACT,
libARKernelInterface.so,libARKernelInterface_fn_005886f0,0x005886f0,0x005886f0,124,.text,RN_nativeSetLeftToRight,,False,False,True,0,2,,0x00581efc;0x01046950,0x01046950,,,UNRESOLVED_DYNAMIC,B440D76EE7D714522175A6C7AD12A335AECD4D089116752679D1F823AD7FB6D2,DECOMPILED,DYNAMIC_JNI_UNRESOLVED_DYNAMIC,FACT,
libARKernelInterface.so,libARKernelInterface_fn_0058876c,0x0058876c,0x0058876c,60,.text,RN_nativeGetWrap,,False,False,True,0,1,,0x00581efc,,,,UNRESOLVED_DYNAMIC,141CC62A323FCD4B84C738EA8A204F2C1E3D25F81C1A5A81F7E2FFB69F3CAE04,DECOMPILED,DYNAMIC_JNI_UNRESOLVED_DYNAMIC,FACT,
libARKernelInterface.so,libARKernelInterface_fn_005887a8,0x005887a8,0x005887a8,124,.text,RN_nativeSetWrap,,False,False,True,0,2,,0x00581efc;0x01046950,0x01046950,,,UNRESOLVED_DYNAMIC,62E1FD07CFECB189B4CE317C4C0F16EA7D699F03D6C3B6D6D0688A9595ADAE35,DECOMPILED,DYNAMIC_JNI_UNRESOLVED_DYNAMIC,FACT,
libARKernelInterface.so,libARKernelInterface_fn_00588824,0x00588824,0x00588824,60,.text,RN_nativeGetShrink,,False,False,True,0,1,,0x00581efc,,,,UNRESOLVED_DYNAMIC,085BA35A9B3120C076E7237AA89F4737FDB3EA5E7AE9975EA97E24BE3642FCC9,DECOMPILED,DYNAMIC_JNI_UNRESOLVED_DYNAMIC,FACT,
libARKernelInterface.so,libARKernelInterface_fn_00588860,0x00588860,0x00588860,124,.text,RN_nativeSetShrink,,False,False,True,0,2,,0x00581efc;0x01046950,0x01046950,,,UNRESOLVED_DYNAMIC,899490248AAB09E9DDC3597FA2397FAF2F9757F78CED075271404AA39C84D20F,DECOMPILED,DYNAMIC_JNI_UNRESOLVED_DYNAMIC,FACT,
libARKernelInterface.so,libARKernelInterface_fn_005888dc,0x005888dc,0x005888dc,44,.text,RN_nativeGetSpacing,,False,False,True,0,1,,0x00581efc,,,,UNRESOLVED_DYNAMIC,14F2D4E17AC24C238C584FB0A14CEC7842CC1EFCFEF401C442B4FB869D84607F,DECOMPILED,DYNAMIC_JNI_UNRESOLVED_DYNAMIC,FACT,
libARKernelInterface.so,libARKernelInterface_fn_00588908,0x00588908,0x00588908,116,.text,RN_nativeSetSpacing,,False,False,True,0,2,,0x00581efc;0x01046950,0x01046950,,,UNRESOLVED_DYNAMIC,D3BDE5A6F686962A31090C97CC24E985CCE46EAB78E945D709DBFB7447E3239C,DECOMPILED,DYNAMIC_JNI_UNRESOLVED_DYNAMIC,FACT,
libARKernelInterface.so,libARKernelInterface_fn_0058897c,0x0058897c,0x0058897c,44,.text,RN_nativeGetLineSpacing,,False,False,True,0,1,,0x00581efc,,,,UNRESOLVED_DYNAMIC,D8BFE1E41CAFA53552DC129438F44C2EA480F17FA06D247819FD10E29FE07131,DECOMPILED,DYNAMIC_JNI_UNRESOLVED_DYNAMIC,FACT,
libARKernelInterface.so,libARKernelInterface_fn_005889a8,0x005889a8,0x005889a8,116,.text,RN_nativeSetLineSpacing,,False,False,True,0,2,,0x00581efc;0x01046950,0x01046950,,,UNRESOLVED_DYNAMIC,7C66D2F3CBC7B4778C34834026E5EBF2C4006A5463C0B45D4398EB998373E233,DECOMPILED,DYNAMIC_JNI_UNRESOLVED_DYNAMIC,FACT,
libARKernelInterface.so,libARKernelInterface_fn_00588a1c,0x00588a1c,0x00588a1c,196,.text,RN_nativeGetSubLayerVertex,,False,False,True,0,2,,0x00581efc;0x01046950,0x01046950,,,UNRESOLVED_DYNAMIC,5B85F63E453A4855072182BB7B1F20F4BD7833CA25E5FED8A22C1497A5470C4A,DECOMPILED,DYNAMIC_JNI_UNRESOLVED_DYNAMIC,FACT,
libARKernelInterface.so,libARKernelInterface_fn_00588ae0,0x00588ae0,0x00588ae0,44,.text,RN_nativeGetTextLayout,,False,False,True,0,1,,0x00581efc,,,,UNRESOLVED_DYNAMIC,C3D7E4CCFDC9D879636E9F3BDAD691A80A350B01688A40C76429517383D0921A,DECOMPILED,DYNAMIC_JNI_UNRESOLVED_DYNAMIC,FACT,
libARKernelInterface.so,libARKernelInterface_fn_00588b0c,0x00588b0c,0x00588b0c,116,.text,RN_nativeSetTextLayout,,False,False,True,0,2,,0x00581efc;0x01046950,0x01046950,,,UNRESOLVED_DYNAMIC,E24447646FA3DA73824F341B2FF7DB73508AD0B7752FB1F785DC1756966EABC9,DECOMPILED,DYNAMIC_JNI_UNRESOLVED_DYNAMIC,FACT,
libARKernelInterface.so,libARKernelInterface_fn_00588b80,0x00588b80,0x00588b80,144,.text,RN_nativeGetTextEditableConfig,,False,False,True,0,3,,0x005806a8;0x00581efc;0x01046950,0x01046950,,,UNRESOLVED_DYNAMIC,4A38C36E1343273E7C979CE0BBA524108D8A68C9AC457D84067AA7506EE3FD02,DECOMPILED,DYNAMIC_JNI_UNRESOLVED_DYNAMIC,FACT,
libARKernelInterface.so,libARKernelInterface_fn_00588c10,0x00588c10,0x00588c10,632,.text,RN_nativeSetTextEditableConfig,,False,False,True,0,2,,0x00581efc;0x01046950,0x01046950,'com/meitu/mtlab/arkernelinterface/interaction/ARKernelTextInteraction$ARKernelTextEditableConfig';'editable';'spacingEditable',,UNRESOLVED_DYNAMIC,89A77FF3002349F19CA627D5461BE68FDB5461A5038A6A6B6DFF0A992D7D4831,DECOMPILED,DYNAMIC_JNI_UNRESOLVED_DYNAMIC,FACT,
libARKernelInterface.so,libARKernelInterface_fn_00588e88,0x00588e88,0x00588e88,44,.text,RN_nativeGetSequenceStyle,,False,False,True,0,1,,0x00581efc,,,,UNRESOLVED_DYNAMIC,980C0B6190A06860FCC632D499BA4EC7A6CB525BE48EC0A37518FAABF8D73DAE,DECOMPILED,DYNAMIC_JNI_UNRESOLVED_DYNAMIC,FACT,
libARKernelInterface.so,libARKernelInterface_fn_00588eb4,0x00588eb4,0x00588eb4,116,.text,RN_nativeSetSequenceStyle,,False,False,True,0,2,,0x00581efc;0x01046950,0x01046950,,,UNRESOLVED_DYNAMIC,61CA75268789F7A39E455A8758E653A66D77172BDA05EC05175233B536FBEC99,DECOMPILED,DYNAMIC_JNI_UNRESOLVED_DYNAMIC,FACT,
libARKernelInterface.so,libARKernelInterface_fn_00588f28,0x00588f28,0x00588f28,60,.text,RN_nativeGetIsVisible,,False,False,True,0,1,,0x00581efc,,,,UNRESOLVED_DYNAMIC,3855E9330D934A9FED70FB3E091605F7BBC54C98F6E8B9E5145E286CFF44E399,DECOMPILED,DYNAMIC_JNI_UNRESOLVED_DYNAMIC,FACT,
libARKernelInterface.so,libARKernelInterface_fn_00588f64,0x00588f64,0x00588f64,124,.text,RN_nativeSetIsVisible,,False,False,True,0,2,,0x00581efc;0x01046950,0x01046950,,,UNRESOLVED_DYNAMIC,A4769D6201EEAED99F16A306D29F9BD051B0823E59A5489EE7B60D357ADF6523,DECOMPILED,DYNAMIC_JNI_UNRESOLVED_DYNAMIC,FACT,
libARKernelInterface.so,libARKernelInterface_fn_00588fe0,0x00588fe0,0x00588fe0,208,.text,RN_nativeGetTextPathConfig,,False,False,True,0,6,,0x00580ca4;0x01046a20;0x00581efc;0x01046a20;0x01042be4,0x01046a20;0x01046a20;0x01046950,,,UNRESOLVED_DYNAMIC,B659753B1E0527D553EEF81DD3E3A4BC356FA3B7684D9D60E32228833B894864,DECOMPILED,DYNAMIC_JNI_UNRESOLVED_DYNAMIC,FACT,
libARKernelInterface.so,libARKernelInterface_fn_005890b0,0x005890b0,0x005890b0,1720,.text,RN_nativeSetTextPathConfig,,False,False,True,0,12,,0x0055dce4;0x01046a70;0x00570f58;0x01046a20;0x01046a20,0x01046a70;0x01046a20;0x01046a20;0x01046a20;0x01046a20,'com/meitu/mtlab/arkernelinterface/interaction/ARKernelTextInteraction$ARKernelTextPathConfig';'enable';'jsonPath',,UNRESOLVED_DYNAMIC,6485677289E2A7E2E85AE5B1E9D6DA3729B6A69F4C25837DCBD59C11BF6F267B,DECOMPILED,DYNAMIC_JNI_UNRESOLVED_DYNAMIC,FACT,
libARKernelInterface.so,libARKernelInterface_fn_00589768,0x00589768,0x00589768,224,.text,RN_nativeGetTextPathConfigPath,,False,False,True,0,4,,0x01046ab0;0x01046900;0x01046ac0;0x00581efc,0x01046ab0;0x01046900;0x01046ac0,,,UNRESOLVED_DYNAMIC,84A779E8616A3DF05490DAA31588C9F95147D9E62AA8AF35C5C56B02B6E0B5D1,DECOMPILED,DYNAMIC_JNI_UNRESOLVED_DYNAMIC,FACT,
libARKernelInterface.so,libARKernelInterface_fn_00589848,0x00589848,0x00589848,1508,.text,RN_nativeSetTextPathConfigPath,,False,False,True,0,24,,0x0055dce4;0x01046a20;0x00581efc;0x01046a20;0x01042be4,0x01046a20;0x01046a20;0x01046950;0x010469f0;0x01046970,'com/meitu/mtlab/arkernelinterface/interaction/ARKernelTextInteraction';'vector';'vector',,UNRESOLVED_DYNAMIC,1C35867E603163A6C5A9BF03F8C038DD2F9870472D65F2BC22733E52EB659E6C,DECOMPILED,DYNAMIC_JNI_UNRESOLVED_DYNAMIC,FACT,
libARKernelInterface.so,libARKernelInterface_fn_00589e2c,0x00589e2c,0x00589e2c,16,.text,RN_nativeDispatch,,False,False,True,0,0,,,,,,UNRESOLVED_DYNAMIC,6B203CDF8C7908AC1D1579E780DE1E560F34D806C4625F6B891FC9D5DBA2799E,DECOMPILED,DYNAMIC_JNI_UNRESOLVED_DYNAMIC,FACT,
libARKernelInterface.so,libARKernelInterface_fn_00589e3c,0x00589e3c,0x00589e3c,20,.text,RN_nativeGetParamType,,False,False,True,0,0,,,,,,UNRESOLVED_DYNAMIC,C8407879B09E54C53743F79D84E199EBF581491EF321FAEF6E05B2A06CEE4CAF,DECOMPILED,DYNAMIC_JNI_UNRESOLVED_DYNAMIC,FACT,
libARKernelInterface.so,libARKernelInterface_fn_00589e50,0x00589e50,0x00589e50,20,.text,RN_nativeGetParamFlag,,False,False,True,0,0,,,,,,UNRESOLVED_DYNAMIC,65DAA1189FC920CE85F26CEC06D94B0F92D2105E3869C2A92BB632CA3F61F1B3,DECOMPILED,DYNAMIC_JNI_UNRESOLVED_DYNAMIC,FACT,
libARKernelInterface.so,libARKernelInterface_fn_00589e64,0x00589e64,0x00589e64,224,.text,RN_nativeGetChineseName,,False,False,True,0,5,,0x00a2b100;0x01046a20;0x01046a20;0x01042be4;0x01046950,0x01046a20;0x01046a20;0x01046950,,,UNRESOLVED_DYNAMIC,121252E2C57DC5D42C49A0926DED00819C204C8F67DE54D761406A2D825B549A,DECOMPILED,DYNAMIC_JNI_UNRESOLVED_DYNAMIC,FACT,
libARKernelInterface.so,libARKernelInterface_fn_00589f44,0x00589f44,0x00589f44,224,.text,RN_nativeGetEnglishName,,False,False,True,0,5,,0x00a2b12c;0x01046a20;0x01046a20;0x01042be4;0x01046950,0x01046a20;0x01046a20;0x01046950,,,UNRESOLVED_DYNAMIC,E6C7AD509610EEFEDFF934BF0E4B8AB6B112CA575A6002188190977C86A1C056,DECOMPILED,DYNAMIC_JNI_UNRESOLVED_DYNAMIC,FACT,
libARKernelInterface.so,libARKernelInterface_fn_0058a024,0x0058a024,0x0058a024,224,.text,RN_nativeGetTraditionalName,,False,False,True,0,5,,0x00a2b184;0x01046a20;0x01046a20;0x01042be4;0x01046950,0x01046a20;0x01046a20;0x01046950,,,UNRESOLVED_DYNAMIC,B381CCD731C522FE3C52DA9A248B2B1754437A6ECC5588EE6E5CCCF771B232E2,DECOMPILED,DYNAMIC_JNI_UNRESOLVED_DYNAMIC,FACT,
libARKernelInterface.so,libARKernelInterface_fn_0058a104,0x0058a104,0x0058a104,320,.text,RN_nativeGetKey,,False,False,True,0,5,,0x00a2b1dc;0x01046a20;0x01046a20;0x01042be4;0x01046950,0x01046a20;0x01046a20;0x01046950,'com/meitu/mtlab/arkernelinterface/core/Param/ARKernelParamBaseJNI',,UNRESOLVED_DYNAMIC,4FCA4387EBC331ED3E2FC05BF84B3373E8CD1DC4378B3CA77604B686B1ECBF0B,DECOMPILED,DYNAMIC_JNI_UNRESOLVED_DYNAMIC,FACT,
libARKernelInterface.so,libARKernelInterface_fn_0058a244,0x0058a244,0x0058a244,16,.text,RN_nativeSetCurrentColorInfo,,False,False,True,0,0,,,,,,UNRESOLVED_DYNAMIC,8D1B597F4B88ED09EB8D353DDA492F6B099D61E07F9AF2C14B502CF973E5792F,DECOMPILED,DYNAMIC_JNI_UNRESOLVED_DYNAMIC,FACT,
libARKernelInterface.so,libARKernelInterface_fn_0058a254,0x0058a254,0x0058a254,16,.text,RN_nativeSetCurrentColorAlpha,,False,False,True,0,0,,,,,,UNRESOLVED_DYNAMIC,E889EEDA6E0BA6F58DDFBA6D432B14D78313956F21B0860A2550816BD162F909,DECOMPILED,DYNAMIC_JNI_UNRESOLVED_DYNAMIC,FACT,
libARKernelInterface.so,libARKernelInterface_fn_0058a264,0x0058a264,0x0058a264,16,.text,RN_nativeSetCurrentColorOpacity,,False,False,True,0,0,,,,,,UNRESOLVED_DYNAMIC,9EA0411BD716F895805A9750479DDCCEF255C95639CE61E6C8C775B4937F88DF,DECOMPILED,DYNAMIC_JNI_UNRESOLVED_DYNAMIC,FACT,
libARKernelInterface.so,libARKernelInterface_fn_0058a274,0x0058a274,0x0058a274,212,.text,RN_nativeGetCurrentColor,,False,False,True,0,3,,0x00a2c17c;0x01046a20;0x01046950,0x01046a20;0x01046950,,,UNRESOLVED_DYNAMIC,BFAE4C811126CB97C2E5CF51049055C824DCB748B1A5353A5ED73A122FBB85B9,DECOMPILED,DYNAMIC_JNI_UNRESOLVED_DYNAMIC,FACT,
libARKernelInterface.so,libARKernelInterface_fn_0058a348,0x0058a348,0x0058a348,20,.text,RN_nativeGetColorType,,False,False,True,0,0,,,,,,UNRESOLVED_DYNAMIC,1013FEF379E7C8EEE1162E43A621783372A76ABCC97F4E4B317E48347C707C4C,DECOMPILED,DYNAMIC_JNI_UNRESOLVED_DYNAMIC,FACT,
libARKernelInterface.so,libARKernelInterface_fn_0058a35c,0x0058a35c,0x0058a35c,20,.text,RN_nativeGetCurrentAlpha,,False,False,True,0,0,,,,,,UNRESOLVED_DYNAMIC,63C59D2848A46F099E1B4FB8108E14FD5F6BA86417A4B54BA22F320500D8E5C2,DECOMPILED,DYNAMIC_JNI_UNRESOLVED_DYNAMIC,FACT,
libARKernelInterface.so,libARKernelInterface_fn_0058a370,0x0058a370,0x0058a370,20,.text,RN_nativeGetCurrentOpacity,,False,False,True,0,0,,,,,,UNRESOLVED_DYNAMIC,741F5C448BA30FE31DDA7E641A8163D3E46E32BB1B599BE675279A9B14241930,DECOMPILED,DYNAMIC_JNI_UNRESOLVED_DYNAMIC,FACT,
libARKernelInterface.so,libARKernelInterface_fn_0058a384,0x0058a384,0x0058a384,212,.text,RN_nativeGetDefaultColor,,False,False,True,0,3,,0x00a2c21c;0x01046a20;0x01046950,0x01046a20;0x01046950,,,UNRESOLVED_DYNAMIC,7D9353AAA9EFC72CC13A892AFBF47F2E0D752BB958DDBEC086B13853EF335746,DECOMPILED,DYNAMIC_JNI_UNRESOLVED_DYNAMIC,FACT,
libARKernelInterface.so,libARKernelInterface_fn_0058a458,0x0058a458,0x0058a458,20,.text,RN_nativeGetDefaultAlpha,,False,False,True,0,0,,,,,,UNRESOLVED_DYNAMIC,8E724D16723991DD5F0E53DA7AEA94D88A8DFA7EDC444B28AF1A4357927FCDBF,DECOMPILED,DYNAMIC_JNI_UNRESOLVED_DYNAMIC,FACT,
libARKernelInterface.so,libARKernelInterface_fn_0058a46c,0x0058a46c,0x0058a46c,20,.text,RN_nativeGetDefaultOpacity,,False,False,True,0,0,,,,,,UNRESOLVED_DYNAMIC,C8D8A59A0314C17B40D8BC0C294FC010B211232396181BDB74BC80F2A99A6519,DECOMPILED,DYNAMIC_JNI_UNRESOLVED_DYNAMIC,FACT,
libARKernelInterface.so,libARKernelInterface_fn_0058a480,0x0058a480,0x0058a480,20,.text,RN_nativeGetMaxHValue,,False,False,True,0,0,,,,,,UNRESOLVED_DYNAMIC,6ED476FD9A538B1F07953110505A946A47CEB9A27F7B41ABCF85268E144DF62D,DECOMPILED,DYNAMIC_JNI_UNRESOLVED_DYNAMIC,FACT,
libARKernelInterface.so,libARKernelInterface_fn_0058a494,0x0058a494,0x0058a494,116,.text,RN_nativeGetMinHValue,,False,False,True,0,0,,,,'com/meitu/mtlab/arkernelinterface/core/Param/ARKernelParamColorJNI',,UNRESOLVED_DYNAMIC,5CFFC3DD072BB759F6D91D0DFF5D66402FC7095ADA6322B1C109101CFC881623,DECOMPILED,DYNAMIC_JNI_UNRESOLVED_DYNAMIC,FACT,
libARKernelInterface.so,libARKernelInterface_fn_0058a508,0x0058a508,0x0058a508,16,.text,RN_nativeSetCurrentValueXY,,False,False,True,0,0,,,,,,UNRESOLVED_DYNAMIC,1812CF4E9F73BF85B6BB0D3EE74352E1C9C3E445720BB54E21CD30BED35C121F,DECOMPILED,DYNAMIC_JNI_UNRESOLVED_DYNAMIC,FACT,
libARKernelInterface.so,libARKernelInterface_fn_0058a518,0x0058a518,0x0058a518,16,.text,RN_nativeSetCurrentValueXYZ,,False,False,True,0,0,,,,,,UNRESOLVED_DYNAMIC,C27370D44FCF6E1310FDD899735B544A82B87FE8A5D0B1BD8BFBE3EB52261CC3,DECOMPILED,DYNAMIC_JNI_UNRESOLVED_DYNAMIC,FACT,
libARKernelInterface.so,libARKernelInterface_fn_0058a528,0x0058a528,0x0058a528,16,.text,RN_nativeSetCurrentValueXYZW,,False,False,True,0,0,,,,,,UNRESOLVED_DYNAMIC,FC0B08DCBE403E91DAA0F4E98A244910E06FF82DCFEC09E1DEE5FC9BC62B1B96,DECOMPILED,DYNAMIC_JNI_UNRESOLVED_DYNAMIC,FACT,
libARKernelInterface.so,libARKernelInterface_fn_0058a538,0x0058a538,0x0058a538,20,.text,RN_nativeGetPositionType,,False,False,True,0,0,,,,,,UNRESOLVED_DYNAMIC,1DBD378709EC12E53F62E308585DF464FD3E1C0735E76DF2ED0300D5EE16DD4A,DECOMPILED,DYNAMIC_JNI_UNRESOLVED_DYNAMIC,FACT,
libARKernelInterface.so,libARKernelInterface_fn_0058a54c,0x0058a54c,0x0058a54c,20,.text,RN_nativeGetCurrentX,,False,False,True,0,0,,,,,,UNRESOLVED_DYNAMIC,5FF960B932AE654610B671835F420C97C84E5C54CBABD1A5143FEF7C536CB277,DECOMPILED,DYNAMIC_JNI_UNRESOLVED_DYNAMIC,FACT,
libARKernelInterface.so,libARKernelInterface_fn_0058a560,0x0058a560,0x0058a560,20,.text,RN_nativeGetCurrentY,,False,False,True,0,0,,,,,,UNRESOLVED_DYNAMIC,CF835BFEBDB044EF4305AC6E4E0A01C8C74316267A704C7FF1433A6D11476D16,DECOMPILED,DYNAMIC_JNI_UNRESOLVED_DYNAMIC,FACT,
libARKernelInterface.so,libARKernelInterface_fn_0058a574,0x0058a574,0x0058a574,20,.text,RN_nativeGetCurrentZ,,False,False,True,0,0,,,,,,UNRESOLVED_DYNAMIC,BB917902B3A088ECB920D5EDC3518947BD567C74D10DF77B168B2282DC695969,DECOMPILED,DYNAMIC_JNI_UNRESOLVED_DYNAMIC,FACT,
libARKernelInterface.so,libARKernelInterface_fn_0058a588,0x0058a588,0x0058a588,20,.text,RN_nativeGetCurrentW,,False,False,True,0,0,,,,,,UNRESOLVED_DYNAMIC,DB3B5A81D609416A91479133ED6FD6389D75DD9BA0D7B25D32E7C323E6CD8836,DECOMPILED,DYNAMIC_JNI_UNRESOLVED_DYNAMIC,FACT,
libARKernelInterface.so,libARKernelInterface_fn_0058a59c,0x0058a59c,0x0058a59c,20,.text,RN_nativeGetDefaultX,,False,False,True,0,0,,,,,,UNRESOLVED_DYNAMIC,D1AAF598B02B219F1FB51B052AD616DA1578E74C566039744F09BFF5B813E2F4,DECOMPILED,DYNAMIC_JNI_UNRESOLVED_DYNAMIC,FACT,
libARKernelInterface.so,libARKernelInterface_fn_0058a5b0,0x0058a5b0,0x0058a5b0,20,.text,RN_nativeGetDefaultY,,False,False,True,0,0,,,,,,UNRESOLVED_DYNAMIC,A2E89587498B315921C62BE132DB38C0A5B7A2221B1AA3A3C7BB753A3AB250EC,DECOMPILED,DYNAMIC_JNI_UNRESOLVED_DYNAMIC,FACT,
libARKernelInterface.so,libARKernelInterface_fn_0058a5c4,0x0058a5c4,0x0058a5c4,20,.text,RN_nativeGetDefaultZ,,False,False,True,0,0,,,,,,UNRESOLVED_DYNAMIC,0E92FAFE915951D95DADD1E15138AF6BFD5378DD7795416A84F5F4037EA882EC,DECOMPILED,DYNAMIC_JNI_UNRESOLVED_DYNAMIC,FACT,
libARKernelInterface.so,libARKernelInterface_fn_0058a5d8,0x0058a5d8,0x0058a5d8,20,.text,RN_nativeGetDefaultW,,False,False,True,0,0,,,,,,UNRESOLVED_DYNAMIC,D5AA5282C1D98621E643F7FE649EAAF1D165150DB087F317E17E64E84077C845,DECOMPILED,DYNAMIC_JNI_UNRESOLVED_DYNAMIC,FACT,
libARKernelInterface.so,libARKernelInterface_fn_0058a5ec,0x0058a5ec,0x0058a5ec,20,.text,RN_nativeGetMaxValue,,False,False,True,0,0,,,,,,UNRESOLVED_DYNAMIC,1FCE898E6C4AAC606ADF74AEA14AC3A3F6FC0B35FF541AADD5CEDEC2431BFE24,DECOMPILED,DYNAMIC_JNI_UNRESOLVED_DYNAMIC,FACT,
libARKernelInterface.so,libARKernelInterface_fn_0058a600,0x0058a600,0x0058a600,116,.text,RN_nativeGetMinValue,,False,False,True,0,0,,,,'com/meitu/mtlab/arkernelinterface/core/Param/ARKernelParamPositionJNI',,UNRESOLVED_DYNAMIC,E491011B1629276A11ECEC76C2F013A36A8C69C011D69C75E124BC858B30B9CB,DECOMPILED,DYNAMIC_JNI_UNRESOLVED_DYNAMIC,FACT,
libARKernelInterface.so,libARKernelInterface_fn_0058a674,0x0058a674,0x0058a674,16,.text,RN_nativeSetCurrentValue,,False,False,True,0,0,,,,,,UNRESOLVED_DYNAMIC,2DBBC567F8D5D7EBDC0B95E6B7B11240CBD36A39041052FF61BF32A9278242DE,DECOMPILED,DYNAMIC_JNI_UNRESOLVED_DYNAMIC,FACT,
libARKernelInterface.so,libARKernelInterface_fn_0058a684,0x0058a684,0x0058a684,20,.text,RN_nativeGetCurrentValue,,False,False,True,0,0,,,,,,UNRESOLVED_DYNAMIC,E69B3D1EA6564B46F67C942FAC7CEFFD750B2CCFE8B0EF1EB01B215E17D4AA4E,DECOMPILED,DYNAMIC_JNI_UNRESOLVED_DYNAMIC,FACT,
libARKernelInterface.so,libARKernelInterface_fn_0058a698,0x0058a698,0x0058a698,20,.text,RN_nativeGetDefaultValue,,False,False,True,0,0,,,,,,UNRESOLVED_DYNAMIC,2050178B81BF930713DFA20DFB5808C3A247430B1DB0831DADE5CBE78FB93D24,DECOMPILED,DYNAMIC_JNI_UNRESOLVED_DYNAMIC,FACT,
libARKernelInterface.so,libARKernelInterface_fn_0058a6ac,0x0058a6ac,0x0058a6ac,20,.text,RN_nativeGetMaxValue,,False,False,True,0,0,,,,,,UNRESOLVED_DYNAMIC,92283C1A23DE15A925E44B0D6C15AAE6490E570D610B879725748BE3AEBF6F79,DECOMPILED,DYNAMIC_JNI_UNRESOLVED_DYNAMIC,FACT,
libARKernelInterface.so,libARKernelInterface_fn_0058a6c0,0x0058a6c0,0x0058a6c0,116,.text,RN_nativeGetMinValue,,False,False,True,0,0,,,,'com/meitu/mtlab/arkernelinterface/core/Param/ARKernelParamSliderJNI',,UNRESOLVED_DYNAMIC,1B40722DD561F6A71B38C38E3500CE82DA7EB2CB34BA70D40C63BC12AF1DECC9,DECOMPILED,DYNAMIC_JNI_UNRESOLVED_DYNAMIC,FACT,
libARKernelInterface.so,libARKernelInterface_fn_0058a734,0x0058a734,0x0058a734,156,.text,RN_nativeSetCurrentValue,,False,False,True,0,6,,0x0055dce4;0x00a2d5e0;0x01046a20;0x01046a20;0x01042be4,0x01046a20;0x01046a20;0x01046950,,,UNRESOLVED_DYNAMIC,8D22BD9A952591DE0E1DED06F86B4D4FF5CA91D96EDCB9B566DC3640F547817F,DECOMPILED,DYNAMIC_JNI_UNRESOLVED_DYNAMIC,FACT,
libARKernelInterface.so,libARKernelInterface_fn_0058a7d0,0x0058a7d0,0x0058a7d0,312,.text,RN_nativeGetCurrentValue,,False,False,True,0,9,,0x00a2d69c;0x01046a20;0x01046ab0;0x0057a6c4;0x01046900,0x01046a20;0x01046ab0;0x01046900;0x01046ac0;0x01046ae0,,,UNRESOLVED_DYNAMIC,D995D81ED2132C2A0A58651A68400F2458003B478EC2A825E0D990A1BADD5149,DECOMPILED,DYNAMIC_JNI_UNRESOLVED_DYNAMIC,FACT,
libARKernelInterface.so,libARKernelInterface_fn_0058a908,0x0058a908,0x0058a908,408,.text,RN_nativeGetDefaultValue,,False,False,True,0,9,,0x00a2d6c8;0x01046a20;0x01046ab0;0x0057a6c4;0x01046900,0x01046a20;0x01046ab0;0x01046900;0x01046ac0;0x01046ae0,'com/meitu/mtlab/arkernelinterface/core/Param/ARKernelParamStringJNI',,UNRESOLVED_DYNAMIC,00A21FD06C8076EE516D372582C972EC89B9335A675083AC79473DDDDFCA00D7,DECOMPILED,DYNAMIC_JNI_UNRESOLVED_DYNAMIC,FACT,
libARKernelInterface.so,libARKernelInterface_fn_0058aaa0,0x0058aaa0,0x0058aaa0,28,.text,RN_nativeSetCurrentValue,,False,False,True,0,0,,,,,,UNRESOLVED_DYNAMIC,40A9CB07E359DEC6AA9B0C44E895CA38413C4E3A262FABA19A41C44797FD12EA,DECOMPILED,DYNAMIC_JNI_UNRESOLVED_DYNAMIC,FACT,
libARKernelInterface.so,libARKernelInterface_fn_0058aabc,0x0058aabc,0x0058aabc,40,.text,RN_nativeGetCurrentValue,,False,False,True,0,1,,0x00a2d704,,,,UNRESOLVED_DYNAMIC,DE9CE6AAF184CD2885A3FD2A668F77457B53CCE8125029C2CB18EB57846D5F6E,DECOMPILED,DYNAMIC_JNI_UNRESOLVED_DYNAMIC,FACT,
libARKernelInterface.so,libARKernelInterface_fn_0058aae4,0x0058aae4,0x0058aae4,136,.text,RN_nativeGetDefaultValue,,False,False,True,0,1,,0x00a2d70c,,'com/meitu/mtlab/arkernelinterface/core/Param/ARKernelParamSwitchJNI',,UNRESOLVED_DYNAMIC,AB630D492117713703BE85B86DCE215D01614E71AC45D57158CC9922A9752FB9,DECOMPILED,DYNAMIC_JNI_UNRESOLVED_DYNAMIC,FACT,
libARKernelInterface.so,libARKernelInterface_fn_0058ab6c,0x0058ab6c,0x0058ab6c,136,.text,RN_nativeGetTable,,False,False,True,0,1,,0x00a2d954,,'com/meitu/mtlab/arkernelinterface/core/Param/ARKernelParamTableDictJNI',,UNRESOLVED_DYNAMIC,CB16502098A35E015FBBC024515B3AC09BCB8E606293E833B621EDD8AFB710B6,DECOMPILED,DYNAMIC_JNI_UNRESOLVED_DYNAMIC,FACT,
libARKernelInterface.so,libARKernelInterface_fn_0058abf4,0x0058abf4,0x0058abf4,40,.text,RN_nativeGetParam,,False,False,True,0,1,,0x00a2d790,,,,UNRESOLVED_DYNAMIC,63E70A7C0BF8211AC13C0237B8E6E31B10ABACD573B09EE036C6764C4003430F,DECOMPILED,DYNAMIC_JNI_UNRESOLVED_DYNAMIC,FACT,
libARKernelInterface.so,libARKernelInterface_fn_0058ac1c,0x0058ac1c,0x0058ac1c,116,.text,RN_nativeGetParamCount,,False,False,True,0,0,,,,'com/meitu/mtlab/arkernelinterface/core/Param/ARKernelParamTableJNI',,UNRESOLVED_DYNAMIC,ED1FD3E1E9C6CB8ABE544890660DC7EBD5FF3DE0CAC637AB2B9CC284F4938DF7,DECOMPILED,DYNAMIC_JNI_UNRESOLVED_DYNAMIC,FACT,
libARKernelInterface.so,libARKernelInterface_fn_0058ac90,0x0058ac90,0x0058ac90,48,.text,RN_nativeGetDefaultValue,,False,False,True,0,0,,,,,,UNRESOLVED_DYNAMIC,A9CA77A62B21CE74029D04149A68894087F51CF6DD83817AB2E26128EDFADDE1,DECOMPILED,DYNAMIC_JNI_UNRESOLVED_DYNAMIC,FACT,
libARKernelInterface.so,libARKernelInterface_fn_0058acc0,0x0058acc0,0x0058acc0,48,.text,RN_nativeGetCurrentValue,,False,False,True,0,0,,,,,,UNRESOLVED_DYNAMIC,2D88D8B9372DFE9E3483148C0E132ECAD1745FCE8DF620D4C37766ECE96D83AB,DECOMPILED,DYNAMIC_JNI_UNRESOLVED_DYNAMIC,FACT,
libARKernelInterface.so,libARKernelInterface_fn_0058acf0,0x0058acf0,0x0058acf0,132,.text,RN_nativeSetCurrentValue,,False,False,True,0,0,,,,'com/meitu/mtlab/arkernelinterface/core/ParamControl/ARKernelParamCheckControlJNI',,UNRESOLVED_DYNAMIC,CEA3794FC6305AC5356A02BE1879AF6076152D43DA49AE1B25F617DFC3653441,DECOMPILED,DYNAMIC_JNI_UNRESOLVED_DYNAMIC,FACT,
libARKernelInterface.so,libARKernelInterface_fn_0058ad74,0x0058ad74,0x0058ad74,236,.text,RN_nativeGetDefaultRGBAValue,,False,False,True,0,4,,0x01046a20;0x01046a20;0x01042be4;0x01046950,0x01046a20;0x01046a20;0x01046950,,,UNRESOLVED_DYNAMIC,D4F7DDFB23737D69AF294CCD2353EE5729F861F2131928FFB7C8B5E4ED8A9A97,DECOMPILED,DYNAMIC_JNI_UNRESOLVED_DYNAMIC,FACT,
libARKernelInterface.so,libARKernelInterface_fn_0058ae60,0x0058ae60,0x0058ae60,236,.text,RN_nativeGetCurrentRGBAValue,,False,False,True,0,4,,0x01046a20;0x01046a20;0x01042be4;0x01046950,0x01046a20;0x01046a20;0x01046950,,,UNRESOLVED_DYNAMIC,C4F459C40A60746C13C5069C24011ED6E9D3CA45E66550BFBB006B60313D539E,DECOMPILED,DYNAMIC_JNI_UNRESOLVED_DYNAMIC,FACT,
libARKernelInterface.so,libARKernelInterface_fn_0058af4c,0x0058af4c,0x0058af4c,440,.text,RN_nativeSetCurrentRGBAValue,,False,False,True,0,10,,0x010469f0;0x010469f0;0x01046a20;0x01046a20;0x005a6b20,0x010469f0;0x010469f0;0x01046a20;0x01046a20;0x01046910,'arkernel';'SetCurrentRGBAValue: Array != 4';'arkernel',,UNRESOLVED_DYNAMIC,A5B181C9307477A4A3D4F778604B77F5111F50C29228F4DBC9D6728B92BF1600,DECOMPILED,DYNAMIC_JNI_UNRESOLVED_DYNAMIC,FACT,
libARKernelInterface.so,libARKernelInterface_fn_0058b104,0x0058b104,0x0058b104,28,.text,RN_nativeGetDefaultOpacityValue,,False,False,True,0,0,,,,,,UNRESOLVED_DYNAMIC,858D71675D70AF2BFA6609F0D374F8D666178119B5BF48B8D920D341E875D1C4,DECOMPILED,DYNAMIC_JNI_UNRESOLVED_DYNAMIC,FACT,
libARKernelInterface.so,libARKernelInterface_fn_0058b120,0x0058b120,0x0058b120,28,.text,RN_nativeGetCurrentOpacityValue,,False,False,True,0,0,,,,,,UNRESOLVED_DYNAMIC,9C995A1F4B0E6CE5DE8A8F26EA8C5A1AF2C5BCF8BBFE587355A64052BE4F6531,DECOMPILED,DYNAMIC_JNI_UNRESOLVED_DYNAMIC,FACT,
libARKernelInterface.so,libARKernelInterface_fn_0058b13c,0x0058b13c,0x0058b13c,120,.text,RN_nativeSetCurrentOpacityValue,,False,False,True,0,0,,,,'com/meitu/mtlab/arkernelinterface/core/ParamControl/ARKernelParamColorControlJNI',,UNRESOLVED_DYNAMIC,7924DBEB92DF33C2CE8017D6CB545F016BF2DF8CE0B82E60F5CC291232ED187D,DECOMPILED,DYNAMIC_JNI_UNRESOLVED_DYNAMIC,FACT,
libARKernelInterface.so,libARKernelInterface_fn_0058b1b4,0x0058b1b4,0x0058b1b4,28,.text,RN_nativeGetParamType,,False,False,True,0,0,,,,,,UNRESOLVED_DYNAMIC,B64DCEA79F014B4852B0CF22EA9994D5546F337A1C010110D3842FC0A95BF88D,DECOMPILED,DYNAMIC_JNI_UNRESOLVED_DYNAMIC,FACT,
libARKernelInterface.so,libARKernelInterface_fn_0058b1d0,0x0058b1d0,0x0058b1d0,28,.text,RN_nativeGetParamFlag,,False,False,True,0,0,,,,,,UNRESOLVED_DYNAMIC,5846D52EAFA5F868C673DACFC8A8C441A5C62EFA20C0CFF82C3199545E511481,DECOMPILED,DYNAMIC_JNI_UNRESOLVED_DYNAMIC,FACT,
libARKernelInterface.so,libARKernelInterface_fn_0058b1ec,0x0058b1ec,0x0058b1ec,232,.text,RN_nativeGetChineseTips,,False,False,True,0,4,,0x01046a20;0x01046a20;0x01042be4;0x01046950,0x01046a20;0x01046a20;0x01046950,,,UNRESOLVED_DYNAMIC,C274880A432F97AE2111578C46ED20EAB2F2C83959245F808B45437EAC7CD951,DECOMPILED,DYNAMIC_JNI_UNRESOLVED_DYNAMIC,FACT,
libARKernelInterface.so,libARKernelInterface_fn_0058b2d4,0x0058b2d4,0x0058b2d4,232,.text,RN_nativeGetEnglishTips,,False,False,True,0,4,,0x01046a20;0x01046a20;0x01042be4;0x01046950,0x01046a20;0x01046a20;0x01046950,,,UNRESOLVED_DYNAMIC,F3B9285EB1DDB7C625FF12DCDD5D694BA9F6CA145E028503070BAFADE6B02205,DECOMPILED,DYNAMIC_JNI_UNRESOLVED_DYNAMIC,FACT,
libARKernelInterface.so,libARKernelInterface_fn_0058b3bc,0x0058b3bc,0x0058b3bc,120,.text,RN_nativeDispatch,,False,False,True,0,0,,,,'com/meitu/mtlab/arkernelinterface/core/ParamControl/ARKernelParamControlJNI',,UNRESOLVED_DYNAMIC,70DB3D234FF69858118768977E1295DEF962363C4E463963E6ABD29EB533E0A4,DECOMPILED,DYNAMIC_JNI_UNRESOLVED_DYNAMIC,FACT,
libARKernelInterface.so,libARKernelInterface_fn_0058b434,0x0058b434,0x0058b434,28,.text,RN_nativeGetMinValue,,False,False,True,0,0,,,,,,UNRESOLVED_DYNAMIC,CB876DFC22B929F46FCE4D8DFFE7453E4CC0E5E2158568E5B07071AF73E2365D,DECOMPILED,DYNAMIC_JNI_UNRESOLVED_DYNAMIC,FACT,
libARKernelInterface.so,libARKernelInterface_fn_0058b450,0x0058b450,0x0058b450,28,.text,RN_nativeGetMaxValue,,False,False,True,0,0,,,,,,UNRESOLVED_DYNAMIC,99989E8C09D7BD1180A4BC4C6A9F4EF85A8692C1DACF7A6731D97A27CDBF54FC,DECOMPILED,DYNAMIC_JNI_UNRESOLVED_DYNAMIC,FACT,
libARKernelInterface.so,libARKernelInterface_fn_0058b46c,0x0058b46c,0x0058b46c,28,.text,RN_nativeGetDefaultValue,,False,False,True,0,0,,,,,,UNRESOLVED_DYNAMIC,D85231110EE059FF8ADCB0B9F4ABEC2505D010F95385B02E5A407FEA356513CB,DECOMPILED,DYNAMIC_JNI_UNRESOLVED_DYNAMIC,FACT,
libARKernelInterface.so,libARKernelInterface_fn_0058b488,0x0058b488,0x0058b488,28,.text,RN_nativeGetCurrentValue,,False,False,True,0,0,,,,,,UNRESOLVED_DYNAMIC,2C4883956108E089E0FF046910A4950616A1B8A53E33E3165D2C73EB157D4F2A,DECOMPILED,DYNAMIC_JNI_UNRESOLVED_DYNAMIC,FACT,
libARKernelInterface.so,libARKernelInterface_fn_0058b4a4,0x0058b4a4,0x0058b4a4,232,.text,RN_nativeGetSliderKey,,False,False,True,0,4,,0x01046a20;0x01046a20;0x01042be4;0x01046950,0x01046a20;0x01046a20;0x01046950,,,UNRESOLVED_DYNAMIC,D85868F7524D91DD536E10161CAC2A3475A827DBA729D2E1D7F1C7A01B2C5C85,DECOMPILED,DYNAMIC_JNI_UNRESOLVED_DYNAMIC,FACT,
libARKernelInterface.so,libARKernelInterface_fn_0058b58c,0x0058b58c,0x0058b58c,48,.text,RN_nativeGetEnable,,False,False,True,0,0,,,,,,UNRESOLVED_DYNAMIC,763ACF63599B450C5F3010143A8ED186E3F88A46CB8767E0158C913414C877A2,DECOMPILED,DYNAMIC_JNI_UNRESOLVED_DYNAMIC,FACT,
libARKernelInterface.so,libARKernelInterface_fn_0058b5bc,0x0058b5bc,0x0058b5bc,24,.text,RN_nativeSetCurrentValue,,False,False,True,0,0,,,,,,UNRESOLVED_DYNAMIC,95445E7C757B42DCF8C6A6221D6F9995FCFF5E67E223B1226ABDE71C78342024,DECOMPILED,DYNAMIC_JNI_UNRESOLVED_DYNAMIC,FACT,
libARKernelInterface.so,libARKernelInterface_fn_0058b5d4,0x0058b5d4,0x0058b5d4,128,.text,RN_nativeSetEnable,,False,False,True,0,0,,,,'com/meitu/mtlab/arkernelinterface/core/ParamControl/ARKernelParamSliderControlJNI',,UNRESOLVED_DYNAMIC,094EF7A7172A505F2CEAC79622C9BBD154E0E662DD8CD75D7B56B43F199B0C0F,DECOMPILED,DYNAMIC_JNI_UNRESOLVED_DYNAMIC,FACT,
libARKernelInterface.so,libARKernelInterface_fn_0058b654,0x0058b654,0x0058b654,232,.text,RN_nativeGetDefaultValue,,False,False,True,0,4,,0x01046a20;0x01046a20;0x01042be4;0x01046950,0x01046a20;0x01046a20;0x01046950,,,UNRESOLVED_DYNAMIC,78847DB57ABF3810DB22A5DCCED4497A5836D5CD7BA10BBCD477FC3D06CC0F03,DECOMPILED,DYNAMIC_JNI_UNRESOLVED_DYNAMIC,FACT,
libARKernelInterface.so,libARKernelInterface_fn_0058b73c,0x0058b73c,0x0058b73c,232,.text,RN_nativeGetCurrentValue,,False,False,True,0,4,,0x01046a20;0x01046a20;0x01042be4;0x01046950,0x01046a20;0x01046a20;0x01046950,,,UNRESOLVED_DYNAMIC,79C75BC92FEB7115A56139F075A9A3261AB13E3758A4A0D033B11A2E6D5796BD,DECOMPILED,DYNAMIC_JNI_UNRESOLVED_DYNAMIC,FACT,
libARKernelInterface.so,libARKernelInterface_fn_0058b824,0x0058b824,0x0058b824,232,.text,RN_nativeGetStringKey,,False,False,True,0,4,,0x01046a20;0x01046a20;0x01042be4;0x01046950,0x01046a20;0x01046a20;0x01046950,,,UNRESOLVED_DYNAMIC,5E4C5955B875F6A6726F9FFB0084FDB73B54F700D0A0B22249EDD17D6D00BF4B,DECOMPILED,DYNAMIC_JNI_UNRESOLVED_DYNAMIC,FACT,
libARKernelInterface.so,libARKernelInterface_fn_0058b90c,0x0058b90c,0x0058b90c,260,.text,RN_nativeSetCurrentValue,,False,False,True,0,5,,0x0055dce4;0x01046a20;0x01046a20;0x01042be4;0x01046950,0x01046a20;0x01046a20;0x01046950,'com/meitu/mtlab/arkernelinterface/core/ParamControl/ARKernelParamStringControlJNI',,UNRESOLVED_DYNAMIC,004C835465ECEC6DC9B6A7A67D2EC0FBA7EE2E2718BF4509578A585C9645A209,DECOMPILED,DYNAMIC_JNI_UNRESOLVED_DYNAMIC,FACT,
libARKernelInterface.so,libARKernelInterface_fn_0058ba10,0x0058ba10,0x0058ba10,20,.text,RN_nativeGetDefaultValue,,False,False,True,0,0,,,,,,UNRESOLVED_DYNAMIC,D517C0B07FC627E5009BCBEAA6A8F5D3B4B211191CADAE61E76EF1D7C271246E,DECOMPILED,DYNAMIC_JNI_UNRESOLVED_DYNAMIC,FACT,
libARKernelInterface.so,libARKernelInterface_fn_0058ba24,0x0058ba24,0x0058ba24,20,.text,RN_nativeGetCurrentValue,,False,False,True,0,0,,,,,,UNRESOLVED_DYNAMIC,9DB115556CC8D8AB2669D951C31D51D1AA4D2638F62183CC9FAA047DE3C00C26,DECOMPILED,DYNAMIC_JNI_UNRESOLVED_DYNAMIC,FACT,
libARKernelInterface.so,libARKernelInterface_fn_0058ba38,0x0058ba38,0x0058ba38,116,.text,RN_nativeSetCurrentValue,,False,False,True,0,0,,,,'com/meitu/mtlab/arkernelinterface/core/ParamControl/ARKernelParamValueControlJNI',,UNRESOLVED_DYNAMIC,A863219D19D68CBFF3494B29A3E12A27CC07490EB547B37B63F01645B2F6682B,DECOMPILED,DYNAMIC_JNI_UNRESOLVED_DYNAMIC,FACT,
libARKernelInterface.so,libARKernelInterface_fn_0058baac,0x0058baac,0x0058baac,40,.text,RN_nativeCreateInstance,,False,False,True,0,1,,0x010469f0,0x010469f0,,,UNRESOLVED_DYNAMIC,6515CA894909697CCEFD855CE3AB3F513CB84A855F1788EA607B2BB5D6951EC7,DECOMPILED,DYNAMIC_JNI_UNRESOLVED_DYNAMIC,FACT,
libARKernelInterface.so,libARKernelInterface_fn_0058bad4,0x0058bad4,0x0058bad4,332,.text,RN_nativeDestroyInstance,,False,False,True,0,8,,0x005a6b20;0x01046a20;0x01046a20;0x01046a20;0x01046a20,0x01046a20;0x01046a20;0x01046a20;0x01046a20;0x01046a20,'arkernel';'makeupcolor finalizer';'arkernel',,UNRESOLVED_DYNAMIC,1109D73BB3082EE442894616F3E33E6EDC46DB62DE7E5CEA555B41D125DB92FE,DECOMPILED,DYNAMIC_JNI_UNRESOLVED_DYNAMIC,FACT,
libARKernelInterface.so,libARKernelInterface_fn_0058bc20,0x0058bc20,0x0058bc20,116,.text,RN_nativeSetGroupName,,False,False,True,0,3,,0x0055dce4;0x01046a20;0x01046950,0x01046a20;0x01046950,,,UNRESOLVED_DYNAMIC,532B0781A390942E57BA77741CACB113D3BF59A17BAE45572388DFE79A2BB55F,DECOMPILED,DYNAMIC_JNI_UNRESOLVED_DYNAMIC,FACT,
libARKernelInterface.so,libARKernelInterface_fn_0058bc94,0x0058bc94,0x0058bc94,12,.text,RN_nativeSetGroupAlpha,,False,False,True,0,0,,,,,,UNRESOLVED_DYNAMIC,755BCB6DD8C6627CE6936BD9AD238F37170815F36B62EAF4E5C02CA1F3897DE5,DECOMPILED,DYNAMIC_JNI_UNRESOLVED_DYNAMIC,FACT,
libARKernelInterface.so,libARKernelInterface_fn_0058bca0,0x0058bca0,0x0058bca0,1360,.text,RN_nativePushOnePlistUnit,,False,False,True,0,28,,0x0055dce4;0x0055dce4;0x01046a20;0x0058bedc;0x00570f58,0x01046a20;0x01046a20;0x01046a20;0x01046a20;0x01046950,'com/meitu/mtlab/arkernelinterface/core/ParseData/ARKernelGroupDataJNI';'vector',,UNRESOLVED_DYNAMIC,6F08E76AD246D006EB626D7E1F4196D13AB4FAF674494CCB4915C1B28C906A3C,DECOMPILED,DYNAMIC_JNI_UNRESOLVED_DYNAMIC,FACT,
libARKernelInterface.so,libARKernelInterface_fn_0058c1f0,0x0058c1f0,0x0058c1f0,80,.text,RN_nCreate,,False,False,True,0,1,,0x010469f0,0x010469f0,,,UNRESOLVED_DYNAMIC,5AB3123C3447710B8D2769688C0159A299BCCA3C780F0E6BFED18D28CE3E62B9,DECOMPILED,DYNAMIC_JNI_UNRESOLVED_DYNAMIC,FACT,
libARKernelInterface.so,libARKernelInterface_fn_0058c240,0x0058c240,0x0058c240,152,.text,RN_nFinalizer,,False,False,True,0,3,,0x005a6b20;0x01046a20;0x01046910,0x01046a20;0x01046910,'arkernel';'makeupcolor finalizer';'arkernel',,UNRESOLVED_DYNAMIC,8DAD8C14E08390D3B020180F5C07CBC34E1C0A29E3453430EC7CC90AABD32F35,DECOMPILED,DYNAMIC_JNI_UNRESOLVED_DYNAMIC,FACT,
libARKernelInterface.so,libARKernelInterface_fn_0058c2d8,0x0058c2d8,0x0058c2d8,132,.text,RN_nSetMakeupColorAlpha,,False,False,True,0,2,,0x005a6b20;0x01046910,0x01046910,'arkernel';'makeupcolor setMakeupColorAlpha';'arkernel',,UNRESOLVED_DYNAMIC,40FCC7C603F5D21B2B3D48E0614D36D63115FF3C88DD61879895D355637C9F31,DECOMPILED,DYNAMIC_JNI_UNRESOLVED_DYNAMIC,FACT,
libARKernelInterface.so,libARKernelInterface_fn_0058c35c,0x0058c35c,0x0058c35c,132,.text,RN_nGetMakeupColorAlpha,,False,False,True,0,2,,0x005a6b20;0x01046910,0x01046910,'arkernel';'makeupcolor getMakeupColorAlpha';'arkernel',,UNRESOLVED_DYNAMIC,BDC689E49370758394785BC5D77DDCD95226911A23E59617679E636D66BA90E6,DECOMPILED,DYNAMIC_JNI_UNRESOLVED_DYNAMIC,FACT,
libARKernelInterface.so,libARKernelInterface_fn_0058c3e0,0x0058c3e0,0x0058c3e0,344,.text,RN_nSetMakeupColorRGBA,,False,False,True,0,2,,0x005a6b20;0x01046910,0x01046910,'arkernel';'makeupcolor setMakeupColorRGBA';'arkernel',,UNRESOLVED_DYNAMIC,76D08E826A85B4D0112E69A6C4917031A6B0AB4BDB3ADD2D63AE078F846A641F,DECOMPILED,DYNAMIC_JNI_UNRESOLVED_DYNAMIC,FACT,
libARKernelInterface.so,libARKernelInterface_fn_0058c538,0x0058c538,0x0058c538,352,.text,RN_nGetMakeupColorRGBA,,False,False,True,0,5,,0x005a6b20;0x01046910;0x005a6b20;0x01046910;0x01046950,0x01046910;0x01046910;0x01046950,'arkernel';'makeupcolor getMakeupColorRGBA';'arkernel',,UNRESOLVED_DYNAMIC,7C16BCEE9FFEC10249B98CC00F2350320D0CE157F8D9D14D2858359AC36F0F18,DECOMPILED,DYNAMIC_JNI_UNRESOLVED_DYNAMIC,FACT,
libARKernelInterface.so,libARKernelInterface_fn_0058c698,0x0058c698,0x0058c698,140,.text,RN_nSetMakeupColorOpacity,,False,False,True,0,2,,0x005a6b20;0x01046910,0x01046910,'arkernel';'makeupcolor setMakeupColorOpacity';'arkernel',,UNRESOLVED_DYNAMIC,7ED6AF7D624418F21254E654C786D2F7E381E39DF78402EB4B27D8380C3FE8A1,DECOMPILED,DYNAMIC_JNI_UNRESOLVED_DYNAMIC,FACT,
libARKernelInterface.so,libARKernelInterface_fn_0058c724,0x0058c724,0x0058c724,132,.text,RN_nGetMakeupColorOpacity,,False,False,True,0,2,,0x005a6b20;0x01046910,0x01046910,'arkernel';'makeupcolor getMakeupColorOpacity';'arkernel',,UNRESOLVED_DYNAMIC,0E51CC2A627F34F6425D6067EBEB4EF673F8C14C6A28E60F038A9DFB38668B9E,DECOMPILED,DYNAMIC_JNI_UNRESOLVED_DYNAMIC,FACT,
libARKernelInterface.so,libARKernelInterface_fn_0058c7a8,0x0058c7a8,0x0058c7a8,228,.text,RN_nHaveColor,,False,False,True,0,2,,0x005a6b20;0x01046910,0x01046910,'arkernel';'makeupcolor HaveColor';'arkernel',,UNRESOLVED_DYNAMIC,4E8D6866F21011F4502476DF1250FDA97F120E84DDCAF99C76B20D86B7949F42,DECOMPILED,DYNAMIC_JNI_UNRESOLVED_DYNAMIC,FACT,
libARKernelInterface.so,libARKernelInterface_fn_0058c88c,0x0058c88c,0x0058c88c,196,.text,RN_nativeSetDaubModel,,False,False,True,0,2,,0x008e0920;0x01046b10,0x01046b10,'arkernel';'Not CPT_MakeupHairDaub Type';'arkernel',,UNRESOLVED_DYNAMIC,302C194549C4BAA1305150D767BCC64EE20F92FE3A2A220516A345FC42286242,DECOMPILED,DYNAMIC_JNI_UNRESOLVED_DYNAMIC,FACT,
libARKernelInterface.so,libARKernelInterface_fn_0058c950,0x0058c950,0x0058c950,196,.text,RN_nativeSetBrushSize,,False,False,True,0,2,,0x008e0920;0x01046b10,0x01046b10,'arkernel';'Not CPT_MakeupHairDaub Type';'arkernel',,UNRESOLVED_DYNAMIC,D6A5745A7CD2201C915AC00C68B4A1F7B5B9D628AD79CEF8B03E536EB951841F,DECOMPILED,DYNAMIC_JNI_UNRESOLVED_DYNAMIC,FACT,
libARKernelInterface.so,libARKernelInterface_fn_0058ca14,0x0058ca14,0x0058ca14,216,.text,RN_nativeSetScale,,False,False,True,0,2,,0x008e0920;0x01046b10,0x01046b10,'arkernel';'Not CPT_MakeupHairDaub Type';'arkernel',,UNRESOLVED_DYNAMIC,12A3D7FD65D2DC9AE423164FC86A8EE3E46CB68B24892F93DA063731E83FF643,DECOMPILED,DYNAMIC_JNI_UNRESOLVED_DYNAMIC,FACT,
libARKernelInterface.so,libARKernelInterface_fn_0058caec,0x0058caec,0x0058caec,224,.text,RN_nativeSetTranslate,,False,False,True,0,2,,0x008e0920;0x01046b10,0x01046b10,'arkernel';'Not CPT_MakeupHairDaub Type';'arkernel',,UNRESOLVED_DYNAMIC,CAC9775E150608FF61D6F5DF663DEE0E6F5F4EB787720AE4C28816940AF05BFC,DECOMPILED,DYNAMIC_JNI_UNRESOLVED_DYNAMIC,FACT,
libARKernelInterface.so,libARKernelInterface_fn_0058cbcc,0x0058cbcc,0x0058cbcc,224,.text,RN_nativeAddTranslate,,False,False,True,0,2,,0x008e0920;0x01046b10,0x01046b10,'arkernel';'Not CPT_MakeupHairDaub Type';'arkernel',,UNRESOLVED_DYNAMIC,E1EAB9AD05773B14FA53EFC75BE3CFF20260EB6DAF5D0B3A317738025B816B55,DECOMPILED,DYNAMIC_JNI_UNRESOLVED_DYNAMIC,FACT,
libARKernelInterface.so,libARKernelInterface_fn_0058ccac,0x0058ccac,0x0058ccac,200,.text,RN_nativeSetHairMakingupInfo,,False,False,True,0,2,,0x008e0920;0x01046b10,0x01046b10,'arkernel';'Not CPT_MakeupHairDaub Type';'arkernel',,UNRESOLVED_DYNAMIC,CE197440400739E03CE554B1DBF1147A4E57357E0057ACDBB5564F69F3E238D9,DECOMPILED,DYNAMIC_JNI_UNRESOLVED_DYNAMIC,FACT,
libARKernelInterface.so,libARKernelInterface_fn_0058cd74,0x0058cd74,0x0058cd74,268,.text,RN_nativeDisplay,,False,False,True,0,2,,0x008e0920;0x01046b10,0x01046b10,'arkernel';'Not CPT_MakeupHairDaub Type';'arkernel',,UNRESOLVED_DYNAMIC,99DD0E9B45E316AC07D757895FB25ED26FBE2A2E07929BD642546B0AB8FE1C9E,DECOMPILED,DYNAMIC_JNI_UNRESOLVED_DYNAMIC,FACT,
libARKernelInterface.so,libARKernelInterface_fn_0058ce80,0x0058ce80,0x0058ce80,444,.text,RN_nativeSaveHairMask,,False,False,True,0,11,,0x008e0920;0x01046b10;0x0055dce4;0x00570f58;0x00892554,0x01046b10;0x01046a20;0x01046a20;0x01046a20;0x01046a20,'arkernel';'Not CPT_MakeupHairDaub Type';'arkernel',,UNRESOLVED_DYNAMIC,DC9DE09E9F9BFFCBE9349CEF43EC9944F9961FF95B83DF52BE846BB9F3802EEB,DECOMPILED,DYNAMIC_JNI_UNRESOLVED_DYNAMIC,FACT,
libARKernelInterface.so,libARKernelInterface_fn_0058d03c,0x0058d03c,0x0058d03c,540,.text,RN_nativeLoadHairMask,,False,False,True,0,11,,0x008e0920;0x01046b10;0x0055dce4;0x00570f58;0x008925ec,0x01046b10;0x01046a20;0x01046a20;0x01046a20;0x01046a20,'arkernel';'Not CPT_MakeupHairDaub Type';'arkernel',,UNRESOLVED_DYNAMIC,1708CD1DC9075DD3D2CE9DE0A514594836AEA194813F51FA6437B76A5A744DC3,DECOMPILED,DYNAMIC_JNI_UNRESOLVED_DYNAMIC,FACT,
libARKernelInterface.so,libARKernelInterface_fn_0058d258,0x0058d258,0x0058d258,260,.text,RN_nativeGetTransformationPoint,,False,False,True,0,2,,0x008e0920;0x01046b10,0x01046b10,'arkernel';'GetTransformationPoint: Not CPT_SlimV2 Type';'arkernel',,UNRESOLVED_DYNAMIC,3DC4C32D03F8C2F3A5E11FC341462CA93825BDBE655D0D7592961794CD8B1EA3,DECOMPILED,DYNAMIC_JNI_UNRESOLVED_DYNAMIC,FACT,
libARKernelInterface.so,libARKernelInterface_fn_0058d35c,0x0058d35c,0x0058d35c,180,.text,RN_nativeGetEnableOption,,False,False,True,0,4,,0x008e0920;0x01046b10;0x005a6b20;0x01046910,0x01046b10;0x01046910,'arkernel';'GetEnableOption: Not CPT_SlimV2 Type';'arkernel',,UNRESOLVED_DYNAMIC,5D37FE7323A3EC48922FF11A7BDCB9EBC49B88BCB9CF00102369051A712C7FA6,DECOMPILED,DYNAMIC_JNI_UNRESOLVED_DYNAMIC,FACT,
libARKernelInterface.so,libARKernelInterface_fn_0058d410,0x0058d410,0x0058d410,196,.text,RN_nativeSetEnableOption,,False,False,True,0,2,,0x008e0920;0x01046b10,0x01046b10,'arkernel';'SetEnableOption: Not CPT_SlimV2 Type';'arkernel',,UNRESOLVED_DYNAMIC,65F5F387EB311366F49971E45719B8F2576C3358B1082B02E855369EB22EC425,DECOMPILED,DYNAMIC_JNI_UNRESOLVED_DYNAMIC,FACT,
libARKernelInterface.so,libARKernelInterface_fn_0058d4d4,0x0058d4d4,0x0058d4d4,224,.text,RN_nativeSetManualLongLegParam,,False,False,True,0,2,,0x008e0920;0x01046b10,0x01046b10,'arkernel';'SetManualLongLegParam: Not CPT_SlimV2 Type';'arkernel',,UNRESOLVED_DYNAMIC,2790A49EA1EF0ED68938FF8014AAFA3E967DA9D14B56B63A13F9FB2C099E5B71,DECOMPILED,DYNAMIC_JNI_UNRESOLVED_DYNAMIC,FACT,
libARKernelInterface.so,libARKernelInterface_fn_0058d5b4,0x0058d5b4,0x0058d5b4,200,.text,RN_nativeSetManualLongLegEnable,,False,False,True,0,2,,0x008e0920;0x01046b10,0x01046b10,'arkernel';'SetManualLongLegEnable: Not CPT_SlimV2 Type';'arkernel',,UNRESOLVED_DYNAMIC,FAD0C2E1F45EB6990EE982256AF876FF55FE72E1A63FF007FB5271CAECAE2C25,DECOMPILED,DYNAMIC_JNI_UNRESOLVED_DYNAMIC,FACT,
libARKernelInterface.so,libARKernelInterface_fn_0058d67c,0x0058d67c,0x0058d67c,252,.text,RN_nativeSetSlimHeadParam,,False,False,True,0,2,,0x008e0920;0x01046b10,0x01046b10,'arkernel';'SetSlimHeadParam: Not CPT_SlimV2 Type';'arkernel',,UNRESOLVED_DYNAMIC,DF67D3135BF0708BE34C70D14940657905D3CEB8919F836646B8EA09D60BFAE7,DECOMPILED,DYNAMIC_JNI_UNRESOLVED_DYNAMIC,FACT,
libARKernelInterface.so,libARKernelInterface_fn_0058d778,0x0058d778,0x0058d778,288,.text,RN_nativeSetManualSlimming3Param,,False,False,True,0,2,,0x008e0920;0x01046b10,0x01046b10,'arkernel';'SetManualSlimming3Param: Not CPT_SlimV2 Type';'arkernel',,UNRESOLVED_DYNAMIC,0E1CA958DAEBB10E6331DE7D82B057B5E6D84D4B9407224440F29DC0E5E4EA95,DECOMPILED,DYNAMIC_JNI_UNRESOLVED_DYNAMIC,FACT,
libARKernelInterface.so,libARKernelInterface_fn_0058d898,0x0058d898,0x0058d898,296,.text,RN_nativeSetManualSlimming3Enable,,False,False,True,0,2,,0x008e0920;0x01046b10,0x01046b10,'arkernel';'SetManualSlimming3Enable: Not CPT_SlimV2 Type';'arkernel',,UNRESOLVED_DYNAMIC,0BDC3296249529FDC3287304DD90991BFCC8C8A14432C5EBBD8C2A57E8671D3E,DECOMPILED,DYNAMIC_JNI_UNRESOLVED_DYNAMIC,FACT,
libARKernelInterface.so,libARKernelInterface_fn_0058d9c0,0x0058d9c0,0x0058d9c0,156,.text,RN_nativeGetMUType,,False,False,True,0,3,,0x008e0920;0x005a6b20;0x01046910,0x01046910,'arkernel';'Not CPT_STATIC Type';'arkernel',,UNRESOLVED_DYNAMIC,E112A444CCB9ED2F3EC5F29CCDB38F785FDE9BB86752E66DBB947D2BB18866C5,DECOMPILED,DYNAMIC_JNI_UNRESOLVED_DYNAMIC,FACT,
libARKernelInterface.so,libARKernelInterface_fn_0058da5c,0x0058da5c,0x0058da5c,352,.text,RN_nativeGetHairMidPoints,,False,False,True,0,9,,0x008e0920;0x01046b10;0x009e2ce4;0x01046a20;0x005a6b20,0x01046b10;0x01046a20;0x01046910;0x01046a20;0x01046950,'arkernel';'Not CPT_STATIC Type';'arkernel',,UNRESOLVED_DYNAMIC,3057045E613ABF786F2B4B9B8D0BDF26FE9208FA37153422A0B712D4745BF6DA,DECOMPILED,DYNAMIC_JNI_UNRESOLVED_DYNAMIC,FACT,
libARKernelInterface.so,libARKernelInterface_fn_0058dbbc,0x0058dbbc,0x0058dbbc,632,.text,RN_nativeSetHairMidPoints,,False,False,True,0,17,,0x008e0920;0x01046b10;0x010469f0;0x01046a10;0x010469f0,0x01046b10;0x010469f0;0x01046a10;0x010469f0;0x01046a10,'arkernel';'Not CPT_STATIC Type';'arkernel',,UNRESOLVED_DYNAMIC,3E8FA3CA9081BF34FF2161A07E91FCA58F42A261878C774D48F71BBA7465C0F6,DECOMPILED,DYNAMIC_JNI_UNRESOLVED_DYNAMIC,FACT,
libARKernelInterface.so,libARKernelInterface_fn_0058de34,0x0058de34,0x0058de34,180,.text,RN_nativeGetEyeShadowType,,False,False,True,0,4,,0x005a6b20;0x008e0920;0x01046b10;0x01046910,0x01046b10;0x01046910,'arkernel';'GetEyeShadowType';'arkernel',,UNRESOLVED_DYNAMIC,D4E7DC182740C9EEB6DCEEF543729344DCFD26272FCE8281C5F3EFD2F9D29857,DECOMPILED,DYNAMIC_JNI_UNRESOLVED_DYNAMIC,FACT,
libARKernelInterface.so,libARKernelInterface_fn_0058dee8,0x0058dee8,0x0058dee8,204,.text,RN_nativeGetIsGlobalFilter,,False,False,True,0,6,,0x005a6b20;0x008e0920;0x01046b10;0x009e1174;0x009e1180,0x01046b10;0x01046910,'arkernel';'GetIsGlobalFilter';'arkernel',,UNRESOLVED_DYNAMIC,F30E1FBF7568512A463381E57D52CD0CCB8410A56A6B608A282CEEC86D8CD529,DECOMPILED,DYNAMIC_JNI_UNRESOLVED_DYNAMIC,FACT,
libARKernelInterface.so,libARKernelInterface_fn_0058dfb4,0x0058dfb4,0x0058dfb4,196,.text,RN_nativeGetRectangle,,False,False,True,0,4,,0x008e0920;0x01046b10;0x009e2c94;0x01046950,0x01046b10;0x01046950,,,UNRESOLVED_DYNAMIC,1C1175B08E221AACF32EF5A1A2DAAC2C4DEC0E400A8E02588024B90059BCCF50,DECOMPILED,DYNAMIC_JNI_UNRESOLVED_DYNAMIC,FACT,
libARKernelInterface.so,libARKernelInterface_fn_0058e078,0x0058e078,0x0058e078,180,.text,RN_nativeGetOperation,,False,False,True,0,4,,0x005a6b20;0x008e0920;0x01046b10;0x01046910,0x01046b10;0x01046910,'arkernel';'GetEyeShadowType';'arkernel',,UNRESOLVED_DYNAMIC,D9F9812BC883D82257BA069AB3DC316BA1373FA6F7F00931531F59F20DDD0392,DECOMPILED,DYNAMIC_JNI_UNRESOLVED_DYNAMIC,FACT,
libARKernelInterface.so,libARKernelInterface_fn_0058e12c,0x0058e12c,0x0058e12c,452,.text,RN_nativeGetPath,,False,False,True,0,9,,0x005a6b20;0x01046910;0x008e0920;0x01046b10;0x009e2cc4,0x01046910;0x01046b10;0x01046a20;0x01046a20;0x01046950,'arkernel';'GetEyeShadowType';'arkernel',,UNRESOLVED_DYNAMIC,542C042027F33B168C84FDC3A909134EFE787963DC8201436BC3F2AAC3F5049D,DECOMPILED,DYNAMIC_JNI_UNRESOLVED_DYNAMIC,FACT,
libARKernelInterface.so,libARKernelInterface_fn_0058e2f0,0x0058e2f0,0x0058e2f0,376,.text,RN_nativeProcessDirectionByTouch,,False,False,True,0,2,,0x005a6604;0x01046950,0x01046950,'com/meitu/mtlab/arkernelinterface/utils/ARKernelFacePickUpJNI',,UNRESOLVED_DYNAMIC,425631428FB577A9A3C3C29DCF0036B5F62CA420DDED055823AB1F945B54BC7C,DECOMPILED,DYNAMIC_JNI_UNRESOLVED_DYNAMIC,FACT,
libARKernelInterface.so,libARKernelInterface_fn_0058e468,0x0058e468,0x0058e468,676,.text,RN_nativeUTF8ToUTF32,,False,False,True,0,10,,0x0055dce4;0x005b612c;0x01046930;0x01046980;0x01046a20,0x01046930;0x01046980;0x01046a20;0x01046a20;0x01046a20,,,UNRESOLVED_DYNAMIC,96AD58E07B8AEC47D655FABCEAB4FC71023A32052F5F27B3A8F7F75B09FD0F2E,DECOMPILED,DYNAMIC_JNI_UNRESOLVED_DYNAMIC,FACT,
libARKernelInterface.so,libARKernelInterface_fn_0058e70c,0x0058e70c,0x0058e70c,964,.text,RN_nativeUTF8ToUTF32Byte,,False,False,True,0,11,,0x010469f0;0x005b612c;0x01046930;0x01046980;0x01046a20,0x010469f0;0x01046930;0x01046980;0x01046a20;0x01046a20,,,UNRESOLVED_DYNAMIC,93DA7EC314613A631956803EF0C129C82CF6BB14A14CBD3705A23AFBD16F342B,DECOMPILED,DYNAMIC_JNI_UNRESOLVED_DYNAMIC,FACT,
libARKernelInterface.so,libARKernelInterface_fn_0058ead0,0x0058ead0,0x0058ead0,968,.text,RN_nativeUTF32ToUTF8,,False,False,True,0,14,,0x0058ed78;0x005b6130;0x01046a20;0x01046a20;0x01046a20,0x01046a20;0x01046a20;0x01046a20;0x01046a20;0x01046950,'com/meitu/mtlab/arkernelinterface/utils/ARKernelUnicodeConvertJNI',,UNRESOLVED_DYNAMIC,B99023D0A0953ADF87C35AA7C2299926D8D7176B9578053FBB21E5FFA9C3EE51,DECOMPILED,DYNAMIC_JNI_UNRESOLVED_DYNAMIC,FACT,
libARKernelInterface.so,libARKernelInterface_fn_0058ee98,0x0058ee98,0x0058ee98,268,.text,JNI_OnLoad,JNI_OnLoad,True,False,False,0,7,,0x01046910;0x01046910;0x0055cc50;0x005a863c;0x0055da10,0x01046910;0x01046910;0x01046950,'arkernel';'JNI_OnLoad libARKernelInterface.so attach to system!';'arkernel',,,E6FAB659B0A9AD718F5EFAD0DD025AFA313CFD87EE701134ADACF372DEE0BBC9,DECOMPILED,UTILITY_FUNCTION,FACT,
libARKernelInterface.so,libARKernelInterface_fn_0058efa4,0x0058efa4,0x0058efa4,196,.text,JNI_OnUnload,JNI_OnUnload,True,False,False,0,4,,0x01046910;0x005a79a8;0x01046910;0x01046950,0x01046910;0x01046910;0x01046950,'arkernel';'JNI_OnUnload libARKernelInterface.so dettach from system!';'arkernel',,,3B0D19565BF661FACF752B78937899A5B0EFB06E6807504DA7B21D8E8D1EDD5F,DECOMPILED,UTILITY_FUNCTION,FACT,
libARKernelInterface.so,libARKernelInterface_fn_0058f068,0x0058f068,0x0058f068,16,.text,_ZN11arkernelcpp34ARKernel3DBodyPartControlInterface14SetBodyIDAlphaElNS_9ParamFlagEf,_ZN11arkernelcpp34ARKernel3DBodyPartControlInterface14SetBodyIDAlphaElNS_9ParamFlagEf,True,False,False,0,0,,,,,,,B2F6BE7E4E0A1BAE8568A6F931A245A8EE393244FABFA397B3BA51C9662B0E4A,DECOMPILED,COLOR_SCIENCE_TRANSCODE,FACT,
libARKernelInterface.so,libARKernelInterface_fn_0058f078,0x0058f078,0x0058f078,20,.text,_ZN11arkernelcpp34ARKernel3DBodyPartControlInterface14GetBodyIDAlphaElNS_9ParamFlagE,_ZN11arkernelcpp34ARKernel3DBodyPartControlInterface14GetBodyIDAlphaElNS_9ParamFlagE,True,False,False,0,0,,,,,,,13AB7209B7E14E7241A204ED4F46BD4F6B9E8F1363D9CC4449D65593997DBDFA,DECOMPILED,COLOR_SCIENCE_TRANSCODE,FACT,
libARKernelInterface.so,libARKernelInterface_fn_0058f08c,0x0058f08c,0x0058f08c,16,.text,_ZNK11arkernelcpp34ARKernel3DBodyPartControlInterface30GetTargetObjDegreeControlCountEv,_ZNK11arkernelcpp34ARKernel3DBodyPartControlInterface30GetTargetObjDegreeControlCountEv,True,False,False,0,0,,,,,,,8D4DA88206771D7DA06C92E8E65FBEC5460B16298479C9690BA9F5EE0F17EC29,DECOMPILED,COLOR_SCIENCE_TRANSCODE,FACT,
libARKernelInterface.so,libARKernelInterface_fn_0058f09c,0x0058f09c,0x0058f09c,16,.text,_ZNK11arkernelcpp34ARKernel3DBodyPartControlInterface14GetPersonCountEv,_ZNK11arkernelcpp34ARKernel3DBodyPartControlInterface14GetPersonCountEv,True,False,False,0,0,,,,,,,75B90AEE94727801E2A86616A059EDF3C3B445435330E5949A4F26FD9AEC1127,DECOMPILED,COLOR_SCIENCE_TRANSCODE,FACT,
libARKernelInterface.so,libARKernelInterface_fn_0058f0ac,0x0058f0ac,0x0058f0ac,8,.text,_ZN11arkernelcpp24ARKernelARAiStateSetting9SetKernelEPN8arkernel6KernelE,_ZN11arkernelcpp24ARKernelARAiStateSetting9SetKernelEPN8arkernel6KernelE,True,False,False,0,0,,,,,,,BC7D7BFE1862508F235ACEE5544AFC3A7C13A06C79CA1E67D8BA71C403DF8071,DECOMPILED,UTILITY_FUNCTION,FACT,
libARKernelInterface.so,libARKernelInterface_fn_0058f0b4,0x0058f0b4,0x0058f0b4,20,.text,_ZN11arkernelcpp24ARKernelARAiStateSetting20SetEnableMakeupAdaptEb,_ZN11arkernelcpp24ARKernelARAiStateSetting20SetEnableMakeupAdaptEb,True,False,False,0,0,,,,,,,F05D9FAAB786D4CBD44EAAEADFA9C48D6BBE9DCE78210099EDFF680F3384B04D,DECOMPILED,UTILITY_FUNCTION,FACT,
libARKernelInterface.so,libARKernelInterface_fn_0058f0c8,0x0058f0c8,0x0058f0c8,16,.text,_ZN11arkernelcpp24ARKernelARAiStateSetting20GetEnableMakeupAdaptEv,_ZN11arkernelcpp24ARKernelARAiStateSetting20GetEnableMakeupAdaptEv,True,False,False,0,0,,,,,,,5D09E6B24487630F43F552BECE5012BE71E66B7304B285E804270439DE74E6B9,DECOMPILED,UTILITY_FUNCTION,FACT,
libARKernelInterface.so,libARKernelInterface_fn_0058f0d8,0x0058f0d8,0x0058f0d8,20,.text,_ZN11arkernelcpp24ARKernelARAiStateSetting12SetEnableQNNEb,_ZN11arkernelcpp24ARKernelARAiStateSetting12SetEnableQNNEb,True,False,False,0,0,,,,,,,1BFFDD293F7EE56EB429163AC38D2F5DEDEB159531BBBB413382F605699D3F81,DECOMPILED,UTILITY_FUNCTION,FACT,
libARKernelInterface.so,libARKernelInterface_fn_0058f0ec,0x0058f0ec,0x0058f0ec,16,.text,_ZN11arkernelcpp24ARKernelARAiStateSetting12GetEnableQNNEv,_ZN11arkernelcpp24ARKernelARAiStateSetting12GetEnableQNNEv,True,False,False,0,0,,,,,,,968208B8C55516CA4B3FBA25F77A4AAA959C9CC50CDECE5E78D6B1863A191F66,DECOMPILED,UTILITY_FUNCTION,FACT,
libARKernelInterface.so,libARKernelInterface_fn_0058f0fc,0x0058f0fc,0x0058f0fc,16,.text,_ZN11arkernelcpp24ARKernelARAiStateSetting16SetARAiModelPathENS_17ARAiModelPathTypeERKNSt6__ndk112basic_stringIcNS2_11char_traitsIcEENS2_9allocatorIcEEEE,_ZN11arkernelcpp24ARKernelARAiStateSetting16SetARAiModelPathENS_17ARAiModelPathTypeERKNSt6__ndk112basic_stringIcNS2_11char_traitsIcEENS2_9allocatorIcEEEE,True,False,False,0,0,,,,,,,C5EA71F53C22415AE46A39AA20D14160D2FC830433A32FD8EDD85ED68E94C7F1,DECOMPILED,NEURAL_INFERENCE_ENGINE,FACT,
libARKernelInterface.so,libARKernelInterface_fn_0058f10c,0x0058f10c,0x0058f10c,144,.text,_ZN11arkernelcpp24ARKernelARAiStateSetting16SetARAiModelPathENS_17ARAiModelPathTypeEPKc,_ZN11arkernelcpp24ARKernelARAiStateSetting16SetARAiModelPathENS_17ARAiModelPathTypeEPKc,True,False,False,0,4,,0x0058f19c;0x006062ac;0x01046a20;0x01046950,0x01046a20;0x01046950,,,,0D2658EE89CC9043B63D9224AB6BC70276118C44F0B8C194BB86FF0CA3B8C6C7,DECOMPILED,NEURAL_INFERENCE_ENGINE,FACT,
libARKernelInterface.so,libARKernelInterface_fn_0058f228,0x0058f228,0x0058f228,96,.text,_ZN11arkernelcpp24ARKernelARAiStateSetting16GetARAiModelPathENS_17ARAiModelPathTypeE,_ZN11arkernelcpp24ARKernelARAiStateSetting16GetARAiModelPathENS_17ARAiModelPathTypeE,True,False,False,0,1,,0x00606314,,,,,6DBAD009A78ACE49451D71B1ECFDF3A8CA7D08564FFD83C98B3A82E20EAB4C61,DECOMPILED,NEURAL_INFERENCE_ENGINE,FACT,
libARKernelInterface.so,libARKernelInterface_fn_0058f288,0x0058f288,0x0058f288,20,.text,_ZN11arkernelcpp24ARKernelARAiStateSetting22SetImageOrVideoChangedEb,_ZN11arkernelcpp24ARKernelARAiStateSetting22SetImageOrVideoChangedEb,True,False,False,0,0,,,,,,,D9A26F326CF5BF1401B41C60330CAEA70B13C8F7CF41C82992C758EF908FAF3B,DECOMPILED,UTILITY_FUNCTION,FACT,
libARKernelInterface.so,libARKernelInterface_fn_0058f2c8,0x0058f2c8,0x0058f2c8,1084,.text,_ZN11arkernelcpp38ARKernelAdjustNeckPartControlInterface26GetSigModelIsNeckExistanceERKNS_25ARKernelBodyDataInterfaceERKNS_25ARKernelFaceDataInterfaceE,_ZN11arkernelcpp38ARKernelAdjustNeckPartControlInterface26GetSigModelIsNeckExistanceERKNS_25ARKernelBodyDataInterfaceERKNS_25ARKernelFaceDataInterfaceE,True,False,False,0,19,,0x0058f704;0x010469f0;0x00a198b0;0x00a19a04;0x0058f734,0x010469f0;0x010469f0;0x01047c30;0x01046a20;0x01046a20,"'faceData.pointCount_2D:%d, Not Match any facepoint type'",,,3777BC7836EE3ACB4D2B52348F54CED063A5BCCA4BC3D221024339F0511E5F80,DECOMPILED,COLOR_SCIENCE_TRANSCODE,FACT,
libARKernelInterface.so,libARKernelInterface_fn_0058f764,0x0058f764,0x0058f764,1092,.text,_ZN11arkernelcpp38ARKernelAdjustNeckPartControlInterface28GetMultiModelIsNeckExistanceERKNS_25ARKernelBodyDataInterfaceERKNS_25ARKernelFaceDataInterfaceE,_ZN11arkernelcpp38ARKernelAdjustNeckPartControlInterface28GetMultiModelIsNeckExistanceERKNS_25ARKernelBodyDataInterfaceERKNS_25ARKernelFaceDataInterfaceE,True,False,False,0,19,,0x0058f704;0x010469f0;0x00a198b0;0x00a19a04;0x0058f734,0x010469f0;0x010469f0;0x01047c30;0x01046a20;0x01046a20,"'faceData.pointCount_2D:%d, Not Match any facepoint type';'aceData.pointCount_2D:%d, Not Match any facepoint type'",,,9E2FB5998A6FD6DDAFD9686DCC4F799A8EE5AF91C48EC3D96C2BE01B02851FC9,DECOMPILED,COLOR_SCIENCE_TRANSCODE,FACT,
libARKernelInterface.so,libARKernelInterface_fn_0058fe54,0x0058fe54,0x0058fe54,16,.text,_ZN11arkernelcpp40ARKernelAnattaBeautyPartControlInterface25UpdateCacheParameterToBPMEv,_ZN11arkernelcpp40ARKernelAnattaBeautyPartControlInterface25UpdateCacheParameterToBPMEv,True,False,False,0,0,,,,,,,D22A84473D9B8A53F82A78B9510CCEEF09AB96FF4E582138C70835FEF843464A,DECOMPILED,FACIAL_SEGMENTATION_MATTE,FACT,
libARKernelInterface.so,libARKernelInterface_fn_0058fe64,0x0058fe64,0x0058fe64,16,.text,_ZN11arkernelcpp40ARKernelAnattaBeautyPartControlInterface22CleanParameterWithFaceEi,_ZN11arkernelcpp40ARKernelAnattaBeautyPartControlInterface22CleanParameterWithFaceEi,True,False,False,0,0,,,,,,,802815BB0ECF9B58EECDB74F187471FEF384957AFBF59575EBCF9BD5F05F5751,DECOMPILED,FACIAL_SEGMENTATION_MATTE,FACT,
libARKernelInterface.so,libARKernelInterface_fn_0058fe74,0x0058fe74,0x0058fe74,16,.text,_ZN11arkernelcpp40ARKernelAnattaBeautyPartControlInterface20SetParameterWithFaceEiNS_9ParamFlagEf,_ZN11arkernelcpp40ARKernelAnattaBeautyPartControlInterface20SetParameterWithFaceEiNS_9ParamFlagEf,True,False,False,0,0,,,,,,,6E89E2214AFF47305D06B82FA0F13F9B7B0AB4DC91BC6DF551676CFA606215B4,DECOMPILED,FACIAL_SEGMENTATION_MATTE,FACT,
libARKernelInterface.so,libARKernelInterface_fn_0058fe84,0x0058fe84,0x0058fe84,220,.text,_ZN11arkernelcpp40ARKernelAnattaBeautyPartControlInterface19SetSkinBalanceParamERKNS_16SkinBalanceParamE,_ZN11arkernelcpp40ARKernelAnattaBeautyPartControlInterface19SetSkinBalanceParamERKNS_16SkinBalanceParamE,True,False,False,0,6,,0x00570f58;0x00570f58;0x01046a20;0x0079f344;0x01046a20,0x01046a20;0x01046a20;0x01046950,,,,169735E5F90BAF103931A01D2CE45315BB95B6A6FA7E5BC5F783D75531E633A6,DECOMPILED,FACIAL_SEGMENTATION_MATTE,FACT,
libARKernelInterface.so,libARKernelInterface_fn_0058ff60,0x0058ff60,0x0058ff60,16,.text,_ZN11arkernelcpp40ARKernelAnattaBeautyPartControlInterface18GetInterfaceHandleEv,_ZN11arkernelcpp40ARKernelAnattaBeautyPartControlInterface18GetInterfaceHandleEv,True,False,False,0,0,,,,,,,990CE1881027A82AB168135AC7D7D13A86B7B3DE5458D83DFAF1569BE5C0CEAB,DECOMPILED,FACIAL_SEGMENTATION_MATTE,FACT,
libARKernelInterface.so,libARKernelInterface_fn_0058ff70,0x0058ff70,0x0058ff70,16,.text,_ZN11arkernelcpp40ARKernelAnattaBeautyPartControlInterface16SetControlOptionENS_9ParamFlagEi,_ZN11arkernelcpp40ARKernelAnattaBeautyPartControlInterface16SetControlOptionENS_9ParamFlagEi,True,False,False,0,0,,,,,,,990CE1881027A82AB168135AC7D7D13A86B7B3DE5458D83DFAF1569BE5C0CEAB,DECOMPILED,FACIAL_SEGMENTATION_MATTE,FACT,
libARKernelInterface.so,libARKernelInterface_fn_0058ff80,0x0058ff80,0x0058ff80,32,.text,_ZN11arkernelcpp40ARKernelAnattaBeautyPartControlInterface16GetControlOptionENS_9ParamFlagE,_ZN11arkernelcpp40ARKernelAnattaBeautyPartControlInterface16GetControlOptionENS_9ParamFlagE,True,False,False,0,1,,0x0079f374,,,,,4D28403361FE7292E80486F24F8C542470FDC72BACC895EE091926202EC471DC,DECOMPILED,FACIAL_SEGMENTATION_MATTE,FACT,
libARKernelInterface.so,libARKernelInterface_fn_0058ffa0,0x0058ffa0,0x0058ffa0,16,.text,_ZN11arkernelcpp40ARKernelAnattaBeautyPartControlInterface13SetFaceFRDataEiPx,_ZN11arkernelcpp40ARKernelAnattaBeautyPartControlInterface13SetFaceFRDataEiPx,True,False,False,0,0,,,,,,,E1DEF5F75166AFD997AC9DD9C1629503EEFA28A608DEDABD13456F6E5ECD28CD,DECOMPILED,FACIAL_SEGMENTATION_MATTE,FACT,
libARKernelInterface.so,libARKernelInterface_fn_0058ffb0,0x0058ffb0,0x0058ffb0,36,.text,_ZN11arkernelcpp40ARKernelAnattaBeautyPartControlInterface21SetManualBrushTextureEiiiPfS1_S1_xNS_15ManualBrushTypeEb,_ZN11arkernelcpp40ARKernelAnattaBeautyPartControlInterface21SetManualBrushTextureEiiiPfS1_S1_xNS_15ManualBrushTypeEb,True,False,False,0,0,,,,,,,1A2CA98455E5E33FA446A3F50601625734386EF264DE2E424FE29EE5D80AD6A2,DECOMPILED,FACIAL_SEGMENTATION_MATTE,FACT,
libARKernelInterface.so,libARKernelInterface_fn_0058ffd4,0x0058ffd4,0x0058ffd4,16,.text,_ZN11arkernelcpp40ARKernelAnattaBeautyPartControlInterface21GetManualBrushTextureEiiPfS1_S1_xNS_15ManualBrushTypeE,_ZN11arkernelcpp40ARKernelAnattaBeautyPartControlInterface21GetManualBrushTextureEiiPfS1_S1_xNS_15ManualBrushTypeE,True,False,False,0,0,,,,,,,E1DEF5F75166AFD997AC9DD9C1629503EEFA28A608DEDABD13456F6E5ECD28CD,DECOMPILED,FACIAL_SEGMENTATION_MATTE,FACT,
libARKernelInterface.so,libARKernelInterface_fn_0058ffe4,0x0058ffe4,0x0058ffe4,16,.text,_ZN11arkernelcpp40ARKernelAnattaBeautyPartControlInterface20SetStandBrushTextureEixiiNS_15ManualBrushTypeE,_ZN11arkernelcpp40ARKernelAnattaBeautyPartControlInterface20SetStandBrushTextureEixiiNS_15ManualBrushTypeE,True,False,False,0,0,,,,,,,E1DEF5F75166AFD997AC9DD9C1629503EEFA28A608DEDABD13456F6E5ECD28CD,DECOMPILED,FACIAL_SEGMENTATION_MATTE,FACT,
libARKernelInterface.so,libARKernelInterface_fn_0058fff4,0x0058fff4,0x0058fff4,16,.text,_ZN11arkernelcpp40ARKernelAnattaBeautyPartControlInterface20GetStandBrushTextureExPiS1_NS_15ManualBrushTypeE,_ZN11arkernelcpp40ARKernelAnattaBeautyPartControlInterface20GetStandBrushTextureExPiS1_NS_15ManualBrushTypeE,True,False,False,0,0,,,,,,,E1DEF5F75166AFD997AC9DD9C1629503EEFA28A608DEDABD13456F6E5ECD28CD,DECOMPILED,FACIAL_SEGMENTATION_MATTE,FACT,
libARKernelInterface.so,libARKernelInterface_fn_00590004,0x00590004,0x00590004,20,.text,_ZN11arkernelcpp40ARKernelAnattaBeautyPartControlInterface28LoadCoeffientParameterConfigEPKc,_ZN11arkernelcpp40ARKernelAnattaBeautyPartControlInterface28LoadCoeffientParameterConfigEPKc,True,False,False,0,0,,,,,,,CAF31D28FDC82663B5586B2DD58654863B910678FC553BFD9E03BF7640B23887,DECOMPILED,FACIAL_SEGMENTATION_MATTE,FACT,
libARKernelInterface.so,libARKernelInterface_fn_00590018,0x00590018,0x00590018,20,.text,_ZN11arkernelcpp40ARKernelAnattaBeautyPartControlInterface26SetIsNeedGenderDistinctionEb,_ZN11arkernelcpp40ARKernelAnattaBeautyPartControlInterface26SetIsNeedGenderDistinctionEb,True,False,False,0,0,,,,,,,5D91866234F7B8D264D9BDA143AE54EADA4F6CBFEDCB7EA3DC1EA39327FD5F04,DECOMPILED,FACIAL_SEGMENTATION_MATTE,FACT,
libARKernelInterface.so,libARKernelInterface_fn_0059002c,0x0059002c,0x0059002c,16,.text,_ZN11arkernelcpp40ARKernelAnattaBeautyPartControlInterface18ReloadMaterialPathEPKci,_ZN11arkernelcpp40ARKernelAnattaBeautyPartControlInterface18ReloadMaterialPathEPKci,True,False,False,0,0,,,,,,,E1DEF5F75166AFD997AC9DD9C1629503EEFA28A608DEDABD13456F6E5ECD28CD,DECOMPILED,FACIAL_SEGMENTATION_MATTE,FACT,
libARKernelInterface.so,libARKernelInterface_fn_0059003c,0x0059003c,0x0059003c,48,.text,_ZN11arkernelcpp26ARKernelFaceLightInterfaceC1Ev,_ZN11arkernelcpp26ARKernelFaceLightInterfaceC1Ev,True,False,False,0,2,,0x010469f0;0x00605aec,0x010469f0,,,,C3F6F148C56A56D9B3D00A7E456896A70EECC7D7BFB74600E06D9078DCE989C8,DECOMPILED,FACIAL_SEGMENTATION_MATTE,FACT,
libARKernelInterface.so,libARKernelInterface_fn_0059006c,0x0059006c,0x0059006c,4,.text,_ZN11arkernelcpp26ARKernelFaceLightInterfaceD1Ev,_ZN11arkernelcpp26ARKernelFaceLightInterfaceD1Ev,True,False,False,0,0,,,,,,,0B0116C78FDEC7AA539F1F884A45124782F6F384B538163F7BF7ED2B2FCFFDA5,DECOMPILED,FACIAL_SEGMENTATION_MATTE,FACT,
libARKernelInterface.so,libARKernelInterface_fn_00590070,0x00590070,0x00590070,160,.text,_ZN11arkernelcpp26ARKernelFaceLightInterface7ReleaseEv,_ZN11arkernelcpp26ARKernelFaceLightInterface7ReleaseEv,True,False,False,0,2,,0x00605b44;0x01046a20,0x01046a20,'arkernel';'ARKernelFaceLightInterface::Initialize: m_pKernel == nullptr !';'arkernel',,,E038D434A18746161947A741A3E004BBE0D996364D98269887D5A58B2FB6F707,DECOMPILED,FACIAL_SEGMENTATION_MATTE,FACT,
libARKernelInterface.so,libARKernelInterface_fn_00590110,0x00590110,0x00590110,100,.text,_ZN11arkernelcpp26ARKernelFaceLightInterface10InitializeEv,_ZN11arkernelcpp26ARKernelFaceLightInterface10InitializeEv,True,False,False,0,0,,,,'arkernel';'ARKernelFaceLightInterface::Initialize: m_pKernel == nullptr !';'arkernel',,,66BF023BBD203FF465DB5D4A826A1E99D7078B1F4FC366FA19C41F9D44FA3D71,DECOMPILED,FACIAL_SEGMENTATION_MATTE,FACT,
libARKernelInterface.so,libARKernelInterface_fn_00590174,0x00590174,0x00590174,120,.text,_ZN11arkernelcpp26ARKernelFaceLightInterface19ParserConfigurationEPKc,_ZN11arkernelcpp26ARKernelFaceLightInterface19ParserConfigurationEPKc,True,False,False,0,2,,0x005a6b20;0x01046910,0x01046910,'arkernel';'ARKernelFaceLightInterface::ParserConfiguration: m_pKernel == nullptr !';'arkernel',,,F98D787A9CBDEC6EDE99F5F7D1DF22F8B3EDBE99C7FE4A0A4758A8C4215D78D9,DECOMPILED,FACIAL_SEGMENTATION_MATTE,FACT,
libARKernelInterface.so,libARKernelInterface_fn_005901ec,0x005901ec,0x005901ec,120,.text,_ZN11arkernelcpp26ARKernelFaceLightInterface11OnDrawFrameEjjiijj,_ZN11arkernelcpp26ARKernelFaceLightInterface11OnDrawFrameEjjiijj,True,False,False,0,2,,0x005a6b20;0x01046910,0x01046910,'arkernel';'ARKernelFaceLightInterface::OnDrawFrame: m_pKernel == nullptr !';'arkernel',,,E5862A3AB4559413A7571EE5A06FAA73F67F6404FE9A4E5DA028E38F76FE5679,DECOMPILED,FACIAL_SEGMENTATION_MATTE,FACT,
libARKernelInterface.so,libARKernelInterface_fn_00590264,0x00590264,0x00590264,120,.text,_ZN11arkernelcpp26ARKernelFaceLightInterface19NeedDataRequireTypeENS_15DataRequireTypeE,_ZN11arkernelcpp26ARKernelFaceLightInterface19NeedDataRequireTypeENS_15DataRequireTypeE,True,False,False,0,2,,0x005a6b20;0x01046910,0x01046910,'arkernel';'ARKernelFaceLightInterface::NeedDataRequireType: m_pKernel == nullptr !';'arkernel',,,A50049112077F0C93D3FAB2B6D7C4A4A38726EAB98E187F50780E91AC0BCEE61,DECOMPILED,FACIAL_SEGMENTATION_MATTE,FACT,
libARKernelInterface.so,libARKernelInterface_fn_005902dc,0x005902dc,0x005902dc,100,.text,_ZN11arkernelcpp26ARKernelFaceLightInterface13SetNativeDataEPKNS_25ARKernelBaseDataInterfaceE,_ZN11arkernelcpp26ARKernelFaceLightInterface13SetNativeDataEPKNS_25ARKernelBaseDataInterfaceE,True,False,False,0,0,,,,'arkernel';'ARKernelFaceLightInterface::SetNativeData: m_pKernel == nullptr !';'arkernel',,,C3F9ABEE64E4DAD98E8FF446D93F8C56DD4971E755AE656D9E024500A396F36C,DECOMPILED,FACIAL_SEGMENTATION_MATTE,FACT,
libARKernelInterface.so,libARKernelInterface_fn_00590340,0x00590340,0x00590340,20,.text,_ZN11arkernelcpp36ARKernelFaceliftPartControlInterface25GetIneffectiveSliderVauleENS_9ParamFlagE,_ZN11arkernelcpp36ARKernelFaceliftPartControlInterface25GetIneffectiveSliderVauleENS_9ParamFlagE,True,False,False,0,0,,,,,,,788272381F4A3FAA839179CDB648AEA859F98D366C5FC6425D5B8E496840C9B4,DECOMPILED,COLOR_SCIENCE_TRANSCODE,FACT,
libARKernelInterface.so,libARKernelInterface_fn_00590354,0x00590354,0x00590354,4,.text,_ZN11arkernelcpp21ARKernelGlobalSetting19SetInternalLogLevelENS_8LogLevelE,_ZN11arkernelcpp21ARKernelGlobalSetting19SetInternalLogLevelENS_8LogLevelE,True,False,False,0,0,,,,,,,9391F4F63BC4BEF830473D83EC37FF6D2B93BF9AC678515EDF5C85E9CD02061F,DECOMPILED,UTILITY_FUNCTION,FACT,
libARKernelInterface.so,libARKernelInterface_fn_00590358,0x00590358,0x00590358,4,.text,_ZN11arkernelcpp21ARKernelGlobalSetting18SetLogCallbackFuncEPFviPKcS2_E,_ZN11arkernelcpp21ARKernelGlobalSetting18SetLogCallbackFuncEPFviPKcS2_E,True,False,False,0,0,,,,,,,81ECC0B7792C9C2ED4A311A374DFC6A273F5997B77D2ACC0EA46F7E0389DC121,DECOMPILED,UTILITY_FUNCTION,FACT,
libARKernelInterface.so,libARKernelInterface_fn_0059035c,0x0059035c,0x0059035c,88,.text,_ZN11arkernelcpp21ARKernelGlobalSetting21SetTiamatFileOperatorEPvNS_20tiamat_file_protocolE,_ZN11arkernelcpp21ARKernelGlobalSetting21SetTiamatFileOperatorEPvNS_20tiamat_file_protocolE,True,False,False,0,2,,0x006060a8;0x01046950,0x01046950,,,,80F18FF4EFB6BE1C970CC145E963B1A7FF96EA92CECED9CA0EAC94FD8ABE745D,DECOMPILED,UTILITY_FUNCTION,FACT,
libARKernelInterface.so,libARKernelInterface_fn_005903b4,0x005903b4,0x005903b4,4,.text,_ZN11arkernelcpp21ARKernelGlobalSetting12SetDirectoryEPKcNS_13DirectoryTypeE,_ZN11arkernelcpp21ARKernelGlobalSetting12SetDirectoryEPKcNS_13DirectoryTypeE,True,False,False,0,0,,,,,,,2E70C9E64F166915D8F564E462420E07C47F89353D57CC365394A3A0C2C20CCB,DECOMPILED,UTILITY_FUNCTION,FACT,
libARKernelInterface.so,libARKernelInterface_fn_005903b8,0x005903b8,0x005903b8,136,.text,_ZN11arkernelcpp21ARKernelGlobalSetting12RegisterFontEPKcS2_,_ZN11arkernelcpp21ARKernelGlobalSetting12RegisterFontEPKcS2_,True,False,False,0,6,,0x0058f19c;0x0058f19c;0x00696be4;0x01046a20;0x01046a20,0x01046a20;0x01046a20;0x01046950,,,,D6760A85842185E20A026A8B424374458FAE8A4DED68AF78D3B414C4DA30F53A,DECOMPILED,UTILITY_FUNCTION,FACT,
libARKernelInterface.so,libARKernelInterface_fn_00590440,0x00590440,0x00590440,100,.text,_ZN11arkernelcpp21ARKernelGlobalSetting14UnregisterFontEPKc,_ZN11arkernelcpp21ARKernelGlobalSetting14UnregisterFontEPKc,True,False,False,0,4,,0x0058f19c;0x00696cc4;0x01046a20;0x01046950,0x01046a20;0x01046950,,,,BEBEE5A9AFA8412ADB3C6A13DFF8A7A57932B11CEE5EC004E37493840CAA22C5,DECOMPILED,UTILITY_FUNCTION,FACT,
libARKernelInterface.so,libARKernelInterface_fn_005904a4,0x005904a4,0x005904a4,136,.text,_ZN11arkernelcpp21ARKernelGlobalSetting22RegisterBoldFontFamilyEPKcS2_,_ZN11arkernelcpp21ARKernelGlobalSetting22RegisterBoldFontFamilyEPKcS2_,True,False,False,0,6,,0x0058f19c;0x0058f19c;0x00696d8c;0x01046a20;0x01046a20,0x01046a20;0x01046a20;0x01046950,,,,D87DCC5BAC3A3F905BB6FF5CD0BE61876490017E5DEB91E4B8C1C180BE95CF24,DECOMPILED,UTILITY_FUNCTION,FACT,
libARKernelInterface.so,libARKernelInterface_fn_0059052c,0x0059052c,0x0059052c,108,.text,_ZN11arkernelcpp21ARKernelGlobalSetting13GetFontFamilyEPKc,_ZN11arkernelcpp21ARKernelGlobalSetting13GetFontFamilyEPKc,True,False,False,0,4,,0x0058f19c;0x00696e00;0x01046a20;0x01046950,0x01046a20;0x01046950,,,,1300E3D6E432C9B58860B193EB4EFBE28C97605F025520611D152F97B0DFB1E8,DECOMPILED,UTILITY_FUNCTION,FACT,
libARKernelInterface.so,libARKernelInterface_fn_00590598,0x00590598,0x00590598,4,.text,_ZN11arkernelcpp21ARKernelGlobalSetting20AudiotrackGlobalInitEP7_JavaVM,_ZN11arkernelcpp21ARKernelGlobalSetting20AudiotrackGlobalInitEP7_JavaVM,True,False,False,0,0,,,,,,,60C35D251588D39CE5E118AF734348D67440B488650A54ACF3BCF2EE2B6E8D7C,DECOMPILED,UTILITY_FUNCTION,FACT,
libARKernelInterface.so,libARKernelInterface_fn_0059059c,0x0059059c,0x0059059c,4,.text,_ZN11arkernelcpp21ARKernelGlobalSetting17StartSoundServiceEv,_ZN11arkernelcpp21ARKernelGlobalSetting17StartSoundServiceEv,True,False,False,0,0,,,,,,,60C35D251588D39CE5E118AF734348D67440B488650A54ACF3BCF2EE2B6E8D7C,DECOMPILED,UTILITY_FUNCTION,FACT,
libARKernelInterface.so,libARKernelInterface_fn_005905a0,0x005905a0,0x005905a0,4,.text,_ZN11arkernelcpp21ARKernelGlobalSetting17PauseSoundServiceEb,_ZN11arkernelcpp21ARKernelGlobalSetting17PauseSoundServiceEb,True,False,False,0,0,,,,,,,60C35D251588D39CE5E118AF734348D67440B488650A54ACF3BCF2EE2B6E8D7C,DECOMPILED,UTILITY_FUNCTION,FACT,
libARKernelInterface.so,libARKernelInterface_fn_005905a4,0x005905a4,0x005905a4,4,.text,_ZN11arkernelcpp21ARKernelGlobalSetting16StopSoundServiceEv,_ZN11arkernelcpp21ARKernelGlobalSetting16StopSoundServiceEv,True,False,False,0,0,,,,,,,60C35D251588D39CE5E118AF734348D67440B488650A54ACF3BCF2EE2B6E8D7C,DECOMPILED,UTILITY_FUNCTION,FACT,
libARKernelInterface.so,libARKernelInterface_fn_005905a8,0x005905a8,0x005905a8,4,.text,_ZN11arkernelcpp21ARKernelGlobalSetting20IsStopedSoundServiceEv,_ZN11arkernelcpp21ARKernelGlobalSetting20IsStopedSoundServiceEv,True,False,False,0,0,,,,,,,60C35D251588D39CE5E118AF734348D67440B488650A54ACF3BCF2EE2B6E8D7C,DECOMPILED,UTILITY_FUNCTION,FACT,
libARKernelInterface.so,libARKernelInterface_fn_005905ac,0x005905ac,0x005905ac,4,.text,_ZN11arkernelcpp21ARKernelGlobalSetting19StartGlobalGLThreadEv,_ZN11arkernelcpp21ARKernelGlobalSetting19StartGlobalGLThreadEv,True,False,False,0,0,,,,,,,60C35D251588D39CE5E118AF734348D67440B488650A54ACF3BCF2EE2B6E8D7C,DECOMPILED,UTILITY_FUNCTION,FACT,
libARKernelInterface.so,libARKernelInterface_fn_005905b0,0x005905b0,0x005905b0,4,.text,_ZN11arkernelcpp21ARKernelGlobalSetting18StopGlobalGLThreadEv,_ZN11arkernelcpp21ARKernelGlobalSetting18StopGlobalGLThreadEv,True,False,False,0,0,,,,,,,19285DFEFCE0398105D461D312642F6688AEC6E9FE6FF286683DE255DAA9FC68,DECOMPILED,UTILITY_FUNCTION,FACT,
libARKernelInterface.so,libARKernelInterface_fn_005905b4,0x005905b4,0x005905b4,4,.text,_ZN11arkernelcpp21ARKernelGlobalSetting17GetCurrentVersionEv,_ZN11arkernelcpp21ARKernelGlobalSetting17GetCurrentVersionEv,True,False,False,0,0,,,,,,,70E80011B483F3E7EE1CF5BC83DFAC4BC2DFF22F10189B9CF1BC4DE398CAAD9C,DECOMPILED,UTILITY_FUNCTION,FACT,
libARKernelInterface.so,libARKernelInterface_fn_005905b8,0x005905b8,0x005905b8,4,.text,_ZN11arkernelcpp21ARKernelGlobalSetting13GetTagVersionEv,_ZN11arkernelcpp21ARKernelGlobalSetting13GetTagVersionEv,True,False,False,0,0,,,,,,,58130E34E0915EA0500D051659452CCD653585623BF399382CECFD547DA23257,DECOMPILED,UTILITY_FUNCTION,FACT,
libARKernelInterface.so,libARKernelInterface_fn_005905bc,0x005905bc,0x005905bc,4,.text,_ZN11arkernelcpp21ARKernelGlobalSetting14SetRuntimeTypeENS_11RuntimeTypeE,_ZN11arkernelcpp21ARKernelGlobalSetting14SetRuntimeTypeENS_11RuntimeTypeE,True,False,False,0,0,,,,,,,E7B9AD66CC0883D1DE217B87A2F870EF07C3BA3B52D9CE0BA454B1A9D7B4D509,DECOMPILED,UTILITY_FUNCTION,FACT,
libARKernelInterface.so,libARKernelInterface_fn_005905c0,0x005905c0,0x005905c0,4,.text,_ZN11arkernelcpp21ARKernelGlobalSetting14GetRuntimeTypeEv,_ZN11arkernelcpp21ARKernelGlobalSetting14GetRuntimeTypeEv,True,False,False,0,0,,,,,,,E7B9AD66CC0883D1DE217B87A2F870EF07C3BA3B52D9CE0BA454B1A9D7B4D509,DECOMPILED,UTILITY_FUNCTION,FACT,
libARKernelInterface.so,libARKernelInterface_fn_005905c4,0x005905c4,0x005905c4,16,.text,_ZN11arkernelcpp26ARKernelGroupDataInterface17ControlResetStateEv,_ZN11arkernelcpp26ARKernelGroupDataInterface17ControlResetStateEv,True,False,False,0,0,,,,,,,459437FA175557CCFBF2831F9C36B05090EB9D2C46FFE49C250EC8D162FFED97,DECOMPILED,FACIAL_SEGMENTATION_MATTE,FACT,
libARKernelInterface.so,libARKernelInterface_fn_005905d4,0x005905d4,0x005905d4,16,.text,_ZN11arkernelcpp26ARKernelGroupDataInterface10ResetStateEv,_ZN11arkernelcpp26ARKernelGroupDataInterface10ResetStateEv,True,False,False,0,0,,,,,,,49D0AAFA791AA825CFF149AC14540C053711771198C9657E822D607034202EC6,DECOMPILED,FACIAL_SEGMENTATION_MATTE,FACT,
libARKernelInterface.so,libARKernelInterface_fn_005905e4,0x005905e4,0x005905e4,8,.text,_ZN11arkernelcpp26ARKernelGroupDataInterface14GetPartControlEv,_ZN11arkernelcpp26ARKernelGroupDataInterface14GetPartControlEv,True,False,False,0,0,,,,,,,16E21E8466298640B30A77C6D532A726AFC0CF074BB54D17BFAED901B400F570,DECOMPILED,FACIAL_SEGMENTATION_MATTE,FACT,
libARKernelInterface.so,libARKernelInterface_fn_005905ec,0x005905ec,0x005905ec,64,.text,_ZN11arkernelcpp26ARKernelGroupDataInterface7PrepareEv,_ZN11arkernelcpp26ARKernelGroupDataInterface7PrepareEv,True,False,False,0,2,,0x00892020;0x01047c50,0x01047c50,,,,120E3FD3909386B1BF92E691D923691AC53496C8AF2573EBD73DE1F69D4F2FCB,DECOMPILED,FACIAL_SEGMENTATION_MATTE,FACT,
libARKernelInterface.so,libARKernelInterface_fn_0059062c,0x0059062c,0x0059062c,436,.text,_ZN11arkernelcpp26ARKernelGroupDataInterface17UpdatePartControlEv,_ZN11arkernelcpp26ARKernelGroupDataInterface17UpdatePartControlEv,True,False,False,0,9,,0x008922a8;0x008e0920;0x010469f0;0x01047c60;0x01047c70,0x010469f0;0x01047c60;0x01047c70;0x01047c80;0x01046a20,,,,1D03A426F203AF87593E48EB3E05061DAEF1AB07217623E0A738B62854380F76,DECOMPILED,FACIAL_SEGMENTATION_MATTE,FACT,
libARKernelInterface.so,libARKernelInterface_fn_005907e0,0x005907e0,0x005907e0,16,.text,_ZN11arkernelcpp26ARKernelGroupDataInterface7ReleaseEv,_ZN11arkernelcpp26ARKernelGroupDataInterface7ReleaseEv,True,False,False,0,0,,,,,,,0922C6B86CA7FF8B6B67A134AE8ECE71161B3D89123121FD40E65EDB0EC4A275,DECOMPILED,FACIAL_SEGMENTATION_MATTE,FACT,
libARKernelInterface.so,libARKernelInterface_fn_005907f0,0x005907f0,0x005907f0,16,.text,_ZN11arkernelcpp26ARKernelGroupDataInterface9IsPrepareEv,_ZN11arkernelcpp26ARKernelGroupDataInterface9IsPrepareEv,True,False,False,0,0,,,,,,,3002B8EECB68BE13D2BC7FB60699974A877D49065DF5912BBBE7B2421E4EE510,DECOMPILED,FACIAL_SEGMENTATION_MATTE,FACT,
libARKernelInterface.so,libARKernelInterface_fn_00590800,0x00590800,0x00590800,16,.text,_ZN11arkernelcpp26ARKernelGroupDataInterface7IsApplyEv,_ZN11arkernelcpp26ARKernelGroupDataInterface7IsApplyEv,True,False,False,0,0,,,,,,,F2C47E18CADC3987B032EAFC2CA68D3BCD066E63C90EDBCED35813C82C2BBF06,DECOMPILED,FACIAL_SEGMENTATION_MATTE,FACT,
libARKernelInterface.so,libARKernelInterface_fn_00590810,0x00590810,0x00590810,20,.text,_ZN11arkernelcpp26ARKernelGroupDataInterface8SetApplyEb,_ZN11arkernelcpp26ARKernelGroupDataInterface8SetApplyEb,True,False,False,0,0,,,,,,,19DDA56ED7D4AE24F4AD157DC4EDBE89AEC48935659511603097F6633C43F4A4,DECOMPILED,FACIAL_SEGMENTATION_MATTE,FACT,
libARKernelInterface.so,libARKernelInterface_fn_00590824,0x00590824,0x00590824,16,.text,_ZN11arkernelcpp26ARKernelGroupDataInterface6HasBGMEv,_ZN11arkernelcpp26ARKernelGroupDataInterface6HasBGMEv,True,False,False,0,0,,,,,,,A64DBA668D10460354A7073AED6E0B6C8B1619BDBC9E827DAF19907C17325B1A,DECOMPILED,FACIAL_SEGMENTATION_MATTE,FACT,
libARKernelInterface.so,libARKernelInterface_fn_00590834,0x00590834,0x00590834,16,.text,_ZN11arkernelcpp26ARKernelGroupDataInterface7PlayBGMEv,_ZN11arkernelcpp26ARKernelGroupDataInterface7PlayBGMEv,True,False,False,0,0,,,,,,,5E8FFF25A737840D1748713CE3EE10AC2119C54FC040C85DAA104A3973418D32,DECOMPILED,FACIAL_SEGMENTATION_MATTE,FACT,
libARKernelInterface.so,libARKernelInterface_fn_00590844,0x00590844,0x00590844,16,.text,_ZN11arkernelcpp26ARKernelGroupDataInterface8PauseBGMEv,_ZN11arkernelcpp26ARKernelGroupDataInterface8PauseBGMEv,True,False,False,0,0,,,,,,,7B50C2D88FCAFA903EB8DCBEB5B5030D4CBE0F7EC9672EA40E3B81FC4525312A,DECOMPILED,FACIAL_SEGMENTATION_MATTE,FACT,
libARKernelInterface.so,libARKernelInterface_fn_00590854,0x00590854,0x00590854,16,.text,_ZN11arkernelcpp26ARKernelGroupDataInterface9ReplayBGMEv,_ZN11arkernelcpp26ARKernelGroupDataInterface9ReplayBGMEv,True,False,False,0,0,,,,,,,4C3C18363FC096C2F8AEA9CEE6892B75DCAA552761BCD022577734D8D33C606D,DECOMPILED,FACIAL_SEGMENTATION_MATTE,FACT,
libARKernelInterface.so,libARKernelInterface_fn_00590864,0x00590864,0x00590864,16,.text,_ZN11arkernelcpp26ARKernelGroupDataInterface7StopBGMEv,_ZN11arkernelcpp26ARKernelGroupDataInterface7StopBGMEv,True,False,False,0,0,,,,,,,776424F1848029FCEB66EF3AD6B5BBCD8DAB09F069E0D60668B98CC895F87652,DECOMPILED,FACIAL_SEGMENTATION_MATTE,FACT,
libARKernelInterface.so,libARKernelInterface_fn_00590874,0x00590874,0x00590874,16,.text,_ZN11arkernelcpp26ARKernelGroupDataInterface28GetIsSupportMultiplyInstanceEv,_ZN11arkernelcpp26ARKernelGroupDataInterface28GetIsSupportMultiplyInstanceEv,True,False,False,0,0,,,,,,,5250E1FD87220C4954D1BC4CA75FFC85CA3708A70FDD62DB53579C5BECDC0326,DECOMPILED,FACIAL_SEGMENTATION_MATTE,FACT,
libARKernelInterface.so,libARKernelInterface_fn_00590884,0x00590884,0x00590884,16,.text,_ZN11arkernelcpp26ARKernelGroupDataInterface14IsParseSuccessEv,_ZN11arkernelcpp26ARKernelGroupDataInterface14IsParseSuccessEv,True,False,False,0,0,,,,,,,F870176BAC386597C474FF18936E992D67AA750B453A35CBEA38974D9079E6CF,DECOMPILED,FACIAL_SEGMENTATION_MATTE,FACT,
libARKernelInterface.so,libARKernelInterface_fn_00590894,0x00590894,0x00590894,12,.text,_ZN11arkernelcpp26ARKernelGroupDataInterfaceC1Ev,_ZN11arkernelcpp26ARKernelGroupDataInterfaceC1Ev,True,False,False,0,0,,,,,,,57009774E1AFD1D54135CBBF5224697EC5186E68ADA28E7081F0E165CEB3C639,DECOMPILED,FACIAL_SEGMENTATION_MATTE,FACT,
libARKernelInterface.so,libARKernelInterface_fn_005908a0,0x005908a0,0x005908a0,116,.text,_ZN11arkernelcpp26ARKernelGroupDataInterfaceD1Ev,_ZN11arkernelcpp26ARKernelGroupDataInterfaceD1Ev,True,False,False,0,0,,,,,,,77CA85DFE5A96C43E85AFDD05F2E34E20C2DF85AB58968A9C9C848FD828FCB0A,DECOMPILED,FACIAL_SEGMENTATION_MATTE,FACT,
libARKernelInterface.so,libARKernelInterface_fn_00590914,0x00590914,0x00590914,8,.text,_ZN11arkernelcpp26ARKernelGroupDataInterface11SetInstanceEPv,_ZN11arkernelcpp26ARKernelGroupDataInterface11SetInstanceEPv,True,False,False,0,0,,,,,,,95B5C341C480C5082E400772C06DAA30B55B641ADBB2A45FA8145C0C8E27C9BC,DECOMPILED,FACIAL_SEGMENTATION_MATTE,FACT,
libARKernelInterface.so,libARKernelInterface_fn_0059091c,0x0059091c,0x0059091c,8,.text,_ZN11arkernelcpp26ARKernelGroupDataInterface11GetInstanceEv,_ZN11arkernelcpp26ARKernelGroupDataInterface11GetInstanceEv,True,False,False,0,0,,,,,,,4197AD96213C98161E13FBFD6185A724B5570BA296D316558CBD5CC5C1842369,DECOMPILED,FACIAL_SEGMENTATION_MATTE,FACT,
libARKernelInterface.so,libARKernelInterface_fn_00590924,0x00590924,0x00590924,260,.text,_ZN11arkernelcpp26ARKernelGroupDataInterface18ConvertGroupStructEPNS_11stGroupDataERN8arkernel11stGroupDataE,_ZN11arkernelcpp26ARKernelGroupDataInterface18ConvertGroupStructEPNS_11stGroupDataERN8arkernel11stGroupDataE,True,False,False,0,8,,0x01046a70;0x00590c4c;0x01046a70;0x01046a70;0x00590a28,0x01046a70;0x01046a70;0x01046a70;0x01046a20;0x01046a20,,,,B75D04DC6E8DFFCA8D409BD4030571B51771651C3A2B587B90A1F9F94C843D11,DECOMPILED,FACIAL_SEGMENTATION_MATTE,FACT,
libARKernelInterface.so,libARKernelInterface_fn_00590d60,0x00590d60,0x00590d60,200,.text,_ZN11arkernelcpp16ARKernelInstanceC1Ev,_ZN11arkernelcpp16ARKernelInstanceC1Ev,True,False,False,0,2,,0x0059282c;0x00592934,,,,,7766527D3DDA89040B2D27C2114A70E6A1A2427B6661F6A6FFB7853E093DAA4A,DECOMPILED,UTILITY_FUNCTION,FACT,
libARKernelInterface.so,libARKernelInterface_fn_00590e28,0x00590e28,0x00590e28,148,.text,_ZN11arkernelcpp16ARKernelInstanceD1Ev,_ZN11arkernelcpp16ARKernelInstanceD1Ev,True,False,False,0,7,,0x01047cf0;0x01047d00;0x01046a20;0x00592934;0x0059287c,0x01047cf0;0x01047d00;0x01046a20;0x01046950,,,,69580EFEDD04BF4C82B2BE941CBF5CD412A16F94602C6A8657C27DC724B02F5B,DECOMPILED,UTILITY_FUNCTION,FACT,
libARKernelInterface.so,libARKernelInterface_fn_00590ebc,0x00590ebc,0x00590ebc,152,.text,_ZN11arkernelcpp16ARKernelInstance7ReleaseEv,_ZN11arkernelcpp16ARKernelInstance7ReleaseEv,True,False,False,0,2,,0x01047d10;0x0059282c,0x01047d10,,,,0AD7148404B33CC54F399D5709C922BDE250F7CF0B7A7A133AFDE106F564B682,DECOMPILED,UTILITY_FUNCTION,FACT,
libARKernelInterface.so,libARKernelInterface_fn_00590f54,0x00590f54,0x00590f54,116,.text,_ZN11arkernelcpp16ARKernelInstance10InitializeEPKc,_ZN11arkernelcpp16ARKernelInstance10InitializeEPKc,True,False,False,0,6,,0x01047cf0;0x01047d00;0x01046a20;0x010469f0;0x01047d20,0x01047cf0;0x01047d00;0x01046a20;0x010469f0;0x01047d20,,,,EDFD7E93ABC5E86EC92D624B40298EE85309CBD920F59ED804347659E9284817,DECOMPILED,UTILITY_FUNCTION,FACT,
libARKernelInterface.so,libARKernelInterface_fn_00590fc8,0x00590fc8,0x00590fc8,1136,.text,_ZN11arkernelcpp16ARKernelInstance16parseGroupConfigEPKc,_ZN11arkernelcpp16ARKernelInstance16parseGroupConfigEPKc,True,False,False,0,26,,0x005a6f40;0x00591438;0x00592a9c;0x005928f0;0x005947b4,0x01046a20;0x01046a20;0x01046980;0x01046950,'group';'name';'key',,,3CB5B54CB5B2C9D56B2CD2546343BD4A740B3B6A88F9E053979E6BE7F09A90C0,DECOMPILED,FACIAL_SEGMENTATION_MATTE,FACT,
libARKernelInterface.so,libARKernelInterface_fn_0059166c,0x0059166c,0x0059166c,316,.text,_ZN11arkernelcpp16ARKernelInstance11HasGroupKeyEPKc,_ZN11arkernelcpp16ARKernelInstance11HasGroupKeyEPKc,True,False,False,0,4,,0x0058f19c;0x01046ad0;0x01046a20;0x01046950,0x01046ad0;0x01046a20;0x01046950,,,,233881715EEDF4555F7461004AF07F39533845229DE80BF5A4DD4A983E0FA995,DECOMPILED,UTILITY_FUNCTION,FACT,
libARKernelInterface.so,libARKernelInterface_fn_005917a8,0x005917a8,0x005917a8,96,.text,_ZN11arkernelcpp16ARKernelInstance14LayerOperationEv,_ZN11arkernelcpp16ARKernelInstance14LayerOperationEv,True,False,False,0,1,,0x01047d80,0x01047d80,,,,3E7249EBED07124E30AA39D952170F611AAA1E63D5102EB23469E4B4D75F007D,DECOMPILED,UTILITY_FUNCTION,FACT,
libARKernelInterface.so,libARKernelInterface_fn_00591808,0x00591808,0x00591808,144,.text,_ZN11arkernelcpp16ARKernelInstance17SetPlistDataLayerEPKci,_ZN11arkernelcpp16ARKernelInstance17SetPlistDataLayerEPKci,True,False,False,0,4,,0x01047d90;0x01047da0;0x01047db0;0x01047dc0,0x01047d90;0x01047da0;0x01047db0;0x01047dc0,,,,E9556D46B4499209C5775D6DE05499873428334F7197348CB9BCD809AD4DAAC0,DECOMPILED,UTILITY_FUNCTION,FACT,
libARKernelInterface.so,libARKernelInterface_fn_00591898,0x00591898,0x00591898,176,.text,_ZN11arkernelcpp16ARKernelInstance12GetPlistDataEPKc,_ZN11arkernelcpp16ARKernelInstance12GetPlistDataEPKc,True,False,False,0,5,,0x0058f19c;0x005966ec;0x00596778;0x01046a20;0x01046950,0x01046a20;0x01046950,,,,65959D9300C195FA8786BCE118D7DE79A74BC6AF6DA2DE18E41B93E1C8C78E4D,DECOMPILED,UTILITY_FUNCTION,FACT,
libARKernelInterface.so,libARKernelInterface_fn_00591948,0x00591948,0x00591948,316,.text,_ZN11arkernelcpp16ARKernelInstance15DeletePlistDataEPKc,_ZN11arkernelcpp16ARKernelInstance15DeletePlistDataEPKc,True,False,False,0,12,,0x0058f19c;0x005966ec;0x00596778;0x00596778;0x01047de0,0x01047de0;0x01047df0;0x01047d10;0x01046a20;0x01046950,,,,CC74585E5491411F744BA7E670E2EF551A307AE6B2B0CBF46EF675AF306B1138,DECOMPILED,UTILITY_FUNCTION,FACT,
libARKernelInterface.so,libARKernelInterface_fn_00591a84,0x00591a84,0x00591a84,244,.text,_ZN11arkernelcpp16ARKernelInstance14applyPlistDataEPKcPNS_26ARKernelPlistDataInterfaceE,_ZN11arkernelcpp16ARKernelInstance14applyPlistDataEPKcPNS_26ARKernelPlistDataInterfaceE,True,False,False,0,12,,0x01047e10;0x01047dd0;0x0058f19c;0x00596de8;0x01046a20,0x01047e10;0x01047dd0;0x01046a20;0x01046a20;0x01047da0,,,,A06F26F98A0763AE663EDD4FA07711CBDB92D4E5648B9D08B0397C9F02E5DF73,DECOMPILED,FACIAL_SEGMENTATION_MATTE,FACT,
libARKernelInterface.so,libARKernelInterface_fn_00591b78,0x00591b78,0x00591b78,1404,.text,_ZN11arkernelcpp16ARKernelInstance8SetParamEv,_ZN11arkernelcpp16ARKernelInstance8SetParamEv,True,False,False,0,10,,0x01047d90;0x01047e50;0x01047e60;0x01047db0;0x01047e70,0x01047d90;0x01047e50;0x01047e60;0x01047db0;0x01047e70,,,,262F405A2A01F99FED25648990BBDFE75D0F4B7FB6C44213F2CC030D9E6E317B,DECOMPILED,UTILITY_FUNCTION,FACT,
libARKernelInterface.so,libARKernelInterface_fn_005920f4,0x005920f4,0x005920f4,128,.text,_ZNK11arkernelcpp16ARKernelInstance17GetHasConfigAlphaEPKc,_ZNK11arkernelcpp16ARKernelInstance17GetHasConfigAlphaEPKc,True,False,False,0,4,,0x0058f19c;0x0059739c;0x01046a20;0x01046950,0x01046a20;0x01046950,,,,1B39A70123B645D0B5BB1D522A7A9451D129BC6046A0B8670692DFF6D7DE7330,DECOMPILED,UTILITY_FUNCTION,FACT,
libARKernelInterface.so,libARKernelInterface_fn_00592174,0x00592174,0x00592174,152,.text,_ZNK11arkernelcpp16ARKernelInstance14GetConfigAlphaEPKc,_ZNK11arkernelcpp16ARKernelInstance14GetConfigAlphaEPKc,True,False,False,0,5,,0x0058f19c;0x0059739c;0x0059739c;0x01046a20;0x01046950,0x01046a20;0x01046950,,,,8AB6EFA00BC553AD149EBA36F1D8D09EAB6A3D814033E8EA9F69E104ED309FB8,DECOMPILED,UTILITY_FUNCTION,FACT,
libARKernelInterface.so,libARKernelInterface_fn_0059220c,0x0059220c,0x0059220c,144,.text,_ZN11arkernelcpp16ARKernelInstance11OnDrawFrameEjjiijj,_ZN11arkernelcpp16ARKernelInstance11OnDrawFrameEjjiijj,True,False,False,0,3,,0x01047e40;0x01047ec0;0x01047ed0,0x01047e40;0x01047ec0;0x01047ed0,,,,1CD819D88BD83289743F5C8306DA36FDD5FDC5FB07398C8AD6C774FD5A7CCF63,DECOMPILED,UTILITY_FUNCTION,FACT,
libARKernelInterface.so,libARKernelInterface_fn_0059229c,0x0059229c,0x0059229c,16,.text,_ZN11arkernelcpp16ARKernelInstance28LoadPublicParamConfigurationEPKc,_ZN11arkernelcpp16ARKernelInstance28LoadPublicParamConfigurationEPKc,True,False,False,0,0,,,,,,,13FCC0DBD56B31F569AB8C9D995F37D94A7A673BADC004BC208D1E3B38517404,DECOMPILED,UTILITY_FUNCTION,FACT,
libARKernelInterface.so,libARKernelInterface_fn_005922ac,0x005922ac,0x005922ac,16,.text,_ZN11arkernelcpp16ARKernelInstance31SetDefaultFallbackFontLibrariesERKNSt6__ndk16vectorINS1_12basic_stringIcNS1_11char_traitsIcEENS1_9allocatorIcEEEENS6_IS8_EEEE,_ZN11arkernelcpp16ARKernelInstance31SetDefaultFallbackFontLibrariesERKNSt6__ndk16vectorINS1_12basic_stringIcNS1_11char_traitsIcEENS1_9allocatorIcEEEENS6_IS8_EEEE,True,False,False,0,0,,,,,,,13FCC0DBD56B31F569AB8C9D995F37D94A7A673BADC004BC208D1E3B38517404,DECOMPILED,UTILITY_FUNCTION,FACT,
libARKernelInterface.so,libARKernelInterface_fn_005922bc,0x005922bc,0x005922bc,252,.text,_ZN11arkernelcpp16ARKernelInstance18ApplyConfigurationEPKcS2_,_ZN11arkernelcpp16ARKernelInstance18ApplyConfigurationEPKcS2_,True,False,False,0,8,,0x01047d60;0x01047f00;0x01047f10;0x01047f20;0x01047e00,0x01047d60;0x01047f00;0x01047f10;0x01047f20;0x01047e00,,,,7FBE64B95A1BD4A7F15F16DFA50C10C4E838E9B27E8A2C8BD9E1219BDCB3C5ED,DECOMPILED,UTILITY_FUNCTION,FACT,
libARKernelInterface.so,libARKernelInterface_fn_005923b8,0x005923b8,0x005923b8,16,.text,_ZN11arkernelcpp16ARKernelInstance12OnTouchBeginEffj,_ZN11arkernelcpp16ARKernelInstance12OnTouchBeginEffj,True,False,False,0,0,,,,,,,80B84411131C66310890DE2518B43C6B2E33EFE1B382B50A979BAA8BC266A78D,DECOMPILED,UTILITY_FUNCTION,FACT,
libARKernelInterface.so,libARKernelInterface_fn_005923c8,0x005923c8,0x005923c8,16,.text,_ZN11arkernelcpp16ARKernelInstance11OnTouchMoveEffj,_ZN11arkernelcpp16ARKernelInstance11OnTouchMoveEffj,True,False,False,0,0,,,,,,,80B84411131C66310890DE2518B43C6B2E33EFE1B382B50A979BAA8BC266A78D,DECOMPILED,UTILITY_FUNCTION,FACT,
libARKernelInterface.so,libARKernelInterface_fn_005923d8,0x005923d8,0x005923d8,16,.text,_ZN11arkernelcpp16ARKernelInstance10OnTouchEndEffj,_ZN11arkernelcpp16ARKernelInstance10OnTouchEndEffj,True,False,False,0,0,,,,,,,80B84411131C66310890DE2518B43C6B2E33EFE1B382B50A979BAA8BC266A78D,DECOMPILED,UTILITY_FUNCTION,FACT,
libARKernelInterface.so,libARKernelInterface_fn_005923e8,0x005923e8,0x005923e8,24,.text,_ZN11arkernelcpp16ARKernelInstance14SetMusicEnableEb,_ZN11arkernelcpp16ARKernelInstance14SetMusicEnableEb,True,False,False,0,0,,,,,,,F6693B708F39B0D2D596EFBE08615A1F40B350456B04BCBAFF939DA0F0D96B56,DECOMPILED,UTILITY_FUNCTION,FACT,
libARKernelInterface.so,libARKernelInterface_fn_00592400,0x00592400,0x00592400,16,.text,_ZN11arkernelcpp16ARKernelInstance14SetMusicVolumeEf,_ZN11arkernelcpp16ARKernelInstance14SetMusicVolumeEf,True,False,False,0,0,,,,,,,6119117D7212CBCEDDE04ABEDB463A54340AFC63FF4F0F6A4DDB93B567A444C7,DECOMPILED,UTILITY_FUNCTION,FACT,
libARKernelInterface.so,libARKernelInterface_fn_00592410,0x00592410,0x00592410,16,.text,_ZN11arkernelcpp16ARKernelInstance16QueryDataRequireENS_15DataRequireTypeE,_ZN11arkernelcpp16ARKernelInstance16QueryDataRequireENS_15DataRequireTypeE,True,False,False,0,0,,,,,,,6119117D7212CBCEDDE04ABEDB463A54340AFC63FF4F0F6A4DDB93B567A444C7,DECOMPILED,UTILITY_FUNCTION,FACT,
libARKernelInterface.so,libARKernelInterface_fn_00592420,0x00592420,0x00592420,16,.text,_ZN11arkernelcpp16ARKernelInstance13SetNativeDataEPKNS_25ARKernelBaseDataInterfaceE,_ZN11arkernelcpp16ARKernelInstance13SetNativeDataEPKNS_25ARKernelBaseDataInterfaceE,True,False,False,0,0,,,,,,,6119117D7212CBCEDDE04ABEDB463A54340AFC63FF4F0F6A4DDB93B567A444C7,DECOMPILED,FACIAL_SEGMENTATION_MATTE,FACT,
libARKernelInterface.so,libARKernelInterface_fn_00592430,0x00592430,0x00592430,16,.text,_ZN11arkernelcpp16ARKernelInstance16SetAllPartsAlphaEf,_ZN11arkernelcpp16ARKernelInstance16SetAllPartsAlphaEf,True,False,False,0,0,,,,,,,6119117D7212CBCEDDE04ABEDB463A54340AFC63FF4F0F6A4DDB93B567A444C7,DECOMPILED,UTILITY_FUNCTION,FACT,
libARKernelInterface.so,libARKernelInterface_fn_00592440,0x00592440,0x00592440,148,.text,_ZN11arkernelcpp16ARKernelInstance34SetFace3DReconstructorCallbackFuncENSt6__ndk18functionIFviiibbPfEEE,_ZN11arkernelcpp16ARKernelInstance34SetFace3DReconstructorCallbackFuncENSt6__ndk18functionIFviiibbPfEEE,True,False,False,0,3,,0x00596ea0;0x01047fb0;0x01046950,0x01047fb0;0x01046950,,,,EB4AC9FF63230AD63A10B98EA137C778D07CC2C80EB5B78236E7AB3A0A2206EF,DECOMPILED,FACIAL_SEGMENTATION_MATTE,FACT,
libARKernelInterface.so,libARKernelInterface_fn_005924d4,0x005924d4,0x005924d4,148,.text,_ZN11arkernelcpp16ARKernelInstance45SetFace3DReconstructorGetMeanFaceCallbackFuncENSt6__ndk18functionIFPfvEEE,_ZN11arkernelcpp16ARKernelInstance45SetFace3DReconstructorGetMeanFaceCallbackFuncENSt6__ndk18functionIFPfvEEE,True,False,False,0,3,,0x00596f08;0x01047fc0;0x01046950,0x01047fc0;0x01046950,,,,381921833AE6750ADB8666ECCD7FDBAD72A6D7DC34D55A4CC4D84EC024437A62,DECOMPILED,FACIAL_SEGMENTATION_MATTE,FACT,
libARKernelInterface.so,libARKernelInterface_fn_00592568,0x00592568,0x00592568,148,.text,_ZN11arkernelcpp16ARKernelInstance44SetFace3DReconstructorGetNeuFaceCallbackFuncENSt6__ndk18functionIFPfiEEE,_ZN11arkernelcpp16ARKernelInstance44SetFace3DReconstructorGetNeuFaceCallbackFuncENSt6__ndk18functionIFPfiEEE,True,False,False,0,3,,0x00596f70;0x01047fd0;0x01046950,0x01047fd0;0x01046950,,,,CA015A7DDB8C5BA55A93FB70F0EC33405165705884450839E1A932CB00EB8DB3,DECOMPILED,FACIAL_SEGMENTATION_MATTE,FACT,
libARKernelInterface.so,libARKernelInterface_fn_005925fc,0x005925fc,0x005925fc,148,.text,_ZN11arkernelcpp16ARKernelInstance48SetFace3DReconstructorGetPerspectMVPCallbackFuncENSt6__ndk18functionIFPfifibEEE,_ZN11arkernelcpp16ARKernelInstance48SetFace3DReconstructorGetPerspectMVPCallbackFuncENSt6__ndk18functionIFPfifibEEE,True,False,False,0,3,,0x00596fd8;0x01047fe0;0x01046950,0x01047fe0;0x01046950,,,,3DC83AD4A4620FB2D9BC72B77D96242AD1BEF2F7CE5C67BC513EA81D8500B3A9,DECOMPILED,FACIAL_SEGMENTATION_MATTE,FACT,
libARKernelInterface.so,libARKernelInterface_fn_00592690,0x00592690,0x00592690,256,.text,_ZN11arkernelcpp16ARKernelInstance14SetConfigAlphaEPKcf,_ZN11arkernelcpp16ARKernelInstance14SetConfigAlphaEPKcf,True,False,False,0,8,,0x0058f19c;0x00597040;0x005970cc;0x00570f58;0x005972dc,0x01046a20;0x01046a20;0x01046950,,,,3BF8653A734F3DD7F57DEF481E05226DE0CBDF05E8FEB442609B1607795DD5B8,DECOMPILED,UTILITY_FUNCTION,FACT,
libARKernelInterface.so,libARKernelInterface_fn_00592790,0x00592790,0x00592790,28,.text,_ZN11arkernelcpp16ARKernelInstance9SetBeautyERKNS0_6BeautyE,_ZN11arkernelcpp16ARKernelInstance9SetBeautyERKNS0_6BeautyE,True,False,False,0,0,,,,,,,D986609000EDF8BF10E5414A97313AB7E31647D6123D9BFD875FB36364F0F39D,DECOMPILED,UTILITY_FUNCTION,FACT,
libARKernelInterface.so,libARKernelInterface_fn_005927ac,0x005927ac,0x005927ac,8,.text,_ZNK11arkernelcpp16ARKernelInstance12GetHasBeautyEv,_ZNK11arkernelcpp16ARKernelInstance12GetHasBeautyEv,True,False,False,0,0,,,,,,,D57B98E32CC087B38749CAF0D37651F9B7DF9B5FF96E812609F39474156D3EE9,DECOMPILED,UTILITY_FUNCTION,FACT,
libARKernelInterface.so,libARKernelInterface_fn_005927b4,0x005927b4,0x005927b4,8,.text,_ZNK11arkernelcpp16ARKernelInstance9GetBeautyEv,_ZNK11arkernelcpp16ARKernelInstance9GetBeautyEv,True,False,False,0,0,,,,,,,50A9C3550C02690FB920BABDD9F4246298CACCCEBB34774798057E1C461C988C,DECOMPILED,UTILITY_FUNCTION,FACT,
libARKernelInterface.so,libARKernelInterface_fn_005927bc,0x005927bc,0x005927bc,48,.text,_ZN11arkernelcpp16ARKernelInstance11SetFaceliftERKNS0_8FaceliftE,_ZN11arkernelcpp16ARKernelInstance11SetFaceliftERKNS0_8FaceliftE,True,False,False,0,1,,0x01046a10,0x01046a10,,,,6910A1492962B92AE99F359E4075275A032900D45871416B9D2F0D645699A550,DECOMPILED,FACIAL_SEGMENTATION_MATTE,FACT,
libARKernelInterface.so,libARKernelInterface_fn_005927ec,0x005927ec,0x005927ec,8,.text,_ZNK11arkernelcpp16ARKernelInstance14GetHasFaceliftEv,_ZNK11arkernelcpp16ARKernelInstance14GetHasFaceliftEv,True,False,False,0,0,,,,,,,83FB7C26D6604B6BF839FF5A7FAB44D4AD4215FDDC38A62DC6D3B0653259FCAE,DECOMPILED,FACIAL_SEGMENTATION_MATTE,FACT,
libARKernelInterface.so,libARKernelInterface_fn_005927f4,0x005927f4,0x005927f4,8,.text,_ZNK11arkernelcpp16ARKernelInstance11GetFaceliftEv,_ZNK11arkernelcpp16ARKernelInstance11GetFaceliftEv,True,False,False,0,0,,,,,,,CBB4E013822B015D9B7A64797F6B47F78827AD0C09879DA4E0B0F4F77162BD4A,DECOMPILED,FACIAL_SEGMENTATION_MATTE,FACT,
libARKernelInterface.so,libARKernelInterface_fn_005927fc,0x005927fc,0x005927fc,32,.text,_ZN11arkernelcpp16ARKernelInstance11SetBodyliftERKNS0_8BodyliftE,_ZN11arkernelcpp16ARKernelInstance11SetBodyliftERKNS0_8BodyliftE,True,False,False,0,0,,,,,,,B3561A8ACE985DFA651A9231B92A050C34CE45A3A5A8AD881479CDE2392AA429,DECOMPILED,UTILITY_FUNCTION,FACT,
libARKernelInterface.so,libARKernelInterface_fn_0059281c,0x0059281c,0x0059281c,8,.text,_ZNK11arkernelcpp16ARKernelInstance14GetHasBodyliftEv,_ZNK11arkernelcpp16ARKernelInstance14GetHasBodyliftEv,True,False,False,0,0,,,,,,,4D9B1588F2DB8BB3BE05F15CF49E12351FD96D7604A3A9E2AF9131AE7DFCCED6,DECOMPILED,UTILITY_FUNCTION,FACT,
libARKernelInterface.so,libARKernelInterface_fn_00592824,0x00592824,0x00592824,8,.text,_ZNK11arkernelcpp16ARKernelInstance11GetBodyliftEv,_ZNK11arkernelcpp16ARKernelInstance11GetBodyliftEv,True,False,False,0,0,,,,,,,880DB2A2A0417AB040163BA8D4D1C8592151917790806D1A3B750494DDD3B3C2,DECOMPILED,UTILITY_FUNCTION,FACT,
libARKernelInterface.so,libARKernelInterface_fn_00597428,0x00597428,0x00597428,100,.text,_ZN11arkernelcpp17ARKernelInterface42SetMusicPlayerPluginCallbackFunctionStructEPKNS_39MusicPlayerPluginCallbackFunctionStructE,_ZN11arkernelcpp17ARKernelInterface42SetMusicPlayerPluginCallbackFunctionStructEPKNS_39MusicPlayerPluginCallbackFunctionStructE,True,False,False,0,0,,,,'arkernel';'ARKernelInterface::SetMusicPlayerPluginCallbackFunctionStruct: kernel == nullptr !';'arkernel',,,049090216B88D3E9943824BEDB1F89E315BB1C4981FCD9B44A40B8C228090303,DECOMPILED,FACIAL_SEGMENTATION_MATTE,FACT,
libARKernelInterface.so,libARKernelInterface_fn_0059748c,0x0059748c,0x0059748c,100,.text,_ZN11arkernelcpp17ARKernelInterface25SetExternalFunctionStructEPKNS_22ExternalFunctionStructE,_ZN11arkernelcpp17ARKernelInterface25SetExternalFunctionStructEPKNS_22ExternalFunctionStructE,True,False,False,0,0,,,,'arkernel';'ARKernelInterface::SetMusicPlayerPluginCallbackFunctionStruct: kernel == nullptr !';'arkernel',,,6084628A593A08930B9A3B5CEA32B3ED4D69B2E9B11F5CA00B1AA25E87145C2A,DECOMPILED,FACIAL_SEGMENTATION_MATTE,FACT,
libARKernelInterface.so,libARKernelInterface_fn_005974f0,0x005974f0,0x005974f0,296,.text,_ZN11arkernelcpp17ARKernelInterface29SetCreateInstanceCallbackFuncENSt6__ndk18functionIFlRKNS1_12basic_stringIcNS1_11char_traitsIcEENS1_9allocatorIcEEEEEEE,_ZN11arkernelcpp17ARKernelInterface29SetCreateInstanceCallbackFuncENSt6__ndk18functionIFlRKNS1_12basic_stringIcNS1_11char_traitsIcEENS1_9allocatorIcEEEEEEE,True,False,False,0,3,,0x0059a370;0x006064ec;0x01046950,0x01046950,'arkernel';'ARKernelInterface::SetCreateInstanceCallbackFunc: m_pKernel == nullptr !';'arkernel',,,A81EC073927E784AA7A6E681C1002BDA4E465EA9FB3B6D7749F3DCAE3CC2218A,DECOMPILED,FACIAL_SEGMENTATION_MATTE,FACT,
libARKernelInterface.so,libARKernelInterface_fn_00597618,0x00597618,0x00597618,296,.text,_ZN11arkernelcpp17ARKernelInterface30SetDestroyInstanceCallbackFuncENSt6__ndk18functionIFvlEEE,_ZN11arkernelcpp17ARKernelInterface30SetDestroyInstanceCallbackFuncENSt6__ndk18functionIFvlEEE,True,False,False,0,3,,0x0059a3d8;0x00606614;0x01046950,0x01046950,'arkernel';'ARKernelInterface::SetDestroyInstanceCallbackFunc: m_pKernel == nullptr !';'arkernel',,,5FCD3817ACE9FEB8044B5F033693FB31914832EA7FC0E5319A4268B596AD927B,DECOMPILED,FACIAL_SEGMENTATION_MATTE,FACT,
libARKernelInterface.so,libARKernelInterface_fn_00597740,0x00597740,0x00597740,296,.text,_ZN11arkernelcpp17ARKernelInterface25SetReadConfigCallbackFuncENSt6__ndk18functionIFblRKNS1_12basic_stringIcNS1_11char_traitsIcEENS1_9allocatorIcEEEEEEE,_ZN11arkernelcpp17ARKernelInterface25SetReadConfigCallbackFuncENSt6__ndk18functionIFblRKNS1_12basic_stringIcNS1_11char_traitsIcEENS1_9allocatorIcEEEEEEE,True,False,False,0,3,,0x0059a440;0x0060673c;0x01046950,0x01046950,'arkernel';'ARKernelInterface::SetReadConfigCallbackFunc: m_pKernel == nullptr !';'arkernel',,,95BE73E2269A176F017EAD528DB6FF4A33DB2E3461378BC9FE6B781CBFB394E0,DECOMPILED,FACIAL_SEGMENTATION_MATTE,FACT,
libARKernelInterface.so,libARKernelInterface_fn_00597868,0x00597868,0x00597868,296,.text,_ZN11arkernelcpp17ARKernelInterface22SetPrepareCallbackFuncENSt6__ndk18functionIFblEEE,_ZN11arkernelcpp17ARKernelInterface22SetPrepareCallbackFuncENSt6__ndk18functionIFblEEE,True,False,False,0,3,,0x0059a4a8;0x00606864;0x01046950,0x01046950,'arkernel';'ARKernelInterface::SetPrepareCallbackFunc: m_pKernel == nullptr !';'arkernel',,,E9C1F88B928D31FB6888C0B7A8E7EB966045A68417A507A4FD30A7616E7A5F52,DECOMPILED,FACIAL_SEGMENTATION_MATTE,FACT,
libARKernelInterface.so,libARKernelInterface_fn_00597990,0x00597990,0x00597990,296,.text,_ZN11arkernelcpp17ARKernelInterface24SetDrawFrameCallbackFuncENSt6__ndk18functionIFiljjjjiiEEE,_ZN11arkernelcpp17ARKernelInterface24SetDrawFrameCallbackFuncENSt6__ndk18functionIFiljjjjiiEEE,True,False,False,0,3,,0x0059a510;0x0060698c;0x01046950,0x01046950,'arkernel';'ARKernelInterface::SetDrawFrameCallbackFunc: m_pKernel == nullptr !';'arkernel',,,6CADE5AB15C90AB1F051769EAFFB6F67CE71131A62B007FAF47D30A9B2576116,DECOMPILED,FACIAL_SEGMENTATION_MATTE,FACT,
libARKernelInterface.so,libARKernelInterface_fn_00597ab8,0x00597ab8,0x00597ab8,296,.text,_ZN11arkernelcpp17ARKernelInterface27SetIsInPaintingCallbackFuncENSt6__ndk18functionIFvbEEE,_ZN11arkernelcpp17ARKernelInterface27SetIsInPaintingCallbackFuncENSt6__ndk18functionIFvbEEE,True,False,False,0,3,,0x0059a578;0x00606ab4;0x01046950,0x01046950,'arkernel';'ARKernelInterface::SetIsInPaintingCallbackFunc: m_pKernel == nullptr !';'arkernel',,,43837ED9E77977E6FA18DCB93EE12785BAAF5A3F4342CB76CC464318B439E7BE,DECOMPILED,FACIAL_SEGMENTATION_MATTE,FACT,
libARKernelInterface.so,libARKernelInterface_fn_00597be0,0x00597be0,0x00597be0,296,.text,_ZN11arkernelcpp17ARKernelInterface38SetIsExistLastPaintCanUndoCallbackFuncENSt6__ndk18functionIFvbEEE,_ZN11arkernelcpp17ARKernelInterface38SetIsExistLastPaintCanUndoCallbackFuncENSt6__ndk18functionIFvbEEE,True,False,False,0,3,,0x0059a578;0x00606bdc;0x01046950,0x01046950,'arkernel';'ARKernelInterface::SetIsExistLastPaintCanUndoCallbackFunc: m_pKernel == nullptr !';'arkernel',,,3BB4B4D5ECC22320574F4E90D7B2CD651AB8F15789CC534264E72BDA88DE4965,DECOMPILED,FACIAL_SEGMENTATION_MATTE,FACT,
libARKernelInterface.so,libARKernelInterface_fn_00597d08,0x00597d08,0x00597d08,296,.text,_ZN11arkernelcpp17ARKernelInterface25SetIsInFreezeCallbackFuncENSt6__ndk18functionIFvbEEE,_ZN11arkernelcpp17ARKernelInterface25SetIsInFreezeCallbackFuncENSt6__ndk18functionIFvbEEE,True,False,False,0,3,,0x0059a578;0x00606d04;0x01046950,0x01046950,'arkernel';'ARKernelInterface::SetIsInFreezeCallbackFunc: m_pKernel == nullptr !';'arkernel',,,D0B8B5655F03A792ACD87D45140420706199ACE068BF80649F983DBE762F55DE,DECOMPILED,FACIAL_SEGMENTATION_MATTE,FACT,
libARKernelInterface.so,libARKernelInterface_fn_00597e30,0x00597e30,0x00597e30,296,.text,_ZN11arkernelcpp17ARKernelInterface28SetInternalTimerCallbackFuncENSt6__ndk18functionIFvffEEE,_ZN11arkernelcpp17ARKernelInterface28SetInternalTimerCallbackFuncENSt6__ndk18functionIFvffEEE,True,False,False,0,3,,0x0059a5e0;0x00606e2c;0x01046950,0x01046950,'arkernel';'ARKernelInterface::SetInternalTimerCallbackFunc: m_pKernel == nullptr !';'arkernel',,,042E5671CCDDA2B40451C04228044D3FBE59437B935EA547EA511AC29FA52904,DECOMPILED,FACIAL_SEGMENTATION_MATTE,FACT,
libARKernelInterface.so,libARKernelInterface_fn_00597f58,0x00597f58,0x00597f58,296,.text,_ZN11arkernelcpp17ARKernelInterface34SetFace3DReconstructorCallbackFuncENSt6__ndk18functionIFviiibbPfEEE,_ZN11arkernelcpp17ARKernelInterface34SetFace3DReconstructorCallbackFuncENSt6__ndk18functionIFviiibbPfEEE,True,False,False,0,3,,0x00596ea0;0x00606f54;0x01046950,0x01046950,'arkernel';'ARKernelInterface::SetFace3DReconstructorCallbackFunc: m_pKernel == nullptr !';'arkernel',,,5B3FD85F0F2DD2C2923090572285B0C5814C556C5FB5602C6BAFC37600D19F55,DECOMPILED,FACIAL_SEGMENTATION_MATTE,FACT,
libARKernelInterface.so,libARKernelInterface_fn_00598080,0x00598080,0x00598080,296,.text,_ZN11arkernelcpp17ARKernelInterface45SetFace3DReconstructorGetMeanFaceCallbackFuncENSt6__ndk18functionIFPfvEEE,_ZN11arkernelcpp17ARKernelInterface45SetFace3DReconstructorGetMeanFaceCallbackFuncENSt6__ndk18functionIFPfvEEE,True,False,False,0,3,,0x00596f08;0x0060707c;0x01046950,0x01046950,'arkernel';'ARKernelInterface::SetFace3DReconstructorGetMeanFaceCallbackFunc: m_pKernel == nullptr !';'arkernel',,,DA0F5C2BE60DEFBFE87EABCA2564E2B8FB7A6A799B65FF94CB6E6534149517FD,DECOMPILED,FACIAL_SEGMENTATION_MATTE,FACT,
libARKernelInterface.so,libARKernelInterface_fn_005981a8,0x005981a8,0x005981a8,296,.text,_ZN11arkernelcpp17ARKernelInterface44SetFace3DReconstructorGetNeuFaceCallbackFuncENSt6__ndk18functionIFPfiEEE,_ZN11arkernelcpp17ARKernelInterface44SetFace3DReconstructorGetNeuFaceCallbackFuncENSt6__ndk18functionIFPfiEEE,True,False,False,0,3,,0x00596f70;0x006071a4;0x01046950,0x01046950,'arkernel';'ARKernelInterface::SetFace3DReconstructorGetNeuFaceCallbackFunc: m_pKernel == nullptr !';'arkernel',,,AC8D2C484893A6228799F2A09B6AF20D548E9139EBB32D8FB65ACD87095E8923,DECOMPILED,FACIAL_SEGMENTATION_MATTE,FACT,
libARKernelInterface.so,libARKernelInterface_fn_005982d0,0x005982d0,0x005982d0,296,.text,_ZN11arkernelcpp17ARKernelInterface48SetFace3DReconstructorGetPerspectMVPCallbackFuncENSt6__ndk18functionIFPfifibEEE,_ZN11arkernelcpp17ARKernelInterface48SetFace3DReconstructorGetPerspectMVPCallbackFuncENSt6__ndk18functionIFPfifibEEE,True,False,False,0,3,,0x00596fd8;0x006072cc;0x01046950,0x01046950,'arkernel';'ARKernelInterface::SetFace3DReconstructorGetPerspectMVPCallbackFunc: m_pKernel == nullptr !';'arkernel',,,0B0FB83E76E28295CC5126DE33DA2A1F10D729C8DCF2211C06DF3FB58AFCD490,DECOMPILED,FACIAL_SEGMENTATION_MATTE,FACT,
libARKernelInterface.so,libARKernelInterface_fn_005983f8,0x005983f8,0x005983f8,296,.text,_ZN11arkernelcpp17ARKernelInterface22SetMessageCallbackFuncENSt6__ndk18functionIFvNS1_12basic_stringIcNS1_11char_traitsIcEENS1_9allocatorIcEEEES8_EEE,_ZN11arkernelcpp17ARKernelInterface22SetMessageCallbackFuncENSt6__ndk18functionIFvNS1_12basic_stringIcNS1_11char_traitsIcEENS1_9allocatorIcEEEES8_EEE,True,False,False,0,3,,0x0059a648;0x006073f4;0x01046950,0x01046950,'arkernel';'ARKernelInterface::SetMessageCallbackFunc: m_pKernel == nullptr !';'arkernel',,,3971E5A6DF23ACCF809256FBACE5CE66204B6AB1020CEF3A6136753D64ACE570,DECOMPILED,FACIAL_SEGMENTATION_MATTE,FACT,
libARKernelInterface.so,libARKernelInterface_fn_00598520,0x00598520,0x00598520,100,.text,_ZN11arkernelcpp17ARKernelInterface12OnTouchBeginEffj,_ZN11arkernelcpp17ARKernelInterface12OnTouchBeginEffj,True,False,False,0,0,,,,'arkernel';'ARKernelInterface::OnTouchBegin: m_pKernel == nullptr !';'arkernel',,,79A9F1825639B42400DB25EB6ED277515E1775BF486204F34929106F83591119,DECOMPILED,FACIAL_SEGMENTATION_MATTE,FACT,
libARKernelInterface.so,libARKernelInterface_fn_00598584,0x00598584,0x00598584,100,.text,_ZN11arkernelcpp17ARKernelInterface11OnTouchMoveEffj,_ZN11arkernelcpp17ARKernelInterface11OnTouchMoveEffj,True,False,False,0,0,,,,'arkernel';'ARKernelInterface::OnTouchMove: m_pKernel == nullptr !';'arkernel',,,F014B41B49771E362BD9185F6D4783CA9F5DBB9B466F61E1A109E3C9BC6535FB,DECOMPILED,FACIAL_SEGMENTATION_MATTE,FACT,
libARKernelInterface.so,libARKernelInterface_fn_005985e8,0x005985e8,0x005985e8,100,.text,_ZN11arkernelcpp17ARKernelInterface10OnTouchEndEffj,_ZN11arkernelcpp17ARKernelInterface10OnTouchEndEffj,True,False,False,0,0,,,,'arkernel';'ARKernelInterface::OnTouchEnd: m_pKernel == nullptr !';'arkernel',,,D25FFD892816D0DF5ABA8F39CE7B2FDA7E99C7710E42B5218E0F30DB4E7313AA,DECOMPILED,FACIAL_SEGMENTATION_MATTE,FACT,
libARKernelInterface.so,libARKernelInterface_fn_0059864c,0x0059864c,0x0059864c,52,.text,_ZN11arkernelcpp17ARKernelInterfaceC2Ev,_ZN11arkernelcpp17ARKernelInterfaceC2Ev,True,False,False,0,1,,0x010469f0,0x010469f0,,,,AC6D70AFB156B513FB168FDC54740A9A4198948FF9C7EB29D7489A60964CFF44,DECOMPILED,FACIAL_SEGMENTATION_MATTE,FACT,
libARKernelInterface.so,libARKernelInterface_fn_00598680,0x00598680,0x00598680,72,.text,_ZN11arkernelcpp17ARKernelInterfaceD1Ev,_ZN11arkernelcpp17ARKernelInterfaceD1Ev,True,False,False,0,2,,0x01048010;0x01046a20,0x01048010;0x01046a20,,,,376DF93F79A046BD121A5D592DF85D9DB42F42C9AD24BF2C24CC8FE9EA3FAB5D,DECOMPILED,FACIAL_SEGMENTATION_MATTE,FACT,
libARKernelInterface.so,libARKernelInterface_fn_005986c8,0x005986c8,0x005986c8,144,.text,_ZN11arkernelcpp17ARKernelInterface7ReleaseEv,_ZN11arkernelcpp17ARKernelInterface7ReleaseEv,True,False,False,0,2,,0x006079a8;0x01046a20,0x01046a20,,,,1ABB2A1535A2DDA8CA744ED7EFBB4918BFF0B7B30A0FE8A3645C6E08CC157045,DECOMPILED,FACIAL_SEGMENTATION_MATTE,FACT,
libARKernelInterface.so,libARKernelInterface_fn_00598770,0x00598770,0x00598770,120,.text,_ZN11arkernelcpp17ARKernelInterface10InitializeEPNS_32ARKernelPublicInteractionServiceEPKc,_ZN11arkernelcpp17ARKernelInterface10InitializeEPNS_32ARKernelPublicInteractionServiceEPKc,True,False,False,0,3,,0x010469f0;0x006076ac;0x00607c70,0x010469f0,,,,55F48CC54C39FDEF2FC03124D70A0180BBF10B7CB5A75D33F788D4E99F683EC0,DECOMPILED,FACIAL_SEGMENTATION_MATTE,FACT,
libARKernelInterface.so,libARKernelInterface_fn_005987e8,0x005987e8,0x005987e8,112,.text,_ZN11arkernelcpp17ARKernelInterface29InitializeWithNoOpenGLContextEPNS_32ARKernelPublicInteractionServiceE,_ZN11arkernelcpp17ARKernelInterface29InitializeWithNoOpenGLContextEPNS_32ARKernelPublicInteractionServiceE,True,False,False,0,3,,0x010469f0;0x006076ac;0x00607d18,0x010469f0,,,,F5442CC42D874523D4C1D1041F128CE192890A8881654048D5D481CA31284264,DECOMPILED,FACIAL_SEGMENTATION_MATTE,FACT,
libARKernelInterface.so,libARKernelInterface_fn_00598858,0x00598858,0x00598858,120,.text,_ZN11arkernelcpp17ARKernelInterface14ResetFaceStateEv,_ZN11arkernelcpp17ARKernelInterface14ResetFaceStateEv,True,False,False,0,2,,0x005a6b20;0x01046910,0x01046910,'arkernel';'ARKernelInterface::ResetFaceState: m_pKernel == nullptr !';'arkernel',,,D0B4A7771DD35899D107192C8D5341BCFBE533A3FA2F537DB19BA8C4827650FE,DECOMPILED,FACIAL_SEGMENTATION_MATTE,FACT,
libARKernelInterface.so,libARKernelInterface_fn_005988d0,0x005988d0,0x005988d0,120,.text,_ZN11arkernelcpp17ARKernelInterface24ForceClearFaceDataMemoryEv,_ZN11arkernelcpp17ARKernelInterface24ForceClearFaceDataMemoryEv,True,False,False,0,2,,0x005a6b20;0x01046910,0x01046910,'arkernel';'ARKernelInterface::ForceClearFaceDataMemory: m_pKernel == nullptr !';'arkernel',,,CEAA942832D9013194CC8C9898263C4290BBD0F8A4E1CE289CAA7236DBDF8929,DECOMPILED,FACIAL_SEGMENTATION_MATTE,FACT,
libARKernelInterface.so,libARKernelInterface_fn_00598948,0x00598948,0x00598948,100,.text,_ZN11arkernelcpp17ARKernelInterface28LoadPublicParamConfigurationEPKc,_ZN11arkernelcpp17ARKernelInterface28LoadPublicParamConfigurationEPKc,True,False,False,0,0,,,,'arkernel';'ARKernelInterface::LoadPublicParamConfiguration: m_pKernel == nullptr !';'arkernel',,,6732C2D053BC221CDB742C69D336BAECCAE570721F9A9932C26D96FF7FD95F3C,DECOMPILED,FACIAL_SEGMENTATION_MATTE,FACT,
libARKernelInterface.so,libARKernelInterface_fn_005989ac,0x005989ac,0x005989ac,100,.text,_ZN11arkernelcpp17ARKernelInterface31SetDefaultFallbackFontLibrariesERKNSt6__ndk16vectorINS1_12basic_stringIcNS1_11char_traitsIcEENS1_9allocatorIcEEEENS6_IS8_EEEE,_ZN11arkernelcpp17ARKernelInterface31SetDefaultFallbackFontLibrariesERKNSt6__ndk16vectorINS1_12basic_stringIcNS1_11char_traitsIcEENS1_9allocatorIcEEEENS6_IS8_EEEE,True,False,False,0,0,,,,'arkernel';'ARKernelInterface::SetDefaultFallbackFontLibraries: m_pKernel == nullptr !';'arkernel',,,4E7CBC3AAE5D28959F1464658B241D354AC662556D7C0ED8C55A16D7DC4020A6,DECOMPILED,FACIAL_SEGMENTATION_MATTE,FACT,
libARKernelInterface.so,libARKernelInterface_fn_00598a10,0x00598a10,0x00598a10,100,.text,_ZN11arkernelcpp17ARKernelInterface15UpdateCacheDataEv,_ZN11arkernelcpp17ARKernelInterface15UpdateCacheDataEv,True,False,False,0,0,,,,'arkernel';'ARKernelInterface::UpdateCacheData: m_pKernel == nullptr !';'arkernel',,,48930B8C3E55AF75BDF0514DFDE2B4685EC220262BB361AD4848352B89FB3B9D,DECOMPILED,FACIAL_SEGMENTATION_MATTE,FACT,
libARKernelInterface.so,libARKernelInterface_fn_00598a74,0x00598a74,0x00598a74,120,.text,_ZN11arkernelcpp17ARKernelInterface9GetResultEv,_ZN11arkernelcpp17ARKernelInterface9GetResultEv,True,False,False,0,2,,0x005a6b20;0x01046910,0x01046910,'arkernel';'ARKernelInterface::GetResult: m_pKernel == nullptr !';'arkernel',,,D259245B3A679050A6FC00B4E52D6134C429240C7DFAFB939E9B603D96DD897B,DECOMPILED,FACIAL_SEGMENTATION_MATTE,FACT,
libARKernelInterface.so,libARKernelInterface_fn_00598aec,0x00598aec,0x00598aec,120,.text,_ZN11arkernelcpp17ARKernelInterface11OnDrawFrameEjjiijj,_ZN11arkernelcpp17ARKernelInterface11OnDrawFrameEjjiijj,True,False,False,0,2,,0x005a6b20;0x01046910,0x01046910,'arkernel';'ARKernelInterface::OnDrawFrame: m_pKernel == nullptr !';'arkernel',,,D559ABDFDEC9E8B332EACB40EE15E778F5ED3FBE39BA7DCBFF77A2806DE0DCD7,DECOMPILED,FACIAL_SEGMENTATION_MATTE,FACT,
libARKernelInterface.so,libARKernelInterface_fn_00598b64,0x00598b64,0x00598b64,100,.text,_ZN11arkernelcpp17ARKernelInterface13VoidOperationENS_17VoidOperationTypeE,_ZN11arkernelcpp17ARKernelInterface13VoidOperationENS_17VoidOperationTypeE,True,False,False,0,0,,,,'arkernel';'ARKernelInterface::VoidOperation: m_pKernel == nullptr !';'arkernel',,,C3FEB8718FAF341CE292AF7E05B792C4F889C622B64612958F7CACD0B4A2EF58,DECOMPILED,FACIAL_SEGMENTATION_MATTE,FACT,
libARKernelInterface.so,libARKernelInterface_fn_00598bc8,0x00598bc8,0x00598bc8,104,.text,_ZN11arkernelcpp17ARKernelInterface11PostMessageERKNSt6__ndk112basic_stringIcNS1_11char_traitsIcEENS1_9allocatorIcEEEES9_b,_ZN11arkernelcpp17ARKernelInterface11PostMessageERKNSt6__ndk112basic_stringIcNS1_11char_traitsIcEENS1_9allocatorIcEEEES9_b,True,False,False,0,0,,,,'arkernel';'ARKernelInterface::PostMessage: m_pKernel == nullptr !';'arkernel',,,9AF612EB1BE2511943BFE4ED0CED33FA86E3DDF3A37750BF5F5165A4A6420764,DECOMPILED,FACIAL_SEGMENTATION_MATTE,FACT,
libARKernelInterface.so,libARKernelInterface_fn_00598c30,0x00598c30,0x00598c30,104,.text,_ZN11arkernelcpp17ARKernelInterface19PostMessageToScriptERKNSt6__ndk112basic_stringIcNS1_11char_traitsIcEENS1_9allocatorIcEEEES9_b,_ZN11arkernelcpp17ARKernelInterface19PostMessageToScriptERKNSt6__ndk112basic_stringIcNS1_11char_traitsIcEENS1_9allocatorIcEEEES9_b,True,False,False,0,0,,,,'arkernel';'ARKernelInterface::PostMessage: m_pKernel == nullptr !';'arkernel',,,79F6815CC223CCD83F165ECAD66D363A789CC4AA033719C1BF922CDD9DFB12F5,DECOMPILED,FACIAL_SEGMENTATION_MATTE,FACT,
libARKernelInterface.so,libARKernelInterface_fn_00598c98,0x00598c98,0x00598c98,120,.text,_ZN11arkernelcpp17ARKernelInterface19NeedDataRequireTypeENS_15DataRequireTypeE,_ZN11arkernelcpp17ARKernelInterface19NeedDataRequireTypeENS_15DataRequireTypeE,True,False,False,0,2,,0x005a6b20;0x01046910,0x01046910,'arkernel';'ARKernelInterface::NeedDataRequireType: m_pKernel == nullptr !';'arkernel',,,07C79C4EE2791F9FAF526E5CC9013796D9261DBD7AA4ABE6F201B65922966263,DECOMPILED,FACIAL_SEGMENTATION_MATTE,FACT,
libARKernelInterface.so,libARKernelInterface_fn_00598d10,0x00598d10,0x00598d10,120,.text,_ZN11arkernelcpp17ARKernelInterface9GetOptionENS_10OptionTypeE,_ZN11arkernelcpp17ARKernelInterface9GetOptionENS_10OptionTypeE,True,False,False,0,2,,0x005a6b20;0x01046910,0x01046910,'arkernel';'ARKernelInterface::GetOption: m_pKernel == nullptr !';'arkernel',,,552D2193D32B1C5A0C9C69FD707DCA0CA2FA152232CDD83E1189C01058C3855F,DECOMPILED,FACIAL_SEGMENTATION_MATTE,FACT,
libARKernelInterface.so,libARKernelInterface_fn_00598d88,0x00598d88,0x00598d88,104,.text,_ZN11arkernelcpp17ARKernelInterface9SetOptionENS_10OptionTypeEb,_ZN11arkernelcpp17ARKernelInterface9SetOptionENS_10OptionTypeEb,True,False,False,0,0,,,,'arkernel';'ARKernelInterface::SetOption: m_pKernel == nullptr !';'arkernel',,,BBD386F93A30D6112DF600500435B3395B59B6102FD109A632B1243564B732D6,DECOMPILED,FACIAL_SEGMENTATION_MATTE,FACT,
libARKernelInterface.so,libARKernelInterface_fn_00598df0,0x00598df0,0x00598df0,308,.text,_ZN11arkernelcpp17ARKernelInterface9QueryDictENS_9QueryTypeE,_ZN11arkernelcpp17ARKernelInterface9QueryDictENS_9QueryTypeE,True,False,False,0,5,,0x005a6b20;0x01046910;0x01046ab0;0x01046900;0x01046ac0,0x01046910;0x01046ab0;0x01046900;0x01046ac0,'arkernel';'ARKernelInterface::QueryDict: m_pKernel == nullptr !';'arkernel',,,BFC3E1B6654E897045CE9B03D34F721C07C398880407DCFC1222A7CF804CD01C,DECOMPILED,FACIAL_SEGMENTATION_MATTE,FACT,
libARKernelInterface.so,libARKernelInterface_fn_00598f2c,0x00598f2c,0x00598f2c,120,.text,_ZN11arkernelcpp17ARKernelInterface9QueryBoolENS_9QueryTypeE,_ZN11arkernelcpp17ARKernelInterface9QueryBoolENS_9QueryTypeE,True,False,False,0,2,,0x005a6b20;0x01046910,0x01046910,'arkernel';'ARKernelInterface::QueryBool: m_pKernel == nullptr !';'arkernel',,,AE3D4956B1D108E959E834DA2634C23A0ABA93403D9A8F086352466D6E96FC68,DECOMPILED,FACIAL_SEGMENTATION_MATTE,FACT,
libARKernelInterface.so,libARKernelInterface_fn_00598fa4,0x00598fa4,0x00598fa4,100,.text,_ZN11arkernelcpp17ARKernelInterface13SetNativeDataEPKNS_25ARKernelBaseDataInterfaceE,_ZN11arkernelcpp17ARKernelInterface13SetNativeDataEPKNS_25ARKernelBaseDataInterfaceE,True,False,False,0,0,,,,'arkernel';'ARKernelInterface::SetNativeData: m_pKernel == nullptr !';'arkernel',,,3384381309B04F1F65EFF1D8F8049D4C25EFA0A8572D7D2F7138EB0F3F6118F8,DECOMPILED,FACIAL_SEGMENTATION_MATTE,FACT,
libARKernelInterface.so,libARKernelInterface_fn_00599008,0x00599008,0x00599008,100,.text,_ZN11arkernelcpp17ARKernelInterface30SetNativeRuntimeModifyFaceDataEPKNS_25ARKernelFaceDataInterfaceE,_ZN11arkernelcpp17ARKernelInterface30SetNativeRuntimeModifyFaceDataEPKNS_25ARKernelFaceDataInterfaceE,True,False,False,0,0,,,,'arkernel';'ARKernelInterface::SetNativeRuntimeModifyFaceData: m_pKernel == nullptr !';'arkernel',,,DF6DC412ACA0C83F6669D0A7B0F1BC43478C841FC0BD760F3FB8368631C7056C,DECOMPILED,FACIAL_SEGMENTATION_MATTE,FACT,
libARKernelInterface.so,libARKernelInterface_fn_0059906c,0x0059906c,0x0059906c,120,.text,_ZN11arkernelcpp17ARKernelInterface30GetNativeRuntimeModifyFaceDataEv,_ZN11arkernelcpp17ARKernelInterface30GetNativeRuntimeModifyFaceDataEv,True,False,False,0,2,,0x005a6b20;0x01046910,0x01046910,'arkernel';'ARKernelInterface::GetNativeRuntimeModifyFaceData: m_pKernel == nullptr !';'arkernel',,,ED69036005DCA7297B382591FB7A12AEADBB7AC3CB1C6FB1477ABB322FC00711,DECOMPILED,FACIAL_SEGMENTATION_MATTE,FACT,
libARKernelInterface.so,libARKernelInterface_fn_005990e4,0x005990e4,0x005990e4,100,.text,_ZN11arkernelcpp17ARKernelInterface14FaceInterPointEPNS_25ARKernelFaceDataInterfaceE,_ZN11arkernelcpp17ARKernelInterface14FaceInterPointEPNS_25ARKernelFaceDataInterfaceE,True,False,False,0,0,,,,'arkernel';'ARKernelInterface::FaceInterPoint: m_pKernel == nullptr !';'arkernel',,,94193480655F8A0BF05BC2F909648A1EF9FB482D53A694CC50BEC6DD32AA8AA2,DECOMPILED,FACIAL_SEGMENTATION_MATTE,FACT,
libARKernelInterface.so,libARKernelInterface_fn_00599148,0x00599148,0x00599148,120,.text,_ZN11arkernelcpp17ARKernelInterface14GenDepthBufferEjj,_ZN11arkernelcpp17ARKernelInterface14GenDepthBufferEjj,True,False,False,0,2,,0x005a6b20;0x01046910,0x01046910,'arkernel';'ARKernelInterface::GenDepthBuffer: m_pKernel == nullptr !';'arkernel',,,C4719D2A5B0BB78CB5547BBBFC879BCF6320B50B0BD12C04A1CBEDD6292D1EE4,DECOMPILED,FACIAL_SEGMENTATION_MATTE,FACT,
libARKernelInterface.so,libARKernelInterface_fn_005991c0,0x005991c0,0x005991c0,100,.text,_ZN11arkernelcpp17ARKernelInterface14SetDepthBufferEPv,_ZN11arkernelcpp17ARKernelInterface14SetDepthBufferEPv,True,False,False,0,0,,,,'arkernel';'ARKernelInterface::SetDepthBuffer: m_pKernel == nullptr !';'arkernel',,,A958D29DADF473398A86799CF609B96DD0C729510E9A23EDFCF121B668633116,DECOMPILED,FACIAL_SEGMENTATION_MATTE,FACT,
libARKernelInterface.so,libARKernelInterface_fn_00599224,0x00599224,0x00599224,100,.text,_ZN11arkernelcpp17ARKernelInterface17DeleteDepthBufferERPv,_ZN11arkernelcpp17ARKernelInterface17DeleteDepthBufferERPv,True,False,False,0,0,,,,'arkernel';'ARKernelInterface::DeleteDepthBuffer: m_pKernel == nullptr !';'arkernel',,,6CD32F95EDBC70BE395C25AC98014DF545772D1B0C88A62B30D82BF4B5896020,DECOMPILED,FACIAL_SEGMENTATION_MATTE,FACT,
libARKernelInterface.so,libARKernelInterface_fn_00599288,0x00599288,0x00599288,100,.text,_ZN11arkernelcpp17ARKernelInterface17UpdateDataRequireEv,_ZN11arkernelcpp17ARKernelInterface17UpdateDataRequireEv,True,False,False,0,0,,,,'arkernel';'ARKernelInterface::UpdateDataRequire: m_pKernel == nullptr !';'arkernel',,,E0FF27410098B00617AF12312ECE2FC708567F87B1B75E9D2C48BB8E627A794B,DECOMPILED,FACIAL_SEGMENTATION_MATTE,FACT,
libARKernelInterface.so,libARKernelInterface_fn_005992ec,0x005992ec,0x005992ec,8,.text,_ZN11arkernelcpp17ARKernelInterface19GetARAiStateSettingEv,_ZN11arkernelcpp17ARKernelInterface19GetARAiStateSettingEv,True,False,False,0,0,,,,,,,F289023BFC90BE5C90AA1A98A40C5B356AF639E69AF0399F5914B2202364955C,DECOMPILED,FACIAL_SEGMENTATION_MATTE,FACT,
libARKernelInterface.so,libARKernelInterface_fn_005992f4,0x005992f4,0x005992f4,16,.text,_ZNK11arkernelcpp17ARKernelInterface14GetMemoryUsageEv,_ZNK11arkernelcpp17ARKernelInterface14GetMemoryUsageEv,True,False,False,0,0,,,,,,,50FAFE32E5333075DA9245C49F741E12219124F86C034EB3A5579AFA4BED6E25,DECOMPILED,FACIAL_SEGMENTATION_MATTE,FACT,
libARKernelInterface.so,libARKernelInterface_fn_00599304,0x00599304,0x00599304,28,.text,_ZN11arkernelcpp17ARKernelInterface4DumpEv,_ZN11arkernelcpp17ARKernelInterface4DumpEv,True,False,False,0,0,,,,,,,C03E4766CF389BE31D53E7F7D80A3823B1DEFAC35746932F4680A94170439A60,DECOMPILED,FACIAL_SEGMENTATION_MATTE,FACT,
libARKernelInterface.so,libARKernelInterface_fn_00599320,0x00599320,0x00599320,120,.text,_ZN11arkernelcpp17ARKernelInterface13GetErrorCacheEv,_ZN11arkernelcpp17ARKernelInterface13GetErrorCacheEv,True,False,False,0,2,,0x005a6b20;0x01046910,0x01046910,'arkernel';'ARKernelInterface::GetErrorCache: m_pKernel == nullptr !';'arkernel',,,A4035E5DBC7D306420C2506D9B04C8C4C16E3D26AC162B17A7E5BDD9D6B54BD9,DECOMPILED,FACIAL_SEGMENTATION_MATTE,FACT,
libARKernelInterface.so,libARKernelInterface_fn_00599398,0x00599398,0x00599398,120,.text,_ZN11arkernelcpp17ARKernelInterface17GetTotalFaceStateEv,_ZN11arkernelcpp17ARKernelInterface17GetTotalFaceStateEv,True,False,False,0,2,,0x005a6b20;0x01046910,0x01046910,'arkernel';'ARKernelInterface::SetAllPartsAlpha: m_pKernel == nullptr !';'arkernel',,,34894930FE6EE4E0A3E97FEEDC9AB7F3B31557634AC5753FD4CAF26744DD8E1B,DECOMPILED,FACIAL_SEGMENTATION_MATTE,FACT,
libARKernelInterface.so,libARKernelInterface_fn_00599410,0x00599410,0x00599410,100,.text,_ZN11arkernelcpp17ARKernelInterface14SetMusicVolumeEf,_ZN11arkernelcpp17ARKernelInterface14SetMusicVolumeEf,True,False,False,0,0,,,,'arkernel';'ARKernelInterface::SetMusicVolume: m_pKernel == nullptr !';'arkernel',,,F2619D0087034F4680D180BB4F64035487249355059B9E87AD4FD75F30FF58E4,DECOMPILED,FACIAL_SEGMENTATION_MATTE,FACT,
libARKernelInterface.so,libARKernelInterface_fn_00599474,0x00599474,0x00599474,100,.text,_ZN11arkernelcpp17ARKernelInterface16SetAllPartsAlphaEf,_ZN11arkernelcpp17ARKernelInterface16SetAllPartsAlphaEf,True,False,False,0,0,,,,'arkernel';'ARKernelInterface::SetAllPartsAlpha: m_pKernel == nullptr !';'arkernel',,,63579A345A36430371527FA00590081B1C256668DDFD4E0C463DAF547997C195,DECOMPILED,FACIAL_SEGMENTATION_MATTE,FACT,
libARKernelInterface.so,libARKernelInterface_fn_005994d8,0x005994d8,0x005994d8,100,.text,_ZN11arkernelcpp17ARKernelInterface22GetFaceliftOffsetPointEPfS1_ii,_ZN11arkernelcpp17ARKernelInterface22GetFaceliftOffsetPointEPfS1_ii,True,False,False,0,0,,,,'arkernel';'ARKernelInterface::GetFaceliftOffsetPoint: m_pKernel == nullptr !';'arkernel',,,60264F268DBD73E0A2DC53BE7C8D24AA70099B07B7AC25FEEABCAEA97E343F23,DECOMPILED,FACIAL_SEGMENTATION_MATTE,FACT,
libARKernelInterface.so,libARKernelInterface_fn_0059953c,0x0059953c,0x0059953c,12,.text,_ZN11arkernelcpp17ARKernelInterface20FreeConfigJSONBufferEPv,_ZN11arkernelcpp17ARKernelInterface20FreeConfigJSONBufferEPv,True,False,False,0,0,,,,,,,5A3046076BC9E461648EBA36DD847C40E41106209F163DA545CB6DEB3E2A43C6,DECOMPILED,FACIAL_SEGMENTATION_MATTE,FACT,
libARKernelInterface.so,libARKernelInterface_fn_00599548,0x00599548,0x00599548,360,.text,_ZN11arkernelcpp17ARKernelInterface26ParserConfigWithJSONBufferEPKv,_ZN11arkernelcpp17ARKernelInterface26ParserConfigWithJSONBufferEPKv,True,False,False,0,7,,0x00609fa8;0x005996b0;0x010469f0;0x01048020;0x01048030,0x010469f0;0x01048020;0x01048030;0x01046a20;0x01046950,'arkernel';'ARKernelInterface::ParserConfigWithJSONBuffer: m_pKernel == nullptr !';'arkernel',,,92BE76FB6E7E12EC9990A2F1422335C679F37DE7CD3E825DB4C5D8825C318F0B,DECOMPILED,FACIAL_SEGMENTATION_MATTE,FACT,
libARKernelInterface.so,libARKernelInterface_fn_005996e0,0x005996e0,0x005996e0,120,.text,_ZN11arkernelcpp17ARKernelInterface19GenConfigJSONBufferEv,_ZN11arkernelcpp17ARKernelInterface19GenConfigJSONBufferEv,True,False,False,0,2,,0x005a6b20;0x01046910,0x01046910,'arkernel';'ARKernelInterface::GenConfigJSONBuffer: m_pKernel == nullptr !';'arkernel',,,35C3CF60489A0515970C343F5162E0A986116D0429074C541748575A6F66DE48,DECOMPILED,FACIAL_SEGMENTATION_MATTE,FACT,
libARKernelInterface.so,libARKernelInterface_fn_00599758,0x00599758,0x00599758,80,.text,_ZN11arkernelcpp17ARKernelInterface33ParserMVCommonStickerConfigStructEPKNS_27MVCommonStickerConfigStructE,_ZN11arkernelcpp17ARKernelInterface33ParserMVCommonStickerConfigStructEPKNS_27MVCommonStickerConfigStructE,True,False,False,0,4,,0x00609fd0;0x010469f0;0x01048020;0x01048030,0x010469f0;0x01048020;0x01048030,,,,03AE1B9D79E3EF678EE4AF7C93D32D5B12B32EF739570D9A2B1C380A86554C02,DECOMPILED,FACIAL_SEGMENTATION_MATTE,FACT,
libARKernelInterface.so,libARKernelInterface_fn_005997a8,0x005997a8,0x005997a8,80,.text,_ZN11arkernelcpp17ARKernelInterface21CreateExternalFromPtrEl,_ZN11arkernelcpp17ARKernelInterface21CreateExternalFromPtrEl,True,False,False,0,4,,0x00609fe0;0x010469f0;0x01048020;0x01048030,0x010469f0;0x01048020;0x01048030,,,,3B1F1A2A8AEC033710868545317D253A3053B5DAF9FF41163D03F2A25742CAA2,DECOMPILED,FACIAL_SEGMENTATION_MATTE,FACT,
libARKernelInterface.so,libARKernelInterface_fn_005997f8,0x005997f8,0x005997f8,80,.text,_ZN11arkernelcpp17ARKernelInterface19ParserConfigurationEPKcS2_S2_i,_ZN11arkernelcpp17ARKernelInterface19ParserConfigurationEPKcS2_S2_i,True,False,False,0,4,,0x00609ff0;0x010469f0;0x01048020;0x01048030,0x010469f0;0x01048020;0x01048030,,,,F9FC01FF6B247E5B987A61F5099077702E9D0AA9ACFA4A0314515DC6D9D5530A,DECOMPILED,FACIAL_SEGMENTATION_MATTE,FACT,
libARKernelInterface.so,libARKernelInterface_fn_00599848,0x00599848,0x00599848,132,.text,_ZN11arkernelcpp17ARKernelInterface34ParserMakeupPartColorConfigurationEPKc,_ZN11arkernelcpp17ARKernelInterface34ParserMakeupPartColorConfigurationEPKc,True,False,False,0,3,,0x0060a000;0x01046a20;0x01046950,0x01046a20;0x01046950,,,,47FC3D31DA712767DD670C3F7EED172FE155C30F2E66258F5017D440B11F39DC,DECOMPILED,COLOR_SCIENCE_TRANSCODE,FACT,
libARKernelInterface.so,libARKernelInterface_fn_005998cc,0x005998cc,0x005998cc,148,.text,_ZN11arkernelcpp17ARKernelInterface19DeleteConfigurationERPNS_26ARKernelPlistDataInterfaceE,_ZN11arkernelcpp17ARKernelInterface19DeleteConfigurationERPNS_26ARKernelPlistDataInterfaceE,True,False,False,0,5,,0x01048040;0x0060a12c;0x01048050;0x01046a20;0x01046950,0x01048040;0x01048050;0x01046a20;0x01046950,,,,7BA607F2F057645AE3802783975A16CA9B7CA0F43A30C3CB7C0E525372DB3358,DECOMPILED,FACIAL_SEGMENTATION_MATTE,FACT,
libARKernelInterface.so,libARKernelInterface_fn_00599960,0x00599960,0x00599960,120,.text,_ZN11arkernelcpp17ARKernelInterface10UnloadPartEv,_ZN11arkernelcpp17ARKernelInterface10UnloadPartEv,True,False,False,0,2,,0x005a6b20;0x01046910,0x01046910,'arkernel';'ARKernelInterface::UnloadPart: m_pKernel == nullptr !';'arkernel',,,1F62A195B6EE173833845A05F5F2F42E2285EA909A7081C216B927CC0561E8B5,DECOMPILED,FACIAL_SEGMENTATION_MATTE,FACT,
libARKernelInterface.so,libARKernelInterface_fn_005999d8,0x005999d8,0x005999d8,552,.text,_ZN11arkernelcpp17ARKernelInterface17ReloadPartDefaultEv,_ZN11arkernelcpp17ARKernelInterface17ReloadPartDefaultEv,True,False,False,0,12,,0x0060a1b4;0x0060a2b4;0x008e0920;0x010469f0;0x01047c60,0x010469f0;0x01047c60;0x01047c70;0x01047c80;0x01046a20,'arkernel';'ARKernelInterface::ReloadPartDefault: m_pKernel == nullptr !';'arkernel',,,7CEC7AC3D65BA604DA00C2D4F637AE265DBBCF56132D6A179BE8C54C735B5580,DECOMPILED,FACIAL_SEGMENTATION_MATTE,FACT,
libARKernelInterface.so,libARKernelInterface_fn_00599c00,0x00599c00,0x00599c00,500,.text,_ZN11arkernelcpp17ARKernelInterface17ReloadPartControlEv,_ZN11arkernelcpp17ARKernelInterface17ReloadPartControlEv,True,False,False,0,11,,0x0060a22c;0x0060a2b4;0x010469f0;0x01047c70;0x01047c80,0x010469f0;0x01047c70;0x01047c80;0x01046a20;0x01046910,'arkernel';'ARKernelInterface::ReloadPartControl: m_pKernel == nullptr !';'arkernel',,,618DDB5CA258C702817A979C1C774636E9A3BBAD1F03DE0347E992708E7E4021,DECOMPILED,FACIAL_SEGMENTATION_MATTE,FACT,
libARKernelInterface.so,libARKernelInterface_fn_00599df4,0x00599df4,0x00599df4,228,.text,_ZN11arkernelcpp17ARKernelInterface20GetLoadedPartControlEv,_ZN11arkernelcpp17ARKernelInterface20GetLoadedPartControlEv,True,False,False,0,5,,0x005a6b20;0x01046910;0x01046ab0;0x01046900;0x01046ac0,0x01046910;0x01046ab0;0x01046900;0x01046ac0,'arkernel';'ARKernelInterface::GetLoadedPartControl: m_pKernel == nullptr !';'arkernel',,,F0517CB0D8AA9CA557BBC81287D8C98C6A8B33A285D9A7AB90D9747342296298,DECOMPILED,FACIAL_SEGMENTATION_MATTE,FACT,
libARKernelInterface.so,libARKernelInterface_fn_00599ed8,0x00599ed8,0x00599ed8,100,.text,_ZN11arkernelcpp17ARKernelInterface16SetAllGroupOrderERNSt6__ndk16vectorINS1_12basic_stringIcNS1_11char_traitsIcEENS1_9allocatorIcEEEENS6_IS8_EEEE,_ZN11arkernelcpp17ARKernelInterface16SetAllGroupOrderERNSt6__ndk16vectorINS1_12basic_stringIcNS1_11char_traitsIcEENS1_9allocatorIcEEEENS6_IS8_EEEE,True,False,False,0,0,,,,'arkernel';'ARKernelInterface::GetLoadedPartControl: m_pKernel == nullptr !';'arkernel',,,CA8F8AE322DBBB9D0EF5CD9637FDC3BFDF342F9109BF0CE0A4AB2D3CBD580B2A,DECOMPILED,FACIAL_SEGMENTATION_MATTE,FACT,
libARKernelInterface.so,libARKernelInterface_fn_00599f3c,0x00599f3c,0x00599f3c,220,.text,_ZN11arkernelcpp17ARKernelInterface24ParserGroupConfigurationEPNS_11stGroupDataE,_ZN11arkernelcpp17ARKernelInterface24ParserGroupConfigurationEPNS_11stGroupDataE,True,False,False,0,8,,0x010469f0;0x01047cd0;0x01047cb0;0x0060a10c;0x01047c90,0x010469f0;0x01047cd0;0x01047cb0;0x01047c90;0x01046a20,,,,C21AAFB5CE184C7C6F83D215B5DCECC55A84E8A4BC1A122096FCB714E6339DE1,DECOMPILED,FACIAL_SEGMENTATION_MATTE,FACT,
libARKernelInterface.so,libARKernelInterface_fn_0059a018,0x0059a018,0x0059a018,148,.text,_ZN11arkernelcpp17ARKernelInterface24DeleteGroupConfigurationERPNS_26ARKernelGroupDataInterfaceE,_ZN11arkernelcpp17ARKernelInterface24DeleteGroupConfigurationERPNS_26ARKernelGroupDataInterfaceE,True,False,False,0,5,,0x01047ca0;0x0060a11c;0x01047ce0;0x01046a20;0x01046950,0x01047ca0;0x01047ce0;0x01046a20;0x01046950,,,,5266BCE3EDE80698707F16BBC07A772BC9BD47C8E836A63B4621487CA8CEBD84,DECOMPILED,FACIAL_SEGMENTATION_MATTE,FACT,
libARKernelInterface.so,libARKernelInterface_fn_0059a0ac,0x0059a0ac,0x0059a0ac,296,.text,_ZN11arkernelcpp17ARKernelInterface32SetPlatformLoadGlyphCallbackFuncENSt6__ndk18functionIFbRKNS1_12basic_stringIcNS1_11char_traitsIcEENS1_9allocatorIcEEEESA_RKfRPhRjSF_RiSG_SG_EEE,_ZN11arkernelcpp17ARKernelInterface32SetPlatformLoadGlyphCallbackFuncENSt6__ndk18functionIFbRKNS1_12basic_stringIcNS1_11char_traitsIcEENS1_9allocatorIcEEEESA_RKfRPhRjSF_RiSG_SG_EEE,True,False,False,0,3,,0x0059aacc;0x0060a39c;0x01046950,0x01046950,'arkernel';'ARKernelInterface::SetPlatformLoadGlyphCallbackFunc: m_pKernel == nullptr !';'arkernel',,,90292FFC411CB2E12245E72A7CC7E3089A5AE27FA71BBA7BED78FD7B9C8021CE,DECOMPILED,FACIAL_SEGMENTATION_MATTE,FACT,
libARKernelInterface.so,libARKernelInterface_fn_0059a1d4,0x0059a1d4,0x0059a1d4,296,.text,_ZN11arkernelcpp17ARKernelInterface35SetPlatformReleaseGlyphCallbackFuncENSt6__ndk18functionIFbRPhRjS5_EEE,_ZN11arkernelcpp17ARKernelInterface35SetPlatformReleaseGlyphCallbackFuncENSt6__ndk18functionIFbRPhRjS5_EEE,True,False,False,0,3,,0x0059ab34;0x0060a430;0x01046950,0x01046950,'arkernel';'ARKernelInterface::SetPlatformReleaseGlyphCallbackFunc: m_pKernel == nullptr !';'arkernel',,,4F3008C5B5BD654EED8B5899F7460AC16665854E19A9913B2D96EA104D908411,DECOMPILED,FACIAL_SEGMENTATION_MATTE,FACT,
libARKernelInterface.so,libARKernelInterface_fn_0059b13c,0x0059b13c,0x0059b13c,16,.text,_ZN11arkernelcpp41ARKernelMVBronzersPenPartControlInterface15GetSourceMaskIDEl,_ZN11arkernelcpp41ARKernelMVBronzersPenPartControlInterface15GetSourceMaskIDEl,True,False,False,0,0,,,,,,,591B7793AF00FBF0B083C3E568EBA82E251ECE84FBE88BDEFFB7121820BE80A5,DECOMPILED,FACIAL_SEGMENTATION_MATTE,FACT,
libARKernelInterface.so,libARKernelInterface_fn_0059b14c,0x0059b14c,0x0059b14c,16,.text,_ZN11arkernelcpp41ARKernelMVBronzersPenPartControlInterface18GetSourceMaskWidthEl,_ZN11arkernelcpp41ARKernelMVBronzersPenPartControlInterface18GetSourceMaskWidthEl,True,False,False,0,0,,,,,,,BC922111430CC5B12A3B21BFF1FBBB0EB61A0EA0204741314AB8C1927FE9A0C6,DECOMPILED,FACIAL_SEGMENTATION_MATTE,FACT,
libARKernelInterface.so,libARKernelInterface_fn_0059b15c,0x0059b15c,0x0059b15c,16,.text,_ZN11arkernelcpp41ARKernelMVBronzersPenPartControlInterface19GetSourceMaskHeightEl,_ZN11arkernelcpp41ARKernelMVBronzersPenPartControlInterface19GetSourceMaskHeightEl,True,False,False,0,0,,,,,,,7BC1A328B3A3D50A3B10C0D3158F5748DF0C8F82A2AAB4A4408EA9830A97BE5F,DECOMPILED,FACIAL_SEGMENTATION_MATTE,FACT,
libARKernelInterface.so,libARKernelInterface_fn_0059b16c,0x0059b16c,0x0059b16c,16,.text,_ZN11arkernelcpp41ARKernelMVBronzersPenPartControlInterface18GetStandFaceMaskIDEl,_ZN11arkernelcpp41ARKernelMVBronzersPenPartControlInterface18GetStandFaceMaskIDEl,True,False,False,0,0,,,,,,,D5CE670089BC0784C9C70955FD520089DF27A6C6D339B8C94E4C2CF7451F2FBA,DECOMPILED,FACIAL_SEGMENTATION_MATTE,FACT,
libARKernelInterface.so,libARKernelInterface_fn_0059b17c,0x0059b17c,0x0059b17c,16,.text,_ZN11arkernelcpp41ARKernelMVBronzersPenPartControlInterface21GetStandFaceMaskWidthEl,_ZN11arkernelcpp41ARKernelMVBronzersPenPartControlInterface21GetStandFaceMaskWidthEl,True,False,False,0,0,,,,,,,648756259BF8A08D490092385D56770090C558192F531DA512E160A5214D21EC,DECOMPILED,FACIAL_SEGMENTATION_MATTE,FACT,
libARKernelInterface.so,libARKernelInterface_fn_0059b18c,0x0059b18c,0x0059b18c,16,.text,_ZN11arkernelcpp41ARKernelMVBronzersPenPartControlInterface22GetStandFaceMaskHeightEl,_ZN11arkernelcpp41ARKernelMVBronzersPenPartControlInterface22GetStandFaceMaskHeightEl,True,False,False,0,0,,,,,,,9291B877828FE5DD1D570D19CFD62F67CA85A624A7CD8C3578834E97513C78FA,DECOMPILED,FACIAL_SEGMENTATION_MATTE,FACT,
libARKernelInterface.so,libARKernelInterface_fn_0059b19c,0x0059b19c,0x0059b19c,16,.text,_ZN11arkernelcpp41ARKernelMVBronzersPenPartControlInterface27GetStandFaceEffectTextureIDEl,_ZN11arkernelcpp41ARKernelMVBronzersPenPartControlInterface27GetStandFaceEffectTextureIDEl,True,False,False,0,0,,,,,,,2013E478C4A4CEE49045EDEDFE4C08A8D812B7E6669987DC2CF269F16E2534E7,DECOMPILED,FACIAL_SEGMENTATION_MATTE,FACT,
libARKernelInterface.so,libARKernelInterface_fn_0059b1ac,0x0059b1ac,0x0059b1ac,16,.text,_ZN11arkernelcpp41ARKernelMVBronzersPenPartControlInterface30GetStandFaceEffectTextureWidthEl,_ZN11arkernelcpp41ARKernelMVBronzersPenPartControlInterface30GetStandFaceEffectTextureWidthEl,True,False,False,0,0,,,,,,,A17B6345C57D11C03D6619F2F1A2789E47C02AA1E2688F475D51159DE01DF142,DECOMPILED,FACIAL_SEGMENTATION_MATTE,FACT,
libARKernelInterface.so,libARKernelInterface_fn_0059b1bc,0x0059b1bc,0x0059b1bc,16,.text,_ZN11arkernelcpp41ARKernelMVBronzersPenPartControlInterface31GetStandFaceEffectTextureHeightEl,_ZN11arkernelcpp41ARKernelMVBronzersPenPartControlInterface31GetStandFaceEffectTextureHeightEl,True,False,False,0,0,,,,,,,8628789C153D42D0C6BB6E2A898F8056493BA8C2D57E0DFB8FB1E82B49DCB8F5,DECOMPILED,FACIAL_SEGMENTATION_MATTE,FACT,
libARKernelInterface.so,libARKernelInterface_fn_0059b1cc,0x0059b1cc,0x0059b1cc,16,.text,_ZN11arkernelcpp41ARKernelMVBronzersPenPartControlInterface20SetBrushMaskWithFaceEljiiNS0_17MVBronzersPenModeE,_ZN11arkernelcpp41ARKernelMVBronzersPenPartControlInterface20SetBrushMaskWithFaceEljiiNS0_17MVBronzersPenModeE,True,False,False,0,0,,,,,,,10119DB1A3BF180EAB6F8B9A897CD86979254A987A1F55BA141B4C622DDF1AAB,DECOMPILED,FACIAL_SEGMENTATION_MATTE,FACT,
libARKernelInterface.so,libARKernelInterface_fn_0059b1dc,0x0059b1dc,0x0059b1dc,16,.text,_ZN11arkernelcpp41ARKernelMVBronzersPenPartControlInterface16SetStandFaceMaskEljii,_ZN11arkernelcpp41ARKernelMVBronzersPenPartControlInterface16SetStandFaceMaskEljii,True,False,False,0,0,,,,,,,BC67C5861C9B94DABD0AB217D5F319DFF28D5038D5387911AF732B906824A7BC,DECOMPILED,FACIAL_SEGMENTATION_MATTE,FACT,
libARKernelInterface.so,libARKernelInterface_fn_0059b1ec,0x0059b1ec,0x0059b1ec,16,.text,_ZN11arkernelcpp41ARKernelMVBronzersPenPartControlInterface25SetStandFaceEffectTextureEljii,_ZN11arkernelcpp41ARKernelMVBronzersPenPartControlInterface25SetStandFaceEffectTextureEljii,True,False,False,0,0,,,,,,,6B641E33B6080B91FBDCBC72B3007A9EAC0A38595DBE834D7C9832367F4A07A9,DECOMPILED,FACIAL_SEGMENTATION_MATTE,FACT,
libARKernelInterface.so,libARKernelInterface_fn_0059b1fc,0x0059b1fc,0x0059b1fc,16,.text,_ZN11arkernelcpp41ARKernelMVBronzersPenPartControlInterface15SetCurrentColorEfff,_ZN11arkernelcpp41ARKernelMVBronzersPenPartControlInterface15SetCurrentColorEfff,True,False,False,0,0,,,,,,,A70A298FD2669F9A29619522732EB7B6CEA9B41077256EBB21BE4DB41FFDBDC4,DECOMPILED,COLOR_SCIENCE_TRANSCODE,FACT,
libARKernelInterface.so,libARKernelInterface_fn_0059b20c,0x0059b20c,0x0059b20c,144,.text,_ZN11arkernelcpp41ARKernelMVBronzersPenPartControlInterface15SetCurrentPenIDENSt6__ndk112basic_stringIcNS1_11char_traitsIcEENS1_9allocatorIcEEEE,_ZN11arkernelcpp41ARKernelMVBronzersPenPartControlInterface15SetCurrentPenIDENSt6__ndk112basic_stringIcNS1_11char_traitsIcEENS1_9allocatorIcEEEE,True,False,False,0,4,,0x00570f58;0x008af618;0x01046a20;0x01046950,0x01046a20;0x01046950,,,,70B8A5B1511CD3D753A056730022D63115B7EC908C1A56AB1CD9C67EE047E636,DECOMPILED,FACIAL_SEGMENTATION_MATTE,FACT,
libARKernelInterface.so,libARKernelInterface_fn_0059b29c,0x0059b29c,0x0059b29c,20,.text,_ZN11arkernelcpp41ARKernelMVBronzersPenPartControlInterface24IsEnableFacialProtectionEb,_ZN11arkernelcpp41ARKernelMVBronzersPenPartControlInterface24IsEnableFacialProtectionEb,True,False,False,0,0,,,,,,,741C45B44911CE6D8D04FA1861BEBE9D984605C88092854DCCEE227029239911,DECOMPILED,FACIAL_SEGMENTATION_MATTE,FACT,
libARKernelInterface.so,libARKernelInterface_fn_0059b2b0,0x0059b2b0,0x0059b2b0,20,.text,_ZN11arkernelcpp41ARKernelMVGraffitiPenPartControlInterface19SetIsInBrushDrawingEb,_ZN11arkernelcpp41ARKernelMVGraffitiPenPartControlInterface19SetIsInBrushDrawingEb,True,False,False,0,0,,,,,,,E6C3F3D4ABD9B3707CEFF54D838EE21EDDF9AF21ED72F90BCD81055BB4E54A84,DECOMPILED,FACIAL_SEGMENTATION_MATTE,FACT,
libARKernelInterface.so,libARKernelInterface_fn_0059b2c4,0x0059b2c4,0x0059b2c4,16,.text,_ZN11arkernelcpp41ARKernelMVGraffitiPenPartControlInterface14SetSecondStateENS0_15SecondEditStateE,_ZN11arkernelcpp41ARKernelMVGraffitiPenPartControlInterface14SetSecondStateENS0_15SecondEditStateE,True,False,False,0,0,,,,,,,79CB7FDDB2D35148B294205C2C6DB65D2FB687C59BA29EE7B99E4EF72BEBB27E,DECOMPILED,FACIAL_SEGMENTATION_MATTE,FACT,
libARKernelInterface.so,libARKernelInterface_fn_0059b2d4,0x0059b2d4,0x0059b2d4,192,.text,_ZN11arkernelcpp41ARKernelMVGraffitiPenPartControlInterface15SetDrawingParamENSt6__ndk112basic_stringIcNS1_11char_traitsIcEENS1_9allocatorIcEEEEffff,_ZN11arkernelcpp41ARKernelMVGraffitiPenPartControlInterface15SetDrawingParamENSt6__ndk112basic_stringIcNS1_11char_traitsIcEENS1_9allocatorIcEEEEffff,True,False,False,0,4,,0x00570f58;0x008b74a4;0x01046a20;0x01046950,0x01046a20;0x01046950,,,,583892841904FF2564BE26B599D8EB523C9CC8A8B2EAE2F2B504C35115EAE7C9,DECOMPILED,FACIAL_SEGMENTATION_MATTE,FACT,
libARKernelInterface.so,libARKernelInterface_fn_0059b394,0x0059b394,0x0059b394,16,.text,_ZN11arkernelcpp41ARKernelMVGraffitiPenPartControlInterface13SetTouchParamEffNS0_10TouchStateE,_ZN11arkernelcpp41ARKernelMVGraffitiPenPartControlInterface13SetTouchParamEffNS0_10TouchStateE,True,False,False,0,0,,,,,,,0C1EC2A42392B0554EC1DB3B614E2D54F6DAE0FDDD92AB7A9D0A13BA0D584A15,DECOMPILED,FACIAL_SEGMENTATION_MATTE,FACT,
libARKernelInterface.so,libARKernelInterface_fn_0059b3a4,0x0059b3a4,0x0059b3a4,1040,.text,_ZN11arkernelcpp41ARKernelMVGraffitiPenPartControlInterface13GetBrushCacheEv,_ZN11arkernelcpp41ARKernelMVGraffitiPenPartControlInterface13GetBrushCacheEv,True,False,False,0,22,,0x008b75e4;0x010469f0;0x01046970;0x0058f19c;0x01046a70,0x010469f0;0x01046970;0x01046a70;0x01046a20;0x01046a20,,,,167473397B04D98F5119250627C2A4A0F158DC3A053AF12FA2B830B75AB8E0A5,DECOMPILED,FACIAL_SEGMENTATION_MATTE,FACT,
libARKernelInterface.so,libARKernelInterface_fn_0059b7b4,0x0059b7b4,0x0059b7b4,996,.text,_ZN11arkernelcpp41ARKernelMVGraffitiPenPartControlInterface13SetBrushCacheENSt6__ndk16vectorIPNS0_16BrushCacheParamsENS1_9allocatorIS4_EEEE,_ZN11arkernelcpp41ARKernelMVGraffitiPenPartControlInterface13SetBrushCacheENSt6__ndk16vectorIPNS0_16BrushCacheParamsENS1_9allocatorIS4_EEEE,True,False,False,0,18,,0x010469f0;0x01046970;0x0058f19c;0x01046a70;0x0059c38c,0x010469f0;0x01046970;0x01046a70;0x01046a20;0x01046a00,,,,BD57DC7671F0C2CEC92B762ADA8DF311C4BBD9BD03CB12DC63B38DBA4489352B,DECOMPILED,FACIAL_SEGMENTATION_MATTE,FACT,
libARKernelInterface.so,libARKernelInterface_fn_0059bb98,0x0059bb98,0x0059bb98,1040,.text,_ZN11arkernelcpp41ARKernelMVGraffitiPenPartControlInterface23GetSecondEditBrushCacheEv,_ZN11arkernelcpp41ARKernelMVGraffitiPenPartControlInterface23GetSecondEditBrushCacheEv,True,False,False,0,22,,0x008b7f3c;0x010469f0;0x01046970;0x0058f19c;0x01046a70,0x010469f0;0x01046970;0x01046a70;0x01046a20;0x01046a20,,,,C436B67E835BF1E0B2E7DD9B2865E595D212EF68637ECE8D9BC7C2F5001E24CB,DECOMPILED,FACIAL_SEGMENTATION_MATTE,FACT,
libARKernelInterface.so,libARKernelInterface_fn_0059bfa8,0x0059bfa8,0x0059bfa8,996,.text,_ZN11arkernelcpp41ARKernelMVGraffitiPenPartControlInterface23SetSecondEditBrushCacheENSt6__ndk16vectorIPNS0_16BrushCacheParamsENS1_9allocatorIS4_EEEE,_ZN11arkernelcpp41ARKernelMVGraffitiPenPartControlInterface23SetSecondEditBrushCacheENSt6__ndk16vectorIPNS0_16BrushCacheParamsENS1_9allocatorIS4_EEEE,True,False,False,0,18,,0x010469f0;0x01046970;0x0058f19c;0x01046a70;0x0059c38c,0x010469f0;0x01046970;0x01046a70;0x01046a20;0x01046a00,,,,D3EC4285B87C95001E8A760671CC2DBB3897C1497F10FC225D5F361680E231CE,DECOMPILED,FACIAL_SEGMENTATION_MATTE,FACT,
libARKernelInterface.so,libARKernelInterface_fn_0059c680,0x0059c680,0x0059c680,24,.text,_ZN11arkernelcpp25ARKernelParamCheckControl15GetDefaultValueEv,_ZN11arkernelcpp25ARKernelParamCheckControl15GetDefaultValueEv,True,False,False,0,0,,,,,,,27677F040C7C67FFD263C49BCA486D0133E6D6E3533F38239A7BD4E2B60992EA,DECOMPILED,UTILITY_FUNCTION,FACT,
libARKernelInterface.so,libARKernelInterface_fn_0059c698,0x0059c698,0x0059c698,24,.text,_ZN11arkernelcpp25ARKernelParamCheckControl15GetCurrentValueEv,_ZN11arkernelcpp25ARKernelParamCheckControl15GetCurrentValueEv,True,False,False,0,0,,,,,,,5DC4F643C47C957E5282488FA01FEF302632041878AD0FE56F63B97BE29DC724,DECOMPILED,UTILITY_FUNCTION,FACT,
libARKernelInterface.so,libARKernelInterface_fn_0059c6b0,0x0059c6b0,0x0059c6b0,28,.text,_ZN11arkernelcpp25ARKernelParamCheckControl15SetCurrentValueEb,_ZN11arkernelcpp25ARKernelParamCheckControl15SetCurrentValueEb,True,False,False,0,0,,,,,,,EEA2BD4203F36D4F92677AAC3BBF7DDCE876EA4A24862590B571AA3D9A4B2743,DECOMPILED,UTILITY_FUNCTION,FACT,
libARKernelInterface.so,libARKernelInterface_fn_0059c6cc,0x0059c6cc,0x0059c6cc,168,.text,_ZN11arkernelcpp25ARKernelParamColorControl19GetCurrentRGBAValueEv,_ZN11arkernelcpp25ARKernelParamColorControl19GetCurrentRGBAValueEv,True,False,False,0,3,,0x01046ab0;0x01046900;0x01046ac0,0x01046ab0;0x01046900;0x01046ac0,,,,43A8FBF551822C75886C9DF1592EED153E2365686549D7FE4429B4DF2D22D461,DECOMPILED,COLOR_SCIENCE_TRANSCODE,FACT,
libARKernelInterface.so,libARKernelInterface_fn_0059c7e8,0x0059c7e8,0x0059c7e8,116,.text,_ZN11arkernelcpp25ARKernelParamColorControl19SetCurrentRGBAValueENSt6__ndk16vectorIfNS1_9allocatorIfEEEE,_ZN11arkernelcpp25ARKernelParamColorControl19SetCurrentRGBAValueENSt6__ndk16vectorIfNS1_9allocatorIfEEEE,True,False,False,0,3,,0x0059c78c;0x01046a20;0x01046950,0x01046a20;0x01046950,,,,504DCF8B0DABE821F911DA8E33CCC1E1BFF1C50165C4DF58660E9BA86B83266E,DECOMPILED,COLOR_SCIENCE_TRANSCODE,FACT,
libARKernelInterface.so,libARKernelInterface_fn_0059c85c,0x0059c85c,0x0059c85c,168,.text,_ZN11arkernelcpp25ARKernelParamColorControl19GetDefaultRGBAValueEv,_ZN11arkernelcpp25ARKernelParamColorControl19GetDefaultRGBAValueEv,True,False,False,0,3,,0x01046ab0;0x01046900;0x01046ac0,0x01046ab0;0x01046900;0x01046ac0,,,,2A57725157165AEF117EBCA3E68FD35C78E0230804FC835BB92004AD92DDF4F3,DECOMPILED,COLOR_SCIENCE_TRANSCODE,FACT,
libARKernelInterface.so,libARKernelInterface_fn_0059c904,0x0059c904,0x0059c904,28,.text,_ZN11arkernelcpp25ARKernelParamColorControl22GetCurrentOpacityValueEv,_ZN11arkernelcpp25ARKernelParamColorControl22GetCurrentOpacityValueEv,True,False,False,0,0,,,,,,,CD83BDE9384C42FD2D8438436F405C085831349CDE7CD6148A18272170733D56,DECOMPILED,COLOR_SCIENCE_TRANSCODE,FACT,
libARKernelInterface.so,libARKernelInterface_fn_0059c920,0x0059c920,0x0059c920,24,.text,_ZN11arkernelcpp25ARKernelParamColorControl22SetCurrentOpacityValueEf,_ZN11arkernelcpp25ARKernelParamColorControl22SetCurrentOpacityValueEf,True,False,False,0,0,,,,,,,D742BEC77FC3C5C78645DE903DF36A3502A214A4A33C2478385F470137998E50,DECOMPILED,COLOR_SCIENCE_TRANSCODE,FACT,
libARKernelInterface.so,libARKernelInterface_fn_0059c938,0x0059c938,0x0059c938,28,.text,_ZN11arkernelcpp25ARKernelParamColorControl22GetDefaultOpacityValueEv,_ZN11arkernelcpp25ARKernelParamColorControl22GetDefaultOpacityValueEv,True,False,False,0,0,,,,,,,2DA49D073203028DF8E0766B40EE83D77E6DD71D052B78DCEC8FC09D26D6DD31,DECOMPILED,COLOR_SCIENCE_TRANSCODE,FACT,
libARKernelInterface.so,libARKernelInterface_fn_0059c954,0x0059c954,0x0059c954,204,.text,_ZN11arkernelcpp25ARKernelParamColorControl20SetCurrentORGBAColorENS_15MakeupPartColorE,_ZN11arkernelcpp25ARKernelParamColorControl20SetCurrentORGBAColorENS_15MakeupPartColorE,True,False,False,0,5,,0x010469f0;0x0059ca20;0x01046a20;0x01046a20;0x01046950,0x010469f0;0x01046a20;0x01046a20;0x01046950,,,,4BE7EB37D587E469DDC6C990E4095A56124FD97D578FDF6EAAB5527736A5EFD4,DECOMPILED,COLOR_SCIENCE_TRANSCODE,FACT,
libARKernelInterface.so,libARKernelInterface_fn_0059ca60,0x0059ca60,0x0059ca60,24,.text,_ZN11arkernelcpp20ARKernelParamControl12GetParamTypeEv,_ZN11arkernelcpp20ARKernelParamControl12GetParamTypeEv,True,False,False,0,0,,,,,,,2A435AEEEAEFCCFF740C22D2F2F7EA8173E64B17846F9D87D11989711251CC7C,DECOMPILED,UTILITY_FUNCTION,FACT,
libARKernelInterface.so,libARKernelInterface_fn_0059ca78,0x0059ca78,0x0059ca78,24,.text,_ZN11arkernelcpp20ARKernelParamControl12GetParamFlagEv,_ZN11arkernelcpp20ARKernelParamControl12GetParamFlagEv,True,False,False,0,0,,,,,,,F67C8E87389C207BC42D1E2A7E3F1EE883B4DE1F2450E4C75B29FCF1BBC2CE9B,DECOMPILED,UTILITY_FUNCTION,FACT,
libARKernelInterface.so,libARKernelInterface_fn_0059ca90,0x0059ca90,0x0059ca90,32,.text,_ZN11arkernelcpp20ARKernelParamControl14GetChineseTipsEv,_ZN11arkernelcpp20ARKernelParamControl14GetChineseTipsEv,True,False,False,0,0,,,,,,,B3B2D9B9F1BD2B43B204DF29406E3ADC71FC452075D03A82B1515A252DDAADDE,DECOMPILED,UTILITY_FUNCTION,FACT,
libARKernelInterface.so,libARKernelInterface_fn_0059cab0,0x0059cab0,0x0059cab0,32,.text,_ZN11arkernelcpp20ARKernelParamControl14GetEnglishTipsEv,_ZN11arkernelcpp20ARKernelParamControl14GetEnglishTipsEv,True,False,False,0,0,,,,,,,BF2434BE6D58EF124F6351BDB4DF61D1D6F8210A7B594C985DCB5D1E8F276E37,DECOMPILED,UTILITY_FUNCTION,FACT,
libARKernelInterface.so,libARKernelInterface_fn_0059cad0,0x0059cad0,0x0059cad0,24,.text,_ZN11arkernelcpp20ARKernelParamControl8DispatchEv,_ZN11arkernelcpp20ARKernelParamControl8DispatchEv,True,False,False,0,0,,,,,,,79BB69CD21938CD4DA3652F37701A312BE56431946DA0A32C78E2E4C38A24D2B,DECOMPILED,UTILITY_FUNCTION,FACT,
libARKernelInterface.so,libARKernelInterface_fn_0059cae8,0x0059cae8,0x0059cae8,20,.text,_ZN11arkernelcpp20ARKernelParamControlC1Ev,_ZN11arkernelcpp20ARKernelParamControlC1Ev,True,False,False,0,0,,,,,,,525636F64B3FB36C1D2931162291F9DB465A1CA0F8F1A3D9C5455B780EEC0A22,DECOMPILED,UTILITY_FUNCTION,FACT,
libARKernelInterface.so,libARKernelInterface_fn_0059cafc,0x0059cafc,0x0059cafc,20,.text,_ZN11arkernelcpp20ARKernelParamControlD2Ev,_ZN11arkernelcpp20ARKernelParamControlD2Ev,True,False,False,0,0,,,,,,,525636F64B3FB36C1D2931162291F9DB465A1CA0F8F1A3D9C5455B780EEC0A22,DECOMPILED,UTILITY_FUNCTION,FACT,
libARKernelInterface.so,libARKernelInterface_fn_0059cb10,0x0059cb10,0x0059cb10,36,.text,_ZN11arkernelcpp20ARKernelParamControlD0Ev,_ZN11arkernelcpp20ARKernelParamControlD0Ev,True,False,False,0,1,,0x01048080,0x01048080,,,,C9C2A3A39D3CF30B9568E711BAB9C42516178BFAB8D34231A0C14730650FCE47,DECOMPILED,UTILITY_FUNCTION,FACT,
libARKernelInterface.so,libARKernelInterface_fn_0059cb34,0x0059cb34,0x0059cb34,28,.text,_ZN11arkernelcpp26ARKernelParamSliderControl11GetMinValueEv,_ZN11arkernelcpp26ARKernelParamSliderControl11GetMinValueEv,True,False,False,0,0,,,,,,,38D52C1A01BDB5412ABE2D46AE2B5ACE04C8DB8620F1ABAADFD1C039426D8663,DECOMPILED,UTILITY_FUNCTION,FACT,
libARKernelInterface.so,libARKernelInterface_fn_0059cb50,0x0059cb50,0x0059cb50,28,.text,_ZN11arkernelcpp26ARKernelParamSliderControl11GetMaxValueEv,_ZN11arkernelcpp26ARKernelParamSliderControl11GetMaxValueEv,True,False,False,0,0,,,,,,,47EF67B7946BD8868DF50E4625D483EEED86EE0CA749326FF0BFC5C073A0CC37,DECOMPILED,UTILITY_FUNCTION,FACT,
libARKernelInterface.so,libARKernelInterface_fn_0059cb6c,0x0059cb6c,0x0059cb6c,28,.text,_ZN11arkernelcpp26ARKernelParamSliderControl15GetDefaultValueEv,_ZN11arkernelcpp26ARKernelParamSliderControl15GetDefaultValueEv,True,False,False,0,0,,,,,,,A9F988414E237723A831680AE21B46935C2CE404F037D573A096CB8133EE44D2,DECOMPILED,UTILITY_FUNCTION,FACT,
libARKernelInterface.so,libARKernelInterface_fn_0059cb88,0x0059cb88,0x0059cb88,28,.text,_ZN11arkernelcpp26ARKernelParamSliderControl15GetCurrentValueEv,_ZN11arkernelcpp26ARKernelParamSliderControl15GetCurrentValueEv,True,False,False,0,0,,,,,,,1DF958CDFEAA94C78AFEEDB092AFA41EE448CD6D918E636D573F6FE613C34F04,DECOMPILED,UTILITY_FUNCTION,FACT,
libARKernelInterface.so,libARKernelInterface_fn_0059cba4,0x0059cba4,0x0059cba4,220,.text,_ZN11arkernelcpp26ARKernelParamSliderControl12GetSliderKeyEv,_ZN11arkernelcpp26ARKernelParamSliderControl12GetSliderKeyEv,True,False,False,0,3,,0x01046ab0;0x01046900;0x01046ac0,0x01046ab0;0x01046900;0x01046ac0,,,,1D21E044EAE5AA4C8F989CA8EF4C0CD08486D23D58F2D6A439DD7BDCFAC47761,DECOMPILED,UTILITY_FUNCTION,FACT,
libARKernelInterface.so,libARKernelInterface_fn_0059cc80,0x0059cc80,0x0059cc80,24,.text,_ZN11arkernelcpp26ARKernelParamSliderControl9GetEnableEv,_ZN11arkernelcpp26ARKernelParamSliderControl9GetEnableEv,True,False,False,0,0,,,,,,,D742BEC77FC3C5C78645DE903DF36A3502A214A4A33C2478385F470137998E50,DECOMPILED,UTILITY_FUNCTION,FACT,
libARKernelInterface.so,libARKernelInterface_fn_0059cc98,0x0059cc98,0x0059cc98,24,.text,_ZN11arkernelcpp26ARKernelParamSliderControl15SetCurrentValueEf,_ZN11arkernelcpp26ARKernelParamSliderControl15SetCurrentValueEf,True,False,False,0,0,,,,,,,DF2B74716CD95DC0D5457AAE70C9015CA5B9ABB081E63A8931A4C8A328E336E4,DECOMPILED,UTILITY_FUNCTION,FACT,
libARKernelInterface.so,libARKernelInterface_fn_0059ccb0,0x0059ccb0,0x0059ccb0,28,.text,_ZN11arkernelcpp26ARKernelParamSliderControl9SetEnableEb,_ZN11arkernelcpp26ARKernelParamSliderControl9SetEnableEb,True,False,False,0,0,,,,,,,560338C0BC6DFC6FD3DE738297F7A254A183AECBE3F756C8691E99EC605CD7D3,DECOMPILED,UTILITY_FUNCTION,FACT,
libARKernelInterface.so,libARKernelInterface_fn_0059cccc,0x0059cccc,0x0059cccc,220,.text,_ZN11arkernelcpp26ARKernelParamStringControl15GetDefaultValueEv,_ZN11arkernelcpp26ARKernelParamStringControl15GetDefaultValueEv,True,False,False,0,3,,0x01046ab0;0x01046900;0x01046ac0,0x01046ab0;0x01046900;0x01046ac0,,,,4E9E9E9CE6CB20FA252C5294453BF2559AE549F7B41C9CFD0F1D13640D93E7B8,DECOMPILED,UTILITY_FUNCTION,FACT,
libARKernelInterface.so,libARKernelInterface_fn_0059cda8,0x0059cda8,0x0059cda8,220,.text,_ZN11arkernelcpp26ARKernelParamStringControl15GetCurrentValueEv,_ZN11arkernelcpp26ARKernelParamStringControl15GetCurrentValueEv,True,False,False,0,3,,0x01046ab0;0x01046900;0x01046ac0,0x01046ab0;0x01046900;0x01046ac0,,,,F8F351D8029234859FA6D76CF736AE67434A8BCB1ED8156454BB71C1C7371A48,DECOMPILED,UTILITY_FUNCTION,FACT,
libARKernelInterface.so,libARKernelInterface_fn_0059ce84,0x0059ce84,0x0059ce84,220,.text,_ZN11arkernelcpp26ARKernelParamStringControl12GetStringKeyEv,_ZN11arkernelcpp26ARKernelParamStringControl12GetStringKeyEv,True,False,False,0,3,,0x01046ab0;0x01046900;0x01046ac0,0x01046ab0;0x01046900;0x01046ac0,,,,E3C5596F5352932A8AE58D296D45FFF3C5AB2D84F4B79074F36E869868B5723E,DECOMPILED,UTILITY_FUNCTION,FACT,
libARKernelInterface.so,libARKernelInterface_fn_0059cf60,0x0059cf60,0x0059cf60,24,.text,_ZN11arkernelcpp26ARKernelParamStringControl15SetCurrentValueERNSt6__ndk112basic_stringIcNS1_11char_traitsIcEENS1_9allocatorIcEEEE,_ZN11arkernelcpp26ARKernelParamStringControl15SetCurrentValueERNSt6__ndk112basic_stringIcNS1_11char_traitsIcEENS1_9allocatorIcEEEE,True,False,False,0,0,,,,,,,E62A703F89305268D795358742ED1FCE7C8CCB46C78811E7A4BE5DEF12615247,DECOMPILED,UTILITY_FUNCTION,FACT,
libARKernelInterface.so,libARKernelInterface_fn_0059cf78,0x0059cf78,0x0059cf78,72,.text,_ZN11arkernelcpp28ARKernelPartControlInterface7PrepareEv,_ZN11arkernelcpp28ARKernelPartControlInterface7PrepareEv,True,False,False,0,1,,0x010480a0,0x010480a0,,,,13C21873385595CB2A2FE8A92112A3D4C6A2E4526E02CF1622B9CB1B75BA03AF,DECOMPILED,FACIAL_SEGMENTATION_MATTE,FACT,
libARKernelInterface.so,libARKernelInterface_fn_0059cfc0,0x0059cfc0,0x0059cfc0,580,.text,_ZN11arkernelcpp28ARKernelPartControlInterface18UpdateParamControlEv,_ZN11arkernelcpp28ARKernelPartControlInterface18UpdateParamControlEv,True,False,False,0,10,,0x008e0aa8;0x010469f0;0x01048060;0x01048060;0x01048090,0x010469f0;0x01048060;0x01048060;0x01048090;0x01048060,,,,B94B89652E28C159DC94D7252D9A9D9FBF56720A7E5156DFD8F8544EA70532C1,DECOMPILED,FACIAL_SEGMENTATION_MATTE,FACT,
libARKernelInterface.so,libARKernelInterface_fn_0059d204,0x0059d204,0x0059d204,108,.text,_ZN11arkernelcpp28ARKernelPartControlInterface7ReleaseEv,_ZN11arkernelcpp28ARKernelPartControlInterface7ReleaseEv,True,False,False,0,0,,,,,,,04E2960A61A87E3FD2B719BCB2D2D14BE1BE1A8642BA53F0B2DE75E15D19B7D2,DECOMPILED,FACIAL_SEGMENTATION_MATTE,FACT,
libARKernelInterface.so,libARKernelInterface_fn_0059d270,0x0059d270,0x0059d270,16,.text,_ZN11arkernelcpp28ARKernelPartControlInterface11GetPartTypeEv,_ZN11arkernelcpp28ARKernelPartControlInterface11GetPartTypeEv,True,False,False,0,0,,,,,,,712558B93169FA45E534F63E1C13F1507F84D76235F1920D0206BE29F125EB49,DECOMPILED,FACIAL_SEGMENTATION_MATTE,FACT,
libARKernelInterface.so,libARKernelInterface_fn_0059d280,0x0059d280,0x0059d280,24,.text,_ZN11arkernelcpp28ARKernelPartControlInterface19GetPartTypeToStringEv,_ZN11arkernelcpp28ARKernelPartControlInterface19GetPartTypeToStringEv,True,False,False,0,0,,,,,,,F430E80DE2177707F042610402F18C1F530B8DBBB31AC9BB817E2E585356E75A,DECOMPILED,FACIAL_SEGMENTATION_MATTE,FACT,
libARKernelInterface.so,libARKernelInterface_fn_0059d298,0x0059d298,0x0059d298,20,.text,_ZN11arkernelcpp28ARKernelPartControlInterface9GetPartIDEv,_ZN11arkernelcpp28ARKernelPartControlInterface9GetPartIDEv,True,False,False,0,0,,,,,,,D7A1E5DC42C4D79C0863DEA471EBFD6658D71D338782050A14D4744121E1152C,DECOMPILED,FACIAL_SEGMENTATION_MATTE,FACT,
libARKernelInterface.so,libARKernelInterface_fn_0059d2ac,0x0059d2ac,0x0059d2ac,16,.text,_ZN11arkernelcpp28ARKernelPartControlInterface12GetPartLayerEv,_ZN11arkernelcpp28ARKernelPartControlInterface12GetPartLayerEv,True,False,False,0,0,,,,,,,0BE36478D5693FA9B970F695BFFE436404589CAEDD0E4D81F69E460A64B0B8FE,DECOMPILED,FACIAL_SEGMENTATION_MATTE,FACT,
libARKernelInterface.so,libARKernelInterface_fn_0059d2bc,0x0059d2bc,0x0059d2bc,16,.text,_ZN11arkernelcpp28ARKernelPartControlInterface19GetPartControlLayerEv,_ZN11arkernelcpp28ARKernelPartControlInterface19GetPartControlLayerEv,True,False,False,0,0,,,,,,,E0707C76279B5E3CACD5D42B2204AE0C0834E2BFCD74763B527985185424654D,DECOMPILED,FACIAL_SEGMENTATION_MATTE,FACT,
libARKernelInterface.so,libARKernelInterface_fn_0059d2cc,0x0059d2cc,0x0059d2cc,16,.text,_ZN11arkernelcpp28ARKernelPartControlInterface19SetPartControlLayerEi,_ZN11arkernelcpp28ARKernelPartControlInterface19SetPartControlLayerEi,True,False,False,0,0,,,,,,,59D6A1323EB46768F8FC625C84406C14046A2321428784178EFCEAA97418AA0F,DECOMPILED,FACIAL_SEGMENTATION_MATTE,FACT,
libARKernelInterface.so,libARKernelInterface_fn_0059d2dc,0x0059d2dc,0x0059d2dc,16,.text,_ZN11arkernelcpp28ARKernelPartControlInterface21GetPartControlVisibleEv,_ZN11arkernelcpp28ARKernelPartControlInterface21GetPartControlVisibleEv,True,False,False,0,0,,,,,,,EDC93E38479FBD2AAA38F9E7BA7349F02C88ADE09105E40E9B967B6FBEBB1975,DECOMPILED,FACIAL_SEGMENTATION_MATTE,FACT,
libARKernelInterface.so,libARKernelInterface_fn_0059d2ec,0x0059d2ec,0x0059d2ec,20,.text,_ZN11arkernelcpp28ARKernelPartControlInterface21SetPartControlVisibleEb,_ZN11arkernelcpp28ARKernelPartControlInterface21SetPartControlVisibleEb,True,False,False,0,0,,,,,,,74CBB1E28E166CEE68D24CFF106D0BD52AE61D770790E3009B9A18F03D17339A,DECOMPILED,FACIAL_SEGMENTATION_MATTE,FACT,
libARKernelInterface.so,libARKernelInterface_fn_0059d300,0x0059d300,0x0059d300,16,.text,_ZN11arkernelcpp28ARKernelPartControlInterface21PartControlResetStateEv,_ZN11arkernelcpp28ARKernelPartControlInterface21PartControlResetStateEv,True,False,False,0,0,,,,,,,21BF513311C9251B8AB70ED73CD3E6B9C7C56C02BCC0FD36A90DE992A703DB23,DECOMPILED,FACIAL_SEGMENTATION_MATTE,FACT,
libARKernelInterface.so,libARKernelInterface_fn_0059d310,0x0059d310,0x0059d310,16,.text,_ZN11arkernelcpp28ARKernelPartControlInterface10ResetStateEv,_ZN11arkernelcpp28ARKernelPartControlInterface10ResetStateEv,True,False,False,0,0,,,,,,,F8AD5BFA42A64C9AEE0BCEAD18B4A2C6C81C47974E07956729D5AD7E4BC15014,DECOMPILED,FACIAL_SEGMENTATION_MATTE,FACT,
libARKernelInterface.so,libARKernelInterface_fn_0059d320,0x0059d320,0x0059d320,8,.text,_ZN11arkernelcpp28ARKernelPartControlInterface15GetParamControlEv,_ZN11arkernelcpp28ARKernelPartControlInterface15GetParamControlEv,True,False,False,0,0,,,,,,,D60C548E22F29B67A32D78DA1CA68084585D4BEA1D736E16B6CE6A98526BE6C7,DECOMPILED,FACIAL_SEGMENTATION_MATTE,FACT,
libARKernelInterface.so,libARKernelInterface_fn_0059d328,0x0059d328,0x0059d328,16,.text,_ZN11arkernelcpp28ARKernelPartControlInterface7IsApplyEv,_ZN11arkernelcpp28ARKernelPartControlInterface7IsApplyEv,True,False,False,0,0,,,,,,,D0B502898806F40C377F0D10B5610D36D9F22BC5596E429D9495FE1931CCBE22,DECOMPILED,FACIAL_SEGMENTATION_MATTE,FACT,
libARKernelInterface.so,libARKernelInterface_fn_0059d338,0x0059d338,0x0059d338,20,.text,_ZN11arkernelcpp28ARKernelPartControlInterface8SetApplyEb,_ZN11arkernelcpp28ARKernelPartControlInterface8SetApplyEb,True,False,False,0,0,,,,,,,C3B00E27DBE522679C33BD07F1872BC7F0233F6ED28126EC2BB9134837C100D5,DECOMPILED,FACIAL_SEGMENTATION_MATTE,FACT,
libARKernelInterface.so,libARKernelInterface_fn_0059d34c,0x0059d34c,0x0059d34c,24,.text,_ZN11arkernelcpp28ARKernelPartControlInterface13GetCustomNameEv,_ZN11arkernelcpp28ARKernelPartControlInterface13GetCustomNameEv,True,False,False,0,0,,,,,,,92FEA5466CE3E84FB417499228B2A31AFDEBAA63A2B54100319C137977119513,DECOMPILED,FACIAL_SEGMENTATION_MATTE,FACT,
libARKernelInterface.so,libARKernelInterface_fn_0059d364,0x0059d364,0x0059d364,20,.text,_ZN11arkernelcpp28ARKernelPartControlInterface13GetGenderTypeEv,_ZN11arkernelcpp28ARKernelPartControlInterface13GetGenderTypeEv,True,False,False,0,0,,,,,,,CC441BA5F30A99F9510A044FB0FEF19B67E42FF131BCF1CEABE8F4BB124C613A,DECOMPILED,FACIAL_SEGMENTATION_MATTE,FACT,
libARKernelInterface.so,libARKernelInterface_fn_0059d378,0x0059d378,0x0059d378,16,.text,_ZN11arkernelcpp28ARKernelPartControlInterface13SetGenderTypeENS_8FaceData14FaceGenderTypeE,_ZN11arkernelcpp28ARKernelPartControlInterface13SetGenderTypeENS_8FaceData14FaceGenderTypeE,True,False,False,0,0,,,,,,,D0B502898806F40C377F0D10B5610D36D9F22BC5596E429D9495FE1931CCBE22,DECOMPILED,FACIAL_SEGMENTATION_MATTE,FACT,
libARKernelInterface.so,libARKernelInterface_fn_0059d388,0x0059d388,0x0059d388,24,.text,_ZN11arkernelcpp28ARKernelPartControlInterface10GetFaceIDsEv,_ZN11arkernelcpp28ARKernelPartControlInterface10GetFaceIDsEv,True,False,False,0,0,,,,,,,18BFA9B21BA82AD32C48D10226557740FDF4F6FDBB137BBE1E257925B5EE5FB4,DECOMPILED,FACIAL_SEGMENTATION_MATTE,FACT,
libARKernelInterface.so,libARKernelInterface_fn_0059d3a0,0x0059d3a0,0x0059d3a0,16,.text,_ZN11arkernelcpp28ARKernelPartControlInterface10SetFaceIDsERKNSt6__ndk16vectorIiNS1_9allocatorIiEEEE,_ZN11arkernelcpp28ARKernelPartControlInterface10SetFaceIDsERKNSt6__ndk16vectorIiNS1_9allocatorIiEEEE,True,False,False,0,0,,,,,,,F7AA31A5C61BEB31EA23B07984B4FED3FF7A748FA66D9EDBCFB0BDFE40D8B3AF,DECOMPILED,FACIAL_SEGMENTATION_MATTE,FACT,
libARKernelInterface.so,libARKernelInterface_fn_0059d3b0,0x0059d3b0,0x0059d3b0,16,.text,_ZN11arkernelcpp28ARKernelPartControlInterface17ResetFaceIDsAlphaEv,_ZN11arkernelcpp28ARKernelPartControlInterface17ResetFaceIDsAlphaEv,True,False,False,0,0,,,,,,,D673B75C55E625A3802610AD574F229DB5B0550C56A1412789CAA039F014C910,DECOMPILED,FACIAL_SEGMENTATION_MATTE,FACT,
libARKernelInterface.so,libARKernelInterface_fn_0059d3c0,0x0059d3c0,0x0059d3c0,16,.text,_ZN11arkernelcpp28ARKernelPartControlInterface14SetFaceIDAlphaEif,_ZN11arkernelcpp28ARKernelPartControlInterface14SetFaceIDAlphaEif,True,False,False,0,0,,,,,,,D673B75C55E625A3802610AD574F229DB5B0550C56A1412789CAA039F014C910,DECOMPILED,FACIAL_SEGMENTATION_MATTE,FACT,
libARKernelInterface.so,libARKernelInterface_fn_0059d3d0,0x0059d3d0,0x0059d3d0,20,.text,_ZN11arkernelcpp28ARKernelPartControlInterface14GetFaceIDAlphaEi,_ZN11arkernelcpp28ARKernelPartControlInterface14GetFaceIDAlphaEi,True,False,False,0,0,,,,,,,75AD03FEE38BC164A2D21BEE50DB71851B13D63DA066706BB603588991F76FF3,DECOMPILED,FACIAL_SEGMENTATION_MATTE,FACT,
libARKernelInterface.so,libARKernelInterface_fn_0059d3e4,0x0059d3e4,0x0059d3e4,24,.text,_ZN11arkernelcpp28ARKernelPartControlInterface14SetFaceIDAlphaEiNS_9ParamFlagEf,_ZN11arkernelcpp28ARKernelPartControlInterface14SetFaceIDAlphaEiNS_9ParamFlagEf,True,False,False,0,0,,,,,,,24AECA4EC1E683ECBC53F9D84544DE64E05BA4D478E390ADE2A7E0C10671FDFC,DECOMPILED,FACIAL_SEGMENTATION_MATTE,FACT,
libARKernelInterface.so,libARKernelInterface_fn_0059d3fc,0x0059d3fc,0x0059d3fc,28,.text,_ZN11arkernelcpp28ARKernelPartControlInterface14GetFaceIDAlphaEiNS_9ParamFlagE,_ZN11arkernelcpp28ARKernelPartControlInterface14GetFaceIDAlphaEiNS_9ParamFlagE,True,False,False,0,0,,,,,,,5EE58AC30932E3B8D4EF5332A8576236F1258D14C5517AFF94DB3B94A620568E,DECOMPILED,FACIAL_SEGMENTATION_MATTE,FACT,
libARKernelInterface.so,libARKernelInterface_fn_0059d418,0x0059d418,0x0059d418,24,.text,_ZN11arkernelcpp28ARKernelPartControlInterface16ClearFaceIDAlphaEv,_ZN11arkernelcpp28ARKernelPartControlInterface16ClearFaceIDAlphaEv,True,False,False,0,0,,,,,,,5DC4F643C47C957E5282488FA01FEF302632041878AD0FE56F63B97BE29DC724,DECOMPILED,FACIAL_SEGMENTATION_MATTE,FACT,
libARKernelInterface.so,libARKernelInterface_fn_0059d430,0x0059d430,0x0059d430,128,.text,_ZN11arkernelcpp28ARKernelPartControlInterface17GetCustomParamMapEv,_ZN11arkernelcpp28ARKernelPartControlInterface17GetCustomParamMapEv,True,False,False,0,3,,0x01046ab0;0x01046900;0x01046ac0,0x01046ab0;0x01046900;0x01046ac0,,,,99E6ACE0315BEA4D5935E38EC2B591B392833FDFC5E754FC70B4D3C7871A2360,DECOMPILED,FACIAL_SEGMENTATION_MATTE,FACT,
libARKernelInterface.so,libARKernelInterface_fn_0059d4b0,0x0059d4b0,0x0059d4b0,216,.text,_ZN11arkernelcpp28ARKernelPartControlInterface20InsertCustomParamMapENSt6__ndk112basic_stringIcNS1_11char_traitsIcEENS1_9allocatorIcEEEES7_,_ZN11arkernelcpp28ARKernelPartControlInterface20InsertCustomParamMapENSt6__ndk112basic_stringIcNS1_11char_traitsIcEENS1_9allocatorIcEEEES7_,True,False,False,0,6,,0x00570f58;0x00570f58;0x008e0c94;0x01046a20;0x01046a20,0x01046a20;0x01046a20;0x01046950,,,,526CF80F99CDF6D86CCFF4DA58C0A6069C5272B1BDFB8E27493B6C80CA2148F4,DECOMPILED,FACIAL_SEGMENTATION_MATTE,FACT,
libARKernelInterface.so,libARKernelInterface_fn_0059d588,0x0059d588,0x0059d588,16,.text,_ZN11arkernelcpp28ARKernelPartControlInterface24GetIsNeedDataRequireTypeENS_15DataRequireTypeE,_ZN11arkernelcpp28ARKernelPartControlInterface24GetIsNeedDataRequireTypeENS_15DataRequireTypeE,True,False,False,0,0,,,,,,,D9C2C7A8E92A76281DC71C927EBF17BAC346F544EB36DBF0CE25975D0925CB72,DECOMPILED,FACIAL_SEGMENTATION_MATTE,FACT,
libARKernelInterface.so,libARKernelInterface_fn_0059d598,0x0059d598,0x0059d598,20,.text,_ZN11arkernelcpp28ARKernelPartControlInterface17GetParamTableTypeEv,_ZN11arkernelcpp28ARKernelPartControlInterface17GetParamTableTypeEv,True,False,False,0,0,,,,,,,35D918A054B7331AF738B2DB2441C64FD0470E236E2A42A5E68E493D4122445B,DECOMPILED,FACIAL_SEGMENTATION_MATTE,FACT,
libARKernelInterface.so,libARKernelInterface_fn_0059d5ac,0x0059d5ac,0x0059d5ac,8,.text,_ZN11arkernelcpp28ARKernelPartControlInterface17GetParamTableDictEv,_ZN11arkernelcpp28ARKernelPartControlInterface17GetParamTableDictEv,True,False,False,0,0,,,,,,,C0B9896D6C3D8AACF384C0D0CF5D897E84F621EFE31CC89C980BE348EB9C6614,DECOMPILED,FACIAL_SEGMENTATION_MATTE,FACT,
libARKernelInterface.so,libARKernelInterface_fn_0059d5b4,0x0059d5b4,0x0059d5b4,16,.text,_ZN11arkernelcpp28ARKernelPartControlInterface10GetPartTagEv,_ZN11arkernelcpp28ARKernelPartControlInterface10GetPartTagEv,True,False,False,0,0,,,,,,,6CC7662FAC13E4B7934D768A4BD695E4600246543DDAB906AD8F42DC6D59FD0E,DECOMPILED,FACIAL_SEGMENTATION_MATTE,FACT,
libARKernelInterface.so,libARKernelInterface_fn_0059d5c4,0x0059d5c4,0x0059d5c4,120,.text,_ZN11arkernelcpp28ARKernelPartControlInterface11SetInstanceEPv,_ZN11arkernelcpp28ARKernelPartControlInterface11SetInstanceEPv,True,False,False,0,6,,0x010480a0;0x010480c0;0x01046a20;0x010469f0;0x010480d0,0x010480a0;0x010480c0;0x01046a20;0x010469f0;0x010480d0,,,,85C1310B0DCCFD26A2293EDDB011E48407E0460F7947CB37308C47A541361404,DECOMPILED,FACIAL_SEGMENTATION_MATTE,FACT,
libARKernelInterface.so,libARKernelInterface_fn_0059d63c,0x0059d63c,0x0059d63c,8,.text,_ZN11arkernelcpp28ARKernelPartControlInterface11GetInstanceEv,_ZN11arkernelcpp28ARKernelPartControlInterface11GetInstanceEv,True,False,False,0,0,,,,,,,19647F57F48E23C8730ECFC85BDCE80BF67CE4EAE56E82F97661432FA2018025,DECOMPILED,FACIAL_SEGMENTATION_MATTE,FACT,
libARKernelInterface.so,libARKernelInterface_fn_0059d644,0x0059d644,0x0059d644,36,.text,_ZN11arkernelcpp28ARKernelPartControlInterfaceC1Ev,_ZN11arkernelcpp28ARKernelPartControlInterfaceC1Ev,True,False,False,0,0,,,,,,,1CAE405723983B752BFBDC5B7E5D0986AA69C128B994C6FE5E0154E7DA96C3BA,DECOMPILED,FACIAL_SEGMENTATION_MATTE,FACT,
libARKernelInterface.so,libARKernelInterface_fn_0059d668,0x0059d668,0x0059d668,164,.text,_ZN11arkernelcpp28ARKernelPartControlInterfaceD1Ev,_ZN11arkernelcpp28ARKernelPartControlInterfaceD1Ev,True,False,False,0,2,,0x010480c0;0x01046a20,0x010480c0;0x01046a20,,,,C35E9B6EB1A28C5F69AED29A54AEB7C6E521CCC6B994AF5783E90F63A1586356,DECOMPILED,FACIAL_SEGMENTATION_MATTE,FACT,
libARKernelInterface.so,libARKernelInterface_fn_0059d70c,0x0059d70c,0x0059d70c,36,.text,_ZN11arkernelcpp28ARKernelPartControlInterfaceD0Ev,_ZN11arkernelcpp28ARKernelPartControlInterfaceD0Ev,True,False,False,0,1,,0x010480f0,0x010480f0,,,,E5A130B847F1C3A6D2988DE77D3FE4830C20E55DBF68DB00ECEC9454D34954A3,DECOMPILED,FACIAL_SEGMENTATION_MATTE,FACT,
libARKernelInterface.so,libARKernelInterface_fn_0059d730,0x0059d730,0x0059d730,68,.text,_ZN11arkernelcpp28ARKernelPartControlInterface25GetLiquifyInterfaceHandleEv,_ZN11arkernelcpp28ARKernelPartControlInterface25GetLiquifyInterfaceHandleEv,True,False,False,0,1,,0x008e0920,,,,,E094E1460987031CA092C32F331661B3E7F38F1B7720815F9815FE7CA17BA608,DECOMPILED,FACIAL_SEGMENTATION_MATTE,FACT,
libARKernelInterface.so,libARKernelInterface_fn_0059d774,0x0059d774,0x0059d774,16,.text,_ZN11arkernelcpp28ARKernelPartControlInterface26SupportsEyePartEffectAlphaEv,_ZN11arkernelcpp28ARKernelPartControlInterface26SupportsEyePartEffectAlphaEv,True,False,False,0,0,,,,,,,895766314ECAC01E91E7DF26CAC355CF30A41EC9D7046F95729914E16578F498,DECOMPILED,FACIAL_SEGMENTATION_MATTE,FACT,
libARKernelInterface.so,libARKernelInterface_fn_0059d784,0x0059d784,0x0059d784,16,.text,_ZN11arkernelcpp28ARKernelPartControlInterface19GetEyePartAlphaSideEv,_ZN11arkernelcpp28ARKernelPartControlInterface19GetEyePartAlphaSideEv,True,False,False,0,0,,,,,,,C90492748767DBB013C75AA3933AC390846904576E8D5663F13ADF48A1B9EE29,DECOMPILED,FACIAL_SEGMENTATION_MATTE,FACT,
libARKernelInterface.so,libARKernelInterface_fn_0059d794,0x0059d794,0x0059d794,16,.text,_ZN11arkernelcpp28ARKernelPartControlInterface19SetEyePartAlphaSideENS_16EyePartAlphaSideE,_ZN11arkernelcpp28ARKernelPartControlInterface19SetEyePartAlphaSideENS_16EyePartAlphaSideE,True,False,False,0,0,,,,,,,7F695281FFFC944E1B7BF257D14B65303AAB0B743246447B32013B1B3478B10C,DECOMPILED,FACIAL_SEGMENTATION_MATTE,FACT,
libARKernelInterface.so,libARKernelInterface_fn_0059d7a4,0x0059d7a4,0x0059d7a4,20,.text,_ZN11arkernelcpp28ARKernelPartControlInterface21GetEyePartEffectAlphaENS_16EyePartAlphaSideE,_ZN11arkernelcpp28ARKernelPartControlInterface21GetEyePartEffectAlphaENS_16EyePartAlphaSideE,True,False,False,0,0,,,,,,,BD25C7026DF8631A6FFB26406D53796D4C70C4562FB7252FA890C43A5B0B2FF5,DECOMPILED,FACIAL_SEGMENTATION_MATTE,FACT,
libARKernelInterface.so,libARKernelInterface_fn_0059d7b8,0x0059d7b8,0x0059d7b8,16,.text,_ZN11arkernelcpp28ARKernelPartControlInterface21SetEyePartEffectAlphaENS_16EyePartAlphaSideEf,_ZN11arkernelcpp28ARKernelPartControlInterface21SetEyePartEffectAlphaENS_16EyePartAlphaSideEf,True,False,False,0,0,,,,,,,6AE785E47CD3B5686FE0B91B59B3FB55140D0E6C7455858CF525ADD068B330F3,DECOMPILED,FACIAL_SEGMENTATION_MATTE,FACT,
libARKernelInterface.so,libARKernelInterface_fn_0059d8a0,0x0059d8a0,0x0059d8a0,16,.text,_ZN11arkernelcpp26ARKernelPlistDataInterface11GetPlistTagEv,_ZN11arkernelcpp26ARKernelPlistDataInterface11GetPlistTagEv,True,False,False,0,0,,,,,,,4D6D11687F42BF79F849A3E1F9AEBAFCF7F4D61C987D7F790D3A93FA06FB0018,DECOMPILED,FACIAL_SEGMENTATION_MATTE,FACT,
libARKernelInterface.so,libARKernelInterface_fn_0059d8b0,0x0059d8b0,0x0059d8b0,16,.text,_ZN11arkernelcpp26ARKernelPlistDataInterface17ControlResetStateEv,_ZN11arkernelcpp26ARKernelPlistDataInterface17ControlResetStateEv,True,False,False,0,0,,,,,,,532FC053884A3B5BC678747058AD424F63534BDAFB259FED1C9C16FADCA85C29,DECOMPILED,FACIAL_SEGMENTATION_MATTE,FACT,
libARKernelInterface.so,libARKernelInterface_fn_0059d8c0,0x0059d8c0,0x0059d8c0,16,.text,_ZN11arkernelcpp26ARKernelPlistDataInterface10ResetStateEv,_ZN11arkernelcpp26ARKernelPlistDataInterface10ResetStateEv,True,False,False,0,0,,,,,,,4534BB473F7903850A1B90483556001ECF2BAA044305DB191194F85813A066CB,DECOMPILED,FACIAL_SEGMENTATION_MATTE,FACT,
libARKernelInterface.so,libARKernelInterface_fn_0059d8d0,0x0059d8d0,0x0059d8d0,8,.text,_ZN11arkernelcpp26ARKernelPlistDataInterface14GetPartControlEv,_ZN11arkernelcpp26ARKernelPlistDataInterface14GetPartControlEv,True,False,False,0,0,,,,,,,16E21E8466298640B30A77C6D532A726AFC0CF074BB54D17BFAED901B400F570,DECOMPILED,FACIAL_SEGMENTATION_MATTE,FACT,
libARKernelInterface.so,libARKernelInterface_fn_0059d8d8,0x0059d8d8,0x0059d8d8,64,.text,_ZN11arkernelcpp26ARKernelPlistDataInterface7PrepareEv,_ZN11arkernelcpp26ARKernelPlistDataInterface7PrepareEv,True,False,False,0,2,,0x0090a864;0x01048100,0x01048100,,,,7FBFC1C45603C83D654D87C59982435F1EDB31CD9DF1C7E8BA1256F5A61F85C3,DECOMPILED,FACIAL_SEGMENTATION_MATTE,FACT,
libARKernelInterface.so,libARKernelInterface_fn_0059d918,0x0059d918,0x0059d918,840,.text,_ZN11arkernelcpp26ARKernelPlistDataInterface17UpdatePartControlEv,_ZN11arkernelcpp26ARKernelPlistDataInterface17UpdatePartControlEv,True,False,False,0,16,,0x0090a85c;0x008e0920;0x010469f0;0x01047c60;0x01047c60,0x010469f0;0x01047c60;0x01047c60;0x01047c60;0x01047c60,,,,8830064F3C594C1C72BEEECF5916AC558FFCE0A067667BF84BE5F2CEE1669A1E,DECOMPILED,FACIAL_SEGMENTATION_MATTE,FACT,
libARKernelInterface.so,libARKernelInterface_fn_0059dc60,0x0059dc60,0x0059dc60,64,.text,_ZN11arkernelcpp26ARKernelPlistDataInterface15PrepareNoOpenGLEv,_ZN11arkernelcpp26ARKernelPlistDataInterface15PrepareNoOpenGLEv,True,False,False,0,2,,0x0090aa08;0x01048100,0x01048100,,,,37F96671D9275AEE904576C303120115AEEB180CDEF028936FC4040A27C90AC8,DECOMPILED,FACIAL_SEGMENTATION_MATTE,FACT,
libARKernelInterface.so,libARKernelInterface_fn_0059dca0,0x0059dca0,0x0059dca0,16,.text,_ZN11arkernelcpp26ARKernelPlistDataInterface7ReleaseEv,_ZN11arkernelcpp26ARKernelPlistDataInterface7ReleaseEv,True,False,False,0,0,,,,,,,F998442DF774068699FBD2E5E2954BBD72A78245DCD722CE66C57149D93BB5BB,DECOMPILED,FACIAL_SEGMENTATION_MATTE,FACT,
libARKernelInterface.so,libARKernelInterface_fn_0059dcb0,0x0059dcb0,0x0059dcb0,16,.text,_ZN11arkernelcpp26ARKernelPlistDataInterface9IsPrepareEv,_ZN11arkernelcpp26ARKernelPlistDataInterface9IsPrepareEv,True,False,False,0,0,,,,,,,3106C080F220445F40DD6B90A9ADE9D8BDCDE642FCA0D67A3A4A981728E20B2E,DECOMPILED,FACIAL_SEGMENTATION_MATTE,FACT,
libARKernelInterface.so,libARKernelInterface_fn_0059dcc0,0x0059dcc0,0x0059dcc0,16,.text,_ZN11arkernelcpp26ARKernelPlistDataInterface7IsApplyEv,_ZN11arkernelcpp26ARKernelPlistDataInterface7IsApplyEv,True,False,False,0,0,,,,,,,0A7A6D69F5F14ACBA11C7416AB52DBD87750A2D095FA3B18B4F9554C005EF92A,DECOMPILED,FACIAL_SEGMENTATION_MATTE,FACT,
libARKernelInterface.so,libARKernelInterface_fn_0059dcd0,0x0059dcd0,0x0059dcd0,20,.text,_ZN11arkernelcpp26ARKernelPlistDataInterface8SetApplyEb,_ZN11arkernelcpp26ARKernelPlistDataInterface8SetApplyEb,True,False,False,0,0,,,,,,,1C64C7B5C23849A1EA841B8228410E884488BB9D3426BA06461F6C95F92D5A37,DECOMPILED,FACIAL_SEGMENTATION_MATTE,FACT,
libARKernelInterface.so,libARKernelInterface_fn_0059dce4,0x0059dce4,0x0059dce4,16,.text,_ZN11arkernelcpp26ARKernelPlistDataInterface6HasBGMEv,_ZN11arkernelcpp26ARKernelPlistDataInterface6HasBGMEv,True,False,False,0,0,,,,,,,E250A9477267ADD599239637FD8D641B36134FD9222FD95AA66A407B144B8C05,DECOMPILED,FACIAL_SEGMENTATION_MATTE,FACT,
libARKernelInterface.so,libARKernelInterface_fn_0059dcf4,0x0059dcf4,0x0059dcf4,16,.text,_ZN11arkernelcpp26ARKernelPlistDataInterface7PlayBGMEv,_ZN11arkernelcpp26ARKernelPlistDataInterface7PlayBGMEv,True,False,False,0,0,,,,,,,F554CC30337B8C096EF7D909A5BE422576A1FDE0E6F119320C643D98C719833D,DECOMPILED,FACIAL_SEGMENTATION_MATTE,FACT,
libARKernelInterface.so,libARKernelInterface_fn_0059dd04,0x0059dd04,0x0059dd04,16,.text,_ZN11arkernelcpp26ARKernelPlistDataInterface8PauseBGMEv,_ZN11arkernelcpp26ARKernelPlistDataInterface8PauseBGMEv,True,False,False,0,0,,,,,,,ABEB4A3B7643F38564BC8F6305D583CB8AD41EF0DED75512B1BC2D3D8D1A9B0A,DECOMPILED,FACIAL_SEGMENTATION_MATTE,FACT,
libARKernelInterface.so,libARKernelInterface_fn_0059dd14,0x0059dd14,0x0059dd14,16,.text,_ZN11arkernelcpp26ARKernelPlistDataInterface9ReplayBGMEv,_ZN11arkernelcpp26ARKernelPlistDataInterface9ReplayBGMEv,True,False,False,0,0,,,,,,,F3C6B750BC5DAF04389B718786B3F7B0A76E2131F08E9BF7B8B5AB5F358689B5,DECOMPILED,FACIAL_SEGMENTATION_MATTE,FACT,
libARKernelInterface.so,libARKernelInterface_fn_0059dd24,0x0059dd24,0x0059dd24,16,.text,_ZN11arkernelcpp26ARKernelPlistDataInterface7StopBGMEv,_ZN11arkernelcpp26ARKernelPlistDataInterface7StopBGMEv,True,False,False,0,0,,,,,,,7EFDCC0AFBC4DFA2FE8ADE36EF7719E46214A358C43A0BBE6B6C069A2ACD7F88,DECOMPILED,FACIAL_SEGMENTATION_MATTE,FACT,
libARKernelInterface.so,libARKernelInterface_fn_0059dd34,0x0059dd34,0x0059dd34,16,.text,_ZN11arkernelcpp26ARKernelPlistDataInterface7SeekBGMEf,_ZN11arkernelcpp26ARKernelPlistDataInterface7SeekBGMEf,True,False,False,0,0,,,,,,,FC5DF2B5E3D75F6B33D2BCFD5AAEA67482A041D12EA5CAF5A3AF93B126268AEF,DECOMPILED,FACIAL_SEGMENTATION_MATTE,FACT,
libARKernelInterface.so,libARKernelInterface_fn_0059dd44,0x0059dd44,0x0059dd44,20,.text,_ZN11arkernelcpp26ARKernelPlistDataInterface14GetBGMPositionEv,_ZN11arkernelcpp26ARKernelPlistDataInterface14GetBGMPositionEv,True,False,False,0,0,,,,,,,7DFD4EAE8FEF8C80681ACCF3D35F6F4DC17762BF557486EF1E814B43DB79C800,DECOMPILED,FACIAL_SEGMENTATION_MATTE,FACT,
libARKernelInterface.so,libARKernelInterface_fn_0059dd58,0x0059dd58,0x0059dd58,144,.text,_ZN11arkernelcpp26ARKernelPlistDataInterface10SetBGMPathERKNSt6__ndk112basic_stringIcNS1_11char_traitsIcEENS1_9allocatorIcEEEE,_ZN11arkernelcpp26ARKernelPlistDataInterface10SetBGMPathERKNSt6__ndk112basic_stringIcNS1_11char_traitsIcEENS1_9allocatorIcEEEE,True,False,False,0,4,,0x00570f58;0x0090aecc;0x01046a20;0x01046950,0x01046a20;0x01046950,,,,92BD2FC433E18133AF89F5659E39847E56CF6F1D23B8F2E2BDF1780E709CC945,DECOMPILED,FACIAL_SEGMENTATION_MATTE,FACT,
libARKernelInterface.so,libARKernelInterface_fn_0059dde8,0x0059dde8,0x0059dde8,44,.text,_ZN11arkernelcpp26ARKernelPlistDataInterface10GetBGMPathEv,_ZN11arkernelcpp26ARKernelPlistDataInterface10GetBGMPathEv,True,False,False,0,1,,0x0090b050,,,,,5DF5353BE3821A0519EAAD1D5D9459D4A17958E09E4C25EEB620E1A3582C2458,DECOMPILED,FACIAL_SEGMENTATION_MATTE,FACT,
libARKernelInterface.so,libARKernelInterface_fn_0059de14,0x0059de14,0x0059de14,148,.text,_ZN11arkernelcpp26ARKernelPlistDataInterface15GetAiConfigListEv,_ZN11arkernelcpp26ARKernelPlistDataInterface15GetAiConfigListEv,True,False,False,0,4,,0x0090b060;0x0059e43c;0x0059e3a4;0x01046950,0x01046950,,,,D02B51BA5AAF331A0B7F2932F714BEFBD02000F51370DD3455FE7B7AF06294A1,DECOMPILED,FACIAL_SEGMENTATION_MATTE,FACT,
libARKernelInterface.so,libARKernelInterface_fn_0059dea8,0x0059dea8,0x0059dea8,44,.text,_ZN11arkernelcpp26ARKernelPlistDataInterface16GetConfigBGMPathEv,_ZN11arkernelcpp26ARKernelPlistDataInterface16GetConfigBGMPathEv,True,False,False,0,1,,0x0090b058,,,,,B66B49AC17D66A77BB79FB9369201F6704A86A7BF70DAC6F120F68BC3EB6106E,DECOMPILED,FACIAL_SEGMENTATION_MATTE,FACT,
libARKernelInterface.so,libARKernelInterface_fn_0059ded4,0x0059ded4,0x0059ded4,16,.text,_ZN11arkernelcpp26ARKernelPlistDataInterface8SetLayerEi,_ZN11arkernelcpp26ARKernelPlistDataInterface8SetLayerEi,True,False,False,0,0,,,,,,,DFB68EE8D43C1D7609E39ECC7767FFED854836F4154BDE7E959DB8823F1EE9D3,DECOMPILED,FACIAL_SEGMENTATION_MATTE,FACT,
libARKernelInterface.so,libARKernelInterface_fn_0059dee4,0x0059dee4,0x0059dee4,16,.text,_ZN11arkernelcpp26ARKernelPlistDataInterface8GetLayerEv,_ZN11arkernelcpp26ARKernelPlistDataInterface8GetLayerEv,True,False,False,0,0,,,,,,,D77E60DA83273A75B5AAAD73947E8EB2AA587A0DC827A65114698C76339A0919,DECOMPILED,FACIAL_SEGMENTATION_MATTE,FACT,
libARKernelInterface.so,libARKernelInterface_fn_0059def4,0x0059def4,0x0059def4,16,.text,_ZN11arkernelcpp26ARKernelPlistDataInterface17IsSpecialFaceliftEv,_ZN11arkernelcpp26ARKernelPlistDataInterface17IsSpecialFaceliftEv,True,False,False,0,0,,,,,,,7230E8D7BB418E09D3143FE609382EF615C785E2E39597385ACAE6A14B7E1CA2,DECOMPILED,FACIAL_SEGMENTATION_MATTE,FACT,
libARKernelInterface.so,libARKernelInterface_fn_0059df04,0x0059df04,0x0059df04,16,.text,_ZN11arkernelcpp26ARKernelPlistDataInterface15IsSpecialMakeupEv,_ZN11arkernelcpp26ARKernelPlistDataInterface15IsSpecialMakeupEv,True,False,False,0,0,,,,,,,3AFB5303D9B98756119A2C9E1DB229302542A6A6F52C0C49530D1FCE6FC91513,DECOMPILED,FACIAL_SEGMENTATION_MATTE,FACT,
libARKernelInterface.so,libARKernelInterface_fn_0059df14,0x0059df14,0x0059df14,16,.text,_ZN11arkernelcpp26ARKernelPlistDataInterface26ReplaceSpecialFaceliftTypeEv,_ZN11arkernelcpp26ARKernelPlistDataInterface26ReplaceSpecialFaceliftTypeEv,True,False,False,0,0,,,,,,,DD5903A70963DE050E6FFB459448E35CE7E487EA68227CD0D17B66A87AD70392,DECOMPILED,FACIAL_SEGMENTATION_MATTE,FACT,
libARKernelInterface.so,libARKernelInterface_fn_0059df24,0x0059df24,0x0059df24,16,.text,_ZN11arkernelcpp26ARKernelPlistDataInterface15GetDefaultAlphaEv,_ZN11arkernelcpp26ARKernelPlistDataInterface15GetDefaultAlphaEv,True,False,False,0,0,,,,,,,CE480860C1F149491BA21B0AE95BD023A1000A7076F2A05BE72762C6BB056534,DECOMPILED,FACIAL_SEGMENTATION_MATTE,FACT,
libARKernelInterface.so,libARKernelInterface_fn_0059df34,0x0059df34,0x0059df34,36,.text,_ZN11arkernelcpp26ARKernelPlistDataInterface14IsParseSuccessEv,_ZN11arkernelcpp26ARKernelPlistDataInterface14IsParseSuccessEv,True,False,False,0,1,,0x0090b188,,,,,A1D4B14AE4A3FBBC319232E7A08B8BEC12D49619D5D5D69210A1FC008A4E52FA,DECOMPILED,FACIAL_SEGMENTATION_MATTE,FACT,
libARKernelInterface.so,libARKernelInterface_fn_0059df58,0x0059df58,0x0059df58,108,.text,_ZN11arkernelcpp26ARKernelPlistDataInterface24GetIsNeedDataRequireTypeENS_15DataRequireTypeE,_ZN11arkernelcpp26ARKernelPlistDataInterface24GetIsNeedDataRequireTypeENS_15DataRequireTypeE,True,False,False,0,1,,0x010480b0,0x010480b0,,,,1D69D5BCAA5595713F9B4A612708F718F74E99844A5BE6F545E9EE274A64D52C,DECOMPILED,FACIAL_SEGMENTATION_MATTE,FACT,
libARKernelInterface.so,libARKernelInterface_fn_0059dfc4,0x0059dfc4,0x0059dfc4,164,.text,_ZN11arkernelcpp26ARKernelPlistDataInterface17GetCustomParamMapEv,_ZN11arkernelcpp26ARKernelPlistDataInterface17GetCustomParamMapEv,True,False,False,0,3,,0x01046ab0;0x01046900;0x01046ac0,0x01046ab0;0x01046900;0x01046ac0,,,,C4EC522A1AB49186358FB8E471773ADDE0976A671DD5297A72D8C29BB8F73222,DECOMPILED,FACIAL_SEGMENTATION_MATTE,FACT,
libARKernelInterface.so,libARKernelInterface_fn_0059e068,0x0059e068,0x0059e068,216,.text,_ZN11arkernelcpp26ARKernelPlistDataInterface17InsertCustomParamERKNSt6__ndk112basic_stringIcNS1_11char_traitsIcEENS1_9allocatorIcEEEES9_,_ZN11arkernelcpp26ARKernelPlistDataInterface17InsertCustomParamERKNSt6__ndk112basic_stringIcNS1_11char_traitsIcEENS1_9allocatorIcEEEES9_,True,False,False,0,6,,0x00570f58;0x00570f58;0x0090b114;0x01046a20;0x01046a20,0x01046a20;0x01046a20;0x01046950,,,,6A3946CCE9FA4D4E582B5682F7DFD6A48E2B639862A10D99E98D15B246965BAB,DECOMPILED,FACIAL_SEGMENTATION_MATTE,FACT,
libARKernelInterface.so,libARKernelInterface_fn_0059e140,0x0059e140,0x0059e140,16,.text,_ZN11arkernelcpp26ARKernelPlistDataInterface28GetIsSupportMultiplyInstanceEv,_ZN11arkernelcpp26ARKernelPlistDataInterface28GetIsSupportMultiplyInstanceEv,True,False,False,0,0,,,,,,,125D8690A56C6A77EC67406CB106C5C08609ECC9266FC41A70DEF8D2E351FEB6,DECOMPILED,FACIAL_SEGMENTATION_MATTE,FACT,
libARKernelInterface.so,libARKernelInterface_fn_0059e150,0x0059e150,0x0059e150,16,.text,_ZN11arkernelcpp26ARKernelPlistDataInterface22GetPlistDataJSONBufferEv,_ZN11arkernelcpp26ARKernelPlistDataInterface22GetPlistDataJSONBufferEv,True,False,False,0,0,,,,,,,693D4BD9E68496C7E312ED305FA3435649BD44179C5B25962888F62C1C9F9E2F,DECOMPILED,FACIAL_SEGMENTATION_MATTE,FACT,
libARKernelInterface.so,libARKernelInterface_fn_0059e160,0x0059e160,0x0059e160,16,.text,_ZN11arkernelcpp26ARKernelPlistDataInterface14GetMemoryUsageEv,_ZN11arkernelcpp26ARKernelPlistDataInterface14GetMemoryUsageEv,True,False,False,0,0,,,,,,,64E11B9B16B2B5747EEEEDC9C8167A4D2B14A2A1C01EF71752082EC3BF779547,DECOMPILED,FACIAL_SEGMENTATION_MATTE,FACT,
libARKernelInterface.so,libARKernelInterface_fn_0059e170,0x0059e170,0x0059e170,28,.text,_ZN11arkernelcpp26ARKernelPlistDataInterface4DumpEv,_ZN11arkernelcpp26ARKernelPlistDataInterface4DumpEv,True,False,False,0,0,,,,,,,20209E0388FA1EA483EEE488FDCAB273ABFD98693A740244B80655EEDEBB7886,DECOMPILED,FACIAL_SEGMENTATION_MATTE,FACT,
libARKernelInterface.so,libARKernelInterface_fn_0059e18c,0x0059e18c,0x0059e18c,12,.text,_ZN11arkernelcpp26ARKernelPlistDataInterfaceC1Ev,_ZN11arkernelcpp26ARKernelPlistDataInterfaceC1Ev,True,False,False,0,0,,,,,,,57009774E1AFD1D54135CBBF5224697EC5186E68ADA28E7081F0E165CEB3C639,DECOMPILED,FACIAL_SEGMENTATION_MATTE,FACT,
libARKernelInterface.so,libARKernelInterface_fn_0059e198,0x0059e198,0x0059e198,116,.text,_ZN11arkernelcpp26ARKernelPlistDataInterfaceD1Ev,_ZN11arkernelcpp26ARKernelPlistDataInterfaceD1Ev,True,False,False,0,0,,,,,,,FA66534ACDBB3A25C64A58CB3B8961CE7D6371EC5E81A2436C296C1420C3C3A4,DECOMPILED,FACIAL_SEGMENTATION_MATTE,FACT,
libARKernelInterface.so,libARKernelInterface_fn_0059e20c,0x0059e20c,0x0059e20c,8,.text,_ZN11arkernelcpp26ARKernelPlistDataInterface11SetInstanceEPv,_ZN11arkernelcpp26ARKernelPlistDataInterface11SetInstanceEPv,True,False,False,0,0,,,,,,,6B2C43EABF643EFDA1796E1B69EF449CA19678FE258A261E1460C2EE3FBF942F,DECOMPILED,FACIAL_SEGMENTATION_MATTE,FACT,
libARKernelInterface.so,libARKernelInterface_fn_0059e214,0x0059e214,0x0059e214,8,.text,_ZN11arkernelcpp26ARKernelPlistDataInterface11GetInstanceEv,_ZN11arkernelcpp26ARKernelPlistDataInterface11GetInstanceEv,True,False,False,0,0,,,,,,,4197AD96213C98161E13FBFD6185A724B5570BA296D316558CBD5CC5C1842369,DECOMPILED,FACIAL_SEGMENTATION_MATTE,FACT,
libARKernelInterface.so,libARKernelInterface_fn_0059e21c,0x0059e21c,0x0059e21c,140,.text,_ZN11arkernelcpp26ARKernelPlistDataInterface15applyGlobalJsonENSt6__ndk112basic_stringIcNS1_11char_traitsIcEENS1_9allocatorIcEEEE,_ZN11arkernelcpp26ARKernelPlistDataInterface15applyGlobalJsonENSt6__ndk112basic_stringIcNS1_11char_traitsIcEENS1_9allocatorIcEEEE,True,False,False,0,4,,0x00570f58;0x0090bd80;0x01046a20;0x01046950,0x01046a20;0x01046950,,,,887CF3346F48BDABE21FD128AD662E34CEC55DDFBD098D521C2D0812CF458867,DECOMPILED,FACIAL_SEGMENTATION_MATTE,FACT,
libARKernelInterface.so,libARKernelInterface_fn_0059e474,0x0059e474,0x0059e474,52,.text,_ZN11arkernelcpp32ARKernelPublicInteractionServiceC2Ev,_ZN11arkernelcpp32ARKernelPublicInteractionServiceC2Ev,True,False,False,0,2,,0x010469f0;0x00c2a86c,0x010469f0,,,,77E03E12D53A141390ABB6801B0B0B3D5FB0C5E6FAF473068B032B3856E1E46A,DECOMPILED,COLOR_SCIENCE_TRANSCODE,FACT,
libARKernelInterface.so,libARKernelInterface_fn_0059e4a8,0x0059e4a8,0x0059e4a8,52,.text,_ZN11arkernelcpp32ARKernelPublicInteractionServiceD1Ev,_ZN11arkernelcpp32ARKernelPublicInteractionServiceD1Ev,True,False,False,0,0,,,,,,,8B1D7269BD28FDFFFA3CF7F4E786BF9EF2669E6FE39624FCC5345197844DCF2D,DECOMPILED,COLOR_SCIENCE_TRANSCODE,FACT,
libARKernelInterface.so,libARKernelInterface_fn_0059e4dc,0x0059e4dc,0x0059e4dc,100,.text,_ZN11arkernelcpp32ARKernelPublicInteractionService12ResizeCanvasERKNS_14CanvasPropertyE,_ZN11arkernelcpp32ARKernelPublicInteractionService12ResizeCanvasERKNS_14CanvasPropertyE,True,False,False,0,3,,0x01046a10;0x00c2abd0;0x01046950,0x01046a10;0x01046950,,,,7F5D7A8EAB2BDCFEEE3D6DA7CE329F4CB0C362BAFB2A058F0513120751A8BE66,DECOMPILED,COLOR_SCIENCE_TRANSCODE,FACT,
libARKernelInterface.so,libARKernelInterface_fn_0059e540,0x0059e540,0x0059e540,48,.text,_ZN11arkernelcpp32ARKernelPublicInteractionService17GetCanvasPropertyEv,_ZN11arkernelcpp32ARKernelPublicInteractionService17GetCanvasPropertyEv,True,False,False,0,1,,0x00c2accc,,,,,01EFD3A0352FD754A11B56D27F480808D67B0908A013585E0F6909F4CCBAE4F6,DECOMPILED,COLOR_SCIENCE_TRANSCODE,FACT,
libARKernelInterface.so,libARKernelInterface_fn_0059e570,0x0059e570,0x0059e570,8,.text,_ZN11arkernelcpp32ARKernelPublicInteractionService23RegisterVertexEventMarkEPKNS0_19LayerVertexMarkEnumE,_ZN11arkernelcpp32ARKernelPublicInteractionService23RegisterVertexEventMarkEPKNS0_19LayerVertexMarkEnumE,True,False,False,0,0,,,,,,,3ADFB20C0B135080E6B430A25338D9D4D102DF5DF3F59A307CCA48A6C80A5A5A,DECOMPILED,COLOR_SCIENCE_TRANSCODE,FACT,
libARKernelInterface.so,libARKernelInterface_fn_0059e578,0x0059e578,0x0059e578,8,.text,_ZN11arkernelcpp32ARKernelPublicInteractionService10TouchBeginEffj,_ZN11arkernelcpp32ARKernelPublicInteractionService10TouchBeginEffj,True,False,False,0,0,,,,,,,45DF6915FE69C88EDFF0CD51F5A97AE2089BF9BAFD30386F12CEEECB11D762FF,DECOMPILED,COLOR_SCIENCE_TRANSCODE,FACT,
libARKernelInterface.so,libARKernelInterface_fn_0059e580,0x0059e580,0x0059e580,8,.text,_ZN11arkernelcpp32ARKernelPublicInteractionService9TouchMoveEffj,_ZN11arkernelcpp32ARKernelPublicInteractionService9TouchMoveEffj,True,False,False,0,0,,,,,,,A331924CC2E3DF18ED0167F1F1F2CC8C66BADB8DB808EC3689CEF89BB6114174,DECOMPILED,COLOR_SCIENCE_TRANSCODE,FACT,
libARKernelInterface.so,libARKernelInterface_fn_0059e588,0x0059e588,0x0059e588,8,.text,_ZN11arkernelcpp32ARKernelPublicInteractionService8TouchEndEffj,_ZN11arkernelcpp32ARKernelPublicInteractionService8TouchEndEffj,True,False,False,0,0,,,,,,,23E978E330232945EC8F859DCC4D83C2EE2112F67DFCB34E2B5C8C602A5A76AB,DECOMPILED,COLOR_SCIENCE_TRANSCODE,FACT,
libARKernelInterface.so,libARKernelInterface_fn_0059e590,0x0059e590,0x0059e590,8,.text,_ZN11arkernelcpp32ARKernelPublicInteractionService8DispatchEv,_ZN11arkernelcpp32ARKernelPublicInteractionService8DispatchEv,True,False,False,0,0,,,,,,,CFB123FAC8DD68CAF731066D29AF019E99EF15DA2F5D468F8661E0DFAC445083,DECOMPILED,COLOR_SCIENCE_TRANSCODE,FACT,
libARKernelInterface.so,libARKernelInterface_fn_0059e598,0x0059e598,0x0059e598,8,.text,_ZN11arkernelcpp32ARKernelPublicInteractionService9SortLayerEv,_ZN11arkernelcpp32ARKernelPublicInteractionService9SortLayerEv,True,False,False,0,0,,,,,,,E39DAC24581CA3A0C05516FA160C1BDDE998C63DDA7246997F0C9F4F2DF55882,DECOMPILED,COLOR_SCIENCE_TRANSCODE,FACT,
libARKernelInterface.so,libARKernelInterface_fn_0059e5a0,0x0059e5a0,0x0059e5a0,8,.text,_ZN11arkernelcpp32ARKernelPublicInteractionService36SetInteractionCallbackFunctionStructEPKNS_33InteractionCallbackFunctionStructE,_ZN11arkernelcpp32ARKernelPublicInteractionService36SetInteractionCallbackFunctionStructEPKNS_33InteractionCallbackFunctionStructE,True,False,False,0,0,,,,,,,F47B07E280945FC775D983AC9B920AD9F6DE19F236B41D1A2EEAFAA700D8982D,DECOMPILED,COLOR_SCIENCE_TRANSCODE,FACT,
libARKernelInterface.so,libARKernelInterface_fn_0059e5a8,0x0059e5a8,0x0059e5a8,8,.text,_ZN11arkernelcpp32ARKernelPublicInteractionService9FindLayerEl,_ZN11arkernelcpp32ARKernelPublicInteractionService9FindLayerEl,True,False,False,0,0,,,,,,,C71951EE9780288EAE7F627791F411AD1381F56E57FB6F1872901AA070B09CD0,DECOMPILED,COLOR_SCIENCE_TRANSCODE,FACT,
libARKernelInterface.so,libARKernelInterface_fn_0059e5b0,0x0059e5b0,0x0059e5b0,8,.text,_ZN11arkernelcpp32ARKernelPublicInteractionService16GetSelectedLayerEv,_ZN11arkernelcpp32ARKernelPublicInteractionService16GetSelectedLayerEv,True,False,False,0,0,,,,,,,B7BB3C98E3F6E8D311516D590FE7914FB77E9B58F2C98DA3004D282E36F631E2,DECOMPILED,COLOR_SCIENCE_TRANSCODE,FACT,
libARKernelInterface.so,libARKernelInterface_fn_0059e5b8,0x0059e5b8,0x0059e5b8,8,.text,_ZN11arkernelcpp32ARKernelPublicInteractionService16SetSelectedLayerEl,_ZN11arkernelcpp32ARKernelPublicInteractionService16SetSelectedLayerEl,True,False,False,0,0,,,,,,,B7BB3C98E3F6E8D311516D590FE7914FB77E9B58F2C98DA3004D282E36F631E2,DECOMPILED,COLOR_SCIENCE_TRANSCODE,FACT,
libARKernelInterface.so,libARKernelInterface_fn_0059e5c0,0x0059e5c0,0x0059e5c0,8,.text,_ZN11arkernelcpp32ARKernelPublicInteractionService18GetLayerVisibilityEl,_ZN11arkernelcpp32ARKernelPublicInteractionService18GetLayerVisibilityEl,True,False,False,0,0,,,,,,,D5031656CBBB29AF8D7E61DE2251A90D0DC52AC367A1AB895C4454244B79ABCF,DECOMPILED,COLOR_SCIENCE_TRANSCODE,FACT,
libARKernelInterface.so,libARKernelInterface_fn_0059e5c8,0x0059e5c8,0x0059e5c8,8,.text,_ZN11arkernelcpp32ARKernelPublicInteractionService18SetLayerVisibilityElb,_ZN11arkernelcpp32ARKernelPublicInteractionService18SetLayerVisibilityElb,True,False,False,0,0,,,,,,,8192D08820CB9AE43BAB5D1896F8324E8D3FB71840D6991A2331213D02D4E14D,DECOMPILED,COLOR_SCIENCE_TRANSCODE,FACT,
libARKernelInterface.so,libARKernelInterface_fn_0059e5d0,0x0059e5d0,0x0059e5d0,8,.text,_ZN11arkernelcpp32ARKernelPublicInteractionService17GetLayerAreaLimitEl,_ZN11arkernelcpp32ARKernelPublicInteractionService17GetLayerAreaLimitEl,True,False,False,0,0,,,,,,,025C1A7F4A30E72B5D2E3B800E2C71DD7805C781EA5BABA0C78AC0F97F0D2DDE,DECOMPILED,COLOR_SCIENCE_TRANSCODE,FACT,
libARKernelInterface.so,libARKernelInterface_fn_0059e5d8,0x0059e5d8,0x0059e5d8,8,.text,_ZN11arkernelcpp32ARKernelPublicInteractionService17SetLayerAreaLimitElb,_ZN11arkernelcpp32ARKernelPublicInteractionService17SetLayerAreaLimitElb,True,False,False,0,0,,,,,,,D3548971B55BC70D70828B2C79F914731CB03EFC8217E7E73944C5C7125F9C87,DECOMPILED,COLOR_SCIENCE_TRANSCODE,FACT,
libARKernelInterface.so,libARKernelInterface_fn_0059e5e0,0x0059e5e0,0x0059e5e0,8,.text,_ZN11arkernelcpp32ARKernelPublicInteractionService13GetLayerAlphaEl,_ZN11arkernelcpp32ARKernelPublicInteractionService13GetLayerAlphaEl,True,False,False,0,0,,,,,,,35AC447D13423EFCBB0E57A2ECC6800CAE783A3E77DF3908307570FA418F7D90,DECOMPILED,COLOR_SCIENCE_TRANSCODE,FACT,
libARKernelInterface.so,libARKernelInterface_fn_0059e5e8,0x0059e5e8,0x0059e5e8,8,.text,_ZN11arkernelcpp32ARKernelPublicInteractionService13SetLayerAlphaElf,_ZN11arkernelcpp32ARKernelPublicInteractionService13SetLayerAlphaElf,True,False,False,0,0,,,,,,,C6300B55FBF645DF352FA275145647DF790BF2F7D2C87B0B7D46A94733EAEA31,DECOMPILED,COLOR_SCIENCE_TRANSCODE,FACT,
libARKernelInterface.so,libARKernelInterface_fn_0059e5f0,0x0059e5f0,0x0059e5f0,8,.text,_ZN11arkernelcpp32ARKernelPublicInteractionService15GetEnablePickupENS0_9LayerEnumE,_ZN11arkernelcpp32ARKernelPublicInteractionService15GetEnablePickupENS0_9LayerEnumE,True,False,False,0,0,,,,,,,93AD06159419CF004EB3577C47994C0098203F47C0F9E695AC4707E2EF04E4C0,DECOMPILED,COLOR_SCIENCE_TRANSCODE,FACT,
libARKernelInterface.so,libARKernelInterface_fn_0059e5f8,0x0059e5f8,0x0059e5f8,8,.text,_ZN11arkernelcpp32ARKernelPublicInteractionService15SetEnablePickupENS0_9LayerEnumEb,_ZN11arkernelcpp32ARKernelPublicInteractionService15SetEnablePickupENS0_9LayerEnumEb,True,False,False,0,0,,,,,,,A4AEF0EF89971476966C8CB30EE1F06358865B1E6CB870A85881223FD6BCBBC0,DECOMPILED,COLOR_SCIENCE_TRANSCODE,FACT,
libARKernelInterface.so,libARKernelInterface_fn_0059e600,0x0059e600,0x0059e600,8,.text,_ZN11arkernelcpp32ARKernelPublicInteractionService17SetEnableDeselectEb,_ZN11arkernelcpp32ARKernelPublicInteractionService17SetEnableDeselectEb,True,False,False,0,0,,,,,,,A6F7563C190004D9235A2BBAB6B615592B05C905B73D5149CE7A91618DB4BD98,DECOMPILED,COLOR_SCIENCE_TRANSCODE,FACT,
libARKernelInterface.so,libARKernelInterface_fn_0059e608,0x0059e608,0x0059e608,8,.text,_ZN11arkernelcpp32ARKernelPublicInteractionService17GetEnableDeselectEv,_ZN11arkernelcpp32ARKernelPublicInteractionService17GetEnableDeselectEv,True,False,False,0,0,,,,,,,A6F7563C190004D9235A2BBAB6B615592B05C905B73D5149CE7A91618DB4BD98,DECOMPILED,COLOR_SCIENCE_TRANSCODE,FACT,
libARKernelInterface.so,libARKernelInterface_fn_0059e610,0x0059e610,0x0059e610,864,.text,_ZN11arkernelcpp39ARKernelShoulderMLSPartControlInterface34GetSigModelShoulderMLSEffectStatusERKNS_29ARKernelShoulderDataInterfaceERKNS_25ARKernelBodyDataInterfaceEi,_ZN11arkernelcpp39ARKernelShoulderMLSPartControlInterface34GetSigModelShoulderMLSEffectStatusERKNS_29ARKernelShoulderDataInterfaceERKNS_25ARKernelBodyDataInterfaceEi,True,False,False,0,24,,0x0058f704;0x010469f0;0x00a198b0;0x00a19a04;0x00a1a270,0x010469f0;0x010469f0;0x01046a20;0x01046a20;0x01046a20,,,,9DADEFF7E78487712D51634889B0ACFE81109F77C9730552D2B98C8E819577A9,DECOMPILED,COLOR_SCIENCE_TRANSCODE,FACT,
libARKernelInterface.so,libARKernelInterface_fn_0059e9a0,0x0059e9a0,0x0059e9a0,876,.text,_ZN11arkernelcpp39ARKernelShoulderMLSPartControlInterface36GetMultiModelShoulderMLSEffectStatusERKNS_29ARKernelShoulderDataInterfaceERKNS_25ARKernelBodyDataInterfaceEi,_ZN11arkernelcpp39ARKernelShoulderMLSPartControlInterface36GetMultiModelShoulderMLSEffectStatusERKNS_29ARKernelShoulderDataInterfaceERKNS_25ARKernelBodyDataInterfaceEi,True,False,False,0,24,,0x0058f704;0x010469f0;0x00a198b0;0x00a19a04;0x00a1a270,0x010469f0;0x010469f0;0x01046a20;0x01046a20;0x01046a20,,,,3EF08756B9EA8E4EDDEB18944D413BFF53AD0F4934D0B315ABCCC76CCF3AC950,DECOMPILED,COLOR_SCIENCE_TRANSCODE,FACT,
libARKernelInterface.so,libARKernelInterface_fn_0059ed0c,0x0059ed0c,0x0059ed0c,20,.text,_ZN11arkernelcpp39ARKernelShoulderMLSPartControlInterface21SetSwitchSigModelDataEb,_ZN11arkernelcpp39ARKernelShoulderMLSPartControlInterface21SetSwitchSigModelDataEb,True,False,False,0,0,,,,,,,BF945B44FF00E74165E4D0937F1010EEF595AEA155A5145DF248570A5BA7AD04,DECOMPILED,COLOR_SCIENCE_TRANSCODE,FACT,
libARKernelInterface.so,libARKernelInterface_fn_0059ee6c,0x0059ee6c,0x0059ee6c,20,.text,_ZN11arkernelcpp38ARKernelSlimManualPartControlInterface23SetManualSlimBodyEnableEiNS_9ParamFlagEb,_ZN11arkernelcpp38ARKernelSlimManualPartControlInterface23SetManualSlimBodyEnableEiNS_9ParamFlagEb,True,False,False,0,0,,,,,,,093B4AD1BFB061A522977FA55C424D19666AD5F2B83C3A8D334CC40E57F6F294,DECOMPILED,HAIR_PROCESSING_CORE,FACT,
libARKernelInterface.so,libARKernelInterface_fn_0059ee80,0x0059ee80,0x0059ee80,16,.text,_ZN11arkernelcpp38ARKernelSlimManualPartControlInterface22SetManualSlimBodyParamEiNS_9ParamFlagEPvm,_ZN11arkernelcpp38ARKernelSlimManualPartControlInterface22SetManualSlimBodyParamEiNS_9ParamFlagEPvm,True,False,False,0,0,,,,,,,72A02528EDD316321966236A0B256B23D8CBA0BB02251DDA85C1240F55E1E1A7,DECOMPILED,COLOR_SCIENCE_TRANSCODE,FACT,
libARKernelInterface.so,libARKernelInterface_fn_0059ee90,0x0059ee90,0x0059ee90,16,.text,_ZN11arkernelcpp38ARKernelSlimManualPartControlInterface14SetBodyIDAlphaEiNS_9ParamFlagEf,_ZN11arkernelcpp38ARKernelSlimManualPartControlInterface14SetBodyIDAlphaEiNS_9ParamFlagEf,True,False,False,0,0,,,,,,,38B2079FEAE9FB0D39D1F768CA51BA2B31653704A0099299E629BA87F0B60E2E,DECOMPILED,COLOR_SCIENCE_TRANSCODE,FACT,
libARKernelInterface.so,libARKernelInterface_fn_0059eea0,0x0059eea0,0x0059eea0,20,.text,_ZN11arkernelcpp38ARKernelSlimManualPartControlInterface14GetBodyIDAlphaEiNS_9ParamFlagE,_ZN11arkernelcpp38ARKernelSlimManualPartControlInterface14GetBodyIDAlphaEiNS_9ParamFlagE,True,False,False,0,0,,,,,,,5C13CD5C134E7ED514764365B80A013B1B90FC2D395BFAB6188D3452923D58BA,DECOMPILED,COLOR_SCIENCE_TRANSCODE,FACT,
libARKernelInterface.so,libARKernelInterface_fn_0059eeb4,0x0059eeb4,0x0059eeb4,16,.text,_ZN11arkernelcpp38ARKernelSlimManualPartControlInterface16ClearSliderValueEv,_ZN11arkernelcpp38ARKernelSlimManualPartControlInterface16ClearSliderValueEv,True,False,False,0,0,,,,,,,6A992F000A785761305ACF95A9D6CEE377C4CFE22CD9E37AE77F80969FCF8E51,DECOMPILED,COLOR_SCIENCE_TRANSCODE,FACT,
libARKernelInterface.so,libARKernelInterface_fn_0059eec4,0x0059eec4,0x0059eec4,16,.text,_ZN11arkernelcpp38ARKernelSlimManualPartControlInterface22GetTransformationPointEPfi,_ZN11arkernelcpp38ARKernelSlimManualPartControlInterface22GetTransformationPointEPfi,True,False,False,0,0,,,,,,,3CF9A8F2EE5105D8A37927A0BF419B5890E1C940EE8F452215A8E205EB73761F,DECOMPILED,COLOR_SCIENCE_TRANSCODE,FACT,
libARKernelInterface.so,libARKernelInterface_fn_0059eed4,0x0059eed4,0x0059eed4,20,.text,_ZN11arkernelcpp39ARKernelSlimPhotoV1PartControlInterface13SetBodyEnableElb,_ZN11arkernelcpp39ARKernelSlimPhotoV1PartControlInterface13SetBodyEnableElb,True,False,False,0,0,,,,,,,9D44554B8EA034580709C3E223AACB89AC208FAF4ED89BBBC557B183177E0363,DECOMPILED,HAIR_PROCESSING_CORE,FACT,
libARKernelInterface.so,libARKernelInterface_fn_0059eee8,0x0059eee8,0x0059eee8,16,.text,_ZN11arkernelcpp39ARKernelSlimPhotoV1PartControlInterface13GetBodyEnableEl,_ZN11arkernelcpp39ARKernelSlimPhotoV1PartControlInterface13GetBodyEnableEl,True,False,False,0,0,,,,,,,95E4D486755B57167F28532D8D5CB03AFEA6CE64DD31973AEF495112DCB2D558,DECOMPILED,HAIR_PROCESSING_CORE,FACT,
libARKernelInterface.so,libARKernelInterface_fn_0059eef8,0x0059eef8,0x0059eef8,16,.text,_ZN11arkernelcpp39ARKernelSlimPhotoV1PartControlInterface14SetBodyIDAlphaElNS_9ParamFlagEf,_ZN11arkernelcpp39ARKernelSlimPhotoV1PartControlInterface14SetBodyIDAlphaElNS_9ParamFlagEf,True,False,False,0,0,,,,,,,2665F06BC5B5B86BDBC96FA6D4331F0A8AF0D7C052DBB69260A990B9EAD4E6BD,DECOMPILED,COLOR_SCIENCE_TRANSCODE,FACT,
libARKernelInterface.so,libARKernelInterface_fn_0059ef08,0x0059ef08,0x0059ef08,20,.text,_ZN11arkernelcpp39ARKernelSlimPhotoV1PartControlInterface14GetBodyIDAlphaElNS_9ParamFlagE,_ZN11arkernelcpp39ARKernelSlimPhotoV1PartControlInterface14GetBodyIDAlphaElNS_9ParamFlagE,True,False,False,0,0,,,,,,,0B8CDF622D7E48A7F384680204139B6E5B8698F57F54B688E109A4A2C80E3268,DECOMPILED,COLOR_SCIENCE_TRANSCODE,FACT,
libARKernelInterface.so,libARKernelInterface_fn_0059ef1c,0x0059ef1c,0x0059ef1c,16,.text,_ZN11arkernelcpp39ARKernelSlimPhotoV1PartControlInterface16ClearSliderValueEv,_ZN11arkernelcpp39ARKernelSlimPhotoV1PartControlInterface16ClearSliderValueEv,True,False,False,0,0,,,,,,,B2567B34A85F7126F551A2BCA63D0B7DCE70A966FA0109AA20A87D2F6FF96B8F,DECOMPILED,COLOR_SCIENCE_TRANSCODE,FACT,
libARKernelInterface.so,libARKernelInterface_fn_0059ef2c,0x0059ef2c,0x0059ef2c,16,.text,_ZN11arkernelcpp39ARKernelSlimPhotoV1PartControlInterface17SetMaxSupportBodyEl,_ZN11arkernelcpp39ARKernelSlimPhotoV1PartControlInterface17SetMaxSupportBodyEl,True,False,False,0,0,,,,,,,571D79EAAA2039C4A2299540BA7ADEB6FBAE94FFB5E5C423AF23B2C86FF29739,DECOMPILED,HAIR_PROCESSING_CORE,FACT,
libARKernelInterface.so,libARKernelInterface_fn_0059ef3c,0x0059ef3c,0x0059ef3c,20,.text,_ZN11arkernelcpp39ARKernelSlimPhotoV1PartControlInterface17GetMaxSupportBodyEv,_ZN11arkernelcpp39ARKernelSlimPhotoV1PartControlInterface17GetMaxSupportBodyEv,True,False,False,0,0,,,,,,,70DF334529DDBE45DCEF33520CA083A11D1BD512EACADAF95E5C70BE811E57F0,DECOMPILED,HAIR_PROCESSING_CORE,FACT,
libARKernelInterface.so,libARKernelInterface_fn_0059ef50,0x0059ef50,0x0059ef50,16,.text,_ZN11arkernelcpp34ARKernelSlimV2PartControlInterface22GetTransformationPointEPfi,_ZN11arkernelcpp34ARKernelSlimV2PartControlInterface22GetTransformationPointEPfi,True,False,False,0,0,,,,,,,04B8E902245C6E5C99340427965B17D26433BE54AA518C5FF61C60A1B7BF9B1A,DECOMPILED,COLOR_SCIENCE_TRANSCODE,FACT,
libARKernelInterface.so,libARKernelInterface_fn_0059ef60,0x0059ef60,0x0059ef60,548,.text,_ZN11arkernelcpp34ARKernelSlimV2PartControlInterface19GetBodyEffectStatusENS_25ARKernelBodyDataInterfaceE,_ZN11arkernelcpp34ARKernelSlimV2PartControlInterface19GetBodyEffectStatusENS_25ARKernelBodyDataInterfaceE,True,False,False,0,11,,0x0058f704;0x010469f0;0x00a198b0;0x00a19a04;0x00a1a270,0x010469f0;0x01046a20;0x01046a20;0x01046950,,,,5A08A7DDE3F96AA45084F3D06EFF2E6BAAF11E58F63D231EF1CA5F7124F71268,DECOMPILED,HAIR_PROCESSING_CORE,FACT,
libARKernelInterface.so,libARKernelInterface_fn_0059f184,0x0059f184,0x0059f184,16,.text,_ZN11arkernelcpp34ARKernelSlimV2PartControlInterface15GetEnableOptionEv,_ZN11arkernelcpp34ARKernelSlimV2PartControlInterface15GetEnableOptionEv,True,False,False,0,0,,,,,,,1B1EDE959B2EDAA77D0802A3B04A2DB80401AEAD13035D2BF495597FB9FF7C3A,DECOMPILED,COLOR_SCIENCE_TRANSCODE,FACT,
libARKernelInterface.so,libARKernelInterface_fn_0059f194,0x0059f194,0x0059f194,16,.text,_ZN11arkernelcpp34ARKernelSlimV2PartControlInterface15SetEnableOptionEi,_ZN11arkernelcpp34ARKernelSlimV2PartControlInterface15SetEnableOptionEi,True,False,False,0,0,,,,,,,05070124BAD943AF4ACC771B7C37F626A87EAD7B02B56C21E9AF4B9DF555FB8B,DECOMPILED,COLOR_SCIENCE_TRANSCODE,FACT,
libARKernelInterface.so,libARKernelInterface_fn_0059f1a4,0x0059f1a4,0x0059f1a4,16,.text,_ZN11arkernelcpp34ARKernelSlimV2PartControlInterface21SetManualLongLegParamEff,_ZN11arkernelcpp34ARKernelSlimV2PartControlInterface21SetManualLongLegParamEff,True,False,False,0,0,,,,,,,3259744C7425A150F104F22A33ED7480DFB6893709E6E4F3B3E86378F86DD5CE,DECOMPILED,COLOR_SCIENCE_TRANSCODE,FACT,
libARKernelInterface.so,libARKernelInterface_fn_0059f1b4,0x0059f1b4,0x0059f1b4,20,.text,_ZN11arkernelcpp34ARKernelSlimV2PartControlInterface22SetManualLongLegEnableEb,_ZN11arkernelcpp34ARKernelSlimV2PartControlInterface22SetManualLongLegEnableEb,True,False,False,0,0,,,,,,,856A81D55EECA99C107BF90FFE4571A4012E95EA7CC4CC9558721D635DC88B8B,DECOMPILED,COLOR_SCIENCE_TRANSCODE,FACT,
libARKernelInterface.so,libARKernelInterface_fn_0059f1c8,0x0059f1c8,0x0059f1c8,16,.text,_ZN11arkernelcpp34ARKernelSlimV2PartControlInterface16SetSlimHeadParamEfff,_ZN11arkernelcpp34ARKernelSlimV2PartControlInterface16SetSlimHeadParamEfff,True,False,False,0,0,,,,,,,58E12EE46FBA554EF3312BD554DBE8DE331F940E1B2751B98A0274C722445BDB,DECOMPILED,COLOR_SCIENCE_TRANSCODE,FACT,
libARKernelInterface.so,libARKernelInterface_fn_0059f1d8,0x0059f1d8,0x0059f1d8,16,.text,_ZN11arkernelcpp34ARKernelSlimV2PartControlInterface23SetManualSlimming3ParamEfffff,_ZN11arkernelcpp34ARKernelSlimV2PartControlInterface23SetManualSlimming3ParamEfffff,True,False,False,0,0,,,,,,,5814105E6A19CC33DAB49F5E2573FAEC9E15BEC892EEFC7C758508A8A85EA84D,DECOMPILED,COLOR_SCIENCE_TRANSCODE,FACT,
libARKernelInterface.so,libARKernelInterface_fn_0059f1e8,0x0059f1e8,0x0059f1e8,20,.text,_ZN11arkernelcpp34ARKernelSlimV2PartControlInterface24SetManualSlimming3EnableEb,_ZN11arkernelcpp34ARKernelSlimV2PartControlInterface24SetManualSlimming3EnableEb,True,False,False,0,0,,,,,,,95233E0C43900D7A5D9407C4C702AE3B6C335CD63A2A12C6EBC8E98337B8737C,DECOMPILED,COLOR_SCIENCE_TRANSCODE,FACT,
libARKernelInterface.so,libARKernelInterface_fn_0059f1fc,0x0059f1fc,0x0059f1fc,20,.text,_ZN11arkernelcpp34ARKernelSlimV2PartControlInterface17SetSlimBodyEnableENS0_9BodyStyleEb,_ZN11arkernelcpp34ARKernelSlimV2PartControlInterface17SetSlimBodyEnableENS0_9BodyStyleEb,True,False,False,0,0,,,,,,,349D9A72B630BF0B5EB63EB5933D12FE4802990BA69E14E52B49627B29AC9933,DECOMPILED,HAIR_PROCESSING_CORE,FACT,
libARKernelInterface.so,libARKernelInterface_fn_0059f210,0x0059f210,0x0059f210,48,.text,_ZN11arkernelcpp34ARKernelSlimV2PartControlInterface21SetManualSlimBoxParamENS0_9BodyStyleEfffff,_ZN11arkernelcpp34ARKernelSlimV2PartControlInterface21SetManualSlimBoxParamENS0_9BodyStyleEfffff,True,False,False,0,0,,,,,,,F28FAA60C84B30DC03AB442C6E83DB755054A38DFF6CCED375533EF632841E15,DECOMPILED,COLOR_SCIENCE_TRANSCODE,FACT,
libARKernelInterface.so,libARKernelInterface_fn_0059f240,0x0059f240,0x0059f240,60,.text,_ZN11arkernelcpp34ARKernelSlimV2PartControlInterface22SetManualSlimBoxEnableENS0_9BodyStyleEb,_ZN11arkernelcpp34ARKernelSlimV2PartControlInterface22SetManualSlimBoxEnableENS0_9BodyStyleEb,True,False,False,0,0,,,,,,,FD2B6B29D888D068DFD9571C24A741691F8F610060029B6EE83F28551EA61E64,DECOMPILED,COLOR_SCIENCE_TRANSCODE,FACT,
libARKernelInterface.so,libARKernelInterface_fn_0059f27c,0x0059f27c,0x0059f27c,32,.text,_ZN11arkernelcpp34ARKernelSlimV2PartControlInterface13SetRoundParamENS0_18BodyRoundParamEnumEfff,_ZN11arkernelcpp34ARKernelSlimV2PartControlInterface13SetRoundParamENS0_18BodyRoundParamEnumEfff,True,False,False,0,0,,,,,,,4E4BC303EF0672E894644A14AD53FD9B7885FA4A603A4D12999E9B2AA5D7E66C,DECOMPILED,COLOR_SCIENCE_TRANSCODE,FACT,
libARKernelInterface.so,libARKernelInterface_fn_0059f29c,0x0059f29c,0x0059f29c,16,.text,_ZN11arkernelcpp34ARKernelSlimV2PartControlInterface20SetManualChestParamsEPKNS0_20BodyManualChestParamEm,_ZN11arkernelcpp34ARKernelSlimV2PartControlInterface20SetManualChestParamsEPKNS0_20BodyManualChestParamEm,True,False,False,0,0,,,,,,,BA46C5722627DE2941E2A737CCAE721C11070E3D4A4EF5D13A0A6C7CFA5D0246,DECOMPILED,COLOR_SCIENCE_TRANSCODE,FACT,
libARKernelInterface.so,libARKernelInterface_fn_0059f2ac,0x0059f2ac,0x0059f2ac,16,.text,_ZN11arkernelcpp34ARKernelSlimV3PartControlInterface22GetTransformationPointEPfi,_ZN11arkernelcpp34ARKernelSlimV3PartControlInterface22GetTransformationPointEPfi,True,False,False,0,0,,,,,,,98BF354C692CDC68F7AACBC41A8A8BD42D93A0AE469E960E8DDBB6E01D8D60E4,DECOMPILED,COLOR_SCIENCE_TRANSCODE,FACT,
libARKernelInterface.so,libARKernelInterface_fn_0059f2bc,0x0059f2bc,0x0059f2bc,720,.text,_ZN11arkernelcpp34ARKernelSlimV3PartControlInterface27GetSigModelBodyEffectStatusERKNS_25ARKernelBodyDataInterfaceE,_ZN11arkernelcpp34ARKernelSlimV3PartControlInterface27GetSigModelBodyEffectStatusERKNS_25ARKernelBodyDataInterfaceE,True,False,False,0,15,,0x0058f704;0x010469f0;0x00a198b0;0x00a19a04;0x00a1a270,0x010469f0;0x01046a20;0x01046a20;0x01046a20;0x01046950,,,,BDADC417727D41917450EF89DF6EC81B2B893B48561A87433E874DB85AF89628,DECOMPILED,HAIR_PROCESSING_CORE,FACT,
libARKernelInterface.so,libARKernelInterface_fn_0059f58c,0x0059f58c,0x0059f58c,764,.text,_ZN11arkernelcpp34ARKernelSlimV3PartControlInterface29GetMultiModelBodyEffectStatusERKNS_25ARKernelBodyDataInterfaceE,_ZN11arkernelcpp34ARKernelSlimV3PartControlInterface29GetMultiModelBodyEffectStatusERKNS_25ARKernelBodyDataInterfaceE,True,False,False,0,16,,0x0058f704;0x010469f0;0x00a198b0;0x00a19a04;0x00a1a270,0x010469f0;0x01046a20;0x01046a20;0x01046a20;0x01046950,,,,7AFE94BE727FBAD1098F2B2BEA6AE5FE8ADAB0E9C5B35B04B97A403F8E398C0C,DECOMPILED,HAIR_PROCESSING_CORE,FACT,
libARKernelInterface.so,libARKernelInterface_fn_0059f888,0x0059f888,0x0059f888,1000,.text,_ZN11arkernelcpp34ARKernelSlimV3PartControlInterface25GetSigModelBodyAreaStatusERKNS_25ARKernelBodyDataInterfaceE,_ZN11arkernelcpp34ARKernelSlimV3PartControlInterface25GetSigModelBodyAreaStatusERKNS_25ARKernelBodyDataInterfaceE,True,False,False,0,22,,0x0058f704;0x010469f0;0x00a198b0;0x00a19a04;0x00a1a270,0x010469f0;0x01046970;0x01046a20;0x01046a20;0x01046a20,,,,DCD649B50BA84305E71BB171B5455696B7248FAFF358729160F5E137AD8232AD,DECOMPILED,COLOR_SCIENCE_TRANSCODE,FACT,
libARKernelInterface.so,libARKernelInterface_fn_0059fd14,0x0059fd14,0x0059fd14,976,.text,_ZN11arkernelcpp34ARKernelSlimV3PartControlInterface27GetMultiModelBodyAreaStatusERKNS_25ARKernelBodyDataInterfaceE,_ZN11arkernelcpp34ARKernelSlimV3PartControlInterface27GetMultiModelBodyAreaStatusERKNS_25ARKernelBodyDataInterfaceE,True,False,False,0,21,,0x0058f704;0x010469f0;0x00a198b0;0x00a19a04;0x00a1a270,0x010469f0;0x01046970;0x01046a20;0x01046a20;0x01046a20,,,,98D194CB88BB1CBC6EC9B0D6DD38B0796E4B86BBF89550F85DCA35E874C67716,DECOMPILED,COLOR_SCIENCE_TRANSCODE,FACT,
libARKernelInterface.so,libARKernelInterface_fn_005a00e4,0x005a00e4,0x005a00e4,16,.text,_ZN11arkernelcpp34ARKernelSlimV3PartControlInterface15GetEnableOptionEv,_ZN11arkernelcpp34ARKernelSlimV3PartControlInterface15GetEnableOptionEv,True,False,False,0,0,,,,,,,F419818BF7B9CD32E13C5C719B3EFBEAB2679486FD63A759B32EB01DD75A4017,DECOMPILED,COLOR_SCIENCE_TRANSCODE,FACT,
libARKernelInterface.so,libARKernelInterface_fn_005a00f4,0x005a00f4,0x005a00f4,16,.text,_ZN11arkernelcpp34ARKernelSlimV3PartControlInterface15SetEnableOptionEi,_ZN11arkernelcpp34ARKernelSlimV3PartControlInterface15SetEnableOptionEi,True,False,False,0,0,,,,,,,833479F09AD755969A0B50559FCCC1D634E0B1FD144C2ED9ABD1DAD35852E0C8,DECOMPILED,COLOR_SCIENCE_TRANSCODE,FACT,
libARKernelInterface.so,libARKernelInterface_fn_005a0104,0x005a0104,0x005a0104,4,.text,_ZN11arkernelcpp34ARKernelSlimV3PartControlInterface15SetTargetFootIDEl,_ZN11arkernelcpp34ARKernelSlimV3PartControlInterface15SetTargetFootIDEl,True,False,False,0,0,,,,,,,110F46B5B35C069160560C6AD6786F647DD44E8760A52A46FC22DBBCD7630B91,DECOMPILED,COLOR_SCIENCE_TRANSCODE,FACT,
libARKernelInterface.so,libARKernelInterface_fn_005a0108,0x005a0108,0x005a0108,16,.text,_ZN11arkernelcpp34ARKernelSlimV3PartControlInterface14SetBodyIDAlphaElNS_9ParamFlagEf,_ZN11arkernelcpp34ARKernelSlimV3PartControlInterface14SetBodyIDAlphaElNS_9ParamFlagEf,True,False,False,0,0,,,,,,,A1E12914A6358B038E1AC6FFF020EE0215B7F78464269F7A3F94D19D270A25FF,DECOMPILED,COLOR_SCIENCE_TRANSCODE,FACT,
libARKernelInterface.so,libARKernelInterface_fn_005a0118,0x005a0118,0x005a0118,20,.text,_ZN11arkernelcpp34ARKernelSlimV3PartControlInterface14GetBodyIDAlphaElNS_9ParamFlagE,_ZN11arkernelcpp34ARKernelSlimV3PartControlInterface14GetBodyIDAlphaElNS_9ParamFlagE,True,False,False,0,0,,,,,,,DEA5801DDD39119DB4C650B700721B6632BCEB7409941BA126B658F0FF13E256,DECOMPILED,COLOR_SCIENCE_TRANSCODE,FACT,
libARKernelInterface.so,libARKernelInterface_fn_005a012c,0x005a012c,0x005a012c,16,.text,_ZN11arkernelcpp34ARKernelSlimV3PartControlInterface16ClearSliderValueEv,_ZN11arkernelcpp34ARKernelSlimV3PartControlInterface16ClearSliderValueEv,True,False,False,0,0,,,,,,,8C243ACD1C95AE546259BFB56EF2E6CE9D7D0EDCC2198B59C49DC3C6C56BE2C9,DECOMPILED,COLOR_SCIENCE_TRANSCODE,FACT,
libARKernelInterface.so,libARKernelInterface_fn_005a013c,0x005a013c,0x005a013c,16,.text,_ZN11arkernelcpp34ARKernelSlimV3PartControlInterface17SetMaxSupportBodyEi,_ZN11arkernelcpp34ARKernelSlimV3PartControlInterface17SetMaxSupportBodyEi,True,False,False,0,0,,,,,,,01A5A3A7A3FB73D12272252DC075604137F1D81E880D0F7C3C343C0776AAF65F,DECOMPILED,HAIR_PROCESSING_CORE,FACT,
libARKernelInterface.so,libARKernelInterface_fn_005a014c,0x005a014c,0x005a014c,16,.text,_ZN11arkernelcpp34ARKernelSlimV3PartControlInterface17GetMaxSupportBodyEv,_ZN11arkernelcpp34ARKernelSlimV3PartControlInterface17GetMaxSupportBodyEv,True,False,False,0,0,,,,,,,DBEF26B1834758B0CBD40AC55A4FA4A8BAA1C1CF69E8D64FDC5988BEF21603BC,DECOMPILED,HAIR_PROCESSING_CORE,FACT,
libARKernelInterface.so,libARKernelInterface_fn_005a015c,0x005a015c,0x005a015c,20,.text,_ZN11arkernelcpp34ARKernelSlimV3PartControlInterface25SetForceUsingSigModelDataEb,_ZN11arkernelcpp34ARKernelSlimV3PartControlInterface25SetForceUsingSigModelDataEb,True,False,False,0,0,,,,,,,0CEF4F67555729A349E03B2538C8055D9BA25407CFB44A76F3EF7C119816CD33,DECOMPILED,COLOR_SCIENCE_TRANSCODE,FACT,
libARKernelInterface.so,libARKernelInterface_fn_005a0170,0x005a0170,0x005a0170,20,.text,_ZN11arkernelcpp34ARKernelSlimV3PartControlInterface21SetSwitchSigModelDataEb,_ZN11arkernelcpp34ARKernelSlimV3PartControlInterface21SetSwitchSigModelDataEb,True,False,False,0,0,,,,,,,0D219F4A0DE0A1AA1CC3B94B9EFBAF2626517EAFEDCFB95470B750A8CD372DD0,DECOMPILED,COLOR_SCIENCE_TRANSCODE,FACT,
libARKernelInterface.so,libARKernelInterface_fn_005a0a28,0x005a0a28,0x005a0a28,20,.text,_ZN11arkernelcpp34ARKernelStaticPartControlInterface9GetMUTypeEv,_ZN11arkernelcpp34ARKernelStaticPartControlInterface9GetMUTypeEv,True,False,False,0,0,,,,,,,EC33AF3970643F89D86A01F11E139044F6BE8911E6F949BD92A95F4FB679E878,DECOMPILED,COLOR_SCIENCE_TRANSCODE,FACT,
libARKernelInterface.so,libARKernelInterface_fn_005a0a3c,0x005a0a3c,0x005a0a3c,16,.text,_ZN11arkernelcpp34ARKernelStaticPartControlInterface16GetEyeShadowTypeEv,_ZN11arkernelcpp34ARKernelStaticPartControlInterface16GetEyeShadowTypeEv,True,False,False,0,0,,,,,,,944E0472032A52D691D428002C0FDBBB913B79A408F258818E235C428B6CD4D6,DECOMPILED,COLOR_SCIENCE_TRANSCODE,FACT,
libARKernelInterface.so,libARKernelInterface_fn_005a0a4c,0x005a0a4c,0x005a0a4c,16,.text,_ZN11arkernelcpp34ARKernelStaticPartControlInterface12GetOperationEv,_ZN11arkernelcpp34ARKernelStaticPartControlInterface12GetOperationEv,True,False,False,0,0,,,,,,,1E390BC65D65EF0F20621C3C0AD472D8C620C8CA013027BC311D7677F37A51C1,DECOMPILED,COLOR_SCIENCE_TRANSCODE,FACT,
libARKernelInterface.so,libARKernelInterface_fn_005a0a5c,0x005a0a5c,0x005a0a5c,72,.text,_ZN11arkernelcpp34ARKernelStaticPartControlInterface17GetIsGlobalFilterEv,_ZN11arkernelcpp34ARKernelStaticPartControlInterface17GetIsGlobalFilterEv,True,False,False,0,2,,0x009e1174;0x009e1180,,,,,324F434216AB19035E7070C68BB43A6534D0F5BEE55CDD2ECA43883CE19B7410,DECOMPILED,GPU_FBO_RENDER_PASS,FACT,
libARKernelInterface.so,libARKernelInterface_fn_005a0aa4,0x005a0aa4,0x005a0aa4,160,.text,_ZN11arkernelcpp34ARKernelStaticPartControlInterface16GetHairMidPointsEv,_ZN11arkernelcpp34ARKernelStaticPartControlInterface16GetHairMidPointsEv,True,False,False,0,3,,0x01046ab0;0x01046900;0x01046ac0,0x01046ab0;0x01046900;0x01046ac0,,,,51E8C2DA726A3C04BDEBE5BBB380AC7AAF1FD270AF817FCFDF9F002714969ADF,DECOMPILED,HAIR_PROCESSING_CORE,FACT,
libARKernelInterface.so,libARKernelInterface_fn_005a0b44,0x005a0b44,0x005a0b44,108,.text,_ZN11arkernelcpp34ARKernelStaticPartControlInterface16SetHairMidPointsENSt6__ndk16vectorIfNS1_9allocatorIfEEEE,_ZN11arkernelcpp34ARKernelStaticPartControlInterface16SetHairMidPointsENSt6__ndk16vectorIfNS1_9allocatorIfEEEE,True,False,False,0,4,,0x0059c78c;0x009e2eb8;0x01046a20;0x01046950,0x01046a20;0x01046950,,,,8046C19E72DD70BAB5B03EFC6FE020B771B5598EC2DFFD7692B54246F506DDA3,DECOMPILED,HAIR_PROCESSING_CORE,FACT,
libARKernelInterface.so,libARKernelInterface_fn_005a0bb0,0x005a0bb0,0x005a0bb0,208,.text,_ZN11arkernelcpp34ARKernelStaticPartControlInterface22GetMakeupInfoWaterMarkEv,_ZN11arkernelcpp34ARKernelStaticPartControlInterface22GetMakeupInfoWaterMarkEv,True,False,False,0,6,,0x0058f19c;0x009e2c94;0x009e2cc4;0x01046a20;0x009e1180,0x01046a20;0x01046950,,,,90A6B40A8A9A9E2F165E09B350997163DCC135D775CC3B744B0834124A2C4D68,DECOMPILED,COLOR_SCIENCE_TRANSCODE,FACT,
libARKernelInterface.so,libARKernelInterface_fn_005a0c80,0x005a0c80,0x005a0c80,24,.text,_ZN11arkernelcpp14UnicodeConvert11UTF8ToUTF32ERKNSt6__ndk112basic_stringIcNS1_11char_traitsIcEENS1_9allocatorIcEEEERNS2_IDiNS3_IDiEENS5_IDiEEEE,_ZN11arkernelcpp14UnicodeConvert11UTF8ToUTF32ERKNSt6__ndk112basic_stringIcNS1_11char_traitsIcEENS1_9allocatorIcEEEERNS2_IDiNS3_IDiEENS5_IDiEEEE,True,False,False,0,1,,0x005b612c,,,,,BF8CCC2DEE9A2C9262A1901584A4D63D76DE710776C8A5751B53B0316E73D32B,DECOMPILED,UTILITY_FUNCTION,FACT,
libARKernelInterface.so,libARKernelInterface_fn_005a0c98,0x005a0c98,0x005a0c98,16,.text,_ZN11arkernelcpp14UnicodeConvert11UTF8ToUTF32ERKNSt6__ndk112basic_stringIcNS1_11char_traitsIcEENS1_9allocatorIcEEEE,_ZN11arkernelcpp14UnicodeConvert11UTF8ToUTF32ERKNSt6__ndk112basic_stringIcNS1_11char_traitsIcEENS1_9allocatorIcEEEE,True,False,False,0,0,,,,,,,8452BF9FB82EFDCDC1529AEA8022E1FCB4EC67D035766C8FBC3A46B047ED6005,DECOMPILED,UTILITY_FUNCTION,FACT,
libARKernelInterface.so,libARKernelInterface_fn_005a0ca8,0x005a0ca8,0x005a0ca8,4,.text,_ZN11arkernelcpp14UnicodeConvert11UTF32ToUTF8ERKNSt6__ndk112basic_stringIDiNS1_11char_traitsIDiEENS1_9allocatorIDiEEEERNS2_IcNS3_IcEENS5_IcEEEE,_ZN11arkernelcpp14UnicodeConvert11UTF32ToUTF8ERKNSt6__ndk112basic_stringIDiNS1_11char_traitsIDiEENS1_9allocatorIDiEEEERNS2_IcNS3_IcEENS5_IcEEEE,True,False,False,0,0,,,,,,,79693ECAE7ED0F1743ED7DE07F147BA8E6F258D4849AC07ACEA63836B246DCD7,DECOMPILED,UTILITY_FUNCTION,FACT,
libARKernelInterface.so,libARKernelInterface_fn_005a0cac,0x005a0cac,0x005a0cac,16,.text,_ZN11arkernelcpp14UnicodeConvert11UTF32ToUTF8ERKNSt6__ndk112basic_stringIDiNS1_11char_traitsIDiEENS1_9allocatorIDiEEEE,_ZN11arkernelcpp14UnicodeConvert11UTF32ToUTF8ERKNSt6__ndk112basic_stringIDiNS1_11char_traitsIDiEENS1_9allocatorIDiEEEE,True,False,False,0,0,,,,,,,F1127F3BB26B6237B349410A4E71B91262E385FBBA703C12A219CDD7D113C562,DECOMPILED,UTILITY_FUNCTION,FACT,
libARKernelInterface.so,libARKernelInterface_fn_005a0cbc,0x005a0cbc,0x005a0cbc,908,.text,_ZN11arkernelcpp14UnicodeConvert13graphemeSplitERKNSt6__ndk112basic_stringIcNS1_11char_traitsIcEENS1_9allocatorIcEEEERNS1_6vectorINS2_IDiNS3_IDiEENS5_IDiEEEENS5_ISD_EEEE,_ZN11arkernelcpp14UnicodeConvert13graphemeSplitERKNSt6__ndk112basic_stringIcNS1_11char_traitsIcEENS1_9allocatorIcEEEERNS1_6vectorINS2_IDiNS3_IDiEENS5_IDiEEEENS5_ISD_EEEE,True,False,False,0,20,,0x01046920;0x005b6134;0x005a41d0;0x01046a20;0x01046980,0x01046920;0x01046a20;0x01046980;0x01046a00;0x01046a20,,,,506161ED053A41485F5051F0512BAF2F731216111054B66C17336D5DC7F5923B,DECOMPILED,UTILITY_FUNCTION,FACT,
libARKernelInterface.so,libARKernelInterface_fn_005a14f0,0x005a14f0,0x005a14f0,396,.text,_ZN11arkernelcpp16InquireInterface16isARParamSupportERKNSt6__ndk112basic_stringIcNS1_11char_traitsIcEENS1_9allocatorIcEEEE,_ZN11arkernelcpp16InquireInterface16isARParamSupportERKNSt6__ndk112basic_stringIcNS1_11char_traitsIcEENS1_9allocatorIcEEEE,True,False,False,0,7,,0x0058f19c;0x01047810;0x01046ad0;0x01046a20;0x01046a20,0x01047810;0x01046ad0;0x01046a20;0x01046a20;0x01046950,'func_',,,10C63935E94E7039D90982B8DDFFC5329017B87F2CAE94FAEC130786AD69E387,DECOMPILED,FACIAL_SEGMENTATION_MATTE,FACT,
libARKernelInterface.so,libARKernelInterface_fn_005a167c,0x005a167c,0x005a167c,1580,.text,_ZN11arkernelcpp9LayerPath14ParseLayerPathENSt6__ndk112basic_stringIcNS1_11char_traitsIcEENS1_9allocatorIcEEEERNS_14TextPathConfigE,_ZN11arkernelcpp9LayerPath14ParseLayerPathENSt6__ndk112basic_stringIcNS1_11char_traitsIcEENS1_9allocatorIcEEEERNS_14TextPathConfigE,True,False,False,0,38,,0x01046a20;0x0058f19c;0x0058f19c;0x0068bc60;0x01046a20,0x01046a20;0x01046a20;0x01046a20;0x01046a20;0x01046a20,'Enable';'aceEmotionFactor';'JsonPath',,,5EE2DB653CBC346168F217643DE74A57EC3F7849DBAF9FC65D15D86CD2E6DDEB,DECOMPILED,FACIAL_SEGMENTATION_MATTE,FACT,
libARKernelInterface.so,libARKernelInterface_fn_005a1ca8,0x005a1ca8,0x005a1ca8,256,.text,_ZN11arkernelcpp9LayerWarp14ParseLayerWarpENSt6__ndk112basic_stringIcNS1_11char_traitsIcEENS1_9allocatorIcEEEERNS_10WarpConfigE,_ZN11arkernelcpp9LayerWarp14ParseLayerWarpENSt6__ndk112basic_stringIcNS1_11char_traitsIcEENS1_9allocatorIcEEEERNS_10WarpConfigE,True,False,False,0,7,,0x005a1da8;0x00570f58;0x007394f0;0x01046a20;0x01046a70,0x01046a20;0x01046a70;0x01046950,,,,88B71F39AF0900BEECC84BC116C061DCA814AAB79F9A7D6B14F3C7F74086697A,DECOMPILED,FACIAL_SEGMENTATION_MATTE,FACT,
libARKernelInterface.so,libARKernelInterface_fn_005a2038,0x005a2038,0x005a2038,188,.text,_ZN11arkernelcpp9LayerNote14ParseLayerNoteENSt6__ndk112basic_stringIcNS1_11char_traitsIcEENS1_9allocatorIcEEEERNS_14TextNoteConfigE,_ZN11arkernelcpp9LayerNote14ParseLayerNoteENSt6__ndk112basic_stringIcNS1_11char_traitsIcEENS1_9allocatorIcEEEERNS_14TextNoteConfigE,True,False,False,0,7,,0x005a20f4;0x00570f58;0x005ca8c0;0x01046a20;0x005a21b8,0x01046a20;0x01046950,,,,8064E6792A9D6E75D4E6612C91AE57E268F8DCD046F9804C01D6C0C2B397E4A7,DECOMPILED,FACIAL_SEGMENTATION_MATTE,FACT,
libARKernelInterface.so,libARKernelInterface_fn_005a22c8,0x005a22c8,0x005a22c8,132,.text,_ZN11arkernelcpp9LayerNote18ParseJsonLayerNoteENSt6__ndk112basic_stringIcNS1_11char_traitsIcEENS1_9allocatorIcEEEERNS_14TextNoteConfigE,_ZN11arkernelcpp9LayerNote18ParseJsonLayerNoteENSt6__ndk112basic_stringIcNS1_11char_traitsIcEENS1_9allocatorIcEEEERNS_14TextNoteConfigE,True,False,False,0,5,,0x005a20f4;0x005b8504;0x005a21b8;0x005a227c;0x01046950,0x01046950,,,,05C54F74592EB015B45C094E3F09632149B3BC05DD0BA0AF5A7B77ABD39B1069,DECOMPILED,FACIAL_SEGMENTATION_MATTE,FACT,
libARKernelInterface.so,libARKernelInterface_fn_005a234c,0x005a234c,0x005a234c,2424,.text,_ZN11arkernelcpp9LayerText20parseTextLayerConfigERKNSt6__ndk112basic_stringIcNS1_11char_traitsIcEENS1_9allocatorIcEEEERNS_10TextConfigE,_ZN11arkernelcpp9LayerText20parseTextLayerConfigERKNSt6__ndk112basic_stringIcNS1_11char_traitsIcEENS1_9allocatorIcEEEERNS_10TextConfigE,True,False,False,0,32,,0x01047700;0x01047700;0x00570f58;0x005c9430;0x01046a20,0x01047700;0x01047700;0x01046a20;0x01046a70;0x01046b10,,,,223914C6ADD2AE4F85C3A47DE75D3A560950E6D53C6C32D70F7898D43BF77189,DECOMPILED,FACIAL_SEGMENTATION_MATTE,FACT,
libARKernelInterface.so,libARKernelInterface_fn_005a34f8,0x005a34f8,0x005a34f8,4,.text,_ZN11arkernelcpp13BodyFaceUtils23MatchBodyFaceToBodyDataEPNS_25ARKernelBodyDataInterfaceEPKNS_25ARKernelFaceDataInterfaceE,_ZN11arkernelcpp13BodyFaceUtils23MatchBodyFaceToBodyDataEPNS_25ARKernelBodyDataInterfaceEPKNS_25ARKernelFaceDataInterfaceE,True,False,False,0,0,,,,,,,66F0F8D978906A9967EF0505C005E000FDC8DDC5BBD71BD21E8BE70BAEA207A5,DECOMPILED,FACIAL_SEGMENTATION_MATTE,FACT,
libARKernelInterface.so,libARKernelInterface_fn_005a5608,0x005a5608,0x005a5608,16,.text,_ZN11arkernelcpp17ARKernelParamBase8DispatchEv,_ZN11arkernelcpp17ARKernelParamBase8DispatchEv,True,False,False,0,0,,,,,,,B071E3BF75FE4E314F03801DB1B1EB45862C51789E8772CEB4FAC7ADD69744F3,DECOMPILED,UTILITY_FUNCTION,FACT,
libARKernelInterface.so,libARKernelInterface_fn_005a5618,0x005a5618,0x005a5618,20,.text,_ZN11arkernelcpp17ARKernelParamBase12GetParamTypeEv,_ZN11arkernelcpp17ARKernelParamBase12GetParamTypeEv,True,False,False,0,0,,,,,,,2DAF24006D15AA8DB9340DA86A9F1B056420AC8D52A1153149FC7D74E40D6539,DECOMPILED,UTILITY_FUNCTION,FACT,
libARKernelInterface.so,libARKernelInterface_fn_005a562c,0x005a562c,0x005a562c,24,.text,_ZN11arkernelcpp17ARKernelParamBase15GetParamKeyNameEv,_ZN11arkernelcpp17ARKernelParamBase15GetParamKeyNameEv,True,False,False,0,0,,,,,,,594454F27B38BFFF070C5D6880B80043E65786F9AB0DFF9C5123F1B121906595,DECOMPILED,UTILITY_FUNCTION,FACT,
libARKernelInterface.so,libARKernelInterface_fn_005a5644,0x005a5644,0x005a5644,16,.text,_ZN11arkernelcpp17ARKernelParamBase12GetParamFlagEv,_ZN11arkernelcpp17ARKernelParamBase12GetParamFlagEv,True,False,False,0,0,,,,,,,6CFDC906F0216C32A311A9365F050949F180840808A6E4226F8611D71B20EB17,DECOMPILED,UTILITY_FUNCTION,FACT,
libARKernelInterface.so,libARKernelInterface_fn_005a5654,0x005a5654,0x005a5654,24,.text,_ZN11arkernelcpp17ARKernelParamBase14GetChineseNameEv,_ZN11arkernelcpp17ARKernelParamBase14GetChineseNameEv,True,False,False,0,0,,,,,,,F30893C8908AD9AA859A27A31774879957587AF6272166C35E17A5D18CF855F3,DECOMPILED,UTILITY_FUNCTION,FACT,
libARKernelInterface.so,libARKernelInterface_fn_005a566c,0x005a566c,0x005a566c,24,.text,_ZN11arkernelcpp17ARKernelParamBase14GetEnglishNameEv,_ZN11arkernelcpp17ARKernelParamBase14GetEnglishNameEv,True,False,False,0,0,,,,,,,1D210EAE556B66DC8B2C1E2F858F2643EDD7BAC2EC5A6B402DF48A0677975F5C,DECOMPILED,UTILITY_FUNCTION,FACT,
libARKernelInterface.so,libARKernelInterface_fn_005a5684,0x005a5684,0x005a5684,24,.text,_ZN11arkernelcpp17ARKernelParamBase18GetTraditionalNameEv,_ZN11arkernelcpp17ARKernelParamBase18GetTraditionalNameEv,True,False,False,0,0,,,,,,,83BC9E9DA5C4A0817B25182F47B12C35193080D326BCE17B5238AF0408131BE6,DECOMPILED,UTILITY_FUNCTION,FACT,
libARKernelInterface.so,libARKernelInterface_fn_005a569c,0x005a569c,0x005a569c,24,.text,_ZN11arkernelcpp17ARKernelParamBase6GetKeyEv,_ZN11arkernelcpp17ARKernelParamBase6GetKeyEv,True,False,False,0,0,,,,,,,0F5FDD3F06CBDCF23192E09F2DD9F0DFD8667A3343E3049B796FF9AF005C663F,DECOMPILED,UTILITY_FUNCTION,FACT,
libARKernelInterface.so,libARKernelInterface_fn_005a56b4,0x005a56b4,0x005a56b4,8,.text,_ZN11arkernelcpp17ARKernelParamBase11SetInstanceEPv,_ZN11arkernelcpp17ARKernelParamBase11SetInstanceEPv,True,False,False,0,0,,,,,,,AB203C9F462E14BD4E997DB2460790FD1A22F16C02C4FCEF69FD84FCDC395371,DECOMPILED,UTILITY_FUNCTION,FACT,
libARKernelInterface.so,libARKernelInterface_fn_005a56bc,0x005a56bc,0x005a56bc,20,.text,_ZN11arkernelcpp17ARKernelParamBaseC1Ev,_ZN11arkernelcpp17ARKernelParamBaseC1Ev,True,False,False,0,0,,,,,,,E41C3FD4F89C2AAF50215B20B7D9BD3722F1BF13A70B87B98C801F8E680F1E40,DECOMPILED,UTILITY_FUNCTION,FACT,
libARKernelInterface.so,libARKernelInterface_fn_005a56d0,0x005a56d0,0x005a56d0,20,.text,_ZN11arkernelcpp17ARKernelParamBaseD1Ev,_ZN11arkernelcpp17ARKernelParamBaseD1Ev,True,False,False,0,0,,,,,,,E41C3FD4F89C2AAF50215B20B7D9BD3722F1BF13A70B87B98C801F8E680F1E40,DECOMPILED,UTILITY_FUNCTION,FACT,
libARKernelInterface.so,libARKernelInterface_fn_005a56e4,0x005a56e4,0x005a56e4,36,.text,_ZN11arkernelcpp17ARKernelParamBaseD0Ev,_ZN11arkernelcpp17ARKernelParamBaseD0Ev,True,False,False,0,1,,0x01048140,0x01048140,,,,66D591BC2C5CBB090782D7A7A47E64051D0FD49A27A3E1B6519CB83944B984A0,DECOMPILED,UTILITY_FUNCTION,FACT,
libARKernelInterface.so,libARKernelInterface_fn_005a5708,0x005a5708,0x005a5708,16,.text,_ZN11arkernelcpp18ARKernelParamColor19SetCurrentColorInfoEfff,_ZN11arkernelcpp18ARKernelParamColor19SetCurrentColorInfoEfff,True,False,False,0,0,,,,,,,6D72B0C2D0C2B6F8AAD5E5DD202660F301711479A965C750D9026613B00E5B60,DECOMPILED,COLOR_SCIENCE_TRANSCODE,FACT,
libARKernelInterface.so,libARKernelInterface_fn_005a5718,0x005a5718,0x005a5718,16,.text,_ZN11arkernelcpp18ARKernelParamColor20SetCurrentColorAlphaEf,_ZN11arkernelcpp18ARKernelParamColor20SetCurrentColorAlphaEf,True,False,False,0,0,,,,,,,24013466A2B1608A39307720133627E2333F86498FB38D988F17C1FFC9BA1BAE,DECOMPILED,COLOR_SCIENCE_TRANSCODE,FACT,
libARKernelInterface.so,libARKernelInterface_fn_005a5728,0x005a5728,0x005a5728,16,.text,_ZN11arkernelcpp18ARKernelParamColor22SetCurrentColorOpacityEf,_ZN11arkernelcpp18ARKernelParamColor22SetCurrentColorOpacityEf,True,False,False,0,0,,,,,,,2817DE93C26685C6C7A40FB0DDD6A5198D3C1B8033CD939809A0243618FB280D,DECOMPILED,COLOR_SCIENCE_TRANSCODE,FACT,
libARKernelInterface.so,libARKernelInterface_fn_005a5738,0x005a5738,0x005a5738,24,.text,_ZN11arkernelcpp18ARKernelParamColor15GetCurrentColorENS_18ParamColorTypeEnumE,_ZN11arkernelcpp18ARKernelParamColor15GetCurrentColorENS_18ParamColorTypeEnumE,True,False,False,0,0,,,,,,,BEC43B1F39AE5F1C94FDB9D5C43159138BFE9D795DBFFC1411C26DE69FC72169,DECOMPILED,COLOR_SCIENCE_TRANSCODE,FACT,
libARKernelInterface.so,libARKernelInterface_fn_005a5750,0x005a5750,0x005a5750,16,.text,_ZN11arkernelcpp18ARKernelParamColor12GetColorTypeEv,_ZN11arkernelcpp18ARKernelParamColor12GetColorTypeEv,True,False,False,0,0,,,,,,,90E64DF4A37CB124FA1473C2A7D34BEDF45411C5470EDFDB415AC9EEF7604188,DECOMPILED,COLOR_SCIENCE_TRANSCODE,FACT,
libARKernelInterface.so,libARKernelInterface_fn_005a5760,0x005a5760,0x005a5760,20,.text,_ZN11arkernelcpp18ARKernelParamColor15GetCurrentAlphaEv,_ZN11arkernelcpp18ARKernelParamColor15GetCurrentAlphaEv,True,False,False,0,0,,,,,,,A1FE3979B2DB2F119DFA8C7A6BE51EC7530F0956AC2A52E6B63B08172EE383EB,DECOMPILED,COLOR_SCIENCE_TRANSCODE,FACT,
libARKernelInterface.so,libARKernelInterface_fn_005a5774,0x005a5774,0x005a5774,20,.text,_ZN11arkernelcpp18ARKernelParamColor17GetCurrentOpacityEv,_ZN11arkernelcpp18ARKernelParamColor17GetCurrentOpacityEv,True,False,False,0,0,,,,,,,146A9EF541DD91883C8FE6A9D69735475049FF6C61C29FB917EBD5937FA1F78D,DECOMPILED,COLOR_SCIENCE_TRANSCODE,FACT,
libARKernelInterface.so,libARKernelInterface_fn_005a5788,0x005a5788,0x005a5788,24,.text,_ZN11arkernelcpp18ARKernelParamColor15GetDefaultColorENS_18ParamColorTypeEnumE,_ZN11arkernelcpp18ARKernelParamColor15GetDefaultColorENS_18ParamColorTypeEnumE,True,False,False,0,0,,,,,,,723FCB1573671B2C07B9E27A46D86E41762D0C65DF887E7D65C3687CD774A8B0,DECOMPILED,COLOR_SCIENCE_TRANSCODE,FACT,
libARKernelInterface.so,libARKernelInterface_fn_005a57a0,0x005a57a0,0x005a57a0,20,.text,_ZN11arkernelcpp18ARKernelParamColor15GetDefaultAlphaEv,_ZN11arkernelcpp18ARKernelParamColor15GetDefaultAlphaEv,True,False,False,0,0,,,,,,,FC651DE948A3848BBC90171BB36CF8E2AB2255AA35DA5F3D53E61E616331F269,DECOMPILED,COLOR_SCIENCE_TRANSCODE,FACT,
libARKernelInterface.so,libARKernelInterface_fn_005a57b4,0x005a57b4,0x005a57b4,20,.text,_ZN11arkernelcpp18ARKernelParamColor17GetDefaultOpacityEv,_ZN11arkernelcpp18ARKernelParamColor17GetDefaultOpacityEv,True,False,False,0,0,,,,,,,01F72087F5A5BEE687C519CF2435814E3B41F3B22566D365BFFC3497541586AE,DECOMPILED,COLOR_SCIENCE_TRANSCODE,FACT,
libARKernelInterface.so,libARKernelInterface_fn_005a57c8,0x005a57c8,0x005a57c8,20,.text,_ZN11arkernelcpp18ARKernelParamColor12GetMaxHValueEv,_ZN11arkernelcpp18ARKernelParamColor12GetMaxHValueEv,True,False,False,0,0,,,,,,,48FBE57CEE7503C06FE6E55EAC5BB0660E5014E3B1BDEB34753F7B3A162E5A66,DECOMPILED,COLOR_SCIENCE_TRANSCODE,FACT,
libARKernelInterface.so,libARKernelInterface_fn_005a57dc,0x005a57dc,0x005a57dc,20,.text,_ZN11arkernelcpp18ARKernelParamColor12GetMinHValueEv,_ZN11arkernelcpp18ARKernelParamColor12GetMinHValueEv,True,False,False,0,0,,,,,,,5E1E4795850F75D1B6EEEDA4169C1E59C3CDD97AC70972C3384697087F3D9C13,DECOMPILED,COLOR_SCIENCE_TRANSCODE,FACT,
libARKernelInterface.so,libARKernelInterface_fn_005a57f0,0x005a57f0,0x005a57f0,16,.text,_ZN11arkernelcpp21ARKernelParamPosition17SetCurrentValueXYEff,_ZN11arkernelcpp21ARKernelParamPosition17SetCurrentValueXYEff,True,False,False,0,0,,,,,,,B0CE937AEAC0B704A0E95AE32D00648B4EC03F124EE208458A868DC5E9DF4442,DECOMPILED,UTILITY_FUNCTION,FACT,
libARKernelInterface.so,libARKernelInterface_fn_005a5800,0x005a5800,0x005a5800,16,.text,_ZN11arkernelcpp21ARKernelParamPosition18SetCurrentValueXYZEfff,_ZN11arkernelcpp21ARKernelParamPosition18SetCurrentValueXYZEfff,True,False,False,0,0,,,,,,,69E97DF428D406310EB71BDBC9AB63672198F200F6D070B3DF576B24AD5D69BD,DECOMPILED,UTILITY_FUNCTION,FACT,
libARKernelInterface.so,libARKernelInterface_fn_005a5810,0x005a5810,0x005a5810,16,.text,_ZN11arkernelcpp21ARKernelParamPosition19SetCurrentValueXYZWEffff,_ZN11arkernelcpp21ARKernelParamPosition19SetCurrentValueXYZWEffff,True,False,False,0,0,,,,,,,89F3C1D3E730F7CC73D441D2CAFE91136AC561079E000AB9DBF9ADD7A2E7991E,DECOMPILED,UTILITY_FUNCTION,FACT,
libARKernelInterface.so,libARKernelInterface_fn_005a5820,0x005a5820,0x005a5820,16,.text,_ZN11arkernelcpp21ARKernelParamPosition15GetPositionTypeEv,_ZN11arkernelcpp21ARKernelParamPosition15GetPositionTypeEv,True,False,False,0,0,,,,,,,9EF17BB6121F595B301EC9DE813DE37FFFC5AE35DB9E394A9A1225346019A149,DECOMPILED,UTILITY_FUNCTION,FACT,
libARKernelInterface.so,libARKernelInterface_fn_005a5830,0x005a5830,0x005a5830,20,.text,_ZN11arkernelcpp21ARKernelParamPosition11GetCurrentXEv,_ZN11arkernelcpp21ARKernelParamPosition11GetCurrentXEv,True,False,False,0,0,,,,,,,C6C38BFF9130B5DF2BAAC9ED95630BB6E673D25CB34FE97230FDAED1DDE62A5A,DECOMPILED,UTILITY_FUNCTION,FACT,
libARKernelInterface.so,libARKernelInterface_fn_005a5844,0x005a5844,0x005a5844,20,.text,_ZN11arkernelcpp21ARKernelParamPosition11GetCurrentYEv,_ZN11arkernelcpp21ARKernelParamPosition11GetCurrentYEv,True,False,False,0,0,,,,,,,C1FEBE8374883DA7AF2C634120FB4411B26A15964A0C27984BEF16AD806C5821,DECOMPILED,UTILITY_FUNCTION,FACT,
libARKernelInterface.so,libARKernelInterface_fn_005a5858,0x005a5858,0x005a5858,20,.text,_ZN11arkernelcpp21ARKernelParamPosition11GetCurrentZEv,_ZN11arkernelcpp21ARKernelParamPosition11GetCurrentZEv,True,False,False,0,0,,,,,,,2E7C50166D3D703EA38B64F6B9BF7CA8E818657400204F2CE3FE52EA458AB649,DECOMPILED,UTILITY_FUNCTION,FACT,
libARKernelInterface.so,libARKernelInterface_fn_005a586c,0x005a586c,0x005a586c,20,.text,_ZN11arkernelcpp21ARKernelParamPosition11GetCurrentWEv,_ZN11arkernelcpp21ARKernelParamPosition11GetCurrentWEv,True,False,False,0,0,,,,,,,45D07E40CD5A8717D940F85A146457D00298434A94BBBC889BE8B2FEF4C78DA4,DECOMPILED,UTILITY_FUNCTION,FACT,
libARKernelInterface.so,libARKernelInterface_fn_005a5880,0x005a5880,0x005a5880,20,.text,_ZN11arkernelcpp21ARKernelParamPosition11GetDefaultXEv,_ZN11arkernelcpp21ARKernelParamPosition11GetDefaultXEv,True,False,False,0,0,,,,,,,A9A8BAC0674B38B6655CD0759C444017D8DD7ACA85279675AE08A305B11BBB7D,DECOMPILED,UTILITY_FUNCTION,FACT,
libARKernelInterface.so,libARKernelInterface_fn_005a5894,0x005a5894,0x005a5894,20,.text,_ZN11arkernelcpp21ARKernelParamPosition11GetDefaultYEv,_ZN11arkernelcpp21ARKernelParamPosition11GetDefaultYEv,True,False,False,0,0,,,,,,,C6F87E05282597DBFF21C4ADE107DA0A97262A718B28F99AC362229D82837A8A,DECOMPILED,UTILITY_FUNCTION,FACT,
libARKernelInterface.so,libARKernelInterface_fn_005a58a8,0x005a58a8,0x005a58a8,20,.text,_ZN11arkernelcpp21ARKernelParamPosition11GetDefaultZEv,_ZN11arkernelcpp21ARKernelParamPosition11GetDefaultZEv,True,False,False,0,0,,,,,,,CED0F84DB2CEB7AF27D974844CEEFA89E52728D0585416AA38FB01ABE7C726BE,DECOMPILED,UTILITY_FUNCTION,FACT,
libARKernelInterface.so,libARKernelInterface_fn_005a58bc,0x005a58bc,0x005a58bc,20,.text,_ZN11arkernelcpp21ARKernelParamPosition11GetDefaultWEv,_ZN11arkernelcpp21ARKernelParamPosition11GetDefaultWEv,True,False,False,0,0,,,,,,,5DD9EB0117BA638412387C5767F3B6437B3C6836871C5E64C0207BF66CE6687A,DECOMPILED,UTILITY_FUNCTION,FACT,
libARKernelInterface.so,libARKernelInterface_fn_005a58d0,0x005a58d0,0x005a58d0,20,.text,_ZN11arkernelcpp21ARKernelParamPosition11GetMaxValueEv,_ZN11arkernelcpp21ARKernelParamPosition11GetMaxValueEv,True,False,False,0,0,,,,,,,EDF3A4E23118503D4025864D8C5C9EE16E95BE7022193C6D031CAA8D70A9B45B,DECOMPILED,UTILITY_FUNCTION,FACT,
libARKernelInterface.so,libARKernelInterface_fn_005a58e4,0x005a58e4,0x005a58e4,20,.text,_ZN11arkernelcpp21ARKernelParamPosition11GetMinValueEv,_ZN11arkernelcpp21ARKernelParamPosition11GetMinValueEv,True,False,False,0,0,,,,,,,BA31AD371226D5003AF8D7E38968414D8713C39E3390F1B54CA85D085CFBE64C,DECOMPILED,UTILITY_FUNCTION,FACT,
libARKernelInterface.so,libARKernelInterface_fn_005a58f8,0x005a58f8,0x005a58f8,16,.text,_ZN11arkernelcpp19ARKernelParamSlider15SetCurrentValueEf,_ZN11arkernelcpp19ARKernelParamSlider15SetCurrentValueEf,True,False,False,0,0,,,,,,,0B9030727849D50759A9BD6FF94E5B24A8972BB139CB94984C36E203BF796372,DECOMPILED,UTILITY_FUNCTION,FACT,
libARKernelInterface.so,libARKernelInterface_fn_005a5908,0x005a5908,0x005a5908,20,.text,_ZN11arkernelcpp19ARKernelParamSlider15GetDefaultValueEv,_ZN11arkernelcpp19ARKernelParamSlider15GetDefaultValueEv,True,False,False,0,0,,,,,,,8A7568697826E7A2F51FEEA76C50D80ECC1CDC647BB1095FBC03133F504DA1A5,DECOMPILED,UTILITY_FUNCTION,FACT,
libARKernelInterface.so,libARKernelInterface_fn_005a591c,0x005a591c,0x005a591c,20,.text,_ZN11arkernelcpp19ARKernelParamSlider15GetCurrentValueEv,_ZN11arkernelcpp19ARKernelParamSlider15GetCurrentValueEv,True,False,False,0,0,,,,,,,65A3630A2AFCE483273121F0D49E6C60428C226DDB264F9F45D2C7D7224E65AB,DECOMPILED,UTILITY_FUNCTION,FACT,
libARKernelInterface.so,libARKernelInterface_fn_005a5930,0x005a5930,0x005a5930,20,.text,_ZN11arkernelcpp19ARKernelParamSlider11GetMaxValueEv,_ZN11arkernelcpp19ARKernelParamSlider11GetMaxValueEv,True,False,False,0,0,,,,,,,EC04F0CFEC664FAD815B4D973B6CB67AAB9CE3930C88675808D907045A021305,DECOMPILED,UTILITY_FUNCTION,FACT,
libARKernelInterface.so,libARKernelInterface_fn_005a5944,0x005a5944,0x005a5944,20,.text,_ZN11arkernelcpp19ARKernelParamSlider11GetMinValueEv,_ZN11arkernelcpp19ARKernelParamSlider11GetMinValueEv,True,False,False,0,0,,,,,,,D02A3460618811E62D0D85B99848A2558BA3A13D402494A7C811165ED9F9E20A,DECOMPILED,UTILITY_FUNCTION,FACT,
libARKernelInterface.so,libARKernelInterface_fn_005a5958,0x005a5958,0x005a5958,16,.text,_ZN11arkernelcpp24ARKernelParamSliderGroup15SetCurrentValueEf,_ZN11arkernelcpp24ARKernelParamSliderGroup15SetCurrentValueEf,True,False,False,0,0,,,,,,,8D7995A9993181020502768CEB986001D1A2F705F5162E566C917BFE1564789F,DECOMPILED,UTILITY_FUNCTION,FACT,
libARKernelInterface.so,libARKernelInterface_fn_005a5968,0x005a5968,0x005a5968,16,.text,_ZN11arkernelcpp24ARKernelParamSliderGroup22SetCurrentValueByIndexEif,_ZN11arkernelcpp24ARKernelParamSliderGroup22SetCurrentValueByIndexEif,True,False,False,0,0,,,,,,,69E97DF428D406310EB71BDBC9AB63672198F200F6D070B3DF576B24AD5D69BD,DECOMPILED,UTILITY_FUNCTION,FACT,
libARKernelInterface.so,libARKernelInterface_fn_005a5978,0x005a5978,0x005a5978,16,.text,_ZN11arkernelcpp24ARKernelParamSliderGroup12GetGroupSizeEv,_ZN11arkernelcpp24ARKernelParamSliderGroup12GetGroupSizeEv,True,False,False,0,0,,,,,,,1529DA48E0F030972FE0367588C39A1AF8BA71DD6799CC9A0F58789190FE3103,DECOMPILED,UTILITY_FUNCTION,FACT,
libARKernelInterface.so,libARKernelInterface_fn_005a5988,0x005a5988,0x005a5988,16,.text,_ZN11arkernelcpp24ARKernelParamSliderGroup12GetGroupTypeEv,_ZN11arkernelcpp24ARKernelParamSliderGroup12GetGroupTypeEv,True,False,False,0,0,,,,,,,1529DA48E0F030972FE0367588C39A1AF8BA71DD6799CC9A0F58789190FE3103,DECOMPILED,UTILITY_FUNCTION,FACT,
libARKernelInterface.so,libARKernelInterface_fn_005a5998,0x005a5998,0x005a5998,20,.text,_ZN11arkernelcpp24ARKernelParamSliderGroup15GetDefaultValueEv,_ZN11arkernelcpp24ARKernelParamSliderGroup15GetDefaultValueEv,True,False,False,0,0,,,,,,,A9A8BAC0674B38B6655CD0759C444017D8DD7ACA85279675AE08A305B11BBB7D,DECOMPILED,UTILITY_FUNCTION,FACT,
libARKernelInterface.so,libARKernelInterface_fn_005a59ac,0x005a59ac,0x005a59ac,20,.text,_ZN11arkernelcpp24ARKernelParamSliderGroup22getCurrentValueByIndexEi,_ZN11arkernelcpp24ARKernelParamSliderGroup22getCurrentValueByIndexEi,True,False,False,0,0,,,,,,,C6F87E05282597DBFF21C4ADE107DA0A97262A718B28F99AC362229D82837A8A,DECOMPILED,UTILITY_FUNCTION,FACT,
libARKernelInterface.so,libARKernelInterface_fn_005a59c0,0x005a59c0,0x005a59c0,20,.text,_ZN11arkernelcpp24ARKernelParamSliderGroup11GetMaxValueEv,_ZN11arkernelcpp24ARKernelParamSliderGroup11GetMaxValueEv,True,False,False,0,0,,,,,,,BC991F05B213DE406D26D99E2BC0DA34139967357D667C13C9F38FA2F7B4DBA2,DECOMPILED,UTILITY_FUNCTION,FACT,
libARKernelInterface.so,libARKernelInterface_fn_005a59d4,0x005a59d4,0x005a59d4,20,.text,_ZN11arkernelcpp24ARKernelParamSliderGroup11GetMinValueEv,_ZN11arkernelcpp24ARKernelParamSliderGroup11GetMinValueEv,True,False,False,0,0,,,,,,,3FD7B6BB2FCA042A9A8EC20550AB02AFFDE053CF4E4E01060B296EC5EF87300E,DECOMPILED,UTILITY_FUNCTION,FACT,
libARKernelInterface.so,libARKernelInterface_fn_005a59e8,0x005a59e8,0x005a59e8,16,.text,_ZN11arkernelcpp19ARKernelParamString15SetCurrentValueERKNSt6__ndk112basic_stringIcNS1_11char_traitsIcEENS1_9allocatorIcEEEE,_ZN11arkernelcpp19ARKernelParamString15SetCurrentValueERKNSt6__ndk112basic_stringIcNS1_11char_traitsIcEENS1_9allocatorIcEEEE,True,False,False,0,0,,,,,,,2A55AFFEC52486435CDB714C3DF78B26FE8B67DD8BBA3DA97F46B05B4AD87933,DECOMPILED,UTILITY_FUNCTION,FACT,
libARKernelInterface.so,libARKernelInterface_fn_005a59f8,0x005a59f8,0x005a59f8,24,.text,_ZN11arkernelcpp19ARKernelParamString15GetCurrentValueEv,_ZN11arkernelcpp19ARKernelParamString15GetCurrentValueEv,True,False,False,0,0,,,,,,,26276717E40B2E718EA36CE4B552C5CEA6352060C4BAF877D7350EF2C18C7940,DECOMPILED,UTILITY_FUNCTION,FACT,
libARKernelInterface.so,libARKernelInterface_fn_005a5a10,0x005a5a10,0x005a5a10,24,.text,_ZN11arkernelcpp19ARKernelParamString15GetDefaultValueEv,_ZN11arkernelcpp19ARKernelParamString15GetDefaultValueEv,True,False,False,0,0,,,,,,,0D18E429C06B970187E5E93448D4A1F17B4323220DCC59DC3D9B601E785DC012,DECOMPILED,UTILITY_FUNCTION,FACT,
libARKernelInterface.so,libARKernelInterface_fn_005a5a28,0x005a5a28,0x005a5a28,20,.text,_ZN11arkernelcpp19ARKernelParamSwitch15SetCurrentValueEb,_ZN11arkernelcpp19ARKernelParamSwitch15SetCurrentValueEb,True,False,False,0,0,,,,,,,1813B14BB9FB03E1439E5A3731D53341D5F7FB9DE056262617DBBF5F58041B5A,DECOMPILED,UTILITY_FUNCTION,FACT,
libARKernelInterface.so,libARKernelInterface_fn_005a5a3c,0x005a5a3c,0x005a5a3c,16,.text,_ZN11arkernelcpp19ARKernelParamSwitch15GetCurrentValueEv,_ZN11arkernelcpp19ARKernelParamSwitch15GetCurrentValueEv,True,False,False,0,0,,,,,,,ABAE5EB1D0D4C6B676E34370057C6652B8A1595D15019A2F7C552A12E1307DCD,DECOMPILED,UTILITY_FUNCTION,FACT,
libARKernelInterface.so,libARKernelInterface_fn_005a5a4c,0x005a5a4c,0x005a5a4c,16,.text,_ZN11arkernelcpp19ARKernelParamSwitch15GetDefaultValueEv,_ZN11arkernelcpp19ARKernelParamSwitch15GetDefaultValueEv,True,False,False,0,0,,,,,,,5687050F781E639F727E2187B7D5F8990028751C752B839F399F2A194A3C7BE0,DECOMPILED,UTILITY_FUNCTION,FACT,
libARKernelInterface.so,libARKernelInterface_fn_005a5a5c,0x005a5a5c,0x005a5a5c,44,.text,_ZN11arkernelcpp18ARKernelParamTable8GetParamEi,_ZN11arkernelcpp18ARKernelParamTable8GetParamEi,True,False,False,0,0,,,,,,,6EE92561BC8E8A5E8A9888B01FD49C12F03ED67148C9604862BA89F9DF36F26A,DECOMPILED,UTILITY_FUNCTION,FACT,
libARKernelInterface.so,libARKernelInterface_fn_005a5a88,0x005a5a88,0x005a5a88,16,.text,_ZN11arkernelcpp18ARKernelParamTable13GetParamCountEv,_ZN11arkernelcpp18ARKernelParamTable13GetParamCountEv,True,False,False,0,0,,,,,,,F580EFCDE24224F14EABE2AA0499C9E076BE7E055800F9441C6C220F96E0D9AA,DECOMPILED,UTILITY_FUNCTION,FACT,
libARKernelInterface.so,libARKernelInterface_fn_005a5a98,0x005a5a98,0x005a5a98,12,.text,_ZN11arkernelcpp18ARKernelParamTableC1Ev,_ZN11arkernelcpp18ARKernelParamTableC1Ev,True,False,False,0,0,,,,,,,57009774E1AFD1D54135CBBF5224697EC5186E68ADA28E7081F0E165CEB3C639,DECOMPILED,UTILITY_FUNCTION,FACT,
libARKernelInterface.so,libARKernelInterface_fn_005a5aa4,0x005a5aa4,0x005a5aa4,116,.text,_ZN11arkernelcpp18ARKernelParamTableD2Ev,_ZN11arkernelcpp18ARKernelParamTableD2Ev,True,False,False,0,0,,,,,,,A50149087D6B8E5794AFF5A01DBB18B6CAFF9D09646ABFDD649ED8CB45A154AB,DECOMPILED,UTILITY_FUNCTION,FACT,
libARKernelInterface.so,libARKernelInterface_fn_005a5b18,0x005a5b18,0x005a5b18,644,.text,_ZN11arkernelcpp18ARKernelParamTable11SetInstanceEPv,_ZN11arkernelcpp18ARKernelParamTable11SetInstanceEPv,True,False,False,0,20,,0x00a2d7b4;0x00a2d790;0x00a2b0e8;0x010469f0;0x01048120,0x010469f0;0x01048120;0x010469f0;0x01048120;0x010469f0,,,,FA9952A428D1D6D11294E13346C81463EE988D11FC529F60A4A7E8CE0F36C4BC,DECOMPILED,UTILITY_FUNCTION,FACT,
libARKernelInterface.so,libARKernelInterface_fn_005a5ebc,0x005a5ebc,0x005a5ebc,248,.text,_ZN11arkernelcpp22ARKernelParamTableDict8GetTableENS_14ParamTableEnumE,_ZN11arkernelcpp22ARKernelParamTableDict8GetTableENS_14ParamTableEnumE,True,False,False,0,6,,0x00a2d954;0x010469f0;0x01048160;0x01048150;0x005a6080,0x010469f0;0x01048160;0x01048150;0x01046950,,,,F2F639D7C9B64F4B4BE88654E26D5857D4FC654F9CCE1C26445091245BC9073A,DECOMPILED,UTILITY_FUNCTION,FACT,
libARKernelInterface.so,libARKernelInterface_fn_005a5fb4,0x005a5fb4,0x005a5fb4,8,.text,_ZN11arkernelcpp22ARKernelParamTableDict11SetInstanceEPv,_ZN11arkernelcpp22ARKernelParamTableDict11SetInstanceEPv,True,False,False,0,0,,,,,,,BC7D7BFE1862508F235ACEE5544AFC3A7C13A06C79CA1E67D8BA71C403DF8071,DECOMPILED,UTILITY_FUNCTION,FACT,
libARKernelInterface.so,libARKernelInterface_fn_005a5fbc,0x005a5fbc,0x005a5fbc,20,.text,_ZN11arkernelcpp22ARKernelParamTableDictC1Ev,_ZN11arkernelcpp22ARKernelParamTableDictC1Ev,True,False,False,0,0,,,,,,,7FE78542A036473184559EBE9DB4722B07D7416CFD1ECE90F5D02EC70F9E84A2,DECOMPILED,UTILITY_FUNCTION,FACT,
libARKernelInterface.so,libARKernelInterface_fn_005a5fd0,0x005a5fd0,0x005a5fd0,176,.text,_ZN11arkernelcpp22ARKernelParamTableDictD1Ev,_ZN11arkernelcpp22ARKernelParamTableDictD1Ev,True,False,False,0,3,,0x01048170;0x01046a20;0x005a6184,0x01048170;0x01046a20,,,,362E0E7782E5579CE3DAFEA9C1FA70F667F37A483076854F75967B2A1520C25B,DECOMPILED,UTILITY_FUNCTION,FACT,
libARKernelInterface.so,libARKernelInterface_fn_00697760,0x00697760,0x00697760,2048,.text,RN_nativeInitBitmapDC,,False,False,True,0,39,,0x0069721c;0x01047d50;0x0058f19c;0x00c3ccd4;0x006978d8,0x01047d50;0x01046910;0x01046910;0x01046910;0x01046910,'com/meitu/mtlab/arkernelinterface/freetype/GLXBitmap';'arkernel';'DoubleBuffer::BindSource: pTexIn error !',,com.meitu.flymedia.glx.graphics.freetype.GLXBitmap,215D544290057BE4718CF3A5D8DABBA930F841BC6C5CA3A16FF1C444103A32EE,DECOMPILED,DYNAMIC_JNI_GLXBitmap,FACT,
libARKernelInterface.so,libARKernelInterface_fn_00bfbf7c,0x00bfbf7c,0x00bfbf7c,8,.text,_ZN3SPD15SpeckleDetectorC2Ev,_ZN3SPD15SpeckleDetectorC2Ev,True,False,False,0,0,,,,,,,66985E94D68BB55C9DD2238B467227DBC2502F5538F829A06DA0D91E7E591729,DECOMPILED,UTILITY_FUNCTION,FACT,
libARKernelInterface.so,libARKernelInterface_fn_00bfbf84,0x00bfbf84,0x00bfbf84,64,.text,_ZN3SPD15SpeckleDetectorD1Ev,_ZN3SPD15SpeckleDetectorD1Ev,True,False,False,0,2,,0x01046a20;0x01046a20,0x01046a20;0x01046a20,,,,D2AFC7D25D619E94BE90949821EC2491A0D8705A58FD898860291B9DCAAE3188,DECOMPILED,UTILITY_FUNCTION,FACT,
libARKernelInterface.so,libARKernelInterface_fn_00bfbfc4,0x00bfbfc4,0x00bfbfc4,88,.text,_ZN3SPD15SpeckleDetector4initEv,_ZN3SPD15SpeckleDetector4initEv,True,False,False,0,3,,0x01046a20;0x01046a20;0x010469f0,0x01046a20;0x01046a20;0x010469f0,,,,2691ECD9D5B10B6B873AFF8BC0273E22A0DF5AE480EEE955CADCE01058EA05E7,DECOMPILED,UTILITY_FUNCTION,FACT,
libARKernelInterface.so,libARKernelInterface_fn_00bfc0ac,0x00bfc0ac,0x00bfc0ac,2048,.text,_ZN3SPD15SpeckleDetector6detectEPKhiiPiiiii,_ZN3SPD15SpeckleDetector6detectEPKhiiPiiiii,True,False,False,0,24,,0x01046930;0x01046a10;0x01048b80;0x01046930;0x01046930,0x01046930;0x01046a10;0x01048b80;0x01046930;0x01046930,,,,E7E185EEF6B6C70F79D3CED01DBDC9E32BFD71AECDB432C101B9C7962F1FF5C4,DECOMPILED,UTILITY_FUNCTION,FACT,
libARKernelInterface.so,libARKernelInterface_fn_00bfc8ac,0x00bfc8ac,0x00bfc8ac,76,.text,_ZN3SPD15SpeckleDetector9getPointsEPNS_5PointE,_ZN3SPD15SpeckleDetector9getPointsEPNS_5PointE,True,False,False,0,0,,,,,,,60C1279DEBCF391E59A152A0C666908EEEE5897FE27E24815A8723E801A76355,DECOMPILED,UTILITY_FUNCTION,FACT,
libARKernelInterface.so,libARKernelInterface_fn_00eb5ea8,0x00eb5ea8,0x00eb5ea8,232,.text,FT_Get_Advance,FT_Get_Advance,True,False,False,0,0,,,,,,,CEAD6871FA3D3D2538F9B922D3877EA9ACCBDC96BCB57F59DA7E78E9E574BB21,DECOMPILED,UTILITY_FUNCTION,FACT,
libARKernelInterface.so,libARKernelInterface_fn_00eb6004,0x00eb6004,0x00eb6004,352,.text,FT_Get_Advances,FT_Get_Advances,True,False,False,0,1,,0x01048830,0x01048830,,,,A3E4748FA46F8B7ADC4580653307CA0DA199CAF56FD7BFAE2DA72250B0644B34,DECOMPILED,UTILITY_FUNCTION,FACT,
libARKernelInterface.so,libARKernelInterface_fn_00eb6164,0x00eb6164,0x00eb6164,1192,.text,FT_Load_Glyph,FT_Load_Glyph,True,False,False,0,7,,0x00eb79f0;0x010469a0;0x01049020;0x00eb80e8;0x01049030,0x010469a0;0x01049020;0x01049030;0x01049030,'font-format';'Type 1',,,F01202AC7C9B9210D0E255597608D4CD8A8563618F7A30B25092469FD0A14250,DECOMPILED,UTILITY_FUNCTION,FACT,
libARKernelInterface.so,libARKernelInterface_fn_00eb660c,0x00eb660c,0x00eb660c,16,.text,FT_RoundFix,FT_RoundFix,True,False,False,0,0,,,,,,,FBDEC108CA21A24C5E9E5DEA27C168AD689E2A33054BCD601375180995F847AA,DECOMPILED,UTILITY_FUNCTION,FACT,
libARKernelInterface.so,libARKernelInterface_fn_00eb661c,0x00eb661c,0x00eb661c,16,.text,FT_CeilFix,FT_CeilFix,True,False,False,0,0,,,,,,,C14CD5E3B845D8EB01436CBBAA135B50CE87C129008B03672960167D91C93EBB,DECOMPILED,UTILITY_FUNCTION,FACT,
libARKernelInterface.so,libARKernelInterface_fn_00eb662c,0x00eb662c,0x00eb662c,8,.text,FT_FloorFix,FT_FloorFix,True,False,False,0,0,,,,,,,10C75096831856D72E51D48DFE231A099F7DBBE2C6865862FB248DFE471A865E,DECOMPILED,UTILITY_FUNCTION,FACT,
libARKernelInterface.so,libARKernelInterface_fn_00eb6680,0x00eb6680,0x00eb6680,280,.text,FT_Vector_Length,FT_Vector_Length,True,False,False,0,2,,0x00ebdfb8;0x01046950,0x01046950,,,,EF2A096AADE278ABD5973E64C2DE04775901839A57FF51AE3C783231373CE960,DECOMPILED,UTILITY_FUNCTION,FACT,
libARKernelInterface.so,libARKernelInterface_fn_00eb6798,0x00eb6798,0x00eb6798,88,.text,FT_MulDiv,FT_MulDiv,True,False,False,0,0,,,,,,,D8C79C1B9DFE5A822640F7E986DB12A6618837E935C1430CB4250FF08565DEC3,DECOMPILED,UTILITY_FUNCTION,FACT,
libARKernelInterface.so,libARKernelInterface_fn_00eb6844,0x00eb6844,0x00eb6844,20,.text,FT_MulFix,FT_MulFix,True,False,False,0,0,,,,,,,6C0B2A92B91B84AF5F3A527F0217AE6DF3683B7C0BA7C75FC32B1713C87EB0DB,DECOMPILED,UTILITY_FUNCTION,FACT,
libARKernelInterface.so,libARKernelInterface_fn_00eb6858,0x00eb6858,0x00eb6858,56,.text,FT_DivFix,FT_DivFix,True,False,False,0,0,,,,,,,6F7D7199012D6698CF1EDEF82092EF2270C08C9B3490C180DEC75D819F84FD5D,DECOMPILED,UTILITY_FUNCTION,FACT,
libARKernelInterface.so,libARKernelInterface_fn_00eb6890,0x00eb6890,0x00eb6890,164,.text,FT_Matrix_Multiply,FT_Matrix_Multiply,True,False,False,0,0,,,,,,,9AFA5201A3DE60E25B96056497936C280F7EFFCAA7DDB8E8083ADCA6B32984B4,DECOMPILED,UTILITY_FUNCTION,FACT,
libARKernelInterface.so,libARKernelInterface_fn_00eb6934,0x00eb6934,0x00eb6934,204,.text,FT_Matrix_Invert,FT_Matrix_Invert,True,False,False,0,0,,,,,,,C8639FFF3C8C9CD2069CF50248496176743409AE687721079CCFEDF5B9CE8A33,DECOMPILED,UTILITY_FUNCTION,FACT,
libARKernelInterface.so,libARKernelInterface_fn_00eb6da8,0x00eb6da8,0x00eb6da8,40,.text,FT_Get_Font_Format,FT_Get_Font_Format,True,False,False,0,0,,,,'font-format',,,596792D2879CD474A3B310C5DB3AA5D66CBFA4B41E4F671BBA9F14039C9DF3FE,DECOMPILED,UTILITY_FUNCTION,FACT,
libARKernelInterface.so,libARKernelInterface_fn_00eb6dd0,0x00eb6dd0,0x00eb6dd0,40,.text,FT_Get_X11_Font_Format,FT_Get_X11_Font_Format,True,False,False,0,0,,,,'font-format',,,596792D2879CD474A3B310C5DB3AA5D66CBFA4B41E4F671BBA9F14039C9DF3FE,DECOMPILED,UTILITY_FUNCTION,FACT,
libARKernelInterface.so,libARKernelInterface_fn_00eb77d4,0x00eb77d4,0x00eb77d4,8,.text,FT_Library_SetLcdFilterWeights,FT_Library_SetLcdFilterWeights,True,False,False,0,0,,,,,,,6B5EADE566E78D8649A397CB7FE17EF26A1B166B9A6810377342A0796BE72586,DECOMPILED,GPU_FBO_RENDER_PASS,FACT,
libARKernelInterface.so,libARKernelInterface_fn_00eb77dc,0x00eb77dc,0x00eb77dc,8,.text,FT_Library_SetLcdFilter,FT_Library_SetLcdFilter,True,False,False,0,0,,,,,,,6B5EADE566E78D8649A397CB7FE17EF26A1B166B9A6810377342A0796BE72586,DECOMPILED,GPU_FBO_RENDER_PASS,FACT,
libARKernelInterface.so,libARKernelInterface_fn_00eb7c2c,0x00eb7c2c,0x00eb7c2c,100,.text,FT_Outline_Get_CBox,FT_Outline_Get_CBox,True,False,False,0,0,,,,,,,CCF17A7015B76EBC03218F9741842613509EB34F77DC53538FD3257F1C63E2D5,DECOMPILED,UTILITY_FUNCTION,FACT,
libARKernelInterface.so,libARKernelInterface_fn_00eb7fe4,0x00eb7fe4,0x00eb7fe4,156,.text,FT_Set_Transform,FT_Set_Transform,True,False,False,0,0,,,,,,,3291AD4A816B12FD0A84328FFC1EA34F8AD0839F8F24F78929586DB218C34060,DECOMPILED,UTILITY_FUNCTION,FACT,
libARKernelInterface.so,libARKernelInterface_fn_00eb8080,0x00eb8080,0x00eb8080,104,.text,FT_Outline_Check,FT_Outline_Check,True,False,False,0,0,,,,,,,E4CF0A78F6714F334CDC3C20E94E7A8F6C2A046C80FCC3D8FFF7778F7C31E8A0,DECOMPILED,UTILITY_FUNCTION,FACT,
libARKernelInterface.so,libARKernelInterface_fn_00eb81ac,0x00eb81ac,0x00eb81ac,88,.text,FT_Outline_Transform,FT_Outline_Transform,True,False,False,0,1,,0x01049030,0x01049030,,,,A42B2EB4CCD4B8E6BED7B04ECB918055C454F84DC3C9722FEB108721BC23A292,DECOMPILED,UTILITY_FUNCTION,FACT,
libARKernelInterface.so,libARKernelInterface_fn_00eb8204,0x00eb8204,0x00eb8204,48,.text,FT_Outline_Translate,FT_Outline_Translate,True,False,False,0,0,,,,,,,4E24638F3C7DFF7C16B166A209DFD9B3BEDC522607B02313E34F24E90E680D4F,DECOMPILED,UTILITY_FUNCTION,FACT,
libARKernelInterface.so,libARKernelInterface_fn_00eb8234,0x00eb8234,0x00eb8234,96,.text,FT_Vector_Transform,FT_Vector_Transform,True,False,False,0,0,,,,,,,5CBC879214D27CA42323A3153255914D6652E0E04C1BD75C9BD2E79F7A09B102,DECOMPILED,UTILITY_FUNCTION,FACT,
libARKernelInterface.so,libARKernelInterface_fn_00eb8294,0x00eb8294,0x00eb8294,44,.text,FT_Render_Glyph,FT_Render_Glyph,True,False,False,0,0,,,,,,,413A238315ECB17E1750F3B5492ABA5FD628406D944B8D07298731BF3C485669,DECOMPILED,GPU_FBO_RENDER_PASS,FACT,
libARKernelInterface.so,libARKernelInterface_fn_00eb82c0,0x00eb82c0,0x00eb82c0,84,.text,FT_Load_Char,FT_Load_Char,True,False,False,0,0,,,,,,,1289E574E73548B16A0A0C7AF28C88D5782C9FEF3EED1DF83F00CFE616ADC82B,DECOMPILED,UTILITY_FUNCTION,FACT,
libARKernelInterface.so,libARKernelInterface_fn_00eb8314,0x00eb8314,0x00eb8314,64,.text,FT_Get_Char_Index,FT_Get_Char_Index,True,False,False,0,0,,,,,,,68CCB01420B1BCE15D39FC7F15777D5DDBBA981DDDB60212539AD6F26E47EAC6,DECOMPILED,UTILITY_FUNCTION,FACT,
libARKernelInterface.so,libARKernelInterface_fn_00eb8354,0x00eb8354,0x00eb8354,100,.text,FT_New_Face,FT_New_Face,True,False,False,0,2,,0x00eb83b8;0x01046950,0x01046950,,,,654C4B9A664CEE4E06ED9269314650EAEF8C8C1C10ED862EBDF07E2B4F16B61E,DECOMPILED,FACIAL_SEGMENTATION_MATTE,FACT,
libARKernelInterface.so,libARKernelInterface_fn_00eb8b10,0x00eb8b10,0x00eb8b10,112,.text,FT_New_Memory_Face,FT_New_Memory_Face,True,False,False,0,2,,0x00eb83b8;0x01046950,0x01046950,,,,8A7A2EC2452D7B95F4F5F7E36BA82BC1DC46FE6C897BEA0DFCB4DB6686DD6AD8,DECOMPILED,FACIAL_SEGMENTATION_MATTE,FACT,
libARKernelInterface.so,libARKernelInterface_fn_00eb8b80,0x00eb8b80,0x00eb8b80,8,.text,FT_Open_Face,FT_Open_Face,True,False,False,0,0,,,,,,,424886B0F50D94998E539EB0CAF748377DE4E51D0CB0EF76BFEB5CEE5BA2B7CC,DECOMPILED,FACIAL_SEGMENTATION_MATTE,FACT,
libARKernelInterface.so,libARKernelInterface_fn_00eb8b88,0x00eb8b88,0x00eb8b88,96,.text,FT_Attach_File,FT_Attach_File,True,False,False,0,2,,0x010490e0;0x01046950,0x010490e0;0x01046950,,,,6F136A2F1C614C42A9BC5363B95A34B9C03B7E722F39D33ED358CA1A4F783696,DECOMPILED,UTILITY_FUNCTION,FACT,
libARKernelInterface.so,libARKernelInterface_fn_00eb8be8,0x00eb8be8,0x00eb8be8,252,.text,FT_Attach_Stream,FT_Attach_Stream,True,False,False,0,2,,0x00eb7860;0x01046950,0x01046950,,,,0BF2B178D86B4DBA0EA9598F6612171BAEEF0B8AF5E577B832FEBEF494310D27,DECOMPILED,UTILITY_FUNCTION,FACT,
libARKernelInterface.so,libARKernelInterface_fn_00eb8ce4,0x00eb8ce4,0x00eb8ce4,40,.text,FT_Reference_Face,FT_Reference_Face,True,False,False,0,0,,,,,,,565A25D468AE11DCEAFFDF15B777FEB5BD2451B31EE40537A68B57A93CC8A194,DECOMPILED,FACIAL_SEGMENTATION_MATTE,FACT,
libARKernelInterface.so,libARKernelInterface_fn_00eb8d0c,0x00eb8d0c,0x00eb8d0c,188,.text,FT_Done_Face,FT_Done_Face,True,False,False,0,1,,0x00eb8e1c,,,,,142A0D04A7B45B0739E1171F5DB06377F53AFD322871D39D587387DF660EF7E3,DECOMPILED,FACIAL_SEGMENTATION_MATTE,FACT,
libARKernelInterface.so,libARKernelInterface_fn_00eb8dc8,0x00eb8dc8,0x00eb8dc8,36,.text,FT_List_Find,FT_List_Find,True,False,False,0,0,,,,,,,1313B7E7E83428DE59001D39BE9A608AAF2E001E148ACE7977FBAA70406CE914,DECOMPILED,UTILITY_FUNCTION,FACT,
libARKernelInterface.so,libARKernelInterface_fn_00eb8dec,0x00eb8dec,0x00eb8dec,48,.text,FT_List_Remove,FT_List_Remove,True,False,False,0,0,,,,,,,91192D30FC2416DDA11BBF8C9939EC13D3266E5B3B0272F5691D7870B0559614,DECOMPILED,UTILITY_FUNCTION,FACT,
libARKernelInterface.so,libARKernelInterface_fn_00eb8f34,0x00eb8f34,0x00eb8f34,380,.text,FT_New_Size,FT_New_Size,True,False,False,0,2,,0x00eb6e54;0x01046950,0x01046950,,,,328B687919EE008A9980999C7930091EFBF0F33AECB3850EB84EF93ADAD434FD,DECOMPILED,UTILITY_FUNCTION,FACT,
libARKernelInterface.so,libARKernelInterface_fn_00eb90b0,0x00eb90b0,0x00eb90b0,40,.text,FT_List_Add,FT_List_Add,True,False,False,0,0,,,,,,,2085AAA5A3C9CE7DEAD142726963F9C9C59D2164404744CA659AD52F0F027939,DECOMPILED,UTILITY_FUNCTION,FACT,
libARKernelInterface.so,libARKernelInterface_fn_00eb90d8,0x00eb90d8,0x00eb90d8,224,.text,FT_Done_Size,FT_Done_Size,True,False,False,0,1,,0x00eb91b8,,,,,FB7EB1F7DB548C61C9A68E91AE2A3B10A3994282584DDE3D304908C6963B3F47,DECOMPILED,UTILITY_FUNCTION,FACT,
libARKernelInterface.so,libARKernelInterface_fn_00eb9798,0x00eb9798,0x00eb9798,100,.text,FT_Select_Size,FT_Select_Size,True,False,False,0,1,,0x00eb93b4,,,,,EE55E14FCFA7E658224DDE4430EB92768F8EE890F446A9E4F6FAC3ADBD45957A,DECOMPILED,UTILITY_FUNCTION,FACT,
libARKernelInterface.so,libARKernelInterface_fn_00eb97fc,0x00eb97fc,0x00eb97fc,244,.text,FT_Request_Size,FT_Request_Size,True,False,False,0,4,,0x00eb922c;0x01049120;0x00eb94e0;0x01046950,0x01049120;0x01046950,,,,1357D054C82479D4AFCA61E2E50AA35E305E3BA703425825B8C8ACF0CC808BF1,DECOMPILED,UTILITY_FUNCTION,FACT,
libARKernelInterface.so,libARKernelInterface_fn_00eb98f0,0x00eb98f0,0x00eb98f0,160,.text,FT_Set_Char_Size,FT_Set_Char_Size,True,False,False,0,2,,0x01049130;0x01046950,0x01049130;0x01046950,,,,E209BF9F4809A1D34A72BC0389B3255B0B032DFA6AEBA1EF22EEB9C58D227D95,DECOMPILED,UTILITY_FUNCTION,FACT,
libARKernelInterface.so,libARKernelInterface_fn_00eb9990,0x00eb9990,0x00eb9990,152,.text,FT_Set_Pixel_Sizes,FT_Set_Pixel_Sizes,True,False,False,0,2,,0x01049130;0x01046950,0x01049130;0x01046950,,,,D2DBB02FE492ACC7AA03DAB761340026CD74F74CC2735DAC803ACCD41B242A1C,DECOMPILED,UTILITY_FUNCTION,FACT,
libARKernelInterface.so,libARKernelInterface_fn_00eb9a28,0x00eb9a28,0x00eb9a28,316,.text,FT_Get_Kerning,FT_Get_Kerning,True,False,False,0,0,,,,,,,39D6D04229F67159B3EE5E46C9F109D3CB57AEC61799AEB1361AFBB0FDE4FA83,DECOMPILED,UTILITY_FUNCTION,FACT,
libARKernelInterface.so,libARKernelInterface_fn_00eb9b64,0x00eb9b64,0x00eb9b64,144,.text,FT_Get_Track_Kerning,FT_Get_Track_Kerning,True,False,False,0,0,,,,'kerning',,,3746F81DF15EDCAD4D863BCBDB64725AB9D31CCFB58C6D1CC61B307F3BD0BA48,DECOMPILED,UTILITY_FUNCTION,FACT,
libARKernelInterface.so,libARKernelInterface_fn_00eb9bf4,0x00eb9bf4,0x00eb9bf4,120,.text,FT_Select_Charmap,FT_Select_Charmap,True,False,False,0,0,,,,,,,9847D13BE9678A61C093C5D9DC85F34146ECB1E774193D2B68616A02A37AC6CB,DECOMPILED,UTILITY_FUNCTION,FACT,
libARKernelInterface.so,libARKernelInterface_fn_00eb9d0c,0x00eb9d0c,0x00eb9d0c,140,.text,FT_Set_Charmap,FT_Set_Charmap,True,False,False,0,1,,0x01049150,0x01049150,,,,D5B1956EB1111547881B075AE1BBD293762EA333772D764A1675B9B9366FBFAB,DECOMPILED,UTILITY_FUNCTION,FACT,
libARKernelInterface.so,libARKernelInterface_fn_00eb9d98,0x00eb9d98,0x00eb9d98,144,.text,FT_Get_CMap_Format,FT_Get_CMap_Format,True,False,False,0,1,,0x01046950,0x01046950,'tt-cmaps',,,4170FB7038B1F00F09CBB8C4B7A9AA234F437A567804532B369A0FB30D825E7B,DECOMPILED,UTILITY_FUNCTION,FACT,
libARKernelInterface.so,libARKernelInterface_fn_00eb9e28,0x00eb9e28,0x00eb9e28,84,.text,FT_Get_Charmap_Index,FT_Get_Charmap_Index,True,False,False,0,0,,,,,,,53D96D5CFDCC75BCDACE4DF9F4100EA27473CEA7473848CEDC5A433C62FBEDEC,DECOMPILED,UTILITY_FUNCTION,FACT,
libARKernelInterface.so,libARKernelInterface_fn_00eb9fcc,0x00eb9fcc,0x00eb9fcc,180,.text,FT_Get_First_Char,FT_Get_First_Char,True,False,False,0,2,,0x01049160;0x01046950,0x01049160;0x01046950,,,,EB199B34D8A050D875ADC19BA50FE2E5E83C1254A55DC3DE789F1F0B39369643,DECOMPILED,UTILITY_FUNCTION,FACT,
libARKernelInterface.so,libARKernelInterface_fn_00eba080,0x00eba080,0x00eba080,188,.text,FT_Get_Next_Char,FT_Get_Next_Char,True,False,False,0,1,,0x01046950,0x01046950,,,,9FAB004F9F97A586CCF552D407C9002B56E13DF16BB83465D06710E367E7DD47,DECOMPILED,UTILITY_FUNCTION,FACT,
libARKernelInterface.so,libARKernelInterface_fn_00eba13c,0x00eba13c,0x00eba13c,220,.text,FT_Face_Properties,FT_Face_Properties,True,False,False,0,0,,,,,,,F3FFF272919A1C992BE96CB40DB0893CAB09E53EEC10DA38482D818249CB0671,DECOMPILED,FACIAL_SEGMENTATION_MATTE,FACT,
libARKernelInterface.so,libARKernelInterface_fn_00eba218,0x00eba218,0x00eba218,128,.text,FT_Face_GetCharVariantIndex,FT_Face_GetCharVariantIndex,True,False,False,0,1,,0x00eba298,,,,,6A6E821388320D20D1BCD8B8248F02150E810D7396B1E647D11BB2C2B8E2D513,DECOMPILED,FACIAL_SEGMENTATION_MATTE,FACT,
libARKernelInterface.so,libARKernelInterface_fn_00eba304,0x00eba304,0x00eba304,84,.text,FT_Face_GetCharVariantIsDefault,FT_Face_GetCharVariantIsDefault,True,False,False,0,1,,0x00eba298,,,,,1152874E3BC9FEA7C7D56EB541BAD2513DC2F54BA23F61AF63D9D5FE788D0978,DECOMPILED,FACIAL_SEGMENTATION_MATTE,FACT,
libARKernelInterface.so,libARKernelInterface_fn_00eba358,0x00eba358,0x00eba358,68,.text,FT_Face_GetVariantSelectors,FT_Face_GetVariantSelectors,True,False,False,0,1,,0x00eba298,,,,,21E9684CDFD055C841339F31E9729A8E2B30E535790AEFC78D5F2BFAA9D6080A,DECOMPILED,FACIAL_SEGMENTATION_MATTE,FACT,
libARKernelInterface.so,libARKernelInterface_fn_00eba39c,0x00eba39c,0x00eba39c,76,.text,FT_Face_GetVariantsOfChar,FT_Face_GetVariantsOfChar,True,False,False,0,1,,0x00eba298,,,,,C124D306C29A6B3E459C68661286EECF5B4FFC4B320B8D541E5EF07BC67732CC,DECOMPILED,FACIAL_SEGMENTATION_MATTE,FACT,
libARKernelInterface.so,libARKernelInterface_fn_00eba3e8,0x00eba3e8,0x00eba3e8,76,.text,FT_Face_GetCharsOfVariant,FT_Face_GetCharsOfVariant,True,False,False,0,1,,0x00eba298,,,,,EF61A249DDAA5D425CC6E35BF5461602EDF822DD24C5F6433B83795210C31C9E,DECOMPILED,FACIAL_SEGMENTATION_MATTE,FACT,
libARKernelInterface.so,libARKernelInterface_fn_00eba434,0x00eba434,0x00eba434,160,.text,FT_Get_Name_Index,FT_Get_Name_Index,True,False,False,0,0,,,,'glyph-dict',,,01201F472541F5CF70E29C5FDAAF4055B58C686A70C43568EE4005D86EB6819A,DECOMPILED,UTILITY_FUNCTION,FACT,
libARKernelInterface.so,libARKernelInterface_fn_00eba4d4,0x00eba4d4,0x00eba4d4,228,.text,FT_Get_Glyph_Name,FT_Get_Glyph_Name,True,False,False,0,0,,,,'glyph-dict',,,F439043F9D9C0B6F7C936E6014C77F1345502E58499AB36F3F2D48D19442B1C5,DECOMPILED,UTILITY_FUNCTION,FACT,
libARKernelInterface.so,libARKernelInterface_fn_00eba5b8,0x00eba5b8,0x00eba5b8,140,.text,FT_Get_Postscript_Name,FT_Get_Postscript_Name,True,False,False,0,0,,,,'postscript-font-name',,,173DDFB0E915440C1CC3647D9D3BAC8199A054FE02F2CB97336BDC4CA7D945C2,DECOMPILED,UTILITY_FUNCTION,FACT,
libARKernelInterface.so,libARKernelInterface_fn_00eba644,0x00eba644,0x00eba644,104,.text,FT_Get_Sfnt_Table,FT_Get_Sfnt_Table,True,False,False,0,0,,,,'sfnt-table',,,1EEA409212D1F2E8F9398BC3ACAE94B89D27380875148ABD40EF54B78286E161,DECOMPILED,UTILITY_FUNCTION,FACT,
libARKernelInterface.so,libARKernelInterface_fn_00eba6ac,0x00eba6ac,0x00eba6ac,160,.text,FT_Load_Sfnt_Table,FT_Load_Sfnt_Table,True,False,False,0,0,,,,'sfnt-table',,,3B2A5F10614D11A279994CA844D4ACF8CD5B2D7F911D684BE74B01763A7DA439,DECOMPILED,UTILITY_FUNCTION,FACT,
libARKernelInterface.so,libARKernelInterface_fn_00eba74c,0x00eba74c,0x00eba74c,184,.text,FT_Sfnt_Table_Info,FT_Sfnt_Table_Info,True,False,False,0,1,,0x01046950,0x01046950,'sfnt-table',,,48CAA1E05CA24F21B05A9D516242136E32D4C2694B73AE6C761CA5433B72AEC0,DECOMPILED,UTILITY_FUNCTION,FACT,
libARKernelInterface.so,libARKernelInterface_fn_00eba804,0x00eba804,0x00eba804,148,.text,FT_Get_CMap_Language_ID,FT_Get_CMap_Language_ID,True,False,False,0,1,,0x01046950,0x01046950,'tt-cmaps',,,790A7B6A17E350E98A477A69F00E65F92689C3266F969FC8B77D2AC5C630FE03,DECOMPILED,UTILITY_FUNCTION,FACT,
libARKernelInterface.so,libARKernelInterface_fn_00eba898,0x00eba898,0x00eba898,52,.text,FT_Activate_Size,FT_Activate_Size,True,False,False,0,0,,,,,,,473797FB821EBB49AB1068552FFACC66ED10E2B115BDFC3D53E8BB6997214860,DECOMPILED,UTILITY_FUNCTION,FACT,
libARKernelInterface.so,libARKernelInterface_fn_00eba918,0x00eba918,0x00eba918,44,.text,FT_Get_Renderer,FT_Get_Renderer,True,False,False,0,0,,,,,,,307A54FAFF523A288E65EF069B983242F450E6FC37D49BA7CEF8FA3A67E663F4,DECOMPILED,GPU_FBO_RENDER_PASS,FACT,
libARKernelInterface.so,libARKernelInterface_fn_00eba944,0x00eba944,0x00eba944,224,.text,FT_Set_Renderer,FT_Set_Renderer,True,False,False,0,0,,,,,,,930C2478F57D1435B195638D1CDDECC6BC1F4E50340A7A9BA8C4A1BDB0EEDCDA,DECOMPILED,GPU_FBO_RENDER_PASS,FACT,
libARKernelInterface.so,libARKernelInterface_fn_00ebaa24,0x00ebaa24,0x00ebaa24,60,.text,FT_List_Up,FT_List_Up,True,False,False,0,0,,,,,,,7F3999E292F931726F2D47F153CDD255E347C381B751B70870CB64E6D3DEDA8B,DECOMPILED,UTILITY_FUNCTION,FACT,
libARKernelInterface.so,libARKernelInterface_fn_00ebab8c,0x00ebab8c,0x00ebab8c,516,.text,FT_Add_Module,FT_Add_Module,True,False,False,0,5,,0x010482c0;0x010491a0;0x00eb6e54;0x00ebaf88;0x01046950,0x010482c0;0x010491a0;0x01046950,,,,59AAB2D676038EEE5717B7D5C0A94961D2284637A08145E8A09C1156EE3CB424,DECOMPILED,UTILITY_FUNCTION,FACT,
libARKernelInterface.so,libARKernelInterface_fn_00ebad90,0x00ebad90,0x00ebad90,504,.text,FT_Remove_Module,FT_Remove_Module,True,False,False,0,1,,0x00eb8e1c,,,,,8BB36A4B19720CAC5CEECD56072CDEACCFE58B20D2AF75CA5F9036C5EE54A1F4,DECOMPILED,UTILITY_FUNCTION,FACT,
libARKernelInterface.so,libARKernelInterface_fn_00ebb0a4,0x00ebb0a4,0x00ebb0a4,112,.text,FT_Get_Module,FT_Get_Module,True,False,False,0,1,,0x010482c0,0x010482c0,,,,2D68E09E19F3EE403E68CD9CAE3DF11C02CC368A66DE7DEBC69FE6E58DEDBBB8,DECOMPILED,UTILITY_FUNCTION,FACT,
libARKernelInterface.so,libARKernelInterface_fn_00ebb1dc,0x00ebb1dc,0x00ebb1dc,12,.text,FT_Property_Set,FT_Property_Set,True,False,False,0,0,,,,,,,757DD9B5A5AE933C76113B494792146EBAEBF51186E111B4D4937CF41F0B887B,DECOMPILED,UTILITY_FUNCTION,FACT,
libARKernelInterface.so,libARKernelInterface_fn_00ebb324,0x00ebb324,0x00ebb324,12,.text,FT_Property_Get,FT_Property_Get,True,False,False,0,0,,,,,,,B111863CBC3CBDC946688F495577124C716DCCBF6084D60C4BD90491626DD169,DECOMPILED,UTILITY_FUNCTION,FACT,
libARKernelInterface.so,libARKernelInterface_fn_00ebb33c,0x00ebb33c,0x00ebb33c,36,.text,FT_Reference_Library,FT_Reference_Library,True,False,False,0,0,,,,,,,40D5B2DA1E77BC1975DA2D308E7A965552B47FD7546C091BF048AF69828AA502,DECOMPILED,UTILITY_FUNCTION,FACT,
libARKernelInterface.so,libARKernelInterface_fn_00ebb360,0x00ebb360,0x00ebb360,132,.text,FT_New_Library,FT_New_Library,True,False,False,0,1,,0x01046970,0x01046970,,,,398AC95D8F05D0A9C8135FCE23EE011681BC22E783C6756FE24985C014926083,DECOMPILED,UTILITY_FUNCTION,FACT,
libARKernelInterface.so,libARKernelInterface_fn_00ebb3e4,0x00ebb3e4,0x00ebb3e4,60,.text,FT_Library_Version,FT_Library_Version,True,False,False,0,0,,,,,,,FA9A49B0ECFCB1D066EFABE5D9F464F0AF511F3596E865A0C916AA71A71BCDF6,DECOMPILED,UTILITY_FUNCTION,FACT,
libARKernelInterface.so,libARKernelInterface_fn_00ebb420,0x00ebb420,0x00ebb420,284,.text,FT_Done_Library,FT_Done_Library,True,False,False,0,3,,0x010482c0;0x010487b0;0x010491a0,0x010482c0;0x010487b0;0x010491a0,,,,946C0C02D4EB77387C47FCCF38C26F6A0BD53DA055E434CF227B43D25FD5D8E0,DECOMPILED,UTILITY_FUNCTION,FACT,
libARKernelInterface.so,libARKernelInterface_fn_00ebb53c,0x00ebb53c,0x00ebb53c,28,.text,FT_Set_Debug_Hook,FT_Set_Debug_Hook,True,False,False,0,0,,,,,,,DD7B300EE2F2ADC11D11507E7AAE3E8079FA8F48CFB2730965BB439498460C99,DECOMPILED,UTILITY_FUNCTION,FACT,
libARKernelInterface.so,libARKernelInterface_fn_00ebb558,0x00ebb558,0x00ebb558,76,.text,FT_Get_TrueType_Engine_Type,FT_Get_TrueType_Engine_Type,True,False,False,0,1,,0x010491b0,0x010491b0,'truetype';'truetype-engine',,,5C2B35A7C318D5CE1118D656B90DD92591C5274C742100B57355DD1A0315A08C,DECOMPILED,UTILITY_FUNCTION,FACT,
libARKernelInterface.so,libARKernelInterface_fn_00ebb5a4,0x00ebb5a4,0x00ebb5a4,108,.text,FT_Get_SubGlyph_Info,FT_Get_SubGlyph_Info,True,False,False,0,0,,,,,,,D8B974B8274C278B64C217721F6A546D11E13ABE591A31AE367490797C2C6997,DECOMPILED,UTILITY_FUNCTION,FACT,
libARKernelInterface.so,libARKernelInterface_fn_00ebb610,0x00ebb610,0x00ebb610,952,.text,FT_Outline_Decompose,FT_Outline_Decompose,True,False,False,0,1,,0x01046950,0x01046950,,,,B2E6AC1BA62948463F741E7495B4C802B055C6CC7CC6AB920186E4D883263033,DECOMPILED,UTILITY_FUNCTION,FACT,
libARKernelInterface.so,libARKernelInterface_fn_00ebb9c8,0x00ebb9c8,0x00ebb9c8,328,.text,FT_Outline_New_Internal,FT_Outline_New_Internal,True,False,False,0,5,,0x00eb7040;0x00eb7040;0x00eb7040;0x01049200;0x01046950,0x01049200;0x01046950,,,,24514D478250FF4387B785DF587C0B4FC9E1BF161C22F923D4A6C21D2F367686,DECOMPILED,UTILITY_FUNCTION,FACT,
libARKernelInterface.so,libARKernelInterface_fn_00ebbb10,0x00ebbb10,0x00ebbb10,148,.text,FT_Outline_Done_Internal,FT_Outline_Done_Internal,True,False,False,0,0,,,,,,,3E20BD8145577E87987462A4E87DF753332B55D7D65B905C7384CAA3C3878086,DECOMPILED,UTILITY_FUNCTION,FACT,
libARKernelInterface.so,libARKernelInterface_fn_00ebbba4,0x00ebbba4,0x00ebbba4,20,.text,FT_Outline_New,FT_Outline_New,True,False,False,0,0,,,,,,,DEBCAC698FBC4C5297FB9604F2048FF118391A4F6830C12587219FFFD7596857,DECOMPILED,UTILITY_FUNCTION,FACT,
libARKernelInterface.so,libARKernelInterface_fn_00ebbbb8,0x00ebbbb8,0x00ebbbb8,184,.text,FT_Outline_Copy,FT_Outline_Copy,True,False,False,0,3,,0x01046a10;0x01046a10;0x01046a10,0x01046a10;0x01046a10;0x01046a10,,,,FD5DE94FDBB7C5EC83B7B3E47ADEEFBB36FCC77FC10E0AD90214D5076DC18429,DECOMPILED,UTILITY_FUNCTION,FACT,
libARKernelInterface.so,libARKernelInterface_fn_00ebbc70,0x00ebbc70,0x00ebbc70,20,.text,FT_Outline_Done,FT_Outline_Done,True,False,False,0,0,,,,,,,4B91429B71CECF495B0D379BF9E883FD47E29E2CCBD19629268274D1104FA28E,DECOMPILED,UTILITY_FUNCTION,FACT,
libARKernelInterface.so,libARKernelInterface_fn_00ebbc84,0x00ebbc84,0x00ebbc84,228,.text,FT_Outline_Reverse,FT_Outline_Reverse,True,False,False,0,1,,0x01046950,0x01046950,,,,B7F7D4FF5FE37C57417972620F8979554649DDB24B060B11C0A6ED693AFF8867,DECOMPILED,UTILITY_FUNCTION,FACT,
libARKernelInterface.so,libARKernelInterface_fn_00ebbd68,0x00ebbd68,0x00ebbd68,228,.text,FT_Outline_Render,FT_Outline_Render,True,False,False,0,0,,,,,,,FAAE2269A78EAE70E4416CA63D006034F0BB6DAB5476AF81CB0058A0DB2DA0CE,DECOMPILED,GPU_FBO_RENDER_PASS,FACT,
libARKernelInterface.so,libARKernelInterface_fn_00ebbe4c,0x00ebbe4c,0x00ebbe4c,128,.text,FT_Outline_Get_Bitmap,FT_Outline_Get_Bitmap,True,False,False,0,2,,0x01049240;0x01046950,0x01049240;0x01046950,,,,B72386441CBD4E4D43A70DA25DE5C73DFB2051362482A2D36B88CACDEC02A0C3,DECOMPILED,UTILITY_FUNCTION,FACT,
libARKernelInterface.so,libARKernelInterface_fn_00ebbecc,0x00ebbecc,0x00ebbecc,8,.text,FT_Outline_Embolden,FT_Outline_Embolden,True,False,False,0,0,,,,,,,02AA964ED07F5A0E065053C7847524CF7C477B5E484E8A65A70EB9F70A57E358,DECOMPILED,UTILITY_FUNCTION,FACT,
libARKernelInterface.so,libARKernelInterface_fn_00ebbed4,0x00ebbed4,0x00ebbed4,868,.text,FT_Outline_EmboldenXY,FT_Outline_EmboldenXY,True,False,False,0,5,,0x01049260;0x01049060;0x00eb6bac;0x01049060;0x01046950,0x01049260;0x01049060;0x01049060;0x01046950,,,,67028ED69C8E9027CE18D0B4F7E889A0D0743A741E54734ADE5A316ACEC0D00B,DECOMPILED,UTILITY_FUNCTION,FACT,
libARKernelInterface.so,libARKernelInterface_fn_00ebc238,0x00ebc238,0x00ebc238,348,.text,FT_Outline_Get_Orientation,FT_Outline_Get_Orientation,True,False,False,0,0,,,,,,,CE2105C5F070EDE7FA600486AE64CC61F9D394040F8475E751CFA8C2576E2732,DECOMPILED,UTILITY_FUNCTION,FACT,
libARKernelInterface.so,libARKernelInterface_fn_00ebd0c0,0x00ebd0c0,0x00ebd0c0,28,.text,FT_Get_Sfnt_Name_Count,FT_Get_Sfnt_Name_Count,True,False,False,0,0,,,,,,,1C67706C2B53C7198F21A1782115C010B937553B9D0674094F2826038AE588B3,DECOMPILED,UTILITY_FUNCTION,FACT,
libARKernelInterface.so,libARKernelInterface_fn_00ebd0dc,0x00ebd0dc,0x00ebd0dc,368,.text,FT_Get_Sfnt_Name,FT_Get_Sfnt_Name,True,False,False,0,3,,0x00eb7040;0x00ebd3f8;0x01046950,0x01046950,,,,1E40685D82E96BBE820D685F1A9C7CC25F9AD3DBD2E346A5F1B654EB20EB316A,DECOMPILED,UTILITY_FUNCTION,FACT,
libARKernelInterface.so,libARKernelInterface_fn_00ebd24c,0x00ebd24c,0x00ebd24c,420,.text,FT_Get_Sfnt_LangTag,FT_Get_Sfnt_LangTag,True,False,False,0,3,,0x00eb7040;0x00ebd3f8;0x01046950,0x01046950,,,,C195F369C066A9FC25CD1B437AB6F55E1B9AD4B5B7E38C060E7ED9635B05B3F1,DECOMPILED,UTILITY_FUNCTION,FACT,
libARKernelInterface.so,libARKernelInterface_fn_00ebdd58,0x00ebdd58,0x00ebdd58,100,.text,FT_Cos,FT_Cos,True,False,False,0,2,,0x00ebe090;0x01046950,0x01046950,,,,8B0FBCB5D70CBE07EAB9335CB018848F0941487B144072855F6F9AF080071268,DECOMPILED,UTILITY_FUNCTION,FACT,
libARKernelInterface.so,libARKernelInterface_fn_00ebddbc,0x00ebddbc,0x00ebddbc,72,.text,FT_Vector_Unit,FT_Vector_Unit,True,False,False,0,1,,0x00ebe090,,,,,8147392315576B0B4008240543E034146CF6B9A135A2D392EEC63274E782C7DA,DECOMPILED,UTILITY_FUNCTION,FACT,
libARKernelInterface.so,libARKernelInterface_fn_00ebde04,0x00ebde04,0x00ebde04,100,.text,FT_Sin,FT_Sin,True,False,False,0,2,,0x00ebe090;0x01046950,0x01046950,,,,5593CB8B725471435F91D5D59F1A5F9A46411ABA52399CD688147BC56C2E23B6,DECOMPILED,UTILITY_FUNCTION,FACT,
libARKernelInterface.so,libARKernelInterface_fn_00ebde68,0x00ebde68,0x00ebde68,172,.text,FT_Tan,FT_Tan,True,False,False,0,2,,0x00ebe090;0x01046950,0x01046950,,,,3F306695A1537B5F8EAF848F8217EA29F650D24707760537CA10E3B0D8272818,DECOMPILED,UTILITY_FUNCTION,FACT,
libARKernelInterface.so,libARKernelInterface_fn_00ebdf14,0x00ebdf14,0x00ebdf14,164,.text,FT_Atan2,FT_Atan2,True,False,False,0,2,,0x00ebdfb8;0x01046950,0x01046950,,,,6BB4348037225C5A0DDAC2114B0F8EF140532D032F1EA1B0E27EEC0F2C52787E,DECOMPILED,UTILITY_FUNCTION,FACT,
libARKernelInterface.so,libARKernelInterface_fn_00ebe164,0x00ebe164,0x00ebe164,312,.text,FT_Vector_Rotate,FT_Vector_Rotate,True,False,False,0,2,,0x00ebe090;0x01046950,0x01046950,,,,41A2348E1F1742CA5AA0BD95604F31111896BB8D3C06CC218D1D969C19206F51,DECOMPILED,UTILITY_FUNCTION,FACT,
libARKernelInterface.so,libARKernelInterface_fn_00ebe29c,0x00ebe29c,0x00ebe29c,276,.text,FT_Vector_Polarize,FT_Vector_Polarize,True,False,False,0,2,,0x00ebdfb8;0x01046950,0x01046950,,,,B28A8F847AF7B941235923436568606AC707EA701557C07D96416462711EDA33,DECOMPILED,UTILITY_FUNCTION,FACT,
libARKernelInterface.so,libARKernelInterface_fn_00ebe3b0,0x00ebe3b0,0x00ebe3b0,20,.text,FT_Vector_From_Polar,FT_Vector_From_Polar,True,False,False,0,0,,,,,,,7C9FB08D4EFE69098A08E7B52011F9B20831E191B00658673B8839B8219477BD,DECOMPILED,UTILITY_FUNCTION,FACT,
libARKernelInterface.so,libARKernelInterface_fn_00ebe3c4,0x00ebe3c4,0x00ebe3c4,132,.text,FT_Angle_Diff,FT_Angle_Diff,True,False,False,0,0,,,,,,,8EE0C5291086D76CCDA739FD22F12262B32260A141E4F2A0858537966B94D725,DECOMPILED,UTILITY_FUNCTION,FACT,
libARKernelInterface.so,libARKernelInterface_fn_00ebe628,0x00ebe628,0x00ebe628,40,.text,FT_List_Insert,FT_List_Insert,True,False,False,0,0,,,,,,,D550AB5162B09406A217775ABC67FF9A116C4D49A03222303E736E6241B51916,DECOMPILED,UTILITY_FUNCTION,FACT,
libARKernelInterface.so,libARKernelInterface_fn_00ebe650,0x00ebe650,0x00ebe650,96,.text,FT_List_Iterate,FT_List_Iterate,True,False,False,0,0,,,,,,,C9F47175E60FFC6F0AFCD7E15071EE430FFE862472B7B60065896ACFB23DDFE4,DECOMPILED,UTILITY_FUNCTION,FACT,
libARKernelInterface.so,libARKernelInterface_fn_00ebe6b0,0x00ebe6b0,0x00ebe6b0,128,.text,FT_List_Finalize,FT_List_Finalize,True,False,False,0,0,,,,,,,B5AD8644341763164C26E665432E29F172447098AAA0904694E82647D2031374,DECOMPILED,UTILITY_FUNCTION,FACT,
libARKernelInterface.so,libARKernelInterface_fn_00ec0024,0x00ec0024,0x00ec0024,216,.text,FT_Glyph_Copy,FT_Glyph_Copy,True,False,False,0,3,,0x00ec00fc;0x010488b0;0x01046950,0x010488b0;0x01046950,,,,BB5D9F8C8DE420830278F7DD6438249341F639EF21F0AB8DA2EBCDBECE02BCB3,DECOMPILED,UTILITY_FUNCTION,FACT,
libARKernelInterface.so,libARKernelInterface_fn_00ec0180,0x00ec0180,0x00ec0180,68,.text,FT_Done_Glyph,FT_Done_Glyph,True,False,False,0,0,,,,,,,DCC2208BC77AA15886FAE18AEE6D102F3421542246D136B3B6A44C557D0F4378,DECOMPILED,UTILITY_FUNCTION,FACT,
libARKernelInterface.so,libARKernelInterface_fn_00ec01c4,0x00ec01c4,0x00ec01c4,336,.text,FT_Get_Glyph,FT_Get_Glyph,True,False,False,0,4,,0x00eba8cc;0x00ec00fc;0x010488b0;0x01046950,0x010488b0;0x01046950,,,,30613E9426F6ACE42B9BAA29E332076CB2C3C2E978D56E8B27617B1889408C55,DECOMPILED,UTILITY_FUNCTION,FACT,
libARKernelInterface.so,libARKernelInterface_fn_00ec0314,0x00ec0314,0x00ec0314,104,.text,FT_Glyph_Transform,FT_Glyph_Transform,True,False,False,0,1,,0x01049030,0x01049030,,,,CDD7B98E7C54690B530A6188057B4E55FE878B2FD83D06E6A5CCBD96E200B94D,DECOMPILED,UTILITY_FUNCTION,FACT,
libARKernelInterface.so,libARKernelInterface_fn_00ec037c,0x00ec037c,0x00ec037c,148,.text,FT_Glyph_Get_CBox,FT_Glyph_Get_CBox,True,False,False,0,0,,,,,,,1D4959C9FF3E223A134010FC7E120DF437EF617391A1A40C4C034B8D81BDAC4C,DECOMPILED,UTILITY_FUNCTION,FACT,
libARKernelInterface.so,libARKernelInterface_fn_00ec0410,0x00ec0410,0x00ec0410,508,.text,FT_Glyph_To_Bitmap,FT_Glyph_To_Bitmap,True,False,False,0,7,,0x01046970;0x00ec00fc;0x00ebaa60;0x00ebfdc4;0x00eb6f98,0x01046970;0x010488b0;0x01046950,,,,8F3924889DA3935AE1E160A81A191DEE18DC78648AA969715639EC2A3E5DF539,DECOMPILED,UTILITY_FUNCTION,FACT,
libARKernelInterface.so,libARKernelInterface_fn_00ec060c,0x00ec060c,0x00ec060c,20,.text,FT_Bitmap_Init,FT_Bitmap_Init,True,False,False,0,0,,,,,,,942E41AB87289E6C23AC97A8B9226A3DBB27DAE54CFBB17FD81826019DA3DBFA,DECOMPILED,UTILITY_FUNCTION,FACT,
libARKernelInterface.so,libARKernelInterface_fn_00ec0620,0x00ec0620,0x00ec0620,20,.text,FT_Bitmap_New,FT_Bitmap_New,True,False,False,0,0,,,,,,,942E41AB87289E6C23AC97A8B9226A3DBB27DAE54CFBB17FD81826019DA3DBFA,DECOMPILED,UTILITY_FUNCTION,FACT,
libARKernelInterface.so,libARKernelInterface_fn_00ec0634,0x00ec0634,0x00ec0634,428,.text,FT_Bitmap_Copy,FT_Bitmap_Copy,True,False,False,0,5,,0x00ebe448;0x00ebd698;0x01046a10;0x01046a10;0x01046950,0x01046a10;0x01046a10;0x01046950,,,,4FAAD2679BA99E7C14E280E8AD141479E3FDF46365A1968975DDA92BF834E33B,DECOMPILED,UTILITY_FUNCTION,FACT,
libARKernelInterface.so,libARKernelInterface_fn_00ec07e0,0x00ec07e0,0x00ec07e0,1532,.text,FT_Bitmap_Embolden,FT_Bitmap_Embolden,True,False,False,0,12,,0x01049340;0x01046970;0x00ebe448;0x01046970;0x01046a10,0x01049340;0x01046970;0x01046970;0x01046a10;0x01046970,,,,2F4BEF0764A987AA7E0A107219F56C3B4796FA2252234066C2BE7C38D4817434,DECOMPILED,UTILITY_FUNCTION,FACT,
libARKernelInterface.so,libARKernelInterface_fn_00ec0ddc,0x00ec0ddc,0x00ec0ddc,1104,.text,FT_Bitmap_Convert,FT_Bitmap_Convert,True,False,False,0,3,,0x00ebe448;0x01046a10;0x01046950,0x01046a10;0x01046950,'0D',,,6D4C39C7E67CE1DE2DB0440851B3DABD7AAB49BA94176734CDB978CF48DAC45C,DECOMPILED,UTILITY_FUNCTION,FACT,
libARKernelInterface.so,libARKernelInterface_fn_00ec122c,0x00ec122c,0x00ec122c,80,.text,FT_Bitmap_Done,FT_Bitmap_Done,True,False,False,0,1,,0x00eb6f98,,,,,9ECCFCD130B5CD5C8A9880B8F1C287BC16DE12802B88B287E69B378FCE0DF47B,DECOMPILED,UTILITY_FUNCTION,FACT,
libARKernelInterface.so,libARKernelInterface_fn_00ec127c,0x00ec127c,0x00ec127c,188,.text,FT_GlyphSlot_Own_Bitmap,FT_GlyphSlot_Own_Bitmap,True,False,False,0,2,,0x01049330;0x01046950,0x01049330;0x01046950,,,,31D28E0940A10C11BE5DCDA7E4B5CA1084CBECE1F957B9F12FD85634EF204BDC,DECOMPILED,UTILITY_FUNCTION,FACT,
libARKernelInterface.so,libARKernelInterface_fn_00ec1338,0x00ec1338,0x00ec1338,60,.text,FT_Add_Default_Modules,FT_Add_Default_Modules,True,False,False,0,1,,0x01049190,0x01049190,,,,410562F6A1E84CFF13AC9F9E425B0464D9E7A874E8248721C3B7CC9436A56EF9,DECOMPILED,UTILITY_FUNCTION,FACT,
libARKernelInterface.so,libARKernelInterface_fn_00ec1374,0x00ec1374,0x00ec1374,472,.text,FT_Set_Default_Properties,FT_Set_Default_Properties,True,False,False,0,3,,0x01049380;0x00ebb330;0x01046950,0x01049380;0x01046950,'FREETYPE_PROPERTIES',,,B98660096485685B63CF257503A417AEE0A457E9BCF0ECD4CB1CDFE3B3AFFF2E,DECOMPILED,UTILITY_FUNCTION,FACT,
libARKernelInterface.so,libARKernelInterface_fn_00ec154c,0x00ec154c,0x00ec154c,132,.text,FT_Init_FreeType,FT_Init_FreeType,True,False,False,0,5,,0x00ecb984;0x010491c0;0x00ecb9dc;0x01049190;0x01049370,0x010491c0;0x01049190;0x01049370,,,,8B8BD77ADCEEA402EFB0FBBE0D546A04F2E7203EAFA22FEE5F6DB35AEB69F80A,DECOMPILED,UTILITY_FUNCTION,FACT,
libARKernelInterface.so,libARKernelInterface_fn_00ec15d0,0x00ec15d0,0x00ec15d0,56,.text,FT_Done_FreeType,FT_Done_FreeType,True,False,False,0,2,,0x010491d0;0x00ecb9dc,0x010491d0,,,,430D1C7A22769A70ED9FC14E0643EED18A250635123E80F0BE63FFD9CDB6381D,DECOMPILED,UTILITY_FUNCTION,FACT,
libARKernelInterface.so,libARKernelInterface_fn_00ec8fe0,0x00ec8fe0,0x00ec8fe0,28,.text,FT_Outline_GetInsideBorder,FT_Outline_GetInsideBorder,True,False,False,0,1,,0x01049260,0x01049260,,,,91AC905E707989D532670E165366019238618B4E46AB5ABDADA18F7FFDFBB6DB,DECOMPILED,UTILITY_FUNCTION,FACT,
libARKernelInterface.so,libARKernelInterface_fn_00ec8ffc,0x00ec8ffc,0x00ec8ffc,28,.text,FT_Outline_GetOutsideBorder,FT_Outline_GetOutsideBorder,True,False,False,0,1,,0x01049260,0x01049260,,,,D1C6130A0401A79D5DDA7C7D65879070EED204BDEF7C303875B15BABEA0A707D,DECOMPILED,UTILITY_FUNCTION,FACT,
libARKernelInterface.so,libARKernelInterface_fn_00ec9018,0x00ec9018,0x00ec9018,188,.text,FT_Stroker_New,FT_Stroker_New,True,False,False,0,2,,0x00eb6e54;0x01046950,0x01046950,,,,FBFA18C050B4783D8848DA826CEB7C9DD3C0B837742523C138D01AE547181BE6,DECOMPILED,UTILITY_FUNCTION,FACT,
libARKernelInterface.so,libARKernelInterface_fn_00ec90d4,0x00ec90d4,0x00ec90d4,60,.text,FT_Stroker_Set,FT_Stroker_Set,True,False,False,0,0,,,,,,,376F23F511382ED3208E14CC20B6208FEC6EAA4B0B4E262B94E93F14F4AACE68,DECOMPILED,UTILITY_FUNCTION,FACT,
libARKernelInterface.so,libARKernelInterface_fn_00ec9110,0x00ec9110,0x00ec9110,36,.text,FT_Stroker_Rewind,FT_Stroker_Rewind,True,False,False,0,0,,,,,,,759B71C881D6F2633A10D5C9AE90E3D7EBD3605D6B87B32DD842DCD5919D06E0,DECOMPILED,UTILITY_FUNCTION,FACT,
libARKernelInterface.so,libARKernelInterface_fn_00ec9134,0x00ec9134,0x00ec9134,72,.text,FT_Stroker_Done,FT_Stroker_Done,True,False,False,0,2,,0x00ec917c;0x00ec917c,,,,,1B51F70C522A50752513A156299DE040B1D228F509611DA1228F8397646A7D86,DECOMPILED,UTILITY_FUNCTION,FACT,
libARKernelInterface.so,libARKernelInterface_fn_00ec91cc,0x00ec91cc,0x00ec91cc,332,.text,FT_Stroker_LineTo,FT_Stroker_LineTo,True,False,False,0,7,,0x01049050;0x010492b0;0x010492d0;0x00ec9318;0x00ec93c8,0x01049050;0x010492b0;0x010492d0;0x01046950,,,,AF54869F1F9D2D6C0DEB2EC1F4D199FD0C98B3362B487424AA7C5A04969B245B,DECOMPILED,UTILITY_FUNCTION,FACT,
libARKernelInterface.so,libARKernelInterface_fn_00ec9510,0x00ec9510,0x00ec9510,1380,.text,FT_Stroker_ConicTo,FT_Stroker_ConicTo,True,False,False,0,29,,0x010492b0;0x00ec9318;0x010492b0;0x00ec93c8;0x010492b0,0x010492b0;0x010492b0;0x010492b0;0x010492e0;0x010492e0,,,,BE0F77FB736C20984B5B4BCC100EBCC4A40979C4A51EF2352C421B5E686CCB65,DECOMPILED,UTILITY_FUNCTION,FACT,
libARKernelInterface.so,libARKernelInterface_fn_00ec9ae0,0x00ec9ae0,0x00ec9ae0,1948,.text,FT_Stroker_CubicTo,FT_Stroker_CubicTo,True,False,False,0,41,,0x010492b0;0x00ec9318;0x010492b0;0x00ec93c8;0x010492b0,0x010492b0;0x010492b0;0x010492b0;0x010492b0;0x010492b0,,,,0947FD71628A3133904E5D5EC907B43C171079AFC7D14871763EA583237C53D2,DECOMPILED,UTILITY_FUNCTION,FACT,
libARKernelInterface.so,libARKernelInterface_fn_00eca300,0x00eca300,0x00eca300,96,.text,FT_Stroker_BeginSubPath,FT_Stroker_BeginSubPath,True,False,False,0,0,,,,,,,84F1683DCC4E414BD4A3ABF687DBC8687E43FA5A161DCA5DCD284FBEC65E8DC6,DECOMPILED,UTILITY_FUNCTION,FACT,
libARKernelInterface.so,libARKernelInterface_fn_00eca360,0x00eca360,0x00eca360,416,.text,FT_Stroker_EndSubPath,FT_Stroker_EndSubPath,True,False,False,0,9,,0x00eca500;0x00ecb560;0x00eca500;0x01049390;0x010492e0,0x01049390;0x010492e0,,,,4E5322B8F1AEC43A7499A8C317272938AEBB521CC7AC8C1A52AC2C0D51344B18,DECOMPILED,UTILITY_FUNCTION,FACT,
libARKernelInterface.so,libARKernelInterface_fn_00ecac34,0x00ecac34,0x00ecac34,156,.text,FT_Stroker_GetBorderCounts,FT_Stroker_GetBorderCounts,True,False,False,0,2,,0x00ecacd0;0x01046950,0x01046950,,,,FA9B26108CE21AD056C7A95CA2938414C3C1983BCD39B1C66FC02ABA970645A9,DECOMPILED,UTILITY_FUNCTION,FACT,
libARKernelInterface.so,libARKernelInterface_fn_00ecad3c,0x00ecad3c,0x00ecad3c,180,.text,FT_Stroker_GetCounts,FT_Stroker_GetCounts,True,False,False,0,3,,0x00ecacd0;0x00ecacd0;0x01046950,0x01046950,,,,E6CC3E717031EE81213E6426D52A16E78A96C5787D2A07A1F7931E057C344B49,DECOMPILED,UTILITY_FUNCTION,FACT,
libARKernelInterface.so,libARKernelInterface_fn_00ecadf0,0x00ecadf0,0x00ecadf0,280,.text,FT_Stroker_ExportBorder,FT_Stroker_ExportBorder,True,False,False,0,1,,0x01046a10,0x01046a10,,,,05908D2CD8863998BE727197251CB0DDD63886848FDE5E0AA30E29B9D2E0BDCE,DECOMPILED,UTILITY_FUNCTION,FACT,
libARKernelInterface.so,libARKernelInterface_fn_00ecaf08,0x00ecaf08,0x00ecaf08,56,.text,FT_Stroker_Export,FT_Stroker_Export,True,False,False,0,1,,0x010493f0,0x010493f0,,,,59A4FC2B29CD2F0E61FAD62AD2CF2FCC1D6D78E4CF31B27531F3422413DD1FAB,DECOMPILED,UTILITY_FUNCTION,FACT,
libARKernelInterface.so,libARKernelInterface_fn_00ecaf40,0x00ecaf40,0x00ecaf40,856,.text,FT_Stroker_ParseOutline,FT_Stroker_ParseOutline,True,False,False,0,8,,0x01049390;0x010493a0;0x010493b0;0x010493a0;0x010493a0,0x01049390;0x010493a0;0x010493b0;0x010493a0;0x010493a0,,,,7A772D5662C7F543B7622373FF7E44DC7FB778029233C7511D4F6E3BD3689F11,DECOMPILED,FACIAL_SEGMENTATION_MATTE,FACT,
libARKernelInterface.so,libARKernelInterface_fn_00ecb298,0x00ecb298,0x00ecb298,296,.text,FT_Glyph_Stroke,FT_Glyph_Stroke,True,False,False,0,9,,0x01049360;0x01049410;0x010493e0;0x01049230;0x01049210,0x01049360;0x01049410;0x010493e0;0x01049230;0x01049210,,,,BCBC5052F49E49B4CB964512E03E83E6B58D9B89E16D30B6B728194AE2817650,DECOMPILED,UTILITY_FUNCTION,FACT,
libARKernelInterface.so,libARKernelInterface_fn_00ecb3c0,0x00ecb3c0,0x00ecb3c0,340,.text,FT_Glyph_StrokeBorder,FT_Glyph_StrokeBorder,True,False,False,0,10,,0x01049360;0x01049260;0x01049410;0x010493d0;0x01049230,0x01049360;0x01049260;0x01049410;0x010493d0;0x01049230,,,,B850FDBE4EB90A7D153B3DC7151243A0C0E5170C84723E8803AF0A33F07CAD27,DECOMPILED,UTILITY_FUNCTION,FACT,
libARKernelInterface.so,libARKernelInterface_fn_00ed8fb4,0x00ed8fb4,0x00ed8fb4,644,.text,FT_Stream_OpenGzip,FT_Stream_OpenGzip,True,False,False,0,16,,0x00ed9238;0x00ebd698;0x00ebca0c;0x00ed9238;0x00ebd3f0,0x01047c10;0x01047be0;0x01046950,'1.2.8',,,A961A290BFF59931DD06EA17DD070411BC648626991F21B99A8437B762AA86B9,DECOMPILED,UTILITY_FUNCTION,FACT,
libARKernelInterface.so,libARKernelInterface_fn_00ed9594,0x00ed9594,0x00ed9594,276,.text,FT_Gzip_Uncompress,FT_Gzip_Uncompress,True,False,False,0,5,,0x01047c10;0x01047c00;0x01047be0;0x01047be0;0x01046950,0x01047c10;0x01047c00;0x01047be0;0x01047be0;0x01046950,'1.2.8',,,6E8B91E046303DC110A435B35201FD41C23EBDC6D71B5FD4DF53B13381546146,DECOMPILED,UTILITY_FUNCTION,FACT,
libARKernelInterface.so,libARKernelInterface_fn_00ed9800,0x00ed9800,0x00ed9800,364,.text,FT_Stream_OpenLZW,FT_Stream_OpenLZW,True,False,False,0,6,,0x00ed996c;0x00eb6e54;0x00ed996c;0x00eb6f98;0x01046970,0x01046970;0x01046950,,,,0BC661E13A894AFB09E233BC30412919BE76EB627A81530BB79D206F98E482BB,DECOMPILED,UTILITY_FUNCTION,FACT,
libARKernelInterface.so,libARKernelInterface_fn_00ef8ef8,0x00ef8ef8,0x00ef8ef8,212,.text,TT_New_Context,TT_New_Context,True,False,False,0,4,,0x00eb6e54;0x00eb7040;0x00f0139c;0x01046950,0x01046950,,,,5700C9EFA604E99E70AFBA108F022AC0E2342E9802AEE9E3B55846042D344EA4,DECOMPILED,UTILITY_FUNCTION,FACT,
libARKernelInterface.so,libARKernelInterface_fn_00ef8fcc,0x00ef8fcc,0x00ef8fcc,10316,.text,TT_RunIns,TT_RunIns,True,False,False,0,29,,0x00efb930;0x01046970;0x00efbba4;0x00f033d0;0x01049070,0x01046970;0x01049070;0x01049070;0x01049060;0x01049060,,,,A4E6C0FA744C63AF7DA32448EC0654234F304643F1213C9AC2EA90540E60C38E,DECOMPILED,UTILITY_FUNCTION,FACT,
