FUNCTION_ID,RVA,RECOVERED_NAME,CALLERS,CALLEES
FN_libManis_0032BE50,0x32BE50,sub_32BE50,0x32C440;0x3E1EB8;0x3E1EF8;0x3E222C;0x515F64;0x51604C;0x5178E0,
FN_libManis_0032C410,0x32C410,sub_32C410,0x3E22C0;0x51604C;0x51854C;0x5185DC,
FN_libManis_0032C440,0x32C440,sub_32C440,0x34C2D4;0x34C2D4,0x32BE50
FN_libManis_0032C48C,0x32C48C,sub_32C48C,0x34C164;0x34C218;0x34C2D4,
FN_libManis_0032C4CC,0x32C4CC,sub_32C4CC,0x3B3674;0x3B9FFC;0x5E3584,
FN_libManis_0032C4D8,0x32C4D8,sub_32C4D8,0x334CEC,0x331B18;0x333F28;0x332A48;0x331124;0x332FD0;0x3301C8
FN_libManis_0032EE5C,0x32EE5C,sub_32EE5C,0x32F194,
FN_libManis_0032F044,0x32F044,sub_32F044,0x32F194;0x32F194,
FN_libManis_0032F194,0x32F194,sub_32F194,0x334CEC,0x32EE5C;0x32F044;0x32F044
FN_libManis_0032F5A4,0x32F5A4,sub_32F5A4,,0x957870
FN_libManis_0032F5F4,0x32F5F4,sub_32F5F4,,0x957870
FN_libManis_0032F644,0x32F644,sub_32F644,0x420010;0x453B34;0x454F94;0x45ACA8;0x58E618;0x59BA48;0x5B34C0;0x622148;0x622148;0x8D6870,0x957840
FN_libManis_0032F6E0,0x32F6E0,sub_32F6E0,0x420010;0x4201FC,0x957840
FN_libManis_0032F77C,0x32F77C,sub_32F77C,0x338E9C,0x957840;0x339150;0x339150;0x339150;0x339150;0x3399F8;0x957870;0x3399E4;0x334CEC
FN_libManis_0032FD4C,0x32FD4C,sub_32FD4C,0x330118,0x33A230;0x33A818;0x3374AC
FN_libManis_0032FF38,0x32FF38,sub_32FF38,0x420010,0x339D14;0x3374AC
FN_libManis_003300F8,0x3300F8,sub_3300F8,0x420010,
FN_libManis_00330108,0x330108,sub_330108,0x4201FC,
FN_libManis_00330118,0x330118,sub_330118,,0x32FD4C;0x339150
FN_libManis_003301C8,0x3301C8,sub_3301C8,0x32C4D8,
FN_libManis_00331124,0x331124,sub_331124,0x32C4D8,
FN_libManis_00331B18,0x331B18,sub_331B18,0x32C4D8,
FN_libManis_00332A48,0x332A48,sub_332A48,0x32C4D8,
FN_libManis_00332FD0,0x332FD0,sub_332FD0,0x32C4D8,
FN_libManis_00333F28,0x333F28,sub_333F28,0x32C4D8,
FN_libManis_00334CC0,0x334CC0,sub_334CC0,0x334CEC;0x334CEC;0x334CEC;0x334CEC;0x334CEC;0x334CEC;0x334CEC;0x338E1C;0x33AB10;0x33AD58,0x334CD4
FN_libManis_00334CD4,0x334CD4,sub_334CD4,0x334CC0;0x3374AC;0x337678;0x3399E4;0x348310;0x34E498;0x357680;0x35B02C;0x35D0CC;0x36BB30,
FN_libManis_00334CEC,0x334CEC,sub_334CEC,0x32F77C;0x33713C;0x3374C0;0x338900;0x339150;0x3396D0;0x339858;0x3399F8;0x33A058;0x33A614,0x957870;0x957840;0x3E1E70;0x34BAAC;0x34C2D4;0x34D7A4;0x34C164;0x33713C;0x3E2278;0x34C164
FN_libManis_0033713C,0x33713C,sub_33713C,0x334CEC;0x334CEC;0x334CEC,0x3374AC;0x334CEC
FN_libManis_003374AC,0x3374AC,sub_3374AC,0x32FD4C;0x32FF38;0x334CEC;0x33713C;0x3374C0;0x338900;0x348794;0x36BB58;0x37059C;0x373A70,0x334CD4
FN_libManis_003374C0,0x3374C0,sub_3374C0,0x334CEC;0x334CEC;0x334CEC,0x337678;0x334CEC;0x3374AC
FN_libManis_00337678,0x337678,sub_337678,0x3374C0,0x334CD4
FN_libManis_0033768C,0x33768C,sub_33768C,0x334CEC;0x33768C,0x3383F0;0x3383F0;0x3383F0;0x3383F0;0x3383F0;0x33856C;0x33856C;0x33768C
FN_libManis_00338240,0x338240,sub_338240,0x33856C,0x3387B8
FN_libManis_003383F0,0x3383F0,sub_3383F0,0x33768C;0x33768C;0x33768C;0x33768C;0x33768C;0x33856C;0x33856C;0x3387B8,
FN_libManis_0033856C,0x33856C,sub_33856C,0x33768C;0x33768C,0x338240;0x3383F0;0x3383F0;0x3387B8
FN_libManis_003387B8,0x3387B8,sub_3387B8,0x338240;0x33856C,0x3383F0
FN_libManis_00338900,0x338900,sub_338900,0x334CEC,0x3374AC;0x334CEC
FN_libManis_00338C54,0x338C54,sub_338C54,0x334CEC;0x334CEC;0x3C3CA8,
FN_libManis_00338E1C,0x338E1C,sub_338E1C,0x334CEC;0x33E064;0x348AFC;0x348E00;0x34F308;0x356E94;0x3574D4;0x361BB8;0x368358;0x3689A4,0x334CC0
FN_libManis_00338E9C,0x338E9C,sub_338E9C,,0x32F77C;0x957870
FN_libManis_00338F78,0x338F78,sub_338F78,,0x339080
FN_libManis_00339080,0x339080,sub_339080,0x338F78,
FN_libManis_00339150,0x339150,sub_339150,0x32F77C;0x32F77C;0x32F77C;0x32F77C;0x330118,0x3396D0;0x339858;0x334CEC
FN_libManis_003396D0,0x3396D0,sub_3396D0,0x339150,0x334CEC
FN_libManis_00339858,0x339858,sub_339858,0x339150,0x334CEC
FN_libManis_003399E4,0x3399E4,sub_3399E4,0x32F77C;0x3399F8;0x420010,0x334CD4
FN_libManis_003399F8,0x3399F8,sub_3399F8,0x32F77C,0x3399E4;0x334CEC
FN_libManis_00339D14,0x339D14,sub_339D14,0x32FF38,0x33A058
FN_libManis_0033A058,0x33A058,sub_33A058,0x339D14,0x334CEC
FN_libManis_0033A230,0x33A230,sub_33A230,0x32FD4C,0x33A354
FN_libManis_0033A354,0x33A354,sub_33A354,0x33A230,0x33A614
FN_libManis_0033A614,0x33A614,sub_33A614,0x33A354,0x334CEC
FN_libManis_0033A818,0x33A818,sub_33A818,0x32FD4C,0x33A974
FN_libManis_0033A974,0x33A974,sub_33A974,0x33A818,
FN_libManis_0033AB10,0x33AB10,sub_33AB10,0x8E99E4,0x334CC0
FN_libManis_0033AC60,0x33AC60,sub_33AC60,0x8E98AC;0x8EA01C;0x8EA0F4;0x8EA1CC;0x8EA2A4;0x8EA37C;0x8EA434;0x8EA550;0x8EA650;0x8EA730,
FN_libManis_0033ACE0,0x33ACE0,sub_33ACE0,0x361BB8;0x362270;0x363A04;0x363F58;0x3689A4;0x36E2A4;0x36E89C;0x36F2CC;0x3708F8;0x37114C,
FN_libManis_0033ACFC,0x33ACFC,sub_33ACFC,0x342678;0x342678;0x361BB8;0x361BB8;0x361BB8;0x361BB8;0x361BB8;0x362270;0x362270;0x362270,
FN_libManis_0033AD18,0x33AD18,sub_33AD18,0x3AD310;0x3CA528;0x3CE46C;0x3CE46C;0x3CE46C;0x3D13D4;0x3E8D10;0x3E8D10;0x3E8D10;0x3EC9C4,
FN_libManis_0033AD30,0x33AD30,sub_33AD30,0x363C10;0x39BAEC;0x39C100;0x39C2D4;0x3CA528;0x3CC33C;0x3CE46C;0x3D13D4;0x3EF328;0x3EF8D4,
FN_libManis_0033AD58,0x33AD58,sub_33AD58,0x3CD538;0x3CD538;0x3CD960;0x3CDA48;0x3CE46C;0x3CE46C;0x3D75D8;0x3D79D4;0x3D7ACC;0x3DA064,0x334CC0
FN_libManis_0033AEDC,0x33AEDC,sub_33AEDC,0x39BAEC;0x3CA528;0x3CC33C;0x3CE46C;0x3CE46C;0x3D13D4;0x3D1F34;0x3D2B34;0x3D305C;0x3D305C,
FN_libManis_0033AEEC,0x33AEEC,sub_33AEEC,0x3689A4;0x3AD310;0x3AD310;0x66173C;0x662084;0x6E352C,
FN_libManis_0033AEFC,0x33AEFC,sub_33AEFC,0x3689A4;0x3AD310;0x3CA528;0x3CE46C;0x3CE46C;0x3D13D4;0x3D1F34;0x3D2B34;0x3D305C;0x3D305C,
FN_libManis_0033AF0C,0x33AF0C,sub_33AF0C,0x6E9E28;0x6E9E28;0x6E9E28;0x6E9E28;0x6EADD0;0x6EADD0;0x6EADD0,
FN_libManis_0033AF14,0x33AF14,sub_33AF14,0x39CE10;0x623EDC;0x69A6C8;0x6A324C;0x6EB744;0x6EB744;0x7C0C90;0x7C0C90;0x82AA18;0x8D40B0,
FN_libManis_0033AF24,0x33AF24,sub_33AF24,0x363C10;0x363C10;0x39C100;0x39C2D4;0x6CEC48;0x6CEC48;0x6CEC48;0x6E352C;0x6E4944;0x6E4CB0,
FN_libManis_0033AF34,0x33AF34,sub_33AF34,0x33B970,
FN_libManis_0033B6C0,0x33B6C0,sub_33B6C0,0x3DA258;0x3DA258;0x3DA258,
FN_libManis_0033B6E4,0x33B6E4,sub_33B6E4,0x8DE38C;0x8DE38C;0x8DFC14;0x8DFC14,0x334CC0
FN_libManis_0033B8D0,0x33B8D0,sub_33B8D0,0x8E40E8;0x8E5610;0x8E98AC;0x8EA434;0x8EA550,0x334CC0
FN_libManis_0033B970,0x33B970,sub_33B970,0x3CA528;0x3CA528;0x3CE46C;0x3CE46C;0x3CE46C;0x3D13D4;0x3D13D4;0x3D1F34;0x3D1F34;0x3D2B34,0x33BD20;0x33BD20;0x33AF34;0x33BD20;0x33BD20;0x33BD20;0x33BD20;0x33BD20;0x33BD20;0x33BD20
FN_libManis_0033BD20,0x33BD20,sub_33BD20,0x33B970;0x33B970;0x33B970;0x33B970;0x33B970;0x33B970;0x33B970;0x33B970;0x33B970;0x33B970,0x33BE50
FN_libManis_0033BE50,0x33BE50,sub_33BE50,0x33BD20,0x3DA5DC;0x33DF44
FN_libManis_0033DCC0,0x33DCC0,sub_33DCC0,0x3DA66C,0x3DA5DC;0x33E064
FN_libManis_0033DD5C,0x33DD5C,sub_33DD5C,0x3DA66C,0x3DA5DC;0x33E064
FN_libManis_0033DDF8,0x33DDF8,sub_33DDF8,0x3DA66C,0x3DA5DC;0x33E064
FN_libManis_0033DE94,0x33DE94,sub_33DE94,0x3DA66C,0x3DA5DC;0x33E064
FN_libManis_0033DF44,0x33DF44,sub_33DF44,0x33BE50;0x8EE8D8;0x8EE9FC;0x8F0670;0x8F0780;0x8F088C;0x8F0998;0x8F0AA4;0x8F0BAC;0x8F0CB4,
FN_libManis_0033E064,0x33E064,sub_33E064,0x33DCC0;0x33DD5C;0x33DDF8;0x33DE94;0x340FF4;0x34109C;0x341140;0x3411E4;0x341288;0x341328,0x338E1C;0x33E200
FN_libManis_0033E200,0x33E200,sub_33E200,0x33E064;0x35A33C;0x368358;0x36E478;0x36EDF8;0x370210;0x370EC8;0x3716D8;0x371AA4;0x3725C0,
FN_libManis_00340FF4,0x340FF4,sub_340FF4,0x3DA66C,0x3DA5DC;0x33E064
FN_libManis_0034109C,0x34109C,sub_34109C,0x3DA66C,0x3DA5DC;0x33E064
FN_libManis_00341140,0x341140,sub_341140,0x3DA66C,0x3DA5DC;0x33E064
FN_libManis_003411E4,0x3411E4,sub_3411E4,0x3DA66C,0x3DA5DC;0x33E064
FN_libManis_00341288,0x341288,sub_341288,0x3DA66C,0x3DA5DC;0x33E064
FN_libManis_00341328,0x341328,sub_341328,0x3DA66C,0x3DA5DC;0x33E064
FN_libManis_003413C8,0x3413C8,sub_3413C8,0x3DA66C,0x3DA5DC;0x33E064
FN_libManis_00341468,0x341468,sub_341468,0x3DA66C,0x3DA5DC;0x33E064
FN_libManis_0034150C,0x34150C,sub_34150C,0x3DA66C,0x3DA5DC;0x33E064
FN_libManis_003415B0,0x3415B0,sub_3415B0,0x3DA66C,0x3DA5DC;0x33E064
FN_libManis_00341654,0x341654,sub_341654,0x3DA66C,0x3DA5DC;0x33E064
FN_libManis_003416F8,0x3416F8,sub_3416F8,0x3DA66C,0x3DA5DC;0x33E064
FN_libManis_0034179C,0x34179C,sub_34179C,0x3DA66C,0x3DA5DC;0x33E064
FN_libManis_00341840,0x341840,sub_341840,0x3DA66C,0x3DA5DC;0x33E064
FN_libManis_003418E4,0x3418E4,sub_3418E4,0x3DA66C,0x3DA5DC;0x33E064
FN_libManis_00341988,0x341988,sub_341988,0x6260FC;0x8EBCF0,
FN_libManis_00341A18,0x341A18,sub_341A18,0x6260FC;0x8EC470,
FN_libManis_00341AA8,0x341AA8,sub_341AA8,0x8EBCF0,
FN_libManis_00341B2C,0x341B2C,sub_341B2C,0x8EC470,
FN_libManis_00341BB0,0x341BB0,sub_341BB0,0x6260FC,
FN_libManis_00342290,0x342290,sub_342290,0x6260FC,
FN_libManis_00342508,0x342508,sub_342508,0x3F457C;0x8ECBE8,
FN_libManis_0034250C,0x34250C,sub_34250C,,0x361400
FN_libManis_003425C0,0x3425C0,sub_3425C0,0x3F131C;0x8ED37C,
FN_libManis_003425C4,0x3425C4,sub_3425C4,,0x3615A0
FN_libManis_00342678,0x342678,sub_342678,0x8ED37C,0x3F8EC4;0x34770C;0x3F91C0;0x3F8E7C;0x3F8E7C;0x3F90F4;0x361400;0x347788;0x3F8E7C;0x3F8E7C
FN_libManis_00343DA4,0x343DA4,sub_343DA4,0x342678;0x381784;0x381784;0x381784;0x381784;0x381784;0x381784;0x381784;0x407AEC;0x40D048,0x334CC0
FN_libManis_00343E40,0x343E40,sub_343E40,0x7B04D0;0x7B320C;0x7C7714;0x89DDD4;0x8BB540;0x8BD48C,0x3483F8;0x348324
FN_libManis_00344584,0x344584,sub_344584,0x7B04D0;0x7B04D0;0x7C7714,0x3483F8;0x348324
FN_libManis_00344D74,0x344D74,sub_344D74,0x7B320C,0x3483F8;0x348324
FN_libManis_00345A3C,0x345A3C,sub_345A3C,0x89DDD4,0x3483F8;0x348324
FN_libManis_00346188,0x346188,sub_346188,0x7C7714;0x89DDD4,0x3483F8;0x348324
FN_libManis_003468CC,0x3468CC,sub_3468CC,0x7C7714;0x89DDD4,0x3483F8;0x348324
FN_libManis_00347290,0x347290,sub_347290,0x7E36B4;0x811A68;0x81D48C;0x831E28;0x837E34;0x848160;0x85F008;0x86DD44;0x87D634;0x882548,
FN_libManis_00347574,0x347574,sub_347574,0x4A2104,
FN_libManis_003475EC,0x3475EC,sub_3475EC,0x4A2494;0x6278B4,
FN_libManis_0034770C,0x34770C,sub_34770C,0x342678;0x4A2234;0x6278B4,
FN_libManis_00347788,0x347788,sub_347788,0x342678;0x4A2364;0x6278B4,
FN_libManis_00347818,0x347818,sub_347818,0x4A2234,
FN_libManis_00347890,0x347890,sub_347890,0x4A2494;0x5119F4;0x6278B4,
FN_libManis_003479B0,0x3479B0,sub_3479B0,0x342678;0x4A2104;0x6278B4;0x6278B4,
FN_libManis_00347A2C,0x347A2C,sub_347A2C,0x342678;0x4A2364;0x6278B4,
FN_libManis_00347AA8,0x347AA8,sub_347AA8,0x4A2364,
FN_libManis_00347B20,0x347B20,sub_347B20,0x4A2494;0x6278B4,
FN_libManis_00347C54,0x347C54,sub_347C54,0x342678;0x4A2104;0x6278B4,
FN_libManis_00347CE4,0x347CE4,sub_347CE4,0x342678;0x4A2234;0x6278B4,
FN_libManis_00347D58,0x347D58,sub_347D58,0x4A2494,
FN_libManis_00347E10,0x347E10,sub_347E10,0x4A2104,
FN_libManis_00347F98,0x347F98,sub_347F98,0x4A2234,
FN_libManis_003480A0,0x3480A0,sub_3480A0,0x4A2364,
FN_libManis_003481A8,0x3481A8,sub_3481A8,0x3E1F40;0x3F91C0;0x3F99BC;0x3F99BC;0x655DE8,
FN_libManis_003481BC,0x3481BC,sub_3481BC,0x666AA8;0x666AA8;0x666AA8;0x666AA8;0x666AA8;0x666AA8;0x667914;0x667914;0x667914;0x667914,
FN_libManis_003481E0,0x3481E0,sub_3481E0,0x364B00;0x36E89C;0x36F2CC;0x372E8C;0x373A70;0x37684C;0x37907C;0x37B49C;0x37D7F0;0x392F70,0x348310
FN_libManis_00348310,0x348310,sub_348310,0x3481E0;0x34842C;0x370BF8;0x3757B8;0x378464;0x3878C0;0x38C0D4;0x38C0D4;0x39CE10;0x3A1FEC,0x334CD4
FN_libManis_00348324,0x348324,sub_348324,0x343E40;0x344584;0x344D74;0x345A3C;0x346188;0x3468CC;0x3A49D4;0x3BA354;0x668C48;0x668C48,
FN_libManis_003483F8,0x3483F8,sub_3483F8,0x343E40;0x344584;0x344D74;0x345A3C;0x346188;0x3468CC;0x6AB028;0x6AB028;0x6ACC60;0x6ACC60,
FN_libManis_0034842C,0x34842C,sub_34842C,0x665E40;0x665E40;0x666AA8;0x666AA8;0x667914;0x667914;0x668C48;0x669F5C;0x66B59C;0x66C448,0x334CEC;0x348310
FN_libManis_00348794,0x348794,sub_348794,0x66F6C8;0x66F6C8;0x6702B8;0x6A05EC;0x6A05EC;0x6A05EC;0x6AB028;0x6AE7F8;0x6B0C1C;0x6B0C1C,0x334CEC;0x3374AC
FN_libManis_00348AFC,0x348AFC,sub_348AFC,0x348E00,0x338E1C;0x358410;0x348D5C;0x334CC0
FN_libManis_00348D5C,0x348D5C,sub_348D5C,0x348AFC,
FN_libManis_00348E00,0x348E00,sub_348E00,0x6F36C8;0x6F50AC,0x338E1C;0x348AFC;0x334CC0
FN_libManis_003490F8,0x3490F8,sub_3490F8,0x3F99BC;0x3F99BC;0x6F36C8;0x6F50AC,
FN_libManis_0034910C,0x34910C,sub_34910C,0x8DE38C,
FN_libManis_00349198,0x349198,sub_349198,0x6F36C8;0x6F36C8,
FN_libManis_00349234,0x349234,sub_349234,0x35A4C8;0x39C100;0x6F50AC;0x8D8B10;0x8D9950;0x8DE38C,0x3E222C;0x334CC0
FN_libManis_0034A4D8,0x34A4D8,sub_34A4D8,0x39C2D4,
FN_libManis_0034A530,0x34A530,sub_34A530,0x359778;0x6F36C8,0x334CC0
FN_libManis_0034BAAC,0x34BAAC,sub_34BAAC,0x334CEC;0x334CEC;0x334CEC,
FN_libManis_0034BB10,0x34BB10,sub_34BB10,0x34C2D4;0x34DE1C,
FN_libManis_0034C164,0x34C164,sub_34C164,0x334CEC;0x334CEC;0x334CEC;0x334CEC;0x334CEC;0x334CEC,0x32C48C
FN_libManis_0034C218,0x34C218,sub_34C218,,0x32C48C
FN_libManis_0034C2D4,0x34C2D4,sub_34C2D4,0x334CEC;0x334CEC;0x334CEC,0x34BB10;0x32C440;0x32C440;0x32C48C;0x34E498;0x334CEC
FN_libManis_0034D7A4,0x34D7A4,sub_34D7A4,0x334CEC;0x334CEC;0x334CEC,0x3E1EB8;0x3E1E88;0x3E2278
FN_libManis_0034DE1C,0x34DE1C,sub_34DE1C,,0x34BB10
FN_libManis_0034DE80,0x34DE80,sub_34DE80,0x8A40AC;0x8A40AC,
FN_libManis_0034E498,0x34E498,sub_34E498,0x34C2D4,0x334CD4
FN_libManis_0034E4AC,0x34E4AC,sub_34E4AC,0x6F048C;0x6F36C8;0x6F50AC;0x7A484C,0x34E5B8
FN_libManis_0034E5B8,0x34E5B8,sub_34E5B8,0x34E4AC;0x356E94;0x36D814;0x36EF94;0x3734C8;0x3A0B88;0x3A3028;0x3A5D34;0x3A766C;0x3AC934,
FN_libManis_0034EA04,0x34EA04,sub_34EA04,0x94F920;0x94FFD8;0x9505B0,
FN_libManis_0034EBDC,0x34EBDC,sub_34EBDC,0x34F308,0x34ED40;0x352920;0x334CC0
FN_libManis_0034ED40,0x34ED40,sub_34ED40,0x34EBDC;0x34ED40;0x34ED40;0x8DB500;0x8DD43C,0x351E48;0x352AA0;0x34ED40;0x352AA0;0x352920;0x352920;0x351FB4;0x34ED40;0x352920;0x352920
FN_libManis_0034F230,0x34F230,sub_34F230,0x8D0268,0x34F308
FN_libManis_0034F308,0x34F308,sub_34F308,0x34F230,0x353F8C;0x350D98;0x355E4C;0x34EBDC;0x356E94;0x3574D4;0x338E1C;0x350D98;0x334CC0;0x334CC0
FN_libManis_00350D98,0x350D98,sub_350D98,0x34F308;0x34F308;0x8D03EC;0x8DB500;0x8DD43C,
FN_libManis_00350E54,0x350E54,sub_350E54,0x351104;0x3DB46C;0x3DB46C,0x355E4C
FN_libManis_00351104,0x351104,sub_351104,0x35195C;0x8CEDE4,0x350E54;0x351270;0x334CC0
FN_libManis_00351270,0x351270,sub_351270,0x351104,
FN_libManis_0035195C,0x35195C,sub_35195C,0x8CF6CC;0x8CF94C;0x8CFBCC;0x8CFE4C,0x351104
FN_libManis_00351984,0x351984,sub_351984,0x8DB500;0x8DB500;0x8DD43C;0x8DD43C;0x8DD43C;0x8DD43C;0x8DD43C;0x8DD43C;0x8DD43C;0x8DD43C,0x355C64;0x352920;0x352920;0x352920;0x352920;0x352920;0x352920;0x352920
FN_libManis_00351E48,0x351E48,sub_351E48,0x34ED40,0x3529E0;0x352920;0x352920;0x352920
FN_libManis_00351FB4,0x351FB4,sub_351FB4,0x34ED40,0x3529E0;0x352920;0x352920;0x352920;0x352C20;0x352E50;0x352920;0x352920;0x352920
FN_libManis_00352370,0x352370,sub_352370,,0x352920;0x353678;0x352920;0x352920
FN_libManis_003524E4,0x3524E4,sub_3524E4,,0x353678;0x352920;0x352920;0x352920;0x352920;0x353938;0x352920;0x352920;0x353938;0x352920
FN_libManis_00352920,0x352920,sub_352920,0x34EBDC;0x34ED40;0x34ED40;0x34ED40;0x34ED40;0x34ED40;0x34ED40;0x351984;0x351984;0x351984,
FN_libManis_003529E0,0x3529E0,sub_3529E0,0x351E48;0x351FB4,
FN_libManis_00352AA0,0x352AA0,sub_352AA0,0x34ED40;0x34ED40,0x352920
FN_libManis_00352C20,0x352C20,sub_352C20,0x351FB4,0x3531A0
FN_libManis_00352E50,0x352E50,sub_352E50,0x351FB4,
FN_libManis_003531A0,0x3531A0,sub_3531A0,0x352C20,
FN_libManis_00353678,0x353678,sub_353678,0x352370;0x3524E4,
FN_libManis_00353938,0x353938,sub_353938,0x3524E4;0x3524E4,
FN_libManis_00353F8C,0x353F8C,sub_353F8C,0x34F308,0x354164
FN_libManis_00354164,0x354164,sub_354164,0x353F8C;0x3546D8;0x354AA8,0x355558;0x355558;0x355558
FN_libManis_003543DC,0x3543DC,sub_3543DC,0x3546D8,0x352920;0x35560C;0x3557D8;0x35560C;0x355B2C;0x352920;0x355558
FN_libManis_003546D8,0x3546D8,sub_3546D8,,0x355558;0x3543DC;0x354164;0x355C64
FN_libManis_00354AA8,0x354AA8,sub_354AA8,,0x355558;0x354164;0x355C64;0x355558;0x355558;0x355558;0x355558;0x355558
FN_libManis_00355558,0x355558,sub_355558,0x354164;0x354164;0x354164;0x3543DC;0x3546D8;0x354AA8;0x354AA8;0x354AA8;0x354AA8;0x354AA8,
FN_libManis_0035560C,0x35560C,sub_35560C,0x3543DC;0x3543DC,
FN_libManis_003557D8,0x3557D8,sub_3557D8,0x3543DC,0x352920;0x352920;0x352920;0x352920;0x352920;0x352920;0x352920;0x352920
FN_libManis_00355B2C,0x355B2C,sub_355B2C,0x3543DC,0x355C64
FN_libManis_00355C64,0x355C64,sub_355C64,0x351984;0x3546D8;0x354AA8;0x355B2C;0x355CC8;0x355CC8;0x8DB500;0x8DB500;0x8DB500,
FN_libManis_00355CC8,0x355CC8,sub_355CC8,0x8DB500;0x8DB500;0x8DB500;0x8DB500;0x8DD43C;0x8DD43C;0x8DD43C;0x8DD43C;0x8DD43C;0x8DD43C,0x355C64;0x355C64
FN_libManis_00355E4C,0x355E4C,sub_355E4C,0x34F308;0x350E54,0x3562CC
FN_libManis_003562CC,0x3562CC,sub_3562CC,0x355E4C,
FN_libManis_00356E94,0x356E94,sub_356E94,0x34F308,0x34E5B8;0x338E1C;0x3572FC
FN_libManis_003572FC,0x3572FC,sub_3572FC,0x356E94,0x334CEC
FN_libManis_003574D4,0x3574D4,sub_3574D4,0x34F308;0x3A363C;0x3A363C;0x3AAF24;0x3AAF24;0x3AAF24;0x3B3674;0x3B3674;0x3B3674;0x3B3674,0x338E1C;0x357680;0x334CEC
FN_libManis_00357680,0x357680,sub_357680,0x3574D4;0x358D78;0x3689A4;0x3689A4;0x3703AC;0x3A7E24;0x3A7E24;0x3B0380;0x3B0514;0x3B05E0,0x334CD4
FN_libManis_00357694,0x357694,sub_357694,0x358410;0x3584A8,0x3581B0;0x3577D0
FN_libManis_003577D0,0x3577D0,sub_3577D0,0x357694;0x3581B0;0x3581B0,
FN_libManis_003581B0,0x3581B0,sub_3581B0,0x357694;0x358410;0x3584A8,0x3577D0;0x3577D0
FN_libManis_00358278,0x358278,sub_358278,0x358410;0x3584A8,0x35836C;0x334CC0
FN_libManis_0035836C,0x35836C,sub_35836C,0x358278,
FN_libManis_00358410,0x358410,sub_358410,0x348AFC;0x6F048C;0x7A484C,0x3581B0;0x357694;0x358278
FN_libManis_003584A8,0x3584A8,sub_3584A8,0x361BB8;0x6F36C8;0x6F50AC,0x3581B0;0x357694;0x358278
FN_libManis_0035852C,0x35852C,sub_35852C,0x4444CC;0x4444CC;0x4444CC;0x4444CC;0x4444CC;0x4444CC;0x4444CC;0x4444CC;0x4444CC;0x4444CC,
FN_libManis_00358534,0x358534,sub_358534,0x430158;0x431354;0x432620;0x575E40;0x5771B4;0x57866C;0x579AF4;0x57D760;0x57EBB4;0x58009C,
FN_libManis_0035857C,0x35857C,sub_35857C,0x442688;0x442688;0x442688;0x442688;0x442688;0x442688;0x442688;0x442688;0x442688;0x442688,
FN_libManis_003585C4,0x3585C4,sub_3585C4,0x3EA994;0x3EA994;0x4554D4;0x45CD34;0x6DD8CC;0x6E5C08;0x70C564;0x764ACC;0x79D0D8;0x79F0B4,0x334CC0
FN_libManis_00358748,0x358748,sub_358748,0x8E88E0;0x8E88E0,0x358C70;0x3589A0;0x358D78;0x3589A0
FN_libManis_003589A0,0x3589A0,sub_3589A0,0x358748;0x358748;0x3C3CA8;0x3C3CA8;0x3C3CA8;0x3C3CA8;0x3C3CA8;0x6F50AC;0x6F50AC,
FN_libManis_00358AE0,0x358AE0,sub_358AE0,0x66BC08;0x66BC08;0x6740C0;0x6740C0;0x677894;0x677894;0x67A664;0x67A664;0x68058C;0x68058C,
FN_libManis_00358C44,0x358C44,sub_358C44,0x35A9F8;0x361AE4;0x43F944;0x6ED544;0x6ED544;0x87BD1C;0x8CF04C;0x8CF04C;0x8CF04C;0x9021E8,0x358C58
FN_libManis_00358C58,0x358C58,sub_358C58,0x358C44;0x3A4394;0x3B5CA8;0x3F2754;0x3F283C;0x400C24;0x5AAEDC;0x5B1144;0x6F4D50;0x6F4E38,
FN_libManis_00358C70,0x358C70,sub_358C70,0x358748;0x3C3CA8;0x3C3CA8;0x6F50AC,
FN_libManis_00358D78,0x358D78,sub_358D78,0x358748;0x36E89C;0x373A70;0x373A70;0x37684C;0x37684C;0x37684C;0x37907C;0x37907C;0x38C0D4,0x357680;0x334CEC
FN_libManis_00359120,0x359120,sub_359120,0x3DA66C,0x3DA5DC;0x33E064
FN_libManis_003591C4,0x3591C4,sub_3591C4,0x8E553C,0x35A068
FN_libManis_0035924C,0x35924C,sub_35924C,0x8E553C,0x35D748
FN_libManis_003595A8,0x3595A8,sub_3595A8,0x35A068,
FN_libManis_00359778,0x359778,sub_359778,0x359778;0x359778,0x35AD18;0x35B204;0x35BED0;0x35AE88;0x35D3C4;0x34A530;0x35BFC8;0x359778;0x359778
FN_libManis_00359FC8,0x359FC8,sub_359FC8,0x35ACB4,
FN_libManis_0035A068,0x35A068,sub_35A068,0x3591C4,0x957840;0x35C1A8;0x35A33C;0x957870;0x35A4C8;0x35D69C;0x35A9F8;0x3595A8;0x957870;0x35C00C
FN_libManis_0035A33C,0x35A33C,sub_35A33C,0x35A068;0x6E352C;0x75F8B4;0x79C52C;0x7AA33C;0x828288;0x8B39C0;0x8B39C0;0x8BE960,0x33E200;0x35D900;0x35DA20
FN_libManis_0035A4C8,0x35A4C8,sub_35A4C8,0x35A068,0x3E1E70;0x349234;0x35C4D4;0x35CBAC;0x35D69C;0x3E2278;0x3E2278
FN_libManis_0035A9F8,0x35A9F8,sub_35A9F8,0x35A068,0x334CC0;0x358C44;0x334CC0
FN_libManis_0035ACB4,0x35ACB4,sub_35ACB4,,0x359FC8
FN_libManis_0035AD18,0x35AD18,sub_35AD18,0x359778,0x35B040;0x35B204;0x35BB2C;0x35BB2C;0x35B02C
FN_libManis_0035AE88,0x35AE88,sub_35AE88,0x359778,0x35B3C0;0x35B78C;0x35B3C0;0x35B78C
FN_libManis_0035B02C,0x35B02C,sub_35B02C,0x35AD18,0x334CD4
FN_libManis_0035B040,0x35B040,sub_35B040,0x35AD18,0x35B4E8;0x35B634;0x35B634;0x35B634;0x35B4E8;0x35B4E8;0x35B4E8;0x35B3C0;0x35B78C;0x35B4E8
FN_libManis_0035B204,0x35B204,sub_35B204,0x359778;0x35AD18;0x39C2D4;0x39C2D4;0x39C2D4;0x39EC18;0x39EE00;0x39EF8C,0x35B3C0;0x35B3C0;0x35B3C0;0x35B3C0;0x35B3C0
FN_libManis_0035B3C0,0x35B3C0,sub_35B3C0,0x35AE88;0x35AE88;0x35B040;0x35B204;0x35B204;0x35B204;0x35B204;0x35B204;0x35B4E8;0x35B4E8,
FN_libManis_0035B4E8,0x35B4E8,sub_35B4E8,0x35B040;0x35B040;0x35B040;0x35B040;0x35B040;0x35BED0;0x39C748;0x39C748;0x39EC18;0x39EC18,0x35B3C0;0x35B3C0;0x35B3C0
FN_libManis_0035B634,0x35B634,sub_35B634,0x35B040;0x35B040;0x35B040,0x35B3C0;0x35B3C0;0x35B3C0
FN_libManis_0035B78C,0x35B78C,sub_35B78C,0x35AE88;0x35AE88;0x35B040;0x35BED0;0x39C748;0x39C748;0x39C748;0x39F118;0x39F118;0x39F118,0x35B3C0;0x35B3C0;0x35B3C0
FN_libManis_0035B8D8,0x35B8D8,sub_35B8D8,0x39EC18,0x35B3C0;0x35B3C0;0x35B3C0;0x35B3C0
FN_libManis_0035BB2C,0x35BB2C,sub_35BB2C,0x35AD18;0x35AD18,0x35BC3C;0x35BD6C;0x35B3C0;0x35B3C0
FN_libManis_0035BC3C,0x35BC3C,sub_35BC3C,0x35BB2C;0x39F7C8;0x39F8EC;0x39FB60,0x35B3C0;0x35B3C0
FN_libManis_0035BD6C,0x35BD6C,sub_35BD6C,0x35BB2C,0x35B3C0;0x35B3C0;0x35B3C0
FN_libManis_0035BED0,0x35BED0,sub_35BED0,0x359778,0x35B4E8;0x35B3C0;0x35B78C
FN_libManis_0035BFC8,0x35BFC8,sub_35BFC8,0x359778;0x35BFCC;0x35BFCC;0x39C2D4;0x39C2D4,
FN_libManis_0035BFCC,0x35BFCC,sub_35BFCC,,0x35BFC8;0x35BFC8
FN_libManis_0035C00C,0x35C00C,sub_35C00C,0x35A068;0x3E0EE0;0x3E1560;0x6E352C;0x6E352C;0x6E352C;0x75F8B4;0x79C52C;0x79C52C;0x7AA33C,0x957870
FN_libManis_0035C0C0,0x35C0C0,sub_35C0C0,,0x957870;0x957870;0x957870
FN_libManis_0035C1A8,0x35C1A8,sub_35C1A8,0x35A068;0x3E0EE0;0x3E1560;0x6E352C;0x6E352C;0x6E352C;0x75F8B4;0x79C52C;0x79C52C;0x7AA33C,0x957840;0x35C404;0x35C46C;0x35C404;0x35C46C
FN_libManis_0035C32C,0x35C32C,sub_35C32C,,0x35C384
FN_libManis_0035C384,0x35C384,sub_35C384,0x35C32C;0x35C388;0x35C388,
FN_libManis_0035C388,0x35C388,sub_35C388,,0x35C384;0x35C384;0x957870
FN_libManis_0035C404,0x35C404,sub_35C404,0x35C1A8;0x35C1A8;0x3BF92C;0x3BF92C;0x5156A4;0x5156A4;0x8E8610;0x8E8610,
FN_libManis_0035C46C,0x35C46C,sub_35C46C,0x35C1A8;0x35C1A8;0x3BF92C;0x3BF92C;0x5156A4;0x5156A4;0x8E8610;0x8E8610,
FN_libManis_0035C4D4,0x35C4D4,sub_35C4D4,0x35A4C8,0x35C798;0x35CA04
FN_libManis_0035C798,0x35C798,sub_35C798,0x35C4D4,
FN_libManis_0035CA04,0x35CA04,sub_35CA04,0x35C4D4,
FN_libManis_0035CBAC,0x35CBAC,sub_35CBAC,0x35A4C8,0x35CEB4;0x35D0E0
FN_libManis_0035CEB4,0x35CEB4,sub_35CEB4,0x35CBAC,0x35D0CC;0x334CEC
FN_libManis_0035D0CC,0x35D0CC,sub_35D0CC,0x35CEB4;0x35D748,0x334CD4
FN_libManis_0035D0E0,0x35D0E0,sub_35D0E0,0x35CBAC,
FN_libManis_0035D3C4,0x35D3C4,sub_35D3C4,0x359778;0x39C2D4;0x39C2D4,0x35B3C0;0x35B3C0;0x35B3C0;0x35B3C0;0x35B3C0;0x35B3C0;0x35B3C0
FN_libManis_0035D69C,0x35D69C,sub_35D69C,0x35A068;0x35A4C8,
FN_libManis_0035D748,0x35D748,sub_35D748,0x35924C,0x35D0CC;0x334CEC
FN_libManis_0035D900,0x35D900,sub_35D900,0x35A33C;0x3E13D4;0x6E4418;0x7ADBBC,
FN_libManis_0035DA20,0x35DA20,sub_35DA20,0x35A33C;0x39B600;0x3E13D4;0x6E4418;0x7ADBBC;0x8D755C;0x942CA8;0x942DDC;0x943DEC;0x9444A8,
FN_libManis_0035DA60,0x35DA60,sub_35DA60,,0x35DA78
FN_libManis_0035DA78,0x35DA78,sub_35DA78,0x35DA60;0x36B9A0;0x3A48A0;0x3AD310;0x3AE4F0;0x3C0EE8;0x3C1498;0x3CD81C;0x3D10D4;0x3E1E64,
FN_libManis_0035E964,0x35E964,sub_35E964,0x3DA66C,0x3DA5DC;0x33E064
FN_libManis_0035EA00,0x35EA00,sub_35EA00,0x3DA66C,0x3DA5DC;0x33E064
FN_libManis_0035EA9C,0x35EA9C,sub_35EA9C,0x3DA66C,0x3DA5DC;0x33E064
FN_libManis_0036075C,0x36075C,sub_36075C,0x3DA66C,0x3DA5DC;0x33E064
FN_libManis_00360804,0x360804,sub_360804,0x3DA66C,0x3DA5DC;0x33E064
FN_libManis_003608A8,0x3608A8,sub_3608A8,0x3DA66C,0x3DA5DC;0x33E064
FN_libManis_0036094C,0x36094C,sub_36094C,0x3DA66C,0x3DA5DC;0x33E064
FN_libManis_003609F0,0x3609F0,sub_3609F0,0x3DA66C,0x3DA5DC;0x33E064
FN_libManis_00360A94,0x360A94,sub_360A94,0x3DA66C,0x3DA5DC;0x33E064
FN_libManis_00360B38,0x360B38,sub_360B38,0x3DA66C,0x3DA5DC;0x33E064
FN_libManis_00360BDC,0x360BDC,sub_360BDC,0x3DA66C,0x3DA5DC;0x33E064
FN_libManis_00360C7C,0x360C7C,sub_360C7C,0x3DA66C,0x3DA5DC;0x33E064
FN_libManis_00360D1C,0x360D1C,sub_360D1C,0x3DA66C,0x3DA5DC;0x33E064
FN_libManis_00360DBC,0x360DBC,sub_360DBC,0x3DA66C,0x3DA5DC;0x33E064
FN_libManis_00360E60,0x360E60,sub_360E60,0x3DA66C,0x3DA5DC;0x33E064
FN_libManis_00360F04,0x360F04,sub_360F04,0x3DA66C,0x3DA5DC;0x33E064;0x3DA5DC;0x33E064
FN_libManis_0036135C,0x36135C,sub_36135C,0x3DA66C,0x3DA5DC;0x33E064
FN_libManis_00361400,0x361400,sub_361400,0x34250C;0x342678,
FN_libManis_003615A0,0x3615A0,sub_3615A0,0x3425C4;0x342678,
FN_libManis_00361728,0x361728,sub_361728,0x8E2A54,0x948714;0x948780;0x948774;0x949FD8;0x957870;0x334CC0
FN_libManis_003619FC,0x3619FC,sub_3619FC,0x361BB8;0x6EE3E4;0x6EE3E4;0x6F048C;0x6F048C;0x6F6EF0;0x6F6EF0;0x6F6EF0;0x6F6EF0;0x6F6EF0,
FN_libManis_00361AE4,0x361AE4,sub_361AE4,0x361BB8,0x358C44;0x334CC0
FN_libManis_00361BB8,0x361BB8,sub_361BB8,0x363C10;0x39C100;0x6F50AC;0x8D6A20,0x948714;0x948780;0x948774;0x94A754;0x33ACFC;0x3584A8;0x363538;0x33ACFC;0x338E1C;0x949FD8
FN_libManis_00362270,0x362270,sub_362270,0x39C2D4;0x6F36C8,0x93F53C;0x93FC34;0x93FC40;0x93F924;0x93F930;0x93F93C;0x363180;0x93F59C;0x93FC4C;0x3E1EB8
FN_libManis_00362598,0x362598,sub_362598,,0x363180;0x363180;0x363180;0x93A8B0;0x363100;0x363100;0x363100
FN_libManis_0036286C,0x36286C,sub_36286C,,0x363180;0x363180;0x363180;0x93AB64;0x363100;0x363100;0x363100
FN_libManis_00362B40,0x362B40,sub_362B40,,0x363180;0x363180;0x93AEA4;0x363100;0x363100
FN_libManis_00362D1C,0x362D1C,sub_362D1C,,0x363180;0x363180;0x93B170;0x363100;0x363100
FN_libManis_00362F08,0x362F08,sub_362F08,,0x363180;0x363180;0x93AC08;0x363100;0x363100
FN_libManis_00363100,0x363100,sub_363100,0x362270;0x362598;0x362598;0x362598;0x36286C;0x36286C;0x36286C;0x362B40;0x362B40;0x362D1C,
FN_libManis_00363180,0x363180,sub_363180,0x362270;0x362598;0x362598;0x362598;0x36286C;0x36286C;0x36286C;0x362B40;0x362B40;0x362D1C,0x363338;0x363338
FN_libManis_00363338,0x363338,sub_363338,0x363180;0x363180;0x9513E0;0x9513E0,
FN_libManis_00363538,0x363538,sub_363538,0x361BB8;0x364648;0x39C2D4;0x6F1AD0;0x7C0C90;0x81466C;0x826964;0x876928;0x8A1850;0x8A3368,0x33BD20;0x33BD20
FN_libManis_003636B4,0x3636B4,sub_3636B4,0x361BB8;0x361BB8,0x33BD20;0x33BD20;0x33BD20
FN_libManis_0036385C,0x36385C,sub_36385C,0x361BB8,0x33BD20;0x33BD20;0x33BD20
FN_libManis_00363A04,0x363A04,sub_363A04,0x363C10;0x8D6A20,0x364CF4;0x367804;0x367E58;0x33ACFC;0x33ACE0
FN_libManis_00363C10,0x363C10,sub_363C10,,0x3E1E70;0x3E1E70;0x361BB8;0x33AF24;0x363A04;0x33AF24;0x33AD30;0x3E2278;0x3E2278;0x33ACFC
FN_libManis_00363F58,0x363F58,sub_363F58,,0x93EE28;0x33ACE0
FN_libManis_00364098,0x364098,sub_364098,,0x3681EC;0x33ACFC
FN_libManis_003641E0,0x3641E0,sub_3641E0,,0x3681EC;0x33ACFC
FN_libManis_00364328,0x364328,sub_364328,,0x33ACFC;0x33ACFC;0x334CC0
FN_libManis_00364648,0x364648,sub_364648,,0x33ACFC;0x363538;0x33ACFC;0x334CC0
FN_libManis_0036491C,0x36491C,sub_36491C,0x8DFC14,0x3F8650;0x364B00;0x368358;0x957840;0x957870;0x957870;0x368358;0x957870
FN_libManis_00364B00,0x364B00,sub_364B00,0x36491C;0x45CB44,0x3481E0;0x3E225C;0x957870
FN_libManis_00364BE8,0x364BE8,sub_364BE8,0x364CC4,0x367BF0;0x367C40;0x367CCC;0x957870
FN_libManis_00364CC4,0x364CC4,sub_364CC4,,0x364BE8
FN_libManis_00364CF4,0x364CF4,sub_364CF4,0x363A04;0x36887C,
FN_libManis_00364D84,0x364D84,sub_364D84,,0x3655F0;0x3652E0;0x3653F8;0x365468;0x3652E0;0x3654F4;0x365564;0x3652E0;0x3654F4;0x365564
FN_libManis_003652E0,0x3652E0,sub_3652E0,0x364D84;0x364D84;0x364D84;0x364D84;0x365AD4;0x365AD4;0x365AD4;0x36623C;0x36695C;0x36695C,
FN_libManis_00365368,0x365368,sub_365368,0x367894;0x367894,
FN_libManis_003653F8,0x3653F8,sub_3653F8,0x364D84,
FN_libManis_00365468,0x365468,sub_365468,0x364D84,
FN_libManis_0036546C,0x36546C,sub_36546C,,0x3668CC
FN_libManis_003654F4,0x3654F4,sub_3654F4,0x364D84;0x364D84,
FN_libManis_00365564,0x365564,sub_365564,0x364D84;0x364D84,
FN_libManis_00365568,0x365568,sub_365568,,0x3674B8
FN_libManis_003655F0,0x3655F0,sub_3655F0,0x364D84,0x365A40;0x365944;0x365944;0x3659B4
FN_libManis_00365944,0x365944,sub_365944,0x3655F0;0x3655F0,
FN_libManis_003659B4,0x3659B4,sub_3659B4,0x3655F0,
FN_libManis_003659B8,0x3659B8,sub_3659B8,,0x366754
FN_libManis_00365A40,0x365A40,sub_365A40,0x3655F0,
FN_libManis_00365AD4,0x365AD4,sub_365AD4,,0x3652E0;0x365F44;0x3652E0;0x365FB4;0x366024;0x3652E0;0x3660B0;0x366120
FN_libManis_00365F44,0x365F44,sub_365F44,0x365AD4,
FN_libManis_00365FB4,0x365FB4,sub_365FB4,0x365AD4,
FN_libManis_00366024,0x366024,sub_366024,0x365AD4,
FN_libManis_00366028,0x366028,sub_366028,,0x3661AC
FN_libManis_003660B0,0x3660B0,sub_3660B0,0x365AD4,
FN_libManis_00366120,0x366120,sub_366120,0x365AD4,
FN_libManis_00366124,0x366124,sub_366124,,0x3665DC
FN_libManis_003661AC,0x3661AC,sub_3661AC,0x366028,
FN_libManis_0036623C,0x36623C,sub_36623C,,0x3652E0;0x36656C
FN_libManis_0036648C,0x36648C,sub_36648C,0x366ED8,
FN_libManis_003664FC,0x3664FC,sub_3664FC,0x366ED8,
FN_libManis_0036656C,0x36656C,sub_36656C,0x36623C,
FN_libManis_003665DC,0x3665DC,sub_3665DC,0x366124;0x36695C;0x36695C;0x3674B8,
FN_libManis_00366754,0x366754,sub_366754,0x3659B8,
FN_libManis_003668CC,0x3668CC,sub_3668CC,0x36546C,
FN_libManis_0036695C,0x36695C,sub_36695C,,0x3665DC;0x3652E0;0x3665DC;0x3652E0;0x366DFC
FN_libManis_00366DFC,0x366DFC,sub_366DFC,0x36695C,
FN_libManis_00366ED8,0x366ED8,sub_366ED8,,0x367110;0x3652E0;0x36648C;0x3652E0;0x3664FC
FN_libManis_00367110,0x367110,sub_367110,0x366ED8,
FN_libManis_003674B8,0x3674B8,sub_3674B8,0x365568,0x3665DC
FN_libManis_003676DC,0x3676DC,sub_3676DC,0x364D84,
FN_libManis_00367804,0x367804,sub_367804,0x363A04,
FN_libManis_00367894,0x367894,sub_367894,,0x3652E0;0x365368;0x3652E0;0x365368
FN_libManis_00367BF0,0x367BF0,sub_367BF0,0x364BE8;0x367BF4;0x367BF4;0x3AD310;0x3AE6BC;0x3AE6BC;0x3CAF30;0x3E422C;0x662624;0x662624,
FN_libManis_00367BF4,0x367BF4,sub_367BF4,,0x367BF0;0x367BF0
FN_libManis_00367C40,0x367C40,sub_367C40,0x364BE8;0x367C44;0x367C44;0x368544;0x368590;0x3F4630;0x3F4630;0x3F4630;0x45AD90;0x45AD90,
FN_libManis_00367C44,0x367C44,sub_367C44,,0x367C40;0x367C40;0x957870
FN_libManis_00367CCC,0x367CCC,sub_367CCC,0x364BE8;0x39BD90;0x39CACC;0x7C0C90;0x7C5ED0;0x82AA18;0x82CF18;0x88FCEC;0x891E2C,
FN_libManis_00367E58,0x367E58,sub_367E58,0x363A04;0x7B64A8;0x7B6984;0x7B6984;0x7B879C;0x7B879C;0x7BA26C;0x7BA768;0x7BBD6C;0x7BBD6C,0x33BD20;0x33BD20;0x33BD20
FN_libManis_00368080,0x368080,sub_368080,0x363C10;0x6D9220;0x6DD8CC;0x6DD8CC;0x6DD8CC;0x6DE7EC;0x6F9E8C;0x6FA97C;0x70BC9C;0x70C564,0x33BD20
FN_libManis_003681EC,0x3681EC,sub_3681EC,0x364098;0x3641E0;0x3689A4;0x3F97D0;0x513B50;0x5AA6E8;0x5AC42C;0x7FAB18;0x7FAB18;0x805174,0x33BD20
FN_libManis_00368358,0x368358,sub_368358,0x36491C;0x36491C;0x3E9AD0;0x3E9AD0;0x3E9AD0;0x3EA544;0x3EBB94;0x3EC69C;0x3F131C;0x3F2924,0x338E1C;0x33E200
FN_libManis_00368544,0x368544,sub_368544,,0x367C40
FN_libManis_00368590,0x368590,sub_368590,,0x367C40;0x3F8950
FN_libManis_003685E4,0x3685E4,sub_3685E4,0x36AA38,
FN_libManis_003685E8,0x3685E8,sub_3685E8,0x36AA38,
FN_libManis_0036887C,0x36887C,sub_36887C,,0x364CF4;0x3689A4;0x33ACFC
FN_libManis_003689A4,0x3689A4,sub_3689A4,0x36887C,0x957870;0x33ACFC;0x3878B8;0x36A890;0x36D5A0;0x36A890;0x36D5A0;0x36AA38;0x338E1C;0x36D814
FN_libManis_0036A890,0x36A890,sub_36A890,0x3689A4;0x3689A4,0x3878B8;0x3878BC;0x3878C0;0x3878C0
FN_libManis_0036AA38,0x36AA38,sub_36AA38,0x3689A4,0x3878B8;0x3878BC;0x3878C0;0x3685E4;0x3878C0;0x3878C0;0x3685E8;0x36B308;0x36BB58;0x39B600
FN_libManis_0036B308,0x36B308,sub_36B308,0x36AA38,
FN_libManis_0036B9A0,0x36B9A0,sub_36B9A0,0x3689A4;0x3689A4,0x35DA78
FN_libManis_0036BB30,0x36BB30,sub_36BB30,0x36BB58;0x3CBE64;0x3CBFD8;0x663800;0x6651FC;0x69AB00;0x6F9E8C;0x6FB3B4;0x6FC26C;0x717870,0x334CD4
FN_libManis_0036BB44,0x36BB44,sub_36BB44,0x36BB58;0x37C160;0x38852C;0x38C72C;0x38C72C;0x38D810;0x38D940;0x3B0380;0x3B05E0;0x3B0840,0x334CD4
FN_libManis_0036BB58,0x36BB58,sub_36BB58,0x36AA38,0x36BB30;0x36BB44;0x3374AC
FN_libManis_0036BD1C,0x36BD1C,sub_36BD1C,0x36BD20;0x36BD20,
FN_libManis_0036BD20,0x36BD20,sub_36BD20,,0x36BD1C;0x36BD1C
FN_libManis_0036BD8C,0x36BD8C,sub_36BD8C,0x3689A4;0x36D320;0x36DE40;0x3A0630;0x3A0630;0x3A0630;0x3A0630;0x3A0DD8;0x3A0DD8;0x3A0DD8,0x36BED4;0x36C00C;0x36C138
FN_libManis_0036BED4,0x36BED4,sub_36BED4,0x36BD8C;0x7D987C,
FN_libManis_0036C00C,0x36C00C,sub_36C00C,0x36BD8C,0x36C090
FN_libManis_0036C090,0x36C090,sub_36C090,0x36C00C,
FN_libManis_0036C138,0x36C138,sub_36C138,0x36BD8C;0x3AF248;0x3AF248;0x3B5F94;0x3B5F94;0x3B5F94;0x3B5F94;0x3B5F94;0x3B5F94;0x3B5F94,0x36CEF4;0x36D270;0x36CB00;0x36C92C;0x36CDD4;0x36CD90;0x36C9D8;0x36C804;0x36C72C;0x36CB44
FN_libManis_0036C470,0x36C470,sub_36C470,0x36C138,
FN_libManis_0036C4E4,0x36C4E4,sub_36C4E4,0x36C138,
FN_libManis_0036C640,0x36C640,sub_36C640,0x36C138,
FN_libManis_0036C6B8,0x36C6B8,sub_36C6B8,0x36C138,
FN_libManis_0036C72C,0x36C72C,sub_36C72C,0x36C138;0x37684C,
FN_libManis_0036C7C0,0x36C7C0,sub_36C7C0,0x36C138,
FN_libManis_0036C804,0x36C804,sub_36C804,0x36C138,
FN_libManis_0036C8B0,0x36C8B0,sub_36C8B0,0x36C138,
FN_libManis_0036C92C,0x36C92C,sub_36C92C,0x36C138,
FN_libManis_0036C9D8,0x36C9D8,sub_36C9D8,0x36C138,
FN_libManis_0036CA54,0x36CA54,sub_36CA54,0x36C138,
FN_libManis_0036CB00,0x36CB00,sub_36CB00,0x36C138,
FN_libManis_0036CB44,0x36CB44,sub_36CB44,0x36C138,
FN_libManis_0036CBB8,0x36CBB8,sub_36CBB8,0x36C138,
FN_libManis_0036CC0C,0x36CC0C,sub_36CC0C,0x36C138,
FN_libManis_0036CCB8,0x36CCB8,sub_36CCB8,0x36C138,
FN_libManis_0036CD4C,0x36CD4C,sub_36CD4C,0x36C138,
FN_libManis_0036CD90,0x36CD90,sub_36CD90,0x36C138,
FN_libManis_0036CDD4,0x36CDD4,sub_36CDD4,0x36C138,
FN_libManis_0036CE90,0x36CE90,sub_36CE90,0x36C138,
FN_libManis_0036CEF4,0x36CEF4,sub_36CEF4,0x36C138;0x39638C,
FN_libManis_0036CFF0,0x36CFF0,sub_36CFF0,0x36C138,
FN_libManis_0036D054,0x36D054,sub_36D054,0x36C138,
FN_libManis_0036D0C8,0x36D0C8,sub_36D0C8,0x36C138,
FN_libManis_0036D1A8,0x36D1A8,sub_36D1A8,0x36C138,
FN_libManis_0036D22C,0x36D22C,sub_36D22C,0x36C138,
FN_libManis_0036D270,0x36D270,sub_36D270,0x36C138,
FN_libManis_0036D320,0x36D320,sub_36D320,0x36D320,0x36D320;0x36D4FC;0x36BD8C
FN_libManis_0036D4FC,0x36D4FC,sub_36D4FC,0x36D320;0x3AD310,
FN_libManis_0036D5A0,0x36D5A0,sub_36D5A0,0x3689A4;0x3689A4;0x39BFB0;0x39CE10;0x39CE10;0x7C5ED0;0x7C5ED0;0x82CF18;0x82CF18;0x891E2C,0x36D768;0x334CEC
FN_libManis_0036D768,0x36D768,sub_36D768,0x36D5A0;0x39E764,0x334CD4
FN_libManis_0036D77C,0x36D77C,sub_36D77C,0x3689A4;0x3AE934,
FN_libManis_0036D814,0x36D814,sub_36D814,0x3689A4;0x371D28;0x371D28;0x378464;0x381784;0x381784;0x388B1C;0x388B1C;0x38DC6C;0x38EF10,0x34E5B8;0x36DC54
FN_libManis_0036DC54,0x36DC54,sub_36DC54,0x36D814;0x3734C8,0x334CEC
FN_libManis_0036DE2C,0x36DE2C,sub_36DE2C,0x3689A4;0x3A3E90,0x334CD4
FN_libManis_0036DE40,0x36DE40,sub_36DE40,0x3689A4;0x3A0630;0x3A363C;0x3A363C;0x3AAF24;0x3AAF24;0x3B2084;0x3B2084,0x36BD8C;0x36DFF0;0x334CEC
FN_libManis_0036DFF0,0x36DFF0,sub_36DFF0,0x36DE40;0x3A0DD8;0x3A3278;0x3AA258,0x334CD4
FN_libManis_0036E004,0x36E004,sub_36E004,0x3689A4,0x36E1EC;0x36E1D8;0x334CEC
FN_libManis_0036E1D8,0x36E1D8,sub_36E1D8,0x36E004;0x3AECAC,0x334CD4
FN_libManis_0036E1EC,0x36E1EC,sub_36E1EC,0x36E004;0x3AECAC,
FN_libManis_0036E2A4,0x36E2A4,sub_36E2A4,,0x387EE0;0x387EE0;0x387EE0;0x387EE0;0x33ACE0
FN_libManis_0036E428,0x36E428,sub_36E428,0x3FAAC8,0x36E478
FN_libManis_0036E478,0x36E478,sub_36E478,0x36E428,0x33E200;0x36E6F4
FN_libManis_0036E6F4,0x36E6F4,sub_36E6F4,0x36E478;0x36EDF8;0x370210;0x370EC8;0x3716D8;0x371AA4;0x3725C0;0x372C08;0x3731F8;0x37561C,
FN_libManis_0036E89C,0x36E89C,sub_36E89C,,0x387D9C;0x387D9C;0x36EF94;0x3481E0;0x33ACFC;0x36EF94;0x358D78;0x33ACE0
FN_libManis_0036EDA8,0x36EDA8,sub_36EDA8,0x3FAAC8,0x36EDF8
FN_libManis_0036EDF8,0x36EDF8,sub_36EDF8,0x36EDA8,0x33E200;0x36E6F4
FN_libManis_0036EF94,0x36EF94,sub_36EF94,0x36E89C;0x36E89C;0x36F2CC;0x36F2CC;0x36F2CC;0x36F2CC;0x36F2CC;0x3708F8;0x372E8C;0x373A70,0x34E5B8
FN_libManis_0036F2CC,0x36F2CC,sub_36F2CC,,0x387EE0;0x387EE0;0x387CBC;0x387CBC;0x387CBC;0x387CBC;0x38823C;0x38823C;0x37059C;0x38881C
FN_libManis_003701C0,0x3701C0,sub_3701C0,0x3FAAC8,0x370210
FN_libManis_00370210,0x370210,sub_370210,0x3701C0,0x33E200;0x36E6F4
FN_libManis_003703AC,0x3703AC,sub_3703AC,0x36F2CC;0x3708F8;0x37114C;0x371D28;0x378464;0x37CC18;0x37D7F0;0x37D7F0;0x37EAF0;0x37EAF0,0x357680;0x334CEC
FN_libManis_0037059C,0x37059C,sub_37059C,0x36F2CC;0x371D28;0x372844;0x373A70;0x3760EC;0x37684C;0x37907C;0x37B49C;0x37D1AC;0x37D7F0,0x3374AC
FN_libManis_003706CC,0x3706CC,sub_3706CC,0x36F2CC;0x371D28;0x372844;0x373A70;0x3760EC;0x37684C;0x37907C;0x37B49C;0x37D1AC;0x37D7F0,0x3707FC
FN_libManis_003707FC,0x3707FC,sub_3707FC,0x3706CC;0x38881C;0x390FA8;0x44E1EC;0x4FBFCC,0x334CD4
FN_libManis_003708F8,0x3708F8,sub_3708F8,,0x387EE0;0x387EE0;0x387D9C;0x387D9C;0x36EF94;0x370BF8;0x3703AC;0x33ACFC;0x33ACE0
FN_libManis_00370BF8,0x370BF8,sub_370BF8,0x3708F8;0x3A021C;0x3A021C;0x3A363C;0x69E098,0x348310;0x334CEC
FN_libManis_00370E78,0x370E78,sub_370E78,0x3FAAC8,0x370EC8
FN_libManis_00370EC8,0x370EC8,sub_370EC8,0x370E78,0x33E200;0x36E6F4
FN_libManis_0037114C,0x37114C,sub_37114C,,0x387D9C;0x387D9C;0x38823C;0x38823C;0x38823C;0x38823C;0x3703AC;0x33ACFC;0x387EE0;0x387EE0
FN_libManis_00371688,0x371688,sub_371688,0x3FAAC8,0x3716D8
FN_libManis_003716D8,0x3716D8,sub_3716D8,0x371688,0x33E200;0x36E6F4
FN_libManis_0037195C,0x37195C,sub_37195C,,0x387EE0;0x387EE0;0x33ACE0
FN_libManis_00371A54,0x371A54,sub_371A54,0x3FAAC8,0x371AA4
FN_libManis_00371AA4,0x371AA4,sub_371AA4,0x371A54,0x33E200;0x36E6F4
FN_libManis_00371D28,0x371D28,sub_371D28,,0x387CBC;0x387CBC;0x387CBC;0x387CBC;0x38823C;0x38823C;0x37059C;0x38881C;0x38881C;0x3706CC
FN_libManis_00372570,0x372570,sub_372570,0x3FAAC8,0x3725C0
FN_libManis_003725C0,0x3725C0,sub_3725C0,0x372570,0x33E200;0x36E6F4
FN_libManis_00372844,0x372844,sub_372844,,0x387EE0;0x387EE0;0x387CBC;0x387CBC;0x387CBC;0x387CBC;0x38823C;0x38823C;0x37059C;0x38881C
FN_libManis_00372BB8,0x372BB8,sub_372BB8,0x3FAAC8,0x372C08
FN_libManis_00372C08,0x372C08,sub_372C08,0x372BB8,0x33E200;0x36E6F4
FN_libManis_00372E8C,0x372E8C,sub_372E8C,,0x387D9C;0x387D9C;0x36EF94;0x33ACFC;0x3481E0;0x373394;0x3734C8;0x33ACFC
FN_libManis_003731A8,0x3731A8,sub_3731A8,0x3FAAC8,0x3731F8
FN_libManis_003731F8,0x3731F8,sub_3731F8,0x3731A8,0x33E200;0x36E6F4
FN_libManis_00373394,0x373394,sub_373394,0x372E8C;0x3A49D4;0x3B5F94;0x3BA354;0x7A7E40,0x3734B4
FN_libManis_003734B4,0x3734B4,sub_3734B4,0x373394;0x378464;0x381784;0x383818;0x38DC6C;0x38EF10;0x394B00;0x397F30;0x39A020;0x3B3674,0x334CD4
FN_libManis_003734C8,0x3734C8,sub_3734C8,0x372E8C,0x34E5B8;0x338E1C;0x36DC54
FN_libManis_00373A70,0x373A70,sub_373A70,,0x387EE0;0x387EE0;0x387CBC;0x387CBC;0x387CBC;0x387CBC;0x38823C;0x38823C;0x37059C;0x38881C
FN_libManis_003755CC,0x3755CC,sub_3755CC,0x3FAAC8,0x37561C
FN_libManis_0037561C,0x37561C,sub_37561C,0x3755CC,0x33E200;0x36E6F4
FN_libManis_003757B8,0x3757B8,sub_3757B8,0x373A70;0x37684C;0x37907C;0x37D7F0;0x39E98C;0x3F8BB0;0x60C9D4;0x60F8DC,0x348310;0x334CEC
FN_libManis_00375974,0x375974,sub_375974,0x373A70;0x37684C;0x37907C;0x413D24;0x416E90;0x41A464;0x5DAEA4;0x5DAEA4;0x5DAEA4;0x6B2D5C,0x3374AC;0x334CEC
FN_libManis_00375B30,0x375B30,sub_375B30,0x373A70;0x37907C;0x3B3674,
FN_libManis_00375BA8,0x375BA8,sub_375BA8,0x373A70;0x3CE46C;0x3CE46C;0x3F1138;0x876928;0x876928;0x876928;0x893EFC;0x8A845C,0x33BD20;0x33BD20
FN_libManis_00375E18,0x375E18,sub_375E18,0x3FAAC8,0x375E68
FN_libManis_00375E68,0x375E68,sub_375E68,0x375E18,0x33E200;0x36E6F4
FN_libManis_003760EC,0x3760EC,sub_3760EC,,0x387EE0;0x388120;0x388120;0x387EE0;0x387EE0;0x387CBC;0x387CBC;0x387CBC;0x387CBC;0x38823C
FN_libManis_00376578,0x376578,sub_376578,0x3FAAC8,0x3765C8
FN_libManis_003765C8,0x3765C8,sub_3765C8,0x376578,0x33E200;0x36E6F4
FN_libManis_0037684C,0x37684C,sub_37684C,,0x387EE0;0x387EE0;0x387CBC;0x387CBC;0x387CBC;0x387CBC;0x38823C;0x38823C;0x37059C;0x38881C
FN_libManis_00378190,0x378190,sub_378190,0x3FAAC8,0x3781E0
FN_libManis_003781E0,0x3781E0,sub_3781E0,0x378190,0x33E200;0x36E6F4
FN_libManis_00378464,0x378464,sub_378464,,0x387EE0;0x387EE0;0x387EE0;0x387EE0;0x38823C;0x38823C;0x3703AC;0x33ACFC;0x338E1C;0x36D814
FN_libManis_00378A70,0x378A70,sub_378A70,0x3FAAC8,0x378AC0
FN_libManis_00378AC0,0x378AC0,sub_378AC0,0x378A70,0x33E200;0x36E6F4
FN_libManis_00378D44,0x378D44,sub_378D44,,0x33ACFC
FN_libManis_00378DA8,0x378DA8,sub_378DA8,0x3FAAC8,0x378DF8
FN_libManis_00378DF8,0x378DF8,sub_378DF8,0x378DA8,0x33E200;0x36E6F4
FN_libManis_0037907C,0x37907C,sub_37907C,,0x387EE0;0x387EE0;0x387CBC;0x387CBC;0x387CBC;0x387CBC;0x38823C;0x38823C;0x37059C;0x38881C
FN_libManis_0037AB24,0x37AB24,sub_37AB24,0x3FAAC8,0x37AB74
FN_libManis_0037AB74,0x37AB74,sub_37AB74,0x37AB24,0x33E200;0x36E6F4
FN_libManis_0037ADF8,0x37ADF8,sub_37ADF8,,0x38823C;0x38823C;0x387EE0;0x387EE0;0x387EE0;0x387EE0;0x388004;0x388004;0x388004;0x388004
FN_libManis_0037B218,0x37B218,sub_37B218,0x37ADF8,0x33E200;0x36E6F4
FN_libManis_0037B49C,0x37B49C,sub_37B49C,,0x387EE0;0x387EE0;0x387CBC;0x387CBC;0x387CBC;0x387CBC;0x38823C;0x38823C;0x37059C;0x38881C
FN_libManis_0037BF74,0x37BF74,sub_37BF74,0x3FAAC8,0x37BFC4
FN_libManis_0037BFC4,0x37BFC4,sub_37BFC4,0x37BF74,0x33E200;0x36E6F4
FN_libManis_0037C160,0x37C160,sub_37C160,0x37B49C,0x36BB44
FN_libManis_0037C378,0x37C378,sub_37C378,,0x388004;0x388004;0x33ACE0
FN_libManis_0037C470,0x37C470,sub_37C470,0x3FAAC8,0x37C4C0
FN_libManis_0037C4C0,0x37C4C0,sub_37C4C0,0x37C470,0x33E200;0x36E6F4
FN_libManis_0037C744,0x37C744,sub_37C744,,0x388004;0x388004;0x388004;0x388004;0x388004;0x388004;0x33ACE0
FN_libManis_0037C944,0x37C944,sub_37C944,0x3FAAC8,0x37C994
FN_libManis_0037C994,0x37C994,sub_37C994,0x37C944,0x33E200;0x36E6F4
FN_libManis_0037CC18,0x37CC18,sub_37CC18,,0x387D9C;0x387D9C;0x3703AC;0x33ACFC;0x33ACE0
FN_libManis_0037CED8,0x37CED8,sub_37CED8,0x3FAAC8,0x37CF28
FN_libManis_0037CF28,0x37CF28,sub_37CF28,0x37CED8,0x33E200;0x36E6F4
FN_libManis_0037D1AC,0x37D1AC,sub_37D1AC,,0x387EE0;0x387EE0;0x387CBC;0x387CBC;0x387CBC;0x387CBC;0x38823C;0x38823C;0x37059C;0x38881C
FN_libManis_0037D51C,0x37D51C,sub_37D51C,0x3FAAC8,0x37D56C
FN_libManis_0037D56C,0x37D56C,sub_37D56C,0x37D51C,0x33E200;0x36E6F4
FN_libManis_0037D7F0,0x37D7F0,sub_37D7F0,,0x387EE0;0x387EE0;0x387CBC;0x387CBC;0x387CBC;0x387CBC;0x38823C;0x38823C;0x37059C;0x38881C
FN_libManis_0037E81C,0x37E81C,sub_37E81C,0x3FAAC8,0x37E86C
FN_libManis_0037E86C,0x37E86C,sub_37E86C,0x37E81C,0x33E200;0x36E6F4
FN_libManis_0037EAF0,0x37EAF0,sub_37EAF0,,0x387EE0;0x387EE0;0x387EE0;0x387EE0;0x387D9C;0x387D9C;0x3703AC;0x3703AC;0x33ACE0
FN_libManis_0037EEF4,0x37EEF4,sub_37EEF4,0x3FAAC8,0x37EF44
FN_libManis_0037EF44,0x37EF44,sub_37EF44,0x37EEF4,0x33E200;0x36E6F4
FN_libManis_0037F1C8,0x37F1C8,sub_37F1C8,,0x387EE0;0x387EE0;0x387D9C;0x387D9C;0x3703AC;0x33ACE0
FN_libManis_0037F424,0x37F424,sub_37F424,0x3FAAC8,0x37F474
FN_libManis_0037F474,0x37F474,sub_37F474,0x37F424,0x33E200;0x36E6F4
FN_libManis_0037F6F8,0x37F6F8,sub_37F6F8,,0x387EE0;0x387EE0;0x33ACE0
FN_libManis_0037F7F8,0x37F7F8,sub_37F7F8,0x3FAAC8,0x37F848
FN_libManis_0037F848,0x37F848,sub_37F848,0x37F7F8,0x33E200;0x36E6F4
FN_libManis_0037FACC,0x37FACC,sub_37FACC,,0x387D9C;0x387D9C;0x387EE0;0x33ACFC;0x387EE0;0x387EE0;0x387EE0;0x387EE0;0x33ACFC;0x387EE0
FN_libManis_00380074,0x380074,sub_380074,0x3FAAC8,0x3800C4
FN_libManis_003800C4,0x3800C4,sub_3800C4,0x380074,0x33E200;0x36E6F4
FN_libManis_00380348,0x380348,sub_380348,,0x387EE0;0x387EE0;0x388004;0x3703AC;0x33ACE0
FN_libManis_003805AC,0x3805AC,sub_3805AC,0x3FAAC8,0x3805FC
FN_libManis_003805FC,0x3805FC,sub_3805FC,0x3805AC,0x33E200;0x36E6F4
FN_libManis_00380880,0x380880,sub_380880,,0x388004;0x388004;0x388004;0x33ACE0
FN_libManis_003809E8,0x3809E8,sub_3809E8,0x3FAAC8,0x380A38
FN_libManis_00380A38,0x380A38,sub_380A38,0x3809E8,0x33E200;0x36E6F4
FN_libManis_00380CC4,0x380CC4,sub_380CC4,0x3FAAC8,0x380D14
FN_libManis_00380D14,0x380D14,sub_380D14,0x380CC4,0x33E200;0x36E6F4
FN_libManis_00380F98,0x380F98,sub_380F98,,0x388004;0x387D9C;0x387D9C;0x387D9C;0x387D9C;0x3703AC;0x3703AC;0x3703AC;0x3703AC;0x33ACE0
FN_libManis_003814B0,0x3814B0,sub_3814B0,0x3FAAC8,0x381500
FN_libManis_00381500,0x381500,sub_381500,0x3814B0,0x33E200;0x36E6F4
FN_libManis_00381784,0x381784,sub_381784,,0x387EE0;0x387EE0;0x387EE0;0x38852C;0x38852C;0x387EE0;0x387EE0;0x38852C;0x38852C;0x387EE0
FN_libManis_0038362C,0x38362C,sub_38362C,0x381784;0x381784,
FN_libManis_003836C8,0x3836C8,sub_3836C8,0x381784;0x381784;0x381784,
FN_libManis_0038371C,0x38371C,sub_38371C,0x381784;0x381784;0x381784;0x73303C;0x73303C;0x7E12A0;0x7E12A0;0x7E12A0,0x334CC0
FN_libManis_00383818,0x383818,sub_383818,0x381784;0x381784;0x381784;0x3A363C;0x76335C,0x3734B4
FN_libManis_003839EC,0x3839EC,sub_3839EC,0x381784,
FN_libManis_00383A84,0x383A84,sub_383A84,0x381784;0x3B5F94;0x3BA354,
FN_libManis_00383AFC,0x383AFC,sub_383AFC,0x381784;0x381784,
FN_libManis_00383B28,0x383B28,sub_383B28,0x3FAAC8,0x383B78
FN_libManis_00383B78,0x383B78,sub_383B78,0x383B28,0x33E200;0x36E6F4
FN_libManis_00383D14,0x383D14,sub_383D14,0x381784,
FN_libManis_00383DB0,0x383DB0,sub_383DB0,0x381784;0x381784;0x38A104;0x38A104;0x38A104;0x38A104;0x38A104;0x38A104;0x38A104;0x38A104,0x3374AC;0x334CEC
FN_libManis_003840DC,0x3840DC,sub_3840DC,,0x387EE0;0x387EE0;0x388004;0x387EE0;0x387EE0;0x387D9C;0x387D9C;0x387D9C;0x387D9C;0x3703AC
FN_libManis_003845E4,0x3845E4,sub_3845E4,0x3FAAC8,0x384634
FN_libManis_00384634,0x384634,sub_384634,0x3845E4,0x33E200;0x36E6F4
FN_libManis_003848B8,0x3848B8,sub_3848B8,,0x38823C;0x38852C;0x38852C;0x38852C;0x38852C;0x387EE0;0x387EE0;0x387EE0;0x387EE0;0x33ACE0
FN_libManis_00384CDC,0x384CDC,sub_384CDC,0x3FAAC8,0x384D2C
FN_libManis_00384D2C,0x384D2C,sub_384D2C,0x384CDC,0x33E200;0x36E6F4
FN_libManis_00384EC8,0x384EC8,sub_384EC8,0x3848B8,
FN_libManis_0038505C,0x38505C,sub_38505C,,0x38852C;0x38852C;0x387EE0;0x387EE0;0x387EE0;0x387EE0;0x33ACE0;0x33ACFC
FN_libManis_003853A4,0x3853A4,sub_3853A4,0x3FAAC8,0x3853F4
FN_libManis_003853F4,0x3853F4,sub_3853F4,0x3853A4,0x33E200;0x36E6F4
FN_libManis_00385678,0x385678,sub_385678,,0x388004;0x388004;0x388004;0x388004;0x388004;0x388004;0x33ACE0
FN_libManis_00385878,0x385878,sub_385878,0x3FAAC8,0x3858C8
FN_libManis_003858C8,0x3858C8,sub_3858C8,0x385878,0x33E200;0x36E6F4
FN_libManis_00385B4C,0x385B4C,sub_385B4C,,0x387EE0;0x387EE0;0x387EE0;0x387EE0;0x33ACE0
FN_libManis_00385CB4,0x385CB4,sub_385CB4,0x3FAAC8,0x385D04
FN_libManis_00385D04,0x385D04,sub_385D04,0x385CB4,0x33E200;0x36E6F4
FN_libManis_00385F88,0x385F88,sub_385F88,,0x387EE0;0x387EE0;0x387EE0;0x388004;0x388004;0x388004;0x388004;0x388004;0x33ACE0;0x387EE0
FN_libManis_0038628C,0x38628C,sub_38628C,0x3FAAC8,0x3862DC
FN_libManis_003862DC,0x3862DC,sub_3862DC,0x38628C,0x33E200;0x36E6F4
FN_libManis_00386560,0x386560,sub_386560,,0x387D9C;0x387D9C;0x3703AC;0x33ACE0;0x33ACE0
FN_libManis_00386768,0x386768,sub_386768,0x3FAAC8,0x3867B8
FN_libManis_003867B8,0x3867B8,sub_3867B8,0x386768,0x33E200;0x36E6F4
FN_libManis_00386A3C,0x386A3C,sub_386A3C,,0x387EE0;0x387EE0;0x33ACE0
FN_libManis_00386B30,0x386B30,sub_386B30,0x3FAAC8,0x386B80
FN_libManis_00386B80,0x386B80,sub_386B80,0x386B30,0x33E200;0x36E6F4
FN_libManis_00386E04,0x386E04,sub_386E04,,0x387EE0;0x387EE0;0x387EE0;0x387EE0;0x388004;0x33ACE0
FN_libManis_00387008,0x387008,sub_387008,0x3FAAC8,0x387058
FN_libManis_00387058,0x387058,sub_387058,0x387008,0x33E200;0x36E6F4
FN_libManis_00387318,0x387318,sub_387318,0x3FAAC8,0x387368
FN_libManis_00387368,0x387368,sub_387368,0x387318,0x33E200;0x36E6F4
FN_libManis_003875F4,0x3875F4,sub_3875F4,0x3FAAC8,0x387644
FN_libManis_00387644,0x387644,sub_387644,0x3875F4,0x33E200;0x36E6F4
FN_libManis_003878B8,0x3878B8,sub_3878B8,0x3689A4;0x3689A4;0x36A890;0x36AA38,
FN_libManis_003878BC,0x3878BC,sub_3878BC,0x3689A4;0x36A890;0x36AA38,
FN_libManis_003878C0,0x3878C0,sub_3878C0,0x3689A4;0x36A890;0x36A890;0x36AA38;0x36AA38;0x36AA38,0x348310;0x334CEC
FN_libManis_00387B00,0x387B00,sub_387B00,0x388B1C,
FN_libManis_00387CBC,0x387CBC,sub_387CBC,0x36F2CC;0x36F2CC;0x36F2CC;0x36F2CC;0x371D28;0x371D28;0x371D28;0x371D28;0x372844;0x372844,
FN_libManis_00387D9C,0x387D9C,sub_387D9C,0x36E89C;0x36E89C;0x36F2CC;0x36F2CC;0x36F2CC;0x36F2CC;0x36F2CC;0x36F2CC;0x36F2CC;0x36F2CC,
FN_libManis_00387EE0,0x387EE0,sub_387EE0,0x36E2A4;0x36E2A4;0x36E2A4;0x36E2A4;0x36F2CC;0x36F2CC;0x36F2CC;0x36F2CC;0x3708F8;0x3708F8,
FN_libManis_00388004,0x388004,sub_388004,0x36F2CC;0x371D28;0x371D28;0x373A70;0x373A70;0x37907C;0x37907C;0x37ADF8;0x37ADF8;0x37ADF8,
FN_libManis_00388120,0x388120,sub_388120,0x3760EC;0x3760EC,
FN_libManis_0038823C,0x38823C,sub_38823C,0x36F2CC;0x36F2CC;0x37114C;0x37114C;0x37114C;0x37114C;0x371D28;0x371D28;0x372844;0x372844,0x3374AC;0x334CEC
FN_libManis_0038852C,0x38852C,sub_38852C,0x37B49C;0x37B49C;0x381784;0x381784;0x381784;0x381784;0x3848B8;0x3848B8;0x3848B8;0x3848B8,0x36BB44;0x334CEC
FN_libManis_0038881C,0x38881C,sub_38881C,0x36F2CC;0x36F2CC;0x371D28;0x371D28;0x372844;0x372844;0x373A70;0x373A70;0x3760EC;0x3760EC,0x3707FC;0x334CEC
FN_libManis_00388B1C,0x388B1C,sub_388B1C,,0x387EE0;0x38823C;0x38823C;0x338E1C;0x36D814;0x3703AC;0x387CBC;0x387CBC;0x388004;0x388004
FN_libManis_003895E8,0x3895E8,sub_3895E8,0x3FAAC8,0x389638
FN_libManis_00389638,0x389638,sub_389638,0x3895E8,0x33E200;0x36E6F4
FN_libManis_003898BC,0x3898BC,sub_3898BC,,0x38823C;0x33ACE0
FN_libManis_003899B0,0x3899B0,sub_3899B0,0x3FAAC8,0x389A00
FN_libManis_00389A00,0x389A00,sub_389A00,0x3899B0,0x33E200;0x36E6F4
FN_libManis_00389C84,0x389C84,sub_389C84,,0x38823C;0x38823C;0x38823C;0x38823C;0x33ACE0
FN_libManis_00389E30,0x389E30,sub_389E30,0x3FAAC8,0x389E80
FN_libManis_00389E80,0x389E80,sub_389E80,0x389E30,0x33E200;0x36E6F4
FN_libManis_0038A104,0x38A104,sub_38A104,,0x387CBC;0x387CBC;0x387CBC;0x387CBC;0x38823C;0x38823C;0x37059C;0x38881C;0x38881C;0x3706CC
FN_libManis_0038B928,0x38B928,sub_38B928,0x3FAAC8,0x38B978
FN_libManis_0038B978,0x38B978,sub_38B978,0x38B928,0x33E200;0x36E6F4
FN_libManis_0038BBFC,0x38BBFC,sub_38BBFC,,0x388004;0x388004;0x388004;0x388004;0x388004;0x388004;0x33ACE0
FN_libManis_0038BE00,0x38BE00,sub_38BE00,0x3FAAC8,0x38BE50
FN_libManis_0038BE50,0x38BE50,sub_38BE50,0x38BE00,0x33E200;0x36E6F4
FN_libManis_0038C0D4,0x38C0D4,sub_38C0D4,,0x387D9C;0x387D9C;0x36EF94;0x36EF94;0x358D78;0x33ACE0;0x348310;0x348310
FN_libManis_0038C458,0x38C458,sub_38C458,0x3FAAC8,0x38C4A8
FN_libManis_0038C4A8,0x38C4A8,sub_38C4A8,0x38C458,0x33E200;0x36E6F4
FN_libManis_0038C72C,0x38C72C,sub_38C72C,,0x387EE0;0x387EE0;0x387EE0;0x387EE0;0x388004;0x388004;0x38823C;0x38823C;0x38D6E0;0x38823C
FN_libManis_0038D46C,0x38D46C,sub_38D46C,0x3FAAC8,0x38D4BC
FN_libManis_0038D4BC,0x38D4BC,sub_38D4BC,0x38D46C,0x33E200;0x36E6F4
FN_libManis_0038D658,0x38D658,sub_38D658,0x38C72C,
FN_libManis_0038D6E0,0x38D6E0,sub_38D6E0,0x38C72C;0x38C72C;0x3B5F94;0x3B5F94;0x3B5F94;0x6AE7F8;0x7C2D1C;0x7C505C;0x7D4E7C;0x7D4E7C,0x3374AC
FN_libManis_0038D810,0x38D810,sub_38D810,0x38C72C;0x5D1A24,0x36BB44
FN_libManis_0038D940,0x38D940,sub_38D940,0x38C72C;0x39638C;0x396EB4;0x43CFBC;0x43CFBC;0x43CFBC;0x43CFBC;0x43CFBC;0x43CFBC;0x43CFBC,0x36BB44;0x334CEC
FN_libManis_0038DC6C,0x38DC6C,sub_38DC6C,,0x387EE0;0x387EE0;0x387EE0;0x38823C;0x38823C;0x3703AC;0x3703AC;0x338E1C;0x36D814;0x33ACE0
FN_libManis_0038E308,0x38E308,sub_38E308,0x3FAAC8,0x38E358
FN_libManis_0038E358,0x38E358,sub_38E358,0x38E308,0x33E200;0x36E6F4
FN_libManis_0038E5DC,0x38E5DC,sub_38E5DC,,0x388004;0x388004;0x33ACE0
FN_libManis_0038E6FC,0x38E6FC,sub_38E6FC,0x3FAAC8,0x38E74C
FN_libManis_0038E74C,0x38E74C,sub_38E74C,0x38E6FC,0x33E200;0x36E6F4
FN_libManis_0038E9D0,0x38E9D0,sub_38E9D0,,0x387EE0;0x387EE0;0x387EE0;0x387EE0;0x387EE0;0x387EE0;0x33ACE0
FN_libManis_0038EC3C,0x38EC3C,sub_38EC3C,0x3FAAC8,0x38EC8C
FN_libManis_0038EC8C,0x38EC8C,sub_38EC8C,0x38EC3C,0x33E200;0x36E6F4
FN_libManis_0038EF10,0x38EF10,sub_38EF10,,0x38823C;0x38823C;0x3703AC;0x338E1C;0x36D814;0x387CBC;0x387CBC;0x387CBC;0x387CBC;0x38823C
FN_libManis_0038F610,0x38F610,sub_38F610,0x3FAAC8,0x38F660
FN_libManis_0038F660,0x38F660,sub_38F660,0x38F610,0x33E200;0x36E6F4
FN_libManis_0038F8E4,0x38F8E4,sub_38F8E4,,0x387EE0;0x387EE0;0x387EE0;0x387EE0;0x387EE0;0x387EE0;0x387EE0;0x387EE0;0x387EE0;0x387EE0
FN_libManis_0038FED4,0x38FED4,sub_38FED4,0x3FAAC8,0x38FF24
FN_libManis_0038FF24,0x38FF24,sub_38FF24,0x38FED4,0x33E200;0x36E6F4
FN_libManis_003901A8,0x3901A8,sub_3901A8,,0x38823C;0x38823C;0x33ACFC;0x388004;0x388004;0x33ACE0
FN_libManis_00390400,0x390400,sub_390400,0x3FAAC8,0x390450
FN_libManis_00390450,0x390450,sub_390450,0x390400,0x33E200;0x36E6F4
FN_libManis_003906D4,0x3906D4,sub_3906D4,,0x387EE0;0x387EE0;0x387EE0;0x387EE0;0x387D9C;0x387D9C;0x387D9C;0x387D9C;0x358D78;0x358D78
FN_libManis_00390DBC,0x390DBC,sub_390DBC,0x3FAAC8,0x390E0C
FN_libManis_00390E0C,0x390E0C,sub_390E0C,0x390DBC,0x33E200;0x36E6F4
FN_libManis_00390FA8,0x390FA8,sub_390FA8,0x3906D4,0x3707FC;0x334CEC
FN_libManis_003912D4,0x3912D4,sub_3912D4,,0x38852C;0x38852C;0x33ACE0
FN_libManis_00391458,0x391458,sub_391458,0x3FAAC8,0x3914A8
FN_libManis_003914A8,0x3914A8,sub_3914A8,0x391458,0x33E200;0x36E6F4
FN_libManis_0039172C,0x39172C,sub_39172C,,0x387EE0;0x387EE0;0x387EE0;0x387EE0;0x387D9C;0x387D9C;0x387D9C;0x387D9C;0x3703AC;0x33ACE0
FN_libManis_00391B30,0x391B30,sub_391B30,0x3FAAC8,0x391B80
FN_libManis_00391B80,0x391B80,sub_391B80,0x391B30,0x33E200;0x36E6F4
FN_libManis_00391E04,0x391E04,sub_391E04,,0x387EE0;0x387EE0;0x387D9C;0x387D9C;0x387D9C;0x387D9C;0x387D9C;0x387D9C;0x3703AC;0x33ACE0
FN_libManis_003922EC,0x3922EC,sub_3922EC,0x3FAAC8,0x39233C
FN_libManis_0039233C,0x39233C,sub_39233C,0x3922EC,0x33E200;0x36E6F4
FN_libManis_003925C0,0x3925C0,sub_3925C0,,0x387CBC;0x387CBC;0x387CBC;0x387CBC;0x387EE0;0x387EE0;0x387EE0;0x387EE0;0x387EE0;0x387EE0
FN_libManis_003928D0,0x3928D0,sub_3928D0,0x3FAAC8,0x392920
FN_libManis_00392920,0x392920,sub_392920,0x3928D0,0x33E200;0x36E6F4
FN_libManis_00392BA4,0x392BA4,sub_392BA4,,0x387EE0;0x387EE0;0x33ACE0
FN_libManis_00392C9C,0x392C9C,sub_392C9C,0x3FAAC8,0x392CEC
FN_libManis_00392CEC,0x392CEC,sub_392CEC,0x392C9C,0x33E200;0x36E6F4
FN_libManis_00392F70,0x392F70,sub_392F70,,0x387CBC;0x387CBC;0x387CBC;0x387CBC;0x38823C;0x37059C;0x38881C;0x38881C;0x3706CC;0x387D9C
FN_libManis_00393694,0x393694,sub_393694,0x3FAAC8,0x3936E4
FN_libManis_003936E4,0x3936E4,sub_3936E4,0x393694,0x33E200;0x36E6F4
FN_libManis_00393968,0x393968,sub_393968,,0x38823C;0x38823C;0x38823C;0x38823C;0x38823C;0x38823C;0x37059C;0x37059C;0x387CBC;0x387CBC
FN_libManis_00393E70,0x393E70,sub_393E70,0x3FAAC8,0x393EC0
FN_libManis_00393EC0,0x393EC0,sub_393EC0,0x393E70,0x33E200;0x36E6F4
FN_libManis_00394144,0x394144,sub_394144,,0x38823C;0x38823C;0x33ACE0;0x33ACE0
FN_libManis_00394274,0x394274,sub_394274,0x3FAAC8,0x3942C4
FN_libManis_003942C4,0x3942C4,sub_3942C4,0x394274,0x33E200;0x36E6F4
FN_libManis_00394550,0x394550,sub_394550,0x3FAAC8,0x3945A0
FN_libManis_003945A0,0x3945A0,sub_3945A0,0x394550,0x33E200;0x36E6F4
FN_libManis_0039482C,0x39482C,sub_39482C,0x3FAAC8,0x39487C
FN_libManis_0039487C,0x39487C,sub_39487C,0x39482C,0x33E200;0x36E6F4
FN_libManis_00394B00,0x394B00,sub_394B00,,0x38823C;0x38823C;0x3703AC;0x338E1C;0x36D814;0x33ACE0;0x334CC0;0x3734B4
FN_libManis_00394FD4,0x394FD4,sub_394FD4,0x3FAAC8,0x395024
FN_libManis_00395024,0x395024,sub_395024,0x394FD4,0x33E200;0x36E6F4
FN_libManis_003952A8,0x3952A8,sub_3952A8,,0x3703AC;0x38823C;0x38823C;0x338E1C;0x36D814;0x38823C;0x38823C;0x338E1C;0x36D814;0x38823C
FN_libManis_003960B8,0x3960B8,sub_3960B8,0x3FAAC8,0x396108
FN_libManis_00396108,0x396108,sub_396108,0x3960B8,0x33E200;0x36E6F4
FN_libManis_0039638C,0x39638C,sub_39638C,,0x38823C;0x38823C;0x38852C;0x38852C;0x38852C;0x38852C;0x38D940;0x38852C;0x38852C;0x38852C
FN_libManis_00396BE0,0x396BE0,sub_396BE0,0x3FAAC8,0x396C30
FN_libManis_00396C30,0x396C30,sub_396C30,0x396BE0,0x33E200;0x36E6F4
FN_libManis_00396EB4,0x396EB4,sub_396EB4,,0x38852C;0x38852C;0x38852C;0x38852C;0x38D940;0x387EE0;0x387EE0;0x387EE0;0x387EE0;0x38852C
FN_libManis_0039757C,0x39757C,sub_39757C,0x3FAAC8,0x3975CC
FN_libManis_003975CC,0x3975CC,sub_3975CC,0x39757C,0x33E200;0x36E6F4
FN_libManis_0039788C,0x39788C,sub_39788C,0x3FAAC8,0x3978DC
FN_libManis_003978DC,0x3978DC,sub_3978DC,0x39788C,0x33E200;0x36E6F4
FN_libManis_00397B60,0x397B60,sub_397B60,,0x388004;0x388004;0x33ACE0
FN_libManis_00397C5C,0x397C5C,sub_397C5C,0x3FAAC8,0x397CAC
FN_libManis_00397CAC,0x397CAC,sub_397CAC,0x397C5C,0x33E200;0x36E6F4
FN_libManis_00397F30,0x397F30,sub_397F30,,0x387EE0;0x387EE0;0x387EE0;0x387EE0;0x38823C;0x38823C;0x383DB0;0x3703AC;0x338E1C;0x36D814
FN_libManis_00398610,0x398610,sub_398610,0x3FAAC8,0x398660
FN_libManis_00398660,0x398660,sub_398660,0x398610,0x33E200;0x36E6F4
FN_libManis_003988E4,0x3988E4,sub_3988E4,,0x387EE0;0x387EE0;0x388004;0x388004;0x387EE0;0x387EE0;0x33ACE0
FN_libManis_00398AE8,0x398AE8,sub_398AE8,0x3FAAC8,0x398B38
FN_libManis_00398B38,0x398B38,sub_398B38,0x398AE8,0x33E200;0x36E6F4
FN_libManis_00398DBC,0x398DBC,sub_398DBC,,0x387EE0;0x387EE0;0x387EE0;0x387EE0;0x387EE0;0x387EE0;0x387EE0;0x387EE0;0x3703AC;0x338E1C
FN_libManis_00399318,0x399318,sub_399318,0x3FAAC8,0x399368
FN_libManis_00399368,0x399368,sub_399368,0x399318,0x33E200;0x36E6F4
FN_libManis_003995EC,0x3995EC,sub_3995EC,,0x387EE0;0x387EE0;0x33ACE0
FN_libManis_00399704,0x399704,sub_399704,0x3FAAC8,0x399754
FN_libManis_00399754,0x399754,sub_399754,0x399704,0x33E200;0x36E6F4
FN_libManis_003999D8,0x3999D8,sub_3999D8,,0x38823C;0x38823C;0x38823C;0x38823C;0x33ACE0
FN_libManis_00399D4C,0x399D4C,sub_399D4C,0x3FAAC8,0x399D9C
FN_libManis_00399D9C,0x399D9C,sub_399D9C,0x399D4C,0x33E200;0x36E6F4
FN_libManis_0039A020,0x39A020,sub_39A020,,0x38823C;0x38823C;0x3703AC;0x338E1C;0x36D814;0x33ACE0;0x334CC0;0x3734B4
FN_libManis_0039A484,0x39A484,sub_39A484,0x3FAAC8,0x39A4D4
FN_libManis_0039A4D4,0x39A4D4,sub_39A4D4,0x39A484,0x33E200;0x36E6F4
FN_libManis_0039A758,0x39A758,sub_39A758,,0x38823C;0x38823C;0x33ACE0;0x33ACFC
FN_libManis_0039A8F4,0x39A8F4,sub_39A8F4,0x3FAAC8,0x39A944
FN_libManis_0039A944,0x39A944,sub_39A944,0x39A8F4,0x33E200;0x36E6F4
FN_libManis_0039ABD0,0x39ABD0,sub_39ABD0,0x3FAAC8,0x39AC20
FN_libManis_0039AC20,0x39AC20,sub_39AC20,0x39ABD0,0x33E200;0x36E6F4
FN_libManis_0039AE90,0x39AE90,sub_39AE90,,0x39B2F4
FN_libManis_0039B2F4,0x39B2F4,sub_39B2F4,0x39AE90;0x680160;0x6F1954;0x6F69C8;0x70C564;0x70C564;0x755484;0x755484;0x7B6984;0x7B6984,0x334CD4
FN_libManis_0039B600,0x39B600,sub_39B600,0x36AA38,0x35DA20
FN_libManis_0039BAEC,0x39BAEC,sub_39BAEC,,0x39BD90;0x33AEDC;0x33AD30;0x957870;0x39BFB0;0x39BFB0;0x33ACE0
FN_libManis_0039BD90,0x39BD90,sub_39BD90,0x39BAEC;0x39C100,0x39D4A0;0x39DF68;0x367CCC;0x33ACE0;0x33ACFC;0x33ACFC;0x33ACFC
FN_libManis_0039BFB0,0x39BFB0,sub_39BFB0,0x39BAEC;0x39BAEC,0x3481E0;0x36D5A0
FN_libManis_0039C100,0x39C100,sub_39C100,0x7C0C90;0x82AA18;0x88FCEC,0x3E1E70;0x349234;0x3E1E70;0x3E1E70;0x361BB8;0x33AF24;0x39BD90;0x33ACFC;0x33ACFC;0x33AD30
FN_libManis_0039C2D4,0x39C2D4,sub_39C2D4,0x39CACC;0x7C5ED0;0x82CF18;0x891E2C,0x39EC18;0x35D3C4;0x94F720;0x35B204;0x35B204;0x35B204;0x39C748;0x35D3C4;0x3E1E70;0x362270
FN_libManis_0039C748,0x39C748,sub_39C748,0x39C2D4,0x39FC80;0x39FC80;0x35B4E8;0x35B3C0;0x35B78C;0x35B3C0;0x35B78C;0x35B4E8;0x35B3C0;0x35B78C
FN_libManis_0039CACC,0x39CACC,sub_39CACC,0x39CE10,0x39FF1C;0x39FF1C;0x39C2D4;0x367CCC
FN_libManis_0039CE10,0x39CE10,ManisPackCompiledModel,,0x36D5A0;0x36D5A0;0x39CACC;0x33AF14;0x348310;0x334CEC
FN_libManis_0039D4A0,0x39D4A0,sub_39D4A0,0x39BD90,
FN_libManis_0039D534,0x39D534,sub_39D534,,0x39DBD8;0x3652E0;0x39DA70;0x39DAE0;0x3652E0;0x39DE40;0x3652E0;0x39DB6C
FN_libManis_0039DA70,0x39DA70,sub_39DA70,0x39D534,
FN_libManis_0039DAE0,0x39DAE0,sub_39DAE0,0x39D534,
FN_libManis_0039DAE4,0x39DAE4,sub_39DAE4,,0x39DBD8
FN_libManis_0039DB6C,0x39DB6C,sub_39DB6C,0x39D534,
FN_libManis_0039DBD8,0x39DBD8,sub_39DBD8,0x39D534;0x39DAE4,
FN_libManis_0039DE40,0x39DE40,sub_39DE40,0x39D534,
FN_libManis_0039DF68,0x39DF68,sub_39DF68,0x39BD90,0x39E764;0x39E98C;0x39E764;0x39E98C
FN_libManis_0039E764,0x39E764,sub_39E764,0x39DF68;0x39DF68,0x36D768;0x334CEC
FN_libManis_0039E98C,0x39E98C,sub_39E98C,0x39DF68;0x39DF68,0x3757B8
FN_libManis_0039EC18,0x39EC18,sub_39EC18,0x39C2D4,0x35B204;0x39EE00;0x39EF8C;0x35B4E8;0x35B4E8;0x35B4E8;0x35B8D8;0x39FB60;0x39F118
FN_libManis_0039EE00,0x39EE00,sub_39EE00,0x39EC18,0x39F7C8;0x39F608;0x35B204;0x39F8EC;0x39F8EC;0x39F5F4
FN_libManis_0039EF8C,0x39EF8C,sub_39EF8C,0x39EC18,0x39F7C8;0x39F608;0x35B204;0x39F8EC;0x39F8EC;0x39F5F4
FN_libManis_0039F118,0x39F118,sub_39F118,0x39EC18,0x35B4E8;0x35B4E8;0x35B4E8;0x35B4E8;0x35B4E8;0x35B3C0;0x35B78C;0x35B3C0;0x35B78C;0x35B3C0
FN_libManis_0039F5F4,0x39F5F4,sub_39F5F4,0x39EE00;0x39EF8C,0x334CD4
FN_libManis_0039F608,0x39F608,sub_39F608,0x39EE00;0x39EF8C,0x35B4E8;0x35B4E8;0x35B3C0;0x35B78C;0x35B3C0;0x35B78C
FN_libManis_0039F7C8,0x39F7C8,sub_39F7C8,0x39EE00;0x39EF8C,0x35BC3C;0x35B3C0;0x35B3C0;0x35B3C0
FN_libManis_0039F8EC,0x39F8EC,sub_39F8EC,0x39EE00;0x39EE00;0x39EF8C;0x39EF8C,0x35BC3C;0x39F9FC;0x35B3C0;0x35B3C0
FN_libManis_0039F9FC,0x39F9FC,sub_39F9FC,0x39F8EC,0x35B3C0;0x35B3C0;0x35B3C0
FN_libManis_0039FB60,0x39FB60,sub_39FB60,0x39EC18,0x35BC3C;0x35B3C0;0x35B3C0;0x35B3C0
FN_libManis_0039FC80,0x39FC80,sub_39FC80,0x39C748;0x39C748,0x35B3C0;0x35B3C0;0x35B3C0
FN_libManis_0039FDCC,0x39FDCC,sub_39FDCC,0x39C748,0x35B3C0;0x35B3C0;0x35B3C0
FN_libManis_0039FF1C,0x39FF1C,sub_39FF1C,0x39CACC;0x39CACC,
FN_libManis_0039FFD4,0x39FFD4,sub_39FFD4,,0x3A18C4;0x33E200;0x3A18C4;0x33E200;0x3A18C4;0x33E200;0x3A1A74;0x3A1A74
FN_libManis_003A021C,0x3A021C,sub_3A021C,,0x3A0A68;0x3A0A68;0x3A0B88;0x370BF8;0x3A0B88;0x370BF8
FN_libManis_003A03C0,0x3A03C0,sub_3A03C0,0x3FAC18,0x3A0514;0x338E1C;0x3A0514
FN_libManis_003A0514,0x3A0514,sub_3A0514,0x3A03C0;0x3A03C0,0x3A1B40;0x3A1DB4
FN_libManis_003A0630,0x3A0630,sub_3A0630,0x3A2B48;0x3AC344,0x3A0DD8;0x3A137C;0x36DE40;0x36BD8C;0x36BD8C;0x33ACE0;0x36BD8C;0x36BD8C
FN_libManis_003A0A68,0x3A0A68,sub_3A0A68,0x3A021C;0x3A021C;0x3A363C;0x3A49D4;0x3A49D4;0x3A49D4;0x3A49D4;0x3B3674;0x3B3674;0x3B4EBC,
FN_libManis_003A0B88,0x3A0B88,sub_3A0B88,0x3A021C;0x3A021C;0x3A363C;0x3A55A4;0x3AAF24;0x3AC1E4;0x3AC1E4;0x3AF248;0x3B2084;0x3B2084,0x34E5B8
FN_libManis_003A0DD8,0x3A0DD8,sub_3A0DD8,0x3A0630,0x36BD8C;0x36BD8C;0x36BD8C;0x36DFF0;0x334CEC
FN_libManis_003A137C,0x3A137C,sub_3A137C,0x3A0630;0x3AF248;0x3BA8C8,0x3A16EC
FN_libManis_003A16EC,0x3A16EC,sub_3A16EC,0x3A137C,0x334CEC
FN_libManis_003A18C4,0x3A18C4,sub_3A18C4,0x39FFD4;0x39FFD4;0x39FFD4;0x3A2674;0x3A34F8;0x3A7CA0;0x3AAC70;0x3AAC70;0x3AAC70;0x3AAC70,
FN_libManis_003A1A74,0x3A1A74,sub_3A1A74,0x39FFD4;0x39FFD4;0x3A1A78;0x3A1A78;0x3A2674;0x3A2674;0x3A34F8;0x3A34F8;0x3A7CA0;0x3A7CA0,
FN_libManis_003A1A78,0x3A1A78,sub_3A1A78,,0x3A1A74;0x3A1A74
FN_libManis_003A1AC0,0x3A1AC0,sub_3A1AC0,0x3A1AC4;0x3A1AC4,
FN_libManis_003A1AC4,0x3A1AC4,sub_3A1AC4,,0x3A1AC0;0x3A1AC0
FN_libManis_003A1B40,0x3A1B40,sub_3A1B40,0x3A0514;0x3A23B0;0x3A2F0C;0x3A3D74;0x3A57F4;0x3AA7A8;0x3ABA68;0x3AC744;0x3AF7D0;0x3B2A98,0x338E1C;0x33E200
FN_libManis_003A1DB4,0x3A1DB4,sub_3A1DB4,0x3A0514;0x3A23B0;0x3A2F0C;0x3A3D74;0x3A57F4;0x3AA7A8;0x3ABA68;0x3AC744;0x3AF7D0;0x3B2A98,
FN_libManis_003A1F4C,0x3A1F4C,sub_3A1F4C,,0x957840;0x957870
FN_libManis_003A1FEC,0x3A1FEC,sub_3A1FEC,,0x957840;0x33ACE0;0x957870;0x348310
FN_libManis_003A225C,0x3A225C,sub_3A225C,0x3FAC18,0x3A23B0;0x338E1C;0x3A23B0
FN_libManis_003A23B0,0x3A23B0,sub_3A23B0,0x3A225C;0x3A225C,0x3A1B40;0x3A1DB4
FN_libManis_003A24C8,0x3A24C8,sub_3A24C8,,0x957870
FN_libManis_003A2524,0x3A2524,sub_3A2524,,0x957870
FN_libManis_003A2674,0x3A2674,sub_3A2674,,0x3A18C4;0x33E200;0x3A1A74;0x3A1A74
FN_libManis_003A27F4,0x3A27F4,sub_3A27F4,0x3A2B48,0x37059C;0x3A3028
FN_libManis_003A2B48,0x3A2B48,sub_3A2B48,,0x3A27F4;0x3BA07C;0x3A3028;0x3B9B2C;0x957840;0x3A0630;0x957870
FN_libManis_003A2CD0,0x3A2CD0,sub_3A2CD0,,0x3A3028;0x3B924C;0x3A3278
FN_libManis_003A2DB8,0x3A2DB8,sub_3A2DB8,0x3FAC18,0x3A2F0C;0x338E1C;0x3A2F0C
FN_libManis_003A2F0C,0x3A2F0C,sub_3A2F0C,0x3A2DB8;0x3A2DB8,0x3A1B40;0x3A1DB4
FN_libManis_003A3028,0x3A3028,sub_3A3028,0x3A27F4;0x3A2B48;0x3A2CD0;0x3A55A4;0x3A7540;0x3ABF50;0x3AC1E4;0x3AC508;0x3B2084;0x3B5F94,0x34E5B8
FN_libManis_003A3278,0x3A3278,sub_3A3278,0x3A2CD0;0x3AC508;0x3AF248;0x3B3674;0x3B3674;0x3B3674;0x3B4EBC;0x3B4EBC;0x3B4EBC;0x3B5F94,0x36BD8C;0x36DFF0;0x334CEC
FN_libManis_003A34F8,0x3A34F8,sub_3A34F8,,0x3A18C4;0x33E200;0x3A1A74;0x3A1A74
FN_libManis_003A363C,0x3A363C,sub_3A363C,,0x3A0B88;0x3A0A68;0x3A3BB8;0x383818;0x3B8E24;0x338E1C;0x3B8E24;0x3574D4;0x3574D4;0x338E1C
FN_libManis_003A3BB8,0x3A3BB8,sub_3A3BB8,0x3A363C;0x40D048;0x40D048;0x58A764;0x58A764;0x68D9F4;0x74B750,0x348310;0x3A3D74;0x338E1C;0x3A3D74
FN_libManis_003A3D74,0x3A3D74,sub_3A3D74,0x3A3BB8;0x3A3BB8,0x3A1B40;0x3A1DB4
FN_libManis_003A3E90,0x3A3E90,sub_3A3E90,0x3A363C;0x3AAF24;0x3B4EBC;0x3B5F94;0x3B5F94,0x36DE2C;0x334CEC
FN_libManis_003A41B0,0x3A41B0,sub_3A41B0,,0x3A6DA0;0x3A6DA0;0x3A6DA0;0x3A6DA0;0x3A6DA0
FN_libManis_003A4394,0x3A4394,sub_3A4394,,0x338E1C;0x3A48A0;0x358C58;0x334CC0
FN_libManis_003A48A0,0x3A48A0,sub_3A48A0,0x3A4394,0x3A59AC;0x35DA78
FN_libManis_003A49D4,0x3A49D4,sub_3A49D4,,0x3A0A68;0x3A0A68;0x3A0A68;0x348324;0x3A0A68;0x338E1C;0x373394;0x3A5D34;0x3A55A4;0x348310
FN_libManis_003A55A4,0x3A55A4,sub_3A55A4,0x3A49D4;0x3BA354;0x3BA8C8,0x3A0B88;0x3A5ACC;0x3A3028;0x3A5C00
FN_libManis_003A56A0,0x3A56A0,sub_3A56A0,0x3FAC18,0x3A57F4;0x338E1C;0x3A57F4
FN_libManis_003A57F4,0x3A57F4,sub_3A57F4,0x3A56A0;0x3A56A0,0x3A1B40;0x3A1DB4
FN_libManis_003A592C,0x3A592C,sub_3A592C,0x3A5930;0x3A5930,
FN_libManis_003A5930,0x3A5930,sub_3A5930,,0x3A592C;0x3A592C
FN_libManis_003A59AC,0x3A59AC,sub_3A59AC,0x3A48A0,
FN_libManis_003A5ACC,0x3A5ACC,sub_3A5ACC,0x3A55A4,
FN_libManis_003A5C00,0x3A5C00,sub_3A5C00,0x3A55A4,
FN_libManis_003A5D34,0x3A5D34,sub_3A5D34,0x3A49D4;0x3A7E24;0x3AAF24;0x3AAF24;0x3AD310;0x3AF248;0x3B3674;0x3B3674;0x3B3674;0x3B4EBC,0x34E5B8;0x338E1C;0x3A61A0
FN_libManis_003A61A0,0x3A61A0,sub_3A61A0,0x3A5D34,0x334CEC
FN_libManis_003A6378,0x3A6378,sub_3A6378,0x3A7398;0x3A7398;0x3A7398;0x3A7398;0x3A7398;0x3A7398;0x3A7398;0x3A7398;0x3A7398;0x3A7398,0x3A66B4
FN_libManis_003A66B4,0x3A66B4,sub_3A66B4,0x3A6378,0x334CEC
FN_libManis_003A688C,0x3A688C,sub_3A688C,0x3A7398;0x3A7398,0x3A6BC8
FN_libManis_003A6BC8,0x3A6BC8,sub_3A6BC8,0x3A688C,0x334CEC
FN_libManis_003A6DA0,0x3A6DA0,sub_3A6DA0,0x3A41B0;0x3A41B0;0x3A41B0;0x3A41B0;0x3A41B0,0x3A70DC
FN_libManis_003A70DC,0x3A70DC,sub_3A70DC,0x3A6DA0,0x334CEC
FN_libManis_003A7398,0x3A7398,sub_3A7398,,0x3A6378;0x3A6378;0x3A6378;0x3A6378;0x3A6378;0x3A6378;0x3A6378;0x3A6378;0x3A6378;0x3A6378
FN_libManis_003A7540,0x3A7540,sub_3A7540,,0x3A3028;0x3A766C
FN_libManis_003A766C,0x3A766C,sub_3A766C,0x3A7540;0x3A7E24;0x3A7E24;0x3A7E24;0x3A7E24;0x3AB74C;0x3AD310;0x3B2084;0x3B924C;0x3B924C,0x34E5B8;0x338E1C;0x3A7AC8
FN_libManis_003A7AC8,0x3A7AC8,sub_3A7AC8,0x3A766C,0x334CEC
FN_libManis_003A7CA0,0x3A7CA0,sub_3A7CA0,,0x3A18C4;0x33E200;0x3A1A74;0x3A1A74
FN_libManis_003A7E24,0x3A7E24,sub_3A7E24,,0x338E1C;0x3A766C;0x338E1C;0x338E1C;0x3B8E24;0x3B8E24;0x338E1C;0x338E1C;0x338E1C;0x338E1C
FN_libManis_003AA258,0x3AA258,sub_3AA258,0x3A7E24,0x3AA984;0x36BD8C;0x36BD8C;0x36BD8C;0x36DFF0;0x334CEC
FN_libManis_003AA654,0x3AA654,sub_3AA654,0x3FAC18,0x3AA7A8;0x338E1C;0x3AA7A8
FN_libManis_003AA7A8,0x3AA7A8,sub_3AA7A8,0x3AA654;0x3AA654,0x3A1B40;0x3A1DB4
FN_libManis_003AA8C4,0x3AA8C4,sub_3AA8C4,0x3A7E24;0x3AA8C8;0x3AA8C8,
FN_libManis_003AA8C8,0x3AA8C8,sub_3AA8C8,,0x3AA8C4;0x3AA8C4;0x3AA920
FN_libManis_003AA920,0x3AA920,sub_3AA920,0x3AA8C8;0x3AA924;0x3AA924,
FN_libManis_003AA924,0x3AA924,sub_3AA924,,0x3AA920;0x3AA920
FN_libManis_003AA970,0x3AA970,sub_3AA970,0x3A7E24;0x3A7E24;0x3AB74C;0x3AD310;0x3B2084;0x3B924C;0x3B924C,0x334CD4
FN_libManis_003AA984,0x3AA984,sub_3AA984,0x3AA258,0x36BD8C;0x36BD8C;0x334CEC
FN_libManis_003AAC70,0x3AAC70,sub_3AAC70,,0x3A18C4;0x33E200;0x3A18C4;0x33E200;0x3A18C4;0x33E200;0x3A18C4;0x33E200;0x3A1A74;0x3A1A74
FN_libManis_003AAF24,0x3AAF24,sub_3AAF24,,0x3A5D34;0x3B8E24;0x3574D4;0x338E1C;0x3B8E24;0x3574D4;0x338E1C;0x3A3E90;0x3B8E24;0x3ABB84
FN_libManis_003AB74C,0x3AB74C,sub_3AB74C,0x3AAF24;0x3AAF24;0x3B3674;0x3B3674;0x3B3674;0x3B4EBC;0x3B4EBC;0x3B5F94;0x3B5F94;0x3B5F94,0x3A766C;0x3AA970;0x334CEC
FN_libManis_003AB914,0x3AB914,sub_3AB914,0x3FAC18,0x3ABA68;0x338E1C;0x3ABA68
FN_libManis_003ABA68,0x3ABA68,sub_3ABA68,0x3AB914;0x3AB914,0x3A1B40;0x3A1DB4
FN_libManis_003ABB84,0x3ABB84,sub_3ABB84,0x3AAF24;0x3AD310;0x3B3674;0x3B3674;0x3B3674;0x3B5F94;0x3B88B4,0x338E1C;0x33E200
FN_libManis_003ABDF0,0x3ABDF0,sub_3ABDF0,,0x3A18C4;0x33E200;0x3A1A74
FN_libManis_003ABF50,0x3ABF50,sub_3ABF50,0x3AC344,0x37059C;0x3A3028
FN_libManis_003AC1E4,0x3AC1E4,sub_3AC1E4,0x3AC344,0x3A0B88;0x3A0B88;0x3A3028;0x3AC934;0x3AC934
FN_libManis_003AC344,0x3AC344,sub_3AC344,,0x3ACF70;0x3ABF50;0x3AC1E4;0x3B9B2C;0x3B9FFC;0x957840;0x3A0630;0x957870
FN_libManis_003AC508,0x3AC508,sub_3AC508,,0x3A3028;0x3B924C;0x3A3278
FN_libManis_003AC5F0,0x3AC5F0,sub_3AC5F0,0x3FAC18,0x3AC744;0x338E1C;0x3AC744
FN_libManis_003AC744,0x3AC744,sub_3AC744,0x3AC5F0;0x3AC5F0,0x3A1B40;0x3A1DB4
FN_libManis_003AC934,0x3AC934,sub_3AC934,0x3AC1E4;0x3AC1E4;0x45CD34;0x8C85D4,0x34E5B8;0x338E1C;0x3ACD98
FN_libManis_003ACD98,0x3ACD98,sub_3ACD98,0x3AC934,0x334CEC
FN_libManis_003ACF70,0x3ACF70,sub_3ACF70,0x3AC344;0x45CD34,0x34E5B8
FN_libManis_003AD310,0x3AD310,sub_3AD310,0x8DFC14,0x3AE4F0;0x957870;0x957840;0x3AE97C;0x3ABB84;0x3AE634;0x36D4FC;0x338E1C;0x3A766C;0x338E1C
FN_libManis_003AE4F0,0x3AE4F0,sub_3AE4F0,0x3AD310,0x3AE7B0;0x35DA78
FN_libManis_003AE634,0x3AE634,sub_3AE634,0x3AD310;0x3B5F94;0x3BA354,
FN_libManis_003AE6BC,0x3AE6BC,sub_3AE6BC,0x3AD310,0x3AE8D0;0x367BF0;0x367BF0;0x3AE930
FN_libManis_003AE7B0,0x3AE7B0,sub_3AE7B0,0x3AE4F0,
FN_libManis_003AE8D0,0x3AE8D0,sub_3AE8D0,0x3AE6BC;0x3AE8D4;0x3AE8D4,
FN_libManis_003AE8D4,0x3AE8D4,sub_3AE8D4,,0x3AE8D0;0x3AE8D0
FN_libManis_003AE930,0x3AE930,sub_3AE930,0x3AE6BC;0x3AE934;0x3AE934,
FN_libManis_003AE934,0x3AE934,sub_3AE934,,0x3AE930;0x3AE930;0x36D77C
FN_libManis_003AE97C,0x3AE97C,sub_3AE97C,0x3AD310;0x3AD310;0x3CAF30;0x3E422C;0x770AB4;0x770AB4;0x770AB4,0x338E1C;0x33E200
FN_libManis_003AEB0C,0x3AEB0C,sub_3AEB0C,0x3AD310;0x3AD310,0x338E1C;0x33E200
FN_libManis_003AECAC,0x3AECAC,sub_3AECAC,0x3AD310,0x36E1EC;0x36E1D8;0x334CEC
FN_libManis_003AEE80,0x3AEE80,sub_3AEE80,0x3AD310;0x3AEE84;0x3AEE84;0x3D1F34;0x3D3DBC;0x3D3EE0;0x3D3EE0;0x3D45D0;0x3D45D0,
FN_libManis_003AEE84,0x3AEE84,sub_3AEE84,,0x3AEE80;0x3AEE80
FN_libManis_003AEED0,0x3AEED0,sub_3AEED0,0x3AD310,0x33E200
FN_libManis_003AF048,0x3AF048,sub_3AF048,,0x3A18C4;0x33E200;0x3A18C4;0x33E200;0x3A1A74;0x3A1A74
FN_libManis_003AF248,0x3AF248,sub_3AF248,,0x3A0B88;0x3AF8EC;0x36C138;0x3A5D34;0x3A3278;0x3A137C;0x36C138
FN_libManis_003AF67C,0x3AF67C,sub_3AF67C,0x3FAC18,0x3AF7D0;0x338E1C;0x3AF7D0
FN_libManis_003AF7D0,0x3AF7D0,sub_3AF7D0,0x3AF67C;0x3AF67C,0x3A1B40;0x3A1DB4
FN_libManis_003AF8EC,0x3AF8EC,sub_3AF8EC,0x3AF248;0x3B5F94;0x3B5F94;0x3B80F8,0x3B1E74;0x3B02F8;0x3B0A98;0x3B10F0;0x3B0D7C;0x3B09DC;0x3AFEE0;0x3B0380;0x3AFD74;0x3B1B1C
FN_libManis_003AFD74,0x3AFD74,sub_3AFD74,0x3AF8EC,0x338E1C;0x3374AC
FN_libManis_003AFEE0,0x3AFEE0,sub_3AFEE0,0x3AF8EC,0x338E1C;0x3374AC
FN_libManis_003B005C,0x3B005C,sub_3B005C,0x3AF8EC,0x338E1C;0x3374AC
FN_libManis_003B0258,0x3B0258,sub_3B0258,0x3AF8EC,0x3374AC
FN_libManis_003B02C4,0x3B02C4,sub_3B02C4,0x3AF8EC,
FN_libManis_003B02F8,0x3B02F8,sub_3B02F8,0x3AF8EC,0x338E1C
FN_libManis_003B0380,0x3B0380,sub_3B0380,0x3AF8EC,0x338E1C;0x338E1C;0x36BB44;0x357680
FN_libManis_003B0514,0x3B0514,sub_3B0514,0x3AF8EC,0x338E1C;0x357680
FN_libManis_003B05E0,0x3B05E0,sub_3B05E0,0x3AF8EC,0x338E1C;0x338E1C;0x36BB44;0x357680
FN_libManis_003B0774,0x3B0774,sub_3B0774,0x3AF8EC,0x338E1C;0x357680
FN_libManis_003B0840,0x3B0840,sub_3B0840,0x3AF8EC,0x338E1C;0x36BB44;0x3374AC;0x357680
FN_libManis_003B09DC,0x3B09DC,sub_3B09DC,0x3AF8EC,0x36BB44
FN_libManis_003B0A98,0x3B0A98,sub_3B0A98,0x3AF8EC,0x338E1C;0x3374AC
FN_libManis_003B0C0C,0x3B0C0C,sub_3B0C0C,0x3AF8EC,0x3374AC
FN_libManis_003B0C88,0x3B0C88,sub_3B0C88,0x3AF8EC,0x3374AC
FN_libManis_003B0D7C,0x3B0D7C,sub_3B0D7C,0x3AF8EC,0x338E1C;0x338E1C;0x36BB44;0x357680
FN_libManis_003B0F08,0x3B0F08,sub_3B0F08,0x3AF8EC,0x338E1C;0x338E1C;0x338E1C;0x3374AC
FN_libManis_003B105C,0x3B105C,sub_3B105C,0x3AF8EC,0x338E1C;0x338E1C
FN_libManis_003B10F0,0x3B10F0,sub_3B10F0,0x3AF8EC,0x36BB44
FN_libManis_003B11A4,0x3B11A4,sub_3B11A4,0x3AF8EC,0x338E1C;0x3374AC;0x357680
FN_libManis_003B1378,0x3B1378,sub_3B1378,0x3AF8EC,0x3374AC
FN_libManis_003B14AC,0x3B14AC,sub_3B14AC,0x3AF8EC,0x3374AC
FN_libManis_003B1514,0x3B1514,sub_3B1514,0x3AF8EC,0x338E1C;0x36BB44;0x3374AC;0x357680;0x3374AC
FN_libManis_003B17F4,0x3B17F4,sub_3B17F4,0x3AF8EC,0x36BB44
FN_libManis_003B1930,0x3B1930,sub_3B1930,0x3AF8EC,0x3374AC
FN_libManis_003B1998,0x3B1998,sub_3B1998,0x3AF8EC,0x3374AC
FN_libManis_003B1B1C,0x3B1B1C,sub_3B1B1C,0x3AF8EC,0x36BB44
FN_libManis_003B1B88,0x3B1B88,sub_3B1B88,0x3AF8EC,0x3374AC
FN_libManis_003B1BF0,0x3B1BF0,sub_3B1BF0,0x3AF8EC,0x36BB44;0x3374AC
FN_libManis_003B1DBC,0x3B1DBC,sub_3B1DBC,0x3AF8EC,0x3374AC
FN_libManis_003B1E74,0x3B1E74,sub_3B1E74,0x3AF8EC,0x3374AC
FN_libManis_003B2084,0x3B2084,sub_3B2084,,0x36DE40;0x36BD8C;0x36DE40;0x3B2BB4;0x3A0B88;0x3A3028;0x3A0B88;0x3B31E8;0x3B2BB4;0x3A766C
FN_libManis_003B2944,0x3B2944,sub_3B2944,0x3FAC18,0x3B2A98;0x338E1C;0x3B2A98
FN_libManis_003B2A98,0x3B2A98,sub_3B2A98,0x3B2944;0x3B2944,0x3A1B40;0x3A1DB4
FN_libManis_003B2BB4,0x3B2BB4,sub_3B2BB4,0x3B2084;0x3B2084,0x34E5B8;0x338E1C;0x3B3010
FN_libManis_003B3010,0x3B3010,sub_3B3010,0x3B2BB4,0x334CEC
FN_libManis_003B31E8,0x3B31E8,sub_3B31E8,0x3B2084,0x34E5B8
FN_libManis_003B3510,0x3B3510,sub_3B3510,,0x3A18C4;0x33E200;0x3A1A74
FN_libManis_003B3674,0x3B3674,sub_3B3674,,0x32C4CC;0x3A0A68;0x3A0A68;0x3B8E24;0x3B488C;0x3B4910;0x3AB74C;0x3B8E24;0x3B488C;0x3A5D34
FN_libManis_003B488C,0x3B488C,sub_3B488C,0x3B3674;0x3B3674;0x83574C;0x83574C;0x839690;0x839690;0x839690;0x839690;0x839690;0x839690,0x3574D4;0x338E1C
FN_libManis_003B4910,0x3B4910,sub_3B4910,0x3B3674;0x3BA8C8,0x3A0B88
FN_libManis_003B49A8,0x3B49A8,sub_3B49A8,0x3B3674;0x3B3674,0x36BD8C
FN_libManis_003B49E4,0x3B49E4,sub_3B49E4,0x3B3674,
FN_libManis_003B4A38,0x3B4A38,sub_3B4A38,0x3FAC18,0x3B4B8C;0x338E1C;0x3B4B8C
FN_libManis_003B4B8C,0x3B4B8C,sub_3B4B8C,0x3B4A38;0x3B4A38,0x3A1B40;0x3A1DB4
FN_libManis_003B4D78,0x3B4D78,sub_3B4D78,,0x3A18C4;0x33E200;0x3A1A74;0x3A1A74
FN_libManis_003B4EBC,0x3B4EBC,sub_3B4EBC,,0x3B8E24;0x3B59E8;0x3703AC;0x3A0A68;0x3481E0;0x3B8E24;0x3574D4;0x338E1C;0x3A3E90;0x3A0B88
FN_libManis_003B5778,0x3B5778,sub_3B5778,0x3FAC18,0x3B58CC;0x338E1C;0x3B58CC
FN_libManis_003B58CC,0x3B58CC,sub_3B58CC,0x3B5778;0x3B5778,0x3A1B40;0x3A1DB4
FN_libManis_003B59E8,0x3B59E8,sub_3B59E8,0x3B4EBC;0x3B4EBC;0x3EF128;0x3EF128;0x6F1AD0,0x338E1C;0x338E1C;0x357680
FN_libManis_003B5CA8,0x3B5CA8,sub_3B5CA8,0x3B4EBC,0x358C58
FN_libManis_003B5D8C,0x3B5D8C,sub_3B5D8C,,0x3A18C4;0x33E200;0x3A18C4;0x33E200;0x3A1A74;0x3A1A74
FN_libManis_003B5F94,0x3B5F94,sub_3B5F94,,0x3A0A68;0x3B855C;0x3A0A68;0x3B855C;0x3A3028;0x3A0A68;0x3B7F7C;0x3B7F7C;0x3B8E24;0x3B8E24
FN_libManis_003B7F7C,0x3B7F7C,sub_3B7F7C,0x3B5F94;0x3B5F94,0x348310;0x334CEC
FN_libManis_003B80F8,0x3B80F8,sub_3B80F8,0x3B5F94;0x3BA8C8,0x3AF8EC;0x36C138
FN_libManis_003B8170,0x3B8170,sub_3B8170,0x3B5F94;0x3BA354,0x338E1C;0x348310
FN_libManis_003B823C,0x3B823C,sub_3B823C,0x3B5F94;0x3BA354,
FN_libManis_003B8298,0x3B8298,sub_3B8298,0x3B5F94;0x3BA354,
FN_libManis_003B82EC,0x3B82EC,sub_3B82EC,0x3FAC18,0x3B8440;0x338E1C;0x3B8440
FN_libManis_003B8440,0x3B8440,sub_3B8440,0x3B82EC;0x3B82EC,0x3A1B40;0x3A1DB4
FN_libManis_003B855C,0x3B855C,sub_3B855C,0x3B5F94;0x3B5F94;0x738620;0x747AD0;0x74D88C;0x84B590,0x348310
FN_libManis_003B8760,0x3B8760,sub_3B8760,,0x3A18C4;0x33E200;0x3A1A74
FN_libManis_003B88B4,0x3B88B4,sub_3B88B4,,0x3B8E24;0x3ABB84;0x3574D4;0x338E1C
FN_libManis_003B8AE0,0x3B8AE0,sub_3B8AE0,0x3FAC18,0x3B8C34;0x338E1C;0x3B8C34
FN_libManis_003B8C34,0x3B8C34,sub_3B8C34,0x3B8AE0;0x3B8AE0,0x3A1B40;0x3A1DB4
FN_libManis_003B8E24,0x3B8E24,sub_3B8E24,0x3A363C;0x3A363C;0x3A7E24;0x3A7E24;0x3AAF24;0x3AAF24;0x3AAF24;0x3B3674;0x3B3674;0x3B3674,
FN_libManis_003B924C,0x3B924C,sub_3B924C,0x3A2CD0;0x3AC508,0x3A3028;0x3B8E24;0x3B8E24;0x3574D4;0x338E1C;0x3574D4;0x338E1C;0x3A0B88;0x3A766C;0x3A5D34
FN_libManis_003B9B2C,0x3B9B2C,sub_3B9B2C,0x3A2B48;0x3AC344,0x3A0A68;0x3A3028;0x338E1C;0x3BA168
FN_libManis_003B9FFC,0x3B9FFC,sub_3B9FFC,0x3AC344,0x32C4CC
FN_libManis_003BA07C,0x3BA07C,sub_3BA07C,0x3A2B48,
FN_libManis_003BA0E8,0x3BA0E8,sub_3BA0E8,0x3BA0EC;0x3BA0EC,
FN_libManis_003BA0EC,0x3BA0EC,sub_3BA0EC,,0x3BA0E8;0x3BA0E8
FN_libManis_003BA168,0x3BA168,sub_3BA168,0x3B9B2C;0x45716C,
FN_libManis_003BA354,0x3BA354,sub_3BA354,,0x3A0A68;0x348324;0x3B8170;0x3B823C;0x3B8298;0x373394;0x3AE634;0x383A84;0x3A5D34;0x3A55A4
FN_libManis_003BA554,0x3BA554,sub_3BA554,0x3FAC18,0x3BA6A8;0x338E1C;0x3BA6A8
FN_libManis_003BA6A8,0x3BA6A8,sub_3BA6A8,0x3BA554;0x3BA554,0x3A1B40;0x3A1DB4
FN_libManis_003BA8C8,0x3BA8C8,sub_3BA8C8,,0x3A0B88;0x3BAB80;0x3BAB80;0x3BAB80;0x3BAB80;0x338E1C;0x3B80F8;0x3BAC30;0x3A5D34;0x3B4910
FN_libManis_003BAB80,0x3BAB80,sub_3BAB80,0x3BA8C8;0x3BA8C8;0x3BA8C8;0x3BA8C8,
FN_libManis_003BAC30,0x3BAC30,sub_3BAC30,0x3BA8C8,
FN_libManis_003BACDC,0x3BACDC,sub_3BACDC,0x3FAC18,0x3BAE30;0x338E1C;0x3BAE30
FN_libManis_003BAE30,0x3BAE30,sub_3BAE30,0x3BACDC;0x3BACDC,0x3A1B40;0x3A1DB4
FN_libManis_003BB018,0x3BB018,sub_3BB018,,0x3BB068
FN_libManis_003BB068,0x3BB068,sub_3BB068,0x3BB018,0x33E200;0x3BCF4C
FN_libManis_003BB200,0x3BB200,sub_3BB200,,0x957870;0x33ACFC
FN_libManis_003BB394,0x3BB394,sub_3BB394,,0x3C25D8;0x3BD2AC;0x957870
FN_libManis_003BB520,0x3BB520,sub_3BB520,,0x3BD268;0x957870
FN_libManis_003BB5C0,0x3BB5C0,sub_3BB5C0,0x3F131C,0x33ACFC;0x33ACFC;0x3F8E7C;0x3F8E7C;0x3BF730;0x3C0EE8;0x957870;0x3BF730;0x3C1B28;0x957870
FN_libManis_003BB98C,0x3BB98C,sub_3BB98C,0x3F2924,0x33ACFC;0x3F8E7C;0x3F8E7C;0x3F8E7C;0x3BF730;0x3C229C;0x957870;0x3C2554;0x3BF730;0x3C0EE8
FN_libManis_003BBDFC,0x3BBDFC,sub_3BBDFC,0x6E9E28,0x3F8E7C;0x3F8E7C;0x3F8E7C;0x3BF730;0x3C1498;0x33ACFC;0x33ACFC;0x3C0EE8;0x33ACFC;0x957870
FN_libManis_003BC590,0x3BC590,sub_3BC590,0x6EADD0,0x3F8E7C;0x3C2554;0x3BF730;0x3C0EE8;0x957870;0x33ACFC;0x33ACFC;0x3F8E7C;0x3F8E7C;0x33ACFC
FN_libManis_003BCD1C,0x3BCD1C,sub_3BCD1C,,0x957870
FN_libManis_003BCD78,0x3BCD78,sub_3BCD78,,0x957870
FN_libManis_003BCDF4,0x3BCDF4,sub_3BCDF4,0x3BCDF8;0x3BCDF8,
FN_libManis_003BCDF8,0x3BCDF8,sub_3BCDF8,,0x3BCDF4;0x3BCDF4
FN_libManis_003BCF4C,0x3BCF4C,sub_3BCF4C,0x3BB068;0x512A1C;0x512C00;0x6CE5F0;0x75C5B4;0x75C798;0x792F80,
FN_libManis_003BD1BC,0x3BD1BC,sub_3BD1BC,,0x957870;0x957870
FN_libManis_003BD268,0x3BD268,sub_3BD268,0x3BB520,
FN_libManis_003BD2AC,0x3BD2AC,sub_3BD2AC,0x3BB394;0x3BD458,0x957840;0x957870
FN_libManis_003BD380,0x3BD380,sub_3BD380,,0x957870
FN_libManis_003BD3DC,0x3BD3DC,sub_3BD3DC,,0x957870
FN_libManis_003BD458,0x3BD458,sub_3BD458,,0x3C25D8;0x3BD820;0x957870;0x957870;0x3BD820;0x3BD2AC
FN_libManis_003BD690,0x3BD690,sub_3BD690,,0x957870
FN_libManis_003BD748,0x3BD748,sub_3BD748,,0x957870
FN_libManis_003BD820,0x3BD820,sub_3BD820,0x3BD458;0x3BD458,0x3BDB64
FN_libManis_003BDB64,0x3BDB64,sub_3BDB64,0x3BD820,0x334CEC
FN_libManis_003BDD3C,0x3BDD3C,sub_3BDD3C,0x7A4EC4;0x7A4EC4;0x7A4EC4,
FN_libManis_003BF2EC,0x3BF2EC,sub_3BF2EC,0x3BF7B4,0x334CC0
FN_libManis_003BF730,0x3BF730,sub_3BF730,0x3BB5C0;0x3BB5C0;0x3BB98C;0x3BB98C;0x3BBDFC;0x3BC590;0x79B544;0x79B7EC,0x3BF7B4
FN_libManis_003BF7B4,0x3BF7B4,sub_3BF7B4,0x3BF730;0x3C25D8,0x3BF2EC;0x957870
FN_libManis_003BF844,0x3BF844,sub_3BF844,,0x957870;0x957870;0x957870
FN_libManis_003BF92C,0x3BF92C,sub_3BF92C,0x3C25D8,0x957840;0x35C404;0x35C46C;0x35C404;0x35C46C
FN_libManis_003BFA8C,0x3BFA8C,sub_3BFA8C,0x3C0EE8;0x3C1498;0x3C1B28,0x957870;0x3C0748;0x3C0748;0x957840;0x957840;0x3C37B0;0x3C0C50;0x957870;0x957870;0x334CC0
FN_libManis_003C0748,0x3C0748,sub_3C0748,0x3BFA8C;0x3BFA8C,0x3C2C38;0x3C2C38
FN_libManis_003C0C50,0x3C0C50,sub_3C0C50,0x3BFA8C;0x3C0EE8;0x3C0EE8;0x3C1498;0x3C1498;0x3C1B28;0x3C25D8,
FN_libManis_003C0EE8,0x3C0EE8,sub_3C0EE8,0x3BB5C0;0x3BB98C;0x3BBDFC;0x3BC590,0x3BFA8C;0x3C0C50;0x3C0C50;0x35DA78
FN_libManis_003C1498,0x3C1498,sub_3C1498,0x3BBDFC;0x79B544;0x79B7EC,0x3BFA8C;0x3C0C50;0x3C0C50;0x35DA78
FN_libManis_003C1B28,0x3C1B28,sub_3C1B28,0x3BB5C0,0x3BFA8C;0x3C0C50
FN_libManis_003C229C,0x3C229C,sub_3C229C,0x3BB98C,
FN_libManis_003C2554,0x3C2554,sub_3C2554,0x3BB98C;0x3BC590;0x79B7EC,
FN_libManis_003C25D8,0x3C25D8,sub_3C25D8,0x3BB394;0x3BD458,0x3BF92C;0x3C0C50;0x957870;0x957870;0x3BF7B4
FN_libManis_003C2C38,0x3C2C38,sub_3C2C38,0x3C0748;0x3C0748,
FN_libManis_003C30F0,0x3C30F0,sub_3C30F0,,0x957870
FN_libManis_003C3248,0x3C3248,sub_3C3248,,0x957870;0x957870
FN_libManis_003C32E4,0x3C32E4,sub_3C32E4,,0x957870;0x957870
FN_libManis_003C3380,0x3C3380,sub_3C3380,,0x957840;0x957840
FN_libManis_003C3400,0x3C3400,sub_3C3400,,0x957840;0x957840
FN_libManis_003C3474,0x3C3474,sub_3C3474,,0x957870;0x957870
FN_libManis_003C3504,0x3C3504,sub_3C3504,,0x957870;0x957870
FN_libManis_003C37B0,0x3C37B0,sub_3C37B0,0x3BFA8C,
FN_libManis_003C39DC,0x3C39DC,sub_3C39DC,0x3FA7C0,0x3C3A6C
FN_libManis_003C3A6C,0x3C3A6C,sub_3C3A6C,0x3C39DC,0x3C6390;0x3C6654
FN_libManis_003C3B84,0x3C3B84,sub_3C3B84,,0x33ACE0;0x957840;0x338E1C;0x3C3CA8;0x957870
FN_libManis_003C3CA8,0x3C3CA8,sub_3C3CA8,0x3C3B84,0x3C6240;0x3589A0;0x3589A0;0x3589A0;0x358C70;0x3589A0;0x3589A0;0x358C70;0x338C54;0x3C94F0
FN_libManis_003C4660,0x3C4660,sub_3C4660,,0x3C67EC;0x3C67EC
FN_libManis_003C46C4,0x3C46C4,sub_3C46C4,,0x3C6EB0;0x957840;0x3C4FD4;0x957870;0x3F8650;0x338E1C;0x3F8C90;0x338E1C;0x3C705C;0x338E1C
FN_libManis_003C4FD4,0x3C4FD4,sub_3C4FD4,0x3C46C4;0x3CC528,0x957840;0x957840;0x957840;0x3C60D8;0x957870;0x957870
FN_libManis_003C5128,0x3C5128,sub_3C5128,0x3C46C4,0x33BD20;0x33BD20;0x33BD20;0x33BD20;0x33BD20;0x3C717C;0x3C73CC;0x33BD20;0x33BD20;0x33BD20
FN_libManis_003C5F14,0x3C5F14,sub_3C5F14,0x3C5128;0x3C5128,
FN_libManis_003C5FC0,0x3C5FC0,sub_3C5FC0,,0x3C6240;0x3C62B8;0x3C62B8
FN_libManis_003C603C,0x3C603C,sub_3C603C,,0x3C6240;0x3C62B8;0x3C62B8
FN_libManis_003C60D8,0x3C60D8,sub_3C60D8,0x3C4FD4,0x957840;0x957870;0x3C622C;0x334CEC
FN_libManis_003C622C,0x3C622C,sub_3C622C,0x3C60D8;0x3D86C0,0x334CD4
FN_libManis_003C6240,0x3C6240,sub_3C6240,0x3C3CA8;0x3C5FC0;0x3C603C;0x3C6244;0x3C6244;0x8DD43C,
FN_libManis_003C6244,0x3C6244,sub_3C6244,,0x3C6240;0x3C6240
FN_libManis_003C62B8,0x3C62B8,sub_3C62B8,0x3C5FC0;0x3C5FC0;0x3C603C;0x3C603C;0x3C62BC;0x3C62BC;0x3C67EC;0x3C67EC;0x3F1138;0x3F1138,
FN_libManis_003C62BC,0x3C62BC,sub_3C62BC,,0x3C62B8;0x3C62B8
FN_libManis_003C6310,0x3C6310,sub_3C6310,0x3C6314;0x3C6314,
FN_libManis_003C6314,0x3C6314,sub_3C6314,,0x3C6310;0x3C6310
FN_libManis_003C6390,0x3C6390,sub_3C6390,0x3C3A6C;0x3C9720;0x3CC224;0x3CDE34;0x3CE340;0x3CFC20;0x3D12AC;0x3D1E1C;0x3D4AD4;0x3D887C,0x338E1C;0x33E200
FN_libManis_003C6654,0x3C6654,sub_3C6654,0x3C3A6C;0x3C9720;0x3CC224;0x3CDE34;0x3CE340;0x3CFC20;0x3D12AC;0x3D1E1C;0x3D4AD4;0x3D887C,
FN_libManis_003C67EC,0x3C67EC,sub_3C67EC,0x3C4660;0x3C4660,0x3C6A04;0x3C62B8;0x3C62B8;0x3C6B0C
FN_libManis_003C6A04,0x3C6A04,sub_3C6A04,0x3C67EC,0x33E200
FN_libManis_003C6B0C,0x3C6B0C,sub_3C6B0C,0x3C67EC,0x338E1C;0x33E200
FN_libManis_003C6D00,0x3C6D00,sub_3C6D00,,0x3C6E9C;0x334CEC
FN_libManis_003C6E9C,0x3C6E9C,sub_3C6E9C,0x3C6D00;0x3CD3AC;0x90B388,0x334CD4
FN_libManis_003C6EB0,0x3C6EB0,sub_3C6EB0,0x3C46C4,
FN_libManis_003C7048,0x3C7048,sub_3C7048,0x3C46C4;0x42EB10,0x334CD4
FN_libManis_003C705C,0x3C705C,sub_3C705C,0x3C46C4;0x3C46C4;0x8F9C08,
FN_libManis_003C717C,0x3C717C,sub_3C717C,0x3C5128,0x34E5B8
FN_libManis_003C73CC,0x3C73CC,sub_3C73CC,0x3C5128;0x3C5128;0x3C5128,0x34E5B8;0x338E1C;0x3C783C
FN_libManis_003C783C,0x3C783C,sub_3C783C,0x3C73CC,0x334CEC
FN_libManis_003C7A14,0x3C7A14,sub_3C7A14,0x3C5128;0x3C7A14,0x3C8D84;0x3C8D84;0x3C8D84;0x3C8D84;0x3C8D84;0x3C8FE8;0x3C8FE8;0x3C7A14
FN_libManis_003C8B28,0x3C8B28,sub_3C8B28,0x3C8FE8,0x3C9314
FN_libManis_003C8D84,0x3C8D84,sub_3C8D84,0x3C7A14;0x3C7A14;0x3C7A14;0x3C7A14;0x3C7A14;0x3C8FE8;0x3C8FE8;0x3C9314,
FN_libManis_003C8FE8,0x3C8FE8,sub_3C8FE8,0x3C7A14;0x3C7A14,0x3C8B28;0x3C8D84;0x3C8D84;0x3C9314
FN_libManis_003C9314,0x3C9314,sub_3C9314,0x3C8B28;0x3C8FE8,0x3C8D84
FN_libManis_003C94F0,0x3C94F0,sub_3C94F0,0x3C3CA8,0x338E1C;0x33E200
FN_libManis_003C9690,0x3C9690,sub_3C9690,0x3FA7C0,0x3C9720
FN_libManis_003C9720,0x3C9720,sub_3C9720,0x3C9690,0x3C6390;0x3C6654
FN_libManis_003C9838,0x3C9838,sub_3C9838,,0x33ACE0;0x3CBB40;0x3CBAF0;0x338E1C;0x338E1C;0x338E1C;0x33ACFC;0x338E1C;0x3574D4;0x338E1C
FN_libManis_003CA528,0x3CA528,sub_3CA528,,0x33ACE0;0x3CACB4;0x33AD30;0x3CBE64;0x3CAF30;0x33AD18;0x33AEDC;0x33AEFC;0x33B970;0x33B970
FN_libManis_003CACB4,0x3CACB4,sub_3CACB4,0x3CA528,
FN_libManis_003CAF30,0x3CAF30,sub_3CAF30,0x3CA528,0x3574D4;0x338E1C;0x338E1C;0x3AE97C;0x338E1C;0x3CBCC8;0x33E200;0x338E1C;0x3574D4;0x338E1C
FN_libManis_003CB9C8,0x3CB9C8,sub_3CB9C8,0x3CBACC,0x3CBAF0;0x3CBB40
FN_libManis_003CBACC,0x3CBACC,sub_3CBACC,,0x3CB9C8
FN_libManis_003CBAF0,0x3CBAF0,sub_3CBAF0,0x3C9838;0x3CB9C8;0x3CBAF4;0x3CBAF4;0x7A484C,
FN_libManis_003CBAF4,0x3CBAF4,sub_3CBAF4,,0x3CBAF0;0x3CBAF0
FN_libManis_003CBB40,0x3CBB40,sub_3CBB40,0x3C9838;0x3CB9C8;0x3CBB44;0x3CBB44,
FN_libManis_003CBB44,0x3CBB44,sub_3CBB44,,0x3CBB40;0x3CBB40;0x3CBF94
FN_libManis_003CBCC8,0x3CBCC8,sub_3CBCC8,0x3CAF30;0x7A619C;0x7A731C,0x338E1C;0x33E200
FN_libManis_003CBE64,0x3CBE64,sub_3CBE64,0x3CA528;0x3EA994;0x6D58AC;0x6D58AC;0x6DA0F4;0x6DA0F4;0x6DE7EC;0x6DE7EC;0x6E03B0;0x6E03B0,0x36BB30
FN_libManis_003CBF94,0x3CBF94,sub_3CBF94,0x3CAF30;0x3CBB44;0x3CBF98;0x3CBF98,
FN_libManis_003CBF98,0x3CBF98,sub_3CBF98,,0x3CBF94;0x3CBF94
FN_libManis_003CBFD8,0x3CBFD8,sub_3CBFD8,0x3CAF30;0x3EA994;0x6FB228;0x6FB804;0x6FBE18;0x6FBE18;0x73E914;0x85AFF0;0x862A18,0x36BB30;0x334CEC
FN_libManis_003CC194,0x3CC194,sub_3CC194,0x3FA7C0,0x3CC224
FN_libManis_003CC224,0x3CC224,sub_3CC224,0x3CC194,0x3C6390;0x3C6654
FN_libManis_003CC33C,0x3CC33C,sub_3CC33C,,0x33ACE0;0x33AEDC;0x33AD30;0x33ACE0;0x957840;0x957870;0x334CC0
FN_libManis_003CC528,0x3CC528,sub_3CC528,,0x957870;0x957840;0x3C4FD4;0x957870;0x33ACE0
FN_libManis_003CC6D8,0x3CC6D8,sub_3CC6D8,,0x957840;0x957840;0x957840;0x3D7BC4;0x3D7BC4;0x957870;0x957870;0x957870;0x33ACFC;0x33ACE0
FN_libManis_003CD0A4,0x3CD0A4,sub_3CD0A4,,0x957870
FN_libManis_003CD140,0x3CD140,sub_3CD140,,0x957870
FN_libManis_003CD3AC,0x3CD3AC,sub_3CD3AC,,0x3C6E9C;0x334CEC
FN_libManis_003CD538,0x3CD538,sub_3CD538,0x8D1B28,0x33ACE0;0x957840;0x33AD58;0x957870;0x957870;0x3CD81C;0x338E1C;0x3CD81C;0x957840;0x957870
FN_libManis_003CD81C,0x3CD81C,sub_3CD81C,0x3CD538;0x3CD538;0x3D75D8;0x3D75D8,0x3CDB34;0x35DA78
FN_libManis_003CD960,0x3CD960,sub_3CD960,0x8D4748,0x33ACE0;0x957840;0x33AD58;0x957870
FN_libManis_003CDA48,0x3CDA48,sub_3CDA48,0x8D4748,0x33ACE0;0x957840;0x33AD58;0x957870
FN_libManis_003CDB34,0x3CDB34,sub_3CDB34,0x3CD81C,
FN_libManis_003CDC54,0x3CDC54,sub_3CDC54,0x3CD538,0x957870;0x3CDD90;0x334CEC
FN_libManis_003CDD90,0x3CDD90,sub_3CDD90,0x3CDC54,0x334CD4
FN_libManis_003CDDA4,0x3CDDA4,sub_3CDDA4,0x3FA7C0,0x3CDE34
FN_libManis_003CDE34,0x3CDE34,sub_3CDE34,0x3CDDA4,0x3C6390;0x3C6654
FN_libManis_003CDF64,0x3CDF64,sub_3CDF64,,0x957840;0x33ACE0;0x957870;0x338E1C;0x957840;0x3F8A50;0x957870
FN_libManis_003CE2B0,0x3CE2B0,sub_3CE2B0,0x3FA7C0,0x3CE340
FN_libManis_003CE340,0x3CE340,sub_3CE340,0x3CE2B0,0x3C6390;0x3C6654
FN_libManis_003CE46C,0x3CE46C,sub_3CE46C,,0x33ACE0;0x338E1C;0x3CFA7C;0x375BA8;0x33ACFC;0x338E1C;0x3CFA7C;0x3481E0;0x375BA8;0x33ACFC
FN_libManis_003CFA7C,0x3CFA7C,sub_3CFA7C,0x3CE46C;0x3CE46C;0x3E422C;0x45CD34;0x45CD34;0x45E9A4;0x4BC80C;0x4C38F8;0x4F1774,
FN_libManis_003CFB9C,0x3CFB9C,sub_3CFB9C,0x3FA7C0,0x3CFC20
FN_libManis_003CFC20,0x3CFC20,sub_3CFC20,0x3CFB9C,0x3C6390;0x3C6654
FN_libManis_003CFD78,0x3CFD78,sub_3CFD78,,0x338E1C;0x33ACE0
FN_libManis_003D0A04,0x3D0A04,sub_3D0A04,,0x957840;0x3D1030;0x338E1C;0x33ACE0;0x957870
FN_libManis_003D1030,0x3D1030,sub_3D1030,0x3D0A04,
FN_libManis_003D10D4,0x3D10D4,sub_3D10D4,,0x35DA78
FN_libManis_003D122C,0x3D122C,sub_3D122C,0x3FA7C0,0x3D12AC
FN_libManis_003D12AC,0x3D12AC,sub_3D12AC,0x3D122C,0x3C6390;0x3C6654
FN_libManis_003D13D4,0x3D13D4,sub_3D13D4,,0x33ACE0;0x3F97D0;0x33AD18;0x33AEDC;0x33AD30;0x33AEFC;0x33B970;0x33B970
FN_libManis_003D1928,0x3D1928,sub_3D1928,,0x3D1B5C;0x3D1C7C;0x3F8A50;0x3F8A50;0x33ACE0
FN_libManis_003D1B5C,0x3D1B5C,sub_3D1B5C,0x3D1928;0x3D39A8;0x82D730;0x82D730;0x8B7D54;0x8B7D54;0x8B7D54,
FN_libManis_003D1C7C,0x3D1C7C,sub_3D1C7C,0x3D1928,
FN_libManis_003D1D8C,0x3D1D8C,sub_3D1D8C,0x3FA7C0,0x3D1E1C
FN_libManis_003D1E1C,0x3D1E1C,sub_3D1E1C,0x3D1D8C,0x3C6390;0x3C6654
FN_libManis_003D1F34,0x3D1F34,sub_3D1F34,,0x33ACE0;0x33AEDC;0x33AEFC;0x33B970;0x33B970;0x3AEE80;0x338E1C;0x338E1C;0x3D3F48;0x33ACE0
FN_libManis_003D2B34,0x3D2B34,sub_3D2B34,,0x3F97D0;0x33AEDC;0x33AEFC;0x33B970;0x33B970
FN_libManis_003D305C,0x3D305C,sub_3D305C,,0x957840;0x3D39A8;0x33AEDC;0x33AEFC;0x33B970;0x3D39A8;0x33AEDC;0x33AEFC;0x33B970;0x33B970
FN_libManis_003D39A8,0x3D39A8,sub_3D39A8,0x3D305C;0x3D305C,0x3D1B5C;0x3D40E4;0x3D4204;0x3F8A50;0x33ACE0;0x33ACFC
FN_libManis_003D3D88,0x3D3D88,sub_3D3D88,,0x3D45D0
FN_libManis_003D3DBC,0x3D3DBC,sub_3D3DBC,,0x3AEE80
FN_libManis_003D3EE0,0x3D3EE0,sub_3D3EE0,,0x3AEE80;0x3AEE80
FN_libManis_003D3F48,0x3D3F48,sub_3D3F48,0x3D1F34,0x338E1C;0x33E200
FN_libManis_003D40E4,0x3D40E4,sub_3D40E4,0x3D39A8,
FN_libManis_003D4204,0x3D4204,sub_3D4204,0x3D39A8;0x3E422C;0x516F88;0x517154;0x75D258;0x763E3C;0x8CA5D8;0x8E3DF4;0x8FB468,
FN_libManis_003D45D0,0x3D45D0,sub_3D45D0,0x3D3D88,0x3D47E8;0x3AEE80;0x3AEE80;0x3D48F0
FN_libManis_003D47E8,0x3D47E8,sub_3D47E8,0x3D45D0,0x33E200
FN_libManis_003D48F0,0x3D48F0,sub_3D48F0,0x3D45D0,0x338E1C;0x33E200
FN_libManis_003D4A44,0x3D4A44,sub_3D4A44,0x3FA7C0,0x3D4AD4
FN_libManis_003D4AD4,0x3D4AD4,sub_3D4AD4,0x3D4A44,0x3C6390;0x3C6654
FN_libManis_003D4BEC,0x3D4BEC,sub_3D4BEC,,0x33ACE0;0x3D6680;0x3D6680;0x3A1A74;0x957840;0x338E1C;0x338E1C;0x957870;0x348310;0x3D66E0
FN_libManis_003D5708,0x3D5708,sub_3D5708,,0x3D66F4;0x33E200;0x33AEDC;0x33AEFC;0x33B970;0x33AEDC;0x33AEFC;0x33B970;0x33B970;0x33ACE0
FN_libManis_003D624C,0x3D624C,sub_3D624C,,0x3D66F4;0x3D66F4;0x3D66F4;0x3D66F4;0x33ACE0;0x348310
FN_libManis_003D6470,0x3D6470,sub_3D6470,,0x3D68A0;0x3A1A74
FN_libManis_003D64B8,0x3D64B8,sub_3D64B8,,0x3D6680;0x3A1A74
FN_libManis_003D660C,0x3D660C,sub_3D660C,,0x3A1A74;0x3D6680;0x3D6680
FN_libManis_003D6680,0x3D6680,sub_3D6680,0x3D4BEC;0x3D4BEC;0x3D64B8;0x3D660C;0x3D660C;0x3D6684;0x3D6684;0x3D68A0;0x3D68A0,
FN_libManis_003D6684,0x3D6684,sub_3D6684,,0x3D6680;0x3D6680
FN_libManis_003D66E0,0x3D66E0,sub_3D66E0,0x3D4BEC;0x3F502C;0x7BBADC;0x8B7864,0x334CD4
FN_libManis_003D66F4,0x3D66F4,sub_3D66F4,0x3D5708;0x3D624C;0x3D624C;0x3D624C;0x3D624C,0x338E1C;0x33E200
FN_libManis_003D68A0,0x3D68A0,sub_3D68A0,0x3D6470,0x3481E0;0x3D6AE4;0x3D6680;0x3D6680;0x3D6BEC
FN_libManis_003D6AE4,0x3D6AE4,sub_3D6AE4,0x3D68A0,0x33E200
FN_libManis_003D6BEC,0x3D6BEC,sub_3D6BEC,0x3D68A0,0x338E1C;0x33E200;0x348310
FN_libManis_003D6DAC,0x3D6DAC,sub_3D6DAC,,0x957840;0x338E1C;0x33ACE0;0x957870
FN_libManis_003D75AC,0x3D75AC,sub_3D75AC,0x3E3A20;0x3E8C10,
FN_libManis_003D75D8,0x3D75D8,sub_3D75D8,,0x33ACE0;0x957840;0x957870;0x358D78;0x358D78;0x3CD81C;0x338E1C;0x3CD81C;0x957840;0x957870
FN_libManis_003D79D4,0x3D79D4,sub_3D79D4,,0x33ACE0;0x957840;0x33AD58;0x957870
FN_libManis_003D7ACC,0x3D7ACC,sub_3D7ACC,,0x33ACE0;0x957840;0x33AD58;0x957870
FN_libManis_003D7BC4,0x3D7BC4,sub_3D7BC4,0x3C46C4;0x3CC6D8;0x3CC6D8,0x957870;0x957870
FN_libManis_003D7CC8,0x3D7CC8,sub_3D7CC8,,0x33AEDC;0x33AEFC;0x33B970;0x33B970
FN_libManis_003D81C4,0x3D81C4,sub_3D81C4,,0x33AEDC;0x33AEFC;0x33B970;0x33B970
FN_libManis_003D86C0,0x3D86C0,sub_3D86C0,0x3D75D8,0x957870;0x3C622C;0x334CEC
FN_libManis_003D87FC,0x3D87FC,sub_3D87FC,0x3FA7C0,0x3D887C
FN_libManis_003D887C,0x3D887C,sub_3D887C,0x3D87FC,0x3C6390;0x3C6654
FN_libManis_003D8994,0x3D8994,sub_3D8994,,0x33ACE0;0x957840;0x33ACE0;0x957870;0x33ACE0
FN_libManis_003D8A74,0x3D8A74,sub_3D8A74,,0x338E1C;0x957840;0x957840;0x3D8E4C;0x957870;0x957870;0x957870;0x33ACE0;0x334CC0;0x334CC0
FN_libManis_003D8E4C,0x3D8E4C,sub_3D8E4C,0x3D8A74;0x3D9764,0x3D9BE8;0x3F90F4;0x3D9C84;0x3F8C90;0x3F97D0;0x622148;0x6260FC;0x3D9CD4;0x3D9714;0x3F8650
FN_libManis_003D9714,0x3D9714,sub_3D9714,0x3D8E4C;0x4F1774;0x5D1A24;0x614D38;0x614D38;0x614D38;0x67D4BC;0x67D4BC;0x69AC88;0x714234,0x957870
FN_libManis_003D9764,0x3D9764,sub_3D9764,,0x338E1C;0x957840;0x957840;0x3D8E4C;0x957870;0x957870;0x957870;0x338E1C;0x33ACE0;0x33ACE0
FN_libManis_003D9BE8,0x3D9BE8,sub_3D9BE8,0x3D8E4C,
FN_libManis_003D9C84,0x3D9C84,sub_3D9C84,0x3D8E4C;0x5D1A24;0x714234;0x724D4C;0x73285C;0x73285C;0x73303C;0x73303C;0x738620;0x74B750,0x3F8650
FN_libManis_003D9CD4,0x3D9CD4,sub_3D9CD4,0x3D8E4C;0x5FEC0C;0x6260FC;0x6260FC;0x651A38,0x957870
FN_libManis_003D9EAC,0x3D9EAC,sub_3D9EAC,0x3FA7C0,0x3D9F3C
FN_libManis_003D9F3C,0x3D9F3C,sub_3D9F3C,0x3D9EAC,0x3C6390;0x3C6654
FN_libManis_003DA064,0x3DA064,sub_3DA064,,0x33ACE0;0x33AD58;0x33AD58
FN_libManis_003DA258,0x3DA258,sub_3DA258,0x8D57F4,0x33B6C0;0x33B6C0;0x33B6C0
FN_libManis_003DA5DC,0x3DA5DC,sub_3DA5DC,0x33BE50;0x33DCC0;0x33DD5C;0x33DDF8;0x33DE94;0x340FF4;0x34109C;0x341140;0x3411E4;0x341288,
FN_libManis_003DA66C,0x3DA66C,sub_3DA66C,,0x33DCC0;0x33DD5C;0x33DDF8;0x33DE94;0x340FF4;0x34109C;0x341140;0x3411E4;0x341288;0x341328
FN_libManis_003DA710,0x3DA710,sub_3DA710,0x3DA714;0x3DA714,
FN_libManis_003DA714,0x3DA714,sub_3DA714,,0x3DA710;0x3DA710
FN_libManis_003DA760,0x3DA760,sub_3DA760,0x453A44;0x453CF4;0x6E2684;0x75F220;0x79BC98;0x7A989C;0x7A9F7C;0x827D10;0x827DF0;0x8B2A34,0x3DA9C8;0x3DAB70;0x3DAD1C;0x3DAEC4;0x3DAD1C;0x3DAEC4;0x3DB070;0x3DB218
FN_libManis_003DA9C8,0x3DA9C8,sub_3DA9C8,0x3DA760;0x8B2A34,0x3E07DC
FN_libManis_003DAB70,0x3DAB70,sub_3DAB70,0x3DA760;0x8B2A34,0x3E0A40
FN_libManis_003DAD1C,0x3DAD1C,sub_3DAD1C,0x3DA760;0x3DA760;0x75F220;0x79BC98,0x3E07DC
FN_libManis_003DAEC4,0x3DAEC4,sub_3DAEC4,0x3DA760;0x3DA760;0x75F220;0x79BC98,0x3E0A40
FN_libManis_003DB070,0x3DB070,sub_3DB070,0x3DA760,0x3E07DC
FN_libManis_003DB218,0x3DB218,sub_3DB218,0x3DA760,0x3E0A40
FN_libManis_003DB3C4,0x3DB3C4,sub_3DB3C4,0x453CF4;0x6E2F54;0x75F48C;0x79C224;0x7A9F7C;0x827DF0;0x8B3044,0x338E1C
FN_libManis_003DB46C,0x3DB46C,sub_3DB46C,,0x8E8868;0x8E8868;0x8E8868;0x8E8868;0x8E8868;0x8E8868;0x8E8868;0x8E8868;0x3DEF44;0x350E54
FN_libManis_003DBDA0,0x3DBDA0,sub_3DBDA0,0x3DB46C;0x3DB46C,0x3E023C;0x3DE1B8;0x3DFEF4
FN_libManis_003DDA0C,0x3DDA0C,sub_3DDA0C,,0x3DEF44;0x3DDAF0
FN_libManis_003DDAB4,0x3DDAB4,sub_3DDAB4,,0x3DDAF0
FN_libManis_003DDAF0,0x3DDAF0,sub_3DDAF0,0x3DDA0C;0x3DDAB4;0x3DDAF0;0x3DDAF0;0x453DCC;0x6E3038;0x75F568;0x79C340;0x7AA058;0x827EBC,0x3DDAF0;0x3DDAF0
FN_libManis_003DDC9C,0x3DDC9C,sub_3DDC9C,0x3DDC9C;0x3DDC9C;0x453DCC;0x6E3038;0x75F568;0x79C340;0x7AA058;0x827EBC,0x3DDC9C;0x3DDC9C
FN_libManis_003DDE48,0x3DDE48,sub_3DDE48,,0x3DEF44;0x3DF754
FN_libManis_003DDF0C,0x3DDF0C,sub_3DDF0C,0x3E0D10,0x3DE048;0x3DE1B8;0x3DEFD4;0x3DE048;0x3DEF44
FN_libManis_003DE048,0x3DE048,sub_3DE048,0x3DDF0C;0x3DDF0C,0x34E5B8;0x3DE8C8
FN_libManis_003DE1B8,0x3DE1B8,sub_3DE1B8,0x3DBDA0;0x3DDF0C,0x3DE2E0;0x338E1C;0x3DE2E0
FN_libManis_003DE2E0,0x3DE2E0,sub_3DE2E0,0x3DE1B8;0x3DE1B8,0x3DE404
FN_libManis_003DE404,0x3DE404,sub_3DE404,0x3DE2E0,0x3DE6C4
FN_libManis_003DE6C4,0x3DE6C4,sub_3DE6C4,0x3DE404,0x334CEC
FN_libManis_003DE8C8,0x3DE8C8,sub_3DE8C8,0x3DE048,0x3DEC30
FN_libManis_003DEC30,0x3DEC30,sub_3DEC30,0x3DE8C8,0x334CEC
FN_libManis_003DEF44,0x3DEF44,sub_3DEF44,0x3DB46C;0x3DDA0C;0x3DDE48;0x3DDF0C;0x3E0D10;0x3E0EE0;0x3E0EE0;0x3E0EE0;0x3E1560;0x3E1560,
FN_libManis_003DEFD4,0x3DEFD4,sub_3DEFD4,0x3DDF0C,0x338E1C;0x338E1C;0x3DF0EC;0x34E5B8
FN_libManis_003DF0EC,0x3DF0EC,sub_3DF0EC,0x3DEFD4;0x3DFA54;0x3E0EE0;0x3E0EE0;0x3E1560;0x3E1560,0x3DF214;0x3DF3EC
FN_libManis_003DF214,0x3DF214,sub_3DF214,0x3DF0EC;0x3DF3EC;0x3DFEF4,0x334CEC
FN_libManis_003DF3EC,0x3DF3EC,sub_3DF3EC,0x3DF0EC,0x338E1C;0x3DF214
FN_libManis_003DF754,0x3DF754,sub_3DF754,0x3DDE48;0x3E0D10;0x3E0EB4;0x3E0EE0;0x3E1560,0x3DF87C;0x3DFA54
FN_libManis_003DF87C,0x3DF87C,sub_3DF87C,0x3DF754;0x3DFA54;0x3E023C,0x334CEC
FN_libManis_003DFA54,0x3DFA54,sub_3DFA54,0x3DF754,0x34E5B8;0x338E1C;0x338E1C;0x3DF0EC;0x3DF87C
FN_libManis_003DFEF4,0x3DFEF4,sub_3DFEF4,0x3DBDA0;0x3E1A54;0x8DAD00;0x8DAD00;0x8DB1A0;0x8DB1A0,0x3DF214
FN_libManis_003E023C,0x3E023C,sub_3E023C,0x3DBDA0;0x3E0EE0;0x3E0EE0;0x3E1560;0x3E1560,0x34E5B8;0x338E1C;0x3DF87C
FN_libManis_003E0708,0x3E0708,sub_3E0708,,0x338E1C
FN_libManis_003E07DC,0x3E07DC,sub_3E07DC,0x3DA9C8;0x3DAD1C;0x3DB070;0x6E286C,0x338E1C;0x33E200
FN_libManis_003E0A0C,0x3E0A0C,sub_3E0A0C,,0x338E1C
FN_libManis_003E0A40,0x3E0A40,sub_3E0A40,0x3DAB70;0x3DAEC4;0x3DB218;0x6E2A34,0x338E1C;0x33E200
FN_libManis_003E0D10,0x3E0D10,sub_3E0D10,,0x3DDF0C;0x3DEF44;0x3DF754
FN_libManis_003E0EB4,0x3E0EB4,sub_3E0EB4,,0x3DF754
FN_libManis_003E0EE0,0x3E0EE0,sub_3E0EE0,0x672C80,0x957840;0x3DF754;0x957870;0x3E1BDC;0x3E1BDC;0x3E023C;0x3DF0EC;0x3DEF44;0x3DEF44;0x35C1A8
FN_libManis_003E13D4,0x3E13D4,sub_3E13D4,0x3E0EE0;0x3E1560,0x33E200;0x35D900;0x35DA20
FN_libManis_003E1560,0x3E1560,sub_3E1560,0x59BA48;0x5FEC0C;0x651A38,0x957840;0x3DF754;0x957870;0x3E1BDC;0x3E1BDC;0x3E023C;0x3DF0EC;0x3DEF44;0x3DEF44;0x35C1A8
FN_libManis_003E1A54,0x3E1A54,sub_3E1A54,0x59BA48;0x5FEC0C;0x651A38;0x672C80,0x3DFEF4;0x338E1C
FN_libManis_003E1BC8,0x3E1BC8,sub_3E1BC8,0x3E0EE0;0x3E1560;0x454F94;0x5BC1E8;0x5C1F98;0x5CB9FC;0x5D188C;0x5DA078;0x5DAD48;0x5E2418,
FN_libManis_003E1BDC,0x3E1BDC,sub_3E1BDC,0x3E0EE0;0x3E0EE0;0x3E0EE0;0x3E0EE0;0x3E1560;0x3E1560;0x3E1560;0x3E1560,0x34E5B8
FN_libManis_003E1E64,0x3E1E64,sub_3E1E64,,0x35DA78
FN_libManis_003E1E70,0x3E1E70,sub_3E1E70,0x334CEC;0x334CEC;0x334CEC;0x35A4C8;0x363C10;0x363C10;0x39C100;0x39C100;0x39C100;0x39C2D4,
FN_libManis_003E1E88,0x3E1E88,sub_3E1E88,0x34D7A4;0x361BB8;0x361BB8;0x362270,
FN_libManis_003E1EB8,0x3E1EB8,sub_3E1EB8,0x34D7A4;0x361BB8;0x361BB8;0x362270;0x513B50;0x6F36C8;0x8936C8,0x32BE50
FN_libManis_003E1EF8,0x3E1EF8,sub_3E1EF8,0x51306C;0x5AA6E8;0x5AC42C;0x8EBB28,0x3E1F40;0x32BE50
FN_libManis_003E1F40,0x3E1F40,sub_3E1F40,0x3E1EF8;0x3E2304;0x3F131C;0x3F2924;0x513298;0x513B50;0x514BE4;0x5159E4;0x6E782C;0x75CB2C,0x3481A8
FN_libManis_003E222C,0x3E222C,sub_3E222C,0x349234,0x32BE50
FN_libManis_003E225C,0x3E225C,sub_3E225C,0x364B00;0x5131F4;0x513298,
FN_libManis_003E2278,0x3E2278,sub_3E2278,0x334CEC;0x334CEC;0x334CEC;0x334CEC;0x34D7A4;0x35A4C8;0x35A4C8;0x361BB8;0x361BB8;0x362270,
FN_libManis_003E22C0,0x3E22C0,sub_3E22C0,,0x32C410
FN_libManis_003E22E8,0x3E22E8,sub_3E22E8,0x361BB8,
FN_libManis_003E2304,0x3E2304,sub_3E2304,,0x3E1F40
FN_libManis_003E2344,0x3E2344,sub_3E2344,,0x3E242C;0x3E242C;0x3E242C;0x3E242C;0x3E242C;0x3E242C;0x3E242C;0x3E242C
FN_libManis_003E242C,0x3E242C,sub_3E242C,0x3E2344;0x3E2344;0x3E2344;0x3E2344;0x3E2344;0x3E2344;0x3E2344;0x3E2344,0x33E200;0x3E299C
FN_libManis_003E25D0,0x3E25D0,sub_3E25D0,,0x51369C;0x6CFA3C;0x75D3A0
FN_libManis_003E25EC,0x3E25EC,sub_3E25EC,,0x5129D0;0x6CE5A4;0x75C568
FN_libManis_003E2608,0x3E2608,sub_3E2608,,0x512BB4;0x75C74C;0x3E2714;0x3E2714;0x3E2714;0x3E2714;0x3E2714;0x3E2714;0x3E2714;0x3E2714
FN_libManis_003E2714,0x3E2714,sub_3E2714,0x3E2608;0x3E2608;0x3E2608;0x3E2608;0x3E2608;0x3E2608;0x3E2608;0x3E2608;0x3E2608,0x33E200;0x3E2C14
FN_libManis_003E28C0,0x3E28C0,sub_3E28C0,0x3E28C4;0x3E28C4,
FN_libManis_003E28C4,0x3E28C4,sub_3E28C4,,0x3E28C0;0x3E28C0
FN_libManis_003E299C,0x3E299C,sub_3E299C,0x3E242C,
FN_libManis_003E2B3C,0x3E2B3C,sub_3E2B3C,0x3E2B40;0x3E2B40,
FN_libManis_003E2B40,0x3E2B40,sub_3E2B40,,0x3E2B3C;0x3E2B3C
FN_libManis_003E2C14,0x3E2C14,sub_3E2C14,0x3E2714,0x3E2E04;0x3E2F9C
FN_libManis_003E2E04,0x3E2E04,sub_3E2E04,0x3E2C14,0x33E200;0x3E3294
FN_libManis_003E2F9C,0x3E2F9C,sub_3E2F9C,0x3E2C14,0x33E200;0x3E3294
FN_libManis_003E313C,0x3E313C,sub_3E313C,0x3E3140;0x3E3140,
FN_libManis_003E3140,0x3E3140,sub_3E3140,,0x3E313C;0x3E313C
FN_libManis_003E31EC,0x3E31EC,sub_3E31EC,,0x3E3A20
FN_libManis_003E3294,0x3E3294,sub_3E3294,0x3E2E04;0x3E2F9C,
FN_libManis_003E3470,0x3E3470,sub_3E3470,,0x3E8C10
FN_libManis_003E3514,0x3E3514,sub_3E3514,,0x3E3564
FN_libManis_003E3564,0x3E3564,sub_3E3564,0x3E3514,0x33E200;0x3E3888
FN_libManis_003E3704,0x3E3704,sub_3E3704,0x3E3708;0x3E3708,
FN_libManis_003E3708,0x3E3708,sub_3E3708,,0x3E3704;0x3E3704
FN_libManis_003E3888,0x3E3888,sub_3E3888,0x3E3564,
FN_libManis_003E3A20,0x3E3A20,sub_3E3A20,0x3E31EC,0x3D75AC;0x957870
FN_libManis_003E3B28,0x3E3B28,sub_3E3B28,,0x3E5B50;0x957870;0x338E1C;0x3E5CA4;0x957840
FN_libManis_003E422C,0x3E422C,sub_3E422C,,0x3E5E0C;0x3AE97C;0x3CFA7C;0x3E80BC;0x957840;0x957840;0x957870;0x3E863C;0x33AEDC;0x33AEDC
FN_libManis_003E5804,0x3E5804,sub_3E5804,0x3E422C,0x957870
FN_libManis_003E59E0,0x3E59E0,sub_3E59E0,0x3E5ACC,0x957870;0x3E5B50;0x957870
FN_libManis_003E5ACC,0x3E5ACC,sub_3E5ACC,,0x3E59E0
FN_libManis_003E5AF0,0x3E5AF0,sub_3E5AF0,,0x957870
FN_libManis_003E5B50,0x3E5B50,sub_3E5B50,0x3E3B28;0x3E59E0;0x3E5B54;0x3E5B54,
FN_libManis_003E5B54,0x3E5B54,sub_3E5B54,,0x3E5B50;0x3E5B50;0x3A1A74
FN_libManis_003E5BD0,0x3E5BD0,sub_3E5BD0,,0x957870
FN_libManis_003E5CA4,0x3E5CA4,sub_3E5CA4,0x3E3B28;0x4BC80C;0x4C38F8;0x4C38F8;0x4C38F8;0x4C38F8;0x4F1774;0x4F1774;0x4F1774;0x6A05EC,0x957840;0x957870;0x3E5DF8;0x334CEC
FN_libManis_003E5DF8,0x3E5DF8,sub_3E5DF8,0x3E5CA4;0x3FEC50;0x4C38F8;0x4C6F88;0x4E84CC;0x5F493C;0x5F9D2C;0x5F9D2C,0x334CD4
FN_libManis_003E5E0C,0x3E5E0C,sub_3E5E0C,0x3E422C,0x3E6530;0x957840;0x3E6BEC;0x957840;0x3E7988;0x957840;0x957870;0x3E7D20;0x957840;0x957870
FN_libManis_003E6530,0x3E6530,sub_3E6530,0x3E5E0C,0x3E74E8;0x3E7674;0x3E7800;0x3E74E8;0x334CEC
FN_libManis_003E6BEC,0x3E6BEC,sub_3E6BEC,0x3E5E0C,0x3E7800;0x3E7674;0x334CEC
FN_libManis_003E74E8,0x3E74E8,sub_3E74E8,0x3E6530;0x3E6530;0x3E875C;0x3E875C,0x334CEC
FN_libManis_003E7674,0x3E7674,sub_3E7674,0x3E6530;0x3E6BEC;0x3E80BC;0x3E875C,0x334CEC
FN_libManis_003E7800,0x3E7800,sub_3E7800,0x3E6530;0x3E6BEC;0x3E80BC;0x3E875C,0x334CEC
FN_libManis_003E7988,0x3E7988,sub_3E7988,0x3E5E0C,0x957870;0x957870;0x957870;0x957870
FN_libManis_003E7D20,0x3E7D20,sub_3E7D20,0x3E5E0C,0x957870;0x957870;0x957870;0x957870
FN_libManis_003E80A8,0x3E80A8,sub_3E80A8,0x3E422C,0x334CD4
FN_libManis_003E80BC,0x3E80BC,sub_3E80BC,0x3E422C;0x3E422C,0x3E7800;0x3E7674;0x334CEC
FN_libManis_003E863C,0x3E863C,sub_3E863C,0x3E422C,
FN_libManis_003E875C,0x3E875C,sub_3E875C,0x3E422C,0x3E74E8;0x3E7674;0x3E7800;0x3E74E8;0x334CEC
FN_libManis_003E8AF0,0x3E8AF0,sub_3E8AF0,0x3E422C,
FN_libManis_003E8C10,0x3E8C10,sub_3E8C10,0x3E3470,0x3D75AC;0x957870
FN_libManis_003E8D10,0x3E8D10,sub_3E8D10,,0x3F4554;0x33AD18;0x33AEDC;0x33AEFC;0x33B970;0x33AD18;0x33AEDC;0x33AEFC;0x33B970;0x33AD18
FN_libManis_003E9A64,0x3E9A64,sub_3E9A64,,0x957870
FN_libManis_003E9AD0,0x3E9AD0,sub_3E9AD0,0x3EC9C4;0x45AD90;0x7AA33C;0x828288;0x8B39C0,0x957870;0x3F8650;0x338E1C;0x957840;0x957870;0x957870;0x3F8650;0x3481E0;0x368358;0x957840
FN_libManis_003EA544,0x3EA544,sub_3EA544,0x3EC9C4;0x7AA33C;0x8B39C0,0x33ACE0;0x368358;0x957840;0x957840;0x957870;0x3EA800;0x957870
FN_libManis_003EA800,0x3EA800,sub_3EA800,0x3EA544,0x957870
FN_libManis_003EA994,0x3EA994,sub_3EA994,0x3EC9C4;0x45AD90;0x7AA33C;0x828288;0x8B39C0,0x3EB134;0x33AEDC;0x957840;0x3F502C;0x957870;0x3CBFD8;0x3585C4;0x33ACFC;0x33AEFC;0x33B970
FN_libManis_003EB134,0x3EB134,sub_3EB134,0x3EA994,0x35DA78
FN_libManis_003EB2C8,0x3EB2C8,sub_3EB2C8,,0x338E1C;0x338E1C
FN_libManis_003EB6D0,0x3EB6D0,sub_3EB6D0,,0x338E1C;0x334CC0
FN_libManis_003EBB94,0x3EBB94,sub_3EBB94,,0x3F5180;0x3F5180;0x368358;0x3F5180;0x3EBCCC;0x3F5180
FN_libManis_003EBCCC,0x3EBCCC,sub_3EBCCC,0x3EBB94;0x3EC69C;0x3F131C;0x3F2924;0x3F940C;0x59E3D0;0x5AFB84;0x67D4BC;0x683114;0x688B3C,0x3481E0;0x957840;0x957870;0x957840;0x957870
FN_libManis_003EBDD4,0x3EBDD4,sub_3EBDD4,,0x338E1C;0x338E1C
FN_libManis_003EC1DC,0x3EC1DC,sub_3EC1DC,,0x338E1C;0x334CC0
FN_libManis_003EC69C,0x3EC69C,sub_3EC69C,,0x3F5180;0x3F5180;0x368358;0x3F5180;0x3EBCCC;0x3F5180
FN_libManis_003EC7D4,0x3EC7D4,sub_3EC7D4,0x459C38,0x358D78;0x33ACFC;0x358D78;0x33ACE0
FN_libManis_003EC9C4,0x3EC9C4,sub_3EC9C4,0x454650;0x7645C0;0x79EBD0,0x957840;0x957870;0x957840;0x957840;0x957870;0x3EF128;0x957870;0x957870;0x3E9AD0;0x33AD18
FN_libManis_003EF128,0x3EF128,sub_3EF128,0x3EC9C4;0x45AD90;0x7AA33C;0x828288;0x8B39C0;0x8E1834,0x3B59E8;0x3B59E8;0x957870;0x957870;0x957840;0x957870
FN_libManis_003EF328,0x3EF328,sub_3EF328,0x3EC9C4;0x45AD90,0x3F0A08;0x33AD18;0x33AEDC;0x33AEFC;0x33B970;0x33B970;0x957840;0x957870;0x33AD30;0x957870
FN_libManis_003EF8D4,0x3EF8D4,sub_3EF8D4,0x3EC9C4,0x3F0B90;0x33AD18;0x33AEDC;0x33AEFC;0x33B970;0x33B970;0x957840;0x957870;0x33AD30;0x957870
FN_libManis_003EFE84,0x3EFE84,sub_3EFE84,0x3EC9C4;0x45CD34,0x3F0874;0x33AD18;0x33AEDC;0x33AEFC;0x33B970;0x33B970;0x957840;0x957870;0x33AD30;0x957870
FN_libManis_003F0428,0x3F0428,sub_3F0428,0x3EC9C4,0x3F5524;0x3F5524;0x3F5A74
FN_libManis_003F06E0,0x3F06E0,sub_3F06E0,0x3EC9C4;0x3F8780;0x7AA33C;0x828288;0x8B39C0,0x35DA78
FN_libManis_003F0874,0x3F0874,sub_3F0874,0x3EFE84,0x35DA78
FN_libManis_003F0A08,0x3F0A08,sub_3F0A08,0x3EF328,0x35DA78
FN_libManis_003F0B90,0x3F0B90,sub_3F0B90,0x3EF8D4;0x3F8650;0x3F8780;0x5D1A24;0x5DAEA4;0x60C9D4;0x6740C0;0x677894;0x67A664;0x67D4BC,0x35DA78
FN_libManis_003F0D24,0x3F0D24,sub_3F0D24,,0x334CC0
FN_libManis_003F0E70,0x3F0E70,sub_3F0E70,,0x334CC0
FN_libManis_003F1138,0x3F1138,sub_3F1138,,0x338E1C;0x3C62B8;0x3C62B8;0x375BA8;0x33ACFC
FN_libManis_003F131C,0x3F131C,sub_3F131C,0x4572D4;0x6E782C;0x765F84;0x7A03E0;0x7ADFB8;0x82D730;0x8B7D54,0x3F2754;0x957870;0x3F283C;0x3481E0;0x3E1F40;0x368358;0x3F8780;0x957870;0x3F940C;0x3F97D0
FN_libManis_003F2754,0x3F2754,sub_3F2754,0x3F131C;0x3F2924;0x3F2924;0x6E9E28,0x358C58
FN_libManis_003F283C,0x3F283C,sub_3F283C,0x3F131C;0x3F131C;0x3F2924;0x4F7328;0x5A52E0;0x5A52E0;0x5A8C84;0x5AD100;0x6E9E28;0x7ADFB8,0x358C58
FN_libManis_003F2924,0x3F2924,sub_3F2924,0x4572D4;0x6E782C;0x7A03E0;0x7ADFB8;0x82D730;0x8B7D54,0x3F2754;0x3481E0;0x3F97D0;0x33AEDC;0x33AEFC;0x33B970;0x33ACFC;0x3F283C;0x3481E0;0x3E1F40
FN_libManis_003F4554,0x3F4554,sub_3F4554,0x3E8D10,
FN_libManis_003F457C,0x3F457C,sub_3F457C,,0x3F8E7C;0x3F8E7C;0x3F90F4;0x342508
FN_libManis_003F4630,0x3F4630,sub_3F4630,0x3F4A88;0x454154;0x6E5B50;0x6E5B50;0x764514;0x764514;0x79EB24;0x79EB24;0x82820C;0x82820C,0x957870;0x957870;0x367C40;0x957870;0x367C40;0x3F4E34;0x957870;0x957870;0x957870;0x3C62B8
FN_libManis_003F4A88,0x3F4A88,sub_3F4A88,,0x3F4630
FN_libManis_003F4AC4,0x3F4AC4,sub_3F4AC4,,0x957840;0x957870
FN_libManis_003F4B40,0x3F4B40,sub_3F4B40,0x3F4B44;0x3F4B44,
FN_libManis_003F4B44,0x3F4B44,sub_3F4B44,,0x3F4B40;0x3F4B40
FN_libManis_003F4BFC,0x3F4BFC,sub_3F4BFC,,0x957870;0x957870
FN_libManis_003F4D48,0x3F4D48,sub_3F4D48,0x3F4D4C;0x3F4D4C,
FN_libManis_003F4D4C,0x3F4D4C,sub_3F4D4C,,0x3F4D48;0x3F4D48
FN_libManis_003F4DC4,0x3F4DC4,sub_3F4DC4,0x3F4DC8;0x3F4DC8,
FN_libManis_003F4DC8,0x3F4DC8,sub_3F4DC8,,0x3F4DC4;0x3F4DC4
FN_libManis_003F4E34,0x3F4E34,sub_3F4E34,0x3F4630;0x3F4E38;0x3F4E38;0x45AD90,
FN_libManis_003F4E38,0x3F4E38,sub_3F4E38,,0x3F4E34;0x3F4E34;0x957870
FN_libManis_003F4EB4,0x3F4EB4,sub_3F4EB4,0x3E9AD0,0x33E200
FN_libManis_003F502C,0x3F502C,sub_3F502C,0x3EA994,0x957840;0x957870;0x3D66E0;0x334CEC
FN_libManis_003F5180,0x3F5180,sub_3F5180,0x3EBB94;0x3EBB94;0x3EBB94;0x3EBB94;0x3EC69C;0x3EC69C;0x3EC69C;0x3EC69C;0x45CD34;0x45CD34,0x338E1C;0x33E200
FN_libManis_003F5348,0x3F5348,sub_3F5348,0x3F131C,0x33BD20;0x33BD20;0x33BD20;0x33BD20
FN_libManis_003F5524,0x3F5524,sub_3F5524,0x3F0428;0x3F0428,0x3F589C
FN_libManis_003F589C,0x3F589C,sub_3F589C,0x3F5524,0x334CEC
FN_libManis_003F5A74,0x3F5A74,sub_3F5A74,0x3F0428,
FN_libManis_003F5BA8,0x3F5BA8,sub_3F5BA8,,0x3F5CBC;0x3F5CBC
FN_libManis_003F5CBC,0x3F5CBC,sub_3F5CBC,0x3F5BA8;0x3F5BA8,0x3F5E18
FN_libManis_003F5E18,0x3F5E18,sub_3F5E18,0x3F5CBC,0x3F60D8
FN_libManis_003F60D8,0x3F60D8,sub_3F60D8,0x3F5E18,0x334CEC
FN_libManis_003F62DC,0x3F62DC,sub_3F62DC,0x6CFA3C;0x75D3A0;0x7939B4,0x33E200;0x3F7050
FN_libManis_003F6474,0x3F6474,sub_3F6474,,0x957870;0x33ACFC
FN_libManis_003F662C,0x3F662C,sub_3F662C,,0x957870
FN_libManis_003F6688,0x3F6688,sub_3F6688,,0x957870
FN_libManis_003F6700,0x3F6700,sub_3F6700,,0x957840;0x338E1C;0x957840;0x3F940C;0x3F97D0;0x33AEDC;0x33AEFC;0x33B970;0x33B970;0x957870
FN_libManis_003F6D90,0x3F6D90,sub_3F6D90,,0x957840;0x33ACE0;0x957870;0x338E1C;0x957840;0x3F940C;0x957870
FN_libManis_003F7050,0x3F7050,sub_3F7050,0x3F62DC;0x5136E8,
FN_libManis_003F7268,0x3F7268,sub_3F7268,0x3F7480;0x3F7480;0x3F7480;0x3F7480;0x3F7480;0x3F7480,0x3F8320;0x338E1C
FN_libManis_003F7480,0x3F7480,sub_3F7480,0x3F7A40,0x338E1C;0x3F7268;0x338E1C;0x3F7268;0x338E1C;0x3F7268;0x338E1C;0x3F7268;0x33ACFC;0x338E1C
FN_libManis_003F7A40,0x3F7A40,sub_3F7A40,0x513B50,0x33ACE0;0x3F7480;0x33AD18;0x33AEDC;0x33AEFC;0x33B970;0x33B970;0x3574D4;0x338E1C;0x338E1C
FN_libManis_003F8320,0x3F8320,sub_3F8320,0x3F7268,0x3F8478;0x334CEC
FN_libManis_003F8478,0x3F8478,sub_3F8478,0x3F8320,0x334CD4
FN_libManis_003F848C,0x3F848C,sub_3F848C,0x3F7A40,0x3F863C;0x334CEC
FN_libManis_003F863C,0x3F863C,sub_3F863C,0x3F848C,0x334CD4
FN_libManis_003F8650,0x3F8650,sub_3F8650,0x36491C;0x3C46C4;0x3D8E4C;0x3D9C84;0x3E9AD0;0x3E9AD0;0x3E9AD0;0x3F131C;0x3FAFBC;0x3FBF00,0x3F0B90;0x957870;0x957870
FN_libManis_003F8780,0x3F8780,sub_3F8780,0x3F131C;0x3F2924;0x6E782C;0x6E9E28;0x6EADD0;0x7A03E0;0x8EAC50,0x3FA634;0x957870;0x3F06E0;0x957870;0x957870;0x3F0B90;0x957870;0x957870
FN_libManis_003F8950,0x3F8950,sub_3F8950,0x368590;0x3F8B48;0x424210;0x424210;0x427AC8;0x427AC8;0x42D740;0x42D740;0x42EB10;0x42EB10,0x3F8A50;0x957870;0x957870;0x957870
FN_libManis_003F8A50,0x3F8A50,sub_3F8A50,0x3CDF64;0x3D1928;0x3D1928;0x3D39A8;0x3F8950;0x3F97D0;0x3F99BC;0x4572D4;0x4D30E4;0x4D30E4,0x957870;0x33ACFC
FN_libManis_003F8B48,0x3F8B48,sub_3F8B48,,0x3F8950
FN_libManis_003F8B6C,0x3F8B6C,sub_3F8B6C,0x3FF15C;0x4E84CC;0x5F493C;0x60C9D4;0x60C9D4;0x60F8DC;0x60F8DC;0x8EB878,
FN_libManis_003F8BB0,0x3F8BB0,sub_3F8BB0,0x8EB8A4;0x8EB8A4,0x3757B8
FN_libManis_003F8C90,0x3F8C90,sub_3F8C90,0x3C46C4;0x3D8E4C;0x3D8E4C;0x3FD5D8;0x3FE4BC;0x3FF15C;0x3FF15C;0x3FF784;0x4002F8;0x400654,
FN_libManis_003F8CA0,0x3F8CA0,sub_3F8CA0,,0x3481E0
FN_libManis_003F8CD8,0x3F8CD8,sub_3F8CD8,0x3FAFBC;0x3FAFBC;0x3FBF00;0x3FBF00;0x422500;0x422500;0x422500;0x422500;0x424210;0x424210,0x348310;0x334CEC
FN_libManis_003F8E7C,0x3F8E7C,sub_3F8E7C,0x342678;0x342678;0x342678;0x342678;0x3BB5C0;0x3BB5C0;0x3BB98C;0x3BB98C;0x3BB98C;0x3BBDFC,
FN_libManis_003F8EC4,0x3F8EC4,sub_3F8EC4,0x342678;0x4A2104;0x4A2234;0x4A2364;0x4A2494;0x4BB0AC;0x590000;0x5BD168;0x5BD168;0x5CB9FC,
FN_libManis_003F90F4,0x3F90F4,sub_3F90F4,0x342678;0x342678;0x3D8E4C;0x3F131C;0x3F457C;0x3FB944;0x3FB944;0x3FBB54;0x3FBB54;0x3FBD5C,
FN_libManis_003F91B4,0x3F91B4,sub_3F91B4,0x4A42E8;0x4A5854;0x4AFED4;0x4B1018;0x4B1794;0x4B3874;0x4B4080;0x4EB39C;0x4F1774;0x4F1774,
FN_libManis_003F91C0,0x3F91C0,sub_3F91C0,0x342678;0x3F97D0;0x3F99BC;0x3F99BC;0x3F99BC;0x3FD73C;0x45CD34;0x4A1C9C;0x4AFED4;0x4BB76C,0x3481A8
FN_libManis_003F940C,0x3F940C,sub_3F940C,0x3F131C;0x3F131C;0x3F2924;0x3F6700;0x3F6D90;0x424210;0x424210;0x427AC8;0x427AC8;0x427AC8,0x957840;0x957870;0x3EBCCC;0x957840;0x957870;0x957870
FN_libManis_003F9564,0x3F9564,sub_3F9564,0x5E5F20;0x65923C;0x683114;0x80FB38;0x86B944;0x8EBAC4,0x33ACFC;0x33ACFC;0x33ACFC
FN_libManis_003F9684,0x3F9684,sub_3F9684,0x605820,0x33ACFC;0x33ACFC
FN_libManis_003F97D0,0x3F97D0,sub_3F97D0,0x3D13D4;0x3D2B34;0x3D8E4C;0x3D8E4C;0x3F131C;0x3F131C;0x3F2924;0x3F2924;0x3F6700;0x3FAFBC,0x3F8A50;0x957870;0x957870;0x33ACE0;0x33ACFC;0x3F91C0;0x3681EC;0x33ACFC
FN_libManis_003F99BC,0x3F99BC,sub_3F99BC,0x7ADFB8;0x82D730;0x8B7D54,0x957840;0x957870;0x957840;0x957870;0x957870;0x33ACFC;0x33ACFC;0x3F91C0;0x3481A8;0x3481A8
FN_libManis_003FA634,0x3FA634,sub_3FA634,0x3F8780,0x957840;0x957840;0x348310
FN_libManis_003FA730,0x3FA730,sub_3FA730,,0x820EE8;0x803B04;0x7E9B40;0x80F6A8;0x7E0DC4;0x7F9580;0x7FA854;0x7E4010;0x81FD00;0x822F4C
FN_libManis_003FA7C0,0x3FA7C0,sub_3FA7C0,,0x3CE2B0;0x3D4A44;0x3CDDA4;0x3C39DC;0x3CC194;0x3D9EAC;0x3D87FC;0x3D1D8C;0x3C9690;0x3D122C
FN_libManis_003FA80C,0x3FA80C,sub_3FA80C,,0x4E6208;0x506C58;0x4A3E80;0x5089B8;0x4AE060;0x4A88B4;0x4E8278;0x4FB670;0x4F00B8;0x4DC094
FN_libManis_003FAA64,0x3FAA64,sub_3FAA64,,0x453ECC;0x827FBC;0x6E56A0;0x76409C;0x7AA158;0x8B3458;0x79E640
FN_libManis_003FAA90,0x3FAA90,sub_3FAA90,,0x61B02C;0x5FF790;0x657DAC;0x652B68;0x686C74;0x673988;0x77CE10;0x77B3F8;0x777CE8;0x71D64C
FN_libManis_003FAAC8,0x3FAAC8,sub_3FAAC8,,0x396BE0;0x394274;0x394550;0x3895E8;0x36E428;0x39A8F4;0x376578;0x385CB4;0x37F424;0x378A70
FN_libManis_003FAC18,0x3FAC18,sub_3FAC18,,0x3AB914;0x3BACDC;0x3A225C;0x3B4A38;0x3A56A0;0x3B5778;0x3AF67C;0x3A03C0;0x3B2944;0x3B82EC
FN_libManis_003FAC64,0x3FAC64,sub_3FAC64,,0x405C5C;0x40BBCC;0x407470;0x41C4E8;0x40FD6C;0x400114;0x3FE2D8;0x419828;0x403BB4;0x416CAC
FN_libManis_003FADC8,0x3FADC8,sub_3FADC8,,0x68F3A4;0x6AC4CC;0x668A64;0x6C436C;0x66CB4C;0x6AE614;0x6BBCF8;0x6B2B78;0x6CB0E4;0x6C1D8C
FN_libManis_003FAE84,0x3FAE84,sub_3FAE84,,0x786C88;0x77B6E4;0x778DB0;0x7708D0;0x77192C;0x7723E4;0x772C68;0x7733F4;0x773A38;0x774008
FN_libManis_003FAF20,0x3FAF20,sub_3FAF20,,0x854680;0x88ABCC;0x83516C;0x85620C;0x845A50;0x8391B0;0x833640;0x865A78;0x843844;0x87BDA0
FN_libManis_003FAFBC,0x3FAFBC,sub_3FAFBC,0x3FC218;0x3FC218;0x3FC218;0x3FC218;0x3FC218;0x3FC218;0x3FC218;0x3FC218;0x3FC218;0x3FC218,0x3F8650;0x3F8CD8;0x3F8CD8;0x3F97D0
FN_libManis_003FB078,0x3FB078,sub_3FB078,0x3FCE44;0x3FE274;0x3FE274,
FN_libManis_003FB524,0x3FB524,sub_3FB524,0x3FDF64,
FN_libManis_003FB944,0x3FB944,sub_3FB944,0x3FC218;0x3FC218;0x3FCE44,0x3F8E7C;0x3F8E7C;0x3F90F4;0x3F90F4
FN_libManis_003FBB54,0x3FBB54,sub_3FBB54,0x3FC218,0x3F8E7C;0x3F8E7C;0x3F90F4;0x3F90F4
FN_libManis_003FBD5C,0x3FBD5C,sub_3FBD5C,0x3FC218;0x3FC218;0x3FC218;0x3FC218;0x3FC218;0x3FC218;0x3FCE44,0x3F90F4;0x3F90F4;0x3F8E7C;0x3F8E7C
FN_libManis_003FBF00,0x3FBF00,sub_3FBF00,0x3FCE44,0x3F8E7C;0x3F8E7C;0x3F8650;0x3F8CD8;0x3F8CD8;0x3F97D0
FN_libManis_003FC140,0x3FC140,sub_3FC140,0x605820;0x683114,0x3FC218
FN_libManis_003FC218,0x3FC218,sub_3FC218,0x3FC140,0x3FAFBC;0x957870;0x957870;0x3FAFBC;0x957870;0x957870;0x3FAFBC;0x957870;0x957870;0x3FAFBC
FN_libManis_003FCCA8,0x3FCCA8,sub_3FCCA8,0x3FC218;0x3FC218;0x3FC218;0x3FC218,0x3FAFBC;0x3F90F4;0x9570F8;0x3F90F4
FN_libManis_003FCE44,0x3FCE44,sub_3FCE44,0x3FC218;0x3FC218;0x3FC218,0x3FAFBC;0x3FAFBC;0x3FAFBC;0x957840;0x957840;0x3FBF00;0x957870;0x957870;0x957870;0x957870
FN_libManis_003FD5D8,0x3FD5D8,sub_3FD5D8,0x605820;0x683114,0x3F8E7C;0x3F8E7C;0x3F8650;0x3F8E7C;0x3F8E7C;0x3F8C90;0x3F97D0
FN_libManis_003FD73C,0x3FD73C,sub_3FD73C,0x605820;0x683114,0x3F8E7C;0x3F8E7C;0x3F8E7C;0x3F8E7C;0x3F8E7C;0x3F91C0;0x3FAFBC;0x3FAFBC;0x3F90F4;0x3F90F4
FN_libManis_003FDF64,0x3FDF64,sub_3FDF64,,0x3FB524
FN_libManis_003FDFA4,0x3FDFA4,sub_3FDFA4,0x3FD73C,
FN_libManis_003FE274,0x3FE274,sub_3FE274,,0x3FB078;0x3FB078
FN_libManis_003FE2D8,0x3FE2D8,sub_3FE2D8,0x3FAC64,0x3FE324
FN_libManis_003FE324,0x3FE324,sub_3FE324,0x3FE2D8,0x33E200;0x3FEDE0
FN_libManis_003FE4BC,0x3FE4BC,sub_3FE4BC,,0x3F8C90;0x33ACE0;0x348310;0x348310
FN_libManis_003FE6B4,0x3FE6B4,sub_3FE6B4,,0x3FE928
FN_libManis_003FE6E0,0x3FE6E0,sub_3FE6E0,0x409238;0x40BDB0;0x4180B0,0x368358;0x957840;0x957870;0x368358;0x957840;0x957870;0x33ACE0
FN_libManis_003FE928,0x3FE928,sub_3FE928,0x3FE6B4;0x3FF488;0x3FFFFC;0x400358;0x400B0C;0x4016C8;0x401A24;0x402BE0;0x402F28;0x403418,0x957870;0x957870
FN_libManis_003FEA8C,0x3FEA8C,sub_3FEA8C,,0x3FEB40
FN_libManis_003FEB40,0x3FEB40,sub_3FEB40,0x3FEA8C;0x3FF4EC;0x400060;0x4003BC;0x400B70;0x40172C;0x401AAC;0x402C44;0x402F8C;0x40347C,0x3FEC50;0x3FEC50;0x957870
FN_libManis_003FEC50,0x3FEC50,sub_3FEC50,0x3FEB40;0x3FEB40;0x41C0B4;0x42B944;0x5B5AF8;0x5B5AF8;0x5B75BC;0x6A28F4;0x6A28F4;0x6B9D88,0x957870;0x3E5DF8;0x334CEC
FN_libManis_003FEDE0,0x3FEDE0,sub_3FEDE0,0x3FE324;0x3FEFC4;0x3FF5EC;0x400160;0x4004BC;0x400E44;0x40182C;0x401BAC;0x402D44;0x40308C,
FN_libManis_003FEF78,0x3FEF78,sub_3FEF78,0x3FAC64,0x3FEFC4
FN_libManis_003FEFC4,0x3FEFC4,sub_3FEFC4,0x3FEF78,0x33E200;0x3FEDE0
FN_libManis_003FF15C,0x3FF15C,sub_3FF15C,,0x3F90F4;0x3F8C90;0x33ACFC;0x3F90F4;0x33ACFC;0x3F8C90;0x3F8B6C;0x33ACE0;0x33ACFC;0x348310
FN_libManis_003FF488,0x3FF488,sub_3FF488,,0x3FE928
FN_libManis_003FF4EC,0x3FF4EC,sub_3FF4EC,,0x3FEB40
FN_libManis_003FF5A0,0x3FF5A0,sub_3FF5A0,0x3FAC64,0x3FF5EC
FN_libManis_003FF5EC,0x3FF5EC,sub_3FF5EC,0x3FF5A0,0x33E200;0x3FEDE0
FN_libManis_003FF784,0x3FF784,sub_3FF784,,0x33ACFC;0x3F8C90;0x33ACE0;0x348310
FN_libManis_003FFFFC,0x3FFFFC,sub_3FFFFC,,0x3FE928
FN_libManis_00400060,0x400060,sub_400060,,0x3FEB40
FN_libManis_00400114,0x400114,sub_400114,0x3FAC64,0x400160
FN_libManis_00400160,0x400160,sub_400160,0x400114,0x33E200;0x3FEDE0
FN_libManis_004002F8,0x4002F8,sub_4002F8,,0x3F8C90
FN_libManis_00400358,0x400358,sub_400358,,0x3FE928
FN_libManis_004003BC,0x4003BC,sub_4003BC,,0x3FEB40
FN_libManis_00400470,0x400470,sub_400470,0x3FAC64,0x4004BC
FN_libManis_004004BC,0x4004BC,sub_4004BC,0x400470,0x33E200;0x3FEDE0
FN_libManis_00400654,0x400654,sub_400654,,0x3F8E7C;0x3F8E7C;0x3F8E7C;0x3F8E7C;0x3F8E7C;0x3F8E7C;0x3F8E7C;0x3F8E7C;0x3F8C90;0x33ACE0
FN_libManis_004009AC,0x4009AC,sub_4009AC,0x400654;0x400654;0x4161EC;0x4161EC;0x4161EC;0x4161EC;0x82D730;0x82D730;0x8B7D54;0x8B7D54,
FN_libManis_00400B0C,0x400B0C,sub_400B0C,,0x3FE928
FN_libManis_00400B70,0x400B70,sub_400B70,,0x3FEB40
FN_libManis_00400C24,0x400C24,sub_400C24,0x400654,0x358C58
FN_libManis_00400C38,0x400C38,sub_400C38,0x400654;0x6F36C8;0x6F50AC;0x82D730;0x8B7D54,0x33BD20;0x33BD20;0x33BD20;0x33BD20
FN_libManis_00400DF8,0x400DF8,sub_400DF8,0x3FAC64,0x400E44
FN_libManis_00400E44,0x400E44,sub_400E44,0x400DF8,0x33E200;0x3FEDE0
FN_libManis_00400FDC,0x400FDC,sub_400FDC,,0x3F8C90;0x33ACFC
FN_libManis_004016C8,0x4016C8,sub_4016C8,,0x3FE928
FN_libManis_0040172C,0x40172C,sub_40172C,,0x3FEB40
FN_libManis_004017E0,0x4017E0,sub_4017E0,0x3FAC64,0x40182C
FN_libManis_0040182C,0x40182C,sub_40182C,0x4017E0,0x33E200;0x3FEDE0
FN_libManis_004019C4,0x4019C4,sub_4019C4,,0x3F8C90
FN_libManis_00401A24,0x401A24,sub_401A24,,0x3FE928
FN_libManis_00401AAC,0x401AAC,sub_401AAC,,0x3FEB40
FN_libManis_00401B60,0x401B60,sub_401B60,0x3FAC64,0x401BAC
FN_libManis_00401BAC,0x401BAC,sub_401BAC,0x401B60,0x33E200;0x3FEDE0
FN_libManis_00401D44,0x401D44,sub_401D44,,0x33ACFC;0x3F8C90;0x33ACE0;0x33ACFC;0x348310;0x348310;0x348310
FN_libManis_00402BE0,0x402BE0,sub_402BE0,,0x3FE928
FN_libManis_00402C44,0x402C44,sub_402C44,,0x3FEB40
FN_libManis_00402CF8,0x402CF8,sub_402CF8,0x3FAC64,0x402D44
FN_libManis_00402D44,0x402D44,sub_402D44,0x402CF8,0x33E200;0x3FEDE0
FN_libManis_00402EDC,0x402EDC,sub_402EDC,,0x3F8C90
FN_libManis_00402F28,0x402F28,sub_402F28,,0x3FE928
FN_libManis_00402F8C,0x402F8C,sub_402F8C,,0x3FEB40
FN_libManis_00403040,0x403040,sub_403040,0x3FAC64,0x40308C
FN_libManis_0040308C,0x40308C,sub_40308C,0x403040,0x33E200;0x3FEDE0
FN_libManis_00403224,0x403224,sub_403224,,0x3F90F4;0x3F90F4;0x3F8C90;0x33ACE0;0x348310
FN_libManis_00403418,0x403418,sub_403418,,0x3FE928
FN_libManis_0040347C,0x40347C,sub_40347C,,0x3FEB40
FN_libManis_00403530,0x403530,sub_403530,0x3FAC64,0x40357C
FN_libManis_0040357C,0x40357C,sub_40357C,0x403530,0x33E200;0x3FEDE0
FN_libManis_00403714,0x403714,sub_403714,,0x3F8C90;0x33ACE0;0x348310;0x348310
FN_libManis_00403A68,0x403A68,sub_403A68,,0x3FE928
FN_libManis_00403B00,0x403B00,sub_403B00,,0x3FEB40
FN_libManis_00403BB4,0x403BB4,sub_403BB4,0x3FAC64,0x403C00
FN_libManis_00403C00,0x403C00,sub_403C00,0x403BB4,0x33E200;0x3FEDE0
FN_libManis_00403D98,0x403D98,sub_403D98,,0x3F8C90
FN_libManis_00403E78,0x403E78,sub_403E78,,0x3FE928
FN_libManis_00403EDC,0x403EDC,sub_403EDC,,0x3FEB40
FN_libManis_00403F8C,0x403F8C,sub_403F8C,,0x403FDC
FN_libManis_00403FDC,0x403FDC,sub_403FDC,0x403F8C,0x33E200;0x3FEDE0
FN_libManis_00404174,0x404174,sub_404174,,0x3F8C90
FN_libManis_004041F4,0x4041F4,sub_4041F4,,0x3FE928
FN_libManis_00404258,0x404258,sub_404258,,0x3FEB40
FN_libManis_0040430C,0x40430C,sub_40430C,0x3FAC64,0x404358
FN_libManis_00404358,0x404358,sub_404358,0x40430C,0x33E200;0x3FEDE0
FN_libManis_004044F0,0x4044F0,sub_4044F0,,0x3F8E7C;0x3F8C90;0x33ACE0;0x348310
FN_libManis_004046D8,0x4046D8,sub_4046D8,,0x3FE928
FN_libManis_00404770,0x404770,sub_404770,,0x3FEB40
FN_libManis_00404824,0x404824,sub_404824,0x3FAC64,0x404870
FN_libManis_00404870,0x404870,sub_404870,0x404824,0x33E200;0x3FEDE0
FN_libManis_00404A08,0x404A08,sub_404A08,,0x3F8C90
FN_libManis_00404A68,0x404A68,sub_404A68,,0x3FE928
FN_libManis_00404ACC,0x404ACC,sub_404ACC,,0x3FEB40
FN_libManis_00404B80,0x404B80,sub_404B80,0x3FAC64,0x404BCC
FN_libManis_00404BCC,0x404BCC,sub_404BCC,0x404B80,0x33E200;0x3FEDE0
FN_libManis_00404D64,0x404D64,sub_404D64,,0x3F8E7C;0x3F8E7C;0x3F8E7C;0x3F8E7C;0x3F8C90;0x33ACE0
FN_libManis_00404E9C,0x404E9C,sub_404E9C,,0x3FE928
FN_libManis_00404F00,0x404F00,sub_404F00,,0x3FEB40
FN_libManis_00404FB4,0x404FB4,sub_404FB4,0x3FAC64,0x405000
FN_libManis_00405000,0x405000,sub_405000,0x404FB4,0x33E200;0x3FEDE0
FN_libManis_00405198,0x405198,sub_405198,,0x3F8C90
FN_libManis_004051F8,0x4051F8,sub_4051F8,,0x3FE928
FN_libManis_0040525C,0x40525C,sub_40525C,,0x3FEB40
FN_libManis_00405310,0x405310,sub_405310,0x3FAC64,0x40535C
FN_libManis_0040535C,0x40535C,sub_40535C,0x405310,0x33E200;0x3FEDE0
FN_libManis_004054F4,0x4054F4,sub_4054F4,,0x3F90F4;0x405780;0x3F8C90;0x33ACE0;0x33ACFC;0x348310
FN_libManis_00405780,0x405780,sub_405780,0x4054F4;0x46906C;0x46906C;0x469F78;0x469F78;0x46AE84;0x46AE84;0x46BD78;0x46BD78;0x46CCB8,0x348310;0x334CEC
FN_libManis_00405B44,0x405B44,sub_405B44,,0x3FE928
FN_libManis_00405BA8,0x405BA8,sub_405BA8,,0x3FEB40
FN_libManis_00405C5C,0x405C5C,sub_405C5C,0x3FAC64,0x405CA8
FN_libManis_00405CA8,0x405CA8,sub_405CA8,0x405C5C,0x33E200;0x3FEDE0
FN_libManis_00405E40,0x405E40,sub_405E40,,0x3F90F4;0x3F90F4;0x3F8C90;0x33ACE0;0x348310
FN_libManis_00405FB8,0x405FB8,sub_405FB8,,0x3FE928
FN_libManis_0040601C,0x40601C,sub_40601C,,0x3FEB40
FN_libManis_004060D0,0x4060D0,sub_4060D0,0x3FAC64,0x40611C
FN_libManis_0040611C,0x40611C,sub_40611C,0x4060D0,0x33E200;0x3FEDE0
FN_libManis_004062B4,0x4062B4,sub_4062B4,,0x406620;0x406620;0x406620;0x406620;0x3F8C90;0x33ACE0;0x406620;0x348310;0x348310
FN_libManis_00406508,0x406508,sub_406508,,0x3FE928
FN_libManis_0040656C,0x40656C,sub_40656C,,0x3FEB40
FN_libManis_00406620,0x406620,sub_406620,0x4062B4;0x4062B4;0x4062B4;0x4062B4;0x4062B4;0x407134,0x348310;0x334CEC
FN_libManis_00406974,0x406974,sub_406974,0x3FAC64,0x4069C0
FN_libManis_004069C0,0x4069C0,sub_4069C0,0x406974,0x33E200;0x3FEDE0
FN_libManis_00406B58,0x406B58,sub_406B58,,0x33ACFC;0x33ACFC;0x3F8C90;0x33ACE0;0x348310;0x348310
FN_libManis_00406E38,0x406E38,sub_406E38,,0x3FE928
FN_libManis_00406E9C,0x406E9C,sub_406E9C,,0x3FEB40
FN_libManis_00406F50,0x406F50,sub_406F50,0x3FAC64,0x406F9C
FN_libManis_00406F9C,0x406F9C,sub_406F9C,0x406F50,0x33E200;0x3FEDE0
FN_libManis_00407134,0x407134,sub_407134,,0x33ACFC;0x406620;0x3F8C90;0x33ACE0;0x348310;0x348310
FN_libManis_00407358,0x407358,sub_407358,,0x3FE928
FN_libManis_004073BC,0x4073BC,sub_4073BC,,0x3FEB40
FN_libManis_00407470,0x407470,sub_407470,0x3FAC64,0x4074BC
FN_libManis_004074BC,0x4074BC,sub_4074BC,0x407470,0x33E200;0x3FEDE0
FN_libManis_00407654,0x407654,sub_407654,,0x3F8E7C;0x3F8E7C;0x3F8E7C;0x3F8C90;0x33ACE0
FN_libManis_004077BC,0x4077BC,sub_4077BC,,0x3FE928
FN_libManis_00407854,0x407854,sub_407854,,0x3FEB40
FN_libManis_00407908,0x407908,sub_407908,0x3FAC64,0x407954
FN_libManis_00407954,0x407954,sub_407954,0x407908,0x33E200;0x3FEDE0
FN_libManis_00407AEC,0x407AEC,sub_407AEC,,0x33ACFC;0x33ACFC;0x407F44;0x40804C;0x40804C;0x3F8C90;0x33ACE0;0x343DA4;0x33ACFC;0x348310
FN_libManis_00407F44,0x407F44,sub_407F44,0x407AEC;0x4F1774,0x348310
FN_libManis_0040804C,0x40804C,sub_40804C,0x407AEC;0x407AEC,0x348310;0x334CEC
FN_libManis_004081CC,0x4081CC,sub_4081CC,,0x3FE928
FN_libManis_00408230,0x408230,sub_408230,,0x3FEB40
FN_libManis_004082E4,0x4082E4,sub_4082E4,0x3FAC64,0x408330
FN_libManis_00408330,0x408330,sub_408330,0x4082E4,0x33E200;0x3FEDE0
FN_libManis_004084C8,0x4084C8,sub_4084C8,,0x3F8C90
FN_libManis_00408528,0x408528,sub_408528,,0x3FE928
FN_libManis_0040858C,0x40858C,sub_40858C,,0x3FEB40
FN_libManis_00408640,0x408640,sub_408640,0x3FAC64,0x40868C
FN_libManis_0040868C,0x40868C,sub_40868C,0x408640,0x33E200;0x3FEDE0
FN_libManis_00408824,0x408824,sub_408824,,0x3F8C90
FN_libManis_00408884,0x408884,sub_408884,,0x3FE928
FN_libManis_004088E8,0x4088E8,sub_4088E8,,0x3FEB40
FN_libManis_0040899C,0x40899C,sub_40899C,0x3FAC64,0x4089E8
FN_libManis_004089E8,0x4089E8,sub_4089E8,0x40899C,0x33E200;0x3FEDE0
FN_libManis_00408B80,0x408B80,sub_408B80,,0x3F8C90
FN_libManis_00408BE0,0x408BE0,sub_408BE0,,0x3FE928
FN_libManis_00408C44,0x408C44,sub_408C44,,0x3FEB40
FN_libManis_00408CF8,0x408CF8,sub_408CF8,0x3FAC64,0x408D44
FN_libManis_00408D44,0x408D44,sub_408D44,0x408CF8,0x33E200;0x3FEDE0
FN_libManis_00408EDC,0x408EDC,sub_408EDC,,0x3F8C90
FN_libManis_00408F3C,0x408F3C,sub_408F3C,,0x3FE928
FN_libManis_00408FA0,0x408FA0,sub_408FA0,,0x3FEB40
FN_libManis_00409054,0x409054,sub_409054,0x3FAC64,0x4090A0
FN_libManis_004090A0,0x4090A0,sub_4090A0,0x409054,0x33E200;0x3FEDE0
FN_libManis_00409238,0x409238,sub_409238,,0x3FE6E0;0x33AEDC;0x33AEFC;0x33B970;0x33B970
FN_libManis_00409A74,0x409A74,sub_409A74,,0x3FE928
FN_libManis_00409AD8,0x409AD8,sub_409AD8,,0x3FEB40
FN_libManis_00409B94,0x409B94,sub_409B94,0x3FAC64,0x409BE0
FN_libManis_00409BE0,0x409BE0,sub_409BE0,0x409B94,0x33E200;0x3FEDE0
FN_libManis_00409D78,0x409D78,sub_409D78,,0x3F8C90
FN_libManis_00409DD8,0x409DD8,sub_409DD8,,0x3FE928
FN_libManis_00409E3C,0x409E3C,sub_409E3C,,0x3FEB40
FN_libManis_00409EF0,0x409EF0,sub_409EF0,0x3FAC64,0x409F3C
FN_libManis_00409F3C,0x409F3C,sub_409F3C,0x409EF0,0x33E200;0x3FEDE0
FN_libManis_0040A0D4,0x40A0D4,sub_40A0D4,,0x3F8C90
FN_libManis_0040A134,0x40A134,sub_40A134,,0x3FE928
FN_libManis_0040A1CC,0x40A1CC,sub_40A1CC,,0x3FEB40
FN_libManis_0040A280,0x40A280,sub_40A280,0x3FAC64,0x40A2CC
FN_libManis_0040A2CC,0x40A2CC,sub_40A2CC,0x40A280,0x33E200;0x3FEDE0
FN_libManis_0040A464,0x40A464,sub_40A464,,0x3F8C90
FN_libManis_0040A4C4,0x40A4C4,sub_40A4C4,,0x3FE928
FN_libManis_0040A528,0x40A528,sub_40A528,,0x3FEB40
FN_libManis_0040A5DC,0x40A5DC,sub_40A5DC,0x3FAC64,0x40A628
FN_libManis_0040A628,0x40A628,sub_40A628,0x40A5DC,0x33E200;0x3FEDE0
FN_libManis_0040A7C0,0x40A7C0,sub_40A7C0,,0x33ACFC;0x3F8C90;0x3F8C90;0x33ACE0;0x348310
FN_libManis_0040ADEC,0x40ADEC,sub_40ADEC,,0x3FE928
FN_libManis_0040AE50,0x40AE50,sub_40AE50,,0x3FEB40
FN_libManis_0040AF04,0x40AF04,sub_40AF04,0x3FAC64,0x40AF50
FN_libManis_0040AF50,0x40AF50,sub_40AF50,0x40AF04,0x33E200;0x3FEDE0
FN_libManis_0040B0E8,0x40B0E8,sub_40B0E8,,0x33ACFC;0x3F8C90;0x33ACE0;0x33ACFC;0x348310
FN_libManis_0040BAB4,0x40BAB4,sub_40BAB4,,0x3FE928
FN_libManis_0040BB18,0x40BB18,sub_40BB18,,0x3FEB40
FN_libManis_0040BBCC,0x40BBCC,sub_40BBCC,0x3FAC64,0x40BC18
FN_libManis_0040BC18,0x40BC18,sub_40BC18,0x40BBCC,0x33E200;0x3FEDE0
FN_libManis_0040BDB0,0x40BDB0,sub_40BDB0,,0x3FE6E0;0x33AEDC;0x33AEFC;0x33B970;0x33B970
FN_libManis_0040C690,0x40C690,sub_40C690,,0x3FE928
FN_libManis_0040C6F4,0x40C6F4,sub_40C6F4,,0x3FEB40
FN_libManis_0040C7AC,0x40C7AC,sub_40C7AC,0x3FAC64,0x40C7F8
FN_libManis_0040C7F8,0x40C7F8,sub_40C7F8,0x40C7AC,0x33E200;0x3FEDE0
FN_libManis_0040C990,0x40C990,sub_40C990,,0x3F8C90
FN_libManis_0040C9F0,0x40C9F0,sub_40C9F0,,0x3FE928
FN_libManis_0040CA54,0x40CA54,sub_40CA54,,0x3FEB40
FN_libManis_0040CB08,0x40CB08,sub_40CB08,0x3FAC64,0x40CB54
FN_libManis_0040CB54,0x40CB54,sub_40CB54,0x40CB08,0x33E200;0x3FEDE0
FN_libManis_0040CCEC,0x40CCEC,sub_40CCEC,,0x3F8C90
FN_libManis_0040CD4C,0x40CD4C,sub_40CD4C,,0x3FE928
FN_libManis_0040CDB0,0x40CDB0,sub_40CDB0,,0x3FEB40
FN_libManis_0040CE64,0x40CE64,sub_40CE64,0x3FAC64,0x40CEB0
FN_libManis_0040CEB0,0x40CEB0,sub_40CEB0,0x40CE64,0x33E200;0x3FEDE0
FN_libManis_0040D048,0x40D048,sub_40D048,,0x33ACFC;0x33ACFC;0x33ACFC;0x33ACFC;0x3F90F4;0x33ACFC;0x3A3BB8;0x3A3BB8;0x40D9B4;0x3F8C90
FN_libManis_0040D9B4,0x40D9B4,sub_40D9B4,0x40D048;0x40D048;0x40D048;0x5D1A24;0x724D4C,0x348310
FN_libManis_0040DAA4,0x40DAA4,sub_40DAA4,,0x3FE928
FN_libManis_0040DB08,0x40DB08,sub_40DB08,,0x3FEB40
FN_libManis_0040DBBC,0x40DBBC,sub_40DBBC,0x3FAC64,0x40DC08
FN_libManis_0040DC08,0x40DC08,sub_40DC08,0x40DBBC,0x33E200;0x3FEDE0
FN_libManis_0040DDA0,0x40DDA0,sub_40DDA0,,0x3F8C90;0x33ACE0;0x348310;0x348310;0x348310
FN_libManis_0040DF90,0x40DF90,sub_40DF90,,0x3FE928
FN_libManis_0040DFF4,0x40DFF4,sub_40DFF4,,0x3FEB40
FN_libManis_0040E0A8,0x40E0A8,sub_40E0A8,0x3FAC64,0x40E0F4
FN_libManis_0040E0F4,0x40E0F4,sub_40E0F4,0x40E0A8,0x33E200;0x3FEDE0
FN_libManis_0040E28C,0x40E28C,sub_40E28C,,0x3F8C90;0x3F8C90;0x33ACE0;0x348310
FN_libManis_0040E5AC,0x40E5AC,sub_40E5AC,,0x3FE928
FN_libManis_0040E610,0x40E610,sub_40E610,,0x3FEB40
FN_libManis_0040E6C4,0x40E6C4,sub_40E6C4,0x3FAC64,0x40E710
FN_libManis_0040E710,0x40E710,sub_40E710,0x40E6C4,0x33E200;0x3FEDE0
FN_libManis_0040E8A8,0x40E8A8,sub_40E8A8,,0x957840;0x957840;0x33ACFC;0x33ACFC;0x3F8E7C;0x3F8E7C;0x3F8E7C;0x3F8E7C;0x3F8E7C;0x3F8E7C
FN_libManis_0040ECC4,0x40ECC4,sub_40ECC4,,0x3FE928
FN_libManis_0040ED28,0x40ED28,sub_40ED28,,0x3FEB40
FN_libManis_0040EDDC,0x40EDDC,sub_40EDDC,0x3FAC64,0x40EE28
FN_libManis_0040EE28,0x40EE28,sub_40EE28,0x40EDDC,0x33E200;0x3FEDE0
FN_libManis_0040EFC0,0x40EFC0,sub_40EFC0,,0x3F8C90
FN_libManis_0040F020,0x40F020,sub_40F020,,0x3FE928
FN_libManis_0040F084,0x40F084,sub_40F084,,0x3FEB40
FN_libManis_0040F138,0x40F138,sub_40F138,0x3FAC64,0x40F184
FN_libManis_0040F184,0x40F184,sub_40F184,0x40F138,0x33E200;0x3FEDE0
FN_libManis_0040F31C,0x40F31C,sub_40F31C,,0x3F90F4;0x3F8C90;0x33ACE0
FN_libManis_0040F400,0x40F400,sub_40F400,,0x3FE928
FN_libManis_0040F464,0x40F464,sub_40F464,,0x3FEB40
FN_libManis_0040F518,0x40F518,sub_40F518,0x3FAC64,0x40F564
FN_libManis_0040F564,0x40F564,sub_40F564,0x40F518,0x33E200;0x3FEDE0
FN_libManis_0040F6FC,0x40F6FC,sub_40F6FC,,0x33ACFC;0x3F8C90;0x33ACE0;0x348310;0x3374AC
FN_libManis_0040F8F8,0x40F8F8,sub_40F8F8,,0x3FE928
FN_libManis_0040F95C,0x40F95C,sub_40F95C,,0x3FEB40
FN_libManis_0040FA10,0x40FA10,sub_40FA10,0x3FAC64,0x40FA5C
FN_libManis_0040FA5C,0x40FA5C,sub_40FA5C,0x40FA10,0x33E200;0x3FEDE0
FN_libManis_0040FBF4,0x40FBF4,sub_40FBF4,,0x3F8C90
FN_libManis_0040FC54,0x40FC54,sub_40FC54,,0x3FE928
FN_libManis_0040FCB8,0x40FCB8,sub_40FCB8,,0x3FEB40
FN_libManis_0040FD6C,0x40FD6C,sub_40FD6C,0x3FAC64,0x40FDB8
FN_libManis_0040FDB8,0x40FDB8,sub_40FDB8,0x40FD6C,0x33E200;0x3FEDE0
FN_libManis_0040FF50,0x40FF50,sub_40FF50,,0x3F8C90;0x33ACE0;0x348310
FN_libManis_00410068,0x410068,sub_410068,,0x3FE928
FN_libManis_004100CC,0x4100CC,sub_4100CC,,0x3FEB40
FN_libManis_00410180,0x410180,sub_410180,0x3FAC64,0x4101CC
FN_libManis_004101CC,0x4101CC,sub_4101CC,0x410180,0x33E200;0x3FEDE0
FN_libManis_00410364,0x410364,sub_410364,,0x3F8C90;0x33ACE0
FN_libManis_00410404,0x410404,sub_410404,,0x3FE928
FN_libManis_00410468,0x410468,sub_410468,,0x3FEB40
FN_libManis_0041051C,0x41051C,sub_41051C,0x3FAC64,0x410568
FN_libManis_00410568,0x410568,sub_410568,0x41051C,0x33E200;0x3FEDE0
FN_libManis_00410700,0x410700,sub_410700,,0x3F8C90;0x33ACFC
FN_libManis_00410A84,0x410A84,sub_410A84,,0x3FE928
FN_libManis_00410AE8,0x410AE8,sub_410AE8,,0x3FEB40
FN_libManis_00410B9C,0x410B9C,sub_410B9C,0x3FAC64,0x410BE8
FN_libManis_00410BE8,0x410BE8,sub_410BE8,0x410B9C,0x33E200;0x3FEDE0
FN_libManis_00410D80,0x410D80,sub_410D80,,0x3F8C90
FN_libManis_00410DE0,0x410DE0,sub_410DE0,,0x3FE928
FN_libManis_00410E44,0x410E44,sub_410E44,,0x3FEB40
FN_libManis_00410EF8,0x410EF8,sub_410EF8,0x3FAC64,0x410F44
FN_libManis_00410F44,0x410F44,sub_410F44,0x410EF8,0x33E200;0x3FEDE0
FN_libManis_004110DC,0x4110DC,sub_4110DC,,0x3F90F4;0x3F8E7C;0x3F8C90;0x33ACE0;0x348310
FN_libManis_0041122C,0x41122C,sub_41122C,,0x3FE928
FN_libManis_00411290,0x411290,sub_411290,,0x3FEB40
FN_libManis_00411344,0x411344,sub_411344,0x3FAC64,0x411390
FN_libManis_00411390,0x411390,sub_411390,0x411344,0x33E200;0x3FEDE0
FN_libManis_00411528,0x411528,sub_411528,,0x3F8C90;0x33ACE0;0x348310
FN_libManis_00411660,0x411660,sub_411660,,0x3FE928
FN_libManis_004116C4,0x4116C4,sub_4116C4,,0x3FEB40
FN_libManis_00411778,0x411778,sub_411778,0x3FAC64,0x4117C4
FN_libManis_004117C4,0x4117C4,sub_4117C4,0x411778,0x33E200;0x3FEDE0
FN_libManis_0041195C,0x41195C,sub_41195C,,0x3F8C90;0x33ACE0;0x348310;0x348310
FN_libManis_00411AC0,0x411AC0,sub_411AC0,,0x3FE928
FN_libManis_00411B24,0x411B24,sub_411B24,,0x3FEB40
FN_libManis_00411BD8,0x411BD8,sub_411BD8,0x3FAC64,0x411C24
FN_libManis_00411C24,0x411C24,sub_411C24,0x411BD8,0x33E200;0x3FEDE0
FN_libManis_00411DBC,0x411DBC,sub_411DBC,,0x3F8C90;0x33ACE0
FN_libManis_00411E98,0x411E98,sub_411E98,,0x3FE928
FN_libManis_00411EFC,0x411EFC,sub_411EFC,,0x3FEB40
FN_libManis_00411FB0,0x411FB0,sub_411FB0,0x3FAC64,0x411FFC
FN_libManis_00411FFC,0x411FFC,sub_411FFC,0x411FB0,0x33E200;0x3FEDE0
FN_libManis_00412194,0x412194,sub_412194,,0x3F90F4;0x33ACFC;0x33ACFC;0x3F8C90;0x3F8C90;0x33ACE0;0x3374AC;0x334CEC;0x348310;0x348310
FN_libManis_0041290C,0x41290C,sub_41290C,,0x3FE928
FN_libManis_00412970,0x412970,sub_412970,,0x3FEB40
FN_libManis_00412A24,0x412A24,sub_412A24,0x3FAC64,0x412A70
FN_libManis_00412A70,0x412A70,sub_412A70,0x412A24,0x33E200;0x3FEDE0
FN_libManis_00412C08,0x412C08,sub_412C08,,0x3F8C90;0x33ACE0;0x348310;0x3374AC;0x3374AC;0x3374AC
FN_libManis_00412E94,0x412E94,sub_412E94,,0x3FE928
FN_libManis_00412EF8,0x412EF8,sub_412EF8,,0x3FEB40
FN_libManis_00412FAC,0x412FAC,sub_412FAC,0x3FAC64,0x412FF8
FN_libManis_00412FF8,0x412FF8,sub_412FF8,0x412FAC,0x33E200;0x3FEDE0
FN_libManis_00413190,0x413190,sub_413190,,0x3F90F4;0x33ACFC;0x3F8C90;0x33ACE0;0x348310
FN_libManis_004139F4,0x4139F4,sub_4139F4,,0x3FE928
FN_libManis_00413A8C,0x413A8C,sub_413A8C,,0x3FEB40
FN_libManis_00413B40,0x413B40,sub_413B40,0x3FAC64,0x413B8C
FN_libManis_00413B8C,0x413B8C,sub_413B8C,0x413B40,0x33E200;0x3FEDE0
FN_libManis_00413D24,0x413D24,sub_413D24,,0x375974;0x3F8C90;0x33ACE0;0x348310;0x3374AC
FN_libManis_00413FD8,0x413FD8,sub_413FD8,,0x3FE928
FN_libManis_0041403C,0x41403C,sub_41403C,,0x3FEB40
FN_libManis_004140F0,0x4140F0,sub_4140F0,0x3FAC64,0x41413C
FN_libManis_0041413C,0x41413C,sub_41413C,0x4140F0,0x33E200;0x3FEDE0
FN_libManis_004142D4,0x4142D4,sub_4142D4,,0x3F8C90
FN_libManis_00414334,0x414334,sub_414334,,0x3FE928
FN_libManis_00414398,0x414398,sub_414398,,0x3FEB40
FN_libManis_0041444C,0x41444C,sub_41444C,0x3FAC64,0x414498
FN_libManis_00414498,0x414498,sub_414498,0x41444C,0x33E200;0x3FEDE0
FN_libManis_00414630,0x414630,sub_414630,,0x3F8C90;0x33ACE0
FN_libManis_00414D5C,0x414D5C,sub_414D5C,,0x3FE928
FN_libManis_00414DC0,0x414DC0,sub_414DC0,,0x3FEB40
FN_libManis_00414E74,0x414E74,sub_414E74,0x3FAC64,0x414EC0
FN_libManis_00414EC0,0x414EC0,sub_414EC0,0x414E74,0x33E200;0x3FEDE0
FN_libManis_00415058,0x415058,sub_415058,,0x3F8C90
FN_libManis_004150B8,0x4150B8,sub_4150B8,,0x3FE928
FN_libManis_0041511C,0x41511C,sub_41511C,,0x3FEB40
FN_libManis_004151D0,0x4151D0,sub_4151D0,0x3FAC64,0x41521C
FN_libManis_0041521C,0x41521C,sub_41521C,0x4151D0,0x33E200;0x3FEDE0
FN_libManis_004153B4,0x4153B4,sub_4153B4,,0x3F90F4;0x33E200;0x3F8C90;0x33ACE0;0x3A1A74;0x348310;0x334CEC;0x348310
FN_libManis_00415B70,0x415B70,sub_415B70,,0x3FE928
FN_libManis_00415BF8,0x415BF8,sub_415BF8,,0x3FEB40
FN_libManis_00415CAC,0x415CAC,sub_415CAC,0x3FAC64,0x415CF8
FN_libManis_00415CF8,0x415CF8,sub_415CF8,0x415CAC,0x33E200;0x3FEDE0
FN_libManis_00415E90,0x415E90,sub_415E90,,0x3F8C90
FN_libManis_00415EF0,0x415EF0,sub_415EF0,,0x3FE928
FN_libManis_00415F54,0x415F54,sub_415F54,,0x3FEB40
FN_libManis_00416008,0x416008,sub_416008,0x3FAC64,0x416054
FN_libManis_00416054,0x416054,sub_416054,0x416008,0x33E200;0x3FEDE0
FN_libManis_004161EC,0x4161EC,sub_4161EC,,0x3F90F4;0x3F90F4;0x3F8C90;0x33ACE0;0x4009AC;0x4009AC;0x416A18;0x33ACFC;0x4009AC;0x4009AC
FN_libManis_00416708,0x416708,sub_416708,,0x3FE928
FN_libManis_0041676C,0x41676C,sub_41676C,,0x3FEB40
FN_libManis_00416820,0x416820,sub_416820,0x4161EC,0x33BD20;0x33BD20;0x33BD20;0x33BD20;0x33BD20
FN_libManis_00416A18,0x416A18,sub_416A18,0x4161EC,0x416B90
FN_libManis_00416B90,0x416B90,sub_416B90,0x416A18,0x33BD20;0x33BD20;0x33BD20;0x33BD20;0x33BD20
FN_libManis_00416CAC,0x416CAC,sub_416CAC,0x3FAC64,0x416CF8
FN_libManis_00416CF8,0x416CF8,sub_416CF8,0x416CAC,0x33E200;0x3FEDE0
FN_libManis_00416E90,0x416E90,sub_416E90,,0x375974;0x3F8C90;0x33ACE0;0x338E1C;0x3F8C90;0x33ACE0;0x348310;0x3374AC
FN_libManis_004175F0,0x4175F0,sub_4175F0,,0x3FE928
FN_libManis_0041771C,0x41771C,sub_41771C,,0x3FEB40
FN_libManis_004177D0,0x4177D0,sub_4177D0,0x3FAC64,0x41781C
FN_libManis_0041781C,0x41781C,sub_41781C,0x4177D0,0x33E200;0x3FEDE0
FN_libManis_004179B4,0x4179B4,sub_4179B4,,0x3F90F4;0x3F90F4;0x3F8C90
FN_libManis_00417A58,0x417A58,sub_417A58,,0x3FE928
FN_libManis_00417ABC,0x417ABC,sub_417ABC,,0x3FEB40
FN_libManis_00417B70,0x417B70,sub_417B70,0x3FAC64,0x417BBC
FN_libManis_00417BBC,0x417BBC,sub_417BBC,0x417B70,0x33E200;0x3FEDE0
FN_libManis_00417D54,0x417D54,sub_417D54,,0x3F8C90
FN_libManis_00417DB4,0x417DB4,sub_417DB4,,0x3FE928
FN_libManis_00417E18,0x417E18,sub_417E18,,0x3FEB40
FN_libManis_00417ECC,0x417ECC,sub_417ECC,0x3FAC64,0x417F18
FN_libManis_00417F18,0x417F18,sub_417F18,0x417ECC,0x33E200;0x3FEDE0
FN_libManis_004180B0,0x4180B0,sub_4180B0,,0x3FE6E0;0x33AEDC;0x33AEFC;0x33B970;0x33B970
FN_libManis_00418904,0x418904,sub_418904,,0x3FE928
FN_libManis_00418968,0x418968,sub_418968,,0x3FEB40
FN_libManis_00418A20,0x418A20,sub_418A20,0x3FAC64,0x418A6C
FN_libManis_00418A6C,0x418A6C,sub_418A6C,0x418A20,0x33E200;0x3FEDE0
FN_libManis_00418C04,0x418C04,sub_418C04,,0x3F8C90;0x33ACE0;0x348310
FN_libManis_00418CF4,0x418CF4,sub_418CF4,,0x3FE928
FN_libManis_00418D58,0x418D58,sub_418D58,,0x3FEB40
FN_libManis_00418E0C,0x418E0C,sub_418E0C,0x3FAC64,0x418E58
FN_libManis_00418E58,0x418E58,sub_418E58,0x418E0C,0x33E200;0x3FEDE0
FN_libManis_00418FF0,0x418FF0,sub_418FF0,,0x33ACFC;0x3F8E7C;0x3F8E7C;0x3F8E7C;0x3F8E7C;0x3F8E7C;0x3F8C90;0x33ACFC
FN_libManis_004192D4,0x4192D4,sub_4192D4,,0x3FE928
FN_libManis_00419338,0x419338,sub_419338,,0x3FEB40
FN_libManis_004193EC,0x4193EC,sub_4193EC,0x3FAC64,0x419438
FN_libManis_00419438,0x419438,sub_419438,0x4193EC,0x33E200;0x3FEDE0
FN_libManis_004195D0,0x4195D0,sub_4195D0,,0x3F8C90;0x33ACE0;0x348310
FN_libManis_00419710,0x419710,sub_419710,,0x3FE928
FN_libManis_00419774,0x419774,sub_419774,,0x3FEB40
FN_libManis_00419828,0x419828,sub_419828,0x3FAC64,0x419874
FN_libManis_00419874,0x419874,sub_419874,0x419828,0x33E200;0x3FEDE0
FN_libManis_00419A0C,0x419A0C,sub_419A0C,,0x3F8C90
FN_libManis_00419A6C,0x419A6C,sub_419A6C,,0x3FE928
FN_libManis_00419AD0,0x419AD0,sub_419AD0,,0x3FEB40
FN_libManis_00419B84,0x419B84,sub_419B84,0x3FAC64,0x419BD0
FN_libManis_00419BD0,0x419BD0,sub_419BD0,0x419B84,0x33E200;0x3FEDE0
FN_libManis_00419D68,0x419D68,sub_419D68,,0x3F8C90
FN_libManis_00419DC8,0x419DC8,sub_419DC8,,0x3FE928
FN_libManis_00419E2C,0x419E2C,sub_419E2C,,0x3FEB40
FN_libManis_00419EE0,0x419EE0,sub_419EE0,0x3FAC64,0x419F2C
FN_libManis_00419F2C,0x419F2C,sub_419F2C,0x419EE0,0x33E200;0x3FEDE0
FN_libManis_0041A0C4,0x41A0C4,sub_41A0C4,,0x3F8C90;0x33ACE0
FN_libManis_0041A168,0x41A168,sub_41A168,,0x3FE928
FN_libManis_0041A1CC,0x41A1CC,sub_41A1CC,,0x3FEB40
FN_libManis_0041A280,0x41A280,sub_41A280,0x3FAC64,0x41A2CC
FN_libManis_0041A2CC,0x41A2CC,sub_41A2CC,0x41A280,0x33E200;0x3FEDE0
FN_libManis_0041A464,0x41A464,sub_41A464,,0x3F90F4;0x3F90F4;0x3F8C90;0x33ACE0;0x3F90F4;0x3F90F4;0x3F90F4;0x375974;0x3F8C90;0x33ACE0
FN_libManis_0041AD34,0x41AD34,sub_41AD34,,0x3FE928
FN_libManis_0041ADDC,0x41ADDC,sub_41ADDC,,0x3FEB40
FN_libManis_0041AE90,0x41AE90,sub_41AE90,0x3FAC64,0x41AEDC
FN_libManis_0041AEDC,0x41AEDC,sub_41AEDC,0x41AE90,0x33E200;0x3FEDE0
FN_libManis_0041B074,0x41B074,sub_41B074,,0x3F8C90
FN_libManis_0041B0D4,0x41B0D4,sub_41B0D4,,0x3FE928
FN_libManis_0041B138,0x41B138,sub_41B138,,0x3FEB40
FN_libManis_0041B1EC,0x41B1EC,sub_41B1EC,0x3FAC64,0x41B238
FN_libManis_0041B238,0x41B238,sub_41B238,0x41B1EC,0x33E200;0x3FEDE0
FN_libManis_0041B3D0,0x41B3D0,sub_41B3D0,,0x3F8C90
FN_libManis_0041B430,0x41B430,sub_41B430,,0x3FE928
FN_libManis_0041B494,0x41B494,sub_41B494,,0x3FEB40
FN_libManis_0041B548,0x41B548,sub_41B548,0x3FAC64,0x41B594
FN_libManis_0041B594,0x41B594,sub_41B594,0x41B548,0x33E200;0x3FEDE0
FN_libManis_0041B72C,0x41B72C,sub_41B72C,,0x3F8E7C;0x3F8E7C;0x3F8E7C;0x3F8E7C;0x3F8C90;0x33ACE0
FN_libManis_0041B864,0x41B864,sub_41B864,,0x3FE928
FN_libManis_0041B8C8,0x41B8C8,sub_41B8C8,,0x3FEB40
FN_libManis_0041B97C,0x41B97C,sub_41B97C,0x3FAC64,0x41B9C8
FN_libManis_0041B9C8,0x41B9C8,sub_41B9C8,0x41B97C,0x33E200;0x3FEDE0
FN_libManis_0041BB60,0x41BB60,sub_41BB60,,0x957840;0x3F8E7C;0x3F8C90;0x33ACE0;0x957870;0x3374AC;0x334CEC;0x348310;0x348310;0x3374AC
FN_libManis_0041C0B4,0x41C0B4,sub_41C0B4,,0x368358;0x957840;0x957870;0x957870;0x3F8E7C;0x3FEC50;0x957870;0x368358;0x957840;0x957870
FN_libManis_0041C3AC,0x41C3AC,sub_41C3AC,,0x3FE928
FN_libManis_0041C434,0x41C434,sub_41C434,,0x3FEB40
FN_libManis_0041C4E8,0x41C4E8,sub_41C4E8,0x3FAC64,0x41C534
FN_libManis_0041C534,0x41C534,sub_41C534,0x41C4E8,0x33E200;0x3FEDE0
FN_libManis_0041C6CC,0x41C6CC,sub_41C6CC,,0x3F90F4;0x3F8C90;0x33ACE0;0x33ACFC;0x348310
FN_libManis_0041C9CC,0x41C9CC,sub_41C9CC,,0x3FE928
FN_libManis_0041CA30,0x41CA30,sub_41CA30,,0x3FEB40
FN_libManis_0041CAE4,0x41CAE4,sub_41CAE4,0x3FAC64,0x41CB30
FN_libManis_0041CB30,0x41CB30,sub_41CB30,0x41CAE4,0x33E200;0x3FEDE0
FN_libManis_0041CCC8,0x41CCC8,sub_41CCC8,,0x3F8E7C;0x3F8C90;0x3F8C90;0x33ACE0;0x3F8C90
FN_libManis_0041CF84,0x41CF84,sub_41CF84,,0x3FE928
FN_libManis_0041CFE8,0x41CFE8,sub_41CFE8,,0x3FEB40
FN_libManis_0041D09C,0x41D09C,sub_41D09C,0x3FAC64,0x41D0E8
FN_libManis_0041D0E8,0x41D0E8,sub_41D0E8,0x41D09C,0x33E200;0x3FEDE0
FN_libManis_0041D280,0x41D280,sub_41D280,,0x3F8E7C;0x3F8C90;0x33ACE0
FN_libManis_0041D374,0x41D374,sub_41D374,,0x3FE928
FN_libManis_0041D3D8,0x41D3D8,sub_41D3D8,,0x3FEB40
FN_libManis_0041D48C,0x41D48C,sub_41D48C,0x3FAC64,0x41D4D8
FN_libManis_0041D4D8,0x41D4D8,sub_41D4D8,0x41D48C,0x33E200;0x3FEDE0
FN_libManis_0041D670,0x41D670,sub_41D670,,0x3F8C90;0x33ACE0;0x348310
FN_libManis_0041D7C0,0x41D7C0,sub_41D7C0,,0x3FE928
FN_libManis_0041D824,0x41D824,sub_41D824,,0x3FEB40
FN_libManis_0041D8D8,0x41D8D8,sub_41D8D8,0x3FAC64,0x41D924
FN_libManis_0041D924,0x41D924,sub_41D924,0x41D8D8,0x33E200;0x3FEDE0
FN_libManis_0041DABC,0x41DABC,sub_41DABC,,0x33ACFC;0x3F8E7C;0x33ACFC;0x3F8C90;0x3F8C90;0x33ACE0;0x348310
FN_libManis_0041DD24,0x41DD24,sub_41DD24,,0x3FE928
FN_libManis_0041DD88,0x41DD88,sub_41DD88,,0x3FEB40
FN_libManis_0041DE3C,0x41DE3C,sub_41DE3C,0x3FAC64,0x41DE88
FN_libManis_0041DE88,0x41DE88,sub_41DE88,0x41DE3C,0x33E200;0x3FEDE0
FN_libManis_0041E020,0x41E020,sub_41E020,,0x3F8C90
FN_libManis_0041E080,0x41E080,sub_41E080,,0x3FE928
FN_libManis_0041E0E4,0x41E0E4,sub_41E0E4,,0x3FEB40
FN_libManis_0041E198,0x41E198,sub_41E198,0x3FAC64,0x41E1E4
FN_libManis_0041E1E4,0x41E1E4,sub_41E1E4,0x41E198,0x33E200;0x3FEDE0
FN_libManis_0041E37C,0x41E37C,sub_41E37C,,0x3F90F4;0x33E200;0x33ACFC;0x3F8C90;0x33ACE0;0x41EAF0;0x348310
FN_libManis_0041E9D8,0x41E9D8,sub_41E9D8,,0x3FE928
FN_libManis_0041EA3C,0x41EA3C,sub_41EA3C,,0x3FEB40
FN_libManis_0041EAF0,0x41EAF0,sub_41EAF0,0x41E37C;0x41EAF4;0x41EAF4,
FN_libManis_0041EAF4,0x41EAF4,sub_41EAF4,,0x41EAF0;0x41EAF0
FN_libManis_0041EB34,0x41EB34,sub_41EB34,0x3FAC64,0x41EB80
FN_libManis_0041EB80,0x41EB80,sub_41EB80,0x41EB34,0x33E200;0x3FEDE0
FN_libManis_0041ED18,0x41ED18,sub_41ED18,,0x3F8E7C;0x3F8E7C;0x3F8E7C;0x3F8C90;0x33ACE0;0x33ACFC
FN_libManis_0041F888,0x41F888,sub_41F888,,0x3FE928
FN_libManis_0041F8EC,0x41F8EC,sub_41F8EC,,0x3FEB40
FN_libManis_0041F9A0,0x41F9A0,sub_41F9A0,0x3FA7C0,0x41FA30
FN_libManis_0041FA30,0x41FA30,sub_41FA30,0x41F9A0,0x3C6390;0x3C6654
FN_libManis_0041FB48,0x41FB48,sub_41FB48,,0x33ACE0;0x33AEDC;0x33B970;0x33B970;0x33AD30;0x33ACE0
FN_libManis_00420010,0x420010,sub_420010,,0x957840;0x32F644;0x32F6E0;0x459D14;0x3300F8;0x459D14;0x32FF38;0x33ACE0;0x33ACE0;0x957870
FN_libManis_004201FC,0x4201FC,sub_4201FC,,0x459D14;0x32F6E0;0x459D14;0x330108;0x957870;0x33ACE0
FN_libManis_004203B4,0x4203B4,sub_4203B4,0x3FA7C0,0x420444
FN_libManis_00420444,0x420444,sub_420444,0x4203B4,0x3C6390;0x3C6654
FN_libManis_0042055C,0x42055C,sub_42055C,,0x33ACE0;0x33AEDC;0x33B970;0x33B970;0x33AD30;0x957840;0x957840;0x957870;0x513168;0x957870
FN_libManis_00420B10,0x420B10,sub_420B10,,0x33BD20;0x33BD20;0x33ACE0
FN_libManis_00420D14,0x420D14,sub_420D14,,0x33BD20;0x33BD20;0x33ACE0
FN_libManis_00420FEC,0x420FEC,sub_420FEC,,0x957870
FN_libManis_00421080,0x421080,sub_421080,0x4CEC54;0x4CEC54;0x5118C8;0x5118C8;0x5118C8,
FN_libManis_00421128,0x421128,sub_421128,0x4CECDC;0x4CECDC;0x4CECDC;0x4CECDC;0x4CECDC;0x4CECDC;0x50F480;0x50F480;0x50F480,0x33ACFC;0x33ACE0;0x348310;0x348310;0x348310
FN_libManis_00421A18,0x421A18,sub_421A18,0x4A44F8,0x3F8E7C;0x3F8E7C;0x3F90F4;0x3F90F4;0x3F8E7C;0x3F90F4;0x3F90F4;0x3F90F4;0x44DB54;0x3F90F4
FN_libManis_00421D20,0x421D20,sub_421D20,0x4A44F8,0x3F8E7C;0x3F8E7C;0x3F90F4;0x3F90F4;0x3F90F4;0x44DB54;0x33ACE0
FN_libManis_00421F98,0x421F98,sub_421F98,0x4A44F8,0x3F8E7C;0x3F8E7C;0x3F8E7C;0x3F90F4;0x3F8E7C;0x3F90F4;0x44DB54;0x33ACE0
FN_libManis_00422268,0x422268,sub_422268,0x4A44F8;0x58D218,0x3F90F4;0x3F8E7C;0x3F90F4;0x3F90F4;0x3F90F4;0x44DB54;0x33ACE0
FN_libManis_00422500,0x422500,sub_422500,0x42B944,0x3F8E7C;0x3F8E7C;0x3F8CD8;0x3F8CD8;0x3F8CD8;0x3F8CD8;0x3F97D0;0x33AEDC;0x33AEFC;0x33B970
FN_libManis_004233A0,0x4233A0,sub_4233A0,0x427AC8;0x5386A4,0x3F90F4
FN_libManis_004239E4,0x4239E4,sub_4239E4,0x424210;0x579AF4,0x3F90F4
FN_libManis_00424210,0x424210,sub_424210,0x42C08C,0x3F8650;0x3F8CD8;0x3F8CD8;0x3F8CD8;0x3F8CD8;0x3F940C;0x3F97D0;0x33AEDC;0x33AEFC;0x33B970
FN_libManis_00427AC8,0x427AC8,sub_427AC8,0x42C08C,0x3F8650;0x3F8CD8;0x3F8CD8;0x3F8CD8;0x3F8CD8;0x3F940C;0x3F97D0;0x33AEDC;0x33AEFC;0x33B970
FN_libManis_0042B944,0x42B944,sub_42B944,0x4A6744,0x3F8E7C;0x3F8E7C;0x957840;0x3FEC50;0x957870;0x3F8650;0x957870;0x422500;0x33AEDC;0x33ACE0
FN_libManis_0042C08C,0x42C08C,sub_42C08C,0x4A6744,0x3F8650;0x444CEC;0x33AEDC;0x33AEFC;0x33B970;0x33B970;0x957840;0x3F8E7C;0x3F8E7C;0x3F8E7C
FN_libManis_0042CCEC,0x42CCEC,sub_42CCEC,0x5A3F48;0x5A52E0,0x3F8CD8;0x3F97D0;0x33AEDC;0x33AEFC;0x33B970;0x3F8CD8;0x3F8CD8;0x3F8CD8;0x3F8CD8;0x3F97D0
FN_libManis_0042D740,0x42D740,sub_42D740,,0x64E600;0x3F8650;0x3F8CD8;0x3F940C;0x3F97D0;0x33AEDC;0x33AEFC;0x33B970;0x33B970;0x64E6C4
FN_libManis_0042EB10,0x42EB10,sub_42EB10,,0x64E600;0x3F8650;0x3F8CD8;0x3F97D0;0x33AEDC;0x3F8650;0x3F8650;0x3F8CD8;0x3F97D0;0x33AEDC
FN_libManis_00430158,0x430158,sub_430158,,0x957840;0x3F8650;0x3F8650;0x3F8CD8;0x3F8CD8;0x3F8CD8;0x3F8CD8;0x3F940C;0x3F97D0;0x33AEDC
FN_libManis_00431354,0x431354,sub_431354,,0x957840;0x3F8650;0x3F8650;0x3F8CD8;0x3F8CD8;0x3F8CD8;0x3F8CD8;0x3F940C;0x3F97D0;0x33AEDC
FN_libManis_00432620,0x432620,sub_432620,,0x957840;0x3F8650;0x3F8650;0x3F8CD8;0x3F8CD8;0x3F8CD8;0x3F8CD8;0x3F940C;0x3F97D0;0x33AEDC
FN_libManis_004338E0,0x4338E0,sub_4338E0,0x5B8B64,
FN_libManis_00433A8C,0x433A8C,sub_433A8C,0x579AF4;0x57D760,
FN_libManis_00433C50,0x433C50,sub_433C50,,0x44E768
FN_libManis_00433D6C,0x433D6C,sub_433D6C,,0x44DB8C
FN_libManis_00433E2C,0x433E2C,sub_433E2C,,0x44F2A8;0x4348A0;0x4348A0;0x4348A0;0x4348A0;0x4348A0;0x4348A0;0x4348A0;0x4348A0;0x4348A0
FN_libManis_004348A0,0x4348A0,sub_4348A0,0x433E2C;0x433E2C;0x433E2C;0x433E2C;0x433E2C;0x433E2C;0x433E2C;0x433E2C;0x433E2C;0x433E2C,0x435208;0x435208;0x435208;0x435208;0x435208;0x435208;0x435208;0x435208;0x435208;0x33ACFC
FN_libManis_00435208,0x435208,sub_435208,0x4348A0;0x4348A0;0x4348A0;0x4348A0;0x4348A0;0x4348A0;0x4348A0;0x4348A0;0x4348A0,0x435DC8;0x435DC8;0x435DC8;0x435DC8;0x435DC8;0x435DC8;0x435DC8;0x435DC8;0x435DC8;0x435DC8
FN_libManis_00435DC8,0x435DC8,sub_435DC8,0x435208;0x435208;0x435208;0x435208;0x435208;0x435208;0x435208;0x435208;0x435208;0x435208,0x436734;0x436734;0x436734;0x436734;0x436734;0x436734;0x436734;0x436734;0x436734;0x33ACFC
FN_libManis_00436734,0x436734,sub_436734,0x435DC8;0x435DC8;0x435DC8;0x435DC8;0x435DC8;0x435DC8;0x435DC8;0x435DC8;0x435DC8,0x4372F4;0x4372F4;0x4372F4;0x4372F4;0x4372F4;0x4372F4;0x4372F4;0x4372F4;0x4372F4;0x4372F4
FN_libManis_004372F4,0x4372F4,sub_4372F4,0x436734;0x436734;0x436734;0x436734;0x436734;0x436734;0x436734;0x436734;0x436734;0x436734,0x437C68;0x437C68;0x437C68;0x437C68;0x437C68;0x437C68;0x437C68;0x437C68;0x437C68;0x33ACFC
FN_libManis_00437C68,0x437C68,sub_437C68,0x4372F4;0x4372F4;0x4372F4;0x4372F4;0x4372F4;0x4372F4;0x4372F4;0x4372F4;0x4372F4,0x43882C;0x43882C;0x43882C;0x43882C;0x43882C;0x43882C;0x43882C;0x43882C;0x43882C;0x43882C
FN_libManis_0043882C,0x43882C,sub_43882C,0x437C68;0x437C68;0x437C68;0x437C68;0x437C68;0x437C68;0x437C68;0x437C68;0x437C68;0x437C68,0x439198;0x439198;0x439198;0x439198;0x439198;0x439198;0x439198;0x439198;0x439198;0x33ACFC
FN_libManis_00439198,0x439198,sub_439198,0x43882C;0x43882C;0x43882C;0x43882C;0x43882C;0x43882C;0x43882C;0x43882C;0x43882C,0x439D54;0x439D54;0x439D54;0x439D54;0x439D54;0x439D54;0x439D54;0x439D54;0x439D54;0x439D54
FN_libManis_00439D54,0x439D54,sub_439D54,0x439198;0x439198;0x439198;0x439198;0x439198;0x439198;0x439198;0x439198;0x439198;0x439198,0x43A6C8;0x43A6C8;0x43A6C8;0x43A6C8;0x43A6C8;0x43A6C8;0x43A6C8;0x43A6C8;0x43A6C8;0x33ACFC
FN_libManis_0043A6C8,0x43A6C8,sub_43A6C8,0x439D54;0x439D54;0x439D54;0x439D54;0x439D54;0x439D54;0x439D54;0x439D54;0x439D54,0x43B28C;0x43B28C;0x43B28C;0x43B28C;0x43B28C;0x43B28C;0x43B28C;0x43B28C;0x43B28C;0x43B28C
FN_libManis_0043B28C,0x43B28C,sub_43B28C,0x43A6C8;0x43A6C8;0x43A6C8;0x43A6C8;0x43A6C8;0x43A6C8;0x43A6C8;0x43A6C8;0x43A6C8;0x43A6C8,0x43BBF8;0x43BBF8;0x43BBF8;0x43BBF8;0x43BBF8;0x43BBF8;0x43BBF8;0x43BBF8;0x43BBF8;0x33ACFC
FN_libManis_0043BBF8,0x43BBF8,sub_43BBF8,0x43B28C;0x43B28C;0x43B28C;0x43B28C;0x43B28C;0x43B28C;0x43B28C;0x43B28C;0x43B28C,
FN_libManis_0043BF90,0x43BF90,sub_43BF90,0x4C9444;0x4C9444;0x4C9444,0x957840;0x43CA0C;0x43CA0C;0x43CFBC
FN_libManis_0043CA0C,0x43CA0C,sub_43CA0C,0x43BF90;0x43BF90,0x43F944;0x43F944;0x43F944;0x43F944;0x43F944
FN_libManis_0043CFBC,0x43CFBC,sub_43CFBC,0x43BF90,0x38D940;0x38D940;0x38D940;0x38D940;0x38D940;0x38D940;0x38D940;0x38D940;0x38D940;0x38D940
FN_libManis_0043D3B0,0x43D3B0,sub_43D3B0,0x43E91C,0x383DB0;0x43E02C
FN_libManis_0043E02C,0x43E02C,sub_43E02C,0x43D3B0,
FN_libManis_0043E91C,0x43E91C,sub_43E91C,0x4C9444;0x4C9444;0x4C9444,0x43D3B0
FN_libManis_0043F944,0x43F944,sub_43F944,0x43CA0C;0x43CA0C;0x43CA0C;0x43CA0C;0x43CA0C;0x59BA48;0x72A5E8,0x358C44
FN_libManis_0043F9C8,0x43F9C8,sub_43F9C8,0x440628;0x440628;0x440628;0x440628;0x440628;0x440628;0x440628;0x440628;0x440628;0x440628,0x34E5B8;0x338E1C;0x43FE20
FN_libManis_0043FE20,0x43FE20,sub_43FE20,0x43F9C8,0x334CEC
FN_libManis_0043FFF8,0x43FFF8,sub_43FFF8,0x440628;0x440628;0x440628;0x4CB7FC;0x4CB7FC;0x4CB7FC,0x34E5B8;0x338E1C;0x440450
FN_libManis_00440450,0x440450,sub_440450,0x43FFF8,0x334CEC
FN_libManis_00440628,0x440628,sub_440628,,0x43F9C8;0x43F9C8;0x43F9C8;0x43F9C8;0x43F9C8;0x43F9C8;0x43F9C8;0x43F9C8;0x43F9C8;0x43F9C8
FN_libManis_00440AF0,0x440AF0,sub_440AF0,0x4C08F4;0x4C15CC;0x504EB8,0x442404;0x441608;0x4416A4;0x343DA4;0x33ACFC;0x33ACE0;0x35DA78
FN_libManis_00441608,0x441608,sub_441608,0x440AF0,0x442404
FN_libManis_004416A4,0x4416A4,sub_4416A4,0x440AF0,0x442404
FN_libManis_00441740,0x441740,sub_441740,0x503FB4;0x503FB4;0x505FF8;0x505FF8,
FN_libManis_00441C88,0x441C88,sub_441C88,0x504EB8,
FN_libManis_00441CFC,0x441CFC,sub_441CFC,0x504EB8,0x44217C;0x44217C
FN_libManis_0044217C,0x44217C,sub_44217C,0x441CFC;0x441CFC,0x36BB44
FN_libManis_00442368,0x442368,sub_442368,0x504EB8,
FN_libManis_00442404,0x442404,sub_442404,0x440AF0;0x441608;0x4416A4,
FN_libManis_00442688,0x442688,sub_442688,0x461C00;0x4A6744;0x4CDB8C;0x4D6A2C;0x4DC7A0;0x563D98;0x5882A4;0x591410;0x59D180;0x5A1244,0x3F8E7C;0x3F8E7C;0x3F8E7C;0x3F8E7C;0x3F8E7C;0x3F8E7C;0x3F8E7C;0x3F8E7C;0x3F8E7C;0x3F8E7C
FN_libManis_00443B90,0x443B90,sub_443B90,0x442688;0x444CEC;0x5D1A24;0x5D1A24;0x714234;0x714234;0x714234;0x714234;0x714234;0x71CBC0,0x957840;0x957870
FN_libManis_00443C14,0x443C14,sub_443C14,0x4ABD80;0x56B584;0x56CD18;0x5729FC;0x573B00;0x574CA8;0x5AD100;0x5AD100,0x35857C;0x35857C;0x35857C;0x35857C;0x35857C;0x35857C;0x35857C;0x35857C;0x35857C;0x35857C
FN_libManis_004444CC,0x4444CC,sub_4444CC,0x430158;0x431354;0x432620;0x563D98;0x575E40;0x5771B4;0x57866C,0x35852C;0x35852C;0x35852C;0x35852C;0x35852C;0x35852C;0x35852C;0x35852C;0x35852C;0x35852C
FN_libManis_00444CEC,0x444CEC,sub_444CEC,0x42C08C;0x460C14;0x4CCCD4;0x587888;0x591EFC;0x59F91C;0x5A29B4;0x5A52E0;0x5A8C84,0x3F8E7C;0x3F8E7C;0x3F8E7C;0x3F8E7C;0x3F8E7C;0x3F8E7C;0x3F8E7C;0x3F8E7C;0x33ACFC;0x3F8E7C
FN_libManis_00446208,0x446208,sub_446208,0x4E52FC,0x4469A0;0x3374AC;0x3374AC;0x3374AC;0x3374AC;0x3374AC
FN_libManis_004469A0,0x4469A0,sub_4469A0,0x446208,0x348310;0x3374AC;0x3374AC
FN_libManis_00446F14,0x446F14,sub_446F14,0x4E52FC,0x4477A8;0x3374AC;0x3374AC;0x3374AC;0x3374AC;0x3374AC
FN_libManis_004477A8,0x4477A8,sub_4477A8,0x446F14,0x348310;0x3374AC;0x3374AC
FN_libManis_00447D18,0x447D18,sub_447D18,0x4CDB8C;0x591410,
FN_libManis_00448134,0x448134,sub_448134,0x4CDB8C;0x591410,
FN_libManis_004490A0,0x4490A0,sub_4490A0,0x461C00;0x5882A4,
FN_libManis_004497BC,0x4497BC,sub_4497BC,0x461C00;0x5882A4,
FN_libManis_00449D4C,0x449D4C,sub_449D4C,0x4D6A2C,
FN_libManis_0044A000,0x44A000,sub_44A000,0x4D6A2C,
FN_libManis_0044A294,0x44A294,sub_44A294,0x4CCCD4;0x591EFC,
FN_libManis_0044AA8C,0x44AA8C,sub_44AA8C,0x4CCCD4;0x591EFC,
FN_libManis_0044AFB8,0x44AFB8,sub_44AFB8,0x460C14,0x3F8E7C;0x3F8E7C;0x3F8E7C;0x3F8E7C
FN_libManis_0044B6E4,0x44B6E4,sub_44B6E4,0x460C14;0x587888,
FN_libManis_0044BB3C,0x44BB3C,sub_44BB3C,0x460C14;0x460C14;0x587888;0x587888,
FN_libManis_0044DB54,0x44DB54,sub_44DB54,0x421A18;0x421D20;0x421F98;0x422268;0x51C488;0x51C488;0x51C488,
FN_libManis_0044DB8C,0x44DB8C,sub_44DB8C,0x433D6C;0x44DE28;0x44F574;0x51910C;0x51C068;0x51C068;0x51C068;0x51C068;0x51C068;0x51C068,
FN_libManis_0044DE28,0x44DE28,sub_44DE28,,0x44DB8C
FN_libManis_0044DE9C,0x44DE9C,sub_44DE9C,0x4642EC;0x4A2A14;0x4A6744;0x4A6744;0x4AA130;0x4AA130;0x4B4CEC;0x4B4CEC;0x4EE8B4;0x58A13C,
FN_libManis_0044E1EC,0x44E1EC,sub_44E1EC,0x4A44F8;0x58D598,0x3707FC
FN_libManis_0044E768,0x44E768,sub_44E768,0x433C50;0x51C488;0x51C488;0x51C488;0x51C488;0x51C488;0x51C488;0x51C488,
FN_libManis_0044E7B4,0x44E7B4,sub_44E7B4,0x4642EC;0x4642EC;0x58A13C;0x58A13C,
FN_libManis_0044ECFC,0x44ECFC,sub_44ECFC,0x44F1F8;0x518E38,
FN_libManis_0044F1F8,0x44F1F8,sub_44F1F8,,0x44ECFC
FN_libManis_0044F2A8,0x44F2A8,sub_44F2A8,0x433E2C;0x51BDA0,
FN_libManis_0044F33C,0x44F33C,sub_44F33C,0x4EBA5C,
FN_libManis_0044F56C,0x44F56C,sub_44F56C,0x4EE8B4;0x4EE8B4;0x4EE8B4,
FN_libManis_0044F574,0x44F574,sub_44F574,,0x44DB8C
FN_libManis_0044F620,0x44F620,sub_44F620,0x53FC94,
FN_libManis_0044F870,0x44F870,sub_44F870,0x53FC94,
FN_libManis_0044F8D4,0x44F8D4,sub_44F8D4,0x4CBCC4;0x53FC94;0x5907A0;0x5B8B64,
FN_libManis_0044F91C,0x44F91C,sub_44F91C,0x452750;0x4CBCC4;0x58771C;0x5907A0;0x5B8B64,0x957870
FN_libManis_0044FA00,0x44FA00,sub_44FA00,0x4CBCC4;0x53FC94;0x5907A0;0x5B8B64,0x45012C;0x45012C;0x45012C;0x957870
FN_libManis_0044FD2C,0x44FD2C,sub_44FD2C,0x4CBCC4;0x53FC94;0x5907A0;0x5B8B64,0x35DA78
FN_libManis_0045012C,0x45012C,sub_45012C,0x44FA00;0x44FA00;0x44FA00,
FN_libManis_00452750,0x452750,sub_452750,,0x44F91C
FN_libManis_00452774,0x452774,sub_452774,0x50DD64,
FN_libManis_0045380C,0x45380C,sub_45380C,0x50DD64,
FN_libManis_0045393C,0x45393C,sub_45393C,0x50DD64,
FN_libManis_00453960,0x453960,sub_453960,0x50DD64,
FN_libManis_00453A44,0x453A44,sub_453A44,,0x3DA760;0x957840;0x957870
FN_libManis_00453B34,0x453B34,sub_453B34,,0x8CF94C;0x8CFE4C;0x32F644;0x8E8868;0x8E8868;0x957870
FN_libManis_00453CF4,0x453CF4,sub_453CF4,,0x3DA760;0x3DB3C4;0x957840;0x957870
FN_libManis_00453DCC,0x453DCC,sub_453DCC,,0x3DEF44;0x3DDAF0;0x3DDC9C
FN_libManis_00453ECC,0x453ECC,sub_453ECC,0x3FAA64,0x453F18
FN_libManis_00453F18,0x453F18,sub_453F18,0x453ECC,0x33E200;0x45A994
FN_libManis_004540B0,0x4540B0,sub_4540B0,0x4BBD38;0x4BBD38;0x4C2A28;0x4F119C,
FN_libManis_00454154,0x454154,sub_454154,0x45462C;0x4BDC90,0x33AEDC;0x33B970;0x33B970;0x3F4630
FN_libManis_0045462C,0x45462C,sub_45462C,,0x454154
FN_libManis_00454650,0x454650,sub_454650,,0x454F94;0x33AD18;0x33AEDC;0x33AEFC;0x33B970;0x3EC9C4;0x33AD18;0x33AEDC;0x33AEFC;0x33B970
FN_libManis_00454F94,0x454F94,sub_454F94,0x454650,0x32F644;0x957840;0x6220AC;0x33ACE0;0x622148;0x957870;0x33ACE0;0x957870;0x957870;0x957870
FN_libManis_004554D4,0x4554D4,sub_4554D4,0x45AD90,0x957840;0x957840;0x338E1C;0x957840;0x957840;0x957840;0x957840;0x957840;0x957840;0x45716C
FN_libManis_0045716C,0x45716C,sub_45716C,0x4554D4;0x4554D4;0x4554D4;0x4554D4;0x4554D4,0x3BA168;0x35DA78
FN_libManis_004572D4,0x4572D4,sub_4572D4,,0x33AEDC;0x33AEFC;0x33B970;0x33ACFC;0x33ACFC;0x338E1C;0x368358;0x957840;0x3481E0;0x957840
FN_libManis_004596E8,0x4596E8,sub_4596E8,0x4572D4,0x622148;0x6260FC;0x957870;0x33AEDC;0x33AEFC;0x33B970;0x33B970;0x33AEDC;0x33ACE0
FN_libManis_00459C38,0x459C38,sub_459C38,,0x358D78;0x3EC7D4
FN_libManis_00459D14,0x459D14,sub_459D14,0x420010;0x420010;0x4201FC;0x4201FC,
FN_libManis_00459D1C,0x459D1C,sub_459D1C,,0x622148;0x6260FC;0x957870;0x33AEDC;0x33AEFC;0x33B970;0x33B970;0x33AEDC;0x33ACE0
FN_libManis_0045A26C,0x45A26C,sub_45A26C,,0x622148;0x6260FC;0x957870;0x33AEDC;0x33AEFC;0x33B970;0x33B970;0x33AEDC;0x33ACE0
FN_libManis_0045A7C4,0x45A7C4,sub_45A7C4,0x45A7C8;0x45A7C8,
FN_libManis_0045A7C8,0x45A7C8,sub_45A7C8,,0x45A7C4;0x45A7C4
FN_libManis_0045A994,0x45A994,sub_45A994,0x453F18;0x6E56EC;0x7640E8;0x79E68C;0x7AA1A4;0x828008;0x8B34A4,
FN_libManis_0045AB2C,0x45AB2C,sub_45AB2C,0x4554D4;0x6E5C08;0x764ACC;0x79F0B4,0x957840;0x957870;0x45AC80;0x334CEC
FN_libManis_0045AC80,0x45AC80,sub_45AC80,0x45AB2C,0x334CD4
FN_libManis_0045AC94,0x45AC94,sub_45AC94,0x454F94;0x601228;0x602B98;0x608328;0x608328;0x60C9D4;0x60C9D4;0x60E900;0x60F8DC;0x60F8DC,0x334CD4
FN_libManis_0045ACA8,0x45ACA8,sub_45ACA8,,0x8CFBCC;0x32F644;0x957870;0x33ACE0;0x33ACFC
FN_libManis_0045AD90,0x45AD90,sub_45AD90,0x4BBD38;0x4BBD38;0x4C2A28;0x4F119C,0x957870;0x957870;0x957870;0x957870;0x33ACFC;0x367C40;0x3C62B8;0x3C62B8;0x957870;0x957870
FN_libManis_0045CB44,0x45CB44,sub_45CB44,0x45AD90,0x3F8650;0x364B00;0x368358;0x957840;0x957870;0x957870;0x368358;0x957870;0x33ACE0
FN_libManis_0045CD34,0x45CD34,sub_45CD34,0x4BC80C;0x4C38F8;0x4F1774;0x4F1774,0x3C62B8;0x3C62B8;0x3CFA7C;0x957840;0x3F8650;0x368358;0x957840;0x957870;0x3F8C90;0x957840
FN_libManis_0045E9A4,0x45E9A4,sub_45E9A4,0x4BC80C;0x4C38F8;0x4C38F8;0x4C38F8;0x4F1774;0x4F1774;0x4F1774;0x4F1774,0x3CFA7C;0x957840
FN_libManis_0045EECC,0x45EECC,sub_45EECC,,0x33ACFC
FN_libManis_0045F1D0,0x45F1D0,sub_45F1D0,,0x3F90F4;0x3F90F4;0x3F8E7C;0x957840;0x957840;0x957840
FN_libManis_0045F6D4,0x45F6D4,sub_45F6D4,0x3FA80C,0x338E1C;0x45F85C
FN_libManis_0045F85C,0x45F85C,sub_45F85C,0x45F6D4;0x4609C0;0x463030;0x464098;0x46866C;0x4A288C;0x4A3E80;0x4A5068;0x4A5600;0x4A5FBC,0x45FB2C;0x45FDAC
FN_libManis_0045F980,0x45F980,sub_45F980,,0x957870;0x957870;0x957870
FN_libManis_0045FA4C,0x45FA4C,sub_45FA4C,,0x957870;0x957870;0x957870
FN_libManis_0045FB2C,0x45FB2C,sub_45FB2C,0x45F85C,0x338E1C;0x33E200
FN_libManis_0045FDAC,0x45FDAC,sub_45FDAC,0x45F85C,
FN_libManis_0045FF44,0x45FF44,sub_45FF44,,0x33ACFC
FN_libManis_00460288,0x460288,sub_460288,,0x957840;0x957840;0x957840;0x3F90F4;0x3F90F4;0x3F8E7C;0x33ACE0;0x957870;0x957870;0x957870
FN_libManis_004604B4,0x4604B4,sub_4604B4,,0x957840;0x957840;0x957840;0x3F90F4;0x3F90F4;0x3F8E7C;0x33ACE0;0x957870;0x957870;0x957870
FN_libManis_004609C0,0x4609C0,sub_4609C0,0x3FA80C,0x338E1C;0x45F85C
FN_libManis_00460B48,0x460B48,sub_460B48,,0x957870;0x957870;0x957870
FN_libManis_00460C14,0x460C14,sub_460C14,,0x46330C;0x4617FC;0x3F8650;0x444CEC;0x33AEDC;0x33AEFC;0x33B970;0x33B970;0x957840;0x957840
FN_libManis_004617FC,0x4617FC,sub_4617FC,0x460C14;0x4CCCD4;0x59289C,0x46330C
FN_libManis_0046189C,0x46189C,sub_46189C,,0x33ACFC
FN_libManis_00461C00,0x461C00,sub_461C00,,0x3F8650;0x442688;0x33AEDC;0x33AEFC;0x33B970;0x33B970;0x3F8E7C;0x3F8E7C;0x3F8E7C;0x3F8E7C
FN_libManis_00463030,0x463030,sub_463030,0x3FA80C,0x338E1C;0x45F85C
FN_libManis_004631B8,0x4631B8,sub_4631B8,,0x957870;0x957870;0x957870
FN_libManis_0046330C,0x46330C,sub_46330C,0x460C14;0x4617FC;0x589068;0x59289C,
FN_libManis_004634A4,0x4634A4,sub_4634A4,0x461C00;0x4CDB8C;0x589068;0x59289C,0x4635CC
FN_libManis_004635CC,0x4635CC,sub_4635CC,0x461C00;0x4634A4,
FN_libManis_00463764,0x463764,sub_463764,,0x33ACFC;0x3F8E7C;0x3F8E7C;0x3F90F4;0x957840;0x957840;0x957840
FN_libManis_00464098,0x464098,sub_464098,0x3FA80C,0x338E1C;0x45F85C
FN_libManis_00464220,0x464220,sub_464220,,0x957870;0x957870;0x957870
FN_libManis_004642EC,0x4642EC,sub_4642EC,0x464CCC,0x3706CC;0x37059C;0x468998;0x44E7B4;0x468998;0x44DE9C;0x468998;0x44E7B4;0x468C4C;0x468ED4
FN_libManis_00464CCC,0x464CCC,sub_464CCC,,0x957840;0x957840;0x957840;0x957840;0x957840;0x957840;0x466BE0;0x957870;0x957870;0x4642EC
FN_libManis_00465420,0x465420,sub_465420,0x464CCC,0x957840;0x957840;0x957840;0x46906C;0x957870;0x957870;0x957840;0x957840;0x957840;0x469F78
FN_libManis_00466000,0x466000,sub_466000,0x464CCC,0x957840;0x957840;0x957840;0x478BB4;0x957870;0x957870;0x957840;0x957840;0x957840;0x479AEC
FN_libManis_00466BE0,0x466BE0,sub_466BE0,0x464CCC,0x957840;0x957840;0x957840;0x4864B8;0x957870;0x957870;0x957840;0x957840;0x957840;0x487424
FN_libManis_004677C0,0x4677C0,sub_4677C0,0x464CCC,0x957840;0x957840;0x957840;0x493CB4;0x957870;0x957870;0x957840;0x957840;0x957840;0x495184
FN_libManis_0046866C,0x46866C,sub_46866C,0x3FA80C,0x338E1C;0x45F85C
FN_libManis_004687F4,0x4687F4,sub_4687F4,,0x957870;0x957870;0x957870
FN_libManis_00468998,0x468998,sub_468998,0x4642EC;0x4642EC;0x4642EC;0x4A2A14;0x4A44F8;0x4A6744;0x4A6744;0x4AA130;0x4AA130;0x4B4CEC,0x468B44;0x334CEC
FN_libManis_00468B44,0x468B44,sub_468B44,0x468998,0x334CD4
FN_libManis_00468BB0,0x468BB0,sub_468BB0,,0x957870
FN_libManis_00468C4C,0x468C4C,sub_468C4C,0x4642EC;0x58A13C,
FN_libManis_00468E3C,0x468E3C,sub_468E3C,,0x957870
FN_libManis_00468ED4,0x468ED4,sub_468ED4,0x4642EC;0x58A13C,
FN_libManis_0046906C,0x46906C,sub_46906C,0x465420,0x3F90F4;0x3F90F4;0x3F90F4;0x3F90F4;0x405780;0x405780;0x3F90F4;0x3F90F4;0x33ACE0;0x3F90F4
FN_libManis_00469F78,0x469F78,sub_469F78,0x465420,0x3F90F4;0x3F90F4;0x3F90F4;0x3F90F4;0x405780;0x405780;0x3F90F4;0x3F90F4;0x33ACE0;0x3F90F4
FN_libManis_0046AE84,0x46AE84,sub_46AE84,0x465420,0x3F90F4;0x3F90F4;0x3F90F4;0x3F90F4;0x405780;0x405780;0x3F90F4;0x3F90F4;0x33ACE0;0x3F90F4
FN_libManis_0046BD78,0x46BD78,sub_46BD78,0x465420,0x3F90F4;0x3F90F4;0x3F90F4;0x3F90F4;0x405780;0x405780;0x3F90F4;0x3F90F4;0x33ACE0;0x3F90F4
FN_libManis_0046CCB8,0x46CCB8,sub_46CCB8,0x465420,0x3F90F4;0x3F90F4;0x3F90F4;0x3F90F4;0x405780;0x405780;0x3F90F4;0x3F90F4;0x33ACE0;0x3F90F4
FN_libManis_0046DC64,0x46DC64,sub_46DC64,0x465420,0x3F90F4;0x3F90F4;0x3F90F4;0x3F90F4;0x405780;0x405780;0x3F90F4;0x3F90F4;0x33ACE0;0x3F90F4
FN_libManis_0046EB70,0x46EB70,sub_46EB70,0x465420,0x3F90F4;0x3F90F4;0x3F90F4;0x3F90F4;0x405780;0x405780;0x3F90F4;0x3F90F4;0x33ACE0;0x3F90F4
FN_libManis_0046FA7C,0x46FA7C,sub_46FA7C,0x465420,0x3F90F4;0x3F90F4;0x405780;0x405780;0x3F90F4;0x3F90F4;0x3F90F4;0x3F90F4;0x33ACE0;0x3F90F4
FN_libManis_00470E44,0x470E44,sub_470E44,0x465420,0x3F90F4;0x3F90F4;0x3F90F4;0x3F90F4;0x405780;0x405780;0x3F90F4;0x3F90F4;0x33ACE0;0x3F90F4
FN_libManis_00472330,0x472330,sub_472330,0x465420;0x466000;0x466BE0;0x4677C0,0x3F90F4;0x3F90F4;0x3F90F4;0x3F90F4;0x405780;0x405780;0x3F90F4;0x3F90F4;0x33ACE0;0x3F90F4
FN_libManis_00473618,0x473618,sub_473618,0x465420,0x3F90F4;0x3F90F4;0x3F90F4;0x3F90F4;0x405780;0x405780;0x3F90F4;0x3F90F4;0x33ACE0;0x3F90F4
FN_libManis_00474B04,0x474B04,sub_474B04,0x465420,0x3F90F4;0x3F90F4;0x3F90F4;0x3F90F4;0x405780;0x405780;0x3F90F4;0x3F90F4;0x33ACE0;0x3F90F4
FN_libManis_00475FF0,0x475FF0,sub_475FF0,0x465420,0x3F90F4;0x3F90F4;0x3F90F4;0x3F90F4;0x405780;0x405780;0x3F90F4;0x3F90F4;0x33ACE0;0x3F90F4
FN_libManis_004774DC,0x4774DC,sub_4774DC,0x465420,0x3F90F4;0x3F90F4;0x3F90F4;0x3F90F4;0x405780;0x405780;0x3F90F4;0x3F90F4;0x33ACE0;0x3F90F4
FN_libManis_004789C8,0x4789C8,sub_4789C8,0x46906C;0x46906C;0x469F78;0x469F78;0x46AE84;0x46AE84;0x46BD78;0x46BD78;0x46CCB8;0x46CCB8,0x348310
FN_libManis_00478BB4,0x478BB4,sub_478BB4,0x466000,0x3F90F4;0x3F90F4;0x3F90F4;0x3F90F4;0x405780;0x405780;0x3F90F4;0x3F90F4;0x33ACE0;0x3F90F4
FN_libManis_00479AEC,0x479AEC,sub_479AEC,0x466000,0x3F90F4;0x3F90F4;0x3F90F4;0x3F90F4;0x405780;0x405780;0x3F90F4;0x3F90F4;0x33ACE0;0x3F90F4
FN_libManis_0047AA24,0x47AA24,sub_47AA24,0x466000,0x3F90F4;0x3F90F4;0x3F90F4;0x3F90F4;0x405780;0x405780;0x3F90F4;0x3F90F4;0x33ACE0;0x3F90F4
FN_libManis_0047B95C,0x47B95C,sub_47B95C,0x466000,0x3F90F4;0x3F90F4;0x3F90F4;0x3F90F4;0x405780;0x405780;0x3F90F4;0x3F90F4;0x33ACE0;0x3F90F4
FN_libManis_0047C318,0x47C318,sub_47C318,0x466000,0x3F90F4;0x3F90F4;0x3F90F4;0x3F90F4;0x405780;0x405780;0x3F90F4;0x3F90F4;0x33ACE0;0x3F90F4
FN_libManis_0047CD1C,0x47CD1C,sub_47CD1C,0x466000,0x3F90F4;0x3F90F4;0x3F90F4;0x3F90F4;0x405780;0x405780;0x3F90F4;0x3F90F4;0x33ACE0;0x3F90F4
FN_libManis_0047DC78,0x47DC78,sub_47DC78,0x466000,0x3F90F4;0x3F90F4;0x3F90F4;0x3F90F4;0x405780;0x405780;0x3F90F4;0x3F90F4;0x33ACE0;0x3F90F4
FN_libManis_0047EBD4,0x47EBD4,sub_47EBD4,0x466000,0x3F90F4;0x3F90F4;0x9570A0;0x9570A0;0x9570A0;0x9570A0;0x9570A0;0x9570A0;0x405780;0x3F90F4
FN_libManis_0047FBCC,0x47FBCC,sub_47FBCC,0x466000,0x3F90F4;0x3F90F4;0x405780;0x3F90F4;0x3F90F4;0x405780;0x3F90F4;0x3F90F4;0x33ACE0;0x3F90F4
FN_libManis_004810C8,0x4810C8,sub_4810C8,0x466000,0x3F90F4;0x3F90F4;0x405780;0x3F90F4;0x3F90F4;0x405780;0x3F90F4;0x3F90F4;0x33ACE0;0x3F90F4
FN_libManis_004825C4,0x4825C4,sub_4825C4,0x466000,0x3F90F4;0x3F90F4;0x405780;0x3F90F4;0x3F90F4;0x405780;0x3F90F4;0x3F90F4;0x33ACE0;0x3F90F4
FN_libManis_00483AC0,0x483AC0,sub_483AC0,0x466000,0x3F90F4;0x3F90F4;0x405780;0x3F90F4;0x3F90F4;0x405780;0x3F90F4;0x3F90F4;0x33ACE0;0x3F90F4
FN_libManis_00484FBC,0x484FBC,sub_484FBC,0x466000,0x3F90F4;0x3F90F4;0x405780;0x3F90F4;0x3F90F4;0x405780;0x3F90F4;0x3F90F4;0x33ACE0;0x3F90F4
FN_libManis_004864B8,0x4864B8,sub_4864B8,0x466BE0,0x3F90F4;0x3F90F4;0x3F90F4;0x3F90F4;0x405780;0x405780;0x3F90F4;0x3F90F4;0x33ACE0;0x3F90F4
FN_libManis_00487424,0x487424,sub_487424,0x466BE0,0x3F90F4;0x3F90F4;0x3F90F4;0x3F90F4;0x405780;0x405780;0x3F90F4;0x3F90F4;0x33ACE0;0x3F90F4
FN_libManis_00488390,0x488390,sub_488390,0x466BE0,0x3F90F4;0x3F90F4;0x3F90F4;0x3F90F4;0x405780;0x405780;0x3F90F4;0x3F90F4;0x33ACE0;0x3F90F4
FN_libManis_00488D5C,0x488D5C,sub_488D5C,0x466BE0,0x3F90F4;0x3F90F4;0x3F90F4;0x3F90F4;0x405780;0x405780;0x3F90F4;0x3F90F4;0x33ACE0;0x3F90F4
FN_libManis_00489728,0x489728,sub_489728,0x466BE0,0x3F90F4;0x3F90F4;0x3F90F4;0x3F90F4;0x405780;0x405780;0x3F90F4;0x3F90F4;0x33ACE0;0x3F90F4
FN_libManis_0048A13C,0x48A13C,sub_48A13C,0x466BE0,0x3F90F4;0x3F90F4;0x3F90F4;0x3F90F4;0x405780;0x405780;0x3F90F4;0x3F90F4;0x33ACE0;0x3F90F4
FN_libManis_0048B120,0x48B120,sub_48B120,0x466BE0,0x3F90F4;0x3F90F4;0x3F90F4;0x3F90F4;0x405780;0x405780;0x3F90F4;0x3F90F4;0x33ACE0;0x3F90F4
FN_libManis_0048C104,0x48C104,sub_48C104,0x466BE0,0x3F90F4;0x3F90F4;0x33ACE0;0x3F90F4;0x3F90F4;0x405780;0x405780;0x3F90F4;0x3F90F4;0x33ACE0
FN_libManis_0048D418,0x48D418,sub_48D418,0x466BE0,0x3F90F4;0x3F90F4;0x3F90F4;0x3F90F4;0x405780;0x405780;0x3F90F4;0x3F90F4;0x33ACE0;0x3F90F4
FN_libManis_0048E904,0x48E904,sub_48E904,0x466BE0,0x3F90F4;0x3F90F4;0x3F90F4;0x3F90F4;0x405780;0x405780;0x3F90F4;0x3F90F4;0x33ACE0;0x3F90F4
FN_libManis_0048FDF0,0x48FDF0,sub_48FDF0,0x466BE0,0x3F90F4;0x3F90F4;0x3F90F4;0x3F90F4;0x405780;0x405780;0x3F90F4;0x3F90F4;0x33ACE0;0x3F90F4
FN_libManis_004912DC,0x4912DC,sub_4912DC,0x466BE0,0x3F90F4;0x3F90F4;0x3F90F4;0x3F90F4;0x405780;0x405780;0x3F90F4;0x3F90F4;0x33ACE0;0x3F90F4
FN_libManis_004927C8,0x4927C8,sub_4927C8,0x466BE0,0x3F90F4;0x3F90F4;0x3F90F4;0x3F90F4;0x405780;0x405780;0x3F90F4;0x3F90F4;0x33ACE0;0x3F90F4
FN_libManis_00493CB4,0x493CB4,sub_493CB4,0x4677C0,0x3F90F4;0x3F90F4;0x3F90F4;0x3F90F4;0x405780;0x405780;0x3F90F4;0x3F90F4;0x33ACE0;0x3F90F4
FN_libManis_00495184,0x495184,sub_495184,0x4677C0,0x3F90F4;0x3F90F4;0x3F90F4;0x3F90F4;0x405780;0x405780;0x3F90F4;0x3F90F4;0x33ACE0;0x3F90F4
FN_libManis_00496624,0x496624,sub_496624,0x4677C0,0x3F90F4;0x3F90F4;0x3F90F4;0x3F90F4;0x405780;0x405780;0x3F90F4;0x3F90F4;0x33ACE0;0x3F90F4
FN_libManis_0049790C,0x49790C,sub_49790C,0x4677C0,0x3F90F4;0x3F90F4;0x3F90F4;0x3F90F4;0x405780;0x405780;0x3F90F4;0x3F90F4;0x33ACE0;0x3F90F4
FN_libManis_00498684,0x498684,sub_498684,0x4677C0,0x3F90F4;0x3F90F4;0x3F90F4;0x3F90F4;0x405780;0x405780;0x3F90F4;0x3F90F4;0x33ACE0;0x3F90F4
FN_libManis_004993FC,0x4993FC,sub_4993FC,0x4677C0,0x3F90F4;0x3F90F4;0x3F90F4;0x3F90F4;0x405780;0x405780;0x3F90F4;0x3F90F4;0x33ACE0;0x3F90F4
FN_libManis_0049A634,0x49A634,sub_49A634,0x4677C0,0x3F90F4;0x3F90F4;0x3F90F4;0x3F90F4;0x405780;0x405780;0x3F90F4;0x3F90F4;0x33ACE0;0x3F90F4
FN_libManis_0049B86C,0x49B86C,sub_49B86C,0x4677C0,0x3F90F4;0x3F90F4;0x405780;0x405780;0x3F90F4;0x3F90F4;0x33ACE0;0x3F90F4;0x3F90F4;0x4789C8
FN_libManis_0049BDE8,0x49BDE8,sub_49BDE8,0x4677C0,0x3F90F4;0x3F90F4;0x3F90F4;0x3F90F4;0x405780;0x405780;0x3F90F4;0x3F90F4;0x33ACE0;0x3F90F4
FN_libManis_0049D0CC,0x49D0CC,sub_49D0CC,0x4677C0,0x3F90F4;0x3F90F4;0x3F90F4;0x3F90F4;0x405780;0x405780;0x3F90F4;0x3F90F4;0x33ACE0;0x3F90F4
FN_libManis_0049E3D0,0x49E3D0,sub_49E3D0,0x4677C0,0x3F90F4;0x3F90F4;0x3F90F4;0x3F90F4;0x405780;0x405780;0x3F90F4;0x3F90F4;0x33ACE0;0x3F90F4
FN_libManis_0049F6D4,0x49F6D4,sub_49F6D4,0x4677C0,0x3F90F4;0x3F90F4;0x3F90F4;0x3F90F4;0x405780;0x405780;0x3F90F4;0x3F90F4;0x33ACE0;0x3F90F4
FN_libManis_004A09B8,0x4A09B8,sub_4A09B8,0x4677C0,0x3F90F4;0x3F90F4;0x3F90F4;0x3F90F4;0x405780;0x405780;0x3F90F4;0x3F90F4;0x33ACE0;0x3F90F4
FN_libManis_004A1C9C,0x4A1C9C,sub_4A1C9C,,0x3F91C0;0x33ACFC
FN_libManis_004A2104,0x4A2104,sub_4A2104,,0x3F8EC4;0x3479B0;0x347C54;0x347574;0x347E10
FN_libManis_004A2234,0x4A2234,sub_4A2234,,0x3F8EC4;0x347818;0x347CE4;0x34770C;0x347F98
FN_libManis_004A2364,0x4A2364,sub_4A2364,,0x3F8EC4;0x347A2C;0x347AA8;0x347788;0x3480A0
FN_libManis_004A2494,0x4A2494,sub_4A2494,,0x3F8EC4;0x347890;0x347B20;0x3475EC;0x347D58;0x957840;0x957840;0x957840
FN_libManis_004A288C,0x4A288C,sub_4A288C,0x3FA80C,0x338E1C;0x45F85C
FN_libManis_004A2A14,0x4A2A14,sub_4A2A14,,0x957870;0x957870;0x957870;0x3706CC;0x37059C;0x468998;0x44DE9C;0x4A4150;0x957840;0x3F8E7C
FN_libManis_004A349C,0x4A349C,sub_4A349C,,0x33ACFC
FN_libManis_004A3818,0x4A3818,sub_4A3818,,0x3F90F4
FN_libManis_004A39DC,0x4A39DC,sub_4A39DC,,0x3F90F4;0x957840;0x957840;0x957840
FN_libManis_004A3E80,0x4A3E80,sub_4A3E80,0x3FA80C,0x338E1C;0x45F85C
FN_libManis_004A4008,0x4A4008,sub_4A4008,,0x957870;0x957870;0x957870
FN_libManis_004A4150,0x4A4150,sub_4A4150,0x4A2A14;0x4A6744;0x4AA130;0x4AA130;0x4B4CEC;0x58E120;0x58E120;0x58E9F0;0x58E9F0;0x59E3D0,
FN_libManis_004A42E8,0x4A42E8,sub_4A42E8,0x4A44F8,0x3F91B4;0x3F90F4;0x3F90F4;0x33ACE0;0x33ACE0
FN_libManis_004A44F8,0x4A44F8,sub_4A44F8,,0x4A42E8;0x33AEDC;0x33AEFC;0x33B970;0x33B970;0x37059C;0x3706CC;0x468998;0x44E1EC;0x957840
FN_libManis_004A5068,0x4A5068,sub_4A5068,0x3FA80C,0x338E1C;0x45F85C
FN_libManis_004A51F0,0x4A51F0,sub_4A51F0,,0x957870;0x957870;0x957870
FN_libManis_004A52BC,0x4A52BC,sub_4A52BC,,0x957840;0x957840;0x957840
FN_libManis_004A5600,0x4A5600,sub_4A5600,0x3FA80C,0x338E1C;0x45F85C
FN_libManis_004A5788,0x4A5788,sub_4A5788,,0x957870;0x957870;0x957870
FN_libManis_004A5854,0x4A5854,sub_4A5854,,0x3F91B4;0x3F90F4;0x33ACFC;0x957840;0x957840;0x957840
FN_libManis_004A5FBC,0x4A5FBC,sub_4A5FBC,0x3FA80C,0x338E1C;0x45F85C
FN_libManis_004A6144,0x4A6144,sub_4A6144,,0x957870;0x957870;0x957870
FN_libManis_004A6210,0x4A6210,sub_4A6210,0x4A6744,
FN_libManis_004A6744,0x4A6744,sub_4A6744,,0x957840;0x957840;0x957840;0x957840;0x3F8650;0x442688;0x33AEDC;0x33AEFC;0x33B970;0x33B970
FN_libManis_004A8298,0x4A8298,sub_4A8298,,0x33ACFC;0x957840;0x957840;0x957840
FN_libManis_004A88B4,0x4A88B4,sub_4A88B4,0x3FA80C,0x338E1C;0x45F85C
FN_libManis_004A8A3C,0x4A8A3C,sub_4A8A3C,,0x957870;0x957870;0x957870
FN_libManis_004A8B08,0x4A8B08,sub_4A8B08,,0x3F90F4;0x957840;0x957840;0x957840
FN_libManis_004A92B0,0x4A92B0,sub_4A92B0,0x3FA80C,0x338E1C;0x45F85C
FN_libManis_004A9438,0x4A9438,sub_4A9438,,0x957870;0x957870;0x957870
FN_libManis_004A9504,0x4A9504,sub_4A9504,,0x957840;0x957840;0x3F8E7C;0x3F8E7C;0x3F8E7C;0x3F8E7C;0x3F8E7C;0x3F8E7C;0x3F8E7C;0x3F8E7C
FN_libManis_004AA130,0x4AA130,sub_4AA130,,0x33ACFC;0x4ABBE8;0x957870;0x37059C;0x3706CC;0x468998;0x44DE9C;0x4A4150;0x468998;0x44DE9C
FN_libManis_004AA834,0x4AA834,sub_4AA834,,0x33ACFC
FN_libManis_004AAB9C,0x4AAB9C,sub_4AAB9C,,0x957840;0x957840;0x957840;0x957840;0x3F8E7C;0x3F8E7C;0x3F8E7C;0x3F8E7C;0x3F8E7C;0x3F8E7C
FN_libManis_004AB88C,0x4AB88C,sub_4AB88C,0x3FA80C,0x338E1C;0x45F85C
FN_libManis_004ABA14,0x4ABA14,sub_4ABA14,0x4ABB5C,0x957870;0x957870;0x957870;0x957870
FN_libManis_004ABB5C,0x4ABB5C,sub_4ABB5C,,0x4ABA14
FN_libManis_004ABBE8,0x4ABBE8,sub_4ABBE8,0x4AA130;0x5B4248;0x5B56F4;0x5B71B8,
FN_libManis_004ABD80,0x4ABD80,sub_4ABD80,0x4AAB9C,0x443C14;0x33AEDC;0x33AEFC;0x33B970;0x33B970;0x33ACE0;0x3374AC
FN_libManis_004AC774,0x4AC774,sub_4AC774,,0x33ACFC;0x957840;0x957840;0x957840;0x3F90F4;0x3F90F4;0x33ACE0;0x33ACE0;0x957870;0x957870
FN_libManis_004AD69C,0x4AD69C,sub_4AD69C,0x3FA80C,0x338E1C;0x45F85C
FN_libManis_004AD824,0x4AD824,sub_4AD824,,0x957870;0x957870;0x957870
FN_libManis_004AD8F0,0x4AD8F0,sub_4AD8F0,,0x957840;0x957840;0x3F8E7C;0x3F8E7C;0x3F8E7C;0x3F8E7C;0x33ACE0;0x957870;0x957870;0x957840
FN_libManis_004AE060,0x4AE060,sub_4AE060,0x3FA80C,0x338E1C;0x45F85C
FN_libManis_004AE1E8,0x4AE1E8,sub_4AE1E8,,0x957870;0x957870;0x957870
FN_libManis_004AE2B4,0x4AE2B4,sub_4AE2B4,,0x3F90F4;0x957840;0x957840;0x957840
FN_libManis_004AE658,0x4AE658,sub_4AE658,0x3FA80C,0x338E1C;0x45F85C
FN_libManis_004AE7E0,0x4AE7E0,sub_4AE7E0,,0x957870;0x957870;0x957870
FN_libManis_004AE8AC,0x4AE8AC,sub_4AE8AC,,0x33ACFC;0x3F90F4;0x3F8E7C;0x3F8E7C;0x3F8E7C;0x3F8E7C;0x33ACE0;0x3F90F4;0x3F8E7C;0x3F8E7C
FN_libManis_004AFC80,0x4AFC80,sub_4AFC80,0x3FA80C,0x338E1C;0x45F85C
FN_libManis_004AFE08,0x4AFE08,sub_4AFE08,,0x957870;0x957870;0x957870
FN_libManis_004AFED4,0x4AFED4,sub_4AFED4,,0x3F91C0;0x3F91B4;0x957840;0x957840;0x957840
FN_libManis_004B0260,0x4B0260,sub_4B0260,0x3FA80C,0x338E1C;0x45F85C
FN_libManis_004B03E8,0x4B03E8,sub_4B03E8,,0x957870;0x957870;0x957870
FN_libManis_004B04B4,0x4B04B4,sub_4B04B4,,0x957840;0x3F8650;0x3F8C90;0x3F940C;0x3F97D0;0x33AEDC;0x33AEFC;0x33B970;0x33B970;0x3F90F4
FN_libManis_004B1018,0x4B1018,sub_4B1018,0x4B04B4,0x3F91B4;0x3F8E7C;0x3F90F4;0x3F90F4;0x3F8E7C;0x3F90F4;0x3F90F4;0x3F90F4;0x33ACFC;0x33ACFC
FN_libManis_004B1794,0x4B1794,sub_4B1794,0x4B04B4,0x3F91B4;0x3F8E7C;0x3F90F4;0x3F90F4;0x3F8E7C;0x3F90F4;0x3F90F4;0x3F90F4;0x33ACFC;0x33ACFC
FN_libManis_004B21B8,0x4B21B8,sub_4B21B8,0x3FA80C,0x338E1C;0x45F85C
FN_libManis_004B2340,0x4B2340,sub_4B2340,,0x957870;0x957870;0x957870
FN_libManis_004B240C,0x4B240C,sub_4B240C,,0x33ACFC;0x957840;0x957840;0x957840;0x3F90F4;0x3F8E7C;0x3F8E7C;0x3F8E7C;0x3F8E7C;0x3F8E7C
FN_libManis_004B32F4,0x4B32F4,sub_4B32F4,0x3FA80C,0x338E1C;0x45F85C
FN_libManis_004B347C,0x4B347C,sub_4B347C,,0x957870;0x957870;0x957870
FN_libManis_004B3548,0x4B3548,sub_4B3548,,0x33ACFC
FN_libManis_004B3874,0x4B3874,sub_4B3874,,0x957840;0x957840;0x957840;0x3F90F4;0x3F90F4;0x3F90F4;0x3F90F4;0x3F90F4;0x3F91B4;0x33ACFC
FN_libManis_004B4080,0x4B4080,sub_4B4080,,0x957840;0x957840;0x957840;0x3F90F4;0x3F90F4;0x3F90F4;0x3F90F4;0x3F90F4;0x3F91B4;0x33ACFC
FN_libManis_004B4B64,0x4B4B64,sub_4B4B64,0x3FA80C,0x338E1C;0x45F85C
FN_libManis_004B4CEC,0x4B4CEC,sub_4B4CEC,,0x957870;0x957870;0x957870;0x957840;0x957840;0x3F8E7C;0x3F8E7C;0x3F8E7C;0x3F8E7C;0x3F90F4
FN_libManis_004B61E8,0x4B61E8,sub_4B61E8,,0x33ACFC;0x3F8E7C;0x3F90F4;0x3F8E7C;0x3F90F4;0x33ACE0;0x348310;0x3F8E7C;0x3F90F4;0x3F8E7C
FN_libManis_004B7978,0x4B7978,sub_4B7978,0x3FA80C,0x338E1C;0x45F85C
FN_libManis_004B7B00,0x4B7B00,sub_4B7B00,,0x957870;0x957870;0x957870
FN_libManis_004B7BCC,0x4B7BCC,sub_4B7BCC,,0x33ACFC;0x33ACFC;0x33ACFC;0x33ACFC;0x33ACFC;0x957840;0x957840;0x957840
FN_libManis_004B8344,0x4B8344,sub_4B8344,0x3FA80C,0x338E1C;0x45F85C
FN_libManis_004B84CC,0x4B84CC,sub_4B84CC,,0x957870;0x957870;0x957870;0x33ACFC;0x33ACFC;0x33ACFC;0x33ACFC;0x33ACFC;0x33ACFC
FN_libManis_004B9720,0x4B9720,sub_4B9720,,0x33ACFC;0x3F8E7C;0x3F8E7C;0x3F8E7C;0x3F8E7C;0x3F90F4;0x3F90F4;0x3F8650;0x3F8CD8;0x3F940C
FN_libManis_004BA7A4,0x4BA7A4,sub_4BA7A4,0x3FA80C,0x338E1C;0x45F85C
FN_libManis_004BA92C,0x4BA92C,sub_4BA92C,,0x957870;0x957870;0x957870;0x957840;0x957840;0x957840
FN_libManis_004BACD4,0x4BACD4,sub_4BACD4,0x3FA80C,0x338E1C;0x45F85C
FN_libManis_004BAE5C,0x4BAE5C,sub_4BAE5C,,0x3F90F4
FN_libManis_004BAFD0,0x4BAFD0,sub_4BAFD0,,0x957870;0x957870;0x957870
FN_libManis_004BB0AC,0x4BB0AC,sub_4BB0AC,,0x3F8EC4
FN_libManis_004BB240,0x4BB240,sub_4BB240,0x3FA80C,0x338E1C;0x45F85C;0x957840;0x957840;0x957840
FN_libManis_004BB6A0,0x4BB6A0,sub_4BB6A0,,0x957870;0x957870;0x957870
FN_libManis_004BB76C,0x4BB76C,sub_4BB76C,,0x3F91C0;0x957840;0x957840;0x957840
FN_libManis_004BBAE4,0x4BBAE4,sub_4BBAE4,0x3FA80C,0x338E1C;0x45F85C
FN_libManis_004BBC6C,0x4BBC6C,sub_4BBC6C,,0x957870;0x957870;0x957870
FN_libManis_004BBD38,0x4BBD38,sub_4BBD38,,0x4540B0;0x957870;0x45AD90;0x33AEDC;0x33AEFC;0x33B970;0x4540B0;0x957870;0x45AD90;0x33AEDC
FN_libManis_004BC80C,0x4BC80C,sub_4BC80C,,0x33ACFC;0x3E5CA4;0x3574D4;0x338E1C;0x3CFA7C;0x957840;0x45CD34;0x33AEDC;0x33AEFC;0x33B970
FN_libManis_004BD918,0x4BD918,sub_4BD918,0x3FA80C,0x338E1C;0x45F85C
FN_libManis_004BDAA0,0x4BDAA0,sub_4BDAA0,0x4BDBD8,0x957870;0x957870;0x957870;0x957870;0x957870
FN_libManis_004BDBD8,0x4BDBD8,sub_4BDBD8,,0x4BDAA0
FN_libManis_004BDC4C,0x4BDC4C,sub_4BDC4C,,0x367C40;0x367C40
FN_libManis_004BDC90,0x4BDC90,sub_4BDC90,,0x367C40;0x367C40;0x454154
FN_libManis_004BDCE4,0x4BDCE4,sub_4BDCE4,,0x33ACFC;0x3F8E7C;0x3F8E7C;0x3F8E7C;0x3F8E7C;0x3F90F4;0x3F8650;0x3F8CD8;0x3F940C;0x3F97D0
FN_libManis_004BEEF8,0x4BEEF8,sub_4BEEF8,0x3FA80C,0x338E1C;0x45F85C
FN_libManis_004BF080,0x4BF080,sub_4BF080,,0x957870;0x957870;0x957870
FN_libManis_004BF14C,0x4BF14C,sub_4BF14C,,0x33ACFC;0x3F90F4;0x3F90F4;0x33ACE0;0x348310;0x957840;0x957840;0x957840
FN_libManis_004BFCE0,0x4BFCE0,sub_4BFCE0,0x3FA80C,0x338E1C;0x45F85C
FN_libManis_004BFE68,0x4BFE68,sub_4BFE68,,0x957870;0x957870;0x957870
FN_libManis_004BFF34,0x4BFF34,sub_4BFF34,,0x33ACFC;0x957840;0x957840;0x3F90F4;0x3F90F4;0x33ACE0;0x957870;0x957870;0x957840;0x957840
FN_libManis_004C06A0,0x4C06A0,sub_4C06A0,0x3FA80C,0x338E1C;0x45F85C
FN_libManis_004C0828,0x4C0828,sub_4C0828,,0x957870;0x957870;0x957870
FN_libManis_004C08F4,0x4C08F4,sub_4C08F4,,0x957840;0x957840;0x957840;0x3F8E7C;0x3F8E7C;0x338E1C;0x338E1C;0x440AF0;0x33ACE0;0x957870
FN_libManis_004C1378,0x4C1378,sub_4C1378,0x3FA80C,0x338E1C;0x45F85C
FN_libManis_004C1500,0x4C1500,sub_4C1500,,0x957870;0x957870;0x957870
FN_libManis_004C15CC,0x4C15CC,sub_4C15CC,,0x957840;0x957840;0x3F8E7C;0x3F8E7C;0x440AF0;0x33ACE0;0x957870;0x957870;0x348310;0x957840
FN_libManis_004C1F9C,0x4C1F9C,sub_4C1F9C,0x3FA80C,0x338E1C;0x45F85C
FN_libManis_004C2124,0x4C2124,sub_4C2124,,0x957870;0x957870;0x957870;0x957840;0x957840;0x957840
FN_libManis_004C24B8,0x4C24B8,sub_4C24B8,0x3FA80C,0x338E1C;0x45F85C
FN_libManis_004C2648,0x4C2648,sub_4C2648,,0x3F90F4
FN_libManis_004C295C,0x4C295C,sub_4C295C,,0x957870;0x957870;0x957870
FN_libManis_004C2A28,0x4C2A28,sub_4C2A28,,0x4540B0;0x957870;0x45AD90;0x33AEDC;0x33AEFC;0x33B970;0x3F8650;0x957870;0x3F8C90;0x3F97D0
FN_libManis_004C38F8,0x4C38F8,sub_4C38F8,,0x33ACFC;0x33ACFC;0x3F91C0;0x3F8650;0x957870;0x3F8C90;0x3F940C;0x3F97D0;0x33AEDC;0x33ACFC
FN_libManis_004C6E74,0x4C6E74,sub_4C6E74,0x4C38F8;0x4F1774,0x357680
FN_libManis_004C6F88,0x4C6F88,sub_4C6F88,0x4C38F8;0x4F1774;0x71A8FC;0x71A8FC,0x957870;0x3E5DF8;0x957840;0x957840;0x957840
FN_libManis_004C7358,0x4C7358,sub_4C7358,0x3FA80C,0x338E1C;0x45F85C
FN_libManis_004C74E0,0x4C74E0,sub_4C74E0,0x4C7648,0x957870;0x957870;0x957870;0x957870;0x957870;0x957870
FN_libManis_004C7648,0x4C7648,sub_4C7648,,0x4C74E0
FN_libManis_004C766C,0x4C766C,sub_4C766C,0x4C38F8,0x334CD4
FN_libManis_004C7680,0x4C7680,sub_4C7680,,0x957840;0x957840;0x3F91C0;0x3F8E7C;0x3F90F4;0x3F90F4;0x33ACE0;0x957870;0x957870;0x957840
FN_libManis_004C7DFC,0x4C7DFC,sub_4C7DFC,0x3FA80C,0x338E1C;0x45F85C
FN_libManis_004C7F84,0x4C7F84,sub_4C7F84,,0x957870;0x957870;0x957870
FN_libManis_004C8050,0x4C8050,sub_4C8050,,0x33ACFC;0x3F8E7C;0x3F8E7C;0x3F90F4;0x957840;0x957840;0x957840
FN_libManis_004C8A6C,0x4C8A6C,sub_4C8A6C,0x3FA80C,0x338E1C;0x45F85C
FN_libManis_004C8BF4,0x4C8BF4,sub_4C8BF4,,0x957870;0x957870;0x957870
FN_libManis_004C8CC0,0x4C8CC0,sub_4C8CC0,,0x338E1C;0x338E1C;0x4CB198;0x4CB3E8;0x33ACFC;0x4CB638;0x338E1C;0x338E1C;0x33ACE0;0x357680
FN_libManis_004C9444,0x4C9444,sub_4C9444,,0x957840;0x957840;0x957840;0x33ACE0;0x957840;0x3F8E7C;0x3F8E7C;0x3F8E7C;0x957840;0x957840
FN_libManis_004CAAA8,0x4CAAA8,sub_4CAAA8,0x4C9444;0x4C9444;0x4C9444,0x957870;0x957840;0x957840;0x957840
FN_libManis_004CAEBC,0x4CAEBC,sub_4CAEBC,0x3FA80C,0x338E1C;0x45F85C
FN_libManis_004CB044,0x4CB044,sub_4CB044,0x4CB174,0x957870;0x957870;0x957870
FN_libManis_004CB174,0x4CB174,sub_4CB174,,0x4CB044
FN_libManis_004CB198,0x4CB198,sub_4CB198,0x4C8CC0,0x34E5B8
FN_libManis_004CB3E8,0x4CB3E8,sub_4CB3E8,0x4C8CC0,0x34E5B8
FN_libManis_004CB638,0x4CB638,sub_4CB638,0x4C8CC0,0x338E1C;0x338E1C;0x4CB7E8;0x334CEC
FN_libManis_004CB7E8,0x4CB7E8,sub_4CB7E8,0x4CB638,0x334CD4
FN_libManis_004CB7FC,0x4CB7FC,sub_4CB7FC,,0x43F9C8;0x43F9C8;0x43F9C8;0x43F9C8;0x43F9C8;0x43F9C8;0x43F9C8;0x43F9C8;0x43F9C8;0x43F9C8
FN_libManis_004CBCC4,0x4CBCC4,sub_4CBCC4,,0x44F8D4;0x44FA00;0x44FD2C;0x44F91C
FN_libManis_004CBDD4,0x4CBDD4,sub_4CBDD4,,0x957840;0x957840;0x957840;0x3F91C0;0x3F8E7C;0x33ACFC;0x3F8E7C;0x3F8E7C;0x3F8E7C;0x3F8E7C
FN_libManis_004CCA80,0x4CCA80,sub_4CCA80,0x3FA80C,0x338E1C;0x45F85C
FN_libManis_004CCC08,0x4CCC08,sub_4CCC08,,0x957870;0x957870;0x957870
FN_libManis_004CCCD4,0x4CCCD4,sub_4CCCD4,,0x3F8650;0x4617FC;0x444CEC;0x33AEDC;0x33AEFC;0x33B970;0x33B970;0x3F8E7C;0x3F8E7C;0x3F8E7C
FN_libManis_004CD828,0x4CD828,sub_4CD828,,0x33ACFC
FN_libManis_004CDB8C,0x4CDB8C,sub_4CDB8C,,0x4634A4;0x3F8650;0x442688;0x33AEDC;0x33AEFC;0x33B970;0x33B970;0x3F8E7C;0x3F8E7C;0x3F8E7C
FN_libManis_004CEA00,0x4CEA00,sub_4CEA00,0x3FA80C,0x338E1C;0x45F85C
FN_libManis_004CEB88,0x4CEB88,sub_4CEB88,,0x957870;0x957870;0x957870
FN_libManis_004CEC54,0x4CEC54,sub_4CEC54,,0x421080;0x421080
FN_libManis_004CECDC,0x4CECDC,sub_4CECDC,,0x33ACFC;0x957840;0x957840;0x957840;0x3F90F4;0x3F8650;0x3F8C90;0x3F940C;0x3F97D0;0x33AEDC
FN_libManis_004D20D4,0x4D20D4,sub_4D20D4,0x3FA80C,0x338E1C;0x45F85C
FN_libManis_004D225C,0x4D225C,sub_4D225C,,0x957870;0x957870;0x957870
FN_libManis_004D2328,0x4D2328,sub_4D2328,,0x3F8E7C;0x3F8E7C;0x3F90F4;0x3F90F4;0x36BB44;0x957840;0x957840;0x957840
FN_libManis_004D2E90,0x4D2E90,sub_4D2E90,0x3FA80C,0x338E1C;0x45F85C
FN_libManis_004D3018,0x4D3018,sub_4D3018,,0x957870;0x957870;0x957870
FN_libManis_004D30E4,0x4D30E4,sub_4D30E4,,0x33ACFC;0x3F90F4;0x3F8C90;0x33ACE0;0x3F8C90;0x3F8A50;0x33AEDC;0x33AEFC;0x33B970;0x33ACE0
FN_libManis_004D67D8,0x4D67D8,sub_4D67D8,0x3FA80C,0x338E1C;0x45F85C
FN_libManis_004D6960,0x4D6960,sub_4D6960,,0x957870;0x957870;0x957870
FN_libManis_004D6A2C,0x4D6A2C,sub_4D6A2C,,0x3F8650;0x442688;0x33AEDC;0x33AEFC;0x33B970;0x33B970;0x3F8E7C;0x3F8E7C;0x3F8E7C;0x3F8E7C
FN_libManis_004D74C4,0x4D74C4,sub_4D74C4,0x3FA80C,0x338E1C;0x45F85C
FN_libManis_004D764C,0x4D764C,sub_4D764C,,0x957870;0x957870;0x957870
FN_libManis_004D7718,0x4D7718,sub_4D7718,,0x3F8E7C;0x3F8E7C;0x3F8E7C;0x3F8E7C;0x3F90F4;0x957840;0x957840;0x957840
FN_libManis_004D7DD4,0x4D7DD4,sub_4D7DD4,0x3FA80C,0x338E1C;0x45F85C
FN_libManis_004D7F5C,0x4D7F5C,sub_4D7F5C,,0x957870;0x957870;0x957870
FN_libManis_004D8028,0x4D8028,sub_4D8028,,0x3F91C0;0x957840;0x957870;0x957840;0x957840;0x957840
FN_libManis_004D841C,0x4D841C,sub_4D841C,0x3FA80C,0x338E1C;0x45F85C
FN_libManis_004D85A4,0x4D85A4,sub_4D85A4,,0x957870;0x957870;0x957870
FN_libManis_004D8670,0x4D8670,sub_4D8670,0x4D8ACC,0x3374AC;0x334CEC;0x36BB44
FN_libManis_004D8ACC,0x4D8ACC,sub_4D8ACC,,0x957840;0x957840;0x957840;0x3F8E7C;0x3F8E7C;0x3F8650;0x3F8CD8;0x3F8CD8;0x3F8CD8;0x3F8CD8
FN_libManis_004DA5A4,0x4DA5A4,sub_4DA5A4,0x3FA80C,0x338E1C;0x45F85C
FN_libManis_004DA72C,0x4DA72C,sub_4DA72C,,0x957870;0x957870;0x957870
FN_libManis_004DA7F8,0x4DA7F8,sub_4DA7F8,0x4D8ACC;0x4D8ACC;0x503FB4;0x503FB4;0x77D8CC;0x77D8CC;0x78166C;0x7972E4,0x36BB44;0x334CEC
FN_libManis_004DA9B4,0x4DA9B4,sub_4DA9B4,0x4D8ACC,0x4DABA0;0x334CEC
FN_libManis_004DABA0,0x4DABA0,sub_4DABA0,0x4DA9B4,0x334CD4
FN_libManis_004DABB4,0x4DABB4,sub_4DABB4,0x4D8ACC,0x4DADA0;0x334CEC
FN_libManis_004DADA0,0x4DADA0,sub_4DADA0,0x4DABB4,0x334CD4
FN_libManis_004DADB4,0x4DADB4,sub_4DADB4,0x4D8ACC;0x4D8ACC;0x4DAF40;0x4DB0EC,0x334CD4
FN_libManis_004DADC8,0x4DADC8,sub_4DADC8,0x4D8ACC;0x4D8ACC;0x4DADC8,0x4DADC8
FN_libManis_004DAF40,0x4DAF40,sub_4DAF40,0x4D8ACC;0x4D8ACC,0x4DADB4;0x334CEC
FN_libManis_004DB0EC,0x4DB0EC,sub_4DB0EC,0x4D8ACC,0x4DADB4;0x334CEC
FN_libManis_004DB354,0x4DB354,sub_4DB354,0x4D8ACC,0x36BB44;0x334CEC
FN_libManis_004DB6A8,0x4DB6A8,sub_4DB6A8,,0x3F90F4;0x33ACFC;0x957840;0x957840;0x957840
FN_libManis_004DC094,0x4DC094,sub_4DC094,0x3FA80C,0x338E1C;0x45F85C
FN_libManis_004DC21C,0x4DC21C,sub_4DC21C,,0x957870;0x957870;0x957870
FN_libManis_004DC7A0,0x4DC7A0,sub_4DC7A0,0x4DD358,0x3F8E7C;0x3F8E7C;0x3F8E7C;0x3F8650;0x957840;0x957840;0x957840;0x442688;0x33AEDC;0x33AEFC
FN_libManis_004DD358,0x4DD358,sub_4DD358,,0x3F8E7C;0x3F90F4;0x3F8650;0x3F8CD8;0x3F940C;0x3F97D0;0x33AEDC;0x33AEFC;0x33B970;0x33B970
FN_libManis_004DE38C,0x4DE38C,sub_4DE38C,0x3FA80C,0x338E1C;0x45F85C
FN_libManis_004DE514,0x4DE514,sub_4DE514,,0x957870;0x957870;0x957870
FN_libManis_004DE5E0,0x4DE5E0,sub_4DE5E0,,0x33ACFC;0x957840;0x957840;0x3F90F4;0x3F8E7C;0x3F8E7C;0x3F8E7C;0x3F8E7C;0x957840;0x3F90F4
FN_libManis_004DF1B8,0x4DF1B8,sub_4DF1B8,0x3FA80C,0x338E1C;0x45F85C
FN_libManis_004DF340,0x4DF340,sub_4DF340,,0x957870;0x957870;0x957870
FN_libManis_004DF40C,0x4DF40C,sub_4DF40C,,0x957840;0x3F8E7C;0x3F8E7C;0x3F8E7C;0x3F8E7C;0x3F8E7C;0x3F90F4;0x3F8E7C;0x3F8E7C;0x3F8E7C
FN_libManis_004DFCA8,0x4DFCA8,sub_4DFCA8,0x3FA80C,0x338E1C;0x45F85C
FN_libManis_004DFE30,0x4DFE30,sub_4DFE30,,0x957870;0x957870;0x957870
FN_libManis_004DFEFC,0x4DFEFC,sub_4DFEFC,,0x3F8E7C;0x3F8E7C;0x3F8E7C;0x3F90F4;0x3F8E7C;0x3F8E7C;0x3F8E7C;0x3F90F4;0x3F8E7C;0x3F90F4
FN_libManis_004E07D0,0x4E07D0,sub_4E07D0,0x3FA80C,0x338E1C;0x45F85C
FN_libManis_004E0958,0x4E0958,sub_4E0958,,0x957870;0x957870;0x957870
FN_libManis_004E0A24,0x4E0A24,sub_4E0A24,,0x3F8E7C;0x957840;0x957840;0x957840
FN_libManis_004E0DC4,0x4E0DC4,sub_4E0DC4,0x3FA80C,0x338E1C;0x45F85C
FN_libManis_004E0F4C,0x4E0F4C,sub_4E0F4C,,0x957870;0x957870;0x957870
FN_libManis_004E1018,0x4E1018,sub_4E1018,,0x957840;0x4E1448;0x957840;0x4E1E8C;0x957840;0x4E17AC;0x957840;0x4E21EC;0x957840;0x4E1B60
FN_libManis_004E1364,0x4E1364,sub_4E1364,0x4E1018,0x3F90F4;0x3F90F4
FN_libManis_004E1448,0x4E1448,sub_4E1448,0x4E1018,0x3F8E7C;0x3F8E7C;0x3F90F4;0x3F90F4;0x3F8E7C
FN_libManis_004E15CC,0x4E15CC,sub_4E15CC,0x4E1018,0x3F8E7C;0x3F8E7C;0x3F90F4;0x3F90F4;0x3F8E7C
FN_libManis_004E17AC,0x4E17AC,sub_4E17AC,0x4E1018,0x3F8E7C;0x3F8E7C;0x3F8E7C;0x3F8E7C;0x3F90F4;0x3F90F4;0x3F90F4;0x3F8E7C;0x3F8E7C;0x3F90F4
FN_libManis_004E1B60,0x4E1B60,sub_4E1B60,0x4E1018,0x3F90F4;0x3F90F4;0x3F90F4;0x957840;0x957870;0x957840;0x957870
FN_libManis_004E1DA8,0x4E1DA8,sub_4E1DA8,0x4E1018,0x3F90F4;0x3F90F4
FN_libManis_004E1E8C,0x4E1E8C,sub_4E1E8C,0x4E1018,0x3F8E7C;0x3F8E7C;0x3F90F4;0x3F90F4;0x3F8E7C
FN_libManis_004E200C,0x4E200C,sub_4E200C,0x4E1018,0x3F8E7C;0x3F8E7C;0x3F90F4;0x3F90F4;0x3F8E7C
FN_libManis_004E21EC,0x4E21EC,sub_4E21EC,0x4E1018,0x3F8E7C;0x3F8E7C;0x3F8E7C;0x3F8E7C;0x3F90F4;0x3F90F4;0x3F90F4;0x3F8E7C;0x3F8E7C;0x3F90F4
FN_libManis_004E2858,0x4E2858,sub_4E2858,0x3FA80C,0x338E1C;0x45F85C
FN_libManis_004E29E0,0x4E29E0,sub_4E29E0,,0x957870;0x957870;0x957870
FN_libManis_004E2AAC,0x4E2AAC,sub_4E2AAC,,0x33ACFC;0x3F8E7C;0x3F8E7C;0x3F8E7C;0x3F8E7C;0x3F8E7C;0x3F8E7C;0x3F90F4;0x3F90F4;0x3F90F4
FN_libManis_004E3A78,0x4E3A78,sub_4E3A78,0x3FA80C,0x338E1C;0x45F85C
FN_libManis_004E3C00,0x4E3C00,sub_4E3C00,,0x957870;0x957870;0x957870
FN_libManis_004E3CCC,0x4E3CCC,sub_4E3CCC,,0x957840;0x957840;0x3F90F4;0x3F8E7C;0x3F8E7C;0x3F8E7C;0x3F8E7C;0x3F8E7C;0x3F8E7C;0x3F8E7C
FN_libManis_004E4ED0,0x4E4ED0,sub_4E4ED0,0x3FA80C,0x338E1C;0x45F85C
FN_libManis_004E5058,0x4E5058,sub_4E5058,,0x957870;0x957870;0x957870
FN_libManis_004E5124,0x4E5124,sub_4E5124,,0x33ACE0;0x33ACE0;0x3374AC
FN_libManis_004E52FC,0x4E52FC,sub_4E52FC,,0x957840;0x957840;0x957840;0x957840;0x3F8E7C;0x3F8E7C;0x3F8E7C;0x3F8E7C;0x3F90F4;0x3F90F4
FN_libManis_004E6208,0x4E6208,sub_4E6208,0x3FA80C,0x338E1C;0x45F85C
FN_libManis_004E6390,0x4E6390,sub_4E6390,,0x957870;0x957870;0x957870
FN_libManis_004E645C,0x4E645C,sub_4E645C,,0x3F90F4;0x3F90F4;0x3F90F4;0x3F90F4;0x3F8E7C;0x3F8E7C;0x3F8E7C;0x3F8E7C;0x33ACE0;0x348310
FN_libManis_004E6CC8,0x4E6CC8,sub_4E6CC8,0x3FA80C,0x338E1C;0x45F85C
FN_libManis_004E6E50,0x4E6E50,sub_4E6E50,,0x957870;0x957870;0x957870
FN_libManis_004E6F1C,0x4E6F1C,sub_4E6F1C,,0x33ACFC;0x3F8E7C
FN_libManis_004E73E8,0x4E73E8,sub_4E73E8,,0x3F8E7C
FN_libManis_004E754C,0x4E754C,sub_4E754C,,0x3F8E7C;0x957840;0x957840;0x957840
FN_libManis_004E7958,0x4E7958,sub_4E7958,0x3FA80C,0x338E1C;0x45F85C
FN_libManis_004E7AE0,0x4E7AE0,sub_4E7AE0,,0x957870;0x957870;0x957870
FN_libManis_004E7BAC,0x4E7BAC,sub_4E7BAC,,0x3F90F4;0x33ACFC;0x957840;0x957840;0x957840
FN_libManis_004E8278,0x4E8278,sub_4E8278,0x3FA80C,0x338E1C;0x45F85C
FN_libManis_004E8400,0x4E8400,sub_4E8400,,0x957870;0x957870;0x957870
FN_libManis_004E84CC,0x4E84CC,sub_4E84CC,,0x957840;0x957840;0x3F90F4;0x3F8650;0x957870;0x3F8C90;0x3F8B6C;0x3F940C;0x3F97D0;0x33AEDC
FN_libManis_004E98E0,0x4E98E0,sub_4E98E0,0x4E84CC;0x4E84CC;0x4E84CC;0x4E84CC,0x3F8E7C;0x3F8E7C;0x3F8E7C;0x957840;0x957840;0x957840
FN_libManis_004EAA80,0x4EAA80,sub_4EAA80,0x3FA80C,0x338E1C;0x45F85C
FN_libManis_004EAC08,0x4EAC08,sub_4EAC08,,0x957870;0x957870;0x957870
FN_libManis_004EACD4,0x4EACD4,sub_4EACD4,,0x957840;0x957840;0x3F90F4;0x33ACE0;0x957870;0x957870;0x957840;0x957840;0x957840
FN_libManis_004EB148,0x4EB148,sub_4EB148,0x3FA80C,0x338E1C;0x45F85C
FN_libManis_004EB2D0,0x4EB2D0,sub_4EB2D0,,0x957870;0x957870;0x957870
FN_libManis_004EB39C,0x4EB39C,sub_4EB39C,,0x3F91C0;0x3F91B4;0x957840;0x957840;0x957840
FN_libManis_004EB728,0x4EB728,sub_4EB728,0x3FA80C,0x338E1C;0x45F85C
FN_libManis_004EB8B0,0x4EB8B0,sub_4EB8B0,,0x957870;0x957870;0x957870
FN_libManis_004EBA5C,0x4EBA5C,sub_4EBA5C,0x4EC80C,0x33ACE0;0x33ACE0;0x348310;0x348310;0x37059C;0x3706CC;0x4ED884;0x3F8E7C;0x3F8E7C;0x3F8E7C
FN_libManis_004EC80C,0x4EC80C,sub_4EC80C,,0x4EBA5C;0x33ACE0
FN_libManis_004EC8C0,0x4EC8C0,sub_4EC8C0,,0x3F8E7C;0x3F8E7C;0x3F8E7C;0x3F8E7C;0x3F8E7C;0x3F8E7C;0x3F90F4;0x3F90F4;0x3F90F4;0x3F90F4
FN_libManis_004ED540,0x4ED540,sub_4ED540,0x3FA80C,0x338E1C;0x45F85C
FN_libManis_004ED6C8,0x4ED6C8,sub_4ED6C8,0x4ED7E0,0x957870;0x957870;0x957870
FN_libManis_004ED7E0,0x4ED7E0,sub_4ED7E0,,0x4ED6C8
FN_libManis_004ED884,0x4ED884,sub_4ED884,0x4EBA5C;0x596424,
FN_libManis_004EDA1C,0x4EDA1C,sub_4EDA1C,,0x3F8E7C;0x3F8E7C;0x3F8E7C;0x3F8E7C;0x3F8E7C;0x338E1C;0x4EDC80;0x33ACE0
FN_libManis_004EDC80,0x4EDC80,sub_4EDC80,0x4EDA1C,0x4EE6BC;0x4EE8B4;0x957840;0x957840;0x957840
FN_libManis_004EE468,0x4EE468,sub_4EE468,0x3FA80C,0x338E1C;0x45F85C
FN_libManis_004EE5F0,0x4EE5F0,sub_4EE5F0,,0x957870;0x957870;0x957870
FN_libManis_004EE6BC,0x4EE6BC,sub_4EE6BC,0x4EDC80,
FN_libManis_004EE8B4,0x4EE8B4,sub_4EE8B4,0x4EDC80,0x334CD4;0x3706CC;0x37059C;0x468998;0x44DE9C;0x3F90F4;0x3F90F4;0x3F8E7C;0x3F8E7C;0x3F90F4
FN_libManis_004EEEE0,0x4EEEE0,sub_4EEEE0,,0x3F90F4;0x3F90F4;0x3F90F4;0x3F90F4;0x3F90F4;0x3F8E7C;0x3F8E7C;0x3F90F4;0x3F90F4;0x3F90F4
FN_libManis_004F00B8,0x4F00B8,sub_4F00B8,0x3FA80C,0x338E1C;0x45F85C
FN_libManis_004F0240,0x4F0240,sub_4F0240,,0x957870;0x957870;0x957870
FN_libManis_004F030C,0x4F030C,sub_4F030C,,0x33ACFC;0x957840;0x957840;0x3F8E7C;0x3F90F4;0x33ACE0;0x33ACFC;0x957870;0x957870;0x957840
FN_libManis_004F0F48,0x4F0F48,sub_4F0F48,0x3FA80C,0x338E1C;0x45F85C
FN_libManis_004F10D0,0x4F10D0,sub_4F10D0,,0x957870;0x957870;0x957870
FN_libManis_004F119C,0x4F119C,sub_4F119C,,0x4540B0;0x957870;0x45AD90;0x33AEDC;0x33AEFC;0x33B970;0x33B970
FN_libManis_004F1774,0x4F1774,sub_4F1774,,0x4F58BC;0x4F58BC;0x33ACFC;0x33ACFC;0x33ACFC;0x4F58BC;0x4F58BC;0x3F8E7C;0x33ACFC;0x3F8650
FN_libManis_004F58BC,0x4F58BC,sub_4F58BC,0x4F1774;0x4F1774;0x4F1774;0x4F1774,0x3374AC;0x334CEC
FN_libManis_004F5C80,0x4F5C80,sub_4F5C80,0x4F1774,
FN_libManis_004F5D94,0x4F5D94,sub_4F5D94,0x4F1774,0x957840;0x957840;0x957840
FN_libManis_004F60E8,0x4F60E8,sub_4F60E8,0x3FA80C,0x338E1C;0x45F85C
FN_libManis_004F6270,0x4F6270,sub_4F6270,0x4F6378,0x957870;0x957870;0x957870;0x957870
FN_libManis_004F6378,0x4F6378,sub_4F6378,,0x4F6270
FN_libManis_004F639C,0x4F639C,sub_4F639C,0x4F1774,0x334CD4
FN_libManis_004F63B0,0x4F63B0,sub_4F63B0,0x4F1774,0x334CD4
FN_libManis_004F63C4,0x4F63C4,sub_4F63C4,0x4F6640;0x4F7444,0x957840;0x957840;0x957840;0x3F90F4;0x3F8E7C;0x3F91B4;0x33ACE0;0x957870;0x957870;0x957870
FN_libManis_004F6640,0x4F6640,sub_4F6640,,0x957840;0x338E1C;0x4F7328;0x957870;0x33ACE0;0x957870;0x3F8650;0x3F8C90;0x3F97D0;0x33AEDC
FN_libManis_004F7328,0x4F7328,sub_4F7328,0x4F6640;0x4F7444;0x59E3D0;0x59F91C;0x59F91C;0x5A3F48;0x5A7D1C;0x5AA6E8;0x5AC42C;0x5AFB84,0x3F283C;0x957840
FN_libManis_004F7444,0x4F7444,sub_4F7444,,0x957840;0x957840;0x957840;0x957840;0x3F8650;0x3F8C90;0x3F940C;0x3F97D0;0x33AEDC;0x33AEFC
FN_libManis_004F8704,0x4F8704,sub_4F8704,0x3FA80C,0x338E1C;0x45F85C
FN_libManis_004F888C,0x4F888C,sub_4F888C,,0x957870;0x957870;0x957870
FN_libManis_004F8958,0x4F8958,sub_4F8958,0x4F6640;0x59E3D0;0x59E3D0;0x59E3D0;0x5A3F48;0x5A3F48;0x5A7D1C;0x5AA6E8;0x5AC42C;0x5AFB84,0x338E1C;0x33E200
FN_libManis_004F8AFC,0x4F8AFC,sub_4F8AFC,,0x33ACFC;0x957840;0x957840;0x957840;0x957840;0x3F91C0;0x3F8E7C;0x3F90F4;0x3F90F4;0x3F90F4
FN_libManis_004FA2B4,0x4FA2B4,sub_4FA2B4,0x3FA80C,0x338E1C;0x45F85C
FN_libManis_004FA43C,0x4FA43C,sub_4FA43C,,0x957870;0x957870;0x957870
FN_libManis_004FA508,0x4FA508,sub_4FA508,,0x33ACE0;0x33ACE0;0x348310;0x957840;0x957840;0x957840
FN_libManis_004FA9C4,0x4FA9C4,sub_4FA9C4,0x3FA80C,0x338E1C;0x45F85C
FN_libManis_004FAB4C,0x4FAB4C,sub_4FAB4C,,0x957870;0x957870;0x957870
FN_libManis_004FAC18,0x4FAC18,sub_4FAC18,,0x33ACFC;0x3F8E7C;0x3F8E7C;0x3F8E7C;0x3F8E7C;0x3F90F4;0x3F90F4;0x3F90F4;0x3F90F4;0x3F8E7C
FN_libManis_004FB670,0x4FB670,sub_4FB670,0x3FA80C,0x338E1C;0x45F85C
FN_libManis_004FB7F8,0x4FB7F8,sub_4FB7F8,,0x957870;0x957870;0x957870;0x957840;0x3F8E7C;0x3F8E7C;0x3F8E7C;0x3F8E7C;0x3F90F4;0x33ACE0
FN_libManis_004FBFCC,0x4FBFCC,sub_4FBFCC,,0x3374AC;0x3707FC;0x348310;0x334CEC
FN_libManis_004FC77C,0x4FC77C,sub_4FC77C,,0x3F90F4;0x33ACFC;0x957840;0x957840;0x957840
FN_libManis_004FCF08,0x4FCF08,sub_4FCF08,0x3FA80C,0x338E1C;0x45F85C
FN_libManis_004FD090,0x4FD090,sub_4FD090,,0x957870;0x957870;0x957870
FN_libManis_004FD15C,0x4FD15C,sub_4FD15C,,0x3F90F4;0x957840;0x957840;0x957840
FN_libManis_004FD498,0x4FD498,sub_4FD498,0x3FA80C,0x338E1C;0x45F85C
FN_libManis_004FD620,0x4FD620,sub_4FD620,,0x957870;0x957870;0x957870
FN_libManis_004FD6EC,0x4FD6EC,sub_4FD6EC,,0x957840;0x957840;0x957840;0x957840;0x957840;0x957840;0x957840;0x957840;0x957840;0x957840
FN_libManis_004FDE94,0x4FDE94,sub_4FDE94,0x4FD6EC,0x3F90F4;0x3F90F4;0x3F8E7C;0x3F8E7C;0x3F8E7C;0x3F8E7C;0x33ACFC;0x33ACE0;0x3F8E7C;0x3F8E7C
FN_libManis_004FECE0,0x4FECE0,sub_4FECE0,0x4FD6EC,0x3F90F4;0x3F90F4;0x3F8E7C;0x3F8E7C;0x3F8E7C;0x3F8E7C;0x33ACFC;0x33ACE0;0x3F8E7C;0x3F8E7C
FN_libManis_004FFB2C,0x4FFB2C,sub_4FFB2C,0x4FD6EC,0x3F90F4;0x3F90F4;0x3F8E7C;0x3F8E7C;0x3F8E7C;0x3F8E7C;0x33ACFC;0x33ACE0;0x3F8E7C;0x3F8E7C
FN_libManis_00500BE0,0x500BE0,sub_500BE0,0x3FA80C,0x338E1C;0x45F85C
FN_libManis_00500D68,0x500D68,sub_500D68,,0x957870;0x957870;0x957870
FN_libManis_00500E34,0x500E34,sub_500E34,,0x33ACFC;0x3F90F4;0x3F90F4;0x33ACE0;0x33ACE0;0x348310;0x957840;0x957840;0x957840
FN_libManis_005019CC,0x5019CC,sub_5019CC,0x3FA80C,0x338E1C;0x45F85C
FN_libManis_00501B54,0x501B54,sub_501B54,,0x957870;0x957870;0x957870
FN_libManis_00501C20,0x501C20,sub_501C20,,0x3F90F4;0x957840;0x957840;0x957840
FN_libManis_00502070,0x502070,sub_502070,0x3FA80C,0x338E1C;0x45F85C
FN_libManis_005021F8,0x5021F8,sub_5021F8,,0x957870;0x957870;0x957870
FN_libManis_005022C4,0x5022C4,sub_5022C4,,0x957840;0x957840;0x3F8E7C;0x3F8E7C;0x3F8E7C;0x3F8E7C;0x3F8E7C;0x3F8E7C;0x3F8E7C;0x33ACE0
FN_libManis_0050291C,0x50291C,sub_50291C,0x3FA80C,0x338E1C;0x45F85C
FN_libManis_00502AA4,0x502AA4,sub_502AA4,,0x957870;0x957870;0x957870
FN_libManis_00502B70,0x502B70,sub_502B70,,0x3F90F4;0x3F90F4;0x3F90F4;0x3F91B4;0x33ACE0;0x348310;0x348310;0x957840;0x957840;0x957840
FN_libManis_00503170,0x503170,sub_503170,0x3FA80C,0x338E1C;0x45F85C
FN_libManis_005032F8,0x5032F8,sub_5032F8,,0x957870;0x957870;0x957870
FN_libManis_005033C4,0x5033C4,sub_5033C4,,0x3F91C0;0x957840;0x957840;0x957840
FN_libManis_00503740,0x503740,sub_503740,0x3FA80C,0x338E1C;0x45F85C
FN_libManis_005038C8,0x5038C8,sub_5038C8,,0x957870;0x957870;0x957870
FN_libManis_00503994,0x503994,sub_503994,,0x348310;0x334CEC
FN_libManis_00503CA0,0x503CA0,sub_503CA0,,0x33ACFC
FN_libManis_00503FB4,0x503FB4,sub_503FB4,,0x957840;0x957840;0x957840;0x3F8E7C;0x38D940;0x4DA7F8;0x441740;0x4DA7F8;0x5058E8;0x441740
FN_libManis_00504C24,0x504C24,sub_504C24,0x3FA80C,0x338E1C;0x45F85C
FN_libManis_00504DAC,0x504DAC,sub_504DAC,0x504E94,0x957870;0x957870;0x957870
FN_libManis_00504E94,0x504E94,sub_504E94,,0x504DAC
FN_libManis_00504EB8,0x504EB8,sub_504EB8,0x503FB4,0x442368;0x441CFC;0x441C88;0x440AF0;0x33AEFC;0x33B970;0x33B970;0x348310
FN_libManis_005058E8,0x5058E8,sub_5058E8,0x503FB4;0x880C30;0x880C30,0x348310;0x334CEC
FN_libManis_00505B88,0x505B88,sub_505B88,,0x957840;0x3F8E7C;0x3F8E7C;0x33ACE0;0x33ACFC;0x957870
FN_libManis_00505CE4,0x505CE4,sub_505CE4,,0x33ACFC
FN_libManis_00505FF8,0x505FF8,sub_505FF8,,0x957840;0x957840;0x3F8E7C;0x3F8E7C;0x3F8650;0x3F8CD8;0x3F940C;0x3F97D0;0x33AEDC;0x33AEFC
FN_libManis_00506C58,0x506C58,sub_506C58,0x3FA80C,0x338E1C;0x45F85C
FN_libManis_00506DE0,0x506DE0,sub_506DE0,,0x957870;0x957870;0x957870
FN_libManis_00506EAC,0x506EAC,sub_506EAC,,0x3F91C0;0x957840;0x507714;0x957870;0x957840;0x507B60;0x957870;0x33ACE0;0x33ACFC;0x957840
FN_libManis_005074EC,0x5074EC,sub_5074EC,0x506EAC;0x506EAC;0x5074EC;0x5074EC,0x3F8E7C;0x5074EC;0x957840;0x5074EC;0x957870
FN_libManis_00507714,0x507714,sub_507714,0x506EAC;0x506EAC;0x507714;0x507714,0x3F8E7C;0x507714;0x957840;0x507714;0x957870
FN_libManis_00507938,0x507938,sub_507938,0x506EAC;0x506EAC;0x507938;0x507938,0x3F8E7C;0x507938;0x957840;0x507938;0x957870
FN_libManis_00507B60,0x507B60,sub_507B60,0x506EAC;0x506EAC;0x507B60;0x507B60,0x3F8E7C;0x507B60;0x957840;0x507B60;0x957870;0x957840;0x957840;0x957840
FN_libManis_00508050,0x508050,sub_508050,0x3FA80C,0x338E1C;0x45F85C
FN_libManis_005081D8,0x5081D8,sub_5081D8,,0x957870;0x957870;0x957870
FN_libManis_005082A4,0x5082A4,sub_5082A4,,0x50859C;0x33ACE0;0x33ACFC
FN_libManis_0050859C,0x50859C,sub_50859C,0x5082A4,0x508C0C;0x509888;0x957840;0x957840;0x957840
FN_libManis_005089B8,0x5089B8,sub_5089B8,0x3FA80C,0x338E1C;0x45F85C
FN_libManis_00508B40,0x508B40,sub_508B40,,0x957870;0x957870;0x957870
FN_libManis_00508C0C,0x508C0C,sub_508C0C,0x50859C,0x50A504;0x50AAA8;0x348310
FN_libManis_00509888,0x509888,sub_509888,0x50859C,0x50C134;0x50C6D8;0x348310
FN_libManis_0050A504,0x50A504,sub_50A504,0x508C0C,
FN_libManis_0050AAA8,0x50AAA8,sub_50AAA8,0x508C0C;0x50AAA8,0x50B53C;0x50B694;0x50B694;0x50AAA8;0x50B3E8;0x50BAFC
FN_libManis_0050B3E8,0x50B3E8,sub_50B3E8,0x50AAA8,
FN_libManis_0050B53C,0x50B53C,sub_50B53C,0x50AAA8,
FN_libManis_0050B694,0x50B694,sub_50B694,0x50AAA8;0x50AAA8,0x50BAFC;0x50BAFC
FN_libManis_0050BAFC,0x50BAFC,sub_50BAFC,0x50AAA8;0x50B694;0x50B694,
FN_libManis_0050BC7C,0x50BC7C,sub_50BC7C,,0x50C00C
FN_libManis_0050C00C,0x50C00C,sub_50C00C,0x50BC7C,
FN_libManis_0050C134,0x50C134,sub_50C134,0x509888,
FN_libManis_0050C6D8,0x50C6D8,sub_50C6D8,0x509888;0x50C6D8,0x50D16C;0x50D2C4;0x50D2C4;0x50C6D8;0x50D018;0x50D72C
FN_libManis_0050D018,0x50D018,sub_50D018,0x50C6D8,
FN_libManis_0050D16C,0x50D16C,sub_50D16C,0x50C6D8,
FN_libManis_0050D2C4,0x50D2C4,sub_50D2C4,0x50C6D8;0x50C6D8,0x50D72C;0x50D72C
FN_libManis_0050D72C,0x50D72C,sub_50D72C,0x50C6D8;0x50D2C4;0x50D2C4,
FN_libManis_0050D8AC,0x50D8AC,sub_50D8AC,,0x50DC3C
FN_libManis_0050DC3C,0x50DC3C,sub_50DC3C,0x50D8AC,
FN_libManis_0050DD64,0x50DD64,sub_50DD64,,0x45380C;0x45393C;0x33ACFC;0x452774;0x453960
FN_libManis_0050E0BC,0x50E0BC,sub_50E0BC,,0x3F90F4;0x957840;0x957840;0x957840
FN_libManis_0050E430,0x50E430,sub_50E430,0x3FA80C,0x338E1C;0x45F85C
FN_libManis_0050E5B8,0x50E5B8,sub_50E5B8,,0x957870;0x957870;0x957870
FN_libManis_0050E684,0x50E684,sub_50E684,,0x3F91C0;0x3F91B4;0x957840;0x957840;0x957840
FN_libManis_0050EA10,0x50EA10,sub_50EA10,0x3FA80C,0x338E1C;0x45F85C
FN_libManis_0050EB98,0x50EB98,sub_50EB98,,0x957870;0x957870;0x957870
FN_libManis_0050EC64,0x50EC64,sub_50EC64,,0x3F8E7C;0x3F8E7C;0x3F8E7C;0x3F8E7C;0x3F8E7C;0x3F8E7C;0x3F90F4;0x3F90F4;0x957840;0x957840
FN_libManis_0050F22C,0x50F22C,sub_50F22C,0x3FA80C,0x338E1C;0x45F85C
FN_libManis_0050F3B4,0x50F3B4,sub_50F3B4,,0x957870;0x957870;0x957870
FN_libManis_0050F480,0x50F480,sub_50F480,0x5119F4,0x957840;0x957840;0x957840;0x957840;0x3F90F4;0x3F8650;0x3F8C90;0x3F940C;0x3F97D0;0x33AEDC
FN_libManis_005118C8,0x5118C8,sub_5118C8,,0x421080;0x421080;0x421080;0x957840;0x957870
FN_libManis_005119F4,0x5119F4,sub_5119F4,,0x50F480;0x33AEDC;0x33AEFC;0x33B970;0x3F8650;0x957870;0x3F8C90;0x3F940C;0x3F97D0;0x33AEDC
FN_libManis_0051271C,0x51271C,sub_51271C,0x3FA80C,0x338E1C;0x45F85C
FN_libManis_005128A4,0x5128A4,sub_5128A4,0x5129AC,0x957870;0x957870;0x957870;0x957870
FN_libManis_005129AC,0x5129AC,sub_5129AC,,0x5128A4
FN_libManis_005129D0,0x5129D0,sub_5129D0,0x3E25EC,0x512A1C
FN_libManis_00512A1C,0x512A1C,sub_512A1C,0x5129D0,0x33E200;0x3BCF4C
FN_libManis_00512BB4,0x512BB4,sub_512BB4,0x3E2608,0x512C00
FN_libManis_00512C00,0x512C00,sub_512C00,0x512BB4,0x33E200;0x3BCF4C
FN_libManis_00512D98,0x512D98,sub_512D98,,0x515864;0x33ACFC;0x957870
FN_libManis_00512F64,0x512F64,sub_512F64,,0x957870;0x957870
FN_libManis_0051306C,0x51306C,sub_51306C,,0x3E1EF8;0x957870
FN_libManis_00513168,0x513168,sub_513168,0x42055C,
FN_libManis_00513174,0x513174,sub_513174,,0x957840
FN_libManis_005131F4,0x5131F4,sub_5131F4,,0x3E225C;0x957870
FN_libManis_00513298,0x513298,sub_513298,,0x3E1F40;0x3E225C;0x957870
FN_libManis_00513344,0x513344,sub_513344,,0x957870
FN_libManis_005133A0,0x5133A0,sub_5133A0,,0x957870
FN_libManis_0051369C,0x51369C,sub_51369C,0x3E25D0,0x5136E8
FN_libManis_005136E8,0x5136E8,sub_5136E8,0x51369C,0x33E200;0x3F7050
FN_libManis_00513880,0x513880,sub_513880,,0x33ACE0;0x957870;0x33ACFC
FN_libManis_00513A84,0x513A84,sub_513A84,,0x957870
FN_libManis_00513AE0,0x513AE0,sub_513AE0,,0x957870
FN_libManis_00513B50,0x513B50,sub_513B50,,0x33ACE0;0x3F7A40;0x33AD18;0x33AEDC;0x33AEFC;0x33B970;0x33B970;0x3E1F40;0x338E1C;0x3E1EB8
FN_libManis_00514A90,0x514A90,sub_514A90,,0x957150;0x5156A4;0x517AFC;0x957870;0x957870;0x33ACE0;0x51552C
FN_libManis_00514BE4,0x514BE4,sub_514BE4,,0x957150;0x3E1F40;0x5156A4;0x5178E0;0x957870;0x51552C
FN_libManis_00514D04,0x514D04,sub_514D04,,0x957150;0x5156A4;0x517824;0x957870;0x33ACE0;0x51552C
FN_libManis_00514E0C,0x514E0C,sub_514E0C,,0x957150;0x5156A4;0x517F9C;0x957870;0x5152DC;0x51552C
FN_libManis_005152DC,0x5152DC,sub_5152DC,0x514E0C;0x515B18,0x33BD20
FN_libManis_0051552C,0x51552C,sub_51552C,0x514A90;0x514BE4;0x514D04;0x514E0C;0x51785C,0x51758C;0x957870
FN_libManis_005155BC,0x5155BC,sub_5155BC,,0x957870;0x957870;0x957870
FN_libManis_005156A4,0x5156A4,sub_5156A4,0x514A90;0x514BE4;0x514D04;0x514E0C,0x957840;0x35C404;0x35C46C;0x35C404;0x35C46C
FN_libManis_00515828,0x515828,sub_515828,,0x517774
FN_libManis_00515864,0x515864,sub_515864,0x512D98,
FN_libManis_0051590C,0x51590C,sub_51590C,,0x51785C;0x517AFC;0x957870;0x957870;0x33ACE0
FN_libManis_005159E4,0x5159E4,sub_5159E4,,0x3E1F40;0x51785C;0x5178E0;0x957870
FN_libManis_00515A84,0x515A84,sub_515A84,,0x51785C;0x517824;0x957870;0x33ACE0
FN_libManis_00515B18,0x515B18,sub_515B18,,0x51785C;0x517F9C;0x957870;0x5152DC
FN_libManis_00515F64,0x515F64,sub_515F64,,0x3E1E70;0x32BE50;0x957870
FN_libManis_0051604C,0x51604C,sub_51604C,,0x32C410;0x32BE50
FN_libManis_005160CC,0x5160CC,sub_5160CC,,0x957870
FN_libManis_0051615C,0x51615C,sub_51615C,,0x957840;0x957870;0x957840;0x957870;0x957840;0x3E1E70;0x3E1E70;0x957840;0x957840;0x957840
FN_libManis_00516A1C,0x516A1C,sub_516A1C,,0x957840;0x957870;0x957840;0x957870;0x957840;0x957870;0x957870;0x957870;0x957840;0x957870
FN_libManis_00516D78,0x516D78,sub_516D78,,0x957870
FN_libManis_00516E08,0x516E08,sub_516E08,,0x957840;0x957870;0x957840;0x957870
FN_libManis_00516F88,0x516F88,sub_516F88,,0x957840;0x957870;0x3D4204;0x957870;0x957840
FN_libManis_00517154,0x517154,sub_517154,,0x3D4204;0x957870;0x957870;0x957840;0x33E200
FN_libManis_005173A8,0x5173A8,sub_5173A8,,0x51847C
FN_libManis_005173D8,0x5173D8,sub_5173D8,,0x957840;0x957870;0x957840;0x957870
FN_libManis_0051758C,0x51758C,sub_51758C,0x51552C,0x51867C;0x957870;0x51867C;0x957870
FN_libManis_00517774,0x517774,sub_517774,0x515828,0x957870
FN_libManis_00517824,0x517824,sub_517824,0x514D04;0x515A84,
FN_libManis_0051785C,0x51785C,sub_51785C,0x51590C;0x5159E4;0x515A84;0x515B18,0x51552C
FN_libManis_005178E0,0x5178E0,sub_5178E0,0x514BE4;0x5159E4,0x3E1E70;0x32BE50;0x957840;0x957870;0x51867C;0x957840;0x957870
FN_libManis_00517AFC,0x517AFC,sub_517AFC,0x514A90;0x51590C,0x957840;0x957870;0x957840;0x957870;0x51867C;0x957840;0x957870
FN_libManis_00517F9C,0x517F9C,sub_517F9C,0x514E0C;0x515B18,
FN_libManis_00518040,0x518040,sub_518040,,0x957870
FN_libManis_005180D4,0x5180D4,sub_5180D4,,0x957840;0x957870
FN_libManis_005181A0,0x5181A0,sub_5181A0,0x5182D4,0x957870;0x957870
FN_libManis_005182D4,0x5182D4,sub_5182D4,,0x5181A0
FN_libManis_005182F8,0x5182F8,sub_5182F8,,0x51847C;0x957870
FN_libManis_005183B4,0x5183B4,sub_5183B4,,0x51847C;0x957870
FN_libManis_0051847C,0x51847C,sub_51847C,0x5173A8;0x5182F8;0x5183B4;0x518480;0x518480,
FN_libManis_00518480,0x518480,sub_518480,,0x51847C;0x51847C;0x957870
FN_libManis_0051854C,0x51854C,sub_51854C,,0x32C410;0x957870
FN_libManis_005185DC,0x5185DC,sub_5185DC,,0x32C410;0x3E2278;0x957870;0x3E2278
FN_libManis_0051867C,0x51867C,sub_51867C,0x51758C;0x51758C;0x5178E0;0x517AFC,0x5189BC
FN_libManis_005189BC,0x5189BC,sub_5189BC,0x51867C,0x334CEC
FN_libManis_00518C14,0x518C14,sub_518C14,0x593120,
FN_libManis_00518D1C,0x518D1C,sub_518D1C,0x587740;0x587888;0x587888;0x593120,
FN_libManis_00518DDC,0x518DDC,sub_518DDC,0x566D40;0x566D40;0x566D40;0x568414;0x568414;0x568414;0x568414,
FN_libManis_00518E38,0x518E38,sub_518E38,,0x44ECFC
FN_libManis_0051910C,0x51910C,sub_51910C,,0x44DB8C
FN_libManis_00519300,0x519300,sub_519300,0x587888,
FN_libManis_0051B770,0x51B770,sub_51B770,0x58ACEC,
FN_libManis_0051B894,0x51B894,sub_51B894,0x58ACEC,
FN_libManis_0051B9B8,0x51B9B8,sub_51B9B8,0x58ACEC,
FN_libManis_0051BADC,0x51BADC,sub_51BADC,0x58ACEC,
FN_libManis_0051BB58,0x51BB58,sub_51BB58,0x58ACEC,
FN_libManis_0051BC7C,0x51BC7C,sub_51BC7C,0x58ACEC,
FN_libManis_0051BDA0,0x51BDA0,sub_51BDA0,,0x44F2A8
FN_libManis_0051C068,0x51C068,sub_51C068,,0x44DB8C;0x44DB8C;0x44DB8C;0x44DB8C;0x44DB8C;0x44DB8C;0x44DB8C
FN_libManis_0051C488,0x51C488,sub_51C488,,0x44E768;0x44E768;0x44E768;0x44E768;0x44E768;0x44E768;0x44E768;0x3F8E7C;0x3F8E7C;0x3F8E7C
FN_libManis_0051EB0C,0x51EB0C,sub_51EB0C,0x59E3D0,0x3F8CD8;0x3F97D0;0x33AEDC;0x33AEFC;0x33B970;0x3F8CD8;0x3F8CD8;0x3F8CD8;0x3F8CD8;0x3F97D0
FN_libManis_0051F948,0x51F948,sub_51F948,,0x3F8650;0x3F8CD8;0x3F8CD8;0x3F8CD8;0x3F8CD8;0x3F940C;0x3F97D0;0x33AEDC;0x33AEFC;0x33B970
FN_libManis_00521538,0x521538,sub_521538,,0x3F8650;0x3F8CD8;0x3F8CD8;0x3F8CD8;0x3F8CD8;0x3F940C;0x3F97D0;0x33AEDC;0x33AEFC;0x33B970
FN_libManis_00522548,0x522548,sub_522548,,0x3F8650;0x3F8CD8;0x3F8CD8;0x3F8CD8;0x3F8CD8;0x3F940C;0x3F97D0;0x33AEDC;0x33AEFC;0x33B970
FN_libManis_005236D8,0x5236D8,sub_5236D8,,0x3F8650;0x3F8CD8;0x3F8CD8;0x3F940C;0x3F97D0;0x33AEDC;0x33AEFC;0x33B970;0x33B970;0x3F8950
FN_libManis_0052481C,0x52481C,sub_52481C,,0x35857C;0x35857C;0x35857C;0x35857C;0x35857C
FN_libManis_00526964,0x526964,sub_526964,,0x35857C;0x35857C;0x35857C;0x35857C;0x35857C
FN_libManis_00527DAC,0x527DAC,sub_527DAC,,0x35857C
FN_libManis_005285B8,0x5285B8,sub_5285B8,,0x35857C
FN_libManis_00528E1C,0x528E1C,sub_528E1C,,0x35857C;0x35857C;0x35857C;0x33ACE0
FN_libManis_0052BB44,0x52BB44,sub_52BB44,,0x35857C;0x35857C;0x35857C;0x33ACE0
FN_libManis_0052EBD0,0x52EBD0,sub_52EBD0,,0x35857C;0x35857C;0x35857C;0x35857C;0x35857C;0x35857C;0x35857C;0x35857C;0x35857C;0x35857C
FN_libManis_00530E20,0x530E20,sub_530E20,,0x35857C;0x35857C;0x35857C;0x35857C;0x35857C;0x35857C;0x35857C;0x35857C;0x35857C
FN_libManis_0053198C,0x53198C,sub_53198C,,0x35857C;0x35857C;0x35857C
FN_libManis_005325BC,0x5325BC,sub_5325BC,,0x35857C;0x35857C;0x35857C;0x35857C;0x35857C;0x35857C;0x35857C;0x35857C
FN_libManis_00533190,0x533190,sub_533190,,0x35857C;0x35857C;0x35857C;0x35857C;0x35857C;0x35857C;0x35857C
FN_libManis_00533C2C,0x533C2C,sub_533C2C,,0x35857C;0x35857C;0x35857C;0x35857C;0x35857C;0x35857C;0x35857C
FN_libManis_00534710,0x534710,sub_534710,0x5A7D1C,0x3F8CD8;0x3F8CD8;0x3F8CD8;0x3F8CD8;0x3F97D0;0x33AEDC;0x33AEFC;0x33B970;0x33B970;0x3F90F4
FN_libManis_00535CF8,0x535CF8,sub_535CF8,,0x3F8650;0x3F8CD8;0x3F8CD8;0x3F8CD8;0x3F8CD8;0x3F940C;0x3F97D0;0x33AEDC;0x33AEFC;0x33B970
FN_libManis_005381F8,0x5381F8,sub_5381F8,0x535CF8,0x3F90F4
FN_libManis_005386A4,0x5386A4,sub_5386A4,,0x3F8650;0x3F8CD8;0x3F8CD8;0x3F8CD8;0x3F8CD8;0x3F940C;0x3F97D0;0x33AEDC;0x33AEFC;0x33B970
FN_libManis_0053FC94,0x53FC94,sub_53FC94,0x5AA044,0x3F8650;0x3F8650;0x44F8D4;0x44FA00;0x3F8CD8;0x3F940C;0x3F97D0;0x33AEDC;0x3F8CD8;0x3F940C
FN_libManis_00540AE8,0x540AE8,sub_540AE8,0x53FC94,0x334CD4
FN_libManis_00540AFC,0x540AFC,sub_540AFC,0x5AA6E8,
FN_libManis_00541248,0x541248,sub_541248,0x5AAEDC,
FN_libManis_005418B0,0x5418B0,sub_5418B0,0x5AAEDC,
FN_libManis_0054263C,0x54263C,sub_54263C,0x5AC42C,
FN_libManis_0054323C,0x54323C,sub_54323C,0x5AD100,
FN_libManis_005438C8,0x5438C8,sub_5438C8,0x5AD100,
FN_libManis_0054D8FC,0x54D8FC,sub_54D8FC,0x5AD100,
FN_libManis_0054DEF8,0x54DEF8,sub_54DEF8,0x563D98;0x563D98,0x3F8650;0x3F8650;0x3F8CD8;0x3F8CD8;0x3F8CD8;0x3F8CD8;0x3F940C;0x3F97D0;0x33AEDC;0x33AEFC
FN_libManis_0055799C,0x55799C,sub_55799C,0x563D98;0x563D98,0x3F8CD8;0x3F8CD8;0x3F8CD8;0x3F8CD8;0x3F940C;0x3F97D0;0x33AEDC;0x33AEFC;0x33B970;0x33B970
FN_libManis_0055857C,0x55857C,sub_55857C,0x563D98;0x563D98,0x3F8CD8;0x3F8CD8;0x3F8CD8;0x3F8CD8;0x3F940C;0x3F97D0;0x33AEDC;0x33AEFC;0x33B970;0x33B970
FN_libManis_00560ED4,0x560ED4,sub_560ED4,0x563D98;0x563D98,0x3F8CD8;0x3F8CD8;0x3F8CD8;0x3F8CD8;0x3F940C;0x3F97D0;0x33AEDC;0x33AEFC;0x33B970;0x33B970
FN_libManis_005619EC,0x5619EC,sub_5619EC,0x563D98;0x563D98,0x3F90F4
FN_libManis_00561D48,0x561D48,sub_561D48,0x5AFB84,0x3F8CD8;0x3F97D0;0x33AEDC;0x33AEFC;0x33B970;0x33B970;0x3F8650;0x3F8CD8;0x3F8CD8;0x3F8CD8
FN_libManis_00563D98,0x563D98,sub_563D98,,0x3F8650;0x3F8CD8;0x3F8CD8;0x3F8CD8;0x3F8CD8;0x3F940C;0x3F97D0;0x33AEDC;0x33AEFC;0x33B970
FN_libManis_00566D40,0x566D40,sub_566D40,,0x3F8650;0x3F8CD8;0x3F8CD8;0x3F8CD8;0x3F940C;0x3F97D0;0x33AEDC;0x33AEFC;0x33B970;0x33B970
FN_libManis_00568414,0x568414,sub_568414,,0x3F8650;0x3F8CD8;0x3F8CD8;0x3F8CD8;0x3F940C;0x3F97D0;0x33AEDC;0x33AEFC;0x33B970;0x33B970
FN_libManis_0056B584,0x56B584,sub_56B584,,0x3F8650;0x3F8CD8;0x3F940C;0x3F97D0;0x33AEDC;0x33AEFC;0x33B970;0x33B970;0x3F8650;0x3F8CD8
FN_libManis_0056CD18,0x56CD18,sub_56CD18,,0x3F8650;0x3F8CD8;0x3F940C;0x3F97D0;0x33AEDC;0x33AEFC;0x33B970;0x33B970;0x35857C;0x443C14
FN_libManis_00570BB8,0x570BB8,sub_570BB8,,0x35857C;0x33ACE0;0x3374AC
FN_libManis_005729FC,0x5729FC,sub_5729FC,,0x3F8650;0x3F8CD8;0x3F940C;0x3F97D0;0x33AEDC;0x33AEFC;0x33B970;0x33B970;0x35857C;0x35857C
FN_libManis_00573B00,0x573B00,sub_573B00,,0x3F8650;0x3F8CD8;0x3F940C;0x3F97D0;0x33AEDC;0x33AEFC;0x33B970;0x33B970;0x35857C;0x35857C
FN_libManis_00574CA8,0x574CA8,sub_574CA8,,0x3F8650;0x3F8CD8;0x3F940C;0x3F97D0;0x33AEDC;0x33AEFC;0x33B970;0x33B970;0x35857C;0x35857C
FN_libManis_00575E40,0x575E40,sub_575E40,,0x957840;0x3F8650;0x3F8650;0x3F8CD8;0x3F8CD8;0x3F8CD8;0x3F8CD8;0x3F940C;0x3F97D0;0x33AEDC
FN_libManis_005771B4,0x5771B4,sub_5771B4,,0x957840;0x3F8650;0x3F8650;0x3F8CD8;0x3F8CD8;0x3F8CD8;0x3F8CD8;0x3F940C;0x3F97D0;0x33AEDC
FN_libManis_0057866C,0x57866C,sub_57866C,,0x957840;0x3F8650;0x3F8650;0x3F8CD8;0x3F8CD8;0x3F8CD8;0x3F8CD8;0x3F940C;0x3F97D0;0x33AEDC
FN_libManis_00579AF4,0x579AF4,sub_579AF4,,0x957840;0x3F8650;0x3F8CD8;0x3F8CD8;0x3F8CD8;0x3F8CD8;0x3F940C;0x3F97D0;0x33AEDC;0x33AEFC
FN_libManis_0057C104,0x57C104,sub_57C104,0x5B75BC,0x3F8CD8;0x3F8CD8;0x3F8CD8;0x3F8CD8;0x3F97D0;0x33AEDC;0x33AEFC;0x33B970;0x33B970;0x3F90F4
FN_libManis_0057CCAC,0x57CCAC,sub_57CCAC,0x5B5AF8,0x3F8CD8;0x3F97D0;0x33AEDC;0x33AEFC;0x33B970;0x3F8CD8;0x3F8CD8;0x3F8CD8;0x3F97D0;0x33AEDC
FN_libManis_0057D760,0x57D760,sub_57D760,,0x957840;0x64E600;0x3F8650;0x3F8CD8;0x3F940C;0x3F97D0;0x33AEDC;0x33AEFC;0x33B970;0x33B970
FN_libManis_0057EBB4,0x57EBB4,sub_57EBB4,0x58DDC0,0x3F8E7C;0x3F8E7C;0x3F8E7C;0x3F8E7C;0x3F90F4;0x3F90F4;0x3F8650;0x3F8CD8;0x3F940C;0x3F97D0
FN_libManis_0057F8C4,0x57F8C4,sub_57F8C4,0x58EDA0,0x3F8CD8;0x3F97D0;0x33AEDC;0x33AEFC;0x33B970;0x33B970
FN_libManis_0058009C,0x58009C,sub_58009C,0x58F4E8,0x3F8E7C;0x3F8E7C;0x3F8E7C;0x3F8E7C;0x3F90F4;0x3F90F4;0x358534;0x651A38;0x33ACE0;0x35DA78
FN_libManis_005802F4,0x5802F4,sub_5802F4,0x58FC94,
FN_libManis_00580CCC,0x580CCC,sub_580CCC,0x590000,
FN_libManis_00580DD4,0x580DD4,sub_580DD4,0x590378,
FN_libManis_00582EA0,0x582EA0,sub_582EA0,0x593BD4;0x593BD4;0x593BD4;0x593BD4;0x593BD4;0x593BD4;0x593BD4;0x593BD4;0x593BD4,
FN_libManis_00582F24,0x582F24,sub_582F24,,0x44DB8C;0x44DB8C;0x44DB8C;0x44DB8C;0x44DB8C;0x44DB8C;0x44DB8C
FN_libManis_00583468,0x583468,sub_583468,0x594BC0;0x594BC0,
FN_libManis_005837AC,0x5837AC,sub_5837AC,0x595154,
FN_libManis_00583860,0x583860,sub_583860,0x58CF6C,
FN_libManis_00583980,0x583980,sub_583980,0x5997A0,
FN_libManis_00583CB8,0x583CB8,sub_583CB8,0x5954D4,
FN_libManis_0058771C,0x58771C,sub_58771C,,0x44F91C
FN_libManis_00587740,0x587740,sub_587740,0x59AA08,0x518D1C
FN_libManis_00587888,0x587888,sub_587888,0x59ADC4,0x35857C;0x518D1C;0x518D1C;0x35857C;0x35857C;0x957840;0x957840;0x3F8650;0x444CEC;0x3F8E7C
FN_libManis_005882A4,0x5882A4,sub_5882A4,,0x3F8650;0x442688;0x33AEDC;0x33AEFC;0x33B970;0x33B970;0x3F8E7C;0x3F8E7C;0x3F8E7C;0x3F8E7C
FN_libManis_00589068,0x589068,sub_589068,,0x46330C;0x4634A4;0x383DB0;0x33ACE0
FN_libManis_00589288,0x589288,sub_589288,,0x348310;0x348310
FN_libManis_005894D8,0x5894D8,sub_5894D8,,0x33ACFC
FN_libManis_005895EC,0x5895EC,sub_5895EC,0x589734,0x957870;0x957870;0x957870
FN_libManis_00589734,0x589734,sub_589734,,0x5895EC
FN_libManis_00589758,0x589758,sub_589758,,0x957840;0x957840;0x957840
FN_libManis_005897F0,0x5897F0,sub_5897F0,0x3FA80C,0x338E1C;0x45F85C;0x957840;0x957840;0x957840;0x3F8E7C;0x3F8E7C;0x3F90F4;0x957840;0x957870
FN_libManis_0058A13C,0x58A13C,sub_58A13C,,0x957870;0x3706CC;0x37059C;0x468998;0x44E7B4;0x468998;0x44DE9C;0x468998;0x44E7B4;0x468C4C
FN_libManis_0058A5FC,0x58A5FC,sub_58A5FC,0x58A764,0x957870;0x957870;0x957870;0x957870
FN_libManis_0058A764,0x58A764,sub_58A764,,0x58A5FC;0x3F90F4;0x3F90F4;0x957840;0x957840;0x957840;0x957840;0x957840;0x957840;0x3A3BB8
FN_libManis_0058AA58,0x58AA58,sub_58AA58,0x58A764,0x957840;0x957840;0x957840
FN_libManis_0058AADC,0x58AADC,sub_58AADC,0x58A764,0x957840;0x957840;0x957840
FN_libManis_0058AB64,0x58AB64,sub_58AB64,0x3FA80C,0x338E1C;0x45F85C
FN_libManis_0058ACEC,0x58ACEC,sub_58ACEC,,0x3F90F4;0x51BC7C;0x3F90F4;0x51B894;0x3F90F4;0x51B770;0x3F90F4;0x51B9B8;0x3F90F4;0x51BB58
FN_libManis_0058B154,0x58B154,sub_58B154,,0x957870;0x957870;0x957870
FN_libManis_0058B220,0x58B220,sub_58B220,,0x3F90F4;0x3F90F4;0x3F90F4;0x3F90F4;0x3F90F4;0x3F90F4;0x3F90F4;0x3F90F4;0x3F90F4;0x3F90F4
FN_libManis_0058C8F4,0x58C8F4,sub_58C8F4,,0x957870;0x957870;0x957870
FN_libManis_0058C9C0,0x58C9C0,sub_58C9C0,,0x33ACE0
FN_libManis_0058CCEC,0x58CCEC,sub_58CCEC,,0x3F90F4;0x3F90F4
FN_libManis_0058CEA0,0x58CEA0,sub_58CEA0,,0x957870;0x957870;0x957870
FN_libManis_0058CF6C,0x58CF6C,sub_58CF6C,,0x3F90F4;0x583860
FN_libManis_0058D074,0x58D074,sub_58D074,,0x957870;0x957870;0x957870
FN_libManis_0058D140,0x58D140,sub_58D140,,0x957840;0x957840;0x957840
FN_libManis_0058D218,0x58D218,sub_58D218,0x3FA80C,0x338E1C;0x45F85C;0x957840;0x957840;0x422268;0x957870;0x957870
FN_libManis_0058D598,0x58D598,sub_58D598,,0x957870;0x3706CC;0x37059C;0x468998;0x44E1EC
FN_libManis_0058D744,0x58D744,sub_58D744,0x58D84C,0x957870;0x957870;0x957870;0x957870
FN_libManis_0058D84C,0x58D84C,sub_58D84C,,0x58D744
FN_libManis_0058D870,0x58D870,sub_58D870,,0x957840;0x957840;0x957840
FN_libManis_0058D94C,0x58D94C,sub_58D94C,0x3FA80C,0x338E1C;0x45F85C
FN_libManis_0058DAD4,0x58DAD4,sub_58DAD4,,0x3F90F4
FN_libManis_0058DC70,0x58DC70,sub_58DC70,,0x957870;0x957870;0x957870
FN_libManis_0058DD3C,0x58DD3C,sub_58DD3C,,0x957840;0x957840;0x957840
FN_libManis_0058DDC0,0x58DDC0,sub_58DDC0,0x3FA80C,0x338E1C;0x45F85C;0x957840;0x957840;0x3F8E7C;0x957840;0x57EBB4;0x957870;0x957870;0x957870
FN_libManis_0058E120,0x58E120,sub_58E120,,0x957870;0x3706CC;0x37059C;0x468998;0x44DE9C;0x4A4150;0x468998;0x44DE9C;0x4A4150;0x33ACE0
FN_libManis_0058E510,0x58E510,sub_58E510,0x58E618,0x957870;0x957870;0x957870;0x957870
FN_libManis_0058E618,0x58E618,sub_58E618,,0x58E510;0x957840;0x957840;0x957840;0x32F644;0x957870;0x957840;0x957840;0x957840;0x957840
FN_libManis_0058E868,0x58E868,sub_58E868,0x3FA80C,0x338E1C;0x45F85C
FN_libManis_0058E9F0,0x58E9F0,sub_58E9F0,,0x957870;0x3706CC;0x37059C;0x468998;0x44DE9C;0x4A4150;0x468998;0x44DE9C;0x4A4150;0x33ACE0
FN_libManis_0058EDA0,0x58EDA0,sub_58EDA0,,0x3F8650;0x957870;0x957840;0x3F8E7C;0x57F8C4;0x957870;0x33AEDC;0x33AEFC;0x33B970;0x33B970
FN_libManis_0058F4E8,0x58F4E8,sub_58F4E8,,0x957840;0x957840;0x3F8E7C;0x957840;0x58009C;0x957870;0x957870;0x957870;0x33AEDC;0x33AEFC
FN_libManis_0058FB38,0x58FB38,sub_58FB38,0x58FC70,0x957870;0x957870;0x957870;0x957870;0x957870
FN_libManis_0058FC70,0x58FC70,sub_58FC70,,0x58FB38
FN_libManis_0058FC94,0x58FC94,sub_58FC94,,0x957840;0x957840;0x957840;0x957840;0x3F8E7C;0x3F8E7C;0x3F90F4;0x5802F4;0x33ACE0;0x957870
FN_libManis_0058FF34,0x58FF34,sub_58FF34,,0x957870;0x957870;0x957870
FN_libManis_00590000,0x590000,sub_590000,,0x3F8EC4;0x580CCC
FN_libManis_005900A0,0x5900A0,sub_5900A0,,0x957870;0x957870;0x957870
FN_libManis_0059016C,0x59016C,sub_59016C,,0x957840;0x957840;0x957840
FN_libManis_005901F0,0x5901F0,sub_5901F0,0x3FA80C,0x338E1C;0x45F85C
FN_libManis_00590378,0x590378,sub_590378,,0x3F8E7C;0x3F8E7C;0x3F8E7C;0x3F8E7C;0x580DD4
FN_libManis_005904C8,0x5904C8,sub_5904C8,,0x957870;0x957870;0x957870
FN_libManis_00590594,0x590594,sub_590594,,0x957840;0x957840;0x957840
FN_libManis_00590618,0x590618,sub_590618,0x3FA80C,0x338E1C;0x45F85C
FN_libManis_005907A0,0x5907A0,sub_5907A0,,0x44F8D4;0x44FA00;0x44FD2C;0x44F91C
FN_libManis_005908BC,0x5908BC,sub_5908BC,,0x957840;0x957840;0x957840;0x3F91C0;0x3F8E7C;0x33ACFC;0x3F8E7C;0x3F8E7C;0x3F8E7C;0x3F8E7C
FN_libManis_005912C0,0x5912C0,sub_5912C0,,0x957870;0x957870;0x957870
FN_libManis_0059138C,0x59138C,sub_59138C,,0x957840;0x957840;0x957840
FN_libManis_00591410,0x591410,sub_591410,0x3FA80C,0x338E1C;0x45F85C;0x3F8650;0x442688;0x33AEDC;0x33AEFC;0x33B970;0x33B970;0x3F8E7C;0x3F8E7C
FN_libManis_00591EFC,0x591EFC,sub_591EFC,,0x957840;0x957840;0x3F8650;0x444CEC;0x33AEDC;0x33AEFC;0x33B970;0x33B970;0x3F8E7C;0x3F8E7C
FN_libManis_0059289C,0x59289C,sub_59289C,,0x46330C;0x4634A4;0x383DB0;0x33ACE0;0x4617FC
FN_libManis_00592ACC,0x592ACC,sub_592ACC,,0x348310
FN_libManis_00592C1C,0x592C1C,sub_592C1C,,0x33ACFC
FN_libManis_00592D2C,0x592D2C,sub_592D2C,0x592E74,0x957870;0x957870;0x957870
FN_libManis_00592E74,0x592E74,sub_592E74,,0x592D2C
FN_libManis_00592E98,0x592E98,sub_592E98,,0x957840;0x957840;0x957840
FN_libManis_00592F30,0x592F30,sub_592F30,0x3FA80C,0x338E1C;0x45F85C
FN_libManis_00593120,0x593120,sub_593120,,0x518C14;0x518D1C
FN_libManis_005933B4,0x5933B4,sub_5933B4,,0x957870;0x957870;0x957870
FN_libManis_00593480,0x593480,sub_593480,,0x957840;0x957840;0x957840
FN_libManis_00593504,0x593504,sub_593504,0x3FA80C,0x338E1C;0x45F85C;0x3F90F4;0x3F90F4;0x3F8E7C;0x3F8E7C;0x3F90F4;0x3F90F4;0x3F90F4;0x957840
FN_libManis_00593BD4,0x593BD4,sub_593BD4,,0x957870;0x3706CC;0x37059C;0x468998;0x44DE9C;0x5947D8;0x33ACE0;0x3F90F4;0x3F8E7C;0x3F8E7C
FN_libManis_00594584,0x594584,sub_594584,0x5946BC,0x957870;0x957870;0x957870;0x957870
FN_libManis_005946BC,0x5946BC,sub_5946BC,,0x594584
FN_libManis_00594738,0x594738,sub_594738,,0x957870
FN_libManis_005947D8,0x5947D8,sub_5947D8,0x593BD4,
FN_libManis_00594970,0x594970,sub_594970,,0x957840;0x957840;0x957840
FN_libManis_00594A38,0x594A38,sub_594A38,0x3FA80C,0x338E1C;0x45F85C
FN_libManis_00594BC0,0x594BC0,sub_594BC0,,0x957840;0x957840;0x3F8E7C;0x3F8E7C;0x3F8E7C;0x3F8E7C;0x3F90F4;0x583468;0x583468;0x33ACE0
FN_libManis_00594E7C,0x594E7C,sub_594E7C,,0x957870;0x957870;0x957870
FN_libManis_00594F48,0x594F48,sub_594F48,,0x957840;0x957840;0x957840
FN_libManis_00594FCC,0x594FCC,sub_594FCC,0x3FA80C,0x338E1C;0x45F85C
FN_libManis_00595154,0x595154,sub_595154,,0x3F90F4;0x5837AC
FN_libManis_005951FC,0x5951FC,sub_5951FC,,0x957870;0x957870;0x957870
FN_libManis_005952C8,0x5952C8,sub_5952C8,,0x957840;0x957840;0x957840
FN_libManis_0059534C,0x59534C,sub_59534C,0x3FA80C,0x338E1C;0x45F85C
FN_libManis_005954D4,0x5954D4,sub_5954D4,,0x957840;0x957840;0x3F8E7C;0x3F8E7C;0x3F8E7C;0x3F8E7C;0x3F90F4;0x3F8E7C;0x3F8E7C;0x3F90F4
FN_libManis_00596424,0x596424,sub_596424,,0x4ED884;0x33ACE0
FN_libManis_00596594,0x596594,sub_596594,,0x3F8CD8;0x3F97D0;0x33AEDC;0x33AEFC;0x33B970;0x3F8CD8;0x3F97D0;0x33AEDC;0x33AEFC;0x33B970
FN_libManis_00597D1C,0x597D1C,sub_597D1C,,0x33ACFC
FN_libManis_00597DF0,0x597DF0,sub_597DF0,0x597F18,0x3F8950;0x3F8950;0x3F8950;0x3F8950;0x957870;0x957870;0x957870
FN_libManis_00597F18,0x597F18,sub_597F18,,0x597DF0
FN_libManis_00597F3C,0x597F3C,sub_597F3C,,0x3F8E7C;0x3F8E7C;0x3F8E7C;0x3F8E7C;0x3F8E7C;0x3F8E7C;0x3F8E7C;0x3F8E7C;0x33ACFC;0x33ACFC
FN_libManis_005997A0,0x5997A0,sub_5997A0,,0x3F8E7C;0x3F8E7C;0x3F8E7C;0x3F8E7C;0x3F90F4;0x3F8E7C;0x3F8E7C;0x3F90F4;0x3F8650;0x3F8C90
FN_libManis_0059A4F4,0x59A4F4,sub_59A4F4,0x59A5E8,0x3F8950;0x3F8950;0x3F8950;0x3F8950;0x957870;0x957870;0x957870
FN_libManis_0059A5E8,0x59A5E8,sub_59A5E8,,0x59A4F4
FN_libManis_0059A60C,0x59A60C,sub_59A60C,,0x3F8E7C;0x3F8E7C;0x3F8E7C;0x3F8E7C;0x957840;0x957840;0x957840;0x3F8650;0x3F8650;0x3F8650
FN_libManis_0059A880,0x59A880,sub_59A880,0x3FA80C,0x338E1C;0x45F85C
FN_libManis_0059AA08,0x59AA08,sub_59AA08,,0x3F90F4;0x587740
FN_libManis_0059AAB0,0x59AAB0,sub_59AAB0,,0x957870;0x957870;0x957870
FN_libManis_0059AB7C,0x59AB7C,sub_59AB7C,,0x957840;0x957840;0x957840
FN_libManis_0059AC3C,0x59AC3C,sub_59AC3C,0x3FA80C,0x338E1C;0x45F85C
FN_libManis_0059ADC4,0x59ADC4,sub_59ADC4,,0x3F8E7C;0x3F8E7C;0x3F8E7C;0x3F8E7C;0x3F90F4;0x3F90F4;0x3F8650;0x3F8650;0x3F8CD8;0x3F8CD8
FN_libManis_0059B8A0,0x59B8A0,sub_59B8A0,,0x957870;0x957870;0x957870
FN_libManis_0059B96C,0x59B96C,sub_59B96C,,0x957840;0x957840;0x957840
FN_libManis_0059BA48,0x59BA48,sub_59BA48,0x3FA80C,0x338E1C;0x45F85C;0x3F8E7C;0x3F8E7C;0x32F644;0x957870;0x59C9C4;0x957840;0x957840;0x957840
FN_libManis_0059C654,0x59C654,sub_59C654,0x59BA48,0x957840;0x957840;0x957840
FN_libManis_0059C6EC,0x59C6EC,sub_59C6EC,0x59BA48,0x957840;0x957840;0x957840
FN_libManis_0059C784,0x59C784,sub_59C784,0x59BA48,0x957840;0x957840;0x957840
FN_libManis_0059C81C,0x59C81C,sub_59C81C,0x59BA48,0x957840;0x957840;0x957840
FN_libManis_0059C8A8,0x59C8A8,sub_59C8A8,0x59BA48,0x957840;0x957840;0x957840
FN_libManis_0059C940,0x59C940,sub_59C940,0x59BA48,0x957840;0x957840;0x957840
FN_libManis_0059C9C4,0x59C9C4,sub_59C9C4,0x59BA48,0x957840;0x957840;0x957840
FN_libManis_0059CA4C,0x59CA4C,sub_59CA4C,0x59BA48;0x59BA48,0x957840;0x957840;0x957840
FN_libManis_0059CAD4,0x59CAD4,sub_59CAD4,0x59BA48,
FN_libManis_0059CB00,0x59CB00,sub_59CB00,0x59BA48,0x957870
FN_libManis_0059CB50,0x59CB50,sub_59CB50,0x59BA48,0x957840;0x957840;0x957840
FN_libManis_0059CBD4,0x59CBD4,sub_59CBD4,0x59BA48,
FN_libManis_0059CC44,0x59CC44,sub_59CC44,0x59BA48,0x957840;0x957840;0x957840
FN_libManis_0059CCD0,0x59CCD0,sub_59CCD0,0x3FA80C,0x338E1C;0x45F85C
FN_libManis_0059CE58,0x59CE58,sub_59CE58,,0x59E238;0x33ACE0
FN_libManis_0059D180,0x59D180,sub_59D180,,0x957840;0x957840;0x957840;0x957840;0x3F8650;0x442688;0x33AEDC;0x33AEFC;0x33B970;0x33B970
FN_libManis_0059E0A4,0x59E0A4,sub_59E0A4,0x59E1AC,0x957870;0x957870;0x957870
FN_libManis_0059E1AC,0x59E1AC,sub_59E1AC,,0x59E0A4
FN_libManis_0059E238,0x59E238,sub_59E238,0x59CE58;0x5A0D00;0x5A0D00;0x5A11A8,
FN_libManis_0059E3D0,0x59E3D0,sub_59E3D0,,0x957870;0x37059C;0x3706CC;0x468998;0x44DE9C;0x4A4150;0x468998;0x44DE9C;0x4A4150;0x383DB0
FN_libManis_0059F91C,0x59F91C,sub_59F91C,,0x957840;0x957840;0x3F8650;0x444CEC;0x33AEDC;0x33AEFC;0x33B970;0x33B970;0x957840;0x338E1C
FN_libManis_005A08F8,0x5A08F8,sub_5A08F8,0x5A0A40,0x957870;0x957870;0x957870;0x957870
FN_libManis_005A0A40,0x5A0A40,sub_5A0A40,,0x5A08F8
FN_libManis_005A0ABC,0x5A0ABC,sub_5A0ABC,,0x957870
FN_libManis_005A0B68,0x5A0B68,sub_5A0B68,0x59E3D0,
FN_libManis_005A0D00,0x5A0D00,sub_5A0D00,,0x5A11A8;0x59E238;0x59E238;0x33ACE0
FN_libManis_005A11A8,0x5A11A8,sub_5A11A8,0x5A0D00,0x59E238
FN_libManis_005A1244,0x5A1244,sub_5A1244,,0x957840;0x957840;0x957840;0x957840;0x3F8650;0x442688;0x33AEDC;0x33AEFC;0x33B970;0x33B970
FN_libManis_005A23D4,0x5A23D4,sub_5A23D4,0x5A24DC,0x957870;0x957870;0x957870
FN_libManis_005A24DC,0x5A24DC,sub_5A24DC,,0x5A23D4
FN_libManis_005A2500,0x5A2500,sub_5A2500,,0x957870;0x37059C;0x3706CC;0x468998;0x44DE9C;0x4A4150;0x468998;0x44DE9C;0x4A4150;0x5A3DB0
FN_libManis_005A29B4,0x5A29B4,sub_5A29B4,,0x957840;0x957840;0x957840;0x957840;0x3F8650;0x444CEC;0x33AEDC;0x33AEFC;0x33B970;0x33B970
FN_libManis_005A3B40,0x5A3B40,sub_5A3B40,0x5A3C88,0x957870;0x957870;0x957870;0x957870
FN_libManis_005A3C88,0x5A3C88,sub_5A3C88,,0x5A3B40
FN_libManis_005A3D04,0x5A3D04,sub_5A3D04,,0x957870
FN_libManis_005A3DB0,0x5A3DB0,sub_5A3DB0,0x5A2500,
FN_libManis_005A3F48,0x5A3F48,sub_5A3F48,,0x957870;0x37059C;0x3706CC;0x468998;0x44DE9C;0x4A4150;0x468998;0x44DE9C;0x4A4150;0x383DB0
FN_libManis_005A52E0,0x5A52E0,sub_5A52E0,,0x957840;0x957840;0x957840;0x3F8650;0x444CEC;0x33AEDC;0x33AEFC;0x33B970;0x33B970;0x3F8E7C
FN_libManis_005A797C,0x5A797C,sub_5A797C,0x5A7AC4,0x957870;0x957870;0x957870;0x957870
FN_libManis_005A7AC4,0x5A7AC4,sub_5A7AC4,,0x5A797C
FN_libManis_005A7B84,0x5A7B84,sub_5A7B84,0x5A3F48;0x5A7D1C;0x5A7D1C,
FN_libManis_005A7D1C,0x5A7D1C,sub_5A7D1C,,0x957870;0x37059C;0x3706CC;0x468998;0x44DE9C;0x4A4150;0x468998;0x44DE9C;0x4A4150;0x383DB0
FN_libManis_005A8C84,0x5A8C84,sub_5A8C84,,0x957840;0x957840;0x957840;0x957840;0x3F8650;0x444CEC;0x33AEDC;0x33AEFC;0x33B970;0x33B970
FN_libManis_005A9ED0,0x5A9ED0,sub_5A9ED0,0x5AA018,0x957870;0x957870;0x957870;0x957870
FN_libManis_005AA018,0x5AA018,sub_5AA018,,0x5A9ED0
FN_libManis_005AA044,0x5AA044,sub_5AA044,,0x957840;0x957840;0x957840;0x957840;0x3F8E7C;0x3F8E7C;0x3F8E7C;0x3F8E7C;0x3F8E7C;0x3F8E7C
FN_libManis_005AA61C,0x5AA61C,sub_5AA61C,,0x957870;0x957870;0x957870
FN_libManis_005AA6E8,0x5AA6E8,sub_5AA6E8,,0x957840;0x3F8E7C;0x3F8E7C;0x338E1C;0x4F7328;0x957870;0x3F8650;0x3F8CD8;0x3F8CD8;0x3F8CD8
FN_libManis_005AAEDC,0x5AAEDC,sub_5AAEDC,,0x957840;0x957840;0x957840;0x957840;0x3F8650;0x442688;0x33AEDC;0x33AEFC;0x33B970;0x33B970
FN_libManis_005AC2DC,0x5AC2DC,sub_5AC2DC,0x5AC408,0x957870;0x957870;0x957870
FN_libManis_005AC408,0x5AC408,sub_5AC408,,0x5AC2DC
FN_libManis_005AC42C,0x5AC42C,sub_5AC42C,,0x957840;0x3F8E7C;0x3F8E7C;0x338E1C;0x4F7328;0x957870;0x3F8650;0x3F8CD8;0x3F8CD8;0x3E1EF8
FN_libManis_005AD100,0x5AD100,sub_5AD100,,0x957840;0x957840;0x957840;0x3F8E7C;0x3F8E7C;0x3F8E7C;0x3F8E7C;0x3F8E7C;0x3F8E7C;0x3F8E7C
FN_libManis_005AFA78,0x5AFA78,sub_5AFA78,,0x957870;0x957870;0x957870
FN_libManis_005AFB84,0x5AFB84,sub_5AFB84,,0x957870;0x37059C;0x3706CC;0x468998;0x44DE9C;0x4A4150;0x468998;0x44DE9C;0x4A4150;0x5B2710
FN_libManis_005B1144,0x5B1144,sub_5B1144,,0x957840;0x957840;0x3F8E7C;0x3F8E7C;0x3F8E7C;0x3F8E7C;0x3F8E7C;0x3F8E7C;0x3F8E7C;0x3F8E7C
FN_libManis_005B23D0,0x5B23D0,sub_5B23D0,0x5B2508,0x957870;0x957870;0x957870;0x957870
FN_libManis_005B2508,0x5B2508,sub_5B2508,,0x5B23D0
FN_libManis_005B2584,0x5B2584,sub_5B2584,,0x957870
FN_libManis_005B2710,0x5B2710,sub_5B2710,0x5AFB84,
FN_libManis_005B28A8,0x5B28A8,sub_5B28A8,,0x957840;0x957840;0x957840;0x957840;0x3F8E7C;0x3F8E7C;0x3F8E7C;0x3F8E7C;0x3F8E7C;0x3F8E7C
FN_libManis_005B33B8,0x5B33B8,sub_5B33B8,,0x957870;0x957870;0x957870
FN_libManis_005B34C0,0x5B34C0,sub_5B34C0,,0x957870;0x957870;0x957870;0x957840;0x957840;0x957840;0x32F644;0x957870;0x957840;0x957840
FN_libManis_005B39A8,0x5B39A8,sub_5B39A8,0x5B34C0,0x957840;0x957840;0x957840
FN_libManis_005B3A34,0x5B3A34,sub_5B3A34,0x5B34C0,0x957840;0x957840;0x957840
FN_libManis_005B3ABC,0x5B3ABC,sub_5B3ABC,0x5B34C0,0x957840;0x957840;0x957840
FN_libManis_005B3B44,0x5B3B44,sub_5B3B44,0x3FA80C,0x338E1C;0x45F85C
FN_libManis_005B3CCC,0x5B3CCC,sub_5B3CCC,,0x33ACFC;0x5B40B0;0x33ACE0
FN_libManis_005B3EBC,0x5B3EBC,sub_5B3EBC,,0x957870;0x957870;0x957870
FN_libManis_005B4020,0x5B4020,sub_5B4020,,0x957870
FN_libManis_005B40B0,0x5B40B0,sub_5B40B0,0x5B3CCC;0x5B8AB8,
FN_libManis_005B4248,0x5B4248,sub_5B4248,,0x33ACFC;0x4ABBE8;0x957870;0x37059C;0x3706CC;0x468998;0x44DE9C;0x4A4150;0x468998;0x44DE9C
FN_libManis_005B495C,0x5B495C,sub_5B495C,,0x957840;0x957840;0x3F8E7C;0x3F8E7C;0x3F8E7C;0x3F8E7C;0x3F8E7C;0x3F8E7C;0x3F8E7C;0x3F8E7C
FN_libManis_005B5588,0x5B5588,sub_5B5588,0x5B56D0,0x957870;0x957870;0x957870;0x957870
FN_libManis_005B56D0,0x5B56D0,sub_5B56D0,,0x5B5588
FN_libManis_005B56F4,0x5B56F4,sub_5B56F4,,0x957870;0x37059C;0x3706CC;0x468998;0x44DE9C;0x4A4150;0x468998;0x44DE9C;0x4A4150;0x4ABBE8
FN_libManis_005B5AF8,0x5B5AF8,sub_5B5AF8,,0x33ACE0;0x3FEC50;0x957870;0x3FEC50;0x957870;0x3F8E7C;0x3F8E7C;0x3F8650;0x957870;0x3F8650
FN_libManis_005B6380,0x5B6380,sub_5B6380,,0x957840;0x957840;0x3F8E7C;0x3F8E7C;0x3F8E7C;0x3F8E7C;0x3F8E7C;0x3F8E7C;0x3F8E7C;0x3F8E7C
FN_libManis_005B6F80,0x5B6F80,sub_5B6F80,0x5B7194,0x957870;0x957870;0x957870;0x957870;0x957870;0x957870
FN_libManis_005B7194,0x5B7194,sub_5B7194,,0x5B6F80
FN_libManis_005B71B8,0x5B71B8,sub_5B71B8,,0x957870;0x37059C;0x3706CC;0x468998;0x44DE9C;0x4A4150;0x468998;0x44DE9C;0x4A4150;0x4ABBE8
FN_libManis_005B75BC,0x5B75BC,sub_5B75BC,,0x3F8E7C;0x3F8E7C;0x3FEC50;0x957870;0x3F8650;0x957870;0x57C104;0x33AEDC;0x33AEFC;0x33B970
FN_libManis_005B7CCC,0x5B7CCC,sub_5B7CCC,,0x957840;0x957840;0x3F8E7C;0x3F8E7C;0x3F8E7C;0x3F8E7C;0x3F8E7C;0x3F8E7C;0x3F8E7C;0x3F8E7C
FN_libManis_005B88E8,0x5B88E8,sub_5B88E8,0x5B8A94,0x957870;0x957870;0x957870;0x957870;0x957870
FN_libManis_005B8A94,0x5B8A94,sub_5B8A94,,0x5B88E8
FN_libManis_005B8AB8,0x5B8AB8,sub_5B8AB8,,0x5B40B0;0x33ACE0
FN_libManis_005B8B64,0x5B8B64,sub_5B8B64,,0x44F8D4;0x44FA00;0x3F8650;0x3F8CD8;0x3F8CD8;0x3F940C;0x3F97D0;0x33AEDC;0x33AEFC;0x33B970
FN_libManis_005B9334,0x5B9334,sub_5B9334,,0x957870;0x957870;0x957870
FN_libManis_005B94AC,0x5B94AC,sub_5B94AC,,0x957870
FN_libManis_005B9574,0x5B9574,sub_5B9574,,0x957840;0x957840;0x3F8E7C;0x3F8E7C;0x3F8E7C;0x3F8E7C;0x3F8E7C;0x3F8E7C;0x33ACFC;0x3F8E7C
FN_libManis_005B9A34,0x5B9A34,sub_5B9A34,,0x957840;0x957840;0x3F8650;0x3F8C90;0x3F940C;0x3F97D0;0x33AEDC;0x33AEFC;0x33B970;0x6260FC
FN_libManis_005BBA38,0x5BBA38,sub_5BBA38,0x5B9A34;0x5B9A34,
FN_libManis_005BBDAC,0x5BBDAC,sub_5BBDAC,0x5BBEB4,0x957870;0x957870;0x957870;0x957870
FN_libManis_005BBEB4,0x5BBEB4,sub_5BBEB4,,0x5BBDAC
FN_libManis_005BBED8,0x5BBED8,sub_5BBED8,0x5B9A34,0x334CD4
FN_libManis_005BBEEC,0x5BBEEC,sub_5BBEEC,,0x957840;0x957840;0x957840
FN_libManis_005BBF74,0x5BBF74,sub_5BBF74,0x3FA80C,0x338E1C;0x45F85C
FN_libManis_005BC0FC,0x5BC0FC,sub_5BC0FC,,0x622148;0x957870;0x957870;0x33ACE0
FN_libManis_005BC1E8,0x5BC1E8,sub_5BC1E8,,0x957840;0x957840;0x3F8E7C;0x3F8E7C;0x3F8E7C;0x3F8E7C;0x3F8E7C;0x3F8E7C;0x3F8E7C;0x3F8E7C
FN_libManis_005BC5F8,0x5BC5F8,sub_5BC5F8,,0x33ACE0;0x35DA78
FN_libManis_005BC690,0x5BC690,sub_5BC690,0x5BC7D8,0x957870;0x957870;0x957870;0x957870
FN_libManis_005BC7D8,0x5BC7D8,sub_5BC7D8,,0x5BC690
FN_libManis_005BC7FC,0x5BC7FC,sub_5BC7FC,,0x957870;0x957870
FN_libManis_005BC898,0x5BC898,sub_5BC898,,0x957870;0x957870
FN_libManis_005BC934,0x5BC934,sub_5BC934,,0x957840;0x957840
FN_libManis_005BC9D8,0x5BC9D8,sub_5BC9D8,,0x957840;0x957840
FN_libManis_005BCA74,0x5BCA74,sub_5BCA74,,0x957870;0x957870
FN_libManis_005BCB04,0x5BCB04,sub_5BCB04,,0x957870;0x957870
FN_libManis_005BCC94,0x5BCC94,sub_5BCC94,0x5BC1E8;0x5E2418;0x60C9D4;0x60C9D4;0x60F8DC;0x60F8DC,
FN_libManis_005BCE2C,0x5BCE2C,sub_5BCE2C,,0x957840;0x957840;0x957840
FN_libManis_005BCEBC,0x5BCEBC,sub_5BCEBC,0x3FA80C,0x338E1C;0x45F85C
FN_libManis_005BD044,0x5BD044,sub_5BD044,,0x622148;0x957870;0x957870;0x33ACE0
FN_libManis_005BD168,0x5BD168,sub_5BD168,,0x957840;0x957840;0x957840;0x3F90F4;0x3F90F4;0x3F90F4;0x957840;0x957840;0x3F8EC4;0x338E1C
FN_libManis_005C1F98,0x5C1F98,sub_5C1F98,,0x957840;0x957840;0x957840;0x957840;0x957870;0x3F8650;0x3F8C90;0x3F940C;0x3F97D0;0x33AEDC
FN_libManis_005C6318,0x5C6318,sub_5C6318,,0x6220AC;0x957870
FN_libManis_005C6CC4,0x5C6CC4,sub_5C6CC4,,0x6220AC;0x957870
FN_libManis_005C7848,0x5C7848,sub_5C7848,,0x6220AC;0x957870
FN_libManis_005C8328,0x5C8328,sub_5C8328,0x5C84B0,0x957870;0x957870;0x957870;0x957870;0x957870;0x957870
FN_libManis_005C84B0,0x5C84B0,sub_5C84B0,,0x5C8328
FN_libManis_005CAF58,0x5CAF58,sub_5CAF58,,0x957840;0x957840;0x957840
FN_libManis_005CB00C,0x5CB00C,sub_5CB00C,0x3FA80C,0x338E1C;0x45F85C
FN_libManis_005CB194,0x5CB194,sub_5CB194,,0x6278B4;0x33AEDC;0x33AEFC;0x33B970;0x33B970
FN_libManis_005CB64C,0x5CB64C,sub_5CB64C,,0x957870;0x957870;0x957870
FN_libManis_005CB718,0x5CB718,sub_5CB718,,0x957840;0x957840;0x957840
FN_libManis_005CB79C,0x5CB79C,sub_5CB79C,0x3FA80C,0x338E1C;0x45F85C
FN_libManis_005CB924,0x5CB924,sub_5CB924,,0x622148;0x957870;0x957870;0x33ACE0
FN_libManis_005CB9FC,0x5CB9FC,sub_5CB9FC,,0x957840;0x957840;0x3F8EC4;0x957840;0x957870;0x5CBE5C;0x33ACE0;0x957870;0x957870;0x3E1BC8
FN_libManis_005CBE5C,0x5CBE5C,sub_5CBE5C,0x5CB9FC;0x62457C,0x36BB44;0x334CEC
FN_libManis_005CC220,0x5CC220,sub_5CC220,0x5CC328,0x957870;0x957870;0x957870;0x957870
FN_libManis_005CC328,0x5CC328,sub_5CC328,,0x5CC220
FN_libManis_005CC34C,0x5CC34C,sub_5CC34C,,0x957840;0x957840;0x957840
FN_libManis_005CC3D4,0x5CC3D4,sub_5CC3D4,0x3FA80C,0x338E1C;0x45F85C
FN_libManis_005CC55C,0x5CC55C,sub_5CC55C,,0x957840;0x957840;0x957840
FN_libManis_005CC610,0x5CC610,sub_5CC610,0x3FA80C,0x338E1C;0x45F85C
FN_libManis_005CC798,0x5CC798,sub_5CC798,,0x622148;0x957870;0x957870;0x33ACE0
FN_libManis_005CC870,0x5CC870,sub_5CC870,,0x957840;0x957840;0x957840;0x957840;0x6260FC;0x957870;0x33AEDC;0x33AEFC;0x33B970;0x33B970
FN_libManis_005CE58C,0x5CE58C,sub_5CE58C,0x5CE694,0x957870;0x957870;0x957870;0x957870
FN_libManis_005CE694,0x5CE694,sub_5CE694,,0x5CE58C;0x957840;0x957840;0x622148;0x957840;0x957840;0x957840;0x957840;0x957840;0x957840
FN_libManis_005CE960,0x5CE960,sub_5CE960,0x3FA80C,0x338E1C;0x45F85C
FN_libManis_005CEAE8,0x5CEAE8,sub_5CEAE8,,0x957840;0x957840;0x957840
FN_libManis_005CEB9C,0x5CEB9C,sub_5CEB9C,0x3FA80C,0x338E1C;0x45F85C
FN_libManis_005CED24,0x5CED24,sub_5CED24,,0x622148;0x957870;0x957870;0x33ACE0
FN_libManis_005CEDFC,0x5CEDFC,sub_5CEDFC,,0x3F8650;0x3F8C90;0x3F940C;0x3F97D0;0x33AEDC;0x33AEFC;0x33B970;0x957840;0x6260FC;0x957870
FN_libManis_005D0EF4,0x5D0EF4,sub_5D0EF4,0x5D102C,0x957870;0x957870;0x957870;0x957870;0x957870
FN_libManis_005D102C,0x5D102C,sub_5D102C,,0x5D0EF4
FN_libManis_005D1050,0x5D1050,sub_5D1050,,0x957840;0x957840;0x957840
FN_libManis_005D10E0,0x5D10E0,sub_5D10E0,0x3FA80C,0x338E1C;0x45F85C
FN_libManis_005D1268,0x5D1268,sub_5D1268,0x5D1A24;0x5D1A24,0x3F8E7C;0x3F8E7C;0x3F8E7C;0x3F8E7C;0x3F8E7C;0x3F8E7C
FN_libManis_005D13C4,0x5D13C4,sub_5D13C4,0x5D1A24,0x5D9438;0x334CEC
FN_libManis_005D1628,0x5D1628,sub_5D1628,0x5D1A24,0x5D9438;0x334CEC
FN_libManis_005D188C,0x5D188C,sub_5D188C,,0x622148;0x957870;0x957870;0x957840;0x957870;0x33ACE0;0x3E1BC8
FN_libManis_005D1A24,0x5D1A24,sub_5D1A24,,0x957840;0x957840;0x957840;0x957840;0x957870;0x957840;0x338E1C;0x4F7328;0x957870;0x3F8650
FN_libManis_005D6708,0x5D6708,sub_5D6708,0x5D1A24;0x714234;0x7F21FC,0x957870
FN_libManis_005D6774,0x5D6774,sub_5D6774,0x5D1A24,0x5D9438;0x334CEC
FN_libManis_005D69A4,0x5D69A4,sub_5D69A4,0x5D1A24,0x957870
FN_libManis_005D69F4,0x5D69F4,sub_5D69F4,0x5D1A24,0x957870
FN_libManis_005D6A44,0x5D6A44,sub_5D6A44,,0x957840;0x957840;0x3F8650;0x3F8C90;0x3F940C;0x3F97D0;0x33AEDC;0x33AEFC;0x33B970;0x957840
FN_libManis_005D90AC,0x5D90AC,sub_5D90AC,0x5D9380,0x957870;0x957870;0x957870;0x957870;0x957870;0x957870;0x957870;0x957870;0x957870;0x957870
FN_libManis_005D9380,0x5D9380,sub_5D9380,,0x5D90AC
FN_libManis_005D9438,0x5D9438,sub_5D9438,0x5D13C4;0x5D1628;0x5D1A24;0x5D6774;0x5DA880;0x5DAAE4;0x5DAEA4,0x334CD4
FN_libManis_005D94E4,0x5D94E4,sub_5D94E4,,0x957870
FN_libManis_005D9540,0x5D9540,sub_5D9540,,0x957870
FN_libManis_005D95AC,0x5D95AC,sub_5D95AC,,0x957840
FN_libManis_005D9604,0x5D9604,sub_5D9604,,0x957840
FN_libManis_005D9650,0x5D9650,sub_5D9650,,0x957870
FN_libManis_005D96A0,0x5D96A0,sub_5D96A0,,0x957870
FN_libManis_005D9768,0x5D9768,sub_5D9768,,0x957870
FN_libManis_005D97C4,0x5D97C4,sub_5D97C4,,0x957870
FN_libManis_005D9830,0x5D9830,sub_5D9830,,0x957840
FN_libManis_005D9890,0x5D9890,sub_5D9890,,0x957840
FN_libManis_005D98E4,0x5D98E4,sub_5D98E4,,0x957870
FN_libManis_005D9934,0x5D9934,sub_5D9934,,0x957870
FN_libManis_005D9A30,0x5D9A30,sub_5D9A30,,0x957840;0x957840;0x957840
FN_libManis_005D9AEC,0x5D9AEC,sub_5D9AEC,0x3FA80C,0x338E1C;0x45F85C
FN_libManis_005D9C74,0x5D9C74,sub_5D9C74,,0x622148;0x957870;0x957870;0x33ACE0;0x36BB44;0x3734B4
FN_libManis_005DA078,0x5DA078,sub_5DA078,,0x957840;0x957840;0x3F8EC4;0x957840;0x957870;0x33ACE0;0x957870;0x957870;0x3E1BC8;0x3734B4
FN_libManis_005DA3E4,0x5DA3E4,sub_5DA3E4,0x5DA4FC,0x957870;0x957870;0x957870;0x957870
FN_libManis_005DA4FC,0x5DA4FC,sub_5DA4FC,,0x5DA3E4
FN_libManis_005DA520,0x5DA520,sub_5DA520,,0x957840;0x957840;0x957840
FN_libManis_005DA5B4,0x5DA5B4,sub_5DA5B4,0x3FA80C,0x338E1C;0x45F85C
FN_libManis_005DA73C,0x5DA73C,sub_5DA73C,0x5DAEA4;0x5DAEA4,0x3F8E7C;0x3F8E7C;0x3F8E7C;0x3F8E7C;0x3F8E7C;0x3F8E7C
FN_libManis_005DA880,0x5DA880,sub_5DA880,0x5DAEA4,0x5D9438;0x334CEC
FN_libManis_005DAAE4,0x5DAAE4,sub_5DAAE4,0x5DAEA4,0x5D9438;0x334CEC
FN_libManis_005DAD48,0x5DAD48,sub_5DAD48,,0x622148;0x957870;0x957870;0x957840;0x957870;0x33ACE0;0x3E1BC8
FN_libManis_005DAEA4,0x5DAEA4,sub_5DAEA4,,0x957840;0x957840;0x957840;0x957840;0x957870;0x957840;0x338E1C;0x4F7328;0x957870;0x3F8650
FN_libManis_005DF7E8,0x5DF7E8,sub_5DF7E8,,0x957840;0x957840;0x3F8650;0x3F8C90;0x3F940C;0x3F97D0;0x33AEDC;0x33AEFC;0x33B970;0x957840
FN_libManis_005E19CC,0x5E19CC,sub_5E19CC,0x5E1CD0,0x957870;0x957870;0x957870;0x957870;0x957870;0x957870;0x957870;0x957870;0x957870;0x957870
FN_libManis_005E1CD0,0x5E1CD0,sub_5E1CD0,,0x5E19CC
FN_libManis_005E1E1C,0x5E1E1C,sub_5E1E1C,,0x957870
FN_libManis_005E1E78,0x5E1E78,sub_5E1E78,,0x957870
FN_libManis_005E1EE4,0x5E1EE4,sub_5E1EE4,,0x957840
FN_libManis_005E1F3C,0x5E1F3C,sub_5E1F3C,,0x957840
FN_libManis_005E1F88,0x5E1F88,sub_5E1F88,,0x957870
FN_libManis_005E1FD8,0x5E1FD8,sub_5E1FD8,,0x957870
FN_libManis_005E20A0,0x5E20A0,sub_5E20A0,,0x957840;0x957840;0x957840
FN_libManis_005E216C,0x5E216C,sub_5E216C,0x3FA80C,0x338E1C;0x45F85C
FN_libManis_005E22F4,0x5E22F4,sub_5E22F4,,0x622148;0x957870;0x957870;0x33ACE0
FN_libManis_005E2418,0x5E2418,sub_5E2418,,0x957840;0x957840;0x3F8E7C;0x3F8E7C;0x3F8E7C;0x3F8E7C;0x3F8E7C;0x3F8E7C;0x3F8E7C;0x3F8E7C
FN_libManis_005E27F8,0x5E27F8,sub_5E27F8,,0x33ACE0;0x35DA78
FN_libManis_005E2890,0x5E2890,sub_5E2890,0x5E29D8,0x957870;0x957870;0x957870;0x957870
FN_libManis_005E29D8,0x5E29D8,sub_5E29D8,,0x5E2890
FN_libManis_005E29FC,0x5E29FC,sub_5E29FC,,0x957870;0x957870
FN_libManis_005E2A98,0x5E2A98,sub_5E2A98,,0x957870;0x957870
FN_libManis_005E2B34,0x5E2B34,sub_5E2B34,,0x957840;0x957840
FN_libManis_005E2BD8,0x5E2BD8,sub_5E2BD8,,0x957840;0x957840
FN_libManis_005E2C74,0x5E2C74,sub_5E2C74,,0x957870;0x957870
FN_libManis_005E2D04,0x5E2D04,sub_5E2D04,,0x957870;0x957870
FN_libManis_005E2ED0,0x5E2ED0,sub_5E2ED0,,0x957870;0x957870
FN_libManis_005E2F6C,0x5E2F6C,sub_5E2F6C,,0x957870;0x957870
FN_libManis_005E3008,0x5E3008,sub_5E3008,,0x957840;0x957840
FN_libManis_005E30AC,0x5E30AC,sub_5E30AC,,0x957840;0x957840
FN_libManis_005E3148,0x5E3148,sub_5E3148,,0x957870;0x957870
FN_libManis_005E31D8,0x5E31D8,sub_5E31D8,,0x957870;0x957870
FN_libManis_005E336C,0x5E336C,sub_5E336C,,0x957840;0x957840;0x957840
FN_libManis_005E33FC,0x5E33FC,sub_5E33FC,0x3FA80C,0x338E1C;0x45F85C
FN_libManis_005E3584,0x5E3584,sub_5E3584,,0x32C4CC;0x3F8E7C;0x3F8E7C;0x3F90F4
FN_libManis_005E3C3C,0x5E3C3C,sub_5E3C3C,,0x957870;0x957870;0x957870
FN_libManis_005E3D08,0x5E3D08,sub_5E3D08,,0x957840;0x957840;0x957840
FN_libManis_005E3D8C,0x5E3D8C,sub_5E3D8C,0x3FA80C,0x338E1C;0x45F85C
FN_libManis_005E3F14,0x5E3F14,sub_5E3F14,,0x622148;0x957870;0x957870;0x33ACE0
FN_libManis_005E3FEC,0x5E3FEC,sub_5E3FEC,,0x957840;0x3F8EC4;0x957840;0x33ACE0;0x957840;0x957870;0x33ACFC;0x33ACFC;0x33ACE0;0x957870
FN_libManis_005E4720,0x5E4720,sub_5E4720,0x5E4828,0x957870;0x957870;0x957870;0x957870
FN_libManis_005E4828,0x5E4828,sub_5E4828,,0x5E4720
FN_libManis_005E484C,0x5E484C,sub_5E484C,,0x957840;0x957840;0x957840
FN_libManis_005E48D4,0x5E48D4,sub_5E48D4,0x3FA80C,0x338E1C;0x45F85C
FN_libManis_005E4A5C,0x5E4A5C,sub_5E4A5C,,0x957840;0x957840;0x957840
FN_libManis_005E4B10,0x5E4B10,sub_5E4B10,0x3FA80C,0x338E1C;0x45F85C
FN_libManis_005E4C98,0x5E4C98,sub_5E4C98,,0x622148;0x957870;0x957870;0x3F8E7C;0x3F8650;0x957870;0x3F8C90;0x3F97D0;0x33AEDC;0x33AEFC
FN_libManis_005E56B8,0x5E56B8,sub_5E56B8,,0x3F8E7C;0x3F8E7C;0x957840;0x957840;0x3F8E7C;0x3F8E7C;0x3F8E7C;0x3F8E7C;0x33ACE0;0x957870
FN_libManis_005E5AD4,0x5E5AD4,sub_5E5AD4,0x5E5C0C,0x957870;0x957870;0x957870;0x957870;0x957870
FN_libManis_005E5C0C,0x5E5C0C,sub_5E5C0C,,0x5E5AD4
FN_libManis_005E5C30,0x5E5C30,sub_5E5C30,,0x957840;0x957840;0x957840
FN_libManis_005E5CC0,0x5E5CC0,sub_5E5CC0,0x3FA80C,0x338E1C;0x45F85C
FN_libManis_005E5E48,0x5E5E48,sub_5E5E48,,0x622148;0x957870;0x957870;0x33ACE0
FN_libManis_005E5F20,0x5E5F20,sub_5E5F20,,0x957840;0x957840;0x957840;0x3F8650;0x3F8C90;0x957840;0x3F940C;0x957870;0x3F97D0;0x33AEDC
FN_libManis_005E8110,0x5E8110,sub_5E8110,0x5E8218,0x957870;0x957870;0x957870;0x957870
FN_libManis_005E8218,0x5E8218,sub_5E8218,,0x5E8110
FN_libManis_005E823C,0x5E823C,sub_5E823C,,0x957840;0x957840;0x957840
FN_libManis_005E82C4,0x5E82C4,sub_5E82C4,0x3FA80C,0x338E1C;0x45F85C
FN_libManis_005E844C,0x5E844C,sub_5E844C,,0x3F8E7C;0x3F8E7C;0x3F8E7C;0x3F8E7C;0x3F90F4;0x3F90F4;0x3F90F4
FN_libManis_005E8904,0x5E8904,sub_5E8904,,0x957870;0x957870;0x957870
FN_libManis_005E89D0,0x5E89D0,sub_5E89D0,,0x957840;0x957840;0x957840
FN_libManis_005E8A54,0x5E8A54,sub_5E8A54,0x3FA80C,0x338E1C;0x45F85C
FN_libManis_005E8BDC,0x5E8BDC,sub_5E8BDC,,0x622148;0x957870;0x957870;0x3F90F4;0x3F8E7C;0x3F8650;0x957870;0x3F8CD8;0x3F97D0;0x33AEDC
FN_libManis_005E98BC,0x5E98BC,sub_5E98BC,,0x3F8E7C;0x3F8E7C;0x3F8E7C;0x957840;0x957870;0x3E1BC8
FN_libManis_005E9B90,0x5E9B90,sub_5E9B90,0x5E9CC8,0x957870;0x957870;0x957870;0x957870;0x957870
FN_libManis_005E9CC8,0x5E9CC8,sub_5E9CC8,,0x5E9B90
FN_libManis_005E9CEC,0x5E9CEC,sub_5E9CEC,,0x957840;0x957840;0x957840
FN_libManis_005E9D7C,0x5E9D7C,sub_5E9D7C,0x3FA80C,0x338E1C;0x45F85C
FN_libManis_005E9F04,0x5E9F04,sub_5E9F04,0x5EE7EC;0x5EE7EC;0x5EE7EC;0x5EE7EC,0x957840;0x957870;0x6260FC;0x957870;0x3F8E7C;0x3F8E7C;0x3F90F4;0x957840;0x957840;0x62751C
FN_libManis_005EA268,0x5EA268,sub_5EA268,0x5EC480,0x957870;0x957840;0x6283A4;0x5F0C44;0x957870;0x957840;0x6283A4;0x5F0C44;0x957870;0x957870
FN_libManis_005EBD68,0x5EBD68,sub_5EBD68,0x5EE7EC,0x957840;0x957840;0x3F91B4;0x957840;0x957870;0x3F91C0;0x957870;0x957870;0x3E1BC8
FN_libManis_005EC3A8,0x5EC3A8,sub_5EC3A8,,0x622148;0x957870;0x957870;0x33ACE0
FN_libManis_005EC480,0x5EC480,sub_5EC480,,0x5EA268;0x33AD18;0x33AEDC;0x33AEFC;0x33B970;0x33B970;0x957840;0x3F90F4;0x957870;0x957870
FN_libManis_005EE79C,0x5EE79C,sub_5EE79C,0x5EC480,0x957870
FN_libManis_005EE7EC,0x5EE7EC,sub_5EE7EC,,0x5EBD68;0x957840;0x3F8EC4;0x3F91B4;0x3F91B4;0x3F8EC4;0x957840;0x957870;0x957840;0x3F8EC4
FN_libManis_005F06D8,0x5F06D8,sub_5F06D8,0x5F0A9C,0x957870;0x957870;0x957870;0x957870;0x957870;0x957870;0x957870;0x957870;0x957870;0x957870
FN_libManis_005F0A9C,0x5F0A9C,sub_5F0A9C,,0x5F06D8
FN_libManis_005F0AC0,0x5F0AC0,sub_5F0AC0,0x5EA268,0x957870;0x5F0C30;0x334CEC
FN_libManis_005F0C30,0x5F0C30,sub_5F0C30,0x5F0AC0;0x5F0C44;0x5F0FA8,0x334CD4
FN_libManis_005F0C44,0x5F0C44,sub_5F0C44,0x5EA268;0x5EA268;0x5EA268,0x957870;0x957840;0x957870;0x957840;0x957870;0x957840;0x957840;0x957870;0x5F0C30
FN_libManis_005F0FA8,0x5F0FA8,sub_5F0FA8,0x5EA268;0x5EA268;0x5EA268,0x957870;0x5F0C30;0x334CEC
FN_libManis_005F119C,0x5F119C,sub_5F119C,0x5EC480,0x957870;0x957870;0x5F1384;0x334CEC
FN_libManis_005F1384,0x5F1384,sub_5F1384,0x5F119C,0x334CD4
FN_libManis_005F1398,0x5F1398,sub_5F1398,0x5EC480;0x5EC480;0x5EC480;0x5EC480,0x957870;0x5F1520;0x334CEC
FN_libManis_005F1520,0x5F1520,sub_5F1520,0x5F1398,0x334CD4
FN_libManis_005F1558,0x5F1558,sub_5F1558,,0x957870
FN_libManis_005F15CC,0x5F15CC,sub_5F15CC,0x5EC480;0x5EC480,0x957840;0x957870;0x5F1720;0x334CEC
FN_libManis_005F1720,0x5F1720,sub_5F1720,0x5F15CC,0x334CD4
FN_libManis_005F1734,0x5F1734,sub_5F1734,0x5EC480,0x957870;0x957870;0x5F18BC;0x334CEC
FN_libManis_005F18BC,0x5F18BC,sub_5F18BC,0x5F1734,0x334CD4;0x6254AC;0x6254AC
FN_libManis_005F1F00,0x5F1F00,sub_5F1F00,,0x6220AC;0x6254AC;0x957870
FN_libManis_005F2490,0x5F2490,sub_5F2490,,0x6393A0;0x6393A0
FN_libManis_005F2958,0x5F2958,sub_5F2958,,0x639320;0x639320
FN_libManis_005F4114,0x5F4114,sub_5F4114,,0x622148;0x957870;0x957870;0x5F6E74;0x5F6E74;0x5F6E74;0x5F6E74;0x5F6E74;0x5F6E74;0x5F6E74
FN_libManis_005F493C,0x5F493C,sub_5F493C,,0x3F8650;0x3F8C90;0x3F940C;0x3F97D0;0x33AEDC;0x33AEFC;0x33B970;0x957840;0x6260FC;0x957870
FN_libManis_005F6C54,0x5F6C54,sub_5F6C54,0x5F6DCC,0x957870;0x957870;0x957870;0x957870
FN_libManis_005F6DCC,0x5F6DCC,sub_5F6DCC,,0x5F6C54
FN_libManis_005F6E74,0x5F6E74,sub_5F6E74,0x5F4114;0x5F4114;0x5F4114;0x5F4114;0x5F4114;0x5F4114;0x5F4114;0x5F4114;0x5F4114;0x5F4114,
FN_libManis_005F7090,0x5F7090,sub_5F7090,0x5F4114,
FN_libManis_005F7228,0x5F7228,sub_5F7228,,0x957840;0x957840;0x957840
FN_libManis_005F72B8,0x5F72B8,sub_5F72B8,0x3FA80C,0x338E1C;0x45F85C
FN_libManis_005F7440,0x5F7440,sub_5F7440,,0x622148;0x957870;0x957870;0x33ACE0;0x3734B4
FN_libManis_005F76C4,0x5F76C4,sub_5F76C4,,0x3F8EC4;0x957840;0x957870;0x3E1BC8;0x3734B4
FN_libManis_005F795C,0x5F795C,sub_5F795C,0x5F7A74,0x957870;0x957870;0x957870;0x957870
FN_libManis_005F7A74,0x5F7A74,sub_5F7A74,,0x5F795C
FN_libManis_005F7A98,0x5F7A98,sub_5F7A98,,0x957840;0x957840;0x957840
FN_libManis_005F7B2C,0x5F7B2C,sub_5F7B2C,0x3FA80C,0x338E1C;0x45F85C
FN_libManis_005F7CB4,0x5F7CB4,sub_5F7CB4,,0x957840;0x957840;0x957840
FN_libManis_005F7D68,0x5F7D68,sub_5F7D68,0x3FA80C,0x338E1C;0x45F85C
FN_libManis_005F7EF0,0x5F7EF0,sub_5F7EF0,,0x622148;0x957870;0x957870;0x33ACE0
FN_libManis_005F7FC8,0x5F7FC8,sub_5F7FC8,,0x3F8E7C;0x3F8E7C;0x3F8E7C;0x3F8E7C;0x3F8E7C;0x3F8E7C;0x338E1C;0x3F8650;0x957870;0x3F8CD8
FN_libManis_005F9D2C,0x5F9D2C,sub_5F9D2C,,0x3F8E7C;0x3F8E7C;0x3F8E7C;0x3F8E7C;0x3F8E7C;0x3F8E7C;0x3F8E7C;0x957840;0x957870;0x62B4EC
FN_libManis_005FA194,0x5FA194,sub_5FA194,0x5FA38C,0x957870;0x957870;0x957870;0x957870;0x957870;0x957870;0x957870;0x957870;0x957870
FN_libManis_005FA38C,0x5FA38C,sub_5FA38C,,0x5FA194
FN_libManis_005FA3B0,0x5FA3B0,sub_5FA3B0,,0x957840;0x957840;0x957840
FN_libManis_005FA458,0x5FA458,sub_5FA458,0x3FA80C,0x338E1C;0x45F85C
FN_libManis_005FA5E0,0x5FA5E0,sub_5FA5E0,,0x622148;0x957870;0x957870;0x33ACE0
FN_libManis_005FA6B8,0x5FA6B8,sub_5FA6B8,,0x3F8EC4;0x957840;0x957870;0x3E1BC8
FN_libManis_005FA79C,0x5FA79C,sub_5FA79C,,0x957840;0x957840;0x3F8EC4;0x621D6C;0x33ACE0;0x957870;0x957870
FN_libManis_005FA930,0x5FA930,sub_5FA930,0x5FAA38,0x957870;0x957870;0x957870;0x957870
FN_libManis_005FAA38,0x5FAA38,sub_5FAA38,,0x5FA930
FN_libManis_005FAA5C,0x5FAA5C,sub_5FAA5C,,0x957840;0x957840;0x957840
FN_libManis_005FAAE8,0x5FAAE8,sub_5FAAE8,0x3FA80C,0x338E1C;0x45F85C
FN_libManis_005FAC70,0x5FAC70,sub_5FAC70,0x5FC77C;0x5FC77C,0x957840;0x6220AC;0x957870;0x957870;0x957840;0x957870;0x6373CC;0x63797C;0x637ACC;0x63797C
FN_libManis_005FB588,0x5FB588,sub_5FB588,,0x622148;0x957870;0x957870;0x33ACE0
FN_libManis_005FB660,0x5FB660,sub_5FB660,,0x957840;0x3F8E7C;0x3F8650;0x957870;0x3F8E7C;0x3F8CD8;0x3F8CD8;0x3F97D0;0x33AEDC;0x33AEFC
FN_libManis_005FC77C,0x5FC77C,sub_5FC77C,,0x957840;0x957840;0x3F8E7C;0x3F90F4;0x3F8E7C;0x957840;0x62751C;0x957870;0x33AEDC;0x33AEFC
FN_libManis_005FD348,0x5FD348,sub_5FD348,0x5FD4E0,0x957870;0x957870;0x957870;0x957870;0x957870;0x957870;0x957870
FN_libManis_005FD4E0,0x5FD4E0,sub_5FD4E0,,0x5FD348
FN_libManis_005FD504,0x5FD504,sub_5FD504,,0x957840;0x957840;0x957840
FN_libManis_005FD59C,0x5FD59C,sub_5FD59C,0x3FA80C,0x338E1C;0x45F85C
FN_libManis_005FD724,0x5FD724,sub_5FD724,,0x957840;0x957840;0x957840
FN_libManis_005FD7D8,0x5FD7D8,sub_5FD7D8,0x3FA80C,0x338E1C;0x45F85C
FN_libManis_005FD960,0x5FD960,sub_5FD960,,0x957840;0x957840;0x957840
FN_libManis_005FDA14,0x5FDA14,sub_5FDA14,0x3FA80C,0x338E1C;0x45F85C
FN_libManis_005FDECC,0x5FDECC,sub_5FDECC,,0x6373CC
FN_libManis_005FE4A4,0x5FE4A4,sub_5FE4A4,,0x622148;0x957870;0x957870;0x33ACE0
FN_libManis_005FE5A0,0x5FE5A0,sub_5FE5A0,,0x3F8EC4;0x957840;0x957870;0x3E1BC8
FN_libManis_005FE684,0x5FE684,sub_5FE684,,0x957840;0x957840;0x3F8EC4;0x33ACE0;0x957870;0x957870
FN_libManis_005FE818,0x5FE818,sub_5FE818,0x5FE920,0x957870;0x957870;0x957870;0x957870
FN_libManis_005FE920,0x5FE920,sub_5FE920,,0x5FE818
FN_libManis_005FE944,0x5FE944,sub_5FE944,,0x957840;0x957840;0x957840
FN_libManis_005FE9D0,0x5FE9D0,sub_5FE9D0,0x3FA80C,0x338E1C;0x45F85C
FN_libManis_005FEB58,0x5FEB58,sub_5FEB58,,0x957840;0x957840;0x957840
FN_libManis_005FEC0C,0x5FEC0C,sub_5FEC0C,0x3FA80C,0x338E1C;0x45F85C;0x957840;0x338E1C;0x3E1560;0x957870;0x3E1A54;0x622148;0x3F8E7C;0x3F8E7C
FN_libManis_005FF434,0x5FF434,sub_5FF434,0x5FEC0C;0x651A38,0x957840;0x957840;0x957840
FN_libManis_005FF4F0,0x5FF4F0,sub_5FF4F0,0x5FEC0C,0x957870
FN_libManis_005FF540,0x5FF540,sub_5FF540,0x5FEC0C;0x651A38,0x957840;0x957840;0x957840
FN_libManis_005FF608,0x5FF608,sub_5FF608,0x3FA80C,0x338E1C;0x45F85C
FN_libManis_005FF790,0x5FF790,sub_5FF790,0x3FAA90,0x338E1C;0x5FF918
FN_libManis_005FF918,0x5FF918,sub_5FF918,0x5FF790;0x61B02C;0x652B68;0x657DAC;0x673988;0x686C74;0x719948;0x71D64C;0x777CE8;0x77B3F8,0x5FFA3C;0x5FFC3C
FN_libManis_005FFA3C,0x5FFA3C,sub_5FFA3C,0x5FF918,0x338E1C;0x33E200
FN_libManis_005FFC3C,0x5FFC3C,sub_5FFC3C,0x5FF918,
FN_libManis_005FFDD4,0x5FFDD4,sub_5FFDD4,,0x622148;0x957870;0x957870;0x957840;0x338E1C;0x4F7328;0x957870;0x3F8E7C;0x3F8650;0x3F8C90
FN_libManis_00601228,0x601228,sub_601228,,0x957840;0x957840;0x3F8E7C;0x3F8E7C;0x3F8E7C;0x3F8E7C;0x3F8E7C;0x3F8E7C;0x957840;0x957870
FN_libManis_00601FBC,0x601FBC,sub_601FBC,,0x957840;0x957840;0x33ACE0;0x957870;0x957870;0x35DA78
FN_libManis_00602138,0x602138,sub_602138,0x602340,0x957870;0x957870;0x957870;0x957870;0x957870;0x957870;0x957870
FN_libManis_00602340,0x602340,sub_602340,,0x602138
FN_libManis_00602400,0x602400,sub_602400,,0x36BB44;0x3374AC
FN_libManis_00602508,0x602508,sub_602508,,0x36BB44;0x3374AC
FN_libManis_00602690,0x602690,sub_602690,,0x3F90F4
FN_libManis_00602928,0x602928,sub_602928,0x601228;0x602B98;0x61C64C;0x61DB18,
FN_libManis_00602AC0,0x602AC0,sub_602AC0,,0x622148;0x957870;0x957870;0x33ACE0
FN_libManis_00602B98,0x602B98,sub_602B98,,0x3F8E7C;0x3F8650;0x957870;0x3F8C90;0x3F97D0;0x33AEDC;0x33AEFC;0x33B970;0x3F91C0;0x3F8650
FN_libManis_00604368,0x604368,sub_604368,,0x3F8E7C;0x3F8E7C;0x3F8E7C;0x957840;0x3F8650;0x957870;0x3F8C90;0x3F940C;0x3F97D0;0x33AEDC
FN_libManis_00605030,0x605030,sub_605030,0x605238,0x957870;0x957870;0x957870;0x957870;0x957870;0x957870;0x957870
FN_libManis_00605238,0x605238,sub_605238,,0x605030
FN_libManis_006052F8,0x6052F8,sub_6052F8,,0x36BB44;0x3374AC
FN_libManis_00605400,0x605400,sub_605400,,0x36BB44;0x3374AC
FN_libManis_00605588,0x605588,sub_605588,,0x3F90F4
FN_libManis_00605820,0x605820,sub_605820,,0x622148;0x957870;0x957870;0x957870;0x957840;0x957870;0x3F8E7C;0x3F8E7C;0x3FC140;0x957840
FN_libManis_00608208,0x608208,sub_608208,0x605820;0x683114,0x957870;0x957870;0x957870;0x957870;0x957870
FN_libManis_00608328,0x608328,sub_608328,,0x957840;0x957870;0x957840;0x957840;0x3F8E7C;0x3F8E7C;0x3F8E7C;0x3F8E7C;0x3F8E7C;0x3F8E7C
FN_libManis_00608A94,0x608A94,sub_608A94,,0x33ACE0;0x35DA78
FN_libManis_00608C00,0x608C00,sub_608C00,0x5FEC0C;0x651A38,0x3F8E7C;0x3F8E7C;0x3F8E7C;0x3F8E7C;0x3A18C4;0x33E200;0x3A18C4;0x33E200;0x3A18C4;0x60AE5C
FN_libManis_0060909C,0x60909C,sub_60909C,0x609344,0x957870;0x957870;0x957870;0x957870;0x957870;0x957870;0x957870;0x957870;0x957870;0x957870
FN_libManis_00609344,0x609344,sub_609344,,0x60909C
FN_libManis_006093A0,0x6093A0,sub_6093A0,,0x957870;0x957870
FN_libManis_00609448,0x609448,sub_609448,,0x957870;0x957870
FN_libManis_006094E4,0x6094E4,sub_6094E4,,0x957840;0x957840;0x3374AC
FN_libManis_006095CC,0x6095CC,sub_6095CC,,0x957840;0x957840;0x3374AC
FN_libManis_006096AC,0x6096AC,sub_6096AC,,0x957870;0x957870
FN_libManis_00609748,0x609748,sub_609748,,0x957870;0x957870
FN_libManis_006097D8,0x6097D8,sub_6097D8,,0x3F8E7C;0x3F8E7C;0x3F90F4;0x3F90F4;0x3F90F4;0x3F90F4;0x3F90F4
FN_libManis_0060A834,0x60A834,sub_60A834,0x608328,
FN_libManis_0060AA30,0x60AA30,sub_60AA30,,0x3374AC
FN_libManis_0060AAC8,0x60AAC8,sub_60AAC8,,0x3374AC
FN_libManis_0060ACC4,0x60ACC4,sub_60ACC4,0x608328,
FN_libManis_0060AE5C,0x60AE5C,sub_60AE5C,0x608C00,0x33E200;0x3A1A74;0x3A1A74;0x33E200
FN_libManis_0060B110,0x60B110,sub_60B110,0x60C9D4;0x60F8DC,0x3F8E7C;0x3F8E7C;0x3F8E7C;0x3F8E7C;0x3F8E7C;0x3F8E7C
FN_libManis_0060B4B8,0x60B4B8,sub_60B4B8,,0x622148;0x957870;0x957870;0x957840;0x338E1C;0x4F7328;0x957870;0x3F8E7C;0x3F90F4;0x3F8650
FN_libManis_0060C9D4,0x60C9D4,sub_60C9D4,,0x957840;0x957840;0x957840;0x3F8E7C;0x957840;0x3F8E7C;0x957840;0x957870;0x3F8E7C;0x957840
FN_libManis_0060E2F8,0x60E2F8,sub_60E2F8,0x60C9D4;0x60C9D4;0x60E844;0x60E8D8,0x957870;0x957870;0x957870;0x957870;0x957870
FN_libManis_0060E438,0x60E438,sub_60E438,0x60C9D4;0x60C9D4;0x60F2F0;0x60F384,0x957870;0x957870;0x957870;0x957870;0x957870
FN_libManis_0060E578,0x60E578,sub_60E578,,0x33ACE0;0x35DA78
FN_libManis_0060E638,0x60E638,sub_60E638,0x60E810,0x957870;0x957870;0x957870;0x957870;0x957870;0x957870;0x957870
FN_libManis_0060E810,0x60E810,sub_60E810,,0x60E638
FN_libManis_0060E844,0x60E844,sub_60E844,,0x60E2F8
FN_libManis_0060E874,0x60E874,sub_60E874,,0x60F15C
FN_libManis_0060E8D8,0x60E8D8,sub_60E8D8,,0x60E2F8
FN_libManis_0060E900,0x60E900,sub_60E900,,0x3F90F4;0x624F9C;0x3F90F4;0x36BB44;0x45AC94;0x3374AC
FN_libManis_0060F15C,0x60F15C,sub_60F15C,0x60E874,0x957840;0x957840;0x957840;0x957840;0x957840;0x36BB44;0x3374AC
FN_libManis_0060F2F0,0x60F2F0,sub_60F2F0,,0x60E438
FN_libManis_0060F320,0x60F320,sub_60F320,,0x60F69C
FN_libManis_0060F384,0x60F384,sub_60F384,,0x60E438
FN_libManis_0060F3AC,0x60F3AC,sub_60F3AC,,0x3F90F4;0x624F9C;0x3F90F4
FN_libManis_0060F69C,0x60F69C,sub_60F69C,0x60F320,0x957840;0x957840;0x957840;0x957840;0x957840;0x3374AC;0x36BB44
FN_libManis_0060F804,0x60F804,sub_60F804,,0x622148;0x957870;0x957870;0x33ACE0
FN_libManis_0060F8DC,0x60F8DC,sub_60F8DC,,0x3F8E7C;0x3F8E7C;0x3F90F4;0x3F8650;0x957870;0x3F90F4;0x3F8C90;0x3F97D0;0x33AEDC;0x33AEFC
FN_libManis_00612648,0x612648,sub_612648,0x60F8DC;0x60F8DC;0x6138C8;0x61395C,0x957870;0x957870;0x957870;0x957870;0x957870
FN_libManis_00612788,0x612788,sub_612788,0x60F8DC;0x60F8DC;0x614630;0x6146C4,0x957870;0x957870;0x957870;0x957870;0x957870
FN_libManis_006128C8,0x6128C8,sub_6128C8,,0x3F8650;0x3F8C90;0x3F940C;0x3F97D0;0x33AEDC;0x33AEFC;0x33B970;0x957840;0x6260FC;0x957870
FN_libManis_0061368C,0x61368C,sub_61368C,0x613894,0x957870;0x957870;0x957870;0x957870;0x957870;0x957870;0x957870;0x957870
FN_libManis_00613894,0x613894,sub_613894,,0x61368C
FN_libManis_006138C8,0x6138C8,sub_6138C8,,0x612648
FN_libManis_006138F8,0x6138F8,sub_6138F8,,0x6144A4
FN_libManis_0061395C,0x61395C,sub_61395C,,0x612648
FN_libManis_00613984,0x613984,sub_613984,,0x3F90F4;0x624F9C;0x3F90F4;0x45AC94;0x3374AC
FN_libManis_006144A4,0x6144A4,sub_6144A4,0x6138F8,0x957840;0x957840;0x957840;0x957840;0x957840;0x3374AC;0x36BB44
FN_libManis_00614630,0x614630,sub_614630,,0x612788
FN_libManis_00614660,0x614660,sub_614660,,0x614BBC
FN_libManis_006146C4,0x6146C4,sub_6146C4,,0x612788
FN_libManis_006146EC,0x6146EC,sub_6146EC,,0x3F90F4;0x624F9C;0x3F90F4
FN_libManis_00614BBC,0x614BBC,sub_614BBC,0x614660,0x957840;0x957840;0x957840;0x957840;0x957840;0x3374AC;0x36BB44
FN_libManis_00614D38,0x614D38,sub_614D38,,0x622148;0x957870;0x957870;0x3F8E7C;0x3F8E7C;0x957840;0x623EDC;0x957870;0x62457C;0x957840
FN_libManis_00617418,0x617418,sub_617418,,0x957840;0x957840;0x3F8E7C;0x3F8E7C;0x3F8E7C;0x3F8E7C;0x3F8E7C;0x3F8E7C;0x3F8E7C;0x3F8E7C
FN_libManis_0061897C,0x61897C,sub_61897C,,0x3F8650;0x3F8C90;0x3F940C;0x3F97D0;0x33AEDC;0x33AEFC;0x33B970;0x957840;0x6260FC;0x957870
FN_libManis_00619768,0x619768,sub_619768,0x619A0C,0x957870;0x957870;0x957870;0x957870;0x957870;0x957870;0x957870;0x957870;0x957870;0x957870
FN_libManis_00619A0C,0x619A0C,sub_619A0C,,0x619768
FN_libManis_00619A30,0x619A30,sub_619A30,,0x957870;0x957870
FN_libManis_00619ACC,0x619ACC,sub_619ACC,,0x957870;0x957870
FN_libManis_00619B68,0x619B68,sub_619B68,,0x957840;0x957840
FN_libManis_00619C08,0x619C08,sub_619C08,,0x957840;0x957840
FN_libManis_00619CA4,0x619CA4,sub_619CA4,,0x957870;0x957870
FN_libManis_00619D34,0x619D34,sub_619D34,,0x957870;0x957870
FN_libManis_0061A2CC,0x61A2CC,sub_61A2CC,,0x957870
FN_libManis_0061A328,0x61A328,sub_61A328,,0x957870
FN_libManis_0061A394,0x61A394,sub_61A394,,0x957840
FN_libManis_0061A404,0x61A404,sub_61A404,,0x957840
FN_libManis_0061A468,0x61A468,sub_61A468,,0x957870
FN_libManis_0061A4B8,0x61A4B8,sub_61A4B8,,0x957870
FN_libManis_0061A690,0x61A690,sub_61A690,0x617418,0x61AAA0;0x61AAA0;0x61AC38
FN_libManis_0061AAA0,0x61AAA0,sub_61AAA0,0x61A690;0x61A690,
FN_libManis_0061AC38,0x61AC38,sub_61AC38,0x61A690,0x334CD4
FN_libManis_0061AC4C,0x61AC4C,sub_61AC4C,,0x3F8E7C;0x3F8E7C;0x957840;0x957840;0x957840;0x957840;0x957840;0x957840;0x957840;0x957840
FN_libManis_0061AEA4,0x61AEA4,sub_61AEA4,0x3FA80C,0x338E1C;0x45F85C
FN_libManis_0061B02C,0x61B02C,sub_61B02C,0x3FAA90,0x338E1C;0x5FF918
FN_libManis_0061B1B4,0x61B1B4,sub_61B1B4,,0x622148;0x957870;0x957870;0x3F8E7C;0x3F8E7C;0x3F8E7C;0x957840;0x957840;0x623EDC;0x957870
FN_libManis_0061C64C,0x61C64C,sub_61C64C,,0x3F8E7C;0x3F8E7C;0x957840;0x957840;0x3F8E7C;0x3F8E7C;0x3F8E7C;0x3F8E7C;0x957840;0x957840
FN_libManis_0061CB9C,0x61CB9C,sub_61CB9C,,0x957840;0x957840;0x957840;0x957870;0x33ACE0;0x957870;0x957870;0x35DA78;0x3E1BC8
FN_libManis_0061CD78,0x61CD78,sub_61CD78,0x61CF30,0x957870;0x957870;0x957870;0x957870;0x957870;0x957870
FN_libManis_0061CF30,0x61CF30,sub_61CF30,,0x61CD78
FN_libManis_0061CF54,0x61CF54,sub_61CF54,,0x957870;0x957870
FN_libManis_0061CFF0,0x61CFF0,sub_61CFF0,,0x957870;0x957870
FN_libManis_0061D08C,0x61D08C,sub_61D08C,,0x957840;0x957840
FN_libManis_0061D134,0x61D134,sub_61D134,,0x957840;0x957840
FN_libManis_0061D1D0,0x61D1D0,sub_61D1D0,,0x957870;0x957870
FN_libManis_0061D260,0x61D260,sub_61D260,,0x957870;0x957870
FN_libManis_0061DA08,0x61DA08,sub_61DA08,,0x622148;0x957870;0x957870;0x62457C;0x33ACE0
FN_libManis_0061DB18,0x61DB18,sub_61DB18,,0x3F8650;0x957870;0x3F8E7C;0x3F8C90;0x3F97D0;0x33AEDC;0x33AEFC;0x33B970;0x3F8EC4;0x3F8650
FN_libManis_0061EAC8,0x61EAC8,sub_61EAC8,,0x3F8EC4;0x957840;0x3F8650;0x957870;0x3F8C90;0x3F940C;0x3F97D0;0x33AEDC;0x33AEFC;0x33B970
FN_libManis_0061F828,0x61F828,sub_61F828,0x61F9E0,0x957870;0x957870;0x957870;0x957870;0x957870;0x957870
FN_libManis_0061F9E0,0x61F9E0,sub_61F9E0,,0x61F828
FN_libManis_0061FA04,0x61FA04,sub_61FA04,,0x957870;0x957870
FN_libManis_0061FAA0,0x61FAA0,sub_61FAA0,,0x957870;0x957870
FN_libManis_0061FB3C,0x61FB3C,sub_61FB3C,,0x957840;0x957840
FN_libManis_0061FBE4,0x61FBE4,sub_61FBE4,,0x957840;0x957840
FN_libManis_0061FC80,0x61FC80,sub_61FC80,,0x957870;0x957870
FN_libManis_0061FD10,0x61FD10,sub_61FD10,,0x957870;0x957870
FN_libManis_00621028,0x621028,sub_621028,0x646814;0x646814,0x6373CC;0x63AFE0;0x63AFE0
FN_libManis_0062121C,0x62121C,sub_62121C,,0x63B220
FN_libManis_00621D6C,0x621D6C,sub_621D6C,0x5FA79C,0x6373CC
FN_libManis_00621E4C,0x621E4C,sub_621E4C,,0x6373CC
FN_libManis_00621F68,0x621F68,sub_621F68,0x646724;0x646724,0x6373CC
FN_libManis_006220AC,0x6220AC,sub_6220AC,0x3D8E4C;0x454F94;0x5C6318;0x5C6CC4;0x5C7848;0x5EE7EC;0x5F1F00;0x5FAC70;0x62457C;0x6254AC,0x957840
FN_libManis_00622148,0x622148,sub_622148,0x3D8E4C;0x454F94;0x4596E8;0x459D1C;0x45A26C;0x5BC0FC;0x5BD044;0x5CB924;0x5CC798;0x5CE694,0x32F644;0x957870;0x644D14;0x957840;0x957870;0x32F644;0x957870
FN_libManis_00623EDC,0x623EDC,sub_623EDC,0x5FFDD4;0x605820;0x60B4B8;0x614D38;0x61B1B4,0x3F8650;0x957870;0x3F8CD8;0x3F97D0;0x33AEDC;0x33AEFC;0x33B970;0x33B970;0x33AF14
FN_libManis_0062457C,0x62457C,sub_62457C,0x601228;0x602B98;0x605820;0x60C9D4;0x60F8DC;0x614D38;0x61B1B4;0x61DA08,0x6220AC;0x3F8E7C;0x62527C;0x62527C;0x62527C;0x5CBE5C;0x957870;0x36BB44;0x348310
FN_libManis_00624CC0,0x624CC0,sub_624CC0,0x60B4B8,0x63797C
FN_libManis_00624D8C,0x624D8C,sub_624D8C,0x60C9D4;0x60F8DC,0x3F8E7C;0x3F8E7C;0x3F8E7C;0x3F8E7C;0x3F8E7C;0x3F90F4;0x3F8E7C;0x3F90F4
FN_libManis_00624F9C,0x624F9C,sub_624F9C,0x60E900;0x60F3AC;0x613984;0x6146EC,
FN_libManis_006251A0,0x6251A0,sub_6251A0,0x601228;0x602B98,0x3F8E7C;0x3F8E7C;0x3F8E7C;0x3F8E7C
FN_libManis_0062527C,0x62527C,sub_62527C,0x62457C;0x62457C;0x62457C,0x36BB44;0x334CEC
FN_libManis_00625418,0x625418,sub_625418,,0x6388E0
FN_libManis_006254AC,0x6254AC,sub_6254AC,0x5F18BC;0x5F18BC;0x5F1F00,0x6220AC;0x957870
FN_libManis_006256F0,0x6256F0,sub_6256F0,0x6260FC,0x3F8650;0x3F8C90;0x957840;0x3F940C;0x957870;0x3F97D0;0x33AEDC;0x33AEFC;0x33B970;0x641C90
FN_libManis_006260FC,0x6260FC,sub_6260FC,0x3D8E4C;0x3D8E4C;0x4596E8;0x459D1C;0x45A26C;0x5B9A34;0x5B9A34;0x5B9A34;0x5BD168;0x5BD168,0x3F91C0;0x6220AC;0x957870;0x957870;0x3F8E7C;0x3F8E7C;0x3F90F4;0x63EB30;0x63FAA4;0x957840
FN_libManis_00626B14,0x626B14,sub_626B14,0x6260FC,0x3F8650;0x3F8C90;0x957840;0x3F940C;0x957870;0x3F97D0;0x33AEDC;0x33AEFC;0x33B970;0x622148
FN_libManis_0062751C,0x62751C,sub_62751C,0x5E5F20;0x5E9F04;0x5E9F04;0x5EE7EC;0x5FC77C;0x5FC77C;0x6260FC;0x6260FC;0x627F80,0x33ACE0
FN_libManis_006278B4,0x6278B4,sub_6278B4,0x5CB194;0x5CC870;0x5CC870,0x3F8EC4;0x3F91C0;0x3F8E7C;0x3F8E7C;0x3F90F4;0x347A2C;0x641C90;0x347B20;0x3479B0;0x347788
FN_libManis_00627F80,0x627F80,sub_627F80,0x6260FC;0x6260FC,0x957840;0x62751C;0x957870
FN_libManis_006280B4,0x6280B4,sub_6280B4,0x6260FC,0x628120
FN_libManis_00628120,0x628120,sub_628120,0x6280B4,0x628294
FN_libManis_00628294,0x628294,sub_628294,0x628120,0x33BD20;0x33BD20;0x33BD20;0x33BD20
FN_libManis_006283A4,0x6283A4,sub_6283A4,0x5EA268;0x5EA268;0x5EA268,0x957840;0x3F8E7C
FN_libManis_00628474,0x628474,sub_628474,0x628E58,
FN_libManis_0062883C,0x62883C,sub_62883C,0x629120,
FN_libManis_00628E58,0x628E58,sub_628E58,0x5EC480,0x957840;0x3F8E7C;0x3F8E7C;0x3F8E7C;0x3F8E7C;0x3F8E7C;0x3F8E7C;0x628474;0x957870
FN_libManis_00629120,0x629120,sub_629120,0x5EC480,0x957840;0x957870;0x957840;0x3F8E7C;0x3F8E7C;0x3F8E7C;0x3F8E7C;0x3F8E7C;0x3F8E7C;0x62883C
FN_libManis_006293F4,0x6293F4,sub_6293F4,0x5EA268,
FN_libManis_00629424,0x629424,sub_629424,0x5EA268;0x5EA268;0x5EA268,
FN_libManis_00629468,0x629468,sub_629468,0x5EE7EC,
FN_libManis_0062955C,0x62955C,sub_62955C,0x5EC480,0x957840;0x622148;0x957840;0x957840;0x957840;0x957870;0x957840;0x957870;0x957840;0x3F8E7C
FN_libManis_00629A7C,0x629A7C,sub_629A7C,0x5EC480,
FN_libManis_00629AA4,0x629AA4,sub_629AA4,0x5EC480,
FN_libManis_00629AB4,0x629AB4,sub_629AB4,0x5EC480;0x5EC480;0x5EC480,
FN_libManis_00629BE8,0x629BE8,sub_629BE8,,0x62A634;0x62A6D4
FN_libManis_0062A2D8,0x62A2D8,sub_62A2D8,0x5EC480,0x957840;0x957870;0x957870;0x957840;0x957870
FN_libManis_0062A634,0x62A634,sub_62A634,0x629BE8,
FN_libManis_0062A6D4,0x62A6D4,sub_62A6D4,0x629BE8,
FN_libManis_0062AAC4,0x62AAC4,sub_62AAC4,0x5F9D2C,0x957840;0x957840;0x3F8E7C;0x3F90F4;0x3F90F4;0x3F8E7C;0x3F8E7C;0x3F8E7C;0x3F8E7C;0x3F8E7C
FN_libManis_0062B4EC,0x62B4EC,sub_62B4EC,0x5F9D2C,0x957840;0x957840;0x3F8E7C;0x3F8E7C;0x3F8E7C;0x3F8E7C;0x3F8E7C;0x3F8E7C;0x62B6FC;0x957870
FN_libManis_0062B6FC,0x62B6FC,sub_62B6FC,0x62B4EC,
FN_libManis_00636DAC,0x636DAC,sub_636DAC,0x5D6A44;0x5DF7E8,
FN_libManis_006373CC,0x6373CC,sub_6373CC,0x5FAC70;0x5FAC70;0x5FDECC;0x621028;0x621D6C;0x621E4C;0x621F68;0x64620C;0x64620C,
FN_libManis_0063797C,0x63797C,sub_63797C,0x5D6A44;0x5DF7E8;0x5EE7EC;0x5FAC70;0x5FAC70;0x6128C8;0x6128C8;0x624CC0,0x63B7C0
FN_libManis_00637ACC,0x637ACC,sub_637ACC,0x5D6A44;0x5DF7E8;0x5EE7EC;0x5FAC70;0x5FAC70,0x63B680
FN_libManis_00637C44,0x637C44,sub_637C44,,0x639DE0
FN_libManis_006388E0,0x6388E0,sub_6388E0,0x625418,
FN_libManis_00639320,0x639320,sub_639320,0x5F2958;0x5F2958;0x5FAC70,
FN_libManis_006393A0,0x6393A0,sub_6393A0,0x5F2490;0x5F2490,
FN_libManis_00639DE0,0x639DE0,sub_639DE0,0x637C44,
FN_libManis_0063AFE0,0x63AFE0,sub_63AFE0,0x621028;0x621028,
FN_libManis_0063B220,0x63B220,sub_63B220,0x62121C,
FN_libManis_0063B680,0x63B680,sub_63B680,0x637ACC,
FN_libManis_0063B7C0,0x63B7C0,sub_63B7C0,0x63797C,
FN_libManis_0063E9C0,0x63E9C0,sub_63E9C0,0x6260FC,
FN_libManis_0063EB30,0x63EB30,sub_63EB30,0x6260FC,
FN_libManis_0063ECA0,0x63ECA0,sub_63ECA0,0x65E048,
FN_libManis_0063EF2C,0x63EF2C,sub_63EF2C,0x6260FC,
FN_libManis_0063EF34,0x63EF34,sub_63EF34,,0x63EFC0
FN_libManis_0063EFC0,0x63EFC0,sub_63EFC0,0x63EF34,
FN_libManis_0063FAA4,0x63FAA4,sub_63FAA4,0x6260FC,
FN_libManis_0063FAAC,0x63FAAC,sub_63FAAC,,0x63FB38
FN_libManis_0063FB38,0x63FB38,sub_63FB38,0x63FAAC,
FN_libManis_00640444,0x640444,sub_640444,0x655DE8;0x65E048,
FN_libManis_0064044C,0x64044C,sub_64044C,,0x6404D8
FN_libManis_006404D8,0x6404D8,sub_6404D8,0x64044C,
FN_libManis_00641130,0x641130,sub_641130,0x64208C,
FN_libManis_006414B0,0x6414B0,sub_6414B0,0x641FF8,
FN_libManis_00641C74,0x641C74,sub_641C74,0x6260FC;0x626B14;0x6278B4;0x6278B4;0x6278B4,
FN_libManis_00641C90,0x641C90,sub_641C90,0x6256F0;0x6260FC;0x6278B4;0x6278B4;0x6278B4,
FN_libManis_00641CAC,0x641CAC,sub_641CAC,0x6260FC,
FN_libManis_00641E84,0x641E84,sub_641E84,0x6260FC,
FN_libManis_00641F64,0x641F64,sub_641F64,0x6260FC,
FN_libManis_00641FF0,0x641FF0,sub_641FF0,0x6260FC,
FN_libManis_00641FF8,0x641FF8,sub_641FF8,,0x6414B0
FN_libManis_00642084,0x642084,sub_642084,0x6260FC,
FN_libManis_0064208C,0x64208C,sub_64208C,,0x641130
FN_libManis_006423E0,0x6423E0,sub_6423E0,,0x6220AC;0x644D38;0x6450C8
FN_libManis_00644D14,0x644D14,sub_644D14,0x622148,
FN_libManis_00644D38,0x644D38,sub_644D38,0x6423E0,0x45AC94
FN_libManis_006450C8,0x6450C8,sub_6450C8,0x6423E0,
FN_libManis_006450E4,0x6450E4,sub_6450E4,0x64620C;0x64620C;0x64632C;0x64632C;0x646528;0x646528;0x646724;0x646724;0x646814;0x646814,0x6611E0;0x6611E0
FN_libManis_006451BC,0x6451BC,sub_6451BC,0x64620C;0x64620C;0x64632C;0x64632C;0x646528;0x646528;0x646724;0x646724;0x646814;0x646814,
FN_libManis_00645260,0x645260,sub_645260,,0x660600
FN_libManis_006453F8,0x6453F8,sub_6453F8,,0x661280
FN_libManis_006459FC,0x6459FC,sub_6459FC,0x65D2A8,
FN_libManis_00645A20,0x645A20,sub_645A20,0x65D2A8;0x65D2A8,
FN_libManis_00645A64,0x645A64,sub_645A64,0x65D2A8,
FN_libManis_00645A94,0x645A94,sub_645A94,,0x6604A0
FN_libManis_0064620C,0x64620C,sub_64620C,,0x6451BC;0x6373CC;0x6450E4;0x6451BC;0x6373CC;0x6450E4
FN_libManis_0064632C,0x64632C,sub_64632C,,0x6451BC;0x6450E4;0x6451BC;0x6450E4
FN_libManis_00646528,0x646528,sub_646528,,0x6451BC;0x6450E4;0x6451BC;0x6450E4
FN_libManis_00646724,0x646724,sub_646724,,0x6451BC;0x621F68;0x6450E4;0x6451BC;0x621F68;0x6450E4
FN_libManis_00646814,0x646814,sub_646814,,0x6451BC;0x621028;0x6450E4;0x6451BC;0x621028;0x6450E4
FN_libManis_00646904,0x646904,sub_646904,,0x6451BC;0x6450E4;0x6451BC;0x6450E4
FN_libManis_00646B00,0x646B00,sub_646B00,,0x6451BC;0x6450E4;0x6451BC;0x6450E4
FN_libManis_00646DB4,0x646DB4,sub_646DB4,,0x6451BC;0x6450E4;0x6451BC;0x6450E4
FN_libManis_00646ECC,0x646ECC,sub_646ECC,,0x6451BC;0x6450E4;0x6451BC;0x6450E4
FN_libManis_006470C8,0x6470C8,sub_6470C8,,0x6451BC;0x6450E4;0x6451BC;0x6450E4
FN_libManis_006471E0,0x6471E0,sub_6471E0,,0x6451BC;0x6450E4;0x6451BC;0x6450E4
FN_libManis_006473DC,0x6473DC,sub_6473DC,,0x6451BC;0x6450E4;0x6451BC;0x6450E4
FN_libManis_006475D8,0x6475D8,sub_6475D8,,0x6451BC;0x6450E4;0x6451BC;0x6450E4
FN_libManis_006477D4,0x6477D4,sub_6477D4,,0x6451BC;0x6450E4;0x6451BC;0x6450E4
FN_libManis_006479D0,0x6479D0,sub_6479D0,,0x6451BC;0x6450E4;0x6451BC;0x6450E4
FN_libManis_00647BCC,0x647BCC,sub_647BCC,,0x6451BC;0x6450E4;0x6451BC;0x6450E4
FN_libManis_0064B4B4,0x64B4B4,sub_64B4B4,0x652EB4;0x652EB4;0x655DE8,
FN_libManis_0064B5D0,0x64B5D0,sub_64B5D0,0x652EB4;0x654080,
FN_libManis_0064BE40,0x64BE40,sub_64BE40,0x42D740;0x42EB10;0x57D760,
FN_libManis_0064C514,0x64C514,sub_64C514,0x42D740;0x42EB10;0x57D760,
FN_libManis_0064C9F8,0x64C9F8,sub_64C9F8,0x42D740;0x42EB10;0x57D760,
FN_libManis_0064CD8C,0x64CD8C,sub_64CD8C,0x42CCEC,
FN_libManis_0064E600,0x64E600,sub_64E600,0x42D740;0x42EB10;0x57D760,0x64F650;0x64F650
FN_libManis_0064E6C4,0x64E6C4,sub_64E6C4,0x42D740;0x57D760,
FN_libManis_0064F650,0x64F650,sub_64F650,0x64E600;0x64E600,0x64F780;0x334CEC
FN_libManis_0064F780,0x64F780,sub_64F780,0x64F650,0x334CD4
FN_libManis_0065081C,0x65081C,sub_65081C,0x57CCAC,
FN_libManis_00651A38,0x651A38,sub_651A38,0x58009C,0x338E1C;0x3E1560;0x3E1A54;0x622148;0x3F8E7C;0x3F8E7C;0x608C00;0x3D9CD4;0x5FF434;0x5FF540
FN_libManis_006529E0,0x6529E0,sub_6529E0,0x3FA80C,0x338E1C;0x45F85C
FN_libManis_00652B68,0x652B68,sub_652B68,0x3FAA90,0x338E1C;0x5FF918
FN_libManis_00652CF0,0x652CF0,sub_652CF0,0x655DE8,0x652EA0;0x334CEC
FN_libManis_00652EA0,0x652EA0,sub_652EA0,0x652CF0,0x334CD4
FN_libManis_00652EB4,0x652EB4,sub_652EB4,0x6551C0,0x3F8E7C;0x3F8E7C;0x338E1C;0x4F7328;0x33ACE0;0x3F8650;0x3F8CD8;0x3F97D0;0x33AEDC;0x33AEFC
FN_libManis_00654080,0x654080,sub_654080,0x6551C0,0x3F8E7C;0x338E1C;0x4F7328;0x33ACE0;0x3F8650;0x3F8CD8;0x3F97D0;0x33AEDC;0x33AEFC;0x33B970
FN_libManis_006551C0,0x6551C0,sub_6551C0,,0x652EB4;0x33AEDC;0x33AEFC;0x33B970;0x654080;0x33AEDC;0x33AEFC;0x33B970;0x33B970
FN_libManis_00655B08,0x655B08,sub_655B08,,0x3F8E7C;0x3F8E7C;0x3F8E7C;0x3F8E7C;0x3F8E7C;0x3F8E7C;0x3F8E7C;0x3F8E7C
FN_libManis_00655DE8,0x655DE8,sub_655DE8,,0x3F8E7C;0x3F8E7C;0x3F8E7C;0x3F8E7C;0x3F8650;0x3F8CD8;0x3F940C;0x3F97D0;0x33AEDC;0x33AEFC
FN_libManis_006579E4,0x6579E4,sub_6579E4,,0x3F8E7C;0x3F8E7C
FN_libManis_00657C24,0x657C24,sub_657C24,0x3FA80C,0x338E1C;0x45F85C
FN_libManis_00657DAC,0x657DAC,sub_657DAC,0x3FAA90,0x338E1C;0x5FF918
FN_libManis_00657F34,0x657F34,sub_657F34,,0x3F8E7C;0x3F8E7C;0x3F8E7C;0x3F8E7C;0x3F90F4
FN_libManis_00658E4C,0x658E4C,sub_658E4C,,0x338E1C;0x45F85C
FN_libManis_00659050,0x659050,sub_659050,,0x622148;0x33ACE0
FN_libManis_00659128,0x659128,sub_659128,,0x348310
FN_libManis_0065923C,0x65923C,sub_65923C,,0x3F8E7C;0x3F8E7C;0x3F8650;0x3F90F4;0x3F8CD8;0x3F940C;0x3F97D0;0x33AEDC;0x33AEFC;0x33B970
FN_libManis_0065A91C,0x65A91C,sub_65A91C,0x65AA24,
FN_libManis_0065AA24,0x65AA24,sub_65AA24,,0x65A91C
FN_libManis_0065AACC,0x65AACC,sub_65AACC,0x3FA80C,0x338E1C;0x45F85C
FN_libManis_0065AC54,0x65AC54,sub_65AC54,,0x3F8EC4
FN_libManis_0065AF10,0x65AF10,sub_65AF10,0x3FA80C,0x338E1C;0x45F85C
FN_libManis_0065B098,0x65B098,sub_65B098,,0x3F91B4
FN_libManis_0065B1CC,0x65B1CC,sub_65B1CC,0x3FA80C,0x338E1C;0x45F85C
FN_libManis_0065B354,0x65B354,sub_65B354,,0x622148;0x33ACE0
FN_libManis_0065B42C,0x65B42C,sub_65B42C,,0x3F8E7C;0x3F8E7C;0x3F8E7C;0x3F8E7C;0x3F8E7C;0x3F8E7C;0x338E1C;0x3F8650;0x3F8CD8;0x3F97D0
FN_libManis_0065D2A8,0x65D2A8,sub_65D2A8,,0x3F8E7C;0x3F8E7C;0x3F8E7C;0x3F8E7C;0x3F8E7C;0x3F8E7C;0x645A64;0x645A20;0x645A20;0x6459FC
FN_libManis_0065DA80,0x65DA80,sub_65DA80,0x65DC78,
FN_libManis_0065DC78,0x65DC78,sub_65DC78,,0x65DA80
FN_libManis_0065DD40,0x65DD40,sub_65DD40,0x3FA80C,0x338E1C;0x45F85C
FN_libManis_0065DEC8,0x65DEC8,sub_65DEC8,0x65E048,
FN_libManis_0065E048,0x65E048,sub_65E048,,0x3F8E7C;0x622148;0x3F90F4;0x3F8650;0x3F8C90;0x3F940C;0x3F97D0;0x33AEDC;0x33AEFC;0x33B970
FN_libManis_0065EDDC,0x65EDDC,sub_65EDDC,0x65EEE4,
FN_libManis_0065EEE4,0x65EEE4,sub_65EEE4,,0x65EDDC
FN_libManis_0065EF88,0x65EF88,sub_65EF88,0x3FA80C,0x338E1C;0x45F85C
FN_libManis_0065F920,0x65F920,sub_65F920,0x655DE8,
FN_libManis_006604A0,0x6604A0,sub_6604A0,0x645A94,
FN_libManis_00660600,0x660600,sub_660600,0x645260,
FN_libManis_006611E0,0x6611E0,sub_6611E0,0x6450E4;0x6450E4,
FN_libManis_00661280,0x661280,sub_661280,0x6453F8,
FN_libManis_006614C4,0x6614C4,sub_6614C4,0x3FA7C0,0x661544
FN_libManis_00661544,0x661544,sub_661544,0x6614C4,0x3C6390;0x3C6654
FN_libManis_0066165C,0x66165C,sub_66165C,,0x33ACE0;0x957840;0x33ACE0;0x957870;0x33ACE0
FN_libManis_0066173C,0x66173C,sub_66173C,,0x338E1C;0x957840;0x3F8650;0x6EB744;0x33AEEC;0x338E1C;0x661A04;0x3F8950;0x957870;0x33ACE0
FN_libManis_00661A04,0x661A04,sub_661A04,0x66173C;0x662084,0x662350;0x3F90F4
FN_libManis_00662084,0x662084,sub_662084,,0x338E1C;0x957840;0x3F8650;0x6EB744;0x33AEEC;0x338E1C;0x661A04;0x3F8950;0x957870;0x33ACE0
FN_libManis_00662350,0x662350,sub_662350,0x661A04,
FN_libManis_00662624,0x662624,sub_662624,0x67D4BC;0x688B3C;0x68C0F8;0x6970B8;0x69AC88;0x69F0C4,0x6F9DE4;0x33ACFC;0x33ACE0;0x6E4CB0;0x33AD18;0x33AEDC;0x33AEFC;0x33B970;0x33B970;0x367BF0
FN_libManis_00663800,0x663800,sub_663800,0x67D4BC;0x69AC88,0x33ACE0;0x33ACFC;0x6E4CB0;0x33AD18;0x33AEDC;0x33AEFC;0x33B970;0x33B970;0x367BF0;0x33AD18
FN_libManis_006651FC,0x6651FC,sub_6651FC,0x662624;0x667914;0x667914;0x667914;0x66F6C8;0x6702B8;0x675B34;0x675B34;0x675B34;0x675B34,0x36BB30
FN_libManis_0066542C,0x66542C,sub_66542C,0x3FADC8,0x665478
FN_libManis_00665478,0x665478,sub_665478,0x66542C,0x33E200;0x666440
FN_libManis_00665610,0x665610,sub_665610,,0x6665D8;0x6E4CB0;0x33AD18;0x33AEDC;0x33AEFC;0x33B970;0x33B970;0x33ACFC;0x33ACE0;0x367BF0
FN_libManis_00665E40,0x665E40,sub_665E40,,0x34842C;0x34842C;0x6FBC6C;0x70714C;0x70714C;0x70714C;0x70714C;0x70714C;0x33ACE0;0x348310
FN_libManis_006660B4,0x6660B4,sub_6660B4,0x6661FC;0x6681C8;0x66A868;0x66B7FC;0x66C5C8;0x6714A8;0x6729FC;0x6729FC;0x673B7C;0x673B7C,0x666220;0x957870;0x957870;0x957870
FN_libManis_006661FC,0x6661FC,sub_6661FC,,0x6660B4
FN_libManis_00666220,0x666220,sub_666220,0x6660B4;0x66CD30;0x66CD30;0x66CD30;0x66CD30;0x66CD30;0x68058C;0x690CE8;0x692518;0x6A6974,0x706EA0
FN_libManis_006662C8,0x6662C8,sub_6662C8,0x6662CC;0x6662CC,
FN_libManis_006662CC,0x6662CC,sub_6662CC,,0x6662C8;0x6662C8
FN_libManis_0066637C,0x66637C,sub_66637C,,0x69A05C
FN_libManis_00666440,0x666440,sub_666440,0x665478;0x666910;0x668AB0;0x66AE7C;0x66BA70;0x66CB98;0x671A50;0x6737F0;0x686ADC;0x68F3F0,
FN_libManis_006665D8,0x6665D8,sub_6665D8,0x665610;0x6A6974,0x33E200;0x334CC0
FN_libManis_006668C4,0x6668C4,sub_6668C4,0x3FADC8,0x666910
FN_libManis_00666910,0x666910,sub_666910,0x6668C4,0x33E200;0x666440
FN_libManis_00666AA8,0x666AA8,sub_666AA8,,0x34842C;0x34842C;0x3481BC;0x3481BC;0x3481BC;0x3481BC;0x3481BC;0x3481BC;0x6682F4;0x6E4CB0
FN_libManis_00667914,0x667914,sub_667914,,0x34842C;0x34842C;0x3481BC;0x3481BC;0x3481BC;0x3481BC;0x3481BC;0x3481BC;0x6651FC;0x6651FC
FN_libManis_006681C8,0x6681C8,sub_6681C8,,0x6660B4
FN_libManis_0066822C,0x66822C,sub_66822C,,0x69A05C
FN_libManis_006682F4,0x6682F4,sub_6682F4,0x666AA8,0x33E200;0x334CC0
FN_libManis_006684E0,0x6684E0,sub_6684E0,0x666AA8;0x699A74;0x6A4E50;0x6BBEDC;0x6FA8C8,0x33E200;0x334CC0
FN_libManis_006686CC,0x6686CC,sub_6686CC,0x666AA8;0x6A4E50,0x6688BC;0x6688A8;0x334CEC
FN_libManis_006688A8,0x6688A8,sub_6688A8,0x6686CC;0x671698,0x334CD4
FN_libManis_006688BC,0x6688BC,sub_6688BC,0x6686CC;0x671698,0x706EA0
FN_libManis_00668A64,0x668A64,sub_668A64,0x3FADC8,0x668AB0
FN_libManis_00668AB0,0x668AB0,sub_668AB0,0x668A64,0x33E200;0x666440
FN_libManis_00668C48,0x668C48,sub_668C48,,0x33ACE0;0x348324;0x348324;0x33ACFC;0x957840;0x34842C;0x957840;0x69AC88;0x957870;0x33AD18
FN_libManis_00669F5C,0x669F5C,sub_669F5C,,0x957840;0x69CE00;0x957870;0x957840;0x69CE00;0x957870;0x34842C;0x6FBC6C;0x70714C;0x70714C
FN_libManis_0066A868,0x66A868,sub_66A868,,0x6660B4
FN_libManis_0066A8EC,0x66A8EC,sub_66A8EC,,0x69A05C
FN_libManis_0066A9B4,0x66A9B4,sub_66A9B4,0x668C48;0x68F588;0x69D758,0x338E1C;0x33E200
FN_libManis_0066AB44,0x66AB44,sub_66AB44,0x668C48;0x68F588,0x33E200;0x334CC0
FN_libManis_0066AE30,0x66AE30,sub_66AE30,0x3FADC8,0x66AE7C
FN_libManis_0066AE7C,0x66AE7C,sub_66AE7C,0x66AE30,0x33E200;0x666440
FN_libManis_0066B014,0x66B014,sub_66B014,,0x6E4CB0;0x367BF0;0x33AD18;0x33AEDC;0x33AEFC;0x33B970;0x33B970;0x33AD18;0x33AEDC;0x33ACE0
FN_libManis_0066B59C,0x66B59C,sub_66B59C,,0x34842C;0x6FBC6C;0x3F8E7C;0x3F8E7C;0x3F8E7C;0x3F8E7C;0x70714C;0x70714C;0x70714C;0x70714C
FN_libManis_0066B7FC,0x66B7FC,sub_66B7FC,,0x6660B4
FN_libManis_0066B860,0x66B860,sub_66B860,,0x69A05C
FN_libManis_0066BA24,0x66BA24,sub_66BA24,0x3FADC8,0x66BA70
FN_libManis_0066BA70,0x66BA70,sub_66BA70,0x66BA24,0x33E200;0x666440
FN_libManis_0066BC08,0x66BC08,sub_66BC08,,0x957840;0x957840;0x33ACFC;0x66C6F0;0x358AE0;0x66C8DC;0x358AE0;0x66C8DC;0x6E4CB0;0x33AD18
FN_libManis_0066C448,0x66C448,sub_66C448,,0x34842C;0x6FBA14;0x70714C;0x70714C;0x33ACE0;0x348310
FN_libManis_0066C5C8,0x66C5C8,sub_66C5C8,,0x6660B4
FN_libManis_0066C62C,0x66C62C,sub_66C62C,,0x69A05C
FN_libManis_0066C6F0,0x66C6F0,sub_66C6F0,0x66BC08;0x6740C0;0x677894;0x67A664;0x68058C;0x687194;0x68A904;0x6A6974;0x6A6974;0x6BBEDC,0x33E200;0x334CC0
FN_libManis_0066C8DC,0x66C8DC,sub_66C8DC,0x66BC08;0x66BC08;0x66CD30;0x6740C0;0x6740C0;0x677894;0x677894;0x677894;0x67A664;0x67A664,0x33E200
FN_libManis_0066CB4C,0x66CB4C,sub_66CB4C,0x3FADC8,0x66CB98
FN_libManis_0066CB98,0x66CB98,sub_66CB98,0x66CB4C,0x33E200;0x666440
FN_libManis_0066CD30,0x66CD30,sub_66CD30,,0x34842C;0x34842C;0x3F8E7C;0x957840;0x957840;0x957840;0x69AC88;0x957870;0x33AD18;0x33AEDC
FN_libManis_0066F57C,0x66F57C,sub_66F57C,0x66CD30,
FN_libManis_0066F6C8,0x66F6C8,sub_66F6C8,,0x34842C;0x957840;0x69CE00;0x957870;0x34842C;0x6FBC6C;0x70714C;0x70714C;0x70714C;0x70714C
FN_libManis_006702B8,0x6702B8,sub_6702B8,,0x34842C;0x348794;0x6651FC;0x6FB7F4;0x70714C;0x70714C;0x70714C;0x957840;0x69CE00;0x957870
FN_libManis_00670E4C,0x670E4C,sub_670E4C,,0x69A6C8;0x33AD18;0x33AEDC;0x33AEFC;0x33B970;0x33B970;0x957870;0x957870;0x33AD30
FN_libManis_006713DC,0x6713DC,sub_6713DC,,0x957870;0x957870
FN_libManis_006714A8,0x6714A8,sub_6714A8,,0x957870;0x957870;0x6660B4
FN_libManis_006715BC,0x6715BC,sub_6715BC,,0x69A05C
FN_libManis_00671698,0x671698,sub_671698,0x66CD30;0x66CD30;0x66CD30;0x66CD30;0x66CD30;0x68058C;0x690CE8;0x692518;0x69A05C;0x6A6974,0x6688BC;0x6688A8;0x334CEC
FN_libManis_00671A04,0x671A04,sub_671A04,0x3FADC8,0x671A50
FN_libManis_00671A50,0x671A50,sub_671A50,0x671A04,0x33E200;0x666440
FN_libManis_00671BE8,0x671BE8,sub_671BE8,,0x6E4CB0;0x367BF0;0x33AD18;0x33AEDC;0x33AEFC;0x33B970;0x33B970;0x957840;0x957840;0x957840
FN_libManis_0067276C,0x67276C,sub_67276C,,0x34842C;0x957840;0x69CE00;0x957870;0x6FBC6C;0x70714C;0x70714C;0x33ACE0;0x957870;0x348310
FN_libManis_00672990,0x672990,sub_672990,,0x957870
FN_libManis_006729FC,0x6729FC,sub_6729FC,,0x957870;0x6660B4;0x6660B4
FN_libManis_00672AB8,0x672AB8,sub_672AB8,,0x69A05C
FN_libManis_00672C80,0x672C80,sub_672C80,,0x957840;0x957840;0x338E1C;0x3E0EE0;0x957870;0x3E1A54;0x957840;0x67A4B4;0x957870;0x957840
FN_libManis_006737A4,0x6737A4,sub_6737A4,0x3FADC8,0x6737F0
FN_libManis_006737F0,0x6737F0,sub_6737F0,0x6737A4,0x33E200;0x666440
FN_libManis_00673988,0x673988,sub_673988,0x3FAA90,0x338E1C;0x5FF918
FN_libManis_00673B10,0x673B10,sub_673B10,,0x957870
FN_libManis_00673B7C,0x673B7C,sub_673B7C,,0x957870;0x6660B4;0x6660B4
FN_libManis_00673C50,0x673C50,sub_673C50,0x672C80;0x672C80;0x672C80;0x672C80,0x69A05C;0x3F8650;0x3F8650;0x957870
FN_libManis_00673E74,0x673E74,sub_673E74,,0x69A05C
FN_libManis_0067403C,0x67403C,sub_67403C,0x672C80,
FN_libManis_006740C0,0x6740C0,sub_6740C0,,0x67C838;0x33AD18;0x33AEDC;0x33AEFC;0x33B970;0x67C854;0x33AD18;0x33AEDC;0x33AEFC;0x33B970
FN_libManis_00675B34,0x675B34,sub_675B34,,0x34842C;0x34842C;0x3481BC;0x3481BC;0x3481BC;0x3481BC;0x3481BC;0x3481BC;0x6651FC;0x676D54
FN_libManis_00676D54,0x676D54,sub_676D54,0x675B34,0x6EC568;0x6EC568
FN_libManis_00676EA8,0x676EA8,sub_676EA8,,0x957870;0x3F8950;0x3F8950
FN_libManis_00676F28,0x676F28,sub_676F28,,0x957870;0x3F8950;0x6660B4
FN_libManis_00676F98,0x676F98,sub_676F98,0x6740C0;0x6740C0;0x677894;0x677894;0x67A664;0x67A664;0x68058C;0x68058C;0x687194;0x687194,0x33E200;0x334CC0
FN_libManis_00677184,0x677184,sub_677184,0x6740C0;0x677894;0x67A664;0x68058C;0x6C1F70,0x33E200;0x334CC0
FN_libManis_00677370,0x677370,sub_677370,0x6740C0;0x677894;0x67A664;0x68058C;0x687194;0x68A904;0x699304,0x33E200;0x334CC0
FN_libManis_006775F4,0x6775F4,sub_6775F4,0x6740C0;0x677894;0x67A664;0x67D4BC;0x683114;0x6853DC;0x687194;0x688B3C;0x68A904;0x68C0F8,
FN_libManis_0067788C,0x67788C,sub_67788C,0x672C80,
FN_libManis_00677894,0x677894,sub_677894,,0x67C838;0x33AD18;0x33AEDC;0x33AEFC;0x33B970;0x67C854;0x33AD18;0x33AEDC;0x33AEFC;0x33B970
FN_libManis_0067947C,0x67947C,sub_67947C,,0x34842C;0x34842C;0x3481BC;0x3481BC;0x3481BC;0x3481BC;0x3481BC;0x3481BC;0x3481BC;0x3481BC
FN_libManis_0067A2B0,0x67A2B0,sub_67A2B0,,0x957870;0x3F8950;0x6660B4
FN_libManis_0067A4B4,0x67A4B4,sub_67A4B4,0x672C80,0x34842C;0x34842C;0x3481BC;0x3481BC;0x348310;0x348310
FN_libManis_0067A664,0x67A664,sub_67A664,,0x67C838;0x33AD18;0x33AEDC;0x33AEFC;0x33B970;0x67C854;0x33AD18;0x33AEDC;0x33AEFC;0x33B970
FN_libManis_0067BDCC,0x67BDCC,sub_67BDCC,,0x34842C;0x34842C;0x3481BC;0x3481BC;0x3481BC;0x3481BC;0x3481BC;0x3481BC;0x3481BC;0x3481BC
FN_libManis_0067C634,0x67C634,sub_67C634,,0x957870;0x3F8950;0x6660B4
FN_libManis_0067C838,0x67C838,sub_67C838,0x6740C0;0x677894;0x67A664;0x68058C,
FN_libManis_0067C854,0x67C854,sub_67C854,0x6740C0;0x677894;0x67A664,0x33ACE0;0x957840;0x957840;0x957840;0x67D4BC;0x957870;0x33AD18;0x33AEDC;0x33AEFC;0x33B970
FN_libManis_0067D4BC,0x67D4BC,sub_67D4BC,0x67C854,0x4F7328;0x957870;0x33ACE0;0x33ACE0;0x34842C;0x6EC568;0x34842C;0x34842C;0x67F5C8;0x33ACFC
FN_libManis_0067F5C8,0x67F5C8,sub_67F5C8,0x67D4BC,
FN_libManis_0067F9F0,0x67F9F0,sub_67F9F0,0x67D4BC;0x67D4BC;0x67D4BC;0x67D4BC;0x688B3C;0x68C0F8;0x6970B8;0x69AC88;0x69AC88;0x69AC88,0x706EA0;0x706EA0;0x706EA0
FN_libManis_0067FB70,0x67FB70,sub_67FB70,0x675B34;0x67BDCC;0x68547C;0x68547C;0x68547C,0x6EC568;0x338E1C;0x6FB3B4
FN_libManis_0067FC8C,0x67FC8C,sub_67FC8C,0x67947C,0x6EC568;0x6EC568
FN_libManis_0067FDC4,0x67FDC4,sub_67FDC4,0x67947C,0x6EC568;0x6EC568
FN_libManis_0067FEF0,0x67FEF0,sub_67FEF0,,0x957870;0x3F8950;0x6660B4
FN_libManis_00680160,0x680160,sub_680160,0x672C80,0x6EC568;0x39B2F4
FN_libManis_0068058C,0x68058C,sub_68058C,,0x67C838;0x33AD18;0x33AEDC;0x33AEFC;0x33B970;0x33B970;0x3F8E7C;0x3F8E7C;0x33ACFC;0x957840
FN_libManis_00683114,0x683114,sub_683114,0x68058C,0x4F7328;0x957870;0x33ACE0;0x6EC568;0x3FC140;0x3F8650;0x3F8C90;0x3F9564;0x33AEDC;0x33AEFC
FN_libManis_00684940,0x684940,sub_684940,0x68058C,0x6EC568;0x3F0B90;0x3F940C;0x3F97D0;0x33AEDC;0x33AEFC;0x33B970;0x3F940C;0x3F97D0;0x33AEDC
FN_libManis_0068538C,0x68538C,sub_68538C,0x68058C,0x957870
FN_libManis_006853DC,0x6853DC,sub_6853DC,0x68058C,0x6775F4
FN_libManis_0068547C,0x68547C,sub_68547C,,0x4F7328;0x4F7328;0x34842C;0x34842C;0x3481BC;0x3481BC;0x3481BC;0x3481BC;0x3481BC;0x3481BC
FN_libManis_00685F1C,0x685F1C,sub_685F1C,,0x3F8950;0x3F8950;0x957870;0x3F8950;0x3F8950
FN_libManis_00685FB8,0x685FB8,sub_685FB8,,0x3F8950;0x3F8950;0x957870;0x3F8950;0x6660B4
FN_libManis_00686134,0x686134,sub_686134,,0x348324
FN_libManis_006862AC,0x6862AC,sub_6862AC,,0x957840;0x68A754;0x957870;0x957840;0x957840;0x957840;0x957840;0x957840;0x957840;0x69A05C
FN_libManis_00686A90,0x686A90,sub_686A90,0x3FADC8,0x686ADC
FN_libManis_00686ADC,0x686ADC,sub_686ADC,0x686A90,0x33E200;0x666440
FN_libManis_00686C74,0x686C74,sub_686C74,0x3FAA90,0x338E1C;0x5FF918
FN_libManis_00686DFC,0x686DFC,sub_686DFC,,0x957870
FN_libManis_00686E68,0x686E68,sub_686E68,,0x957870;0x6660B4;0x6660B4
FN_libManis_00686FC4,0x686FC4,sub_686FC4,,0x69A05C
FN_libManis_0068718C,0x68718C,sub_68718C,0x6862AC,
FN_libManis_00687194,0x687194,sub_687194,,0x68D6D4;0x33AD18;0x33AEDC;0x33AEFC;0x33B970;0x68E5C4;0x33AD18;0x33AEDC;0x33AEFC;0x33B970
FN_libManis_00688A64,0x688A64,sub_688A64,,0x34842C;0x34842C;0x70714C
FN_libManis_00688B3C,0x688B3C,sub_688B3C,,0x4F7328;0x957870;0x33ACE0;0x33ACE0;0x34842C;0x34842C;0x6EC568;0x348324;0x348324;0x3F0B90
FN_libManis_0068A3CC,0x68A3CC,sub_68A3CC,,0x957870;0x3F8950;0x3F8950
FN_libManis_0068A44C,0x68A44C,sub_68A44C,,0x957870;0x3F8950;0x6660B4
FN_libManis_0068A754,0x68A754,sub_68A754,0x6862AC,0x34842C;0x34842C;0x3481BC;0x3481BC;0x348310;0x348310
FN_libManis_0068A904,0x68A904,sub_68A904,,0x68D6D4;0x33AD18;0x33AEDC;0x33AEFC;0x33B970;0x68E5C4;0x33AD18;0x33AEDC;0x33AEFC;0x33B970
FN_libManis_0068C020,0x68C020,sub_68C020,,0x34842C;0x34842C;0x70714C
FN_libManis_0068C0F8,0x68C0F8,sub_68C0F8,,0x4F7328;0x957870;0x33ACE0;0x33ACE0;0x34842C;0x34842C;0x6EC568;0x348324;0x348324;0x3F0B90
FN_libManis_0068D43C,0x68D43C,sub_68D43C,,0x957870;0x3F8950;0x6660B4
FN_libManis_0068D6D4,0x68D6D4,sub_68D6D4,0x687194;0x68A904,0x3F8E7C;0x33ACFC
FN_libManis_0068D9F4,0x68D9F4,sub_68D9F4,,0x34842C;0x34842C;0x957840;0x957840;0x3481BC;0x3481BC;0x3481BC;0x3481BC;0x3481BC;0x3481BC
FN_libManis_0068E5C4,0x68E5C4,sub_68E5C4,0x687194;0x68A904,0x33ACE0;0x957840;0x957840;0x957840;0x957870;0x33AD18;0x33AEDC;0x33AEFC;0x33B970;0x33B970
FN_libManis_0068F3A4,0x68F3A4,sub_68F3A4,0x3FADC8,0x68F3F0
FN_libManis_0068F3F0,0x68F3F0,sub_68F3F0,0x68F3A4,0x33E200;0x666440
FN_libManis_0068F588,0x68F588,sub_68F588,,0x34842C;0x66A9B4;0x3481BC;0x66AB44;0x6E4CB0;0x367BF0;0x33ACFC;0x348310
FN_libManis_0068FA1C,0x68FA1C,sub_68FA1C,,0x34842C;0x34842C;0x6FBC6C;0x70714C;0x70714C;0x70714C;0x3481BC;0x70714C;0x3481BC;0x70714C
FN_libManis_0068FCFC,0x68FCFC,sub_68FCFC,,0x6660B4
FN_libManis_0068FD60,0x68FD60,sub_68FD60,,0x69A05C
FN_libManis_0068FF24,0x68FF24,sub_68FF24,0x3FADC8,0x68FF70
FN_libManis_0068FF70,0x68FF70,sub_68FF70,0x68FF24,0x33E200;0x666440
FN_libManis_00690108,0x690108,sub_690108,,0x676F98;0x358AE0;0x66C8DC;0x6E4CB0;0x33AD18;0x33AEDC;0x33AEFC;0x33B970;0x33B970;0x33ACE0
FN_libManis_0069075C,0x69075C,sub_69075C,,0x34842C;0x6FBA14;0x70714C;0x70714C;0x33ACE0;0x348310
FN_libManis_006908DC,0x6908DC,sub_6908DC,,0x6660B4
FN_libManis_00690940,0x690940,sub_690940,,0x69A05C
FN_libManis_00690B04,0x690B04,sub_690B04,0x3FADC8,0x690B50
FN_libManis_00690B50,0x690B50,sub_690B50,0x690B04,0x33E200;0x666440
FN_libManis_00690CE8,0x690CE8,sub_690CE8,,0x671698;0x666220;0x6E4CB0;0x367BF0;0x33AD18;0x33AEDC;0x33AEFC;0x33B970;0x6E4CB0;0x367BF0
FN_libManis_00691770,0x691770,sub_691770,,0x34842C;0x34842C;0x6EC568;0x348324;0x6FBC6C;0x70714C;0x70714C;0x70714C;0x70714C;0x70714C
FN_libManis_00691B30,0x691B30,sub_691B30,,0x69A6C8;0x33AD18;0x33AEDC;0x33AEFC;0x33B970;0x33B970;0x957870;0x33AD30
FN_libManis_00692044,0x692044,sub_692044,,0x957870
FN_libManis_006920B0,0x6920B0,sub_6920B0,,0x957870;0x6660B4;0x6660B4
FN_libManis_0069216C,0x69216C,sub_69216C,,0x69A05C
FN_libManis_00692334,0x692334,sub_692334,0x3FADC8,0x692380
FN_libManis_00692380,0x692380,sub_692380,0x692334,0x33E200;0x666440
FN_libManis_00692518,0x692518,sub_692518,,0x33ACE0;0x34842C;0x34842C;0x957840;0x957840;0x693E0C;0x957870;0x33AD18;0x33AEDC;0x33AEFC
FN_libManis_00693E0C,0x693E0C,sub_693E0C,0x692518,0x4F7328;0x957870;0x33ACE0;0x3F90F4;0x3F8650;0x3F0B90;0x3F940C;0x957870;0x3EBCCC;0x6775F4
FN_libManis_0069456C,0x69456C,sub_69456C,,0x34842C;0x34842C;0x957840;0x4F7328;0x6EC568;0x348324;0x348324;0x707418;0x957870;0x707418
FN_libManis_006957D4,0x6957D4,sub_6957D4,,0x69A6C8;0x33AD18;0x33AEDC;0x33AEFC;0x33B970;0x33B970;0x957870;0x957870;0x33AD30
FN_libManis_00695D44,0x695D44,sub_695D44,,0x957870;0x957870
FN_libManis_00695DE0,0x695DE0,sub_695DE0,,0x957870;0x957870;0x6660B4;0x6660B4
FN_libManis_00695ECC,0x695ECC,sub_695ECC,,0x69A05C
FN_libManis_00696134,0x696134,sub_696134,0x3FADC8,0x696180
FN_libManis_00696180,0x696180,sub_696180,0x696134,0x33E200;0x666440
FN_libManis_00696318,0x696318,sub_696318,,0x3F8E7C;0x957840;0x957840;0x3F90F4;0x957840;0x6970B8;0x957870;0x6970B8;0x33AD18;0x33AEDC
FN_libManis_006970B8,0x6970B8,sub_6970B8,0x696318;0x696318,0x4F7328;0x957870;0x33ACE0;0x33ACE0;0x6EC568;0x348324;0x3F0B90;0x3F8650;0x3F940C;0x6775F4
FN_libManis_006984D8,0x6984D8,sub_6984D8,,0x34842C;0x34842C;0x957840;0x69CE00;0x957870;0x957840;0x69CE00;0x957870;0x6651FC;0x6651FC
FN_libManis_00698D64,0x698D64,sub_698D64,,0x957870
FN_libManis_00698DD0,0x698DD0,sub_698DD0,,0x957870;0x6660B4;0x6660B4
FN_libManis_00698E8C,0x698E8C,sub_698E8C,,0x69A05C
FN_libManis_00699120,0x699120,sub_699120,0x3FADC8,0x69916C
FN_libManis_0069916C,0x69916C,sub_69916C,0x699120,0x33E200;0x666440
FN_libManis_00699304,0x699304,sub_699304,,0x677370;0x358AE0;0x66C8DC;0x358AE0;0x66C8DC;0x6E4CB0;0x367BF0
FN_libManis_006994E8,0x6994E8,sub_6994E8,,0x34842C;0x6FBA14;0x70714C;0x70714C;0x33ACE0;0x348310
FN_libManis_00699668,0x699668,sub_699668,,0x6660B4
FN_libManis_006996CC,0x6996CC,sub_6996CC,,0x69A05C
FN_libManis_00699790,0x699790,sub_699790,,0x6998DC
FN_libManis_006998DC,0x6998DC,sub_6998DC,0x699790,0x33E200;0x666440
FN_libManis_00699A74,0x699A74,sub_699A74,,0x358AE0;0x358AE0;0x6684E0;0x66C8DC;0x66C8DC;0x6E4CB0;0x367BF0
FN_libManis_00699CB4,0x699CB4,sub_699CB4,,0x34842C;0x6FBA14;0x70714C;0x70714C;0x33ACE0;0x348310
FN_libManis_00699E34,0x699E34,sub_699E34,,0x6660B4
FN_libManis_00699E98,0x699E98,sub_699E98,,0x69A05C
FN_libManis_0069A05C,0x69A05C,sub_69A05C,0x66637C;0x66822C;0x66A8EC;0x66B860;0x66C62C;0x6715BC;0x672AB8;0x673C50;0x673E74;0x6862AC,0x957840;0x957840;0x957840;0x671698;0x6EC568;0x338E1C
FN_libManis_0069A1EC,0x69A1EC,sub_69A1EC,,0x33ACE0;0x33AD18;0x33AEDC;0x33AEFC;0x33B970;0x33B970;0x33AD30
FN_libManis_0069A6C8,0x69A6C8,sub_69A6C8,0x670E4C;0x691B30;0x6957D4;0x6A910C;0x6B17F0;0x6BA6E0,0x69AB00;0x338E1C;0x6F9E8C;0x33AF14;0x33ACFC;0x706EA0;0x6E4C9C;0x709BE0;0x33ACE0
FN_libManis_0069AB00,0x69AB00,sub_69AB00,0x69A6C8;0x6A324C;0x6D58AC;0x6DA0F4;0x6DE7EC;0x6E03B0,0x338E1C;0x338E1C;0x706BF4;0x36BB30
FN_libManis_0069AC3C,0x69AC3C,sub_69AC3C,0x6A324C,
FN_libManis_0069AC50,0x69AC50,sub_69AC50,,0x6E4C9C
FN_libManis_0069AC88,0x69AC88,sub_69AC88,0x668C48;0x66CD30;0x671BE8;0x67C854;0x68058C;0x68E5C4;0x696318;0x69E098;0x6AD304;0x6B58D4,0x4F7328;0x957870;0x33ACE0;0x33ACE0;0x34842C;0x6EC568;0x348324;0x6D2E58;0x3F0B90;0x3F8650
FN_libManis_0069CB40,0x69CB40,sub_69CB40,0x6A05EC;0x6A05EC;0x6A05EC;0x6B73EC;0x6B73EC,0x6D2E58;0x957840;0x957840;0x338E1C;0x3481E0;0x3F8650;0x3F0B90;0x3F940C;0x957870;0x3EBCCC
FN_libManis_0069CE00,0x69CE00,sub_69CE00,0x669F5C;0x669F5C;0x66F6C8;0x66F6C8;0x66F6C8;0x66F6C8;0x6702B8;0x67276C;0x6984D8;0x6984D8,0x957840;0x4F7328
FN_libManis_0069CE9C,0x69CE9C,sub_69CE9C,,0x6660B4
FN_libManis_0069CF2C,0x69CF2C,sub_69CF2C,,0x3F90F4
FN_libManis_0069D168,0x69D168,sub_69D168,0x3FADC8,0x69D1B4
FN_libManis_0069D1B4,0x69D1B4,sub_69D1B4,0x69D168,0x33E200;0x666440
FN_libManis_0069D38C,0x69D38C,sub_69D38C,,0x69A05C
FN_libManis_0069D450,0x69D450,sub_69D450,,0x6660B4
FN_libManis_0069D574,0x69D574,sub_69D574,0x3FADC8,0x69D5C0
FN_libManis_0069D5C0,0x69D5C0,sub_69D5C0,0x69D574,0x33E200;0x666440
FN_libManis_0069D758,0x69D758,sub_69D758,,0x33ACFC;0x66A9B4;0x6E4CB0;0x367BF0
FN_libManis_0069DB0C,0x69DB0C,sub_69DB0C,,0x34842C;0x6FBA14;0x70714C;0x70714C;0x33ACE0;0x348310
FN_libManis_0069DC8C,0x69DC8C,sub_69DC8C,,0x6660B4
FN_libManis_0069DCF0,0x69DCF0,sub_69DCF0,,0x69A05C
FN_libManis_0069DEB4,0x69DEB4,sub_69DEB4,0x3FADC8,0x69DF00
FN_libManis_0069DF00,0x69DF00,sub_69DF00,0x69DEB4,0x33E200;0x666440
FN_libManis_0069E098,0x69E098,sub_69E098,,0x3481E0;0x3481E0;0x370BF8;0x3481E0;0x348324;0x348324;0x348324;0x6A47F4;0x957870;0x957840
FN_libManis_0069F0C4,0x69F0C4,sub_69F0C4,0x69E098;0x69E098,0x4F7328;0x957870;0x33ACE0;0x33ACE0;0x6EC568;0x348324;0x3F0B90;0x3F8650;0x3F940C;0x6775F4
FN_libManis_006A0338,0x6A0338,sub_6A0338,0x6A05EC,0x3481E0;0x3481E0;0x3481E0;0x348310;0x348310
FN_libManis_006A05EC,0x6A05EC,sub_6A05EC,,0x348794;0x34842C;0x348794;0x957840;0x69CE00;0x957870;0x348794;0x6FBC6C;0x957840;0x69CE00
FN_libManis_006A28F4,0x6A28F4,sub_6A28F4,0x6A05EC;0x6A05EC;0x6A05EC,0x33ACE0;0x3703AC;0x3703AC;0x3FEC50;0x3FEC50;0x957870;0x957840;0x957870;0x957840;0x957870
FN_libManis_006A324C,0x6A324C,sub_6A324C,,0x33AD18;0x33AEDC;0x33AEFC;0x33B970;0x33B970;0x69AB00;0x338E1C;0x6F9E8C;0x33AF14;0x33ACFC
FN_libManis_006A44EC,0x6A44EC,sub_6A44EC,0x6A4674,0x957870;0x957870
FN_libManis_006A4674,0x6A4674,sub_6A4674,,0x6A44EC
FN_libManis_006A46D8,0x6A46D8,sub_6A46D8,,0x69A05C
FN_libManis_006A47F4,0x6A47F4,sub_6A47F4,0x69E098,0x957870;0x6A4A34;0x334CEC
FN_libManis_006A4A34,0x6A4A34,sub_6A4A34,0x6A47F4,0x334CD4
FN_libManis_006A4C6C,0x6A4C6C,sub_6A4C6C,0x3FADC8,0x6A4CB8
FN_libManis_006A4CB8,0x6A4CB8,sub_6A4CB8,0x6A4C6C,0x33E200;0x666440
FN_libManis_006A4E50,0x6A4E50,sub_6A4E50,,0x34842C;0x34842C;0x3481BC;0x3481BC;0x3481BC;0x3481BC;0x3481BC;0x3481BC;0x6E4CB0;0x33AD18
FN_libManis_006A5CB0,0x6A5CB0,sub_6A5CB0,,0x34842C;0x34842C;0x3481BC;0x3481BC;0x3481BC;0x3481BC;0x3481BC;0x3481BC;0x6651FC;0x6651FC
FN_libManis_006A6564,0x6A6564,sub_6A6564,,0x6660B4
FN_libManis_006A65C8,0x6A65C8,sub_6A65C8,,0x69A05C
FN_libManis_006A6790,0x6A6790,sub_6A6790,0x3FADC8,0x6A67DC
FN_libManis_006A67DC,0x6A67DC,sub_6A67DC,0x6A6790,0x33E200;0x666440
FN_libManis_006A6974,0x6A6974,sub_6A6974,,0x34842C;0x34842C;0x671698;0x666220;0x6665D8;0x6E4CB0;0x33AD18;0x33AEDC;0x33AEFC;0x33B970
FN_libManis_006A7F40,0x6A7F40,sub_6A7F40,0x6A84B0;0x6A84B0;0x6A84B0,0x34842C;0x3F0B90;0x3F940C;0x957870;0x3F97D0;0x33AEDC;0x33AEFC;0x33B970;0x33B970
FN_libManis_006A84B0,0x6A84B0,sub_6A84B0,,0x6EC568;0x34842C;0x34842C;0x348324;0x3F8E7C;0x3F8E7C;0x6A7F40;0x6A7F40;0x6A7F40;0x6651FC
FN_libManis_006A910C,0x6A910C,sub_6A910C,,0x69A6C8;0x33AD18;0x33AEDC;0x33AEFC;0x33B970;0x33B970;0x957870;0x957870;0x957870;0x33AD30
FN_libManis_006A96C0,0x6A96C0,sub_6A96C0,,0x957870;0x957870;0x957870
FN_libManis_006A978C,0x6A978C,sub_6A978C,,0x957870;0x957870;0x957870;0x6660B4;0x6660B4
FN_libManis_006A98A8,0x6A98A8,sub_6A98A8,,0x69A05C
FN_libManis_006A9978,0x6A9978,sub_6A9978,0x6A6974,0x33E200;0x334CC0
FN_libManis_006A9C64,0x6A9C64,sub_6A9C64,0x3FADC8,0x6A9CB0
FN_libManis_006A9CB0,0x6A9CB0,sub_6A9CB0,0x6A9C64,0x33E200;0x666440
FN_libManis_006A9E48,0x6A9E48,sub_6A9E48,,0x34842C;0x34842C;0x3481BC;0x3481BC;0x3481BC;0x3481BC;0x33ACE0;0x6E4CB0;0x33AD18;0x33AEDC
FN_libManis_006AB028,0x6AB028,sub_6AB028,,0x34842C;0x34842C;0x348794;0x3481BC;0x3481BC;0x3481BC;0x3481BC;0x3481BC;0x3481BC;0x6FBC6C
FN_libManis_006AC178,0x6AC178,sub_6AC178,,0x957870;0x957870
FN_libManis_006AC214,0x6AC214,sub_6AC214,,0x957870;0x957870;0x6660B4;0x6660B4
FN_libManis_006AC300,0x6AC300,sub_6AC300,,0x69A05C
FN_libManis_006AC4CC,0x6AC4CC,sub_6AC4CC,0x3FADC8,0x6AC518
FN_libManis_006AC518,0x6AC518,sub_6AC518,0x6AC4CC,0x33E200;0x666440
FN_libManis_006AC6B0,0x6AC6B0,sub_6AC6B0,,0x6E4CB0;0x33AD18;0x33AEDC;0x33AEFC;0x33B970;0x33B970;0x33ACE0;0x367BF0;0x367BF0
FN_libManis_006ACC60,0x6ACC60,sub_6ACC60,,0x34842C;0x34842C;0x34842C;0x3483F8;0x3483F8;0x6651FC;0x70714C;0x70714C;0x70714C;0x70714C
FN_libManis_006ACEF8,0x6ACEF8,sub_6ACEF8,,0x6660B4
FN_libManis_006ACF5C,0x6ACF5C,sub_6ACF5C,,0x69A05C
FN_libManis_006AD120,0x6AD120,sub_6AD120,0x3FADC8,0x6AD16C
FN_libManis_006AD16C,0x6AD16C,sub_6AD16C,0x6AD120,0x33E200;0x666440
FN_libManis_006AD304,0x6AD304,sub_6AD304,,0x34842C;0x34842C;0x666220;0x671698;0x957840;0x957840;0x69AC88;0x957870;0x33AD18;0x33AEDC
FN_libManis_006ADF90,0x6ADF90,sub_6ADF90,,0x34842C;0x957840;0x69CE00;0x957870;0x957840;0x69CE00;0x957870;0x6FBA14;0x70714C;0x70714C
FN_libManis_006AE2BC,0x6AE2BC,sub_6AE2BC,,0x957870;0x957870
FN_libManis_006AE358,0x6AE358,sub_6AE358,,0x957870;0x957870;0x6660B4;0x6660B4
FN_libManis_006AE444,0x6AE444,sub_6AE444,,0x69A05C
FN_libManis_006AE614,0x6AE614,sub_6AE614,0x3FADC8,0x6AE660
FN_libManis_006AE660,0x6AE660,sub_6AE660,0x6AE614,0x33E200;0x666440
FN_libManis_006AE7F8,0x6AE7F8,sub_6AE7F8,,0x348794;0x34842C;0x38D6E0;0x6B1AD8;0x6B1AD8;0x6B1AD8;0x671698;0x671698;0x666220;0x6E4CB0
FN_libManis_006B0C1C,0x6B0C1C,sub_6B0C1C,,0x348794;0x6EC568;0x957840;0x348794;0x6651FC;0x6FB218;0x70714C;0x70714C;0x70714C;0x70714C
FN_libManis_006B17F0,0x6B17F0,sub_6B17F0,,0x69A6C8;0x957870
FN_libManis_006B184C,0x6B184C,sub_6B184C,0x6B1994,0x957870
FN_libManis_006B1994,0x6B1994,sub_6B1994,,0x6B184C
FN_libManis_006B19F8,0x6B19F8,sub_6B19F8,,0x69A05C
FN_libManis_006B1AD8,0x6B1AD8,sub_6B1AD8,0x6AE7F8;0x6AE7F8;0x6AE7F8,0x6B1C9C;0x334CEC;0x3374AC
FN_libManis_006B1C9C,0x6B1C9C,sub_6B1C9C,0x6B1AD8,0x334CD4
FN_libManis_006B1DB0,0x6B1DB0,sub_6B1DB0,0x3FADC8,0x6B1DFC
FN_libManis_006B1DFC,0x6B1DFC,sub_6B1DFC,0x6B1DB0,0x33E200;0x666440
FN_libManis_006B1F94,0x6B1F94,sub_6B1F94,,0x33ACE0;0x957840;0x33ACFC;0x957870;0x6E4CB0;0x367BF0;0x367BF0;0x957870
FN_libManis_006B2648,0x6B2648,sub_6B2648,,0x34842C;0x34842C;0x6FBA14;0x70714C;0x70714C;0x70714C;0x70714C;0x70714C;0x70714C;0x70714C
FN_libManis_006B2950,0x6B2950,sub_6B2950,,0x6660B4
FN_libManis_006B29B4,0x6B29B4,sub_6B29B4,,0x69A05C
FN_libManis_006B2B78,0x6B2B78,sub_6B2B78,0x3FADC8,0x6B2BC4
FN_libManis_006B2BC4,0x6B2BC4,sub_6B2BC4,0x6B2B78,0x33E200;0x666440
FN_libManis_006B2D5C,0x6B2D5C,sub_6B2D5C,,0x33ACE0;0x375974;0x375974;0x671698;0x666220;0x6E4CB0;0x367BF0;0x33AD18;0x33AEDC;0x33AEFC
FN_libManis_006B3B70,0x6B3B70,sub_6B3B70,,0x34842C;0x34842C;0x348794;0x6EC568;0x3481BC;0x3481BC;0x3481BC;0x3481BC;0x3481BC;0x3481BC
FN_libManis_006B4850,0x6B4850,sub_6B4850,,0x957870
FN_libManis_006B48CC,0x6B48CC,sub_6B48CC,,0x957870;0x6660B4;0x6660B4
FN_libManis_006B4998,0x6B4998,sub_6B4998,,0x69A05C
FN_libManis_006B4B68,0x6B4B68,sub_6B4B68,0x3FADC8,0x6B4BB4
FN_libManis_006B4BB4,0x6B4BB4,sub_6B4BB4,0x6B4B68,0x33E200;0x666440
FN_libManis_006B4D4C,0x6B4D4C,sub_6B4D4C,,0x6E4CB0;0x33AD18;0x33AEDC;0x33AEFC;0x33B970;0x33B970;0x33ACE0;0x367BF0;0x367BF0
FN_libManis_006B52C8,0x6B52C8,sub_6B52C8,,0x34842C;0x34842C;0x6FBA14;0x70714C;0x70714C;0x70714C;0x70714C;0x70714C;0x33ACE0;0x348310
FN_libManis_006B54C8,0x6B54C8,sub_6B54C8,,0x6660B4
FN_libManis_006B552C,0x6B552C,sub_6B552C,,0x69A05C
FN_libManis_006B56F0,0x6B56F0,sub_6B56F0,0x3FADC8,0x6B573C
FN_libManis_006B573C,0x6B573C,sub_6B573C,0x6B56F0,0x33E200;0x666440
FN_libManis_006B58D4,0x6B58D4,sub_6B58D4,,0x34842C;0x34842C;0x33ACFC;0x957840;0x957840;0x69AC88;0x957870;0x33AD18;0x33AEDC;0x33AEFC
FN_libManis_006B64D8,0x6B64D8,sub_6B64D8,,0x34842C;0x34842C;0x957840;0x69CE00;0x957870;0x6FBA14;0x6FBC6C;0x70714C;0x70714C;0x70714C
FN_libManis_006B67F4,0x6B67F4,sub_6B67F4,,0x6660B4
FN_libManis_006B6858,0x6B6858,sub_6B6858,,0x69A05C
FN_libManis_006B6A1C,0x6B6A1C,sub_6B6A1C,0x3FADC8,0x6B6A68
FN_libManis_006B6A68,0x6B6A68,sub_6B6A68,0x6B6A1C,0x33E200;0x666440
FN_libManis_006B6C00,0x6B6C00,sub_6B6C00,,0x34842C;0x34842C;0x3481BC;0x3481BC;0x3481BC;0x3481BC;0x33ACFC;0x957840;0x3F90F4;0x3481BC
FN_libManis_006B7168,0x6B7168,sub_6B7168,0x6B6C00;0x6B6C00,0x6BBA0C;0x6FA8C8
FN_libManis_006B73EC,0x6B73EC,sub_6B73EC,,0x33ACE0;0x34842C;0x34842C;0x6B9BB0;0x69CB40;0x957840;0x957870;0x957840;0x34842C;0x957870
FN_libManis_006B9BB0,0x6B9BB0,sub_6B9BB0,0x6B73EC,0x3481BC;0x348324;0x3481BC;0x348324;0x348324;0x348310;0x348310
FN_libManis_006B9D88,0x6B9D88,sub_6B9D88,0x6B73EC;0x6B73EC,0x33ACE0;0x3703AC;0x3703AC;0x3FEC50;0x3FEC50;0x957870;0x957840;0x957870;0x957840;0x957870
FN_libManis_006BA6E0,0x6BA6E0,sub_6BA6E0,,0x33AD18;0x33AEDC;0x33AEFC;0x33B970;0x33AD18;0x33AEDC;0x33AEFC;0x33B970;0x69A6C8;0x33AD18
FN_libManis_006BB560,0x6BB560,sub_6BB560,0x6BB6D8,0x957870;0x957870;0x957870;0x957870
FN_libManis_006BB6D8,0x6BB6D8,sub_6BB6D8,,0x6BB560
FN_libManis_006BB73C,0x6BB73C,sub_6BB73C,,0x69A05C
FN_libManis_006BB820,0x6BB820,sub_6BB820,,0x33E200;0x334CC0
FN_libManis_006BBA0C,0x6BBA0C,sub_6BBA0C,0x6B7168,0x33E200;0x334CC0
FN_libManis_006BBCF8,0x6BBCF8,sub_6BBCF8,0x3FADC8,0x6BBD44
FN_libManis_006BBD44,0x6BBD44,sub_6BBD44,0x6BBCF8,0x33E200;0x666440
FN_libManis_006BBEDC,0x6BBEDC,sub_6BBEDC,,0x6684E0;0x66C8DC;0x66C6F0;0x6E4CB0;0x33AD18;0x33AEDC;0x33AEFC;0x33B970;0x33B970;0x33ACE0
FN_libManis_006BC624,0x6BC624,sub_6BC624,,0x34842C;0x6FBA14;0x70714C;0x70714C;0x33ACE0;0x348310
FN_libManis_006BC7A4,0x6BC7A4,sub_6BC7A4,,0x6660B4
FN_libManis_006BC808,0x6BC808,sub_6BC808,,0x69A05C
FN_libManis_006BC9CC,0x6BC9CC,sub_6BC9CC,0x3FADC8,0x6BCA18
FN_libManis_006BCA18,0x6BCA18,sub_6BCA18,0x6BC9CC,0x33E200;0x666440
FN_libManis_006BCBB0,0x6BCBB0,sub_6BCBB0,,0x34842C;0x34842C;0x671698;0x666220;0x6E4CB0;0x367BF0;0x33AD18;0x33AEDC;0x33AEFC;0x33B970
FN_libManis_006BDA20,0x6BDA20,sub_6BDA20,,0x34842C;0x34842C;0x6EC568;0x348324;0x6FBC6C;0x70714C;0x70714C;0x70714C;0x70714C;0x70714C
FN_libManis_006BE130,0x6BE130,sub_6BE130,,0x957870
FN_libManis_006BE19C,0x6BE19C,sub_6BE19C,,0x957870;0x6660B4;0x6660B4
FN_libManis_006BE258,0x6BE258,sub_6BE258,,0x69A05C
FN_libManis_006BE3D4,0x6BE3D4,sub_6BE3D4,0x3FADC8,0x6BE420
FN_libManis_006BE420,0x6BE420,sub_6BE420,0x6BE3D4,0x33E200;0x666440
FN_libManis_006BE5B8,0x6BE5B8,sub_6BE5B8,,0x33ACFC;0x6E4CB0;0x367BF0;0x33AD18;0x33AEDC;0x33AEFC;0x33B970;0x33B970;0x33ACE0
FN_libManis_006BEF2C,0x6BEF2C,sub_6BEF2C,,0x34842C;0x34842C;0x6651FC;0x6EC568;0x6EC568;0x6FBC6C;0x338E1C;0x6FB0F8;0x6FB0F8;0x70714C
FN_libManis_006BF418,0x6BF418,sub_6BF418,,0x6660B4
FN_libManis_006BF47C,0x6BF47C,sub_6BF47C,,0x69A05C
FN_libManis_006BF640,0x6BF640,sub_6BF640,0x3FADC8,0x6BF68C
FN_libManis_006BF68C,0x6BF68C,sub_6BF68C,0x6BF640,0x33E200;0x666440
FN_libManis_006BF824,0x6BF824,sub_6BF824,,0x33ACE0;0x34842C;0x34842C;0x957840;0x957840;0x69AC88;0x957870;0x33AD18;0x33AEDC;0x33AEFC
FN_libManis_006C060C,0x6C060C,sub_6C060C,,0x34842C;0x34842C;0x957840;0x69CE00;0x957870;0x957840;0x69CE00;0x957870;0x6FBA14;0x70714C
FN_libManis_006C0B80,0x6C0B80,sub_6C0B80,,0x957870;0x957870
FN_libManis_006C0C1C,0x6C0C1C,sub_6C0C1C,,0x957870;0x957870;0x6660B4;0x6660B4
FN_libManis_006C0D08,0x6C0D08,sub_6C0D08,,0x69A05C
FN_libManis_006C0ED8,0x6C0ED8,sub_6C0ED8,0x3FADC8,0x6C0F24
FN_libManis_006C0F24,0x6C0F24,sub_6C0F24,0x6C0ED8,0x33E200;0x666440
FN_libManis_006C10BC,0x6C10BC,sub_6C10BC,,0x6E4CB0;0x367BF0;0x33AD18;0x33AEDC;0x33AEFC;0x33B970;0x33B970;0x33ACE0
FN_libManis_006C1658,0x6C1658,sub_6C1658,,0x34842C;0x34842C;0x33ACFC;0x6FBA14;0x70714C;0x70714C;0x70714C;0x70714C;0x70714C;0x33ACE0
FN_libManis_006C1B40,0x6C1B40,sub_6C1B40,,0x6660B4
FN_libManis_006C1BC4,0x6C1BC4,sub_6C1BC4,,0x69A05C
FN_libManis_006C1D8C,0x6C1D8C,sub_6C1D8C,0x3FADC8,0x6C1DD8
FN_libManis_006C1DD8,0x6C1DD8,sub_6C1DD8,0x6C1D8C,0x33E200;0x666440
FN_libManis_006C1F70,0x6C1F70,sub_6C1F70,,0x677184;0x6FA8C8;0x6E4CB0;0x33AD18;0x33AEDC;0x33AEFC;0x33B970;0x33B970;0x33ACE0;0x367BF0
FN_libManis_006C2538,0x6C2538,sub_6C2538,,0x34842C;0x6FBA14;0x70714C;0x70714C;0x33ACE0;0x348310
FN_libManis_006C26F8,0x6C26F8,sub_6C26F8,,0x6660B4
FN_libManis_006C277C,0x6C277C,sub_6C277C,,0x69A05C
FN_libManis_006C2944,0x6C2944,sub_6C2944,0x3FADC8,0x6C2990
FN_libManis_006C2990,0x6C2990,sub_6C2990,0x6C2944,0x33E200;0x666440
FN_libManis_006C2B28,0x6C2B28,sub_6C2B28,,0x34842C;0x34842C;0x3481BC;0x3481BC;0x3481BC;0x3481BC;0x6FA8C8;0x6E4CB0;0x33AD18;0x33AEDC
FN_libManis_006C357C,0x6C357C,sub_6C357C,,0x34842C;0x34842C;0x3481BC;0x3481BC;0x3481BC;0x3481BC;0x3481BC;0x3481BC;0x3481BC;0x6651FC
FN_libManis_006C4064,0x6C4064,sub_6C4064,,0x957870
FN_libManis_006C40DC,0x6C40DC,sub_6C40DC,,0x957870;0x6660B4
FN_libManis_006C419C,0x6C419C,sub_6C419C,,0x69A05C
FN_libManis_006C436C,0x6C436C,sub_6C436C,0x3FADC8,0x6C43B8
FN_libManis_006C43B8,0x6C43B8,sub_6C43B8,0x6C436C,0x33E200;0x666440
FN_libManis_006C4550,0x6C4550,sub_6C4550,,0x6C45B8
FN_libManis_006C45B8,0x6C45B8,sub_6C45B8,0x6C4550;0x8EADE8,0x957840;0x957870;0x957840;0x957870;0x957840;0x957870
FN_libManis_006C46E4,0x6C46E4,sub_6C46E4,,0x6660B4
FN_libManis_006C4748,0x6C4748,sub_6C4748,,0x69A05C
FN_libManis_006C490C,0x6C490C,sub_6C490C,0x3FADC8,0x6C4958
FN_libManis_006C4958,0x6C4958,sub_6C4958,0x6C490C,0x33E200;0x666440
FN_libManis_006C4AF0,0x6C4AF0,sub_6C4AF0,,0x33ACE0;0x34842C;0x34842C;0x33ACFC;0x671698;0x666220;0x6E4CB0;0x367BF0;0x33AD18;0x33AEDC
FN_libManis_006C5AA8,0x6C5AA8,sub_6C5AA8,,0x34842C;0x34842C;0x6EC568;0x3481BC;0x3481BC;0x3481BC;0x3481BC;0x3481BC;0x3481BC;0x3481BC
FN_libManis_006C76DC,0x6C76DC,sub_6C76DC,,0x957870
FN_libManis_006C7748,0x6C7748,sub_6C7748,,0x957870;0x6660B4;0x6660B4
FN_libManis_006C7804,0x6C7804,sub_6C7804,,0x69A05C
FN_libManis_006C79CC,0x6C79CC,sub_6C79CC,0x3FADC8,0x6C7A18
FN_libManis_006C7A18,0x6C7A18,sub_6C7A18,0x6C79CC,0x33E200;0x666440
FN_libManis_006C7BB0,0x6C7BB0,sub_6C7BB0,,0x348794;0x33ACFC;0x33ACFC;0x33ACFC;0x33ACFC;0x33ACFC;0x666220;0x671698;0x343DA4;0x33ACFC
FN_libManis_006C910C,0x6C910C,sub_6C910C,,0x348794;0x6EC568;0x348794;0x6651FC;0x6FB218;0x70714C;0x70714C;0x70714C;0x70714C;0x70714C
FN_libManis_006C93E4,0x6C93E4,sub_6C93E4,,0x6660B4
FN_libManis_006C9498,0x6C9498,sub_6C9498,,0x69A05C
FN_libManis_006C966C,0x6C966C,sub_6C966C,0x3FADC8,0x6C96B8
FN_libManis_006C96B8,0x6C96B8,sub_6C96B8,0x6C966C,0x33E200;0x666440
FN_libManis_006C9850,0x6C9850,sub_6C9850,,0x34842C;0x34842C;0x33ACFC;0x6E4CB0;0x367BF0;0x33AD18;0x33AEDC;0x33AEFC;0x33B970;0x33B970
FN_libManis_006CA0D4,0x6CA0D4,sub_6CA0D4,,0x34842C;0x348794;0x348794;0x6FBC6C;0x70714C;0x70714C;0x70714C;0x70714C;0x33ACE0;0x70714C
FN_libManis_006CA428,0x6CA428,sub_6CA428,,0x6660B4
FN_libManis_006CA48C,0x6CA48C,sub_6CA48C,,0x69A05C
FN_libManis_006CA650,0x6CA650,sub_6CA650,0x3FADC8,0x6CA69C
FN_libManis_006CA69C,0x6CA69C,sub_6CA69C,0x6CA650,0x33E200;0x666440
FN_libManis_006CA834,0x6CA834,sub_6CA834,,0x6CA948;0x6E4CB0;0x367BF0;0x367BF0
FN_libManis_006CA948,0x6CA948,sub_6CA948,0x6CA834,0x66C6F0;0x6FA8C8
FN_libManis_006CAD3C,0x6CAD3C,sub_6CAD3C,,0x34842C;0x6FBA14;0x70714C;0x70714C;0x33ACE0;0x348310
FN_libManis_006CAEBC,0x6CAEBC,sub_6CAEBC,,0x6660B4
FN_libManis_006CAF20,0x6CAF20,sub_6CAF20,,0x69A05C
FN_libManis_006CB0E4,0x6CB0E4,sub_6CB0E4,0x3FADC8,0x6CB130
FN_libManis_006CB130,0x6CB130,sub_6CB130,0x6CB0E4,0x33E200;0x666440
FN_libManis_006CB2C8,0x6CB2C8,sub_6CB2C8,,0x6E4CB0;0x367BF0;0x33ACE0;0x367BF0;0x33ACE0
FN_libManis_006CB3FC,0x6CB3FC,sub_6CB3FC,,0x34842C;0x34842C;0x6FBC6C;0x70714C;0x70714C;0x70714C;0x70714C;0x70714C;0x70714C;0x70714C
FN_libManis_006CB6D4,0x6CB6D4,sub_6CB6D4,,0x6660B4
FN_libManis_006CB738,0x6CB738,sub_6CB738,,0x69A05C
FN_libManis_006CB8FC,0x6CB8FC,sub_6CB8FC,0x3FADC8,0x6CB948
FN_libManis_006CB948,0x6CB948,sub_6CB948,0x6CB8FC,0x33E200;0x666440
FN_libManis_006CBAE0,0x6CBAE0,sub_6CBAE0,,0x33ACE0;0x34842C;0x34842C;0x33ACFC;0x671698;0x666220;0x6E4CB0;0x367BF0;0x33AD18;0x33AEDC
FN_libManis_006CC680,0x6CC680,sub_6CC680,,0x34842C;0x34842C;0x6EC568;0x3481BC;0x3481BC;0x3481BC;0x3481BC;0x3481BC;0x3481BC;0x3481BC
FN_libManis_006CE2B4,0x6CE2B4,sub_6CE2B4,,0x957870
FN_libManis_006CE320,0x6CE320,sub_6CE320,,0x957870;0x6660B4;0x6660B4
FN_libManis_006CE3DC,0x6CE3DC,sub_6CE3DC,,0x69A05C
FN_libManis_006CE5A4,0x6CE5A4,sub_6CE5A4,0x3E25EC,0x6CE5F0
FN_libManis_006CE5F0,0x6CE5F0,sub_6CE5F0,0x6CE5A4,0x33E200;0x3BCF4C
FN_libManis_006CE788,0x6CE788,sub_6CE788,,0x957840;0x957840;0x957870;0x957870;0x6CE9F4;0x33ACFC
FN_libManis_006CE9F4,0x6CE9F4,sub_6CE9F4,0x6CE788,0x338E1C;0x957840;0x957870
FN_libManis_006CEB40,0x6CEB40,sub_6CEB40,,0x957870;0x957870
FN_libManis_006CEC48,0x6CEC48,sub_6CEC48,,0x6D2E58;0x957840;0x70C564;0x957870;0x33AF24;0x957840;0x70C564;0x33AF24;0x70BC9C;0x957870
FN_libManis_006CF5C8,0x6CF5C8,sub_6CF5C8,,0x957870
FN_libManis_006CF624,0x6CF624,sub_6CF624,,0x957870
FN_libManis_006CF80C,0x6CF80C,sub_6CF80C,,0x6CF860
FN_libManis_006CF860,0x6CF860,sub_6CF860,0x6CF80C,0x957870;0x957870
FN_libManis_006CFA3C,0x6CFA3C,sub_6CFA3C,0x3E25D0,0x3F62DC
FN_libManis_006CFB90,0x6CFB90,sub_6CFB90,,0x957840;0x6D3BC0;0x6D2130;0x6CFEB4;0x33ACFC;0x33ACFC;0x6CFEB4;0x6D2240;0x957870;0x6D0090
FN_libManis_006CFEB4,0x6CFEB4,sub_6CFEB4,0x6CFB90;0x6CFB90,0x6D1AD0;0x6D1FE8;0x334CEC
FN_libManis_006D0090,0x6D0090,sub_6D0090,0x6CFB90,0x6D2130;0x6D0CCC;0x6D2B24;0x957870;0x6D2B10;0x334CEC
FN_libManis_006D03A4,0x6D03A4,sub_6D03A4,,0x34842C;0x6D2E58;0x6D1FFC;0x957840;0x70C564;0x33AD18;0x33AEDC;0x33AEFC;0x33B970;0x33B970
FN_libManis_006D0B9C,0x6D0B9C,sub_6D0B9C,,0x957870
FN_libManis_006D0CCC,0x6D0CCC,sub_6D0CCC,0x6D0090,0x6D1FFC
FN_libManis_006D1950,0x6D1950,sub_6D1950,0x6D1AAC,0x957870;0x957870
FN_libManis_006D1AAC,0x6D1AAC,sub_6D1AAC,,0x6D1950
FN_libManis_006D1AD0,0x6D1AD0,sub_6D1AD0,0x6CFEB4,0x6D1E10
FN_libManis_006D1E10,0x6D1E10,sub_6D1E10,0x6D1AD0,0x334CEC
FN_libManis_006D1FE8,0x6D1FE8,sub_6D1FE8,0x6CFEB4,0x334CD4
FN_libManis_006D1FFC,0x6D1FFC,sub_6D1FFC,0x6D03A4;0x6D0CCC,
FN_libManis_006D2130,0x6D2130,sub_6D2130,0x6CFB90;0x6D0090,
FN_libManis_006D2240,0x6D2240,sub_6D2240,0x6CFB90,0x6D25BC
FN_libManis_006D25BC,0x6D25BC,sub_6D25BC,0x6D2240;0x6D2794,0x334CEC
FN_libManis_006D2794,0x6D2794,sub_6D2794,0x6D03A4,0x6D25BC
FN_libManis_006D2B10,0x6D2B10,sub_6D2B10,0x6D0090,0x334CD4
FN_libManis_006D2B24,0x6D2B24,sub_6D2B24,0x6D0090,
FN_libManis_006D2E58,0x6D2E58,sub_6D2E58,0x69AC88;0x69CB40;0x6CEC48;0x6D03A4;0x6D5280,0x3483F8;0x3483F8;0x3483F8;0x3483F8;0x3483F8;0x3483F8;0x3483F8;0x3483F8;0x3483F8;0x3483F8
FN_libManis_006D39C4,0x6D39C4,sub_6D39C4,0x6D5280,0x348324
FN_libManis_006D3A98,0x6D3A98,sub_6D3A98,0x70BC9C;0x70C564,
FN_libManis_006D3AB8,0x6D3AB8,sub_6D3AB8,,0x7079A0
FN_libManis_006D3B28,0x6D3B28,sub_6D3B28,,0x7079A0
FN_libManis_006D3B94,0x6D3B94,sub_6D3B94,0x70BC9C;0x70C564,
FN_libManis_006D3B9C,0x6D3B9C,sub_6D3B9C,0x70C564,
FN_libManis_006D3BC0,0x6D3BC0,sub_6D3BC0,0x6CFB90,
FN_libManis_006D3BC8,0x6D3BC8,sub_6D3BC8,,0x3483F8;0x3483F8;0x3483F8;0x3483F8
FN_libManis_006D3CB0,0x6D3CB0,sub_6D3CB0,0x70BC9C,
FN_libManis_006D3DC0,0x6D3DC0,sub_6D3DC0,0x6D58AC,
FN_libManis_006D47B4,0x6D47B4,sub_6D47B4,0x6DA0F4,
FN_libManis_006D5184,0x6D5184,sub_6D5184,0x6E5884,0x957840;0x3F8650;0x3F0B90;0x3F940C;0x957870
FN_libManis_006D5280,0x6D5280,sub_6D5280,0x6D58AC;0x6DA0F4,0x6EC568;0x34842C;0x6D2E58;0x6D39C4;0x3F97D0;0x33AEDC;0x33AEFC;0x33B970;0x33B970;0x33ACE0
FN_libManis_006D57E4,0x6D57E4,sub_6D57E4,0x6D5888,0x957870;0x3F8950;0x957870;0x6E21BC
FN_libManis_006D5888,0x6D5888,sub_6D5888,,0x6D57E4
FN_libManis_006D58AC,0x6D58AC,sub_6D58AC,0x6EB744;0x6EB744,0x6D5280;0x33AD18;0x33AEDC;0x33AEFC;0x33B970;0x33B970;0x6D3DC0;0x33ACFC;0x66C8DC;0x6E4CB0
FN_libManis_006D7818,0x6D7818,sub_6D7818,0x6DE7EC;0x6E03B0,0x706EA0
FN_libManis_006D7888,0x6D7888,sub_6D7888,0x6D58AC,0x34842C;0x6FBC6C;0x70714C;0x70714C;0x70714C;0x70714C;0x70714C;0x3483F8;0x70714C;0x3483F8
FN_libManis_006D9220,0x6D9220,sub_6D9220,0x6D58AC,0x34842C;0x348324;0x33ACFC;0x6EC568;0x338E1C;0x7087EC;0x7081D4;0x708B00;0x368080;0x33ACFC
FN_libManis_006DA0F4,0x6DA0F4,sub_6DA0F4,0x6EA860,0x6D5280;0x33AD18;0x33AEDC;0x33AEFC;0x33B970;0x33B970;0x6D47B4;0x33ACFC;0x66C8DC;0x6E4CB0
FN_libManis_006DC06C,0x6DC06C,sub_6DC06C,0x6DA0F4,0x348794;0x6FBC6C;0x70714C;0x70714C;0x70714C;0x70714C;0x70714C;0x3481BC;0x70714C;0x3481BC
FN_libManis_006DD8CC,0x6DD8CC,sub_6DD8CC,0x6DA0F4,0x34842C;0x3483F8;0x348324;0x3585C4;0x33ACFC;0x6EC568;0x338E1C;0x7087EC;0x368080;0x33ACFC
FN_libManis_006DE7EC,0x6DE7EC,sub_6DE7EC,0x6E9E28,0x6EC568;0x6EE0E4;0x70AF3C;0x7079A0;0x368080;0x33ACFC;0x33ACFC;0x957870;0x66C8DC;0x6E4CB0
FN_libManis_006E03B0,0x6E03B0,sub_6E03B0,0x6EADD0,0x6EC568;0x6EE0E4;0x70AF3C;0x7079A0;0x33ACFC;0x33ACFC;0x33ACFC;0x957870;0x343DA4;0x66C8DC
FN_libManis_006E21BC,0x6E21BC,sub_6E21BC,0x6D57E4;0x6E21C0;0x6E21C0,
FN_libManis_006E21C0,0x6E21C0,sub_6E21C0,,0x6E21BC;0x6E21BC;0x6E2208
FN_libManis_006E2208,0x6E2208,sub_6E2208,0x6E21C0,0x706EA0
FN_libManis_006E2298,0x6E2298,sub_6E2298,0x6D58AC;0x6D58AC;0x6DA0F4;0x6DA0F4;0x6DE7EC;0x6DE7EC;0x6E03B0;0x6E03B0,0x338E1C;0x33E200
FN_libManis_006E2478,0x6E2478,sub_6E2478,,0x7079A0
FN_libManis_006E25B8,0x6E25B8,sub_6E25B8,,0x6E2684;0x957840;0x957870
FN_libManis_006E2684,0x6E2684,sub_6E2684,0x6E25B8;0x6E2F54,0x3DA760;0x6E286C;0x6E2A34;0x6E286C;0x6E2A34;0x6E286C;0x6E2A34
FN_libManis_006E286C,0x6E286C,sub_6E286C,0x6E2684;0x6E2684;0x6E2684;0x75F220;0x75F220;0x79BC98;0x79BC98;0x79BC98;0x79BC98;0x79BC98,0x3E07DC
FN_libManis_006E2A34,0x6E2A34,sub_6E2A34,0x6E2684;0x6E2684;0x6E2684;0x75F220;0x75F220;0x79BC98;0x79BC98;0x79BC98;0x79BC98;0x79BC98,0x3E0A40
FN_libManis_006E2C00,0x6E2C00,sub_6E2C00,,0x8CF6A4;0x8CFE4C;0x8E8868
FN_libManis_006E2F54,0x6E2F54,sub_6E2F54,,0x6E2684;0x3DB3C4;0x957840;0x957870
FN_libManis_006E3038,0x6E3038,sub_6E3038,,0x3DEF44;0x3DDAF0;0x3DDC9C
FN_libManis_006E3310,0x6E3310,sub_6E3310,0x6E5884,0x6EC568
FN_libManis_006E3378,0x6E3378,sub_6E3378,0x6EBF8C,0x957870;0x957870;0x6E54B4;0x957870;0x957870;0x957870;0x6E54B4
FN_libManis_006E352C,0x6E352C,sub_6E352C,0x6E5C08,0x957840;0x957870;0x6F048C;0x33AEFC;0x33ACFC;0x33ACFC;0x957840;0x35C1A8;0x6E4418;0x957870
FN_libManis_006E4418,0x6E4418,sub_6E4418,0x6E352C;0x6E352C;0x79C52C;0x8E88E0,0x33E200;0x35D900;0x35DA20
FN_libManis_006E45DC,0x6E45DC,sub_6E45DC,0x6E5C08,0x70A434;0x957870;0x33ACFC;0x33ACE0
FN_libManis_006E4944,0x6E4944,sub_6E4944,0x6E5C08,0x957870;0x6F36C8;0x33AF24;0x33B970;0x33B970;0x33ACE0
FN_libManis_006E4C9C,0x6E4C9C,sub_6E4C9C,0x69A6C8;0x69AC50,
FN_libManis_006E4CB0,0x6E4CB0,sub_6E4CB0,0x662624;0x663800;0x665610;0x666AA8;0x666AA8;0x668C48;0x66B014;0x66BC08;0x66CD30;0x66CD30,0x6F1AD0;0x33AF24;0x6F6D28;0x6F6D98;0x33ACE0;0x33ACFC;0x33AD30;0x33ACFC
FN_libManis_006E54B4,0x6E54B4,sub_6E54B4,0x6E3378;0x6E3378;0x6E54B8;0x6E54B8,
FN_libManis_006E54B8,0x6E54B8,sub_6E54B8,,0x6E54B4;0x6E54B4
FN_libManis_006E5528,0x6E5528,sub_6E5528,,0x35DA78
FN_libManis_006E56A0,0x6E56A0,sub_6E56A0,0x3FAA64,0x6E56EC
FN_libManis_006E56EC,0x6E56EC,sub_6E56EC,0x6E56A0,0x33E200;0x45A994
FN_libManis_006E5884,0x6E5884,sub_6E5884,0x6EBEC8,0x6E3310;0x957870;0x957840;0x6D5184;0x957870;0x957870
FN_libManis_006E5AA8,0x6E5AA8,sub_6E5AA8,,0x367C40;0x957870;0x957870
FN_libManis_006E5B50,0x6E5B50,sub_6E5B50,,0x367C40;0x957870;0x957870;0x3F4630;0x3F4630
FN_libManis_006E5C08,0x6E5C08,sub_6E5C08,,0x6E45DC;0x33AD18;0x33AEDC;0x33AEFC;0x33B970;0x957840;0x6E352C;0x957870;0x33AD18;0x33AEDC
FN_libManis_006E7688,0x6E7688,sub_6E7688,0x6E5C08,0x35DA78
FN_libManis_006E782C,0x6E782C,sub_6E782C,,0x33ACE0;0x6EC568;0x6EE0E4;0x338E1C;0x368358;0x6E9E28;0x33AF24;0x3F131C;0x957870;0x33AEDC
FN_libManis_006E9E28,0x6E9E28,sub_6E9E28,0x6E782C,0x3F2754;0x33E200;0x957840;0x3F283C;0x3481E0;0x368358;0x3F8780;0x957870;0x957840;0x957870
FN_libManis_006EA860,0x6EA860,sub_6EA860,0x6E782C,0x3F940C;0x3F97D0;0x33AD18;0x33AEDC;0x33AEFC;0x33B970;0x33B970;0x6DA0F4;0x33AD30
FN_libManis_006EADD0,0x6EADD0,sub_6EADD0,0x6E782C,0x33E200;0x957840;0x3481E0;0x368358;0x3F8780;0x957870;0x957840;0x957870;0x33ACFC;0x33ACFC
FN_libManis_006EB744,0x6EB744,sub_6EB744,0x66173C;0x662084;0x6E782C;0x6E782C,0x3F97D0;0x33AEDC;0x33AEFC;0x33B970;0x33B970;0x3EBCCC;0x957840;0x957870;0x6D58AC;0x33AF14
FN_libManis_006EBEC8,0x6EBEC8,sub_6EBEC8,,0x6E5884
FN_libManis_006EBF8C,0x6EBF8C,sub_6EBF8C,,0x6E3378
FN_libManis_006EC134,0x6EC134,sub_6EC134,,0x8CFBCC;0x8CF690;0x33AD18;0x33ACE0;0x33ACE0;0x6EE3E4;0x6EE3E4
FN_libManis_006EC568,0x6EC568,sub_6EC568,0x66F6C8;0x6740C0;0x676D54;0x676D54;0x67D4BC;0x67FB70;0x67FC8C;0x67FC8C;0x67FDC4;0x67FDC4,
FN_libManis_006EC624,0x6EC624,sub_6EC624,0x8DD43C,0x6FC9D8;0x704190;0x6ED1C4;0x6F7730;0x6ED36C;0x6F8608;0x6F8838;0x6F8608;0x6F8838;0x6F8608
FN_libManis_006ED1C4,0x6ED1C4,sub_6ED1C4,0x6EC624;0x6EEA10;0x6F0154,0x7041A8;0x7041A8;0x7041A8;0x6F7544
FN_libManis_006ED36C,0x6ED36C,sub_6ED36C,0x6EC624;0x6EEA10;0x6F0154,0x704748;0x704748;0x6F7988;0x70A9AC;0x6F7BBC;0x70A700;0x70A9AC
FN_libManis_006ED544,0x6ED544,sub_6ED544,0x6EC624,0x6F8838;0x6F8838;0x6F8838;0x6F8838;0x6F8838;0x6F8838;0x6F8838;0x6F8838;0x358C44;0x334CC0
FN_libManis_006EE0E4,0x6EE0E4,sub_6EE0E4,0x6DE7EC;0x6E03B0;0x6E782C,
FN_libManis_006EE3E4,0x6EE3E4,sub_6EE3E4,0x6EC134;0x6EC134,0x6FC9D8;0x704190;0x6EEA10;0x33AF24;0x33ACFC;0x33B970;0x33ACFC;0x338E1C;0x6F8608;0x6F8608
FN_libManis_006EEA10,0x6EEA10,sub_6EEA10,0x6EE3E4;0x6F048C,0x6ED1C4;0x6F7730;0x6ED36C;0x704A24;0x70446C;0x70446C;0x70A700;0x704A24;0x704A24;0x704A24
FN_libManis_006F001C,0x6F001C,sub_6F001C,0x6EE3E4;0x6F048C,0x6F4F20;0x33ACFC;0x334CC0
FN_libManis_006F0154,0x6F0154,sub_6F0154,0x6EE3E4,0x6ED1C4;0x6F7730;0x6ED36C;0x957870;0x70A9AC;0x70A700;0x33ACE0;0x33ACFC;0x33ACFC;0x70A9AC
FN_libManis_006F03EC,0x6F03EC,sub_6F03EC,0x6EE3E4;0x6EE3E4,0x957870
FN_libManis_006F043C,0x6F043C,sub_6F043C,0x6F048C,0x957870
FN_libManis_006F048C,0x6F048C,sub_6F048C,0x6E352C,0x33ACE0;0x6FC9D8;0x704190;0x6EEA10;0x33AEFC;0x6F001C;0x33AEFC;0x33ACFC;0x338E1C;0x6F8608
FN_libManis_006F18E8,0x6F18E8,sub_6F18E8,0x6F048C,0x957870
FN_libManis_006F1954,0x6F1954,sub_6F1954,0x6F048C;0x6F048C,0x39B2F4;0x334CEC
FN_libManis_006F1AD0,0x6F1AD0,sub_6F1AD0,0x6E4CB0;0x6FA97C,0x6F8CA8;0x6F8DC8;0x338E1C;0x338E1C;0x6F8EE8;0x6F9090;0x7060F4;0x957840;0x6F2A58;0x957870
FN_libManis_006F2A58,0x6F2A58,sub_6F2A58,0x6F1AD0;0x6F1AD0,0x70CE70;0x6F9904;0x3574D4;0x338E1C;0x6F69C8;0x7063A0;0x7063A0;0x334CC0
FN_libManis_006F30DC,0x6F30DC,sub_6F30DC,0x6F1AD0;0x6F1AD0;0x6F50AC;0x6F50AC,0x6F7BBC;0x70A700;0x6F7BBC;0x70A700;0x6F6B44;0x70A9AC;0x70A9AC;0x705E10;0x6F81A8
FN_libManis_006F36C8,0x6F36C8,sub_6F36C8,0x6E4944,0x33ACE0;0x338E1C;0x3490F8;0x33ACFC;0x338E1C;0x348E00;0x338E1C;0x7060F4;0x33ACFC;0x6F4D50
FN_libManis_006F4D50,0x6F4D50,sub_6F4D50,0x6F36C8;0x6F36C8,0x358C58
FN_libManis_006F4E38,0x6F4E38,sub_6F4E38,0x6F36C8,0x358C58
FN_libManis_006F4F20,0x6F4F20,sub_6F4F20,0x6F001C;0x6F36C8;0x6F36C8;0x6F36C8;0x6F36C8,
FN_libManis_006F4FC4,0x6F4FC4,sub_6F4FC4,0x6F36C8;0x6F50AC,0x358C58
FN_libManis_006F50AC,0x6F50AC,sub_6F50AC,0x6E352C,0x33ACE0;0x338E1C;0x3490F8;0x33ACFC;0x338E1C;0x348E00;0x33ACFC;0x33ACFC;0x358C70;0x3589A0
FN_libManis_006F69C8,0x6F69C8,sub_6F69C8,0x6F2A58,0x70556C;0x39B2F4
FN_libManis_006F6B44,0x6F6B44,sub_6F6B44,0x6F30DC,0x70664C;0x6F7D24;0x70A9AC;0x6F7974
FN_libManis_006F6D28,0x6F6D28,sub_6F6D28,0x6E4CB0,0x708DE4
FN_libManis_006F6D98,0x6F6D98,sub_6F6D98,0x6E4CB0,
FN_libManis_006F6DB0,0x6F6DB0,sub_6F6DB0,,0x33E200
FN_libManis_006F6EF0,0x6F6EF0,sub_6F6EF0,0x6EEA10;0x6EEA10,0x3619FC;0x3619FC;0x3619FC;0x3619FC;0x3619FC;0x3619FC;0x3619FC
FN_libManis_006F7544,0x6F7544,sub_6F7544,0x6ED1C4,0x6F771C;0x334CEC
FN_libManis_006F771C,0x6F771C,sub_6F771C,0x6F7544,0x334CD4
FN_libManis_006F7730,0x6F7730,sub_6F7730,0x6EC624;0x6EEA10;0x6F0154,0x6F7960
FN_libManis_006F7960,0x6F7960,sub_6F7960,0x6EEA10;0x6EEA10;0x6F7730;0x6F7BBC;0x6F81A8;0x6F8608;0x70CA88;0x8FA56C,0x334CD4
FN_libManis_006F7974,0x6F7974,sub_6F7974,0x6F6B44,0x334CD4
FN_libManis_006F7988,0x6F7988,sub_6F7988,0x6ED36C;0x6F7FE4,0x70A9AC;0x6F7BA8;0x334CEC
FN_libManis_006F7BA8,0x6F7BA8,sub_6F7BA8,0x6F7988,0x334CD4
FN_libManis_006F7BBC,0x6F7BBC,sub_6F7BBC,0x6ED36C;0x6EEA10;0x6F30DC;0x6F30DC;0x6F7D24;0x6F7D24;0x6F7FE4,0x704A24;0x70446C;0x70446C;0x6F7960
FN_libManis_006F7D24,0x6F7D24,sub_6F7D24,0x6F6B44,0x6F7FE4;0x6F7BBC;0x70A700;0x6F81A8;0x6F7BBC;0x70A700;0x6F83E4;0x338E1C;0x70A9AC;0x70A9AC
FN_libManis_006F7FE4,0x6F7FE4,sub_6F7FE4,0x6F7D24,0x6F7988;0x70A9AC;0x6F7BBC;0x70A700;0x70A9AC
FN_libManis_006F81A8,0x6F81A8,sub_6F81A8,0x6F30DC;0x6F7D24,0x6F7960
FN_libManis_006F83E4,0x6F83E4,sub_6F83E4,0x6F7D24,0x70A9AC;0x6F8580;0x334CEC
FN_libManis_006F8580,0x6F8580,sub_6F8580,0x6F83E4,0x334CD4
FN_libManis_006F85C4,0x6F85C4,sub_6F85C4,0x6F85C8;0x6F85C8,
FN_libManis_006F85C8,0x6F85C8,sub_6F85C8,,0x6F85C4;0x6F85C4
FN_libManis_006F8608,0x6F8608,sub_6F8608,0x6EC624;0x6EC624;0x6EC624;0x6EC624;0x6EC624;0x6EE3E4;0x6EE3E4;0x6EE3E4;0x6EE3E4;0x6F048C,0x6F7960
FN_libManis_006F8838,0x6F8838,sub_6F8838,0x6EC624;0x6EC624;0x6ED544;0x6ED544;0x6ED544;0x6ED544;0x6ED544;0x6ED544;0x6ED544;0x6ED544,0x33E200
FN_libManis_006F89B4,0x6F89B4,sub_6F89B4,0x6F89B8;0x6F89B8;0x89BC4C,
FN_libManis_006F89B8,0x6F89B8,sub_6F89B8,,0x6F89B4;0x6F89B4
FN_libManis_006F8A7C,0x6F8A7C,sub_6F8A7C,,0x704FE4
FN_libManis_006F8ABC,0x6F8ABC,sub_6F8ABC,0x6F048C,0x33E200;0x334CC0
FN_libManis_006F8CA8,0x6F8CA8,sub_6F8CA8,0x6F1AD0,
FN_libManis_006F8DC8,0x6F8DC8,sub_6F8DC8,0x6F1AD0,
FN_libManis_006F8EE8,0x6F8EE8,sub_6F8EE8,0x6F1AD0;0x6F50AC,0x338E1C;0x33E200
FN_libManis_006F9090,0x6F9090,sub_6F9090,0x6F1AD0,
FN_libManis_006F91B0,0x6F91B0,sub_6F91B0,0x6F1AD0;0x6F50AC,0x338E1C;0x7060F4;0x33E200
FN_libManis_006F9364,0x6F9364,sub_6F9364,0x6F1AD0;0x6F1AD0,
FN_libManis_006F9484,0x6F9484,sub_6F9484,0x6F1AD0,0x338E1C;0x33E200
FN_libManis_006F9670,0x6F9670,sub_6F9670,0x6F50AC,0x6F97E4;0x33E200
FN_libManis_006F97E4,0x6F97E4,sub_6F97E4,0x6F9670,0x338E1C;0x338E1C;0x357680
FN_libManis_006F9904,0x6F9904,sub_6F9904,0x6F2A58,
FN_libManis_006F9A24,0x6F9A24,sub_6F9A24,0x6EEA10;0x6F9A28;0x6F9A28,
FN_libManis_006F9A28,0x6F9A28,sub_6F9A28,,0x6F9A24;0x6F9A24;0x70A9AC
FN_libManis_006F9AA4,0x6F9AA4,sub_6F9AA4,,0x70A9AC
FN_libManis_006F9AEC,0x6F9AEC,sub_6F9AEC,,0x33E200
FN_libManis_006F9DE4,0x6F9DE4,sub_6F9DE4,0x662624,0x707C4C;0x707C4C
FN_libManis_006F9E8C,0x6F9E8C,sub_6F9E8C,0x662624;0x663800;0x69A6C8;0x6A324C;0x6D58AC;0x6DA0F4;0x6DE7EC;0x6E03B0,0x33ACFC;0x7090C8;0x368080;0x33ACFC;0x709934;0x7090C8;0x709934;0x709688;0x33ACE0;0x36BB30
FN_libManis_006FA7EC,0x6FA7EC,sub_6FA7EC,0x6FA97C,0x7090C8;0x709934
FN_libManis_006FA8C8,0x6FA8C8,sub_6FA8C8,0x6B7168;0x6C1F70;0x6C2B28;0x6CA948,0x6684E0;0x33ACE0
FN_libManis_006FA97C,0x6FA97C,sub_6FA97C,0x683114,0x6F1AD0;0x33AEFC;0x33ACFC;0x70714C;0x70714C;0x70714C;0x70714C;0x33ACFC;0x706EA0;0x367BF0
FN_libManis_006FB0F8,0x6FB0F8,sub_6FB0F8,0x6BEF2C;0x6BEF2C,
FN_libManis_006FB218,0x6FB218,sub_6FB218,0x662624;0x663800;0x67947C;0x68D9F4;0x6A05EC;0x6A84B0;0x6A84B0;0x6B0C1C;0x6B0C1C;0x6B0C1C,
FN_libManis_006FB228,0x6FB228,sub_6FB228,0x6FBC6C,0x6EC568;0x338E1C;0x6EC568;0x3CBFD8;0x338E1C;0x6FB3B4
FN_libManis_006FB3B4,0x6FB3B4,sub_6FB3B4,0x67FB70;0x6FB228;0x6FB804,0x6FC0C4;0x6651FC;0x338E1C;0x6FBE18;0x6FC26C;0x3CBE64;0x6FC26C;0x3CBE64;0x36BB30
FN_libManis_006FB7F4,0x6FB7F4,sub_6FB7F4,0x667914;0x66F6C8;0x6702B8;0x69456C;0x6A5CB0;0x6C357C,
FN_libManis_006FB804,0x6FB804,sub_6FB804,0x6FBA14,0x6EC568;0x338E1C;0x6EC568;0x3CBFD8;0x338E1C;0x6FB3B4
FN_libManis_006FBA14,0x6FBA14,sub_6FBA14,0x66C448;0x69075C;0x6994E8;0x699CB4;0x69DB0C;0x6ADF90;0x6B2648;0x6B52C8;0x6B64D8;0x6BC624,0x3483F8;0x3483F8;0x3483F8;0x3483F8;0x3483F8;0x3483F8;0x3483F8;0x3483F8;0x3483F8;0x3483F8
FN_libManis_006FBC6C,0x6FBC6C,sub_6FBC6C,0x665E40;0x669F5C;0x66B59C;0x66F6C8;0x66F6C8;0x66F6C8;0x67276C;0x68FA1C;0x691770;0x691770,0x3483F8;0x3483F8;0x3483F8;0x3483F8;0x3483F8;0x3483F8;0x3483F8;0x3483F8;0x3483F8;0x6651FC
FN_libManis_006FBE18,0x6FBE18,sub_6FBE18,0x6FB3B4,0x3CBFD8;0x3CBFD8
FN_libManis_006FC0C4,0x6FC0C4,sub_6FC0C4,0x6FB3B4,
FN_libManis_006FC26C,0x6FC26C,sub_6FC26C,0x6FB3B4;0x6FB3B4,0x6FC634;0x36BB30
FN_libManis_006FC634,0x6FC634,sub_6FC634,0x6FC26C,0x334CEC
FN_libManis_006FC90C,0x6FC90C,sub_6FC90C,0x7DACDC;0x7E12A0;0x7E12A0;0x7E4364;0x7E9E94;0x7F21FC;0x7FAB18;0x7FFE28;0x806534;0x816C34,
FN_libManis_006FC988,0x6FC988,sub_6FC988,,0x957870
FN_libManis_006FC9D8,0x6FC9D8,sub_6FC9D8,0x6EC624;0x6EE3E4;0x6F048C,
FN_libManis_006FCA58,0x6FCA58,sub_6FCA58,0x70B7E8,
FN_libManis_00704190,0x704190,sub_704190,0x6EC624;0x6EE3E4;0x6F048C,
FN_libManis_007041A8,0x7041A8,sub_7041A8,0x6ED1C4;0x6ED1C4;0x6ED1C4,
FN_libManis_0070446C,0x70446C,sub_70446C,0x6EEA10;0x6EEA10;0x6EEA10;0x6EEA10;0x6F7BBC;0x6F7BBC;0x70CA88;0x70CA88,
FN_libManis_00704748,0x704748,sub_704748,0x6ED36C;0x6ED36C,
FN_libManis_00704A24,0x704A24,sub_704A24,0x6EEA10;0x6EEA10;0x6EEA10;0x6EEA10;0x6EEA10;0x6EEA10;0x6F048C;0x6F048C;0x6F048C;0x6F048C,
FN_libManis_00704D00,0x704D00,sub_704D00,0x6F048C;0x6F048C;0x6F048C,
FN_libManis_00704FE4,0x704FE4,sub_704FE4,0x6F8A7C,
FN_libManis_00705290,0x705290,sub_705290,0x70CA88;0x70CA88,
FN_libManis_0070556C,0x70556C,sub_70556C,0x6F69C8,
FN_libManis_00705848,0x705848,sub_705848,0x6F50AC,
FN_libManis_00705B34,0x705B34,sub_705B34,0x6F36C8;0x6F36C8;0x6F36C8,
FN_libManis_00705E10,0x705E10,sub_705E10,0x6F30DC,
FN_libManis_007060F4,0x7060F4,sub_7060F4,0x6F1AD0;0x6F36C8;0x6F91B0,
FN_libManis_007063A0,0x7063A0,sub_7063A0,0x6F1AD0;0x6F2A58;0x6F2A58;0x6F36C8;0x6F50AC,
FN_libManis_0070664C,0x70664C,sub_70664C,0x6F6B44,
FN_libManis_00706930,0x706930,sub_706930,0x6F1AD0,
FN_libManis_00706BF4,0x706BF4,sub_706BF4,0x69AB00;0x6D58AC;0x6DA0F4;0x6DE7EC;0x6E03B0,
FN_libManis_00706EA0,0x706EA0,sub_706EA0,0x666220;0x6688BC;0x67F9F0;0x67F9F0;0x67F9F0;0x69A6C8;0x6A324C;0x6D58AC;0x6D58AC;0x6D58AC,
FN_libManis_0070714C,0x70714C,sub_70714C,0x662624;0x662624;0x662624;0x662624;0x662624;0x662624;0x662624;0x662624;0x662624;0x662624,
FN_libManis_00707418,0x707418,sub_707418,0x66F6C8;0x691770;0x69456C;0x69456C;0x6B0C1C;0x6B3B70;0x6BDA20;0x6C5AA8;0x6CC680;0x70BC9C,
FN_libManis_007076F4,0x7076F4,sub_7076F4,0x6DE7EC;0x6DE7EC;0x6E03B0;0x6E03B0,
FN_libManis_007079A0,0x7079A0,sub_7079A0,0x6D3AB8;0x6D3B28;0x6DE7EC;0x6DE7EC;0x6DE7EC;0x6E03B0;0x6E03B0;0x6E03B0;0x6E2478;0x70BC9C,
FN_libManis_00707C4C,0x707C4C,sub_707C4C,0x6F9DE4;0x6F9DE4,
FN_libManis_007081D4,0x7081D4,sub_7081D4,0x6D9220,
FN_libManis_007084E0,0x7084E0,sub_7084E0,0x6DD8CC,
FN_libManis_007087EC,0x7087EC,sub_7087EC,0x6D9220;0x6DD8CC;0x70BC9C,
FN_libManis_00708B00,0x708B00,sub_708B00,0x6D9220;0x6DD8CC;0x70BC9C,
FN_libManis_00708DE4,0x708DE4,sub_708DE4,0x6F6D28,
FN_libManis_007090C8,0x7090C8,sub_7090C8,0x6F9E8C;0x6F9E8C;0x6FA7EC,
FN_libManis_007093D4,0x7093D4,sub_7093D4,0x6FA97C,
FN_libManis_00709688,0x709688,sub_709688,0x6F9E8C,
FN_libManis_00709934,0x709934,sub_709934,0x6F9E8C;0x6F9E8C;0x6FA7EC;0x6FA97C,
FN_libManis_00709BE0,0x709BE0,sub_709BE0,0x69A6C8;0x6A324C;0x6DA0F4;0x6DE7EC,
FN_libManis_00709E8C,0x709E8C,sub_709E8C,0x662624;0x663800;0x6E03B0,
FN_libManis_0070A138,0x70A138,sub_70A138,0x70CA88,
FN_libManis_0070A434,0x70A434,sub_70A434,0x6E352C;0x6E45DC,
FN_libManis_0070A700,0x70A700,sub_70A700,0x6ED36C;0x6EEA10;0x6EEA10;0x6EEA10;0x6EEA10;0x6EEA10;0x6EEA10;0x6EEA10;0x6F0154;0x6F30DC,
FN_libManis_0070A9AC,0x70A9AC,sub_70A9AC,0x6EC624;0x6ED36C;0x6ED36C;0x6EEA10;0x6EEA10;0x6EEA10;0x6EEA10;0x6EEA10;0x6EEA10;0x6EEA10,
FN_libManis_0070AC58,0x70AC58,sub_70AC58,0x70CA88,
FN_libManis_0070AF3C,0x70AF3C,sub_70AF3C,0x6DE7EC;0x6E03B0,
FN_libManis_0070B220,0x70B220,sub_70B220,0x6DE7EC;0x6E03B0,
FN_libManis_0070B504,0x70B504,sub_70B504,0x6DE7EC;0x6E03B0,
FN_libManis_0070B7E8,0x70B7E8,sub_70B7E8,,0x6FCA58;0x957870
FN_libManis_0070B988,0x70B988,sub_70B988,,0x338E1C;0x338E1C;0x338E1C;0x338E1C
FN_libManis_0070BC9C,0x70BC9C,sub_70BC9C,0x6CEC48,0x33ACE0;0x6EC568;0x707418;0x7079A0;0x368080;0x33ACFC;0x7087EC;0x7079A0;0x708B00;0x7079A0
FN_libManis_0070C564,0x70C564,sub_70C564,0x6CEC48;0x6CEC48;0x6D03A4,0x6EC568;0x3585C4;0x33ACFC;0x70CA88;0x7079A0;0x368080;0x33ACFC;0x6D3A98;0x957870;0x6D3B94
FN_libManis_0070CA88,0x70CA88,sub_70CA88,0x70C564,0x705290;0x705290;0x704A24;0x70446C;0x70446C;0x70AC58;0x70A138;0x6F7960
FN_libManis_0070CE70,0x70CE70,sub_70CE70,0x6F2A58;0x6F36C8;0x6F50AC,
FN_libManis_0070CF38,0x70CF38,sub_70CF38,,0x957870
FN_libManis_0070CF88,0x70CF88,sub_70CF88,,0x957870;0x338E1C;0x338E1C;0x338E1C;0x338E1C;0x338E1C;0x70E6FC;0x70EC50
FN_libManis_0070E6FC,0x70E6FC,sub_70E6FC,0x70CF88;0x7A8644,0x70E860;0x338E1C;0x33E200;0x3734B4
FN_libManis_0070E860,0x70E860,sub_70E860,0x70E6FC,
FN_libManis_0070EC50,0x70EC50,sub_70EC50,0x70CF88;0x70EC54;0x70EC54;0x7A7E40;0x7A7E40;0x7A8644,
FN_libManis_0070EC54,0x70EC54,sub_70EC54,,0x70EC50;0x70EC50
FN_libManis_0070ECB0,0x70ECB0,sub_70ECB0,0x3FA7C0,0x70ED30
FN_libManis_0070ED30,0x70ED30,sub_70ED30,0x70ECB0,0x3C6390;0x3C6654
FN_libManis_0070EE48,0x70EE48,sub_70EE48,,0x33ACE0;0x957840;0x33ACE0;0x957870;0x338E1C
FN_libManis_0070F1B8,0x70F1B8,sub_70F1B8,,0x764AA4;0x760324;0x957870;0x33AEDC;0x33AEFC;0x33B970;0x33B970;0x33AEDC;0x957840;0x3F8650
FN_libManis_0070FDBC,0x70FDBC,sub_70FDBC,0x70F1B8;0x710504,0x711878;0x3F8EC4;0x711878
FN_libManis_00710504,0x710504,sub_710504,,0x764AA4;0x760324;0x957870;0x33AEDC;0x33AEFC;0x33B970;0x33B970;0x33AEDC;0x957840;0x3F8650
FN_libManis_00711878,0x711878,sub_711878,0x70FDBC;0x70FDBC,
FN_libManis_00711A48,0x711A48,sub_711A48,,0x713B48;0x71A718;0x71C9DC;0x726E6C;0x72A334;0x72BE64;0x72C908;0x72F43C;0x72FA34;0x733B74
FN_libManis_00711AE4,0x711AE4,sub_711AE4,0x711A48,0x711B30
FN_libManis_00711B30,0x711B30,sub_711B30,0x711AE4,0x33E200;0x7137A0
FN_libManis_00711CC8,0x711CC8,sub_711CC8,,0x762FC8;0x957870
FN_libManis_00711D94,0x711D94,sub_711D94,,0x957840;0x957840;0x3F940C;0x3F97D0;0x33AEDC;0x33AEFC;0x33B970;0x33B970;0x33ACFC;0x33ACFC
FN_libManis_00712564,0x712564,sub_712564,,0x712FF4;0x7130A4;0x33AEDC;0x33AEFC;0x33B970;0x33ACFC;0x33AF24;0x33ACFC;0x7130A4;0x33AEDC
FN_libManis_00712FF4,0x712FF4,sub_712FF4,0x712564;0x714234;0x717E88;0x7288F0;0x72ADF8;0x730598;0x734B68;0x73AE34;0x73D8A8;0x73F600,0x957870
FN_libManis_007130A4,0x7130A4,sub_7130A4,0x712564;0x712564;0x714234;0x714234;0x714234;0x717E88;0x717E88;0x717E88;0x725CD4;0x725CD4,0x75DC08;0x75DC08;0x3F91C0;0x957840;0x957870;0x33ACE0;0x33ACFC;0x33ACFC;0x334CC0;0x334CC0
FN_libManis_00713488,0x713488,sub_713488,0x7135DC,0x957870;0x76859C;0x957870;0x957870;0x957870
FN_libManis_007135DC,0x7135DC,sub_7135DC,,0x713488
FN_libManis_00713608,0x713608,sub_713608,0x71360C;0x71360C,
FN_libManis_0071360C,0x71360C,sub_71360C,,0x713608;0x713608
FN_libManis_007136BC,0x7136BC,sub_7136BC,,0x731914;0x768574
FN_libManis_007137A0,0x7137A0,sub_7137A0,0x711B30;0x713B94;0x71A2E0;0x71A764;0x71CA28;0x726EB8;0x72A380;0x72BB9C;0x72BEB0;0x72C954,
FN_libManis_00713938,0x713938,sub_713938,0x725CD4;0x72D68C;0x74DD94;0x768DE0,0x957870;0x713B34;0x334CEC
FN_libManis_00713B34,0x713B34,sub_713B34,0x713938,0x334CD4
FN_libManis_00713B48,0x713B48,sub_713B48,0x711A48,0x713B94
FN_libManis_00713B94,0x713B94,sub_713B94,0x713B48,0x33E200;0x7137A0
FN_libManis_00713D2C,0x713D2C,sub_713D2C,,0x762FC8;0x768878;0x33AF24;0x768878;0x33AF24;0x33AF24;0x768878;0x33AF24;0x33AF24;0x768878
FN_libManis_00713F08,0x713F08,sub_713F08,0x714234,0x33ACFC;0x33ACFC;0x33ACFC
FN_libManis_00714138,0x714138,sub_714138,0x714234,0x762FC8;0x33ACFC
FN_libManis_00714234,0x714234,sub_714234,,0x957870;0x957870;0x957870;0x957870;0x957870;0x957840;0x957840;0x957840;0x762FC8;0x33ACFC
FN_libManis_00717870,0x717870,sub_717870,0x714234;0x714234;0x714234;0x719FD8,0x36BB30
FN_libManis_007179CC,0x7179CC,sub_7179CC,0x714234;0x714234;0x72CBE8;0x72CBE8;0x758B44,0x36BB30
FN_libManis_00717AD0,0x717AD0,sub_717AD0,0x714234,0x957840;0x957840;0x348310
FN_libManis_00717BB8,0x717BB8,sub_717BB8,0x714234;0x714234,0x957870;0x957870
FN_libManis_00717C64,0x717C64,sub_717C64,0x714234;0x73E914;0x73E914;0x73E914,0x3734B4
FN_libManis_00717E88,0x717E88,sub_717E88,,0x957840;0x957840;0x712FF4;0x7130A4;0x33AEDC;0x33AEFC;0x33B970;0x33AF24;0x33ACFC;0x33ACFC
FN_libManis_00719948,0x719948,sub_719948,0x717E88;0x717E88;0x717E88;0x717E88;0x717E88;0x71A8FC;0x7288F0;0x7288F0;0x73AE34;0x73AE34,0x957870;0x338E1C;0x5FF918
FN_libManis_00719B28,0x719B28,sub_719B28,0x719D94,0x957870;0x957870;0x957870;0x957870;0x957870;0x957870;0x76859C;0x76859C;0x76859C;0x76859C
FN_libManis_00719D94,0x719D94,sub_719D94,,0x719B28
FN_libManis_00719DF8,0x719DF8,sub_719DF8,,0x731914;0x768574;0x768574;0x768574;0x768574
FN_libManis_00719F24,0x719F24,sub_719F24,0x714234;0x714234,
FN_libManis_00719FD8,0x719FD8,sub_719FD8,0x714234;0x714234,0x3F8EC4;0x3F8EC4;0x3F8EC4;0x717870
FN_libManis_0071A248,0x71A248,sub_71A248,0x714234;0x714234,
FN_libManis_0071A270,0x71A270,sub_71A270,,0x75DC08
FN_libManis_0071A294,0x71A294,sub_71A294,0x711A48,0x71A2E0
FN_libManis_0071A2E0,0x71A2E0,sub_71A2E0,0x71A294,0x33E200;0x7137A0
FN_libManis_0071A4B8,0x71A4B8,sub_71A4B8,,0x75A390
FN_libManis_0071A584,0x71A584,sub_71A584,0x71A6F4;0x72BE40;0x7315DC;0x7318F0;0x73666C;0x7369B4;0x74F608;0x751B90;0x75A36C;0x75BAAC,0x957870;0x76859C;0x76859C;0x76859C;0x76859C;0x957870;0x957870;0x957870
FN_libManis_0071A6F4,0x71A6F4,sub_71A6F4,,0x71A584
FN_libManis_0071A718,0x71A718,sub_71A718,0x711A48,0x71A764
FN_libManis_0071A764,0x71A764,sub_71A764,0x71A718,0x33E200;0x7137A0
FN_libManis_0071A8FC,0x71A8FC,sub_71A8FC,,0x957840;0x3F940C;0x3F97D0;0x33AEDC;0x33AEFC;0x33B970;0x33ACFC;0x33ACFC;0x71C4C0;0x33AEDC
FN_libManis_0071C4C0,0x71C4C0,sub_71C4C0,0x71A8FC;0x71A8FC;0x72C048;0x745244;0x745244;0x74F810;0x751F80;0x757FB0;0x75BCB4,0x33ACFC;0x334CC0
FN_libManis_0071C764,0x71C764,sub_71C764,0x71A8FC;0x71A8FC,0x957870
FN_libManis_0071C80C,0x71C80C,sub_71C80C,,0x957870;0x957870;0x957870
FN_libManis_0071C918,0x71C918,sub_71C918,,0x731914
FN_libManis_0071C9DC,0x71C9DC,sub_71C9DC,0x711A48,0x71CA28
FN_libManis_0071CA28,0x71CA28,sub_71CA28,0x71C9DC,0x33E200;0x7137A0
FN_libManis_0071CBC0,0x71CBC0,sub_71CBC0,,0x957840;0x957840;0x957840;0x71D900;0x33ACE0;0x33AF24;0x957840;0x957840;0x957840;0x957840
FN_libManis_0071D57C,0x71D57C,sub_71D57C,,0x33ACFC
FN_libManis_0071D64C,0x71D64C,sub_71D64C,0x3FAA90,0x338E1C;0x5FF918
FN_libManis_0071D7D4,0x71D7D4,sub_71D7D4,0x71D8DC,0x957870;0x957870;0x957870;0x957870
FN_libManis_0071D8DC,0x71D8DC,sub_71D8DC,,0x71D7D4
FN_libManis_0071D900,0x71D900,sub_71D900,0x71CBC0,0x72660C;0x3F8E7C;0x3F8E7C;0x957870;0x957870;0x957870
FN_libManis_0071DA64,0x71DA64,sub_71DA64,0x71CBC0,0x3F8E7C;0x3F8E7C;0x3F8E7C;0x3F8E7C;0x3F8E7C;0x3F8E7C;0x3F8E7C;0x3F8E7C;0x3F8E7C
FN_libManis_0071DC38,0x71DC38,sub_71DC38,0x71CBC0;0x71DE3C,0x72660C;0x3F8E7C;0x3F8E7C;0x957870;0x957870;0x957870
FN_libManis_0071DE3C,0x71DE3C,sub_71DE3C,0x71CBC0,0x71DC38;0x957840;0x3F8E7C;0x957870
FN_libManis_0071DF34,0x71DF34,sub_71DF34,0x71CBC0,0x72660C;0x3F8E7C;0x3F8E7C;0x957870;0x957870;0x957870
FN_libManis_0071E0E0,0x71E0E0,sub_71E0E0,0x71CBC0,0x72660C;0x3F8E7C;0x3F8E7C;0x957870;0x957870;0x957870
FN_libManis_0071E2D8,0x71E2D8,sub_71E2D8,,0x731914
FN_libManis_0071E490,0x71E490,sub_71E490,0x71CBC0,0x7242BC;0x768574;0x768574;0x768574;0x768574;0x768574;0x768574;0x768574;0x768574;0x768574
FN_libManis_0071E554,0x71E554,sub_71E554,,0x768878;0x33AF24;0x762F30;0x762F58;0x33AD30;0x768878;0x33AF24;0x33AEDC;0x33AEFC;0x33B970
FN_libManis_0071F824,0x71F824,sub_71F824,,0x725384;0x33AF24;0x725CD4;0x33AF24;0x33AD30;0x726844;0x726844;0x33ACFC;0x726844;0x768DE0
FN_libManis_0071FC10,0x71FC10,sub_71FC10,0x71F824;0x722CF8;0x723FC4,0x957870;0x957870;0x957870;0x957870;0x957870
FN_libManis_0071FD30,0x71FD30,sub_71FD30,,0x76859C;0x76859C;0x76859C;0x76859C;0x76859C;0x76859C;0x76859C
FN_libManis_0071FD98,0x71FD98,sub_71FD98,,0x76859C;0x76859C;0x76859C;0x76859C;0x76859C;0x76859C;0x76859C;0x71FE08
FN_libManis_0071FE08,0x71FE08,sub_71FE08,0x71FD98;0x724270;0x7265E8,0x76859C;0x76859C;0x957870;0x957870;0x957870
FN_libManis_0071FEF4,0x71FEF4,sub_71FEF4,,0x7248F4;0x33AF24;0x768878;0x33AF24;0x768878;0x33AEDC;0x33AEFC;0x33B970;0x33AD30;0x768878
FN_libManis_00722CF8,0x722CF8,sub_722CF8,,0x725384;0x33AF24;0x725CD4;0x33AF24;0x768DE0;0x33AF24;0x768DE0;0x33AD30;0x3F8EC4;0x726844
FN_libManis_00723158,0x723158,sub_723158,0x7231EC,0x76859C;0x76859C;0x76859C;0x76859C;0x76859C;0x76859C;0x76859C;0x76859C;0x76859C;0x76859C
FN_libManis_007231EC,0x7231EC,sub_7231EC,,0x723158
FN_libManis_00723210,0x723210,sub_723210,,0x7248F4;0x33AF24;0x768878;0x33AF24;0x768878;0x33AEDC;0x33AEFC;0x33B970;0x33AD30;0x768878
FN_libManis_00723FC4,0x723FC4,sub_723FC4,,0x725384;0x33AF24;0x725CD4;0x33AF24;0x3F8EC4;0x33AD30;0x726844;0x768DE0;0x33AF24;0x33ACE0
FN_libManis_0072422C,0x72422C,sub_72422C,,0x76859C;0x76859C;0x76859C
FN_libManis_00724270,0x724270,sub_724270,,0x76859C;0x76859C;0x76859C;0x71FE08
FN_libManis_007242BC,0x7242BC,sub_7242BC,0x71CBC0;0x71CBC0;0x71E490,0x731914;0x768574;0x768574
FN_libManis_00724344,0x724344,sub_724344,,0x957840;0x3F940C;0x3F97D0;0x33AEDC;0x33AEFC;0x33B970;0x33B970;0x33ACFC;0x33ACE0;0x957870
FN_libManis_007248F4,0x7248F4,sub_7248F4,0x71FEF4;0x723210,0x768878;0x33AF24;0x33ACE0;0x33AD30
FN_libManis_00724998,0x724998,sub_724998,0x71E554;0x71FEF4;0x723210,0x957840;0x957840;0x733B68;0x33AF24;0x957870;0x957870;0x724D4C;0x33AF24;0x733B68;0x33AF24
FN_libManis_00724D4C,0x724D4C,sub_724D4C,0x724998;0x725CD4,0x33ACFC;0x33ACFC;0x3F8E7C;0x3F8E7C;0x4F7328;0x443B90;0x33ACE0;0x33ACFC;0x3F8E7C;0x3F8E7C
FN_libManis_00725384,0x725384,sub_725384,0x71F824;0x722CF8;0x723FC4,0x957840;0x957840;0x343DA4;0x33ACFC;0x33ACFC;0x957840;0x957870;0x443B90;0x443B90;0x343DA4
FN_libManis_00725BD8,0x725BD8,sub_725BD8,0x725384,0x762FC8;0x33ACFC
FN_libManis_00725CD4,0x725CD4,sub_725CD4,0x71F824;0x722CF8;0x723FC4,0x33ACE0;0x724D4C;0x33ACFC;0x733B68;0x33AF24;0x957840;0x7629E4;0x957870;0x733B68;0x33AF24
FN_libManis_00726378,0x726378,sub_726378,0x725CD4;0x7288F0;0x734B68;0x73AE34,0x957840;0x957870
FN_libManis_0072640C,0x72640C,sub_72640C,0x724D4C;0x779174,
FN_libManis_00726438,0x726438,sub_726438,0x724D4C,0x36BB44
FN_libManis_007264F0,0x7264F0,sub_7264F0,0x724D4C;0x73285C;0x73303C,0x338E1C;0x957840;0x4F8958;0x957870
FN_libManis_007265E8,0x7265E8,sub_7265E8,,0x71FE08
FN_libManis_0072660C,0x72660C,sub_72660C,0x71D900;0x71DC38;0x71DF34;0x71E0E0,0x957840;0x957840;0x957840;0x443B90;0x443B90;0x443B90;0x957870;0x957870;0x957870
FN_libManis_00726844,0x726844,sub_726844,0x71F824;0x71F824;0x71F824;0x722CF8;0x723FC4,
FN_libManis_00726860,0x726860,sub_726860,0x71CBC0,
FN_libManis_00726918,0x726918,sub_726918,0x71CBC0,
FN_libManis_007269FC,0x7269FC,sub_7269FC,0x71CBC0,
FN_libManis_00726AE0,0x726AE0,sub_726AE0,0x71CBC0,
FN_libManis_00726B74,0x726B74,sub_726B74,0x71CBC0,
FN_libManis_00726C1C,0x726C1C,sub_726C1C,0x71CBC0,
FN_libManis_00726CB4,0x726CB4,sub_726CB4,0x71CBC0,
FN_libManis_00726D54,0x726D54,sub_726D54,0x71CBC0,
FN_libManis_00726E10,0x726E10,sub_726E10,0x71CBC0,
FN_libManis_00726E6C,0x726E6C,sub_726E6C,0x711A48,0x726EB8
FN_libManis_00726EB8,0x726EB8,sub_726EB8,0x726E6C,0x33E200;0x7137A0
FN_libManis_00727050,0x727050,sub_727050,,0x957870;0x957870;0x762FC8;0x957870;0x768878;0x33AF24;0x768878;0x33AF24;0x768878;0x33AF24
FN_libManis_00727BCC,0x727BCC,sub_727BCC,0x727050;0x727050,0x73303C;0x73285C;0x957870;0x957870
FN_libManis_00727D18,0x727D18,sub_727D18,,0x957870;0x957870;0x957870;0x957870;0x957840;0x957840;0x957840;0x957870;0x33ACFC;0x957840
FN_libManis_007287F8,0x7287F8,sub_7287F8,0x727D18,0x762FC8;0x33ACFC
FN_libManis_007288F0,0x7288F0,sub_7288F0,,0x957840;0x957840;0x712FF4;0x7130A4;0x33AEDC;0x33AEFC;0x33B970;0x33ACFC;0x33AF24;0x33ACFC
FN_libManis_00729CDC,0x729CDC,sub_729CDC,0x729F18,0x957870;0x957870;0x957870;0x957870;0x957870;0x76859C;0x76859C;0x76859C;0x76859C;0x76859C
FN_libManis_00729F18,0x729F18,sub_729F18,,0x729CDC
FN_libManis_00729F7C,0x729F7C,sub_729F7C,,0x731914;0x768574;0x768574;0x768574;0x768574;0x768574;0x768574
FN_libManis_0072A0D0,0x72A0D0,sub_72A0D0,0x727D18,
FN_libManis_0072A16C,0x72A16C,sub_72A16C,0x727D18,
FN_libManis_0072A20C,0x72A20C,sub_72A20C,0x727D18,
FN_libManis_0072A2A0,0x72A2A0,sub_72A2A0,0x727D18,
FN_libManis_0072A334,0x72A334,sub_72A334,0x711A48,0x72A380
FN_libManis_0072A380,0x72A380,sub_72A380,0x72A334,0x33E200;0x7137A0
FN_libManis_0072A518,0x72A518,sub_72A518,,0x762FC8;0x957870
FN_libManis_0072A5E8,0x72A5E8,sub_72A5E8,,0x957840;0x957840;0x3F8E7C;0x343DA4;0x33ACFC;0x33ACFC;0x33ACFC;0x33ACFC;0x957870;0x957870
FN_libManis_0072ADF8,0x72ADF8,sub_72ADF8,,0x712FF4;0x7130A4;0x33AEDC;0x33AEFC;0x33B970;0x33ACFC;0x33AF24;0x33ACFC;0x7130A4;0x33AEDC
FN_libManis_0072B8A4,0x72B8A4,sub_72B8A4,0x72B9F8,0x957870;0x76859C;0x957870;0x957870;0x957870
FN_libManis_0072B9F8,0x72B9F8,sub_72B9F8,,0x72B8A4
FN_libManis_0072BA5C,0x72BA5C,sub_72BA5C,,0x731914;0x768574
FN_libManis_0072BB50,0x72BB50,sub_72BB50,0x711A48,0x72BB9C
FN_libManis_0072BB9C,0x72BB9C,sub_72BB9C,0x72BB50,0x33E200;0x7137A0
FN_libManis_0072BD74,0x72BD74,sub_72BD74,,0x75A390
FN_libManis_0072BE40,0x72BE40,sub_72BE40,,0x71A584
FN_libManis_0072BE64,0x72BE64,sub_72BE64,0x711A48,0x72BEB0
FN_libManis_0072BEB0,0x72BEB0,sub_72BEB0,0x72BE64,0x33E200;0x7137A0
FN_libManis_0072C048,0x72C048,sub_72C048,,0x957840;0x957840;0x71C4C0;0x33AEDC;0x33AEFC;0x33B970;0x33B970;0x33ACFC;0x3F91C0;0x3F91C0
FN_libManis_0072C738,0x72C738,sub_72C738,,0x957870;0x957870;0x957870
FN_libManis_0072C844,0x72C844,sub_72C844,,0x731914
FN_libManis_0072C908,0x72C908,sub_72C908,0x711A48,0x72C954
FN_libManis_0072C954,0x72C954,sub_72C954,0x72C908,0x33E200;0x7137A0
FN_libManis_0072CAEC,0x72CAEC,sub_72CAEC,,0x762FC8;0x957870
FN_libManis_0072CBE8,0x72CBE8,sub_72CBE8,,0x957840;0x957840;0x957840;0x33ACFC;0x957870;0x957870;0x957870;0x33ACFC;0x3F940C;0x3F97D0
FN_libManis_0072D5D4,0x72D5D4,sub_72D5D4,0x72CBE8;0x72CBE8;0x758B44,0x36BB30
FN_libManis_0072D68C,0x72D68C,sub_72D68C,,0x957840;0x957840;0x957840;0x957840;0x957870;0x33ACFC;0x33AF24;0x33ACFC;0x3F8650;0x3EBCCC
FN_libManis_0072F170,0x72F170,sub_72F170,0x72F2C4,0x957870;0x76859C;0x957870;0x957870;0x957870
FN_libManis_0072F2C4,0x72F2C4,sub_72F2C4,,0x72F170
FN_libManis_0072F328,0x72F328,sub_72F328,,0x731914;0x768574
FN_libManis_0072F43C,0x72F43C,sub_72F43C,0x711A48,0x72F488
FN_libManis_0072F488,0x72F488,sub_72F488,0x72F43C,0x33E200;0x7137A0
FN_libManis_0072F660,0x72F660,sub_72F660,,0x736CC8
FN_libManis_0072F728,0x72F728,sub_72F728,0x72FA10;0x73CB20;0x73CB44,0x957870;0x957870;0x957870;0x957870;0x957870;0x957870;0x957870;0x957870;0x76859C;0x76859C
FN_libManis_0072FA10,0x72FA10,sub_72FA10,,0x72F728
FN_libManis_0072FA34,0x72FA34,sub_72FA34,0x711A48,0x72FA80
FN_libManis_0072FA80,0x72FA80,sub_72FA80,0x72FA34,0x33E200;0x7137A0
FN_libManis_0072FC18,0x72FC18,sub_72FC18,,0x762FC8;0x957870;0x768878;0x33AF24;0x768878;0x33AF24;0x33ACE0;0x33AD30
FN_libManis_0072FDA0,0x72FDA0,sub_72FDA0,,0x957840;0x957840;0x3F8E7C;0x343DA4;0x33ACFC;0x33ACFC;0x33ACFC;0x343DA4;0x33ACFC;0x957870
FN_libManis_00730598,0x730598,sub_730598,,0x712FF4;0x7130A4;0x33AEDC;0x33AEFC;0x33B970;0x33ACFC;0x33AF24;0x33ACFC;0x7130A4;0x33AEDC
FN_libManis_00731028,0x731028,sub_731028,0x731184,0x957870;0x76859C;0x76859C;0x957870;0x957870;0x957870
FN_libManis_00731184,0x731184,sub_731184,,0x731028
FN_libManis_007311E8,0x7311E8,sub_7311E8,,0x731914;0x768574;0x768574
FN_libManis_007312EC,0x7312EC,sub_7312EC,0x711A48,0x731338
FN_libManis_00731338,0x731338,sub_731338,0x7312EC,0x33E200;0x7137A0
FN_libManis_00731510,0x731510,sub_731510,,0x75A390
FN_libManis_007315DC,0x7315DC,sub_7315DC,,0x71A584
FN_libManis_00731600,0x731600,sub_731600,0x711A48,0x73164C
FN_libManis_0073164C,0x73164C,sub_73164C,0x731600,0x33E200;0x7137A0
FN_libManis_00731824,0x731824,sub_731824,,0x75A390
FN_libManis_007318F0,0x7318F0,sub_7318F0,,0x71A584
FN_libManis_00731914,0x731914,sub_731914,0x7136BC;0x719DF8;0x71C918;0x71E2D8;0x7242BC;0x729F7C;0x72BA5C;0x72C844;0x72F328;0x7311E8,0x957840;0x957840;0x957840
FN_libManis_007319AC,0x7319AC,sub_7319AC,,0x33ACE0;0x33AEDC;0x33AEFC;0x33B970;0x33B970;0x7324FC;0x3F940C;0x3F91C0;0x3F97D0;0x33AEDC
FN_libManis_00732398,0x732398,sub_732398,,0x33ACFC
FN_libManis_00732430,0x732430,sub_732430,,0x957870;0x957870;0x957870
FN_libManis_007324FC,0x7324FC,sub_7324FC,0x7319AC;0x758B44,
FN_libManis_00732538,0x732538,sub_732538,0x714234;0x740640,0x33ACE0;0x33ACFC;0x334CC0;0x334CC0
FN_libManis_0073285C,0x73285C,sub_73285C,0x71A8FC;0x727BCC;0x727D18;0x727D18;0x73303C;0x7384F0,0x957840;0x957870;0x33ACE0;0x33ACFC;0x3D9C84;0x3EBCCC;0x3F940C;0x3F97D0;0x33AF24;0x3F91C0
FN_libManis_0073303C,0x73303C,sub_73303C,0x727BCC;0x727D18;0x727D18;0x7384F0,0x957840;0x957870;0x33ACE0;0x33ACFC;0x73285C;0x3D9C84;0x3EBCCC;0x3F940C;0x3F97D0;0x33AF24
FN_libManis_0073375C,0x73375C,sub_73375C,0x73303C;0x73303C,0x33ACFC;0x343DA4;0x343DA4
FN_libManis_00733B68,0x733B68,sub_733B68,0x714234;0x714234;0x724998;0x724998;0x725CD4;0x725CD4;0x734148;0x734148;0x738620;0x738620,
FN_libManis_00733B74,0x733B74,sub_733B74,0x711A48,0x733BC0
FN_libManis_00733BC0,0x733BC0,sub_733BC0,0x733B74,0x33E200;0x7137A0
FN_libManis_00733D58,0x733D58,sub_733D58,,0x762FC8;0x957870;0x768878;0x33AF24;0x768878;0x33AF24;0x768878;0x33AF24;0x33ACE0;0x33AD30
FN_libManis_00734148,0x734148,sub_734148,,0x957870;0x957870;0x957870;0x957870;0x957840;0x957840;0x957840;0x3F90F4;0x3F90F4;0x762FC8
FN_libManis_00734B68,0x734B68,sub_734B68,,0x712FF4;0x7130A4;0x33AEDC;0x33AEFC;0x33B970;0x33B970;0x33ACFC;0x33AF24;0x33ACFC;0x957840
FN_libManis_00735FD0,0x735FD0,sub_735FD0,0x7361F4,0x957870;0x957870;0x957870;0x957870;0x957870;0x76859C;0x76859C;0x76859C;0x957870;0x957870
FN_libManis_007361F4,0x7361F4,sub_7361F4,,0x735FD0
FN_libManis_00736258,0x736258,sub_736258,,0x731914;0x768574;0x768574;0x768574
FN_libManis_0073637C,0x73637C,sub_73637C,0x711A48,0x7363C8
FN_libManis_007363C8,0x7363C8,sub_7363C8,0x73637C,0x33E200;0x7137A0
FN_libManis_007365A0,0x7365A0,sub_7365A0,,0x75A390
FN_libManis_0073666C,0x73666C,sub_73666C,,0x71A584
FN_libManis_00736690,0x736690,sub_736690,0x711A48,0x7366DC
FN_libManis_007366DC,0x7366DC,sub_7366DC,0x736690,0x33E200;0x7137A0
FN_libManis_00736874,0x736874,sub_736874,,0x33ACFC;0x33ACFC
FN_libManis_007369B4,0x7369B4,sub_7369B4,,0x71A584
FN_libManis_00736A18,0x736A18,sub_736A18,,0x75A390
FN_libManis_00736AE4,0x736AE4,sub_736AE4,0x711A48,0x736B30
FN_libManis_00736B30,0x736B30,sub_736B30,0x736AE4,0x33E200;0x7137A0
FN_libManis_00736CC8,0x736CC8,sub_736CC8,0x72F660,0x731914;0x768574;0x768574;0x768574;0x768574;0x768574;0x768574;0x768574
FN_libManis_00736DB0,0x736DB0,sub_736DB0,,0x768878;0x33AEDC;0x33AEFC;0x33B970;0x33B970;0x762FC8;0x768878;0x33AF24;0x33AEDC;0x33AEFC
FN_libManis_007384F0,0x7384F0,sub_7384F0,0x736DB0;0x736DB0;0x736DB0,0x73303C;0x73285C;0x957870;0x957870
FN_libManis_00738620,0x738620,sub_738620,,0x957870;0x957870;0x957870;0x957870;0x957870;0x957870;0x957870;0x957840;0x957840;0x957840
FN_libManis_0073A9C0,0x73A9C0,sub_73A9C0,0x738620;0x738620;0x738620,0x348310
FN_libManis_0073AB2C,0x73AB2C,sub_73AB2C,0x738620;0x738620;0x738620;0x738620,0x348310
FN_libManis_0073AC34,0x73AC34,sub_73AC34,0x738620,0x348310
FN_libManis_0073ACC4,0x73ACC4,sub_73ACC4,0x738620,0x73CD98;0x334CEC
FN_libManis_0073AE34,0x73AE34,sub_73AE34,,0x957840;0x712FF4;0x7130A4;0x33AEDC;0x33AEFC;0x33B970;0x33ACFC;0x33AF24;0x33ACFC;0x7130A4
FN_libManis_0073CB20,0x73CB20,sub_73CB20,,0x72F728
FN_libManis_0073CB44,0x73CB44,sub_73CB44,,0x72F728
FN_libManis_0073CBA8,0x73CBA8,sub_73CBA8,,0x73CC0C
FN_libManis_0073CC0C,0x73CC0C,sub_73CC0C,0x73CBA8,0x731914;0x768574;0x768574;0x768574;0x768574;0x768574;0x768574;0x768574
FN_libManis_0073CD98,0x73CD98,sub_73CD98,0x73ACC4,0x334CD4
FN_libManis_0073CDAC,0x73CDAC,sub_73CDAC,0x711A48,0x73CDF8
FN_libManis_0073CDF8,0x73CDF8,sub_73CDF8,0x73CDAC,0x33E200;0x7137A0
FN_libManis_0073CF90,0x73CF90,sub_73CF90,,0x762FC8;0x957870
FN_libManis_0073D05C,0x73D05C,sub_73D05C,,0x957840;0x957840;0x33ACFC;0x33ACFC;0x33ACFC;0x957870;0x957870;0x3F940C;0x3F97D0;0x33AEDC
FN_libManis_0073D8A8,0x73D8A8,sub_73D8A8,,0x712FF4;0x7130A4;0x33AEDC;0x33AEFC;0x33B970;0x33ACFC;0x33AF24;0x33ACFC;0x7130A4;0x33AEDC
FN_libManis_0073E2E8,0x73E2E8,sub_73E2E8,0x73E43C,0x957870;0x76859C;0x957870;0x957870;0x957870
FN_libManis_0073E43C,0x73E43C,sub_73E43C,,0x73E2E8
FN_libManis_0073E4A0,0x73E4A0,sub_73E4A0,,0x731914;0x768574
FN_libManis_0073E584,0x73E584,sub_73E584,0x711A48,0x73E5D0
FN_libManis_0073E5D0,0x73E5D0,sub_73E5D0,0x73E584,0x33E200;0x7137A0
FN_libManis_0073E768,0x73E768,sub_73E768,,0x762FC8;0x957870;0x768878;0x33AF24;0x768878;0x33AF24;0x768878;0x33AF24;0x33ACE0;0x33AD30
FN_libManis_0073E914,0x73E914,sub_73E914,,0x957840;0x957840;0x3F940C;0x3F97D0;0x33AEDC;0x33AEFC;0x33B970;0x33B970;0x33ACFC;0x762FC8
FN_libManis_0073F600,0x73F600,sub_73F600,,0x712FF4;0x7130A4;0x33AEDC;0x33AEFC;0x33B970;0x33ACFC;0x33AF24;0x33ACFC;0x7130A4;0x33AEDC
FN_libManis_007400B4,0x7400B4,sub_7400B4,0x740228,0x957870;0x76859C;0x76859C;0x76859C;0x957870;0x957870;0x957870
FN_libManis_00740228,0x740228,sub_740228,,0x7400B4
FN_libManis_0074028C,0x74028C,sub_74028C,,0x731914;0x768574;0x768574;0x768574
FN_libManis_00740394,0x740394,sub_740394,0x711A48,0x7403E0
FN_libManis_007403E0,0x7403E0,sub_7403E0,0x740394,0x33E200;0x7137A0
FN_libManis_00740578,0x740578,sub_740578,,0x762FC8;0x957870
FN_libManis_00740640,0x740640,sub_740640,,0x957840;0x957840;0x957840;0x3F940C;0x3F97D0;0x33AEDC;0x33AEFC;0x33B970;0x33ACFC;0x33ACFC
FN_libManis_0074134C,0x74134C,sub_74134C,,0x712FF4;0x7130A4;0x33AEDC;0x33AEFC;0x33B970;0x33ACFC;0x33AF24;0x7130A4;0x33AEDC;0x33AEFC
FN_libManis_00742250,0x742250,sub_742250,0x7423A4,0x957870;0x76859C;0x957870;0x957870;0x957870
FN_libManis_007423A4,0x7423A4,sub_7423A4,,0x742250
FN_libManis_00742408,0x742408,sub_742408,,0x731914;0x768574
FN_libManis_007424E4,0x7424E4,sub_7424E4,,0x742534
FN_libManis_00742534,0x742534,sub_742534,0x7424E4,0x33E200;0x7137A0
FN_libManis_007426CC,0x7426CC,sub_7426CC,,0x762FC8;0x733B68;0x33AD18;0x33AEDC;0x33AEFC;0x33B970;0x33B970;0x957870;0x33ACFC;0x762FC8
FN_libManis_007431B4,0x7431B4,sub_7431B4,,0x957840;0x957840;0x3F940C;0x3F97D0;0x33AEDC;0x33AEFC;0x33B970;0x33B970;0x33ACFC;0x33ACFC
FN_libManis_007438F0,0x7438F0,sub_7438F0,,0x957840;0x957840;0x712FF4;0x7130A4;0x33AEDC;0x33AEFC;0x33B970;0x33ACFC;0x33AF24;0x33ACFC
FN_libManis_00744C80,0x744C80,sub_744C80,0x7438F0;0x7438F0,0x957840;0x957870
FN_libManis_00744D04,0x744D04,sub_744D04,0x744F18,0x957870;0x957870;0x957870;0x957870;0x957870;0x76859C;0x957870;0x957870;0x957870
FN_libManis_00744F18,0x744F18,sub_744F18,,0x744D04
FN_libManis_00744F7C,0x744F7C,sub_744F7C,,0x731914;0x768574
FN_libManis_00745060,0x745060,sub_745060,0x711A48,0x7450AC
FN_libManis_007450AC,0x7450AC,sub_7450AC,0x745060,0x33E200;0x7137A0
FN_libManis_00745244,0x745244,sub_745244,,0x957840;0x71C4C0;0x33AEDC;0x33AEFC;0x33B970;0x33B970;0x33ACFC;0x33ACFC;0x3F940C;0x3F97D0
FN_libManis_007467EC,0x7467EC,sub_7467EC,0x745244;0x745244;0x745244,0x3F8E7C
FN_libManis_007468B8,0x7468B8,sub_7468B8,,0x957870;0x957870;0x957870
FN_libManis_007469C4,0x7469C4,sub_7469C4,,0x731914
FN_libManis_00746A88,0x746A88,sub_746A88,0x711A48,0x746AD4
FN_libManis_00746AD4,0x746AD4,sub_746AD4,0x746A88,0x33E200;0x7137A0
FN_libManis_00746C6C,0x746C6C,sub_746C6C,,0x762FC8;0x957870
FN_libManis_00746D50,0x746D50,sub_746D50,,0x957840;0x957840;0x957840;0x747AD0;0x33AEDC;0x33AEFC;0x33B970;0x33B970;0x33ACFC;0x33ACFC
FN_libManis_00747AD0,0x747AD0,sub_747AD0,0x746D50,0x3F90F4;0x33ACFC;0x33ACFC;0x33ACFC;0x33ACFC;0x3F90F4;0x3B855C
FN_libManis_00747D34,0x747D34,sub_747D34,0x746D50,
FN_libManis_00747E08,0x747E08,sub_747E08,,0x712FF4;0x7130A4;0x33AEDC;0x33AEFC;0x33B970;0x33ACFC;0x33AF24;0x33ACFC;0x7130A4;0x33AEDC
FN_libManis_00748888,0x748888,sub_748888,0x7489DC,0x957870;0x76859C;0x957870;0x957870;0x957870
FN_libManis_007489DC,0x7489DC,sub_7489DC,,0x748888
FN_libManis_00748A40,0x748A40,sub_748A40,,0x731914;0x768574
FN_libManis_00748B38,0x748B38,sub_748B38,0x711A48,0x748B84
FN_libManis_00748B84,0x748B84,sub_748B84,0x748B38,0x33E200;0x7137A0
FN_libManis_00748D1C,0x748D1C,sub_748D1C,,0x33ACFC;0x957870;0x762FC8;0x733B68;0x33AD18;0x33AEDC;0x33AEFC;0x33B970;0x33B970;0x768878
FN_libManis_007493D4,0x7493D4,sub_7493D4,,0x957840;0x957840;0x3F940C;0x3F97D0;0x33AEDC;0x33AEFC;0x33B970;0x33B970;0x33ACFC;0x33ACFC
FN_libManis_00749B7C,0x749B7C,sub_749B7C,0x7493D4,0x3F8E7C
FN_libManis_00749C14,0x749C14,sub_749C14,0x7493D4,0x3F8EC4;0x3F8E7C;0x3F8E7C
FN_libManis_00749DA0,0x749DA0,sub_749DA0,,0x712FF4;0x7130A4;0x33AEDC;0x33AEFC;0x33B970;0x33ACFC;0x33AF24;0x33ACFC;0x7130A4;0x33AEDC
FN_libManis_0074AC60,0x74AC60,sub_74AC60,0x74AE1C,0x957870;0x957870;0x957870;0x76859C;0x76859C;0x957870;0x957870;0x957870
FN_libManis_0074AE1C,0x74AE1C,sub_74AE1C,,0x74AC60
FN_libManis_0074AE80,0x74AE80,sub_74AE80,,0x731914;0x768574;0x768574
FN_libManis_0074AF7C,0x74AF7C,sub_74AF7C,0x711A48,0x74AFC8
FN_libManis_0074AFC8,0x74AFC8,sub_74AFC8,0x74AF7C,0x33E200;0x7137A0
FN_libManis_0074B160,0x74B160,sub_74B160,,0x762FC8;0x957870;0x957870;0x957870;0x768878;0x33AF24;0x33ACE0;0x33AD30
FN_libManis_0074B31C,0x74B31C,sub_74B31C,0x74B750,0x957840;0x957840;0x3F8EC4;0x33ACE0;0x74F120;0x33ACE0;0x957870;0x957870
FN_libManis_0074B4A4,0x74B4A4,sub_74B4A4,0x74B750;0x74B750,0x3F90F4;0x3F90F4;0x3F8E7C;0x33ACFC;0x33ACFC;0x957840;0x957840;0x33ACE0;0x74F120;0x33ACE0
FN_libManis_0074B750,0x74B750,sub_74B750,,0x957840;0x957840;0x957870;0x957870;0x957870;0x33ACFC;0x957840;0x3F940C;0x3F97D0;0x33AEDC
FN_libManis_0074D88C,0x74D88C,sub_74D88C,0x74B750,0x3F90F4;0x3B855C;0x33ACFC;0x33ACFC;0x33ACFC
FN_libManis_0074DA8C,0x74DA8C,sub_74DA8C,0x74B750,0x33ACFC;0x33ACFC
FN_libManis_0074DBB8,0x74DBB8,sub_74DBB8,0x74B750,0x3374AC;0x334CEC
FN_libManis_0074DD34,0x74DD34,sub_74DD34,0x74B750,0x957840;0x3E5CA4
FN_libManis_0074DD94,0x74DD94,sub_74DD94,,0x957840;0x7629E4;0x957870;0x713938;0x957870;0x7130A4;0x33AEDC;0x7130A4;0x33AEDC;0x768DE0
FN_libManis_0074ED7C,0x74ED7C,sub_74ED7C,0x74EFDC,0x957870;0x957870;0x957870;0x957870;0x76859C;0x957870;0x957870;0x957870
FN_libManis_0074EFDC,0x74EFDC,sub_74EFDC,,0x74ED7C
FN_libManis_0074F040,0x74F040,sub_74F040,,0x731914;0x768574
FN_libManis_0074F120,0x74F120,sub_74F120,0x74B31C;0x74B4A4,0x957870;0x957870;0x74F304;0x334CEC
FN_libManis_0074F304,0x74F304,sub_74F304,0x74F120,0x334CD4
FN_libManis_0074F318,0x74F318,sub_74F318,0x711A48,0x74F364
FN_libManis_0074F364,0x74F364,sub_74F364,0x74F318,0x33E200;0x7137A0
FN_libManis_0074F53C,0x74F53C,sub_74F53C,,0x75A390
FN_libManis_0074F608,0x74F608,sub_74F608,,0x71A584
FN_libManis_0074F62C,0x74F62C,sub_74F62C,0x711A48,0x74F678
FN_libManis_0074F678,0x74F678,sub_74F678,0x74F62C,0x33E200;0x7137A0
FN_libManis_0074F810,0x74F810,sub_74F810,,0x957840;0x957840;0x71C4C0;0x33AEDC;0x33AEFC;0x33B970;0x33B970;0x33ACFC;0x3F940C;0x957840
FN_libManis_0074FE8C,0x74FE8C,sub_74FE8C,,0x957870;0x957870;0x957870
FN_libManis_0074FF98,0x74FF98,sub_74FF98,,0x731914
FN_libManis_0075005C,0x75005C,sub_75005C,0x711A48,0x7500A8
FN_libManis_007500A8,0x7500A8,sub_7500A8,0x75005C,0x33E200;0x7137A0
FN_libManis_00750240,0x750240,sub_750240,,0x762FC8;0x957870
FN_libManis_00750308,0x750308,sub_750308,,0x957840;0x957840;0x3F940C;0x3F97D0;0x33AEDC;0x33AEFC;0x33B970;0x33B970;0x33ACFC;0x3F8E7C
FN_libManis_00750BC8,0x750BC8,sub_750BC8,,0x712FF4;0x7130A4;0x33AEDC;0x33AEFC;0x33B970;0x33ACFC;0x33AF24;0x33ACFC;0x7130A4;0x33AEDC
FN_libManis_00751608,0x751608,sub_751608,0x75175C,0x957870;0x76859C;0x957870;0x957870;0x957870
FN_libManis_0075175C,0x75175C,sub_75175C,,0x751608
FN_libManis_007517C0,0x7517C0,sub_7517C0,,0x731914;0x768574
FN_libManis_007518A0,0x7518A0,sub_7518A0,0x711A48,0x7518EC
FN_libManis_007518EC,0x7518EC,sub_7518EC,0x7518A0,0x33E200;0x7137A0
FN_libManis_00751AC4,0x751AC4,sub_751AC4,,0x75A390
FN_libManis_00751B90,0x751B90,sub_751B90,,0x71A584
FN_libManis_00751BB4,0x751BB4,sub_751BB4,0x711A48,0x751C00
FN_libManis_00751C00,0x751C00,sub_751C00,0x751BB4,0x33E200;0x7137A0
FN_libManis_00751D98,0x751D98,sub_751D98,,0x957870;0x957870;0x762FC8;0x957870;0x768878;0x33AF24;0x33ACE0;0x33AD30
FN_libManis_00751F80,0x751F80,sub_751F80,,0x957870;0x957870;0x957840;0x957870;0x957840;0x957840;0x957840;0x957840;0x33ACFC;0x957840
FN_libManis_007541CC,0x7541CC,sub_7541CC,0x751F80,
FN_libManis_007541F8,0x7541F8,sub_7541F8,,0x33AF24;0x712FF4;0x7130A4;0x33AEDC;0x33AEFC;0x33B970;0x33ACFC;0x33ACFC;0x33ACFC;0x343DA4
FN_libManis_00754D6C,0x754D6C,sub_754D6C,0x754F60,0x957870;0x957870;0x957870;0x76859C;0x957870;0x957870;0x957870
FN_libManis_00754F60,0x754F60,sub_754F60,,0x754D6C
FN_libManis_00754FC4,0x754FC4,sub_754FC4,,0x731914;0x768574
FN_libManis_007550D8,0x7550D8,sub_7550D8,0x751F80;0x751F80;0x751F80;0x751F80,0x33ACFC;0x334CC0
FN_libManis_00755340,0x755340,sub_755340,0x751F80;0x751F80;0x751F80;0x751F80,0x3F90F4
FN_libManis_007553EC,0x7553EC,sub_7553EC,0x751F80;0x751F80,
FN_libManis_00755400,0x755400,sub_755400,0x751F80,
FN_libManis_00755484,0x755484,sub_755484,0x751F80,0x760324;0x33AEDC;0x33AEFC;0x33B970;0x33B970;0x3F91B4;0x762A40;0x33ACE0;0x39B2F4;0x39B2F4
FN_libManis_00756118,0x756118,sub_756118,0x711A48,0x756164
FN_libManis_00756164,0x756164,sub_756164,0x756118,0x33E200;0x7137A0
FN_libManis_007562FC,0x7562FC,sub_7562FC,,0x762FC8;0x768878;0x33AF24;0x768764;0x768878;0x33AF24;0x33ACE0;0x33AD30
FN_libManis_00756428,0x756428,sub_756428,,0x957840;0x957840;0x762FC8;0x33ACFC;0x33ACFC;0x957870;0x957870;0x3F940C;0x3F97D0;0x33AEDC
FN_libManis_00756B9C,0x756B9C,sub_756B9C,,0x957840;0x957840;0x712FF4;0x7130A4;0x33AEDC;0x33AEFC;0x33B970;0x33ACFC;0x33AEDC;0x33AEFC
FN_libManis_00757B1C,0x757B1C,sub_757B1C,0x757C78,0x957870;0x76859C;0x76859C;0x957870;0x957870;0x957870
FN_libManis_00757C78,0x757C78,sub_757C78,,0x757B1C
FN_libManis_00757CDC,0x757CDC,sub_757CDC,,0x731914;0x768574;0x768574
FN_libManis_00757DCC,0x757DCC,sub_757DCC,0x711A48,0x757E18
FN_libManis_00757E18,0x757E18,sub_757E18,0x757DCC,0x33E200;0x7137A0
FN_libManis_00757FB0,0x757FB0,sub_757FB0,,0x957840;0x957840;0x71C4C0;0x33AEDC;0x33AEFC;0x33B970;0x33B970;0x33ACFC;0x3F91C0;0x3F91C0
FN_libManis_007586A0,0x7586A0,sub_7586A0,,0x957870;0x957870;0x957870
FN_libManis_007587AC,0x7587AC,sub_7587AC,,0x731914
FN_libManis_00758870,0x758870,sub_758870,0x711A48,0x7588BC
FN_libManis_007588BC,0x7588BC,sub_7588BC,0x758870,0x33E200;0x7137A0
FN_libManis_00758A54,0x758A54,sub_758A54,,0x762FC8;0x957870
FN_libManis_00758B44,0x758B44,sub_758B44,,0x957840;0x957840;0x7324FC;0x3F940C;0x759330;0x33ACE0;0x33ACFC;0x33ACFC;0x957870;0x957870
FN_libManis_00759330,0x759330,sub_759330,0x758B44,0x957840;0x957870
FN_libManis_007593BC,0x7593BC,sub_7593BC,,0x33AF24;0x712FF4;0x7130A4;0x33AEDC;0x33AEFC;0x33B970;0x33ACFC;0x7130A4;0x33AEDC;0x33AEFC
FN_libManis_00759DBC,0x759DBC,sub_759DBC,0x759F10,0x957870;0x76859C;0x957870;0x957870;0x957870
FN_libManis_00759F10,0x759F10,sub_759F10,,0x759DBC
FN_libManis_00759F74,0x759F74,sub_759F74,,0x731914;0x768574
FN_libManis_0075A07C,0x75A07C,sub_75A07C,0x711A48,0x75A0C8
FN_libManis_0075A0C8,0x75A0C8,sub_75A0C8,0x75A07C,0x33E200;0x7137A0
FN_libManis_0075A2A0,0x75A2A0,sub_75A2A0,,0x75A390
FN_libManis_0075A36C,0x75A36C,sub_75A36C,,0x71A584
FN_libManis_0075A390,0x75A390,sub_75A390,0x71A4B8;0x72BD74;0x731510;0x731824;0x7365A0;0x736A18;0x74F53C;0x751AC4;0x75A2A0,0x731914;0x768574;0x768574;0x768574;0x768574
FN_libManis_0075A434,0x75A434,sub_75A434,,0x762FC8;0x768878;0x33AF24;0x768878;0x33AF24;0x768878;0x33AF24;0x768878;0x33AF24;0x33ACE0
FN_libManis_0075A5D8,0x75A5D8,sub_75A5D8,,0x957840;0x957840;0x3F940C;0x762FC8;0x33ACFC;0x33ACFC;0x343DA4;0x33ACFC;0x957870;0x957870
FN_libManis_0075A9D4,0x75A9D4,sub_75A9D4,0x75A5D8,0x33ACFC;0x343DA4
FN_libManis_0075AC08,0x75AC08,sub_75AC08,0x75A5D8,0x33ACFC;0x957840;0x343DA4;0x33ACFC;0x75AF4C;0x957840;0x343DA4;0x33ACFC;0x75AF4C;0x75AF4C
FN_libManis_0075AF4C,0x75AF4C,sub_75AF4C,0x75AC08;0x75AC08;0x75AC08;0x779174;0x779174,0x957870
FN_libManis_0075AF9C,0x75AF9C,sub_75AF9C,,0x712FF4;0x7130A4;0x33AEDC;0x33AEFC;0x33B970;0x33ACFC;0x33AF24;0x33ACFC;0x7130A4;0x33AEDC
FN_libManis_0075BAAC,0x75BAAC,sub_75BAAC,,0x71A584
FN_libManis_0075BAD0,0x75BAD0,sub_75BAD0,0x711A48,0x75BB1C
FN_libManis_0075BB1C,0x75BB1C,sub_75BB1C,0x75BAD0,0x33E200;0x7137A0
FN_libManis_0075BCB4,0x75BCB4,sub_75BCB4,,0x957840;0x957840;0x71C4C0;0x33AEDC;0x33AEFC;0x33B970;0x33B970;0x33ACFC;0x3F91C0;0x3F91C0
FN_libManis_0075C398,0x75C398,sub_75C398,,0x957870;0x957870;0x957870
FN_libManis_0075C4A4,0x75C4A4,sub_75C4A4,,0x731914
FN_libManis_0075C568,0x75C568,sub_75C568,0x3E25EC,0x75C5B4
FN_libManis_0075C5B4,0x75C5B4,sub_75C5B4,0x75C568,0x33E200;0x3BCF4C
FN_libManis_0075C74C,0x75C74C,sub_75C74C,0x3E2608,0x75C798
FN_libManis_0075C798,0x75C798,sub_75C798,0x75C74C,0x33E200;0x3BCF4C
FN_libManis_0075C930,0x75C930,sub_75C930,0x764ACC,0x957870
FN_libManis_0075C9B0,0x75C9B0,sub_75C9B0,,0x957870;0x33E200;0x75D108
FN_libManis_0075CB2C,0x75CB2C,sub_75CB2C,,0x3E1F40;0x957840;0x75D4CC;0x957870;0x75D258;0x957840;0x957870
FN_libManis_0075CD40,0x75CD40,sub_75CD40,,0x75CEB8
FN_libManis_0075CDDC,0x75CDDC,sub_75CDDC,,0x75CEB8;0x957870
FN_libManis_0075CE44,0x75CE44,sub_75CE44,,0x75CEB8;0x957870
FN_libManis_0075CEB8,0x75CEB8,sub_75CEB8,0x75CD40;0x75CDDC;0x75CE44;0x75CEBC;0x75CEBC,
FN_libManis_0075CEBC,0x75CEBC,sub_75CEBC,,0x75CEB8;0x75CEB8;0x957870
FN_libManis_0075D108,0x75D108,sub_75D108,0x75C9B0,0x957870;0x75D244;0x334CEC
FN_libManis_0075D244,0x75D244,sub_75D244,0x75D108,0x334CD4
FN_libManis_0075D258,0x75D258,sub_75D258,0x75CB2C,0x3D4204;0x957870
FN_libManis_0075D3A0,0x75D3A0,sub_75D3A0,0x3E25D0,0x3F62DC
FN_libManis_0075D3EC,0x75D3EC,sub_75D3EC,0x75D55C;0x75D55C;0x75D55C;0x75D55C;0x75DCA4,0x762F18;0x760D30;0x762980;0x762980;0x760D30;0x760D30;0x760D30
FN_libManis_0075D4CC,0x75D4CC,sub_75D4CC,0x75CB2C,0x75D55C
FN_libManis_0075D55C,0x75D55C,sub_75D55C,0x75D4CC,0x75DA6C;0x762F18;0x760D30;0x762F18;0x762980;0x760D30;0x762A50;0x957840;0x957870;0x33ACE0
FN_libManis_0075D9CC,0x75D9CC,sub_75D9CC,,0x75DA6C;0x957870;0x957870
FN_libManis_0075DA6C,0x75DA6C,sub_75DA6C,0x75D55C;0x75D9CC;0x75DB10,0x762F18;0x760D30;0x762980;0x762BBC;0x957870
FN_libManis_0075DB10,0x75DB10,sub_75DB10,,0x75DA6C;0x957870;0x957870
FN_libManis_0075DC08,0x75DC08,sub_75DC08,0x7130A4;0x7130A4;0x714234;0x714234;0x714234;0x714234;0x717E88;0x717E88;0x71A270;0x71A8FC,
FN_libManis_0075DC20,0x75DC20,sub_75DC20,0x75D55C,0x957840;0x957870
FN_libManis_0075DCA4,0x75DCA4,sub_75DCA4,0x75F750,0x762F18;0x760D30;0x762980;0x762D08;0x75D3EC;0x957870
FN_libManis_0075DDF0,0x75DDF0,sub_75DDF0,0x764280,
FN_libManis_0075DE04,0x75DE04,sub_75DE04,0x765F84,0x3F97D0;0x33AEDC;0x33AEFC;0x33B970;0x33B970;0x33ACFC;0x762FC8;0x3F8EC4;0x343DA4;0x3F91C0
FN_libManis_0075E550,0x75E550,sub_75E550,0x765F84,0x762FC8;0x3EBCCC;0x33ACFC;0x3EBCCC;0x3F97D0;0x33AEDC;0x33AEFC;0x33B970;0x33B970;0x760324
FN_libManis_0075F154,0x75F154,sub_75F154,,0x75F220;0x957840;0x957870
FN_libManis_0075F220,0x75F220,sub_75F220,0x75F154;0x75F48C,0x3DA760;0x6E286C;0x6E2A34;0x6E286C;0x6E2A34;0x3DAD1C;0x3DAEC4
FN_libManis_0075F40C,0x75F40C,sub_75F40C,,0x8CF6A4;0x8CFE4C
FN_libManis_0075F48C,0x75F48C,sub_75F48C,,0x75F220;0x3DB3C4;0x957840;0x957870
FN_libManis_0075F568,0x75F568,sub_75F568,,0x3DEF44;0x3DDAF0;0x3DDC9C
FN_libManis_0075F668,0x75F668,sub_75F668,0x764280,
FN_libManis_0075F698,0x75F698,sub_75F698,,0x75F750;0x763C24;0x957870
FN_libManis_0075F750,0x75F750,sub_75F750,0x75F698;0x75FFA8;0x75FFA8;0x75FFA8,0x76B99C;0x76B9AC;0x75DCA4;0x76335C;0x763C24
FN_libManis_0075F8B4,0x75F8B4,sub_75F8B4,0x764ACC,0x769B88;0x769CA0;0x33AEDC;0x33AEFC;0x33B970;0x33B970;0x76B93C;0x957840;0x957870;0x33ACE0
FN_libManis_0075FF80,0x75FF80,sub_75FF80,0x764ACC,
FN_libManis_0075FF88,0x75FF88,sub_75FF88,,0x76B93C
FN_libManis_0075FFA8,0x75FFA8,sub_75FFA8,0x75F8B4,0x76B99C;0x76B9AC;0x76B94C;0x33ACFC;0x33ACFC;0x75F750;0x33ACFC;0x762FD0;0x75F750;0x33ACFC
FN_libManis_00760324,0x760324,sub_760324,0x70F1B8;0x710504;0x755484;0x75E550;0x760D40;0x76120C,0x76B99C;0x76B9AC;0x33ACE0;0x33AEDC;0x33AEFC;0x33B970;0x33ACFC;0x760D40;0x33AEDC;0x33AEFC
FN_libManis_00760D30,0x760D30,sub_760D30,0x75D3EC;0x75D3EC;0x75D3EC;0x75D3EC;0x75D55C;0x75D55C;0x75DA6C;0x75DCA4;0x767B58;0x767B58,
FN_libManis_00760D40,0x760D40,sub_760D40,0x760324,0x76B99C;0x76B9AC;0x33ACFC;0x33ACFC;0x76B99C;0x33ACFC;0x76B9A4;0x343DA4;0x762990;0x33ACFC
FN_libManis_00761018,0x761018,sub_761018,0x760324;0x761D2C,0x76B9AC;0x76B99C;0x33ACFC;0x957870
FN_libManis_0076120C,0x76120C,sub_76120C,0x765F84,0x760324;0x33AEDC;0x33AEFC;0x33B970;0x33B970;0x957870
FN_libManis_00761790,0x761790,sub_761790,0x768DE0;0x768DE0,0x761D2C;0x33AEDC;0x33AEFC;0x33B970;0x33B970;0x76B9AC;0x33ACE0
FN_libManis_00761D2C,0x761D2C,sub_761D2C,0x761790;0x7623E4,0x76B99C;0x76B9AC;0x33ACFC;0x761018;0x33AEDC;0x33AEFC;0x33B970;0x33B970;0x76B99C;0x33ACFC
FN_libManis_007623E4,0x7623E4,sub_7623E4,0x717E88;0x71A8FC;0x745244,0x761D2C;0x33AEDC;0x33AEFC;0x33B970;0x33B970;0x76B9AC;0x33ACE0
FN_libManis_00762980,0x762980,sub_762980,0x717E88;0x71A8FC;0x745244;0x75D3EC;0x75D3EC;0x75D55C;0x75DA6C;0x75DCA4;0x767B58;0x767B58,
FN_libManis_00762990,0x762990,sub_762990,0x760D40,
FN_libManis_007629AC,0x7629AC,sub_7629AC,0x768DE0,
FN_libManis_007629CC,0x7629CC,sub_7629CC,0x717E88;0x71A8FC;0x745244,
FN_libManis_007629E4,0x7629E4,sub_7629E4,0x717E88;0x717E88;0x717E88;0x717E88;0x717E88;0x71A8FC;0x71A8FC;0x725CD4;0x725CD4;0x7288F0,
FN_libManis_007629EC,0x7629EC,sub_7629EC,,0x957840;0x763CD4
FN_libManis_00762A40,0x762A40,sub_762A40,0x724D4C;0x72D68C;0x73285C;0x73285C;0x73303C;0x73303C;0x738620;0x755484;0x75DE04,
FN_libManis_00762A50,0x762A50,sub_762A50,0x75D55C,0x763E3C;0x957840;0x957870
FN_libManis_00762BBC,0x762BBC,sub_762BBC,0x75DA6C,0x33E200;0x957840;0x763F34
FN_libManis_00762D08,0x762D08,sub_762D08,0x75DCA4,0x957870;0x763C24;0x764088;0x334CEC
FN_libManis_00762F10,0x762F10,sub_762F10,0x768DE0;0x768DE0,
FN_libManis_00762F18,0x762F18,sub_762F18,0x75D3EC;0x75D55C;0x75D55C;0x75DA6C;0x75DCA4;0x768614;0x768764;0x768764;0x769744,
FN_libManis_00762F20,0x762F20,sub_762F20,0x717E88;0x71A8FC;0x745244;0x768DE0;0x768DE0;0x768DE0;0x768DE0;0x768DE0,
FN_libManis_00762F28,0x762F28,sub_762F28,0x768878,
FN_libManis_00762F30,0x762F30,sub_762F30,0x71E554;0x736DB0;0x736DB0;0x738620,
FN_libManis_00762F38,0x762F38,sub_762F38,,0x76B93C
FN_libManis_00762F58,0x762F58,sub_762F58,0x71E554;0x736DB0;0x736DB0;0x738620,
FN_libManis_00762F60,0x762F60,sub_762F60,,0x76B93C
FN_libManis_00762F78,0x762F78,sub_762F78,0x736DB0;0x738620,
FN_libManis_00762F80,0x762F80,sub_762F80,,0x76B93C
FN_libManis_00762FA0,0x762FA0,sub_762FA0,0x768878,
FN_libManis_00762FA8,0x762FA8,sub_762FA8,,0x76B93C
FN_libManis_00762FC8,0x762FC8,sub_762FC8,0x711CC8;0x713D2C;0x714138;0x714234;0x71CBC0;0x725384;0x725BD8;0x727050;0x727D18;0x7287F8,
FN_libManis_00762FD0,0x762FD0,sub_762FD0,0x75FFA8;0x76335C,0x763B00
FN_libManis_0076335C,0x76335C,sub_76335C,0x75F750,0x76B9AC;0x76B99C;0x33ACE0;0x33ACE0;0x762FD0;0x383818;0x763B00;0x763788;0x33ACE0;0x33ACE0
FN_libManis_00763788,0x763788,sub_763788,0x76335C,0x33BD20;0x33BD20;0x33BD20
FN_libManis_00763B00,0x763B00,sub_763B00,0x762FD0;0x76335C,0x334CC0
FN_libManis_00763C24,0x763C24,sub_763C24,0x75F698;0x75F750;0x762D08;0x763C28;0x763C28,
FN_libManis_00763C28,0x763C28,sub_763C28,,0x763C24;0x763C24;0x957870
FN_libManis_00763CD4,0x763CD4,sub_763CD4,0x7629EC,0x957840;0x957870;0x763E28;0x334CEC
FN_libManis_00763E28,0x763E28,sub_763E28,0x763CD4,0x334CD4
FN_libManis_00763E3C,0x763E3C,sub_763E3C,0x762A50,0x3D4204;0x957870
FN_libManis_00763F34,0x763F34,sub_763F34,0x762BBC,0x957840;0x957870;0x764088;0x334CEC
FN_libManis_00764088,0x764088,sub_764088,0x762D08;0x763F34,0x334CD4
FN_libManis_0076409C,0x76409C,sub_76409C,0x3FAA64,0x7640E8
FN_libManis_007640E8,0x7640E8,sub_7640E8,0x76409C,0x33E200;0x45A994
FN_libManis_00764280,0x764280,sub_764280,0x7677B0,0x75F668;0x957870;0x957840;0x75DDF0;0x957870;0x957870
FN_libManis_00764478,0x764478,sub_764478,,0x957870;0x957870
FN_libManis_00764514,0x764514,sub_764514,,0x957870;0x957870;0x3F4630;0x3F4630
FN_libManis_007645C0,0x7645C0,sub_7645C0,,0x3EC9C4;0x33AD18;0x33AEDC;0x33AEFC;0x33B970;0x33B970;0x33AD30
FN_libManis_00764AA4,0x764AA4,sub_764AA4,0x70F1B8;0x710504,
FN_libManis_00764AB0,0x764AB0,sub_764AB0,,0x957840
FN_libManis_00764ACC,0x764ACC,sub_764ACC,,0x957840;0x75F8B4;0x957870;0x33AEDC;0x33AEFC;0x33B970;0x33B970;0x33AEDC;0x75FF80;0x957840
FN_libManis_00765DE0,0x765DE0,sub_765DE0,0x764ACC,0x35DA78
FN_libManis_00765F84,0x765F84,sub_765F84,,0x76120C;0x33AEDC;0x33AEFC;0x33B970;0x3F131C;0x957870;0x33AEDC;0x33AEFC;0x33B970;0x33AEDC
FN_libManis_00767764,0x767764,sub_767764,0x70F1B8;0x710504,
FN_libManis_007677B0,0x7677B0,sub_7677B0,,0x764280
FN_libManis_007678DC,0x7678DC,sub_7678DC,,0x957870
FN_libManis_00767930,0x767930,sub_767930,,0x769B88;0x769CA0;0x33AF24;0x8CFBCC;0x76B93C;0x33ACE0;0x33B970;0x76B944;0x76B944;0x33ACFC
FN_libManis_00767B58,0x767B58,sub_767B58,0x768878;0x768DE0,0x762980;0x760D30;0x762980;0x760D30;0x33ACFC;0x33ACFC;0x760D30;0x760D30;0x33ACFC;0x7683CC
FN_libManis_007683CC,0x7683CC,sub_7683CC,0x767B58;0x768DE0,0x957870
FN_libManis_00768438,0x768438,sub_768438,0x767B58;0x768DE0;0x768DE0,0x957870
FN_libManis_00768488,0x768488,sub_768488,0x767B58,0x957870
FN_libManis_00768574,0x768574,sub_768574,0x7136BC;0x719DF8;0x719DF8;0x719DF8;0x719DF8;0x71CBC0;0x71CBC0;0x71CBC0;0x71CBC0;0x71CBC0,
FN_libManis_0076859C,0x76859C,sub_76859C,0x713488;0x719B28;0x719B28;0x719B28;0x719B28;0x71A584;0x71A584;0x71A584;0x71A584;0x71FD30,0x768614;0x957870
FN_libManis_00768614,0x768614,sub_768614,0x76859C;0x768878;0x768878;0x768878;0x768878;0x768878,0x762F18;0x762980;0x760D30;0x762980;0x760D30;0x760D30;0x760D30;0x760D30;0x957870
FN_libManis_00768764,0x768764,sub_768764,0x7562FC,0x762F18;0x762F18;0x76B93C
FN_libManis_00768878,0x768878,sub_768878,0x713D2C;0x713D2C;0x713D2C;0x713D2C;0x71E554;0x71E554;0x71E554;0x71E554;0x71E554;0x71E554,0x768614;0x762FA0;0x762980;0x76CCA8;0x6651FC;0x760D30;0x33ACFC;0x760D30;0x768614;0x33ACFC
FN_libManis_00768DE0,0x768DE0,sub_768DE0,0x717E88;0x71F824;0x722CF8;0x722CF8;0x722CF8;0x723FC4;0x7288F0;0x72D68C;0x734B68;0x73AE34,0x762980;0x7629E4;0x762F10;0x33ACFC;0x762F10;0x767B58;0x33AF24;0x7683CC;0x768438;0x957840
FN_libManis_00769744,0x769744,sub_769744,,0x762F18;0x762980;0x760D30;0x762980;0x760D30;0x957870
FN_libManis_00769884,0x769884,sub_769884,0x768DE0,0x769A30;0x334CEC
FN_libManis_00769A30,0x769A30,sub_769A30,0x769884,0x334CD4
FN_libManis_00769A44,0x769A44,sub_769A44,0x768DE0,0x769B74;0x334CEC
FN_libManis_00769B74,0x769B74,sub_769B74,0x769A44,0x334CD4
FN_libManis_00769B88,0x769B88,sub_769B88,0x75F8B4;0x767930,
FN_libManis_00769CA0,0x769CA0,sub_769CA0,0x75F8B4;0x767930,0x33ACE0;0x769E3C;0x33AF24;0x76A358;0x33AF24;0x76AA48;0x33AF24;0x76AD7C;0x33AF24;0x33B970
FN_libManis_00769E3C,0x769E3C,sub_769E3C,0x769CA0,0x76CCD4;0x33AF24;0x33ACE0;0x33B970;0x33B970;0x33B970;0x33ACFC;0x334CC0;0x334CC0
FN_libManis_0076A358,0x76A358,sub_76A358,0x769CA0,0x33ACFC;0x33ACFC;0x76D0B0;0x33ACFC;0x334CC0;0x76CC80;0x334CEC
FN_libManis_0076AA48,0x76AA48,sub_76AA48,0x769CA0,0x33ACFC;0x33ACFC;0x33ACFC;0x76B9C0;0x76C168;0x33ACE0
FN_libManis_0076AD7C,0x76AD7C,sub_76AD7C,0x769CA0,0x76D6B4;0x33AF24;0x33ACE0;0x33ACFC;0x33AD30;0x76CC80;0x334CEC
FN_libManis_0076B93C,0x76B93C,sub_76B93C,0x75F8B4;0x75FF88;0x762F38;0x762F60;0x762F80;0x762FA8;0x767930;0x768764,
FN_libManis_0076B944,0x76B944,sub_76B944,0x767930;0x767930,
FN_libManis_0076B94C,0x76B94C,sub_76B94C,0x75FFA8,
FN_libManis_0076B954,0x76B954,sub_76B954,0x75D55C;0x75D55C,
FN_libManis_0076B99C,0x76B99C,sub_76B99C,0x75F750;0x75FFA8;0x760324;0x760D40;0x760D40;0x761018;0x761D2C;0x761D2C;0x76335C,
FN_libManis_0076B9A4,0x76B9A4,sub_76B9A4,0x760D40,
FN_libManis_0076B9AC,0x76B9AC,sub_76B9AC,0x75F750;0x75FFA8;0x760324;0x760D40;0x761018;0x761790;0x761D2C;0x7623E4;0x76335C,
FN_libManis_0076B9C0,0x76B9C0,sub_76B9C0,0x76AA48,0x76CC94;0x334CEC
FN_libManis_0076C168,0x76C168,sub_76C168,0x76AA48,
FN_libManis_0076CC80,0x76CC80,sub_76CC80,0x76A358;0x76AD7C;0x894BEC,0x334CD4
FN_libManis_0076CC94,0x76CC94,sub_76CC94,0x76B9C0,0x334CD4
FN_libManis_0076CCA8,0x76CCA8,sub_76CCA8,0x768878,
FN_libManis_0076CCD4,0x76CCD4,sub_76CCD4,0x769E3C,0x76CF80;0x33AF24;0x76CF80;0x33AF24;0x33AF24;0x76CF80;0x33AF24;0x33AF24;0x76CF80
FN_libManis_0076CF80,0x76CF80,sub_76CF80,0x76CCD4;0x76CCD4;0x76CCD4;0x76CCD4;0x76D0B0;0x76D0B0;0x76D0B0;0x76D0B0;0x76D0B0;0x76D0B0,0x33ACFC
FN_libManis_0076D0B0,0x76D0B0,sub_76D0B0,0x76A358,0x76CF80;0x33AF24;0x76CF80;0x33AF24;0x33AF24;0x76CF80;0x33AF24;0x33AF24;0x76CF80;0x33AF24
FN_libManis_0076D6B4,0x76D6B4,sub_76D6B4,0x76AD7C,0x76CF80;0x33AF24;0x76CF80;0x33AF24;0x33ACFC;0x33AF24;0x76CF80;0x33AF24;0x33AF24;0x76CF80
FN_libManis_0076F2DC,0x76F2DC,sub_76F2DC,0x76D6B4,0x3C6390;0x3C6654
FN_libManis_0076F3F4,0x76F3F4,sub_76F3F4,,0x33ACE0;0x957840;0x33ACE0;0x33ACE0;0x957870
FN_libManis_0076F954,0x76F954,sub_76F954,,0x957840;0x3F8650;0x7A3B58;0x33AF24;0x76FC84;0x3F8950;0x957870;0x33ACE0;0x334CC0;0x334CC0
FN_libManis_0076FC84,0x76FC84,sub_76FC84,0x76F954;0x7703CC,0x770700;0x3F8EC4;0x770700
FN_libManis_007703CC,0x7703CC,sub_7703CC,,0x957840;0x3F8650;0x7A3B58;0x33AF24;0x76FC84;0x3F8950;0x957870;0x33ACE0;0x334CC0;0x334CC0
FN_libManis_00770700,0x770700,sub_770700,0x76FC84;0x76FC84,
FN_libManis_007708D0,0x7708D0,sub_7708D0,0x3FAE84,0x77091C
FN_libManis_0077091C,0x77091C,sub_77091C,0x7708D0,0x33E200;0x7755F4
FN_libManis_00770AB4,0x770AB4,sub_770AB4,,0x3AE97C;0x3AE97C;0x3AE97C;0x66C8DC;0x66C8DC;0x66C8DC;0x7753B0;0x77578C;0x79D5DC;0x367BF0
FN_libManis_007714B8,0x7714B8,sub_7714B8,,0x957840;0x33ACFC;0x6651FC;0x33ACE0;0x957870
FN_libManis_00771638,0x771638,sub_771638,,0x957840;0x781654;0x33ACFC;0x781484;0x781654;0x7814A8;0x780DF4;0x781004;0x780CF0;0x780C90
FN_libManis_0077192C,0x77192C,sub_77192C,0x3FAE84,0x771978
FN_libManis_00771978,0x771978,sub_771978,0x77192C,0x33E200;0x7755F4
FN_libManis_00771B10,0x771B10,sub_771B10,,0x66C8DC;0x66C8DC;0x66C8DC;0x66C8DC;0x7753B0;0x77578C;0x79D5DC;0x367BF0
FN_libManis_00771E94,0x771E94,sub_771E94,,0x957840;0x33ACFC;0x6651FC;0x33ACE0;0x957870
FN_libManis_0077200C,0x77200C,sub_77200C,,0x957840;0x957840;0x781654;0x781654;0x781484;0x7814A8;0x772278;0x33ACFC;0x781004;0x781004
FN_libManis_00772278,0x772278,sub_772278,0x77200C;0x7778AC;0x77AC90;0x77CA84;0x785C88;0x78E0B4,0x774C44
FN_libManis_007723E4,0x7723E4,sub_7723E4,0x3FAE84,0x772430
FN_libManis_00772430,0x772430,sub_772430,0x7723E4,0x33E200;0x7755F4
FN_libManis_007725C8,0x7725C8,sub_7725C8,,0x957840;0x957840;0x78166C;0x78166C;0x957870;0x957870;0x7753B0;0x77578C;0x79D5DC;0x367BF0
FN_libManis_00772838,0x772838,sub_772838,,0x957840;0x33ACFC;0x6651FC;0x33ACE0;0x957870
FN_libManis_007729B0,0x7729B0,sub_7729B0,,0x957840;0x957840;0x781654;0x781654;0x33ACFC;0x781484;0x7814A8;0x781120;0x781120;0x775160
FN_libManis_00772C68,0x772C68,sub_772C68,0x3FAE84,0x772CB4
FN_libManis_00772CB4,0x772CB4,sub_772CB4,0x772C68,0x33E200;0x7755F4
FN_libManis_00772E4C,0x772E4C,sub_772E4C,,0x66C8DC;0x7753B0;0x7753B0;0x77578C;0x79D5DC;0x367BF0;0x77578C;0x79D5DC;0x367BF0
FN_libManis_007730EC,0x7730EC,sub_7730EC,,0x957840;0x6651FC;0x33ACE0;0x957870
FN_libManis_0077321C,0x77321C,sub_77321C,,0x957840;0x957840;0x781654;0x781654;0x781484;0x7814A8;0x780DF4;0x780C90;0x33ACE0;0x33ACFC
FN_libManis_007733F4,0x7733F4,sub_7733F4,0x3FAE84,0x773440
FN_libManis_00773440,0x773440,sub_773440,0x7733F4,0x33E200;0x7755F4
FN_libManis_007735D8,0x7735D8,sub_7735D8,,0x7753B0;0x77578C;0x79D5DC;0x367BF0
FN_libManis_00773764,0x773764,sub_773764,,0x957840;0x6651FC;0x33ACE0;0x957870
FN_libManis_00773894,0x773894,sub_773894,,0x781654;0x781654;0x33ACFC;0x781484;0x7814A8;0x781244;0x781244;0x780C90
FN_libManis_00773A38,0x773A38,sub_773A38,0x3FAE84,0x773A84
FN_libManis_00773A84,0x773A84,sub_773A84,0x773A38,0x33E200;0x7755F4
FN_libManis_00773C1C,0x773C1C,sub_773C1C,,0x7753B0;0x77578C;0x79D5DC;0x367BF0
FN_libManis_00773D74,0x773D74,sub_773D74,,0x957840;0x6651FC;0x33ACE0;0x957870
FN_libManis_00773EA4,0x773EA4,sub_773EA4,,0x781654;0x781654;0x33ACFC;0x781484;0x7814A8;0x780C90
FN_libManis_00774008,0x774008,sub_774008,0x3FAE84,0x774054
FN_libManis_00774054,0x774054,sub_774054,0x774008,0x33E200;0x7755F4
FN_libManis_00774234,0x774234,sub_774234,,0x774AB8
FN_libManis_00774284,0x774284,sub_774284,,0x957840;0x78166C;0x957870;0x7753B0;0x77578C;0x79D5DC;0x367BF0
FN_libManis_007746B0,0x7746B0,sub_7746B0,,0x957840;0x6651FC;0x33ACE0;0x957870
FN_libManis_007747E0,0x7747E0,sub_7747E0,,0x781654;0x781654;0x33ACFC;0x781484;0x7814A8;0x7815C8;0x781004;0x781004;0x780C90
FN_libManis_00774A04,0x774A04,sub_774A04,,0x774AB8
FN_libManis_00774A28,0x774A28,sub_774A28,,0x774AB8
FN_libManis_00774A4C,0x774A4C,sub_774A4C,,0x774AB8
FN_libManis_00774A70,0x774A70,sub_774A70,,0x774AB8
FN_libManis_00774A94,0x774A94,sub_774A94,,0x774AB8
FN_libManis_00774AB8,0x774AB8,sub_774AB8,0x774234;0x774A04;0x774A28;0x774A4C;0x774A70;0x774A94;0x774C20;0x776358;0x7781AC;0x779008,0x7753B0;0x957870;0x957870;0x957870
FN_libManis_00774C20,0x774C20,sub_774C20,,0x774AB8
FN_libManis_00774C44,0x774C44,sub_774C44,0x772278,0x774F88
FN_libManis_00774F88,0x774F88,sub_774F88,0x774C44,0x334CEC
FN_libManis_00775160,0x775160,sub_775160,0x7729B0;0x780CF0;0x780DF4;0x780EF8;0x781004;0x781120;0x781244;0x781368;0x7814A8;0x78E0B4,0x34E5B8
FN_libManis_007753B0,0x7753B0,sub_7753B0,0x770AB4;0x771B10;0x7725C8;0x772E4C;0x772E4C;0x7735D8;0x773C1C;0x774284;0x774AB8;0x77578C,
FN_libManis_00775478,0x775478,sub_775478,0x77547C;0x77547C,
FN_libManis_0077547C,0x77547C,sub_77547C,,0x775478;0x775478
FN_libManis_00775528,0x775528,sub_775528,,0x78074C
FN_libManis_007755F4,0x7755F4,sub_7755F4,0x77091C;0x771978;0x772430;0x772CB4;0x773440;0x773A84;0x774054;0x776180;0x777FD4;0x778DFC,
FN_libManis_0077578C,0x77578C,sub_77578C,0x770AB4;0x771B10;0x7725C8;0x772E4C;0x772E4C;0x7735D8;0x773C1C;0x774284;0x7763A0;0x7781F4,0x7759BC;0x7753B0;0x7759A8;0x334CEC
FN_libManis_007759A8,0x7759A8,sub_7759A8,0x77578C,0x334CD4
FN_libManis_007759BC,0x7759BC,sub_7759BC,0x77578C,
FN_libManis_00775B30,0x775B30,sub_775B30,,0x78074C
FN_libManis_00775C38,0x775C38,sub_775C38,,0x78074C
FN_libManis_00775D48,0x775D48,sub_775D48,,0x78074C
FN_libManis_00775E54,0x775E54,sub_775E54,,0x78074C
FN_libManis_00775F64,0x775F64,sub_775F64,,0x78074C
FN_libManis_0077606C,0x77606C,sub_77606C,,0x78074C
FN_libManis_00776134,0x776134,sub_776134,0x3FAE84,0x776180
FN_libManis_00776180,0x776180,sub_776180,0x776134,0x33E200;0x7755F4
FN_libManis_00776358,0x776358,sub_776358,,0x774AB8
FN_libManis_007763A0,0x7763A0,sub_7763A0,,0x66C8DC;0x66C8DC;0x66C8DC;0x66C8DC;0x66C8DC;0x66C8DC;0x957840;0x66C8DC;0x78166C;0x33ACFC
FN_libManis_007771C8,0x7771C8,sub_7771C8,,0x957840;0x33ACFC;0x957840;0x957840;0x6651FC;0x33ACE0;0x957870;0x957870;0x957870;0x334CEC
FN_libManis_007778AC,0x7778AC,sub_7778AC,,0x957840;0x957840;0x957840;0x781654;0x781654;0x781484;0x7814A8;0x781654;0x7814A8;0x772278
FN_libManis_00777CE8,0x777CE8,sub_777CE8,0x3FAA90,0x338E1C;0x5FF918
FN_libManis_00777EB0,0x777EB0,sub_777EB0,,0x78074C
FN_libManis_00777F88,0x777F88,sub_777F88,0x3FAE84,0x777FD4
FN_libManis_00777FD4,0x777FD4,sub_777FD4,0x777F88,0x33E200;0x7755F4
FN_libManis_007781AC,0x7781AC,sub_7781AC,,0x774AB8
FN_libManis_007781F4,0x7781F4,sub_7781F4,,0x7753B0;0x7753B0;0x77578C;0x79D5DC;0x33AF24;0x33AF24;0x77578C;0x79D5DC;0x33AF24;0x33AF24
FN_libManis_00778514,0x778514,sub_778514,,0x957840;0x781654;0x33ACFC;0x957840;0x781654;0x781484;0x7814A8;0x957840;0x781654;0x7814A8
FN_libManis_00778CDC,0x778CDC,sub_778CDC,,0x78074C
FN_libManis_00778DB0,0x778DB0,sub_778DB0,0x3FAE84,0x778DFC
FN_libManis_00778DFC,0x778DFC,sub_778DFC,0x778DB0,0x33E200;0x7755F4
FN_libManis_00779008,0x779008,sub_779008,,0x774AB8
FN_libManis_00779084,0x779084,sub_779084,0x779174,
FN_libManis_00779174,0x779174,sub_779174,,0x33ACFC;0x957840;0x33ACFC;0x33ACFC;0x957840;0x78166C;0x75AF4C;0x779084;0x66C8DC;0x343DA4
FN_libManis_0077AA2C,0x77AA2C,sub_77AA2C,0x779174,
FN_libManis_0077AA58,0x77AA58,sub_77AA58,,0x957840;0x957840;0x33ACFC;0x6651FC;0x33ACE0;0x957870;0x957870
FN_libManis_0077AC90,0x77AC90,sub_77AC90,,0x957840;0x957840;0x781654;0x781654;0x781484;0x7814A8;0x7814A8;0x7815C8;0x772278;0x780EF8
FN_libManis_0077B3F8,0x77B3F8,sub_77B3F8,0x3FAA90,0x338E1C;0x5FF918
FN_libManis_0077B5C0,0x77B5C0,sub_77B5C0,,0x78074C
FN_libManis_0077B6E4,0x77B6E4,sub_77B6E4,0x3FAE84,0x77B730
FN_libManis_0077B730,0x77B730,sub_77B730,0x77B6E4,0x33E200;0x7755F4
FN_libManis_0077B8C8,0x77B8C8,sub_77B8C8,0x77B984,0x7753B0
FN_libManis_0077B984,0x77B984,sub_77B984,,0x77B8C8
FN_libManis_0077B9A8,0x77B9A8,sub_77B9A8,,0x33ACFC;0x957840;0x78166C;0x957870;0x77C434;0x66C8DC;0x7753B0;0x66C8DC;0x7753B0;0x77578C
FN_libManis_0077C434,0x77C434,sub_77C434,0x77B9A8,
FN_libManis_0077C954,0x77C954,sub_77C954,,0x957840;0x6651FC;0x33ACE0;0x957870
FN_libManis_0077CA84,0x77CA84,sub_77CA84,,0x781654;0x781654;0x33ACFC;0x781484;0x7814A8;0x7814A8;0x7815C8;0x772278;0x780EF8;0x781004
FN_libManis_0077CE10,0x77CE10,sub_77CE10,0x3FAA90,0x338E1C;0x5FF918
FN_libManis_0077CFD8,0x77CFD8,sub_77CFD8,,0x78074C
FN_libManis_0077D134,0x77D134,sub_77D134,,0x774AB8
FN_libManis_0077D1A0,0x77D1A0,sub_77D1A0,0x77E14C;0x77F068,0x33ACFC;0x33ACFC;0x957840;0x78166C;0x957870;0x33ACE0;0x957840;0x78166C;0x957870
FN_libManis_0077D8CC,0x77D8CC,sub_77D8CC,0x77E14C;0x77F068,0x38D940;0x33ACFC;0x4DA7F8;0x4DA7F8;0x33ACFC;0x33ACE0
FN_libManis_0077DDBC,0x77DDBC,sub_77DDBC,0x77E14C;0x77F068,0x77578C;0x66C8DC;0x66C8DC;0x66C8DC;0x66C8DC;0x66C8DC;0x79D5DC;0x367BF0
FN_libManis_0077E14C,0x77E14C,sub_77E14C,,0x77D1A0;0x33AD18;0x33AEDC;0x33AEFC;0x33B970;0x77D8CC;0x33AD18;0x33AEDC;0x33AEFC;0x33B970
FN_libManis_0077F068,0x77F068,sub_77F068,,0x957840;0x957840;0x77D1A0;0x33AD18;0x33AEDC;0x33AEFC;0x33B970;0x33B970;0x77D8CC;0x33AD18
FN_libManis_007800D0,0x7800D0,sub_7800D0,,0x781654;0x781654;0x33ACFC;0x781484;0x7814A8;0x7815C8;0x7815C8;0x780DF4;0x781368;0x780CF0
FN_libManis_00780424,0x780424,sub_780424,0x3FAE84,0x780470
FN_libManis_00780470,0x780470,sub_780470,0x780424,0x33E200;0x7755F4
FN_libManis_00780648,0x780648,sub_780648,,0x78074C
FN_libManis_0078072C,0x78072C,sub_78072C,0x7763A0;0x7763A0;0x779174;0x779174;0x779174;0x7853A8;0x7853A8;0x786338;0x786338;0x787990,
FN_libManis_0078074C,0x78074C,sub_78074C,0x775528;0x775B30;0x775C38;0x775D48;0x775E54;0x775F64;0x77606C;0x777EB0;0x778CDC;0x77B5C0,0x957840;0x957840;0x957840;0x7A4E50;0x338E1C
FN_libManis_007809F0,0x7809F0,sub_7809F0,0x779174;0x7853A8,0x7A4E50
FN_libManis_00780B74,0x780B74,sub_780B74,,0x79DF80
FN_libManis_00780C90,0x780C90,sub_780C90,0x771638;0x77200C;0x7729B0;0x77321C;0x773894;0x773EA4;0x7747E0;0x7778AC;0x778514;0x778514,0x79DF80
FN_libManis_00780CF0,0x780CF0,sub_780CF0,0x771638;0x778514;0x778514;0x77AC90;0x77AC90;0x77CA84;0x7800D0;0x7800D0;0x7872C0;0x7872C0,0x775160;0x334CC0
FN_libManis_00780DF4,0x780DF4,sub_780DF4,0x771638;0x77321C;0x7778AC;0x77AC90;0x77AC90;0x77AC90;0x77CA84;0x7800D0;0x7868B0;0x7899D0,0x775160;0x334CC0
FN_libManis_00780EF8,0x780EF8,sub_780EF8,0x7778AC;0x778514;0x778514;0x77AC90;0x77AC90;0x77AC90;0x77AC90;0x77CA84;0x77CA84;0x77CA84,0x775160;0x334CC0
FN_libManis_00781004,0x781004,sub_781004,0x771638;0x77200C;0x77200C;0x7747E0;0x7747E0;0x7778AC;0x778514;0x778514;0x778514;0x778514,0x775160;0x334CC0
FN_libManis_00781120,0x781120,sub_781120,0x7729B0;0x7729B0;0x7778AC;0x7778AC;0x778514;0x778514;0x778514;0x7822AC;0x7822AC;0x7822AC,0x775160;0x334CC0
FN_libManis_00781244,0x781244,sub_781244,0x773894;0x773894,0x775160;0x334CC0
FN_libManis_00781368,0x781368,sub_781368,0x77AC90;0x7800D0,0x775160;0x334CC0
FN_libManis_00781484,0x781484,sub_781484,0x771638;0x77200C;0x7729B0;0x77321C;0x773894;0x773EA4;0x7747E0;0x7778AC;0x778514;0x778514,
FN_libManis_007814A8,0x7814A8,sub_7814A8,0x771638;0x77200C;0x7729B0;0x77321C;0x773894;0x773EA4;0x7747E0;0x7778AC;0x7778AC;0x778514,0x775160;0x334CC0
FN_libManis_007815C8,0x7815C8,sub_7815C8,0x7747E0;0x77AC90;0x77CA84;0x7800D0;0x7800D0;0x787FFC;0x787FFC;0x788F60;0x788F60;0x7899D0,
FN_libManis_007815E4,0x7815E4,sub_7815E4,0x7899D0;0x7899D0;0x78A5A4;0x78A5A4,0x79DF80
FN_libManis_00781654,0x781654,sub_781654,0x771638;0x771638;0x77200C;0x77200C;0x7729B0;0x7729B0;0x77321C;0x77321C;0x773894;0x773894,
FN_libManis_0078166C,0x78166C,sub_78166C,0x7725C8;0x7725C8;0x774284;0x7763A0;0x779174;0x779174;0x77B9A8;0x77B9A8;0x77D1A0;0x77D1A0,0x3F8EC4;0x4DA7F8
FN_libManis_00781CC4,0x781CC4,sub_781CC4,,0x774AB8
FN_libManis_00781CE8,0x781CE8,sub_781CE8,,0x781D3C
FN_libManis_00781D3C,0x781D3C,sub_781D3C,0x781CE8,0x33E200;0x7755F4
FN_libManis_00781ED4,0x781ED4,sub_781ED4,,0x66C8DC;0x7753B0;0x77578C;0x79D5DC;0x367BF0
FN_libManis_007820DC,0x7820DC,sub_7820DC,,0x957840;0x957840;0x957840;0x6651FC;0x33ACE0;0x957870;0x957870;0x957870
FN_libManis_007822AC,0x7822AC,sub_7822AC,,0x781654;0x781654;0x781654;0x33ACFC;0x781484;0x7814A8;0x7814A8;0x781120;0x781120;0x781120
FN_libManis_00782624,0x782624,sub_782624,,0x774AB8
FN_libManis_00782688,0x782688,sub_782688,,0x78074C
FN_libManis_00782750,0x782750,sub_782750,0x3FAE84,0x78279C
FN_libManis_0078279C,0x78279C,sub_78279C,0x782750,0x33E200;0x7755F4
FN_libManis_00782934,0x782934,sub_782934,,0x66C8DC;0x7753B0;0x77578C;0x79D5DC;0x367BF0
FN_libManis_00782AA8,0x782AA8,sub_782AA8,,0x957840;0x6651FC;0x33ACE0;0x957870
FN_libManis_00782BD8,0x782BD8,sub_782BD8,,0x781654;0x781654;0x33ACFC;0x781484;0x7814A8;0x781004;0x781004;0x780C90
FN_libManis_00782DEC,0x782DEC,sub_782DEC,0x3FAE84,0x782E38
FN_libManis_00782E38,0x782E38,sub_782E38,0x782DEC,0x33E200;0x7755F4
FN_libManis_00782FD0,0x782FD0,sub_782FD0,,0x7753B0;0x77578C;0x79D5DC;0x367BF0
FN_libManis_00783134,0x783134,sub_783134,,0x957840;0x6651FC;0x33ACE0;0x957870
FN_libManis_00783264,0x783264,sub_783264,,0x957840;0x957840;0x781654;0x781654;0x33ACFC;0x7814A8;0x781484;0x781004;0x780C90;0x33ACE0
FN_libManis_007834EC,0x7834EC,sub_7834EC,0x3FAE84,0x783538
FN_libManis_00783538,0x783538,sub_783538,0x7834EC,0x33E200;0x7755F4
FN_libManis_007836D0,0x7836D0,sub_7836D0,,0x7753B0;0x77578C;0x79D5DC;0x367BF0
FN_libManis_00783834,0x783834,sub_783834,,0x957840;0x6651FC;0x33ACE0;0x957870
FN_libManis_00783964,0x783964,sub_783964,,0x781654;0x781654;0x33ACFC;0x7814A8;0x781484;0x781004;0x780C90
FN_libManis_00783BA4,0x783BA4,sub_783BA4,0x3FAE84,0x783BF0
FN_libManis_00783BF0,0x783BF0,sub_783BF0,0x783BA4,0x33E200;0x7755F4
FN_libManis_00783D88,0x783D88,sub_783D88,,0x7753B0;0x77578C;0x79D5DC;0x367BF0
FN_libManis_00783EEC,0x783EEC,sub_783EEC,,0x957840;0x6651FC;0x33ACE0;0x957870
FN_libManis_0078401C,0x78401C,sub_78401C,,0x781654;0x781654;0x33ACFC;0x7814A8;0x781484;0x781004;0x780C90
FN_libManis_0078425C,0x78425C,sub_78425C,0x3FAE84,0x7842A8
FN_libManis_007842A8,0x7842A8,sub_7842A8,0x78425C,0x33E200;0x7755F4
FN_libManis_00784458,0x784458,sub_784458,0x3FAE84,0x7844A4
FN_libManis_007844A4,0x7844A4,sub_7844A4,0x784458,0x33E200;0x7755F4
FN_libManis_0078463C,0x78463C,sub_78463C,,0x7753B0;0x77578C;0x79D5DC;0x367BF0
FN_libManis_00784790,0x784790,sub_784790,,0x957840;0x6651FC;0x33ACE0;0x957870
FN_libManis_007848C0,0x7848C0,sub_7848C0,,0x781654;0x781654;0x33ACFC;0x781484;0x7814A8;0x781004;0x781004;0x780C90
FN_libManis_00784AD4,0x784AD4,sub_784AD4,,0x774AB8
FN_libManis_00784AF8,0x784AF8,sub_784AF8,,0x774AB8
FN_libManis_00784B1C,0x784B1C,sub_784B1C,,0x774AB8
FN_libManis_00784B40,0x784B40,sub_784B40,,0x774AB8
FN_libManis_00784B64,0x784B64,sub_784B64,,0x774AB8
FN_libManis_00784B88,0x784B88,sub_784B88,,0x774AB8
FN_libManis_00784BEC,0x784BEC,sub_784BEC,,0x78074C
FN_libManis_00784CF0,0x784CF0,sub_784CF0,,0x78074C
FN_libManis_00784DF4,0x784DF4,sub_784DF4,,0x78074C
FN_libManis_00784EF8,0x784EF8,sub_784EF8,,0x78074C
FN_libManis_00784FFC,0x784FFC,sub_784FFC,,0x78074C
FN_libManis_00785100,0x785100,sub_785100,,0x78074C
FN_libManis_007851C4,0x7851C4,sub_7851C4,0x3FAE84,0x785210
FN_libManis_00785210,0x785210,sub_785210,0x7851C4;0x786108,0x33E200;0x7755F4
FN_libManis_007853A8,0x7853A8,sub_7853A8,,0x957840;0x7809F0;0x66C8DC;0x66C8DC;0x66C8DC;0x78072C;0x78072C;0x343DA4;0x66C8DC;0x7753B0
FN_libManis_00785A34,0x785A34,sub_785A34,,0x957840;0x957840;0x33ACFC;0x6651FC;0x33ACE0;0x957870;0x957870
FN_libManis_00785C88,0x785C88,sub_785C88,,0x957840;0x957840;0x781654;0x781654;0x7814A8;0x781484;0x772278;0x33ACFC;0x780EF8;0x780EF8
FN_libManis_00785FB8,0x785FB8,sub_785FB8,,0x774AB8
FN_libManis_0078601C,0x78601C,sub_78601C,,0x78074C
FN_libManis_00786108,0x786108,sub_786108,,0x785210
FN_libManis_00786154,0x786154,sub_786154,0x3FAE84,0x7861A0
FN_libManis_007861A0,0x7861A0,sub_7861A0,0x786154,0x33E200;0x7755F4
FN_libManis_00786338,0x786338,sub_786338,,0x66C8DC;0x66C8DC;0x957840;0x78072C;0x7753B0;0x77578C;0x79D5DC;0x957870;0x367BF0;0x78072C
FN_libManis_007866B4,0x7866B4,sub_7866B4,,0x957840;0x957840;0x33ACFC;0x6651FC;0x33ACE0;0x957870;0x957870
FN_libManis_007868B0,0x7868B0,sub_7868B0,,0x957840;0x957840;0x781654;0x781654;0x33ACFC;0x781004;0x781004;0x780DF4;0x7814A8;0x781484
FN_libManis_00786B5C,0x786B5C,sub_786B5C,,0x774AB8
FN_libManis_00786BC0,0x786BC0,sub_786BC0,,0x78074C
FN_libManis_00786C88,0x786C88,sub_786C88,0x3FAE84,0x786CD4
FN_libManis_00786CD4,0x786CD4,sub_786CD4,0x786C88,0x33E200;0x7755F4
FN_libManis_00786E6C,0x786E6C,sub_786E6C,,0x66C8DC;0x7753B0;0x77578C;0x79D5DC;0x367BF0
FN_libManis_00787068,0x787068,sub_787068,,0x957840;0x957840;0x33ACFC;0x6651FC;0x33ACE0;0x957870;0x957870
FN_libManis_007872C0,0x7872C0,sub_7872C0,,0x957840;0x957840;0x781654;0x781654;0x33ACFC;0x781484;0x7814A8;0x780CF0;0x780CF0;0x780CF0
FN_libManis_007875AC,0x7875AC,sub_7875AC,,0x774AB8
FN_libManis_00787610,0x787610,sub_787610,,0x78074C
FN_libManis_007876DC,0x7876DC,sub_7876DC,0x3FAE84,0x787728
FN_libManis_00787728,0x787728,sub_787728,0x7876DC,0x33E200;0x7755F4
FN_libManis_00787924,0x787924,sub_787924,,0x774AB8
FN_libManis_00787990,0x787990,sub_787990,,0x957840;0x78166C;0x957870;0x66C8DC;0x66C8DC;0x78072C;0x7753B0;0x78072C;0x66C8DC;0x77578C
FN_libManis_00787ECC,0x787ECC,sub_787ECC,,0x957840;0x6651FC;0x33ACE0;0x957870
FN_libManis_00787FFC,0x787FFC,sub_787FFC,,0x781654;0x781654;0x33ACFC;0x781484;0x7814A8;0x7815C8;0x7815C8;0x781004;0x781004;0x780C90
FN_libManis_00788230,0x788230,sub_788230,0x3FAE84,0x78827C
FN_libManis_0078827C,0x78827C,sub_78827C,0x788230,0x33E200;0x7755F4
FN_libManis_00788478,0x788478,sub_788478,,0x774AB8
FN_libManis_007884E4,0x7884E4,sub_7884E4,,0x957840;0x78166C;0x957870;0x957840;0x78166C;0x957870;0x66C8DC;0x66C8DC;0x7753B0;0x77578C
FN_libManis_00788E30,0x788E30,sub_788E30,,0x957840;0x6651FC;0x33ACE0;0x957870
FN_libManis_00788F60,0x788F60,sub_788F60,,0x781654;0x781654;0x33ACFC;0x781484;0x7814A8;0x7815C8;0x7815C8;0x781004;0x781004;0x780C90
FN_libManis_00789194,0x789194,sub_789194,0x3FAE84,0x7891E0
FN_libManis_007891E0,0x7891E0,sub_7891E0,0x789194,0x33E200;0x7755F4
FN_libManis_007893E0,0x7893E0,sub_7893E0,,0x774AB8
FN_libManis_00789450,0x789450,sub_789450,,0x77578C;0x7753B0;0x79D5DC;0x367BF0;0x79D5DC;0x367BF0;0x79D5DC;0x367BF0;0x33AF24;0x33AD30
FN_libManis_00789780,0x789780,sub_789780,,0x957840;0x6651FC;0x6651FC;0x6651FC;0x33ACE0;0x957870
FN_libManis_007899D0,0x7899D0,sub_7899D0,,0x781654;0x781654;0x33ACFC;0x33ACFC;0x7814A8;0x7815C8;0x781120;0x780CF0;0x7815E4;0x7814A8
FN_libManis_00789D58,0x789D58,sub_789D58,0x3FAE84,0x789DA4
FN_libManis_00789DA4,0x789DA4,sub_789DA4,0x789D58,0x33E200;0x7755F4
FN_libManis_00789FA4,0x789FA4,sub_789FA4,,0x774AB8
FN_libManis_0078A014,0x78A014,sub_78A014,,0x77578C;0x7753B0;0x79D5DC;0x367BF0;0x79D5DC;0x367BF0;0x79D5DC;0x367BF0;0x33AF24;0x33AD30
FN_libManis_0078A33C,0x78A33C,sub_78A33C,,0x957840;0x6651FC;0x6651FC;0x6651FC;0x33ACE0;0x957870
FN_libManis_0078A5A4,0x78A5A4,sub_78A5A4,,0x781654;0x781654;0x33ACFC;0x33ACFC;0x7814A8;0x7815C8;0x781120;0x780CF0;0x7815E4;0x7814A8
FN_libManis_0078A92C,0x78A92C,sub_78A92C,0x3FAE84,0x78A978
FN_libManis_0078A978,0x78A978,sub_78A978,0x78A92C,0x33E200;0x7755F4
FN_libManis_0078AB58,0x78AB58,sub_78AB58,,0x774AB8
FN_libManis_0078ABA8,0x78ABA8,sub_78ABA8,,0x77578C;0x7753B0;0x79D5DC;0x367BF0;0x33AD18;0x33AEDC;0x33AEFC;0x33B970;0x33AD18;0x33AEDC
FN_libManis_0078B6E0,0x78B6E0,sub_78B6E0,,0x957840;0x957840;0x781654;0x781654;0x33ACFC;0x780CF0;0x780CF0;0x780CF0;0x780CF0;0x780EF8
FN_libManis_0078BBC8,0x78BBC8,sub_78BBC8,0x3FAE84,0x78BC14
FN_libManis_0078BC14,0x78BC14,sub_78BC14,0x78BBC8,0x33E200;0x7755F4
FN_libManis_0078BDAC,0x78BDAC,sub_78BDAC,,0x7753B0;0x77578C;0x79D5DC;0x367BF0;0x3374AC
FN_libManis_0078BF94,0x78BF94,sub_78BF94,,0x957840;0x6651FC;0x33ACE0;0x957870
FN_libManis_0078C0C4,0x78C0C4,sub_78C0C4,,0x781654;0x781654;0x33ACFC;0x781484;0x7814A8;0x781004;0x781120;0x781120;0x780C90;0x33ACE0
FN_libManis_0078C5D8,0x78C5D8,sub_78C5D8,0x3FAE84,0x78C624
FN_libManis_0078C624,0x78C624,sub_78C624,0x78C5D8,0x33E200;0x7755F4
FN_libManis_0078C7BC,0x78C7BC,sub_78C7BC,,0x7753B0;0x77578C;0x79D5DC;0x367BF0;0x3374AC
FN_libManis_0078CA68,0x78CA68,sub_78CA68,,0x957840;0x6651FC;0x33ACE0;0x957870
FN_libManis_0078CB98,0x78CB98,sub_78CB98,,0x781654;0x781654;0x33ACFC;0x7814A8;0x781484;0x781004;0x781004;0x781004;0x781004;0x780C90
FN_libManis_0078CEC0,0x78CEC0,sub_78CEC0,0x3FAE84,0x78CF0C
FN_libManis_0078CF0C,0x78CF0C,sub_78CF0C,0x78CEC0,0x33E200;0x7755F4
FN_libManis_0078D0A4,0x78D0A4,sub_78D0A4,,0x7753B0;0x77578C;0x79D5DC;0x367BF0;0x957840;0x957840;0x78166C;0x957870;0x375974;0x957870
FN_libManis_0078D498,0x78D498,sub_78D498,,0x957840;0x6651FC;0x33ACE0;0x957870
FN_libManis_0078D5F8,0x78D5F8,sub_78D5F8,,0x781654;0x781654;0x33ACFC;0x781484;0x7814A8;0x781120;0x781120;0x781120;0x780DF4;0x780CF0
FN_libManis_0078D9BC,0x78D9BC,sub_78D9BC,0x3FAE84,0x78DA08
FN_libManis_0078DA08,0x78DA08,sub_78DA08,0x78D9BC,0x33E200;0x7755F4
FN_libManis_0078DBA0,0x78DBA0,sub_78DBA0,,0x66C8DC;0x78072C;0x78072C;0x66C8DC;0x7753B0;0x77578C;0x79D5DC;0x367BF0
FN_libManis_0078DF84,0x78DF84,sub_78DF84,,0x957840;0x6651FC;0x33ACE0;0x957870
FN_libManis_0078E0B4,0x78E0B4,sub_78E0B4,,0x781654;0x781654;0x33ACFC;0x781484;0x7814A8;0x7814A8;0x772278;0x781120;0x781120;0x775160
FN_libManis_0078E404,0x78E404,sub_78E404,0x3FAE84,0x78E450
FN_libManis_0078E450,0x78E450,sub_78E450,0x78E404,0x33E200;0x7755F4
FN_libManis_0078E5E8,0x78E5E8,sub_78E5E8,,0x7753B0;0x77578C;0x79D5DC;0x367BF0
FN_libManis_0078E73C,0x78E73C,sub_78E73C,,0x957840;0x6651FC;0x33ACE0;0x957870
FN_libManis_0078E864,0x78E864,sub_78E864,,0x781654;0x781654;0x33ACFC;0x781484;0x7814A8;0x781004;0x781004;0x780C90
FN_libManis_0078EAC4,0x78EAC4,sub_78EAC4,0x3FAE84,0x78EB10
FN_libManis_0078EB10,0x78EB10,sub_78EB10,0x78EAC4,0x33E200;0x7755F4
FN_libManis_0078ECA8,0x78ECA8,sub_78ECA8,,0x66C8DC;0x7753B0;0x77578C;0x79D5DC;0x367BF0;0x957840;0x957870
FN_libManis_0078F020,0x78F020,sub_78F020,,0x957840;0x6651FC;0x33ACE0;0x957870
FN_libManis_0078F180,0x78F180,sub_78F180,,0x781654;0x781654;0x33ACFC;0x781484;0x7814A8;0x7815C8;0x781004;0x781004;0x780EF8;0x780EF8
FN_libManis_0078F490,0x78F490,sub_78F490,0x3FAE84,0x78F4DC
FN_libManis_0078F4DC,0x78F4DC,sub_78F4DC,0x78F490,0x33E200;0x7755F4
FN_libManis_0078F674,0x78F674,sub_78F674,,0x66C8DC;0x957840;0x66C8DC;0x66C8DC;0x66C8DC;0x66C8DC;0x66C8DC;0x66C8DC;0x66C8DC;0x66C8DC
FN_libManis_0078FEDC,0x78FEDC,sub_78FEDC,,0x957840;0x6651FC;0x33ACE0;0x957870
FN_libManis_00790028,0x790028,sub_790028,,0x781654;0x781654;0x33ACFC;0x781484;0x7815C8;0x7814A8;0x781120;0x781120;0x780EF8;0x780EF8
FN_libManis_007903B4,0x7903B4,sub_7903B4,0x3FAE84,0x790400
FN_libManis_00790400,0x790400,sub_790400,0x7903B4,0x33E200;0x7755F4
FN_libManis_00790598,0x790598,sub_790598,,0x66C8DC;0x66C8DC;0x66C8DC;0x66C8DC;0x7753B0;0x77578C;0x79D5DC;0x367BF0
FN_libManis_0079084C,0x79084C,sub_79084C,,0x957840;0x6651FC;0x33ACE0;0x957870
FN_libManis_0079097C,0x79097C,sub_79097C,,0x781654;0x781654;0x33ACFC;0x781484;0x7815C8;0x7814A8;0x781004;0x781004;0x780C90
FN_libManis_00790C08,0x790C08,sub_790C08,0x3FAE84,0x790C54
FN_libManis_00790C54,0x790C54,sub_790C54,0x790C08,0x33E200;0x7755F4
FN_libManis_00790DEC,0x790DEC,sub_790DEC,,0x383DB0;0x33ACFC;0x66C8DC;0x77578C;0x7753B0;0x79D5DC;0x33AD18;0x33AEDC;0x33AD18;0x33AEDC
FN_libManis_007916F8,0x7916F8,sub_7916F8,,0x6651FC;0x33ACE0
FN_libManis_0079187C,0x79187C,sub_79187C,,0x781654;0x780CF0;0x781120;0x780C90;0x781654;0x7814A8;0x781484;0x781120;0x781120;0x780EF8
FN_libManis_00791D28,0x791D28,sub_791D28,,0x774AB8
FN_libManis_00791DC8,0x791DC8,sub_791DC8,,0x774AB8
FN_libManis_00791E6C,0x791E6C,sub_791E6C,,0x774AB8
FN_libManis_00791EB0,0x791EB0,sub_791EB0,,0x774AB8
FN_libManis_00791ED4,0x791ED4,sub_791ED4,,0x774AB8
FN_libManis_00791EF8,0x791EF8,sub_791EF8,,0x774AB8
FN_libManis_00791F5C,0x791F5C,sub_791F5C,,0x774AB8
FN_libManis_00791FE0,0x791FE0,sub_791FE0,,0x774AB8
FN_libManis_00792024,0x792024,sub_792024,,0x774AB8
FN_libManis_00792088,0x792088,sub_792088,,0x78074C
FN_libManis_00792198,0x792198,sub_792198,,0x78074C
FN_libManis_007922A0,0x7922A0,sub_7922A0,,0x78074C
FN_libManis_007923BC,0x7923BC,sub_7923BC,,0x78074C
FN_libManis_007924DC,0x7924DC,sub_7924DC,,0x78074C
FN_libManis_007925E8,0x7925E8,sub_7925E8,,0x78074C
FN_libManis_007926F4,0x7926F4,sub_7926F4,,0x78074C
FN_libManis_00792810,0x792810,sub_792810,,0x78074C
FN_libManis_00792920,0x792920,sub_792920,,0x78074C
FN_libManis_00792A28,0x792A28,sub_792A28,,0x78074C
FN_libManis_00792B30,0x792B30,sub_792B30,,0x78074C
FN_libManis_00792C38,0x792C38,sub_792C38,,0x78074C
FN_libManis_00792D50,0x792D50,sub_792D50,,0x78074C
FN_libManis_00792E60,0x792E60,sub_792E60,,0x78074C
FN_libManis_00792F30,0x792F30,sub_792F30,,0x792F80
FN_libManis_00792F80,0x792F80,sub_792F80,0x792F30,0x33E200;0x3BCF4C
FN_libManis_00793118,0x793118,sub_793118,0x7931D8,0x33ACE0;0x957870
FN_libManis_007931D8,0x7931D8,sub_7931D8,,0x793118
FN_libManis_007931FC,0x7931FC,sub_7931FC,,0x957840;0x957870;0x957840;0x793AAC;0x957870;0x957870;0x33ACE0
FN_libManis_00793350,0x793350,sub_793350,,0x796CD0;0x796DD0;0x798498;0x33AF24;0x796DD0;0x957840;0x957870;0x957840;0x957870;0x33ACE0
FN_libManis_00793648,0x793648,sub_793648,,0x957870
FN_libManis_00793708,0x793708,sub_793708,,0x33ACE0
FN_libManis_007939B4,0x7939B4,sub_7939B4,,0x957870;0x957870;0x3F62DC
FN_libManis_00793AAC,0x793AAC,sub_793AAC,0x7931FC,
FN_libManis_00793B40,0x793B40,sub_793B40,0x794228;0x794228,0x795B48;0x795B48;0x796060;0x334CEC
FN_libManis_00793E6C,0x793E6C,sub_793E6C,0x79451C,0x796074
FN_libManis_00794228,0x794228,sub_794228,,0x957840;0x7961A8;0x793B40;0x33ACFC;0x33ACFC;0x793B40;0x7962B8;0x957870;0x79451C;0x33ACE0
FN_libManis_0079451C,0x79451C,sub_79451C,0x794228,0x7961A8;0x793E6C;0x796B9C;0x957870;0x796B88;0x334CEC
FN_libManis_00794830,0x794830,sub_794830,,0x796CD0;0x796DD0;0x798498;0x33AF24;0x957840;0x79680C;0x957870;0x957870;0x796074;0x957840
FN_libManis_00794D84,0x794D84,sub_794D84,,0x957870
FN_libManis_00795988,0x795988,sub_795988,0x795B24,0x957870;0x957870
FN_libManis_00795B24,0x795B24,sub_795B24,,0x795988
FN_libManis_00795B48,0x795B48,sub_795B48,0x793B40;0x793B40,0x795E88
FN_libManis_00795E88,0x795E88,sub_795E88,0x795B48,0x334CEC
FN_libManis_00796060,0x796060,sub_796060,0x793B40,0x334CD4
FN_libManis_00796074,0x796074,sub_796074,0x793E6C;0x794830,
FN_libManis_007961A8,0x7961A8,sub_7961A8,0x794228;0x79451C,
FN_libManis_007962B8,0x7962B8,sub_7962B8,0x794228,0x796634
FN_libManis_00796634,0x796634,sub_796634,0x7962B8;0x79680C,0x334CEC
FN_libManis_0079680C,0x79680C,sub_79680C,0x794830,0x796634
FN_libManis_00796B88,0x796B88,sub_796B88,0x79451C,0x334CD4
FN_libManis_00796B9C,0x796B9C,sub_796B9C,0x79451C,
FN_libManis_00796CD0,0x796CD0,sub_796CD0,0x793350;0x794830,
FN_libManis_00796DD0,0x796DD0,sub_796DD0,0x793350;0x793350;0x794830;0x794830,
FN_libManis_00796FF8,0x796FF8,sub_796FF8,0x793350;0x794830,0x33ACE0;0x7972E4;0x33ACFC
FN_libManis_007972E4,0x7972E4,sub_7972E4,0x796FF8,0x4DA7F8
FN_libManis_00798324,0x798324,sub_798324,0x793350;0x794830,
FN_libManis_00798498,0x798498,sub_798498,0x793350;0x794830,
FN_libManis_00798510,0x798510,sub_798510,0x79E870,0x957840
FN_libManis_00798604,0x798604,sub_798604,0x7A4324,0x7753B0;0x7753B0;0x7753B0;0x7753B0;0x7753B0;0x7753B0;0x957870
FN_libManis_007986F4,0x7986F4,sub_7986F4,0x7986F4;0x799790,0x33ACFC;0x7986F4;0x33ACFC
FN_libManis_00798AFC,0x798AFC,sub_798AFC,,0x957840;0x33ACFC;0x66C8DC;0x66C8DC;0x79D5DC;0x33AF24;0x367BF0;0x775160;0x775160;0x775160
FN_libManis_00799790,0x799790,sub_799790,0x7A3B58,0x7986F4;0x7999BC;0x33AF24;0x33ACE0;0x33AD30;0x33ACFC
FN_libManis_007999BC,0x7999BC,sub_7999BC,0x799790,0x957840;0x33ACFC;0x66C8DC;0x66C8DC;0x66C8DC;0x79D5DC;0x33AF24;0x367BF0;0x775160;0x775160
FN_libManis_0079A708,0x79A708,sub_79A708,0x79B544;0x79B7EC,
FN_libManis_0079A830,0x79A830,sub_79A830,0x79B544,0x957840;0x33ACFC;0x79D5DC;0x33AF24;0x367BF0;0x775160;0x775160;0x775160;0x775160;0x79DF80
FN_libManis_0079AF2C,0x79AF2C,sub_79AF2C,0x79B7EC,0x957840;0x33ACFC;0x79D5DC;0x33AF24;0x367BF0;0x775160;0x775160;0x79DF80;0x33ACE0;0x957870
FN_libManis_0079B544,0x79B544,sub_79B544,0x7A03E0,0x79A708;0x3BF730;0x3C1498;0x957870;0x79A830;0x33ACFC
FN_libManis_0079B7EC,0x79B7EC,sub_79B7EC,0x7A03E0,0x79A708;0x79AF2C;0x33AF24;0x3C2554;0x3BF730;0x3C1498;0x957870;0x33ACE0;0x33AD30;0x33ACFC
FN_libManis_0079BA98,0x79BA98,sub_79BA98,,0x79BC98;0x957840;0x957870
FN_libManis_0079BB64,0x79BB64,sub_79BB64,,0x79BC98;0x79BC98;0x957840;0x957870
FN_libManis_0079BC98,0x79BC98,sub_79BC98,0x79BA98;0x79BB64;0x79BB64;0x79C224,0x3DA760;0x6E286C;0x6E2A34;0x6E286C;0x6E2A34;0x6E286C;0x6E2A34;0x3DAD1C;0x3DAEC4;0x6E286C
FN_libManis_0079C044,0x79C044,sub_79C044,,0x8E8868;0x8E8868;0x8E8868;0x8E8868;0x8E8868;0x8E8868
FN_libManis_0079C224,0x79C224,sub_79C224,,0x79BC98;0x3DB3C4;0x957840;0x957870
FN_libManis_0079C340,0x79C340,sub_79C340,,0x3DEF44;0x3DDAF0;0x3DDC9C
FN_libManis_0079C440,0x79C440,sub_79C440,0x79E870,0x7A449C
FN_libManis_0079C494,0x79C494,sub_79C494,0x7A42C4,0x957870
FN_libManis_0079C52C,0x79C52C,sub_79C52C,0x79F0B4,0x957840;0x957870;0x7A47D8;0x33AF24;0x957840;0x7A4E50;0x33ACFC;0x33ACFC;0x7A47D8;0x33AF24
FN_libManis_0079D0D8,0x79D0D8,sub_79D0D8,0x79D5DC;0x7A03E0,0x3585C4;0x33ACFC
FN_libManis_0079D5DC,0x79D5DC,sub_79D5DC,0x770AB4;0x771B10;0x7725C8;0x772E4C;0x772E4C;0x7735D8;0x773C1C;0x774284;0x7763A0;0x7781F4,0x79D0D8;0x33AEDC;0x33AEFC;0x33B970;0x33B970;0x7A619C;0x33AF24;0x79DD9C;0x33ACE0;0x33AD30
FN_libManis_0079DD9C,0x79DD9C,sub_79DD9C,0x79D5DC,0x79E020;0x334CC0
FN_libManis_0079DF80,0x79DF80,sub_79DF80,0x780B74;0x780C90;0x7815E4;0x78B6E0;0x78B6E0;0x798AFC;0x7999BC;0x79A830;0x79AF2C,0x7A4E50
FN_libManis_0079E020,0x79E020,sub_79E020,0x79DD9C,0x34E5B8;0x79E468
FN_libManis_0079E468,0x79E468,sub_79E468,0x79E020;0x7AA33C;0x7AA33C;0x7B4C64,0x334CEC
FN_libManis_0079E640,0x79E640,sub_79E640,0x3FAA64,0x79E68C
FN_libManis_0079E68C,0x79E68C,sub_79E68C,0x79E640;0x79E68C,0x33E200;0x45A994;0x79E68C
FN_libManis_0079E870,0x79E870,sub_79E870,0x7A4200,0x79C440;0x957870;0x957840;0x798510;0x957870;0x957870
FN_libManis_0079EA88,0x79EA88,sub_79EA88,,0x957870;0x957870
FN_libManis_0079EB24,0x79EB24,sub_79EB24,,0x957870;0x957870;0x3F4630;0x3F4630
FN_libManis_0079EBD0,0x79EBD0,sub_79EBD0,,0x3EC9C4;0x33AD18;0x33AEDC;0x33AEFC;0x33B970;0x33B970;0x33AD30
FN_libManis_0079F0B4,0x79F0B4,sub_79F0B4,,0x957840;0x79C52C;0x957870;0x33AD18;0x33AEDC;0x33AEFC;0x33B970;0x33B970;0x957840;0x957840
FN_libManis_007A023C,0x7A023C,sub_7A023C,0x79F0B4,0x35DA78
FN_libManis_007A03E0,0x7A03E0,sub_7A03E0,,0x79D0D8;0x33AEDC;0x33AEFC;0x33B970;0x33B970;0x33ACE0;0x3F131C;0x957870;0x33AEDC;0x33AEFC
FN_libManis_007A35CC,0x7A35CC,sub_7A35CC,0x7A03E0,0x3F940C;0x3F97D0;0x33AEDC;0x33AEFC;0x33B970;0x33B970;0x33ACFC
FN_libManis_007A3B58,0x7A3B58,sub_7A3B58,0x76F954;0x7703CC;0x7A03E0,0x3EBCCC;0x3F97D0;0x33AEDC;0x33AEFC;0x33B970;0x33B970;0x33ACFC;0x799790;0x33AF24;0x33ACE0
FN_libManis_007A4200,0x7A4200,sub_7A4200,,0x79E870
FN_libManis_007A42C4,0x7A42C4,sub_7A42C4,,0x79C494
FN_libManis_007A4324,0x7A4324,sub_7A4324,,0x798604
FN_libManis_007A4360,0x7A4360,sub_7A4360,,0x33ACE0;0x33ACFC
FN_libManis_007A446C,0x7A446C,sub_7A446C,,0x7A453C
FN_libManis_007A449C,0x7A449C,sub_7A449C,0x79C440,
FN_libManis_007A453C,0x7A453C,sub_7A453C,0x7A446C,0x33BD20;0x33BD20
FN_libManis_007A47D8,0x7A47D8,sub_7A47D8,0x79C52C;0x79C52C,0x7A484C
FN_libManis_007A484C,0x7A484C,sub_7A484C,0x7A47D8;0x7A619C;0x7A731C,0x7A4EC4;0x33AF24;0x7A5838;0x33AD30;0x33ACFC;0x358410;0x34E4AC;0x7A77A0;0x7A857C;0x7A7E40
FN_libManis_007A4E50,0x7A4E50,sub_7A4E50,0x78074C;0x7809F0;0x79C52C;0x79C52C;0x79DF80,0x338E1C
FN_libManis_007A4EC4,0x7A4EC4,sub_7A4EC4,0x7A484C,0x3BDD3C;0x3BDD3C;0x3BDD3C;0x33ACE0;0x343DA4;0x33ACFC
FN_libManis_007A5838,0x7A5838,sub_7A5838,0x7A484C,0x334CC0
FN_libManis_007A6058,0x7A6058,sub_7A6058,0x7A619C,
FN_libManis_007A619C,0x7A619C,sub_7A619C,0x79D5DC,0x7A484C;0x33AF24;0x33AD30;0x7A8320;0x33ACE0;0x7A8320;0x7A8440;0x7A6058;0x7A7050;0x3CBCC8
FN_libManis_007A7050,0x7A7050,sub_7A7050,0x7A619C,0x334CC0
FN_libManis_007A731C,0x7A731C,sub_7A731C,0x79C52C,0x7A484C;0x33AF24;0x33AD30;0x3CBCC8;0x33ACE0;0x33ACFC;0x334CC0
FN_libManis_007A77A0,0x7A77A0,sub_7A77A0,0x7A484C,0x33E200;0x7A7948
FN_libManis_007A7948,0x7A7948,sub_7A7948,0x7A77A0,0x7A7A50;0x338E1C;0x33E200
FN_libManis_007A7A50,0x7A7A50,sub_7A7A50,0x7A7948,
FN_libManis_007A7E40,0x7A7E40,sub_7A7E40,0x7A484C,0x373394;0x7A8078;0x70EC50;0x70EC50;0x7A8180
FN_libManis_007A8078,0x7A8078,sub_7A8078,0x7A7E40,0x33E200
FN_libManis_007A8180,0x7A8180,sub_7A8180,0x7A7E40,0x338E1C;0x33E200;0x3734B4
FN_libManis_007A8320,0x7A8320,sub_7A8320,0x7A619C;0x7A619C,
FN_libManis_007A8440,0x7A8440,sub_7A8440,0x7A619C,
FN_libManis_007A857C,0x7A857C,sub_7A857C,0x7A484C,
FN_libManis_007A8644,0x7A8644,sub_7A8644,,0x957870;0x338E1C;0x70E6FC;0x70EC50
FN_libManis_007A989C,0x7A989C,sub_7A989C,,0x3DA760;0x957840;0x957870
FN_libManis_007A9980,0x7A9980,sub_7A9980,,0x8CF6A4;0x8CFE4C;0x8E8868;0x8E8868;0x8E8868;0x8E8868
FN_libManis_007A9F7C,0x7A9F7C,sub_7A9F7C,,0x3DA760;0x3DB3C4;0x957840;0x957870
FN_libManis_007AA058,0x7AA058,sub_7AA058,,0x3DEF44;0x3DDAF0;0x3DDC9C
FN_libManis_007AA158,0x7AA158,sub_7AA158,0x3FAA64,0x7AA1A4
FN_libManis_007AA1A4,0x7AA1A4,sub_7AA1A4,0x7AA158,0x33E200;0x45A994
FN_libManis_007AA33C,0x7AA33C,sub_7AA33C,,0x957840;0x957870;0x957840;0x957840;0x957870;0x33ACFC;0x823C44;0x33AEDC;0x33AEFC;0x33B970
FN_libManis_007ADB24,0x7ADB24,sub_7ADB24,0x7B04D0;0x7B04D0;0x7B04D0;0x7B320C;0x7B320C;0x7BBD6C;0x7C7714;0x7C7714;0x80CD24;0x816C34,0x334CC0
FN_libManis_007ADBBC,0x7ADBBC,sub_7ADBBC,0x7AA33C;0x7AA33C;0x828288;0x828288;0x8B39C0;0x8B39C0,0x33E200;0x35D900;0x35DA20
FN_libManis_007ADD50,0x7ADD50,sub_7ADD50,0x7AA33C;0x7B457C,0x7B45A0;0x7B4638;0x957870;0x367C40;0x957870;0x957870
FN_libManis_007ADFB8,0x7ADFB8,sub_7ADFB8,,0x775160;0x368358;0x3F131C;0x957870;0x33AEDC;0x368358;0x7B04D0;0x33AEDC;0x7B50D4;0x33ACFC
FN_libManis_007B04D0,0x7B04D0,sub_7B04D0,0x7ADFB8,0x957840;0x338E1C;0x7B4870;0x825C84;0x825E24;0x33ACFC;0x7BB9A8;0x825BC4;0x825CFC;0x3F283C
FN_libManis_007B2450,0x7B2450,sub_7B2450,0x7ADFB8,0x957840;0x338E1C;0x7B4870;0x825C84;0x3F283C;0x957840;0x3F97D0;0x33AEDC;0x33AEFC;0x33B970
FN_libManis_007B320C,0x7B320C,sub_7B320C,0x7ADFB8,0x957840;0x33ACFC;0x3481E0;0x3F8E7C;0x3F8E7C;0x3F8E7C;0x3F8E7C;0x3F97D0;0x33AEDC;0x33AEFC
FN_libManis_007B422C,0x7B422C,sub_7B422C,0x7B04D0;0x7B04D0;0x7CAC8C;0x896AF8;0x896AF8,
FN_libManis_007B438C,0x7B438C,sub_7B438C,0x7B443C,0x367C40;0x7B85F4;0x7B4638;0x957870
FN_libManis_007B443C,0x7B443C,sub_7B443C,,0x7B438C
FN_libManis_007B4468,0x7B4468,sub_7B4468,0x7AA33C;0x7AA33C,
FN_libManis_007B457C,0x7B457C,sub_7B457C,,0x7ADD50
FN_libManis_007B45A0,0x7B45A0,sub_7B45A0,0x7ADD50;0x7B4638,
FN_libManis_007B4638,0x7B4638,sub_7B4638,0x7ADD50;0x7B438C;0x7BBADC;0x7BBD6C;0x7C1DE4,0x957870;0x957870;0x957870;0x7B45A0;0x7BAEA8
FN_libManis_007B4870,0x7B4870,sub_7B4870,0x7B04D0;0x7B2450;0x7C5ED0;0x7C5ED0;0x7DF62C;0x7E36B4;0x7EF080;0x7F0304;0x7F4BEC;0x7F9844,0x34E5B8
FN_libManis_007B4C48,0x7B4C48,sub_7B4C48,,0x35DA78
FN_libManis_007B4C64,0x7B4C64,sub_7B4C64,0x7AA33C;0x7AA33C;0x7C260C,0x34E5B8;0x338E1C;0x79E468
FN_libManis_007B50D4,0x7B50D4,sub_7B50D4,0x7ADFB8;0x7ADFB8,0x7B5420
FN_libManis_007B5420,0x7B5420,sub_7B5420,0x7B50D4,0x334CEC
FN_libManis_007B55F8,0x7B55F8,sub_7B55F8,0x7B04D0;0x8A02F8;0x8A28B8,0x33BD20;0x33BD20;0x33BD20;0x33BD20;0x33BD20
FN_libManis_007B57D8,0x7B57D8,sub_7B57D8,0x8DD43C,0x7B5C68;0x33AF24;0x33B970;0x33B970
FN_libManis_007B5C68,0x7B5C68,sub_7B5C68,0x7B57D8;0x7B6200,0x823C44;0x33AF24;0x957840;0x7B64A8;0x957870;0x33AF24;0x7B6200;0x33BD20;0x33BD20;0x33BD20
FN_libManis_007B611C,0x7B611C,sub_7B611C,,0x33AD18;0x33ACE0
FN_libManis_007B6200,0x7B6200,sub_7B6200,0x7B5C68;0x7B5C68,0x33BD20;0x33BD20;0x7B5C68
FN_libManis_007B64A8,0x7B64A8,sub_7B64A8,0x7B5C68;0x7C0C90;0x7C5ED0,0x367E58;0x33ACFC;0x33ACE0
FN_libManis_007B6984,0x7B6984,sub_7B6984,0x7AA33C,0x367E58;0x367E58;0x33ACFC;0x7BAF28;0x825D64;0x33ACFC;0x957840;0x957840;0x957870;0x7BAF28
FN_libManis_007B836C,0x7B836C,sub_7B836C,0x7B6984,0x7B85F4
FN_libManis_007B83B0,0x7B83B0,sub_7B83B0,0x7B6984,0x7B85F4
FN_libManis_007B83EC,0x7B83EC,sub_7B83EC,0x7B6984,0x957840;0x957840;0x957870
FN_libManis_007B84D4,0x7B84D4,sub_7B84D4,0x7C0C90;0x7C2D1C;0x7CC63C,0x3574D4;0x338E1C
FN_libManis_007B8564,0x7B8564,sub_7B8564,0x7C0C90;0x7C505C;0x7CC63C,0x3574D4;0x338E1C
FN_libManis_007B85F4,0x7B85F4,sub_7B85F4,0x7B438C;0x7B6984;0x7B836C;0x7B83B0,0x957870;0x957870;0x957870
FN_libManis_007B879C,0x7B879C,sub_7B879C,0x7ADFB8,0x367E58;0x7BA26C;0x33AEDC;0x7BB810;0x7BA768;0x33AEDC;0x367E58;0x7BB810;0x33ACFC;0x33AEFC
FN_libManis_007BA26C,0x7BA26C,sub_7BA26C,0x7B879C,0x367E58;0x33ACFC
FN_libManis_007BA768,0x7BA768,sub_7BA768,0x7B879C,0x367E58;0x33ACFC
FN_libManis_007BAC64,0x7BAC64,sub_7BAC64,0x7C953C,0x957840
FN_libManis_007BACE0,0x7BACE0,sub_7BACE0,,0x3734B4
FN_libManis_007BAEA8,0x7BAEA8,sub_7BAEA8,0x7B4638;0x7C953C;0x7C953C;0x7D921C,0x957870
FN_libManis_007BAF28,0x7BAF28,sub_7BAF28,0x7B6984;0x7B6984;0x7C505C;0x7CAA28;0x7CAC8C;0x7D4E7C,0x34E5B8
FN_libManis_007BB178,0x7BB178,sub_7BB178,0x7CA4AC;0x7CC568,0x34E5B8;0x338E1C;0x825C84;0x7BB638
FN_libManis_007BB638,0x7BB638,sub_7BB638,0x7BB178,0x334CEC
FN_libManis_007BB810,0x7BB810,sub_7BB810,0x7B879C;0x7B879C;0x816C34;0x816C34;0x82D730;0x82D730;0x87D634;0x87D634;0x8AA8EC;0x8B7D54,0x33BD20;0x33BD20
FN_libManis_007BB9A8,0x7BB9A8,sub_7BB9A8,0x7B04D0;0x7B04D0;0x7B04D0;0x7DACDC;0x7E008C;0x7E36B4;0x7E4364;0x7E9E94;0x7EF080;0x7F0304,0x36BB30
FN_libManis_007BBADC,0x7BBADC,sub_7BBADC,0x7AA33C,0x957840;0x957840;0x957840;0x7B4638;0x7D7094;0x3D66E0
FN_libManis_007BBD6C,0x7BBD6C,sub_7BBD6C,0x7AA33C,0x7C0C90;0x7B4638;0x33ACE0;0x33ACFC;0x957840;0x7C1E20;0x33AEDC;0x33AEFC;0x33B970;0x33B970
FN_libManis_007C0C90,0x7C0C90,sub_7C0C90,0x7BBD6C,0x957840;0x7B64A8;0x957870;0x33AEDC;0x33AEDC;0x39C100;0x33AEDC;0x7D1594;0x7C1DE4;0x957840
FN_libManis_007C1DE4,0x7C1DE4,sub_7C1DE4,0x7BBD6C;0x7C0C90;0x7CC63C,0x7B4638
FN_libManis_007C1E20,0x7C1E20,sub_7C1E20,0x7BBD6C,0x957840;0x824260;0x33AEDC;0x33AEFC;0x33B970;0x33B970;0x33ACFC;0x957870;0x33ACE0;0x957870
FN_libManis_007C260C,0x7C260C,sub_7C260C,0x7BBD6C,0x7B4C64;0x7C758C;0x957870
FN_libManis_007C2770,0x7C2770,sub_7C2770,0x7BBD6C,0x7D7A04;0x7C7714;0x33AEDC;0x33AEFC;0x33B970;0x33B970
FN_libManis_007C2D1C,0x7C2D1C,sub_7C2D1C,0x7BBD6C,0x338E1C;0x825BC4;0x338E1C;0x38D6E0;0x825BC4;0x825CFC;0x7CA4AC;0x33AEDC;0x33AEFC;0x33B970
FN_libManis_007C4660,0x7C4660,sub_7C4660,0x7BBD6C,0x7C758C;0x33AEDC;0x33AEFC;0x33B970;0x33B970;0x338E1C;0x7D7C54;0x33ACFC;0x957870;0x33ACE0
FN_libManis_007C505C,0x7C505C,sub_7C505C,0x7BBD6C,0x338E1C;0x338E1C;0x38D6E0;0x338E1C;0x7CAA28;0x33AEDC;0x33AEFC;0x33B970;0x338E1C;0x7CAC8C
FN_libManis_007C5DE4,0x7C5DE4,sub_7C5DE4,0x7BBD6C,0x957840;0x957870
FN_libManis_007C5E80,0x7C5E80,sub_7C5E80,0x7BBD6C,0x957870
FN_libManis_007C5ED0,0x7C5ED0,sub_7C5ED0,0x7BBD6C,0x957840;0x7B64A8;0x957870;0x33AEDC;0x338E1C;0x7B4870;0x825C84;0x36D5A0;0x338E1C;0x7B4870
FN_libManis_007C753C,0x7C753C,sub_7C753C,0x7C0C90,0x957870
FN_libManis_007C758C,0x7C758C,sub_7C758C,0x7C260C;0x7C4660,0x35DA78
FN_libManis_007C7714,0x7C7714,sub_7C7714,0x7C2770;0x7D9A60;0x7E12A0;0x7E12A0;0x7E4364;0x7E4364;0x7E9E94;0x7E9E94;0x7F21FC;0x7F21FC,0x3F8E7C;0x3F8E7C;0x3F8E7C;0x3F8E7C;0x33ACFC;0x348310;0x36BB30;0x825BC4;0x3F8650;0x3F8C90
FN_libManis_007C953C,0x7C953C,sub_7C953C,0x7C7714;0x7C7714;0x7CAC8C;0x7D4E7C;0x80978C;0x80978C;0x80978C;0x80CD24;0x811A68;0x816C34,0x7CA4AC;0x33AEDC;0x33AEFC;0x33B970;0x33B970;0x825D64;0x957840;0x7BAC64;0x957870;0x367E58
FN_libManis_007CA460,0x7CA460,sub_7CA460,0x7CC63C;0x7DACDC;0x7E12A0;0x7E12A0;0x7E12A0;0x7E12A0;0x7E4364;0x7E9E94;0x7F21FC;0x7FAB18,
FN_libManis_007CA4AC,0x7CA4AC,sub_7CA4AC,0x7C2D1C;0x7C2D1C;0x7C953C;0x7CC63C;0x7CC63C;0x7CC63C;0x7D3FC8,0x7CBBF4;0x33AEDC;0x33AEFC;0x33B970;0x33B970;0x7D85A0;0x7BB178;0x7D8BE8;0x3CBE64;0x33ACE0
FN_libManis_007CAA28,0x7CAA28,sub_7CAA28,0x7C2D1C;0x7C505C,0x7D7E20;0x7BAF28;0x825BC4;0x338E1C;0x338E1C;0x825C84;0x825C84;0x7D3FC8;0x358C58
FN_libManis_007CAC8C,0x7CAC8C,sub_7CAC8C,0x7C2D1C;0x7C505C;0x7D4E7C;0x7D4E7C;0x7FAB18;0x7FAB18;0x7FAB18;0x805174;0x81D48C;0x81D48C,0x7D93F4;0x7D7E20;0x825BC4;0x7B422C;0x7D4D1C;0x7D9644;0x33ACFC;0x7C953C;0x33AEDC;0x33AEFC
FN_libManis_007CBBF4,0x7CBBF4,sub_7CBBF4,0x7CA4AC;0x7D1808;0x7D21F8;0x7D2BE8;0x7D35D8,0x367E58;0x33ACFC;0x367E58
FN_libManis_007CC568,0x7CC568,sub_7CC568,0x820DD8,0x7D85A0;0x7BB178;0x7D8BE8;0x3CBE64
FN_libManis_007CC63C,0x7CC63C,sub_7CC63C,0x7AA33C,0x957840;0x367E58;0x33ACFC;0x957840;0x957840;0x957870;0x957870;0x338E1C;0x825BC4;0x7B84D4
FN_libManis_007D14A8,0x7D14A8,sub_7D14A8,0x7CC63C,0x957840;0x957870
FN_libManis_007D1544,0x7D1544,sub_7D1544,0x7CC63C,0x957870
FN_libManis_007D1594,0x7D1594,sub_7D1594,0x7C0C90,
FN_libManis_007D1608,0x7D1608,sub_7D1608,0x7C0C90,0x957840;0x957870
FN_libManis_007D16A4,0x7D16A4,sub_7D16A4,0x7C0C90,0x957870
FN_libManis_007D16F4,0x7D16F4,sub_7D16F4,0x7C0C90,0x957840;0x957870
FN_libManis_007D1790,0x7D1790,sub_7D1790,0x7C0C90,0x957870
FN_libManis_007D17E0,0x7D17E0,sub_7D17E0,0x7E120C;0x7E42D0;0x7E9E00;0x7F2168;0x8064A0;0x80CC90;0x8145A0;0x8145A0,0x7D7A04
FN_libManis_007D1808,0x7D1808,sub_7D1808,0x7DF00C,0x825BC4;0x7CBBF4;0x33AEDC;0x33AEFC;0x33B970;0x33B970;0x367E58;0x33ACFC;0x33ACE0
FN_libManis_007D21F8,0x7D21F8,sub_7D21F8,0x7DE9EC;0x7FF544,0x825BC4;0x7CBBF4;0x33AEDC;0x33AEFC;0x33B970;0x33B970;0x367E58;0x33ACFC;0x33ACE0
FN_libManis_007D2BE8,0x7D2BE8,sub_7D2BE8,0x7F147C,0x825BC4;0x7CBBF4;0x33AEDC;0x33AEFC;0x33B970;0x33B970;0x367E58;0x33ACFC;0x33ACE0
FN_libManis_007D35D8,0x7D35D8,sub_7D35D8,0x7F0E60,0x825BC4;0x7CBBF4;0x33AEDC;0x33AEFC;0x33B970;0x33B970;0x367E58;0x33ACFC;0x33ACE0
FN_libManis_007D3FC8,0x7D3FC8,sub_7D3FC8,0x7CAA28;0x7CAC8C;0x7D4E7C;0x7DACDC;0x7E008C;0x7E12A0;0x7E12A0;0x7E36B4;0x7E4364;0x7E9E94,0x7CA4AC;0x33AEDC;0x33AEFC;0x33B970;0x33B970;0x367E58;0x33ACFC;0x33ACE0;0x36BB30;0x334CEC
FN_libManis_007D4D1C,0x7D4D1C,sub_7D4D1C,0x7CAC8C,
FN_libManis_007D4E7C,0x7D4E7C,sub_7D4E7C,0x7F1D58;0x814190;0x8211AC;0x82382C,0x33ACFC;0x38D6E0;0x38D6E0;0x338E1C;0x338E1C;0x7CAC8C;0x33AEDC;0x33AEFC;0x33B970;0x33B970
FN_libManis_007D7024,0x7D7024,sub_7D7024,0x7D7028;0x7D7028,
FN_libManis_007D7028,0x7D7028,sub_7D7028,,0x7D7024;0x7D7024
FN_libManis_007D7094,0x7D7094,sub_7D7094,0x7BBADC;0x8B7864,0x7D71B8;0x338E1C;0x957840;0x33E200
FN_libManis_007D71B8,0x7D71B8,sub_7D71B8,0x7D7094,
FN_libManis_007D75A8,0x7D75A8,sub_7D75A8,,0x957870
FN_libManis_007D7614,0x7D7614,sub_7D7614,,0x957870
FN_libManis_007D7690,0x7D7690,sub_7D7690,,0x957870
FN_libManis_007D76F4,0x7D76F4,sub_7D76F4,,0x957870
FN_libManis_007D7760,0x7D7760,sub_7D7760,,0x957870
FN_libManis_007D77DC,0x7D77DC,sub_7D77DC,,0x957870
FN_libManis_007D786C,0x7D786C,sub_7D786C,0x7C7714,0x33BD20;0x33BD20
FN_libManis_007D7A04,0x7D7A04,sub_7D7A04,0x7C2770;0x7D17E0,0x34E5B8
FN_libManis_007D7C54,0x7D7C54,sub_7D7C54,0x7C4660;0x891430,0x33BD20;0x33BD20;0x33BD20;0x33BD20
FN_libManis_007D7E20,0x7D7E20,sub_7D7E20,0x7C505C;0x7CAA28;0x7CAC8C;0x7CAC8C;0x7D4E7C;0x7D4E7C;0x843CB8,0x34E5B8
FN_libManis_007D8070,0x7D8070,sub_7D8070,,0x957870
FN_libManis_007D80DC,0x7D80DC,sub_7D80DC,,0x957870
FN_libManis_007D8158,0x7D8158,sub_7D8158,,0x957870
FN_libManis_007D81BC,0x7D81BC,sub_7D81BC,,0x957870
FN_libManis_007D8228,0x7D8228,sub_7D8228,,0x957870
FN_libManis_007D82A4,0x7D82A4,sub_7D82A4,,0x957870
FN_libManis_007D8308,0x7D8308,sub_7D8308,,0x957870
FN_libManis_007D8374,0x7D8374,sub_7D8374,,0x957870
FN_libManis_007D83F0,0x7D83F0,sub_7D83F0,,0x957870
FN_libManis_007D8454,0x7D8454,sub_7D8454,,0x957870
FN_libManis_007D84C0,0x7D84C0,sub_7D84C0,,0x957870
FN_libManis_007D853C,0x7D853C,sub_7D853C,,0x957870
FN_libManis_007D85A0,0x7D85A0,sub_7D85A0,0x7CA4AC;0x7CC568;0x843CB8,0x34E5B8;0x338E1C;0x7D8A10
FN_libManis_007D8A10,0x7D8A10,sub_7D8A10,0x7D85A0;0x845C38;0x887078,0x334CEC
FN_libManis_007D8BE8,0x7D8BE8,sub_7D8BE8,0x7CA4AC;0x7CC568;0x890D88;0x8910DC;0x8930EC,0x34E5B8;0x338E1C;0x7D9044
FN_libManis_007D9044,0x7D9044,sub_7D9044,0x7D8BE8,0x334CEC
FN_libManis_007D921C,0x7D921C,sub_7D921C,0x7C953C,0x7BAEA8;0x7D93CC;0x334CEC
FN_libManis_007D93CC,0x7D93CC,sub_7D93CC,0x7D921C,0x334CD4
FN_libManis_007D93E0,0x7D93E0,sub_7D93E0,0x7D3FC8,0x334CD4
FN_libManis_007D93F4,0x7D93F4,sub_7D93F4,0x7CAC8C;0x896AF8,0x34E5B8
FN_libManis_007D9644,0x7D9644,sub_7D9644,0x7CAC8C,0x33BD20;0x33BD20;0x33BD20;0x33BD20;0x33BD20
FN_libManis_007D987C,0x7D987C,sub_7D987C,0x7DACDC;0x7E008C;0x7E4364;0x7E9E94;0x7F21FC;0x7FFE28;0x803DC8,0x7D9960;0x36BED4
FN_libManis_007D9960,0x7D9960,sub_7D9960,0x7D987C,
FN_libManis_007D9A60,0x7D9A60,sub_7D9A60,0x7FAB18,0x3F8E7C;0x3F8E7C;0x3F8650;0x3F8CD8;0x3F8CD8;0x3F97D0;0x33AEDC;0x33AEFC;0x33B970;0x33B970
FN_libManis_007DA980,0x7DA980,sub_7DA980,0x7D9A60,0x33BD20;0x33BD20;0x33BD20
FN_libManis_007DAB2C,0x7DAB2C,sub_7DAB2C,0x7D9A60,0x33BD20;0x33BD20;0x33BD20
FN_libManis_007DACDC,0x7DACDC,sub_7DACDC,,0x7D987C;0x7DFA24;0x7DFA24;0x33ACFC;0x3F8E7C;0x3F8E7C;0x3F8E7C;0x3F8E7C;0x7DFBAC;0x7DE9EC
FN_libManis_007DE9EC,0x7DE9EC,sub_7DE9EC,0x7DACDC;0x7DACDC;0x7DACDC;0x7DACDC;0x7DACDC;0x7DACDC;0x7DACDC;0x7DACDC;0x7DACDC;0x7E008C,0x7D21F8;0x33AEDC;0x33AEFC;0x33B970;0x33B970;0x33ACE0;0x36BB30;0x334CEC
FN_libManis_007DF00C,0x7DF00C,sub_7DF00C,0x7DACDC;0x7E4364;0x7E9E94;0x7EF080;0x7FAB18;0x7FAB18;0x7FFE28;0x81466C;0x81466C;0x81466C,0x7D1808;0x33AEDC;0x33AEFC;0x33B970;0x33B970;0x33ACE0;0x36BB30;0x334CEC
FN_libManis_007DF62C,0x7DF62C,sub_7DF62C,0x7DACDC;0x7E12A0;0x7E12A0;0x7E4364;0x7E9E94;0x7F21FC;0x7FFE28;0x806534;0x816C34,0x7B4870;0x358C58
FN_libManis_007DF654,0x7DF654,sub_7DF654,0x7DACDC;0x7E12A0;0x7E12A0;0x7E4364;0x7E9E94;0x7F21FC;0x7FAB18;0x7FFE28;0x806534;0x816C34,0x338E1C;0x357680
FN_libManis_007DF708,0x7DF708,sub_7DF708,0x7DACDC;0x7E12A0;0x7E12A0;0x7E4364;0x7E9E94;0x7F21FC;0x7FAB18;0x7FFE28;0x806534;0x816C34,0x825C84;0x7DFDFC
FN_libManis_007DF79C,0x7DF79C,sub_7DF79C,0x7DACDC;0x7E12A0;0x7E12A0;0x7E4364;0x7E9E94;0x7F21FC;0x7FAB18;0x7FFE28;0x806534;0x816C34,
FN_libManis_007DF83C,0x7DF83C,sub_7DF83C,0x3FA730,0x7DF888
FN_libManis_007DF888,0x7DF888,sub_7DF888,0x7DF83C,0x33E200;0x7DFEF0
FN_libManis_007DFA24,0x7DFA24,sub_7DFA24,0x7DACDC;0x7DACDC;0x7E4364;0x7E9E94;0x7FFE28;0x7FFE28;0x813378,0x33BD20;0x33BD20
FN_libManis_007DFBAC,0x7DFBAC,sub_7DFBAC,0x7DACDC;0x7E008C;0x7E008C;0x7E31A4;0x7E36B4;0x7E4364;0x7E4364;0x7E4364;0x7E9E94;0x7E9E94,0x34E5B8
FN_libManis_007DFDFC,0x7DFDFC,sub_7DFDFC,0x7DF708,0x334CD4
FN_libManis_007DFEF0,0x7DFEF0,sub_7DFEF0,0x7DF888;0x7E0E10;0x7E32D0;0x7E405C;0x7E9B8C;0x7EEE08;0x7F008C;0x7F1AE0;0x7F1EF4;0x7F4808,
FN_libManis_007E008C,0x7E008C,sub_7E008C,,0x7DFBAC;0x7DFBAC;0x7D987C;0x7DE9EC;0x33AEDC;0x33AEFC;0x33B970;0x33B970;0x7BB9A8;0x825BC4
FN_libManis_007E0DC4,0x7E0DC4,sub_7E0DC4,0x3FA730,0x7E0E10
FN_libManis_007E0E10,0x7E0E10,sub_7E0E10,0x7E0DC4,0x33E200;0x7DFEF0
FN_libManis_007E0FAC,0x7E0FAC,sub_7E0FAC,0x7E008C;0x803DC8;0x823210;0x848160;0x862828;0x862D98;0x8728B4;0x89DDD4,0x33BD20;0x33BD20
FN_libManis_007E120C,0x7E120C,sub_7E120C,,0x7D17E0
FN_libManis_007E12A0,0x7E12A0,sub_7E12A0,,0x3F90F4;0x7E346C;0x33ACFC;0x3F90F4;0x7E31A4;0x7E3028;0x7E31CC;0x3F8C90;0x3F8C90;0x38371C
FN_libManis_007E3028,0x7E3028,sub_7E3028,0x7E12A0;0x7E12A0;0x7E12A0;0x7E12A0;0x806534;0x806534;0x816C34;0x816C34;0x816C34;0x816C34,0x36BB30;0x334CEC
FN_libManis_007E31A4,0x7E31A4,sub_7E31A4,0x7E12A0;0x7E12A0;0x7E12A0;0x7E12A0;0x806534;0x806534;0x816C34;0x816C34;0x816C34;0x816C34,0x7DFBAC;0x358C58
FN_libManis_007E31CC,0x7E31CC,sub_7E31CC,0x7E12A0,0x348310
FN_libManis_007E3284,0x7E3284,sub_7E3284,0x3FA730,0x7E32D0
FN_libManis_007E32D0,0x7E32D0,sub_7E32D0,0x7E3284,0x33E200;0x7DFEF0
FN_libManis_007E346C,0x7E346C,sub_7E346C,0x7E12A0;0x83574C;0x839690;0x83E7A4;0x83E7A4,0x33BD20
FN_libManis_007E36B4,0x7E36B4,sub_7E36B4,,0x347290;0x338E1C;0x7DFBAC;0x7DE9EC;0x33AEDC;0x33AEFC;0x33B970;0x33B970;0x7B4870;0x7BB9A8
FN_libManis_007E4010,0x7E4010,sub_7E4010,0x3FA730,0x7E405C
FN_libManis_007E405C,0x7E405C,sub_7E405C,0x7E4010,0x33E200;0x7DFEF0
FN_libManis_007E42D0,0x7E42D0,sub_7E42D0,,0x7D17E0
FN_libManis_007E4364,0x7E4364,sub_7E4364,,0x7D987C;0x7DFA24;0x33ACFC;0x3F8E7C;0x3F8E7C;0x33ACFC;0x338E1C;0x7C7714;0x33AEDC;0x33AEFC
FN_libManis_007E9B40,0x7E9B40,sub_7E9B40,0x3FA730,0x7E9B8C
FN_libManis_007E9B8C,0x7E9B8C,sub_7E9B8C,0x7E9B40,0x33E200;0x7DFEF0
FN_libManis_007E9E00,0x7E9E00,sub_7E9E00,,0x7D17E0
FN_libManis_007E9E94,0x7E9E94,sub_7E9E94,,0x7D987C;0x7DFA24;0x33ACFC;0x3F8E7C;0x3F8E7C;0x33ACFC;0x338E1C;0x957840;0x3F8650;0x957870
FN_libManis_007EEDBC,0x7EEDBC,sub_7EEDBC,0x3FA730,0x7EEE08
FN_libManis_007EEE08,0x7EEE08,sub_7EEE08,0x7EEDBC,0x33E200;0x7DFEF0
FN_libManis_007EF080,0x7EF080,sub_7EF080,,0x33ACFC;0x7DFBAC;0x7DE9EC;0x33AEDC;0x33AEFC;0x33B970;0x7DF00C;0x33AEDC;0x33AEFC;0x33B970
FN_libManis_007F0040,0x7F0040,sub_7F0040,0x3FA730,0x7F008C
FN_libManis_007F008C,0x7F008C,sub_7F008C,0x7F0040,0x33E200;0x7DFEF0
FN_libManis_007F0304,0x7F0304,sub_7F0304,,0x7DFBAC;0x7F0E60;0x33AEDC;0x33AEFC;0x33B970;0x7F147C;0x33AEDC;0x33AEFC;0x33B970;0x33B970
FN_libManis_007F0E60,0x7F0E60,sub_7F0E60,0x7F0304;0x80CD24,0x7D35D8;0x33AEDC;0x33AEFC;0x33B970;0x33B970;0x33ACE0;0x36BB30;0x334CEC
FN_libManis_007F147C,0x7F147C,sub_7F147C,0x7F0304;0x7F4BEC;0x7F4BEC,0x7D2BE8;0x33AEDC;0x33AEFC;0x33B970;0x33B970;0x33ACE0;0x36BB30;0x334CEC;0x7F1AE0
FN_libManis_007F1AE0,0x7F1AE0,sub_7F1AE0,0x7F147C,0x33E200;0x7DFEF0
FN_libManis_007F1D58,0x7F1D58,sub_7F1D58,,0x7D4E7C;0x348310;0x348310
FN_libManis_007F1EA8,0x7F1EA8,sub_7F1EA8,0x3FA730,0x7F1EF4
FN_libManis_007F1EF4,0x7F1EF4,sub_7F1EF4,0x7F1EA8,0x33E200;0x7DFEF0
FN_libManis_007F2168,0x7F2168,sub_7F2168,,0x7D17E0
FN_libManis_007F21FC,0x7F21FC,sub_7F21FC,,0x368080;0x7F49A4;0x338E1C;0x7F49A4;0x33ACFC;0x33ACFC;0x368080;0x33ACFC;0x7C7714;0x33AEDC
FN_libManis_007F47BC,0x7F47BC,sub_7F47BC,0x3FA730,0x7F4808
FN_libManis_007F4808,0x7F4808,sub_7F4808,0x7F47BC,0x33E200;0x7DFEF0
FN_libManis_007F49A4,0x7F49A4,sub_7F49A4,0x7F21FC;0x7F21FC;0x84B590;0x84B590,0x33BD20
FN_libManis_007F4BEC,0x7F4BEC,sub_7F4BEC,,0x7B4870;0x825C84;0x7DFBAC;0x7F147C;0x33AEDC;0x33AEFC;0x33B970;0x7DE9EC;0x33AEDC;0x33AEFC
FN_libManis_007F9580,0x7F9580,sub_7F9580,0x3FA730,0x7F95CC
FN_libManis_007F95CC,0x7F95CC,sub_7F95CC,0x7F9580,0x33E200;0x7DFEF0
FN_libManis_007F9844,0x7F9844,sub_7F9844,,0x3F8E7C;0x3F8650;0x3F8C90;0x3F8CD8;0x3F97D0;0x33AEDC;0x33AEFC;0x33B970;0x7C7714;0x33AEDC
FN_libManis_007FA854,0x7FA854,sub_7FA854,0x3FA730,0x7FA8A0
FN_libManis_007FA8A0,0x7FA8A0,sub_7FA8A0,0x7FA854,0x33E200;0x7DFEF0
FN_libManis_007FAB18,0x7FAB18,sub_7FAB18,,0x37059C;0x3681EC;0x33ACFC;0x338E1C;0x338E1C;0x338E1C;0x7CAC8C;0x33AEDC;0x33AEFC;0x33B970
FN_libManis_007FF544,0x7FF544,sub_7FF544,0x7FAB18,0x7D21F8;0x33AEDC;0x33AEFC;0x33B970;0x33B970;0x33ACE0;0x36BB30;0x334CEC
FN_libManis_007FFB64,0x7FFB64,sub_7FFB64,0x3FA730,0x7FFBB0
FN_libManis_007FFBB0,0x7FFBB0,sub_7FFBB0,0x7FFB64,0x33E200;0x7DFEF0
FN_libManis_007FFE28,0x7FFE28,sub_7FFE28,,0x7D987C;0x7DFA24;0x7DFA24;0x33ACFC;0x3F8E7C;0x3F8E7C;0x3F8E7C;0x3F8E7C;0x7DFBAC;0x7DE9EC
FN_libManis_00803B04,0x803B04,sub_803B04,0x3FA730,0x803B50
FN_libManis_00803B50,0x803B50,sub_803B50,0x803B04,0x33E200;0x7DFEF0
FN_libManis_00803DC8,0x803DC8,sub_803DC8,,0x368080;0x368080;0x33ACFC;0x7DFBAC;0x7E0FAC;0x33ACFC;0x7DFBAC;0x7DFBAC;0x7DFBAC;0x7D987C
FN_libManis_00804EB0,0x804EB0,sub_804EB0,0x3FA730,0x804EFC
FN_libManis_00804EFC,0x804EFC,sub_804EFC,0x804EB0,0x33E200;0x7DFEF0
FN_libManis_00805174,0x805174,sub_805174,,0x368080;0x33ACFC;0x3681EC;0x33ACFC;0x806230;0x33ACFC;0x37059C;0x375974;0x7CAC8C;0x3374AC
FN_libManis_00806048,0x806048,sub_806048,0x3FA730,0x806094
FN_libManis_00806094,0x806094,sub_806094,0x806048,0x33E200;0x7DFEF0
FN_libManis_00806230,0x806230,sub_806230,0x805174,0x33BD20;0x33BD20
FN_libManis_008064A0,0x8064A0,sub_8064A0,,0x7D17E0
FN_libManis_00806534,0x806534,sub_806534,,0x33ACFC;0x33ACFC;0x338E1C;0x7DFBAC;0x3F8E7C;0x3F8C90;0x3F8CD8;0x7C7714;0x33AEDC;0x33AEFC
FN_libManis_008094C8,0x8094C8,sub_8094C8,0x3FA730,0x809514
FN_libManis_00809514,0x809514,sub_809514,0x8094C8,0x33E200;0x7DFEF0
FN_libManis_0080978C,0x80978C,sub_80978C,,0x825BC4;0x3F8E7C;0x7C953C;0x33AEDC;0x33AEFC;0x33B970;0x7C953C;0x33AEDC;0x33AEFC;0x33B970
FN_libManis_0080C9D0,0x80C9D0,sub_80C9D0,0x3FA730,0x80CA1C
FN_libManis_0080CA1C,0x80CA1C,sub_80CA1C,0x80C9D0,0x33E200;0x7DFEF0
FN_libManis_0080CC90,0x80CC90,sub_80CC90,,0x7D17E0
FN_libManis_0080CD24,0x80CD24,sub_80CD24,,0x3681EC;0x33ACFC;0x368080;0x3F90F4;0x3F90F4;0x80F890;0x33ACFC;0x80F63C;0x825BC4;0x7C953C
FN_libManis_0080F63C,0x80F63C,sub_80F63C,0x80CD24,0x3374AC
FN_libManis_0080F6A8,0x80F6A8,sub_80F6A8,0x3FA730,0x80F6F4
FN_libManis_0080F6F4,0x80F6F4,sub_80F6F4,0x80F6A8,0x33E200;0x7DFEF0
FN_libManis_0080F890,0x80F890,sub_80F890,0x80CD24;0x863828,0x33BD20;0x33BD20
FN_libManis_0080FB38,0x80FB38,sub_80FB38,,0x3F8E7C;0x33ACFC;0x33ACFC;0x3F90F4;0x3F90F4;0x3F8650;0x3F8C90;0x3F8CD8;0x3F90F4;0x3F97D0
FN_libManis_00811770,0x811770,sub_811770,0x3FA730,0x8117BC
FN_libManis_008117BC,0x8117BC,sub_8117BC,0x811770,0x33E200;0x7DFEF0
FN_libManis_00811A68,0x811A68,sub_811A68,,0x3F90F4;0x3F90F4;0x347290;0x33ACFC;0x368080;0x33ACFC;0x375974;0x825BC4;0x7C953C;0x33AEDC
FN_libManis_008130B4,0x8130B4,sub_8130B4,0x3FA730,0x813100
FN_libManis_00813100,0x813100,sub_813100,0x8130B4,0x33E200;0x7DFEF0
FN_libManis_00813378,0x813378,sub_813378,,0x7DFA24;0x33ACFC;0x7DFBAC;0x7B4870;0x825C84;0x338E1C;0x338E1C;0x825C84;0x825C84;0x7D3FC8
FN_libManis_00813E98,0x813E98,sub_813E98,0x3FA730,0x813EE4
FN_libManis_00813EE4,0x813EE4,sub_813EE4,0x813E98,0x33E200;0x7DFEF0
FN_libManis_00814190,0x814190,sub_814190,,0x7D4E7C;0x348310;0x348310
FN_libManis_008142E0,0x8142E0,sub_8142E0,0x3FA730,0x81432C
FN_libManis_0081432C,0x81432C,sub_81432C,0x8142E0,0x33E200;0x7DFEF0
FN_libManis_008145A0,0x8145A0,sub_8145A0,,0x7D17E0;0x338E1C;0x7D17E0
FN_libManis_0081466C,0x81466C,sub_81466C,,0x33ACFC;0x363538;0x33ACFC;0x3F8E7C;0x3F8E7C;0x7DFBAC;0x7DE9EC;0x33AEDC;0x33AEFC;0x33B970
FN_libManis_008163D0,0x8163D0,sub_8163D0,0x3FA730,0x81641C
FN_libManis_0081641C,0x81641C,sub_81641C,0x8163D0,0x33E200;0x7DFEF0
FN_libManis_00816694,0x816694,sub_816694,,0x7DFBAC;0x7B4870;0x7BB9A8;0x825BC4;0x338E1C;0x338E1C;0x825C84;0x825C84;0x7D3FC8;0x358C58
FN_libManis_00816970,0x816970,sub_816970,0x3FA730,0x8169BC
FN_libManis_008169BC,0x8169BC,sub_8169BC,0x816970,0x33E200;0x7DFEF0
FN_libManis_00816C34,0x816C34,sub_816C34,,0x825BC4;0x81BC1C;0x33AEDC;0x33AEFC;0x33B970;0x33ACFC;0x81BC1C;0x33AEDC;0x33AEFC;0x33B970
FN_libManis_0081BC1C,0x81BC1C,sub_81BC1C,0x816C34;0x816C34;0x816C34;0x816C34,0x81CDA8;0x33ACFC;0x81CF40;0x348310;0x334CEC
FN_libManis_0081CBC0,0x81CBC0,sub_81CBC0,0x3FA730,0x81CC0C
FN_libManis_0081CC0C,0x81CC0C,sub_81CC0C,0x81CBC0,0x33E200;0x7DFEF0
FN_libManis_0081CDA8,0x81CDA8,sub_81CDA8,0x81BC1C,0x33BD20;0x33BD20
FN_libManis_0081CF40,0x81CF40,sub_81CF40,0x81BC1C;0x8C562C,0x33BD20
FN_libManis_0081D0AC,0x81D0AC,sub_81D0AC,0x816C34,0x33BD20
FN_libManis_0081D218,0x81D218,sub_81D218,0x816C34,0x33BD20;0x33BD20
FN_libManis_0081D48C,0x81D48C,sub_81D48C,,0x347290;0x338E1C;0x33ACFC;0x338E1C;0x7CAC8C;0x33AEDC;0x33AEFC;0x33B970;0x33B970;0x3F8650
FN_libManis_0081FD00,0x81FD00,sub_81FD00,0x3FA730,0x81FD4C
FN_libManis_0081FD4C,0x81FD4C,sub_81FD4C,0x81FD00,0x33E200;0x7DFEF0
FN_libManis_0081FFC4,0x81FFC4,sub_81FFC4,,0x7DFBAC;0x7DE9EC;0x33AEDC;0x33AEFC;0x33B970;0x7DF00C;0x33AEDC;0x33AEFC;0x33B970;0x33B970
FN_libManis_00820B14,0x820B14,sub_820B14,0x3FA730,0x820B60
FN_libManis_00820B60,0x820B60,sub_820B60,0x820B14,0x33E200;0x7DFEF0
FN_libManis_00820DD8,0x820DD8,sub_820DD8,,0x338E1C;0x7DFBAC;0x7B4870;0x7CC568;0x33ACE0;0x358C58
FN_libManis_00820EE8,0x820EE8,sub_820EE8,0x3FA730,0x820F34
FN_libManis_00820F34,0x820F34,sub_820F34,0x820EE8,0x33E200;0x7DFEF0
FN_libManis_008211AC,0x8211AC,sub_8211AC,,0x3F90F4;0x3F90F4;0x7DFBAC;0x825BC4;0x7C953C;0x33AEDC;0x33AEFC;0x33B970;0x33B970;0x7DFBAC
FN_libManis_00821EE4,0x821EE4,sub_821EE4,0x3FA730,0x821F30
FN_libManis_00821F30,0x821F30,sub_821F30,0x821EE4,0x33E200;0x7DFEF0
FN_libManis_008221DC,0x8221DC,sub_8221DC,,0x3F90F4;0x3F90F4;0x825BC4;0x7C953C;0x33AEDC;0x33AEFC;0x33B970;0x33B970;0x7DFBAC;0x7DFBAC
FN_libManis_00822F4C,0x822F4C,sub_822F4C,0x3FA730,0x822F98
FN_libManis_00822F98,0x822F98,sub_822F98,0x822F4C,0x33E200;0x7DFEF0
FN_libManis_00823210,0x823210,sub_823210,,0x7E0FAC;0x33ACFC;0x7DFBAC;0x7B4870;0x7BB9A8;0x825BC4;0x338E1C;0x338E1C;0x825C84;0x825C84
FN_libManis_00823568,0x823568,sub_823568,0x3FA730,0x8235B4
FN_libManis_008235B4,0x8235B4,sub_8235B4,0x823568,0x33E200;0x7DFEF0
FN_libManis_0082382C,0x82382C,sub_82382C,,0x7D4E7C;0x348310;0x348310
FN_libManis_0082397C,0x82397C,sub_82397C,0x3FA730,0x8239C8
FN_libManis_008239C8,0x8239C8,sub_8239C8,0x82397C,0x33E200;0x7DFEF0
FN_libManis_00823C44,0x823C44,sub_823C44,0x7AA33C;0x7B5C68,0x957870;0x957840;0x957870;0x33ACE0;0x823F80;0x33AF24;0x33E200;0x957840;0x957870;0x957870
FN_libManis_00823F80,0x823F80,sub_823F80,0x823C44,0x82410C;0x82410C;0x82410C;0x33ACE0;0x825FA8;0x33ACFC
FN_libManis_0082410C,0x82410C,sub_82410C,0x823F80;0x823F80;0x823F80,0x824564;0x33AF24;0x33B970
FN_libManis_00824260,0x824260,sub_824260,0x7B5C68;0x7C1E20,0x368080;0x33ACFC;0x33ACFC;0x33ACFC;0x826154;0x3681EC;0x33ACE0
FN_libManis_00824564,0x824564,sub_824564,0x82410C,0x8262EC;0x33ACFC;0x343DA4;0x343DA4;0x343DA4;0x343DA4;0x343DA4;0x343DA4;0x343DA4;0x343DA4
FN_libManis_00825BC4,0x825BC4,sub_825BC4,0x7B04D0;0x7B04D0;0x7B04D0;0x7B04D0;0x7C0C90;0x7C0C90;0x7C2D1C;0x7C2D1C;0x7C7714;0x7CAA28,0x36BB30
FN_libManis_00825C84,0x825C84,sub_825C84,0x7B04D0;0x7B2450;0x7BB178;0x7C5ED0;0x7C5ED0;0x7CAA28;0x7CAA28;0x7CAC8C;0x7CAC8C;0x7CAC8C,
FN_libManis_00825CA0,0x825CA0,sub_825CA0,,0x3CBE64
FN_libManis_00825CFC,0x825CFC,sub_825CFC,0x7B04D0;0x7B04D0;0x7B04D0;0x7B04D0;0x7C2D1C,
FN_libManis_00825D04,0x825D04,sub_825D04,,0x3CBE64
FN_libManis_00825D64,0x825D64,sub_825D64,0x7B04D0;0x7B2450;0x7B6984;0x7B6984;0x7C953C,
FN_libManis_00825E24,0x825E24,sub_825E24,0x7B04D0;0x7C2D1C;0x7CAC8C,0x3CBE64
FN_libManis_00825E78,0x825E78,sub_825E78,0x825E7C;0x825E7C,
FN_libManis_00825E7C,0x825E7C,sub_825E7C,,0x825E78;0x825E78;0x957870
FN_libManis_00825F38,0x825F38,sub_825F38,,0x33ACE0
FN_libManis_00825FA8,0x825FA8,sub_825FA8,0x823F80,0x33BD20;0x33BD20;0x33BD20
FN_libManis_00826154,0x826154,sub_826154,0x824260,0x33BD20;0x33BD20
FN_libManis_008262EC,0x8262EC,sub_8262EC,0x824564,0x33BD20;0x33BD20;0x33BD20;0x33BD20
FN_libManis_008264A8,0x8264A8,sub_8264A8,0x824564,0x33BD20;0x33BD20;0x33BD20;0x33BD20;0x33BD20;0x33BD20
FN_libManis_008266B0,0x8266B0,sub_8266B0,,0x338E1C;0x338E1C;0x338E1C
FN_libManis_00826878,0x826878,sub_826878,,0x957870
FN_libManis_008268C8,0x8268C8,sub_8268C8,0x828288;0x8317E0,0x957840
FN_libManis_00826964,0x826964,sub_826964,0x826C74,0x33ACE0;0x363538;0x8277E0;0x33ACFC;0x827998;0x33ACFC;0x334CC0
FN_libManis_00826C74,0x826C74,sub_826C74,0x828288;0x8317E0,0x957840;0x826964;0x33AEDC;0x33AEFC;0x33B970;0x957840;0x957870;0x33AEDC;0x33AEFC;0x33B970
FN_libManis_0082768C,0x82768C,sub_82768C,0x8317E0,
FN_libManis_008276A8,0x8276A8,sub_8276A8,,0x957870
FN_libManis_008277E0,0x8277E0,sub_8277E0,0x826964;0x8A1850;0x8A3368,0x33BD20;0x33BD20;0x33BD20;0x33BD20
FN_libManis_00827998,0x827998,sub_827998,0x826964,0x33BD20;0x33BD20;0x33BD20;0x33BD20;0x33BD20;0x33BD20
FN_libManis_00827B9C,0x827B9C,sub_827B9C,,0x957870
FN_libManis_00827C08,0x827C08,sub_827C08,,0x957870
FN_libManis_00827C84,0x827C84,sub_827C84,,0x957870
FN_libManis_00827D10,0x827D10,sub_827D10,,0x3DA760;0x957840;0x957870
FN_libManis_00827DF0,0x827DF0,sub_827DF0,,0x3DA760;0x3DB3C4;0x957840;0x957870
FN_libManis_00827EBC,0x827EBC,sub_827EBC,,0x3DEF44;0x3DDAF0;0x3DDC9C
FN_libManis_00827FBC,0x827FBC,sub_827FBC,0x3FAA64,0x828008
FN_libManis_00828008,0x828008,sub_828008,0x827FBC,0x33E200;0x45A994
FN_libManis_008281A0,0x8281A0,sub_8281A0,,0x957870
FN_libManis_0082820C,0x82820C,sub_82820C,,0x957870;0x3F4630;0x3F4630
FN_libManis_00828288,0x828288,sub_828288,,0x957840;0x957870;0x957840;0x957840;0x957870;0x33ACFC;0x3EF128;0x957870;0x957870;0x957840
FN_libManis_0082AA18,0x82AA18,sub_82AA18,0x828288,0x39C100;0x33AEDC;0x33AF14;0x367CCC
FN_libManis_0082AF94,0x82AF94,sub_82AF94,0x828288,0x830418;0x3481E0;0x957840;0x957840;0x338E1C;0x830CE8;0x957870;0x957870;0x338E1C;0x830418
FN_libManis_0082CF18,0x82CF18,sub_82CF18,0x828288,0x3481E0;0x36D5A0;0x3481E0;0x36D5A0;0x39C2D4;0x33AEDC;0x33B970;0x33B970;0x367CCC;0x3734B4
FN_libManis_0082D730,0x82D730,sub_82D730,,0x830418;0x3D1B5C;0x368358;0x3F131C;0x957870;0x33AEDC;0x3EBCCC;0x368358;0x3F91C0;0x957840
FN_libManis_00830418,0x830418,sub_830418,0x82AF94;0x82AF94;0x82AF94;0x82D730;0x82D730,0x8308E4;0x830800;0x8308D0
FN_libManis_0083053C,0x83053C,sub_83053C,0x82AF94,0x830F6C;0x831024
FN_libManis_00830800,0x830800,sub_830800,0x82AF94;0x82AF94;0x82D730;0x82D730;0x830418;0x830B84;0x830CE8;0x830F6C;0x830F6C,0x957870;0x957870
FN_libManis_008308D0,0x8308D0,sub_8308D0,0x82AF94;0x82AF94;0x830418;0x830B84;0x830CE8;0x8311E8,0x334CD4
FN_libManis_008308E4,0x8308E4,sub_8308E4,0x830418;0x830B84;0x830B84;0x830CE8,0x957840;0x957840;0x338E1C;0x348310
FN_libManis_008309EC,0x8309EC,sub_8309EC,0x82D730;0x82D730;0x8A1850;0x8A3368,0x33BD20;0x33BD20;0x33BD20
FN_libManis_00830B84,0x830B84,sub_830B84,0x82D730;0x82D730,0x8308E4;0x8308E4;0x830800;0x8308D0;0x334CEC
FN_libManis_00830CE8,0x830CE8,sub_830CE8,0x82AF94;0x82AF94,0x830E48;0x8308E4;0x830800;0x8308D0;0x334CEC
FN_libManis_00830E48,0x830E48,sub_830E48,0x830CE8;0x8311E8;0x8311E8,0x957840;0x957840;0x338E1C;0x348310
FN_libManis_00830F6C,0x830F6C,sub_830F6C,0x82AF94;0x83053C;0x831038,0x830800;0x830800
FN_libManis_00831024,0x831024,sub_831024,0x83053C;0x831038,0x334CD4
FN_libManis_00831038,0x831038,sub_831038,0x82AF94,0x8311E8;0x830F6C;0x831024;0x334CEC
FN_libManis_008311E8,0x8311E8,sub_8311E8,0x82AF94;0x831038,0x830E48;0x830E48;0x8308D0
FN_libManis_00831350,0x831350,sub_831350,0x8DD43C,0x8317E0;0x33AF24;0x33B970;0x33B970
FN_libManis_008317E0,0x8317E0,sub_8317E0,0x831350;0x831A08,0x8268C8;0x826C74;0x33AF24;0x82768C;0x33B970;0x33ACFC;0x33ACE0;0x33ACFC;0x957870;0x957870
FN_libManis_00831A08,0x831A08,sub_831A08,,0x33AD18;0x33ACE0;0x8317E0;0x33AF24
FN_libManis_00831E28,0x831E28,sub_831E28,,0x338E1C;0x347290;0x893EFC;0x33AEDC;0x33AEFC;0x33B970;0x893EFC;0x33AEDC;0x33AEFC;0x33B970
FN_libManis_00833640,0x833640,sub_833640,0x3FAF20,0x83368C
FN_libManis_0083368C,0x83368C,sub_83368C,0x833640,0x33E200;0x833980
FN_libManis_00833830,0x833830,sub_833830,0x833834;0x833834,
FN_libManis_00833834,0x833834,sub_833834,,0x833830;0x833830
FN_libManis_00833980,0x833980,sub_833980,0x83368C;0x8351B8;0x837A0C;0x8391FC;0x83E1C4;0x843890;0x845A9C;0x8476FC;0x847D38;0x84B168,
FN_libManis_00833CCC,0x833CCC,sub_833CCC,,0x835354;0x33ACFC;0x338E1C;0x893EFC;0x33AEDC;0x33AEFC;0x33B970;0x893EFC;0x33AEDC;0x33AEFC
FN_libManis_0083516C,0x83516C,sub_83516C,0x3FAF20,0x8351B8
FN_libManis_008351B8,0x8351B8,sub_8351B8,0x83516C,0x33E200;0x833980
FN_libManis_00835354,0x835354,sub_835354,0x833CCC,0x33BD20
FN_libManis_0083574C,0x83574C,sub_83574C,,0x7E346C;0x338E1C;0x3F90F4;0x33ACFC;0x3F90F4;0x343DA4;0x8C323C;0x338E1C;0x892BC0;0x33AEDC
FN_libManis_00837884,0x837884,sub_837884,0x83574C;0x83574C;0x83574C;0x83574C;0x83574C;0x839690;0x839690;0x839690;0x839690;0x83E7A4,
FN_libManis_008378F8,0x8378F8,sub_8378F8,0x83574C;0x839690;0x83E7A4;0x87D634,0x338E1C;0x357680
FN_libManis_008379C0,0x8379C0,sub_8379C0,0x3FAF20,0x837A0C
FN_libManis_00837A0C,0x837A0C,sub_837A0C,0x8379C0,0x33E200;0x833980
FN_libManis_00837E34,0x837E34,sub_837E34,,0x338E1C;0x347290;0x338E1C;0x8C4364;0x893EFC;0x33AEDC;0x3574D4;0x338E1C;0x893EFC;0x33AEDC
FN_libManis_008391B0,0x8391B0,sub_8391B0,0x3FAF20,0x8391FC
FN_libManis_008391FC,0x8391FC,sub_8391FC,0x8391B0,0x33E200;0x833980
FN_libManis_00839624,0x839624,sub_839624,0x839690;0x839690;0x839690;0x839690;0x83E7A4;0x83E7A4;0x83E7A4;0x87D634,0x36BB30
FN_libManis_00839690,0x839690,sub_839690,,0x7E346C;0x33ACFC;0x338E1C;0x338E1C;0x338E1C;0x33ACFC;0x3F8E7C;0x3F8E7C;0x8C4348;0x8C4348
FN_libManis_0083E178,0x83E178,sub_83E178,0x3FAF20,0x83E1C4
FN_libManis_0083E1C4,0x83E1C4,sub_83E1C4,0x83E178,0x33E200;0x833980
FN_libManis_0083E360,0x83E360,sub_83E360,0x839690;0x83E7A4,0x33BD20;0x33BD20;0x33BD20
FN_libManis_0083E7A4,0x83E7A4,sub_83E7A4,,0x338E1C;0x7E346C;0x33ACFC;0x338E1C;0x338E1C;0x33ACFC;0x3F8E7C;0x3F8E7C;0x8C4348;0x8C4348
FN_libManis_00843704,0x843704,sub_843704,0x83E7A4,0x36BB30
FN_libManis_00843844,0x843844,sub_843844,0x3FAF20,0x843890
FN_libManis_00843890,0x843890,sub_843890,0x843844,0x33E200;0x833980
FN_libManis_00843CB8,0x843CB8,sub_843CB8,,0x338E1C;0x845C38;0x845C38;0x7D7E20;0x893EFC;0x33AEDC;0x33AEFC;0x33B970;0x846090;0x33ACFC
FN_libManis_00845A50,0x845A50,sub_845A50,0x3FAF20,0x845A9C
FN_libManis_00845A9C,0x845A9C,sub_845A9C,0x845A50,0x33E200;0x833980
FN_libManis_00845C38,0x845C38,sub_845C38,0x843CB8;0x843CB8;0x87C060;0x87C060;0x87C060;0x87C060;0x87C060;0x87C060;0x87C060;0x87C060,0x34E5B8;0x338E1C;0x7D8A10
FN_libManis_00846090,0x846090,sub_846090,0x843CB8;0x894BEC;0x894BEC;0x894BEC;0x898374;0x8B7D54;0x8B7D54,0x33BD20;0x33BD20;0x33BD20
FN_libManis_008464B8,0x8464B8,sub_8464B8,,0x338E1C;0x893EFC;0x33AEDC;0x33AEFC;0x33B970;0x893EFC;0x33AEDC;0x33AEFC;0x33B970;0x33B970
FN_libManis_008476B0,0x8476B0,sub_8476B0,0x3FAF20,0x8476FC
FN_libManis_008476FC,0x8476FC,sub_8476FC,0x8476B0,0x33E200;0x833980
FN_libManis_00847B24,0x847B24,sub_847B24,,0x338E1C;0x898888;0x348310;0x348310
FN_libManis_00847CEC,0x847CEC,sub_847CEC,0x3FAF20,0x847D38
FN_libManis_00847D38,0x847D38,sub_847D38,0x847CEC,0x33E200;0x833980
FN_libManis_00848160,0x848160,sub_848160,,0x338E1C;0x347290;0x33ACFC;0x33ACFC;0x893EFC;0x33AEDC;0x33AEFC;0x33B970;0x3F8E7C;0x33ACFC
FN_libManis_0084B11C,0x84B11C,sub_84B11C,0x3FAF20,0x84B168
FN_libManis_0084B168,0x84B168,sub_84B168,0x84B11C,0x33E200;0x833980
FN_libManis_0084B590,0x84B590,sub_84B590,,0x338E1C;0x368080;0x7F49A4;0x338E1C;0x7F49A4;0x33ACFC;0x893EFC;0x33AEDC;0x33AEFC;0x33B970
FN_libManis_0084D9D0,0x84D9D0,sub_84D9D0,0x3FAF20,0x84DA1C
FN_libManis_0084DA1C,0x84DA1C,sub_84DA1C,0x84D9D0,0x33E200;0x833980
FN_libManis_0084DE44,0x84DE44,sub_84DE44,,0x338E1C;0x338E1C;0x338E1C;0x338E1C;0x338E1C;0x957840;0x3F8650;0x3F8C90;0x3F97D0;0x33AEDC
FN_libManis_00853640,0x853640,sub_853640,0x3FAF20,0x85368C
FN_libManis_0085368C,0x85368C,sub_85368C,0x853640,0x33E200;0x833980
FN_libManis_00853AF4,0x853AF4,sub_853AF4,,0x338E1C;0x893EFC;0x33AEDC;0x33AEFC;0x33B970;0x893EFC;0x33AEDC;0x33AEFC;0x33B970;0x33B970
FN_libManis_00854680,0x854680,sub_854680,0x3FAF20,0x8546CC
FN_libManis_008546CC,0x8546CC,sub_8546CC,0x854680,0x33E200;0x833980
FN_libManis_00854AF4,0x854AF4,sub_854AF4,,0x338E1C;0x3F8E7C;0x3F8650;0x3F8C90;0x3F8CD8;0x3F97D0;0x33AEDC;0x33AEFC;0x33B970;0x33B970
FN_libManis_0085620C,0x85620C,sub_85620C,0x3FAF20,0x856258
FN_libManis_00856258,0x856258,sub_856258,0x85620C,0x33E200;0x833980
FN_libManis_00856680,0x856680,sub_856680,,0x338E1C;0x338E1C;0x338E1C;0x338E1C;0x338E1C;0x338E1C;0x896AF8;0x33AEDC;0x33AEFC;0x33B970
FN_libManis_0085AB7C,0x85AB7C,sub_85AB7C,0x3FAF20,0x85ABC8
FN_libManis_0085ABC8,0x85ABC8,sub_85ABC8,0x85AB7C,0x33E200;0x833980
FN_libManis_0085AFF0,0x85AFF0,sub_85AFF0,,0x338E1C;0x3CBFD8;0x33ACFC;0x896AF8;0x3374AC
FN_libManis_0085B784,0x85B784,sub_85B784,0x3FAF20,0x85B7D0
FN_libManis_0085B7D0,0x85B7D0,sub_85B7D0,0x85B784,0x33E200;0x833980
FN_libManis_0085BBF8,0x85BBF8,sub_85BBF8,,0x33ACFC;0x338E1C;0x338E1C;0x88DAF0;0x3F8E7C;0x3F8C90;0x3F8CD8;0x893EFC;0x33AEDC;0x33AEFC
FN_libManis_0085EB94,0x85EB94,sub_85EB94,0x3FAF20,0x85EBE0
FN_libManis_0085EBE0,0x85EBE0,sub_85EBE0,0x85EB94,0x33E200;0x833980
FN_libManis_0085F008,0x85F008,sub_85F008,,0x338E1C;0x347290;0x3F8E7C;0x3F8E7C;0x88DAF0;0x8C3038;0x338E1C;0x892BC0;0x33AEDC;0x33AEFC
FN_libManis_008623A0,0x8623A0,sub_8623A0,0x3FAF20,0x8623EC
FN_libManis_008623EC,0x8623EC,sub_8623EC,0x8623A0,0x33E200;0x833980
FN_libManis_00862588,0x862588,sub_862588,0x85F008,0x358C58
FN_libManis_00862828,0x862828,sub_862828,0x863828,0x8C3038;0x7E0FAC;0x33ACFC;0x3574D4;0x892BC0;0x338E1C;0x892BC0
FN_libManis_00862A18,0x862A18,sub_862A18,0x863828,0x3F90F4;0x3CBE64;0x3CBFD8;0x8C3640;0x3574D4;0x338E1C;0x892BC0
FN_libManis_00862D98,0x862D98,sub_862D98,0x863828,0x3F90F4;0x8C562C;0x33AEDC;0x33AEFC;0x33B970;0x33B970;0x33ACFC;0x8C3440;0x7E0FAC;0x33ACFC
FN_libManis_00863828,0x863828,sub_863828,,0x33ACFC;0x338E1C;0x3F90F4;0x862828;0x33AEDC;0x33AEFC;0x33B970;0x3F90F4;0x80F890;0x33ACFC
FN_libManis_00865A78,0x865A78,sub_865A78,0x3FAF20,0x865AC4
FN_libManis_00865AC4,0x865AC4,sub_865AC4,0x865A78,0x33E200;0x833980
FN_libManis_00865EEC,0x865EEC,sub_865EEC,,0x338E1C;0x3F8E7C;0x3F8E7C;0x3F8E7C;0x3F8E7C;0x6651FC;0x893EFC;0x33AEDC;0x33AEFC;0x33B970
FN_libManis_00868A8C,0x868A8C,sub_868A8C,0x3FAF20,0x868AD8
FN_libManis_00868AD8,0x868AD8,sub_868AD8,0x868A8C,0x33E200;0x833980
FN_libManis_00868F00,0x868F00,sub_868F00,,0x338E1C;0x3F8E7C;0x3F8E7C;0x3F8E7C;0x3F8E7C;0x6651FC;0x893EFC;0x33AEDC;0x33AEFC;0x33B970
FN_libManis_0086B4D0,0x86B4D0,sub_86B4D0,0x3FAF20,0x86B51C
FN_libManis_0086B51C,0x86B51C,sub_86B51C,0x86B4D0,0x33E200;0x833980
FN_libManis_0086B944,0x86B944,sub_86B944,,0x338E1C;0x3F8E7C;0x33ACFC;0x3F90F4;0x3F90F4;0x3F8650;0x3F8C90;0x3F8CD8;0x3F90F4;0x3F97D0
FN_libManis_0086D8D0,0x86D8D0,sub_86D8D0,0x3FAF20,0x86D91C
FN_libManis_0086D91C,0x86D91C,sub_86D91C,0x86D8D0,0x33E200;0x833980
FN_libManis_0086DD44,0x86DD44,sub_86DD44,,0x338E1C;0x870790;0x33AEDC;0x33AEFC;0x33B970;0x33B970;0x368080;0x33ACFC;0x338E1C;0x88DAF0
FN_libManis_00870790,0x870790,sub_870790,0x86DD44;0x87D634;0x87D634;0x87D634;0x87D634,0x3F90F4;0x33ACFC;0x368080;0x33ACFC;0x33ACFC;0x348310;0x334CEC
FN_libManis_00871468,0x871468,sub_871468,0x3FAF20,0x8714B4
FN_libManis_008714B4,0x8714B4,sub_8714B4,0x871468,0x33E200;0x833980
FN_libManis_008718DC,0x8718DC,sub_8718DC,,0x338E1C;0x893EFC;0x33AEDC;0x33AEFC;0x33B970;0x893EFC;0x33AEDC;0x33AEFC;0x33B970;0x33B970
FN_libManis_00872440,0x872440,sub_872440,0x3FAF20,0x87248C
FN_libManis_0087248C,0x87248C,sub_87248C,0x872440,0x33E200;0x833980
FN_libManis_008728B4,0x8728B4,sub_8728B4,,0x338E1C;0x874DC4;0x874DC4;0x8752D8;0x33ACFC;0x875460;0x875460;0x7E0FAC;0x33ACFC;0x893EFC
FN_libManis_00874BDC,0x874BDC,sub_874BDC,0x3FAF20,0x874C28
FN_libManis_00874C28,0x874C28,sub_874C28,0x874BDC,0x33E200;0x833980
FN_libManis_00874DC4,0x874DC4,sub_874DC4,0x8728B4;0x8728B4,0x875100
FN_libManis_00875100,0x875100,sub_875100,0x874DC4;0x875970,0x334CEC
FN_libManis_008752D8,0x8752D8,sub_8752D8,0x8728B4,0x33BD20;0x33BD20
FN_libManis_00875460,0x875460,sub_875460,0x8728B4;0x8728B4,0x875798
FN_libManis_00875798,0x875798,sub_875798,0x875460;0x875CB0,0x334CEC
FN_libManis_00875970,0x875970,sub_875970,0x8728B4,0x875100
FN_libManis_00875CB0,0x875CB0,sub_875CB0,0x8728B4,0x875798
FN_libManis_0087627C,0x87627C,sub_87627C,,0x338E1C;0x898888;0x348310;0x348310
FN_libManis_00876444,0x876444,sub_876444,0x3FAF20,0x876490
FN_libManis_00876490,0x876490,sub_876490,0x876444,0x33E200;0x833980
FN_libManis_00876928,0x876928,sub_876928,,0x338E1C;0x338E1C;0x338E1C;0x338E1C;0x8C2C28;0x7DFBAC;0x7DFBAC;0x8C3038;0x375BA8;0x33ACFC
FN_libManis_0087BD1C,0x87BD1C,sub_87BD1C,0x876928,0x358C44
FN_libManis_0087BDA0,0x87BDA0,sub_87BDA0,0x3FAF20,0x87BDEC
FN_libManis_0087BDEC,0x87BDEC,sub_87BDEC,0x87BDA0,0x33E200;0x833980
FN_libManis_0087C060,0x87C060,sub_87C060,,0x845C38;0x845C38;0x845C38;0x845C38;0x845C38;0x845C38;0x845C38;0x845C38;0x845C38;0x845C38
FN_libManis_0087C63C,0x87C63C,sub_87C63C,,0x338E1C;0x893EFC;0x33AEDC;0x33AEFC;0x33B970;0x893EFC;0x33AEDC;0x33AEFC;0x33B970;0x33B970
FN_libManis_0087D1C0,0x87D1C0,sub_87D1C0,0x3FAF20,0x87D20C
FN_libManis_0087D20C,0x87D20C,sub_87D20C,0x87D1C0,0x33E200;0x833980
FN_libManis_0087D634,0x87D634,sub_87D634,,0x338E1C;0x870790;0x33AEDC;0x33AEFC;0x33B970;0x33ACFC;0x870790;0x33AEDC;0x33AEFC;0x33B970
FN_libManis_00880C30,0x880C30,sub_880C30,0x87D634,0x5058E8;0x5058E8;0x348310
FN_libManis_00880DE8,0x880DE8,sub_880DE8,0x87D634,0x881C84;0x881DAC;0x881F84;0x348310;0x334CEC
FN_libManis_00881994,0x881994,sub_881994,0x87D634,0x3374AC
FN_libManis_00881A9C,0x881A9C,sub_881A9C,0x3FAF20,0x881AE8
FN_libManis_00881AE8,0x881AE8,sub_881AE8,0x881A9C,0x33E200;0x833980
FN_libManis_00881C84,0x881C84,sub_881C84,0x880DE8,0x348310
FN_libManis_00881DAC,0x881DAC,sub_881DAC,0x880DE8;0x881F84,0x334CEC
FN_libManis_00881F84,0x881F84,sub_881F84,0x880DE8,0x881DAC
FN_libManis_00882548,0x882548,sub_882548,,0x338E1C;0x347290;0x338E1C;0x338E1C;0x88DAF0;0x88DAF0;0x8936C8;0x33AEDC;0x33AEFC;0x33B970
FN_libManis_008850B0,0x8850B0,sub_8850B0,0x3FAF20,0x8850FC
FN_libManis_008850FC,0x8850FC,sub_8850FC,0x8850B0,0x33E200;0x833980
FN_libManis_00885524,0x885524,sub_885524,,0x338E1C;0x845C38;0x845C38;0x887078;0x893EFC;0x33AEDC;0x33AEFC;0x33B970;0x893EFC;0x33AEDC
FN_libManis_00886E90,0x886E90,sub_886E90,0x3FAF20,0x886EDC
FN_libManis_00886EDC,0x886EDC,sub_886EDC,0x886E90,0x33E200;0x833980
FN_libManis_00887078,0x887078,sub_887078,0x885524,0x34E5B8;0x7D8A10
FN_libManis_0088774C,0x88774C,sub_88774C,,0x898374;0x33AEDC;0x33AEFC;0x33B970;0x33B970
FN_libManis_00887C64,0x887C64,sub_887C64,0x3FAF20,0x887CB0
FN_libManis_00887CB0,0x887CB0,sub_887CB0,0x887C64,0x33E200;0x833980
FN_libManis_008880D8,0x8880D8,sub_8880D8,,0x338E1C;0x898888;0x348310;0x348310
FN_libManis_008882A4,0x8882A4,sub_8882A4,0x3FAF20,0x8882F0
FN_libManis_008882F0,0x8882F0,sub_8882F0,0x8882A4,0x33E200;0x833980
FN_libManis_00888718,0x888718,sub_888718,,0x338E1C;0x889EF4;0x33AEDC;0x33AEFC;0x33B970;0x33B970;0x893EFC;0x33AEDC;0x33AEFC;0x33B970
FN_libManis_00889EF4,0x889EF4,sub_889EF4,0x888718,0x3F90F4;0x33ACFC;0x368080;0x33ACFC;0x33ACFC;0x36BB30;0x334CEC
FN_libManis_0088ABCC,0x88ABCC,sub_88ABCC,0x3FAF20,0x88AC18
FN_libManis_0088AC18,0x88AC18,sub_88AC18,0x88ABCC,0x33E200;0x833980
FN_libManis_0088B08C,0x88B08C,sub_88B08C,,0x338E1C;0x338E1C;0x338E1C;0x338E1C;0x338E1C;0x8C3038;0x368080;0x33ACFC;0x338E1C;0x892BC0
FN_libManis_0088CA28,0x88CA28,sub_88CA28,0x88B08C,0x33E200;0x833980
FN_libManis_0088CBC4,0x88CBC4,sub_88CBC4,0x88D1B0;0x88D1B0;0x88D1B0;0x88D1B0;0x88D1B0;0x88D1B0;0x88D1B0;0x88D1B0;0x88D1B0;0x88D1B0,0x88CF00
FN_libManis_0088CF00,0x88CF00,sub_88CF00,0x88CBC4,0x334CEC
FN_libManis_0088D1B0,0x88D1B0,sub_88D1B0,,0x88CBC4;0x88CBC4;0x88CBC4;0x88CBC4;0x88CBC4;0x88CBC4;0x88CBC4;0x88CBC4;0x88CBC4;0x88CBC4
FN_libManis_0088D4B0,0x88D4B0,sub_88D4B0,,0x338E1C;0x898888;0x348310;0x348310
FN_libManis_0088D67C,0x88D67C,sub_88D67C,0x3FAF20,0x88D6C8
FN_libManis_0088D6C8,0x88D6C8,sub_88D6C8,0x88D67C,0x33E200;0x833980
FN_libManis_0088DAF0,0x88DAF0,sub_88DAF0,0x856680;0x856680;0x856680;0x85BBF8;0x85F008;0x85F008;0x86DD44;0x882548;0x882548;0x8BB540,0x36BB30
FN_libManis_0088DC24,0x88DC24,sub_88DC24,0x8B39C0,0x88FCEC;0x89BD54;0x33ACE0;0x33ACFC;0x8A62D0;0x33AEDC;0x33AEFC;0x33B970;0x33B970;0x890924
FN_libManis_0088FCEC,0x88FCEC,sub_88FCEC,0x88DC24,0x39C100;0x33AEDC;0x367CCC;0x89B250;0x89B344;0x89B388;0x89ACC8;0x33AF24
FN_libManis_008908E8,0x8908E8,sub_8908E8,0x88DC24;0x8A6FF8,0x89BD54
FN_libManis_00890924,0x890924,sub_890924,0x88DC24,0x89A700;0x89A874;0x89A700;0x89A874;0x89A700;0x89A874
FN_libManis_00890A64,0x890A64,sub_890A64,0x88DC24,0x89C00C;0x334CEC
FN_libManis_00890D88,0x890D88,sub_890D88,0x88DC24,0x338E1C;0x3574D4;0x338E1C;0x89B614;0x3481E0;0x7D8BE8;0x33ACE0;0x36BB30;0x348310
FN_libManis_008910DC,0x8910DC,sub_8910DC,0x88DC24,0x338E1C;0x3574D4;0x338E1C;0x89B614;0x3481E0;0x7D8BE8;0x33ACE0;0x36BB30;0x348310
FN_libManis_00891430,0x891430,sub_891430,0x88DC24,0x89AB40;0x33AEDC;0x33AEFC;0x33B970;0x33B970;0x338E1C;0x7D7C54;0x33ACFC;0x957870;0x33ACE0
FN_libManis_00891E2C,0x891E2C,sub_891E2C,0x88DC24,0x8AA8EC;0x33AF24;0x338E1C;0x89B3C4;0x89B3C4;0x3481E0;0x36D5A0;0x33B970;0x33B970;0x338E1C
FN_libManis_00892BC0,0x892BC0,sub_892BC0,0x831E28;0x831E28;0x83574C;0x83574C;0x837E34;0x839690;0x839690;0x839690;0x839690;0x83E7A4,0x89C18C;0x89C3DC;0x33ACE0;0x338E1C;0x33ACFC
FN_libManis_008930EC,0x8930EC,sub_8930EC,0x8936C8,0x89B3C4;0x338E1C;0x33ACFC;0x89B3C4;0x89CAB4;0x33ACE0;0x7D8BE8;0x3CBE64;0x89CD04;0x33ACE0
FN_libManis_008936C8,0x8936C8,sub_8936C8,0x856680;0x856680;0x856680;0x85BBF8;0x85F008;0x86DD44;0x882548;0x882548;0x893EFC;0x896AF8,0x89B3C4;0x89B3C4;0x8C562C;0x33AEDC;0x33AEFC;0x33B970;0x33B970;0x3E1EB8;0x89D3FC;0x8C4364
FN_libManis_00893DC0,0x893DC0,sub_893DC0,0x893EFC;0x893EFC,0x4F7328;0x3F91C0;0x3481E0;0x957870
FN_libManis_00893EFC,0x893EFC,sub_893EFC,0x831E28;0x831E28;0x833CCC;0x833CCC;0x833CCC;0x83574C;0x83574C;0x837E34;0x837E34;0x839690,0x957840;0x893DC0;0x89DDD4;0x33AEDC;0x33AEFC;0x33B970;0x33B970;0x3F91C0;0x957870;0x893DC0
FN_libManis_00894BEC,0x894BEC,sub_894BEC,0x831E28;0x833CCC;0x83574C;0x837E34;0x839690;0x83E7A4;0x843CB8;0x8464B8;0x848160;0x84B590,0x89CAB4;0x89CAB4;0x89CAB4;0x8C83E0;0x8C83DC;0x89C18C;0x89C18C;0x89CAB4;0x89CAB4;0x8C8720
FN_libManis_00896AF8,0x896AF8,sub_896AF8,0x839690;0x83E7A4;0x856680;0x856680;0x856680;0x85AFF0;0x86DD44;0x882548;0x882548;0x898888,0x7D93F4;0x7B422C;0x7B422C;0x89D980;0x33ACFC;0x8C4364;0x8936C8;0x33AEDC;0x33AEFC;0x33B970
FN_libManis_00898374,0x898374,sub_898374,0x88774C,0x89CAB4;0x8C85D4;0x846090;0x33ACFC
FN_libManis_00898888,0x898888,sub_898888,0x847B24;0x856680;0x856680;0x87627C;0x8880D8;0x88D4B0,0x6651FC;0x6651FC;0x338E1C;0x338E1C;0x896AF8;0x33AEDC;0x33AEFC;0x33B970;0x33B970;0x8C4364
FN_libManis_0089A700,0x89A700,sub_89A700,0x890924;0x890924;0x890924,0x89DBF8;0x334CEC
FN_libManis_0089A874,0x89A874,sub_89A874,0x890924;0x890924;0x890924,0x89DC0C;0x334CEC
FN_libManis_0089A970,0x89A970,sub_89A970,0x89ACC8,0x3574D4;0x338E1C;0x89B614;0x3481E0
FN_libManis_0089AA58,0x89AA58,sub_89AA58,0x89ACC8,0x3574D4;0x338E1C;0x89B614;0x3481E0
FN_libManis_0089AB40,0x89AB40,sub_89AB40,0x891430,0x35DA78
FN_libManis_0089ACC8,0x89ACC8,sub_89ACC8,0x88FCEC;0x8B39C0,0x8A6FF8;0x33AEDC;0x33AEFC;0x33B970;0x33B970;0x89A970;0x89AA58
FN_libManis_0089B250,0x89B250,sub_89B250,0x88FCEC;0x8A6FF8,0x89BC4C
FN_libManis_0089B344,0x89B344,sub_89B344,0x88FCEC,0x89BD54
FN_libManis_0089B388,0x89B388,sub_89B388,0x88FCEC;0x8A6FF8;0x8A6FF8,0x89BD54
FN_libManis_0089B3C4,0x89B3C4,sub_89B3C4,0x891E2C;0x891E2C;0x891E2C;0x891E2C;0x8930EC;0x8930EC;0x8936C8;0x8936C8;0x8B7D54;0x8B7D54,0x34E5B8
FN_libManis_0089B614,0x89B614,sub_89B614,0x890D88;0x8910DC;0x89A970;0x89AA58,0x34E5B8;0x338E1C;0x89BA70
FN_libManis_0089BA70,0x89BA70,sub_89BA70,0x89B614,0x334CEC
FN_libManis_0089BC4C,0x89BC4C,sub_89BC4C,0x89B250;0x89BD54;0x8B7864,0x6F89B4;0x89BD04
FN_libManis_0089BD04,0x89BD04,sub_89BD04,0x89BC4C;0x89BD08;0x89BD08,
FN_libManis_0089BD08,0x89BD08,sub_89BD08,,0x89BD04;0x89BD04
FN_libManis_0089BD54,0x89BD54,sub_89BD54,0x88DC24;0x8908E8;0x89B344;0x89B388;0x8B363C;0x8B7864;0x8B7B70,0x89BC4C
FN_libManis_0089C00C,0x89C00C,sub_89C00C,0x890A64,0x334CD4
FN_libManis_0089C020,0x89C020,sub_89C020,0x88DC24;0x88DC24,0x33BD20
FN_libManis_0089C18C,0x89C18C,sub_89C18C,0x892BC0;0x894BEC;0x894BEC,0x34E5B8
FN_libManis_0089C3DC,0x89C3DC,sub_89C3DC,0x892BC0,0x34E5B8;0x338E1C;0x8C3B9C;0x89C8DC
FN_libManis_0089C8DC,0x89C8DC,sub_89C8DC,0x89C3DC,0x334CEC
FN_libManis_0089CAB4,0x89CAB4,sub_89CAB4,0x8930EC;0x894BEC;0x894BEC;0x894BEC;0x894BEC;0x894BEC;0x898374,0x34E5B8
FN_libManis_0089CD04,0x89CD04,sub_89CD04,0x8930EC,0x34E5B8;0x338E1C;0x8C5294;0x89D224
FN_libManis_0089D224,0x89D224,sub_89D224,0x89CD04,0x334CEC
FN_libManis_0089D3FC,0x89D3FC,sub_89D3FC,0x8936C8,0x89D5A8;0x334CEC
FN_libManis_0089D5A8,0x89D5A8,sub_89D5A8,0x89D3FC,0x334CD4
FN_libManis_0089D5BC,0x89D5BC,sub_89D5BC,0x894BEC;0x894BEC;0x8BF314;0x8BF314;0x8C8228,0x334CD4
FN_libManis_0089D5D0,0x89D5D0,sub_89D5D0,0x894BEC,0x33BD20;0x33BD20;0x33BD20
FN_libManis_0089D77C,0x89D77C,sub_89D77C,0x894BEC,0x334CD4
FN_libManis_0089D790,0x89D790,sub_89D790,0x894BEC,0x33BD20;0x33BD20;0x33BD20;0x33BD20;0x33BD20
FN_libManis_0089D980,0x89D980,sub_89D980,0x896AF8,0x89DAEC
FN_libManis_0089DAEC,0x89DAEC,sub_89DAEC,0x89D980,0x33BD20;0x33BD20;0x33BD20;0x33BD20;0x33BD20;0x33BD20
FN_libManis_0089DBF8,0x89DBF8,sub_89DBF8,0x89A700,0x334CD4
FN_libManis_0089DC0C,0x89DC0C,sub_89DC0C,0x89A874,0x334CD4
FN_libManis_0089DDD4,0x89DDD4,sub_89DDD4,0x839690;0x83E7A4;0x856680;0x893EFC,0x3681EC;0x33ACFC;0x957840;0x4F7328;0x33ACE0;0x3F8E7C;0x3F8E7C;0x3F8E7C;0x3F8E7C;0x3F8E7C
FN_libManis_008A0070,0x8A0070,sub_8A0070,0x8A5C78;0x8A62D0;0x8A6FF8;0x8A6FF8;0x8A6FF8;0x8AA8EC;0x8AA8EC;0x8AC2F0;0x8AC2F0;0x8AD040,0x957840;0x957870
FN_libManis_008A01BC,0x8A01BC,sub_8A01BC,0x8A51AC,0x957840
FN_libManis_008A02A8,0x8A02A8,sub_8A02A8,,0x957870
FN_libManis_008A02F8,0x8A02F8,sub_8A02F8,0x8A51AC;0x8A51AC,0x338E1C;0x8A252C;0x8A171C;0x338E1C;0x8A171C;0x33AEDC;0x33AEFC;0x33B970;0x33B970;0x8A1850
FN_libManis_008A171C,0x8A171C,sub_8A171C,0x8A02F8;0x8A02F8,0x33AD18;0x33ACE0
FN_libManis_008A1850,0x8A1850,sub_8A1850,0x8A02F8,0x367E58;0x8277E0;0x33ACFC;0x8A40AC;0x33ACFC;0x33ACE0;0x8309EC;0x33ACFC;0x363538;0x33ACFC
FN_libManis_008A2244,0x8A2244,sub_8A2244,0x8A02F8;0x8A02F8;0x8A02F8,0x8A3D5C;0x33ACFC
FN_libManis_008A2344,0x8A2344,sub_8A2344,0x8A02F8,
FN_libManis_008A252C,0x8A252C,sub_8A252C,0x8A02F8;0x8A28B8,0x334CC0
FN_libManis_008A277C,0x8A277C,sub_8A277C,0x8A51AC,0x957840
FN_libManis_008A2868,0x8A2868,sub_8A2868,,0x957870
FN_libManis_008A28B8,0x8A28B8,sub_8A28B8,0x8A51AC;0x8A51AC,0x338E1C;0x8A252C;0x8A3368;0x33AD18;0x33AEDC;0x33AEFC;0x33B970;0x33B970;0x33ACE0;0x7B55F8
FN_libManis_008A3368,0x8A3368,sub_8A3368,0x8A28B8,0x367E58;0x8277E0;0x33ACFC;0x8A40AC;0x33ACFC;0x33ACE0;0x8309EC;0x33ACFC;0x363538;0x33ACFC
FN_libManis_008A3D5C,0x8A3D5C,sub_8A3D5C,0x8A2244;0x8A5C78;0x8A62D0;0x8A6FF8;0x8AC2F0;0x8AC2F0;0x8AD040;0x8AD040;0x8ADD68;0x8ADD68,0x33BD20;0x33BD20;0x33BD20;0x33BD20;0x33BD20
FN_libManis_008A3F48,0x8A3F48,sub_8A3F48,,0x957870
FN_libManis_008A40AC,0x8A40AC,sub_8A40AC,0x8A1850;0x8A3368,0x33BD20;0x33BD20;0x33BD20;0x33BD20;0x33BD20;0x33BD20;0x34DE80;0x34DE80;0x33ACE0;0x33ACFC
FN_libManis_008A4648,0x8A4648,sub_8A4648,,0x957870
FN_libManis_008A47A4,0x8A47A4,sub_8A47A4,,0x8A4CDC;0x33AF24;0x33B970;0x33B970;0x957870;0x957870
FN_libManis_008A4CDC,0x8A4CDC,sub_8A4CDC,0x8A47A4,0x8A5C78;0x33AEDC;0x33AEFC;0x33B970;0x33B970
FN_libManis_008A51AC,0x8A51AC,sub_8A51AC,0x8B39C0;0x8BE960,0x8A01BC;0x957870;0x957870;0x8A02F8;0x338E1C;0x8A02F8;0x33AEDC;0x33AEFC;0x33B970;0x8A277C
FN_libManis_008A5C78,0x8A5C78,sub_8A5C78,0x8A4CDC,0x8A0070;0x8A3D5C;0x33ACFC
FN_libManis_008A61C8,0x8A61C8,sub_8A61C8,0x8A6FF8,0x33ACFC
FN_libManis_008A62D0,0x8A62D0,sub_8A62D0,0x88DC24,0x33ACFC;0x33AEDC;0x33AEFC;0x33B970;0x33B970;0x33ACE0;0x33AEDC;0x8A0070;0x8A3D5C;0x33ACFC
FN_libManis_008A6E88,0x8A6E88,sub_8A6E88,0x8A6FF8,0x8B20C4;0x334CEC
FN_libManis_008A6FF8,0x8A6FF8,sub_8A6FF8,0x89ACC8,0x8A0070;0x8A3D5C;0x33ACFC;0x33ACE0;0x8A0070;0x363538;0x33ACFC;0x8A845C;0x33AEDC;0x33AEFC
FN_libManis_008A845C,0x8A845C,sub_8A845C,0x88DC24;0x8A6FF8;0x8BF314,0x33BD20;0x8B16A4;0x33AEDC;0x8AFDE4;0x33AEDC;0x8B0C3C;0x7ADB24;0x338E1C;0x33ACFC;0x375BA8
FN_libManis_008AA8EC,0x8AA8EC,sub_8AA8EC,0x891E2C,0x8A0070;0x363538;0x33ACFC;0x338E1C;0x8A0070;0x363538;0x7BB810;0x33ACFC;0x338E1C;0x33ACFC
FN_libManis_008AB930,0x8AB930,sub_8AB930,0x8B0C3C;0x8B0C3C;0x8B0C3C;0x8B0C3C;0x8B0C3C;0x8B0C3C;0x8B16A4;0x8B16A4;0x8B16A4;0x8B16A4,0x8ABAA0;0x343DA4
FN_libManis_008ABAA0,0x8ABAA0,sub_8ABAA0,0x8AB930,0x8ABCF0;0x8ABDA8;0x8ABE60;0x8ABDA8;0x8ABE60;0x8ABF18;0x8B20D8;0x8B20D8;0x8B20D8;0x8B20D8
FN_libManis_008ABCF0,0x8ABCF0,sub_8ABCF0,0x8ABAA0,0x334CC0
FN_libManis_008ABDA8,0x8ABDA8,sub_8ABDA8,0x8ABAA0;0x8ABAA0,0x334CC0
FN_libManis_008ABE60,0x8ABE60,sub_8ABE60,0x8ABAA0;0x8ABAA0,0x334CC0
FN_libManis_008ABF18,0x8ABF18,sub_8ABF18,0x8ABAA0,0x334CC0
FN_libManis_008AC040,0x8AC040,sub_8AC040,0x8B0C3C,0x334CC0
FN_libManis_008AC2F0,0x8AC2F0,sub_8AC2F0,0x8B39C0,0x8A0070;0x8A3D5C;0x8B2618;0x8A0070;0x8A3D5C;0x33ACFC;0x33ACE0
FN_libManis_008AD040,0x8AD040,sub_8AD040,0x8B363C,0x8A0070;0x8A3D5C;0x8B2618;0x8A0070;0x8A3D5C;0x33ACFC;0x33ACE0
FN_libManis_008ADD68,0x8ADD68,sub_8ADD68,0x8B39C0,0x8A0070;0x8A3D5C;0x8B2618;0x33ACFC;0x8AECC0;0x8A0070;0x8A3D5C;0x33ACFC;0x33ACE0;0x368080
FN_libManis_008AECC0,0x8AECC0,sub_8AECC0,0x8ADD68;0x8AEFE8,0x8B27A0;0x334CEC
FN_libManis_008AEFE8,0x8AEFE8,sub_8AEFE8,0x8B39C0,0x8A0070;0x8A3D5C;0x8B2618;0x33ACFC;0x8AECC0;0x8A0070;0x8A3D5C;0x33ACFC;0x33ACE0
FN_libManis_008AFDE4,0x8AFDE4,sub_8AFDE4,0x8A845C;0x8AFDE4,0x8A0070;0x363538;0x33ACFC;0x8B0C3C;0x8B16A4;0x33AEDC;0x8AFDE4;0x33AEDC;0x33ACE0;0x33AEFC
FN_libManis_008B0BF4,0x8B0BF4,sub_8B0BF4,0x8A845C,
FN_libManis_008B0C3C,0x8B0C3C,sub_8B0C3C,0x8A845C;0x8AFDE4,0x338E1C;0x33ACFC;0x8AB930;0x8AB930;0x8AB930;0x8AB930;0x8AB930;0x338E1C;0x8AB930;0x33BD20
FN_libManis_008B16A4,0x8B16A4,sub_8B16A4,0x8A845C;0x8AFDE4,0x338E1C;0x33ACFC;0x8AB930;0x8AB930;0x8AB930;0x8AB930;0x8AB930;0x338E1C;0x8AB930;0x33BD20
FN_libManis_008B20C4,0x8B20C4,sub_8B20C4,0x8A62D0;0x8A6E88,0x334CD4
FN_libManis_008B20D8,0x8B20D8,sub_8B20D8,0x8ABAA0;0x8ABAA0;0x8ABAA0;0x8ABAA0;0x8ABAA0;0x8ABAA0,0x338E1C;0x8B2440
FN_libManis_008B2440,0x8B2440,sub_8B2440,0x8B20D8,0x334CEC
FN_libManis_008B2618,0x8B2618,sub_8B2618,0x8AC2F0;0x8AD040;0x8ADD68;0x8AEFE8,0x33BD20;0x33BD20
FN_libManis_008B27A0,0x8B27A0,sub_8B27A0,0x8AECC0,0x334CD4
FN_libManis_008B2968,0x8B2968,sub_8B2968,,0x8B2A34;0x957840;0x957870
FN_libManis_008B2A34,0x8B2A34,sub_8B2A34,0x8B2968;0x8B3044,0x3DA760;0x3DA9C8;0x3DAB70
FN_libManis_008B2B34,0x8B2B34,sub_8B2B34,,0x8E8868;0x8E8868;0x8E8868;0x8E8868;0x8E8868;0x8CF6A4;0x8CFE4C;0x334CC0
FN_libManis_008B3044,0x8B3044,sub_8B3044,,0x8B2A34;0x3DB3C4;0x338E1C;0x957840;0x957870
FN_libManis_008B3164,0x8B3164,sub_8B3164,0x8B3230,0x3DEF44;0x3DDAF0
FN_libManis_008B3230,0x8B3230,sub_8B3230,,0x8B3164
FN_libManis_008B3458,0x8B3458,sub_8B3458,0x3FAA64,0x8B34A4
FN_libManis_008B34A4,0x8B34A4,sub_8B34A4,0x8B3458,0x33E200;0x45A994
FN_libManis_008B363C,0x8B363C,sub_8B363C,0x8B399C,0x8AD040;0x33AF24;0x33B970;0x33B970;0x367C40;0x89BD54;0x957870;0x3F4630
FN_libManis_008B399C,0x8B399C,sub_8B399C,,0x8B363C
FN_libManis_008B39C0,0x8B39C0,sub_8B39C0,,0x957840;0x957870;0x957840;0x957840;0x957870;0x33ACFC;0x3EF128;0x957870;0x957870;0x957840
FN_libManis_008B765C,0x8B765C,sub_8B765C,0x8B39C0,0x334CC0
FN_libManis_008B7864,0x8B7864,sub_8B7864,0x8B39C0,0x957840;0x957840;0x957840;0x7D7094;0x338E1C;0x89BC4C;0x89BD54;0x3D66E0
FN_libManis_008B7B70,0x8B7B70,sub_8B7B70,0x8B39C0,0x957870;0x367C40;0x957870;0x957870;0x8BDEB0;0x89BD54;0x837884
FN_libManis_008B7D54,0x8B7D54,sub_8B7D54,,0x8BB3AC;0x89B3C4;0x89B3C4;0x3D1B5C;0x4009AC;0x4009AC;0x400C38;0x3D1B5C;0x846090;0x33ACFC
FN_libManis_008BB3AC,0x8BB3AC,sub_8BB3AC,0x8B7D54;0x8B7D54,0x8C5294;0x8BE0F8
FN_libManis_008BB540,0x8BB540,sub_8BB540,0x8B7D54,0x957840;0x8C562C;0x33AEDC;0x33AEFC;0x33B970;0x33B970;0x88DAF0;0x3F91C0;0x8C4370;0x8C5294
FN_libManis_008BC530,0x8BC530,sub_8BC530,0x8B7D54,0x957840;0x3F283C;0x957840;0x8C562C;0x33AEDC;0x33AEFC;0x33B970;0x33B970;0x88DAF0;0x3EBCCC
FN_libManis_008BD48C,0x8BD48C,sub_8BD48C,0x8B7D54,0x957840;0x3481E0;0x3F97D0;0x33AEDC;0x33AEFC;0x33B970;0x33B970;0x343E40;0x33ACE0;0x957870
FN_libManis_008BDEB0,0x8BDEB0,sub_8BDEB0,0x8B7B70,
FN_libManis_008BE0F8,0x8BE0F8,sub_8BE0F8,0x8BB3AC;0x8BE10C,0x334CD4
FN_libManis_008BE10C,0x8BE10C,sub_8BE10C,0x8B7D54;0x8B7D54;0x8C0FF8;0x8C0FF8,0x8C5294;0x8C5294;0x8BE0F8;0x334CEC
FN_libManis_008BE4CC,0x8BE4CC,sub_8BE4CC,0x8DD43C,0x8BE960;0x33AF24;0x33B970;0x33B970
FN_libManis_008BE960,0x8BE960,sub_8BE960,0x8BE4CC;0x8BEFB0,0x35C1A8;0x35A33C;0x957870;0x8A51AC;0x33AF24;0x33B970;0x33ACFC;0x957870;0x338E1C;0x33BD20
FN_libManis_008BEFB0,0x8BEFB0,sub_8BEFB0,,0x33AD18;0x33ACE0;0x8BE960
FN_libManis_008BF314,0x8BF314,sub_8BF314,0x8B7D54,0x338E1C;0x8C0B88;0x8C83E0;0x8C2724;0x33ACFC;0x338E1C;0x8C0B88;0x8C83E0;0x8C2724;0x33ACFC
FN_libManis_008C0B88,0x8C0B88,sub_8C0B88,0x8BF314;0x8BF314,0x338E1C
FN_libManis_008C0FF8,0x8C0FF8,sub_8C0FF8,0x8A6FF8,0x8CD118;0x33ACE0;0x8C47A4;0x8C85D4;0x8C5294;0x8C85D4;0x8BE10C;0x8C47A4;0x8C85D4;0x8C5294
FN_libManis_008C2724,0x8C2724,sub_8C2724,0x8BF314;0x8BF314,0x33BD20;0x33BD20;0x33BD20
FN_libManis_008C28CC,0x8C28CC,sub_8C28CC,0x8C0FF8,0x33BD20;0x33BD20;0x33BD20
FN_libManis_008C2C28,0x8C2C28,sub_8C2C28,0x831E28;0x865EEC;0x86DD44;0x876928;0x876928;0x876928;0x876928,0x338E1C;0x334CC0
FN_libManis_008C2E34,0x8C2E34,sub_8C2E34,0x848160,0x338E1C;0x334CC0
FN_libManis_008C3038,0x8C3038,sub_8C3038,0x831E28;0x837E34;0x839690;0x83E7A4;0x843CB8;0x85F008;0x862828;0x865EEC;0x868F00;0x8728B4,0x338E1C;0x334CC0
FN_libManis_008C323C,0x8C323C,sub_8C323C,0x83574C;0x83574C;0x8464B8;0x84DE44;0x84DE44;0x882548,0x338E1C;0x334CC0
FN_libManis_008C3440,0x8C3440,sub_8C3440,0x862D98,0x338E1C;0x334CC0
FN_libManis_008C3640,0x8C3640,sub_8C3640,0x839690;0x839690;0x839690;0x83E7A4;0x83E7A4;0x83E7A4;0x843CB8;0x85F008;0x862A18;0x865EEC,0x338E1C;0x334CC0
FN_libManis_008C38F0,0x8C38F0,sub_8C38F0,0x85F008;0x87D634,0x338E1C;0x334CC0
FN_libManis_008C3B9C,0x8C3B9C,sub_8C3B9C,0x89C3DC,0x8C40F4;0x33AF24;0x33B970;0x33B970
FN_libManis_008C40F4,0x8C40F4,sub_8C40F4,0x8C3B9C;0x8C47A4,0x368080;0x33ACFC
FN_libManis_008C4348,0x8C4348,sub_8C4348,0x839690;0x839690;0x839690;0x839690;0x83E7A4;0x83E7A4;0x83E7A4;0x83E7A4,
FN_libManis_008C4364,0x8C4364,sub_8C4364,0x837E34;0x8936C8;0x896AF8;0x896AF8;0x898888;0x898888,
FN_libManis_008C4370,0x8C4370,sub_8C4370,0x8936C8;0x8BB540;0x8BC530,0x338E1C
FN_libManis_008C47A4,0x8C47A4,sub_8C47A4,0x8C0FF8;0x8C0FF8,0x8C54A4;0x33ACFC;0x8C40F4;0x33AEDC;0x33AEFC;0x33B970;0x33B970;0x3CBE64;0x33ACE0
FN_libManis_008C5294,0x8C5294,sub_8C5294,0x89CD04;0x8B7D54;0x8B7D54;0x8BB3AC;0x8BB540;0x8BC530;0x8BE10C;0x8BE10C;0x8C0FF8;0x8C0FF8,
FN_libManis_008C54A4,0x8C54A4,sub_8C54A4,0x8C47A4,0x33BD20;0x33BD20
FN_libManis_008C562C,0x8C562C,sub_8C562C,0x862D98;0x8936C8;0x8BB540;0x8BC530,0x81CF40;0x33ACFC
FN_libManis_008C571C,0x8C571C,sub_8C571C,,0x957870
FN_libManis_008C57F0,0x8C57F0,sub_8C57F0,0x8CBAD8;0x8CBAD8,
FN_libManis_008C5834,0x8C5834,sub_8C5834,0x8CBAD8;0x8CC87C;0x8CC87C,
FN_libManis_008C5838,0x8C5838,sub_8C5838,0x88DC24,
FN_libManis_008C671C,0x8C671C,sub_8C671C,0x8C8720;0x8C8720,0x8C7F84;0x8CE7A0;0x8CE7A0;0x8CB1C4;0x33E200;0x8CB2E4;0x8CDB74;0x8CE7A0;0x8CE7A0;0x8CB494
FN_libManis_008C7F84,0x8C7F84,sub_8C7F84,0x8C671C;0x8CDB74;0x8CEA28,
FN_libManis_008C8228,0x8C8228,sub_8C8228,0x8C671C,0x89D5BC;0x334CEC
FN_libManis_008C83DC,0x8C83DC,sub_8C83DC,0x894BEC,
FN_libManis_008C83E0,0x8C83E0,sub_8C83E0,0x894BEC;0x8BF314;0x8BF314;0x8C8720;0x8C8720;0x8C8720,0x8CB1C4;0x8CB4D8;0x334CC0;0x334CC0
FN_libManis_008C85D4,0x8C85D4,sub_8C85D4,0x898374;0x8C0FF8;0x8C0FF8;0x8C0FF8;0x8C0FF8,0x8CB4D8;0x3AC934;0x334CC0
FN_libManis_008C8720,0x8C8720,sub_8C8720,0x894BEC,0x8CA35C;0x8CE7A0;0x8CE7A0;0x8C671C;0x8C83E0;0x8CB698;0x8CB814;0x8C671C;0x8CB698;0x358D78
FN_libManis_008CA35C,0x8CA35C,sub_8CA35C,0x8C8720,
FN_libManis_008CA5D8,0x8CA5D8,sub_8CA5D8,0x8CA9D8,0x8CEA28;0x3D4204;0x8CE7A0;0x8CE7A0
FN_libManis_008CA9D8,0x8CA9D8,sub_8CA9D8,0x88DC24,0x8CA5D8;0x8CE7A0;0x8CE7A0
FN_libManis_008CAEEC,0x8CAEEC,sub_8CAEEC,0x8C0FF8,0x8CEDE4;0x8CEDE4
FN_libManis_008CB1C4,0x8CB1C4,sub_8CB1C4,0x8C671C;0x8C83E0,
FN_libManis_008CB2E4,0x8CB2E4,sub_8CB2E4,0x8C671C,
FN_libManis_008CB494,0x8CB494,sub_8CB494,0x8C671C;0x8CB498;0x8CB498,
FN_libManis_008CB498,0x8CB498,sub_8CB498,,0x8CB494;0x8CB494
FN_libManis_008CB4D8,0x8CB4D8,sub_8CB4D8,0x8C671C;0x8C83E0;0x8C85D4,0x338E1C;0x33E200
FN_libManis_008CB698,0x8CB698,sub_8CB698,0x8C8720;0x8C8720;0x907AA4,0x33E200
FN_libManis_008CB814,0x8CB814,sub_8CB814,0x8C8720,0x338E1C;0x338E1C;0x357680
FN_libManis_008CBAD4,0x8CBAD4,sub_8CBAD4,0x8CDB74,
FN_libManis_008CBAD8,0x8CBAD8,sub_8CBAD8,0x8CC560,0x8C5834;0x8C57F0;0x8C57F0
FN_libManis_008CC560,0x8CC560,sub_8CC560,0x8CC87C;0x8CC87C;0x8CC87C;0x8CC87C,0x8CBAD8
FN_libManis_008CC87C,0x8CC87C,sub_8CC87C,0x8CD118;0x8CD118;0x8CD118,0x8C5834;0x8CC560;0x8CC560;0x8C5834;0x8CC560;0x8CC560;0x8CEDE4;0x8CEDE4
FN_libManis_008CD118,0x8CD118,sub_8CD118,0x8C0FF8,0x8CC87C;0x8CC87C;0x8CC87C
FN_libManis_008CDB74,0x8CDB74,sub_8CDB74,0x8C671C,0x8C7F84;0x8CE7A0;0x8CE7A0;0x8CBAD4;0x334CC0
FN_libManis_008CE7A0,0x8CE7A0,sub_8CE7A0,0x8C671C;0x8C671C;0x8C671C;0x8C671C;0x8C8720;0x8C8720;0x8CA5D8;0x8CA5D8;0x8CA9D8;0x8CA9D8,
FN_libManis_008CEA28,0x8CEA28,sub_8CEA28,0x8CA5D8;0x8CEDE4,0x8C7F84;0x8CE7A0;0x8CE7A0
FN_libManis_008CEDE4,0x8CEDE4,sub_8CEDE4,0x8CAEEC;0x8CAEEC;0x8CC87C;0x8CC87C,0x8CEA28;0x8E8868;0x957840;0x8CF04C;0x8CF04C;0x957870;0x957870;0x351104;0x957870;0x334CC0
FN_libManis_008CF04C,0x8CF04C,sub_8CF04C,0x3DB46C;0x8CEDE4;0x8CEDE4;0x8CF6CC;0x8CF6CC;0x8CF94C;0x8CF94C;0x8CFBCC;0x8CFBCC;0x8CFE4C,0x957870;0x8D0268;0x957870;0x957840;0x957870;0x957870;0x957870;0x957870;0x358C44;0x358C44
FN_libManis_008CF690,0x8CF690,sub_8CF690,0x6EC134,
FN_libManis_008CF6A4,0x8CF6A4,sub_8CF6A4,0x6E2C00;0x75F40C;0x7A9980;0x8B2B34,
FN_libManis_008CF6B8,0x8CF6B8,sub_8CF6B8,0x8D7980,
FN_libManis_008CF6CC,0x8CF6CC,sub_8CF6CC,0x8D57F4;0x8D7980;0x8E88E0;0x8E88E0,0x8E8868;0x957840;0x8CF04C;0x8CF04C;0x957870;0x957870;0x35195C;0x957870;0x334CC0
FN_libManis_008CF94C,0x8CF94C,sub_8CF94C,0x453B34;0x8E88E0,0x8E8868;0x957840;0x8CF04C;0x8CF04C;0x957870;0x957870;0x35195C;0x957870;0x334CC0
FN_libManis_008CFBCC,0x8CFBCC,sub_8CFBCC,0x45ACA8;0x6EC134;0x767930;0x8E88E0,0x8E8868;0x957840;0x8CF04C;0x8CF04C;0x957870;0x957870;0x35195C;0x957870;0x334CC0
FN_libManis_008CFE4C,0x8CFE4C,sub_8CFE4C,0x453B34;0x6E2C00;0x75F40C;0x7A9980;0x8B2B34;0x8E88E0,0x8E8868;0x957840;0x8CF04C;0x8CF04C;0x957870;0x957870;0x35195C;0x957870;0x334CC0
FN_libManis_008D00CC,0x8D00CC,sub_8D00CC,,0x957870;0x957870;0x957870;0x957870
FN_libManis_008D0268,0x8D0268,sub_8D0268,0x8CF04C,0x34F230;0x334CC0;0x334CC0
FN_libManis_008D03EC,0x8D03EC,sub_8D03EC,,0x350D98
FN_libManis_008D04E8,0x8D04E8,"manis::Executor::CreateExecutor(manis::Net*, manis::ExtendOptions*)",,0x957840;0x957840;0x957870;0x8D1AF4;0x957840;0x957840;0x8E9738;0x957870;0x957870;0x8E98AC
FN_libManis_008D1AF4,0x8D1AF4,sub_8D1AF4,0x8D04E8;0x8D8FA4;0x8D9DE4,
FN_libManis_008D1B28,0x8D1B28,sub_8D1B28,,0x8D2F00;0x33AD58;0x33AEDC;0x33AEFC;0x33B970;0x33B970;0x33B970;0x957840;0x957870;0x3CD538
FN_libManis_008D2F00,0x8D2F00,sub_8D2F00,0x8D1B28,0x35DA78
FN_libManis_008D3088,0x8D3088,sub_8D3088,0x8D3194,0x957870;0x957870
FN_libManis_008D3194,0x8D3194,sub_8D3194,,0x8D3088
FN_libManis_008D31F4,0x8D31F4,sub_8D31F4,,0x957840;0x957870;0x334CC0
FN_libManis_008D3970,0x8D3970,sub_8D3970,,0x957840;0x957870;0x334CC0
FN_libManis_008D40B0,0x8D40B0,sub_8D40B0,,0x33AEDC;0x33B970;0x33B970;0x33AF14
FN_libManis_008D4748,0x8D4748,sub_8D4748,,0x3CD960;0x33AF24;0x3CDA48;0x33AD58;0x33AEDC;0x33B970;0x33B970;0x33B970;0x33AF14
FN_libManis_008D4E90,0x8D4E90,sub_8D4E90,0x8E9738,
FN_libManis_008D4E94,0x8D4E94,sub_8D4E94,0x8E97C4;0x8E97C4,
FN_libManis_008D4E98,0x8D4E98,sub_8D4E98,0x8EA434;0x8EA550,
FN_libManis_008D4ECC,0x8D4ECC,sub_8D4ECC,0x8EA434;0x8EA550,
FN_libManis_008D4EE4,0x8D4EE4,manis::ManisXpuApiVersion(),,0x8DD0D4;0x33E200;0x8DD0D4;0x33E200;0x8DD0D4;0x33E200;0x8DD0D4;0x33E200;0x8DD0D4;0x33E200
FN_libManis_008D5474,0x8D5474,manis::ExtendOptions::~ExtendOptions(),,0x8DC228
FN_libManis_008D54B0,0x8D54B0,"manis::ExtendOptions::Add(manis::ExtendOptionID, int)",,0x33E200
FN_libManis_008D558C,0x8D558C,"manis::ExtendOptions::Add(manis::ExtendOptionID, float)",,0x33E200
FN_libManis_008D5690,0x8D5690,"manis::ExtendOptions::Add(manis::ExtendOptionID, void const*)",,0x33E200
FN_libManis_008D5770,0x8D5770,manis::Net::CreateNet(manis::ExtendOptions*),,0x8E3EC8;0x8E83EC
FN_libManis_008D57F4,0x8D57F4,manis::IsSupport(manis::ExtendOptions*),,0x8CF6CC;0x33ACFC;0x8D5D40;0x8D5E78;0x33AF24;0x33B970;0x3DA258;0x33AF24
FN_libManis_008D5D40,0x8D5D40,sub_8D5D40,0x8D57F4,
FN_libManis_008D5E78,0x8D5E78,sub_8D5E78,0x8D57F4,0x33ACE0;0x33AD30;0x35DA78
FN_libManis_008D6040,0x8D6040,manis::IsSupport(manis::DeviceType),,0x33E200
FN_libManis_008D6158,0x8D6158,"manis::IsSupport(manis::DeviceType, manis::DataType)",,0x33E200;0x33E200
FN_libManis_008D6320,0x8D6320,"manis::IsSupport(manis::DeviceType, manis::QnnBackendType, char const*, char const*)",,0x33E200;0x33E200;0x33E200;0x33E200
FN_libManis_008D6638,0x8D6638,"manis::IsSupport(manis::DeviceType, char const*)",,0x33E200;0x33E200
FN_libManis_008D6870,0x8D6870,manis::IsSupportARMv82Dotprod(),,0x32F644;0x957870
FN_libManis_008D6A20,0x8D6A20,"manis::CheckModelValid(unsigned char const*, unsigned int)",,0x3E1E70;0x3E1E70;0x361BB8;0x33AF24;0x363A04;0x33AF24;0x33B970;0x33B970;0x33B970;0x33B970
FN_libManis_008D742C,0x8D742C,manis::SetMemoryMode(manis::MemoryMode),,0x35C1A8;0x8D755C;0x957870;0x35C00C
FN_libManis_008D755C,0x8D755C,sub_8D755C,0x8D742C;0x8D784C,0x8DC270;0x33E200;0x957840;0x957870;0x957870;0x33E200;0x8DDF10;0x957870;0x35DA20
FN_libManis_008D784C,0x8D784C,"manis::SetMemoryMode(manis::MemoryMode, manis::DeviceType)",,0x35C1A8;0x8D755C;0x957870;0x35C00C
FN_libManis_008D7980,0x8D7980,manis::SetGlobalOptions(manis::ExtendOptions*),,0x8E8868;0x8E8868;0x8CF6B8;0x8CF6CC;0x35C1A8;0x8D8228;0x957870;0x35C1A8;0x8D8228;0x957870
FN_libManis_008D8228,0x8D8228,sub_8D8228,0x8D7980;0x8D7980;0x8DBEA4,0x8DC270;0x33E200;0x957840;0x957870;0x957870;0x33E200;0x957870
FN_libManis_008D84D8,0x8D84D8,manis::SetEnvVariable(char const*),,0x33E200;0x33E200
FN_libManis_008D8B10,0x8D8B10,"manis::IsModelCached(char const*, manis::DeviceType, manis::DataType, manis::LayoutType)",,0x3E1E70;0x349234;0x3E2278
FN_libManis_008D8FA4,0x8D8FA4,"manis::IsModelCached(unsigned char const*, unsigned int, manis::DeviceType, manis::DataType, manis::LayoutType)",,0x33E200;0x33E200;0x33E200;0x33E200;0x8E88E0;0x8DE244;0x957840;0x8E1834;0x957870;0x8D1AF4
FN_libManis_008D9950,0x8D9950,"manis::CacheModel(char const*, manis::DeviceType, manis::DataType, manis::LayoutType)",,0x3E1E70;0x349234;0x3E2278
FN_libManis_008D9DE4,0x8D9DE4,"manis::CacheModel(unsigned char const*, unsigned int, manis::DeviceType, manis::DataType, manis::LayoutType)",,0x33E200;0x33E200;0x33E200;0x8E88E0;0x8DE244;0x957840;0x8E1834;0x957870;0x8D1AF4;0x957840
FN_libManis_008DAB28,0x8DAB28,manis::CustomConfig::~CustomConfig(),,0x8DC41C
FN_libManis_008DABDC,0x8DABDC,"manis::CustomConfig::Add(manis::CustomConfigApplyScope, std::__ndk1::basic_string<char, std::__ndk1::char_traits<char>, std::__ndk1::allocator<char>>, std::__ndk1::pair<manis::CustomConfigMethod, std::__ndk1::basic_string<char, std::__ndk1::char_traits<char>, std::__ndk1::allocator<char>>>)",,0x338E1C;0x338E1C;0x8DAD00
FN_libManis_008DAD00,0x8DAD00,sub_8DAD00,0x8DABDC,0x8DC4FC;0x3DFEF4;0x8DC4FC;0x338E1C;0x3DFEF4;0x8DC74C;0x8DCD90
FN_libManis_008DB0C4,0x8DB0C4,"manis::CustomConfig::Add(manis::CustomConfigApplyScope, unsigned int, std::__ndk1::pair<manis::CustomConfigMethod, std::__ndk1::basic_string<char, std::__ndk1::char_traits<char>, std::__ndk1::allocator<char>>>)",,0x8DB1A0;0x338E1C;0x8DB1A0
FN_libManis_008DB1A0,0x8DB1A0,sub_8DB1A0,0x8DB0C4;0x8DB0C4,0x8DC4FC;0x3DFEF4;0x8DC4FC;0x3DFEF4;0x8DC74C;0x8DCD90
FN_libManis_008DB500,0x8DB500,manis::CustomConfig::Impl::Serialize(),,0x355CC8;0x351984;0x351984;0x355C64;0x355C64;0x355C64;0x355CC8;0x355CC8;0x355CC8;0x34ED40
FN_libManis_008DBEA4,0x8DBEA4,SetGlobalCacheDir,,0x33E200;0x33E200;0x33E200;0x35C1A8;0x8D8228;0x957870;0x35C00C
FN_libManis_008DC228,0x8DC228,sub_8DC228,0x8D5474;0x8DC22C;0x8DC22C,
FN_libManis_008DC22C,0x8DC22C,sub_8DC22C,,0x8DC228;0x8DC228
FN_libManis_008DC270,0x8DC270,sub_8DC270,0x8D755C;0x8D8228;0x8E88E0,0x35DA78
FN_libManis_008DC41C,0x8DC41C,sub_8DC41C,0x8DAB28,
FN_libManis_008DC4FC,0x8DC4FC,sub_8DC4FC,0x8DAD00;0x8DAD00;0x8DB1A0;0x8DB1A0,0x34E5B8
FN_libManis_008DC74C,0x8DC74C,sub_8DC74C,0x8DAD00;0x8DB1A0,0x34E5B8;0x338E1C;0x8DCBB8
FN_libManis_008DCBB8,0x8DCBB8,sub_8DCBB8,0x8DC74C,0x334CEC
FN_libManis_008DCD90,0x8DCD90,sub_8DCD90,0x8DAD00;0x8DB1A0,0x8DD008;0x8DD0C0;0x334CEC
FN_libManis_008DD008,0x8DD008,sub_8DD008,0x8DCD90,
FN_libManis_008DD0C0,0x8DD0C0,sub_8DD0C0,0x8DCD90,0x334CD4
FN_libManis_008DD0D4,0x8DD0D4,sub_8DD0D4,0x8D4EE4;0x8D4EE4;0x8D4EE4;0x8D4EE4;0x8D4EE4;0x8D4EE4,
FN_libManis_008DD438,0x8DD438,sub_8DD438,0x8D4EE4;0x8D4EE4;0x8DD43C;0x8DD43C,
FN_libManis_008DD43C,0x8DD43C,sub_8DD43C,,0x8DD438;0x8DD438;0x6EC624;0x351984;0x351984;0x355CC8;0x8BE4CC;0x351984;0x351984;0x355CC8
FN_libManis_008DDF10,0x8DDF10,sub_8DDF10,0x8D755C,
FN_libManis_008DE030,0x8DE030,sub_8DE030,,0x35DA78
FN_libManis_008DE244,0x8DE244,sub_8DE244,0x8D8FA4;0x8D9DE4;0x8E1900;0x8E2A54,
FN_libManis_008DE288,0x8DE288,sub_8DE288,0x8DE368,0x957870;0x957870
FN_libManis_008DE368,0x8DE368,sub_8DE368,,0x8DE288
FN_libManis_008DE38C,0x8DE38C,sub_8DE38C,,0x8DFA8C;0x957870;0x957870;0x957840;0x957870;0x33AF24;0x33B970;0x33B970;0x33B970;0x34910C
FN_libManis_008DFA8C,0x8DFA8C,sub_8DFA8C,0x8DE38C;0x8DFC14,0x35DA78
FN_libManis_008DFC14,0x8DFC14,sub_8DFC14,,0x33ACE0;0x8DFA8C;0x957870;0x957870;0x957840;0x957870;0x33AF24;0x33B970;0x33B970;0x33B970
FN_libManis_008E15D0,0x8E15D0,sub_8E15D0,,0x33AF24
FN_libManis_008E1644,0x8E1644,sub_8E1644,,0x33AF24
FN_libManis_008E16B8,0x8E16B8,sub_8E16B8,,0x33AF24
FN_libManis_008E172C,0x8E172C,sub_8E172C,,0x33AF24
FN_libManis_008E17A0,0x8E17A0,sub_8E17A0,,0x33AF24
FN_libManis_008E1834,0x8E1834,sub_8E1834,0x8D8FA4;0x8D9DE4;0x8E1900;0x8E2A54,0x3EF128;0x957870;0x957870
FN_libManis_008E1900,0x8E1900,sub_8E1900,0x8E40E8,0x8E39BC;0x957840;0x8DE244;0x957840;0x8E1834;0x957870;0x957870;0x338E1C;0x957840;0x8E3ADC
FN_libManis_008E2A54,0x8E2A54,sub_8E2A54,0x8E5610,0x361728;0x8E39BC;0x957840;0x8DE244;0x957840;0x8E1834;0x957870;0x957870;0x338E1C;0x957840
FN_libManis_008E393C,0x8E393C,sub_8E393C,0x8E3F10,0x8E39BC;0x957840;0x8E3DF4
FN_libManis_008E39BC,0x8E39BC,sub_8E39BC,0x8E1900;0x8E2A54;0x8E393C,
FN_libManis_008E3ADC,0x8E3ADC,sub_8E3ADC,0x8E1900;0x8E2A54,0x33E200
FN_libManis_008E3C58,0x8E3C58,sub_8E3C58,0x8E1900;0x8E2A54,0x338E1C;0x33E200
FN_libManis_008E3DF4,0x8E3DF4,sub_8E3DF4,0x8E393C,0x3D4204;0x957870
FN_libManis_008E3EC8,0x8E3EC8,sub_8E3EC8,0x8D5770,
FN_libManis_008E3F10,0x8E3F10,sub_8E3F10,0x8E40C4,0x957870;0x8E8610;0x8E393C;0x957870;0x957870;0x957870;0x8E84C8
FN_libManis_008E40C4,0x8E40C4,sub_8E40C4,,0x8E3F10
FN_libManis_008E40E8,0x8E40E8,sub_8E40E8,,0x957840;0x33B8D0;0x8E8610;0x957840;0x8E1900;0x957870;0x957870;0x957870;0x957870;0x957840
FN_libManis_008E553C,0x8E553C,sub_8E553C,0x8E40E8;0x8E40E8;0x8E5610;0x8E5610;0x8E98AC;0x8EA434;0x8EA550,0x3591C4;0x35924C;0x957870
FN_libManis_008E5610,0x8E5610,sub_8E5610,,0x957840;0x33B8D0;0x8E8610;0x957840;0x8E2A54;0x957870;0x957870;0x957870;0x957870;0x957840
FN_libManis_008E83EC,0x8E83EC,sub_8E83EC,0x8D5770,0x957870
FN_libManis_008E84C8,0x8E84C8,sub_8E84C8,0x8E3F10;0x8E40E8;0x8E5610,
FN_libManis_008E8528,0x8E8528,sub_8E8528,,0x957870;0x957870;0x957870
FN_libManis_008E8610,0x8E8610,sub_8E8610,0x8E3F10;0x8E40E8;0x8E5610,0x957840;0x35C404;0x35C46C;0x35C404;0x35C46C
FN_libManis_008E8794,0x8E8794,sub_8E8794,,0x8E87DC
FN_libManis_008E87DC,0x8E87DC,sub_8E87DC,0x8E8794;0x8E87E0;0x8E87E0,
FN_libManis_008E87E0,0x8E87E0,sub_8E87E0,,0x8E87DC;0x8E87DC;0x957870
FN_libManis_008E8868,0x8E8868,sub_8E8868,0x3DB46C;0x3DB46C;0x3DB46C;0x3DB46C;0x3DB46C;0x3DB46C;0x3DB46C;0x3DB46C;0x453B34;0x453B34,
FN_libManis_008E88E0,0x8E88E0,sub_8E88E0,0x8D8FA4;0x8D9DE4,0x8CF04C;0x957870;0x957870;0x8CF6CC;0x8CF6CC;0x957870;0x358748;0x358748;0x8CF94C;0x8CFBCC
FN_libManis_008E9738,0x8E9738,sub_8E9738,0x8D04E8,0x8D4E90;0x957840;0x957840
FN_libManis_008E97C4,0x8E97C4,sub_8E97C4,0x8E9888,0x957870;0x957870;0x8D4E94;0x8D4E94
FN_libManis_008E9888,0x8E9888,sub_8E9888,,0x8E97C4
FN_libManis_008E98AC,0x8E98AC,sub_8E98AC,0x8D04E8,0x8E99E4;0x957840;0x33B8D0;0x8E553C;0x33AC60
FN_libManis_008E99E4,0x8E99E4,sub_8E99E4,0x8E98AC;0x8EA01C;0x8EA0F4;0x8EA1CC;0x8EA2A4;0x8EA37C;0x8EA434;0x8EA550;0x8EA650;0x8EA730,0x33AB10
FN_libManis_008EA01C,0x8EA01C,sub_8EA01C,,0x8E99E4;0x33AC60
FN_libManis_008EA0F4,0x8EA0F4,sub_8EA0F4,,0x8E99E4;0x33AC60
FN_libManis_008EA1CC,0x8EA1CC,sub_8EA1CC,,0x8E99E4;0x33AC60
FN_libManis_008EA2A4,0x8EA2A4,sub_8EA2A4,,0x8E99E4;0x33AC60
FN_libManis_008EA37C,0x8EA37C,sub_8EA37C,,0x8E99E4;0x33AC60
FN_libManis_008EA434,0x8EA434,sub_8EA434,,0x8E99E4;0x8D4E98;0x957840;0x33B8D0;0x8D4ECC;0x8E553C;0x33AC60
FN_libManis_008EA550,0x8EA550,sub_8EA550,,0x8E99E4;0x8D4E98;0x957840;0x33B8D0;0x8D4ECC;0x8E553C;0x33AC60
FN_libManis_008EA650,0x8EA650,sub_8EA650,,0x8E99E4;0x33AC60
FN_libManis_008EA730,0x8EA730,sub_8EA730,,0x8E99E4;0x33AC60
FN_libManis_008EA810,0x8EA810,sub_8EA810,,0x8E99E4;0x33AC60
FN_libManis_008EA8F0,0x8EA8F0,sub_8EA8F0,,0x8E99E4;0x33AC60
FN_libManis_008EA9C8,0x8EA9C8,sub_8EA9C8,,0x8E99E4;0x33AC60
FN_libManis_008EAAA0,0x8EAAA0,sub_8EAAA0,,0x8E99E4;0x33AC60
FN_libManis_008EAB78,0x8EAB78,sub_8EAB78,,0x8E99E4;0x33AC60
FN_libManis_008EAC50,0x8EAC50,"manis::Tensor::Tensor(manis::DeviceType const&, manis::LayoutType const&, manis::DataType const&)",,0x3F8780;0x957870;0x957870
FN_libManis_008EADA4,0x8EADA4,manis::Tensor::Tensor(manis::Tensor const&),,0x3F8650
FN_libManis_008EADE8,0x8EADE8,manis::Tensor::operator=(manis::Tensor const&),,0x6C45B8
FN_libManis_008EAE14,0x8EAE14,manis::Tensor::CopyFrom(manis::Tensor const&),,0x3EBCCC
FN_libManis_008EAE8C,0x8EAE8C,manis::Tensor::CopyFromData(void const*),,0x3F8A50;0x3F91C0;0x3F91C0;0x3F91C0
FN_libManis_008EB878,0x8EB878,"manis::Tensor::SetDim(unsigned int, unsigned int)",,0x3F8B6C
FN_libManis_008EB8A4,0x8EB8A4,"manis::Tensor::SetDim(unsigned int, unsigned int*)",,0x3F8BB0;0x3F8BB0
FN_libManis_008EB9AC,0x8EB9AC,manis::Tensor::AddDim(unsigned int),,0x3F8CD8
FN_libManis_008EB9D8,0x8EB9D8,manis::Tensor::GetDim(unsigned int) const,,0x3F8E7C
FN_libManis_008EBAC4,0x8EBAC4,manis::Tensor::ReferenceFromData(void const*),,0x3F9564
FN_libManis_008EBB28,0x8EBB28,manis::Tensor::MutableData(),,0x3E1EF8;0x957840;0x957870;0x957870;0x957870
FN_libManis_008EBCF0,0x8EBCF0,manis::NCHW2NHWC(manis::Tensor const&),,0x341988;0x341AA8
FN_libManis_008EC470,0x8EC470,manis::NHWC2NCHW(manis::Tensor const&),,0x341A18;0x341B2C
FN_libManis_008ECBE8,0x8ECBE8,manis::NCHWToNCHWC4(manis::Tensor const&),,0x342508
FN_libManis_008ED37C,0x8ED37C,manis::NCHWC4ToNCHW(manis::Tensor const&),,0x3425C0;0x342678
FN_libManis_008EE080,0x8EE080,"manis::DotMultiply(manis::Tensor const&, manis::Tensor const&)",,0x36BB30;0x36BB30
FN_libManis_008EE8D8,0x8EE8D8,"manis::nchw::substract_mean_normalize(float*, int, int, int, float const*, float const*)",,0x3DA5DC;0x33DF44
FN_libManis_008EE9FC,0x8EE9FC,"manis::nchw::SubstractMeanNormalize(manis::Tensor&, float const*, float const*)",,0x3DA5DC;0x33DF44
FN_libManis_008F0670,0x8F0670,"manis::nchw::from_rgb2bgr(float*, unsigned char const*, int, int)",,0x3DA5DC;0x33DF44
FN_libManis_008F0780,0x8F0780,"manis::nchw::from_gray2rgb(float*, unsigned char const*, int, int)",,0x3DA5DC;0x33DF44
FN_libManis_008F088C,0x8F088C,"manis::nchw::from_rgba2rgb(float*, unsigned char const*, int, int)",,0x3DA5DC;0x33DF44
FN_libManis_008F0998,0x8F0998,"manis::nchw::from_rgba2bgr(float*, unsigned char const*, int, int)",,0x3DA5DC;0x33DF44
FN_libManis_008F0AA4,0x8F0AA4,"manis::nchw::from_rgb(float*, unsigned char const*, int, int)",,0x3DA5DC;0x33DF44
FN_libManis_008F0BAC,0x8F0BAC,"manis::nchw::from_gray(float*, unsigned char const*, int, int)",,0x3DA5DC;0x33DF44
FN_libManis_008F0CB4,0x8F0CB4,"manis::nchw::from_rgba(float*, unsigned char const*, int, int)",,0x3DA5DC;0x33DF44
FN_libManis_008F0DBC,0x8F0DBC,"manis::nchw::from_rgb2gray(float*, unsigned char const*, int, int)",,0x3DA5DC;0x33DF44
FN_libManis_008F0EC8,0x8F0EC8,"manis::nchw::from_bgr2gray(float*, unsigned char const*, int, int)",,0x3DA5DC;0x33DF44
FN_libManis_008F0FD4,0x8F0FD4,"manis::nchw::from_rgba2gray(float*, unsigned char const*, int, int)",,0x3DA5DC;0x33DF44
FN_libManis_008F10E0,0x8F10E0,"manis::nchw::from_rgba2bgra(float*, unsigned char const*, int, int)",,0x3DA5DC;0x33DF44;0x3DA5DC;0x33DF44;0x3DA5DC;0x33DF44;0x3DA5DC;0x33DF44;0x3DA5DC;0x33DF44
FN_libManis_008F5CC0,0x8F5CC0,"manis::nchw::FromPixelsResize(manis::PixelConvType, unsigned char const*, unsigned int, unsigned int, unsigned int, unsigned int, unsigned int, manis::DataType)",,0x3DA5DC;0x33DF44
FN_libManis_008F6470,0x8F6470,"manis::nchw::FromPixelsResize(manis::PixelConvType, unsigned char const*, unsigned int, unsigned int, unsigned int, unsigned int, manis::DataType)",,0x3DA5DC;0x33DF44
FN_libManis_008F6C2C,0x8F6C2C,"manis::nchw::warp_rgba2bgr(float*, unsigned char const*, int, int, int, int, int, float const*)",,0x3DA5DC;0x33DF44
FN_libManis_008F6D68,0x8F6D68,"manis::nchw::warp_bgra2bgr(float*, unsigned char const*, int, int, int, int, int, float const*)",,0x3DA5DC;0x33DF44
FN_libManis_008F6EA4,0x8F6EA4,"manis::nchw::warp_rgba2bgr_flip(float*, unsigned char const*, int, int, int, int, int, float const*)",,0x3DA5DC;0x33DF44
FN_libManis_008F6FE0,0x8F6FE0,"manis::nchw::warp_bgra2bgr_flip(float*, unsigned char const*, int, int, int, int, int, float const*)",,0x3DA5DC;0x33DF44
FN_libManis_008F711C,0x8F711C,sub_8F711C,0x8F8BC4,0x3DA5DC;0x33DF44
FN_libManis_008F77C4,0x8F77C4,sub_8F77C4,0x8F8BC4,0x3DA5DC;0x33DF44
FN_libManis_008F7E6C,0x8F7E6C,sub_8F7E6C,0x8F8BC4,0x3DA5DC;0x33DF44
FN_libManis_008F8518,0x8F8518,sub_8F8518,0x8F8BC4,0x3DA5DC;0x33DF44
FN_libManis_008F8BC4,0x8F8BC4,"manis::nchw::FromPixelsWarpResize(manis::PixelConvType, unsigned char const*, unsigned int, unsigned int, int, unsigned int, unsigned int, float const*)",,0x8F77C4;0x8F8518;0x8F711C;0x8F7E6C
FN_libManis_008F9BCC,0x8F9BCC,sub_8F9BCC,0x903728,
FN_libManis_008F9BD0,0x8F9BD0,sub_8F9BD0,0x9019CC;0x903690,
FN_libManis_008F9BEC,0x8F9BEC,sub_8F9BEC,0x9019CC;0x903270,
FN_libManis_008F9C08,0x8F9C08,sub_8F9C08,0x8F9D28;0x8F9DF4;0x903554,0x3C705C;0x334CC0
FN_libManis_008F9D28,0x8F9D28,sub_8F9D28,0x8FAD58;0x902F6C,0x8F9C08
FN_libManis_008F9DF4,0x8F9DF4,sub_8F9DF4,0x8F9F6C,0x8F9C08
FN_libManis_008F9F6C,0x8F9F6C,sub_8F9F6C,0x8FAAB8;0x8FAD58;0x903374;0x903374,0x8F9DF4
FN_libManis_008FA0A0,0x8FA0A0,sub_8FA0A0,0x9032D0,
FN_libManis_008FA0B4,0x8FA0B4,sub_8FA0B4,0x9035F8,
FN_libManis_008FA0C4,0x8FA0C4,sub_8FA0C4,0x903010,
FN_libManis_008FA0E0,0x8FA0E0,sub_8FA0E0,0x903070,
FN_libManis_008FA170,0x8FA170,sub_8FA170,0x903170,
FN_libManis_008FA56C,0x8FA56C,"manisEngine::Logger::log(manisEngine::Logger::Level, char const*, ...)",,0x6F7960
FN_libManis_008FAAB8,0x8FAAB8,manisEngine::Script::reload(),,0x8F9F6C
FN_libManis_008FABAC,0x8FABAC,manisEngine::ScriptController::~ScriptController(),,0x913F38;0x92E82C;0x901D50
FN_libManis_008FACA0,0x8FACA0,manisEngine::ScriptController::finalize(),,0x913F38;0x92E82C
FN_libManis_008FACE8,0x8FACE8,manisEngine::ScriptController::toUserData(),,0x9113B8;0x9120DC
FN_libManis_008FAD58,0x8FAD58,"manisEngine::ScriptController::loadScript(char const*, manisEngine::Script::Scope, bool)",,0x8F9D28;0x8F9F6C
FN_libManis_008FAE54,0x8FAE54,"manisEngine::ScriptController::loadScript(char const*, char const*, int, manisEngine::Script::Scope, bool)",,0x901ED0;0x901DB0;0x334CC0;0x902070;0x334CEC
FN_libManis_008FB248,0x8FB248,"manisEngine::ScriptController::loadScript(manisEngine::Script*, char const*, int)",,0x9165E4;0x912EB0;0x916068;0x912CB8;0x912EB0;0x912CB8;0x9133B4;0x913924;0x9112D8;0x9133B4
FN_libManis_008FB468,0x8FB468,manisEngine::ScriptController::unloadScript(manisEngine::Script*),,0x916150;0x901DB0;0x3D4204
FN_libManis_008FB5DC,0x8FB5DC,"bool manisEngine::ScriptController::executeFunction<void>(char const*, void*)",,0x910F24;0x910F40
FN_libManis_008FB64C,0x8FB64C,"bool manisEngine::ScriptController::executeFunction<void>(manisEngine::Script*, char const*, void*)",,0x910F24;0x910F40
FN_libManis_008FB6C0,0x8FB6C0,"bool manisEngine::ScriptController::executeFunction<bool>(char const*, bool*)",,0x910F24;0x9113B8;0x90280C;0x910F40
FN_libManis_008FB768,0x8FB768,"manisEngine::ScriptController::executeFunctionHelper(int, char const*, char const*, std::__va_list*, manisEngine::Script*)",,0x9004B4;0x91238C;0x914DA4;0x91236C;0x9126E0;0x912424;0x9126B8;0x912358;0x9143A4;0x912930
FN_libManis_008FC100,0x8FC100,"bool manisEngine::ScriptController::executeFunction<char>(char const*, char*)",,0x910F24;0x9113B8;0x915A3C;0x910F40
FN_libManis_008FC1A4,0x8FC1A4,"bool manisEngine::ScriptController::executeFunction<short>(char const*, short*)",,0x910F24;0x9113B8;0x915A3C;0x910F40
FN_libManis_008FC248,0x8FC248,"bool manisEngine::ScriptController::executeFunction<int>(char const*, int*)",,0x910F24;0x9113B8;0x915A3C;0x910F40
FN_libManis_008FC2EC,0x8FC2EC,"bool manisEngine::ScriptController::executeFunction<long>(char const*, long*)",,0x910F24;0x9113B8;0x915A3C;0x910F40
FN_libManis_008FC390,0x8FC390,"bool manisEngine::ScriptController::executeFunction<unsigned char>(char const*, unsigned char*)",,0x910F24;0x9113B8;0x915A3C;0x910F40
FN_libManis_008FC434,0x8FC434,"bool manisEngine::ScriptController::executeFunction<unsigned short>(char const*, unsigned short*)",,0x910F24;0x9113B8;0x915A3C;0x910F40
FN_libManis_008FC4D8,0x8FC4D8,"bool manisEngine::ScriptController::executeFunction<unsigned int>(char const*, unsigned int*)",,0x910F24;0x9113B8;0x915A3C;0x910F40
FN_libManis_008FC57C,0x8FC57C,"bool manisEngine::ScriptController::executeFunction<unsigned long>(char const*, unsigned long*)",,0x910F24;0x9113B8;0x915A3C;0x910F40
FN_libManis_008FC620,0x8FC620,"bool manisEngine::ScriptController::executeFunction<float>(char const*, float*)",,0x910F24;0x9113B8;0x91590C;0x910F40
FN_libManis_008FC6C8,0x8FC6C8,"bool manisEngine::ScriptController::executeFunction<double>(char const*, double*)",,0x910F24;0x9113B8;0x91590C;0x910F40
FN_libManis_008FC76C,0x8FC76C,"bool manisEngine::ScriptController::executeFunction<std::__ndk1::basic_string<char, std::__ndk1::char_traits<char>, std::__ndk1::allocator<char>>>(char const*, std::__ndk1::basic_string<char, std::__ndk1::char_traits<char>, std::__ndk1::allocator<char>>*)",,0x910F24;0x9113B8;0x915800;0x910F40;0x334CC0
FN_libManis_008FC8E8,0x8FC8E8,"bool manisEngine::ScriptController::executeFunction<bool>(manisEngine::Script*, char const*, bool*)",,0x910F24;0x9113B8;0x90280C;0x910F40
FN_libManis_008FC99C,0x8FC99C,"bool manisEngine::ScriptController::executeFunction<char>(manisEngine::Script*, char const*, char*)",,0x910F24;0x9113B8;0x915A3C;0x910F40
FN_libManis_008FCA4C,0x8FCA4C,"bool manisEngine::ScriptController::executeFunction<short>(manisEngine::Script*, char const*, short*)",,0x910F24;0x9113B8;0x915A3C;0x910F40
FN_libManis_008FCAFC,0x8FCAFC,"bool manisEngine::ScriptController::executeFunction<int>(manisEngine::Script*, char const*, int*)",,0x910F24;0x9113B8;0x915A3C;0x910F40
FN_libManis_008FCBAC,0x8FCBAC,"bool manisEngine::ScriptController::executeFunction<long>(manisEngine::Script*, char const*, long*)",,0x910F24;0x9113B8;0x915A3C;0x910F40
FN_libManis_008FCC5C,0x8FCC5C,"bool manisEngine::ScriptController::executeFunction<unsigned char>(manisEngine::Script*, char const*, unsigned char*)",,0x910F24;0x9113B8;0x915A3C;0x910F40
FN_libManis_008FCD0C,0x8FCD0C,"bool manisEngine::ScriptController::executeFunction<unsigned short>(manisEngine::Script*, char const*, unsigned short*)",,0x910F24;0x9113B8;0x915A3C;0x910F40
FN_libManis_008FCDBC,0x8FCDBC,"bool manisEngine::ScriptController::executeFunction<unsigned int>(manisEngine::Script*, char const*, unsigned int*)",,0x910F24;0x9113B8;0x915A3C;0x910F40
FN_libManis_008FCE6C,0x8FCE6C,"bool manisEngine::ScriptController::executeFunction<unsigned long>(manisEngine::Script*, char const*, unsigned long*)",,0x910F24;0x9113B8;0x915A3C;0x910F40
FN_libManis_008FCF1C,0x8FCF1C,"bool manisEngine::ScriptController::executeFunction<float>(manisEngine::Script*, char const*, float*)",,0x910F24;0x9113B8;0x91590C;0x910F40
FN_libManis_008FCFD0,0x8FCFD0,"bool manisEngine::ScriptController::executeFunction<double>(manisEngine::Script*, char const*, double*)",,0x910F24;0x9113B8;0x91590C;0x910F40
FN_libManis_008FD080,0x8FD080,"bool manisEngine::ScriptController::executeFunction<std::__ndk1::basic_string<char, std::__ndk1::char_traits<char>, std::__ndk1::allocator<char>>>(manisEngine::Script*, char const*, std::__ndk1::basic_string<char, std::__ndk1::char_traits<char>, std::__ndk1::allocator<char>>*)",,0x910F24;0x9113B8;0x915800;0x910F40;0x334CC0
FN_libManis_008FD200,0x8FD200,"bool manisEngine::ScriptController::executeFunction<void>(char const*, char const*, void*, ...)",,0x910F24;0x910F40
FN_libManis_008FD2E0,0x8FD2E0,"bool manisEngine::ScriptController::executeFunction<bool>(char const*, char const*, bool*, ...)",,0x910F24;0x9113B8;0x90280C;0x910F40
FN_libManis_008FD400,0x8FD400,"bool manisEngine::ScriptController::executeFunction<char>(char const*, char const*, char*, ...)",,0x910F24;0x9113B8;0x915A3C;0x910F40
FN_libManis_008FD51C,0x8FD51C,"bool manisEngine::ScriptController::executeFunction<short>(char const*, char const*, short*, ...)",,0x910F24;0x9113B8;0x915A3C;0x910F40
FN_libManis_008FD638,0x8FD638,"bool manisEngine::ScriptController::executeFunction<int>(char const*, char const*, int*, ...)",,0x910F24;0x9113B8;0x915A3C;0x910F40
FN_libManis_008FD754,0x8FD754,"bool manisEngine::ScriptController::executeFunction<long>(char const*, char const*, long*, ...)",,0x910F24;0x9113B8;0x915A3C;0x910F40
FN_libManis_008FD870,0x8FD870,"bool manisEngine::ScriptController::executeFunction<unsigned char>(char const*, char const*, unsigned char*, ...)",,0x910F24;0x9113B8;0x915A3C;0x910F40
FN_libManis_008FD98C,0x8FD98C,"bool manisEngine::ScriptController::executeFunction<unsigned short>(char const*, char const*, unsigned short*, ...)",,0x910F24;0x9113B8;0x915A3C;0x910F40
FN_libManis_008FDAA8,0x8FDAA8,"bool manisEngine::ScriptController::executeFunction<unsigned int>(char const*, char const*, unsigned int*, ...)",,0x910F24;0x9113B8;0x915A3C;0x910F40
FN_libManis_008FDBC4,0x8FDBC4,"bool manisEngine::ScriptController::executeFunction<unsigned long>(char const*, char const*, unsigned long*, ...)",,0x910F24;0x9113B8;0x915A3C;0x910F40
FN_libManis_008FDCE0,0x8FDCE0,"bool manisEngine::ScriptController::executeFunction<float>(char const*, char const*, float*, ...)",,0x910F24;0x9113B8;0x91590C;0x910F40
FN_libManis_008FDE00,0x8FDE00,"bool manisEngine::ScriptController::executeFunction<double>(char const*, char const*, double*, ...)",,0x910F24;0x9113B8;0x91590C;0x910F40
FN_libManis_008FDF1C,0x8FDF1C,"bool manisEngine::ScriptController::executeFunction<std::__ndk1::basic_string<char, std::__ndk1::char_traits<char>, std::__ndk1::allocator<char>>>(char const*, char const*, std::__ndk1::basic_string<char, std::__ndk1::char_traits<char>, std::__ndk1::allocator<char>>*, ...)",,0x910F24;0x9113B8;0x915800;0x910F40;0x334CC0
FN_libManis_008FE0D8,0x8FE0D8,"bool manisEngine::ScriptController::executeFunction<void>(manisEngine::Script*, char const*, char const*, void*, ...)",,0x910F24;0x910F40
FN_libManis_008FE1BC,0x8FE1BC,"bool manisEngine::ScriptController::executeFunction<bool>(manisEngine::Script*, char const*, char const*, bool*, ...)",,0x910F24;0x9113B8;0x90280C;0x910F40
FN_libManis_008FE2E0,0x8FE2E0,"bool manisEngine::ScriptController::executeFunction<char>(manisEngine::Script*, char const*, char const*, char*, ...)",,0x910F24;0x9113B8;0x915A3C;0x910F40
FN_libManis_008FE400,0x8FE400,"bool manisEngine::ScriptController::executeFunction<short>(manisEngine::Script*, char const*, char const*, short*, ...)",,0x910F24;0x9113B8;0x915A3C;0x910F40
FN_libManis_008FE520,0x8FE520,"bool manisEngine::ScriptController::executeFunction<int>(manisEngine::Script*, char const*, char const*, int*, ...)",,0x910F24;0x9113B8;0x915A3C;0x910F40
FN_libManis_008FE640,0x8FE640,"bool manisEngine::ScriptController::executeFunction<long>(manisEngine::Script*, char const*, char const*, long*, ...)",,0x910F24;0x9113B8;0x915A3C;0x910F40
FN_libManis_008FE760,0x8FE760,"bool manisEngine::ScriptController::executeFunction<unsigned char>(manisEngine::Script*, char const*, char const*, unsigned char*, ...)",,0x910F24;0x9113B8;0x915A3C;0x910F40
FN_libManis_008FE880,0x8FE880,"bool manisEngine::ScriptController::executeFunction<unsigned short>(manisEngine::Script*, char const*, char const*, unsigned short*, ...)",,0x910F24;0x9113B8;0x915A3C;0x910F40
FN_libManis_008FE9A0,0x8FE9A0,"bool manisEngine::ScriptController::executeFunction<unsigned int>(manisEngine::Script*, char const*, char const*, unsigned int*, ...)",,0x910F24;0x9113B8;0x915A3C;0x910F40
FN_libManis_008FEAC0,0x8FEAC0,"bool manisEngine::ScriptController::executeFunction<unsigned long>(manisEngine::Script*, char const*, char const*, unsigned long*, ...)",,0x910F24;0x9113B8;0x915A3C;0x910F40
FN_libManis_008FEBE0,0x8FEBE0,"bool manisEngine::ScriptController::executeFunction<float>(manisEngine::Script*, char const*, char const*, float*, ...)",,0x910F24;0x9113B8;0x91590C;0x910F40
FN_libManis_008FED04,0x8FED04,"bool manisEngine::ScriptController::executeFunction<double>(manisEngine::Script*, char const*, char const*, double*, ...)",,0x910F24;0x9113B8;0x91590C;0x910F40
FN_libManis_008FEE24,0x8FEE24,"bool manisEngine::ScriptController::executeFunction<std::__ndk1::basic_string<char, std::__ndk1::char_traits<char>, std::__ndk1::allocator<char>>>(manisEngine::Script*, char const*, char const*, std::__ndk1::basic_string<char, std::__ndk1::char_traits<char>, std::__ndk1::allocator<char>>*, ...)",,0x910F24;0x9113B8;0x915800;0x910F40;0x334CC0
FN_libManis_008FEFE4,0x8FEFE4,"bool manisEngine::ScriptController::executeFunction<void>(char const*, char const*, void*, std::__va_list*)",,0x910F24;0x910F40
FN_libManis_008FF064,0x8FF064,"bool manisEngine::ScriptController::executeFunction<bool>(char const*, char const*, bool*, std::__va_list*)",,0x910F24;0x9113B8;0x90280C;0x910F40
FN_libManis_008FF11C,0x8FF11C,"bool manisEngine::ScriptController::executeFunction<char>(char const*, char const*, char*, std::__va_list*)",,0x910F24;0x9113B8;0x915A3C;0x910F40
FN_libManis_008FF1D0,0x8FF1D0,"bool manisEngine::ScriptController::executeFunction<short>(char const*, char const*, short*, std::__va_list*)",,0x910F24;0x9113B8;0x915A3C;0x910F40
FN_libManis_008FF284,0x8FF284,"bool manisEngine::ScriptController::executeFunction<int>(char const*, char const*, int*, std::__va_list*)",,0x910F24;0x9113B8;0x915A3C;0x910F40
FN_libManis_008FF338,0x8FF338,"bool manisEngine::ScriptController::executeFunction<long>(char const*, char const*, long*, std::__va_list*)",,0x910F24;0x9113B8;0x915A3C;0x910F40
FN_libManis_008FF3EC,0x8FF3EC,"bool manisEngine::ScriptController::executeFunction<unsigned char>(char const*, char const*, unsigned char*, std::__va_list*)",,0x910F24;0x9113B8;0x915A3C;0x910F40
FN_libManis_008FF4A0,0x8FF4A0,"bool manisEngine::ScriptController::executeFunction<unsigned short>(char const*, char const*, unsigned short*, std::__va_list*)",,0x910F24;0x9113B8;0x915A3C;0x910F40
FN_libManis_008FF554,0x8FF554,"bool manisEngine::ScriptController::executeFunction<unsigned int>(char const*, char const*, unsigned int*, std::__va_list*)",,0x910F24;0x9113B8;0x915A3C;0x910F40
FN_libManis_008FF608,0x8FF608,"bool manisEngine::ScriptController::executeFunction<unsigned long>(char const*, char const*, unsigned long*, std::__va_list*)",,0x910F24;0x9113B8;0x915A3C;0x910F40
FN_libManis_008FF6BC,0x8FF6BC,"bool manisEngine::ScriptController::executeFunction<float>(char const*, char const*, float*, std::__va_list*)",,0x910F24;0x9113B8;0x91590C;0x910F40
FN_libManis_008FF774,0x8FF774,"bool manisEngine::ScriptController::executeFunction<double>(char const*, char const*, double*, std::__va_list*)",,0x910F24;0x9113B8;0x91590C;0x910F40
FN_libManis_008FF828,0x8FF828,"bool manisEngine::ScriptController::executeFunction<std::__ndk1::basic_string<char, std::__ndk1::char_traits<char>, std::__ndk1::allocator<char>>>(char const*, char const*, std::__ndk1::basic_string<char, std::__ndk1::char_traits<char>, std::__ndk1::allocator<char>>*, std::__va_list*)",,0x910F24;0x9113B8;0x915800;0x910F40;0x334CC0
FN_libManis_008FF9AC,0x8FF9AC,"bool manisEngine::ScriptController::executeFunction<void>(manisEngine::Script*, char const*, char const*, void*, std::__va_list*)",,0x910F24;0x910F40
FN_libManis_008FFA30,0x8FFA30,"bool manisEngine::ScriptController::executeFunction<bool>(manisEngine::Script*, char const*, char const*, bool*, std::__va_list*)",,0x910F24;0x9113B8;0x90280C;0x910F40
FN_libManis_008FFAF4,0x8FFAF4,"bool manisEngine::ScriptController::executeFunction<char>(manisEngine::Script*, char const*, char const*, char*, std::__va_list*)",,0x910F24;0x9113B8;0x915A3C;0x910F40
FN_libManis_008FFBB4,0x8FFBB4,"bool manisEngine::ScriptController::executeFunction<short>(manisEngine::Script*, char const*, char const*, short*, std::__va_list*)",,0x910F24;0x9113B8;0x915A3C;0x910F40
FN_libManis_008FFC74,0x8FFC74,"bool manisEngine::ScriptController::executeFunction<int>(manisEngine::Script*, char const*, char const*, int*, std::__va_list*)",,0x910F24;0x9113B8;0x915A3C;0x910F40
FN_libManis_008FFD34,0x8FFD34,"bool manisEngine::ScriptController::executeFunction<long>(manisEngine::Script*, char const*, char const*, long*, std::__va_list*)",,0x910F24;0x9113B8;0x915A3C;0x910F40
FN_libManis_008FFDF4,0x8FFDF4,"bool manisEngine::ScriptController::executeFunction<unsigned char>(manisEngine::Script*, char const*, char const*, unsigned char*, std::__va_list*)",,0x910F24;0x9113B8;0x915A3C;0x910F40
FN_libManis_008FFEB4,0x8FFEB4,"bool manisEngine::ScriptController::executeFunction<unsigned short>(manisEngine::Script*, char const*, char const*, unsigned short*, std::__va_list*)",,0x910F24;0x9113B8;0x915A3C;0x910F40
FN_libManis_008FFF74,0x8FFF74,"bool manisEngine::ScriptController::executeFunction<unsigned int>(manisEngine::Script*, char const*, char const*, unsigned int*, std::__va_list*)",,0x910F24;0x9113B8;0x915A3C;0x910F40
FN_libManis_00900034,0x900034,"bool manisEngine::ScriptController::executeFunction<unsigned long>(manisEngine::Script*, char const*, char const*, unsigned long*, std::__va_list*)",,0x910F24;0x9113B8;0x915A3C;0x910F40
FN_libManis_009000F4,0x9000F4,"bool manisEngine::ScriptController::executeFunction<float>(manisEngine::Script*, char const*, char const*, float*, std::__va_list*)",,0x910F24;0x9113B8;0x91590C;0x910F40
FN_libManis_009001B8,0x9001B8,"bool manisEngine::ScriptController::executeFunction<double>(manisEngine::Script*, char const*, char const*, double*, std::__va_list*)",,0x910F24;0x9113B8;0x91590C;0x910F40
FN_libManis_00900278,0x900278,"bool manisEngine::ScriptController::executeFunction<std::__ndk1::basic_string<char, std::__ndk1::char_traits<char>, std::__ndk1::allocator<char>>>(manisEngine::Script*, char const*, char const*, std::__ndk1::basic_string<char, std::__ndk1::char_traits<char>, std::__ndk1::allocator<char>>*, std::__va_list*)",,0x910F24;0x9113B8;0x915800;0x910F40;0x334CC0
FN_libManis_00900400,0x900400,"manisEngine::ScriptController::getBool(char const*, bool, manisEngine::Script*)",,0x910F24;0x9004B4;0x9113B8;0x90280C;0x910F40
FN_libManis_009004B4,0x9004B4,sub_9004B4,0x8FB768;0x900400;0x9006E4;0x900794;0x900844;0x9008F4;0x9009A4;0x900A54;0x900B04;0x900BB4,0x912CB8;0x912424;0x912BE4;0x912CB8;0x912424;0x912BE4;0x91272C;0x9113B8;0x912424;0x91280C
FN_libManis_009006E4,0x9006E4,"manisEngine::ScriptController::getChar(char const*, char, manisEngine::Script*)",,0x910F24;0x9004B4;0x911654;0x915A3C;0x910F40
FN_libManis_00900794,0x900794,"manisEngine::ScriptController::getShort(char const*, short, manisEngine::Script*)",,0x910F24;0x9004B4;0x911654;0x915A3C;0x910F40
FN_libManis_00900844,0x900844,"manisEngine::ScriptController::getInt(char const*, int, manisEngine::Script*)",,0x910F24;0x9004B4;0x911654;0x915A3C;0x910F40
FN_libManis_009008F4,0x9008F4,"manisEngine::ScriptController::getLong(char const*, long, manisEngine::Script*)",,0x910F24;0x9004B4;0x911654;0x915A3C;0x910F40
FN_libManis_009009A4,0x9009A4,"manisEngine::ScriptController::getUnsignedChar(char const*, unsigned char, manisEngine::Script*)",,0x910F24;0x9004B4;0x911654;0x915A3C;0x910F40
FN_libManis_00900A54,0x900A54,"manisEngine::ScriptController::getUnsignedShort(char const*, unsigned short, manisEngine::Script*)",,0x910F24;0x9004B4;0x911654;0x915A3C;0x910F40
FN_libManis_00900B04,0x900B04,"manisEngine::ScriptController::getUnsignedInt(char const*, unsigned int, manisEngine::Script*)",,0x910F24;0x9004B4;0x911654;0x915A3C;0x910F40
FN_libManis_00900BB4,0x900BB4,"manisEngine::ScriptController::getUnsignedLong(char const*, unsigned long, manisEngine::Script*)",,0x910F24;0x9004B4;0x911654;0x915A3C;0x910F40
FN_libManis_00900C64,0x900C64,"manisEngine::ScriptController::getFloat(char const*, float, manisEngine::Script*)",,0x910F24;0x9004B4;0x911654;0x91590C;0x910F40
FN_libManis_00900D14,0x900D14,"manisEngine::ScriptController::getDouble(char const*, double, manisEngine::Script*)",,0x910F24;0x9004B4;0x911654;0x91590C;0x910F40
FN_libManis_00900DC4,0x900DC4,"manisEngine::ScriptController::getString(char const*, manisEngine::Script*)",,0x910F24;0x9004B4;0x911744;0x915800;0x910F40
FN_libManis_00900E7C,0x900E7C,"manisEngine::ScriptController::getObjectPointer(char const*, char const*, manisEngine::Script*)",,0x910F24;0x9004B4;0x9113B8;0x9120DC;0x902A70;0x910F40
FN_libManis_00900F44,0x900F44,manisEngine::ScriptController::getObjectPointerFromStack(char const*),,0x9113B8
FN_libManis_00900F98,0x900F98,"manisEngine::ScriptController::setBool(char const*, bool, manisEngine::Script*)",,0x912CB8;0x9126B8;0x9126B8
FN_libManis_00901030,0x901030,"manisEngine::ScriptController::setChar(char const*, char, manisEngine::Script*)",,0x912CB8;0x91238C;0x91238C
FN_libManis_009010C8,0x9010C8,"manisEngine::ScriptController::setShort(char const*, short, manisEngine::Script*)",,0x912CB8;0x91238C;0x91238C
FN_libManis_00901160,0x901160,"manisEngine::ScriptController::setInt(char const*, int, manisEngine::Script*)",,0x912CB8;0x91238C;0x91238C
FN_libManis_009011F8,0x9011F8,"manisEngine::ScriptController::setLong(char const*, long, manisEngine::Script*)",,0x912CB8;0x91238C;0x91238C
FN_libManis_00901290,0x901290,"manisEngine::ScriptController::setUnsignedChar(char const*, unsigned char, manisEngine::Script*)",,0x912CB8;0x91238C;0x91238C
FN_libManis_00901328,0x901328,"manisEngine::ScriptController::setUnsignedShort(char const*, unsigned short, manisEngine::Script*)",,0x912CB8;0x91238C;0x91238C
FN_libManis_009013C0,0x9013C0,"manisEngine::ScriptController::setUnsignedInt(char const*, unsigned int, manisEngine::Script*)",,0x912CB8;0x91238C;0x91238C
FN_libManis_00901458,0x901458,"manisEngine::ScriptController::setUnsignedLong(char const*, unsigned long, manisEngine::Script*)",,0x912CB8;0x91238C;0x91238C
FN_libManis_009014F0,0x9014F0,"manisEngine::ScriptController::setFloat(char const*, float, manisEngine::Script*)",,0x912CB8;0x91236C;0x91236C
FN_libManis_00901588,0x901588,"manisEngine::ScriptController::setDouble(char const*, double, manisEngine::Script*)",,0x912CB8;0x91236C;0x91236C
FN_libManis_0090161C,0x90161C,"manisEngine::ScriptController::setString(char const*, char const*, manisEngine::Script*)",,0x912CB8;0x912424;0x912424
FN_libManis_009016B4,0x9016B4,"manisEngine::ScriptController::setObjectPointer(char const*, char const*, void*, manisEngine::Script*)",,0x912CB8;0x9143A4;0x912930;0x913924
FN_libManis_00901790,0x901790,"manisEngine::ScriptController::functionExists(char const*, manisEngine::Script const*) const",,0x910F24;0x9004B4;0x9113B8;0x910F40
FN_libManis_0090184C,0x90184C,sub_90184C,0x9019CC,0x91272C;0x912930;0x911DF8;0x910F40;0x912424;0x9133B4;0x910F40;0x334CC0
FN_libManis_009019CC,0x9019CC,manisEngine::ScriptController::initialize(char const*),,0x917004;0x922038;0x902DE8;0x8F9BD0;0x8F9BEC;0x90184C;0x916658;0x913C20;0x916658;0x913C20
FN_libManis_00901BA8,0x901BA8,manisEngine::ScriptController::pushScript(manisEngine::Script*),,0x902070;0x334CEC
FN_libManis_00901D50,0x901D50,sub_901D50,0x8FABAC;0x901D54;0x901D54,
FN_libManis_00901D54,0x901D54,sub_901D54,,0x901D50;0x901D50
FN_libManis_00901DB0,0x901DB0,sub_901DB0,0x8FAE54;0x8FB468,
FN_libManis_00901ED0,0x901ED0,sub_901ED0,0x8FAE54,0x338E1C;0x33E200
FN_libManis_00902070,0x902070,sub_902070,0x8FAE54;0x901BA8,0x334CD4
FN_libManis_00902084,0x902084,sub_902084,0x90385C;0x90385C;0x90385C;0x90385C;0x90385C;0x90385C;0x90385C;0x90385C;0x90385C;0x90385C,0x91272C;0x912424;0x91280C;0x91236C;0x9133B4;0x91236C;0x9112D8
FN_libManis_009021E8,0x9021E8,sub_9021E8,0x902E6C;0x90859C;0x9089F0;0x9089F0;0x9089F0;0x9089F0;0x9089F0;0x9089F0;0x9089F0;0x9089F0,0x912EB0;0x9112D8;0x91312C;0x91272C;0x912424;0x91280C;0x912424;0x912EB0;0x912424;0x91530C
FN_libManis_0090280C,0x90280C,sub_90280C,0x8FB6C0;0x8FC8E8;0x8FD2E0;0x8FE1BC;0x8FF064;0x8FFA30;0x900400;0x908894;0x90B6A8;0x90C5B4,0x9113B8;0x911D3C;0x911490;0x9113B8;0x911490;0x912530;0x914E04
FN_libManis_009028B8,0x9028B8,sub_9028B8,0x903374,0x9113B8;0x9142C0;0x915A3C;0x910F40;0x912358;0x91413C;0x915A3C;0x910F40;0x91413C;0x9113B8
FN_libManis_00902A70,0x902A70,sub_902A70,0x900E7C;0x90A728;0x90A728;0x90A92C;0x90A92C;0x90CA90;0x90CA90;0x910A24;0x910A24,0x9120DC;0x912F54;0x912930;0x91182C;0x910F40;0x910F40;0x907AA4;0x912930;0x91182C;0x910F40
FN_libManis_00902BF8,0x902BF8,sub_902BF8,0x902F6C;0x903070;0x903170;0x9032D0;0x903374;0x903374;0x903554;0x9035F8;0x903690;0x90870C,0x9113B8;0x9113B8
FN_libManis_00902CA8,0x902CA8,sub_902CA8,0x908D50;0x908E94;0x908FD8;0x90920C,0x9113B8;0x9120DC;0x912F54;0x912930;0x91182C;0x910F40
FN_libManis_00902DE8,0x902DE8,sub_902DE8,0x9019CC,0x910290;0x90FB34;0x90859C;0x9089F0;0x902E6C;0x9095EC;0x90B578;0x90BA4C;0x90E734;0x90D910
FN_libManis_00902E6C,0x902E6C,sub_902E6C,0x902DE8,0x9021E8
FN_libManis_00902F6C,0x902F6C,sub_902F6C,,0x910F24;0x9113B8;0x9113B8;0x912424;0x914130;0x902BF8;0x8F9D28;0x9126B8
FN_libManis_00903010,0x903010,sub_903010,,0x910F24;0x912424;0x914130;0x8FA0C4;0x912424
FN_libManis_00903070,0x903070,sub_903070,,0x910F24;0x9113B8;0x9113B8;0x912424;0x914130;0x902BF8;0x8FA0E0;0x912424
FN_libManis_00903170,0x903170,sub_903170,,0x910F24;0x9113B8;0x9113B8;0x912424;0x914130;0x902BF8;0x8FA170;0x912424
FN_libManis_00903270,0x903270,sub_903270,,0x910F24;0x912424;0x914130;0x8F9BEC;0x912424
FN_libManis_009032D0,0x9032D0,sub_9032D0,,0x910F24;0x9113B8;0x9113B8;0x912424;0x914130;0x902BF8;0x8FA0A0;0x9126B8
FN_libManis_00903374,0x903374,sub_903374,,0x910F24;0x9113B8;0x9113B8;0x902BF8;0x8F9F6C;0x912424;0x9113B8;0x9113B8;0x9113B8;0x9113B8
FN_libManis_00903554,0x903554,sub_903554,,0x910F24;0x9113B8;0x9113B8;0x912424;0x914130;0x902BF8;0x8F9C08;0x912424
FN_libManis_009035F8,0x9035F8,sub_9035F8,,0x910F24;0x9113B8;0x9113B8;0x912424;0x914130;0x902BF8;0x8FA0B4
FN_libManis_00903690,0x903690,sub_903690,,0x910F24;0x9113B8;0x9113B8;0x912424;0x914130;0x902BF8;0x8F9BD0
FN_libManis_00903728,0x903728,sub_903728,,0x910F24;0x9113B8;0x915480;0x914E04;0x8F9BCC;0x912424;0x914130
FN_libManis_0090385C,0x90385C,sub_90385C,0x90FB34,0x907CBC;0x334CC0;0x358D78;0x902084;0x902084;0x358D78;0x902084;0x902084;0x902084;0x902084
FN_libManis_00907AA4,0x907AA4,sub_907AA4,0x902A70,0x8CB698;0x334CC0;0x9082DC;0x334CC0
FN_libManis_00907CBC,0x907CBC,sub_907CBC,0x90385C,0x34E5B8;0x908104
FN_libManis_00908104,0x908104,sub_908104,0x907CBC,0x334CEC
FN_libManis_009082DC,0x9082DC,sub_9082DC,0x907AA4,0x34E5B8
FN_libManis_0090859C,0x90859C,sub_90859C,0x902DE8,0x9021E8
FN_libManis_0090867C,0x90867C,sub_90867C,,0x910F24;0x9113B8;0x915A3C;0x9126B8;0x912424;0x914130
FN_libManis_0090870C,0x90870C,sub_90870C,,0x910F24;0x9113B8;0x9113B8;0x9113B8;0x912424;0x914130;0x915A3C;0x902BF8
FN_libManis_009087D0,0x9087D0,sub_9087D0,,0x910F24;0x9113B8;0x9113B8;0x9113B8;0x912424;0x914130;0x915A3C;0x902BF8
FN_libManis_00908894,0x908894,sub_908894,,0x910F24;0x9113B8;0x9113B8;0x915A3C;0x90280C;0x912424;0x914130
FN_libManis_00908944,0x908944,sub_908944,,0x910F24;0x9113B8;0x915A3C;0x912424;0x914130
FN_libManis_009089F0,0x9089F0,sub_9089F0,0x902DE8,0x9021E8;0x358D78;0x9021E8;0x9021E8;0x9021E8;0x9021E8;0x9021E8;0x9021E8;0x9021E8;0x9021E8
FN_libManis_00908D50,0x908D50,sub_908D50,,0x910F24;0x9113B8;0x9113B8;0x9113B8;0x9113B8;0x902CA8;0x912424;0x914130;0x915480;0x914E04
FN_libManis_00908E94,0x908E94,sub_908E94,,0x910F24;0x9113B8;0x9113B8;0x9113B8;0x9113B8;0x902CA8;0x912424;0x914130;0x915480;0x914E04
FN_libManis_00908FD8,0x908FD8,sub_908FD8,,0x910F24;0x9113B8;0x9113B8;0x9113B8;0x9113B8;0x915A3C;0x9113B8;0x902CA8;0x912424;0x914130
FN_libManis_0090920C,0x90920C,sub_90920C,,0x910F24;0x9113B8;0x9113B8;0x9113B8;0x9113B8;0x915A3C;0x9113B8;0x902CA8;0x912424;0x914130
FN_libManis_00909440,0x909440,sub_909440,,0x910F24;0x9113B8;0x915480;0x914E04;0x912424;0x914130
FN_libManis_009094F8,0x9094F8,sub_9094F8,,0x910F24;0x9113B8;0x915A3C;0x9113B8;0x9113B8;0x915A3C;0x915A3C;0x9126B8;0x912424;0x914130
FN_libManis_009095EC,0x9095EC,sub_9095EC,0x902DE8,0x358D78;0x9021E8
FN_libManis_0090974C,0x90974C,sub_90974C,,0x910F24;0x9113B8;0x9113B8;0x9113B8;0x915A3C;0x9120DC;0x915480;0x914E04;0x912424;0x914130
FN_libManis_0090985C,0x90985C,sub_90985C,,0x910F24;0x9113B8;0x9113B8;0x9113B8;0x915A3C;0x9113B8;0x9120DC;0x912424;0x914130;0x915480
FN_libManis_00909988,0x909988,sub_909988,,0x910F24;0x9113B8;0x9113B8;0x9113B8;0x902BF8;0x9120DC;0x915480;0x914E04;0x912424;0x914130
FN_libManis_00909A9C,0x909A9C,sub_909A9C,,0x910F24;0x9113B8;0x9113B8;0x9113B8;0x902BF8;0x9113B8;0x9120DC;0x912424;0x914130;0x915480
FN_libManis_00909BCC,0x909BCC,sub_909BCC,,0x910F24;0x9113B8;0x9113B8;0x9120DC;0x915480;0x914E04;0x912424;0x914130
FN_libManis_00909CE8,0x909CE8,sub_909CE8,,0x910F24;0x9113B8;0x9113B8;0x9120DC;0x915480;0x914E04;0x912424;0x914130
FN_libManis_00909E04,0x909E04,sub_909E04,,0x910F24;0x9113B8;0x915480;0x914E04;0x9126B8;0x912424;0x914130
FN_libManis_00909EC4,0x909EC4,sub_909EC4,,0x910F24;0x9113B8;0x9113B8;0x9113B8;0x9120DC;0x9120DC;0x9113B8;0x9113B8;0x9113B8;0x9120DC
FN_libManis_0090A0B8,0x90A0B8,sub_90A0B8,,0x910F24;0x9113B8;0x9113B8;0x9113B8;0x9120DC;0x9120DC;0x915480;0x914E04;0x912424;0x914130
FN_libManis_0090A1CC,0x90A1CC,sub_90A1CC,,0x910F24;0x9113B8;0x9113B8;0x9113B8;0x9120DC;0x9120DC;0x915480;0x914E04;0x912424;0x914130
FN_libManis_0090A2E8,0x90A2E8,sub_90A2E8,,0x910F24;0x9113B8;0x9113B8;0x9113B8;0x915A3C;0x9120DC;0x915480;0x914E04;0x9113B8;0x9113B8
FN_libManis_0090A4CC,0x90A4CC,sub_90A4CC,,0x910F24;0x9113B8;0x90A92C;0x9143A4;0x912930;0x913924;0x912424;0x914130;0x912358;0x912424
FN_libManis_0090A668,0x90A668,sub_90A668,,0x910F24;0x9113B8;0x915480;0x914E04;0x912424;0x914130
FN_libManis_0090A728,0x90A728,sub_90A728,0x909EC4,0x9113B8;0x9113B8;0x9142C0;0x915A3C;0x910F40;0x912358;0x91413C;0x902A70;0x910F40;0x91413C
FN_libManis_0090A92C,0x90A92C,sub_90A92C,0x90A4CC,0x9113B8;0x9113B8;0x9142C0;0x915A3C;0x910F40;0x912358;0x91413C;0x902A70;0x910F40;0x91413C
FN_libManis_0090AB14,0x90AB14,sub_90AB14,0x902DE8,0x358D78;0x358D78;0x9021E8
FN_libManis_0090ACAC,0x90ACAC,sub_90ACAC,,0x910F24;0x912424;0x914130;0x9143A4;0x912930;0x913924;0x9126E0
FN_libManis_0090AD5C,0x90AD5C,sub_90AD5C,,0x910F24;0x9113B8;0x9113B8;0x915A3C;0x915480;0x914E04;0x33E200;0x338E1C;0x33E200;0x912424
FN_libManis_0090B2BC,0x90B2BC,sub_90B2BC,,0x910F24;0x9113B8;0x915480;0x914E04;0x912424;0x914130
FN_libManis_0090B388,0x90B388,sub_90B388,,0x3C6E9C;0x334CEC
FN_libManis_0090B528,0x90B528,sub_90B528,0x90AD5C;0x90B52C;0x90B52C,
FN_libManis_0090B52C,0x90B52C,sub_90B52C,,0x90B528;0x90B528
FN_libManis_0090B578,0x90B578,sub_90B578,0x902DE8,0x358D78;0x9021E8
FN_libManis_0090B6A8,0x90B6A8,sub_90B6A8,,0x910F24;0x9113B8;0x9113B8;0x915A3C;0x9113B8;0x9113B8;0x9113B8;0x915A3C;0x912424;0x914130
FN_libManis_0090B880,0x90B880,sub_90B880,,0x910F24;0x912424;0x914130;0x9143A4;0x912930;0x913924
FN_libManis_0090B92C,0x90B92C,sub_90B92C,,0x910F24;0x9113B8;0x915480;0x914E04;0x912424;0x914130
FN_libManis_0090B9F0,0x90B9F0,sub_90B9F0,0x90B6A8,0x915480;0x914E04
FN_libManis_0090BA4C,0x90BA4C,sub_90BA4C,0x902DE8,0x358D78;0x9021E8
FN_libManis_0090BB98,0x90BB98,sub_90BB98,,0x910F24;0x9113B8;0x9113B8;0x9113B8;0x9113B8;0x902BF8;0x9113B8;0x90CA90;0x9113B8;0x9113B8
FN_libManis_0090BE94,0x90BE94,sub_90BE94,,0x910F24;0x9113B8;0x915480;0x9143A4;0x912930;0x913924;0x912424;0x914130;0x914E04;0x912358
FN_libManis_0090C00C,0x90C00C,sub_90C00C,,0x910F24;0x9113B8;0x9113B8;0x915A3C;0x915480;0x914E04;0x9143A4;0x912930;0x913924;0x912424
FN_libManis_0090C174,0x90C174,sub_90C174,,0x910F24;0x9113B8;0x9113B8;0x915800;0x915480;0x914E04;0x9143A4;0x912930;0x913924;0x912424
FN_libManis_0090C2E0,0x90C2E0,sub_90C2E0,,0x910F24;0x9113B8;0x9113B8;0x915A3C;0x915480;0x914E04;0x9143A4;0x912930;0x913924;0x912424
FN_libManis_0090C448,0x90C448,sub_90C448,,0x910F24;0x9113B8;0x9113B8;0x915800;0x915480;0x914E04;0x9143A4;0x912930;0x913924;0x912424
FN_libManis_0090C5B4,0x90C5B4,sub_90C5B4,,0x910F24;0x9113B8;0x9113B8;0x9113B8;0x9113B8;0x9113B8;0x915A3C;0x9113B8;0x9113B8;0x9113B8
FN_libManis_0090C7B4,0x90C7B4,sub_90C7B4,,0x910F24;0x9143A4;0x912930;0x913924;0x9113B8;0x90CA90;0x9143A4;0x912930;0x913924;0x912424
FN_libManis_0090C9D0,0x90C9D0,sub_90C9D0,,0x910F24;0x9113B8;0x915480;0x914E04;0x912424;0x914130
FN_libManis_0090CA90,0x90CA90,sub_90CA90,0x90BB98;0x90BB98;0x90C7B4,0x9113B8;0x9113B8;0x9142C0;0x915A3C;0x910F40;0x912358;0x91413C;0x902A70;0x910F40;0x91413C
FN_libManis_0090CC78,0x90CC78,sub_90CC78,0x90BB98;0x90BB98,
FN_libManis_0090CCD0,0x90CCD0,sub_90CCD0,0x90C5B4,0x915480;0x914E04
FN_libManis_0090CD2C,0x90CD2C,sub_90CD2C,0x902DE8,0x358D78;0x358D78;0x9021E8
FN_libManis_0090CEC8,0x90CEC8,sub_90CEC8,,0x910F24;0x9113B8;0x915480;0x914E04;0x91238C;0x912424;0x914130
FN_libManis_0090CF7C,0x90CF7C,sub_90CF7C,,0x910F24;0x9113B8;0x915480;0x914E04;0x91238C;0x912424;0x914130
FN_libManis_0090D030,0x90D030,sub_90D030,,0x910F24;0x9113B8;0x915480;0x914E04;0x91238C;0x912424;0x914130
FN_libManis_0090D0E4,0x90D0E4,sub_90D0E4,,0x910F24;0x9113B8;0x915480;0x914E04;0x91238C;0x912424;0x914130
FN_libManis_0090D198,0x90D198,sub_90D198,,0x910F24;0x9113B8;0x915480;0x914E04;0x91238C;0x912424;0x914130
FN_libManis_0090D24C,0x90D24C,sub_90D24C,,0x910F24;0x9113B8;0x915480;0x914E04;0x91238C;0x91238C;0x91238C;0x912424;0x914130
FN_libManis_0090D318,0x90D318,sub_90D318,,0x910F24;0x9113B8;0x915480;0x914E04;0x912424;0x912424;0x914130
FN_libManis_0090D3CC,0x90D3CC,sub_90D3CC,,0x910F24;0x9113B8;0x915480;0x914E04;0x912424;0x914130
FN_libManis_0090D484,0x90D484,sub_90D484,0x902DE8,0x358D78;0x358D78;0x9021E8
FN_libManis_0090D610,0x90D610,sub_90D610,,0x910F24;0x9113B8;0x915480;0x914E04;0x91238C;0x912424;0x914130
FN_libManis_0090D6C4,0x90D6C4,sub_90D6C4,,0x910F24;0x9113B8;0x915480;0x914E04;0x91238C;0x912424;0x914130
FN_libManis_0090D778,0x90D778,sub_90D778,,0x910F24;0x9113B8;0x915480;0x912424;0x914130;0x914E04;0x91238C
FN_libManis_0090D858,0x90D858,sub_90D858,,0x910F24;0x9113B8;0x915480;0x914E04;0x912424;0x914130
FN_libManis_0090D910,0x90D910,sub_90D910,0x902DE8,0x358D78;0x9021E8
FN_libManis_0090DA68,0x90DA68,sub_90DA68,,0x910F24;0x9113B8;0x915480;0x914E04;0x91238C;0x912424;0x914130
FN_libManis_0090DB20,0x90DB20,sub_90DB20,,0x910F24;0x9113B8;0x915480;0x914E04;0x91238C;0x912424;0x914130
FN_libManis_0090DBD8,0x90DBD8,sub_90DBD8,,0x910F24;0x9113B8;0x915480;0x914E04;0x91238C;0x912424;0x914130
FN_libManis_0090DC90,0x90DC90,sub_90DC90,,0x910F24;0x9113B8;0x915480;0x914E04;0x91238C;0x912424;0x914130
FN_libManis_0090DD48,0x90DD48,sub_90DD48,,0x910F24;0x9113B8;0x915480;0x914E04;0x915A3C;0x912424;0x914130;0x36BB30;0x334CEC
FN_libManis_0090E01C,0x90E01C,sub_90E01C,,0x910F24;0x9113B8;0x9113B8;0x915480;0x914E04;0x915A3C;0x912424;0x914130
FN_libManis_0090E0F0,0x90E0F0,sub_90E0F0,,0x910F24;0x9113B8;0x9113B8;0x915480;0x914E04;0x915A3C;0x91238C;0x912424;0x914130
FN_libManis_0090E1D0,0x90E1D0,sub_90E1D0,,0x910F24;0x9113B8;0x915480;0x914E04;0x91238C;0x912424;0x914130
FN_libManis_0090E288,0x90E288,sub_90E288,,0x910F24;0x9113B8;0x915480;0x914E04;0x91238C;0x912424;0x914130
FN_libManis_0090E340,0x90E340,sub_90E340,,0x910F24;0x9113B8;0x915480;0x914E04;0x91238C;0x912424;0x914130
FN_libManis_0090E3F8,0x90E3F8,sub_90E3F8,,0x910F24;0x9113B8;0x915480;0x914E04;0x9126E0;0x912424;0x914130
FN_libManis_0090E4B0,0x90E4B0,sub_90E4B0,,0x910F24;0x9113B8;0x9113B8;0x915480;0x914E04;0x9120DC;0x91238C;0x912424;0x914130
FN_libManis_0090E590,0x90E590,sub_90E590,,0x910F24;0x9113B8;0x9113B8;0x915480;0x914E04;0x9120DC;0x91238C;0x912424;0x914130
FN_libManis_0090E670,0x90E670,sub_90E670,,0x910F24;0x9113B8;0x915480;0x914E04;0x912424;0x914130
FN_libManis_0090E734,0x90E734,sub_90E734,0x902DE8,0x358D78;0x9021E8
FN_libManis_0090E884,0x90E884,sub_90E884,,0x910F24;0x9113B8;0x9120DC;0x9143A4;0x912930;0x913924;0x912424;0x914130
FN_libManis_0090E9BC,0x90E9BC,sub_90E9BC,,0x910F24;0x9113B8;0x9120DC;0x9143A4;0x912930;0x913924;0x912424;0x914130
FN_libManis_0090EAF4,0x90EAF4,sub_90EAF4,,0x910F24;0x9113B8;0x9120DC;0x9143A4;0x912930;0x913924;0x912424;0x914130
FN_libManis_0090EC2C,0x90EC2C,sub_90EC2C,,0x910F24;0x9113B8;0x9120DC;0x9143A4;0x912930;0x913924;0x912424;0x914130
FN_libManis_0090ED64,0x90ED64,sub_90ED64,,0x910F24;0x9113B8;0x9113B8;0x9120DC;0x9120DC;0x9143A4;0x912930;0x913924;0x912424;0x914130
FN_libManis_0090EEC4,0x90EEC4,sub_90EEC4,,0x910F24;0x9113B8;0x9113B8;0x9113B8;0x9120DC;0x9120DC;0x9120DC;0x912424;0x914130
FN_libManis_0090EFA4,0x90EFA4,sub_90EFA4,,0x910F24;0x9113B8;0x9113B8;0x915A3C;0x9120DC;0x9143A4;0x912930;0x913924;0x912424;0x914130
FN_libManis_0090F10C,0x90F10C,sub_90F10C,,0x910F24;0x9113B8;0x9113B8;0x9113B8;0x9113B8;0x915A3C;0x915A3C;0x915A3C;0x9120DC;0x9143A4
FN_libManis_0090F2CC,0x90F2CC,sub_90F2CC,,0x910F24;0x9113B8;0x9113B8;0x912424;0x914130;0x9120DC;0x9143A4;0x912930;0x913924
FN_libManis_0090F3F0,0x90F3F0,sub_90F3F0,,0x910F24;0x9113B8;0x9113B8;0x9113B8;0x9120DC;0x9120DC;0x9120DC;0x9143A4;0x912930;0x913924
FN_libManis_0090F6B0,0x90F6B0,sub_90F6B0,,0x910F24;0x9113B8;0x9113B8;0x9120DC;0x9120DC;0x9143A4;0x912930;0x913924;0x912424;0x914130
FN_libManis_0090F810,0x90F810,sub_90F810,,0x910F24;0x9113B8;0x9113B8;0x9120DC;0x9120DC;0x9143A4;0x912930;0x913924;0x912424;0x914130
FN_libManis_0090F970,0x90F970,sub_90F970,,0x910F24;0x9113B8;0x9113B8;0x9113B8;0x9113B8;0x915A3C;0x9120DC;0x9120DC;0x9120DC;0x9143A4
FN_libManis_0090FB34,0x90FB34,sub_90FB34,0x902DE8,0x9021E8;0x90385C
FN_libManis_0090FC34,0x90FC34,sub_90FC34,,0x910F24;0x9113B8;0x915480;0x914E04;0x912424;0x914130
FN_libManis_0090FCE0,0x90FCE0,sub_90FCE0,,0x910F24;0x9113B8;0x915480;0x914E04;0x912424;0x912424;0x914130
FN_libManis_0090FD98,0x90FD98,sub_90FD98,,0x910F24;0x9113B8;0x915480;0x914E04;0x91238C;0x912424;0x914130
FN_libManis_0090FE50,0x90FE50,sub_90FE50,,0x910F24;0x9113B8;0x915480;0x914E04;0x91236C;0x912424;0x914130
FN_libManis_0090FF08,0x90FF08,sub_90FF08,,0x910F24;0x9113B8;0x915480;0x914E04;0x912424;0x914130
FN_libManis_0090FFB4,0x90FFB4,sub_90FFB4,,0x910F24;0x9113B8;0x915480;0x914E04;0x9126B8;0x912424;0x914130
FN_libManis_0091006C,0x91006C,sub_91006C,,0x910F24;0x9113B8;0x9113B8;0x915480;0x914E04;0x902BF8;0x9143A4;0x912930;0x913924;0x912424
FN_libManis_009101A0,0x9101A0,sub_9101A0,,0x910F24;0x9113B8;0x915480;0x914E04;0x912424;0x914130
FN_libManis_00910290,0x910290,sub_910290,0x902DE8,0x9021E8
FN_libManis_0091036C,0x91036C,sub_91036C,,0x910F24;0x9113B8;0x9113B8;0x9113B8;0x902BF8;0x915480;0x914E04;0x9126B8;0x9113B8;0x9113B8
FN_libManis_00910604,0x910604,sub_910604,,0x910F24;0x9113B8;0x915480;0x9143A4;0x912930;0x913924;0x912424;0x914130;0x914E04;0x912358
FN_libManis_00910714,0x910714,sub_910714,,0x910F24;0x9113B8;0x9113B8;0x9113B8;0x902BF8;0x915480;0x914E04;0x9113B8;0x9113B8;0x9113B8
FN_libManis_00910A24,0x910A24,sub_910A24,0x91036C,0x9113B8;0x9113B8;0x9142C0;0x915A3C;0x910F40;0x912358;0x91413C;0x902A70;0x910F40;0x91413C
FN_libManis_00910C64,0x910C64,manisEngine::ManisEngine::~ManisEngine(),,0x910D18;0x910D18;0x910CD4
FN_libManis_00910CD4,0x910CD4,sub_910CD4,0x910C64;0x910CD8;0x910CD8,
FN_libManis_00910CD8,0x910CD8,sub_910CD8,,0x910CD4;0x910CD4
FN_libManis_00910D18,0x910D18,sub_910D18,0x910C64;0x910C64;0x910D1C;0x910D1C,
FN_libManis_00910D1C,0x910D1C,sub_910D1C,,0x910D18;0x910D18
FN_libManis_00910D68,0x910D68,sub_910D68,0x914A70;0x914DA4;0x916B28;0x91B258;0x91B258;0x91B634;0x91B7F0;0x91BC44;0x91C0A4;0x91C2DC,0x91DB84
FN_libManis_00910E74,0x910E74,sub_910E74,0x91AF04;0x91B190;0x91B258;0x91B258;0x91B258;0x91B634;0x91B7F0;0x91B7F0;0x91B7F0;0x91BC44,
FN_libManis_00910EC4,0x910EC4,sub_910EC4,0x917004,
FN_libManis_00910ED4,0x910ED4,sub_910ED4,0x9170B8;0x9170B8;0x92E3EC,
FN_libManis_00910EF0,0x910EF0,sub_910EF0,0x916068;0x916154;0x916764;0x916C18;0x916CB0,
FN_libManis_00910F24,0x910F24,sub_910F24,0x8FB5DC;0x8FB64C;0x8FB6C0;0x8FC100;0x8FC1A4;0x8FC248;0x8FC2EC;0x8FC390;0x8FC434;0x8FC4D8,
FN_libManis_00910F40,0x910F40,sub_910F40,0x8FB5DC;0x8FB64C;0x8FB6C0;0x8FB768;0x8FC100;0x8FC1A4;0x8FC248;0x8FC2EC;0x8FC390;0x8FC434,
FN_libManis_00910FEC,0x910FEC,sub_910FEC,0x914A70;0x915048;0x915538;0x915E78;0x915F44;0x915F44;0x9161C4;0x9161C4;0x9166D0;0x916764,
FN_libManis_00911164,0x911164,sub_911164,0x915048;0x918318;0x9224DC;0x9224DC,
FN_libManis_009112D8,0x9112D8,sub_9112D8,0x8FB248;0x902084;0x9021E8;0x9021E8;0x91530C;0x916764;0x9168D0;0x916B28;0x916C18;0x916CB0,
FN_libManis_009113B8,0x9113B8,sub_9113B8,0x8FACE8;0x8FB6C0;0x8FC100;0x8FC1A4;0x8FC248;0x8FC2EC;0x8FC390;0x8FC434;0x8FC4D8;0x8FC57C,
FN_libManis_00911490,0x911490,sub_911490,0x90280C;0x90280C;0x9028B8;0x915538;0x915630;0x915738;0x915800;0x915864;0x91590C;0x915998,
FN_libManis_009114A4,0x9114A4,sub_9114A4,0x91BEC0;0x91BEC0,
FN_libManis_0091158C,0x91158C,sub_91158C,0x9168D0;0x923700;0x926A30;0x926B64;0x926D2C;0x926DC4;0x926DC4;0x927118;0x9273EC;0x92F2C0,
FN_libManis_00911654,0x911654,sub_911654,0x9006E4;0x900794;0x900844;0x9008F4;0x9009A4;0x900A54;0x900B04;0x900BB4;0x900C64;0x900D14,0x936D34
FN_libManis_00911744,0x911744,sub_911744,0x900DC4;0x9168D0;0x918318;0x9283FC;0x92FA84;0x9342FC;0x9342FC,
FN_libManis_0091182C,0x91182C,sub_91182C,0x902A70;0x902A70;0x902CA8;0x9153E4;0x915480;0x917160;0x917C68,
FN_libManis_00911978,0x911978,sub_911978,0x926FC0;0x92706C;0x934838;0x934C7C;0x934C7C,
FN_libManis_00911ADC,0x911ADC,sub_911ADC,0x917F40;0x922DC4,0x928B88
FN_libManis_00911B18,0x911B18,sub_911B18,0x91590C;0x915998;0x9168D0;0x923700;0x92F2C0,0x936D34
FN_libManis_00911C28,0x911C28,sub_911C28,0x915A3C;0x915AE8;0x916068;0x916844;0x9168D0;0x922C24;0x923700;0x926A30;0x926CA0;0x926DC4,0x936E20
FN_libManis_00911D3C,0x911D3C,sub_911D3C,0x90280C;0x9168D0;0x916CB0;0x9173A4;0x922C24;0x922C24;0x9278DC;0x9283FC;0x929B10;0x929B10,
FN_libManis_00911DF8,0x911DF8,sub_911DF8,0x8FB248;0x8FB768;0x90184C;0x9019CC;0x9019CC;0x914A70;0x914E04;0x915048;0x915538;0x915630,0x928EB4;0x920DA8
FN_libManis_00911FD4,0x911FD4,sub_911FD4,0x916068;0x917CB8;0x9235A8,
FN_libManis_00912054,0x912054,sub_912054,,0x934050
FN_libManis_009120DC,0x9120DC,sub_9120DC,0x8FACE8;0x900E7C;0x9028B8;0x902A70;0x902CA8;0x90974C;0x90985C;0x909988;0x909A9C;0x909BCC,
FN_libManis_009121A4,0x9121A4,sub_9121A4,0x91AF58;0x91B02C;0x91B370;0x91B634;0x91B7F0;0x91BC44;0x91C0A4;0x91C2DC;0x91C52C,
FN_libManis_00912254,0x912254,sub_912254,0x9168D0;0x9168D0,
FN_libManis_00912358,0x912358,sub_912358,0x8FB768;0x9028B8;0x90A4CC;0x90A4CC;0x90A728;0x90A92C;0x90BE94;0x90C00C;0x90C174;0x90C2E0,
FN_libManis_0091236C,0x91236C,sub_91236C,0x8FB768;0x8FB768;0x8FB768;0x9014F0;0x9014F0;0x901588;0x901588;0x902084;0x902084;0x90FE50,
FN_libManis_0091238C,0x91238C,sub_91238C,0x8FB768;0x901030;0x901030;0x9010C8;0x9010C8;0x901160;0x901160;0x9011F8;0x9011F8;0x901290,
FN_libManis_009123AC,0x9123AC,sub_9123AC,0x915E78;0x916E18;0x927CA8;0x928184;0x928334;0x92FA84;0x92FA84;0x92FA84;0x9302EC;0x930B9C,0x92EB50;0x92EDA8;0x920DA8
FN_libManis_00912424,0x912424,sub_912424,0x8FB768;0x9004B4;0x9004B4;0x9004B4;0x9004B4;0x90161C;0x90161C;0x90184C;0x902084;0x9021E8,0x92EDA8;0x920DA8
FN_libManis_009124B4,0x9124B4,sub_9124B4,0x914F24,0x929048;0x920DA8
FN_libManis_00912530,0x912530,sub_912530,0x90280C;0x9028B8;0x914A70;0x914A70;0x914A70;0x914A70;0x914A70;0x914A70;0x914F24;0x914F24,0x929048;0x920DA8
FN_libManis_009125F0,0x9125F0,sub_9125F0,0x9021E8;0x9021E8;0x915BB8;0x916B28;0x916B28;0x916CB0;0x917678;0x917990;0x91B190;0x9224DC,0x91FD38
FN_libManis_009126B8,0x9126B8,sub_9126B8,0x8FB768;0x900F98;0x900F98;0x902F6C;0x9032D0;0x90867C;0x9094F8;0x909E04;0x90A2E8;0x90BB98,
FN_libManis_009126E0,0x9126E0,sub_9126E0,0x8FB768;0x90ACAC;0x90E3F8;0x91BFD4,
FN_libManis_00912700,0x912700,sub_912700,0x91AFFC;0x91B634;0x91C0A4;0x91C610,
FN_libManis_0091272C,0x91272C,sub_91272C,0x9004B4;0x9004B4;0x90184C;0x902084;0x9021E8;0x917AC8,0x933C78;0x92EDA8;0x933D44;0x936FF0
FN_libManis_0091280C,0x91280C,sub_91280C,0x9004B4;0x9004B4;0x902084;0x9021E8;0x92FA84,0x933E3C;0x936FF0
FN_libManis_00912930,0x912930,sub_912930,0x8FB768;0x9016B4;0x90184C;0x902A70;0x902A70;0x902CA8;0x90A4CC;0x90ACAC;0x90B880;0x90BE94,0x92EDA8;0x933D44;0x936FF0
FN_libManis_00912A90,0x912A90,sub_912A90,0x9182C8;0x9342FC;0x9342FC;0x9344BC;0x93464C;0x93464C;0x93474C;0x93474C;0x934838;0x934838,0x933C78;0x936FF0
FN_libManis_00912BE4,0x912BE4,sub_912BE4,0x9004B4;0x9004B4;0x915538;0x9166D0;0x916764;0x9168D0;0x917D18;0x91B634;0x91C610;0x934838,0x933E3C
FN_libManis_00912CB8,0x912CB8,sub_912CB8,0x8FB248;0x8FB248;0x9004B4;0x9004B4;0x900F98;0x901030;0x9010C8;0x901160;0x9011F8;0x901290,0x933C78
FN_libManis_00912D98,0x912D98,sub_912D98,0x91B634;0x91C0A4;0x91C610;0x927BD4,0x933E3C
FN_libManis_00912EB0,0x912EB0,sub_912EB0,0x8FB248;0x8FB248;0x9021E8;0x9021E8;0x91530C;0x916C18;0x916CB0;0x91AEAC;0x91B404;0x91B7F0,0x933530;0x933088
FN_libManis_00912F54,0x912F54,sub_912F54,0x902A70;0x902CA8;0x9153E4;0x915480;0x915538;0x9166D0;0x916764;0x9168D0;0x917614;0x91BE04,
FN_libManis_00913064,0x913064,sub_913064,0x91B5E0,
FN_libManis_0091312C,0x91312C,sub_91312C,0x9021E8,0x933C78
FN_libManis_00913168,0x913168,sub_913168,,0x92EDA8;0x933D44;0x920264;0x93713C
FN_libManis_00913258,0x913258,sub_913258,0x9021E8;0x9021E8;0x9021E8;0x9021E8;0x9021E8,0x933E3C;0x920264;0x93713C
FN_libManis_009133B4,0x9133B4,sub_9133B4,0x8FB248;0x8FB248;0x90184C;0x902084;0x91530C;0x91530C;0x915BB8;0x916B28;0x916B28;0x916C18,
FN_libManis_0091344C,0x91344C,sub_91344C,0x9344BC;0x9344BC;0x9345B8;0x93474C;0x93474C;0x934838;0x934838;0x934C7C;0x934C7C;0x934C7C,0x933C78;0x920264;0x93713C
FN_libManis_009135CC,0x9135CC,sub_9135CC,0x917D68;0x91C0A4,0x9334AC;0x920264
FN_libManis_009136E0,0x9136E0,sub_9136E0,0x916068;0x916068;0x916154;0x927638;0x927638;0x927638;0x927638,0x9333DC;0x920264
FN_libManis_009137E0,0x9137E0,sub_9137E0,0x91C0A4;0x927638,0x9334AC;0x920264
FN_libManis_00913924,0x913924,sub_913924,0x8FB248;0x8FB768;0x9016B4;0x90A4CC;0x90ACAC;0x90B880;0x90BE94;0x90C00C;0x90C174;0x90C2E0,0x9200D0;0x920354
FN_libManis_00913A88,0x913A88,sub_913A88,0x91C054,
FN_libManis_00913B24,0x913B24,sub_913B24,,0x9200D0
FN_libManis_00913B8C,0x913B8C,sub_913B8C,0x916764;0x916CB0;0x917510;0x917990;0x917AC8;0x917AC8;0x918318;0x9283FC;0x9283FC;0x92FA84,0x91EA6C;0x91E9D4
FN_libManis_00913C20,0x913C20,sub_913C20,0x8FB248;0x8FB768;0x9019CC;0x9019CC;0x917A2C;0x9181F8;0x91B45C,0x91F094;0x91E9D4
FN_libManis_00913E08,0x913E08,sub_913E08,0x9161C4;0x9165E4;0x916658;0x9177AC,0x93A7D4;0x91F200;0x933C78;0x920284
FN_libManis_00913F00,0x913F00,sub_913F00,0x92F1E8,
FN_libManis_00913F30,0x913F30,sub_913F30,0x91B02C;0x91B258,
FN_libManis_00913F38,0x913F38,sub_913F38,0x8FABAC;0x8FACA0;0x917424;0x917424,0x92E044;0x92E044;0x920DA8;0x920F1C;0x92E044;0x920DA8
FN_libManis_00914130,0x914130,sub_914130,0x9028B8;0x902F6C;0x903010;0x903070;0x903170;0x903270;0x9032D0;0x903374;0x903554;0x9035F8,0x91D508
FN_libManis_0091413C,0x91413C,sub_91413C,0x9028B8;0x9028B8;0x90A728;0x90A728;0x90A92C;0x90A92C;0x90CA90;0x90CA90;0x910A24;0x910A24,0x932EB0
FN_libManis_00914218,0x914218,sub_914218,0x914A70;0x914A70;0x914F24;0x917160;0x917598;0x91B370,0x937C64;0x92EB50
FN_libManis_009142C0,0x9142C0,sub_9142C0,0x9028B8;0x90A728;0x90A92C;0x90CA90;0x910A24;0x916844,0x937F7C
FN_libManis_00914388,0x914388,sub_914388,0x915CE4;0x915CE4;0x915E78;0x916E18;0x917160,
FN_libManis_009143A4,0x9143A4,sub_9143A4,0x8FB768;0x9016B4;0x90A4CC;0x90ACAC;0x90B880;0x90BE94;0x90C00C;0x90C174;0x90C2E0;0x90C448,0x92EE74;0x920DA8
FN_libManis_009143FC,0x9143FC,sub_9143FC,0x91BE54;0x91BEC0;0x91BEC0;0x91BFD4,
FN_libManis_0091454C,0x91454C,sub_91454C,0x8FB248;0x9176CC;0x9177AC;0x91C49C,
FN_libManis_009145A8,0x9145A8,sub_9145A8,,0x920284;0x9200D0
FN_libManis_0091472C,0x91472C,sub_91472C,0x91BFD4,
FN_libManis_009148B4,0x9148B4,sub_9148B4,0x91BEC0,0x920324
FN_libManis_00914A70,0x914A70,sub_914A70,0x91C52C,0x910F24;0x91C708;0x91C708;0x912530;0x910D68;0x914F24;0x912424;0x91C708;0x912424;0x91C708
FN_libManis_00914DA4,0x914DA4,sub_914DA4,0x8FB768;0x918318;0x922C24;0x922DC4;0x92EF94;0x92FA84;0x930B9C;0x931154;0x931154;0x931154,0x910D68
FN_libManis_00914E04,0x914E04,sub_914E04,0x90280C;0x903728;0x908D50;0x908E94;0x908FD8;0x90920C;0x909440;0x90974C;0x90985C;0x909988,0x91C708;0x91CAC0;0x915048;0x911DF8;0x914F24;0x914F24;0x914F24
FN_libManis_00914F24,0x914F24,sub_914F24,0x914A70;0x914E04;0x914E04;0x914E04;0x915BB8;0x915CE4;0x916844;0x9168D0;0x916B28;0x9170B8,0x91C708;0x91CAC0;0x912530;0x912530;0x9124B4;0x914218;0x914130
FN_libManis_00915048,0x915048,sub_915048,0x914A70;0x914E04,0x910F24;0x91CAC0;0x912930;0x91715C;0x911DF8;0x912424;0x910FEC;0x910F40;0x911164;0x910F40
FN_libManis_00915138,0x915138,sub_915138,0x917598;0x91B370,0x91C708;0x91CAC0;0x912530;0x912530
FN_libManis_009151DC,0x9151DC,sub_9151DC,0x922DC4;0x923700,0x9126B8;0x912358;0x912530;0x912424;0x91238C
FN_libManis_00915288,0x915288,sub_915288,,0x912358;0x9126B8;0x912358;0x912424;0x91238C
FN_libManis_0091530C,0x91530C,sub_91530C,0x9021E8;0x915BB8;0x9221DC,0x912930;0x910F40;0x912EB0;0x912424;0x9133B4;0x9112D8;0x9133B4
FN_libManis_009153B0,0x9153B0,sub_9153B0,0x9221DC;0x9221DC;0x9221DC;0x9224DC;0x9226CC;0x922818;0x922934;0x922AB8,0x912930
FN_libManis_009153E4,0x9153E4,sub_9153E4,0x9229A4,0x9120DC;0x912F54;0x912930;0x91182C;0x910F40
FN_libManis_00915480,0x915480,sub_915480,0x903728;0x908D50;0x908E94;0x908FD8;0x90920C;0x909440;0x90974C;0x90985C;0x909988;0x909A9C,0x9120DC;0x912F54;0x912930;0x91182C;0x910F40;0x915538
FN_libManis_00915538,0x915538,sub_915538,0x915480;0x915630;0x915738;0x915800;0x91590C;0x915998;0x915A3C;0x915AE8,0x912F54;0x912424;0x912BE4;0x910FEC;0x910F40;0x911DF8;0x910F40;0x9113B8;0x9113B8;0x911490
FN_libManis_00915630,0x915630,sub_915630,0x917424;0x923A30;0x923B04;0x929C7C,0x9113B8;0x911DF8;0x911DF8;0x911490;0x915538;0x912530
FN_libManis_00915738,0x915738,sub_915738,0x917510;0x9176CC;0x9176CC;0x9177AC;0x9177AC;0x9177AC;0x91B7F0;0x91B7F0;0x9226CC;0x922818,0x9113B8;0x911DF8;0x911490;0x915538
FN_libManis_00915800,0x915800,sub_915800,0x8FC76C;0x8FD080;0x8FDF1C;0x8FEE24;0x8FF828;0x900278;0x900DC4;0x90B6A8;0x90C174;0x90C448,0x911DF8;0x911490;0x915538
FN_libManis_00915864,0x915864,sub_915864,0x9177AC;0x917928;0x917D18;0x917D68;0x917E9C;0x917F40;0x9181F8;0x91AF04;0x91B190;0x91BE54,0x9113B8;0x911490
FN_libManis_009158C4,0x9158C4,sub_9158C4,0x9173A4;0x917614;0x917678;0x917990;0x917A2C;0x917C68;0x917C68;0x917D18;0x917D68;0x917D68,0x9113B8
FN_libManis_0091590C,0x91590C,sub_91590C,0x8FC620;0x8FC6C8;0x8FCF1C;0x8FCFD0;0x8FDCE0;0x8FDE00;0x8FEBE0;0x8FED04;0x8FF6BC;0x8FF774,0x911B18;0x911490;0x915538
FN_libManis_00915998,0x915998,sub_915998,0x926B0C,0x9113B8;0x911B18;0x911490;0x915538
FN_libManis_00915A3C,0x915A3C,sub_915A3C,0x8FC100;0x8FC1A4;0x8FC248;0x8FC2EC;0x8FC390;0x8FC434;0x8FC4D8;0x8FC57C;0x8FC99C;0x8FCA4C,0x911C28;0x911654;0x914E04;0x911490;0x915538
FN_libManis_00915AE8,0x915AE8,sub_915AE8,0x917424;0x917598;0x91C0A4;0x91C52C;0x923A30;0x923B04;0x929B10;0x92EF94;0x92EF94;0x92FA84,0x9113B8;0x911C28;0x911654;0x914E04;0x911490;0x915538
FN_libManis_00915BB8,0x915BB8,sub_915BB8,0x915DD0;0x915E1C;0x915F44;0x916E18;0x916E18;0x916E18;0x922DC4;0x922DC4;0x9235A8;0x9235A8,0x914F24;0x915CE4;0x9143A4;0x91530C;0x9125F0;0x9133B4;0x913924;0x915CE4
FN_libManis_00915CE4,0x915CE4,sub_915CE4,0x915BB8;0x915BB8,0x914388;0x9120DC;0x914388;0x9120DC;0x914F24
FN_libManis_00915DCC,0x915DCC,sub_915DCC,0x92FA84;0x92FA84;0x9304C0;0x9304C0;0x9304C0;0x931138;0x9342FC,
FN_libManis_00915DD0,0x915DD0,sub_915DD0,,0x915BB8
FN_libManis_00915E1C,0x915E1C,sub_915E1C,0x92F2C0,0x915BB8
FN_libManis_00915E78,0x915E78,sub_915E78,0x922DC4;0x922DC4;0x9235A8;0x9235A8;0x927CA8;0x9283FC;0x9297A4;0x92F1E8;0x92F2C0;0x92FA84,0x9123AC;0x914388;0x9120DC;0x910FEC;0x910F40
FN_libManis_00915F34,0x915F34,sub_915F34,0x92F0EC;0x92FFEC;0x92FFEC;0x9300C4;0x930240;0x9303F0;0x9303F0,
FN_libManis_00915F44,0x915F44,sub_915F44,0x927CA8;0x9283FC;0x92F2C0;0x92FA84;0x92FA84;0x9342FC;0x9342FC;0x9367E0,0x911DF8;0x910FEC;0x915BB8;0x910FEC;0x910F40
FN_libManis_00916024,0x916024,sub_916024,0x922DC4;0x922DC4;0x9235A8;0x927CA8;0x9283FC;0x9297A4;0x92F1E8;0x92F2C0;0x92FA84;0x9304C0,
FN_libManis_00916040,0x916040,sub_916040,0x92F0EC;0x92FFEC;0x9300C4;0x930240;0x9303F0,
FN_libManis_00916068,0x916068,sub_916068,0x8FB248,0x9113B8;0x910EF0;0x912CB8;0x911C28;0x910F40;0x912CB8;0x9136E0;0x910F40;0x911FD4;0x9136E0
FN_libManis_00916150,0x916150,sub_916150,0x8FB468,
FN_libManis_00916154,0x916154,sub_916154,,0x910EF0;0x912CB8;0x9136E0;0x91238C
FN_libManis_009161C4,0x9161C4,sub_9161C4,0x917510;0x9176CC;0x927EEC,0x910F24;0x912530;0x911DF8;0x912424;0x91644C;0x91644C;0x911DF8;0x913E08;0x910F40;0x911DF8
FN_libManis_0091644C,0x91644C,sub_91644C,0x9161C4;0x9161C4,
FN_libManis_009165E4,0x9165E4,sub_9165E4,0x8FB248;0x9177AC;0x91B45C,0x913E08
FN_libManis_00916658,0x916658,sub_916658,0x9019CC;0x9019CC,0x913E08
FN_libManis_009166D0,0x9166D0,sub_9166D0,0x917614;0x917990;0x917E9C,0x912F54;0x912424;0x912BE4;0x910FEC;0x910F40
FN_libManis_00916764,0x916764,sub_916764,0x9168D0,0x910EF0;0x912F54;0x912424;0x912BE4;0x910FEC;0x910F40;0x9112D8;0x913B8C;0x910F40
FN_libManis_00916844,0x916844,sub_916844,0x9279F4;0x9342FC;0x9344BC;0x93464C;0x93474C;0x934ABC,0x9142C0;0x911C28;0x914F24;0x910F40
FN_libManis_009168D0,0x9168D0,sub_9168D0,0x918160;0x92F2C0;0x92F2C0;0x92FA84,0x916764;0x911744;0x914F24;0x9113B8;0x911D3C;0x91158C;0x911C28;0x912530;0x912F54;0x912424
FN_libManis_00916B28,0x916B28,sub_916B28,0x9021E8;0x9021E8;0x91731C;0x91AEAC;0x91B404;0x9221DC;0x9221DC;0x926950;0x927638;0x927638,0x910D68;0x914F24;0x9112D8;0x9125F0;0x9133B4;0x9125F0;0x9133B4
FN_libManis_00916C18,0x916C18,sub_916C18,0x927638;0x927638,0x912930;0x910F40;0x910EF0;0x912EB0;0x9112D8;0x9133B4
FN_libManis_00916CB0,0x916CB0,sub_916CB0,0x922038;0x922038;0x922038;0x922038;0x922038;0x922038;0x922038;0x922038;0x922038;0x922038,0x912930;0x910F40;0x910EF0;0x912EB0;0x9112D8;0x9133B4;0x912930;0x911D3C;0x910F40;0x9125F0
FN_libManis_00916E18,0x916E18,sub_916E18,0x9278DC;0x9278DC;0x927CA8;0x927CA8;0x928334,0x915BB8;0x915BB8;0x915BB8;0x9123AC;0x914388;0x9120DC;0x910FEC;0x910F40;0x911DF8
FN_libManis_00917004,0x917004,sub_917004,0x9019CC,0x92E3EC;0x910EC4
FN_libManis_0091706C,0x91706C,sub_91706C,,0x911DF8
FN_libManis_009170B8,0x9170B8,sub_9170B8,0x91AEAC;0x91B404;0x9221DC;0x926950;0x927638;0x929710;0x92EECC;0x9342A4;0x936324,0x910ED4;0x914F24;0x910ED4
FN_libManis_0091715C,0x91715C,sub_91715C,0x915048;0x917160,
FN_libManis_00917160,0x917160,sub_917160,,0x9113B8;0x912358;0x91413C;0x910F40;0x91413C;0x9113B8;0x91182C;0x91715C;0x910FEC;0x910F40
FN_libManis_0091731C,0x91731C,sub_91731C,,0x912CB8;0x916B28;0x9112D8;0x9133B4;0x912424;0x9133B4
FN_libManis_009173A4,0x9173A4,sub_9173A4,,0x911D3C;0x9158C4;0x910FEC;0x910F40;0x912424;0x910F40
FN_libManis_00917424,0x917424,sub_917424,,0x915630;0x915AE8;0x913F38;0x913F38;0x91236C;0x9126B8;0x91238C
FN_libManis_00917510,0x917510,sub_917510,,0x915738;0x910F40;0x9161C4;0x913B8C;0x910F24
FN_libManis_00917598,0x917598,sub_917598,,0x915AE8;0x910F40;0x9113B8;0x915138;0x9112D8;0x914218
FN_libManis_00917614,0x917614,sub_917614,,0x9158C4;0x912F54;0x9166D0;0x912358
FN_libManis_00917678,0x917678,sub_917678,,0x9158C4;0x9125F0;0x9112D8;0x91238C
FN_libManis_009176CC,0x9176CC,sub_9176CC,,0x915738;0x915738;0x9113B8;0x9161C4;0x912358;0x910FEC;0x9112D8;0x91454C;0x910F40
FN_libManis_009177AC,0x9177AC,sub_9177AC,,0x911DF8;0x915738;0x9113B8;0x915738;0x9165E4;0x912358;0x910FEC;0x915738;0x915864;0x910F40
FN_libManis_00917928,0x917928,sub_917928,,0x915864;0x910F40;0x91413C;0x912358
FN_libManis_00917990,0x917990,sub_917990,,0x9158C4;0x9166D0;0x9112D8;0x913B8C;0x9125F0;0x9112D8;0x912358
FN_libManis_00917A2C,0x917A2C,sub_917A2C,,0x9158C4;0x9126B8;0x910FEC;0x910F24;0x913C20;0x9126B8;0x9112D8
FN_libManis_00917AC8,0x917AC8,sub_917AC8,,0x910F24;0x91272C;0x9112D8;0x9112D8;0x913B8C;0x911DF8;0x910F40;0x9112D8;0x9112D8;0x913B8C
FN_libManis_00917C68,0x917C68,sub_917C68,,0x9158C4;0x9158C4;0x91182C;0x9126B8
FN_libManis_00917CB8,0x917CB8,sub_917CB8,,0x9113B8;0x914E04;0x911FD4;0x91238C
FN_libManis_00917D18,0x917D18,sub_917D18,,0x915864;0x9158C4;0x910F40;0x912BE4
FN_libManis_00917D68,0x917D68,sub_917D68,,0x915864;0x9158C4;0x9158C4;0x910F40;0x9135CC
FN_libManis_00917DC4,0x917DC4,sub_917DC4,,0x910F24;0x9113B8;0x911DF8;0x91238C;0x915A3C;0x914E04
FN_libManis_00917E9C,0x917E9C,sub_917E9C,,0x9113B8;0x915864;0x914E04;0x9166D0;0x910F40;0x913924
FN_libManis_00917F40,0x917F40,sub_917F40,,0x9113B8;0x915A3C;0x915864;0x911DF8;0x914E04;0x9158C4;0x9113B8;0x910F40;0x91238C;0x911DF8
FN_libManis_00918160,0x918160,sub_918160,,0x9158C4;0x9168D0
FN_libManis_00918198,0x918198,sub_918198,,0x9113B8;0x914E04;0x911490;0x912424
FN_libManis_009181F8,0x9181F8,sub_9181F8,,0x910F24;0x915864;0x9126B8;0x9112D8;0x910FEC;0x913C20;0x9126B8;0x9112D8;0x910F24
FN_libManis_009182B0,0x9182B0,sub_9182B0,,0x910F24
FN_libManis_009182C8,0x9182C8,sub_9182C8,,0x915A3C;0x91238C;0x912A90
FN_libManis_00918318,0x918318,sub_918318,,0x914DA4;0x9112D8;0x913B8C;0x9113B8;0x911744;0x914F24;0x911164;0x910F40;0x910F40
FN_libManis_009183E4,0x9183E4,sub_9183E4,,0x9126B8;0x9112D8;0x910F24
FN_libManis_00918438,0x918438,sub_918438,0x92DCE4,
FN_libManis_009184D0,0x9184D0,sub_9184D0,0x92BF6C;0x92C460;0x92CF14;0x92D310;0x92D9C8;0x92DDB0,
FN_libManis_009184E0,0x9184E0,sub_9184E0,0x92A820,0x924144
FN_libManis_00918574,0x918574,sub_918574,0x92A820;0x92A820;0x92A820;0x92A820;0x92BC00;0x92D9C8,0x918918;0x924144
FN_libManis_00918630,0x918630,sub_918630,0x92C768;0x92D9C8;0x92D9C8,
FN_libManis_0091863C,0x91863C,sub_91863C,0x92A648;0x92A820,
FN_libManis_00918654,0x918654,sub_918654,0x92A820;0x92A820;0x92A820,
FN_libManis_00918664,0x918664,sub_918664,0x92A820;0x92A820;0x92A820;0x92BC00;0x92D9C8,0x924144
FN_libManis_00918700,0x918700,sub_918700,0x92A820;0x92A820;0x92D884;0x92D9C8,0x924144
FN_libManis_009187B4,0x9187B4,sub_9187B4,0x918918;0x91905C;0x91905C,0x924144
FN_libManis_009188C8,0x9188C8,sub_9188C8,0x92A820;0x92BA7C;0x92BC00;0x92BC00;0x92BC00,
FN_libManis_00918918,0x918918,sub_918918,0x918574;0x918A1C;0x918A1C;0x918E78;0x91905C;0x91905C;0x91905C;0x919660;0x91977C;0x919A54,0x9187B4;0x927480;0x927480
FN_libManis_00918A1C,0x918A1C,sub_918A1C,0x92A820,0x918918;0x918918
FN_libManis_00918A7C,0x918A7C,sub_918A7C,0x92A820,
FN_libManis_00918AA4,0x918AA4,sub_918AA4,,0x924144
FN_libManis_00918ABC,0x918ABC,sub_918ABC,0x92A820;0x92C768;0x92D9C8;0x92DCE4;0x92DCE4;0x92DDB0,
FN_libManis_00918AE8,0x918AE8,sub_918AE8,,0x924144
FN_libManis_00918B00,0x918B00,sub_918B00,0x92BF6C;0x92CC60;0x92CF14;0x92D240;0x92D310;0x92D560,0x918B5C
FN_libManis_00918B5C,0x918B5C,sub_918B5C,0x918B00;0x918D04;0x9194F8;0x91AC64;0x91AC64,0x9334AC;0x927480;0x9200D0;0x937944
FN_libManis_00918D04,0x918D04,sub_918D04,0x92A820,0x918B5C
FN_libManis_00918D68,0x918D68,sub_918D68,0x92A820;0x92C460;0x92D310;0x92DCE4,
FN_libManis_00918DFC,0x918DFC,sub_918DFC,,0x924144
FN_libManis_00918E14,0x918E14,sub_918E14,0x92DDB0,
FN_libManis_00918E78,0x918E78,sub_918E78,0x918FC4;0x9193C0;0x9193C0;0x9194F8;0x919874;0x919C7C;0x919E50;0x91A3D0;0x91A4E0;0x91A4E0,0x918918
FN_libManis_00918FC4,0x918FC4,sub_918FC4,0x92A820;0x92A820;0x92A820;0x92A820;0x92A820;0x92C460;0x92C460;0x92C460;0x92C768;0x92CC60,0x918E78;0x924144
FN_libManis_0091905C,0x91905C,sub_91905C,0x9193C0;0x9193C0;0x91A4E0,0x91AC64;0x918918;0x918918;0x918918;0x9187B4;0x9187B4;0x924144
FN_libManis_009193C0,0x9193C0,sub_9193C0,0x9194F8;0x9194F8;0x919660;0x91977C;0x919E50;0x91A4E0;0x92A820,0x918E78;0x918E78;0x91905C;0x91905C;0x924144
FN_libManis_009194C4,0x9194C4,sub_9194C4,0x92CC60;0x92D240,
FN_libManis_009194E4,0x9194E4,sub_9194E4,0x92CC60;0x92CF14,
FN_libManis_009194F8,0x9194F8,sub_9194F8,0x919660;0x91977C;0x919E04;0x91A4E0;0x91AA78;0x91AA78;0x92CF14;0x92CF14,0x918E78;0x9193C0;0x918B5C;0x9193C0
FN_libManis_00919660,0x919660,sub_919660,0x92A820;0x92DDB0,0x9193C0;0x9194F8;0x918918
FN_libManis_0091977C,0x91977C,sub_91977C,0x92CC60,0x9193C0;0x9194F8;0x918918;0x924144
FN_libManis_00919874,0x919874,sub_919874,0x92A820;0x92A820;0x92A820,0x918E78;0x919A54;0x924144
FN_libManis_00919A54,0x919A54,sub_919A54,0x919874;0x919C7C,0x918918;0x918918;0x91AC64;0x918918;0x918918;0x924144;0x924144
FN_libManis_00919C7C,0x919C7C,sub_919C7C,0x92A820,0x918E78;0x919A54;0x924144
FN_libManis_00919E04,0x919E04,sub_919E04,0x92CC60;0x92D240;0x92D560,0x9194F8
FN_libManis_00919E50,0x919E50,sub_919E50,0x92BF6C,0x91A1A4;0x9193C0;0x918918;0x918E78;0x91AC64;0x918918;0x924144
FN_libManis_0091A1A4,0x91A1A4,sub_91A1A4,0x919E50;0x91A4E0,0x936E20;0x936E20;0x928768
FN_libManis_0091A3D0,0x91A3D0,sub_91A3D0,0x92BF6C,0x918E78;0x924144
FN_libManis_0091A4E0,0x91A4E0,sub_91A4E0,0x92BF6C,0x91A1A4;0x9194F8;0x918918;0x918918;0x918918;0x918918;0x918E78;0x918918;0x918918;0x918E78
FN_libManis_0091AA78,0x91AA78,sub_91AA78,,0x9194F8;0x9194F8;0x918918
FN_libManis_0091ABA8,0x91ABA8,sub_91ABA8,0x92A820;0x92D310;0x92D9C8;0x92D9C8,
FN_libManis_0091ABC0,0x91ABC0,sub_91ABC0,0x92C460;0x92C460;0x92C460,0x918918;0x918918
FN_libManis_0091AC64,0x91AC64,sub_91AC64,0x91905C;0x919A54;0x919E50,0x918E78;0x918918;0x918B5C;0x918B5C;0x918918
FN_libManis_0091AEAC,0x91AEAC,sub_91AEAC,,0x9170B8;0x912EB0;0x916B28
FN_libManis_0091AF04,0x91AF04,sub_91AF04,,0x915864;0x92E170;0x9112D8;0x910E74
FN_libManis_0091AF58,0x91AF58,sub_91AF58,,0x9121A4;0x914E04;0x910F24;0x91B258;0x9126B8;0x9126B8;0x910FEC
FN_libManis_0091AFFC,0x91AFFC,sub_91AFFC,,0x912700;0x9126B8
FN_libManis_0091B02C,0x91B02C,sub_91B02C,,0x9121A4;0x913F30;0x912424;0x914E04;0x912424;0x91C708;0x912424;0x912424;0x910F24;0x912424
FN_libManis_0091B190,0x91B190,sub_91B190,,0x915864;0x92E170;0x9112D8;0x910E74;0x9125F0
FN_libManis_0091B1F8,0x91B1F8,sub_91B1F8,,0x910F24
FN_libManis_0091B228,0x91B228,sub_91B228,,0x91EFF8;0x9126B8
FN_libManis_0091B258,0x91B258,sub_91B258,0x91AF58;0x91B370,0x910D68;0x913F30;0x910F24;0x910E74;0x91EB04;0x910F24;0x910D68;0x910E74;0x910E74;0x910F40
FN_libManis_0091B370,0x91B370,sub_91B370,,0x9121A4;0x910F24;0x91B258;0x9113B8;0x915138;0x910FEC;0x914218
FN_libManis_0091B404,0x91B404,sub_91B404,,0x9170B8;0x912EB0;0x916B28
FN_libManis_0091B45C,0x91B45C,sub_91B45C,,0x911DF8;0x910F40;0x9165E4;0x913C20
FN_libManis_0091B5E0,0x91B5E0,sub_91B5E0,,0x9113B8;0x913064;0x912358
FN_libManis_0091B634,0x91B634,sub_91B634,,0x9113B8;0x9121A4;0x91C6F8;0x91C6F0;0x912424;0x912358;0x912D98;0x910D68;0x914F24;0x912700
FN_libManis_0091B7F0,0x91B7F0,sub_91B7F0,,0x9113B8;0x9121A4;0x915738;0x910D68;0x914F24;0x9113B8;0x915738;0x9113B8;0x912530;0x9112D8
FN_libManis_0091BC44,0x91BC44,sub_91BC44,,0x9113B8;0x9121A4;0x915A3C;0x9113B8;0x9112D8;0x91C760;0x912424;0x915A3C;0x91C708;0x910D68
FN_libManis_0091BDE4,0x91BDE4,sub_91BDE4,,0x9112D8
FN_libManis_0091BE04,0x91BE04,sub_91BE04,,0x9158C4;0x912F54;0x912358
FN_libManis_0091BE54,0x91BE54,sub_91BE54,,0x915A3C;0x915864;0x9143FC;0x912424;0x910FEC
FN_libManis_0091BEC0,0x91BEC0,sub_91BEC0,,0x915A3C;0x915864;0x9143FC;0x914E04;0x915A3C;0x915864;0x9143FC;0x914E04;0x9114A4;0x914E04
FN_libManis_0091BFD4,0x91BFD4,sub_91BFD4,,0x915A3C;0x915864;0x9143FC;0x914E04;0x91472C;0x9126E0
FN_libManis_0091C054,0x91C054,sub_91C054,,0x915864;0x9158C4;0x910F40;0x913A88
FN_libManis_0091C0A4,0x91C0A4,sub_91C0A4,,0x9113B8;0x9121A4;0x9113B8;0x915800;0x915864;0x915AE8;0x9113B8;0x910F40;0x912D98;0x912EB0
FN_libManis_0091C2DC,0x91C2DC,sub_91C2DC,,0x9113B8;0x9121A4;0x915A3C;0x915A3C;0x91C708;0x9158C4;0x910F40;0x910D68;0x914F24;0x910E74
FN_libManis_0091C43C,0x91C43C,sub_91C43C,,0x9113B8;0x914E04;0x910F40;0x913924
FN_libManis_0091C49C,0x91C49C,sub_91C49C,,0x9158C4;0x915A3C;0x915864;0x91454C;0x912424;0x910FEC
FN_libManis_0091C52C,0x91C52C,sub_91C52C,,0x9113B8;0x9121A4;0x911DF8;0x911DF8;0x9113B8;0x9112D8;0x915AE8;0x914A70
FN_libManis_0091C610,0x91C610,sub_91C610,,0x912D98;0x912700;0x912BE4;0x912424;0x91238C;0x912358
FN_libManis_0091C6B8,0x91C6B8,sub_91C6B8,0x91C0A4,
FN_libManis_0091C6F0,0x91C6F0,sub_91C6F0,0x91B634,
FN_libManis_0091C6F8,0x91C6F8,sub_91C6F8,0x91B634,
FN_libManis_0091C700,0x91C700,sub_91C700,0x91B634,
FN_libManis_0091C708,0x91C708,sub_91C708,0x914A70;0x914A70;0x914A70;0x914A70;0x914A70;0x914E04;0x914F24;0x915138;0x91B02C;0x91B7F0,
FN_libManis_0091C760,0x91C760,sub_91C760,0x91BC44;0x91BC44;0x91BC44,0x920078;0x920078
FN_libManis_0091C924,0x91C924,sub_91C924,0x91C2DC,0x920078
FN_libManis_0091CAC0,0x91CAC0,sub_91CAC0,0x914A70;0x914E04;0x914F24;0x915048;0x915138;0x91B7F0,0x9295A8;0x91D6E4;0x933530;0x9333DC
FN_libManis_0091CFF0,0x91CFF0,sub_91CFF0,0x91D2CC;0x91D2F4;0x91E41C;0x936FF0;0x93713C;0x937F7C,0x935334;0x91D15C;0x91D03C
FN_libManis_0091D03C,0x91D03C,sub_91D03C,0x91CFF0;0x91D37C;0x91D40C;0x91D40C;0x91DD54;0x91E9D4;0x91EA6C;0x91F008;0x91F008;0x927480,0x929048;0x9295A8;0x929514;0x91D508
FN_libManis_0091D15C,0x91D15C,sub_91D15C,0x91CFF0;0x91D37C,0x91D6E4;0x929514
FN_libManis_0091D2CC,0x91D2CC,sub_91D2CC,0x935658,0x91CFF0
FN_libManis_0091D2F4,0x91D2F4,sub_91D2F4,0x935658;0x935658,0x936D34;0x91CFF0
FN_libManis_0091D37C,0x91D37C,sub_91D37C,0x935658,0x936E20;0x91D15C;0x91D03C
FN_libManis_0091D40C,0x91D40C,sub_91D40C,0x93734C;0x937610,0x935334;0x935334;0x91D03C;0x91D03C
FN_libManis_0091D478,0x91D478,sub_91D478,0x924154,0x9295A8;0x929514
FN_libManis_0091D508,0x91D508,sub_91D508,0x914130;0x91D03C,0x91EA6C;0x91DA70
FN_libManis_0091D560,0x91D560,sub_91D560,0x938324,0x91E098;0x91E098;0x91DA70
FN_libManis_0091D6E4,0x91D6E4,sub_91D6E4,0x91CAC0;0x91D15C;0x91D6E4;0x91D6E4,0x920078;0x920078;0x91D6E4;0x91D6E4
FN_libManis_0091DA70,0x91DA70,sub_91DA70,0x91D508;0x91D560;0x91DA70;0x91DD54;0x91E9D4;0x91EA6C;0x91F008;0x91F318;0x91F318;0x921080,0x91DA70;0x92EB50
FN_libManis_0091DB84,0x91DB84,sub_91DB84,0x910D68;0x92E3EC,
FN_libManis_0091DC20,0x91DC20,sub_91DC20,0x91DD54,0x927588
FN_libManis_0091DD54,0x91DD54,sub_91DD54,0x91E050;0x91E098;0x91E188;0x91E41C;0x91E41C;0x91E41C;0x91E41C;0x91E41C;0x929048;0x938324,0x927588;0x91DA70;0x91DC20;0x91D03C
FN_libManis_0091DEF8,0x91DEF8,sub_91DEF8,0x91EB04;0x91F094;0x921248,0x92E0AC;0x92E100;0x927588
FN_libManis_0091E050,0x91E050,sub_91E050,0x929048;0x929048;0x929048;0x929048;0x92A2D4;0x92A2D4;0x935828,0x91DD54
FN_libManis_0091E098,0x91E098,sub_91E098,0x91D560;0x91D560,0x91DD54
FN_libManis_0091E188,0x91E188,sub_91E188,0x91E41C;0x91EB04;0x91EEC0;0x91EEC0;0x938324;0x938324,0x91DD54
FN_libManis_0091E41C,0x91E41C,sub_91E41C,0x91E9D4;0x91EA6C;0x91EB04;0x938324;0x938324,0x920DA8;0x91DD54;0x9352C4;0x920DA8;0x91DD54;0x920DA8;0x91DD54;0x92E068;0x91DD54;0x91E188
FN_libManis_0091E9D4,0x91E9D4,sub_91E9D4,0x913B8C;0x913C20;0x9353E0;0x9354B4;0x938324,0x91E41C;0x938324;0x91D03C;0x91DA70
FN_libManis_0091EA6C,0x91EA6C,sub_91EA6C,0x913B8C;0x91D508;0x9353E0;0x9354B4,0x91E41C;0x938324;0x91D03C;0x91DA70
FN_libManis_0091EB04,0x91EB04,sub_91EB04,0x91B258,0x92EDA8;0x91E188;0x91E41C;0x938324;0x938324;0x91EEC0;0x91FF00;0x92EB50;0x91DEF8;0x91EEC0
FN_libManis_0091EEC0,0x91EEC0,sub_91EEC0,0x91EB04;0x91EB04,0x91E188;0x938154;0x938324;0x91E188
FN_libManis_0091EFF8,0x91EFF8,sub_91EFF8,0x91B228,
FN_libManis_0091F008,0x91F008,sub_91F008,,0x91D03C;0x91DA70;0x91D03C
FN_libManis_0091F094,0x91F094,sub_91F094,0x913C20;0x91F200;0x921080,0x91FF00;0x92EB50;0x91DEF8
FN_libManis_0091F200,0x91F200,sub_91F200,0x913E08,0x91F094;0x927588;0x927588;0x927588;0x927588
FN_libManis_0091F318,0x91F318,sub_91F318,,0x935828;0x93A75C;0x92A2D4;0x929514;0x91DA70;0x929514;0x91DA70;0x91F660
FN_libManis_0091F660,0x91F660,sub_91F660,0x91F318;0x91F660,0x91FBD8;0x91FBD8;0x91F660;0x91FBD8;0x91FBD8
FN_libManis_0091FBD8,0x91FBD8,sub_91FBD8,0x91F660;0x91F660;0x91F660;0x91F660,
FN_libManis_0091FD38,0x91FD38,sub_91FD38,0x9125F0,0x9202D8
FN_libManis_0091FD6C,0x91FD6C,sub_91FD6C,0x92A2D4;0x935828;0x938324,0x9202D8
FN_libManis_0091FDD4,0x91FDD4,sub_91FDD4,,0x927588
FN_libManis_0091FE44,0x91FE44,sub_91FE44,0x938324,0x927588
FN_libManis_0091FF00,0x91FF00,sub_91FF00,0x91EB04;0x91F094;0x92E344;0x92E764;0x938324;0x938324;0x938324;0x938324;0x938324,
FN_libManis_0091FF08,0x91FF08,sub_91FF08,,0x927588;0x920284
FN_libManis_0091FF88,0x91FF88,sub_91FF88,0x92A2D4;0x92C768;0x935828;0x935BFC,0x9202D8
FN_libManis_0091FFBC,0x91FFBC,sub_91FFBC,0x9204EC,0x927588;0x927588;0x927588;0x927588;0x927588;0x927588
FN_libManis_00920078,0x920078,sub_920078,0x91C760;0x91C760;0x91C924;0x91D6E4;0x91D6E4,
FN_libManis_009200D0,0x9200D0,sub_9200D0,0x913924;0x913B24;0x9145A8;0x918B5C;0x92A4FC;0x92C768;0x92D090,
FN_libManis_00920100,0x920100,sub_920100,0x920100;0x9206DC;0x9206DC;0x9206DC;0x9206DC;0x9206DC;0x9206DC;0x9206DC;0x9206DC;0x9206DC,0x920100
FN_libManis_00920264,0x920264,sub_920264,0x913168;0x913258;0x91344C;0x9135CC;0x9136E0;0x9137E0;0x9335D8;0x93713C;0x938324;0x938324,
FN_libManis_00920284,0x920284,sub_920284,0x913E08;0x9145A8;0x91FF08;0x938324,
FN_libManis_009202B0,0x9202B0,sub_9202B0,0x923D44;0x923D44;0x923D44;0x923D44;0x923D44;0x923D44;0x923D44;0x923D44;0x923D44;0x923D44,
FN_libManis_009202D8,0x9202D8,sub_9202D8,0x91FD38;0x91FD6C;0x91FF88;0x92EB50;0x92EB50;0x92ED1C;0x92EE74;0x933530,0x927588
FN_libManis_00920324,0x920324,sub_920324,0x9148B4,
FN_libManis_00920354,0x920354,sub_920354,0x913924,
FN_libManis_00920358,0x920358,sub_920358,,0x935270;0x9204EC
FN_libManis_0092042C,0x92042C,sub_92042C,0x92E764,0x921080;0x9204EC;0x9204EC
FN_libManis_009204EC,0x9204EC,sub_9204EC,0x920358;0x92042C;0x92042C;0x9206DC;0x9206DC;0x9206DC;0x9206DC;0x920F1C,0x933568;0x91FFBC;0x92ED60;0x92E344;0x927588;0x927588
FN_libManis_009206DC,0x9206DC,sub_9206DC,0x920DA8;0x920F1C;0x920F1C;0x920F1C;0x920F1C,0x921248;0x920100;0x920100;0x921980;0x920100;0x921248;0x921248;0x921C5C;0x921EA8;0x921EA8
FN_libManis_00920DA8,0x920DA8,sub_920DA8,0x911DF8;0x9123AC;0x912424;0x9124B4;0x912530;0x913F38;0x913F38;0x9143A4;0x91E41C;0x91E41C,0x9206DC;0x92E044;0x921080
FN_libManis_00920F1C,0x920F1C,sub_920F1C,0x913F38;0x927480;0x927588,0x9204EC;0x9206DC;0x9206DC;0x9206DC;0x9206DC
FN_libManis_00921080,0x921080,sub_921080,0x92042C;0x9206DC;0x920DA8,0x9352C4;0x91F094;0x929514;0x91DA70
FN_libManis_00921248,0x921248,sub_921248,0x9206DC;0x9206DC;0x9206DC;0x9206DC;0x9206DC;0x921C5C,0x920100;0x920100;0x920100;0x920100;0x920100;0x920100;0x920100;0x920100;0x920100;0x935270
FN_libManis_00921980,0x921980,sub_921980,0x9206DC;0x9206DC,0x920100;0x920100;0x920100;0x920100;0x920100;0x920100;0x920100;0x920100
FN_libManis_00921AA0,0x921AA0,sub_921AA0,0x921248,0x920100;0x920100;0x920100
FN_libManis_00921C5C,0x921C5C,sub_921C5C,0x9206DC;0x9206DC,0x920100;0x920100;0x920100;0x921248
FN_libManis_00921EA8,0x921EA8,sub_921EA8,0x9206DC;0x9206DC;0x9206DC;0x9206DC,
FN_libManis_00921EB0,0x921EB0,sub_921EB0,,0x920100;0x920100
FN_libManis_00922038,0x922038,sub_922038,0x9019CC,0x916CB0;0x910F40;0x916CB0;0x910F40;0x916CB0;0x910F40;0x916CB0;0x910F40;0x916CB0;0x910F40
FN_libManis_009221DC,0x9221DC,sub_9221DC,,0x9170B8;0x912EB0;0x916B28;0x91530C;0x9112D8;0x9133B4;0x916B28;0x910F40;0x9143A4;0x9153B0
FN_libManis_009223A0,0x9223A0,sub_9223A0,,0x9113B8;0x912930;0x915480;0x914F24;0x915480
FN_libManis_00922438,0x922438,sub_922438,,0x912930;0x9120DC;0x914F24
FN_libManis_009224B4,0x9224B4,sub_9224B4,,0x922AB8
FN_libManis_009224DC,0x9224DC,sub_9224DC,,0x9113B8;0x9113B8;0x915800;0x9143A4;0x9153B0;0x914F24;0x911164;0x910F40;0x910F24;0x914E04
FN_libManis_009226CC,0x9226CC,sub_9226CC,,0x915800;0x915738;0x9143A4;0x9153B0;0x914E04
FN_libManis_009227F0,0x9227F0,sub_9227F0,,0x922AB8
FN_libManis_00922818,0x922818,sub_922818,,0x915800;0x915738;0x9143A4;0x9153B0;0x914F24
FN_libManis_009228B0,0x9228B0,sub_9228B0,,0x912930;0x9120DC;0x914F24
FN_libManis_00922934,0x922934,sub_922934,,0x9143A4;0x9153B0
FN_libManis_009229A4,0x9229A4,sub_9229A4,,0x9158C4;0x9153E4;0x912424;0x912358;0x912424
FN_libManis_00922A34,0x922A34,sub_922A34,,0x912930;0x9120DC;0x914F24
FN_libManis_00922AB8,0x922AB8,sub_922AB8,0x9224B4;0x9227F0,0x9113B8;0x911DF8;0x9143A4;0x9153B0;0x914F24;0x915480;0x914F24;0x9112D8;0x9133B4
FN_libManis_00922BDC,0x922BDC,sub_922BDC,,0x915480
FN_libManis_00922C24,0x922C24,sub_922C24,,0x9120DC;0x911C28;0x910F40;0x914DA4;0x9112D8;0x922DC4;0x911D3C;0x911DF8;0x911D3C;0x910F40
FN_libManis_00922DC4,0x922DC4,sub_922DC4,0x922C24,0x910F24;0x9235A8;0x9151DC;0x914DA4;0x9113B8;0x915A3C;0x916024;0x915BB8;0x915E78;0x915800
FN_libManis_009235A8,0x9235A8,sub_9235A8,0x922DC4;0x922DC4;0x922DC4,0x916024;0x915BB8;0x915BB8;0x915E78;0x915E78;0x911FD4
FN_libManis_00923700,0x923700,sub_923700,,0x915480;0x910F24;0x911B18;0x9113B8;0x91158C;0x911C28;0x915800;0x9151DC
FN_libManis_00923898,0x923898,sub_923898,,0x915480;0x914F24
FN_libManis_009238FC,0x9238FC,sub_9238FC,,0x915480;0x910F24;0x914E04;0x91238C;0x9126B8;0x910FEC;0x9125F0;0x914F24;0x910F24
FN_libManis_009239C4,0x9239C4,sub_9239C4,,0x915480;0x914F24
FN_libManis_00923A30,0x923A30,sub_923A30,,0x915480;0x914F24;0x915630;0x915AE8;0x91238C
FN_libManis_00923B04,0x923B04,sub_923B04,,0x915480;0x914F24;0x915630;0x915AE8
FN_libManis_00923BB4,0x923BB4,sub_923BB4,,0x915480;0x914F24;0x9112D8
FN_libManis_00923C18,0x923C18,sub_923C18,,0x915480;0x915480
FN_libManis_00923C84,0x923C84,sub_923C84,,0x915480;0x912530;0x912424
FN_libManis_00923CF0,0x923CF0,sub_923CF0,,0x915480;0x912358;0x912424
FN_libManis_00923D44,0x923D44,sub_923D44,0x92E3EC,0x92EB50;0x9202B0;0x92EDA8;0x9202B0;0x92EDA8;0x9202B0;0x92EDA8;0x9202B0;0x92EDA8;0x9202B0
FN_libManis_009240F4,0x9240F4,sub_9240F4,0x92A820;0x92A820;0x92A820;0x92A820;0x92A820;0x92A820;0x92C460;0x92C460;0x92C768;0x92C768,
FN_libManis_00924144,0x924144,sub_924144,0x9184E0;0x918574;0x918664;0x918700;0x9187B4;0x918AA4;0x918AE8;0x918DFC;0x918FC4;0x91905C,0x924154
FN_libManis_00924154,0x924154,sub_924154,0x924144;0x924154;0x924408;0x924408;0x924408;0x924408;0x924408;0x924408;0x924408;0x924408,0x91D478;0x924154;0x929514;0x927588;0x929514;0x929514;0x91DA70
FN_libManis_00924288,0x924288,sub_924288,0x92A820;0x92A820;0x92A820;0x92A820;0x92A820;0x92A820;0x92C768,0x92EB50;0x9334AC;0x920DA8
FN_libManis_00924330,0x924330,sub_924330,0x92A2D4,0x92EB50;0x927588
FN_libManis_009243B0,0x9243B0,sub_9243B0,0x92A2D4;0x92A820;0x92A820;0x92A820;0x92A820;0x92A820;0x92A820;0x92A820;0x92A820;0x92A820,
FN_libManis_009243C8,0x9243C8,sub_9243C8,,0x924408
FN_libManis_00924408,0x924408,sub_924408,0x9243C8;0x925B14,0x93A75C;0x93A75C;0x93A75C;0x93A75C;0x93A75C;0x925BD4;0x925D6C;0x93A75C;0x927588;0x927588
FN_libManis_00925B14,0x925B14,sub_925B14,0x92C460,0x924408
FN_libManis_00925B3C,0x925B3C,sub_925B3C,0x924408;0x924408;0x924408;0x924408;0x924408;0x926708,0x927588;0x924154
FN_libManis_00925BD4,0x925BD4,sub_925BD4,0x924408;0x924408;0x925D6C,0x927588;0x93A75C;0x93A75C;0x927588;0x924154
FN_libManis_00925D6C,0x925D6C,sub_925D6C,0x924408;0x924408,0x927588;0x93A75C;0x93A75C;0x93A75C;0x925BD4;0x927588;0x93A75C;0x927588;0x93A75C;0x93A75C
FN_libManis_00926290,0x926290,sub_926290,0x924408;0x924408,
FN_libManis_009262D4,0x9262D4,sub_9262D4,,0x93A75C;0x927588;0x92684C;0x927588;0x927588;0x93A75C;0x92684C;0x927588;0x93A75C;0x927588
FN_libManis_00926708,0x926708,sub_926708,0x924408;0x924408;0x924408,0x927588;0x93A75C;0x925B3C;0x93A75C;0x924154;0x924154
FN_libManis_0092684C,0x92684C,sub_92684C,0x9262D4;0x9262D4,0x927588;0x93A75C;0x924154
FN_libManis_00926950,0x926950,sub_926950,,0x9170B8;0x912EB0;0x916B28;0x91236C;0x9133B4;0x91236C;0x9133B4;0x91238C;0x9133B4;0x91238C
FN_libManis_00926A30,0x926A30,sub_926A30,,0x91158C;0x911C28;0x91238C;0x91590C;0x91236C
FN_libManis_00926AA4,0x926AA4,sub_926AA4,,0x91590C;0x91236C
FN_libManis_00926AD8,0x926AD8,sub_926AD8,,0x91590C;0x91236C
FN_libManis_00926B0C,0x926B0C,sub_926B0C,,0x91590C;0x915998;0x91236C
FN_libManis_00926B64,0x926B64,sub_926B64,,0x91158C;0x910F40;0x91590C;0x91236C;0x91238C
FN_libManis_00926BFC,0x926BFC,sub_926BFC,,0x91590C;0x91236C
FN_libManis_00926C30,0x926C30,sub_926C30,,0x91590C;0x91236C
FN_libManis_00926C6C,0x926C6C,sub_926C6C,,0x91590C;0x91236C
FN_libManis_00926CA0,0x926CA0,sub_926CA0,,0x911C28;0x91238C;0x9158C4;0x912358
FN_libManis_00926D2C,0x926D2C,sub_926D2C,,0x91158C;0x910F40;0x91590C;0x91236C;0x91238C
FN_libManis_00926DC4,0x926DC4,sub_926DC4,,0x91158C;0x91158C;0x911C28;0x914E04;0x91238C;0x91590C;0x91590C;0x91236C;0x911C28;0x91238C
FN_libManis_00926EC4,0x926EC4,sub_926EC4,,0x915A3C;0x915A3C;0x9126B8
FN_libManis_00926F0C,0x926F0C,sub_926F0C,,0x91590C;0x9113B8;0x91590C;0x91236C
FN_libManis_00926FC0,0x926FC0,sub_926FC0,,0x910F24;0x914E04;0x911978;0x9112D8
FN_libManis_0092706C,0x92706C,sub_92706C,,0x910F24;0x914E04;0x911978;0x9112D8
FN_libManis_00927118,0x927118,sub_927118,,0x91158C;0x910F40;0x91590C;0x91236C;0x91238C;0x91236C
FN_libManis_009271D0,0x9271D0,sub_9271D0,,0x91590C;0x91236C
FN_libManis_0092720C,0x92720C,sub_92720C,,0x910F24;0x91236C;0x915A3C;0x915A3C;0x914E04;0x914E04;0x91238C
FN_libManis_00927328,0x927328,sub_927328,,0x91590C
FN_libManis_00927350,0x927350,sub_927350,,0x91590C;0x91236C
FN_libManis_00927384,0x927384,sub_927384,,0x91590C;0x91236C
FN_libManis_009273B8,0x9273B8,sub_9273B8,,0x91590C;0x91236C
FN_libManis_009273EC,0x9273EC,sub_9273EC,,0x9113B8;0x91158C;0x912424;0x9158C4;0x912358;0x912424
FN_libManis_00927480,0x927480,sub_927480,0x918918;0x918918;0x918B5C;0x92A4FC;0x92A820;0x92BA7C;0x92BC00;0x92C768;0x92D090;0x92D090,0x920F1C;0x91DA70;0x91D03C
FN_libManis_00927588,0x927588,sub_927588,0x91DC20;0x91DD54;0x91DEF8;0x91F200;0x91F200;0x91F200;0x91F200;0x91FDD4;0x91FE44;0x91FF08,0x920F1C;0x91DA70
FN_libManis_00927624,0x927624,sub_927624,0x92EB50;0x92EE74,0x91D03C
FN_libManis_00927638,0x927638,sub_927638,,0x912EB0;0x912EB0;0x9125F0;0x9133B4;0x913924;0x9137E0;0x9170B8;0x912EB0;0x916B28;0x912EB0
FN_libManis_009278DC,0x9278DC,sub_9278DC,0x927638;0x927638,0x912530;0x912930;0x911D3C;0x910F40;0x912424;0x916E18;0x916E18;0x910FEC;0x910F40;0x9133B4
FN_libManis_009279F4,0x9279F4,sub_9279F4,,0x916844;0x912CB8;0x9120DC;0x910F40
FN_libManis_00927A58,0x927A58,sub_927A58,,0x915800;0x915800;0x927BD4;0x912358;0x910FEC;0x912424
FN_libManis_00927AF8,0x927AF8,sub_927AF8,,0x915800;0x915800;0x915738;0x915738;0x927CA8;0x912358;0x910FEC
FN_libManis_00927BD4,0x927BD4,sub_927BD4,0x927A58;0x928334,0x912D98;0x912930;0x9120DC;0x910F40;0x9126B8;0x912424;0x912424
FN_libManis_00927CA8,0x927CA8,sub_927CA8,0x927AF8;0x927EEC;0x927EEC;0x928038;0x928038;0x928184;0x928184,0x916024;0x916E18;0x9123AC;0x911DF8;0x916E18;0x910FEC;0x910F40;0x912530;0x910FEC;0x910F40
FN_libManis_00927E6C,0x927E6C,sub_927E6C,,0x915800;0x912930;0x912930;0x912530
FN_libManis_00927EEC,0x927EEC,sub_927EEC,,0x915800;0x912930;0x911DF8;0x927CA8;0x9161C4;0x911DF8;0x911DF8;0x914F24;0x927CA8;0x912424
FN_libManis_00928038,0x928038,sub_928038,,0x915800;0x912930;0x911DF8;0x927CA8;0x928334;0x911DF8;0x911DF8;0x914F24;0x927CA8;0x912424
FN_libManis_00928184,0x928184,sub_928184,,0x915800;0x9123AC;0x911DF8;0x912930;0x911DF8;0x927CA8;0x928334;0x912530;0x914F24;0x927CA8
FN_libManis_00928334,0x928334,sub_928334,0x928038;0x928184,0x916E18;0x9123AC;0x912530;0x927BD4;0x912530
FN_libManis_009283FC,0x9283FC,sub_9283FC,,0x915800;0x910F40;0x912930;0x912930;0x911D3C;0x910F40;0x916024;0x912930;0x914F24;0x912CB8
FN_libManis_00928684,0x928684,sub_928684,0x92C460;0x92C460,
FN_libManis_009286F8,0x9286F8,sub_9286F8,0x938324;0x938324,
FN_libManis_00928718,0x928718,sub_928718,0x933088;0x9335D8;0x9335D8,
FN_libManis_00928768,0x928768,sub_928768,0x91A1A4,0x936E20;0x936E20;0x928A6C;0x936D34;0x936D34;0x936D34;0x936D34;0x935658
FN_libManis_00928A6C,0x928A6C,sub_928A6C,0x928768,
FN_libManis_00928B60,0x928B60,sub_928B60,0x924408,
FN_libManis_00928B88,0x928B88,sub_928B88,0x911ADC;0x9262D4;0x936D34;0x936E20;0x936E20;0x938324;0x938324;0x938324;0x938324;0x938324,
FN_libManis_00928E40,0x928E40,sub_928E40,0x924408,
FN_libManis_00928EB4,0x928EB4,sub_928EB4,0x911DF8;0x929048;0x937C64;0x937C64;0x937C64,0x928FA4;0x928FA4;0x92EB50
FN_libManis_00928FA4,0x928FA4,sub_928FA4,0x928EB4;0x928EB4;0x929048,
FN_libManis_00929048,0x929048,sub_929048,0x9124B4;0x912530;0x91D03C;0x929514,0x91E050;0x928EB4;0x92EB50;0x91E050;0x928FA4;0x929514;0x92EB50;0x92EB50;0x91E050;0x91DD54
FN_libManis_00929514,0x929514,sub_929514,0x91D03C;0x91D15C;0x91D478;0x91F318;0x91F318;0x921080;0x924154;0x924154;0x924154;0x925D6C,0x929048
FN_libManis_009295A8,0x9295A8,sub_9295A8,0x91CAC0;0x91D03C;0x91D478,
FN_libManis_00929710,0x929710,sub_929710,,0x9170B8;0x912EB0;0x916B28
FN_libManis_00929768,0x929768,sub_929768,,0x91236C
FN_libManis_009297A4,0x9297A4,sub_9297A4,,0x915738;0x9113B8;0x915A3C;0x916024;0x915BB8;0x912530;0x914E04;0x915BB8;0x915E78;0x914F24
FN_libManis_00929A70,0x929A70,sub_929A70,,0x915A3C;0x915A3C;0x91236C
FN_libManis_00929ABC,0x929ABC,sub_929ABC,,0x915738;0x9126B8
FN_libManis_00929B10,0x929B10,sub_929B10,,0x9113B8;0x911D3C;0x911D3C;0x915AE8;0x911D3C;0x92E82C
FN_libManis_00929BA0,0x929BA0,sub_929BA0,,0x915800;0x912424
FN_libManis_00929BDC,0x929BDC,sub_929BDC,,0x915800
FN_libManis_00929C20,0x929C20,sub_929C20,,0x915800;0x915800
FN_libManis_00929C7C,0x929C7C,sub_929C7C,,0x915738;0x915630;0x912424
FN_libManis_00929CEC,0x929CEC,sub_929CEC,,0x9113B8;0x915864;0x910F40;0x912930;0x911C28;0x914F24;0x910F40;0x912930;0x911C28;0x914F24
FN_libManis_00929FF0,0x929FF0,sub_929FF0,,0x912424;0x914F24
FN_libManis_0092A080,0x92A080,sub_92A080,0x9297A4;0x929CEC,0x91238C;0x9133B4;0x91238C;0x9133B4;0x91238C;0x9133B4;0x91238C;0x9133B4;0x91238C;0x9133B4
FN_libManis_0092A1D8,0x92A1D8,sub_92A1D8,0x929CEC;0x929CEC;0x929CEC,0x912930;0x911C28;0x914F24;0x910F40
FN_libManis_0092A2D4,0x92A2D4,sub_92A2D4,0x91F318,0x91FD6C;0x91E050;0x933530;0x91E050;0x91FF88;0x92EDA8;0x924330;0x92A4FC;0x9243B0;0x92A820
FN_libManis_0092A4FC,0x92A4FC,sub_92A4FC,0x92A2D4;0x92D650,0x927480;0x9200D0;0x92A7A4
FN_libManis_0092A648,0x92A648,sub_92A648,0x92A2D4;0x92C768,0x91863C;0x92BC00;0x927588;0x927588;0x927588;0x927588;0x927588;0x927588
FN_libManis_0092A7A4,0x92A7A4,sub_92A7A4,0x92A4FC;0x92A820;0x92BF6C;0x92D090;0x92DDB0,0x929514;0x929514;0x924144
FN_libManis_0092A820,0x92A820,sub_92A820,0x92A2D4;0x92A2D4;0x92A820;0x92A820;0x92A820;0x92A820;0x92A820;0x92A820;0x92A820;0x92A820,0x9243B0;0x918654;0x9243B0;0x92A820;0x92A820;0x92BC00;0x9240F4;0x92A820;0x92A820;0x9243B0
FN_libManis_0092BA7C,0x92BA7C,sub_92BA7C,0x92A820;0x92A820,0x9243B0;0x9243B0;0x92EDA8;0x927480;0x9188C8;0x92D990
FN_libManis_0092BC00,0x92BC00,sub_92BC00,0x92A648;0x92A820;0x92A820;0x92A820;0x92A820;0x92A820;0x92A820;0x92A820;0x92A820;0x92D9C8,0x918574;0x9188C8;0x918664;0x92EDA8;0x927480;0x92D884;0x9188C8;0x9188C8;0x92D884;0x92D828
FN_libManis_0092BF6C,0x92BF6C,sub_92BF6C,0x92A820;0x92A820;0x92A820;0x92A820;0x92A820;0x92A820;0x92A820;0x92A820;0x92BF6C;0x92BF6C,0x92C460;0x9243B0;0x92C768;0x918B00;0x9184D0;0x9243B0;0x92BF6C;0x919E50;0x9243B0;0x92CC60
FN_libManis_0092C460,0x92C460,sub_92C460,0x92BF6C;0x92D310,0x9184D0;0x918FC4;0x9243B0;0x9243B0;0x918FC4;0x91ABC0;0x925B14;0x92CF14;0x92BF6C;0x9243B0
FN_libManis_0092C768,0x92C768,sub_92C768,0x92A820;0x92A820;0x92BF6C,0x927480;0x91FF88;0x9200D0;0x9243B0;0x924288;0x92D090;0x9243B0;0x92D090;0x9243B0;0x9243B0
FN_libManis_0092CC60,0x92CC60,sub_92CC60,0x92A820;0x92BF6C;0x92DDB0,0x9243B0;0x92BF6C;0x9243B0;0x918E78;0x92D560;0x92D240;0x9243B0;0x9243B0;0x918B00;0x91977C
FN_libManis_0092CF14,0x92CF14,sub_92CF14,0x92C460,0x9243B0;0x918B00;0x9243B0;0x92BF6C;0x9194E4;0x9243B0;0x9243B0;0x9194F8;0x92BF6C;0x9194F8
FN_libManis_0092D090,0x92D090,sub_92D090,0x92A820;0x92A820;0x92A820;0x92A820;0x92A820;0x92A820;0x92A820;0x92A820;0x92A820;0x92A820,0x927480;0x9200D0;0x927480;0x92A7A4
FN_libManis_0092D218,0x92D218,sub_92D218,0x92D884,
FN_libManis_0092D240,0x92D240,sub_92D240,0x92A820;0x92A820;0x92CC60,0x9194C4;0x9243B0;0x9243B0;0x918B00;0x919E04;0x92D990
FN_libManis_0092D310,0x92D310,sub_92D310,0x92CC60,0x9243B0;0x92BF6C;0x9243B0;0x918FC4;0x92C460;0x918B00;0x9243B0;0x918D68;0x9243B0;0x918FC4
FN_libManis_0092D560,0x92D560,sub_92D560,0x92A820;0x92CC60,0x9243B0;0x92D650;0x92D650;0x918B00;0x919E04;0x92D990
FN_libManis_0092D650,0x92D650,sub_92D650,0x92D560;0x92D560;0x92D650,0x92D650;0x92A4FC
FN_libManis_0092D7B0,0x92D7B0,sub_92D7B0,0x92A820;0x92A820,0x92BF6C;0x9243B0;0x918FC4;0x92BF6C
FN_libManis_0092D828,0x92D828,sub_92D828,0x92BC00,0x929514;0x92D980
FN_libManis_0092D884,0x92D884,sub_92D884,0x92A820;0x92BC00;0x92BC00,0x918700;0x92D218;0x929514;0x92D980
FN_libManis_0092D980,0x92D980,sub_92D980,0x92A820;0x92D828;0x92D884,0x924144
FN_libManis_0092D990,0x92D990,sub_92D990,0x92A2D4;0x92A820;0x92A820;0x92A820;0x92A820;0x92A820;0x92A820;0x92A820;0x92A820;0x92A820,0x9240F4;0x929514;0x924144
FN_libManis_0092D9C8,0x92D9C8,sub_92D9C8,0x92A820;0x92A820,0x9243B0;0x918630;0x918574;0x918ABC;0x92A820;0x92A820;0x92BC00;0x92BC00;0x918664;0x9184D0
FN_libManis_0092DCE4,0x92DCE4,sub_92DCE4,0x92A820;0x92A820;0x92DDB0,0x918D68;0x918ABC;0x918FC4;0x918ABC;0x918438
FN_libManis_0092DDB0,0x92DDB0,sub_92DDB0,0x92A820;0x92DDB0,0x9243B0;0x92CC60;0x9243B0;0x92BF6C;0x9243B0;0x918FC4;0x92BF6C;0x918E14;0x92DCE4;0x9184D0
FN_libManis_0092E044,0x92E044,sub_92E044,0x913F38;0x913F38;0x913F38;0x920DA8,
FN_libManis_0092E068,0x92E068,sub_92E068,0x91E41C;0x91E41C,0x927588
FN_libManis_0092E0AC,0x92E0AC,sub_92E0AC,0x91DEF8,0x927588
FN_libManis_0092E100,0x92E100,sub_92E100,0x91DEF8,0x927588
FN_libManis_0092E170,0x92E170,sub_92E170,0x91AF04;0x91B190,0x920DA8;0x927588;0x927588
FN_libManis_0092E344,0x92E344,sub_92E344,0x9204EC,0x91FF00;0x927588;0x927588
FN_libManis_0092E3EC,0x92E3EC,sub_92E3EC,0x917004,0x92E884;0x91DB84;0x92E764;0x927588;0x933530;0x933088;0x9333DC;0x933530;0x9333DC;0x92EA84
FN_libManis_0092E764,0x92E764,sub_92E764,0x92E3EC,0x91FF00;0x92042C;0x927588;0x927588;0x927588
FN_libManis_0092E82C,0x92E82C,sub_92E82C,0x8FABAC;0x8FACA0;0x929B10,
FN_libManis_0092E884,0x92E884,sub_92E884,0x92E3EC,
FN_libManis_0092E8C4,0x92E8C4,sub_92E8C4,0x933AEC,
FN_libManis_0092E928,0x92E928,sub_92E928,0x9206DC;0x92EA84;0x92EB50,0x927588;0x927588
FN_libManis_0092EA34,0x92EA34,sub_92EA34,0x9206DC,
FN_libManis_0092EA84,0x92EA84,sub_92EA84,0x92E3EC,0x92E928;0x92EB50;0x9202B0
FN_libManis_0092EB50,0x92EB50,sub_92EB50,0x9123AC;0x914218;0x91DA70;0x91EB04;0x91EB04;0x91F094;0x923D44;0x924288;0x924330;0x924408,0x92E928;0x9202D8;0x9202D8;0x927624
FN_libManis_0092ED1C,0x92ED1C,sub_92ED1C,0x936208;0x937C64,0x9202D8
FN_libManis_0092ED60,0x92ED60,sub_92ED60,0x9204EC,
FN_libManis_0092EDA8,0x92EDA8,sub_92EDA8,0x9123AC;0x912424;0x91272C;0x912930;0x913168;0x91EB04;0x923D44;0x923D44;0x923D44;0x923D44,0x92EB50
FN_libManis_0092EE74,0x92EE74,sub_92EE74,0x9143A4,0x9202D8;0x927624
FN_libManis_0092EECC,0x92EECC,sub_92EECC,,0x9170B8;0x912EB0;0x916B28;0x912EB0;0x912424;0x9112D8;0x913924;0x910F40;0x9112D8;0x9133B4
FN_libManis_0092EF94,0x92EF94,sub_92EF94,,0x915800;0x915AE8;0x915AE8;0x914F24;0x914DA4;0x91238C
FN_libManis_0092F0EC,0x92F0EC,sub_92F0EC,,0x910F24;0x916040;0x915A3C;0x914E04;0x915F34
FN_libManis_0092F1E8,0x92F1E8,sub_92F1E8,,0x911D3C;0x915864;0x910F40;0x916024;0x913F00;0x914F24;0x915E78
FN_libManis_0092F2C0,0x92F2C0,sub_92F2C0,,0x910F24;0x915800;0x916024;0x915BB8;0x915BB8;0x914E04;0x914F24;0x914F24;0x915A3C;0x932364
FN_libManis_0092F9C0,0x92F9C0,sub_92F9C0,,0x915800;0x915800;0x910F40;0x9143A4;0x9125F0
FN_libManis_0092FA84,0x92FA84,sub_92FA84,,0x915800;0x915800;0x9113B8;0x915AE8;0x914E04;0x916024;0x93157C;0x9112D8;0x914DA4;0x932290
FN_libManis_0092FF8C,0x92FF8C,sub_92FF8C,,0x915800;0x91238C
FN_libManis_0092FFEC,0x92FFEC,sub_92FFEC,,0x915800;0x916040;0x915F34;0x915F34
FN_libManis_009300C4,0x9300C4,sub_9300C4,,0x915800;0x915A3C;0x915738;0x914F24;0x912424;0x916040;0x915F34
FN_libManis_00930240,0x930240,sub_930240,,0x915800;0x916040;0x915F34
FN_libManis_009302EC,0x9302EC,sub_9302EC,,0x915800;0x915A3C;0x915AE8;0x912424;0x9123AC
FN_libManis_009303F0,0x9303F0,sub_9303F0,,0x915800;0x916040;0x915F34;0x915F34
FN_libManis_009304C0,0x9304C0,sub_9304C0,,0x915800;0x912358;0x916024;0x932600;0x915BB8;0x915800;0x914E04;0x915DCC;0x915BB8;0x915800
FN_libManis_00930A74,0x930A74,sub_930A74,,0x915800;0x932600;0x914E04;0x914E04;0x91238C
FN_libManis_00930B9C,0x930B9C,sub_930B9C,,0x915800;0x915800;0x915AE8;0x914E04;0x932C30;0x91238C;0x932600;0x914E04;0x914DA4;0x9123AC
FN_libManis_00931138,0x931138,sub_931138,,0x915DCC
FN_libManis_00931154,0x931154,sub_931154,,0x915800;0x915800;0x915AE8;0x911D3C;0x93157C;0x91238C;0x91238C;0x914DA4;0x932290;0x93157C
FN_libManis_0093157C,0x93157C,sub_93157C,0x92FA84;0x931154;0x931154;0x931154;0x931154;0x93157C;0x93157C;0x93157C;0x93157C;0x93157C,0x914F24;0x914F24;0x914F24;0x914F24;0x93207C;0x93207C;0x914F24;0x93207C;0x93207C;0x93157C
FN_libManis_0093207C,0x93207C,sub_93207C,0x93157C;0x93157C;0x93157C;0x93157C;0x93157C;0x93157C;0x93157C;0x93157C,
FN_libManis_00932290,0x932290,sub_932290,0x92FA84;0x92FA84;0x931154;0x931154;0x931154;0x931154,0x914F24
FN_libManis_00932364,0x932364,sub_932364,0x92F2C0;0x92F2C0;0x92F2C0;0x92F2C0;0x92F2C0;0x92F2C0;0x92F2C0;0x92F2C0,
FN_libManis_00932408,0x932408,sub_932408,,0x9120DC;0x93157C;0x914DA4;0x91238C;0x914F24;0x914F24;0x9123AC;0x91238C;0x9123AC;0x914F24
FN_libManis_00932600,0x932600,sub_932600,0x9304C0;0x930A74;0x930B9C,0x932720;0x932720;0x914E04;0x914E04
FN_libManis_00932720,0x932720,sub_932720,0x932600;0x932600,0x914F24;0x914F24;0x914F24;0x914F24;0x914F24;0x914F24
FN_libManis_00932C30,0x932C30,sub_932C30,0x930B9C,0x914F24;0x914F24
FN_libManis_00932EB0,0x932EB0,sub_932EB0,0x91413C,0x933AEC;0x937944;0x937944;0x91D03C
FN_libManis_00933088,0x933088,sub_933088,0x912EB0;0x92E3EC;0x9335D8;0x938324,0x928718;0x927588;0x927588;0x9335D8;0x927588;0x933E3C;0x9335D8;0x927588;0x91D03C
FN_libManis_009333DC,0x9333DC,sub_9333DC,0x9136E0;0x91CAC0;0x92E3EC;0x92E3EC;0x938324,0x9335D8
FN_libManis_009334AC,0x9334AC,sub_9334AC,0x9135CC;0x9137E0;0x918B5C;0x924288;0x924408;0x924408;0x925D6C,0x933E3C
FN_libManis_00933510,0x933510,sub_933510,0x938324,
FN_libManis_00933530,0x933530,sub_933530,0x912EB0;0x91CAC0;0x92A2D4;0x92E3EC;0x92E3EC;0x938324,0x9202D8
FN_libManis_00933568,0x933568,sub_933568,0x9204EC,0x927588;0x927588
FN_libManis_009335D8,0x9335D8,sub_9335D8,0x933088;0x933088;0x9333DC;0x9335D8;0x93713C,0x91D03C;0x936E20;0x933AEC;0x933AEC;0x920264;0x928718;0x928718;0x933088;0x933E3C;0x9335D8
FN_libManis_00933AEC,0x933AEC,sub_933AEC,0x932EB0;0x9335D8;0x9335D8;0x933D44;0x933E3C,0x92E8C4
FN_libManis_00933C78,0x933C78,sub_933C78,0x91272C;0x912A90;0x912CB8;0x91312C;0x91344C;0x913E08,
FN_libManis_00933CE8,0x933CE8,sub_933CE8,0x935270;0x935334;0x9354B4;0x9354B4,
FN_libManis_00933D44,0x933D44,sub_933D44,0x91272C;0x912930;0x913168;0x938324,0x933AEC;0x937944
FN_libManis_00933E3C,0x933E3C,sub_933E3C,0x91280C;0x912BE4;0x912D98;0x913258;0x933088;0x9334AC;0x9335D8;0x936FF0;0x93713C;0x938324,0x936E20;0x933AEC;0x937944
FN_libManis_00934050,0x934050,sub_934050,0x912054;0x937F7C,
FN_libManis_009342A4,0x9342A4,sub_9342A4,,0x9170B8;0x912EB0;0x916B28
FN_libManis_009342FC,0x9342FC,sub_9342FC,,0x934B64;0x916844;0x915738;0x915AE8;0x915AE8;0x916024;0x915F44;0x915DCC;0x912A90;0x911744
FN_libManis_009344BC,0x9344BC,sub_9344BC,,0x934B64;0x916844;0x910F24;0x915A3C;0x914E04;0x912A90;0x91344C;0x91344C
FN_libManis_009345B8,0x9345B8,sub_9345B8,,0x910F24;0x912EB0;0x910FEC;0x91344C;0x91238C;0x9133B4
FN_libManis_0093464C,0x93464C,sub_93464C,,0x915AE8;0x9113B8;0x915A3C;0x916844;0x910D68;0x912A90;0x912A90
FN_libManis_0093474C,0x93474C,sub_93474C,,0x934B64;0x916844;0x915AE8;0x914E04;0x912A90;0x912A90;0x91344C;0x912358;0x91344C
FN_libManis_00934838,0x934838,sub_934838,,0x915A3C;0x915A3C;0x915A3C;0x9113B8;0x9113B8;0x9113B8;0x912F54;0x912424;0x912BE4;0x910F40
FN_libManis_00934ABC,0x934ABC,sub_934ABC,,0x934B64;0x916844;0x914E04;0x9113B8;0x915864;0x910F40;0x934C7C
FN_libManis_00934B64,0x934B64,sub_934B64,0x9342FC;0x9344BC;0x93474C;0x934ABC,0x9113B8;0x912F54;0x912424;0x912BE4;0x912424;0x912BE4;0x912424;0x912BE4
FN_libManis_00934C7C,0x934C7C,sub_934C7C,0x934ABC;0x934C7C;0x934C7C,0x912A90;0x912A90;0x93514C;0x91344C;0x91344C;0x910F40;0x912A90;0x912A90;0x93514C;0x91344C
FN_libManis_0093514C,0x93514C,sub_93514C,0x934C7C;0x934C7C;0x934C7C,0x9113B8;0x9112D8;0x9112D8;0x9112D8;0x913B8C;0x911D3C;0x910F40
FN_libManis_00935200,0x935200,sub_935200,0x92E3EC,0x92EDA8;0x9202B0
FN_libManis_00935270,0x935270,sub_935270,0x920358;0x921248;0x936FF0;0x93713C;0x937944;0x937944;0x937944;0x937F7C,0x933CE8
FN_libManis_009352C4,0x9352C4,sub_9352C4,0x91E41C;0x921080;0x936FF0;0x93713C;0x937F7C,
FN_libManis_00935334,0x935334,sub_935334,0x91CFF0;0x91D40C;0x91D40C,0x92EDA8;0x933CE8
FN_libManis_009353E0,0x9353E0,sub_9353E0,0x937944,0x91EA6C;0x91E9D4
FN_libManis_009354B4,0x9354B4,sub_9354B4,0x935658;0x9357BC,0x933CE8;0x933CE8;0x91EA6C;0x91E9D4
FN_libManis_00935658,0x935658,sub_935658,0x928768;0x937C64;0x938324;0x938324,0x9354B4;0x91D2CC;0x936D34;0x936D34;0x91D2F4;0x91D37C;0x91D2F4
FN_libManis_009357BC,0x9357BC,sub_9357BC,0x93734C;0x937610;0x937610,0x9354B4
FN_libManis_00935828,0x935828,sub_935828,0x91F318,0x93A7E4;0x93A7E4;0x93A7E4;0x93A7E4;0x93A7E4;0x93A7E4;0x93A7E4;0x93A7E4;0x93A7E4;0x93A7E4
FN_libManis_00935BFC,0x935BFC,sub_935BFC,0x935828;0x935BFC,0x936208;0x93A7E4;0x93A7E4;0x93A7E4;0x93A7E4;0x93A7E4;0x93A7E4;0x927588;0x93A7E4;0x93A7E4
FN_libManis_009361D4,0x9361D4,sub_9361D4,0x935828;0x935828;0x935828;0x935828;0x935828;0x935828;0x935828;0x935828;0x935BFC;0x936208,0x929514;0x91DA70
FN_libManis_00936208,0x936208,sub_936208,0x935BFC;0x935BFC;0x935BFC;0x935BFC,0x93A7E4;0x93A7E4;0x92EB50;0x93A7E4;0x92ED1C;0x93A7E4;0x9361D4
FN_libManis_00936324,0x936324,sub_936324,,0x9170B8;0x912EB0;0x916B28;0x9123AC;0x9133B4
FN_libManis_009363A4,0x9363A4,sub_9363A4,,0x915800;0x915A3C;0x915AE8;0x914F24;0x914E04;0x912358;0x91238C
FN_libManis_009365AC,0x9365AC,sub_9365AC,,0x915800;0x915AE8;0x915AE8;0x914E04;0x914E04;0x914F24;0x914DA4;0x91238C
FN_libManis_009367E0,0x9367E0,sub_9367E0,,0x910F24;0x915A3C;0x914E04;0x912530;0x916024;0x912530;0x915F44;0x915A3C;0x914E04;0x915E78
FN_libManis_00936920,0x936920,sub_936920,,0x915800;0x915AE8;0x915AE8;0x914E04;0x914E04;0x91238C;0x912358;0x91238C
FN_libManis_00936B34,0x936B34,sub_936B34,,0x915800;0x9125F0;0x9112D8;0x91238C;0x915800;0x911C28;0x91238C;0x91238C;0x914F24
FN_libManis_00936D34,0x936D34,sub_936D34,0x911654;0x911B18;0x91D2F4;0x928768;0x928768;0x928768;0x928768;0x935658;0x935658,0x928B88
FN_libManis_00936E20,0x936E20,sub_936E20,0x911C28;0x91A1A4;0x91A1A4;0x91D37C;0x928768;0x928768;0x9335D8;0x933E3C;0x937944;0x937944,0x928B88;0x928B88
FN_libManis_00936FF0,0x936FF0,sub_936FF0,0x91272C;0x91280C;0x912930;0x912A90;0x938324,0x935270;0x9352C4;0x933E3C;0x91D03C;0x91CFF0
FN_libManis_0093713C,0x93713C,sub_93713C,0x913168;0x913258;0x91344C;0x938324,0x935270;0x9352C4;0x933E3C;0x920264;0x9335D8;0x91D03C;0x91CFF0
FN_libManis_0093734C,0x93734C,sub_93734C,0x938324,0x9357BC;0x91D40C
FN_libManis_00937610,0x937610,sub_937610,0x938324,0x9357BC;0x9357BC;0x91D40C
FN_libManis_00937944,0x937944,sub_937944,0x918B5C;0x932EB0;0x932EB0;0x933D44;0x933E3C;0x938324,0x936E20;0x936E20;0x935270;0x935270;0x935270;0x9353E0
FN_libManis_00937C64,0x937C64,sub_937C64,0x914218;0x929048;0x938154;0x938324,0x928EB4;0x935658;0x928EB4;0x92ED1C;0x92EB50;0x928EB4;0x91D03C
FN_libManis_00937F7C,0x937F7C,sub_937F7C,0x9142C0;0x938324,0x935270;0x934050;0x9352C4;0x91CFF0
FN_libManis_009380D0,0x9380D0,sub_9380D0,,0x91D03C
FN_libManis_009380F4,0x9380F4,sub_9380F4,,0x91D03C
FN_libManis_00938154,0x938154,sub_938154,0x91EEC0,0x937C64
FN_libManis_00938324,0x938324,sub_938324,0x91E9D4;0x91EA6C;0x91EB04;0x91EB04;0x91EEC0,0x91D560;0x91E41C;0x91E41C;0x933510;0x9333DC;0x920264;0x937610;0x91FF00;0x91FD6C;0x91FE44
FN_libManis_0093A75C,0x93A75C,sub_93A75C,0x91F318;0x924408;0x924408;0x924408;0x924408;0x924408;0x924408;0x924408;0x924408;0x924408,
FN_libManis_0093A7D4,0x93A7D4,sub_93A7D4,0x913E08,
FN_libManis_0093A7E4,0x93A7E4,sub_93A7E4,0x935828;0x935828;0x935828;0x935828;0x935828;0x935828;0x935828;0x935828;0x935828;0x935828,
FN_libManis_0093A8B0,0x93A8B0,sub_93A8B0,0x362598,0x94FA58;0x94FA58
FN_libManis_0093AB64,0x93AB64,sub_93AB64,0x36286C,0x94FA58;0x94FA58;0x93B238
FN_libManis_0093AC08,0x93AC08,sub_93AC08,0x362F08,0x94FA58
FN_libManis_0093AEA4,0x93AEA4,sub_93AEA4,0x362B40,0x94F7EC;0x94FA58
FN_libManis_0093B170,0x93B170,sub_93B170,0x362D1C,0x94F7EC;0x94FA58;0x93B238
FN_libManis_0093B238,0x93B238,sub_93B238,0x93AB64;0x93B170,
FN_libManis_0093B264,0x93B264,sub_93B264,,0x3734B4
FN_libManis_0093B334,0x93B334,sub_93B334,,0x93DAEC
FN_libManis_0093B370,0x93B370,sub_93B370,,0x93B5A4;0x93B530;0x93B530;0x3734B4
FN_libManis_0093B4B0,0x93B4B0,sub_93B4B0,0x945940,0x358C58
FN_libManis_0093B530,0x93B530,sub_93B530,0x93B370;0x93B370;0x9459D4,
FN_libManis_0093B5A4,0x93B5A4,sub_93B5A4,0x93B370;0x945B90,
FN_libManis_0093B618,0x93B618,sub_93B618,,0x33E200
FN_libManis_0093B7A0,0x93B7A0,sub_93B7A0,,0x9553E0
FN_libManis_0093B7D0,0x93B7D0,sub_93B7D0,,0x9553E0
FN_libManis_0093B800,0x93B800,sub_93B800,0x93BC0C;0x93C144,
FN_libManis_0093BAD4,0x93BAD4,sub_93BAD4,0x93BC0C,
FN_libManis_0093BC0C,0x93BC0C,sub_93BC0C,0x93BC0C;0x93C144,0x93BC0C;0x93B800;0x93BAD4
FN_libManis_0093C144,0x93C144,sub_93C144,,0x93C4A0;0x93BC0C;0x93B800
FN_libManis_0093C4A0,0x93C4A0,sub_93C4A0,0x93C144,0x957098
FN_libManis_0093C678,0x93C678,sub_93C678,0x93CC38;0x93CC38,
FN_libManis_0093CC38,0x93CC38,sub_93CC38,,0x93C678;0x93C678
FN_libManis_0093CED0,0x93CED0,sub_93CED0,0x93D530;0x93D5B4;0x93D91C,
FN_libManis_0093D20C,0x93D20C,sub_93D20C,0x93D530;0x93D5B4,
FN_libManis_0093D530,0x93D530,sub_93D530,,0x93CED0;0x93D20C
FN_libManis_0093D5B4,0x93D5B4,sub_93D5B4,,0x93CED0;0x93D20C
FN_libManis_0093D91C,0x93D91C,sub_93D91C,,0x93CED0
FN_libManis_0093DAEC,0x93DAEC,sub_93DAEC,0x93B334,
FN_libManis_0093ECB8,0x93ECB8,sub_93ECB8,0x946FDC;0x94DDE0;0x94E358;0x94E358,
FN_libManis_0093ED54,0x93ED54,sub_93ED54,0x94DDE0,
FN_libManis_0093ED98,0x93ED98,sub_93ED98,0x946FDC,
FN_libManis_0093EDA0,0x93EDA0,sub_93EDA0,0x94EC88,
FN_libManis_0093EDA8,0x93EDA8,sub_93EDA8,0x94DDE0,
FN_libManis_0093EDB0,0x93EDB0,sub_93EDB0,0x946FDC,0x93EEA0
FN_libManis_0093EE28,0x93EE28,sub_93EE28,0x363F58,0x93EF60
FN_libManis_0093EEA0,0x93EEA0,sub_93EEA0,0x93EDB0,
FN_libManis_0093EF60,0x93EF60,sub_93EF60,0x93EE28,
FN_libManis_0093F53C,0x93F53C,sub_93F53C,0x362270,
FN_libManis_0093F59C,0x93F59C,sub_93F59C,0x362270,0x942CA8;0x957840;0x942ACC;0x957870;0x946FDC;0x957870
FN_libManis_0093F924,0x93F924,sub_93F924,0x362270,
FN_libManis_0093F930,0x93F930,sub_93F930,0x362270,
FN_libManis_0093F93C,0x93F93C,sub_93F93C,0x362270,0x947EE4;0x957870;0x957870
FN_libManis_0093FC34,0x93FC34,sub_93FC34,0x362270,
FN_libManis_0093FC40,0x93FC40,sub_93FC40,0x362270,
FN_libManis_0093FC4C,0x93FC4C,sub_93FC4C,0x362270,0x957840;0x942E68;0x942E68;0x957870;0x957870;0x94FFD8
FN_libManis_009407EC,0x9407EC,sub_9407EC,0x362270,0x942648;0x9426B4;0x94FBF4;0x942648;0x9426B4;0x94FBF4;0x942720;0x950B84;0x942828;0x9505B0
FN_libManis_00942648,0x942648,sub_942648,0x9407EC;0x9407EC,0x942C34
FN_libManis_009426B4,0x9426B4,sub_9426B4,0x9407EC;0x9407EC;0x94A754,0x39B2F4
FN_libManis_00942720,0x942720,sub_942720,0x9407EC,0x39B2F4
FN_libManis_00942828,0x942828,sub_942828,0x9407EC,0x957870
FN_libManis_0094287C,0x94287C,sub_94287C,0x9407EC;0x94C3DC;0x94C3DC;0x94C3DC;0x94C3DC,0x957870
FN_libManis_00942918,0x942918,sub_942918,,0x957870;0x957870;0x957870
FN_libManis_00942A78,0x942A78,sub_942A78,,0x957870
FN_libManis_00942ACC,0x942ACC,sub_942ACC,0x93F59C;0x94A754,0x957840;0x957870;0x942C20;0x334CEC
FN_libManis_00942C20,0x942C20,sub_942C20,0x942ACC,0x334CD4
FN_libManis_00942C34,0x942C34,sub_942C34,0x942648,0x334CD4
FN_libManis_00942CA8,0x942CA8,sub_942CA8,0x93F59C;0x94A754,0x35DA20
FN_libManis_00942DDC,0x942DDC,sub_942DDC,0x944B64;0x945D4C;0x9460C8,0x35DA20
FN_libManis_00942E68,0x942E68,sub_942E68,0x93FC4C;0x93FC4C;0x9407EC;0x9407EC;0x9407EC;0x945E88;0x945FA8,
FN_libManis_00942E7C,0x942E7C,sub_942E7C,,0x94F920;0x94F920
FN_libManis_00942F34,0x942F34,sub_942F34,,0x35DA78
FN_libManis_00943710,0x943710,sub_943710,,0x35DA78
FN_libManis_00943DEC,0x943DEC,sub_943DEC,,0x358C58;0x945450;0x945450;0x35DA20;0x35DA78
FN_libManis_009444A8,0x9444A8,sub_9444A8,,0x358C58;0x945450;0x945450;0x35DA20;0x35DA78
FN_libManis_00944B64,0x944B64,sub_944B64,,0x942DDC
FN_libManis_00944C08,0x944C08,sub_944C08,0x945140;0x945140;0x945140;0x945140,0x944D34;0x33E200
FN_libManis_00944D34,0x944D34,sub_944D34,0x944C08,
FN_libManis_00944EE4,0x944EE4,sub_944EE4,0x944EE8;0x944EE8,
FN_libManis_00944EE8,0x944EE8,sub_944EE8,,0x944EE4;0x944EE4
FN_libManis_00944FB0,0x944FB0,sub_944FB0,,0x35DA78
FN_libManis_009450A8,0x9450A8,sub_9450A8,,0x35DA78
FN_libManis_00945140,0x945140,sub_945140,,0x944C08;0x944C08;0x944C08;0x944C08
FN_libManis_00945364,0x945364,sub_945364,,0x358C58;0x3734B4
FN_libManis_00945450,0x945450,sub_945450,0x943DEC;0x943DEC;0x9444A8;0x9444A8;0x9459D4;0x9459D4;0x945B90;0x945B90,
FN_libManis_00945468,0x945468,sub_945468,0x945790;0x945790;0x945790;0x945790,0x945590;0x33E200;0x3734B4
FN_libManis_00945590,0x945590,sub_945590,0x945468,
FN_libManis_00945740,0x945740,sub_945740,0x945744;0x945744,
FN_libManis_00945744,0x945744,sub_945744,,0x945740;0x945740
FN_libManis_00945790,0x945790,sub_945790,,0x945468;0x945468;0x945468;0x945468
FN_libManis_00945940,0x945940,sub_945940,,0x93B4B0
FN_libManis_009459D4,0x9459D4,sub_9459D4,,0x945450;0x93B530;0x945450;0x35DA20
FN_libManis_00945B90,0x945B90,sub_945B90,,0x945450;0x93B5A4;0x945450;0x35DA20
FN_libManis_00945D4C,0x945D4C,sub_945D4C,,0x942DDC
FN_libManis_00945E88,0x945E88,sub_945E88,,0x942E68
FN_libManis_00945FA8,0x945FA8,sub_945FA8,,0x942E68
FN_libManis_009460C8,0x9460C8,sub_9460C8,,0x942DDC
FN_libManis_00946480,0x946480,sub_946480,,0x946824
FN_libManis_00946824,0x946824,sub_946824,0x946480;0x946824;0x946824;0x946824;0x946824;0x946824,0x946824;0x946824;0x946824;0x946824;0x946824
FN_libManis_00946FDC,0x946FDC,sub_946FDC,0x93F59C,0x93ECB8;0x957870;0x93EDB0;0x93ED98
FN_libManis_00947E44,0x947E44,sub_947E44,,0x957870
FN_libManis_00947EE4,0x947EE4,sub_947EE4,0x93F93C;0x949734,0x948364
FN_libManis_0094806C,0x94806C,sub_94806C,0x948454,
FN_libManis_00948364,0x948364,sub_948364,0x947EE4,0x94F7EC
FN_libManis_00948454,0x948454,sub_948454,,0x94806C
FN_libManis_00948714,0x948714,sub_948714,0x361728;0x361BB8,
FN_libManis_00948774,0x948774,sub_948774,0x361728;0x361BB8,
FN_libManis_00948780,0x948780,sub_948780,0x361728;0x361BB8,
FN_libManis_0094878C,0x94878C,sub_94878C,0x94A754,0x94925C;0x94DDE0;0x957870;0x949734
FN_libManis_0094925C,0x94925C,sub_94925C,0x94878C;0x949FD8;0x94A754,0x94DD84;0x957870;0x94DDD4
FN_libManis_00949734,0x949734,sub_949734,0x94878C;0x949FD8,0x947EE4;0x957870;0x957870
FN_libManis_00949FD8,0x949FD8,sub_949FD8,0x361728;0x361BB8,0x94925C;0x94E08C;0x957870;0x949734
FN_libManis_0094A754,0x94A754,sub_94A754,0x361BB8,0x94925C;0x94E358;0x957870;0x94878C;0x942CA8;0x957870;0x957870;0x957840;0x942ACC;0x957870
FN_libManis_0094C3DC,0x94C3DC,sub_94C3DC,0x361BB8,0x94EC88;0x957870;0x94DA4C;0x94DA4C;0x950968;0x950520;0x94DAB4;0x94287C;0x950F18;0x94287C
FN_libManis_0094DA4C,0x94DA4C,sub_94DA4C,0x94C3DC;0x94C3DC,0x39B2F4
FN_libManis_0094DAB4,0x94DAB4,sub_94DAB4,0x94C3DC,0x957870
FN_libManis_0094DB60,0x94DB60,sub_94DB60,,0x957870
FN_libManis_0094DBF4,0x94DBF4,sub_94DBF4,,0x94DC48
FN_libManis_0094DC48,0x94DC48,sub_94DC48,0x94DBF4,0x957870;0x957870;0x957870
FN_libManis_0094DD84,0x94DD84,sub_94DD84,0x94925C,
FN_libManis_0094DDD4,0x94DDD4,sub_94DDD4,0x94925C,
FN_libManis_0094DDE0,0x94DDE0,sub_94DDE0,0x94878C,0x93ECB8;0x93EDA8;0x93ED54
FN_libManis_0094E08C,0x94E08C,sub_94E08C,0x949FD8,
FN_libManis_0094E358,0x94E358,sub_94E358,0x94A754,0x93ECB8;0x957870;0x93ECB8;0x957870
FN_libManis_0094EC88,0x94EC88,sub_94EC88,0x94C3DC,0x93EDA0
FN_libManis_0094F6CC,0x94F6CC,sub_94F6CC,,0x957870
FN_libManis_0094F720,0x94F720,sub_94F720,0x39C2D4,
FN_libManis_0094F73C,0x94F73C,sub_94F73C,0x94F7EC;0x94F920;0x94FA58;0x94FBF4;0x94FFD8;0x94FFD8;0x94FFD8;0x94FFD8;0x9505B0;0x950B84,
FN_libManis_0094F7EC,0x94F7EC,sub_94F7EC,0x93AEA4;0x93B170;0x948364,0x95108C;0x94F73C
FN_libManis_0094F920,0x94F920,sub_94F920,0x942E7C;0x942E7C,0x34EA04;0x94F73C
FN_libManis_0094FA58,0x94FA58,sub_94FA58,0x93A8B0;0x93A8B0;0x93AB64;0x93AB64;0x93AC08;0x93AEA4;0x93B170,0x95108C;0x94F73C
FN_libManis_0094FBF4,0x94FBF4,sub_94FBF4,0x9407EC;0x9407EC,0x9513E0;0x9513CC;0x334CEC;0x94F73C
FN_libManis_0094FF84,0x94FF84,sub_94FF84,0x94A754,
FN_libManis_0094FFD8,0x94FFD8,sub_94FFD8,0x93FC4C,0x95108C;0x34EA04;0x94F73C;0x95108C;0x94F73C;0x95108C;0x94F73C;0x94F73C
FN_libManis_00950520,0x950520,sub_950520,0x94C3DC,
FN_libManis_009505B0,0x9505B0,sub_9505B0,0x9407EC,0x33E200;0x34EA04;0x94F73C;0x951598;0x39B2F4;0x39B2F4
FN_libManis_00950968,0x950968,sub_950968,0x94C3DC,0x9515DC;0x39B2F4
FN_libManis_00950B84,0x950B84,sub_950B84,0x9407EC,0x952650;0x39B2F4;0x94F73C;0x39B2F4
FN_libManis_00950F18,0x950F18,sub_950F18,0x94C3DC,0x39B2F4
FN_libManis_0095108C,0x95108C,sub_95108C,0x94F7EC;0x94FA58;0x94FFD8;0x94FFD8;0x94FFD8,0x9511CC;0x9511CC
FN_libManis_009511CC,0x9511CC,sub_9511CC,0x95108C;0x95108C,
FN_libManis_009513CC,0x9513CC,sub_9513CC,0x94FBF4,0x334CD4
FN_libManis_009513E0,0x9513E0,sub_9513E0,0x94FBF4,0x363338;0x363338
FN_libManis_00951598,0x951598,sub_951598,0x9505B0;0x95159C;0x95159C,
FN_libManis_0095159C,0x95159C,sub_95159C,,0x951598;0x951598
FN_libManis_009515DC,0x9515DC,sub_9515DC,0x950968;0x9515DC,0x9522C8;0x9522C8;0x9515DC
FN_libManis_00952128,0x952128,sub_952128,0x9522C8,
FN_libManis_009522C8,0x9522C8,sub_9522C8,0x9515DC;0x9515DC,0x952128
FN_libManis_00952650,0x952650,sub_952650,0x950B84,
FN_libManis_00952880,0x952880,sub_952880,0x952AA4,
FN_libManis_00952AA4,0x952AA4,sub_952AA4,,0x952880
FN_libManis_009553E0,0x9553E0,sub_9553E0,0x93B7A0;0x93B7D0,
FN_libManis_00957098,0x957098,sub_957098,0x93C4A0,
FN_libManis_009570A0,0x9570A0,sub_9570A0,0x47EBD4;0x47EBD4;0x47EBD4;0x47EBD4;0x47EBD4;0x47EBD4;0x47EBD4;0x47EBD4;0x47EBD4;0x47EBD4,
FN_libManis_009570F8,0x9570F8,sub_9570F8,0x3FCCA8;0x3FCE44,
FN_libManis_00957150,0x957150,sub_957150,0x514A90;0x514BE4;0x514D04;0x514E0C,
FN_libManis_00957214,0x957214,sub_957214,0x9577C4,
FN_libManis_009577C4,0x9577C4,sub_9577C4,,0x957214
FN_libManis_00957840,0x957840,sub_957840,0x32F644;0x32F6E0;0x32F77C;0x334CEC;0x334CEC;0x334CEC;0x334CEC;0x35A068;0x35C1A8;0x36491C,
FN_libManis_00957870,0x957870,sub_957870,0x32F5A4;0x32F5F4;0x32F77C;0x334CEC;0x334CEC;0x334CEC;0x334CEC;0x334CEC;0x334CEC;0x338E9C,
